source_path,source_sha256,source_bytes,source_role,classification,destination_path,transformation,reason,consumers,validation
.github/PULL_REQUEST_TEMPLATE.md,87d8d296f48b0805f63ade9b27e4021a2937eb3af74eb60e19bbe9e869036f03,337,PROJECT_METADATA_OR_OTHER,RELEASE_ASSET_ONLY,,COPIED_BYTE_IDENTICAL,Preserved in the exact R5 archive; not required in the normal working tree,"[""R5 provenance/release assets""]",SOURCE_R5_MANIFEST_VERIFIED
.github/workflows/phase0-ci.yml,ff53573a00489404011d6e840ed0aa7042a7f53f421428a6aef8d78527c4b1b0,441,PROJECT_METADATA_OR_OTHER,RELEASE_ASSET_ONLY,,COPIED_BYTE_IDENTICAL,Preserved in the exact R5 archive; not required in the normal working tree,"[""R5 provenance/release assets""]",SOURCE_R5_MANIFEST_VERIFIED
.gitignore,9abb23423b9833d1e816244a017af8d89070a320a0c2d66ef668b2baa0221f27,242,PROJECT_METADATA_OR_OTHER,RELEASE_ASSET_ONLY,,COPIED_BYTE_IDENTICAL,Preserved in the exact R5 archive; not required in the normal working tree,"[""R5 provenance/release assets""]",SOURCE_R5_MANIFEST_VERIFIED
CITATION.cff,fe9ca50e7e56ab760d14c09d249d8779d0eb876d20e8dd420501d0f444b67fbc,271,PROJECT_METADATA_OR_OTHER,MAIN_TREE_DIRECT,CITATION.cff,REGENERATED_PRESENTATION_SURFACE,Required current reviewer-facing or runtime file,"[""main-tree reviewer/runtime""]",SOURCE_R5_MANIFEST_VERIFIED; DESTINATION_VERIFIED
CODEOWNERS,e906dd334d82f1572cc9ecec4579b82fd34c249364e99712c6288b6d4249e7c4,79,PROJECT_METADATA_OR_OTHER,MAIN_TREE_DIRECT,CODEOWNERS,REGENERATED_PRESENTATION_SURFACE,Required current reviewer-facing or runtime file,"[""main-tree reviewer/runtime""]",SOURCE_R5_MANIFEST_VERIFIED; DESTINATION_VERIFIED
CONTRIBUTING.md,d94ebe756fdfcbab0f2efc07a17a3c234904805e5fb711b345923fee870dc733,257,PROJECT_METADATA_OR_OTHER,MAIN_TREE_DIRECT,CONTRIBUTING.md,REGENERATED_PRESENTATION_SURFACE,Required current reviewer-facing or runtime file,"[""main-tree reviewer/runtime""]",SOURCE_R5_MANIFEST_VERIFIED; DESTINATION_VERIFIED
LICENSE_PENDING.md,98f7fee09f7ee7e1c339f692afd7ece9434e6b47a267da0d2e1eaa50085e6e83,264,PROJECT_METADATA_OR_OTHER,MAIN_TREE_DIRECT,LICENSE_PENDING.md,REGENERATED_PRESENTATION_SURFACE,Required current reviewer-facing or runtime file,"[""main-tree reviewer/runtime""]",SOURCE_R5_MANIFEST_VERIFIED; DESTINATION_VERIFIED
README.md,713c5a8cbd1195b17413127bb571830ef10074c87e9d0a3b124eece2f53d4c4c,4680,PROJECT_METADATA_OR_OTHER,RELEASE_ASSET_ONLY,,COPIED_BYTE_IDENTICAL,Preserved in the exact R5 archive; not required in the normal working tree,"[""R5 provenance/release assets""]",SOURCE_R5_MANIFEST_VERIFIED
SECURITY.md,367eff37e3028fad950c8fbb6fde5df7a32b2e935429711fc957fd994519fc67,247,PROJECT_METADATA_OR_OTHER,MAIN_TREE_DIRECT,SECURITY.md,REGENERATED_PRESENTATION_SURFACE,Required current reviewer-facing or runtime file,"[""main-tree reviewer/runtime""]",SOURCE_R5_MANIFEST_VERIFIED; DESTINATION_VERIFIED
artifacts/.gitkeep,e3b0c44298fc1c149afbf4c8996fb92427ae41e4649b934ca495991b7852b855,0,PROJECT_METADATA_OR_OTHER,RELEASE_ASSET_ONLY,,COPIED_BYTE_IDENTICAL,Preserved in the exact R5 archive; not required in the normal working tree,"[""R5 provenance/release assets""]",SOURCE_R5_MANIFEST_VERIFIED
catalogs/absolute_path_exception_ledger_R1.yaml,5b5acfc5e110cf7726c177938181efefc75de03628469c87033cce7d6310596d,649,CATALOG,RELEASE_ASSET_ONLY,,COPIED_BYTE_IDENTICAL,Preserved in the exact R5 archive; not required in the normal working tree,"[""R5 provenance/release assets""]",SOURCE_R5_MANIFEST_VERIFIED
catalogs/all_layer_artifact_family_matrix.yaml,2b02171ad2b810b20a98535ad20b6edbe681c1d7d12e32d4308d530658192591,2856,CATALOG,RELEASE_ASSET_ONLY,,COPIED_BYTE_IDENTICAL,Preserved in the exact R5 archive; not required in the normal working tree,"[""R5 provenance/release assets""]",SOURCE_R5_MANIFEST_VERIFIED
catalogs/all_phase_artifact_contract_matrix.yaml,4fe60e8efb079b872e093ca7a453b864a8041bce626c4307abacb69934f88202,4456,CATALOG,RELEASE_ASSET_ONLY,,COPIED_BYTE_IDENTICAL,Preserved in the exact R5 archive; not required in the normal working tree,"[""R5 provenance/release assets""]",SOURCE_R5_MANIFEST_VERIFIED
catalogs/authoritative_taxonomy_and_status_registry_R1.yaml,f6d7b3fd5479dcf8a6adfad71f51f8d381a983957021e704bc5fb8da89e13e5a,1303,CATALOG,RELEASE_ASSET_ONLY,,COPIED_BYTE_IDENTICAL,Preserved in the exact R5 archive; not required in the normal working tree,"[""R5 provenance/release assets""]",SOURCE_R5_MANIFEST_VERIFIED
catalogs/authority_requirement_inventory.csv,209938a1624ca827a5d249ef5882e9a0aeedba60c6e729b11dea665c486b620a,6239528,CATALOG,RELEASE_ASSET_ONLY,,COPIED_BYTE_IDENTICAL,Preserved in the exact R5 archive; not required in the normal working tree,"[""R5 provenance/release assets""]",SOURCE_R5_MANIFEST_VERIFIED
catalogs/authority_requirement_inventory_summary.json,09948db93f3fbcc9f3d406cd36b4af5f9ee1b0002e6f6f2be60daa7a64b717d7,699,CATALOG,RELEASE_ASSET_ONLY,,COPIED_BYTE_IDENTICAL,Preserved in the exact R5 archive; not required in the normal working tree,"[""R5 provenance/release assets""]",SOURCE_R5_MANIFEST_VERIFIED
catalogs/config_catalog.yaml,4b75d0e105859124196e4fe1a0acfe6424c2a06ac91bbdfcedc543ead80c10c7,1666,CATALOG,RELEASE_ASSET_ONLY,,COPIED_BYTE_IDENTICAL,Preserved in the exact R5 archive; not required in the normal working tree,"[""R5 provenance/release assets""]",SOURCE_R5_MANIFEST_VERIFIED
catalogs/consolidated_layers_0_to_10_foundation_matrix.csv,d875a868b33eb3d4398bc1e8e71be0ac1fd6d927d897f5d2cce6da2cb4a47077,12322,CATALOG,RELEASE_ASSET_ONLY,,COPIED_BYTE_IDENTICAL,Preserved in the exact R5 archive; not required in the normal working tree,"[""R5 provenance/release assets""]",SOURCE_R5_MANIFEST_VERIFIED
catalogs/consolidated_layers_0_to_10_foundation_matrix.yaml,600fe68f7a6396745932ac2bbce28f7b2769b1d13736039acab1e26a85fec71b,15395,CATALOG,RELEASE_ASSET_ONLY,,COPIED_BYTE_IDENTICAL,Preserved in the exact R5 archive; not required in the normal working tree,"[""R5 provenance/release assets""]",SOURCE_R5_MANIFEST_VERIFIED
catalogs/error_code_catalog.yaml,94af5d2fe840824a5a39ef3ff23ee1ef070c77e3e55e8d527aa916bd2f58a72f,12278,CATALOG,RELEASE_ASSET_ONLY,,COPIED_BYTE_IDENTICAL,Preserved in the exact R5 archive; not required in the normal working tree,"[""R5 provenance/release assets""]",SOURCE_R5_MANIFEST_VERIFIED
catalogs/external_primary_standards_ledger.yaml,d242ddf610afd4b07f6bf3076c9f4ef882c761d70ac068a4bdb5390d4299602d,509,CATALOG,RELEASE_ASSET_ONLY,,COPIED_BYTE_IDENTICAL,Preserved in the exact R5 archive; not required in the normal working tree,"[""R5 provenance/release assets""]",SOURCE_R5_MANIFEST_VERIFIED
catalogs/final_ablation_readiness_matrix.yaml,3950770e5a1f83ff14bb8635fe795905f4db5c3ab230e34efd7252dc4b654e73,15700,CATALOG,RELEASE_ASSET_ONLY,,COPIED_BYTE_IDENTICAL,Preserved in the exact R5 archive; not required in the normal working tree,"[""R5 provenance/release assets""]",SOURCE_R5_MANIFEST_VERIFIED
catalogs/final_all_layer_artifact_matrix.yaml,afe7d0fb5ee7099fa54c9e04fcc81bbd9d29c4f833482204f885f26e5cb8c70e,17765,CATALOG,RELEASE_ASSET_ONLY,,COPIED_BYTE_IDENTICAL,Preserved in the exact R5 archive; not required in the normal working tree,"[""R5 provenance/release assets""]",SOURCE_R5_MANIFEST_VERIFIED
catalogs/final_all_phase_artifact_contract_matrix.yaml,ceee226b0d30eab355fc87384ac1a980aa7d04337b66aa08ccc096bf4e28271d,24438,CATALOG,RELEASE_ASSET_ONLY,,COPIED_BYTE_IDENTICAL,Preserved in the exact R5 archive; not required in the normal working tree,"[""R5 provenance/release assets""]",SOURCE_R5_MANIFEST_VERIFIED
catalogs/final_config_catalog.yaml,5d52dc2690a0bab80a2fbd1b98714bd432f0cd3d227a8509a96341b08a1bb9a3,17893,CATALOG,RELEASE_ASSET_ONLY,,COPIED_BYTE_IDENTICAL,Preserved in the exact R5 archive; not required in the normal working tree,"[""R5 provenance/release assets""]",SOURCE_R5_MANIFEST_VERIFIED
catalogs/final_environment_catalog.yaml,f6e75e7c576b2d3efbafd14852a8d2eaf266db09935d934943a2fa51baf8fa68,809,CATALOG,RELEASE_ASSET_ONLY,,COPIED_BYTE_IDENTICAL,Preserved in the exact R5 archive; not required in the normal working tree,"[""R5 provenance/release assets""]",SOURCE_R5_MANIFEST_VERIFIED
catalogs/final_error_code_catalog.yaml,2a7d875cce76c2f97e154d43345c9c12ef83231712b58dc2fdaba0f1732af903,12370,CATALOG,RELEASE_ASSET_ONLY,,COPIED_BYTE_IDENTICAL,Preserved in the exact R5 archive; not required in the normal working tree,"[""R5 provenance/release assets""]",SOURCE_R5_MANIFEST_VERIFIED
catalogs/final_fixture_catalog.yaml,bdcbd8999aebb2317ccafa6eeaf31d2a2445426662d9a255fdf9664ad0864f32,7032,CATALOG,RELEASE_ASSET_ONLY,,COPIED_BYTE_IDENTICAL,Preserved in the exact R5 archive; not required in the normal working tree,"[""R5 provenance/release assets""]",SOURCE_R5_MANIFEST_VERIFIED
catalogs/final_module_interface_catalog.yaml,20c372b103566da587320f228fa3dbb6e30ad1e503152d1252e2f1c114334013,4208,CATALOG,RELEASE_ASSET_ONLY,,COPIED_BYTE_IDENTICAL,Preserved in the exact R5 archive; not required in the normal working tree,"[""R5 provenance/release assets""]",SOURCE_R5_MANIFEST_VERIFIED
catalogs/final_path_catalog.yaml,b647a089d51cf7b89153a0bc9403312bf5ea7cd8f1efedd3e1e6f06f1a8b36f3,4347,CATALOG,RELEASE_ASSET_ONLY,,COPIED_BYTE_IDENTICAL,Preserved in the exact R5 archive; not required in the normal working tree,"[""R5 provenance/release assets""]",SOURCE_R5_MANIFEST_VERIFIED
catalogs/final_preliminary_future_document_boundary_ledger.yaml,5a1faf5bc43ccdb54e852f297923f308763e3686038b405fee83594046f85437,1493,CATALOG,RELEASE_ASSET_ONLY,,COPIED_BYTE_IDENTICAL,Preserved in the exact R5 archive; not required in the normal working tree,"[""R5 provenance/release assets""]",SOURCE_R5_MANIFEST_VERIFIED
catalogs/final_record_family_coverage_matrix.yaml,417195626d6ddd0605ea68ac8046deeded22b7e56b4cce006544db8631de258c,66951,CATALOG,RELEASE_ASSET_ONLY,,COPIED_BYTE_IDENTICAL,Preserved in the exact R5 archive; not required in the normal working tree,"[""R5 provenance/release assets""]",SOURCE_R5_MANIFEST_VERIFIED
catalogs/final_required_output_compliance_R3.yaml,81b066a0bf81a2f34b61df25c400c7bb29a8ec7dbcde37c3aadd6d11eed34116,3704,CATALOG,RELEASE_ASSET_ONLY,,COPIED_BYTE_IDENTICAL,Preserved in the exact R5 archive; not required in the normal working tree,"[""R5 provenance/release assets""]",SOURCE_R5_MANIFEST_VERIFIED
catalogs/final_requirement_ledger.csv,26e56fc031f42f9a51822fe937cb5933d9f6caef6d4392c40b05aca9cb5af394,19200742,CATALOG,RELEASE_ASSET_ONLY,,COPIED_BYTE_IDENTICAL,Preserved in the exact R5 archive; not required in the normal working tree,"[""R5 provenance/release assets""]",SOURCE_R5_MANIFEST_VERIFIED
catalogs/final_requirement_ledger_local_first_summary_R1.json,73813012d20b05d22ce302da6239438d21fe2b23ae2605a9d5dbeb4ca43d13af,418,CATALOG,RELEASE_ASSET_ONLY,,COPIED_BYTE_IDENTICAL,Preserved in the exact R5 archive; not required in the normal working tree,"[""R5 provenance/release assets""]",SOURCE_R5_MANIFEST_VERIFIED
catalogs/final_requirement_ledger_summary.json,45e26153b3cf92c9fff546698729701185b9aed6d10e6cc3f629bb112aeb2682,671,CATALOG,RELEASE_ASSET_ONLY,,COPIED_BYTE_IDENTICAL,Preserved in the exact R5 archive; not required in the normal working tree,"[""R5 provenance/release assets""]",SOURCE_R5_MANIFEST_VERIFIED
catalogs/final_schema_catalog.yaml,d9daa156b47450212ee4c0c6b8fb99113123240f496d77a291c7153d965ded21,55633,CATALOG,RELEASE_ASSET_ONLY,,COPIED_BYTE_IDENTICAL,Preserved in the exact R5 archive; not required in the normal working tree,"[""R5 provenance/release assets""]",SOURCE_R5_MANIFEST_VERIFIED
catalogs/final_source_utilization_matrix.yaml,54a877da9e503b0b8c515729b3d7fa12a3d501515627bce498feb300e0b08de0,7300,CATALOG,RELEASE_ASSET_ONLY,,COPIED_BYTE_IDENTICAL,Preserved in the exact R5 archive; not required in the normal working tree,"[""R5 provenance/release assets""]",SOURCE_R5_MANIFEST_VERIFIED
catalogs/final_source_utilization_matrix_local_first_R1.yaml,4115cb0daa1b4cb68295cef83891adf63cbc20586dcedb0b22fc29d5bbe87487,7810,CATALOG,RELEASE_ASSET_ONLY,,COPIED_BYTE_IDENTICAL,Preserved in the exact R5 archive; not required in the normal working tree,"[""R5 provenance/release assets""]",SOURCE_R5_MANIFEST_VERIFIED
catalogs/final_test_catalog.yaml,67cbf4ee3cd6e8a886a5bfe970c69b944ffa8233065f047c8fc6c2c3c83af41e,1268,CATALOG,RELEASE_ASSET_ONLY,,COPIED_BYTE_IDENTICAL,Preserved in the exact R5 archive; not required in the normal working tree,"[""R5 provenance/release assets""]",SOURCE_R5_MANIFEST_VERIFIED
catalogs/final_validator_catalog.yaml,df864b63bb619c1d505fea96f667b5fdf92c92fc10431c3c5690b054c2dab395,15296,CATALOG,RELEASE_ASSET_ONLY,,COPIED_BYTE_IDENTICAL,Preserved in the exact R5 archive; not required in the normal working tree,"[""R5 provenance/release assets""]",SOURCE_R5_MANIFEST_VERIFIED
catalogs/fixture_catalog.yaml,c9e856abd35116c5dde4ee2a776622154214424d2ee4a93bef244edbd4ae6356,6943,CATALOG,RELEASE_ASSET_ONLY,,COPIED_BYTE_IDENTICAL,Preserved in the exact R5 archive; not required in the normal working tree,"[""R5 provenance/release assets""]",SOURCE_R5_MANIFEST_VERIFIED
catalogs/future_artifact_readiness_matrix.yaml,44f65b82cbda2a56695e83c1ca688e77b77ee681fde1dfaa73e5e4da88d907cb,17701,CATALOG,RELEASE_ASSET_ONLY,,COPIED_BYTE_IDENTICAL,Preserved in the exact R5 archive; not required in the normal working tree,"[""R5 provenance/release assets""]",SOURCE_R5_MANIFEST_VERIFIED
catalogs/historical_to_local_first_gate_crosswalk_R1.yaml,526d796f403f604207340bb8d443df1a41bc1c26afbcfe30bcd2529b49190cc1,688,CATALOG,RELEASE_ASSET_ONLY,,COPIED_BYTE_IDENTICAL,Preserved in the exact R5 archive; not required in the normal working tree,"[""R5 provenance/release assets""]",SOURCE_R5_MANIFEST_VERIFIED
catalogs/layer_foundation_matrix.yaml,c639f81600fea1f519ef2b721e5ae70ee242f959c77e2b34aec606cad888e625,5284,CATALOG,RELEASE_ASSET_ONLY,,COPIED_BYTE_IDENTICAL,Preserved in the exact R5 archive; not required in the normal working tree,"[""R5 provenance/release assets""]",SOURCE_R5_MANIFEST_VERIFIED
catalogs/layers_0_to_3_official_audit_requirement_matrix.csv,07f53ed565a6dbfd04d75a770a4783ab1c6048359c38b44a610bf491d94f36a7,10828187,CATALOG,RELEASE_ASSET_ONLY,,COPIED_BYTE_IDENTICAL,Preserved in the exact R5 archive; not required in the normal working tree,"[""R5 provenance/release assets""]",SOURCE_R5_MANIFEST_VERIFIED
catalogs/layers_0_to_3_official_audit_requirement_matrix_summary.json,b3fbcbde31ac9bba5e4029546bab16f5627f45a4bcfba0fe73f36057d59e60a7,134,CATALOG,RELEASE_ASSET_ONLY,,COPIED_BYTE_IDENTICAL,Preserved in the exact R5 archive; not required in the normal working tree,"[""R5 provenance/release assets""]",SOURCE_R5_MANIFEST_VERIFIED
catalogs/layers_4_to_7_official_audit_requirement_matrix.csv,4fd55671943f4db8167d6c192555f9e1f98353a6e5f7d8993452ced822c0a5e0,8288246,CATALOG,RELEASE_ASSET_ONLY,,COPIED_BYTE_IDENTICAL,Preserved in the exact R5 archive; not required in the normal working tree,"[""R5 provenance/release assets""]",SOURCE_R5_MANIFEST_VERIFIED
catalogs/layers_4_to_7_official_audit_requirement_matrix_summary.json,e8a2bd460f6b21812c511a274a98365744e75b1b41d7682b1fc3dcbf488d1ad5,344,CATALOG,RELEASE_ASSET_ONLY,,COPIED_BYTE_IDENTICAL,Preserved in the exact R5 archive; not required in the normal working tree,"[""R5 provenance/release assets""]",SOURCE_R5_MANIFEST_VERIFIED
catalogs/layers_8_to_10_official_audit_requirement_matrix.csv,0f45eb03f7502f65a198f5b98cc35c280dc05fe1c8076af3c9ac2bcfd9ac6339,12803163,CATALOG,RELEASE_ASSET_ONLY,,COPIED_BYTE_IDENTICAL,Preserved in the exact R5 archive; not required in the normal working tree,"[""R5 provenance/release assets""]",SOURCE_R5_MANIFEST_VERIFIED
catalogs/layers_8_to_10_official_audit_requirement_matrix_summary.json,be36e8dd797169e42c72f4212152bc8a679cee406b59be6369c440a6cdc2a2cc,286,CATALOG,RELEASE_ASSET_ONLY,,COPIED_BYTE_IDENTICAL,Preserved in the exact R5 archive; not required in the normal working tree,"[""R5 provenance/release assets""]",SOURCE_R5_MANIFEST_VERIFIED
catalogs/local_first_required_output_compliance_R1.yaml,b9f62752ad64ec87d97ab815fd2c6b6cb40ced166deb89fc26551009914728bb,2287,CATALOG,RELEASE_ASSET_ONLY,,COPIED_BYTE_IDENTICAL,Preserved in the exact R5 archive; not required in the normal working tree,"[""R5 provenance/release assets""]",SOURCE_R5_MANIFEST_VERIFIED
catalogs/module_interface_catalog.yaml,c5a52d184b08219fabb4e8b4aabb64772fd53c82108dfc449fed997797b3aa13,4110,CATALOG,RELEASE_ASSET_ONLY,,COPIED_BYTE_IDENTICAL,Preserved in the exact R5 archive; not required in the normal working tree,"[""R5 provenance/release assets""]",SOURCE_R5_MANIFEST_VERIFIED
catalogs/path_catalog.yaml,f8c99550c87c084d46d791f06f13f4c9d354102b83df6eef2e9edb33c989fcfa,4261,CATALOG,RELEASE_ASSET_ONLY,,COPIED_BYTE_IDENTICAL,Preserved in the exact R5 archive; not required in the normal working tree,"[""R5 provenance/release assets""]",SOURCE_R5_MANIFEST_VERIFIED
catalogs/preliminary_document_boundary_local_first_R1.yaml,fd2205fbacb6e51ac02262ef700b33840c1542a186439657ca36946acb2f3623,1064,CATALOG,RELEASE_ASSET_ONLY,,COPIED_BYTE_IDENTICAL,Preserved in the exact R5 archive; not required in the normal working tree,"[""R5 provenance/release assets""]",SOURCE_R5_MANIFEST_VERIFIED
catalogs/preliminary_future_document_boundary_ledger.yaml,7b1a93aeed40c95d204efab7444a413a9fb3803cbbb3737ed6594b5a68c50aed,802,CATALOG,RELEASE_ASSET_ONLY,,COPIED_BYTE_IDENTICAL,Preserved in the exact R5 archive; not required in the normal working tree,"[""R5 provenance/release assets""]",SOURCE_R5_MANIFEST_VERIFIED
catalogs/record_family_catalog.yaml,4c6abebeb1fafaeec85dcd53231612d7524c55b2824c76be94d7ad5d433d1dd8,28806,CATALOG,MAIN_TREE_DIRECT,catalogs/record_family_catalog.yaml,COPIED_BYTE_IDENTICAL,Required current reviewer-facing or runtime file,"[""main-tree reviewer/runtime""]",SOURCE_R5_MANIFEST_VERIFIED; DESTINATION_VERIFIED
catalogs/requirement_traceability_matrix.csv,c41826df8bf175d12115a52e9d344072cd205c4dc8ff0b461d372acb4e76d445,9495015,CATALOG,RELEASE_ASSET_ONLY,,COPIED_BYTE_IDENTICAL,Preserved in the exact R5 archive; not required in the normal working tree,"[""R5 provenance/release assets""]",SOURCE_R5_MANIFEST_VERIFIED
catalogs/source_utilization_matrix.yaml,e1c2079e685c22131f8ae45c642a39e0c50fcbdeb28a9591a3abf70ff2483656,3523,CATALOG,RELEASE_ASSET_ONLY,,COPIED_BYTE_IDENTICAL,Preserved in the exact R5 archive; not required in the normal working tree,"[""R5 provenance/release assets""]",SOURCE_R5_MANIFEST_VERIFIED
catalogs/test_catalog.yaml,5d2e49ca6caebe453c007bf591c4f54849ebfd061f68b90aaf1b034e0a277f7e,1182,CATALOG,RELEASE_ASSET_ONLY,,COPIED_BYTE_IDENTICAL,Preserved in the exact R5 archive; not required in the normal working tree,"[""R5 provenance/release assets""]",SOURCE_R5_MANIFEST_VERIFIED
catalogs/validator_coverage_matrix.yaml,441f788ed92b43491c36cbb8cdc38bc3149a016a89f1bf46ce5ef52d2332abe9,15205,CATALOG,RELEASE_ASSET_ONLY,,COPIED_BYTE_IDENTICAL,Preserved in the exact R5 archive; not required in the normal working tree,"[""R5 provenance/release assets""]",SOURCE_R5_MANIFEST_VERIFIED
catalogs/work_package_map.yaml,ba4fc587044c7130c0c1da065208f43117b540b6692c290d7b2223985b2eae35,1040,CATALOG,RELEASE_ASSET_ONLY,,COPIED_BYTE_IDENTICAL,Preserved in the exact R5 archive; not required in the normal working tree,"[""R5 provenance/release assets""]",SOURCE_R5_MANIFEST_VERIFIED
configs/environments/local-repro.yaml,04c78fc215e63677bb882308e99ef1eff5c240860c866a501cff33176e033625,540,CONFIGURATION,MAIN_TREE_DIRECT,configs/environments/local-repro.yaml,COPIED_BYTE_IDENTICAL,Required current reviewer-facing or runtime file,"[""main-tree reviewer/runtime""]",SOURCE_R5_MANIFEST_VERIFIED; DESTINATION_VERIFIED
configs/environments/python311.yaml,14fe7c3682ce968a8c8e420d66063a257d22650f8d14fa75fa673d320590caef,276,CONFIGURATION,MAIN_TREE_DIRECT,configs/environments/python311.yaml,COPIED_BYTE_IDENTICAL,Required current reviewer-facing or runtime file,"[""main-tree reviewer/runtime""]",SOURCE_R5_MANIFEST_VERIFIED; DESTINATION_VERIFIED
configs/environments/python312.yaml,108c6c6a88759fd631162d1ba0ad4b0c5980e5586a3f5aaee33a1f4030db779d,276,CONFIGURATION,MAIN_TREE_DIRECT,configs/environments/python312.yaml,COPIED_BYTE_IDENTICAL,Required current reviewer-facing or runtime file,"[""main-tree reviewer/runtime""]",SOURCE_R5_MANIFEST_VERIFIED; DESTINATION_VERIFIED
configs/environments/python313.yaml,b55f8cc0c4b44edfd6a8cf9bc293beea128ff0b9416d13a08ba7765b8e579148,285,CONFIGURATION,MAIN_TREE_DIRECT,configs/environments/python313.yaml,COPIED_BYTE_IDENTICAL,Required current reviewer-facing or runtime file,"[""main-tree reviewer/runtime""]",SOURCE_R5_MANIFEST_VERIFIED; DESTINATION_VERIFIED
configs/layer0.yaml,c04c3e794733c968c30e3c38706a5336704f8b3dc2e08c6fc1aff68d1ad48f17,190,CONFIGURATION,MAIN_TREE_DIRECT,configs/layer0.yaml,COPIED_BYTE_IDENTICAL,Required current reviewer-facing or runtime file,"[""main-tree reviewer/runtime""]",SOURCE_R5_MANIFEST_VERIFIED; DESTINATION_VERIFIED
configs/layer10.yaml,6f7800580dcea95ef18f2273680dba23ccf16d0974ffd20063230e1452648708,145,CONFIGURATION,MAIN_TREE_DIRECT,configs/layer10.yaml,COPIED_BYTE_IDENTICAL,Required current reviewer-facing or runtime file,"[""main-tree reviewer/runtime""]",SOURCE_R5_MANIFEST_VERIFIED; DESTINATION_VERIFIED
configs/layers/l10_reproducibility.yaml,71d8a431f45c2ab7634ad48752c4de48edc2fd84c84ffa93a5dd6e67a680a39c,363,CONFIGURATION,MAIN_TREE_DIRECT,configs/layers/l10_reproducibility.yaml,COPIED_BYTE_IDENTICAL,Required current reviewer-facing or runtime file,"[""main-tree reviewer/runtime""]",SOURCE_R5_MANIFEST_VERIFIED; DESTINATION_VERIFIED
configs/layers/l4_iharq.yaml,dbec59c690821341bdbaecc012fe9bdcbd9e74037c271b11c20a42e2ab365557,381,CONFIGURATION,MAIN_TREE_DIRECT,configs/layers/l4_iharq.yaml,COPIED_BYTE_IDENTICAL,Required current reviewer-facing or runtime file,"[""main-tree reviewer/runtime""]",SOURCE_R5_MANIFEST_VERIFIED; DESTINATION_VERIFIED
configs/layers/l5_temporal_trust.yaml,eec7df0b5642cac51e060b0edabc59746f4bd490a93c92d75d5b8ac25cf6b033,313,CONFIGURATION,MAIN_TREE_DIRECT,configs/layers/l5_temporal_trust.yaml,COPIED_BYTE_IDENTICAL,Required current reviewer-facing or runtime file,"[""main-tree reviewer/runtime""]",SOURCE_R5_MANIFEST_VERIFIED; DESTINATION_VERIFIED
configs/layers/l6_readiness_policy.yaml,490d3c7825e95b1de6e638950bdf402a15c9545120c9be77d927813c02187d51,251,CONFIGURATION,MAIN_TREE_DIRECT,configs/layers/l6_readiness_policy.yaml,COPIED_BYTE_IDENTICAL,Required current reviewer-facing or runtime file,"[""main-tree reviewer/runtime""]",SOURCE_R5_MANIFEST_VERIFIED; DESTINATION_VERIFIED
configs/layers/l7_closed_loop.yaml,37edea5fd204aa30c5974f67d544f1766727555bc4d8ad3685940b09404a1243,267,CONFIGURATION,MAIN_TREE_DIRECT,configs/layers/l7_closed_loop.yaml,COPIED_BYTE_IDENTICAL,Required current reviewer-facing or runtime file,"[""main-tree reviewer/runtime""]",SOURCE_R5_MANIFEST_VERIFIED; DESTINATION_VERIFIED
configs/layers/l8_stressforge.yaml,e14a0cabcb4cef8b8d7b34a4ca2b847237afaa567210ab937716d9f1722e79af,385,CONFIGURATION,MAIN_TREE_DIRECT,configs/layers/l8_stressforge.yaml,COPIED_BYTE_IDENTICAL,Required current reviewer-facing or runtime file,"[""main-tree reviewer/runtime""]",SOURCE_R5_MANIFEST_VERIFIED; DESTINATION_VERIFIED
configs/layers/l9_embodiment.yaml,c0a35f96951bd679f5b90a23bbc3b48bfbe9a6fc0a493ebc9d540ac1a503b317,407,CONFIGURATION,MAIN_TREE_DIRECT,configs/layers/l9_embodiment.yaml,COPIED_BYTE_IDENTICAL,Required current reviewer-facing or runtime file,"[""main-tree reviewer/runtime""]",SOURCE_R5_MANIFEST_VERIFIED; DESTINATION_VERIFIED
configs/layers/phase0_foundations.yaml,5490563287c49ff8f201f21b81256d45314b1eabe01460503357daff9c05c0ac,1226,CONFIGURATION,MAIN_TREE_DIRECT,configs/layers/phase0_foundations.yaml,COPIED_BYTE_IDENTICAL,Required current reviewer-facing or runtime file,"[""main-tree reviewer/runtime""]",SOURCE_R5_MANIFEST_VERIFIED; DESTINATION_VERIFIED
configs/phases/p00.yaml,efdacd3f54748b8dc8b83f672e7030e410902dd995190c3486a1399c0345fad2,350,CONFIGURATION,MAIN_TREE_DIRECT,configs/phases/p00.yaml,COPIED_BYTE_IDENTICAL,Required current reviewer-facing or runtime file,"[""main-tree reviewer/runtime""]",SOURCE_R5_MANIFEST_VERIFIED; DESTINATION_VERIFIED
configs/phases/p00_audit3.yaml,e538e2a10436c0e0f38b8cbef315c16bc855fab0543bf4588514d00b2382a1df,353,CONFIGURATION,MAIN_TREE_DIRECT,configs/phases/p00_audit3.yaml,COPIED_BYTE_IDENTICAL,Required current reviewer-facing or runtime file,"[""main-tree reviewer/runtime""]",SOURCE_R5_MANIFEST_VERIFIED; DESTINATION_VERIFIED
configs/phases/p01.yaml,7c9cecfe06d2958eef4cde3fd2d897fffd05dfe50e8da4324a75b16af9166461,1410,CONFIGURATION,MAIN_TREE_DIRECT,configs/phases/p01.yaml,COPIED_BYTE_IDENTICAL,Required current reviewer-facing or runtime file,"[""main-tree reviewer/runtime""]",SOURCE_R5_MANIFEST_VERIFIED; DESTINATION_VERIFIED
configs/phases/p02.yaml,d4e4893dfb2cd7b6d10dd397c02ca7ba38bb7e92a607fc9048976f6dbf740dc5,1397,CONFIGURATION,MAIN_TREE_DIRECT,configs/phases/p02.yaml,COPIED_BYTE_IDENTICAL,Required current reviewer-facing or runtime file,"[""main-tree reviewer/runtime""]",SOURCE_R5_MANIFEST_VERIFIED; DESTINATION_VERIFIED
configs/phases/p03.yaml,d053f64a4f86c2a148cdd452c899e37d83aadb93765bdbf7be7c0711f0efeb7e,1407,CONFIGURATION,MAIN_TREE_DIRECT,configs/phases/p03.yaml,COPIED_BYTE_IDENTICAL,Required current reviewer-facing or runtime file,"[""main-tree reviewer/runtime""]",SOURCE_R5_MANIFEST_VERIFIED; DESTINATION_VERIFIED
configs/phases/p04.yaml,62f58e3609fe90df4aa687490ad066c09308f7ddcbd9faf6e6ce440c659a4953,1412,CONFIGURATION,MAIN_TREE_DIRECT,configs/phases/p04.yaml,COPIED_BYTE_IDENTICAL,Required current reviewer-facing or runtime file,"[""main-tree reviewer/runtime""]",SOURCE_R5_MANIFEST_VERIFIED; DESTINATION_VERIFIED
configs/phases/p05.yaml,f180d3fe487796c5222b3dab83c9f3cd044007642f106b8699ed2e13bf8ec099,1405,CONFIGURATION,MAIN_TREE_DIRECT,configs/phases/p05.yaml,COPIED_BYTE_IDENTICAL,Required current reviewer-facing or runtime file,"[""main-tree reviewer/runtime""]",SOURCE_R5_MANIFEST_VERIFIED; DESTINATION_VERIFIED
configs/phases/p06.yaml,fc32d18d0940ad430c288327e55b9cf446a19aff144a3e7345f9b33b51a41b8b,1436,CONFIGURATION,MAIN_TREE_DIRECT,configs/phases/p06.yaml,COPIED_BYTE_IDENTICAL,Required current reviewer-facing or runtime file,"[""main-tree reviewer/runtime""]",SOURCE_R5_MANIFEST_VERIFIED; DESTINATION_VERIFIED
configs/phases/p07.yaml,3caf65fad7e5d8b7e2b093e6fea5af5ec9cd2ef7982d5f531beddf5551bf50c1,1397,CONFIGURATION,MAIN_TREE_DIRECT,configs/phases/p07.yaml,COPIED_BYTE_IDENTICAL,Required current reviewer-facing or runtime file,"[""main-tree reviewer/runtime""]",SOURCE_R5_MANIFEST_VERIFIED; DESTINATION_VERIFIED
configs/phases/p08.yaml,9394666c67e28b360a562344030a4ed888577c781838fd235e400eb12b19ae75,1411,CONFIGURATION,MAIN_TREE_DIRECT,configs/phases/p08.yaml,COPIED_BYTE_IDENTICAL,Required current reviewer-facing or runtime file,"[""main-tree reviewer/runtime""]",SOURCE_R5_MANIFEST_VERIFIED; DESTINATION_VERIFIED
configs/phases/p09.yaml,2a8e69f50a2af3e061ac1577047be6de2be78028836e22568c7bf731999aed32,1396,CONFIGURATION,MAIN_TREE_DIRECT,configs/phases/p09.yaml,COPIED_BYTE_IDENTICAL,Required current reviewer-facing or runtime file,"[""main-tree reviewer/runtime""]",SOURCE_R5_MANIFEST_VERIFIED; DESTINATION_VERIFIED
configs/phases/p10.yaml,a7fc2264549bf725ae357d29f974c811b8019862d1d83d78efb6a551a62c2dcb,1401,CONFIGURATION,MAIN_TREE_DIRECT,configs/phases/p10.yaml,COPIED_BYTE_IDENTICAL,Required current reviewer-facing or runtime file,"[""main-tree reviewer/runtime""]",SOURCE_R5_MANIFEST_VERIFIED; DESTINATION_VERIFIED
configs/phases/p11.yaml,3c0ff69ebe13548dda232d2c9131b5b01f927325f81f767a68b25b8373301e9b,1412,CONFIGURATION,MAIN_TREE_DIRECT,configs/phases/p11.yaml,COPIED_BYTE_IDENTICAL,Required current reviewer-facing or runtime file,"[""main-tree reviewer/runtime""]",SOURCE_R5_MANIFEST_VERIFIED; DESTINATION_VERIFIED
configs/phases/p12.yaml,e0aae4d8d4582d26c41c30f8c3feef26ac0980cd31e7331dd2ef15c6b09eafe9,1404,CONFIGURATION,MAIN_TREE_DIRECT,configs/phases/p12.yaml,COPIED_BYTE_IDENTICAL,Required current reviewer-facing or runtime file,"[""main-tree reviewer/runtime""]",SOURCE_R5_MANIFEST_VERIFIED; DESTINATION_VERIFIED
configs/phases/p13.yaml,5628beaaf1370947aeec9dfafdee262d688fe8511929c6e0c7bbddfbe7aceda8,1417,CONFIGURATION,MAIN_TREE_DIRECT,configs/phases/p13.yaml,COPIED_BYTE_IDENTICAL,Required current reviewer-facing or runtime file,"[""main-tree reviewer/runtime""]",SOURCE_R5_MANIFEST_VERIFIED; DESTINATION_VERIFIED
configs/phases/p14.yaml,10095de3b66e2479681cf6ce1ba2d60b8d6adc0637a3ac648c7d0f859ca48ad3,1403,CONFIGURATION,MAIN_TREE_DIRECT,configs/phases/p14.yaml,COPIED_BYTE_IDENTICAL,Required current reviewer-facing or runtime file,"[""main-tree reviewer/runtime""]",SOURCE_R5_MANIFEST_VERIFIED; DESTINATION_VERIFIED
configs/phases/p15.yaml,c734daaf166211aeb41d2bdd760010233997120cec8797a1cd376ddbe62deb7a,1408,CONFIGURATION,MAIN_TREE_DIRECT,configs/phases/p15.yaml,COPIED_BYTE_IDENTICAL,Required current reviewer-facing or runtime file,"[""main-tree reviewer/runtime""]",SOURCE_R5_MANIFEST_VERIFIED; DESTINATION_VERIFIED
configs/policy/frozen_evaluation.yaml,fd0a756e78718f893cb691ecbcce2535a7c70fd6902d3e0178fbfb8933ca01fa,272,CONFIGURATION,MAIN_TREE_DIRECT,configs/policy/frozen_evaluation.yaml,COPIED_BYTE_IDENTICAL,Required current reviewer-facing or runtime file,"[""main-tree reviewer/runtime""]",SOURCE_R5_MANIFEST_VERIFIED; DESTINATION_VERIFIED
configs/policy/update_enabled.yaml,21b07ad8d3a6d66ea1c12f0ffba8490a2f0bf1af2ff8dfb2bd0d1627d1026c29,270,CONFIGURATION,MAIN_TREE_DIRECT,configs/policy/update_enabled.yaml,COPIED_BYTE_IDENTICAL,Required current reviewer-facing or runtime file,"[""main-tree reviewer/runtime""]",SOURCE_R5_MANIFEST_VERIFIED; DESTINATION_VERIFIED
configs/project.yaml,6b7c0de9fa40b108741781b3c123f9f49c584dfbd2968c9f3a12caa20c4f66ac,247,CONFIGURATION,MAIN_TREE_DIRECT,configs/project.yaml,COPIED_BYTE_IDENTICAL,Required current reviewer-facing or runtime file,"[""main-tree reviewer/runtime""]",SOURCE_R5_MANIFEST_VERIFIED; DESTINATION_VERIFIED
configs/storage.yaml,6c1aef1cab534c3c56445d11a142441dbe15f65b94e526f7c1c13e21d050dcb1,185,CONFIGURATION,MAIN_TREE_DIRECT,configs/storage.yaml,COPIED_BYTE_IDENTICAL,Required current reviewer-facing or runtime file,"[""main-tree reviewer/runtime""]",SOURCE_R5_MANIFEST_VERIFIED; DESTINATION_VERIFIED
contracts/phases/p00/input_contract.yaml,60455f6b921507ddeda9197d382c222b5833b1cad8c834bd05486d8139c73d8b,295,CONTRACT,MAIN_TREE_DIRECT,contracts/phases/p00/input_contract.yaml,COPIED_BYTE_IDENTICAL,Required current reviewer-facing or runtime file,"[""main-tree reviewer/runtime""]",SOURCE_R5_MANIFEST_VERIFIED; DESTINATION_VERIFIED
contracts/phases/p00/output_contract.yaml,851790a499b77e8ed5f8560a55187da0f916f2787cb860c73ed566324694eb76,362,CONTRACT,MAIN_TREE_DIRECT,contracts/phases/p00/output_contract.yaml,COPIED_BYTE_IDENTICAL,Required current reviewer-facing or runtime file,"[""main-tree reviewer/runtime""]",SOURCE_R5_MANIFEST_VERIFIED; DESTINATION_VERIFIED
contracts/phases/p01/input_contract.yaml,91f040b3972358ce612c7bc839f9708cf83bf4022cd209bf8a1bc3bc07a0cc3d,286,CONTRACT,MAIN_TREE_DIRECT,contracts/phases/p01/input_contract.yaml,COPIED_BYTE_IDENTICAL,Required current reviewer-facing or runtime file,"[""main-tree reviewer/runtime""]",SOURCE_R5_MANIFEST_VERIFIED; DESTINATION_VERIFIED
contracts/phases/p01/output_contract.yaml,789af16bd79d584592c363ac4f131e732fddf320f203688c36e7d83fef635651,341,CONTRACT,MAIN_TREE_DIRECT,contracts/phases/p01/output_contract.yaml,COPIED_BYTE_IDENTICAL,Required current reviewer-facing or runtime file,"[""main-tree reviewer/runtime""]",SOURCE_R5_MANIFEST_VERIFIED; DESTINATION_VERIFIED
contracts/phases/p02/input_contract.yaml,92d6ac855381324907aee2562ec29e7262badf6a675297fc5a25606b02ed500f,286,CONTRACT,MAIN_TREE_DIRECT,contracts/phases/p02/input_contract.yaml,COPIED_BYTE_IDENTICAL,Required current reviewer-facing or runtime file,"[""main-tree reviewer/runtime""]",SOURCE_R5_MANIFEST_VERIFIED; DESTINATION_VERIFIED
contracts/phases/p02/output_contract.yaml,011efaee21a7625895bde0fd8a1622847dd61675c1c5540fa02be2eb7bbf7539,341,CONTRACT,MAIN_TREE_DIRECT,contracts/phases/p02/output_contract.yaml,COPIED_BYTE_IDENTICAL,Required current reviewer-facing or runtime file,"[""main-tree reviewer/runtime""]",SOURCE_R5_MANIFEST_VERIFIED; DESTINATION_VERIFIED
contracts/phases/p03/input_contract.yaml,7e2658436f74e768267b346d17dd3a4562d1711c9c0ddb1fc6bc677686193df8,286,CONTRACT,MAIN_TREE_DIRECT,contracts/phases/p03/input_contract.yaml,COPIED_BYTE_IDENTICAL,Required current reviewer-facing or runtime file,"[""main-tree reviewer/runtime""]",SOURCE_R5_MANIFEST_VERIFIED; DESTINATION_VERIFIED
contracts/phases/p03/output_contract.yaml,a7bd796b97d96a7ccdf01e2f336281b52a45929f385f83c25cfb37d7964def93,341,CONTRACT,MAIN_TREE_DIRECT,contracts/phases/p03/output_contract.yaml,COPIED_BYTE_IDENTICAL,Required current reviewer-facing or runtime file,"[""main-tree reviewer/runtime""]",SOURCE_R5_MANIFEST_VERIFIED; DESTINATION_VERIFIED
contracts/phases/p04/input_contract.yaml,8c66a06b7cf5075f43b004635a1737767676cb556d8124c18c85acb20fde49a7,286,CONTRACT,MAIN_TREE_DIRECT,contracts/phases/p04/input_contract.yaml,COPIED_BYTE_IDENTICAL,Required current reviewer-facing or runtime file,"[""main-tree reviewer/runtime""]",SOURCE_R5_MANIFEST_VERIFIED; DESTINATION_VERIFIED
contracts/phases/p04/output_contract.yaml,308e7b76e05bc0b1a3416f19f05c7e0ba8cde0da56203d1b8830bf282db3560b,341,CONTRACT,MAIN_TREE_DIRECT,contracts/phases/p04/output_contract.yaml,COPIED_BYTE_IDENTICAL,Required current reviewer-facing or runtime file,"[""main-tree reviewer/runtime""]",SOURCE_R5_MANIFEST_VERIFIED; DESTINATION_VERIFIED
contracts/phases/p05/input_contract.yaml,3a018b180b210ae7523526ca02a3790bf5db43a83971ac63a3a18e7664ab3540,286,CONTRACT,MAIN_TREE_DIRECT,contracts/phases/p05/input_contract.yaml,COPIED_BYTE_IDENTICAL,Required current reviewer-facing or runtime file,"[""main-tree reviewer/runtime""]",SOURCE_R5_MANIFEST_VERIFIED; DESTINATION_VERIFIED
contracts/phases/p05/output_contract.yaml,fee907ec9c6527245b2e631fc284989ce06623ceb67f8c561775992ef9a904e1,341,CONTRACT,MAIN_TREE_DIRECT,contracts/phases/p05/output_contract.yaml,COPIED_BYTE_IDENTICAL,Required current reviewer-facing or runtime file,"[""main-tree reviewer/runtime""]",SOURCE_R5_MANIFEST_VERIFIED; DESTINATION_VERIFIED
contracts/phases/p06/input_contract.yaml,585e86af7ae9aaee05f6a5295636381e41dda1227868591b48da90663284f4b0,286,CONTRACT,MAIN_TREE_DIRECT,contracts/phases/p06/input_contract.yaml,COPIED_BYTE_IDENTICAL,Required current reviewer-facing or runtime file,"[""main-tree reviewer/runtime""]",SOURCE_R5_MANIFEST_VERIFIED; DESTINATION_VERIFIED
contracts/phases/p06/output_contract.yaml,b9c5dfb22ef0596e80d060b93bc856b02961899a27e74eb4715f0e7957f07b25,341,CONTRACT,MAIN_TREE_DIRECT,contracts/phases/p06/output_contract.yaml,COPIED_BYTE_IDENTICAL,Required current reviewer-facing or runtime file,"[""main-tree reviewer/runtime""]",SOURCE_R5_MANIFEST_VERIFIED; DESTINATION_VERIFIED
contracts/phases/p07/input_contract.yaml,797eb24a094e755929f0f57c97b6fe6cc1fe5928d5b0de0a952f2f369b7bea3a,286,CONTRACT,MAIN_TREE_DIRECT,contracts/phases/p07/input_contract.yaml,COPIED_BYTE_IDENTICAL,Required current reviewer-facing or runtime file,"[""main-tree reviewer/runtime""]",SOURCE_R5_MANIFEST_VERIFIED; DESTINATION_VERIFIED
contracts/phases/p07/output_contract.yaml,b87a4754dc91640e1a58eae2969d1fe98c5f3ec02c92892ff0200ca6fe54f355,341,CONTRACT,MAIN_TREE_DIRECT,contracts/phases/p07/output_contract.yaml,COPIED_BYTE_IDENTICAL,Required current reviewer-facing or runtime file,"[""main-tree reviewer/runtime""]",SOURCE_R5_MANIFEST_VERIFIED; DESTINATION_VERIFIED
contracts/phases/p08/input_contract.yaml,98b055467efc11bef8120fa8f48e49172bc37b53be57ebc6a059ed3a17591a42,286,CONTRACT,MAIN_TREE_DIRECT,contracts/phases/p08/input_contract.yaml,COPIED_BYTE_IDENTICAL,Required current reviewer-facing or runtime file,"[""main-tree reviewer/runtime""]",SOURCE_R5_MANIFEST_VERIFIED; DESTINATION_VERIFIED
contracts/phases/p08/output_contract.yaml,eb78672776d9db1fde450055fc33a0e7feb2e2feede482c1938b56d434990b56,341,CONTRACT,MAIN_TREE_DIRECT,contracts/phases/p08/output_contract.yaml,COPIED_BYTE_IDENTICAL,Required current reviewer-facing or runtime file,"[""main-tree reviewer/runtime""]",SOURCE_R5_MANIFEST_VERIFIED; DESTINATION_VERIFIED
contracts/phases/p09/input_contract.yaml,9744f9c88258253621ca58e7eb3abf8ccd3e2c9af628cf0ecd457a42ad8d8e74,286,CONTRACT,MAIN_TREE_DIRECT,contracts/phases/p09/input_contract.yaml,COPIED_BYTE_IDENTICAL,Required current reviewer-facing or runtime file,"[""main-tree reviewer/runtime""]",SOURCE_R5_MANIFEST_VERIFIED; DESTINATION_VERIFIED
contracts/phases/p09/output_contract.yaml,f5ac3b852dc7db76bf91adac26e93c388b7760e111c86363bda049ec12831924,341,CONTRACT,MAIN_TREE_DIRECT,contracts/phases/p09/output_contract.yaml,COPIED_BYTE_IDENTICAL,Required current reviewer-facing or runtime file,"[""main-tree reviewer/runtime""]",SOURCE_R5_MANIFEST_VERIFIED; DESTINATION_VERIFIED
contracts/phases/p10/input_contract.yaml,58474c0cebfaecf2925ef35900d0a7a689bba1eac8402d348008aee858effdfe,286,CONTRACT,MAIN_TREE_DIRECT,contracts/phases/p10/input_contract.yaml,COPIED_BYTE_IDENTICAL,Required current reviewer-facing or runtime file,"[""main-tree reviewer/runtime""]",SOURCE_R5_MANIFEST_VERIFIED; DESTINATION_VERIFIED
contracts/phases/p10/output_contract.yaml,3c4c3dbe48f02c7b781d01ad0723500257814006fdcd4e950dc640ffa46228e9,341,CONTRACT,MAIN_TREE_DIRECT,contracts/phases/p10/output_contract.yaml,COPIED_BYTE_IDENTICAL,Required current reviewer-facing or runtime file,"[""main-tree reviewer/runtime""]",SOURCE_R5_MANIFEST_VERIFIED; DESTINATION_VERIFIED
contracts/phases/p11/input_contract.yaml,33855debf4aa97d0d404b1247163e81772e4fffc3d9fa485558caf4a46a76dd6,286,CONTRACT,MAIN_TREE_DIRECT,contracts/phases/p11/input_contract.yaml,COPIED_BYTE_IDENTICAL,Required current reviewer-facing or runtime file,"[""main-tree reviewer/runtime""]",SOURCE_R5_MANIFEST_VERIFIED; DESTINATION_VERIFIED
contracts/phases/p11/output_contract.yaml,61a95811f24a69ff95311dacb46ec1f69dabe7584c297d87c16cf9f9970a5a9f,341,CONTRACT,MAIN_TREE_DIRECT,contracts/phases/p11/output_contract.yaml,COPIED_BYTE_IDENTICAL,Required current reviewer-facing or runtime file,"[""main-tree reviewer/runtime""]",SOURCE_R5_MANIFEST_VERIFIED; DESTINATION_VERIFIED
contracts/phases/p12/input_contract.yaml,a252284b2d056f8150d35a081c895994db901a6f8e773b628027497a813aafaf,286,CONTRACT,MAIN_TREE_DIRECT,contracts/phases/p12/input_contract.yaml,COPIED_BYTE_IDENTICAL,Required current reviewer-facing or runtime file,"[""main-tree reviewer/runtime""]",SOURCE_R5_MANIFEST_VERIFIED; DESTINATION_VERIFIED
contracts/phases/p12/output_contract.yaml,22874fc62cb044dacb9fc613ce2af5349330f4800e96e0b7b1e34a60e9770aba,341,CONTRACT,MAIN_TREE_DIRECT,contracts/phases/p12/output_contract.yaml,COPIED_BYTE_IDENTICAL,Required current reviewer-facing or runtime file,"[""main-tree reviewer/runtime""]",SOURCE_R5_MANIFEST_VERIFIED; DESTINATION_VERIFIED
contracts/phases/p13/input_contract.yaml,9cdd3b6334ed9da9997ccc7c39e83dddf993b4417c33de8a70621110ba582468,286,CONTRACT,MAIN_TREE_DIRECT,contracts/phases/p13/input_contract.yaml,COPIED_BYTE_IDENTICAL,Required current reviewer-facing or runtime file,"[""main-tree reviewer/runtime""]",SOURCE_R5_MANIFEST_VERIFIED; DESTINATION_VERIFIED
contracts/phases/p13/output_contract.yaml,ef5e597bcd04a398ecac2a0acce38ceb240ebcf74e22e48a8975f987e96e9f76,341,CONTRACT,MAIN_TREE_DIRECT,contracts/phases/p13/output_contract.yaml,COPIED_BYTE_IDENTICAL,Required current reviewer-facing or runtime file,"[""main-tree reviewer/runtime""]",SOURCE_R5_MANIFEST_VERIFIED; DESTINATION_VERIFIED
contracts/phases/p14/input_contract.yaml,01f0c551e4811008fdb183bebccabce7dea2c90162b2f025da0e157245812b7c,286,CONTRACT,MAIN_TREE_DIRECT,contracts/phases/p14/input_contract.yaml,COPIED_BYTE_IDENTICAL,Required current reviewer-facing or runtime file,"[""main-tree reviewer/runtime""]",SOURCE_R5_MANIFEST_VERIFIED; DESTINATION_VERIFIED
contracts/phases/p14/output_contract.yaml,08607b605e25eeb0d9cf88875d95608f764972ff5b1d7ba73af563b3a22c6654,341,CONTRACT,MAIN_TREE_DIRECT,contracts/phases/p14/output_contract.yaml,COPIED_BYTE_IDENTICAL,Required current reviewer-facing or runtime file,"[""main-tree reviewer/runtime""]",SOURCE_R5_MANIFEST_VERIFIED; DESTINATION_VERIFIED
contracts/phases/p15/input_contract.yaml,17c976e959900e0eaef36ad27c222c01fbe0a668773357328c3d4947715399c8,286,CONTRACT,MAIN_TREE_DIRECT,contracts/phases/p15/input_contract.yaml,COPIED_BYTE_IDENTICAL,Required current reviewer-facing or runtime file,"[""main-tree reviewer/runtime""]",SOURCE_R5_MANIFEST_VERIFIED; DESTINATION_VERIFIED
contracts/phases/p15/output_contract.yaml,46a47a7fc4c362a2a753c30e6be6c22f5cf90698b18f4eef25c6ec280220a47b,341,CONTRACT,MAIN_TREE_DIRECT,contracts/phases/p15/output_contract.yaml,COPIED_BYTE_IDENTICAL,Required current reviewer-facing or runtime file,"[""main-tree reviewer/runtime""]",SOURCE_R5_MANIFEST_VERIFIED; DESTINATION_VERIFIED
docs/authorities/00_governance/Document_Stack_Governance_and_Creation_Guide_V4.md,81092849f03dfe2bc31b63dd3aeeac47b741860bedf8baa4d2f915b7bcc18c26,64834,AUTHORITY_OR_AUTHORITY_SUPPORT,MAIN_TREE_DIRECT,docs/authorities/current/00_Document_Stack_Governance_and_Creation_Guide_V4.md,SYNCHRONIZED_DISTRIBUTION_COPY,Required current reviewer-facing or runtime file,"[""main-tree reviewer/runtime""]",SOURCE_R5_MANIFEST_VERIFIED; DESTINATION_VERIFIED
docs/authorities/01_architecture/Master_Architecture_Specification_T29_R1.pdf,ae374c9de061bc5179c9223e7d646c70cf0d98c414007ab6baf95cd68c814f9b,1868024,AUTHORITY_OR_AUTHORITY_SUPPORT,MAIN_TREE_DIRECT,docs/authorities/current/01_Master_Architecture_Specification_T29_R1.pdf,SYNCHRONIZED_DISTRIBUTION_COPY,Required current reviewer-facing or runtime file,"[""main-tree reviewer/runtime""]",SOURCE_R5_MANIFEST_VERIFIED; DESTINATION_VERIFIED
docs/authorities/02_registry/Canonical_Registry_R44.md,bdb309f76b9b525ea89cfa56c79a9b7989348e3509febac9ae9fffe7858d1f87,2250836,AUTHORITY_OR_AUTHORITY_SUPPORT,MAIN_TREE_DIRECT,docs/authorities/current/02_Canonical_Artifact_Record_and_Interface_Registry_R44.md,SYNCHRONIZED_DISTRIBUTION_COPY,Required current reviewer-facing or runtime file,"[""main-tree reviewer/runtime""]",SOURCE_R5_MANIFEST_VERIFIED; DESTINATION_VERIFIED
docs/authorities/03_execution_plan/Execution_and_Evidence_Plan_R41.md,f31de3453b331d909a8cccbf951a2df61ef7ca38b71df4bde8be95040095da82,2209626,AUTHORITY_OR_AUTHORITY_SUPPORT,MAIN_TREE_DIRECT,docs/authorities/current/03_Execution_and_Evidence_Plan_R41.md,SYNCHRONIZED_DISTRIBUTION_COPY,Required current reviewer-facing or runtime file,"[""main-tree reviewer/runtime""]",SOURCE_R5_MANIFEST_VERIFIED; DESTINATION_VERIFIED
docs/authorities/04_protocol_v0_1/Protocol_v0_1_R42.md,8b7a393b860bd49a34a794db5c2b80af7f127bc318a112bc7ed3c375ce704813,1650906,AUTHORITY_OR_AUTHORITY_SUPPORT,MAIN_TREE_DIRECT,docs/authorities/current/04_Experiment_Ablation_and_Evaluation_Protocol_R42.md,SYNCHRONIZED_DISTRIBUTION_COPY,Required current reviewer-facing or runtime file,"[""main-tree reviewer/runtime""]",SOURCE_R5_MANIFEST_VERIFIED; DESTINATION_VERIFIED
docs/authorities/05_phase_playbook/Complete_Phase_Execution_Playbook_R41.md,176f46950b86db8cd5c23789893955336c818a6fcd10ed36d6c66e096faccc87,2300203,AUTHORITY_OR_AUTHORITY_SUPPORT,MAIN_TREE_DIRECT,docs/authorities/current/05_Complete_Phase_Execution_Playbook_R41.md,SYNCHRONIZED_DISTRIBUTION_COPY,Required current reviewer-facing or runtime file,"[""main-tree reviewer/runtime""]",SOURCE_R5_MANIFEST_VERIFIED; DESTINATION_VERIFIED
docs/authorities/06_method_selection/Method_Selection_L0_to_L10_R2.md,b036b02ac65b3bc2595513f4ca8a8137a6273f914e46e1cf6180515e57726749,10716865,AUTHORITY_OR_AUTHORITY_SUPPORT,MAIN_TREE_DIRECT,docs/authorities/current/06_Integrated_Layers0_to_10_Method_Selection_R2.md,SYNCHRONIZED_DISTRIBUTION_COPY,Required current reviewer-facing or runtime file,"[""main-tree reviewer/runtime""]",SOURCE_R5_MANIFEST_VERIFIED; DESTINATION_VERIFIED
docs/authorities/07_nuts_and_bolts/Nuts_and_Bolts_L0_to_L10_R2.md,4f47c6f511e646b2127cc79f14a5f632b00f5112582a049b46c735e78ded638c,9251125,AUTHORITY_OR_AUTHORITY_SUPPORT,MAIN_TREE_DIRECT,docs/authorities/current/07_Integrated_Layers0_to_10_Nuts_and_Bolts_R2.md,SYNCHRONIZED_DISTRIBUTION_COPY,Required current reviewer-facing or runtime file,"[""main-tree reviewer/runtime""]",SOURCE_R5_MANIFEST_VERIFIED; DESTINATION_VERIFIED
docs/authorities/08_implementation_build_book/Master_Implementation_Build_Book_R3.md,6814376e40f94da13d9977bb4465177026cf655fd5e9002067c326e7fc1ac366,554678,AUTHORITY_OR_AUTHORITY_SUPPORT,RELEASE_ASSET_ONLY,,COPIED_BYTE_IDENTICAL,Preserved in the exact R5 archive; not required in the normal working tree,"[""R5 provenance/release assets""]",SOURCE_R5_MANIFEST_VERIFIED
docs/authorities/08_implementation_build_book/Master_Implementation_Build_Book_R4_Phase_0_Integrated_FINAL.md,4a121fd16550bf2c748b5aa1f064b3b997b35c633d745e9a587e09282d270c87,565746,AUTHORITY_OR_AUTHORITY_SUPPORT,RELEASE_ASSET_ONLY,,COPIED_BYTE_IDENTICAL,Preserved in the exact R5 archive; not required in the normal working tree,"[""R5 provenance/release assets""]",SOURCE_R5_MANIFEST_VERIFIED
docs/authorities/08_implementation_build_book/Master_Implementation_Build_Book_R5_Phase_0_Whole_Stack_Synchronized.md,a3c63a65f7d20beded57546ce051d8cd8b13d0e8feb94b42c877d049c2db529b,568430,AUTHORITY_OR_AUTHORITY_SUPPORT,RELEASE_ASSET_ONLY,,COPIED_BYTE_IDENTICAL,Preserved in the exact R5 archive; not required in the normal working tree,"[""R5 provenance/release assets""]",SOURCE_R5_MANIFEST_VERIFIED
docs/authorities/08_implementation_build_book/Master_Implementation_Build_Book_R6_Phase_0_No_External_CI_Gate.md,6820bdedbe8498ad485ccdfd8deb30945a8ea67554424ca2658dfee488f46ea3,569186,AUTHORITY_OR_AUTHORITY_SUPPORT,RELEASE_ASSET_ONLY,,COPIED_BYTE_IDENTICAL,Preserved in the exact R5 archive; not required in the normal working tree,"[""R5 provenance/release assets""]",SOURCE_R5_MANIFEST_VERIFIED
docs/authorities/08_implementation_build_book/Phase_0_Analysis_Status_Annex_R1.md,c7a331cc27413ad09eeb16d16a4372fd3fe1c2ee62df3f89926b0737e5f450bc,827,AUTHORITY_OR_AUTHORITY_SUPPORT,RELEASE_ASSET_ONLY,,COPIED_BYTE_IDENTICAL,Preserved in the exact R5 archive; not required in the normal working tree,"[""R5 provenance/release assets""]",SOURCE_R5_MANIFEST_VERIFIED
docs/authorities/08_implementation_build_book/Phase_0_Final_Whole_Stack_Status_Annex_R3.md,1468447c04c6873674a125581b24f381124bb253b522b75f51fc5b31af01d2ea,1718,AUTHORITY_OR_AUTHORITY_SUPPORT,RELEASE_ASSET_ONLY,,COPIED_BYTE_IDENTICAL,Preserved in the exact R5 archive; not required in the normal working tree,"[""R5 provenance/release assets""]",SOURCE_R5_MANIFEST_VERIFIED
docs/authorities/08_implementation_build_book/Phase_0_Final_Whole_Stack_Status_Annex_R4.md,2056ece62b386910abb87e1b147d31869d844630942878a98be0528447e064a8,590,AUTHORITY_OR_AUTHORITY_SUPPORT,RELEASE_ASSET_ONLY,,COPIED_BYTE_IDENTICAL,Preserved in the exact R5 archive; not required in the normal working tree,"[""R5 provenance/release assets""]",SOURCE_R5_MANIFEST_VERIFIED
docs/authorities/08_implementation_build_book/Phase_0_L0_EvidenceMap_Layer10_Final_Audit_Status_Annex_R2.md,c10cae34092dab650381d209c4a2c74b67db60a5bdff974b9cdcd599912feb46,541,AUTHORITY_OR_AUTHORITY_SUPPORT,RELEASE_ASSET_ONLY,,COPIED_BYTE_IDENTICAL,Preserved in the exact R5 archive; not required in the normal working tree,"[""R5 provenance/release assets""]",SOURCE_R5_MANIFEST_VERIFIED
docs/authorities/08_implementation_build_book/Phase_0_Layer0_EvidenceMap_Layer10_Status_Annex_R1.md,4e5943089c9314ca544e57133f1ee87a6d24c377912f82934393f291d8ff18b7,739,AUTHORITY_OR_AUTHORITY_SUPPORT,RELEASE_ASSET_ONLY,,COPIED_BYTE_IDENTICAL,Preserved in the exact R5 archive; not required in the normal working tree,"[""R5 provenance/release assets""]",SOURCE_R5_MANIFEST_VERIFIED
docs/authorities/08_implementation_build_book/phase_00/Phase_0_Implementation_Annex_R2.md,7b55dba38af5a97648ab47f6df12bebcf5a75b683b725c5dcb9ad2b72250a5e2,2205,AUTHORITY_OR_AUTHORITY_SUPPORT,RELEASE_ASSET_ONLY,,COPIED_BYTE_IDENTICAL,Preserved in the exact R5 archive; not required in the normal working tree,"[""R5 provenance/release assets""]",SOURCE_R5_MANIFEST_VERIFIED
docs/authorities/08_implementation_build_book/phase_00/Phase_0_Implementation_Finalization_Annex_R3.md,ac73ad61188e3102f65636156a3f1d4355e4a6ea3528b7d181139f3d4a248ed9,1951,AUTHORITY_OR_AUTHORITY_SUPPORT,RELEASE_ASSET_ONLY,,COPIED_BYTE_IDENTICAL,Preserved in the exact R5 archive; not required in the normal working tree,"[""R5 provenance/release assets""]",SOURCE_R5_MANIFEST_VERIFIED
docs/authorities/08_implementation_build_book/phase_00/Phase_0_Implementation_Finalization_Annex_R4.md,75dad913ec7b44d6e0017bd6034255e6c1f202f412551a4b448ed0ced60f7713,1852,AUTHORITY_OR_AUTHORITY_SUPPORT,RELEASE_ASSET_ONLY,,COPIED_BYTE_IDENTICAL,Preserved in the exact R5 archive; not required in the normal working tree,"[""R5 provenance/release assets""]",SOURCE_R5_MANIFEST_VERIFIED
docs/authorities/08_implementation_build_book/phase_00/Phase_0_Local_First_Finalization_Annex_R5.md,3c7bcfddf2a1e8fe75ee3c04fac16cca8bbc238af9aa8dbf6cd9b016c9f1d37d,2006,AUTHORITY_OR_AUTHORITY_SUPPORT,RELEASE_ASSET_ONLY,,COPIED_BYTE_IDENTICAL,Preserved in the exact R5 archive; not required in the normal working tree,"[""R5 provenance/release assets""]",SOURCE_R5_MANIFEST_VERIFIED
docs/authorities/IHARQ_Master_Implementation_Build_Book_R4_Phase_0_Integrated_FINAL.md,4a121fd16550bf2c748b5aa1f064b3b997b35c633d745e9a587e09282d270c87,565746,AUTHORITY_OR_AUTHORITY_SUPPORT,RELEASE_ASSET_ONLY,,COPIED_BYTE_IDENTICAL,Preserved in the exact R5 archive; not required in the normal working tree,"[""R5 provenance/release assets""]",SOURCE_R5_MANIFEST_VERIFIED
docs/authorities/protocol_v1_0/decisions/final_freeze_decision_R1.yaml,536bf3ba35291c65a92a7863fce79287825401909a25308d7b49b1903d45b4e3,1081,AUTHORITY_OR_AUTHORITY_SUPPORT,RELEASE_ASSET_ONLY,,COPIED_BYTE_IDENTICAL,Preserved in the exact R5 archive; not required in the normal working tree,"[""R5 provenance/release assets""]",SOURCE_R5_MANIFEST_VERIFIED
docs/authorities/protocol_v1_0/downstream_readiness/evidence_map_input_R1.yaml,8b36da161cce48503cf4779e522049a1a9b3d32fe7fc860d25b16dc0db839a0d,263,AUTHORITY_OR_AUTHORITY_SUPPORT,RELEASE_ASSET_ONLY,,COPIED_BYTE_IDENTICAL,Preserved in the exact R5 archive; not required in the normal working tree,"[""R5 provenance/release assets""]",SOURCE_R5_MANIFEST_VERIFIED
docs/authorities/protocol_v1_0/downstream_readiness/layer0_input_R1.yaml,d3c6e7d6cddc95ba544b17961526dc04abdb47afa1b6944bfb8ff7c512a27f53,241,AUTHORITY_OR_AUTHORITY_SUPPORT,RELEASE_ASSET_ONLY,,COPIED_BYTE_IDENTICAL,Preserved in the exact R5 archive; not required in the normal working tree,"[""R5 provenance/release assets""]",SOURCE_R5_MANIFEST_VERIFIED
docs/authorities/protocol_v1_0/downstream_readiness/layer10_input_R1.yaml,79032f6c1109cffd8604effbd8afdc1a1dc7e414b385118c8115662eacb08aa6,292,AUTHORITY_OR_AUTHORITY_SUPPORT,RELEASE_ASSET_ONLY,,COPIED_BYTE_IDENTICAL,Preserved in the exact R5 archive; not required in the normal working tree,"[""R5 provenance/release assets""]",SOURCE_R5_MANIFEST_VERIFIED
docs/authorities/protocol_v1_0/downstream_readiness/phase_analysis_input_R1.yaml,ec23a9090e62aae5bf9b6341929da7a075bb0eaa62c8d4ba6d932683c5a44c7a,451,AUTHORITY_OR_AUTHORITY_SUPPORT,RELEASE_ASSET_ONLY,,COPIED_BYTE_IDENTICAL,Preserved in the exact R5 archive; not required in the normal working tree,"[""R5 provenance/release assets""]",SOURCE_R5_MANIFEST_VERIFIED
docs/authorities/protocol_v1_0/downstream_readiness/phase_evidence_report_input_R1.yaml,e3a12d5d984a5c0ce437f9702220d92d3588307f381fac3958f3b64c42285354,401,AUTHORITY_OR_AUTHORITY_SUPPORT,RELEASE_ASSET_ONLY,,COPIED_BYTE_IDENTICAL,Preserved in the exact R5 archive; not required in the normal working tree,"[""R5 provenance/release assets""]",SOURCE_R5_MANIFEST_VERIFIED
docs/authorities/protocol_v1_0/final_independent_audit_R2/decisions/final_freeze_decision_R2.yaml,fbfb1aa2bf50fa5e3391781ead00d08103cffe47e2a3f58f2b2585cf1894823b,1174,AUTHORITY_OR_AUTHORITY_SUPPORT,RELEASE_ASSET_ONLY,,COPIED_BYTE_IDENTICAL,Preserved in the exact R5 archive; not required in the normal working tree,"[""R5 provenance/release assets""]",SOURCE_R5_MANIFEST_VERIFIED
docs/authorities/protocol_v1_0/final_independent_audit_R2/ledgers/applicability_matrix_R2.yaml,69010d362eaef258a8113867f254b30aeda88a115580af5e8364fbead33c8518,2254,AUTHORITY_OR_AUTHORITY_SUPPORT,RELEASE_ASSET_ONLY,,COPIED_BYTE_IDENTICAL,Preserved in the exact R5 archive; not required in the normal working tree,"[""R5 provenance/release assets""]",SOURCE_R5_MANIFEST_VERIFIED
docs/authorities/protocol_v1_0/final_independent_audit_R2/ledgers/conflict_ledger_R2.yaml,5a1e5c6dfdaa0b19b40ed56044c331b89d156ce68ebe6258a10958f95a072865,1356,AUTHORITY_OR_AUTHORITY_SUPPORT,RELEASE_ASSET_ONLY,,COPIED_BYTE_IDENTICAL,Preserved in the exact R5 archive; not required in the normal working tree,"[""R5 provenance/release assets""]",SOURCE_R5_MANIFEST_VERIFIED
docs/authorities/protocol_v1_0/final_independent_audit_R2/ledgers/defect_and_repair_ledger_R2.yaml,cfbd00975a3084f5e59eef3c5d1a0e6c1077fccd71d7c79307a574c2ab0e30ba,6683,AUTHORITY_OR_AUTHORITY_SUPPORT,RELEASE_ASSET_ONLY,,COPIED_BYTE_IDENTICAL,Preserved in the exact R5 archive; not required in the normal working tree,"[""R5 provenance/release assets""]",SOURCE_R5_MANIFEST_VERIFIED
docs/authorities/protocol_v1_0/final_independent_audit_R2/ledgers/historical_evidence_classification_R2.yaml,8a56f312b87edc9dd3366c56329977e268f4869d253d785f0662d94befa35e5c,493,AUTHORITY_OR_AUTHORITY_SUPPORT,RELEASE_ASSET_ONLY,,COPIED_BYTE_IDENTICAL,Preserved in the exact R5 archive; not required in the normal working tree,"[""R5 provenance/release assets""]",SOURCE_R5_MANIFEST_VERIFIED
docs/authorities/protocol_v1_0/final_independent_audit_R2/ledgers/placeholder_ledger_R2.yaml,21d335c541721966620831f1ae7c6e8b71dd569d1491614648e587747f4b5d13,2014,AUTHORITY_OR_AUTHORITY_SUPPORT,RELEASE_ASSET_ONLY,,COPIED_BYTE_IDENTICAL,Preserved in the exact R5 archive; not required in the normal working tree,"[""R5 provenance/release assets""]",SOURCE_R5_MANIFEST_VERIFIED
docs/authorities/protocol_v1_0/final_independent_audit_R2/ledgers/protocol_requirement_completeness_matrix_R2.csv,ede1eac2b18649f062e9f9286a1e9a7a87091bd54b589c67153f03563ddc1a9d,14523064,AUTHORITY_OR_AUTHORITY_SUPPORT,RELEASE_ASSET_ONLY,,COPIED_BYTE_IDENTICAL,Preserved in the exact R5 archive; not required in the normal working tree,"[""R5 provenance/release assets""]",SOURCE_R5_MANIFEST_VERIFIED
docs/authorities/protocol_v1_0/final_independent_audit_R2/ledgers/protocol_requirement_completeness_summary_R2.json,5867bfc67623178f57ed8e1a591c9e0f6174a4835827f97831730c9cd7b7901c,743,AUTHORITY_OR_AUTHORITY_SUPPORT,RELEASE_ASSET_ONLY,,COPIED_BYTE_IDENTICAL,Preserved in the exact R5 archive; not required in the normal working tree,"[""R5 provenance/release assets""]",SOURCE_R5_MANIFEST_VERIFIED
docs/authorities/protocol_v1_0/final_independent_audit_R2/ledgers/source_intake_ledger_R2.yaml,4550af3e64ae391f1bed84423b780d77eadb5c5f4144cbed3ce83d9deec6f631,11215,AUTHORITY_OR_AUTHORITY_SUPPORT,RELEASE_ASSET_ONLY,,COPIED_BYTE_IDENTICAL,Preserved in the exact R5 archive; not required in the normal working tree,"[""R5 provenance/release assets""]",SOURCE_R5_MANIFEST_VERIFIED
docs/authorities/protocol_v1_0/final_independent_audit_R2/manifests/protocol_audit_package_manifest_R2.json,ec9801f651c1bf9f3009258b27f26a504ec5872e6cde2c48f3c32876268b55ce,187623,AUTHORITY_OR_AUTHORITY_SUPPORT,RELEASE_ASSET_ONLY,,COPIED_BYTE_IDENTICAL,Preserved in the exact R5 archive; not required in the normal working tree,"[""R5 provenance/release assets""]",SOURCE_R5_MANIFEST_VERIFIED
docs/authorities/protocol_v1_0/final_independent_audit_R2/reports/A0_A13_no_A14_audit_R2.yaml,cf777cc1a047a2e15d95472388ddd2154c312b035fae54154aaffd0de7e4e7dd,994,AUTHORITY_OR_AUTHORITY_SUPPORT,RELEASE_ASSET_ONLY,,COPIED_BYTE_IDENTICAL,Preserved in the exact R5 archive; not required in the normal working tree,"[""R5 provenance/release assets""]",SOURCE_R5_MANIFEST_VERIFIED
docs/authorities/protocol_v1_0/final_independent_audit_R2/reports/IHARQ_Protocol_v1_0_Final_Independent_Audit_Report_R2.md,43ad5b04ac5aff825cf30ed36ae8a8f8ed636f0ff5a3a51a5717a5a04ea29ff7,23833,AUTHORITY_OR_AUTHORITY_SUPPORT,RELEASE_ASSET_ONLY,,COPIED_BYTE_IDENTICAL,Preserved in the exact R5 archive; not required in the normal working tree,"[""R5 provenance/release assets""]",SOURCE_R5_MANIFEST_VERIFIED
docs/authorities/protocol_v1_0/final_independent_audit_R2/reports/analysis_contract_audit_R2.json,6b59011955c72e0fd62bfb5d412585c361cbfbf42070c2b64d53457242f7d5bc,309,AUTHORITY_OR_AUTHORITY_SUPPORT,RELEASE_ASSET_ONLY,,COPIED_BYTE_IDENTICAL,Preserved in the exact R5 archive; not required in the normal working tree,"[""R5 provenance/release assets""]",SOURCE_R5_MANIFEST_VERIFIED
docs/authorities/protocol_v1_0/final_independent_audit_R2/reports/clean_reproduction_report_R2.json,b093a2c3df3f6f33fe784ca4daa4acdb79a57ca412dab6a4a469370f72a0d316,765,AUTHORITY_OR_AUTHORITY_SUPPORT,RELEASE_ASSET_ONLY,,COPIED_BYTE_IDENTICAL,Preserved in the exact R5 archive; not required in the normal working tree,"[""R5 provenance/release assets""]",SOURCE_R5_MANIFEST_VERIFIED
docs/authorities/protocol_v1_0/final_independent_audit_R2/reports/local_execution_report_R2.json,851b79996893d2f29aa81e8e55306a82dc818d556cbe35fab5064bb009ff0a92,4158,AUTHORITY_OR_AUTHORITY_SUPPORT,RELEASE_ASSET_ONLY,,COPIED_BYTE_IDENTICAL,Preserved in the exact R5 archive; not required in the normal working tree,"[""R5 provenance/release assets""]",SOURCE_R5_MANIFEST_VERIFIED
docs/authorities/protocol_v1_0/final_independent_audit_R2/reports/master_annex_boundary_report_R2.json,d856074fbbd521a47384502c4ce678d3ffff97a09cfc41f3aa9309297c119f30,325,AUTHORITY_OR_AUTHORITY_SUPPORT,RELEASE_ASSET_ONLY,,COPIED_BYTE_IDENTICAL,Preserved in the exact R5 archive; not required in the normal working tree,"[""R5 provenance/release assets""]",SOURCE_R5_MANIFEST_VERIFIED
docs/authorities/protocol_v1_0/final_independent_audit_R2/reports/run_matrix_audit_R2.json,e971bed7979f1772083c278345121d3e65d7d8e24f0261f7c94b395849370c60,316,AUTHORITY_OR_AUTHORITY_SUPPORT,RELEASE_ASSET_ONLY,,COPIED_BYTE_IDENTICAL,Preserved in the exact R5 archive; not required in the normal working tree,"[""R5 provenance/release assets""]",SOURCE_R5_MANIFEST_VERIFIED
docs/authorities/protocol_v1_0/final_independent_audit_R2/reports/source_snapshot_environment_audit_R2.json,e99a2c408718e0e9440cb18867bde0037e3d4b6db5530b1b47e83e7fee2ddf2c,792,AUTHORITY_OR_AUTHORITY_SUPPORT,RELEASE_ASSET_ONLY,,COPIED_BYTE_IDENTICAL,Preserved in the exact R5 archive; not required in the normal working tree,"[""R5 provenance/release assets""]",SOURCE_R5_MANIFEST_VERIFIED
docs/authorities/protocol_v1_0/final_independent_audit_R2/reviews/01_authority_reconstruction.md,af847edde04f6d3ac4f5b065d6f0150d353a4fa16972627fc047504588a757c8,431,AUTHORITY_OR_AUTHORITY_SUPPORT,RELEASE_ASSET_ONLY,,COPIED_BYTE_IDENTICAL,Preserved in the exact R5 archive; not required in the normal working tree,"[""R5 provenance/release assets""]",SOURCE_R5_MANIFEST_VERIFIED
docs/authorities/protocol_v1_0/final_independent_audit_R2/reviews/02_protocol_evidence.md,6d3a742d329427e1abdc42fb2f9bc5caaecb85ca7588b7be7acc6581954d60f9,316,AUTHORITY_OR_AUTHORITY_SUPPORT,RELEASE_ASSET_ONLY,,COPIED_BYTE_IDENTICAL,Preserved in the exact R5 archive; not required in the normal working tree,"[""R5 provenance/release assets""]",SOURCE_R5_MANIFEST_VERIFIED
docs/authorities/protocol_v1_0/final_independent_audit_R2/reviews/03_adversarial_red_team.md,ce7de6e42f6906392ca47a19ebd446b7e2da5ecc7d0a045b8a8f4cbabfd7a457,391,AUTHORITY_OR_AUTHORITY_SUPPORT,RELEASE_ASSET_ONLY,,COPIED_BYTE_IDENTICAL,Preserved in the exact R5 archive; not required in the normal working tree,"[""R5 provenance/release assets""]",SOURCE_R5_MANIFEST_VERIFIED
docs/authorities/protocol_v1_0/final_independent_audit_R2/reviews/04_deterministic_validation.md,36321a21a405c404838c5be0631674d2bae07100a6c018306a951341dbe5a432,312,AUTHORITY_OR_AUTHORITY_SUPPORT,RELEASE_ASSET_ONLY,,COPIED_BYTE_IDENTICAL,Preserved in the exact R5 archive; not required in the normal working tree,"[""R5 provenance/release assets""]",SOURCE_R5_MANIFEST_VERIFIED
docs/authorities/protocol_v1_0/final_independent_audit_R2/reviews/05_final_governance.md,abb5197fc42709aa6ae596b4d036afbfb3e3e1e213de4ebfbaac26f56d23b429,259,AUTHORITY_OR_AUTHORITY_SUPPORT,RELEASE_ASSET_ONLY,,COPIED_BYTE_IDENTICAL,Preserved in the exact R5 archive; not required in the normal working tree,"[""R5 provenance/release assets""]",SOURCE_R5_MANIFEST_VERIFIED
docs/authorities/protocol_v1_0/final_independent_audit_R2/tests/P01_to_P15_extensibility_test_R2.json,af5e26986ef536f3e740e4254871cd86ab255a557a1a377b120bdbe9cc28bea6,615,AUTHORITY_OR_AUTHORITY_SUPPORT,RELEASE_ASSET_ONLY,,COPIED_BYTE_IDENTICAL,Preserved in the exact R5 archive; not required in the normal working tree,"[""R5 provenance/release assets""]",SOURCE_R5_MANIFEST_VERIFIED
docs/authorities/protocol_v1_0/final_independent_audit_R2/validation/cross_authority_validation_R2.json,4a8986621de24fa36932dd149ead723dc5cb27fb90b0be509586c3c5461829d4,280,AUTHORITY_OR_AUTHORITY_SUPPORT,RELEASE_ASSET_ONLY,,COPIED_BYTE_IDENTICAL,Preserved in the exact R5 archive; not required in the normal working tree,"[""R5 provenance/release assets""]",SOURCE_R5_MANIFEST_VERIFIED
docs/authorities/protocol_v1_0/final_independent_audit_R2/validation/field_level_human_machine_no_drift_R2.json,0ec34c0752ee0ee474ba9b6d8d35491c69c2a478287efc563cb33aebf51c4b82,2097,AUTHORITY_OR_AUTHORITY_SUPPORT,RELEASE_ASSET_ONLY,,COPIED_BYTE_IDENTICAL,Preserved in the exact R5 archive; not required in the normal working tree,"[""R5 provenance/release assets""]",SOURCE_R5_MANIFEST_VERIFIED
docs/authorities/protocol_v1_0/final_independent_audit_R2/validation/final_independent_audit_result_R2.json,17911e865fc9ff6a628d62cf23e1bfd6a9f162c6ea6be8528f31f973fe8e6e2d,542,AUTHORITY_OR_AUTHORITY_SUPPORT,RELEASE_ASSET_ONLY,,COPIED_BYTE_IDENTICAL,Preserved in the exact R5 archive; not required in the normal working tree,"[""R5 provenance/release assets""]",SOURCE_R5_MANIFEST_VERIFIED
docs/authorities/protocol_v1_0/final_independent_audit_R2/validation/markdown_document_quality_R2.json,6818900d75ff2f624948d4f5f6f774aac626f9ab0e9830228542bac62d0e4fa6,296,AUTHORITY_OR_AUTHORITY_SUPPORT,RELEASE_ASSET_ONLY,,COPIED_BYTE_IDENTICAL,Preserved in the exact R5 archive; not required in the normal working tree,"[""R5 provenance/release assets""]",SOURCE_R5_MANIFEST_VERIFIED
docs/authorities/protocol_v1_0/final_independent_audit_R2/validation/parsing_schema_validation_R2.json,d4e49ac2bc8bf679b5db8f31ec6c5d3a1800ed48bc9309f56435f2e3c2ed119a,280,AUTHORITY_OR_AUTHORITY_SUPPORT,RELEASE_ASSET_ONLY,,COPIED_BYTE_IDENTICAL,Preserved in the exact R5 archive; not required in the normal working tree,"[""R5 provenance/release assets""]",SOURCE_R5_MANIFEST_VERIFIED
docs/authorities/protocol_v1_0/final_independent_audit_R2/validation/semantic_cross_boundary_validation_R2.json,676f5ad75c25b4d91af77d63570641f221eb413713fd2b1dcafa6c645cc4d5f7,344,AUTHORITY_OR_AUTHORITY_SUPPORT,RELEASE_ASSET_ONLY,,COPIED_BYTE_IDENTICAL,Preserved in the exact R5 archive; not required in the normal working tree,"[""R5 provenance/release assets""]",SOURCE_R5_MANIFEST_VERIFIED
docs/authorities/protocol_v1_0/final_independent_audit_R2/validation/structural_validation_R2.json,3ae48f02d5a380546a863e0c823e22fd3579170f6e7710c15da5c62c2b613853,329,AUTHORITY_OR_AUTHORITY_SUPPORT,RELEASE_ASSET_ONLY,,COPIED_BYTE_IDENTICAL,Preserved in the exact R5 archive; not required in the normal working tree,"[""R5 provenance/release assets""]",SOURCE_R5_MANIFEST_VERIFIED
docs/authorities/protocol_v1_0/gates/local_first_gate_crosswalk_R1.yaml,a7b0723ac06e92c4b97e6bb942c776417c78a32f626a3af86b9bf0ec44ac41a0,10397,AUTHORITY_OR_AUTHORITY_SUPPORT,RELEASE_ASSET_ONLY,,COPIED_BYTE_IDENTICAL,Preserved in the exact R5 archive; not required in the normal working tree,"[""R5 provenance/release assets""]",SOURCE_R5_MANIFEST_VERIFIED
docs/authorities/protocol_v1_0/gates/local_first_gate_crosswalk_R2.yaml,1a5845788b9106393b3b1655d5f5272f71906080be5b0bcb3cfd70c0dee0eb36,10446,AUTHORITY_OR_AUTHORITY_SUPPORT,RELEASE_ASSET_ONLY,,COPIED_BYTE_IDENTICAL,Preserved in the exact R5 archive; not required in the normal working tree,"[""R5 provenance/release assets""]",SOURCE_R5_MANIFEST_VERIFIED
docs/authorities/protocol_v1_0/history/R1/decisions/final_freeze_decision_R1.yaml,536bf3ba35291c65a92a7863fce79287825401909a25308d7b49b1903d45b4e3,1081,AUTHORITY_OR_AUTHORITY_SUPPORT,EXCLUDED_HISTORY,,COPIED_BYTE_IDENTICAL,Superseded/history material preserved in R5 release assets,"[""R5 provenance/release assets""]",SOURCE_R5_MANIFEST_VERIFIED
docs/authorities/protocol_v1_0/history/R1/machine_readable/amendment_log.yaml,e415e57a66aeba4b103dda9a7a6fa1b089e1e64d6df3ddfd2ea8625fde4c7fc3,727,AUTHORITY_OR_AUTHORITY_SUPPORT,EXCLUDED_HISTORY,,COPIED_BYTE_IDENTICAL,Superseded/history material preserved in R5 release assets,"[""R5 provenance/release assets""]",SOURCE_R5_MANIFEST_VERIFIED
docs/authorities/protocol_v1_0/history/R1/machine_readable/analysis_contract.yaml,56d7ebecd27588c9ad9bf6b4fdd7d60b55ab8425cf23a8977c051fe1748a6ad2,1581,AUTHORITY_OR_AUTHORITY_SUPPORT,EXCLUDED_HISTORY,,COPIED_BYTE_IDENTICAL,Superseded/history material preserved in R5 release assets,"[""R5 provenance/release assets""]",SOURCE_R5_MANIFEST_VERIFIED
docs/authorities/protocol_v1_0/history/R1/machine_readable/master_protocol.yaml,38c17b106b4c5b0f5b2d796320fa71a2f23c513fb739bbf67378c3b67db7663d,6185,AUTHORITY_OR_AUTHORITY_SUPPORT,EXCLUDED_HISTORY,,COPIED_BYTE_IDENTICAL,Superseded/history material preserved in R5 release assets,"[""R5 provenance/release assets""]",SOURCE_R5_MANIFEST_VERIFIED
docs/authorities/protocol_v1_0/history/R1/machine_readable/phase0_administrative_conformance.yaml,c2346af614a302d2a16e717b1aa7e3a18912a9c50706e34f77cb793988b57cb7,5218,AUTHORITY_OR_AUTHORITY_SUPPORT,EXCLUDED_HISTORY,,COPIED_BYTE_IDENTICAL,Superseded/history material preserved in R5 release assets,"[""R5 provenance/release assets""]",SOURCE_R5_MANIFEST_VERIFIED
docs/authorities/protocol_v1_0/history/R1/machine_readable/phases/p00_annex.yaml,7764a699cd4d62742d87889a5e5a86ce40b16f64db8d40c292d34d062d3362b2,3462,AUTHORITY_OR_AUTHORITY_SUPPORT,EXCLUDED_HISTORY,,COPIED_BYTE_IDENTICAL,Superseded/history material preserved in R5 release assets,"[""R5 provenance/release assets""]",SOURCE_R5_MANIFEST_VERIFIED
docs/authorities/protocol_v1_0/history/R1/machine_readable/protocol_profiles.yaml,91137c70ae3a68cbf3c54b6e1d636a3edcd838dbabf6bc5a2b7e18493914af9f,4829,AUTHORITY_OR_AUTHORITY_SUPPORT,EXCLUDED_HISTORY,,COPIED_BYTE_IDENTICAL,Superseded/history material preserved in R5 release assets,"[""R5 provenance/release assets""]",SOURCE_R5_MANIFEST_VERIFIED
docs/authorities/protocol_v1_0/history/R1/machine_readable/publication_strategy.yaml,774291626af80fb3670d0f22a641589a0f6b6d75fab7a9a5977493f62d52f584,326,AUTHORITY_OR_AUTHORITY_SUPPORT,EXCLUDED_HISTORY,,COPIED_BYTE_IDENTICAL,Superseded/history material preserved in R5 release assets,"[""R5 provenance/release assets""]",SOURCE_R5_MANIFEST_VERIFIED
docs/authorities/protocol_v1_0/history/R1/machine_readable/review_provenance.yaml,31a4ece63de9926589b25cf1be75be086baa047ce5d2637ec58fe25345737ba9,727,AUTHORITY_OR_AUTHORITY_SUPPORT,EXCLUDED_HISTORY,,COPIED_BYTE_IDENTICAL,Superseded/history material preserved in R5 release assets,"[""R5 provenance/release assets""]",SOURCE_R5_MANIFEST_VERIFIED
docs/authorities/protocol_v1_0/history/R1/machine_readable/run_matrix.yaml,a57782e0a0aa4afdc3ca96d5dfc1c6842f2efd73a47bab9e71b08dbe2176afab,18288,AUTHORITY_OR_AUTHORITY_SUPPORT,EXCLUDED_HISTORY,,COPIED_BYTE_IDENTICAL,Superseded/history material preserved in R5 release assets,"[""R5 provenance/release assets""]",SOURCE_R5_MANIFEST_VERIFIED
docs/authorities/protocol_v1_0/history/R1/machine_readable/source_snapshot_manifest.json,fcd944466db160083ab7638c7128dd0a5d471935d8b254c4357dbd14cfce5c12,3643,AUTHORITY_OR_AUTHORITY_SUPPORT,EXCLUDED_HISTORY,,COPIED_BYTE_IDENTICAL,Superseded/history material preserved in R5 release assets,"[""R5 provenance/release assets""]",SOURCE_R5_MANIFEST_VERIFIED
docs/authorities/protocol_v1_0/history/R1/machine_readable/validation_manifest.json,d94f4a496cf4354e8a098cd141c7958187628006525f46f4336f3acccc740961,1324,AUTHORITY_OR_AUTHORITY_SUPPORT,EXCLUDED_HISTORY,,COPIED_BYTE_IDENTICAL,Superseded/history material preserved in R5 release assets,"[""R5 provenance/release assets""]",SOURCE_R5_MANIFEST_VERIFIED
docs/authorities/protocol_v1_0/history/R1/manifests/protocol_freeze_identity_R1.yaml,f0d885b35a4f2ece8b63a8cb91e378dcff6fa38163ee2a927fc46e2cea51f146,910,AUTHORITY_OR_AUTHORITY_SUPPORT,EXCLUDED_HISTORY,,COPIED_BYTE_IDENTICAL,Superseded/history material preserved in R5 release assets,"[""R5 provenance/release assets""]",SOURCE_R5_MANIFEST_VERIFIED
docs/authorities/protocol_v1_0/history/R1/manifests/protocol_requirement_ledger_summary.json,ba4f50c801d6404666d2e687ab54d21079112610989d03d9b6bde1feb74cc61f,168,AUTHORITY_OR_AUTHORITY_SUPPORT,EXCLUDED_HISTORY,,COPIED_BYTE_IDENTICAL,Superseded/history material preserved in R5 release assets,"[""R5 provenance/release assets""]",SOURCE_R5_MANIFEST_VERIFIED
docs/authorities/protocol_v1_0/history/R1/timing/no_drift_report_R1.yaml,9fef457114c5c373a2c20d52d90e9a74e24f600b3699cd6b32b6cfd99cf1eb9e,533,AUTHORITY_OR_AUTHORITY_SUPPORT,EXCLUDED_HISTORY,,COPIED_BYTE_IDENTICAL,Superseded/history material preserved in R5 release assets,"[""R5 provenance/release assets""]",SOURCE_R5_MANIFEST_VERIFIED
docs/authorities/protocol_v1_0/history/R1/timing/timing_mode_audit_R1.yaml,9a707d73fc6a803ced5db7535c62e6d6c1c4aed8b78e291b04dce6b318b46350,1516,AUTHORITY_OR_AUTHORITY_SUPPORT,EXCLUDED_HISTORY,,COPIED_BYTE_IDENTICAL,Superseded/history material preserved in R5 release assets,"[""R5 provenance/release assets""]",SOURCE_R5_MANIFEST_VERIFIED
docs/authorities/protocol_v1_0/history/R1/validation/cross_authority_validation_report_R1.json,6db88271005389686d5bcd74176316f286e9759b7b47f5e4d2064fbd2b409641,610,AUTHORITY_OR_AUTHORITY_SUPPORT,EXCLUDED_HISTORY,,COPIED_BYTE_IDENTICAL,Superseded/history material preserved in R5 release assets,"[""R5 provenance/release assets""]",SOURCE_R5_MANIFEST_VERIFIED
docs/authorities/protocol_v1_0/history/R1/validation/deterministic_validation_report_R1.json,16eb9f1da560fceb1ea4d1a8ac540b5536fe2c952c4a9798bee310e8357f9c2d,199,AUTHORITY_OR_AUTHORITY_SUPPORT,EXCLUDED_HISTORY,,COPIED_BYTE_IDENTICAL,Superseded/history material preserved in R5 release assets,"[""R5 provenance/release assets""]",SOURCE_R5_MANIFEST_VERIFIED
docs/authorities/protocol_v1_0/history/R1/validation/human_machine_no_drift_report_R1.json,0403dbdc5eae89fd4d73442e1209e16625f9eabc44c64757c26d897b95222df1,374,AUTHORITY_OR_AUTHORITY_SUPPORT,EXCLUDED_HISTORY,,COPIED_BYTE_IDENTICAL,Superseded/history material preserved in R5 release assets,"[""R5 provenance/release assets""]",SOURCE_R5_MANIFEST_VERIFIED
docs/authorities/protocol_v1_0/history/R1/validation/semantic_validation_report_R1.json,891e7354d68b9b166471339deaa77fb45ba33dbced9ec451ffd76eb44328e108,435,AUTHORITY_OR_AUTHORITY_SUPPORT,EXCLUDED_HISTORY,,COPIED_BYTE_IDENTICAL,Superseded/history material preserved in R5 release assets,"[""R5 provenance/release assets""]",SOURCE_R5_MANIFEST_VERIFIED
docs/authorities/protocol_v1_0/history/R1/validation/structural_validation_report_R1.json,07295de49509bab9cc15bc97bfa0cc264f7efd547db532cda74a61e95e569460,505,AUTHORITY_OR_AUTHORITY_SUPPORT,EXCLUDED_HISTORY,,COPIED_BYTE_IDENTICAL,Superseded/history material preserved in R5 release assets,"[""R5 provenance/release assets""]",SOURCE_R5_MANIFEST_VERIFIED
docs/authorities/protocol_v1_0/indexes/Phase_Annex_Index_R1.yaml,77e90cbdf477fc0bc379e22c9a66c9091f054cf22b9800da992f66d5d3afd07b,2887,AUTHORITY_OR_AUTHORITY_SUPPORT,RELEASE_ASSET_ONLY,,COPIED_BYTE_IDENTICAL,Preserved in the exact R5 archive; not required in the normal working tree,"[""R5 provenance/release assets""]",SOURCE_R5_MANIFEST_VERIFIED
docs/authorities/protocol_v1_0/indexes/Phase_Annex_Index_R2.yaml,f5641a0c1f552b4c6993398bf6965f89eb41af59b1f3fd6bdba0d0418a80c0b3,2903,AUTHORITY_OR_AUTHORITY_SUPPORT,RELEASE_ASSET_ONLY,,COPIED_BYTE_IDENTICAL,Preserved in the exact R5 archive; not required in the normal working tree,"[""R5 provenance/release assets""]",SOURCE_R5_MANIFEST_VERIFIED
docs/authorities/protocol_v1_0/machine_readable/amendment_log.yaml,e717c6ee4d1ad3401bd157baaf695b5540f520c82dfb2f78a703d7440b8936be,775,AUTHORITY_OR_AUTHORITY_SUPPORT,RELEASE_ASSET_ONLY,,COPIED_BYTE_IDENTICAL,Preserved in the exact R5 archive; not required in the normal working tree,"[""R5 provenance/release assets""]",SOURCE_R5_MANIFEST_VERIFIED
docs/authorities/protocol_v1_0/machine_readable/analysis_contract.yaml,0a1a498ab5408b31809ce09def94bcd4c34f7def20e11ce46ac15a37e4e998fd,1666,AUTHORITY_OR_AUTHORITY_SUPPORT,RELEASE_ASSET_ONLY,,COPIED_BYTE_IDENTICAL,Preserved in the exact R5 archive; not required in the normal working tree,"[""R5 provenance/release assets""]",SOURCE_R5_MANIFEST_VERIFIED
docs/authorities/protocol_v1_0/machine_readable/master_protocol.yaml,4e76b1632cd5566c1db45fde1062f9ef07fa44505869e09682b1717b17bbe6da,6328,AUTHORITY_OR_AUTHORITY_SUPPORT,RELEASE_ASSET_ONLY,,COPIED_BYTE_IDENTICAL,Preserved in the exact R5 archive; not required in the normal working tree,"[""R5 provenance/release assets""]",SOURCE_R5_MANIFEST_VERIFIED
docs/authorities/protocol_v1_0/machine_readable/phase0_administrative_conformance.yaml,c2346af614a302d2a16e717b1aa7e3a18912a9c50706e34f77cb793988b57cb7,5218,AUTHORITY_OR_AUTHORITY_SUPPORT,RELEASE_ASSET_ONLY,,COPIED_BYTE_IDENTICAL,Preserved in the exact R5 archive; not required in the normal working tree,"[""R5 provenance/release assets""]",SOURCE_R5_MANIFEST_VERIFIED
docs/authorities/protocol_v1_0/machine_readable/phases/p00_annex.yaml,74cc6a9a0a02196f246a41c90278fb33910aebf1e0ade4baef117edbb6f30ff4,3558,AUTHORITY_OR_AUTHORITY_SUPPORT,RELEASE_ASSET_ONLY,,COPIED_BYTE_IDENTICAL,Preserved in the exact R5 archive; not required in the normal working tree,"[""R5 provenance/release assets""]",SOURCE_R5_MANIFEST_VERIFIED
docs/authorities/protocol_v1_0/machine_readable/protocol_profiles.yaml,9829a0cebb847499f20f127ae9431c6c8d802f609e1c983d1daafa1c1f9b50aa,4918,AUTHORITY_OR_AUTHORITY_SUPPORT,RELEASE_ASSET_ONLY,,COPIED_BYTE_IDENTICAL,Preserved in the exact R5 archive; not required in the normal working tree,"[""R5 provenance/release assets""]",SOURCE_R5_MANIFEST_VERIFIED
docs/authorities/protocol_v1_0/machine_readable/publication_strategy.yaml,477c96b7958a99b07d5c0bf3d0afdcb3d367116c3eb585c5ee6462a6fc96f183,474,AUTHORITY_OR_AUTHORITY_SUPPORT,RELEASE_ASSET_ONLY,,COPIED_BYTE_IDENTICAL,Preserved in the exact R5 archive; not required in the normal working tree,"[""R5 provenance/release assets""]",SOURCE_R5_MANIFEST_VERIFIED
docs/authorities/protocol_v1_0/machine_readable/review_provenance.yaml,6040b56438af7e59714f57c37594a8dace1d095c043ea62a37d51ccf0359feb6,872,AUTHORITY_OR_AUTHORITY_SUPPORT,RELEASE_ASSET_ONLY,,COPIED_BYTE_IDENTICAL,Preserved in the exact R5 archive; not required in the normal working tree,"[""R5 provenance/release assets""]",SOURCE_R5_MANIFEST_VERIFIED
docs/authorities/protocol_v1_0/machine_readable/run_matrix.yaml,9dfc032f8f6bc05164b6c7f3e038a8ac5b43c56906adddc255fd8c8cf0918054,18357,AUTHORITY_OR_AUTHORITY_SUPPORT,RELEASE_ASSET_ONLY,,COPIED_BYTE_IDENTICAL,Preserved in the exact R5 archive; not required in the normal working tree,"[""R5 provenance/release assets""]",SOURCE_R5_MANIFEST_VERIFIED
docs/authorities/protocol_v1_0/machine_readable/source_snapshot_manifest.json,574764673d31a452ba72acd76d1010e185244a214c6fa0fac7808df60542fa24,4237,AUTHORITY_OR_AUTHORITY_SUPPORT,RELEASE_ASSET_ONLY,,COPIED_BYTE_IDENTICAL,Preserved in the exact R5 archive; not required in the normal working tree,"[""R5 provenance/release assets""]",SOURCE_R5_MANIFEST_VERIFIED
docs/authorities/protocol_v1_0/machine_readable/validation_manifest.json,a4faf81e1b6014ca99ae9ee551bc9e2f418a752281778c94d41243644854e074,1390,AUTHORITY_OR_AUTHORITY_SUPPORT,RELEASE_ASSET_ONLY,,COPIED_BYTE_IDENTICAL,Preserved in the exact R5 archive; not required in the normal working tree,"[""R5 provenance/release assets""]",SOURCE_R5_MANIFEST_VERIFIED
docs/authorities/protocol_v1_0/manifests/authority_snapshot_R1.yaml,7bb337ea634278976bfd868f86727cd2d7402b38ecc4612b4a8fd71df4103e6f,4527,AUTHORITY_OR_AUTHORITY_SUPPORT,RELEASE_ASSET_ONLY,,COPIED_BYTE_IDENTICAL,Preserved in the exact R5 archive; not required in the normal working tree,"[""R5 provenance/release assets""]",SOURCE_R5_MANIFEST_VERIFIED
docs/authorities/protocol_v1_0/manifests/phase_identity_migration_R1.yaml,5b2cfd5376c9fbbc6f6a4c2f07dd7a229e8877c5ba0d72c796bc9b2e5cfd3631,4080,AUTHORITY_OR_AUTHORITY_SUPPORT,RELEASE_ASSET_ONLY,,COPIED_BYTE_IDENTICAL,Preserved in the exact R5 archive; not required in the normal working tree,"[""R5 provenance/release assets""]",SOURCE_R5_MANIFEST_VERIFIED
docs/authorities/protocol_v1_0/manifests/protocol_conflict_ledger_R1.yaml,8d8a1d3cacf29f47d6ddf89359f110a84ca94d86c040ba8b46c56f320042878e,4652,AUTHORITY_OR_AUTHORITY_SUPPORT,RELEASE_ASSET_ONLY,,COPIED_BYTE_IDENTICAL,Preserved in the exact R5 archive; not required in the normal working tree,"[""R5 provenance/release assets""]",SOURCE_R5_MANIFEST_VERIFIED
docs/authorities/protocol_v1_0/manifests/protocol_freeze_identity_R1.yaml,f0d885b35a4f2ece8b63a8cb91e378dcff6fa38163ee2a927fc46e2cea51f146,910,AUTHORITY_OR_AUTHORITY_SUPPORT,RELEASE_ASSET_ONLY,,COPIED_BYTE_IDENTICAL,Preserved in the exact R5 archive; not required in the normal working tree,"[""R5 provenance/release assets""]",SOURCE_R5_MANIFEST_VERIFIED
docs/authorities/protocol_v1_0/manifests/protocol_freeze_identity_R2.yaml,216a77a0650b0c2c3bbad818df0c1e1064590a19ebefc5490043e2bf7e6ee9d0,1025,AUTHORITY_OR_AUTHORITY_SUPPORT,RELEASE_ASSET_ONLY,,COPIED_BYTE_IDENTICAL,Preserved in the exact R5 archive; not required in the normal working tree,"[""R5 provenance/release assets""]",SOURCE_R5_MANIFEST_VERIFIED
docs/authorities/protocol_v1_0/manifests/protocol_package_manifest_R1.json,5fe86d5fbd4000f9504c9cfe5a8e723a544aa8f6c38ab4d1760837fe950145dd,13679,AUTHORITY_OR_AUTHORITY_SUPPORT,RELEASE_ASSET_ONLY,,COPIED_BYTE_IDENTICAL,Preserved in the exact R5 archive; not required in the normal working tree,"[""R5 provenance/release assets""]",SOURCE_R5_MANIFEST_VERIFIED
docs/authorities/protocol_v1_0/manifests/protocol_readiness_supersession_R1.yaml,69a956dfb551efda71eb2f0cbaec2d8d97a9391190cc9dce5b16f1af56a2bb31,307,AUTHORITY_OR_AUTHORITY_SUPPORT,RELEASE_ASSET_ONLY,,COPIED_BYTE_IDENTICAL,Preserved in the exact R5 archive; not required in the normal working tree,"[""R5 provenance/release assets""]",SOURCE_R5_MANIFEST_VERIFIED
docs/authorities/protocol_v1_0/manifests/protocol_requirement_ledger.csv,f469ae7a1157368fc8afad7c3f41a81ccd7faccbccfd57188ccdd21d569ff691,305493,AUTHORITY_OR_AUTHORITY_SUPPORT,RELEASE_ASSET_ONLY,,COPIED_BYTE_IDENTICAL,Preserved in the exact R5 archive; not required in the normal working tree,"[""R5 provenance/release assets""]",SOURCE_R5_MANIFEST_VERIFIED
docs/authorities/protocol_v1_0/manifests/protocol_requirement_ledger_summary.json,ba4f50c801d6404666d2e687ab54d21079112610989d03d9b6bde1feb74cc61f,168,AUTHORITY_OR_AUTHORITY_SUPPORT,RELEASE_ASSET_ONLY,,COPIED_BYTE_IDENTICAL,Preserved in the exact R5 archive; not required in the normal working tree,"[""R5 provenance/release assets""]",SOURCE_R5_MANIFEST_VERIFIED
docs/authorities/protocol_v1_0/manifests/protocol_supersession_R2.yaml,a9a04cf777f3ab6e35fc91b1d5c44eddcf33106cf26f671c30c078f1e13e5211,412,AUTHORITY_OR_AUTHORITY_SUPPORT,RELEASE_ASSET_ONLY,,COPIED_BYTE_IDENTICAL,Preserved in the exact R5 archive; not required in the normal working tree,"[""R5 provenance/release assets""]",SOURCE_R5_MANIFEST_VERIFIED
docs/authorities/protocol_v1_0/master/IHARQ_Protocol_v1_0_Master_R1.md,5cc0cc76fe206320f6fb7f663f153ee8a6358d1527e33ef1961a4bc89462bb6c,19184,AUTHORITY_OR_AUTHORITY_SUPPORT,RELEASE_ASSET_ONLY,,COPIED_BYTE_IDENTICAL,Preserved in the exact R5 archive; not required in the normal working tree,"[""R5 provenance/release assets""]",SOURCE_R5_MANIFEST_VERIFIED
docs/authorities/protocol_v1_0/master/IHARQ_Protocol_v1_0_Master_R2.md,938fcaab2be30d2e59ccc5082a9c3cc6c2ccc3e8889b352099aa514b96e046d4,20189,AUTHORITY_OR_AUTHORITY_SUPPORT,RELEASE_ASSET_ONLY,,COPIED_BYTE_IDENTICAL,Preserved in the exact R5 archive; not required in the normal working tree,"[""R5 provenance/release assets""]",SOURCE_R5_MANIFEST_VERIFIED
docs/authorities/protocol_v1_0/phases/P00/IHARQ_Protocol_v1_0_Phase_00_Annex_R1.md,e5f200fb90852b3b723e8999de792c7f126c99c6ddbabf1a3a234b85b75bad32,17651,AUTHORITY_OR_AUTHORITY_SUPPORT,RELEASE_ASSET_ONLY,,COPIED_BYTE_IDENTICAL,Preserved in the exact R5 archive; not required in the normal working tree,"[""R5 provenance/release assets""]",SOURCE_R5_MANIFEST_VERIFIED
docs/authorities/protocol_v1_0/phases/P00/IHARQ_Protocol_v1_0_Phase_00_Annex_R2.md,a0dbabfc1c5be739955696f8b5d32d9cdbdedf563a1c9225d9767599bbfbd7b5,18172,AUTHORITY_OR_AUTHORITY_SUPPORT,RELEASE_ASSET_ONLY,,COPIED_BYTE_IDENTICAL,Preserved in the exact R5 archive; not required in the normal working tree,"[""R5 provenance/release assets""]",SOURCE_R5_MANIFEST_VERIFIED
docs/authorities/protocol_v1_0/reviews/01_authority_reconstruction.md,f03232af35cf4238616a019f76383d205240c6732f6c43932fbe597b49326d61,480,AUTHORITY_OR_AUTHORITY_SUPPORT,RELEASE_ASSET_ONLY,,COPIED_BYTE_IDENTICAL,Preserved in the exact R5 archive; not required in the normal working tree,"[""R5 provenance/release assets""]",SOURCE_R5_MANIFEST_VERIFIED
docs/authorities/protocol_v1_0/reviews/02_protocol_population.md,9844749d992c03c1750fa20fb697de3dcbd4063e62744fc63562e270cd5d6c2f,444,AUTHORITY_OR_AUTHORITY_SUPPORT,RELEASE_ASSET_ONLY,,COPIED_BYTE_IDENTICAL,Preserved in the exact R5 archive; not required in the normal working tree,"[""R5 provenance/release assets""]",SOURCE_R5_MANIFEST_VERIFIED
docs/authorities/protocol_v1_0/reviews/03_adversarial_protocol.md,2c61d615c4079ab41f9d456c7a0b388aafd93ff7b8fba56f98586e37c590c5e6,517,AUTHORITY_OR_AUTHORITY_SUPPORT,RELEASE_ASSET_ONLY,,COPIED_BYTE_IDENTICAL,Preserved in the exact R5 archive; not required in the normal working tree,"[""R5 provenance/release assets""]",SOURCE_R5_MANIFEST_VERIFIED
docs/authorities/protocol_v1_0/reviews/04_deterministic_validation.md,a902a463fd00da098b571ed32067cc15c0935fda8c4b220690f80c405d44b5f5,425,AUTHORITY_OR_AUTHORITY_SUPPORT,RELEASE_ASSET_ONLY,,COPIED_BYTE_IDENTICAL,Preserved in the exact R5 archive; not required in the normal working tree,"[""R5 provenance/release assets""]",SOURCE_R5_MANIFEST_VERIFIED
docs/authorities/protocol_v1_0/reviews/05_final_governance.md,756178c26b6462ad0b546c5effd2e05d9a95fb11478808e9fe60b4471a39b72f,457,AUTHORITY_OR_AUTHORITY_SUPPORT,RELEASE_ASSET_ONLY,,COPIED_BYTE_IDENTICAL,Preserved in the exact R5 archive; not required in the normal working tree,"[""R5 provenance/release assets""]",SOURCE_R5_MANIFEST_VERIFIED
docs/authorities/protocol_v1_0/templates/Phase_Annex_Instantiation_Template_R1.md,5f55705a9d089ca68d949ea6aa3b2bbab7db98a981ac0605724466696d8db05a,2046,AUTHORITY_OR_AUTHORITY_SUPPORT,RELEASE_ASSET_ONLY,,COPIED_BYTE_IDENTICAL,Preserved in the exact R5 archive; not required in the normal working tree,"[""R5 provenance/release assets""]",SOURCE_R5_MANIFEST_VERIFIED
docs/authorities/protocol_v1_0/templates/Phase_Annex_Instantiation_Template_R2.md,a780c0f6b8fdbf663148bf45bb3d3fb43efb073b299641b9454b0c2fad6a577f,2046,AUTHORITY_OR_AUTHORITY_SUPPORT,RELEASE_ASSET_ONLY,,COPIED_BYTE_IDENTICAL,Preserved in the exact R5 archive; not required in the normal working tree,"[""R5 provenance/release assets""]",SOURCE_R5_MANIFEST_VERIFIED
docs/authorities/protocol_v1_0/timing/no_drift_report_R1.yaml,9fef457114c5c373a2c20d52d90e9a74e24f600b3699cd6b32b6cfd99cf1eb9e,533,AUTHORITY_OR_AUTHORITY_SUPPORT,RELEASE_ASSET_ONLY,,COPIED_BYTE_IDENTICAL,Preserved in the exact R5 archive; not required in the normal working tree,"[""R5 provenance/release assets""]",SOURCE_R5_MANIFEST_VERIFIED
docs/authorities/protocol_v1_0/timing/no_drift_report_R2.yaml,c516672f74cca26fbc95856fc6f57df7dbe6d02819f176704e5683237aecad06,683,AUTHORITY_OR_AUTHORITY_SUPPORT,RELEASE_ASSET_ONLY,,COPIED_BYTE_IDENTICAL,Preserved in the exact R5 archive; not required in the normal working tree,"[""R5 provenance/release assets""]",SOURCE_R5_MANIFEST_VERIFIED
docs/authorities/protocol_v1_0/timing/timing_mode_audit_R1.yaml,9a707d73fc6a803ced5db7535c62e6d6c1c4aed8b78e291b04dce6b318b46350,1516,AUTHORITY_OR_AUTHORITY_SUPPORT,RELEASE_ASSET_ONLY,,COPIED_BYTE_IDENTICAL,Preserved in the exact R5 archive; not required in the normal working tree,"[""R5 provenance/release assets""]",SOURCE_R5_MANIFEST_VERIFIED
docs/authorities/protocol_v1_0/timing/timing_mode_audit_R2.yaml,db994fd841bb8b9e4b12cf8764d5c58360d8f11ed332c1d821d7bbb34c1b089f,1741,AUTHORITY_OR_AUTHORITY_SUPPORT,RELEASE_ASSET_ONLY,,COPIED_BYTE_IDENTICAL,Preserved in the exact R5 archive; not required in the normal working tree,"[""R5 provenance/release assets""]",SOURCE_R5_MANIFEST_VERIFIED
docs/authorities/protocol_v1_0/validation/cross_authority_validation_report_R1.json,6db88271005389686d5bcd74176316f286e9759b7b47f5e4d2064fbd2b409641,610,AUTHORITY_OR_AUTHORITY_SUPPORT,RELEASE_ASSET_ONLY,,COPIED_BYTE_IDENTICAL,Preserved in the exact R5 archive; not required in the normal working tree,"[""R5 provenance/release assets""]",SOURCE_R5_MANIFEST_VERIFIED
docs/authorities/protocol_v1_0/validation/deterministic_validation_report_R1.json,16eb9f1da560fceb1ea4d1a8ac540b5536fe2c952c4a9798bee310e8357f9c2d,199,AUTHORITY_OR_AUTHORITY_SUPPORT,RELEASE_ASSET_ONLY,,COPIED_BYTE_IDENTICAL,Preserved in the exact R5 archive; not required in the normal working tree,"[""R5 provenance/release assets""]",SOURCE_R5_MANIFEST_VERIFIED
docs/authorities/protocol_v1_0/validation/deterministic_validation_report_R2.json,6bcb943d0bdf3b3c18ffc16e9411243c08b7635a355e9401d9c558dd030da4b5,266,AUTHORITY_OR_AUTHORITY_SUPPORT,RELEASE_ASSET_ONLY,,COPIED_BYTE_IDENTICAL,Preserved in the exact R5 archive; not required in the normal working tree,"[""R5 provenance/release assets""]",SOURCE_R5_MANIFEST_VERIFIED
docs/authorities/protocol_v1_0/validation/human_machine_no_drift_report_R1.json,0403dbdc5eae89fd4d73442e1209e16625f9eabc44c64757c26d897b95222df1,374,AUTHORITY_OR_AUTHORITY_SUPPORT,RELEASE_ASSET_ONLY,,COPIED_BYTE_IDENTICAL,Preserved in the exact R5 archive; not required in the normal working tree,"[""R5 provenance/release assets""]",SOURCE_R5_MANIFEST_VERIFIED
docs/authorities/protocol_v1_0/validation/semantic_validation_report_R1.json,891e7354d68b9b166471339deaa77fb45ba33dbced9ec451ffd76eb44328e108,435,AUTHORITY_OR_AUTHORITY_SUPPORT,RELEASE_ASSET_ONLY,,COPIED_BYTE_IDENTICAL,Preserved in the exact R5 archive; not required in the normal working tree,"[""R5 provenance/release assets""]",SOURCE_R5_MANIFEST_VERIFIED
docs/authorities/protocol_v1_0/validation/structural_validation_report_R1.json,07295de49509bab9cc15bc97bfa0cc264f7efd547db532cda74a61e95e569460,505,AUTHORITY_OR_AUTHORITY_SUPPORT,RELEASE_ASSET_ONLY,,COPIED_BYTE_IDENTICAL,Preserved in the exact R5 archive; not required in the normal working tree,"[""R5 provenance/release assets""]",SOURCE_R5_MANIFEST_VERIFIED
docs/decisions/P00_GitHub_CI_Out_of_Scope_No_Gate_Decision_R2.yaml,b70ce1df19929d90ee7801e8986a2618c23045af1c61ed79f5a7c1952d4506b7,1490,DOCUMENTATION,MAIN_TREE_DIRECT,docs/decisions/P00_GitHub_CI_Out_of_Scope_No_Gate_Decision_R2.yaml,COPIED_BYTE_IDENTICAL,Required current reviewer-facing or runtime file,"[""main-tree reviewer/runtime""]",SOURCE_R5_MANIFEST_VERIFIED; DESTINATION_VERIFIED
docs/decisions/P00_Local_First_Conflict_and_Resolution_Ledger_R1.yaml,418a6e0b77f2b825ba35ed50f60d2764c7618e3777ebe0b1fd5055cd90934ec7,1572,DOCUMENTATION,RELEASE_ASSET_ONLY,,COPIED_BYTE_IDENTICAL,Preserved in the exact R5 archive; not required in the normal working tree,"[""R5 provenance/release assets""]",SOURCE_R5_MANIFEST_VERIFIED
docs/decisions/P00_Local_First_Single_Publication_Strategy_R1.yaml,f5b1413c762bad1bc49a7643c1d8cd64c525be24a7a4052e974231d0a980c76a,664,DOCUMENTATION,RELEASE_ASSET_ONLY,,COPIED_BYTE_IDENTICAL,Preserved in the exact R5 archive; not required in the normal working tree,"[""R5 provenance/release assets""]",SOURCE_R5_MANIFEST_VERIFIED
docs/decisions/phase0_final_decision_and_registry_package_R2.yaml,e2ddd6219360d47ad8a4219d0442f51d74e543641d120bb30efe4e446ee5332b,5769,DOCUMENTATION,RELEASE_ASSET_ONLY,,COPIED_BYTE_IDENTICAL,Preserved in the exact R5 archive; not required in the normal working tree,"[""R5 provenance/release assets""]",SOURCE_R5_MANIFEST_VERIFIED
docs/decisions/phase0_llm_decisions_R1.yaml,f9511001cd5693ba34da4bc85c1bcb414044b8b153cfb0071e12625b01fdbb75,2722,DOCUMENTATION,MAIN_TREE_DIRECT,docs/decisions/phase0_llm_decisions_R1.yaml,COPIED_BYTE_IDENTICAL,Required current reviewer-facing or runtime file,"[""main-tree reviewer/runtime""]",SOURCE_R5_MANIFEST_VERIFIED; DESTINATION_VERIFIED
docs/decisions/registry_issue_dispositions_R1.yaml,83932c1cebf784a2fda4e47319755dc80157efd1f99943a378fd5205bd653599,2595,DOCUMENTATION,RELEASE_ASSET_ONLY,,COPIED_BYTE_IDENTICAL,Preserved in the exact R5 archive; not required in the normal working tree,"[""R5 provenance/release assets""]",SOURCE_R5_MANIFEST_VERIFIED
docs/evidence_map/phase_00/IHARQ_Phase_0_Paper_and_Thesis_Evidence_Map_Annex_R1.md,694cf3661a14d2cffc3f9bd51807caf1be8352a3fb3ffcc00c0963025c155fb9,2512,DOCUMENTATION,RELEASE_ASSET_ONLY,,COPIED_BYTE_IDENTICAL,Preserved in the exact R5 archive; not required in the normal working tree,"[""R5 provenance/release assets""]",SOURCE_R5_MANIFEST_VERIFIED
docs/evidence_map/phase_00/IHARQ_Phase_0_Paper_and_Thesis_Evidence_Map_Annex_R2.md,ece1471edf1e117770e7cd3966a61267fd51a726a72630929fd70a1a06a80fd6,937,DOCUMENTATION,RELEASE_ASSET_ONLY,,COPIED_BYTE_IDENTICAL,Preserved in the exact R5 archive; not required in the normal working tree,"[""R5 provenance/release assets""]",SOURCE_R5_MANIFEST_VERIFIED
docs/evidence_map/phase_00/history/R1/IHARQ_Phase_0_Paper_and_Thesis_Evidence_Map_Annex_R1.md,694cf3661a14d2cffc3f9bd51807caf1be8352a3fb3ffcc00c0963025c155fb9,2512,DOCUMENTATION,EXCLUDED_HISTORY,,COPIED_BYTE_IDENTICAL,Superseded/history material preserved in R5 release assets,"[""R5 provenance/release assets""]",SOURCE_R5_MANIFEST_VERIFIED
docs/handoffs/IHARQ_Chat_Continuation_Context_Master_Dossier_R1.md,515c487b053842a10698db5522298a80899806b0bae6be68f4f8b6a22559809a,20111,DOCUMENTATION,RELEASE_ASSET_ONLY,,COPIED_BYTE_IDENTICAL,Preserved in the exact R5 archive; not required in the normal working tree,"[""R5 provenance/release assets""]",SOURCE_R5_MANIFEST_VERIFIED
docs/handoffs/IHARQ_Phase_0_to_Phase_1_Independent_Double_Check_Handoff_R2.md,fb3ba747c26b2bfd7556d9e87e3e04c3e8c860f8b5a094c751b9d9df88e83dc3,1245,DOCUMENTATION,RELEASE_ASSET_ONLY,,COPIED_BYTE_IDENTICAL,Preserved in the exact R5 archive; not required in the normal working tree,"[""R5 provenance/release assets""]",SOURCE_R5_MANIFEST_VERIFIED
docs/handoffs/IHARQ_Phase_0_to_Phase_1_Independent_Double_Check_Handoff_R5.md,7408c8338c6b50ea457167d753fe7299fe8a1b72d9394fc44bf7f0996909a226,2441,DOCUMENTATION,RELEASE_ASSET_ONLY,,COPIED_BYTE_IDENTICAL,Preserved in the exact R5 archive; not required in the normal working tree,"[""R5 provenance/release assets""]",SOURCE_R5_MANIFEST_VERIFIED
docs/layer0/phase_00/IHARQ_Phase_0_Allowed_and_Prohibited_Wording_Catalog_R1.md,2ca27a8502a935ce186ff841a5e58b9d4de24e37decc7df5411ca4dfdef98b5f,4185,DOCUMENTATION,RELEASE_ASSET_ONLY,,COPIED_BYTE_IDENTICAL,Preserved in the exact R5 archive; not required in the normal working tree,"[""R5 provenance/release assets""]",SOURCE_R5_MANIFEST_VERIFIED
docs/layer0/phase_00/IHARQ_Phase_0_Claim_Limitation_and_Warning_Register_R1.md,3c7e2f8d32efb33bb7a943f7c1395e85ebdd35092037ba85edddc900cd7635a4,3012,DOCUMENTATION,RELEASE_ASSET_ONLY,,COPIED_BYTE_IDENTICAL,Preserved in the exact R5 archive; not required in the normal working tree,"[""R5 provenance/release assets""]",SOURCE_R5_MANIFEST_VERIFIED
docs/layer0/phase_00/IHARQ_Phase_0_Claim_Limitation_and_Warning_Register_R2.md,937f04e7b1f87ba389a2ad85d0f8150c823760f5b41d003d81de246a33ce525f,1608,DOCUMENTATION,RELEASE_ASSET_ONLY,,COPIED_BYTE_IDENTICAL,Preserved in the exact R5 archive; not required in the normal working tree,"[""R5 provenance/release assets""]",SOURCE_R5_MANIFEST_VERIFIED
docs/layer0/phase_00/IHARQ_Phase_0_Layer_0_Final_Disposition_Report_R1.md,258fd1b6a5b0c708808222f4160fa425ee208caa8489b5bd31146b1e186bb2ea,4449,DOCUMENTATION,RELEASE_ASSET_ONLY,,COPIED_BYTE_IDENTICAL,Preserved in the exact R5 archive; not required in the normal working tree,"[""R5 provenance/release assets""]",SOURCE_R5_MANIFEST_VERIFIED
docs/layer0/phase_00/IHARQ_Phase_0_Layer_0_Final_Disposition_Report_R2.md,c9f0ef892979e1204fd72b42396c4a2f3181f290bea51111a1559c305ea3fc70,1344,DOCUMENTATION,RELEASE_ASSET_ONLY,,COPIED_BYTE_IDENTICAL,Preserved in the exact R5 archive; not required in the normal working tree,"[""R5 provenance/release assets""]",SOURCE_R5_MANIFEST_VERIFIED
docs/layer0/phase_00/IHARQ_Phase_0_Report_Correction_Decision_R1.md,04d5eeb5cc0939571226f6b1fe8113db3166546f45503ea2e67fbeb157191689,604,DOCUMENTATION,RELEASE_ASSET_ONLY,,COPIED_BYTE_IDENTICAL,Preserved in the exact R5 archive; not required in the normal working tree,"[""R5 provenance/release assets""]",SOURCE_R5_MANIFEST_VERIFIED
docs/layer0/phase_00/history/R1/IHARQ_Phase_0_Allowed_and_Prohibited_Wording_Catalog_R1.md,2ca27a8502a935ce186ff841a5e58b9d4de24e37decc7df5411ca4dfdef98b5f,4185,DOCUMENTATION,EXCLUDED_HISTORY,,COPIED_BYTE_IDENTICAL,Superseded/history material preserved in R5 release assets,"[""R5 provenance/release assets""]",SOURCE_R5_MANIFEST_VERIFIED
docs/layer0/phase_00/history/R1/IHARQ_Phase_0_Claim_Limitation_and_Warning_Register_R1.md,3c7e2f8d32efb33bb7a943f7c1395e85ebdd35092037ba85edddc900cd7635a4,3012,DOCUMENTATION,EXCLUDED_HISTORY,,COPIED_BYTE_IDENTICAL,Superseded/history material preserved in R5 release assets,"[""R5 provenance/release assets""]",SOURCE_R5_MANIFEST_VERIFIED
docs/layer0/phase_00/history/R1/IHARQ_Phase_0_Layer_0_Final_Disposition_Report_R1.md,258fd1b6a5b0c708808222f4160fa425ee208caa8489b5bd31146b1e186bb2ea,4449,DOCUMENTATION,EXCLUDED_HISTORY,,COPIED_BYTE_IDENTICAL,Superseded/history material preserved in R5 release assets,"[""R5 provenance/release assets""]",SOURCE_R5_MANIFEST_VERIFIED
docs/layer0/phase_00/history/R1/IHARQ_Phase_0_Report_Correction_Decision_R1.md,04d5eeb5cc0939571226f6b1fe8113db3166546f45503ea2e67fbeb157191689,604,DOCUMENTATION,EXCLUDED_HISTORY,,COPIED_BYTE_IDENTICAL,Superseded/history material preserved in R5 release assets,"[""R5 provenance/release assets""]",SOURCE_R5_MANIFEST_VERIFIED
docs/layer10/phase_00/IHARQ_Phase_0_Basic_Layer_10_Read_Only_Package_Report_R1.md,26c5776c257fd68c870977039b7a1cab01dde44214442149f767a985d4174f08,2314,DOCUMENTATION,RELEASE_ASSET_ONLY,,COPIED_BYTE_IDENTICAL,Preserved in the exact R5 archive; not required in the normal working tree,"[""R5 provenance/release assets""]",SOURCE_R5_MANIFEST_VERIFIED
docs/layer10/phase_00/IHARQ_Phase_0_Basic_Layer_10_Read_Only_Package_Report_R2.md,1f177dafa8a5051c5e65c1fbc58d3bd1cd656e9741f20861ac0f4831ffee31cb,1203,DOCUMENTATION,RELEASE_ASSET_ONLY,,COPIED_BYTE_IDENTICAL,Preserved in the exact R5 archive; not required in the normal working tree,"[""R5 provenance/release assets""]",SOURCE_R5_MANIFEST_VERIFIED
docs/layer10/phase_00/IHARQ_Phase_0_Reproduction_and_Provenance_Guide_R1.md,c2a65b192ba011c1f65a8d5c100c7c47c3a7509ea3103e22186bd32f9218f5e8,527,DOCUMENTATION,RELEASE_ASSET_ONLY,,COPIED_BYTE_IDENTICAL,Preserved in the exact R5 archive; not required in the normal working tree,"[""R5 provenance/release assets""]",SOURCE_R5_MANIFEST_VERIFIED
docs/layer10/phase_00/cards/01_P00PhaseStatusView.md,f4bcc7d2c2de8b99ebc8c6815ec5cc59c202cf056fd33dc42b6ca9f9e610e45b,386,DOCUMENTATION,RELEASE_ASSET_ONLY,,COPIED_BYTE_IDENTICAL,Preserved in the exact R5 archive; not required in the normal working tree,"[""R5 provenance/release assets""]",SOURCE_R5_MANIFEST_VERIFIED
docs/layer10/phase_00/cards/02_ProtocolStatusView.md,88b14cef28b3db123187f4e95af8588b1a0de570ff8f90025ca37956e61c9511,398,DOCUMENTATION,RELEASE_ASSET_ONLY,,COPIED_BYTE_IDENTICAL,Preserved in the exact R5 archive; not required in the normal working tree,"[""R5 provenance/release assets""]",SOURCE_R5_MANIFEST_VERIFIED
docs/layer10/phase_00/cards/03_P00EngineeringConformanceView.md,68c23fc918b0eeab322b1b1e014adbf605446df104a285441c485cf6cf711765,387,DOCUMENTATION,RELEASE_ASSET_ONLY,,COPIED_BYTE_IDENTICAL,Preserved in the exact R5 archive; not required in the normal working tree,"[""R5 provenance/release assets""]",SOURCE_R5_MANIFEST_VERIFIED
docs/layer10/phase_00/cards/04_P00DeterministicValidationView.md,03c6f1bf1e5c9823e4a7b872f8c9db3e07c20e04c5ccba84c07572f2abecc184,402,DOCUMENTATION,RELEASE_ASSET_ONLY,,COPIED_BYTE_IDENTICAL,Preserved in the exact R5 archive; not required in the normal working tree,"[""R5 provenance/release assets""]",SOURCE_R5_MANIFEST_VERIFIED
docs/layer10/phase_00/cards/05_P00FixtureValidationView.md,a1d6cd1e6ec73d84ee0ec93eacef2fc6eb7264ceb6c8592a030b7aa46a21f12b,396,DOCUMENTATION,RELEASE_ASSET_ONLY,,COPIED_BYTE_IDENTICAL,Preserved in the exact R5 archive; not required in the normal working tree,"[""R5 provenance/release assets""]",SOURCE_R5_MANIFEST_VERIFIED
docs/layer10/phase_00/cards/06_P00ArtifactClosureView.md,a30a5aff109cef377b53ced4b31f812685865fb0f11c273aaf4173b7cdc6ec8c,370,DOCUMENTATION,RELEASE_ASSET_ONLY,,COPIED_BYTE_IDENTICAL,Preserved in the exact R5 archive; not required in the normal working tree,"[""R5 provenance/release assets""]",SOURCE_R5_MANIFEST_VERIFIED
docs/layer10/phase_00/cards/07_P00LayerFoundationReadinessView.md,1c0890207c7d48af1e5ad3240444e7e18a5a0784144e3fdbbdcab0751954f18a,380,DOCUMENTATION,RELEASE_ASSET_ONLY,,COPIED_BYTE_IDENTICAL,Preserved in the exact R5 archive; not required in the normal working tree,"[""R5 provenance/release assets""]",SOURCE_R5_MANIFEST_VERIFIED
docs/layer10/phase_00/cards/08_P00FuturePhaseContractReadinessView.md,0b46d65674ac7982effbed5610a4867461498309bc407cfc2131dcb10f156d41,404,DOCUMENTATION,RELEASE_ASSET_ONLY,,COPIED_BYTE_IDENTICAL,Preserved in the exact R5 archive; not required in the normal working tree,"[""R5 provenance/release assets""]",SOURCE_R5_MANIFEST_VERIFIED
docs/layer10/phase_00/cards/09_AblationReadinessView.md,8330c0362ee6e47a7b1238e8bad914fc23707b1fa65a5244c3b909316920ad3e,317,DOCUMENTATION,RELEASE_ASSET_ONLY,,COPIED_BYTE_IDENTICAL,Preserved in the exact R5 archive; not required in the normal working tree,"[""R5 provenance/release assets""]",SOURCE_R5_MANIFEST_VERIFIED
docs/layer10/phase_00/cards/10_ValidationWarningView.md,204744f534b3dbb06f0ff4c717215f5f587c9ad1805787d40c86c5a7b98b5c1f,456,DOCUMENTATION,RELEASE_ASSET_ONLY,,COPIED_BYTE_IDENTICAL,Preserved in the exact R5 archive; not required in the normal working tree,"[""R5 provenance/release assets""]",SOURCE_R5_MANIFEST_VERIFIED
docs/layer10/phase_00/cards/11_ClaimBoundaryView.md,fa0e05dfb2973615531b20f6b699562ae82e22da5b8ea85a620f29132ee7beac,381,DOCUMENTATION,RELEASE_ASSET_ONLY,,COPIED_BYTE_IDENTICAL,Preserved in the exact R5 archive; not required in the normal working tree,"[""R5 provenance/release assets""]",SOURCE_R5_MANIFEST_VERIFIED
docs/layer10/phase_00/cards/12_P00NegativeAndRepairHistoryView.md,56874d690490b7264d27cbc7cac0bbe43dc0626829569c2bde2d20312d110df9,411,DOCUMENTATION,RELEASE_ASSET_ONLY,,COPIED_BYTE_IDENTICAL,Preserved in the exact R5 archive; not required in the normal working tree,"[""R5 provenance/release assets""]",SOURCE_R5_MANIFEST_VERIFIED
docs/layer10/phase_00/cards/13_P00ReproductionAndIntegrityView.md,6db9c8036b10e76ee3649f63514cce8d3d42f4933dfa3b203ae36da64f78e17b,464,DOCUMENTATION,RELEASE_ASSET_ONLY,,COPIED_BYTE_IDENTICAL,Preserved in the exact R5 archive; not required in the normal working tree,"[""R5 provenance/release assets""]",SOURCE_R5_MANIFEST_VERIFIED
docs/layer10/phase_00/cards/14_ExportIntegrityView.md,f312b6dab5e71262359627bc1ab238ec39de74ce6435a1ea263084c9b3bd3ade,427,DOCUMENTATION,RELEASE_ASSET_ONLY,,COPIED_BYTE_IDENTICAL,Preserved in the exact R5 archive; not required in the normal working tree,"[""R5 provenance/release assets""]",SOURCE_R5_MANIFEST_VERIFIED
docs/layer10/phase_00/history/R1/IHARQ_Phase_0_Basic_Layer_10_Read_Only_Package_Report_R1.md,26c5776c257fd68c870977039b7a1cab01dde44214442149f767a985d4174f08,2314,DOCUMENTATION,EXCLUDED_HISTORY,,COPIED_BYTE_IDENTICAL,Superseded/history material preserved in R5 release assets,"[""R5 provenance/release assets""]",SOURCE_R5_MANIFEST_VERIFIED
docs/layer10/phase_00/history/R1/IHARQ_Phase_0_Reproduction_and_Provenance_Guide_R1.md,c2a65b192ba011c1f65a8d5c100c7c47c3a7509ea3103e22186bd32f9218f5e8,527,DOCUMENTATION,EXCLUDED_HISTORY,,COPIED_BYTE_IDENTICAL,Superseded/history material preserved in R5 release assets,"[""R5 provenance/release assets""]",SOURCE_R5_MANIFEST_VERIFIED
docs/layer10/phase_00/history/R1/cards/01_P00PhaseStatusView.md,c6e35b35e760f739756c4d8ed257f21a1cd14028866d2603eccfa799c499886e,243,DOCUMENTATION,EXCLUDED_HISTORY,,COPIED_BYTE_IDENTICAL,Superseded/history material preserved in R5 release assets,"[""R5 provenance/release assets""]",SOURCE_R5_MANIFEST_VERIFIED
docs/layer10/phase_00/history/R1/cards/02_ProtocolStatusView.md,8bd4d47e1113ac8157fdddc6bb47be53a162b8c323550c76167270308c20ad3a,250,DOCUMENTATION,EXCLUDED_HISTORY,,COPIED_BYTE_IDENTICAL,Superseded/history material preserved in R5 release assets,"[""R5 provenance/release assets""]",SOURCE_R5_MANIFEST_VERIFIED
docs/layer10/phase_00/history/R1/cards/03_P00EngineeringConformanceView.md,0d37114a1b837a31e89c132d1b28978e1af8bb02122360df58969d8bb5e3f00a,251,DOCUMENTATION,EXCLUDED_HISTORY,,COPIED_BYTE_IDENTICAL,Superseded/history material preserved in R5 release assets,"[""R5 provenance/release assets""]",SOURCE_R5_MANIFEST_VERIFIED
docs/layer10/phase_00/history/R1/cards/04_P00DeterministicValidationView.md,75691ae02b2a67c91c846e9b8765957ca4243f9b469ba46879b93c10ba2eefaf,241,DOCUMENTATION,EXCLUDED_HISTORY,,COPIED_BYTE_IDENTICAL,Superseded/history material preserved in R5 release assets,"[""R5 provenance/release assets""]",SOURCE_R5_MANIFEST_VERIFIED
docs/layer10/phase_00/history/R1/cards/05_P00FixtureValidationView.md,4ecb515aea51ad7165c1d3e30e2212ade8145da1c6133361bc626a17393f55a9,253,DOCUMENTATION,EXCLUDED_HISTORY,,COPIED_BYTE_IDENTICAL,Superseded/history material preserved in R5 release assets,"[""R5 provenance/release assets""]",SOURCE_R5_MANIFEST_VERIFIED
docs/layer10/phase_00/history/R1/cards/06_P00ArtifactClosureView.md,34376b162e8dc0ba8f65b6a27215a42a48b57deb29ca2c530a4f439f9492a38e,235,DOCUMENTATION,EXCLUDED_HISTORY,,COPIED_BYTE_IDENTICAL,Superseded/history material preserved in R5 release assets,"[""R5 provenance/release assets""]",SOURCE_R5_MANIFEST_VERIFIED
docs/layer10/phase_00/history/R1/cards/07_P00LayerFoundationReadinessView.md,309f0f39aa03d3b36c3715ed4736098a710c011b8bc6373d3e973d3806a8c1ef,243,DOCUMENTATION,EXCLUDED_HISTORY,,COPIED_BYTE_IDENTICAL,Superseded/history material preserved in R5 release assets,"[""R5 provenance/release assets""]",SOURCE_R5_MANIFEST_VERIFIED
docs/layer10/phase_00/history/R1/cards/08_P00FuturePhaseContractReadinessView.md,0ac2c4d471301070957637773fed62b9c75542281ba35885ffd47109b003c00b,265,DOCUMENTATION,EXCLUDED_HISTORY,,COPIED_BYTE_IDENTICAL,Superseded/history material preserved in R5 release assets,"[""R5 provenance/release assets""]",SOURCE_R5_MANIFEST_VERIFIED
docs/layer10/phase_00/history/R1/cards/09_AblationReadinessView.md,b54f4424f4cf7161e01179f4f558f5864a89b06569a2b8d9c53822360235d2fb,222,DOCUMENTATION,EXCLUDED_HISTORY,,COPIED_BYTE_IDENTICAL,Superseded/history material preserved in R5 release assets,"[""R5 provenance/release assets""]",SOURCE_R5_MANIFEST_VERIFIED
docs/layer10/phase_00/history/R1/cards/10_ValidationWarningView.md,308f59c80fa62922a56da4404da622fd06fab3f6d0ebf10ce0aa1437427d3040,264,DOCUMENTATION,EXCLUDED_HISTORY,,COPIED_BYTE_IDENTICAL,Superseded/history material preserved in R5 release assets,"[""R5 provenance/release assets""]",SOURCE_R5_MANIFEST_VERIFIED
docs/layer10/phase_00/history/R1/cards/11_ClaimBoundaryView.md,8c6fa493b7e3b798751cbd34e3f4551d892658646a6d642296c272c12f6e610c,234,DOCUMENTATION,EXCLUDED_HISTORY,,COPIED_BYTE_IDENTICAL,Superseded/history material preserved in R5 release assets,"[""R5 provenance/release assets""]",SOURCE_R5_MANIFEST_VERIFIED
docs/layer10/phase_00/history/R1/cards/12_P00NegativeAndRepairHistoryView.md,a4fdfc6e3a252411e8a9eefee154ef83d9f77057fbdde471d9221cfac9825825,260,DOCUMENTATION,EXCLUDED_HISTORY,,COPIED_BYTE_IDENTICAL,Superseded/history material preserved in R5 release assets,"[""R5 provenance/release assets""]",SOURCE_R5_MANIFEST_VERIFIED
docs/layer10/phase_00/history/R1/cards/13_P00ReproductionAndIntegrityView.md,19d4670b06c9e625d438b2c504ce141772b83df6beb448014e61896d8d4a4b73,284,DOCUMENTATION,EXCLUDED_HISTORY,,COPIED_BYTE_IDENTICAL,Superseded/history material preserved in R5 release assets,"[""R5 provenance/release assets""]",SOURCE_R5_MANIFEST_VERIFIED
docs/layer10/phase_00/history/R1/cards/14_ExportIntegrityView.md,d8353ac95d64c50a0cf59182624c9c6d328d8682385d90ed6bbf30596deaf9a8,261,DOCUMENTATION,EXCLUDED_HISTORY,,COPIED_BYTE_IDENTICAL,Superseded/history material preserved in R5 release assets,"[""R5 provenance/release assets""]",SOURCE_R5_MANIFEST_VERIFIED
docs/layer10/phase_00/history/R1/index.html,c796c7fbb9da1b7f66f31698d848c0b58a83eeeb6bf5a6e0a5e4dee4c895fd8e,3275,DOCUMENTATION,EXCLUDED_HISTORY,,COPIED_BYTE_IDENTICAL,Superseded/history material preserved in R5 release assets,"[""R5 provenance/release assets""]",SOURCE_R5_MANIFEST_VERIFIED
docs/layer10/phase_00/history/R1/tables/claim_boundary_table.csv,f599dc8dfc58d5a4d63b19712fb2ed73d7eed8464327e8634b84a6fa15b549d1,2042,DOCUMENTATION,EXCLUDED_HISTORY,,COPIED_BYTE_IDENTICAL,Superseded/history material preserved in R5 release assets,"[""R5 provenance/release assets""]",SOURCE_R5_MANIFEST_VERIFIED
docs/layer10/phase_00/history/R1/tables/negative_and_warning_table.csv,877b49737519b1d19b218f6560198ccf0a54080fa64e4dbf67d4520422aacde2,1834,DOCUMENTATION,EXCLUDED_HISTORY,,COPIED_BYTE_IDENTICAL,Superseded/history material preserved in R5 release assets,"[""R5 provenance/release assets""]",SOURCE_R5_MANIFEST_VERIFIED
docs/layer10/phase_00/history/R1/tables/phase0_status_table.csv,30603621838e00b861816f2518a97a028b17e194f4235786443172acddee0915,289,DOCUMENTATION,EXCLUDED_HISTORY,,COPIED_BYTE_IDENTICAL,Superseded/history material preserved in R5 release assets,"[""R5 provenance/release assets""]",SOURCE_R5_MANIFEST_VERIFIED
docs/layer10/phase_00/history/R1/views/01_P00PhaseStatusView.yaml,a5716d3dbab7cb9aa93813f18e2c608a3cbf47d9ffc7768a75945d606d4ada4e,431,DOCUMENTATION,EXCLUDED_HISTORY,,COPIED_BYTE_IDENTICAL,Superseded/history material preserved in R5 release assets,"[""R5 provenance/release assets""]",SOURCE_R5_MANIFEST_VERIFIED
docs/layer10/phase_00/history/R1/views/02_ProtocolStatusView.yaml,459b8543d33619d0ddd7466e63a04cef991b6f55a4dad04ef039942185ea6502,438,DOCUMENTATION,EXCLUDED_HISTORY,,COPIED_BYTE_IDENTICAL,Superseded/history material preserved in R5 release assets,"[""R5 provenance/release assets""]",SOURCE_R5_MANIFEST_VERIFIED
docs/layer10/phase_00/history/R1/views/03_P00EngineeringConformanceView.yaml,34574bfddf53824254dc046687debe267468f2b5d2e47861ed79f8fc1e5670bb,428,DOCUMENTATION,EXCLUDED_HISTORY,,COPIED_BYTE_IDENTICAL,Superseded/history material preserved in R5 release assets,"[""R5 provenance/release assets""]",SOURCE_R5_MANIFEST_VERIFIED
docs/layer10/phase_00/history/R1/views/04_P00DeterministicValidationView.yaml,3287892a09f6ad989e4447b73d176b08c4502b7bf07c7a8bcaa9f5972c31c44a,417,DOCUMENTATION,EXCLUDED_HISTORY,,COPIED_BYTE_IDENTICAL,Superseded/history material preserved in R5 release assets,"[""R5 provenance/release assets""]",SOURCE_R5_MANIFEST_VERIFIED
docs/layer10/phase_00/history/R1/views/05_P00FixtureValidationView.yaml,84a45e8cbf91217c1cfd9a68e458aba4e8379139cf152ea34a8d709acd4bf3f1,435,DOCUMENTATION,EXCLUDED_HISTORY,,COPIED_BYTE_IDENTICAL,Superseded/history material preserved in R5 release assets,"[""R5 provenance/release assets""]",SOURCE_R5_MANIFEST_VERIFIED
docs/layer10/phase_00/history/R1/views/06_P00ArtifactClosureView.yaml,09bfca45e966e3c655431a422d899c06ec0ef474dc05e396f6983aa9cb7d7c52,419,DOCUMENTATION,EXCLUDED_HISTORY,,COPIED_BYTE_IDENTICAL,Superseded/history material preserved in R5 release assets,"[""R5 provenance/release assets""]",SOURCE_R5_MANIFEST_VERIFIED
docs/layer10/phase_00/history/R1/views/07_P00LayerFoundationReadinessView.yaml,0494a603db08b72a8023ddf1fb7375e691992159f932f4563d6abf85a5788456,418,DOCUMENTATION,EXCLUDED_HISTORY,,COPIED_BYTE_IDENTICAL,Superseded/history material preserved in R5 release assets,"[""R5 provenance/release assets""]",SOURCE_R5_MANIFEST_VERIFIED
docs/layer10/phase_00/history/R1/views/08_P00FuturePhaseContractReadinessView.yaml,f116954e5aacca41ede9fbc5e2f9ea6fcd3c0076c4da1a97585db20f9d94186d,436,DOCUMENTATION,EXCLUDED_HISTORY,,COPIED_BYTE_IDENTICAL,Superseded/history material preserved in R5 release assets,"[""R5 provenance/release assets""]",SOURCE_R5_MANIFEST_VERIFIED
docs/layer10/phase_00/history/R1/views/09_AblationReadinessView.yaml,5eb0ca7febc31ab940fb984a4b5ac42d287799c674e4ed29f65429c669b973a0,407,DOCUMENTATION,EXCLUDED_HISTORY,,COPIED_BYTE_IDENTICAL,Superseded/history material preserved in R5 release assets,"[""R5 provenance/release assets""]",SOURCE_R5_MANIFEST_VERIFIED
docs/layer10/phase_00/history/R1/views/10_ValidationWarningView.yaml,1c8d7f813d264df1253a2fac4f38a6d43b82cb68dd5da36d9ded5f2e4b2b7933,451,DOCUMENTATION,EXCLUDED_HISTORY,,COPIED_BYTE_IDENTICAL,Superseded/history material preserved in R5 release assets,"[""R5 provenance/release assets""]",SOURCE_R5_MANIFEST_VERIFIED
docs/layer10/phase_00/history/R1/views/11_ClaimBoundaryView.yaml,f17f68bb1477fd14dd36be9686e37f115bfda8461eed411e67e99f8f94027389,423,DOCUMENTATION,EXCLUDED_HISTORY,,COPIED_BYTE_IDENTICAL,Superseded/history material preserved in R5 release assets,"[""R5 provenance/release assets""]",SOURCE_R5_MANIFEST_VERIFIED
docs/layer10/phase_00/history/R1/views/12_P00NegativeAndRepairHistoryView.yaml,eb4012d001a3d988c7ec6adc5f522bd13a70abff97c5d9a781d455021635827b,435,DOCUMENTATION,EXCLUDED_HISTORY,,COPIED_BYTE_IDENTICAL,Superseded/history material preserved in R5 release assets,"[""R5 provenance/release assets""]",SOURCE_R5_MANIFEST_VERIFIED
docs/layer10/phase_00/history/R1/views/13_P00ReproductionAndIntegrityView.yaml,ed1abdcfe8ca4c5d3fb6abd7bbe252a87f298f40f42f3f051a018dfc998d1960,461,DOCUMENTATION,EXCLUDED_HISTORY,,COPIED_BYTE_IDENTICAL,Superseded/history material preserved in R5 release assets,"[""R5 provenance/release assets""]",SOURCE_R5_MANIFEST_VERIFIED
docs/layer10/phase_00/history/R1/views/14_ExportIntegrityView.yaml,ad9913283a2602477898e8291d64eb3a73b1caa031562c90e9c1381283b07332,448,DOCUMENTATION,EXCLUDED_HISTORY,,COPIED_BYTE_IDENTICAL,Superseded/history material preserved in R5 release assets,"[""R5 provenance/release assets""]",SOURCE_R5_MANIFEST_VERIFIED
docs/layer10/phase_00/index.html,c108aa1dc6ef5b467fe3cb324dafdccdbd973bd37c74a2e1f5ac8fb39289c434,3950,DOCUMENTATION,EXCLUDED_GENERATED_FORMAT,,COPIED_BYTE_IDENTICAL,Duplicate generated format omitted because Markdown/current source controls,"[""R5 provenance/release assets""]",SOURCE_R5_MANIFEST_VERIFIED
docs/layer10/phase_00/tables/claim_boundary_table.csv,f599dc8dfc58d5a4d63b19712fb2ed73d7eed8464327e8634b84a6fa15b549d1,2042,DOCUMENTATION,RELEASE_ASSET_ONLY,,COPIED_BYTE_IDENTICAL,Preserved in the exact R5 archive; not required in the normal working tree,"[""R5 provenance/release assets""]",SOURCE_R5_MANIFEST_VERIFIED
docs/layer10/phase_00/tables/negative_and_warning_table.csv,877b49737519b1d19b218f6560198ccf0a54080fa64e4dbf67d4520422aacde2,1834,DOCUMENTATION,RELEASE_ASSET_ONLY,,COPIED_BYTE_IDENTICAL,Preserved in the exact R5 archive; not required in the normal working tree,"[""R5 provenance/release assets""]",SOURCE_R5_MANIFEST_VERIFIED
docs/layer10/phase_00/tables/phase0_status_table.csv,30603621838e00b861816f2518a97a028b17e194f4235786443172acddee0915,289,DOCUMENTATION,RELEASE_ASSET_ONLY,,COPIED_BYTE_IDENTICAL,Preserved in the exact R5 archive; not required in the normal working tree,"[""R5 provenance/release assets""]",SOURCE_R5_MANIFEST_VERIFIED
docs/layer10/phase_00/views/01_P00PhaseStatusView.yaml,cb396e767864bd5d327afcdd2c895de6f247929fd5e962a45c50acefa9b2d9c2,481,DOCUMENTATION,RELEASE_ASSET_ONLY,,COPIED_BYTE_IDENTICAL,Preserved in the exact R5 archive; not required in the normal working tree,"[""R5 provenance/release assets""]",SOURCE_R5_MANIFEST_VERIFIED
docs/layer10/phase_00/views/02_ProtocolStatusView.yaml,78969badf102200cae5d3c0b8eff68dabbc02bdb7a857ea0d76b24e9c8e3f933,488,DOCUMENTATION,RELEASE_ASSET_ONLY,,COPIED_BYTE_IDENTICAL,Preserved in the exact R5 archive; not required in the normal working tree,"[""R5 provenance/release assets""]",SOURCE_R5_MANIFEST_VERIFIED
docs/layer10/phase_00/views/03_P00EngineeringConformanceView.yaml,71e1bf6bc4736b30550c3378e6e4229d6bfdaedcaf0e675db320763734cb4be3,478,DOCUMENTATION,RELEASE_ASSET_ONLY,,COPIED_BYTE_IDENTICAL,Preserved in the exact R5 archive; not required in the normal working tree,"[""R5 provenance/release assets""]",SOURCE_R5_MANIFEST_VERIFIED
docs/layer10/phase_00/views/04_P00DeterministicValidationView.yaml,b7079dc729b0377edaba63f6d7e7d2aeca74be8d9470e2343f33503c5cc1f85c,467,DOCUMENTATION,RELEASE_ASSET_ONLY,,COPIED_BYTE_IDENTICAL,Preserved in the exact R5 archive; not required in the normal working tree,"[""R5 provenance/release assets""]",SOURCE_R5_MANIFEST_VERIFIED
docs/layer10/phase_00/views/05_P00FixtureValidationView.yaml,c27e074cce2e98fec93fafa3407043cd09f7710ff33860a601642881f3b42114,485,DOCUMENTATION,RELEASE_ASSET_ONLY,,COPIED_BYTE_IDENTICAL,Preserved in the exact R5 archive; not required in the normal working tree,"[""R5 provenance/release assets""]",SOURCE_R5_MANIFEST_VERIFIED
docs/layer10/phase_00/views/06_P00ArtifactClosureView.yaml,ef071bb257c1b49521571d2c9bebabc4e827025e43631595b4d806f3bbfdd03a,469,DOCUMENTATION,RELEASE_ASSET_ONLY,,COPIED_BYTE_IDENTICAL,Preserved in the exact R5 archive; not required in the normal working tree,"[""R5 provenance/release assets""]",SOURCE_R5_MANIFEST_VERIFIED
docs/layer10/phase_00/views/07_P00LayerFoundationReadinessView.yaml,3869e7d4b4e61fc7a539444d0e6b319450528a18ccc47fc491b22b307409dd23,468,DOCUMENTATION,RELEASE_ASSET_ONLY,,COPIED_BYTE_IDENTICAL,Preserved in the exact R5 archive; not required in the normal working tree,"[""R5 provenance/release assets""]",SOURCE_R5_MANIFEST_VERIFIED
docs/layer10/phase_00/views/08_P00FuturePhaseContractReadinessView.yaml,faa0d60c3971d2e5e65e6b551d286b4e46311a7695b7909821d4e78383048aa8,486,DOCUMENTATION,RELEASE_ASSET_ONLY,,COPIED_BYTE_IDENTICAL,Preserved in the exact R5 archive; not required in the normal working tree,"[""R5 provenance/release assets""]",SOURCE_R5_MANIFEST_VERIFIED
docs/layer10/phase_00/views/09_AblationReadinessView.yaml,954632e4a8db9b732cb08d44bb5710ca6abd489da7b2812ec0966de1b59a4bec,457,DOCUMENTATION,RELEASE_ASSET_ONLY,,COPIED_BYTE_IDENTICAL,Preserved in the exact R5 archive; not required in the normal working tree,"[""R5 provenance/release assets""]",SOURCE_R5_MANIFEST_VERIFIED
docs/layer10/phase_00/views/10_ValidationWarningView.yaml,b88979c4a49f6b5da1faf9ffcaf06cd8bf96f6e1f74b7f59d22d21d6ecefbd67,499,DOCUMENTATION,RELEASE_ASSET_ONLY,,COPIED_BYTE_IDENTICAL,Preserved in the exact R5 archive; not required in the normal working tree,"[""R5 provenance/release assets""]",SOURCE_R5_MANIFEST_VERIFIED
docs/layer10/phase_00/views/11_ClaimBoundaryView.yaml,2bceb6c51b5ace044e3e6562d8cbc83458018bf0271187f83c7e90eff8f9b1a3,473,DOCUMENTATION,RELEASE_ASSET_ONLY,,COPIED_BYTE_IDENTICAL,Preserved in the exact R5 archive; not required in the normal working tree,"[""R5 provenance/release assets""]",SOURCE_R5_MANIFEST_VERIFIED
docs/layer10/phase_00/views/12_P00NegativeAndRepairHistoryView.yaml,830c43e0640bb3db937c06fea3645eb8a16c2c60a7b4f2ccf34ab117977e17d8,485,DOCUMENTATION,RELEASE_ASSET_ONLY,,COPIED_BYTE_IDENTICAL,Preserved in the exact R5 archive; not required in the normal working tree,"[""R5 provenance/release assets""]",SOURCE_R5_MANIFEST_VERIFIED
docs/layer10/phase_00/views/13_P00ReproductionAndIntegrityView.yaml,6a0ab14f75a3845e3ba4477b8d85bb997a1b8c49fb2065da8283b329014deeb1,509,DOCUMENTATION,RELEASE_ASSET_ONLY,,COPIED_BYTE_IDENTICAL,Preserved in the exact R5 archive; not required in the normal working tree,"[""R5 provenance/release assets""]",SOURCE_R5_MANIFEST_VERIFIED
docs/layer10/phase_00/views/14_ExportIntegrityView.yaml,5e3e604dd2cf28ac07d9bafdd64b698beff77829b62c7dc921a2651251b59050,498,DOCUMENTATION,RELEASE_ASSET_ONLY,,COPIED_BYTE_IDENTICAL,Preserved in the exact R5 archive; not required in the normal working tree,"[""R5 provenance/release assets""]",SOURCE_R5_MANIFEST_VERIFIED
docs/phase_00/final_documents/00_IHARQ_Phase_0_Final_Document_Index.md,8257f6ef26a26979f73a78b7a19920dcbf07aaa6c17f7997d2ceb1d78b61ecbe,6708,FINAL_DOCUMENT_DISTRIBUTION,MAIN_TREE_DIRECT,docs/phase_00/final_documents/00_IHARQ_Phase_0_Final_Document_Index.md,COPIED_BYTE_IDENTICAL,Required current reviewer-facing or runtime file,"[""main-tree reviewer/runtime""]",SOURCE_R5_MANIFEST_VERIFIED; DESTINATION_VERIFIED
docs/phase_00/final_documents/01_IHARQ_Master_Implementation_Build_Book_Current.md,39ac0a940c5fbf24ebd7e655d368089ff1ec54d69b94ba05408d3d4d921fda84,569578,FINAL_DOCUMENT_DISTRIBUTION,MAIN_TREE_DIRECT,docs/phase_00/final_documents/01_IHARQ_Master_Implementation_Build_Book_Current.md,COPIED_BYTE_IDENTICAL,Required current reviewer-facing or runtime file,"[""main-tree reviewer/runtime""]",SOURCE_R5_MANIFEST_VERIFIED; DESTINATION_VERIFIED
docs/phase_00/final_documents/02_IHARQ_Phase_0_Implementation_and_Finalization_Annex_Current.md,5cb7d898e4f70523458f6d69acfa940a8f2011390667bd9dec16d3d7e52626bc,960,FINAL_DOCUMENT_DISTRIBUTION,MAIN_TREE_DIRECT,docs/phase_00/final_documents/02_IHARQ_Phase_0_Implementation_and_Finalization_Annex_Current.md,COPIED_BYTE_IDENTICAL,Required current reviewer-facing or runtime file,"[""main-tree reviewer/runtime""]",SOURCE_R5_MANIFEST_VERIFIED; DESTINATION_VERIFIED
docs/phase_00/final_documents/03_IHARQ_Protocol_v1_0_Master_Current.md,5207a580daabeea89bca4aeb7aa5f384a89d5e492b0b22a70d81bd8a89b37699,20539,FINAL_DOCUMENT_DISTRIBUTION,MAIN_TREE_DIRECT,docs/phase_00/final_documents/03_IHARQ_Protocol_v1_0_Master_Current.md,COPIED_BYTE_IDENTICAL,Required current reviewer-facing or runtime file,"[""main-tree reviewer/runtime""]",SOURCE_R5_MANIFEST_VERIFIED; DESTINATION_VERIFIED
docs/phase_00/final_documents/04_IHARQ_Protocol_v1_0_Phase_00_Annex_Current.md,55f51429396633a819a003e1885a4081f89ef53add31fa8f1dc6ece9af88be75,18534,FINAL_DOCUMENT_DISTRIBUTION,MAIN_TREE_DIRECT,docs/phase_00/final_documents/04_IHARQ_Protocol_v1_0_Phase_00_Annex_Current.md,COPIED_BYTE_IDENTICAL,Required current reviewer-facing or runtime file,"[""main-tree reviewer/runtime""]",SOURCE_R5_MANIFEST_VERIFIED; DESTINATION_VERIFIED
docs/phase_00/final_documents/05_IHARQ_Protocol_v1_0_Final_Independent_Audit_Report_Current.md,45ad443090615a1238e4ccdd92fee45777cca4b5b26c240854c19df1ab990540,24235,FINAL_DOCUMENT_DISTRIBUTION,MAIN_TREE_DIRECT,docs/phase_00/final_documents/05_IHARQ_Protocol_v1_0_Final_Independent_Audit_Report_Current.md,COPIED_BYTE_IDENTICAL,Required current reviewer-facing or runtime file,"[""main-tree reviewer/runtime""]",SOURCE_R5_MANIFEST_VERIFIED; DESTINATION_VERIFIED
docs/phase_00/final_documents/06_IHARQ_Phase_0_Analysis_Evidence_Results_and_Interpretation_Report_Current.md,805e2c2f55e5d2174553d8e8049c2b97bf03bf7d9ad5a70e7a888d127a6b031d,61053,FINAL_DOCUMENT_DISTRIBUTION,MAIN_TREE_DIRECT,docs/phase_00/final_documents/06_IHARQ_Phase_0_Analysis_Evidence_Results_and_Interpretation_Report_Current.md,COPIED_BYTE_IDENTICAL,Required current reviewer-facing or runtime file,"[""main-tree reviewer/runtime""]",SOURCE_R5_MANIFEST_VERIFIED; DESTINATION_VERIFIED
docs/phase_00/final_documents/07_IHARQ_Phase_0_Analysis_Final_Independent_Audit_Report_Current.md,d990b5639c571803b2f8308e2b79076e91a8a27f7bec09cc91cc318bb1efad41,2071,FINAL_DOCUMENT_DISTRIBUTION,MAIN_TREE_DIRECT,docs/phase_00/final_documents/07_IHARQ_Phase_0_Analysis_Final_Independent_Audit_Report_Current.md,COPIED_BYTE_IDENTICAL,Required current reviewer-facing or runtime file,"[""main-tree reviewer/runtime""]",SOURCE_R5_MANIFEST_VERIFIED; DESTINATION_VERIFIED
docs/phase_00/final_documents/08_IHARQ_Phase_0_Layer_0_Final_Disposition_Report_Current.md,7eaba2cf2e3298f25aa47577e91c3fb031759d083abf9a543363772dca594977,1697,FINAL_DOCUMENT_DISTRIBUTION,MAIN_TREE_DIRECT,docs/phase_00/final_documents/08_IHARQ_Phase_0_Layer_0_Final_Disposition_Report_Current.md,COPIED_BYTE_IDENTICAL,Required current reviewer-facing or runtime file,"[""main-tree reviewer/runtime""]",SOURCE_R5_MANIFEST_VERIFIED; DESTINATION_VERIFIED
docs/phase_00/final_documents/09_IHARQ_Phase_0_Allowed_and_Prohibited_Wording_Catalog_Current.md,f7da95ad932f3b935068004ac91c3e2697fe1a3fee0c8510b730b7e2dfbfbb77,4544,FINAL_DOCUMENT_DISTRIBUTION,MAIN_TREE_DIRECT,docs/phase_00/final_documents/09_IHARQ_Phase_0_Allowed_and_Prohibited_Wording_Catalog_Current.md,COPIED_BYTE_IDENTICAL,Required current reviewer-facing or runtime file,"[""main-tree reviewer/runtime""]",SOURCE_R5_MANIFEST_VERIFIED; DESTINATION_VERIFIED
docs/phase_00/final_documents/10_IHARQ_Phase_0_Claim_Limitation_and_Warning_Register_Current.md,71f22a6c09f7c0a1ff992c6c0602385f072c78edc0b94e0befbb60530b9dee1a,1966,FINAL_DOCUMENT_DISTRIBUTION,MAIN_TREE_DIRECT,docs/phase_00/final_documents/10_IHARQ_Phase_0_Claim_Limitation_and_Warning_Register_Current.md,COPIED_BYTE_IDENTICAL,Required current reviewer-facing or runtime file,"[""main-tree reviewer/runtime""]",SOURCE_R5_MANIFEST_VERIFIED; DESTINATION_VERIFIED
docs/phase_00/final_documents/11_IHARQ_Phase_0_Report_Correction_Decision_Current.md,6973b30057e7a7109360c923ef255c3f1db4289863865a9ac5e6fe4dd9f901ae,951,FINAL_DOCUMENT_DISTRIBUTION,MAIN_TREE_DIRECT,docs/phase_00/final_documents/11_IHARQ_Phase_0_Report_Correction_Decision_Current.md,COPIED_BYTE_IDENTICAL,Required current reviewer-facing or runtime file,"[""main-tree reviewer/runtime""]",SOURCE_R5_MANIFEST_VERIFIED; DESTINATION_VERIFIED
docs/phase_00/final_documents/12_IHARQ_Phase_0_Paper_and_Thesis_Evidence_Map_Annex_Current.md,073521ab95a7bdacf65ddc1573bf96e1a66d4a2d950af9fd7c3239063d2666f8,1299,FINAL_DOCUMENT_DISTRIBUTION,MAIN_TREE_DIRECT,docs/phase_00/final_documents/12_IHARQ_Phase_0_Paper_and_Thesis_Evidence_Map_Annex_Current.md,COPIED_BYTE_IDENTICAL,Required current reviewer-facing or runtime file,"[""main-tree reviewer/runtime""]",SOURCE_R5_MANIFEST_VERIFIED; DESTINATION_VERIFIED
docs/phase_00/final_documents/13_IHARQ_Phase_0_Basic_Layer_10_Read_Only_Package_Report_Current.md,1545bb3cdf71f8ba381cc9f7024047ca193f784e3f1ec7d282a9e3dd73139176,1564,FINAL_DOCUMENT_DISTRIBUTION,MAIN_TREE_DIRECT,docs/phase_00/final_documents/13_IHARQ_Phase_0_Basic_Layer_10_Read_Only_Package_Report_Current.md,COPIED_BYTE_IDENTICAL,Required current reviewer-facing or runtime file,"[""main-tree reviewer/runtime""]",SOURCE_R5_MANIFEST_VERIFIED; DESTINATION_VERIFIED
docs/phase_00/final_documents/14_IHARQ_Phase_0_Reproduction_and_Provenance_Guide_Current.md,8723c78a8fb344e077f5ea56bc2a080691cdb809921f536c3bfc14aa7e607b5d,882,FINAL_DOCUMENT_DISTRIBUTION,MAIN_TREE_DIRECT,docs/phase_00/final_documents/14_IHARQ_Phase_0_Reproduction_and_Provenance_Guide_Current.md,COPIED_BYTE_IDENTICAL,Required current reviewer-facing or runtime file,"[""main-tree reviewer/runtime""]",SOURCE_R5_MANIFEST_VERIFIED; DESTINATION_VERIFIED
docs/phase_00/final_documents/15_IHARQ_Phase_0_L0_EvidenceMap_L10_Final_Independent_Audit_Report_Current.md,b92fc5ac55c320c5d39057b45a6691c176d3c50cc7273d2095f2130fd0e3a437,30617,FINAL_DOCUMENT_DISTRIBUTION,MAIN_TREE_DIRECT,docs/phase_00/final_documents/15_IHARQ_Phase_0_L0_EvidenceMap_L10_Final_Independent_Audit_Report_Current.md,COPIED_BYTE_IDENTICAL,Required current reviewer-facing or runtime file,"[""main-tree reviewer/runtime""]",SOURCE_R5_MANIFEST_VERIFIED; DESTINATION_VERIFIED
docs/phase_00/final_documents/16_IHARQ_Phase_0_Final_Whole_Stack_Closure_Report.md,43cd79d43344a55f41ce982f8169da3c7cc2eb9a2f784540ccb97eb30a5395fa,28898,FINAL_DOCUMENT_DISTRIBUTION,MAIN_TREE_DIRECT,docs/phase_00/final_documents/16_IHARQ_Phase_0_Final_Whole_Stack_Closure_Report.md,COPIED_BYTE_IDENTICAL,Required current reviewer-facing or runtime file,"[""main-tree reviewer/runtime""]",SOURCE_R5_MANIFEST_VERIFIED; DESTINATION_VERIFIED
docs/phase_00/final_documents/17_IHARQ_Phase_0_to_Phase_1_Authorization_and_Handoff.md,2bb0311f0f6bb3731366152106ef77a3daefd0db4e1c64f7674afd7de84310e6,2798,FINAL_DOCUMENT_DISTRIBUTION,MAIN_TREE_DIRECT,docs/phase_00/final_documents/17_IHARQ_Phase_0_to_Phase_1_Authorization_and_Handoff.md,COPIED_BYTE_IDENTICAL,Required current reviewer-facing or runtime file,"[""main-tree reviewer/runtime""]",SOURCE_R5_MANIFEST_VERIFIED; DESTINATION_VERIFIED
docs/phase_00/history/final_documents_R1/00_IHARQ_Phase_0_Final_Document_Index.md,9149ee5cfd3c3e201e76f4f437ccd4e36a38bf5fd477ba82505f2741c293be61,6670,DOCUMENTATION,EXCLUDED_HISTORY,,COPIED_BYTE_IDENTICAL,Superseded/history material preserved in R5 release assets,"[""R5 provenance/release assets""]",SOURCE_R5_MANIFEST_VERIFIED
docs/phase_00/history/final_documents_R1/01_IHARQ_Master_Implementation_Build_Book_Current.md,a603f0224780ad5986c245a834e2b0013fe125c84d4350362443af0caddee6d6,568827,DOCUMENTATION,EXCLUDED_HISTORY,,COPIED_BYTE_IDENTICAL,Superseded/history material preserved in R5 release assets,"[""R5 provenance/release assets""]",SOURCE_R5_MANIFEST_VERIFIED
docs/phase_00/history/final_documents_R1/02_IHARQ_Phase_0_Implementation_and_Finalization_Annex_Current.md,b8005e3737c610b96de008f214dddbb98fb0919743bbf28be79e5c9cf84ee07a,2088,DOCUMENTATION,EXCLUDED_HISTORY,,COPIED_BYTE_IDENTICAL,Superseded/history material preserved in R5 release assets,"[""R5 provenance/release assets""]",SOURCE_R5_MANIFEST_VERIFIED
docs/phase_00/history/final_documents_R1/03_IHARQ_Protocol_v1_0_Master_Current.md,5207a580daabeea89bca4aeb7aa5f384a89d5e492b0b22a70d81bd8a89b37699,20539,DOCUMENTATION,EXCLUDED_HISTORY,,COPIED_BYTE_IDENTICAL,Superseded/history material preserved in R5 release assets,"[""R5 provenance/release assets""]",SOURCE_R5_MANIFEST_VERIFIED
docs/phase_00/history/final_documents_R1/04_IHARQ_Protocol_v1_0_Phase_00_Annex_Current.md,55f51429396633a819a003e1885a4081f89ef53add31fa8f1dc6ece9af88be75,18534,DOCUMENTATION,EXCLUDED_HISTORY,,COPIED_BYTE_IDENTICAL,Superseded/history material preserved in R5 release assets,"[""R5 provenance/release assets""]",SOURCE_R5_MANIFEST_VERIFIED
docs/phase_00/history/final_documents_R1/05_IHARQ_Protocol_v1_0_Final_Independent_Audit_Report_Current.md,2389f6c5576952f06d40a1247adc4e8de132a141897a8a52377a94f4114ec76e,24234,DOCUMENTATION,EXCLUDED_HISTORY,,COPIED_BYTE_IDENTICAL,Superseded/history material preserved in R5 release assets,"[""R5 provenance/release assets""]",SOURCE_R5_MANIFEST_VERIFIED
docs/phase_00/history/final_documents_R1/06_IHARQ_Phase_0_Analysis_Evidence_Results_and_Interpretation_Report_Current.md,d613a11796b1edc83fd9f9fa4a972c6de4520ac9a410bac1a08ac9c07e549f12,47081,DOCUMENTATION,EXCLUDED_HISTORY,,COPIED_BYTE_IDENTICAL,Superseded/history material preserved in R5 release assets,"[""R5 provenance/release assets""]",SOURCE_R5_MANIFEST_VERIFIED
docs/phase_00/history/final_documents_R1/07_IHARQ_Phase_0_Analysis_Final_Independent_Audit_Report_Current.md,be4222dfd6175d097d7d4c191d466e1928355f878dc2260b69a7915d88c657e9,31047,DOCUMENTATION,EXCLUDED_HISTORY,,COPIED_BYTE_IDENTICAL,Superseded/history material preserved in R5 release assets,"[""R5 provenance/release assets""]",SOURCE_R5_MANIFEST_VERIFIED
docs/phase_00/history/final_documents_R1/08_IHARQ_Phase_0_Layer_0_Final_Disposition_Report_Current.md,7eaba2cf2e3298f25aa47577e91c3fb031759d083abf9a543363772dca594977,1697,DOCUMENTATION,EXCLUDED_HISTORY,,COPIED_BYTE_IDENTICAL,Superseded/history material preserved in R5 release assets,"[""R5 provenance/release assets""]",SOURCE_R5_MANIFEST_VERIFIED
docs/phase_00/history/final_documents_R1/09_IHARQ_Phase_0_Allowed_and_Prohibited_Wording_Catalog_Current.md,8c66edb20f3e8abf1cf48e6d50896ff40414196702ef5a1b69c848ef98c1db25,4543,DOCUMENTATION,EXCLUDED_HISTORY,,COPIED_BYTE_IDENTICAL,Superseded/history material preserved in R5 release assets,"[""R5 provenance/release assets""]",SOURCE_R5_MANIFEST_VERIFIED
docs/phase_00/history/final_documents_R1/10_IHARQ_Phase_0_Claim_Limitation_and_Warning_Register_Current.md,24439302cda9383db0ecaf3b4ac39003f00263857aed372df42c9f27873ca9a1,1965,DOCUMENTATION,EXCLUDED_HISTORY,,COPIED_BYTE_IDENTICAL,Superseded/history material preserved in R5 release assets,"[""R5 provenance/release assets""]",SOURCE_R5_MANIFEST_VERIFIED
docs/phase_00/history/final_documents_R1/11_IHARQ_Phase_0_Report_Correction_Decision_Current.md,bf8b631a088f5d2ace8f3ddc648013ca96315b768bd8fac9066527e2191b7cf0,950,DOCUMENTATION,EXCLUDED_HISTORY,,COPIED_BYTE_IDENTICAL,Superseded/history material preserved in R5 release assets,"[""R5 provenance/release assets""]",SOURCE_R5_MANIFEST_VERIFIED
docs/phase_00/history/final_documents_R1/12_IHARQ_Phase_0_Paper_and_Thesis_Evidence_Map_Annex_Current.md,073521ab95a7bdacf65ddc1573bf96e1a66d4a2d950af9fd7c3239063d2666f8,1299,DOCUMENTATION,EXCLUDED_HISTORY,,COPIED_BYTE_IDENTICAL,Superseded/history material preserved in R5 release assets,"[""R5 provenance/release assets""]",SOURCE_R5_MANIFEST_VERIFIED
docs/phase_00/history/final_documents_R1/13_IHARQ_Phase_0_Basic_Layer_10_Read_Only_Package_Report_Current.md,1545bb3cdf71f8ba381cc9f7024047ca193f784e3f1ec7d282a9e3dd73139176,1564,DOCUMENTATION,EXCLUDED_HISTORY,,COPIED_BYTE_IDENTICAL,Superseded/history material preserved in R5 release assets,"[""R5 provenance/release assets""]",SOURCE_R5_MANIFEST_VERIFIED
docs/phase_00/history/final_documents_R1/14_IHARQ_Phase_0_Reproduction_and_Provenance_Guide_Current.md,ddfc48dbf902eb18f09e917baebe15fbd17cb8c770169dd130d25e524b84d04f,881,DOCUMENTATION,EXCLUDED_HISTORY,,COPIED_BYTE_IDENTICAL,Superseded/history material preserved in R5 release assets,"[""R5 provenance/release assets""]",SOURCE_R5_MANIFEST_VERIFIED
docs/phase_00/history/final_documents_R1/15_IHARQ_Phase_0_L0_EvidenceMap_L10_Final_Independent_Audit_Report_Current.md,492334f5a4876eee7e83515a71e7c5a360bf21faf83129539ef76befeec699b5,30616,DOCUMENTATION,EXCLUDED_HISTORY,,COPIED_BYTE_IDENTICAL,Superseded/history material preserved in R5 release assets,"[""R5 provenance/release assets""]",SOURCE_R5_MANIFEST_VERIFIED
docs/phase_00/history/final_documents_R1/16_IHARQ_Phase_0_Final_Whole_Stack_Closure_Report.md,5fd6e1449c77eba61696b6af5be5382109a01a2a828df3efcb5eb1a213a1d6a0,6763,DOCUMENTATION,EXCLUDED_HISTORY,,COPIED_BYTE_IDENTICAL,Superseded/history material preserved in R5 release assets,"[""R5 provenance/release assets""]",SOURCE_R5_MANIFEST_VERIFIED
docs/phase_00/history/final_documents_R1/17_IHARQ_Phase_0_to_Phase_1_Authorization_and_Handoff.md,749605d4cc29bfa38826599214db8f9d468a11f9d5ee2e169a834bdcd40f86f9,2647,DOCUMENTATION,EXCLUDED_HISTORY,,COPIED_BYTE_IDENTICAL,Superseded/history material preserved in R5 release assets,"[""R5 provenance/release assets""]",SOURCE_R5_MANIFEST_VERIFIED
docs/phase_packages/phase_00/blocked_phase1_handoff.yaml,a63397929ba692d4ecd4ca7303f228dddc2edd380fc40caf2abcdd315a3da994,201,DOCUMENTATION,RELEASE_ASSET_ONLY,,COPIED_BYTE_IDENTICAL,Preserved in the exact R5 archive; not required in the normal working tree,"[""R5 provenance/release assets""]",SOURCE_R5_MANIFEST_VERIFIED
docs/phase_packages/phase_00/evidence_map_template.md,8ad34ad09ed5413b6ebec9070d78c5411a65c1ad478705b0a3aa140291809c00,119,DOCUMENTATION,RELEASE_ASSET_ONLY,,COPIED_BYTE_IDENTICAL,Preserved in the exact R5 archive; not required in the normal working tree,"[""R5 provenance/release assets""]",SOURCE_R5_MANIFEST_VERIFIED
docs/phase_packages/phase_00/layer0_template.md,4aad1300cdcc564a89faafba992a2f2c8ad967531e9b561dd51b637d27cf4b52,152,DOCUMENTATION,RELEASE_ASSET_ONLY,,COPIED_BYTE_IDENTICAL,Preserved in the exact R5 archive; not required in the normal working tree,"[""R5 provenance/release assets""]",SOURCE_R5_MANIFEST_VERIFIED
docs/phase_packages/phase_00/layer10_template.md,f930753fa03b80776e7869f934c301c75d2bc02afa210c7e4a2b0f4d3d8eeabf,121,DOCUMENTATION,RELEASE_ASSET_ONLY,,COPIED_BYTE_IDENTICAL,Preserved in the exact R5 archive; not required in the normal working tree,"[""R5 provenance/release assets""]",SOURCE_R5_MANIFEST_VERIFIED
docs/phase_packages/phase_00/preliminary_phase_0_implementation_report.md,0ab6c50cf376f92801e30d98a073ad473a8a91d53edc1da795dd56b95fc3b6d2,223,DOCUMENTATION,RELEASE_ASSET_ONLY,,COPIED_BYTE_IDENTICAL,Preserved in the exact R5 archive; not required in the normal working tree,"[""R5 provenance/release assets""]",SOURCE_R5_MANIFEST_VERIFIED
docs/prompts/IHARQ_Phase_0_Analysis_and_Report_Creation_Master_Prompt_R1.md,0187b28dca6e5e1507733b1b720d59fd5069ba1a7c7dba4a60a4f0eb4f607e00,12625,DOCUMENTATION,RELEASE_ASSET_ONLY,,COPIED_BYTE_IDENTICAL,Preserved in the exact R5 archive; not required in the normal working tree,"[""R5 provenance/release assets""]",SOURCE_R5_MANIFEST_VERIFIED
docs/prompts/IHARQ_Phase_0_Analysis_and_Report_Final_Independent_Double_Check_Prompt_R1.md,897c6d900e3d4548f1e330983875286f8aadfeb691e1819cb6ac6a1a65b281f5,11714,DOCUMENTATION,RELEASE_ASSET_ONLY,,COPIED_BYTE_IDENTICAL,Preserved in the exact R5 archive; not required in the normal working tree,"[""R5 provenance/release assets""]",SOURCE_R5_MANIFEST_VERIFIED
docs/prompts/IHARQ_Phase_0_Final_Implementation_and_Artifact_Completeness_Prompt_R1.md,d21421bc2a1bfafe3c3d1a65243950a273a90b943f32c87863ab46f6945c47fb,14990,DOCUMENTATION,RELEASE_ASSET_ONLY,,COPIED_BYTE_IDENTICAL,Preserved in the exact R5 archive; not required in the normal working tree,"[""R5 provenance/release assets""]",SOURCE_R5_MANIFEST_VERIFIED
docs/prompts/IHARQ_Phase_0_Layer0_EvidenceMap_and_Basic_Layer10_Creation_Master_Prompt_R1.md,9b51ed3379717d6f7865097f6a3a9f48963f191d0dc206b3c12ffb4fc8b1281e,29836,DOCUMENTATION,RELEASE_ASSET_ONLY,,COPIED_BYTE_IDENTICAL,Preserved in the exact R5 archive; not required in the normal working tree,"[""R5 provenance/release assets""]",SOURCE_R5_MANIFEST_VERIFIED
docs/prompts/IHARQ_Phase_0_Layer0_EvidenceMap_and_Basic_Layer10_Final_Double_Check_Prompt_R1.md,321079789f341463d232005c888c98536f57e9d865541475a273da28f4b10203,15552,DOCUMENTATION,RELEASE_ASSET_ONLY,,COPIED_BYTE_IDENTICAL,Preserved in the exact R5 archive; not required in the normal working tree,"[""R5 provenance/release assets""]",SOURCE_R5_MANIFEST_VERIFIED
docs/prompts/IHARQ_Phase_0_Local_First_Finalization_and_Next_Document_Readiness_Master_Prompt_R1.md,b5d7f638e3188118d9f4c1a6a4a40fdd41ea0f39049cb1b0eefef27d86dfbad4,39815,DOCUMENTATION,RELEASE_ASSET_ONLY,,COPIED_BYTE_IDENTICAL,Preserved in the exact R5 archive; not required in the normal working tree,"[""R5 provenance/release assets""]",SOURCE_R5_MANIFEST_VERIFIED
docs/prompts/IHARQ_Phase_0_Official_Layer_Audit_1_Layers_0_to_3_R1.md,67d624891ea91cbebc102a8a4ad4f919b555fc046318bcb19dbaa8de7b4dfe92,7718,DOCUMENTATION,RELEASE_ASSET_ONLY,,COPIED_BYTE_IDENTICAL,Preserved in the exact R5 archive; not required in the normal working tree,"[""R5 provenance/release assets""]",SOURCE_R5_MANIFEST_VERIFIED
docs/prompts/IHARQ_Phase_0_Official_Layer_Audit_2_Layers_4_to_7_R1.md,33104a7349e0583731757f842645a64d6175cf48163a6043188255680c9e8faa,5934,DOCUMENTATION,RELEASE_ASSET_ONLY,,COPIED_BYTE_IDENTICAL,Preserved in the exact R5 archive; not required in the normal working tree,"[""R5 provenance/release assets""]",SOURCE_R5_MANIFEST_VERIFIED
docs/prompts/IHARQ_Phase_0_Official_Layer_Audit_3_Layers_8_to_10_and_Integration_R1.md,1a4c1aa12510b9d85da45f29beb60664d93d66a63d930337b747b7b39d56c9c8,6003,DOCUMENTATION,RELEASE_ASSET_ONLY,,COPIED_BYTE_IDENTICAL,Preserved in the exact R5 archive; not required in the normal working tree,"[""R5 provenance/release assets""]",SOURCE_R5_MANIFEST_VERIFIED
docs/prompts/IHARQ_Phase_0_Protocol_v1_Master_and_Annex_Creation_Prompt_R1.md,0894b8daddd22a5059951053142518fdc85040e625b19dc25b2ca880982c2393,29258,DOCUMENTATION,RELEASE_ASSET_ONLY,,COPIED_BYTE_IDENTICAL,Preserved in the exact R5 archive; not required in the normal working tree,"[""R5 provenance/release assets""]",SOURCE_R5_MANIFEST_VERIFIED
docs/prompts/IHARQ_Protocol_v1_0_Final_Independent_Double_Check_Repair_and_Freeze_Prompt_R1.md,b839a1479133c2312721ac4a37b016a0ed82514da4591b1a946b278065f0036f,36722,DOCUMENTATION,RELEASE_ASSET_ONLY,,COPIED_BYTE_IDENTICAL,Preserved in the exact R5 archive; not required in the normal working tree,"[""R5 provenance/release assets""]",SOURCE_R5_MANIFEST_VERIFIED
docs/prompts/IHARQ_Protocol_v1_0_General_Purpose_Master_and_Phase_Annex_Template_R3_Local_First_LLM_Only_FINAL.md,5774118886cda9d38a2d334d2a7496cf8fa7b3e4e6c9d33fdad728b8b8c5f9b2,159914,DOCUMENTATION,RELEASE_ASSET_ONLY,,COPIED_BYTE_IDENTICAL,Preserved in the exact R5 archive; not required in the normal working tree,"[""R5 provenance/release assets""]",SOURCE_R5_MANIFEST_VERIFIED
docs/prompts/Phase_0_Implementation_GitHub_Master_Prompt_R1.md,afab7c63efa80cb6234d69242a84771bfe404833aac7f6dfb4fb3527a5180a9b,29693,DOCUMENTATION,RELEASE_ASSET_ONLY,,COPIED_BYTE_IDENTICAL,Preserved in the exact R5 archive; not required in the normal working tree,"[""R5 provenance/release assets""]",SOURCE_R5_MANIFEST_VERIFIED
docs/prompts/Phase_0_LLM_Only_Audit_Readiness_Master_Prompt_R2.md,31d9f691e4300d5bb6ba445aad943b8a3ab8de460fc9e7c53caa550a882f56a0,44969,DOCUMENTATION,RELEASE_ASSET_ONLY,,COPIED_BYTE_IDENTICAL,Preserved in the exact R5 archive; not required in the normal working tree,"[""R5 provenance/release assets""]",SOURCE_R5_MANIFEST_VERIFIED
docs/prompts/Phase_0_Orchestration_Meta_Prompt_Historical.txt,0d24ba8087139c895d4695439e2737170bb1ed31e4b3d7e324894a6c46166087,62357,DOCUMENTATION,RELEASE_ASSET_ONLY,,COPIED_BYTE_IDENTICAL,Preserved in the exact R5 archive; not required in the normal working tree,"[""R5 provenance/release assets""]",SOURCE_R5_MANIFEST_VERIFIED
docs/prompts/phase_00/IHARQ_Phase_0_Final_Whole_Stack_Closure_Prompt_R1.md,605ce5f90108b65c4b076a1d2d134f3cf79d215a700c92f2419ec2a5600e93e3,46611,DOCUMENTATION,RELEASE_ASSET_ONLY,,COPIED_BYTE_IDENTICAL,Preserved in the exact R5 archive; not required in the normal working tree,"[""R5 provenance/release assets""]",SOURCE_R5_MANIFEST_VERIFIED
docs/prompts/phase_00/IHARQ_Phase_0_Final_Whole_Stack_Independent_Double_Check_Prompt_R2.md,5b93a20dd19b8fbdd37212306a553447db8325117c0dc1a9db8acd462c588e41,50325,DOCUMENTATION,RELEASE_ASSET_ONLY,,COPIED_BYTE_IDENTICAL,Preserved in the exact R5 archive; not required in the normal working tree,"[""R5 provenance/release assets""]",SOURCE_R5_MANIFEST_VERIFIED
docs/readiness/phase_00/evidence_map/README.md,6a3a2acfacb1bb5bad2f688e544e43615b746b33f08356b81bd5931057ea6141,634,DOCUMENTATION,RELEASE_ASSET_ONLY,,COPIED_BYTE_IDENTICAL,Preserved in the exact R5 archive; not required in the normal working tree,"[""R5 provenance/release assets""]",SOURCE_R5_MANIFEST_VERIFIED
docs/readiness/phase_00/evidence_map/readiness_package_R1.yaml,5de6079c76ec5569927807634d8b55b7b764877e1d0f867bed2ba3e7f7ecbe80,554,DOCUMENTATION,RELEASE_ASSET_ONLY,,COPIED_BYTE_IDENTICAL,Preserved in the exact R5 archive; not required in the normal working tree,"[""R5 provenance/release assets""]",SOURCE_R5_MANIFEST_VERIFIED
docs/readiness/phase_00/layer0/README.md,21c8d37ceed33e5994a40972afe26ead26ea8c9d36c14a1cc182763e692f127f,823,DOCUMENTATION,RELEASE_ASSET_ONLY,,COPIED_BYTE_IDENTICAL,Preserved in the exact R5 archive; not required in the normal working tree,"[""R5 provenance/release assets""]",SOURCE_R5_MANIFEST_VERIFIED
docs/readiness/phase_00/layer0/readiness_package_R1.yaml,bb7438d111779d0a6d511f97297d5ffc4dcf00563bb1459ece06f8a8376c16d0,757,DOCUMENTATION,RELEASE_ASSET_ONLY,,COPIED_BYTE_IDENTICAL,Preserved in the exact R5 archive; not required in the normal working tree,"[""R5 provenance/release assets""]",SOURCE_R5_MANIFEST_VERIFIED
docs/readiness/phase_00/layer10/README.md,27e95b6a87468ce5a1359808332846e8bc466a09a4ed9a2464bc3934789aecfd,747,DOCUMENTATION,RELEASE_ASSET_ONLY,,COPIED_BYTE_IDENTICAL,Preserved in the exact R5 archive; not required in the normal working tree,"[""R5 provenance/release assets""]",SOURCE_R5_MANIFEST_VERIFIED
docs/readiness/phase_00/layer10/readiness_package_R1.yaml,bf8ecd2206d3604ce86b832f40c80c2b96f15b80397acd279fadd3663193e62c,673,DOCUMENTATION,RELEASE_ASSET_ONLY,,COPIED_BYTE_IDENTICAL,Preserved in the exact R5 archive; not required in the normal working tree,"[""R5 provenance/release assets""]",SOURCE_R5_MANIFEST_VERIFIED
docs/readiness/phase_00/phase_analysis/README.md,6e7ab0f8f5e09a3b29bdc72e6c6a1bd6ef58cb5059c9f36ed8ef9121a7f59771,765,DOCUMENTATION,RELEASE_ASSET_ONLY,,COPIED_BYTE_IDENTICAL,Preserved in the exact R5 archive; not required in the normal working tree,"[""R5 provenance/release assets""]",SOURCE_R5_MANIFEST_VERIFIED
docs/readiness/phase_00/phase_analysis/readiness_package_R1.yaml,900c61a59ae7dfb8ac26a68d2c97a539358524ac706d046824f108c01e16a6f8,699,DOCUMENTATION,RELEASE_ASSET_ONLY,,COPIED_BYTE_IDENTICAL,Preserved in the exact R5 archive; not required in the normal working tree,"[""R5 provenance/release assets""]",SOURCE_R5_MANIFEST_VERIFIED
docs/readiness/phase_00/phase_evidence_report/README.md,2879bbc824a4072c66593308594d09ee456a069f369fc7610c2d8048f177a4be,912,DOCUMENTATION,RELEASE_ASSET_ONLY,,COPIED_BYTE_IDENTICAL,Preserved in the exact R5 archive; not required in the normal working tree,"[""R5 provenance/release assets""]",SOURCE_R5_MANIFEST_VERIFIED
docs/readiness/phase_00/phase_evidence_report/readiness_package_R1.yaml,c406c19bd5466532fa2b23d06bb5df1662363ac6141b2400b77a380dc32ee0bf,701,DOCUMENTATION,RELEASE_ASSET_ONLY,,COPIED_BYTE_IDENTICAL,Preserved in the exact R5 archive; not required in the normal working tree,"[""R5 provenance/release assets""]",SOURCE_R5_MANIFEST_VERIFIED
docs/readiness/phase_00/protocol_v1/README.md,dd48a2bbd7d5104c0c4c2278725bf7e7c4ccc857c28abfb531fe497de6e494c2,1064,DOCUMENTATION,RELEASE_ASSET_ONLY,,COPIED_BYTE_IDENTICAL,Preserved in the exact R5 archive; not required in the normal working tree,"[""R5 provenance/release assets""]",SOURCE_R5_MANIFEST_VERIFIED
docs/readiness/phase_00/protocol_v1/readiness_package_R1.yaml,054ab3ad8e3d8bc2a2dec6115aa388ec9fc8f59048f093b8b6d0533df75b7ac0,1010,DOCUMENTATION,RELEASE_ASSET_ONLY,,COPIED_BYTE_IDENTICAL,Preserved in the exact R5 archive; not required in the normal working tree,"[""R5 provenance/release assets""]",SOURCE_R5_MANIFEST_VERIFIED
docs/readiness/phase_00/protocol_v1/supersession_R1.yaml,8204ee9444f92bb35099a62785b34991d093facb633b06f2b2cdd30012d80443,318,DOCUMENTATION,RELEASE_ASSET_ONLY,,COPIED_BYTE_IDENTICAL,Preserved in the exact R5 archive; not required in the normal working tree,"[""R5 provenance/release assets""]",SOURCE_R5_MANIFEST_VERIFIED
docs/release/One_Batch_Future_GitHub_Publication_Checklist_R1.md,ff4c019b2be021d0362a2a064cce30ddd85f12ea3b37ab191c7b1ddae9c65e7a,1248,DOCUMENTATION,RELEASE_ASSET_ONLY,,COPIED_BYTE_IDENTICAL,Preserved in the exact R5 archive; not required in the normal working tree,"[""R5 provenance/release assets""]",SOURCE_R5_MANIFEST_VERIFIED
docs/reports/IHARQ_Phase_0_Final_Implementation_and_Artifact_Completeness_Report_R1.docx,a200f039859cd8fb9c3b7dac51f1a3106c1c586dcfaba126d10eff41cdfedfda,21182,DOCUMENTATION,EXCLUDED_GENERATED_FORMAT,,COPIED_BYTE_IDENTICAL,Duplicate generated format omitted because Markdown/current source controls,"[""R5 provenance/release assets""]",SOURCE_R5_MANIFEST_VERIFIED
docs/reports/IHARQ_Phase_0_Final_Implementation_and_Artifact_Completeness_Report_R1.md,a6dbf4d387541ef86dfb32fa3735719f9ddf29bdbba0919020b3d74f0d8e8f48,17383,DOCUMENTATION,RELEASE_ASSET_ONLY,,COPIED_BYTE_IDENTICAL,Preserved in the exact R5 archive; not required in the normal working tree,"[""R5 provenance/release assets""]",SOURCE_R5_MANIFEST_VERIFIED
docs/reports/IHARQ_Phase_0_Final_Implementation_and_Artifact_Completeness_Report_R3.docx,af8c261521467cb69c095989c1d172352a6c4d0827369159f72d2be1e3ba3d4a,34707,DOCUMENTATION,EXCLUDED_GENERATED_FORMAT,,COPIED_BYTE_IDENTICAL,Duplicate generated format omitted because Markdown/current source controls,"[""R5 provenance/release assets""]",SOURCE_R5_MANIFEST_VERIFIED
docs/reports/IHARQ_Phase_0_Final_Implementation_and_Artifact_Completeness_Report_R3.md,c56a7c9d5bd54040c17687ef88a4ff470cc13b65ed424f2f1a46fdc320e1c69a,38107,DOCUMENTATION,RELEASE_ASSET_ONLY,,COPIED_BYTE_IDENTICAL,Preserved in the exact R5 archive; not required in the normal working tree,"[""R5 provenance/release assets""]",SOURCE_R5_MANIFEST_VERIFIED
docs/reports/IHARQ_Phase_0_Local_First_Finalization_and_Next_Document_Readiness_Report_R1.docx,c872cf53d30ee2a1a9cb97b1c938e698bbcb4be4747a2790a5b3ed06f18c82ba,55280,DOCUMENTATION,EXCLUDED_GENERATED_FORMAT,,COPIED_BYTE_IDENTICAL,Duplicate generated format omitted because Markdown/current source controls,"[""R5 provenance/release assets""]",SOURCE_R5_MANIFEST_VERIFIED
docs/reports/IHARQ_Phase_0_Local_First_Finalization_and_Next_Document_Readiness_Report_R1.md,cbe5c56a669566173db80a18ce46498444851c6c10271607d8483ff08e386082,33819,DOCUMENTATION,RELEASE_ASSET_ONLY,,COPIED_BYTE_IDENTICAL,Preserved in the exact R5 archive; not required in the normal working tree,"[""R5 provenance/release assets""]",SOURCE_R5_MANIFEST_VERIFIED
docs/reports/IHARQ_Phase_0_Local_Implementation_Completeness_and_Audit_Readiness_Report_R1.md,b3a132dda2c4d4652fd814e153fcb5093bba925646889404be6365c743ae22ad,35477,DOCUMENTATION,RELEASE_ASSET_ONLY,,COPIED_BYTE_IDENTICAL,Preserved in the exact R5 archive; not required in the normal working tree,"[""R5 provenance/release assets""]",SOURCE_R5_MANIFEST_VERIFIED
docs/reports/IHARQ_Phase_0_Official_Layer_Audit_1_Layers_0_to_3_Report_R2.docx,e5efbac0eebcf3f11ca9533381ebd89c6dd8a9c47c68c59e07da47d4410360e5,22397,DOCUMENTATION,EXCLUDED_GENERATED_FORMAT,,COPIED_BYTE_IDENTICAL,Duplicate generated format omitted because Markdown/current source controls,"[""R5 provenance/release assets""]",SOURCE_R5_MANIFEST_VERIFIED
docs/reports/IHARQ_Phase_0_Official_Layer_Audit_1_Layers_0_to_3_Report_R2.md,3d05361982a89133b0afc9970bb7b08372fda0240de522b31e5ef8432fcf420e,19317,DOCUMENTATION,RELEASE_ASSET_ONLY,,COPIED_BYTE_IDENTICAL,Preserved in the exact R5 archive; not required in the normal working tree,"[""R5 provenance/release assets""]",SOURCE_R5_MANIFEST_VERIFIED
docs/reports/IHARQ_Phase_0_Official_Layer_Audit_2_Layers_4_to_7_Report_R2.docx,134a5223dc60b1b9cc6102db6f5d0b8eefd87e50f6c1be95c9711f51c4f4a25f,24425,DOCUMENTATION,EXCLUDED_GENERATED_FORMAT,,COPIED_BYTE_IDENTICAL,Duplicate generated format omitted because Markdown/current source controls,"[""R5 provenance/release assets""]",SOURCE_R5_MANIFEST_VERIFIED
docs/reports/IHARQ_Phase_0_Official_Layer_Audit_2_Layers_4_to_7_Report_R2.md,6ffd9e2661ac6452834aca9fe5e4b731276a1564fc5161c42a67c00121daad2e,23642,DOCUMENTATION,RELEASE_ASSET_ONLY,,COPIED_BYTE_IDENTICAL,Preserved in the exact R5 archive; not required in the normal working tree,"[""R5 provenance/release assets""]",SOURCE_R5_MANIFEST_VERIFIED
docs/reports/IHARQ_Phase_0_Official_Layer_Audit_3_Layers_8_to_10_and_Integration_Report_R2.docx,d821d72b9109abb4112fc7780dcac7bc899a240206932e1793398f3e30c9cd1f,27613,DOCUMENTATION,EXCLUDED_GENERATED_FORMAT,,COPIED_BYTE_IDENTICAL,Duplicate generated format omitted because Markdown/current source controls,"[""R5 provenance/release assets""]",SOURCE_R5_MANIFEST_VERIFIED
docs/reports/IHARQ_Phase_0_Official_Layer_Audit_3_Layers_8_to_10_and_Integration_Report_R2.md,1b38362074908bda31502fd03c13d4b620fd1c38af8f9a8db4cc2b694b6b77ce,29871,DOCUMENTATION,RELEASE_ASSET_ONLY,,COPIED_BYTE_IDENTICAL,Preserved in the exact R5 archive; not required in the normal working tree,"[""R5 provenance/release assets""]",SOURCE_R5_MANIFEST_VERIFIED
docs/reports/IHARQ_Phase_0_Protocol_v1_Master_and_Annex_Creation_Report_R1.docx,bb6403df71c9bd74aedfd9114955e6e43b987a048726f7e314858f0a77088e13,46511,DOCUMENTATION,EXCLUDED_GENERATED_FORMAT,,COPIED_BYTE_IDENTICAL,Duplicate generated format omitted because Markdown/current source controls,"[""R5 provenance/release assets""]",SOURCE_R5_MANIFEST_VERIFIED
docs/reports/IHARQ_Phase_0_Protocol_v1_Master_and_Annex_Creation_Report_R1.md,54c1a0785478d4b2fa810cd7dc32cfb2576447fa45f35218f48fc752eee6b8a7,48086,DOCUMENTATION,RELEASE_ASSET_ONLY,,COPIED_BYTE_IDENTICAL,Preserved in the exact R5 archive; not required in the normal working tree,"[""R5 provenance/release assets""]",SOURCE_R5_MANIFEST_VERIFIED
docs/reports/phase_00/IHARQ_Phase_0_Analysis_Completeness_Independent_Audit_Report_R3.md,c2e6849020fb308c18ade1ef8a68aa438fbaa297fd592432cc6299ca9ef73f99,1703,DOCUMENTATION,RELEASE_ASSET_ONLY,,COPIED_BYTE_IDENTICAL,Preserved in the exact R5 archive; not required in the normal working tree,"[""R5 provenance/release assets""]",SOURCE_R5_MANIFEST_VERIFIED
docs/reports/phase_00/IHARQ_Phase_0_Analysis_Evidence_Results_and_Interpretation_Report_R1.docx,c3ba41304ed3760d2de6d21d9e6fa2aabdf9ed9b39daea7ec0800df5d5979688,35952,DOCUMENTATION,EXCLUDED_GENERATED_FORMAT,,COPIED_BYTE_IDENTICAL,Duplicate generated format omitted because Markdown/current source controls,"[""R5 provenance/release assets""]",SOURCE_R5_MANIFEST_VERIFIED
docs/reports/phase_00/IHARQ_Phase_0_Analysis_Evidence_Results_and_Interpretation_Report_R1.md,e3d77e843c379cdca09a1b7bedad2403305438000de03959bb7a2ff42f3ca375,42324,DOCUMENTATION,RELEASE_ASSET_ONLY,,COPIED_BYTE_IDENTICAL,Preserved in the exact R5 archive; not required in the normal working tree,"[""R5 provenance/release assets""]",SOURCE_R5_MANIFEST_VERIFIED
docs/reports/phase_00/IHARQ_Phase_0_Analysis_Evidence_Results_and_Interpretation_Report_R2.docx,a5953f610aa372e2191035a71794057885ab011aad4d3b6c8f4493942dc63181,59599,DOCUMENTATION,EXCLUDED_GENERATED_FORMAT,,COPIED_BYTE_IDENTICAL,Duplicate generated format omitted because Markdown/current source controls,"[""R5 provenance/release assets""]",SOURCE_R5_MANIFEST_VERIFIED
docs/reports/phase_00/IHARQ_Phase_0_Analysis_Evidence_Results_and_Interpretation_Report_R2.md,dd721edbbc3292465d94084c369570f168d57a90ae74d555e7d1e564aa1c4f19,45689,DOCUMENTATION,RELEASE_ASSET_ONLY,,COPIED_BYTE_IDENTICAL,Preserved in the exact R5 archive; not required in the normal working tree,"[""R5 provenance/release assets""]",SOURCE_R5_MANIFEST_VERIFIED
docs/reports/phase_00/IHARQ_Phase_0_Analysis_Evidence_Results_and_Interpretation_Report_R3_LAYER0_CORRECTED.docx,23d62df927f0dad6fdba2cbf8df7c8d8213307e7c7b3157c8c7a31e1e9f53bc2,57774,DOCUMENTATION,EXCLUDED_GENERATED_FORMAT,,COPIED_BYTE_IDENTICAL,Duplicate generated format omitted because Markdown/current source controls,"[""R5 provenance/release assets""]",SOURCE_R5_MANIFEST_VERIFIED
docs/reports/phase_00/IHARQ_Phase_0_Analysis_Evidence_Results_and_Interpretation_Report_R3_LAYER0_CORRECTED.md,c5851abfa3a910b9ce0154ecfcb0d4a1edea79035d6910ddca5cbcec06e234ae,46691,DOCUMENTATION,RELEASE_ASSET_ONLY,,COPIED_BYTE_IDENTICAL,Preserved in the exact R5 archive; not required in the normal working tree,"[""R5 provenance/release assets""]",SOURCE_R5_MANIFEST_VERIFIED
docs/reports/phase_00/IHARQ_Phase_0_Analysis_Evidence_Results_and_Interpretation_Report_R4_FINAL_DOUBLE_CHECK_COMPLETENESS.md,05cfa89ff5506393607346165216a9d5b39d2c621b4f04c0d7787365b159f67f,59813,DOCUMENTATION,RELEASE_ASSET_ONLY,,COPIED_BYTE_IDENTICAL,Preserved in the exact R5 archive; not required in the normal working tree,"[""R5 provenance/release assets""]",SOURCE_R5_MANIFEST_VERIFIED
docs/reports/phase_00/IHARQ_Phase_0_Analysis_Evidence_Results_and_Interpretation_Report_R5_NO_EXTERNAL_CI_GATE.md,81b0d7e0022cd22ba6728ebc032541c112264abe8ac43c8049750e07f69c0a67,60660,DOCUMENTATION,RELEASE_ASSET_ONLY,,COPIED_BYTE_IDENTICAL,Preserved in the exact R5 archive; not required in the normal working tree,"[""R5 provenance/release assets""]",SOURCE_R5_MANIFEST_VERIFIED
docs/reports/phase_00/IHARQ_Phase_0_Analysis_Final_Independent_Audit_Report_R2.docx,763e0ede29ee7eb273805ba681f99c0a2f8d1188054b791a9005d56afcdb4892,54100,DOCUMENTATION,EXCLUDED_GENERATED_FORMAT,,COPIED_BYTE_IDENTICAL,Duplicate generated format omitted because Markdown/current source controls,"[""R5 provenance/release assets""]",SOURCE_R5_MANIFEST_VERIFIED
docs/reports/phase_00/IHARQ_Phase_0_Analysis_Final_Independent_Audit_Report_R2.md,8642aaec25366aace23aae12e0dc5fd084b3f62e6f75480cb0573d4f2b187f93,30687,DOCUMENTATION,RELEASE_ASSET_ONLY,,COPIED_BYTE_IDENTICAL,Preserved in the exact R5 archive; not required in the normal working tree,"[""R5 provenance/release assets""]",SOURCE_R5_MANIFEST_VERIFIED
docs/reports/phase_00/IHARQ_Phase_0_Final_Whole_Stack_Independent_Double_Check_Report_R2.md,a6cef633d77ec2f07dd6cf8f3fa34fb617c495e72dd25c195f90a74425bbf795,22967,DOCUMENTATION,RELEASE_ASSET_ONLY,,COPIED_BYTE_IDENTICAL,Preserved in the exact R5 archive; not required in the normal working tree,"[""R5 provenance/release assets""]",SOURCE_R5_MANIFEST_VERIFIED
docs/reports/phase_00/IHARQ_Phase_0_Final_Whole_Stack_Independent_Double_Check_Report_R5.md,1e7da8359187f2354bb091a32cc4e970ccc4e4ae2d105bf568dfe59de63c9c6e,28527,DOCUMENTATION,RELEASE_ASSET_ONLY,,COPIED_BYTE_IDENTICAL,Preserved in the exact R5 archive; not required in the normal working tree,"[""R5 provenance/release assets""]",SOURCE_R5_MANIFEST_VERIFIED
docs/reports/phase_00/IHARQ_Phase_0_L0_EvidenceMap_L10_Final_Independent_Audit_Report_R2.docx,f53642a24d5922695bc3a9e9fef604456de9fa43590f01054440df5cdc46d193,51532,DOCUMENTATION,EXCLUDED_GENERATED_FORMAT,,COPIED_BYTE_IDENTICAL,Duplicate generated format omitted because Markdown/current source controls,"[""R5 provenance/release assets""]",SOURCE_R5_MANIFEST_VERIFIED
docs/reports/phase_00/IHARQ_Phase_0_L0_EvidenceMap_L10_Final_Independent_Audit_Report_R2.md,e16794022634a439cd8f0029cd54db0362fcb33ec75a46424c1c62b24132bbe5,30246,DOCUMENTATION,RELEASE_ASSET_ONLY,,COPIED_BYTE_IDENTICAL,Preserved in the exact R5 archive; not required in the normal working tree,"[""R5 provenance/release assets""]",SOURCE_R5_MANIFEST_VERIFIED
docs/reports/phase_00/IHARQ_Phase_0_Layer0_EvidenceMap_and_Basic_Layer10_Creation_Report_R1.docx,26a75f5bc9172969fee675bfe6253792fca58fd19421ba1db945f488430b30a7,41909,DOCUMENTATION,EXCLUDED_GENERATED_FORMAT,,COPIED_BYTE_IDENTICAL,Duplicate generated format omitted because Markdown/current source controls,"[""R5 provenance/release assets""]",SOURCE_R5_MANIFEST_VERIFIED
docs/reports/phase_00/IHARQ_Phase_0_Layer0_EvidenceMap_and_Basic_Layer10_Creation_Report_R1.md,c8da1b0bf41fbc3f244e071d9b1ce5a511e84e09a6f704fb12e489c947f7baff,8149,DOCUMENTATION,RELEASE_ASSET_ONLY,,COPIED_BYTE_IDENTICAL,Preserved in the exact R5 archive; not required in the normal working tree,"[""R5 provenance/release assets""]",SOURCE_R5_MANIFEST_VERIFIED
docs/reports/phase_00/history/IHARQ_Phase_0_Analysis_Evidence_Results_and_Interpretation_Report_R3_LAYER0_CORRECTED.md,c5851abfa3a910b9ce0154ecfcb0d4a1edea79035d6910ddca5cbcec06e234ae,46691,DOCUMENTATION,EXCLUDED_HISTORY,,COPIED_BYTE_IDENTICAL,Superseded/history material preserved in R5 release assets,"[""R5 provenance/release assets""]",SOURCE_R5_MANIFEST_VERIFIED
docs/templates/IHARQ_Phase_0_Analysis_Evidence_Results_and_Interpretation_Report_Template_R3_FINAL.md,4b9fa03e58018d6b99ffb352975075b928dd8b39643a406748f6bbf4e76ebedc,49238,DOCUMENTATION,RELEASE_ASSET_ONLY,,COPIED_BYTE_IDENTICAL,Preserved in the exact R5 archive; not required in the normal working tree,"[""R5 provenance/release assets""]",SOURCE_R5_MANIFEST_VERIFIED
docs/templates/analysis_contract_template.yaml,53bc1053db49e5b2b1f8a3216105074e63f839b55208252a7d0626f69e3e686e,217,DOCUMENTATION,RELEASE_ASSET_ONLY,,COPIED_BYTE_IDENTICAL,Preserved in the exact R5 archive; not required in the normal working tree,"[""R5 provenance/release assets""]",SOURCE_R5_MANIFEST_VERIFIED
docs/templates/evidence_map_annex_template.md,7fd26c121fcab0082e1b10283832a9bcdae000c4f2d8e6129325aa58b62ff8ef,271,DOCUMENTATION,RELEASE_ASSET_ONLY,,COPIED_BYTE_IDENTICAL,Preserved in the exact R5 archive; not required in the normal working tree,"[""R5 provenance/release assets""]",SOURCE_R5_MANIFEST_VERIFIED
docs/templates/layer0_disposition_template.md,a6852ced11e229fc5baf64e4b336dee0dc621b9f362890233c8788da70124346,327,DOCUMENTATION,RELEASE_ASSET_ONLY,,COPIED_BYTE_IDENTICAL,Preserved in the exact R5 archive; not required in the normal working tree,"[""R5 provenance/release assets""]",SOURCE_R5_MANIFEST_VERIFIED
docs/templates/layer10_package_template.md,1a32d2d40b44a9cc0ede3939a9342c472fdb9b129b0e1707c3fe986cb5f80276,311,DOCUMENTATION,RELEASE_ASSET_ONLY,,COPIED_BYTE_IDENTICAL,Preserved in the exact R5 archive; not required in the normal working tree,"[""R5 provenance/release assets""]",SOURCE_R5_MANIFEST_VERIFIED
docs/templates/phase_evidence_report_template.md,f091dc3b903216b4cc486927f1a66ffda90f82f3f5c76fa4a8e3f26b6c068eb7,425,DOCUMENTATION,RELEASE_ASSET_ONLY,,COPIED_BYTE_IDENTICAL,Preserved in the exact R5 archive; not required in the normal working tree,"[""R5 provenance/release assets""]",SOURCE_R5_MANIFEST_VERIFIED
docs/templates/phase_handoff_template.yaml,6c88e6ac7fc2d2ecbe18432b2e4510c7567ad9451a39c6fb7a2932974242d545,309,DOCUMENTATION,RELEASE_ASSET_ONLY,,COPIED_BYTE_IDENTICAL,Preserved in the exact R5 archive; not required in the normal working tree,"[""R5 provenance/release assets""]",SOURCE_R5_MANIFEST_VERIFIED
docs/templates/protocol_status_template.yaml,5cb537a1a130f7dc00336f51067858277e7364533395e543505a002afbe840e8,195,DOCUMENTATION,RELEASE_ASSET_ONLY,,COPIED_BYTE_IDENTICAL,Preserved in the exact R5 archive; not required in the normal working tree,"[""R5 provenance/release assets""]",SOURCE_R5_MANIFEST_VERIFIED
docs/templates/repair_reentry_template.yaml,e6feb7f1ec5fb5281b050c6995262359b23c9936fa766b12f431e4de592da6e1,194,DOCUMENTATION,RELEASE_ASSET_ONLY,,COPIED_BYTE_IDENTICAL,Preserved in the exact R5 archive; not required in the normal working tree,"[""R5 provenance/release assets""]",SOURCE_R5_MANIFEST_VERIFIED
fixtures/integrated/authority_to_handoff.json,bd780b6be658e453ec7d7fb0c063ccb91a22c88689c93c86f02f4c5011e981dd,3849,FIXTURE,MAIN_TREE_DIRECT,fixtures/integrated/authority_to_handoff.json,COPIED_BYTE_IDENTICAL,Required current reviewer-facing or runtime file,"[""main-tree reviewer/runtime""]",SOURCE_R5_MANIFEST_VERIFIED; DESTINATION_VERIFIED
fixtures/integrated/embodiment_proxy_official_audit3.json,a6b9dd7a5b1ec7da31603e424abee7cec01dd92af8809ce5aca87dd552ba3f71,77742,FIXTURE,MAIN_TREE_DIRECT,fixtures/integrated/embodiment_proxy_official_audit3.json,COPIED_BYTE_IDENTICAL,Required current reviewer-facing or runtime file,"[""main-tree reviewer/runtime""]",SOURCE_R5_MANIFEST_VERIFIED; DESTINATION_VERIFIED
fixtures/integrated/final_artifact_pointer_checksum_chain.json,d5813e60ac34b898a2e5a0418e682e148aebc8f22a826ff1f9dffba5a975deb0,494,FIXTURE,MAIN_TREE_DIRECT,fixtures/integrated/final_artifact_pointer_checksum_chain.json,COPIED_BYTE_IDENTICAL,Required current reviewer-facing or runtime file,"[""main-tree reviewer/runtime""]",SOURCE_R5_MANIFEST_VERIFIED; DESTINATION_VERIFIED
fixtures/integrated/final_authority_config_artifact_chain.json,af0ad2390c24f5e3be270771c5d36fe20c646207c3822348a3c2827fa67a21f2,1030,FIXTURE,MAIN_TREE_DIRECT,fixtures/integrated/final_authority_config_artifact_chain.json,COPIED_BYTE_IDENTICAL,Required current reviewer-facing or runtime file,"[""main-tree reviewer/runtime""]",SOURCE_R5_MANIFEST_VERIFIED; DESTINATION_VERIFIED
fixtures/integrated/final_future_phase_handoff_chain.json,ec4680f949757517c0c24ac4ee219ddca051fccd200fa74f56e9ff297f2eddfd,9664,FIXTURE,MAIN_TREE_DIRECT,fixtures/integrated/final_future_phase_handoff_chain.json,COPIED_BYTE_IDENTICAL,Required current reviewer-facing or runtime file,"[""main-tree reviewer/runtime""]",SOURCE_R5_MANIFEST_VERIFIED; DESTINATION_VERIFIED
fixtures/integrated/frozen_evaluation.json,ad5da1a8fb280d3a0a1f39860f1d7d05008bcd7797b095ccee73e26e44c0f634,3656,FIXTURE,MAIN_TREE_DIRECT,fixtures/integrated/frozen_evaluation.json,COPIED_BYTE_IDENTICAL,Required current reviewer-facing or runtime file,"[""main-tree reviewer/runtime""]",SOURCE_R5_MANIFEST_VERIFIED; DESTINATION_VERIFIED
fixtures/integrated/frozen_evaluation_official_audit2.json,797a8350cf282712f7ac61f62e14c7c3c62df584dad9ffe39121fd6f816b2087,33706,FIXTURE,MAIN_TREE_DIRECT,fixtures/integrated/frozen_evaluation_official_audit2.json,COPIED_BYTE_IDENTICAL,Required current reviewer-facing or runtime file,"[""main-tree reviewer/runtime""]",SOURCE_R5_MANIFEST_VERIFIED; DESTINATION_VERIFIED
fixtures/integrated/global_integration_official_audit3.json,83101af839022e2531bcc5e4f444d3423c46e68d669c60fd641aa662c6ca2c1a,119192,FIXTURE,MAIN_TREE_DIRECT,fixtures/integrated/global_integration_official_audit3.json,COPIED_BYTE_IDENTICAL,Required current reviewer-facing or runtime file,"[""main-tree reviewer/runtime""]",SOURCE_R5_MANIFEST_VERIFIED; DESTINATION_VERIFIED
fixtures/integrated/layer10_readonly_official_audit3.json,ef3aaa5727d7080264064f90ab8f76f47edcc0eda04d752eb3a1b90af279e59a,77744,FIXTURE,MAIN_TREE_DIRECT,fixtures/integrated/layer10_readonly_official_audit3.json,COPIED_BYTE_IDENTICAL,Required current reviewer-facing or runtime file,"[""main-tree reviewer/runtime""]",SOURCE_R5_MANIFEST_VERIFIED; DESTINATION_VERIFIED
fixtures/integrated/layers_0_3_official_audit.json,95d912497544be2f505fc650fdf7d60e3aee79dd1cc2aa88ce5f8a826dea3576,42409,FIXTURE,MAIN_TREE_DIRECT,fixtures/integrated/layers_0_3_official_audit.json,COPIED_BYTE_IDENTICAL,Required current reviewer-facing or runtime file,"[""main-tree reviewer/runtime""]",SOURCE_R5_MANIFEST_VERIFIED; DESTINATION_VERIFIED
fixtures/integrated/layers_0_3_traceability.json,dddb1fc16bbc5e577483a34aeb2669134f815c13e1c078ff6b1e8f99e2588461,8495,FIXTURE,MAIN_TREE_DIRECT,fixtures/integrated/layers_0_3_traceability.json,COPIED_BYTE_IDENTICAL,Required current reviewer-facing or runtime file,"[""main-tree reviewer/runtime""]",SOURCE_R5_MANIFEST_VERIFIED; DESTINATION_VERIFIED
fixtures/integrated/layers_3_7_official_audit.json,dae079c142d139d0c3b14852981d43c4fef4b4aea32e95a34597dd902fa7b319,36862,FIXTURE,MAIN_TREE_DIRECT,fixtures/integrated/update_enabled_official_audit2.json,RENAMED_WITHOUT_CONTENT_CHANGE,Required current reviewer-facing or runtime file,"[""main-tree reviewer/runtime""]",SOURCE_R5_MANIFEST_VERIFIED; DESTINATION_VERIFIED
fixtures/integrated/layers_3_7_policy_trace.json,0633ed235503f398881cdd4cb1fdab259f14f20d6aaef806196cb9e9599f37a3,12200,FIXTURE,MAIN_TREE_DIRECT,fixtures/integrated/layers_3_7_policy_trace.json,COPIED_BYTE_IDENTICAL,Required current reviewer-facing or runtime file,"[""main-tree reviewer/runtime""]",SOURCE_R5_MANIFEST_VERIFIED; DESTINATION_VERIFIED
fixtures/integrated/layers_7_10_official_audit3.json,29096b010392f73d11bc048dfd4220109023dda1be48d7fcd39f8ccab295c38c,77750,FIXTURE,MAIN_TREE_DIRECT,fixtures/integrated/layers_7_10_official_audit3.json,COPIED_BYTE_IDENTICAL,Required current reviewer-facing or runtime file,"[""main-tree reviewer/runtime""]",SOURCE_R5_MANIFEST_VERIFIED; DESTINATION_VERIFIED
fixtures/integrated/layers_7_10_stress_embodiment.json,f9837b18b78da760bc7f29d6c5891d22f9b2623cb83664d898e7388d89897007,8586,FIXTURE,MAIN_TREE_DIRECT,fixtures/integrated/layers_7_10_stress_embodiment.json,COPIED_BYTE_IDENTICAL,Required current reviewer-facing or runtime file,"[""main-tree reviewer/runtime""]",SOURCE_R5_MANIFEST_VERIFIED; DESTINATION_VERIFIED
fixtures/integrated/local_first_readiness_chain_R1.json,d35e2af35e1118efbe4eb299e3ddbdcb5308b550a4f747589ceb2a1b48723bbd,900,FIXTURE,MAIN_TREE_DIRECT,fixtures/integrated/local_first_readiness_chain_R1.json,COPIED_BYTE_IDENTICAL,Required current reviewer-facing or runtime file,"[""main-tree reviewer/runtime""]",SOURCE_R5_MANIFEST_VERIFIED; DESTINATION_VERIFIED
fixtures/integrated/stress_lineage_official_audit3.json,d03d10c731266dcef06a2a2d490f1f58a28287802499bcb8cfa92953c824d06c,77738,FIXTURE,MAIN_TREE_DIRECT,fixtures/integrated/stress_lineage_official_audit3.json,COPIED_BYTE_IDENTICAL,Required current reviewer-facing or runtime file,"[""main-tree reviewer/runtime""]",SOURCE_R5_MANIFEST_VERIFIED; DESTINATION_VERIFIED
fixtures/integrated/update_enabled_official_audit2.json,dae079c142d139d0c3b14852981d43c4fef4b4aea32e95a34597dd902fa7b319,36862,FIXTURE,RELEASE_ASSET_ONLY,,COPIED_BYTE_IDENTICAL,Preserved in the exact R5 archive; not required in the normal working tree,"[""R5 provenance/release assets""]",SOURCE_R5_MANIFEST_VERIFIED
fixtures/invalid/a14.json,2734fbb1651a44056eac702a4fe180f4c8367d730873bd85b3d7517022866e3d,954,FIXTURE,MAIN_TREE_DIRECT,fixtures/invalid/a14.json,COPIED_BYTE_IDENTICAL,Required current reviewer-facing or runtime file,"[""main-tree reviewer/runtime""]",SOURCE_R5_MANIFEST_VERIFIED; DESTINATION_VERIFIED
fixtures/invalid/audit1_calibration_source_link.json,f5f6d1b351b3605e3153ec6cd63660c131b47fb51fa8f86a77a81da31bf84ae9,42453,FIXTURE,MAIN_TREE_DIRECT,fixtures/invalid/audit1_calibration_source_link.json,COPIED_BYTE_IDENTICAL,Required current reviewer-facing or runtime file,"[""main-tree reviewer/runtime""]",SOURCE_R5_MANIFEST_VERIFIED; DESTINATION_VERIFIED
fixtures/invalid/audit1_claim_clinical.json,3bc6def10c040f1edc9b2a55fe7655e55a0b2971c417eaa8ed39e1f39d7987e0,42489,FIXTURE,MAIN_TREE_DIRECT,fixtures/invalid/audit1_claim_clinical.json,COPIED_BYTE_IDENTICAL,Required current reviewer-facing or runtime file,"[""main-tree reviewer/runtime""]",SOURCE_R5_MANIFEST_VERIFIED; DESTINATION_VERIFIED
fixtures/invalid/audit1_claim_deployment.json,cc9c97ca6a25c81900d5724b9e2d3dcdf37483cf6072b0f45db7c4df43f28a61,42493,FIXTURE,MAIN_TREE_DIRECT,fixtures/invalid/audit1_claim_deployment.json,COPIED_BYTE_IDENTICAL,Required current reviewer-facing or runtime file,"[""main-tree reviewer/runtime""]",SOURCE_R5_MANIFEST_VERIFIED; DESTINATION_VERIFIED
fixtures/invalid/audit1_claim_regulatory.json,035a6d940104d2ebd1c19284e247a47472e6af34a2bec24b692276cc39523713,42493,FIXTURE,MAIN_TREE_DIRECT,fixtures/invalid/audit1_claim_regulatory.json,COPIED_BYTE_IDENTICAL,Required current reviewer-facing or runtime file,"[""main-tree reviewer/runtime""]",SOURCE_R5_MANIFEST_VERIFIED; DESTINATION_VERIFIED
fixtures/invalid/audit1_claim_safety.json,1108461f4c264676c658e4c98d88ff18d2cf9f5b31edd20035396af4590abe21,42485,FIXTURE,MAIN_TREE_DIRECT,fixtures/invalid/audit1_claim_safety.json,COPIED_BYTE_IDENTICAL,Required current reviewer-facing or runtime file,"[""main-tree reviewer/runtime""]",SOURCE_R5_MANIFEST_VERIFIED; DESTINATION_VERIFIED
fixtures/invalid/audit1_claim_scientific.json,9421bfb72bc01bbc20c5f167341ea199cc8e6466affbab42b0163a1a95790120,42493,FIXTURE,MAIN_TREE_DIRECT,fixtures/invalid/audit1_claim_scientific.json,COPIED_BYTE_IDENTICAL,Required current reviewer-facing or runtime file,"[""main-tree reviewer/runtime""]",SOURCE_R5_MANIFEST_VERIFIED; DESTINATION_VERIFIED
fixtures/invalid/audit1_config_identity.json,85756a36a05c2ef793cdb812fdc91f5d50bb441629d8e9a598488feda7a0863f,42447,FIXTURE,MAIN_TREE_DIRECT,fixtures/invalid/audit1_config_identity.json,COPIED_BYTE_IDENTICAL,Required current reviewer-facing or runtime file,"[""main-tree reviewer/runtime""]",SOURCE_R5_MANIFEST_VERIFIED; DESTINATION_VERIFIED
fixtures/invalid/audit1_exclusions_missingness.json,8a990b8be8b2e21699d56ebbc6128c8fd708563eb7102a58b2abb4e2b21bb05e,42454,FIXTURE,MAIN_TREE_DIRECT,fixtures/invalid/audit1_exclusions_missingness.json,COPIED_BYTE_IDENTICAL,Required current reviewer-facing or runtime file,"[""main-tree reviewer/runtime""]",SOURCE_R5_MANIFEST_VERIFIED; DESTINATION_VERIFIED
fixtures/invalid/audit1_fit_evaluation_overlap.json,e78027a1802aee1c825fc14d295180ec6e48a7c57acbb0212787a7bc28f6f3dc,42455,FIXTURE,MAIN_TREE_DIRECT,fixtures/invalid/audit1_fit_evaluation_overlap.json,COPIED_BYTE_IDENTICAL,Required current reviewer-facing or runtime file,"[""main-tree reviewer/runtime""]",SOURCE_R5_MANIFEST_VERIFIED; DESTINATION_VERIFIED
fixtures/invalid/audit1_high_confidence_wrong.json,982e365f9fccaa9ba9a7d96ac598c40951de9bd530e3330c2362851536b9f9b0,42452,FIXTURE,MAIN_TREE_DIRECT,fixtures/invalid/audit1_high_confidence_wrong.json,COPIED_BYTE_IDENTICAL,Required current reviewer-facing or runtime file,"[""main-tree reviewer/runtime""]",SOURCE_R5_MANIFEST_VERIFIED; DESTINATION_VERIFIED
fixtures/invalid/audit1_invalid_threshold.json,f3d063d0d6595d6b5e51136daf93a469c732040801cf96b08801fe656029a7bd,42438,FIXTURE,MAIN_TREE_DIRECT,fixtures/invalid/audit1_invalid_threshold.json,COPIED_BYTE_IDENTICAL,Required current reviewer-facing or runtime file,"[""main-tree reviewer/runtime""]",SOURCE_R5_MANIFEST_VERIFIED; DESTINATION_VERIFIED
fixtures/invalid/audit1_l10_interface.json,e518f205d52277fa08093315434cbdd3d1a73718dc8101926b0344d07126c640,42445,FIXTURE,MAIN_TREE_DIRECT,fixtures/invalid/audit1_l10_interface.json,COPIED_BYTE_IDENTICAL,Required current reviewer-facing or runtime file,"[""main-tree reviewer/runtime""]",SOURCE_R5_MANIFEST_VERIFIED; DESTINATION_VERIFIED
fixtures/invalid/audit1_l4_interface.json,679cedb2070609951bef0a02b88ee420f4905178a1c7877007f6f64b20c89177,42444,FIXTURE,MAIN_TREE_DIRECT,fixtures/invalid/audit1_l4_interface.json,COPIED_BYTE_IDENTICAL,Required current reviewer-facing or runtime file,"[""main-tree reviewer/runtime""]",SOURCE_R5_MANIFEST_VERIFIED; DESTINATION_VERIFIED
fixtures/invalid/audit1_layer0_interference.json,c4ba965c0cc71f27e1df9fc5a30480e8cd1a8e75e8ef34e4b0f2147e2a69f0a3,42453,FIXTURE,MAIN_TREE_DIRECT,fixtures/invalid/audit1_layer0_interference.json,COPIED_BYTE_IDENTICAL,Required current reviewer-facing or runtime file,"[""main-tree reviewer/runtime""]",SOURCE_R5_MANIFEST_VERIFIED; DESTINATION_VERIFIED
fixtures/invalid/audit1_model_checkpoint_link.json,540316e9778f9548ed8a0f9e7c8ba388752bf095c579bda72aaebae558312b45,42450,FIXTURE,MAIN_TREE_DIRECT,fixtures/invalid/audit1_model_checkpoint_link.json,COPIED_BYTE_IDENTICAL,Required current reviewer-facing or runtime file,"[""main-tree reviewer/runtime""]",SOURCE_R5_MANIFEST_VERIFIED; DESTINATION_VERIFIED
fixtures/invalid/audit1_prediction_model_link.json,e524d32a25157eb9cfe14ee053c338975705ca0a0b5473034deb4897c97112f3,42451,FIXTURE,MAIN_TREE_DIRECT,fixtures/invalid/audit1_prediction_model_link.json,COPIED_BYTE_IDENTICAL,Required current reviewer-facing or runtime file,"[""main-tree reviewer/runtime""]",SOURCE_R5_MANIFEST_VERIFIED; DESTINATION_VERIFIED
fixtures/invalid/audit1_prediction_mutable.json,dcd6207fc515db7da25a78a9ae017cf5bbbac6f8f446548a96069bc92cbec611,42445,FIXTURE,MAIN_TREE_DIRECT,fixtures/invalid/audit1_prediction_mutable.json,COPIED_BYTE_IDENTICAL,Required current reviewer-facing or runtime file,"[""main-tree reviewer/runtime""]",SOURCE_R5_MANIFEST_VERIFIED; DESTINATION_VERIFIED
fixtures/invalid/audit1_raw_derived_missing.json,931db3644975a7a84745ddb4ffadc94ed311dcef86a471a0d020e16ce99ce4c6,42452,FIXTURE,MAIN_TREE_DIRECT,fixtures/invalid/audit1_raw_derived_missing.json,COPIED_BYTE_IDENTICAL,Required current reviewer-facing or runtime file,"[""main-tree reviewer/runtime""]",SOURCE_R5_MANIFEST_VERIFIED; DESTINATION_VERIFIED
fixtures/invalid/audit1_record_hash.json,00cbbdd4c68f0373a7933b706d51f262ebdc175d885433c4d07c07f2f6d3d9a3,42449,FIXTURE,MAIN_TREE_DIRECT,fixtures/invalid/audit1_record_hash.json,COPIED_BYTE_IDENTICAL,Required current reviewer-facing or runtime file,"[""main-tree reviewer/runtime""]",SOURCE_R5_MANIFEST_VERIFIED; DESTINATION_VERIFIED
fixtures/invalid/audit1_seed_environment_lineage.json,f2d95859685a687dc48cd19dd45be69d9254832a637f2bb7a98365160927f2a8,42455,FIXTURE,MAIN_TREE_DIRECT,fixtures/invalid/audit1_seed_environment_lineage.json,COPIED_BYTE_IDENTICAL,Required current reviewer-facing or runtime file,"[""main-tree reviewer/runtime""]",SOURCE_R5_MANIFEST_VERIFIED; DESTINATION_VERIFIED
fixtures/invalid/audit1_trial_window_link.json,282bec0ff1c5524880f692574de712c72f72532c9fdc0729c2b01a826be2175f,42450,FIXTURE,MAIN_TREE_DIRECT,fixtures/invalid/audit1_trial_window_link.json,COPIED_BYTE_IDENTICAL,Required current reviewer-facing or runtime file,"[""main-tree reviewer/runtime""]",SOURCE_R5_MANIFEST_VERIFIED; DESTINATION_VERIFIED
fixtures/invalid/audit2_adaptive_frozen_outputs_distinct.json,21cdda6d67d598da1d4c4e61ab714ada72507dbccbd063346e14b5f2f3b681b4,36886,FIXTURE,MAIN_TREE_DIRECT,fixtures/invalid/audit2_adaptive_frozen_outputs_distinct.json,COPIED_BYTE_IDENTICAL,Required current reviewer-facing or runtime file,"[""main-tree reviewer/runtime""]",SOURCE_R5_MANIFEST_VERIFIED; DESTINATION_VERIFIED
fixtures/invalid/audit2_adaptive_frozen_separated.json,3671b760d3c972e0e6546ba7c9feefd5201cfcb3a989361bab74ab63b16bec9e,36879,FIXTURE,MAIN_TREE_DIRECT,fixtures/invalid/audit2_adaptive_frozen_separated.json,COPIED_BYTE_IDENTICAL,Required current reviewer-facing or runtime file,"[""main-tree reviewer/runtime""]",SOURCE_R5_MANIFEST_VERIFIED; DESTINATION_VERIFIED
fixtures/invalid/audit2_cost_reward_budget_present.json,26c65b942208295ca31d3362b89b6d3d659065bf26cf33f8006ffa5a72c79323,36880,FIXTURE,MAIN_TREE_DIRECT,fixtures/invalid/audit2_cost_reward_budget_present.json,COPIED_BYTE_IDENTICAL,Required current reviewer-facing or runtime file,"[""main-tree reviewer/runtime""]",SOURCE_R5_MANIFEST_VERIFIED; DESTINATION_VERIFIED
fixtures/invalid/audit2_evidence_quality_compatible.json,17cd61457fba9533da875050e1f441b35f92f6eff80a7d7407639bf6e36370f3,36881,FIXTURE,MAIN_TREE_DIRECT,fixtures/invalid/audit2_evidence_quality_compatible.json,COPIED_BYTE_IDENTICAL,Required current reviewer-facing or runtime file,"[""main-tree reviewer/runtime""]",SOURCE_R5_MANIFEST_VERIFIED; DESTINATION_VERIFIED
fixtures/invalid/audit2_evidence_request_links_resolve.json,124019e56e9a45db273c24b29ac8e124e028244e4ec6e935e3eb05b002e62647,36884,FIXTURE,MAIN_TREE_DIRECT,fixtures/invalid/audit2_evidence_request_links_resolve.json,COPIED_BYTE_IDENTICAL,Required current reviewer-facing or runtime file,"[""main-tree reviewer/runtime""]",SOURCE_R5_MANIFEST_VERIFIED; DESTINATION_VERIFIED
fixtures/invalid/audit2_frozen_disabled_audit_missing.json,4d2a8c034644cf90f5d348ea6e9c881ab77f9edc2245667f93c6ecadd4dc8ca4,33726,FIXTURE,MAIN_TREE_DIRECT,fixtures/invalid/audit2_frozen_disabled_audit_missing.json,COPIED_BYTE_IDENTICAL,Required current reviewer-facing or runtime file,"[""main-tree reviewer/runtime""]",SOURCE_R5_MANIFEST_VERIFIED; DESTINATION_VERIFIED
fixtures/invalid/audit2_frozen_l10_warning_missing.json,80adcea1db08fbfcb519793cf063bea7fc9776db69567cde23d51d8f38dff8f1,33723,FIXTURE,MAIN_TREE_DIRECT,fixtures/invalid/audit2_frozen_l10_warning_missing.json,COPIED_BYTE_IDENTICAL,Required current reviewer-facing or runtime file,"[""main-tree reviewer/runtime""]",SOURCE_R5_MANIFEST_VERIFIED; DESTINATION_VERIFIED
fixtures/invalid/audit2_frozen_mutation.json,e8f9bd2e2ac541ab6ef133a139e0eb53bdd7fc8dd1434dc9a7f12d803ebf6b27,33711,FIXTURE,MAIN_TREE_DIRECT,fixtures/invalid/audit2_frozen_mutation.json,COPIED_BYTE_IDENTICAL,Required current reviewer-facing or runtime file,"[""main-tree reviewer/runtime""]",SOURCE_R5_MANIFEST_VERIFIED; DESTINATION_VERIFIED
fixtures/invalid/audit2_frozen_outputs_indistinguishable.json,87d783fe54f1ecf9c5b2bb517880999ad1d70e9552082dae361055009717c45b,33729,FIXTURE,MAIN_TREE_DIRECT,fixtures/invalid/audit2_frozen_outputs_indistinguishable.json,COPIED_BYTE_IDENTICAL,Required current reviewer-facing or runtime file,"[""main-tree reviewer/runtime""]",SOURCE_R5_MANIFEST_VERIFIED; DESTINATION_VERIFIED
fixtures/invalid/audit2_frozen_status_missing.json,aad5ce29caecc963091d4b990f351c995ffcd6ccd94fce8299b71afd96188729,33718,FIXTURE,MAIN_TREE_DIRECT,fixtures/invalid/audit2_frozen_status_missing.json,COPIED_BYTE_IDENTICAL,Required current reviewer-facing or runtime file,"[""main-tree reviewer/runtime""]",SOURCE_R5_MANIFEST_VERIFIED; DESTINATION_VERIFIED
fixtures/invalid/audit2_frozen_status_present.json,2a3c09680e93adb1a34e9acd55acfd5bba0a53fbfd7d156151f21b56bc962a8f,36875,FIXTURE,MAIN_TREE_DIRECT,fixtures/invalid/audit2_frozen_status_present.json,COPIED_BYTE_IDENTICAL,Required current reviewer-facing or runtime file,"[""main-tree reviewer/runtime""]",SOURCE_R5_MANIFEST_VERIFIED; DESTINATION_VERIFIED
fixtures/invalid/audit2_iharq_fallback_supported.json,072f8e8b8aa300f1c846e05a0aa237681fe65b9bd306a462b14558dae78f13e4,36878,FIXTURE,MAIN_TREE_DIRECT,fixtures/invalid/audit2_iharq_fallback_supported.json,COPIED_BYTE_IDENTICAL,Required current reviewer-facing or runtime file,"[""main-tree reviewer/runtime""]",SOURCE_R5_MANIFEST_VERIFIED; DESTINATION_VERIFIED
fixtures/invalid/audit2_iharq_reason_action_valid.json,70893f4ebcda889b9886dff537c3a330acfef923135a8ea962343794a3fa576f,36879,FIXTURE,MAIN_TREE_DIRECT,fixtures/invalid/audit2_iharq_reason_action_valid.json,COPIED_BYTE_IDENTICAL,Required current reviewer-facing or runtime file,"[""main-tree reviewer/runtime""]",SOURCE_R5_MANIFEST_VERIFIED; DESTINATION_VERIFIED
fixtures/invalid/audit2_iharq_trace_explanation_present.json,7842abb806a1ffb2e9b7124bd956204d306d3bea99d478a627543ef842480b28,36885,FIXTURE,MAIN_TREE_DIRECT,fixtures/invalid/audit2_iharq_trace_explanation_present.json,COPIED_BYTE_IDENTICAL,Required current reviewer-facing or runtime file,"[""main-tree reviewer/runtime""]",SOURCE_R5_MANIFEST_VERIFIED; DESTINATION_VERIFIED
fixtures/invalid/audit2_l4_incompatible_accepted.json,f0abe378771efc6581e72b1e551c2c3f41bc41c5ab60996cb6f2efb7bcdd4f32,36882,FIXTURE,MAIN_TREE_DIRECT,fixtures/invalid/audit2_l4_incompatible_accepted.json,COPIED_BYTE_IDENTICAL,Required current reviewer-facing or runtime file,"[""main-tree reviewer/runtime""]",SOURCE_R5_MANIFEST_VERIFIED; DESTINATION_VERIFIED
fixtures/invalid/audit2_l4_invalid_action.json,bbf0996ccfeae152927ed8920ff5e079e600858d44a8377f6238db514f858b13,36878,FIXTURE,MAIN_TREE_DIRECT,fixtures/invalid/audit2_l4_invalid_action.json,COPIED_BYTE_IDENTICAL,Required current reviewer-facing or runtime file,"[""main-tree reviewer/runtime""]",SOURCE_R5_MANIFEST_VERIFIED; DESTINATION_VERIFIED
fixtures/invalid/audit2_l4_limitations_preserved.json,2d40c0a6146158bb55373cf84a3a45280a5bcbf0d2108ab07fa1732862fd4de0,36878,FIXTURE,MAIN_TREE_DIRECT,fixtures/invalid/audit2_l4_limitations_preserved.json,COPIED_BYTE_IDENTICAL,Required current reviewer-facing or runtime file,"[""main-tree reviewer/runtime""]",SOURCE_R5_MANIFEST_VERIFIED; DESTINATION_VERIFIED
fixtures/invalid/audit2_l4_missing_limitation.json,af860f5a56d4f7ff1e302dae1aeabb2e08e294599b8ecc60985a666b01814727,36820,FIXTURE,MAIN_TREE_DIRECT,fixtures/invalid/audit2_l4_missing_limitation.json,COPIED_BYTE_IDENTICAL,Required current reviewer-facing or runtime file,"[""main-tree reviewer/runtime""]",SOURCE_R5_MANIFEST_VERIFIED; DESTINATION_VERIFIED
fixtures/invalid/audit2_l4_missing_requested_evidence.json,4a51f747b15cc0963effb8acbb670f9f02021c3527c981f096e629b1df715b10,36772,FIXTURE,MAIN_TREE_DIRECT,fixtures/invalid/audit2_l4_missing_requested_evidence.json,COPIED_BYTE_IDENTICAL,Required current reviewer-facing or runtime file,"[""main-tree reviewer/runtime""]",SOURCE_R5_MANIFEST_VERIFIED; DESTINATION_VERIFIED
fixtures/invalid/audit2_l5_reversed_chronology.json,5361d2846145d617079561e36a29a367636f117e4946051999a5bd7dc689b530,36875,FIXTURE,MAIN_TREE_DIRECT,fixtures/invalid/audit2_l5_reversed_chronology.json,COPIED_BYTE_IDENTICAL,Required current reviewer-facing or runtime file,"[""main-tree reviewer/runtime""]",SOURCE_R5_MANIFEST_VERIFIED; DESTINATION_VERIFIED
fixtures/invalid/audit2_l5_silent_reset.json,321d9c4f6966510b2ac181aa8d0e64529b23e945e0962f20d774c7bb65546a05,36867,FIXTURE,MAIN_TREE_DIRECT,fixtures/invalid/audit2_l5_silent_reset.json,COPIED_BYTE_IDENTICAL,Required current reviewer-facing or runtime file,"[""main-tree reviewer/runtime""]",SOURCE_R5_MANIFEST_VERIFIED; DESTINATION_VERIFIED
fixtures/invalid/audit2_l6_illegal_action.json,01039136049c6a7f0b60cb1565105d213ee13efb134c08919eb7630b8d181ffb,36872,FIXTURE,MAIN_TREE_DIRECT,fixtures/invalid/audit2_l6_illegal_action.json,COPIED_BYTE_IDENTICAL,Required current reviewer-facing or runtime file,"[""main-tree reviewer/runtime""]",SOURCE_R5_MANIFEST_VERIFIED; DESTINATION_VERIFIED
fixtures/invalid/audit2_l7_missing_simulation_limitation.json,f45a55d4eb5039fd68ca604ae65b11837b91f2d814e462e4c1e8284be0ad9069,36858,FIXTURE,MAIN_TREE_DIRECT,fixtures/invalid/audit2_l7_missing_simulation_limitation.json,COPIED_BYTE_IDENTICAL,Required current reviewer-facing or runtime file,"[""main-tree reviewer/runtime""]",SOURCE_R5_MANIFEST_VERIFIED; DESTINATION_VERIFIED
fixtures/invalid/audit2_l7_update_not_simulation.json,e8f837c6b97413032858d17cb8a468061c26a6d1453fb7fca40449ff34cdf41c,36872,FIXTURE,MAIN_TREE_DIRECT,fixtures/invalid/audit2_l7_update_not_simulation.json,COPIED_BYTE_IDENTICAL,Required current reviewer-facing or runtime file,"[""main-tree reviewer/runtime""]",SOURCE_R5_MANIFEST_VERIFIED; DESTINATION_VERIFIED
fixtures/invalid/audit2_l7_update_same_policy.json,11e2076ebd0635c7f89f5328c30ddb8c9f82ffea7ac662ace0f3e61d3c0d08ba,36875,FIXTURE,MAIN_TREE_DIRECT,fixtures/invalid/audit2_l7_update_same_policy.json,COPIED_BYTE_IDENTICAL,Required current reviewer-facing or runtime file,"[""main-tree reviewer/runtime""]",SOURCE_R5_MANIFEST_VERIFIED; DESTINATION_VERIFIED
fixtures/invalid/audit2_layer10_mode_warning_present.json,8872ce060d7438e3e4d160048131b2f7e9aaf46c3cf2813e5ecce95d6bc169f1,36882,FIXTURE,MAIN_TREE_DIRECT,fixtures/invalid/audit2_layer10_mode_warning_present.json,COPIED_BYTE_IDENTICAL,Required current reviewer-facing or runtime file,"[""main-tree reviewer/runtime""]",SOURCE_R5_MANIFEST_VERIFIED; DESTINATION_VERIFIED
fixtures/invalid/audit2_legal_action_constraints_respected.json,e0fc4bbce29afa6e6ce1a676f0aca7bb1b3bcab75e977a44178374b51fca8cb7,36888,FIXTURE,MAIN_TREE_DIRECT,fixtures/invalid/audit2_legal_action_constraints_respected.json,COPIED_BYTE_IDENTICAL,Required current reviewer-facing or runtime file,"[""main-tree reviewer/runtime""]",SOURCE_R5_MANIFEST_VERIFIED; DESTINATION_VERIFIED
fixtures/invalid/audit2_policy_mode_present.json,b0cb4ebe2aa89bb2dca33b9ac9e27555ae117137f09d540cfc4fc5f787ac28c8,36873,FIXTURE,MAIN_TREE_DIRECT,fixtures/invalid/audit2_policy_mode_present.json,COPIED_BYTE_IDENTICAL,Required current reviewer-facing or runtime file,"[""main-tree reviewer/runtime""]",SOURCE_R5_MANIFEST_VERIFIED; DESTINATION_VERIFIED
fixtures/invalid/audit2_readiness_boundary_valid.json,0ae8fcfe575e36b455a326dbff3014c4005afcf91ad32651ce5089a0ad6a67c9,36878,FIXTURE,MAIN_TREE_DIRECT,fixtures/invalid/audit2_readiness_boundary_valid.json,COPIED_BYTE_IDENTICAL,Required current reviewer-facing or runtime file,"[""main-tree reviewer/runtime""]",SOURCE_R5_MANIFEST_VERIFIED; DESTINATION_VERIFIED
fixtures/invalid/audit2_readiness_evidence_links_resolve.json,ac591c2a2f056091dc7f713007adfc03dfd83eb3e9de128daebe69f2436c3ed6,36886,FIXTURE,MAIN_TREE_DIRECT,fixtures/invalid/audit2_readiness_evidence_links_resolve.json,COPIED_BYTE_IDENTICAL,Required current reviewer-facing or runtime file,"[""main-tree reviewer/runtime""]",SOURCE_R5_MANIFEST_VERIFIED; DESTINATION_VERIFIED
fixtures/invalid/audit2_recovery_provenance_present.json,dc039c507a837dc090fb3fd288a5c310a09dd27c96f56039c4c63defcd0eea9f,36881,FIXTURE,MAIN_TREE_DIRECT,fixtures/invalid/audit2_recovery_provenance_present.json,COPIED_BYTE_IDENTICAL,Required current reviewer-facing or runtime file,"[""main-tree reviewer/runtime""]",SOURCE_R5_MANIFEST_VERIFIED; DESTINATION_VERIFIED
fixtures/invalid/audit2_reward_cost_versions_resolve.json,93f62c39bf7ee3b4525a731dd3936213b94fc0c5927566780c3162b89d570d8c,36882,FIXTURE,MAIN_TREE_DIRECT,fixtures/invalid/audit2_reward_cost_versions_resolve.json,COPIED_BYTE_IDENTICAL,Required current reviewer-facing or runtime file,"[""main-tree reviewer/runtime""]",SOURCE_R5_MANIFEST_VERIFIED; DESTINATION_VERIFIED
fixtures/invalid/audit2_safety_event_links_resolve.json,46a15e83bbdfebfa43c7ba03756c217ef6f4f241a84d0b23c9e8ec2b958abbf9,36880,FIXTURE,MAIN_TREE_DIRECT,fixtures/invalid/audit2_safety_event_links_resolve.json,COPIED_BYTE_IDENTICAL,Required current reviewer-facing or runtime file,"[""main-tree reviewer/runtime""]",SOURCE_R5_MANIFEST_VERIFIED; DESTINATION_VERIFIED
fixtures/invalid/audit2_session_episode_rollout_links_resolve.json,92c429125913116778a03d0f0c491e06495fa5fec07af27af7303d418a07811b,36891,FIXTURE,MAIN_TREE_DIRECT,fixtures/invalid/audit2_session_episode_rollout_links_resolve.json,COPIED_BYTE_IDENTICAL,Required current reviewer-facing or runtime file,"[""main-tree reviewer/runtime""]",SOURCE_R5_MANIFEST_VERIFIED; DESTINATION_VERIFIED
fixtures/invalid/audit2_silent_reset_absent.json,4926d518715e99ed91d8274f50f3b6d0623a9098a703be53a6d045ee9276968a,36873,FIXTURE,MAIN_TREE_DIRECT,fixtures/invalid/audit2_silent_reset_absent.json,COPIED_BYTE_IDENTICAL,Required current reviewer-facing or runtime file,"[""main-tree reviewer/runtime""]",SOURCE_R5_MANIFEST_VERIFIED; DESTINATION_VERIFIED
fixtures/invalid/audit2_simulation_limitations_preserved.json,fcdd0a22093802b814f5093e2eccfc54930265e975b9289455fb78f33ef2c0be,36886,FIXTURE,MAIN_TREE_DIRECT,fixtures/invalid/audit2_simulation_limitations_preserved.json,COPIED_BYTE_IDENTICAL,Required current reviewer-facing or runtime file,"[""main-tree reviewer/runtime""]",SOURCE_R5_MANIFEST_VERIFIED; DESTINATION_VERIFIED
fixtures/invalid/audit2_temporal_predecessor_present.json,4f92e9bba29cb89479b61bac440a123095b4ce31dab2083bd6eb2ed952cda6cf,36882,FIXTURE,MAIN_TREE_DIRECT,fixtures/invalid/audit2_temporal_predecessor_present.json,COPIED_BYTE_IDENTICAL,Required current reviewer-facing or runtime file,"[""main-tree reviewer/runtime""]",SOURCE_R5_MANIFEST_VERIFIED; DESTINATION_VERIFIED
fixtures/invalid/audit2_temporal_reuse_valid.json,be9183c655f6534d580aabd0b788c2aa7f681e04d4af5e101a6767cf5753d2d5,36874,FIXTURE,MAIN_TREE_DIRECT,fixtures/invalid/audit2_temporal_reuse_valid.json,COPIED_BYTE_IDENTICAL,Required current reviewer-facing or runtime file,"[""main-tree reviewer/runtime""]",SOURCE_R5_MANIFEST_VERIFIED; DESTINATION_VERIFIED
fixtures/invalid/audit2_temporal_transition_valid.json,cf857ccef8b444ccc6019b65ead7102cc614e1229c75724f44e4da3c1969a2b3,36879,FIXTURE,MAIN_TREE_DIRECT,fixtures/invalid/audit2_temporal_transition_valid.json,COPIED_BYTE_IDENTICAL,Required current reviewer-facing or runtime file,"[""main-tree reviewer/runtime""]",SOURCE_R5_MANIFEST_VERIFIED; DESTINATION_VERIFIED
fixtures/invalid/audit2_temporal_windows_compatible.json,f780aa81e9089d45b774b3cab10b9cef2c83e6a5de152c36d1c178b87118c9e9,36881,FIXTURE,MAIN_TREE_DIRECT,fixtures/invalid/audit2_temporal_windows_compatible.json,COPIED_BYTE_IDENTICAL,Required current reviewer-facing or runtime file,"[""main-tree reviewer/runtime""]",SOURCE_R5_MANIFEST_VERIFIED; DESTINATION_VERIFIED
fixtures/invalid/audit2_trajectory_lineage_resolves.json,6086adfc2b482c29387cf0ec27ebaf608d8f5f4a333ad59bd7b391f28e5a5118,36881,FIXTURE,MAIN_TREE_DIRECT,fixtures/invalid/audit2_trajectory_lineage_resolves.json,COPIED_BYTE_IDENTICAL,Required current reviewer-facing or runtime file,"[""main-tree reviewer/runtime""]",SOURCE_R5_MANIFEST_VERIFIED; DESTINATION_VERIFIED
fixtures/invalid/audit2_transition_links_resolve.json,21fedd5ebaad598defb61c4a543ef212cdd7e271af56cae84e4a25478f581008,36878,FIXTURE,MAIN_TREE_DIRECT,fixtures/invalid/audit2_transition_links_resolve.json,COPIED_BYTE_IDENTICAL,Required current reviewer-facing or runtime file,"[""main-tree reviewer/runtime""]",SOURCE_R5_MANIFEST_VERIFIED; DESTINATION_VERIFIED
fixtures/invalid/audit2_uncertainty_abstention_distinct.json,269f19cca5b40ec524b3f46bc27ddaff20e4c079b40d5403778470cc3d08a974,36885,FIXTURE,MAIN_TREE_DIRECT,fixtures/invalid/audit2_uncertainty_abstention_distinct.json,COPIED_BYTE_IDENTICAL,Required current reviewer-facing or runtime file,"[""main-tree reviewer/runtime""]",SOURCE_R5_MANIFEST_VERIFIED; DESTINATION_VERIFIED
fixtures/invalid/audit2_update_before_after_policy_present.json,7185d2b802be3d28e74fc694868be2c4ba1943dcbc3544c12c81406028938a86,36888,FIXTURE,MAIN_TREE_DIRECT,fixtures/invalid/audit2_update_before_after_policy_present.json,COPIED_BYTE_IDENTICAL,Required current reviewer-facing or runtime file,"[""main-tree reviewer/runtime""]",SOURCE_R5_MANIFEST_VERIFIED; DESTINATION_VERIFIED
fixtures/invalid/audit2_update_eligibility_valid.json,254a84d530f79b224516e5db5760d92e5f5a802eda467565246471636c8f2063,36878,FIXTURE,MAIN_TREE_DIRECT,fixtures/invalid/audit2_update_eligibility_valid.json,COPIED_BYTE_IDENTICAL,Required current reviewer-facing or runtime file,"[""main-tree reviewer/runtime""]",SOURCE_R5_MANIFEST_VERIFIED; DESTINATION_VERIFIED
fixtures/invalid/audit2_update_limitation_present.json,c8d0ef3175def0139c9d2e4f5ff87aba8eb14014771b5629d98a1ab91bb67e13,36879,FIXTURE,MAIN_TREE_DIRECT,fixtures/invalid/audit2_update_limitation_present.json,COPIED_BYTE_IDENTICAL,Required current reviewer-facing or runtime file,"[""main-tree reviewer/runtime""]",SOURCE_R5_MANIFEST_VERIFIED; DESTINATION_VERIFIED
fixtures/invalid/audit2_update_reward_config_seed_present.json,82c12b65df5a33a8f6954c5e05273d4040544208dff4bddc74cc8346b4199854,36887,FIXTURE,MAIN_TREE_DIRECT,fixtures/invalid/audit2_update_reward_config_seed_present.json,COPIED_BYTE_IDENTICAL,Required current reviewer-facing or runtime file,"[""main-tree reviewer/runtime""]",SOURCE_R5_MANIFEST_VERIFIED; DESTINATION_VERIFIED
fixtures/invalid/audit2_update_simulation_status_present.json,a1c9c42417c69fd66e2e654282c0bac6dce0755e1f4b60b4abf39e5957d664e8,36886,FIXTURE,MAIN_TREE_DIRECT,fixtures/invalid/audit2_update_simulation_status_present.json,COPIED_BYTE_IDENTICAL,Required current reviewer-facing or runtime file,"[""main-tree reviewer/runtime""]",SOURCE_R5_MANIFEST_VERIFIED; DESTINATION_VERIFIED
fixtures/invalid/audit2_update_source_transition_present.json,028d344293e8f38007dbd9629f504d8a5bf6b6c9f57f68056decd0a5b3c75ccd,36886,FIXTURE,MAIN_TREE_DIRECT,fixtures/invalid/audit2_update_source_transition_present.json,COPIED_BYTE_IDENTICAL,Required current reviewer-facing or runtime file,"[""main-tree reviewer/runtime""]",SOURCE_R5_MANIFEST_VERIFIED; DESTINATION_VERIFIED
fixtures/invalid/audit3_all_layer_matrix_complete.json,05dfdf418007f5f7892a7d8ada4bd7578e627afe8d3db3e22838a6a37b47b653,152,FIXTURE,MAIN_TREE_DIRECT,fixtures/invalid/audit3_all_layer_matrix_complete.json,COPIED_BYTE_IDENTICAL,Required current reviewer-facing or runtime file,"[""main-tree reviewer/runtime""]",SOURCE_R5_MANIFEST_VERIFIED; DESTINATION_VERIFIED
fixtures/invalid/audit3_candidate_statement_interface_present.json,376ce7d844f8a12db365e45231192a308d9503290b0a10653c12d42e48512d88,176,FIXTURE,MAIN_TREE_DIRECT,fixtures/invalid/audit3_candidate_statement_interface_present.json,COPIED_BYTE_IDENTICAL,Required current reviewer-facing or runtime file,"[""main-tree reviewer/runtime""]",SOURCE_R5_MANIFEST_VERIFIED; DESTINATION_VERIFIED
fixtures/invalid/audit3_claim_evidence_lineage_resolves.json,421b9b423ac8bf8f44a79de031561400d60cdfc315e321e17d9f9e584adc3457,164,FIXTURE,MAIN_TREE_DIRECT,fixtures/invalid/audit3_claim_evidence_lineage_resolves.json,COPIED_BYTE_IDENTICAL,Required current reviewer-facing or runtime file,"[""main-tree reviewer/runtime""]",SOURCE_R5_MANIFEST_VERIFIED; DESTINATION_VERIFIED
fixtures/invalid/audit3_command_mapping_valid.json,3a8ffed3280b4becba79e1da813ef904a69d24ca1f7f958dc26c7e14a26389cb,144,FIXTURE,MAIN_TREE_DIRECT,fixtures/invalid/audit3_command_mapping_valid.json,COPIED_BYTE_IDENTICAL,Required current reviewer-facing or runtime file,"[""main-tree reviewer/runtime""]",SOURCE_R5_MANIFEST_VERIFIED; DESTINATION_VERIFIED
fixtures/invalid/audit3_demo_manifest_complete.json,851a30c6717d640cee1a15d38935f29643f5bf7ca35e7e15cc060352f0d421bf,146,FIXTURE,MAIN_TREE_DIRECT,fixtures/invalid/audit3_demo_manifest_complete.json,COPIED_BYTE_IDENTICAL,Required current reviewer-facing or runtime file,"[""main-tree reviewer/runtime""]",SOURCE_R5_MANIFEST_VERIFIED; DESTINATION_VERIFIED
fixtures/invalid/audit3_embodiment_config_present.json,1644c0ad902f9a57b5289a40f45c5949b7ed10a7069fce4e492a598aeee1fec8,152,FIXTURE,MAIN_TREE_DIRECT,fixtures/invalid/audit3_embodiment_config_present.json,COPIED_BYTE_IDENTICAL,Required current reviewer-facing or runtime file,"[""main-tree reviewer/runtime""]",SOURCE_R5_MANIFEST_VERIFIED; DESTINATION_VERIFIED
fixtures/invalid/audit3_embodiment_limitations_preserved.json,555c9c5a7933a1b47474fa0fe12f1db6d15c8c89e5d2da7c0749b15e812599c7,166,FIXTURE,MAIN_TREE_DIRECT,fixtures/invalid/audit3_embodiment_limitations_preserved.json,COPIED_BYTE_IDENTICAL,Required current reviewer-facing or runtime file,"[""main-tree reviewer/runtime""]",SOURCE_R5_MANIFEST_VERIFIED; DESTINATION_VERIFIED
fixtures/invalid/audit3_embodiment_seed_present.json,1deb5d9b31a7d9177d8e7a65fe39da13ff1824ef8a24b99aee71244b8eb6970a,148,FIXTURE,MAIN_TREE_DIRECT,fixtures/invalid/audit3_embodiment_seed_present.json,COPIED_BYTE_IDENTICAL,Required current reviewer-facing or runtime file,"[""main-tree reviewer/runtime""]",SOURCE_R5_MANIFEST_VERIFIED; DESTINATION_VERIFIED
fixtures/invalid/audit3_embodiment_state_outcome_links_resolve.json,48bb445527487e78a55c4643da55a4ed1d6e863e324918c9ee371ecc607547bb,178,FIXTURE,MAIN_TREE_DIRECT,fixtures/invalid/audit3_embodiment_state_outcome_links_resolve.json,COPIED_BYTE_IDENTICAL,Required current reviewer-facing or runtime file,"[""main-tree reviewer/runtime""]",SOURCE_R5_MANIFEST_VERIFIED; DESTINATION_VERIFIED
fixtures/invalid/audit3_exports_traceable.json,0499923f2c42de2d714303d84c824b1191f7debfd8806205fc3ec60d9ddcd6bc,136,FIXTURE,MAIN_TREE_DIRECT,fixtures/invalid/audit3_exports_traceable.json,COPIED_BYTE_IDENTICAL,Required current reviewer-facing or runtime file,"[""main-tree reviewer/runtime""]",SOURCE_R5_MANIFEST_VERIFIED; DESTINATION_VERIFIED
fixtures/invalid/audit3_figure_table_sources_resolve.json,81a1928041b5b239e506602b278ea9b782013b41594aa443b053679cc5a8f85a,158,FIXTURE,MAIN_TREE_DIRECT,fixtures/invalid/audit3_figure_table_sources_resolve.json,COPIED_BYTE_IDENTICAL,Required current reviewer-facing or runtime file,"[""main-tree reviewer/runtime""]",SOURCE_R5_MANIFEST_VERIFIED; DESTINATION_VERIFIED
fixtures/invalid/audit3_future_artifact_contracts_complete.json,6a75a4301755ebed2658703e8f077114311d12ad48672aeae847ee825f171655,170,FIXTURE,MAIN_TREE_DIRECT,fixtures/invalid/audit3_future_artifact_contracts_complete.json,COPIED_BYTE_IDENTICAL,Required current reviewer-facing or runtime file,"[""main-tree reviewer/runtime""]",SOURCE_R5_MANIFEST_VERIFIED; DESTINATION_VERIFIED
fixtures/invalid/audit3_future_evidence_map_ids_reserved.json,9a62e4983b9f91012c541c43b77c62aec1454ec12ecd9c4528a256ef92b54f1f,166,FIXTURE,MAIN_TREE_DIRECT,fixtures/invalid/audit3_future_evidence_map_ids_reserved.json,COPIED_BYTE_IDENTICAL,Required current reviewer-facing or runtime file,"[""main-tree reviewer/runtime""]",SOURCE_R5_MANIFEST_VERIFIED; DESTINATION_VERIFIED
fixtures/invalid/audit3_future_release_handoff_slots_present.json,328ecf44e539f0b61e57c35dd2b2f309be1eb5fbe243ce576cdc9d22cf1714f6,174,FIXTURE,MAIN_TREE_DIRECT,fixtures/invalid/audit3_future_release_handoff_slots_present.json,COPIED_BYTE_IDENTICAL,Required current reviewer-facing or runtime file,"[""main-tree reviewer/runtime""]",SOURCE_R5_MANIFEST_VERIFIED; DESTINATION_VERIFIED
fixtures/invalid/audit3_global_authority_config_source_chain.json,e585d33ea7171c8aa7f572083fecbd24861052f2b8b0641e7edce5796cbca388,174,FIXTURE,MAIN_TREE_DIRECT,fixtures/invalid/audit3_global_authority_config_source_chain.json,COPIED_BYTE_IDENTICAL,Required current reviewer-facing or runtime file,"[""main-tree reviewer/runtime""]",SOURCE_R5_MANIFEST_VERIFIED; DESTINATION_VERIFIED
fixtures/invalid/audit3_l0_3_chain_valid.json,ab775f0c1b95f6ec35b45afb891c08269ce72487c74d96608d849a7191de6e43,134,FIXTURE,MAIN_TREE_DIRECT,fixtures/invalid/audit3_l0_3_chain_valid.json,COPIED_BYTE_IDENTICAL,Required current reviewer-facing or runtime file,"[""main-tree reviewer/runtime""]",SOURCE_R5_MANIFEST_VERIFIED; DESTINATION_VERIFIED
fixtures/invalid/audit3_l10_card_warning_missing.json,a01a1845e9ca2124b0e4f991a30bc0f30eadeeb44a94bb1268633151bee79b68,71419,FIXTURE,MAIN_TREE_DIRECT,fixtures/invalid/audit3_l10_card_warning_missing.json,COPIED_BYTE_IDENTICAL,Required current reviewer-facing or runtime file,"[""main-tree reviewer/runtime""]",SOURCE_R5_MANIFEST_VERIFIED; DESTINATION_VERIFIED
fixtures/invalid/audit3_l10_metric_recomputed.json,851bc847222dbbd56a5b1c324ca1861f295f790e2d7fa2bb22f3367d142785f0,71495,FIXTURE,MAIN_TREE_DIRECT,fixtures/invalid/audit3_l10_metric_recomputed.json,COPIED_BYTE_IDENTICAL,Required current reviewer-facing or runtime file,"[""main-tree reviewer/runtime""]",SOURCE_R5_MANIFEST_VERIFIED; DESTINATION_VERIFIED
fixtures/invalid/audit3_l10_primary_evidence.json,d973b5b6f7fb93b58ebb425247d5f0eadd43988a20082c94562de621c10299c8,71492,FIXTURE,MAIN_TREE_DIRECT,fixtures/invalid/audit3_l10_primary_evidence.json,COPIED_BYTE_IDENTICAL,Required current reviewer-facing or runtime file,"[""main-tree reviewer/runtime""]",SOURCE_R5_MANIFEST_VERIFIED; DESTINATION_VERIFIED
fixtures/invalid/audit3_l10_view_mutable.json,b8a11971a55777a26a3b5ac6575f57e0bc57b5f4c1eb8443ec7d3b01b5eee3c6,71491,FIXTURE,MAIN_TREE_DIRECT,fixtures/invalid/audit3_l10_view_mutable.json,COPIED_BYTE_IDENTICAL,Required current reviewer-facing or runtime file,"[""main-tree reviewer/runtime""]",SOURCE_R5_MANIFEST_VERIFIED; DESTINATION_VERIFIED
fixtures/invalid/audit3_l3_7_chain_valid.json,2cf09c66bb04510fe3ba5b9c4879a31751d37ce7a3f12352af2e2d4fecee70b8,134,FIXTURE,MAIN_TREE_DIRECT,fixtures/invalid/audit3_l3_7_chain_valid.json,COPIED_BYTE_IDENTICAL,Required current reviewer-facing or runtime file,"[""main-tree reviewer/runtime""]",SOURCE_R5_MANIFEST_VERIFIED; DESTINATION_VERIFIED
fixtures/invalid/audit3_l7_10_chain_valid.json,a95a1553daddb71848021cb5284b8e7f2afe693cfde80354256ba0c9dfbc7e07,136,FIXTURE,MAIN_TREE_DIRECT,fixtures/invalid/audit3_l7_10_chain_valid.json,COPIED_BYTE_IDENTICAL,Required current reviewer-facing or runtime file,"[""main-tree reviewer/runtime""]",SOURCE_R5_MANIFEST_VERIFIED; DESTINATION_VERIFIED
fixtures/invalid/audit3_l7_l8_links_resolve.json,16ff4a97333903e67da9564bcdc9d9e3d4d05f313b94994e26d2228dc4fc74f7,140,FIXTURE,MAIN_TREE_DIRECT,fixtures/invalid/audit3_l7_l8_links_resolve.json,COPIED_BYTE_IDENTICAL,Required current reviewer-facing or runtime file,"[""main-tree reviewer/runtime""]",SOURCE_R5_MANIFEST_VERIFIED; DESTINATION_VERIFIED
fixtures/invalid/audit3_l9_command_mapping_blocked.json,b1650c8a4c3eeffb9e59dd5982e765a73a1872353512e1d919f91196f436d34f,71498,FIXTURE,MAIN_TREE_DIRECT,fixtures/invalid/audit3_l9_command_mapping_blocked.json,COPIED_BYTE_IDENTICAL,Required current reviewer-facing or runtime file,"[""main-tree reviewer/runtime""]",SOURCE_R5_MANIFEST_VERIFIED; DESTINATION_VERIFIED
fixtures/invalid/audit3_l9_missing_proxy_limitation.json,f5aa24195e04b61d2a437fbccbc0e8afb8629a4020effb040fc0b83fe00ea312,71441,FIXTURE,MAIN_TREE_DIRECT,fixtures/invalid/audit3_l9_missing_proxy_limitation.json,COPIED_BYTE_IDENTICAL,Required current reviewer-facing or runtime file,"[""main-tree reviewer/runtime""]",SOURCE_R5_MANIFEST_VERIFIED; DESTINATION_VERIFIED
fixtures/invalid/audit3_l9_safety_not_simulation.json,d1d42e735b5c32b0bc07bea8fabd0f76af9ba3f5d447bd3061f3bdc74362a982,71498,FIXTURE,MAIN_TREE_DIRECT,fixtures/invalid/audit3_l9_safety_not_simulation.json,COPIED_BYTE_IDENTICAL,Required current reviewer-facing or runtime file,"[""main-tree reviewer/runtime""]",SOURCE_R5_MANIFEST_VERIFIED; DESTINATION_VERIFIED
fixtures/invalid/audit3_l9_unsafe_outcome_without_event.json,e981016ccf7488c85e4dc7bf768cc0e7b0670e7b00bea5a2443c674ec13b4693,71462,FIXTURE,MAIN_TREE_DIRECT,fixtures/invalid/audit3_l9_unsafe_outcome_without_event.json,COPIED_BYTE_IDENTICAL,Required current reviewer-facing or runtime file,"[""main-tree reviewer/runtime""]",SOURCE_R5_MANIFEST_VERIFIED; DESTINATION_VERIFIED
fixtures/invalid/audit3_layer0_interface_present.json,0e3f4afe3357653674908a86501c2219e42f2d87b2b2df3b8ce9abc1f552d6ed,150,FIXTURE,MAIN_TREE_DIRECT,fixtures/invalid/audit3_layer0_interface_present.json,COPIED_BYTE_IDENTICAL,Required current reviewer-facing or runtime file,"[""main-tree reviewer/runtime""]",SOURCE_R5_MANIFEST_VERIFIED; DESTINATION_VERIFIED
fixtures/invalid/audit3_layer10_interface_present.json,1439bf613f81768cdf2144162593f53fbc25ddf3b3ed022639cbce6fcd1c5f6b,152,FIXTURE,MAIN_TREE_DIRECT,fixtures/invalid/audit3_layer10_interface_present.json,COPIED_BYTE_IDENTICAL,Required current reviewer-facing or runtime file,"[""main-tree reviewer/runtime""]",SOURCE_R5_MANIFEST_VERIFIED; DESTINATION_VERIFIED
fixtures/invalid/audit3_layer10_read_only.json,10cd307ed2086194421b4eace40af6bb0457db58cb3112a9f2f1d7c59640cb9a,136,FIXTURE,MAIN_TREE_DIRECT,fixtures/invalid/audit3_layer10_read_only.json,COPIED_BYTE_IDENTICAL,Required current reviewer-facing or runtime file,"[""main-tree reviewer/runtime""]",SOURCE_R5_MANIFEST_VERIFIED; DESTINATION_VERIFIED
fixtures/invalid/audit3_layer10_source_immutable.json,ae33b377139253954c1266e9245ec45e4310f2160abb0733d3cecfffd09e8e24,150,FIXTURE,MAIN_TREE_DIRECT,fixtures/invalid/audit3_layer10_source_immutable.json,COPIED_BYTE_IDENTICAL,Required current reviewer-facing or runtime file,"[""main-tree reviewer/runtime""]",SOURCE_R5_MANIFEST_VERIFIED; DESTINATION_VERIFIED
fixtures/invalid/audit3_limitations_warnings_preserved.json,88ed1728fbb5be52b69a7ab9e0427ca4feeeac2ca7448a850676153f8c1776fd,162,FIXTURE,MAIN_TREE_DIRECT,fixtures/invalid/audit3_limitations_warnings_preserved.json,COPIED_BYTE_IDENTICAL,Required current reviewer-facing or runtime file,"[""main-tree reviewer/runtime""]",SOURCE_R5_MANIFEST_VERIFIED; DESTINATION_VERIFIED
fixtures/invalid/audit3_matched_comparison_preserved.json,d3c763f9e48da75a58fc95a3d03e2cd89ec0f352555437c848bc0931b70c831e,158,FIXTURE,MAIN_TREE_DIRECT,fixtures/invalid/audit3_matched_comparison_preserved.json,COPIED_BYTE_IDENTICAL,Required current reviewer-facing or runtime file,"[""main-tree reviewer/runtime""]",SOURCE_R5_MANIFEST_VERIFIED; DESTINATION_VERIFIED
fixtures/invalid/audit3_metric_dictionary_resolves.json,2b93926215d3d19005b2801c1438e108d021b384640e86545364ce8f901a64c1,154,FIXTURE,MAIN_TREE_DIRECT,fixtures/invalid/audit3_metric_dictionary_resolves.json,COPIED_BYTE_IDENTICAL,Required current reviewer-facing or runtime file,"[""main-tree reviewer/runtime""]",SOURCE_R5_MANIFEST_VERIFIED; DESTINATION_VERIFIED
fixtures/invalid/audit3_negatives_diagnostics_failures_visible.json,cd132457b8f45d86873a006d69081188d7e340c0098a228c20d0ae6ac65be133,178,FIXTURE,MAIN_TREE_DIRECT,fixtures/invalid/audit3_negatives_diagnostics_failures_visible.json,COPIED_BYTE_IDENTICAL,Required current reviewer-facing or runtime file,"[""main-tree reviewer/runtime""]",SOURCE_R5_MANIFEST_VERIFIED; DESTINATION_VERIFIED
fixtures/invalid/audit3_no_real_world_claim.json,d6788153e71a9bf5ba4f011e93d254d954b31086870b002a04bde7209dfc7d3b,140,FIXTURE,MAIN_TREE_DIRECT,fixtures/invalid/audit3_no_real_world_claim.json,COPIED_BYTE_IDENTICAL,Required current reviewer-facing or runtime file,"[""main-tree reviewer/runtime""]",SOURCE_R5_MANIFEST_VERIFIED; DESTINATION_VERIFIED
fixtures/invalid/audit3_no_unauthorized_recomputation.json,20e6746d53077f9d23cc51b392e03623cc54d980b5b9660f57e312998b9abc68,160,FIXTURE,MAIN_TREE_DIRECT,fixtures/invalid/audit3_no_unauthorized_recomputation.json,COPIED_BYTE_IDENTICAL,Required current reviewer-facing or runtime file,"[""main-tree reviewer/runtime""]",SOURCE_R5_MANIFEST_VERIFIED; DESTINATION_VERIFIED
fixtures/invalid/audit3_phase_status_views_nonfinal.json,af70f0cd14b16ae9236e808dd32d8ea45bd5bc404b5a1997b9242e8b5e75260f,156,FIXTURE,MAIN_TREE_DIRECT,fixtures/invalid/audit3_phase_status_views_nonfinal.json,COPIED_BYTE_IDENTICAL,Required current reviewer-facing or runtime file,"[""main-tree reviewer/runtime""]",SOURCE_R5_MANIFEST_VERIFIED; DESTINATION_VERIFIED
fixtures/invalid/audit3_platform_identity_present.json,f049bfe534e49bcdb527df8351bade9ecd7c16b85644d8c878d903e0647dddf0,152,FIXTURE,MAIN_TREE_DIRECT,fixtures/invalid/audit3_platform_identity_present.json,COPIED_BYTE_IDENTICAL,Required current reviewer-facing or runtime file,"[""main-tree reviewer/runtime""]",SOURCE_R5_MANIFEST_VERIFIED; DESTINATION_VERIFIED
fixtures/invalid/audit3_provenance_complete.json,da65d6be2b4362b07acbbd5fabc06f527e43b50cbb488d4478e513971092673d,140,FIXTURE,MAIN_TREE_DIRECT,fixtures/invalid/audit3_provenance_complete.json,COPIED_BYTE_IDENTICAL,Required current reviewer-facing or runtime file,"[""main-tree reviewer/runtime""]",SOURCE_R5_MANIFEST_VERIFIED; DESTINATION_VERIFIED
fixtures/invalid/audit3_reproduction_manifest_complete.json,abd8af2f10071b51e9012658a961e8ad5577983e58059a90a81bb6c0afb2b014,162,FIXTURE,MAIN_TREE_DIRECT,fixtures/invalid/audit3_reproduction_manifest_complete.json,COPIED_BYTE_IDENTICAL,Required current reviewer-facing or runtime file,"[""main-tree reviewer/runtime""]",SOURCE_R5_MANIFEST_VERIFIED; DESTINATION_VERIFIED
fixtures/invalid/audit3_run_manifest_complete.json,21a1cdf8b9a5b365b1f5afca8e4de43ebc20fab088e1fa888bf2b21bb2d8d8d1,144,FIXTURE,MAIN_TREE_DIRECT,fixtures/invalid/audit3_run_manifest_complete.json,COPIED_BYTE_IDENTICAL,Required current reviewer-facing or runtime file,"[""main-tree reviewer/runtime""]",SOURCE_R5_MANIFEST_VERIFIED; DESTINATION_VERIFIED
fixtures/invalid/audit3_safety_reward_links_resolve.json,bc9b29070cefe61eda0be72756358bb601a78dcb1c7b7b1e5a11fe8184539855,156,FIXTURE,MAIN_TREE_DIRECT,fixtures/invalid/audit3_safety_reward_links_resolve.json,COPIED_BYTE_IDENTICAL,Required current reviewer-facing or runtime file,"[""main-tree reviewer/runtime""]",SOURCE_R5_MANIFEST_VERIFIED; DESTINATION_VERIFIED
fixtures/invalid/audit3_simulator_failure_preserved.json,aed34a099c1e865269322dc8fdcdc5b7442b2cbeaf08c8bf5cb595d7861ef029,156,FIXTURE,MAIN_TREE_DIRECT,fixtures/invalid/audit3_simulator_failure_preserved.json,COPIED_BYTE_IDENTICAL,Required current reviewer-facing or runtime file,"[""main-tree reviewer/runtime""]",SOURCE_R5_MANIFEST_VERIFIED; DESTINATION_VERIFIED
fixtures/invalid/audit3_source_bundles_valid.json,bd0f819a449026b4dff82096b7fa8a54a40d886b6fa9df7d80d36c51df76c9b2,142,FIXTURE,MAIN_TREE_DIRECT,fixtures/invalid/audit3_source_bundles_valid.json,COPIED_BYTE_IDENTICAL,Required current reviewer-facing or runtime file,"[""main-tree reviewer/runtime""]",SOURCE_R5_MANIFEST_VERIFIED; DESTINATION_VERIFIED
fixtures/invalid/audit3_source_inventory_valid.json,ad79f6513ada78de6d4c8752211259843cb495c6d9c16eb1e1ebd049813b12e3,146,FIXTURE,MAIN_TREE_DIRECT,fixtures/invalid/audit3_source_inventory_valid.json,COPIED_BYTE_IDENTICAL,Required current reviewer-facing or runtime file,"[""main-tree reviewer/runtime""]",SOURCE_R5_MANIFEST_VERIFIED; DESTINATION_VERIFIED
fixtures/invalid/audit3_stress_clean_source_overwrite.json,1f463f7216ceaf6a7ce8064da675b1012134b98d05a7eb93920f625af5cffea2,71502,FIXTURE,MAIN_TREE_DIRECT,fixtures/invalid/audit3_stress_clean_source_overwrite.json,COPIED_BYTE_IDENTICAL,Required current reviewer-facing or runtime file,"[""main-tree reviewer/runtime""]",SOURCE_R5_MANIFEST_VERIFIED; DESTINATION_VERIFIED
fixtures/invalid/audit3_stress_clean_source_present.json,620fb6a58f99e47cdec382f87aee976dc018a016cf896067aa62938b9f8d73bd,156,FIXTURE,MAIN_TREE_DIRECT,fixtures/invalid/audit3_stress_clean_source_present.json,COPIED_BYTE_IDENTICAL,Required current reviewer-facing or runtime file,"[""main-tree reviewer/runtime""]",SOURCE_R5_MANIFEST_VERIFIED; DESTINATION_VERIFIED
fixtures/invalid/audit3_stress_identity_reuse_valid.json,9ee75ccf163a4a31a9870ece087f365b1b91f18617bb5bec641539f29a51d013,156,FIXTURE,MAIN_TREE_DIRECT,fixtures/invalid/audit3_stress_identity_reuse_valid.json,COPIED_BYTE_IDENTICAL,Required current reviewer-facing or runtime file,"[""main-tree reviewer/runtime""]",SOURCE_R5_MANIFEST_VERIFIED; DESTINATION_VERIFIED
fixtures/invalid/audit3_stress_injection_valid.json,59683ecd4ea5666a8a6884c114a477b19c78a5dc3452aa42886b05aa6e73287c,146,FIXTURE,MAIN_TREE_DIRECT,fixtures/invalid/audit3_stress_injection_valid.json,COPIED_BYTE_IDENTICAL,Required current reviewer-facing or runtime file,"[""main-tree reviewer/runtime""]",SOURCE_R5_MANIFEST_VERIFIED; DESTINATION_VERIFIED
fixtures/invalid/audit3_stress_intensity_valid.json,a87347db456a0e16e33c72f71342100c594ecec86d5b67fdeae792496a54d8be,146,FIXTURE,MAIN_TREE_DIRECT,fixtures/invalid/audit3_stress_intensity_valid.json,COPIED_BYTE_IDENTICAL,Required current reviewer-facing or runtime file,"[""main-tree reviewer/runtime""]",SOURCE_R5_MANIFEST_VERIFIED; DESTINATION_VERIFIED
fixtures/invalid/audit3_stress_limitation_preserved.json,7fb6f2e5a481d4047b9dfa8257dcd6ce4eeafd9290a73e3e718762fbdc68c268,156,FIXTURE,MAIN_TREE_DIRECT,fixtures/invalid/audit3_stress_limitation_preserved.json,COPIED_BYTE_IDENTICAL,Required current reviewer-facing or runtime file,"[""main-tree reviewer/runtime""]",SOURCE_R5_MANIFEST_VERIFIED; DESTINATION_VERIFIED
fixtures/invalid/audit3_stress_lineage_resolves.json,924d6d1d960bf214e6309f37fd58e40e5aa220df4a5067c295a45a4371981fa4,148,FIXTURE,MAIN_TREE_DIRECT,fixtures/invalid/audit3_stress_lineage_resolves.json,COPIED_BYTE_IDENTICAL,Required current reviewer-facing or runtime file,"[""main-tree reviewer/runtime""]",SOURCE_R5_MANIFEST_VERIFIED; DESTINATION_VERIFIED
fixtures/invalid/audit3_stress_matching_valid.json,7a9d3c5013d31ba406ba199d384a590fff732275be7e21155292926a31d8fa7f,144,FIXTURE,MAIN_TREE_DIRECT,fixtures/invalid/audit3_stress_matching_valid.json,COPIED_BYTE_IDENTICAL,Required current reviewer-facing or runtime file,"[""main-tree reviewer/runtime""]",SOURCE_R5_MANIFEST_VERIFIED; DESTINATION_VERIFIED
fixtures/invalid/audit3_stress_pair_unmatched.json,ca22fdc689740fe87d8e91820a5ca459aa5a690c80a44341a807a409a2434eff,71497,FIXTURE,MAIN_TREE_DIRECT,fixtures/invalid/audit3_stress_pair_unmatched.json,COPIED_BYTE_IDENTICAL,Required current reviewer-facing or runtime file,"[""main-tree reviewer/runtime""]",SOURCE_R5_MANIFEST_VERIFIED; DESTINATION_VERIFIED
fixtures/invalid/audit3_stress_profile_incomplete.json,b8d626755709ad662e0b1981784197d1547dd0ca967bbaa44fa31b4cd740ea1b,71454,FIXTURE,MAIN_TREE_DIRECT,fixtures/invalid/audit3_stress_profile_incomplete.json,COPIED_BYTE_IDENTICAL,Required current reviewer-facing or runtime file,"[""main-tree reviewer/runtime""]",SOURCE_R5_MANIFEST_VERIFIED; DESTINATION_VERIFIED
fixtures/invalid/audit3_stress_profile_schedule_consistent.json,d520a51e78002870887e675e45caa1aff3b8644cc768d8548153ed88aff9042f,170,FIXTURE,MAIN_TREE_DIRECT,fixtures/invalid/audit3_stress_profile_schedule_consistent.json,COPIED_BYTE_IDENTICAL,Required current reviewer-facing or runtime file,"[""main-tree reviewer/runtime""]",SOURCE_R5_MANIFEST_VERIFIED; DESTINATION_VERIFIED
fixtures/invalid/audit3_stress_schedule_empty.json,b51c8520d60477887d652df4a9565971a439c38d8cf2e38a7f94fc0bf9c00e4d,71327,FIXTURE,MAIN_TREE_DIRECT,fixtures/invalid/audit3_stress_schedule_empty.json,COPIED_BYTE_IDENTICAL,Required current reviewer-facing or runtime file,"[""main-tree reviewer/runtime""]",SOURCE_R5_MANIFEST_VERIFIED; DESTINATION_VERIFIED
fixtures/invalid/audit3_stress_schedule_valid.json,c2e281e496b9633a133af6df3b0357111d03b55363c1729a9c4a26a71d5d8bd8,144,FIXTURE,MAIN_TREE_DIRECT,fixtures/invalid/audit3_stress_schedule_valid.json,COPIED_BYTE_IDENTICAL,Required current reviewer-facing or runtime file,"[""main-tree reviewer/runtime""]",SOURCE_R5_MANIFEST_VERIFIED; DESTINATION_VERIFIED
fixtures/invalid/audit3_stress_seed_present.json,ec8b4a7ab31ac73e9be6c200ccbdc83be74deafc034404150abe4eabad00cb03,140,FIXTURE,MAIN_TREE_DIRECT,fixtures/invalid/audit3_stress_seed_present.json,COPIED_BYTE_IDENTICAL,Required current reviewer-facing or runtime file,"[""main-tree reviewer/runtime""]",SOURCE_R5_MANIFEST_VERIFIED; DESTINATION_VERIFIED
fixtures/invalid/audit3_stress_target_compatible.json,630c009f6ca017cc6fbdb9dd347cae0e43d72bc36fd494ac7ea8eb5b6858f51a,150,FIXTURE,MAIN_TREE_DIRECT,fixtures/invalid/audit3_stress_target_compatible.json,COPIED_BYTE_IDENTICAL,Required current reviewer-facing or runtime file,"[""main-tree reviewer/runtime""]",SOURCE_R5_MANIFEST_VERIFIED; DESTINATION_VERIFIED
fixtures/invalid/audit3_task_asset_present.json,5e2dd41a66a2322bb5142dccbd3b75a74c3901683f515a34d184a253fee0f9b7,138,FIXTURE,MAIN_TREE_DIRECT,fixtures/invalid/audit3_task_asset_present.json,COPIED_BYTE_IDENTICAL,Required current reviewer-facing or runtime file,"[""main-tree reviewer/runtime""]",SOURCE_R5_MANIFEST_VERIFIED; DESTINATION_VERIFIED
fixtures/invalid/audit3_unsafe_actions_blocked.json,53c9d94788e2db08cb267f2d59704b8363a4e72b621aae67de0ce3f575c813d8,146,FIXTURE,MAIN_TREE_DIRECT,fixtures/invalid/audit3_unsafe_actions_blocked.json,COPIED_BYTE_IDENTICAL,Required current reviewer-facing or runtime file,"[""main-tree reviewer/runtime""]",SOURCE_R5_MANIFEST_VERIFIED; DESTINATION_VERIFIED
fixtures/invalid/audit3_validation_evidence_linked.json,719164e3e97b0b9ac92665284962f8a6457b747c2036c677291af27085e64139,154,FIXTURE,MAIN_TREE_DIRECT,fixtures/invalid/audit3_validation_evidence_linked.json,COPIED_BYTE_IDENTICAL,Required current reviewer-facing or runtime file,"[""main-tree reviewer/runtime""]",SOURCE_R5_MANIFEST_VERIFIED; DESTINATION_VERIFIED
fixtures/invalid/audit3_views_cards_sources_resolve.json,100684899b17f736d45521e3f8bd954f2364fb575c72a223f30bf8d351867a40,156,FIXTURE,MAIN_TREE_DIRECT,fixtures/invalid/audit3_views_cards_sources_resolve.json,COPIED_BYTE_IDENTICAL,Required current reviewer-facing or runtime file,"[""main-tree reviewer/runtime""]",SOURCE_R5_MANIFEST_VERIFIED; DESTINATION_VERIFIED
fixtures/invalid/broken_lineage.json,483c9cdd7adf7ee53aecbb695e8f6e359e599579803cac1557ead0c5e5346cf3,1032,FIXTURE,MAIN_TREE_DIRECT,fixtures/invalid/broken_lineage.json,COPIED_BYTE_IDENTICAL,Required current reviewer-facing or runtime file,"[""main-tree reviewer/runtime""]",SOURCE_R5_MANIFEST_VERIFIED; DESTINATION_VERIFIED
fixtures/invalid/calibration_leakage.json,c9671a60f8298b6b6355b060ba61e65eff434f17b9289d2747d699e2e16465fd,1030,FIXTURE,MAIN_TREE_DIRECT,fixtures/invalid/calibration_leakage.json,COPIED_BYTE_IDENTICAL,Required current reviewer-facing or runtime file,"[""main-tree reviewer/runtime""]",SOURCE_R5_MANIFEST_VERIFIED; DESTINATION_VERIFIED
fixtures/invalid/chronology_invalid.json,074939079da2c0deb02c4080009f394d0c81630416cd19505628352cd31f1435,1016,FIXTURE,MAIN_TREE_DIRECT,fixtures/invalid/chronology_invalid.json,COPIED_BYTE_IDENTICAL,Required current reviewer-facing or runtime file,"[""main-tree reviewer/runtime""]",SOURCE_R5_MANIFEST_VERIFIED; DESTINATION_VERIFIED
fixtures/invalid/claim_evidence_link_missing.json,f1d7130e34c7855b3cd0cff594653d2615cdbcd32608f73a0cbef74c26430e7a,1046,FIXTURE,MAIN_TREE_DIRECT,fixtures/invalid/claim_evidence_link_missing.json,COPIED_BYTE_IDENTICAL,Required current reviewer-facing or runtime file,"[""main-tree reviewer/runtime""]",SOURCE_R5_MANIFEST_VERIFIED; DESTINATION_VERIFIED
fixtures/invalid/denominator_mismatch.json,6baecc4061ec1fee4ebc9246c1c50e2131b74566ee947c3d331b61a72291d2af,1045,FIXTURE,MAIN_TREE_DIRECT,fixtures/invalid/denominator_mismatch.json,COPIED_BYTE_IDENTICAL,Required current reviewer-facing or runtime file,"[""main-tree reviewer/runtime""]",SOURCE_R5_MANIFEST_VERIFIED; DESTINATION_VERIFIED
fixtures/invalid/diagnostic_status_missing.json,bb92ade6644a7db4f9ea78c1b729b1412236585e01772c284cd1e40957129f38,1068,FIXTURE,MAIN_TREE_DIRECT,fixtures/invalid/diagnostic_status_missing.json,COPIED_BYTE_IDENTICAL,Required current reviewer-facing or runtime file,"[""main-tree reviewer/runtime""]",SOURCE_R5_MANIFEST_VERIFIED; DESTINATION_VERIFIED
fixtures/invalid/duplicate_record_id.json,531c1c9163b56f35246dccfd0a58f1fab160e591129e64a56cbbaba5ee21d838,1830,FIXTURE,MAIN_TREE_DIRECT,fixtures/invalid/duplicate_record_id.json,COPIED_BYTE_IDENTICAL,Required current reviewer-facing or runtime file,"[""main-tree reviewer/runtime""]",SOURCE_R5_MANIFEST_VERIFIED; DESTINATION_VERIFIED
fixtures/invalid/embodiment_limitation_missing.json,da30ed3c6c0678844a8afe6c005e6f2d5fcbbfc3227e039dcf86894a6ff46ae9,1018,FIXTURE,MAIN_TREE_DIRECT,fixtures/invalid/embodiment_limitation_missing.json,COPIED_BYTE_IDENTICAL,Required current reviewer-facing or runtime file,"[""main-tree reviewer/runtime""]",SOURCE_R5_MANIFEST_VERIFIED; DESTINATION_VERIFIED
fixtures/invalid/final_closure/01_missing_current_protocol_annex.json,59d385eaf2f76b1c8a1a4a1d839daab966e61edee5b510a1ce77bcb8b997c157,202,FIXTURE,MAIN_TREE_DIRECT,fixtures/invalid/final_closure/01_missing_current_protocol_annex.json,COPIED_BYTE_IDENTICAL,Required current reviewer-facing or runtime file,"[""main-tree reviewer/runtime""]",SOURCE_R5_MANIFEST_VERIFIED; DESTINATION_VERIFIED
fixtures/invalid/final_closure/02_stale_execution_release.json,046cd31a538aeaed61e86d8a5fa1fc6ca1aef3340c87a2846728b114ca2b8850,206,FIXTURE,MAIN_TREE_DIRECT,fixtures/invalid/final_closure/02_stale_execution_release.json,COPIED_BYTE_IDENTICAL,Required current reviewer-facing or runtime file,"[""main-tree reviewer/runtime""]",SOURCE_R5_MANIFEST_VERIFIED; DESTINATION_VERIFIED
fixtures/invalid/final_closure/03_missing_claim_limitation.json,8808a1a7cb4698d1bda37d7431ec367527c342f02cc328d3e215412991dd7882,192,FIXTURE,MAIN_TREE_DIRECT,fixtures/invalid/final_closure/03_missing_claim_limitation.json,COPIED_BYTE_IDENTICAL,Required current reviewer-facing or runtime file,"[""main-tree reviewer/runtime""]",SOURCE_R5_MANIFEST_VERIFIED; DESTINATION_VERIFIED
fixtures/invalid/final_closure/04_stale_claim_version.json,7fcae7167afdfe3e19d34aaf3ffa1f8ad3b8ff10ab97c62edbcfdeaafa1e61a8,192,FIXTURE,MAIN_TREE_DIRECT,fixtures/invalid/final_closure/04_stale_claim_version.json,COPIED_BYTE_IDENTICAL,Required current reviewer-facing or runtime file,"[""main-tree reviewer/runtime""]",SOURCE_R5_MANIFEST_VERIFIED; DESTINATION_VERIFIED
fixtures/invalid/final_closure/05_layer10_count_drift.json,c91774216ef3f98b91c08bc7118118fcf2c7cb822953446cec0616e7e74f3d73,182,FIXTURE,MAIN_TREE_DIRECT,fixtures/invalid/final_closure/05_layer10_count_drift.json,COPIED_BYTE_IDENTICAL,Required current reviewer-facing or runtime file,"[""main-tree reviewer/runtime""]",SOURCE_R5_MANIFEST_VERIFIED; DESTINATION_VERIFIED
fixtures/invalid/final_closure/06_missing_final_markdown.json,f4abd97ddb0aad31c3c356797a4a5d126000376208dc5caf63303fd574d8f460,204,FIXTURE,MAIN_TREE_DIRECT,fixtures/invalid/final_closure/06_missing_final_markdown.json,COPIED_BYTE_IDENTICAL,Required current reviewer-facing or runtime file,"[""main-tree reviewer/runtime""]",SOURCE_R5_MANIFEST_VERIFIED; DESTINATION_VERIFIED
fixtures/invalid/final_closure/07_dual_current_revisions.json,b39b5b1e46115430124f02a1a8c6a779b1fb50500c6562875aca3439e9f95884,185,FIXTURE,MAIN_TREE_DIRECT,fixtures/invalid/final_closure/07_dual_current_revisions.json,COPIED_BYTE_IDENTICAL,Required current reviewer-facing or runtime file,"[""main-tree reviewer/runtime""]",SOURCE_R5_MANIFEST_VERIFIED; DESTINATION_VERIFIED
fixtures/invalid/final_closure/08_premature_phase0_closure.json,e5722cf23363a9ade5b8d1572dad9401f6abaf4115c9d820ba424e239218e1ef,202,FIXTURE,MAIN_TREE_DIRECT,fixtures/invalid/final_closure/08_premature_phase0_closure.json,COPIED_BYTE_IDENTICAL,Required current reviewer-facing or runtime file,"[""main-tree reviewer/runtime""]",SOURCE_R5_MANIFEST_VERIFIED; DESTINATION_VERIFIED
fixtures/invalid/final_closure/09_premature_phase1_authorization.json,dc79f720910e37fe05ec4de6fec32cff07eae92e77f9f8788a6120109bc71470,206,FIXTURE,MAIN_TREE_DIRECT,fixtures/invalid/final_closure/09_premature_phase1_authorization.json,COPIED_BYTE_IDENTICAL,Required current reviewer-facing or runtime file,"[""main-tree reviewer/runtime""]",SOURCE_R5_MANIFEST_VERIFIED; DESTINATION_VERIFIED
fixtures/invalid/final_closure/10_false_publication_state.json,0314b199b2a2e62adfcf499b557ef79200d193e8bfb403a3b4d062b6e45c5c3d,181,FIXTURE,MAIN_TREE_DIRECT,fixtures/invalid/final_closure/10_false_publication_state.json,COPIED_BYTE_IDENTICAL,Required current reviewer-facing or runtime file,"[""main-tree reviewer/runtime""]",SOURCE_R5_MANIFEST_VERIFIED; DESTINATION_VERIFIED
fixtures/invalid/final_closure/11_mode_b_confirmatory_inflation.json,83ea6395b08ddf3ec91f5c56d6c878229f90eb6edc5d4bdc427d45976d8c8aaa,198,FIXTURE,MAIN_TREE_DIRECT,fixtures/invalid/final_closure/11_mode_b_confirmatory_inflation.json,COPIED_BYTE_IDENTICAL,Required current reviewer-facing or runtime file,"[""main-tree reviewer/runtime""]",SOURCE_R5_MANIFEST_VERIFIED; DESTINATION_VERIFIED
fixtures/invalid/final_closure/12_a14_violation.json,5153831378d1e620360993352e44e3aa106fedfee6b1724788a40d6140d983ae,151,FIXTURE,MAIN_TREE_DIRECT,fixtures/invalid/final_closure/12_a14_violation.json,COPIED_BYTE_IDENTICAL,Required current reviewer-facing or runtime file,"[""main-tree reviewer/runtime""]",SOURCE_R5_MANIFEST_VERIFIED; DESTINATION_VERIFIED
fixtures/invalid/final_closure/13_malformed_rejection_misclassified.json,df07e5b23a2fb30e500af03ef4c691b3d825d323622853cf588f9cda111b7c6a,212,FIXTURE,MAIN_TREE_DIRECT,fixtures/invalid/final_closure/13_malformed_rejection_misclassified.json,COPIED_BYTE_IDENTICAL,Required current reviewer-facing or runtime file,"[""main-tree reviewer/runtime""]",SOURCE_R5_MANIFEST_VERIFIED; DESTINATION_VERIFIED
fixtures/invalid/final_closure/14_false_cross_version_reproducibility.json,22fc032044d0886fc0c8acdc3eb35348ce3977cd95d6d89193b6755e4e4236de,230,FIXTURE,MAIN_TREE_DIRECT,fixtures/invalid/final_closure/14_false_cross_version_reproducibility.json,COPIED_BYTE_IDENTICAL,Required current reviewer-facing or runtime file,"[""main-tree reviewer/runtime""]",SOURCE_R5_MANIFEST_VERIFIED; DESTINATION_VERIFIED
fixtures/invalid/final_closure/15_negative_evidence_loss.json,db4865b6d784a7c6569edbac9f6ad13eccaf33cd7b3e60559d83ab6bb5cac5e3,188,FIXTURE,MAIN_TREE_DIRECT,fixtures/invalid/final_closure/15_negative_evidence_loss.json,COPIED_BYTE_IDENTICAL,Required current reviewer-facing or runtime file,"[""main-tree reviewer/runtime""]",SOURCE_R5_MANIFEST_VERIFIED; DESTINATION_VERIFIED
fixtures/invalid/final_closure/16_manifest_omits_current_document.json,308c4e422892c59f4856cffe2c5d28fe5a5264d98a37ba7f7f59e9f117493376,213,FIXTURE,MAIN_TREE_DIRECT,fixtures/invalid/final_closure/16_manifest_omits_current_document.json,COPIED_BYTE_IDENTICAL,Required current reviewer-facing or runtime file,"[""main-tree reviewer/runtime""]",SOURCE_R5_MANIFEST_VERIFIED; DESTINATION_VERIFIED
fixtures/invalid/final_closure/17_illegal_layer0_analysis_patch.json,81b9e0fde687a2066c2ba973d81aca7a2feb27c4b324a52aedc633db163cdeeb,210,FIXTURE,MAIN_TREE_DIRECT,fixtures/invalid/final_closure/17_illegal_layer0_analysis_patch.json,COPIED_BYTE_IDENTICAL,Required current reviewer-facing or runtime file,"[""main-tree reviewer/runtime""]",SOURCE_R5_MANIFEST_VERIFIED; DESTINATION_VERIFIED
fixtures/invalid/final_closure/18_layer10_recomputation.json,23a02c3ed666c273c1316ff14703f5bbfee3002327f062114e433479bec3de33,186,FIXTURE,MAIN_TREE_DIRECT,fixtures/invalid/final_closure/18_layer10_recomputation.json,COPIED_BYTE_IDENTICAL,Required current reviewer-facing or runtime file,"[""main-tree reviewer/runtime""]",SOURCE_R5_MANIFEST_VERIFIED; DESTINATION_VERIFIED
fixtures/invalid/final_double_check/01_missing_final_markdown.json,c7fe53909f3c46d6ba60ae1fedddc312137aeb37871543310ad8dca0684dccd2,198,FIXTURE,MAIN_TREE_DIRECT,fixtures/invalid/final_double_check/01_missing_final_markdown.json,COPIED_BYTE_IDENTICAL,Required current reviewer-facing or runtime file,"[""main-tree reviewer/runtime""]",SOURCE_R5_MANIFEST_VERIFIED; DESTINATION_VERIFIED
fixtures/invalid/final_double_check/02_truncated_final_document.json,42c90cff2d0bd35cc8d8d62a86b2e8768d77debdd0a74bd2554beebf39ade353,204,FIXTURE,MAIN_TREE_DIRECT,fixtures/invalid/final_double_check/02_truncated_final_document.json,COPIED_BYTE_IDENTICAL,Required current reviewer-facing or runtime file,"[""main-tree reviewer/runtime""]",SOURCE_R5_MANIFEST_VERIFIED; DESTINATION_VERIFIED
fixtures/invalid/final_double_check/03_distribution_hash_mismatch.json,e11055abdea83bd0c6898735bf03a1a265a6caef229c2da87210d788f876c578,220,FIXTURE,MAIN_TREE_DIRECT,fixtures/invalid/final_double_check/03_distribution_hash_mismatch.json,COPIED_BYTE_IDENTICAL,Required current reviewer-facing or runtime file,"[""main-tree reviewer/runtime""]",SOURCE_R5_MANIFEST_VERIFIED; DESTINATION_VERIFIED
fixtures/invalid/final_double_check/04_historical_marked_current.json,0159724975e910f55b792ca7248e2b4a067c030372069e86c130810f64c9ccbb,216,FIXTURE,MAIN_TREE_DIRECT,fixtures/invalid/final_double_check/04_historical_marked_current.json,COPIED_BYTE_IDENTICAL,Required current reviewer-facing or runtime file,"[""main-tree reviewer/runtime""]",SOURCE_R5_MANIFEST_VERIFIED; DESTINATION_VERIFIED
fixtures/invalid/final_double_check/05_conflicting_successors.json,e6d9c750464ed2684e52102100dcfb600e977bf3dd344e1339ba04e97852450f,206,FIXTURE,MAIN_TREE_DIRECT,fixtures/invalid/final_double_check/05_conflicting_successors.json,COPIED_BYTE_IDENTICAL,Required current reviewer-facing or runtime file,"[""main-tree reviewer/runtime""]",SOURCE_R5_MANIFEST_VERIFIED; DESTINATION_VERIFIED
fixtures/invalid/final_double_check/06_missing_schema_config_test.json,dc57ff965a3a648466c8fb4887c7bfb9654bc0ea1b05de8d6e59467848dca73d,220,FIXTURE,MAIN_TREE_DIRECT,fixtures/invalid/final_double_check/06_missing_schema_config_test.json,COPIED_BYTE_IDENTICAL,Required current reviewer-facing or runtime file,"[""main-tree reviewer/runtime""]",SOURCE_R5_MANIFEST_VERIFIED; DESTINATION_VERIFIED
fixtures/invalid/final_double_check/07_false_test_count.json,3a41f2a7b743c164e52e26b9d9cb021634993bf73010c6e890d81f455ec5901e,188,FIXTURE,MAIN_TREE_DIRECT,fixtures/invalid/final_double_check/07_false_test_count.json,COPIED_BYTE_IDENTICAL,Required current reviewer-facing or runtime file,"[""main-tree reviewer/runtime""]",SOURCE_R5_MANIFEST_VERIFIED; DESTINATION_VERIFIED
fixtures/invalid/final_double_check/08_invalid_fixture_accepted.json,6da93b3eed486161dba0535ecf492fcc403219cf3952d4fa8aea00d9f25eef90,210,FIXTURE,MAIN_TREE_DIRECT,fixtures/invalid/final_double_check/08_invalid_fixture_accepted.json,COPIED_BYTE_IDENTICAL,Required current reviewer-facing or runtime file,"[""main-tree reviewer/runtime""]",SOURCE_R5_MANIFEST_VERIFIED; DESTINATION_VERIFIED
fixtures/invalid/final_double_check/09_valid_fixture_rejected.json,b9cf39061a6041495a805e2575cfc20b250741e1a8e52846c9279ae19b1f5baa,202,FIXTURE,MAIN_TREE_DIRECT,fixtures/invalid/final_double_check/09_valid_fixture_rejected.json,COPIED_BYTE_IDENTICAL,Required current reviewer-facing or runtime file,"[""main-tree reviewer/runtime""]",SOURCE_R5_MANIFEST_VERIFIED; DESTINATION_VERIFIED
fixtures/invalid/final_double_check/10_a14_artifact.json,eec7d9b6e37e866e64fe0878b53722ffec5dc8ca4f559ebb7a757b45a218a218,180,FIXTURE,MAIN_TREE_DIRECT,fixtures/invalid/final_double_check/10_a14_artifact.json,COPIED_BYTE_IDENTICAL,Required current reviewer-facing or runtime file,"[""main-tree reviewer/runtime""]",SOURCE_R5_MANIFEST_VERIFIED; DESTINATION_VERIFIED
fixtures/invalid/final_double_check/11_protocol_timing_upgrade.json,7ceee6f4d067ca35ac7b989d7b61b8b77f924b2d7cba3aa5e96fdfa366160e01,213,FIXTURE,MAIN_TREE_DIRECT,fixtures/invalid/final_double_check/11_protocol_timing_upgrade.json,COPIED_BYTE_IDENTICAL,Required current reviewer-facing or runtime file,"[""main-tree reviewer/runtime""]",SOURCE_R5_MANIFEST_VERIFIED; DESTINATION_VERIFIED
fixtures/invalid/final_double_check/12_stale_execution_release.json,3c167566b4c66fe5d0ced2005791b74732d0f20c3a71a45d9cc727a422ce36b7,213,FIXTURE,MAIN_TREE_DIRECT,fixtures/invalid/final_double_check/12_stale_execution_release.json,COPIED_BYTE_IDENTICAL,Required current reviewer-facing or runtime file,"[""main-tree reviewer/runtime""]",SOURCE_R5_MANIFEST_VERIFIED; DESTINATION_VERIFIED
fixtures/invalid/final_double_check/13_analysis_count_changed_layer0.json,ab43c9de31b32c4c5ce58e6673149eb603de2258ee83ef1773b60867059cc30b,222,FIXTURE,MAIN_TREE_DIRECT,fixtures/invalid/final_double_check/13_analysis_count_changed_layer0.json,COPIED_BYTE_IDENTICAL,Required current reviewer-facing or runtime file,"[""main-tree reviewer/runtime""]",SOURCE_R5_MANIFEST_VERIFIED; DESTINATION_VERIFIED
fixtures/invalid/final_double_check/14_stale_claim_version.json,7551c67813202f870100d7d380c64726c635e5ba8f408be7328fa6d25bcea410,202,FIXTURE,MAIN_TREE_DIRECT,fixtures/invalid/final_double_check/14_stale_claim_version.json,COPIED_BYTE_IDENTICAL,Required current reviewer-facing or runtime file,"[""main-tree reviewer/runtime""]",SOURCE_R5_MANIFEST_VERIFIED; DESTINATION_VERIFIED
fixtures/invalid/final_double_check/15_blocked_claim_layer10.json,a36acfe8710a9e57a4e3e41ad12a987ad2a3da11364df016ab1e5af722ab5a03,205,FIXTURE,MAIN_TREE_DIRECT,fixtures/invalid/final_double_check/15_blocked_claim_layer10.json,COPIED_BYTE_IDENTICAL,Required current reviewer-facing or runtime file,"[""main-tree reviewer/runtime""]",SOURCE_R5_MANIFEST_VERIFIED; DESTINATION_VERIFIED
fixtures/invalid/final_double_check/16_layer10_value_drift.json,147216ea96e28773cbc28c505b0c27dd2484a3afd6cbe0718aa1148a68194365,196,FIXTURE,MAIN_TREE_DIRECT,fixtures/invalid/final_double_check/16_layer10_value_drift.json,COPIED_BYTE_IDENTICAL,Required current reviewer-facing or runtime file,"[""main-tree reviewer/runtime""]",SOURCE_R5_MANIFEST_VERIFIED; DESTINATION_VERIFIED
fixtures/invalid/final_double_check/17_missing_card_limitation.json,7ca0d62c71bea83c135938558a3a06188e1969aa8553238b01a7e9c16746b2fc,215,FIXTURE,MAIN_TREE_DIRECT,fixtures/invalid/final_double_check/17_missing_card_limitation.json,COPIED_BYTE_IDENTICAL,Required current reviewer-facing or runtime file,"[""main-tree reviewer/runtime""]",SOURCE_R5_MANIFEST_VERIFIED; DESTINATION_VERIFIED
fixtures/invalid/final_double_check/18_false_publication_complete.json,c110fe8719a4315eab327d9410fa644010419fc535bb361f6425f9e6b7cd1ed6,219,FIXTURE,MAIN_TREE_DIRECT,fixtures/invalid/final_double_check/18_false_publication_complete.json,COPIED_BYTE_IDENTICAL,Required current reviewer-facing or runtime file,"[""main-tree reviewer/runtime""]",SOURCE_R5_MANIFEST_VERIFIED; DESTINATION_VERIFIED
fixtures/invalid/final_double_check/19_gate18_false_pass.json,524897a2307cc7938d188d5a4b254febac07049e855631b9b9f258184ed6317d,186,FIXTURE,MAIN_TREE_DIRECT,fixtures/invalid/final_double_check/19_gate18_false_pass.json,COPIED_BYTE_IDENTICAL,Required current reviewer-facing or runtime file,"[""main-tree reviewer/runtime""]",SOURCE_R5_MANIFEST_VERIFIED; DESTINATION_VERIFIED
fixtures/invalid/final_double_check/20_phase0_closed_gate_blocked.json,70bef15ca1f5477732db41f3184b8ed0a5a5400f010bc373ba3207258f533779,215,FIXTURE,MAIN_TREE_DIRECT,fixtures/invalid/final_double_check/20_phase0_closed_gate_blocked.json,COPIED_BYTE_IDENTICAL,Required current reviewer-facing or runtime file,"[""main-tree reviewer/runtime""]",SOURCE_R5_MANIFEST_VERIFIED; DESTINATION_VERIFIED
fixtures/invalid/final_double_check/21_phase1_authorized_phase0_open.json,375d199675076e4435818727fe43286e060e44714a083cef47e3312e6ee3dd34,225,FIXTURE,MAIN_TREE_DIRECT,fixtures/invalid/final_double_check/21_phase1_authorized_phase0_open.json,COPIED_BYTE_IDENTICAL,Required current reviewer-facing or runtime file,"[""main-tree reviewer/runtime""]",SOURCE_R5_MANIFEST_VERIFIED; DESTINATION_VERIFIED
fixtures/invalid/final_double_check/22_manifest_omits_current.json,8252db9a1ae758974374c994a908e1dde7231d5cfb6b04a67d4aaf5620275cd6,209,FIXTURE,MAIN_TREE_DIRECT,fixtures/invalid/final_double_check/22_manifest_omits_current.json,COPIED_BYTE_IDENTICAL,Required current reviewer-facing or runtime file,"[""main-tree reviewer/runtime""]",SOURCE_R5_MANIFEST_VERIFIED; DESTINATION_VERIFIED
fixtures/invalid/final_double_check/23_untracked_current_file.json,faef2961a5698548f9f6bc0778f7d61f132d2c4044a2c52bea2dd3442acd61bb,198,FIXTURE,MAIN_TREE_DIRECT,fixtures/invalid/final_double_check/23_untracked_current_file.json,COPIED_BYTE_IDENTICAL,Required current reviewer-facing or runtime file,"[""main-tree reviewer/runtime""]",SOURCE_R5_MANIFEST_VERIFIED; DESTINATION_VERIFIED
fixtures/invalid/final_double_check/24_broken_source_hash.json,24779ccd2e7a0eeb2f987a2de710476e7b064e251fa4a0991a1a7863cd8e0b79,186,FIXTURE,MAIN_TREE_DIRECT,fixtures/invalid/final_double_check/24_broken_source_hash.json,COPIED_BYTE_IDENTICAL,Required current reviewer-facing or runtime file,"[""main-tree reviewer/runtime""]",SOURCE_R5_MANIFEST_VERIFIED; DESTINATION_VERIFIED
fixtures/invalid/final_double_check/25_absolute_local_path.json,1b5e7ea1d24139e7faddc539adc55f0c756103686f6053ca82c45e2ce1ac3c0a,203,FIXTURE,MAIN_TREE_DIRECT,fixtures/invalid/final_double_check/25_absolute_local_path.json,COPIED_BYTE_IDENTICAL,Required current reviewer-facing or runtime file,"[""main-tree reviewer/runtime""]",SOURCE_R5_MANIFEST_VERIFIED; DESTINATION_VERIFIED
fixtures/invalid/final_double_check/26_cache_secret_transient.json,26f9ecd08fa840ea39394cd942351a11da8551bd34e65dd3abedf90a35117dc9,216,FIXTURE,MAIN_TREE_DIRECT,fixtures/invalid/final_double_check/26_cache_secret_transient.json,COPIED_BYTE_IDENTICAL,Required current reviewer-facing or runtime file,"[""main-tree reviewer/runtime""]",SOURCE_R5_MANIFEST_VERIFIED; DESTINATION_VERIFIED
fixtures/invalid/final_double_check/27_omitted_phase0_responsibility.json,d08334b6d423f54fc6ea6758a8061224e878c0a390e3def7e9ab0bac8e7f5204,219,FIXTURE,MAIN_TREE_DIRECT,fixtures/invalid/final_double_check/27_omitted_phase0_responsibility.json,COPIED_BYTE_IDENTICAL,Required current reviewer-facing or runtime file,"[""main-tree reviewer/runtime""]",SOURCE_R5_MANIFEST_VERIFIED; DESTINATION_VERIFIED
fixtures/invalid/final_double_check/28_layer_role_undispositioned.json,114e4eab4bfd1b721186119353c9239b61493ff99aba1091ecdacf8e2e56aec4,217,FIXTURE,MAIN_TREE_DIRECT,fixtures/invalid/final_double_check/28_layer_role_undispositioned.json,COPIED_BYTE_IDENTICAL,Required current reviewer-facing or runtime file,"[""main-tree reviewer/runtime""]",SOURCE_R5_MANIFEST_VERIFIED; DESTINATION_VERIFIED
fixtures/invalid/final_double_check/29_expected_output_missing_register.json,28f0c6fc55ff7d9a41b2a3bb299f0fd72f5136d5e082ba06f03fcc1ff4822f84,240,FIXTURE,MAIN_TREE_DIRECT,fixtures/invalid/final_double_check/29_expected_output_missing_register.json,COPIED_BYTE_IDENTICAL,Required current reviewer-facing or runtime file,"[""main-tree reviewer/runtime""]",SOURCE_R5_MANIFEST_VERIFIED; DESTINATION_VERIFIED
fixtures/invalid/final_double_check/30_output_without_validator_hash.json,5a20a8955ff4d7e38f9248848cd9e9898277f69ca36df6d94daef5fcdef3c407,223,FIXTURE,MAIN_TREE_DIRECT,fixtures/invalid/final_double_check/30_output_without_validator_hash.json,COPIED_BYTE_IDENTICAL,Required current reviewer-facing or runtime file,"[""main-tree reviewer/runtime""]",SOURCE_R5_MANIFEST_VERIFIED; DESTINATION_VERIFIED
fixtures/invalid/final_double_check/31_ablation_row_missing.json,ff53a89fb1ea496c038aa7c2011f09f594f8a57dff4a5aee3fd222f3d65ceed5,202,FIXTURE,MAIN_TREE_DIRECT,fixtures/invalid/final_double_check/31_ablation_row_missing.json,COPIED_BYTE_IDENTICAL,Required current reviewer-facing or runtime file,"[""main-tree reviewer/runtime""]",SOURCE_R5_MANIFEST_VERIFIED; DESTINATION_VERIFIED
fixtures/invalid/final_double_check/32_ablation_identity_collapsed.json,28d959686eeae8ced0ead370e39ab1678eff4a7dd73ed6cd733ec65712e73190,213,FIXTURE,MAIN_TREE_DIRECT,fixtures/invalid/final_double_check/32_ablation_identity_collapsed.json,COPIED_BYTE_IDENTICAL,Required current reviewer-facing or runtime file,"[""main-tree reviewer/runtime""]",SOURCE_R5_MANIFEST_VERIFIED; DESTINATION_VERIFIED
fixtures/invalid/final_double_check/33_ablation_false_executed.json,268090e1c35c18b7a588ee0b2cc2cd276cde9eb9251dbc7a77dfe14320a1ed08,210,FIXTURE,MAIN_TREE_DIRECT,fixtures/invalid/final_double_check/33_ablation_false_executed.json,COPIED_BYTE_IDENTICAL,Required current reviewer-facing or runtime file,"[""main-tree reviewer/runtime""]",SOURCE_R5_MANIFEST_VERIFIED; DESTINATION_VERIFIED
fixtures/invalid/final_double_check/34_ablation_unlock_conditions_missing.json,1d13ee73da15f74e8c2239f9bb95532a893832f6c8d1905d73fcf85d1bde4674,237,FIXTURE,MAIN_TREE_DIRECT,fixtures/invalid/final_double_check/34_ablation_unlock_conditions_missing.json,COPIED_BYTE_IDENTICAL,Required current reviewer-facing or runtime file,"[""main-tree reviewer/runtime""]",SOURCE_R5_MANIFEST_VERIFIED; DESTINATION_VERIFIED
fixtures/invalid/final_double_check/35_unlocked_ablation_omitted_analysis.json,455edd03df8375b40ee451850b13d512229a3ff862d9508f1815e42cba6063d4,243,FIXTURE,MAIN_TREE_DIRECT,fixtures/invalid/final_double_check/35_unlocked_ablation_omitted_analysis.json,COPIED_BYTE_IDENTICAL,Required current reviewer-facing or runtime file,"[""main-tree reviewer/runtime""]",SOURCE_R5_MANIFEST_VERIFIED; DESTINATION_VERIFIED
fixtures/invalid/final_double_check/36_fabricated_ablation_results.json,4a05caa31e2a915da5c373b85e0b7ad13113475afd0eeb9042cdbdbceb6b7716,224,FIXTURE,MAIN_TREE_DIRECT,fixtures/invalid/final_double_check/36_fabricated_ablation_results.json,COPIED_BYTE_IDENTICAL,Required current reviewer-facing or runtime file,"[""main-tree reviewer/runtime""]",SOURCE_R5_MANIFEST_VERIFIED; DESTINATION_VERIFIED
fixtures/invalid/final_double_check/37_a14_any_surface.json,17d9ee23366f5450b6ccaff7be8a4f70d31707a03a2e73a8c776dbd1337b4259,186,FIXTURE,MAIN_TREE_DIRECT,fixtures/invalid/final_double_check/37_a14_any_surface.json,COPIED_BYTE_IDENTICAL,Required current reviewer-facing or runtime file,"[""main-tree reviewer/runtime""]",SOURCE_R5_MANIFEST_VERIFIED; DESTINATION_VERIFIED
fixtures/invalid/final_double_check/38_analysis_output_layer_coverage_missing.json,940329cd00116a762bde8cf74fdeebe3242c231f6fa57fb709f49ab3fbe9d3c3,258,FIXTURE,MAIN_TREE_DIRECT,fixtures/invalid/final_double_check/38_analysis_output_layer_coverage_missing.json,COPIED_BYTE_IDENTICAL,Required current reviewer-facing or runtime file,"[""main-tree reviewer/runtime""]",SOURCE_R5_MANIFEST_VERIFIED; DESTINATION_VERIFIED
fixtures/invalid/final_double_check/39_phase1_with_incomplete_outputs.json,dcf228aa53856ed7208e0cd6ba3ee4e06d1205ac39d5d081df97d70a6f3bcd57,237,FIXTURE,MAIN_TREE_DIRECT,fixtures/invalid/final_double_check/39_phase1_with_incomplete_outputs.json,COPIED_BYTE_IDENTICAL,Required current reviewer-facing or runtime file,"[""main-tree reviewer/runtime""]",SOURCE_R5_MANIFEST_VERIFIED; DESTINATION_VERIFIED
fixtures/invalid/final_l0_emap_l10_audit/01_missing_limitation.json,0ff308fbb82a3619d573b1e65456b6ce863414492edf81ef6e6b875cccfd36a9,190,FIXTURE,MAIN_TREE_DIRECT,fixtures/invalid/final_l0_emap_l10_audit/01_missing_limitation.json,COPIED_BYTE_IDENTICAL,Required current reviewer-facing or runtime file,"[""main-tree reviewer/runtime""]",SOURCE_R5_MANIFEST_VERIFIED; DESTINATION_VERIFIED
fixtures/invalid/final_l0_emap_l10_audit/02_stronger_wording.json,53f1994070f27ea70d71dc8575697dc056652d5c3c061d8129dbc3fce906c9b9,248,FIXTURE,MAIN_TREE_DIRECT,fixtures/invalid/final_l0_emap_l10_audit/02_stronger_wording.json,COPIED_BYTE_IDENTICAL,Required current reviewer-facing or runtime file,"[""main-tree reviewer/runtime""]",SOURCE_R5_MANIFEST_VERIFIED; DESTINATION_VERIFIED
fixtures/invalid/final_l0_emap_l10_audit/03_mode_b_confirmatory.json,a1182f89892d56ce6b4ee408fe2b86a5a3ca358b54355c0166741da607cd71cc,168,FIXTURE,MAIN_TREE_DIRECT,fixtures/invalid/final_l0_emap_l10_audit/03_mode_b_confirmatory.json,COPIED_BYTE_IDENTICAL,Required current reviewer-facing or runtime file,"[""main-tree reviewer/runtime""]",SOURCE_R5_MANIFEST_VERIFIED; DESTINATION_VERIFIED
fixtures/invalid/final_l0_emap_l10_audit/04_blocked_claim_layer10.json,7b2138de9955529c0d199fe972758e903f4fb043b63efc77abd8181548c2b6e3,191,FIXTURE,MAIN_TREE_DIRECT,fixtures/invalid/final_l0_emap_l10_audit/04_blocked_claim_layer10.json,COPIED_BYTE_IDENTICAL,Required current reviewer-facing or runtime file,"[""main-tree reviewer/runtime""]",SOURCE_R5_MANIFEST_VERIFIED; DESTINATION_VERIFIED
fixtures/invalid/final_l0_emap_l10_audit/05_stale_claim_current.json,af2d4bec290a86ae98150f2d54e3be459d4a2fb88d758c3db78ac2cc9444d914,210,FIXTURE,MAIN_TREE_DIRECT,fixtures/invalid/final_l0_emap_l10_audit/05_stale_claim_current.json,COPIED_BYTE_IDENTICAL,Required current reviewer-facing or runtime file,"[""main-tree reviewer/runtime""]",SOURCE_R5_MANIFEST_VERIFIED; DESTINATION_VERIFIED
fixtures/invalid/final_l0_emap_l10_audit/06_missing_adverse_link.json,e7f91e6d674cf99b4679bebfe12c45c9f3306e198342c55bacb38418abd7367e,167,FIXTURE,MAIN_TREE_DIRECT,fixtures/invalid/final_l0_emap_l10_audit/06_missing_adverse_link.json,COPIED_BYTE_IDENTICAL,Required current reviewer-facing or runtime file,"[""main-tree reviewer/runtime""]",SOURCE_R5_MANIFEST_VERIFIED; DESTINATION_VERIFIED
fixtures/invalid/final_l0_emap_l10_audit/07_card_warning_suppression.json,af513285b3f54e39e3ce31224994e2d4880605473e7c16f03932928779c2da10,148,FIXTURE,MAIN_TREE_DIRECT,fixtures/invalid/final_l0_emap_l10_audit/07_card_warning_suppression.json,COPIED_BYTE_IDENTICAL,Required current reviewer-facing or runtime file,"[""main-tree reviewer/runtime""]",SOURCE_R5_MANIFEST_VERIFIED; DESTINATION_VERIFIED
fixtures/invalid/final_l0_emap_l10_audit/08_altered_source_count.json,f1a918ad34b43d840db4863c9ca2b90f89f9b8379835681d05dfe41f39b8139c,167,FIXTURE,MAIN_TREE_DIRECT,fixtures/invalid/final_l0_emap_l10_audit/08_altered_source_count.json,COPIED_BYTE_IDENTICAL,Required current reviewer-facing or runtime file,"[""main-tree reviewer/runtime""]",SOURCE_R5_MANIFEST_VERIFIED; DESTINATION_VERIFIED
fixtures/invalid/final_l0_emap_l10_audit/09_undisclosed_filter.json,f54ea60f05824a3f7b2362c1a7ec8cfe9c4d7a359145d304f86876c7fd510d6b,134,FIXTURE,MAIN_TREE_DIRECT,fixtures/invalid/final_l0_emap_l10_audit/09_undisclosed_filter.json,COPIED_BYTE_IDENTICAL,Required current reviewer-facing or runtime file,"[""main-tree reviewer/runtime""]",SOURCE_R5_MANIFEST_VERIFIED; DESTINATION_VERIFIED
fixtures/invalid/final_l0_emap_l10_audit/10_readiness_as_scientific.json,fe62fdd18a8d0c7939692788d4b487ee090509ae4f4fcdd058e40ce7744a1e5e,201,FIXTURE,MAIN_TREE_DIRECT,fixtures/invalid/final_l0_emap_l10_audit/10_readiness_as_scientific.json,COPIED_BYTE_IDENTICAL,Required current reviewer-facing or runtime file,"[""main-tree reviewer/runtime""]",SOURCE_R5_MANIFEST_VERIFIED; DESTINATION_VERIFIED
fixtures/invalid/final_l0_emap_l10_audit/11_a14_activation.json,1179aa16f8449c2ff47c92cb2b302c32cf298509fbef8f946e84b99c81f881d6,158,FIXTURE,MAIN_TREE_DIRECT,fixtures/invalid/final_l0_emap_l10_audit/11_a14_activation.json,COPIED_BYTE_IDENTICAL,Required current reviewer-facing or runtime file,"[""main-tree reviewer/runtime""]",SOURCE_R5_MANIFEST_VERIFIED; DESTINATION_VERIFIED
fixtures/invalid/final_l0_emap_l10_audit/12_premature_phase0_closed.json,4c6d2a09e6f244008bc5582b14212a7b80da88fa2fe43b83f29c3d8030e6616c,192,FIXTURE,MAIN_TREE_DIRECT,fixtures/invalid/final_l0_emap_l10_audit/12_premature_phase0_closed.json,COPIED_BYTE_IDENTICAL,Required current reviewer-facing or runtime file,"[""main-tree reviewer/runtime""]",SOURCE_R5_MANIFEST_VERIFIED; DESTINATION_VERIFIED
fixtures/invalid/final_l0_emap_l10_audit/13_premature_phase1_authorized.json,356a609eae4cb250f73d8f1e7ae1eee2fe3c42090a31f61969902406f0e9c504,155,FIXTURE,MAIN_TREE_DIRECT,fixtures/invalid/final_l0_emap_l10_audit/13_premature_phase1_authorized.json,COPIED_BYTE_IDENTICAL,Required current reviewer-facing or runtime file,"[""main-tree reviewer/runtime""]",SOURCE_R5_MANIFEST_VERIFIED; DESTINATION_VERIFIED
fixtures/invalid/frozen_audit_missing.json,9836ee3cbf256aff126d0fd2e90442e0687d73ad18340d4e9ba7f347588aa6f8,1070,FIXTURE,MAIN_TREE_DIRECT,fixtures/invalid/frozen_audit_missing.json,COPIED_BYTE_IDENTICAL,Required current reviewer-facing or runtime file,"[""main-tree reviewer/runtime""]",SOURCE_R5_MANIFEST_VERIFIED; DESTINATION_VERIFIED
fixtures/invalid/frozen_mutation.json,1807980504550943417462e19c958384fd97caa0adc254c3fe7831475022ea20,1059,FIXTURE,MAIN_TREE_DIRECT,fixtures/invalid/frozen_mutation.json,COPIED_BYTE_IDENTICAL,Required current reviewer-facing or runtime file,"[""main-tree reviewer/runtime""]",SOURCE_R5_MANIFEST_VERIFIED; DESTINATION_VERIFIED
fixtures/invalid/invalid_enum.json,69f124f78735382d7fc257e571f3c25da738dd50e0d2dfd5f58faafea595a84a,963,FIXTURE,MAIN_TREE_DIRECT,fixtures/invalid/invalid_enum.json,COPIED_BYTE_IDENTICAL,Required current reviewer-facing or runtime file,"[""main-tree reviewer/runtime""]",SOURCE_R5_MANIFEST_VERIFIED; DESTINATION_VERIFIED
fixtures/invalid/invalid_id.json,1cb1eb04d1bd5fd87703340af60313b50b28d3626c47f8fe31ca5dd4d0581188,925,FIXTURE,MAIN_TREE_DIRECT,fixtures/invalid/invalid_id.json,COPIED_BYTE_IDENTICAL,Required current reviewer-facing or runtime file,"[""main-tree reviewer/runtime""]",SOURCE_R5_MANIFEST_VERIFIED; DESTINATION_VERIFIED
fixtures/invalid/invalid_lifecycle_transition.json,52ed3ce88d7f3eb1d3a353aa494c40167d28f1b2a5d898e20c3be32f9c81b121,1046,FIXTURE,MAIN_TREE_DIRECT,fixtures/invalid/invalid_lifecycle_transition.json,COPIED_BYTE_IDENTICAL,Required current reviewer-facing or runtime file,"[""main-tree reviewer/runtime""]",SOURCE_R5_MANIFEST_VERIFIED; DESTINATION_VERIFIED
fixtures/invalid/invalid_version.json,e9acd7969897e7ae30a4928f90aa3cf93271f386175e53d780c9e4760077d966,966,FIXTURE,MAIN_TREE_DIRECT,fixtures/invalid/invalid_version.json,COPIED_BYTE_IDENTICAL,Required current reviewer-facing or runtime file,"[""main-tree reviewer/runtime""]",SOURCE_R5_MANIFEST_VERIFIED; DESTINATION_VERIFIED
fixtures/invalid/layer0_primary_measurement.json,6901a8f696a6a92af5f8e562aa2a973b49227fbb7e636312c811033dbeb54822,1024,FIXTURE,MAIN_TREE_DIRECT,fixtures/invalid/layer0_primary_measurement.json,COPIED_BYTE_IDENTICAL,Required current reviewer-facing or runtime file,"[""main-tree reviewer/runtime""]",SOURCE_R5_MANIFEST_VERIFIED; DESTINATION_VERIFIED
fixtures/invalid/layer10_missing_source.json,4a7652e77f45bbc59ab74e52384355d375487247a753f392481e76b4777de741,1015,FIXTURE,MAIN_TREE_DIRECT,fixtures/invalid/layer10_missing_source.json,COPIED_BYTE_IDENTICAL,Required current reviewer-facing or runtime file,"[""main-tree reviewer/runtime""]",SOURCE_R5_MANIFEST_VERIFIED; DESTINATION_VERIFIED
fixtures/invalid/layer10_primary_evidence.json,640765152b6ce5daf0a1a27a66faa55e51734c3c3e8e6e38b02cb84b580fe82c,1017,FIXTURE,MAIN_TREE_DIRECT,fixtures/invalid/layer10_primary_evidence.json,COPIED_BYTE_IDENTICAL,Required current reviewer-facing or runtime file,"[""main-tree reviewer/runtime""]",SOURCE_R5_MANIFEST_VERIFIED; DESTINATION_VERIFIED
fixtures/invalid/limitation_weakened.json,1363a69be4ef8177bfd7362a61e861a2beaeab109e31970d1ce3013f24eed70f,1020,FIXTURE,MAIN_TREE_DIRECT,fixtures/invalid/limitation_weakened.json,COPIED_BYTE_IDENTICAL,Required current reviewer-facing or runtime file,"[""main-tree reviewer/runtime""]",SOURCE_R5_MANIFEST_VERIFIED; DESTINATION_VERIFIED
fixtures/invalid/manifest_incomplete.json,e6b34298ff947d64ad353497d5b7b87afd727102996b0a48ec40a0e49eea91cc,1019,FIXTURE,MAIN_TREE_DIRECT,fixtures/invalid/manifest_incomplete.json,COPIED_BYTE_IDENTICAL,Required current reviewer-facing or runtime file,"[""main-tree reviewer/runtime""]",SOURCE_R5_MANIFEST_VERIFIED; DESTINATION_VERIFIED
fixtures/invalid/matching_mismatch.json,6134f5dbdb237ebbc97bb9c17386a46c03aa1cb8f29a8d28847c53779e8a3951,1005,FIXTURE,MAIN_TREE_DIRECT,fixtures/invalid/matching_mismatch.json,COPIED_BYTE_IDENTICAL,Required current reviewer-facing or runtime file,"[""main-tree reviewer/runtime""]",SOURCE_R5_MANIFEST_VERIFIED; DESTINATION_VERIFIED
fixtures/invalid/metric_definition_missing.json,8c831eae349619286276e109a093d57edb487cf1fec9b38e2ad097149d4e8ef6,1039,FIXTURE,MAIN_TREE_DIRECT,fixtures/invalid/metric_definition_missing.json,COPIED_BYTE_IDENTICAL,Required current reviewer-facing or runtime file,"[""main-tree reviewer/runtime""]",SOURCE_R5_MANIFEST_VERIFIED; DESTINATION_VERIFIED
fixtures/invalid/missing_config_identity.json,29e26498f4e3d9006dfbec95db23016395e9258bf199142f9595979f377edc19,980,FIXTURE,MAIN_TREE_DIRECT,fixtures/invalid/missing_config_identity.json,COPIED_BYTE_IDENTICAL,Required current reviewer-facing or runtime file,"[""main-tree reviewer/runtime""]",SOURCE_R5_MANIFEST_VERIFIED; DESTINATION_VERIFIED
fixtures/invalid/missing_fixture_tags.json,ba67e35d91599c3e8c8cbe10f06fe93383e90cf36ecee7cb89075182019800df,933,FIXTURE,MAIN_TREE_DIRECT,fixtures/invalid/missing_fixture_tags.json,COPIED_BYTE_IDENTICAL,Required current reviewer-facing or runtime file,"[""main-tree reviewer/runtime""]",SOURCE_R5_MANIFEST_VERIFIED; DESTINATION_VERIFIED
fixtures/invalid/missing_required.json,959038dc1d9777815ab3e971305b96e1ea93ce4548e7ac6237e5cb250e673958,774,FIXTURE,MAIN_TREE_DIRECT,fixtures/invalid/missing_required.json,COPIED_BYTE_IDENTICAL,Required current reviewer-facing or runtime file,"[""main-tree reviewer/runtime""]",SOURCE_R5_MANIFEST_VERIFIED; DESTINATION_VERIFIED
fixtures/invalid/negative_result_hidden.json,52f7583523e9129fbad97b170dd64badbf77c843d89c4b035707e415ac4f14a2,1053,FIXTURE,MAIN_TREE_DIRECT,fixtures/invalid/negative_result_hidden.json,COPIED_BYTE_IDENTICAL,Required current reviewer-facing or runtime file,"[""main-tree reviewer/runtime""]",SOURCE_R5_MANIFEST_VERIFIED; DESTINATION_VERIFIED
fixtures/invalid/owner_mismatch.json,dd132e4b819813ec29de479600d212647ff0eb8071af987bc8feaf5c61a5c4b0,976,FIXTURE,MAIN_TREE_DIRECT,fixtures/invalid/owner_mismatch.json,COPIED_BYTE_IDENTICAL,Required current reviewer-facing or runtime file,"[""main-tree reviewer/runtime""]",SOURCE_R5_MANIFEST_VERIFIED; DESTINATION_VERIFIED
fixtures/invalid/policy_update_trace_missing.json,7c2a6f63cd1c3e2a2801f1fd7c424113efc814c3a88cf4a0c008da41ab85016e,1117,FIXTURE,MAIN_TREE_DIRECT,fixtures/invalid/policy_update_trace_missing.json,COPIED_BYTE_IDENTICAL,Required current reviewer-facing or runtime file,"[""main-tree reviewer/runtime""]",SOURCE_R5_MANIFEST_VERIFIED; DESTINATION_VERIFIED
fixtures/invalid/safety_alias_unresolved.json,ba97c7b002b403575b61eb7e766117929c5b96aae209ed8d32a9f81425cb3cd0,1028,FIXTURE,MAIN_TREE_DIRECT,fixtures/invalid/safety_alias_unresolved.json,COPIED_BYTE_IDENTICAL,Required current reviewer-facing or runtime file,"[""main-tree reviewer/runtime""]",SOURCE_R5_MANIFEST_VERIFIED; DESTINATION_VERIFIED
fixtures/invalid/secret_like_value.json,4fb6a68943d0f253c56f1f2c013a3d3e4a386b992ac922467bbb65fc29ec1f0f,1032,FIXTURE,MAIN_TREE_DIRECT,fixtures/invalid/secret_like_value.json,COPIED_BYTE_IDENTICAL,Required current reviewer-facing or runtime file,"[""main-tree reviewer/runtime""]",SOURCE_R5_MANIFEST_VERIFIED; DESTINATION_VERIFIED
fixtures/invalid/seed_missing.json,27b9470099f5121118681a696e41f907c9c025a002c10a6df19466f3550987e1,1018,FIXTURE,MAIN_TREE_DIRECT,fixtures/invalid/seed_missing.json,COPIED_BYTE_IDENTICAL,Required current reviewer-facing or runtime file,"[""main-tree reviewer/runtime""]",SOURCE_R5_MANIFEST_VERIFIED; DESTINATION_VERIFIED
fixtures/invalid/self_lineage.json,11a9856a195e2135d1f31a00fd373aa13b4cfb668340711b4e25461dce90da1f,1034,FIXTURE,MAIN_TREE_DIRECT,fixtures/invalid/self_lineage.json,COPIED_BYTE_IDENTICAL,Required current reviewer-facing or runtime file,"[""main-tree reviewer/runtime""]",SOURCE_R5_MANIFEST_VERIFIED; DESTINATION_VERIFIED
fixtures/invalid/semantic_hash_mismatch.json,2c4e658bb0e9c7dc7703d86124b8417c5b469ce9d4b57efcb366f62642c19466,1045,FIXTURE,MAIN_TREE_DIRECT,fixtures/invalid/semantic_hash_mismatch.json,COPIED_BYTE_IDENTICAL,Required current reviewer-facing or runtime file,"[""main-tree reviewer/runtime""]",SOURCE_R5_MANIFEST_VERIFIED; DESTINATION_VERIFIED
fixtures/invalid/split_overlap.json,b21bf34ddb4347e16c13ee1bb45238aea849ab8d99f45f7b2f3570ee2abb8692,1046,FIXTURE,MAIN_TREE_DIRECT,fixtures/invalid/split_overlap.json,COPIED_BYTE_IDENTICAL,Required current reviewer-facing or runtime file,"[""main-tree reviewer/runtime""]",SOURCE_R5_MANIFEST_VERIFIED; DESTINATION_VERIFIED
fixtures/invalid/stale_reuse.json,30706c8f610e5d8b26fbb2384eadcbac5ab69adfbc3b7ac2222e4ac10a62b446,1009,FIXTURE,MAIN_TREE_DIRECT,fixtures/invalid/stale_reuse.json,COPIED_BYTE_IDENTICAL,Required current reviewer-facing or runtime file,"[""main-tree reviewer/runtime""]",SOURCE_R5_MANIFEST_VERIFIED; DESTINATION_VERIFIED
fixtures/invalid/stress_limitation_missing.json,4356b234ad91892991f667f5c4eb3a6d96fa7caa9f4e78b0ac6cdb8c32d254cb,983,FIXTURE,MAIN_TREE_DIRECT,fixtures/invalid/stress_limitation_missing.json,COPIED_BYTE_IDENTICAL,Required current reviewer-facing or runtime file,"[""main-tree reviewer/runtime""]",SOURCE_R5_MANIFEST_VERIFIED; DESTINATION_VERIFIED
fixtures/invalid/unknown_layer.json,b61c4bea26f2d651a23dcae63a5e4be1c44bd36a670b949338cf1afe7bca7ce2,974,FIXTURE,MAIN_TREE_DIRECT,fixtures/invalid/unknown_layer.json,COPIED_BYTE_IDENTICAL,Required current reviewer-facing or runtime file,"[""main-tree reviewer/runtime""]",SOURCE_R5_MANIFEST_VERIFIED; DESTINATION_VERIFIED
fixtures/invalid/unknown_phase.json,d9bf92c52bfa88a9bfe9e76a0774508bf1073e8900ade308ce96e7fe03ab842a,973,FIXTURE,MAIN_TREE_DIRECT,fixtures/invalid/unknown_phase.json,COPIED_BYTE_IDENTICAL,Required current reviewer-facing or runtime file,"[""main-tree reviewer/runtime""]",SOURCE_R5_MANIFEST_VERIFIED; DESTINATION_VERIFIED
fixtures/invalid/unknown_record_type.json,9eb5c1badac389bb1dd67f5ed2d04d26aca4452c07f43e1d0682ca571038b341,985,FIXTURE,MAIN_TREE_DIRECT,fixtures/invalid/unknown_record_type.json,COPIED_BYTE_IDENTICAL,Required current reviewer-facing or runtime file,"[""main-tree reviewer/runtime""]",SOURCE_R5_MANIFEST_VERIFIED; DESTINATION_VERIFIED
fixtures/invalid/unresolved_alias_promoted.json,f44064b5004f591bcd410a168b75938c56bc2f76be1166d0d871097c8664176e,1047,FIXTURE,MAIN_TREE_DIRECT,fixtures/invalid/unresolved_alias_promoted.json,COPIED_BYTE_IDENTICAL,Required current reviewer-facing or runtime file,"[""main-tree reviewer/runtime""]",SOURCE_R5_MANIFEST_VERIFIED; DESTINATION_VERIFIED
fixtures/invalid/unsafe_output_path.json,a26ff239e86490867c3b332a9e2c3f2e83f2d573af586bf2fd3c119a4c67cd1c,1028,FIXTURE,MAIN_TREE_DIRECT,fixtures/invalid/unsafe_output_path.json,COPIED_BYTE_IDENTICAL,Required current reviewer-facing or runtime file,"[""main-tree reviewer/runtime""]",SOURCE_R5_MANIFEST_VERIFIED; DESTINATION_VERIFIED
fixtures/invalid/unsupported_claim.json,f19a35f69daf715a445d11f7fa192473719e71d0bf78983297cacab5997a14dd,1014,FIXTURE,MAIN_TREE_DIRECT,fixtures/invalid/unsupported_claim.json,COPIED_BYTE_IDENTICAL,Required current reviewer-facing or runtime file,"[""main-tree reviewer/runtime""]",SOURCE_R5_MANIFEST_VERIFIED; DESTINATION_VERIFIED
fixtures/invalid/wrong_type.json,d9a548e87ee3e3389ff71bcba013023285112c14cbf7f1a2551b1013d1610637,970,FIXTURE,MAIN_TREE_DIRECT,fixtures/invalid/wrong_type.json,COPIED_BYTE_IDENTICAL,Required current reviewer-facing or runtime file,"[""main-tree reviewer/runtime""]",SOURCE_R5_MANIFEST_VERIFIED; DESTINATION_VERIFIED
fixtures/valid/all_record_families.json,a88c153a400d37306c228f1f9bfbaa88f4d2c6c07784ab73a6ac5204fed4df13,48314,FIXTURE,MAIN_TREE_DIRECT,fixtures/valid/all_record_families.json,COPIED_BYTE_IDENTICAL,Required current reviewer-facing or runtime file,"[""main-tree reviewer/runtime""]",SOURCE_R5_MANIFEST_VERIFIED; DESTINATION_VERIFIED
manifests/ablation_readiness.yaml,72a73ac4c73ac11ffd957aeaa18e8876304b8784dcbbf4fcdebf9ed0ac96cfa3,179,MANIFEST,RELEASE_ASSET_ONLY,,COPIED_BYTE_IDENTICAL,Preserved in the exact R5 archive; not required in the normal working tree,"[""R5 provenance/release assets""]",SOURCE_R5_MANIFEST_VERIFIED
manifests/audit_2_input_hash_manifest_R2.yaml,964add890644b7a70e959d664bb3695c14d73b3063922423c71b48e2e6d4371c,849,MANIFEST,RELEASE_ASSET_ONLY,,COPIED_BYTE_IDENTICAL,Preserved in the exact R5 archive; not required in the normal working tree,"[""R5 provenance/release assets""]",SOURCE_R5_MANIFEST_VERIFIED
manifests/audit_2_source_truth.yaml,d8ef832b34626118bdaaeed04ee0d9ab9211d0194a744d9b0ff8ecaedb35ef2b,554,MANIFEST,RELEASE_ASSET_ONLY,,COPIED_BYTE_IDENTICAL,Preserved in the exact R5 archive; not required in the normal working tree,"[""R5 provenance/release assets""]",SOURCE_R5_MANIFEST_VERIFIED
manifests/audit_3_input_hash_manifest.json,18ab7d6255c572e96596f887e2d9ac9c1cf7c9f6b4ad7a65f9e758310294970f,735,MANIFEST,RELEASE_ASSET_ONLY,,COPIED_BYTE_IDENTICAL,Preserved in the exact R5 archive; not required in the normal working tree,"[""R5 provenance/release assets""]",SOURCE_R5_MANIFEST_VERIFIED
manifests/audit_3_source_truth.yaml,c62ef3f1a4dc7bfd319557f78fc1f9de32b2a9ea6cb0ccd5e5028fa26365c142,1274,MANIFEST,RELEASE_ASSET_ONLY,,COPIED_BYTE_IDENTICAL,Preserved in the exact R5 archive; not required in the normal working tree,"[""R5 provenance/release assets""]",SOURCE_R5_MANIFEST_VERIFIED
manifests/authority_manifest.yaml,a1be857c448c24fad6b258ef31f91d96411f2e0ac3081fe1e8a41c48f00e9d94,2891,MANIFEST,MAIN_TREE_DIRECT,manifests/authority_manifest.yaml,COPIED_BYTE_IDENTICAL,Required current reviewer-facing or runtime file,"[""main-tree reviewer/runtime""]",SOURCE_R5_MANIFEST_VERIFIED; DESTINATION_VERIFIED
manifests/environment_lock_status.json,6fc0bd0318fe7494813320d0b89785d657f30ea864a6c6f451dd4fda08a570d8,1057,MANIFEST,RELEASE_ASSET_ONLY,,COPIED_BYTE_IDENTICAL,Preserved in the exact R5 archive; not required in the normal working tree,"[""R5 provenance/release assets""]",SOURCE_R5_MANIFEST_VERIFIED
manifests/final_authority_manifest.yaml,814c88334d926b94db35f50460a6c0043f803429be2afc0cc795a6519b2edc48,4185,MANIFEST,RELEASE_ASSET_ONLY,,COPIED_BYTE_IDENTICAL,Preserved in the exact R5 archive; not required in the normal working tree,"[""R5 provenance/release assets""]",SOURCE_R5_MANIFEST_VERIFIED
manifests/final_authority_manifest_R3.yaml,814c88334d926b94db35f50460a6c0043f803429be2afc0cc795a6519b2edc48,4185,MANIFEST,RELEASE_ASSET_ONLY,,COPIED_BYTE_IDENTICAL,Preserved in the exact R5 archive; not required in the normal working tree,"[""R5 provenance/release assets""]",SOURCE_R5_MANIFEST_VERIFIED
manifests/final_input_hash_manifest_R3.json,e5d4de77fe87cd9ddc59cbb54568e537730261a812cb5a94566a85420cea88a0,3995,MANIFEST,RELEASE_ASSET_ONLY,,COPIED_BYTE_IDENTICAL,Preserved in the exact R5 archive; not required in the normal working tree,"[""R5 provenance/release assets""]",SOURCE_R5_MANIFEST_VERIFIED
manifests/final_package_content_manifest_R2.json,d0b036122a9742310bc0be307fffe4c6b3652dc12070fa535f3eb8def17b1eaf,110610,MANIFEST,RELEASE_ASSET_ONLY,,COPIED_BYTE_IDENTICAL,Preserved in the exact R5 archive; not required in the normal working tree,"[""R5 provenance/release assets""]",SOURCE_R5_MANIFEST_VERIFIED
manifests/final_package_content_manifest_R3.json,75d38bcf20442181811c39e2a1f4d7777fa295ac9fe6fddf609feb4257b75b86,122586,MANIFEST,RELEASE_ASSET_ONLY,,COPIED_BYTE_IDENTICAL,Preserved in the exact R5 archive; not required in the normal working tree,"[""R5 provenance/release assets""]",SOURCE_R5_MANIFEST_VERIFIED
manifests/gate_registry.yaml,05f9c5ae497d21aecb0a19136bc39ec2b0eb39a940a6a99aedc93e3021663e5d,1265,MANIFEST,RELEASE_ASSET_ONLY,,COPIED_BYTE_IDENTICAL,Preserved in the exact R5 archive; not required in the normal working tree,"[""R5 provenance/release assets""]",SOURCE_R5_MANIFEST_VERIFIED
manifests/github_readonly_snapshot.json,755611878db4e8b4c693a183d35681b9cb3fa47f3ee9e6cb04db3a63a8ae44df,1482,MANIFEST,RELEASE_ASSET_ONLY,,COPIED_BYTE_IDENTICAL,Preserved in the exact R5 archive; not required in the normal working tree,"[""R5 provenance/release assets""]",SOURCE_R5_MANIFEST_VERIFIED
manifests/github_readonly_snapshot_audit2.json,91ffddab7754c96e2ac41462e6f52c77f1767bbbef5310b0b02635e30bda1319,491,MANIFEST,RELEASE_ASSET_ONLY,,COPIED_BYTE_IDENTICAL,Preserved in the exact R5 archive; not required in the normal working tree,"[""R5 provenance/release assets""]",SOURCE_R5_MANIFEST_VERIFIED
manifests/github_readonly_snapshot_audit3.json,d0cfb7705befac3db5fee92dc3a36b72475ae23044b34e8f62a231d47e627c56,604,MANIFEST,RELEASE_ASSET_ONLY,,COPIED_BYTE_IDENTICAL,Preserved in the exact R5 archive; not required in the normal working tree,"[""R5 provenance/release assets""]",SOURCE_R5_MANIFEST_VERIFIED
manifests/history/project_state_pre_protocol_final_audit_R1.yaml,27e913a39e2fc599b7c3346eee2bdace09f62ce60f4848a3d1916ec2ed7299ae,3365,MANIFEST,EXCLUDED_HISTORY,,COPIED_BYTE_IDENTICAL,Superseded/history material preserved in R5 release assets,"[""R5 provenance/release assets""]",SOURCE_R5_MANIFEST_VERIFIED
manifests/local_first_authority_manifest_R1.yaml,2c38bfb4b0ca1753e3d2d37f0b984d2cb09d50487e00c5790cad48ddce5444df,2408,MANIFEST,RELEASE_ASSET_ONLY,,COPIED_BYTE_IDENTICAL,Preserved in the exact R5 archive; not required in the normal working tree,"[""R5 provenance/release assets""]",SOURCE_R5_MANIFEST_VERIFIED
manifests/local_first_input_hash_manifest_R1.yaml,06cc2af63040517ecf785b149bffdd814293d4ab45324b789f575315490cd29d,653,MANIFEST,RELEASE_ASSET_ONLY,,COPIED_BYTE_IDENTICAL,Preserved in the exact R5 archive; not required in the normal working tree,"[""R5 provenance/release assets""]",SOURCE_R5_MANIFEST_VERIFIED
manifests/local_first_package_content_manifest_R1.json,206e077c631e81de0caeea9066fd23f9238aab4bed099b857c10dcc925de241e,143636,MANIFEST,RELEASE_ASSET_ONLY,,COPIED_BYTE_IDENTICAL,Preserved in the exact R5 archive; not required in the normal working tree,"[""R5 provenance/release assets""]",SOURCE_R5_MANIFEST_VERIFIED
manifests/local_first_supersession_registry_R1.yaml,36045ef6ac9e28e1bed9960f86548014aa0c8879ffc01e935f2fe77700b635b4,1244,MANIFEST,RELEASE_ASSET_ONLY,,COPIED_BYTE_IDENTICAL,Preserved in the exact R5 archive; not required in the normal working tree,"[""R5 provenance/release assets""]",SOURCE_R5_MANIFEST_VERIFIED
manifests/local_runtime_distribution_snapshot_R3.json,dec464661a4b0ad9dd3c0baf19035b974f3052cf6d4e7111b069673212677129,7506,MANIFEST,RELEASE_ASSET_ONLY,,COPIED_BYTE_IDENTICAL,Preserved in the exact R5 archive; not required in the normal working tree,"[""R5 provenance/release assets""]",SOURCE_R5_MANIFEST_VERIFIED
manifests/package_content_manifest.json,933cde0bb34dfc5a2e6f276f117cdb5420687edfb10e5df8c7da31de0b1d7304,39779,MANIFEST,RELEASE_ASSET_ONLY,,COPIED_BYTE_IDENTICAL,Preserved in the exact R5 archive; not required in the normal working tree,"[""R5 provenance/release assets""]",SOURCE_R5_MANIFEST_VERIFIED
manifests/package_content_manifest_R2.json,63ad05e6966dc8ae746f531c97b5528e5f896cda2c78f1fd84647d854024732f,49914,MANIFEST,RELEASE_ASSET_ONLY,,COPIED_BYTE_IDENTICAL,Preserved in the exact R5 archive; not required in the normal working tree,"[""R5 provenance/release assets""]",SOURCE_R5_MANIFEST_VERIFIED
manifests/package_content_manifest_audit2_R2.json,d019efb638ef4a34e9a0463d1f8ea88fc4e6292edeb7c05d9fe7dafa46354b96,66156,MANIFEST,RELEASE_ASSET_ONLY,,COPIED_BYTE_IDENTICAL,Preserved in the exact R5 archive; not required in the normal working tree,"[""R5 provenance/release assets""]",SOURCE_R5_MANIFEST_VERIFIED
manifests/package_content_manifest_audit3_R2.json,17bab7a9a7dc2f65f3baa6ba38dc7d96f2246aea23543eb23f31036b1717da66,89326,MANIFEST,RELEASE_ASSET_ONLY,,COPIED_BYTE_IDENTICAL,Preserved in the exact R5 archive; not required in the normal working tree,"[""R5 provenance/release assets""]",SOURCE_R5_MANIFEST_VERIFIED
manifests/phase0_analysis_final_audit_package_content_manifest_R2.json,d4422101fddbf2ec5d92d05bf085f4b0021baaafef1c3767f87a1014da7e1bb8,243719,MANIFEST,RELEASE_ASSET_ONLY,,COPIED_BYTE_IDENTICAL,Preserved in the exact R5 archive; not required in the normal working tree,"[""R5 provenance/release assets""]",SOURCE_R5_MANIFEST_VERIFIED
manifests/phase0_analysis_package_content_manifest_R1.json,56d117e402df2bb98af39b92da82a6fba74944a59b8c51734649d24635040f38,219282,MANIFEST,RELEASE_ASSET_ONLY,,COPIED_BYTE_IDENTICAL,Preserved in the exact R5 archive; not required in the normal working tree,"[""R5 provenance/release assets""]",SOURCE_R5_MANIFEST_VERIFIED
manifests/phase0_final_independent_double_check_package_content_manifest_R2.json,e866f68aab0cdf77af3baf84b0059e8e305cabcfcc4c20f48c696355e2d758e4,389873,MANIFEST,RELEASE_ASSET_ONLY,,COPIED_BYTE_IDENTICAL,Preserved in the exact R5 archive; not required in the normal working tree,"[""R5 provenance/release assets""]",SOURCE_R5_MANIFEST_VERIFIED
manifests/phase0_final_independent_double_check_package_content_manifest_R5.json,20bdc3faca8fb665615bbc3383e254d87701bff901b5354a34fad361942dbb5f,405062,MANIFEST,RELEASE_ASSET_ONLY,,COPIED_BYTE_IDENTICAL,Preserved in the exact R5 archive; not required in the normal working tree,"[""R5 provenance/release assets""]",SOURCE_R5_MANIFEST_VERIFIED
manifests/phase0_final_whole_stack_package_content_manifest_R1.json,aacf31189e61ead0213b55425d2a9e00406305b85601a25e7452c34d420f2e11,363795,MANIFEST,RELEASE_ASSET_ONLY,,COPIED_BYTE_IDENTICAL,Preserved in the exact R5 archive; not required in the normal working tree,"[""R5 provenance/release assets""]",SOURCE_R5_MANIFEST_VERIFIED
manifests/phase0_l0_evidence_map_l10_final_audit_package_content_manifest_R2.json,5bb6c752ed9b3dab1f7f7f2e2a39e486fac9adc12729b473a0b70e77c0d6742c,331716,MANIFEST,RELEASE_ASSET_ONLY,,COPIED_BYTE_IDENTICAL,Preserved in the exact R5 archive; not required in the normal working tree,"[""R5 provenance/release assets""]",SOURCE_R5_MANIFEST_VERIFIED
manifests/phase0_layer0_evidence_map_layer10_package_content_manifest_R1.json,7531f6de025a5ee976bab324810df08daa7c9adb959b24fabf053c449661352c,281241,MANIFEST,RELEASE_ASSET_ONLY,,COPIED_BYTE_IDENTICAL,Preserved in the exact R5 archive; not required in the normal working tree,"[""R5 provenance/release assets""]",SOURCE_R5_MANIFEST_VERIFIED
manifests/phase_00/final_document_hashes.sha256,f9031fbed4f66893167a26eff4508bcbfdbcce2a57eba11d3afad088644cee52,2822,MANIFEST,MAIN_TREE_DIRECT,manifests/phase_00/final_document_hashes.sha256,COPIED_BYTE_IDENTICAL,Required current reviewer-facing or runtime file,"[""main-tree reviewer/runtime""]",SOURCE_R5_MANIFEST_VERIFIED; DESTINATION_VERIFIED
manifests/phase_00/final_document_set_manifest.yaml,32dca23b72861fd50f4b3711e8d7f63d0afb66867fc0a4a9d6ba32ac9b562e69,3840,MANIFEST,MAIN_TREE_DIRECT,manifests/phase_00/final_document_set_manifest.yaml,COPIED_BYTE_IDENTICAL,Required current reviewer-facing or runtime file,"[""main-tree reviewer/runtime""]",SOURCE_R5_MANIFEST_VERIFIED; DESTINATION_VERIFIED
manifests/phase_0_local_first_gate_profile_R1.yaml,9a11afbb15edf8481eeb47534709458090f5850b933bf93b4be706c439cd0368,2964,MANIFEST,RELEASE_ASSET_ONLY,,COPIED_BYTE_IDENTICAL,Preserved in the exact R5 archive; not required in the normal working tree,"[""R5 provenance/release assets""]",SOURCE_R5_MANIFEST_VERIFIED
manifests/preliminary_closure_boundaries.yaml,dd2d7f64de4c5d9e8715b24b638b7232efa6f247683b386cbb3945d7d50e1abc,280,MANIFEST,MAIN_TREE_DIRECT,manifests/preliminary_closure_boundaries.yaml,COPIED_BYTE_IDENTICAL,Required current reviewer-facing or runtime file,"[""main-tree reviewer/runtime""]",SOURCE_R5_MANIFEST_VERIFIED; DESTINATION_VERIFIED
manifests/project_state.yaml,ff5a20c10d813de30e1d8f926e965ba41d55554c075316c706dc4ccbeb10fa5d,1546,MANIFEST,RELEASE_ASSET_ONLY,,COPIED_BYTE_IDENTICAL,Preserved in the exact R5 archive; not required in the normal working tree,"[""R5 provenance/release assets""]",SOURCE_R5_MANIFEST_VERIFIED
manifests/protocol_v1_successor_package_manifest_R1.json,d118628684aa71f1f0b68c1f68ffb1ab0ea7e623b2eedf41b58bb17f84b898e1,162730,MANIFEST,RELEASE_ASSET_ONLY,,COPIED_BYTE_IDENTICAL,Preserved in the exact R5 archive; not required in the normal working tree,"[""R5 provenance/release assets""]",SOURCE_R5_MANIFEST_VERIFIED
manifests/repository_file_manifest.json,aef519c6e17eb222b13b0384e0c4752c04d9a43564f6747eda6bf13fa94b9764,321892,MANIFEST,RELEASE_ASSET_ONLY,,COPIED_BYTE_IDENTICAL,Preserved in the exact R5 archive; not required in the normal working tree,"[""R5 provenance/release assets""]",SOURCE_R5_MANIFEST_VERIFIED
migrations/001_representative_to_full_record_catalog.yaml,9ab14874d73a811847d557432b6472f2c008addf99de25716351f575134b8ce7,186,PROJECT_METADATA_OR_OTHER,RELEASE_ASSET_ONLY,,COPIED_BYTE_IDENTICAL,Preserved in the exact R5 archive; not required in the normal working tree,"[""R5 provenance/release assets""]",SOURCE_R5_MANIFEST_VERIFIED
migrations/002_claim_matrix_manifest_identity.yaml,45c31c13f1ec6739f156ea21861d6f8bbe364ff2f45757c2446b1a805ec0b9f9,169,PROJECT_METADATA_OR_OTHER,RELEASE_ASSET_ONLY,,COPIED_BYTE_IDENTICAL,Preserved in the exact R5 archive; not required in the normal working tree,"[""R5 provenance/release assets""]",SOURCE_R5_MANIFEST_VERIFIED
migrations/003_legacy_hash_to_jcs_profile.yaml,5c9cf068b0056af54bf0a12b57bc7b41258b429a083a38214a524ee5f3e63d57,210,PROJECT_METADATA_OR_OTHER,RELEASE_ASSET_ONLY,,COPIED_BYTE_IDENTICAL,Preserved in the exact R5 archive; not required in the normal working tree,"[""R5 provenance/release assets""]",SOURCE_R5_MANIFEST_VERIFIED
pyproject.toml,75291a1b5413360e4fb250a94e3757b35cb2b815c7a437b2aa2d2d3768769f9c,689,PROJECT_METADATA_OR_OTHER,MAIN_TREE_DIRECT,pyproject.toml,COPIED_BYTE_IDENTICAL,Required current reviewer-facing or runtime file,"[""main-tree reviewer/runtime""]",SOURCE_R5_MANIFEST_VERIFIED; DESTINATION_VERIFIED
reports/evidence_map/phase_00/claim_evidence_manifest.yaml,25225ea75f5db1fc2a2708156566f225d28972dc8e8580ccf48f5cea0ec88ef6,11159,REPORT_OR_MACHINE_EVIDENCE,MAIN_TREE_DIRECT,reports/evidence_map/phase_00/claim_evidence_manifest.yaml,COPIED_BYTE_IDENTICAL,Required current reviewer-facing or runtime file,"[""main-tree reviewer/runtime""]",SOURCE_R5_MANIFEST_VERIFIED; DESTINATION_VERIFIED
reports/evidence_map/phase_00/claim_evidence_matrix.csv,c826b1d2c7dc52feaa5575b6acf890a473048e6e73e8ab30db200a0ab665fde0,8478,REPORT_OR_MACHINE_EVIDENCE,MAIN_TREE_DIRECT,reports/evidence_map/phase_00/claim_evidence_matrix.csv,COPIED_BYTE_IDENTICAL,Required current reviewer-facing or runtime file,"[""main-tree reviewer/runtime""]",SOURCE_R5_MANIFEST_VERIFIED; DESTINATION_VERIFIED
reports/evidence_map/phase_00/evidence_map_audit_log.jsonl,12f2691189c85ff6dd856ec47a91020cd7f2192a23a97460297c73f6980a6c55,1582,REPORT_OR_MACHINE_EVIDENCE,RELEASE_ASSET_ONLY,,COPIED_BYTE_IDENTICAL,Preserved in the exact R5 archive; not required in the normal working tree,"[""R5 provenance/release assets""]",SOURCE_R5_MANIFEST_VERIFIED
reports/evidence_map/phase_00/evidence_map_handoff.yaml,a86e6ac2c8321e518e19858fb055bee3e6c68f85d7329e40ea69fcb65a6526a3,355,REPORT_OR_MACHINE_EVIDENCE,MAIN_TREE_DIRECT,reports/evidence_map/phase_00/evidence_map_handoff.yaml,COPIED_BYTE_IDENTICAL,Required current reviewer-facing or runtime file,"[""main-tree reviewer/runtime""]",SOURCE_R5_MANIFEST_VERIFIED; DESTINATION_VERIFIED
reports/evidence_map/phase_00/evidence_map_release_manifest.json,509f663aa8bb1f10bb751d647159fa762d7b1d982c7e92fe9526d1684dfca614,1669,REPORT_OR_MACHINE_EVIDENCE,RELEASE_ASSET_ONLY,,COPIED_BYTE_IDENTICAL,Preserved in the exact R5 archive; not required in the normal working tree,"[""R5 provenance/release assets""]",SOURCE_R5_MANIFEST_VERIFIED
reports/evidence_map/phase_00/history/R1/claim_evidence_manifest.yaml,37ed24f5346ef23a4b246d196fee6de165c15ba93b9031cbfd6ea610aa3c4f92,11180,REPORT_OR_MACHINE_EVIDENCE,EXCLUDED_HISTORY,,COPIED_BYTE_IDENTICAL,Superseded/history material preserved in R5 release assets,"[""R5 provenance/release assets""]",SOURCE_R5_MANIFEST_VERIFIED
reports/evidence_map/phase_00/history/R1/claim_evidence_matrix.csv,5e54a4e023ae0c895ab66987b263ec3c14d6aae0f5cc028a9f5855e917c2e767,8169,REPORT_OR_MACHINE_EVIDENCE,EXCLUDED_HISTORY,,COPIED_BYTE_IDENTICAL,Superseded/history material preserved in R5 release assets,"[""R5 provenance/release assets""]",SOURCE_R5_MANIFEST_VERIFIED
reports/evidence_map/phase_00/history/R1/evidence_map_audit_log.jsonl,2aff1b850206186c4d574e26d745366921bd36f097a2c01e21a6016a8893ab56,1085,REPORT_OR_MACHINE_EVIDENCE,EXCLUDED_HISTORY,,COPIED_BYTE_IDENTICAL,Superseded/history material preserved in R5 release assets,"[""R5 provenance/release assets""]",SOURCE_R5_MANIFEST_VERIFIED
reports/evidence_map/phase_00/history/R1/evidence_map_handoff.yaml,f5bec6a2254551e4cb680847420f8684fe650604fde12dba4eb9d1fbed249fd4,275,REPORT_OR_MACHINE_EVIDENCE,EXCLUDED_HISTORY,,COPIED_BYTE_IDENTICAL,Superseded/history material preserved in R5 release assets,"[""R5 provenance/release assets""]",SOURCE_R5_MANIFEST_VERIFIED
reports/evidence_map/phase_00/history/R1/evidence_map_release_manifest.json,9fe7831eaeb7559b460785e7f9c04e1a7ee33f433e356630eca726933ca51785,1614,REPORT_OR_MACHINE_EVIDENCE,EXCLUDED_HISTORY,,COPIED_BYTE_IDENTICAL,Superseded/history material preserved in R5 release assets,"[""R5 provenance/release assets""]",SOURCE_R5_MANIFEST_VERIFIED
reports/evidence_map/phase_00/history/R1/limitation_and_warning_propagation.csv,80116e47481dc326f6cc866ec9e46155996e8fa74acea365c3ef004e6cc19c7d,3332,REPORT_OR_MACHINE_EVIDENCE,EXCLUDED_HISTORY,,COPIED_BYTE_IDENTICAL,Superseded/history material preserved in R5 release assets,"[""R5 provenance/release assets""]",SOURCE_R5_MANIFEST_VERIFIED
reports/evidence_map/phase_00/history/R1/manuscript_and_output_placement_map.csv,c994ab20077bd5340d234e8e376313deadb12a0de9d2060bd9efd2759f61ac5b,1918,REPORT_OR_MACHINE_EVIDENCE,EXCLUDED_HISTORY,,COPIED_BYTE_IDENTICAL,Superseded/history material preserved in R5 release assets,"[""R5 provenance/release assets""]",SOURCE_R5_MANIFEST_VERIFIED
reports/evidence_map/phase_00/limitation_and_warning_propagation.csv,578c507c75d276e88e3c23e46a2a2b9fff4718e32210a67a5d30ea0dbed084f1,3437,REPORT_OR_MACHINE_EVIDENCE,MAIN_TREE_DIRECT,reports/evidence_map/phase_00/limitation_and_warning_propagation.csv,COPIED_BYTE_IDENTICAL,Required current reviewer-facing or runtime file,"[""main-tree reviewer/runtime""]",SOURCE_R5_MANIFEST_VERIFIED; DESTINATION_VERIFIED
reports/evidence_map/phase_00/manuscript_and_output_placement_map.csv,aedb77d89540af9810e133239bb15bbe751b03192304f3a5a05f79f78bc81a9f,1918,REPORT_OR_MACHINE_EVIDENCE,RELEASE_ASSET_ONLY,,COPIED_BYTE_IDENTICAL,Preserved in the exact R5 archive; not required in the normal working tree,"[""R5 provenance/release assets""]",SOURCE_R5_MANIFEST_VERIFIED
reports/finalization/failed_evidence/R3_local_ci_subprocess_shutdown_stall.txt,508242f996ba485650523bb5a48cd5b78ed0d28c2a4dbfc23af42c9247135117,445,REPORT_OR_MACHINE_EVIDENCE,EXCLUDED_RAW_AUDIT,,COPIED_BYTE_IDENTICAL,Raw or repeated audit evidence preserved in R5 release assets,"[""R5 provenance/release assets""]",SOURCE_R5_MANIFEST_VERIFIED
reports/finalization/failed_evidence/R3_manifest_check_round2_missing_R3_logs.txt,dd63669c57b8829c9847b2e53051ed7665c83542df73fe1e2773773f77f98af6,230,REPORT_OR_MACHINE_EVIDENCE,EXCLUDED_RAW_AUDIT,,COPIED_BYTE_IDENTICAL,Raw or repeated audit evidence preserved in R5 release assets,"[""R5 provenance/release assets""]",SOURCE_R5_MANIFEST_VERIFIED
reports/finalization/failed_evidence/R3_manifest_reconciliation_after_test_run.txt,94f21b6f661e0a8b1b0c23a3e896071785ec749b172523b1c1f681f349e2082f,339,REPORT_OR_MACHINE_EVIDENCE,EXCLUDED_RAW_AUDIT,,COPIED_BYTE_IDENTICAL,Raw or repeated audit evidence preserved in R5 release assets,"[""R5 provenance/release assets""]",SOURCE_R5_MANIFEST_VERIFIED
reports/finalization/failed_evidence/R3_pytest_round1_stale_artifact_pointer.txt,2e0bf5ce6eb77174d73eb0b475238ba119bea7e5896b7cde7474b0559f222e51,1977,REPORT_OR_MACHINE_EVIDENCE,EXCLUDED_RAW_AUDIT,,COPIED_BYTE_IDENTICAL,Raw or repeated audit evidence preserved in R5 release assets,"[""R5 provenance/release assets""]",SOURCE_R5_MANIFEST_VERIFIED
reports/finalization/failed_evidence/R3_stale_runtime_lock_before_repair.txt,8d4763d2217bf606edff866f18fbb2b6fae6dafb4161bb70b152bfab7db055ef,404,REPORT_OR_MACHINE_EVIDENCE,EXCLUDED_RAW_AUDIT,,COPIED_BYTE_IDENTICAL,Raw or repeated audit evidence preserved in R5 release assets,"[""R5 provenance/release assets""]",SOURCE_R5_MANIFEST_VERIFIED
reports/finalization/failed_evidence/R3_uv_lock_registry_attempt.txt,62d31586819905d117c18a93f20c3eea1b18bfdd8b985631e84e9655ce9b2507,1430,REPORT_OR_MACHINE_EVIDENCE,EXCLUDED_RAW_AUDIT,,COPIED_BYTE_IDENTICAL,Raw or repeated audit evidence preserved in R5 release assets,"[""R5 provenance/release assets""]",SOURCE_R5_MANIFEST_VERIFIED
reports/finalization/failed_evidence/local_ci_wrapper_pipe_capture_timeout.txt,8db69173d69505b32332e57ae5553a18dcf077dcf304f8c97313b09f852d6280,693,REPORT_OR_MACHINE_EVIDENCE,EXCLUDED_RAW_AUDIT,,COPIED_BYTE_IDENTICAL,Raw or repeated audit evidence preserved in R5 release assets,"[""R5 provenance/release assets""]",SOURCE_R5_MANIFEST_VERIFIED
reports/finalization/failed_evidence/pytest_round1_missing_p00_contracts.txt,e139cff0c6752b8430accd1ae7fd1d899d6b425a1c72b5bfd6912a7412c7fa8a,1352,REPORT_OR_MACHINE_EVIDENCE,EXCLUDED_RAW_AUDIT,,COPIED_BYTE_IDENTICAL,Raw or repeated audit evidence preserved in R5 release assets,"[""R5 provenance/release assets""]",SOURCE_R5_MANIFEST_VERIFIED
reports/finalization/failed_evidence/pytest_round2_integration_envelope.txt,2a852b40c6987ed5539417b91c257b0919b8e7553ca7f6618473279a2e4a2f72,2478,REPORT_OR_MACHINE_EVIDENCE,EXCLUDED_RAW_AUDIT,,COPIED_BYTE_IDENTICAL,Raw or repeated audit evidence preserved in R5 release assets,"[""R5 provenance/release assets""]",SOURCE_R5_MANIFEST_VERIFIED
reports/finalization/failed_evidence/pytest_round3_integration_test_control_fields.txt,a6f9742c5b6db5bb1b127aadac610acfb39ea30f42659f9d0ff20ed37053c0bd,711,REPORT_OR_MACHINE_EVIDENCE,EXCLUDED_RAW_AUDIT,,COPIED_BYTE_IDENTICAL,Raw or repeated audit evidence preserved in R5 release assets,"[""R5 provenance/release assets""]",SOURCE_R5_MANIFEST_VERIFIED
reports/finalization/final_defect_and_repair_ledger_R3.yaml,5ff35015b9b8a9daef8a7c5776081f4cdbc319cc21d7695c1490cb20980db3b1,1800,REPORT_OR_MACHINE_EVIDENCE,RELEASE_ASSET_ONLY,,COPIED_BYTE_IDENTICAL,Preserved in the exact R5 archive; not required in the normal working tree,"[""R5 provenance/release assets""]",SOURCE_R5_MANIFEST_VERIFIED
reports/finalization/llm_passes/01_authority_reconstruction.md,7d8930b66d1adf7608a56d5aee6020e92b9f68de7061efe129e79356deaf33f9,415,REPORT_OR_MACHINE_EVIDENCE,RELEASE_ASSET_ONLY,,COPIED_BYTE_IDENTICAL,Preserved in the exact R5 archive; not required in the normal working tree,"[""R5 provenance/release assets""]",SOURCE_R5_MANIFEST_VERIFIED
reports/finalization/llm_passes/02_implementation_evidence.md,1e722f50e28082b1c44c4fed647b71436badd0cc1f72543675e4be98b5b2de0a,445,REPORT_OR_MACHINE_EVIDENCE,RELEASE_ASSET_ONLY,,COPIED_BYTE_IDENTICAL,Preserved in the exact R5 archive; not required in the normal working tree,"[""R5 provenance/release assets""]",SOURCE_R5_MANIFEST_VERIFIED
reports/finalization/llm_passes/03_adversarial_red_team.md,e0359ec3620f543af91f42c4ed780b9def9f9e5872000d38c1a7a0e044366e7e,504,REPORT_OR_MACHINE_EVIDENCE,RELEASE_ASSET_ONLY,,COPIED_BYTE_IDENTICAL,Preserved in the exact R5 archive; not required in the normal working tree,"[""R5 provenance/release assets""]",SOURCE_R5_MANIFEST_VERIFIED
reports/finalization/llm_passes/04_gate_reproducibility.md,ffae5ab7b116eb8d8cc42543669cf1b16148034be1868666fb24a1572c6f84b6,452,REPORT_OR_MACHINE_EVIDENCE,RELEASE_ASSET_ONLY,,COPIED_BYTE_IDENTICAL,Preserved in the exact R5 archive; not required in the normal working tree,"[""R5 provenance/release assets""]",SOURCE_R5_MANIFEST_VERIFIED
reports/finalization/llm_passes/05_final_governance.md,d5bd47f78bf3b6133533262eb3d08849fe9784e0788018f283ab0893993955bb,517,REPORT_OR_MACHINE_EVIDENCE,RELEASE_ASSET_ONLY,,COPIED_BYTE_IDENTICAL,Preserved in the exact R5 archive; not required in the normal working tree,"[""R5 provenance/release assets""]",SOURCE_R5_MANIFEST_VERIFIED
reports/finalization/local_first_defect_and_repair_ledger_R1.yaml,c8d466c82887e33095f4860479d0a11bb5e4f0c1bb0ae7e7ddb71371af161f72,3176,REPORT_OR_MACHINE_EVIDENCE,RELEASE_ASSET_ONLY,,COPIED_BYTE_IDENTICAL,Preserved in the exact R5 archive; not required in the normal working tree,"[""R5 provenance/release assets""]",SOURCE_R5_MANIFEST_VERIFIED
reports/layer0/phase_00/adverse_and_negative_evidence_links.yaml,0f406463e45d38220cd4b3b6573e0f6fab48059975748bab5de47af59d980d4f,3617,REPORT_OR_MACHINE_EVIDENCE,RELEASE_ASSET_ONLY,,COPIED_BYTE_IDENTICAL,Preserved in the exact R5 archive; not required in the normal working tree,"[""R5 provenance/release assets""]",SOURCE_R5_MANIFEST_VERIFIED
reports/layer0/phase_00/allowed_wording_notes.yaml,3cdde6571ccd352aacbe343fc3a359cd49aba893f02df3df691e7b367966fba6,3347,REPORT_OR_MACHINE_EVIDENCE,RELEASE_ASSET_ONLY,,COPIED_BYTE_IDENTICAL,Preserved in the exact R5 archive; not required in the normal working tree,"[""R5 provenance/release assets""]",SOURCE_R5_MANIFEST_VERIFIED
reports/layer0/phase_00/claim_audit_records.jsonl,c92869676c12b8af724bff58d2961b21719a403e35dbe4584ad7473486c27a64,2578,REPORT_OR_MACHINE_EVIDENCE,RELEASE_ASSET_ONLY,,COPIED_BYTE_IDENTICAL,Preserved in the exact R5 archive; not required in the normal working tree,"[""R5 provenance/release assets""]",SOURCE_R5_MANIFEST_VERIFIED
reports/layer0/phase_00/claim_boundary_decisions.yaml,41bb8f76e83c80e39de62f90c4618f929305cc43fd2eea24f99777e9edb368a7,324,REPORT_OR_MACHINE_EVIDENCE,RELEASE_ASSET_ONLY,,COPIED_BYTE_IDENTICAL,Preserved in the exact R5 archive; not required in the normal working tree,"[""R5 provenance/release assets""]",SOURCE_R5_MANIFEST_VERIFIED
reports/layer0/phase_00/claim_disposition_register.yaml,1b1e15c8784fc0e6a90175ac5078068cf234314c98be9bd7438ddc64a723be30,14459,REPORT_OR_MACHINE_EVIDENCE,RELEASE_ASSET_ONLY,,COPIED_BYTE_IDENTICAL,Preserved in the exact R5 archive; not required in the normal working tree,"[""R5 provenance/release assets""]",SOURCE_R5_MANIFEST_VERIFIED
reports/layer0/phase_00/claim_intake_register.yaml,4e08e65179857a676f19ebc2eb8cb7ced2773f47705b981dafd9437c92355143,14281,REPORT_OR_MACHINE_EVIDENCE,RELEASE_ASSET_ONLY,,COPIED_BYTE_IDENTICAL,Preserved in the exact R5 archive; not required in the normal working tree,"[""R5 provenance/release assets""]",SOURCE_R5_MANIFEST_VERIFIED
reports/layer0/phase_00/current_limitation_register_R2.yaml,304dafc51c8a201769af5ce35e4b97c43f495f90b22f60fad6dc39250c5bedc5,2131,REPORT_OR_MACHINE_EVIDENCE,RELEASE_ASSET_ONLY,,COPIED_BYTE_IDENTICAL,Preserved in the exact R5 archive; not required in the normal working tree,"[""R5 provenance/release assets""]",SOURCE_R5_MANIFEST_VERIFIED
reports/layer0/phase_00/evidence_sufficiency_status.yaml,861b5631fed63ad6c5522510254b3beeb884f8a6134056c42ea66ad41bc73c54,185,REPORT_OR_MACHINE_EVIDENCE,RELEASE_ASSET_ONLY,,COPIED_BYTE_IDENTICAL,Preserved in the exact R5 archive; not required in the normal working tree,"[""R5 provenance/release assets""]",SOURCE_R5_MANIFEST_VERIFIED
reports/layer0/phase_00/forbidden_wording_warnings.yaml,a8228c66edd4b9c57f45217a8c94d28e6dd028368edea7fd07e3fb9b8ae69d30,1840,REPORT_OR_MACHINE_EVIDENCE,RELEASE_ASSET_ONLY,,COPIED_BYTE_IDENTICAL,Preserved in the exact R5 archive; not required in the normal working tree,"[""R5 provenance/release assets""]",SOURCE_R5_MANIFEST_VERIFIED
reports/layer0/phase_00/history/R1/adverse_and_negative_evidence_links.yaml,0f406463e45d38220cd4b3b6573e0f6fab48059975748bab5de47af59d980d4f,3617,REPORT_OR_MACHINE_EVIDENCE,EXCLUDED_HISTORY,,COPIED_BYTE_IDENTICAL,Superseded/history material preserved in R5 release assets,"[""R5 provenance/release assets""]",SOURCE_R5_MANIFEST_VERIFIED
reports/layer0/phase_00/history/R1/allowed_wording_notes.yaml,3cdde6571ccd352aacbe343fc3a359cd49aba893f02df3df691e7b367966fba6,3347,REPORT_OR_MACHINE_EVIDENCE,EXCLUDED_HISTORY,,COPIED_BYTE_IDENTICAL,Superseded/history material preserved in R5 release assets,"[""R5 provenance/release assets""]",SOURCE_R5_MANIFEST_VERIFIED
reports/layer0/phase_00/history/R1/claim_audit_records.jsonl,d8f1817adb8bcd7878b95d99794d38885ee647a9ab731cd4d0f06ca26ca76969,1309,REPORT_OR_MACHINE_EVIDENCE,EXCLUDED_HISTORY,,COPIED_BYTE_IDENTICAL,Superseded/history material preserved in R5 release assets,"[""R5 provenance/release assets""]",SOURCE_R5_MANIFEST_VERIFIED
reports/layer0/phase_00/history/R1/claim_boundary_decisions.yaml,69b216f99c0f73627bca0484612ec548f1b4760230d6a76b45efea6fd4763a61,199,REPORT_OR_MACHINE_EVIDENCE,EXCLUDED_HISTORY,,COPIED_BYTE_IDENTICAL,Superseded/history material preserved in R5 release assets,"[""R5 provenance/release assets""]",SOURCE_R5_MANIFEST_VERIFIED
reports/layer0/phase_00/history/R1/claim_disposition_register.yaml,6ce06ca50fb54308ee3accebd53ac90b0c2f7ca4a1d21c3e06019de0fa33c3d4,13481,REPORT_OR_MACHINE_EVIDENCE,EXCLUDED_HISTORY,,COPIED_BYTE_IDENTICAL,Superseded/history material preserved in R5 release assets,"[""R5 provenance/release assets""]",SOURCE_R5_MANIFEST_VERIFIED
reports/layer0/phase_00/history/R1/claim_intake_register.yaml,03b6d04a0ee00ecacfa2a59366c53dcca37988ae9a6f4b4643fca31b4d4fb055,14206,REPORT_OR_MACHINE_EVIDENCE,EXCLUDED_HISTORY,,COPIED_BYTE_IDENTICAL,Superseded/history material preserved in R5 release assets,"[""R5 provenance/release assets""]",SOURCE_R5_MANIFEST_VERIFIED
reports/layer0/phase_00/history/R1/evidence_sufficiency_status.yaml,0dc87b1d140037774b514ca7de6cbab02b9b0c157765551d4d8ad934c51cd642,151,REPORT_OR_MACHINE_EVIDENCE,EXCLUDED_HISTORY,,COPIED_BYTE_IDENTICAL,Superseded/history material preserved in R5 release assets,"[""R5 provenance/release assets""]",SOURCE_R5_MANIFEST_VERIFIED
reports/layer0/phase_00/history/R1/forbidden_wording_warnings.yaml,a8228c66edd4b9c57f45217a8c94d28e6dd028368edea7fd07e3fb9b8ae69d30,1840,REPORT_OR_MACHINE_EVIDENCE,EXCLUDED_HISTORY,,COPIED_BYTE_IDENTICAL,Superseded/history material preserved in R5 release assets,"[""R5 provenance/release assets""]",SOURCE_R5_MANIFEST_VERIFIED
reports/layer0/phase_00/history/R1/layer0_handoff.yaml,4456a9f403cb0510f842fd083a1520ec0922c3838f9c6891dcabe689fb3d721c,497,REPORT_OR_MACHINE_EVIDENCE,EXCLUDED_HISTORY,,COPIED_BYTE_IDENTICAL,Superseded/history material preserved in R5 release assets,"[""R5 provenance/release assets""]",SOURCE_R5_MANIFEST_VERIFIED
reports/layer0/phase_00/history/R1/layer0_release_manifest.json,00e1ed521b17851c54c926041d92b6c4827568d00c1a5c934b36e8b4018019c8,3164,REPORT_OR_MACHINE_EVIDENCE,EXCLUDED_HISTORY,,COPIED_BYTE_IDENTICAL,Superseded/history material preserved in R5 release assets,"[""R5 provenance/release assets""]",SOURCE_R5_MANIFEST_VERIFIED
reports/layer0/phase_00/history/R1/layer0_review_provenance.yaml,6ec57830d17f66f767115d992537334bae7afbfdc7466d76d85244ed85e23762,344,REPORT_OR_MACHINE_EVIDENCE,EXCLUDED_HISTORY,,COPIED_BYTE_IDENTICAL,Superseded/history material preserved in R5 release assets,"[""R5 provenance/release assets""]",SOURCE_R5_MANIFEST_VERIFIED
reports/layer0/phase_00/history/R1/report_correction_decision.yaml,60c0251e65f06a99c414fedfa197e0954906ddbcf59cb4c2832bfcfafc67c595,654,REPORT_OR_MACHINE_EVIDENCE,EXCLUDED_HISTORY,,COPIED_BYTE_IDENTICAL,Superseded/history material preserved in R5 release assets,"[""R5 provenance/release assets""]",SOURCE_R5_MANIFEST_VERIFIED
reports/layer0/phase_00/layer0_handoff.yaml,874fb4bf1d4996f1da10c22be8edbc6f0a5bad0ca0c3f6c9dd3918baf2c97c9b,531,REPORT_OR_MACHINE_EVIDENCE,RELEASE_ASSET_ONLY,,COPIED_BYTE_IDENTICAL,Preserved in the exact R5 archive; not required in the normal working tree,"[""R5 provenance/release assets""]",SOURCE_R5_MANIFEST_VERIFIED
reports/layer0/phase_00/layer0_release_manifest.json,fbc3c93e4d9630f9b62e08bb3da897eacc2110b296077b3cc31ff6ae12e2e928,2918,REPORT_OR_MACHINE_EVIDENCE,RELEASE_ASSET_ONLY,,COPIED_BYTE_IDENTICAL,Preserved in the exact R5 archive; not required in the normal working tree,"[""R5 provenance/release assets""]",SOURCE_R5_MANIFEST_VERIFIED
reports/layer0/phase_00/layer0_review_provenance.yaml,c50db53f24ce63b95b62b991254678347d0742a347a6a3b4b5f3415da222b0e0,576,REPORT_OR_MACHINE_EVIDENCE,RELEASE_ASSET_ONLY,,COPIED_BYTE_IDENTICAL,Preserved in the exact R5 archive; not required in the normal working tree,"[""R5 provenance/release assets""]",SOURCE_R5_MANIFEST_VERIFIED
reports/layer0/phase_00/report_correction_decision.yaml,43a3c71241f8079027a416c2e93caa093fc4aae89ba61f0becd9be416e8a0506,888,REPORT_OR_MACHINE_EVIDENCE,RELEASE_ASSET_ONLY,,COPIED_BYTE_IDENTICAL,Preserved in the exact R5 archive; not required in the normal working tree,"[""R5 provenance/release assets""]",SOURCE_R5_MANIFEST_VERIFIED
reports/layer10/phase_00/exports/01_P00PhaseStatusView.json,26f9f0a18923fabe9bc72878f7a3bfb83f903323a9378e7b60f1ecca999b5a8d,1448,REPORT_OR_MACHINE_EVIDENCE,RELEASE_ASSET_ONLY,,COPIED_BYTE_IDENTICAL,Preserved in the exact R5 archive; not required in the normal working tree,"[""R5 provenance/release assets""]",SOURCE_R5_MANIFEST_VERIFIED
reports/layer10/phase_00/exports/02_ProtocolStatusView.json,2081ba2a5c735171f2622f383c6c34ce47753e8a795865736cc20fd65b60b5dd,1192,REPORT_OR_MACHINE_EVIDENCE,RELEASE_ASSET_ONLY,,COPIED_BYTE_IDENTICAL,Preserved in the exact R5 archive; not required in the normal working tree,"[""R5 provenance/release assets""]",SOURCE_R5_MANIFEST_VERIFIED
reports/layer10/phase_00/exports/03_P00EngineeringConformanceView.json,1969ac89d1b7d5b5a7b363213e1341631d91006b4a7ba72ee017abb3525d0ce6,14186,REPORT_OR_MACHINE_EVIDENCE,RELEASE_ASSET_ONLY,,COPIED_BYTE_IDENTICAL,Preserved in the exact R5 archive; not required in the normal working tree,"[""R5 provenance/release assets""]",SOURCE_R5_MANIFEST_VERIFIED
reports/layer10/phase_00/exports/04_P00DeterministicValidationView.json,d1b1121a0b406eb1c1fcfc32b9a5d3843cc3a629fe4437d3d0d3f47c7cd22134,1269,REPORT_OR_MACHINE_EVIDENCE,RELEASE_ASSET_ONLY,,COPIED_BYTE_IDENTICAL,Preserved in the exact R5 archive; not required in the normal working tree,"[""R5 provenance/release assets""]",SOURCE_R5_MANIFEST_VERIFIED
reports/layer10/phase_00/exports/05_P00FixtureValidationView.json,041a8e9cc22d74e105d9f21a72b389509ab328f13f4e5e6bc1e5aff1e5a3e459,1212,REPORT_OR_MACHINE_EVIDENCE,RELEASE_ASSET_ONLY,,COPIED_BYTE_IDENTICAL,Preserved in the exact R5 archive; not required in the normal working tree,"[""R5 provenance/release assets""]",SOURCE_R5_MANIFEST_VERIFIED
reports/layer10/phase_00/exports/06_P00ArtifactClosureView.json,4310f614448ab32f7d31845aefdf0a2d11da6c9956c8b23748074ae4565ffefd,4164,REPORT_OR_MACHINE_EVIDENCE,RELEASE_ASSET_ONLY,,COPIED_BYTE_IDENTICAL,Preserved in the exact R5 archive; not required in the normal working tree,"[""R5 provenance/release assets""]",SOURCE_R5_MANIFEST_VERIFIED
reports/layer10/phase_00/exports/07_P00LayerFoundationReadinessView.json,2408a2ec999cac1230364bc792777bca4de4615e0bad6bf9a9ceecb6545bfe4b,3405,REPORT_OR_MACHINE_EVIDENCE,RELEASE_ASSET_ONLY,,COPIED_BYTE_IDENTICAL,Preserved in the exact R5 archive; not required in the normal working tree,"[""R5 provenance/release assets""]",SOURCE_R5_MANIFEST_VERIFIED
reports/layer10/phase_00/exports/08_P00FuturePhaseContractReadinessView.json,af1dfd3dd41d4e865bcd9bba182c8dfdcf054d5ed0c0470daaafc52906eb90c2,3878,REPORT_OR_MACHINE_EVIDENCE,RELEASE_ASSET_ONLY,,COPIED_BYTE_IDENTICAL,Preserved in the exact R5 archive; not required in the normal working tree,"[""R5 provenance/release assets""]",SOURCE_R5_MANIFEST_VERIFIED
reports/layer10/phase_00/exports/09_AblationReadinessView.json,fcb7456b31709a2910f67a74251c2389e5c82f5ef2d6529bca4ded49a0e92e96,1123,REPORT_OR_MACHINE_EVIDENCE,RELEASE_ASSET_ONLY,,COPIED_BYTE_IDENTICAL,Preserved in the exact R5 archive; not required in the normal working tree,"[""R5 provenance/release assets""]",SOURCE_R5_MANIFEST_VERIFIED
reports/layer10/phase_00/exports/10_ValidationWarningView.json,2be5e58b08b809c5900b79008deb4429b2d2f77e2ee3e861687115ce7d8c6051,8175,REPORT_OR_MACHINE_EVIDENCE,RELEASE_ASSET_ONLY,,COPIED_BYTE_IDENTICAL,Preserved in the exact R5 archive; not required in the normal working tree,"[""R5 provenance/release assets""]",SOURCE_R5_MANIFEST_VERIFIED
reports/layer10/phase_00/exports/11_ClaimBoundaryView.json,a5b9872c5da3506caf0a3740492d88b6a6558e84c3b1ef9ed9b6023ae9c09d0d,19937,REPORT_OR_MACHINE_EVIDENCE,RELEASE_ASSET_ONLY,,COPIED_BYTE_IDENTICAL,Preserved in the exact R5 archive; not required in the normal working tree,"[""R5 provenance/release assets""]",SOURCE_R5_MANIFEST_VERIFIED
reports/layer10/phase_00/exports/12_P00NegativeAndRepairHistoryView.json,8954eaf42628d3555a66e2798a640e20165c4c21be691fe8f5e58b73fb1230c2,6046,REPORT_OR_MACHINE_EVIDENCE,RELEASE_ASSET_ONLY,,COPIED_BYTE_IDENTICAL,Preserved in the exact R5 archive; not required in the normal working tree,"[""R5 provenance/release assets""]",SOURCE_R5_MANIFEST_VERIFIED
reports/layer10/phase_00/exports/13_P00ReproductionAndIntegrityView.json,5ee84760dc911331960127a73d99267717c73c6dba96bb66d3202c21da565af8,1269,REPORT_OR_MACHINE_EVIDENCE,RELEASE_ASSET_ONLY,,COPIED_BYTE_IDENTICAL,Preserved in the exact R5 archive; not required in the normal working tree,"[""R5 provenance/release assets""]",SOURCE_R5_MANIFEST_VERIFIED
reports/layer10/phase_00/exports/14_ExportIntegrityView.json,90ed0b45d4967fcd951f284966e0712cbaaec591cd6bcd0e0f0674cd77e7141b,2454,REPORT_OR_MACHINE_EVIDENCE,RELEASE_ASSET_ONLY,,COPIED_BYTE_IDENTICAL,Preserved in the exact R5 archive; not required in the normal working tree,"[""R5 provenance/release assets""]",SOURCE_R5_MANIFEST_VERIFIED
reports/layer10/phase_00/history/R1/exports/01_P00PhaseStatusView.json,2fb0e9fa6883f20d12e8fbaa1a974bae88822e58414d456484cb23098ee3dd91,692,REPORT_OR_MACHINE_EVIDENCE,EXCLUDED_HISTORY,,COPIED_BYTE_IDENTICAL,Superseded/history material preserved in R5 release assets,"[""R5 provenance/release assets""]",SOURCE_R5_MANIFEST_VERIFIED
reports/layer10/phase_00/history/R1/exports/02_ProtocolStatusView.json,5ac098b92827dfeb668295653704aa78130a9af20c43dba63cec2c6d9196d8b8,455,REPORT_OR_MACHINE_EVIDENCE,EXCLUDED_HISTORY,,COPIED_BYTE_IDENTICAL,Superseded/history material preserved in R5 release assets,"[""R5 provenance/release assets""]",SOURCE_R5_MANIFEST_VERIFIED
reports/layer10/phase_00/history/R1/exports/03_P00EngineeringConformanceView.json,bd797ffa3d919e3643d8866b11173399c4d1266249577bbc8045c319f2bf8f5e,13449,REPORT_OR_MACHINE_EVIDENCE,EXCLUDED_HISTORY,,COPIED_BYTE_IDENTICAL,Superseded/history material preserved in R5 release assets,"[""R5 provenance/release assets""]",SOURCE_R5_MANIFEST_VERIFIED
reports/layer10/phase_00/history/R1/exports/04_P00DeterministicValidationView.json,2ad8afdc06be04aaee838a4b1aa9a86e7c1805602797845f0b43da5662f4f03e,415,REPORT_OR_MACHINE_EVIDENCE,EXCLUDED_HISTORY,,COPIED_BYTE_IDENTICAL,Superseded/history material preserved in R5 release assets,"[""R5 provenance/release assets""]",SOURCE_R5_MANIFEST_VERIFIED
reports/layer10/phase_00/history/R1/exports/05_P00FixtureValidationView.json,1424ebb572d5a39b9ec2fe6fb4c2990ec23846d1d46005300c4f92dd00824f22,475,REPORT_OR_MACHINE_EVIDENCE,EXCLUDED_HISTORY,,COPIED_BYTE_IDENTICAL,Superseded/history material preserved in R5 release assets,"[""R5 provenance/release assets""]",SOURCE_R5_MANIFEST_VERIFIED
reports/layer10/phase_00/history/R1/exports/06_P00ArtifactClosureView.json,39af4264ff675e2c4e9cad295af669ecaa5b952c40c0bdc3387c92242694ffb5,3427,REPORT_OR_MACHINE_EVIDENCE,EXCLUDED_HISTORY,,COPIED_BYTE_IDENTICAL,Superseded/history material preserved in R5 release assets,"[""R5 provenance/release assets""]",SOURCE_R5_MANIFEST_VERIFIED
reports/layer10/phase_00/history/R1/exports/07_P00LayerFoundationReadinessView.json,e55047d9dce3483e56cccaeec9b92f5e57b4722f0429dbcdb9a538aa86378b25,2668,REPORT_OR_MACHINE_EVIDENCE,EXCLUDED_HISTORY,,COPIED_BYTE_IDENTICAL,Superseded/history material preserved in R5 release assets,"[""R5 provenance/release assets""]",SOURCE_R5_MANIFEST_VERIFIED
reports/layer10/phase_00/history/R1/exports/08_P00FuturePhaseContractReadinessView.json,5753d6bedf5ba02d5c92d93642fbf1f3be47e2bb5cf6c2e38e2c29f02ec966c8,3141,REPORT_OR_MACHINE_EVIDENCE,EXCLUDED_HISTORY,,COPIED_BYTE_IDENTICAL,Superseded/history material preserved in R5 release assets,"[""R5 provenance/release assets""]",SOURCE_R5_MANIFEST_VERIFIED
reports/layer10/phase_00/history/R1/exports/09_AblationReadinessView.json,e977d939baded9b56cd80c74fe5923848425894eb47e7c2b1128cafa4ac2a70c,386,REPORT_OR_MACHINE_EVIDENCE,EXCLUDED_HISTORY,,COPIED_BYTE_IDENTICAL,Superseded/history material preserved in R5 release assets,"[""R5 provenance/release assets""]",SOURCE_R5_MANIFEST_VERIFIED
reports/layer10/phase_00/history/R1/exports/10_ValidationWarningView.json,ca5a3c03765a7c0392e5666ecdd54c6295516d5246a26f946c3d35974f11233f,6605,REPORT_OR_MACHINE_EVIDENCE,EXCLUDED_HISTORY,,COPIED_BYTE_IDENTICAL,Superseded/history material preserved in R5 release assets,"[""R5 provenance/release assets""]",SOURCE_R5_MANIFEST_VERIFIED
reports/layer10/phase_00/history/R1/exports/11_ClaimBoundaryView.json,d4dbea705b14a6b7d1f977636125a4fd455ec8322f0aaa225cd924df14a3bbdd,18000,REPORT_OR_MACHINE_EVIDENCE,EXCLUDED_HISTORY,,COPIED_BYTE_IDENTICAL,Superseded/history material preserved in R5 release assets,"[""R5 provenance/release assets""]",SOURCE_R5_MANIFEST_VERIFIED
reports/layer10/phase_00/history/R1/exports/12_P00NegativeAndRepairHistoryView.json,0170ce5da82a97a9b36f7b504e62bbf2221b431912d9cb92a80d5b2987319378,4815,REPORT_OR_MACHINE_EVIDENCE,EXCLUDED_HISTORY,,COPIED_BYTE_IDENTICAL,Superseded/history material preserved in R5 release assets,"[""R5 provenance/release assets""]",SOURCE_R5_MANIFEST_VERIFIED
reports/layer10/phase_00/history/R1/exports/13_P00ReproductionAndIntegrityView.json,0cd24d94a855ae8854b4507ec7d971a845dd9781cb212c5fea7ee573504f1121,532,REPORT_OR_MACHINE_EVIDENCE,EXCLUDED_HISTORY,,COPIED_BYTE_IDENTICAL,Superseded/history material preserved in R5 release assets,"[""R5 provenance/release assets""]",SOURCE_R5_MANIFEST_VERIFIED
reports/layer10/phase_00/history/R1/exports/14_ExportIntegrityView.json,5739556007ce808586d55c4a003685a0289cc4abd70f99393e44a2a443107b12,1205,REPORT_OR_MACHINE_EVIDENCE,EXCLUDED_HISTORY,,COPIED_BYTE_IDENTICAL,Superseded/history material preserved in R5 release assets,"[""R5 provenance/release assets""]",SOURCE_R5_MANIFEST_VERIFIED
reports/layer10/phase_00/history/R1/layer10_card_catalog.yaml,3898e6609d63dc20731b42126704642da69158424ff0028925c1ce6ea3ed975a,2857,REPORT_OR_MACHINE_EVIDENCE,EXCLUDED_HISTORY,,COPIED_BYTE_IDENTICAL,Superseded/history material preserved in R5 release assets,"[""R5 provenance/release assets""]",SOURCE_R5_MANIFEST_VERIFIED
reports/layer10/phase_00/history/R1/layer10_claim_boundary_projection.yaml,62da76db7a7768f353d770dd9fc759f7400dd40db984d58a2815de229fdebcc5,3622,REPORT_OR_MACHINE_EVIDENCE,EXCLUDED_HISTORY,,COPIED_BYTE_IDENTICAL,Superseded/history material preserved in R5 release assets,"[""R5 provenance/release assets""]",SOURCE_R5_MANIFEST_VERIFIED
reports/layer10/phase_00/history/R1/layer10_export_catalog.yaml,61bac75e905a18b0937d700ace349e4fbc087dbe8e5507f319c213ebfa47fe0b,4105,REPORT_OR_MACHINE_EVIDENCE,EXCLUDED_HISTORY,,COPIED_BYTE_IDENTICAL,Superseded/history material preserved in R5 release assets,"[""R5 provenance/release assets""]",SOURCE_R5_MANIFEST_VERIFIED
reports/layer10/phase_00/history/R1/layer10_export_manifest.json,0ab2b23055d65268315a82ffd52397a2970d0eeb397cfac5663cac4708d0327c,2559,REPORT_OR_MACHINE_EVIDENCE,EXCLUDED_HISTORY,,COPIED_BYTE_IDENTICAL,Superseded/history material preserved in R5 release assets,"[""R5 provenance/release assets""]",SOURCE_R5_MANIFEST_VERIFIED
reports/layer10/phase_00/history/R1/layer10_handoff.yaml,06d8ffc31a05ac686e4fa382ff4bb10d03234b166dee1e26c858059b332e1195,309,REPORT_OR_MACHINE_EVIDENCE,EXCLUDED_HISTORY,,COPIED_BYTE_IDENTICAL,Superseded/history material preserved in R5 release assets,"[""R5 provenance/release assets""]",SOURCE_R5_MANIFEST_VERIFIED
reports/layer10/phase_00/history/R1/layer10_negative_visibility_register.yaml,20fa801fe514404a9a77b3cf645ed91893b379aee17238bc63e31f5d8249af9a,3327,REPORT_OR_MACHINE_EVIDENCE,EXCLUDED_HISTORY,,COPIED_BYTE_IDENTICAL,Superseded/history material preserved in R5 release assets,"[""R5 provenance/release assets""]",SOURCE_R5_MANIFEST_VERIFIED
reports/layer10/phase_00/history/R1/layer10_query_and_filter_provenance.yaml,64971536a66a562463c325e8ccd69f2127da7875fb3094a574273c96160a85bb,222,REPORT_OR_MACHINE_EVIDENCE,EXCLUDED_HISTORY,,COPIED_BYTE_IDENTICAL,Superseded/history material preserved in R5 release assets,"[""R5 provenance/release assets""]",SOURCE_R5_MANIFEST_VERIFIED
reports/layer10/phase_00/history/R1/layer10_release_manifest.json,1d3508fa5d7b6da8bb03fdccf7ed55b6483f8be504bf6f54c9cf15acfd0978f7,11733,REPORT_OR_MACHINE_EVIDENCE,EXCLUDED_HISTORY,,COPIED_BYTE_IDENTICAL,Superseded/history material preserved in R5 release assets,"[""R5 provenance/release assets""]",SOURCE_R5_MANIFEST_VERIFIED
reports/layer10/phase_00/history/R1/layer10_reproduction_manifest.json,e9af8cb6765e04d6aea88a8bddab510c4817f54c5969693210f222dd32b295f7,605,REPORT_OR_MACHINE_EVIDENCE,EXCLUDED_HISTORY,,COPIED_BYTE_IDENTICAL,Superseded/history material preserved in R5 release assets,"[""R5 provenance/release assets""]",SOURCE_R5_MANIFEST_VERIFIED
reports/layer10/phase_00/history/R1/layer10_source_inventory.yaml,a8382638468fd4b780fe90cc9b753950cc5dc7e2a0398966e7e6966bd406d631,555,REPORT_OR_MACHINE_EVIDENCE,EXCLUDED_HISTORY,,COPIED_BYTE_IDENTICAL,Superseded/history material preserved in R5 release assets,"[""R5 provenance/release assets""]",SOURCE_R5_MANIFEST_VERIFIED
reports/layer10/phase_00/history/R1/layer10_view_catalog.yaml,af88fa3e0af8002b9025b6a69fe3eba1faf51287b9aebbd195b403b195b66ada,6422,REPORT_OR_MACHINE_EVIDENCE,EXCLUDED_HISTORY,,COPIED_BYTE_IDENTICAL,Superseded/history material preserved in R5 release assets,"[""R5 provenance/release assets""]",SOURCE_R5_MANIFEST_VERIFIED
reports/layer10/phase_00/history/R1/layer10_warning_and_limitation_parity.yaml,b374f2c07c810ec6b09041a79c61973e6e4a2b04168c5ee4bb1a8a0ba577dbba,8403,REPORT_OR_MACHINE_EVIDENCE,EXCLUDED_HISTORY,,COPIED_BYTE_IDENTICAL,Superseded/history material preserved in R5 release assets,"[""R5 provenance/release assets""]",SOURCE_R5_MANIFEST_VERIFIED
reports/layer10/phase_00/layer10_card_catalog.yaml,bc5c59caa6c56c23e1f84555710cf923f95133495d04d057b67557828c022e13,11033,REPORT_OR_MACHINE_EVIDENCE,RELEASE_ASSET_ONLY,,COPIED_BYTE_IDENTICAL,Preserved in the exact R5 archive; not required in the normal working tree,"[""R5 provenance/release assets""]",SOURCE_R5_MANIFEST_VERIFIED
reports/layer10/phase_00/layer10_claim_boundary_projection.yaml,9d0f5dd477d798dec74dcd13ed6c8ba20fcce7125af57fabbe39f092ad5c393e,3632,REPORT_OR_MACHINE_EVIDENCE,RELEASE_ASSET_ONLY,,COPIED_BYTE_IDENTICAL,Preserved in the exact R5 archive; not required in the normal working tree,"[""R5 provenance/release assets""]",SOURCE_R5_MANIFEST_VERIFIED
reports/layer10/phase_00/layer10_export_catalog.yaml,520472be04db9ea834d7248f301722966e7675e4cb304c74207022091d45a542,4707,REPORT_OR_MACHINE_EVIDENCE,RELEASE_ASSET_ONLY,,COPIED_BYTE_IDENTICAL,Preserved in the exact R5 archive; not required in the normal working tree,"[""R5 provenance/release assets""]",SOURCE_R5_MANIFEST_VERIFIED
reports/layer10/phase_00/layer10_export_manifest.json,60ae9feeb3655220fafffade8a735f2ccbab8c2f0b0dc223718424ee58c1dbf1,4751,REPORT_OR_MACHINE_EVIDENCE,RELEASE_ASSET_ONLY,,COPIED_BYTE_IDENTICAL,Preserved in the exact R5 archive; not required in the normal working tree,"[""R5 provenance/release assets""]",SOURCE_R5_MANIFEST_VERIFIED
reports/layer10/phase_00/layer10_handoff.yaml,510b5329f3b22f50177e96e9d27d7f15a580c70408a59a7909808ed0d1250a6b,344,REPORT_OR_MACHINE_EVIDENCE,RELEASE_ASSET_ONLY,,COPIED_BYTE_IDENTICAL,Preserved in the exact R5 archive; not required in the normal working tree,"[""R5 provenance/release assets""]",SOURCE_R5_MANIFEST_VERIFIED
reports/layer10/phase_00/layer10_negative_visibility_register.yaml,e064f8a89acd3a465dadd0cc171d58ce1af45c4a551467e3b46faa2122212ea7,3635,REPORT_OR_MACHINE_EVIDENCE,RELEASE_ASSET_ONLY,,COPIED_BYTE_IDENTICAL,Preserved in the exact R5 archive; not required in the normal working tree,"[""R5 provenance/release assets""]",SOURCE_R5_MANIFEST_VERIFIED
reports/layer10/phase_00/layer10_query_and_filter_provenance.yaml,68d7c8e8c5ddca8a9bfd9be6a7c9ec43c339db801989524ccfff261222778b8a,291,REPORT_OR_MACHINE_EVIDENCE,RELEASE_ASSET_ONLY,,COPIED_BYTE_IDENTICAL,Preserved in the exact R5 archive; not required in the normal working tree,"[""R5 provenance/release assets""]",SOURCE_R5_MANIFEST_VERIFIED
reports/layer10/phase_00/layer10_release_manifest.json,b4d5023e920a8fe0d86ab5f155d75d967932f0105726824da5b643b6a6970984,12007,REPORT_OR_MACHINE_EVIDENCE,MAIN_TREE_DIRECT,reports/layer10/phase_00/layer10_release_manifest.json,COPIED_BYTE_IDENTICAL,Required current reviewer-facing or runtime file,"[""main-tree reviewer/runtime""]",SOURCE_R5_MANIFEST_VERIFIED; DESTINATION_VERIFIED
reports/layer10/phase_00/layer10_reproduction_manifest.json,bc2d9339a8fd4f7d9aa58fcad0cfb9c74072c749b5299fe5fef87b30313deb5f,605,REPORT_OR_MACHINE_EVIDENCE,RELEASE_ASSET_ONLY,,COPIED_BYTE_IDENTICAL,Preserved in the exact R5 archive; not required in the normal working tree,"[""R5 provenance/release assets""]",SOURCE_R5_MANIFEST_VERIFIED
reports/layer10/phase_00/layer10_source_inventory.yaml,823fc6301a73296ff948473e454fc4ca2c07a0fd0ea05380bb51d4acef7ce4d7,964,REPORT_OR_MACHINE_EVIDENCE,RELEASE_ASSET_ONLY,,COPIED_BYTE_IDENTICAL,Preserved in the exact R5 archive; not required in the normal working tree,"[""R5 provenance/release assets""]",SOURCE_R5_MANIFEST_VERIFIED
reports/layer10/phase_00/layer10_view_catalog.yaml,3788e4d178e2ae81f79ea58ece5526ee9c4530a6baa03ed27e303b163c4b9ab7,7142,REPORT_OR_MACHINE_EVIDENCE,RELEASE_ASSET_ONLY,,COPIED_BYTE_IDENTICAL,Preserved in the exact R5 archive; not required in the normal working tree,"[""R5 provenance/release assets""]",SOURCE_R5_MANIFEST_VERIFIED
reports/layer10/phase_00/layer10_warning_and_limitation_parity.yaml,1d9f1ef53f23c61b1328f871f2f6a20cd0a9acec5e15440bea1a91db3a1fb358,5244,REPORT_OR_MACHINE_EVIDENCE,RELEASE_ASSET_ONLY,,COPIED_BYTE_IDENTICAL,Preserved in the exact R5 archive; not required in the normal working tree,"[""R5 provenance/release assets""]",SOURCE_R5_MANIFEST_VERIFIED
reports/llm_reviews/01_authority_reconstruction.md,486b2469dcaebfe60925911b57c69d9db5ffc31431a2e3ada4be7ee9be3e623c,376,REPORT_OR_MACHINE_EVIDENCE,RELEASE_ASSET_ONLY,,COPIED_BYTE_IDENTICAL,Preserved in the exact R5 archive; not required in the normal working tree,"[""R5 provenance/release assets""]",SOURCE_R5_MANIFEST_VERIFIED
reports/llm_reviews/02_implementation_evidence.md,84342a8b540f62b483861884d064d2e328e63c341221d37866d64db4f3bc1e45,402,REPORT_OR_MACHINE_EVIDENCE,RELEASE_ASSET_ONLY,,COPIED_BYTE_IDENTICAL,Preserved in the exact R5 archive; not required in the normal working tree,"[""R5 provenance/release assets""]",SOURCE_R5_MANIFEST_VERIFIED
reports/llm_reviews/03_adversarial_red_team.md,1609b5687e671f30b465fae2b57d657e9b058242c02ece63cb60be4a8d825cee,393,REPORT_OR_MACHINE_EVIDENCE,RELEASE_ASSET_ONLY,,COPIED_BYTE_IDENTICAL,Preserved in the exact R5 archive; not required in the normal working tree,"[""R5 provenance/release assets""]",SOURCE_R5_MANIFEST_VERIFIED
reports/llm_reviews/04_gate_reproducibility.md,cc71bf3e0b5c44e05b18a4c96f9721a70eea8339f2171fbdd956b5d7d88700a6,352,REPORT_OR_MACHINE_EVIDENCE,RELEASE_ASSET_ONLY,,COPIED_BYTE_IDENTICAL,Preserved in the exact R5 archive; not required in the normal working tree,"[""R5 provenance/release assets""]",SOURCE_R5_MANIFEST_VERIFIED
reports/llm_reviews/05_final_governance.md,44d301c635b6b415c0bdae9ece0c574f7fd05019e3437841f37029797ca87986,387,REPORT_OR_MACHINE_EVIDENCE,RELEASE_ASSET_ONLY,,COPIED_BYTE_IDENTICAL,Preserved in the exact R5 archive; not required in the normal working tree,"[""R5 provenance/release assets""]",SOURCE_R5_MANIFEST_VERIFIED
reports/local_first_finalization/llm_passes/01_authority_reconstruction.md,0069ff20b308aedbdd59890ab636a407f10f539495ad7b9fa69d2737298b5717,406,REPORT_OR_MACHINE_EVIDENCE,RELEASE_ASSET_ONLY,,COPIED_BYTE_IDENTICAL,Preserved in the exact R5 archive; not required in the normal working tree,"[""R5 provenance/release assets""]",SOURCE_R5_MANIFEST_VERIFIED
reports/local_first_finalization/llm_passes/02_implementation_evidence.md,4a56c5f40100f85e406039c932a5a32895d2dc567d4ef241a88d9686a783991e,347,REPORT_OR_MACHINE_EVIDENCE,RELEASE_ASSET_ONLY,,COPIED_BYTE_IDENTICAL,Preserved in the exact R5 archive; not required in the normal working tree,"[""R5 provenance/release assets""]",SOURCE_R5_MANIFEST_VERIFIED
reports/local_first_finalization/llm_passes/03_adversarial_red_team.md,0ee3d8962642781c5949b2868ea53162ca4c09539ace215312fc8a88f1e758e4,464,REPORT_OR_MACHINE_EVIDENCE,RELEASE_ASSET_ONLY,,COPIED_BYTE_IDENTICAL,Preserved in the exact R5 archive; not required in the normal working tree,"[""R5 provenance/release assets""]",SOURCE_R5_MANIFEST_VERIFIED
reports/local_first_finalization/llm_passes/04_deterministic_gate_reproducibility.md,cf71d98e100814a84d8a4894b1643a817c13038c726330949b5ead8b5c5816f8,404,REPORT_OR_MACHINE_EVIDENCE,RELEASE_ASSET_ONLY,,COPIED_BYTE_IDENTICAL,Preserved in the exact R5 archive; not required in the normal working tree,"[""R5 provenance/release assets""]",SOURCE_R5_MANIFEST_VERIFIED
reports/local_first_finalization/llm_passes/05_final_governance.md,1919696243cdc91ade19aad2da9c1d9dfe141746a31e58ed555bb179f1169362,388,REPORT_OR_MACHINE_EVIDENCE,RELEASE_ASSET_ONLY,,COPIED_BYTE_IDENTICAL,Preserved in the exact R5 archive; not required in the normal working tree,"[""R5 provenance/release assets""]",SOURCE_R5_MANIFEST_VERIFIED
reports/official_audit_1/CURRENT_HANDOFF_POINTER.yaml,6494b078eb3ba9f94bb6163e8a63a009da155972f243d390c35de75970f4c765,215,REPORT_OR_MACHINE_EVIDENCE,RELEASE_ASSET_ONLY,,COPIED_BYTE_IDENTICAL,Preserved in the exact R5 archive; not required in the normal working tree,"[""R5 provenance/release assets""]",SOURCE_R5_MANIFEST_VERIFIED
reports/official_audit_1/clean_reproduction_R2.json,c24aab8d63ef991d25e1c4d69374c6f31aa36db9236539fbe88a6305fd930f51,516,REPORT_OR_MACHINE_EVIDENCE,RELEASE_ASSET_ONLY,,COPIED_BYTE_IDENTICAL,Preserved in the exact R5 archive; not required in the normal working tree,"[""R5 provenance/release assets""]",SOURCE_R5_MANIFEST_VERIFIED
reports/official_audit_1/defect_and_repair_ledger_R1.yaml,695262607a05dffb6660164a5e7a4df84180a4fc49884ce8a42cfecdcaba4cda,2242,REPORT_OR_MACHINE_EVIDENCE,RELEASE_ASSET_ONLY,,COPIED_BYTE_IDENTICAL,Preserved in the exact R5 archive; not required in the normal working tree,"[""R5 provenance/release assets""]",SOURCE_R5_MANIFEST_VERIFIED
reports/official_audit_1/deterministic_evidence_summary.json,0482e88d041f08e32c0d140c2fefd460481bad37aebb4f40ee2dc3b28fc8e376,1216,REPORT_OR_MACHINE_EVIDENCE,RELEASE_ASSET_ONLY,,COPIED_BYTE_IDENTICAL,Preserved in the exact R5 archive; not required in the normal working tree,"[""R5 provenance/release assets""]",SOURCE_R5_MANIFEST_VERIFIED
reports/official_audit_1/llm_passes/01_authority_reconstruction.md,544fcf69c6d23ed569f59d5d7bb17fcc71f1dc5d66ac6be4d42781158d4f9aa2,888,REPORT_OR_MACHINE_EVIDENCE,RELEASE_ASSET_ONLY,,COPIED_BYTE_IDENTICAL,Preserved in the exact R5 archive; not required in the normal working tree,"[""R5 provenance/release assets""]",SOURCE_R5_MANIFEST_VERIFIED
reports/official_audit_1/llm_passes/02_implementation_evidence.md,c966665e7a067615ffd0fd9a2bbc2c4856ad5be398f58c3de2f7783387c9e74a,714,REPORT_OR_MACHINE_EVIDENCE,RELEASE_ASSET_ONLY,,COPIED_BYTE_IDENTICAL,Preserved in the exact R5 archive; not required in the normal working tree,"[""R5 provenance/release assets""]",SOURCE_R5_MANIFEST_VERIFIED
reports/official_audit_1/llm_passes/03_adversarial_red_team.md,b95add4d717dde65f6a5128cc843030a88be4a9950c4b403a0be6324af129592,719,REPORT_OR_MACHINE_EVIDENCE,RELEASE_ASSET_ONLY,,COPIED_BYTE_IDENTICAL,Preserved in the exact R5 archive; not required in the normal working tree,"[""R5 provenance/release assets""]",SOURCE_R5_MANIFEST_VERIFIED
reports/official_audit_1/llm_passes/04_gate_and_reproducibility.md,a225c1bba4b59d5715d35d487eda294e2fce72ec1181e22e3b8a95ef0dda1828,585,REPORT_OR_MACHINE_EVIDENCE,RELEASE_ASSET_ONLY,,COPIED_BYTE_IDENTICAL,Preserved in the exact R5 archive; not required in the normal working tree,"[""R5 provenance/release assets""]",SOURCE_R5_MANIFEST_VERIFIED
reports/official_audit_1/llm_passes/05_final_governance.md,a9fa60c404dc1c6e4be7f3420892bb3f8abf59175d2c345f54b9c6849716d8c3,714,REPORT_OR_MACHINE_EVIDENCE,RELEASE_ASSET_ONLY,,COPIED_BYTE_IDENTICAL,Preserved in the exact R5 archive; not required in the normal working tree,"[""R5 provenance/release assets""]",SOURCE_R5_MANIFEST_VERIFIED
reports/official_audit_1/phase_0_layers_0_to_3_official_audit_handoff_R1_SUPERSEDED.yaml,30ca9a5104dc573a668ac7474deeae3cea2eb047b8fb5af15556313fd1247aac,1092,REPORT_OR_MACHINE_EVIDENCE,RELEASE_ASSET_ONLY,,COPIED_BYTE_IDENTICAL,Preserved in the exact R5 archive; not required in the normal working tree,"[""R5 provenance/release assets""]",SOURCE_R5_MANIFEST_VERIFIED
reports/official_audit_1/phase_0_layers_0_to_3_official_audit_handoff_R2.yaml,67b24d7ecadc6b6d750b418671a1e7eaf15c2f8a689c25d5b0383a928c35a24a,1745,REPORT_OR_MACHINE_EVIDENCE,RELEASE_ASSET_ONLY,,COPIED_BYTE_IDENTICAL,Preserved in the exact R5 archive; not required in the normal working tree,"[""R5 provenance/release assets""]",SOURCE_R5_MANIFEST_VERIFIED
reports/official_audit_1/phase_0_layers_0_to_3_official_audit_handoff_R3_NO_EXTERNAL_CI_GATE.yaml,3fa965c97833d02cd16d17fe6f863472760d5c04c91dfff077cca012d0aa3da5,1918,REPORT_OR_MACHINE_EVIDENCE,RELEASE_ASSET_ONLY,,COPIED_BYTE_IDENTICAL,Preserved in the exact R5 archive; not required in the normal working tree,"[""R5 provenance/release assets""]",SOURCE_R5_MANIFEST_VERIFIED
reports/official_audit_1/phase_0_layers_0_to_3_official_audit_handoff_R4_LOCAL_CURRENT.yaml,0c7e35577ba98dc85047914b193ada1c770b1cd630071ad771ce91dc90208a10,1193,REPORT_OR_MACHINE_EVIDENCE,MAIN_TREE_DIRECT,reports/official_audit_1/phase_0_layers_0_to_3_official_audit_handoff_R4_LOCAL_CURRENT.yaml,COPIED_BYTE_IDENTICAL,Required current reviewer-facing or runtime file,"[""main-tree reviewer/runtime""]",SOURCE_R5_MANIFEST_VERIFIED; DESTINATION_VERIFIED
reports/official_audit_2/CURRENT_HANDOFF_POINTER.yaml,1de20a1dab3189d1e64620d3732a8c71d154f8b24ca18a7b0795fafc37135aec,215,REPORT_OR_MACHINE_EVIDENCE,RELEASE_ASSET_ONLY,,COPIED_BYTE_IDENTICAL,Preserved in the exact R5 archive; not required in the normal working tree,"[""R5 provenance/release assets""]",SOURCE_R5_MANIFEST_VERIFIED
reports/official_audit_2/IHARQ_Phase_0_Official_Layer_Audit_2_Layers_4_to_7_Report_R2.docx,134a5223dc60b1b9cc6102db6f5d0b8eefd87e50f6c1be95c9711f51c4f4a25f,24425,REPORT_OR_MACHINE_EVIDENCE,EXCLUDED_GENERATED_FORMAT,,COPIED_BYTE_IDENTICAL,Duplicate generated format omitted because Markdown/current source controls,"[""R5 provenance/release assets""]",SOURCE_R5_MANIFEST_VERIFIED
reports/official_audit_2/IHARQ_Phase_0_Official_Layer_Audit_2_Layers_4_to_7_Report_R2.md,6ffd9e2661ac6452834aca9fe5e4b731276a1564fc5161c42a67c00121daad2e,23642,REPORT_OR_MACHINE_EVIDENCE,RELEASE_ASSET_ONLY,,COPIED_BYTE_IDENTICAL,Preserved in the exact R5 archive; not required in the normal working tree,"[""R5 provenance/release assets""]",SOURCE_R5_MANIFEST_VERIFIED
reports/official_audit_2/clean_reproduction_report_R2.json,d193036bdcb3ec2973c1bc0c3005196ff083e3827ff6991ab57c259a1ea23565,820,REPORT_OR_MACHINE_EVIDENCE,RELEASE_ASSET_ONLY,,COPIED_BYTE_IDENTICAL,Preserved in the exact R5 archive; not required in the normal working tree,"[""R5 provenance/release assets""]",SOURCE_R5_MANIFEST_VERIFIED
reports/official_audit_2/defect_and_repair_ledger_R1.yaml,7f488347c2f7d1ba8a45bb51c2cc8de6e75919ce0ad57d52869d1285a09a876f,2205,REPORT_OR_MACHINE_EVIDENCE,RELEASE_ASSET_ONLY,,COPIED_BYTE_IDENTICAL,Preserved in the exact R5 archive; not required in the normal working tree,"[""R5 provenance/release assets""]",SOURCE_R5_MANIFEST_VERIFIED
reports/official_audit_2/defect_and_repair_ledger_R2.yaml,f84dba95d77e83119be6acd8878085cae42da83760ec028e01a5c1048a39f229,3887,REPORT_OR_MACHINE_EVIDENCE,RELEASE_ASSET_ONLY,,COPIED_BYTE_IDENTICAL,Preserved in the exact R5 archive; not required in the normal working tree,"[""R5 provenance/release assets""]",SOURCE_R5_MANIFEST_VERIFIED
reports/official_audit_2/deterministic_evidence_summary.json,777e207a3cebf2f02de21a45f4c249711fdfd5a1d8087c49b6a045208c4a0d00,1539,REPORT_OR_MACHINE_EVIDENCE,RELEASE_ASSET_ONLY,,COPIED_BYTE_IDENTICAL,Preserved in the exact R5 archive; not required in the normal working tree,"[""R5 provenance/release assets""]",SOURCE_R5_MANIFEST_VERIFIED
reports/official_audit_2/failed_evidence/pytest_round1_initial_failures.txt,dfc72f7fe1fd0b67a8b86f7366d714ecd06915de9b141e2a041dbbb57aec8296,116217,REPORT_OR_MACHINE_EVIDENCE,EXCLUDED_RAW_AUDIT,,COPIED_BYTE_IDENTICAL,Raw or repeated audit evidence preserved in R5 release assets,"[""R5 provenance/release assets""]",SOURCE_R5_MANIFEST_VERIFIED
reports/official_audit_2/failed_evidence/pytest_round2_repair_failures.txt,ad8a45eaa3dede11ee24b84587da240009ca55a4ab1174cc9bd0f16644d8b182,12138,REPORT_OR_MACHINE_EVIDENCE,EXCLUDED_RAW_AUDIT,,COPIED_BYTE_IDENTICAL,Raw or repeated audit evidence preserved in R5 release assets,"[""R5 provenance/release assets""]",SOURCE_R5_MANIFEST_VERIFIED
reports/official_audit_2/llm_passes/01_authority_reconstruction.md,54031610b3cd58404f4df392521e99c118adf11cf7711ddbbac48be3e68c2d54,1122,REPORT_OR_MACHINE_EVIDENCE,RELEASE_ASSET_ONLY,,COPIED_BYTE_IDENTICAL,Preserved in the exact R5 archive; not required in the normal working tree,"[""R5 provenance/release assets""]",SOURCE_R5_MANIFEST_VERIFIED
reports/official_audit_2/llm_passes/02_implementation_evidence.md,9e543c8eebf8f3346e63ab597cd22ddfcec37260c47a4d35b8dbf18d7eede990,691,REPORT_OR_MACHINE_EVIDENCE,RELEASE_ASSET_ONLY,,COPIED_BYTE_IDENTICAL,Preserved in the exact R5 archive; not required in the normal working tree,"[""R5 provenance/release assets""]",SOURCE_R5_MANIFEST_VERIFIED
reports/official_audit_2/llm_passes/03_adversarial_red_team.md,349d47011c884c3255cc63f9bd4c1f1be3cc7311ad4ce18391400ba2fbbf474c,810,REPORT_OR_MACHINE_EVIDENCE,RELEASE_ASSET_ONLY,,COPIED_BYTE_IDENTICAL,Preserved in the exact R5 archive; not required in the normal working tree,"[""R5 provenance/release assets""]",SOURCE_R5_MANIFEST_VERIFIED
reports/official_audit_2/llm_passes/04_gate_and_reproducibility.md,a361ab88a2c815570ce83a512abbf3b3a5601e3e1dce5500bd183c6ffe820777,647,REPORT_OR_MACHINE_EVIDENCE,RELEASE_ASSET_ONLY,,COPIED_BYTE_IDENTICAL,Preserved in the exact R5 archive; not required in the normal working tree,"[""R5 provenance/release assets""]",SOURCE_R5_MANIFEST_VERIFIED
reports/official_audit_2/llm_passes/05_final_governance.md,c0ea3e53216cf1bf84d60036a644c555c4f78ca461ffe8cd2c72fdb111e342f3,492,REPORT_OR_MACHINE_EVIDENCE,RELEASE_ASSET_ONLY,,COPIED_BYTE_IDENTICAL,Preserved in the exact R5 archive; not required in the normal working tree,"[""R5 provenance/release assets""]",SOURCE_R5_MANIFEST_VERIFIED
reports/official_audit_2/phase_0_layers_4_to_7_official_audit_handoff_R1.yaml,7b569184d53ba40e58fd88120d61b6d36234db0bc19ee15f9d7b24cb4a14215f,1304,REPORT_OR_MACHINE_EVIDENCE,RELEASE_ASSET_ONLY,,COPIED_BYTE_IDENTICAL,Preserved in the exact R5 archive; not required in the normal working tree,"[""R5 provenance/release assets""]",SOURCE_R5_MANIFEST_VERIFIED
reports/official_audit_2/phase_0_layers_4_to_7_official_audit_handoff_R2.yaml,27775c78be4e01faaaf7954d72622883ad3117b0dc1f59594d4ead3469fb8b9f,2325,REPORT_OR_MACHINE_EVIDENCE,RELEASE_ASSET_ONLY,,COPIED_BYTE_IDENTICAL,Preserved in the exact R5 archive; not required in the normal working tree,"[""R5 provenance/release assets""]",SOURCE_R5_MANIFEST_VERIFIED
reports/official_audit_2/phase_0_layers_4_to_7_official_audit_handoff_R3_NO_EXTERNAL_CI_GATE.yaml,b14f5440b85d6d6cdc596898444a970810f44473e0bf4e108e6941d224c140d9,2498,REPORT_OR_MACHINE_EVIDENCE,RELEASE_ASSET_ONLY,,COPIED_BYTE_IDENTICAL,Preserved in the exact R5 archive; not required in the normal working tree,"[""R5 provenance/release assets""]",SOURCE_R5_MANIFEST_VERIFIED
reports/official_audit_2/phase_0_layers_4_to_7_official_audit_handoff_R4_LOCAL_CURRENT.yaml,ee19ea987d894203cabb524f40d5b4b153bca1ac9c250ca548a729689898908c,1329,REPORT_OR_MACHINE_EVIDENCE,MAIN_TREE_DIRECT,reports/official_audit_2/phase_0_layers_4_to_7_official_audit_handoff_R4_LOCAL_CURRENT.yaml,COPIED_BYTE_IDENTICAL,Required current reviewer-facing or runtime file,"[""main-tree reviewer/runtime""]",SOURCE_R5_MANIFEST_VERIFIED; DESTINATION_VERIFIED
reports/official_audit_3/CURRENT_HANDOFF_POINTER.yaml,19f317ac24f823d0a190f10c14188dccb1f9d73fd58b4b3847b86f7235b7d145,216,REPORT_OR_MACHINE_EVIDENCE,RELEASE_ASSET_ONLY,,COPIED_BYTE_IDENTICAL,Preserved in the exact R5 archive; not required in the normal working tree,"[""R5 provenance/release assets""]",SOURCE_R5_MANIFEST_VERIFIED
reports/official_audit_3/IHARQ_Phase_0_Official_Layer_Audit_3_Layers_8_to_10_and_Integration_Report_R2.md,1b38362074908bda31502fd03c13d4b620fd1c38af8f9a8db4cc2b694b6b77ce,29871,REPORT_OR_MACHINE_EVIDENCE,RELEASE_ASSET_ONLY,,COPIED_BYTE_IDENTICAL,Preserved in the exact R5 archive; not required in the normal working tree,"[""R5 provenance/release assets""]",SOURCE_R5_MANIFEST_VERIFIED
reports/official_audit_3/defect_and_repair_ledger_R2.yaml,53874ab723d131d3f11c93551da27cd00ffdb61c97c6f2cfe4eb6ff299e2377b,4205,REPORT_OR_MACHINE_EVIDENCE,RELEASE_ASSET_ONLY,,COPIED_BYTE_IDENTICAL,Preserved in the exact R5 archive; not required in the normal working tree,"[""R5 provenance/release assets""]",SOURCE_R5_MANIFEST_VERIFIED
reports/official_audit_3/deterministic_evidence_summary.json,70b58af0f8fcc86755faebb10314535fd77b8985e3079ad7f2f6246f95735d0a,1955,REPORT_OR_MACHINE_EVIDENCE,RELEASE_ASSET_ONLY,,COPIED_BYTE_IDENTICAL,Preserved in the exact R5 archive; not required in the normal working tree,"[""R5 provenance/release assets""]",SOURCE_R5_MANIFEST_VERIFIED
reports/official_audit_3/execution_evidence/pytest_compatibility_final3.txt,ef3f62b56e136ea2c6fe5868700df626f91d87ca9ec74e69f125119686e4eae7,99,REPORT_OR_MACHINE_EVIDENCE,RELEASE_ASSET_ONLY,,COPIED_BYTE_IDENTICAL,Preserved in the exact R5 archive; not required in the normal working tree,"[""R5 provenance/release assets""]",SOURCE_R5_MANIFEST_VERIFIED
reports/official_audit_3/execution_evidence/pytest_full_final.txt,fd9cc045f409b43fea7d2f20e7ab3bcc9e59f92dd645b81c8d9cc1d7f2ce5575,2261,REPORT_OR_MACHINE_EVIDENCE,RELEASE_ASSET_ONLY,,COPIED_BYTE_IDENTICAL,Preserved in the exact R5 archive; not required in the normal working tree,"[""R5 provenance/release assets""]",SOURCE_R5_MANIFEST_VERIFIED
reports/official_audit_3/execution_evidence/reconcile_manifest_check_final.txt,e3b0c44298fc1c149afbf4c8996fb92427ae41e4649b934ca495991b7852b855,0,REPORT_OR_MACHINE_EVIDENCE,RELEASE_ASSET_ONLY,,COPIED_BYTE_IDENTICAL,Preserved in the exact R5 archive; not required in the normal working tree,"[""R5 provenance/release assets""]",SOURCE_R5_MANIFEST_VERIFIED
reports/official_audit_3/execution_evidence/reconcile_manifest_final.txt,e3b0c44298fc1c149afbf4c8996fb92427ae41e4649b934ca495991b7852b855,0,REPORT_OR_MACHINE_EVIDENCE,RELEASE_ASSET_ONLY,,COPIED_BYTE_IDENTICAL,Preserved in the exact R5 archive; not required in the normal working tree,"[""R5 provenance/release assets""]",SOURCE_R5_MANIFEST_VERIFIED
reports/official_audit_3/execution_evidence/run_audit1_final.txt,468b173f2e7376ac7193414fd099ad9eae5edfcdc5eef3e5bb4e4ccabfdb4316,1050,REPORT_OR_MACHINE_EVIDENCE,RELEASE_ASSET_ONLY,,COPIED_BYTE_IDENTICAL,Preserved in the exact R5 archive; not required in the normal working tree,"[""R5 provenance/release assets""]",SOURCE_R5_MANIFEST_VERIFIED
reports/official_audit_3/execution_evidence/run_audit2_final.txt,c81b479492ead36d3e33a630c00c9ab0c7d05d6d49b75c00ab1ff85e1ab0fbdd,1367,REPORT_OR_MACHINE_EVIDENCE,RELEASE_ASSET_ONLY,,COPIED_BYTE_IDENTICAL,Preserved in the exact R5 archive; not required in the normal working tree,"[""R5 provenance/release assets""]",SOURCE_R5_MANIFEST_VERIFIED
reports/official_audit_3/execution_evidence/run_audit3_final.txt,deffb06cb9438eeac0b5154491a34077208c3b66f5b071a039a09d4601d514a8,1755,REPORT_OR_MACHINE_EVIDENCE,RELEASE_ASSET_ONLY,,COPIED_BYTE_IDENTICAL,Preserved in the exact R5 archive; not required in the normal working tree,"[""R5 provenance/release assets""]",SOURCE_R5_MANIFEST_VERIFIED
reports/official_audit_3/execution_evidence/run_local_ci_final.txt,e3b0c44298fc1c149afbf4c8996fb92427ae41e4649b934ca495991b7852b855,0,REPORT_OR_MACHINE_EVIDENCE,RELEASE_ASSET_ONLY,,COPIED_BYTE_IDENTICAL,Preserved in the exact R5 archive; not required in the normal working tree,"[""R5 provenance/release assets""]",SOURCE_R5_MANIFEST_VERIFIED
reports/official_audit_3/execution_evidence/run_phase0_conformance_final.txt,0b195cd62ae6ba15096c07eb48ff02ba7b828211ab21e9babbf4d1f1905b74ad,173,REPORT_OR_MACHINE_EVIDENCE,RELEASE_ASSET_ONLY,,COPIED_BYTE_IDENTICAL,Preserved in the exact R5 archive; not required in the normal working tree,"[""R5 provenance/release assets""]",SOURCE_R5_MANIFEST_VERIFIED
reports/official_audit_3/failed_evidence/pytest_compatibility_final.txt,95a9896194058c5047d818dfacd607d2bb3a6884e794329c0163eda64b4cc326,2045,REPORT_OR_MACHINE_EVIDENCE,EXCLUDED_RAW_AUDIT,,COPIED_BYTE_IDENTICAL,Raw or repeated audit evidence preserved in R5 release assets,"[""R5 provenance/release assets""]",SOURCE_R5_MANIFEST_VERIFIED
reports/official_audit_3/failed_evidence/pytest_compatibility_final2.txt,4d22787297e529b3c060c24df4c9d1c103600c803cf1cc6a4cd56d15661f012f,4494,REPORT_OR_MACHINE_EVIDENCE,EXCLUDED_RAW_AUDIT,,COPIED_BYTE_IDENTICAL,Raw or repeated audit evidence preserved in R5 release assets,"[""R5 provenance/release assets""]",SOURCE_R5_MANIFEST_VERIFIED
reports/official_audit_3/failed_evidence/pytest_round1.txt,27c055695d9cea2f87a57147a29039c1dda077aeb17a32589e29fdaa7e5bb335,26,REPORT_OR_MACHINE_EVIDENCE,EXCLUDED_RAW_AUDIT,,COPIED_BYTE_IDENTICAL,Raw or repeated audit evidence preserved in R5 release assets,"[""R5 provenance/release assets""]",SOURCE_R5_MANIFEST_VERIFIED
reports/official_audit_3/failed_evidence/pytest_round2.txt,6fa4e14178d6b0e2f8b498fdbaab733daa184d47053ba14b9a4b2f59bb2668b5,166670,REPORT_OR_MACHINE_EVIDENCE,EXCLUDED_RAW_AUDIT,,COPIED_BYTE_IDENTICAL,Raw or repeated audit evidence preserved in R5 release assets,"[""R5 provenance/release assets""]",SOURCE_R5_MANIFEST_VERIFIED
reports/official_audit_3/llm_passes/01_authority_reconstruction.md,16ab661d0e89d6dc34ae465b1397d5e8fc569d4b24811289bd5052b70241a848,622,REPORT_OR_MACHINE_EVIDENCE,RELEASE_ASSET_ONLY,,COPIED_BYTE_IDENTICAL,Preserved in the exact R5 archive; not required in the normal working tree,"[""R5 provenance/release assets""]",SOURCE_R5_MANIFEST_VERIFIED
reports/official_audit_3/llm_passes/02_implementation_evidence.md,6d7275248d6d754fe091463cda1c40c0f4a9ff4678d5aeb651ab7a749a4dde71,515,REPORT_OR_MACHINE_EVIDENCE,RELEASE_ASSET_ONLY,,COPIED_BYTE_IDENTICAL,Preserved in the exact R5 archive; not required in the normal working tree,"[""R5 provenance/release assets""]",SOURCE_R5_MANIFEST_VERIFIED
reports/official_audit_3/llm_passes/03_adversarial_red_team.md,138cbb14172b79516392d29c4c9cfe2d059ba628a7f0238601c263f661095347,552,REPORT_OR_MACHINE_EVIDENCE,RELEASE_ASSET_ONLY,,COPIED_BYTE_IDENTICAL,Preserved in the exact R5 archive; not required in the normal working tree,"[""R5 provenance/release assets""]",SOURCE_R5_MANIFEST_VERIFIED
reports/official_audit_3/llm_passes/04_gate_and_reproducibility.md,dd4b1a1825f07cd6be977b90e412f2929acfc1cfab136ec6770c87f3a2da4992,417,REPORT_OR_MACHINE_EVIDENCE,RELEASE_ASSET_ONLY,,COPIED_BYTE_IDENTICAL,Preserved in the exact R5 archive; not required in the normal working tree,"[""R5 provenance/release assets""]",SOURCE_R5_MANIFEST_VERIFIED
reports/official_audit_3/llm_passes/05_final_governance.md,12191d6e9f81fae526d6803fd39c75106bb5b8239159716e5e161e89a2e90000,445,REPORT_OR_MACHINE_EVIDENCE,RELEASE_ASSET_ONLY,,COPIED_BYTE_IDENTICAL,Preserved in the exact R5 archive; not required in the normal working tree,"[""R5 provenance/release assets""]",SOURCE_R5_MANIFEST_VERIFIED
reports/official_audit_3/phase_0_layers_8_to_10_official_audit_handoff_R2.yaml,6826beddd2b9c6033d6f7e1dc3250bb65b1268b75402b7c6194dd0575b2c77cf,2611,REPORT_OR_MACHINE_EVIDENCE,RELEASE_ASSET_ONLY,,COPIED_BYTE_IDENTICAL,Preserved in the exact R5 archive; not required in the normal working tree,"[""R5 provenance/release assets""]",SOURCE_R5_MANIFEST_VERIFIED
reports/official_audit_3/phase_0_layers_8_to_10_official_audit_handoff_R3_NO_EXTERNAL_CI_GATE.yaml,d35b0ae1ec39ca8740394c42258f84c4b4d02bf5990e326aebc59fc781fb012c,2784,REPORT_OR_MACHINE_EVIDENCE,RELEASE_ASSET_ONLY,,COPIED_BYTE_IDENTICAL,Preserved in the exact R5 archive; not required in the normal working tree,"[""R5 provenance/release assets""]",SOURCE_R5_MANIFEST_VERIFIED
reports/official_audit_3/phase_0_layers_8_to_10_official_audit_handoff_R4_LOCAL_CURRENT.yaml,6ae74d3bfa732be2e71d77054ac2dde1181c2546661ba427ac7ac3361eb10ec1,1579,REPORT_OR_MACHINE_EVIDENCE,MAIN_TREE_DIRECT,reports/official_audit_3/phase_0_layers_8_to_10_official_audit_handoff_R4_LOCAL_CURRENT.yaml,COPIED_BYTE_IDENTICAL,Required current reviewer-facing or runtime file,"[""main-tree reviewer/runtime""]",SOURCE_R5_MANIFEST_VERIFIED; DESTINATION_VERIFIED
reports/phase_00/Phase_0_Final_Implementation_Finalization_Report_R1.md,a6dbf4d387541ef86dfb32fa3735719f9ddf29bdbba0919020b3d74f0d8e8f48,17383,REPORT_OR_MACHINE_EVIDENCE,RELEASE_ASSET_ONLY,,COPIED_BYTE_IDENTICAL,Preserved in the exact R5 archive; not required in the normal working tree,"[""R5 provenance/release assets""]",SOURCE_R5_MANIFEST_VERIFIED
reports/phase_00/audit_readiness_handoff_R1_SUPERSEDED.yaml,ac40409c602a1c217bd54e0d3dceec08c5aecfd54c091321b0ce9b235938af5b,1591,REPORT_OR_MACHINE_EVIDENCE,RELEASE_ASSET_ONLY,,COPIED_BYTE_IDENTICAL,Preserved in the exact R5 archive; not required in the normal working tree,"[""R5 provenance/release assets""]",SOURCE_R5_MANIFEST_VERIFIED
reports/phase_00/audit_readiness_handoff_R2.yaml,b90fe667e5dda2c00d11df071487e3abc1ae295cac14e765b42eb9891fa0a8e2,2427,REPORT_OR_MACHINE_EVIDENCE,RELEASE_ASSET_ONLY,,COPIED_BYTE_IDENTICAL,Preserved in the exact R5 archive; not required in the normal working tree,"[""R5 provenance/release assets""]",SOURCE_R5_MANIFEST_VERIFIED
reports/phase_00/audit_readiness_handoff_R3.yaml,1c3641598b57fec3e870c5e4b5359cb2f98debdda3fd59ea001b5c686a9577d9,2483,REPORT_OR_MACHINE_EVIDENCE,RELEASE_ASSET_ONLY,,COPIED_BYTE_IDENTICAL,Preserved in the exact R5 archive; not required in the normal working tree,"[""R5 provenance/release assets""]",SOURCE_R5_MANIFEST_VERIFIED
reports/phase_00/failed_evidence/local_clean_reproduction_round1_environment_isolation.txt,071d95078bb22f458af9e61e29cbace08cc28d4e94e09090ebc37b4da5455595,363,REPORT_OR_MACHINE_EVIDENCE,EXCLUDED_RAW_AUDIT,,COPIED_BYTE_IDENTICAL,Raw or repeated audit evidence preserved in R5 release assets,"[""R5 provenance/release assets""]",SOURCE_R5_MANIFEST_VERIFIED
reports/phase_00/failed_evidence/local_first_ci_inprocess_stall.txt,f69db25696fbce02e205f6bcd7391b5a87d1e10234d16b6594a808edbbf884cb,793,REPORT_OR_MACHINE_EVIDENCE,EXCLUDED_RAW_AUDIT,,COPIED_BYTE_IDENTICAL,Raw or repeated audit evidence preserved in R5 release assets,"[""R5 provenance/release assets""]",SOURCE_R5_MANIFEST_VERIFIED
reports/phase_00/failed_evidence/local_first_ci_inprocess_stall_report.json,4707db69a54b09d592f2b6de9462a43d99bf854db979e07bf90b10c36b803df1,10109,REPORT_OR_MACHINE_EVIDENCE,EXCLUDED_RAW_AUDIT,,COPIED_BYTE_IDENTICAL,Raw or repeated audit evidence preserved in R5 release assets,"[""R5 provenance/release assets""]",SOURCE_R5_MANIFEST_VERIFIED
reports/phase_00/failed_evidence/local_first_ci_subprocess_pipe_stall_report.json,fdf194ed47eea9206490ae5311ae466c836739afcd03a69e367dfb2f849d00d8,5554,REPORT_OR_MACHINE_EVIDENCE,EXCLUDED_RAW_AUDIT,,COPIED_BYTE_IDENTICAL,Raw or repeated audit evidence preserved in R5 release assets,"[""R5 provenance/release assets""]",SOURCE_R5_MANIFEST_VERIFIED
reports/phase_00/failed_evidence/local_first_static_check_round_absolute_path_sanitizer.json,4acafb4fee77d6916f894dbb51d7718633a33dfc1c44bc48c78d34ef405b7c8e,282,REPORT_OR_MACHINE_EVIDENCE,EXCLUDED_RAW_AUDIT,,COPIED_BYTE_IDENTICAL,Raw or repeated audit evidence preserved in R5 release assets,"[""R5 provenance/release assets""]",SOURCE_R5_MANIFEST_VERIFIED
reports/phase_00/failed_evidence/local_first_uv_lock_attempt_stderr.txt,dd8522a1bab6ca6f7a89330d18dfe5ac59a9fe0a91ac8ac9f82f9aac8a050d73,429,REPORT_OR_MACHINE_EVIDENCE,EXCLUDED_RAW_AUDIT,,COPIED_BYTE_IDENTICAL,Raw or repeated audit evidence preserved in R5 release assets,"[""R5 provenance/release assets""]",SOURCE_R5_MANIFEST_VERIFIED
reports/phase_00/failed_evidence/local_first_uv_lock_attempt_stdout.txt,e3b0c44298fc1c149afbf4c8996fb92427ae41e4649b934ca495991b7852b855,0,REPORT_OR_MACHINE_EVIDENCE,EXCLUDED_RAW_AUDIT,,COPIED_BYTE_IDENTICAL,Raw or repeated audit evidence preserved in R5 release assets,"[""R5 provenance/release assets""]",SOURCE_R5_MANIFEST_VERIFIED
reports/phase_00/failed_evidence/local_first_zip_round_stale_package_manifest.json,673d4de31abcd3a4b7d5b0da9854df19439edf6f7313e06fb7b119034ccc15da,352,REPORT_OR_MACHINE_EVIDENCE,EXCLUDED_RAW_AUDIT,,COPIED_BYTE_IDENTICAL,Raw or repeated audit evidence preserved in R5 release assets,"[""R5 provenance/release assets""]",SOURCE_R5_MANIFEST_VERIFIED
reports/phase_00/final_ci_reproduction_report_R1.json,95eee4deeba65d55f2fa00282f40ddd28b334b7b2491399be1e0d3928f3979d1,2081,REPORT_OR_MACHINE_EVIDENCE,RELEASE_ASSET_ONLY,,COPIED_BYTE_IDENTICAL,Preserved in the exact R5 archive; not required in the normal working tree,"[""R5 provenance/release assets""]",SOURCE_R5_MANIFEST_VERIFIED
reports/phase_00/final_ci_reproduction_report_R1.md,5a7e0fa8c503ce4396ce1f2690f6b385af282300aefa56593081a5d0e69d5ff9,678,REPORT_OR_MACHINE_EVIDENCE,RELEASE_ASSET_ONLY,,COPIED_BYTE_IDENTICAL,Preserved in the exact R5 archive; not required in the normal working tree,"[""R5 provenance/release assets""]",SOURCE_R5_MANIFEST_VERIFIED
reports/phase_00/final_ci_reproduction_report_R2.json,6816b20e7a39ef46f3f78b763dfc677308809cb85ef97c1dbe3719f0c8a63fdb,1646,REPORT_OR_MACHINE_EVIDENCE,RELEASE_ASSET_ONLY,,COPIED_BYTE_IDENTICAL,Preserved in the exact R5 archive; not required in the normal working tree,"[""R5 provenance/release assets""]",SOURCE_R5_MANIFEST_VERIFIED
reports/phase_00/final_clean_reproduction_report_R1.json,59a4647277a00f61b9dd3f36bc654cf459f0e902fae4ca721b6df3aba765d649,841,REPORT_OR_MACHINE_EVIDENCE,RELEASE_ASSET_ONLY,,COPIED_BYTE_IDENTICAL,Preserved in the exact R5 archive; not required in the normal working tree,"[""R5 provenance/release assets""]",SOURCE_R5_MANIFEST_VERIFIED
reports/phase_00/final_gate_decisions_R2.yaml,b1680fda54e176d916fbab5ee096fb89f6767f84f3c9105bfeb7607b0c5bc7bf,6095,REPORT_OR_MACHINE_EVIDENCE,RELEASE_ASSET_ONLY,,COPIED_BYTE_IDENTICAL,Preserved in the exact R5 archive; not required in the normal working tree,"[""R5 provenance/release assets""]",SOURCE_R5_MANIFEST_VERIFIED
reports/phase_00/final_gate_decisions_R3.yaml,84f9e4794a91d14a150a73ccea2a5ec21e6927249418edbd0adb3c92f3a7cf5a,5498,REPORT_OR_MACHINE_EVIDENCE,RELEASE_ASSET_ONLY,,COPIED_BYTE_IDENTICAL,Preserved in the exact R5 archive; not required in the normal working tree,"[""R5 provenance/release assets""]",SOURCE_R5_MANIFEST_VERIFIED
reports/phase_00/final_gate_decisions_R4.yaml,c6a2aca5b836b3a4bbade9c006d57a6f372bf9e26f1989b6d6419d3e1466c4ce,5486,REPORT_OR_MACHINE_EVIDENCE,RELEASE_ASSET_ONLY,,COPIED_BYTE_IDENTICAL,Preserved in the exact R5 archive; not required in the normal working tree,"[""R5 provenance/release assets""]",SOURCE_R5_MANIFEST_VERIFIED
reports/phase_00/final_implementation_audit_deterministic_summary_R1.json,931ac5274b5b857c24e5014e29db62b5da24cdaf4b8cd9b7fece10d39989f0a7,812,REPORT_OR_MACHINE_EVIDENCE,RELEASE_ASSET_ONLY,,COPIED_BYTE_IDENTICAL,Preserved in the exact R5 archive; not required in the normal working tree,"[""R5 provenance/release assets""]",SOURCE_R5_MANIFEST_VERIFIED
reports/phase_00/final_implementation_audit_deterministic_summary_R3.json,a321f48da26f904c76ec632499638d4c9cfed0cfb6a33f71b41e1177bc75d7c1,931,REPORT_OR_MACHINE_EVIDENCE,RELEASE_ASSET_ONLY,,COPIED_BYTE_IDENTICAL,Preserved in the exact R5 archive; not required in the normal working tree,"[""R5 provenance/release assets""]",SOURCE_R5_MANIFEST_VERIFIED
reports/phase_00/final_implementation_audit_deterministic_summary_R4.json,c978a6033558fcdaca24f605412c917f6e5cedc42893613fbd99a114e1925194,1050,REPORT_OR_MACHINE_EVIDENCE,MAIN_TREE_DIRECT,reports/phase_00/final_implementation_audit_deterministic_summary_R4.json,COPIED_BYTE_IDENTICAL,Required current reviewer-facing or runtime file,"[""main-tree reviewer/runtime""]",SOURCE_R5_MANIFEST_VERIFIED; DESTINATION_VERIFIED
reports/phase_00/final_implementation_conformance_report_R1.json,ec6b117b41dedb64557cbdb8b2bb79bf5923ff0ff3861b13cdbd620c22b65581,1703,REPORT_OR_MACHINE_EVIDENCE,RELEASE_ASSET_ONLY,,COPIED_BYTE_IDENTICAL,Preserved in the exact R5 archive; not required in the normal working tree,"[""R5 provenance/release assets""]",SOURCE_R5_MANIFEST_VERIFIED
reports/phase_00/final_implementation_conformance_report_R1.md,660611e8a1b0dbf872dd968cebc15e57b43bd20b6530b16f4f20f5439925b6ce,600,REPORT_OR_MACHINE_EVIDENCE,RELEASE_ASSET_ONLY,,COPIED_BYTE_IDENTICAL,Preserved in the exact R5 archive; not required in the normal working tree,"[""R5 provenance/release assets""]",SOURCE_R5_MANIFEST_VERIFIED
reports/phase_00/final_implementation_conformance_report_R2.json,a24b8aa4b8768a4a7cceb7cfafe7176f4703135dbbe4ec4a0f3aa837743210c6,1764,REPORT_OR_MACHINE_EVIDENCE,RELEASE_ASSET_ONLY,,COPIED_BYTE_IDENTICAL,Preserved in the exact R5 archive; not required in the normal working tree,"[""R5 provenance/release assets""]",SOURCE_R5_MANIFEST_VERIFIED
reports/phase_00/final_integration_report_R1.json,8511c6d359a564e1a20f11c3b8f449d90cfb81a2549a9d78e48cd4cf4d12a863,2221,REPORT_OR_MACHINE_EVIDENCE,RELEASE_ASSET_ONLY,,COPIED_BYTE_IDENTICAL,Preserved in the exact R5 archive; not required in the normal working tree,"[""R5 provenance/release assets""]",SOURCE_R5_MANIFEST_VERIFIED
reports/phase_00/final_integration_report_R1.md,ab5f3e66cee6183e37d9ffe712b4d670a16f30fe484f619831d575097aee9305,1405,REPORT_OR_MACHINE_EVIDENCE,RELEASE_ASSET_ONLY,,COPIED_BYTE_IDENTICAL,Preserved in the exact R5 archive; not required in the normal working tree,"[""R5 provenance/release assets""]",SOURCE_R5_MANIFEST_VERIFIED
reports/phase_00/final_local_ci_report_R1.json,4940fc2a98e8fe908ce8ba54a9497c1ec77421e55cdaf60f75e17837acfdd9da,1920,REPORT_OR_MACHINE_EVIDENCE,RELEASE_ASSET_ONLY,,COPIED_BYTE_IDENTICAL,Preserved in the exact R5 archive; not required in the normal working tree,"[""R5 provenance/release assets""]",SOURCE_R5_MANIFEST_VERIFIED
reports/phase_00/final_local_ci_report_R3.json,b27ce4ab56110f0221913f7a1335f1fb926c0eb50cefa9711e1b4a64a1a7cc12,11532,REPORT_OR_MACHINE_EVIDENCE,RELEASE_ASSET_ONLY,,COPIED_BYTE_IDENTICAL,Preserved in the exact R5 archive; not required in the normal working tree,"[""R5 provenance/release assets""]",SOURCE_R5_MANIFEST_VERIFIED
reports/phase_00/final_local_ci_report_local_first_R1.json,b86e74d85533acdacf82b1eca918ab572cb74578b59ac7ae40e53be025bd5f08,15215,REPORT_OR_MACHINE_EVIDENCE,RELEASE_ASSET_ONLY,,COPIED_BYTE_IDENTICAL,Preserved in the exact R5 archive; not required in the normal working tree,"[""R5 provenance/release assets""]",SOURCE_R5_MANIFEST_VERIFIED
reports/phase_00/gate_decisions_R1.yaml,0576c19ebdac8fb640c9b5632a511779a2a72db95807db45f06b9f523a9acbfc,2861,REPORT_OR_MACHINE_EVIDENCE,RELEASE_ASSET_ONLY,,COPIED_BYTE_IDENTICAL,Preserved in the exact R5 archive; not required in the normal working tree,"[""R5 provenance/release assets""]",SOURCE_R5_MANIFEST_VERIFIED
reports/phase_00/local_ci_logs_R1/01_stderr.log,e3b0c44298fc1c149afbf4c8996fb92427ae41e4649b934ca495991b7852b855,0,REPORT_OR_MACHINE_EVIDENCE,EXCLUDED_RAW_AUDIT,,COPIED_BYTE_IDENTICAL,Raw or repeated audit evidence preserved in R5 release assets,"[""R5 provenance/release assets""]",SOURCE_R5_MANIFEST_VERIFIED
reports/phase_00/local_ci_logs_R1/01_stdout.log,63ea25b9cddffcb34c4ce7949fa98cc1e595ab9286553238ed27f82da993fa81,176,REPORT_OR_MACHINE_EVIDENCE,EXCLUDED_RAW_AUDIT,,COPIED_BYTE_IDENTICAL,Raw or repeated audit evidence preserved in R5 release assets,"[""R5 provenance/release assets""]",SOURCE_R5_MANIFEST_VERIFIED
reports/phase_00/local_ci_logs_R1/02_stderr.log,e3b0c44298fc1c149afbf4c8996fb92427ae41e4649b934ca495991b7852b855,0,REPORT_OR_MACHINE_EVIDENCE,EXCLUDED_RAW_AUDIT,,COPIED_BYTE_IDENTICAL,Raw or repeated audit evidence preserved in R5 release assets,"[""R5 provenance/release assets""]",SOURCE_R5_MANIFEST_VERIFIED
reports/phase_00/local_ci_logs_R1/02_stdout.log,30a693bcdca90a11a4a27ccf0f44380bef88c78af8005085fc3e3260ae77ff44,362,REPORT_OR_MACHINE_EVIDENCE,EXCLUDED_RAW_AUDIT,,COPIED_BYTE_IDENTICAL,Raw or repeated audit evidence preserved in R5 release assets,"[""R5 provenance/release assets""]",SOURCE_R5_MANIFEST_VERIFIED
reports/phase_00/local_ci_logs_R1/03_stderr.log,e3b0c44298fc1c149afbf4c8996fb92427ae41e4649b934ca495991b7852b855,0,REPORT_OR_MACHINE_EVIDENCE,EXCLUDED_RAW_AUDIT,,COPIED_BYTE_IDENTICAL,Raw or repeated audit evidence preserved in R5 release assets,"[""R5 provenance/release assets""]",SOURCE_R5_MANIFEST_VERIFIED
reports/phase_00/local_ci_logs_R1/03_stdout.log,ec95f33c55ec2af671b0af8ebf54ef1a2ec2f5edb773851dae2cadba8579276b,100,REPORT_OR_MACHINE_EVIDENCE,EXCLUDED_RAW_AUDIT,,COPIED_BYTE_IDENTICAL,Raw or repeated audit evidence preserved in R5 release assets,"[""R5 provenance/release assets""]",SOURCE_R5_MANIFEST_VERIFIED
reports/phase_00/local_ci_logs_R1/04_stderr.log,e3b0c44298fc1c149afbf4c8996fb92427ae41e4649b934ca495991b7852b855,0,REPORT_OR_MACHINE_EVIDENCE,EXCLUDED_RAW_AUDIT,,COPIED_BYTE_IDENTICAL,Raw or repeated audit evidence preserved in R5 release assets,"[""R5 provenance/release assets""]",SOURCE_R5_MANIFEST_VERIFIED
reports/phase_00/local_ci_logs_R1/04_stdout.log,22bd1918facdf74778b28649c2e124c2b973dddeb03b305d500e32ea0badca23,173,REPORT_OR_MACHINE_EVIDENCE,EXCLUDED_RAW_AUDIT,,COPIED_BYTE_IDENTICAL,Raw or repeated audit evidence preserved in R5 release assets,"[""R5 provenance/release assets""]",SOURCE_R5_MANIFEST_VERIFIED
reports/phase_00/local_ci_logs_R1/05_stderr.log,e3b0c44298fc1c149afbf4c8996fb92427ae41e4649b934ca495991b7852b855,0,REPORT_OR_MACHINE_EVIDENCE,EXCLUDED_RAW_AUDIT,,COPIED_BYTE_IDENTICAL,Raw or repeated audit evidence preserved in R5 release assets,"[""R5 provenance/release assets""]",SOURCE_R5_MANIFEST_VERIFIED
reports/phase_00/local_ci_logs_R1/05_stdout.log,e420082a385dab9cd401fa0886f630522ccb7c8e560c4d7dd07e8c4d192207d1,1050,REPORT_OR_MACHINE_EVIDENCE,EXCLUDED_RAW_AUDIT,,COPIED_BYTE_IDENTICAL,Raw or repeated audit evidence preserved in R5 release assets,"[""R5 provenance/release assets""]",SOURCE_R5_MANIFEST_VERIFIED
reports/phase_00/local_ci_logs_R1/06_stderr.log,e3b0c44298fc1c149afbf4c8996fb92427ae41e4649b934ca495991b7852b855,0,REPORT_OR_MACHINE_EVIDENCE,EXCLUDED_RAW_AUDIT,,COPIED_BYTE_IDENTICAL,Raw or repeated audit evidence preserved in R5 release assets,"[""R5 provenance/release assets""]",SOURCE_R5_MANIFEST_VERIFIED
reports/phase_00/local_ci_logs_R1/06_stdout.log,9c9b93e3b13cd0c78ad3dbfb5a6a706a1741ced08ad6848c2b36e09025365f1e,1367,REPORT_OR_MACHINE_EVIDENCE,EXCLUDED_RAW_AUDIT,,COPIED_BYTE_IDENTICAL,Raw or repeated audit evidence preserved in R5 release assets,"[""R5 provenance/release assets""]",SOURCE_R5_MANIFEST_VERIFIED
reports/phase_00/local_ci_logs_R1/07_stderr.log,e3b0c44298fc1c149afbf4c8996fb92427ae41e4649b934ca495991b7852b855,0,REPORT_OR_MACHINE_EVIDENCE,EXCLUDED_RAW_AUDIT,,COPIED_BYTE_IDENTICAL,Raw or repeated audit evidence preserved in R5 release assets,"[""R5 provenance/release assets""]",SOURCE_R5_MANIFEST_VERIFIED
reports/phase_00/local_ci_logs_R1/07_stdout.log,e3b0c44298fc1c149afbf4c8996fb92427ae41e4649b934ca495991b7852b855,0,REPORT_OR_MACHINE_EVIDENCE,EXCLUDED_RAW_AUDIT,,COPIED_BYTE_IDENTICAL,Raw or repeated audit evidence preserved in R5 release assets,"[""R5 provenance/release assets""]",SOURCE_R5_MANIFEST_VERIFIED
reports/phase_00/local_ci_logs_R3/01_verify-runtime-lock_stderr.log,e3b0c44298fc1c149afbf4c8996fb92427ae41e4649b934ca495991b7852b855,0,REPORT_OR_MACHINE_EVIDENCE,EXCLUDED_RAW_AUDIT,,COPIED_BYTE_IDENTICAL,Raw or repeated audit evidence preserved in R5 release assets,"[""R5 provenance/release assets""]",SOURCE_R5_MANIFEST_VERIFIED
reports/phase_00/local_ci_logs_R3/01_verify-runtime-lock_stdout.log,63ea25b9cddffcb34c4ce7949fa98cc1e595ab9286553238ed27f82da993fa81,176,REPORT_OR_MACHINE_EVIDENCE,EXCLUDED_RAW_AUDIT,,COPIED_BYTE_IDENTICAL,Raw or repeated audit evidence preserved in R5 release assets,"[""R5 provenance/release assets""]",SOURCE_R5_MANIFEST_VERIFIED
reports/phase_00/local_ci_logs_R3/02_verify-uv-lock-fail-closed_stderr.log,e3b0c44298fc1c149afbf4c8996fb92427ae41e4649b934ca495991b7852b855,0,REPORT_OR_MACHINE_EVIDENCE,EXCLUDED_RAW_AUDIT,,COPIED_BYTE_IDENTICAL,Raw or repeated audit evidence preserved in R5 release assets,"[""R5 provenance/release assets""]",SOURCE_R5_MANIFEST_VERIFIED
reports/phase_00/local_ci_logs_R3/02_verify-uv-lock-fail-closed_stdout.log,30a693bcdca90a11a4a27ccf0f44380bef88c78af8005085fc3e3260ae77ff44,362,REPORT_OR_MACHINE_EVIDENCE,EXCLUDED_RAW_AUDIT,,COPIED_BYTE_IDENTICAL,Raw or repeated audit evidence preserved in R5 release assets,"[""R5 provenance/release assets""]",SOURCE_R5_MANIFEST_VERIFIED
reports/phase_00/local_ci_logs_R3/03_pytest_stderr.log,e3b0c44298fc1c149afbf4c8996fb92427ae41e4649b934ca495991b7852b855,0,REPORT_OR_MACHINE_EVIDENCE,EXCLUDED_RAW_AUDIT,,COPIED_BYTE_IDENTICAL,Raw or repeated audit evidence preserved in R5 release assets,"[""R5 provenance/release assets""]",SOURCE_R5_MANIFEST_VERIFIED
reports/phase_00/local_ci_logs_R3/03_pytest_stdout.log,c1a38908fc881b3c97f6f68fb3e9bbcc389e405101dcda209d0cb44c64721845,100,REPORT_OR_MACHINE_EVIDENCE,EXCLUDED_RAW_AUDIT,,COPIED_BYTE_IDENTICAL,Raw or repeated audit evidence preserved in R5 release assets,"[""R5 provenance/release assets""]",SOURCE_R5_MANIFEST_VERIFIED
reports/phase_00/local_ci_logs_R3/04_phase0-conformance_stderr.log,e3b0c44298fc1c149afbf4c8996fb92427ae41e4649b934ca495991b7852b855,0,REPORT_OR_MACHINE_EVIDENCE,EXCLUDED_RAW_AUDIT,,COPIED_BYTE_IDENTICAL,Raw or repeated audit evidence preserved in R5 release assets,"[""R5 provenance/release assets""]",SOURCE_R5_MANIFEST_VERIFIED
reports/phase_00/local_ci_logs_R3/04_phase0-conformance_stdout.log,22bd1918facdf74778b28649c2e124c2b973dddeb03b305d500e32ea0badca23,173,REPORT_OR_MACHINE_EVIDENCE,EXCLUDED_RAW_AUDIT,,COPIED_BYTE_IDENTICAL,Raw or repeated audit evidence preserved in R5 release assets,"[""R5 provenance/release assets""]",SOURCE_R5_MANIFEST_VERIFIED
reports/phase_00/local_ci_logs_R3/05_official-audit-1_stderr.log,e3b0c44298fc1c149afbf4c8996fb92427ae41e4649b934ca495991b7852b855,0,REPORT_OR_MACHINE_EVIDENCE,EXCLUDED_RAW_AUDIT,,COPIED_BYTE_IDENTICAL,Raw or repeated audit evidence preserved in R5 release assets,"[""R5 provenance/release assets""]",SOURCE_R5_MANIFEST_VERIFIED
reports/phase_00/local_ci_logs_R3/05_official-audit-1_stdout.log,124b4a7e39b07deee891e7c788da6de96692ebd33a5222c2498ec2e62c6815d1,1050,REPORT_OR_MACHINE_EVIDENCE,EXCLUDED_RAW_AUDIT,,COPIED_BYTE_IDENTICAL,Raw or repeated audit evidence preserved in R5 release assets,"[""R5 provenance/release assets""]",SOURCE_R5_MANIFEST_VERIFIED
reports/phase_00/local_ci_logs_R3/06_official-audit-2_stderr.log,e3b0c44298fc1c149afbf4c8996fb92427ae41e4649b934ca495991b7852b855,0,REPORT_OR_MACHINE_EVIDENCE,EXCLUDED_RAW_AUDIT,,COPIED_BYTE_IDENTICAL,Raw or repeated audit evidence preserved in R5 release assets,"[""R5 provenance/release assets""]",SOURCE_R5_MANIFEST_VERIFIED
reports/phase_00/local_ci_logs_R3/06_official-audit-2_stdout.log,adf4261e1ef913de2daf2d1d9cddef308e27117e49d350846c630a4b9b7056be,1367,REPORT_OR_MACHINE_EVIDENCE,EXCLUDED_RAW_AUDIT,,COPIED_BYTE_IDENTICAL,Raw or repeated audit evidence preserved in R5 release assets,"[""R5 provenance/release assets""]",SOURCE_R5_MANIFEST_VERIFIED
reports/phase_00/local_ci_logs_R3/07_official-audit-3_stderr.log,e3b0c44298fc1c149afbf4c8996fb92427ae41e4649b934ca495991b7852b855,0,REPORT_OR_MACHINE_EVIDENCE,EXCLUDED_RAW_AUDIT,,COPIED_BYTE_IDENTICAL,Raw or repeated audit evidence preserved in R5 release assets,"[""R5 provenance/release assets""]",SOURCE_R5_MANIFEST_VERIFIED
reports/phase_00/local_ci_logs_R3/07_official-audit-3_stdout.log,5b2743269a8e47c5701af82032685c3cc0ee91132a0eb4ed4431148397b8602a,1755,REPORT_OR_MACHINE_EVIDENCE,EXCLUDED_RAW_AUDIT,,COPIED_BYTE_IDENTICAL,Raw or repeated audit evidence preserved in R5 release assets,"[""R5 provenance/release assets""]",SOURCE_R5_MANIFEST_VERIFIED
reports/phase_00/local_ci_logs_R3/08_final-implementation-audit_stderr.log,e3b0c44298fc1c149afbf4c8996fb92427ae41e4649b934ca495991b7852b855,0,REPORT_OR_MACHINE_EVIDENCE,EXCLUDED_RAW_AUDIT,,COPIED_BYTE_IDENTICAL,Raw or repeated audit evidence preserved in R5 release assets,"[""R5 provenance/release assets""]",SOURCE_R5_MANIFEST_VERIFIED
reports/phase_00/local_ci_logs_R3/08_final-implementation-audit_stdout.log,a321f48da26f904c76ec632499638d4c9cfed0cfb6a33f71b41e1177bc75d7c1,931,REPORT_OR_MACHINE_EVIDENCE,EXCLUDED_RAW_AUDIT,,COPIED_BYTE_IDENTICAL,Raw or repeated audit evidence preserved in R5 release assets,"[""R5 provenance/release assets""]",SOURCE_R5_MANIFEST_VERIFIED
reports/phase_00/local_ci_logs_R3/09_manifest-regenerate_stderr.log,e3b0c44298fc1c149afbf4c8996fb92427ae41e4649b934ca495991b7852b855,0,REPORT_OR_MACHINE_EVIDENCE,EXCLUDED_RAW_AUDIT,,COPIED_BYTE_IDENTICAL,Raw or repeated audit evidence preserved in R5 release assets,"[""R5 provenance/release assets""]",SOURCE_R5_MANIFEST_VERIFIED
reports/phase_00/local_ci_logs_R3/09_manifest-regenerate_stdout.log,e3b0c44298fc1c149afbf4c8996fb92427ae41e4649b934ca495991b7852b855,0,REPORT_OR_MACHINE_EVIDENCE,EXCLUDED_RAW_AUDIT,,COPIED_BYTE_IDENTICAL,Raw or repeated audit evidence preserved in R5 release assets,"[""R5 provenance/release assets""]",SOURCE_R5_MANIFEST_VERIFIED
reports/phase_00/local_ci_logs_R3/10_manifest-check_stderr.log,e3b0c44298fc1c149afbf4c8996fb92427ae41e4649b934ca495991b7852b855,0,REPORT_OR_MACHINE_EVIDENCE,EXCLUDED_RAW_AUDIT,,COPIED_BYTE_IDENTICAL,Raw or repeated audit evidence preserved in R5 release assets,"[""R5 provenance/release assets""]",SOURCE_R5_MANIFEST_VERIFIED
reports/phase_00/local_ci_logs_R3/10_manifest-check_stdout.log,f3aae22a3e8414c46780566f7179d9a2c7b515312b7d82e54270f2bfdf6cf1a2,15,REPORT_OR_MACHINE_EVIDENCE,EXCLUDED_RAW_AUDIT,,COPIED_BYTE_IDENTICAL,Raw or repeated audit evidence preserved in R5 release assets,"[""R5 provenance/release assets""]",SOURCE_R5_MANIFEST_VERIFIED
reports/phase_00/local_ci_logs_local_first_R1/01_verify-runtime-lock_stderr.log,e3b0c44298fc1c149afbf4c8996fb92427ae41e4649b934ca495991b7852b855,0,REPORT_OR_MACHINE_EVIDENCE,EXCLUDED_RAW_AUDIT,,COPIED_BYTE_IDENTICAL,Raw or repeated audit evidence preserved in R5 release assets,"[""R5 provenance/release assets""]",SOURCE_R5_MANIFEST_VERIFIED
reports/phase_00/local_ci_logs_local_first_R1/01_verify-runtime-lock_stdout.log,f75fa839da163bc36e0db9cdf8909441b2eab7847e8a2568c2464f1be83bd9a1,162,REPORT_OR_MACHINE_EVIDENCE,EXCLUDED_RAW_AUDIT,,COPIED_BYTE_IDENTICAL,Raw or repeated audit evidence preserved in R5 release assets,"[""R5 provenance/release assets""]",SOURCE_R5_MANIFEST_VERIFIED
reports/phase_00/local_ci_logs_local_first_R1/02_verify-uv-lock-truthful-status_stderr.log,e3b0c44298fc1c149afbf4c8996fb92427ae41e4649b934ca495991b7852b855,0,REPORT_OR_MACHINE_EVIDENCE,EXCLUDED_RAW_AUDIT,,COPIED_BYTE_IDENTICAL,Raw or repeated audit evidence preserved in R5 release assets,"[""R5 provenance/release assets""]",SOURCE_R5_MANIFEST_VERIFIED
reports/phase_00/local_ci_logs_local_first_R1/02_verify-uv-lock-truthful-status_stdout.log,bc6756d9691cd93072a653710462192a53229c769679a80179cc35b2beffecd6,348,REPORT_OR_MACHINE_EVIDENCE,EXCLUDED_RAW_AUDIT,,COPIED_BYTE_IDENTICAL,Raw or repeated audit evidence preserved in R5 release assets,"[""R5 provenance/release assets""]",SOURCE_R5_MANIFEST_VERIFIED
reports/phase_00/local_ci_logs_local_first_R1/03_static-checks_stderr.log,e3b0c44298fc1c149afbf4c8996fb92427ae41e4649b934ca495991b7852b855,0,REPORT_OR_MACHINE_EVIDENCE,EXCLUDED_RAW_AUDIT,,COPIED_BYTE_IDENTICAL,Raw or repeated audit evidence preserved in R5 release assets,"[""R5 provenance/release assets""]",SOURCE_R5_MANIFEST_VERIFIED
reports/phase_00/local_ci_logs_local_first_R1/03_static-checks_stdout.log,a33d02b2eb54fba3a38e1106bcff64daf4b01b9e440a92d20c4e32e958b3335b,215,REPORT_OR_MACHINE_EVIDENCE,EXCLUDED_RAW_AUDIT,,COPIED_BYTE_IDENTICAL,Raw or repeated audit evidence preserved in R5 release assets,"[""R5 provenance/release assets""]",SOURCE_R5_MANIFEST_VERIFIED
reports/phase_00/local_ci_logs_local_first_R1/04_pytest_stderr.log,e3b0c44298fc1c149afbf4c8996fb92427ae41e4649b934ca495991b7852b855,0,REPORT_OR_MACHINE_EVIDENCE,EXCLUDED_RAW_AUDIT,,COPIED_BYTE_IDENTICAL,Raw or repeated audit evidence preserved in R5 release assets,"[""R5 provenance/release assets""]",SOURCE_R5_MANIFEST_VERIFIED
reports/phase_00/local_ci_logs_local_first_R1/04_pytest_stdout.log,2a5d0ba5bf49807b29b691be1c3b9def146bf86741944dd15788dfd1af323ddb,261,REPORT_OR_MACHINE_EVIDENCE,EXCLUDED_RAW_AUDIT,,COPIED_BYTE_IDENTICAL,Raw or repeated audit evidence preserved in R5 release assets,"[""R5 provenance/release assets""]",SOURCE_R5_MANIFEST_VERIFIED
reports/phase_00/local_ci_logs_local_first_R1/05_phase0-conformance_stderr.log,e3b0c44298fc1c149afbf4c8996fb92427ae41e4649b934ca495991b7852b855,0,REPORT_OR_MACHINE_EVIDENCE,EXCLUDED_RAW_AUDIT,,COPIED_BYTE_IDENTICAL,Raw or repeated audit evidence preserved in R5 release assets,"[""R5 provenance/release assets""]",SOURCE_R5_MANIFEST_VERIFIED
reports/phase_00/local_ci_logs_local_first_R1/05_phase0-conformance_stdout.log,768a0f64cb28257d38b478addb76e9aab5f51ef005ddc164ba37489a918435af,164,REPORT_OR_MACHINE_EVIDENCE,EXCLUDED_RAW_AUDIT,,COPIED_BYTE_IDENTICAL,Raw or repeated audit evidence preserved in R5 release assets,"[""R5 provenance/release assets""]",SOURCE_R5_MANIFEST_VERIFIED
reports/phase_00/local_ci_logs_local_first_R1/06_official-audit-1_stderr.log,e3b0c44298fc1c149afbf4c8996fb92427ae41e4649b934ca495991b7852b855,0,REPORT_OR_MACHINE_EVIDENCE,EXCLUDED_RAW_AUDIT,,COPIED_BYTE_IDENTICAL,Raw or repeated audit evidence preserved in R5 release assets,"[""R5 provenance/release assets""]",SOURCE_R5_MANIFEST_VERIFIED
reports/phase_00/local_ci_logs_local_first_R1/06_official-audit-1_stdout.log,1b4639f79326060aa2db33ec6570e3b3fabc1aedc44c05562980103618a1fc93,1050,REPORT_OR_MACHINE_EVIDENCE,EXCLUDED_RAW_AUDIT,,COPIED_BYTE_IDENTICAL,Raw or repeated audit evidence preserved in R5 release assets,"[""R5 provenance/release assets""]",SOURCE_R5_MANIFEST_VERIFIED
reports/phase_00/local_ci_logs_local_first_R1/07_official-audit-2_stderr.log,e3b0c44298fc1c149afbf4c8996fb92427ae41e4649b934ca495991b7852b855,0,REPORT_OR_MACHINE_EVIDENCE,EXCLUDED_RAW_AUDIT,,COPIED_BYTE_IDENTICAL,Raw or repeated audit evidence preserved in R5 release assets,"[""R5 provenance/release assets""]",SOURCE_R5_MANIFEST_VERIFIED
reports/phase_00/local_ci_logs_local_first_R1/07_official-audit-2_stdout.log,55f79aa5f0ebf48a3ea192d697b152e4d740ede921de87c053a4aa7bb9c26df0,1367,REPORT_OR_MACHINE_EVIDENCE,EXCLUDED_RAW_AUDIT,,COPIED_BYTE_IDENTICAL,Raw or repeated audit evidence preserved in R5 release assets,"[""R5 provenance/release assets""]",SOURCE_R5_MANIFEST_VERIFIED
reports/phase_00/local_ci_logs_local_first_R1/08_official-audit-3_stderr.log,e3b0c44298fc1c149afbf4c8996fb92427ae41e4649b934ca495991b7852b855,0,REPORT_OR_MACHINE_EVIDENCE,EXCLUDED_RAW_AUDIT,,COPIED_BYTE_IDENTICAL,Raw or repeated audit evidence preserved in R5 release assets,"[""R5 provenance/release assets""]",SOURCE_R5_MANIFEST_VERIFIED
reports/phase_00/local_ci_logs_local_first_R1/08_official-audit-3_stdout.log,fc19a5ab72ff89847ed76ce98512ac9e65316d8620e7bbcff00659883a419aa6,1755,REPORT_OR_MACHINE_EVIDENCE,EXCLUDED_RAW_AUDIT,,COPIED_BYTE_IDENTICAL,Raw or repeated audit evidence preserved in R5 release assets,"[""R5 provenance/release assets""]",SOURCE_R5_MANIFEST_VERIFIED
reports/phase_00/local_ci_logs_local_first_R1/09_final-implementation-audit_stderr.log,e3b0c44298fc1c149afbf4c8996fb92427ae41e4649b934ca495991b7852b855,0,REPORT_OR_MACHINE_EVIDENCE,EXCLUDED_RAW_AUDIT,,COPIED_BYTE_IDENTICAL,Raw or repeated audit evidence preserved in R5 release assets,"[""R5 provenance/release assets""]",SOURCE_R5_MANIFEST_VERIFIED
reports/phase_00/local_ci_logs_local_first_R1/09_final-implementation-audit_stdout.log,a321f48da26f904c76ec632499638d4c9cfed0cfb6a33f71b41e1177bc75d7c1,931,REPORT_OR_MACHINE_EVIDENCE,EXCLUDED_RAW_AUDIT,,COPIED_BYTE_IDENTICAL,Raw or repeated audit evidence preserved in R5 release assets,"[""R5 provenance/release assets""]",SOURCE_R5_MANIFEST_VERIFIED
reports/phase_00/local_ci_logs_local_first_R1/10_local-first-finalization-audit_stderr.log,e3b0c44298fc1c149afbf4c8996fb92427ae41e4649b934ca495991b7852b855,0,REPORT_OR_MACHINE_EVIDENCE,EXCLUDED_RAW_AUDIT,,COPIED_BYTE_IDENTICAL,Raw or repeated audit evidence preserved in R5 release assets,"[""R5 provenance/release assets""]",SOURCE_R5_MANIFEST_VERIFIED
reports/phase_00/local_ci_logs_local_first_R1/10_local-first-finalization-audit_stdout.log,520c3a491e12c923cb402ec38f063df0e3dbe3eca391e751c79188c602727716,790,REPORT_OR_MACHINE_EVIDENCE,EXCLUDED_RAW_AUDIT,,COPIED_BYTE_IDENTICAL,Raw or repeated audit evidence preserved in R5 release assets,"[""R5 provenance/release assets""]",SOURCE_R5_MANIFEST_VERIFIED
reports/phase_00/local_ci_logs_local_first_R1/11_manifest-regenerate_stderr.log,e3b0c44298fc1c149afbf4c8996fb92427ae41e4649b934ca495991b7852b855,0,REPORT_OR_MACHINE_EVIDENCE,EXCLUDED_RAW_AUDIT,,COPIED_BYTE_IDENTICAL,Raw or repeated audit evidence preserved in R5 release assets,"[""R5 provenance/release assets""]",SOURCE_R5_MANIFEST_VERIFIED
reports/phase_00/local_ci_logs_local_first_R1/11_manifest-regenerate_stdout.log,e3b0c44298fc1c149afbf4c8996fb92427ae41e4649b934ca495991b7852b855,0,REPORT_OR_MACHINE_EVIDENCE,EXCLUDED_RAW_AUDIT,,COPIED_BYTE_IDENTICAL,Raw or repeated audit evidence preserved in R5 release assets,"[""R5 provenance/release assets""]",SOURCE_R5_MANIFEST_VERIFIED
reports/phase_00/local_ci_logs_local_first_R1/12_manifest-check_stderr.log,e3b0c44298fc1c149afbf4c8996fb92427ae41e4649b934ca495991b7852b855,0,REPORT_OR_MACHINE_EVIDENCE,EXCLUDED_RAW_AUDIT,,COPIED_BYTE_IDENTICAL,Raw or repeated audit evidence preserved in R5 release assets,"[""R5 provenance/release assets""]",SOURCE_R5_MANIFEST_VERIFIED
reports/phase_00/local_ci_logs_local_first_R1/12_manifest-check_stdout.log,f3aae22a3e8414c46780566f7179d9a2c7b515312b7d82e54270f2bfdf6cf1a2,15,REPORT_OR_MACHINE_EVIDENCE,EXCLUDED_RAW_AUDIT,,COPIED_BYTE_IDENTICAL,Raw or repeated audit evidence preserved in R5 release assets,"[""R5 provenance/release assets""]",SOURCE_R5_MANIFEST_VERIFIED
reports/phase_00/local_ci_logs_local_first_R1/step_results/01_verify-runtime-lock.json,9fcb4a561a82b3477f6b62fa044b50385a7c02350ab2e9c44fedbcc055db88e4,693,REPORT_OR_MACHINE_EVIDENCE,RELEASE_ASSET_ONLY,,COPIED_BYTE_IDENTICAL,Preserved in the exact R5 archive; not required in the normal working tree,"[""R5 provenance/release assets""]",SOURCE_R5_MANIFEST_VERIFIED
reports/phase_00/local_ci_logs_local_first_R1/step_results/02_verify-uv-lock-truthful-status.json,222f1d886412f0f30e55d3bde14054d995bfacd6d6f838074ca77b1fb536dd6c,980,REPORT_OR_MACHINE_EVIDENCE,RELEASE_ASSET_ONLY,,COPIED_BYTE_IDENTICAL,Preserved in the exact R5 archive; not required in the normal working tree,"[""R5 provenance/release assets""]",SOURCE_R5_MANIFEST_VERIFIED
reports/phase_00/local_ci_logs_local_first_R1/step_results/03_static-checks.json,eda5e36ef84515f61ecec57ffca7fb6d792f295ff5907524411ceae71ccd5ac6,740,REPORT_OR_MACHINE_EVIDENCE,RELEASE_ASSET_ONLY,,COPIED_BYTE_IDENTICAL,Preserved in the exact R5 archive; not required in the normal working tree,"[""R5 provenance/release assets""]",SOURCE_R5_MANIFEST_VERIFIED
reports/phase_00/local_ci_logs_local_first_R1/step_results/04_pytest.json,b62324134438bfb97b457f4708c0d02efe4520f5f9376565620defef0c02cc3a,601,REPORT_OR_MACHINE_EVIDENCE,RELEASE_ASSET_ONLY,,COPIED_BYTE_IDENTICAL,Preserved in the exact R5 archive; not required in the normal working tree,"[""R5 provenance/release assets""]",SOURCE_R5_MANIFEST_VERIFIED
reports/phase_00/local_ci_logs_local_first_R1/step_results/05_phase0-conformance.json,abbc0e6d906f52dac3b79643a36c58915d3237a1462f2a6ab1e3726b8e80e866,695,REPORT_OR_MACHINE_EVIDENCE,RELEASE_ASSET_ONLY,,COPIED_BYTE_IDENTICAL,Preserved in the exact R5 archive; not required in the normal working tree,"[""R5 provenance/release assets""]",SOURCE_R5_MANIFEST_VERIFIED
reports/phase_00/local_ci_logs_local_first_R1/step_results/06_official-audit-1.json,5fdc48aa824486052803fa80f072a87a9807118fb69a81f3da703d3bb0a65b97,1655,REPORT_OR_MACHINE_EVIDENCE,RELEASE_ASSET_ONLY,,COPIED_BYTE_IDENTICAL,Preserved in the exact R5 archive; not required in the normal working tree,"[""R5 provenance/release assets""]",SOURCE_R5_MANIFEST_VERIFIED
reports/phase_00/local_ci_logs_local_first_R1/step_results/07_official-audit-2.json,801151aeb58c8f15fb1b93fe6fbe53afdac009c8d238e95627b0c412653d6da6,2015,REPORT_OR_MACHINE_EVIDENCE,RELEASE_ASSET_ONLY,,COPIED_BYTE_IDENTICAL,Preserved in the exact R5 archive; not required in the normal working tree,"[""R5 provenance/release assets""]",SOURCE_R5_MANIFEST_VERIFIED
reports/phase_00/local_ci_logs_local_first_R1/step_results/08_official-audit-3.json,8373e66bb6ad38ba131469d4748073c04497b757f555b1ac2cf011b6361af721,2445,REPORT_OR_MACHINE_EVIDENCE,RELEASE_ASSET_ONLY,,COPIED_BYTE_IDENTICAL,Preserved in the exact R5 archive; not required in the normal working tree,"[""R5 provenance/release assets""]",SOURCE_R5_MANIFEST_VERIFIED
reports/phase_00/local_ci_logs_local_first_R1/step_results/09_final-implementation-audit.json,2784836e7e8beb582883fec0e5a3883ff3db54377ed5cd51235cb58ed29b86f6,1573,REPORT_OR_MACHINE_EVIDENCE,RELEASE_ASSET_ONLY,,COPIED_BYTE_IDENTICAL,Preserved in the exact R5 archive; not required in the normal working tree,"[""R5 provenance/release assets""]",SOURCE_R5_MANIFEST_VERIFIED
reports/phase_00/local_ci_logs_local_first_R1/step_results/10_local-first-finalization-audit.json,c850b4c50f02e58c5024432c7d197c067197869f4c02658561cbe059fdb423ab,1464,REPORT_OR_MACHINE_EVIDENCE,RELEASE_ASSET_ONLY,,COPIED_BYTE_IDENTICAL,Preserved in the exact R5 archive; not required in the normal working tree,"[""R5 provenance/release assets""]",SOURCE_R5_MANIFEST_VERIFIED
reports/phase_00/local_ci_logs_local_first_R1/step_results/11_manifest-regenerate.json,00be0b3287b151efcc521dea81e825702c867bf0ce456487383c21980e749d0c,518,REPORT_OR_MACHINE_EVIDENCE,RELEASE_ASSET_ONLY,,COPIED_BYTE_IDENTICAL,Preserved in the exact R5 archive; not required in the normal working tree,"[""R5 provenance/release assets""]",SOURCE_R5_MANIFEST_VERIFIED
reports/phase_00/local_ci_logs_local_first_R1/step_results/12_manifest-check.json,035fa28f31ae17f2253708888f0e863deb17fcb1d24a42a58181ecf51acd2db5,534,REPORT_OR_MACHINE_EVIDENCE,RELEASE_ASSET_ONLY,,COPIED_BYTE_IDENTICAL,Preserved in the exact R5 archive; not required in the normal working tree,"[""R5 provenance/release assets""]",SOURCE_R5_MANIFEST_VERIFIED
reports/phase_00/local_ci_report.json,71862b60bbda286a33c414691466f1e403ab0dc3672b161e561b20a4aa3dcef4,5752,REPORT_OR_MACHINE_EVIDENCE,RELEASE_ASSET_ONLY,,COPIED_BYTE_IDENTICAL,Preserved in the exact R5 archive; not required in the normal working tree,"[""R5 provenance/release assets""]",SOURCE_R5_MANIFEST_VERIFIED
reports/phase_00/local_clean_reproduction_R1.json,0d06585332c2a0b0c3211b6c091c6e75e8f9eb752166dcbaeb93b8ee890b164d,13125,REPORT_OR_MACHINE_EVIDENCE,RELEASE_ASSET_ONLY,,COPIED_BYTE_IDENTICAL,Preserved in the exact R5 archive; not required in the normal working tree,"[""R5 provenance/release assets""]",SOURCE_R5_MANIFEST_VERIFIED
reports/phase_00/local_conformance_report.json,0654212cc85fcd7dc6f4f2ba64fd15caed0aa17f16b5413ec6ed2eeb1d08e590,87033,REPORT_OR_MACHINE_EVIDENCE,RELEASE_ASSET_ONLY,,COPIED_BYTE_IDENTICAL,Preserved in the exact R5 archive; not required in the normal working tree,"[""R5 provenance/release assets""]",SOURCE_R5_MANIFEST_VERIFIED
reports/phase_00/local_environment_and_lock_report_R1.json,3b4c675bf31823b8fa41b7d259777a1a167aa66843ee9ca9edb830512e7c7910,4210,REPORT_OR_MACHINE_EVIDENCE,RELEASE_ASSET_ONLY,,COPIED_BYTE_IDENTICAL,Preserved in the exact R5 archive; not required in the normal working tree,"[""R5 provenance/release assets""]",SOURCE_R5_MANIFEST_VERIFIED
reports/phase_00/local_environment_and_lock_report_R1.md,89d913a43c4a0a5fc3068f06e4a0e49bbb371c2c6829dfef63451295f4028bd7,481,REPORT_OR_MACHINE_EVIDENCE,RELEASE_ASSET_ONLY,,COPIED_BYTE_IDENTICAL,Preserved in the exact R5 archive; not required in the normal working tree,"[""R5 provenance/release assets""]",SOURCE_R5_MANIFEST_VERIFIED
reports/phase_00/local_first_derived_counts_R1.json,0fc72bd28db0caf17130663abaa8243cc72eac552c259828d23b4218391aa637,335,REPORT_OR_MACHINE_EVIDENCE,RELEASE_ASSET_ONLY,,COPIED_BYTE_IDENTICAL,Preserved in the exact R5 archive; not required in the normal working tree,"[""R5 provenance/release assets""]",SOURCE_R5_MANIFEST_VERIFIED
reports/phase_00/local_first_finalization_audit_summary_R1.json,520c3a491e12c923cb402ec38f063df0e3dbe3eca391e751c79188c602727716,790,REPORT_OR_MACHINE_EVIDENCE,RELEASE_ASSET_ONLY,,COPIED_BYTE_IDENTICAL,Preserved in the exact R5 archive; not required in the normal working tree,"[""R5 provenance/release assets""]",SOURCE_R5_MANIFEST_VERIFIED
reports/phase_00/local_first_gate_decisions_R1.yaml,725c2e41d5979f002e5387b99ff77e910b452946ab2434e556811769b9a2e3f2,2386,REPORT_OR_MACHINE_EVIDENCE,RELEASE_ASSET_ONLY,,COPIED_BYTE_IDENTICAL,Preserved in the exact R5 archive; not required in the normal working tree,"[""R5 provenance/release assets""]",SOURCE_R5_MANIFEST_VERIFIED
reports/phase_00/local_first_static_checks_R1.json,a33d02b2eb54fba3a38e1106bcff64daf4b01b9e440a92d20c4e32e958b3335b,215,REPORT_OR_MACHINE_EVIDENCE,RELEASE_ASSET_ONLY,,COPIED_BYTE_IDENTICAL,Preserved in the exact R5 archive; not required in the normal working tree,"[""R5 provenance/release assets""]",SOURCE_R5_MANIFEST_VERIFIED
reports/phase_00/local_multi_version_results_R1.json,b7c890c35aaa0ba44a8421b3d8d886f527a3144271837856709d462ce7f80737,729,REPORT_OR_MACHINE_EVIDENCE,RELEASE_ASSET_ONLY,,COPIED_BYTE_IDENTICAL,Preserved in the exact R5 archive; not required in the normal working tree,"[""R5 provenance/release assets""]",SOURCE_R5_MANIFEST_VERIFIED
reports/phase_00/local_multi_version_results_R1.md,f58aa5baf94d985356edf44d34d0a4821af113c9d87daa23074c1993f4f8a940,440,REPORT_OR_MACHINE_EVIDENCE,RELEASE_ASSET_ONLY,,COPIED_BYTE_IDENTICAL,Preserved in the exact R5 archive; not required in the normal working tree,"[""R5 provenance/release assets""]",SOURCE_R5_MANIFEST_VERIFIED
reports/phase_00/local_uv_lock_attempt_R1.json,fc4b19b0d6d21c746341464492e398b6d32437302e1a3d606da970661d86aed9,531,REPORT_OR_MACHINE_EVIDENCE,RELEASE_ASSET_ONLY,,COPIED_BYTE_IDENTICAL,Preserved in the exact R5 archive; not required in the normal working tree,"[""R5 provenance/release assets""]",SOURCE_R5_MANIFEST_VERIFIED
reports/phase_00/phase_0_implementation_finalization_handoff_R1.yaml,709b86626105fab82cc7e26eb189bb4e9154ef4ded1556e99482a5dc5b9f82a8,3927,REPORT_OR_MACHINE_EVIDENCE,RELEASE_ASSET_ONLY,,COPIED_BYTE_IDENTICAL,Preserved in the exact R5 archive; not required in the normal working tree,"[""R5 provenance/release assets""]",SOURCE_R5_MANIFEST_VERIFIED
reports/phase_00/phase_0_implementation_finalization_handoff_R2.yaml,ee3923c85e56ebf93d1f04277592ea9fb999d38637cc22454799248cb6a6ddfb,4034,REPORT_OR_MACHINE_EVIDENCE,RELEASE_ASSET_ONLY,,COPIED_BYTE_IDENTICAL,Preserved in the exact R5 archive; not required in the normal working tree,"[""R5 provenance/release assets""]",SOURCE_R5_MANIFEST_VERIFIED
reports/phase_00/phase_0_local_finalization_handoff_R1.yaml,9f6ece875574fdd6228aa316669d922ccf05efb10b733418a94357015f976625,5584,REPORT_OR_MACHINE_EVIDENCE,RELEASE_ASSET_ONLY,,COPIED_BYTE_IDENTICAL,Preserved in the exact R5 archive; not required in the normal working tree,"[""R5 provenance/release assets""]",SOURCE_R5_MANIFEST_VERIFIED
reports/phase_00/taxonomy_and_result_consistency_report_R1.json,8bf3f4aa4583ca20b6dc4f55085ec98cbbd59308483f5de470e892d3c76971c3,1046,REPORT_OR_MACHINE_EVIDENCE,RELEASE_ASSET_ONLY,,COPIED_BYTE_IDENTICAL,Preserved in the exact R5 archive; not required in the normal working tree,"[""R5 provenance/release assets""]",SOURCE_R5_MANIFEST_VERIFIED
reports/phase_00/taxonomy_and_result_consistency_report_R1.md,918636ff93db57e19f6199cfeee8f8eddabd2c65d3e19e4bfbd29e4ad96d5130,874,REPORT_OR_MACHINE_EVIDENCE,RELEASE_ASSET_ONLY,,COPIED_BYTE_IDENTICAL,Preserved in the exact R5 archive; not required in the normal working tree,"[""R5 provenance/release assets""]",SOURCE_R5_MANIFEST_VERIFIED
reports/phase_00_analysis/analysis_release_R1/IHARQ_Phase_0_Analysis_Evidence_Results_and_Interpretation_Report_R1.docx,c3ba41304ed3760d2de6d21d9e6fa2aabdf9ed9b39daea7ec0800df5d5979688,35952,REPORT_OR_MACHINE_EVIDENCE,EXCLUDED_GENERATED_FORMAT,,COPIED_BYTE_IDENTICAL,Duplicate generated format omitted because Markdown/current source controls,"[""R5 provenance/release assets""]",SOURCE_R5_MANIFEST_VERIFIED
reports/phase_00_analysis/analysis_release_R1/IHARQ_Phase_0_Analysis_Evidence_Results_and_Interpretation_Report_R1.md,e3d77e843c379cdca09a1b7bedad2403305438000de03959bb7a2ff42f3ca375,42324,REPORT_OR_MACHINE_EVIDENCE,RELEASE_ASSET_ONLY,,COPIED_BYTE_IDENTICAL,Preserved in the exact R5 archive; not required in the normal working tree,"[""R5 provenance/release assets""]",SOURCE_R5_MANIFEST_VERIFIED
reports/phase_00_analysis/analysis_release_R1/analysis_validation_report.json,f402762ea55c73195a331dc31059cb2b3f95a87c8944e6581e30c3091232be85,592,REPORT_OR_MACHINE_EVIDENCE,RELEASE_ASSET_ONLY,,COPIED_BYTE_IDENTICAL,Preserved in the exact R5 archive; not required in the normal working tree,"[""R5 provenance/release assets""]",SOURCE_R5_MANIFEST_VERIFIED
reports/phase_00_analysis/analysis_release_R1/handoffs/evidence_map_candidate_handoff_R1.yaml,21007541bd9c03491886174b20d654248a97dc8fd561e4fec8de116dd93cdb38,314,REPORT_OR_MACHINE_EVIDENCE,RELEASE_ASSET_ONLY,,COPIED_BYTE_IDENTICAL,Preserved in the exact R5 archive; not required in the normal working tree,"[""R5 provenance/release assets""]",SOURCE_R5_MANIFEST_VERIFIED
reports/phase_00_analysis/analysis_release_R1/handoffs/layer0_review_packet_R1.yaml,6fdb5a39804a076272e9f8019cb86daa83a79d74445c314551c7997e6e463875,425,REPORT_OR_MACHINE_EVIDENCE,RELEASE_ASSET_ONLY,,COPIED_BYTE_IDENTICAL,Preserved in the exact R5 archive; not required in the normal working tree,"[""R5 provenance/release assets""]",SOURCE_R5_MANIFEST_VERIFIED
reports/phase_00_analysis/analysis_release_R1/handoffs/layer10_source_bundle_handoff_R1.yaml,88a40477dc77f6a32ba98b1b33229711ae8651b97a0536387568c2d2d3cdfa5e,326,REPORT_OR_MACHINE_EVIDENCE,RELEASE_ASSET_ONLY,,COPIED_BYTE_IDENTICAL,Preserved in the exact R5 archive; not required in the normal working tree,"[""R5 provenance/release assets""]",SOURCE_R5_MANIFEST_VERIFIED
reports/phase_00_analysis/analysis_release_R1/local_execution/01_runtime_lock_exit.txt,9a271f2a916b0b6ee6cecb2426f0b3206ef074578be55d9bc94f6f3fe3ab86aa,2,REPORT_OR_MACHINE_EVIDENCE,RELEASE_ASSET_ONLY,,COPIED_BYTE_IDENTICAL,Preserved in the exact R5 archive; not required in the normal working tree,"[""R5 provenance/release assets""]",SOURCE_R5_MANIFEST_VERIFIED
reports/phase_00_analysis/analysis_release_R1/local_execution/01_runtime_lock_stderr.log,e3b0c44298fc1c149afbf4c8996fb92427ae41e4649b934ca495991b7852b855,0,REPORT_OR_MACHINE_EVIDENCE,EXCLUDED_RAW_AUDIT,,COPIED_BYTE_IDENTICAL,Raw or repeated audit evidence preserved in R5 release assets,"[""R5 provenance/release assets""]",SOURCE_R5_MANIFEST_VERIFIED
reports/phase_00_analysis/analysis_release_R1/local_execution/01_runtime_lock_stdout.log,5f69feb27ff57ae030715101bc0ffdf28e2daab83dc6c3bcdc5999c5816d25c9,176,REPORT_OR_MACHINE_EVIDENCE,EXCLUDED_RAW_AUDIT,,COPIED_BYTE_IDENTICAL,Raw or repeated audit evidence preserved in R5 release assets,"[""R5 provenance/release assets""]",SOURCE_R5_MANIFEST_VERIFIED
reports/phase_00_analysis/analysis_release_R1/local_execution/02_uv_lock_exit.txt,9a271f2a916b0b6ee6cecb2426f0b3206ef074578be55d9bc94f6f3fe3ab86aa,2,REPORT_OR_MACHINE_EVIDENCE,RELEASE_ASSET_ONLY,,COPIED_BYTE_IDENTICAL,Preserved in the exact R5 archive; not required in the normal working tree,"[""R5 provenance/release assets""]",SOURCE_R5_MANIFEST_VERIFIED
reports/phase_00_analysis/analysis_release_R1/local_execution/02_uv_lock_stderr.log,e3b0c44298fc1c149afbf4c8996fb92427ae41e4649b934ca495991b7852b855,0,REPORT_OR_MACHINE_EVIDENCE,EXCLUDED_RAW_AUDIT,,COPIED_BYTE_IDENTICAL,Raw or repeated audit evidence preserved in R5 release assets,"[""R5 provenance/release assets""]",SOURCE_R5_MANIFEST_VERIFIED
reports/phase_00_analysis/analysis_release_R1/local_execution/02_uv_lock_stdout.log,7d312e976aa7c7837ee411b3dd72f3e0a9aebcac6fe7628a66eeec91e9c1d59e,362,REPORT_OR_MACHINE_EVIDENCE,EXCLUDED_RAW_AUDIT,,COPIED_BYTE_IDENTICAL,Raw or repeated audit evidence preserved in R5 release assets,"[""R5 provenance/release assets""]",SOURCE_R5_MANIFEST_VERIFIED
reports/phase_00_analysis/analysis_release_R1/local_execution/03_static_exit.txt,9a271f2a916b0b6ee6cecb2426f0b3206ef074578be55d9bc94f6f3fe3ab86aa,2,REPORT_OR_MACHINE_EVIDENCE,RELEASE_ASSET_ONLY,,COPIED_BYTE_IDENTICAL,Preserved in the exact R5 archive; not required in the normal working tree,"[""R5 provenance/release assets""]",SOURCE_R5_MANIFEST_VERIFIED
reports/phase_00_analysis/analysis_release_R1/local_execution/03_static_stderr.log,e3b0c44298fc1c149afbf4c8996fb92427ae41e4649b934ca495991b7852b855,0,REPORT_OR_MACHINE_EVIDENCE,EXCLUDED_RAW_AUDIT,,COPIED_BYTE_IDENTICAL,Raw or repeated audit evidence preserved in R5 release assets,"[""R5 provenance/release assets""]",SOURCE_R5_MANIFEST_VERIFIED
reports/phase_00_analysis/analysis_release_R1/local_execution/03_static_stdout.log,68b284ba323c9f7b01283a80ef6fad84f3f5c0cd18954f395cf33dfa5fc8f5d0,214,REPORT_OR_MACHINE_EVIDENCE,EXCLUDED_RAW_AUDIT,,COPIED_BYTE_IDENTICAL,Raw or repeated audit evidence preserved in R5 release assets,"[""R5 provenance/release assets""]",SOURCE_R5_MANIFEST_VERIFIED
reports/phase_00_analysis/analysis_release_R1/local_execution/04_pytest_exit.txt,9a271f2a916b0b6ee6cecb2426f0b3206ef074578be55d9bc94f6f3fe3ab86aa,2,REPORT_OR_MACHINE_EVIDENCE,RELEASE_ASSET_ONLY,,COPIED_BYTE_IDENTICAL,Preserved in the exact R5 archive; not required in the normal working tree,"[""R5 provenance/release assets""]",SOURCE_R5_MANIFEST_VERIFIED
reports/phase_00_analysis/analysis_release_R1/local_execution/04_pytest_stderr.log,e3b0c44298fc1c149afbf4c8996fb92427ae41e4649b934ca495991b7852b855,0,REPORT_OR_MACHINE_EVIDENCE,EXCLUDED_RAW_AUDIT,,COPIED_BYTE_IDENTICAL,Raw or repeated audit evidence preserved in R5 release assets,"[""R5 provenance/release assets""]",SOURCE_R5_MANIFEST_VERIFIED
reports/phase_00_analysis/analysis_release_R1/local_execution/04_pytest_stdout.log,20bd916d9628d0ef4cf5a96bc5bc77d75e643aa36aca70a91da8d82516baf535,180,REPORT_OR_MACHINE_EVIDENCE,EXCLUDED_RAW_AUDIT,,COPIED_BYTE_IDENTICAL,Raw or repeated audit evidence preserved in R5 release assets,"[""R5 provenance/release assets""]",SOURCE_R5_MANIFEST_VERIFIED
reports/phase_00_analysis/analysis_release_R1/local_execution/05_conformance_exit.txt,9a271f2a916b0b6ee6cecb2426f0b3206ef074578be55d9bc94f6f3fe3ab86aa,2,REPORT_OR_MACHINE_EVIDENCE,RELEASE_ASSET_ONLY,,COPIED_BYTE_IDENTICAL,Preserved in the exact R5 archive; not required in the normal working tree,"[""R5 provenance/release assets""]",SOURCE_R5_MANIFEST_VERIFIED
reports/phase_00_analysis/analysis_release_R1/local_execution/05_conformance_stderr.log,e3b0c44298fc1c149afbf4c8996fb92427ae41e4649b934ca495991b7852b855,0,REPORT_OR_MACHINE_EVIDENCE,EXCLUDED_RAW_AUDIT,,COPIED_BYTE_IDENTICAL,Raw or repeated audit evidence preserved in R5 release assets,"[""R5 provenance/release assets""]",SOURCE_R5_MANIFEST_VERIFIED
reports/phase_00_analysis/analysis_release_R1/local_execution/05_conformance_stdout.log,768a0f64cb28257d38b478addb76e9aab5f51ef005ddc164ba37489a918435af,164,REPORT_OR_MACHINE_EVIDENCE,EXCLUDED_RAW_AUDIT,,COPIED_BYTE_IDENTICAL,Raw or repeated audit evidence preserved in R5 release assets,"[""R5 provenance/release assets""]",SOURCE_R5_MANIFEST_VERIFIED
reports/phase_00_analysis/analysis_release_R1/local_execution/06_audit1_exit.txt,9a271f2a916b0b6ee6cecb2426f0b3206ef074578be55d9bc94f6f3fe3ab86aa,2,REPORT_OR_MACHINE_EVIDENCE,RELEASE_ASSET_ONLY,,COPIED_BYTE_IDENTICAL,Preserved in the exact R5 archive; not required in the normal working tree,"[""R5 provenance/release assets""]",SOURCE_R5_MANIFEST_VERIFIED
reports/phase_00_analysis/analysis_release_R1/local_execution/06_audit1_stderr.log,e3b0c44298fc1c149afbf4c8996fb92427ae41e4649b934ca495991b7852b855,0,REPORT_OR_MACHINE_EVIDENCE,EXCLUDED_RAW_AUDIT,,COPIED_BYTE_IDENTICAL,Raw or repeated audit evidence preserved in R5 release assets,"[""R5 provenance/release assets""]",SOURCE_R5_MANIFEST_VERIFIED
reports/phase_00_analysis/analysis_release_R1/local_execution/06_audit1_stdout.log,b22e089c19c74ef38d43ef70ea956aa3a7a9e91ab661c11cb00f05e236da7da7,1050,REPORT_OR_MACHINE_EVIDENCE,EXCLUDED_RAW_AUDIT,,COPIED_BYTE_IDENTICAL,Raw or repeated audit evidence preserved in R5 release assets,"[""R5 provenance/release assets""]",SOURCE_R5_MANIFEST_VERIFIED
reports/phase_00_analysis/analysis_release_R1/local_execution/07_audit2_exit.txt,9a271f2a916b0b6ee6cecb2426f0b3206ef074578be55d9bc94f6f3fe3ab86aa,2,REPORT_OR_MACHINE_EVIDENCE,RELEASE_ASSET_ONLY,,COPIED_BYTE_IDENTICAL,Preserved in the exact R5 archive; not required in the normal working tree,"[""R5 provenance/release assets""]",SOURCE_R5_MANIFEST_VERIFIED
reports/phase_00_analysis/analysis_release_R1/local_execution/07_audit2_stderr.log,e3b0c44298fc1c149afbf4c8996fb92427ae41e4649b934ca495991b7852b855,0,REPORT_OR_MACHINE_EVIDENCE,EXCLUDED_RAW_AUDIT,,COPIED_BYTE_IDENTICAL,Raw or repeated audit evidence preserved in R5 release assets,"[""R5 provenance/release assets""]",SOURCE_R5_MANIFEST_VERIFIED
reports/phase_00_analysis/analysis_release_R1/local_execution/07_audit2_stdout.log,9ca91bb3487d8e5f67fc5cadd68d9fe208423b25d1187f93300c3077f91942c9,1367,REPORT_OR_MACHINE_EVIDENCE,EXCLUDED_RAW_AUDIT,,COPIED_BYTE_IDENTICAL,Raw or repeated audit evidence preserved in R5 release assets,"[""R5 provenance/release assets""]",SOURCE_R5_MANIFEST_VERIFIED
reports/phase_00_analysis/analysis_release_R1/local_execution/08_audit3_exit.txt,9a271f2a916b0b6ee6cecb2426f0b3206ef074578be55d9bc94f6f3fe3ab86aa,2,REPORT_OR_MACHINE_EVIDENCE,RELEASE_ASSET_ONLY,,COPIED_BYTE_IDENTICAL,Preserved in the exact R5 archive; not required in the normal working tree,"[""R5 provenance/release assets""]",SOURCE_R5_MANIFEST_VERIFIED
reports/phase_00_analysis/analysis_release_R1/local_execution/08_audit3_stderr.log,e3b0c44298fc1c149afbf4c8996fb92427ae41e4649b934ca495991b7852b855,0,REPORT_OR_MACHINE_EVIDENCE,EXCLUDED_RAW_AUDIT,,COPIED_BYTE_IDENTICAL,Raw or repeated audit evidence preserved in R5 release assets,"[""R5 provenance/release assets""]",SOURCE_R5_MANIFEST_VERIFIED
reports/phase_00_analysis/analysis_release_R1/local_execution/08_audit3_stdout.log,b9cad8575c7015e570d944fb2011f39ed1571f8900129a1e3302a4d457528600,1755,REPORT_OR_MACHINE_EVIDENCE,EXCLUDED_RAW_AUDIT,,COPIED_BYTE_IDENTICAL,Raw or repeated audit evidence preserved in R5 release assets,"[""R5 provenance/release assets""]",SOURCE_R5_MANIFEST_VERIFIED
reports/phase_00_analysis/analysis_release_R1/local_execution/09_final_impl_exit.txt,9a271f2a916b0b6ee6cecb2426f0b3206ef074578be55d9bc94f6f3fe3ab86aa,2,REPORT_OR_MACHINE_EVIDENCE,RELEASE_ASSET_ONLY,,COPIED_BYTE_IDENTICAL,Preserved in the exact R5 archive; not required in the normal working tree,"[""R5 provenance/release assets""]",SOURCE_R5_MANIFEST_VERIFIED
reports/phase_00_analysis/analysis_release_R1/local_execution/09_final_impl_stderr.log,e3b0c44298fc1c149afbf4c8996fb92427ae41e4649b934ca495991b7852b855,0,REPORT_OR_MACHINE_EVIDENCE,EXCLUDED_RAW_AUDIT,,COPIED_BYTE_IDENTICAL,Raw or repeated audit evidence preserved in R5 release assets,"[""R5 provenance/release assets""]",SOURCE_R5_MANIFEST_VERIFIED
reports/phase_00_analysis/analysis_release_R1/local_execution/09_final_impl_stdout.log,a321f48da26f904c76ec632499638d4c9cfed0cfb6a33f71b41e1177bc75d7c1,931,REPORT_OR_MACHINE_EVIDENCE,EXCLUDED_RAW_AUDIT,,COPIED_BYTE_IDENTICAL,Raw or repeated audit evidence preserved in R5 release assets,"[""R5 provenance/release assets""]",SOURCE_R5_MANIFEST_VERIFIED
reports/phase_00_analysis/analysis_release_R1/local_execution/10_local_first_exit.txt,9a271f2a916b0b6ee6cecb2426f0b3206ef074578be55d9bc94f6f3fe3ab86aa,2,REPORT_OR_MACHINE_EVIDENCE,RELEASE_ASSET_ONLY,,COPIED_BYTE_IDENTICAL,Preserved in the exact R5 archive; not required in the normal working tree,"[""R5 provenance/release assets""]",SOURCE_R5_MANIFEST_VERIFIED
reports/phase_00_analysis/analysis_release_R1/local_execution/10_local_first_stderr.log,e3b0c44298fc1c149afbf4c8996fb92427ae41e4649b934ca495991b7852b855,0,REPORT_OR_MACHINE_EVIDENCE,EXCLUDED_RAW_AUDIT,,COPIED_BYTE_IDENTICAL,Raw or repeated audit evidence preserved in R5 release assets,"[""R5 provenance/release assets""]",SOURCE_R5_MANIFEST_VERIFIED
reports/phase_00_analysis/analysis_release_R1/local_execution/10_local_first_stdout.log,520c3a491e12c923cb402ec38f063df0e3dbe3eca391e751c79188c602727716,790,REPORT_OR_MACHINE_EVIDENCE,EXCLUDED_RAW_AUDIT,,COPIED_BYTE_IDENTICAL,Raw or repeated audit evidence preserved in R5 release assets,"[""R5 provenance/release assets""]",SOURCE_R5_MANIFEST_VERIFIED
reports/phase_00_analysis/analysis_release_R1/local_execution/11_protocol_validation_exit.txt,9a271f2a916b0b6ee6cecb2426f0b3206ef074578be55d9bc94f6f3fe3ab86aa,2,REPORT_OR_MACHINE_EVIDENCE,RELEASE_ASSET_ONLY,,COPIED_BYTE_IDENTICAL,Preserved in the exact R5 archive; not required in the normal working tree,"[""R5 provenance/release assets""]",SOURCE_R5_MANIFEST_VERIFIED
reports/phase_00_analysis/analysis_release_R1/local_execution/11_protocol_validation_stderr.log,e3b0c44298fc1c149afbf4c8996fb92427ae41e4649b934ca495991b7852b855,0,REPORT_OR_MACHINE_EVIDENCE,EXCLUDED_RAW_AUDIT,,COPIED_BYTE_IDENTICAL,Raw or repeated audit evidence preserved in R5 release assets,"[""R5 provenance/release assets""]",SOURCE_R5_MANIFEST_VERIFIED
reports/phase_00_analysis/analysis_release_R1/local_execution/11_protocol_validation_stdout.log,6bcb943d0bdf3b3c18ffc16e9411243c08b7635a355e9401d9c558dd030da4b5,266,REPORT_OR_MACHINE_EVIDENCE,EXCLUDED_RAW_AUDIT,,COPIED_BYTE_IDENTICAL,Raw or repeated audit evidence preserved in R5 release assets,"[""R5 provenance/release assets""]",SOURCE_R5_MANIFEST_VERIFIED
reports/phase_00_analysis/analysis_release_R1/local_execution/12_protocol_final_audit_exit.txt,9a271f2a916b0b6ee6cecb2426f0b3206ef074578be55d9bc94f6f3fe3ab86aa,2,REPORT_OR_MACHINE_EVIDENCE,RELEASE_ASSET_ONLY,,COPIED_BYTE_IDENTICAL,Preserved in the exact R5 archive; not required in the normal working tree,"[""R5 provenance/release assets""]",SOURCE_R5_MANIFEST_VERIFIED
reports/phase_00_analysis/analysis_release_R1/local_execution/12_protocol_final_audit_stderr.log,e3b0c44298fc1c149afbf4c8996fb92427ae41e4649b934ca495991b7852b855,0,REPORT_OR_MACHINE_EVIDENCE,EXCLUDED_RAW_AUDIT,,COPIED_BYTE_IDENTICAL,Raw or repeated audit evidence preserved in R5 release assets,"[""R5 provenance/release assets""]",SOURCE_R5_MANIFEST_VERIFIED
reports/phase_00_analysis/analysis_release_R1/local_execution/12_protocol_final_audit_stdout.log,17911e865fc9ff6a628d62cf23e1bfd6a9f162c6ea6be8528f31f973fe8e6e2d,542,REPORT_OR_MACHINE_EVIDENCE,EXCLUDED_RAW_AUDIT,,COPIED_BYTE_IDENTICAL,Raw or repeated audit evidence preserved in R5 release assets,"[""R5 provenance/release assets""]",SOURCE_R5_MANIFEST_VERIFIED
reports/phase_00_analysis/analysis_release_R1/local_execution/13_analysis_validation_exit.txt,9a271f2a916b0b6ee6cecb2426f0b3206ef074578be55d9bc94f6f3fe3ab86aa,2,REPORT_OR_MACHINE_EVIDENCE,RELEASE_ASSET_ONLY,,COPIED_BYTE_IDENTICAL,Preserved in the exact R5 archive; not required in the normal working tree,"[""R5 provenance/release assets""]",SOURCE_R5_MANIFEST_VERIFIED
reports/phase_00_analysis/analysis_release_R1/local_execution/13_analysis_validation_stderr.log,e3b0c44298fc1c149afbf4c8996fb92427ae41e4649b934ca495991b7852b855,0,REPORT_OR_MACHINE_EVIDENCE,EXCLUDED_RAW_AUDIT,,COPIED_BYTE_IDENTICAL,Raw or repeated audit evidence preserved in R5 release assets,"[""R5 provenance/release assets""]",SOURCE_R5_MANIFEST_VERIFIED
reports/phase_00_analysis/analysis_release_R1/local_execution/13_analysis_validation_stdout.log,f402762ea55c73195a331dc31059cb2b3f95a87c8944e6581e30c3091232be85,592,REPORT_OR_MACHINE_EVIDENCE,EXCLUDED_RAW_AUDIT,,COPIED_BYTE_IDENTICAL,Raw or repeated audit evidence preserved in R5 release assets,"[""R5 provenance/release assets""]",SOURCE_R5_MANIFEST_VERIFIED
reports/phase_00_analysis/analysis_release_R1/local_execution/14_cli_validate_exit.txt,9a271f2a916b0b6ee6cecb2426f0b3206ef074578be55d9bc94f6f3fe3ab86aa,2,REPORT_OR_MACHINE_EVIDENCE,RELEASE_ASSET_ONLY,,COPIED_BYTE_IDENTICAL,Preserved in the exact R5 archive; not required in the normal working tree,"[""R5 provenance/release assets""]",SOURCE_R5_MANIFEST_VERIFIED
reports/phase_00_analysis/analysis_release_R1/local_execution/14_cli_validate_stderr.log,e3b0c44298fc1c149afbf4c8996fb92427ae41e4649b934ca495991b7852b855,0,REPORT_OR_MACHINE_EVIDENCE,EXCLUDED_RAW_AUDIT,,COPIED_BYTE_IDENTICAL,Raw or repeated audit evidence preserved in R5 release assets,"[""R5 provenance/release assets""]",SOURCE_R5_MANIFEST_VERIFIED
reports/phase_00_analysis/analysis_release_R1/local_execution/14_cli_validate_stdout.log,36db8a0f238df714328b4a19bb216b360cbab38d4462f58c810cbe2b278ac31b,82,REPORT_OR_MACHINE_EVIDENCE,EXCLUDED_RAW_AUDIT,,COPIED_BYTE_IDENTICAL,Raw or repeated audit evidence preserved in R5 release assets,"[""R5 provenance/release assets""]",SOURCE_R5_MANIFEST_VERIFIED
reports/phase_00_analysis/analysis_release_R1/local_execution/15_cli_smoke_exit.txt,9a271f2a916b0b6ee6cecb2426f0b3206ef074578be55d9bc94f6f3fe3ab86aa,2,REPORT_OR_MACHINE_EVIDENCE,RELEASE_ASSET_ONLY,,COPIED_BYTE_IDENTICAL,Preserved in the exact R5 archive; not required in the normal working tree,"[""R5 provenance/release assets""]",SOURCE_R5_MANIFEST_VERIFIED
reports/phase_00_analysis/analysis_release_R1/local_execution/15_cli_smoke_stderr.log,e3b0c44298fc1c149afbf4c8996fb92427ae41e4649b934ca495991b7852b855,0,REPORT_OR_MACHINE_EVIDENCE,EXCLUDED_RAW_AUDIT,,COPIED_BYTE_IDENTICAL,Raw or repeated audit evidence preserved in R5 release assets,"[""R5 provenance/release assets""]",SOURCE_R5_MANIFEST_VERIFIED
reports/phase_00_analysis/analysis_release_R1/local_execution/15_cli_smoke_stdout.log,1e4d2997531ee0cc9083ad24aaab0e34f47c5882df0d918f8a1c7af415e32813,76,REPORT_OR_MACHINE_EVIDENCE,EXCLUDED_RAW_AUDIT,,COPIED_BYTE_IDENTICAL,Raw or repeated audit evidence preserved in R5 release assets,"[""R5 provenance/release assets""]",SOURCE_R5_MANIFEST_VERIFIED
reports/phase_00_analysis/analysis_release_R1/local_execution/16_cli_real_exit.txt,9a271f2a916b0b6ee6cecb2426f0b3206ef074578be55d9bc94f6f3fe3ab86aa,2,REPORT_OR_MACHINE_EVIDENCE,RELEASE_ASSET_ONLY,,COPIED_BYTE_IDENTICAL,Preserved in the exact R5 archive; not required in the normal working tree,"[""R5 provenance/release assets""]",SOURCE_R5_MANIFEST_VERIFIED
reports/phase_00_analysis/analysis_release_R1/local_execution/16_cli_real_stderr.log,e3b0c44298fc1c149afbf4c8996fb92427ae41e4649b934ca495991b7852b855,0,REPORT_OR_MACHINE_EVIDENCE,EXCLUDED_RAW_AUDIT,,COPIED_BYTE_IDENTICAL,Raw or repeated audit evidence preserved in R5 release assets,"[""R5 provenance/release assets""]",SOURCE_R5_MANIFEST_VERIFIED
reports/phase_00_analysis/analysis_release_R1/local_execution/16_cli_real_stdout.log,ff2e2cd1c0ac414b4cf940d9f4cd422feddd79e16fb7f22e1aacdbb457729943,75,REPORT_OR_MACHINE_EVIDENCE,EXCLUDED_RAW_AUDIT,,COPIED_BYTE_IDENTICAL,Raw or repeated audit evidence preserved in R5 release assets,"[""R5 provenance/release assets""]",SOURCE_R5_MANIFEST_VERIFIED
reports/phase_00_analysis/analysis_release_R1/local_execution/17_manifest_regen_exit.txt,9a271f2a916b0b6ee6cecb2426f0b3206ef074578be55d9bc94f6f3fe3ab86aa,2,REPORT_OR_MACHINE_EVIDENCE,RELEASE_ASSET_ONLY,,COPIED_BYTE_IDENTICAL,Preserved in the exact R5 archive; not required in the normal working tree,"[""R5 provenance/release assets""]",SOURCE_R5_MANIFEST_VERIFIED
reports/phase_00_analysis/analysis_release_R1/local_execution/17_manifest_regen_stderr.log,e3b0c44298fc1c149afbf4c8996fb92427ae41e4649b934ca495991b7852b855,0,REPORT_OR_MACHINE_EVIDENCE,EXCLUDED_RAW_AUDIT,,COPIED_BYTE_IDENTICAL,Raw or repeated audit evidence preserved in R5 release assets,"[""R5 provenance/release assets""]",SOURCE_R5_MANIFEST_VERIFIED
reports/phase_00_analysis/analysis_release_R1/local_execution/17_manifest_regen_stdout.log,e3b0c44298fc1c149afbf4c8996fb92427ae41e4649b934ca495991b7852b855,0,REPORT_OR_MACHINE_EVIDENCE,EXCLUDED_RAW_AUDIT,,COPIED_BYTE_IDENTICAL,Raw or repeated audit evidence preserved in R5 release assets,"[""R5 provenance/release assets""]",SOURCE_R5_MANIFEST_VERIFIED
reports/phase_00_analysis/analysis_release_R1/local_execution/18_manifest_check_exit.txt,4355a46b19d348dc2f57c046f8ef63d4538ebb936000f3c9ee954a27460dd865,2,REPORT_OR_MACHINE_EVIDENCE,RELEASE_ASSET_ONLY,,COPIED_BYTE_IDENTICAL,Preserved in the exact R5 archive; not required in the normal working tree,"[""R5 provenance/release assets""]",SOURCE_R5_MANIFEST_VERIFIED
reports/phase_00_analysis/analysis_release_R1/local_execution/18_manifest_check_stderr.log,e3b0c44298fc1c149afbf4c8996fb92427ae41e4649b934ca495991b7852b855,0,REPORT_OR_MACHINE_EVIDENCE,EXCLUDED_RAW_AUDIT,,COPIED_BYTE_IDENTICAL,Raw or repeated audit evidence preserved in R5 release assets,"[""R5 provenance/release assets""]",SOURCE_R5_MANIFEST_VERIFIED
reports/phase_00_analysis/analysis_release_R1/local_execution/18_manifest_check_stdout.log,eb55e85ed6067a0966456048e83541771856220ca87725a210a4004dc315be06,372,REPORT_OR_MACHINE_EVIDENCE,EXCLUDED_RAW_AUDIT,,COPIED_BYTE_IDENTICAL,Raw or repeated audit evidence preserved in R5 release assets,"[""R5 provenance/release assets""]",SOURCE_R5_MANIFEST_VERIFIED
reports/phase_00_analysis/analysis_release_R1/local_execution_report.json,7f3092ce7122bb7a2735b5fffcfa56156b995bcbf90720142b4ae736540668c2,5819,REPORT_OR_MACHINE_EVIDENCE,RELEASE_ASSET_ONLY,,COPIED_BYTE_IDENTICAL,Preserved in the exact R5 archive; not required in the normal working tree,"[""R5 provenance/release assets""]",SOURCE_R5_MANIFEST_VERIFIED
reports/phase_00_analysis/analysis_release_R1/machine_readable/phase_0_analysis_manifest.yaml,e958d541972b009ff2b3025e73c85661a3d72d766e96f2460290b85efd94553a,3808,REPORT_OR_MACHINE_EVIDENCE,RELEASE_ASSET_ONLY,,COPIED_BYTE_IDENTICAL,Preserved in the exact R5 archive; not required in the normal working tree,"[""R5 provenance/release assets""]",SOURCE_R5_MANIFEST_VERIFIED
reports/phase_00_analysis/analysis_release_R1/machine_readable/phase_0_artifact_closure.csv,dd7bbd7b8a82c3274bbf4be043fe16487bbd1513bcaec439e5a19224ec6be355,900,REPORT_OR_MACHINE_EVIDENCE,RELEASE_ASSET_ONLY,,COPIED_BYTE_IDENTICAL,Preserved in the exact R5 archive; not required in the normal working tree,"[""R5 provenance/release assets""]",SOURCE_R5_MANIFEST_VERIFIED
reports/phase_00_analysis/analysis_release_R1/machine_readable/phase_0_candidate_statement_register.csv,e9cd0f808b4461d8c0f1c624ec4e4b2fe9a40d30304a9f157192deb1b4e01ce0,1612,REPORT_OR_MACHINE_EVIDENCE,RELEASE_ASSET_ONLY,,COPIED_BYTE_IDENTICAL,Preserved in the exact R5 archive; not required in the normal working tree,"[""R5 provenance/release assets""]",SOURCE_R5_MANIFEST_VERIFIED
reports/phase_00_analysis/analysis_release_R1/machine_readable/phase_0_downstream_handoff.yaml,53cfb52b1def7273f7f3939169306ae94b0ad8946294b994361cb7de22118d5a,637,REPORT_OR_MACHINE_EVIDENCE,RELEASE_ASSET_ONLY,,COPIED_BYTE_IDENTICAL,Preserved in the exact R5 archive; not required in the normal working tree,"[""R5 provenance/release assets""]",SOURCE_R5_MANIFEST_VERIFIED
reports/phase_00_analysis/analysis_release_R1/machine_readable/phase_0_finding_register.csv,814c163b0c9622a1da74a1f7680e1da745c7eefece54e57bbcfa0d9338f7026e,2405,REPORT_OR_MACHINE_EVIDENCE,RELEASE_ASSET_ONLY,,COPIED_BYTE_IDENTICAL,Preserved in the exact R5 archive; not required in the normal working tree,"[""R5 provenance/release assets""]",SOURCE_R5_MANIFEST_VERIFIED
reports/phase_00_analysis/analysis_release_R1/machine_readable/phase_0_gate_results.csv,acdd8a412ed7da5dc02d6d9f54d6a138a80b280dead067232b1feddfaf725767,3871,REPORT_OR_MACHINE_EVIDENCE,RELEASE_ASSET_ONLY,,COPIED_BYTE_IDENTICAL,Preserved in the exact R5 archive; not required in the normal working tree,"[""R5 provenance/release assets""]",SOURCE_R5_MANIFEST_VERIFIED
reports/phase_00_analysis/analysis_release_R1/machine_readable/phase_0_layer_readiness.csv,1529c318dbb6c3d331a84bc152dd7c9e475bdc9ead7b67ee9ffc6ec5fa8ccefd,1082,REPORT_OR_MACHINE_EVIDENCE,RELEASE_ASSET_ONLY,,COPIED_BYTE_IDENTICAL,Preserved in the exact R5 archive; not required in the normal working tree,"[""R5 provenance/release assets""]",SOURCE_R5_MANIFEST_VERIFIED
reports/phase_00_analysis/analysis_release_R1/machine_readable/phase_0_limitation_register.csv,12c1943de6cebd24c48b77940b657be33552a3a3c4908fead7c5a3cd723f3744,1041,REPORT_OR_MACHINE_EVIDENCE,RELEASE_ASSET_ONLY,,COPIED_BYTE_IDENTICAL,Preserved in the exact R5 archive; not required in the normal working tree,"[""R5 provenance/release assets""]",SOURCE_R5_MANIFEST_VERIFIED
reports/phase_00_analysis/analysis_release_R1/machine_readable/phase_0_negative_result_register.csv,ab8e716e086842d9c2107a0782833bc31bfff97126ea66de2554fcd003fb7fb8,1442,REPORT_OR_MACHINE_EVIDENCE,RELEASE_ASSET_ONLY,,COPIED_BYTE_IDENTICAL,Preserved in the exact R5 archive; not required in the normal working tree,"[""R5 provenance/release assets""]",SOURCE_R5_MANIFEST_VERIFIED
reports/phase_00_analysis/analysis_release_R1/machine_readable/phase_0_phase_contract_readiness.csv,03ccde57a2cddb91e19934b68a95710358f972c54df0e518ee9eb915a4e65e60,1071,REPORT_OR_MACHINE_EVIDENCE,RELEASE_ASSET_ONLY,,COPIED_BYTE_IDENTICAL,Preserved in the exact R5 archive; not required in the normal working tree,"[""R5 provenance/release assets""]",SOURCE_R5_MANIFEST_VERIFIED
reports/phase_00_analysis/analysis_release_R1/machine_readable/phase_0_publication_asset_manifest.csv,4d00851df8b58fafeccb55c54a4dcee439933e3fa1ccc80e210b0d5be7210f70,4703,REPORT_OR_MACHINE_EVIDENCE,RELEASE_ASSET_ONLY,,COPIED_BYTE_IDENTICAL,Preserved in the exact R5 archive; not required in the normal working tree,"[""R5 provenance/release assets""]",SOURCE_R5_MANIFEST_VERIFIED
reports/phase_00_analysis/analysis_release_R1/machine_readable/phase_0_repair_ledger.csv,bc3c9a44a897b3c15f3d65b4cf158846155c156417781c7e578eb523113a6c57,1384,REPORT_OR_MACHINE_EVIDENCE,RELEASE_ASSET_ONLY,,COPIED_BYTE_IDENTICAL,Preserved in the exact R5 archive; not required in the normal working tree,"[""R5 provenance/release assets""]",SOURCE_R5_MANIFEST_VERIFIED
reports/phase_00_analysis/analysis_release_R1/machine_readable/phase_0_requirement_traceability.csv,1f31821e7b5c7bec8709765368cdd3dab7d0e6ec25fbe67be8a7b5c6f33a30b1,8138962,REPORT_OR_MACHINE_EVIDENCE,RELEASE_ASSET_ONLY,,COPIED_BYTE_IDENTICAL,Preserved in the exact R5 archive; not required in the normal working tree,"[""R5 provenance/release assets""]",SOURCE_R5_MANIFEST_VERIFIED
reports/phase_00_analysis/analysis_release_R1/machine_readable/phase_0_review_provenance.yaml,4263e033a73519d9460e985dfc83d7d0256d48bc899631355575e5837bba8070,775,REPORT_OR_MACHINE_EVIDENCE,RELEASE_ASSET_ONLY,,COPIED_BYTE_IDENTICAL,Preserved in the exact R5 archive; not required in the normal working tree,"[""R5 provenance/release assets""]",SOURCE_R5_MANIFEST_VERIFIED
reports/phase_00_analysis/analysis_release_R1/machine_readable/phase_0_run_disposition.csv,40cb622ae1d9ac550063537b6884dca1b7688348f32e10a91b5566d121e1a20a,7981,REPORT_OR_MACHINE_EVIDENCE,RELEASE_ASSET_ONLY,,COPIED_BYTE_IDENTICAL,Preserved in the exact R5 archive; not required in the normal working tree,"[""R5 provenance/release assets""]",SOURCE_R5_MANIFEST_VERIFIED
reports/phase_00_analysis/analysis_release_R1/machine_readable/phase_0_source_baseline.csv,93370035893b9cae2048ecf3a50bce6417170f8fd0a9426cda0de5e60634961a,2693,REPORT_OR_MACHINE_EVIDENCE,RELEASE_ASSET_ONLY,,COPIED_BYTE_IDENTICAL,Preserved in the exact R5 archive; not required in the normal working tree,"[""R5 provenance/release assets""]",SOURCE_R5_MANIFEST_VERIFIED
reports/phase_00_analysis/analysis_release_R1/phase_0_analysis_package_manifest.json,dcc583aa70942408adbaf712e5f20b914e7b04c3a65673fae0cc0938a11fcd6f,14694,REPORT_OR_MACHINE_EVIDENCE,RELEASE_ASSET_ONLY,,COPIED_BYTE_IDENTICAL,Preserved in the exact R5 archive; not required in the normal working tree,"[""R5 provenance/release assets""]",SOURCE_R5_MANIFEST_VERIFIED
reports/phase_00_analysis/analysis_release_R1/report_machine_no_drift.json,a16fcdc2ab685ea298ab4e239e94fb9783ad51e9bdfd4f9e29d69b2fb8be3294,461,REPORT_OR_MACHINE_EVIDENCE,RELEASE_ASSET_ONLY,,COPIED_BYTE_IDENTICAL,Preserved in the exact R5 archive; not required in the normal working tree,"[""R5 provenance/release assets""]",SOURCE_R5_MANIFEST_VERIFIED
reports/phase_00_analysis/analysis_release_R1/reviews/01_authority_reconstruction.md,2be3d4d4df34be307e88613d36f7152ab99f51d83a7f05aafbc410c21afd15f2,359,REPORT_OR_MACHINE_EVIDENCE,RELEASE_ASSET_ONLY,,COPIED_BYTE_IDENTICAL,Preserved in the exact R5 archive; not required in the normal working tree,"[""R5 provenance/release assets""]",SOURCE_R5_MANIFEST_VERIFIED
reports/phase_00_analysis/analysis_release_R1/reviews/02_registered_analysis.md,d164e7cfb13bbbb2e1e73817f82e94504a2314cba41afa920092d34c8eef53f6,195,REPORT_OR_MACHINE_EVIDENCE,RELEASE_ASSET_ONLY,,COPIED_BYTE_IDENTICAL,Preserved in the exact R5 archive; not required in the normal working tree,"[""R5 provenance/release assets""]",SOURCE_R5_MANIFEST_VERIFIED
reports/phase_00_analysis/analysis_release_R1/reviews/03_adversarial_red_team.md,9b08a8013452cbb0c94e1d6ea9e3e96233f40fc9423db4369082535855fc9968,280,REPORT_OR_MACHINE_EVIDENCE,RELEASE_ASSET_ONLY,,COPIED_BYTE_IDENTICAL,Preserved in the exact R5 archive; not required in the normal working tree,"[""R5 provenance/release assets""]",SOURCE_R5_MANIFEST_VERIFIED
reports/phase_00_analysis/analysis_release_R1/reviews/04_deterministic_validation.md,375a359723e3557943f2613f4d13aed05f2e62c94dce892c070e72cd0264ea48,235,REPORT_OR_MACHINE_EVIDENCE,RELEASE_ASSET_ONLY,,COPIED_BYTE_IDENTICAL,Preserved in the exact R5 archive; not required in the normal working tree,"[""R5 provenance/release assets""]",SOURCE_R5_MANIFEST_VERIFIED
reports/phase_00_analysis/analysis_release_R1/reviews/05_final_governance.md,262b696dc8bb736d319883d8e9c54da97bedbb6a7d9c1e3a94c6380933dca884,182,REPORT_OR_MACHINE_EVIDENCE,RELEASE_ASSET_ONLY,,COPIED_BYTE_IDENTICAL,Preserved in the exact R5 archive; not required in the normal working tree,"[""R5 provenance/release assets""]",SOURCE_R5_MANIFEST_VERIFIED
reports/phase_00_analysis/analysis_release_R2/IHARQ_Phase_0_Analysis_Evidence_Results_and_Interpretation_Report_R2.docx,a5953f610aa372e2191035a71794057885ab011aad4d3b6c8f4493942dc63181,59599,REPORT_OR_MACHINE_EVIDENCE,EXCLUDED_GENERATED_FORMAT,,COPIED_BYTE_IDENTICAL,Duplicate generated format omitted because Markdown/current source controls,"[""R5 provenance/release assets""]",SOURCE_R5_MANIFEST_VERIFIED
reports/phase_00_analysis/analysis_release_R2/IHARQ_Phase_0_Analysis_Evidence_Results_and_Interpretation_Report_R2.md,dd721edbbc3292465d94084c369570f168d57a90ae74d555e7d1e564aa1c4f19,45689,REPORT_OR_MACHINE_EVIDENCE,RELEASE_ASSET_ONLY,,COPIED_BYTE_IDENTICAL,Preserved in the exact R5 archive; not required in the normal working tree,"[""R5 provenance/release assets""]",SOURCE_R5_MANIFEST_VERIFIED
reports/phase_00_analysis/analysis_release_R2/analysis_validation_report.json,6415353b3e635687f3cddb6fdc4f9581c393b4ecb82dae6f88f2409a9622ced1,739,REPORT_OR_MACHINE_EVIDENCE,RELEASE_ASSET_ONLY,,COPIED_BYTE_IDENTICAL,Preserved in the exact R5 archive; not required in the normal working tree,"[""R5 provenance/release assets""]",SOURCE_R5_MANIFEST_VERIFIED
reports/phase_00_analysis/analysis_release_R2/handoffs/evidence_map_candidate_handoff_R1.yaml,21007541bd9c03491886174b20d654248a97dc8fd561e4fec8de116dd93cdb38,314,REPORT_OR_MACHINE_EVIDENCE,RELEASE_ASSET_ONLY,,COPIED_BYTE_IDENTICAL,Preserved in the exact R5 archive; not required in the normal working tree,"[""R5 provenance/release assets""]",SOURCE_R5_MANIFEST_VERIFIED
reports/phase_00_analysis/analysis_release_R2/handoffs/layer0_review_packet_R1.yaml,6fdb5a39804a076272e9f8019cb86daa83a79d74445c314551c7997e6e463875,425,REPORT_OR_MACHINE_EVIDENCE,RELEASE_ASSET_ONLY,,COPIED_BYTE_IDENTICAL,Preserved in the exact R5 archive; not required in the normal working tree,"[""R5 provenance/release assets""]",SOURCE_R5_MANIFEST_VERIFIED
reports/phase_00_analysis/analysis_release_R2/handoffs/layer10_source_bundle_handoff_R1.yaml,88a40477dc77f6a32ba98b1b33229711ae8651b97a0536387568c2d2d3cdfa5e,326,REPORT_OR_MACHINE_EVIDENCE,RELEASE_ASSET_ONLY,,COPIED_BYTE_IDENTICAL,Preserved in the exact R5 archive; not required in the normal working tree,"[""R5 provenance/release assets""]",SOURCE_R5_MANIFEST_VERIFIED
reports/phase_00_analysis/analysis_release_R2/local_execution_report.json,7f3092ce7122bb7a2735b5fffcfa56156b995bcbf90720142b4ae736540668c2,5819,REPORT_OR_MACHINE_EVIDENCE,RELEASE_ASSET_ONLY,,COPIED_BYTE_IDENTICAL,Preserved in the exact R5 archive; not required in the normal working tree,"[""R5 provenance/release assets""]",SOURCE_R5_MANIFEST_VERIFIED
reports/phase_00_analysis/analysis_release_R2/machine_readable/phase_0_analysis_manifest.yaml,3c93ee6f383425c8162a6aa4795638a45555bb5773178b9d542a6c3d22e20eb4,3840,REPORT_OR_MACHINE_EVIDENCE,RELEASE_ASSET_ONLY,,COPIED_BYTE_IDENTICAL,Preserved in the exact R5 archive; not required in the normal working tree,"[""R5 provenance/release assets""]",SOURCE_R5_MANIFEST_VERIFIED
reports/phase_00_analysis/analysis_release_R2/machine_readable/phase_0_artifact_closure.csv,b9463d7bb5ba46c36ed6ec0dda3aebf13ad336934650d55e03927c1af1131887,889,REPORT_OR_MACHINE_EVIDENCE,RELEASE_ASSET_ONLY,,COPIED_BYTE_IDENTICAL,Preserved in the exact R5 archive; not required in the normal working tree,"[""R5 provenance/release assets""]",SOURCE_R5_MANIFEST_VERIFIED
reports/phase_00_analysis/analysis_release_R2/machine_readable/phase_0_candidate_statement_register.csv,c5f200b8050ba942c85b38fe47b692476a2162d0867bd23aedf3ea0882c5e6a4,1614,REPORT_OR_MACHINE_EVIDENCE,RELEASE_ASSET_ONLY,,COPIED_BYTE_IDENTICAL,Preserved in the exact R5 archive; not required in the normal working tree,"[""R5 provenance/release assets""]",SOURCE_R5_MANIFEST_VERIFIED
reports/phase_00_analysis/analysis_release_R2/machine_readable/phase_0_downstream_handoff.yaml,1679be6cdd8c7896a82dcb857453ea8117a385e10e19f0bb49d00f0d477eaf98,637,REPORT_OR_MACHINE_EVIDENCE,RELEASE_ASSET_ONLY,,COPIED_BYTE_IDENTICAL,Preserved in the exact R5 archive; not required in the normal working tree,"[""R5 provenance/release assets""]",SOURCE_R5_MANIFEST_VERIFIED
reports/phase_00_analysis/analysis_release_R2/machine_readable/phase_0_finding_register.csv,57f5fca320cddcc17f94abbad582420ceeb87aefb7717796094448ef77bdb487,2408,REPORT_OR_MACHINE_EVIDENCE,RELEASE_ASSET_ONLY,,COPIED_BYTE_IDENTICAL,Preserved in the exact R5 archive; not required in the normal working tree,"[""R5 provenance/release assets""]",SOURCE_R5_MANIFEST_VERIFIED
reports/phase_00_analysis/analysis_release_R2/machine_readable/phase_0_gate_results.csv,27fbe97eb88adcbff6b85cb8257ce1c7b529383a9cec4dd78c182d85a36010c4,3851,REPORT_OR_MACHINE_EVIDENCE,RELEASE_ASSET_ONLY,,COPIED_BYTE_IDENTICAL,Preserved in the exact R5 archive; not required in the normal working tree,"[""R5 provenance/release assets""]",SOURCE_R5_MANIFEST_VERIFIED
reports/phase_00_analysis/analysis_release_R2/machine_readable/phase_0_layer_readiness.csv,67c59738d1f98ca451488c1d31af858b3ee4f0ab17b03a4d3c4414c6c5ef7d9c,1070,REPORT_OR_MACHINE_EVIDENCE,RELEASE_ASSET_ONLY,,COPIED_BYTE_IDENTICAL,Preserved in the exact R5 archive; not required in the normal working tree,"[""R5 provenance/release assets""]",SOURCE_R5_MANIFEST_VERIFIED
reports/phase_00_analysis/analysis_release_R2/machine_readable/phase_0_limitation_register.csv,f5eabbb7b04f5b2d3e57910b6e4d691c8d8dd770392ee7c5a1a41eee700529cf,1035,REPORT_OR_MACHINE_EVIDENCE,RELEASE_ASSET_ONLY,,COPIED_BYTE_IDENTICAL,Preserved in the exact R5 archive; not required in the normal working tree,"[""R5 provenance/release assets""]",SOURCE_R5_MANIFEST_VERIFIED
reports/phase_00_analysis/analysis_release_R2/machine_readable/phase_0_negative_result_register.csv,02bcb5b06ac155478a77476d811f49b33bc3c1827585942bade0a32b57a68909,2292,REPORT_OR_MACHINE_EVIDENCE,RELEASE_ASSET_ONLY,,COPIED_BYTE_IDENTICAL,Preserved in the exact R5 archive; not required in the normal working tree,"[""R5 provenance/release assets""]",SOURCE_R5_MANIFEST_VERIFIED
reports/phase_00_analysis/analysis_release_R2/machine_readable/phase_0_phase_contract_readiness.csv,d41259f0ec7a93d5078e39941288a9e9a7d3946c28dd5f8fa0a7e97e1883cf5d,1054,REPORT_OR_MACHINE_EVIDENCE,RELEASE_ASSET_ONLY,,COPIED_BYTE_IDENTICAL,Preserved in the exact R5 archive; not required in the normal working tree,"[""R5 provenance/release assets""]",SOURCE_R5_MANIFEST_VERIFIED
reports/phase_00_analysis/analysis_release_R2/machine_readable/phase_0_publication_asset_manifest.csv,dc318a2356461fd62286b8fc1cd976904d6d5b380aa1278f29f5b286ccf1ce94,5132,REPORT_OR_MACHINE_EVIDENCE,RELEASE_ASSET_ONLY,,COPIED_BYTE_IDENTICAL,Preserved in the exact R5 archive; not required in the normal working tree,"[""R5 provenance/release assets""]",SOURCE_R5_MANIFEST_VERIFIED
reports/phase_00_analysis/analysis_release_R2/machine_readable/phase_0_repair_ledger.csv,7684be5c51b2df22200a64fafd23b935dd4f81af6f23d2ef574fe6dc3b2023dc,4323,REPORT_OR_MACHINE_EVIDENCE,RELEASE_ASSET_ONLY,,COPIED_BYTE_IDENTICAL,Preserved in the exact R5 archive; not required in the normal working tree,"[""R5 provenance/release assets""]",SOURCE_R5_MANIFEST_VERIFIED
reports/phase_00_analysis/analysis_release_R2/machine_readable/phase_0_requirement_traceability.csv,c3d6d5da88fe1a0f7abc8b9a4c62baf3389302cfc6f52be0cbd1604509fe7499,8115115,REPORT_OR_MACHINE_EVIDENCE,RELEASE_ASSET_ONLY,,COPIED_BYTE_IDENTICAL,Preserved in the exact R5 archive; not required in the normal working tree,"[""R5 provenance/release assets""]",SOURCE_R5_MANIFEST_VERIFIED
reports/phase_00_analysis/analysis_release_R2/machine_readable/phase_0_review_provenance.yaml,958bb2c49d65d5a022c40d3919ee9cce345bd5167c655a7dfc13d424e5689e7a,1044,REPORT_OR_MACHINE_EVIDENCE,RELEASE_ASSET_ONLY,,COPIED_BYTE_IDENTICAL,Preserved in the exact R5 archive; not required in the normal working tree,"[""R5 provenance/release assets""]",SOURCE_R5_MANIFEST_VERIFIED
reports/phase_00_analysis/analysis_release_R2/machine_readable/phase_0_run_disposition.csv,9a9ca6514a21ee48feb89be8bf680ee2c627d6df2b59880ee35ef79e2155bf71,8023,REPORT_OR_MACHINE_EVIDENCE,RELEASE_ASSET_ONLY,,COPIED_BYTE_IDENTICAL,Preserved in the exact R5 archive; not required in the normal working tree,"[""R5 provenance/release assets""]",SOURCE_R5_MANIFEST_VERIFIED
reports/phase_00_analysis/analysis_release_R2/machine_readable/phase_0_source_baseline.csv,7b71c3aaba3b4ca05b37c1a953b80ad540ed5090066dead62aff655aa95d64e0,2943,REPORT_OR_MACHINE_EVIDENCE,RELEASE_ASSET_ONLY,,COPIED_BYTE_IDENTICAL,Preserved in the exact R5 archive; not required in the normal working tree,"[""R5 provenance/release assets""]",SOURCE_R5_MANIFEST_VERIFIED
reports/phase_00_analysis/analysis_release_R2/phase_0_analysis_package_manifest.json,4aec682ae6c08a4875760ad21a5bceeb32938e475bdd3519d8bc90751168ad64,5362,REPORT_OR_MACHINE_EVIDENCE,RELEASE_ASSET_ONLY,,COPIED_BYTE_IDENTICAL,Preserved in the exact R5 archive; not required in the normal working tree,"[""R5 provenance/release assets""]",SOURCE_R5_MANIFEST_VERIFIED
reports/phase_00_analysis/analysis_release_R2/report_machine_no_drift.json,8d00d1b16afe7d3959108e144a66cda60cb4271b0dd755689a889c0bc1eb3a64,2739,REPORT_OR_MACHINE_EVIDENCE,RELEASE_ASSET_ONLY,,COPIED_BYTE_IDENTICAL,Preserved in the exact R5 archive; not required in the normal working tree,"[""R5 provenance/release assets""]",SOURCE_R5_MANIFEST_VERIFIED
reports/phase_00_analysis/analysis_release_R2/reviews/01_authority_reconstruction.md,2be3d4d4df34be307e88613d36f7152ab99f51d83a7f05aafbc410c21afd15f2,359,REPORT_OR_MACHINE_EVIDENCE,RELEASE_ASSET_ONLY,,COPIED_BYTE_IDENTICAL,Preserved in the exact R5 archive; not required in the normal working tree,"[""R5 provenance/release assets""]",SOURCE_R5_MANIFEST_VERIFIED
reports/phase_00_analysis/analysis_release_R2/reviews/02_registered_analysis.md,d164e7cfb13bbbb2e1e73817f82e94504a2314cba41afa920092d34c8eef53f6,195,REPORT_OR_MACHINE_EVIDENCE,RELEASE_ASSET_ONLY,,COPIED_BYTE_IDENTICAL,Preserved in the exact R5 archive; not required in the normal working tree,"[""R5 provenance/release assets""]",SOURCE_R5_MANIFEST_VERIFIED
reports/phase_00_analysis/analysis_release_R2/reviews/03_adversarial_red_team.md,9b08a8013452cbb0c94e1d6ea9e3e96233f40fc9423db4369082535855fc9968,280,REPORT_OR_MACHINE_EVIDENCE,RELEASE_ASSET_ONLY,,COPIED_BYTE_IDENTICAL,Preserved in the exact R5 archive; not required in the normal working tree,"[""R5 provenance/release assets""]",SOURCE_R5_MANIFEST_VERIFIED
reports/phase_00_analysis/analysis_release_R2/reviews/04_deterministic_validation.md,375a359723e3557943f2613f4d13aed05f2e62c94dce892c070e72cd0264ea48,235,REPORT_OR_MACHINE_EVIDENCE,RELEASE_ASSET_ONLY,,COPIED_BYTE_IDENTICAL,Preserved in the exact R5 archive; not required in the normal working tree,"[""R5 provenance/release assets""]",SOURCE_R5_MANIFEST_VERIFIED
reports/phase_00_analysis/analysis_release_R2/reviews/05_final_governance.md,262b696dc8bb736d319883d8e9c54da97bedbb6a7d9c1e3a94c6380933dca884,182,REPORT_OR_MACHINE_EVIDENCE,RELEASE_ASSET_ONLY,,COPIED_BYTE_IDENTICAL,Preserved in the exact R5 archive; not required in the normal working tree,"[""R5 provenance/release assets""]",SOURCE_R5_MANIFEST_VERIFIED
reports/phase_00_analysis/execution_release_R1/cell_logs/01_P00-CELL-AUTHORITY-INTAKE_stderr.log,e3b0c44298fc1c149afbf4c8996fb92427ae41e4649b934ca495991b7852b855,0,REPORT_OR_MACHINE_EVIDENCE,EXCLUDED_RAW_AUDIT,,COPIED_BYTE_IDENTICAL,Raw or repeated audit evidence preserved in R5 release assets,"[""R5 provenance/release assets""]",SOURCE_R5_MANIFEST_VERIFIED
reports/phase_00_analysis/execution_release_R1/cell_logs/01_P00-CELL-AUTHORITY-INTAKE_stdout.log,520c3a491e12c923cb402ec38f063df0e3dbe3eca391e751c79188c602727716,790,REPORT_OR_MACHINE_EVIDENCE,EXCLUDED_RAW_AUDIT,,COPIED_BYTE_IDENTICAL,Raw or repeated audit evidence preserved in R5 release assets,"[""R5 provenance/release assets""]",SOURCE_R5_MANIFEST_VERIFIED
reports/phase_00_analysis/execution_release_R1/cell_logs/02_P00-CELL-SCHEMA-COVERAGE_stderr.log,e3b0c44298fc1c149afbf4c8996fb92427ae41e4649b934ca495991b7852b855,0,REPORT_OR_MACHINE_EVIDENCE,EXCLUDED_RAW_AUDIT,,COPIED_BYTE_IDENTICAL,Raw or repeated audit evidence preserved in R5 release assets,"[""R5 provenance/release assets""]",SOURCE_R5_MANIFEST_VERIFIED
reports/phase_00_analysis/execution_release_R1/cell_logs/02_P00-CELL-SCHEMA-COVERAGE_stdout.log,20b133ad299b320183c073639441aa0c3f2b283fc385b7533bb51f3b44440701,214,REPORT_OR_MACHINE_EVIDENCE,EXCLUDED_RAW_AUDIT,,COPIED_BYTE_IDENTICAL,Raw or repeated audit evidence preserved in R5 release assets,"[""R5 provenance/release assets""]",SOURCE_R5_MANIFEST_VERIFIED
reports/phase_00_analysis/execution_release_R1/cell_logs/03_P00-CELL-CONFIG-RESOLUTION_stderr.log,e3b0c44298fc1c149afbf4c8996fb92427ae41e4649b934ca495991b7852b855,0,REPORT_OR_MACHINE_EVIDENCE,EXCLUDED_RAW_AUDIT,,COPIED_BYTE_IDENTICAL,Raw or repeated audit evidence preserved in R5 release assets,"[""R5 provenance/release assets""]",SOURCE_R5_MANIFEST_VERIFIED
reports/phase_00_analysis/execution_release_R1/cell_logs/03_P00-CELL-CONFIG-RESOLUTION_stdout.log,36db8a0f238df714328b4a19bb216b360cbab38d4462f58c810cbe2b278ac31b,82,REPORT_OR_MACHINE_EVIDENCE,EXCLUDED_RAW_AUDIT,,COPIED_BYTE_IDENTICAL,Raw or repeated audit evidence preserved in R5 release assets,"[""R5 provenance/release assets""]",SOURCE_R5_MANIFEST_VERIFIED
reports/phase_00_analysis/execution_release_R1/cell_logs/04_P00-CELL-IDENTITY-JCS-HASH_stderr.log,e3b0c44298fc1c149afbf4c8996fb92427ae41e4649b934ca495991b7852b855,0,REPORT_OR_MACHINE_EVIDENCE,EXCLUDED_RAW_AUDIT,,COPIED_BYTE_IDENTICAL,Raw or repeated audit evidence preserved in R5 release assets,"[""R5 provenance/release assets""]",SOURCE_R5_MANIFEST_VERIFIED
reports/phase_00_analysis/execution_release_R1/cell_logs/04_P00-CELL-IDENTITY-JCS-HASH_stdout.log,a4ce3c4d2d126cf54794b588fe0568dcf174b80e68913316f73e0da7b9f1c64b,98,REPORT_OR_MACHINE_EVIDENCE,EXCLUDED_RAW_AUDIT,,COPIED_BYTE_IDENTICAL,Raw or repeated audit evidence preserved in R5 release assets,"[""R5 provenance/release assets""]",SOURCE_R5_MANIFEST_VERIFIED
reports/phase_00_analysis/execution_release_R1/cell_logs/05_P00-CELL-VALID-FIXTURES_stderr.log,e3b0c44298fc1c149afbf4c8996fb92427ae41e4649b934ca495991b7852b855,0,REPORT_OR_MACHINE_EVIDENCE,EXCLUDED_RAW_AUDIT,,COPIED_BYTE_IDENTICAL,Raw or repeated audit evidence preserved in R5 release assets,"[""R5 provenance/release assets""]",SOURCE_R5_MANIFEST_VERIFIED
reports/phase_00_analysis/execution_release_R1/cell_logs/05_P00-CELL-VALID-FIXTURES_stdout.log,cea56812b2feed537d72f533dcd9bbebe462ea81cec364b5fd190dfe7346f2cf,98,REPORT_OR_MACHINE_EVIDENCE,EXCLUDED_RAW_AUDIT,,COPIED_BYTE_IDENTICAL,Raw or repeated audit evidence preserved in R5 release assets,"[""R5 provenance/release assets""]",SOURCE_R5_MANIFEST_VERIFIED
reports/phase_00_analysis/execution_release_R1/cell_logs/06_P00-CELL-MALFORMED-FIXTURES_stderr.log,e3b0c44298fc1c149afbf4c8996fb92427ae41e4649b934ca495991b7852b855,0,REPORT_OR_MACHINE_EVIDENCE,EXCLUDED_RAW_AUDIT,,COPIED_BYTE_IDENTICAL,Raw or repeated audit evidence preserved in R5 release assets,"[""R5 provenance/release assets""]",SOURCE_R5_MANIFEST_VERIFIED
reports/phase_00_analysis/execution_release_R1/cell_logs/06_P00-CELL-MALFORMED-FIXTURES_stdout.log,96579075c062837f8f67aef07912f59656b89f76979c9c33a9a5451b3c10bcee,99,REPORT_OR_MACHINE_EVIDENCE,EXCLUDED_RAW_AUDIT,,COPIED_BYTE_IDENTICAL,Raw or repeated audit evidence preserved in R5 release assets,"[""R5 provenance/release assets""]",SOURCE_R5_MANIFEST_VERIFIED
reports/phase_00_analysis/execution_release_R1/cell_logs/07_P00-CELL-VALIDATOR-TEST-COVERAGE_stderr.log,e3b0c44298fc1c149afbf4c8996fb92427ae41e4649b934ca495991b7852b855,0,REPORT_OR_MACHINE_EVIDENCE,EXCLUDED_RAW_AUDIT,,COPIED_BYTE_IDENTICAL,Raw or repeated audit evidence preserved in R5 release assets,"[""R5 provenance/release assets""]",SOURCE_R5_MANIFEST_VERIFIED
reports/phase_00_analysis/execution_release_R1/cell_logs/07_P00-CELL-VALIDATOR-TEST-COVERAGE_stdout.log,97361027331df71268c0b5e74018f8dd66e74d03eb8ebc78bd7f31a3f07d047c,180,REPORT_OR_MACHINE_EVIDENCE,EXCLUDED_RAW_AUDIT,,COPIED_BYTE_IDENTICAL,Raw or repeated audit evidence preserved in R5 release assets,"[""R5 provenance/release assets""]",SOURCE_R5_MANIFEST_VERIFIED
reports/phase_00_analysis/execution_release_R1/cell_logs/08_P00-CELL-A0-A13-READINESS_stderr.log,e3b0c44298fc1c149afbf4c8996fb92427ae41e4649b934ca495991b7852b855,0,REPORT_OR_MACHINE_EVIDENCE,EXCLUDED_RAW_AUDIT,,COPIED_BYTE_IDENTICAL,Raw or repeated audit evidence preserved in R5 release assets,"[""R5 provenance/release assets""]",SOURCE_R5_MANIFEST_VERIFIED
reports/phase_00_analysis/execution_release_R1/cell_logs/08_P00-CELL-A0-A13-READINESS_stdout.log,a321f48da26f904c76ec632499638d4c9cfed0cfb6a33f71b41e1177bc75d7c1,931,REPORT_OR_MACHINE_EVIDENCE,EXCLUDED_RAW_AUDIT,,COPIED_BYTE_IDENTICAL,Raw or repeated audit evidence preserved in R5 release assets,"[""R5 provenance/release assets""]",SOURCE_R5_MANIFEST_VERIFIED
reports/phase_00_analysis/execution_release_R1/cell_logs/09_P00-CELL-L0-L3-INTEGRATION_stderr.log,e3b0c44298fc1c149afbf4c8996fb92427ae41e4649b934ca495991b7852b855,0,REPORT_OR_MACHINE_EVIDENCE,EXCLUDED_RAW_AUDIT,,COPIED_BYTE_IDENTICAL,Raw or repeated audit evidence preserved in R5 release assets,"[""R5 provenance/release assets""]",SOURCE_R5_MANIFEST_VERIFIED
reports/phase_00_analysis/execution_release_R1/cell_logs/09_P00-CELL-L0-L3-INTEGRATION_stdout.log,30e9a0c184e746edbb3d30d6941362e76a281d56a79ebab3851ead22dee38e28,1050,REPORT_OR_MACHINE_EVIDENCE,EXCLUDED_RAW_AUDIT,,COPIED_BYTE_IDENTICAL,Raw or repeated audit evidence preserved in R5 release assets,"[""R5 provenance/release assets""]",SOURCE_R5_MANIFEST_VERIFIED
reports/phase_00_analysis/execution_release_R1/cell_logs/10_P00-CELL-POLICY-UPDATE_stderr.log,e3b0c44298fc1c149afbf4c8996fb92427ae41e4649b934ca495991b7852b855,0,REPORT_OR_MACHINE_EVIDENCE,EXCLUDED_RAW_AUDIT,,COPIED_BYTE_IDENTICAL,Raw or repeated audit evidence preserved in R5 release assets,"[""R5 provenance/release assets""]",SOURCE_R5_MANIFEST_VERIFIED
reports/phase_00_analysis/execution_release_R1/cell_logs/10_P00-CELL-POLICY-UPDATE_stdout.log,baac57e1881455a1b285958ea826050b741dc42ab53385ead5cd54065a916c61,1367,REPORT_OR_MACHINE_EVIDENCE,EXCLUDED_RAW_AUDIT,,COPIED_BYTE_IDENTICAL,Raw or repeated audit evidence preserved in R5 release assets,"[""R5 provenance/release assets""]",SOURCE_R5_MANIFEST_VERIFIED
reports/phase_00_analysis/execution_release_R1/cell_logs/11_P00-CELL-FROZEN-EVALUATION_stderr.log,e3b0c44298fc1c149afbf4c8996fb92427ae41e4649b934ca495991b7852b855,0,REPORT_OR_MACHINE_EVIDENCE,EXCLUDED_RAW_AUDIT,,COPIED_BYTE_IDENTICAL,Raw or repeated audit evidence preserved in R5 release assets,"[""R5 provenance/release assets""]",SOURCE_R5_MANIFEST_VERIFIED
reports/phase_00_analysis/execution_release_R1/cell_logs/11_P00-CELL-FROZEN-EVALUATION_stdout.log,6d3fdd9b9d012243abd877c908d1e01e7a476ffa2a5aafa05508f69b3aa23f6f,1367,REPORT_OR_MACHINE_EVIDENCE,EXCLUDED_RAW_AUDIT,,COPIED_BYTE_IDENTICAL,Raw or repeated audit evidence preserved in R5 release assets,"[""R5 provenance/release assets""]",SOURCE_R5_MANIFEST_VERIFIED
reports/phase_00_analysis/execution_release_R1/cell_logs/12_P00-CELL-L8-STRESS-LINEAGE_stderr.log,e3b0c44298fc1c149afbf4c8996fb92427ae41e4649b934ca495991b7852b855,0,REPORT_OR_MACHINE_EVIDENCE,EXCLUDED_RAW_AUDIT,,COPIED_BYTE_IDENTICAL,Raw or repeated audit evidence preserved in R5 release assets,"[""R5 provenance/release assets""]",SOURCE_R5_MANIFEST_VERIFIED
reports/phase_00_analysis/execution_release_R1/cell_logs/12_P00-CELL-L8-STRESS-LINEAGE_stdout.log,400e189b94de9c5a373dee79b5cedc4f7fbfc01d859a82dc88f66eb5b6676589,1755,REPORT_OR_MACHINE_EVIDENCE,EXCLUDED_RAW_AUDIT,,COPIED_BYTE_IDENTICAL,Raw or repeated audit evidence preserved in R5 release assets,"[""R5 provenance/release assets""]",SOURCE_R5_MANIFEST_VERIFIED
reports/phase_00_analysis/execution_release_R1/cell_logs/13_P00-CELL-L9-EMBODIMENT-PROXY_stderr.log,e3b0c44298fc1c149afbf4c8996fb92427ae41e4649b934ca495991b7852b855,0,REPORT_OR_MACHINE_EVIDENCE,EXCLUDED_RAW_AUDIT,,COPIED_BYTE_IDENTICAL,Raw or repeated audit evidence preserved in R5 release assets,"[""R5 provenance/release assets""]",SOURCE_R5_MANIFEST_VERIFIED
reports/phase_00_analysis/execution_release_R1/cell_logs/13_P00-CELL-L9-EMBODIMENT-PROXY_stdout.log,1a62e401f63f56840b08febc0af6f70cbfab3ea05368f0a826244a1fad390c57,1755,REPORT_OR_MACHINE_EVIDENCE,EXCLUDED_RAW_AUDIT,,COPIED_BYTE_IDENTICAL,Raw or repeated audit evidence preserved in R5 release assets,"[""R5 provenance/release assets""]",SOURCE_R5_MANIFEST_VERIFIED
reports/phase_00_analysis/execution_release_R1/cell_logs/14_P00-CELL-L10-READ-ONLY_stderr.log,e3b0c44298fc1c149afbf4c8996fb92427ae41e4649b934ca495991b7852b855,0,REPORT_OR_MACHINE_EVIDENCE,EXCLUDED_RAW_AUDIT,,COPIED_BYTE_IDENTICAL,Raw or repeated audit evidence preserved in R5 release assets,"[""R5 provenance/release assets""]",SOURCE_R5_MANIFEST_VERIFIED
reports/phase_00_analysis/execution_release_R1/cell_logs/14_P00-CELL-L10-READ-ONLY_stdout.log,df90297b6081de1090ae6c45e72be4281272a3b4b9b192e6b1865e3ae7ef71a9,1755,REPORT_OR_MACHINE_EVIDENCE,EXCLUDED_RAW_AUDIT,,COPIED_BYTE_IDENTICAL,Raw or repeated audit evidence preserved in R5 release assets,"[""R5 provenance/release assets""]",SOURCE_R5_MANIFEST_VERIFIED
reports/phase_00_analysis/execution_release_R1/cell_logs/15_P00-CELL-MANIFEST-RECONCILIATION_stderr.log,e3b0c44298fc1c149afbf4c8996fb92427ae41e4649b934ca495991b7852b855,0,REPORT_OR_MACHINE_EVIDENCE,EXCLUDED_RAW_AUDIT,,COPIED_BYTE_IDENTICAL,Raw or repeated audit evidence preserved in R5 release assets,"[""R5 provenance/release assets""]",SOURCE_R5_MANIFEST_VERIFIED
reports/phase_00_analysis/execution_release_R1/cell_logs/15_P00-CELL-MANIFEST-RECONCILIATION_stdout.log,f3aae22a3e8414c46780566f7179d9a2c7b515312b7d82e54270f2bfdf6cf1a2,15,REPORT_OR_MACHINE_EVIDENCE,EXCLUDED_RAW_AUDIT,,COPIED_BYTE_IDENTICAL,Raw or repeated audit evidence preserved in R5 release assets,"[""R5 provenance/release assets""]",SOURCE_R5_MANIFEST_VERIFIED
reports/phase_00_analysis/execution_release_R1/cell_logs/16_P00-CELL-LOCAL-REPRODUCTION_stderr.log,e3b0c44298fc1c149afbf4c8996fb92427ae41e4649b934ca495991b7852b855,0,REPORT_OR_MACHINE_EVIDENCE,EXCLUDED_RAW_AUDIT,,COPIED_BYTE_IDENTICAL,Raw or repeated audit evidence preserved in R5 release assets,"[""R5 provenance/release assets""]",SOURCE_R5_MANIFEST_VERIFIED
reports/phase_00_analysis/execution_release_R1/cell_logs/16_P00-CELL-LOCAL-REPRODUCTION_stdout.log,e3b0c44298fc1c149afbf4c8996fb92427ae41e4649b934ca495991b7852b855,0,REPORT_OR_MACHINE_EVIDENCE,EXCLUDED_RAW_AUDIT,,COPIED_BYTE_IDENTICAL,Raw or repeated audit evidence preserved in R5 release assets,"[""R5 provenance/release assets""]",SOURCE_R5_MANIFEST_VERIFIED
reports/phase_00_analysis/execution_release_R1/cell_logs/17_P00-CELL-PACKAGE-INTEGRITY_stderr.log,e3b0c44298fc1c149afbf4c8996fb92427ae41e4649b934ca495991b7852b855,0,REPORT_OR_MACHINE_EVIDENCE,EXCLUDED_RAW_AUDIT,,COPIED_BYTE_IDENTICAL,Raw or repeated audit evidence preserved in R5 release assets,"[""R5 provenance/release assets""]",SOURCE_R5_MANIFEST_VERIFIED
reports/phase_00_analysis/execution_release_R1/cell_logs/17_P00-CELL-PACKAGE-INTEGRITY_stdout.log,9440b71025b032e613b8fee73b24c157e03854175402f497f7636f1b87252600,347,REPORT_OR_MACHINE_EVIDENCE,EXCLUDED_RAW_AUDIT,,COPIED_BYTE_IDENTICAL,Raw or repeated audit evidence preserved in R5 release assets,"[""R5 provenance/release assets""]",SOURCE_R5_MANIFEST_VERIFIED
reports/phase_00_analysis/execution_release_R1/cell_logs/18_P00-CELL-FUTURE-PHASE-CONTRACTS_stderr.log,e3b0c44298fc1c149afbf4c8996fb92427ae41e4649b934ca495991b7852b855,0,REPORT_OR_MACHINE_EVIDENCE,EXCLUDED_RAW_AUDIT,,COPIED_BYTE_IDENTICAL,Raw or repeated audit evidence preserved in R5 release assets,"[""R5 provenance/release assets""]",SOURCE_R5_MANIFEST_VERIFIED
reports/phase_00_analysis/execution_release_R1/cell_logs/18_P00-CELL-FUTURE-PHASE-CONTRACTS_stdout.log,a321f48da26f904c76ec632499638d4c9cfed0cfb6a33f71b41e1177bc75d7c1,931,REPORT_OR_MACHINE_EVIDENCE,EXCLUDED_RAW_AUDIT,,COPIED_BYTE_IDENTICAL,Raw or repeated audit evidence preserved in R5 release assets,"[""R5 provenance/release assets""]",SOURCE_R5_MANIFEST_VERIFIED
reports/phase_00_analysis/execution_release_R1/cell_logs/19_P00-CELL-NEXT-DOCUMENT-READINESS_stderr.log,e3b0c44298fc1c149afbf4c8996fb92427ae41e4649b934ca495991b7852b855,0,REPORT_OR_MACHINE_EVIDENCE,EXCLUDED_RAW_AUDIT,,COPIED_BYTE_IDENTICAL,Raw or repeated audit evidence preserved in R5 release assets,"[""R5 provenance/release assets""]",SOURCE_R5_MANIFEST_VERIFIED
reports/phase_00_analysis/execution_release_R1/cell_logs/19_P00-CELL-NEXT-DOCUMENT-READINESS_stdout.log,520c3a491e12c923cb402ec38f063df0e3dbe3eca391e751c79188c602727716,790,REPORT_OR_MACHINE_EVIDENCE,EXCLUDED_RAW_AUDIT,,COPIED_BYTE_IDENTICAL,Raw or repeated audit evidence preserved in R5 release assets,"[""R5 provenance/release assets""]",SOURCE_R5_MANIFEST_VERIFIED
reports/phase_00_analysis/execution_release_R1/chunk_01_04.json,1e29bd6f21864becb59f0c2a6bff4314a90e82477f338b214ca0969a833cfdbb,2619,REPORT_OR_MACHINE_EVIDENCE,RELEASE_ASSET_ONLY,,COPIED_BYTE_IDENTICAL,Preserved in the exact R5 archive; not required in the normal working tree,"[""R5 provenance/release assets""]",SOURCE_R5_MANIFEST_VERIFIED
reports/phase_00_analysis/execution_release_R1/chunk_05_05.json,065a9d8dcb2f4fb752c5d1be8f830510db2c84292670ef1b5fa8837ae7cb23a3,636,REPORT_OR_MACHINE_EVIDENCE,RELEASE_ASSET_ONLY,,COPIED_BYTE_IDENTICAL,Preserved in the exact R5 archive; not required in the normal working tree,"[""R5 provenance/release assets""]",SOURCE_R5_MANIFEST_VERIFIED
reports/phase_00_analysis/execution_release_R1/chunk_06_06.json,a787bb1265949b2e4049633c01016ffc711074bb66a9f5139f1cfb33aff3732a,769,REPORT_OR_MACHINE_EVIDENCE,RELEASE_ASSET_ONLY,,COPIED_BYTE_IDENTICAL,Preserved in the exact R5 archive; not required in the normal working tree,"[""R5 provenance/release assets""]",SOURCE_R5_MANIFEST_VERIFIED
reports/phase_00_analysis/execution_release_R1/chunk_07_07.json,6ed1f012d9c1b611941c4f73838ecfd2b604c6a2e9bc2309b03e85004e43d14c,655,REPORT_OR_MACHINE_EVIDENCE,RELEASE_ASSET_ONLY,,COPIED_BYTE_IDENTICAL,Preserved in the exact R5 archive; not required in the normal working tree,"[""R5 provenance/release assets""]",SOURCE_R5_MANIFEST_VERIFIED
reports/phase_00_analysis/execution_release_R1/chunk_08_11.json,fa0045537595d46fd0c984aaf18d6853562264115ff6332fad3b4660a8fa674a,2553,REPORT_OR_MACHINE_EVIDENCE,RELEASE_ASSET_ONLY,,COPIED_BYTE_IDENTICAL,Preserved in the exact R5 archive; not required in the normal working tree,"[""R5 provenance/release assets""]",SOURCE_R5_MANIFEST_VERIFIED
reports/phase_00_analysis/execution_release_R1/chunk_12_14.json,5e0d30d8f192c164d0d9da1e4ef02bfb1b94092fc9424a6ac7daed0e2ff012c4,1914,REPORT_OR_MACHINE_EVIDENCE,RELEASE_ASSET_ONLY,,COPIED_BYTE_IDENTICAL,Preserved in the exact R5 archive; not required in the normal working tree,"[""R5 provenance/release assets""]",SOURCE_R5_MANIFEST_VERIFIED
reports/phase_00_analysis/execution_release_R1/chunk_15_15.json,2d589b0026c07d566a6adfa7f33be4cfd158939f92765b81fdc640978ee6d820,722,REPORT_OR_MACHINE_EVIDENCE,RELEASE_ASSET_ONLY,,COPIED_BYTE_IDENTICAL,Preserved in the exact R5 archive; not required in the normal working tree,"[""R5 provenance/release assets""]",SOURCE_R5_MANIFEST_VERIFIED
reports/phase_00_analysis/execution_release_R1/chunk_17_19.json,68bdd94cf6f90acaee528907c537d0ddc84c6ab7375ce542838da7ed591a1dce,2070,REPORT_OR_MACHINE_EVIDENCE,RELEASE_ASSET_ONLY,,COPIED_BYTE_IDENTICAL,Preserved in the exact R5 archive; not required in the normal working tree,"[""R5 provenance/release assets""]",SOURCE_R5_MANIFEST_VERIFIED
reports/phase_00_analysis/execution_release_R1/clean_reproduction_report.json,ed9d042f56d17845cd57e4bec7a4ffda24e756ba67d6999be19e9d1edc5d30bf,2535,REPORT_OR_MACHINE_EVIDENCE,RELEASE_ASSET_ONLY,,COPIED_BYTE_IDENTICAL,Preserved in the exact R5 archive; not required in the normal working tree,"[""R5 provenance/release assets""]",SOURCE_R5_MANIFEST_VERIFIED
reports/phase_00_analysis/execution_release_R1/execution_release_manifest.json,8d0e4d57fc7ec184e23cb0a215e1a216dffd4ee717c568c7ad6fe120e3d3eadc,13829,REPORT_OR_MACHINE_EVIDENCE,RELEASE_ASSET_ONLY,,COPIED_BYTE_IDENTICAL,Preserved in the exact R5 archive; not required in the normal working tree,"[""R5 provenance/release assets""]",SOURCE_R5_MANIFEST_VERIFIED
reports/phase_00_analysis/execution_release_R2/cell_logs/01_P00-CELL-AUTHORITY-INTAKE_stderr.log,e3b0c44298fc1c149afbf4c8996fb92427ae41e4649b934ca495991b7852b855,0,REPORT_OR_MACHINE_EVIDENCE,EXCLUDED_RAW_AUDIT,,COPIED_BYTE_IDENTICAL,Raw or repeated audit evidence preserved in R5 release assets,"[""R5 provenance/release assets""]",SOURCE_R5_MANIFEST_VERIFIED
reports/phase_00_analysis/execution_release_R2/cell_logs/01_P00-CELL-AUTHORITY-INTAKE_stdout.log,520c3a491e12c923cb402ec38f063df0e3dbe3eca391e751c79188c602727716,790,REPORT_OR_MACHINE_EVIDENCE,EXCLUDED_RAW_AUDIT,,COPIED_BYTE_IDENTICAL,Raw or repeated audit evidence preserved in R5 release assets,"[""R5 provenance/release assets""]",SOURCE_R5_MANIFEST_VERIFIED
reports/phase_00_analysis/execution_release_R2/cell_logs/02_P00-CELL-SCHEMA-COVERAGE_stderr.log,e3b0c44298fc1c149afbf4c8996fb92427ae41e4649b934ca495991b7852b855,0,REPORT_OR_MACHINE_EVIDENCE,EXCLUDED_RAW_AUDIT,,COPIED_BYTE_IDENTICAL,Raw or repeated audit evidence preserved in R5 release assets,"[""R5 provenance/release assets""]",SOURCE_R5_MANIFEST_VERIFIED
reports/phase_00_analysis/execution_release_R2/cell_logs/02_P00-CELL-SCHEMA-COVERAGE_stdout.log,5b4e97ba2773b218371970e1c924d4cb85e96eb28402370b1385fb4aa1611569,214,REPORT_OR_MACHINE_EVIDENCE,EXCLUDED_RAW_AUDIT,,COPIED_BYTE_IDENTICAL,Raw or repeated audit evidence preserved in R5 release assets,"[""R5 provenance/release assets""]",SOURCE_R5_MANIFEST_VERIFIED
reports/phase_00_analysis/execution_release_R2/cell_logs/03_P00-CELL-CONFIG-RESOLUTION_stderr.log,e3b0c44298fc1c149afbf4c8996fb92427ae41e4649b934ca495991b7852b855,0,REPORT_OR_MACHINE_EVIDENCE,EXCLUDED_RAW_AUDIT,,COPIED_BYTE_IDENTICAL,Raw or repeated audit evidence preserved in R5 release assets,"[""R5 provenance/release assets""]",SOURCE_R5_MANIFEST_VERIFIED
reports/phase_00_analysis/execution_release_R2/cell_logs/03_P00-CELL-CONFIG-RESOLUTION_stdout.log,36db8a0f238df714328b4a19bb216b360cbab38d4462f58c810cbe2b278ac31b,82,REPORT_OR_MACHINE_EVIDENCE,EXCLUDED_RAW_AUDIT,,COPIED_BYTE_IDENTICAL,Raw or repeated audit evidence preserved in R5 release assets,"[""R5 provenance/release assets""]",SOURCE_R5_MANIFEST_VERIFIED
reports/phase_00_analysis/execution_release_R2/cell_logs/04_P00-CELL-IDENTITY-JCS-HASH_stderr.log,e3b0c44298fc1c149afbf4c8996fb92427ae41e4649b934ca495991b7852b855,0,REPORT_OR_MACHINE_EVIDENCE,EXCLUDED_RAW_AUDIT,,COPIED_BYTE_IDENTICAL,Raw or repeated audit evidence preserved in R5 release assets,"[""R5 provenance/release assets""]",SOURCE_R5_MANIFEST_VERIFIED
reports/phase_00_analysis/execution_release_R2/cell_logs/04_P00-CELL-IDENTITY-JCS-HASH_stdout.log,a4ce3c4d2d126cf54794b588fe0568dcf174b80e68913316f73e0da7b9f1c64b,98,REPORT_OR_MACHINE_EVIDENCE,EXCLUDED_RAW_AUDIT,,COPIED_BYTE_IDENTICAL,Raw or repeated audit evidence preserved in R5 release assets,"[""R5 provenance/release assets""]",SOURCE_R5_MANIFEST_VERIFIED
reports/phase_00_analysis/execution_release_R2/cell_logs/05_P00-CELL-VALID-FIXTURES_stderr.log,e3b0c44298fc1c149afbf4c8996fb92427ae41e4649b934ca495991b7852b855,0,REPORT_OR_MACHINE_EVIDENCE,EXCLUDED_RAW_AUDIT,,COPIED_BYTE_IDENTICAL,Raw or repeated audit evidence preserved in R5 release assets,"[""R5 provenance/release assets""]",SOURCE_R5_MANIFEST_VERIFIED
reports/phase_00_analysis/execution_release_R2/cell_logs/05_P00-CELL-VALID-FIXTURES_stdout.log,b5a574ccfff522b047e4bbc8868608d4bc62843b2bb058706cb61044d249c695,98,REPORT_OR_MACHINE_EVIDENCE,EXCLUDED_RAW_AUDIT,,COPIED_BYTE_IDENTICAL,Raw or repeated audit evidence preserved in R5 release assets,"[""R5 provenance/release assets""]",SOURCE_R5_MANIFEST_VERIFIED
reports/phase_00_analysis/execution_release_R2/cell_logs/06_P00-CELL-MALFORMED-FIXTURES_stderr.log,e3b0c44298fc1c149afbf4c8996fb92427ae41e4649b934ca495991b7852b855,0,REPORT_OR_MACHINE_EVIDENCE,EXCLUDED_RAW_AUDIT,,COPIED_BYTE_IDENTICAL,Raw or repeated audit evidence preserved in R5 release assets,"[""R5 provenance/release assets""]",SOURCE_R5_MANIFEST_VERIFIED
reports/phase_00_analysis/execution_release_R2/cell_logs/06_P00-CELL-MALFORMED-FIXTURES_stdout.log,8f9aa50f32c86510cd4579dd7fe60d51c9258498b87ac735f52813d3defb0110,99,REPORT_OR_MACHINE_EVIDENCE,EXCLUDED_RAW_AUDIT,,COPIED_BYTE_IDENTICAL,Raw or repeated audit evidence preserved in R5 release assets,"[""R5 provenance/release assets""]",SOURCE_R5_MANIFEST_VERIFIED
reports/phase_00_analysis/execution_release_R2/cell_logs/07_P00-CELL-VALIDATOR-TEST-COVERAGE_exit.txt,9a271f2a916b0b6ee6cecb2426f0b3206ef074578be55d9bc94f6f3fe3ab86aa,2,REPORT_OR_MACHINE_EVIDENCE,RELEASE_ASSET_ONLY,,COPIED_BYTE_IDENTICAL,Preserved in the exact R5 archive; not required in the normal working tree,"[""R5 provenance/release assets""]",SOURCE_R5_MANIFEST_VERIFIED
reports/phase_00_analysis/execution_release_R2/cell_logs/07_P00-CELL-VALIDATOR-TEST-COVERAGE_stderr.log,e3b0c44298fc1c149afbf4c8996fb92427ae41e4649b934ca495991b7852b855,0,REPORT_OR_MACHINE_EVIDENCE,EXCLUDED_RAW_AUDIT,,COPIED_BYTE_IDENTICAL,Raw or repeated audit evidence preserved in R5 release assets,"[""R5 provenance/release assets""]",SOURCE_R5_MANIFEST_VERIFIED
reports/phase_00_analysis/execution_release_R2/cell_logs/07_P00-CELL-VALIDATOR-TEST-COVERAGE_stdout.log,c16384014aa601c77abd5746d82f13719797538b3d8a269dd2b7ba0890c76872,181,REPORT_OR_MACHINE_EVIDENCE,EXCLUDED_RAW_AUDIT,,COPIED_BYTE_IDENTICAL,Raw or repeated audit evidence preserved in R5 release assets,"[""R5 provenance/release assets""]",SOURCE_R5_MANIFEST_VERIFIED
reports/phase_00_analysis/execution_release_R2/cell_logs/08_P00-CELL-A0-A13-READINESS_exit.txt,9a271f2a916b0b6ee6cecb2426f0b3206ef074578be55d9bc94f6f3fe3ab86aa,2,REPORT_OR_MACHINE_EVIDENCE,RELEASE_ASSET_ONLY,,COPIED_BYTE_IDENTICAL,Preserved in the exact R5 archive; not required in the normal working tree,"[""R5 provenance/release assets""]",SOURCE_R5_MANIFEST_VERIFIED
reports/phase_00_analysis/execution_release_R2/cell_logs/08_P00-CELL-A0-A13-READINESS_stderr.log,e3b0c44298fc1c149afbf4c8996fb92427ae41e4649b934ca495991b7852b855,0,REPORT_OR_MACHINE_EVIDENCE,EXCLUDED_RAW_AUDIT,,COPIED_BYTE_IDENTICAL,Raw or repeated audit evidence preserved in R5 release assets,"[""R5 provenance/release assets""]",SOURCE_R5_MANIFEST_VERIFIED
reports/phase_00_analysis/execution_release_R2/cell_logs/08_P00-CELL-A0-A13-READINESS_stdout.log,a321f48da26f904c76ec632499638d4c9cfed0cfb6a33f71b41e1177bc75d7c1,931,REPORT_OR_MACHINE_EVIDENCE,EXCLUDED_RAW_AUDIT,,COPIED_BYTE_IDENTICAL,Raw or repeated audit evidence preserved in R5 release assets,"[""R5 provenance/release assets""]",SOURCE_R5_MANIFEST_VERIFIED
reports/phase_00_analysis/execution_release_R2/cell_logs/09_P00-CELL-L0-L3-INTEGRATION_exit.txt,9a271f2a916b0b6ee6cecb2426f0b3206ef074578be55d9bc94f6f3fe3ab86aa,2,REPORT_OR_MACHINE_EVIDENCE,RELEASE_ASSET_ONLY,,COPIED_BYTE_IDENTICAL,Preserved in the exact R5 archive; not required in the normal working tree,"[""R5 provenance/release assets""]",SOURCE_R5_MANIFEST_VERIFIED
reports/phase_00_analysis/execution_release_R2/cell_logs/09_P00-CELL-L0-L3-INTEGRATION_stderr.log,e3b0c44298fc1c149afbf4c8996fb92427ae41e4649b934ca495991b7852b855,0,REPORT_OR_MACHINE_EVIDENCE,EXCLUDED_RAW_AUDIT,,COPIED_BYTE_IDENTICAL,Raw or repeated audit evidence preserved in R5 release assets,"[""R5 provenance/release assets""]",SOURCE_R5_MANIFEST_VERIFIED
reports/phase_00_analysis/execution_release_R2/cell_logs/09_P00-CELL-L0-L3-INTEGRATION_stdout.log,7db6bd0c309eed3054573abe0584e4aa4a587bc5866fff453072a7df4ef46451,1050,REPORT_OR_MACHINE_EVIDENCE,EXCLUDED_RAW_AUDIT,,COPIED_BYTE_IDENTICAL,Raw or repeated audit evidence preserved in R5 release assets,"[""R5 provenance/release assets""]",SOURCE_R5_MANIFEST_VERIFIED
reports/phase_00_analysis/execution_release_R2/cell_logs/10_P00-CELL-POLICY-UPDATE_exit.txt,9a271f2a916b0b6ee6cecb2426f0b3206ef074578be55d9bc94f6f3fe3ab86aa,2,REPORT_OR_MACHINE_EVIDENCE,RELEASE_ASSET_ONLY,,COPIED_BYTE_IDENTICAL,Preserved in the exact R5 archive; not required in the normal working tree,"[""R5 provenance/release assets""]",SOURCE_R5_MANIFEST_VERIFIED
reports/phase_00_analysis/execution_release_R2/cell_logs/10_P00-CELL-POLICY-UPDATE_stderr.log,e3b0c44298fc1c149afbf4c8996fb92427ae41e4649b934ca495991b7852b855,0,REPORT_OR_MACHINE_EVIDENCE,EXCLUDED_RAW_AUDIT,,COPIED_BYTE_IDENTICAL,Raw or repeated audit evidence preserved in R5 release assets,"[""R5 provenance/release assets""]",SOURCE_R5_MANIFEST_VERIFIED
reports/phase_00_analysis/execution_release_R2/cell_logs/10_P00-CELL-POLICY-UPDATE_stdout.log,12de80376426477466da1b62d32eae26bf35984016ac1781b924ff3394d97c9d,1367,REPORT_OR_MACHINE_EVIDENCE,EXCLUDED_RAW_AUDIT,,COPIED_BYTE_IDENTICAL,Raw or repeated audit evidence preserved in R5 release assets,"[""R5 provenance/release assets""]",SOURCE_R5_MANIFEST_VERIFIED
reports/phase_00_analysis/execution_release_R2/cell_logs/11_P00-CELL-FROZEN-EVALUATION_exit.txt,9a271f2a916b0b6ee6cecb2426f0b3206ef074578be55d9bc94f6f3fe3ab86aa,2,REPORT_OR_MACHINE_EVIDENCE,RELEASE_ASSET_ONLY,,COPIED_BYTE_IDENTICAL,Preserved in the exact R5 archive; not required in the normal working tree,"[""R5 provenance/release assets""]",SOURCE_R5_MANIFEST_VERIFIED
reports/phase_00_analysis/execution_release_R2/cell_logs/11_P00-CELL-FROZEN-EVALUATION_stderr.log,e3b0c44298fc1c149afbf4c8996fb92427ae41e4649b934ca495991b7852b855,0,REPORT_OR_MACHINE_EVIDENCE,EXCLUDED_RAW_AUDIT,,COPIED_BYTE_IDENTICAL,Raw or repeated audit evidence preserved in R5 release assets,"[""R5 provenance/release assets""]",SOURCE_R5_MANIFEST_VERIFIED
reports/phase_00_analysis/execution_release_R2/cell_logs/11_P00-CELL-FROZEN-EVALUATION_stdout.log,551d70493bd4536ef778c35ad525d3fc2680eb26066f749f26651c0350b7e53f,1367,REPORT_OR_MACHINE_EVIDENCE,EXCLUDED_RAW_AUDIT,,COPIED_BYTE_IDENTICAL,Raw or repeated audit evidence preserved in R5 release assets,"[""R5 provenance/release assets""]",SOURCE_R5_MANIFEST_VERIFIED
reports/phase_00_analysis/execution_release_R2/cell_logs/12_P00-CELL-L8-STRESS-LINEAGE_exit.txt,9a271f2a916b0b6ee6cecb2426f0b3206ef074578be55d9bc94f6f3fe3ab86aa,2,REPORT_OR_MACHINE_EVIDENCE,RELEASE_ASSET_ONLY,,COPIED_BYTE_IDENTICAL,Preserved in the exact R5 archive; not required in the normal working tree,"[""R5 provenance/release assets""]",SOURCE_R5_MANIFEST_VERIFIED
reports/phase_00_analysis/execution_release_R2/cell_logs/12_P00-CELL-L8-STRESS-LINEAGE_stderr.log,e3b0c44298fc1c149afbf4c8996fb92427ae41e4649b934ca495991b7852b855,0,REPORT_OR_MACHINE_EVIDENCE,EXCLUDED_RAW_AUDIT,,COPIED_BYTE_IDENTICAL,Raw or repeated audit evidence preserved in R5 release assets,"[""R5 provenance/release assets""]",SOURCE_R5_MANIFEST_VERIFIED
reports/phase_00_analysis/execution_release_R2/cell_logs/12_P00-CELL-L8-STRESS-LINEAGE_stdout.log,6669ef3feb02617795824b649117ae3ce78aed456f04cdf66b18722ff6ea360a,1755,REPORT_OR_MACHINE_EVIDENCE,EXCLUDED_RAW_AUDIT,,COPIED_BYTE_IDENTICAL,Raw or repeated audit evidence preserved in R5 release assets,"[""R5 provenance/release assets""]",SOURCE_R5_MANIFEST_VERIFIED
reports/phase_00_analysis/execution_release_R2/cell_logs/13_P00-CELL-L9-EMBODIMENT-PROXY_stderr.log,e3b0c44298fc1c149afbf4c8996fb92427ae41e4649b934ca495991b7852b855,0,REPORT_OR_MACHINE_EVIDENCE,EXCLUDED_RAW_AUDIT,,COPIED_BYTE_IDENTICAL,Raw or repeated audit evidence preserved in R5 release assets,"[""R5 provenance/release assets""]",SOURCE_R5_MANIFEST_VERIFIED
reports/phase_00_analysis/execution_release_R2/cell_logs/13_P00-CELL-L9-EMBODIMENT-PROXY_stdout.log,6669ef3feb02617795824b649117ae3ce78aed456f04cdf66b18722ff6ea360a,1755,REPORT_OR_MACHINE_EVIDENCE,EXCLUDED_RAW_AUDIT,,COPIED_BYTE_IDENTICAL,Raw or repeated audit evidence preserved in R5 release assets,"[""R5 provenance/release assets""]",SOURCE_R5_MANIFEST_VERIFIED
reports/phase_00_analysis/execution_release_R2/cell_logs/14_P00-CELL-L10-READ-ONLY_stderr.log,e3b0c44298fc1c149afbf4c8996fb92427ae41e4649b934ca495991b7852b855,0,REPORT_OR_MACHINE_EVIDENCE,EXCLUDED_RAW_AUDIT,,COPIED_BYTE_IDENTICAL,Raw or repeated audit evidence preserved in R5 release assets,"[""R5 provenance/release assets""]",SOURCE_R5_MANIFEST_VERIFIED
reports/phase_00_analysis/execution_release_R2/cell_logs/14_P00-CELL-L10-READ-ONLY_stdout.log,6669ef3feb02617795824b649117ae3ce78aed456f04cdf66b18722ff6ea360a,1755,REPORT_OR_MACHINE_EVIDENCE,EXCLUDED_RAW_AUDIT,,COPIED_BYTE_IDENTICAL,Raw or repeated audit evidence preserved in R5 release assets,"[""R5 provenance/release assets""]",SOURCE_R5_MANIFEST_VERIFIED
reports/phase_00_analysis/execution_release_R2/cell_logs/15_P00-CELL-MANIFEST-RECONCILIATION_stderr.log,e3b0c44298fc1c149afbf4c8996fb92427ae41e4649b934ca495991b7852b855,0,REPORT_OR_MACHINE_EVIDENCE,EXCLUDED_RAW_AUDIT,,COPIED_BYTE_IDENTICAL,Raw or repeated audit evidence preserved in R5 release assets,"[""R5 provenance/release assets""]",SOURCE_R5_MANIFEST_VERIFIED
reports/phase_00_analysis/execution_release_R2/cell_logs/15_P00-CELL-MANIFEST-RECONCILIATION_stdout.log,bdf08fe8397f71d683ffe4d9d7cfce74984161a16b9b057a4a29c53f8a55e001,96,REPORT_OR_MACHINE_EVIDENCE,EXCLUDED_RAW_AUDIT,,COPIED_BYTE_IDENTICAL,Raw or repeated audit evidence preserved in R5 release assets,"[""R5 provenance/release assets""]",SOURCE_R5_MANIFEST_VERIFIED
reports/phase_00_analysis/execution_release_R2/cell_logs/16_P00-CELL-LOCAL-REPRODUCTION_stderr.log,e3b0c44298fc1c149afbf4c8996fb92427ae41e4649b934ca495991b7852b855,0,REPORT_OR_MACHINE_EVIDENCE,EXCLUDED_RAW_AUDIT,,COPIED_BYTE_IDENTICAL,Raw or repeated audit evidence preserved in R5 release assets,"[""R5 provenance/release assets""]",SOURCE_R5_MANIFEST_VERIFIED
reports/phase_00_analysis/execution_release_R2/cell_logs/16_P00-CELL-LOCAL-REPRODUCTION_stdout.log,09ad5634f5230e0a0bf61eb20457197df389c00ad2abe9101a8b1d923afe9391,92,REPORT_OR_MACHINE_EVIDENCE,EXCLUDED_RAW_AUDIT,,COPIED_BYTE_IDENTICAL,Raw or repeated audit evidence preserved in R5 release assets,"[""R5 provenance/release assets""]",SOURCE_R5_MANIFEST_VERIFIED
reports/phase_00_analysis/execution_release_R2/cell_logs/17_P00-CELL-PACKAGE-INTEGRITY_stderr.log,e3b0c44298fc1c149afbf4c8996fb92427ae41e4649b934ca495991b7852b855,0,REPORT_OR_MACHINE_EVIDENCE,EXCLUDED_RAW_AUDIT,,COPIED_BYTE_IDENTICAL,Raw or repeated audit evidence preserved in R5 release assets,"[""R5 provenance/release assets""]",SOURCE_R5_MANIFEST_VERIFIED
reports/phase_00_analysis/execution_release_R2/cell_logs/17_P00-CELL-PACKAGE-INTEGRITY_stdout.log,9a5d9fceabf598860e62b96a9c1085fd33059987170ed60997671bfe9982a807,411,REPORT_OR_MACHINE_EVIDENCE,EXCLUDED_RAW_AUDIT,,COPIED_BYTE_IDENTICAL,Raw or repeated audit evidence preserved in R5 release assets,"[""R5 provenance/release assets""]",SOURCE_R5_MANIFEST_VERIFIED
reports/phase_00_analysis/execution_release_R2/cell_logs/18_P00-CELL-FUTURE-PHASE-CONTRACTS_stderr.log,e3b0c44298fc1c149afbf4c8996fb92427ae41e4649b934ca495991b7852b855,0,REPORT_OR_MACHINE_EVIDENCE,EXCLUDED_RAW_AUDIT,,COPIED_BYTE_IDENTICAL,Raw or repeated audit evidence preserved in R5 release assets,"[""R5 provenance/release assets""]",SOURCE_R5_MANIFEST_VERIFIED
reports/phase_00_analysis/execution_release_R2/cell_logs/18_P00-CELL-FUTURE-PHASE-CONTRACTS_stdout.log,a321f48da26f904c76ec632499638d4c9cfed0cfb6a33f71b41e1177bc75d7c1,931,REPORT_OR_MACHINE_EVIDENCE,EXCLUDED_RAW_AUDIT,,COPIED_BYTE_IDENTICAL,Raw or repeated audit evidence preserved in R5 release assets,"[""R5 provenance/release assets""]",SOURCE_R5_MANIFEST_VERIFIED
reports/phase_00_analysis/execution_release_R2/cell_logs/19_P00-CELL-NEXT-DOCUMENT-READINESS_stderr.log,e3b0c44298fc1c149afbf4c8996fb92427ae41e4649b934ca495991b7852b855,0,REPORT_OR_MACHINE_EVIDENCE,EXCLUDED_RAW_AUDIT,,COPIED_BYTE_IDENTICAL,Raw or repeated audit evidence preserved in R5 release assets,"[""R5 provenance/release assets""]",SOURCE_R5_MANIFEST_VERIFIED
reports/phase_00_analysis/execution_release_R2/cell_logs/19_P00-CELL-NEXT-DOCUMENT-READINESS_stdout.log,520c3a491e12c923cb402ec38f063df0e3dbe3eca391e751c79188c602727716,790,REPORT_OR_MACHINE_EVIDENCE,EXCLUDED_RAW_AUDIT,,COPIED_BYTE_IDENTICAL,Raw or repeated audit evidence preserved in R5 release assets,"[""R5 provenance/release assets""]",SOURCE_R5_MANIFEST_VERIFIED
reports/phase_00_analysis/final_independent_audit_R2/IHARQ_Phase_0_Analysis_Final_Independent_Audit_Report_R2.docx,763e0ede29ee7eb273805ba681f99c0a2f8d1188054b791a9005d56afcdb4892,54100,REPORT_OR_MACHINE_EVIDENCE,EXCLUDED_GENERATED_FORMAT,,COPIED_BYTE_IDENTICAL,Duplicate generated format omitted because Markdown/current source controls,"[""R5 provenance/release assets""]",SOURCE_R5_MANIFEST_VERIFIED
reports/phase_00_analysis/final_independent_audit_R2/IHARQ_Phase_0_Analysis_Final_Independent_Audit_Report_R2.md,8642aaec25366aace23aae12e0dc5fd084b3f62e6f75480cb0573d4f2b187f93,30687,REPORT_OR_MACHINE_EVIDENCE,RELEASE_ASSET_ONLY,,COPIED_BYTE_IDENTICAL,Preserved in the exact R5 archive; not required in the normal working tree,"[""R5 provenance/release assets""]",SOURCE_R5_MANIFEST_VERIFIED
reports/phase_00_analysis/final_independent_audit_R2/execution/pytest_initial_failure_R2.log,7cc671abdb59c3eba4c4e3e068de9f07b47e7cd90e5437cc4a68707151b12c7f,2056,REPORT_OR_MACHINE_EVIDENCE,EXCLUDED_RAW_AUDIT,,COPIED_BYTE_IDENTICAL,Raw or repeated audit evidence preserved in R5 release assets,"[""R5 provenance/release assets""]",SOURCE_R5_MANIFEST_VERIFIED
reports/phase_00_analysis/final_independent_audit_R2/handoffs/phase_0_analysis_final_audit_handoff_R2.yaml,da941644b8b760087983c2356a30aa32f6ee193ccbed4069ebac8ada6ca55491,2566,REPORT_OR_MACHINE_EVIDENCE,RELEASE_ASSET_ONLY,,COPIED_BYTE_IDENTICAL,Preserved in the exact R5 archive; not required in the normal working tree,"[""R5 provenance/release assets""]",SOURCE_R5_MANIFEST_VERIFIED
reports/phase_00_analysis/final_independent_audit_R2/ledgers/analysis_requirement_completeness_matrix_R2.csv,5a6d21021548ab8c73622e4a2e86b9bea1e3bfcedf6eacaa0f9206999f50bcac,8049358,REPORT_OR_MACHINE_EVIDENCE,RELEASE_ASSET_ONLY,,COPIED_BYTE_IDENTICAL,Preserved in the exact R5 archive; not required in the normal working tree,"[""R5 provenance/release assets""]",SOURCE_R5_MANIFEST_VERIFIED
reports/phase_00_analysis/final_independent_audit_R2/ledgers/analysis_requirement_completeness_summary_R2.json,2f439708d7a77f4f4b9535e50f81ae1134e3312460e1c1a90ecd30e38cc95151,195,REPORT_OR_MACHINE_EVIDENCE,RELEASE_ASSET_ONLY,,COPIED_BYTE_IDENTICAL,Preserved in the exact R5 archive; not required in the normal working tree,"[""R5 provenance/release assets""]",SOURCE_R5_MANIFEST_VERIFIED
reports/phase_00_analysis/final_independent_audit_R2/ledgers/defect_and_repair_ledger_R2.yaml,4f6aa7882930bb3d2748ca2e9a6d3cc734bf83f19bc9f92c4e6f523a12b69e61,3198,REPORT_OR_MACHINE_EVIDENCE,RELEASE_ASSET_ONLY,,COPIED_BYTE_IDENTICAL,Preserved in the exact R5 archive; not required in the normal working tree,"[""R5 provenance/release assets""]",SOURCE_R5_MANIFEST_VERIFIED
reports/phase_00_analysis/final_independent_audit_R2/ledgers/placeholder_ledger_R2.yaml,0e5095c4fdfb40555466f2e984f07573601d465d2ba596735439ac715955651c,124,REPORT_OR_MACHINE_EVIDENCE,RELEASE_ASSET_ONLY,,COPIED_BYTE_IDENTICAL,Preserved in the exact R5 archive; not required in the normal working tree,"[""R5 provenance/release assets""]",SOURCE_R5_MANIFEST_VERIFIED
reports/phase_00_analysis/final_independent_audit_R2/ledgers/source_intake_ledger_R2.yaml,1e755882fcf4de2cac36b104024a4472c4a424df0c167be85bc42dc3b704d79f,6864,REPORT_OR_MACHINE_EVIDENCE,RELEASE_ASSET_ONLY,,COPIED_BYTE_IDENTICAL,Preserved in the exact R5 archive; not required in the normal working tree,"[""R5 provenance/release assets""]",SOURCE_R5_MANIFEST_VERIFIED
reports/phase_00_analysis/final_independent_audit_R2/reports/applicability_A0_A13_audit_R2.yaml,4f02c9bcac2a3951207f333f8239f8a440ead919df7042ea4a1bd352d6f6cb17,206,REPORT_OR_MACHINE_EVIDENCE,RELEASE_ASSET_ONLY,,COPIED_BYTE_IDENTICAL,Preserved in the exact R5 archive; not required in the normal working tree,"[""R5 provenance/release assets""]",SOURCE_R5_MANIFEST_VERIFIED
reports/phase_00_analysis/final_independent_audit_R2/reports/count_recalculation_report_R2.json,bbe3ba18fd4d465490baa6d082adf61011e09c9936f0586002176c49a4cb64e9,1029,REPORT_OR_MACHINE_EVIDENCE,RELEASE_ASSET_ONLY,,COPIED_BYTE_IDENTICAL,Preserved in the exact R5 archive; not required in the normal working tree,"[""R5 provenance/release assets""]",SOURCE_R5_MANIFEST_VERIFIED
reports/phase_00_analysis/final_independent_audit_R2/reports/environment_and_reproduction_audit_R2.yaml,e0666341bf334f89571d1a918c05aac625322d2740ba16d92042c473810532f1,698,REPORT_OR_MACHINE_EVIDENCE,RELEASE_ASSET_ONLY,,COPIED_BYTE_IDENTICAL,Preserved in the exact R5 archive; not required in the normal working tree,"[""R5 provenance/release assets""]",SOURCE_R5_MANIFEST_VERIFIED
reports/phase_00_analysis/final_independent_audit_R2/reports/findings_audit_R2.csv,59c8e2cf3e61eaf871a536ce94895dd2edac7f43ff994b8d024edb92269d0225,2365,REPORT_OR_MACHINE_EVIDENCE,RELEASE_ASSET_ONLY,,COPIED_BYTE_IDENTICAL,Preserved in the exact R5 archive; not required in the normal working tree,"[""R5 provenance/release assets""]",SOURCE_R5_MANIFEST_VERIFIED
reports/phase_00_analysis/final_independent_audit_R2/reports/fixture_validator_audit_R2.yaml,df5b8baf989c21c8ede4b3a2b1667d610cb1aa150be9a5a4770b1a82402f4954,410,REPORT_OR_MACHINE_EVIDENCE,RELEASE_ASSET_ONLY,,COPIED_BYTE_IDENTICAL,Preserved in the exact R5 archive; not required in the normal working tree,"[""R5 provenance/release assets""]",SOURCE_R5_MANIFEST_VERIFIED
reports/phase_00_analysis/final_independent_audit_R2/reports/gate_closure_audit_R2.yaml,41784590e5640054f88db64f2de79b1dc74bcd5c61bb8ee4222b6deec470f0f3,589,REPORT_OR_MACHINE_EVIDENCE,RELEASE_ASSET_ONLY,,COPIED_BYTE_IDENTICAL,Preserved in the exact R5 archive; not required in the normal working tree,"[""R5 provenance/release assets""]",SOURCE_R5_MANIFEST_VERIFIED
reports/phase_00_analysis/final_independent_audit_R2/reports/machine_human_no_drift_R2.json,8d00d1b16afe7d3959108e144a66cda60cb4271b0dd755689a889c0bc1eb3a64,2739,REPORT_OR_MACHINE_EVIDENCE,RELEASE_ASSET_ONLY,,COPIED_BYTE_IDENTICAL,Preserved in the exact R5 archive; not required in the normal working tree,"[""R5 provenance/release assets""]",SOURCE_R5_MANIFEST_VERIFIED
reports/phase_00_analysis/final_independent_audit_R2/reports/negative_and_repair_audit_R2.json,1ceb6d01b84b78b7045273a75426dd12b05c8bbea04bebe68c5a92c90c567c26,639,REPORT_OR_MACHINE_EVIDENCE,RELEASE_ASSET_ONLY,,COPIED_BYTE_IDENTICAL,Preserved in the exact R5 archive; not required in the normal working tree,"[""R5 provenance/release assets""]",SOURCE_R5_MANIFEST_VERIFIED
reports/phase_00_analysis/final_independent_audit_R2/reports/scope_overclaim_audit_R2.yaml,c1d2cf77ec6598f120fb1d1d43db1d085a4a86c3e93ebf543721f60779141dd3,257,REPORT_OR_MACHINE_EVIDENCE,RELEASE_ASSET_ONLY,,COPIED_BYTE_IDENTICAL,Preserved in the exact R5 archive; not required in the normal working tree,"[""R5 provenance/release assets""]",SOURCE_R5_MANIFEST_VERIFIED
reports/phase_00_analysis/final_independent_audit_R2/reviews/01_authority_reconstruction.md,d6f0f0e0bb671e7e40b07f2e557e3c8ca196a45c80567d8d2ab41bd84374a77f,355,REPORT_OR_MACHINE_EVIDENCE,RELEASE_ASSET_ONLY,,COPIED_BYTE_IDENTICAL,Preserved in the exact R5 archive; not required in the normal working tree,"[""R5 provenance/release assets""]",SOURCE_R5_MANIFEST_VERIFIED
reports/phase_00_analysis/final_independent_audit_R2/reviews/02_evidence_recalculation.md,a557da3d6fb8d9fa1575d39ccc32e4d866a69b72b6aa368a5b284f3a5cb77af0,294,REPORT_OR_MACHINE_EVIDENCE,RELEASE_ASSET_ONLY,,COPIED_BYTE_IDENTICAL,Preserved in the exact R5 archive; not required in the normal working tree,"[""R5 provenance/release assets""]",SOURCE_R5_MANIFEST_VERIFIED
reports/phase_00_analysis/final_independent_audit_R2/reviews/03_adversarial_red_team.md,dde7feef4f5731141379b834ff17a8ef8a690055b54e0b76b4e7695083bbd03c,331,REPORT_OR_MACHINE_EVIDENCE,RELEASE_ASSET_ONLY,,COPIED_BYTE_IDENTICAL,Preserved in the exact R5 archive; not required in the normal working tree,"[""R5 provenance/release assets""]",SOURCE_R5_MANIFEST_VERIFIED
reports/phase_00_analysis/final_independent_audit_R2/reviews/04_deterministic_validation.md,6fdb97e263e67b6834086215eaaef8e5332d5b77b9dec25508652a242691b1e6,246,REPORT_OR_MACHINE_EVIDENCE,RELEASE_ASSET_ONLY,,COPIED_BYTE_IDENTICAL,Preserved in the exact R5 archive; not required in the normal working tree,"[""R5 provenance/release assets""]",SOURCE_R5_MANIFEST_VERIFIED
reports/phase_00_analysis/final_independent_audit_R2/reviews/05_final_governance.md,723c89cd398caaf2b760ab55c1e846eab0440dc96a1cc1bbc30a22eb1d7ec3fc,254,REPORT_OR_MACHINE_EVIDENCE,RELEASE_ASSET_ONLY,,COPIED_BYTE_IDENTICAL,Preserved in the exact R5 archive; not required in the normal working tree,"[""R5 provenance/release assets""]",SOURCE_R5_MANIFEST_VERIFIED
reports/phase_00_analysis/final_independent_audit_R2/validation/final_freeze_decision_R2.yaml,d90f12ec8f99695414a1ef1d6dfb9d805caf011a8e7d61b2597f50851b838b0d,443,REPORT_OR_MACHINE_EVIDENCE,RELEASE_ASSET_ONLY,,COPIED_BYTE_IDENTICAL,Preserved in the exact R5 archive; not required in the normal working tree,"[""R5 provenance/release assets""]",SOURCE_R5_MANIFEST_VERIFIED
reports/phase_00_analysis/final_independent_audit_R2/validation/final_independent_audit_result_R2.json,d1f7cc8b233a7012a6bed7e0b641fe7c29935cc64d1738895da3e04d706a0d19,170,REPORT_OR_MACHINE_EVIDENCE,RELEASE_ASSET_ONLY,,COPIED_BYTE_IDENTICAL,Preserved in the exact R5 archive; not required in the normal working tree,"[""R5 provenance/release assets""]",SOURCE_R5_MANIFEST_VERIFIED
reports/phase_00_analysis/phase_0_analysis_creation_handoff_R1.yaml,64fa6dd8aaf396f6d351c62f1a3ce40e89930d0390ab4889d02829a41dc0f3f1,2294,REPORT_OR_MACHINE_EVIDENCE,RELEASE_ASSET_ONLY,,COPIED_BYTE_IDENTICAL,Preserved in the exact R5 archive; not required in the normal working tree,"[""R5 provenance/release assets""]",SOURCE_R5_MANIFEST_VERIFIED
reports/phase_00_analysis/phase_0_analysis_final_audit_handoff_R2.yaml,da941644b8b760087983c2356a30aa32f6ee193ccbed4069ebac8ada6ca55491,2566,REPORT_OR_MACHINE_EVIDENCE,RELEASE_ASSET_ONLY,,COPIED_BYTE_IDENTICAL,Preserved in the exact R5 archive; not required in the normal working tree,"[""R5 provenance/release assets""]",SOURCE_R5_MANIFEST_VERIFIED
reports/phase_00_closure_bridge/defect_and_repair_ledger_R1.yaml,1a7608660e79a22afb25e990269bf14538d1258e1e97689d3875aeb9a7944bd1,1505,REPORT_OR_MACHINE_EVIDENCE,RELEASE_ASSET_ONLY,,COPIED_BYTE_IDENTICAL,Preserved in the exact R5 archive; not required in the normal working tree,"[""R5 provenance/release assets""]",SOURCE_R5_MANIFEST_VERIFIED
reports/phase_00_closure_bridge/execution/01_static_exit.txt,9a271f2a916b0b6ee6cecb2426f0b3206ef074578be55d9bc94f6f3fe3ab86aa,2,REPORT_OR_MACHINE_EVIDENCE,RELEASE_ASSET_ONLY,,COPIED_BYTE_IDENTICAL,Preserved in the exact R5 archive; not required in the normal working tree,"[""R5 provenance/release assets""]",SOURCE_R5_MANIFEST_VERIFIED
reports/phase_00_closure_bridge/execution/01_static_result.json,9de611442abdd6a096da89bec93affe4b0c8b9cd3cfbd7afee4e67c616908772,134,REPORT_OR_MACHINE_EVIDENCE,RELEASE_ASSET_ONLY,,COPIED_BYTE_IDENTICAL,Preserved in the exact R5 archive; not required in the normal working tree,"[""R5 provenance/release assets""]",SOURCE_R5_MANIFEST_VERIFIED
reports/phase_00_closure_bridge/execution/01_static_stderr.log,e3b0c44298fc1c149afbf4c8996fb92427ae41e4649b934ca495991b7852b855,0,REPORT_OR_MACHINE_EVIDENCE,EXCLUDED_RAW_AUDIT,,COPIED_BYTE_IDENTICAL,Raw or repeated audit evidence preserved in R5 release assets,"[""R5 provenance/release assets""]",SOURCE_R5_MANIFEST_VERIFIED
reports/phase_00_closure_bridge/execution/01_static_stdout.log,eee2368a11c6ed5cd38a1d66c98873fa548447904ec873371a7b9478920aec2b,214,REPORT_OR_MACHINE_EVIDENCE,EXCLUDED_RAW_AUDIT,,COPIED_BYTE_IDENTICAL,Raw or repeated audit evidence preserved in R5 release assets,"[""R5 provenance/release assets""]",SOURCE_R5_MANIFEST_VERIFIED
reports/phase_00_closure_bridge/execution/02_pytest_exit.txt,9a271f2a916b0b6ee6cecb2426f0b3206ef074578be55d9bc94f6f3fe3ab86aa,2,REPORT_OR_MACHINE_EVIDENCE,RELEASE_ASSET_ONLY,,COPIED_BYTE_IDENTICAL,Preserved in the exact R5 archive; not required in the normal working tree,"[""R5 provenance/release assets""]",SOURCE_R5_MANIFEST_VERIFIED
reports/phase_00_closure_bridge/execution/02_pytest_result.json,a943a935d531c14c50a6933b2bab0cce44adf1d75628c8af8e709c5338a7e675,134,REPORT_OR_MACHINE_EVIDENCE,RELEASE_ASSET_ONLY,,COPIED_BYTE_IDENTICAL,Preserved in the exact R5 archive; not required in the normal working tree,"[""R5 provenance/release assets""]",SOURCE_R5_MANIFEST_VERIFIED
reports/phase_00_closure_bridge/execution/02_pytest_stderr.log,e3b0c44298fc1c149afbf4c8996fb92427ae41e4649b934ca495991b7852b855,0,REPORT_OR_MACHINE_EVIDENCE,EXCLUDED_RAW_AUDIT,,COPIED_BYTE_IDENTICAL,Raw or repeated audit evidence preserved in R5 release assets,"[""R5 provenance/release assets""]",SOURCE_R5_MANIFEST_VERIFIED
reports/phase_00_closure_bridge/execution/02_pytest_stdout.log,49202ad822ddf6e34f9f6a8a37aeaa9ffd63f7692085c12ae97598a799f44886,181,REPORT_OR_MACHINE_EVIDENCE,EXCLUDED_RAW_AUDIT,,COPIED_BYTE_IDENTICAL,Raw or repeated audit evidence preserved in R5 release assets,"[""R5 provenance/release assets""]",SOURCE_R5_MANIFEST_VERIFIED
reports/phase_00_closure_bridge/execution/03_conformance_exit.txt,9a271f2a916b0b6ee6cecb2426f0b3206ef074578be55d9bc94f6f3fe3ab86aa,2,REPORT_OR_MACHINE_EVIDENCE,RELEASE_ASSET_ONLY,,COPIED_BYTE_IDENTICAL,Preserved in the exact R5 archive; not required in the normal working tree,"[""R5 provenance/release assets""]",SOURCE_R5_MANIFEST_VERIFIED
reports/phase_00_closure_bridge/execution/03_conformance_result.json,0ade17233eb30fea116eed74152954c1ac3b15eaaa28f32c4f4f7ce6ed5c5e4b,139,REPORT_OR_MACHINE_EVIDENCE,RELEASE_ASSET_ONLY,,COPIED_BYTE_IDENTICAL,Preserved in the exact R5 archive; not required in the normal working tree,"[""R5 provenance/release assets""]",SOURCE_R5_MANIFEST_VERIFIED
reports/phase_00_closure_bridge/execution/03_conformance_stderr.log,e3b0c44298fc1c149afbf4c8996fb92427ae41e4649b934ca495991b7852b855,0,REPORT_OR_MACHINE_EVIDENCE,EXCLUDED_RAW_AUDIT,,COPIED_BYTE_IDENTICAL,Raw or repeated audit evidence preserved in R5 release assets,"[""R5 provenance/release assets""]",SOURCE_R5_MANIFEST_VERIFIED
reports/phase_00_closure_bridge/execution/03_conformance_stdout.log,e3b0c44298fc1c149afbf4c8996fb92427ae41e4649b934ca495991b7852b855,0,REPORT_OR_MACHINE_EVIDENCE,EXCLUDED_RAW_AUDIT,,COPIED_BYTE_IDENTICAL,Raw or repeated audit evidence preserved in R5 release assets,"[""R5 provenance/release assets""]",SOURCE_R5_MANIFEST_VERIFIED
reports/phase_00_closure_bridge/execution/04_audit1_exit.txt,9a271f2a916b0b6ee6cecb2426f0b3206ef074578be55d9bc94f6f3fe3ab86aa,2,REPORT_OR_MACHINE_EVIDENCE,RELEASE_ASSET_ONLY,,COPIED_BYTE_IDENTICAL,Preserved in the exact R5 archive; not required in the normal working tree,"[""R5 provenance/release assets""]",SOURCE_R5_MANIFEST_VERIFIED
reports/phase_00_closure_bridge/execution/04_audit1_result.json,128be0bbdad07e7f67a7dc8385c9152ed8f6a2f266caa8b96570e93a25af054e,134,REPORT_OR_MACHINE_EVIDENCE,RELEASE_ASSET_ONLY,,COPIED_BYTE_IDENTICAL,Preserved in the exact R5 archive; not required in the normal working tree,"[""R5 provenance/release assets""]",SOURCE_R5_MANIFEST_VERIFIED
reports/phase_00_closure_bridge/execution/04_audit1_stderr.log,e3b0c44298fc1c149afbf4c8996fb92427ae41e4649b934ca495991b7852b855,0,REPORT_OR_MACHINE_EVIDENCE,EXCLUDED_RAW_AUDIT,,COPIED_BYTE_IDENTICAL,Raw or repeated audit evidence preserved in R5 release assets,"[""R5 provenance/release assets""]",SOURCE_R5_MANIFEST_VERIFIED
reports/phase_00_closure_bridge/execution/04_audit1_stdout.log,e3b0c44298fc1c149afbf4c8996fb92427ae41e4649b934ca495991b7852b855,0,REPORT_OR_MACHINE_EVIDENCE,EXCLUDED_RAW_AUDIT,,COPIED_BYTE_IDENTICAL,Raw or repeated audit evidence preserved in R5 release assets,"[""R5 provenance/release assets""]",SOURCE_R5_MANIFEST_VERIFIED
reports/phase_00_closure_bridge/execution/05_audit2_exit.txt,9a271f2a916b0b6ee6cecb2426f0b3206ef074578be55d9bc94f6f3fe3ab86aa,2,REPORT_OR_MACHINE_EVIDENCE,RELEASE_ASSET_ONLY,,COPIED_BYTE_IDENTICAL,Preserved in the exact R5 archive; not required in the normal working tree,"[""R5 provenance/release assets""]",SOURCE_R5_MANIFEST_VERIFIED
reports/phase_00_closure_bridge/execution/05_audit2_result.json,20411374adfac8094343132c084cafd5ac2b9b961afa1d65ea5df9e482178c44,134,REPORT_OR_MACHINE_EVIDENCE,RELEASE_ASSET_ONLY,,COPIED_BYTE_IDENTICAL,Preserved in the exact R5 archive; not required in the normal working tree,"[""R5 provenance/release assets""]",SOURCE_R5_MANIFEST_VERIFIED
reports/phase_00_closure_bridge/execution/05_audit2_stderr.log,e3b0c44298fc1c149afbf4c8996fb92427ae41e4649b934ca495991b7852b855,0,REPORT_OR_MACHINE_EVIDENCE,EXCLUDED_RAW_AUDIT,,COPIED_BYTE_IDENTICAL,Raw or repeated audit evidence preserved in R5 release assets,"[""R5 provenance/release assets""]",SOURCE_R5_MANIFEST_VERIFIED
reports/phase_00_closure_bridge/execution/05_audit2_stdout.log,e3b0c44298fc1c149afbf4c8996fb92427ae41e4649b934ca495991b7852b855,0,REPORT_OR_MACHINE_EVIDENCE,EXCLUDED_RAW_AUDIT,,COPIED_BYTE_IDENTICAL,Raw or repeated audit evidence preserved in R5 release assets,"[""R5 provenance/release assets""]",SOURCE_R5_MANIFEST_VERIFIED
reports/phase_00_closure_bridge/execution/06_audit3_exit.txt,9a271f2a916b0b6ee6cecb2426f0b3206ef074578be55d9bc94f6f3fe3ab86aa,2,REPORT_OR_MACHINE_EVIDENCE,RELEASE_ASSET_ONLY,,COPIED_BYTE_IDENTICAL,Preserved in the exact R5 archive; not required in the normal working tree,"[""R5 provenance/release assets""]",SOURCE_R5_MANIFEST_VERIFIED
reports/phase_00_closure_bridge/execution/06_audit3_result.json,22039303ef853c53fe88309372e7c5dbaf9a899393ed7223a2f1da2edaece066,134,REPORT_OR_MACHINE_EVIDENCE,RELEASE_ASSET_ONLY,,COPIED_BYTE_IDENTICAL,Preserved in the exact R5 archive; not required in the normal working tree,"[""R5 provenance/release assets""]",SOURCE_R5_MANIFEST_VERIFIED
reports/phase_00_closure_bridge/execution/06_audit3_stderr.log,e3b0c44298fc1c149afbf4c8996fb92427ae41e4649b934ca495991b7852b855,0,REPORT_OR_MACHINE_EVIDENCE,EXCLUDED_RAW_AUDIT,,COPIED_BYTE_IDENTICAL,Raw or repeated audit evidence preserved in R5 release assets,"[""R5 provenance/release assets""]",SOURCE_R5_MANIFEST_VERIFIED
reports/phase_00_closure_bridge/execution/06_audit3_stdout.log,7d5f7289df822b54dc2674ede9c42100906b8b7e142e9c0d4410878440e41394,1755,REPORT_OR_MACHINE_EVIDENCE,EXCLUDED_RAW_AUDIT,,COPIED_BYTE_IDENTICAL,Raw or repeated audit evidence preserved in R5 release assets,"[""R5 provenance/release assets""]",SOURCE_R5_MANIFEST_VERIFIED
reports/phase_00_closure_bridge/execution/07_final_impl_exit.txt,9a271f2a916b0b6ee6cecb2426f0b3206ef074578be55d9bc94f6f3fe3ab86aa,2,REPORT_OR_MACHINE_EVIDENCE,RELEASE_ASSET_ONLY,,COPIED_BYTE_IDENTICAL,Preserved in the exact R5 archive; not required in the normal working tree,"[""R5 provenance/release assets""]",SOURCE_R5_MANIFEST_VERIFIED
reports/phase_00_closure_bridge/execution/07_final_impl_result.json,0872a85f0e09059f4e7c93d140b825b96f5a9f31b33467f9333a7c3564a25e0d,138,REPORT_OR_MACHINE_EVIDENCE,RELEASE_ASSET_ONLY,,COPIED_BYTE_IDENTICAL,Preserved in the exact R5 archive; not required in the normal working tree,"[""R5 provenance/release assets""]",SOURCE_R5_MANIFEST_VERIFIED
reports/phase_00_closure_bridge/execution/07_final_impl_stderr.log,e3b0c44298fc1c149afbf4c8996fb92427ae41e4649b934ca495991b7852b855,0,REPORT_OR_MACHINE_EVIDENCE,EXCLUDED_RAW_AUDIT,,COPIED_BYTE_IDENTICAL,Raw or repeated audit evidence preserved in R5 release assets,"[""R5 provenance/release assets""]",SOURCE_R5_MANIFEST_VERIFIED
reports/phase_00_closure_bridge/execution/07_final_impl_stdout.log,a321f48da26f904c76ec632499638d4c9cfed0cfb6a33f71b41e1177bc75d7c1,931,REPORT_OR_MACHINE_EVIDENCE,EXCLUDED_RAW_AUDIT,,COPIED_BYTE_IDENTICAL,Raw or repeated audit evidence preserved in R5 release assets,"[""R5 provenance/release assets""]",SOURCE_R5_MANIFEST_VERIFIED
reports/phase_00_closure_bridge/execution/08_local_first_exit.txt,9a271f2a916b0b6ee6cecb2426f0b3206ef074578be55d9bc94f6f3fe3ab86aa,2,REPORT_OR_MACHINE_EVIDENCE,RELEASE_ASSET_ONLY,,COPIED_BYTE_IDENTICAL,Preserved in the exact R5 archive; not required in the normal working tree,"[""R5 provenance/release assets""]",SOURCE_R5_MANIFEST_VERIFIED
reports/phase_00_closure_bridge/execution/08_local_first_result.json,9f9af1bf12dd226f4b8d3bbb69463100ec26830d2dfd6c20426b18c8acd75224,139,REPORT_OR_MACHINE_EVIDENCE,RELEASE_ASSET_ONLY,,COPIED_BYTE_IDENTICAL,Preserved in the exact R5 archive; not required in the normal working tree,"[""R5 provenance/release assets""]",SOURCE_R5_MANIFEST_VERIFIED
reports/phase_00_closure_bridge/execution/08_local_first_stderr.log,e3b0c44298fc1c149afbf4c8996fb92427ae41e4649b934ca495991b7852b855,0,REPORT_OR_MACHINE_EVIDENCE,EXCLUDED_RAW_AUDIT,,COPIED_BYTE_IDENTICAL,Raw or repeated audit evidence preserved in R5 release assets,"[""R5 provenance/release assets""]",SOURCE_R5_MANIFEST_VERIFIED
reports/phase_00_closure_bridge/execution/08_local_first_stdout.log,520c3a491e12c923cb402ec38f063df0e3dbe3eca391e751c79188c602727716,790,REPORT_OR_MACHINE_EVIDENCE,EXCLUDED_RAW_AUDIT,,COPIED_BYTE_IDENTICAL,Raw or repeated audit evidence preserved in R5 release assets,"[""R5 provenance/release assets""]",SOURCE_R5_MANIFEST_VERIFIED
reports/phase_00_closure_bridge/execution/09_protocol_exit.txt,9a271f2a916b0b6ee6cecb2426f0b3206ef074578be55d9bc94f6f3fe3ab86aa,2,REPORT_OR_MACHINE_EVIDENCE,RELEASE_ASSET_ONLY,,COPIED_BYTE_IDENTICAL,Preserved in the exact R5 archive; not required in the normal working tree,"[""R5 provenance/release assets""]",SOURCE_R5_MANIFEST_VERIFIED
reports/phase_00_closure_bridge/execution/09_protocol_result.json,fb6b6c33af0793eca2c8f9dcb2a69978d14078c55c0f7004c2903b3ed771b6fb,136,REPORT_OR_MACHINE_EVIDENCE,RELEASE_ASSET_ONLY,,COPIED_BYTE_IDENTICAL,Preserved in the exact R5 archive; not required in the normal working tree,"[""R5 provenance/release assets""]",SOURCE_R5_MANIFEST_VERIFIED
reports/phase_00_closure_bridge/execution/09_protocol_stderr.log,e3b0c44298fc1c149afbf4c8996fb92427ae41e4649b934ca495991b7852b855,0,REPORT_OR_MACHINE_EVIDENCE,EXCLUDED_RAW_AUDIT,,COPIED_BYTE_IDENTICAL,Raw or repeated audit evidence preserved in R5 release assets,"[""R5 provenance/release assets""]",SOURCE_R5_MANIFEST_VERIFIED
reports/phase_00_closure_bridge/execution/09_protocol_stdout.log,6bcb943d0bdf3b3c18ffc16e9411243c08b7635a355e9401d9c558dd030da4b5,266,REPORT_OR_MACHINE_EVIDENCE,EXCLUDED_RAW_AUDIT,,COPIED_BYTE_IDENTICAL,Raw or repeated audit evidence preserved in R5 release assets,"[""R5 provenance/release assets""]",SOURCE_R5_MANIFEST_VERIFIED
reports/phase_00_closure_bridge/execution/10_protocol_final_exit.txt,9a271f2a916b0b6ee6cecb2426f0b3206ef074578be55d9bc94f6f3fe3ab86aa,2,REPORT_OR_MACHINE_EVIDENCE,RELEASE_ASSET_ONLY,,COPIED_BYTE_IDENTICAL,Preserved in the exact R5 archive; not required in the normal working tree,"[""R5 provenance/release assets""]",SOURCE_R5_MANIFEST_VERIFIED
reports/phase_00_closure_bridge/execution/10_protocol_final_result.json,cf6ea15ff784e2ca8211aa4f1a858a8ab9e9b4e71df6a00cf7dfa879d82a3c2a,142,REPORT_OR_MACHINE_EVIDENCE,RELEASE_ASSET_ONLY,,COPIED_BYTE_IDENTICAL,Preserved in the exact R5 archive; not required in the normal working tree,"[""R5 provenance/release assets""]",SOURCE_R5_MANIFEST_VERIFIED
reports/phase_00_closure_bridge/execution/10_protocol_final_stderr.log,e3b0c44298fc1c149afbf4c8996fb92427ae41e4649b934ca495991b7852b855,0,REPORT_OR_MACHINE_EVIDENCE,EXCLUDED_RAW_AUDIT,,COPIED_BYTE_IDENTICAL,Raw or repeated audit evidence preserved in R5 release assets,"[""R5 provenance/release assets""]",SOURCE_R5_MANIFEST_VERIFIED
reports/phase_00_closure_bridge/execution/10_protocol_final_stdout.log,17911e865fc9ff6a628d62cf23e1bfd6a9f162c6ea6be8528f31f973fe8e6e2d,542,REPORT_OR_MACHINE_EVIDENCE,EXCLUDED_RAW_AUDIT,,COPIED_BYTE_IDENTICAL,Raw or repeated audit evidence preserved in R5 release assets,"[""R5 provenance/release assets""]",SOURCE_R5_MANIFEST_VERIFIED
reports/phase_00_closure_bridge/execution/11_analysis_exit.txt,9a271f2a916b0b6ee6cecb2426f0b3206ef074578be55d9bc94f6f3fe3ab86aa,2,REPORT_OR_MACHINE_EVIDENCE,RELEASE_ASSET_ONLY,,COPIED_BYTE_IDENTICAL,Preserved in the exact R5 archive; not required in the normal working tree,"[""R5 provenance/release assets""]",SOURCE_R5_MANIFEST_VERIFIED
reports/phase_00_closure_bridge/execution/11_analysis_result.json,856bd70bd52be76df8bad91463e6314ee2a338a0b9b96a0cb9ebf42aaaae86c5,136,REPORT_OR_MACHINE_EVIDENCE,RELEASE_ASSET_ONLY,,COPIED_BYTE_IDENTICAL,Preserved in the exact R5 archive; not required in the normal working tree,"[""R5 provenance/release assets""]",SOURCE_R5_MANIFEST_VERIFIED
reports/phase_00_closure_bridge/execution/11_analysis_stderr.log,e3b0c44298fc1c149afbf4c8996fb92427ae41e4649b934ca495991b7852b855,0,REPORT_OR_MACHINE_EVIDENCE,EXCLUDED_RAW_AUDIT,,COPIED_BYTE_IDENTICAL,Raw or repeated audit evidence preserved in R5 release assets,"[""R5 provenance/release assets""]",SOURCE_R5_MANIFEST_VERIFIED
reports/phase_00_closure_bridge/execution/11_analysis_stdout.log,f402762ea55c73195a331dc31059cb2b3f95a87c8944e6581e30c3091232be85,592,REPORT_OR_MACHINE_EVIDENCE,EXCLUDED_RAW_AUDIT,,COPIED_BYTE_IDENTICAL,Raw or repeated audit evidence preserved in R5 release assets,"[""R5 provenance/release assets""]",SOURCE_R5_MANIFEST_VERIFIED
reports/phase_00_closure_bridge/execution/12_analysis_final_exit.txt,9a271f2a916b0b6ee6cecb2426f0b3206ef074578be55d9bc94f6f3fe3ab86aa,2,REPORT_OR_MACHINE_EVIDENCE,RELEASE_ASSET_ONLY,,COPIED_BYTE_IDENTICAL,Preserved in the exact R5 archive; not required in the normal working tree,"[""R5 provenance/release assets""]",SOURCE_R5_MANIFEST_VERIFIED
reports/phase_00_closure_bridge/execution/12_analysis_final_result.json,5fc33a08a5d07591f20fee155383dc9bf7dfd3f062d83ac35e76a8215deb3de7,142,REPORT_OR_MACHINE_EVIDENCE,RELEASE_ASSET_ONLY,,COPIED_BYTE_IDENTICAL,Preserved in the exact R5 archive; not required in the normal working tree,"[""R5 provenance/release assets""]",SOURCE_R5_MANIFEST_VERIFIED
reports/phase_00_closure_bridge/execution/12_analysis_final_stderr.log,e3b0c44298fc1c149afbf4c8996fb92427ae41e4649b934ca495991b7852b855,0,REPORT_OR_MACHINE_EVIDENCE,EXCLUDED_RAW_AUDIT,,COPIED_BYTE_IDENTICAL,Raw or repeated audit evidence preserved in R5 release assets,"[""R5 provenance/release assets""]",SOURCE_R5_MANIFEST_VERIFIED
reports/phase_00_closure_bridge/execution/12_analysis_final_stdout.log,d1f7cc8b233a7012a6bed7e0b641fe7c29935cc64d1738895da3e04d706a0d19,170,REPORT_OR_MACHINE_EVIDENCE,EXCLUDED_RAW_AUDIT,,COPIED_BYTE_IDENTICAL,Raw or repeated audit evidence preserved in R5 release assets,"[""R5 provenance/release assets""]",SOURCE_R5_MANIFEST_VERIFIED
reports/phase_00_closure_bridge/execution/13_l0_emap_l10_exit.txt,9a271f2a916b0b6ee6cecb2426f0b3206ef074578be55d9bc94f6f3fe3ab86aa,2,REPORT_OR_MACHINE_EVIDENCE,RELEASE_ASSET_ONLY,,COPIED_BYTE_IDENTICAL,Preserved in the exact R5 archive; not required in the normal working tree,"[""R5 provenance/release assets""]",SOURCE_R5_MANIFEST_VERIFIED
reports/phase_00_closure_bridge/execution/13_l0_emap_l10_result.json,5aee569ecd1af78ee39cd5729d8660d5a084c370c0c5d9263dbc58359c5dc145,139,REPORT_OR_MACHINE_EVIDENCE,RELEASE_ASSET_ONLY,,COPIED_BYTE_IDENTICAL,Preserved in the exact R5 archive; not required in the normal working tree,"[""R5 provenance/release assets""]",SOURCE_R5_MANIFEST_VERIFIED
reports/phase_00_closure_bridge/execution/13_l0_emap_l10_stderr.log,e3b0c44298fc1c149afbf4c8996fb92427ae41e4649b934ca495991b7852b855,0,REPORT_OR_MACHINE_EVIDENCE,EXCLUDED_RAW_AUDIT,,COPIED_BYTE_IDENTICAL,Raw or repeated audit evidence preserved in R5 release assets,"[""R5 provenance/release assets""]",SOURCE_R5_MANIFEST_VERIFIED
reports/phase_00_closure_bridge/execution/13_l0_emap_l10_stdout.log,c9e0d15bde30f38bd16559a0f20858035e00a3811bc064ed4ea612a94512be54,612,REPORT_OR_MACHINE_EVIDENCE,EXCLUDED_RAW_AUDIT,,COPIED_BYTE_IDENTICAL,Raw or repeated audit evidence preserved in R5 release assets,"[""R5 provenance/release assets""]",SOURCE_R5_MANIFEST_VERIFIED
reports/phase_00_closure_bridge/execution/14_cli_validate_exit.txt,9a271f2a916b0b6ee6cecb2426f0b3206ef074578be55d9bc94f6f3fe3ab86aa,2,REPORT_OR_MACHINE_EVIDENCE,RELEASE_ASSET_ONLY,,COPIED_BYTE_IDENTICAL,Preserved in the exact R5 archive; not required in the normal working tree,"[""R5 provenance/release assets""]",SOURCE_R5_MANIFEST_VERIFIED
reports/phase_00_closure_bridge/execution/14_cli_validate_result.json,2ce6b2a317bfeeb58b70ed23525775a27c5ddc849ee2f01bb1029e7814e275e1,140,REPORT_OR_MACHINE_EVIDENCE,RELEASE_ASSET_ONLY,,COPIED_BYTE_IDENTICAL,Preserved in the exact R5 archive; not required in the normal working tree,"[""R5 provenance/release assets""]",SOURCE_R5_MANIFEST_VERIFIED
reports/phase_00_closure_bridge/execution/14_cli_validate_stderr.log,e3b0c44298fc1c149afbf4c8996fb92427ae41e4649b934ca495991b7852b855,0,REPORT_OR_MACHINE_EVIDENCE,EXCLUDED_RAW_AUDIT,,COPIED_BYTE_IDENTICAL,Raw or repeated audit evidence preserved in R5 release assets,"[""R5 provenance/release assets""]",SOURCE_R5_MANIFEST_VERIFIED
reports/phase_00_closure_bridge/execution/14_cli_validate_stdout.log,36db8a0f238df714328b4a19bb216b360cbab38d4462f58c810cbe2b278ac31b,82,REPORT_OR_MACHINE_EVIDENCE,EXCLUDED_RAW_AUDIT,,COPIED_BYTE_IDENTICAL,Raw or repeated audit evidence preserved in R5 release assets,"[""R5 provenance/release assets""]",SOURCE_R5_MANIFEST_VERIFIED
reports/phase_00_closure_bridge/execution/15_cli_smoke_exit.txt,9a271f2a916b0b6ee6cecb2426f0b3206ef074578be55d9bc94f6f3fe3ab86aa,2,REPORT_OR_MACHINE_EVIDENCE,RELEASE_ASSET_ONLY,,COPIED_BYTE_IDENTICAL,Preserved in the exact R5 archive; not required in the normal working tree,"[""R5 provenance/release assets""]",SOURCE_R5_MANIFEST_VERIFIED
reports/phase_00_closure_bridge/execution/15_cli_smoke_result.json,7df666db40f33ad6c1d2c4334d57f14cc513c357518725a168d292f74b289329,137,REPORT_OR_MACHINE_EVIDENCE,RELEASE_ASSET_ONLY,,COPIED_BYTE_IDENTICAL,Preserved in the exact R5 archive; not required in the normal working tree,"[""R5 provenance/release assets""]",SOURCE_R5_MANIFEST_VERIFIED
reports/phase_00_closure_bridge/execution/15_cli_smoke_stderr.log,e3b0c44298fc1c149afbf4c8996fb92427ae41e4649b934ca495991b7852b855,0,REPORT_OR_MACHINE_EVIDENCE,EXCLUDED_RAW_AUDIT,,COPIED_BYTE_IDENTICAL,Raw or repeated audit evidence preserved in R5 release assets,"[""R5 provenance/release assets""]",SOURCE_R5_MANIFEST_VERIFIED
reports/phase_00_closure_bridge/execution/15_cli_smoke_stdout.log,1e4d2997531ee0cc9083ad24aaab0e34f47c5882df0d918f8a1c7af415e32813,76,REPORT_OR_MACHINE_EVIDENCE,EXCLUDED_RAW_AUDIT,,COPIED_BYTE_IDENTICAL,Raw or repeated audit evidence preserved in R5 release assets,"[""R5 provenance/release assets""]",SOURCE_R5_MANIFEST_VERIFIED
reports/phase_00_closure_bridge/execution/16_cli_real_exit.txt,9a271f2a916b0b6ee6cecb2426f0b3206ef074578be55d9bc94f6f3fe3ab86aa,2,REPORT_OR_MACHINE_EVIDENCE,RELEASE_ASSET_ONLY,,COPIED_BYTE_IDENTICAL,Preserved in the exact R5 archive; not required in the normal working tree,"[""R5 provenance/release assets""]",SOURCE_R5_MANIFEST_VERIFIED
reports/phase_00_closure_bridge/execution/16_cli_real_result.json,5d725824defb61e9a5167892026f7ef88910995d29399ef3a179c4615a9ec717,136,REPORT_OR_MACHINE_EVIDENCE,RELEASE_ASSET_ONLY,,COPIED_BYTE_IDENTICAL,Preserved in the exact R5 archive; not required in the normal working tree,"[""R5 provenance/release assets""]",SOURCE_R5_MANIFEST_VERIFIED
reports/phase_00_closure_bridge/execution/16_cli_real_stderr.log,e3b0c44298fc1c149afbf4c8996fb92427ae41e4649b934ca495991b7852b855,0,REPORT_OR_MACHINE_EVIDENCE,EXCLUDED_RAW_AUDIT,,COPIED_BYTE_IDENTICAL,Raw or repeated audit evidence preserved in R5 release assets,"[""R5 provenance/release assets""]",SOURCE_R5_MANIFEST_VERIFIED
reports/phase_00_closure_bridge/execution/16_cli_real_stdout.log,ff2e2cd1c0ac414b4cf940d9f4cd422feddd79e16fb7f22e1aacdbb457729943,75,REPORT_OR_MACHINE_EVIDENCE,EXCLUDED_RAW_AUDIT,,COPIED_BYTE_IDENTICAL,Raw or repeated audit evidence preserved in R5 release assets,"[""R5 provenance/release assets""]",SOURCE_R5_MANIFEST_VERIFIED
reports/phase_00_closure_bridge/execution/17_static_final_exit.txt,9a271f2a916b0b6ee6cecb2426f0b3206ef074578be55d9bc94f6f3fe3ab86aa,2,REPORT_OR_MACHINE_EVIDENCE,RELEASE_ASSET_ONLY,,COPIED_BYTE_IDENTICAL,Preserved in the exact R5 archive; not required in the normal working tree,"[""R5 provenance/release assets""]",SOURCE_R5_MANIFEST_VERIFIED
reports/phase_00_closure_bridge/execution/17_static_final_result.json,27c693cd8cebf5476b66c58ba7bc334c5c28f1d6219e05667fe5b4ac7b131c70,140,REPORT_OR_MACHINE_EVIDENCE,RELEASE_ASSET_ONLY,,COPIED_BYTE_IDENTICAL,Preserved in the exact R5 archive; not required in the normal working tree,"[""R5 provenance/release assets""]",SOURCE_R5_MANIFEST_VERIFIED
reports/phase_00_closure_bridge/execution/17_static_final_stderr.log,e3b0c44298fc1c149afbf4c8996fb92427ae41e4649b934ca495991b7852b855,0,REPORT_OR_MACHINE_EVIDENCE,EXCLUDED_RAW_AUDIT,,COPIED_BYTE_IDENTICAL,Raw or repeated audit evidence preserved in R5 release assets,"[""R5 provenance/release assets""]",SOURCE_R5_MANIFEST_VERIFIED
reports/phase_00_closure_bridge/execution/17_static_final_stdout.log,c3570bce5e86555f01de3f9955f32b9b2fc14c7237c2c01964aecec4ce2129cb,214,REPORT_OR_MACHINE_EVIDENCE,EXCLUDED_RAW_AUDIT,,COPIED_BYTE_IDENTICAL,Raw or repeated audit evidence preserved in R5 release assets,"[""R5 provenance/release assets""]",SOURCE_R5_MANIFEST_VERIFIED
reports/phase_00_closure_bridge/execution/18_pytest_final_exit.txt,9a271f2a916b0b6ee6cecb2426f0b3206ef074578be55d9bc94f6f3fe3ab86aa,2,REPORT_OR_MACHINE_EVIDENCE,RELEASE_ASSET_ONLY,,COPIED_BYTE_IDENTICAL,Preserved in the exact R5 archive; not required in the normal working tree,"[""R5 provenance/release assets""]",SOURCE_R5_MANIFEST_VERIFIED
reports/phase_00_closure_bridge/execution/18_pytest_final_result.json,7cc35dfe5c8d990a75538b58c955596cc7a0928fd96e70349f4e80062e9ec821,140,REPORT_OR_MACHINE_EVIDENCE,RELEASE_ASSET_ONLY,,COPIED_BYTE_IDENTICAL,Preserved in the exact R5 archive; not required in the normal working tree,"[""R5 provenance/release assets""]",SOURCE_R5_MANIFEST_VERIFIED
reports/phase_00_closure_bridge/execution/18_pytest_final_stderr.log,e3b0c44298fc1c149afbf4c8996fb92427ae41e4649b934ca495991b7852b855,0,REPORT_OR_MACHINE_EVIDENCE,EXCLUDED_RAW_AUDIT,,COPIED_BYTE_IDENTICAL,Raw or repeated audit evidence preserved in R5 release assets,"[""R5 provenance/release assets""]",SOURCE_R5_MANIFEST_VERIFIED
reports/phase_00_closure_bridge/execution/18_pytest_final_stdout.log,813a11a7d15b4c8b5c6626be9cecfc565482939e9fab74ce004cd1ac353428f4,181,REPORT_OR_MACHINE_EVIDENCE,EXCLUDED_RAW_AUDIT,,COPIED_BYTE_IDENTICAL,Raw or repeated audit evidence preserved in R5 release assets,"[""R5 provenance/release assets""]",SOURCE_R5_MANIFEST_VERIFIED
reports/phase_00_closure_bridge/execution/19_l0_emap_l10_final_exit.txt,9a271f2a916b0b6ee6cecb2426f0b3206ef074578be55d9bc94f6f3fe3ab86aa,2,REPORT_OR_MACHINE_EVIDENCE,RELEASE_ASSET_ONLY,,COPIED_BYTE_IDENTICAL,Preserved in the exact R5 archive; not required in the normal working tree,"[""R5 provenance/release assets""]",SOURCE_R5_MANIFEST_VERIFIED
reports/phase_00_closure_bridge/execution/19_l0_emap_l10_final_result.json,dbf108aaf6288b0a76a9d5a1dbaa62ed737562b9482715c1caa054696baa0b01,145,REPORT_OR_MACHINE_EVIDENCE,RELEASE_ASSET_ONLY,,COPIED_BYTE_IDENTICAL,Preserved in the exact R5 archive; not required in the normal working tree,"[""R5 provenance/release assets""]",SOURCE_R5_MANIFEST_VERIFIED
reports/phase_00_closure_bridge/execution/19_l0_emap_l10_final_stderr.log,e3b0c44298fc1c149afbf4c8996fb92427ae41e4649b934ca495991b7852b855,0,REPORT_OR_MACHINE_EVIDENCE,EXCLUDED_RAW_AUDIT,,COPIED_BYTE_IDENTICAL,Raw or repeated audit evidence preserved in R5 release assets,"[""R5 provenance/release assets""]",SOURCE_R5_MANIFEST_VERIFIED
reports/phase_00_closure_bridge/execution/19_l0_emap_l10_final_stdout.log,cdf44806fc8c97d40a80f1a44b306f8d91d6c95323baa3cb4910394e633f0859,796,REPORT_OR_MACHINE_EVIDENCE,EXCLUDED_RAW_AUDIT,,COPIED_BYTE_IDENTICAL,Raw or repeated audit evidence preserved in R5 release assets,"[""R5 provenance/release assets""]",SOURCE_R5_MANIFEST_VERIFIED
reports/phase_00_closure_bridge/execution/20_manifest_regen_exit.txt,9a271f2a916b0b6ee6cecb2426f0b3206ef074578be55d9bc94f6f3fe3ab86aa,2,REPORT_OR_MACHINE_EVIDENCE,RELEASE_ASSET_ONLY,,COPIED_BYTE_IDENTICAL,Preserved in the exact R5 archive; not required in the normal working tree,"[""R5 provenance/release assets""]",SOURCE_R5_MANIFEST_VERIFIED
reports/phase_00_closure_bridge/execution/20_manifest_regen_stderr.log,e3b0c44298fc1c149afbf4c8996fb92427ae41e4649b934ca495991b7852b855,0,REPORT_OR_MACHINE_EVIDENCE,EXCLUDED_RAW_AUDIT,,COPIED_BYTE_IDENTICAL,Raw or repeated audit evidence preserved in R5 release assets,"[""R5 provenance/release assets""]",SOURCE_R5_MANIFEST_VERIFIED
reports/phase_00_closure_bridge/execution/20_manifest_regen_stdout.log,e3b0c44298fc1c149afbf4c8996fb92427ae41e4649b934ca495991b7852b855,0,REPORT_OR_MACHINE_EVIDENCE,EXCLUDED_RAW_AUDIT,,COPIED_BYTE_IDENTICAL,Raw or repeated audit evidence preserved in R5 release assets,"[""R5 provenance/release assets""]",SOURCE_R5_MANIFEST_VERIFIED
reports/phase_00_closure_bridge/execution/21_manifest_check_exit.txt,9a271f2a916b0b6ee6cecb2426f0b3206ef074578be55d9bc94f6f3fe3ab86aa,2,REPORT_OR_MACHINE_EVIDENCE,RELEASE_ASSET_ONLY,,COPIED_BYTE_IDENTICAL,Preserved in the exact R5 archive; not required in the normal working tree,"[""R5 provenance/release assets""]",SOURCE_R5_MANIFEST_VERIFIED
reports/phase_00_closure_bridge/execution/21_manifest_check_stderr.log,e3b0c44298fc1c149afbf4c8996fb92427ae41e4649b934ca495991b7852b855,0,REPORT_OR_MACHINE_EVIDENCE,EXCLUDED_RAW_AUDIT,,COPIED_BYTE_IDENTICAL,Raw or repeated audit evidence preserved in R5 release assets,"[""R5 provenance/release assets""]",SOURCE_R5_MANIFEST_VERIFIED
reports/phase_00_closure_bridge/execution/21_manifest_check_stdout.log,f3aae22a3e8414c46780566f7179d9a2c7b515312b7d82e54270f2bfdf6cf1a2,15,REPORT_OR_MACHINE_EVIDENCE,EXCLUDED_RAW_AUDIT,,COPIED_BYTE_IDENTICAL,Raw or repeated audit evidence preserved in R5 release assets,"[""R5 provenance/release assets""]",SOURCE_R5_MANIFEST_VERIFIED
reports/phase_00_closure_bridge/failed_evidence/pytest_round1_stale_readme_pointer.txt,2e7a1ec925359b30b351e6663f9b6b239539ed286c98636017368269b1efe869,2014,REPORT_OR_MACHINE_EVIDENCE,EXCLUDED_RAW_AUDIT,,COPIED_BYTE_IDENTICAL,Raw or repeated audit evidence preserved in R5 release assets,"[""R5 provenance/release assets""]",SOURCE_R5_MANIFEST_VERIFIED
reports/phase_00_closure_bridge/final_independent_audit_R2/clean_reproduction_report_R2.json,1546b5553d9e93b9baa221836decd23d2773aa77f05862455897e4f7a22a0dfc,1152,REPORT_OR_MACHINE_EVIDENCE,RELEASE_ASSET_ONLY,,COPIED_BYTE_IDENTICAL,Preserved in the exact R5 archive; not required in the normal working tree,"[""R5 provenance/release assets""]",SOURCE_R5_MANIFEST_VERIFIED
reports/phase_00_closure_bridge/final_independent_audit_R2/defect_and_repair_ledger_R2.yaml,c078a7e568f623a57476ace63b6f4a7880650b7e1a57b2c716f7f7947631eb2e,3943,REPORT_OR_MACHINE_EVIDENCE,RELEASE_ASSET_ONLY,,COPIED_BYTE_IDENTICAL,Preserved in the exact R5 archive; not required in the normal working tree,"[""R5 provenance/release assets""]",SOURCE_R5_MANIFEST_VERIFIED
reports/phase_00_closure_bridge/final_independent_audit_R2/deterministic_validation_report_R2.json,e2a02cf72b66be6437a1e90a20e0171434c43581a8e001e6ffe0c146ab2092ec,1077,REPORT_OR_MACHINE_EVIDENCE,RELEASE_ASSET_ONLY,,COPIED_BYTE_IDENTICAL,Preserved in the exact R5 archive; not required in the normal working tree,"[""R5 provenance/release assets""]",SOURCE_R5_MANIFEST_VERIFIED
reports/phase_00_closure_bridge/final_independent_audit_R2/evidence_map_closure_audit_R2.csv,523f5ee11f31399af8b4a5b5b44a82e10667009a90abc4f16e21fc312299253b,2064,REPORT_OR_MACHINE_EVIDENCE,RELEASE_ASSET_ONLY,,COPIED_BYTE_IDENTICAL,Preserved in the exact R5 archive; not required in the normal working tree,"[""R5 provenance/release assets""]",SOURCE_R5_MANIFEST_VERIFIED
reports/phase_00_closure_bridge/final_independent_audit_R2/evidence_map_closure_audit_R2.yaml,7b88fd8127d61a3fd8e2a3ec89be7f365f8154305118f0f2a2c3a1680b50920a,3951,REPORT_OR_MACHINE_EVIDENCE,RELEASE_ASSET_ONLY,,COPIED_BYTE_IDENTICAL,Preserved in the exact R5 archive; not required in the normal working tree,"[""R5 provenance/release assets""]",SOURCE_R5_MANIFEST_VERIFIED
reports/phase_00_closure_bridge/final_independent_audit_R2/execution/01_static_exit.txt,9a271f2a916b0b6ee6cecb2426f0b3206ef074578be55d9bc94f6f3fe3ab86aa,2,REPORT_OR_MACHINE_EVIDENCE,RELEASE_ASSET_ONLY,,COPIED_BYTE_IDENTICAL,Preserved in the exact R5 archive; not required in the normal working tree,"[""R5 provenance/release assets""]",SOURCE_R5_MANIFEST_VERIFIED
reports/phase_00_closure_bridge/final_independent_audit_R2/execution/01_static_stderr.log,e3b0c44298fc1c149afbf4c8996fb92427ae41e4649b934ca495991b7852b855,0,REPORT_OR_MACHINE_EVIDENCE,EXCLUDED_RAW_AUDIT,,COPIED_BYTE_IDENTICAL,Raw or repeated audit evidence preserved in R5 release assets,"[""R5 provenance/release assets""]",SOURCE_R5_MANIFEST_VERIFIED
reports/phase_00_closure_bridge/final_independent_audit_R2/execution/01_static_stdout.log,d10bd314830d5f2631399b125eb5b44ba99b65110947ffb8eb0c78b926d5dc12,214,REPORT_OR_MACHINE_EVIDENCE,EXCLUDED_RAW_AUDIT,,COPIED_BYTE_IDENTICAL,Raw or repeated audit evidence preserved in R5 release assets,"[""R5 provenance/release assets""]",SOURCE_R5_MANIFEST_VERIFIED
reports/phase_00_closure_bridge/final_independent_audit_R2/execution/02_pytest_exit.txt,9a271f2a916b0b6ee6cecb2426f0b3206ef074578be55d9bc94f6f3fe3ab86aa,2,REPORT_OR_MACHINE_EVIDENCE,RELEASE_ASSET_ONLY,,COPIED_BYTE_IDENTICAL,Preserved in the exact R5 archive; not required in the normal working tree,"[""R5 provenance/release assets""]",SOURCE_R5_MANIFEST_VERIFIED
reports/phase_00_closure_bridge/final_independent_audit_R2/execution/02_pytest_stderr.log,e3b0c44298fc1c149afbf4c8996fb92427ae41e4649b934ca495991b7852b855,0,REPORT_OR_MACHINE_EVIDENCE,EXCLUDED_RAW_AUDIT,,COPIED_BYTE_IDENTICAL,Raw or repeated audit evidence preserved in R5 release assets,"[""R5 provenance/release assets""]",SOURCE_R5_MANIFEST_VERIFIED
reports/phase_00_closure_bridge/final_independent_audit_R2/execution/02_pytest_stdout.log,c54eb6fd3d8d42142d95a51be4f547d2cc386b995a4d3bf92bf5e7ab5111e0bc,181,REPORT_OR_MACHINE_EVIDENCE,EXCLUDED_RAW_AUDIT,,COPIED_BYTE_IDENTICAL,Raw or repeated audit evidence preserved in R5 release assets,"[""R5 provenance/release assets""]",SOURCE_R5_MANIFEST_VERIFIED
reports/phase_00_closure_bridge/final_independent_audit_R2/execution/03_conformance_exit.txt,9a271f2a916b0b6ee6cecb2426f0b3206ef074578be55d9bc94f6f3fe3ab86aa,2,REPORT_OR_MACHINE_EVIDENCE,RELEASE_ASSET_ONLY,,COPIED_BYTE_IDENTICAL,Preserved in the exact R5 archive; not required in the normal working tree,"[""R5 provenance/release assets""]",SOURCE_R5_MANIFEST_VERIFIED
reports/phase_00_closure_bridge/final_independent_audit_R2/execution/03_conformance_stderr.log,e3b0c44298fc1c149afbf4c8996fb92427ae41e4649b934ca495991b7852b855,0,REPORT_OR_MACHINE_EVIDENCE,EXCLUDED_RAW_AUDIT,,COPIED_BYTE_IDENTICAL,Raw or repeated audit evidence preserved in R5 release assets,"[""R5 provenance/release assets""]",SOURCE_R5_MANIFEST_VERIFIED
reports/phase_00_closure_bridge/final_independent_audit_R2/execution/03_conformance_stdout.log,768a0f64cb28257d38b478addb76e9aab5f51ef005ddc164ba37489a918435af,164,REPORT_OR_MACHINE_EVIDENCE,EXCLUDED_RAW_AUDIT,,COPIED_BYTE_IDENTICAL,Raw or repeated audit evidence preserved in R5 release assets,"[""R5 provenance/release assets""]",SOURCE_R5_MANIFEST_VERIFIED
reports/phase_00_closure_bridge/final_independent_audit_R2/execution/04_audit1_exit.txt,9a271f2a916b0b6ee6cecb2426f0b3206ef074578be55d9bc94f6f3fe3ab86aa,2,REPORT_OR_MACHINE_EVIDENCE,RELEASE_ASSET_ONLY,,COPIED_BYTE_IDENTICAL,Preserved in the exact R5 archive; not required in the normal working tree,"[""R5 provenance/release assets""]",SOURCE_R5_MANIFEST_VERIFIED
reports/phase_00_closure_bridge/final_independent_audit_R2/execution/04_audit1_stderr.log,e3b0c44298fc1c149afbf4c8996fb92427ae41e4649b934ca495991b7852b855,0,REPORT_OR_MACHINE_EVIDENCE,EXCLUDED_RAW_AUDIT,,COPIED_BYTE_IDENTICAL,Raw or repeated audit evidence preserved in R5 release assets,"[""R5 provenance/release assets""]",SOURCE_R5_MANIFEST_VERIFIED
reports/phase_00_closure_bridge/final_independent_audit_R2/execution/04_audit1_stdout.log,44dbae41bcb0239b5d6b0b1d221b441043bb38868a3eb6054421157514430b53,1050,REPORT_OR_MACHINE_EVIDENCE,EXCLUDED_RAW_AUDIT,,COPIED_BYTE_IDENTICAL,Raw or repeated audit evidence preserved in R5 release assets,"[""R5 provenance/release assets""]",SOURCE_R5_MANIFEST_VERIFIED
reports/phase_00_closure_bridge/final_independent_audit_R2/execution/05_audit2_exit.txt,9a271f2a916b0b6ee6cecb2426f0b3206ef074578be55d9bc94f6f3fe3ab86aa,2,REPORT_OR_MACHINE_EVIDENCE,RELEASE_ASSET_ONLY,,COPIED_BYTE_IDENTICAL,Preserved in the exact R5 archive; not required in the normal working tree,"[""R5 provenance/release assets""]",SOURCE_R5_MANIFEST_VERIFIED
reports/phase_00_closure_bridge/final_independent_audit_R2/execution/05_audit2_stderr.log,e3b0c44298fc1c149afbf4c8996fb92427ae41e4649b934ca495991b7852b855,0,REPORT_OR_MACHINE_EVIDENCE,EXCLUDED_RAW_AUDIT,,COPIED_BYTE_IDENTICAL,Raw or repeated audit evidence preserved in R5 release assets,"[""R5 provenance/release assets""]",SOURCE_R5_MANIFEST_VERIFIED
reports/phase_00_closure_bridge/final_independent_audit_R2/execution/05_audit2_stdout.log,48585f47e277f815a04396e4408147268bfbf7f4d47466c572d3e6b9be359223,1367,REPORT_OR_MACHINE_EVIDENCE,EXCLUDED_RAW_AUDIT,,COPIED_BYTE_IDENTICAL,Raw or repeated audit evidence preserved in R5 release assets,"[""R5 provenance/release assets""]",SOURCE_R5_MANIFEST_VERIFIED
reports/phase_00_closure_bridge/final_independent_audit_R2/execution/06_audit3_exit.txt,9a271f2a916b0b6ee6cecb2426f0b3206ef074578be55d9bc94f6f3fe3ab86aa,2,REPORT_OR_MACHINE_EVIDENCE,RELEASE_ASSET_ONLY,,COPIED_BYTE_IDENTICAL,Preserved in the exact R5 archive; not required in the normal working tree,"[""R5 provenance/release assets""]",SOURCE_R5_MANIFEST_VERIFIED
reports/phase_00_closure_bridge/final_independent_audit_R2/execution/06_audit3_stderr.log,e3b0c44298fc1c149afbf4c8996fb92427ae41e4649b934ca495991b7852b855,0,REPORT_OR_MACHINE_EVIDENCE,EXCLUDED_RAW_AUDIT,,COPIED_BYTE_IDENTICAL,Raw or repeated audit evidence preserved in R5 release assets,"[""R5 provenance/release assets""]",SOURCE_R5_MANIFEST_VERIFIED
reports/phase_00_closure_bridge/final_independent_audit_R2/execution/06_audit3_stdout.log,caa69ffb926edf36d1c04509e26633f4deea84a29341fc1b67d4d4a565593cd4,1755,REPORT_OR_MACHINE_EVIDENCE,EXCLUDED_RAW_AUDIT,,COPIED_BYTE_IDENTICAL,Raw or repeated audit evidence preserved in R5 release assets,"[""R5 provenance/release assets""]",SOURCE_R5_MANIFEST_VERIFIED
reports/phase_00_closure_bridge/final_independent_audit_R2/execution/07_final_impl_exit.txt,9a271f2a916b0b6ee6cecb2426f0b3206ef074578be55d9bc94f6f3fe3ab86aa,2,REPORT_OR_MACHINE_EVIDENCE,RELEASE_ASSET_ONLY,,COPIED_BYTE_IDENTICAL,Preserved in the exact R5 archive; not required in the normal working tree,"[""R5 provenance/release assets""]",SOURCE_R5_MANIFEST_VERIFIED
reports/phase_00_closure_bridge/final_independent_audit_R2/execution/07_final_impl_stderr.log,e3b0c44298fc1c149afbf4c8996fb92427ae41e4649b934ca495991b7852b855,0,REPORT_OR_MACHINE_EVIDENCE,EXCLUDED_RAW_AUDIT,,COPIED_BYTE_IDENTICAL,Raw or repeated audit evidence preserved in R5 release assets,"[""R5 provenance/release assets""]",SOURCE_R5_MANIFEST_VERIFIED
reports/phase_00_closure_bridge/final_independent_audit_R2/execution/07_final_impl_stdout.log,a321f48da26f904c76ec632499638d4c9cfed0cfb6a33f71b41e1177bc75d7c1,931,REPORT_OR_MACHINE_EVIDENCE,EXCLUDED_RAW_AUDIT,,COPIED_BYTE_IDENTICAL,Raw or repeated audit evidence preserved in R5 release assets,"[""R5 provenance/release assets""]",SOURCE_R5_MANIFEST_VERIFIED
reports/phase_00_closure_bridge/final_independent_audit_R2/execution/08_local_first_exit.txt,9a271f2a916b0b6ee6cecb2426f0b3206ef074578be55d9bc94f6f3fe3ab86aa,2,REPORT_OR_MACHINE_EVIDENCE,RELEASE_ASSET_ONLY,,COPIED_BYTE_IDENTICAL,Preserved in the exact R5 archive; not required in the normal working tree,"[""R5 provenance/release assets""]",SOURCE_R5_MANIFEST_VERIFIED
reports/phase_00_closure_bridge/final_independent_audit_R2/execution/08_local_first_stderr.log,e3b0c44298fc1c149afbf4c8996fb92427ae41e4649b934ca495991b7852b855,0,REPORT_OR_MACHINE_EVIDENCE,EXCLUDED_RAW_AUDIT,,COPIED_BYTE_IDENTICAL,Raw or repeated audit evidence preserved in R5 release assets,"[""R5 provenance/release assets""]",SOURCE_R5_MANIFEST_VERIFIED
reports/phase_00_closure_bridge/final_independent_audit_R2/execution/08_local_first_stdout.log,520c3a491e12c923cb402ec38f063df0e3dbe3eca391e751c79188c602727716,790,REPORT_OR_MACHINE_EVIDENCE,EXCLUDED_RAW_AUDIT,,COPIED_BYTE_IDENTICAL,Raw or repeated audit evidence preserved in R5 release assets,"[""R5 provenance/release assets""]",SOURCE_R5_MANIFEST_VERIFIED
reports/phase_00_closure_bridge/final_independent_audit_R2/execution/09_protocol_exit.txt,9a271f2a916b0b6ee6cecb2426f0b3206ef074578be55d9bc94f6f3fe3ab86aa,2,REPORT_OR_MACHINE_EVIDENCE,RELEASE_ASSET_ONLY,,COPIED_BYTE_IDENTICAL,Preserved in the exact R5 archive; not required in the normal working tree,"[""R5 provenance/release assets""]",SOURCE_R5_MANIFEST_VERIFIED
reports/phase_00_closure_bridge/final_independent_audit_R2/execution/09_protocol_stderr.log,e3b0c44298fc1c149afbf4c8996fb92427ae41e4649b934ca495991b7852b855,0,REPORT_OR_MACHINE_EVIDENCE,EXCLUDED_RAW_AUDIT,,COPIED_BYTE_IDENTICAL,Raw or repeated audit evidence preserved in R5 release assets,"[""R5 provenance/release assets""]",SOURCE_R5_MANIFEST_VERIFIED
reports/phase_00_closure_bridge/final_independent_audit_R2/execution/09_protocol_stdout.log,6bcb943d0bdf3b3c18ffc16e9411243c08b7635a355e9401d9c558dd030da4b5,266,REPORT_OR_MACHINE_EVIDENCE,EXCLUDED_RAW_AUDIT,,COPIED_BYTE_IDENTICAL,Raw or repeated audit evidence preserved in R5 release assets,"[""R5 provenance/release assets""]",SOURCE_R5_MANIFEST_VERIFIED
reports/phase_00_closure_bridge/final_independent_audit_R2/execution/10_protocol_final_exit.txt,9a271f2a916b0b6ee6cecb2426f0b3206ef074578be55d9bc94f6f3fe3ab86aa,2,REPORT_OR_MACHINE_EVIDENCE,RELEASE_ASSET_ONLY,,COPIED_BYTE_IDENTICAL,Preserved in the exact R5 archive; not required in the normal working tree,"[""R5 provenance/release assets""]",SOURCE_R5_MANIFEST_VERIFIED
reports/phase_00_closure_bridge/final_independent_audit_R2/execution/10_protocol_final_stderr.log,e3b0c44298fc1c149afbf4c8996fb92427ae41e4649b934ca495991b7852b855,0,REPORT_OR_MACHINE_EVIDENCE,EXCLUDED_RAW_AUDIT,,COPIED_BYTE_IDENTICAL,Raw or repeated audit evidence preserved in R5 release assets,"[""R5 provenance/release assets""]",SOURCE_R5_MANIFEST_VERIFIED
reports/phase_00_closure_bridge/final_independent_audit_R2/execution/10_protocol_final_stdout.log,17911e865fc9ff6a628d62cf23e1bfd6a9f162c6ea6be8528f31f973fe8e6e2d,542,REPORT_OR_MACHINE_EVIDENCE,EXCLUDED_RAW_AUDIT,,COPIED_BYTE_IDENTICAL,Raw or repeated audit evidence preserved in R5 release assets,"[""R5 provenance/release assets""]",SOURCE_R5_MANIFEST_VERIFIED
reports/phase_00_closure_bridge/final_independent_audit_R2/execution/11_analysis_exit.txt,9a271f2a916b0b6ee6cecb2426f0b3206ef074578be55d9bc94f6f3fe3ab86aa,2,REPORT_OR_MACHINE_EVIDENCE,RELEASE_ASSET_ONLY,,COPIED_BYTE_IDENTICAL,Preserved in the exact R5 archive; not required in the normal working tree,"[""R5 provenance/release assets""]",SOURCE_R5_MANIFEST_VERIFIED
reports/phase_00_closure_bridge/final_independent_audit_R2/execution/11_analysis_stderr.log,e3b0c44298fc1c149afbf4c8996fb92427ae41e4649b934ca495991b7852b855,0,REPORT_OR_MACHINE_EVIDENCE,EXCLUDED_RAW_AUDIT,,COPIED_BYTE_IDENTICAL,Raw or repeated audit evidence preserved in R5 release assets,"[""R5 provenance/release assets""]",SOURCE_R5_MANIFEST_VERIFIED
reports/phase_00_closure_bridge/final_independent_audit_R2/execution/11_analysis_stdout.log,f402762ea55c73195a331dc31059cb2b3f95a87c8944e6581e30c3091232be85,592,REPORT_OR_MACHINE_EVIDENCE,EXCLUDED_RAW_AUDIT,,COPIED_BYTE_IDENTICAL,Raw or repeated audit evidence preserved in R5 release assets,"[""R5 provenance/release assets""]",SOURCE_R5_MANIFEST_VERIFIED
reports/phase_00_closure_bridge/final_independent_audit_R2/execution/12_analysis_final_exit.txt,9a271f2a916b0b6ee6cecb2426f0b3206ef074578be55d9bc94f6f3fe3ab86aa,2,REPORT_OR_MACHINE_EVIDENCE,RELEASE_ASSET_ONLY,,COPIED_BYTE_IDENTICAL,Preserved in the exact R5 archive; not required in the normal working tree,"[""R5 provenance/release assets""]",SOURCE_R5_MANIFEST_VERIFIED
reports/phase_00_closure_bridge/final_independent_audit_R2/execution/12_analysis_final_stderr.log,e3b0c44298fc1c149afbf4c8996fb92427ae41e4649b934ca495991b7852b855,0,REPORT_OR_MACHINE_EVIDENCE,EXCLUDED_RAW_AUDIT,,COPIED_BYTE_IDENTICAL,Raw or repeated audit evidence preserved in R5 release assets,"[""R5 provenance/release assets""]",SOURCE_R5_MANIFEST_VERIFIED
reports/phase_00_closure_bridge/final_independent_audit_R2/execution/12_analysis_final_stdout.log,d1f7cc8b233a7012a6bed7e0b641fe7c29935cc64d1738895da3e04d706a0d19,170,REPORT_OR_MACHINE_EVIDENCE,EXCLUDED_RAW_AUDIT,,COPIED_BYTE_IDENTICAL,Raw or repeated audit evidence preserved in R5 release assets,"[""R5 provenance/release assets""]",SOURCE_R5_MANIFEST_VERIFIED
reports/phase_00_closure_bridge/final_independent_audit_R2/execution/13_l0_creation_exit.txt,9a271f2a916b0b6ee6cecb2426f0b3206ef074578be55d9bc94f6f3fe3ab86aa,2,REPORT_OR_MACHINE_EVIDENCE,RELEASE_ASSET_ONLY,,COPIED_BYTE_IDENTICAL,Preserved in the exact R5 archive; not required in the normal working tree,"[""R5 provenance/release assets""]",SOURCE_R5_MANIFEST_VERIFIED
reports/phase_00_closure_bridge/final_independent_audit_R2/execution/13_l0_creation_stderr.log,e3b0c44298fc1c149afbf4c8996fb92427ae41e4649b934ca495991b7852b855,0,REPORT_OR_MACHINE_EVIDENCE,EXCLUDED_RAW_AUDIT,,COPIED_BYTE_IDENTICAL,Raw or repeated audit evidence preserved in R5 release assets,"[""R5 provenance/release assets""]",SOURCE_R5_MANIFEST_VERIFIED
reports/phase_00_closure_bridge/final_independent_audit_R2/execution/13_l0_creation_stdout.log,cdf44806fc8c97d40a80f1a44b306f8d91d6c95323baa3cb4910394e633f0859,796,REPORT_OR_MACHINE_EVIDENCE,EXCLUDED_RAW_AUDIT,,COPIED_BYTE_IDENTICAL,Raw or repeated audit evidence preserved in R5 release assets,"[""R5 provenance/release assets""]",SOURCE_R5_MANIFEST_VERIFIED
reports/phase_00_closure_bridge/final_independent_audit_R2/execution/14_l0_final_exit.txt,9a271f2a916b0b6ee6cecb2426f0b3206ef074578be55d9bc94f6f3fe3ab86aa,2,REPORT_OR_MACHINE_EVIDENCE,RELEASE_ASSET_ONLY,,COPIED_BYTE_IDENTICAL,Preserved in the exact R5 archive; not required in the normal working tree,"[""R5 provenance/release assets""]",SOURCE_R5_MANIFEST_VERIFIED
reports/phase_00_closure_bridge/final_independent_audit_R2/execution/14_l0_final_stderr.log,e3b0c44298fc1c149afbf4c8996fb92427ae41e4649b934ca495991b7852b855,0,REPORT_OR_MACHINE_EVIDENCE,EXCLUDED_RAW_AUDIT,,COPIED_BYTE_IDENTICAL,Raw or repeated audit evidence preserved in R5 release assets,"[""R5 provenance/release assets""]",SOURCE_R5_MANIFEST_VERIFIED
reports/phase_00_closure_bridge/final_independent_audit_R2/execution/14_l0_final_stdout.log,e2a02cf72b66be6437a1e90a20e0171434c43581a8e001e6ffe0c146ab2092ec,1077,REPORT_OR_MACHINE_EVIDENCE,EXCLUDED_RAW_AUDIT,,COPIED_BYTE_IDENTICAL,Raw or repeated audit evidence preserved in R5 release assets,"[""R5 provenance/release assets""]",SOURCE_R5_MANIFEST_VERIFIED
reports/phase_00_closure_bridge/final_independent_audit_R2/execution/15_cli_validate_exit.txt,9a271f2a916b0b6ee6cecb2426f0b3206ef074578be55d9bc94f6f3fe3ab86aa,2,REPORT_OR_MACHINE_EVIDENCE,RELEASE_ASSET_ONLY,,COPIED_BYTE_IDENTICAL,Preserved in the exact R5 archive; not required in the normal working tree,"[""R5 provenance/release assets""]",SOURCE_R5_MANIFEST_VERIFIED
reports/phase_00_closure_bridge/final_independent_audit_R2/execution/15_cli_validate_stderr.log,e3b0c44298fc1c149afbf4c8996fb92427ae41e4649b934ca495991b7852b855,0,REPORT_OR_MACHINE_EVIDENCE,EXCLUDED_RAW_AUDIT,,COPIED_BYTE_IDENTICAL,Raw or repeated audit evidence preserved in R5 release assets,"[""R5 provenance/release assets""]",SOURCE_R5_MANIFEST_VERIFIED
reports/phase_00_closure_bridge/final_independent_audit_R2/execution/15_cli_validate_stdout.log,36db8a0f238df714328b4a19bb216b360cbab38d4462f58c810cbe2b278ac31b,82,REPORT_OR_MACHINE_EVIDENCE,EXCLUDED_RAW_AUDIT,,COPIED_BYTE_IDENTICAL,Raw or repeated audit evidence preserved in R5 release assets,"[""R5 provenance/release assets""]",SOURCE_R5_MANIFEST_VERIFIED
reports/phase_00_closure_bridge/final_independent_audit_R2/execution/16_cli_smoke_exit.txt,9a271f2a916b0b6ee6cecb2426f0b3206ef074578be55d9bc94f6f3fe3ab86aa,2,REPORT_OR_MACHINE_EVIDENCE,RELEASE_ASSET_ONLY,,COPIED_BYTE_IDENTICAL,Preserved in the exact R5 archive; not required in the normal working tree,"[""R5 provenance/release assets""]",SOURCE_R5_MANIFEST_VERIFIED
reports/phase_00_closure_bridge/final_independent_audit_R2/execution/16_cli_smoke_stderr.log,e3b0c44298fc1c149afbf4c8996fb92427ae41e4649b934ca495991b7852b855,0,REPORT_OR_MACHINE_EVIDENCE,EXCLUDED_RAW_AUDIT,,COPIED_BYTE_IDENTICAL,Raw or repeated audit evidence preserved in R5 release assets,"[""R5 provenance/release assets""]",SOURCE_R5_MANIFEST_VERIFIED
reports/phase_00_closure_bridge/final_independent_audit_R2/execution/16_cli_smoke_stdout.log,1e4d2997531ee0cc9083ad24aaab0e34f47c5882df0d918f8a1c7af415e32813,76,REPORT_OR_MACHINE_EVIDENCE,EXCLUDED_RAW_AUDIT,,COPIED_BYTE_IDENTICAL,Raw or repeated audit evidence preserved in R5 release assets,"[""R5 provenance/release assets""]",SOURCE_R5_MANIFEST_VERIFIED
reports/phase_00_closure_bridge/final_independent_audit_R2/execution/17_cli_real_exit.txt,9a271f2a916b0b6ee6cecb2426f0b3206ef074578be55d9bc94f6f3fe3ab86aa,2,REPORT_OR_MACHINE_EVIDENCE,RELEASE_ASSET_ONLY,,COPIED_BYTE_IDENTICAL,Preserved in the exact R5 archive; not required in the normal working tree,"[""R5 provenance/release assets""]",SOURCE_R5_MANIFEST_VERIFIED
reports/phase_00_closure_bridge/final_independent_audit_R2/execution/17_cli_real_stderr.log,e3b0c44298fc1c149afbf4c8996fb92427ae41e4649b934ca495991b7852b855,0,REPORT_OR_MACHINE_EVIDENCE,EXCLUDED_RAW_AUDIT,,COPIED_BYTE_IDENTICAL,Raw or repeated audit evidence preserved in R5 release assets,"[""R5 provenance/release assets""]",SOURCE_R5_MANIFEST_VERIFIED
reports/phase_00_closure_bridge/final_independent_audit_R2/execution/17_cli_real_stdout.log,ff2e2cd1c0ac414b4cf940d9f4cd422feddd79e16fb7f22e1aacdbb457729943,75,REPORT_OR_MACHINE_EVIDENCE,EXCLUDED_RAW_AUDIT,,COPIED_BYTE_IDENTICAL,Raw or repeated audit evidence preserved in R5 release assets,"[""R5 provenance/release assets""]",SOURCE_R5_MANIFEST_VERIFIED
reports/phase_00_closure_bridge/final_independent_audit_R2/execution/18_static_final_exit.txt,9a271f2a916b0b6ee6cecb2426f0b3206ef074578be55d9bc94f6f3fe3ab86aa,2,REPORT_OR_MACHINE_EVIDENCE,RELEASE_ASSET_ONLY,,COPIED_BYTE_IDENTICAL,Preserved in the exact R5 archive; not required in the normal working tree,"[""R5 provenance/release assets""]",SOURCE_R5_MANIFEST_VERIFIED
reports/phase_00_closure_bridge/final_independent_audit_R2/execution/18_static_final_stderr.log,e3b0c44298fc1c149afbf4c8996fb92427ae41e4649b934ca495991b7852b855,0,REPORT_OR_MACHINE_EVIDENCE,EXCLUDED_RAW_AUDIT,,COPIED_BYTE_IDENTICAL,Raw or repeated audit evidence preserved in R5 release assets,"[""R5 provenance/release assets""]",SOURCE_R5_MANIFEST_VERIFIED
reports/phase_00_closure_bridge/final_independent_audit_R2/execution/18_static_final_stdout.log,6151c09a07d2d91547ed7019df077c02165ff2fca75449b9fe8115a4bd529d6e,214,REPORT_OR_MACHINE_EVIDENCE,EXCLUDED_RAW_AUDIT,,COPIED_BYTE_IDENTICAL,Raw or repeated audit evidence preserved in R5 release assets,"[""R5 provenance/release assets""]",SOURCE_R5_MANIFEST_VERIFIED
reports/phase_00_closure_bridge/final_independent_audit_R2/execution/19_pytest_final_exit.txt,9a271f2a916b0b6ee6cecb2426f0b3206ef074578be55d9bc94f6f3fe3ab86aa,2,REPORT_OR_MACHINE_EVIDENCE,RELEASE_ASSET_ONLY,,COPIED_BYTE_IDENTICAL,Preserved in the exact R5 archive; not required in the normal working tree,"[""R5 provenance/release assets""]",SOURCE_R5_MANIFEST_VERIFIED
reports/phase_00_closure_bridge/final_independent_audit_R2/execution/19_pytest_final_stderr.log,e3b0c44298fc1c149afbf4c8996fb92427ae41e4649b934ca495991b7852b855,0,REPORT_OR_MACHINE_EVIDENCE,EXCLUDED_RAW_AUDIT,,COPIED_BYTE_IDENTICAL,Raw or repeated audit evidence preserved in R5 release assets,"[""R5 provenance/release assets""]",SOURCE_R5_MANIFEST_VERIFIED
reports/phase_00_closure_bridge/final_independent_audit_R2/execution/19_pytest_final_stdout.log,ed94c7b9e868d08a7e7ad35b69cf73e23b2b94c2e55c0a7130e06a3eae69dc7a,181,REPORT_OR_MACHINE_EVIDENCE,EXCLUDED_RAW_AUDIT,,COPIED_BYTE_IDENTICAL,Raw or repeated audit evidence preserved in R5 release assets,"[""R5 provenance/release assets""]",SOURCE_R5_MANIFEST_VERIFIED
reports/phase_00_closure_bridge/final_independent_audit_R2/execution/20_l0_final_again_exit.txt,9a271f2a916b0b6ee6cecb2426f0b3206ef074578be55d9bc94f6f3fe3ab86aa,2,REPORT_OR_MACHINE_EVIDENCE,RELEASE_ASSET_ONLY,,COPIED_BYTE_IDENTICAL,Preserved in the exact R5 archive; not required in the normal working tree,"[""R5 provenance/release assets""]",SOURCE_R5_MANIFEST_VERIFIED
reports/phase_00_closure_bridge/final_independent_audit_R2/execution/20_l0_final_again_stderr.log,e3b0c44298fc1c149afbf4c8996fb92427ae41e4649b934ca495991b7852b855,0,REPORT_OR_MACHINE_EVIDENCE,EXCLUDED_RAW_AUDIT,,COPIED_BYTE_IDENTICAL,Raw or repeated audit evidence preserved in R5 release assets,"[""R5 provenance/release assets""]",SOURCE_R5_MANIFEST_VERIFIED
reports/phase_00_closure_bridge/final_independent_audit_R2/execution/20_l0_final_again_stdout.log,e2a02cf72b66be6437a1e90a20e0171434c43581a8e001e6ffe0c146ab2092ec,1077,REPORT_OR_MACHINE_EVIDENCE,EXCLUDED_RAW_AUDIT,,COPIED_BYTE_IDENTICAL,Raw or repeated audit evidence preserved in R5 release assets,"[""R5 provenance/release assets""]",SOURCE_R5_MANIFEST_VERIFIED
reports/phase_00_closure_bridge/final_independent_audit_R2/execution/21_manifest_regen_exit.txt,9a271f2a916b0b6ee6cecb2426f0b3206ef074578be55d9bc94f6f3fe3ab86aa,2,REPORT_OR_MACHINE_EVIDENCE,RELEASE_ASSET_ONLY,,COPIED_BYTE_IDENTICAL,Preserved in the exact R5 archive; not required in the normal working tree,"[""R5 provenance/release assets""]",SOURCE_R5_MANIFEST_VERIFIED
reports/phase_00_closure_bridge/final_independent_audit_R2/execution/21_manifest_regen_stderr.log,e3b0c44298fc1c149afbf4c8996fb92427ae41e4649b934ca495991b7852b855,0,REPORT_OR_MACHINE_EVIDENCE,EXCLUDED_RAW_AUDIT,,COPIED_BYTE_IDENTICAL,Raw or repeated audit evidence preserved in R5 release assets,"[""R5 provenance/release assets""]",SOURCE_R5_MANIFEST_VERIFIED
reports/phase_00_closure_bridge/final_independent_audit_R2/execution/21_manifest_regen_stdout.log,e3b0c44298fc1c149afbf4c8996fb92427ae41e4649b934ca495991b7852b855,0,REPORT_OR_MACHINE_EVIDENCE,EXCLUDED_RAW_AUDIT,,COPIED_BYTE_IDENTICAL,Raw or repeated audit evidence preserved in R5 release assets,"[""R5 provenance/release assets""]",SOURCE_R5_MANIFEST_VERIFIED
reports/phase_00_closure_bridge/final_independent_audit_R2/execution/22_manifest_check_exit.txt,4355a46b19d348dc2f57c046f8ef63d4538ebb936000f3c9ee954a27460dd865,2,REPORT_OR_MACHINE_EVIDENCE,RELEASE_ASSET_ONLY,,COPIED_BYTE_IDENTICAL,Preserved in the exact R5 archive; not required in the normal working tree,"[""R5 provenance/release assets""]",SOURCE_R5_MANIFEST_VERIFIED
reports/phase_00_closure_bridge/final_independent_audit_R2/execution/22_manifest_check_stderr.log,e3b0c44298fc1c149afbf4c8996fb92427ae41e4649b934ca495991b7852b855,0,REPORT_OR_MACHINE_EVIDENCE,EXCLUDED_RAW_AUDIT,,COPIED_BYTE_IDENTICAL,Raw or repeated audit evidence preserved in R5 release assets,"[""R5 provenance/release assets""]",SOURCE_R5_MANIFEST_VERIFIED
reports/phase_00_closure_bridge/final_independent_audit_R2/execution/22_manifest_check_stdout.log,bca264753bbe4909938a2cc6367c6e5c22c061244bb491f7c6b4f8a8c36bca1d,393,REPORT_OR_MACHINE_EVIDENCE,EXCLUDED_RAW_AUDIT,,COPIED_BYTE_IDENTICAL,Raw or repeated audit evidence preserved in R5 release assets,"[""R5 provenance/release assets""]",SOURCE_R5_MANIFEST_VERIFIED
reports/phase_00_closure_bridge/final_independent_audit_R2/execution/22_manifest_diff.json,bca264753bbe4909938a2cc6367c6e5c22c061244bb491f7c6b4f8a8c36bca1d,393,REPORT_OR_MACHINE_EVIDENCE,RELEASE_ASSET_ONLY,,COPIED_BYTE_IDENTICAL,Preserved in the exact R5 archive; not required in the normal working tree,"[""R5 provenance/release assets""]",SOURCE_R5_MANIFEST_VERIFIED
reports/phase_00_closure_bridge/final_independent_audit_R2/execution/23_manifest_regen_after_policy_fix_exit.txt,9a271f2a916b0b6ee6cecb2426f0b3206ef074578be55d9bc94f6f3fe3ab86aa,2,REPORT_OR_MACHINE_EVIDENCE,RELEASE_ASSET_ONLY,,COPIED_BYTE_IDENTICAL,Preserved in the exact R5 archive; not required in the normal working tree,"[""R5 provenance/release assets""]",SOURCE_R5_MANIFEST_VERIFIED
reports/phase_00_closure_bridge/final_independent_audit_R2/execution/23_manifest_regen_after_policy_fix_stderr.log,e3b0c44298fc1c149afbf4c8996fb92427ae41e4649b934ca495991b7852b855,0,REPORT_OR_MACHINE_EVIDENCE,EXCLUDED_RAW_AUDIT,,COPIED_BYTE_IDENTICAL,Raw or repeated audit evidence preserved in R5 release assets,"[""R5 provenance/release assets""]",SOURCE_R5_MANIFEST_VERIFIED
reports/phase_00_closure_bridge/final_independent_audit_R2/execution/23_manifest_regen_after_policy_fix_stdout.log,e3b0c44298fc1c149afbf4c8996fb92427ae41e4649b934ca495991b7852b855,0,REPORT_OR_MACHINE_EVIDENCE,EXCLUDED_RAW_AUDIT,,COPIED_BYTE_IDENTICAL,Raw or repeated audit evidence preserved in R5 release assets,"[""R5 provenance/release assets""]",SOURCE_R5_MANIFEST_VERIFIED
reports/phase_00_closure_bridge/final_independent_audit_R2/execution/24_manifest_check_after_policy_fix_exit.txt,9a271f2a916b0b6ee6cecb2426f0b3206ef074578be55d9bc94f6f3fe3ab86aa,2,REPORT_OR_MACHINE_EVIDENCE,RELEASE_ASSET_ONLY,,COPIED_BYTE_IDENTICAL,Preserved in the exact R5 archive; not required in the normal working tree,"[""R5 provenance/release assets""]",SOURCE_R5_MANIFEST_VERIFIED
reports/phase_00_closure_bridge/final_independent_audit_R2/execution/24_manifest_check_after_policy_fix_stderr.log,e3b0c44298fc1c149afbf4c8996fb92427ae41e4649b934ca495991b7852b855,0,REPORT_OR_MACHINE_EVIDENCE,EXCLUDED_RAW_AUDIT,,COPIED_BYTE_IDENTICAL,Raw or repeated audit evidence preserved in R5 release assets,"[""R5 provenance/release assets""]",SOURCE_R5_MANIFEST_VERIFIED
reports/phase_00_closure_bridge/final_independent_audit_R2/execution/24_manifest_check_after_policy_fix_stdout.log,f3aae22a3e8414c46780566f7179d9a2c7b515312b7d82e54270f2bfdf6cf1a2,15,REPORT_OR_MACHINE_EVIDENCE,EXCLUDED_RAW_AUDIT,,COPIED_BYTE_IDENTICAL,Raw or repeated audit evidence preserved in R5 release assets,"[""R5 provenance/release assets""]",SOURCE_R5_MANIFEST_VERIFIED
reports/phase_00_closure_bridge/final_independent_audit_R2/execution/25_pytest_after_report_exit.txt,9a271f2a916b0b6ee6cecb2426f0b3206ef074578be55d9bc94f6f3fe3ab86aa,2,REPORT_OR_MACHINE_EVIDENCE,RELEASE_ASSET_ONLY,,COPIED_BYTE_IDENTICAL,Preserved in the exact R5 archive; not required in the normal working tree,"[""R5 provenance/release assets""]",SOURCE_R5_MANIFEST_VERIFIED
reports/phase_00_closure_bridge/final_independent_audit_R2/execution/25_pytest_after_report_stderr.log,e3b0c44298fc1c149afbf4c8996fb92427ae41e4649b934ca495991b7852b855,0,REPORT_OR_MACHINE_EVIDENCE,EXCLUDED_RAW_AUDIT,,COPIED_BYTE_IDENTICAL,Raw or repeated audit evidence preserved in R5 release assets,"[""R5 provenance/release assets""]",SOURCE_R5_MANIFEST_VERIFIED
reports/phase_00_closure_bridge/final_independent_audit_R2/execution/25_pytest_after_report_stdout.log,5762362637534241a6435c97431213eae8d78378306a659c0d8db433cf904a01,181,REPORT_OR_MACHINE_EVIDENCE,EXCLUDED_RAW_AUDIT,,COPIED_BYTE_IDENTICAL,Raw or repeated audit evidence preserved in R5 release assets,"[""R5 provenance/release assets""]",SOURCE_R5_MANIFEST_VERIFIED
reports/phase_00_closure_bridge/final_independent_audit_R2/execution/26_final_validator_after_report_exit.txt,9a271f2a916b0b6ee6cecb2426f0b3206ef074578be55d9bc94f6f3fe3ab86aa,2,REPORT_OR_MACHINE_EVIDENCE,RELEASE_ASSET_ONLY,,COPIED_BYTE_IDENTICAL,Preserved in the exact R5 archive; not required in the normal working tree,"[""R5 provenance/release assets""]",SOURCE_R5_MANIFEST_VERIFIED
reports/phase_00_closure_bridge/final_independent_audit_R2/execution/26_final_validator_after_report_stderr.log,e3b0c44298fc1c149afbf4c8996fb92427ae41e4649b934ca495991b7852b855,0,REPORT_OR_MACHINE_EVIDENCE,EXCLUDED_RAW_AUDIT,,COPIED_BYTE_IDENTICAL,Raw or repeated audit evidence preserved in R5 release assets,"[""R5 provenance/release assets""]",SOURCE_R5_MANIFEST_VERIFIED
reports/phase_00_closure_bridge/final_independent_audit_R2/execution/26_final_validator_after_report_stdout.log,e2a02cf72b66be6437a1e90a20e0171434c43581a8e001e6ffe0c146ab2092ec,1077,REPORT_OR_MACHINE_EVIDENCE,EXCLUDED_RAW_AUDIT,,COPIED_BYTE_IDENTICAL,Raw or repeated audit evidence preserved in R5 release assets,"[""R5 provenance/release assets""]",SOURCE_R5_MANIFEST_VERIFIED
reports/phase_00_closure_bridge/final_independent_audit_R2/execution/27_manifest_regen_after_report_exit.txt,9a271f2a916b0b6ee6cecb2426f0b3206ef074578be55d9bc94f6f3fe3ab86aa,2,REPORT_OR_MACHINE_EVIDENCE,RELEASE_ASSET_ONLY,,COPIED_BYTE_IDENTICAL,Preserved in the exact R5 archive; not required in the normal working tree,"[""R5 provenance/release assets""]",SOURCE_R5_MANIFEST_VERIFIED
reports/phase_00_closure_bridge/final_independent_audit_R2/execution/27_manifest_regen_after_report_stderr.log,e3b0c44298fc1c149afbf4c8996fb92427ae41e4649b934ca495991b7852b855,0,REPORT_OR_MACHINE_EVIDENCE,EXCLUDED_RAW_AUDIT,,COPIED_BYTE_IDENTICAL,Raw or repeated audit evidence preserved in R5 release assets,"[""R5 provenance/release assets""]",SOURCE_R5_MANIFEST_VERIFIED
reports/phase_00_closure_bridge/final_independent_audit_R2/execution/27_manifest_regen_after_report_stdout.log,e3b0c44298fc1c149afbf4c8996fb92427ae41e4649b934ca495991b7852b855,0,REPORT_OR_MACHINE_EVIDENCE,EXCLUDED_RAW_AUDIT,,COPIED_BYTE_IDENTICAL,Raw or repeated audit evidence preserved in R5 release assets,"[""R5 provenance/release assets""]",SOURCE_R5_MANIFEST_VERIFIED
reports/phase_00_closure_bridge/final_independent_audit_R2/execution/28_manifest_check_after_report_exit.txt,9a271f2a916b0b6ee6cecb2426f0b3206ef074578be55d9bc94f6f3fe3ab86aa,2,REPORT_OR_MACHINE_EVIDENCE,RELEASE_ASSET_ONLY,,COPIED_BYTE_IDENTICAL,Preserved in the exact R5 archive; not required in the normal working tree,"[""R5 provenance/release assets""]",SOURCE_R5_MANIFEST_VERIFIED
reports/phase_00_closure_bridge/final_independent_audit_R2/execution/28_manifest_check_after_report_stderr.log,e3b0c44298fc1c149afbf4c8996fb92427ae41e4649b934ca495991b7852b855,0,REPORT_OR_MACHINE_EVIDENCE,EXCLUDED_RAW_AUDIT,,COPIED_BYTE_IDENTICAL,Raw or repeated audit evidence preserved in R5 release assets,"[""R5 provenance/release assets""]",SOURCE_R5_MANIFEST_VERIFIED
reports/phase_00_closure_bridge/final_independent_audit_R2/execution/28_manifest_check_after_report_stdout.log,f3aae22a3e8414c46780566f7179d9a2c7b515312b7d82e54270f2bfdf6cf1a2,15,REPORT_OR_MACHINE_EVIDENCE,EXCLUDED_RAW_AUDIT,,COPIED_BYTE_IDENTICAL,Raw or repeated audit evidence preserved in R5 release assets,"[""R5 provenance/release assets""]",SOURCE_R5_MANIFEST_VERIFIED
reports/phase_00_closure_bridge/final_independent_audit_R2/failed_evidence/clean_reproduction_combined_wrapper_timeout_R2.json,a721465467c7149385dcbd0e9cbddd2e9876ee8ae7b4eabde78b776a3d65b2e0,536,REPORT_OR_MACHINE_EVIDENCE,EXCLUDED_RAW_AUDIT,,COPIED_BYTE_IDENTICAL,Raw or repeated audit evidence preserved in R5 release assets,"[""R5 provenance/release assets""]",SOURCE_R5_MANIFEST_VERIFIED
reports/phase_00_closure_bridge/final_independent_audit_R2/failed_evidence/final_zip_round1_repository_manifest_stale_R2.json,a9ffb3fc9deeab6e456d6cf12bbd165a30a33b215ba590d7634d958a3a4f0a5e,531,REPORT_OR_MACHINE_EVIDENCE,EXCLUDED_RAW_AUDIT,,COPIED_BYTE_IDENTICAL,Raw or repeated audit evidence preserved in R5 release assets,"[""R5 provenance/release assets""]",SOURCE_R5_MANIFEST_VERIFIED
reports/phase_00_closure_bridge/final_independent_audit_R2/failed_evidence/manifest_check_round1_execution_logs_unexcluded.json,bca264753bbe4909938a2cc6367c6e5c22c061244bb491f7c6b4f8a8c36bca1d,393,REPORT_OR_MACHINE_EVIDENCE,EXCLUDED_RAW_AUDIT,,COPIED_BYTE_IDENTICAL,Raw or repeated audit evidence preserved in R5 release assets,"[""R5 provenance/release assets""]",SOURCE_R5_MANIFEST_VERIFIED
reports/phase_00_closure_bridge/final_independent_audit_R2/failed_evidence/pytest_round1_descendant_failures.txt,f3acdfd73e6403064f875bb7685bf23771f3d33c9bb51359257b2fceadb97fb3,513,REPORT_OR_MACHINE_EVIDENCE,EXCLUDED_RAW_AUDIT,,COPIED_BYTE_IDENTICAL,Raw or repeated audit evidence preserved in R5 release assets,"[""R5 provenance/release assets""]",SOURCE_R5_MANIFEST_VERIFIED
reports/phase_00_closure_bridge/final_independent_audit_R2/layer0_independent_readjudication_matrix_R2.csv,374a5cc8489a4b6ef6cec8a4f41fc91dd06bc3d3e67ac7f5747bea52e6dd26af,2827,REPORT_OR_MACHINE_EVIDENCE,RELEASE_ASSET_ONLY,,COPIED_BYTE_IDENTICAL,Preserved in the exact R5 archive; not required in the normal working tree,"[""R5 provenance/release assets""]",SOURCE_R5_MANIFEST_VERIFIED
reports/phase_00_closure_bridge/final_independent_audit_R2/layer0_independent_readjudication_matrix_R2.yaml,54209bb329752b0f792fbda6f1ffb5331672bfa394ab38b05c6b278ef358b7a4,4911,REPORT_OR_MACHINE_EVIDENCE,RELEASE_ASSET_ONLY,,COPIED_BYTE_IDENTICAL,Preserved in the exact R5 archive; not required in the normal working tree,"[""R5 provenance/release assets""]",SOURCE_R5_MANIFEST_VERIFIED
reports/phase_00_closure_bridge/final_independent_audit_R2/layer10_source_value_read_only_audit_R2.csv,b4e26166a88c3d68d5c254ab9f5a37e0c0ce4bc66aec256fb4386379ac6e539c,3998,REPORT_OR_MACHINE_EVIDENCE,RELEASE_ASSET_ONLY,,COPIED_BYTE_IDENTICAL,Preserved in the exact R5 archive; not required in the normal working tree,"[""R5 provenance/release assets""]",SOURCE_R5_MANIFEST_VERIFIED
reports/phase_00_closure_bridge/final_independent_audit_R2/layer10_source_value_read_only_audit_R2.yaml,521515d833cef41e1f7c4b9b060d090c519767af07798fa4c3da2cf54e190524,6344,REPORT_OR_MACHINE_EVIDENCE,RELEASE_ASSET_ONLY,,COPIED_BYTE_IDENTICAL,Preserved in the exact R5 archive; not required in the normal working tree,"[""R5 provenance/release assets""]",SOURCE_R5_MANIFEST_VERIFIED
reports/phase_00_closure_bridge/final_independent_audit_R2/machine_human_no_drift_report_R2.json,0f24516755ad9082bf3af758adadedf4bb4c297cf3943f5e6fe0ba6c6baec00a,1011,REPORT_OR_MACHINE_EVIDENCE,RELEASE_ASSET_ONLY,,COPIED_BYTE_IDENTICAL,Preserved in the exact R5 archive; not required in the normal working tree,"[""R5 provenance/release assets""]",SOURCE_R5_MANIFEST_VERIFIED
reports/phase_00_closure_bridge/final_independent_audit_R2/report_R2_to_R3.diff,04f08f20cf08aee0140b3db8dc339095827e1cf06576bcb6d99cb2eb1bc50177,4204,REPORT_OR_MACHINE_EVIDENCE,RELEASE_ASSET_ONLY,,COPIED_BYTE_IDENTICAL,Preserved in the exact R5 archive; not required in the normal working tree,"[""R5 provenance/release assets""]",SOURCE_R5_MANIFEST_VERIFIED
reports/phase_00_closure_bridge/final_independent_audit_R2/report_noninterference_change_audit_R2.csv,1c8d45f01d0da1c7020d26c292aba971a0292c396e9fab1ce7af2fed9b48b628,507,REPORT_OR_MACHINE_EVIDENCE,RELEASE_ASSET_ONLY,,COPIED_BYTE_IDENTICAL,Preserved in the exact R5 archive; not required in the normal working tree,"[""R5 provenance/release assets""]",SOURCE_R5_MANIFEST_VERIFIED
reports/phase_00_closure_bridge/final_independent_audit_R2/report_noninterference_change_audit_R2.yaml,3eec8561bd2189d7507a6f694dfb33d832cdfc539338c62bcc1c1bc1dfdc7031,1044,REPORT_OR_MACHINE_EVIDENCE,RELEASE_ASSET_ONLY,,COPIED_BYTE_IDENTICAL,Preserved in the exact R5 archive; not required in the normal working tree,"[""R5 provenance/release assets""]",SOURCE_R5_MANIFEST_VERIFIED
reports/phase_00_closure_bridge/final_independent_audit_R2/requirement_completeness_matrix_R2.csv,9fbc79277cad61665ee373b0c33f32e94213b1c76c69d03590e328de07cb8e79,14371570,REPORT_OR_MACHINE_EVIDENCE,RELEASE_ASSET_ONLY,,COPIED_BYTE_IDENTICAL,Preserved in the exact R5 archive; not required in the normal working tree,"[""R5 provenance/release assets""]",SOURCE_R5_MANIFEST_VERIFIED
reports/phase_00_closure_bridge/final_independent_audit_R2/requirement_completeness_summary_R2.json,e1a87761971024992d03493a5b0f5d5211ecdd7de6da83040d1c55422793f846,143,REPORT_OR_MACHINE_EVIDENCE,RELEASE_ASSET_ONLY,,COPIED_BYTE_IDENTICAL,Preserved in the exact R5 archive; not required in the normal working tree,"[""R5 provenance/release assets""]",SOURCE_R5_MANIFEST_VERIFIED
reports/phase_00_closure_bridge/final_independent_audit_R2/review_passes/01_source_authority_reconstruction_R2.yaml,ae5c39cfa540ac669fde8aa0f5822f8918634c2a665ae017e13a8dd522e10593,340,REPORT_OR_MACHINE_EVIDENCE,RELEASE_ASSET_ONLY,,COPIED_BYTE_IDENTICAL,Preserved in the exact R5 archive; not required in the normal working tree,"[""R5 provenance/release assets""]",SOURCE_R5_MANIFEST_VERIFIED
reports/phase_00_closure_bridge/final_independent_audit_R2/review_passes/02_layer0_readjudication_R2.yaml,f9929147f5e4637c430ceb38348d49441920404f10b4b5e7a09b57af57d03791,379,REPORT_OR_MACHINE_EVIDENCE,RELEASE_ASSET_ONLY,,COPIED_BYTE_IDENTICAL,Preserved in the exact R5 archive; not required in the normal working tree,"[""R5 provenance/release assets""]",SOURCE_R5_MANIFEST_VERIFIED
reports/phase_00_closure_bridge/final_independent_audit_R2/review_passes/03_overclaim_noninterference_R2.yaml,600f078f07a00e80538481c60595bbeaefd5687ca11fbb80d6e87e3f0cd8712b,352,REPORT_OR_MACHINE_EVIDENCE,RELEASE_ASSET_ONLY,,COPIED_BYTE_IDENTICAL,Preserved in the exact R5 archive; not required in the normal working tree,"[""R5 provenance/release assets""]",SOURCE_R5_MANIFEST_VERIFIED
reports/phase_00_closure_bridge/final_independent_audit_R2/review_passes/04_evidence_map_lifecycle_R2.yaml,81b089ecef2dd39b6c73702769a5f997f2b2c8c07da830f237b0054c9f2f087e,357,REPORT_OR_MACHINE_EVIDENCE,RELEASE_ASSET_ONLY,,COPIED_BYTE_IDENTICAL,Preserved in the exact R5 archive; not required in the normal working tree,"[""R5 provenance/release assets""]",SOURCE_R5_MANIFEST_VERIFIED
reports/phase_00_closure_bridge/final_independent_audit_R2/review_passes/05_layer10_read_only_R2.yaml,4edb38057bb51f4b6f0e7edaa455b7f22ca72d473d9297e8f80b74d0ebeefbb9,376,REPORT_OR_MACHINE_EVIDENCE,RELEASE_ASSET_ONLY,,COPIED_BYTE_IDENTICAL,Preserved in the exact R5 archive; not required in the normal working tree,"[""R5 provenance/release assets""]",SOURCE_R5_MANIFEST_VERIFIED
reports/phase_00_closure_bridge/final_independent_audit_R2/review_passes/06_deterministic_reproduction_R2.yaml,fd123c0332b2b135336e4e05af9e7226803193c7844a56e471e419abf97c7ff0,453,REPORT_OR_MACHINE_EVIDENCE,RELEASE_ASSET_ONLY,,COPIED_BYTE_IDENTICAL,Preserved in the exact R5 archive; not required in the normal working tree,"[""R5 provenance/release assets""]",SOURCE_R5_MANIFEST_VERIFIED
reports/phase_00_closure_bridge/final_independent_audit_R2/review_passes/07_final_governance_R2.yaml,6dad690e4882f5af64ae30c33548728cf9481c4f70b1d25a640e2fee2a4b7b11,417,REPORT_OR_MACHINE_EVIDENCE,RELEASE_ASSET_ONLY,,COPIED_BYTE_IDENTICAL,Preserved in the exact R5 archive; not required in the normal working tree,"[""R5 provenance/release assets""]",SOURCE_R5_MANIFEST_VERIFIED
reports/phase_00_closure_bridge/final_independent_audit_R2/review_provenance_R2.yaml,581eb3256d4cd6b69673d48c61579a5fc6a45c512b9d24747fafc345db6208dc,569,REPORT_OR_MACHINE_EVIDENCE,RELEASE_ASSET_ONLY,,COPIED_BYTE_IDENTICAL,Preserved in the exact R5 archive; not required in the normal working tree,"[""R5 provenance/release assets""]",SOURCE_R5_MANIFEST_VERIFIED
reports/phase_00_closure_bridge/final_independent_audit_R2/source_and_supersession_ledger_R2.yaml,59356bf1855aea1f126eceea2542114e8e01d0d12f205aa01f0e266968257957,4102,REPORT_OR_MACHINE_EVIDENCE,RELEASE_ASSET_ONLY,,COPIED_BYTE_IDENTICAL,Preserved in the exact R5 archive; not required in the normal working tree,"[""R5 provenance/release assets""]",SOURCE_R5_MANIFEST_VERIFIED
reports/phase_00_closure_bridge/final_independent_audit_R2/source_value_recalculation_R2.json,c3ed0e1a34fc02e6d6cda697e8ed1183a914ca5c41fe41fadc66e793f87b821e,824,REPORT_OR_MACHINE_EVIDENCE,RELEASE_ASSET_ONLY,,COPIED_BYTE_IDENTICAL,Preserved in the exact R5 archive; not required in the normal working tree,"[""R5 provenance/release assets""]",SOURCE_R5_MANIFEST_VERIFIED
reports/phase_00_closure_bridge/final_independent_audit_R2/warning_negative_limitation_parity_matrix_R2.csv,541b67a56c0e98fb3801fbc2277fb5f6b983351cae80535a9dfb892c3a4aa328,2476,REPORT_OR_MACHINE_EVIDENCE,RELEASE_ASSET_ONLY,,COPIED_BYTE_IDENTICAL,Preserved in the exact R5 archive; not required in the normal working tree,"[""R5 provenance/release assets""]",SOURCE_R5_MANIFEST_VERIFIED
reports/phase_00_closure_bridge/final_independent_audit_R2/warning_negative_limitation_parity_matrix_R2.yaml,1d9f1ef53f23c61b1328f871f2f6a20cd0a9acec5e15440bea1a91db3a1fb358,5244,REPORT_OR_MACHINE_EVIDENCE,RELEASE_ASSET_ONLY,,COPIED_BYTE_IDENTICAL,Preserved in the exact R5 archive; not required in the normal working tree,"[""R5 provenance/release assets""]",SOURCE_R5_MANIFEST_VERIFIED
reports/phase_00_closure_bridge/historical_status_crosswalk_R1.yaml,e82020790a5a2bcaf71653a76d3846b310ba10fdba81b246c26aa475cd096a5c,627,REPORT_OR_MACHINE_EVIDENCE,RELEASE_ASSET_ONLY,,COPIED_BYTE_IDENTICAL,Preserved in the exact R5 archive; not required in the normal working tree,"[""R5 provenance/release assets""]",SOURCE_R5_MANIFEST_VERIFIED
reports/phase_00_closure_bridge/history/R1/phase_0_layer0_evidence_map_layer10_handoff_R1.yaml,936c809d7475b4b8b55e663dc872f059c8f5ec5094889c0a7ac65e1a2444527b,4114,REPORT_OR_MACHINE_EVIDENCE,EXCLUDED_HISTORY,,COPIED_BYTE_IDENTICAL,Superseded/history material preserved in R5 release assets,"[""R5 provenance/release assets""]",SOURCE_R5_MANIFEST_VERIFIED
reports/phase_00_closure_bridge/local_validation_summary_R1.json,f5ae4e6505cc2d85cd1ad1b5366866bbb141eb30303693ae8581c19b71bfdf4f,3895,REPORT_OR_MACHINE_EVIDENCE,RELEASE_ASSET_ONLY,,COPIED_BYTE_IDENTICAL,Preserved in the exact R5 archive; not required in the normal working tree,"[""R5 provenance/release assets""]",SOURCE_R5_MANIFEST_VERIFIED
reports/phase_00_closure_bridge/phase_0_l0_evidence_map_l10_final_audit_handoff_R2.yaml,b9308dc0e66c61d38ea5971e11cc7e7387980693c54ec95088c3850fd2c7b6a4,3207,REPORT_OR_MACHINE_EVIDENCE,RELEASE_ASSET_ONLY,,COPIED_BYTE_IDENTICAL,Preserved in the exact R5 archive; not required in the normal working tree,"[""R5 provenance/release assets""]",SOURCE_R5_MANIFEST_VERIFIED
reports/phase_00_closure_bridge/phase_0_layer0_evidence_map_layer10_handoff_R1.yaml,936c809d7475b4b8b55e663dc872f059c8f5ec5094889c0a7ac65e1a2444527b,4114,REPORT_OR_MACHINE_EVIDENCE,RELEASE_ASSET_ONLY,,COPIED_BYTE_IDENTICAL,Preserved in the exact R5 archive; not required in the normal working tree,"[""R5 provenance/release assets""]",SOURCE_R5_MANIFEST_VERIFIED
reports/phase_00_closure_bridge/phase_0_layer0_evidence_map_layer10_handoff_R2.yaml,b4bb7c9c390b5026ee483fabc1e28fbb475eb9ddb839f8912ec951d2c6468f94,3549,REPORT_OR_MACHINE_EVIDENCE,RELEASE_ASSET_ONLY,,COPIED_BYTE_IDENTICAL,Preserved in the exact R5 archive; not required in the normal working tree,"[""R5 provenance/release assets""]",SOURCE_R5_MANIFEST_VERIFIED
reports/phase_00_closure_bridge/report_statement_audit_ledger_R1.csv,80538fb157929ebe8554c282f405419a9a89344d725dc9c5b27ebdd178f6c616,3183,REPORT_OR_MACHINE_EVIDENCE,RELEASE_ASSET_ONLY,,COPIED_BYTE_IDENTICAL,Preserved in the exact R5 archive; not required in the normal working tree,"[""R5 provenance/release assets""]",SOURCE_R5_MANIFEST_VERIFIED
reports/phase_00_closure_bridge/reviews/01_authority_reconstruction.md,022572cb5e283df7215e059f7849b53b01fa1aa2d02335d927e14121a9dcce50,311,REPORT_OR_MACHINE_EVIDENCE,RELEASE_ASSET_ONLY,,COPIED_BYTE_IDENTICAL,Preserved in the exact R5 archive; not required in the normal working tree,"[""R5 provenance/release assets""]",SOURCE_R5_MANIFEST_VERIFIED
reports/phase_00_closure_bridge/reviews/02_evidence_and_candidate_statement.md,6288f30f934d9afeea15ca85f698402bff91f25ec68561032b4e9e5444e52625,224,REPORT_OR_MACHINE_EVIDENCE,RELEASE_ASSET_ONLY,,COPIED_BYTE_IDENTICAL,Preserved in the exact R5 archive; not required in the normal working tree,"[""R5 provenance/release assets""]",SOURCE_R5_MANIFEST_VERIFIED
reports/phase_00_closure_bridge/reviews/03_adversarial_claim_safety.md,ee52b5a4d3481ab088d212b42949e35078582cf5f952aa81b7b91d9109ebb8c8,218,REPORT_OR_MACHINE_EVIDENCE,RELEASE_ASSET_ONLY,,COPIED_BYTE_IDENTICAL,Preserved in the exact R5 archive; not required in the normal working tree,"[""R5 provenance/release assets""]",SOURCE_R5_MANIFEST_VERIFIED
reports/phase_00_closure_bridge/reviews/04_evidence_map_lifecycle.md,afc0d5d24fa9e92a78084fe22a8e652b42e1f5fa35a7574a0ccdba90558ab60f,201,REPORT_OR_MACHINE_EVIDENCE,RELEASE_ASSET_ONLY,,COPIED_BYTE_IDENTICAL,Preserved in the exact R5 archive; not required in the normal working tree,"[""R5 provenance/release assets""]",SOURCE_R5_MANIFEST_VERIFIED
reports/phase_00_closure_bridge/reviews/05_layer10_readonly_conformance.md,311c24560aafd1ac0fba143782c763f7f78db2027bf141bf2ac483d6c66f5dd9,199,REPORT_OR_MACHINE_EVIDENCE,RELEASE_ASSET_ONLY,,COPIED_BYTE_IDENTICAL,Preserved in the exact R5 archive; not required in the normal working tree,"[""R5 provenance/release assets""]",SOURCE_R5_MANIFEST_VERIFIED
reports/phase_00_closure_bridge/reviews/06_final_governance.md,d77d0a86e0fbdde9fd029b09ded67233967cd53b8339dfcfcdf04a8888d78d40,222,REPORT_OR_MACHINE_EVIDENCE,RELEASE_ASSET_ONLY,,COPIED_BYTE_IDENTICAL,Preserved in the exact R5 archive; not required in the normal working tree,"[""R5 provenance/release assets""]",SOURCE_R5_MANIFEST_VERIFIED
reports/phase_00_closure_bridge/source_baseline_and_supersession_R1.csv,47bbeda1e38c453ea264b26f6c55ae5e2efcf789272f13ff254a294713e9d693,2613,REPORT_OR_MACHINE_EVIDENCE,RELEASE_ASSET_ONLY,,COPIED_BYTE_IDENTICAL,Preserved in the exact R5 archive; not required in the normal working tree,"[""R5 provenance/release assets""]",SOURCE_R5_MANIFEST_VERIFIED
reports/phase_00_closure_bridge/validation_result_R1.json,cdf44806fc8c97d40a80f1a44b306f8d91d6c95323baa3cb4910394e633f0859,796,REPORT_OR_MACHINE_EVIDENCE,RELEASE_ASSET_ONLY,,COPIED_BYTE_IDENTICAL,Preserved in the exact R5 archive; not required in the normal working tree,"[""R5 provenance/release assets""]",SOURCE_R5_MANIFEST_VERIFIED
reports/phase_00_final_double_check/adversarial_execution_report_R5.json,c19f5da3e0ffcb7f13b0a82f4b3924fc96a35073dd460df13e6fd224e1310cfb,17065,REPORT_OR_MACHINE_EVIDENCE,MAIN_TREE_DIRECT,reports/phase_00_final_double_check/adversarial_execution_report_R5.json,COPIED_BYTE_IDENTICAL,Required current reviewer-facing or runtime file,"[""main-tree reviewer/runtime""]",SOURCE_R5_MANIFEST_VERIFIED; DESTINATION_VERIFIED
reports/phase_00_final_double_check/adversarial_test_catalog.json,e236fbd20ee431ad733a1194706778c3732691f3b9edb6455d0cad3b2fa9559f,5037,REPORT_OR_MACHINE_EVIDENCE,RELEASE_ASSET_ONLY,,COPIED_BYTE_IDENTICAL,Preserved in the exact R5 archive; not required in the normal working tree,"[""R5 provenance/release assets""]",SOURCE_R5_MANIFEST_VERIFIED
reports/phase_00_final_double_check/baseline_first_finalization_repository_manifest_R1.json,7acc983378e711b2a4367b8283503a5b035864c2bfed7317e5e6454428c804e0,363911,REPORT_OR_MACHINE_EVIDENCE,RELEASE_ASSET_ONLY,,COPIED_BYTE_IDENTICAL,Preserved in the exact R5 archive; not required in the normal working tree,"[""R5 provenance/release assets""]",SOURCE_R5_MANIFEST_VERIFIED
reports/phase_00_final_double_check/defect_repair_successor_invalidation_ledger.yaml,c519d7de9573ff717404cbd46d1432c5ad37eaac2334af1f6f1d1854b449fd7f,5505,REPORT_OR_MACHINE_EVIDENCE,RELEASE_ASSET_ONLY,,COPIED_BYTE_IDENTICAL,Preserved in the exact R5 archive; not required in the normal working tree,"[""R5 provenance/release assets""]",SOURCE_R5_MANIFEST_VERIFIED
reports/phase_00_final_double_check/environment_and_clean_reproduction_report.json,13c3e46c7542384defe949c2bdf2f9ab231e8e90196eb9872eb886a918d708c7,986,REPORT_OR_MACHINE_EVIDENCE,RELEASE_ASSET_ONLY,,COPIED_BYTE_IDENTICAL,Preserved in the exact R5 archive; not required in the normal working tree,"[""R5 provenance/release assets""]",SOURCE_R5_MANIFEST_VERIFIED
reports/phase_00_final_double_check/evidence_map_independent_closure_audit.yaml,72acdf3df678f131174a9392c7f5c5e6f2f868cbc974d6916377b8acfcc7c393,181,REPORT_OR_MACHINE_EVIDENCE,RELEASE_ASSET_ONLY,,COPIED_BYTE_IDENTICAL,Preserved in the exact R5 archive; not required in the normal working tree,"[""R5 provenance/release assets""]",SOURCE_R5_MANIFEST_VERIFIED
reports/phase_00_final_double_check/execution_and_analysis_recalculation_report.json,13e7bbbca67d9bcc624ebe951ea3919bcb6567db2c8e57935e45fcc504107303,367,REPORT_OR_MACHINE_EVIDENCE,RELEASE_ASSET_ONLY,,COPIED_BYTE_IDENTICAL,Preserved in the exact R5 archive; not required in the normal working tree,"[""R5 provenance/release assets""]",SOURCE_R5_MANIFEST_VERIFIED
reports/phase_00_final_double_check/execution_logs/run_local_ci.log,21c12489245d094a5bb347b9d8047a08349f47cc8474e49a14e1418160297393,368,REPORT_OR_MACHINE_EVIDENCE,EXCLUDED_RAW_AUDIT,,COPIED_BYTE_IDENTICAL,Raw or repeated audit evidence preserved in R5 release assets,"[""R5 provenance/release assets""]",SOURCE_R5_MANIFEST_VERIFIED
reports/phase_00_final_double_check/execution_logs/run_local_reproduction.log,84ef5353bfd97b1e107a22e74d267378b74ad2895292c473e59f8ab6861309bf,41,REPORT_OR_MACHINE_EVIDENCE,EXCLUDED_RAW_AUDIT,,COPIED_BYTE_IDENTICAL,Raw or repeated audit evidence preserved in R5 release assets,"[""R5 provenance/release assets""]",SOURCE_R5_MANIFEST_VERIFIED
reports/phase_00_final_double_check/execution_logs/run_phase0_analysis_final_audit.log,d1f7cc8b233a7012a6bed7e0b641fe7c29935cc64d1738895da3e04d706a0d19,170,REPORT_OR_MACHINE_EVIDENCE,EXCLUDED_RAW_AUDIT,,COPIED_BYTE_IDENTICAL,Raw or repeated audit evidence preserved in R5 release assets,"[""R5 provenance/release assets""]",SOURCE_R5_MANIFEST_VERIFIED
reports/phase_00_final_double_check/execution_logs/run_phase0_analysis_validation.log,f402762ea55c73195a331dc31059cb2b3f95a87c8944e6581e30c3091232be85,592,REPORT_OR_MACHINE_EVIDENCE,EXCLUDED_RAW_AUDIT,,COPIED_BYTE_IDENTICAL,Raw or repeated audit evidence preserved in R5 release assets,"[""R5 provenance/release assets""]",SOURCE_R5_MANIFEST_VERIFIED
reports/phase_00_final_double_check/execution_logs/run_phase0_conformance.log,768a0f64cb28257d38b478addb76e9aab5f51ef005ddc164ba37489a918435af,164,REPORT_OR_MACHINE_EVIDENCE,EXCLUDED_RAW_AUDIT,,COPIED_BYTE_IDENTICAL,Raw or repeated audit evidence preserved in R5 release assets,"[""R5 provenance/release assets""]",SOURCE_R5_MANIFEST_VERIFIED
reports/phase_00_final_double_check/execution_logs/run_phase0_final_implementation_audit.log,a321f48da26f904c76ec632499638d4c9cfed0cfb6a33f71b41e1177bc75d7c1,931,REPORT_OR_MACHINE_EVIDENCE,EXCLUDED_RAW_AUDIT,,COPIED_BYTE_IDENTICAL,Raw or repeated audit evidence preserved in R5 release assets,"[""R5 provenance/release assets""]",SOURCE_R5_MANIFEST_VERIFIED
reports/phase_00_final_double_check/execution_logs/run_phase0_final_independent_double_check.log,5738a9598d335b39f9511b0e944b7d722640020f58ad54d7765d2532ed8412db,6095,REPORT_OR_MACHINE_EVIDENCE,EXCLUDED_RAW_AUDIT,,COPIED_BYTE_IDENTICAL,Raw or repeated audit evidence preserved in R5 release assets,"[""R5 provenance/release assets""]",SOURCE_R5_MANIFEST_VERIFIED
reports/phase_00_final_double_check/execution_logs/run_phase0_final_independent_double_check_final.log,120bb31f3a5082efa414a71d6cf6084a03c7e278aa01af39d2f6441a2563733a,5748,REPORT_OR_MACHINE_EVIDENCE,EXCLUDED_RAW_AUDIT,,COPIED_BYTE_IDENTICAL,Raw or repeated audit evidence preserved in R5 release assets,"[""R5 provenance/release assets""]",SOURCE_R5_MANIFEST_VERIFIED
reports/phase_00_final_double_check/execution_logs/run_phase0_final_whole_stack_closure_audit.log,d1b742dbbd81d58483fce6bf74adb567362bb46fab20a23efb0950a2b2fb431d,3287,REPORT_OR_MACHINE_EVIDENCE,EXCLUDED_RAW_AUDIT,,COPIED_BYTE_IDENTICAL,Raw or repeated audit evidence preserved in R5 release assets,"[""R5 provenance/release assets""]",SOURCE_R5_MANIFEST_VERIFIED
reports/phase_00_final_double_check/execution_logs/run_phase0_l0_evidence_map_l10_final_audit.log,e2a02cf72b66be6437a1e90a20e0171434c43581a8e001e6ffe0c146ab2092ec,1077,REPORT_OR_MACHINE_EVIDENCE,EXCLUDED_RAW_AUDIT,,COPIED_BYTE_IDENTICAL,Raw or repeated audit evidence preserved in R5 release assets,"[""R5 provenance/release assets""]",SOURCE_R5_MANIFEST_VERIFIED
reports/phase_00_final_double_check/execution_logs/run_phase0_layer0_evidence_map_layer10_validation.log,cdf44806fc8c97d40a80f1a44b306f8d91d6c95323baa3cb4910394e633f0859,796,REPORT_OR_MACHINE_EVIDENCE,EXCLUDED_RAW_AUDIT,,COPIED_BYTE_IDENTICAL,Raw or repeated audit evidence preserved in R5 release assets,"[""R5 provenance/release assets""]",SOURCE_R5_MANIFEST_VERIFIED
reports/phase_00_final_double_check/execution_logs/run_protocol_v1_final_audit.log,17911e865fc9ff6a628d62cf23e1bfd6a9f162c6ea6be8528f31f973fe8e6e2d,542,REPORT_OR_MACHINE_EVIDENCE,EXCLUDED_RAW_AUDIT,,COPIED_BYTE_IDENTICAL,Raw or repeated audit evidence preserved in R5 release assets,"[""R5 provenance/release assets""]",SOURCE_R5_MANIFEST_VERIFIED
reports/phase_00_final_double_check/execution_logs_R5/run_local_reproduction.log,e3b0c44298fc1c149afbf4c8996fb92427ae41e4649b934ca495991b7852b855,0,REPORT_OR_MACHINE_EVIDENCE,EXCLUDED_RAW_AUDIT,,COPIED_BYTE_IDENTICAL,Raw or repeated audit evidence preserved in R5 release assets,"[""R5 provenance/release assets""]",SOURCE_R5_MANIFEST_VERIFIED
reports/phase_00_final_double_check/execution_logs_R5/run_local_reproduction_final.log,2fd0812de85da0390c0a0b375b19c79818abd3ccd35a2dd1a813d56b58a337e5,41,REPORT_OR_MACHINE_EVIDENCE,EXCLUDED_RAW_AUDIT,,COPIED_BYTE_IDENTICAL,Raw or repeated audit evidence preserved in R5 release assets,"[""R5 provenance/release assets""]",SOURCE_R5_MANIFEST_VERIFIED
reports/phase_00_final_double_check/execution_logs_R5/run_official_layer_audit_1.log,dc2d4e10bc4fc9369588ad072086d25008954d8664d4b2f25db9a320b9d653a4,1050,REPORT_OR_MACHINE_EVIDENCE,EXCLUDED_RAW_AUDIT,,COPIED_BYTE_IDENTICAL,Raw or repeated audit evidence preserved in R5 release assets,"[""R5 provenance/release assets""]",SOURCE_R5_MANIFEST_VERIFIED
reports/phase_00_final_double_check/execution_logs_R5/run_official_layer_audit_2.log,4134a99d68eb51ceb2d05d66af749e296e4a150be321fd5be18f4482ef270ba3,1367,REPORT_OR_MACHINE_EVIDENCE,EXCLUDED_RAW_AUDIT,,COPIED_BYTE_IDENTICAL,Raw or repeated audit evidence preserved in R5 release assets,"[""R5 provenance/release assets""]",SOURCE_R5_MANIFEST_VERIFIED
reports/phase_00_final_double_check/execution_logs_R5/run_official_layer_audit_3.log,5be51bab07416987ab3fe94b8959474c5c0de6b5097b7805f391c340ed81b010,1755,REPORT_OR_MACHINE_EVIDENCE,EXCLUDED_RAW_AUDIT,,COPIED_BYTE_IDENTICAL,Raw or repeated audit evidence preserved in R5 release assets,"[""R5 provenance/release assets""]",SOURCE_R5_MANIFEST_VERIFIED
reports/phase_00_final_double_check/execution_logs_R5/run_phase0_analysis_final_audit.log,d1f7cc8b233a7012a6bed7e0b641fe7c29935cc64d1738895da3e04d706a0d19,170,REPORT_OR_MACHINE_EVIDENCE,EXCLUDED_RAW_AUDIT,,COPIED_BYTE_IDENTICAL,Raw or repeated audit evidence preserved in R5 release assets,"[""R5 provenance/release assets""]",SOURCE_R5_MANIFEST_VERIFIED
reports/phase_00_final_double_check/execution_logs_R5/run_phase0_analysis_validation.log,f402762ea55c73195a331dc31059cb2b3f95a87c8944e6581e30c3091232be85,592,REPORT_OR_MACHINE_EVIDENCE,EXCLUDED_RAW_AUDIT,,COPIED_BYTE_IDENTICAL,Raw or repeated audit evidence preserved in R5 release assets,"[""R5 provenance/release assets""]",SOURCE_R5_MANIFEST_VERIFIED
reports/phase_00_final_double_check/execution_logs_R5/run_phase0_conformance.log,768a0f64cb28257d38b478addb76e9aab5f51ef005ddc164ba37489a918435af,164,REPORT_OR_MACHINE_EVIDENCE,EXCLUDED_RAW_AUDIT,,COPIED_BYTE_IDENTICAL,Raw or repeated audit evidence preserved in R5 release assets,"[""R5 provenance/release assets""]",SOURCE_R5_MANIFEST_VERIFIED
reports/phase_00_final_double_check/execution_logs_R5/run_phase0_final_adversarial_execution.log,5a5bfd305186a57f71f9e80e9b3f639c48682b1ded18aae3a6f6eeb95261484f,17085,REPORT_OR_MACHINE_EVIDENCE,EXCLUDED_RAW_AUDIT,,COPIED_BYTE_IDENTICAL,Raw or repeated audit evidence preserved in R5 release assets,"[""R5 provenance/release assets""]",SOURCE_R5_MANIFEST_VERIFIED
reports/phase_00_final_double_check/execution_logs_R5/run_phase0_final_implementation_audit.log,c978a6033558fcdaca24f605412c917f6e5cedc42893613fbd99a114e1925194,1050,REPORT_OR_MACHINE_EVIDENCE,EXCLUDED_RAW_AUDIT,,COPIED_BYTE_IDENTICAL,Raw or repeated audit evidence preserved in R5 release assets,"[""R5 provenance/release assets""]",SOURCE_R5_MANIFEST_VERIFIED
reports/phase_00_final_double_check/execution_logs_R5/run_phase0_final_independent_double_check.log,3ed7a6878ea80fdb0c67765c8451239c8d8369ae6a74ddb9db7b3e8fff9a7f6f,4712,REPORT_OR_MACHINE_EVIDENCE,EXCLUDED_RAW_AUDIT,,COPIED_BYTE_IDENTICAL,Raw or repeated audit evidence preserved in R5 release assets,"[""R5 provenance/release assets""]",SOURCE_R5_MANIFEST_VERIFIED
reports/phase_00_final_double_check/execution_logs_R5/run_phase0_final_whole_stack_closure_audit.log,9bd33d9d0b9db4729cae0535e99879adfe742576be433c5524b4eda6a4156e49,3307,REPORT_OR_MACHINE_EVIDENCE,EXCLUDED_RAW_AUDIT,,COPIED_BYTE_IDENTICAL,Raw or repeated audit evidence preserved in R5 release assets,"[""R5 provenance/release assets""]",SOURCE_R5_MANIFEST_VERIFIED
reports/phase_00_final_double_check/execution_logs_R5/run_phase0_l0_evidence_map_l10_final_audit.log,e2a02cf72b66be6437a1e90a20e0171434c43581a8e001e6ffe0c146ab2092ec,1077,REPORT_OR_MACHINE_EVIDENCE,EXCLUDED_RAW_AUDIT,,COPIED_BYTE_IDENTICAL,Raw or repeated audit evidence preserved in R5 release assets,"[""R5 provenance/release assets""]",SOURCE_R5_MANIFEST_VERIFIED
reports/phase_00_final_double_check/execution_logs_R5/run_phase0_layer0_evidence_map_layer10_validation.log,cdf44806fc8c97d40a80f1a44b306f8d91d6c95323baa3cb4910394e633f0859,796,REPORT_OR_MACHINE_EVIDENCE,EXCLUDED_RAW_AUDIT,,COPIED_BYTE_IDENTICAL,Raw or repeated audit evidence preserved in R5 release assets,"[""R5 provenance/release assets""]",SOURCE_R5_MANIFEST_VERIFIED
reports/phase_00_final_double_check/execution_logs_R5/run_protocol_v1_final_audit.log,17911e865fc9ff6a628d62cf23e1bfd6a9f162c6ea6be8528f31f973fe8e6e2d,542,REPORT_OR_MACHINE_EVIDENCE,EXCLUDED_RAW_AUDIT,,COPIED_BYTE_IDENTICAL,Raw or repeated audit evidence preserved in R5 release assets,"[""R5 provenance/release assets""]",SOURCE_R5_MANIFEST_VERIFIED
reports/phase_00_final_double_check/execution_logs_R5/run_protocol_v1_validation.log,6bcb943d0bdf3b3c18ffc16e9411243c08b7635a355e9401d9c558dd030da4b5,266,REPORT_OR_MACHINE_EVIDENCE,EXCLUDED_RAW_AUDIT,,COPIED_BYTE_IDENTICAL,Raw or repeated audit evidence preserved in R5 release assets,"[""R5 provenance/release assets""]",SOURCE_R5_MANIFEST_VERIFIED
reports/phase_00_final_double_check/final_delivery_recheck_R5.json,cf12d994558bfcd62aff69964ec748c745a7a5ffcb42173f0990a8ae4ea5eeec,8545,REPORT_OR_MACHINE_EVIDENCE,RELEASE_ASSET_ONLY,,COPIED_BYTE_IDENTICAL,Preserved in the exact R5 archive; not required in the normal working tree,"[""R5 provenance/release assets""]",SOURCE_R5_MANIFEST_VERIFIED
reports/phase_00_final_double_check/final_double_check_handoff.yaml,9ca0d86b09d5f5050c2deedc22ee963edd22932b95d740e23c1072240f141425,8372,REPORT_OR_MACHINE_EVIDENCE,MAIN_TREE_DIRECT,reports/phase_00_final_double_check/final_double_check_handoff.yaml,COPIED_BYTE_IDENTICAL,Required current reviewer-facing or runtime file,"[""main-tree reviewer/runtime""]",SOURCE_R5_MANIFEST_VERIFIED; DESTINATION_VERIFIED
reports/phase_00_final_double_check/final_double_check_summary.json,c2d62024d2d239d062d24958c824ee08886d9adb19eeb2ccfe2a3e17cd060ff1,5218,REPORT_OR_MACHINE_EVIDENCE,RELEASE_ASSET_ONLY,,COPIED_BYTE_IDENTICAL,Preserved in the exact R5 archive; not required in the normal working tree,"[""R5 provenance/release assets""]",SOURCE_R5_MANIFEST_VERIFIED
reports/phase_00_final_double_check/final_recheck_logs_R5/pytest_shard_A.exit,9a271f2a916b0b6ee6cecb2426f0b3206ef074578be55d9bc94f6f3fe3ab86aa,2,REPORT_OR_MACHINE_EVIDENCE,EXCLUDED_RAW_AUDIT,,COPIED_BYTE_IDENTICAL,Raw or repeated audit evidence preserved in R5 release assets,"[""R5 provenance/release assets""]",SOURCE_R5_MANIFEST_VERIFIED
reports/phase_00_final_double_check/final_recheck_logs_R5/pytest_shard_A.log,7e14614b53fa6c8fc54877c2b8982cf68f212fdcf01f7c41ee17eabf3e15481b,99,REPORT_OR_MACHINE_EVIDENCE,EXCLUDED_RAW_AUDIT,,COPIED_BYTE_IDENTICAL,Raw or repeated audit evidence preserved in R5 release assets,"[""R5 provenance/release assets""]",SOURCE_R5_MANIFEST_VERIFIED
reports/phase_00_final_double_check/final_recheck_logs_R5/pytest_shard_A_final_after_hash_fix.exit,9a271f2a916b0b6ee6cecb2426f0b3206ef074578be55d9bc94f6f3fe3ab86aa,2,REPORT_OR_MACHINE_EVIDENCE,EXCLUDED_RAW_AUDIT,,COPIED_BYTE_IDENTICAL,Raw or repeated audit evidence preserved in R5 release assets,"[""R5 provenance/release assets""]",SOURCE_R5_MANIFEST_VERIFIED
reports/phase_00_final_double_check/final_recheck_logs_R5/pytest_shard_A_final_after_hash_fix.log,16d86680387f679c170cc3efb96880c1716e1f9697bf21ed8937ac7f5028c8f7,99,REPORT_OR_MACHINE_EVIDENCE,EXCLUDED_RAW_AUDIT,,COPIED_BYTE_IDENTICAL,Raw or repeated audit evidence preserved in R5 release assets,"[""R5 provenance/release assets""]",SOURCE_R5_MANIFEST_VERIFIED
reports/phase_00_final_double_check/final_recheck_logs_R5/pytest_shard_B.exit,9a271f2a916b0b6ee6cecb2426f0b3206ef074578be55d9bc94f6f3fe3ab86aa,2,REPORT_OR_MACHINE_EVIDENCE,EXCLUDED_RAW_AUDIT,,COPIED_BYTE_IDENTICAL,Raw or repeated audit evidence preserved in R5 release assets,"[""R5 provenance/release assets""]",SOURCE_R5_MANIFEST_VERIFIED
reports/phase_00_final_double_check/final_recheck_logs_R5/pytest_shard_B.log,902c5cc39e16e3d2eb4c2fe57e23037341dfbe7f00f1fe869f8e4cb199b71c4a,100,REPORT_OR_MACHINE_EVIDENCE,EXCLUDED_RAW_AUDIT,,COPIED_BYTE_IDENTICAL,Raw or repeated audit evidence preserved in R5 release assets,"[""R5 provenance/release assets""]",SOURCE_R5_MANIFEST_VERIFIED
reports/phase_00_final_double_check/final_recheck_logs_R5/pytest_shard_B_final_after_hash_fix.exit,9a271f2a916b0b6ee6cecb2426f0b3206ef074578be55d9bc94f6f3fe3ab86aa,2,REPORT_OR_MACHINE_EVIDENCE,EXCLUDED_RAW_AUDIT,,COPIED_BYTE_IDENTICAL,Raw or repeated audit evidence preserved in R5 release assets,"[""R5 provenance/release assets""]",SOURCE_R5_MANIFEST_VERIFIED
reports/phase_00_final_double_check/final_recheck_logs_R5/pytest_shard_B_final_after_hash_fix.log,1a7659e9b5c389ec36f8604370c007c3b8b0c1ea0c646ee53acce6d106ae8657,100,REPORT_OR_MACHINE_EVIDENCE,EXCLUDED_RAW_AUDIT,,COPIED_BYTE_IDENTICAL,Raw or repeated audit evidence preserved in R5 release assets,"[""R5 provenance/release assets""]",SOURCE_R5_MANIFEST_VERIFIED
reports/phase_00_final_double_check/final_recheck_logs_R5/pytest_shard_C.exit,9a271f2a916b0b6ee6cecb2426f0b3206ef074578be55d9bc94f6f3fe3ab86aa,2,REPORT_OR_MACHINE_EVIDENCE,EXCLUDED_RAW_AUDIT,,COPIED_BYTE_IDENTICAL,Raw or repeated audit evidence preserved in R5 release assets,"[""R5 provenance/release assets""]",SOURCE_R5_MANIFEST_VERIFIED
reports/phase_00_final_double_check/final_recheck_logs_R5/pytest_shard_C.log,ecfba6788803f4b6e94d09da7cc01f1d090d94237f25221ddc2e9dfeb2032c31,181,REPORT_OR_MACHINE_EVIDENCE,EXCLUDED_RAW_AUDIT,,COPIED_BYTE_IDENTICAL,Raw or repeated audit evidence preserved in R5 release assets,"[""R5 provenance/release assets""]",SOURCE_R5_MANIFEST_VERIFIED
reports/phase_00_final_double_check/final_recheck_logs_R5/pytest_shard_C_final_after_hash_fix.exit,9a271f2a916b0b6ee6cecb2426f0b3206ef074578be55d9bc94f6f3fe3ab86aa,2,REPORT_OR_MACHINE_EVIDENCE,EXCLUDED_RAW_AUDIT,,COPIED_BYTE_IDENTICAL,Raw or repeated audit evidence preserved in R5 release assets,"[""R5 provenance/release assets""]",SOURCE_R5_MANIFEST_VERIFIED
reports/phase_00_final_double_check/final_recheck_logs_R5/pytest_shard_C_final_after_hash_fix.log,f7422ba37f197f3b613ec78ea6ad71694ca53419f370525af95acabb0fdefb4d,181,REPORT_OR_MACHINE_EVIDENCE,EXCLUDED_RAW_AUDIT,,COPIED_BYTE_IDENTICAL,Raw or repeated audit evidence preserved in R5 release assets,"[""R5 provenance/release assets""]",SOURCE_R5_MANIFEST_VERIFIED
reports/phase_00_final_double_check/final_recheck_logs_R5/run_local_reproduction.log,e3b0c44298fc1c149afbf4c8996fb92427ae41e4649b934ca495991b7852b855,0,REPORT_OR_MACHINE_EVIDENCE,EXCLUDED_RAW_AUDIT,,COPIED_BYTE_IDENTICAL,Raw or repeated audit evidence preserved in R5 release assets,"[""R5 provenance/release assets""]",SOURCE_R5_MANIFEST_VERIFIED
reports/phase_00_final_double_check/final_recheck_logs_R5/run_local_reproduction_final_recheck.exit,9a271f2a916b0b6ee6cecb2426f0b3206ef074578be55d9bc94f6f3fe3ab86aa,2,REPORT_OR_MACHINE_EVIDENCE,EXCLUDED_RAW_AUDIT,,COPIED_BYTE_IDENTICAL,Raw or repeated audit evidence preserved in R5 release assets,"[""R5 provenance/release assets""]",SOURCE_R5_MANIFEST_VERIFIED
reports/phase_00_final_double_check/final_recheck_logs_R5/run_local_reproduction_final_recheck.log,fa943b10923c88e522a9185b326030cffe192c533312e38be136adb0fe625ef7,146,REPORT_OR_MACHINE_EVIDENCE,EXCLUDED_RAW_AUDIT,,COPIED_BYTE_IDENTICAL,Raw or repeated audit evidence preserved in R5 release assets,"[""R5 provenance/release assets""]",SOURCE_R5_MANIFEST_VERIFIED
reports/phase_00_final_double_check/final_recheck_logs_R5/run_phase0_analysis_final_audit.log,d1f7cc8b233a7012a6bed7e0b641fe7c29935cc64d1738895da3e04d706a0d19,170,REPORT_OR_MACHINE_EVIDENCE,EXCLUDED_RAW_AUDIT,,COPIED_BYTE_IDENTICAL,Raw or repeated audit evidence preserved in R5 release assets,"[""R5 provenance/release assets""]",SOURCE_R5_MANIFEST_VERIFIED
reports/phase_00_final_double_check/final_recheck_logs_R5/run_phase0_analysis_validation.log,f402762ea55c73195a331dc31059cb2b3f95a87c8944e6581e30c3091232be85,592,REPORT_OR_MACHINE_EVIDENCE,EXCLUDED_RAW_AUDIT,,COPIED_BYTE_IDENTICAL,Raw or repeated audit evidence preserved in R5 release assets,"[""R5 provenance/release assets""]",SOURCE_R5_MANIFEST_VERIFIED
reports/phase_00_final_double_check/final_recheck_logs_R5/run_phase0_conformance.log,768a0f64cb28257d38b478addb76e9aab5f51ef005ddc164ba37489a918435af,164,REPORT_OR_MACHINE_EVIDENCE,EXCLUDED_RAW_AUDIT,,COPIED_BYTE_IDENTICAL,Raw or repeated audit evidence preserved in R5 release assets,"[""R5 provenance/release assets""]",SOURCE_R5_MANIFEST_VERIFIED
reports/phase_00_final_double_check/final_recheck_logs_R5/run_phase0_final_adversarial_execution.log,c19f5da3e0ffcb7f13b0a82f4b3924fc96a35073dd460df13e6fd224e1310cfb,17065,REPORT_OR_MACHINE_EVIDENCE,EXCLUDED_RAW_AUDIT,,COPIED_BYTE_IDENTICAL,Raw or repeated audit evidence preserved in R5 release assets,"[""R5 provenance/release assets""]",SOURCE_R5_MANIFEST_VERIFIED
reports/phase_00_final_double_check/final_recheck_logs_R5/run_phase0_final_implementation_audit.log,c978a6033558fcdaca24f605412c917f6e5cedc42893613fbd99a114e1925194,1050,REPORT_OR_MACHINE_EVIDENCE,EXCLUDED_RAW_AUDIT,,COPIED_BYTE_IDENTICAL,Raw or repeated audit evidence preserved in R5 release assets,"[""R5 provenance/release assets""]",SOURCE_R5_MANIFEST_VERIFIED
reports/phase_00_final_double_check/final_recheck_logs_R5/run_phase0_final_independent_double_check.log,e3b0c44298fc1c149afbf4c8996fb92427ae41e4649b934ca495991b7852b855,0,REPORT_OR_MACHINE_EVIDENCE,EXCLUDED_RAW_AUDIT,,COPIED_BYTE_IDENTICAL,Raw or repeated audit evidence preserved in R5 release assets,"[""R5 provenance/release assets""]",SOURCE_R5_MANIFEST_VERIFIED
reports/phase_00_final_double_check/final_recheck_logs_R5/run_phase0_final_independent_double_check_post_hash_fix.log,70d0d18485514eb72642e943ff001d39abdba17b3dc5e3d3b3d8b34362185b2f,4912,REPORT_OR_MACHINE_EVIDENCE,EXCLUDED_RAW_AUDIT,,COPIED_BYTE_IDENTICAL,Raw or repeated audit evidence preserved in R5 release assets,"[""R5 provenance/release assets""]",SOURCE_R5_MANIFEST_VERIFIED
reports/phase_00_final_double_check/final_recheck_logs_R5/run_phase0_final_whole_stack_closure_audit.log,8fe3d0ed114ce6dd3c9d5b96497aa373e1438271162e207779909ac389f63bd8,3287,REPORT_OR_MACHINE_EVIDENCE,EXCLUDED_RAW_AUDIT,,COPIED_BYTE_IDENTICAL,Raw or repeated audit evidence preserved in R5 release assets,"[""R5 provenance/release assets""]",SOURCE_R5_MANIFEST_VERIFIED
reports/phase_00_final_double_check/final_recheck_logs_R5/run_phase0_l0_evidence_map_l10_final_audit.log,e2a02cf72b66be6437a1e90a20e0171434c43581a8e001e6ffe0c146ab2092ec,1077,REPORT_OR_MACHINE_EVIDENCE,EXCLUDED_RAW_AUDIT,,COPIED_BYTE_IDENTICAL,Raw or repeated audit evidence preserved in R5 release assets,"[""R5 provenance/release assets""]",SOURCE_R5_MANIFEST_VERIFIED
reports/phase_00_final_double_check/final_recheck_logs_R5/run_phase0_layer0_evidence_map_layer10_validation.log,cdf44806fc8c97d40a80f1a44b306f8d91d6c95323baa3cb4910394e633f0859,796,REPORT_OR_MACHINE_EVIDENCE,EXCLUDED_RAW_AUDIT,,COPIED_BYTE_IDENTICAL,Raw or repeated audit evidence preserved in R5 release assets,"[""R5 provenance/release assets""]",SOURCE_R5_MANIFEST_VERIFIED
reports/phase_00_final_double_check/final_recheck_logs_R5/run_protocol_v1_final_audit.log,17911e865fc9ff6a628d62cf23e1bfd6a9f162c6ea6be8528f31f973fe8e6e2d,542,REPORT_OR_MACHINE_EVIDENCE,EXCLUDED_RAW_AUDIT,,COPIED_BYTE_IDENTICAL,Raw or repeated audit evidence preserved in R5 release assets,"[""R5 provenance/release assets""]",SOURCE_R5_MANIFEST_VERIFIED
reports/phase_00_final_double_check/final_recheck_logs_R5/run_protocol_v1_validation.log,6bcb943d0bdf3b3c18ffc16e9411243c08b7635a355e9401d9c558dd030da4b5,266,REPORT_OR_MACHINE_EVIDENCE,EXCLUDED_RAW_AUDIT,,COPIED_BYTE_IDENTICAL,Raw or repeated audit evidence preserved in R5 release assets,"[""R5 provenance/release assets""]",SOURCE_R5_MANIFEST_VERIFIED
reports/phase_00_final_double_check/final_recheck_logs_R5/validator_exit_codes.tsv,19a9bd025bf706ed9f33feee642df85ea6d664228ca8ccabd953869e2f38ce00,425,REPORT_OR_MACHINE_EVIDENCE,RELEASE_ASSET_ONLY,,COPIED_BYTE_IDENTICAL,Preserved in the exact R5 archive; not required in the normal working tree,"[""R5 provenance/release assets""]",SOURCE_R5_MANIFEST_VERIFIED
reports/phase_00_final_double_check/first_finalization_vs_independent_requirement_comparison.json,99cc2dc018ad9c2f604a76271996b72a23299ee83024a99c2791b66d9654d549,1169,REPORT_OR_MACHINE_EVIDENCE,RELEASE_ASSET_ONLY,,COPIED_BYTE_IDENTICAL,Preserved in the exact R5 archive; not required in the normal working tree,"[""R5 provenance/release assets""]",SOURCE_R5_MANIFEST_VERIFIED
reports/phase_00_final_double_check/independent_cross_document_no_drift_matrix.csv,7c927e257a1ed06ffd5641203935974bd6a79dc1e85bb5ffc8f84ced5c25fed6,1846,REPORT_OR_MACHINE_EVIDENCE,RELEASE_ASSET_ONLY,,COPIED_BYTE_IDENTICAL,Preserved in the exact R5 archive; not required in the normal working tree,"[""R5 provenance/release assets""]",SOURCE_R5_MANIFEST_VERIFIED
reports/phase_00_final_double_check/independent_cross_document_no_drift_matrix.yaml,420e2f102cb08110ef206740d908066b98cc416360d53b55b740d80907eaf5f1,2893,REPORT_OR_MACHINE_EVIDENCE,RELEASE_ASSET_ONLY,,COPIED_BYTE_IDENTICAL,Preserved in the exact R5 archive; not required in the normal working tree,"[""R5 provenance/release assets""]",SOURCE_R5_MANIFEST_VERIFIED
reports/phase_00_final_double_check/independent_final_document_set_audit.yaml,43b9fb42e90929e6bda20a71629fa388d024c5e08802454cadb86d315e34c2b2,9209,REPORT_OR_MACHINE_EVIDENCE,RELEASE_ASSET_ONLY,,COPIED_BYTE_IDENTICAL,Preserved in the exact R5 archive; not required in the normal working tree,"[""R5 provenance/release assets""]",SOURCE_R5_MANIFEST_VERIFIED
reports/phase_00_final_double_check/independent_p0_gate_18.yaml,e0818af24f62b0f01b2b9e228f397ba86bda83798da5b63758de1d33228638ed,1429,REPORT_OR_MACHINE_EVIDENCE,MAIN_TREE_DIRECT,reports/phase_00_final_double_check/independent_p0_gate_18.yaml,COPIED_BYTE_IDENTICAL,Required current reviewer-facing or runtime file,"[""main-tree reviewer/runtime""]",SOURCE_R5_MANIFEST_VERIFIED; DESTINATION_VERIFIED
reports/phase_00_final_double_check/independent_phase_0_requirement_matrix.csv,36f50b0482eeb2dbc9a356d5bbd5b4da0a84b17acada387638184c746c684126,1498161,REPORT_OR_MACHINE_EVIDENCE,RELEASE_ASSET_ONLY,,COPIED_BYTE_IDENTICAL,Preserved in the exact R5 archive; not required in the normal working tree,"[""R5 provenance/release assets""]",SOURCE_R5_MANIFEST_VERIFIED
reports/phase_00_final_double_check/independent_phase_0_requirement_matrix.yaml,2cdf46a37839fe27ec9575284f71b56fe0fac940b825a6acb63d2bf4aaa97aa3,2019200,REPORT_OR_MACHINE_EVIDENCE,RELEASE_ASSET_ONLY,,COPIED_BYTE_IDENTICAL,Preserved in the exact R5 archive; not required in the normal working tree,"[""R5 provenance/release assets""]",SOURCE_R5_MANIFEST_VERIFIED
reports/phase_00_final_double_check/independent_source_intake_and_supersession_ledger.yaml,403b410e0dd787abe397189a5ce28904e8d1996e9a282e60112e813c43e10989,7188,REPORT_OR_MACHINE_EVIDENCE,RELEASE_ASSET_ONLY,,COPIED_BYTE_IDENTICAL,Preserved in the exact R5 archive; not required in the normal working tree,"[""R5 provenance/release assets""]",SOURCE_R5_MANIFEST_VERIFIED
reports/phase_00_final_double_check/layer0_independent_readjudication.yaml,82861c0ab0dfe559cce94f1558a226737c96e4593b5235bfa8d4d43847ff028d,231,REPORT_OR_MACHINE_EVIDENCE,RELEASE_ASSET_ONLY,,COPIED_BYTE_IDENTICAL,Preserved in the exact R5 archive; not required in the normal working tree,"[""R5 provenance/release assets""]",SOURCE_R5_MANIFEST_VERIFIED
reports/phase_00_final_double_check/layer10_source_value_reproduction_audit.yaml,903ee9918c0c7ebf30bc514e87343ae2a002a8b23f52f00b7efab7078a4cb6df,210,REPORT_OR_MACHINE_EVIDENCE,RELEASE_ASSET_ONLY,,COPIED_BYTE_IDENTICAL,Preserved in the exact R5 archive; not required in the normal working tree,"[""R5 provenance/release assets""]",SOURCE_R5_MANIFEST_VERIFIED
reports/phase_00_final_double_check/local_test_execution_R5.json,c8ad7d75321fa20c47b1590c92a5dc8b3492b45f49fb7417b176484f25e15d9d,1510,REPORT_OR_MACHINE_EVIDENCE,MAIN_TREE_DIRECT,reports/phase_00_final_double_check/local_test_execution_R5.json,COPIED_BYTE_IDENTICAL,Required current reviewer-facing or runtime file,"[""main-tree reviewer/runtime""]",SOURCE_R5_MANIFEST_VERIFIED; DESTINATION_VERIFIED
reports/phase_00_final_double_check/phase_0_ablation_analysis_report_coverage_audit.yaml,1b8485cfd138a0e61fdffc0d8a85ab5c027440bebdfe63d3f39388698639e3ad,18092,REPORT_OR_MACHINE_EVIDENCE,RELEASE_ASSET_ONLY,,COPIED_BYTE_IDENTICAL,Preserved in the exact R5 archive; not required in the normal working tree,"[""R5 provenance/release assets""]",SOURCE_R5_MANIFEST_VERIFIED
reports/phase_00_final_double_check/phase_0_ablation_readiness_manifest.yaml,453398279e044311bbf25762edb75b69bd1da7f611d717dec231c44bd8cedd0c,29404,REPORT_OR_MACHINE_EVIDENCE,MAIN_TREE_DIRECT,reports/phase_00_final_double_check/phase_0_ablation_readiness_manifest.yaml,COPIED_BYTE_IDENTICAL,Required current reviewer-facing or runtime file,"[""main-tree reviewer/runtime""]",SOURCE_R5_MANIFEST_VERIFIED; DESTINATION_VERIFIED
reports/phase_00_final_double_check/phase_0_ablation_readiness_matrix.csv,543e5f083ebf978b3ffd465c06c8055a63836b5b26273f48009fc3862be8555d,19761,REPORT_OR_MACHINE_EVIDENCE,RELEASE_ASSET_ONLY,,COPIED_BYTE_IDENTICAL,Preserved in the exact R5 archive; not required in the normal working tree,"[""R5 provenance/release assets""]",SOURCE_R5_MANIFEST_VERIFIED
reports/phase_00_final_double_check/phase_0_analysis_responsibility_output_ablation_coverage.csv,261aafe3d01a7e76b02ee9acbbe247f7bfb6c44f3f335a31ef589c7e9847ac2a,7759,REPORT_OR_MACHINE_EVIDENCE,RELEASE_ASSET_ONLY,,COPIED_BYTE_IDENTICAL,Preserved in the exact R5 archive; not required in the normal working tree,"[""R5 provenance/release assets""]",SOURCE_R5_MANIFEST_VERIFIED
reports/phase_00_final_double_check/phase_0_expected_output_and_artifact_closure.csv,bddbc348a6a23ee727a99b99917d48ef3e2e27d408825477b240a56748ca8222,29047,REPORT_OR_MACHINE_EVIDENCE,RELEASE_ASSET_ONLY,,COPIED_BYTE_IDENTICAL,Preserved in the exact R5 archive; not required in the normal working tree,"[""R5 provenance/release assets""]",SOURCE_R5_MANIFEST_VERIFIED
reports/phase_00_final_double_check/phase_0_expected_output_and_artifact_closure.yaml,cba329d18456373a8f6a06df4ed1fb29e320c0cd06da7be973f4265ad59a0bf1,51126,REPORT_OR_MACHINE_EVIDENCE,MAIN_TREE_DIRECT,reports/phase_00_final_double_check/phase_0_expected_output_and_artifact_closure.yaml,COPIED_BYTE_IDENTICAL,Required current reviewer-facing or runtime file,"[""main-tree reviewer/runtime""]",SOURCE_R5_MANIFEST_VERIFIED; DESTINATION_VERIFIED
reports/phase_00_final_double_check/phase_0_layer_responsibility_matrix.csv,2a429895921c7cc564866847b92e9efa780a70c0b663146f6ee3e84e77218c41,7457,REPORT_OR_MACHINE_EVIDENCE,RELEASE_ASSET_ONLY,,COPIED_BYTE_IDENTICAL,Preserved in the exact R5 archive; not required in the normal working tree,"[""R5 provenance/release assets""]",SOURCE_R5_MANIFEST_VERIFIED
reports/phase_00_final_double_check/phase_0_layer_responsibility_matrix.yaml,ee4acf0249d3322ddea7a4367aea096c610840fb9cd70ea669dbf62f8c00aac8,10078,REPORT_OR_MACHINE_EVIDENCE,MAIN_TREE_DIRECT,reports/phase_00_final_double_check/phase_0_layer_responsibility_matrix.yaml,COPIED_BYTE_IDENTICAL,Required current reviewer-facing or runtime file,"[""main-tree reviewer/runtime""]",SOURCE_R5_MANIFEST_VERIFIED; DESTINATION_VERIFIED
reports/phase_00_final_double_check/phase_0_missing_or_invalid_output_register.yaml,04972a605402f10a7d13b5eae8e32fac414382a467ba627e3a8a9d92ea23a6e0,83,REPORT_OR_MACHINE_EVIDENCE,RELEASE_ASSET_ONLY,,COPIED_BYTE_IDENTICAL,Preserved in the exact R5 archive; not required in the normal working tree,"[""R5 provenance/release assets""]",SOURCE_R5_MANIFEST_VERIFIED
reports/phase_00_final_double_check/phase_0_responsibility_closure_matrix.csv,95849483d80b388a093fb17966181f19f5fbf364076e9e3aa86e8484c814336b,9633,REPORT_OR_MACHINE_EVIDENCE,RELEASE_ASSET_ONLY,,COPIED_BYTE_IDENTICAL,Preserved in the exact R5 archive; not required in the normal working tree,"[""R5 provenance/release assets""]",SOURCE_R5_MANIFEST_VERIFIED
reports/phase_00_final_double_check/phase_0_responsibility_closure_matrix.yaml,0232f643170d0bf978e8d58c265ed4cf789fa915367acce55df8b3c4ab8a899d,16950,REPORT_OR_MACHINE_EVIDENCE,MAIN_TREE_DIRECT,reports/phase_00_final_double_check/phase_0_responsibility_closure_matrix.yaml,COPIED_BYTE_IDENTICAL,Required current reviewer-facing or runtime file,"[""main-tree reviewer/runtime""]",SOURCE_R5_MANIFEST_VERIFIED; DESTINATION_VERIFIED
reports/phase_00_final_double_check/placeholder_and_ambiguity_ledger.yaml,9e728562e29df20be22bb5e983891db942f933f00527f899a5c2d5b857d6d207,8550581,REPORT_OR_MACHINE_EVIDENCE,RELEASE_ASSET_ONLY,,COPIED_BYTE_IDENTICAL,Preserved in the exact R5 archive; not required in the normal working tree,"[""R5 provenance/release assets""]",SOURCE_R5_MANIFEST_VERIFIED
reports/phase_00_final_double_check/protocol_independent_reaudit.yaml,3fdebeb54985e15fe22f5ad559cee9bfb39dd2a98121fd55f8dbcebbac2d557c,305,REPORT_OR_MACHINE_EVIDENCE,RELEASE_ASSET_ONLY,,COPIED_BYTE_IDENTICAL,Preserved in the exact R5 archive; not required in the normal working tree,"[""R5 provenance/release assets""]",SOURCE_R5_MANIFEST_VERIFIED
reports/phase_00_final_double_check/repository_no_loss_and_change_scope_report.json,dcc19e87f28f42644d6927982d2017935be3daa25c3ff771c079a4b026e6cb7a,19837,REPORT_OR_MACHINE_EVIDENCE,RELEASE_ASSET_ONLY,,COPIED_BYTE_IDENTICAL,Preserved in the exact R5 archive; not required in the normal working tree,"[""R5 provenance/release assets""]",SOURCE_R5_MANIFEST_VERIFIED
reports/phase_00_final_double_check/security_integrity_package_audit.json,59885e09353eb9fb556b419e805c98bc39b1a3cac5dd548b6f5b2216b31d84b6,845,REPORT_OR_MACHINE_EVIDENCE,RELEASE_ASSET_ONLY,,COPIED_BYTE_IDENTICAL,Preserved in the exact R5 archive; not required in the normal working tree,"[""R5 provenance/release assets""]",SOURCE_R5_MANIFEST_VERIFIED
reports/phase_00_final_double_check/security_integrity_package_audit_R5.json,ae33e0c07376ee28044975c3e5ebcefbdc8daa04980c4f77a9cb297ec0971aa0,853,REPORT_OR_MACHINE_EVIDENCE,RELEASE_ASSET_ONLY,,COPIED_BYTE_IDENTICAL,Preserved in the exact R5 archive; not required in the normal working tree,"[""R5 provenance/release assets""]",SOURCE_R5_MANIFEST_VERIFIED
reports/phase_00_finalization/IHARQ_Phase_0_Final_Whole_Stack_Audit_Report_R1.docx,a2671e4ef80160bfcff84e1c5cd1bdfbd285c022109c48e7e845db4f9f38faaa,51111,REPORT_OR_MACHINE_EVIDENCE,EXCLUDED_GENERATED_FORMAT,,COPIED_BYTE_IDENTICAL,Duplicate generated format omitted because Markdown/current source controls,"[""R5 provenance/release assets""]",SOURCE_R5_MANIFEST_VERIFIED
reports/phase_00_finalization/IHARQ_Phase_0_Final_Whole_Stack_Audit_Report_R1.md,31889c9892d93415c574b997155883c31d6630e26efc1962ee3786a3e3ca3dfc,27284,REPORT_OR_MACHINE_EVIDENCE,RELEASE_ASSET_ONLY,,COPIED_BYTE_IDENTICAL,Preserved in the exact R5 archive; not required in the normal working tree,"[""R5 provenance/release assets""]",SOURCE_R5_MANIFEST_VERIFIED
reports/phase_00_finalization/analysis_synchronization_audit_R1.json,ae71b988af0cc4990c7c5d7546e74c01c8bad3458f44811a79d51ec44d6c02a4,202,REPORT_OR_MACHINE_EVIDENCE,RELEASE_ASSET_ONLY,,COPIED_BYTE_IDENTICAL,Preserved in the exact R5 archive; not required in the normal working tree,"[""R5 provenance/release assets""]",SOURCE_R5_MANIFEST_VERIFIED
reports/phase_00_finalization/cross_document_synchronization_matrix_R1.yaml,ba3948c3aacf21e8f26f0e8d9c6faff8750745bf137c46ce766b98ed91480933,2453,REPORT_OR_MACHINE_EVIDENCE,RELEASE_ASSET_ONLY,,COPIED_BYTE_IDENTICAL,Preserved in the exact R5 archive; not required in the normal working tree,"[""R5 provenance/release assets""]",SOURCE_R5_MANIFEST_VERIFIED
reports/phase_00_finalization/current_history_normalization_report_R1.yaml,3f13f260c611a21bcee1dbd087cc3f151e7cdbeddd6ec040dfbbcf3a4260310c,1747,REPORT_OR_MACHINE_EVIDENCE,RELEASE_ASSET_ONLY,,COPIED_BYTE_IDENTICAL,Preserved in the exact R5 archive; not required in the normal working tree,"[""R5 provenance/release assets""]",SOURCE_R5_MANIFEST_VERIFIED
reports/phase_00_finalization/defect_and_repair_ledger_R1.yaml,b94da34d3fbdf85d74c89dd20ddff243fd58a0a868f5877b836671732bbae4a5,5088,REPORT_OR_MACHINE_EVIDENCE,RELEASE_ASSET_ONLY,,COPIED_BYTE_IDENTICAL,Preserved in the exact R5 archive; not required in the normal working tree,"[""R5 provenance/release assets""]",SOURCE_R5_MANIFEST_VERIFIED
reports/phase_00_finalization/document_independence_and_selection_audit.json,049a4ac8a8245fb7c0849628e04323c6ad249236830ee5a442fe31f8951453db,10715,REPORT_OR_MACHINE_EVIDENCE,MAIN_TREE_DIRECT,reports/phase_00_finalization/document_independence_and_selection_audit.json,COPIED_BYTE_IDENTICAL,Required current reviewer-facing or runtime file,"[""main-tree reviewer/runtime""]",SOURCE_R5_MANIFEST_VERIFIED; DESTINATION_VERIFIED
reports/phase_00_finalization/environment_reproduction_report_R1.json,cecbdd872404d63f8eb4b895cb42ed9d85ff7b59a4e6cf8959dd607cd8e3a4f3,447,REPORT_OR_MACHINE_EVIDENCE,RELEASE_ASSET_ONLY,,COPIED_BYTE_IDENTICAL,Preserved in the exact R5 archive; not required in the normal working tree,"[""R5 provenance/release assets""]",SOURCE_R5_MANIFEST_VERIFIED
reports/phase_00_finalization/evidence_map_closure_audit_R1.json,89d36cc5ffe27d7a9992fb8622785c98f65737a39eb50812ab7ad7e518aec9ac,113,REPORT_OR_MACHINE_EVIDENCE,RELEASE_ASSET_ONLY,,COPIED_BYTE_IDENTICAL,Preserved in the exact R5 archive; not required in the normal working tree,"[""R5 provenance/release assets""]",SOURCE_R5_MANIFEST_VERIFIED
reports/phase_00_finalization/execution/01_static_exit.txt,9a271f2a916b0b6ee6cecb2426f0b3206ef074578be55d9bc94f6f3fe3ab86aa,2,REPORT_OR_MACHINE_EVIDENCE,RELEASE_ASSET_ONLY,,COPIED_BYTE_IDENTICAL,Preserved in the exact R5 archive; not required in the normal working tree,"[""R5 provenance/release assets""]",SOURCE_R5_MANIFEST_VERIFIED
reports/phase_00_finalization/execution/01_static_stderr.log,e3b0c44298fc1c149afbf4c8996fb92427ae41e4649b934ca495991b7852b855,0,REPORT_OR_MACHINE_EVIDENCE,EXCLUDED_RAW_AUDIT,,COPIED_BYTE_IDENTICAL,Raw or repeated audit evidence preserved in R5 release assets,"[""R5 provenance/release assets""]",SOURCE_R5_MANIFEST_VERIFIED
reports/phase_00_finalization/execution/01_static_stdout.log,12ae94d147ed756c354025cc85fcb1843c6e6a66f89e908136ad3e586fb9c654,214,REPORT_OR_MACHINE_EVIDENCE,EXCLUDED_RAW_AUDIT,,COPIED_BYTE_IDENTICAL,Raw or repeated audit evidence preserved in R5 release assets,"[""R5 provenance/release assets""]",SOURCE_R5_MANIFEST_VERIFIED
reports/phase_00_finalization/execution/02_pytest_exit.txt,9a271f2a916b0b6ee6cecb2426f0b3206ef074578be55d9bc94f6f3fe3ab86aa,2,REPORT_OR_MACHINE_EVIDENCE,RELEASE_ASSET_ONLY,,COPIED_BYTE_IDENTICAL,Preserved in the exact R5 archive; not required in the normal working tree,"[""R5 provenance/release assets""]",SOURCE_R5_MANIFEST_VERIFIED
reports/phase_00_finalization/execution/02_pytest_stderr.log,e3b0c44298fc1c149afbf4c8996fb92427ae41e4649b934ca495991b7852b855,0,REPORT_OR_MACHINE_EVIDENCE,EXCLUDED_RAW_AUDIT,,COPIED_BYTE_IDENTICAL,Raw or repeated audit evidence preserved in R5 release assets,"[""R5 provenance/release assets""]",SOURCE_R5_MANIFEST_VERIFIED
reports/phase_00_finalization/execution/02_pytest_stdout.log,e8396b8c5736ea23d3af2184421d58d858331990d42d9f015055c2096e8c33c1,261,REPORT_OR_MACHINE_EVIDENCE,EXCLUDED_RAW_AUDIT,,COPIED_BYTE_IDENTICAL,Raw or repeated audit evidence preserved in R5 release assets,"[""R5 provenance/release assets""]",SOURCE_R5_MANIFEST_VERIFIED
reports/phase_00_finalization/execution/03_conformance_exit.txt,9a271f2a916b0b6ee6cecb2426f0b3206ef074578be55d9bc94f6f3fe3ab86aa,2,REPORT_OR_MACHINE_EVIDENCE,RELEASE_ASSET_ONLY,,COPIED_BYTE_IDENTICAL,Preserved in the exact R5 archive; not required in the normal working tree,"[""R5 provenance/release assets""]",SOURCE_R5_MANIFEST_VERIFIED
reports/phase_00_finalization/execution/03_conformance_stderr.log,e3b0c44298fc1c149afbf4c8996fb92427ae41e4649b934ca495991b7852b855,0,REPORT_OR_MACHINE_EVIDENCE,EXCLUDED_RAW_AUDIT,,COPIED_BYTE_IDENTICAL,Raw or repeated audit evidence preserved in R5 release assets,"[""R5 provenance/release assets""]",SOURCE_R5_MANIFEST_VERIFIED
reports/phase_00_finalization/execution/03_conformance_stdout.log,768a0f64cb28257d38b478addb76e9aab5f51ef005ddc164ba37489a918435af,164,REPORT_OR_MACHINE_EVIDENCE,EXCLUDED_RAW_AUDIT,,COPIED_BYTE_IDENTICAL,Raw or repeated audit evidence preserved in R5 release assets,"[""R5 provenance/release assets""]",SOURCE_R5_MANIFEST_VERIFIED
reports/phase_00_finalization/execution/04_audit1_exit.txt,9a271f2a916b0b6ee6cecb2426f0b3206ef074578be55d9bc94f6f3fe3ab86aa,2,REPORT_OR_MACHINE_EVIDENCE,RELEASE_ASSET_ONLY,,COPIED_BYTE_IDENTICAL,Preserved in the exact R5 archive; not required in the normal working tree,"[""R5 provenance/release assets""]",SOURCE_R5_MANIFEST_VERIFIED
reports/phase_00_finalization/execution/04_audit1_stderr.log,e3b0c44298fc1c149afbf4c8996fb92427ae41e4649b934ca495991b7852b855,0,REPORT_OR_MACHINE_EVIDENCE,EXCLUDED_RAW_AUDIT,,COPIED_BYTE_IDENTICAL,Raw or repeated audit evidence preserved in R5 release assets,"[""R5 provenance/release assets""]",SOURCE_R5_MANIFEST_VERIFIED
reports/phase_00_finalization/execution/04_audit1_stdout.log,de91ba5c510d13ac888ef83454b4b292ff180fa2af003830bad77d0a11384077,1050,REPORT_OR_MACHINE_EVIDENCE,EXCLUDED_RAW_AUDIT,,COPIED_BYTE_IDENTICAL,Raw or repeated audit evidence preserved in R5 release assets,"[""R5 provenance/release assets""]",SOURCE_R5_MANIFEST_VERIFIED
reports/phase_00_finalization/execution/05_audit2_exit.txt,9a271f2a916b0b6ee6cecb2426f0b3206ef074578be55d9bc94f6f3fe3ab86aa,2,REPORT_OR_MACHINE_EVIDENCE,RELEASE_ASSET_ONLY,,COPIED_BYTE_IDENTICAL,Preserved in the exact R5 archive; not required in the normal working tree,"[""R5 provenance/release assets""]",SOURCE_R5_MANIFEST_VERIFIED
reports/phase_00_finalization/execution/05_audit2_stderr.log,e3b0c44298fc1c149afbf4c8996fb92427ae41e4649b934ca495991b7852b855,0,REPORT_OR_MACHINE_EVIDENCE,EXCLUDED_RAW_AUDIT,,COPIED_BYTE_IDENTICAL,Raw or repeated audit evidence preserved in R5 release assets,"[""R5 provenance/release assets""]",SOURCE_R5_MANIFEST_VERIFIED
reports/phase_00_finalization/execution/05_audit2_stdout.log,c05ec8468b3c5764b8d420de7e827f1e9a33992be3f309bbe7a8b7b0f2948dd3,1367,REPORT_OR_MACHINE_EVIDENCE,EXCLUDED_RAW_AUDIT,,COPIED_BYTE_IDENTICAL,Raw or repeated audit evidence preserved in R5 release assets,"[""R5 provenance/release assets""]",SOURCE_R5_MANIFEST_VERIFIED
reports/phase_00_finalization/execution/06_audit3_exit.txt,9a271f2a916b0b6ee6cecb2426f0b3206ef074578be55d9bc94f6f3fe3ab86aa,2,REPORT_OR_MACHINE_EVIDENCE,RELEASE_ASSET_ONLY,,COPIED_BYTE_IDENTICAL,Preserved in the exact R5 archive; not required in the normal working tree,"[""R5 provenance/release assets""]",SOURCE_R5_MANIFEST_VERIFIED
reports/phase_00_finalization/execution/06_audit3_stderr.log,e3b0c44298fc1c149afbf4c8996fb92427ae41e4649b934ca495991b7852b855,0,REPORT_OR_MACHINE_EVIDENCE,EXCLUDED_RAW_AUDIT,,COPIED_BYTE_IDENTICAL,Raw or repeated audit evidence preserved in R5 release assets,"[""R5 provenance/release assets""]",SOURCE_R5_MANIFEST_VERIFIED
reports/phase_00_finalization/execution/06_audit3_stdout.log,5797da7496c0596c183c88c4da697b465e8762297bb86f50ffc9298d15b64754,1755,REPORT_OR_MACHINE_EVIDENCE,EXCLUDED_RAW_AUDIT,,COPIED_BYTE_IDENTICAL,Raw or repeated audit evidence preserved in R5 release assets,"[""R5 provenance/release assets""]",SOURCE_R5_MANIFEST_VERIFIED
reports/phase_00_finalization/execution/07_final_impl_exit.txt,9a271f2a916b0b6ee6cecb2426f0b3206ef074578be55d9bc94f6f3fe3ab86aa,2,REPORT_OR_MACHINE_EVIDENCE,RELEASE_ASSET_ONLY,,COPIED_BYTE_IDENTICAL,Preserved in the exact R5 archive; not required in the normal working tree,"[""R5 provenance/release assets""]",SOURCE_R5_MANIFEST_VERIFIED
reports/phase_00_finalization/execution/07_final_impl_stderr.log,e3b0c44298fc1c149afbf4c8996fb92427ae41e4649b934ca495991b7852b855,0,REPORT_OR_MACHINE_EVIDENCE,EXCLUDED_RAW_AUDIT,,COPIED_BYTE_IDENTICAL,Raw or repeated audit evidence preserved in R5 release assets,"[""R5 provenance/release assets""]",SOURCE_R5_MANIFEST_VERIFIED
reports/phase_00_finalization/execution/07_final_impl_stdout.log,a321f48da26f904c76ec632499638d4c9cfed0cfb6a33f71b41e1177bc75d7c1,931,REPORT_OR_MACHINE_EVIDENCE,EXCLUDED_RAW_AUDIT,,COPIED_BYTE_IDENTICAL,Raw or repeated audit evidence preserved in R5 release assets,"[""R5 provenance/release assets""]",SOURCE_R5_MANIFEST_VERIFIED
reports/phase_00_finalization/execution/08_local_first_exit.txt,9a271f2a916b0b6ee6cecb2426f0b3206ef074578be55d9bc94f6f3fe3ab86aa,2,REPORT_OR_MACHINE_EVIDENCE,RELEASE_ASSET_ONLY,,COPIED_BYTE_IDENTICAL,Preserved in the exact R5 archive; not required in the normal working tree,"[""R5 provenance/release assets""]",SOURCE_R5_MANIFEST_VERIFIED
reports/phase_00_finalization/execution/08_local_first_stderr.log,e3b0c44298fc1c149afbf4c8996fb92427ae41e4649b934ca495991b7852b855,0,REPORT_OR_MACHINE_EVIDENCE,EXCLUDED_RAW_AUDIT,,COPIED_BYTE_IDENTICAL,Raw or repeated audit evidence preserved in R5 release assets,"[""R5 provenance/release assets""]",SOURCE_R5_MANIFEST_VERIFIED
reports/phase_00_finalization/execution/08_local_first_stdout.log,520c3a491e12c923cb402ec38f063df0e3dbe3eca391e751c79188c602727716,790,REPORT_OR_MACHINE_EVIDENCE,EXCLUDED_RAW_AUDIT,,COPIED_BYTE_IDENTICAL,Raw or repeated audit evidence preserved in R5 release assets,"[""R5 provenance/release assets""]",SOURCE_R5_MANIFEST_VERIFIED
reports/phase_00_finalization/execution/09_protocol_validation_exit.txt,9a271f2a916b0b6ee6cecb2426f0b3206ef074578be55d9bc94f6f3fe3ab86aa,2,REPORT_OR_MACHINE_EVIDENCE,RELEASE_ASSET_ONLY,,COPIED_BYTE_IDENTICAL,Preserved in the exact R5 archive; not required in the normal working tree,"[""R5 provenance/release assets""]",SOURCE_R5_MANIFEST_VERIFIED
reports/phase_00_finalization/execution/09_protocol_validation_stderr.log,e3b0c44298fc1c149afbf4c8996fb92427ae41e4649b934ca495991b7852b855,0,REPORT_OR_MACHINE_EVIDENCE,EXCLUDED_RAW_AUDIT,,COPIED_BYTE_IDENTICAL,Raw or repeated audit evidence preserved in R5 release assets,"[""R5 provenance/release assets""]",SOURCE_R5_MANIFEST_VERIFIED
reports/phase_00_finalization/execution/09_protocol_validation_stdout.log,6bcb943d0bdf3b3c18ffc16e9411243c08b7635a355e9401d9c558dd030da4b5,266,REPORT_OR_MACHINE_EVIDENCE,EXCLUDED_RAW_AUDIT,,COPIED_BYTE_IDENTICAL,Raw or repeated audit evidence preserved in R5 release assets,"[""R5 provenance/release assets""]",SOURCE_R5_MANIFEST_VERIFIED
reports/phase_00_finalization/execution/10_protocol_final_exit.txt,9a271f2a916b0b6ee6cecb2426f0b3206ef074578be55d9bc94f6f3fe3ab86aa,2,REPORT_OR_MACHINE_EVIDENCE,RELEASE_ASSET_ONLY,,COPIED_BYTE_IDENTICAL,Preserved in the exact R5 archive; not required in the normal working tree,"[""R5 provenance/release assets""]",SOURCE_R5_MANIFEST_VERIFIED
reports/phase_00_finalization/execution/10_protocol_final_stderr.log,e3b0c44298fc1c149afbf4c8996fb92427ae41e4649b934ca495991b7852b855,0,REPORT_OR_MACHINE_EVIDENCE,EXCLUDED_RAW_AUDIT,,COPIED_BYTE_IDENTICAL,Raw or repeated audit evidence preserved in R5 release assets,"[""R5 provenance/release assets""]",SOURCE_R5_MANIFEST_VERIFIED
reports/phase_00_finalization/execution/10_protocol_final_stdout.log,17911e865fc9ff6a628d62cf23e1bfd6a9f162c6ea6be8528f31f973fe8e6e2d,542,REPORT_OR_MACHINE_EVIDENCE,EXCLUDED_RAW_AUDIT,,COPIED_BYTE_IDENTICAL,Raw or repeated audit evidence preserved in R5 release assets,"[""R5 provenance/release assets""]",SOURCE_R5_MANIFEST_VERIFIED
reports/phase_00_finalization/execution/11_analysis_validation_exit.txt,9a271f2a916b0b6ee6cecb2426f0b3206ef074578be55d9bc94f6f3fe3ab86aa,2,REPORT_OR_MACHINE_EVIDENCE,RELEASE_ASSET_ONLY,,COPIED_BYTE_IDENTICAL,Preserved in the exact R5 archive; not required in the normal working tree,"[""R5 provenance/release assets""]",SOURCE_R5_MANIFEST_VERIFIED
reports/phase_00_finalization/execution/11_analysis_validation_stderr.log,e3b0c44298fc1c149afbf4c8996fb92427ae41e4649b934ca495991b7852b855,0,REPORT_OR_MACHINE_EVIDENCE,EXCLUDED_RAW_AUDIT,,COPIED_BYTE_IDENTICAL,Raw or repeated audit evidence preserved in R5 release assets,"[""R5 provenance/release assets""]",SOURCE_R5_MANIFEST_VERIFIED
reports/phase_00_finalization/execution/11_analysis_validation_stdout.log,f402762ea55c73195a331dc31059cb2b3f95a87c8944e6581e30c3091232be85,592,REPORT_OR_MACHINE_EVIDENCE,EXCLUDED_RAW_AUDIT,,COPIED_BYTE_IDENTICAL,Raw or repeated audit evidence preserved in R5 release assets,"[""R5 provenance/release assets""]",SOURCE_R5_MANIFEST_VERIFIED
reports/phase_00_finalization/execution/12_analysis_final_exit.txt,9a271f2a916b0b6ee6cecb2426f0b3206ef074578be55d9bc94f6f3fe3ab86aa,2,REPORT_OR_MACHINE_EVIDENCE,RELEASE_ASSET_ONLY,,COPIED_BYTE_IDENTICAL,Preserved in the exact R5 archive; not required in the normal working tree,"[""R5 provenance/release assets""]",SOURCE_R5_MANIFEST_VERIFIED
reports/phase_00_finalization/execution/12_analysis_final_stderr.log,e3b0c44298fc1c149afbf4c8996fb92427ae41e4649b934ca495991b7852b855,0,REPORT_OR_MACHINE_EVIDENCE,EXCLUDED_RAW_AUDIT,,COPIED_BYTE_IDENTICAL,Raw or repeated audit evidence preserved in R5 release assets,"[""R5 provenance/release assets""]",SOURCE_R5_MANIFEST_VERIFIED
reports/phase_00_finalization/execution/12_analysis_final_stdout.log,d1f7cc8b233a7012a6bed7e0b641fe7c29935cc64d1738895da3e04d706a0d19,170,REPORT_OR_MACHINE_EVIDENCE,EXCLUDED_RAW_AUDIT,,COPIED_BYTE_IDENTICAL,Raw or repeated audit evidence preserved in R5 release assets,"[""R5 provenance/release assets""]",SOURCE_R5_MANIFEST_VERIFIED
reports/phase_00_finalization/execution/13_l0_creation_exit.txt,9a271f2a916b0b6ee6cecb2426f0b3206ef074578be55d9bc94f6f3fe3ab86aa,2,REPORT_OR_MACHINE_EVIDENCE,RELEASE_ASSET_ONLY,,COPIED_BYTE_IDENTICAL,Preserved in the exact R5 archive; not required in the normal working tree,"[""R5 provenance/release assets""]",SOURCE_R5_MANIFEST_VERIFIED
reports/phase_00_finalization/execution/13_l0_creation_stderr.log,e3b0c44298fc1c149afbf4c8996fb92427ae41e4649b934ca495991b7852b855,0,REPORT_OR_MACHINE_EVIDENCE,EXCLUDED_RAW_AUDIT,,COPIED_BYTE_IDENTICAL,Raw or repeated audit evidence preserved in R5 release assets,"[""R5 provenance/release assets""]",SOURCE_R5_MANIFEST_VERIFIED
reports/phase_00_finalization/execution/13_l0_creation_stdout.log,cdf44806fc8c97d40a80f1a44b306f8d91d6c95323baa3cb4910394e633f0859,796,REPORT_OR_MACHINE_EVIDENCE,EXCLUDED_RAW_AUDIT,,COPIED_BYTE_IDENTICAL,Raw or repeated audit evidence preserved in R5 release assets,"[""R5 provenance/release assets""]",SOURCE_R5_MANIFEST_VERIFIED
reports/phase_00_finalization/execution/14_l0_final_exit.txt,9a271f2a916b0b6ee6cecb2426f0b3206ef074578be55d9bc94f6f3fe3ab86aa,2,REPORT_OR_MACHINE_EVIDENCE,RELEASE_ASSET_ONLY,,COPIED_BYTE_IDENTICAL,Preserved in the exact R5 archive; not required in the normal working tree,"[""R5 provenance/release assets""]",SOURCE_R5_MANIFEST_VERIFIED
reports/phase_00_finalization/execution/14_l0_final_stderr.log,e3b0c44298fc1c149afbf4c8996fb92427ae41e4649b934ca495991b7852b855,0,REPORT_OR_MACHINE_EVIDENCE,EXCLUDED_RAW_AUDIT,,COPIED_BYTE_IDENTICAL,Raw or repeated audit evidence preserved in R5 release assets,"[""R5 provenance/release assets""]",SOURCE_R5_MANIFEST_VERIFIED
reports/phase_00_finalization/execution/14_l0_final_stdout.log,e2a02cf72b66be6437a1e90a20e0171434c43581a8e001e6ffe0c146ab2092ec,1077,REPORT_OR_MACHINE_EVIDENCE,EXCLUDED_RAW_AUDIT,,COPIED_BYTE_IDENTICAL,Raw or repeated audit evidence preserved in R5 release assets,"[""R5 provenance/release assets""]",SOURCE_R5_MANIFEST_VERIFIED
reports/phase_00_finalization/execution/15_closure_final_exit.txt,9a271f2a916b0b6ee6cecb2426f0b3206ef074578be55d9bc94f6f3fe3ab86aa,2,REPORT_OR_MACHINE_EVIDENCE,RELEASE_ASSET_ONLY,,COPIED_BYTE_IDENTICAL,Preserved in the exact R5 archive; not required in the normal working tree,"[""R5 provenance/release assets""]",SOURCE_R5_MANIFEST_VERIFIED
reports/phase_00_finalization/execution/15_closure_final_stderr.log,e3b0c44298fc1c149afbf4c8996fb92427ae41e4649b934ca495991b7852b855,0,REPORT_OR_MACHINE_EVIDENCE,EXCLUDED_RAW_AUDIT,,COPIED_BYTE_IDENTICAL,Raw or repeated audit evidence preserved in R5 release assets,"[""R5 provenance/release assets""]",SOURCE_R5_MANIFEST_VERIFIED
reports/phase_00_finalization/execution/15_closure_final_stdout.log,fb8f682c6d8bf23d98c16a80f51aa08c392d3a226da2149e71c151e5e38c6b88,3287,REPORT_OR_MACHINE_EVIDENCE,EXCLUDED_RAW_AUDIT,,COPIED_BYTE_IDENTICAL,Raw or repeated audit evidence preserved in R5 release assets,"[""R5 provenance/release assets""]",SOURCE_R5_MANIFEST_VERIFIED
reports/phase_00_finalization/execution/16_cli_validate_exit.txt,9a271f2a916b0b6ee6cecb2426f0b3206ef074578be55d9bc94f6f3fe3ab86aa,2,REPORT_OR_MACHINE_EVIDENCE,RELEASE_ASSET_ONLY,,COPIED_BYTE_IDENTICAL,Preserved in the exact R5 archive; not required in the normal working tree,"[""R5 provenance/release assets""]",SOURCE_R5_MANIFEST_VERIFIED
reports/phase_00_finalization/execution/16_cli_validate_stderr.log,e3b0c44298fc1c149afbf4c8996fb92427ae41e4649b934ca495991b7852b855,0,REPORT_OR_MACHINE_EVIDENCE,EXCLUDED_RAW_AUDIT,,COPIED_BYTE_IDENTICAL,Raw or repeated audit evidence preserved in R5 release assets,"[""R5 provenance/release assets""]",SOURCE_R5_MANIFEST_VERIFIED
reports/phase_00_finalization/execution/16_cli_validate_stdout.log,36db8a0f238df714328b4a19bb216b360cbab38d4462f58c810cbe2b278ac31b,82,REPORT_OR_MACHINE_EVIDENCE,EXCLUDED_RAW_AUDIT,,COPIED_BYTE_IDENTICAL,Raw or repeated audit evidence preserved in R5 release assets,"[""R5 provenance/release assets""]",SOURCE_R5_MANIFEST_VERIFIED
reports/phase_00_finalization/execution/17_cli_smoke_exit.txt,9a271f2a916b0b6ee6cecb2426f0b3206ef074578be55d9bc94f6f3fe3ab86aa,2,REPORT_OR_MACHINE_EVIDENCE,RELEASE_ASSET_ONLY,,COPIED_BYTE_IDENTICAL,Preserved in the exact R5 archive; not required in the normal working tree,"[""R5 provenance/release assets""]",SOURCE_R5_MANIFEST_VERIFIED
reports/phase_00_finalization/execution/17_cli_smoke_stderr.log,e3b0c44298fc1c149afbf4c8996fb92427ae41e4649b934ca495991b7852b855,0,REPORT_OR_MACHINE_EVIDENCE,EXCLUDED_RAW_AUDIT,,COPIED_BYTE_IDENTICAL,Raw or repeated audit evidence preserved in R5 release assets,"[""R5 provenance/release assets""]",SOURCE_R5_MANIFEST_VERIFIED
reports/phase_00_finalization/execution/17_cli_smoke_stdout.log,1e4d2997531ee0cc9083ad24aaab0e34f47c5882df0d918f8a1c7af415e32813,76,REPORT_OR_MACHINE_EVIDENCE,EXCLUDED_RAW_AUDIT,,COPIED_BYTE_IDENTICAL,Raw or repeated audit evidence preserved in R5 release assets,"[""R5 provenance/release assets""]",SOURCE_R5_MANIFEST_VERIFIED
reports/phase_00_finalization/execution/18_cli_real_exit.txt,9a271f2a916b0b6ee6cecb2426f0b3206ef074578be55d9bc94f6f3fe3ab86aa,2,REPORT_OR_MACHINE_EVIDENCE,RELEASE_ASSET_ONLY,,COPIED_BYTE_IDENTICAL,Preserved in the exact R5 archive; not required in the normal working tree,"[""R5 provenance/release assets""]",SOURCE_R5_MANIFEST_VERIFIED
reports/phase_00_finalization/execution/18_cli_real_stderr.log,e3b0c44298fc1c149afbf4c8996fb92427ae41e4649b934ca495991b7852b855,0,REPORT_OR_MACHINE_EVIDENCE,EXCLUDED_RAW_AUDIT,,COPIED_BYTE_IDENTICAL,Raw or repeated audit evidence preserved in R5 release assets,"[""R5 provenance/release assets""]",SOURCE_R5_MANIFEST_VERIFIED
reports/phase_00_finalization/execution/18_cli_real_stdout.log,ff2e2cd1c0ac414b4cf940d9f4cd422feddd79e16fb7f22e1aacdbb457729943,75,REPORT_OR_MACHINE_EVIDENCE,EXCLUDED_RAW_AUDIT,,COPIED_BYTE_IDENTICAL,Raw or repeated audit evidence preserved in R5 release assets,"[""R5 provenance/release assets""]",SOURCE_R5_MANIFEST_VERIFIED
reports/phase_00_finalization/failed_evidence/16_cli_validate_round1_exit.txt,4355a46b19d348dc2f57c046f8ef63d4538ebb936000f3c9ee954a27460dd865,2,REPORT_OR_MACHINE_EVIDENCE,EXCLUDED_RAW_AUDIT,,COPIED_BYTE_IDENTICAL,Raw or repeated audit evidence preserved in R5 release assets,"[""R5 provenance/release assets""]",SOURCE_R5_MANIFEST_VERIFIED
reports/phase_00_finalization/failed_evidence/16_cli_validate_round1_stderr.log,da4aa0cdc1a3b56879ff7e4b89f7630bc7d4300a659eb0e2bd311e562b28925d,128,REPORT_OR_MACHINE_EVIDENCE,EXCLUDED_RAW_AUDIT,,COPIED_BYTE_IDENTICAL,Raw or repeated audit evidence preserved in R5 release assets,"[""R5 provenance/release assets""]",SOURCE_R5_MANIFEST_VERIFIED
reports/phase_00_finalization/failed_evidence/16_cli_validate_round1_stdout.log,e3b0c44298fc1c149afbf4c8996fb92427ae41e4649b934ca495991b7852b855,0,REPORT_OR_MACHINE_EVIDENCE,EXCLUDED_RAW_AUDIT,,COPIED_BYTE_IDENTICAL,Raw or repeated audit evidence preserved in R5 release assets,"[""R5 provenance/release assets""]",SOURCE_R5_MANIFEST_VERIFIED
reports/phase_00_finalization/failed_evidence/17_cli_smoke_round1_exit.txt,4355a46b19d348dc2f57c046f8ef63d4538ebb936000f3c9ee954a27460dd865,2,REPORT_OR_MACHINE_EVIDENCE,EXCLUDED_RAW_AUDIT,,COPIED_BYTE_IDENTICAL,Raw or repeated audit evidence preserved in R5 release assets,"[""R5 provenance/release assets""]",SOURCE_R5_MANIFEST_VERIFIED
reports/phase_00_finalization/failed_evidence/17_cli_smoke_round1_stderr.log,da4aa0cdc1a3b56879ff7e4b89f7630bc7d4300a659eb0e2bd311e562b28925d,128,REPORT_OR_MACHINE_EVIDENCE,EXCLUDED_RAW_AUDIT,,COPIED_BYTE_IDENTICAL,Raw or repeated audit evidence preserved in R5 release assets,"[""R5 provenance/release assets""]",SOURCE_R5_MANIFEST_VERIFIED
reports/phase_00_finalization/failed_evidence/17_cli_smoke_round1_stdout.log,e3b0c44298fc1c149afbf4c8996fb92427ae41e4649b934ca495991b7852b855,0,REPORT_OR_MACHINE_EVIDENCE,EXCLUDED_RAW_AUDIT,,COPIED_BYTE_IDENTICAL,Raw or repeated audit evidence preserved in R5 release assets,"[""R5 provenance/release assets""]",SOURCE_R5_MANIFEST_VERIFIED
reports/phase_00_finalization/failed_evidence/17_cli_smoke_round2_exit.txt,53c234e5e8472b6ac51c1ae1cab3fe06fad053beb8ebfd8977b010655bfdd3c3,2,REPORT_OR_MACHINE_EVIDENCE,EXCLUDED_RAW_AUDIT,,COPIED_BYTE_IDENTICAL,Raw or repeated audit evidence preserved in R5 release assets,"[""R5 provenance/release assets""]",SOURCE_R5_MANIFEST_VERIFIED
reports/phase_00_finalization/failed_evidence/17_cli_smoke_round2_stderr.log,d2c363660f332a9604c1b69635607c1d7845c1ca6905437819178d780d438fcd,653,REPORT_OR_MACHINE_EVIDENCE,EXCLUDED_RAW_AUDIT,,COPIED_BYTE_IDENTICAL,Raw or repeated audit evidence preserved in R5 release assets,"[""R5 provenance/release assets""]",SOURCE_R5_MANIFEST_VERIFIED
reports/phase_00_finalization/failed_evidence/17_cli_smoke_round2_stdout.log,e3b0c44298fc1c149afbf4c8996fb92427ae41e4649b934ca495991b7852b855,0,REPORT_OR_MACHINE_EVIDENCE,EXCLUDED_RAW_AUDIT,,COPIED_BYTE_IDENTICAL,Raw or repeated audit evidence preserved in R5 release assets,"[""R5 provenance/release assets""]",SOURCE_R5_MANIFEST_VERIFIED
reports/phase_00_finalization/failed_evidence/18_cli_real_round1_exit.txt,4355a46b19d348dc2f57c046f8ef63d4538ebb936000f3c9ee954a27460dd865,2,REPORT_OR_MACHINE_EVIDENCE,EXCLUDED_RAW_AUDIT,,COPIED_BYTE_IDENTICAL,Raw or repeated audit evidence preserved in R5 release assets,"[""R5 provenance/release assets""]",SOURCE_R5_MANIFEST_VERIFIED
reports/phase_00_finalization/failed_evidence/18_cli_real_round1_stderr.log,da4aa0cdc1a3b56879ff7e4b89f7630bc7d4300a659eb0e2bd311e562b28925d,128,REPORT_OR_MACHINE_EVIDENCE,EXCLUDED_RAW_AUDIT,,COPIED_BYTE_IDENTICAL,Raw or repeated audit evidence preserved in R5 release assets,"[""R5 provenance/release assets""]",SOURCE_R5_MANIFEST_VERIFIED
reports/phase_00_finalization/failed_evidence/18_cli_real_round1_stdout.log,e3b0c44298fc1c149afbf4c8996fb92427ae41e4649b934ca495991b7852b855,0,REPORT_OR_MACHINE_EVIDENCE,EXCLUDED_RAW_AUDIT,,COPIED_BYTE_IDENTICAL,Raw or repeated audit evidence preserved in R5 release assets,"[""R5 provenance/release assets""]",SOURCE_R5_MANIFEST_VERIFIED
reports/phase_00_finalization/failed_evidence/18_cli_real_round2_exit.txt,53c234e5e8472b6ac51c1ae1cab3fe06fad053beb8ebfd8977b010655bfdd3c3,2,REPORT_OR_MACHINE_EVIDENCE,EXCLUDED_RAW_AUDIT,,COPIED_BYTE_IDENTICAL,Raw or repeated audit evidence preserved in R5 release assets,"[""R5 provenance/release assets""]",SOURCE_R5_MANIFEST_VERIFIED
reports/phase_00_finalization/failed_evidence/18_cli_real_round2_stderr.log,d2c363660f332a9604c1b69635607c1d7845c1ca6905437819178d780d438fcd,653,REPORT_OR_MACHINE_EVIDENCE,EXCLUDED_RAW_AUDIT,,COPIED_BYTE_IDENTICAL,Raw or repeated audit evidence preserved in R5 release assets,"[""R5 provenance/release assets""]",SOURCE_R5_MANIFEST_VERIFIED
reports/phase_00_finalization/failed_evidence/18_cli_real_round2_stdout.log,e3b0c44298fc1c149afbf4c8996fb92427ae41e4649b934ca495991b7852b855,0,REPORT_OR_MACHINE_EVIDENCE,EXCLUDED_RAW_AUDIT,,COPIED_BYTE_IDENTICAL,Raw or repeated audit evidence preserved in R5 release assets,"[""R5 provenance/release assets""]",SOURCE_R5_MANIFEST_VERIFIED
reports/phase_00_finalization/failed_evidence/clean_reproduction_monolithic_wrapper_timeout.txt,d06dedfc72b5d8a9f517c916b4a6716b9dba879e2cd9a7b6475f40623f151521,327,REPORT_OR_MACHINE_EVIDENCE,EXCLUDED_RAW_AUDIT,,COPIED_BYTE_IDENTICAL,Raw or repeated audit evidence preserved in R5 release assets,"[""R5 provenance/release assets""]",SOURCE_R5_MANIFEST_VERIFIED
reports/phase_00_finalization/failed_evidence/clean_reproduction_nested_venv_build_backend_failure.txt,fdff9ca0f8bc3c5b9e629096d07ceec905be847604ea8ad01a2bfedc542e8683,6178,REPORT_OR_MACHINE_EVIDENCE,EXCLUDED_RAW_AUDIT,,COPIED_BYTE_IDENTICAL,Raw or repeated audit evidence preserved in R5 release assets,"[""R5 provenance/release assets""]",SOURCE_R5_MANIFEST_VERIFIED
reports/phase_00_finalization/failed_evidence/closure_runner_round1_keyerror.txt,cf351db4fe9cc18af83e5e74198010f2725e58f3aa8d424b9c57ed4b77847a7b,963,REPORT_OR_MACHINE_EVIDENCE,EXCLUDED_RAW_AUDIT,,COPIED_BYTE_IDENTICAL,Raw or repeated audit evidence preserved in R5 release assets,"[""R5 provenance/release assets""]",SOURCE_R5_MANIFEST_VERIFIED
reports/phase_00_finalization/failed_evidence/pytest_round1_compatibility_failures.txt,190f7ea38f14b33b2113017ff09e1a10992e58148636c39603042b0bfb066829,4710,REPORT_OR_MACHINE_EVIDENCE,EXCLUDED_RAW_AUDIT,,COPIED_BYTE_IDENTICAL,Raw or repeated audit evidence preserved in R5 release assets,"[""R5 provenance/release assets""]",SOURCE_R5_MANIFEST_VERIFIED
reports/phase_00_finalization/failed_evidence/pytest_round2_a14_case_false_failure.txt,0f1ad5216bac792a28059e53fd97a7de5c2df02da56cdb7051e85ab5edc344d8,8981,REPORT_OR_MACHINE_EVIDENCE,EXCLUDED_RAW_AUDIT,,COPIED_BYTE_IDENTICAL,Raw or repeated audit evidence preserved in R5 release assets,"[""R5 provenance/release assets""]",SOURCE_R5_MANIFEST_VERIFIED
reports/phase_00_finalization/final_clean_reproduction_report_R1.json,a37f93a45f63d04f974ec595d7c85fbae7054b67a3ed9ac9061647e7d7bb62cb,3857,REPORT_OR_MACHINE_EVIDENCE,RELEASE_ASSET_ONLY,,COPIED_BYTE_IDENTICAL,Preserved in the exact R5 archive; not required in the normal working tree,"[""R5 provenance/release assets""]",SOURCE_R5_MANIFEST_VERIFIED
reports/phase_00_finalization/final_execution_summary_R1.json,f3c47dd03d7cda84328d0585310f2abab963a09047378de02afec6d1de1bae78,4836,REPORT_OR_MACHINE_EVIDENCE,RELEASE_ASSET_ONLY,,COPIED_BYTE_IDENTICAL,Preserved in the exact R5 archive; not required in the normal working tree,"[""R5 provenance/release assets""]",SOURCE_R5_MANIFEST_VERIFIED
reports/phase_00_finalization/final_whole_stack_deterministic_result_R1.json,8fe3d0ed114ce6dd3c9d5b96497aa373e1438271162e207779909ac389f63bd8,3287,REPORT_OR_MACHINE_EVIDENCE,RELEASE_ASSET_ONLY,,COPIED_BYTE_IDENTICAL,Preserved in the exact R5 archive; not required in the normal working tree,"[""R5 provenance/release assets""]",SOURCE_R5_MANIFEST_VERIFIED
reports/phase_00_finalization/layer0_noninterference_and_sync_audit_R1.json,6f6730a595aa73eb8c1e7a255103d63c5fc78a464b5553b69915e67aa16a6178,124,REPORT_OR_MACHINE_EVIDENCE,RELEASE_ASSET_ONLY,,COPIED_BYTE_IDENTICAL,Preserved in the exact R5 archive; not required in the normal working tree,"[""R5 provenance/release assets""]",SOURCE_R5_MANIFEST_VERIFIED
reports/phase_00_finalization/layer10_read_only_source_value_audit_R1.json,afa98bd1d22259b7fc25d580fb563f7f744309c93d1bfd151ea895ffec2025b5,162,REPORT_OR_MACHINE_EVIDENCE,RELEASE_ASSET_ONLY,,COPIED_BYTE_IDENTICAL,Preserved in the exact R5 archive; not required in the normal working tree,"[""R5 provenance/release assets""]",SOURCE_R5_MANIFEST_VERIFIED
reports/phase_00_finalization/limitation_negative_evidence_parity_matrix_R1.csv,2a672813a8330a8bb62c56ea9e53b73eea515532d1efa3def0ed4cefc006f23d,1399,REPORT_OR_MACHINE_EVIDENCE,RELEASE_ASSET_ONLY,,COPIED_BYTE_IDENTICAL,Preserved in the exact R5 archive; not required in the normal working tree,"[""R5 provenance/release assets""]",SOURCE_R5_MANIFEST_VERIFIED
reports/phase_00_finalization/normalized_phase0_requirement_matrix_R1.csv,949da28cb62cfc937d7940cc1cf767974479f4432a4a981bf92fc19d33d017d4,21411560,REPORT_OR_MACHINE_EVIDENCE,RELEASE_ASSET_ONLY,,COPIED_BYTE_IDENTICAL,Preserved in the exact R5 archive; not required in the normal working tree,"[""R5 provenance/release assets""]",SOURCE_R5_MANIFEST_VERIFIED
reports/phase_00_finalization/normalized_phase0_requirement_matrix_summary_R1.json,ea233148893a92cbf97553bb202c581d9e8c7e8351d7de6f29b7682de9943820,603,REPORT_OR_MACHINE_EVIDENCE,RELEASE_ASSET_ONLY,,COPIED_BYTE_IDENTICAL,Preserved in the exact R5 archive; not required in the normal working tree,"[""R5 provenance/release assets""]",SOURCE_R5_MANIFEST_VERIFIED
reports/phase_00_finalization/p0_gate_18_specification_and_decision_R1.yaml,05ca830dd77a6801bef36e9868ffcba202c218a0a87a66dc3f79c3adbab0c856,2300,REPORT_OR_MACHINE_EVIDENCE,RELEASE_ASSET_ONLY,,COPIED_BYTE_IDENTICAL,Preserved in the exact R5 archive; not required in the normal working tree,"[""R5 provenance/release assets""]",SOURCE_R5_MANIFEST_VERIFIED
reports/phase_00_finalization/phase_0_final_whole_stack_handoff_R1.yaml,96f80d6aac3569d9fa9c08f365371a03b819fdf54f571911e94aacc05aeaab09,5338,REPORT_OR_MACHINE_EVIDENCE,RELEASE_ASSET_ONLY,,COPIED_BYTE_IDENTICAL,Preserved in the exact R5 archive; not required in the normal working tree,"[""R5 provenance/release assets""]",SOURCE_R5_MANIFEST_VERIFIED
reports/phase_00_finalization/phase_0_to_phase_1_handoff.yaml,c9c17807e3d7479cafe1b3a45c2c2914e9b36c9d97d3806cc3a40d70b8c799e4,884,REPORT_OR_MACHINE_EVIDENCE,RELEASE_ASSET_ONLY,,COPIED_BYTE_IDENTICAL,Preserved in the exact R5 archive; not required in the normal working tree,"[""R5 provenance/release assets""]",SOURCE_R5_MANIFEST_VERIFIED
reports/phase_00_finalization/placeholder_ambiguity_ledger_R1.yaml,c17bdb1ab37d71bb404c140c82a0fb9e3022a3b4cbfde5737c242fcc397a1970,16254,REPORT_OR_MACHINE_EVIDENCE,RELEASE_ASSET_ONLY,,COPIED_BYTE_IDENTICAL,Preserved in the exact R5 archive; not required in the normal working tree,"[""R5 provenance/release assets""]",SOURCE_R5_MANIFEST_VERIFIED
reports/phase_00_finalization/protocol_synchronization_audit_R1.json,af692cbb931262c3005efad66235b9c96d6c1fcae80cb498e9299dcd4c4185a3,186,REPORT_OR_MACHINE_EVIDENCE,RELEASE_ASSET_ONLY,,COPIED_BYTE_IDENTICAL,Preserved in the exact R5 archive; not required in the normal working tree,"[""R5 provenance/release assets""]",SOURCE_R5_MANIFEST_VERIFIED
reports/phase_00_finalization/repository_implementation_audit_R1.json,d078c41fa1669916a86f0414003876ac73734d54eea57da78c04005aa5b1e569,284,REPORT_OR_MACHINE_EVIDENCE,RELEASE_ASSET_ONLY,,COPIED_BYTE_IDENTICAL,Preserved in the exact R5 archive; not required in the normal working tree,"[""R5 provenance/release assets""]",SOURCE_R5_MANIFEST_VERIFIED
reports/phase_00_finalization/required_document_completeness_report_R1.json,5b035f9d4500af7446b4d700d4c65496834b7ce0a520e0a44188468a0502ecc7,75,REPORT_OR_MACHINE_EVIDENCE,RELEASE_ASSET_ONLY,,COPIED_BYTE_IDENTICAL,Preserved in the exact R5 archive; not required in the normal working tree,"[""R5 provenance/release assets""]",SOURCE_R5_MANIFEST_VERIFIED
reports/phase_00_finalization/review_passes/01_authority_reconstruction_R1.yaml,511a270748b4a4535a6d0251ff77e0a53c116bd5dccb612cc05e5edfba0cb248,222,REPORT_OR_MACHINE_EVIDENCE,RELEASE_ASSET_ONLY,,COPIED_BYTE_IDENTICAL,Preserved in the exact R5 archive; not required in the normal working tree,"[""R5 provenance/release assets""]",SOURCE_R5_MANIFEST_VERIFIED
reports/phase_00_finalization/review_passes/02_repository_implementation_R1.yaml,be97d07723286356213908a52c02c80353d663602bc39307bb4c6f8908534bd2,173,REPORT_OR_MACHINE_EVIDENCE,RELEASE_ASSET_ONLY,,COPIED_BYTE_IDENTICAL,Preserved in the exact R5 archive; not required in the normal working tree,"[""R5 provenance/release assets""]",SOURCE_R5_MANIFEST_VERIFIED
reports/phase_00_finalization/review_passes/03_protocol_execution_contract_R1.yaml,59d82282d329864303e33c72fd715b33d4558f1d4ee96442e74a326aa94dbe61,192,REPORT_OR_MACHINE_EVIDENCE,RELEASE_ASSET_ONLY,,COPIED_BYTE_IDENTICAL,Preserved in the exact R5 archive; not required in the normal working tree,"[""R5 provenance/release assets""]",SOURCE_R5_MANIFEST_VERIFIED
reports/phase_00_finalization/review_passes/04_analysis_report_R1.yaml,9819883ab1c659a34eebe2988c080004dd31717d45be4ca3b0f14905ab44601e,170,REPORT_OR_MACHINE_EVIDENCE,RELEASE_ASSET_ONLY,,COPIED_BYTE_IDENTICAL,Preserved in the exact R5 archive; not required in the normal working tree,"[""R5 provenance/release assets""]",SOURCE_R5_MANIFEST_VERIFIED
reports/phase_00_finalization/review_passes/05_layer0_R1.yaml,a491c880bd58ed96d998971703615bd2ec3c124d0244e212917ea4232d81f78c,139,REPORT_OR_MACHINE_EVIDENCE,RELEASE_ASSET_ONLY,,COPIED_BYTE_IDENTICAL,Preserved in the exact R5 archive; not required in the normal working tree,"[""R5 provenance/release assets""]",SOURCE_R5_MANIFEST_VERIFIED
reports/phase_00_finalization/review_passes/06_evidence_map_R1.yaml,6f2b1cf972b46b5ed770fc6c641c18be119efd055f9455acd3f5cd365a1177dc,152,REPORT_OR_MACHINE_EVIDENCE,RELEASE_ASSET_ONLY,,COPIED_BYTE_IDENTICAL,Preserved in the exact R5 archive; not required in the normal working tree,"[""R5 provenance/release assets""]",SOURCE_R5_MANIFEST_VERIFIED
reports/phase_00_finalization/review_passes/07_layer10_R1.yaml,80de8ef7345096025dcef24649000dff973d81333c2dcb0d6d1c033b59891442,150,REPORT_OR_MACHINE_EVIDENCE,RELEASE_ASSET_ONLY,,COPIED_BYTE_IDENTICAL,Preserved in the exact R5 archive; not required in the normal working tree,"[""R5 provenance/release assets""]",SOURCE_R5_MANIFEST_VERIFIED
reports/phase_00_finalization/review_passes/08_adversarial_cross_document_R1.yaml,269862f8009457a3d401c98061c1a17a2d6a4f2a52a6c654fdea4e4d27cf7b30,196,REPORT_OR_MACHINE_EVIDENCE,RELEASE_ASSET_ONLY,,COPIED_BYTE_IDENTICAL,Preserved in the exact R5 archive; not required in the normal working tree,"[""R5 provenance/release assets""]",SOURCE_R5_MANIFEST_VERIFIED
reports/phase_00_finalization/review_passes/09_final_governance_closure_R1.yaml,4acfdd80a8954091a9853bf34b8fc345cab343de758f16deffe9a50875326cae,221,REPORT_OR_MACHINE_EVIDENCE,RELEASE_ASSET_ONLY,,COPIED_BYTE_IDENTICAL,Preserved in the exact R5 archive; not required in the normal working tree,"[""R5 provenance/release assets""]",SOURCE_R5_MANIFEST_VERIFIED
reports/phase_00_finalization/review_provenance_R1.yaml,8f223859ab3714360d086970265e21232b39fe644f73cbfebb461ac69433000a,398,REPORT_OR_MACHINE_EVIDENCE,RELEASE_ASSET_ONLY,,COPIED_BYTE_IDENTICAL,Preserved in the exact R5 archive; not required in the normal working tree,"[""R5 provenance/release assets""]",SOURCE_R5_MANIFEST_VERIFIED
reports/phase_00_finalization/security_integrity_hygiene_report_R1.json,91ed172d121ae70c129ed2895fd88f10b593e54c22a40a9f31c680d08496920b,374,REPORT_OR_MACHINE_EVIDENCE,RELEASE_ASSET_ONLY,,COPIED_BYTE_IDENTICAL,Preserved in the exact R5 archive; not required in the normal working tree,"[""R5 provenance/release assets""]",SOURCE_R5_MANIFEST_VERIFIED
reports/phase_00_finalization/source_intake_and_supersession_ledger_R1.yaml,b246f300987b36deed15cd9e6757b1ba7d17bb6bbdfc1bb7c42458b48954e659,69534,REPORT_OR_MACHINE_EVIDENCE,RELEASE_ASSET_ONLY,,COPIED_BYTE_IDENTICAL,Preserved in the exact R5 archive; not required in the normal working tree,"[""R5 provenance/release assets""]",SOURCE_R5_MANIFEST_VERIFIED
reports/protocol_v1/clean_reproduction_R1.json,91e6772c1a56ce8d29b676c044cde55a03bd5c807f6e52ba2bfc23af6d1d994e,1365,REPORT_OR_MACHINE_EVIDENCE,RELEASE_ASSET_ONLY,,COPIED_BYTE_IDENTICAL,Preserved in the exact R5 archive; not required in the normal working tree,"[""R5 provenance/release assets""]",SOURCE_R5_MANIFEST_VERIFIED
reports/protocol_v1/execution/01_static_checks_exit.txt,9a271f2a916b0b6ee6cecb2426f0b3206ef074578be55d9bc94f6f3fe3ab86aa,2,REPORT_OR_MACHINE_EVIDENCE,RELEASE_ASSET_ONLY,,COPIED_BYTE_IDENTICAL,Preserved in the exact R5 archive; not required in the normal working tree,"[""R5 provenance/release assets""]",SOURCE_R5_MANIFEST_VERIFIED
reports/protocol_v1/execution/01_static_checks_stderr.log,e3b0c44298fc1c149afbf4c8996fb92427ae41e4649b934ca495991b7852b855,0,REPORT_OR_MACHINE_EVIDENCE,EXCLUDED_RAW_AUDIT,,COPIED_BYTE_IDENTICAL,Raw or repeated audit evidence preserved in R5 release assets,"[""R5 provenance/release assets""]",SOURCE_R5_MANIFEST_VERIFIED
reports/protocol_v1/execution/01_static_checks_stdout.log,176867d9399274c9110e7d6a117fe087fb1d82c8601d45846f83c3ad9b4b0824,213,REPORT_OR_MACHINE_EVIDENCE,EXCLUDED_RAW_AUDIT,,COPIED_BYTE_IDENTICAL,Raw or repeated audit evidence preserved in R5 release assets,"[""R5 provenance/release assets""]",SOURCE_R5_MANIFEST_VERIFIED
reports/protocol_v1/execution/02_pytest_exit.txt,9a271f2a916b0b6ee6cecb2426f0b3206ef074578be55d9bc94f6f3fe3ab86aa,2,REPORT_OR_MACHINE_EVIDENCE,RELEASE_ASSET_ONLY,,COPIED_BYTE_IDENTICAL,Preserved in the exact R5 archive; not required in the normal working tree,"[""R5 provenance/release assets""]",SOURCE_R5_MANIFEST_VERIFIED
reports/protocol_v1/execution/02_pytest_stderr.log,e3b0c44298fc1c149afbf4c8996fb92427ae41e4649b934ca495991b7852b855,0,REPORT_OR_MACHINE_EVIDENCE,EXCLUDED_RAW_AUDIT,,COPIED_BYTE_IDENTICAL,Raw or repeated audit evidence preserved in R5 release assets,"[""R5 provenance/release assets""]",SOURCE_R5_MANIFEST_VERIFIED
reports/protocol_v1/execution/02_pytest_stdout.log,2b70364f715b80717ceb5427eb30ac4dae2d54f7f6659a9c1943c2769af07eb3,180,REPORT_OR_MACHINE_EVIDENCE,EXCLUDED_RAW_AUDIT,,COPIED_BYTE_IDENTICAL,Raw or repeated audit evidence preserved in R5 release assets,"[""R5 provenance/release assets""]",SOURCE_R5_MANIFEST_VERIFIED
reports/protocol_v1/execution/03_conformance_exit.txt,9a271f2a916b0b6ee6cecb2426f0b3206ef074578be55d9bc94f6f3fe3ab86aa,2,REPORT_OR_MACHINE_EVIDENCE,RELEASE_ASSET_ONLY,,COPIED_BYTE_IDENTICAL,Preserved in the exact R5 archive; not required in the normal working tree,"[""R5 provenance/release assets""]",SOURCE_R5_MANIFEST_VERIFIED
reports/protocol_v1/execution/03_conformance_stderr.log,e3b0c44298fc1c149afbf4c8996fb92427ae41e4649b934ca495991b7852b855,0,REPORT_OR_MACHINE_EVIDENCE,EXCLUDED_RAW_AUDIT,,COPIED_BYTE_IDENTICAL,Raw or repeated audit evidence preserved in R5 release assets,"[""R5 provenance/release assets""]",SOURCE_R5_MANIFEST_VERIFIED
reports/protocol_v1/execution/03_conformance_stdout.log,768a0f64cb28257d38b478addb76e9aab5f51ef005ddc164ba37489a918435af,164,REPORT_OR_MACHINE_EVIDENCE,EXCLUDED_RAW_AUDIT,,COPIED_BYTE_IDENTICAL,Raw or repeated audit evidence preserved in R5 release assets,"[""R5 provenance/release assets""]",SOURCE_R5_MANIFEST_VERIFIED
reports/protocol_v1/execution/04_audit1_exit.txt,9a271f2a916b0b6ee6cecb2426f0b3206ef074578be55d9bc94f6f3fe3ab86aa,2,REPORT_OR_MACHINE_EVIDENCE,RELEASE_ASSET_ONLY,,COPIED_BYTE_IDENTICAL,Preserved in the exact R5 archive; not required in the normal working tree,"[""R5 provenance/release assets""]",SOURCE_R5_MANIFEST_VERIFIED
reports/protocol_v1/execution/04_audit1_stderr.log,e3b0c44298fc1c149afbf4c8996fb92427ae41e4649b934ca495991b7852b855,0,REPORT_OR_MACHINE_EVIDENCE,EXCLUDED_RAW_AUDIT,,COPIED_BYTE_IDENTICAL,Raw or repeated audit evidence preserved in R5 release assets,"[""R5 provenance/release assets""]",SOURCE_R5_MANIFEST_VERIFIED
reports/protocol_v1/execution/04_audit1_stdout.log,fe9c01e83a19d6eada313eb61973289fec2a7ef59b6d39bc96f9e90eee85569e,1050,REPORT_OR_MACHINE_EVIDENCE,EXCLUDED_RAW_AUDIT,,COPIED_BYTE_IDENTICAL,Raw or repeated audit evidence preserved in R5 release assets,"[""R5 provenance/release assets""]",SOURCE_R5_MANIFEST_VERIFIED
reports/protocol_v1/execution/05_audit2_exit.txt,9a271f2a916b0b6ee6cecb2426f0b3206ef074578be55d9bc94f6f3fe3ab86aa,2,REPORT_OR_MACHINE_EVIDENCE,RELEASE_ASSET_ONLY,,COPIED_BYTE_IDENTICAL,Preserved in the exact R5 archive; not required in the normal working tree,"[""R5 provenance/release assets""]",SOURCE_R5_MANIFEST_VERIFIED
reports/protocol_v1/execution/05_audit2_stderr.log,e3b0c44298fc1c149afbf4c8996fb92427ae41e4649b934ca495991b7852b855,0,REPORT_OR_MACHINE_EVIDENCE,EXCLUDED_RAW_AUDIT,,COPIED_BYTE_IDENTICAL,Raw or repeated audit evidence preserved in R5 release assets,"[""R5 provenance/release assets""]",SOURCE_R5_MANIFEST_VERIFIED
reports/protocol_v1/execution/05_audit2_stdout.log,be9f9b39143b2e8c97e0350cf1fa3c792667b1a9ad99efc8920a1a2d12002c29,1367,REPORT_OR_MACHINE_EVIDENCE,EXCLUDED_RAW_AUDIT,,COPIED_BYTE_IDENTICAL,Raw or repeated audit evidence preserved in R5 release assets,"[""R5 provenance/release assets""]",SOURCE_R5_MANIFEST_VERIFIED
reports/protocol_v1/execution/06_audit3_exit.txt,9a271f2a916b0b6ee6cecb2426f0b3206ef074578be55d9bc94f6f3fe3ab86aa,2,REPORT_OR_MACHINE_EVIDENCE,RELEASE_ASSET_ONLY,,COPIED_BYTE_IDENTICAL,Preserved in the exact R5 archive; not required in the normal working tree,"[""R5 provenance/release assets""]",SOURCE_R5_MANIFEST_VERIFIED
reports/protocol_v1/execution/06_audit3_stderr.log,e3b0c44298fc1c149afbf4c8996fb92427ae41e4649b934ca495991b7852b855,0,REPORT_OR_MACHINE_EVIDENCE,EXCLUDED_RAW_AUDIT,,COPIED_BYTE_IDENTICAL,Raw or repeated audit evidence preserved in R5 release assets,"[""R5 provenance/release assets""]",SOURCE_R5_MANIFEST_VERIFIED
reports/protocol_v1/execution/06_audit3_stdout.log,0a90c5705570f1bcfc987338d5fc570a83b7d1f1314633284e80c247a8b0bffc,1755,REPORT_OR_MACHINE_EVIDENCE,EXCLUDED_RAW_AUDIT,,COPIED_BYTE_IDENTICAL,Raw or repeated audit evidence preserved in R5 release assets,"[""R5 provenance/release assets""]",SOURCE_R5_MANIFEST_VERIFIED
reports/protocol_v1/execution/07_final_implementation_exit.txt,9a271f2a916b0b6ee6cecb2426f0b3206ef074578be55d9bc94f6f3fe3ab86aa,2,REPORT_OR_MACHINE_EVIDENCE,RELEASE_ASSET_ONLY,,COPIED_BYTE_IDENTICAL,Preserved in the exact R5 archive; not required in the normal working tree,"[""R5 provenance/release assets""]",SOURCE_R5_MANIFEST_VERIFIED
reports/protocol_v1/execution/07_final_implementation_stderr.log,e3b0c44298fc1c149afbf4c8996fb92427ae41e4649b934ca495991b7852b855,0,REPORT_OR_MACHINE_EVIDENCE,EXCLUDED_RAW_AUDIT,,COPIED_BYTE_IDENTICAL,Raw or repeated audit evidence preserved in R5 release assets,"[""R5 provenance/release assets""]",SOURCE_R5_MANIFEST_VERIFIED
reports/protocol_v1/execution/07_final_implementation_stdout.log,a321f48da26f904c76ec632499638d4c9cfed0cfb6a33f71b41e1177bc75d7c1,931,REPORT_OR_MACHINE_EVIDENCE,EXCLUDED_RAW_AUDIT,,COPIED_BYTE_IDENTICAL,Raw or repeated audit evidence preserved in R5 release assets,"[""R5 provenance/release assets""]",SOURCE_R5_MANIFEST_VERIFIED
reports/protocol_v1/execution/08_local_first_exit.txt,9a271f2a916b0b6ee6cecb2426f0b3206ef074578be55d9bc94f6f3fe3ab86aa,2,REPORT_OR_MACHINE_EVIDENCE,RELEASE_ASSET_ONLY,,COPIED_BYTE_IDENTICAL,Preserved in the exact R5 archive; not required in the normal working tree,"[""R5 provenance/release assets""]",SOURCE_R5_MANIFEST_VERIFIED
reports/protocol_v1/execution/08_local_first_stderr.log,e3b0c44298fc1c149afbf4c8996fb92427ae41e4649b934ca495991b7852b855,0,REPORT_OR_MACHINE_EVIDENCE,EXCLUDED_RAW_AUDIT,,COPIED_BYTE_IDENTICAL,Raw or repeated audit evidence preserved in R5 release assets,"[""R5 provenance/release assets""]",SOURCE_R5_MANIFEST_VERIFIED
reports/protocol_v1/execution/08_local_first_stdout.log,520c3a491e12c923cb402ec38f063df0e3dbe3eca391e751c79188c602727716,790,REPORT_OR_MACHINE_EVIDENCE,EXCLUDED_RAW_AUDIT,,COPIED_BYTE_IDENTICAL,Raw or repeated audit evidence preserved in R5 release assets,"[""R5 provenance/release assets""]",SOURCE_R5_MANIFEST_VERIFIED
reports/protocol_v1/execution/09_protocol_validation_exit.txt,9a271f2a916b0b6ee6cecb2426f0b3206ef074578be55d9bc94f6f3fe3ab86aa,2,REPORT_OR_MACHINE_EVIDENCE,RELEASE_ASSET_ONLY,,COPIED_BYTE_IDENTICAL,Preserved in the exact R5 archive; not required in the normal working tree,"[""R5 provenance/release assets""]",SOURCE_R5_MANIFEST_VERIFIED
reports/protocol_v1/execution/09_protocol_validation_stderr.log,e3b0c44298fc1c149afbf4c8996fb92427ae41e4649b934ca495991b7852b855,0,REPORT_OR_MACHINE_EVIDENCE,EXCLUDED_RAW_AUDIT,,COPIED_BYTE_IDENTICAL,Raw or repeated audit evidence preserved in R5 release assets,"[""R5 provenance/release assets""]",SOURCE_R5_MANIFEST_VERIFIED
reports/protocol_v1/execution/09_protocol_validation_stdout.log,c78ea1f9b2cc9d48e0283f6e3249314d1adad43de7d7b35622e33793f65747d6,199,REPORT_OR_MACHINE_EVIDENCE,EXCLUDED_RAW_AUDIT,,COPIED_BYTE_IDENTICAL,Raw or repeated audit evidence preserved in R5 release assets,"[""R5 provenance/release assets""]",SOURCE_R5_MANIFEST_VERIFIED
reports/protocol_v1/execution/10_cli_validate_exit.txt,9a271f2a916b0b6ee6cecb2426f0b3206ef074578be55d9bc94f6f3fe3ab86aa,2,REPORT_OR_MACHINE_EVIDENCE,RELEASE_ASSET_ONLY,,COPIED_BYTE_IDENTICAL,Preserved in the exact R5 archive; not required in the normal working tree,"[""R5 provenance/release assets""]",SOURCE_R5_MANIFEST_VERIFIED
reports/protocol_v1/execution/10_cli_validate_stderr.log,e3b0c44298fc1c149afbf4c8996fb92427ae41e4649b934ca495991b7852b855,0,REPORT_OR_MACHINE_EVIDENCE,EXCLUDED_RAW_AUDIT,,COPIED_BYTE_IDENTICAL,Raw or repeated audit evidence preserved in R5 release assets,"[""R5 provenance/release assets""]",SOURCE_R5_MANIFEST_VERIFIED
reports/protocol_v1/execution/10_cli_validate_stdout.log,36db8a0f238df714328b4a19bb216b360cbab38d4462f58c810cbe2b278ac31b,82,REPORT_OR_MACHINE_EVIDENCE,EXCLUDED_RAW_AUDIT,,COPIED_BYTE_IDENTICAL,Raw or repeated audit evidence preserved in R5 release assets,"[""R5 provenance/release assets""]",SOURCE_R5_MANIFEST_VERIFIED
reports/protocol_v1/execution/11_cli_smoke_exit.txt,9a271f2a916b0b6ee6cecb2426f0b3206ef074578be55d9bc94f6f3fe3ab86aa,2,REPORT_OR_MACHINE_EVIDENCE,RELEASE_ASSET_ONLY,,COPIED_BYTE_IDENTICAL,Preserved in the exact R5 archive; not required in the normal working tree,"[""R5 provenance/release assets""]",SOURCE_R5_MANIFEST_VERIFIED
reports/protocol_v1/execution/11_cli_smoke_stderr.log,e3b0c44298fc1c149afbf4c8996fb92427ae41e4649b934ca495991b7852b855,0,REPORT_OR_MACHINE_EVIDENCE,EXCLUDED_RAW_AUDIT,,COPIED_BYTE_IDENTICAL,Raw or repeated audit evidence preserved in R5 release assets,"[""R5 provenance/release assets""]",SOURCE_R5_MANIFEST_VERIFIED
reports/protocol_v1/execution/11_cli_smoke_stdout.log,1e4d2997531ee0cc9083ad24aaab0e34f47c5882df0d918f8a1c7af415e32813,76,REPORT_OR_MACHINE_EVIDENCE,EXCLUDED_RAW_AUDIT,,COPIED_BYTE_IDENTICAL,Raw or repeated audit evidence preserved in R5 release assets,"[""R5 provenance/release assets""]",SOURCE_R5_MANIFEST_VERIFIED
reports/protocol_v1/execution/12_cli_real_exit.txt,9a271f2a916b0b6ee6cecb2426f0b3206ef074578be55d9bc94f6f3fe3ab86aa,2,REPORT_OR_MACHINE_EVIDENCE,RELEASE_ASSET_ONLY,,COPIED_BYTE_IDENTICAL,Preserved in the exact R5 archive; not required in the normal working tree,"[""R5 provenance/release assets""]",SOURCE_R5_MANIFEST_VERIFIED
reports/protocol_v1/execution/12_cli_real_stderr.log,e3b0c44298fc1c149afbf4c8996fb92427ae41e4649b934ca495991b7852b855,0,REPORT_OR_MACHINE_EVIDENCE,EXCLUDED_RAW_AUDIT,,COPIED_BYTE_IDENTICAL,Raw or repeated audit evidence preserved in R5 release assets,"[""R5 provenance/release assets""]",SOURCE_R5_MANIFEST_VERIFIED
reports/protocol_v1/execution/12_cli_real_stdout.log,ff2e2cd1c0ac414b4cf940d9f4cd422feddd79e16fb7f22e1aacdbb457729943,75,REPORT_OR_MACHINE_EVIDENCE,EXCLUDED_RAW_AUDIT,,COPIED_BYTE_IDENTICAL,Raw or repeated audit evidence preserved in R5 release assets,"[""R5 provenance/release assets""]",SOURCE_R5_MANIFEST_VERIFIED
reports/protocol_v1/execution/13_manifest_regenerate_exit.txt,9a271f2a916b0b6ee6cecb2426f0b3206ef074578be55d9bc94f6f3fe3ab86aa,2,REPORT_OR_MACHINE_EVIDENCE,RELEASE_ASSET_ONLY,,COPIED_BYTE_IDENTICAL,Preserved in the exact R5 archive; not required in the normal working tree,"[""R5 provenance/release assets""]",SOURCE_R5_MANIFEST_VERIFIED
reports/protocol_v1/execution/13_manifest_regenerate_stderr.log,e3b0c44298fc1c149afbf4c8996fb92427ae41e4649b934ca495991b7852b855,0,REPORT_OR_MACHINE_EVIDENCE,EXCLUDED_RAW_AUDIT,,COPIED_BYTE_IDENTICAL,Raw or repeated audit evidence preserved in R5 release assets,"[""R5 provenance/release assets""]",SOURCE_R5_MANIFEST_VERIFIED
reports/protocol_v1/execution/13_manifest_regenerate_stdout.log,e3b0c44298fc1c149afbf4c8996fb92427ae41e4649b934ca495991b7852b855,0,REPORT_OR_MACHINE_EVIDENCE,EXCLUDED_RAW_AUDIT,,COPIED_BYTE_IDENTICAL,Raw or repeated audit evidence preserved in R5 release assets,"[""R5 provenance/release assets""]",SOURCE_R5_MANIFEST_VERIFIED
reports/protocol_v1/execution/14_manifest_check_stderr.log,e3b0c44298fc1c149afbf4c8996fb92427ae41e4649b934ca495991b7852b855,0,REPORT_OR_MACHINE_EVIDENCE,EXCLUDED_RAW_AUDIT,,COPIED_BYTE_IDENTICAL,Raw or repeated audit evidence preserved in R5 release assets,"[""R5 provenance/release assets""]",SOURCE_R5_MANIFEST_VERIFIED
reports/protocol_v1/execution/14_manifest_check_stdout.log,24ebade19bec7bd72c7cab67e9cd3fb0881ff25d5f2743ccfa7dfc44b33dd822,281,REPORT_OR_MACHINE_EVIDENCE,EXCLUDED_RAW_AUDIT,,COPIED_BYTE_IDENTICAL,Raw or repeated audit evidence preserved in R5 release assets,"[""R5 provenance/release assets""]",SOURCE_R5_MANIFEST_VERIFIED
reports/protocol_v1/failed_evidence/clean_reproduction_round1_build_backend_missing.txt,18ba1bb803f2ada178fed085cad8f2a484eca08882b706f145b0a293a745ff43,5511,REPORT_OR_MACHINE_EVIDENCE,EXCLUDED_RAW_AUDIT,,COPIED_BYTE_IDENTICAL,Raw or repeated audit evidence preserved in R5 release assets,"[""R5 provenance/release assets""]",SOURCE_R5_MANIFEST_VERIFIED
reports/protocol_v1/failed_evidence/final_zip_round1_stale_protocol_validation_report.json,bdf7555b973ade67a6d5c9511bd565c9d5b90fe0f65a9416726db8571078f184,169,REPORT_OR_MACHINE_EVIDENCE,EXCLUDED_RAW_AUDIT,,COPIED_BYTE_IDENTICAL,Raw or repeated audit evidence preserved in R5 release assets,"[""R5 provenance/release assets""]",SOURCE_R5_MANIFEST_VERIFIED
reports/protocol_v1/failed_evidence/protocol_v1_pytest_round1.txt,ed50015b9684a2c1282fcccd9d8dfe2f9b1fb0b9088fb9a7379e77ca7d52f66b,5466,REPORT_OR_MACHINE_EVIDENCE,EXCLUDED_RAW_AUDIT,,COPIED_BYTE_IDENTICAL,Raw or repeated audit evidence preserved in R5 release assets,"[""R5 provenance/release assets""]",SOURCE_R5_MANIFEST_VERIFIED
reports/protocol_v1/failed_evidence/protocol_v1_validation_round1.txt,e3b0c44298fc1c149afbf4c8996fb92427ae41e4649b934ca495991b7852b855,0,REPORT_OR_MACHINE_EVIDENCE,EXCLUDED_RAW_AUDIT,,COPIED_BYTE_IDENTICAL,Raw or repeated audit evidence preserved in R5 release assets,"[""R5 provenance/release assets""]",SOURCE_R5_MANIFEST_VERIFIED
reports/protocol_v1/phase_0_protocol_v1_final_audit_handoff_R2.yaml,223fec76a2916a3132b5640c43475669840a9a8ceafe74184d185ef39da16551,5280,REPORT_OR_MACHINE_EVIDENCE,RELEASE_ASSET_ONLY,,COPIED_BYTE_IDENTICAL,Preserved in the exact R5 archive; not required in the normal working tree,"[""R5 provenance/release assets""]",SOURCE_R5_MANIFEST_VERIFIED
reports/protocol_v1/phase_0_protocol_v1_handoff_R1.yaml,b8a746522a04bfaff94e73df496d3892cd62a86544db64dd5fba5583dc042911,3422,REPORT_OR_MACHINE_EVIDENCE,RELEASE_ASSET_ONLY,,COPIED_BYTE_IDENTICAL,Preserved in the exact R5 archive; not required in the normal working tree,"[""R5 provenance/release assets""]",SOURCE_R5_MANIFEST_VERIFIED
reports/protocol_v1/protocol_local_execution_report_R1.json,7e2b078f0a30841e20b76a581c5effdc69c806d82c938fcc08f56b7756e93fb0,3826,REPORT_OR_MACHINE_EVIDENCE,RELEASE_ASSET_ONLY,,COPIED_BYTE_IDENTICAL,Preserved in the exact R5 archive; not required in the normal working tree,"[""R5 provenance/release assets""]",SOURCE_R5_MANIFEST_VERIFIED
reports/protocol_v1_final_audit/IHARQ_Protocol_v1_0_Final_Independent_Audit_Report_R2.docx,7e9870e77d475c38e8c4443e89844f9116bbe51ca10c400700150ec17a4af0fa,49688,REPORT_OR_MACHINE_EVIDENCE,EXCLUDED_GENERATED_FORMAT,,COPIED_BYTE_IDENTICAL,Duplicate generated format omitted because Markdown/current source controls,"[""R5 provenance/release assets""]",SOURCE_R5_MANIFEST_VERIFIED
reports/protocol_v1_final_audit/IHARQ_Protocol_v1_0_Final_Independent_Audit_Report_R2.md,43ad5b04ac5aff825cf30ed36ae8a8f8ed636f0ff5a3a51a5717a5a04ea29ff7,23833,REPORT_OR_MACHINE_EVIDENCE,RELEASE_ASSET_ONLY,,COPIED_BYTE_IDENTICAL,Preserved in the exact R5 archive; not required in the normal working tree,"[""R5 provenance/release assets""]",SOURCE_R5_MANIFEST_VERIFIED
reports/protocol_v1_final_audit/execution/01_static_exit.txt,9a271f2a916b0b6ee6cecb2426f0b3206ef074578be55d9bc94f6f3fe3ab86aa,2,REPORT_OR_MACHINE_EVIDENCE,RELEASE_ASSET_ONLY,,COPIED_BYTE_IDENTICAL,Preserved in the exact R5 archive; not required in the normal working tree,"[""R5 provenance/release assets""]",SOURCE_R5_MANIFEST_VERIFIED
reports/protocol_v1_final_audit/execution/01_static_stderr.log,e3b0c44298fc1c149afbf4c8996fb92427ae41e4649b934ca495991b7852b855,0,REPORT_OR_MACHINE_EVIDENCE,EXCLUDED_RAW_AUDIT,,COPIED_BYTE_IDENTICAL,Raw or repeated audit evidence preserved in R5 release assets,"[""R5 provenance/release assets""]",SOURCE_R5_MANIFEST_VERIFIED
reports/protocol_v1_final_audit/execution/01_static_stdout.log,9910ab732ad2c746d90f6daf8e0881e8d616094b65a10722872bb0497ef546cc,213,REPORT_OR_MACHINE_EVIDENCE,EXCLUDED_RAW_AUDIT,,COPIED_BYTE_IDENTICAL,Raw or repeated audit evidence preserved in R5 release assets,"[""R5 provenance/release assets""]",SOURCE_R5_MANIFEST_VERIFIED
reports/protocol_v1_final_audit/execution/02_pytest_exit.txt,9a271f2a916b0b6ee6cecb2426f0b3206ef074578be55d9bc94f6f3fe3ab86aa,2,REPORT_OR_MACHINE_EVIDENCE,RELEASE_ASSET_ONLY,,COPIED_BYTE_IDENTICAL,Preserved in the exact R5 archive; not required in the normal working tree,"[""R5 provenance/release assets""]",SOURCE_R5_MANIFEST_VERIFIED
reports/protocol_v1_final_audit/execution/02_pytest_stderr.log,e3b0c44298fc1c149afbf4c8996fb92427ae41e4649b934ca495991b7852b855,0,REPORT_OR_MACHINE_EVIDENCE,EXCLUDED_RAW_AUDIT,,COPIED_BYTE_IDENTICAL,Raw or repeated audit evidence preserved in R5 release assets,"[""R5 provenance/release assets""]",SOURCE_R5_MANIFEST_VERIFIED
reports/protocol_v1_final_audit/execution/02_pytest_stdout.log,1dd36d3ec8d0809e3c3125a422259258ea311187560bb1008d8d5b2f19ffb231,180,REPORT_OR_MACHINE_EVIDENCE,EXCLUDED_RAW_AUDIT,,COPIED_BYTE_IDENTICAL,Raw or repeated audit evidence preserved in R5 release assets,"[""R5 provenance/release assets""]",SOURCE_R5_MANIFEST_VERIFIED
reports/protocol_v1_final_audit/execution/03_conformance_exit.txt,9a271f2a916b0b6ee6cecb2426f0b3206ef074578be55d9bc94f6f3fe3ab86aa,2,REPORT_OR_MACHINE_EVIDENCE,RELEASE_ASSET_ONLY,,COPIED_BYTE_IDENTICAL,Preserved in the exact R5 archive; not required in the normal working tree,"[""R5 provenance/release assets""]",SOURCE_R5_MANIFEST_VERIFIED
reports/protocol_v1_final_audit/execution/03_conformance_stderr.log,e3b0c44298fc1c149afbf4c8996fb92427ae41e4649b934ca495991b7852b855,0,REPORT_OR_MACHINE_EVIDENCE,EXCLUDED_RAW_AUDIT,,COPIED_BYTE_IDENTICAL,Raw or repeated audit evidence preserved in R5 release assets,"[""R5 provenance/release assets""]",SOURCE_R5_MANIFEST_VERIFIED
reports/protocol_v1_final_audit/execution/03_conformance_stdout.log,768a0f64cb28257d38b478addb76e9aab5f51ef005ddc164ba37489a918435af,164,REPORT_OR_MACHINE_EVIDENCE,EXCLUDED_RAW_AUDIT,,COPIED_BYTE_IDENTICAL,Raw or repeated audit evidence preserved in R5 release assets,"[""R5 provenance/release assets""]",SOURCE_R5_MANIFEST_VERIFIED
reports/protocol_v1_final_audit/execution/04_audit1_exit.txt,9a271f2a916b0b6ee6cecb2426f0b3206ef074578be55d9bc94f6f3fe3ab86aa,2,REPORT_OR_MACHINE_EVIDENCE,RELEASE_ASSET_ONLY,,COPIED_BYTE_IDENTICAL,Preserved in the exact R5 archive; not required in the normal working tree,"[""R5 provenance/release assets""]",SOURCE_R5_MANIFEST_VERIFIED
reports/protocol_v1_final_audit/execution/04_audit1_stderr.log,e3b0c44298fc1c149afbf4c8996fb92427ae41e4649b934ca495991b7852b855,0,REPORT_OR_MACHINE_EVIDENCE,EXCLUDED_RAW_AUDIT,,COPIED_BYTE_IDENTICAL,Raw or repeated audit evidence preserved in R5 release assets,"[""R5 provenance/release assets""]",SOURCE_R5_MANIFEST_VERIFIED
reports/protocol_v1_final_audit/execution/04_audit1_stdout.log,716de4319b9c4eb84935e00a68fbeb09fc8f034abd48d8dd259083b59d52a4d4,1050,REPORT_OR_MACHINE_EVIDENCE,EXCLUDED_RAW_AUDIT,,COPIED_BYTE_IDENTICAL,Raw or repeated audit evidence preserved in R5 release assets,"[""R5 provenance/release assets""]",SOURCE_R5_MANIFEST_VERIFIED
reports/protocol_v1_final_audit/execution/05_audit2_exit.txt,9a271f2a916b0b6ee6cecb2426f0b3206ef074578be55d9bc94f6f3fe3ab86aa,2,REPORT_OR_MACHINE_EVIDENCE,RELEASE_ASSET_ONLY,,COPIED_BYTE_IDENTICAL,Preserved in the exact R5 archive; not required in the normal working tree,"[""R5 provenance/release assets""]",SOURCE_R5_MANIFEST_VERIFIED
reports/protocol_v1_final_audit/execution/05_audit2_stderr.log,e3b0c44298fc1c149afbf4c8996fb92427ae41e4649b934ca495991b7852b855,0,REPORT_OR_MACHINE_EVIDENCE,EXCLUDED_RAW_AUDIT,,COPIED_BYTE_IDENTICAL,Raw or repeated audit evidence preserved in R5 release assets,"[""R5 provenance/release assets""]",SOURCE_R5_MANIFEST_VERIFIED
reports/protocol_v1_final_audit/execution/05_audit2_stdout.log,cc7bd709e385e4d19db03b446799bea91cd117f0c6ab40a1e12e82c188fd0e09,1367,REPORT_OR_MACHINE_EVIDENCE,EXCLUDED_RAW_AUDIT,,COPIED_BYTE_IDENTICAL,Raw or repeated audit evidence preserved in R5 release assets,"[""R5 provenance/release assets""]",SOURCE_R5_MANIFEST_VERIFIED
reports/protocol_v1_final_audit/execution/06_audit3_exit.txt,9a271f2a916b0b6ee6cecb2426f0b3206ef074578be55d9bc94f6f3fe3ab86aa,2,REPORT_OR_MACHINE_EVIDENCE,RELEASE_ASSET_ONLY,,COPIED_BYTE_IDENTICAL,Preserved in the exact R5 archive; not required in the normal working tree,"[""R5 provenance/release assets""]",SOURCE_R5_MANIFEST_VERIFIED
reports/protocol_v1_final_audit/execution/06_audit3_stderr.log,e3b0c44298fc1c149afbf4c8996fb92427ae41e4649b934ca495991b7852b855,0,REPORT_OR_MACHINE_EVIDENCE,EXCLUDED_RAW_AUDIT,,COPIED_BYTE_IDENTICAL,Raw or repeated audit evidence preserved in R5 release assets,"[""R5 provenance/release assets""]",SOURCE_R5_MANIFEST_VERIFIED
reports/protocol_v1_final_audit/execution/06_audit3_stdout.log,e23a0f6532bf3822445a9557c251f5258ff45050c1b01f33f109c9c1fed59a01,1755,REPORT_OR_MACHINE_EVIDENCE,EXCLUDED_RAW_AUDIT,,COPIED_BYTE_IDENTICAL,Raw or repeated audit evidence preserved in R5 release assets,"[""R5 provenance/release assets""]",SOURCE_R5_MANIFEST_VERIFIED
reports/protocol_v1_final_audit/execution/07_final_impl_exit.txt,9a271f2a916b0b6ee6cecb2426f0b3206ef074578be55d9bc94f6f3fe3ab86aa,2,REPORT_OR_MACHINE_EVIDENCE,RELEASE_ASSET_ONLY,,COPIED_BYTE_IDENTICAL,Preserved in the exact R5 archive; not required in the normal working tree,"[""R5 provenance/release assets""]",SOURCE_R5_MANIFEST_VERIFIED
reports/protocol_v1_final_audit/execution/07_final_impl_stderr.log,e3b0c44298fc1c149afbf4c8996fb92427ae41e4649b934ca495991b7852b855,0,REPORT_OR_MACHINE_EVIDENCE,EXCLUDED_RAW_AUDIT,,COPIED_BYTE_IDENTICAL,Raw or repeated audit evidence preserved in R5 release assets,"[""R5 provenance/release assets""]",SOURCE_R5_MANIFEST_VERIFIED
reports/protocol_v1_final_audit/execution/07_final_impl_stdout.log,a321f48da26f904c76ec632499638d4c9cfed0cfb6a33f71b41e1177bc75d7c1,931,REPORT_OR_MACHINE_EVIDENCE,EXCLUDED_RAW_AUDIT,,COPIED_BYTE_IDENTICAL,Raw or repeated audit evidence preserved in R5 release assets,"[""R5 provenance/release assets""]",SOURCE_R5_MANIFEST_VERIFIED
reports/protocol_v1_final_audit/execution/08_local_first_exit.txt,9a271f2a916b0b6ee6cecb2426f0b3206ef074578be55d9bc94f6f3fe3ab86aa,2,REPORT_OR_MACHINE_EVIDENCE,RELEASE_ASSET_ONLY,,COPIED_BYTE_IDENTICAL,Preserved in the exact R5 archive; not required in the normal working tree,"[""R5 provenance/release assets""]",SOURCE_R5_MANIFEST_VERIFIED
reports/protocol_v1_final_audit/execution/08_local_first_stderr.log,e3b0c44298fc1c149afbf4c8996fb92427ae41e4649b934ca495991b7852b855,0,REPORT_OR_MACHINE_EVIDENCE,EXCLUDED_RAW_AUDIT,,COPIED_BYTE_IDENTICAL,Raw or repeated audit evidence preserved in R5 release assets,"[""R5 provenance/release assets""]",SOURCE_R5_MANIFEST_VERIFIED
reports/protocol_v1_final_audit/execution/08_local_first_stdout.log,520c3a491e12c923cb402ec38f063df0e3dbe3eca391e751c79188c602727716,790,REPORT_OR_MACHINE_EVIDENCE,EXCLUDED_RAW_AUDIT,,COPIED_BYTE_IDENTICAL,Raw or repeated audit evidence preserved in R5 release assets,"[""R5 provenance/release assets""]",SOURCE_R5_MANIFEST_VERIFIED
reports/protocol_v1_final_audit/execution/09_protocol_validation_exit.txt,9a271f2a916b0b6ee6cecb2426f0b3206ef074578be55d9bc94f6f3fe3ab86aa,2,REPORT_OR_MACHINE_EVIDENCE,RELEASE_ASSET_ONLY,,COPIED_BYTE_IDENTICAL,Preserved in the exact R5 archive; not required in the normal working tree,"[""R5 provenance/release assets""]",SOURCE_R5_MANIFEST_VERIFIED
reports/protocol_v1_final_audit/execution/09_protocol_validation_stderr.log,e3b0c44298fc1c149afbf4c8996fb92427ae41e4649b934ca495991b7852b855,0,REPORT_OR_MACHINE_EVIDENCE,EXCLUDED_RAW_AUDIT,,COPIED_BYTE_IDENTICAL,Raw or repeated audit evidence preserved in R5 release assets,"[""R5 provenance/release assets""]",SOURCE_R5_MANIFEST_VERIFIED
reports/protocol_v1_final_audit/execution/09_protocol_validation_stdout.log,4ad4a9cfa5763e61284ffc58b827ca416a9d639f8a8116d813c3c1c28f669466,266,REPORT_OR_MACHINE_EVIDENCE,EXCLUDED_RAW_AUDIT,,COPIED_BYTE_IDENTICAL,Raw or repeated audit evidence preserved in R5 release assets,"[""R5 provenance/release assets""]",SOURCE_R5_MANIFEST_VERIFIED
reports/protocol_v1_final_audit/execution/10_protocol_final_audit_exit.txt,9a271f2a916b0b6ee6cecb2426f0b3206ef074578be55d9bc94f6f3fe3ab86aa,2,REPORT_OR_MACHINE_EVIDENCE,RELEASE_ASSET_ONLY,,COPIED_BYTE_IDENTICAL,Preserved in the exact R5 archive; not required in the normal working tree,"[""R5 provenance/release assets""]",SOURCE_R5_MANIFEST_VERIFIED
reports/protocol_v1_final_audit/execution/10_protocol_final_audit_stderr.log,e3b0c44298fc1c149afbf4c8996fb92427ae41e4649b934ca495991b7852b855,0,REPORT_OR_MACHINE_EVIDENCE,EXCLUDED_RAW_AUDIT,,COPIED_BYTE_IDENTICAL,Raw or repeated audit evidence preserved in R5 release assets,"[""R5 provenance/release assets""]",SOURCE_R5_MANIFEST_VERIFIED
reports/protocol_v1_final_audit/execution/10_protocol_final_audit_stdout.log,17911e865fc9ff6a628d62cf23e1bfd6a9f162c6ea6be8528f31f973fe8e6e2d,542,REPORT_OR_MACHINE_EVIDENCE,EXCLUDED_RAW_AUDIT,,COPIED_BYTE_IDENTICAL,Raw or repeated audit evidence preserved in R5 release assets,"[""R5 provenance/release assets""]",SOURCE_R5_MANIFEST_VERIFIED
reports/protocol_v1_final_audit/execution/11_cli_validate_exit.txt,9a271f2a916b0b6ee6cecb2426f0b3206ef074578be55d9bc94f6f3fe3ab86aa,2,REPORT_OR_MACHINE_EVIDENCE,RELEASE_ASSET_ONLY,,COPIED_BYTE_IDENTICAL,Preserved in the exact R5 archive; not required in the normal working tree,"[""R5 provenance/release assets""]",SOURCE_R5_MANIFEST_VERIFIED
reports/protocol_v1_final_audit/execution/11_cli_validate_stderr.log,e3b0c44298fc1c149afbf4c8996fb92427ae41e4649b934ca495991b7852b855,0,REPORT_OR_MACHINE_EVIDENCE,EXCLUDED_RAW_AUDIT,,COPIED_BYTE_IDENTICAL,Raw or repeated audit evidence preserved in R5 release assets,"[""R5 provenance/release assets""]",SOURCE_R5_MANIFEST_VERIFIED
reports/protocol_v1_final_audit/execution/11_cli_validate_stdout.log,36db8a0f238df714328b4a19bb216b360cbab38d4462f58c810cbe2b278ac31b,82,REPORT_OR_MACHINE_EVIDENCE,EXCLUDED_RAW_AUDIT,,COPIED_BYTE_IDENTICAL,Raw or repeated audit evidence preserved in R5 release assets,"[""R5 provenance/release assets""]",SOURCE_R5_MANIFEST_VERIFIED
reports/protocol_v1_final_audit/execution/12_cli_smoke_exit.txt,9a271f2a916b0b6ee6cecb2426f0b3206ef074578be55d9bc94f6f3fe3ab86aa,2,REPORT_OR_MACHINE_EVIDENCE,RELEASE_ASSET_ONLY,,COPIED_BYTE_IDENTICAL,Preserved in the exact R5 archive; not required in the normal working tree,"[""R5 provenance/release assets""]",SOURCE_R5_MANIFEST_VERIFIED
reports/protocol_v1_final_audit/execution/12_cli_smoke_stderr.log,e3b0c44298fc1c149afbf4c8996fb92427ae41e4649b934ca495991b7852b855,0,REPORT_OR_MACHINE_EVIDENCE,EXCLUDED_RAW_AUDIT,,COPIED_BYTE_IDENTICAL,Raw or repeated audit evidence preserved in R5 release assets,"[""R5 provenance/release assets""]",SOURCE_R5_MANIFEST_VERIFIED
reports/protocol_v1_final_audit/execution/12_cli_smoke_stdout.log,1e4d2997531ee0cc9083ad24aaab0e34f47c5882df0d918f8a1c7af415e32813,76,REPORT_OR_MACHINE_EVIDENCE,EXCLUDED_RAW_AUDIT,,COPIED_BYTE_IDENTICAL,Raw or repeated audit evidence preserved in R5 release assets,"[""R5 provenance/release assets""]",SOURCE_R5_MANIFEST_VERIFIED
reports/protocol_v1_final_audit/execution/13_cli_real_exit.txt,9a271f2a916b0b6ee6cecb2426f0b3206ef074578be55d9bc94f6f3fe3ab86aa,2,REPORT_OR_MACHINE_EVIDENCE,RELEASE_ASSET_ONLY,,COPIED_BYTE_IDENTICAL,Preserved in the exact R5 archive; not required in the normal working tree,"[""R5 provenance/release assets""]",SOURCE_R5_MANIFEST_VERIFIED
reports/protocol_v1_final_audit/execution/13_cli_real_stderr.log,e3b0c44298fc1c149afbf4c8996fb92427ae41e4649b934ca495991b7852b855,0,REPORT_OR_MACHINE_EVIDENCE,EXCLUDED_RAW_AUDIT,,COPIED_BYTE_IDENTICAL,Raw or repeated audit evidence preserved in R5 release assets,"[""R5 provenance/release assets""]",SOURCE_R5_MANIFEST_VERIFIED
reports/protocol_v1_final_audit/execution/13_cli_real_stdout.log,ff2e2cd1c0ac414b4cf940d9f4cd422feddd79e16fb7f22e1aacdbb457729943,75,REPORT_OR_MACHINE_EVIDENCE,EXCLUDED_RAW_AUDIT,,COPIED_BYTE_IDENTICAL,Raw or repeated audit evidence preserved in R5 release assets,"[""R5 provenance/release assets""]",SOURCE_R5_MANIFEST_VERIFIED
reports/protocol_v1_final_audit/execution/14_manifest_regen_exit.txt,9a271f2a916b0b6ee6cecb2426f0b3206ef074578be55d9bc94f6f3fe3ab86aa,2,REPORT_OR_MACHINE_EVIDENCE,RELEASE_ASSET_ONLY,,COPIED_BYTE_IDENTICAL,Preserved in the exact R5 archive; not required in the normal working tree,"[""R5 provenance/release assets""]",SOURCE_R5_MANIFEST_VERIFIED
reports/protocol_v1_final_audit/execution/14_manifest_regen_stderr.log,e3b0c44298fc1c149afbf4c8996fb92427ae41e4649b934ca495991b7852b855,0,REPORT_OR_MACHINE_EVIDENCE,EXCLUDED_RAW_AUDIT,,COPIED_BYTE_IDENTICAL,Raw or repeated audit evidence preserved in R5 release assets,"[""R5 provenance/release assets""]",SOURCE_R5_MANIFEST_VERIFIED
reports/protocol_v1_final_audit/execution/14_manifest_regen_stdout.log,e3b0c44298fc1c149afbf4c8996fb92427ae41e4649b934ca495991b7852b855,0,REPORT_OR_MACHINE_EVIDENCE,EXCLUDED_RAW_AUDIT,,COPIED_BYTE_IDENTICAL,Raw or repeated audit evidence preserved in R5 release assets,"[""R5 provenance/release assets""]",SOURCE_R5_MANIFEST_VERIFIED
reports/protocol_v1_final_audit/execution/15_manifest_check_stderr.log,e3b0c44298fc1c149afbf4c8996fb92427ae41e4649b934ca495991b7852b855,0,REPORT_OR_MACHINE_EVIDENCE,EXCLUDED_RAW_AUDIT,,COPIED_BYTE_IDENTICAL,Raw or repeated audit evidence preserved in R5 release assets,"[""R5 provenance/release assets""]",SOURCE_R5_MANIFEST_VERIFIED
reports/protocol_v1_final_audit/execution/15_manifest_check_stdout.log,a8758547973eb1075055ee59872455121550fe78a05ff6ef90e3a68241a064e7,312,REPORT_OR_MACHINE_EVIDENCE,EXCLUDED_RAW_AUDIT,,COPIED_BYTE_IDENTICAL,Raw or repeated audit evidence preserved in R5 release assets,"[""R5 provenance/release assets""]",SOURCE_R5_MANIFEST_VERIFIED
reports/protocol_v1_final_audit/execution/manifest_diff.json,a8758547973eb1075055ee59872455121550fe78a05ff6ef90e3a68241a064e7,312,REPORT_OR_MACHINE_EVIDENCE,RELEASE_ASSET_ONLY,,COPIED_BYTE_IDENTICAL,Preserved in the exact R5 archive; not required in the normal working tree,"[""R5 provenance/release assets""]",SOURCE_R5_MANIFEST_VERIFIED
reports/protocol_v1_final_audit/failed_evidence/pytest_round1_placeholder_false_positive.txt,5eb03e7e6a35f4699cc34b899a25a2d13610250ac972c570bec4a3648b444034,283,REPORT_OR_MACHINE_EVIDENCE,EXCLUDED_RAW_AUDIT,,COPIED_BYTE_IDENTICAL,Raw or repeated audit evidence preserved in R5 release assets,"[""R5 provenance/release assets""]",SOURCE_R5_MANIFEST_VERIFIED
reports/protocol_v1_final_audit/failed_evidence/pytest_round2_stale_readme_pointer.txt,4ff0992d6ce00b45f356387f2365f14f95b4d03ed622611106f656e214342c19,282,REPORT_OR_MACHINE_EVIDENCE,EXCLUDED_RAW_AUDIT,,COPIED_BYTE_IDENTICAL,Raw or repeated audit evidence preserved in R5 release assets,"[""R5 provenance/release assets""]",SOURCE_R5_MANIFEST_VERIFIED
requirements-lock.sha256,0e1a7bbf674bc02dd95e031357e748019beb1363fe2d33b162222ea2b9345251,88,PROJECT_METADATA_OR_OTHER,MAIN_TREE_DIRECT,requirements-lock.sha256,COPIED_BYTE_IDENTICAL,Required current reviewer-facing or runtime file,"[""main-tree reviewer/runtime""]",SOURCE_R5_MANIFEST_VERIFIED; DESTINATION_VERIFIED
requirements-lock.txt,8fab10096dc1ad278fbb0a5ea7b9034dcd4122a85b4081684f58ef0adcb5343a,662,PROJECT_METADATA_OR_OTHER,MAIN_TREE_DIRECT,requirements-lock.txt,COPIED_BYTE_IDENTICAL,Required current reviewer-facing or runtime file,"[""main-tree reviewer/runtime""]",SOURCE_R5_MANIFEST_VERIFIED; DESTINATION_VERIFIED
runs/.gitkeep,e3b0c44298fc1c149afbf4c8996fb92427ae41e4649b934ca495991b7852b855,0,PROJECT_METADATA_OR_OTHER,RELEASE_ASSET_ONLY,,COPIED_BYTE_IDENTICAL,Preserved in the exact R5 archive; not required in the normal working tree,"[""R5 provenance/release assets""]",SOURCE_R5_MANIFEST_VERIFIED
schemas/manifests/ArtifactPointerRecord.schema.json,98adfda32aa8d118640ca89fec4c5250236877a37b0ac694539dd56c76a6f9d9,829,SCHEMA,MAIN_TREE_DIRECT,schemas/manifests/ArtifactPointerRecord.schema.json,COPIED_BYTE_IDENTICAL,Required current reviewer-facing or runtime file,"[""main-tree reviewer/runtime""]",SOURCE_R5_MANIFEST_VERIFIED; DESTINATION_VERIFIED
schemas/manifests/PhaseHandoffContract.schema.json,f6ac1707561511440e0cf5c083855ef8027b5ee850852c2b4ea5d79a1d25d287,962,SCHEMA,MAIN_TREE_DIRECT,schemas/manifests/PhaseHandoffContract.schema.json,COPIED_BYTE_IDENTICAL,Required current reviewer-facing or runtime file,"[""main-tree reviewer/runtime""]",SOURCE_R5_MANIFEST_VERIFIED; DESTINATION_VERIFIED
schemas/manifests/PhaseInputContract.schema.json,741c378d934339792549bb778642cc77cf83580e1963eefd32687e2b2b3e990f,707,SCHEMA,MAIN_TREE_DIRECT,schemas/manifests/PhaseInputContract.schema.json,COPIED_BYTE_IDENTICAL,Required current reviewer-facing or runtime file,"[""main-tree reviewer/runtime""]",SOURCE_R5_MANIFEST_VERIFIED; DESTINATION_VERIFIED
schemas/manifests/PhaseOutputContract.schema.json,5858b41140d4760d591fa9289d176f13d5d6145c91553ca086f5bd7773990f3a,866,SCHEMA,MAIN_TREE_DIRECT,schemas/manifests/PhaseOutputContract.schema.json,COPIED_BYTE_IDENTICAL,Required current reviewer-facing or runtime file,"[""main-tree reviewer/runtime""]",SOURCE_R5_MANIFEST_VERIFIED; DESTINATION_VERIFIED
schemas/manifests/PhaseRunManifest.schema.json,1a0c5bf03f26f1d46303aaae378fbd87b29a593d5aae92df802199240532bf80,1074,SCHEMA,MAIN_TREE_DIRECT,schemas/manifests/PhaseRunManifest.schema.json,COPIED_BYTE_IDENTICAL,Required current reviewer-facing or runtime file,"[""main-tree reviewer/runtime""]",SOURCE_R5_MANIFEST_VERIFIED; DESTINATION_VERIFIED
schemas/manifests/ValidationEvidenceManifest.schema.json,bb02dead636d251604a5392ff7bf43fc542b4183334d7a2d1df92af7681fc263,1038,SCHEMA,MAIN_TREE_DIRECT,schemas/manifests/ValidationEvidenceManifest.schema.json,COPIED_BYTE_IDENTICAL,Required current reviewer-facing or runtime file,"[""main-tree reviewer/runtime""]",SOURCE_R5_MANIFEST_VERIFIED; DESTINATION_VERIFIED
schemas/records/ArtifactFlagRecord.schema.json,39a304222ad47394f379528109c9605923d0eb251ecebff1e40354d929e9e5c2,2575,SCHEMA,MAIN_TREE_DIRECT,schemas/records/ArtifactFlagRecord.schema.json,COPIED_BYTE_IDENTICAL,Required current reviewer-facing or runtime file,"[""main-tree reviewer/runtime""]",SOURCE_R5_MANIFEST_VERIFIED; DESTINATION_VERIFIED
schemas/records/BaselineMetricRecord.schema.json,d1f5d993ebd1a93a7d0f5271d74e010f040b44e299ab43fdc839ada76ac8cd4d,2717,SCHEMA,MAIN_TREE_DIRECT,schemas/records/BaselineMetricRecord.schema.json,COPIED_BYTE_IDENTICAL,Required current reviewer-facing or runtime file,"[""main-tree reviewer/runtime""]",SOURCE_R5_MANIFEST_VERIFIED; DESTINATION_VERIFIED
schemas/records/CalibrationDashboardMetricRecord.schema.json,e5d6f7b340ad9a5062353b7cd242bda42be530b00ff14cb7149260f4fa99048a,3066,SCHEMA,MAIN_TREE_DIRECT,schemas/records/CalibrationDashboardMetricRecord.schema.json,COPIED_BYTE_IDENTICAL,Required current reviewer-facing or runtime file,"[""main-tree reviewer/runtime""]",SOURCE_R5_MANIFEST_VERIFIED; DESTINATION_VERIFIED
schemas/records/CalibrationEligibilityTable.schema.json,79ab8f8aabffa0f55b727e92afd8cf293de7c3d1a0f4dfa91ddcda03a9fc1108,2866,SCHEMA,MAIN_TREE_DIRECT,schemas/records/CalibrationEligibilityTable.schema.json,COPIED_BYTE_IDENTICAL,Required current reviewer-facing or runtime file,"[""main-tree reviewer/runtime""]",SOURCE_R5_MANIFEST_VERIFIED; DESTINATION_VERIFIED
schemas/records/CalibrationRecord.schema.json,ca59ff6d46de0f5b93f87c1e06ed091064ef68d7552b4417ef481cacc65bef01,2815,SCHEMA,MAIN_TREE_DIRECT,schemas/records/CalibrationRecord.schema.json,COPIED_BYTE_IDENTICAL,Required current reviewer-facing or runtime file,"[""main-tree reviewer/runtime""]",SOURCE_R5_MANIFEST_VERIFIED; DESTINATION_VERIFIED
schemas/records/CardDefinition.schema.json,64b2f8ba1db1372b54a4d6d6897214c42a25c2a39c1ad2f624504077b0e260c7,2765,SCHEMA,MAIN_TREE_DIRECT,schemas/records/CardDefinition.schema.json,COPIED_BYTE_IDENTICAL,Required current reviewer-facing or runtime file,"[""main-tree reviewer/runtime""]",SOURCE_R5_MANIFEST_VERIFIED; DESTINATION_VERIFIED
schemas/records/CardRecord.schema.json,a0e6ce4adf6b3b515dfd25f9af7a4fac2e4de33fac17b5bb057181f51c1947d7,3495,SCHEMA,MAIN_TREE_DIRECT,schemas/records/CardRecord.schema.json,COPIED_BYTE_IDENTICAL,Required current reviewer-facing or runtime file,"[""main-tree reviewer/runtime""]",SOURCE_R5_MANIFEST_VERIFIED; DESTINATION_VERIFIED
schemas/records/CheckpointRecord.schema.json,34b04a8464fa0fb00b940d933cd7e4e43b89bddf007a212f4c318a633295d9fd,2599,SCHEMA,MAIN_TREE_DIRECT,schemas/records/CheckpointRecord.schema.json,COPIED_BYTE_IDENTICAL,Required current reviewer-facing or runtime file,"[""main-tree reviewer/runtime""]",SOURCE_R5_MANIFEST_VERIFIED; DESTINATION_VERIFIED
schemas/records/ClaimEvidenceManifest.schema.json,7f1730dc2519fc9b2eb98f7cea050e790158cdf86583cb366467e2ee60b0a99f,2618,SCHEMA,MAIN_TREE_DIRECT,schemas/records/ClaimEvidenceManifest.schema.json,COPIED_BYTE_IDENTICAL,Required current reviewer-facing or runtime file,"[""main-tree reviewer/runtime""]",SOURCE_R5_MANIFEST_VERIFIED; DESTINATION_VERIFIED
schemas/records/ClaimEvidenceMatrix.schema.json,f37c412c11e3adfb1beacaad94d80127b59ad1e000bf6f85faf5744f48b68de5,2694,SCHEMA,MAIN_TREE_DIRECT,schemas/records/ClaimEvidenceMatrix.schema.json,COPIED_BYTE_IDENTICAL,Required current reviewer-facing or runtime file,"[""main-tree reviewer/runtime""]",SOURCE_R5_MANIFEST_VERIFIED; DESTINATION_VERIFIED
schemas/records/ClaimStatementRecord.schema.json,82851fa9f9929b9f94e7928914ba56a4f412e46b0083506c0fa444e54c6d058e,4224,SCHEMA,MAIN_TREE_DIRECT,schemas/records/ClaimStatementRecord.schema.json,COPIED_BYTE_IDENTICAL,Required current reviewer-facing or runtime file,"[""main-tree reviewer/runtime""]",SOURCE_R5_MANIFEST_VERIFIED; DESTINATION_VERIFIED
schemas/records/CommandMappingRecord.schema.json,fa913d7c363d9a0eaf7329bbf1319ab5876d01725c44a8625cae282e5bed6106,3324,SCHEMA,MAIN_TREE_DIRECT,schemas/records/CommandMappingRecord.schema.json,COPIED_BYTE_IDENTICAL,Required current reviewer-facing or runtime file,"[""main-tree reviewer/runtime""]",SOURCE_R5_MANIFEST_VERIFIED; DESTINATION_VERIFIED
schemas/records/DashboardMetricRecord.schema.json,7f4e9bd03738e34e433759ed38af24c72c987067c06177f3296421f389520e7e,3356,SCHEMA,MAIN_TREE_DIRECT,schemas/records/DashboardMetricRecord.schema.json,COPIED_BYTE_IDENTICAL,Required current reviewer-facing or runtime file,"[""main-tree reviewer/runtime""]",SOURCE_R5_MANIFEST_VERIFIED; DESTINATION_VERIFIED
schemas/records/DashboardSourceBundle.schema.json,5b544f1171951a31435e6580efc6946d48a37f0b5fa9eb9b2cbdf9e770ec0cca,3513,SCHEMA,MAIN_TREE_DIRECT,schemas/records/DashboardSourceBundle.schema.json,COPIED_BYTE_IDENTICAL,Required current reviewer-facing or runtime file,"[""main-tree reviewer/runtime""]",SOURCE_R5_MANIFEST_VERIFIED; DESTINATION_VERIFIED
schemas/records/DashboardViewRecord.schema.json,93d919b8e02776e6ba7a33e5080953e6cae2ce165149fb4a633799919a897e12,3542,SCHEMA,MAIN_TREE_DIRECT,schemas/records/DashboardViewRecord.schema.json,COPIED_BYTE_IDENTICAL,Required current reviewer-facing or runtime file,"[""main-tree reviewer/runtime""]",SOURCE_R5_MANIFEST_VERIFIED; DESTINATION_VERIFIED
schemas/records/DatasetRecord.schema.json,6e2430a98f553e100ec6d4a96550490b991f5b155e6df022ba250a333c0af80f,2912,SCHEMA,MAIN_TREE_DIRECT,schemas/records/DatasetRecord.schema.json,COPIED_BYTE_IDENTICAL,Required current reviewer-facing or runtime file,"[""main-tree reviewer/runtime""]",SOURCE_R5_MANIFEST_VERIFIED; DESTINATION_VERIFIED
schemas/records/DecoderProfileRecord.schema.json,ea25aee9e679bd27f46128f849233b0bc8689eb5a7b479b4415ad3beb932bfd3,2851,SCHEMA,MAIN_TREE_DIRECT,schemas/records/DecoderProfileRecord.schema.json,COPIED_BYTE_IDENTICAL,Required current reviewer-facing or runtime file,"[""main-tree reviewer/runtime""]",SOURCE_R5_MANIFEST_VERIFIED; DESTINATION_VERIFIED
schemas/records/DeferralRecord.schema.json,56d7854557e35979621a4fa4d8f1d9473eebc9e64f6acabc2edc73597785342e,4153,SCHEMA,MAIN_TREE_DIRECT,schemas/records/DeferralRecord.schema.json,COPIED_BYTE_IDENTICAL,Required current reviewer-facing or runtime file,"[""main-tree reviewer/runtime""]",SOURCE_R5_MANIFEST_VERIFIED; DESTINATION_VERIFIED
schemas/records/DiagnosticStatusRecord.schema.json,b2d50be929d13006c6161431e5673d5dc4146b99389b815435140934c3a50a69,2699,SCHEMA,MAIN_TREE_DIRECT,schemas/records/DiagnosticStatusRecord.schema.json,COPIED_BYTE_IDENTICAL,Required current reviewer-facing or runtime file,"[""main-tree reviewer/runtime""]",SOURCE_R5_MANIFEST_VERIFIED; DESTINATION_VERIFIED
schemas/records/EmbodimentConfigRecord.schema.json,020b86aef5965f2ef36e6b928970f36051e2d5a9cbab61ed182801343494eb08,3298,SCHEMA,MAIN_TREE_DIRECT,schemas/records/EmbodimentConfigRecord.schema.json,COPIED_BYTE_IDENTICAL,Required current reviewer-facing or runtime file,"[""main-tree reviewer/runtime""]",SOURCE_R5_MANIFEST_VERIFIED; DESTINATION_VERIFIED
schemas/records/EmbodimentOutcomeRecord.schema.json,b9d55a1060ae0157a60590514d132aa98d610731e7fa02b52185b61651bbb94a,3523,SCHEMA,MAIN_TREE_DIRECT,schemas/records/EmbodimentOutcomeRecord.schema.json,COPIED_BYTE_IDENTICAL,Required current reviewer-facing or runtime file,"[""main-tree reviewer/runtime""]",SOURCE_R5_MANIFEST_VERIFIED; DESTINATION_VERIFIED
schemas/records/EmbodimentStateRecord.schema.json,6de0a9e29c8fa3440591bd305121c774ae9140aae7ea1bb9cab1e5c0faa06add,3539,SCHEMA,MAIN_TREE_DIRECT,schemas/records/EmbodimentStateRecord.schema.json,COPIED_BYTE_IDENTICAL,Required current reviewer-facing or runtime file,"[""main-tree reviewer/runtime""]",SOURCE_R5_MANIFEST_VERIFIED; DESTINATION_VERIFIED
schemas/records/EnsembleControlRecord.schema.json,85dd7b9ce4a444d82b9ce121da444608db6de2e60780f53efb248f0aeef2337b,2601,SCHEMA,MAIN_TREE_DIRECT,schemas/records/EnsembleControlRecord.schema.json,COPIED_BYTE_IDENTICAL,Required current reviewer-facing or runtime file,"[""main-tree reviewer/runtime""]",SOURCE_R5_MANIFEST_VERIFIED; DESTINATION_VERIFIED
schemas/records/EpisodeRecord.schema.json,ba2a1b9c2a69ef516e39888a163557c6bd93e3dec5811976fe8b70e069612f75,4371,SCHEMA,MAIN_TREE_DIRECT,schemas/records/EpisodeRecord.schema.json,COPIED_BYTE_IDENTICAL,Required current reviewer-facing or runtime file,"[""main-tree reviewer/runtime""]",SOURCE_R5_MANIFEST_VERIFIED; DESTINATION_VERIFIED
schemas/records/EvidenceQualityRecord.schema.json,6259af119e9cdfe9936dd7262baccab414a39c1c5a9e6fc495f970391ef65835,5441,SCHEMA,MAIN_TREE_DIRECT,schemas/records/EvidenceQualityRecord.schema.json,COPIED_BYTE_IDENTICAL,Required current reviewer-facing or runtime file,"[""main-tree reviewer/runtime""]",SOURCE_R5_MANIFEST_VERIFIED; DESTINATION_VERIFIED
schemas/records/EvidenceRequestRecord.schema.json,1e6e4345313cd4a1f3685623dde016a7bab4089fc3970cbd2a5048ae07ed3cf7,4745,SCHEMA,MAIN_TREE_DIRECT,schemas/records/EvidenceRequestRecord.schema.json,COPIED_BYTE_IDENTICAL,Required current reviewer-facing or runtime file,"[""main-tree reviewer/runtime""]",SOURCE_R5_MANIFEST_VERIFIED; DESTINATION_VERIFIED
schemas/records/ExportRecord.schema.json,a0d7e1c2cec4cd6c71d27df37bfaf0aaa739dfb5a5cb29497003258873ec99d0,3311,SCHEMA,MAIN_TREE_DIRECT,schemas/records/ExportRecord.schema.json,COPIED_BYTE_IDENTICAL,Required current reviewer-facing or runtime file,"[""main-tree reviewer/runtime""]",SOURCE_R5_MANIFEST_VERIFIED; DESTINATION_VERIFIED
schemas/records/FailureCaseIndex.schema.json,a81e4ace6fd3e93fbaff896c738dd71b050195671c46a3a41121187c641a6359,2836,SCHEMA,MAIN_TREE_DIRECT,schemas/records/FailureCaseIndex.schema.json,COPIED_BYTE_IDENTICAL,Required current reviewer-facing or runtime file,"[""main-tree reviewer/runtime""]",SOURCE_R5_MANIFEST_VERIFIED; DESTINATION_VERIFIED
schemas/records/FigureSourceRecord.schema.json,1f41fd4f7d2573c6cce5b94e3f724f1c82cb52a09d454825085f8de6d0b0bdad,3270,SCHEMA,MAIN_TREE_DIRECT,schemas/records/FigureSourceRecord.schema.json,COPIED_BYTE_IDENTICAL,Required current reviewer-facing or runtime file,"[""main-tree reviewer/runtime""]",SOURCE_R5_MANIFEST_VERIFIED; DESTINATION_VERIFIED
schemas/records/HighConfidenceWrongTable.schema.json,c96ecc35e8ae9ac2d090a79c0c9a32d1ecd4093ffc796d88873449012ddf0e0e,2944,SCHEMA,MAIN_TREE_DIRECT,schemas/records/HighConfidenceWrongTable.schema.json,COPIED_BYTE_IDENTICAL,Required current reviewer-facing or runtime file,"[""main-tree reviewer/runtime""]",SOURCE_R5_MANIFEST_VERIFIED; DESTINATION_VERIFIED
schemas/records/IHARQDecisionRecord.schema.json,f3eba9c6083eda29f391aac41c96257035830228eb2b991f0c80035fff53ae01,5711,SCHEMA,MAIN_TREE_DIRECT,schemas/records/IHARQDecisionRecord.schema.json,COPIED_BYTE_IDENTICAL,Required current reviewer-facing or runtime file,"[""main-tree reviewer/runtime""]",SOURCE_R5_MANIFEST_VERIFIED; DESTINATION_VERIFIED
schemas/records/LabelMapRecord.schema.json,529db1d7842f0f8958142b120b4034cdeca247c2d3f34beeb498ab0606f44156,2469,SCHEMA,MAIN_TREE_DIRECT,schemas/records/LabelMapRecord.schema.json,COPIED_BYTE_IDENTICAL,Required current reviewer-facing or runtime file,"[""main-tree reviewer/runtime""]",SOURCE_R5_MANIFEST_VERIFIED; DESTINATION_VERIFIED
schemas/records/Layer0DispositionRecord.schema.json,c0916a6ed89f4bf0f79f3289fed46f9708525dc157d877fea703963721fbcb56,3788,SCHEMA,MAIN_TREE_DIRECT,schemas/records/Layer0DispositionRecord.schema.json,COPIED_BYTE_IDENTICAL,Required current reviewer-facing or runtime file,"[""main-tree reviewer/runtime""]",SOURCE_R5_MANIFEST_VERIFIED; DESTINATION_VERIFIED
schemas/records/Layer1Manifest.schema.json,b4ed02ac80668e9bb05caa30f77ebb8a0b8f3684d71c5644ad470618b3dfa9be,2472,SCHEMA,MAIN_TREE_DIRECT,schemas/records/Layer1Manifest.schema.json,COPIED_BYTE_IDENTICAL,Required current reviewer-facing or runtime file,"[""main-tree reviewer/runtime""]",SOURCE_R5_MANIFEST_VERIFIED; DESTINATION_VERIFIED
schemas/records/Layer2ReadinessReport.schema.json,2d4a4413db1196a3ef53b196706377bd5eb208c44e1fe3cb4637b84781bcd4ff,2964,SCHEMA,MAIN_TREE_DIRECT,schemas/records/Layer2ReadinessReport.schema.json,COPIED_BYTE_IDENTICAL,Required current reviewer-facing or runtime file,"[""main-tree reviewer/runtime""]",SOURCE_R5_MANIFEST_VERIFIED; DESTINATION_VERIFIED
schemas/records/Layer3MatchedOperatingPointTable.schema.json,3cd39a1fad26a094a349140646f37521d2ac800a98b60823e1f44792682b4021,3119,SCHEMA,MAIN_TREE_DIRECT,schemas/records/Layer3MatchedOperatingPointTable.schema.json,COPIED_BYTE_IDENTICAL,Required current reviewer-facing or runtime file,"[""main-tree reviewer/runtime""]",SOURCE_R5_MANIFEST_VERIFIED; DESTINATION_VERIFIED
schemas/records/Layer9EmbodimentDemoManifest.schema.json,a21dc0e2621f92fbf0c7dba70812b3d642b8603dc21f3e4dd36d6abeb15a6282,3746,SCHEMA,MAIN_TREE_DIRECT,schemas/records/Layer9EmbodimentDemoManifest.schema.json,COPIED_BYTE_IDENTICAL,Required current reviewer-facing or runtime file,"[""main-tree reviewer/runtime""]",SOURCE_R5_MANIFEST_VERIFIED; DESTINATION_VERIFIED
schemas/records/Layer9RewardTrace.schema.json,f714bfd7fdef47ced007ac89dcab39d596168ce3457cd837a9e1623307a2a4c6,2916,SCHEMA,MAIN_TREE_DIRECT,schemas/records/Layer9RewardTrace.schema.json,COPIED_BYTE_IDENTICAL,Required current reviewer-facing or runtime file,"[""main-tree reviewer/runtime""]",SOURCE_R5_MANIFEST_VERIFIED; DESTINATION_VERIFIED
schemas/records/LeakageWarningRecord.schema.json,4e28601d1b5395eeb2f6c472cb109e0534113b9a8bc097ffda94ee213dc5e968,2939,SCHEMA,MAIN_TREE_DIRECT,schemas/records/LeakageWarningRecord.schema.json,COPIED_BYTE_IDENTICAL,Required current reviewer-facing or runtime file,"[""main-tree reviewer/runtime""]",SOURCE_R5_MANIFEST_VERIFIED; DESTINATION_VERIFIED
schemas/records/MatchedComparisonReport.schema.json,1ed801d978a154a1dd5218aeaf5ef472d985fecc2bf352c16095e6a3d9f729b8,2795,SCHEMA,MAIN_TREE_DIRECT,schemas/records/MatchedComparisonReport.schema.json,COPIED_BYTE_IDENTICAL,Required current reviewer-facing or runtime file,"[""main-tree reviewer/runtime""]",SOURCE_R5_MANIFEST_VERIFIED; DESTINATION_VERIFIED
schemas/records/MatchedStressPairRecord.schema.json,87302054a7ecd4efc1468c834916aaf7d547657d295fd332f62ed03a2a58d40d,3343,SCHEMA,MAIN_TREE_DIRECT,schemas/records/MatchedStressPairRecord.schema.json,COPIED_BYTE_IDENTICAL,Required current reviewer-facing or runtime file,"[""main-tree reviewer/runtime""]",SOURCE_R5_MANIFEST_VERIFIED; DESTINATION_VERIFIED
schemas/records/MetricDictionary.schema.json,e16267d423233b61eee71063e317bc7a1ba3c7e82d79899ccddf2c934cd02f35,2735,SCHEMA,MAIN_TREE_DIRECT,schemas/records/MetricDictionary.schema.json,COPIED_BYTE_IDENTICAL,Required current reviewer-facing or runtime file,"[""main-tree reviewer/runtime""]",SOURCE_R5_MANIFEST_VERIFIED; DESTINATION_VERIFIED
schemas/records/MetricDictionaryEntry.schema.json,d7b7b76bdcb3320d5bbdd0eacaed6eb46c81b15c900190b071daa61fb3157dbe,3229,SCHEMA,MAIN_TREE_DIRECT,schemas/records/MetricDictionaryEntry.schema.json,COPIED_BYTE_IDENTICAL,Required current reviewer-facing or runtime file,"[""main-tree reviewer/runtime""]",SOURCE_R5_MANIFEST_VERIFIED; DESTINATION_VERIFIED
schemas/records/ModelRegistryRecord.schema.json,b0cdbf310241f33363ae3c56b56a486cb9dd65c15549377ceb1bc7d2cae6b6c3,2568,SCHEMA,MAIN_TREE_DIRECT,schemas/records/ModelRegistryRecord.schema.json,COPIED_BYTE_IDENTICAL,Required current reviewer-facing or runtime file,"[""main-tree reviewer/runtime""]",SOURCE_R5_MANIFEST_VERIFIED; DESTINATION_VERIFIED
schemas/records/NegativeResultNote.schema.json,c2bdb3767f7b60d2ba9eef477f16b16bf7f53d0bfc0319f8cdb88184188c0712,2694,SCHEMA,MAIN_TREE_DIRECT,schemas/records/NegativeResultNote.schema.json,COPIED_BYTE_IDENTICAL,Required current reviewer-facing or runtime file,"[""main-tree reviewer/runtime""]",SOURCE_R5_MANIFEST_VERIFIED; DESTINATION_VERIFIED
schemas/records/PhaseHandoffRecord.schema.json,111c24f07de45441b5bee348280159d28debb5157c1b73b6d5f38a576bdd6dd9,2796,SCHEMA,MAIN_TREE_DIRECT,schemas/records/PhaseHandoffRecord.schema.json,COPIED_BYTE_IDENTICAL,Required current reviewer-facing or runtime file,"[""main-tree reviewer/runtime""]",SOURCE_R5_MANIFEST_VERIFIED; DESTINATION_VERIFIED
schemas/records/PolicyActionRecord.schema.json,1c7e2330209a8ff3fa42d199b0faa151d8cda1a7bcfe0fad89f56d847fc8039d,4718,SCHEMA,MAIN_TREE_DIRECT,schemas/records/PolicyActionRecord.schema.json,COPIED_BYTE_IDENTICAL,Required current reviewer-facing or runtime file,"[""main-tree reviewer/runtime""]",SOURCE_R5_MANIFEST_VERIFIED; DESTINATION_VERIFIED
schemas/records/PolicyRecord.schema.json,cd452eac268e9b9e3c41c0a3411cd2c0c17971b4b189f1f47aaebf921220b0ce,4117,SCHEMA,MAIN_TREE_DIRECT,schemas/records/PolicyRecord.schema.json,COPIED_BYTE_IDENTICAL,Required current reviewer-facing or runtime file,"[""main-tree reviewer/runtime""]",SOURCE_R5_MANIFEST_VERIFIED; DESTINATION_VERIFIED
schemas/records/PolicyUpdateTrace.schema.json,318cba63976d560d195eb4f60065a51cbe96f448815c7082f888d2bcf26cd379,4822,SCHEMA,MAIN_TREE_DIRECT,schemas/records/PolicyUpdateTrace.schema.json,COPIED_BYTE_IDENTICAL,Required current reviewer-facing or runtime file,"[""main-tree reviewer/runtime""]",SOURCE_R5_MANIFEST_VERIFIED; DESTINATION_VERIFIED
schemas/records/PredictionRecord.schema.json,7701e2d788e4007d7934bb8c4598da1b261ec53c5ef3496b756e17db92d1088a,3023,SCHEMA,MAIN_TREE_DIRECT,schemas/records/PredictionRecord.schema.json,COPIED_BYTE_IDENTICAL,Required current reviewer-facing or runtime file,"[""main-tree reviewer/runtime""]",SOURCE_R5_MANIFEST_VERIFIED; DESTINATION_VERIFIED
schemas/records/PreprocessingRecord.schema.json,e937bbeb1f42bd574f5ebe3c5473aae9141af6a12f05cad4f8eceb27cfb1a3a9,2568,SCHEMA,MAIN_TREE_DIRECT,schemas/records/PreprocessingRecord.schema.json,COPIED_BYTE_IDENTICAL,Required current reviewer-facing or runtime file,"[""main-tree reviewer/runtime""]",SOURCE_R5_MANIFEST_VERIFIED; DESTINATION_VERIFIED
schemas/records/ReadinessContextRecord.schema.json,dfd66b34ddba475a135a9d1b98ec23b056f7a9f23789cf23509bb3e3ed0bac7d,5371,SCHEMA,MAIN_TREE_DIRECT,schemas/records/ReadinessContextRecord.schema.json,COPIED_BYTE_IDENTICAL,Required current reviewer-facing or runtime file,"[""main-tree reviewer/runtime""]",SOURCE_R5_MANIFEST_VERIFIED; DESTINATION_VERIFIED
schemas/records/RegimeStateRecord.schema.json,75a02bd6b3d713dd15fff679922d77026920a078f48c59cafffcfda1387f5a7b,4933,SCHEMA,MAIN_TREE_DIRECT,schemas/records/RegimeStateRecord.schema.json,COPIED_BYTE_IDENTICAL,Required current reviewer-facing or runtime file,"[""main-tree reviewer/runtime""]",SOURCE_R5_MANIFEST_VERIFIED; DESTINATION_VERIFIED
schemas/records/ReliabilityAuditReport.schema.json,d833c9507f906250c6f650facad862c42023f58b45fd6d02735e9dc8c92ffef1,3026,SCHEMA,MAIN_TREE_DIRECT,schemas/records/ReliabilityAuditReport.schema.json,COPIED_BYTE_IDENTICAL,Required current reviewer-facing or runtime file,"[""main-tree reviewer/runtime""]",SOURCE_R5_MANIFEST_VERIFIED; DESTINATION_VERIFIED
schemas/records/ReproducibilityManifest.schema.json,48321c8b29909cd3c431f3ce797533b24e2029d7c4f252d65703eaa1c8506927,3689,SCHEMA,MAIN_TREE_DIRECT,schemas/records/ReproducibilityManifest.schema.json,COPIED_BYTE_IDENTICAL,Required current reviewer-facing or runtime file,"[""main-tree reviewer/runtime""]",SOURCE_R5_MANIFEST_VERIFIED; DESTINATION_VERIFIED
schemas/records/ReproductionManifest.schema.json,db320dc6496f4e624108f5965192eeb77ef02849cf73677fe25ba476a70a0a6c,3014,SCHEMA,MAIN_TREE_DIRECT,schemas/records/ReproductionManifest.schema.json,COPIED_BYTE_IDENTICAL,Required current reviewer-facing or runtime file,"[""main-tree reviewer/runtime""]",SOURCE_R5_MANIFEST_VERIFIED; DESTINATION_VERIFIED
schemas/records/RolloutRecord.schema.json,51ebab450c77c8c1226659d757c2d711b494a3f2fd39e262788450382f67d22f,4958,SCHEMA,MAIN_TREE_DIRECT,schemas/records/RolloutRecord.schema.json,COPIED_BYTE_IDENTICAL,Required current reviewer-facing or runtime file,"[""main-tree reviewer/runtime""]",SOURCE_R5_MANIFEST_VERIFIED; DESTINATION_VERIFIED
schemas/records/SafetyEventRecord.schema.json,60da7b040d8af3f10210523293c9d65a03a73ca3f1225dd1f672b4da7f8a1410,3242,SCHEMA,MAIN_TREE_DIRECT,schemas/records/SafetyEventRecord.schema.json,COPIED_BYTE_IDENTICAL,Required current reviewer-facing or runtime file,"[""main-tree reviewer/runtime""]",SOURCE_R5_MANIFEST_VERIFIED; DESTINATION_VERIFIED
schemas/records/SelectivePredictionRecord.schema.json,74366c8626a5a8ef602087ab654d184fd8986ed72b2e5ecf7c1b46d976cd7dfd,2704,SCHEMA,MAIN_TREE_DIRECT,schemas/records/SelectivePredictionRecord.schema.json,COPIED_BYTE_IDENTICAL,Required current reviewer-facing or runtime file,"[""main-tree reviewer/runtime""]",SOURCE_R5_MANIFEST_VERIFIED; DESTINATION_VERIFIED
schemas/records/SessionRecord.schema.json,a2b465c429351367c53484ac873c313fd624521d86882f001d4edbb2d0a1fdd9,2578,SCHEMA,MAIN_TREE_DIRECT,schemas/records/SessionRecord.schema.json,COPIED_BYTE_IDENTICAL,Required current reviewer-facing or runtime file,"[""main-tree reviewer/runtime""]",SOURCE_R5_MANIFEST_VERIFIED; DESTINATION_VERIFIED
schemas/records/SplitIntegrityReport.schema.json,2e91c9bdfd56e72a365bfd044edb3b5b0b94475ec34402bfd0c82568c89136b6,2929,SCHEMA,MAIN_TREE_DIRECT,schemas/records/SplitIntegrityReport.schema.json,COPIED_BYTE_IDENTICAL,Required current reviewer-facing or runtime file,"[""main-tree reviewer/runtime""]",SOURCE_R5_MANIFEST_VERIFIED; DESTINATION_VERIFIED
schemas/records/SplitRecord.schema.json,fcd1275eaebf1af100e6213764aa4611f484ae7b2e73b4a9acb50c5ceeb5f7da,2625,SCHEMA,MAIN_TREE_DIRECT,schemas/records/SplitRecord.schema.json,COPIED_BYTE_IDENTICAL,Required current reviewer-facing or runtime file,"[""main-tree reviewer/runtime""]",SOURCE_R5_MANIFEST_VERIFIED; DESTINATION_VERIFIED
schemas/records/StateRecord.schema.json,26ca7cc17219d4c8791bc1f10904997aab2b86e3fde8f6d2fc501a60c5b18a25,3963,SCHEMA,MAIN_TREE_DIRECT,schemas/records/StateRecord.schema.json,COPIED_BYTE_IDENTICAL,Required current reviewer-facing or runtime file,"[""main-tree reviewer/runtime""]",SOURCE_R5_MANIFEST_VERIFIED; DESTINATION_VERIFIED
schemas/records/StressApplicationRecord.schema.json,d6936e9fa8f540057cab24e31e5d563d523e2569ae78dc21a0415b1fefee5117,3614,SCHEMA,MAIN_TREE_DIRECT,schemas/records/StressApplicationRecord.schema.json,COPIED_BYTE_IDENTICAL,Required current reviewer-facing or runtime file,"[""main-tree reviewer/runtime""]",SOURCE_R5_MANIFEST_VERIFIED; DESTINATION_VERIFIED
schemas/records/StressProfileRecord.schema.json,688d097807d23ba65d9307f96d4e9cff174794d9f9705411c9d16afd558e7af8,3681,SCHEMA,MAIN_TREE_DIRECT,schemas/records/StressProfileRecord.schema.json,COPIED_BYTE_IDENTICAL,Required current reviewer-facing or runtime file,"[""main-tree reviewer/runtime""]",SOURCE_R5_MANIFEST_VERIFIED; DESTINATION_VERIFIED
schemas/records/StressScheduleRecord.schema.json,3d016804c4c4fdc8356c8b5691d7f0a5fafcdce9f15257c4c40f52d5cfe030ac,3673,SCHEMA,MAIN_TREE_DIRECT,schemas/records/StressScheduleRecord.schema.json,COPIED_BYTE_IDENTICAL,Required current reviewer-facing or runtime file,"[""main-tree reviewer/runtime""]",SOURCE_R5_MANIFEST_VERIFIED; DESTINATION_VERIFIED
schemas/records/StressedDerivativeRecord.schema.json,2c5b8547691fcef05e5bc7e315d211600189c5663f9398de7824c12a9a6e0b0e,3175,SCHEMA,MAIN_TREE_DIRECT,schemas/records/StressedDerivativeRecord.schema.json,COPIED_BYTE_IDENTICAL,Required current reviewer-facing or runtime file,"[""main-tree reviewer/runtime""]",SOURCE_R5_MANIFEST_VERIFIED; DESTINATION_VERIFIED
schemas/records/SubjectRecord.schema.json,f67834f674c9dbf07d0c1dcf0b062766dc9849a60d0b59ff742f9fc5c19b8d29,2498,SCHEMA,MAIN_TREE_DIRECT,schemas/records/SubjectRecord.schema.json,COPIED_BYTE_IDENTICAL,Required current reviewer-facing or runtime file,"[""main-tree reviewer/runtime""]",SOURCE_R5_MANIFEST_VERIFIED; DESTINATION_VERIFIED
schemas/records/TableSourceRecord.schema.json,43e07c969af0bbb114ac971b53f6759d8b945ef7a8600117c6ee78bab3d31d5b,3326,SCHEMA,MAIN_TREE_DIRECT,schemas/records/TableSourceRecord.schema.json,COPIED_BYTE_IDENTICAL,Required current reviewer-facing or runtime file,"[""main-tree reviewer/runtime""]",SOURCE_R5_MANIFEST_VERIFIED; DESTINATION_VERIFIED
schemas/records/TemporalTrustRecord.schema.json,69ff03ced81c2300de46f2dad937059c79f56de909857c3810d85c1347e23c45,4652,SCHEMA,MAIN_TREE_DIRECT,schemas/records/TemporalTrustRecord.schema.json,COPIED_BYTE_IDENTICAL,Required current reviewer-facing or runtime file,"[""main-tree reviewer/runtime""]",SOURCE_R5_MANIFEST_VERIFIED; DESTINATION_VERIFIED
schemas/records/ThresholdRegistryRecord.schema.json,efa4b9af4422724c135620603d07dfcca9c361f1bff3faf547e3b7da2640480e,2950,SCHEMA,MAIN_TREE_DIRECT,schemas/records/ThresholdRegistryRecord.schema.json,COPIED_BYTE_IDENTICAL,Required current reviewer-facing or runtime file,"[""main-tree reviewer/runtime""]",SOURCE_R5_MANIFEST_VERIFIED; DESTINATION_VERIFIED
schemas/records/TransitionRecord.schema.json,2d113b873b0ceb29ec4fff6747e2c4f5cd7f234d0e8d8f9c89494e7c2b7404b4,5274,SCHEMA,MAIN_TREE_DIRECT,schemas/records/TransitionRecord.schema.json,COPIED_BYTE_IDENTICAL,Required current reviewer-facing or runtime file,"[""main-tree reviewer/runtime""]",SOURCE_R5_MANIFEST_VERIFIED; DESTINATION_VERIFIED
schemas/records/TrialRecord.schema.json,2b6e31099c6faecf43ae64e05aa90bbadcef11a1446be6a40ba1e98f359919ae,2545,SCHEMA,MAIN_TREE_DIRECT,schemas/records/TrialRecord.schema.json,COPIED_BYTE_IDENTICAL,Required current reviewer-facing or runtime file,"[""main-tree reviewer/runtime""]",SOURCE_R5_MANIFEST_VERIFIED; DESTINATION_VERIFIED
schemas/records/UncertaintyRecord.schema.json,a2602d58b20190bc66f1b2dc52b098040f2a0bde739e2ac488c8a49c9ca87b51,2712,SCHEMA,MAIN_TREE_DIRECT,schemas/records/UncertaintyRecord.schema.json,COPIED_BYTE_IDENTICAL,Required current reviewer-facing or runtime file,"[""main-tree reviewer/runtime""]",SOURCE_R5_MANIFEST_VERIFIED; DESTINATION_VERIFIED
schemas/records/ValidatedSourceInventory.schema.json,6df60177378707d85b07886f50b20a1d6430e115a0c808874dce9d586944984a,3262,SCHEMA,MAIN_TREE_DIRECT,schemas/records/ValidatedSourceInventory.schema.json,COPIED_BYTE_IDENTICAL,Required current reviewer-facing or runtime file,"[""main-tree reviewer/runtime""]",SOURCE_R5_MANIFEST_VERIFIED; DESTINATION_VERIFIED
schemas/records/ValidationReport.schema.json,d1b38a5e328029c77e19243b9075176cbd501b623c692f631745d583fec76fbe,2571,SCHEMA,MAIN_TREE_DIRECT,schemas/records/ValidationReport.schema.json,COPIED_BYTE_IDENTICAL,Required current reviewer-facing or runtime file,"[""main-tree reviewer/runtime""]",SOURCE_R5_MANIFEST_VERIFIED; DESTINATION_VERIFIED
schemas/records/ViewDefinition.schema.json,290f73d9f5cb0cbfe958d624d047720d947c1e32d417c9599c4a355aa2e3ec08,2799,SCHEMA,MAIN_TREE_DIRECT,schemas/records/ViewDefinition.schema.json,COPIED_BYTE_IDENTICAL,Required current reviewer-facing or runtime file,"[""main-tree reviewer/runtime""]",SOURCE_R5_MANIFEST_VERIFIED; DESTINATION_VERIFIED
schemas/records/WarningRecord.schema.json,4e8c0084e05c519d87b2ac59bc95317260b755ed7672768887bd3b7aa3c48d70,4814,SCHEMA,MAIN_TREE_DIRECT,schemas/records/WarningRecord.schema.json,COPIED_BYTE_IDENTICAL,Required current reviewer-facing or runtime file,"[""main-tree reviewer/runtime""]",SOURCE_R5_MANIFEST_VERIFIED; DESTINATION_VERIFIED
schemas/records/WindowRecord.schema.json,5384b46f886d9532a19a21ef7ffc345f5707123db7f599ebc4387cc062f89279,2629,SCHEMA,MAIN_TREE_DIRECT,schemas/records/WindowRecord.schema.json,COPIED_BYTE_IDENTICAL,Required current reviewer-facing or runtime file,"[""main-tree reviewer/runtime""]",SOURCE_R5_MANIFEST_VERIFIED; DESTINATION_VERIFIED
scripts/__init__.py,11b6ec72fd900e5ee9f660eb613f5b82c9714713f2850ffe44ca657f091a312c,42,SCRIPT,RELEASE_ASSET_ONLY,,COPIED_BYTE_IDENTICAL,Preserved in the exact R5 archive; not required in the normal working tree,"[""R5 provenance/release assets""]",SOURCE_R5_MANIFEST_VERIFIED
scripts/build_local_package.py,444c038a3b9eae214ab010f2a51aed2e501d766b3af8d6fd1aa70937e22f5949,938,SCRIPT,MAIN_TREE_DIRECT,scripts/build_local_package.py,REGENERATED_PRESENTATION_SURFACE,Required current reviewer-facing or runtime file,"[""main-tree reviewer/runtime""]",SOURCE_R5_MANIFEST_VERIFIED; DESTINATION_VERIFIED
scripts/build_phase0_analysis_release.py,f469942b6561ecc009e5da6f99cef3e0a2618b1be2ca314f506c3f52d254f8de,51147,SCRIPT,RELEASE_ASSET_ONLY,,COPIED_BYTE_IDENTICAL,Preserved in the exact R5 archive; not required in the normal working tree,"[""R5 provenance/release assets""]",SOURCE_R5_MANIFEST_VERIFIED
scripts/build_source_traceability.py,e8cabc7f7ef94491ca3a93cb54314f928d160ef133c153e8fa1ef9549ebd7962,131,SCRIPT,RELEASE_ASSET_ONLY,,COPIED_BYTE_IDENTICAL,Preserved in the exact R5 archive; not required in the normal working tree,"[""R5 provenance/release assets""]",SOURCE_R5_MANIFEST_VERIFIED
scripts/capture_runtime_environment.py,7a80384db8ba9dac10575286adc2c0d619ae503bd3dd3fce5b500ea71f961e45,1654,SCRIPT,RELEASE_ASSET_ONLY,,COPIED_BYTE_IDENTICAL,Preserved in the exact R5 archive; not required in the normal working tree,"[""R5 provenance/release assets""]",SOURCE_R5_MANIFEST_VERIFIED
scripts/reconcile_repository_manifest.py,ef84f209efa9290673dfcd89e806540e84b46de5986af380060df75098c18536,3357,SCRIPT,RELEASE_ASSET_ONLY,,COPIED_BYTE_IDENTICAL,Preserved in the exact R5 archive; not required in the normal working tree,"[""R5 provenance/release assets""]",SOURCE_R5_MANIFEST_VERIFIED
scripts/run_local_ci.py,c714a9bc1d9dd486479444bd701b3e88028b1f9cbc54d7808f5f3b5bfaa8f35e,4626,SCRIPT,RELEASE_ASSET_ONLY,,COPIED_BYTE_IDENTICAL,Preserved in the exact R5 archive; not required in the normal working tree,"[""R5 provenance/release assets""]",SOURCE_R5_MANIFEST_VERIFIED
scripts/run_local_ci_steps.sh,63a825fcc8dc5fd1797d33ab7c3e9c484ee8a15dda95588ec14af043497f2def,509,SCRIPT,RELEASE_ASSET_ONLY,,COPIED_BYTE_IDENTICAL,Preserved in the exact R5 archive; not required in the normal working tree,"[""R5 provenance/release assets""]",SOURCE_R5_MANIFEST_VERIFIED
scripts/run_local_first_finalization_audit.py,9a3484e2045de97f451a4601e5afdea5c8d583046b1ac89450bccc6b9015052e,3181,SCRIPT,RELEASE_ASSET_ONLY,,COPIED_BYTE_IDENTICAL,Preserved in the exact R5 archive; not required in the normal working tree,"[""R5 provenance/release assets""]",SOURCE_R5_MANIFEST_VERIFIED
scripts/run_local_reproduction.py,d2105645e68db4a12160aa1503f25e34c8200a192f63c0d4e85623553b74728f,4157,SCRIPT,RELEASE_ASSET_ONLY,,COPIED_BYTE_IDENTICAL,Preserved in the exact R5 archive; not required in the normal working tree,"[""R5 provenance/release assets""]",SOURCE_R5_MANIFEST_VERIFIED
scripts/run_official_layer_audit_1.py,1ed6c8c9049d89e05b100eeeb7fb8b98b07d64a29247adc53cbdcc6f79944c29,2254,SCRIPT,RELEASE_ASSET_ONLY,,COPIED_BYTE_IDENTICAL,Preserved in the exact R5 archive; not required in the normal working tree,"[""R5 provenance/release assets""]",SOURCE_R5_MANIFEST_VERIFIED
scripts/run_official_layer_audit_2.py,c9797afdf3af88c8a4a4dd4860695afa7848895bdf2c80b93172d9c1ca4413ba,2879,SCRIPT,RELEASE_ASSET_ONLY,,COPIED_BYTE_IDENTICAL,Preserved in the exact R5 archive; not required in the normal working tree,"[""R5 provenance/release assets""]",SOURCE_R5_MANIFEST_VERIFIED
scripts/run_official_layer_audit_3.py,40bee11545ecaa4bce20e5688ab79a69fc64b9227057bc631a1a91bcddd9820e,3489,SCRIPT,RELEASE_ASSET_ONLY,,COPIED_BYTE_IDENTICAL,Preserved in the exact R5 archive; not required in the normal working tree,"[""R5 provenance/release assets""]",SOURCE_R5_MANIFEST_VERIFIED
scripts/run_phase0_analysis_final_audit.py,9d33be0a2f891e6e3b99abe1b349247217a5ed3b52552745b2ee088b46334ba0,3286,SCRIPT,RELEASE_ASSET_ONLY,,COPIED_BYTE_IDENTICAL,Preserved in the exact R5 archive; not required in the normal working tree,"[""R5 provenance/release assets""]",SOURCE_R5_MANIFEST_VERIFIED
scripts/run_phase0_analysis_validation.py,a9c75deb748cd9125ee804821da0efb1ca30d70758b52c48a2dfb0d02a46614d,3702,SCRIPT,RELEASE_ASSET_ONLY,,COPIED_BYTE_IDENTICAL,Preserved in the exact R5 archive; not required in the normal working tree,"[""R5 provenance/release assets""]",SOURCE_R5_MANIFEST_VERIFIED
scripts/run_phase0_conformance.py,9de3d20f48ab4c14dc8a9e6b7c669e96b55fdd7a83de32b56a6e3db1f6916d3a,2729,SCRIPT,RELEASE_ASSET_ONLY,,COPIED_BYTE_IDENTICAL,Preserved in the exact R5 archive; not required in the normal working tree,"[""R5 provenance/release assets""]",SOURCE_R5_MANIFEST_VERIFIED
scripts/run_phase0_final_adversarial_execution.py,2b67a39abaa9ce6979f4b9b8ab0dd76171e48398b2aaddfd4007fffd086b451f,465,SCRIPT,RELEASE_ASSET_ONLY,,COPIED_BYTE_IDENTICAL,Preserved in the exact R5 archive; not required in the normal working tree,"[""R5 provenance/release assets""]",SOURCE_R5_MANIFEST_VERIFIED
scripts/run_phase0_final_implementation_audit.py,90b70ca835572d5d210f7918fdc6196674da93b95be2d81a19de27d60b81d466,3827,SCRIPT,RELEASE_ASSET_ONLY,,COPIED_BYTE_IDENTICAL,Preserved in the exact R5 archive; not required in the normal working tree,"[""R5 provenance/release assets""]",SOURCE_R5_MANIFEST_VERIFIED
scripts/run_phase0_final_independent_double_check.py,82cdf0adf799702572b2f77a34789ceab0d8d853dffd0332c31c88425130faa9,11576,SCRIPT,RELEASE_ASSET_ONLY,,COPIED_BYTE_IDENTICAL,Preserved in the exact R5 archive; not required in the normal working tree,"[""R5 provenance/release assets""]",SOURCE_R5_MANIFEST_VERIFIED
scripts/run_phase0_final_whole_stack_closure_audit.py,042f629b04907ae294b81cf2fdd4e1902a9dcb27c3f5af9b2c787d259a9903cc,3472,SCRIPT,RELEASE_ASSET_ONLY,,COPIED_BYTE_IDENTICAL,Preserved in the exact R5 archive; not required in the normal working tree,"[""R5 provenance/release assets""]",SOURCE_R5_MANIFEST_VERIFIED
scripts/run_phase0_l0_evidence_map_l10_final_audit.py,6707b1a1e9625bfe605a3d5d549bdb2e9639bf67bc0fc82c1b8bc7876bbe0e72,603,SCRIPT,RELEASE_ASSET_ONLY,,COPIED_BYTE_IDENTICAL,Preserved in the exact R5 archive; not required in the normal working tree,"[""R5 provenance/release assets""]",SOURCE_R5_MANIFEST_VERIFIED
scripts/run_phase0_layer0_evidence_map_layer10_validation.py,2287f976bce989f7cf5ad57a615e4b1cc9368af0a60cc12fbd37add7f6c297e4,5099,SCRIPT,RELEASE_ASSET_ONLY,,COPIED_BYTE_IDENTICAL,Preserved in the exact R5 archive; not required in the normal working tree,"[""R5 provenance/release assets""]",SOURCE_R5_MANIFEST_VERIFIED
scripts/run_protocol_v1_final_audit.py,6bf75f777ff6ea0f79efebd20e75e80637f7248be0435c66a227f769034c4af5,2339,SCRIPT,RELEASE_ASSET_ONLY,,COPIED_BYTE_IDENTICAL,Preserved in the exact R5 archive; not required in the normal working tree,"[""R5 provenance/release assets""]",SOURCE_R5_MANIFEST_VERIFIED
scripts/run_protocol_v1_validation.py,9729d7e7b1fda9bc4a411aed1762d2e777bb29363d4e52218c332b69e4807ebe,4731,SCRIPT,RELEASE_ASSET_ONLY,,COPIED_BYTE_IDENTICAL,Preserved in the exact R5 archive; not required in the normal working tree,"[""R5 provenance/release assets""]",SOURCE_R5_MANIFEST_VERIFIED
scripts/run_static_checks.py,82968095533252f7b6111f744812a91868742738e066401a17c9a9b67baab855,2733,SCRIPT,RELEASE_ASSET_ONLY,,COPIED_BYTE_IDENTICAL,Preserved in the exact R5 archive; not required in the normal working tree,"[""R5 provenance/release assets""]",SOURCE_R5_MANIFEST_VERIFIED
scripts/sanitize_local_evidence.py,c1648b7c6093374e85c75872685209f83bfc720d28e33133bd7dde928e8afcaf,1504,SCRIPT,RELEASE_ASSET_ONLY,,COPIED_BYTE_IDENTICAL,Preserved in the exact R5 archive; not required in the normal working tree,"[""R5 provenance/release assets""]",SOURCE_R5_MANIFEST_VERIFIED
scripts/verify_local_package.py,fe8618bda819e50795912ff24327e102a0985ad988c57493dcadd2d5e9716ef1,890,SCRIPT,MAIN_TREE_DIRECT,scripts/verify_local_package.py,COPIED_BYTE_IDENTICAL,Required current reviewer-facing or runtime file,"[""main-tree reviewer/runtime""]",SOURCE_R5_MANIFEST_VERIFIED; DESTINATION_VERIFIED
scripts/verify_runtime_lock.py,bd9d9c072652c2a03da394ef7463579a6d8859a6a9646f0d3704337b7c5f7e77,1503,SCRIPT,MAIN_TREE_DIRECT,scripts/verify_runtime_lock.py,COPIED_BYTE_IDENTICAL,Required current reviewer-facing or runtime file,"[""main-tree reviewer/runtime""]",SOURCE_R5_MANIFEST_VERIFIED; DESTINATION_VERIFIED
scripts/verify_uv_lock_completeness.py,fa89fac1ea1422d79169151077c1861499ce8effe36228e799c04bc75ea46869,979,SCRIPT,RELEASE_ASSET_ONLY,,COPIED_BYTE_IDENTICAL,Preserved in the exact R5 archive; not required in the normal working tree,"[""R5 provenance/release assets""]",SOURCE_R5_MANIFEST_VERIFIED
src/iharq/__init__.py,be483ba0c728605c719a184cd68cba3920aa0cbff59152aefdb8eec380f51639,59,IMPLEMENTATION,MAIN_TREE_DIRECT,src/iharq/__init__.py,COPIED_BYTE_IDENTICAL,Required current reviewer-facing or runtime file,"[""main-tree reviewer/runtime""]",SOURCE_R5_MANIFEST_VERIFIED; DESTINATION_VERIFIED
src/iharq/canonical.py,3471db07e717be1b17cbd84153e1262f0610671d8f3a3c69126a0e0a47a1b75c,2068,IMPLEMENTATION,MAIN_TREE_DIRECT,src/iharq/canonical.py,COPIED_BYTE_IDENTICAL,Required current reviewer-facing or runtime file,"[""main-tree reviewer/runtime""]",SOURCE_R5_MANIFEST_VERIFIED; DESTINATION_VERIFIED
src/iharq/catalog.py,211054939988d0e3acde2f93d92002f61ca0c19ad5d61d412678d2e4d84a6c82,361,IMPLEMENTATION,MAIN_TREE_DIRECT,src/iharq/catalog.py,COPIED_BYTE_IDENTICAL,Required current reviewer-facing or runtime file,"[""main-tree reviewer/runtime""]",SOURCE_R5_MANIFEST_VERIFIED; DESTINATION_VERIFIED
src/iharq/cli.py,112cde14e27448c47fee7a6c366a835d2dc420937b9932f87696ed5396fa6498,3151,IMPLEMENTATION,MAIN_TREE_DIRECT,src/iharq/cli.py,COPIED_BYTE_IDENTICAL,Required current reviewer-facing or runtime file,"[""main-tree reviewer/runtime""]",SOURCE_R5_MANIFEST_VERIFIED; DESTINATION_VERIFIED
src/iharq/config.py,5fc255ee6465aeb255d8e7437426d2fbcb3377f46424274a716f4d5e3c42120b,922,IMPLEMENTATION,MAIN_TREE_DIRECT,src/iharq/config.py,COPIED_BYTE_IDENTICAL,Required current reviewer-facing or runtime file,"[""main-tree reviewer/runtime""]",SOURCE_R5_MANIFEST_VERIFIED; DESTINATION_VERIFIED
src/iharq/errors.py,bb61e60016eff9f612cbc3266f6765c059bab261157d54981555b877c2247ebe,584,IMPLEMENTATION,MAIN_TREE_DIRECT,src/iharq/errors.py,COPIED_BYTE_IDENTICAL,Required current reviewer-facing or runtime file,"[""main-tree reviewer/runtime""]",SOURCE_R5_MANIFEST_VERIFIED; DESTINATION_VERIFIED
src/iharq/final_double_check_adversarial.py,0633554144a95635af5e77411b63ed0388f74e6df4386f2253a8397e414b9059,15586,IMPLEMENTATION,MAIN_TREE_DIRECT,src/iharq/final_double_check_adversarial.py,COPIED_BYTE_IDENTICAL,Required current reviewer-facing or runtime file,"[""main-tree reviewer/runtime""]",SOURCE_R5_MANIFEST_VERIFIED; DESTINATION_VERIFIED
src/iharq/gates.py,206bf302ab5f136883d5cbccd7174eaf03fe347331c76ca74248e972ba3a7611,858,IMPLEMENTATION,RELEASE_ASSET_ONLY,,COPIED_BYTE_IDENTICAL,Preserved in the exact R5 archive; not required in the normal working tree,"[""R5 provenance/release assets""]",SOURCE_R5_MANIFEST_VERIFIED
src/iharq/ids.py,11d5417b63acaf8ce74aa135d81241ae9604d55ffbba4bf380554f2582f4a7a9,662,IMPLEMENTATION,MAIN_TREE_DIRECT,src/iharq/ids.py,COPIED_BYTE_IDENTICAL,Required current reviewer-facing or runtime file,"[""main-tree reviewer/runtime""]",SOURCE_R5_MANIFEST_VERIFIED; DESTINATION_VERIFIED
src/iharq/l0_emap_l10_final_audit.py,aec2e93922ebac8c36a26726f6c7c808a44a1b234cc981e969c4108599939c5e,11140,IMPLEMENTATION,MAIN_TREE_DIRECT,src/iharq/l0_emap_l10_final_audit.py,COPIED_BYTE_IDENTICAL,Required current reviewer-facing or runtime file,"[""main-tree reviewer/runtime""]",SOURCE_R5_MANIFEST_VERIFIED; DESTINATION_VERIFIED
src/iharq/layer0_claim_governance/__init__.py,a5e1e6bddaf3d60af1a44c0e41b4f71d29bbf2b12e2e8e75bfae86f1e4d04731,100,IMPLEMENTATION,MAIN_TREE_DIRECT,src/iharq/layer0_claim_governance/__init__.py,COPIED_BYTE_IDENTICAL,Required current reviewer-facing or runtime file,"[""main-tree reviewer/runtime""]",SOURCE_R5_MANIFEST_VERIFIED; DESTINATION_VERIFIED
src/iharq/layer10_reproducibility/__init__.py,f162fe94553ffea0cbe6b2c15d8eb00fbcc1d8cd64dccfc945c9ab5312fe6b45,102,IMPLEMENTATION,MAIN_TREE_DIRECT,src/iharq/layer10_reproducibility/__init__.py,COPIED_BYTE_IDENTICAL,Required current reviewer-facing or runtime file,"[""main-tree reviewer/runtime""]",SOURCE_R5_MANIFEST_VERIFIED; DESTINATION_VERIFIED
src/iharq/layer1_data_protocol/__init__.py,6f795218801a7623bfe51fb26c89561b3f24fe2afab3b1a1bf0460732b9b98ab,100,IMPLEMENTATION,MAIN_TREE_DIRECT,src/iharq/layer1_data_protocol/__init__.py,COPIED_BYTE_IDENTICAL,Required current reviewer-facing or runtime file,"[""main-tree reviewer/runtime""]",SOURCE_R5_MANIFEST_VERIFIED; DESTINATION_VERIFIED
src/iharq/layer2_decoders/__init__.py,4db0f7393f233e8cc3bcce6295c2412101a6f5af7545ec74002a3101bf6d90b8,100,IMPLEMENTATION,MAIN_TREE_DIRECT,src/iharq/layer2_decoders/__init__.py,COPIED_BYTE_IDENTICAL,Required current reviewer-facing or runtime file,"[""main-tree reviewer/runtime""]",SOURCE_R5_MANIFEST_VERIFIED; DESTINATION_VERIFIED
src/iharq/layer3_calibration_uncertainty/__init__.py,7492f49162aa12db2b9bcd8556a9fcbff7ce5cd7682a4628d71ee334015ed5bc,100,IMPLEMENTATION,MAIN_TREE_DIRECT,src/iharq/layer3_calibration_uncertainty/__init__.py,COPIED_BYTE_IDENTICAL,Required current reviewer-facing or runtime file,"[""main-tree reviewer/runtime""]",SOURCE_R5_MANIFEST_VERIFIED; DESTINATION_VERIFIED
src/iharq/layer4_iharq/__init__.py,054b5a313a409d9f3e691986a9ff2e671d12ef9cb7b3fe0fd244a4dcb31bad18,100,IMPLEMENTATION,MAIN_TREE_DIRECT,src/iharq/layer4_iharq/__init__.py,COPIED_BYTE_IDENTICAL,Required current reviewer-facing or runtime file,"[""main-tree reviewer/runtime""]",SOURCE_R5_MANIFEST_VERIFIED; DESTINATION_VERIFIED
src/iharq/layer5_regimerisk/__init__.py,3049c175de54140eea70847c2ed1ad727f8000dfa28c45982b96d8ec7ab92b0c,100,IMPLEMENTATION,MAIN_TREE_DIRECT,src/iharq/layer5_regimerisk/__init__.py,COPIED_BYTE_IDENTICAL,Required current reviewer-facing or runtime file,"[""main-tree reviewer/runtime""]",SOURCE_R5_MANIFEST_VERIFIED; DESTINATION_VERIFIED
src/iharq/layer6_readiness_policy/__init__.py,d6ccc3f1e9803d29c1709687723493d2419f9b83ce5c02b777fe87feebdea02e,100,IMPLEMENTATION,MAIN_TREE_DIRECT,src/iharq/layer6_readiness_policy/__init__.py,COPIED_BYTE_IDENTICAL,Required current reviewer-facing or runtime file,"[""main-tree reviewer/runtime""]",SOURCE_R5_MANIFEST_VERIFIED; DESTINATION_VERIFIED
src/iharq/layer7_closed_loop/__init__.py,c6fa17c2b8b21f35f92dfb044181b23400070b49d496fdc45923f8c767a715f9,100,IMPLEMENTATION,MAIN_TREE_DIRECT,src/iharq/layer7_closed_loop/__init__.py,COPIED_BYTE_IDENTICAL,Required current reviewer-facing or runtime file,"[""main-tree reviewer/runtime""]",SOURCE_R5_MANIFEST_VERIFIED; DESTINATION_VERIFIED
src/iharq/layer8_stressforge/__init__.py,91356f7710d0c1b1e9e0982805a9882344535c1894047029d4b46e91ffee4407,100,IMPLEMENTATION,MAIN_TREE_DIRECT,src/iharq/layer8_stressforge/__init__.py,COPIED_BYTE_IDENTICAL,Required current reviewer-facing or runtime file,"[""main-tree reviewer/runtime""]",SOURCE_R5_MANIFEST_VERIFIED; DESTINATION_VERIFIED
src/iharq/layer9_embodiment/__init__.py,f5fd53dc54dd911a3ef94b83d468d9dfcdd59fd46d5cc533c3bf91b94b92818f,100,IMPLEMENTATION,MAIN_TREE_DIRECT,src/iharq/layer9_embodiment/__init__.py,COPIED_BYTE_IDENTICAL,Required current reviewer-facing or runtime file,"[""main-tree reviewer/runtime""]",SOURCE_R5_MANIFEST_VERIFIED; DESTINATION_VERIFIED
src/iharq/lifecycle.py,de7071653e77062b68b4452d875512443b6d169f133f2ed8b9896327a494978a,505,IMPLEMENTATION,MAIN_TREE_DIRECT,src/iharq/lifecycle.py,COPIED_BYTE_IDENTICAL,Required current reviewer-facing or runtime file,"[""main-tree reviewer/runtime""]",SOURCE_R5_MANIFEST_VERIFIED; DESTINATION_VERIFIED
src/iharq/lineage.py,6e8f4c6289c2d5761d96f087cb75f7820cf807300eb6f164cea9ba67e21ef89b,680,IMPLEMENTATION,MAIN_TREE_DIRECT,src/iharq/lineage.py,COPIED_BYTE_IDENTICAL,Required current reviewer-facing or runtime file,"[""main-tree reviewer/runtime""]",SOURCE_R5_MANIFEST_VERIFIED; DESTINATION_VERIFIED
src/iharq/logging.py,9503eeaac8e1d2ba01ff4284f79f3d7ac19ef42c44a159d9c88103a9a36db9d1,493,IMPLEMENTATION,MAIN_TREE_DIRECT,src/iharq/logging.py,COPIED_BYTE_IDENTICAL,Required current reviewer-facing or runtime file,"[""main-tree reviewer/runtime""]",SOURCE_R5_MANIFEST_VERIFIED; DESTINATION_VERIFIED
src/iharq/manifests.py,9c7a35bbcea197d4b793073d691a13b8f7b63b9939b1d6d1056afd43e9736bb2,1120,IMPLEMENTATION,MAIN_TREE_DIRECT,src/iharq/manifests.py,COPIED_BYTE_IDENTICAL,Required current reviewer-facing or runtime file,"[""main-tree reviewer/runtime""]",SOURCE_R5_MANIFEST_VERIFIED; DESTINATION_VERIFIED
src/iharq/models.py,0d8e7a98d5e4985afa1d86ab11c469369988cbae152ca108bd3fe24b7d0af853,1235,IMPLEMENTATION,MAIN_TREE_DIRECT,src/iharq/models.py,COPIED_BYTE_IDENTICAL,Required current reviewer-facing or runtime file,"[""main-tree reviewer/runtime""]",SOURCE_R5_MANIFEST_VERIFIED; DESTINATION_VERIFIED
src/iharq/review.py,8909e5c856de9b67b708f12ad0023b67dfa053bd9150a5c500c164d2e2f56ab9,489,IMPLEMENTATION,MAIN_TREE_DIRECT,src/iharq/review.py,COPIED_BYTE_IDENTICAL,Required current reviewer-facing or runtime file,"[""main-tree reviewer/runtime""]",SOURCE_R5_MANIFEST_VERIFIED; DESTINATION_VERIFIED
src/iharq/schemas.py,a861cb8c8c04c3c60c0e0db3cf528a1206535ab4a8fc4bdf30e2593fd00667a5,754,IMPLEMENTATION,MAIN_TREE_DIRECT,src/iharq/schemas.py,COPIED_BYTE_IDENTICAL,Required current reviewer-facing or runtime file,"[""main-tree reviewer/runtime""]",SOURCE_R5_MANIFEST_VERIFIED; DESTINATION_VERIFIED
src/iharq/storage.py,7418e44c06b1f542ba3d1f393b471a0ba49a99a301ed195987686d233ada0257,624,IMPLEMENTATION,MAIN_TREE_DIRECT,src/iharq/storage.py,COPIED_BYTE_IDENTICAL,Required current reviewer-facing or runtime file,"[""main-tree reviewer/runtime""]",SOURCE_R5_MANIFEST_VERIFIED; DESTINATION_VERIFIED
src/iharq/validation.py,02aa5ff2ea2cb81242dade5309c6fb0b0ee62a0f7fc5136d5bf9777bbe01a14b,24669,IMPLEMENTATION,MAIN_TREE_DIRECT,src/iharq/validation.py,COPIED_BYTE_IDENTICAL,Required current reviewer-facing or runtime file,"[""main-tree reviewer/runtime""]",SOURCE_R5_MANIFEST_VERIFIED; DESTINATION_VERIFIED
tests/test_audit1_negative_fixtures.py,89f6ca5e9c6b1278b7c83af48b0742869c231907ad784b36a5eaad625284cf9d,1607,TEST,RELEASE_ASSET_ONLY,,COPIED_BYTE_IDENTICAL,Preserved in the exact R5 archive; not required in the normal working tree,"[""R5 provenance/release assets""]",SOURCE_R5_MANIFEST_VERIFIED
tests/test_audit1_requirement_matrix.py,78de889cb13c986207e1b2667dda05bc9c2b07a1c51219ce61aa9ab1d6485511,883,TEST,RELEASE_ASSET_ONLY,,COPIED_BYTE_IDENTICAL,Preserved in the exact R5 archive; not required in the normal working tree,"[""R5 provenance/release assets""]",SOURCE_R5_MANIFEST_VERIFIED
tests/test_audit2_negative_fixtures.py,2d1dcd94605473f7eb5c9a2253feb0257eb7a45126867f307f25e7d5117af519,826,TEST,RELEASE_ASSET_ONLY,,COPIED_BYTE_IDENTICAL,Preserved in the exact R5 archive; not required in the normal working tree,"[""R5 provenance/release assets""]",SOURCE_R5_MANIFEST_VERIFIED
tests/test_audit2_requirement_matrix.py,9c2a9e6c00a6eb7c24787e0805990a5378d3f4efe2be94ea82951cfe67afd724,1089,TEST,RELEASE_ASSET_ONLY,,COPIED_BYTE_IDENTICAL,Preserved in the exact R5 archive; not required in the normal working tree,"[""R5 provenance/release assets""]",SOURCE_R5_MANIFEST_VERIFIED
tests/test_audit3_consolidated_and_future_readiness.py,00bc27e6198cf4f0771af436e7d9b624fc19cae877960ba1e3b29b9cee2f64d2,1901,TEST,RELEASE_ASSET_ONLY,,COPIED_BYTE_IDENTICAL,Preserved in the exact R5 archive; not required in the normal working tree,"[""R5 provenance/release assets""]",SOURCE_R5_MANIFEST_VERIFIED
tests/test_audit3_negative_fixtures.py,5421becaf5b615ade6a2832e1827e20b8da9c7e9ba1a58b8aff9766627640dad,841,TEST,RELEASE_ASSET_ONLY,,COPIED_BYTE_IDENTICAL,Preserved in the exact R5 archive; not required in the normal working tree,"[""R5 provenance/release assets""]",SOURCE_R5_MANIFEST_VERIFIED
tests/test_canonical.py,d91ba7b75740bca8cff8b6082358559ad79f6209f3431c9cbe3af3d08c05693c,613,TEST,MAIN_TREE_DIRECT,tests/test_canonical.py,COPIED_BYTE_IDENTICAL,Required current reviewer-facing or runtime file,"[""main-tree reviewer/runtime""]",SOURCE_R5_MANIFEST_VERIFIED; DESTINATION_VERIFIED
tests/test_catalog_and_schemas.py,7e3b6d6a6f5f71144e6fe5fd41e30ddfa965795edb277f1f8840fe3de27d0de0,662,TEST,MAIN_TREE_DIRECT,tests/test_catalog_and_schemas.py,COPIED_BYTE_IDENTICAL,Required current reviewer-facing or runtime file,"[""main-tree reviewer/runtime""]",SOURCE_R5_MANIFEST_VERIFIED; DESTINATION_VERIFIED
tests/test_config_cli.py,ab7056a4bdd6fc677c65164a23c3df8ba89c0ffd1ce2cc42ba1c2c28cb3776be,521,TEST,MAIN_TREE_DIRECT,tests/test_config_cli.py,COPIED_BYTE_IDENTICAL,Required current reviewer-facing or runtime file,"[""main-tree reviewer/runtime""]",SOURCE_R5_MANIFEST_VERIFIED; DESTINATION_VERIFIED
tests/test_decisions_and_sources.py,219f57316766d9819afd0ed6c07d0924572150c8fb45e2b65397309d156284ac,529,TEST,MAIN_TREE_DIRECT,tests/test_decisions_and_sources.py,COPIED_BYTE_IDENTICAL,Required current reviewer-facing or runtime file,"[""main-tree reviewer/runtime""]",SOURCE_R5_MANIFEST_VERIFIED; DESTINATION_VERIFIED
tests/test_final_implementation_completeness.py,fb8a349a339055b6162fa9f818b8b349ea5fd200c77992a9880cef0ef99e2eca,3066,TEST,RELEASE_ASSET_ONLY,,COPIED_BYTE_IDENTICAL,Preserved in the exact R5 archive; not required in the normal working tree,"[""R5 provenance/release assets""]",SOURCE_R5_MANIFEST_VERIFIED
tests/test_final_integration_chains.py,dfa180ba9845a8fe92741d95a1d30939610a20a43d66ecd8e9d417ac9b6bc619,1499,TEST,RELEASE_ASSET_ONLY,,COPIED_BYTE_IDENTICAL,Preserved in the exact R5 archive; not required in the normal working tree,"[""R5 provenance/release assets""]",SOURCE_R5_MANIFEST_VERIFIED
tests/test_gate_status.py,936df74c8c63eeb49a8779e98ae1f5000a955b659e085ab026f8be881e368076,513,TEST,RELEASE_ASSET_ONLY,,COPIED_BYTE_IDENTICAL,Preserved in the exact R5 archive; not required in the normal working tree,"[""R5 provenance/release assets""]",SOURCE_R5_MANIFEST_VERIFIED
tests/test_layer_boundaries.py,ef7cc8abe8080ccee112586444cb017de8941503f8dc36918217b1059d959560,364,TEST,MAIN_TREE_DIRECT,tests/test_layer_boundaries.py,COPIED_BYTE_IDENTICAL,Required current reviewer-facing or runtime file,"[""main-tree reviewer/runtime""]",SOURCE_R5_MANIFEST_VERIFIED; DESTINATION_VERIFIED
tests/test_lineage_lifecycle.py,31ee84679731d7ac1bc2f23d046213b9d7b7142e58dd8d0f058260901f727e68,498,TEST,MAIN_TREE_DIRECT,tests/test_lineage_lifecycle.py,COPIED_BYTE_IDENTICAL,Required current reviewer-facing or runtime file,"[""main-tree reviewer/runtime""]",SOURCE_R5_MANIFEST_VERIFIED; DESTINATION_VERIFIED
tests/test_local_first_finalization.py,24f856ac0e653733fa02d00ffd3b04fb44c6961b1515149481df136924c7f682,2826,TEST,RELEASE_ASSET_ONLY,,COPIED_BYTE_IDENTICAL,Preserved in the exact R5 archive; not required in the normal working tree,"[""R5 provenance/release assets""]",SOURCE_R5_MANIFEST_VERIFIED
tests/test_negative_fixtures.py,486b8bbec5d0c8bd83f1d65c9f6a70c40661f3dae536ade4a20b8acc6ca6b499,299,TEST,MAIN_TREE_DIRECT,tests/test_negative_fixtures.py,COPIED_BYTE_IDENTICAL,Required current reviewer-facing or runtime file,"[""main-tree reviewer/runtime""]",SOURCE_R5_MANIFEST_VERIFIED; DESTINATION_VERIFIED
tests/test_official_audit1_layers_0_3.py,a3062b529e5e9148d402887b73acb875fd310a111a7054b043ae9ae8a97390e5,1865,TEST,RELEASE_ASSET_ONLY,,COPIED_BYTE_IDENTICAL,Preserved in the exact R5 archive; not required in the normal working tree,"[""R5 provenance/release assets""]",SOURCE_R5_MANIFEST_VERIFIED
tests/test_official_audit2_layers_4_7.py,5dc5b42a7ef5c18402a85951c720bd120f45fc086735a2e15d13de35234d0974,2576,TEST,RELEASE_ASSET_ONLY,,COPIED_BYTE_IDENTICAL,Preserved in the exact R5 archive; not required in the normal working tree,"[""R5 provenance/release assets""]",SOURCE_R5_MANIFEST_VERIFIED
tests/test_official_audit3_layers_8_10.py,bb40acf213ad5928b152907dd7dbd24d93454552ab54c313311095e554e3fc9c,2871,TEST,RELEASE_ASSET_ONLY,,COPIED_BYTE_IDENTICAL,Preserved in the exact R5 archive; not required in the normal working tree,"[""R5 provenance/release assets""]",SOURCE_R5_MANIFEST_VERIFIED
tests/test_phase0_ablation_readiness_and_unlocks.py,95ddc009e1007b51591b47e310d2c0569435703630109e38d1e3e3791ea959f4,688,TEST,MAIN_TREE_DIRECT,tests/test_phase0_ablation_readiness_and_unlocks.py,COPIED_BYTE_IDENTICAL,Required current reviewer-facing or runtime file,"[""main-tree reviewer/runtime""]",SOURCE_R5_MANIFEST_VERIFIED; DESTINATION_VERIFIED
tests/test_phase0_analysis_ablation_coverage.py,09e11049935522203f75dc897e3fd1eed578df6cce429c0649b23b9e9edb5202,620,TEST,RELEASE_ASSET_ONLY,,COPIED_BYTE_IDENTICAL,Preserved in the exact R5 archive; not required in the normal working tree,"[""R5 provenance/release assets""]",SOURCE_R5_MANIFEST_VERIFIED
tests/test_phase0_analysis_final_independent_audit.py,052e56f0991d35d06e7d6ba3c0effb27da0588fcdb6bf082f614836f8c99789d,2447,TEST,RELEASE_ASSET_ONLY,,COPIED_BYTE_IDENTICAL,Preserved in the exact R5 archive; not required in the normal working tree,"[""R5 provenance/release assets""]",SOURCE_R5_MANIFEST_VERIFIED
tests/test_phase0_analysis_release.py,59b92fd587fb82d52aeae65bc67c64c5dfa3fd9cc0ad2dcbe4a918182f1c7840,2184,TEST,RELEASE_ASSET_ONLY,,COPIED_BYTE_IDENTICAL,Preserved in the exact R5 archive; not required in the normal working tree,"[""R5 provenance/release assets""]",SOURCE_R5_MANIFEST_VERIFIED
tests/test_phase0_closure_and_phase1_handoff.py,6aacec2e1144e15fa5d60fb7c8c19c26b7aa408b98b42b875f79b1b2774bc551,627,TEST,RELEASE_ASSET_ONLY,,COPIED_BYTE_IDENTICAL,Preserved in the exact R5 archive; not required in the normal working tree,"[""R5 provenance/release assets""]",SOURCE_R5_MANIFEST_VERIFIED
tests/test_phase0_cross_document_no_drift.py,0bdf9a5a3448a58992538e2d180104860d8725d3cb2b9815e1eee8474a4d789b,867,TEST,RELEASE_ASSET_ONLY,,COPIED_BYTE_IDENTICAL,Preserved in the exact R5 archive; not required in the normal working tree,"[""R5 provenance/release assets""]",SOURCE_R5_MANIFEST_VERIFIED
tests/test_phase0_final_adversarial_fixtures.py,5d2c4bd479ecd0940820e0a051f70f8f49cf0967bfd844d5063040102f8a9f6e,902,TEST,RELEASE_ASSET_ONLY,,COPIED_BYTE_IDENTICAL,Preserved in the exact R5 archive; not required in the normal working tree,"[""R5 provenance/release assets""]",SOURCE_R5_MANIFEST_VERIFIED
tests/test_phase0_final_cross_document_values.py,c0e74202dbbd500fe629af8a283a57d003b334a520558ff592ae9dd1a0ab07ad,476,TEST,RELEASE_ASSET_ONLY,,COPIED_BYTE_IDENTICAL,Preserved in the exact R5 archive; not required in the normal working tree,"[""R5 provenance/release assets""]",SOURCE_R5_MANIFEST_VERIFIED
tests/test_phase0_final_document_byte_identity.py,26bf7e71abe46a1c3a87ad9b9085e897d8076fbbf276640cad9e313d95347695,600,TEST,MAIN_TREE_DIRECT,tests/test_phase0_final_document_byte_identity.py,COPIED_BYTE_IDENTICAL,Required current reviewer-facing or runtime file,"[""main-tree reviewer/runtime""]",SOURCE_R5_MANIFEST_VERIFIED; DESTINATION_VERIFIED
tests/test_phase0_final_document_set.py,a76648f26237cc7b6aad7595fae07e62b8a13fdadbbeb3f68c5fedbd271963cd,670,TEST,MAIN_TREE_DIRECT,tests/test_phase0_final_document_set.py,COPIED_BYTE_IDENTICAL,Required current reviewer-facing or runtime file,"[""main-tree reviewer/runtime""]",SOURCE_R5_MANIFEST_VERIFIED; DESTINATION_VERIFIED
tests/test_phase0_final_gate18_and_authorization.py,a51fd237721aebff7532124df80762d5329d15e5e58b573ce34c9ee7dfb3fb55,730,TEST,RELEASE_ASSET_ONLY,,COPIED_BYTE_IDENTICAL,Preserved in the exact R5 archive; not required in the normal working tree,"[""R5 provenance/release assets""]",SOURCE_R5_MANIFEST_VERIFIED
tests/test_phase0_final_independent_double_check.py,14ab57ee7450d7d5ebb66dc6d33f621c3dc88217f28c1f5fd75be5f0f4138c02,773,TEST,RELEASE_ASSET_ONLY,,COPIED_BYTE_IDENTICAL,Preserved in the exact R5 archive; not required in the normal working tree,"[""R5 provenance/release assets""]",SOURCE_R5_MANIFEST_VERIFIED
tests/test_phase0_final_no_loss.py,2c84629ef2e0972b4f01777121a2f0d246ff501fad55cd9726822c7b3e083d1c,381,TEST,RELEASE_ASSET_ONLY,,COPIED_BYTE_IDENTICAL,Preserved in the exact R5 archive; not required in the normal working tree,"[""R5 provenance/release assets""]",SOURCE_R5_MANIFEST_VERIFIED
tests/test_phase0_final_requirement_reconstruction.py,c1228f4597651bde3c65607fa53d208eb3155f15a4f123d1d286ed74805a6947,546,TEST,RELEASE_ASSET_ONLY,,COPIED_BYTE_IDENTICAL,Preserved in the exact R5 archive; not required in the normal working tree,"[""R5 provenance/release assets""]",SOURCE_R5_MANIFEST_VERIFIED
tests/test_phase0_final_whole_stack_closure.py,b035d67194623dd356eb6b49a2fdb8ef69f169cd6a67823b9efe678888fd8efb,829,TEST,RELEASE_ASSET_ONLY,,COPIED_BYTE_IDENTICAL,Preserved in the exact R5 archive; not required in the normal working tree,"[""R5 provenance/release assets""]",SOURCE_R5_MANIFEST_VERIFIED
tests/test_phase0_l0_evidence_map_l10_final_audit.py,3c02976dae0dad9b28347421c11c86d00811398c34f52826df1c182cb367d6cc,2879,TEST,RELEASE_ASSET_ONLY,,COPIED_BYTE_IDENTICAL,Preserved in the exact R5 archive; not required in the normal working tree,"[""R5 provenance/release assets""]",SOURCE_R5_MANIFEST_VERIFIED
tests/test_phase0_layer0_evidence_map_layer10.py,9e8c4f9c0a6b8238ce981386cb7d1cf823577d2d69ecde54f9f185191e5d55c7,4358,TEST,RELEASE_ASSET_ONLY,,COPIED_BYTE_IDENTICAL,Preserved in the exact R5 archive; not required in the normal working tree,"[""R5 provenance/release assets""]",SOURCE_R5_MANIFEST_VERIFIED
tests/test_phase0_layer_responsibility_matrix.py,67862c685d13f07b19d9dc2e8336d6470e4476506496209fe3e0dde9838793b0,418,TEST,MAIN_TREE_DIRECT,tests/test_phase0_layer_responsibility_matrix.py,COPIED_BYTE_IDENTICAL,Required current reviewer-facing or runtime file,"[""main-tree reviewer/runtime""]",SOURCE_R5_MANIFEST_VERIFIED; DESTINATION_VERIFIED
tests/test_phase0_no_github_ci_gate.py,df3f3213fd509d4d33a10a5ffab989ce9145fba6e92c2552c165799f0756f245,2053,TEST,RELEASE_ASSET_ONLY,,COPIED_BYTE_IDENTICAL,Preserved in the exact R5 archive; not required in the normal working tree,"[""R5 provenance/release assets""]",SOURCE_R5_MANIFEST_VERIFIED
tests/test_phase0_responsibility_and_expected_output_closure.py,167710b024acdd41f3d5ea0bb200d915cfe9a9a97781a3383b9263971af0b459,578,TEST,MAIN_TREE_DIRECT,tests/test_phase0_responsibility_and_expected_output_closure.py,COPIED_BYTE_IDENTICAL,Required current reviewer-facing or runtime file,"[""main-tree reviewer/runtime""]",SOURCE_R5_MANIFEST_VERIFIED; DESTINATION_VERIFIED
tests/test_preliminary_boundaries.py,50276139e1fffbafecc58a1b02fa7a3ce2de8167b001a38fc0f22090a89d36fb,288,TEST,MAIN_TREE_DIRECT,tests/test_preliminary_boundaries.py,COPIED_BYTE_IDENTICAL,Required current reviewer-facing or runtime file,"[""main-tree reviewer/runtime""]",SOURCE_R5_MANIFEST_VERIFIED; DESTINATION_VERIFIED
tests/test_protocol_v1_final_independent_audit.py,7232a1360b33d4d2b4a047943ce26346a6ceb6a5fb498e5b10a678c64804740f,3602,TEST,RELEASE_ASSET_ONLY,,COPIED_BYTE_IDENTICAL,Preserved in the exact R5 archive; not required in the normal working tree,"[""R5 provenance/release assets""]",SOURCE_R5_MANIFEST_VERIFIED
tests/test_protocol_v1_package.py,4c8329d18f3d562c11b5450f5c654544e0fb854d01f41334fc6e66567cb315e4,3017,TEST,RELEASE_ASSET_ONLY,,COPIED_BYTE_IDENTICAL,Preserved in the exact R5 archive; not required in the normal working tree,"[""R5 provenance/release assets""]",SOURCE_R5_MANIFEST_VERIFIED
tests/test_r3_reproducibility_and_packaging.py,751adad8c19bf8ca05ff66bb1a2440df17d25ca3694a95035be75a7e13aab402,2462,TEST,RELEASE_ASSET_ONLY,,COPIED_BYTE_IDENTICAL,Preserved in the exact R5 archive; not required in the normal working tree,"[""R5 provenance/release assets""]",SOURCE_R5_MANIFEST_VERIFIED
tests/test_valid_fixtures.py,c63079e056b917437d63ebb68f5a18ab771c6f4a5d34b8d814cd167eff312428,393,TEST,MAIN_TREE_DIRECT,tests/test_valid_fixtures.py,COPIED_BYTE_IDENTICAL,Required current reviewer-facing or runtime file,"[""main-tree reviewer/runtime""]",SOURCE_R5_MANIFEST_VERIFIED; DESTINATION_VERIFIED
uv.lock,c685326e2f2c573c416d9e75482b681ca47ada1714608813f6dc95cf14d5f820,404,PROJECT_METADATA_OR_OTHER,RELEASE_ASSET_ONLY,,COPIED_BYTE_IDENTICAL,Preserved in the exact R5 archive; not required in the normal working tree,"[""R5 provenance/release assets""]",SOURCE_R5_MANIFEST_VERIFIED
