dataset_id,model_id,metric_id,budget_per_class,budget_id,point_status,value,attempted_repeats,successful_repeats,non_success_repeats,budget_repeat_id,single_frozen_subset_limitation,integration_revision,integration_source,aggregation_rule,source_run_cell_ids_json,successful_repeat_count,planned_repeat_count,scientific_numeric_result_recomputed,scientific_numeric_result_aggregated_from_existing_metrics
BNCI2014_001,CLS-CSP-LDA,BACC,1,P01-L1-LOW-CAL-OFFICIAL-R2:1_PER_CLASS,EXPLICIT_NON_SUCCESS,,1,0,1,P01_FROZEN_SINGLE_SUBSET,True,P02-INTEGRATED-LOW-LABEL-1-TO-256-R1,PREDECESSOR_1_TO_32_EXACT_ROWS_REUSED,,,,,False,False
BNCI2014_001,CLS-CSP-LDA,F1_MACRO,1,P01-L1-LOW-CAL-OFFICIAL-R2:1_PER_CLASS,EXPLICIT_NON_SUCCESS,,1,0,1,P01_FROZEN_SINGLE_SUBSET,True,P02-INTEGRATED-LOW-LABEL-1-TO-256-R1,PREDECESSOR_1_TO_32_EXACT_ROWS_REUSED,,,,,False,False
BNCI2014_001,CLS-CSP-LDA,ACC,1,P01-L1-LOW-CAL-OFFICIAL-R2:1_PER_CLASS,EXPLICIT_NON_SUCCESS,,1,0,1,P01_FROZEN_SINGLE_SUBSET,True,P02-INTEGRATED-LOW-LABEL-1-TO-256-R1,PREDECESSOR_1_TO_32_EXACT_ROWS_REUSED,,,,,False,False
BNCI2014_001,CLS-CSP-LDA,BACC,2,P01-L1-LOW-CAL-OFFICIAL-R2:2_PER_CLASS,VALID,0.5277777777777778,1,1,0,P01_FROZEN_SINGLE_SUBSET,True,P02-INTEGRATED-LOW-LABEL-1-TO-256-R1,PREDECESSOR_1_TO_32_EXACT_ROWS_REUSED,,,,,False,False
BNCI2014_001,CLS-CSP-LDA,F1_MACRO,2,P01-L1-LOW-CAL-OFFICIAL-R2:2_PER_CLASS,VALID,0.5164921983014024,1,1,0,P01_FROZEN_SINGLE_SUBSET,True,P02-INTEGRATED-LOW-LABEL-1-TO-256-R1,PREDECESSOR_1_TO_32_EXACT_ROWS_REUSED,,,,,False,False
BNCI2014_001,CLS-CSP-LDA,ACC,2,P01-L1-LOW-CAL-OFFICIAL-R2:2_PER_CLASS,VALID,0.5277777777777778,1,1,0,P01_FROZEN_SINGLE_SUBSET,True,P02-INTEGRATED-LOW-LABEL-1-TO-256-R1,PREDECESSOR_1_TO_32_EXACT_ROWS_REUSED,,,,,False,False
BNCI2014_001,CLS-CSP-LDA,BACC,4,P01-L1-LOW-CAL-OFFICIAL-R2:4_PER_CLASS,VALID,0.6041666666666667,1,1,0,P01_FROZEN_SINGLE_SUBSET,True,P02-INTEGRATED-LOW-LABEL-1-TO-256-R1,PREDECESSOR_1_TO_32_EXACT_ROWS_REUSED,,,,,False,False
BNCI2014_001,CLS-CSP-LDA,F1_MACRO,4,P01-L1-LOW-CAL-OFFICIAL-R2:4_PER_CLASS,VALID,0.6029411764705883,1,1,0,P01_FROZEN_SINGLE_SUBSET,True,P02-INTEGRATED-LOW-LABEL-1-TO-256-R1,PREDECESSOR_1_TO_32_EXACT_ROWS_REUSED,,,,,False,False
BNCI2014_001,CLS-CSP-LDA,ACC,4,P01-L1-LOW-CAL-OFFICIAL-R2:4_PER_CLASS,VALID,0.6041666666666666,1,1,0,P01_FROZEN_SINGLE_SUBSET,True,P02-INTEGRATED-LOW-LABEL-1-TO-256-R1,PREDECESSOR_1_TO_32_EXACT_ROWS_REUSED,,,,,False,False
BNCI2014_001,CLS-CSP-LDA,BACC,8,P01-L1-LOW-CAL-OFFICIAL-R2:8_PER_CLASS,VALID,0.4861111111111111,1,1,0,P01_FROZEN_SINGLE_SUBSET,True,P02-INTEGRATED-LOW-LABEL-1-TO-256-R1,PREDECESSOR_1_TO_32_EXACT_ROWS_REUSED,,,,,False,False
BNCI2014_001,CLS-CSP-LDA,F1_MACRO,8,P01-L1-LOW-CAL-OFFICIAL-R2:8_PER_CLASS,VALID,0.4454332552693208,1,1,0,P01_FROZEN_SINGLE_SUBSET,True,P02-INTEGRATED-LOW-LABEL-1-TO-256-R1,PREDECESSOR_1_TO_32_EXACT_ROWS_REUSED,,,,,False,False
BNCI2014_001,CLS-CSP-LDA,ACC,8,P01-L1-LOW-CAL-OFFICIAL-R2:8_PER_CLASS,VALID,0.4861111111111111,1,1,0,P01_FROZEN_SINGLE_SUBSET,True,P02-INTEGRATED-LOW-LABEL-1-TO-256-R1,PREDECESSOR_1_TO_32_EXACT_ROWS_REUSED,,,,,False,False
BNCI2014_001,CLS-CSP-LDA,BACC,16,P01-L1-LOW-CAL-OFFICIAL-R2:16_PER_CLASS,VALID,0.5277777777777778,1,1,0,P01_FROZEN_SINGLE_SUBSET,True,P02-INTEGRATED-LOW-LABEL-1-TO-256-R1,PREDECESSOR_1_TO_32_EXACT_ROWS_REUSED,,,,,False,False
BNCI2014_001,CLS-CSP-LDA,F1_MACRO,16,P01-L1-LOW-CAL-OFFICIAL-R2:16_PER_CLASS,VALID,0.4537847938863167,1,1,0,P01_FROZEN_SINGLE_SUBSET,True,P02-INTEGRATED-LOW-LABEL-1-TO-256-R1,PREDECESSOR_1_TO_32_EXACT_ROWS_REUSED,,,,,False,False
BNCI2014_001,CLS-CSP-LDA,ACC,16,P01-L1-LOW-CAL-OFFICIAL-R2:16_PER_CLASS,VALID,0.5277777777777778,1,1,0,P01_FROZEN_SINGLE_SUBSET,True,P02-INTEGRATED-LOW-LABEL-1-TO-256-R1,PREDECESSOR_1_TO_32_EXACT_ROWS_REUSED,,,,,False,False
BNCI2014_001,CLS-CSP-LDA,BACC,32,P01-L1-LOW-CAL-OFFICIAL-R2:32_PER_CLASS,VALID,0.4965277777777778,1,1,0,P01_FROZEN_SINGLE_SUBSET,True,P02-INTEGRATED-LOW-LABEL-1-TO-256-R1,PREDECESSOR_1_TO_32_EXACT_ROWS_REUSED,,,,,False,False
BNCI2014_001,CLS-CSP-LDA,F1_MACRO,32,P01-L1-LOW-CAL-OFFICIAL-R2:32_PER_CLASS,VALID,0.3492793143747565,1,1,0,P01_FROZEN_SINGLE_SUBSET,True,P02-INTEGRATED-LOW-LABEL-1-TO-256-R1,PREDECESSOR_1_TO_32_EXACT_ROWS_REUSED,,,,,False,False
BNCI2014_001,CLS-CSP-LDA,ACC,32,P01-L1-LOW-CAL-OFFICIAL-R2:32_PER_CLASS,VALID,0.4965277777777778,1,1,0,P01_FROZEN_SINGLE_SUBSET,True,P02-INTEGRATED-LOW-LABEL-1-TO-256-R1,PREDECESSOR_1_TO_32_EXACT_ROWS_REUSED,,,,,False,False
BNCI2014_001,RIE-TS-LR,BACC,1,P01-L1-LOW-CAL-OFFICIAL-R2:1_PER_CLASS,VALID,0.5416666666666667,1,1,0,P01_FROZEN_SINGLE_SUBSET,True,P02-INTEGRATED-LOW-LABEL-1-TO-256-R1,PREDECESSOR_1_TO_32_EXACT_ROWS_REUSED,,,,,False,False
BNCI2014_001,RIE-TS-LR,F1_MACRO,1,P01-L1-LOW-CAL-OFFICIAL-R2:1_PER_CLASS,VALID,0.5285714285714286,1,1,0,P01_FROZEN_SINGLE_SUBSET,True,P02-INTEGRATED-LOW-LABEL-1-TO-256-R1,PREDECESSOR_1_TO_32_EXACT_ROWS_REUSED,,,,,False,False
BNCI2014_001,RIE-TS-LR,ACC,1,P01-L1-LOW-CAL-OFFICIAL-R2:1_PER_CLASS,VALID,0.5416666666666666,1,1,0,P01_FROZEN_SINGLE_SUBSET,True,P02-INTEGRATED-LOW-LABEL-1-TO-256-R1,PREDECESSOR_1_TO_32_EXACT_ROWS_REUSED,,,,,False,False
BNCI2014_001,RIE-TS-LR,BACC,2,P01-L1-LOW-CAL-OFFICIAL-R2:2_PER_CLASS,VALID,0.5625,1,1,0,P01_FROZEN_SINGLE_SUBSET,True,P02-INTEGRATED-LOW-LABEL-1-TO-256-R1,PREDECESSOR_1_TO_32_EXACT_ROWS_REUSED,,,,,False,False
BNCI2014_001,RIE-TS-LR,F1_MACRO,2,P01-L1-LOW-CAL-OFFICIAL-R2:2_PER_CLASS,VALID,0.5594405594405594,1,1,0,P01_FROZEN_SINGLE_SUBSET,True,P02-INTEGRATED-LOW-LABEL-1-TO-256-R1,PREDECESSOR_1_TO_32_EXACT_ROWS_REUSED,,,,,False,False
BNCI2014_001,RIE-TS-LR,ACC,2,P01-L1-LOW-CAL-OFFICIAL-R2:2_PER_CLASS,VALID,0.5625,1,1,0,P01_FROZEN_SINGLE_SUBSET,True,P02-INTEGRATED-LOW-LABEL-1-TO-256-R1,PREDECESSOR_1_TO_32_EXACT_ROWS_REUSED,,,,,False,False
BNCI2014_001,RIE-TS-LR,BACC,4,P01-L1-LOW-CAL-OFFICIAL-R2:4_PER_CLASS,VALID,0.5902777777777778,1,1,0,P01_FROZEN_SINGLE_SUBSET,True,P02-INTEGRATED-LOW-LABEL-1-TO-256-R1,PREDECESSOR_1_TO_32_EXACT_ROWS_REUSED,,,,,False,False
BNCI2014_001,RIE-TS-LR,F1_MACRO,4,P01-L1-LOW-CAL-OFFICIAL-R2:4_PER_CLASS,VALID,0.5822187254130606,1,1,0,P01_FROZEN_SINGLE_SUBSET,True,P02-INTEGRATED-LOW-LABEL-1-TO-256-R1,PREDECESSOR_1_TO_32_EXACT_ROWS_REUSED,,,,,False,False
BNCI2014_001,RIE-TS-LR,ACC,4,P01-L1-LOW-CAL-OFFICIAL-R2:4_PER_CLASS,VALID,0.5902777777777778,1,1,0,P01_FROZEN_SINGLE_SUBSET,True,P02-INTEGRATED-LOW-LABEL-1-TO-256-R1,PREDECESSOR_1_TO_32_EXACT_ROWS_REUSED,,,,,False,False
BNCI2014_001,RIE-TS-LR,BACC,8,P01-L1-LOW-CAL-OFFICIAL-R2:8_PER_CLASS,VALID,0.4861111111111111,1,1,0,P01_FROZEN_SINGLE_SUBSET,True,P02-INTEGRATED-LOW-LABEL-1-TO-256-R1,PREDECESSOR_1_TO_32_EXACT_ROWS_REUSED,,,,,False,False
BNCI2014_001,RIE-TS-LR,F1_MACRO,8,P01-L1-LOW-CAL-OFFICIAL-R2:8_PER_CLASS,VALID,0.4860119621840633,1,1,0,P01_FROZEN_SINGLE_SUBSET,True,P02-INTEGRATED-LOW-LABEL-1-TO-256-R1,PREDECESSOR_1_TO_32_EXACT_ROWS_REUSED,,,,,False,False
BNCI2014_001,RIE-TS-LR,ACC,8,P01-L1-LOW-CAL-OFFICIAL-R2:8_PER_CLASS,VALID,0.4861111111111111,1,1,0,P01_FROZEN_SINGLE_SUBSET,True,P02-INTEGRATED-LOW-LABEL-1-TO-256-R1,PREDECESSOR_1_TO_32_EXACT_ROWS_REUSED,,,,,False,False
BNCI2014_001,RIE-TS-LR,BACC,16,P01-L1-LOW-CAL-OFFICIAL-R2:16_PER_CLASS,VALID,0.5208333333333333,1,1,0,P01_FROZEN_SINGLE_SUBSET,True,P02-INTEGRATED-LOW-LABEL-1-TO-256-R1,PREDECESSOR_1_TO_32_EXACT_ROWS_REUSED,,,,,False,False
BNCI2014_001,RIE-TS-LR,F1_MACRO,16,P01-L1-LOW-CAL-OFFICIAL-R2:16_PER_CLASS,VALID,0.4457522173258214,1,1,0,P01_FROZEN_SINGLE_SUBSET,True,P02-INTEGRATED-LOW-LABEL-1-TO-256-R1,PREDECESSOR_1_TO_32_EXACT_ROWS_REUSED,,,,,False,False
BNCI2014_001,RIE-TS-LR,ACC,16,P01-L1-LOW-CAL-OFFICIAL-R2:16_PER_CLASS,VALID,0.5208333333333334,1,1,0,P01_FROZEN_SINGLE_SUBSET,True,P02-INTEGRATED-LOW-LABEL-1-TO-256-R1,PREDECESSOR_1_TO_32_EXACT_ROWS_REUSED,,,,,False,False
BNCI2014_001,RIE-TS-LR,BACC,32,P01-L1-LOW-CAL-OFFICIAL-R2:32_PER_CLASS,VALID,0.5208333333333334,1,1,0,P01_FROZEN_SINGLE_SUBSET,True,P02-INTEGRATED-LOW-LABEL-1-TO-256-R1,PREDECESSOR_1_TO_32_EXACT_ROWS_REUSED,,,,,False,False
BNCI2014_001,RIE-TS-LR,F1_MACRO,32,P01-L1-LOW-CAL-OFFICIAL-R2:32_PER_CLASS,VALID,0.4942739349519011,1,1,0,P01_FROZEN_SINGLE_SUBSET,True,P02-INTEGRATED-LOW-LABEL-1-TO-256-R1,PREDECESSOR_1_TO_32_EXACT_ROWS_REUSED,,,,,False,False
BNCI2014_001,RIE-TS-LR,ACC,32,P01-L1-LOW-CAL-OFFICIAL-R2:32_PER_CLASS,VALID,0.5208333333333334,1,1,0,P01_FROZEN_SINGLE_SUBSET,True,P02-INTEGRATED-LOW-LABEL-1-TO-256-R1,PREDECESSOR_1_TO_32_EXACT_ROWS_REUSED,,,,,False,False
BNCI2014_001,DNN-EEGNET,BACC,1,P01-L1-LOW-CAL-OFFICIAL-R2:1_PER_CLASS,VALID,0.5243055555555556,5,5,0,P01_FROZEN_SINGLE_SUBSET,True,P02-INTEGRATED-LOW-LABEL-1-TO-256-R1,PREDECESSOR_1_TO_32_EXACT_ROWS_REUSED,,,,,False,False
BNCI2014_001,DNN-EEGNET,F1_MACRO,1,P01-L1-LOW-CAL-OFFICIAL-R2:1_PER_CLASS,VALID,0.469869248626976,5,5,0,P01_FROZEN_SINGLE_SUBSET,True,P02-INTEGRATED-LOW-LABEL-1-TO-256-R1,PREDECESSOR_1_TO_32_EXACT_ROWS_REUSED,,,,,False,False
BNCI2014_001,DNN-EEGNET,ACC,1,P01-L1-LOW-CAL-OFFICIAL-R2:1_PER_CLASS,VALID,0.5243055555555556,5,5,0,P01_FROZEN_SINGLE_SUBSET,True,P02-INTEGRATED-LOW-LABEL-1-TO-256-R1,PREDECESSOR_1_TO_32_EXACT_ROWS_REUSED,,,,,False,False
BNCI2014_001,DNN-EEGNET,BACC,2,P01-L1-LOW-CAL-OFFICIAL-R2:2_PER_CLASS,VALID,0.525,5,5,0,P01_FROZEN_SINGLE_SUBSET,True,P02-INTEGRATED-LOW-LABEL-1-TO-256-R1,PREDECESSOR_1_TO_32_EXACT_ROWS_REUSED,,,,,False,False
BNCI2014_001,DNN-EEGNET,F1_MACRO,2,P01-L1-LOW-CAL-OFFICIAL-R2:2_PER_CLASS,VALID,0.4910402646962513,5,5,0,P01_FROZEN_SINGLE_SUBSET,True,P02-INTEGRATED-LOW-LABEL-1-TO-256-R1,PREDECESSOR_1_TO_32_EXACT_ROWS_REUSED,,,,,False,False
BNCI2014_001,DNN-EEGNET,ACC,2,P01-L1-LOW-CAL-OFFICIAL-R2:2_PER_CLASS,VALID,0.525,5,5,0,P01_FROZEN_SINGLE_SUBSET,True,P02-INTEGRATED-LOW-LABEL-1-TO-256-R1,PREDECESSOR_1_TO_32_EXACT_ROWS_REUSED,,,,,False,False
BNCI2014_001,DNN-EEGNET,BACC,4,P01-L1-LOW-CAL-OFFICIAL-R2:4_PER_CLASS,VALID,0.5354166666666667,5,5,0,P01_FROZEN_SINGLE_SUBSET,True,P02-INTEGRATED-LOW-LABEL-1-TO-256-R1,PREDECESSOR_1_TO_32_EXACT_ROWS_REUSED,,,,,False,False
BNCI2014_001,DNN-EEGNET,F1_MACRO,4,P01-L1-LOW-CAL-OFFICIAL-R2:4_PER_CLASS,VALID,0.5045105439692935,5,5,0,P01_FROZEN_SINGLE_SUBSET,True,P02-INTEGRATED-LOW-LABEL-1-TO-256-R1,PREDECESSOR_1_TO_32_EXACT_ROWS_REUSED,,,,,False,False
BNCI2014_001,DNN-EEGNET,ACC,4,P01-L1-LOW-CAL-OFFICIAL-R2:4_PER_CLASS,VALID,0.5354166666666667,5,5,0,P01_FROZEN_SINGLE_SUBSET,True,P02-INTEGRATED-LOW-LABEL-1-TO-256-R1,PREDECESSOR_1_TO_32_EXACT_ROWS_REUSED,,,,,False,False
BNCI2014_001,DNN-EEGNET,BACC,8,P01-L1-LOW-CAL-OFFICIAL-R2:8_PER_CLASS,VALID,0.5416666666666667,5,5,0,P01_FROZEN_SINGLE_SUBSET,True,P02-INTEGRATED-LOW-LABEL-1-TO-256-R1,PREDECESSOR_1_TO_32_EXACT_ROWS_REUSED,,,,,False,False
BNCI2014_001,DNN-EEGNET,F1_MACRO,8,P01-L1-LOW-CAL-OFFICIAL-R2:8_PER_CLASS,VALID,0.5215688103002025,5,5,0,P01_FROZEN_SINGLE_SUBSET,True,P02-INTEGRATED-LOW-LABEL-1-TO-256-R1,PREDECESSOR_1_TO_32_EXACT_ROWS_REUSED,,,,,False,False
BNCI2014_001,DNN-EEGNET,ACC,8,P01-L1-LOW-CAL-OFFICIAL-R2:8_PER_CLASS,VALID,0.5416666666666667,5,5,0,P01_FROZEN_SINGLE_SUBSET,True,P02-INTEGRATED-LOW-LABEL-1-TO-256-R1,PREDECESSOR_1_TO_32_EXACT_ROWS_REUSED,,,,,False,False
BNCI2014_001,DNN-EEGNET,BACC,16,P01-L1-LOW-CAL-OFFICIAL-R2:16_PER_CLASS,VALID,0.56875,5,5,0,P01_FROZEN_SINGLE_SUBSET,True,P02-INTEGRATED-LOW-LABEL-1-TO-256-R1,PREDECESSOR_1_TO_32_EXACT_ROWS_REUSED,,,,,False,False
BNCI2014_001,DNN-EEGNET,F1_MACRO,16,P01-L1-LOW-CAL-OFFICIAL-R2:16_PER_CLASS,VALID,0.5433607685198153,5,5,0,P01_FROZEN_SINGLE_SUBSET,True,P02-INTEGRATED-LOW-LABEL-1-TO-256-R1,PREDECESSOR_1_TO_32_EXACT_ROWS_REUSED,,,,,False,False
BNCI2014_001,DNN-EEGNET,ACC,16,P01-L1-LOW-CAL-OFFICIAL-R2:16_PER_CLASS,VALID,0.56875,5,5,0,P01_FROZEN_SINGLE_SUBSET,True,P02-INTEGRATED-LOW-LABEL-1-TO-256-R1,PREDECESSOR_1_TO_32_EXACT_ROWS_REUSED,,,,,False,False
BNCI2014_001,DNN-EEGNET,BACC,32,P01-L1-LOW-CAL-OFFICIAL-R2:32_PER_CLASS,VALID,0.5076388888888889,5,5,0,P01_FROZEN_SINGLE_SUBSET,True,P02-INTEGRATED-LOW-LABEL-1-TO-256-R1,PREDECESSOR_1_TO_32_EXACT_ROWS_REUSED,,,,,False,False
BNCI2014_001,DNN-EEGNET,F1_MACRO,32,P01-L1-LOW-CAL-OFFICIAL-R2:32_PER_CLASS,VALID,0.4806559801766162,5,5,0,P01_FROZEN_SINGLE_SUBSET,True,P02-INTEGRATED-LOW-LABEL-1-TO-256-R1,PREDECESSOR_1_TO_32_EXACT_ROWS_REUSED,,,,,False,False
BNCI2014_001,DNN-EEGNET,ACC,32,P01-L1-LOW-CAL-OFFICIAL-R2:32_PER_CLASS,VALID,0.507638888888889,5,5,0,P01_FROZEN_SINGLE_SUBSET,True,P02-INTEGRATED-LOW-LABEL-1-TO-256-R1,PREDECESSOR_1_TO_32_EXACT_ROWS_REUSED,,,,,False,False
BNCI2014_001,SSL-CBRAMOD,BACC,1,P01-L1-LOW-CAL-OFFICIAL-R2:1_PER_CLASS,VALID,0.4979166666666667,5,5,0,P01_FROZEN_SINGLE_SUBSET,True,P02-INTEGRATED-LOW-LABEL-1-TO-256-R1,PREDECESSOR_1_TO_32_EXACT_ROWS_REUSED,,,,,False,False
BNCI2014_001,SSL-CBRAMOD,F1_MACRO,1,P01-L1-LOW-CAL-OFFICIAL-R2:1_PER_CLASS,VALID,0.4140560722791003,5,5,0,P01_FROZEN_SINGLE_SUBSET,True,P02-INTEGRATED-LOW-LABEL-1-TO-256-R1,PREDECESSOR_1_TO_32_EXACT_ROWS_REUSED,,,,,False,False
BNCI2014_001,SSL-CBRAMOD,ACC,1,P01-L1-LOW-CAL-OFFICIAL-R2:1_PER_CLASS,VALID,0.4979166666666667,5,5,0,P01_FROZEN_SINGLE_SUBSET,True,P02-INTEGRATED-LOW-LABEL-1-TO-256-R1,PREDECESSOR_1_TO_32_EXACT_ROWS_REUSED,,,,,False,False
BNCI2014_001,SSL-CBRAMOD,BACC,2,P01-L1-LOW-CAL-OFFICIAL-R2:2_PER_CLASS,VALID,0.5069444444444444,5,5,0,P01_FROZEN_SINGLE_SUBSET,True,P02-INTEGRATED-LOW-LABEL-1-TO-256-R1,PREDECESSOR_1_TO_32_EXACT_ROWS_REUSED,,,,,False,False
BNCI2014_001,SSL-CBRAMOD,F1_MACRO,2,P01-L1-LOW-CAL-OFFICIAL-R2:2_PER_CLASS,VALID,0.4369462408313713,5,5,0,P01_FROZEN_SINGLE_SUBSET,True,P02-INTEGRATED-LOW-LABEL-1-TO-256-R1,PREDECESSOR_1_TO_32_EXACT_ROWS_REUSED,,,,,False,False
BNCI2014_001,SSL-CBRAMOD,ACC,2,P01-L1-LOW-CAL-OFFICIAL-R2:2_PER_CLASS,VALID,0.5069444444444444,5,5,0,P01_FROZEN_SINGLE_SUBSET,True,P02-INTEGRATED-LOW-LABEL-1-TO-256-R1,PREDECESSOR_1_TO_32_EXACT_ROWS_REUSED,,,,,False,False
BNCI2014_001,SSL-CBRAMOD,BACC,4,P01-L1-LOW-CAL-OFFICIAL-R2:4_PER_CLASS,VALID,0.5083333333333334,5,5,0,P01_FROZEN_SINGLE_SUBSET,True,P02-INTEGRATED-LOW-LABEL-1-TO-256-R1,PREDECESSOR_1_TO_32_EXACT_ROWS_REUSED,,,,,False,False
BNCI2014_001,SSL-CBRAMOD,F1_MACRO,4,P01-L1-LOW-CAL-OFFICIAL-R2:4_PER_CLASS,VALID,0.4963939306150724,5,5,0,P01_FROZEN_SINGLE_SUBSET,True,P02-INTEGRATED-LOW-LABEL-1-TO-256-R1,PREDECESSOR_1_TO_32_EXACT_ROWS_REUSED,,,,,False,False
BNCI2014_001,SSL-CBRAMOD,ACC,4,P01-L1-LOW-CAL-OFFICIAL-R2:4_PER_CLASS,VALID,0.5083333333333333,5,5,0,P01_FROZEN_SINGLE_SUBSET,True,P02-INTEGRATED-LOW-LABEL-1-TO-256-R1,PREDECESSOR_1_TO_32_EXACT_ROWS_REUSED,,,,,False,False
BNCI2014_001,SSL-CBRAMOD,BACC,8,P01-L1-LOW-CAL-OFFICIAL-R2:8_PER_CLASS,VALID,0.5208333333333333,5,5,0,P01_FROZEN_SINGLE_SUBSET,True,P02-INTEGRATED-LOW-LABEL-1-TO-256-R1,PREDECESSOR_1_TO_32_EXACT_ROWS_REUSED,,,,,False,False
BNCI2014_001,SSL-CBRAMOD,F1_MACRO,8,P01-L1-LOW-CAL-OFFICIAL-R2:8_PER_CLASS,VALID,0.5116892726018107,5,5,0,P01_FROZEN_SINGLE_SUBSET,True,P02-INTEGRATED-LOW-LABEL-1-TO-256-R1,PREDECESSOR_1_TO_32_EXACT_ROWS_REUSED,,,,,False,False
BNCI2014_001,SSL-CBRAMOD,ACC,8,P01-L1-LOW-CAL-OFFICIAL-R2:8_PER_CLASS,VALID,0.5208333333333333,5,5,0,P01_FROZEN_SINGLE_SUBSET,True,P02-INTEGRATED-LOW-LABEL-1-TO-256-R1,PREDECESSOR_1_TO_32_EXACT_ROWS_REUSED,,,,,False,False
BNCI2014_001,SSL-CBRAMOD,BACC,16,P01-L1-LOW-CAL-OFFICIAL-R2:16_PER_CLASS,VALID,0.5277777777777778,5,5,0,P01_FROZEN_SINGLE_SUBSET,True,P02-INTEGRATED-LOW-LABEL-1-TO-256-R1,PREDECESSOR_1_TO_32_EXACT_ROWS_REUSED,,,,,False,False
BNCI2014_001,SSL-CBRAMOD,F1_MACRO,16,P01-L1-LOW-CAL-OFFICIAL-R2:16_PER_CLASS,VALID,0.5200074006078532,5,5,0,P01_FROZEN_SINGLE_SUBSET,True,P02-INTEGRATED-LOW-LABEL-1-TO-256-R1,PREDECESSOR_1_TO_32_EXACT_ROWS_REUSED,,,,,False,False
BNCI2014_001,SSL-CBRAMOD,ACC,16,P01-L1-LOW-CAL-OFFICIAL-R2:16_PER_CLASS,VALID,0.5277777777777778,5,5,0,P01_FROZEN_SINGLE_SUBSET,True,P02-INTEGRATED-LOW-LABEL-1-TO-256-R1,PREDECESSOR_1_TO_32_EXACT_ROWS_REUSED,,,,,False,False
BNCI2014_001,SSL-CBRAMOD,BACC,32,P01-L1-LOW-CAL-OFFICIAL-R2:32_PER_CLASS,VALID,0.5166666666666667,5,5,0,P01_FROZEN_SINGLE_SUBSET,True,P02-INTEGRATED-LOW-LABEL-1-TO-256-R1,PREDECESSOR_1_TO_32_EXACT_ROWS_REUSED,,,,,False,False
BNCI2014_001,SSL-CBRAMOD,F1_MACRO,32,P01-L1-LOW-CAL-OFFICIAL-R2:32_PER_CLASS,VALID,0.5017212148255477,5,5,0,P01_FROZEN_SINGLE_SUBSET,True,P02-INTEGRATED-LOW-LABEL-1-TO-256-R1,PREDECESSOR_1_TO_32_EXACT_ROWS_REUSED,,,,,False,False
BNCI2014_001,SSL-CBRAMOD,ACC,32,P01-L1-LOW-CAL-OFFICIAL-R2:32_PER_CLASS,VALID,0.5166666666666667,5,5,0,P01_FROZEN_SINGLE_SUBSET,True,P02-INTEGRATED-LOW-LABEL-1-TO-256-R1,PREDECESSOR_1_TO_32_EXACT_ROWS_REUSED,,,,,False,False
Lee2019_MI,CLS-CSP-LDA,BACC,1,P01-L1-LOW-CAL-OFFICIAL-R2:1_PER_CLASS,EXPLICIT_NON_SUCCESS,,1,0,1,P01_FROZEN_SINGLE_SUBSET,True,P02-INTEGRATED-LOW-LABEL-1-TO-256-R1,PREDECESSOR_1_TO_32_EXACT_ROWS_REUSED,,,,,False,False
Lee2019_MI,CLS-CSP-LDA,F1_MACRO,1,P01-L1-LOW-CAL-OFFICIAL-R2:1_PER_CLASS,EXPLICIT_NON_SUCCESS,,1,0,1,P01_FROZEN_SINGLE_SUBSET,True,P02-INTEGRATED-LOW-LABEL-1-TO-256-R1,PREDECESSOR_1_TO_32_EXACT_ROWS_REUSED,,,,,False,False
Lee2019_MI,CLS-CSP-LDA,ACC,1,P01-L1-LOW-CAL-OFFICIAL-R2:1_PER_CLASS,EXPLICIT_NON_SUCCESS,,1,0,1,P01_FROZEN_SINGLE_SUBSET,True,P02-INTEGRATED-LOW-LABEL-1-TO-256-R1,PREDECESSOR_1_TO_32_EXACT_ROWS_REUSED,,,,,False,False
Lee2019_MI,CLS-CSP-LDA,BACC,2,P01-L1-LOW-CAL-OFFICIAL-R2:2_PER_CLASS,VALID,0.5,1,1,0,P01_FROZEN_SINGLE_SUBSET,True,P02-INTEGRATED-LOW-LABEL-1-TO-256-R1,PREDECESSOR_1_TO_32_EXACT_ROWS_REUSED,,,,,False,False
Lee2019_MI,CLS-CSP-LDA,F1_MACRO,2,P01-L1-LOW-CAL-OFFICIAL-R2:2_PER_CLASS,VALID,0.3333333333333333,1,1,0,P01_FROZEN_SINGLE_SUBSET,True,P02-INTEGRATED-LOW-LABEL-1-TO-256-R1,PREDECESSOR_1_TO_32_EXACT_ROWS_REUSED,,,,,False,False
Lee2019_MI,CLS-CSP-LDA,ACC,2,P01-L1-LOW-CAL-OFFICIAL-R2:2_PER_CLASS,VALID,0.5,1,1,0,P01_FROZEN_SINGLE_SUBSET,True,P02-INTEGRATED-LOW-LABEL-1-TO-256-R1,PREDECESSOR_1_TO_32_EXACT_ROWS_REUSED,,,,,False,False
Lee2019_MI,CLS-CSP-LDA,BACC,4,P01-L1-LOW-CAL-OFFICIAL-R2:4_PER_CLASS,VALID,0.4966666666666667,1,1,0,P01_FROZEN_SINGLE_SUBSET,True,P02-INTEGRATED-LOW-LABEL-1-TO-256-R1,PREDECESSOR_1_TO_32_EXACT_ROWS_REUSED,,,,,False,False
Lee2019_MI,CLS-CSP-LDA,F1_MACRO,4,P01-L1-LOW-CAL-OFFICIAL-R2:4_PER_CLASS,VALID,0.4480926911877582,1,1,0,P01_FROZEN_SINGLE_SUBSET,True,P02-INTEGRATED-LOW-LABEL-1-TO-256-R1,PREDECESSOR_1_TO_32_EXACT_ROWS_REUSED,,,,,False,False
Lee2019_MI,CLS-CSP-LDA,ACC,4,P01-L1-LOW-CAL-OFFICIAL-R2:4_PER_CLASS,VALID,0.4966666666666666,1,1,0,P01_FROZEN_SINGLE_SUBSET,True,P02-INTEGRATED-LOW-LABEL-1-TO-256-R1,PREDECESSOR_1_TO_32_EXACT_ROWS_REUSED,,,,,False,False
Lee2019_MI,CLS-CSP-LDA,BACC,8,P01-L1-LOW-CAL-OFFICIAL-R2:8_PER_CLASS,VALID,0.4616666666666666,1,1,0,P01_FROZEN_SINGLE_SUBSET,True,P02-INTEGRATED-LOW-LABEL-1-TO-256-R1,PREDECESSOR_1_TO_32_EXACT_ROWS_REUSED,,,,,False,False
Lee2019_MI,CLS-CSP-LDA,F1_MACRO,8,P01-L1-LOW-CAL-OFFICIAL-R2:8_PER_CLASS,VALID,0.4511640815494278,1,1,0,P01_FROZEN_SINGLE_SUBSET,True,P02-INTEGRATED-LOW-LABEL-1-TO-256-R1,PREDECESSOR_1_TO_32_EXACT_ROWS_REUSED,,,,,False,False
Lee2019_MI,CLS-CSP-LDA,ACC,8,P01-L1-LOW-CAL-OFFICIAL-R2:8_PER_CLASS,VALID,0.4616666666666666,1,1,0,P01_FROZEN_SINGLE_SUBSET,True,P02-INTEGRATED-LOW-LABEL-1-TO-256-R1,PREDECESSOR_1_TO_32_EXACT_ROWS_REUSED,,,,,False,False
Lee2019_MI,CLS-CSP-LDA,BACC,16,P01-L1-LOW-CAL-OFFICIAL-R2:16_PER_CLASS,VALID,0.5666666666666667,1,1,0,P01_FROZEN_SINGLE_SUBSET,True,P02-INTEGRATED-LOW-LABEL-1-TO-256-R1,PREDECESSOR_1_TO_32_EXACT_ROWS_REUSED,,,,,False,False
Lee2019_MI,CLS-CSP-LDA,F1_MACRO,16,P01-L1-LOW-CAL-OFFICIAL-R2:16_PER_CLASS,VALID,0.5619896899111625,1,1,0,P01_FROZEN_SINGLE_SUBSET,True,P02-INTEGRATED-LOW-LABEL-1-TO-256-R1,PREDECESSOR_1_TO_32_EXACT_ROWS_REUSED,,,,,False,False
Lee2019_MI,CLS-CSP-LDA,ACC,16,P01-L1-LOW-CAL-OFFICIAL-R2:16_PER_CLASS,VALID,0.5666666666666667,1,1,0,P01_FROZEN_SINGLE_SUBSET,True,P02-INTEGRATED-LOW-LABEL-1-TO-256-R1,PREDECESSOR_1_TO_32_EXACT_ROWS_REUSED,,,,,False,False
Lee2019_MI,CLS-CSP-LDA,BACC,32,P01-L1-LOW-CAL-OFFICIAL-R2:32_PER_CLASS,VALID,0.5183333333333333,1,1,0,P01_FROZEN_SINGLE_SUBSET,True,P02-INTEGRATED-LOW-LABEL-1-TO-256-R1,PREDECESSOR_1_TO_32_EXACT_ROWS_REUSED,,,,,False,False
Lee2019_MI,CLS-CSP-LDA,F1_MACRO,32,P01-L1-LOW-CAL-OFFICIAL-R2:32_PER_CLASS,VALID,0.4141713768324037,1,1,0,P01_FROZEN_SINGLE_SUBSET,True,P02-INTEGRATED-LOW-LABEL-1-TO-256-R1,PREDECESSOR_1_TO_32_EXACT_ROWS_REUSED,,,,,False,False
Lee2019_MI,CLS-CSP-LDA,ACC,32,P01-L1-LOW-CAL-OFFICIAL-R2:32_PER_CLASS,VALID,0.5183333333333333,1,1,0,P01_FROZEN_SINGLE_SUBSET,True,P02-INTEGRATED-LOW-LABEL-1-TO-256-R1,PREDECESSOR_1_TO_32_EXACT_ROWS_REUSED,,,,,False,False
Lee2019_MI,RIE-TS-LR,BACC,1,P01-L1-LOW-CAL-OFFICIAL-R2:1_PER_CLASS,VALID,0.5016666666666667,1,1,0,P01_FROZEN_SINGLE_SUBSET,True,P02-INTEGRATED-LOW-LABEL-1-TO-256-R1,PREDECESSOR_1_TO_32_EXACT_ROWS_REUSED,,,,,False,False
Lee2019_MI,RIE-TS-LR,F1_MACRO,1,P01-L1-LOW-CAL-OFFICIAL-R2:1_PER_CLASS,VALID,0.4919444593909564,1,1,0,P01_FROZEN_SINGLE_SUBSET,True,P02-INTEGRATED-LOW-LABEL-1-TO-256-R1,PREDECESSOR_1_TO_32_EXACT_ROWS_REUSED,,,,,False,False
Lee2019_MI,RIE-TS-LR,ACC,1,P01-L1-LOW-CAL-OFFICIAL-R2:1_PER_CLASS,VALID,0.5016666666666667,1,1,0,P01_FROZEN_SINGLE_SUBSET,True,P02-INTEGRATED-LOW-LABEL-1-TO-256-R1,PREDECESSOR_1_TO_32_EXACT_ROWS_REUSED,,,,,False,False
Lee2019_MI,RIE-TS-LR,BACC,2,P01-L1-LOW-CAL-OFFICIAL-R2:2_PER_CLASS,VALID,0.4933333333333333,1,1,0,P01_FROZEN_SINGLE_SUBSET,True,P02-INTEGRATED-LOW-LABEL-1-TO-256-R1,PREDECESSOR_1_TO_32_EXACT_ROWS_REUSED,,,,,False,False
Lee2019_MI,RIE-TS-LR,F1_MACRO,2,P01-L1-LOW-CAL-OFFICIAL-R2:2_PER_CLASS,VALID,0.3470416404146858,1,1,0,P01_FROZEN_SINGLE_SUBSET,True,P02-INTEGRATED-LOW-LABEL-1-TO-256-R1,PREDECESSOR_1_TO_32_EXACT_ROWS_REUSED,,,,,False,False
Lee2019_MI,RIE-TS-LR,ACC,2,P01-L1-LOW-CAL-OFFICIAL-R2:2_PER_CLASS,VALID,0.4933333333333333,1,1,0,P01_FROZEN_SINGLE_SUBSET,True,P02-INTEGRATED-LOW-LABEL-1-TO-256-R1,PREDECESSOR_1_TO_32_EXACT_ROWS_REUSED,,,,,False,False
Lee2019_MI,RIE-TS-LR,BACC,4,P01-L1-LOW-CAL-OFFICIAL-R2:4_PER_CLASS,VALID,0.4983333333333333,1,1,0,P01_FROZEN_SINGLE_SUBSET,True,P02-INTEGRATED-LOW-LABEL-1-TO-256-R1,PREDECESSOR_1_TO_32_EXACT_ROWS_REUSED,,,,,False,False
Lee2019_MI,RIE-TS-LR,F1_MACRO,4,P01-L1-LOW-CAL-OFFICIAL-R2:4_PER_CLASS,VALID,0.4290573756239745,1,1,0,P01_FROZEN_SINGLE_SUBSET,True,P02-INTEGRATED-LOW-LABEL-1-TO-256-R1,PREDECESSOR_1_TO_32_EXACT_ROWS_REUSED,,,,,False,False
Lee2019_MI,RIE-TS-LR,ACC,4,P01-L1-LOW-CAL-OFFICIAL-R2:4_PER_CLASS,VALID,0.4983333333333333,1,1,0,P01_FROZEN_SINGLE_SUBSET,True,P02-INTEGRATED-LOW-LABEL-1-TO-256-R1,PREDECESSOR_1_TO_32_EXACT_ROWS_REUSED,,,,,False,False
Lee2019_MI,RIE-TS-LR,BACC,8,P01-L1-LOW-CAL-OFFICIAL-R2:8_PER_CLASS,VALID,0.5349999999999999,1,1,0,P01_FROZEN_SINGLE_SUBSET,True,P02-INTEGRATED-LOW-LABEL-1-TO-256-R1,PREDECESSOR_1_TO_32_EXACT_ROWS_REUSED,,,,,False,False
Lee2019_MI,RIE-TS-LR,F1_MACRO,8,P01-L1-LOW-CAL-OFFICIAL-R2:8_PER_CLASS,VALID,0.5219860707769012,1,1,0,P01_FROZEN_SINGLE_SUBSET,True,P02-INTEGRATED-LOW-LABEL-1-TO-256-R1,PREDECESSOR_1_TO_32_EXACT_ROWS_REUSED,,,,,False,False
Lee2019_MI,RIE-TS-LR,ACC,8,P01-L1-LOW-CAL-OFFICIAL-R2:8_PER_CLASS,VALID,0.535,1,1,0,P01_FROZEN_SINGLE_SUBSET,True,P02-INTEGRATED-LOW-LABEL-1-TO-256-R1,PREDECESSOR_1_TO_32_EXACT_ROWS_REUSED,,,,,False,False
Lee2019_MI,RIE-TS-LR,BACC,16,P01-L1-LOW-CAL-OFFICIAL-R2:16_PER_CLASS,VALID,0.5700000000000001,1,1,0,P01_FROZEN_SINGLE_SUBSET,True,P02-INTEGRATED-LOW-LABEL-1-TO-256-R1,PREDECESSOR_1_TO_32_EXACT_ROWS_REUSED,,,,,False,False
Lee2019_MI,RIE-TS-LR,F1_MACRO,16,P01-L1-LOW-CAL-OFFICIAL-R2:16_PER_CLASS,VALID,0.5697657613589622,1,1,0,P01_FROZEN_SINGLE_SUBSET,True,P02-INTEGRATED-LOW-LABEL-1-TO-256-R1,PREDECESSOR_1_TO_32_EXACT_ROWS_REUSED,,,,,False,False
Lee2019_MI,RIE-TS-LR,ACC,16,P01-L1-LOW-CAL-OFFICIAL-R2:16_PER_CLASS,VALID,0.57,1,1,0,P01_FROZEN_SINGLE_SUBSET,True,P02-INTEGRATED-LOW-LABEL-1-TO-256-R1,PREDECESSOR_1_TO_32_EXACT_ROWS_REUSED,,,,,False,False
Lee2019_MI,RIE-TS-LR,BACC,32,P01-L1-LOW-CAL-OFFICIAL-R2:32_PER_CLASS,VALID,0.5283333333333333,1,1,0,P01_FROZEN_SINGLE_SUBSET,True,P02-INTEGRATED-LOW-LABEL-1-TO-256-R1,PREDECESSOR_1_TO_32_EXACT_ROWS_REUSED,,,,,False,False
Lee2019_MI,RIE-TS-LR,F1_MACRO,32,P01-L1-LOW-CAL-OFFICIAL-R2:32_PER_CLASS,VALID,0.4301994301994302,1,1,0,P01_FROZEN_SINGLE_SUBSET,True,P02-INTEGRATED-LOW-LABEL-1-TO-256-R1,PREDECESSOR_1_TO_32_EXACT_ROWS_REUSED,,,,,False,False
Lee2019_MI,RIE-TS-LR,ACC,32,P01-L1-LOW-CAL-OFFICIAL-R2:32_PER_CLASS,VALID,0.5283333333333333,1,1,0,P01_FROZEN_SINGLE_SUBSET,True,P02-INTEGRATED-LOW-LABEL-1-TO-256-R1,PREDECESSOR_1_TO_32_EXACT_ROWS_REUSED,,,,,False,False
Lee2019_MI,DNN-EEGNET,BACC,1,P01-L1-LOW-CAL-OFFICIAL-R2:1_PER_CLASS,VALID,0.5273333333333333,5,5,0,P01_FROZEN_SINGLE_SUBSET,True,P02-INTEGRATED-LOW-LABEL-1-TO-256-R1,PREDECESSOR_1_TO_32_EXACT_ROWS_REUSED,,,,,False,False
Lee2019_MI,DNN-EEGNET,F1_MACRO,1,P01-L1-LOW-CAL-OFFICIAL-R2:1_PER_CLASS,VALID,0.514966575745983,5,5,0,P01_FROZEN_SINGLE_SUBSET,True,P02-INTEGRATED-LOW-LABEL-1-TO-256-R1,PREDECESSOR_1_TO_32_EXACT_ROWS_REUSED,,,,,False,False
Lee2019_MI,DNN-EEGNET,ACC,1,P01-L1-LOW-CAL-OFFICIAL-R2:1_PER_CLASS,VALID,0.5273333333333333,5,5,0,P01_FROZEN_SINGLE_SUBSET,True,P02-INTEGRATED-LOW-LABEL-1-TO-256-R1,PREDECESSOR_1_TO_32_EXACT_ROWS_REUSED,,,,,False,False
Lee2019_MI,DNN-EEGNET,BACC,2,P01-L1-LOW-CAL-OFFICIAL-R2:2_PER_CLASS,VALID,0.4983333333333333,5,5,0,P01_FROZEN_SINGLE_SUBSET,True,P02-INTEGRATED-LOW-LABEL-1-TO-256-R1,PREDECESSOR_1_TO_32_EXACT_ROWS_REUSED,,,,,False,False
Lee2019_MI,DNN-EEGNET,F1_MACRO,2,P01-L1-LOW-CAL-OFFICIAL-R2:2_PER_CLASS,VALID,0.4224480309428505,5,5,0,P01_FROZEN_SINGLE_SUBSET,True,P02-INTEGRATED-LOW-LABEL-1-TO-256-R1,PREDECESSOR_1_TO_32_EXACT_ROWS_REUSED,,,,,False,False
Lee2019_MI,DNN-EEGNET,ACC,2,P01-L1-LOW-CAL-OFFICIAL-R2:2_PER_CLASS,VALID,0.4983333333333333,5,5,0,P01_FROZEN_SINGLE_SUBSET,True,P02-INTEGRATED-LOW-LABEL-1-TO-256-R1,PREDECESSOR_1_TO_32_EXACT_ROWS_REUSED,,,,,False,False
Lee2019_MI,DNN-EEGNET,BACC,4,P01-L1-LOW-CAL-OFFICIAL-R2:4_PER_CLASS,VALID,0.5243333333333333,5,5,0,P01_FROZEN_SINGLE_SUBSET,True,P02-INTEGRATED-LOW-LABEL-1-TO-256-R1,PREDECESSOR_1_TO_32_EXACT_ROWS_REUSED,,,,,False,False
Lee2019_MI,DNN-EEGNET,F1_MACRO,4,P01-L1-LOW-CAL-OFFICIAL-R2:4_PER_CLASS,VALID,0.5035451419783176,5,5,0,P01_FROZEN_SINGLE_SUBSET,True,P02-INTEGRATED-LOW-LABEL-1-TO-256-R1,PREDECESSOR_1_TO_32_EXACT_ROWS_REUSED,,,,,False,False
Lee2019_MI,DNN-EEGNET,ACC,4,P01-L1-LOW-CAL-OFFICIAL-R2:4_PER_CLASS,VALID,0.5243333333333333,5,5,0,P01_FROZEN_SINGLE_SUBSET,True,P02-INTEGRATED-LOW-LABEL-1-TO-256-R1,PREDECESSOR_1_TO_32_EXACT_ROWS_REUSED,,,,,False,False
Lee2019_MI,DNN-EEGNET,BACC,8,P01-L1-LOW-CAL-OFFICIAL-R2:8_PER_CLASS,VALID,0.5226666666666666,5,5,0,P01_FROZEN_SINGLE_SUBSET,True,P02-INTEGRATED-LOW-LABEL-1-TO-256-R1,PREDECESSOR_1_TO_32_EXACT_ROWS_REUSED,,,,,False,False
Lee2019_MI,DNN-EEGNET,F1_MACRO,8,P01-L1-LOW-CAL-OFFICIAL-R2:8_PER_CLASS,VALID,0.474384791504708,5,5,0,P01_FROZEN_SINGLE_SUBSET,True,P02-INTEGRATED-LOW-LABEL-1-TO-256-R1,PREDECESSOR_1_TO_32_EXACT_ROWS_REUSED,,,,,False,False
Lee2019_MI,DNN-EEGNET,ACC,8,P01-L1-LOW-CAL-OFFICIAL-R2:8_PER_CLASS,VALID,0.5226666666666666,5,5,0,P01_FROZEN_SINGLE_SUBSET,True,P02-INTEGRATED-LOW-LABEL-1-TO-256-R1,PREDECESSOR_1_TO_32_EXACT_ROWS_REUSED,,,,,False,False
Lee2019_MI,DNN-EEGNET,BACC,16,P01-L1-LOW-CAL-OFFICIAL-R2:16_PER_CLASS,VALID,0.498,5,5,0,P01_FROZEN_SINGLE_SUBSET,True,P02-INTEGRATED-LOW-LABEL-1-TO-256-R1,PREDECESSOR_1_TO_32_EXACT_ROWS_REUSED,,,,,False,False
Lee2019_MI,DNN-EEGNET,F1_MACRO,16,P01-L1-LOW-CAL-OFFICIAL-R2:16_PER_CLASS,VALID,0.4563765779991726,5,5,0,P01_FROZEN_SINGLE_SUBSET,True,P02-INTEGRATED-LOW-LABEL-1-TO-256-R1,PREDECESSOR_1_TO_32_EXACT_ROWS_REUSED,,,,,False,False
Lee2019_MI,DNN-EEGNET,ACC,16,P01-L1-LOW-CAL-OFFICIAL-R2:16_PER_CLASS,VALID,0.498,5,5,0,P01_FROZEN_SINGLE_SUBSET,True,P02-INTEGRATED-LOW-LABEL-1-TO-256-R1,PREDECESSOR_1_TO_32_EXACT_ROWS_REUSED,,,,,False,False
Lee2019_MI,DNN-EEGNET,BACC,32,P01-L1-LOW-CAL-OFFICIAL-R2:32_PER_CLASS,VALID,0.5226666666666666,5,5,0,P01_FROZEN_SINGLE_SUBSET,True,P02-INTEGRATED-LOW-LABEL-1-TO-256-R1,PREDECESSOR_1_TO_32_EXACT_ROWS_REUSED,,,,,False,False
Lee2019_MI,DNN-EEGNET,F1_MACRO,32,P01-L1-LOW-CAL-OFFICIAL-R2:32_PER_CLASS,VALID,0.4941003259799474,5,5,0,P01_FROZEN_SINGLE_SUBSET,True,P02-INTEGRATED-LOW-LABEL-1-TO-256-R1,PREDECESSOR_1_TO_32_EXACT_ROWS_REUSED,,,,,False,False
Lee2019_MI,DNN-EEGNET,ACC,32,P01-L1-LOW-CAL-OFFICIAL-R2:32_PER_CLASS,VALID,0.5226666666666666,5,5,0,P01_FROZEN_SINGLE_SUBSET,True,P02-INTEGRATED-LOW-LABEL-1-TO-256-R1,PREDECESSOR_1_TO_32_EXACT_ROWS_REUSED,,,,,False,False
Lee2019_MI,SSL-CBRAMOD,BACC,1,P01-L1-LOW-CAL-OFFICIAL-R2:1_PER_CLASS,VALID,0.5026666666666666,5,5,0,P01_FROZEN_SINGLE_SUBSET,True,P02-INTEGRATED-LOW-LABEL-1-TO-256-R1,PREDECESSOR_1_TO_32_EXACT_ROWS_REUSED,,,,,False,False
Lee2019_MI,SSL-CBRAMOD,F1_MACRO,1,P01-L1-LOW-CAL-OFFICIAL-R2:1_PER_CLASS,VALID,0.4729104645585608,5,5,0,P01_FROZEN_SINGLE_SUBSET,True,P02-INTEGRATED-LOW-LABEL-1-TO-256-R1,PREDECESSOR_1_TO_32_EXACT_ROWS_REUSED,,,,,False,False
Lee2019_MI,SSL-CBRAMOD,ACC,1,P01-L1-LOW-CAL-OFFICIAL-R2:1_PER_CLASS,VALID,0.5026666666666667,5,5,0,P01_FROZEN_SINGLE_SUBSET,True,P02-INTEGRATED-LOW-LABEL-1-TO-256-R1,PREDECESSOR_1_TO_32_EXACT_ROWS_REUSED,,,,,False,False
Lee2019_MI,SSL-CBRAMOD,BACC,2,P01-L1-LOW-CAL-OFFICIAL-R2:2_PER_CLASS,VALID,0.484,5,5,0,P01_FROZEN_SINGLE_SUBSET,True,P02-INTEGRATED-LOW-LABEL-1-TO-256-R1,PREDECESSOR_1_TO_32_EXACT_ROWS_REUSED,,,,,False,False
Lee2019_MI,SSL-CBRAMOD,F1_MACRO,2,P01-L1-LOW-CAL-OFFICIAL-R2:2_PER_CLASS,VALID,0.4142979677928086,5,5,0,P01_FROZEN_SINGLE_SUBSET,True,P02-INTEGRATED-LOW-LABEL-1-TO-256-R1,PREDECESSOR_1_TO_32_EXACT_ROWS_REUSED,,,,,False,False
Lee2019_MI,SSL-CBRAMOD,ACC,2,P01-L1-LOW-CAL-OFFICIAL-R2:2_PER_CLASS,VALID,0.484,5,5,0,P01_FROZEN_SINGLE_SUBSET,True,P02-INTEGRATED-LOW-LABEL-1-TO-256-R1,PREDECESSOR_1_TO_32_EXACT_ROWS_REUSED,,,,,False,False
Lee2019_MI,SSL-CBRAMOD,BACC,4,P01-L1-LOW-CAL-OFFICIAL-R2:4_PER_CLASS,VALID,0.4956666666666667,5,5,0,P01_FROZEN_SINGLE_SUBSET,True,P02-INTEGRATED-LOW-LABEL-1-TO-256-R1,PREDECESSOR_1_TO_32_EXACT_ROWS_REUSED,,,,,False,False
Lee2019_MI,SSL-CBRAMOD,F1_MACRO,4,P01-L1-LOW-CAL-OFFICIAL-R2:4_PER_CLASS,VALID,0.4643635817257237,5,5,0,P01_FROZEN_SINGLE_SUBSET,True,P02-INTEGRATED-LOW-LABEL-1-TO-256-R1,PREDECESSOR_1_TO_32_EXACT_ROWS_REUSED,,,,,False,False
Lee2019_MI,SSL-CBRAMOD,ACC,4,P01-L1-LOW-CAL-OFFICIAL-R2:4_PER_CLASS,VALID,0.4956666666666667,5,5,0,P01_FROZEN_SINGLE_SUBSET,True,P02-INTEGRATED-LOW-LABEL-1-TO-256-R1,PREDECESSOR_1_TO_32_EXACT_ROWS_REUSED,,,,,False,False
Lee2019_MI,SSL-CBRAMOD,BACC,8,P01-L1-LOW-CAL-OFFICIAL-R2:8_PER_CLASS,VALID,0.5106666666666666,5,5,0,P01_FROZEN_SINGLE_SUBSET,True,P02-INTEGRATED-LOW-LABEL-1-TO-256-R1,PREDECESSOR_1_TO_32_EXACT_ROWS_REUSED,,,,,False,False
Lee2019_MI,SSL-CBRAMOD,F1_MACRO,8,P01-L1-LOW-CAL-OFFICIAL-R2:8_PER_CLASS,VALID,0.4954125855121912,5,5,0,P01_FROZEN_SINGLE_SUBSET,True,P02-INTEGRATED-LOW-LABEL-1-TO-256-R1,PREDECESSOR_1_TO_32_EXACT_ROWS_REUSED,,,,,False,False
Lee2019_MI,SSL-CBRAMOD,ACC,8,P01-L1-LOW-CAL-OFFICIAL-R2:8_PER_CLASS,VALID,0.5106666666666666,5,5,0,P01_FROZEN_SINGLE_SUBSET,True,P02-INTEGRATED-LOW-LABEL-1-TO-256-R1,PREDECESSOR_1_TO_32_EXACT_ROWS_REUSED,,,,,False,False
Lee2019_MI,SSL-CBRAMOD,BACC,16,P01-L1-LOW-CAL-OFFICIAL-R2:16_PER_CLASS,VALID,0.488,5,5,0,P01_FROZEN_SINGLE_SUBSET,True,P02-INTEGRATED-LOW-LABEL-1-TO-256-R1,PREDECESSOR_1_TO_32_EXACT_ROWS_REUSED,,,,,False,False
Lee2019_MI,SSL-CBRAMOD,F1_MACRO,16,P01-L1-LOW-CAL-OFFICIAL-R2:16_PER_CLASS,VALID,0.4815468170088151,5,5,0,P01_FROZEN_SINGLE_SUBSET,True,P02-INTEGRATED-LOW-LABEL-1-TO-256-R1,PREDECESSOR_1_TO_32_EXACT_ROWS_REUSED,,,,,False,False
Lee2019_MI,SSL-CBRAMOD,ACC,16,P01-L1-LOW-CAL-OFFICIAL-R2:16_PER_CLASS,VALID,0.488,5,5,0,P01_FROZEN_SINGLE_SUBSET,True,P02-INTEGRATED-LOW-LABEL-1-TO-256-R1,PREDECESSOR_1_TO_32_EXACT_ROWS_REUSED,,,,,False,False
Lee2019_MI,SSL-CBRAMOD,BACC,32,P01-L1-LOW-CAL-OFFICIAL-R2:32_PER_CLASS,VALID,0.4926666666666667,5,5,0,P01_FROZEN_SINGLE_SUBSET,True,P02-INTEGRATED-LOW-LABEL-1-TO-256-R1,PREDECESSOR_1_TO_32_EXACT_ROWS_REUSED,,,,,False,False
Lee2019_MI,SSL-CBRAMOD,F1_MACRO,32,P01-L1-LOW-CAL-OFFICIAL-R2:32_PER_CLASS,VALID,0.4806812173677475,5,5,0,P01_FROZEN_SINGLE_SUBSET,True,P02-INTEGRATED-LOW-LABEL-1-TO-256-R1,PREDECESSOR_1_TO_32_EXACT_ROWS_REUSED,,,,,False,False
Lee2019_MI,SSL-CBRAMOD,ACC,32,P01-L1-LOW-CAL-OFFICIAL-R2:32_PER_CLASS,VALID,0.4926666666666667,5,5,0,P01_FROZEN_SINGLE_SUBSET,True,P02-INTEGRATED-LOW-LABEL-1-TO-256-R1,PREDECESSOR_1_TO_32_EXACT_ROWS_REUSED,,,,,False,False
PhysioNetMI,CLS-CSP-LDA,BACC,1,P01-L1-LOW-CAL-OFFICIAL-R2:1_PER_CLASS,EXPLICIT_NON_SUCCESS,,1,0,1,P01_FROZEN_SINGLE_SUBSET,True,P02-INTEGRATED-LOW-LABEL-1-TO-256-R1,PREDECESSOR_1_TO_32_EXACT_ROWS_REUSED,,,,,False,False
PhysioNetMI,CLS-CSP-LDA,F1_MACRO,1,P01-L1-LOW-CAL-OFFICIAL-R2:1_PER_CLASS,EXPLICIT_NON_SUCCESS,,1,0,1,P01_FROZEN_SINGLE_SUBSET,True,P02-INTEGRATED-LOW-LABEL-1-TO-256-R1,PREDECESSOR_1_TO_32_EXACT_ROWS_REUSED,,,,,False,False
PhysioNetMI,CLS-CSP-LDA,ACC,1,P01-L1-LOW-CAL-OFFICIAL-R2:1_PER_CLASS,EXPLICIT_NON_SUCCESS,,1,0,1,P01_FROZEN_SINGLE_SUBSET,True,P02-INTEGRATED-LOW-LABEL-1-TO-256-R1,PREDECESSOR_1_TO_32_EXACT_ROWS_REUSED,,,,,False,False
PhysioNetMI,CLS-CSP-LDA,BACC,2,P01-L1-LOW-CAL-OFFICIAL-R2:2_PER_CLASS,VALID,0.5458138699245418,1,1,0,P01_FROZEN_SINGLE_SUBSET,True,P02-INTEGRATED-LOW-LABEL-1-TO-256-R1,PREDECESSOR_1_TO_32_EXACT_ROWS_REUSED,,,,,False,False
PhysioNetMI,CLS-CSP-LDA,F1_MACRO,2,P01-L1-LOW-CAL-OFFICIAL-R2:2_PER_CLASS,VALID,0.5347920819618933,1,1,0,P01_FROZEN_SINGLE_SUBSET,True,P02-INTEGRATED-LOW-LABEL-1-TO-256-R1,PREDECESSOR_1_TO_32_EXACT_ROWS_REUSED,,,,,False,False
PhysioNetMI,CLS-CSP-LDA,ACC,2,P01-L1-LOW-CAL-OFFICIAL-R2:2_PER_CLASS,VALID,0.5494949494949495,1,1,0,P01_FROZEN_SINGLE_SUBSET,True,P02-INTEGRATED-LOW-LABEL-1-TO-256-R1,PREDECESSOR_1_TO_32_EXACT_ROWS_REUSED,,,,,False,False
PhysioNetMI,CLS-CSP-LDA,BACC,4,P01-L1-LOW-CAL-OFFICIAL-R2:4_PER_CLASS,VALID,0.5018864534674811,1,1,0,P01_FROZEN_SINGLE_SUBSET,True,P02-INTEGRATED-LOW-LABEL-1-TO-256-R1,PREDECESSOR_1_TO_32_EXACT_ROWS_REUSED,,,,,False,False
PhysioNetMI,CLS-CSP-LDA,F1_MACRO,4,P01-L1-LOW-CAL-OFFICIAL-R2:4_PER_CLASS,VALID,0.4446289448174343,1,1,0,P01_FROZEN_SINGLE_SUBSET,True,P02-INTEGRATED-LOW-LABEL-1-TO-256-R1,PREDECESSOR_1_TO_32_EXACT_ROWS_REUSED,,,,,False,False
PhysioNetMI,CLS-CSP-LDA,ACC,4,P01-L1-LOW-CAL-OFFICIAL-R2:4_PER_CLASS,VALID,0.494949494949495,1,1,0,P01_FROZEN_SINGLE_SUBSET,True,P02-INTEGRATED-LOW-LABEL-1-TO-256-R1,PREDECESSOR_1_TO_32_EXACT_ROWS_REUSED,,,,,False,False
PhysioNetMI,CLS-CSP-LDA,BACC,8,P01-L1-LOW-CAL-OFFICIAL-R2:8_PER_CLASS,VALID,0.5159899389148401,1,1,0,P01_FROZEN_SINGLE_SUBSET,True,P02-INTEGRATED-LOW-LABEL-1-TO-256-R1,PREDECESSOR_1_TO_32_EXACT_ROWS_REUSED,,,,,False,False
PhysioNetMI,CLS-CSP-LDA,F1_MACRO,8,P01-L1-LOW-CAL-OFFICIAL-R2:8_PER_CLASS,VALID,0.5148168719573953,1,1,0,P01_FROZEN_SINGLE_SUBSET,True,P02-INTEGRATED-LOW-LABEL-1-TO-256-R1,PREDECESSOR_1_TO_32_EXACT_ROWS_REUSED,,,,,False,False
PhysioNetMI,CLS-CSP-LDA,ACC,8,P01-L1-LOW-CAL-OFFICIAL-R2:8_PER_CLASS,VALID,0.5151515151515151,1,1,0,P01_FROZEN_SINGLE_SUBSET,True,P02-INTEGRATED-LOW-LABEL-1-TO-256-R1,PREDECESSOR_1_TO_32_EXACT_ROWS_REUSED,,,,,False,False
PhysioNetMI,CLS-CSP-LDA,BACC,16,P01-L1-LOW-CAL-OFFICIAL-R2:16_PER_CLASS,VALID,0.5278476464247215,1,1,0,P01_FROZEN_SINGLE_SUBSET,True,P02-INTEGRATED-LOW-LABEL-1-TO-256-R1,PREDECESSOR_1_TO_32_EXACT_ROWS_REUSED,,,,,False,False
PhysioNetMI,CLS-CSP-LDA,F1_MACRO,16,P01-L1-LOW-CAL-OFFICIAL-R2:16_PER_CLASS,VALID,0.499892845115268,1,1,0,P01_FROZEN_SINGLE_SUBSET,True,P02-INTEGRATED-LOW-LABEL-1-TO-256-R1,PREDECESSOR_1_TO_32_EXACT_ROWS_REUSED,,,,,False,False
PhysioNetMI,CLS-CSP-LDA,ACC,16,P01-L1-LOW-CAL-OFFICIAL-R2:16_PER_CLASS,VALID,0.5333333333333333,1,1,0,P01_FROZEN_SINGLE_SUBSET,True,P02-INTEGRATED-LOW-LABEL-1-TO-256-R1,PREDECESSOR_1_TO_32_EXACT_ROWS_REUSED,,,,,False,False
PhysioNetMI,CLS-CSP-LDA,BACC,32,P01-L1-LOW-CAL-OFFICIAL-R2:32_PER_CLASS,VALID,0.5038627380524614,1,1,0,P01_FROZEN_SINGLE_SUBSET,True,P02-INTEGRATED-LOW-LABEL-1-TO-256-R1,PREDECESSOR_1_TO_32_EXACT_ROWS_REUSED,,,,,False,False
PhysioNetMI,CLS-CSP-LDA,F1_MACRO,32,P01-L1-LOW-CAL-OFFICIAL-R2:32_PER_CLASS,VALID,0.5026872937563303,1,1,0,P01_FROZEN_SINGLE_SUBSET,True,P02-INTEGRATED-LOW-LABEL-1-TO-256-R1,PREDECESSOR_1_TO_32_EXACT_ROWS_REUSED,,,,,False,False
PhysioNetMI,CLS-CSP-LDA,ACC,32,P01-L1-LOW-CAL-OFFICIAL-R2:32_PER_CLASS,VALID,0.503030303030303,1,1,0,P01_FROZEN_SINGLE_SUBSET,True,P02-INTEGRATED-LOW-LABEL-1-TO-256-R1,PREDECESSOR_1_TO_32_EXACT_ROWS_REUSED,,,,,False,False
PhysioNetMI,RIE-TS-LR,BACC,1,P01-L1-LOW-CAL-OFFICIAL-R2:1_PER_CLASS,VALID,0.5130255120373697,1,1,0,P01_FROZEN_SINGLE_SUBSET,True,P02-INTEGRATED-LOW-LABEL-1-TO-256-R1,PREDECESSOR_1_TO_32_EXACT_ROWS_REUSED,,,,,False,False
PhysioNetMI,RIE-TS-LR,F1_MACRO,1,P01-L1-LOW-CAL-OFFICIAL-R2:1_PER_CLASS,VALID,0.4370848631411848,1,1,0,P01_FROZEN_SINGLE_SUBSET,True,P02-INTEGRATED-LOW-LABEL-1-TO-256-R1,PREDECESSOR_1_TO_32_EXACT_ROWS_REUSED,,,,,False,False
PhysioNetMI,RIE-TS-LR,ACC,1,P01-L1-LOW-CAL-OFFICIAL-R2:1_PER_CLASS,VALID,0.5050505050505051,1,1,0,P01_FROZEN_SINGLE_SUBSET,True,P02-INTEGRATED-LOW-LABEL-1-TO-256-R1,PREDECESSOR_1_TO_32_EXACT_ROWS_REUSED,,,,,False,False
PhysioNetMI,RIE-TS-LR,BACC,2,P01-L1-LOW-CAL-OFFICIAL-R2:2_PER_CLASS,VALID,0.5,1,1,0,P01_FROZEN_SINGLE_SUBSET,True,P02-INTEGRATED-LOW-LABEL-1-TO-256-R1,PREDECESSOR_1_TO_32_EXACT_ROWS_REUSED,,,,,False,False
PhysioNetMI,RIE-TS-LR,F1_MACRO,2,P01-L1-LOW-CAL-OFFICIAL-R2:2_PER_CLASS,VALID,0.3382352941176471,1,1,0,P01_FROZEN_SINGLE_SUBSET,True,P02-INTEGRATED-LOW-LABEL-1-TO-256-R1,PREDECESSOR_1_TO_32_EXACT_ROWS_REUSED,,,,,False,False
PhysioNetMI,RIE-TS-LR,ACC,2,P01-L1-LOW-CAL-OFFICIAL-R2:2_PER_CLASS,VALID,0.5111111111111111,1,1,0,P01_FROZEN_SINGLE_SUBSET,True,P02-INTEGRATED-LOW-LABEL-1-TO-256-R1,PREDECESSOR_1_TO_32_EXACT_ROWS_REUSED,,,,,False,False
PhysioNetMI,RIE-TS-LR,BACC,4,P01-L1-LOW-CAL-OFFICIAL-R2:4_PER_CLASS,VALID,0.511498383039885,1,1,0,P01_FROZEN_SINGLE_SUBSET,True,P02-INTEGRATED-LOW-LABEL-1-TO-256-R1,PREDECESSOR_1_TO_32_EXACT_ROWS_REUSED,,,,,False,False
PhysioNetMI,RIE-TS-LR,F1_MACRO,4,P01-L1-LOW-CAL-OFFICIAL-R2:4_PER_CLASS,VALID,0.5044310133857393,1,1,0,P01_FROZEN_SINGLE_SUBSET,True,P02-INTEGRATED-LOW-LABEL-1-TO-256-R1,PREDECESSOR_1_TO_32_EXACT_ROWS_REUSED,,,,,False,False
PhysioNetMI,RIE-TS-LR,ACC,4,P01-L1-LOW-CAL-OFFICIAL-R2:4_PER_CLASS,VALID,0.509090909090909,1,1,0,P01_FROZEN_SINGLE_SUBSET,True,P02-INTEGRATED-LOW-LABEL-1-TO-256-R1,PREDECESSOR_1_TO_32_EXACT_ROWS_REUSED,,,,,False,False
PhysioNetMI,RIE-TS-LR,BACC,8,P01-L1-LOW-CAL-OFFICIAL-R2:8_PER_CLASS,VALID,0.5020661157024793,1,1,0,P01_FROZEN_SINGLE_SUBSET,True,P02-INTEGRATED-LOW-LABEL-1-TO-256-R1,PREDECESSOR_1_TO_32_EXACT_ROWS_REUSED,,,,,False,False
PhysioNetMI,RIE-TS-LR,F1_MACRO,8,P01-L1-LOW-CAL-OFFICIAL-R2:8_PER_CLASS,VALID,0.5015473032714413,1,1,0,P01_FROZEN_SINGLE_SUBSET,True,P02-INTEGRATED-LOW-LABEL-1-TO-256-R1,PREDECESSOR_1_TO_32_EXACT_ROWS_REUSED,,,,,False,False
PhysioNetMI,RIE-TS-LR,ACC,8,P01-L1-LOW-CAL-OFFICIAL-R2:8_PER_CLASS,VALID,0.503030303030303,1,1,0,P01_FROZEN_SINGLE_SUBSET,True,P02-INTEGRATED-LOW-LABEL-1-TO-256-R1,PREDECESSOR_1_TO_32_EXACT_ROWS_REUSED,,,,,False,False
PhysioNetMI,RIE-TS-LR,BACC,16,P01-L1-LOW-CAL-OFFICIAL-R2:16_PER_CLASS,VALID,0.5482393100970175,1,1,0,P01_FROZEN_SINGLE_SUBSET,True,P02-INTEGRATED-LOW-LABEL-1-TO-256-R1,PREDECESSOR_1_TO_32_EXACT_ROWS_REUSED,,,,,False,False
PhysioNetMI,RIE-TS-LR,F1_MACRO,16,P01-L1-LOW-CAL-OFFICIAL-R2:16_PER_CLASS,VALID,0.5473594429796325,1,1,0,P01_FROZEN_SINGLE_SUBSET,True,P02-INTEGRATED-LOW-LABEL-1-TO-256-R1,PREDECESSOR_1_TO_32_EXACT_ROWS_REUSED,,,,,False,False
PhysioNetMI,RIE-TS-LR,ACC,16,P01-L1-LOW-CAL-OFFICIAL-R2:16_PER_CLASS,VALID,0.5494949494949495,1,1,0,P01_FROZEN_SINGLE_SUBSET,True,P02-INTEGRATED-LOW-LABEL-1-TO-256-R1,PREDECESSOR_1_TO_32_EXACT_ROWS_REUSED,,,,,False,False
PhysioNetMI,RIE-TS-LR,BACC,32,P01-L1-LOW-CAL-OFFICIAL-R2:32_PER_CLASS,VALID,0.5215594681997844,1,1,0,P01_FROZEN_SINGLE_SUBSET,True,P02-INTEGRATED-LOW-LABEL-1-TO-256-R1,PREDECESSOR_1_TO_32_EXACT_ROWS_REUSED,,,,,False,False
PhysioNetMI,RIE-TS-LR,F1_MACRO,32,P01-L1-LOW-CAL-OFFICIAL-R2:32_PER_CLASS,VALID,0.499896432632598,1,1,0,P01_FROZEN_SINGLE_SUBSET,True,P02-INTEGRATED-LOW-LABEL-1-TO-256-R1,PREDECESSOR_1_TO_32_EXACT_ROWS_REUSED,,,,,False,False
PhysioNetMI,RIE-TS-LR,ACC,32,P01-L1-LOW-CAL-OFFICIAL-R2:32_PER_CLASS,VALID,0.5171717171717172,1,1,0,P01_FROZEN_SINGLE_SUBSET,True,P02-INTEGRATED-LOW-LABEL-1-TO-256-R1,PREDECESSOR_1_TO_32_EXACT_ROWS_REUSED,,,,,False,False
PhysioNetMI,DNN-EEGNET,BACC,1,P01-L1-LOW-CAL-OFFICIAL-R2:1_PER_CLASS,VALID,0.4917355371900826,5,5,0,P01_FROZEN_SINGLE_SUBSET,True,P02-INTEGRATED-LOW-LABEL-1-TO-256-R1,PREDECESSOR_1_TO_32_EXACT_ROWS_REUSED,,,,,False,False
PhysioNetMI,DNN-EEGNET,F1_MACRO,1,P01-L1-LOW-CAL-OFFICIAL-R2:1_PER_CLASS,VALID,0.4734065260919588,5,5,0,P01_FROZEN_SINGLE_SUBSET,True,P02-INTEGRATED-LOW-LABEL-1-TO-256-R1,PREDECESSOR_1_TO_32_EXACT_ROWS_REUSED,,,,,False,False
PhysioNetMI,DNN-EEGNET,ACC,1,P01-L1-LOW-CAL-OFFICIAL-R2:1_PER_CLASS,VALID,0.4925252525252525,5,5,0,P01_FROZEN_SINGLE_SUBSET,True,P02-INTEGRATED-LOW-LABEL-1-TO-256-R1,PREDECESSOR_1_TO_32_EXACT_ROWS_REUSED,,,,,False,False
PhysioNetMI,DNN-EEGNET,BACC,2,P01-L1-LOW-CAL-OFFICIAL-R2:2_PER_CLASS,VALID,0.4969816744520302,5,5,0,P01_FROZEN_SINGLE_SUBSET,True,P02-INTEGRATED-LOW-LABEL-1-TO-256-R1,PREDECESSOR_1_TO_32_EXACT_ROWS_REUSED,,,,,False,False
PhysioNetMI,DNN-EEGNET,F1_MACRO,2,P01-L1-LOW-CAL-OFFICIAL-R2:2_PER_CLASS,VALID,0.4935099196693331,5,5,0,P01_FROZEN_SINGLE_SUBSET,True,P02-INTEGRATED-LOW-LABEL-1-TO-256-R1,PREDECESSOR_1_TO_32_EXACT_ROWS_REUSED,,,,,False,False
PhysioNetMI,DNN-EEGNET,ACC,2,P01-L1-LOW-CAL-OFFICIAL-R2:2_PER_CLASS,VALID,0.4981818181818182,5,5,0,P01_FROZEN_SINGLE_SUBSET,True,P02-INTEGRATED-LOW-LABEL-1-TO-256-R1,PREDECESSOR_1_TO_32_EXACT_ROWS_REUSED,,,,,False,False
PhysioNetMI,DNN-EEGNET,BACC,4,P01-L1-LOW-CAL-OFFICIAL-R2:4_PER_CLASS,VALID,0.4984189723320158,5,5,0,P01_FROZEN_SINGLE_SUBSET,True,P02-INTEGRATED-LOW-LABEL-1-TO-256-R1,PREDECESSOR_1_TO_32_EXACT_ROWS_REUSED,,,,,False,False
PhysioNetMI,DNN-EEGNET,F1_MACRO,4,P01-L1-LOW-CAL-OFFICIAL-R2:4_PER_CLASS,VALID,0.4917422989847591,5,5,0,P01_FROZEN_SINGLE_SUBSET,True,P02-INTEGRATED-LOW-LABEL-1-TO-256-R1,PREDECESSOR_1_TO_32_EXACT_ROWS_REUSED,,,,,False,False
PhysioNetMI,DNN-EEGNET,ACC,4,P01-L1-LOW-CAL-OFFICIAL-R2:4_PER_CLASS,VALID,0.5006060606060606,5,5,0,P01_FROZEN_SINGLE_SUBSET,True,P02-INTEGRATED-LOW-LABEL-1-TO-256-R1,PREDECESSOR_1_TO_32_EXACT_ROWS_REUSED,,,,,False,False
PhysioNetMI,DNN-EEGNET,BACC,8,P01-L1-LOW-CAL-OFFICIAL-R2:8_PER_CLASS,VALID,0.4970535393460294,5,5,0,P01_FROZEN_SINGLE_SUBSET,True,P02-INTEGRATED-LOW-LABEL-1-TO-256-R1,PREDECESSOR_1_TO_32_EXACT_ROWS_REUSED,,,,,False,False
PhysioNetMI,DNN-EEGNET,F1_MACRO,8,P01-L1-LOW-CAL-OFFICIAL-R2:8_PER_CLASS,VALID,0.4360162345956282,5,5,0,P01_FROZEN_SINGLE_SUBSET,True,P02-INTEGRATED-LOW-LABEL-1-TO-256-R1,PREDECESSOR_1_TO_32_EXACT_ROWS_REUSED,,,,,False,False
PhysioNetMI,DNN-EEGNET,ACC,8,P01-L1-LOW-CAL-OFFICIAL-R2:8_PER_CLASS,VALID,0.5026262626262625,5,5,0,P01_FROZEN_SINGLE_SUBSET,True,P02-INTEGRATED-LOW-LABEL-1-TO-256-R1,PREDECESSOR_1_TO_32_EXACT_ROWS_REUSED,,,,,False,False
PhysioNetMI,DNN-EEGNET,BACC,16,P01-L1-LOW-CAL-OFFICIAL-R2:16_PER_CLASS,VALID,0.5255300035932446,5,5,0,P01_FROZEN_SINGLE_SUBSET,True,P02-INTEGRATED-LOW-LABEL-1-TO-256-R1,PREDECESSOR_1_TO_32_EXACT_ROWS_REUSED,,,,,False,False
PhysioNetMI,DNN-EEGNET,F1_MACRO,16,P01-L1-LOW-CAL-OFFICIAL-R2:16_PER_CLASS,VALID,0.5094347872461518,5,5,0,P01_FROZEN_SINGLE_SUBSET,True,P02-INTEGRATED-LOW-LABEL-1-TO-256-R1,PREDECESSOR_1_TO_32_EXACT_ROWS_REUSED,,,,,False,False
PhysioNetMI,DNN-EEGNET,ACC,16,P01-L1-LOW-CAL-OFFICIAL-R2:16_PER_CLASS,VALID,0.5296969696969697,5,5,0,P01_FROZEN_SINGLE_SUBSET,True,P02-INTEGRATED-LOW-LABEL-1-TO-256-R1,PREDECESSOR_1_TO_32_EXACT_ROWS_REUSED,,,,,False,False
PhysioNetMI,DNN-EEGNET,BACC,32,P01-L1-LOW-CAL-OFFICIAL-R2:32_PER_CLASS,VALID,0.5262486525332375,5,5,0,P01_FROZEN_SINGLE_SUBSET,True,P02-INTEGRATED-LOW-LABEL-1-TO-256-R1,PREDECESSOR_1_TO_32_EXACT_ROWS_REUSED,,,,,False,False
PhysioNetMI,DNN-EEGNET,F1_MACRO,32,P01-L1-LOW-CAL-OFFICIAL-R2:32_PER_CLASS,VALID,0.5186807227907839,5,5,0,P01_FROZEN_SINGLE_SUBSET,True,P02-INTEGRATED-LOW-LABEL-1-TO-256-R1,PREDECESSOR_1_TO_32_EXACT_ROWS_REUSED,,,,,False,False
PhysioNetMI,DNN-EEGNET,ACC,32,P01-L1-LOW-CAL-OFFICIAL-R2:32_PER_CLASS,VALID,0.5244444444444445,5,5,0,P01_FROZEN_SINGLE_SUBSET,True,P02-INTEGRATED-LOW-LABEL-1-TO-256-R1,PREDECESSOR_1_TO_32_EXACT_ROWS_REUSED,,,,,False,False
PhysioNetMI,SSL-CBRAMOD,BACC,1,P01-L1-LOW-CAL-OFFICIAL-R2:1_PER_CLASS,VALID,0.4943406395975566,5,5,0,P01_FROZEN_SINGLE_SUBSET,True,P02-INTEGRATED-LOW-LABEL-1-TO-256-R1,PREDECESSOR_1_TO_32_EXACT_ROWS_REUSED,,,,,False,False
PhysioNetMI,SSL-CBRAMOD,F1_MACRO,1,P01-L1-LOW-CAL-OFFICIAL-R2:1_PER_CLASS,VALID,0.4318911164756314,5,5,0,P01_FROZEN_SINGLE_SUBSET,True,P02-INTEGRATED-LOW-LABEL-1-TO-256-R1,PREDECESSOR_1_TO_32_EXACT_ROWS_REUSED,,,,,False,False
PhysioNetMI,SSL-CBRAMOD,ACC,1,P01-L1-LOW-CAL-OFFICIAL-R2:1_PER_CLASS,VALID,0.5002020202020202,5,5,0,P01_FROZEN_SINGLE_SUBSET,True,P02-INTEGRATED-LOW-LABEL-1-TO-256-R1,PREDECESSOR_1_TO_32_EXACT_ROWS_REUSED,,,,,False,False
PhysioNetMI,SSL-CBRAMOD,BACC,2,P01-L1-LOW-CAL-OFFICIAL-R2:2_PER_CLASS,VALID,0.5038627380524614,5,5,0,P01_FROZEN_SINGLE_SUBSET,True,P02-INTEGRATED-LOW-LABEL-1-TO-256-R1,PREDECESSOR_1_TO_32_EXACT_ROWS_REUSED,,,,,False,False
PhysioNetMI,SSL-CBRAMOD,F1_MACRO,2,P01-L1-LOW-CAL-OFFICIAL-R2:2_PER_CLASS,VALID,0.4479087091838686,5,5,0,P01_FROZEN_SINGLE_SUBSET,True,P02-INTEGRATED-LOW-LABEL-1-TO-256-R1,PREDECESSOR_1_TO_32_EXACT_ROWS_REUSED,,,,,False,False
PhysioNetMI,SSL-CBRAMOD,ACC,2,P01-L1-LOW-CAL-OFFICIAL-R2:2_PER_CLASS,VALID,0.5103030303030303,5,5,0,P01_FROZEN_SINGLE_SUBSET,True,P02-INTEGRATED-LOW-LABEL-1-TO-256-R1,PREDECESSOR_1_TO_32_EXACT_ROWS_REUSED,,,,,False,False
PhysioNetMI,SSL-CBRAMOD,BACC,4,P01-L1-LOW-CAL-OFFICIAL-R2:4_PER_CLASS,VALID,0.4932446999640675,5,5,0,P01_FROZEN_SINGLE_SUBSET,True,P02-INTEGRATED-LOW-LABEL-1-TO-256-R1,PREDECESSOR_1_TO_32_EXACT_ROWS_REUSED,,,,,False,False
PhysioNetMI,SSL-CBRAMOD,F1_MACRO,4,P01-L1-LOW-CAL-OFFICIAL-R2:4_PER_CLASS,VALID,0.4645345951060016,5,5,0,P01_FROZEN_SINGLE_SUBSET,True,P02-INTEGRATED-LOW-LABEL-1-TO-256-R1,PREDECESSOR_1_TO_32_EXACT_ROWS_REUSED,,,,,False,False
PhysioNetMI,SSL-CBRAMOD,ACC,4,P01-L1-LOW-CAL-OFFICIAL-R2:4_PER_CLASS,VALID,0.4969696969696969,5,5,0,P01_FROZEN_SINGLE_SUBSET,True,P02-INTEGRATED-LOW-LABEL-1-TO-256-R1,PREDECESSOR_1_TO_32_EXACT_ROWS_REUSED,,,,,False,False
PhysioNetMI,SSL-CBRAMOD,BACC,8,P01-L1-LOW-CAL-OFFICIAL-R2:8_PER_CLASS,VALID,0.505407833273446,5,5,0,P01_FROZEN_SINGLE_SUBSET,True,P02-INTEGRATED-LOW-LABEL-1-TO-256-R1,PREDECESSOR_1_TO_32_EXACT_ROWS_REUSED,,,,,False,False
PhysioNetMI,SSL-CBRAMOD,F1_MACRO,8,P01-L1-LOW-CAL-OFFICIAL-R2:8_PER_CLASS,VALID,0.4964965919534103,5,5,0,P01_FROZEN_SINGLE_SUBSET,True,P02-INTEGRATED-LOW-LABEL-1-TO-256-R1,PREDECESSOR_1_TO_32_EXACT_ROWS_REUSED,,,,,False,False
PhysioNetMI,SSL-CBRAMOD,ACC,8,P01-L1-LOW-CAL-OFFICIAL-R2:8_PER_CLASS,VALID,0.5042424242424243,5,5,0,P01_FROZEN_SINGLE_SUBSET,True,P02-INTEGRATED-LOW-LABEL-1-TO-256-R1,PREDECESSOR_1_TO_32_EXACT_ROWS_REUSED,,,,,False,False
PhysioNetMI,SSL-CBRAMOD,BACC,16,P01-L1-LOW-CAL-OFFICIAL-R2:16_PER_CLASS,VALID,0.5064858066834351,5,5,0,P01_FROZEN_SINGLE_SUBSET,True,P02-INTEGRATED-LOW-LABEL-1-TO-256-R1,PREDECESSOR_1_TO_32_EXACT_ROWS_REUSED,,,,,False,False
PhysioNetMI,SSL-CBRAMOD,F1_MACRO,16,P01-L1-LOW-CAL-OFFICIAL-R2:16_PER_CLASS,VALID,0.5006765579965851,5,5,0,P01_FROZEN_SINGLE_SUBSET,True,P02-INTEGRATED-LOW-LABEL-1-TO-256-R1,PREDECESSOR_1_TO_32_EXACT_ROWS_REUSED,,,,,False,False
PhysioNetMI,SSL-CBRAMOD,ACC,16,P01-L1-LOW-CAL-OFFICIAL-R2:16_PER_CLASS,VALID,0.5082828282828282,5,5,0,P01_FROZEN_SINGLE_SUBSET,True,P02-INTEGRATED-LOW-LABEL-1-TO-256-R1,PREDECESSOR_1_TO_32_EXACT_ROWS_REUSED,,,,,False,False
PhysioNetMI,SSL-CBRAMOD,BACC,32,P01-L1-LOW-CAL-OFFICIAL-R2:32_PER_CLASS,VALID,0.4855371900826446,5,5,0,P01_FROZEN_SINGLE_SUBSET,True,P02-INTEGRATED-LOW-LABEL-1-TO-256-R1,PREDECESSOR_1_TO_32_EXACT_ROWS_REUSED,,,,,False,False
PhysioNetMI,SSL-CBRAMOD,F1_MACRO,32,P01-L1-LOW-CAL-OFFICIAL-R2:32_PER_CLASS,VALID,0.48547277251057,5,5,0,P01_FROZEN_SINGLE_SUBSET,True,P02-INTEGRATED-LOW-LABEL-1-TO-256-R1,PREDECESSOR_1_TO_32_EXACT_ROWS_REUSED,,,,,False,False
PhysioNetMI,SSL-CBRAMOD,ACC,32,P01-L1-LOW-CAL-OFFICIAL-R2:32_PER_CLASS,VALID,0.4856565656565657,5,5,0,P01_FROZEN_SINGLE_SUBSET,True,P02-INTEGRATED-LOW-LABEL-1-TO-256-R1,PREDECESSOR_1_TO_32_EXACT_ROWS_REUSED,,,,,False,False
BNCI2014_001,CLS-CSP-LDA,ACC,64,P01-L1-LOW-CAL-OFFICIAL-R2:64_PER_CLASS,VALID,0.5173611111111112,1,1,0,P01_FROZEN_SINGLE_SUBSET,True,P02-INTEGRATED-LOW-LABEL-1-TO-256-R1,ALREADY_COMPLETE_INTEGRATED_A0_TERMINALS,MEAN_SUCCESSFUL_REPEATS,"[""P02-A0-BNCI2014_001-CLS-CSP-LDA-P01-L1-LOW-CAL-OFFICIAL-R2:64_PER_CLASS-MR00""]",1,1,False,True
BNCI2014_001,CLS-CSP-LDA,BACC,64,P01-L1-LOW-CAL-OFFICIAL-R2:64_PER_CLASS,VALID,0.5173611111111112,1,1,0,P01_FROZEN_SINGLE_SUBSET,True,P02-INTEGRATED-LOW-LABEL-1-TO-256-R1,ALREADY_COMPLETE_INTEGRATED_A0_TERMINALS,MEAN_SUCCESSFUL_REPEATS,"[""P02-A0-BNCI2014_001-CLS-CSP-LDA-P01-L1-LOW-CAL-OFFICIAL-R2:64_PER_CLASS-MR00""]",1,1,False,True
BNCI2014_001,CLS-CSP-LDA,F1_MACRO,64,P01-L1-LOW-CAL-OFFICIAL-R2:64_PER_CLASS,VALID,0.4713083902323063,1,1,0,P01_FROZEN_SINGLE_SUBSET,True,P02-INTEGRATED-LOW-LABEL-1-TO-256-R1,ALREADY_COMPLETE_INTEGRATED_A0_TERMINALS,MEAN_SUCCESSFUL_REPEATS,"[""P02-A0-BNCI2014_001-CLS-CSP-LDA-P01-L1-LOW-CAL-OFFICIAL-R2:64_PER_CLASS-MR00""]",1,1,False,True
BNCI2014_001,CLS-CSP-LDA,ACC,128,P01-L1-LOW-CAL-OFFICIAL-R2:128_PER_CLASS,VALID,0.5659722222222222,1,1,0,P01_FROZEN_SINGLE_SUBSET,True,P02-INTEGRATED-LOW-LABEL-1-TO-256-R1,ALREADY_COMPLETE_INTEGRATED_A0_TERMINALS,MEAN_SUCCESSFUL_REPEATS,"[""P02-A0-BNCI2014_001-CLS-CSP-LDA-P01-L1-LOW-CAL-OFFICIAL-R2:128_PER_CLASS-MR00""]",1,1,False,True
BNCI2014_001,CLS-CSP-LDA,BACC,128,P01-L1-LOW-CAL-OFFICIAL-R2:128_PER_CLASS,VALID,0.5659722222222222,1,1,0,P01_FROZEN_SINGLE_SUBSET,True,P02-INTEGRATED-LOW-LABEL-1-TO-256-R1,ALREADY_COMPLETE_INTEGRATED_A0_TERMINALS,MEAN_SUCCESSFUL_REPEATS,"[""P02-A0-BNCI2014_001-CLS-CSP-LDA-P01-L1-LOW-CAL-OFFICIAL-R2:128_PER_CLASS-MR00""]",1,1,False,True
BNCI2014_001,CLS-CSP-LDA,F1_MACRO,128,P01-L1-LOW-CAL-OFFICIAL-R2:128_PER_CLASS,VALID,0.560197910940077,1,1,0,P01_FROZEN_SINGLE_SUBSET,True,P02-INTEGRATED-LOW-LABEL-1-TO-256-R1,ALREADY_COMPLETE_INTEGRATED_A0_TERMINALS,MEAN_SUCCESSFUL_REPEATS,"[""P02-A0-BNCI2014_001-CLS-CSP-LDA-P01-L1-LOW-CAL-OFFICIAL-R2:128_PER_CLASS-MR00""]",1,1,False,True
BNCI2014_001,CLS-CSP-LDA,ACC,256,P01-L1-LOW-CAL-OFFICIAL-R2:256_PER_CLASS,VALID,0.6284722222222222,1,1,0,P01_FROZEN_SINGLE_SUBSET,True,P02-INTEGRATED-LOW-LABEL-1-TO-256-R1,ALREADY_COMPLETE_INTEGRATED_A0_TERMINALS,MEAN_SUCCESSFUL_REPEATS,"[""P02-A0-BNCI2014_001-CLS-CSP-LDA-P01-L1-LOW-CAL-OFFICIAL-R2:256_PER_CLASS-MR00""]",1,1,False,True
BNCI2014_001,CLS-CSP-LDA,BACC,256,P01-L1-LOW-CAL-OFFICIAL-R2:256_PER_CLASS,VALID,0.6284722222222222,1,1,0,P01_FROZEN_SINGLE_SUBSET,True,P02-INTEGRATED-LOW-LABEL-1-TO-256-R1,ALREADY_COMPLETE_INTEGRATED_A0_TERMINALS,MEAN_SUCCESSFUL_REPEATS,"[""P02-A0-BNCI2014_001-CLS-CSP-LDA-P01-L1-LOW-CAL-OFFICIAL-R2:256_PER_CLASS-MR00""]",1,1,False,True
BNCI2014_001,CLS-CSP-LDA,F1_MACRO,256,P01-L1-LOW-CAL-OFFICIAL-R2:256_PER_CLASS,VALID,0.6271731897646846,1,1,0,P01_FROZEN_SINGLE_SUBSET,True,P02-INTEGRATED-LOW-LABEL-1-TO-256-R1,ALREADY_COMPLETE_INTEGRATED_A0_TERMINALS,MEAN_SUCCESSFUL_REPEATS,"[""P02-A0-BNCI2014_001-CLS-CSP-LDA-P01-L1-LOW-CAL-OFFICIAL-R2:256_PER_CLASS-MR00""]",1,1,False,True
BNCI2014_001,RIE-TS-LR,ACC,64,P01-L1-LOW-CAL-OFFICIAL-R2:64_PER_CLASS,VALID,0.5069444444444444,1,1,0,P01_FROZEN_SINGLE_SUBSET,True,P02-INTEGRATED-LOW-LABEL-1-TO-256-R1,ALREADY_COMPLETE_INTEGRATED_A0_TERMINALS,MEAN_SUCCESSFUL_REPEATS,"[""P02-A0-BNCI2014_001-RIE-TS-LR-P01-L1-LOW-CAL-OFFICIAL-R2:64_PER_CLASS-MR00""]",1,1,False,True
BNCI2014_001,RIE-TS-LR,BACC,64,P01-L1-LOW-CAL-OFFICIAL-R2:64_PER_CLASS,VALID,0.5069444444444444,1,1,0,P01_FROZEN_SINGLE_SUBSET,True,P02-INTEGRATED-LOW-LABEL-1-TO-256-R1,ALREADY_COMPLETE_INTEGRATED_A0_TERMINALS,MEAN_SUCCESSFUL_REPEATS,"[""P02-A0-BNCI2014_001-RIE-TS-LR-P01-L1-LOW-CAL-OFFICIAL-R2:64_PER_CLASS-MR00""]",1,1,False,True
BNCI2014_001,RIE-TS-LR,F1_MACRO,64,P01-L1-LOW-CAL-OFFICIAL-R2:64_PER_CLASS,VALID,0.43300798580301686,1,1,0,P01_FROZEN_SINGLE_SUBSET,True,P02-INTEGRATED-LOW-LABEL-1-TO-256-R1,ALREADY_COMPLETE_INTEGRATED_A0_TERMINALS,MEAN_SUCCESSFUL_REPEATS,"[""P02-A0-BNCI2014_001-RIE-TS-LR-P01-L1-LOW-CAL-OFFICIAL-R2:64_PER_CLASS-MR00""]",1,1,False,True
BNCI2014_001,RIE-TS-LR,ACC,128,P01-L1-LOW-CAL-OFFICIAL-R2:128_PER_CLASS,VALID,0.5798611111111112,1,1,0,P01_FROZEN_SINGLE_SUBSET,True,P02-INTEGRATED-LOW-LABEL-1-TO-256-R1,ALREADY_COMPLETE_INTEGRATED_A0_TERMINALS,MEAN_SUCCESSFUL_REPEATS,"[""P02-A0-BNCI2014_001-RIE-TS-LR-P01-L1-LOW-CAL-OFFICIAL-R2:128_PER_CLASS-MR00""]",1,1,False,True
BNCI2014_001,RIE-TS-LR,BACC,128,P01-L1-LOW-CAL-OFFICIAL-R2:128_PER_CLASS,VALID,0.5798611111111112,1,1,0,P01_FROZEN_SINGLE_SUBSET,True,P02-INTEGRATED-LOW-LABEL-1-TO-256-R1,ALREADY_COMPLETE_INTEGRATED_A0_TERMINALS,MEAN_SUCCESSFUL_REPEATS,"[""P02-A0-BNCI2014_001-RIE-TS-LR-P01-L1-LOW-CAL-OFFICIAL-R2:128_PER_CLASS-MR00""]",1,1,False,True
BNCI2014_001,RIE-TS-LR,F1_MACRO,128,P01-L1-LOW-CAL-OFFICIAL-R2:128_PER_CLASS,VALID,0.5798155181768856,1,1,0,P01_FROZEN_SINGLE_SUBSET,True,P02-INTEGRATED-LOW-LABEL-1-TO-256-R1,ALREADY_COMPLETE_INTEGRATED_A0_TERMINALS,MEAN_SUCCESSFUL_REPEATS,"[""P02-A0-BNCI2014_001-RIE-TS-LR-P01-L1-LOW-CAL-OFFICIAL-R2:128_PER_CLASS-MR00""]",1,1,False,True
BNCI2014_001,RIE-TS-LR,ACC,256,P01-L1-LOW-CAL-OFFICIAL-R2:256_PER_CLASS,VALID,0.5416666666666666,1,1,0,P01_FROZEN_SINGLE_SUBSET,True,P02-INTEGRATED-LOW-LABEL-1-TO-256-R1,ALREADY_COMPLETE_INTEGRATED_A0_TERMINALS,MEAN_SUCCESSFUL_REPEATS,"[""P02-A0-BNCI2014_001-RIE-TS-LR-P01-L1-LOW-CAL-OFFICIAL-R2:256_PER_CLASS-MR00""]",1,1,False,True
BNCI2014_001,RIE-TS-LR,BACC,256,P01-L1-LOW-CAL-OFFICIAL-R2:256_PER_CLASS,VALID,0.5416666666666666,1,1,0,P01_FROZEN_SINGLE_SUBSET,True,P02-INTEGRATED-LOW-LABEL-1-TO-256-R1,ALREADY_COMPLETE_INTEGRATED_A0_TERMINALS,MEAN_SUCCESSFUL_REPEATS,"[""P02-A0-BNCI2014_001-RIE-TS-LR-P01-L1-LOW-CAL-OFFICIAL-R2:256_PER_CLASS-MR00""]",1,1,False,True
BNCI2014_001,RIE-TS-LR,F1_MACRO,256,P01-L1-LOW-CAL-OFFICIAL-R2:256_PER_CLASS,VALID,0.5208711433756805,1,1,0,P01_FROZEN_SINGLE_SUBSET,True,P02-INTEGRATED-LOW-LABEL-1-TO-256-R1,ALREADY_COMPLETE_INTEGRATED_A0_TERMINALS,MEAN_SUCCESSFUL_REPEATS,"[""P02-A0-BNCI2014_001-RIE-TS-LR-P01-L1-LOW-CAL-OFFICIAL-R2:256_PER_CLASS-MR00""]",1,1,False,True
BNCI2014_001,DNN-EEGNET,ACC,64,P01-L1-LOW-CAL-OFFICIAL-R2:64_PER_CLASS,VALID,0.53125,5,5,0,P01_FROZEN_SINGLE_SUBSET,True,P02-INTEGRATED-LOW-LABEL-1-TO-256-R1,ALREADY_COMPLETE_INTEGRATED_A0_TERMINALS,MEAN_SUCCESSFUL_REPEATS,"[""P02-A0-BNCI2014_001-DNN-EEGNET-P01-L1-LOW-CAL-OFFICIAL-R2:64_PER_CLASS-MR00"", ""P02-A0-BNCI2014_001-DNN-EEGNET-P01-L1-LOW-CAL-OFFICIAL-R2:64_PER_CLASS-MR01"", ""P02-A0-BNCI2014_001-DNN-EEGNET-P01-L1-LOW-CAL-OFFICIAL-R2:64_PER_CLASS-MR02"", ""P02-A0-BNCI2014_001-DNN-EEGNET-P01-L1-LOW-CAL-OFFICIAL-R2:64_PER_CLASS-MR03"", ""P02-A0-BNCI2014_001-DNN-EEGNET-P01-L1-LOW-CAL-OFFICIAL-R2:64_PER_CLASS-MR04""]",5,5,False,True
BNCI2014_001,DNN-EEGNET,BACC,64,P01-L1-LOW-CAL-OFFICIAL-R2:64_PER_CLASS,VALID,0.53125,5,5,0,P01_FROZEN_SINGLE_SUBSET,True,P02-INTEGRATED-LOW-LABEL-1-TO-256-R1,ALREADY_COMPLETE_INTEGRATED_A0_TERMINALS,MEAN_SUCCESSFUL_REPEATS,"[""P02-A0-BNCI2014_001-DNN-EEGNET-P01-L1-LOW-CAL-OFFICIAL-R2:64_PER_CLASS-MR00"", ""P02-A0-BNCI2014_001-DNN-EEGNET-P01-L1-LOW-CAL-OFFICIAL-R2:64_PER_CLASS-MR01"", ""P02-A0-BNCI2014_001-DNN-EEGNET-P01-L1-LOW-CAL-OFFICIAL-R2:64_PER_CLASS-MR02"", ""P02-A0-BNCI2014_001-DNN-EEGNET-P01-L1-LOW-CAL-OFFICIAL-R2:64_PER_CLASS-MR03"", ""P02-A0-BNCI2014_001-DNN-EEGNET-P01-L1-LOW-CAL-OFFICIAL-R2:64_PER_CLASS-MR04""]",5,5,False,True
BNCI2014_001,DNN-EEGNET,F1_MACRO,64,P01-L1-LOW-CAL-OFFICIAL-R2:64_PER_CLASS,VALID,0.507288234037981,5,5,0,P01_FROZEN_SINGLE_SUBSET,True,P02-INTEGRATED-LOW-LABEL-1-TO-256-R1,ALREADY_COMPLETE_INTEGRATED_A0_TERMINALS,MEAN_SUCCESSFUL_REPEATS,"[""P02-A0-BNCI2014_001-DNN-EEGNET-P01-L1-LOW-CAL-OFFICIAL-R2:64_PER_CLASS-MR00"", ""P02-A0-BNCI2014_001-DNN-EEGNET-P01-L1-LOW-CAL-OFFICIAL-R2:64_PER_CLASS-MR01"", ""P02-A0-BNCI2014_001-DNN-EEGNET-P01-L1-LOW-CAL-OFFICIAL-R2:64_PER_CLASS-MR02"", ""P02-A0-BNCI2014_001-DNN-EEGNET-P01-L1-LOW-CAL-OFFICIAL-R2:64_PER_CLASS-MR03"", ""P02-A0-BNCI2014_001-DNN-EEGNET-P01-L1-LOW-CAL-OFFICIAL-R2:64_PER_CLASS-MR04""]",5,5,False,True
BNCI2014_001,DNN-EEGNET,ACC,128,P01-L1-LOW-CAL-OFFICIAL-R2:128_PER_CLASS,VALID,0.59375,5,5,0,P01_FROZEN_SINGLE_SUBSET,True,P02-INTEGRATED-LOW-LABEL-1-TO-256-R1,ALREADY_COMPLETE_INTEGRATED_A0_TERMINALS,MEAN_SUCCESSFUL_REPEATS,"[""P02-A0-BNCI2014_001-DNN-EEGNET-P01-L1-LOW-CAL-OFFICIAL-R2:128_PER_CLASS-MR00"", ""P02-A0-BNCI2014_001-DNN-EEGNET-P01-L1-LOW-CAL-OFFICIAL-R2:128_PER_CLASS-MR01"", ""P02-A0-BNCI2014_001-DNN-EEGNET-P01-L1-LOW-CAL-OFFICIAL-R2:128_PER_CLASS-MR02"", ""P02-A0-BNCI2014_001-DNN-EEGNET-P01-L1-LOW-CAL-OFFICIAL-R2:128_PER_CLASS-MR03"", ""P02-A0-BNCI2014_001-DNN-EEGNET-P01-L1-LOW-CAL-OFFICIAL-R2:128_PER_CLASS-MR04""]",5,5,False,True
BNCI2014_001,DNN-EEGNET,BACC,128,P01-L1-LOW-CAL-OFFICIAL-R2:128_PER_CLASS,VALID,0.59375,5,5,0,P01_FROZEN_SINGLE_SUBSET,True,P02-INTEGRATED-LOW-LABEL-1-TO-256-R1,ALREADY_COMPLETE_INTEGRATED_A0_TERMINALS,MEAN_SUCCESSFUL_REPEATS,"[""P02-A0-BNCI2014_001-DNN-EEGNET-P01-L1-LOW-CAL-OFFICIAL-R2:128_PER_CLASS-MR00"", ""P02-A0-BNCI2014_001-DNN-EEGNET-P01-L1-LOW-CAL-OFFICIAL-R2:128_PER_CLASS-MR01"", ""P02-A0-BNCI2014_001-DNN-EEGNET-P01-L1-LOW-CAL-OFFICIAL-R2:128_PER_CLASS-MR02"", ""P02-A0-BNCI2014_001-DNN-EEGNET-P01-L1-LOW-CAL-OFFICIAL-R2:128_PER_CLASS-MR03"", ""P02-A0-BNCI2014_001-DNN-EEGNET-P01-L1-LOW-CAL-OFFICIAL-R2:128_PER_CLASS-MR04""]",5,5,False,True
BNCI2014_001,DNN-EEGNET,F1_MACRO,128,P01-L1-LOW-CAL-OFFICIAL-R2:128_PER_CLASS,VALID,0.5826189216759059,5,5,0,P01_FROZEN_SINGLE_SUBSET,True,P02-INTEGRATED-LOW-LABEL-1-TO-256-R1,ALREADY_COMPLETE_INTEGRATED_A0_TERMINALS,MEAN_SUCCESSFUL_REPEATS,"[""P02-A0-BNCI2014_001-DNN-EEGNET-P01-L1-LOW-CAL-OFFICIAL-R2:128_PER_CLASS-MR00"", ""P02-A0-BNCI2014_001-DNN-EEGNET-P01-L1-LOW-CAL-OFFICIAL-R2:128_PER_CLASS-MR01"", ""P02-A0-BNCI2014_001-DNN-EEGNET-P01-L1-LOW-CAL-OFFICIAL-R2:128_PER_CLASS-MR02"", ""P02-A0-BNCI2014_001-DNN-EEGNET-P01-L1-LOW-CAL-OFFICIAL-R2:128_PER_CLASS-MR03"", ""P02-A0-BNCI2014_001-DNN-EEGNET-P01-L1-LOW-CAL-OFFICIAL-R2:128_PER_CLASS-MR04""]",5,5,False,True
BNCI2014_001,DNN-EEGNET,ACC,256,P01-L1-LOW-CAL-OFFICIAL-R2:256_PER_CLASS,VALID,0.5736111111111111,5,5,0,P01_FROZEN_SINGLE_SUBSET,True,P02-INTEGRATED-LOW-LABEL-1-TO-256-R1,ALREADY_COMPLETE_INTEGRATED_A0_TERMINALS,MEAN_SUCCESSFUL_REPEATS,"[""P02-A0-BNCI2014_001-DNN-EEGNET-P01-L1-LOW-CAL-OFFICIAL-R2:256_PER_CLASS-MR00"", ""P02-A0-BNCI2014_001-DNN-EEGNET-P01-L1-LOW-CAL-OFFICIAL-R2:256_PER_CLASS-MR01"", ""P02-A0-BNCI2014_001-DNN-EEGNET-P01-L1-LOW-CAL-OFFICIAL-R2:256_PER_CLASS-MR02"", ""P02-A0-BNCI2014_001-DNN-EEGNET-P01-L1-LOW-CAL-OFFICIAL-R2:256_PER_CLASS-MR03"", ""P02-A0-BNCI2014_001-DNN-EEGNET-P01-L1-LOW-CAL-OFFICIAL-R2:256_PER_CLASS-MR04""]",5,5,False,True
BNCI2014_001,DNN-EEGNET,BACC,256,P01-L1-LOW-CAL-OFFICIAL-R2:256_PER_CLASS,VALID,0.5736111111111111,5,5,0,P01_FROZEN_SINGLE_SUBSET,True,P02-INTEGRATED-LOW-LABEL-1-TO-256-R1,ALREADY_COMPLETE_INTEGRATED_A0_TERMINALS,MEAN_SUCCESSFUL_REPEATS,"[""P02-A0-BNCI2014_001-DNN-EEGNET-P01-L1-LOW-CAL-OFFICIAL-R2:256_PER_CLASS-MR00"", ""P02-A0-BNCI2014_001-DNN-EEGNET-P01-L1-LOW-CAL-OFFICIAL-R2:256_PER_CLASS-MR01"", ""P02-A0-BNCI2014_001-DNN-EEGNET-P01-L1-LOW-CAL-OFFICIAL-R2:256_PER_CLASS-MR02"", ""P02-A0-BNCI2014_001-DNN-EEGNET-P01-L1-LOW-CAL-OFFICIAL-R2:256_PER_CLASS-MR03"", ""P02-A0-BNCI2014_001-DNN-EEGNET-P01-L1-LOW-CAL-OFFICIAL-R2:256_PER_CLASS-MR04""]",5,5,False,True
BNCI2014_001,DNN-EEGNET,F1_MACRO,256,P01-L1-LOW-CAL-OFFICIAL-R2:256_PER_CLASS,VALID,0.5558620703287241,5,5,0,P01_FROZEN_SINGLE_SUBSET,True,P02-INTEGRATED-LOW-LABEL-1-TO-256-R1,ALREADY_COMPLETE_INTEGRATED_A0_TERMINALS,MEAN_SUCCESSFUL_REPEATS,"[""P02-A0-BNCI2014_001-DNN-EEGNET-P01-L1-LOW-CAL-OFFICIAL-R2:256_PER_CLASS-MR00"", ""P02-A0-BNCI2014_001-DNN-EEGNET-P01-L1-LOW-CAL-OFFICIAL-R2:256_PER_CLASS-MR01"", ""P02-A0-BNCI2014_001-DNN-EEGNET-P01-L1-LOW-CAL-OFFICIAL-R2:256_PER_CLASS-MR02"", ""P02-A0-BNCI2014_001-DNN-EEGNET-P01-L1-LOW-CAL-OFFICIAL-R2:256_PER_CLASS-MR03"", ""P02-A0-BNCI2014_001-DNN-EEGNET-P01-L1-LOW-CAL-OFFICIAL-R2:256_PER_CLASS-MR04""]",5,5,False,True
BNCI2014_001,SSL-CBRAMOD,ACC,64,P01-L1-LOW-CAL-OFFICIAL-R2:64_PER_CLASS,VALID,0.5118055555555555,5,5,0,P01_FROZEN_SINGLE_SUBSET,True,P02-INTEGRATED-LOW-LABEL-1-TO-256-R1,ALREADY_COMPLETE_INTEGRATED_A0_TERMINALS,MEAN_SUCCESSFUL_REPEATS,"[""P02-A0-BNCI2014_001-SSL-CBRAMOD-P01-L1-LOW-CAL-OFFICIAL-R2:64_PER_CLASS-MR00"", ""P02-A0-BNCI2014_001-SSL-CBRAMOD-P01-L1-LOW-CAL-OFFICIAL-R2:64_PER_CLASS-MR01"", ""P02-A0-BNCI2014_001-SSL-CBRAMOD-P01-L1-LOW-CAL-OFFICIAL-R2:64_PER_CLASS-MR02"", ""P02-A0-BNCI2014_001-SSL-CBRAMOD-P01-L1-LOW-CAL-OFFICIAL-R2:64_PER_CLASS-MR03"", ""P02-A0-BNCI2014_001-SSL-CBRAMOD-P01-L1-LOW-CAL-OFFICIAL-R2:64_PER_CLASS-MR04""]",5,5,False,True
BNCI2014_001,SSL-CBRAMOD,BACC,64,P01-L1-LOW-CAL-OFFICIAL-R2:64_PER_CLASS,VALID,0.5118055555555555,5,5,0,P01_FROZEN_SINGLE_SUBSET,True,P02-INTEGRATED-LOW-LABEL-1-TO-256-R1,ALREADY_COMPLETE_INTEGRATED_A0_TERMINALS,MEAN_SUCCESSFUL_REPEATS,"[""P02-A0-BNCI2014_001-SSL-CBRAMOD-P01-L1-LOW-CAL-OFFICIAL-R2:64_PER_CLASS-MR00"", ""P02-A0-BNCI2014_001-SSL-CBRAMOD-P01-L1-LOW-CAL-OFFICIAL-R2:64_PER_CLASS-MR01"", ""P02-A0-BNCI2014_001-SSL-CBRAMOD-P01-L1-LOW-CAL-OFFICIAL-R2:64_PER_CLASS-MR02"", ""P02-A0-BNCI2014_001-SSL-CBRAMOD-P01-L1-LOW-CAL-OFFICIAL-R2:64_PER_CLASS-MR03"", ""P02-A0-BNCI2014_001-SSL-CBRAMOD-P01-L1-LOW-CAL-OFFICIAL-R2:64_PER_CLASS-MR04""]",5,5,False,True
BNCI2014_001,SSL-CBRAMOD,F1_MACRO,64,P01-L1-LOW-CAL-OFFICIAL-R2:64_PER_CLASS,VALID,0.5030365934052071,5,5,0,P01_FROZEN_SINGLE_SUBSET,True,P02-INTEGRATED-LOW-LABEL-1-TO-256-R1,ALREADY_COMPLETE_INTEGRATED_A0_TERMINALS,MEAN_SUCCESSFUL_REPEATS,"[""P02-A0-BNCI2014_001-SSL-CBRAMOD-P01-L1-LOW-CAL-OFFICIAL-R2:64_PER_CLASS-MR00"", ""P02-A0-BNCI2014_001-SSL-CBRAMOD-P01-L1-LOW-CAL-OFFICIAL-R2:64_PER_CLASS-MR01"", ""P02-A0-BNCI2014_001-SSL-CBRAMOD-P01-L1-LOW-CAL-OFFICIAL-R2:64_PER_CLASS-MR02"", ""P02-A0-BNCI2014_001-SSL-CBRAMOD-P01-L1-LOW-CAL-OFFICIAL-R2:64_PER_CLASS-MR03"", ""P02-A0-BNCI2014_001-SSL-CBRAMOD-P01-L1-LOW-CAL-OFFICIAL-R2:64_PER_CLASS-MR04""]",5,5,False,True
BNCI2014_001,SSL-CBRAMOD,ACC,128,P01-L1-LOW-CAL-OFFICIAL-R2:128_PER_CLASS,VALID,0.53125,5,5,0,P01_FROZEN_SINGLE_SUBSET,True,P02-INTEGRATED-LOW-LABEL-1-TO-256-R1,ALREADY_COMPLETE_INTEGRATED_A0_TERMINALS,MEAN_SUCCESSFUL_REPEATS,"[""P02-A0-BNCI2014_001-SSL-CBRAMOD-P01-L1-LOW-CAL-OFFICIAL-R2:128_PER_CLASS-MR00"", ""P02-A0-BNCI2014_001-SSL-CBRAMOD-P01-L1-LOW-CAL-OFFICIAL-R2:128_PER_CLASS-MR01"", ""P02-A0-BNCI2014_001-SSL-CBRAMOD-P01-L1-LOW-CAL-OFFICIAL-R2:128_PER_CLASS-MR02"", ""P02-A0-BNCI2014_001-SSL-CBRAMOD-P01-L1-LOW-CAL-OFFICIAL-R2:128_PER_CLASS-MR03"", ""P02-A0-BNCI2014_001-SSL-CBRAMOD-P01-L1-LOW-CAL-OFFICIAL-R2:128_PER_CLASS-MR04""]",5,5,False,True
BNCI2014_001,SSL-CBRAMOD,BACC,128,P01-L1-LOW-CAL-OFFICIAL-R2:128_PER_CLASS,VALID,0.53125,5,5,0,P01_FROZEN_SINGLE_SUBSET,True,P02-INTEGRATED-LOW-LABEL-1-TO-256-R1,ALREADY_COMPLETE_INTEGRATED_A0_TERMINALS,MEAN_SUCCESSFUL_REPEATS,"[""P02-A0-BNCI2014_001-SSL-CBRAMOD-P01-L1-LOW-CAL-OFFICIAL-R2:128_PER_CLASS-MR00"", ""P02-A0-BNCI2014_001-SSL-CBRAMOD-P01-L1-LOW-CAL-OFFICIAL-R2:128_PER_CLASS-MR01"", ""P02-A0-BNCI2014_001-SSL-CBRAMOD-P01-L1-LOW-CAL-OFFICIAL-R2:128_PER_CLASS-MR02"", ""P02-A0-BNCI2014_001-SSL-CBRAMOD-P01-L1-LOW-CAL-OFFICIAL-R2:128_PER_CLASS-MR03"", ""P02-A0-BNCI2014_001-SSL-CBRAMOD-P01-L1-LOW-CAL-OFFICIAL-R2:128_PER_CLASS-MR04""]",5,5,False,True
BNCI2014_001,SSL-CBRAMOD,F1_MACRO,128,P01-L1-LOW-CAL-OFFICIAL-R2:128_PER_CLASS,VALID,0.5290346818270654,5,5,0,P01_FROZEN_SINGLE_SUBSET,True,P02-INTEGRATED-LOW-LABEL-1-TO-256-R1,ALREADY_COMPLETE_INTEGRATED_A0_TERMINALS,MEAN_SUCCESSFUL_REPEATS,"[""P02-A0-BNCI2014_001-SSL-CBRAMOD-P01-L1-LOW-CAL-OFFICIAL-R2:128_PER_CLASS-MR00"", ""P02-A0-BNCI2014_001-SSL-CBRAMOD-P01-L1-LOW-CAL-OFFICIAL-R2:128_PER_CLASS-MR01"", ""P02-A0-BNCI2014_001-SSL-CBRAMOD-P01-L1-LOW-CAL-OFFICIAL-R2:128_PER_CLASS-MR02"", ""P02-A0-BNCI2014_001-SSL-CBRAMOD-P01-L1-LOW-CAL-OFFICIAL-R2:128_PER_CLASS-MR03"", ""P02-A0-BNCI2014_001-SSL-CBRAMOD-P01-L1-LOW-CAL-OFFICIAL-R2:128_PER_CLASS-MR04""]",5,5,False,True
BNCI2014_001,SSL-CBRAMOD,ACC,256,P01-L1-LOW-CAL-OFFICIAL-R2:256_PER_CLASS,VALID,0.5194444444444445,5,5,0,P01_FROZEN_SINGLE_SUBSET,True,P02-INTEGRATED-LOW-LABEL-1-TO-256-R1,ALREADY_COMPLETE_INTEGRATED_A0_TERMINALS,MEAN_SUCCESSFUL_REPEATS,"[""P02-A0-BNCI2014_001-SSL-CBRAMOD-P01-L1-LOW-CAL-OFFICIAL-R2:256_PER_CLASS-MR00"", ""P02-A0-BNCI2014_001-SSL-CBRAMOD-P01-L1-LOW-CAL-OFFICIAL-R2:256_PER_CLASS-MR01"", ""P02-A0-BNCI2014_001-SSL-CBRAMOD-P01-L1-LOW-CAL-OFFICIAL-R2:256_PER_CLASS-MR02"", ""P02-A0-BNCI2014_001-SSL-CBRAMOD-P01-L1-LOW-CAL-OFFICIAL-R2:256_PER_CLASS-MR03"", ""P02-A0-BNCI2014_001-SSL-CBRAMOD-P01-L1-LOW-CAL-OFFICIAL-R2:256_PER_CLASS-MR04""]",5,5,False,True
BNCI2014_001,SSL-CBRAMOD,BACC,256,P01-L1-LOW-CAL-OFFICIAL-R2:256_PER_CLASS,VALID,0.5194444444444445,5,5,0,P01_FROZEN_SINGLE_SUBSET,True,P02-INTEGRATED-LOW-LABEL-1-TO-256-R1,ALREADY_COMPLETE_INTEGRATED_A0_TERMINALS,MEAN_SUCCESSFUL_REPEATS,"[""P02-A0-BNCI2014_001-SSL-CBRAMOD-P01-L1-LOW-CAL-OFFICIAL-R2:256_PER_CLASS-MR00"", ""P02-A0-BNCI2014_001-SSL-CBRAMOD-P01-L1-LOW-CAL-OFFICIAL-R2:256_PER_CLASS-MR01"", ""P02-A0-BNCI2014_001-SSL-CBRAMOD-P01-L1-LOW-CAL-OFFICIAL-R2:256_PER_CLASS-MR02"", ""P02-A0-BNCI2014_001-SSL-CBRAMOD-P01-L1-LOW-CAL-OFFICIAL-R2:256_PER_CLASS-MR03"", ""P02-A0-BNCI2014_001-SSL-CBRAMOD-P01-L1-LOW-CAL-OFFICIAL-R2:256_PER_CLASS-MR04""]",5,5,False,True
BNCI2014_001,SSL-CBRAMOD,F1_MACRO,256,P01-L1-LOW-CAL-OFFICIAL-R2:256_PER_CLASS,VALID,0.5177656464935533,5,5,0,P01_FROZEN_SINGLE_SUBSET,True,P02-INTEGRATED-LOW-LABEL-1-TO-256-R1,ALREADY_COMPLETE_INTEGRATED_A0_TERMINALS,MEAN_SUCCESSFUL_REPEATS,"[""P02-A0-BNCI2014_001-SSL-CBRAMOD-P01-L1-LOW-CAL-OFFICIAL-R2:256_PER_CLASS-MR00"", ""P02-A0-BNCI2014_001-SSL-CBRAMOD-P01-L1-LOW-CAL-OFFICIAL-R2:256_PER_CLASS-MR01"", ""P02-A0-BNCI2014_001-SSL-CBRAMOD-P01-L1-LOW-CAL-OFFICIAL-R2:256_PER_CLASS-MR02"", ""P02-A0-BNCI2014_001-SSL-CBRAMOD-P01-L1-LOW-CAL-OFFICIAL-R2:256_PER_CLASS-MR03"", ""P02-A0-BNCI2014_001-SSL-CBRAMOD-P01-L1-LOW-CAL-OFFICIAL-R2:256_PER_CLASS-MR04""]",5,5,False,True
Lee2019_MI,CLS-CSP-LDA,ACC,64,P01-L1-LOW-CAL-OFFICIAL-R2:64_PER_CLASS,VALID,0.48333333333333334,1,1,0,P01_FROZEN_SINGLE_SUBSET,True,P02-INTEGRATED-LOW-LABEL-1-TO-256-R1,ALREADY_COMPLETE_INTEGRATED_A0_TERMINALS,MEAN_SUCCESSFUL_REPEATS,"[""P02-A0-Lee2019_MI-CLS-CSP-LDA-P01-L1-LOW-CAL-OFFICIAL-R2:64_PER_CLASS-MR00""]",1,1,False,True
Lee2019_MI,CLS-CSP-LDA,BACC,64,P01-L1-LOW-CAL-OFFICIAL-R2:64_PER_CLASS,VALID,0.48333333333333334,1,1,0,P01_FROZEN_SINGLE_SUBSET,True,P02-INTEGRATED-LOW-LABEL-1-TO-256-R1,ALREADY_COMPLETE_INTEGRATED_A0_TERMINALS,MEAN_SUCCESSFUL_REPEATS,"[""P02-A0-Lee2019_MI-CLS-CSP-LDA-P01-L1-LOW-CAL-OFFICIAL-R2:64_PER_CLASS-MR00""]",1,1,False,True
Lee2019_MI,CLS-CSP-LDA,F1_MACRO,64,P01-L1-LOW-CAL-OFFICIAL-R2:64_PER_CLASS,VALID,0.44689607593581615,1,1,0,P01_FROZEN_SINGLE_SUBSET,True,P02-INTEGRATED-LOW-LABEL-1-TO-256-R1,ALREADY_COMPLETE_INTEGRATED_A0_TERMINALS,MEAN_SUCCESSFUL_REPEATS,"[""P02-A0-Lee2019_MI-CLS-CSP-LDA-P01-L1-LOW-CAL-OFFICIAL-R2:64_PER_CLASS-MR00""]",1,1,False,True
Lee2019_MI,CLS-CSP-LDA,ACC,128,P01-L1-LOW-CAL-OFFICIAL-R2:128_PER_CLASS,VALID,0.605,1,1,0,P01_FROZEN_SINGLE_SUBSET,True,P02-INTEGRATED-LOW-LABEL-1-TO-256-R1,ALREADY_COMPLETE_INTEGRATED_A0_TERMINALS,MEAN_SUCCESSFUL_REPEATS,"[""P02-A0-Lee2019_MI-CLS-CSP-LDA-P01-L1-LOW-CAL-OFFICIAL-R2:128_PER_CLASS-MR00""]",1,1,False,True
Lee2019_MI,CLS-CSP-LDA,BACC,128,P01-L1-LOW-CAL-OFFICIAL-R2:128_PER_CLASS,VALID,0.605,1,1,0,P01_FROZEN_SINGLE_SUBSET,True,P02-INTEGRATED-LOW-LABEL-1-TO-256-R1,ALREADY_COMPLETE_INTEGRATED_A0_TERMINALS,MEAN_SUCCESSFUL_REPEATS,"[""P02-A0-Lee2019_MI-CLS-CSP-LDA-P01-L1-LOW-CAL-OFFICIAL-R2:128_PER_CLASS-MR00""]",1,1,False,True
Lee2019_MI,CLS-CSP-LDA,F1_MACRO,128,P01-L1-LOW-CAL-OFFICIAL-R2:128_PER_CLASS,VALID,0.6048144823542163,1,1,0,P01_FROZEN_SINGLE_SUBSET,True,P02-INTEGRATED-LOW-LABEL-1-TO-256-R1,ALREADY_COMPLETE_INTEGRATED_A0_TERMINALS,MEAN_SUCCESSFUL_REPEATS,"[""P02-A0-Lee2019_MI-CLS-CSP-LDA-P01-L1-LOW-CAL-OFFICIAL-R2:128_PER_CLASS-MR00""]",1,1,False,True
Lee2019_MI,CLS-CSP-LDA,ACC,256,P01-L1-LOW-CAL-OFFICIAL-R2:256_PER_CLASS,VALID,0.625,1,1,0,P01_FROZEN_SINGLE_SUBSET,True,P02-INTEGRATED-LOW-LABEL-1-TO-256-R1,ALREADY_COMPLETE_INTEGRATED_A0_TERMINALS,MEAN_SUCCESSFUL_REPEATS,"[""P02-A0-Lee2019_MI-CLS-CSP-LDA-P01-L1-LOW-CAL-OFFICIAL-R2:256_PER_CLASS-MR00""]",1,1,False,True
Lee2019_MI,CLS-CSP-LDA,BACC,256,P01-L1-LOW-CAL-OFFICIAL-R2:256_PER_CLASS,VALID,0.625,1,1,0,P01_FROZEN_SINGLE_SUBSET,True,P02-INTEGRATED-LOW-LABEL-1-TO-256-R1,ALREADY_COMPLETE_INTEGRATED_A0_TERMINALS,MEAN_SUCCESSFUL_REPEATS,"[""P02-A0-Lee2019_MI-CLS-CSP-LDA-P01-L1-LOW-CAL-OFFICIAL-R2:256_PER_CLASS-MR00""]",1,1,False,True
Lee2019_MI,CLS-CSP-LDA,F1_MACRO,256,P01-L1-LOW-CAL-OFFICIAL-R2:256_PER_CLASS,VALID,0.6187205391009147,1,1,0,P01_FROZEN_SINGLE_SUBSET,True,P02-INTEGRATED-LOW-LABEL-1-TO-256-R1,ALREADY_COMPLETE_INTEGRATED_A0_TERMINALS,MEAN_SUCCESSFUL_REPEATS,"[""P02-A0-Lee2019_MI-CLS-CSP-LDA-P01-L1-LOW-CAL-OFFICIAL-R2:256_PER_CLASS-MR00""]",1,1,False,True
Lee2019_MI,RIE-TS-LR,ACC,64,P01-L1-LOW-CAL-OFFICIAL-R2:64_PER_CLASS,VALID,0.665,1,1,0,P01_FROZEN_SINGLE_SUBSET,True,P02-INTEGRATED-LOW-LABEL-1-TO-256-R1,ALREADY_COMPLETE_INTEGRATED_A0_TERMINALS,MEAN_SUCCESSFUL_REPEATS,"[""P02-A0-Lee2019_MI-RIE-TS-LR-P01-L1-LOW-CAL-OFFICIAL-R2:64_PER_CLASS-MR00""]",1,1,False,True
Lee2019_MI,RIE-TS-LR,BACC,64,P01-L1-LOW-CAL-OFFICIAL-R2:64_PER_CLASS,VALID,0.665,1,1,0,P01_FROZEN_SINGLE_SUBSET,True,P02-INTEGRATED-LOW-LABEL-1-TO-256-R1,ALREADY_COMPLETE_INTEGRATED_A0_TERMINALS,MEAN_SUCCESSFUL_REPEATS,"[""P02-A0-Lee2019_MI-RIE-TS-LR-P01-L1-LOW-CAL-OFFICIAL-R2:64_PER_CLASS-MR00""]",1,1,False,True
Lee2019_MI,RIE-TS-LR,F1_MACRO,64,P01-L1-LOW-CAL-OFFICIAL-R2:64_PER_CLASS,VALID,0.66466373224261,1,1,0,P01_FROZEN_SINGLE_SUBSET,True,P02-INTEGRATED-LOW-LABEL-1-TO-256-R1,ALREADY_COMPLETE_INTEGRATED_A0_TERMINALS,MEAN_SUCCESSFUL_REPEATS,"[""P02-A0-Lee2019_MI-RIE-TS-LR-P01-L1-LOW-CAL-OFFICIAL-R2:64_PER_CLASS-MR00""]",1,1,False,True
Lee2019_MI,RIE-TS-LR,ACC,128,P01-L1-LOW-CAL-OFFICIAL-R2:128_PER_CLASS,VALID,0.7,1,1,0,P01_FROZEN_SINGLE_SUBSET,True,P02-INTEGRATED-LOW-LABEL-1-TO-256-R1,ALREADY_COMPLETE_INTEGRATED_A0_TERMINALS,MEAN_SUCCESSFUL_REPEATS,"[""P02-A0-Lee2019_MI-RIE-TS-LR-P01-L1-LOW-CAL-OFFICIAL-R2:128_PER_CLASS-MR00""]",1,1,False,True
Lee2019_MI,RIE-TS-LR,BACC,128,P01-L1-LOW-CAL-OFFICIAL-R2:128_PER_CLASS,VALID,0.7,1,1,0,P01_FROZEN_SINGLE_SUBSET,True,P02-INTEGRATED-LOW-LABEL-1-TO-256-R1,ALREADY_COMPLETE_INTEGRATED_A0_TERMINALS,MEAN_SUCCESSFUL_REPEATS,"[""P02-A0-Lee2019_MI-RIE-TS-LR-P01-L1-LOW-CAL-OFFICIAL-R2:128_PER_CLASS-MR00""]",1,1,False,True
Lee2019_MI,RIE-TS-LR,F1_MACRO,128,P01-L1-LOW-CAL-OFFICIAL-R2:128_PER_CLASS,VALID,0.6973637015781922,1,1,0,P01_FROZEN_SINGLE_SUBSET,True,P02-INTEGRATED-LOW-LABEL-1-TO-256-R1,ALREADY_COMPLETE_INTEGRATED_A0_TERMINALS,MEAN_SUCCESSFUL_REPEATS,"[""P02-A0-Lee2019_MI-RIE-TS-LR-P01-L1-LOW-CAL-OFFICIAL-R2:128_PER_CLASS-MR00""]",1,1,False,True
Lee2019_MI,RIE-TS-LR,ACC,256,P01-L1-LOW-CAL-OFFICIAL-R2:256_PER_CLASS,VALID,0.72,1,1,0,P01_FROZEN_SINGLE_SUBSET,True,P02-INTEGRATED-LOW-LABEL-1-TO-256-R1,ALREADY_COMPLETE_INTEGRATED_A0_TERMINALS,MEAN_SUCCESSFUL_REPEATS,"[""P02-A0-Lee2019_MI-RIE-TS-LR-P01-L1-LOW-CAL-OFFICIAL-R2:256_PER_CLASS-MR00""]",1,1,False,True
Lee2019_MI,RIE-TS-LR,BACC,256,P01-L1-LOW-CAL-OFFICIAL-R2:256_PER_CLASS,VALID,0.72,1,1,0,P01_FROZEN_SINGLE_SUBSET,True,P02-INTEGRATED-LOW-LABEL-1-TO-256-R1,ALREADY_COMPLETE_INTEGRATED_A0_TERMINALS,MEAN_SUCCESSFUL_REPEATS,"[""P02-A0-Lee2019_MI-RIE-TS-LR-P01-L1-LOW-CAL-OFFICIAL-R2:256_PER_CLASS-MR00""]",1,1,False,True
Lee2019_MI,RIE-TS-LR,F1_MACRO,256,P01-L1-LOW-CAL-OFFICIAL-R2:256_PER_CLASS,VALID,0.713844476744186,1,1,0,P01_FROZEN_SINGLE_SUBSET,True,P02-INTEGRATED-LOW-LABEL-1-TO-256-R1,ALREADY_COMPLETE_INTEGRATED_A0_TERMINALS,MEAN_SUCCESSFUL_REPEATS,"[""P02-A0-Lee2019_MI-RIE-TS-LR-P01-L1-LOW-CAL-OFFICIAL-R2:256_PER_CLASS-MR00""]",1,1,False,True
Lee2019_MI,DNN-EEGNET,ACC,64,P01-L1-LOW-CAL-OFFICIAL-R2:64_PER_CLASS,VALID,0.5660000000000001,5,5,0,P01_FROZEN_SINGLE_SUBSET,True,P02-INTEGRATED-LOW-LABEL-1-TO-256-R1,ALREADY_COMPLETE_INTEGRATED_A0_TERMINALS,MEAN_SUCCESSFUL_REPEATS,"[""P02-A0-Lee2019_MI-DNN-EEGNET-P01-L1-LOW-CAL-OFFICIAL-R2:64_PER_CLASS-MR00"", ""P02-A0-Lee2019_MI-DNN-EEGNET-P01-L1-LOW-CAL-OFFICIAL-R2:64_PER_CLASS-MR01"", ""P02-A0-Lee2019_MI-DNN-EEGNET-P01-L1-LOW-CAL-OFFICIAL-R2:64_PER_CLASS-MR02"", ""P02-A0-Lee2019_MI-DNN-EEGNET-P01-L1-LOW-CAL-OFFICIAL-R2:64_PER_CLASS-MR03"", ""P02-A0-Lee2019_MI-DNN-EEGNET-P01-L1-LOW-CAL-OFFICIAL-R2:64_PER_CLASS-MR04""]",5,5,False,True
Lee2019_MI,DNN-EEGNET,BACC,64,P01-L1-LOW-CAL-OFFICIAL-R2:64_PER_CLASS,VALID,0.5660000000000001,5,5,0,P01_FROZEN_SINGLE_SUBSET,True,P02-INTEGRATED-LOW-LABEL-1-TO-256-R1,ALREADY_COMPLETE_INTEGRATED_A0_TERMINALS,MEAN_SUCCESSFUL_REPEATS,"[""P02-A0-Lee2019_MI-DNN-EEGNET-P01-L1-LOW-CAL-OFFICIAL-R2:64_PER_CLASS-MR00"", ""P02-A0-Lee2019_MI-DNN-EEGNET-P01-L1-LOW-CAL-OFFICIAL-R2:64_PER_CLASS-MR01"", ""P02-A0-Lee2019_MI-DNN-EEGNET-P01-L1-LOW-CAL-OFFICIAL-R2:64_PER_CLASS-MR02"", ""P02-A0-Lee2019_MI-DNN-EEGNET-P01-L1-LOW-CAL-OFFICIAL-R2:64_PER_CLASS-MR03"", ""P02-A0-Lee2019_MI-DNN-EEGNET-P01-L1-LOW-CAL-OFFICIAL-R2:64_PER_CLASS-MR04""]",5,5,False,True
Lee2019_MI,DNN-EEGNET,F1_MACRO,64,P01-L1-LOW-CAL-OFFICIAL-R2:64_PER_CLASS,VALID,0.5340062831602834,5,5,0,P01_FROZEN_SINGLE_SUBSET,True,P02-INTEGRATED-LOW-LABEL-1-TO-256-R1,ALREADY_COMPLETE_INTEGRATED_A0_TERMINALS,MEAN_SUCCESSFUL_REPEATS,"[""P02-A0-Lee2019_MI-DNN-EEGNET-P01-L1-LOW-CAL-OFFICIAL-R2:64_PER_CLASS-MR00"", ""P02-A0-Lee2019_MI-DNN-EEGNET-P01-L1-LOW-CAL-OFFICIAL-R2:64_PER_CLASS-MR01"", ""P02-A0-Lee2019_MI-DNN-EEGNET-P01-L1-LOW-CAL-OFFICIAL-R2:64_PER_CLASS-MR02"", ""P02-A0-Lee2019_MI-DNN-EEGNET-P01-L1-LOW-CAL-OFFICIAL-R2:64_PER_CLASS-MR03"", ""P02-A0-Lee2019_MI-DNN-EEGNET-P01-L1-LOW-CAL-OFFICIAL-R2:64_PER_CLASS-MR04""]",5,5,False,True
Lee2019_MI,DNN-EEGNET,ACC,128,P01-L1-LOW-CAL-OFFICIAL-R2:128_PER_CLASS,VALID,0.5753333333333333,5,5,0,P01_FROZEN_SINGLE_SUBSET,True,P02-INTEGRATED-LOW-LABEL-1-TO-256-R1,ALREADY_COMPLETE_INTEGRATED_A0_TERMINALS,MEAN_SUCCESSFUL_REPEATS,"[""P02-A0-Lee2019_MI-DNN-EEGNET-P01-L1-LOW-CAL-OFFICIAL-R2:128_PER_CLASS-MR00"", ""P02-A0-Lee2019_MI-DNN-EEGNET-P01-L1-LOW-CAL-OFFICIAL-R2:128_PER_CLASS-MR01"", ""P02-A0-Lee2019_MI-DNN-EEGNET-P01-L1-LOW-CAL-OFFICIAL-R2:128_PER_CLASS-MR02"", ""P02-A0-Lee2019_MI-DNN-EEGNET-P01-L1-LOW-CAL-OFFICIAL-R2:128_PER_CLASS-MR03"", ""P02-A0-Lee2019_MI-DNN-EEGNET-P01-L1-LOW-CAL-OFFICIAL-R2:128_PER_CLASS-MR04""]",5,5,False,True
Lee2019_MI,DNN-EEGNET,BACC,128,P01-L1-LOW-CAL-OFFICIAL-R2:128_PER_CLASS,VALID,0.5753333333333333,5,5,0,P01_FROZEN_SINGLE_SUBSET,True,P02-INTEGRATED-LOW-LABEL-1-TO-256-R1,ALREADY_COMPLETE_INTEGRATED_A0_TERMINALS,MEAN_SUCCESSFUL_REPEATS,"[""P02-A0-Lee2019_MI-DNN-EEGNET-P01-L1-LOW-CAL-OFFICIAL-R2:128_PER_CLASS-MR00"", ""P02-A0-Lee2019_MI-DNN-EEGNET-P01-L1-LOW-CAL-OFFICIAL-R2:128_PER_CLASS-MR01"", ""P02-A0-Lee2019_MI-DNN-EEGNET-P01-L1-LOW-CAL-OFFICIAL-R2:128_PER_CLASS-MR02"", ""P02-A0-Lee2019_MI-DNN-EEGNET-P01-L1-LOW-CAL-OFFICIAL-R2:128_PER_CLASS-MR03"", ""P02-A0-Lee2019_MI-DNN-EEGNET-P01-L1-LOW-CAL-OFFICIAL-R2:128_PER_CLASS-MR04""]",5,5,False,True
Lee2019_MI,DNN-EEGNET,F1_MACRO,128,P01-L1-LOW-CAL-OFFICIAL-R2:128_PER_CLASS,VALID,0.5671916894892733,5,5,0,P01_FROZEN_SINGLE_SUBSET,True,P02-INTEGRATED-LOW-LABEL-1-TO-256-R1,ALREADY_COMPLETE_INTEGRATED_A0_TERMINALS,MEAN_SUCCESSFUL_REPEATS,"[""P02-A0-Lee2019_MI-DNN-EEGNET-P01-L1-LOW-CAL-OFFICIAL-R2:128_PER_CLASS-MR00"", ""P02-A0-Lee2019_MI-DNN-EEGNET-P01-L1-LOW-CAL-OFFICIAL-R2:128_PER_CLASS-MR01"", ""P02-A0-Lee2019_MI-DNN-EEGNET-P01-L1-LOW-CAL-OFFICIAL-R2:128_PER_CLASS-MR02"", ""P02-A0-Lee2019_MI-DNN-EEGNET-P01-L1-LOW-CAL-OFFICIAL-R2:128_PER_CLASS-MR03"", ""P02-A0-Lee2019_MI-DNN-EEGNET-P01-L1-LOW-CAL-OFFICIAL-R2:128_PER_CLASS-MR04""]",5,5,False,True
Lee2019_MI,DNN-EEGNET,ACC,256,P01-L1-LOW-CAL-OFFICIAL-R2:256_PER_CLASS,VALID,0.663,5,5,0,P01_FROZEN_SINGLE_SUBSET,True,P02-INTEGRATED-LOW-LABEL-1-TO-256-R1,ALREADY_COMPLETE_INTEGRATED_A0_TERMINALS,MEAN_SUCCESSFUL_REPEATS,"[""P02-A0-Lee2019_MI-DNN-EEGNET-P01-L1-LOW-CAL-OFFICIAL-R2:256_PER_CLASS-MR00"", ""P02-A0-Lee2019_MI-DNN-EEGNET-P01-L1-LOW-CAL-OFFICIAL-R2:256_PER_CLASS-MR01"", ""P02-A0-Lee2019_MI-DNN-EEGNET-P01-L1-LOW-CAL-OFFICIAL-R2:256_PER_CLASS-MR02"", ""P02-A0-Lee2019_MI-DNN-EEGNET-P01-L1-LOW-CAL-OFFICIAL-R2:256_PER_CLASS-MR03"", ""P02-A0-Lee2019_MI-DNN-EEGNET-P01-L1-LOW-CAL-OFFICIAL-R2:256_PER_CLASS-MR04""]",5,5,False,True
Lee2019_MI,DNN-EEGNET,BACC,256,P01-L1-LOW-CAL-OFFICIAL-R2:256_PER_CLASS,VALID,0.663,5,5,0,P01_FROZEN_SINGLE_SUBSET,True,P02-INTEGRATED-LOW-LABEL-1-TO-256-R1,ALREADY_COMPLETE_INTEGRATED_A0_TERMINALS,MEAN_SUCCESSFUL_REPEATS,"[""P02-A0-Lee2019_MI-DNN-EEGNET-P01-L1-LOW-CAL-OFFICIAL-R2:256_PER_CLASS-MR00"", ""P02-A0-Lee2019_MI-DNN-EEGNET-P01-L1-LOW-CAL-OFFICIAL-R2:256_PER_CLASS-MR01"", ""P02-A0-Lee2019_MI-DNN-EEGNET-P01-L1-LOW-CAL-OFFICIAL-R2:256_PER_CLASS-MR02"", ""P02-A0-Lee2019_MI-DNN-EEGNET-P01-L1-LOW-CAL-OFFICIAL-R2:256_PER_CLASS-MR03"", ""P02-A0-Lee2019_MI-DNN-EEGNET-P01-L1-LOW-CAL-OFFICIAL-R2:256_PER_CLASS-MR04""]",5,5,False,True
Lee2019_MI,DNN-EEGNET,F1_MACRO,256,P01-L1-LOW-CAL-OFFICIAL-R2:256_PER_CLASS,VALID,0.6538412680684924,5,5,0,P01_FROZEN_SINGLE_SUBSET,True,P02-INTEGRATED-LOW-LABEL-1-TO-256-R1,ALREADY_COMPLETE_INTEGRATED_A0_TERMINALS,MEAN_SUCCESSFUL_REPEATS,"[""P02-A0-Lee2019_MI-DNN-EEGNET-P01-L1-LOW-CAL-OFFICIAL-R2:256_PER_CLASS-MR00"", ""P02-A0-Lee2019_MI-DNN-EEGNET-P01-L1-LOW-CAL-OFFICIAL-R2:256_PER_CLASS-MR01"", ""P02-A0-Lee2019_MI-DNN-EEGNET-P01-L1-LOW-CAL-OFFICIAL-R2:256_PER_CLASS-MR02"", ""P02-A0-Lee2019_MI-DNN-EEGNET-P01-L1-LOW-CAL-OFFICIAL-R2:256_PER_CLASS-MR03"", ""P02-A0-Lee2019_MI-DNN-EEGNET-P01-L1-LOW-CAL-OFFICIAL-R2:256_PER_CLASS-MR04""]",5,5,False,True
Lee2019_MI,SSL-CBRAMOD,ACC,64,P01-L1-LOW-CAL-OFFICIAL-R2:64_PER_CLASS,VALID,0.4846666666666667,5,5,0,P01_FROZEN_SINGLE_SUBSET,True,P02-INTEGRATED-LOW-LABEL-1-TO-256-R1,ALREADY_COMPLETE_INTEGRATED_A0_TERMINALS,MEAN_SUCCESSFUL_REPEATS,"[""P02-A0-Lee2019_MI-SSL-CBRAMOD-P01-L1-LOW-CAL-OFFICIAL-R2:64_PER_CLASS-MR00"", ""P02-A0-Lee2019_MI-SSL-CBRAMOD-P01-L1-LOW-CAL-OFFICIAL-R2:64_PER_CLASS-MR01"", ""P02-A0-Lee2019_MI-SSL-CBRAMOD-P01-L1-LOW-CAL-OFFICIAL-R2:64_PER_CLASS-MR02"", ""P02-A0-Lee2019_MI-SSL-CBRAMOD-P01-L1-LOW-CAL-OFFICIAL-R2:64_PER_CLASS-MR03"", ""P02-A0-Lee2019_MI-SSL-CBRAMOD-P01-L1-LOW-CAL-OFFICIAL-R2:64_PER_CLASS-MR04""]",5,5,False,True
Lee2019_MI,SSL-CBRAMOD,BACC,64,P01-L1-LOW-CAL-OFFICIAL-R2:64_PER_CLASS,VALID,0.4846666666666667,5,5,0,P01_FROZEN_SINGLE_SUBSET,True,P02-INTEGRATED-LOW-LABEL-1-TO-256-R1,ALREADY_COMPLETE_INTEGRATED_A0_TERMINALS,MEAN_SUCCESSFUL_REPEATS,"[""P02-A0-Lee2019_MI-SSL-CBRAMOD-P01-L1-LOW-CAL-OFFICIAL-R2:64_PER_CLASS-MR00"", ""P02-A0-Lee2019_MI-SSL-CBRAMOD-P01-L1-LOW-CAL-OFFICIAL-R2:64_PER_CLASS-MR01"", ""P02-A0-Lee2019_MI-SSL-CBRAMOD-P01-L1-LOW-CAL-OFFICIAL-R2:64_PER_CLASS-MR02"", ""P02-A0-Lee2019_MI-SSL-CBRAMOD-P01-L1-LOW-CAL-OFFICIAL-R2:64_PER_CLASS-MR03"", ""P02-A0-Lee2019_MI-SSL-CBRAMOD-P01-L1-LOW-CAL-OFFICIAL-R2:64_PER_CLASS-MR04""]",5,5,False,True
Lee2019_MI,SSL-CBRAMOD,F1_MACRO,64,P01-L1-LOW-CAL-OFFICIAL-R2:64_PER_CLASS,VALID,0.4819307136337744,5,5,0,P01_FROZEN_SINGLE_SUBSET,True,P02-INTEGRATED-LOW-LABEL-1-TO-256-R1,ALREADY_COMPLETE_INTEGRATED_A0_TERMINALS,MEAN_SUCCESSFUL_REPEATS,"[""P02-A0-Lee2019_MI-SSL-CBRAMOD-P01-L1-LOW-CAL-OFFICIAL-R2:64_PER_CLASS-MR00"", ""P02-A0-Lee2019_MI-SSL-CBRAMOD-P01-L1-LOW-CAL-OFFICIAL-R2:64_PER_CLASS-MR01"", ""P02-A0-Lee2019_MI-SSL-CBRAMOD-P01-L1-LOW-CAL-OFFICIAL-R2:64_PER_CLASS-MR02"", ""P02-A0-Lee2019_MI-SSL-CBRAMOD-P01-L1-LOW-CAL-OFFICIAL-R2:64_PER_CLASS-MR03"", ""P02-A0-Lee2019_MI-SSL-CBRAMOD-P01-L1-LOW-CAL-OFFICIAL-R2:64_PER_CLASS-MR04""]",5,5,False,True
Lee2019_MI,SSL-CBRAMOD,ACC,128,P01-L1-LOW-CAL-OFFICIAL-R2:128_PER_CLASS,VALID,0.5346666666666666,5,5,0,P01_FROZEN_SINGLE_SUBSET,True,P02-INTEGRATED-LOW-LABEL-1-TO-256-R1,ALREADY_COMPLETE_INTEGRATED_A0_TERMINALS,MEAN_SUCCESSFUL_REPEATS,"[""P02-A0-Lee2019_MI-SSL-CBRAMOD-P01-L1-LOW-CAL-OFFICIAL-R2:128_PER_CLASS-MR00"", ""P02-A0-Lee2019_MI-SSL-CBRAMOD-P01-L1-LOW-CAL-OFFICIAL-R2:128_PER_CLASS-MR01"", ""P02-A0-Lee2019_MI-SSL-CBRAMOD-P01-L1-LOW-CAL-OFFICIAL-R2:128_PER_CLASS-MR02"", ""P02-A0-Lee2019_MI-SSL-CBRAMOD-P01-L1-LOW-CAL-OFFICIAL-R2:128_PER_CLASS-MR03"", ""P02-A0-Lee2019_MI-SSL-CBRAMOD-P01-L1-LOW-CAL-OFFICIAL-R2:128_PER_CLASS-MR04""]",5,5,False,True
Lee2019_MI,SSL-CBRAMOD,BACC,128,P01-L1-LOW-CAL-OFFICIAL-R2:128_PER_CLASS,VALID,0.5346666666666666,5,5,0,P01_FROZEN_SINGLE_SUBSET,True,P02-INTEGRATED-LOW-LABEL-1-TO-256-R1,ALREADY_COMPLETE_INTEGRATED_A0_TERMINALS,MEAN_SUCCESSFUL_REPEATS,"[""P02-A0-Lee2019_MI-SSL-CBRAMOD-P01-L1-LOW-CAL-OFFICIAL-R2:128_PER_CLASS-MR00"", ""P02-A0-Lee2019_MI-SSL-CBRAMOD-P01-L1-LOW-CAL-OFFICIAL-R2:128_PER_CLASS-MR01"", ""P02-A0-Lee2019_MI-SSL-CBRAMOD-P01-L1-LOW-CAL-OFFICIAL-R2:128_PER_CLASS-MR02"", ""P02-A0-Lee2019_MI-SSL-CBRAMOD-P01-L1-LOW-CAL-OFFICIAL-R2:128_PER_CLASS-MR03"", ""P02-A0-Lee2019_MI-SSL-CBRAMOD-P01-L1-LOW-CAL-OFFICIAL-R2:128_PER_CLASS-MR04""]",5,5,False,True
Lee2019_MI,SSL-CBRAMOD,F1_MACRO,128,P01-L1-LOW-CAL-OFFICIAL-R2:128_PER_CLASS,VALID,0.532793791178837,5,5,0,P01_FROZEN_SINGLE_SUBSET,True,P02-INTEGRATED-LOW-LABEL-1-TO-256-R1,ALREADY_COMPLETE_INTEGRATED_A0_TERMINALS,MEAN_SUCCESSFUL_REPEATS,"[""P02-A0-Lee2019_MI-SSL-CBRAMOD-P01-L1-LOW-CAL-OFFICIAL-R2:128_PER_CLASS-MR00"", ""P02-A0-Lee2019_MI-SSL-CBRAMOD-P01-L1-LOW-CAL-OFFICIAL-R2:128_PER_CLASS-MR01"", ""P02-A0-Lee2019_MI-SSL-CBRAMOD-P01-L1-LOW-CAL-OFFICIAL-R2:128_PER_CLASS-MR02"", ""P02-A0-Lee2019_MI-SSL-CBRAMOD-P01-L1-LOW-CAL-OFFICIAL-R2:128_PER_CLASS-MR03"", ""P02-A0-Lee2019_MI-SSL-CBRAMOD-P01-L1-LOW-CAL-OFFICIAL-R2:128_PER_CLASS-MR04""]",5,5,False,True
Lee2019_MI,SSL-CBRAMOD,ACC,256,P01-L1-LOW-CAL-OFFICIAL-R2:256_PER_CLASS,VALID,0.5593333333333333,5,5,0,P01_FROZEN_SINGLE_SUBSET,True,P02-INTEGRATED-LOW-LABEL-1-TO-256-R1,ALREADY_COMPLETE_INTEGRATED_A0_TERMINALS,MEAN_SUCCESSFUL_REPEATS,"[""P02-A0-Lee2019_MI-SSL-CBRAMOD-P01-L1-LOW-CAL-OFFICIAL-R2:256_PER_CLASS-MR00"", ""P02-A0-Lee2019_MI-SSL-CBRAMOD-P01-L1-LOW-CAL-OFFICIAL-R2:256_PER_CLASS-MR01"", ""P02-A0-Lee2019_MI-SSL-CBRAMOD-P01-L1-LOW-CAL-OFFICIAL-R2:256_PER_CLASS-MR02"", ""P02-A0-Lee2019_MI-SSL-CBRAMOD-P01-L1-LOW-CAL-OFFICIAL-R2:256_PER_CLASS-MR03"", ""P02-A0-Lee2019_MI-SSL-CBRAMOD-P01-L1-LOW-CAL-OFFICIAL-R2:256_PER_CLASS-MR04""]",5,5,False,True
Lee2019_MI,SSL-CBRAMOD,BACC,256,P01-L1-LOW-CAL-OFFICIAL-R2:256_PER_CLASS,VALID,0.5593333333333333,5,5,0,P01_FROZEN_SINGLE_SUBSET,True,P02-INTEGRATED-LOW-LABEL-1-TO-256-R1,ALREADY_COMPLETE_INTEGRATED_A0_TERMINALS,MEAN_SUCCESSFUL_REPEATS,"[""P02-A0-Lee2019_MI-SSL-CBRAMOD-P01-L1-LOW-CAL-OFFICIAL-R2:256_PER_CLASS-MR00"", ""P02-A0-Lee2019_MI-SSL-CBRAMOD-P01-L1-LOW-CAL-OFFICIAL-R2:256_PER_CLASS-MR01"", ""P02-A0-Lee2019_MI-SSL-CBRAMOD-P01-L1-LOW-CAL-OFFICIAL-R2:256_PER_CLASS-MR02"", ""P02-A0-Lee2019_MI-SSL-CBRAMOD-P01-L1-LOW-CAL-OFFICIAL-R2:256_PER_CLASS-MR03"", ""P02-A0-Lee2019_MI-SSL-CBRAMOD-P01-L1-LOW-CAL-OFFICIAL-R2:256_PER_CLASS-MR04""]",5,5,False,True
Lee2019_MI,SSL-CBRAMOD,F1_MACRO,256,P01-L1-LOW-CAL-OFFICIAL-R2:256_PER_CLASS,VALID,0.5579938586841448,5,5,0,P01_FROZEN_SINGLE_SUBSET,True,P02-INTEGRATED-LOW-LABEL-1-TO-256-R1,ALREADY_COMPLETE_INTEGRATED_A0_TERMINALS,MEAN_SUCCESSFUL_REPEATS,"[""P02-A0-Lee2019_MI-SSL-CBRAMOD-P01-L1-LOW-CAL-OFFICIAL-R2:256_PER_CLASS-MR00"", ""P02-A0-Lee2019_MI-SSL-CBRAMOD-P01-L1-LOW-CAL-OFFICIAL-R2:256_PER_CLASS-MR01"", ""P02-A0-Lee2019_MI-SSL-CBRAMOD-P01-L1-LOW-CAL-OFFICIAL-R2:256_PER_CLASS-MR02"", ""P02-A0-Lee2019_MI-SSL-CBRAMOD-P01-L1-LOW-CAL-OFFICIAL-R2:256_PER_CLASS-MR03"", ""P02-A0-Lee2019_MI-SSL-CBRAMOD-P01-L1-LOW-CAL-OFFICIAL-R2:256_PER_CLASS-MR04""]",5,5,False,True
PhysioNetMI,CLS-CSP-LDA,ACC,64,P01-L1-LOW-CAL-OFFICIAL-R2:64_PER_CLASS,VALID,0.5151515151515151,1,1,0,P01_FROZEN_SINGLE_SUBSET,True,P02-INTEGRATED-LOW-LABEL-1-TO-256-R1,ALREADY_COMPLETE_INTEGRATED_A0_TERMINALS,MEAN_SUCCESSFUL_REPEATS,"[""P02-A0-PhysioNetMI-CLS-CSP-LDA-P01-L1-LOW-CAL-OFFICIAL-R2:64_PER_CLASS-MR00""]",1,1,False,True
PhysioNetMI,CLS-CSP-LDA,BACC,64,P01-L1-LOW-CAL-OFFICIAL-R2:64_PER_CLASS,VALID,0.5157204455623428,1,1,0,P01_FROZEN_SINGLE_SUBSET,True,P02-INTEGRATED-LOW-LABEL-1-TO-256-R1,ALREADY_COMPLETE_INTEGRATED_A0_TERMINALS,MEAN_SUCCESSFUL_REPEATS,"[""P02-A0-PhysioNetMI-CLS-CSP-LDA-P01-L1-LOW-CAL-OFFICIAL-R2:64_PER_CLASS-MR00""]",1,1,False,True
PhysioNetMI,CLS-CSP-LDA,F1_MACRO,64,P01-L1-LOW-CAL-OFFICIAL-R2:64_PER_CLASS,VALID,0.5150545359545424,1,1,0,P01_FROZEN_SINGLE_SUBSET,True,P02-INTEGRATED-LOW-LABEL-1-TO-256-R1,ALREADY_COMPLETE_INTEGRATED_A0_TERMINALS,MEAN_SUCCESSFUL_REPEATS,"[""P02-A0-PhysioNetMI-CLS-CSP-LDA-P01-L1-LOW-CAL-OFFICIAL-R2:64_PER_CLASS-MR00""]",1,1,False,True
PhysioNetMI,CLS-CSP-LDA,ACC,128,P01-L1-LOW-CAL-OFFICIAL-R2:128_PER_CLASS,VALID,0.5191919191919192,1,1,0,P01_FROZEN_SINGLE_SUBSET,True,P02-INTEGRATED-LOW-LABEL-1-TO-256-R1,ALREADY_COMPLETE_INTEGRATED_A0_TERMINALS,MEAN_SUCCESSFUL_REPEATS,"[""P02-A0-PhysioNetMI-CLS-CSP-LDA-P01-L1-LOW-CAL-OFFICIAL-R2:128_PER_CLASS-MR00""]",1,1,False,True
PhysioNetMI,CLS-CSP-LDA,BACC,128,P01-L1-LOW-CAL-OFFICIAL-R2:128_PER_CLASS,VALID,0.5211103126122889,1,1,0,P01_FROZEN_SINGLE_SUBSET,True,P02-INTEGRATED-LOW-LABEL-1-TO-256-R1,ALREADY_COMPLETE_INTEGRATED_A0_TERMINALS,MEAN_SUCCESSFUL_REPEATS,"[""P02-A0-PhysioNetMI-CLS-CSP-LDA-P01-L1-LOW-CAL-OFFICIAL-R2:128_PER_CLASS-MR00""]",1,1,False,True
PhysioNetMI,CLS-CSP-LDA,F1_MACRO,128,P01-L1-LOW-CAL-OFFICIAL-R2:128_PER_CLASS,VALID,0.5164904619627673,1,1,0,P01_FROZEN_SINGLE_SUBSET,True,P02-INTEGRATED-LOW-LABEL-1-TO-256-R1,ALREADY_COMPLETE_INTEGRATED_A0_TERMINALS,MEAN_SUCCESSFUL_REPEATS,"[""P02-A0-PhysioNetMI-CLS-CSP-LDA-P01-L1-LOW-CAL-OFFICIAL-R2:128_PER_CLASS-MR00""]",1,1,False,True
PhysioNetMI,CLS-CSP-LDA,ACC,256,P01-L1-LOW-CAL-OFFICIAL-R2:256_PER_CLASS,VALID,0.5555555555555556,1,1,0,P01_FROZEN_SINGLE_SUBSET,True,P02-INTEGRATED-LOW-LABEL-1-TO-256-R1,ALREADY_COMPLETE_INTEGRATED_A0_TERMINALS,MEAN_SUCCESSFUL_REPEATS,"[""P02-A0-PhysioNetMI-CLS-CSP-LDA-P01-L1-LOW-CAL-OFFICIAL-R2:256_PER_CLASS-MR00""]",1,1,False,True
PhysioNetMI,CLS-CSP-LDA,BACC,256,P01-L1-LOW-CAL-OFFICIAL-R2:256_PER_CLASS,VALID,0.5555156306144449,1,1,0,P01_FROZEN_SINGLE_SUBSET,True,P02-INTEGRATED-LOW-LABEL-1-TO-256-R1,ALREADY_COMPLETE_INTEGRATED_A0_TERMINALS,MEAN_SUCCESSFUL_REPEATS,"[""P02-A0-PhysioNetMI-CLS-CSP-LDA-P01-L1-LOW-CAL-OFFICIAL-R2:256_PER_CLASS-MR00""]",1,1,False,True
PhysioNetMI,CLS-CSP-LDA,F1_MACRO,256,P01-L1-LOW-CAL-OFFICIAL-R2:256_PER_CLASS,VALID,0.5554666579583306,1,1,0,P01_FROZEN_SINGLE_SUBSET,True,P02-INTEGRATED-LOW-LABEL-1-TO-256-R1,ALREADY_COMPLETE_INTEGRATED_A0_TERMINALS,MEAN_SUCCESSFUL_REPEATS,"[""P02-A0-PhysioNetMI-CLS-CSP-LDA-P01-L1-LOW-CAL-OFFICIAL-R2:256_PER_CLASS-MR00""]",1,1,False,True
PhysioNetMI,RIE-TS-LR,ACC,64,P01-L1-LOW-CAL-OFFICIAL-R2:64_PER_CLASS,VALID,0.5333333333333333,1,1,0,P01_FROZEN_SINGLE_SUBSET,True,P02-INTEGRATED-LOW-LABEL-1-TO-256-R1,ALREADY_COMPLETE_INTEGRATED_A0_TERMINALS,MEAN_SUCCESSFUL_REPEATS,"[""P02-A0-PhysioNetMI-RIE-TS-LR-P01-L1-LOW-CAL-OFFICIAL-R2:64_PER_CLASS-MR00""]",1,1,False,True
PhysioNetMI,RIE-TS-LR,BACC,64,P01-L1-LOW-CAL-OFFICIAL-R2:64_PER_CLASS,VALID,0.5366510959396336,1,1,0,P01_FROZEN_SINGLE_SUBSET,True,P02-INTEGRATED-LOW-LABEL-1-TO-256-R1,ALREADY_COMPLETE_INTEGRATED_A0_TERMINALS,MEAN_SUCCESSFUL_REPEATS,"[""P02-A0-PhysioNetMI-RIE-TS-LR-P01-L1-LOW-CAL-OFFICIAL-R2:64_PER_CLASS-MR00""]",1,1,False,True
PhysioNetMI,RIE-TS-LR,F1_MACRO,64,P01-L1-LOW-CAL-OFFICIAL-R2:64_PER_CLASS,VALID,0.5243572198118976,1,1,0,P01_FROZEN_SINGLE_SUBSET,True,P02-INTEGRATED-LOW-LABEL-1-TO-256-R1,ALREADY_COMPLETE_INTEGRATED_A0_TERMINALS,MEAN_SUCCESSFUL_REPEATS,"[""P02-A0-PhysioNetMI-RIE-TS-LR-P01-L1-LOW-CAL-OFFICIAL-R2:64_PER_CLASS-MR00""]",1,1,False,True
PhysioNetMI,RIE-TS-LR,ACC,128,P01-L1-LOW-CAL-OFFICIAL-R2:128_PER_CLASS,VALID,0.5515151515151515,1,1,0,P01_FROZEN_SINGLE_SUBSET,True,P02-INTEGRATED-LOW-LABEL-1-TO-256-R1,ALREADY_COMPLETE_INTEGRATED_A0_TERMINALS,MEAN_SUCCESSFUL_REPEATS,"[""P02-A0-PhysioNetMI-RIE-TS-LR-P01-L1-LOW-CAL-OFFICIAL-R2:128_PER_CLASS-MR00""]",1,1,False,True
PhysioNetMI,RIE-TS-LR,BACC,128,P01-L1-LOW-CAL-OFFICIAL-R2:128_PER_CLASS,VALID,0.5517427236794825,1,1,0,P01_FROZEN_SINGLE_SUBSET,True,P02-INTEGRATED-LOW-LABEL-1-TO-256-R1,ALREADY_COMPLETE_INTEGRATED_A0_TERMINALS,MEAN_SUCCESSFUL_REPEATS,"[""P02-A0-PhysioNetMI-RIE-TS-LR-P01-L1-LOW-CAL-OFFICIAL-R2:128_PER_CLASS-MR00""]",1,1,False,True
PhysioNetMI,RIE-TS-LR,F1_MACRO,128,P01-L1-LOW-CAL-OFFICIAL-R2:128_PER_CLASS,VALID,0.5515133211440512,1,1,0,P01_FROZEN_SINGLE_SUBSET,True,P02-INTEGRATED-LOW-LABEL-1-TO-256-R1,ALREADY_COMPLETE_INTEGRATED_A0_TERMINALS,MEAN_SUCCESSFUL_REPEATS,"[""P02-A0-PhysioNetMI-RIE-TS-LR-P01-L1-LOW-CAL-OFFICIAL-R2:128_PER_CLASS-MR00""]",1,1,False,True
PhysioNetMI,RIE-TS-LR,ACC,256,P01-L1-LOW-CAL-OFFICIAL-R2:256_PER_CLASS,VALID,0.5616161616161616,1,1,0,P01_FROZEN_SINGLE_SUBSET,True,P02-INTEGRATED-LOW-LABEL-1-TO-256-R1,ALREADY_COMPLETE_INTEGRATED_A0_TERMINALS,MEAN_SUCCESSFUL_REPEATS,"[""P02-A0-PhysioNetMI-RIE-TS-LR-P01-L1-LOW-CAL-OFFICIAL-R2:256_PER_CLASS-MR00""]",1,1,False,True
PhysioNetMI,RIE-TS-LR,BACC,256,P01-L1-LOW-CAL-OFFICIAL-R2:256_PER_CLASS,VALID,0.5631512756018685,1,1,0,P01_FROZEN_SINGLE_SUBSET,True,P02-INTEGRATED-LOW-LABEL-1-TO-256-R1,ALREADY_COMPLETE_INTEGRATED_A0_TERMINALS,MEAN_SUCCESSFUL_REPEATS,"[""P02-A0-PhysioNetMI-RIE-TS-LR-P01-L1-LOW-CAL-OFFICIAL-R2:256_PER_CLASS-MR00""]",1,1,False,True
PhysioNetMI,RIE-TS-LR,F1_MACRO,256,P01-L1-LOW-CAL-OFFICIAL-R2:256_PER_CLASS,VALID,0.5602089739232972,1,1,0,P01_FROZEN_SINGLE_SUBSET,True,P02-INTEGRATED-LOW-LABEL-1-TO-256-R1,ALREADY_COMPLETE_INTEGRATED_A0_TERMINALS,MEAN_SUCCESSFUL_REPEATS,"[""P02-A0-PhysioNetMI-RIE-TS-LR-P01-L1-LOW-CAL-OFFICIAL-R2:256_PER_CLASS-MR00""]",1,1,False,True
PhysioNetMI,DNN-EEGNET,ACC,64,P01-L1-LOW-CAL-OFFICIAL-R2:64_PER_CLASS,VALID,0.5313131313131313,5,5,0,P01_FROZEN_SINGLE_SUBSET,True,P02-INTEGRATED-LOW-LABEL-1-TO-256-R1,ALREADY_COMPLETE_INTEGRATED_A0_TERMINALS,MEAN_SUCCESSFUL_REPEATS,"[""P02-A0-PhysioNetMI-DNN-EEGNET-P01-L1-LOW-CAL-OFFICIAL-R2:64_PER_CLASS-MR00"", ""P02-A0-PhysioNetMI-DNN-EEGNET-P01-L1-LOW-CAL-OFFICIAL-R2:64_PER_CLASS-MR01"", ""P02-A0-PhysioNetMI-DNN-EEGNET-P01-L1-LOW-CAL-OFFICIAL-R2:64_PER_CLASS-MR02"", ""P02-A0-PhysioNetMI-DNN-EEGNET-P01-L1-LOW-CAL-OFFICIAL-R2:64_PER_CLASS-MR03"", ""P02-A0-PhysioNetMI-DNN-EEGNET-P01-L1-LOW-CAL-OFFICIAL-R2:64_PER_CLASS-MR04""]",5,5,False,True
PhysioNetMI,DNN-EEGNET,BACC,64,P01-L1-LOW-CAL-OFFICIAL-R2:64_PER_CLASS,VALID,0.5331297161336688,5,5,0,P01_FROZEN_SINGLE_SUBSET,True,P02-INTEGRATED-LOW-LABEL-1-TO-256-R1,ALREADY_COMPLETE_INTEGRATED_A0_TERMINALS,MEAN_SUCCESSFUL_REPEATS,"[""P02-A0-PhysioNetMI-DNN-EEGNET-P01-L1-LOW-CAL-OFFICIAL-R2:64_PER_CLASS-MR00"", ""P02-A0-PhysioNetMI-DNN-EEGNET-P01-L1-LOW-CAL-OFFICIAL-R2:64_PER_CLASS-MR01"", ""P02-A0-PhysioNetMI-DNN-EEGNET-P01-L1-LOW-CAL-OFFICIAL-R2:64_PER_CLASS-MR02"", ""P02-A0-PhysioNetMI-DNN-EEGNET-P01-L1-LOW-CAL-OFFICIAL-R2:64_PER_CLASS-MR03"", ""P02-A0-PhysioNetMI-DNN-EEGNET-P01-L1-LOW-CAL-OFFICIAL-R2:64_PER_CLASS-MR04""]",5,5,False,True
PhysioNetMI,DNN-EEGNET,F1_MACRO,64,P01-L1-LOW-CAL-OFFICIAL-R2:64_PER_CLASS,VALID,0.5215514974979634,5,5,0,P01_FROZEN_SINGLE_SUBSET,True,P02-INTEGRATED-LOW-LABEL-1-TO-256-R1,ALREADY_COMPLETE_INTEGRATED_A0_TERMINALS,MEAN_SUCCESSFUL_REPEATS,"[""P02-A0-PhysioNetMI-DNN-EEGNET-P01-L1-LOW-CAL-OFFICIAL-R2:64_PER_CLASS-MR00"", ""P02-A0-PhysioNetMI-DNN-EEGNET-P01-L1-LOW-CAL-OFFICIAL-R2:64_PER_CLASS-MR01"", ""P02-A0-PhysioNetMI-DNN-EEGNET-P01-L1-LOW-CAL-OFFICIAL-R2:64_PER_CLASS-MR02"", ""P02-A0-PhysioNetMI-DNN-EEGNET-P01-L1-LOW-CAL-OFFICIAL-R2:64_PER_CLASS-MR03"", ""P02-A0-PhysioNetMI-DNN-EEGNET-P01-L1-LOW-CAL-OFFICIAL-R2:64_PER_CLASS-MR04""]",5,5,False,True
PhysioNetMI,DNN-EEGNET,ACC,128,P01-L1-LOW-CAL-OFFICIAL-R2:128_PER_CLASS,VALID,0.5478787878787879,5,5,0,P01_FROZEN_SINGLE_SUBSET,True,P02-INTEGRATED-LOW-LABEL-1-TO-256-R1,ALREADY_COMPLETE_INTEGRATED_A0_TERMINALS,MEAN_SUCCESSFUL_REPEATS,"[""P02-A0-PhysioNetMI-DNN-EEGNET-P01-L1-LOW-CAL-OFFICIAL-R2:128_PER_CLASS-MR00"", ""P02-A0-PhysioNetMI-DNN-EEGNET-P01-L1-LOW-CAL-OFFICIAL-R2:128_PER_CLASS-MR01"", ""P02-A0-PhysioNetMI-DNN-EEGNET-P01-L1-LOW-CAL-OFFICIAL-R2:128_PER_CLASS-MR02"", ""P02-A0-PhysioNetMI-DNN-EEGNET-P01-L1-LOW-CAL-OFFICIAL-R2:128_PER_CLASS-MR03"", ""P02-A0-PhysioNetMI-DNN-EEGNET-P01-L1-LOW-CAL-OFFICIAL-R2:128_PER_CLASS-MR04""]",5,5,False,True
PhysioNetMI,DNN-EEGNET,BACC,128,P01-L1-LOW-CAL-OFFICIAL-R2:128_PER_CLASS,VALID,0.5505928853754941,5,5,0,P01_FROZEN_SINGLE_SUBSET,True,P02-INTEGRATED-LOW-LABEL-1-TO-256-R1,ALREADY_COMPLETE_INTEGRATED_A0_TERMINALS,MEAN_SUCCESSFUL_REPEATS,"[""P02-A0-PhysioNetMI-DNN-EEGNET-P01-L1-LOW-CAL-OFFICIAL-R2:128_PER_CLASS-MR00"", ""P02-A0-PhysioNetMI-DNN-EEGNET-P01-L1-LOW-CAL-OFFICIAL-R2:128_PER_CLASS-MR01"", ""P02-A0-PhysioNetMI-DNN-EEGNET-P01-L1-LOW-CAL-OFFICIAL-R2:128_PER_CLASS-MR02"", ""P02-A0-PhysioNetMI-DNN-EEGNET-P01-L1-LOW-CAL-OFFICIAL-R2:128_PER_CLASS-MR03"", ""P02-A0-PhysioNetMI-DNN-EEGNET-P01-L1-LOW-CAL-OFFICIAL-R2:128_PER_CLASS-MR04""]",5,5,False,True
PhysioNetMI,DNN-EEGNET,F1_MACRO,128,P01-L1-LOW-CAL-OFFICIAL-R2:128_PER_CLASS,VALID,0.53467020994284,5,5,0,P01_FROZEN_SINGLE_SUBSET,True,P02-INTEGRATED-LOW-LABEL-1-TO-256-R1,ALREADY_COMPLETE_INTEGRATED_A0_TERMINALS,MEAN_SUCCESSFUL_REPEATS,"[""P02-A0-PhysioNetMI-DNN-EEGNET-P01-L1-LOW-CAL-OFFICIAL-R2:128_PER_CLASS-MR00"", ""P02-A0-PhysioNetMI-DNN-EEGNET-P01-L1-LOW-CAL-OFFICIAL-R2:128_PER_CLASS-MR01"", ""P02-A0-PhysioNetMI-DNN-EEGNET-P01-L1-LOW-CAL-OFFICIAL-R2:128_PER_CLASS-MR02"", ""P02-A0-PhysioNetMI-DNN-EEGNET-P01-L1-LOW-CAL-OFFICIAL-R2:128_PER_CLASS-MR03"", ""P02-A0-PhysioNetMI-DNN-EEGNET-P01-L1-LOW-CAL-OFFICIAL-R2:128_PER_CLASS-MR04""]",5,5,False,True
PhysioNetMI,DNN-EEGNET,ACC,256,P01-L1-LOW-CAL-OFFICIAL-R2:256_PER_CLASS,VALID,0.566868686868687,5,5,0,P01_FROZEN_SINGLE_SUBSET,True,P02-INTEGRATED-LOW-LABEL-1-TO-256-R1,ALREADY_COMPLETE_INTEGRATED_A0_TERMINALS,MEAN_SUCCESSFUL_REPEATS,"[""P02-A0-PhysioNetMI-DNN-EEGNET-P01-L1-LOW-CAL-OFFICIAL-R2:256_PER_CLASS-MR00"", ""P02-A0-PhysioNetMI-DNN-EEGNET-P01-L1-LOW-CAL-OFFICIAL-R2:256_PER_CLASS-MR01"", ""P02-A0-PhysioNetMI-DNN-EEGNET-P01-L1-LOW-CAL-OFFICIAL-R2:256_PER_CLASS-MR02"", ""P02-A0-PhysioNetMI-DNN-EEGNET-P01-L1-LOW-CAL-OFFICIAL-R2:256_PER_CLASS-MR03"", ""P02-A0-PhysioNetMI-DNN-EEGNET-P01-L1-LOW-CAL-OFFICIAL-R2:256_PER_CLASS-MR04""]",5,5,False,True
PhysioNetMI,DNN-EEGNET,BACC,256,P01-L1-LOW-CAL-OFFICIAL-R2:256_PER_CLASS,VALID,0.5696191160618038,5,5,0,P01_FROZEN_SINGLE_SUBSET,True,P02-INTEGRATED-LOW-LABEL-1-TO-256-R1,ALREADY_COMPLETE_INTEGRATED_A0_TERMINALS,MEAN_SUCCESSFUL_REPEATS,"[""P02-A0-PhysioNetMI-DNN-EEGNET-P01-L1-LOW-CAL-OFFICIAL-R2:256_PER_CLASS-MR00"", ""P02-A0-PhysioNetMI-DNN-EEGNET-P01-L1-LOW-CAL-OFFICIAL-R2:256_PER_CLASS-MR01"", ""P02-A0-PhysioNetMI-DNN-EEGNET-P01-L1-LOW-CAL-OFFICIAL-R2:256_PER_CLASS-MR02"", ""P02-A0-PhysioNetMI-DNN-EEGNET-P01-L1-LOW-CAL-OFFICIAL-R2:256_PER_CLASS-MR03"", ""P02-A0-PhysioNetMI-DNN-EEGNET-P01-L1-LOW-CAL-OFFICIAL-R2:256_PER_CLASS-MR04""]",5,5,False,True
PhysioNetMI,DNN-EEGNET,F1_MACRO,256,P01-L1-LOW-CAL-OFFICIAL-R2:256_PER_CLASS,VALID,0.5583886442395886,5,5,0,P01_FROZEN_SINGLE_SUBSET,True,P02-INTEGRATED-LOW-LABEL-1-TO-256-R1,ALREADY_COMPLETE_INTEGRATED_A0_TERMINALS,MEAN_SUCCESSFUL_REPEATS,"[""P02-A0-PhysioNetMI-DNN-EEGNET-P01-L1-LOW-CAL-OFFICIAL-R2:256_PER_CLASS-MR00"", ""P02-A0-PhysioNetMI-DNN-EEGNET-P01-L1-LOW-CAL-OFFICIAL-R2:256_PER_CLASS-MR01"", ""P02-A0-PhysioNetMI-DNN-EEGNET-P01-L1-LOW-CAL-OFFICIAL-R2:256_PER_CLASS-MR02"", ""P02-A0-PhysioNetMI-DNN-EEGNET-P01-L1-LOW-CAL-OFFICIAL-R2:256_PER_CLASS-MR03"", ""P02-A0-PhysioNetMI-DNN-EEGNET-P01-L1-LOW-CAL-OFFICIAL-R2:256_PER_CLASS-MR04""]",5,5,False,True
PhysioNetMI,SSL-CBRAMOD,ACC,64,P01-L1-LOW-CAL-OFFICIAL-R2:64_PER_CLASS,VALID,0.4945454545454545,5,5,0,P01_FROZEN_SINGLE_SUBSET,True,P02-INTEGRATED-LOW-LABEL-1-TO-256-R1,ALREADY_COMPLETE_INTEGRATED_A0_TERMINALS,MEAN_SUCCESSFUL_REPEATS,"[""P02-A0-PhysioNetMI-SSL-CBRAMOD-P01-L1-LOW-CAL-OFFICIAL-R2:64_PER_CLASS-MR00"", ""P02-A0-PhysioNetMI-SSL-CBRAMOD-P01-L1-LOW-CAL-OFFICIAL-R2:64_PER_CLASS-MR01"", ""P02-A0-PhysioNetMI-SSL-CBRAMOD-P01-L1-LOW-CAL-OFFICIAL-R2:64_PER_CLASS-MR02"", ""P02-A0-PhysioNetMI-SSL-CBRAMOD-P01-L1-LOW-CAL-OFFICIAL-R2:64_PER_CLASS-MR03"", ""P02-A0-PhysioNetMI-SSL-CBRAMOD-P01-L1-LOW-CAL-OFFICIAL-R2:64_PER_CLASS-MR04""]",5,5,False,True
PhysioNetMI,SSL-CBRAMOD,BACC,64,P01-L1-LOW-CAL-OFFICIAL-R2:64_PER_CLASS,VALID,0.4966223499820338,5,5,0,P01_FROZEN_SINGLE_SUBSET,True,P02-INTEGRATED-LOW-LABEL-1-TO-256-R1,ALREADY_COMPLETE_INTEGRATED_A0_TERMINALS,MEAN_SUCCESSFUL_REPEATS,"[""P02-A0-PhysioNetMI-SSL-CBRAMOD-P01-L1-LOW-CAL-OFFICIAL-R2:64_PER_CLASS-MR00"", ""P02-A0-PhysioNetMI-SSL-CBRAMOD-P01-L1-LOW-CAL-OFFICIAL-R2:64_PER_CLASS-MR01"", ""P02-A0-PhysioNetMI-SSL-CBRAMOD-P01-L1-LOW-CAL-OFFICIAL-R2:64_PER_CLASS-MR02"", ""P02-A0-PhysioNetMI-SSL-CBRAMOD-P01-L1-LOW-CAL-OFFICIAL-R2:64_PER_CLASS-MR03"", ""P02-A0-PhysioNetMI-SSL-CBRAMOD-P01-L1-LOW-CAL-OFFICIAL-R2:64_PER_CLASS-MR04""]",5,5,False,True
PhysioNetMI,SSL-CBRAMOD,F1_MACRO,64,P01-L1-LOW-CAL-OFFICIAL-R2:64_PER_CLASS,VALID,0.4881402398671873,5,5,0,P01_FROZEN_SINGLE_SUBSET,True,P02-INTEGRATED-LOW-LABEL-1-TO-256-R1,ALREADY_COMPLETE_INTEGRATED_A0_TERMINALS,MEAN_SUCCESSFUL_REPEATS,"[""P02-A0-PhysioNetMI-SSL-CBRAMOD-P01-L1-LOW-CAL-OFFICIAL-R2:64_PER_CLASS-MR00"", ""P02-A0-PhysioNetMI-SSL-CBRAMOD-P01-L1-LOW-CAL-OFFICIAL-R2:64_PER_CLASS-MR01"", ""P02-A0-PhysioNetMI-SSL-CBRAMOD-P01-L1-LOW-CAL-OFFICIAL-R2:64_PER_CLASS-MR02"", ""P02-A0-PhysioNetMI-SSL-CBRAMOD-P01-L1-LOW-CAL-OFFICIAL-R2:64_PER_CLASS-MR03"", ""P02-A0-PhysioNetMI-SSL-CBRAMOD-P01-L1-LOW-CAL-OFFICIAL-R2:64_PER_CLASS-MR04""]",5,5,False,True
PhysioNetMI,SSL-CBRAMOD,ACC,128,P01-L1-LOW-CAL-OFFICIAL-R2:128_PER_CLASS,VALID,0.5026262626262626,5,5,0,P01_FROZEN_SINGLE_SUBSET,True,P02-INTEGRATED-LOW-LABEL-1-TO-256-R1,ALREADY_COMPLETE_INTEGRATED_A0_TERMINALS,MEAN_SUCCESSFUL_REPEATS,"[""P02-A0-PhysioNetMI-SSL-CBRAMOD-P01-L1-LOW-CAL-OFFICIAL-R2:128_PER_CLASS-MR00"", ""P02-A0-PhysioNetMI-SSL-CBRAMOD-P01-L1-LOW-CAL-OFFICIAL-R2:128_PER_CLASS-MR01"", ""P02-A0-PhysioNetMI-SSL-CBRAMOD-P01-L1-LOW-CAL-OFFICIAL-R2:128_PER_CLASS-MR02"", ""P02-A0-PhysioNetMI-SSL-CBRAMOD-P01-L1-LOW-CAL-OFFICIAL-R2:128_PER_CLASS-MR03"", ""P02-A0-PhysioNetMI-SSL-CBRAMOD-P01-L1-LOW-CAL-OFFICIAL-R2:128_PER_CLASS-MR04""]",5,5,False,True
PhysioNetMI,SSL-CBRAMOD,BACC,128,P01-L1-LOW-CAL-OFFICIAL-R2:128_PER_CLASS,VALID,0.502299676607977,5,5,0,P01_FROZEN_SINGLE_SUBSET,True,P02-INTEGRATED-LOW-LABEL-1-TO-256-R1,ALREADY_COMPLETE_INTEGRATED_A0_TERMINALS,MEAN_SUCCESSFUL_REPEATS,"[""P02-A0-PhysioNetMI-SSL-CBRAMOD-P01-L1-LOW-CAL-OFFICIAL-R2:128_PER_CLASS-MR00"", ""P02-A0-PhysioNetMI-SSL-CBRAMOD-P01-L1-LOW-CAL-OFFICIAL-R2:128_PER_CLASS-MR01"", ""P02-A0-PhysioNetMI-SSL-CBRAMOD-P01-L1-LOW-CAL-OFFICIAL-R2:128_PER_CLASS-MR02"", ""P02-A0-PhysioNetMI-SSL-CBRAMOD-P01-L1-LOW-CAL-OFFICIAL-R2:128_PER_CLASS-MR03"", ""P02-A0-PhysioNetMI-SSL-CBRAMOD-P01-L1-LOW-CAL-OFFICIAL-R2:128_PER_CLASS-MR04""]",5,5,False,True
PhysioNetMI,SSL-CBRAMOD,F1_MACRO,128,P01-L1-LOW-CAL-OFFICIAL-R2:128_PER_CLASS,VALID,0.5001274564472367,5,5,0,P01_FROZEN_SINGLE_SUBSET,True,P02-INTEGRATED-LOW-LABEL-1-TO-256-R1,ALREADY_COMPLETE_INTEGRATED_A0_TERMINALS,MEAN_SUCCESSFUL_REPEATS,"[""P02-A0-PhysioNetMI-SSL-CBRAMOD-P01-L1-LOW-CAL-OFFICIAL-R2:128_PER_CLASS-MR00"", ""P02-A0-PhysioNetMI-SSL-CBRAMOD-P01-L1-LOW-CAL-OFFICIAL-R2:128_PER_CLASS-MR01"", ""P02-A0-PhysioNetMI-SSL-CBRAMOD-P01-L1-LOW-CAL-OFFICIAL-R2:128_PER_CLASS-MR02"", ""P02-A0-PhysioNetMI-SSL-CBRAMOD-P01-L1-LOW-CAL-OFFICIAL-R2:128_PER_CLASS-MR03"", ""P02-A0-PhysioNetMI-SSL-CBRAMOD-P01-L1-LOW-CAL-OFFICIAL-R2:128_PER_CLASS-MR04""]",5,5,False,True
PhysioNetMI,SSL-CBRAMOD,ACC,256,P01-L1-LOW-CAL-OFFICIAL-R2:256_PER_CLASS,VALID,0.5078787878787878,5,5,0,P01_FROZEN_SINGLE_SUBSET,True,P02-INTEGRATED-LOW-LABEL-1-TO-256-R1,ALREADY_COMPLETE_INTEGRATED_A0_TERMINALS,MEAN_SUCCESSFUL_REPEATS,"[""P02-A0-PhysioNetMI-SSL-CBRAMOD-P01-L1-LOW-CAL-OFFICIAL-R2:256_PER_CLASS-MR00"", ""P02-A0-PhysioNetMI-SSL-CBRAMOD-P01-L1-LOW-CAL-OFFICIAL-R2:256_PER_CLASS-MR01"", ""P02-A0-PhysioNetMI-SSL-CBRAMOD-P01-L1-LOW-CAL-OFFICIAL-R2:256_PER_CLASS-MR02"", ""P02-A0-PhysioNetMI-SSL-CBRAMOD-P01-L1-LOW-CAL-OFFICIAL-R2:256_PER_CLASS-MR03"", ""P02-A0-PhysioNetMI-SSL-CBRAMOD-P01-L1-LOW-CAL-OFFICIAL-R2:256_PER_CLASS-MR04""]",5,5,False,True
PhysioNetMI,SSL-CBRAMOD,BACC,256,P01-L1-LOW-CAL-OFFICIAL-R2:256_PER_CLASS,VALID,0.5085159899389149,5,5,0,P01_FROZEN_SINGLE_SUBSET,True,P02-INTEGRATED-LOW-LABEL-1-TO-256-R1,ALREADY_COMPLETE_INTEGRATED_A0_TERMINALS,MEAN_SUCCESSFUL_REPEATS,"[""P02-A0-PhysioNetMI-SSL-CBRAMOD-P01-L1-LOW-CAL-OFFICIAL-R2:256_PER_CLASS-MR00"", ""P02-A0-PhysioNetMI-SSL-CBRAMOD-P01-L1-LOW-CAL-OFFICIAL-R2:256_PER_CLASS-MR01"", ""P02-A0-PhysioNetMI-SSL-CBRAMOD-P01-L1-LOW-CAL-OFFICIAL-R2:256_PER_CLASS-MR02"", ""P02-A0-PhysioNetMI-SSL-CBRAMOD-P01-L1-LOW-CAL-OFFICIAL-R2:256_PER_CLASS-MR03"", ""P02-A0-PhysioNetMI-SSL-CBRAMOD-P01-L1-LOW-CAL-OFFICIAL-R2:256_PER_CLASS-MR04""]",5,5,False,True
PhysioNetMI,SSL-CBRAMOD,F1_MACRO,256,P01-L1-LOW-CAL-OFFICIAL-R2:256_PER_CLASS,VALID,0.5022440031987477,5,5,0,P01_FROZEN_SINGLE_SUBSET,True,P02-INTEGRATED-LOW-LABEL-1-TO-256-R1,ALREADY_COMPLETE_INTEGRATED_A0_TERMINALS,MEAN_SUCCESSFUL_REPEATS,"[""P02-A0-PhysioNetMI-SSL-CBRAMOD-P01-L1-LOW-CAL-OFFICIAL-R2:256_PER_CLASS-MR00"", ""P02-A0-PhysioNetMI-SSL-CBRAMOD-P01-L1-LOW-CAL-OFFICIAL-R2:256_PER_CLASS-MR01"", ""P02-A0-PhysioNetMI-SSL-CBRAMOD-P01-L1-LOW-CAL-OFFICIAL-R2:256_PER_CLASS-MR02"", ""P02-A0-PhysioNetMI-SSL-CBRAMOD-P01-L1-LOW-CAL-OFFICIAL-R2:256_PER_CLASS-MR03"", ""P02-A0-PhysioNetMI-SSL-CBRAMOD-P01-L1-LOW-CAL-OFFICIAL-R2:256_PER_CLASS-MR04""]",5,5,False,True
