source,dataset_id,budget_id,budget_short,model_repeat_index,role_id,condition_id,condition_short,resolved_branch,a4_run_cell_id,c0_run_cell_id,BACC_C0,BACC_A4,delta_BACC,F1_C0,F1_A4,delta_F1
CANONICAL_STAGE18_MR00,PhysioNetMI,FULL_TRAIN,FULL,0,NEURAL,A4-C1-LONG-3P5S,C1,DNN-EEGNET,P02-A4-PhysioNetMI-NEURAL-A4-C1-LONG-3P5S-FULL_TRAIN-MR00,P02-A4-PhysioNetMI-NEURAL-A4-C0-CORE-FULL_TRAIN-MR00,0.6442687747035574,0.6796622349982033,0.0353934602946459,0.6418811934399662,0.6785989929802638,0.0367177995402976
CANONICAL_STAGE18_MR00,PhysioNetMI,FULL_TRAIN,FULL,0,NEURAL,A4-C2-MULTI-HARD-VOTE,C2,DNN-EEGNET,P02-A4-PhysioNetMI-NEURAL-A4-C2-MULTI-HARD-VOTE-FULL_TRAIN-MR00,P02-A4-PhysioNetMI-NEURAL-A4-C0-CORE-FULL_TRAIN-MR00,0.6442687747035574,0.6632231404958677,0.0189543657923103,0.6418811934399662,0.662551744529864,0.0206705510898977
CANONICAL_STAGE18_MR00,PhysioNetMI,FULL_TRAIN,FULL,0,NEURAL,A4-C3-MULTI-PROB-AVG,C3,DNN-EEGNET,P02-A4-PhysioNetMI-NEURAL-A4-C3-MULTI-PROB-AVG-FULL_TRAIN-MR00,P02-A4-PhysioNetMI-NEURAL-A4-C0-CORE-FULL_TRAIN-MR00,0.6442687747035574,0.6720265900107798,0.0277578153072224,0.6418811934399662,0.6720191741378182,0.030137980697852
CANONICAL_STAGE18_MR00,PhysioNetMI,FULL_TRAIN,FULL,0,SSL,A4-C2-MULTI-HARD-VOTE,C2,SSL-CBRAMOD,P02-A4-PhysioNetMI-SSL-A4-C2-MULTI-HARD-VOTE-FULL_TRAIN-MR00,P02-A4-PhysioNetMI-SSL-A4-C0-CORE-FULL_TRAIN-MR00,0.5502155946819978,0.5735716852317643,0.0233560905497665,0.5493110135755843,0.5735633357150147,0.0242523221394304
CANONICAL_STAGE18_MR00,PhysioNetMI,FULL_TRAIN,FULL,0,SSL,A4-C3-MULTI-PROB-AVG,C3,SSL-CBRAMOD,P02-A4-PhysioNetMI-SSL-A4-C3-MULTI-PROB-AVG-FULL_TRAIN-MR00,P02-A4-PhysioNetMI-SSL-A4-C0-CORE-FULL_TRAIN-MR00,0.5502155946819978,0.556593604024434,0.0063780093424362,0.5493110135755843,0.5561556004110695,0.0068445868354851
CANONICAL_STAGE18_MR00,PhysioNetMI,P01-L1-LOW-CAL-OFFICIAL-R2:1_PER_CLASS,1,0,NEURAL,A4-C1-LONG-3P5S,C1,DNN-EEGNET,P02-A4-PhysioNetMI-NEURAL-A4-C1-LONG-3P5S-P01-L1-LOW-CAL-OFFICIAL-R2:1_PER_CLASS-MR00,P02-A4-PhysioNetMI-NEURAL-A4-C0-CORE-P01-L1-LOW-CAL-OFFICIAL-R2:1_PER_CLASS-MR00,0.4792490118577075,0.4946101329500539,0.0153611210923463,0.4466849315068493,0.3562248846752061,-0.0904600468316432
CANONICAL_STAGE18_MR00,PhysioNetMI,P01-L1-LOW-CAL-OFFICIAL-R2:1_PER_CLASS,1,0,NEURAL,A4-C2-MULTI-HARD-VOTE,C2,DNN-EEGNET,P02-A4-PhysioNetMI-NEURAL-A4-C2-MULTI-HARD-VOTE-P01-L1-LOW-CAL-OFFICIAL-R2:1_PER_CLASS-MR00,P02-A4-PhysioNetMI-NEURAL-A4-C0-CORE-P01-L1-LOW-CAL-OFFICIAL-R2:1_PER_CLASS-MR00,0.4792490118577075,0.5005389867049946,0.0212899748472871,0.4466849315068493,0.4178133575981685,-0.0288715739086807
CANONICAL_STAGE18_MR00,PhysioNetMI,P01-L1-LOW-CAL-OFFICIAL-R2:1_PER_CLASS,1,0,NEURAL,A4-C3-MULTI-PROB-AVG,C3,DNN-EEGNET,P02-A4-PhysioNetMI-NEURAL-A4-C3-MULTI-PROB-AVG-P01-L1-LOW-CAL-OFFICIAL-R2:1_PER_CLASS-MR00,P02-A4-PhysioNetMI-NEURAL-A4-C0-CORE-P01-L1-LOW-CAL-OFFICIAL-R2:1_PER_CLASS-MR00,0.4792490118577075,0.4942508084800575,0.0150017966223499,0.4466849315068493,0.40490851513019,-0.0417764163766593
CANONICAL_STAGE18_MR00,PhysioNetMI,P01-L1-LOW-CAL-OFFICIAL-R2:1_PER_CLASS,1,0,SSL,A4-C2-MULTI-HARD-VOTE,C2,SSL-CBRAMOD,P02-A4-PhysioNetMI-SSL-A4-C2-MULTI-HARD-VOTE-P01-L1-LOW-CAL-OFFICIAL-R2:1_PER_CLASS-MR00,P02-A4-PhysioNetMI-SSL-A4-C0-CORE-P01-L1-LOW-CAL-OFFICIAL-R2:1_PER_CLASS-MR00,0.4956881063600431,0.4820337765001796,-0.0136543298598634,0.3912783781477596,0.3879773913726106,-0.003300986775149
CANONICAL_STAGE18_MR00,PhysioNetMI,P01-L1-LOW-CAL-OFFICIAL-R2:1_PER_CLASS,1,0,SSL,A4-C3-MULTI-PROB-AVG,C3,SSL-CBRAMOD,P02-A4-PhysioNetMI-SSL-A4-C3-MULTI-PROB-AVG-P01-L1-LOW-CAL-OFFICIAL-R2:1_PER_CLASS-MR00,P02-A4-PhysioNetMI-SSL-A4-C0-CORE-P01-L1-LOW-CAL-OFFICIAL-R2:1_PER_CLASS-MR00,0.4956881063600431,0.49200503054258,-0.0036830758174631,0.3912783781477596,0.396487469704673,0.0052090915569134
CANONICAL_STAGE18_MR00,PhysioNetMI,P01-L1-LOW-CAL-OFFICIAL-R2:8_PER_CLASS,8,0,NEURAL,A4-C1-LONG-3P5S,C1,DNN-EEGNET,P02-A4-PhysioNetMI-NEURAL-A4-C1-LONG-3P5S-P01-L1-LOW-CAL-OFFICIAL-R2:8_PER_CLASS-MR00,P02-A4-PhysioNetMI-NEURAL-A4-C0-CORE-P01-L1-LOW-CAL-OFFICIAL-R2:8_PER_CLASS-MR00,0.5,0.4960474308300395,-0.0039525691699604,0.3382352941176471,0.3364611260053619,-0.0017741681122851
CANONICAL_STAGE18_MR00,PhysioNetMI,P01-L1-LOW-CAL-OFFICIAL-R2:8_PER_CLASS,8,0,NEURAL,A4-C2-MULTI-HARD-VOTE,C2,DNN-EEGNET,P02-A4-PhysioNetMI-NEURAL-A4-C2-MULTI-HARD-VOTE-P01-L1-LOW-CAL-OFFICIAL-R2:8_PER_CLASS-MR00,P02-A4-PhysioNetMI-NEURAL-A4-C0-CORE-P01-L1-LOW-CAL-OFFICIAL-R2:8_PER_CLASS-MR00,0.5,0.5004491555874955,0.0004491555874954,0.3382352941176471,0.4155844155844156,0.0773491214667685
CANONICAL_STAGE18_MR00,PhysioNetMI,P01-L1-LOW-CAL-OFFICIAL-R2:8_PER_CLASS,8,0,NEURAL,A4-C3-MULTI-PROB-AVG,C3,DNN-EEGNET,P02-A4-PhysioNetMI-NEURAL-A4-C3-MULTI-PROB-AVG-P01-L1-LOW-CAL-OFFICIAL-R2:8_PER_CLASS-MR00,P02-A4-PhysioNetMI-NEURAL-A4-C0-CORE-P01-L1-LOW-CAL-OFFICIAL-R2:8_PER_CLASS-MR00,0.5,0.5034135824649658,0.0034135824649658,0.3382352941176471,0.4394373315363881,0.101202037418741
CANONICAL_STAGE18_MR00,PhysioNetMI,P01-L1-LOW-CAL-OFFICIAL-R2:8_PER_CLASS,8,0,SSL,A4-C2-MULTI-HARD-VOTE,C2,SSL-CBRAMOD,P02-A4-PhysioNetMI-SSL-A4-C2-MULTI-HARD-VOTE-P01-L1-LOW-CAL-OFFICIAL-R2:8_PER_CLASS-MR00,P02-A4-PhysioNetMI-SSL-A4-C0-CORE-P01-L1-LOW-CAL-OFFICIAL-R2:8_PER_CLASS-MR00,0.5028745957599713,0.4744879626302551,-0.0283866331297161,0.4983567815073298,0.4702278682407358,-0.028128913266594
CANONICAL_STAGE18_MR00,PhysioNetMI,P01-L1-LOW-CAL-OFFICIAL-R2:8_PER_CLASS,8,0,SSL,A4-C3-MULTI-PROB-AVG,C3,SSL-CBRAMOD,P02-A4-PhysioNetMI-SSL-A4-C3-MULTI-PROB-AVG-P01-L1-LOW-CAL-OFFICIAL-R2:8_PER_CLASS-MR00,P02-A4-PhysioNetMI-SSL-A4-C0-CORE-P01-L1-LOW-CAL-OFFICIAL-R2:8_PER_CLASS-MR00,0.5028745957599713,0.5014372978799856,-0.0014372978799856,0.4983567815073298,0.4940319176998153,-0.0043248638075145
CANONICAL_STAGE18_MR00,BNCI2014_001,FULL_TRAIN,FULL,0,NEURAL,A4-C1-LONG-3P5S,C1,DNN-EEGNET,P02-A4-BNCI2014_001-NEURAL-A4-C1-LONG-3P5S-FULL_TRAIN-MR00,P02-A4-BNCI2014_001-NEURAL-A4-C0-CORE-FULL_TRAIN-MR00,0.6458333333333334,0.6006944444444444,-0.0451388888888889,0.6274350649350648,0.5932353266276114,-0.0341997383074534
CANONICAL_STAGE18_MR00,BNCI2014_001,FULL_TRAIN,FULL,0,NEURAL,A4-C2-MULTI-HARD-VOTE,C2,DNN-EEGNET,P02-A4-BNCI2014_001-NEURAL-A4-C2-MULTI-HARD-VOTE-FULL_TRAIN-MR00,P02-A4-BNCI2014_001-NEURAL-A4-C0-CORE-FULL_TRAIN-MR00,0.6458333333333334,0.6145833333333333,-0.0312500000000001,0.6274350649350648,0.6125231809752373,-0.0149118839598275
CANONICAL_STAGE18_MR00,BNCI2014_001,FULL_TRAIN,FULL,0,NEURAL,A4-C3-MULTI-PROB-AVG,C3,DNN-EEGNET,P02-A4-BNCI2014_001-NEURAL-A4-C3-MULTI-PROB-AVG-FULL_TRAIN-MR00,P02-A4-BNCI2014_001-NEURAL-A4-C0-CORE-FULL_TRAIN-MR00,0.6458333333333334,0.6006944444444444,-0.0451388888888889,0.6274350649350648,0.5960138077406292,-0.0314212571944356
CANONICAL_STAGE18_MR00,BNCI2014_001,FULL_TRAIN,FULL,0,SSL,A4-C2-MULTI-HARD-VOTE,C2,SSL-CBRAMOD,P02-A4-BNCI2014_001-SSL-A4-C2-MULTI-HARD-VOTE-FULL_TRAIN-MR00,P02-A4-BNCI2014_001-SSL-A4-C0-CORE-FULL_TRAIN-MR00,0.5625,0.6145833333333333,0.0520833333333332,0.545308740978348,0.6121094460959777,0.0668007051176297
CANONICAL_STAGE18_MR00,BNCI2014_001,FULL_TRAIN,FULL,0,SSL,A4-C3-MULTI-PROB-AVG,C3,SSL-CBRAMOD,P02-A4-BNCI2014_001-SSL-A4-C3-MULTI-PROB-AVG-FULL_TRAIN-MR00,P02-A4-BNCI2014_001-SSL-A4-C0-CORE-FULL_TRAIN-MR00,0.5625,0.6527777777777778,0.0902777777777777,0.545308740978348,0.6510951734832332,0.1057864325048851
CANONICAL_STAGE18_MR00,BNCI2014_001,P01-L1-LOW-CAL-OFFICIAL-R2:1_PER_CLASS,1,0,NEURAL,A4-C1-LONG-3P5S,C1,DNN-EEGNET,P02-A4-BNCI2014_001-NEURAL-A4-C1-LONG-3P5S-P01-L1-LOW-CAL-OFFICIAL-R2:1_PER_CLASS-MR00,P02-A4-BNCI2014_001-NEURAL-A4-C0-CORE-P01-L1-LOW-CAL-OFFICIAL-R2:1_PER_CLASS-MR00,0.5,0.5069444444444444,0.0069444444444444,0.428287841191067,0.399118424919189,-0.029169416271878
CANONICAL_STAGE18_MR00,BNCI2014_001,P01-L1-LOW-CAL-OFFICIAL-R2:1_PER_CLASS,1,0,NEURAL,A4-C2-MULTI-HARD-VOTE,C2,DNN-EEGNET,P02-A4-BNCI2014_001-NEURAL-A4-C2-MULTI-HARD-VOTE-P01-L1-LOW-CAL-OFFICIAL-R2:1_PER_CLASS-MR00,P02-A4-BNCI2014_001-NEURAL-A4-C0-CORE-P01-L1-LOW-CAL-OFFICIAL-R2:1_PER_CLASS-MR00,0.5,0.4965277777777778,-0.0034722222222222,0.428287841191067,0.3547489917952997,-0.0735388493957673
CANONICAL_STAGE18_MR00,BNCI2014_001,P01-L1-LOW-CAL-OFFICIAL-R2:1_PER_CLASS,1,0,NEURAL,A4-C3-MULTI-PROB-AVG,C3,DNN-EEGNET,P02-A4-BNCI2014_001-NEURAL-A4-C3-MULTI-PROB-AVG-P01-L1-LOW-CAL-OFFICIAL-R2:1_PER_CLASS-MR00,P02-A4-BNCI2014_001-NEURAL-A4-C0-CORE-P01-L1-LOW-CAL-OFFICIAL-R2:1_PER_CLASS-MR00,0.5,0.4791666666666667,-0.0208333333333333,0.428287841191067,0.4010647737355811,-0.0272230674554858
CANONICAL_STAGE18_MR00,BNCI2014_001,P01-L1-LOW-CAL-OFFICIAL-R2:1_PER_CLASS,1,0,SSL,A4-C2-MULTI-HARD-VOTE,C2,SSL-CBRAMOD,P02-A4-BNCI2014_001-SSL-A4-C2-MULTI-HARD-VOTE-P01-L1-LOW-CAL-OFFICIAL-R2:1_PER_CLASS-MR00,P02-A4-BNCI2014_001-SSL-A4-C0-CORE-P01-L1-LOW-CAL-OFFICIAL-R2:1_PER_CLASS-MR00,0.5173611111111112,0.5798611111111112,0.0625,0.4976849237718803,0.5627329192546584,0.065047995482778
CANONICAL_STAGE18_MR00,BNCI2014_001,P01-L1-LOW-CAL-OFFICIAL-R2:1_PER_CLASS,1,0,SSL,A4-C3-MULTI-PROB-AVG,C3,SSL-CBRAMOD,P02-A4-BNCI2014_001-SSL-A4-C3-MULTI-PROB-AVG-P01-L1-LOW-CAL-OFFICIAL-R2:1_PER_CLASS-MR00,P02-A4-BNCI2014_001-SSL-A4-C0-CORE-P01-L1-LOW-CAL-OFFICIAL-R2:1_PER_CLASS-MR00,0.5173611111111112,0.5416666666666666,0.0243055555555554,0.4976849237718803,0.5111111111111111,0.0134261873392307
CANONICAL_STAGE18_MR00,BNCI2014_001,P01-L1-LOW-CAL-OFFICIAL-R2:8_PER_CLASS,8,0,NEURAL,A4-C1-LONG-3P5S,C1,DNN-EEGNET,P02-A4-BNCI2014_001-NEURAL-A4-C1-LONG-3P5S-P01-L1-LOW-CAL-OFFICIAL-R2:8_PER_CLASS-MR00,P02-A4-BNCI2014_001-NEURAL-A4-C0-CORE-P01-L1-LOW-CAL-OFFICIAL-R2:8_PER_CLASS-MR00,0.4895833333333333,0.4861111111111111,-0.0034722222222221,0.4885412262156448,0.4673864147548358,-0.0211548114608089
CANONICAL_STAGE18_MR00,BNCI2014_001,P01-L1-LOW-CAL-OFFICIAL-R2:8_PER_CLASS,8,0,NEURAL,A4-C2-MULTI-HARD-VOTE,C2,DNN-EEGNET,P02-A4-BNCI2014_001-NEURAL-A4-C2-MULTI-HARD-VOTE-P01-L1-LOW-CAL-OFFICIAL-R2:8_PER_CLASS-MR00,P02-A4-BNCI2014_001-NEURAL-A4-C0-CORE-P01-L1-LOW-CAL-OFFICIAL-R2:8_PER_CLASS-MR00,0.4895833333333333,0.5,0.0104166666666666,0.4885412262156448,0.3333333333333333,-0.1552078928823115
CANONICAL_STAGE18_MR00,BNCI2014_001,P01-L1-LOW-CAL-OFFICIAL-R2:8_PER_CLASS,8,0,NEURAL,A4-C3-MULTI-PROB-AVG,C3,DNN-EEGNET,P02-A4-BNCI2014_001-NEURAL-A4-C3-MULTI-PROB-AVG-P01-L1-LOW-CAL-OFFICIAL-R2:8_PER_CLASS-MR00,P02-A4-BNCI2014_001-NEURAL-A4-C0-CORE-P01-L1-LOW-CAL-OFFICIAL-R2:8_PER_CLASS-MR00,0.4895833333333333,0.5104166666666666,0.0208333333333333,0.4885412262156448,0.3560724989296418,-0.132468727286003
CANONICAL_STAGE18_MR00,BNCI2014_001,P01-L1-LOW-CAL-OFFICIAL-R2:8_PER_CLASS,8,0,SSL,A4-C2-MULTI-HARD-VOTE,C2,SSL-CBRAMOD,P02-A4-BNCI2014_001-SSL-A4-C2-MULTI-HARD-VOTE-P01-L1-LOW-CAL-OFFICIAL-R2:8_PER_CLASS-MR00,P02-A4-BNCI2014_001-SSL-A4-C0-CORE-P01-L1-LOW-CAL-OFFICIAL-R2:8_PER_CLASS-MR00,0.5347222222222222,0.5520833333333333,0.017361111111111,0.5302823758519961,0.5248071831472314,-0.0054751927047647
CANONICAL_STAGE18_MR00,BNCI2014_001,P01-L1-LOW-CAL-OFFICIAL-R2:8_PER_CLASS,8,0,SSL,A4-C3-MULTI-PROB-AVG,C3,SSL-CBRAMOD,P02-A4-BNCI2014_001-SSL-A4-C3-MULTI-PROB-AVG-P01-L1-LOW-CAL-OFFICIAL-R2:8_PER_CLASS-MR00,P02-A4-BNCI2014_001-SSL-A4-C0-CORE-P01-L1-LOW-CAL-OFFICIAL-R2:8_PER_CLASS-MR00,0.5347222222222222,0.5173611111111112,-0.017361111111111,0.5302823758519961,0.4976849237718803,-0.0325974520801157
CANONICAL_STAGE18_MR00,Lee2019_MI,FULL_TRAIN,FULL,0,NEURAL,A4-C1-LONG-3P5S,C1,DNN-EEGNET,P02-A4-Lee2019_MI-NEURAL-A4-C1-LONG-3P5S-FULL_TRAIN-MR00,P02-A4-Lee2019_MI-NEURAL-A4-C0-CORE-FULL_TRAIN-MR00,0.7383333333333333,0.7683333333333333,0.03,0.7383326064794624,0.7671373247596684,0.028804718280206
CANONICAL_STAGE18_MR00,Lee2019_MI,FULL_TRAIN,FULL,0,NEURAL,A4-C2-MULTI-HARD-VOTE,C2,DNN-EEGNET,P02-A4-Lee2019_MI-NEURAL-A4-C2-MULTI-HARD-VOTE-FULL_TRAIN-MR00,P02-A4-Lee2019_MI-NEURAL-A4-C0-CORE-FULL_TRAIN-MR00,0.7383333333333333,0.7666666666666666,0.0283333333333333,0.7383326064794624,0.7666018338427341,0.0282692273632716
CANONICAL_STAGE18_MR00,Lee2019_MI,FULL_TRAIN,FULL,0,NEURAL,A4-C3-MULTI-PROB-AVG,C3,DNN-EEGNET,P02-A4-Lee2019_MI-NEURAL-A4-C3-MULTI-PROB-AVG-FULL_TRAIN-MR00,P02-A4-Lee2019_MI-NEURAL-A4-C0-CORE-FULL_TRAIN-MR00,0.7383333333333333,0.765,0.0266666666666667,0.7383326064794624,0.764983679422182,0.0266510729427196
CANONICAL_STAGE18_MR00,Lee2019_MI,FULL_TRAIN,FULL,0,SSL,A4-C2-MULTI-HARD-VOTE,C2,SSL-CBRAMOD,P02-A4-Lee2019_MI-SSL-A4-C2-MULTI-HARD-VOTE-FULL_TRAIN-MR00,P02-A4-Lee2019_MI-SSL-A4-C0-CORE-FULL_TRAIN-MR00,0.6916666666666667,0.6816666666666666,-0.01,0.6915629975630698,0.6803160017741625,-0.0112469957889073
CANONICAL_STAGE18_MR00,Lee2019_MI,FULL_TRAIN,FULL,0,SSL,A4-C3-MULTI-PROB-AVG,C3,SSL-CBRAMOD,P02-A4-Lee2019_MI-SSL-A4-C3-MULTI-PROB-AVG-FULL_TRAIN-MR00,P02-A4-Lee2019_MI-SSL-A4-C0-CORE-FULL_TRAIN-MR00,0.6916666666666667,0.6833333333333333,-0.0083333333333333,0.6915629975630698,0.6830480766022754,-0.0085149209607944
CANONICAL_STAGE18_MR00,Lee2019_MI,P01-L1-LOW-CAL-OFFICIAL-R2:1_PER_CLASS,1,0,NEURAL,A4-C1-LONG-3P5S,C1,DNN-EEGNET,P02-A4-Lee2019_MI-NEURAL-A4-C1-LONG-3P5S-P01-L1-LOW-CAL-OFFICIAL-R2:1_PER_CLASS-MR00,P02-A4-Lee2019_MI-NEURAL-A4-C0-CORE-P01-L1-LOW-CAL-OFFICIAL-R2:1_PER_CLASS-MR00,0.52,0.5083333333333333,-0.0116666666666667,0.5094476744186047,0.4461809955600612,-0.0632666788585435
CANONICAL_STAGE18_MR00,Lee2019_MI,P01-L1-LOW-CAL-OFFICIAL-R2:1_PER_CLASS,1,0,NEURAL,A4-C2-MULTI-HARD-VOTE,C2,DNN-EEGNET,P02-A4-Lee2019_MI-NEURAL-A4-C2-MULTI-HARD-VOTE-P01-L1-LOW-CAL-OFFICIAL-R2:1_PER_CLASS-MR00,P02-A4-Lee2019_MI-NEURAL-A4-C0-CORE-P01-L1-LOW-CAL-OFFICIAL-R2:1_PER_CLASS-MR00,0.52,0.5166666666666666,-0.0033333333333334,0.5094476744186047,0.5154553049289892,0.0060076305103844
CANONICAL_STAGE18_MR00,Lee2019_MI,P01-L1-LOW-CAL-OFFICIAL-R2:1_PER_CLASS,1,0,NEURAL,A4-C3-MULTI-PROB-AVG,C3,DNN-EEGNET,P02-A4-Lee2019_MI-NEURAL-A4-C3-MULTI-PROB-AVG-P01-L1-LOW-CAL-OFFICIAL-R2:1_PER_CLASS-MR00,P02-A4-Lee2019_MI-NEURAL-A4-C0-CORE-P01-L1-LOW-CAL-OFFICIAL-R2:1_PER_CLASS-MR00,0.52,0.5283333333333333,0.0083333333333333,0.5094476744186047,0.5128403017062065,0.0033926272876018
CANONICAL_STAGE18_MR00,Lee2019_MI,P01-L1-LOW-CAL-OFFICIAL-R2:1_PER_CLASS,1,0,SSL,A4-C2-MULTI-HARD-VOTE,C2,SSL-CBRAMOD,P02-A4-Lee2019_MI-SSL-A4-C2-MULTI-HARD-VOTE-P01-L1-LOW-CAL-OFFICIAL-R2:1_PER_CLASS-MR00,P02-A4-Lee2019_MI-SSL-A4-C0-CORE-P01-L1-LOW-CAL-OFFICIAL-R2:1_PER_CLASS-MR00,0.5066666666666666,0.5133333333333333,0.0066666666666667,0.4831439746693984,0.5119450882510251,0.0288011135816267
CANONICAL_STAGE18_MR00,Lee2019_MI,P01-L1-LOW-CAL-OFFICIAL-R2:1_PER_CLASS,1,0,SSL,A4-C3-MULTI-PROB-AVG,C3,SSL-CBRAMOD,P02-A4-Lee2019_MI-SSL-A4-C3-MULTI-PROB-AVG-P01-L1-LOW-CAL-OFFICIAL-R2:1_PER_CLASS-MR00,P02-A4-Lee2019_MI-SSL-A4-C0-CORE-P01-L1-LOW-CAL-OFFICIAL-R2:1_PER_CLASS-MR00,0.5066666666666666,0.54,0.0333333333333334,0.4831439746693984,0.535035209290311,0.0518912346209126
CANONICAL_STAGE18_MR00,Lee2019_MI,P01-L1-LOW-CAL-OFFICIAL-R2:8_PER_CLASS,8,0,NEURAL,A4-C1-LONG-3P5S,C1,DNN-EEGNET,P02-A4-Lee2019_MI-NEURAL-A4-C1-LONG-3P5S-P01-L1-LOW-CAL-OFFICIAL-R2:8_PER_CLASS-MR00,P02-A4-Lee2019_MI-NEURAL-A4-C0-CORE-P01-L1-LOW-CAL-OFFICIAL-R2:8_PER_CLASS-MR00,0.54,0.5083333333333333,-0.0316666666666667,0.4591346153846153,0.4502678779408339,-0.0088667374437814
CANONICAL_STAGE18_MR00,Lee2019_MI,P01-L1-LOW-CAL-OFFICIAL-R2:8_PER_CLASS,8,0,NEURAL,A4-C2-MULTI-HARD-VOTE,C2,DNN-EEGNET,P02-A4-Lee2019_MI-NEURAL-A4-C2-MULTI-HARD-VOTE-P01-L1-LOW-CAL-OFFICIAL-R2:8_PER_CLASS-MR00,P02-A4-Lee2019_MI-NEURAL-A4-C0-CORE-P01-L1-LOW-CAL-OFFICIAL-R2:8_PER_CLASS-MR00,0.54,0.5333333333333333,-0.0066666666666667,0.4591346153846153,0.4426677636380525,-0.0164668517465628
CANONICAL_STAGE18_MR00,Lee2019_MI,P01-L1-LOW-CAL-OFFICIAL-R2:8_PER_CLASS,8,0,NEURAL,A4-C3-MULTI-PROB-AVG,C3,DNN-EEGNET,P02-A4-Lee2019_MI-NEURAL-A4-C3-MULTI-PROB-AVG-P01-L1-LOW-CAL-OFFICIAL-R2:8_PER_CLASS-MR00,P02-A4-Lee2019_MI-NEURAL-A4-C0-CORE-P01-L1-LOW-CAL-OFFICIAL-R2:8_PER_CLASS-MR00,0.54,0.53,-0.01,0.4591346153846153,0.4171626984126984,-0.0419719169719169
CANONICAL_STAGE18_MR00,Lee2019_MI,P01-L1-LOW-CAL-OFFICIAL-R2:8_PER_CLASS,8,0,SSL,A4-C2-MULTI-HARD-VOTE,C2,SSL-CBRAMOD,P02-A4-Lee2019_MI-SSL-A4-C2-MULTI-HARD-VOTE-P01-L1-LOW-CAL-OFFICIAL-R2:8_PER_CLASS-MR00,P02-A4-Lee2019_MI-SSL-A4-C0-CORE-P01-L1-LOW-CAL-OFFICIAL-R2:8_PER_CLASS-MR00,0.5,0.5183333333333333,0.0183333333333333,0.4946034883590336,0.5106878306878306,0.0160843423287969
CANONICAL_STAGE18_MR00,Lee2019_MI,P01-L1-LOW-CAL-OFFICIAL-R2:8_PER_CLASS,8,0,SSL,A4-C3-MULTI-PROB-AVG,C3,SSL-CBRAMOD,P02-A4-Lee2019_MI-SSL-A4-C3-MULTI-PROB-AVG-P01-L1-LOW-CAL-OFFICIAL-R2:8_PER_CLASS-MR00,P02-A4-Lee2019_MI-SSL-A4-C0-CORE-P01-L1-LOW-CAL-OFFICIAL-R2:8_PER_CLASS-MR00,0.5,0.5316666666666666,0.0316666666666666,0.4946034883590336,0.5216084850651617,0.0270049967061279
STAGE18S_SUPPLEMENT,BNCI2014_001,FULL_TRAIN,FULL,1,NEURAL,A4-C1-LONG-3P5S,C1,DNN-EEGNET,P02-A4S-R1-BNCI2014_001-NEURAL-A4-C1-LONG-3P5S-FULL_TRAIN-MR01,P02-A4-BNCI2014_001-NEURAL-A4-C0-CORE-FULL_TRAIN-MR01,0.5972222222222222,0.6319444444444444,0.0347222222222222,0.5687509681416844,0.627906976744186,0.0591560086025017
STAGE18S_SUPPLEMENT,BNCI2014_001,FULL_TRAIN,FULL,2,NEURAL,A4-C1-LONG-3P5S,C1,DNN-EEGNET,P02-A4S-R1-BNCI2014_001-NEURAL-A4-C1-LONG-3P5S-FULL_TRAIN-MR02,P02-A4-BNCI2014_001-NEURAL-A4-C0-CORE-FULL_TRAIN-MR02,0.6041666666666666,0.6180555555555556,0.0138888888888889,0.5985719176407297,0.5910569525481489,-0.0075149650925807
STAGE18S_SUPPLEMENT,BNCI2014_001,P01-L1-LOW-CAL-OFFICIAL-R2:128_PER_CLASS,128,0,NEURAL,A4-C1-LONG-3P5S,C1,DNN-EEGNET,P02-A4S-R1-BNCI2014_001-NEURAL-A4-C1-LONG-3P5S-P01-L1-LOW-CAL-OFFICIAL-R2:128_PER_CLASS-MR00,P02-A4-BNCI2014_001-NEURAL-A4-C0-CORE-P01-L1-LOW-CAL-OFFICIAL-R2:128_PER_CLASS-MR00,0.625,0.59375,-0.03125,0.6183558282208589,0.588345244639912,-0.0300105835809468
STAGE18S_SUPPLEMENT,BNCI2014_001,P01-L1-LOW-CAL-OFFICIAL-R2:128_PER_CLASS,128,1,NEURAL,A4-C1-LONG-3P5S,C1,DNN-EEGNET,P02-A4S-R1-BNCI2014_001-NEURAL-A4-C1-LONG-3P5S-P01-L1-LOW-CAL-OFFICIAL-R2:128_PER_CLASS-MR01,P02-A4-BNCI2014_001-NEURAL-A4-C0-CORE-P01-L1-LOW-CAL-OFFICIAL-R2:128_PER_CLASS-MR01,0.6006944444444444,0.6076388888888888,0.0069444444444444,0.5960138077406292,0.5774329676037135,-0.0185808401369156
STAGE18S_SUPPLEMENT,BNCI2014_001,P01-L1-LOW-CAL-OFFICIAL-R2:128_PER_CLASS,128,2,NEURAL,A4-C1-LONG-3P5S,C1,DNN-EEGNET,P02-A4S-R1-BNCI2014_001-NEURAL-A4-C1-LONG-3P5S-P01-L1-LOW-CAL-OFFICIAL-R2:128_PER_CLASS-MR02,P02-A4-BNCI2014_001-NEURAL-A4-C0-CORE-P01-L1-LOW-CAL-OFFICIAL-R2:128_PER_CLASS-MR02,0.5590277777777778,0.6284722222222222,0.0694444444444444,0.5337964438212989,0.6256514291961759,0.091854985374877
STAGE18S_SUPPLEMENT,BNCI2014_001,P01-L1-LOW-CAL-OFFICIAL-R2:16_PER_CLASS,16,0,NEURAL,A4-C1-LONG-3P5S,C1,DNN-EEGNET,P02-A4S-R1-BNCI2014_001-NEURAL-A4-C1-LONG-3P5S-P01-L1-LOW-CAL-OFFICIAL-R2:16_PER_CLASS-MR00,P02-A4-BNCI2014_001-NEURAL-A4-C0-CORE-P01-L1-LOW-CAL-OFFICIAL-R2:16_PER_CLASS-MR00,0.5416666666666667,0.5,-0.0416666666666667,0.4759305210918114,0.3333333333333333,-0.1425971877584781
STAGE18S_SUPPLEMENT,BNCI2014_001,P01-L1-LOW-CAL-OFFICIAL-R2:1_PER_CLASS,1,1,NEURAL,A4-C1-LONG-3P5S,C1,DNN-EEGNET,P02-A4S-R1-BNCI2014_001-NEURAL-A4-C1-LONG-3P5S-P01-L1-LOW-CAL-OFFICIAL-R2:1_PER_CLASS-MR01,P02-A4-BNCI2014_001-NEURAL-A4-C0-CORE-P01-L1-LOW-CAL-OFFICIAL-R2:1_PER_CLASS-MR01,0.5486111111111112,0.5034722222222222,-0.0451388888888889,0.5484151107251412,0.427355775247153,-0.121059335477988
STAGE18S_SUPPLEMENT,BNCI2014_001,P01-L1-LOW-CAL-OFFICIAL-R2:1_PER_CLASS,1,2,NEURAL,A4-C1-LONG-3P5S,C1,DNN-EEGNET,P02-A4S-R1-BNCI2014_001-NEURAL-A4-C1-LONG-3P5S-P01-L1-LOW-CAL-OFFICIAL-R2:1_PER_CLASS-MR02,P02-A4-BNCI2014_001-NEURAL-A4-C0-CORE-P01-L1-LOW-CAL-OFFICIAL-R2:1_PER_CLASS-MR02,0.5,0.5208333333333333,0.0208333333333332,0.3906553041434029,0.4714893617021276,0.0808340575587247
STAGE18S_SUPPLEMENT,BNCI2014_001,P01-L1-LOW-CAL-OFFICIAL-R2:256_PER_CLASS,256,0,NEURAL,A4-C1-LONG-3P5S,C1,DNN-EEGNET,P02-A4S-R1-BNCI2014_001-NEURAL-A4-C1-LONG-3P5S-P01-L1-LOW-CAL-OFFICIAL-R2:256_PER_CLASS-MR00,P02-A4-BNCI2014_001-NEURAL-A4-C0-CORE-P01-L1-LOW-CAL-OFFICIAL-R2:256_PER_CLASS-MR00,0.5902777777777778,0.6041666666666666,0.0138888888888888,0.5886710239651416,0.5985719176407297,0.0099008936755881
STAGE18S_SUPPLEMENT,BNCI2014_001,P01-L1-LOW-CAL-OFFICIAL-R2:256_PER_CLASS,256,1,NEURAL,A4-C1-LONG-3P5S,C1,DNN-EEGNET,P02-A4S-R1-BNCI2014_001-NEURAL-A4-C1-LONG-3P5S-P01-L1-LOW-CAL-OFFICIAL-R2:256_PER_CLASS-MR01,P02-A4-BNCI2014_001-NEURAL-A4-C0-CORE-P01-L1-LOW-CAL-OFFICIAL-R2:256_PER_CLASS-MR01,0.6006944444444444,0.6840277777777777,0.0833333333333332,0.5992982880648479,0.6746085941670908,0.0753103061022429
STAGE18S_SUPPLEMENT,BNCI2014_001,P01-L1-LOW-CAL-OFFICIAL-R2:256_PER_CLASS,256,2,NEURAL,A4-C1-LONG-3P5S,C1,DNN-EEGNET,P02-A4S-R1-BNCI2014_001-NEURAL-A4-C1-LONG-3P5S-P01-L1-LOW-CAL-OFFICIAL-R2:256_PER_CLASS-MR02,P02-A4-BNCI2014_001-NEURAL-A4-C0-CORE-P01-L1-LOW-CAL-OFFICIAL-R2:256_PER_CLASS-MR02,0.5416666666666666,0.5625,0.0208333333333333,0.4967967384973791,0.5078125,0.0110157615026208
STAGE18S_SUPPLEMENT,BNCI2014_001,P01-L1-LOW-CAL-OFFICIAL-R2:32_PER_CLASS,32,0,NEURAL,A4-C1-LONG-3P5S,C1,DNN-EEGNET,P02-A4S-R1-BNCI2014_001-NEURAL-A4-C1-LONG-3P5S-P01-L1-LOW-CAL-OFFICIAL-R2:32_PER_CLASS-MR00,P02-A4-BNCI2014_001-NEURAL-A4-C0-CORE-P01-L1-LOW-CAL-OFFICIAL-R2:32_PER_CLASS-MR00,0.4756944444444444,0.5034722222222222,0.0277777777777777,0.4613488573728866,0.341003280262421,-0.1203455771104656
STAGE18S_SUPPLEMENT,BNCI2014_001,P01-L1-LOW-CAL-OFFICIAL-R2:4_PER_CLASS,4,0,NEURAL,A4-C1-LONG-3P5S,C1,DNN-EEGNET,P02-A4S-R1-BNCI2014_001-NEURAL-A4-C1-LONG-3P5S-P01-L1-LOW-CAL-OFFICIAL-R2:4_PER_CLASS-MR00,P02-A4-BNCI2014_001-NEURAL-A4-C0-CORE-P01-L1-LOW-CAL-OFFICIAL-R2:4_PER_CLASS-MR00,0.5833333333333333,0.5104166666666666,-0.0729166666666666,0.5742793791574279,0.4213323833273958,-0.152946995830032
STAGE18S_SUPPLEMENT,BNCI2014_001,P01-L1-LOW-CAL-OFFICIAL-R2:64_PER_CLASS,64,0,NEURAL,A4-C1-LONG-3P5S,C1,DNN-EEGNET,P02-A4S-R1-BNCI2014_001-NEURAL-A4-C1-LONG-3P5S-P01-L1-LOW-CAL-OFFICIAL-R2:64_PER_CLASS-MR00,P02-A4-BNCI2014_001-NEURAL-A4-C0-CORE-P01-L1-LOW-CAL-OFFICIAL-R2:64_PER_CLASS-MR00,0.5173611111111112,0.5451388888888888,0.0277777777777776,0.5117036458778039,0.4784267643602682,-0.0332768815175357
STAGE18S_SUPPLEMENT,BNCI2014_001,P01-L1-LOW-CAL-OFFICIAL-R2:64_PER_CLASS,64,1,NEURAL,A4-C1-LONG-3P5S,C1,DNN-EEGNET,P02-A4S-R1-BNCI2014_001-NEURAL-A4-C1-LONG-3P5S-P01-L1-LOW-CAL-OFFICIAL-R2:64_PER_CLASS-MR01,P02-A4-BNCI2014_001-NEURAL-A4-C0-CORE-P01-L1-LOW-CAL-OFFICIAL-R2:64_PER_CLASS-MR01,0.5381944444444444,0.5347222222222222,-0.0034722222222222,0.5179643356027334,0.4891724466564303,-0.028791888946303
STAGE18S_SUPPLEMENT,BNCI2014_001,P01-L1-LOW-CAL-OFFICIAL-R2:64_PER_CLASS,64,2,NEURAL,A4-C1-LONG-3P5S,C1,DNN-EEGNET,P02-A4S-R1-BNCI2014_001-NEURAL-A4-C1-LONG-3P5S-P01-L1-LOW-CAL-OFFICIAL-R2:64_PER_CLASS-MR02,P02-A4-BNCI2014_001-NEURAL-A4-C0-CORE-P01-L1-LOW-CAL-OFFICIAL-R2:64_PER_CLASS-MR02,0.5486111111111112,0.5347222222222222,-0.0138888888888889,0.5472136222910217,0.5037037037037038,-0.0435099185873179
STAGE18S_SUPPLEMENT,BNCI2014_001,P01-L1-LOW-CAL-OFFICIAL-R2:8_PER_CLASS,8,1,NEURAL,A4-C1-LONG-3P5S,C1,DNN-EEGNET,P02-A4S-R1-BNCI2014_001-NEURAL-A4-C1-LONG-3P5S-P01-L1-LOW-CAL-OFFICIAL-R2:8_PER_CLASS-MR01,P02-A4-BNCI2014_001-NEURAL-A4-C0-CORE-P01-L1-LOW-CAL-OFFICIAL-R2:8_PER_CLASS-MR01,0.5416666666666667,0.4930555555555555,-0.0486111111111112,0.5236567762630313,0.3582417582417582,-0.165415018021273
STAGE18S_SUPPLEMENT,BNCI2014_001,P01-L1-LOW-CAL-OFFICIAL-R2:8_PER_CLASS,8,2,NEURAL,A4-C1-LONG-3P5S,C1,DNN-EEGNET,P02-A4S-R1-BNCI2014_001-NEURAL-A4-C1-LONG-3P5S-P01-L1-LOW-CAL-OFFICIAL-R2:8_PER_CLASS-MR02,P02-A4-BNCI2014_001-NEURAL-A4-C0-CORE-P01-L1-LOW-CAL-OFFICIAL-R2:8_PER_CLASS-MR02,0.5486111111111112,0.4548611111111111,-0.09375,0.5397324940991346,0.4256024593808356,-0.1141300347182989
STAGE18S_SUPPLEMENT,BNCI2014_001,FULL_TRAIN,FULL,1,NEURAL,A4-C2-MULTI-HARD-VOTE,C2,DNN-EEGNET,P02-A4S-R1-BNCI2014_001-NEURAL-A4-C2-MULTI-HARD-VOTE-FULL_TRAIN-MR01,P02-A4-BNCI2014_001-NEURAL-A4-C0-CORE-FULL_TRAIN-MR01,0.5972222222222222,0.5972222222222222,0.0,0.5687509681416844,0.5884700665188469,0.0197190983771625
STAGE18S_SUPPLEMENT,BNCI2014_001,FULL_TRAIN,FULL,2,NEURAL,A4-C2-MULTI-HARD-VOTE,C2,DNN-EEGNET,P02-A4S-R1-BNCI2014_001-NEURAL-A4-C2-MULTI-HARD-VOTE-FULL_TRAIN-MR02,P02-A4-BNCI2014_001-NEURAL-A4-C0-CORE-FULL_TRAIN-MR02,0.6041666666666666,0.5833333333333334,-0.0208333333333332,0.5985719176407297,0.5759509202453987,-0.0226209973953309
STAGE18S_SUPPLEMENT,BNCI2014_001,P01-L1-LOW-CAL-OFFICIAL-R2:128_PER_CLASS,128,0,NEURAL,A4-C2-MULTI-HARD-VOTE,C2,DNN-EEGNET,P02-A4S-R1-BNCI2014_001-NEURAL-A4-C2-MULTI-HARD-VOTE-P01-L1-LOW-CAL-OFFICIAL-R2:128_PER_CLASS-MR00,P02-A4-BNCI2014_001-NEURAL-A4-C0-CORE-P01-L1-LOW-CAL-OFFICIAL-R2:128_PER_CLASS-MR00,0.625,0.59375,-0.03125,0.6183558282208589,0.5935098618734544,-0.0248459663474044
STAGE18S_SUPPLEMENT,BNCI2014_001,P01-L1-LOW-CAL-OFFICIAL-R2:128_PER_CLASS,128,1,NEURAL,A4-C2-MULTI-HARD-VOTE,C2,DNN-EEGNET,P02-A4S-R1-BNCI2014_001-NEURAL-A4-C2-MULTI-HARD-VOTE-P01-L1-LOW-CAL-OFFICIAL-R2:128_PER_CLASS-MR01,P02-A4-BNCI2014_001-NEURAL-A4-C0-CORE-P01-L1-LOW-CAL-OFFICIAL-R2:128_PER_CLASS-MR01,0.6006944444444444,0.6388888888888888,0.0381944444444444,0.5960138077406292,0.6382608695652174,0.0422470618245882
STAGE18S_SUPPLEMENT,BNCI2014_001,P01-L1-LOW-CAL-OFFICIAL-R2:128_PER_CLASS,128,2,NEURAL,A4-C2-MULTI-HARD-VOTE,C2,DNN-EEGNET,P02-A4S-R1-BNCI2014_001-NEURAL-A4-C2-MULTI-HARD-VOTE-P01-L1-LOW-CAL-OFFICIAL-R2:128_PER_CLASS-MR02,P02-A4-BNCI2014_001-NEURAL-A4-C0-CORE-P01-L1-LOW-CAL-OFFICIAL-R2:128_PER_CLASS-MR02,0.5590277777777778,0.5694444444444444,0.0104166666666666,0.5337964438212989,0.5693613737217827,0.0355649299004838
STAGE18S_SUPPLEMENT,BNCI2014_001,P01-L1-LOW-CAL-OFFICIAL-R2:16_PER_CLASS,16,0,NEURAL,A4-C2-MULTI-HARD-VOTE,C2,DNN-EEGNET,P02-A4S-R1-BNCI2014_001-NEURAL-A4-C2-MULTI-HARD-VOTE-P01-L1-LOW-CAL-OFFICIAL-R2:16_PER_CLASS-MR00,P02-A4-BNCI2014_001-NEURAL-A4-C0-CORE-P01-L1-LOW-CAL-OFFICIAL-R2:16_PER_CLASS-MR00,0.5416666666666667,0.5138888888888888,-0.0277777777777779,0.4759305210918114,0.5115332428765265,0.035602721784715
STAGE18S_SUPPLEMENT,BNCI2014_001,P01-L1-LOW-CAL-OFFICIAL-R2:1_PER_CLASS,1,1,NEURAL,A4-C2-MULTI-HARD-VOTE,C2,DNN-EEGNET,P02-A4S-R1-BNCI2014_001-NEURAL-A4-C2-MULTI-HARD-VOTE-P01-L1-LOW-CAL-OFFICIAL-R2:1_PER_CLASS-MR01,P02-A4-BNCI2014_001-NEURAL-A4-C0-CORE-P01-L1-LOW-CAL-OFFICIAL-R2:1_PER_CLASS-MR01,0.5486111111111112,0.4965277777777778,-0.0520833333333333,0.5484151107251412,0.4598998952392038,-0.0885152154859373
STAGE18S_SUPPLEMENT,BNCI2014_001,P01-L1-LOW-CAL-OFFICIAL-R2:1_PER_CLASS,1,2,NEURAL,A4-C2-MULTI-HARD-VOTE,C2,DNN-EEGNET,P02-A4S-R1-BNCI2014_001-NEURAL-A4-C2-MULTI-HARD-VOTE-P01-L1-LOW-CAL-OFFICIAL-R2:1_PER_CLASS-MR02,P02-A4-BNCI2014_001-NEURAL-A4-C0-CORE-P01-L1-LOW-CAL-OFFICIAL-R2:1_PER_CLASS-MR02,0.5,0.5069444444444444,0.0069444444444444,0.3906553041434029,0.3758241758241758,-0.014831128319227
STAGE18S_SUPPLEMENT,BNCI2014_001,P01-L1-LOW-CAL-OFFICIAL-R2:256_PER_CLASS,256,0,NEURAL,A4-C2-MULTI-HARD-VOTE,C2,DNN-EEGNET,P02-A4S-R1-BNCI2014_001-NEURAL-A4-C2-MULTI-HARD-VOTE-P01-L1-LOW-CAL-OFFICIAL-R2:256_PER_CLASS-MR00,P02-A4-BNCI2014_001-NEURAL-A4-C0-CORE-P01-L1-LOW-CAL-OFFICIAL-R2:256_PER_CLASS-MR00,0.5902777777777778,0.5902777777777778,0.0,0.5886710239651416,0.5660878447395301,-0.0225831792256114
STAGE18S_SUPPLEMENT,BNCI2014_001,P01-L1-LOW-CAL-OFFICIAL-R2:256_PER_CLASS,256,1,NEURAL,A4-C2-MULTI-HARD-VOTE,C2,DNN-EEGNET,P02-A4S-R1-BNCI2014_001-NEURAL-A4-C2-MULTI-HARD-VOTE-P01-L1-LOW-CAL-OFFICIAL-R2:256_PER_CLASS-MR01,P02-A4-BNCI2014_001-NEURAL-A4-C0-CORE-P01-L1-LOW-CAL-OFFICIAL-R2:256_PER_CLASS-MR01,0.6006944444444444,0.6875,0.0868055555555555,0.5992982880648479,0.6873643074250977,0.0880660193602498
STAGE18S_SUPPLEMENT,BNCI2014_001,P01-L1-LOW-CAL-OFFICIAL-R2:256_PER_CLASS,256,2,NEURAL,A4-C2-MULTI-HARD-VOTE,C2,DNN-EEGNET,P02-A4S-R1-BNCI2014_001-NEURAL-A4-C2-MULTI-HARD-VOTE-P01-L1-LOW-CAL-OFFICIAL-R2:256_PER_CLASS-MR02,P02-A4-BNCI2014_001-NEURAL-A4-C0-CORE-P01-L1-LOW-CAL-OFFICIAL-R2:256_PER_CLASS-MR02,0.5416666666666666,0.6284722222222222,0.0868055555555555,0.4967967384973791,0.6044311515602736,0.1076344130628944
STAGE18S_SUPPLEMENT,BNCI2014_001,P01-L1-LOW-CAL-OFFICIAL-R2:32_PER_CLASS,32,0,NEURAL,A4-C2-MULTI-HARD-VOTE,C2,DNN-EEGNET,P02-A4S-R1-BNCI2014_001-NEURAL-A4-C2-MULTI-HARD-VOTE-P01-L1-LOW-CAL-OFFICIAL-R2:32_PER_CLASS-MR00,P02-A4-BNCI2014_001-NEURAL-A4-C0-CORE-P01-L1-LOW-CAL-OFFICIAL-R2:32_PER_CLASS-MR00,0.4756944444444444,0.5277777777777778,0.0520833333333333,0.4613488573728866,0.4115384615384616,-0.049810395834425
STAGE18S_SUPPLEMENT,BNCI2014_001,P01-L1-LOW-CAL-OFFICIAL-R2:4_PER_CLASS,4,0,NEURAL,A4-C2-MULTI-HARD-VOTE,C2,DNN-EEGNET,P02-A4S-R1-BNCI2014_001-NEURAL-A4-C2-MULTI-HARD-VOTE-P01-L1-LOW-CAL-OFFICIAL-R2:4_PER_CLASS-MR00,P02-A4-BNCI2014_001-NEURAL-A4-C0-CORE-P01-L1-LOW-CAL-OFFICIAL-R2:4_PER_CLASS-MR00,0.5833333333333333,0.4965277777777778,-0.0868055555555554,0.5742793791574279,0.3378050520907664,-0.2364743270666615
STAGE18S_SUPPLEMENT,BNCI2014_001,P01-L1-LOW-CAL-OFFICIAL-R2:64_PER_CLASS,64,0,NEURAL,A4-C2-MULTI-HARD-VOTE,C2,DNN-EEGNET,P02-A4S-R1-BNCI2014_001-NEURAL-A4-C2-MULTI-HARD-VOTE-P01-L1-LOW-CAL-OFFICIAL-R2:64_PER_CLASS-MR00,P02-A4-BNCI2014_001-NEURAL-A4-C0-CORE-P01-L1-LOW-CAL-OFFICIAL-R2:64_PER_CLASS-MR00,0.5173611111111112,0.5590277777777778,0.0416666666666666,0.5117036458778039,0.5551176792556103,0.0434140333778063
STAGE18S_SUPPLEMENT,BNCI2014_001,P01-L1-LOW-CAL-OFFICIAL-R2:64_PER_CLASS,64,1,NEURAL,A4-C2-MULTI-HARD-VOTE,C2,DNN-EEGNET,P02-A4S-R1-BNCI2014_001-NEURAL-A4-C2-MULTI-HARD-VOTE-P01-L1-LOW-CAL-OFFICIAL-R2:64_PER_CLASS-MR01,P02-A4-BNCI2014_001-NEURAL-A4-C0-CORE-P01-L1-LOW-CAL-OFFICIAL-R2:64_PER_CLASS-MR01,0.5381944444444444,0.5555555555555556,0.0173611111111111,0.5179643356027334,0.5163474153765416,-0.0016169202261917
STAGE18S_SUPPLEMENT,BNCI2014_001,P01-L1-LOW-CAL-OFFICIAL-R2:64_PER_CLASS,64,2,NEURAL,A4-C2-MULTI-HARD-VOTE,C2,DNN-EEGNET,P02-A4S-R1-BNCI2014_001-NEURAL-A4-C2-MULTI-HARD-VOTE-P01-L1-LOW-CAL-OFFICIAL-R2:64_PER_CLASS-MR02,P02-A4-BNCI2014_001-NEURAL-A4-C0-CORE-P01-L1-LOW-CAL-OFFICIAL-R2:64_PER_CLASS-MR02,0.5486111111111112,0.5069444444444444,-0.0416666666666667,0.5472136222910217,0.4586752792926352,-0.0885383429983864
STAGE18S_SUPPLEMENT,BNCI2014_001,P01-L1-LOW-CAL-OFFICIAL-R2:8_PER_CLASS,8,1,NEURAL,A4-C2-MULTI-HARD-VOTE,C2,DNN-EEGNET,P02-A4S-R1-BNCI2014_001-NEURAL-A4-C2-MULTI-HARD-VOTE-P01-L1-LOW-CAL-OFFICIAL-R2:8_PER_CLASS-MR01,P02-A4-BNCI2014_001-NEURAL-A4-C0-CORE-P01-L1-LOW-CAL-OFFICIAL-R2:8_PER_CLASS-MR01,0.5416666666666667,0.5243055555555556,-0.0173611111111111,0.5236567762630313,0.5242539338035811,0.0005971575405497
STAGE18S_SUPPLEMENT,BNCI2014_001,P01-L1-LOW-CAL-OFFICIAL-R2:8_PER_CLASS,8,2,NEURAL,A4-C2-MULTI-HARD-VOTE,C2,DNN-EEGNET,P02-A4S-R1-BNCI2014_001-NEURAL-A4-C2-MULTI-HARD-VOTE-P01-L1-LOW-CAL-OFFICIAL-R2:8_PER_CLASS-MR02,P02-A4-BNCI2014_001-NEURAL-A4-C0-CORE-P01-L1-LOW-CAL-OFFICIAL-R2:8_PER_CLASS-MR02,0.5486111111111112,0.4930555555555555,-0.0555555555555556,0.5397324940991346,0.4296875,-0.1100449940991346
STAGE18S_SUPPLEMENT,BNCI2014_001,FULL_TRAIN,FULL,1,NEURAL,A4-C3-MULTI-PROB-AVG,C3,DNN-EEGNET,P02-A4S-R1-BNCI2014_001-NEURAL-A4-C3-MULTI-PROB-AVG-FULL_TRAIN-MR01,P02-A4-BNCI2014_001-NEURAL-A4-C0-CORE-FULL_TRAIN-MR01,0.5972222222222222,0.5902777777777778,-0.0069444444444444,0.5687509681416844,0.5795516405206116,0.0108006723789272
STAGE18S_SUPPLEMENT,BNCI2014_001,FULL_TRAIN,FULL,2,NEURAL,A4-C3-MULTI-PROB-AVG,C3,DNN-EEGNET,P02-A4S-R1-BNCI2014_001-NEURAL-A4-C3-MULTI-PROB-AVG-FULL_TRAIN-MR02,P02-A4-BNCI2014_001-NEURAL-A4-C0-CORE-FULL_TRAIN-MR02,0.6041666666666666,0.6145833333333334,0.0104166666666667,0.5985719176407297,0.6081152313821636,0.0095433137414339
STAGE18S_SUPPLEMENT,BNCI2014_001,P01-L1-LOW-CAL-OFFICIAL-R2:128_PER_CLASS,128,0,NEURAL,A4-C3-MULTI-PROB-AVG,C3,DNN-EEGNET,P02-A4S-R1-BNCI2014_001-NEURAL-A4-C3-MULTI-PROB-AVG-P01-L1-LOW-CAL-OFFICIAL-R2:128_PER_CLASS-MR00,P02-A4-BNCI2014_001-NEURAL-A4-C0-CORE-P01-L1-LOW-CAL-OFFICIAL-R2:128_PER_CLASS-MR00,0.625,0.5625,-0.0625,0.6183558282208589,0.5623100303951367,-0.0560457978257221
STAGE18S_SUPPLEMENT,BNCI2014_001,P01-L1-LOW-CAL-OFFICIAL-R2:128_PER_CLASS,128,1,NEURAL,A4-C3-MULTI-PROB-AVG,C3,DNN-EEGNET,P02-A4S-R1-BNCI2014_001-NEURAL-A4-C3-MULTI-PROB-AVG-P01-L1-LOW-CAL-OFFICIAL-R2:128_PER_CLASS-MR01,P02-A4-BNCI2014_001-NEURAL-A4-C0-CORE-P01-L1-LOW-CAL-OFFICIAL-R2:128_PER_CLASS-MR01,0.6006944444444444,0.6180555555555556,0.0173611111111111,0.5960138077406292,0.6175945149920332,0.021580707251404
STAGE18S_SUPPLEMENT,BNCI2014_001,P01-L1-LOW-CAL-OFFICIAL-R2:128_PER_CLASS,128,2,NEURAL,A4-C3-MULTI-PROB-AVG,C3,DNN-EEGNET,P02-A4S-R1-BNCI2014_001-NEURAL-A4-C3-MULTI-PROB-AVG-P01-L1-LOW-CAL-OFFICIAL-R2:128_PER_CLASS-MR02,P02-A4-BNCI2014_001-NEURAL-A4-C0-CORE-P01-L1-LOW-CAL-OFFICIAL-R2:128_PER_CLASS-MR02,0.5590277777777778,0.6006944444444444,0.0416666666666666,0.5337964438212989,0.5989489362217405,0.0651524924004416
STAGE18S_SUPPLEMENT,BNCI2014_001,P01-L1-LOW-CAL-OFFICIAL-R2:16_PER_CLASS,16,0,NEURAL,A4-C3-MULTI-PROB-AVG,C3,DNN-EEGNET,P02-A4S-R1-BNCI2014_001-NEURAL-A4-C3-MULTI-PROB-AVG-P01-L1-LOW-CAL-OFFICIAL-R2:16_PER_CLASS-MR00,P02-A4-BNCI2014_001-NEURAL-A4-C0-CORE-P01-L1-LOW-CAL-OFFICIAL-R2:16_PER_CLASS-MR00,0.5416666666666667,0.5069444444444444,-0.0347222222222223,0.4759305210918114,0.5040504487024011,0.0281199276105896
STAGE18S_SUPPLEMENT,BNCI2014_001,P01-L1-LOW-CAL-OFFICIAL-R2:1_PER_CLASS,1,1,NEURAL,A4-C3-MULTI-PROB-AVG,C3,DNN-EEGNET,P02-A4S-R1-BNCI2014_001-NEURAL-A4-C3-MULTI-PROB-AVG-P01-L1-LOW-CAL-OFFICIAL-R2:1_PER_CLASS-MR01,P02-A4-BNCI2014_001-NEURAL-A4-C0-CORE-P01-L1-LOW-CAL-OFFICIAL-R2:1_PER_CLASS-MR01,0.5486111111111112,0.4965277777777778,-0.0520833333333333,0.5484151107251412,0.4827522140335666,-0.0656628966915745
STAGE18S_SUPPLEMENT,BNCI2014_001,P01-L1-LOW-CAL-OFFICIAL-R2:1_PER_CLASS,1,2,NEURAL,A4-C3-MULTI-PROB-AVG,C3,DNN-EEGNET,P02-A4S-R1-BNCI2014_001-NEURAL-A4-C3-MULTI-PROB-AVG-P01-L1-LOW-CAL-OFFICIAL-R2:1_PER_CLASS-MR02,P02-A4-BNCI2014_001-NEURAL-A4-C0-CORE-P01-L1-LOW-CAL-OFFICIAL-R2:1_PER_CLASS-MR02,0.5,0.4965277777777778,-0.0034722222222222,0.3906553041434029,0.4123524196839424,0.0216971155405395
STAGE18S_SUPPLEMENT,BNCI2014_001,P01-L1-LOW-CAL-OFFICIAL-R2:256_PER_CLASS,256,0,NEURAL,A4-C3-MULTI-PROB-AVG,C3,DNN-EEGNET,P02-A4S-R1-BNCI2014_001-NEURAL-A4-C3-MULTI-PROB-AVG-P01-L1-LOW-CAL-OFFICIAL-R2:256_PER_CLASS-MR00,P02-A4-BNCI2014_001-NEURAL-A4-C0-CORE-P01-L1-LOW-CAL-OFFICIAL-R2:256_PER_CLASS-MR00,0.5902777777777778,0.6041666666666667,0.0138888888888889,0.5886710239651416,0.5745386688782915,-0.01413235508685
STAGE18S_SUPPLEMENT,BNCI2014_001,P01-L1-LOW-CAL-OFFICIAL-R2:256_PER_CLASS,256,1,NEURAL,A4-C3-MULTI-PROB-AVG,C3,DNN-EEGNET,P02-A4S-R1-BNCI2014_001-NEURAL-A4-C3-MULTI-PROB-AVG-P01-L1-LOW-CAL-OFFICIAL-R2:256_PER_CLASS-MR01,P02-A4-BNCI2014_001-NEURAL-A4-C0-CORE-P01-L1-LOW-CAL-OFFICIAL-R2:256_PER_CLASS-MR01,0.6006944444444444,0.7083333333333333,0.1076388888888888,0.5992982880648479,0.7078260869565217,0.1085277988916738
STAGE18S_SUPPLEMENT,BNCI2014_001,P01-L1-LOW-CAL-OFFICIAL-R2:256_PER_CLASS,256,2,NEURAL,A4-C3-MULTI-PROB-AVG,C3,DNN-EEGNET,P02-A4S-R1-BNCI2014_001-NEURAL-A4-C3-MULTI-PROB-AVG-P01-L1-LOW-CAL-OFFICIAL-R2:256_PER_CLASS-MR02,P02-A4-BNCI2014_001-NEURAL-A4-C0-CORE-P01-L1-LOW-CAL-OFFICIAL-R2:256_PER_CLASS-MR02,0.5416666666666666,0.6180555555555556,0.0763888888888889,0.4967967384973791,0.5894671366369479,0.0926703981395687
STAGE18S_SUPPLEMENT,BNCI2014_001,P01-L1-LOW-CAL-OFFICIAL-R2:32_PER_CLASS,32,0,NEURAL,A4-C3-MULTI-PROB-AVG,C3,DNN-EEGNET,P02-A4S-R1-BNCI2014_001-NEURAL-A4-C3-MULTI-PROB-AVG-P01-L1-LOW-CAL-OFFICIAL-R2:32_PER_CLASS-MR00,P02-A4-BNCI2014_001-NEURAL-A4-C0-CORE-P01-L1-LOW-CAL-OFFICIAL-R2:32_PER_CLASS-MR00,0.4756944444444444,0.5277777777777778,0.0520833333333333,0.4613488573728866,0.4159957058507783,-0.0453531515221083
STAGE18S_SUPPLEMENT,BNCI2014_001,P01-L1-LOW-CAL-OFFICIAL-R2:4_PER_CLASS,4,0,NEURAL,A4-C3-MULTI-PROB-AVG,C3,DNN-EEGNET,P02-A4S-R1-BNCI2014_001-NEURAL-A4-C3-MULTI-PROB-AVG-P01-L1-LOW-CAL-OFFICIAL-R2:4_PER_CLASS-MR00,P02-A4-BNCI2014_001-NEURAL-A4-C0-CORE-P01-L1-LOW-CAL-OFFICIAL-R2:4_PER_CLASS-MR00,0.5833333333333333,0.5243055555555556,-0.0590277777777776,0.5742793791574279,0.522642308390297,-0.0516370707671308
STAGE18S_SUPPLEMENT,BNCI2014_001,P01-L1-LOW-CAL-OFFICIAL-R2:64_PER_CLASS,64,0,NEURAL,A4-C3-MULTI-PROB-AVG,C3,DNN-EEGNET,P02-A4S-R1-BNCI2014_001-NEURAL-A4-C3-MULTI-PROB-AVG-P01-L1-LOW-CAL-OFFICIAL-R2:64_PER_CLASS-MR00,P02-A4-BNCI2014_001-NEURAL-A4-C0-CORE-P01-L1-LOW-CAL-OFFICIAL-R2:64_PER_CLASS-MR00,0.5173611111111112,0.6006944444444444,0.0833333333333332,0.5117036458778039,0.5989489362217405,0.0872452903439365
STAGE18S_SUPPLEMENT,BNCI2014_001,P01-L1-LOW-CAL-OFFICIAL-R2:64_PER_CLASS,64,1,NEURAL,A4-C3-MULTI-PROB-AVG,C3,DNN-EEGNET,P02-A4S-R1-BNCI2014_001-NEURAL-A4-C3-MULTI-PROB-AVG-P01-L1-LOW-CAL-OFFICIAL-R2:64_PER_CLASS-MR01,P02-A4-BNCI2014_001-NEURAL-A4-C0-CORE-P01-L1-LOW-CAL-OFFICIAL-R2:64_PER_CLASS-MR01,0.5381944444444444,0.5416666666666667,0.0034722222222223,0.5179643356027334,0.487018945323042,-0.0309453902796913
STAGE18S_SUPPLEMENT,BNCI2014_001,P01-L1-LOW-CAL-OFFICIAL-R2:64_PER_CLASS,64,2,NEURAL,A4-C3-MULTI-PROB-AVG,C3,DNN-EEGNET,P02-A4S-R1-BNCI2014_001-NEURAL-A4-C3-MULTI-PROB-AVG-P01-L1-LOW-CAL-OFFICIAL-R2:64_PER_CLASS-MR02,P02-A4-BNCI2014_001-NEURAL-A4-C0-CORE-P01-L1-LOW-CAL-OFFICIAL-R2:64_PER_CLASS-MR02,0.5486111111111112,0.5381944444444444,-0.0104166666666667,0.5472136222910217,0.5295678125345418,-0.0176458097564798
STAGE18S_SUPPLEMENT,BNCI2014_001,P01-L1-LOW-CAL-OFFICIAL-R2:8_PER_CLASS,8,1,NEURAL,A4-C3-MULTI-PROB-AVG,C3,DNN-EEGNET,P02-A4S-R1-BNCI2014_001-NEURAL-A4-C3-MULTI-PROB-AVG-P01-L1-LOW-CAL-OFFICIAL-R2:8_PER_CLASS-MR01,P02-A4-BNCI2014_001-NEURAL-A4-C0-CORE-P01-L1-LOW-CAL-OFFICIAL-R2:8_PER_CLASS-MR01,0.5416666666666667,0.5277777777777778,-0.0138888888888889,0.5236567762630313,0.4815481548154815,-0.0421086214475497
STAGE18S_SUPPLEMENT,BNCI2014_001,P01-L1-LOW-CAL-OFFICIAL-R2:8_PER_CLASS,8,2,NEURAL,A4-C3-MULTI-PROB-AVG,C3,DNN-EEGNET,P02-A4S-R1-BNCI2014_001-NEURAL-A4-C3-MULTI-PROB-AVG-P01-L1-LOW-CAL-OFFICIAL-R2:8_PER_CLASS-MR02,P02-A4-BNCI2014_001-NEURAL-A4-C0-CORE-P01-L1-LOW-CAL-OFFICIAL-R2:8_PER_CLASS-MR02,0.5486111111111112,0.4930555555555555,-0.0555555555555556,0.5397324940991346,0.3419718309859155,-0.1977606631132191
STAGE18S_SUPPLEMENT,BNCI2014_001,FULL_TRAIN,FULL,1,SSL,A4-C2-MULTI-HARD-VOTE,C2,SSL-CBRAMOD,P02-A4S-R1-BNCI2014_001-SSL-A4-C2-MULTI-HARD-VOTE-FULL_TRAIN-MR01,P02-A4-BNCI2014_001-SSL-A4-C0-CORE-FULL_TRAIN-MR01,0.5451388888888888,0.5798611111111112,0.0347222222222223,0.5252129922102111,0.5475167175225606,0.0223037253123494
STAGE18S_SUPPLEMENT,BNCI2014_001,FULL_TRAIN,FULL,2,SSL,A4-C2-MULTI-HARD-VOTE,C2,SSL-CBRAMOD,P02-A4S-R1-BNCI2014_001-SSL-A4-C2-MULTI-HARD-VOTE-FULL_TRAIN-MR02,P02-A4-BNCI2014_001-SSL-A4-C0-CORE-FULL_TRAIN-MR02,0.5416666666666667,0.5798611111111112,0.0381944444444444,0.5359375,0.5639585079893392,0.0280210079893392
STAGE18S_SUPPLEMENT,BNCI2014_001,P01-L1-LOW-CAL-OFFICIAL-R2:128_PER_CLASS,128,0,SSL,A4-C2-MULTI-HARD-VOTE,C2,SSL-CBRAMOD,P02-A4S-R1-BNCI2014_001-SSL-A4-C2-MULTI-HARD-VOTE-P01-L1-LOW-CAL-OFFICIAL-R2:128_PER_CLASS-MR00,P02-A4-BNCI2014_001-SSL-A4-C0-CORE-P01-L1-LOW-CAL-OFFICIAL-R2:128_PER_CLASS-MR00,0.5,0.5208333333333334,0.0208333333333333,0.4975770498158557,0.5093817894528936,0.0118047396370378
STAGE18S_SUPPLEMENT,BNCI2014_001,P01-L1-LOW-CAL-OFFICIAL-R2:128_PER_CLASS,128,1,SSL,A4-C2-MULTI-HARD-VOTE,C2,SSL-CBRAMOD,P02-A4S-R1-BNCI2014_001-SSL-A4-C2-MULTI-HARD-VOTE-P01-L1-LOW-CAL-OFFICIAL-R2:128_PER_CLASS-MR01,P02-A4-BNCI2014_001-SSL-A4-C0-CORE-P01-L1-LOW-CAL-OFFICIAL-R2:128_PER_CLASS-MR01,0.5486111111111112,0.5347222222222222,-0.0138888888888889,0.5464237255282032,0.5308990129819614,-0.0155247125462417
STAGE18S_SUPPLEMENT,BNCI2014_001,P01-L1-LOW-CAL-OFFICIAL-R2:128_PER_CLASS,128,2,SSL,A4-C2-MULTI-HARD-VOTE,C2,SSL-CBRAMOD,P02-A4S-R1-BNCI2014_001-SSL-A4-C2-MULTI-HARD-VOTE-P01-L1-LOW-CAL-OFFICIAL-R2:128_PER_CLASS-MR02,P02-A4-BNCI2014_001-SSL-A4-C0-CORE-P01-L1-LOW-CAL-OFFICIAL-R2:128_PER_CLASS-MR02,0.5173611111111112,0.5173611111111112,0.0,0.5173087357569182,0.5173552921886114,4.655643169326762e-05
STAGE18S_SUPPLEMENT,BNCI2014_001,P01-L1-LOW-CAL-OFFICIAL-R2:16_PER_CLASS,16,0,SSL,A4-C2-MULTI-HARD-VOTE,C2,SSL-CBRAMOD,P02-A4S-R1-BNCI2014_001-SSL-A4-C2-MULTI-HARD-VOTE-P01-L1-LOW-CAL-OFFICIAL-R2:16_PER_CLASS-MR00,P02-A4-BNCI2014_001-SSL-A4-C0-CORE-P01-L1-LOW-CAL-OFFICIAL-R2:16_PER_CLASS-MR00,0.5381944444444444,0.5277777777777778,-0.0104166666666666,0.5327811863435102,0.5092221331194867,-0.0235590532240235
STAGE18S_SUPPLEMENT,BNCI2014_001,P01-L1-LOW-CAL-OFFICIAL-R2:1_PER_CLASS,1,1,SSL,A4-C2-MULTI-HARD-VOTE,C2,SSL-CBRAMOD,P02-A4S-R1-BNCI2014_001-SSL-A4-C2-MULTI-HARD-VOTE-P01-L1-LOW-CAL-OFFICIAL-R2:1_PER_CLASS-MR01,P02-A4-BNCI2014_001-SSL-A4-C0-CORE-P01-L1-LOW-CAL-OFFICIAL-R2:1_PER_CLASS-MR01,0.5104166666666666,0.5138888888888888,0.0034722222222222,0.4806032001841832,0.453125,-0.0274782001841832
STAGE18S_SUPPLEMENT,BNCI2014_001,P01-L1-LOW-CAL-OFFICIAL-R2:1_PER_CLASS,1,2,SSL,A4-C2-MULTI-HARD-VOTE,C2,SSL-CBRAMOD,P02-A4S-R1-BNCI2014_001-SSL-A4-C2-MULTI-HARD-VOTE-P01-L1-LOW-CAL-OFFICIAL-R2:1_PER_CLASS-MR02,P02-A4-BNCI2014_001-SSL-A4-C0-CORE-P01-L1-LOW-CAL-OFFICIAL-R2:1_PER_CLASS-MR02,0.4756944444444444,0.4861111111111111,0.0104166666666666,0.3720597790773229,0.4830948338588406,0.1110350547815177
STAGE18S_SUPPLEMENT,BNCI2014_001,P01-L1-LOW-CAL-OFFICIAL-R2:256_PER_CLASS,256,0,SSL,A4-C2-MULTI-HARD-VOTE,C2,SSL-CBRAMOD,P02-A4S-R1-BNCI2014_001-SSL-A4-C2-MULTI-HARD-VOTE-P01-L1-LOW-CAL-OFFICIAL-R2:256_PER_CLASS-MR00,P02-A4-BNCI2014_001-SSL-A4-C0-CORE-P01-L1-LOW-CAL-OFFICIAL-R2:256_PER_CLASS-MR00,0.4722222222222222,0.5173611111111112,0.0451388888888889,0.4715851479889913,0.5163757173059499,0.0447905693169585
STAGE18S_SUPPLEMENT,BNCI2014_001,P01-L1-LOW-CAL-OFFICIAL-R2:256_PER_CLASS,256,1,SSL,A4-C2-MULTI-HARD-VOTE,C2,SSL-CBRAMOD,P02-A4S-R1-BNCI2014_001-SSL-A4-C2-MULTI-HARD-VOTE-P01-L1-LOW-CAL-OFFICIAL-R2:256_PER_CLASS-MR01,P02-A4-BNCI2014_001-SSL-A4-C0-CORE-P01-L1-LOW-CAL-OFFICIAL-R2:256_PER_CLASS-MR01,0.5243055555555556,0.5381944444444444,0.0138888888888888,0.5206938859801504,0.5375197710780821,0.0168258850979317
STAGE18S_SUPPLEMENT,BNCI2014_001,P01-L1-LOW-CAL-OFFICIAL-R2:256_PER_CLASS,256,2,SSL,A4-C2-MULTI-HARD-VOTE,C2,SSL-CBRAMOD,P02-A4S-R1-BNCI2014_001-SSL-A4-C2-MULTI-HARD-VOTE-P01-L1-LOW-CAL-OFFICIAL-R2:256_PER_CLASS-MR02,P02-A4-BNCI2014_001-SSL-A4-C0-CORE-P01-L1-LOW-CAL-OFFICIAL-R2:256_PER_CLASS-MR02,0.5277777777777778,0.5486111111111112,0.0208333333333333,0.5275727312201477,0.5482625482625483,0.0206898170424005
STAGE18S_SUPPLEMENT,BNCI2014_001,P01-L1-LOW-CAL-OFFICIAL-R2:32_PER_CLASS,32,0,SSL,A4-C2-MULTI-HARD-VOTE,C2,SSL-CBRAMOD,P02-A4S-R1-BNCI2014_001-SSL-A4-C2-MULTI-HARD-VOTE-P01-L1-LOW-CAL-OFFICIAL-R2:32_PER_CLASS-MR00,P02-A4-BNCI2014_001-SSL-A4-C0-CORE-P01-L1-LOW-CAL-OFFICIAL-R2:32_PER_CLASS-MR00,0.53125,0.5243055555555556,-0.0069444444444444,0.531108672318769,0.522642308390297,-0.0084663639284719
STAGE18S_SUPPLEMENT,BNCI2014_001,P01-L1-LOW-CAL-OFFICIAL-R2:4_PER_CLASS,4,0,SSL,A4-C2-MULTI-HARD-VOTE,C2,SSL-CBRAMOD,P02-A4S-R1-BNCI2014_001-SSL-A4-C2-MULTI-HARD-VOTE-P01-L1-LOW-CAL-OFFICIAL-R2:4_PER_CLASS-MR00,P02-A4-BNCI2014_001-SSL-A4-C0-CORE-P01-L1-LOW-CAL-OFFICIAL-R2:4_PER_CLASS-MR00,0.5034722222222222,0.5416666666666667,0.0381944444444445,0.5033225195672886,0.5073605639643375,0.0040380443970489
STAGE18S_SUPPLEMENT,BNCI2014_001,P01-L1-LOW-CAL-OFFICIAL-R2:64_PER_CLASS,64,0,SSL,A4-C2-MULTI-HARD-VOTE,C2,SSL-CBRAMOD,P02-A4S-R1-BNCI2014_001-SSL-A4-C2-MULTI-HARD-VOTE-P01-L1-LOW-CAL-OFFICIAL-R2:64_PER_CLASS-MR00,P02-A4-BNCI2014_001-SSL-A4-C0-CORE-P01-L1-LOW-CAL-OFFICIAL-R2:64_PER_CLASS-MR00,0.5347222222222222,0.4861111111111111,-0.048611111111111,0.5343629343629344,0.4854908019892811,-0.0488721323736532
STAGE18S_SUPPLEMENT,BNCI2014_001,P01-L1-LOW-CAL-OFFICIAL-R2:64_PER_CLASS,64,1,SSL,A4-C2-MULTI-HARD-VOTE,C2,SSL-CBRAMOD,P02-A4S-R1-BNCI2014_001-SSL-A4-C2-MULTI-HARD-VOTE-P01-L1-LOW-CAL-OFFICIAL-R2:64_PER_CLASS-MR01,P02-A4-BNCI2014_001-SSL-A4-C0-CORE-P01-L1-LOW-CAL-OFFICIAL-R2:64_PER_CLASS-MR01,0.5138888888888888,0.4756944444444444,-0.0381944444444444,0.5138888888888888,0.4756375474769397,-0.038251341411949
STAGE18S_SUPPLEMENT,BNCI2014_001,P01-L1-LOW-CAL-OFFICIAL-R2:64_PER_CLASS,64,2,SSL,A4-C2-MULTI-HARD-VOTE,C2,SSL-CBRAMOD,P02-A4S-R1-BNCI2014_001-SSL-A4-C2-MULTI-HARD-VOTE-P01-L1-LOW-CAL-OFFICIAL-R2:64_PER_CLASS-MR02,P02-A4-BNCI2014_001-SSL-A4-C0-CORE-P01-L1-LOW-CAL-OFFICIAL-R2:64_PER_CLASS-MR02,0.5381944444444444,0.5104166666666666,-0.0277777777777777,0.5365797592402153,0.5039032435404068,-0.0326765156998084
STAGE18S_SUPPLEMENT,BNCI2014_001,P01-L1-LOW-CAL-OFFICIAL-R2:8_PER_CLASS,8,1,SSL,A4-C2-MULTI-HARD-VOTE,C2,SSL-CBRAMOD,P02-A4S-R1-BNCI2014_001-SSL-A4-C2-MULTI-HARD-VOTE-P01-L1-LOW-CAL-OFFICIAL-R2:8_PER_CLASS-MR01,P02-A4-BNCI2014_001-SSL-A4-C0-CORE-P01-L1-LOW-CAL-OFFICIAL-R2:8_PER_CLASS-MR01,0.5138888888888888,0.53125,0.0173611111111111,0.5115332428765265,0.516074829169934,0.0045415862934075
STAGE18S_SUPPLEMENT,BNCI2014_001,P01-L1-LOW-CAL-OFFICIAL-R2:8_PER_CLASS,8,2,SSL,A4-C2-MULTI-HARD-VOTE,C2,SSL-CBRAMOD,P02-A4S-R1-BNCI2014_001-SSL-A4-C2-MULTI-HARD-VOTE-P01-L1-LOW-CAL-OFFICIAL-R2:8_PER_CLASS-MR02,P02-A4-BNCI2014_001-SSL-A4-C0-CORE-P01-L1-LOW-CAL-OFFICIAL-R2:8_PER_CLASS-MR02,0.5034722222222222,0.4965277777777778,-0.0069444444444444,0.4910466021577133,0.437916414294367,-0.0531301878633462
STAGE18S_SUPPLEMENT,BNCI2014_001,FULL_TRAIN,FULL,1,SSL,A4-C3-MULTI-PROB-AVG,C3,SSL-CBRAMOD,P02-A4S-R1-BNCI2014_001-SSL-A4-C3-MULTI-PROB-AVG-FULL_TRAIN-MR01,P02-A4-BNCI2014_001-SSL-A4-C0-CORE-FULL_TRAIN-MR01,0.5451388888888888,0.5590277777777778,0.0138888888888889,0.5252129922102111,0.5211499941086367,-0.0040629981015744
STAGE18S_SUPPLEMENT,BNCI2014_001,FULL_TRAIN,FULL,2,SSL,A4-C3-MULTI-PROB-AVG,C3,SSL-CBRAMOD,P02-A4S-R1-BNCI2014_001-SSL-A4-C3-MULTI-PROB-AVG-FULL_TRAIN-MR02,P02-A4-BNCI2014_001-SSL-A4-C0-CORE-FULL_TRAIN-MR02,0.5416666666666667,0.5902777777777778,0.048611111111111,0.5359375,0.574178027265437,0.038240527265437
STAGE18S_SUPPLEMENT,BNCI2014_001,P01-L1-LOW-CAL-OFFICIAL-R2:128_PER_CLASS,128,0,SSL,A4-C3-MULTI-PROB-AVG,C3,SSL-CBRAMOD,P02-A4S-R1-BNCI2014_001-SSL-A4-C3-MULTI-PROB-AVG-P01-L1-LOW-CAL-OFFICIAL-R2:128_PER_CLASS-MR00,P02-A4-BNCI2014_001-SSL-A4-C0-CORE-P01-L1-LOW-CAL-OFFICIAL-R2:128_PER_CLASS-MR00,0.5,0.5347222222222222,0.0347222222222222,0.4975770498158557,0.5343629343629344,0.0367858845470785
STAGE18S_SUPPLEMENT,BNCI2014_001,P01-L1-LOW-CAL-OFFICIAL-R2:128_PER_CLASS,128,1,SSL,A4-C3-MULTI-PROB-AVG,C3,SSL-CBRAMOD,P02-A4S-R1-BNCI2014_001-SSL-A4-C3-MULTI-PROB-AVG-P01-L1-LOW-CAL-OFFICIAL-R2:128_PER_CLASS-MR01,P02-A4-BNCI2014_001-SSL-A4-C0-CORE-P01-L1-LOW-CAL-OFFICIAL-R2:128_PER_CLASS-MR01,0.5486111111111112,0.5069444444444444,-0.0416666666666667,0.5464237255282032,0.5065637065637065,-0.0398600189644966
STAGE18S_SUPPLEMENT,BNCI2014_001,P01-L1-LOW-CAL-OFFICIAL-R2:128_PER_CLASS,128,2,SSL,A4-C3-MULTI-PROB-AVG,C3,SSL-CBRAMOD,P02-A4S-R1-BNCI2014_001-SSL-A4-C3-MULTI-PROB-AVG-P01-L1-LOW-CAL-OFFICIAL-R2:128_PER_CLASS-MR02,P02-A4-BNCI2014_001-SSL-A4-C0-CORE-P01-L1-LOW-CAL-OFFICIAL-R2:128_PER_CLASS-MR02,0.5173611111111112,0.5277777777777778,0.0104166666666666,0.5173087357569182,0.5277550036170726,0.0104462678601544
STAGE18S_SUPPLEMENT,BNCI2014_001,P01-L1-LOW-CAL-OFFICIAL-R2:16_PER_CLASS,16,0,SSL,A4-C3-MULTI-PROB-AVG,C3,SSL-CBRAMOD,P02-A4S-R1-BNCI2014_001-SSL-A4-C3-MULTI-PROB-AVG-P01-L1-LOW-CAL-OFFICIAL-R2:16_PER_CLASS-MR00,P02-A4-BNCI2014_001-SSL-A4-C0-CORE-P01-L1-LOW-CAL-OFFICIAL-R2:16_PER_CLASS-MR00,0.5381944444444444,0.5416666666666666,0.0034722222222222,0.5327811863435102,0.524966261808367,-0.0078149245351432
STAGE18S_SUPPLEMENT,BNCI2014_001,P01-L1-LOW-CAL-OFFICIAL-R2:1_PER_CLASS,1,1,SSL,A4-C3-MULTI-PROB-AVG,C3,SSL-CBRAMOD,P02-A4S-R1-BNCI2014_001-SSL-A4-C3-MULTI-PROB-AVG-P01-L1-LOW-CAL-OFFICIAL-R2:1_PER_CLASS-MR01,P02-A4-BNCI2014_001-SSL-A4-C0-CORE-P01-L1-LOW-CAL-OFFICIAL-R2:1_PER_CLASS-MR01,0.5104166666666666,0.5520833333333333,0.0416666666666666,0.4806032001841832,0.5387308642588431,0.0581276640746598
STAGE18S_SUPPLEMENT,BNCI2014_001,P01-L1-LOW-CAL-OFFICIAL-R2:1_PER_CLASS,1,2,SSL,A4-C3-MULTI-PROB-AVG,C3,SSL-CBRAMOD,P02-A4S-R1-BNCI2014_001-SSL-A4-C3-MULTI-PROB-AVG-P01-L1-LOW-CAL-OFFICIAL-R2:1_PER_CLASS-MR02,P02-A4-BNCI2014_001-SSL-A4-C0-CORE-P01-L1-LOW-CAL-OFFICIAL-R2:1_PER_CLASS-MR02,0.4756944444444444,0.53125,0.0555555555555555,0.3720597790773229,0.5257553395216081,0.1536955604442851
STAGE18S_SUPPLEMENT,BNCI2014_001,P01-L1-LOW-CAL-OFFICIAL-R2:256_PER_CLASS,256,0,SSL,A4-C3-MULTI-PROB-AVG,C3,SSL-CBRAMOD,P02-A4S-R1-BNCI2014_001-SSL-A4-C3-MULTI-PROB-AVG-P01-L1-LOW-CAL-OFFICIAL-R2:256_PER_CLASS-MR00,P02-A4-BNCI2014_001-SSL-A4-C0-CORE-P01-L1-LOW-CAL-OFFICIAL-R2:256_PER_CLASS-MR00,0.4722222222222222,0.5208333333333333,0.048611111111111,0.4715851479889913,0.5196983612896988,0.0481132133007074
STAGE18S_SUPPLEMENT,BNCI2014_001,P01-L1-LOW-CAL-OFFICIAL-R2:256_PER_CLASS,256,1,SSL,A4-C3-MULTI-PROB-AVG,C3,SSL-CBRAMOD,P02-A4S-R1-BNCI2014_001-SSL-A4-C3-MULTI-PROB-AVG-P01-L1-LOW-CAL-OFFICIAL-R2:256_PER_CLASS-MR01,P02-A4-BNCI2014_001-SSL-A4-C0-CORE-P01-L1-LOW-CAL-OFFICIAL-R2:256_PER_CLASS-MR01,0.5243055555555556,0.5243055555555556,0.0,0.5206938859801504,0.524024368176609,0.0033304821964585
STAGE18S_SUPPLEMENT,BNCI2014_001,P01-L1-LOW-CAL-OFFICIAL-R2:256_PER_CLASS,256,2,SSL,A4-C3-MULTI-PROB-AVG,C3,SSL-CBRAMOD,P02-A4S-R1-BNCI2014_001-SSL-A4-C3-MULTI-PROB-AVG-P01-L1-LOW-CAL-OFFICIAL-R2:256_PER_CLASS-MR02,P02-A4-BNCI2014_001-SSL-A4-C0-CORE-P01-L1-LOW-CAL-OFFICIAL-R2:256_PER_CLASS-MR02,0.5277777777777778,0.5520833333333334,0.0243055555555555,0.5275727312201477,0.5520779330383516,0.0245052018182039
STAGE18S_SUPPLEMENT,BNCI2014_001,P01-L1-LOW-CAL-OFFICIAL-R2:32_PER_CLASS,32,0,SSL,A4-C3-MULTI-PROB-AVG,C3,SSL-CBRAMOD,P02-A4S-R1-BNCI2014_001-SSL-A4-C3-MULTI-PROB-AVG-P01-L1-LOW-CAL-OFFICIAL-R2:32_PER_CLASS-MR00,P02-A4-BNCI2014_001-SSL-A4-C0-CORE-P01-L1-LOW-CAL-OFFICIAL-R2:32_PER_CLASS-MR00,0.53125,0.5347222222222222,0.0034722222222222,0.531108672318769,0.5339130434782609,0.0028043711594918
STAGE18S_SUPPLEMENT,BNCI2014_001,P01-L1-LOW-CAL-OFFICIAL-R2:4_PER_CLASS,4,0,SSL,A4-C3-MULTI-PROB-AVG,C3,SSL-CBRAMOD,P02-A4S-R1-BNCI2014_001-SSL-A4-C3-MULTI-PROB-AVG-P01-L1-LOW-CAL-OFFICIAL-R2:4_PER_CLASS-MR00,P02-A4-BNCI2014_001-SSL-A4-C0-CORE-P01-L1-LOW-CAL-OFFICIAL-R2:4_PER_CLASS-MR00,0.5034722222222222,0.5069444444444444,0.0034722222222222,0.5033225195672886,0.4074760938858301,-0.0958464256814584
STAGE18S_SUPPLEMENT,BNCI2014_001,P01-L1-LOW-CAL-OFFICIAL-R2:64_PER_CLASS,64,0,SSL,A4-C3-MULTI-PROB-AVG,C3,SSL-CBRAMOD,P02-A4S-R1-BNCI2014_001-SSL-A4-C3-MULTI-PROB-AVG-P01-L1-LOW-CAL-OFFICIAL-R2:64_PER_CLASS-MR00,P02-A4-BNCI2014_001-SSL-A4-C0-CORE-P01-L1-LOW-CAL-OFFICIAL-R2:64_PER_CLASS-MR00,0.5347222222222222,0.5104166666666667,-0.0243055555555554,0.5343629343629344,0.510363537710255,-0.0239993966526793
STAGE18S_SUPPLEMENT,BNCI2014_001,P01-L1-LOW-CAL-OFFICIAL-R2:64_PER_CLASS,64,1,SSL,A4-C3-MULTI-PROB-AVG,C3,SSL-CBRAMOD,P02-A4S-R1-BNCI2014_001-SSL-A4-C3-MULTI-PROB-AVG-P01-L1-LOW-CAL-OFFICIAL-R2:64_PER_CLASS-MR01,P02-A4-BNCI2014_001-SSL-A4-C0-CORE-P01-L1-LOW-CAL-OFFICIAL-R2:64_PER_CLASS-MR01,0.5138888888888888,0.4861111111111111,-0.0277777777777777,0.5138888888888888,0.4861111111111111,-0.0277777777777777
STAGE18S_SUPPLEMENT,BNCI2014_001,P01-L1-LOW-CAL-OFFICIAL-R2:64_PER_CLASS,64,2,SSL,A4-C3-MULTI-PROB-AVG,C3,SSL-CBRAMOD,P02-A4S-R1-BNCI2014_001-SSL-A4-C3-MULTI-PROB-AVG-P01-L1-LOW-CAL-OFFICIAL-R2:64_PER_CLASS-MR02,P02-A4-BNCI2014_001-SSL-A4-C0-CORE-P01-L1-LOW-CAL-OFFICIAL-R2:64_PER_CLASS-MR02,0.5381944444444444,0.4930555555555556,-0.0451388888888888,0.5365797592402153,0.4888899693684057,-0.0476897898718096
STAGE18S_SUPPLEMENT,BNCI2014_001,P01-L1-LOW-CAL-OFFICIAL-R2:8_PER_CLASS,8,1,SSL,A4-C3-MULTI-PROB-AVG,C3,SSL-CBRAMOD,P02-A4S-R1-BNCI2014_001-SSL-A4-C3-MULTI-PROB-AVG-P01-L1-LOW-CAL-OFFICIAL-R2:8_PER_CLASS-MR01,P02-A4-BNCI2014_001-SSL-A4-C0-CORE-P01-L1-LOW-CAL-OFFICIAL-R2:8_PER_CLASS-MR01,0.5138888888888888,0.5659722222222222,0.0520833333333333,0.5115332428765265,0.526658339359674,0.0151250964831475
STAGE18S_SUPPLEMENT,BNCI2014_001,P01-L1-LOW-CAL-OFFICIAL-R2:8_PER_CLASS,8,2,SSL,A4-C3-MULTI-PROB-AVG,C3,SSL-CBRAMOD,P02-A4S-R1-BNCI2014_001-SSL-A4-C3-MULTI-PROB-AVG-P01-L1-LOW-CAL-OFFICIAL-R2:8_PER_CLASS-MR02,P02-A4-BNCI2014_001-SSL-A4-C0-CORE-P01-L1-LOW-CAL-OFFICIAL-R2:8_PER_CLASS-MR02,0.5034722222222222,0.4930555555555556,-0.0104166666666666,0.4910466021577133,0.4381914381914382,-0.0528551639662751
STAGE18S_SUPPLEMENT,Lee2019_MI,FULL_TRAIN,FULL,1,NEURAL,A4-C1-LONG-3P5S,C1,DNN-EEGNET,P02-A4S-R1-Lee2019_MI-NEURAL-A4-C1-LONG-3P5S-FULL_TRAIN-MR01,P02-A4-Lee2019_MI-NEURAL-A4-C0-CORE-FULL_TRAIN-MR01,0.735,0.7583333333333333,0.0233333333333333,0.7343794809541178,0.7580369285708326,0.0236574476167148
STAGE18S_SUPPLEMENT,Lee2019_MI,FULL_TRAIN,FULL,2,NEURAL,A4-C1-LONG-3P5S,C1,DNN-EEGNET,P02-A4S-R1-Lee2019_MI-NEURAL-A4-C1-LONG-3P5S-FULL_TRAIN-MR02,P02-A4-Lee2019_MI-NEURAL-A4-C0-CORE-FULL_TRAIN-MR02,0.7383333333333333,0.7666666666666666,0.0283333333333333,0.7380706764283073,0.7666433309997667,0.0285726545714594
STAGE18S_SUPPLEMENT,Lee2019_MI,P01-L1-LOW-CAL-OFFICIAL-R2:128_PER_CLASS,128,0,NEURAL,A4-C1-LONG-3P5S,C1,DNN-EEGNET,P02-A4S-R1-Lee2019_MI-NEURAL-A4-C1-LONG-3P5S-P01-L1-LOW-CAL-OFFICIAL-R2:128_PER_CLASS-MR00,P02-A4-Lee2019_MI-NEURAL-A4-C0-CORE-P01-L1-LOW-CAL-OFFICIAL-R2:128_PER_CLASS-MR00,0.5716666666666667,0.6233333333333333,0.0516666666666666,0.564494126884156,0.6121237085092507,0.0476295816250946
STAGE18S_SUPPLEMENT,Lee2019_MI,P01-L1-LOW-CAL-OFFICIAL-R2:128_PER_CLASS,128,1,NEURAL,A4-C1-LONG-3P5S,C1,DNN-EEGNET,P02-A4S-R1-Lee2019_MI-NEURAL-A4-C1-LONG-3P5S-P01-L1-LOW-CAL-OFFICIAL-R2:128_PER_CLASS-MR01,P02-A4-Lee2019_MI-NEURAL-A4-C0-CORE-P01-L1-LOW-CAL-OFFICIAL-R2:128_PER_CLASS-MR01,0.5733333333333333,0.5966666666666667,0.0233333333333334,0.5652124684382749,0.5826386892785282,0.0174262208402533
STAGE18S_SUPPLEMENT,Lee2019_MI,P01-L1-LOW-CAL-OFFICIAL-R2:128_PER_CLASS,128,2,NEURAL,A4-C1-LONG-3P5S,C1,DNN-EEGNET,P02-A4S-R1-Lee2019_MI-NEURAL-A4-C1-LONG-3P5S-P01-L1-LOW-CAL-OFFICIAL-R2:128_PER_CLASS-MR02,P02-A4-Lee2019_MI-NEURAL-A4-C0-CORE-P01-L1-LOW-CAL-OFFICIAL-R2:128_PER_CLASS-MR02,0.5666666666666667,0.5833333333333333,0.0166666666666666,0.565720903300521,0.581655306284095,0.0159344029835739
STAGE18S_SUPPLEMENT,Lee2019_MI,P01-L1-LOW-CAL-OFFICIAL-R2:16_PER_CLASS,16,0,NEURAL,A4-C1-LONG-3P5S,C1,DNN-EEGNET,P02-A4S-R1-Lee2019_MI-NEURAL-A4-C1-LONG-3P5S-P01-L1-LOW-CAL-OFFICIAL-R2:16_PER_CLASS-MR00,P02-A4-Lee2019_MI-NEURAL-A4-C0-CORE-P01-L1-LOW-CAL-OFFICIAL-R2:16_PER_CLASS-MR00,0.5116666666666667,0.5383333333333333,0.0266666666666666,0.4879994408185019,0.4612135338492111,-0.0267859069692907
STAGE18S_SUPPLEMENT,Lee2019_MI,P01-L1-LOW-CAL-OFFICIAL-R2:1_PER_CLASS,1,1,NEURAL,A4-C1-LONG-3P5S,C1,DNN-EEGNET,P02-A4S-R1-Lee2019_MI-NEURAL-A4-C1-LONG-3P5S-P01-L1-LOW-CAL-OFFICIAL-R2:1_PER_CLASS-MR01,P02-A4-Lee2019_MI-NEURAL-A4-C0-CORE-P01-L1-LOW-CAL-OFFICIAL-R2:1_PER_CLASS-MR01,0.5116666666666667,0.5016666666666667,-0.01,0.4777043949481715,0.3979845569951577,-0.0797198379530138
STAGE18S_SUPPLEMENT,Lee2019_MI,P01-L1-LOW-CAL-OFFICIAL-R2:1_PER_CLASS,1,2,NEURAL,A4-C1-LONG-3P5S,C1,DNN-EEGNET,P02-A4S-R1-Lee2019_MI-NEURAL-A4-C1-LONG-3P5S-P01-L1-LOW-CAL-OFFICIAL-R2:1_PER_CLASS-MR02,P02-A4-Lee2019_MI-NEURAL-A4-C0-CORE-P01-L1-LOW-CAL-OFFICIAL-R2:1_PER_CLASS-MR02,0.495,0.51,0.015,0.4897257486408124,0.4683159722222222,-0.0214097764185902
STAGE18S_SUPPLEMENT,Lee2019_MI,P01-L1-LOW-CAL-OFFICIAL-R2:256_PER_CLASS,256,0,NEURAL,A4-C1-LONG-3P5S,C1,DNN-EEGNET,P02-A4S-R1-Lee2019_MI-NEURAL-A4-C1-LONG-3P5S-P01-L1-LOW-CAL-OFFICIAL-R2:256_PER_CLASS-MR00,P02-A4-Lee2019_MI-NEURAL-A4-C0-CORE-P01-L1-LOW-CAL-OFFICIAL-R2:256_PER_CLASS-MR00,0.6483333333333333,0.675,0.0266666666666667,0.6478158182440308,0.6741301084283323,0.0263142901843015
STAGE18S_SUPPLEMENT,Lee2019_MI,P01-L1-LOW-CAL-OFFICIAL-R2:256_PER_CLASS,256,1,NEURAL,A4-C1-LONG-3P5S,C1,DNN-EEGNET,P02-A4S-R1-Lee2019_MI-NEURAL-A4-C1-LONG-3P5S-P01-L1-LOW-CAL-OFFICIAL-R2:256_PER_CLASS-MR01,P02-A4-Lee2019_MI-NEURAL-A4-C0-CORE-P01-L1-LOW-CAL-OFFICIAL-R2:256_PER_CLASS-MR01,0.6533333333333333,0.7033333333333334,0.05,0.6509090909090909,0.7030660928168685,0.0521570019077776
STAGE18S_SUPPLEMENT,Lee2019_MI,P01-L1-LOW-CAL-OFFICIAL-R2:256_PER_CLASS,256,2,NEURAL,A4-C1-LONG-3P5S,C1,DNN-EEGNET,P02-A4S-R1-Lee2019_MI-NEURAL-A4-C1-LONG-3P5S-P01-L1-LOW-CAL-OFFICIAL-R2:256_PER_CLASS-MR02,P02-A4-Lee2019_MI-NEURAL-A4-C0-CORE-P01-L1-LOW-CAL-OFFICIAL-R2:256_PER_CLASS-MR02,0.7283333333333333,0.74,0.0116666666666667,0.7276972037454164,0.7375475274509584,0.009850323705542
STAGE18S_SUPPLEMENT,Lee2019_MI,P01-L1-LOW-CAL-OFFICIAL-R2:32_PER_CLASS,32,0,NEURAL,A4-C1-LONG-3P5S,C1,DNN-EEGNET,P02-A4S-R1-Lee2019_MI-NEURAL-A4-C1-LONG-3P5S-P01-L1-LOW-CAL-OFFICIAL-R2:32_PER_CLASS-MR00,P02-A4-Lee2019_MI-NEURAL-A4-C0-CORE-P01-L1-LOW-CAL-OFFICIAL-R2:32_PER_CLASS-MR00,0.5466666666666666,0.5183333333333333,-0.0283333333333333,0.5466465176230055,0.3971610247567263,-0.1494854928662792
STAGE18S_SUPPLEMENT,Lee2019_MI,P01-L1-LOW-CAL-OFFICIAL-R2:4_PER_CLASS,4,0,NEURAL,A4-C1-LONG-3P5S,C1,DNN-EEGNET,P02-A4S-R1-Lee2019_MI-NEURAL-A4-C1-LONG-3P5S-P01-L1-LOW-CAL-OFFICIAL-R2:4_PER_CLASS-MR00,P02-A4-Lee2019_MI-NEURAL-A4-C0-CORE-P01-L1-LOW-CAL-OFFICIAL-R2:4_PER_CLASS-MR00,0.5066666666666667,0.5166666666666666,0.0099999999999998,0.5044642857142857,0.5055413469735721,0.0010770612592864
STAGE18S_SUPPLEMENT,Lee2019_MI,P01-L1-LOW-CAL-OFFICIAL-R2:64_PER_CLASS,64,0,NEURAL,A4-C1-LONG-3P5S,C1,DNN-EEGNET,P02-A4S-R1-Lee2019_MI-NEURAL-A4-C1-LONG-3P5S-P01-L1-LOW-CAL-OFFICIAL-R2:64_PER_CLASS-MR00,P02-A4-Lee2019_MI-NEURAL-A4-C0-CORE-P01-L1-LOW-CAL-OFFICIAL-R2:64_PER_CLASS-MR00,0.5683333333333334,0.6083333333333334,0.04,0.5679000330887363,0.6006921336350326,0.0327921005462963
STAGE18S_SUPPLEMENT,Lee2019_MI,P01-L1-LOW-CAL-OFFICIAL-R2:64_PER_CLASS,64,1,NEURAL,A4-C1-LONG-3P5S,C1,DNN-EEGNET,P02-A4S-R1-Lee2019_MI-NEURAL-A4-C1-LONG-3P5S-P01-L1-LOW-CAL-OFFICIAL-R2:64_PER_CLASS-MR01,P02-A4-Lee2019_MI-NEURAL-A4-C0-CORE-P01-L1-LOW-CAL-OFFICIAL-R2:64_PER_CLASS-MR01,0.5800000000000001,0.5633333333333334,-0.0166666666666667,0.5565410199556541,0.546377949120458,-0.010163070835196
STAGE18S_SUPPLEMENT,Lee2019_MI,P01-L1-LOW-CAL-OFFICIAL-R2:64_PER_CLASS,64,2,NEURAL,A4-C1-LONG-3P5S,C1,DNN-EEGNET,P02-A4S-R1-Lee2019_MI-NEURAL-A4-C1-LONG-3P5S-P01-L1-LOW-CAL-OFFICIAL-R2:64_PER_CLASS-MR02,P02-A4-Lee2019_MI-NEURAL-A4-C0-CORE-P01-L1-LOW-CAL-OFFICIAL-R2:64_PER_CLASS-MR02,0.5650000000000001,0.5766666666666667,0.0116666666666666,0.4779564963746979,0.5066747808522485,0.0287182844775505
STAGE18S_SUPPLEMENT,Lee2019_MI,P01-L1-LOW-CAL-OFFICIAL-R2:8_PER_CLASS,8,1,NEURAL,A4-C1-LONG-3P5S,C1,DNN-EEGNET,P02-A4S-R1-Lee2019_MI-NEURAL-A4-C1-LONG-3P5S-P01-L1-LOW-CAL-OFFICIAL-R2:8_PER_CLASS-MR01,P02-A4-Lee2019_MI-NEURAL-A4-C0-CORE-P01-L1-LOW-CAL-OFFICIAL-R2:8_PER_CLASS-MR01,0.54,0.5183333333333333,-0.0216666666666667,0.5143068313800021,0.4458488196324194,-0.0684580117475826
STAGE18S_SUPPLEMENT,Lee2019_MI,P01-L1-LOW-CAL-OFFICIAL-R2:8_PER_CLASS,8,2,NEURAL,A4-C1-LONG-3P5S,C1,DNN-EEGNET,P02-A4S-R1-Lee2019_MI-NEURAL-A4-C1-LONG-3P5S-P01-L1-LOW-CAL-OFFICIAL-R2:8_PER_CLASS-MR02,P02-A4-Lee2019_MI-NEURAL-A4-C0-CORE-P01-L1-LOW-CAL-OFFICIAL-R2:8_PER_CLASS-MR02,0.5066666666666667,0.5283333333333333,0.0216666666666666,0.4981860102397178,0.4558372511128417,-0.0423487591268761
STAGE18S_SUPPLEMENT,Lee2019_MI,FULL_TRAIN,FULL,1,NEURAL,A4-C2-MULTI-HARD-VOTE,C2,DNN-EEGNET,P02-A4S-R1-Lee2019_MI-NEURAL-A4-C2-MULTI-HARD-VOTE-FULL_TRAIN-MR01,P02-A4-Lee2019_MI-NEURAL-A4-C0-CORE-FULL_TRAIN-MR01,0.735,0.7416666666666667,0.0066666666666667,0.7343794809541178,0.7411424801890495,0.0067629992349317
STAGE18S_SUPPLEMENT,Lee2019_MI,FULL_TRAIN,FULL,2,NEURAL,A4-C2-MULTI-HARD-VOTE,C2,DNN-EEGNET,P02-A4S-R1-Lee2019_MI-NEURAL-A4-C2-MULTI-HARD-VOTE-FULL_TRAIN-MR02,P02-A4-Lee2019_MI-NEURAL-A4-C0-CORE-FULL_TRAIN-MR02,0.7383333333333333,0.77,0.0316666666666667,0.7380706764283073,0.769792813532179,0.0317221371038717
STAGE18S_SUPPLEMENT,Lee2019_MI,P01-L1-LOW-CAL-OFFICIAL-R2:128_PER_CLASS,128,0,NEURAL,A4-C2-MULTI-HARD-VOTE,C2,DNN-EEGNET,P02-A4S-R1-Lee2019_MI-NEURAL-A4-C2-MULTI-HARD-VOTE-P01-L1-LOW-CAL-OFFICIAL-R2:128_PER_CLASS-MR00,P02-A4-Lee2019_MI-NEURAL-A4-C0-CORE-P01-L1-LOW-CAL-OFFICIAL-R2:128_PER_CLASS-MR00,0.5716666666666667,0.5466666666666666,-0.025,0.564494126884156,0.5277777777777778,-0.0367163491063782
STAGE18S_SUPPLEMENT,Lee2019_MI,P01-L1-LOW-CAL-OFFICIAL-R2:128_PER_CLASS,128,1,NEURAL,A4-C2-MULTI-HARD-VOTE,C2,DNN-EEGNET,P02-A4S-R1-Lee2019_MI-NEURAL-A4-C2-MULTI-HARD-VOTE-P01-L1-LOW-CAL-OFFICIAL-R2:128_PER_CLASS-MR01,P02-A4-Lee2019_MI-NEURAL-A4-C0-CORE-P01-L1-LOW-CAL-OFFICIAL-R2:128_PER_CLASS-MR01,0.5733333333333333,0.5683333333333334,-0.0049999999999998,0.5652124684382749,0.5207830294283626,-0.0444294390099122
STAGE18S_SUPPLEMENT,Lee2019_MI,P01-L1-LOW-CAL-OFFICIAL-R2:128_PER_CLASS,128,2,NEURAL,A4-C2-MULTI-HARD-VOTE,C2,DNN-EEGNET,P02-A4S-R1-Lee2019_MI-NEURAL-A4-C2-MULTI-HARD-VOTE-P01-L1-LOW-CAL-OFFICIAL-R2:128_PER_CLASS-MR02,P02-A4-Lee2019_MI-NEURAL-A4-C0-CORE-P01-L1-LOW-CAL-OFFICIAL-R2:128_PER_CLASS-MR02,0.5666666666666667,0.575,0.0083333333333333,0.565720903300521,0.5550657077799523,-0.0106551955205687
STAGE18S_SUPPLEMENT,Lee2019_MI,P01-L1-LOW-CAL-OFFICIAL-R2:16_PER_CLASS,16,0,NEURAL,A4-C2-MULTI-HARD-VOTE,C2,DNN-EEGNET,P02-A4S-R1-Lee2019_MI-NEURAL-A4-C2-MULTI-HARD-VOTE-P01-L1-LOW-CAL-OFFICIAL-R2:16_PER_CLASS-MR00,P02-A4-Lee2019_MI-NEURAL-A4-C0-CORE-P01-L1-LOW-CAL-OFFICIAL-R2:16_PER_CLASS-MR00,0.5116666666666667,0.5233333333333333,0.0116666666666666,0.4879994408185019,0.4395380434782608,-0.048461397340241
STAGE18S_SUPPLEMENT,Lee2019_MI,P01-L1-LOW-CAL-OFFICIAL-R2:1_PER_CLASS,1,1,NEURAL,A4-C2-MULTI-HARD-VOTE,C2,DNN-EEGNET,P02-A4S-R1-Lee2019_MI-NEURAL-A4-C2-MULTI-HARD-VOTE-P01-L1-LOW-CAL-OFFICIAL-R2:1_PER_CLASS-MR01,P02-A4-Lee2019_MI-NEURAL-A4-C0-CORE-P01-L1-LOW-CAL-OFFICIAL-R2:1_PER_CLASS-MR01,0.5116666666666667,0.545,0.0333333333333333,0.4777043949481715,0.5067914040787568,0.0290870091305852
STAGE18S_SUPPLEMENT,Lee2019_MI,P01-L1-LOW-CAL-OFFICIAL-R2:1_PER_CLASS,1,2,NEURAL,A4-C2-MULTI-HARD-VOTE,C2,DNN-EEGNET,P02-A4S-R1-Lee2019_MI-NEURAL-A4-C2-MULTI-HARD-VOTE-P01-L1-LOW-CAL-OFFICIAL-R2:1_PER_CLASS-MR02,P02-A4-Lee2019_MI-NEURAL-A4-C0-CORE-P01-L1-LOW-CAL-OFFICIAL-R2:1_PER_CLASS-MR02,0.495,0.4883333333333333,-0.0066666666666666,0.4897257486408124,0.448633407068388,-0.0410923415724243
STAGE18S_SUPPLEMENT,Lee2019_MI,P01-L1-LOW-CAL-OFFICIAL-R2:256_PER_CLASS,256,0,NEURAL,A4-C2-MULTI-HARD-VOTE,C2,DNN-EEGNET,P02-A4S-R1-Lee2019_MI-NEURAL-A4-C2-MULTI-HARD-VOTE-P01-L1-LOW-CAL-OFFICIAL-R2:256_PER_CLASS-MR00,P02-A4-Lee2019_MI-NEURAL-A4-C0-CORE-P01-L1-LOW-CAL-OFFICIAL-R2:256_PER_CLASS-MR00,0.6483333333333333,0.6383333333333334,-0.0099999999999998,0.6478158182440308,0.6319528266418664,-0.0158629916021644
STAGE18S_SUPPLEMENT,Lee2019_MI,P01-L1-LOW-CAL-OFFICIAL-R2:256_PER_CLASS,256,1,NEURAL,A4-C2-MULTI-HARD-VOTE,C2,DNN-EEGNET,P02-A4S-R1-Lee2019_MI-NEURAL-A4-C2-MULTI-HARD-VOTE-P01-L1-LOW-CAL-OFFICIAL-R2:256_PER_CLASS-MR01,P02-A4-Lee2019_MI-NEURAL-A4-C0-CORE-P01-L1-LOW-CAL-OFFICIAL-R2:256_PER_CLASS-MR01,0.6533333333333333,0.6533333333333333,0.0,0.6509090909090909,0.6446104953810755,-0.0062985955280153
STAGE18S_SUPPLEMENT,Lee2019_MI,P01-L1-LOW-CAL-OFFICIAL-R2:256_PER_CLASS,256,2,NEURAL,A4-C2-MULTI-HARD-VOTE,C2,DNN-EEGNET,P02-A4S-R1-Lee2019_MI-NEURAL-A4-C2-MULTI-HARD-VOTE-P01-L1-LOW-CAL-OFFICIAL-R2:256_PER_CLASS-MR02,P02-A4-Lee2019_MI-NEURAL-A4-C0-CORE-P01-L1-LOW-CAL-OFFICIAL-R2:256_PER_CLASS-MR02,0.7283333333333333,0.6466666666666667,-0.0816666666666665,0.7276972037454164,0.643992655949129,-0.0837045477962873
STAGE18S_SUPPLEMENT,Lee2019_MI,P01-L1-LOW-CAL-OFFICIAL-R2:32_PER_CLASS,32,0,NEURAL,A4-C2-MULTI-HARD-VOTE,C2,DNN-EEGNET,P02-A4S-R1-Lee2019_MI-NEURAL-A4-C2-MULTI-HARD-VOTE-P01-L1-LOW-CAL-OFFICIAL-R2:32_PER_CLASS-MR00,P02-A4-Lee2019_MI-NEURAL-A4-C0-CORE-P01-L1-LOW-CAL-OFFICIAL-R2:32_PER_CLASS-MR00,0.5466666666666666,0.4983333333333333,-0.0483333333333333,0.5466465176230055,0.4724095924466348,-0.0742369251763707
STAGE18S_SUPPLEMENT,Lee2019_MI,P01-L1-LOW-CAL-OFFICIAL-R2:4_PER_CLASS,4,0,NEURAL,A4-C2-MULTI-HARD-VOTE,C2,DNN-EEGNET,P02-A4S-R1-Lee2019_MI-NEURAL-A4-C2-MULTI-HARD-VOTE-P01-L1-LOW-CAL-OFFICIAL-R2:4_PER_CLASS-MR00,P02-A4-Lee2019_MI-NEURAL-A4-C0-CORE-P01-L1-LOW-CAL-OFFICIAL-R2:4_PER_CLASS-MR00,0.5066666666666667,0.51,0.0033333333333332,0.5044642857142857,0.4354766446063057,-0.0689876411079799
STAGE18S_SUPPLEMENT,Lee2019_MI,P01-L1-LOW-CAL-OFFICIAL-R2:64_PER_CLASS,64,0,NEURAL,A4-C2-MULTI-HARD-VOTE,C2,DNN-EEGNET,P02-A4S-R1-Lee2019_MI-NEURAL-A4-C2-MULTI-HARD-VOTE-P01-L1-LOW-CAL-OFFICIAL-R2:64_PER_CLASS-MR00,P02-A4-Lee2019_MI-NEURAL-A4-C0-CORE-P01-L1-LOW-CAL-OFFICIAL-R2:64_PER_CLASS-MR00,0.5683333333333334,0.5816666666666667,0.0133333333333333,0.5679000330887363,0.5397859057141723,-0.0281141273745639
STAGE18S_SUPPLEMENT,Lee2019_MI,P01-L1-LOW-CAL-OFFICIAL-R2:64_PER_CLASS,64,1,NEURAL,A4-C2-MULTI-HARD-VOTE,C2,DNN-EEGNET,P02-A4S-R1-Lee2019_MI-NEURAL-A4-C2-MULTI-HARD-VOTE-P01-L1-LOW-CAL-OFFICIAL-R2:64_PER_CLASS-MR01,P02-A4-Lee2019_MI-NEURAL-A4-C0-CORE-P01-L1-LOW-CAL-OFFICIAL-R2:64_PER_CLASS-MR01,0.5800000000000001,0.5233333333333333,-0.0566666666666667,0.5565410199556541,0.5006053268765133,-0.0559356930791408
STAGE18S_SUPPLEMENT,Lee2019_MI,P01-L1-LOW-CAL-OFFICIAL-R2:64_PER_CLASS,64,2,NEURAL,A4-C2-MULTI-HARD-VOTE,C2,DNN-EEGNET,P02-A4S-R1-Lee2019_MI-NEURAL-A4-C2-MULTI-HARD-VOTE-P01-L1-LOW-CAL-OFFICIAL-R2:64_PER_CLASS-MR02,P02-A4-Lee2019_MI-NEURAL-A4-C0-CORE-P01-L1-LOW-CAL-OFFICIAL-R2:64_PER_CLASS-MR02,0.5650000000000001,0.525,-0.04,0.4779564963746979,0.513307205614898,0.0353507092402
STAGE18S_SUPPLEMENT,Lee2019_MI,P01-L1-LOW-CAL-OFFICIAL-R2:8_PER_CLASS,8,1,NEURAL,A4-C2-MULTI-HARD-VOTE,C2,DNN-EEGNET,P02-A4S-R1-Lee2019_MI-NEURAL-A4-C2-MULTI-HARD-VOTE-P01-L1-LOW-CAL-OFFICIAL-R2:8_PER_CLASS-MR01,P02-A4-Lee2019_MI-NEURAL-A4-C0-CORE-P01-L1-LOW-CAL-OFFICIAL-R2:8_PER_CLASS-MR01,0.54,0.5366666666666666,-0.0033333333333334,0.5143068313800021,0.4616298285478207,-0.0526770028321813
STAGE18S_SUPPLEMENT,Lee2019_MI,P01-L1-LOW-CAL-OFFICIAL-R2:8_PER_CLASS,8,2,NEURAL,A4-C2-MULTI-HARD-VOTE,C2,DNN-EEGNET,P02-A4S-R1-Lee2019_MI-NEURAL-A4-C2-MULTI-HARD-VOTE-P01-L1-LOW-CAL-OFFICIAL-R2:8_PER_CLASS-MR02,P02-A4-Lee2019_MI-NEURAL-A4-C0-CORE-P01-L1-LOW-CAL-OFFICIAL-R2:8_PER_CLASS-MR02,0.5066666666666667,0.5133333333333333,0.0066666666666665,0.4981860102397178,0.45112094136518,-0.0470650688745378
STAGE18S_SUPPLEMENT,Lee2019_MI,FULL_TRAIN,FULL,1,NEURAL,A4-C3-MULTI-PROB-AVG,C3,DNN-EEGNET,P02-A4S-R1-Lee2019_MI-NEURAL-A4-C3-MULTI-PROB-AVG-FULL_TRAIN-MR01,P02-A4-Lee2019_MI-NEURAL-A4-C0-CORE-FULL_TRAIN-MR01,0.735,0.7516666666666667,0.0166666666666667,0.7343794809541178,0.7511627712785056,0.0167832903243878
STAGE18S_SUPPLEMENT,Lee2019_MI,FULL_TRAIN,FULL,2,NEURAL,A4-C3-MULTI-PROB-AVG,C3,DNN-EEGNET,P02-A4S-R1-Lee2019_MI-NEURAL-A4-C3-MULTI-PROB-AVG-FULL_TRAIN-MR02,P02-A4-Lee2019_MI-NEURAL-A4-C0-CORE-FULL_TRAIN-MR02,0.7383333333333333,0.7866666666666666,0.0483333333333333,0.7380706764283073,0.7863794657261429,0.0483087892978356
STAGE18S_SUPPLEMENT,Lee2019_MI,P01-L1-LOW-CAL-OFFICIAL-R2:128_PER_CLASS,128,0,NEURAL,A4-C3-MULTI-PROB-AVG,C3,DNN-EEGNET,P02-A4S-R1-Lee2019_MI-NEURAL-A4-C3-MULTI-PROB-AVG-P01-L1-LOW-CAL-OFFICIAL-R2:128_PER_CLASS-MR00,P02-A4-Lee2019_MI-NEURAL-A4-C0-CORE-P01-L1-LOW-CAL-OFFICIAL-R2:128_PER_CLASS-MR00,0.5716666666666667,0.5583333333333333,-0.0133333333333333,0.564494126884156,0.53761730416348,-0.026876822720676
STAGE18S_SUPPLEMENT,Lee2019_MI,P01-L1-LOW-CAL-OFFICIAL-R2:128_PER_CLASS,128,1,NEURAL,A4-C3-MULTI-PROB-AVG,C3,DNN-EEGNET,P02-A4S-R1-Lee2019_MI-NEURAL-A4-C3-MULTI-PROB-AVG-P01-L1-LOW-CAL-OFFICIAL-R2:128_PER_CLASS-MR01,P02-A4-Lee2019_MI-NEURAL-A4-C0-CORE-P01-L1-LOW-CAL-OFFICIAL-R2:128_PER_CLASS-MR01,0.5733333333333333,0.56,-0.0133333333333331,0.5652124684382749,0.5109601728928681,-0.0542522955454067
STAGE18S_SUPPLEMENT,Lee2019_MI,P01-L1-LOW-CAL-OFFICIAL-R2:128_PER_CLASS,128,2,NEURAL,A4-C3-MULTI-PROB-AVG,C3,DNN-EEGNET,P02-A4S-R1-Lee2019_MI-NEURAL-A4-C3-MULTI-PROB-AVG-P01-L1-LOW-CAL-OFFICIAL-R2:128_PER_CLASS-MR02,P02-A4-Lee2019_MI-NEURAL-A4-C0-CORE-P01-L1-LOW-CAL-OFFICIAL-R2:128_PER_CLASS-MR02,0.5666666666666667,0.5733333333333334,0.0066666666666667,0.565720903300521,0.5516323385175844,-0.0140885647829366
STAGE18S_SUPPLEMENT,Lee2019_MI,P01-L1-LOW-CAL-OFFICIAL-R2:16_PER_CLASS,16,0,NEURAL,A4-C3-MULTI-PROB-AVG,C3,DNN-EEGNET,P02-A4S-R1-Lee2019_MI-NEURAL-A4-C3-MULTI-PROB-AVG-P01-L1-LOW-CAL-OFFICIAL-R2:16_PER_CLASS-MR00,P02-A4-Lee2019_MI-NEURAL-A4-C0-CORE-P01-L1-LOW-CAL-OFFICIAL-R2:16_PER_CLASS-MR00,0.5116666666666667,0.525,0.0133333333333333,0.4879994408185019,0.4406481938824576,-0.0473512469360443
STAGE18S_SUPPLEMENT,Lee2019_MI,P01-L1-LOW-CAL-OFFICIAL-R2:1_PER_CLASS,1,1,NEURAL,A4-C3-MULTI-PROB-AVG,C3,DNN-EEGNET,P02-A4S-R1-Lee2019_MI-NEURAL-A4-C3-MULTI-PROB-AVG-P01-L1-LOW-CAL-OFFICIAL-R2:1_PER_CLASS-MR01,P02-A4-Lee2019_MI-NEURAL-A4-C0-CORE-P01-L1-LOW-CAL-OFFICIAL-R2:1_PER_CLASS-MR01,0.5116666666666667,0.5516666666666666,0.0399999999999999,0.4777043949481715,0.4999240900880245,0.022219695139853
STAGE18S_SUPPLEMENT,Lee2019_MI,P01-L1-LOW-CAL-OFFICIAL-R2:1_PER_CLASS,1,2,NEURAL,A4-C3-MULTI-PROB-AVG,C3,DNN-EEGNET,P02-A4S-R1-Lee2019_MI-NEURAL-A4-C3-MULTI-PROB-AVG-P01-L1-LOW-CAL-OFFICIAL-R2:1_PER_CLASS-MR02,P02-A4-Lee2019_MI-NEURAL-A4-C0-CORE-P01-L1-LOW-CAL-OFFICIAL-R2:1_PER_CLASS-MR02,0.495,0.5166666666666666,0.0216666666666666,0.4897257486408124,0.4888366627497062,-0.0008890858911062
STAGE18S_SUPPLEMENT,Lee2019_MI,P01-L1-LOW-CAL-OFFICIAL-R2:256_PER_CLASS,256,0,NEURAL,A4-C3-MULTI-PROB-AVG,C3,DNN-EEGNET,P02-A4S-R1-Lee2019_MI-NEURAL-A4-C3-MULTI-PROB-AVG-P01-L1-LOW-CAL-OFFICIAL-R2:256_PER_CLASS-MR00,P02-A4-Lee2019_MI-NEURAL-A4-C0-CORE-P01-L1-LOW-CAL-OFFICIAL-R2:256_PER_CLASS-MR00,0.6483333333333333,0.615,-0.0333333333333333,0.6478158182440308,0.6042250263421655,-0.0435907919018653
STAGE18S_SUPPLEMENT,Lee2019_MI,P01-L1-LOW-CAL-OFFICIAL-R2:256_PER_CLASS,256,1,NEURAL,A4-C3-MULTI-PROB-AVG,C3,DNN-EEGNET,P02-A4S-R1-Lee2019_MI-NEURAL-A4-C3-MULTI-PROB-AVG-P01-L1-LOW-CAL-OFFICIAL-R2:256_PER_CLASS-MR01,P02-A4-Lee2019_MI-NEURAL-A4-C0-CORE-P01-L1-LOW-CAL-OFFICIAL-R2:256_PER_CLASS-MR01,0.6533333333333333,0.6633333333333333,0.01,0.6509090909090909,0.6552273451367712,0.0043182542276802
STAGE18S_SUPPLEMENT,Lee2019_MI,P01-L1-LOW-CAL-OFFICIAL-R2:256_PER_CLASS,256,2,NEURAL,A4-C3-MULTI-PROB-AVG,C3,DNN-EEGNET,P02-A4S-R1-Lee2019_MI-NEURAL-A4-C3-MULTI-PROB-AVG-P01-L1-LOW-CAL-OFFICIAL-R2:256_PER_CLASS-MR02,P02-A4-Lee2019_MI-NEURAL-A4-C0-CORE-P01-L1-LOW-CAL-OFFICIAL-R2:256_PER_CLASS-MR02,0.7283333333333333,0.6483333333333334,-0.0799999999999998,0.7276972037454164,0.645567777463598,-0.0821294262818184
STAGE18S_SUPPLEMENT,Lee2019_MI,P01-L1-LOW-CAL-OFFICIAL-R2:32_PER_CLASS,32,0,NEURAL,A4-C3-MULTI-PROB-AVG,C3,DNN-EEGNET,P02-A4S-R1-Lee2019_MI-NEURAL-A4-C3-MULTI-PROB-AVG-P01-L1-LOW-CAL-OFFICIAL-R2:32_PER_CLASS-MR00,P02-A4-Lee2019_MI-NEURAL-A4-C0-CORE-P01-L1-LOW-CAL-OFFICIAL-R2:32_PER_CLASS-MR00,0.5466666666666666,0.4983333333333333,-0.0483333333333333,0.5466465176230055,0.4724095924466348,-0.0742369251763707
STAGE18S_SUPPLEMENT,Lee2019_MI,P01-L1-LOW-CAL-OFFICIAL-R2:4_PER_CLASS,4,0,NEURAL,A4-C3-MULTI-PROB-AVG,C3,DNN-EEGNET,P02-A4S-R1-Lee2019_MI-NEURAL-A4-C3-MULTI-PROB-AVG-P01-L1-LOW-CAL-OFFICIAL-R2:4_PER_CLASS-MR00,P02-A4-Lee2019_MI-NEURAL-A4-C0-CORE-P01-L1-LOW-CAL-OFFICIAL-R2:4_PER_CLASS-MR00,0.5066666666666667,0.525,0.0183333333333333,0.5044642857142857,0.4726763065138353,-0.0317879792004504
STAGE18S_SUPPLEMENT,Lee2019_MI,P01-L1-LOW-CAL-OFFICIAL-R2:64_PER_CLASS,64,0,NEURAL,A4-C3-MULTI-PROB-AVG,C3,DNN-EEGNET,P02-A4S-R1-Lee2019_MI-NEURAL-A4-C3-MULTI-PROB-AVG-P01-L1-LOW-CAL-OFFICIAL-R2:64_PER_CLASS-MR00,P02-A4-Lee2019_MI-NEURAL-A4-C0-CORE-P01-L1-LOW-CAL-OFFICIAL-R2:64_PER_CLASS-MR00,0.5683333333333334,0.545,-0.0233333333333333,0.5679000330887363,0.5005473245131251,-0.0673527085756111
STAGE18S_SUPPLEMENT,Lee2019_MI,P01-L1-LOW-CAL-OFFICIAL-R2:64_PER_CLASS,64,1,NEURAL,A4-C3-MULTI-PROB-AVG,C3,DNN-EEGNET,P02-A4S-R1-Lee2019_MI-NEURAL-A4-C3-MULTI-PROB-AVG-P01-L1-LOW-CAL-OFFICIAL-R2:64_PER_CLASS-MR01,P02-A4-Lee2019_MI-NEURAL-A4-C0-CORE-P01-L1-LOW-CAL-OFFICIAL-R2:64_PER_CLASS-MR01,0.5800000000000001,0.5216666666666667,-0.0583333333333333,0.5565410199556541,0.4919979349509551,-0.0645430850046989
STAGE18S_SUPPLEMENT,Lee2019_MI,P01-L1-LOW-CAL-OFFICIAL-R2:64_PER_CLASS,64,2,NEURAL,A4-C3-MULTI-PROB-AVG,C3,DNN-EEGNET,P02-A4S-R1-Lee2019_MI-NEURAL-A4-C3-MULTI-PROB-AVG-P01-L1-LOW-CAL-OFFICIAL-R2:64_PER_CLASS-MR02,P02-A4-Lee2019_MI-NEURAL-A4-C0-CORE-P01-L1-LOW-CAL-OFFICIAL-R2:64_PER_CLASS-MR02,0.5650000000000001,0.5349999999999999,-0.0300000000000001,0.4779564963746979,0.5219860707769012,0.0440295744022032
STAGE18S_SUPPLEMENT,Lee2019_MI,P01-L1-LOW-CAL-OFFICIAL-R2:8_PER_CLASS,8,1,NEURAL,A4-C3-MULTI-PROB-AVG,C3,DNN-EEGNET,P02-A4S-R1-Lee2019_MI-NEURAL-A4-C3-MULTI-PROB-AVG-P01-L1-LOW-CAL-OFFICIAL-R2:8_PER_CLASS-MR01,P02-A4-Lee2019_MI-NEURAL-A4-C0-CORE-P01-L1-LOW-CAL-OFFICIAL-R2:8_PER_CLASS-MR01,0.54,0.5183333333333333,-0.0216666666666667,0.5143068313800021,0.43279764221765,-0.0815091891623521
STAGE18S_SUPPLEMENT,Lee2019_MI,P01-L1-LOW-CAL-OFFICIAL-R2:8_PER_CLASS,8,2,NEURAL,A4-C3-MULTI-PROB-AVG,C3,DNN-EEGNET,P02-A4S-R1-Lee2019_MI-NEURAL-A4-C3-MULTI-PROB-AVG-P01-L1-LOW-CAL-OFFICIAL-R2:8_PER_CLASS-MR02,P02-A4-Lee2019_MI-NEURAL-A4-C0-CORE-P01-L1-LOW-CAL-OFFICIAL-R2:8_PER_CLASS-MR02,0.5066666666666667,0.5383333333333333,0.0316666666666666,0.4981860102397178,0.4529853767390424,-0.0452006335006754
STAGE18S_SUPPLEMENT,Lee2019_MI,FULL_TRAIN,FULL,1,SSL,A4-C2-MULTI-HARD-VOTE,C2,SSL-CBRAMOD,P02-A4S-R1-Lee2019_MI-SSL-A4-C2-MULTI-HARD-VOTE-FULL_TRAIN-MR01,P02-A4-Lee2019_MI-SSL-A4-C0-CORE-FULL_TRAIN-MR01,0.6483333333333333,0.6466666666666667,-0.0016666666666665,0.6436202106187665,0.64578111946533,0.0021609088465635
STAGE18S_SUPPLEMENT,Lee2019_MI,FULL_TRAIN,FULL,2,SSL,A4-C2-MULTI-HARD-VOTE,C2,SSL-CBRAMOD,P02-A4S-R1-Lee2019_MI-SSL-A4-C2-MULTI-HARD-VOTE-FULL_TRAIN-MR02,P02-A4-Lee2019_MI-SSL-A4-C0-CORE-FULL_TRAIN-MR02,0.705,0.685,-0.0199999999999999,0.7043092335149613,0.6846136517233611,-0.0196955817916002
STAGE18S_SUPPLEMENT,Lee2019_MI,P01-L1-LOW-CAL-OFFICIAL-R2:128_PER_CLASS,128,0,SSL,A4-C2-MULTI-HARD-VOTE,C2,SSL-CBRAMOD,P02-A4S-R1-Lee2019_MI-SSL-A4-C2-MULTI-HARD-VOTE-P01-L1-LOW-CAL-OFFICIAL-R2:128_PER_CLASS-MR00,P02-A4-Lee2019_MI-SSL-A4-C0-CORE-P01-L1-LOW-CAL-OFFICIAL-R2:128_PER_CLASS-MR00,0.5316666666666666,0.5166666666666666,-0.015,0.5309774641069794,0.5154553049289892,-0.0155221591779902
STAGE18S_SUPPLEMENT,Lee2019_MI,P01-L1-LOW-CAL-OFFICIAL-R2:128_PER_CLASS,128,1,SSL,A4-C2-MULTI-HARD-VOTE,C2,SSL-CBRAMOD,P02-A4S-R1-Lee2019_MI-SSL-A4-C2-MULTI-HARD-VOTE-P01-L1-LOW-CAL-OFFICIAL-R2:128_PER_CLASS-MR01,P02-A4-Lee2019_MI-SSL-A4-C0-CORE-P01-L1-LOW-CAL-OFFICIAL-R2:128_PER_CLASS-MR01,0.5383333333333333,0.5433333333333333,0.005,0.5383012709215917,0.5430083615015122,0.0047070905799204
STAGE18S_SUPPLEMENT,Lee2019_MI,P01-L1-LOW-CAL-OFFICIAL-R2:128_PER_CLASS,128,2,SSL,A4-C2-MULTI-HARD-VOTE,C2,SSL-CBRAMOD,P02-A4S-R1-Lee2019_MI-SSL-A4-C2-MULTI-HARD-VOTE-P01-L1-LOW-CAL-OFFICIAL-R2:128_PER_CLASS-MR02,P02-A4-Lee2019_MI-SSL-A4-C0-CORE-P01-L1-LOW-CAL-OFFICIAL-R2:128_PER_CLASS-MR02,0.51,0.5316666666666667,0.0216666666666667,0.5053780325037294,0.5292488363846534,0.0238708038809239
STAGE18S_SUPPLEMENT,Lee2019_MI,P01-L1-LOW-CAL-OFFICIAL-R2:16_PER_CLASS,16,0,SSL,A4-C2-MULTI-HARD-VOTE,C2,SSL-CBRAMOD,P02-A4S-R1-Lee2019_MI-SSL-A4-C2-MULTI-HARD-VOTE-P01-L1-LOW-CAL-OFFICIAL-R2:16_PER_CLASS-MR00,P02-A4-Lee2019_MI-SSL-A4-C0-CORE-P01-L1-LOW-CAL-OFFICIAL-R2:16_PER_CLASS-MR00,0.48,0.5066666666666667,0.0266666666666666,0.4792999477074734,0.5057385535060279,0.0264386057985545
STAGE18S_SUPPLEMENT,Lee2019_MI,P01-L1-LOW-CAL-OFFICIAL-R2:1_PER_CLASS,1,1,SSL,A4-C2-MULTI-HARD-VOTE,C2,SSL-CBRAMOD,P02-A4S-R1-Lee2019_MI-SSL-A4-C2-MULTI-HARD-VOTE-P01-L1-LOW-CAL-OFFICIAL-R2:1_PER_CLASS-MR01,P02-A4-Lee2019_MI-SSL-A4-C0-CORE-P01-L1-LOW-CAL-OFFICIAL-R2:1_PER_CLASS-MR01,0.4783333333333333,0.5166666666666666,0.0383333333333332,0.4778096924971985,0.4825802000689893,0.0047705075717907
STAGE18S_SUPPLEMENT,Lee2019_MI,P01-L1-LOW-CAL-OFFICIAL-R2:1_PER_CLASS,1,2,SSL,A4-C2-MULTI-HARD-VOTE,C2,SSL-CBRAMOD,P02-A4S-R1-Lee2019_MI-SSL-A4-C2-MULTI-HARD-VOTE-P01-L1-LOW-CAL-OFFICIAL-R2:1_PER_CLASS-MR02,P02-A4-Lee2019_MI-SSL-A4-C0-CORE-P01-L1-LOW-CAL-OFFICIAL-R2:1_PER_CLASS-MR02,0.4983333333333333,0.5233333333333333,0.0249999999999999,0.4831005950353615,0.4975168665667167,0.0144162715313551
STAGE18S_SUPPLEMENT,Lee2019_MI,P01-L1-LOW-CAL-OFFICIAL-R2:256_PER_CLASS,256,0,SSL,A4-C2-MULTI-HARD-VOTE,C2,SSL-CBRAMOD,P02-A4S-R1-Lee2019_MI-SSL-A4-C2-MULTI-HARD-VOTE-P01-L1-LOW-CAL-OFFICIAL-R2:256_PER_CLASS-MR00,P02-A4-Lee2019_MI-SSL-A4-C0-CORE-P01-L1-LOW-CAL-OFFICIAL-R2:256_PER_CLASS-MR00,0.5666666666666667,0.5700000000000001,0.0033333333333334,0.5636363636363636,0.5696126513862476,0.005976287749884
STAGE18S_SUPPLEMENT,Lee2019_MI,P01-L1-LOW-CAL-OFFICIAL-R2:256_PER_CLASS,256,1,SSL,A4-C2-MULTI-HARD-VOTE,C2,SSL-CBRAMOD,P02-A4S-R1-Lee2019_MI-SSL-A4-C2-MULTI-HARD-VOTE-P01-L1-LOW-CAL-OFFICIAL-R2:256_PER_CLASS-MR01,P02-A4-Lee2019_MI-SSL-A4-C0-CORE-P01-L1-LOW-CAL-OFFICIAL-R2:256_PER_CLASS-MR01,0.5633333333333332,0.5816666666666667,0.0183333333333334,0.5627454689081988,0.581405044819679,0.0186595759114802
STAGE18S_SUPPLEMENT,Lee2019_MI,P01-L1-LOW-CAL-OFFICIAL-R2:256_PER_CLASS,256,2,SSL,A4-C2-MULTI-HARD-VOTE,C2,SSL-CBRAMOD,P02-A4S-R1-Lee2019_MI-SSL-A4-C2-MULTI-HARD-VOTE-P01-L1-LOW-CAL-OFFICIAL-R2:256_PER_CLASS-MR02,P02-A4-Lee2019_MI-SSL-A4-C0-CORE-P01-L1-LOW-CAL-OFFICIAL-R2:256_PER_CLASS-MR02,0.5633333333333334,0.5583333333333333,-0.005,0.5633284814275714,0.5575652173913044,-0.005763264036267
STAGE18S_SUPPLEMENT,Lee2019_MI,P01-L1-LOW-CAL-OFFICIAL-R2:32_PER_CLASS,32,0,SSL,A4-C2-MULTI-HARD-VOTE,C2,SSL-CBRAMOD,P02-A4S-R1-Lee2019_MI-SSL-A4-C2-MULTI-HARD-VOTE-P01-L1-LOW-CAL-OFFICIAL-R2:32_PER_CLASS-MR00,P02-A4-Lee2019_MI-SSL-A4-C0-CORE-P01-L1-LOW-CAL-OFFICIAL-R2:32_PER_CLASS-MR00,0.5083333333333333,0.4816666666666667,-0.0266666666666666,0.5074782608695653,0.4689071612148535,-0.0385710996547117
STAGE18S_SUPPLEMENT,Lee2019_MI,P01-L1-LOW-CAL-OFFICIAL-R2:4_PER_CLASS,4,0,SSL,A4-C2-MULTI-HARD-VOTE,C2,SSL-CBRAMOD,P02-A4S-R1-Lee2019_MI-SSL-A4-C2-MULTI-HARD-VOTE-P01-L1-LOW-CAL-OFFICIAL-R2:4_PER_CLASS-MR00,P02-A4-Lee2019_MI-SSL-A4-C0-CORE-P01-L1-LOW-CAL-OFFICIAL-R2:4_PER_CLASS-MR00,0.495,0.52,0.025,0.4419461284628961,0.5180669128392775,0.0761207843763813
STAGE18S_SUPPLEMENT,Lee2019_MI,P01-L1-LOW-CAL-OFFICIAL-R2:64_PER_CLASS,64,0,SSL,A4-C2-MULTI-HARD-VOTE,C2,SSL-CBRAMOD,P02-A4S-R1-Lee2019_MI-SSL-A4-C2-MULTI-HARD-VOTE-P01-L1-LOW-CAL-OFFICIAL-R2:64_PER_CLASS-MR00,P02-A4-Lee2019_MI-SSL-A4-C0-CORE-P01-L1-LOW-CAL-OFFICIAL-R2:64_PER_CLASS-MR00,0.4766666666666667,0.4966666666666666,0.0199999999999999,0.4766143280994766,0.4963084860345134,0.0196941579350367
STAGE18S_SUPPLEMENT,Lee2019_MI,P01-L1-LOW-CAL-OFFICIAL-R2:64_PER_CLASS,64,1,SSL,A4-C2-MULTI-HARD-VOTE,C2,SSL-CBRAMOD,P02-A4S-R1-Lee2019_MI-SSL-A4-C2-MULTI-HARD-VOTE-P01-L1-LOW-CAL-OFFICIAL-R2:64_PER_CLASS-MR01,P02-A4-Lee2019_MI-SSL-A4-C0-CORE-P01-L1-LOW-CAL-OFFICIAL-R2:64_PER_CLASS-MR01,0.4916666666666667,0.49,-0.0016666666666667,0.4911564096218708,0.4897959183673469,-0.0013604912545238
STAGE18S_SUPPLEMENT,Lee2019_MI,P01-L1-LOW-CAL-OFFICIAL-R2:64_PER_CLASS,64,2,SSL,A4-C2-MULTI-HARD-VOTE,C2,SSL-CBRAMOD,P02-A4S-R1-Lee2019_MI-SSL-A4-C2-MULTI-HARD-VOTE-P01-L1-LOW-CAL-OFFICIAL-R2:64_PER_CLASS-MR02,P02-A4-Lee2019_MI-SSL-A4-C0-CORE-P01-L1-LOW-CAL-OFFICIAL-R2:64_PER_CLASS-MR02,0.4916666666666667,0.5016666666666667,0.01,0.4899310152602606,0.5014991149803127,0.0115680997200521
STAGE18S_SUPPLEMENT,Lee2019_MI,P01-L1-LOW-CAL-OFFICIAL-R2:8_PER_CLASS,8,1,SSL,A4-C2-MULTI-HARD-VOTE,C2,SSL-CBRAMOD,P02-A4S-R1-Lee2019_MI-SSL-A4-C2-MULTI-HARD-VOTE-P01-L1-LOW-CAL-OFFICIAL-R2:8_PER_CLASS-MR01,P02-A4-Lee2019_MI-SSL-A4-C0-CORE-P01-L1-LOW-CAL-OFFICIAL-R2:8_PER_CLASS-MR01,0.52,0.5083333333333333,-0.0116666666666667,0.5073891625615763,0.5057950417561308,-0.0015941208054455
STAGE18S_SUPPLEMENT,Lee2019_MI,P01-L1-LOW-CAL-OFFICIAL-R2:8_PER_CLASS,8,2,SSL,A4-C2-MULTI-HARD-VOTE,C2,SSL-CBRAMOD,P02-A4S-R1-Lee2019_MI-SSL-A4-C2-MULTI-HARD-VOTE-P01-L1-LOW-CAL-OFFICIAL-R2:8_PER_CLASS-MR02,P02-A4-Lee2019_MI-SSL-A4-C0-CORE-P01-L1-LOW-CAL-OFFICIAL-R2:8_PER_CLASS-MR02,0.5083333333333333,0.51,0.0016666666666667,0.5035327710444605,0.5068438003220612,0.0033110292776007
STAGE18S_SUPPLEMENT,Lee2019_MI,FULL_TRAIN,FULL,1,SSL,A4-C3-MULTI-PROB-AVG,C3,SSL-CBRAMOD,P02-A4S-R1-Lee2019_MI-SSL-A4-C3-MULTI-PROB-AVG-FULL_TRAIN-MR01,P02-A4-Lee2019_MI-SSL-A4-C0-CORE-FULL_TRAIN-MR01,0.6483333333333333,0.6733333333333333,0.025,0.6436202106187665,0.6730390684949787,0.0294188578762122
STAGE18S_SUPPLEMENT,Lee2019_MI,FULL_TRAIN,FULL,2,SSL,A4-C3-MULTI-PROB-AVG,C3,SSL-CBRAMOD,P02-A4S-R1-Lee2019_MI-SSL-A4-C3-MULTI-PROB-AVG-FULL_TRAIN-MR02,P02-A4-Lee2019_MI-SSL-A4-C0-CORE-FULL_TRAIN-MR02,0.705,0.6933333333333334,-0.0116666666666666,0.7043092335149613,0.693057084709572,-0.0112521488053893
STAGE18S_SUPPLEMENT,Lee2019_MI,P01-L1-LOW-CAL-OFFICIAL-R2:128_PER_CLASS,128,0,SSL,A4-C3-MULTI-PROB-AVG,C3,SSL-CBRAMOD,P02-A4S-R1-Lee2019_MI-SSL-A4-C3-MULTI-PROB-AVG-P01-L1-LOW-CAL-OFFICIAL-R2:128_PER_CLASS-MR00,P02-A4-Lee2019_MI-SSL-A4-C0-CORE-P01-L1-LOW-CAL-OFFICIAL-R2:128_PER_CLASS-MR00,0.5316666666666666,0.5083333333333333,-0.0233333333333333,0.5309774641069794,0.5081024147446996,-0.0228750493622797
STAGE18S_SUPPLEMENT,Lee2019_MI,P01-L1-LOW-CAL-OFFICIAL-R2:128_PER_CLASS,128,1,SSL,A4-C3-MULTI-PROB-AVG,C3,SSL-CBRAMOD,P02-A4S-R1-Lee2019_MI-SSL-A4-C3-MULTI-PROB-AVG-P01-L1-LOW-CAL-OFFICIAL-R2:128_PER_CLASS-MR01,P02-A4-Lee2019_MI-SSL-A4-C0-CORE-P01-L1-LOW-CAL-OFFICIAL-R2:128_PER_CLASS-MR01,0.5383333333333333,0.56,0.0216666666666667,0.5383012709215917,0.5599951110567896,0.0216938401351978
STAGE18S_SUPPLEMENT,Lee2019_MI,P01-L1-LOW-CAL-OFFICIAL-R2:128_PER_CLASS,128,2,SSL,A4-C3-MULTI-PROB-AVG,C3,SSL-CBRAMOD,P02-A4S-R1-Lee2019_MI-SSL-A4-C3-MULTI-PROB-AVG-P01-L1-LOW-CAL-OFFICIAL-R2:128_PER_CLASS-MR02,P02-A4-Lee2019_MI-SSL-A4-C0-CORE-P01-L1-LOW-CAL-OFFICIAL-R2:128_PER_CLASS-MR02,0.51,0.5333333333333333,0.0233333333333333,0.5053780325037294,0.5308101345010947,0.0254321019973653
STAGE18S_SUPPLEMENT,Lee2019_MI,P01-L1-LOW-CAL-OFFICIAL-R2:16_PER_CLASS,16,0,SSL,A4-C3-MULTI-PROB-AVG,C3,SSL-CBRAMOD,P02-A4S-R1-Lee2019_MI-SSL-A4-C3-MULTI-PROB-AVG-P01-L1-LOW-CAL-OFFICIAL-R2:16_PER_CLASS-MR00,P02-A4-Lee2019_MI-SSL-A4-C0-CORE-P01-L1-LOW-CAL-OFFICIAL-R2:16_PER_CLASS-MR00,0.48,0.5233333333333333,0.0433333333333332,0.4792999477074734,0.5207560659546897,0.0414561182472162
STAGE18S_SUPPLEMENT,Lee2019_MI,P01-L1-LOW-CAL-OFFICIAL-R2:1_PER_CLASS,1,1,SSL,A4-C3-MULTI-PROB-AVG,C3,SSL-CBRAMOD,P02-A4S-R1-Lee2019_MI-SSL-A4-C3-MULTI-PROB-AVG-P01-L1-LOW-CAL-OFFICIAL-R2:1_PER_CLASS-MR01,P02-A4-Lee2019_MI-SSL-A4-C0-CORE-P01-L1-LOW-CAL-OFFICIAL-R2:1_PER_CLASS-MR01,0.4783333333333333,0.5016666666666667,0.0233333333333333,0.4778096924971985,0.4428138830654554,-0.0349958094317431
STAGE18S_SUPPLEMENT,Lee2019_MI,P01-L1-LOW-CAL-OFFICIAL-R2:1_PER_CLASS,1,2,SSL,A4-C3-MULTI-PROB-AVG,C3,SSL-CBRAMOD,P02-A4S-R1-Lee2019_MI-SSL-A4-C3-MULTI-PROB-AVG-P01-L1-LOW-CAL-OFFICIAL-R2:1_PER_CLASS-MR02,P02-A4-Lee2019_MI-SSL-A4-C0-CORE-P01-L1-LOW-CAL-OFFICIAL-R2:1_PER_CLASS-MR02,0.4983333333333333,0.51,0.0116666666666666,0.4831005950353615,0.4553874652670577,-0.0277131297683037
STAGE18S_SUPPLEMENT,Lee2019_MI,P01-L1-LOW-CAL-OFFICIAL-R2:256_PER_CLASS,256,0,SSL,A4-C3-MULTI-PROB-AVG,C3,SSL-CBRAMOD,P02-A4S-R1-Lee2019_MI-SSL-A4-C3-MULTI-PROB-AVG-P01-L1-LOW-CAL-OFFICIAL-R2:256_PER_CLASS-MR00,P02-A4-Lee2019_MI-SSL-A4-C0-CORE-P01-L1-LOW-CAL-OFFICIAL-R2:256_PER_CLASS-MR00,0.5666666666666667,0.565,-0.0016666666666667,0.5636363636363636,0.5647956957571749,0.0011593321208113
STAGE18S_SUPPLEMENT,Lee2019_MI,P01-L1-LOW-CAL-OFFICIAL-R2:256_PER_CLASS,256,1,SSL,A4-C3-MULTI-PROB-AVG,C3,SSL-CBRAMOD,P02-A4S-R1-Lee2019_MI-SSL-A4-C3-MULTI-PROB-AVG-P01-L1-LOW-CAL-OFFICIAL-R2:256_PER_CLASS-MR01,P02-A4-Lee2019_MI-SSL-A4-C0-CORE-P01-L1-LOW-CAL-OFFICIAL-R2:256_PER_CLASS-MR01,0.5633333333333332,0.5766666666666667,0.0133333333333334,0.5627454689081988,0.5764972655728958,0.013751796664697
STAGE18S_SUPPLEMENT,Lee2019_MI,P01-L1-LOW-CAL-OFFICIAL-R2:256_PER_CLASS,256,2,SSL,A4-C3-MULTI-PROB-AVG,C3,SSL-CBRAMOD,P02-A4S-R1-Lee2019_MI-SSL-A4-C3-MULTI-PROB-AVG-P01-L1-LOW-CAL-OFFICIAL-R2:256_PER_CLASS-MR02,P02-A4-Lee2019_MI-SSL-A4-C0-CORE-P01-L1-LOW-CAL-OFFICIAL-R2:256_PER_CLASS-MR02,0.5633333333333334,0.5716666666666668,0.0083333333333334,0.5633284814275714,0.5714654935233485,0.0081370120957771
STAGE18S_SUPPLEMENT,Lee2019_MI,P01-L1-LOW-CAL-OFFICIAL-R2:32_PER_CLASS,32,0,SSL,A4-C3-MULTI-PROB-AVG,C3,SSL-CBRAMOD,P02-A4S-R1-Lee2019_MI-SSL-A4-C3-MULTI-PROB-AVG-P01-L1-LOW-CAL-OFFICIAL-R2:32_PER_CLASS-MR00,P02-A4-Lee2019_MI-SSL-A4-C0-CORE-P01-L1-LOW-CAL-OFFICIAL-R2:32_PER_CLASS-MR00,0.5083333333333333,0.52,0.0116666666666667,0.5074782608695653,0.5189523851944234,0.0114741243248581
STAGE18S_SUPPLEMENT,Lee2019_MI,P01-L1-LOW-CAL-OFFICIAL-R2:4_PER_CLASS,4,0,SSL,A4-C3-MULTI-PROB-AVG,C3,SSL-CBRAMOD,P02-A4S-R1-Lee2019_MI-SSL-A4-C3-MULTI-PROB-AVG-P01-L1-LOW-CAL-OFFICIAL-R2:4_PER_CLASS-MR00,P02-A4-Lee2019_MI-SSL-A4-C0-CORE-P01-L1-LOW-CAL-OFFICIAL-R2:4_PER_CLASS-MR00,0.495,0.51,0.015,0.4419461284628961,0.5043607264880418,0.0624145980251455
STAGE18S_SUPPLEMENT,Lee2019_MI,P01-L1-LOW-CAL-OFFICIAL-R2:64_PER_CLASS,64,0,SSL,A4-C3-MULTI-PROB-AVG,C3,SSL-CBRAMOD,P02-A4S-R1-Lee2019_MI-SSL-A4-C3-MULTI-PROB-AVG-P01-L1-LOW-CAL-OFFICIAL-R2:64_PER_CLASS-MR00,P02-A4-Lee2019_MI-SSL-A4-C0-CORE-P01-L1-LOW-CAL-OFFICIAL-R2:64_PER_CLASS-MR00,0.4766666666666667,0.5133333333333333,0.0366666666666666,0.4766143280994766,0.5132467994310099,0.0366324713315333
STAGE18S_SUPPLEMENT,Lee2019_MI,P01-L1-LOW-CAL-OFFICIAL-R2:64_PER_CLASS,64,1,SSL,A4-C3-MULTI-PROB-AVG,C3,SSL-CBRAMOD,P02-A4S-R1-Lee2019_MI-SSL-A4-C3-MULTI-PROB-AVG-P01-L1-LOW-CAL-OFFICIAL-R2:64_PER_CLASS-MR01,P02-A4-Lee2019_MI-SSL-A4-C0-CORE-P01-L1-LOW-CAL-OFFICIAL-R2:64_PER_CLASS-MR01,0.4916666666666667,0.515,0.0233333333333333,0.4911564096218708,0.5147722125108731,0.0236158028890023
STAGE18S_SUPPLEMENT,Lee2019_MI,P01-L1-LOW-CAL-OFFICIAL-R2:64_PER_CLASS,64,2,SSL,A4-C3-MULTI-PROB-AVG,C3,SSL-CBRAMOD,P02-A4S-R1-Lee2019_MI-SSL-A4-C3-MULTI-PROB-AVG-P01-L1-LOW-CAL-OFFICIAL-R2:64_PER_CLASS-MR02,P02-A4-Lee2019_MI-SSL-A4-C0-CORE-P01-L1-LOW-CAL-OFFICIAL-R2:64_PER_CLASS-MR02,0.4916666666666667,0.5166666666666666,0.0249999999999999,0.4899310152602606,0.5166451842304103,0.0267141689701496
STAGE18S_SUPPLEMENT,Lee2019_MI,P01-L1-LOW-CAL-OFFICIAL-R2:8_PER_CLASS,8,1,SSL,A4-C3-MULTI-PROB-AVG,C3,SSL-CBRAMOD,P02-A4S-R1-Lee2019_MI-SSL-A4-C3-MULTI-PROB-AVG-P01-L1-LOW-CAL-OFFICIAL-R2:8_PER_CLASS-MR01,P02-A4-Lee2019_MI-SSL-A4-C0-CORE-P01-L1-LOW-CAL-OFFICIAL-R2:8_PER_CLASS-MR01,0.52,0.5216666666666667,0.0016666666666667,0.5073891625615763,0.5144796163204772,0.0070904537589009
STAGE18S_SUPPLEMENT,Lee2019_MI,P01-L1-LOW-CAL-OFFICIAL-R2:8_PER_CLASS,8,2,SSL,A4-C3-MULTI-PROB-AVG,C3,SSL-CBRAMOD,P02-A4S-R1-Lee2019_MI-SSL-A4-C3-MULTI-PROB-AVG-P01-L1-LOW-CAL-OFFICIAL-R2:8_PER_CLASS-MR02,P02-A4-Lee2019_MI-SSL-A4-C0-CORE-P01-L1-LOW-CAL-OFFICIAL-R2:8_PER_CLASS-MR02,0.5083333333333333,0.5183333333333333,0.01,0.5035327710444605,0.5139467023217874,0.0104139312773269
STAGE18S_SUPPLEMENT,PhysioNetMI,FULL_TRAIN,FULL,1,NEURAL,A4-C1-LONG-3P5S,C1,DNN-EEGNET,P02-A4S-R1-PhysioNetMI-NEURAL-A4-C1-LONG-3P5S-FULL_TRAIN-MR01,P02-A4-PhysioNetMI-NEURAL-A4-C0-CORE-FULL_TRAIN-MR01,0.6296263025512037,0.691699604743083,0.0620733021918793,0.629571319328865,0.685,0.055428680671135
STAGE18S_SUPPLEMENT,PhysioNetMI,FULL_TRAIN,FULL,2,NEURAL,A4-C1-LONG-3P5S,C1,DNN-EEGNET,P02-A4S-R1-PhysioNetMI-NEURAL-A4-C1-LONG-3P5S-FULL_TRAIN-MR02,P02-A4-PhysioNetMI-NEURAL-A4-C0-CORE-FULL_TRAIN-MR02,0.6046532518864535,0.6696909809558032,0.0650377290693496,0.5967430375919642,0.6694930875576037,0.0727500499656395
STAGE18S_SUPPLEMENT,PhysioNetMI,P01-L1-LOW-CAL-OFFICIAL-R2:128_PER_CLASS,128,0,NEURAL,A4-C1-LONG-3P5S,C1,DNN-EEGNET,P02-A4S-R1-PhysioNetMI-NEURAL-A4-C1-LONG-3P5S-P01-L1-LOW-CAL-OFFICIAL-R2:128_PER_CLASS-MR00,P02-A4-PhysioNetMI-NEURAL-A4-C0-CORE-P01-L1-LOW-CAL-OFFICIAL-R2:128_PER_CLASS-MR00,0.5656665468918434,0.5697089471793029,0.0040424002874595,0.5655927408985709,0.5649763453577765,-0.0006163955407944
STAGE18S_SUPPLEMENT,PhysioNetMI,P01-L1-LOW-CAL-OFFICIAL-R2:128_PER_CLASS,128,1,NEURAL,A4-C1-LONG-3P5S,C1,DNN-EEGNET,P02-A4S-R1-PhysioNetMI-NEURAL-A4-C1-LONG-3P5S-P01-L1-LOW-CAL-OFFICIAL-R2:128_PER_CLASS-MR01,P02-A4-PhysioNetMI-NEURAL-A4-C0-CORE-P01-L1-LOW-CAL-OFFICIAL-R2:128_PER_CLASS-MR01,0.5672835070068272,0.5889328063241106,0.0216492993172834,0.5533834586466165,0.5885825885088909,0.0351991298622743
STAGE18S_SUPPLEMENT,PhysioNetMI,P01-L1-LOW-CAL-OFFICIAL-R2:128_PER_CLASS,128,2,NEURAL,A4-C1-LONG-3P5S,C1,DNN-EEGNET,P02-A4S-R1-PhysioNetMI-NEURAL-A4-C1-LONG-3P5S-P01-L1-LOW-CAL-OFFICIAL-R2:128_PER_CLASS-MR02,P02-A4-PhysioNetMI-NEURAL-A4-C0-CORE-P01-L1-LOW-CAL-OFFICIAL-R2:128_PER_CLASS-MR02,0.5147323032698526,0.5268595041322315,0.0121272008623788,0.4784390243902439,0.51203007518797,0.033591050797726
STAGE18S_SUPPLEMENT,PhysioNetMI,P01-L1-LOW-CAL-OFFICIAL-R2:16_PER_CLASS,16,0,NEURAL,A4-C1-LONG-3P5S,C1,DNN-EEGNET,P02-A4S-R1-PhysioNetMI-NEURAL-A4-C1-LONG-3P5S-P01-L1-LOW-CAL-OFFICIAL-R2:16_PER_CLASS-MR00,P02-A4-PhysioNetMI-NEURAL-A4-C0-CORE-P01-L1-LOW-CAL-OFFICIAL-R2:16_PER_CLASS-MR00,0.5324290334171757,0.4944304707150557,-0.03799856270212,0.510491473383743,0.4913016242154265,-0.0191898491683164
STAGE18S_SUPPLEMENT,PhysioNetMI,P01-L1-LOW-CAL-OFFICIAL-R2:1_PER_CLASS,1,1,NEURAL,A4-C1-LONG-3P5S,C1,DNN-EEGNET,P02-A4S-R1-PhysioNetMI-NEURAL-A4-C1-LONG-3P5S-P01-L1-LOW-CAL-OFFICIAL-R2:1_PER_CLASS-MR01,P02-A4-PhysioNetMI-NEURAL-A4-C0-CORE-P01-L1-LOW-CAL-OFFICIAL-R2:1_PER_CLASS-MR01,0.492903341717571,0.4974847287100251,0.0045813869924541,0.4494798234552333,0.387102667153818,-0.0623771563014152
STAGE18S_SUPPLEMENT,PhysioNetMI,P01-L1-LOW-CAL-OFFICIAL-R2:1_PER_CLASS,1,2,NEURAL,A4-C1-LONG-3P5S,C1,DNN-EEGNET,P02-A4S-R1-PhysioNetMI-NEURAL-A4-C1-LONG-3P5S-P01-L1-LOW-CAL-OFFICIAL-R2:1_PER_CLASS-MR02,P02-A4-PhysioNetMI-NEURAL-A4-C0-CORE-P01-L1-LOW-CAL-OFFICIAL-R2:1_PER_CLASS-MR02,0.4909270571325907,0.4845490477901545,-0.0063780093424362,0.475635593220339,0.4031302693588136,-0.0725053238615254
STAGE18S_SUPPLEMENT,PhysioNetMI,P01-L1-LOW-CAL-OFFICIAL-R2:256_PER_CLASS,256,0,NEURAL,A4-C1-LONG-3P5S,C1,DNN-EEGNET,P02-A4S-R1-PhysioNetMI-NEURAL-A4-C1-LONG-3P5S-P01-L1-LOW-CAL-OFFICIAL-R2:256_PER_CLASS-MR00,P02-A4-PhysioNetMI-NEURAL-A4-C0-CORE-P01-L1-LOW-CAL-OFFICIAL-R2:256_PER_CLASS-MR00,0.5566834351419332,0.5976464247215235,0.0409629895795903,0.5459450709545135,0.594368690179625,0.0484236192251115
STAGE18S_SUPPLEMENT,PhysioNetMI,P01-L1-LOW-CAL-OFFICIAL-R2:256_PER_CLASS,256,1,NEURAL,A4-C1-LONG-3P5S,C1,DNN-EEGNET,P02-A4S-R1-PhysioNetMI-NEURAL-A4-C1-LONG-3P5S-P01-L1-LOW-CAL-OFFICIAL-R2:256_PER_CLASS-MR01,P02-A4-PhysioNetMI-NEURAL-A4-C0-CORE-P01-L1-LOW-CAL-OFFICIAL-R2:256_PER_CLASS-MR01,0.6024074739489759,0.6206431908012935,0.0182357168523176,0.5963610305745914,0.6194827777572237,0.0231217471826322
STAGE18S_SUPPLEMENT,PhysioNetMI,P01-L1-LOW-CAL-OFFICIAL-R2:256_PER_CLASS,256,2,NEURAL,A4-C1-LONG-3P5S,C1,DNN-EEGNET,P02-A4S-R1-PhysioNetMI-NEURAL-A4-C1-LONG-3P5S-P01-L1-LOW-CAL-OFFICIAL-R2:256_PER_CLASS-MR02,P02-A4-PhysioNetMI-NEURAL-A4-C0-CORE-P01-L1-LOW-CAL-OFFICIAL-R2:256_PER_CLASS-MR02,0.5616241466043838,0.5922565576715775,0.0306324110671937,0.5444574713513104,0.5907054617856011,0.0462479904342907
STAGE18S_SUPPLEMENT,PhysioNetMI,P01-L1-LOW-CAL-OFFICIAL-R2:32_PER_CLASS,32,0,NEURAL,A4-C1-LONG-3P5S,C1,DNN-EEGNET,P02-A4S-R1-PhysioNetMI-NEURAL-A4-C1-LONG-3P5S-P01-L1-LOW-CAL-OFFICIAL-R2:32_PER_CLASS-MR00,P02-A4-PhysioNetMI-NEURAL-A4-C0-CORE-P01-L1-LOW-CAL-OFFICIAL-R2:32_PER_CLASS-MR00,0.5194933524973051,0.5008084800574919,-0.0186848724398132,0.5129657608404794,0.3725352112676056,-0.1404305495728737
STAGE18S_SUPPLEMENT,PhysioNetMI,P01-L1-LOW-CAL-OFFICIAL-R2:4_PER_CLASS,4,0,NEURAL,A4-C1-LONG-3P5S,C1,DNN-EEGNET,P02-A4S-R1-PhysioNetMI-NEURAL-A4-C1-LONG-3P5S-P01-L1-LOW-CAL-OFFICIAL-R2:4_PER_CLASS-MR00,P02-A4-PhysioNetMI-NEURAL-A4-C0-CORE-P01-L1-LOW-CAL-OFFICIAL-R2:4_PER_CLASS-MR00,0.490298239310097,0.5229069349622709,0.0326086956521739,0.4692121607247023,0.5192027901524994,0.049990629427797
STAGE18S_SUPPLEMENT,PhysioNetMI,P01-L1-LOW-CAL-OFFICIAL-R2:64_PER_CLASS,64,0,NEURAL,A4-C1-LONG-3P5S,C1,DNN-EEGNET,P02-A4S-R1-PhysioNetMI-NEURAL-A4-C1-LONG-3P5S-P01-L1-LOW-CAL-OFFICIAL-R2:64_PER_CLASS-MR00,P02-A4-PhysioNetMI-NEURAL-A4-C0-CORE-P01-L1-LOW-CAL-OFFICIAL-R2:64_PER_CLASS-MR00,0.5124865253323752,0.5334171757096658,0.0209306503772906,0.509860883797054,0.5200665568675933,0.0102056730705393
STAGE18S_SUPPLEMENT,PhysioNetMI,P01-L1-LOW-CAL-OFFICIAL-R2:64_PER_CLASS,64,1,NEURAL,A4-C1-LONG-3P5S,C1,DNN-EEGNET,P02-A4S-R1-PhysioNetMI-NEURAL-A4-C1-LONG-3P5S-P01-L1-LOW-CAL-OFFICIAL-R2:64_PER_CLASS-MR01,P02-A4-PhysioNetMI-NEURAL-A4-C0-CORE-P01-L1-LOW-CAL-OFFICIAL-R2:64_PER_CLASS-MR01,0.5084441250449157,0.5533596837944664,0.0449155587495507,0.4746764452113891,0.5387511966812041,0.0640747514698149
STAGE18S_SUPPLEMENT,PhysioNetMI,P01-L1-LOW-CAL-OFFICIAL-R2:64_PER_CLASS,64,2,NEURAL,A4-C1-LONG-3P5S,C1,DNN-EEGNET,P02-A4S-R1-PhysioNetMI-NEURAL-A4-C1-LONG-3P5S-P01-L1-LOW-CAL-OFFICIAL-R2:64_PER_CLASS-MR02,P02-A4-PhysioNetMI-NEURAL-A4-C0-CORE-P01-L1-LOW-CAL-OFFICIAL-R2:64_PER_CLASS-MR02,0.5513833992094862,0.4917355371900826,-0.0596478620194035,0.535024154589372,0.4908012672079213,-0.0442228873814507
STAGE18S_SUPPLEMENT,PhysioNetMI,P01-L1-LOW-CAL-OFFICIAL-R2:8_PER_CLASS,8,1,NEURAL,A4-C1-LONG-3P5S,C1,DNN-EEGNET,P02-A4S-R1-PhysioNetMI-NEURAL-A4-C1-LONG-3P5S-P01-L1-LOW-CAL-OFFICIAL-R2:8_PER_CLASS-MR01,P02-A4-PhysioNetMI-NEURAL-A4-C0-CORE-P01-L1-LOW-CAL-OFFICIAL-R2:8_PER_CLASS-MR01,0.5050305425799497,0.5001796622349982,-0.0048508803449515,0.3801652892561983,0.4931824992508241,0.1130172099946257
STAGE18S_SUPPLEMENT,PhysioNetMI,P01-L1-LOW-CAL-OFFICIAL-R2:8_PER_CLASS,8,2,NEURAL,A4-C1-LONG-3P5S,C1,DNN-EEGNET,P02-A4S-R1-PhysioNetMI-NEURAL-A4-C1-LONG-3P5S-P01-L1-LOW-CAL-OFFICIAL-R2:8_PER_CLASS-MR02,P02-A4-PhysioNetMI-NEURAL-A4-C0-CORE-P01-L1-LOW-CAL-OFFICIAL-R2:8_PER_CLASS-MR02,0.4887711103126123,0.5,0.0112288896873877,0.4722433427774073,0.3382352941176471,-0.1340080486597602
STAGE18S_SUPPLEMENT,PhysioNetMI,FULL_TRAIN,FULL,1,NEURAL,A4-C2-MULTI-HARD-VOTE,C2,DNN-EEGNET,P02-A4S-R1-PhysioNetMI-NEURAL-A4-C2-MULTI-HARD-VOTE-FULL_TRAIN-MR01,P02-A4-PhysioNetMI-NEURAL-A4-C0-CORE-FULL_TRAIN-MR01,0.6296263025512037,0.6436399568810636,0.0140136543298599,0.629571319328865,0.6435351882160393,0.0139638688871742
STAGE18S_SUPPLEMENT,PhysioNetMI,FULL_TRAIN,FULL,2,NEURAL,A4-C2-MULTI-HARD-VOTE,C2,DNN-EEGNET,P02-A4S-R1-PhysioNetMI-NEURAL-A4-C2-MULTI-HARD-VOTE-FULL_TRAIN-MR02,P02-A4-PhysioNetMI-NEURAL-A4-C0-CORE-FULL_TRAIN-MR02,0.6046532518864535,0.6632231404958677,0.0585698886094142,0.5967430375919642,0.6625766871165644,0.0658336495246001
STAGE18S_SUPPLEMENT,PhysioNetMI,P01-L1-LOW-CAL-OFFICIAL-R2:128_PER_CLASS,128,0,NEURAL,A4-C2-MULTI-HARD-VOTE,C2,DNN-EEGNET,P02-A4S-R1-PhysioNetMI-NEURAL-A4-C2-MULTI-HARD-VOTE-P01-L1-LOW-CAL-OFFICIAL-R2:128_PER_CLASS-MR00,P02-A4-PhysioNetMI-NEURAL-A4-C0-CORE-P01-L1-LOW-CAL-OFFICIAL-R2:128_PER_CLASS-MR00,0.5656665468918434,0.5846209126841537,0.0189543657923103,0.5655927408985709,0.5763966116689887,0.0108038707704177
STAGE18S_SUPPLEMENT,PhysioNetMI,P01-L1-LOW-CAL-OFFICIAL-R2:128_PER_CLASS,128,1,NEURAL,A4-C2-MULTI-HARD-VOTE,C2,DNN-EEGNET,P02-A4S-R1-PhysioNetMI-NEURAL-A4-C2-MULTI-HARD-VOTE-P01-L1-LOW-CAL-OFFICIAL-R2:128_PER_CLASS-MR01,P02-A4-PhysioNetMI-NEURAL-A4-C0-CORE-P01-L1-LOW-CAL-OFFICIAL-R2:128_PER_CLASS-MR01,0.5672835070068272,0.5433884297520661,-0.023895077254761,0.5533834586466165,0.5433430213571941,-0.0100404372894223
STAGE18S_SUPPLEMENT,PhysioNetMI,P01-L1-LOW-CAL-OFFICIAL-R2:128_PER_CLASS,128,2,NEURAL,A4-C2-MULTI-HARD-VOTE,C2,DNN-EEGNET,P02-A4S-R1-PhysioNetMI-NEURAL-A4-C2-MULTI-HARD-VOTE-P01-L1-LOW-CAL-OFFICIAL-R2:128_PER_CLASS-MR02,P02-A4-PhysioNetMI-NEURAL-A4-C0-CORE-P01-L1-LOW-CAL-OFFICIAL-R2:128_PER_CLASS-MR02,0.5147323032698526,0.5599173553719008,0.0451850521020481,0.4784390243902439,0.5537217641174267,0.0752827397271828
STAGE18S_SUPPLEMENT,PhysioNetMI,P01-L1-LOW-CAL-OFFICIAL-R2:16_PER_CLASS,16,0,NEURAL,A4-C2-MULTI-HARD-VOTE,C2,DNN-EEGNET,P02-A4S-R1-PhysioNetMI-NEURAL-A4-C2-MULTI-HARD-VOTE-P01-L1-LOW-CAL-OFFICIAL-R2:16_PER_CLASS-MR00,P02-A4-PhysioNetMI-NEURAL-A4-C0-CORE-P01-L1-LOW-CAL-OFFICIAL-R2:16_PER_CLASS-MR00,0.5324290334171757,0.5271289974847287,-0.0053000359324469,0.510491473383743,0.4901889972312507,-0.0203024761524922
STAGE18S_SUPPLEMENT,PhysioNetMI,P01-L1-LOW-CAL-OFFICIAL-R2:1_PER_CLASS,1,1,NEURAL,A4-C2-MULTI-HARD-VOTE,C2,DNN-EEGNET,P02-A4S-R1-PhysioNetMI-NEURAL-A4-C2-MULTI-HARD-VOTE-P01-L1-LOW-CAL-OFFICIAL-R2:1_PER_CLASS-MR01,P02-A4-PhysioNetMI-NEURAL-A4-C0-CORE-P01-L1-LOW-CAL-OFFICIAL-R2:1_PER_CLASS-MR01,0.492903341717571,0.5030542579949695,0.0101509162773985,0.4494798234552333,0.5029795918367347,0.0534997683815013
STAGE18S_SUPPLEMENT,PhysioNetMI,P01-L1-LOW-CAL-OFFICIAL-R2:1_PER_CLASS,1,2,NEURAL,A4-C2-MULTI-HARD-VOTE,C2,DNN-EEGNET,P02-A4S-R1-PhysioNetMI-NEURAL-A4-C2-MULTI-HARD-VOTE-P01-L1-LOW-CAL-OFFICIAL-R2:1_PER_CLASS-MR02,P02-A4-PhysioNetMI-NEURAL-A4-C0-CORE-P01-L1-LOW-CAL-OFFICIAL-R2:1_PER_CLASS-MR02,0.4909270571325907,0.5012576356449874,0.0103305785123966,0.475635593220339,0.4342857142857143,-0.0413498789346247
STAGE18S_SUPPLEMENT,PhysioNetMI,P01-L1-LOW-CAL-OFFICIAL-R2:256_PER_CLASS,256,0,NEURAL,A4-C2-MULTI-HARD-VOTE,C2,DNN-EEGNET,P02-A4S-R1-PhysioNetMI-NEURAL-A4-C2-MULTI-HARD-VOTE-P01-L1-LOW-CAL-OFFICIAL-R2:256_PER_CLASS-MR00,P02-A4-PhysioNetMI-NEURAL-A4-C0-CORE-P01-L1-LOW-CAL-OFFICIAL-R2:256_PER_CLASS-MR00,0.5566834351419332,0.578512396694215,0.0218289615522817,0.5459450709545135,0.5776866283839213,0.0317415574294077
STAGE18S_SUPPLEMENT,PhysioNetMI,P01-L1-LOW-CAL-OFFICIAL-R2:256_PER_CLASS,256,1,NEURAL,A4-C2-MULTI-HARD-VOTE,C2,DNN-EEGNET,P02-A4S-R1-PhysioNetMI-NEURAL-A4-C2-MULTI-HARD-VOTE-P01-L1-LOW-CAL-OFFICIAL-R2:256_PER_CLASS-MR01,P02-A4-PhysioNetMI-NEURAL-A4-C0-CORE-P01-L1-LOW-CAL-OFFICIAL-R2:256_PER_CLASS-MR01,0.6024074739489759,0.6104024434063959,0.00799496945742,0.5963610305745914,0.6088888888888889,0.0125278583142974
STAGE18S_SUPPLEMENT,PhysioNetMI,P01-L1-LOW-CAL-OFFICIAL-R2:256_PER_CLASS,256,2,NEURAL,A4-C2-MULTI-HARD-VOTE,C2,DNN-EEGNET,P02-A4S-R1-PhysioNetMI-NEURAL-A4-C2-MULTI-HARD-VOTE-P01-L1-LOW-CAL-OFFICIAL-R2:256_PER_CLASS-MR02,P02-A4-PhysioNetMI-NEURAL-A4-C0-CORE-P01-L1-LOW-CAL-OFFICIAL-R2:256_PER_CLASS-MR02,0.5616241466043838,0.603395616241466,0.0417714696370822,0.5444574713513104,0.601082434372814,0.0566249630215035
STAGE18S_SUPPLEMENT,PhysioNetMI,P01-L1-LOW-CAL-OFFICIAL-R2:32_PER_CLASS,32,0,NEURAL,A4-C2-MULTI-HARD-VOTE,C2,DNN-EEGNET,P02-A4S-R1-PhysioNetMI-NEURAL-A4-C2-MULTI-HARD-VOTE-P01-L1-LOW-CAL-OFFICIAL-R2:32_PER_CLASS-MR00,P02-A4-PhysioNetMI-NEURAL-A4-C0-CORE-P01-L1-LOW-CAL-OFFICIAL-R2:32_PER_CLASS-MR00,0.5194933524973051,0.4883219547251167,-0.0311713977721883,0.5129657608404794,0.467584557831,-0.0453812030094793
STAGE18S_SUPPLEMENT,PhysioNetMI,P01-L1-LOW-CAL-OFFICIAL-R2:4_PER_CLASS,4,0,NEURAL,A4-C2-MULTI-HARD-VOTE,C2,DNN-EEGNET,P02-A4S-R1-PhysioNetMI-NEURAL-A4-C2-MULTI-HARD-VOTE-P01-L1-LOW-CAL-OFFICIAL-R2:4_PER_CLASS-MR00,P02-A4-PhysioNetMI-NEURAL-A4-C0-CORE-P01-L1-LOW-CAL-OFFICIAL-R2:4_PER_CLASS-MR00,0.490298239310097,0.4882321236076177,-0.0020661157024792,0.4692121607247023,0.3364324324324324,-0.1327797282922698
STAGE18S_SUPPLEMENT,PhysioNetMI,P01-L1-LOW-CAL-OFFICIAL-R2:64_PER_CLASS,64,0,NEURAL,A4-C2-MULTI-HARD-VOTE,C2,DNN-EEGNET,P02-A4S-R1-PhysioNetMI-NEURAL-A4-C2-MULTI-HARD-VOTE-P01-L1-LOW-CAL-OFFICIAL-R2:64_PER_CLASS-MR00,P02-A4-PhysioNetMI-NEURAL-A4-C0-CORE-P01-L1-LOW-CAL-OFFICIAL-R2:64_PER_CLASS-MR00,0.5124865253323752,0.5565936040244341,0.0441070786920589,0.509860883797054,0.5295321437133952,0.0196712599163412
STAGE18S_SUPPLEMENT,PhysioNetMI,P01-L1-LOW-CAL-OFFICIAL-R2:64_PER_CLASS,64,1,NEURAL,A4-C2-MULTI-HARD-VOTE,C2,DNN-EEGNET,P02-A4S-R1-PhysioNetMI-NEURAL-A4-C2-MULTI-HARD-VOTE-P01-L1-LOW-CAL-OFFICIAL-R2:64_PER_CLASS-MR01,P02-A4-PhysioNetMI-NEURAL-A4-C0-CORE-P01-L1-LOW-CAL-OFFICIAL-R2:64_PER_CLASS-MR01,0.5084441250449157,0.5374595759971255,0.0290154509522098,0.4746764452113891,0.5321437964363206,0.0574673512249314
STAGE18S_SUPPLEMENT,PhysioNetMI,P01-L1-LOW-CAL-OFFICIAL-R2:64_PER_CLASS,64,2,NEURAL,A4-C2-MULTI-HARD-VOTE,C2,DNN-EEGNET,P02-A4S-R1-PhysioNetMI-NEURAL-A4-C2-MULTI-HARD-VOTE-P01-L1-LOW-CAL-OFFICIAL-R2:64_PER_CLASS-MR02,P02-A4-PhysioNetMI-NEURAL-A4-C0-CORE-P01-L1-LOW-CAL-OFFICIAL-R2:64_PER_CLASS-MR02,0.5513833992094862,0.4939813151275602,-0.0574020840819259,0.535024154589372,0.3977029914529915,-0.1373211631363805
STAGE18S_SUPPLEMENT,PhysioNetMI,P01-L1-LOW-CAL-OFFICIAL-R2:8_PER_CLASS,8,1,NEURAL,A4-C2-MULTI-HARD-VOTE,C2,DNN-EEGNET,P02-A4S-R1-PhysioNetMI-NEURAL-A4-C2-MULTI-HARD-VOTE-P01-L1-LOW-CAL-OFFICIAL-R2:8_PER_CLASS-MR01,P02-A4-PhysioNetMI-NEURAL-A4-C0-CORE-P01-L1-LOW-CAL-OFFICIAL-R2:8_PER_CLASS-MR01,0.5050305425799497,0.4981135465325189,-0.0069169960474308,0.3801652892561983,0.3409943843309135,-0.0391709049252848
STAGE18S_SUPPLEMENT,PhysioNetMI,P01-L1-LOW-CAL-OFFICIAL-R2:8_PER_CLASS,8,2,NEURAL,A4-C2-MULTI-HARD-VOTE,C2,DNN-EEGNET,P02-A4S-R1-PhysioNetMI-NEURAL-A4-C2-MULTI-HARD-VOTE-P01-L1-LOW-CAL-OFFICIAL-R2:8_PER_CLASS-MR02,P02-A4-PhysioNetMI-NEURAL-A4-C0-CORE-P01-L1-LOW-CAL-OFFICIAL-R2:8_PER_CLASS-MR02,0.4887711103126123,0.503593244699964,0.0148221343873517,0.4722433427774073,0.5021163391233306,0.0298729963459233
STAGE18S_SUPPLEMENT,PhysioNetMI,FULL_TRAIN,FULL,1,NEURAL,A4-C3-MULTI-PROB-AVG,C3,DNN-EEGNET,P02-A4S-R1-PhysioNetMI-NEURAL-A4-C3-MULTI-PROB-AVG-FULL_TRAIN-MR01,P02-A4-PhysioNetMI-NEURAL-A4-C0-CORE-FULL_TRAIN-MR01,0.6296263025512037,0.6623248293208768,0.0326985267696731,0.629571319328865,0.6623561751263127,0.0327848557974477
STAGE18S_SUPPLEMENT,PhysioNetMI,FULL_TRAIN,FULL,2,NEURAL,A4-C3-MULTI-PROB-AVG,C3,DNN-EEGNET,P02-A4S-R1-PhysioNetMI-NEURAL-A4-C3-MULTI-PROB-AVG-FULL_TRAIN-MR02,P02-A4-PhysioNetMI-NEURAL-A4-C0-CORE-FULL_TRAIN-MR02,0.6046532518864535,0.6896334890406037,0.0849802371541502,0.5967430375919642,0.6887860082304527,0.0920429706384884
STAGE18S_SUPPLEMENT,PhysioNetMI,P01-L1-LOW-CAL-OFFICIAL-R2:128_PER_CLASS,128,0,NEURAL,A4-C3-MULTI-PROB-AVG,C3,DNN-EEGNET,P02-A4S-R1-PhysioNetMI-NEURAL-A4-C3-MULTI-PROB-AVG-P01-L1-LOW-CAL-OFFICIAL-R2:128_PER_CLASS-MR00,P02-A4-PhysioNetMI-NEURAL-A4-C0-CORE-P01-L1-LOW-CAL-OFFICIAL-R2:128_PER_CLASS-MR00,0.5656665468918434,0.5568630973769313,-0.008803449514912,0.5655927408985709,0.5449478163568371,-0.0206449245417338
STAGE18S_SUPPLEMENT,PhysioNetMI,P01-L1-LOW-CAL-OFFICIAL-R2:128_PER_CLASS,128,1,NEURAL,A4-C3-MULTI-PROB-AVG,C3,DNN-EEGNET,P02-A4S-R1-PhysioNetMI-NEURAL-A4-C3-MULTI-PROB-AVG-P01-L1-LOW-CAL-OFFICIAL-R2:128_PER_CLASS-MR01,P02-A4-PhysioNetMI-NEURAL-A4-C0-CORE-P01-L1-LOW-CAL-OFFICIAL-R2:128_PER_CLASS-MR01,0.5672835070068272,0.554707150556953,-0.0125763564498742,0.5533834586466165,0.5436461794019933,-0.0097372792446231
STAGE18S_SUPPLEMENT,PhysioNetMI,P01-L1-LOW-CAL-OFFICIAL-R2:128_PER_CLASS,128,2,NEURAL,A4-C3-MULTI-PROB-AVG,C3,DNN-EEGNET,P02-A4S-R1-PhysioNetMI-NEURAL-A4-C3-MULTI-PROB-AVG-P01-L1-LOW-CAL-OFFICIAL-R2:128_PER_CLASS-MR02,P02-A4-PhysioNetMI-NEURAL-A4-C0-CORE-P01-L1-LOW-CAL-OFFICIAL-R2:128_PER_CLASS-MR02,0.5147323032698526,0.5590190441969098,0.0442867409270572,0.4784390243902439,0.5563517755341745,0.0779127511439305
STAGE18S_SUPPLEMENT,PhysioNetMI,P01-L1-LOW-CAL-OFFICIAL-R2:16_PER_CLASS,16,0,NEURAL,A4-C3-MULTI-PROB-AVG,C3,DNN-EEGNET,P02-A4S-R1-PhysioNetMI-NEURAL-A4-C3-MULTI-PROB-AVG-P01-L1-LOW-CAL-OFFICIAL-R2:16_PER_CLASS-MR00,P02-A4-PhysioNetMI-NEURAL-A4-C0-CORE-P01-L1-LOW-CAL-OFFICIAL-R2:16_PER_CLASS-MR00,0.5324290334171757,0.5373697448796263,0.0049407114624505,0.510491473383743,0.5031180044771346,-0.0073734689066083
STAGE18S_SUPPLEMENT,PhysioNetMI,P01-L1-LOW-CAL-OFFICIAL-R2:1_PER_CLASS,1,1,NEURAL,A4-C3-MULTI-PROB-AVG,C3,DNN-EEGNET,P02-A4S-R1-PhysioNetMI-NEURAL-A4-C3-MULTI-PROB-AVG-P01-L1-LOW-CAL-OFFICIAL-R2:1_PER_CLASS-MR01,P02-A4-PhysioNetMI-NEURAL-A4-C0-CORE-P01-L1-LOW-CAL-OFFICIAL-R2:1_PER_CLASS-MR01,0.492903341717571,0.4991915199425081,0.0062881782249371,0.4494798234552333,0.4989878542510121,0.0495080307957788
STAGE18S_SUPPLEMENT,PhysioNetMI,P01-L1-LOW-CAL-OFFICIAL-R2:1_PER_CLASS,1,2,NEURAL,A4-C3-MULTI-PROB-AVG,C3,DNN-EEGNET,P02-A4S-R1-PhysioNetMI-NEURAL-A4-C3-MULTI-PROB-AVG-P01-L1-LOW-CAL-OFFICIAL-R2:1_PER_CLASS-MR02,P02-A4-PhysioNetMI-NEURAL-A4-C0-CORE-P01-L1-LOW-CAL-OFFICIAL-R2:1_PER_CLASS-MR02,0.4909270571325907,0.4976643909450233,0.0067373338124325,0.475635593220339,0.4388663967611336,-0.0367691964592054
STAGE18S_SUPPLEMENT,PhysioNetMI,P01-L1-LOW-CAL-OFFICIAL-R2:256_PER_CLASS,256,0,NEURAL,A4-C3-MULTI-PROB-AVG,C3,DNN-EEGNET,P02-A4S-R1-PhysioNetMI-NEURAL-A4-C3-MULTI-PROB-AVG-P01-L1-LOW-CAL-OFFICIAL-R2:256_PER_CLASS-MR00,P02-A4-PhysioNetMI-NEURAL-A4-C0-CORE-P01-L1-LOW-CAL-OFFICIAL-R2:256_PER_CLASS-MR00,0.5566834351419332,0.6171397772188286,0.0604563420768954,0.5459450709545135,0.6158088235294117,0.0698637525748981
STAGE18S_SUPPLEMENT,PhysioNetMI,P01-L1-LOW-CAL-OFFICIAL-R2:256_PER_CLASS,256,1,NEURAL,A4-C3-MULTI-PROB-AVG,C3,DNN-EEGNET,P02-A4S-R1-PhysioNetMI-NEURAL-A4-C3-MULTI-PROB-AVG-P01-L1-LOW-CAL-OFFICIAL-R2:256_PER_CLASS-MR01,P02-A4-PhysioNetMI-NEURAL-A4-C0-CORE-P01-L1-LOW-CAL-OFFICIAL-R2:256_PER_CLASS-MR01,0.6024074739489759,0.6012396694214877,-0.0011678045274882,0.5963610305745914,0.601082434372814,0.0047214037982225
STAGE18S_SUPPLEMENT,PhysioNetMI,P01-L1-LOW-CAL-OFFICIAL-R2:256_PER_CLASS,256,2,NEURAL,A4-C3-MULTI-PROB-AVG,C3,DNN-EEGNET,P02-A4S-R1-PhysioNetMI-NEURAL-A4-C3-MULTI-PROB-AVG-P01-L1-LOW-CAL-OFFICIAL-R2:256_PER_CLASS-MR02,P02-A4-PhysioNetMI-NEURAL-A4-C0-CORE-P01-L1-LOW-CAL-OFFICIAL-R2:256_PER_CLASS-MR02,0.5616241466043838,0.6152533237513474,0.0536291771469636,0.5444574713513104,0.6136305123395491,0.0691730409882387
STAGE18S_SUPPLEMENT,PhysioNetMI,P01-L1-LOW-CAL-OFFICIAL-R2:32_PER_CLASS,32,0,NEURAL,A4-C3-MULTI-PROB-AVG,C3,DNN-EEGNET,P02-A4S-R1-PhysioNetMI-NEURAL-A4-C3-MULTI-PROB-AVG-P01-L1-LOW-CAL-OFFICIAL-R2:32_PER_CLASS-MR00,P02-A4-PhysioNetMI-NEURAL-A4-C0-CORE-P01-L1-LOW-CAL-OFFICIAL-R2:32_PER_CLASS-MR00,0.5194933524973051,0.5134746676248653,-0.0060186848724398,0.5129657608404794,0.5014139353761995,-0.0115518254642799
STAGE18S_SUPPLEMENT,PhysioNetMI,P01-L1-LOW-CAL-OFFICIAL-R2:4_PER_CLASS,4,0,NEURAL,A4-C3-MULTI-PROB-AVG,C3,DNN-EEGNET,P02-A4S-R1-PhysioNetMI-NEURAL-A4-C3-MULTI-PROB-AVG-P01-L1-LOW-CAL-OFFICIAL-R2:4_PER_CLASS-MR00,P02-A4-PhysioNetMI-NEURAL-A4-C0-CORE-P01-L1-LOW-CAL-OFFICIAL-R2:4_PER_CLASS-MR00,0.490298239310097,0.4986525332375135,0.0083542939274165,0.4692121607247023,0.4187009086708763,-0.0505112520538259
STAGE18S_SUPPLEMENT,PhysioNetMI,P01-L1-LOW-CAL-OFFICIAL-R2:64_PER_CLASS,64,0,NEURAL,A4-C3-MULTI-PROB-AVG,C3,DNN-EEGNET,P02-A4S-R1-PhysioNetMI-NEURAL-A4-C3-MULTI-PROB-AVG-P01-L1-LOW-CAL-OFFICIAL-R2:64_PER_CLASS-MR00,P02-A4-PhysioNetMI-NEURAL-A4-C0-CORE-P01-L1-LOW-CAL-OFFICIAL-R2:64_PER_CLASS-MR00,0.5124865253323752,0.5417714696370823,0.0292849443047071,0.509860883797054,0.5414066549397807,0.0315457711427267
STAGE18S_SUPPLEMENT,PhysioNetMI,P01-L1-LOW-CAL-OFFICIAL-R2:64_PER_CLASS,64,1,NEURAL,A4-C3-MULTI-PROB-AVG,C3,DNN-EEGNET,P02-A4S-R1-PhysioNetMI-NEURAL-A4-C3-MULTI-PROB-AVG-P01-L1-LOW-CAL-OFFICIAL-R2:64_PER_CLASS-MR01,P02-A4-PhysioNetMI-NEURAL-A4-C0-CORE-P01-L1-LOW-CAL-OFFICIAL-R2:64_PER_CLASS-MR01,0.5084441250449157,0.5135644987423643,0.0051203736974486,0.4746764452113891,0.5130995187931872,0.038423073581798
STAGE18S_SUPPLEMENT,PhysioNetMI,P01-L1-LOW-CAL-OFFICIAL-R2:64_PER_CLASS,64,2,NEURAL,A4-C3-MULTI-PROB-AVG,C3,DNN-EEGNET,P02-A4S-R1-PhysioNetMI-NEURAL-A4-C3-MULTI-PROB-AVG-P01-L1-LOW-CAL-OFFICIAL-R2:64_PER_CLASS-MR02,P02-A4-PhysioNetMI-NEURAL-A4-C0-CORE-P01-L1-LOW-CAL-OFFICIAL-R2:64_PER_CLASS-MR02,0.5513833992094862,0.5203916636722961,-0.0309917355371901,0.535024154589372,0.5183249926405652,-0.0166991619488068
STAGE18S_SUPPLEMENT,PhysioNetMI,P01-L1-LOW-CAL-OFFICIAL-R2:8_PER_CLASS,8,1,NEURAL,A4-C3-MULTI-PROB-AVG,C3,DNN-EEGNET,P02-A4S-R1-PhysioNetMI-NEURAL-A4-C3-MULTI-PROB-AVG-P01-L1-LOW-CAL-OFFICIAL-R2:8_PER_CLASS-MR01,P02-A4-PhysioNetMI-NEURAL-A4-C0-CORE-P01-L1-LOW-CAL-OFFICIAL-R2:8_PER_CLASS-MR01,0.5050305425799497,0.4960474308300395,-0.0089831117499101,0.3801652892561983,0.3364611260053619,-0.0437041632508364
STAGE18S_SUPPLEMENT,PhysioNetMI,P01-L1-LOW-CAL-OFFICIAL-R2:8_PER_CLASS,8,2,NEURAL,A4-C3-MULTI-PROB-AVG,C3,DNN-EEGNET,P02-A4S-R1-PhysioNetMI-NEURAL-A4-C3-MULTI-PROB-AVG-P01-L1-LOW-CAL-OFFICIAL-R2:8_PER_CLASS-MR02,P02-A4-PhysioNetMI-NEURAL-A4-C0-CORE-P01-L1-LOW-CAL-OFFICIAL-R2:8_PER_CLASS-MR02,0.4887711103126123,0.4823032698526769,-0.0064678404599353,0.4722433427774073,0.3951002831981999,-0.0771430595792073
STAGE18S_SUPPLEMENT,PhysioNetMI,FULL_TRAIN,FULL,1,SSL,A4-C2-MULTI-HARD-VOTE,C2,SSL-CBRAMOD,P02-A4S-R1-PhysioNetMI-SSL-A4-C2-MULTI-HARD-VOTE-FULL_TRAIN-MR01,P02-A4-PhysioNetMI-SSL-A4-C0-CORE-FULL_TRAIN-MR01,0.5364714337046353,0.5352137980596479,-0.0012576356449874,0.5346679527842266,0.5318017917549533,-0.0028661610292732
STAGE18S_SUPPLEMENT,PhysioNetMI,FULL_TRAIN,FULL,2,SSL,A4-C2-MULTI-HARD-VOTE,C2,SSL-CBRAMOD,P02-A4S-R1-PhysioNetMI-SSL-A4-C2-MULTI-HARD-VOTE-FULL_TRAIN-MR02,P02-A4-PhysioNetMI-SSL-A4-C0-CORE-FULL_TRAIN-MR02,0.5849802371541502,0.5490477901545096,-0.0359324469996406,0.5832243403197854,0.5459161943452477,-0.0373081459745376
STAGE18S_SUPPLEMENT,PhysioNetMI,P01-L1-LOW-CAL-OFFICIAL-R2:128_PER_CLASS,128,0,SSL,A4-C2-MULTI-HARD-VOTE,C2,SSL-CBRAMOD,P02-A4S-R1-PhysioNetMI-SSL-A4-C2-MULTI-HARD-VOTE-P01-L1-LOW-CAL-OFFICIAL-R2:128_PER_CLASS-MR00,P02-A4-PhysioNetMI-SSL-A4-C0-CORE-P01-L1-LOW-CAL-OFFICIAL-R2:128_PER_CLASS-MR00,0.4917355371900826,0.5044017247574559,0.0126661875673733,0.4908012672079213,0.4984219269102989,0.0076206597023776
STAGE18S_SUPPLEMENT,PhysioNetMI,P01-L1-LOW-CAL-OFFICIAL-R2:128_PER_CLASS,128,1,SSL,A4-C2-MULTI-HARD-VOTE,C2,SSL-CBRAMOD,P02-A4S-R1-PhysioNetMI-SSL-A4-C2-MULTI-HARD-VOTE-P01-L1-LOW-CAL-OFFICIAL-R2:128_PER_CLASS-MR01,P02-A4-PhysioNetMI-SSL-A4-C0-CORE-P01-L1-LOW-CAL-OFFICIAL-R2:128_PER_CLASS-MR01,0.516708587854833,0.5071864893999282,-0.0095220984549048,0.516666734758078,0.4871892055791388,-0.0294775291789392
STAGE18S_SUPPLEMENT,PhysioNetMI,P01-L1-LOW-CAL-OFFICIAL-R2:128_PER_CLASS,128,2,SSL,A4-C2-MULTI-HARD-VOTE,C2,SSL-CBRAMOD,P02-A4S-R1-PhysioNetMI-SSL-A4-C2-MULTI-HARD-VOTE-P01-L1-LOW-CAL-OFFICIAL-R2:128_PER_CLASS-MR02,P02-A4-PhysioNetMI-SSL-A4-C0-CORE-P01-L1-LOW-CAL-OFFICIAL-R2:128_PER_CLASS-MR02,0.4836507366151635,0.4808659719726913,-0.0027847646424721,0.4826865463666132,0.4655762969486301,-0.0171102494179831
STAGE18S_SUPPLEMENT,PhysioNetMI,P01-L1-LOW-CAL-OFFICIAL-R2:16_PER_CLASS,16,0,SSL,A4-C2-MULTI-HARD-VOTE,C2,SSL-CBRAMOD,P02-A4S-R1-PhysioNetMI-SSL-A4-C2-MULTI-HARD-VOTE-P01-L1-LOW-CAL-OFFICIAL-R2:16_PER_CLASS-MR00,P02-A4-PhysioNetMI-SSL-A4-C0-CORE-P01-L1-LOW-CAL-OFFICIAL-R2:16_PER_CLASS-MR00,0.5226374416097737,0.5191340280273087,-0.0035034135824649,0.5031825824383214,0.5041932636153741,0.0010106811770527
STAGE18S_SUPPLEMENT,PhysioNetMI,P01-L1-LOW-CAL-OFFICIAL-R2:1_PER_CLASS,1,1,SSL,A4-C2-MULTI-HARD-VOTE,C2,SSL-CBRAMOD,P02-A4S-R1-PhysioNetMI-SSL-A4-C2-MULTI-HARD-VOTE-P01-L1-LOW-CAL-OFFICIAL-R2:1_PER_CLASS-MR01,P02-A4-PhysioNetMI-SSL-A4-C0-CORE-P01-L1-LOW-CAL-OFFICIAL-R2:1_PER_CLASS-MR01,0.4932626661875674,0.4854473589651455,-0.0078153072224218,0.3764849254465017,0.4839856190695079,0.1075006936230061
STAGE18S_SUPPLEMENT,PhysioNetMI,P01-L1-LOW-CAL-OFFICIAL-R2:1_PER_CLASS,1,2,SSL,A4-C2-MULTI-HARD-VOTE,C2,SSL-CBRAMOD,P02-A4S-R1-PhysioNetMI-SSL-A4-C2-MULTI-HARD-VOTE-P01-L1-LOW-CAL-OFFICIAL-R2:1_PER_CLASS-MR02,P02-A4-PhysioNetMI-SSL-A4-C0-CORE-P01-L1-LOW-CAL-OFFICIAL-R2:1_PER_CLASS-MR02,0.5113187208048868,0.4911067193675889,-0.0202120014372979,0.5051812299199059,0.3696023181351799,-0.1355789117847259
STAGE18S_SUPPLEMENT,PhysioNetMI,P01-L1-LOW-CAL-OFFICIAL-R2:256_PER_CLASS,256,0,SSL,A4-C2-MULTI-HARD-VOTE,C2,SSL-CBRAMOD,P02-A4S-R1-PhysioNetMI-SSL-A4-C2-MULTI-HARD-VOTE-P01-L1-LOW-CAL-OFFICIAL-R2:256_PER_CLASS-MR00,P02-A4-PhysioNetMI-SSL-A4-C0-CORE-P01-L1-LOW-CAL-OFFICIAL-R2:256_PER_CLASS-MR00,0.5298239310097017,0.5443765720445563,0.0145526410348545,0.5222007722007722,0.543778801843318,0.0215780296425457
STAGE18S_SUPPLEMENT,PhysioNetMI,P01-L1-LOW-CAL-OFFICIAL-R2:256_PER_CLASS,256,1,SSL,A4-C2-MULTI-HARD-VOTE,C2,SSL-CBRAMOD,P02-A4S-R1-PhysioNetMI-SSL-A4-C2-MULTI-HARD-VOTE-P01-L1-LOW-CAL-OFFICIAL-R2:256_PER_CLASS-MR01,P02-A4-PhysioNetMI-SSL-A4-C0-CORE-P01-L1-LOW-CAL-OFFICIAL-R2:256_PER_CLASS-MR01,0.500898311174991,0.5440172475745598,0.0431189363995688,0.5008797318756864,0.5433430213571941,0.0424632894815077
STAGE18S_SUPPLEMENT,PhysioNetMI,P01-L1-LOW-CAL-OFFICIAL-R2:256_PER_CLASS,256,2,SSL,A4-C2-MULTI-HARD-VOTE,C2,SSL-CBRAMOD,P02-A4S-R1-PhysioNetMI-SSL-A4-C2-MULTI-HARD-VOTE-P01-L1-LOW-CAL-OFFICIAL-R2:256_PER_CLASS-MR02,P02-A4-PhysioNetMI-SSL-A4-C0-CORE-P01-L1-LOW-CAL-OFFICIAL-R2:256_PER_CLASS-MR02,0.4897592526051024,0.4953287818900467,0.0055695292849442,0.4806874845871874,0.4949309432853365,0.014243458698149
STAGE18S_SUPPLEMENT,PhysioNetMI,P01-L1-LOW-CAL-OFFICIAL-R2:32_PER_CLASS,32,0,SSL,A4-C2-MULTI-HARD-VOTE,C2,SSL-CBRAMOD,P02-A4S-R1-PhysioNetMI-SSL-A4-C2-MULTI-HARD-VOTE-P01-L1-LOW-CAL-OFFICIAL-R2:32_PER_CLASS-MR00,P02-A4-PhysioNetMI-SSL-A4-C0-CORE-P01-L1-LOW-CAL-OFFICIAL-R2:32_PER_CLASS-MR00,0.4728710025152713,0.4987423643550126,0.0258713618397413,0.472718664930761,0.4987423643550126,0.0260236994242515
STAGE18S_SUPPLEMENT,PhysioNetMI,P01-L1-LOW-CAL-OFFICIAL-R2:4_PER_CLASS,4,0,SSL,A4-C2-MULTI-HARD-VOTE,C2,SSL-CBRAMOD,P02-A4S-R1-PhysioNetMI-SSL-A4-C2-MULTI-HARD-VOTE-P01-L1-LOW-CAL-OFFICIAL-R2:4_PER_CLASS-MR00,P02-A4-PhysioNetMI-SSL-A4-C0-CORE-P01-L1-LOW-CAL-OFFICIAL-R2:4_PER_CLASS-MR00,0.4906575637800934,0.4908372260150916,0.0001796622349982,0.4490387065339347,0.4518613721365643,0.0028226656026296
STAGE18S_SUPPLEMENT,PhysioNetMI,P01-L1-LOW-CAL-OFFICIAL-R2:64_PER_CLASS,64,0,SSL,A4-C2-MULTI-HARD-VOTE,C2,SSL-CBRAMOD,P02-A4S-R1-PhysioNetMI-SSL-A4-C2-MULTI-HARD-VOTE-P01-L1-LOW-CAL-OFFICIAL-R2:64_PER_CLASS-MR00,P02-A4-PhysioNetMI-SSL-A4-C0-CORE-P01-L1-LOW-CAL-OFFICIAL-R2:64_PER_CLASS-MR00,0.4920050305425799,0.5043118936399569,0.0123068630973769,0.4607195552962975,0.5019550422092794,0.0412354869129819
STAGE18S_SUPPLEMENT,PhysioNetMI,P01-L1-LOW-CAL-OFFICIAL-R2:64_PER_CLASS,64,1,SSL,A4-C2-MULTI-HARD-VOTE,C2,SSL-CBRAMOD,P02-A4S-R1-PhysioNetMI-SSL-A4-C2-MULTI-HARD-VOTE-P01-L1-LOW-CAL-OFFICIAL-R2:64_PER_CLASS-MR01,P02-A4-PhysioNetMI-SSL-A4-C0-CORE-P01-L1-LOW-CAL-OFFICIAL-R2:64_PER_CLASS-MR01,0.4993711821775062,0.4877829680201221,-0.011588214157384,0.4989714957390537,0.4863970588235294,-0.0125744369155243
STAGE18S_SUPPLEMENT,PhysioNetMI,P01-L1-LOW-CAL-OFFICIAL-R2:64_PER_CLASS,64,2,SSL,A4-C2-MULTI-HARD-VOTE,C2,SSL-CBRAMOD,P02-A4S-R1-PhysioNetMI-SSL-A4-C2-MULTI-HARD-VOTE-P01-L1-LOW-CAL-OFFICIAL-R2:64_PER_CLASS-MR02,P02-A4-PhysioNetMI-SSL-A4-C0-CORE-P01-L1-LOW-CAL-OFFICIAL-R2:64_PER_CLASS-MR02,0.5027847646424721,0.4917355371900826,-0.0110492274523894,0.4986447641971714,0.4905577155552652,-0.0080870486419062
STAGE18S_SUPPLEMENT,PhysioNetMI,P01-L1-LOW-CAL-OFFICIAL-R2:8_PER_CLASS,8,1,SSL,A4-C2-MULTI-HARD-VOTE,C2,SSL-CBRAMOD,P02-A4S-R1-PhysioNetMI-SSL-A4-C2-MULTI-HARD-VOTE-P01-L1-LOW-CAL-OFFICIAL-R2:8_PER_CLASS-MR01,P02-A4-PhysioNetMI-SSL-A4-C0-CORE-P01-L1-LOW-CAL-OFFICIAL-R2:8_PER_CLASS-MR01,0.5101509162773985,0.4968559108875314,-0.013295005389867,0.5084409136047666,0.480653807434341,-0.0277871061704255
STAGE18S_SUPPLEMENT,PhysioNetMI,P01-L1-LOW-CAL-OFFICIAL-R2:8_PER_CLASS,8,2,SSL,A4-C2-MULTI-HARD-VOTE,C2,SSL-CBRAMOD,P02-A4S-R1-PhysioNetMI-SSL-A4-C2-MULTI-HARD-VOTE-P01-L1-LOW-CAL-OFFICIAL-R2:8_PER_CLASS-MR02,P02-A4-PhysioNetMI-SSL-A4-C0-CORE-P01-L1-LOW-CAL-OFFICIAL-R2:8_PER_CLASS-MR02,0.5043118936399569,0.4996406755300036,-0.0046712181099533,0.5019550422092794,0.4983567815073298,-0.0035982607019495
STAGE18S_SUPPLEMENT,PhysioNetMI,FULL_TRAIN,FULL,1,SSL,A4-C3-MULTI-PROB-AVG,C3,SSL-CBRAMOD,P02-A4S-R1-PhysioNetMI-SSL-A4-C3-MULTI-PROB-AVG-FULL_TRAIN-MR01,P02-A4-PhysioNetMI-SSL-A4-C0-CORE-FULL_TRAIN-MR01,0.5364714337046353,0.5470715055695292,0.0106000718648938,0.5346679527842266,0.5427772600186394,0.0081093072344127
STAGE18S_SUPPLEMENT,PhysioNetMI,FULL_TRAIN,FULL,2,SSL,A4-C3-MULTI-PROB-AVG,C3,SSL-CBRAMOD,P02-A4S-R1-PhysioNetMI-SSL-A4-C3-MULTI-PROB-AVG-FULL_TRAIN-MR02,P02-A4-PhysioNetMI-SSL-A4-C0-CORE-FULL_TRAIN-MR02,0.5849802371541502,0.5758174631692419,-0.0091627739849082,0.5832243403197854,0.5709356064496252,-0.0122887338701602
STAGE18S_SUPPLEMENT,PhysioNetMI,P01-L1-LOW-CAL-OFFICIAL-R2:128_PER_CLASS,128,0,SSL,A4-C3-MULTI-PROB-AVG,C3,SSL-CBRAMOD,P02-A4S-R1-PhysioNetMI-SSL-A4-C3-MULTI-PROB-AVG-P01-L1-LOW-CAL-OFFICIAL-R2:128_PER_CLASS-MR00,P02-A4-PhysioNetMI-SSL-A4-C0-CORE-P01-L1-LOW-CAL-OFFICIAL-R2:128_PER_CLASS-MR00,0.4917355371900826,0.4891304347826087,-0.0026051024074739,0.4908012672079213,0.4888888888888889,-0.0019123783190324
STAGE18S_SUPPLEMENT,PhysioNetMI,P01-L1-LOW-CAL-OFFICIAL-R2:128_PER_CLASS,128,1,SSL,A4-C3-MULTI-PROB-AVG,C3,SSL-CBRAMOD,P02-A4S-R1-PhysioNetMI-SSL-A4-C3-MULTI-PROB-AVG-P01-L1-LOW-CAL-OFFICIAL-R2:128_PER_CLASS-MR01,P02-A4-PhysioNetMI-SSL-A4-C0-CORE-P01-L1-LOW-CAL-OFFICIAL-R2:128_PER_CLASS-MR01,0.516708587854833,0.5391663672296083,0.0224577793747753,0.516666734758078,0.5391663672296083,0.0224996324715303
STAGE18S_SUPPLEMENT,PhysioNetMI,P01-L1-LOW-CAL-OFFICIAL-R2:128_PER_CLASS,128,2,SSL,A4-C3-MULTI-PROB-AVG,C3,SSL-CBRAMOD,P02-A4S-R1-PhysioNetMI-SSL-A4-C3-MULTI-PROB-AVG-P01-L1-LOW-CAL-OFFICIAL-R2:128_PER_CLASS-MR02,P02-A4-PhysioNetMI-SSL-A4-C0-CORE-P01-L1-LOW-CAL-OFFICIAL-R2:128_PER_CLASS-MR02,0.4836507366151635,0.495598275242544,0.0119475386273805,0.4826865463666132,0.4942948930984823,0.011608346731869
STAGE18S_SUPPLEMENT,PhysioNetMI,P01-L1-LOW-CAL-OFFICIAL-R2:16_PER_CLASS,16,0,SSL,A4-C3-MULTI-PROB-AVG,C3,SSL-CBRAMOD,P02-A4S-R1-PhysioNetMI-SSL-A4-C3-MULTI-PROB-AVG-P01-L1-LOW-CAL-OFFICIAL-R2:16_PER_CLASS-MR00,P02-A4-PhysioNetMI-SSL-A4-C0-CORE-P01-L1-LOW-CAL-OFFICIAL-R2:16_PER_CLASS-MR00,0.5226374416097737,0.5000898311174992,-0.0225476104922744,0.5031825824383214,0.4762900042751836,-0.0268925781631377
STAGE18S_SUPPLEMENT,PhysioNetMI,P01-L1-LOW-CAL-OFFICIAL-R2:1_PER_CLASS,1,1,SSL,A4-C3-MULTI-PROB-AVG,C3,SSL-CBRAMOD,P02-A4S-R1-PhysioNetMI-SSL-A4-C3-MULTI-PROB-AVG-P01-L1-LOW-CAL-OFFICIAL-R2:1_PER_CLASS-MR01,P02-A4-PhysioNetMI-SSL-A4-C0-CORE-P01-L1-LOW-CAL-OFFICIAL-R2:1_PER_CLASS-MR01,0.4932626661875674,0.4668523176428315,-0.0264103485447358,0.3764849254465017,0.4640585569081425,0.0875736314616408
STAGE18S_SUPPLEMENT,PhysioNetMI,P01-L1-LOW-CAL-OFFICIAL-R2:1_PER_CLASS,1,2,SSL,A4-C3-MULTI-PROB-AVG,C3,SSL-CBRAMOD,P02-A4S-R1-PhysioNetMI-SSL-A4-C3-MULTI-PROB-AVG-P01-L1-LOW-CAL-OFFICIAL-R2:1_PER_CLASS-MR02,P02-A4-PhysioNetMI-SSL-A4-C0-CORE-P01-L1-LOW-CAL-OFFICIAL-R2:1_PER_CLASS-MR02,0.5113187208048868,0.4969457420050305,-0.0143729787998562,0.5051812299199059,0.3698347107438017,-0.1353465191761041
STAGE18S_SUPPLEMENT,PhysioNetMI,P01-L1-LOW-CAL-OFFICIAL-R2:256_PER_CLASS,256,0,SSL,A4-C3-MULTI-PROB-AVG,C3,SSL-CBRAMOD,P02-A4S-R1-PhysioNetMI-SSL-A4-C3-MULTI-PROB-AVG-P01-L1-LOW-CAL-OFFICIAL-R2:256_PER_CLASS-MR00,P02-A4-PhysioNetMI-SSL-A4-C0-CORE-P01-L1-LOW-CAL-OFFICIAL-R2:256_PER_CLASS-MR00,0.5298239310097017,0.5336866690621631,0.0038627380524614,0.5222007722007722,0.5333257149387195,0.0111249427379472
STAGE18S_SUPPLEMENT,PhysioNetMI,P01-L1-LOW-CAL-OFFICIAL-R2:256_PER_CLASS,256,1,SSL,A4-C3-MULTI-PROB-AVG,C3,SSL-CBRAMOD,P02-A4S-R1-PhysioNetMI-SSL-A4-C3-MULTI-PROB-AVG-P01-L1-LOW-CAL-OFFICIAL-R2:256_PER_CLASS-MR01,P02-A4-PhysioNetMI-SSL-A4-C0-CORE-P01-L1-LOW-CAL-OFFICIAL-R2:256_PER_CLASS-MR01,0.500898311174991,0.5481494789795185,0.0472511678045275,0.5008797318756864,0.5473251028806585,0.0464453710049721
STAGE18S_SUPPLEMENT,PhysioNetMI,P01-L1-LOW-CAL-OFFICIAL-R2:256_PER_CLASS,256,2,SSL,A4-C3-MULTI-PROB-AVG,C3,SSL-CBRAMOD,P02-A4S-R1-PhysioNetMI-SSL-A4-C3-MULTI-PROB-AVG-P01-L1-LOW-CAL-OFFICIAL-R2:256_PER_CLASS-MR02,P02-A4-PhysioNetMI-SSL-A4-C0-CORE-P01-L1-LOW-CAL-OFFICIAL-R2:256_PER_CLASS-MR02,0.4897592526051024,0.4915558749550844,0.001796622349982,0.4806874845871874,0.4907407407407407,0.0100532561535532
STAGE18S_SUPPLEMENT,PhysioNetMI,P01-L1-LOW-CAL-OFFICIAL-R2:32_PER_CLASS,32,0,SSL,A4-C3-MULTI-PROB-AVG,C3,SSL-CBRAMOD,P02-A4S-R1-PhysioNetMI-SSL-A4-C3-MULTI-PROB-AVG-P01-L1-LOW-CAL-OFFICIAL-R2:32_PER_CLASS-MR00,P02-A4-PhysioNetMI-SSL-A4-C0-CORE-P01-L1-LOW-CAL-OFFICIAL-R2:32_PER_CLASS-MR00,0.4728710025152713,0.4844592166726554,0.011588214157384,0.472718664930761,0.484436075791675,0.0117174108609139
STAGE18S_SUPPLEMENT,PhysioNetMI,P01-L1-LOW-CAL-OFFICIAL-R2:4_PER_CLASS,4,0,SSL,A4-C3-MULTI-PROB-AVG,C3,SSL-CBRAMOD,P02-A4S-R1-PhysioNetMI-SSL-A4-C3-MULTI-PROB-AVG-P01-L1-LOW-CAL-OFFICIAL-R2:4_PER_CLASS-MR00,P02-A4-PhysioNetMI-SSL-A4-C0-CORE-P01-L1-LOW-CAL-OFFICIAL-R2:4_PER_CLASS-MR00,0.4906575637800934,0.5059288537549407,0.0152712899748472,0.4490387065339347,0.4514390556814994,0.0024003491475647
STAGE18S_SUPPLEMENT,PhysioNetMI,P01-L1-LOW-CAL-OFFICIAL-R2:64_PER_CLASS,64,0,SSL,A4-C3-MULTI-PROB-AVG,C3,SSL-CBRAMOD,P02-A4S-R1-PhysioNetMI-SSL-A4-C3-MULTI-PROB-AVG-P01-L1-LOW-CAL-OFFICIAL-R2:64_PER_CLASS-MR00,P02-A4-PhysioNetMI-SSL-A4-C0-CORE-P01-L1-LOW-CAL-OFFICIAL-R2:64_PER_CLASS-MR00,0.4920050305425799,0.507096658282429,0.015091627739849,0.4607195552962975,0.5017972681524083,0.0410777128561107
STAGE18S_SUPPLEMENT,PhysioNetMI,P01-L1-LOW-CAL-OFFICIAL-R2:64_PER_CLASS,64,1,SSL,A4-C3-MULTI-PROB-AVG,C3,SSL-CBRAMOD,P02-A4S-R1-PhysioNetMI-SSL-A4-C3-MULTI-PROB-AVG-P01-L1-LOW-CAL-OFFICIAL-R2:64_PER_CLASS-MR01,P02-A4-PhysioNetMI-SSL-A4-C0-CORE-P01-L1-LOW-CAL-OFFICIAL-R2:64_PER_CLASS-MR01,0.4993711821775062,0.4865253323751347,-0.0128458498023715,0.4989714957390537,0.4865145228215767,-0.0124569729174769
STAGE18S_SUPPLEMENT,PhysioNetMI,P01-L1-LOW-CAL-OFFICIAL-R2:64_PER_CLASS,64,2,SSL,A4-C3-MULTI-PROB-AVG,C3,SSL-CBRAMOD,P02-A4S-R1-PhysioNetMI-SSL-A4-C3-MULTI-PROB-AVG-P01-L1-LOW-CAL-OFFICIAL-R2:64_PER_CLASS-MR02,P02-A4-PhysioNetMI-SSL-A4-C0-CORE-P01-L1-LOW-CAL-OFFICIAL-R2:64_PER_CLASS-MR02,0.5027847646424721,0.4856270212001438,-0.0171577434423283,0.4986447641971714,0.4845455547796685,-0.0140992094175029
STAGE18S_SUPPLEMENT,PhysioNetMI,P01-L1-LOW-CAL-OFFICIAL-R2:8_PER_CLASS,8,1,SSL,A4-C3-MULTI-PROB-AVG,C3,SSL-CBRAMOD,P02-A4S-R1-PhysioNetMI-SSL-A4-C3-MULTI-PROB-AVG-P01-L1-LOW-CAL-OFFICIAL-R2:8_PER_CLASS-MR01,P02-A4-PhysioNetMI-SSL-A4-C0-CORE-P01-L1-LOW-CAL-OFFICIAL-R2:8_PER_CLASS-MR01,0.5101509162773985,0.4764642472152354,-0.0336866690621631,0.5084409136047666,0.4328069610054785,-0.075633952599288
STAGE18S_SUPPLEMENT,PhysioNetMI,P01-L1-LOW-CAL-OFFICIAL-R2:8_PER_CLASS,8,2,SSL,A4-C3-MULTI-PROB-AVG,C3,SSL-CBRAMOD,P02-A4S-R1-PhysioNetMI-SSL-A4-C3-MULTI-PROB-AVG-P01-L1-LOW-CAL-OFFICIAL-R2:8_PER_CLASS-MR02,P02-A4-PhysioNetMI-SSL-A4-C0-CORE-P01-L1-LOW-CAL-OFFICIAL-R2:8_PER_CLASS-MR02,0.5043118936399569,0.487693136902623,-0.0166187567373338,0.5019550422092794,0.4867439067872672,-0.0152111354220121
