schema_id,schema_version,authority_status,product_id,table_id,row_id,run_id,config_sha256,protocol_snapshot_id,correction_profile_id,scientific_change,group_id,dataset_id,model_id,budget_id,split_id,evaluation_role,support_count,metric_profile_id,binning_profile_id,selected_report_id,raw_comparator_report_id,raw_probability_source_id,selected_probability_source_id,selected_calibration_record_id,raw_brier,selected_brier,brier_delta,raw_nll,selected_nll,nll_delta,raw_calibration_error,selected_calibration_error,calibration_error_delta,source_artifact_ids,source_sha256s,lineage_parent_ids
CalibrationMetricSourceTable.v1,1.0.0,SOURCE_TABLE_PROFILE_NOT_REGISTERED_AS_RECORD_FAMILY,P03-PROD-022,P03-CAL-METRIC-SOURCE-TABLE-SUPPLEMENT-8518654a4afcfe1f1933,P03-CAL-METRIC-SOURCE-ROW-SUPPLEMENT-b1b9490ab46d056ce8cd,P03-L3-POSTEXT-64-128-256-R1-1833e865bcb88ff8,2e5ebd6fc62f4c9ca3ed0102914f64142de9e1206be0b6e6b3e32cad90f1d742,IHARQ-P03-L3-OFFICIAL-STRETCH-C-EXECUTION-FREEZE-R1,P03S-POSTEXT-64-128-256-PRE14-EVIDENCE-HARDENING-R1_1-S12-EVIDENCE,False,GROUP-c7378a2d8d30cb214cfb,BNCI2014_001,CLS-CSP-LDA:CLS-CSP-LDA:P02S-LLX-R1-A0-BNCI2014_001-CLS-CSP-LDA-128PC-MR00,P01-L1-LOW-CAL-OFFICIAL-R2:128_PER_CLASS,IHARQ-SPLITRECORD-20260806-e4e371d332c61e36,test,288,P03-OFFICIAL-METRICS-R1,P03-OFFICIAL-EQUAL-WIDTH-15-R1,P03-RELIABILITY-cb19f38b4d612e341e2f,P03-RELIABILITY-RAW-4dcb091637130cb3f080,GROUP-c7378a2d8d30cb214cfb:raw,GROUP-c7378a2d8d30cb214cfb:selected,P03-CalibrationRecord-d09b6745976c4281cf80,0.5167962466033454,0.5167962466033454,0.0,0.71960228742924,0.71960228742924,0.0,0.11280539132221493,0.11280539132221493,0.0,"[""P03-ReliabilityAuditReport-d10d9e19a1d84973c91b"",""P03-CalibrationRecord-d09b6745976c4281cf80"",""P03SelectionScoreRecord:P02-A0-BNCI2014_001-CLS-CSP-LDA-P01-L1-LOW-CAL-OFFICIAL-R2:128_PER_CLASS-MR00:calibration"",""P03SelectionScoreRecord:P02-A0-BNCI2014_001-CLS-CSP-LDA-P01-L1-LOW-CAL-OFFICIAL-R2:128_PER_CLASS-MR00:validation"",""P02-A0-BNCI2014_001-CLS-CSP-LDA-P01-L1-LOW-CAL-OFFICIAL-R2:128_PER_CLASS-MR00""]","[""9b8061f8a73147efc07eda80675fc69d5750efc02983066daba58e9ecad370af"",""2e979e313f68e13d688f9e56194d082e3a60cac9a2c6056af7a8fcc50d2076cf"",""ee0dcba50a7ba23cba6405f89dd45f5cd537a2eec4e2fe5cc06099ec9fa165d2"",""aecc0210435a1e441673c58752849109764821f06b6bfceba15a6cb2075a7bc1"",""bfe4978766199c351fe9da809b36f228d4ba22d0614bc13c79c9a9592a4181e7"",""22790dfb33cf1b86544d93404b566987350a072c29a7a6cba3b3d0a6e5c61d9f"",""5eca35bc51e3aae68bf83a412a8e94a86c58b2711548d5ce0ae75e23507b07ec"",""0e4d987bf078bb7a4753e2defe5c2acc94a6f96a69daaa845b7df80f0eb30aa2"",""f8e4c548951b3f6867ed7121e9447ffd6918eca23083e9325601bac5d3c060bc"",""dca4791b675ab0f4aaa937dbb9aeb78cd5e53ee59ff36714bcf559dde6372d91"",""e0f99697a3a15e00bbea7a8cceb7a2681b14d334ff9cd5ac698bfeb825b58334"",""fb0ea32eb869e9dfd233dd06fefd970801a78e9c76b4252ddaf8effbc6cbaf1c""]","[""P03-ReliabilityAuditReport-d10d9e19a1d84973c91b"",""P03-CalibrationRecord-d09b6745976c4281cf80"",""GROUP-c7378a2d8d30cb214cfb"",""P03-SplitIntegrityReport-4d00b7407b9d0f9ae854"",""P03-CalibrationEligibilityTable-6dd00f19c833b4d8e60d"",""ModelRegistryRecord:b11d682522912848ade60bea"",""IHARQ-SPLITRECORD-20260806-e4e371d332c61e36""]"
CalibrationMetricSourceTable.v1,1.0.0,SOURCE_TABLE_PROFILE_NOT_REGISTERED_AS_RECORD_FAMILY,P03-PROD-022,P03-CAL-METRIC-SOURCE-TABLE-SUPPLEMENT-8518654a4afcfe1f1933,P03-CAL-METRIC-SOURCE-ROW-SUPPLEMENT-645ee87e181dec7cd603,P03-L3-POSTEXT-64-128-256-R1-1833e865bcb88ff8,2e5ebd6fc62f4c9ca3ed0102914f64142de9e1206be0b6e6b3e32cad90f1d742,IHARQ-P03-L3-OFFICIAL-STRETCH-C-EXECUTION-FREEZE-R1,P03S-POSTEXT-64-128-256-PRE14-EVIDENCE-HARDENING-R1_1-S12-EVIDENCE,False,GROUP-bb45efab54f0e098c7f0,BNCI2014_001,CLS-CSP-LDA:CLS-CSP-LDA:P02S-LLX-R1-A0-BNCI2014_001-CLS-CSP-LDA-256PC-MR00,P01-L1-LOW-CAL-OFFICIAL-R2:256_PER_CLASS,IHARQ-SPLITRECORD-20260806-e4e371d332c61e36,test,288,P03-OFFICIAL-METRICS-R1,P03-OFFICIAL-EQUAL-WIDTH-15-R1,P03-RELIABILITY-58216a7dfd7a1a20931b,P03-RELIABILITY-RAW-a53fdcd34afb72913550,GROUP-bb45efab54f0e098c7f0:raw,GROUP-bb45efab54f0e098c7f0:selected,P03-CalibrationRecord-718a8980fad23a199fdc,0.4921042397869307,0.5088942443295857,0.016790004542655057,0.6901892236047925,0.7193839496622549,0.029194726057462428,0.10629789853556165,0.11491704702551304,0.008619148489951392,"[""P03-ReliabilityAuditReport-59ccb707c792d0e04efa"",""P03-CalibrationRecord-718a8980fad23a199fdc"",""P03SelectionScoreRecord:P02-A0-BNCI2014_001-CLS-CSP-LDA-P01-L1-LOW-CAL-OFFICIAL-R2:256_PER_CLASS-MR00:calibration"",""P03SelectionScoreRecord:P02-A0-BNCI2014_001-CLS-CSP-LDA-P01-L1-LOW-CAL-OFFICIAL-R2:256_PER_CLASS-MR00:validation"",""P02-A0-BNCI2014_001-CLS-CSP-LDA-P01-L1-LOW-CAL-OFFICIAL-R2:256_PER_CLASS-MR00""]","[""fc4324f2753014ed6af745c3a23552c6b7798f1a42f462bd37dd834c6bf34fb3"",""75c3d5f8a321dd43f35476a121ec9af10d3b5799176bdab42deebfdc5f33f54e"",""5aa2744dcd4fd685915b5f54dd3e6fdd77447694ca108db89e8278c3160d1d28"",""9e2544f7c1fedf49addf5cb0ca191b44a4071cff04bde479c0ed1b734acb9b2b"",""8595a4e4b3bd0b712b5e7a1c3cb0029971ea1b8bf0edb9cb5e2c9c46d971eae3"",""e440ae9e120384ca39255f07a7a8ed234594a3d290938da392e31781c5df2907"",""ebccd12f750b29ca4342ca84057b116bc4b972935623e0dc63ff7d6715954a6c"",""2b761409e8a0c026814dacaabf5d16f97e135918b5a0cb8473cd8cf435604af7"",""0e4d987bf078bb7a4753e2defe5c2acc94a6f96a69daaa845b7df80f0eb30aa2"",""0491fb79b218655889cbe8a3d085ce8cd5e97cdd521401fe924c05569ad9db0d"",""3677edcddbfd8285cd1c83cacb8f4a15c52b634b187fa9c53cad68cdc944d130"",""c99074ea23de05980486f327d9be6c8a1f6f5c31e71bb8d034e4c0140d78f458"",""fb0ea32eb869e9dfd233dd06fefd970801a78e9c76b4252ddaf8effbc6cbaf1c""]","[""P03-ReliabilityAuditReport-59ccb707c792d0e04efa"",""P03-CalibrationRecord-718a8980fad23a199fdc"",""GROUP-bb45efab54f0e098c7f0"",""P03-SplitIntegrityReport-ecc6739fc101c8232342"",""P03-CalibrationEligibilityTable-f6ba665a120407b2fc16"",""P03-CalibrationRecord-5256374c02c18429c6dc"",""ModelRegistryRecord:d1a2a5bc747326230fe00c8c"",""IHARQ-SPLITRECORD-20260806-e4e371d332c61e36""]"
CalibrationMetricSourceTable.v1,1.0.0,SOURCE_TABLE_PROFILE_NOT_REGISTERED_AS_RECORD_FAMILY,P03-PROD-022,P03-CAL-METRIC-SOURCE-TABLE-SUPPLEMENT-8518654a4afcfe1f1933,P03-CAL-METRIC-SOURCE-ROW-SUPPLEMENT-ec0e60e22d92c4609181,P03-L3-POSTEXT-64-128-256-R1-1833e865bcb88ff8,2e5ebd6fc62f4c9ca3ed0102914f64142de9e1206be0b6e6b3e32cad90f1d742,IHARQ-P03-L3-OFFICIAL-STRETCH-C-EXECUTION-FREEZE-R1,P03S-POSTEXT-64-128-256-PRE14-EVIDENCE-HARDENING-R1_1-S12-EVIDENCE,False,GROUP-8940cdaac97b4e69b473,BNCI2014_001,CLS-CSP-LDA:CLS-CSP-LDA:P02S-LLX-R1-A0-BNCI2014_001-CLS-CSP-LDA-64PC-MR00,P01-L1-LOW-CAL-OFFICIAL-R2:64_PER_CLASS,IHARQ-SPLITRECORD-20260806-e4e371d332c61e36,test,288,P03-OFFICIAL-METRICS-R1,P03-OFFICIAL-EQUAL-WIDTH-15-R1,P03-RELIABILITY-80ca058b66f48d4e3b35,P03-RELIABILITY-RAW-b54e7c7339fd65a77738,GROUP-8940cdaac97b4e69b473:raw,GROUP-8940cdaac97b4e69b473:selected,P03-CalibrationRecord-d3c266f8f2ec1ac36e2f,0.5285011116696083,0.5040400866889134,-0.024461024980694912,0.7251568638517113,0.6975419690643754,-0.02761489478733592,0.09283245137618332,0.06203955277035382,-0.030792898605829497,"[""P03-ReliabilityAuditReport-f945003bb13816040058"",""P03-CalibrationRecord-d3c266f8f2ec1ac36e2f"",""P03SelectionScoreRecord:P02-A0-BNCI2014_001-CLS-CSP-LDA-P01-L1-LOW-CAL-OFFICIAL-R2:64_PER_CLASS-MR00:calibration"",""P03SelectionScoreRecord:P02-A0-BNCI2014_001-CLS-CSP-LDA-P01-L1-LOW-CAL-OFFICIAL-R2:64_PER_CLASS-MR00:validation"",""P02-A0-BNCI2014_001-CLS-CSP-LDA-P01-L1-LOW-CAL-OFFICIAL-R2:64_PER_CLASS-MR00""]","[""fa404821fb925db7cc487eb90498cb4642fb417300163b4c046a138502b34736"",""a66b12b774e7984f65841d433e20181197da9527fe7551d8697d7f707f513d6f"",""658fc10de660ba211971d5a4ebb8f89085818d14d5bcba71803bc60c6f0877a9"",""11ed537ebf8b6e3a38540a02108611788c523bd1ed242b5366238a2a0834eb27"",""dc5533b5dd8baa75acc02908b18db6c133ee536ab91481670f05ff3c8552dd95"",""9683c0b1b2a4e7baaf4154f65a0d444fa9d1cbe547922b32e98e0e412b63d86b"",""26d5edafeedbf389836746b3a54c768e55b48170e84640509487d50f5d8112e0"",""e2fb3cc7bf2a4bdfbbd9254529bebb6ec895f7e7095837dad91c0084108799db"",""0e4d987bf078bb7a4753e2defe5c2acc94a6f96a69daaa845b7df80f0eb30aa2"",""a67bff0f1a72d5a4bccd3925685ff3c478054e544d31aac201bf465f98c4877f"",""f784d0c5462ddb0171b7f04a19644db09d25de24a565c1ee4baf2f429180377e"",""55c03c548b568aa2fa108ac63f7ff40aeb2105753f54256d9b2d861a3d550b30"",""fb0ea32eb869e9dfd233dd06fefd970801a78e9c76b4252ddaf8effbc6cbaf1c""]","[""P03-ReliabilityAuditReport-f945003bb13816040058"",""P03-CalibrationRecord-d3c266f8f2ec1ac36e2f"",""GROUP-8940cdaac97b4e69b473"",""P03-SplitIntegrityReport-d84c89faf5a3f7cf563a"",""P03-CalibrationEligibilityTable-4506e1c1cbb908d267f6"",""P03-CalibrationRecord-d5264b392ea209ab5e70"",""ModelRegistryRecord:23a4cbf3051dec423c6f0a71"",""IHARQ-SPLITRECORD-20260806-e4e371d332c61e36""]"
CalibrationMetricSourceTable.v1,1.0.0,SOURCE_TABLE_PROFILE_NOT_REGISTERED_AS_RECORD_FAMILY,P03-PROD-022,P03-CAL-METRIC-SOURCE-TABLE-SUPPLEMENT-8518654a4afcfe1f1933,P03-CAL-METRIC-SOURCE-ROW-SUPPLEMENT-02fe5e5061047e2f8ccb,P03-L3-POSTEXT-64-128-256-R1-1833e865bcb88ff8,2e5ebd6fc62f4c9ca3ed0102914f64142de9e1206be0b6e6b3e32cad90f1d742,IHARQ-P03-L3-OFFICIAL-STRETCH-C-EXECUTION-FREEZE-R1,P03S-POSTEXT-64-128-256-PRE14-EVIDENCE-HARDENING-R1_1-S12-EVIDENCE,False,GROUP-feddf19fa01695448c20,BNCI2014_001,DNN-EEGNET:EEGNet-R7-LAWHERN-SMR-P01-160HZ:P02S-LLX-R1-A0-BNCI2014_001-DNN-EEGNET-128PC-MR00,P01-L1-LOW-CAL-OFFICIAL-R2:128_PER_CLASS,IHARQ-SPLITRECORD-20260806-e4e371d332c61e36,test,288,P03-OFFICIAL-METRICS-R1,P03-OFFICIAL-EQUAL-WIDTH-15-R1,P03-RELIABILITY-58d0f925b285c0858b45,P03-RELIABILITY-RAW-89d002ec35cb5e1ae693,GROUP-feddf19fa01695448c20:raw,GROUP-feddf19fa01695448c20:selected,P03-CalibrationRecord-2b1147486d22ff3435de,0.47710487147733605,0.47710487147733605,0.0,0.6761654617985896,0.6761654617985896,0.0,0.05250360403010036,0.05250360403010036,0.0,"[""P03-ReliabilityAuditReport-c57fe4d5bd05afc12d9d"",""P03-CalibrationRecord-2b1147486d22ff3435de"",""P03SelectionScoreRecord:P02-A0-BNCI2014_001-DNN-EEGNET-P01-L1-LOW-CAL-OFFICIAL-R2:128_PER_CLASS-MR00:calibration"",""P03SelectionScoreRecord:P02-A0-BNCI2014_001-DNN-EEGNET-P01-L1-LOW-CAL-OFFICIAL-R2:128_PER_CLASS-MR00:validation"",""P02-A0-BNCI2014_001-DNN-EEGNET-P01-L1-LOW-CAL-OFFICIAL-R2:128_PER_CLASS-MR00""]","[""4879c1dfca430253ad50fad6336fa65a45f0bec2557886ea2b747787f7f9a630"",""ed008f6486d4123517eb4fe0265246a46ce0052f21d5d034dc2aa7c1ca312e84"",""178cc95eb10a9fdf0a8da70f5f321475809d0191bd3457bd700878335ca17f16"",""fb03baec1695688400fbd62f478a797a1f9e96d978fe3d52d519691a40c9d485"",""b5bb70905c43d00fa46b3dc6c6d60a449fd6d8a4efc58889d86128b5149bae40"",""00ae91b4c034eb8be5dff937312624437d26eab7a39bee0eddbf354e08faaa84"",""6f8c1c23676a7568c095b43ff0fe52031d163a5e25463dbc977fad383aa384d9"",""0e4d987bf078bb7a4753e2defe5c2acc94a6f96a69daaa845b7df80f0eb30aa2"",""5b4202462767a86821101857ef17d561935fce4eb66c53c9898461ece7bb0318"",""df7716c9141982a8c53a9279586676678309f382653d2ed772be5c823de39895"",""a4ee3bc4de41aba914d4f124e583147b9a2b6407cf7a1113b12511c7565a9823"",""fb0ea32eb869e9dfd233dd06fefd970801a78e9c76b4252ddaf8effbc6cbaf1c""]","[""P03-ReliabilityAuditReport-c57fe4d5bd05afc12d9d"",""P03-CalibrationRecord-2b1147486d22ff3435de"",""GROUP-feddf19fa01695448c20"",""P03-SplitIntegrityReport-94560680cbcdfd41ebbc"",""P03-CalibrationEligibilityTable-8a4606eb357f6bcd5781"",""ModelRegistryRecord:d0abb5d7a2df7a6eeeafa540"",""IHARQ-SPLITRECORD-20260806-e4e371d332c61e36""]"
CalibrationMetricSourceTable.v1,1.0.0,SOURCE_TABLE_PROFILE_NOT_REGISTERED_AS_RECORD_FAMILY,P03-PROD-022,P03-CAL-METRIC-SOURCE-TABLE-SUPPLEMENT-8518654a4afcfe1f1933,P03-CAL-METRIC-SOURCE-ROW-SUPPLEMENT-f980f45c3a6d9de0b8f3,P03-L3-POSTEXT-64-128-256-R1-1833e865bcb88ff8,2e5ebd6fc62f4c9ca3ed0102914f64142de9e1206be0b6e6b3e32cad90f1d742,IHARQ-P03-L3-OFFICIAL-STRETCH-C-EXECUTION-FREEZE-R1,P03S-POSTEXT-64-128-256-PRE14-EVIDENCE-HARDENING-R1_1-S12-EVIDENCE,False,GROUP-86c7eb6e539e2a6ad4e7,BNCI2014_001,DNN-EEGNET:EEGNet-R7-LAWHERN-SMR-P01-160HZ:P02S-LLX-R1-A0-BNCI2014_001-DNN-EEGNET-128PC-MR01,P01-L1-LOW-CAL-OFFICIAL-R2:128_PER_CLASS,IHARQ-SPLITRECORD-20260806-e4e371d332c61e36,test,288,P03-OFFICIAL-METRICS-R1,P03-OFFICIAL-EQUAL-WIDTH-15-R1,P03-RELIABILITY-97d10082b5ca4b8c0904,P03-RELIABILITY-RAW-c5b7741bbe6354bd470b,GROUP-86c7eb6e539e2a6ad4e7:raw,GROUP-86c7eb6e539e2a6ad4e7:selected,P03-CalibrationRecord-b828ba5b725a8571c1cd,0.4872559146543271,0.4872559146543271,0.0,0.7037554071746133,0.7037554071746133,0.0,0.10888383518155703,0.10888383518155703,0.0,"[""P03-ReliabilityAuditReport-ebb36700b4c63765a531"",""P03-CalibrationRecord-b828ba5b725a8571c1cd"",""P03SelectionScoreRecord:P02-A0-BNCI2014_001-DNN-EEGNET-P01-L1-LOW-CAL-OFFICIAL-R2:128_PER_CLASS-MR01:calibration"",""P03SelectionScoreRecord:P02-A0-BNCI2014_001-DNN-EEGNET-P01-L1-LOW-CAL-OFFICIAL-R2:128_PER_CLASS-MR01:validation"",""P02-A0-BNCI2014_001-DNN-EEGNET-P01-L1-LOW-CAL-OFFICIAL-R2:128_PER_CLASS-MR01""]","[""ce2d4cf40a4ba28e9735c1da66b27c4a805becb29d418f3b4e39b2ad47aed0a8"",""c7a602475a8e48ed38f2557ae5778fadd70c036a446e009ab00f5c973c1edb22"",""87514eb46b92feeb73e9dd0a3804c6e09441bf7ef5ea48a60911f958812e37ff"",""5d53f4c610efe4d8e86218d62b356e7b24d0866996d597f7ffb7636ced5d818c"",""f40075a087770e959a8538c7a4f018a3723f57037ca1239ab3ecd0ff9b8691ff"",""b34e931642a983cdf73663982fc34d85176d1fe33e75dca4970eccf727d8c1a6"",""a2265faaa229e83c3a7692d27ec69697fd4655be7dde542705a76651a2155c48"",""0e4d987bf078bb7a4753e2defe5c2acc94a6f96a69daaa845b7df80f0eb30aa2"",""eb2ea7d5f47859dde3fd34b64768e92ca6c0d6ddbf217cfe3dbe3a686423b229"",""109f640ede82a8350e1d2137afec085e4707e098f9157242943c265f0ae9567d"",""c2608a13d99d3cce18ce9c1616ad2b4832256185d11108e01b315d255656d0e8"",""fb0ea32eb869e9dfd233dd06fefd970801a78e9c76b4252ddaf8effbc6cbaf1c""]","[""P03-ReliabilityAuditReport-ebb36700b4c63765a531"",""P03-CalibrationRecord-b828ba5b725a8571c1cd"",""GROUP-86c7eb6e539e2a6ad4e7"",""P03-SplitIntegrityReport-69796ecf60fe020b3e32"",""P03-CalibrationEligibilityTable-778775d60b0ffa11f4ca"",""ModelRegistryRecord:46175008a80c398dceb499a5"",""IHARQ-SPLITRECORD-20260806-e4e371d332c61e36""]"
CalibrationMetricSourceTable.v1,1.0.0,SOURCE_TABLE_PROFILE_NOT_REGISTERED_AS_RECORD_FAMILY,P03-PROD-022,P03-CAL-METRIC-SOURCE-TABLE-SUPPLEMENT-8518654a4afcfe1f1933,P03-CAL-METRIC-SOURCE-ROW-SUPPLEMENT-63ef82d9b4eb58b19caf,P03-L3-POSTEXT-64-128-256-R1-1833e865bcb88ff8,2e5ebd6fc62f4c9ca3ed0102914f64142de9e1206be0b6e6b3e32cad90f1d742,IHARQ-P03-L3-OFFICIAL-STRETCH-C-EXECUTION-FREEZE-R1,P03S-POSTEXT-64-128-256-PRE14-EVIDENCE-HARDENING-R1_1-S12-EVIDENCE,False,GROUP-631749d6ecea9793bb6a,BNCI2014_001,DNN-EEGNET:EEGNet-R7-LAWHERN-SMR-P01-160HZ:P02S-LLX-R1-A0-BNCI2014_001-DNN-EEGNET-128PC-MR02,P01-L1-LOW-CAL-OFFICIAL-R2:128_PER_CLASS,IHARQ-SPLITRECORD-20260806-e4e371d332c61e36,test,288,P03-OFFICIAL-METRICS-R1,P03-OFFICIAL-EQUAL-WIDTH-15-R1,P03-RELIABILITY-17758f9e857117ee4697,P03-RELIABILITY-RAW-15fdc2e16ae18ee37d17,GROUP-631749d6ecea9793bb6a:raw,GROUP-631749d6ecea9793bb6a:selected,P03-CalibrationRecord-6e0b32848fce56fd1895,0.6609829670587737,0.516993557414223,-0.14398940964455065,1.153428029416746,0.7173965548881999,-0.4360314745285462,0.2789877639672582,0.1257317344865571,-0.1532560294807011,"[""P03-ReliabilityAuditReport-4543d5b0f78eac9082b1"",""P03-CalibrationRecord-6e0b32848fce56fd1895"",""P03SelectionScoreRecord:P02-A0-BNCI2014_001-DNN-EEGNET-P01-L1-LOW-CAL-OFFICIAL-R2:128_PER_CLASS-MR02:calibration"",""P03SelectionScoreRecord:P02-A0-BNCI2014_001-DNN-EEGNET-P01-L1-LOW-CAL-OFFICIAL-R2:128_PER_CLASS-MR02:validation"",""P02-A0-BNCI2014_001-DNN-EEGNET-P01-L1-LOW-CAL-OFFICIAL-R2:128_PER_CLASS-MR02""]","[""e71a4e2a181f6d82925d4d451660d794752ad4b0bd03c9b444d78bb00f23815f"",""1637d0490ef2285adf734d3fa7e21306fbec9d463c58a8498965132950cff90c"",""35562281d4e6d7ef8650f15ac1d2c2034c9d126eff5fd2236cf1653ab1a52360"",""d42dfba42004b1c8a39bf641e26e11700f1cca64d8b4111864c563b610ec895b"",""b48bcb30310ce208239cc5edf17e5a4e1ab47b18274a4ad2a5b30ce87559ea7e"",""82a9d51e7bc638751d01e879951d988454c0a11b57eb5e04be1010833d48f2c6"",""6b41db375134b02d8ffbeea121fa13f9f6468c15a2b65a89f07d3b3eef87a6aa"",""15e8fe0da3a2e10d8c475f6439ace25773256baece768ce82671ef065cdc7d19"",""0e4d987bf078bb7a4753e2defe5c2acc94a6f96a69daaa845b7df80f0eb30aa2"",""f279cacdff01162cf7e157188d64d205118bafd3db52d1ffe3149dc2627befe0"",""12b2d952031e5677eb86b57febec9603c03c7b14a504f04c2aadf011abd7cb4c"",""35f5e119bb3dd28060c56ca793e104074983e9d651ccb845f67c4934c46de32d"",""fb0ea32eb869e9dfd233dd06fefd970801a78e9c76b4252ddaf8effbc6cbaf1c""]","[""P03-ReliabilityAuditReport-4543d5b0f78eac9082b1"",""P03-CalibrationRecord-6e0b32848fce56fd1895"",""GROUP-631749d6ecea9793bb6a"",""P03-SplitIntegrityReport-b0967b1021df153cd1d4"",""P03-CalibrationEligibilityTable-8ae7fb4da851d3f709d9"",""P03-CalibrationRecord-676770da484c4912d31a"",""ModelRegistryRecord:57db816bb9520f3b6d6694da"",""IHARQ-SPLITRECORD-20260806-e4e371d332c61e36""]"
CalibrationMetricSourceTable.v1,1.0.0,SOURCE_TABLE_PROFILE_NOT_REGISTERED_AS_RECORD_FAMILY,P03-PROD-022,P03-CAL-METRIC-SOURCE-TABLE-SUPPLEMENT-8518654a4afcfe1f1933,P03-CAL-METRIC-SOURCE-ROW-SUPPLEMENT-08e929e0456dec4286cf,P03-L3-POSTEXT-64-128-256-R1-1833e865bcb88ff8,2e5ebd6fc62f4c9ca3ed0102914f64142de9e1206be0b6e6b3e32cad90f1d742,IHARQ-P03-L3-OFFICIAL-STRETCH-C-EXECUTION-FREEZE-R1,P03S-POSTEXT-64-128-256-PRE14-EVIDENCE-HARDENING-R1_1-S12-EVIDENCE,False,GROUP-590ee3f8ee9943d09c91,BNCI2014_001,DNN-EEGNET:EEGNet-R7-LAWHERN-SMR-P01-160HZ:P02S-LLX-R1-A0-BNCI2014_001-DNN-EEGNET-128PC-MR03,P01-L1-LOW-CAL-OFFICIAL-R2:128_PER_CLASS,IHARQ-SPLITRECORD-20260806-e4e371d332c61e36,test,288,P03-OFFICIAL-METRICS-R1,P03-OFFICIAL-EQUAL-WIDTH-15-R1,P03-RELIABILITY-1a82590d9fb2bd5c2218,P03-RELIABILITY-RAW-2767544b097e269715ea,GROUP-590ee3f8ee9943d09c91:raw,GROUP-590ee3f8ee9943d09c91:selected,P03-CalibrationRecord-2e4ed62fc650301d260c,0.5494268726134898,0.5494268726134898,0.0,0.8027438751932237,0.8027438751932237,0.0,0.18297723643771596,0.18297723643771596,0.0,"[""P03-ReliabilityAuditReport-d568acdb8c60334ec762"",""P03-CalibrationRecord-2e4ed62fc650301d260c"",""P03SelectionScoreRecord:P02-A0-BNCI2014_001-DNN-EEGNET-P01-L1-LOW-CAL-OFFICIAL-R2:128_PER_CLASS-MR03:calibration"",""P03SelectionScoreRecord:P02-A0-BNCI2014_001-DNN-EEGNET-P01-L1-LOW-CAL-OFFICIAL-R2:128_PER_CLASS-MR03:validation"",""P02-A0-BNCI2014_001-DNN-EEGNET-P01-L1-LOW-CAL-OFFICIAL-R2:128_PER_CLASS-MR03""]","[""f0adc487b956d360edd3fa91e490ad1abe13cdb65fa583c91c56bd28e2aa983d"",""314c7fd3641d467d2ef54416814cd0b0cd8c14b39d40792f4fe97789890a5a2a"",""cf91a9dd62237e6951c416690b93d9a5ab92b1c48d800e146f1f382dc0735ba8"",""f15bc6c3cdc17e5de61c945d7cfeec5fad6ffa7bee357fc72ee4e1e95bcc8e07"",""fd016746257b92607acce4cf4e11c35e13dc2bf46a8716c9a7446ce18059dcad"",""5f9d5f8c908ac1db1fd366f5992a59cbf25477c6bb6ff2fed438f462cc61a9ed"",""8949e86ea930b1681f476e77a64f1bc88602d6787e775572649456bf64d6b00f"",""0e4d987bf078bb7a4753e2defe5c2acc94a6f96a69daaa845b7df80f0eb30aa2"",""e42c99dcb7096add687b9eef83c9586476cc835f124fb485788aab7b7d8af02e"",""3d0275e48f787ad5a649c51a9d73c92cc5b961a9bd6b9299f70da35ac69a761c"",""de622e813b0c4fc74856c7c242537a232137d7bb7c7effc3a515da6444b73b84"",""fb0ea32eb869e9dfd233dd06fefd970801a78e9c76b4252ddaf8effbc6cbaf1c""]","[""P03-ReliabilityAuditReport-d568acdb8c60334ec762"",""P03-CalibrationRecord-2e4ed62fc650301d260c"",""GROUP-590ee3f8ee9943d09c91"",""P03-SplitIntegrityReport-3c0b2ffd019f50c53d1e"",""P03-CalibrationEligibilityTable-411bb8cc9ce8f0f9dfbe"",""ModelRegistryRecord:57562d6f4ca4d8427ee26d45"",""IHARQ-SPLITRECORD-20260806-e4e371d332c61e36""]"
CalibrationMetricSourceTable.v1,1.0.0,SOURCE_TABLE_PROFILE_NOT_REGISTERED_AS_RECORD_FAMILY,P03-PROD-022,P03-CAL-METRIC-SOURCE-TABLE-SUPPLEMENT-8518654a4afcfe1f1933,P03-CAL-METRIC-SOURCE-ROW-SUPPLEMENT-2f8b000dd5956f392af6,P03-L3-POSTEXT-64-128-256-R1-1833e865bcb88ff8,2e5ebd6fc62f4c9ca3ed0102914f64142de9e1206be0b6e6b3e32cad90f1d742,IHARQ-P03-L3-OFFICIAL-STRETCH-C-EXECUTION-FREEZE-R1,P03S-POSTEXT-64-128-256-PRE14-EVIDENCE-HARDENING-R1_1-S12-EVIDENCE,False,GROUP-c84bcffc61e947461e1d,BNCI2014_001,DNN-EEGNET:EEGNet-R7-LAWHERN-SMR-P01-160HZ:P02S-LLX-R1-A0-BNCI2014_001-DNN-EEGNET-128PC-MR04,P01-L1-LOW-CAL-OFFICIAL-R2:128_PER_CLASS,IHARQ-SPLITRECORD-20260806-e4e371d332c61e36,test,288,P03-OFFICIAL-METRICS-R1,P03-OFFICIAL-EQUAL-WIDTH-15-R1,P03-RELIABILITY-e8545348adda08d44073,P03-RELIABILITY-RAW-25d63f03c015ad5e3140,GROUP-c84bcffc61e947461e1d:raw,GROUP-c84bcffc61e947461e1d:selected,P03-CalibrationRecord-dde6d1affa19ad17a0af,0.49479962495399565,0.49479962495399565,0.0,0.7358164929350528,0.7358164929350528,0.0,0.12307141983763241,0.12307141983763241,0.0,"[""P03-ReliabilityAuditReport-3e3c1eaf02e4ac06a62f"",""P03-CalibrationRecord-dde6d1affa19ad17a0af"",""P03SelectionScoreRecord:P02-A0-BNCI2014_001-DNN-EEGNET-P01-L1-LOW-CAL-OFFICIAL-R2:128_PER_CLASS-MR04:calibration"",""P03SelectionScoreRecord:P02-A0-BNCI2014_001-DNN-EEGNET-P01-L1-LOW-CAL-OFFICIAL-R2:128_PER_CLASS-MR04:validation"",""P02-A0-BNCI2014_001-DNN-EEGNET-P01-L1-LOW-CAL-OFFICIAL-R2:128_PER_CLASS-MR04""]","[""62304ec7bff9b075a452e6b50442480da77c2554816014aa1a0ee26482e8cbcc"",""83b8bdc68a9a109583362068e6193f11b534a35ff5391aa174a7998282be27aa"",""076d70d0afe3c4f5045d8fe14293f23b4971a808a58e9ae7798c63a77ebc7bc7"",""be7f30792d027d5ab9d1c5c7e1519f84d39810fa1414c0726965d1deac7c9961"",""48ed507f802563c0521c5981248e76924c585f210dd59986dfa7bf27803f13c8"",""dfbc0ad5117d2b98f7c331e59c9d7b79c38d5c5acdde68ce0cd0814509dd05e5"",""3a7076a33c3c1e75c4788e8f9a2c061d20d1cc9ff0027f32cc3e78a076bed0b5"",""0e4d987bf078bb7a4753e2defe5c2acc94a6f96a69daaa845b7df80f0eb30aa2"",""b51871cbe8a99402386589eb2aa58f3e9f2785ad9e4aa5a1a5d88472224dd048"",""94ba3e301f9f574335dac7f4b28f717c2bfb4a81a51f53576686bad0da7e21b8"",""b47b86d0f5ed554a4a9081c13a14679d6f73e8dac4a9de1c808e5b9bbee11e95"",""fb0ea32eb869e9dfd233dd06fefd970801a78e9c76b4252ddaf8effbc6cbaf1c""]","[""P03-ReliabilityAuditReport-3e3c1eaf02e4ac06a62f"",""P03-CalibrationRecord-dde6d1affa19ad17a0af"",""GROUP-c84bcffc61e947461e1d"",""P03-SplitIntegrityReport-c8eb9d5ebb2a5ee6cd79"",""P03-CalibrationEligibilityTable-466c77d9fb9709bac763"",""ModelRegistryRecord:af204055d2bf710fd0dd5e27"",""IHARQ-SPLITRECORD-20260806-e4e371d332c61e36""]"
CalibrationMetricSourceTable.v1,1.0.0,SOURCE_TABLE_PROFILE_NOT_REGISTERED_AS_RECORD_FAMILY,P03-PROD-022,P03-CAL-METRIC-SOURCE-TABLE-SUPPLEMENT-8518654a4afcfe1f1933,P03-CAL-METRIC-SOURCE-ROW-SUPPLEMENT-ab8b756c96a0ed4a3f12,P03-L3-POSTEXT-64-128-256-R1-1833e865bcb88ff8,2e5ebd6fc62f4c9ca3ed0102914f64142de9e1206be0b6e6b3e32cad90f1d742,IHARQ-P03-L3-OFFICIAL-STRETCH-C-EXECUTION-FREEZE-R1,P03S-POSTEXT-64-128-256-PRE14-EVIDENCE-HARDENING-R1_1-S12-EVIDENCE,False,GROUP-4734ee88a16cd0ddc7f2,BNCI2014_001,DNN-EEGNET:EEGNet-R7-LAWHERN-SMR-P01-160HZ:P02S-LLX-R1-A0-BNCI2014_001-DNN-EEGNET-256PC-MR00,P01-L1-LOW-CAL-OFFICIAL-R2:256_PER_CLASS,IHARQ-SPLITRECORD-20260806-e4e371d332c61e36,test,288,P03-OFFICIAL-METRICS-R1,P03-OFFICIAL-EQUAL-WIDTH-15-R1,P03-RELIABILITY-7e6fff24f69e9dfd9a07,P03-RELIABILITY-RAW-d4e1c701349fbe8230d5,GROUP-4734ee88a16cd0ddc7f2:raw,GROUP-4734ee88a16cd0ddc7f2:selected,P03-CalibrationRecord-42a2ec189109742a8182,0.5052283698962816,0.5052283698962816,0.0,0.7168969740678891,0.7168969740678891,0.0,0.12557344135868512,0.12557344135868512,0.0,"[""P03-ReliabilityAuditReport-8c62026b589b984945a6"",""P03-CalibrationRecord-42a2ec189109742a8182"",""P03SelectionScoreRecord:P02-A0-BNCI2014_001-DNN-EEGNET-P01-L1-LOW-CAL-OFFICIAL-R2:256_PER_CLASS-MR00:calibration"",""P03SelectionScoreRecord:P02-A0-BNCI2014_001-DNN-EEGNET-P01-L1-LOW-CAL-OFFICIAL-R2:256_PER_CLASS-MR00:validation"",""P02-A0-BNCI2014_001-DNN-EEGNET-P01-L1-LOW-CAL-OFFICIAL-R2:256_PER_CLASS-MR00""]","[""b06655b4bb7caf5eaaf63976cffffdb7bd9a0d7327ed5a9ed592c4fd491106f8"",""11bd205fc746f81d7f51e1d682e78f80eb0d76bc61b2dcd148f9c0d7f1293f89"",""60703fa467677d906332f7c615c4e46642019b563a686a2ffe830860fee5d768"",""8747ff7fad68a82764153e0ab99256e854cf175cfafacf3e37e2aba4dee5f96b"",""b79ba8eb444b87d4d3316075f0d373dd179909db7474030dcb1a68a096887967"",""9ae0bbf21652e41a3348cd4c4a47d74c15fe5024ba7b38d01934ae122dd1823e"",""5f879e4d84c2ac1697decdad672f5421a372d5c8d9d3e3eefada6f5eee19a09b"",""0e4d987bf078bb7a4753e2defe5c2acc94a6f96a69daaa845b7df80f0eb30aa2"",""09fcf48bfd99d767b5b9bedc2266f28ac27e9bd32c2bce3aaa412b3d70939643"",""7c6bbb3c5238dab663040c3fb269625057e45777de8c055cd0acc66c2dfe2980"",""381a12a108a5ab3d7c80cb1ec3417ab36f51e59858bea128506f6a244b354f29"",""fb0ea32eb869e9dfd233dd06fefd970801a78e9c76b4252ddaf8effbc6cbaf1c""]","[""P03-ReliabilityAuditReport-8c62026b589b984945a6"",""P03-CalibrationRecord-42a2ec189109742a8182"",""GROUP-4734ee88a16cd0ddc7f2"",""P03-SplitIntegrityReport-0516a704e365fac7c80d"",""P03-CalibrationEligibilityTable-75e87001e6bbd52ca530"",""ModelRegistryRecord:cefc3c1f38928b98da49b6b2"",""IHARQ-SPLITRECORD-20260806-e4e371d332c61e36""]"
CalibrationMetricSourceTable.v1,1.0.0,SOURCE_TABLE_PROFILE_NOT_REGISTERED_AS_RECORD_FAMILY,P03-PROD-022,P03-CAL-METRIC-SOURCE-TABLE-SUPPLEMENT-8518654a4afcfe1f1933,P03-CAL-METRIC-SOURCE-ROW-SUPPLEMENT-5dc764633044348be909,P03-L3-POSTEXT-64-128-256-R1-1833e865bcb88ff8,2e5ebd6fc62f4c9ca3ed0102914f64142de9e1206be0b6e6b3e32cad90f1d742,IHARQ-P03-L3-OFFICIAL-STRETCH-C-EXECUTION-FREEZE-R1,P03S-POSTEXT-64-128-256-PRE14-EVIDENCE-HARDENING-R1_1-S12-EVIDENCE,False,GROUP-363126b3698e27abe417,BNCI2014_001,DNN-EEGNET:EEGNet-R7-LAWHERN-SMR-P01-160HZ:P02S-LLX-R1-A0-BNCI2014_001-DNN-EEGNET-256PC-MR01,P01-L1-LOW-CAL-OFFICIAL-R2:256_PER_CLASS,IHARQ-SPLITRECORD-20260806-e4e371d332c61e36,test,288,P03-OFFICIAL-METRICS-R1,P03-OFFICIAL-EQUAL-WIDTH-15-R1,P03-RELIABILITY-908be5ce4b8073d8bd8f,P03-RELIABILITY-RAW-11d86d72ab3714138c9b,GROUP-363126b3698e27abe417:raw,GROUP-363126b3698e27abe417:selected,P03-CalibrationRecord-d93438e21fb59f4fdb63,0.48010058799098687,0.4987767875274199,0.018676199536433014,0.6764992665710865,0.7067246793852148,0.030225412814128272,0.10781925519223509,0.12281488186128475,0.014995626669049661,"[""P03-ReliabilityAuditReport-a0614a362f9eab2156d7"",""P03-CalibrationRecord-d93438e21fb59f4fdb63"",""P03SelectionScoreRecord:P02-A0-BNCI2014_001-DNN-EEGNET-P01-L1-LOW-CAL-OFFICIAL-R2:256_PER_CLASS-MR01:calibration"",""P03SelectionScoreRecord:P02-A0-BNCI2014_001-DNN-EEGNET-P01-L1-LOW-CAL-OFFICIAL-R2:256_PER_CLASS-MR01:validation"",""P02-A0-BNCI2014_001-DNN-EEGNET-P01-L1-LOW-CAL-OFFICIAL-R2:256_PER_CLASS-MR01""]","[""ce93c5611c826fe01d8e5a514b9a60f3cdc7cd668f99cae557dbb212a5643aab"",""cbde351b823b9704a1ed249ba9bffa9fa013c0ec1024da226b94b5410c50a9c2"",""94a5fe17f57566306df8c41741f6027e2e67f2249ccebe0f95afc6ee29e58fad"",""8a8eb27089ae1cc4e8074f394d620ea28a49aa0658dcd525742fdb73af41c500"",""e6bf5e8314f32040ed8d7e3863f38c060da5855211486d4c94cae0dc7cc543a6"",""cd3fe84abdf70359138ac8a44b6d34b397b5bcd7e1940cef69e30358d49f9921"",""6186af995becc405343c42e65c080071083de0296fe69da65597372b3c827bfe"",""2f086fbd0fa99d7b9bcb0841d5e249fef2bfab5ada90475b1cfd7e78ed3d465a"",""0e4d987bf078bb7a4753e2defe5c2acc94a6f96a69daaa845b7df80f0eb30aa2"",""b864b07119da75080badb80d762b8c927b8f3769986e91def5d8e4f2d43bd35e"",""8f26aa0acff16cb619af6470d66cdf9a45592114e7a8ed2309b255f86db7d480"",""c53fef8f4338defc968984e93b0c964a4a63f5df9b7d644242726342e21b011b"",""fb0ea32eb869e9dfd233dd06fefd970801a78e9c76b4252ddaf8effbc6cbaf1c""]","[""P03-ReliabilityAuditReport-a0614a362f9eab2156d7"",""P03-CalibrationRecord-d93438e21fb59f4fdb63"",""GROUP-363126b3698e27abe417"",""P03-SplitIntegrityReport-6de9567985dc3c1c5dcc"",""P03-CalibrationEligibilityTable-d49775077938eb89afef"",""P03-CalibrationRecord-39b4533860cbc267f6c0"",""ModelRegistryRecord:f52a3b2cd413fdf7de8e26ca"",""IHARQ-SPLITRECORD-20260806-e4e371d332c61e36""]"
CalibrationMetricSourceTable.v1,1.0.0,SOURCE_TABLE_PROFILE_NOT_REGISTERED_AS_RECORD_FAMILY,P03-PROD-022,P03-CAL-METRIC-SOURCE-TABLE-SUPPLEMENT-8518654a4afcfe1f1933,P03-CAL-METRIC-SOURCE-ROW-SUPPLEMENT-65ff422a0a2aef1beffe,P03-L3-POSTEXT-64-128-256-R1-1833e865bcb88ff8,2e5ebd6fc62f4c9ca3ed0102914f64142de9e1206be0b6e6b3e32cad90f1d742,IHARQ-P03-L3-OFFICIAL-STRETCH-C-EXECUTION-FREEZE-R1,P03S-POSTEXT-64-128-256-PRE14-EVIDENCE-HARDENING-R1_1-S12-EVIDENCE,False,GROUP-4727ddb5c054f32756f4,BNCI2014_001,DNN-EEGNET:EEGNet-R7-LAWHERN-SMR-P01-160HZ:P02S-LLX-R1-A0-BNCI2014_001-DNN-EEGNET-256PC-MR02,P01-L1-LOW-CAL-OFFICIAL-R2:256_PER_CLASS,IHARQ-SPLITRECORD-20260806-e4e371d332c61e36,test,288,P03-OFFICIAL-METRICS-R1,P03-OFFICIAL-EQUAL-WIDTH-15-R1,P03-RELIABILITY-02c516bf678d55bd418e,P03-RELIABILITY-RAW-a15b04de0f5c385fed01,GROUP-4727ddb5c054f32756f4:raw,GROUP-4727ddb5c054f32756f4:selected,P03-CalibrationRecord-4ffefa40238178abaf99,0.6741026501219901,0.6741026501219901,0.0,1.0935182982601879,1.0935182982601879,0.0,0.2830558290803387,0.2830558290803387,0.0,"[""P03-ReliabilityAuditReport-34152fd131c43793db9d"",""P03-CalibrationRecord-4ffefa40238178abaf99"",""P03SelectionScoreRecord:P02-A0-BNCI2014_001-DNN-EEGNET-P01-L1-LOW-CAL-OFFICIAL-R2:256_PER_CLASS-MR02:calibration"",""P03SelectionScoreRecord:P02-A0-BNCI2014_001-DNN-EEGNET-P01-L1-LOW-CAL-OFFICIAL-R2:256_PER_CLASS-MR02:validation"",""P02-A0-BNCI2014_001-DNN-EEGNET-P01-L1-LOW-CAL-OFFICIAL-R2:256_PER_CLASS-MR02""]","[""4ac986c66c8c337d9710bbfb794e20d770715fe7c17f126e1d502759ddaeac24"",""0a15005aaba6465238d806eef65451334f643a7d3bc6d129c4afaaba3a6a1552"",""0ccd9cb6572724c3585144c53da7daf26f4543c64696e2b4fec292bef0d8bf63"",""b2f64af1b2a4962cb66c3f2d63ba5d7648654308a066afa1d0d9d759f706bb4b"",""cf0453d280c17293da1aff5427e137795eaf3ea9021f2363d705cd9c8db8c35e"",""164bbc8e964bbf77df7dd4ae07f08c9f65e53aa2f4ebce359e62df6f0cd87fa6"",""dd9338a577ed9a2d2af4da37fa551a4c60e1f9f9ad5496417354f07aecc06752"",""0e4d987bf078bb7a4753e2defe5c2acc94a6f96a69daaa845b7df80f0eb30aa2"",""63e1444a9bdfb11a08b83f20a41ec156602d8dab0cfc9f47ab7b151331a701b1"",""43164ac6e2e1b691cb42f9a0bb764df1e9437afac68e5d1b56f8845efb31e8a2"",""fdb523aac3ccca84141fa367772e0d6b9419f716a97112a6be0fd2c7e75a764c"",""fb0ea32eb869e9dfd233dd06fefd970801a78e9c76b4252ddaf8effbc6cbaf1c""]","[""P03-ReliabilityAuditReport-34152fd131c43793db9d"",""P03-CalibrationRecord-4ffefa40238178abaf99"",""GROUP-4727ddb5c054f32756f4"",""P03-SplitIntegrityReport-fe81f03aaf7e391877d0"",""P03-CalibrationEligibilityTable-2c93975e92e9ec406a24"",""ModelRegistryRecord:c31fa0b0fef33d7290a31a2d"",""IHARQ-SPLITRECORD-20260806-e4e371d332c61e36""]"
CalibrationMetricSourceTable.v1,1.0.0,SOURCE_TABLE_PROFILE_NOT_REGISTERED_AS_RECORD_FAMILY,P03-PROD-022,P03-CAL-METRIC-SOURCE-TABLE-SUPPLEMENT-8518654a4afcfe1f1933,P03-CAL-METRIC-SOURCE-ROW-SUPPLEMENT-a45f9e075bf718ec3fb2,P03-L3-POSTEXT-64-128-256-R1-1833e865bcb88ff8,2e5ebd6fc62f4c9ca3ed0102914f64142de9e1206be0b6e6b3e32cad90f1d742,IHARQ-P03-L3-OFFICIAL-STRETCH-C-EXECUTION-FREEZE-R1,P03S-POSTEXT-64-128-256-PRE14-EVIDENCE-HARDENING-R1_1-S12-EVIDENCE,False,GROUP-0d85df40911131ead8dc,BNCI2014_001,DNN-EEGNET:EEGNet-R7-LAWHERN-SMR-P01-160HZ:P02S-LLX-R1-A0-BNCI2014_001-DNN-EEGNET-256PC-MR03,P01-L1-LOW-CAL-OFFICIAL-R2:256_PER_CLASS,IHARQ-SPLITRECORD-20260806-e4e371d332c61e36,test,288,P03-OFFICIAL-METRICS-R1,P03-OFFICIAL-EQUAL-WIDTH-15-R1,P03-RELIABILITY-f4550968897ee48eb971,P03-RELIABILITY-RAW-65b2f02fcd2b3eb834cf,GROUP-0d85df40911131ead8dc:raw,GROUP-0d85df40911131ead8dc:selected,P03-CalibrationRecord-7fe0c8b3dbbad0499311,0.5198075239171279,0.5419626028502316,0.022155078933103645,0.7313935072366969,0.7701591637248674,0.03876565648817043,0.14303542011256357,0.17076758647629497,0.02773216636373141,"[""P03-ReliabilityAuditReport-9a380e6dfcc2656ff25c"",""P03-CalibrationRecord-7fe0c8b3dbbad0499311"",""P03SelectionScoreRecord:P02-A0-BNCI2014_001-DNN-EEGNET-P01-L1-LOW-CAL-OFFICIAL-R2:256_PER_CLASS-MR03:calibration"",""P03SelectionScoreRecord:P02-A0-BNCI2014_001-DNN-EEGNET-P01-L1-LOW-CAL-OFFICIAL-R2:256_PER_CLASS-MR03:validation"",""P02-A0-BNCI2014_001-DNN-EEGNET-P01-L1-LOW-CAL-OFFICIAL-R2:256_PER_CLASS-MR03""]","[""edfd9d0c2f059996a27511f8fdf9d976e7a6a010a2a05168d7c5185baec07c4f"",""1e0236c159a8217bca77acd55b8465808e6793d3fe9e470ebff8068eaee97d14"",""4f418fe6327d24b01d0988a990288e5b98b05e4357f0a77e88fca1008a43b5ad"",""f3a4bd7494886edc612244a76f5909112da7122dc73c0424601b881c3f545392"",""8e6cb784be02c20bfc4f0bfae4112ceb84dc1d2767de6b1c12aa7512113226ff"",""382b147ba83e8606f805f650d219762e8d753d1fd60257bf410440ade24b9e13"",""53c4991ff69660d0d160b09f205a92673700bb8b21e8670fe21053e079a402bc"",""696fb6c04d73220bf78d170ea13dfc449386608f7342c98496760374b3d3ad4e"",""0e4d987bf078bb7a4753e2defe5c2acc94a6f96a69daaa845b7df80f0eb30aa2"",""adc414e10a73059d0150970f83c412566bee4cb6fac9ac5f2bb7b986440070c4"",""69d2678fff65a29a9404366369b0cab4f954a1c249a28d04a43e9cab48cf4a17"",""66e5ce9fa52ce3549dd39cb039453bc1a9bbc0a428aae96a31994b3cda2dccaf"",""fb0ea32eb869e9dfd233dd06fefd970801a78e9c76b4252ddaf8effbc6cbaf1c""]","[""P03-ReliabilityAuditReport-9a380e6dfcc2656ff25c"",""P03-CalibrationRecord-7fe0c8b3dbbad0499311"",""GROUP-0d85df40911131ead8dc"",""P03-SplitIntegrityReport-511b6f97e9b565f09699"",""P03-CalibrationEligibilityTable-12f44789cc9559ceca74"",""P03-CalibrationRecord-dfe24184254f6f96b8ff"",""ModelRegistryRecord:10a6121d24b770b132394c01"",""IHARQ-SPLITRECORD-20260806-e4e371d332c61e36""]"
CalibrationMetricSourceTable.v1,1.0.0,SOURCE_TABLE_PROFILE_NOT_REGISTERED_AS_RECORD_FAMILY,P03-PROD-022,P03-CAL-METRIC-SOURCE-TABLE-SUPPLEMENT-8518654a4afcfe1f1933,P03-CAL-METRIC-SOURCE-ROW-SUPPLEMENT-19bdf6612b0f4eed6a23,P03-L3-POSTEXT-64-128-256-R1-1833e865bcb88ff8,2e5ebd6fc62f4c9ca3ed0102914f64142de9e1206be0b6e6b3e32cad90f1d742,IHARQ-P03-L3-OFFICIAL-STRETCH-C-EXECUTION-FREEZE-R1,P03S-POSTEXT-64-128-256-PRE14-EVIDENCE-HARDENING-R1_1-S12-EVIDENCE,False,GROUP-8c1227801b90209833de,BNCI2014_001,DNN-EEGNET:EEGNet-R7-LAWHERN-SMR-P01-160HZ:P02S-LLX-R1-A0-BNCI2014_001-DNN-EEGNET-256PC-MR04,P01-L1-LOW-CAL-OFFICIAL-R2:256_PER_CLASS,IHARQ-SPLITRECORD-20260806-e4e371d332c61e36,test,288,P03-OFFICIAL-METRICS-R1,P03-OFFICIAL-EQUAL-WIDTH-15-R1,P03-RELIABILITY-7c725ad0c62823e5ac52,P03-RELIABILITY-RAW-769804c7d44d323bbbb2,GROUP-8c1227801b90209833de:raw,GROUP-8c1227801b90209833de:selected,P03-CalibrationRecord-14df01e35ad90eda1477,0.5845229500281793,0.5845229500281793,0.0,0.8456455161540567,0.8456455161540567,0.0,0.20102918111954757,0.20102918111954757,0.0,"[""P03-ReliabilityAuditReport-8fcb508f362ddad4da1b"",""P03-CalibrationRecord-14df01e35ad90eda1477"",""P03SelectionScoreRecord:P02-A0-BNCI2014_001-DNN-EEGNET-P01-L1-LOW-CAL-OFFICIAL-R2:256_PER_CLASS-MR04:calibration"",""P03SelectionScoreRecord:P02-A0-BNCI2014_001-DNN-EEGNET-P01-L1-LOW-CAL-OFFICIAL-R2:256_PER_CLASS-MR04:validation"",""P02-A0-BNCI2014_001-DNN-EEGNET-P01-L1-LOW-CAL-OFFICIAL-R2:256_PER_CLASS-MR04""]","[""580273fb1c3850711c7672ceda52a72d408836b607b81898d219d0afda727b9d"",""2dd7fe6cb2504f6818b40c7c6da793b2399fb2da852c7bc4f3c7a3dd2de45b98"",""d77713167b7c62bac450601288785772c31a4a0612c056a7400c42447eda4bae"",""58d0dfbc6321a1c8534c5d9e5b49b488c3216c6c79f12e8a28b4eb0718875b9f"",""8d0ee8fa9d6181393c295b67af0d4da8bb9105066c00a3bd1da820406eb6732c"",""ed10e494ec9b608bd990b2892627d703c8a7b7be84d10cd25502e5c3124cd95b"",""950b197546761e47ed8abce9147a3cf53c884686a565b565e94a57981dda718f"",""0e4d987bf078bb7a4753e2defe5c2acc94a6f96a69daaa845b7df80f0eb30aa2"",""4677b0fe4dcedb4c20c6bab8d519b8739df28395de7f005fc2a4761a5076bde5"",""38cc3fb347b6b37bd27ace1b4040e0d935dfc6ea683a6cf3b065613fbee50dee"",""02f936b4a2f47e03fdb7d3bc0d3724968e9e78cfcc22323a8da34c2d6d7e250d"",""fb0ea32eb869e9dfd233dd06fefd970801a78e9c76b4252ddaf8effbc6cbaf1c""]","[""P03-ReliabilityAuditReport-8fcb508f362ddad4da1b"",""P03-CalibrationRecord-14df01e35ad90eda1477"",""GROUP-8c1227801b90209833de"",""P03-SplitIntegrityReport-91943d8b630dcbe0a89f"",""P03-CalibrationEligibilityTable-820870b67ad5deda8178"",""ModelRegistryRecord:f97071ca2559bbd6d6d32acb"",""IHARQ-SPLITRECORD-20260806-e4e371d332c61e36""]"
CalibrationMetricSourceTable.v1,1.0.0,SOURCE_TABLE_PROFILE_NOT_REGISTERED_AS_RECORD_FAMILY,P03-PROD-022,P03-CAL-METRIC-SOURCE-TABLE-SUPPLEMENT-8518654a4afcfe1f1933,P03-CAL-METRIC-SOURCE-ROW-SUPPLEMENT-62e8f0f29e03981a98bb,P03-L3-POSTEXT-64-128-256-R1-1833e865bcb88ff8,2e5ebd6fc62f4c9ca3ed0102914f64142de9e1206be0b6e6b3e32cad90f1d742,IHARQ-P03-L3-OFFICIAL-STRETCH-C-EXECUTION-FREEZE-R1,P03S-POSTEXT-64-128-256-PRE14-EVIDENCE-HARDENING-R1_1-S12-EVIDENCE,False,GROUP-7ce7eea66c8a2778f0f5,BNCI2014_001,DNN-EEGNET:EEGNet-R7-LAWHERN-SMR-P01-160HZ:P02S-LLX-R1-A0-BNCI2014_001-DNN-EEGNET-64PC-MR00,P01-L1-LOW-CAL-OFFICIAL-R2:64_PER_CLASS,IHARQ-SPLITRECORD-20260806-e4e371d332c61e36,test,288,P03-OFFICIAL-METRICS-R1,P03-OFFICIAL-EQUAL-WIDTH-15-R1,P03-RELIABILITY-cded2316429f25d8df50,P03-RELIABILITY-RAW-8f3c36e6549cd0056d13,GROUP-7ce7eea66c8a2778f0f5:raw,GROUP-7ce7eea66c8a2778f0f5:selected,P03-CalibrationRecord-2171121904db06fb6b69,0.500035416343407,0.500035416343407,0.0,0.693182596915922,0.693182596915922,0.0,0.017084670668017443,0.017084670668017443,0.0,"[""P03-ReliabilityAuditReport-4ac5774138cb8efd202f"",""P03-CalibrationRecord-2171121904db06fb6b69"",""P03SelectionScoreRecord:P02-A0-BNCI2014_001-DNN-EEGNET-P01-L1-LOW-CAL-OFFICIAL-R2:64_PER_CLASS-MR00:calibration"",""P03SelectionScoreRecord:P02-A0-BNCI2014_001-DNN-EEGNET-P01-L1-LOW-CAL-OFFICIAL-R2:64_PER_CLASS-MR00:validation"",""P02-A0-BNCI2014_001-DNN-EEGNET-P01-L1-LOW-CAL-OFFICIAL-R2:64_PER_CLASS-MR00""]","[""17d5dc1575e985cf1ea8dfc072a036d57c9394fe5dd66f57b0e000822e8bc0f5"",""603f2997b31f16b922ced42b61621ec05819eb1a1659165aef3fe31b4a6e96f4"",""286bc7368029bf8826806531a089bf38b3a8470545f2b0d3abcbf97b68b5ae30"",""8fdd0a084e1bb64405c68af5ce93c6da92abbc481097b8bb17cd024dc1a401bb"",""8ee2c42c4415fc3ef749b09f424c926920ee83d86c1c432df01a7b53181d1443"",""57d0b90039bcd7b9fb936e3b8c2c435745a6a08e34d660b393cc60ee77e2861f"",""1730abd998c28697c26a2fef2dc53077f270be9b693dcd582fca85ad63b32dd7"",""0e4d987bf078bb7a4753e2defe5c2acc94a6f96a69daaa845b7df80f0eb30aa2"",""9186b4dce802d2048b7dd6b20ee5baa15fda902dab21821e7624687ed4f2fbd6"",""65fc46727fbdd923d641fbe43399ea5cea703d29ffac1f62ded251c2274a08b5"",""ee3bbf54ffafaee4ac6a1fa0e68c027c5de98765e807b04ecc36172da1295c6b"",""fb0ea32eb869e9dfd233dd06fefd970801a78e9c76b4252ddaf8effbc6cbaf1c""]","[""P03-ReliabilityAuditReport-4ac5774138cb8efd202f"",""P03-CalibrationRecord-2171121904db06fb6b69"",""GROUP-7ce7eea66c8a2778f0f5"",""P03-SplitIntegrityReport-53cfb6986c4d80c9f84f"",""P03-CalibrationEligibilityTable-9510897a575a2dbe64a9"",""ModelRegistryRecord:cb6dfad9fb1f2557aeb42f0a"",""IHARQ-SPLITRECORD-20260806-e4e371d332c61e36""]"
CalibrationMetricSourceTable.v1,1.0.0,SOURCE_TABLE_PROFILE_NOT_REGISTERED_AS_RECORD_FAMILY,P03-PROD-022,P03-CAL-METRIC-SOURCE-TABLE-SUPPLEMENT-8518654a4afcfe1f1933,P03-CAL-METRIC-SOURCE-ROW-SUPPLEMENT-eecef278075849066a64,P03-L3-POSTEXT-64-128-256-R1-1833e865bcb88ff8,2e5ebd6fc62f4c9ca3ed0102914f64142de9e1206be0b6e6b3e32cad90f1d742,IHARQ-P03-L3-OFFICIAL-STRETCH-C-EXECUTION-FREEZE-R1,P03S-POSTEXT-64-128-256-PRE14-EVIDENCE-HARDENING-R1_1-S12-EVIDENCE,False,GROUP-6131b6dd0c40800fa8c1,BNCI2014_001,DNN-EEGNET:EEGNet-R7-LAWHERN-SMR-P01-160HZ:P02S-LLX-R1-A0-BNCI2014_001-DNN-EEGNET-64PC-MR01,P01-L1-LOW-CAL-OFFICIAL-R2:64_PER_CLASS,IHARQ-SPLITRECORD-20260806-e4e371d332c61e36,test,288,P03-OFFICIAL-METRICS-R1,P03-OFFICIAL-EQUAL-WIDTH-15-R1,P03-RELIABILITY-74434679d52c3e8ffed6,P03-RELIABILITY-RAW-bf463da4ba5c1e50239d,GROUP-6131b6dd0c40800fa8c1:raw,GROUP-6131b6dd0c40800fa8c1:selected,P03-CalibrationRecord-e7768666c813a167eb81,0.5824567342707877,0.5824567342707877,0.0,0.8313598229628778,0.8313598229628778,0.0,0.17363816594306286,0.17363816594306286,0.0,"[""P03-ReliabilityAuditReport-2fee0877718d35b4f8b9"",""P03-CalibrationRecord-e7768666c813a167eb81"",""P03SelectionScoreRecord:P02-A0-BNCI2014_001-DNN-EEGNET-P01-L1-LOW-CAL-OFFICIAL-R2:64_PER_CLASS-MR01:calibration"",""P03SelectionScoreRecord:P02-A0-BNCI2014_001-DNN-EEGNET-P01-L1-LOW-CAL-OFFICIAL-R2:64_PER_CLASS-MR01:validation"",""P02-A0-BNCI2014_001-DNN-EEGNET-P01-L1-LOW-CAL-OFFICIAL-R2:64_PER_CLASS-MR01""]","[""cddd0a41d227250f87725f1229092e65b23b0a40484a9de01bd5cf4865ba7f5a"",""7c1a9c97c79970d3bb783144c89f60ee0f655ae3b1218bfaa1d14918c796e5f4"",""0aa0bb23337d1b1e73e5a194fc3ab8500a21f4d9995a5c3bdb36acfbac868e45"",""0a40135c5de983d67eb64e6ce0e9f20e987d0aeeafc1fa8413c7b7c23197e5ac"",""049b1476709aca2314a1ba7aa4290f62a720c2d24a7748e3f75b1c55a3c382df"",""6d553f96f2fab9a4b3f9fa80417a102ce0e4d7c4d573056b4b6de42a14eff841"",""6e99a3a723c22944f2b352be062b4aa57ed45fbd262b4c01be1231a9e2b96b4a"",""0e4d987bf078bb7a4753e2defe5c2acc94a6f96a69daaa845b7df80f0eb30aa2"",""9a3328ee66757ffc21d70438bac022dd0af094d837a70b8b94941ccd9e55fadf"",""2899d51db1d7e32c5b6e59d316c54d2710adce2b1f32001ef351a4a53339cb30"",""585afde0bf9c14d27db6718e51133cfce5017cea23bae68f54ce1ae1f6f49e51"",""fb0ea32eb869e9dfd233dd06fefd970801a78e9c76b4252ddaf8effbc6cbaf1c""]","[""P03-ReliabilityAuditReport-2fee0877718d35b4f8b9"",""P03-CalibrationRecord-e7768666c813a167eb81"",""GROUP-6131b6dd0c40800fa8c1"",""P03-SplitIntegrityReport-f96927f9df58c96c46db"",""P03-CalibrationEligibilityTable-18d47a989f48843306b6"",""ModelRegistryRecord:e2694e53db70d18bd76463e2"",""IHARQ-SPLITRECORD-20260806-e4e371d332c61e36""]"
CalibrationMetricSourceTable.v1,1.0.0,SOURCE_TABLE_PROFILE_NOT_REGISTERED_AS_RECORD_FAMILY,P03-PROD-022,P03-CAL-METRIC-SOURCE-TABLE-SUPPLEMENT-8518654a4afcfe1f1933,P03-CAL-METRIC-SOURCE-ROW-SUPPLEMENT-b1a772766430d9b48594,P03-L3-POSTEXT-64-128-256-R1-1833e865bcb88ff8,2e5ebd6fc62f4c9ca3ed0102914f64142de9e1206be0b6e6b3e32cad90f1d742,IHARQ-P03-L3-OFFICIAL-STRETCH-C-EXECUTION-FREEZE-R1,P03S-POSTEXT-64-128-256-PRE14-EVIDENCE-HARDENING-R1_1-S12-EVIDENCE,False,GROUP-a0ec79ccb257268714af,BNCI2014_001,DNN-EEGNET:EEGNet-R7-LAWHERN-SMR-P01-160HZ:P02S-LLX-R1-A0-BNCI2014_001-DNN-EEGNET-64PC-MR02,P01-L1-LOW-CAL-OFFICIAL-R2:64_PER_CLASS,IHARQ-SPLITRECORD-20260806-e4e371d332c61e36,test,288,P03-OFFICIAL-METRICS-R1,P03-OFFICIAL-EQUAL-WIDTH-15-R1,P03-RELIABILITY-41452dab157dea9f48e0,P03-RELIABILITY-RAW-b3ee7f6ca3796b2e60fb,GROUP-a0ec79ccb257268714af:raw,GROUP-a0ec79ccb257268714af:selected,P03-CalibrationRecord-77b467262a26243b66d4,0.5372493114783098,0.5372493114783098,0.0,0.7545956064086324,0.7545956064086324,0.0,0.15326340404184194,0.15326340404184194,0.0,"[""P03-ReliabilityAuditReport-1bbc24c154ec56d32918"",""P03-CalibrationRecord-77b467262a26243b66d4"",""P03SelectionScoreRecord:P02-A0-BNCI2014_001-DNN-EEGNET-P01-L1-LOW-CAL-OFFICIAL-R2:64_PER_CLASS-MR02:calibration"",""P03SelectionScoreRecord:P02-A0-BNCI2014_001-DNN-EEGNET-P01-L1-LOW-CAL-OFFICIAL-R2:64_PER_CLASS-MR02:validation"",""P02-A0-BNCI2014_001-DNN-EEGNET-P01-L1-LOW-CAL-OFFICIAL-R2:64_PER_CLASS-MR02""]","[""c4bd9e2693f9dc03e4bc302c811f7f743ee2a9db9514228c158273889147d9b9"",""0672727e211fb5629f835b91718c7747a37b147694d0813e2ba77b43d98dadd5"",""78577e6a354be19fa5d04f81a069e4ded8ceca22d5455de3d28df96bb52fc4b3"",""67815fbe7b4c4200b102809819a2734a8677d3a23b1a075117cc31ff7b8f9a5c"",""caac19954bbb5f79c9ac70ac2c20b68767aa8c7c062e79ea0606cfcd768cd753"",""bd67f04a926b9e72b3ccfb05eb29c83e6f79fd0eae28f2b1a9098c1f334295ac"",""5a5e55ff7d69a1ce1c12cb5c79f37bd2569ebd478168963f392dadbebee56ab8"",""0e4d987bf078bb7a4753e2defe5c2acc94a6f96a69daaa845b7df80f0eb30aa2"",""426111090db74969b8faf35ec5fe0a7dba27c8823f01b73b542f1111329be859"",""2cac3e2a9558c73930cecb931d4527c0b6bb75909181998ba57498592071ed1b"",""cb78362a48f869588b7354831d2c0cb7b51350f6dc6324ebe1185841fe11732a"",""fb0ea32eb869e9dfd233dd06fefd970801a78e9c76b4252ddaf8effbc6cbaf1c""]","[""P03-ReliabilityAuditReport-1bbc24c154ec56d32918"",""P03-CalibrationRecord-77b467262a26243b66d4"",""GROUP-a0ec79ccb257268714af"",""P03-SplitIntegrityReport-a7400fc606426b84645b"",""P03-CalibrationEligibilityTable-d40525802caf4bf8e870"",""ModelRegistryRecord:b66bf87df805de6fe6471dd7"",""IHARQ-SPLITRECORD-20260806-e4e371d332c61e36""]"
CalibrationMetricSourceTable.v1,1.0.0,SOURCE_TABLE_PROFILE_NOT_REGISTERED_AS_RECORD_FAMILY,P03-PROD-022,P03-CAL-METRIC-SOURCE-TABLE-SUPPLEMENT-8518654a4afcfe1f1933,P03-CAL-METRIC-SOURCE-ROW-SUPPLEMENT-56dbbca39af15e7d80c9,P03-L3-POSTEXT-64-128-256-R1-1833e865bcb88ff8,2e5ebd6fc62f4c9ca3ed0102914f64142de9e1206be0b6e6b3e32cad90f1d742,IHARQ-P03-L3-OFFICIAL-STRETCH-C-EXECUTION-FREEZE-R1,P03S-POSTEXT-64-128-256-PRE14-EVIDENCE-HARDENING-R1_1-S12-EVIDENCE,False,GROUP-af0e2423a6cd239ceaeb,BNCI2014_001,DNN-EEGNET:EEGNet-R7-LAWHERN-SMR-P01-160HZ:P02S-LLX-R1-A0-BNCI2014_001-DNN-EEGNET-64PC-MR03,P01-L1-LOW-CAL-OFFICIAL-R2:64_PER_CLASS,IHARQ-SPLITRECORD-20260806-e4e371d332c61e36,test,288,P03-OFFICIAL-METRICS-R1,P03-OFFICIAL-EQUAL-WIDTH-15-R1,P03-RELIABILITY-9ec87ef8011be614434b,P03-RELIABILITY-RAW-50e9b9e15ea1d830ec81,GROUP-af0e2423a6cd239ceaeb:raw,GROUP-af0e2423a6cd239ceaeb:selected,P03-CalibrationRecord-36e2e19c83f71bc29c01,0.500021944842827,0.5000410998040665,1.9154961239498114e-05,0.6931691256104013,0.6931882819811996,1.9156370798301126e-05,0.020265217766639143,0.028717836238929317,0.008452618472290174,"[""P03-ReliabilityAuditReport-72dcb06932e6c99f9966"",""P03-CalibrationRecord-36e2e19c83f71bc29c01"",""P03SelectionScoreRecord:P02-A0-BNCI2014_001-DNN-EEGNET-P01-L1-LOW-CAL-OFFICIAL-R2:64_PER_CLASS-MR03:calibration"",""P03SelectionScoreRecord:P02-A0-BNCI2014_001-DNN-EEGNET-P01-L1-LOW-CAL-OFFICIAL-R2:64_PER_CLASS-MR03:validation"",""P02-A0-BNCI2014_001-DNN-EEGNET-P01-L1-LOW-CAL-OFFICIAL-R2:64_PER_CLASS-MR03""]","[""3d739c65848828ed03771136db57248c2ee969d0e9a198e598d934868052fdbe"",""dfcf6cb4576f0a60380085b70a328ae388f2d3289a04cc8923485b040ad6ee86"",""aa8a89195e484258b47d0bb7a592926b96e0a214520a62f9ec31a172c7e25702"",""f946c59dc7a76bc808ab0cf757fb13b8bbf88d036a61090ad7ceb41e72e7b130"",""03824d6607c63f0f65e884b92a7bfaf943200ede9ccf1a8509af10bb2ec91f81"",""42280534e6818d3731f53ce607984cbdad9c0dab9aad96bb99acc8f4d03f0258"",""187ebe608af6ce02b09cf1e03daa3191ffb9f8165803d542317276df8e8673b4"",""7e8b1ebdabddfce6a96cec74b47180e78e4df3936641422bc80e3f9e244ad622"",""0e4d987bf078bb7a4753e2defe5c2acc94a6f96a69daaa845b7df80f0eb30aa2"",""03ee6566e43840019d1d279c3ea3488d4ae1fd65f029b11a67454c8b02fa0971"",""3402f7f39df798719411970540add7d685b30b71042b6f59e1f1eba6621bf9ed"",""6938c6304c60553ba42004c47eeaaeedc72b1d2e9511599ce334322ef0203183"",""fb0ea32eb869e9dfd233dd06fefd970801a78e9c76b4252ddaf8effbc6cbaf1c""]","[""P03-ReliabilityAuditReport-72dcb06932e6c99f9966"",""P03-CalibrationRecord-36e2e19c83f71bc29c01"",""GROUP-af0e2423a6cd239ceaeb"",""P03-SplitIntegrityReport-9bd55444ae57d2cfe4eb"",""P03-CalibrationEligibilityTable-e71ef017a746ecdc8bc1"",""P03-CalibrationRecord-88a63721e14c6f9213c3"",""ModelRegistryRecord:c5f36409b8e588e2ade3d30c"",""IHARQ-SPLITRECORD-20260806-e4e371d332c61e36""]"
CalibrationMetricSourceTable.v1,1.0.0,SOURCE_TABLE_PROFILE_NOT_REGISTERED_AS_RECORD_FAMILY,P03-PROD-022,P03-CAL-METRIC-SOURCE-TABLE-SUPPLEMENT-8518654a4afcfe1f1933,P03-CAL-METRIC-SOURCE-ROW-SUPPLEMENT-dc6fb93e3967ccbe1db0,P03-L3-POSTEXT-64-128-256-R1-1833e865bcb88ff8,2e5ebd6fc62f4c9ca3ed0102914f64142de9e1206be0b6e6b3e32cad90f1d742,IHARQ-P03-L3-OFFICIAL-STRETCH-C-EXECUTION-FREEZE-R1,P03S-POSTEXT-64-128-256-PRE14-EVIDENCE-HARDENING-R1_1-S12-EVIDENCE,False,GROUP-73a0b51053a7f2cfd9db,BNCI2014_001,DNN-EEGNET:EEGNet-R7-LAWHERN-SMR-P01-160HZ:P02S-LLX-R1-A0-BNCI2014_001-DNN-EEGNET-64PC-MR04,P01-L1-LOW-CAL-OFFICIAL-R2:64_PER_CLASS,IHARQ-SPLITRECORD-20260806-e4e371d332c61e36,test,288,P03-OFFICIAL-METRICS-R1,P03-OFFICIAL-EQUAL-WIDTH-15-R1,P03-RELIABILITY-dc23f898db79c114ef46,P03-RELIABILITY-RAW-01e2355c26fcf4f4c3cd,GROUP-73a0b51053a7f2cfd9db:raw,GROUP-73a0b51053a7f2cfd9db:selected,P03-CalibrationRecord-e59ab7dc8d75b6a48258,0.6969572319012683,0.6969572319012683,0.0,1.1954178362181098,1.1954178362181098,0.0,0.29049691059556726,0.29049691059556726,0.0,"[""P03-ReliabilityAuditReport-e1d01240106df9571568"",""P03-CalibrationRecord-e59ab7dc8d75b6a48258"",""P03SelectionScoreRecord:P02-A0-BNCI2014_001-DNN-EEGNET-P01-L1-LOW-CAL-OFFICIAL-R2:64_PER_CLASS-MR04:calibration"",""P03SelectionScoreRecord:P02-A0-BNCI2014_001-DNN-EEGNET-P01-L1-LOW-CAL-OFFICIAL-R2:64_PER_CLASS-MR04:validation"",""P02-A0-BNCI2014_001-DNN-EEGNET-P01-L1-LOW-CAL-OFFICIAL-R2:64_PER_CLASS-MR04""]","[""8ae77912a23978702b28030123493e4d64d0a7c60b349c738938f1b54b92c781"",""598d2457f962eec9ea41169c3076b977b7e02425b469c5e0bc4a69c294308cc5"",""20c55c68cc61084109e70e178e2ea32446faf6072186b7c1957d40fe53ffd6ad"",""5b0cebf06cdba8ed49d3379e93d9d0814517323629c0307922d49fd74e117291"",""7d712b584b4da5bf0e474ab800210758431220e09f4abf0321981c5933ff54e3"",""fa161632b907872b84a831aa062fe758ace5c16aefe06387b0807669ab6af185"",""4d260c4d383dcbd38f3245054e9bef5948b1e3c6920ec6f33f944636dad20fe4"",""0e4d987bf078bb7a4753e2defe5c2acc94a6f96a69daaa845b7df80f0eb30aa2"",""4898ccd6df104f897b7b25677ba08d95da914054ac75f965de458006406bd3b3"",""772a83e11f29b2d97b1a7fe2f627b2bd6023591cf2905d1ea84139e6c1b59a4a"",""bb98a09ca38d070d45ee1b0c917225a4789e45e64e346ed5de0d17b68b6eb6fb"",""fb0ea32eb869e9dfd233dd06fefd970801a78e9c76b4252ddaf8effbc6cbaf1c""]","[""P03-ReliabilityAuditReport-e1d01240106df9571568"",""P03-CalibrationRecord-e59ab7dc8d75b6a48258"",""GROUP-73a0b51053a7f2cfd9db"",""P03-SplitIntegrityReport-2102f5003f95f755d6eb"",""P03-CalibrationEligibilityTable-da735e67981c9643ed96"",""ModelRegistryRecord:49f54a2bfb8a40e476a5f7ac"",""IHARQ-SPLITRECORD-20260806-e4e371d332c61e36""]"
CalibrationMetricSourceTable.v1,1.0.0,SOURCE_TABLE_PROFILE_NOT_REGISTERED_AS_RECORD_FAMILY,P03-PROD-022,P03-CAL-METRIC-SOURCE-TABLE-SUPPLEMENT-8518654a4afcfe1f1933,P03-CAL-METRIC-SOURCE-ROW-SUPPLEMENT-bc273fc808beaa577011,P03-L3-POSTEXT-64-128-256-R1-1833e865bcb88ff8,2e5ebd6fc62f4c9ca3ed0102914f64142de9e1206be0b6e6b3e32cad90f1d742,IHARQ-P03-L3-OFFICIAL-STRETCH-C-EXECUTION-FREEZE-R1,P03S-POSTEXT-64-128-256-PRE14-EVIDENCE-HARDENING-R1_1-S12-EVIDENCE,False,GROUP-aa621acdc4c487000a8f,BNCI2014_001,RIE-TS-LR:RIE-TS-LR:P02S-LLX-R1-A0-BNCI2014_001-RIE-TS-LR-128PC-MR00,P01-L1-LOW-CAL-OFFICIAL-R2:128_PER_CLASS,IHARQ-SPLITRECORD-20260806-e4e371d332c61e36,test,288,P03-OFFICIAL-METRICS-R1,P03-OFFICIAL-EQUAL-WIDTH-15-R1,P03-RELIABILITY-858ea02f843337bc0dee,P03-RELIABILITY-RAW-64e01ca99220712f83fa,GROUP-aa621acdc4c487000a8f:raw,GROUP-aa621acdc4c487000a8f:selected,P03-CalibrationRecord-c8842c19fd8381717b4b,0.48734122454079987,0.49417140796232556,0.006830183421525693,0.6806880888164761,0.6904687309902078,0.009780642173731646,0.02508954427889257,0.06651050787260224,0.04142096359370967,"[""P03-ReliabilityAuditReport-c11e2072e2f77ebbadec"",""P03-CalibrationRecord-c8842c19fd8381717b4b"",""P03SelectionScoreRecord:P02-A0-BNCI2014_001-RIE-TS-LR-P01-L1-LOW-CAL-OFFICIAL-R2:128_PER_CLASS-MR00:calibration"",""P03SelectionScoreRecord:P02-A0-BNCI2014_001-RIE-TS-LR-P01-L1-LOW-CAL-OFFICIAL-R2:128_PER_CLASS-MR00:validation"",""P02-A0-BNCI2014_001-RIE-TS-LR-P01-L1-LOW-CAL-OFFICIAL-R2:128_PER_CLASS-MR00""]","[""7249d83f889ed28de4669808f1a0318f71b6c834a1e46d656a1135ff8e60e4fb"",""e42adc0da81276de7af5e4ec9303474d26f7b999b968bd37e9662be10c94a1a9"",""83d0df614bd2a6f6cb5c7af74d42007b14d1230b63f2666eac6ae8d2629da16d"",""448b31dc61f62d948b7582ee8d971e67eae06f98901299112cf86a0cd01c7718"",""9f19f5defaafd91b76c68142ea6837caeee6e10ef831d45ac597c68c7f191b26"",""7d007d16791d8a9b9cb4c555ea11f2e9fa716f85e499acbe51793b6dd63b90fd"",""90a0ec923717998a227f81c07bba737b61b0c1cc1778ab077974deaffa9d1181"",""a7db47627787d6c53ce7008424c766201605f7d5f6e5ac8c2ac171a0fd73f45a"",""0e4d987bf078bb7a4753e2defe5c2acc94a6f96a69daaa845b7df80f0eb30aa2"",""8d25d2544a3a7f06a3cead820e9814418b8df1b6d504ba247f3c73f06014150d"",""437cd9c891f66cd0245ea7822998c38f1594090be37f1737fa96f7fe650196fd"",""3486913218919c4adbebf098cfcbe6cd59d5090ba74d8153cb2b7a23716ce6d5"",""fb0ea32eb869e9dfd233dd06fefd970801a78e9c76b4252ddaf8effbc6cbaf1c""]","[""P03-ReliabilityAuditReport-c11e2072e2f77ebbadec"",""P03-CalibrationRecord-c8842c19fd8381717b4b"",""GROUP-aa621acdc4c487000a8f"",""P03-SplitIntegrityReport-8fd19aebfee250258790"",""P03-CalibrationEligibilityTable-e559eb33e91fb386b6fc"",""P03-CalibrationRecord-17f16f2af6c28c2cb25a"",""ModelRegistryRecord:17874fc3ab8fcbcb70c0a506"",""IHARQ-SPLITRECORD-20260806-e4e371d332c61e36""]"
CalibrationMetricSourceTable.v1,1.0.0,SOURCE_TABLE_PROFILE_NOT_REGISTERED_AS_RECORD_FAMILY,P03-PROD-022,P03-CAL-METRIC-SOURCE-TABLE-SUPPLEMENT-8518654a4afcfe1f1933,P03-CAL-METRIC-SOURCE-ROW-SUPPLEMENT-a82484275e245f8f2181,P03-L3-POSTEXT-64-128-256-R1-1833e865bcb88ff8,2e5ebd6fc62f4c9ca3ed0102914f64142de9e1206be0b6e6b3e32cad90f1d742,IHARQ-P03-L3-OFFICIAL-STRETCH-C-EXECUTION-FREEZE-R1,P03S-POSTEXT-64-128-256-PRE14-EVIDENCE-HARDENING-R1_1-S12-EVIDENCE,False,GROUP-31c8e21f65340a7acffa,BNCI2014_001,RIE-TS-LR:RIE-TS-LR:P02S-LLX-R1-A0-BNCI2014_001-RIE-TS-LR-256PC-MR00,P01-L1-LOW-CAL-OFFICIAL-R2:256_PER_CLASS,IHARQ-SPLITRECORD-20260806-e4e371d332c61e36,test,288,P03-OFFICIAL-METRICS-R1,P03-OFFICIAL-EQUAL-WIDTH-15-R1,P03-RELIABILITY-06fd0392acaf11140e52,P03-RELIABILITY-RAW-fa65129b4196f4b9875a,GROUP-31c8e21f65340a7acffa:raw,GROUP-31c8e21f65340a7acffa:selected,P03-CalibrationRecord-0db1e23f21bd43db059e,0.5010109354745423,0.6096209333157093,0.10860999784116698,0.6951798052124879,0.8822837779347231,0.18710397272223522,0.06215037343718512,0.23662550759985435,0.17447513416266922,"[""P03-ReliabilityAuditReport-0cf72424b6991a165a52"",""P03-CalibrationRecord-0db1e23f21bd43db059e"",""P03SelectionScoreRecord:P02-A0-BNCI2014_001-RIE-TS-LR-P01-L1-LOW-CAL-OFFICIAL-R2:256_PER_CLASS-MR00:calibration"",""P03SelectionScoreRecord:P02-A0-BNCI2014_001-RIE-TS-LR-P01-L1-LOW-CAL-OFFICIAL-R2:256_PER_CLASS-MR00:validation"",""P02-A0-BNCI2014_001-RIE-TS-LR-P01-L1-LOW-CAL-OFFICIAL-R2:256_PER_CLASS-MR00""]","[""cbb66400848d19bf1c0770cec631915a20dbcb6a0347a7f6bd95de6f60be5905"",""351204825d93fed5cad6d426606d4d0dbd9329a3ea011857b479f18efb8aea62"",""c819893875f46ef3bcf10bf09ba99f11c480e7d801255b6980ccb0599b9b8d0e"",""5be3dc1c7f00e70a49abf8a1eecd5d117100bfa797f826da94e64b3f41522afd"",""fbc5e6161adf872841d18bf2c42978d5819e779cf2c077911d63c24590b22f7e"",""c3a4a68cabf22eb4065e2a036025acff0caa0b7ef1400fff3fb9a0bcd205a9f0"",""c7dd148932ee39e14c72ba4971013a5f99bb4b5bf9090743fda68c0f7db7f3c3"",""87dbf9de6e3d6dcd24bd2c36b0b2253ed6763c83fec61684cc496d0ea588d8eb"",""0e4d987bf078bb7a4753e2defe5c2acc94a6f96a69daaa845b7df80f0eb30aa2"",""2b93ef0c998ebf4fd2c83c3f95788f92da07a07b121a663253b0d0e6843c893d"",""cb887e44d95bd40bbce98fc7b7e6071c3bd536987923f617cc84bf4109d465f4"",""6155b6e348efe5221624ec5d6af7d30f5fefc091630ef73a7427498e52de3e3a"",""fb0ea32eb869e9dfd233dd06fefd970801a78e9c76b4252ddaf8effbc6cbaf1c""]","[""P03-ReliabilityAuditReport-0cf72424b6991a165a52"",""P03-CalibrationRecord-0db1e23f21bd43db059e"",""GROUP-31c8e21f65340a7acffa"",""P03-SplitIntegrityReport-60a9740951b72c89ef3c"",""P03-CalibrationEligibilityTable-c7cdd7418e824f57b1d1"",""P03-CalibrationRecord-201fc55f1eaff973d3d9"",""ModelRegistryRecord:28d64ba30304bffa4c994893"",""IHARQ-SPLITRECORD-20260806-e4e371d332c61e36""]"
CalibrationMetricSourceTable.v1,1.0.0,SOURCE_TABLE_PROFILE_NOT_REGISTERED_AS_RECORD_FAMILY,P03-PROD-022,P03-CAL-METRIC-SOURCE-TABLE-SUPPLEMENT-8518654a4afcfe1f1933,P03-CAL-METRIC-SOURCE-ROW-SUPPLEMENT-0487c8707eb4b3c321f1,P03-L3-POSTEXT-64-128-256-R1-1833e865bcb88ff8,2e5ebd6fc62f4c9ca3ed0102914f64142de9e1206be0b6e6b3e32cad90f1d742,IHARQ-P03-L3-OFFICIAL-STRETCH-C-EXECUTION-FREEZE-R1,P03S-POSTEXT-64-128-256-PRE14-EVIDENCE-HARDENING-R1_1-S12-EVIDENCE,False,GROUP-036831faee28efb9cdd1,BNCI2014_001,RIE-TS-LR:RIE-TS-LR:P02S-LLX-R1-A0-BNCI2014_001-RIE-TS-LR-64PC-MR00,P01-L1-LOW-CAL-OFFICIAL-R2:64_PER_CLASS,IHARQ-SPLITRECORD-20260806-e4e371d332c61e36,test,288,P03-OFFICIAL-METRICS-R1,P03-OFFICIAL-EQUAL-WIDTH-15-R1,P03-RELIABILITY-cdbb62269516267da28b,P03-RELIABILITY-RAW-21f250b6349b8708ceb3,GROUP-036831faee28efb9cdd1:raw,GROUP-036831faee28efb9cdd1:selected,P03-CalibrationRecord-b17a2ac4e41181b495a9,0.8419846018976378,0.5668664737599847,-0.27511812813765313,1.814661649816816,0.7711571175972662,-1.0435045322195498,0.4102935181801187,0.17204428991091353,-0.2382492282692052,"[""P03-ReliabilityAuditReport-aff5c9a493247891069d"",""P03-CalibrationRecord-b17a2ac4e41181b495a9"",""P03SelectionScoreRecord:P02-A0-BNCI2014_001-RIE-TS-LR-P01-L1-LOW-CAL-OFFICIAL-R2:64_PER_CLASS-MR00:calibration"",""P03SelectionScoreRecord:P02-A0-BNCI2014_001-RIE-TS-LR-P01-L1-LOW-CAL-OFFICIAL-R2:64_PER_CLASS-MR00:validation"",""P02-A0-BNCI2014_001-RIE-TS-LR-P01-L1-LOW-CAL-OFFICIAL-R2:64_PER_CLASS-MR00""]","[""204475a20c1478a039236c2bb27b89cc64fb88dd90eae928c42c8722fc9eb71d"",""719abdd14f9cd52b07a2cf16bc004eda8f0ae28361fc87d2a115af0b4be95dd8"",""3706b5b71a70d388a358a7cb07a24a5ca32b39e70b5863df9c24ac94be85a22e"",""8c6c2300de2072f8edab2238253874f144f315eb2ba33fd1e32541d5650139f3"",""39e771db6063e44817a05a2c045a825fa4c5fca3acfbc45e74ad50490a6d3587"",""2ffd4097112428ab7edf5a4293f7c5ebd0ad7b40da940d79d804b751d6d832b7"",""c65342a6d23ac1254df395b4198fe7cf15030c7384e21400a9b25de3a3baa136"",""b290de4090480522a97992eb052e06650a3cf98c6846118a6777ab778c817593"",""0e4d987bf078bb7a4753e2defe5c2acc94a6f96a69daaa845b7df80f0eb30aa2"",""b970b9753019f05a2d44a1d66105cc9944514998d7dab065c144e2811062c0ce"",""112fdc543b4770e906a98fd9a962f7bf46b61c6330f324f24599dd207fee64df"",""fec958fb0ec819c78023e24c1cf42335dbec7b9ffbe92bd2fae537ab23382c74"",""fb0ea32eb869e9dfd233dd06fefd970801a78e9c76b4252ddaf8effbc6cbaf1c""]","[""P03-ReliabilityAuditReport-aff5c9a493247891069d"",""P03-CalibrationRecord-b17a2ac4e41181b495a9"",""GROUP-036831faee28efb9cdd1"",""P03-SplitIntegrityReport-02b7e97a449c366cbb4e"",""P03-CalibrationEligibilityTable-0db0757cd5186990f24a"",""P03-CalibrationRecord-54bdf935f92dbb93f05b"",""ModelRegistryRecord:9f6ed30fb186f2f546be7c50"",""IHARQ-SPLITRECORD-20260806-e4e371d332c61e36""]"
CalibrationMetricSourceTable.v1,1.0.0,SOURCE_TABLE_PROFILE_NOT_REGISTERED_AS_RECORD_FAMILY,P03-PROD-022,P03-CAL-METRIC-SOURCE-TABLE-SUPPLEMENT-8518654a4afcfe1f1933,P03-CAL-METRIC-SOURCE-ROW-SUPPLEMENT-89abe5e33c2949899056,P03-L3-POSTEXT-64-128-256-R1-1833e865bcb88ff8,2e5ebd6fc62f4c9ca3ed0102914f64142de9e1206be0b6e6b3e32cad90f1d742,IHARQ-P03-L3-OFFICIAL-STRETCH-C-EXECUTION-FREEZE-R1,P03S-POSTEXT-64-128-256-PRE14-EVIDENCE-HARDENING-R1_1-S12-EVIDENCE,False,GROUP-b74aac907d81554ddc06,BNCI2014_001,SSL-CBRAMOD:CBraMod-HF-Braindecode-GovernedP02-R6Scale1e4:P02S-LLX-R1-A0-BNCI2014_001-SSL-CBRAMOD-128PC-MR00,P01-L1-LOW-CAL-OFFICIAL-R2:128_PER_CLASS,IHARQ-SPLITRECORD-20260806-e4e371d332c61e36,test,288,P03-OFFICIAL-METRICS-R1,P03-OFFICIAL-EQUAL-WIDTH-15-R1,P03-RELIABILITY-9145271211469a4b3ee1,P03-RELIABILITY-RAW-d030cba71b7dc4c8a8ad,GROUP-b74aac907d81554ddc06:raw,GROUP-b74aac907d81554ddc06:selected,P03-CalibrationRecord-da20a28fbe7e3a9e1d46,0.6215355887124991,0.5057644275557389,-0.11577116115676023,0.8737582479752574,0.699295481679764,-0.1744627662954934,0.22695424088523747,0.07718707087155391,-0.14976717001368356,"[""P03-ReliabilityAuditReport-161e1d5fb35caa3f66db"",""P03-CalibrationRecord-da20a28fbe7e3a9e1d46"",""P03SelectionScoreRecord:P02-A0-BNCI2014_001-SSL-CBRAMOD-P01-L1-LOW-CAL-OFFICIAL-R2:128_PER_CLASS-MR00:calibration"",""P03SelectionScoreRecord:P02-A0-BNCI2014_001-SSL-CBRAMOD-P01-L1-LOW-CAL-OFFICIAL-R2:128_PER_CLASS-MR00:validation"",""P02-A0-BNCI2014_001-SSL-CBRAMOD-P01-L1-LOW-CAL-OFFICIAL-R2:128_PER_CLASS-MR00""]","[""ec6717a669cb78bb901db532b09669828d1f6b07d90a38f0647922cee018993a"",""58d958d613853c00b63e62680e7c2eca172fb49a277bb9c48bc5ecdae3c3d755"",""226d751902901247cabc8ba59499dbf5c19a25be23245b0a5197340f3f170d51"",""6d930c81ac5c6cb95cf47e450edba90475eab7f190582fafdd2cdf0a6b0b70c7"",""5479c05eeae2b3b4f3001fe368a729643886c1c246376855f9dae77872688cca"",""a4eab35b1b2a4951a204e904bc17cdb66d50f49dfd85fa0b7d0d3e583ec9af90"",""d743d3a39fbc112fed7a6f1ca25f4a882ea8ff10cb24f0661955f2ee65aac2b2"",""75b3438752c3cb86641bfc3c5c05c75418bb004efbae9618607244a9e578bbd3"",""0e4d987bf078bb7a4753e2defe5c2acc94a6f96a69daaa845b7df80f0eb30aa2"",""c7b1ea5d9adf8bdd7be15842451a9c80a6b843ab1a6c15edc1e488db51ebeb2f"",""2698e81331a654276bc81bc7fc39e57ca39d46b72da9209514b8439542062e97"",""5e971abf9d8781cd5e4428223ed4af2310182316669070b8db08f780794e59c7"",""fb0ea32eb869e9dfd233dd06fefd970801a78e9c76b4252ddaf8effbc6cbaf1c""]","[""P03-ReliabilityAuditReport-161e1d5fb35caa3f66db"",""P03-CalibrationRecord-da20a28fbe7e3a9e1d46"",""GROUP-b74aac907d81554ddc06"",""P03-SplitIntegrityReport-68b7b324ecd02749eadf"",""P03-CalibrationEligibilityTable-71c2ead216e54357f585"",""P03-CalibrationRecord-a8cab98694691a12229f"",""ModelRegistryRecord:e83bf2cba946365b4470b04d"",""IHARQ-SPLITRECORD-20260806-e4e371d332c61e36""]"
CalibrationMetricSourceTable.v1,1.0.0,SOURCE_TABLE_PROFILE_NOT_REGISTERED_AS_RECORD_FAMILY,P03-PROD-022,P03-CAL-METRIC-SOURCE-TABLE-SUPPLEMENT-8518654a4afcfe1f1933,P03-CAL-METRIC-SOURCE-ROW-SUPPLEMENT-260378543c0efe20bbb5,P03-L3-POSTEXT-64-128-256-R1-1833e865bcb88ff8,2e5ebd6fc62f4c9ca3ed0102914f64142de9e1206be0b6e6b3e32cad90f1d742,IHARQ-P03-L3-OFFICIAL-STRETCH-C-EXECUTION-FREEZE-R1,P03S-POSTEXT-64-128-256-PRE14-EVIDENCE-HARDENING-R1_1-S12-EVIDENCE,False,GROUP-7b70f403a0150f3328b3,BNCI2014_001,SSL-CBRAMOD:CBraMod-HF-Braindecode-GovernedP02-R6Scale1e4:P02S-LLX-R1-A0-BNCI2014_001-SSL-CBRAMOD-128PC-MR01,P01-L1-LOW-CAL-OFFICIAL-R2:128_PER_CLASS,IHARQ-SPLITRECORD-20260806-e4e371d332c61e36,test,288,P03-OFFICIAL-METRICS-R1,P03-OFFICIAL-EQUAL-WIDTH-15-R1,P03-RELIABILITY-87e6aaeb25ec661b91dd,P03-RELIABILITY-RAW-47a29c766aa68cbb393a,GROUP-7b70f403a0150f3328b3:raw,GROUP-7b70f403a0150f3328b3:selected,P03-CalibrationRecord-4dd7b1166ed5456ee9a0,0.5868606071103465,0.5868606071103465,0.0,0.8360297835617873,0.8360297835617873,0.0,0.19445183690100715,0.19445183690100715,0.0,"[""P03-ReliabilityAuditReport-469c963a854d97283c4b"",""P03-CalibrationRecord-4dd7b1166ed5456ee9a0"",""P03SelectionScoreRecord:P02-A0-BNCI2014_001-SSL-CBRAMOD-P01-L1-LOW-CAL-OFFICIAL-R2:128_PER_CLASS-MR01:calibration"",""P03SelectionScoreRecord:P02-A0-BNCI2014_001-SSL-CBRAMOD-P01-L1-LOW-CAL-OFFICIAL-R2:128_PER_CLASS-MR01:validation"",""P02-A0-BNCI2014_001-SSL-CBRAMOD-P01-L1-LOW-CAL-OFFICIAL-R2:128_PER_CLASS-MR01""]","[""5f5aa00eb26d29c47a7202dde43c2e57da96d9b8027f722f097934e16bff2fbd"",""065cc88afa4c8a5ba66a54ed18caec19809b188329d703f345dd188ad7d93b06"",""c7721203778faa19de68311885ace811d0558258a37a73fbe21e0d606a632122"",""426819bba80d5a0c077d684ed6770cc5cd2f46a1f9f4de94071c55ec218a451b"",""4c4fad3fce98f9b2dc4dfb1321af20102281f307c9114f7cbcc9a4df3bbb244c"",""9b5b4068f6cf4f7bacdf42b3e1f401a1888224a814e1df88369dc3984b77a807"",""e6ac19c07f41f10c2886bb60cc13132f5c478285a9d4aa6ce7300caaea564f6f"",""0e4d987bf078bb7a4753e2defe5c2acc94a6f96a69daaa845b7df80f0eb30aa2"",""4227887679281a4c785d2518b75a8ad60c4e24fa179bdb676a0b80c0879ed1fb"",""780210eb25d06cbddf19f234ebd2b274e7f5fa3d3720ef7f17500a51c60361b6"",""236921f9f7b49fc2ff9741c07607e12900557cc27041fcab6480b5e744a50b19"",""fb0ea32eb869e9dfd233dd06fefd970801a78e9c76b4252ddaf8effbc6cbaf1c""]","[""P03-ReliabilityAuditReport-469c963a854d97283c4b"",""P03-CalibrationRecord-4dd7b1166ed5456ee9a0"",""GROUP-7b70f403a0150f3328b3"",""P03-SplitIntegrityReport-8dec7cd5e5a4bc244c84"",""P03-CalibrationEligibilityTable-a01b2b87014506905a7f"",""ModelRegistryRecord:d89b37238c26b11f5222b6dc"",""IHARQ-SPLITRECORD-20260806-e4e371d332c61e36""]"
CalibrationMetricSourceTable.v1,1.0.0,SOURCE_TABLE_PROFILE_NOT_REGISTERED_AS_RECORD_FAMILY,P03-PROD-022,P03-CAL-METRIC-SOURCE-TABLE-SUPPLEMENT-8518654a4afcfe1f1933,P03-CAL-METRIC-SOURCE-ROW-SUPPLEMENT-ab2693bef0e88a824278,P03-L3-POSTEXT-64-128-256-R1-1833e865bcb88ff8,2e5ebd6fc62f4c9ca3ed0102914f64142de9e1206be0b6e6b3e32cad90f1d742,IHARQ-P03-L3-OFFICIAL-STRETCH-C-EXECUTION-FREEZE-R1,P03S-POSTEXT-64-128-256-PRE14-EVIDENCE-HARDENING-R1_1-S12-EVIDENCE,False,GROUP-ee0ead1740ad06d4650b,BNCI2014_001,SSL-CBRAMOD:CBraMod-HF-Braindecode-GovernedP02-R6Scale1e4:P02S-LLX-R1-A0-BNCI2014_001-SSL-CBRAMOD-128PC-MR02,P01-L1-LOW-CAL-OFFICIAL-R2:128_PER_CLASS,IHARQ-SPLITRECORD-20260806-e4e371d332c61e36,test,288,P03-OFFICIAL-METRICS-R1,P03-OFFICIAL-EQUAL-WIDTH-15-R1,P03-RELIABILITY-e218a49b6cde14d48dc8,P03-RELIABILITY-RAW-60feb73043b034228dcb,GROUP-ee0ead1740ad06d4650b:raw,GROUP-ee0ead1740ad06d4650b:selected,P03-CalibrationRecord-953a8d22b00c09d3e8ce,0.6170913522776094,0.5001050839959298,-0.11698626828167957,0.8891623314564779,0.693366191673671,-0.19579613978280697,0.22390171834575098,0.03385765020733461,-0.19004406813841637,"[""P03-ReliabilityAuditReport-e665397323f53ff04657"",""P03-CalibrationRecord-953a8d22b00c09d3e8ce"",""P03SelectionScoreRecord:P02-A0-BNCI2014_001-SSL-CBRAMOD-P01-L1-LOW-CAL-OFFICIAL-R2:128_PER_CLASS-MR02:calibration"",""P03SelectionScoreRecord:P02-A0-BNCI2014_001-SSL-CBRAMOD-P01-L1-LOW-CAL-OFFICIAL-R2:128_PER_CLASS-MR02:validation"",""P02-A0-BNCI2014_001-SSL-CBRAMOD-P01-L1-LOW-CAL-OFFICIAL-R2:128_PER_CLASS-MR02""]","[""b6de73be960c70f996d8fd295666e7c3a8d1af4c38dcf40623fbcc13fb7f9d94"",""403337be666de53f29b1a4479f20a8dc5064259d38711f4c274699560b3ce84d"",""41cec7c8bbb84eb707b7c9b1d67f1308c5a3798dad7f05b8cada55168de6bb6a"",""748d37415b6df698bb5b537b39ff73830d2c58abdccc74f853e0604c86f615de"",""b4be778e8fbf00c5515078d79535033e2d96694e944989ff6993bc39775e4330"",""ce0e423bd5d0b36d615743ef2c42255d79f72f85ce6f900f7026e564f750ba58"",""65bf4c5945a4cb651e5ce7d2180d65f891d2f4ca867bfe5cfdff9267006aa17d"",""dbc5787a85aa7b4b9c124a0754422ab981e542bba50f27e32f4f122af89ea71a"",""0e4d987bf078bb7a4753e2defe5c2acc94a6f96a69daaa845b7df80f0eb30aa2"",""cbb9e824614450d8a819b209b3abfcdfc426dd0f58afe447e97ee2ef81d76c34"",""0e5a69bd20b20bf4c06333d04b363ca1aa9200610a4d6861fe0d0b0a0e64718c"",""e6530d66c4b6dd35d0473df4a9495ffc48ddb4a42eef22b7b0527717930a3d35"",""fb0ea32eb869e9dfd233dd06fefd970801a78e9c76b4252ddaf8effbc6cbaf1c""]","[""P03-ReliabilityAuditReport-e665397323f53ff04657"",""P03-CalibrationRecord-953a8d22b00c09d3e8ce"",""GROUP-ee0ead1740ad06d4650b"",""P03-SplitIntegrityReport-c2495c8158d266cfce91"",""P03-CalibrationEligibilityTable-6656f59fee8182d05e83"",""P03-CalibrationRecord-5b04f50908f3ed2812f7"",""ModelRegistryRecord:26907385351607554862333c"",""IHARQ-SPLITRECORD-20260806-e4e371d332c61e36""]"
CalibrationMetricSourceTable.v1,1.0.0,SOURCE_TABLE_PROFILE_NOT_REGISTERED_AS_RECORD_FAMILY,P03-PROD-022,P03-CAL-METRIC-SOURCE-TABLE-SUPPLEMENT-8518654a4afcfe1f1933,P03-CAL-METRIC-SOURCE-ROW-SUPPLEMENT-54015820a45330cc37c9,P03-L3-POSTEXT-64-128-256-R1-1833e865bcb88ff8,2e5ebd6fc62f4c9ca3ed0102914f64142de9e1206be0b6e6b3e32cad90f1d742,IHARQ-P03-L3-OFFICIAL-STRETCH-C-EXECUTION-FREEZE-R1,P03S-POSTEXT-64-128-256-PRE14-EVIDENCE-HARDENING-R1_1-S12-EVIDENCE,False,GROUP-a4ae616017e6dcd6dea4,BNCI2014_001,SSL-CBRAMOD:CBraMod-HF-Braindecode-GovernedP02-R6Scale1e4:P02S-LLX-R1-A0-BNCI2014_001-SSL-CBRAMOD-128PC-MR03,P01-L1-LOW-CAL-OFFICIAL-R2:128_PER_CLASS,IHARQ-SPLITRECORD-20260806-e4e371d332c61e36,test,288,P03-OFFICIAL-METRICS-R1,P03-OFFICIAL-EQUAL-WIDTH-15-R1,P03-RELIABILITY-63ffacca30bbc05a3c0c,P03-RELIABILITY-RAW-4f7d4cad5081de8bca53,GROUP-a4ae616017e6dcd6dea4:raw,GROUP-a4ae616017e6dcd6dea4:selected,P03-CalibrationRecord-10f88b9c3c6069c192f5,0.5242152533823945,0.5242152533823945,0.0,0.7452901648497298,0.7452901648497298,0.0,0.13482030585296995,0.13482030585296995,0.0,"[""P03-ReliabilityAuditReport-30cbee641ba1121d9e36"",""P03-CalibrationRecord-10f88b9c3c6069c192f5"",""P03SelectionScoreRecord:P02-A0-BNCI2014_001-SSL-CBRAMOD-P01-L1-LOW-CAL-OFFICIAL-R2:128_PER_CLASS-MR03:calibration"",""P03SelectionScoreRecord:P02-A0-BNCI2014_001-SSL-CBRAMOD-P01-L1-LOW-CAL-OFFICIAL-R2:128_PER_CLASS-MR03:validation"",""P02-A0-BNCI2014_001-SSL-CBRAMOD-P01-L1-LOW-CAL-OFFICIAL-R2:128_PER_CLASS-MR03""]","[""7882e27d7ff8cad9f5603ecec23b0317b01577a7adc66769e11c6dcf4511b17f"",""07e2c54f428f48ce9e4570bf8f9520627bb3d49c9c8327ed42821501c937a9fb"",""82352eb52124cc53190b9677df1bf9c4a45ed5fd6d70efcf46eb30acbce4aad7"",""2f05d9c7c8e94cad4bbf069bafd366b751a62d6c0d389128dcf24c575dc0a589"",""e3ef13dc7f338ea165734a61fb36471abddee8460e5dcfddcb1906783610df6c"",""f66f2509b900abdd8da19bfa9214f518e76737163d60ba7293a1cd0422c73e38"",""a99c4d772d080128a51d0635213a7fdc31b5f348f4635cfbac5f0269f749f922"",""0e4d987bf078bb7a4753e2defe5c2acc94a6f96a69daaa845b7df80f0eb30aa2"",""ee8b18861e4d34e4bce2ce667e0328a026d85a826e24e677a6addd47e58a3c43"",""363c48a99a39608a38b448ae0257b05beb12436bca79d2687b0e79236dbd9c6a"",""aa20ab36f19da955ce14c512025e7e84a7545b1fa1e27467d19e357c7d2353e5"",""fb0ea32eb869e9dfd233dd06fefd970801a78e9c76b4252ddaf8effbc6cbaf1c""]","[""P03-ReliabilityAuditReport-30cbee641ba1121d9e36"",""P03-CalibrationRecord-10f88b9c3c6069c192f5"",""GROUP-a4ae616017e6dcd6dea4"",""P03-SplitIntegrityReport-9cb6beca86af7d22d3d7"",""P03-CalibrationEligibilityTable-037da28003675096dafb"",""ModelRegistryRecord:dd5deb0a259cba3c4b4bf08f"",""IHARQ-SPLITRECORD-20260806-e4e371d332c61e36""]"
CalibrationMetricSourceTable.v1,1.0.0,SOURCE_TABLE_PROFILE_NOT_REGISTERED_AS_RECORD_FAMILY,P03-PROD-022,P03-CAL-METRIC-SOURCE-TABLE-SUPPLEMENT-8518654a4afcfe1f1933,P03-CAL-METRIC-SOURCE-ROW-SUPPLEMENT-49a0130f4547bd4e8f11,P03-L3-POSTEXT-64-128-256-R1-1833e865bcb88ff8,2e5ebd6fc62f4c9ca3ed0102914f64142de9e1206be0b6e6b3e32cad90f1d742,IHARQ-P03-L3-OFFICIAL-STRETCH-C-EXECUTION-FREEZE-R1,P03S-POSTEXT-64-128-256-PRE14-EVIDENCE-HARDENING-R1_1-S12-EVIDENCE,False,GROUP-f311519835dd07e7f6de,BNCI2014_001,SSL-CBRAMOD:CBraMod-HF-Braindecode-GovernedP02-R6Scale1e4:P02S-LLX-R1-A0-BNCI2014_001-SSL-CBRAMOD-128PC-MR04,P01-L1-LOW-CAL-OFFICIAL-R2:128_PER_CLASS,IHARQ-SPLITRECORD-20260806-e4e371d332c61e36,test,288,P03-OFFICIAL-METRICS-R1,P03-OFFICIAL-EQUAL-WIDTH-15-R1,P03-RELIABILITY-47f6c64259d5b9279eb8,P03-RELIABILITY-RAW-27646117e170e50d67dc,GROUP-f311519835dd07e7f6de:raw,GROUP-f311519835dd07e7f6de:selected,P03-CalibrationRecord-245ec0fe86ae12ad8b61,0.6846875216208562,0.4980470276391217,-0.18664049398173455,1.109195001554701,0.6912253363288093,-0.41796966522589163,0.29919121608879795,0.0529019754609151,-0.24628924062788285,"[""P03-ReliabilityAuditReport-6e59ecbd71592d6eb3b9"",""P03-CalibrationRecord-245ec0fe86ae12ad8b61"",""P03SelectionScoreRecord:P02-A0-BNCI2014_001-SSL-CBRAMOD-P01-L1-LOW-CAL-OFFICIAL-R2:128_PER_CLASS-MR04:calibration"",""P03SelectionScoreRecord:P02-A0-BNCI2014_001-SSL-CBRAMOD-P01-L1-LOW-CAL-OFFICIAL-R2:128_PER_CLASS-MR04:validation"",""P02-A0-BNCI2014_001-SSL-CBRAMOD-P01-L1-LOW-CAL-OFFICIAL-R2:128_PER_CLASS-MR04""]","[""053df6092ffef797c5fd02fd171cbceded7e01ca1d253c88e1a90f5c574ffcac"",""a0a9618e9f00cb654f7c33e8085f8155d22cb36da857350b7a5fb69ef7224530"",""68cd262dd1336a8f654a90abf7fb89c45a8d779c87dfebcc24b90922599c8a78"",""ba5450098f96647d3de79f9a72b55e9e141e555232059fbdbabbc360d26d2a31"",""4864f3770b7049527ad3856e60b18d4765ba58f773d3af2cc8af6ae92bc52638"",""7b4d85eb9eb1cd7addc4cec1f5238f98a099ad7e12218e863e20bc2718cf8a71"",""8134afc1a26f7ab6f932114a950025255d9fa01912fe072d1098a8b53599a195"",""52b4f938c3e0075b3dbb6c5c559e2611111aa42dc243a8a47fc3dc43a4641301"",""0e4d987bf078bb7a4753e2defe5c2acc94a6f96a69daaa845b7df80f0eb30aa2"",""4043bf24e4a85155f0be8f34392d750cb4237c1903f0b320963031916d691935"",""83c23a2f5a6c6b4cf458d7c093bc248f40710e75181728af58bfcbcc82e01c3e"",""df6001b14ffad1f32d958fbcf61cbd5215bcb551f585c65f3c7b68fbd39f0416"",""fb0ea32eb869e9dfd233dd06fefd970801a78e9c76b4252ddaf8effbc6cbaf1c""]","[""P03-ReliabilityAuditReport-6e59ecbd71592d6eb3b9"",""P03-CalibrationRecord-245ec0fe86ae12ad8b61"",""GROUP-f311519835dd07e7f6de"",""P03-SplitIntegrityReport-547d93f20d64c5c8001b"",""P03-CalibrationEligibilityTable-e529d37154431b1e529a"",""P03-CalibrationRecord-6183b9ceb5878dcdd42a"",""ModelRegistryRecord:321858b9ba93e8addf631b56"",""IHARQ-SPLITRECORD-20260806-e4e371d332c61e36""]"
CalibrationMetricSourceTable.v1,1.0.0,SOURCE_TABLE_PROFILE_NOT_REGISTERED_AS_RECORD_FAMILY,P03-PROD-022,P03-CAL-METRIC-SOURCE-TABLE-SUPPLEMENT-8518654a4afcfe1f1933,P03-CAL-METRIC-SOURCE-ROW-SUPPLEMENT-3fca7db5debfa2d1f687,P03-L3-POSTEXT-64-128-256-R1-1833e865bcb88ff8,2e5ebd6fc62f4c9ca3ed0102914f64142de9e1206be0b6e6b3e32cad90f1d742,IHARQ-P03-L3-OFFICIAL-STRETCH-C-EXECUTION-FREEZE-R1,P03S-POSTEXT-64-128-256-PRE14-EVIDENCE-HARDENING-R1_1-S12-EVIDENCE,False,GROUP-55c6045aeb7d25bfffdb,BNCI2014_001,SSL-CBRAMOD:CBraMod-HF-Braindecode-GovernedP02-R6Scale1e4:P02S-LLX-R1-A0-BNCI2014_001-SSL-CBRAMOD-256PC-MR00,P01-L1-LOW-CAL-OFFICIAL-R2:256_PER_CLASS,IHARQ-SPLITRECORD-20260806-e4e371d332c61e36,test,288,P03-OFFICIAL-METRICS-R1,P03-OFFICIAL-EQUAL-WIDTH-15-R1,P03-RELIABILITY-6daecf9e13314a0a73c3,P03-RELIABILITY-RAW-dac6689de79a02ccb871,GROUP-55c6045aeb7d25bfffdb:raw,GROUP-55c6045aeb7d25bfffdb:selected,P03-CalibrationRecord-2cee79838c97dc867f8d,0.7992109721172891,0.5096117850437947,-0.2895991870734944,1.4205073304792264,0.702854020540754,-0.7176533099384724,0.37742120956191116,0.06342627869814589,-0.3139949308637653,"[""P03-ReliabilityAuditReport-d579c308326264e210c5"",""P03-CalibrationRecord-2cee79838c97dc867f8d"",""P03SelectionScoreRecord:P02-A0-BNCI2014_001-SSL-CBRAMOD-P01-L1-LOW-CAL-OFFICIAL-R2:256_PER_CLASS-MR00:calibration"",""P03SelectionScoreRecord:P02-A0-BNCI2014_001-SSL-CBRAMOD-P01-L1-LOW-CAL-OFFICIAL-R2:256_PER_CLASS-MR00:validation"",""P02-A0-BNCI2014_001-SSL-CBRAMOD-P01-L1-LOW-CAL-OFFICIAL-R2:256_PER_CLASS-MR00""]","[""8e1397421ee78639f79854b2f3651d57664cb2c5a6ca929e699e50884fc81208"",""92c2fc52f9668d8e37b0ba3e290cfe9e0af97138822c07ca98d3738ab6cf5290"",""2ead8e85af4e5b423d87ac7d4cad284c7c0d4a72a753149fd7fee674c21e3f8b"",""0d7f0f0fbfc9fe2b71f597a5a97af7ead0e996ae6de167e6ff96cc717a84f837"",""91253ce7f8812ae2a43f9f45828965937958abbe5cbfcca8b9d6b9c567537c2e"",""526059ff110431f51752cf9d3d0513ad3ebb37e6d7ebd619d4805fe06ade95c7"",""abdee2394689c89de9d0604c2f008bafc6bf32fdfc952a5623d5b9f0c44f71c0"",""8ae8794a808041c4bf0167e528f24f7d362262b2e05c9754719e0646d17ec020"",""0e4d987bf078bb7a4753e2defe5c2acc94a6f96a69daaa845b7df80f0eb30aa2"",""27abc5bc0c2dda919d06faaf2fea862d6533e82c97ad904fb3073f9cae5543fd"",""85e0d6d7cbb858e73a7f694bf2c07e2a6821a3b416d4998aebe66e3e2a9137f6"",""38208fe3507d17d71f1c2bc612dbd2b07c426555ed18777a2bf1fec46b014b90"",""fb0ea32eb869e9dfd233dd06fefd970801a78e9c76b4252ddaf8effbc6cbaf1c""]","[""P03-ReliabilityAuditReport-d579c308326264e210c5"",""P03-CalibrationRecord-2cee79838c97dc867f8d"",""GROUP-55c6045aeb7d25bfffdb"",""P03-SplitIntegrityReport-f399c6e79520eb81a25b"",""P03-CalibrationEligibilityTable-22bb01c858280332a75a"",""P03-CalibrationRecord-937385eb6705a110d912"",""ModelRegistryRecord:4b06a1bda50c1eb12f2046f4"",""IHARQ-SPLITRECORD-20260806-e4e371d332c61e36""]"
CalibrationMetricSourceTable.v1,1.0.0,SOURCE_TABLE_PROFILE_NOT_REGISTERED_AS_RECORD_FAMILY,P03-PROD-022,P03-CAL-METRIC-SOURCE-TABLE-SUPPLEMENT-8518654a4afcfe1f1933,P03-CAL-METRIC-SOURCE-ROW-SUPPLEMENT-0869a792ff5d7b7be322,P03-L3-POSTEXT-64-128-256-R1-1833e865bcb88ff8,2e5ebd6fc62f4c9ca3ed0102914f64142de9e1206be0b6e6b3e32cad90f1d742,IHARQ-P03-L3-OFFICIAL-STRETCH-C-EXECUTION-FREEZE-R1,P03S-POSTEXT-64-128-256-PRE14-EVIDENCE-HARDENING-R1_1-S12-EVIDENCE,False,GROUP-d17eb9185c83bb9da7d8,BNCI2014_001,SSL-CBRAMOD:CBraMod-HF-Braindecode-GovernedP02-R6Scale1e4:P02S-LLX-R1-A0-BNCI2014_001-SSL-CBRAMOD-256PC-MR01,P01-L1-LOW-CAL-OFFICIAL-R2:256_PER_CLASS,IHARQ-SPLITRECORD-20260806-e4e371d332c61e36,test,288,P03-OFFICIAL-METRICS-R1,P03-OFFICIAL-EQUAL-WIDTH-15-R1,P03-RELIABILITY-ec5b6eea614e8223bb64,P03-RELIABILITY-RAW-2dc3ab9a59aef31fac5b,GROUP-d17eb9185c83bb9da7d8:raw,GROUP-d17eb9185c83bb9da7d8:selected,P03-CalibrationRecord-798405281c8e2d4ed47a,0.7255414297773446,0.5032573930915665,-0.22228403668577812,1.1578631135500277,0.6964266075869826,-0.4614365059630451,0.30298584607273776,0.049774883652846325,-0.25321096241989144,"[""P03-ReliabilityAuditReport-24baf1f060f5393e8cd0"",""P03-CalibrationRecord-798405281c8e2d4ed47a"",""P03SelectionScoreRecord:P02-A0-BNCI2014_001-SSL-CBRAMOD-P01-L1-LOW-CAL-OFFICIAL-R2:256_PER_CLASS-MR01:calibration"",""P03SelectionScoreRecord:P02-A0-BNCI2014_001-SSL-CBRAMOD-P01-L1-LOW-CAL-OFFICIAL-R2:256_PER_CLASS-MR01:validation"",""P02-A0-BNCI2014_001-SSL-CBRAMOD-P01-L1-LOW-CAL-OFFICIAL-R2:256_PER_CLASS-MR01""]","[""6aac5c7c304ac7a1641dda18f43cf7cb58fa850beeb4326c0db356347622e7a4"",""f1772524f3b40dc382990f2b339a724bbe6776b734a4204dc45e2bdcde97dd13"",""89f1ff13cdce7808f159c68ca0c4de03f38e2ce733319e38c19ee692046059b4"",""2270d7e1a8ceaeb90da4c109bc657960f3eb68d9fb39606eb02dbcbae0e156e1"",""c8b219e7664b5fbe6b6bb8a4e5d6f4ac5e4f86111a8f0d310fe75bc697048e2d"",""eba2f7e273839674b1ceb7893f83295389131fbda056e2b457154e6e38c13b07"",""74f22ec7606a9c7385a8966d0bb6da92f3c24dccf175040ad5ac69e98d6bdbdb"",""3c1499f44dad6455c70e3ec5e0733bf8dee03cc7a13c73977faa224cb5c4fd0f"",""0e4d987bf078bb7a4753e2defe5c2acc94a6f96a69daaa845b7df80f0eb30aa2"",""784876d0ab83c5dd9395a3fd83c33abce85f72b355a6d92bd688e01473e16283"",""8d0e497ca58b202c0c85a65675f888c89b9e481b5bea0e4dc830c5ab4bbe1b4a"",""05d75a8047873cad4eec3152f59fc455b1bc30b8551ff833a2f91bb91a40375a"",""fb0ea32eb869e9dfd233dd06fefd970801a78e9c76b4252ddaf8effbc6cbaf1c""]","[""P03-ReliabilityAuditReport-24baf1f060f5393e8cd0"",""P03-CalibrationRecord-798405281c8e2d4ed47a"",""GROUP-d17eb9185c83bb9da7d8"",""P03-SplitIntegrityReport-f9ebd8a91ab666557aeb"",""P03-CalibrationEligibilityTable-ee8aa866fc28b244c142"",""P03-CalibrationRecord-8401260f5fd624d2bd37"",""ModelRegistryRecord:f37e32c945ec53ad720d2004"",""IHARQ-SPLITRECORD-20260806-e4e371d332c61e36""]"
CalibrationMetricSourceTable.v1,1.0.0,SOURCE_TABLE_PROFILE_NOT_REGISTERED_AS_RECORD_FAMILY,P03-PROD-022,P03-CAL-METRIC-SOURCE-TABLE-SUPPLEMENT-8518654a4afcfe1f1933,P03-CAL-METRIC-SOURCE-ROW-SUPPLEMENT-2e8ad8ad857a39fc30bc,P03-L3-POSTEXT-64-128-256-R1-1833e865bcb88ff8,2e5ebd6fc62f4c9ca3ed0102914f64142de9e1206be0b6e6b3e32cad90f1d742,IHARQ-P03-L3-OFFICIAL-STRETCH-C-EXECUTION-FREEZE-R1,P03S-POSTEXT-64-128-256-PRE14-EVIDENCE-HARDENING-R1_1-S12-EVIDENCE,False,GROUP-339557743e96c7221afb,BNCI2014_001,SSL-CBRAMOD:CBraMod-HF-Braindecode-GovernedP02-R6Scale1e4:P02S-LLX-R1-A0-BNCI2014_001-SSL-CBRAMOD-256PC-MR02,P01-L1-LOW-CAL-OFFICIAL-R2:256_PER_CLASS,IHARQ-SPLITRECORD-20260806-e4e371d332c61e36,test,288,P03-OFFICIAL-METRICS-R1,P03-OFFICIAL-EQUAL-WIDTH-15-R1,P03-RELIABILITY-9072980eb481f02f0dc0,P03-RELIABILITY-RAW-d30e6f01eb6e84ebed76,GROUP-339557743e96c7221afb:raw,GROUP-339557743e96c7221afb:selected,P03-CalibrationRecord-e3bf577b49aacf08d51e,0.604891102753132,0.5019681497924446,-0.10292295296068732,0.8591830651295324,0.6951851594297676,-0.1639979056997648,0.18896206403609675,0.05598082088466875,-0.132981243151428,"[""P03-ReliabilityAuditReport-cdc64919620286a344ae"",""P03-CalibrationRecord-e3bf577b49aacf08d51e"",""P03SelectionScoreRecord:P02-A0-BNCI2014_001-SSL-CBRAMOD-P01-L1-LOW-CAL-OFFICIAL-R2:256_PER_CLASS-MR02:calibration"",""P03SelectionScoreRecord:P02-A0-BNCI2014_001-SSL-CBRAMOD-P01-L1-LOW-CAL-OFFICIAL-R2:256_PER_CLASS-MR02:validation"",""P02-A0-BNCI2014_001-SSL-CBRAMOD-P01-L1-LOW-CAL-OFFICIAL-R2:256_PER_CLASS-MR02""]","[""8bb6a258fc0d5b18ba22a6a4974e8e347112ba3c419378d26e1f61d9bd571c11"",""6bdc68541a229e2ab3aced21c60aef7bd000fbd3bd9c0fd1c42bf22600e66f8b"",""01aff3ae0e6052700de20b7c53be035936a52e821ca9094bce5188fd56a46964"",""6fbe585364588309f942b447724d6f20142359ea914795f829c573cab07eee4e"",""cc618a7871a451f32561d3865a42041dd92799217a1c80eaf98d643345bc2f49"",""727cd78904bc8b984e3584633dceccbb9076f22f32764c538d438906714cbf3e"",""012cf340c0fbc6c7e9f4041d5c3369fd11771d18a8bf1b73587252f0a2213bf8"",""55dccd633319bc2630e3d9b3a7566fa2f339d8e3a1738ffbd3546d79b55085a6"",""0e4d987bf078bb7a4753e2defe5c2acc94a6f96a69daaa845b7df80f0eb30aa2"",""956b081b4ae6570c028ef431390474631505098534e62c3c2d0729b3996fee08"",""ae1599724c8cb16abc4ee0ec81aca50518a215f91eff0c63ae4dfe3d19b1fbda"",""f551de572b3d70dda06460efe47276dcac70bfb5671b0d36c5992649ad2527de"",""fb0ea32eb869e9dfd233dd06fefd970801a78e9c76b4252ddaf8effbc6cbaf1c""]","[""P03-ReliabilityAuditReport-cdc64919620286a344ae"",""P03-CalibrationRecord-e3bf577b49aacf08d51e"",""GROUP-339557743e96c7221afb"",""P03-SplitIntegrityReport-66de10f54155c56ed845"",""P03-CalibrationEligibilityTable-4b65c13da1c8efbbc5ae"",""P03-CalibrationRecord-58636c5d8dd30f2c8804"",""ModelRegistryRecord:20eb4ce22b0167452c433539"",""IHARQ-SPLITRECORD-20260806-e4e371d332c61e36""]"
CalibrationMetricSourceTable.v1,1.0.0,SOURCE_TABLE_PROFILE_NOT_REGISTERED_AS_RECORD_FAMILY,P03-PROD-022,P03-CAL-METRIC-SOURCE-TABLE-SUPPLEMENT-8518654a4afcfe1f1933,P03-CAL-METRIC-SOURCE-ROW-SUPPLEMENT-7eb6658bf8f0b6c23ef9,P03-L3-POSTEXT-64-128-256-R1-1833e865bcb88ff8,2e5ebd6fc62f4c9ca3ed0102914f64142de9e1206be0b6e6b3e32cad90f1d742,IHARQ-P03-L3-OFFICIAL-STRETCH-C-EXECUTION-FREEZE-R1,P03S-POSTEXT-64-128-256-PRE14-EVIDENCE-HARDENING-R1_1-S12-EVIDENCE,False,GROUP-f6bb8f6aff586b83f0c4,BNCI2014_001,SSL-CBRAMOD:CBraMod-HF-Braindecode-GovernedP02-R6Scale1e4:P02S-LLX-R1-A0-BNCI2014_001-SSL-CBRAMOD-256PC-MR03,P01-L1-LOW-CAL-OFFICIAL-R2:256_PER_CLASS,IHARQ-SPLITRECORD-20260806-e4e371d332c61e36,test,288,P03-OFFICIAL-METRICS-R1,P03-OFFICIAL-EQUAL-WIDTH-15-R1,P03-RELIABILITY-af0f6bcbf5c731906444,P03-RELIABILITY-RAW-8342c0089a47c88c0238,GROUP-f6bb8f6aff586b83f0c4:raw,GROUP-f6bb8f6aff586b83f0c4:selected,P03-CalibrationRecord-e4d640ae0d1119c00991,0.5651170059279629,0.5082900862903936,-0.05682691963756925,0.7783906825635997,0.7014867062194194,-0.07690397634418022,0.16704070903839532,0.06342972704774164,-0.10361098199065369,"[""P03-ReliabilityAuditReport-58a9ac528205d3352b58"",""P03-CalibrationRecord-e4d640ae0d1119c00991"",""P03SelectionScoreRecord:P02-A0-BNCI2014_001-SSL-CBRAMOD-P01-L1-LOW-CAL-OFFICIAL-R2:256_PER_CLASS-MR03:calibration"",""P03SelectionScoreRecord:P02-A0-BNCI2014_001-SSL-CBRAMOD-P01-L1-LOW-CAL-OFFICIAL-R2:256_PER_CLASS-MR03:validation"",""P02-A0-BNCI2014_001-SSL-CBRAMOD-P01-L1-LOW-CAL-OFFICIAL-R2:256_PER_CLASS-MR03""]","[""8386e6356af86557758c1f9f3e8db0f666801446de62e9adfb1465c827a50f0f"",""f56b79b6e86e5a13deb649dac6f616a2b1a5b815c44556b138a719a3a31433f5"",""6b7549b3c7751749f6d43b5a5336da8cb3284af8d09f75beef297aa7f8188fdf"",""f923df26fadeabb862a631337a0851b076e0770e32281bafdcf3bf1f06e9251d"",""87e843caf8eb1da594a0466e4ebec1970a70d0e85a8c45d9fc25a9b6652eee74"",""602818a249a7f26909a6d263741f368ea2c96df867c1f3c4e6d206ac0d3f58b1"",""d8bcc61e4162bc731622bca1d4136793236dad45d659dac2044c500a31189753"",""8e799c3a7bb96986fb098d436db9acaee3120b33c311657e65e909da128a4f17"",""0e4d987bf078bb7a4753e2defe5c2acc94a6f96a69daaa845b7df80f0eb30aa2"",""b1bfd74d1263caa2a3e8aa4b01a3a5768cb913ca755fa023fb73b1b222c5d46b"",""6c2fb81788f7e2ebd8b7103ca25c4475bde31178b9dfe331d14afe81a3f0c10c"",""7a6fe97aba6c763d9fbc1bd221d51d526bb7b1171152eb6b95f9c006d32c3f04"",""fb0ea32eb869e9dfd233dd06fefd970801a78e9c76b4252ddaf8effbc6cbaf1c""]","[""P03-ReliabilityAuditReport-58a9ac528205d3352b58"",""P03-CalibrationRecord-e4d640ae0d1119c00991"",""GROUP-f6bb8f6aff586b83f0c4"",""P03-SplitIntegrityReport-9e73f14333922f0e08c7"",""P03-CalibrationEligibilityTable-4ed976c4da423ebf4a5b"",""P03-CalibrationRecord-c34295ca0e70f8469637"",""ModelRegistryRecord:5e98a19d2c195df67c96bab8"",""IHARQ-SPLITRECORD-20260806-e4e371d332c61e36""]"
CalibrationMetricSourceTable.v1,1.0.0,SOURCE_TABLE_PROFILE_NOT_REGISTERED_AS_RECORD_FAMILY,P03-PROD-022,P03-CAL-METRIC-SOURCE-TABLE-SUPPLEMENT-8518654a4afcfe1f1933,P03-CAL-METRIC-SOURCE-ROW-SUPPLEMENT-3f292c5c04837b33fb06,P03-L3-POSTEXT-64-128-256-R1-1833e865bcb88ff8,2e5ebd6fc62f4c9ca3ed0102914f64142de9e1206be0b6e6b3e32cad90f1d742,IHARQ-P03-L3-OFFICIAL-STRETCH-C-EXECUTION-FREEZE-R1,P03S-POSTEXT-64-128-256-PRE14-EVIDENCE-HARDENING-R1_1-S12-EVIDENCE,False,GROUP-f82870472fcdd9d93a65,BNCI2014_001,SSL-CBRAMOD:CBraMod-HF-Braindecode-GovernedP02-R6Scale1e4:P02S-LLX-R1-A0-BNCI2014_001-SSL-CBRAMOD-256PC-MR04,P01-L1-LOW-CAL-OFFICIAL-R2:256_PER_CLASS,IHARQ-SPLITRECORD-20260806-e4e371d332c61e36,test,288,P03-OFFICIAL-METRICS-R1,P03-OFFICIAL-EQUAL-WIDTH-15-R1,P03-RELIABILITY-1204bd2fc2af6875e97b,P03-RELIABILITY-RAW-e5f7747210fb9b385d1f,GROUP-f82870472fcdd9d93a65:raw,GROUP-f82870472fcdd9d93a65:selected,P03-CalibrationRecord-785463231c5dcbc08ab7,0.6138071327397283,0.49881637566599857,-0.11499075707372974,0.8720611695449194,0.6919630283677578,-0.1800981411771616,0.2241585432761348,0.02231119648431803,-0.20184734679181676,"[""P03-ReliabilityAuditReport-945d4b184d813062823b"",""P03-CalibrationRecord-785463231c5dcbc08ab7"",""P03SelectionScoreRecord:P02-A0-BNCI2014_001-SSL-CBRAMOD-P01-L1-LOW-CAL-OFFICIAL-R2:256_PER_CLASS-MR04:calibration"",""P03SelectionScoreRecord:P02-A0-BNCI2014_001-SSL-CBRAMOD-P01-L1-LOW-CAL-OFFICIAL-R2:256_PER_CLASS-MR04:validation"",""P02-A0-BNCI2014_001-SSL-CBRAMOD-P01-L1-LOW-CAL-OFFICIAL-R2:256_PER_CLASS-MR04""]","[""dae8cbd4d618c5d168487689c64151cfaaa13a01a1dc17a583b267b86e32fc4b"",""6d5de099d0816a23e573bc9e6af82ce9ba67e9b6335ee89d339cff8a115f5e6c"",""ed8c56ecd4e03bdc6001ccc04afc1d1d9130ff8002bc6b1b5d8c84dac4fd9c5a"",""2de9da59f4151d43429290d6ff4d911dc117d83469b427c082434b923068a02b"",""4b3858ef4e5b29509526cf0cc2ba5f12221e4855a4b2b47523c7fadc22c25fba"",""599ebf7e447432d93ae52e55cde401fdad53547af6bc37d4632d523141a529d9"",""8616220420aaf6940e8134a80b141437271694db5fd1cb2c971f869320a73515"",""61eb03af8ae5cacce0c2cc0ca70853f9f1bb146df0a392d467d60b4d69b28978"",""0e4d987bf078bb7a4753e2defe5c2acc94a6f96a69daaa845b7df80f0eb30aa2"",""9ba76887d95420776bda6395ac267754fe581ce66c58f923323c36c4ba55f506"",""cfb823d44821634e313044de9d1a2ca23cf398eea471ccbffed976d36cd91a62"",""6adf22f7a2fbfc097df4613deb876aa6509a3f07f778a9c1d0fbf2c4e23e5455"",""fb0ea32eb869e9dfd233dd06fefd970801a78e9c76b4252ddaf8effbc6cbaf1c""]","[""P03-ReliabilityAuditReport-945d4b184d813062823b"",""P03-CalibrationRecord-785463231c5dcbc08ab7"",""GROUP-f82870472fcdd9d93a65"",""P03-SplitIntegrityReport-abe2d0840cebbaaf686d"",""P03-CalibrationEligibilityTable-ea69597789f8e3a2c0de"",""P03-CalibrationRecord-40f3a9884436e1c0ea76"",""ModelRegistryRecord:3657f1f6bcc2706dc7490d01"",""IHARQ-SPLITRECORD-20260806-e4e371d332c61e36""]"
CalibrationMetricSourceTable.v1,1.0.0,SOURCE_TABLE_PROFILE_NOT_REGISTERED_AS_RECORD_FAMILY,P03-PROD-022,P03-CAL-METRIC-SOURCE-TABLE-SUPPLEMENT-8518654a4afcfe1f1933,P03-CAL-METRIC-SOURCE-ROW-SUPPLEMENT-edfa05bbae71771e3760,P03-L3-POSTEXT-64-128-256-R1-1833e865bcb88ff8,2e5ebd6fc62f4c9ca3ed0102914f64142de9e1206be0b6e6b3e32cad90f1d742,IHARQ-P03-L3-OFFICIAL-STRETCH-C-EXECUTION-FREEZE-R1,P03S-POSTEXT-64-128-256-PRE14-EVIDENCE-HARDENING-R1_1-S12-EVIDENCE,False,GROUP-baf087f2a08679a7cb4d,BNCI2014_001,SSL-CBRAMOD:CBraMod-HF-Braindecode-GovernedP02-R6Scale1e4:P02S-LLX-R1-A0-BNCI2014_001-SSL-CBRAMOD-64PC-MR00,P01-L1-LOW-CAL-OFFICIAL-R2:64_PER_CLASS,IHARQ-SPLITRECORD-20260806-e4e371d332c61e36,test,288,P03-OFFICIAL-METRICS-R1,P03-OFFICIAL-EQUAL-WIDTH-15-R1,P03-RELIABILITY-2d87669ce26b64aa1834,P03-RELIABILITY-RAW-a43b8766a2976a02274e,GROUP-baf087f2a08679a7cb4d:raw,GROUP-baf087f2a08679a7cb4d:selected,P03-CalibrationRecord-0df8a98b3529aaa1205f,0.7624893098856657,0.5027196948400062,-0.25976961504565943,1.5605649698129023,0.6959344398800165,-0.8646305299328858,0.35142484756642556,0.03425984001123117,-0.3171650075551944,"[""P03-ReliabilityAuditReport-9cdad61f40e004c23aae"",""P03-CalibrationRecord-0df8a98b3529aaa1205f"",""P03SelectionScoreRecord:P02-A0-BNCI2014_001-SSL-CBRAMOD-P01-L1-LOW-CAL-OFFICIAL-R2:64_PER_CLASS-MR00:calibration"",""P03SelectionScoreRecord:P02-A0-BNCI2014_001-SSL-CBRAMOD-P01-L1-LOW-CAL-OFFICIAL-R2:64_PER_CLASS-MR00:validation"",""P02-A0-BNCI2014_001-SSL-CBRAMOD-P01-L1-LOW-CAL-OFFICIAL-R2:64_PER_CLASS-MR00""]","[""6b850ac6013bc84a34a771292598d79d96751766b0daddf52b000d1182b6b85b"",""43167887ebc60218264fcf46e7867b442f7b60e1347310224bd5b2ac8c0b0e24"",""257a3ceea14414f0582a8cbafdb4fcf7e203a1574b111558aae2ba10a0a5596e"",""52b656e67a6600dbfd0e910b48613390fc266b90d0fb3332a1113f667c00d927"",""cf4244c8b6f2f28808e6b408e1ec27fcd5c381b497502fa4d1d37c7ea1bd2d6c"",""1d05225794bc9d237f6370a440e5dc384c3a44b96bfb8df568e4ab19d47b41b3"",""a2ad8727bd75c04458e60d53482494ef198dd1166831500e4e2c96b9a78bf2f1"",""f77cb9276d0a77c6c056a0eafae7b1032e9a3713bb962ace83b773e22ae5a5e0"",""0e4d987bf078bb7a4753e2defe5c2acc94a6f96a69daaa845b7df80f0eb30aa2"",""c4c6f924daafe5f791175717d6302f403ec14b2f7c9726df327f153b18481291"",""e653a1387984ff3d64fca9ac72fb7182b40658b45e1eb5bd2ab62f136b3ae52f"",""2d9f525e280da449b2c0a80609e36971bf6d04d19fc195c14c400684a7ce6cb9"",""fb0ea32eb869e9dfd233dd06fefd970801a78e9c76b4252ddaf8effbc6cbaf1c""]","[""P03-ReliabilityAuditReport-9cdad61f40e004c23aae"",""P03-CalibrationRecord-0df8a98b3529aaa1205f"",""GROUP-baf087f2a08679a7cb4d"",""P03-SplitIntegrityReport-d39167cc63af79692f69"",""P03-CalibrationEligibilityTable-e691993b4e21bc3fa641"",""P03-CalibrationRecord-0b76d4e1bf6b274b514d"",""ModelRegistryRecord:87da5a97a8972dc4e417ddb5"",""IHARQ-SPLITRECORD-20260806-e4e371d332c61e36""]"
CalibrationMetricSourceTable.v1,1.0.0,SOURCE_TABLE_PROFILE_NOT_REGISTERED_AS_RECORD_FAMILY,P03-PROD-022,P03-CAL-METRIC-SOURCE-TABLE-SUPPLEMENT-8518654a4afcfe1f1933,P03-CAL-METRIC-SOURCE-ROW-SUPPLEMENT-70709a5b24231b4be059,P03-L3-POSTEXT-64-128-256-R1-1833e865bcb88ff8,2e5ebd6fc62f4c9ca3ed0102914f64142de9e1206be0b6e6b3e32cad90f1d742,IHARQ-P03-L3-OFFICIAL-STRETCH-C-EXECUTION-FREEZE-R1,P03S-POSTEXT-64-128-256-PRE14-EVIDENCE-HARDENING-R1_1-S12-EVIDENCE,False,GROUP-a99017d28795296da1e9,BNCI2014_001,SSL-CBRAMOD:CBraMod-HF-Braindecode-GovernedP02-R6Scale1e4:P02S-LLX-R1-A0-BNCI2014_001-SSL-CBRAMOD-64PC-MR01,P01-L1-LOW-CAL-OFFICIAL-R2:64_PER_CLASS,IHARQ-SPLITRECORD-20260806-e4e371d332c61e36,test,288,P03-OFFICIAL-METRICS-R1,P03-OFFICIAL-EQUAL-WIDTH-15-R1,P03-RELIABILITY-6f3c98800891852409d5,P03-RELIABILITY-RAW-b97f21da9d883247e174,GROUP-a99017d28795296da1e9:raw,GROUP-a99017d28795296da1e9:selected,P03-CalibrationRecord-fd27b5460bbedabb2aba,0.533533259630167,0.5048777665152125,-0.02865549311495441,0.7303807297995525,0.6981073600424446,-0.03227336975710793,0.08916067962113665,0.045098376189293375,-0.044062303431843274,"[""P03-ReliabilityAuditReport-cc6efef6c21e92003ffb"",""P03-CalibrationRecord-fd27b5460bbedabb2aba"",""P03SelectionScoreRecord:P02-A0-BNCI2014_001-SSL-CBRAMOD-P01-L1-LOW-CAL-OFFICIAL-R2:64_PER_CLASS-MR01:calibration"",""P03SelectionScoreRecord:P02-A0-BNCI2014_001-SSL-CBRAMOD-P01-L1-LOW-CAL-OFFICIAL-R2:64_PER_CLASS-MR01:validation"",""P02-A0-BNCI2014_001-SSL-CBRAMOD-P01-L1-LOW-CAL-OFFICIAL-R2:64_PER_CLASS-MR01""]","[""2d139a7e993f4e95a826be602f9c5c521fb51690efeff3cecd536380b840e4c6"",""419f2cb36c221b348c863e38d6d26d22d096f485af04162994973dca17f6affd"",""c89e7abdc1148d376cfe325a9f061d11bcde94d0d44bff136cee857b4a6530de"",""828e57c41b66af1161a42e5c965015b2f6c6e2df0fac1675f92e2d72826feaf9"",""65fd6b52aaeae202712c48c4ffa2208ee54b08f707fba76e275835ad8ddfe385"",""5f46a3f9a340350c2cda723c88bc111e2bb3bdebd527755588dab21d134d0a7c"",""9d845e44c9c224aaba3a4cca455fa5ccf94f6de86f82d9582b66087dd99b417b"",""e44164eafa58f6626895f5a955c908d1743b81c3bffbd369ae9b0891d631b504"",""0e4d987bf078bb7a4753e2defe5c2acc94a6f96a69daaa845b7df80f0eb30aa2"",""fe763901229571242dc51a105591f36143267889b9c07f962fcf1c9424554e72"",""6a8dc0977d438d729505b0bb14d34a44851aa3eb28611b5855cd242713d02368"",""68e8c98060a1d9d33609065d2a6ded532b260dd826d35a836bc1559e5c6375e6"",""fb0ea32eb869e9dfd233dd06fefd970801a78e9c76b4252ddaf8effbc6cbaf1c""]","[""P03-ReliabilityAuditReport-cc6efef6c21e92003ffb"",""P03-CalibrationRecord-fd27b5460bbedabb2aba"",""GROUP-a99017d28795296da1e9"",""P03-SplitIntegrityReport-783e0bb19bf318ab248e"",""P03-CalibrationEligibilityTable-7ae616b0d2b0da143fe9"",""P03-CalibrationRecord-86ae5a7fb40f68b5e924"",""ModelRegistryRecord:2898f0df12ea436e3cc7d228"",""IHARQ-SPLITRECORD-20260806-e4e371d332c61e36""]"
CalibrationMetricSourceTable.v1,1.0.0,SOURCE_TABLE_PROFILE_NOT_REGISTERED_AS_RECORD_FAMILY,P03-PROD-022,P03-CAL-METRIC-SOURCE-TABLE-SUPPLEMENT-8518654a4afcfe1f1933,P03-CAL-METRIC-SOURCE-ROW-SUPPLEMENT-35f03f5dcd8da33b84dc,P03-L3-POSTEXT-64-128-256-R1-1833e865bcb88ff8,2e5ebd6fc62f4c9ca3ed0102914f64142de9e1206be0b6e6b3e32cad90f1d742,IHARQ-P03-L3-OFFICIAL-STRETCH-C-EXECUTION-FREEZE-R1,P03S-POSTEXT-64-128-256-PRE14-EVIDENCE-HARDENING-R1_1-S12-EVIDENCE,False,GROUP-f29e014df1446f41c247,BNCI2014_001,SSL-CBRAMOD:CBraMod-HF-Braindecode-GovernedP02-R6Scale1e4:P02S-LLX-R1-A0-BNCI2014_001-SSL-CBRAMOD-64PC-MR02,P01-L1-LOW-CAL-OFFICIAL-R2:64_PER_CLASS,IHARQ-SPLITRECORD-20260806-e4e371d332c61e36,test,288,P03-OFFICIAL-METRICS-R1,P03-OFFICIAL-EQUAL-WIDTH-15-R1,P03-RELIABILITY-28efa3c8a4db5ac9463f,P03-RELIABILITY-RAW-2394f8d8c7b5cefb4843,GROUP-f29e014df1446f41c247:raw,GROUP-f29e014df1446f41c247:selected,P03-CalibrationRecord-3357e38354cda97ff87c,0.6255816415584644,0.5028336579492331,-0.12274798360923134,0.9363565488510758,0.6962634589409737,-0.24009308991010203,0.21070674094050923,0.03556273825061515,-0.17514400268989408,"[""P03-ReliabilityAuditReport-44c258bbf904f9ca7b7f"",""P03-CalibrationRecord-3357e38354cda97ff87c"",""P03SelectionScoreRecord:P02-A0-BNCI2014_001-SSL-CBRAMOD-P01-L1-LOW-CAL-OFFICIAL-R2:64_PER_CLASS-MR02:calibration"",""P03SelectionScoreRecord:P02-A0-BNCI2014_001-SSL-CBRAMOD-P01-L1-LOW-CAL-OFFICIAL-R2:64_PER_CLASS-MR02:validation"",""P02-A0-BNCI2014_001-SSL-CBRAMOD-P01-L1-LOW-CAL-OFFICIAL-R2:64_PER_CLASS-MR02""]","[""5421a83009454715a6f8c974f111baa0e50975e13db4d67b1a98a95f97e06ce1"",""c13f0600c8d7c59d1392fcac1936475582be1036d4fcd8389e3418a6e20932e2"",""2d66df3beec88f7eaf39ebaa062e3d1ab7127ad80f4be6164f53f3a6efd36254"",""76948a9f1b012d252117efa45259dfc199ce4864e4f1a3876bffa436f7ad39d2"",""b98db92875497026a93af3aa222d336d0eaeba3a17a46a6dfbbef068d34a170c"",""0099942538f2b4fc495b9111d4421e1cb47a6a44dd29d3996d098590cfb359a6"",""671809562ce77e9120229484727366e81a73016d17950ee0954bead9cc5df37b"",""28d8c48c7b8c22edac422be6eda561e77cde02fa2bfb5fb48463294e0eab19f4"",""0e4d987bf078bb7a4753e2defe5c2acc94a6f96a69daaa845b7df80f0eb30aa2"",""09f5d04b781ede3cdb7270aad017e4918852a3fd11b57b4beedd09b0bc7eec2e"",""7065719ad07af6a69b9ee65be42a24f1b37e606a7857a77de06a07f9599a4ad9"",""82e8b6801c31888e591880c9d886f72022c2a34e6ccb194cf558b6e465b36138"",""fb0ea32eb869e9dfd233dd06fefd970801a78e9c76b4252ddaf8effbc6cbaf1c""]","[""P03-ReliabilityAuditReport-44c258bbf904f9ca7b7f"",""P03-CalibrationRecord-3357e38354cda97ff87c"",""GROUP-f29e014df1446f41c247"",""P03-SplitIntegrityReport-7d482a9404f465cd7e36"",""P03-CalibrationEligibilityTable-278c52372873d772942f"",""P03-CalibrationRecord-77dc67b540aaf8863f12"",""ModelRegistryRecord:7497ad10e53b90fee95967ac"",""IHARQ-SPLITRECORD-20260806-e4e371d332c61e36""]"
CalibrationMetricSourceTable.v1,1.0.0,SOURCE_TABLE_PROFILE_NOT_REGISTERED_AS_RECORD_FAMILY,P03-PROD-022,P03-CAL-METRIC-SOURCE-TABLE-SUPPLEMENT-8518654a4afcfe1f1933,P03-CAL-METRIC-SOURCE-ROW-SUPPLEMENT-4dd5a9d853b4ae8a4261,P03-L3-POSTEXT-64-128-256-R1-1833e865bcb88ff8,2e5ebd6fc62f4c9ca3ed0102914f64142de9e1206be0b6e6b3e32cad90f1d742,IHARQ-P03-L3-OFFICIAL-STRETCH-C-EXECUTION-FREEZE-R1,P03S-POSTEXT-64-128-256-PRE14-EVIDENCE-HARDENING-R1_1-S12-EVIDENCE,False,GROUP-fcb5e3d925e35cfe9d06,BNCI2014_001,SSL-CBRAMOD:CBraMod-HF-Braindecode-GovernedP02-R6Scale1e4:P02S-LLX-R1-A0-BNCI2014_001-SSL-CBRAMOD-64PC-MR03,P01-L1-LOW-CAL-OFFICIAL-R2:64_PER_CLASS,IHARQ-SPLITRECORD-20260806-e4e371d332c61e36,test,288,P03-OFFICIAL-METRICS-R1,P03-OFFICIAL-EQUAL-WIDTH-15-R1,P03-RELIABILITY-9b149b4cc59c45938c24,P03-RELIABILITY-RAW-f58b3e2a88a8cdc5700d,GROUP-fcb5e3d925e35cfe9d06:raw,GROUP-fcb5e3d925e35cfe9d06:selected,P03-CalibrationRecord-56e2540e630d9e5e0243,0.5048791880827588,0.5048791880827588,0.0,0.6980720326255658,0.6980720326255658,0.0,0.03967137938296965,0.03967137938296965,0.0,"[""P03-ReliabilityAuditReport-2fc37257e2d4109d92ec"",""P03-CalibrationRecord-56e2540e630d9e5e0243"",""P03SelectionScoreRecord:P02-A0-BNCI2014_001-SSL-CBRAMOD-P01-L1-LOW-CAL-OFFICIAL-R2:64_PER_CLASS-MR03:calibration"",""P03SelectionScoreRecord:P02-A0-BNCI2014_001-SSL-CBRAMOD-P01-L1-LOW-CAL-OFFICIAL-R2:64_PER_CLASS-MR03:validation"",""P02-A0-BNCI2014_001-SSL-CBRAMOD-P01-L1-LOW-CAL-OFFICIAL-R2:64_PER_CLASS-MR03""]","[""8dd5db9928b240b7d10a627c5371e28ffb1acd19cda303c014a9729d871ea656"",""7651a789732d72c126003733ad227adedbdd55430b0c8b17dafa222e9fdbd31f"",""53e876ef402f4a569073f6a8be771f92db62cb68f5da210f3c77dc179cfabfff"",""1ee09d8f1e2853af05b16ae315fc9d02d2aca21d537c12fcb188eef1ec8e3d65"",""d03bcf3357ebd58bb780b50f2de877d8fa81ef6cef84c4e2e7c4894dfcf2d6d2"",""135b659805ffca1ae27dab9f2e3e801370cd3120700ea3e32ac8f1f230fbea8f"",""40aeef3272058b9a7b224df7a79a5219ebadb6f3d67641e634e052b79786151d"",""0e4d987bf078bb7a4753e2defe5c2acc94a6f96a69daaa845b7df80f0eb30aa2"",""999ab934b762571a984f55e64f51fd5714396eba8b316f06cfddeb897d58f5b1"",""6c13f5f3f28e0297514352fc0a44da2a202d092df81732660e24b4a01dacdb54"",""e2c425eb603cfa893dff14629e066c903b4e58466a43bef027069cdd06beccf9"",""fb0ea32eb869e9dfd233dd06fefd970801a78e9c76b4252ddaf8effbc6cbaf1c""]","[""P03-ReliabilityAuditReport-2fc37257e2d4109d92ec"",""P03-CalibrationRecord-56e2540e630d9e5e0243"",""GROUP-fcb5e3d925e35cfe9d06"",""P03-SplitIntegrityReport-bd07d00dfa7a0b703e08"",""P03-CalibrationEligibilityTable-c057471055dc5b310768"",""ModelRegistryRecord:d4beb77a08557edc942fa66b"",""IHARQ-SPLITRECORD-20260806-e4e371d332c61e36""]"
CalibrationMetricSourceTable.v1,1.0.0,SOURCE_TABLE_PROFILE_NOT_REGISTERED_AS_RECORD_FAMILY,P03-PROD-022,P03-CAL-METRIC-SOURCE-TABLE-SUPPLEMENT-8518654a4afcfe1f1933,P03-CAL-METRIC-SOURCE-ROW-SUPPLEMENT-8f23ae32b7024b541e72,P03-L3-POSTEXT-64-128-256-R1-1833e865bcb88ff8,2e5ebd6fc62f4c9ca3ed0102914f64142de9e1206be0b6e6b3e32cad90f1d742,IHARQ-P03-L3-OFFICIAL-STRETCH-C-EXECUTION-FREEZE-R1,P03S-POSTEXT-64-128-256-PRE14-EVIDENCE-HARDENING-R1_1-S12-EVIDENCE,False,GROUP-625274b4f4a58cb63d1c,BNCI2014_001,SSL-CBRAMOD:CBraMod-HF-Braindecode-GovernedP02-R6Scale1e4:P02S-LLX-R1-A0-BNCI2014_001-SSL-CBRAMOD-64PC-MR04,P01-L1-LOW-CAL-OFFICIAL-R2:64_PER_CLASS,IHARQ-SPLITRECORD-20260806-e4e371d332c61e36,test,288,P03-OFFICIAL-METRICS-R1,P03-OFFICIAL-EQUAL-WIDTH-15-R1,P03-RELIABILITY-8309f548f29200d50cd5,P03-RELIABILITY-RAW-3c0e7834d4815bc2e287,GROUP-625274b4f4a58cb63d1c:raw,GROUP-625274b4f4a58cb63d1c:selected,P03-CalibrationRecord-4d79e0cf1ed4906e5bc8,0.788312250385417,0.5096831267874044,-0.2786291235980126,1.4438459894816729,0.7035126258371657,-0.7403333636445072,0.37375061019475553,0.08235556900784943,-0.29139504118690607,"[""P03-ReliabilityAuditReport-dfbea0a7ef14e35965ef"",""P03-CalibrationRecord-4d79e0cf1ed4906e5bc8"",""P03SelectionScoreRecord:P02-A0-BNCI2014_001-SSL-CBRAMOD-P01-L1-LOW-CAL-OFFICIAL-R2:64_PER_CLASS-MR04:calibration"",""P03SelectionScoreRecord:P02-A0-BNCI2014_001-SSL-CBRAMOD-P01-L1-LOW-CAL-OFFICIAL-R2:64_PER_CLASS-MR04:validation"",""P02-A0-BNCI2014_001-SSL-CBRAMOD-P01-L1-LOW-CAL-OFFICIAL-R2:64_PER_CLASS-MR04""]","[""f5f9a148aa044c18327b33a022384445bfaa561e9e8ea295744c7884ed184210"",""9b10ad8df4fc00a0806984d09db639c2d783ae8e2109f5da71d01f61e5dc3644"",""885dcfa7da5d39f26dadd72e92b9fb07ca4661436f2aa333f23d1ecc1137c954"",""cd61a1a646eb0b5b079e6409360c652fa13181e10f6751c983996863b2ff036c"",""fefb29374dcd7e0b9fba0d022064d0cf01be349467b05d7e2cf8ea792a8af2e8"",""6f655a094f86bb4ac12c044066cc8d9777555e4379595d1bada88f932d5664d9"",""ce6a0c7339e259a66cede9f767e20c33c91a70feead70431f2d62003439c6ef7"",""bf0157db5123d48cac3f240c35c177f79c95931f2dabbc7623214877b8d56da6"",""0e4d987bf078bb7a4753e2defe5c2acc94a6f96a69daaa845b7df80f0eb30aa2"",""ccb684e0651c408ebb774b6a294ace608e17ced0fac55a526a2931affcdab43a"",""7604e439d88824c49d13c3732ee19132ba3e398d7698f2eb06ee73119b195d77"",""371b19c0c45ba5fecf8931b2475d60601fd5ae5c0a7f58d4f5792ebbf2695f12"",""fb0ea32eb869e9dfd233dd06fefd970801a78e9c76b4252ddaf8effbc6cbaf1c""]","[""P03-ReliabilityAuditReport-dfbea0a7ef14e35965ef"",""P03-CalibrationRecord-4d79e0cf1ed4906e5bc8"",""GROUP-625274b4f4a58cb63d1c"",""P03-SplitIntegrityReport-91a69565507a0cf920d9"",""P03-CalibrationEligibilityTable-4a7413d7b68547c626e4"",""P03-CalibrationRecord-a3a9560d312c930eb949"",""ModelRegistryRecord:2db7b454e7badb145a6cebf3"",""IHARQ-SPLITRECORD-20260806-e4e371d332c61e36""]"
CalibrationMetricSourceTable.v1,1.0.0,SOURCE_TABLE_PROFILE_NOT_REGISTERED_AS_RECORD_FAMILY,P03-PROD-022,P03-CAL-METRIC-SOURCE-TABLE-SUPPLEMENT-8518654a4afcfe1f1933,P03-CAL-METRIC-SOURCE-ROW-SUPPLEMENT-e9a9e9bf712f9fb7a9d6,P03-L3-POSTEXT-64-128-256-R1-1833e865bcb88ff8,2e5ebd6fc62f4c9ca3ed0102914f64142de9e1206be0b6e6b3e32cad90f1d742,IHARQ-P03-L3-OFFICIAL-STRETCH-C-EXECUTION-FREEZE-R1,P03S-POSTEXT-64-128-256-PRE14-EVIDENCE-HARDENING-R1_1-S12-EVIDENCE,False,GROUP-cf3f1f5e3c46f5bf46c3,Lee2019_MI,CLS-CSP-LDA:CLS-CSP-LDA:P02S-LLX-R1-A0-Lee2019_MI-CLS-CSP-LDA-128PC-MR00,P01-L1-LOW-CAL-OFFICIAL-R2:128_PER_CLASS,IHARQ-SPLITRECORD-20260806-e4e371d332c61e36,test,600,P03-OFFICIAL-METRICS-R1,P03-OFFICIAL-EQUAL-WIDTH-15-R1,P03-RELIABILITY-57248c963f997345ee5b,P03-RELIABILITY-RAW-c4d0e0d34f370a7fd940,GROUP-cf3f1f5e3c46f5bf46c3:raw,GROUP-cf3f1f5e3c46f5bf46c3:selected,P03-CalibrationRecord-e42b4dc03837bd2bcfb7,0.4843435805029649,0.48023083479013623,-0.004112745712828658,0.6773970618389833,0.673269990120135,-0.004127071718848296,0.0759485069909158,0.03054649732192965,-0.04540200966898616,"[""P03-ReliabilityAuditReport-c03d107894c21830fda4"",""P03-CalibrationRecord-e42b4dc03837bd2bcfb7"",""P03SelectionScoreRecord:P02-A0-Lee2019_MI-CLS-CSP-LDA-P01-L1-LOW-CAL-OFFICIAL-R2:128_PER_CLASS-MR00:calibration"",""P03SelectionScoreRecord:P02-A0-Lee2019_MI-CLS-CSP-LDA-P01-L1-LOW-CAL-OFFICIAL-R2:128_PER_CLASS-MR00:validation"",""P02-A0-Lee2019_MI-CLS-CSP-LDA-P01-L1-LOW-CAL-OFFICIAL-R2:128_PER_CLASS-MR00""]","[""e804f11d0859165bd300cf3ec46f0f3a51de0b73176a9abf1fc0b63a5881debc"",""8a018a577a5a9298c4e48bdfd74cf8e04741ec4cc6779c91fceb1705ee432b5b"",""46614f0fc4beba296f1d344c003d33d641a225578bc83a0cc2d79cae3cd20bc0"",""c0148aaf1c20ce7986df43024f317a2b782fd6ecdef484ef92196b9abba426da"",""adc2a67221ba54120ba6fccb5572b7e5434f75693325a86de44cbd11a7e225ed"",""9ba1afc51d0f7908d6f8a9d9891416b575455f931383cafa6ce5e18f4fdbc07f"",""fd7c1f8e2c67b606f55f5fb5a11e0f45d382675de2e5689aa93f1b427bda23e4"",""5c41c983ac0efcaeefede947bd3712adf4178afbdf02224c0f8ccc0e08114a4f"",""0e4d987bf078bb7a4753e2defe5c2acc94a6f96a69daaa845b7df80f0eb30aa2"",""ffd2c0f883c710bbd5ae3896e273ba31b051b267ba28ad5b20b1397dc6164b44"",""f1e7255a3adc9d32ec36af75f6305fa3f90d7603316be1b92199814a8ab499a5"",""b2d8128e8ac32618ce595b37fb9dabfddfb691eb9daa0fc0c3ee67e17ac420f9"",""fb0ea32eb869e9dfd233dd06fefd970801a78e9c76b4252ddaf8effbc6cbaf1c""]","[""P03-ReliabilityAuditReport-c03d107894c21830fda4"",""P03-CalibrationRecord-e42b4dc03837bd2bcfb7"",""GROUP-cf3f1f5e3c46f5bf46c3"",""P03-SplitIntegrityReport-2a2c51f313445b32e526"",""P03-CalibrationEligibilityTable-496b24d99d2903576f31"",""P03-CalibrationRecord-73b31f85b46b364a9232"",""ModelRegistryRecord:992d8584627ff58f8630f694"",""IHARQ-SPLITRECORD-20260806-e4e371d332c61e36""]"
CalibrationMetricSourceTable.v1,1.0.0,SOURCE_TABLE_PROFILE_NOT_REGISTERED_AS_RECORD_FAMILY,P03-PROD-022,P03-CAL-METRIC-SOURCE-TABLE-SUPPLEMENT-8518654a4afcfe1f1933,P03-CAL-METRIC-SOURCE-ROW-SUPPLEMENT-7a315f8773c83c7c1aa3,P03-L3-POSTEXT-64-128-256-R1-1833e865bcb88ff8,2e5ebd6fc62f4c9ca3ed0102914f64142de9e1206be0b6e6b3e32cad90f1d742,IHARQ-P03-L3-OFFICIAL-STRETCH-C-EXECUTION-FREEZE-R1,P03S-POSTEXT-64-128-256-PRE14-EVIDENCE-HARDENING-R1_1-S12-EVIDENCE,False,GROUP-edba2bb5d2f7a288302f,Lee2019_MI,CLS-CSP-LDA:CLS-CSP-LDA:P02S-LLX-R1-A0-Lee2019_MI-CLS-CSP-LDA-256PC-MR00,P01-L1-LOW-CAL-OFFICIAL-R2:256_PER_CLASS,IHARQ-SPLITRECORD-20260806-e4e371d332c61e36,test,600,P03-OFFICIAL-METRICS-R1,P03-OFFICIAL-EQUAL-WIDTH-15-R1,P03-RELIABILITY-f2ec40e50ccf05836a74,P03-RELIABILITY-RAW-39acfd2a9e20dc7c5cfd,GROUP-edba2bb5d2f7a288302f:raw,GROUP-edba2bb5d2f7a288302f:selected,P03-CalibrationRecord-15a87633b39221ca72b2,0.4716161613114451,0.46797132008059644,-0.0036448412308486833,0.6684041705260836,0.661538394608854,-0.0068657759172295885,0.060406694096535235,0.054615714225331895,-0.00579097987120334,"[""P03-ReliabilityAuditReport-432fb9e35eb53a03542a"",""P03-CalibrationRecord-15a87633b39221ca72b2"",""P03SelectionScoreRecord:P02-A0-Lee2019_MI-CLS-CSP-LDA-P01-L1-LOW-CAL-OFFICIAL-R2:256_PER_CLASS-MR00:calibration"",""P03SelectionScoreRecord:P02-A0-Lee2019_MI-CLS-CSP-LDA-P01-L1-LOW-CAL-OFFICIAL-R2:256_PER_CLASS-MR00:validation"",""P02-A0-Lee2019_MI-CLS-CSP-LDA-P01-L1-LOW-CAL-OFFICIAL-R2:256_PER_CLASS-MR00""]","[""a3068a08da7d9ef0447383a25b92933abf28caea3d288abcbbe18dd6730a34bb"",""e1a9e4944f80beb5c3f3dba75af68d8987dba2ccaac0bea4770503fa92a21e14"",""758097a2a3473b3d5b2dceb49f0c84c3d407dfb1da2b29cf89cedb9643b33296"",""dc5b09797460bc32a3fa345817acee1b53adb37008906fbc78c1b27e0749ff53"",""7f528a733804a584e5bb3c77487a1a8660904fa96fbba82b565f009a4b3658ee"",""e3ba8cf1dbea48f3a335e2571646d29cec8763ec78af91e77e9451f75f1f1d79"",""2143a596d8b1a2718182180c2103dca7ebf0a7cfcc8a5105b158776a3933e159"",""ced679f5e7e4ac65e115c5ed7bc8450dc5fded8a2d8ee4b6667d41cf42bf66f4"",""0e4d987bf078bb7a4753e2defe5c2acc94a6f96a69daaa845b7df80f0eb30aa2"",""94017dd33f1d9413aad75287d3834a9c27c940c4918060db8ec43bb3aa30c661"",""75d20c897d5d8a69f6d8449188b22a4cd1fac03b3c4a86122920df4e9a16b41f"",""67cfea89c1c2af11338a16db7cf7a338021ffb9c7a1f8356d16a84d521395850"",""fb0ea32eb869e9dfd233dd06fefd970801a78e9c76b4252ddaf8effbc6cbaf1c""]","[""P03-ReliabilityAuditReport-432fb9e35eb53a03542a"",""P03-CalibrationRecord-15a87633b39221ca72b2"",""GROUP-edba2bb5d2f7a288302f"",""P03-SplitIntegrityReport-7e2d3f523d53d29b1492"",""P03-CalibrationEligibilityTable-7077d55098e2f3843ae7"",""P03-CalibrationRecord-d79a6f5cca28252b0ab0"",""ModelRegistryRecord:571cefd61e39b36e7442f18c"",""IHARQ-SPLITRECORD-20260806-e4e371d332c61e36""]"
CalibrationMetricSourceTable.v1,1.0.0,SOURCE_TABLE_PROFILE_NOT_REGISTERED_AS_RECORD_FAMILY,P03-PROD-022,P03-CAL-METRIC-SOURCE-TABLE-SUPPLEMENT-8518654a4afcfe1f1933,P03-CAL-METRIC-SOURCE-ROW-SUPPLEMENT-dfb72a29d53ec59cf50d,P03-L3-POSTEXT-64-128-256-R1-1833e865bcb88ff8,2e5ebd6fc62f4c9ca3ed0102914f64142de9e1206be0b6e6b3e32cad90f1d742,IHARQ-P03-L3-OFFICIAL-STRETCH-C-EXECUTION-FREEZE-R1,P03S-POSTEXT-64-128-256-PRE14-EVIDENCE-HARDENING-R1_1-S12-EVIDENCE,False,GROUP-133235e673377343f4cb,Lee2019_MI,CLS-CSP-LDA:CLS-CSP-LDA:P02S-LLX-R1-A0-Lee2019_MI-CLS-CSP-LDA-64PC-MR00,P01-L1-LOW-CAL-OFFICIAL-R2:64_PER_CLASS,IHARQ-SPLITRECORD-20260806-e4e371d332c61e36,test,600,P03-OFFICIAL-METRICS-R1,P03-OFFICIAL-EQUAL-WIDTH-15-R1,P03-RELIABILITY-fd55a18c86cf61da1734,P03-RELIABILITY-RAW-33101f89c3173d6912e7,GROUP-133235e673377343f4cb:raw,GROUP-133235e673377343f4cb:selected,P03-CalibrationRecord-0979520891fb41584f07,0.5067078501684303,0.5003594095561161,-0.00634844061231421,0.6999866800426079,0.6935081637526278,-0.006478516289980085,0.05741816423401473,0.002427899617138401,-0.05499026461687633,"[""P03-ReliabilityAuditReport-ffacb32c30eff0d95aa2"",""P03-CalibrationRecord-0979520891fb41584f07"",""P03SelectionScoreRecord:P02-A0-Lee2019_MI-CLS-CSP-LDA-P01-L1-LOW-CAL-OFFICIAL-R2:64_PER_CLASS-MR00:calibration"",""P03SelectionScoreRecord:P02-A0-Lee2019_MI-CLS-CSP-LDA-P01-L1-LOW-CAL-OFFICIAL-R2:64_PER_CLASS-MR00:validation"",""P02-A0-Lee2019_MI-CLS-CSP-LDA-P01-L1-LOW-CAL-OFFICIAL-R2:64_PER_CLASS-MR00""]","[""1f20791e87a02a2ff99244a4f5e5ecb456f6400e224ac79b0de17a49f81e0603"",""b8e9b577fa63747d320f9f59e33236ec1e6958c3db8e92b4a5957972d9b5c678"",""973e1ccb0f946bdd159a5d8607eadc636a113a1979a429940dcdfc4d99d4359f"",""5f45b5cd9724d90eac3a5cf2c7e2e62936f7d979fa2e2d3b8b970625bfddbb3f"",""d3615ba6fb9f0796e6108c57444671dcb1c10459b953fac23e803acc344903f5"",""0230764da50a7b5a616736a31bfde4a083c4793077d31b852778718fdebd84ae"",""34af619c7f2a0888bb6940fb0ec44ed5f4c7735d03275609c5a6170810741a75"",""7eb3594fde3d1cf344437681f203770f19a5d60c52d438473bf8b180bd808a1d"",""0e4d987bf078bb7a4753e2defe5c2acc94a6f96a69daaa845b7df80f0eb30aa2"",""c0889d4ac1d77ac6f6648aba5f236b2849a6e3b6db9d3458f333202b78a0218f"",""093125636c1ce438dfb5b7c073b45b8afa3cb203d5b153cf55813b51079bcb14"",""d5901896b71100aaae050c92450dd533e0f13813618d57a243b57b27fbe63d7e"",""fb0ea32eb869e9dfd233dd06fefd970801a78e9c76b4252ddaf8effbc6cbaf1c""]","[""P03-ReliabilityAuditReport-ffacb32c30eff0d95aa2"",""P03-CalibrationRecord-0979520891fb41584f07"",""GROUP-133235e673377343f4cb"",""P03-SplitIntegrityReport-ea498923cc6745081494"",""P03-CalibrationEligibilityTable-47f058b476f665d34d88"",""P03-CalibrationRecord-c0d67819c10065bb0308"",""ModelRegistryRecord:2c425be45d380acbc19fe5b6"",""IHARQ-SPLITRECORD-20260806-e4e371d332c61e36""]"
CalibrationMetricSourceTable.v1,1.0.0,SOURCE_TABLE_PROFILE_NOT_REGISTERED_AS_RECORD_FAMILY,P03-PROD-022,P03-CAL-METRIC-SOURCE-TABLE-SUPPLEMENT-8518654a4afcfe1f1933,P03-CAL-METRIC-SOURCE-ROW-SUPPLEMENT-897789aab7e257701807,P03-L3-POSTEXT-64-128-256-R1-1833e865bcb88ff8,2e5ebd6fc62f4c9ca3ed0102914f64142de9e1206be0b6e6b3e32cad90f1d742,IHARQ-P03-L3-OFFICIAL-STRETCH-C-EXECUTION-FREEZE-R1,P03S-POSTEXT-64-128-256-PRE14-EVIDENCE-HARDENING-R1_1-S12-EVIDENCE,False,GROUP-f18cb861becd04a09ed7,Lee2019_MI,DNN-EEGNET:EEGNet-R7-LAWHERN-SMR-P01-160HZ:P02S-LLX-R1-A0-Lee2019_MI-DNN-EEGNET-128PC-MR00,P01-L1-LOW-CAL-OFFICIAL-R2:128_PER_CLASS,IHARQ-SPLITRECORD-20260806-e4e371d332c61e36,test,600,P03-OFFICIAL-METRICS-R1,P03-OFFICIAL-EQUAL-WIDTH-15-R1,P03-RELIABILITY-4f7eceffe01c67fdd458,P03-RELIABILITY-RAW-6b46f8a16ebb9b6bb30a,GROUP-f18cb861becd04a09ed7:raw,GROUP-f18cb861becd04a09ed7:selected,P03-CalibrationRecord-d6a6c447c0d123672ce5,0.5331448742446959,0.47114097586598536,-0.062003898378710565,0.7600245997247534,0.6601184607128581,-0.09990613901189538,0.17066723458043556,0.055483947394545576,-0.11518328718589,"[""P03-ReliabilityAuditReport-b2c369db836ca507f117"",""P03-CalibrationRecord-d6a6c447c0d123672ce5"",""P03SelectionScoreRecord:P02-A0-Lee2019_MI-DNN-EEGNET-P01-L1-LOW-CAL-OFFICIAL-R2:128_PER_CLASS-MR00:calibration"",""P03SelectionScoreRecord:P02-A0-Lee2019_MI-DNN-EEGNET-P01-L1-LOW-CAL-OFFICIAL-R2:128_PER_CLASS-MR00:validation"",""P02-A0-Lee2019_MI-DNN-EEGNET-P01-L1-LOW-CAL-OFFICIAL-R2:128_PER_CLASS-MR00""]","[""d90dca9a6ab95777ca815eb418fb149a2109fe67c703179a7e09828723af447c"",""ebe35f8e5b07cf3b367ffe0b986d3e5c657f9cd9c843d8572e2b2540987b221a"",""d2ea87fed0bb0fa597ba5c2cbf5a140ee3830133033776b642229c7fe2471044"",""814a91ac858be23f294ff92a5e5dfd9525ba15c09e219fbc023b745e6b369ca0"",""85fad3a5cd14082d66428b6020fd406fc4674baeb61950e77c16eb338a2fa55f"",""083db8353014ddde0719e752be72cf2c4199b3a1b0c7c26e03b73a569115cb26"",""81f5e8af062e4cee26769b629d466c9e692455b386c8fe712eb1cb3004fbd2a0"",""8136acf790ec78024aef30a662f12192529e4b2e5f5c5e4e0ab9f3eeef7813fb"",""0e4d987bf078bb7a4753e2defe5c2acc94a6f96a69daaa845b7df80f0eb30aa2"",""eae71d0d143fd88d98b521bef2ae937c1b4c2134261c084fa0d534451b0f3994"",""7f24cfe0c44e0b2ffd69d9e2eab096f7715abe046c54ea540ed6dd71ec30e1a6"",""908e3e602e5eb8a14de1a3d4b80f458a59057a04a881721ebb112260db0f91e5"",""fb0ea32eb869e9dfd233dd06fefd970801a78e9c76b4252ddaf8effbc6cbaf1c""]","[""P03-ReliabilityAuditReport-b2c369db836ca507f117"",""P03-CalibrationRecord-d6a6c447c0d123672ce5"",""GROUP-f18cb861becd04a09ed7"",""P03-SplitIntegrityReport-dcaed90ca4584d116232"",""P03-CalibrationEligibilityTable-2ab7f951a5ac1596c2cc"",""P03-CalibrationRecord-224dc1f62c983b397143"",""ModelRegistryRecord:80fe20ba9597feb1eb126ee2"",""IHARQ-SPLITRECORD-20260806-e4e371d332c61e36""]"
CalibrationMetricSourceTable.v1,1.0.0,SOURCE_TABLE_PROFILE_NOT_REGISTERED_AS_RECORD_FAMILY,P03-PROD-022,P03-CAL-METRIC-SOURCE-TABLE-SUPPLEMENT-8518654a4afcfe1f1933,P03-CAL-METRIC-SOURCE-ROW-SUPPLEMENT-6973dad948648f256fd9,P03-L3-POSTEXT-64-128-256-R1-1833e865bcb88ff8,2e5ebd6fc62f4c9ca3ed0102914f64142de9e1206be0b6e6b3e32cad90f1d742,IHARQ-P03-L3-OFFICIAL-STRETCH-C-EXECUTION-FREEZE-R1,P03S-POSTEXT-64-128-256-PRE14-EVIDENCE-HARDENING-R1_1-S12-EVIDENCE,False,GROUP-4aadebf0c893154d7da4,Lee2019_MI,DNN-EEGNET:EEGNet-R7-LAWHERN-SMR-P01-160HZ:P02S-LLX-R1-A0-Lee2019_MI-DNN-EEGNET-128PC-MR01,P01-L1-LOW-CAL-OFFICIAL-R2:128_PER_CLASS,IHARQ-SPLITRECORD-20260806-e4e371d332c61e36,test,600,P03-OFFICIAL-METRICS-R1,P03-OFFICIAL-EQUAL-WIDTH-15-R1,P03-RELIABILITY-0610c7a014a9565c9e1e,P03-RELIABILITY-RAW-ecd81996da557bb20919,GROUP-4aadebf0c893154d7da4:raw,GROUP-4aadebf0c893154d7da4:selected,P03-CalibrationRecord-897695d10c6ef6683b56,0.7080568835910803,0.49176845108913747,-0.21628843250194285,1.638470556252078,0.6856596713092499,-0.9528108849428282,0.3241918008710286,0.07842381218186434,-0.24576798868916427,"[""P03-ReliabilityAuditReport-20fc8c00a30ef2bf1b4a"",""P03-CalibrationRecord-897695d10c6ef6683b56"",""P03SelectionScoreRecord:P02-A0-Lee2019_MI-DNN-EEGNET-P01-L1-LOW-CAL-OFFICIAL-R2:128_PER_CLASS-MR01:calibration"",""P03SelectionScoreRecord:P02-A0-Lee2019_MI-DNN-EEGNET-P01-L1-LOW-CAL-OFFICIAL-R2:128_PER_CLASS-MR01:validation"",""P02-A0-Lee2019_MI-DNN-EEGNET-P01-L1-LOW-CAL-OFFICIAL-R2:128_PER_CLASS-MR01""]","[""cfd0576e65f36d53041e6479778e7ba8612bc8dfc2c4266dc0d97135ee86e841"",""08686912f8051a0928cba3fd09b42fb4e5435f8ac30ec41e9d39b283fa7aef52"",""b8d410ff44fd45ea750f0c40110d902fe6d75e3c1de4c0349c13cfb651ad55d4"",""8f58cceb7eecea52136f858dd84b2ac54f428b613f28f0cbc2117945374e404c"",""78ac20edaf36cf06db6cee7bf6f6de3ef1b6a0704c4169f98c05c2e06ff01407"",""b6bca2b4f317270f7dc4c8291bb9c2220bc7fdb354ecc8bffc604159118f29b5"",""1afa7c05ae8428829f19fdd90f23834fc90c2f40071755ccad93c6aa4043add8"",""2726e81a5a65bfc008030ea3fb4f471ba50524b89ee206fe212843f0f4195c0a"",""0e4d987bf078bb7a4753e2defe5c2acc94a6f96a69daaa845b7df80f0eb30aa2"",""136129859c7693adf6b5343af6edfec6916a6e46c7fd47f0ac171a99904fc0d2"",""6978ce9dc0a63f42e0af25b5545bfc323d31511816634a360cb81b880ec7b037"",""7113451161fe29d89d60acb2ecdaf43615f6b587f3ab592e42c2263441611352"",""fb0ea32eb869e9dfd233dd06fefd970801a78e9c76b4252ddaf8effbc6cbaf1c""]","[""P03-ReliabilityAuditReport-20fc8c00a30ef2bf1b4a"",""P03-CalibrationRecord-897695d10c6ef6683b56"",""GROUP-4aadebf0c893154d7da4"",""P03-SplitIntegrityReport-3191c47f330a1955fc3b"",""P03-CalibrationEligibilityTable-4d48b4315f15cacc4bf8"",""P03-CalibrationRecord-f3a0145df27fa6ca1ff9"",""ModelRegistryRecord:b961ce7b0faf489e394505a3"",""IHARQ-SPLITRECORD-20260806-e4e371d332c61e36""]"
CalibrationMetricSourceTable.v1,1.0.0,SOURCE_TABLE_PROFILE_NOT_REGISTERED_AS_RECORD_FAMILY,P03-PROD-022,P03-CAL-METRIC-SOURCE-TABLE-SUPPLEMENT-8518654a4afcfe1f1933,P03-CAL-METRIC-SOURCE-ROW-SUPPLEMENT-cc548e9a477f22c37320,P03-L3-POSTEXT-64-128-256-R1-1833e865bcb88ff8,2e5ebd6fc62f4c9ca3ed0102914f64142de9e1206be0b6e6b3e32cad90f1d742,IHARQ-P03-L3-OFFICIAL-STRETCH-C-EXECUTION-FREEZE-R1,P03S-POSTEXT-64-128-256-PRE14-EVIDENCE-HARDENING-R1_1-S12-EVIDENCE,False,GROUP-4e2788620ea36acf96c7,Lee2019_MI,DNN-EEGNET:EEGNet-R7-LAWHERN-SMR-P01-160HZ:P02S-LLX-R1-A0-Lee2019_MI-DNN-EEGNET-128PC-MR02,P01-L1-LOW-CAL-OFFICIAL-R2:128_PER_CLASS,IHARQ-SPLITRECORD-20260806-e4e371d332c61e36,test,600,P03-OFFICIAL-METRICS-R1,P03-OFFICIAL-EQUAL-WIDTH-15-R1,P03-RELIABILITY-3a5b6d269ff701d681b0,P03-RELIABILITY-RAW-e54dbf232aee988d4962,GROUP-4e2788620ea36acf96c7:raw,GROUP-4e2788620ea36acf96c7:selected,P03-CalibrationRecord-4a02ec690b98e9079839,0.7381725080591329,0.5060321183331382,-0.2321403897259947,2.0778748842768255,0.7016628460207515,-1.376212038256074,0.34538863335958464,0.07590244238317813,-0.2694861909764065,"[""P03-ReliabilityAuditReport-2aa0b96f54be947a6f92"",""P03-CalibrationRecord-4a02ec690b98e9079839"",""P03SelectionScoreRecord:P02-A0-Lee2019_MI-DNN-EEGNET-P01-L1-LOW-CAL-OFFICIAL-R2:128_PER_CLASS-MR02:calibration"",""P03SelectionScoreRecord:P02-A0-Lee2019_MI-DNN-EEGNET-P01-L1-LOW-CAL-OFFICIAL-R2:128_PER_CLASS-MR02:validation"",""P02-A0-Lee2019_MI-DNN-EEGNET-P01-L1-LOW-CAL-OFFICIAL-R2:128_PER_CLASS-MR02""]","[""d41b7eb61c0dffd288210482231555e1b59180d40f2006b2e7d73f85c6e9a601"",""0fc82e4fa296360c3e0e8c63f3ac8e5c1f73186ad633256820dc8339ce8240ba"",""c42d0efa286375be168e2e6b4bd89588e942f0e22cc9ee741f51eeecde80ecbd"",""ac687e04360d8c80e1c5f4f8aa7ba13b0df44bfca864ea7e52a68e43b05514c8"",""327b7fa2e2c9921759c1bcbcde4222c1a8fc5201366da6cab82bfc583317a3d7"",""ea686f71e606b6db9efcfb75bfa2aabe1333806de119d7458e35a943cae6eb43"",""c17dfa0f678d624eef4c356a638ca962c8fde0ad08042cac02bf77b3d8e8f73e"",""2033fef13f0a369c0cc20e366a63f8a2a3464608849688452ecf90bbe5ed7785"",""0e4d987bf078bb7a4753e2defe5c2acc94a6f96a69daaa845b7df80f0eb30aa2"",""fd83c737eb98f63fe38db3592be1d13c4cf52c0a101c5611e64879609bd6cd77"",""7768b8e7780e11d4d524d2c3cb245650d8416ff2c7389bf11517f0403531a259"",""8048e442e650f3ea9a9d95cd654aa49a031b180e9a62863af290f8a32084eb5b"",""fb0ea32eb869e9dfd233dd06fefd970801a78e9c76b4252ddaf8effbc6cbaf1c""]","[""P03-ReliabilityAuditReport-2aa0b96f54be947a6f92"",""P03-CalibrationRecord-4a02ec690b98e9079839"",""GROUP-4e2788620ea36acf96c7"",""P03-SplitIntegrityReport-6383869ee4b559361a4f"",""P03-CalibrationEligibilityTable-e98f52d9826e96a44075"",""P03-CalibrationRecord-96c6931c6f40b8b11594"",""ModelRegistryRecord:a0a922ec119fb2b8b2f6820f"",""IHARQ-SPLITRECORD-20260806-e4e371d332c61e36""]"
CalibrationMetricSourceTable.v1,1.0.0,SOURCE_TABLE_PROFILE_NOT_REGISTERED_AS_RECORD_FAMILY,P03-PROD-022,P03-CAL-METRIC-SOURCE-TABLE-SUPPLEMENT-8518654a4afcfe1f1933,P03-CAL-METRIC-SOURCE-ROW-SUPPLEMENT-73ed903f101e57e2bd2f,P03-L3-POSTEXT-64-128-256-R1-1833e865bcb88ff8,2e5ebd6fc62f4c9ca3ed0102914f64142de9e1206be0b6e6b3e32cad90f1d742,IHARQ-P03-L3-OFFICIAL-STRETCH-C-EXECUTION-FREEZE-R1,P03S-POSTEXT-64-128-256-PRE14-EVIDENCE-HARDENING-R1_1-S12-EVIDENCE,False,GROUP-d7e8c7c812a14d98275e,Lee2019_MI,DNN-EEGNET:EEGNet-R7-LAWHERN-SMR-P01-160HZ:P02S-LLX-R1-A0-Lee2019_MI-DNN-EEGNET-128PC-MR03,P01-L1-LOW-CAL-OFFICIAL-R2:128_PER_CLASS,IHARQ-SPLITRECORD-20260806-e4e371d332c61e36,test,600,P03-OFFICIAL-METRICS-R1,P03-OFFICIAL-EQUAL-WIDTH-15-R1,P03-RELIABILITY-f6f970562f025eaba3ef,P03-RELIABILITY-RAW-218f4805d585c59055b9,GROUP-d7e8c7c812a14d98275e:raw,GROUP-d7e8c7c812a14d98275e:selected,P03-CalibrationRecord-845011c2d3f5848a96a8,0.7047107119744476,0.533292462095194,-0.17141824987925358,1.7245203718383528,0.7365091718643546,-0.9880111999739982,0.3223078807719998,0.15286182031326923,-0.16944606045873056,"[""P03-ReliabilityAuditReport-988100b92511385108cb"",""P03-CalibrationRecord-845011c2d3f5848a96a8"",""P03SelectionScoreRecord:P02-A0-Lee2019_MI-DNN-EEGNET-P01-L1-LOW-CAL-OFFICIAL-R2:128_PER_CLASS-MR03:calibration"",""P03SelectionScoreRecord:P02-A0-Lee2019_MI-DNN-EEGNET-P01-L1-LOW-CAL-OFFICIAL-R2:128_PER_CLASS-MR03:validation"",""P02-A0-Lee2019_MI-DNN-EEGNET-P01-L1-LOW-CAL-OFFICIAL-R2:128_PER_CLASS-MR03""]","[""189572aebd5c8d1f754f937edfc958dc137730fcc62971df70a9c70a6607b087"",""d30042af99cd7a89bf678268bbbf5ad15c82363f7e6e0bfe47b548cb45cd18e6"",""02f7144d43b28b33eebaba96a4094def6ed8a355e05c04b4a06d68e5333fd477"",""591deaa0ddb7eb515dda1cde648a64f58558d2a6e2235551331b41028e1e36bd"",""67af64943d3dd5670ee5a94277613a30c86122d1bd904907f18e396be811284d"",""8f0c7659459edc83602ef5aae24a7b2887ee4b3b0168b274684ba0a43f8717dc"",""5da85c875934d27e970382c8b495c85e153e03f4972d7b254437efdaf02a8d63"",""bd7cf4360675d03fda486b83f9917e1a9f183e5aedabc2995b2a808528a7ca81"",""0e4d987bf078bb7a4753e2defe5c2acc94a6f96a69daaa845b7df80f0eb30aa2"",""762ae3d350f8b94a1fc8775d27d8e789ee14500f2b58f1a4700fe84e8d3d7ea9"",""ef041f1bed041bd3583d17b6ec286f622a68045e8eae8d76ea546ea59946079e"",""e4d9ad4717071f8ab33ca467dba5b0bea420a6ea14f6c6b2aed197836e910cb0"",""fb0ea32eb869e9dfd233dd06fefd970801a78e9c76b4252ddaf8effbc6cbaf1c""]","[""P03-ReliabilityAuditReport-988100b92511385108cb"",""P03-CalibrationRecord-845011c2d3f5848a96a8"",""GROUP-d7e8c7c812a14d98275e"",""P03-SplitIntegrityReport-36261bc33c91e9da3992"",""P03-CalibrationEligibilityTable-3934120b1d20980b6094"",""P03-CalibrationRecord-432de5094df03f80c383"",""ModelRegistryRecord:5814d1b50acd291d6ad83546"",""IHARQ-SPLITRECORD-20260806-e4e371d332c61e36""]"
CalibrationMetricSourceTable.v1,1.0.0,SOURCE_TABLE_PROFILE_NOT_REGISTERED_AS_RECORD_FAMILY,P03-PROD-022,P03-CAL-METRIC-SOURCE-TABLE-SUPPLEMENT-8518654a4afcfe1f1933,P03-CAL-METRIC-SOURCE-ROW-SUPPLEMENT-1cbf1ffb035d3c6f111d,P03-L3-POSTEXT-64-128-256-R1-1833e865bcb88ff8,2e5ebd6fc62f4c9ca3ed0102914f64142de9e1206be0b6e6b3e32cad90f1d742,IHARQ-P03-L3-OFFICIAL-STRETCH-C-EXECUTION-FREEZE-R1,P03S-POSTEXT-64-128-256-PRE14-EVIDENCE-HARDENING-R1_1-S12-EVIDENCE,False,GROUP-572fec6191cec565df11,Lee2019_MI,DNN-EEGNET:EEGNet-R7-LAWHERN-SMR-P01-160HZ:P02S-LLX-R1-A0-Lee2019_MI-DNN-EEGNET-128PC-MR04,P01-L1-LOW-CAL-OFFICIAL-R2:128_PER_CLASS,IHARQ-SPLITRECORD-20260806-e4e371d332c61e36,test,600,P03-OFFICIAL-METRICS-R1,P03-OFFICIAL-EQUAL-WIDTH-15-R1,P03-RELIABILITY-4ff42f0b758bd47aad3d,P03-RELIABILITY-RAW-ad5043913ec9d5a6e0e5,GROUP-572fec6191cec565df11:raw,GROUP-572fec6191cec565df11:selected,P03-CalibrationRecord-5c3f672b3fa234cd9870,0.7036994516521983,0.4960546248422217,-0.2076448268099766,1.868042538521109,0.6902457239302072,-1.1777968145909017,0.33741005894151815,0.09493874960871068,-0.24247130933280747,"[""P03-ReliabilityAuditReport-a42c1d7d8900f2937dd4"",""P03-CalibrationRecord-5c3f672b3fa234cd9870"",""P03SelectionScoreRecord:P02-A0-Lee2019_MI-DNN-EEGNET-P01-L1-LOW-CAL-OFFICIAL-R2:128_PER_CLASS-MR04:calibration"",""P03SelectionScoreRecord:P02-A0-Lee2019_MI-DNN-EEGNET-P01-L1-LOW-CAL-OFFICIAL-R2:128_PER_CLASS-MR04:validation"",""P02-A0-Lee2019_MI-DNN-EEGNET-P01-L1-LOW-CAL-OFFICIAL-R2:128_PER_CLASS-MR04""]","[""ec75426c2c4e2a7f72008510e9e5fb48a36e166290d9b7a92cf7301a6d8c063e"",""7c9860ac0bb55e523f1387699ac3b5195b900d586e085a1d2114d59677f9e679"",""e91d0076157a6f36cdfb58c5ce7f24adddc6e0202054e3e37e78fbde1f34852e"",""674d783d4bfe21db929074908d39ad82322a2b08baf3ddf3ced701fb8532e3b8"",""e8dc1411fa23b2848771b05eb022fddd3d5013717ebfecb451daed0a469b2e98"",""6ec5c65fd4e20fee15616d754a6f7df7f91a96a75c7f485f470237e0899cddd9"",""b35e6611e8f03a849c3f461614614bcc5ce77d195fa83f575a57473f88419593"",""b652e0c9874883bb07979ed9cfc3c36fb3c2c8a395372ba75c2e98aa0a89ec3c"",""0e4d987bf078bb7a4753e2defe5c2acc94a6f96a69daaa845b7df80f0eb30aa2"",""0251f5e65c1d6377d8115abf556eb218bf6a0db0759896ca30dd0636ea6994cd"",""611fffb87aa68a96d19d2547159a68d463f2e7786f05db5117d0c97f9e8296ec"",""07f5d12d28a6404596390125d8cb71ad6b4a573b5d22416aa3a50894796df0f3"",""fb0ea32eb869e9dfd233dd06fefd970801a78e9c76b4252ddaf8effbc6cbaf1c""]","[""P03-ReliabilityAuditReport-a42c1d7d8900f2937dd4"",""P03-CalibrationRecord-5c3f672b3fa234cd9870"",""GROUP-572fec6191cec565df11"",""P03-SplitIntegrityReport-1d29389a5c671b6f783b"",""P03-CalibrationEligibilityTable-c4964d8ee3c791f39d6b"",""P03-CalibrationRecord-7fe073bf849451fb2e98"",""ModelRegistryRecord:ac18dd7baf442055142b646e"",""IHARQ-SPLITRECORD-20260806-e4e371d332c61e36""]"
CalibrationMetricSourceTable.v1,1.0.0,SOURCE_TABLE_PROFILE_NOT_REGISTERED_AS_RECORD_FAMILY,P03-PROD-022,P03-CAL-METRIC-SOURCE-TABLE-SUPPLEMENT-8518654a4afcfe1f1933,P03-CAL-METRIC-SOURCE-ROW-SUPPLEMENT-171dacadc882f2bc6054,P03-L3-POSTEXT-64-128-256-R1-1833e865bcb88ff8,2e5ebd6fc62f4c9ca3ed0102914f64142de9e1206be0b6e6b3e32cad90f1d742,IHARQ-P03-L3-OFFICIAL-STRETCH-C-EXECUTION-FREEZE-R1,P03S-POSTEXT-64-128-256-PRE14-EVIDENCE-HARDENING-R1_1-S12-EVIDENCE,False,GROUP-35a1ffcdafbd81704c17,Lee2019_MI,DNN-EEGNET:EEGNet-R7-LAWHERN-SMR-P01-160HZ:P02S-LLX-R1-A0-Lee2019_MI-DNN-EEGNET-256PC-MR00,P01-L1-LOW-CAL-OFFICIAL-R2:256_PER_CLASS,IHARQ-SPLITRECORD-20260806-e4e371d332c61e36,test,600,P03-OFFICIAL-METRICS-R1,P03-OFFICIAL-EQUAL-WIDTH-15-R1,P03-RELIABILITY-ec91c9ec589b04741ba2,P03-RELIABILITY-RAW-a4fcb61318d77005d062,GROUP-35a1ffcdafbd81704c17:raw,GROUP-35a1ffcdafbd81704c17:selected,P03-CalibrationRecord-d51186cead8325b3d272,0.46994959009238985,0.44528456884835643,-0.024665021244033414,0.7263040754140295,0.6348685548181531,-0.09143552059587645,0.14074702958582674,0.1249817285296132,-0.015765301056213543,"[""P03-ReliabilityAuditReport-90def9f30fa6d3465384"",""P03-CalibrationRecord-d51186cead8325b3d272"",""P03SelectionScoreRecord:P02-A0-Lee2019_MI-DNN-EEGNET-P01-L1-LOW-CAL-OFFICIAL-R2:256_PER_CLASS-MR00:calibration"",""P03SelectionScoreRecord:P02-A0-Lee2019_MI-DNN-EEGNET-P01-L1-LOW-CAL-OFFICIAL-R2:256_PER_CLASS-MR00:validation"",""P02-A0-Lee2019_MI-DNN-EEGNET-P01-L1-LOW-CAL-OFFICIAL-R2:256_PER_CLASS-MR00""]","[""a0c299b7ed42dfbde2d8916537a892c2da6bcf31d227289212f7a55a36ce7f1c"",""b24c2286d95a68cce24603e9c70a3ec0bcd1cba7b23590963d9c1f72864530f4"",""9114e884018fe0058ce43db6add66ba0ce35d60b0e36be299b100f858d175fdc"",""7b995cbd8d3c3e8146fc67631a88e1b7f995cd7c98d79aec3325308265673a92"",""a165290280bf06ec2d809e5922d8fb1b682cff9e84a68b89bac0812f8fc0e4a8"",""b0649a3b568d6ab6fa277ca282886953feba130247c83bd92aea2a3f54d5afbc"",""75c1ae0abf58723c3addc26569989e37462646ef7ed3f2d2f17fc9fa25a9f468"",""e26d0d4a0a2bc9a8fddb112cc80f28a7eb28a0db50c789974fc5a80e84392004"",""0e4d987bf078bb7a4753e2defe5c2acc94a6f96a69daaa845b7df80f0eb30aa2"",""eb3555a6087da21b27d31849e5ee60f864d3d9c1f72eb1cf1c5da060302ad864"",""a9436c109d8683c8cd88eb9eca6d81888e031d361b6c66949570c10de58c0adb"",""7431184e3a468dee5c742f21de3c6967abcd5995b99a9508183f83d3ee1fed96"",""fb0ea32eb869e9dfd233dd06fefd970801a78e9c76b4252ddaf8effbc6cbaf1c""]","[""P03-ReliabilityAuditReport-90def9f30fa6d3465384"",""P03-CalibrationRecord-d51186cead8325b3d272"",""GROUP-35a1ffcdafbd81704c17"",""P03-SplitIntegrityReport-c9b447ec678e6923a503"",""P03-CalibrationEligibilityTable-88be2d728781cb99d108"",""P03-CalibrationRecord-e7de08fd7034d0c2e8e4"",""ModelRegistryRecord:3a55548fa9cad299e1771a77"",""IHARQ-SPLITRECORD-20260806-e4e371d332c61e36""]"
CalibrationMetricSourceTable.v1,1.0.0,SOURCE_TABLE_PROFILE_NOT_REGISTERED_AS_RECORD_FAMILY,P03-PROD-022,P03-CAL-METRIC-SOURCE-TABLE-SUPPLEMENT-8518654a4afcfe1f1933,P03-CAL-METRIC-SOURCE-ROW-SUPPLEMENT-17ff2acf70161ee49682,P03-L3-POSTEXT-64-128-256-R1-1833e865bcb88ff8,2e5ebd6fc62f4c9ca3ed0102914f64142de9e1206be0b6e6b3e32cad90f1d742,IHARQ-P03-L3-OFFICIAL-STRETCH-C-EXECUTION-FREEZE-R1,P03S-POSTEXT-64-128-256-PRE14-EVIDENCE-HARDENING-R1_1-S12-EVIDENCE,False,GROUP-38a1b60ef54f0a8fdd9c,Lee2019_MI,DNN-EEGNET:EEGNet-R7-LAWHERN-SMR-P01-160HZ:P02S-LLX-R1-A0-Lee2019_MI-DNN-EEGNET-256PC-MR01,P01-L1-LOW-CAL-OFFICIAL-R2:256_PER_CLASS,IHARQ-SPLITRECORD-20260806-e4e371d332c61e36,test,600,P03-OFFICIAL-METRICS-R1,P03-OFFICIAL-EQUAL-WIDTH-15-R1,P03-RELIABILITY-e1d497a83f2aac2e0744,P03-RELIABILITY-RAW-e6fd9b9eff63c9be01b0,GROUP-38a1b60ef54f0a8fdd9c:raw,GROUP-38a1b60ef54f0a8fdd9c:selected,P03-CalibrationRecord-9edd63c61f719563f9ed,0.5960053198788448,0.47161074565937733,-0.12439457421946742,1.5621261194274514,0.6784356395341969,-0.8836904798932544,0.2606463966596222,0.13550205981175262,-0.12514433684786958,"[""P03-ReliabilityAuditReport-d69b08d8c1f5b0ea6beb"",""P03-CalibrationRecord-9edd63c61f719563f9ed"",""P03SelectionScoreRecord:P02-A0-Lee2019_MI-DNN-EEGNET-P01-L1-LOW-CAL-OFFICIAL-R2:256_PER_CLASS-MR01:calibration"",""P03SelectionScoreRecord:P02-A0-Lee2019_MI-DNN-EEGNET-P01-L1-LOW-CAL-OFFICIAL-R2:256_PER_CLASS-MR01:validation"",""P02-A0-Lee2019_MI-DNN-EEGNET-P01-L1-LOW-CAL-OFFICIAL-R2:256_PER_CLASS-MR01""]","[""6af7e2ce2122100e31c7a4d8a9eada16b953887d994395135f30afdf4c6b0f71"",""508cabd03cb16d57a0a11223c55ead8aa4b7f9174c622bd0724b061961ef9747"",""03562efde3c9ae2cdce67cbffea25ca7de6641f66daef4e7827f6e54eb639090"",""1c95720ae70ab6a24bd98baeb5678bd855d2827132fb575f3565f985ccf68159"",""92144a33d782aaa1e5ce944923cc5ff28f9108cb95d356ff3388daa939923653"",""a67142a450a7989b9ac02dd4e8a5659f1132260c68cb1d5ac931898bf2c37df5"",""2ffdf4e3198d266b8f27dcca663240feb08020e148f64caf1d74dd07ce3444bb"",""78561bdcfe3c177ce8bbf7b831fcef51303cb4a076e2c4baa1a1f4e05857c8d8"",""0e4d987bf078bb7a4753e2defe5c2acc94a6f96a69daaa845b7df80f0eb30aa2"",""67ab52bf72b1af060d4282414cbbcaecdbbe4ed51708ac26d6dd83711e04e6a9"",""53edc5482985b84b58470bfbb82aa9e63eb908646b7b37de6272ab18d43a1761"",""e78458b153b2060dac0090ba2b2bd32da0ebe7402f7b2c77682c66bb819dd56f"",""fb0ea32eb869e9dfd233dd06fefd970801a78e9c76b4252ddaf8effbc6cbaf1c""]","[""P03-ReliabilityAuditReport-d69b08d8c1f5b0ea6beb"",""P03-CalibrationRecord-9edd63c61f719563f9ed"",""GROUP-38a1b60ef54f0a8fdd9c"",""P03-SplitIntegrityReport-9a751be8fedd563a44a0"",""P03-CalibrationEligibilityTable-0f6f3f6f33db99c8ca30"",""P03-CalibrationRecord-324df6a968093068c778"",""ModelRegistryRecord:f9ab3b45918cf4a2c7cd7408"",""IHARQ-SPLITRECORD-20260806-e4e371d332c61e36""]"
CalibrationMetricSourceTable.v1,1.0.0,SOURCE_TABLE_PROFILE_NOT_REGISTERED_AS_RECORD_FAMILY,P03-PROD-022,P03-CAL-METRIC-SOURCE-TABLE-SUPPLEMENT-8518654a4afcfe1f1933,P03-CAL-METRIC-SOURCE-ROW-SUPPLEMENT-3d51500d5498ca8cb78e,P03-L3-POSTEXT-64-128-256-R1-1833e865bcb88ff8,2e5ebd6fc62f4c9ca3ed0102914f64142de9e1206be0b6e6b3e32cad90f1d742,IHARQ-P03-L3-OFFICIAL-STRETCH-C-EXECUTION-FREEZE-R1,P03S-POSTEXT-64-128-256-PRE14-EVIDENCE-HARDENING-R1_1-S12-EVIDENCE,False,GROUP-dce2c04f56067c5ae9e0,Lee2019_MI,DNN-EEGNET:EEGNet-R7-LAWHERN-SMR-P01-160HZ:P02S-LLX-R1-A0-Lee2019_MI-DNN-EEGNET-256PC-MR02,P01-L1-LOW-CAL-OFFICIAL-R2:256_PER_CLASS,IHARQ-SPLITRECORD-20260806-e4e371d332c61e36,test,600,P03-OFFICIAL-METRICS-R1,P03-OFFICIAL-EQUAL-WIDTH-15-R1,P03-RELIABILITY-14986a3d128bc7857751,P03-RELIABILITY-RAW-3dc41bf48294a4ec1f5f,GROUP-dce2c04f56067c5ae9e0:raw,GROUP-dce2c04f56067c5ae9e0:selected,P03-CalibrationRecord-93797fc8aae17280c36f,0.3707290082232262,0.36439707215387984,-0.0063319360693463445,0.5653032614571181,0.544878021988081,-0.02042523946903707,0.06328822181566782,0.03003038372387714,-0.03325783809179068,"[""P03-ReliabilityAuditReport-bceb80c5e2e539caba85"",""P03-CalibrationRecord-93797fc8aae17280c36f"",""P03SelectionScoreRecord:P02-A0-Lee2019_MI-DNN-EEGNET-P01-L1-LOW-CAL-OFFICIAL-R2:256_PER_CLASS-MR02:calibration"",""P03SelectionScoreRecord:P02-A0-Lee2019_MI-DNN-EEGNET-P01-L1-LOW-CAL-OFFICIAL-R2:256_PER_CLASS-MR02:validation"",""P02-A0-Lee2019_MI-DNN-EEGNET-P01-L1-LOW-CAL-OFFICIAL-R2:256_PER_CLASS-MR02""]","[""15199530f3e3c1768f30f37de74dd9e5e1364f9682ff32bc528531c3f29017c7"",""140737ca52a4ac6a9135add404b6729a4c78d9ac845d50602d36b056a3d7298c"",""c62952547dbdfcd116569fa2be8268195227e81f07b9a1c16b6dd692dd8a4d0b"",""9a8542f9b21e9a77976f96d7cd5b8397ae0b54fd81593eec7a380a331e1699cc"",""ebaf03fd557dadc7564e1eac08102372936f100a90da9acac25b3fabfed3f141"",""4880ab2b433fadb4377f050ae4b6b58684d15b0310cd15cc88fa2362bb8f5850"",""c24983dc415a5a07f86151b6d5c7bad9dd441d59615b351600d99a6ed77c26af"",""295cd69d4c4ab641df35564b67beed8a5ec662f6009a58f2e54b4c6c3145c83a"",""0e4d987bf078bb7a4753e2defe5c2acc94a6f96a69daaa845b7df80f0eb30aa2"",""fa1257c0d6612010faeb2bf04743ed1b041d6792884275940e2e00fc8926af89"",""ca24ab299855d9ca1378b6579ae32668bd1787e9d5789a9fda913058c378b040"",""e9f677b1c55fb019a6c79cddcb1879318365d3cfdc8367a4e9a7d1abe951b59c"",""fb0ea32eb869e9dfd233dd06fefd970801a78e9c76b4252ddaf8effbc6cbaf1c""]","[""P03-ReliabilityAuditReport-bceb80c5e2e539caba85"",""P03-CalibrationRecord-93797fc8aae17280c36f"",""GROUP-dce2c04f56067c5ae9e0"",""P03-SplitIntegrityReport-9f1b415ba5982dd65d3f"",""P03-CalibrationEligibilityTable-0d34d309c57c8175c70a"",""P03-CalibrationRecord-977295512376ecf1118c"",""ModelRegistryRecord:0d9949796485cd0f52f78e47"",""IHARQ-SPLITRECORD-20260806-e4e371d332c61e36""]"
CalibrationMetricSourceTable.v1,1.0.0,SOURCE_TABLE_PROFILE_NOT_REGISTERED_AS_RECORD_FAMILY,P03-PROD-022,P03-CAL-METRIC-SOURCE-TABLE-SUPPLEMENT-8518654a4afcfe1f1933,P03-CAL-METRIC-SOURCE-ROW-SUPPLEMENT-ecc4134bb58e5b019c7c,P03-L3-POSTEXT-64-128-256-R1-1833e865bcb88ff8,2e5ebd6fc62f4c9ca3ed0102914f64142de9e1206be0b6e6b3e32cad90f1d742,IHARQ-P03-L3-OFFICIAL-STRETCH-C-EXECUTION-FREEZE-R1,P03S-POSTEXT-64-128-256-PRE14-EVIDENCE-HARDENING-R1_1-S12-EVIDENCE,False,GROUP-dc4d0756270024f8ef48,Lee2019_MI,DNN-EEGNET:EEGNet-R7-LAWHERN-SMR-P01-160HZ:P02S-LLX-R1-A0-Lee2019_MI-DNN-EEGNET-256PC-MR03,P01-L1-LOW-CAL-OFFICIAL-R2:256_PER_CLASS,IHARQ-SPLITRECORD-20260806-e4e371d332c61e36,test,600,P03-OFFICIAL-METRICS-R1,P03-OFFICIAL-EQUAL-WIDTH-15-R1,P03-RELIABILITY-68672c12458d3912917d,P03-RELIABILITY-RAW-364cf1dc2d4fdbf4b011,GROUP-dc4d0756270024f8ef48:raw,GROUP-dc4d0756270024f8ef48:selected,P03-CalibrationRecord-670dfde03cde380900c6,0.4300965979168992,0.43176619893967616,0.0016696010227769675,0.6345251395032251,0.622223277475307,-0.012301862027918053,0.0880130468390805,0.09840474549690711,0.010391698657826617,"[""P03-ReliabilityAuditReport-2fb71471f51f2c38a82c"",""P03-CalibrationRecord-670dfde03cde380900c6"",""P03SelectionScoreRecord:P02-A0-Lee2019_MI-DNN-EEGNET-P01-L1-LOW-CAL-OFFICIAL-R2:256_PER_CLASS-MR03:calibration"",""P03SelectionScoreRecord:P02-A0-Lee2019_MI-DNN-EEGNET-P01-L1-LOW-CAL-OFFICIAL-R2:256_PER_CLASS-MR03:validation"",""P02-A0-Lee2019_MI-DNN-EEGNET-P01-L1-LOW-CAL-OFFICIAL-R2:256_PER_CLASS-MR03""]","[""0b699188cb363f9c30eba02cb0851dd6e2a31dc6d328f3833b7e6c30a5f5c846"",""22f8901892bf822abcd546ecbfd1185e182cde2bda6821c12801c1cba1b38fe7"",""2d669a68e6d4ff2abd4cf92ca38de5ec59783318b517154bc6460f5a571d1cee"",""35aa17da00359ed2c29282b5e68b518c13ac246a1d5bcd8abf42c2d49f1bff35"",""bac10fe34fde55ec1fe606d31d7eefacb2257b821e146bc28d9c5cac4a491f19"",""3ffe5b2bf52889628fc372d56b4785888086a59bd795e879bc4dd6fbb77de454"",""f756dbfd4b4aa9f321ab1e3c202fd471f7fb31e01fded7f42abe4ec61082bffe"",""6fc93042d64b87e74ac3410f7f3b37cd6915761ddd89cffd646d5172d8570020"",""0e4d987bf078bb7a4753e2defe5c2acc94a6f96a69daaa845b7df80f0eb30aa2"",""a77dd1fa7f3302f5b62084d958da74c2d301134bb0238d399f5fd0fe1988644f"",""4a58a8fdae64a3a4b1430969a577b67f8f264b242e3adb8d93af466d05427c8a"",""8a755c80351c1fece5a1a8e25f8bd5d116c63d0d021661b5ff9a60ea6fc9a1ad"",""fb0ea32eb869e9dfd233dd06fefd970801a78e9c76b4252ddaf8effbc6cbaf1c""]","[""P03-ReliabilityAuditReport-2fb71471f51f2c38a82c"",""P03-CalibrationRecord-670dfde03cde380900c6"",""GROUP-dc4d0756270024f8ef48"",""P03-SplitIntegrityReport-941fbfb66ffb6a5394a6"",""P03-CalibrationEligibilityTable-bd9529bb86202a602fa7"",""P03-CalibrationRecord-f6f8d27feb37418ac718"",""ModelRegistryRecord:534af936d6e8014abccd6216"",""IHARQ-SPLITRECORD-20260806-e4e371d332c61e36""]"
CalibrationMetricSourceTable.v1,1.0.0,SOURCE_TABLE_PROFILE_NOT_REGISTERED_AS_RECORD_FAMILY,P03-PROD-022,P03-CAL-METRIC-SOURCE-TABLE-SUPPLEMENT-8518654a4afcfe1f1933,P03-CAL-METRIC-SOURCE-ROW-SUPPLEMENT-5b43c3c6cd9849055e61,P03-L3-POSTEXT-64-128-256-R1-1833e865bcb88ff8,2e5ebd6fc62f4c9ca3ed0102914f64142de9e1206be0b6e6b3e32cad90f1d742,IHARQ-P03-L3-OFFICIAL-STRETCH-C-EXECUTION-FREEZE-R1,P03S-POSTEXT-64-128-256-PRE14-EVIDENCE-HARDENING-R1_1-S12-EVIDENCE,False,GROUP-fd4264e050a31c0a73bd,Lee2019_MI,DNN-EEGNET:EEGNet-R7-LAWHERN-SMR-P01-160HZ:P02S-LLX-R1-A0-Lee2019_MI-DNN-EEGNET-256PC-MR04,P01-L1-LOW-CAL-OFFICIAL-R2:256_PER_CLASS,IHARQ-SPLITRECORD-20260806-e4e371d332c61e36,test,600,P03-OFFICIAL-METRICS-R1,P03-OFFICIAL-EQUAL-WIDTH-15-R1,P03-RELIABILITY-6d2dd75cc54b348f528e,P03-RELIABILITY-RAW-81905b0b8b89f1027599,GROUP-fd4264e050a31c0a73bd:raw,GROUP-fd4264e050a31c0a73bd:selected,P03-CalibrationRecord-419a6e3baa33eec33aad,0.470930978669359,0.47767543496848325,0.006744456299124235,0.6742574499886409,0.6726774288367754,-0.0015800211518655072,0.1257543692840783,0.13607199463047207,0.010317625346393772,"[""P03-ReliabilityAuditReport-fe97d3a0e8fba59e5e4f"",""P03-CalibrationRecord-419a6e3baa33eec33aad"",""P03SelectionScoreRecord:P02-A0-Lee2019_MI-DNN-EEGNET-P01-L1-LOW-CAL-OFFICIAL-R2:256_PER_CLASS-MR04:calibration"",""P03SelectionScoreRecord:P02-A0-Lee2019_MI-DNN-EEGNET-P01-L1-LOW-CAL-OFFICIAL-R2:256_PER_CLASS-MR04:validation"",""P02-A0-Lee2019_MI-DNN-EEGNET-P01-L1-LOW-CAL-OFFICIAL-R2:256_PER_CLASS-MR04""]","[""9a8da0788ac19e5eb98717187daca770f263350aa7c0b04c21a06e8571504831"",""9f432f535406533ecdac715251630d7de1a18328b80177598a9b0d87557a37c6"",""5d7d87cb841a99c1abb3bad11374a6ad2cc0861a46046d44a7be5843651078aa"",""2a79e76a2906c4fff55d2fec3d383733e548787287ebee1cb103da1a25121313"",""4cd05263e13e582930acc8392c06b960cd24497a43809c98a0f1cc20d97c8587"",""35f81263cda1b172c049ca4f4af984abac5491de19dfd4c7a305beb4736b5372"",""90ae54dd963656a375f9a2210e8c8e34cfbb04d950ad6ac8928d669707d23055"",""1553ff531c2ed0db10463c067ddf58908aa767ccf32f87a00f28cd6757bb8250"",""0e4d987bf078bb7a4753e2defe5c2acc94a6f96a69daaa845b7df80f0eb30aa2"",""3665b2f54c594b3c1f4eaba106680237d44a128fad906d9fcfe0fd9ca1be9431"",""7c85955f5411db9d5760b18a96d7d5334194993246b7f08e8d01bb56a5998bb1"",""ea723d3769a470b6fb432e08f0eb0d0ad0f481b44814f7fb006b1494b35ca2d1"",""fb0ea32eb869e9dfd233dd06fefd970801a78e9c76b4252ddaf8effbc6cbaf1c""]","[""P03-ReliabilityAuditReport-fe97d3a0e8fba59e5e4f"",""P03-CalibrationRecord-419a6e3baa33eec33aad"",""GROUP-fd4264e050a31c0a73bd"",""P03-SplitIntegrityReport-66dcefa430143f8329ed"",""P03-CalibrationEligibilityTable-cff6f538748f94d14abc"",""P03-CalibrationRecord-eacef7d55e1aff0b3bd3"",""ModelRegistryRecord:7fd62f0e6ad13c65a9ce6e1b"",""IHARQ-SPLITRECORD-20260806-e4e371d332c61e36""]"
CalibrationMetricSourceTable.v1,1.0.0,SOURCE_TABLE_PROFILE_NOT_REGISTERED_AS_RECORD_FAMILY,P03-PROD-022,P03-CAL-METRIC-SOURCE-TABLE-SUPPLEMENT-8518654a4afcfe1f1933,P03-CAL-METRIC-SOURCE-ROW-SUPPLEMENT-1b21bc1df61b4289d8ab,P03-L3-POSTEXT-64-128-256-R1-1833e865bcb88ff8,2e5ebd6fc62f4c9ca3ed0102914f64142de9e1206be0b6e6b3e32cad90f1d742,IHARQ-P03-L3-OFFICIAL-STRETCH-C-EXECUTION-FREEZE-R1,P03S-POSTEXT-64-128-256-PRE14-EVIDENCE-HARDENING-R1_1-S12-EVIDENCE,False,GROUP-3bd406b1db9b00d6a7d8,Lee2019_MI,DNN-EEGNET:EEGNet-R7-LAWHERN-SMR-P01-160HZ:P02S-LLX-R1-A0-Lee2019_MI-DNN-EEGNET-64PC-MR00,P01-L1-LOW-CAL-OFFICIAL-R2:64_PER_CLASS,IHARQ-SPLITRECORD-20260806-e4e371d332c61e36,test,600,P03-OFFICIAL-METRICS-R1,P03-OFFICIAL-EQUAL-WIDTH-15-R1,P03-RELIABILITY-7b19bfa80ba7cff882aa,P03-RELIABILITY-RAW-f406dc608fe49d13d870,GROUP-3bd406b1db9b00d6a7d8:raw,GROUP-3bd406b1db9b00d6a7d8:selected,P03-CalibrationRecord-27a51b23070162f3ec1f,0.737022862000733,0.5109517715816577,-0.22607109041907525,1.8281164080965577,0.7073455460570016,-1.120770862039556,0.34483629906971486,0.07022206817083103,-0.2746142308988838,"[""P03-ReliabilityAuditReport-bd1d2d892cf58b77c451"",""P03-CalibrationRecord-27a51b23070162f3ec1f"",""P03SelectionScoreRecord:P02-A0-Lee2019_MI-DNN-EEGNET-P01-L1-LOW-CAL-OFFICIAL-R2:64_PER_CLASS-MR00:calibration"",""P03SelectionScoreRecord:P02-A0-Lee2019_MI-DNN-EEGNET-P01-L1-LOW-CAL-OFFICIAL-R2:64_PER_CLASS-MR00:validation"",""P02-A0-Lee2019_MI-DNN-EEGNET-P01-L1-LOW-CAL-OFFICIAL-R2:64_PER_CLASS-MR00""]","[""cf2fbba8ebdd8f71767317df0bd8999aed9f2232ea91c51daa6ded1f04df40e2"",""94ef1c851b1cea4e4cca02a7e59b9943ee5639cac38bd8706e9e08bca7b0fa8f"",""d22c6d0e001afb8463e930a63ca56e6afe4353aa97e69d2c7e625e86ba80b929"",""41ae1e6e90910974332e4f68a107d1625c974aaa6838181a288cf7fa55107d5e"",""21570dc303637fe93920ca5a4202e3b15c4c9983273abfab33107e88f72f3d50"",""7a5c56733d3c7f4076d92ce9f55800500c3c45feec09a96842fcf813b7519190"",""41766321f95ff91df4d5ea6dd2f7e41881c0c64b44aee223565de9ac2404dcda"",""0747588a078114e389f3c2ef2625be38b76848987a2f4786dffd3c8c4373f536"",""0e4d987bf078bb7a4753e2defe5c2acc94a6f96a69daaa845b7df80f0eb30aa2"",""b01a5d7acfcd703d8ccf1c4303399f844332a33e4028c1c49e99b781d9d0869c"",""50b6e5e83ef576be16cbfa53cf6691ab7a1baa31a441efca7673184031639631"",""078fb296d23c46fd1b4e95bafa6c45feee04c26875c37ce4f4ab7e15f9846036"",""fb0ea32eb869e9dfd233dd06fefd970801a78e9c76b4252ddaf8effbc6cbaf1c""]","[""P03-ReliabilityAuditReport-bd1d2d892cf58b77c451"",""P03-CalibrationRecord-27a51b23070162f3ec1f"",""GROUP-3bd406b1db9b00d6a7d8"",""P03-SplitIntegrityReport-89b5d873b9344ef20060"",""P03-CalibrationEligibilityTable-babc6023f36f4547505d"",""P03-CalibrationRecord-a75fb48376ba88ecfcab"",""ModelRegistryRecord:02b04fccc73554a97c5c6dda"",""IHARQ-SPLITRECORD-20260806-e4e371d332c61e36""]"
CalibrationMetricSourceTable.v1,1.0.0,SOURCE_TABLE_PROFILE_NOT_REGISTERED_AS_RECORD_FAMILY,P03-PROD-022,P03-CAL-METRIC-SOURCE-TABLE-SUPPLEMENT-8518654a4afcfe1f1933,P03-CAL-METRIC-SOURCE-ROW-SUPPLEMENT-20cb7ee6a111ce93a5bb,P03-L3-POSTEXT-64-128-256-R1-1833e865bcb88ff8,2e5ebd6fc62f4c9ca3ed0102914f64142de9e1206be0b6e6b3e32cad90f1d742,IHARQ-P03-L3-OFFICIAL-STRETCH-C-EXECUTION-FREEZE-R1,P03S-POSTEXT-64-128-256-PRE14-EVIDENCE-HARDENING-R1_1-S12-EVIDENCE,False,GROUP-1e59d5aa1ac4e4853836,Lee2019_MI,DNN-EEGNET:EEGNet-R7-LAWHERN-SMR-P01-160HZ:P02S-LLX-R1-A0-Lee2019_MI-DNN-EEGNET-64PC-MR01,P01-L1-LOW-CAL-OFFICIAL-R2:64_PER_CLASS,IHARQ-SPLITRECORD-20260806-e4e371d332c61e36,test,600,P03-OFFICIAL-METRICS-R1,P03-OFFICIAL-EQUAL-WIDTH-15-R1,P03-RELIABILITY-c7cb87f1e25350b22ee6,P03-RELIABILITY-RAW-444c5a7e7155a3b45d19,GROUP-1e59d5aa1ac4e4853836:raw,GROUP-1e59d5aa1ac4e4853836:selected,P03-CalibrationRecord-70ef605dbaf40b8b1f7f,0.5727538820468608,0.49020654981630896,-0.08254733223055188,0.8278240392233531,0.6833089828682527,-0.14451505635510042,0.18398317099621903,0.01104528763969929,-0.17293788335651974,"[""P03-ReliabilityAuditReport-ad113d851e4f05e59ae9"",""P03-CalibrationRecord-70ef605dbaf40b8b1f7f"",""P03SelectionScoreRecord:P02-A0-Lee2019_MI-DNN-EEGNET-P01-L1-LOW-CAL-OFFICIAL-R2:64_PER_CLASS-MR01:calibration"",""P03SelectionScoreRecord:P02-A0-Lee2019_MI-DNN-EEGNET-P01-L1-LOW-CAL-OFFICIAL-R2:64_PER_CLASS-MR01:validation"",""P02-A0-Lee2019_MI-DNN-EEGNET-P01-L1-LOW-CAL-OFFICIAL-R2:64_PER_CLASS-MR01""]","[""82f5b24b9f1999368979888ea63260ad0cc417ad9d19bb44fe52732c965f2e1e"",""d43ebc60b22cc69ba95f17f86d913da802d16948ae4c32cac74a6edfe621c768"",""da3492029ddd46136fcf950655656090a758ef60fde815c937169c2f7f259a5c"",""73c138d5b5d46168f3172fdc4945e69127fa9650290667d81b3d411b8fdffaa1"",""e334da9408aa621f844cf848b198830605974c60e264d73503d5ee64b63398b8"",""58490931af83ab61de2d890bf03a79a35e381b25a2729b93a45bc52498a1eb63"",""d6d379d8004bd93ae077bfd830021d45a6b445e76fa35c9b145ba9d390ee1f83"",""e7f893225272c857b129e115e4834107c3b713a2f9ec1d44f4b0a15e058c1d53"",""0e4d987bf078bb7a4753e2defe5c2acc94a6f96a69daaa845b7df80f0eb30aa2"",""2342e203aec5aa6dc2b15fc1269aabb90cdaa2c2e3011c4b10a5893ea5904509"",""1a9e7b8d2af5bdae00d629165e26d671089ad5b52cff128bb3486cdc3e9f2f28"",""0d784c16ebd8834644b25505798fded7417a2cfac4533ad21e8a74a7eadfb339"",""fb0ea32eb869e9dfd233dd06fefd970801a78e9c76b4252ddaf8effbc6cbaf1c""]","[""P03-ReliabilityAuditReport-ad113d851e4f05e59ae9"",""P03-CalibrationRecord-70ef605dbaf40b8b1f7f"",""GROUP-1e59d5aa1ac4e4853836"",""P03-SplitIntegrityReport-6b34ed65dd6d10ae05cb"",""P03-CalibrationEligibilityTable-da393ce32dd0da51da68"",""P03-CalibrationRecord-99ea2acdd3c9aace1f1b"",""ModelRegistryRecord:211d984b34398d3b89eb9bff"",""IHARQ-SPLITRECORD-20260806-e4e371d332c61e36""]"
CalibrationMetricSourceTable.v1,1.0.0,SOURCE_TABLE_PROFILE_NOT_REGISTERED_AS_RECORD_FAMILY,P03-PROD-022,P03-CAL-METRIC-SOURCE-TABLE-SUPPLEMENT-8518654a4afcfe1f1933,P03-CAL-METRIC-SOURCE-ROW-SUPPLEMENT-2da6e17f68fc2957b2ae,P03-L3-POSTEXT-64-128-256-R1-1833e865bcb88ff8,2e5ebd6fc62f4c9ca3ed0102914f64142de9e1206be0b6e6b3e32cad90f1d742,IHARQ-P03-L3-OFFICIAL-STRETCH-C-EXECUTION-FREEZE-R1,P03S-POSTEXT-64-128-256-PRE14-EVIDENCE-HARDENING-R1_1-S12-EVIDENCE,False,GROUP-b5e56a28e9f0f44b88f2,Lee2019_MI,DNN-EEGNET:EEGNet-R7-LAWHERN-SMR-P01-160HZ:P02S-LLX-R1-A0-Lee2019_MI-DNN-EEGNET-64PC-MR02,P01-L1-LOW-CAL-OFFICIAL-R2:64_PER_CLASS,IHARQ-SPLITRECORD-20260806-e4e371d332c61e36,test,600,P03-OFFICIAL-METRICS-R1,P03-OFFICIAL-EQUAL-WIDTH-15-R1,P03-RELIABILITY-19d80a513bac50838bf3,P03-RELIABILITY-RAW-8a6908cf6defc6b5bea8,GROUP-b5e56a28e9f0f44b88f2:raw,GROUP-b5e56a28e9f0f44b88f2:selected,P03-CalibrationRecord-78900b99e2cf5c520bb6,0.4827371515512974,0.48570714683134364,0.0029699952800462115,0.6751114575239175,0.678936300624582,0.0038248431006644434,0.046572548194549715,0.07904513216242584,0.032472583967876126,"[""P03-ReliabilityAuditReport-ef7a68ac7a9727477326"",""P03-CalibrationRecord-78900b99e2cf5c520bb6"",""P03SelectionScoreRecord:P02-A0-Lee2019_MI-DNN-EEGNET-P01-L1-LOW-CAL-OFFICIAL-R2:64_PER_CLASS-MR02:calibration"",""P03SelectionScoreRecord:P02-A0-Lee2019_MI-DNN-EEGNET-P01-L1-LOW-CAL-OFFICIAL-R2:64_PER_CLASS-MR02:validation"",""P02-A0-Lee2019_MI-DNN-EEGNET-P01-L1-LOW-CAL-OFFICIAL-R2:64_PER_CLASS-MR02""]","[""dfde077276b5a247d51729d95b9db301acd4141d63c1faf81553c5ff7a63758d"",""92356bb58224c08b7724963c070ee56435c4b5520020f29e5664a23fe4fc58ff"",""2880cc49f22fa924eb9f0efca3fc87e18b9ff1119d0226d07409b4f0baaf40b3"",""4389f479de86678702e435c8fbc3f3cbf2632fd13f2e29d23e804b3f6f0bca76"",""b702345884572f8025244adfc739caef053dc4f6f77d85e62581aec8051cfcfe"",""d960be9eafc56530cd1367508e04fb81ce50d0c9d57024cc968b6792928232d6"",""d99b7b2070c23bcbea2e44f25f72b92b28423fcec07436cfb5f944a35fb49bdc"",""e8fb0b54749001652365c47d3bfe4b0ee48c576d05186d8fdf5bbc979eb88a51"",""0e4d987bf078bb7a4753e2defe5c2acc94a6f96a69daaa845b7df80f0eb30aa2"",""edc26042f918c39be0123c45c77017ae6d0069d47c496ba17930a8a1da038ba8"",""271a78017e5b037a2721abeaf59bbeb270d603d253ba2c1140fe0e386a0f846c"",""da4cd99b47671e42d0e3ac0aac6d7e839184835e7c19df6aca1fc430c36c01b7"",""fb0ea32eb869e9dfd233dd06fefd970801a78e9c76b4252ddaf8effbc6cbaf1c""]","[""P03-ReliabilityAuditReport-ef7a68ac7a9727477326"",""P03-CalibrationRecord-78900b99e2cf5c520bb6"",""GROUP-b5e56a28e9f0f44b88f2"",""P03-SplitIntegrityReport-1de37fbba96bcb60d17f"",""P03-CalibrationEligibilityTable-fd72e8244cd01d7105cc"",""P03-CalibrationRecord-e5c2029df23462ce41d0"",""ModelRegistryRecord:a8c37938f2d38bde0e3be904"",""IHARQ-SPLITRECORD-20260806-e4e371d332c61e36""]"
CalibrationMetricSourceTable.v1,1.0.0,SOURCE_TABLE_PROFILE_NOT_REGISTERED_AS_RECORD_FAMILY,P03-PROD-022,P03-CAL-METRIC-SOURCE-TABLE-SUPPLEMENT-8518654a4afcfe1f1933,P03-CAL-METRIC-SOURCE-ROW-SUPPLEMENT-cc3269b0ca6f602ac7cc,P03-L3-POSTEXT-64-128-256-R1-1833e865bcb88ff8,2e5ebd6fc62f4c9ca3ed0102914f64142de9e1206be0b6e6b3e32cad90f1d742,IHARQ-P03-L3-OFFICIAL-STRETCH-C-EXECUTION-FREEZE-R1,P03S-POSTEXT-64-128-256-PRE14-EVIDENCE-HARDENING-R1_1-S12-EVIDENCE,False,GROUP-8497c6fc5dec3880d8b4,Lee2019_MI,DNN-EEGNET:EEGNet-R7-LAWHERN-SMR-P01-160HZ:P02S-LLX-R1-A0-Lee2019_MI-DNN-EEGNET-64PC-MR03,P01-L1-LOW-CAL-OFFICIAL-R2:64_PER_CLASS,IHARQ-SPLITRECORD-20260806-e4e371d332c61e36,test,600,P03-OFFICIAL-METRICS-R1,P03-OFFICIAL-EQUAL-WIDTH-15-R1,P03-RELIABILITY-b21be6ba7adaf8e77631,P03-RELIABILITY-RAW-c4d32088bdedfeddc648,GROUP-8497c6fc5dec3880d8b4:raw,GROUP-8497c6fc5dec3880d8b4:selected,P03-CalibrationRecord-ca0efc5254cb87b81419,0.6370797130522264,0.49004822248550217,-0.14703149056672427,1.043424379010178,0.6832461152890896,-0.3601782637210884,0.2726896115438392,0.06100313403836288,-0.2116864775054763,"[""P03-ReliabilityAuditReport-15169838590328dd8502"",""P03-CalibrationRecord-ca0efc5254cb87b81419"",""P03SelectionScoreRecord:P02-A0-Lee2019_MI-DNN-EEGNET-P01-L1-LOW-CAL-OFFICIAL-R2:64_PER_CLASS-MR03:calibration"",""P03SelectionScoreRecord:P02-A0-Lee2019_MI-DNN-EEGNET-P01-L1-LOW-CAL-OFFICIAL-R2:64_PER_CLASS-MR03:validation"",""P02-A0-Lee2019_MI-DNN-EEGNET-P01-L1-LOW-CAL-OFFICIAL-R2:64_PER_CLASS-MR03""]","[""1fdad1d9a929b96d53d357b15024a35dd01fe1815e5384365f1036c6272f969d"",""e06e1f0a3d5fce67290862ca57e073f9cf340fdf486e0ae344e69390fb4da695"",""9aee275ebd72c5a954d9fa0cc32d78794b5632e7d59be6779a0e929f2d3ef06c"",""f2924faabbe423682dc58a9853efd4af88b08fe9d456dcf3ce8dc4785da6e2fd"",""c2822b4b91bf1957a3100bdf8ae6e7373488733818a8b28d440370a70729292e"",""ed728c7837a712003dde7036a9e15dfceb56dc99b2695ff307bbd049facc85c6"",""794b83850d9d504b5e03d2c179c903cac8885f4b2cf316a8a951b4273d4a5000"",""252d627fc8ee302b741c04f71b504de127c7ab0c5830e4731140dd793fe3deaf"",""0e4d987bf078bb7a4753e2defe5c2acc94a6f96a69daaa845b7df80f0eb30aa2"",""6dfc533e7074f473e02f61f96664c0b6bc025f0b663430d742009e9330b6e795"",""8d3c88211f16a983a1f59e030590d82863d200ccc55528fac52c07dff9f464a3"",""b0e700e55f887154b52214c200589450acc4bc7d0d5793fb219c659e2ad66cf6"",""fb0ea32eb869e9dfd233dd06fefd970801a78e9c76b4252ddaf8effbc6cbaf1c""]","[""P03-ReliabilityAuditReport-15169838590328dd8502"",""P03-CalibrationRecord-ca0efc5254cb87b81419"",""GROUP-8497c6fc5dec3880d8b4"",""P03-SplitIntegrityReport-93991ee57905441fe12f"",""P03-CalibrationEligibilityTable-b9d689896528ae424586"",""P03-CalibrationRecord-5402fa6a8a563f5d4d7a"",""ModelRegistryRecord:db40ed2c646c368e6b7a1209"",""IHARQ-SPLITRECORD-20260806-e4e371d332c61e36""]"
CalibrationMetricSourceTable.v1,1.0.0,SOURCE_TABLE_PROFILE_NOT_REGISTERED_AS_RECORD_FAMILY,P03-PROD-022,P03-CAL-METRIC-SOURCE-TABLE-SUPPLEMENT-8518654a4afcfe1f1933,P03-CAL-METRIC-SOURCE-ROW-SUPPLEMENT-d6523dcc05c19178ab37,P03-L3-POSTEXT-64-128-256-R1-1833e865bcb88ff8,2e5ebd6fc62f4c9ca3ed0102914f64142de9e1206be0b6e6b3e32cad90f1d742,IHARQ-P03-L3-OFFICIAL-STRETCH-C-EXECUTION-FREEZE-R1,P03S-POSTEXT-64-128-256-PRE14-EVIDENCE-HARDENING-R1_1-S12-EVIDENCE,False,GROUP-3d6b801161348d5405ba,Lee2019_MI,DNN-EEGNET:EEGNet-R7-LAWHERN-SMR-P01-160HZ:P02S-LLX-R1-A0-Lee2019_MI-DNN-EEGNET-64PC-MR04,P01-L1-LOW-CAL-OFFICIAL-R2:64_PER_CLASS,IHARQ-SPLITRECORD-20260806-e4e371d332c61e36,test,600,P03-OFFICIAL-METRICS-R1,P03-OFFICIAL-EQUAL-WIDTH-15-R1,P03-RELIABILITY-63ebc865cc81bc39db1f,P03-RELIABILITY-RAW-ec027eb0905a7b58cfe1,GROUP-3d6b801161348d5405ba:raw,GROUP-3d6b801161348d5405ba:selected,P03-CalibrationRecord-ef97a22ee310cf5481bc,0.6117403236029626,0.5092092566626362,-0.10253106694032643,0.961047036531535,0.7031212898833523,-0.2579257466481827,0.23104755183337589,0.10560194902993096,-0.1254456028034449,"[""P03-ReliabilityAuditReport-d4e4f65d03ae8b1b4fdd"",""P03-CalibrationRecord-ef97a22ee310cf5481bc"",""P03SelectionScoreRecord:P02-A0-Lee2019_MI-DNN-EEGNET-P01-L1-LOW-CAL-OFFICIAL-R2:64_PER_CLASS-MR04:calibration"",""P03SelectionScoreRecord:P02-A0-Lee2019_MI-DNN-EEGNET-P01-L1-LOW-CAL-OFFICIAL-R2:64_PER_CLASS-MR04:validation"",""P02-A0-Lee2019_MI-DNN-EEGNET-P01-L1-LOW-CAL-OFFICIAL-R2:64_PER_CLASS-MR04""]","[""efaa57a1455f2545af5dc7452d1dcbb1aed8fdef3c7782d5a8555863a0a18c58"",""e9351a76d61507280aaabc0e6a68902b1d7160855772da9a6709f1ede6929ea5"",""ee82683d3c00fe5e5459b0cda0bf27b2d4a630a8dc274dd921f9eebc19aa5148"",""a3a332071081b894dc836eb8366896fade3903dd47c4f5fc3baf676fe1779143"",""28b1c910c10192c3b1a677f3eb5d02740e36cb38f98db8f70de5567282f0c533"",""91fadf6dd73573a287102494e02c76f9063fe2fcc5a777ca277a561ed6a72486"",""ea0f9f2f4c497ea0db78b7351f2e1fa4e6267128a351bd921232e61bed5636d7"",""6a842ec03f58530ed7e0991f8d5ea647feeaa5b7c843ad431ce0682f9efc4141"",""0e4d987bf078bb7a4753e2defe5c2acc94a6f96a69daaa845b7df80f0eb30aa2"",""d32238a31e36e35dec983d62b40516ddeb008d525267c3e7145ee715b4180def"",""54a37b2906ec61b87eb99b8d4aaf562bef4e8ae9fcb13de0533701d9c025c175"",""1e47ac16145ba08d516fb68a00d211c80896a2344bc139b34bcf1cb32a011e75"",""fb0ea32eb869e9dfd233dd06fefd970801a78e9c76b4252ddaf8effbc6cbaf1c""]","[""P03-ReliabilityAuditReport-d4e4f65d03ae8b1b4fdd"",""P03-CalibrationRecord-ef97a22ee310cf5481bc"",""GROUP-3d6b801161348d5405ba"",""P03-SplitIntegrityReport-c9955d2435488faae5ed"",""P03-CalibrationEligibilityTable-3f68a66785e2137e14da"",""P03-CalibrationRecord-6725ddc6834344f7b250"",""ModelRegistryRecord:c2251b8c79b20a1106c8dc68"",""IHARQ-SPLITRECORD-20260806-e4e371d332c61e36""]"
CalibrationMetricSourceTable.v1,1.0.0,SOURCE_TABLE_PROFILE_NOT_REGISTERED_AS_RECORD_FAMILY,P03-PROD-022,P03-CAL-METRIC-SOURCE-TABLE-SUPPLEMENT-8518654a4afcfe1f1933,P03-CAL-METRIC-SOURCE-ROW-SUPPLEMENT-c83f3d0b841470120e27,P03-L3-POSTEXT-64-128-256-R1-1833e865bcb88ff8,2e5ebd6fc62f4c9ca3ed0102914f64142de9e1206be0b6e6b3e32cad90f1d742,IHARQ-P03-L3-OFFICIAL-STRETCH-C-EXECUTION-FREEZE-R1,P03S-POSTEXT-64-128-256-PRE14-EVIDENCE-HARDENING-R1_1-S12-EVIDENCE,False,GROUP-d23b26d1b6e559b9e09a,Lee2019_MI,RIE-TS-LR:RIE-TS-LR:P02S-LLX-R1-A0-Lee2019_MI-RIE-TS-LR-128PC-MR00,P01-L1-LOW-CAL-OFFICIAL-R2:128_PER_CLASS,IHARQ-SPLITRECORD-20260806-e4e371d332c61e36,test,600,P03-OFFICIAL-METRICS-R1,P03-OFFICIAL-EQUAL-WIDTH-15-R1,P03-RELIABILITY-734d6f86f442aa587da5,P03-RELIABILITY-RAW-398cc4ba7dfaf1aebba2,GROUP-d23b26d1b6e559b9e09a:raw,GROUP-d23b26d1b6e559b9e09a:selected,P03-CalibrationRecord-4032611e5c59fdeb8698,0.4887884238140285,0.3852323947623956,-0.10355602905163286,1.021790902944118,0.5636172377420953,-0.45817366520202263,0.20755095913293842,0.040886814512769126,-0.1666641446201693,"[""P03-ReliabilityAuditReport-2604c74e93e2b416edd0"",""P03-CalibrationRecord-4032611e5c59fdeb8698"",""P03SelectionScoreRecord:P02-A0-Lee2019_MI-RIE-TS-LR-P01-L1-LOW-CAL-OFFICIAL-R2:128_PER_CLASS-MR00:calibration"",""P03SelectionScoreRecord:P02-A0-Lee2019_MI-RIE-TS-LR-P01-L1-LOW-CAL-OFFICIAL-R2:128_PER_CLASS-MR00:validation"",""P02-A0-Lee2019_MI-RIE-TS-LR-P01-L1-LOW-CAL-OFFICIAL-R2:128_PER_CLASS-MR00""]","[""1377e5a550f6246c5f8186d33369177d017807d78b3f624dd37e6795f625255b"",""6a522add9af6502a2760ac6be58272f464c2c8e1a72290ff1141debc9fc85f43"",""03d249e79c5f24ac9ae6dcd826e8bb2ff70cbffb4eee3ba2c68bdf122e1f48eb"",""714229ed5287a97eea3fd9c720df43d6cf347ba729d3e1c6e792921c6c6666c4"",""0ea41622f4a3ecd77af5dacc2fb0265f2f8bba0545350ef2f5970cfee0a714ff"",""57f7e1adff63b0284ced94bae54a380611b5b689fc60083fc5bfeb74b84d2cee"",""8f69e62722458e3401ff78b72d2c68592bb72a8ca22306a85509546374897c0e"",""d0f654544b8762bf51b79e82d0f0e450a4465f0149acf815b310a52a5abc66e0"",""0e4d987bf078bb7a4753e2defe5c2acc94a6f96a69daaa845b7df80f0eb30aa2"",""3afbfcd0843f544b40c526e549c9e4bfd570a4949b1780558a46eb3f2ded4d63"",""8e1717dbf11ab55d77c041088777a049e53d5c5c06d340e711dae279f4fdd4ac"",""b8c768fed4b129b384f29cabde0fa62f963e7ecf2fd9232d11d098b1b1191a1d"",""fb0ea32eb869e9dfd233dd06fefd970801a78e9c76b4252ddaf8effbc6cbaf1c""]","[""P03-ReliabilityAuditReport-2604c74e93e2b416edd0"",""P03-CalibrationRecord-4032611e5c59fdeb8698"",""GROUP-d23b26d1b6e559b9e09a"",""P03-SplitIntegrityReport-875e7de956bad0cd2a04"",""P03-CalibrationEligibilityTable-0411fdc9566b65256679"",""P03-CalibrationRecord-9b5ceb89e1565cc3dbc0"",""ModelRegistryRecord:264b572767342dba4666c793"",""IHARQ-SPLITRECORD-20260806-e4e371d332c61e36""]"
CalibrationMetricSourceTable.v1,1.0.0,SOURCE_TABLE_PROFILE_NOT_REGISTERED_AS_RECORD_FAMILY,P03-PROD-022,P03-CAL-METRIC-SOURCE-TABLE-SUPPLEMENT-8518654a4afcfe1f1933,P03-CAL-METRIC-SOURCE-ROW-SUPPLEMENT-10f5aaa974b2662bcd04,P03-L3-POSTEXT-64-128-256-R1-1833e865bcb88ff8,2e5ebd6fc62f4c9ca3ed0102914f64142de9e1206be0b6e6b3e32cad90f1d742,IHARQ-P03-L3-OFFICIAL-STRETCH-C-EXECUTION-FREEZE-R1,P03S-POSTEXT-64-128-256-PRE14-EVIDENCE-HARDENING-R1_1-S12-EVIDENCE,False,GROUP-b94a34c62d6adfd6e098,Lee2019_MI,RIE-TS-LR:RIE-TS-LR:P02S-LLX-R1-A0-Lee2019_MI-RIE-TS-LR-256PC-MR00,P01-L1-LOW-CAL-OFFICIAL-R2:256_PER_CLASS,IHARQ-SPLITRECORD-20260806-e4e371d332c61e36,test,600,P03-OFFICIAL-METRICS-R1,P03-OFFICIAL-EQUAL-WIDTH-15-R1,P03-RELIABILITY-1d5bc995a402c0d69a88,P03-RELIABILITY-RAW-d9532977cc5cb7031c5d,GROUP-b94a34c62d6adfd6e098:raw,GROUP-b94a34c62d6adfd6e098:selected,P03-CalibrationRecord-3be3902f20ef6aacec62,0.40901698729692676,0.37580317043184064,-0.03321381686508612,0.6995474303182134,0.5702649200919442,-0.12928251022626924,0.1402182057770259,0.06565572781588298,-0.07456247796114292,"[""P03-ReliabilityAuditReport-c8037ec1981c22d32fb6"",""P03-CalibrationRecord-3be3902f20ef6aacec62"",""P03SelectionScoreRecord:P02-A0-Lee2019_MI-RIE-TS-LR-P01-L1-LOW-CAL-OFFICIAL-R2:256_PER_CLASS-MR00:calibration"",""P03SelectionScoreRecord:P02-A0-Lee2019_MI-RIE-TS-LR-P01-L1-LOW-CAL-OFFICIAL-R2:256_PER_CLASS-MR00:validation"",""P02-A0-Lee2019_MI-RIE-TS-LR-P01-L1-LOW-CAL-OFFICIAL-R2:256_PER_CLASS-MR00""]","[""438d86b12c7853759a7a2ece6eca89a130ad5dc3fb34acd3224a4f6ec42ec0e2"",""7c57fd6ca45cc85485ab3e76ec1cbd6be90848ac8fff1da7dcf11d0c4683efe0"",""2675bf0d6f1f54df3485cbaa37ba6ada1ab1e89b785400933c1668992f7f3362"",""d3973e76673b9c135c098205b24dbaa78bb16760ab781ecc5a06cbfa054f0d61"",""cc33c8f8678f5fd3e796fb075c97616fd6bf6a0d49eec7a3696b78fa14a88d63"",""8b445fb7164d444446ed7be79e00c0f6360f7a3f4ac2069343e922fb1be9a85a"",""e094ae453f39cd7485aed991f2ccce51a3958e33d6d57253f52bd51bd248e9d4"",""603ed9f78341f43953a32dae0c312f9316f4ec15531f7412a62b986d9a6d916e"",""0e4d987bf078bb7a4753e2defe5c2acc94a6f96a69daaa845b7df80f0eb30aa2"",""04a3ee07b131e875348fa5ef0feed5f22a35e120bbedb25e8a0b6b455be1e483"",""a8da97051c7cb2cd17c272cc574da9f927e9b97c3273c760cbf1acb45495aadf"",""f3690361fe3e926ffee0c1e4ba504cb8fa7237ba085fe5b25969a9d61ad47270"",""fb0ea32eb869e9dfd233dd06fefd970801a78e9c76b4252ddaf8effbc6cbaf1c""]","[""P03-ReliabilityAuditReport-c8037ec1981c22d32fb6"",""P03-CalibrationRecord-3be3902f20ef6aacec62"",""GROUP-b94a34c62d6adfd6e098"",""P03-SplitIntegrityReport-050a703f55d7e2b62406"",""P03-CalibrationEligibilityTable-2e2ad45cca648bacaf25"",""P03-CalibrationRecord-21ee8aa7af4e0a24547a"",""ModelRegistryRecord:9b78388034afb82b1dee5c06"",""IHARQ-SPLITRECORD-20260806-e4e371d332c61e36""]"
CalibrationMetricSourceTable.v1,1.0.0,SOURCE_TABLE_PROFILE_NOT_REGISTERED_AS_RECORD_FAMILY,P03-PROD-022,P03-CAL-METRIC-SOURCE-TABLE-SUPPLEMENT-8518654a4afcfe1f1933,P03-CAL-METRIC-SOURCE-ROW-SUPPLEMENT-62e7526f155d7669ca7e,P03-L3-POSTEXT-64-128-256-R1-1833e865bcb88ff8,2e5ebd6fc62f4c9ca3ed0102914f64142de9e1206be0b6e6b3e32cad90f1d742,IHARQ-P03-L3-OFFICIAL-STRETCH-C-EXECUTION-FREEZE-R1,P03S-POSTEXT-64-128-256-PRE14-EVIDENCE-HARDENING-R1_1-S12-EVIDENCE,False,GROUP-4d77bb4a798331b89344,Lee2019_MI,RIE-TS-LR:RIE-TS-LR:P02S-LLX-R1-A0-Lee2019_MI-RIE-TS-LR-64PC-MR00,P01-L1-LOW-CAL-OFFICIAL-R2:64_PER_CLASS,IHARQ-SPLITRECORD-20260806-e4e371d332c61e36,test,600,P03-OFFICIAL-METRICS-R1,P03-OFFICIAL-EQUAL-WIDTH-15-R1,P03-RELIABILITY-c7e9140c637d5970aefd,P03-RELIABILITY-RAW-ee090075d877ce4122df,GROUP-4d77bb4a798331b89344:raw,GROUP-4d77bb4a798331b89344:selected,P03-CalibrationRecord-2649ed5a083b787b9e43,0.4087613754790069,0.4203397883639504,0.01157841288494349,0.5870524856439843,0.6073347033251069,0.020282217681122594,0.0783822949838342,0.06292421981098459,-0.015458075172849611,"[""P03-ReliabilityAuditReport-563ea116e75a957864c6"",""P03-CalibrationRecord-2649ed5a083b787b9e43"",""P03SelectionScoreRecord:P02-A0-Lee2019_MI-RIE-TS-LR-P01-L1-LOW-CAL-OFFICIAL-R2:64_PER_CLASS-MR00:calibration"",""P03SelectionScoreRecord:P02-A0-Lee2019_MI-RIE-TS-LR-P01-L1-LOW-CAL-OFFICIAL-R2:64_PER_CLASS-MR00:validation"",""P02-A0-Lee2019_MI-RIE-TS-LR-P01-L1-LOW-CAL-OFFICIAL-R2:64_PER_CLASS-MR00""]","[""107bce6c514dc389828ae3ae2d3eff90fd0fdad93cb026867a39fa7d6bc47060"",""d41a03c900af11d26cf90a1cb570497b37c426b0845b8e38ffb2d096471018c0"",""530ef2b6a7b0beaec87f785f658d49a929649e66609c2bf470d8e49361b867ff"",""96ef47bbaea0748eb97c6d1be374810469f9713c7d65419f09744d362c43c741"",""16cbc354f0cb4c80ab41b9768bb24a059a9855c62b00121caf76d2d08c9d2372"",""b838544970ea1157d041d85affd6ea68e7204f58036c46cd9371c120d1638d19"",""9eff736a03f52f9fb0996f12d180af4ff40e8dfcd06f74a64092cebc31ad6022"",""bc8f3338c525f622e2c4e21cb1c861ae5a4d4f064101c81cc8659db78450db77"",""0e4d987bf078bb7a4753e2defe5c2acc94a6f96a69daaa845b7df80f0eb30aa2"",""f12943ba272f24435e3f1d73db32ff818e0e87b1f05a279d1af30f9b53146f01"",""ce0f49fd2c81fa9c36eb87dd093de6c818094a5e0e33b14c9eee76b2a7bcbd1f"",""46760006dcbd58a5c6f4da4d120108361630a0ac4f2fd7dc9049ab194428da90"",""fb0ea32eb869e9dfd233dd06fefd970801a78e9c76b4252ddaf8effbc6cbaf1c""]","[""P03-ReliabilityAuditReport-563ea116e75a957864c6"",""P03-CalibrationRecord-2649ed5a083b787b9e43"",""GROUP-4d77bb4a798331b89344"",""P03-SplitIntegrityReport-54724b4145de235a9465"",""P03-CalibrationEligibilityTable-58c933c36d9935e06f70"",""P03-CalibrationRecord-67f6041f55ccd1f6cec3"",""ModelRegistryRecord:8017960cc6a4f37bf903d6aa"",""IHARQ-SPLITRECORD-20260806-e4e371d332c61e36""]"
CalibrationMetricSourceTable.v1,1.0.0,SOURCE_TABLE_PROFILE_NOT_REGISTERED_AS_RECORD_FAMILY,P03-PROD-022,P03-CAL-METRIC-SOURCE-TABLE-SUPPLEMENT-8518654a4afcfe1f1933,P03-CAL-METRIC-SOURCE-ROW-SUPPLEMENT-721c1c5a692f2de3e004,P03-L3-POSTEXT-64-128-256-R1-1833e865bcb88ff8,2e5ebd6fc62f4c9ca3ed0102914f64142de9e1206be0b6e6b3e32cad90f1d742,IHARQ-P03-L3-OFFICIAL-STRETCH-C-EXECUTION-FREEZE-R1,P03S-POSTEXT-64-128-256-PRE14-EVIDENCE-HARDENING-R1_1-S12-EVIDENCE,False,GROUP-a5047fe1fc3b91da4c98,Lee2019_MI,SSL-CBRAMOD:CBraMod-HF-Braindecode-GovernedP02-R6Scale1e4:P02S-LLX-R1-A0-Lee2019_MI-SSL-CBRAMOD-128PC-MR00,P01-L1-LOW-CAL-OFFICIAL-R2:128_PER_CLASS,IHARQ-SPLITRECORD-20260806-e4e371d332c61e36,test,600,P03-OFFICIAL-METRICS-R1,P03-OFFICIAL-EQUAL-WIDTH-15-R1,P03-RELIABILITY-8b28f7f4750e752defd1,P03-RELIABILITY-RAW-953891f9cb20595dc677,GROUP-a5047fe1fc3b91da4c98:raw,GROUP-a5047fe1fc3b91da4c98:selected,P03-CalibrationRecord-e740bdfc43a228821117,0.6669321362505397,0.5040335702832955,-0.16289856596724417,1.0882424938713189,0.6971812337475415,-0.3910612601237774,0.27655898690244557,0.055904670497629205,-0.22065431640481636,"[""P03-ReliabilityAuditReport-859a82dbe9d18337a287"",""P03-CalibrationRecord-e740bdfc43a228821117"",""P03SelectionScoreRecord:P02-A0-Lee2019_MI-SSL-CBRAMOD-P01-L1-LOW-CAL-OFFICIAL-R2:128_PER_CLASS-MR00:calibration"",""P03SelectionScoreRecord:P02-A0-Lee2019_MI-SSL-CBRAMOD-P01-L1-LOW-CAL-OFFICIAL-R2:128_PER_CLASS-MR00:validation"",""P02-A0-Lee2019_MI-SSL-CBRAMOD-P01-L1-LOW-CAL-OFFICIAL-R2:128_PER_CLASS-MR00""]","[""18701762b22b4848caac3f269a77a39c5046ec2fb5a799a96395d7686589be0e"",""4944013c34c37866fbb4b97e7493f9599b1c43c1035234c5791ec25a9b1b6ab9"",""619684c4fac8644827267dabf80ec2513f931310fbe1afbc4609c5bdcc7618dd"",""41f99f0e707a7b3a0fb1bea0e5efbfaa85a93a93954d9a7282b14a879b5ea4fe"",""e6c95bf0b4466486cde1e78fe75ea1bb4961ad63ac4c307e2c4aa556b60a27c2"",""435fdc2fb81761055075cfe22a52f070e46a70119aebf01f0c07de7922314188"",""e2fa58e45e277335a9ee2524e386d92ade5625d2586866fef93a022bfa4298b5"",""93cc01614a25dca2db24f2a72fb867006bde4ab6dc17862489b0d2ea37493259"",""0e4d987bf078bb7a4753e2defe5c2acc94a6f96a69daaa845b7df80f0eb30aa2"",""c0ed756517f0ce4cc5e7e40521bb746d9167c8e6b2a4e0dd600097ac7dfada1b"",""e21a070c4420714b7813d77417234cc0120bb2cff026bd0b9f864f96ddbaa285"",""f52f96651769c88b31d7c1d33c919ae344bf5ad74982884585c4e5812b500194"",""fb0ea32eb869e9dfd233dd06fefd970801a78e9c76b4252ddaf8effbc6cbaf1c""]","[""P03-ReliabilityAuditReport-859a82dbe9d18337a287"",""P03-CalibrationRecord-e740bdfc43a228821117"",""GROUP-a5047fe1fc3b91da4c98"",""P03-SplitIntegrityReport-941955f8391267f78129"",""P03-CalibrationEligibilityTable-731e8ca835858aaf15b8"",""P03-CalibrationRecord-aac00f0c9f32868c0d5a"",""ModelRegistryRecord:6a0d3ddee0e7b8b3c09d037c"",""IHARQ-SPLITRECORD-20260806-e4e371d332c61e36""]"
CalibrationMetricSourceTable.v1,1.0.0,SOURCE_TABLE_PROFILE_NOT_REGISTERED_AS_RECORD_FAMILY,P03-PROD-022,P03-CAL-METRIC-SOURCE-TABLE-SUPPLEMENT-8518654a4afcfe1f1933,P03-CAL-METRIC-SOURCE-ROW-SUPPLEMENT-b638a86be3d6edb587a7,P03-L3-POSTEXT-64-128-256-R1-1833e865bcb88ff8,2e5ebd6fc62f4c9ca3ed0102914f64142de9e1206be0b6e6b3e32cad90f1d742,IHARQ-P03-L3-OFFICIAL-STRETCH-C-EXECUTION-FREEZE-R1,P03S-POSTEXT-64-128-256-PRE14-EVIDENCE-HARDENING-R1_1-S12-EVIDENCE,False,GROUP-2e6da13197fbc6b8ef61,Lee2019_MI,SSL-CBRAMOD:CBraMod-HF-Braindecode-GovernedP02-R6Scale1e4:P02S-LLX-R1-A0-Lee2019_MI-SSL-CBRAMOD-128PC-MR01,P01-L1-LOW-CAL-OFFICIAL-R2:128_PER_CLASS,IHARQ-SPLITRECORD-20260806-e4e371d332c61e36,test,600,P03-OFFICIAL-METRICS-R1,P03-OFFICIAL-EQUAL-WIDTH-15-R1,P03-RELIABILITY-80158f9b12ae314f6e7b,P03-RELIABILITY-RAW-08f578188873fcd61949,GROUP-2e6da13197fbc6b8ef61:raw,GROUP-2e6da13197fbc6b8ef61:selected,P03-CalibrationRecord-a47c51c54460662277e7,0.6463978319724955,0.5017279239478543,-0.1446699080246412,0.991772036232523,0.6948755549894765,-0.29689648124304646,0.25187601058690773,0.048777177987925746,-0.20309883259898198,"[""P03-ReliabilityAuditReport-a7a70c1076af3a437673"",""P03-CalibrationRecord-a47c51c54460662277e7"",""P03SelectionScoreRecord:P02-A0-Lee2019_MI-SSL-CBRAMOD-P01-L1-LOW-CAL-OFFICIAL-R2:128_PER_CLASS-MR01:calibration"",""P03SelectionScoreRecord:P02-A0-Lee2019_MI-SSL-CBRAMOD-P01-L1-LOW-CAL-OFFICIAL-R2:128_PER_CLASS-MR01:validation"",""P02-A0-Lee2019_MI-SSL-CBRAMOD-P01-L1-LOW-CAL-OFFICIAL-R2:128_PER_CLASS-MR01""]","[""48660cd4a8719e81e748ee7465af2693214cffd62a268aebc49b6068a2e0423f"",""af3fe6a4847e03167c1e01138fbcd89e768d01280d3580c719b18b454130e8ef"",""f966902405cee5c0574fb058de857f7d693b7db484a908a5f66220115baf8fa0"",""5864e81e8fff2fa5d368b99045b7e4a101a00621d5ad93475ac03b22cf568a87"",""908f7ecd62c280a2cf304507fe18487c9f8e5e6b86006e0817d603839fb91500"",""4e80dc41f518ea1f0795ed383aec6799b6cbaaeaf60e6dc3e9803dd553ea41fe"",""cb1cfc13284a211922c1321d1fbe5a0c7ab7efb60d85560ee42cb0af1764ad88"",""7779dda7af6eab9be4016047cb5382ffebcbbe98b664fa650dc8e93294e43728"",""0e4d987bf078bb7a4753e2defe5c2acc94a6f96a69daaa845b7df80f0eb30aa2"",""663a8f1d43998271e9445a114ea7fc1d02d7550c34927082bb3c6736336c7262"",""9493b5f5bb8f33ab277699207a7c1fbcd590b95fb8506e75d8a22b467ac2790f"",""000c297f253c493507d5855a94315ee17ea631a5e83c0d9c0b5e50f2ea50d404"",""fb0ea32eb869e9dfd233dd06fefd970801a78e9c76b4252ddaf8effbc6cbaf1c""]","[""P03-ReliabilityAuditReport-a7a70c1076af3a437673"",""P03-CalibrationRecord-a47c51c54460662277e7"",""GROUP-2e6da13197fbc6b8ef61"",""P03-SplitIntegrityReport-4270d7567c900930fe6f"",""P03-CalibrationEligibilityTable-3899284b336bd51116b7"",""P03-CalibrationRecord-66d07b886fbd145995ff"",""ModelRegistryRecord:6157a39644ac2d6e48f61df7"",""IHARQ-SPLITRECORD-20260806-e4e371d332c61e36""]"
CalibrationMetricSourceTable.v1,1.0.0,SOURCE_TABLE_PROFILE_NOT_REGISTERED_AS_RECORD_FAMILY,P03-PROD-022,P03-CAL-METRIC-SOURCE-TABLE-SUPPLEMENT-8518654a4afcfe1f1933,P03-CAL-METRIC-SOURCE-ROW-SUPPLEMENT-65162703ecec36216ad1,P03-L3-POSTEXT-64-128-256-R1-1833e865bcb88ff8,2e5ebd6fc62f4c9ca3ed0102914f64142de9e1206be0b6e6b3e32cad90f1d742,IHARQ-P03-L3-OFFICIAL-STRETCH-C-EXECUTION-FREEZE-R1,P03S-POSTEXT-64-128-256-PRE14-EVIDENCE-HARDENING-R1_1-S12-EVIDENCE,False,GROUP-40c9a343589af81bd82d,Lee2019_MI,SSL-CBRAMOD:CBraMod-HF-Braindecode-GovernedP02-R6Scale1e4:P02S-LLX-R1-A0-Lee2019_MI-SSL-CBRAMOD-128PC-MR02,P01-L1-LOW-CAL-OFFICIAL-R2:128_PER_CLASS,IHARQ-SPLITRECORD-20260806-e4e371d332c61e36,test,600,P03-OFFICIAL-METRICS-R1,P03-OFFICIAL-EQUAL-WIDTH-15-R1,P03-RELIABILITY-c1e8148b814da81e43c9,P03-RELIABILITY-RAW-d9d78845e01fbea6131e,GROUP-40c9a343589af81bd82d:raw,GROUP-40c9a343589af81bd82d:selected,P03-CalibrationRecord-455a25c7c30907c8af42,0.7203076983873142,0.49944882960598797,-0.22085886878132627,1.2233681689311755,0.6926013315920352,-0.5307668373391403,0.3077532018685998,0.010135293288537,-0.29761790858006276,"[""P03-ReliabilityAuditReport-c276f0e9afb905a6bb97"",""P03-CalibrationRecord-455a25c7c30907c8af42"",""P03SelectionScoreRecord:P02-A0-Lee2019_MI-SSL-CBRAMOD-P01-L1-LOW-CAL-OFFICIAL-R2:128_PER_CLASS-MR02:calibration"",""P03SelectionScoreRecord:P02-A0-Lee2019_MI-SSL-CBRAMOD-P01-L1-LOW-CAL-OFFICIAL-R2:128_PER_CLASS-MR02:validation"",""P02-A0-Lee2019_MI-SSL-CBRAMOD-P01-L1-LOW-CAL-OFFICIAL-R2:128_PER_CLASS-MR02""]","[""2aaddf7dc7adce77116bd16e6a530c515fbf82a2f1e263c1a97a8b3bacbff7f9"",""9d6f6c767ac085ef6be4ee2a7599fb6f41231e4120deb473fb1703813db1ce6d"",""c9ca22dd1548a946caed52ebd8a2941e399936fd052e84d9161b6b3105e51038"",""9c89b6da64a70f8bbc21c2b5eefef6207da941be7ebbd90fbe8ec99ff6290ed4"",""e9b9cc8c7961058661f6fdb31d191024747291626fc6e00b9f23f76f13ac9c8e"",""47f78f762ba7c8c7d482c3ad6eaed888cca6a7aa365b1de04f900ddb16921e8d"",""6b2b7840a1cc58c982c9419f005c497d5ac93c1123e497fb2b15d8fe59bbe1b3"",""cdcd9c361ed92129bb90113ab1297103fb3422fc760b2452f6243eb52d8bd290"",""0e4d987bf078bb7a4753e2defe5c2acc94a6f96a69daaa845b7df80f0eb30aa2"",""c99be2b58524e156e2b7f4c6958c7a99c5543ce71a5ef20a3a1e9ec0437cc1d9"",""b66550f3917509f978e84ca36bb4d280a6ba35f46b74609671f52a4c259fcdf9"",""984dc45c4c5e9a01d0c8a043a866057a22a93e93122838513660bd6ea5e6adde"",""fb0ea32eb869e9dfd233dd06fefd970801a78e9c76b4252ddaf8effbc6cbaf1c""]","[""P03-ReliabilityAuditReport-c276f0e9afb905a6bb97"",""P03-CalibrationRecord-455a25c7c30907c8af42"",""GROUP-40c9a343589af81bd82d"",""P03-SplitIntegrityReport-6e0e956b882b7404f9e3"",""P03-CalibrationEligibilityTable-14594df68e5141760d99"",""P03-CalibrationRecord-2689631455a9cbf1b699"",""ModelRegistryRecord:d475625ffbe495467bfafcfb"",""IHARQ-SPLITRECORD-20260806-e4e371d332c61e36""]"
CalibrationMetricSourceTable.v1,1.0.0,SOURCE_TABLE_PROFILE_NOT_REGISTERED_AS_RECORD_FAMILY,P03-PROD-022,P03-CAL-METRIC-SOURCE-TABLE-SUPPLEMENT-8518654a4afcfe1f1933,P03-CAL-METRIC-SOURCE-ROW-SUPPLEMENT-5253f56db1cc2e00c275,P03-L3-POSTEXT-64-128-256-R1-1833e865bcb88ff8,2e5ebd6fc62f4c9ca3ed0102914f64142de9e1206be0b6e6b3e32cad90f1d742,IHARQ-P03-L3-OFFICIAL-STRETCH-C-EXECUTION-FREEZE-R1,P03S-POSTEXT-64-128-256-PRE14-EVIDENCE-HARDENING-R1_1-S12-EVIDENCE,False,GROUP-ca44704e42b38b1c33d0,Lee2019_MI,SSL-CBRAMOD:CBraMod-HF-Braindecode-GovernedP02-R6Scale1e4:P02S-LLX-R1-A0-Lee2019_MI-SSL-CBRAMOD-128PC-MR03,P01-L1-LOW-CAL-OFFICIAL-R2:128_PER_CLASS,IHARQ-SPLITRECORD-20260806-e4e371d332c61e36,test,600,P03-OFFICIAL-METRICS-R1,P03-OFFICIAL-EQUAL-WIDTH-15-R1,P03-RELIABILITY-965ed46eb26f9fcc9d66,P03-RELIABILITY-RAW-af409aefb3f67b562ef0,GROUP-ca44704e42b38b1c33d0:raw,GROUP-ca44704e42b38b1c33d0:selected,P03-CalibrationRecord-bef32df946210567b6bf,0.706680532925796,0.4976505545920071,-0.20902997833378895,1.2555582859908971,0.6907610382431609,-0.5647972477477362,0.29704625899099374,0.0176107748500519,-0.2794354841409418,"[""P03-ReliabilityAuditReport-cd8143304038dbf31e1a"",""P03-CalibrationRecord-bef32df946210567b6bf"",""P03SelectionScoreRecord:P02-A0-Lee2019_MI-SSL-CBRAMOD-P01-L1-LOW-CAL-OFFICIAL-R2:128_PER_CLASS-MR03:calibration"",""P03SelectionScoreRecord:P02-A0-Lee2019_MI-SSL-CBRAMOD-P01-L1-LOW-CAL-OFFICIAL-R2:128_PER_CLASS-MR03:validation"",""P02-A0-Lee2019_MI-SSL-CBRAMOD-P01-L1-LOW-CAL-OFFICIAL-R2:128_PER_CLASS-MR03""]","[""b1dd1959e4c5b5deb55c22675ca3a4218ec751245ed7a103d167713473b82e80"",""951f19900dfbd8f28ffe0c7f3502987d43fa1e39cd620a67e40d0031691259a6"",""166f859d1c27cb2662f6e8e8c4007f7bb6f4f477a9ea478eaa2433644de82832"",""a12368a72089d5c3160bc345c38509d34721fff8cb0ec42bbbb00b30f4a3e9d9"",""e3d8936fc94f43aeebec7b512b0c43694c279a96376e001620b5bebe7e9f7281"",""061469da63ea17c690825a163a0a56d598465cebd91db6fd6b2e9493cbd55731"",""eeaa438b80ae3eda67203398f0ec3646ae54c99e49e9a968d8ec86874391e9ac"",""1e5e9798787c9481ef2bad42c7324cf709001b673952fb07b7b3eb9d9906c5d1"",""0e4d987bf078bb7a4753e2defe5c2acc94a6f96a69daaa845b7df80f0eb30aa2"",""35d515164c7828181ab1b82f9289f31cda431d035dea4c9b575d09e94dc56ad4"",""1d05b099ad8494779d49b540ce7b23e71e6dde17595b7cf26304ea432ef87e1e"",""9ed55fc4e94fde2f22591da88bde765c1d0c2ef5c9051cc63506840334424654"",""fb0ea32eb869e9dfd233dd06fefd970801a78e9c76b4252ddaf8effbc6cbaf1c""]","[""P03-ReliabilityAuditReport-cd8143304038dbf31e1a"",""P03-CalibrationRecord-bef32df946210567b6bf"",""GROUP-ca44704e42b38b1c33d0"",""P03-SplitIntegrityReport-283236e57182573d4c89"",""P03-CalibrationEligibilityTable-6e8b0fca03bd01909e90"",""P03-CalibrationRecord-a85eae51e87ddef46f5c"",""ModelRegistryRecord:94a36fe24d01acdca92e40d1"",""IHARQ-SPLITRECORD-20260806-e4e371d332c61e36""]"
CalibrationMetricSourceTable.v1,1.0.0,SOURCE_TABLE_PROFILE_NOT_REGISTERED_AS_RECORD_FAMILY,P03-PROD-022,P03-CAL-METRIC-SOURCE-TABLE-SUPPLEMENT-8518654a4afcfe1f1933,P03-CAL-METRIC-SOURCE-ROW-SUPPLEMENT-d71f47a2edce1a5bd2c4,P03-L3-POSTEXT-64-128-256-R1-1833e865bcb88ff8,2e5ebd6fc62f4c9ca3ed0102914f64142de9e1206be0b6e6b3e32cad90f1d742,IHARQ-P03-L3-OFFICIAL-STRETCH-C-EXECUTION-FREEZE-R1,P03S-POSTEXT-64-128-256-PRE14-EVIDENCE-HARDENING-R1_1-S12-EVIDENCE,False,GROUP-09dce5c846731e329464,Lee2019_MI,SSL-CBRAMOD:CBraMod-HF-Braindecode-GovernedP02-R6Scale1e4:P02S-LLX-R1-A0-Lee2019_MI-SSL-CBRAMOD-128PC-MR04,P01-L1-LOW-CAL-OFFICIAL-R2:128_PER_CLASS,IHARQ-SPLITRECORD-20260806-e4e371d332c61e36,test,600,P03-OFFICIAL-METRICS-R1,P03-OFFICIAL-EQUAL-WIDTH-15-R1,P03-RELIABILITY-7b68199563e214bea785,P03-RELIABILITY-RAW-777142e22c6aeb810bd2,GROUP-09dce5c846731e329464:raw,GROUP-09dce5c846731e329464:selected,P03-CalibrationRecord-9b73a46c74c1b384e4be,0.6715850900439435,0.4975168230637461,-0.1740682669801974,1.2623390324884862,0.6906517479286323,-0.571687284559854,0.2959841733358579,0.015065678597431041,-0.2809184947384269,"[""P03-ReliabilityAuditReport-df98e0a36ea4d68883f0"",""P03-CalibrationRecord-9b73a46c74c1b384e4be"",""P03SelectionScoreRecord:P02-A0-Lee2019_MI-SSL-CBRAMOD-P01-L1-LOW-CAL-OFFICIAL-R2:128_PER_CLASS-MR04:calibration"",""P03SelectionScoreRecord:P02-A0-Lee2019_MI-SSL-CBRAMOD-P01-L1-LOW-CAL-OFFICIAL-R2:128_PER_CLASS-MR04:validation"",""P02-A0-Lee2019_MI-SSL-CBRAMOD-P01-L1-LOW-CAL-OFFICIAL-R2:128_PER_CLASS-MR04""]","[""296493fb13334719658f82397ba488bbd32a0dbe0c0cbf8f86a1edc1ae340e43"",""6ca1574e84a53ad4b23dfe49e930e219b1ff1caf8bfe577281afd1ab48055fdb"",""85c96be0e5ade2c428977005b33e025617a363b8c8cd9e72a7464d2015d745a9"",""1abd3682a2d26b569ca290226d9ac6186fa837ddb838d08bf437493a0cb8d54e"",""e5c849eadddc203998fdb4ec1c73635ea44cfcd74192ab8c47f3d1bf50d0ec79"",""51b1930bb543ec1eab3c8fe572d4581757a82f66e9229c72eeedd27da081e84b"",""a1259e4f02fd829d99061e623cc28fbc2fadd03df78a7d458d55ec2f82847ad3"",""17edf537b747fb0f1ef6a7f3f0951c5a97bc3d046f5f0d7e754be8008158bb35"",""0e4d987bf078bb7a4753e2defe5c2acc94a6f96a69daaa845b7df80f0eb30aa2"",""98f585b3a8205f7b7af839a3c809b3b67bc6b95460782411c6a125c0053dda36"",""0019f63dc1e428fd9e2c07f57f69c14a6f6fc4e9cc3ef7da441f9bd1521bcc05"",""0641e3a488555d8613ba390bbfaa3e2399c02baf1aacef640947e81a8f9f86e7"",""fb0ea32eb869e9dfd233dd06fefd970801a78e9c76b4252ddaf8effbc6cbaf1c""]","[""P03-ReliabilityAuditReport-df98e0a36ea4d68883f0"",""P03-CalibrationRecord-9b73a46c74c1b384e4be"",""GROUP-09dce5c846731e329464"",""P03-SplitIntegrityReport-fd7644429808f28a0828"",""P03-CalibrationEligibilityTable-689959acbd3c7ebfbe4c"",""P03-CalibrationRecord-ba6f55be88ef2602c24f"",""ModelRegistryRecord:976358aec76b89ae0c2e87c4"",""IHARQ-SPLITRECORD-20260806-e4e371d332c61e36""]"
CalibrationMetricSourceTable.v1,1.0.0,SOURCE_TABLE_PROFILE_NOT_REGISTERED_AS_RECORD_FAMILY,P03-PROD-022,P03-CAL-METRIC-SOURCE-TABLE-SUPPLEMENT-8518654a4afcfe1f1933,P03-CAL-METRIC-SOURCE-ROW-SUPPLEMENT-d383b0aba606dcb25753,P03-L3-POSTEXT-64-128-256-R1-1833e865bcb88ff8,2e5ebd6fc62f4c9ca3ed0102914f64142de9e1206be0b6e6b3e32cad90f1d742,IHARQ-P03-L3-OFFICIAL-STRETCH-C-EXECUTION-FREEZE-R1,P03S-POSTEXT-64-128-256-PRE14-EVIDENCE-HARDENING-R1_1-S12-EVIDENCE,False,GROUP-5a305a0f58ded721d9a6,Lee2019_MI,SSL-CBRAMOD:CBraMod-HF-Braindecode-GovernedP02-R6Scale1e4:P02S-LLX-R1-A0-Lee2019_MI-SSL-CBRAMOD-256PC-MR00,P01-L1-LOW-CAL-OFFICIAL-R2:256_PER_CLASS,IHARQ-SPLITRECORD-20260806-e4e371d332c61e36,test,600,P03-OFFICIAL-METRICS-R1,P03-OFFICIAL-EQUAL-WIDTH-15-R1,P03-RELIABILITY-8d7486c02a66d63cc67f,P03-RELIABILITY-RAW-57313f8337d03fccddbc,GROUP-5a305a0f58ded721d9a6:raw,GROUP-5a305a0f58ded721d9a6:selected,P03-CalibrationRecord-6e3a33d8369bf9353c38,0.6450304656147322,0.49424365747381654,-0.15078680814091566,1.0434898872447003,0.687380494026748,-0.3561093932179523,0.25575439291575464,0.056250452333635716,-0.19950394058211893,"[""P03-ReliabilityAuditReport-2bcc35dc0330862ec829"",""P03-CalibrationRecord-6e3a33d8369bf9353c38"",""P03SelectionScoreRecord:P02-A0-Lee2019_MI-SSL-CBRAMOD-P01-L1-LOW-CAL-OFFICIAL-R2:256_PER_CLASS-MR00:calibration"",""P03SelectionScoreRecord:P02-A0-Lee2019_MI-SSL-CBRAMOD-P01-L1-LOW-CAL-OFFICIAL-R2:256_PER_CLASS-MR00:validation"",""P02-A0-Lee2019_MI-SSL-CBRAMOD-P01-L1-LOW-CAL-OFFICIAL-R2:256_PER_CLASS-MR00""]","[""ffd566bb889bedef0f793146cd673bdeb79b6cfe734d38064060404e5335eab2"",""9782cc7b8812354b1c86fec7e52bd5a47ec1b271211a837334febaee9d42f8c3"",""50bf7297329624011145d59eb19b607e304139c467b6bac189dcfba89d063e10"",""b686bbe8b84f795c9374f7335cb7c5dbab62db02de81933159dc859b488e54c3"",""f27580d761935d8afc3b8cfb53290ddf6b7df39e706894d5e96014df7b48da59"",""0bf7ba90d96f93395fabd906b3fa55bf48666f29aeb2dab16aa6eef0625114d8"",""4afe157e8fc1c951decb4b618aff24b42f7647c3c61c635e304a6be538c98ebf"",""8efb43878de3162d0889cb4f33e8b60318db3fac7baaf2193b449b33822f4402"",""0e4d987bf078bb7a4753e2defe5c2acc94a6f96a69daaa845b7df80f0eb30aa2"",""8924b142ca773ba05069e49ea0eb71fe2c84d4df5e900839ad9f5de8cb206594"",""64d3f800b15677cc14d40a82e6797f910d37d909acda11c6efae598d32a5d203"",""2781e9cdc95f4ad1a140f80a6f8c1dd4bd766c807a48cf1a39626cbea0c690f6"",""fb0ea32eb869e9dfd233dd06fefd970801a78e9c76b4252ddaf8effbc6cbaf1c""]","[""P03-ReliabilityAuditReport-2bcc35dc0330862ec829"",""P03-CalibrationRecord-6e3a33d8369bf9353c38"",""GROUP-5a305a0f58ded721d9a6"",""P03-SplitIntegrityReport-937b9bea01387689826a"",""P03-CalibrationEligibilityTable-285f70b897ec438c0549"",""P03-CalibrationRecord-25976bb7ead4fac81286"",""ModelRegistryRecord:c522457dc735c20cb586a325"",""IHARQ-SPLITRECORD-20260806-e4e371d332c61e36""]"
CalibrationMetricSourceTable.v1,1.0.0,SOURCE_TABLE_PROFILE_NOT_REGISTERED_AS_RECORD_FAMILY,P03-PROD-022,P03-CAL-METRIC-SOURCE-TABLE-SUPPLEMENT-8518654a4afcfe1f1933,P03-CAL-METRIC-SOURCE-ROW-SUPPLEMENT-5112c202e18ad7b298a1,P03-L3-POSTEXT-64-128-256-R1-1833e865bcb88ff8,2e5ebd6fc62f4c9ca3ed0102914f64142de9e1206be0b6e6b3e32cad90f1d742,IHARQ-P03-L3-OFFICIAL-STRETCH-C-EXECUTION-FREEZE-R1,P03S-POSTEXT-64-128-256-PRE14-EVIDENCE-HARDENING-R1_1-S12-EVIDENCE,False,GROUP-dc79d4db09144c64fb27,Lee2019_MI,SSL-CBRAMOD:CBraMod-HF-Braindecode-GovernedP02-R6Scale1e4:P02S-LLX-R1-A0-Lee2019_MI-SSL-CBRAMOD-256PC-MR01,P01-L1-LOW-CAL-OFFICIAL-R2:256_PER_CLASS,IHARQ-SPLITRECORD-20260806-e4e371d332c61e36,test,600,P03-OFFICIAL-METRICS-R1,P03-OFFICIAL-EQUAL-WIDTH-15-R1,P03-RELIABILITY-64c6a33b5d052b092ae7,P03-RELIABILITY-RAW-d46e814d843af4f75068,GROUP-dc79d4db09144c64fb27:raw,GROUP-dc79d4db09144c64fb27:selected,P03-CalibrationRecord-8e34cfb478e75951f820,0.6539215786408504,0.4987092782360076,-0.15521230040484285,1.0920001769824406,0.6918598187950674,-0.40014035818737315,0.265515647033165,0.0171299368641391,-0.2483857101690259,"[""P03-ReliabilityAuditReport-99170e573eebaadbb8ef"",""P03-CalibrationRecord-8e34cfb478e75951f820"",""P03SelectionScoreRecord:P02-A0-Lee2019_MI-SSL-CBRAMOD-P01-L1-LOW-CAL-OFFICIAL-R2:256_PER_CLASS-MR01:calibration"",""P03SelectionScoreRecord:P02-A0-Lee2019_MI-SSL-CBRAMOD-P01-L1-LOW-CAL-OFFICIAL-R2:256_PER_CLASS-MR01:validation"",""P02-A0-Lee2019_MI-SSL-CBRAMOD-P01-L1-LOW-CAL-OFFICIAL-R2:256_PER_CLASS-MR01""]","[""d9f498ff098e3ccc36242c27ade2dd76d3c14c49bbbe44ab1e28404d783e81f6"",""57efc1bf4d04556c04c631d510188f13ca113af7def9b8f7ea88dda69215f1fd"",""1f03dba34d0e00f39b99e618c5c12bfe04023f4fae5282614357c9f10e820082"",""802b1ae5ad04b162891c3df49ec0029276a32b83cbf2574406335567a18cf149"",""c21981457a5befd9bd60ce06c77fd4271361939443f96b8d0db757c27d51abe9"",""0b62cf7b73a2d818927bacd13a8044aa097af30c1350e73cd4b49d707a7c30ee"",""8c158b8dfbc6479d03ca332c3d873cf11855c81eda4f9e518798df4be604ae67"",""1c78f1d9663768e9c7b93ec726dee94493cbc56edb7def00e926fe04f318f71d"",""0e4d987bf078bb7a4753e2defe5c2acc94a6f96a69daaa845b7df80f0eb30aa2"",""4b6bc765416ddba5c14f2d711d2fdc15b93ca4f69e2ba817ee72038a224d06bc"",""c5620d99cdb982df716414027f7a3b900753bb955033cef9b562766c75ddf8a1"",""698511079f9ff4f9249689cac5b2f2e9e053c7f04d445fc264756de98041d056"",""fb0ea32eb869e9dfd233dd06fefd970801a78e9c76b4252ddaf8effbc6cbaf1c""]","[""P03-ReliabilityAuditReport-99170e573eebaadbb8ef"",""P03-CalibrationRecord-8e34cfb478e75951f820"",""GROUP-dc79d4db09144c64fb27"",""P03-SplitIntegrityReport-fef52f5abb4c0b7a4e9e"",""P03-CalibrationEligibilityTable-7086ed7311e3760d08c7"",""P03-CalibrationRecord-489e8ff3b6085e7f6567"",""ModelRegistryRecord:06c2a0190de541aef3a4ff89"",""IHARQ-SPLITRECORD-20260806-e4e371d332c61e36""]"
CalibrationMetricSourceTable.v1,1.0.0,SOURCE_TABLE_PROFILE_NOT_REGISTERED_AS_RECORD_FAMILY,P03-PROD-022,P03-CAL-METRIC-SOURCE-TABLE-SUPPLEMENT-8518654a4afcfe1f1933,P03-CAL-METRIC-SOURCE-ROW-SUPPLEMENT-8b46ad86896a86508a49,P03-L3-POSTEXT-64-128-256-R1-1833e865bcb88ff8,2e5ebd6fc62f4c9ca3ed0102914f64142de9e1206be0b6e6b3e32cad90f1d742,IHARQ-P03-L3-OFFICIAL-STRETCH-C-EXECUTION-FREEZE-R1,P03S-POSTEXT-64-128-256-PRE14-EVIDENCE-HARDENING-R1_1-S12-EVIDENCE,False,GROUP-7d4409cb36a2e9479a14,Lee2019_MI,SSL-CBRAMOD:CBraMod-HF-Braindecode-GovernedP02-R6Scale1e4:P02S-LLX-R1-A0-Lee2019_MI-SSL-CBRAMOD-256PC-MR02,P01-L1-LOW-CAL-OFFICIAL-R2:256_PER_CLASS,IHARQ-SPLITRECORD-20260806-e4e371d332c61e36,test,600,P03-OFFICIAL-METRICS-R1,P03-OFFICIAL-EQUAL-WIDTH-15-R1,P03-RELIABILITY-6a34f43e96677c531feb,P03-RELIABILITY-RAW-438ef862f3a45b2ff93f,GROUP-7d4409cb36a2e9479a14:raw,GROUP-7d4409cb36a2e9479a14:selected,P03-CalibrationRecord-d41820704083dd36f06e,0.6208881779361339,0.4977084498370548,-0.12317972809907912,0.9522349853379698,0.6908550148166461,-0.26137997052132367,0.23102855473078449,0.06511784859662872,-0.16591070613415576,"[""P03-ReliabilityAuditReport-7459a0abbe6133cb8599"",""P03-CalibrationRecord-d41820704083dd36f06e"",""P03SelectionScoreRecord:P02-A0-Lee2019_MI-SSL-CBRAMOD-P01-L1-LOW-CAL-OFFICIAL-R2:256_PER_CLASS-MR02:calibration"",""P03SelectionScoreRecord:P02-A0-Lee2019_MI-SSL-CBRAMOD-P01-L1-LOW-CAL-OFFICIAL-R2:256_PER_CLASS-MR02:validation"",""P02-A0-Lee2019_MI-SSL-CBRAMOD-P01-L1-LOW-CAL-OFFICIAL-R2:256_PER_CLASS-MR02""]","[""07b087ec180c674dc293996500e2bb279174eedd5b438b875530c0637c9c4d96"",""61e939c38181b2c5bd51ea51982870442e0944b1d3046f0893f680dccba7520a"",""adc4c9d724ed8683e9a469a166e203b363fd786307b75dbb7804993869edff2a"",""938076379d3ec189d87e2a4fc04acb7872a2e70141fc1bf02a06896a4a517f92"",""04b0bfb4aa3e1958ac6d85637fe26278627de8c66f7d57341ce09c5c6e68a979"",""969839e654e6d6468ee4d0206806754a8a1c9ab86fd41464ca729a5a2f272e0a"",""d689f0e1b7e09103d033fb31ea568bc3f0cf379003ee9e1de611c745dbf345bb"",""9f0e65de9f80f5ba84a2016f0ad5dd4b44a75663a4a9cb3d93308cb4c6900d9d"",""0e4d987bf078bb7a4753e2defe5c2acc94a6f96a69daaa845b7df80f0eb30aa2"",""3dbe660dda3bd04023ef21a7de1b13ab9e9171cf602111f68b6d9c040422e876"",""daffe8a523ad13c709e40bd083ce5f9549eaab9036efa53fa48ac019a990acc6"",""a1335247a862c0c2245b51e9d13c8784bc3cecfc78ff21717bf0eecd22ce307c"",""fb0ea32eb869e9dfd233dd06fefd970801a78e9c76b4252ddaf8effbc6cbaf1c""]","[""P03-ReliabilityAuditReport-7459a0abbe6133cb8599"",""P03-CalibrationRecord-d41820704083dd36f06e"",""GROUP-7d4409cb36a2e9479a14"",""P03-SplitIntegrityReport-78e664c487eb89fd8e2f"",""P03-CalibrationEligibilityTable-26584a8122c2a5a261a0"",""P03-CalibrationRecord-7db6ca472dda7d01191f"",""ModelRegistryRecord:570e292890d19e9cbd455e65"",""IHARQ-SPLITRECORD-20260806-e4e371d332c61e36""]"
CalibrationMetricSourceTable.v1,1.0.0,SOURCE_TABLE_PROFILE_NOT_REGISTERED_AS_RECORD_FAMILY,P03-PROD-022,P03-CAL-METRIC-SOURCE-TABLE-SUPPLEMENT-8518654a4afcfe1f1933,P03-CAL-METRIC-SOURCE-ROW-SUPPLEMENT-564838d026f1dfae323e,P03-L3-POSTEXT-64-128-256-R1-1833e865bcb88ff8,2e5ebd6fc62f4c9ca3ed0102914f64142de9e1206be0b6e6b3e32cad90f1d742,IHARQ-P03-L3-OFFICIAL-STRETCH-C-EXECUTION-FREEZE-R1,P03S-POSTEXT-64-128-256-PRE14-EVIDENCE-HARDENING-R1_1-S12-EVIDENCE,False,GROUP-f087bfca8014588dcc79,Lee2019_MI,SSL-CBRAMOD:CBraMod-HF-Braindecode-GovernedP02-R6Scale1e4:P02S-LLX-R1-A0-Lee2019_MI-SSL-CBRAMOD-256PC-MR03,P01-L1-LOW-CAL-OFFICIAL-R2:256_PER_CLASS,IHARQ-SPLITRECORD-20260806-e4e371d332c61e36,test,600,P03-OFFICIAL-METRICS-R1,P03-OFFICIAL-EQUAL-WIDTH-15-R1,P03-RELIABILITY-c5ed1872cc54c0c10543,P03-RELIABILITY-RAW-c8927c6d878b9401465f,GROUP-f087bfca8014588dcc79:raw,GROUP-f087bfca8014588dcc79:selected,P03-CalibrationRecord-a4d0d86b1ca966494d40,0.6918214923243412,0.49675159009723796,-0.19506990222710324,1.2558585799030018,0.689896676615057,-0.5659619032879447,0.2948321957143634,0.04547967622014414,-0.24935251949421927,"[""P03-ReliabilityAuditReport-d5cbd5fa495874e2da4d"",""P03-CalibrationRecord-a4d0d86b1ca966494d40"",""P03SelectionScoreRecord:P02-A0-Lee2019_MI-SSL-CBRAMOD-P01-L1-LOW-CAL-OFFICIAL-R2:256_PER_CLASS-MR03:calibration"",""P03SelectionScoreRecord:P02-A0-Lee2019_MI-SSL-CBRAMOD-P01-L1-LOW-CAL-OFFICIAL-R2:256_PER_CLASS-MR03:validation"",""P02-A0-Lee2019_MI-SSL-CBRAMOD-P01-L1-LOW-CAL-OFFICIAL-R2:256_PER_CLASS-MR03""]","[""a2bb79da6d7aec133a63046218061bcf6464fb79647a9d22606c50a5d7ba96e5"",""c87e77d7e13f842e46be12e48391675c343c604bb2066f2e97c42a2470f2412f"",""1b1635e8441e23530a3456d435a2ff5fda73fb76c8c0433bf156cb4eefa92fbc"",""384b71e7e70280de85e4e0570369172b1d4c9e164edf72ff0e62c3e96a1d7c5c"",""cdb8854a6657348d6e4e3b85abf22a20359e3aa373eafa6b3999b57f3f85879b"",""7ea4ad178c25faee13f99e9dc7368145f2aca8fc4047113cf5579ad76cd514fb"",""982c298d247132f433434c63da697553c10c7068923d9bfb91013debd96709c2"",""b141bbee1bed78957e23d50791ad482a6913991fd4583aec149e8b77943a45b7"",""0e4d987bf078bb7a4753e2defe5c2acc94a6f96a69daaa845b7df80f0eb30aa2"",""605c6272d43a31fb2e6aa98a93726e5a378468aa1ac3f2176185461f8b4d8608"",""a144d30f2b83f48d9d20b94436fa24c63dc0593809a53f50695ca514d0143a93"",""303745dba9053917f758225423e3f32f38fd1737246ea58f1812e630af07bdb2"",""fb0ea32eb869e9dfd233dd06fefd970801a78e9c76b4252ddaf8effbc6cbaf1c""]","[""P03-ReliabilityAuditReport-d5cbd5fa495874e2da4d"",""P03-CalibrationRecord-a4d0d86b1ca966494d40"",""GROUP-f087bfca8014588dcc79"",""P03-SplitIntegrityReport-b7a7ac038445b0879da0"",""P03-CalibrationEligibilityTable-120c227b69f8ee1cbb9f"",""P03-CalibrationRecord-5ebc4d16ddd70a8bf328"",""ModelRegistryRecord:eec84d9e1b1a829ae42dc7d0"",""IHARQ-SPLITRECORD-20260806-e4e371d332c61e36""]"
CalibrationMetricSourceTable.v1,1.0.0,SOURCE_TABLE_PROFILE_NOT_REGISTERED_AS_RECORD_FAMILY,P03-PROD-022,P03-CAL-METRIC-SOURCE-TABLE-SUPPLEMENT-8518654a4afcfe1f1933,P03-CAL-METRIC-SOURCE-ROW-SUPPLEMENT-cc419af7ce64d5714724,P03-L3-POSTEXT-64-128-256-R1-1833e865bcb88ff8,2e5ebd6fc62f4c9ca3ed0102914f64142de9e1206be0b6e6b3e32cad90f1d742,IHARQ-P03-L3-OFFICIAL-STRETCH-C-EXECUTION-FREEZE-R1,P03S-POSTEXT-64-128-256-PRE14-EVIDENCE-HARDENING-R1_1-S12-EVIDENCE,False,GROUP-9e326b84980e7ec83bce,Lee2019_MI,SSL-CBRAMOD:CBraMod-HF-Braindecode-GovernedP02-R6Scale1e4:P02S-LLX-R1-A0-Lee2019_MI-SSL-CBRAMOD-256PC-MR04,P01-L1-LOW-CAL-OFFICIAL-R2:256_PER_CLASS,IHARQ-SPLITRECORD-20260806-e4e371d332c61e36,test,600,P03-OFFICIAL-METRICS-R1,P03-OFFICIAL-EQUAL-WIDTH-15-R1,P03-RELIABILITY-03935e24b600df0486f4,P03-RELIABILITY-RAW-dfeee602430e737aa952,GROUP-9e326b84980e7ec83bce:raw,GROUP-9e326b84980e7ec83bce:selected,P03-CalibrationRecord-2855ce61ee334b6591cf,0.6372373596943857,0.4943033548305154,-0.14293400486387026,1.0672584606107856,0.687442231066972,-0.37981622954381355,0.2587435918935345,0.0444075856094833,-0.21433600628405122,"[""P03-ReliabilityAuditReport-07731a7b83e31a4fac2a"",""P03-CalibrationRecord-2855ce61ee334b6591cf"",""P03SelectionScoreRecord:P02-A0-Lee2019_MI-SSL-CBRAMOD-P01-L1-LOW-CAL-OFFICIAL-R2:256_PER_CLASS-MR04:calibration"",""P03SelectionScoreRecord:P02-A0-Lee2019_MI-SSL-CBRAMOD-P01-L1-LOW-CAL-OFFICIAL-R2:256_PER_CLASS-MR04:validation"",""P02-A0-Lee2019_MI-SSL-CBRAMOD-P01-L1-LOW-CAL-OFFICIAL-R2:256_PER_CLASS-MR04""]","[""329a53abd762e32e8f0f315239e5d8e86796fed4dc0a774bc52da7771b1ad2a8"",""433a660cd187e692c843076394696620ec7279a96e67f634e24d4b5ed0bd8cbd"",""b7dd5c011c61e23ae337eda2968f4e273c72ad423518314ad9109396e07100b0"",""5e2a0cdfbe1b43fc955c99c70fd3a6f4a996b3eee84d4e9f87b52c63515337cb"",""b969d7ac637f43c41b2162e698b7003362caa2281a8f24cdc75641a5a45fd778"",""f9edec9ec2713c9d1c05977483eefecfed0f33629c7818c5cb42d7ec5e08a046"",""cffc65aae3bb131940e07d1f41776bf2be9c5fc55bfc7197fd6f97572396c35d"",""5efa7c03a6ebbbddab2a3a5c6ed656c31ca501932b662ebc8ea20a9f01207f91"",""0e4d987bf078bb7a4753e2defe5c2acc94a6f96a69daaa845b7df80f0eb30aa2"",""4aae888cf1472ac7b28f9ec1cdf11049b5f7ecab344dd2411610efad18ecf7d0"",""3f57e982e28a44c11422af4ee55b188a5f502a0d19565a34e718ca3ccc07d3e1"",""f0b4392ae0303345cedf170e37a8ce7dc9db74258a32e29ec0a75af67523c572"",""fb0ea32eb869e9dfd233dd06fefd970801a78e9c76b4252ddaf8effbc6cbaf1c""]","[""P03-ReliabilityAuditReport-07731a7b83e31a4fac2a"",""P03-CalibrationRecord-2855ce61ee334b6591cf"",""GROUP-9e326b84980e7ec83bce"",""P03-SplitIntegrityReport-74d81a473d78f0d93942"",""P03-CalibrationEligibilityTable-36b68f36ec43f5bcd295"",""P03-CalibrationRecord-a0d2814dc190f632925b"",""ModelRegistryRecord:9b23536a67797a13cd8caf74"",""IHARQ-SPLITRECORD-20260806-e4e371d332c61e36""]"
CalibrationMetricSourceTable.v1,1.0.0,SOURCE_TABLE_PROFILE_NOT_REGISTERED_AS_RECORD_FAMILY,P03-PROD-022,P03-CAL-METRIC-SOURCE-TABLE-SUPPLEMENT-8518654a4afcfe1f1933,P03-CAL-METRIC-SOURCE-ROW-SUPPLEMENT-7f23eae609741bfd5b61,P03-L3-POSTEXT-64-128-256-R1-1833e865bcb88ff8,2e5ebd6fc62f4c9ca3ed0102914f64142de9e1206be0b6e6b3e32cad90f1d742,IHARQ-P03-L3-OFFICIAL-STRETCH-C-EXECUTION-FREEZE-R1,P03S-POSTEXT-64-128-256-PRE14-EVIDENCE-HARDENING-R1_1-S12-EVIDENCE,False,GROUP-598b012617ed6495c8db,Lee2019_MI,SSL-CBRAMOD:CBraMod-HF-Braindecode-GovernedP02-R6Scale1e4:P02S-LLX-R1-A0-Lee2019_MI-SSL-CBRAMOD-64PC-MR00,P01-L1-LOW-CAL-OFFICIAL-R2:64_PER_CLASS,IHARQ-SPLITRECORD-20260806-e4e371d332c61e36,test,600,P03-OFFICIAL-METRICS-R1,P03-OFFICIAL-EQUAL-WIDTH-15-R1,P03-RELIABILITY-e06fb9e7841a4ddcab00,P03-RELIABILITY-RAW-40629a95220cae20e37f,GROUP-598b012617ed6495c8db:raw,GROUP-598b012617ed6495c8db:selected,P03-CalibrationRecord-4c5bad0d66998a23e09f,0.804895818203393,0.5000092370775417,-0.3048865811258512,1.5222699720051818,0.6931563660632102,-0.8291136059419716,0.37643791031373275,0.0162039240515634,-0.36023398626216935,"[""P03-ReliabilityAuditReport-8a7836821aaffb057967"",""P03-CalibrationRecord-4c5bad0d66998a23e09f"",""P03SelectionScoreRecord:P02-A0-Lee2019_MI-SSL-CBRAMOD-P01-L1-LOW-CAL-OFFICIAL-R2:64_PER_CLASS-MR00:calibration"",""P03SelectionScoreRecord:P02-A0-Lee2019_MI-SSL-CBRAMOD-P01-L1-LOW-CAL-OFFICIAL-R2:64_PER_CLASS-MR00:validation"",""P02-A0-Lee2019_MI-SSL-CBRAMOD-P01-L1-LOW-CAL-OFFICIAL-R2:64_PER_CLASS-MR00""]","[""42922c5cefac9e81f5d471a71039c48535cfd033c45d64b9def5ce150a0cf482"",""a9030acebcd30c4a0b1ee3b24a1f2efa9f0e81f628924ec0837cdeffae0cdcbc"",""9c6ab92cd0e782a731f81d474fbdd632008aa02b418576e7e62f633be0be0cc1"",""cfe08b9cc0958e462d0b9f13f4368ea9b1aecb295d273129fd10aa3227297cf3"",""1031431787b302dbe9907d5906981f4c9dc936a3d40b4fcbabc7b05c1ef00874"",""81bb5c3cc7d0dd6ecc2e9da38fcd96ba2b71ddb1398593ca5a27b5b97e005b7c"",""51b72e139f7cff97eb953ef4d6111b09c17c25bbdb88aac91cc68d233c509678"",""835cb0f3abe7f5486aec3e663c6c2d656bfdc2e3b38829b843dbb0663736b1c7"",""0e4d987bf078bb7a4753e2defe5c2acc94a6f96a69daaa845b7df80f0eb30aa2"",""298dc31f6d9428c40d52bcca9bcc404439fd860125133ded7d7a7f0119f85626"",""531d6050a6c76f9cbd8c1b3a44221a712faeb0b085652596319aac465de28efc"",""3259953c028060e818fbf54bb9d46b91876d8560b31970138c7e363db2b1321c"",""fb0ea32eb869e9dfd233dd06fefd970801a78e9c76b4252ddaf8effbc6cbaf1c""]","[""P03-ReliabilityAuditReport-8a7836821aaffb057967"",""P03-CalibrationRecord-4c5bad0d66998a23e09f"",""GROUP-598b012617ed6495c8db"",""P03-SplitIntegrityReport-98596aaf226862166d3d"",""P03-CalibrationEligibilityTable-41fa8ef8601fd65e08c6"",""P03-CalibrationRecord-16fd1cb0dd3a2a88093a"",""ModelRegistryRecord:09156297c88b4413c0868a27"",""IHARQ-SPLITRECORD-20260806-e4e371d332c61e36""]"
CalibrationMetricSourceTable.v1,1.0.0,SOURCE_TABLE_PROFILE_NOT_REGISTERED_AS_RECORD_FAMILY,P03-PROD-022,P03-CAL-METRIC-SOURCE-TABLE-SUPPLEMENT-8518654a4afcfe1f1933,P03-CAL-METRIC-SOURCE-ROW-SUPPLEMENT-8a0b72fa4687275d582d,P03-L3-POSTEXT-64-128-256-R1-1833e865bcb88ff8,2e5ebd6fc62f4c9ca3ed0102914f64142de9e1206be0b6e6b3e32cad90f1d742,IHARQ-P03-L3-OFFICIAL-STRETCH-C-EXECUTION-FREEZE-R1,P03S-POSTEXT-64-128-256-PRE14-EVIDENCE-HARDENING-R1_1-S12-EVIDENCE,False,GROUP-afc780a52c3bc0aa3548,Lee2019_MI,SSL-CBRAMOD:CBraMod-HF-Braindecode-GovernedP02-R6Scale1e4:P02S-LLX-R1-A0-Lee2019_MI-SSL-CBRAMOD-64PC-MR01,P01-L1-LOW-CAL-OFFICIAL-R2:64_PER_CLASS,IHARQ-SPLITRECORD-20260806-e4e371d332c61e36,test,600,P03-OFFICIAL-METRICS-R1,P03-OFFICIAL-EQUAL-WIDTH-15-R1,P03-RELIABILITY-3d36703f0ecfac4beae2,P03-RELIABILITY-RAW-29db9267003ac1a8bbb6,GROUP-afc780a52c3bc0aa3548:raw,GROUP-afc780a52c3bc0aa3548:selected,P03-CalibrationRecord-c8cfa62785b464e27a02,0.7564610518788778,0.5009553313180787,-0.2555057205607991,1.2532049619747991,0.6941032949443273,-0.5591016670304718,0.3255405652547684,0.04912182910322774,-0.27641873615154067,"[""P03-ReliabilityAuditReport-e97c0904f1b9a1495640"",""P03-CalibrationRecord-c8cfa62785b464e27a02"",""P03SelectionScoreRecord:P02-A0-Lee2019_MI-SSL-CBRAMOD-P01-L1-LOW-CAL-OFFICIAL-R2:64_PER_CLASS-MR01:calibration"",""P03SelectionScoreRecord:P02-A0-Lee2019_MI-SSL-CBRAMOD-P01-L1-LOW-CAL-OFFICIAL-R2:64_PER_CLASS-MR01:validation"",""P02-A0-Lee2019_MI-SSL-CBRAMOD-P01-L1-LOW-CAL-OFFICIAL-R2:64_PER_CLASS-MR01""]","[""0eeedf33a353c1a7a26e7bce57d21e3563951f73bde838d51298381f0fd5cfa5"",""3e589adc5c74b41011a39dab6145308e34a5db2b6c094f208c67ef3619a1e863"",""43a6570d482787708f8ed31cb8a71df6d57877040bf4b5bf21164c5bb208ee1b"",""1a203fefe9affccc6bfff1fac1af813f0903869d4ab400158159744fe98dea03"",""bbde26a1e8924d741c79924fc3a952fb50cd34d7eb9aba5a27e4eec75a9c9e95"",""2862c0186b33e47cb6853dd39ecaac1904379e97cb178a7f1ee029e3a075a821"",""5c97473b7177d211d3e39ae82498408a48e4dbb0a0c76ccbf548b3db1cf529b3"",""bdc434773db0faec08ba6a317785b43d7744adef6a75d40adcde333604bf6401"",""0e4d987bf078bb7a4753e2defe5c2acc94a6f96a69daaa845b7df80f0eb30aa2"",""108e88ed0b8aeb9e630f62559f009ce77e709f63fbb4f7c6f80aa837a896b32a"",""3b928357d42331e3cad71a524793f9d3118cef1a4a19a6b9860ac84af08c4f66"",""c51a25689b9b82eb8c5d8b2a72b83fb6b7b1ecd91471031605ce23ff578ea26b"",""fb0ea32eb869e9dfd233dd06fefd970801a78e9c76b4252ddaf8effbc6cbaf1c""]","[""P03-ReliabilityAuditReport-e97c0904f1b9a1495640"",""P03-CalibrationRecord-c8cfa62785b464e27a02"",""GROUP-afc780a52c3bc0aa3548"",""P03-SplitIntegrityReport-4adf0c44999e07937d71"",""P03-CalibrationEligibilityTable-e2b430ceaa25ccb461e7"",""P03-CalibrationRecord-5831d21c4fc43846b3fb"",""ModelRegistryRecord:889c53c8512fdec9a6c72c50"",""IHARQ-SPLITRECORD-20260806-e4e371d332c61e36""]"
CalibrationMetricSourceTable.v1,1.0.0,SOURCE_TABLE_PROFILE_NOT_REGISTERED_AS_RECORD_FAMILY,P03-PROD-022,P03-CAL-METRIC-SOURCE-TABLE-SUPPLEMENT-8518654a4afcfe1f1933,P03-CAL-METRIC-SOURCE-ROW-SUPPLEMENT-81b4223285a28bc44aca,P03-L3-POSTEXT-64-128-256-R1-1833e865bcb88ff8,2e5ebd6fc62f4c9ca3ed0102914f64142de9e1206be0b6e6b3e32cad90f1d742,IHARQ-P03-L3-OFFICIAL-STRETCH-C-EXECUTION-FREEZE-R1,P03S-POSTEXT-64-128-256-PRE14-EVIDENCE-HARDENING-R1_1-S12-EVIDENCE,False,GROUP-54772f5427979655db00,Lee2019_MI,SSL-CBRAMOD:CBraMod-HF-Braindecode-GovernedP02-R6Scale1e4:P02S-LLX-R1-A0-Lee2019_MI-SSL-CBRAMOD-64PC-MR02,P01-L1-LOW-CAL-OFFICIAL-R2:64_PER_CLASS,IHARQ-SPLITRECORD-20260806-e4e371d332c61e36,test,600,P03-OFFICIAL-METRICS-R1,P03-OFFICIAL-EQUAL-WIDTH-15-R1,P03-RELIABILITY-a16f34f944f38a9968d0,P03-RELIABILITY-RAW-9b03e943484f76b158a1,GROUP-54772f5427979655db00:raw,GROUP-54772f5427979655db00:selected,P03-CalibrationRecord-04b69d74fd17c316f879,0.793764826796544,0.5007125689347873,-0.2930522578617567,1.4573488507091668,0.6938607253461166,-0.7634881253630501,0.3544503894881945,0.02824108841840569,-0.32620930106978885,"[""P03-ReliabilityAuditReport-41615ac7e34c55ffc7db"",""P03-CalibrationRecord-04b69d74fd17c316f879"",""P03SelectionScoreRecord:P02-A0-Lee2019_MI-SSL-CBRAMOD-P01-L1-LOW-CAL-OFFICIAL-R2:64_PER_CLASS-MR02:calibration"",""P03SelectionScoreRecord:P02-A0-Lee2019_MI-SSL-CBRAMOD-P01-L1-LOW-CAL-OFFICIAL-R2:64_PER_CLASS-MR02:validation"",""P02-A0-Lee2019_MI-SSL-CBRAMOD-P01-L1-LOW-CAL-OFFICIAL-R2:64_PER_CLASS-MR02""]","[""59140ef2fb8f56b70b58460736d443b5b8943da6981ec1dc33c9e2892869ff64"",""ee46038f9c293fbb86242e15d40137111ed8a5f6800952859e72e4c3bafa465b"",""0a4b3b967fcf4c027dc5c49d7eb09e0be083aa5da334b72746395248a49fb92f"",""8eb00f90aac693962999f078f340a87065ee7c9f8f8f8c74b925bb7fce47681b"",""b9cd293ff2cca3bbd7dd64d83b9f9aa0d9eab3049f33c89f2e11802297a7bbf0"",""3c83073769307e00ed0b32e5c3bd13440aefbbc1df480beff7c9d9218404c0cb"",""6b551a3e2fbbfb4a0fdc9d5959d86c1eadda66f18011a29b5ec07afb4bc64534"",""ba12193473bfcb79a5887ddc38c272fee6e2b93f15d1745f0f2bb8af9646405d"",""0e4d987bf078bb7a4753e2defe5c2acc94a6f96a69daaa845b7df80f0eb30aa2"",""79f686b0c45d3445663e46d3815e25908fb69a28cbd950756569c1d96e430d00"",""5886fa21b804584a9bb02d9176c0c3e90a8b0c3a6c1685e25db9d587f8b228aa"",""0274d3cbe06f140648859e87998a98cee60c21dae54fb5f442629f112a184bd9"",""fb0ea32eb869e9dfd233dd06fefd970801a78e9c76b4252ddaf8effbc6cbaf1c""]","[""P03-ReliabilityAuditReport-41615ac7e34c55ffc7db"",""P03-CalibrationRecord-04b69d74fd17c316f879"",""GROUP-54772f5427979655db00"",""P03-SplitIntegrityReport-ca9abdabc619b09d7c93"",""P03-CalibrationEligibilityTable-1421e6a6035ec4ee5c94"",""P03-CalibrationRecord-d424d78e20ff3820fc6a"",""ModelRegistryRecord:fb80f9fa339f560b587c0d5c"",""IHARQ-SPLITRECORD-20260806-e4e371d332c61e36""]"
CalibrationMetricSourceTable.v1,1.0.0,SOURCE_TABLE_PROFILE_NOT_REGISTERED_AS_RECORD_FAMILY,P03-PROD-022,P03-CAL-METRIC-SOURCE-TABLE-SUPPLEMENT-8518654a4afcfe1f1933,P03-CAL-METRIC-SOURCE-ROW-SUPPLEMENT-5199a2eb193beee946ed,P03-L3-POSTEXT-64-128-256-R1-1833e865bcb88ff8,2e5ebd6fc62f4c9ca3ed0102914f64142de9e1206be0b6e6b3e32cad90f1d742,IHARQ-P03-L3-OFFICIAL-STRETCH-C-EXECUTION-FREEZE-R1,P03S-POSTEXT-64-128-256-PRE14-EVIDENCE-HARDENING-R1_1-S12-EVIDENCE,False,GROUP-65ee7a825425e07476d0,Lee2019_MI,SSL-CBRAMOD:CBraMod-HF-Braindecode-GovernedP02-R6Scale1e4:P02S-LLX-R1-A0-Lee2019_MI-SSL-CBRAMOD-64PC-MR03,P01-L1-LOW-CAL-OFFICIAL-R2:64_PER_CLASS,IHARQ-SPLITRECORD-20260806-e4e371d332c61e36,test,600,P03-OFFICIAL-METRICS-R1,P03-OFFICIAL-EQUAL-WIDTH-15-R1,P03-RELIABILITY-f89cb9ada79dd46d2339,P03-RELIABILITY-RAW-9082340bc63249811f2d,GROUP-65ee7a825425e07476d0:raw,GROUP-65ee7a825425e07476d0:selected,P03-CalibrationRecord-29928b9ce9bc3382a362,0.7935642113688023,0.500184861966965,-0.2933793494018373,1.4345890880418883,0.6933314704937148,-0.7412576175481735,0.36065147259570574,0.008993238945136522,-0.3516582336505692,"[""P03-ReliabilityAuditReport-91bc3d5f51796251b40e"",""P03-CalibrationRecord-29928b9ce9bc3382a362"",""P03SelectionScoreRecord:P02-A0-Lee2019_MI-SSL-CBRAMOD-P01-L1-LOW-CAL-OFFICIAL-R2:64_PER_CLASS-MR03:calibration"",""P03SelectionScoreRecord:P02-A0-Lee2019_MI-SSL-CBRAMOD-P01-L1-LOW-CAL-OFFICIAL-R2:64_PER_CLASS-MR03:validation"",""P02-A0-Lee2019_MI-SSL-CBRAMOD-P01-L1-LOW-CAL-OFFICIAL-R2:64_PER_CLASS-MR03""]","[""07bb0f09e9e42e66c274781564cb3dc0d207e66c488db22cda80baa2eaef8d24"",""90134b935abcc4033e6ec1b7947dee6f62e40f5cc93c053d8ce3e4947ea89955"",""e431322db6ed6721860abba0b3faa4b5cf7064766d5aa4e7796929e17e294a8e"",""e2bbb48ccad12465caacfa15ae9e86851b2832b0af9a1461c333d24a70a43f81"",""fab63bdca0a43bbf8fa40016cd6e8cf03aa0942b0a2ca8bbfa490a226c017a43"",""aff91b10a7209ae9bce207a3d51b8f4f4de4d7a345f144a0199ae8cd9777cc01"",""8e94227f42b2dc8f72cd709ed7b59fd5f5cf41094b1b2f57b75d33aaeba3f1eb"",""91852a86efb4d77f4170c947a839eb03e61282229e603a9dd15a53a12f8e3dbe"",""0e4d987bf078bb7a4753e2defe5c2acc94a6f96a69daaa845b7df80f0eb30aa2"",""2c8798117792ba5b36c34cdcde7b36922d9708efd6c9349e1d73223444d713b8"",""e73dc824b2df8e201dcff4ba3a4cd692855160caefd37fc5964d3fd7e4c632de"",""d6a0f86191739519439e67eb4cdece5da0050ec0ff02ec5b11cc8bbb90824a08"",""fb0ea32eb869e9dfd233dd06fefd970801a78e9c76b4252ddaf8effbc6cbaf1c""]","[""P03-ReliabilityAuditReport-91bc3d5f51796251b40e"",""P03-CalibrationRecord-29928b9ce9bc3382a362"",""GROUP-65ee7a825425e07476d0"",""P03-SplitIntegrityReport-e95a30cb67331cfccdf6"",""P03-CalibrationEligibilityTable-64671d21c3c2e61a0708"",""P03-CalibrationRecord-677fe95ef9acc72d2ad5"",""ModelRegistryRecord:49f3c83bf19935837faedf3d"",""IHARQ-SPLITRECORD-20260806-e4e371d332c61e36""]"
CalibrationMetricSourceTable.v1,1.0.0,SOURCE_TABLE_PROFILE_NOT_REGISTERED_AS_RECORD_FAMILY,P03-PROD-022,P03-CAL-METRIC-SOURCE-TABLE-SUPPLEMENT-8518654a4afcfe1f1933,P03-CAL-METRIC-SOURCE-ROW-SUPPLEMENT-32dbe7826180d91e9ba4,P03-L3-POSTEXT-64-128-256-R1-1833e865bcb88ff8,2e5ebd6fc62f4c9ca3ed0102914f64142de9e1206be0b6e6b3e32cad90f1d742,IHARQ-P03-L3-OFFICIAL-STRETCH-C-EXECUTION-FREEZE-R1,P03S-POSTEXT-64-128-256-PRE14-EVIDENCE-HARDENING-R1_1-S12-EVIDENCE,False,GROUP-a5b1351ebd3306cd063c,Lee2019_MI,SSL-CBRAMOD:CBraMod-HF-Braindecode-GovernedP02-R6Scale1e4:P02S-LLX-R1-A0-Lee2019_MI-SSL-CBRAMOD-64PC-MR04,P01-L1-LOW-CAL-OFFICIAL-R2:64_PER_CLASS,IHARQ-SPLITRECORD-20260806-e4e371d332c61e36,test,600,P03-OFFICIAL-METRICS-R1,P03-OFFICIAL-EQUAL-WIDTH-15-R1,P03-RELIABILITY-37139d46159c9374a102,P03-RELIABILITY-RAW-1b1b642bab84637ffaa9,GROUP-a5b1351ebd3306cd063c:raw,GROUP-a5b1351ebd3306cd063c:selected,P03-CalibrationRecord-e25e2985a9e615c5dc61,0.7468333266183983,0.5005494561279268,-0.2462838704904715,1.2124186524764309,0.6936968150482484,-0.5187218374281825,0.3264411045452067,0.03184768194309473,-0.29459342260211197,"[""P03-ReliabilityAuditReport-e82329f1d1da2d607f2f"",""P03-CalibrationRecord-e25e2985a9e615c5dc61"",""P03SelectionScoreRecord:P02-A0-Lee2019_MI-SSL-CBRAMOD-P01-L1-LOW-CAL-OFFICIAL-R2:64_PER_CLASS-MR04:calibration"",""P03SelectionScoreRecord:P02-A0-Lee2019_MI-SSL-CBRAMOD-P01-L1-LOW-CAL-OFFICIAL-R2:64_PER_CLASS-MR04:validation"",""P02-A0-Lee2019_MI-SSL-CBRAMOD-P01-L1-LOW-CAL-OFFICIAL-R2:64_PER_CLASS-MR04""]","[""5d406184bd53a9ea0a7c567344672acc7f22798d7e714c3e058aacd159959d2d"",""cdd759eaff5d409a4ca11004541d58069b2b75e2c736da3ba7d9cc9a76e087f4"",""03db7465b5d630bd01b9bd8772feee4eac3f69c8e710e6b57d4d2b95c94ddab9"",""147804e520cc838aa9a007d1551f005aa4ebf47ee2bf7df29f7683bb713e3bcd"",""19064e6490bc96507789f2e43efc50514834ac04e99c1dee59544f477f19c99e"",""0210797b9ebb0eb644232080a63ccd0b42236780db27ece45bdb26a258ca5fa5"",""4f08537420f458a29253dff67957e96610fe95b5e0656fd24c98208327b7096f"",""4778239c336882d1e59606c8f6c483c29097b1859b624a33f160da37272f364a"",""0e4d987bf078bb7a4753e2defe5c2acc94a6f96a69daaa845b7df80f0eb30aa2"",""2ffb2ed05452c8825c6f8c851536c464e5b1d1e93c62247bbba6808af7ec5acb"",""f7f0a59ea3ebc2fed03c453d5717d1be1d6e53efb833d980c965f1df44a86221"",""837038edc5043527e08ee7ba91e634cbb9a2da102a9e9a80bab3153232f99dc5"",""fb0ea32eb869e9dfd233dd06fefd970801a78e9c76b4252ddaf8effbc6cbaf1c""]","[""P03-ReliabilityAuditReport-e82329f1d1da2d607f2f"",""P03-CalibrationRecord-e25e2985a9e615c5dc61"",""GROUP-a5b1351ebd3306cd063c"",""P03-SplitIntegrityReport-c9c87b32fde593001092"",""P03-CalibrationEligibilityTable-4ce902479a17b476392a"",""P03-CalibrationRecord-3a99f5a158ac1e767b36"",""ModelRegistryRecord:6478b25b7b5d2ee58b6b49a6"",""IHARQ-SPLITRECORD-20260806-e4e371d332c61e36""]"
CalibrationMetricSourceTable.v1,1.0.0,SOURCE_TABLE_PROFILE_NOT_REGISTERED_AS_RECORD_FAMILY,P03-PROD-022,P03-CAL-METRIC-SOURCE-TABLE-SUPPLEMENT-8518654a4afcfe1f1933,P03-CAL-METRIC-SOURCE-ROW-SUPPLEMENT-0bb86879818933768c4f,P03-L3-POSTEXT-64-128-256-R1-1833e865bcb88ff8,2e5ebd6fc62f4c9ca3ed0102914f64142de9e1206be0b6e6b3e32cad90f1d742,IHARQ-P03-L3-OFFICIAL-STRETCH-C-EXECUTION-FREEZE-R1,P03S-POSTEXT-64-128-256-PRE14-EVIDENCE-HARDENING-R1_1-S12-EVIDENCE,False,GROUP-5f7a060c388c3b4d4ab9,PhysioNetMI,CLS-CSP-LDA:CLS-CSP-LDA:P02S-LLX-R1-A0-PhysioNetMI-CLS-CSP-LDA-128PC-MR00,P01-L1-LOW-CAL-OFFICIAL-R2:128_PER_CLASS,IHARQ-SPLITRECORD-20260806-e4e371d332c61e36,test,495,P03-OFFICIAL-METRICS-R1,P03-OFFICIAL-EQUAL-WIDTH-15-R1,P03-RELIABILITY-aab9e9282e0f9e0a89fe,P03-RELIABILITY-RAW-b7e1135016b896d72b6d,GROUP-5f7a060c388c3b4d4ab9:raw,GROUP-5f7a060c388c3b4d4ab9:selected,P03-CalibrationRecord-3d64d480ff0a936e4241,0.5128205212926915,0.4972876170124122,-0.015532904280279314,0.7077802106199736,0.6904268913616053,-0.01735331925836836,0.08919858465708409,0.008639774383520751,-0.08055881027356335,"[""P03-ReliabilityAuditReport-cd72aedd33aaca66fc22"",""P03-CalibrationRecord-3d64d480ff0a936e4241"",""P03SelectionScoreRecord:P02-A0-PhysioNetMI-CLS-CSP-LDA-P01-L1-LOW-CAL-OFFICIAL-R2:128_PER_CLASS-MR00:calibration"",""P03SelectionScoreRecord:P02-A0-PhysioNetMI-CLS-CSP-LDA-P01-L1-LOW-CAL-OFFICIAL-R2:128_PER_CLASS-MR00:validation"",""P02-A0-PhysioNetMI-CLS-CSP-LDA-P01-L1-LOW-CAL-OFFICIAL-R2:128_PER_CLASS-MR00""]","[""a47e49231c956955a021b144f2924d98874f010fd25d2ab564bc9a8c5e261c5f"",""8fc1c8ec297ec5fe2f1361a8ffdf318fd02775d2be1a322fdc9d89124267cfda"",""d8916ea87f4bb8b0e2b8040ced2c866d61fd3f1f123a4efbc6d6f3a9955b190b"",""1bc6891bd36c1a195fe8d18cbca8bee83dede4cc4ddd4d9a80f84a2a5b6bc5ec"",""d8bd65ef30508141fb709a0da4f9f32304766058115f1e063533f4cadce24097"",""fe739cc0d1c556fd250f1359df0613aa4560ad8dcbeb523ddacebed9f1342b03"",""11fc73141c304c647a4a12cc417c2dd070384c566621abcd52f82032c2e39534"",""fff2307ee50a996398563dc44ce243094ae4e6b1f652ef2ec411570f09f3f2c0"",""0e4d987bf078bb7a4753e2defe5c2acc94a6f96a69daaa845b7df80f0eb30aa2"",""eeb1c3418b64872ee6ec01c54e4c2c636f336fb3e7b57bf5b8b57f92edd87ffb"",""860bd7f38991cac37f88f14caa1c994b29b5af3ea0929541c42bc2db490d1c75"",""441e16c63f9d01df3183141887edfe6afdc7934d77641acde09b1f6cb12be960"",""fb0ea32eb869e9dfd233dd06fefd970801a78e9c76b4252ddaf8effbc6cbaf1c""]","[""P03-ReliabilityAuditReport-cd72aedd33aaca66fc22"",""P03-CalibrationRecord-3d64d480ff0a936e4241"",""GROUP-5f7a060c388c3b4d4ab9"",""P03-SplitIntegrityReport-97d38d719db118b4e7b6"",""P03-CalibrationEligibilityTable-a855f6be77fe0aba5970"",""P03-CalibrationRecord-68e721f8ea3976aaec8c"",""ModelRegistryRecord:854f7c9d0864644e393fdfa5"",""IHARQ-SPLITRECORD-20260806-e4e371d332c61e36""]"
CalibrationMetricSourceTable.v1,1.0.0,SOURCE_TABLE_PROFILE_NOT_REGISTERED_AS_RECORD_FAMILY,P03-PROD-022,P03-CAL-METRIC-SOURCE-TABLE-SUPPLEMENT-8518654a4afcfe1f1933,P03-CAL-METRIC-SOURCE-ROW-SUPPLEMENT-60e6f8f2771d1e5958c9,P03-L3-POSTEXT-64-128-256-R1-1833e865bcb88ff8,2e5ebd6fc62f4c9ca3ed0102914f64142de9e1206be0b6e6b3e32cad90f1d742,IHARQ-P03-L3-OFFICIAL-STRETCH-C-EXECUTION-FREEZE-R1,P03S-POSTEXT-64-128-256-PRE14-EVIDENCE-HARDENING-R1_1-S12-EVIDENCE,False,GROUP-a41aa29ef5011a4d8631,PhysioNetMI,CLS-CSP-LDA:CLS-CSP-LDA:P02S-LLX-R1-A0-PhysioNetMI-CLS-CSP-LDA-256PC-MR00,P01-L1-LOW-CAL-OFFICIAL-R2:256_PER_CLASS,IHARQ-SPLITRECORD-20260806-e4e371d332c61e36,test,495,P03-OFFICIAL-METRICS-R1,P03-OFFICIAL-EQUAL-WIDTH-15-R1,P03-RELIABILITY-93962fa4a3efa1836cb5,P03-RELIABILITY-RAW-f0cbd040d70d72418d95,GROUP-a41aa29ef5011a4d8631:raw,GROUP-a41aa29ef5011a4d8631:selected,P03-CalibrationRecord-4e755b2058d9ecb886ed,0.49844907129655824,0.49844907129655824,0.0,0.7031565050296633,0.7031565050296633,0.0,0.05660511825847203,0.05660511825847203,0.0,"[""P03-ReliabilityAuditReport-d2818c993a0daad45c53"",""P03-CalibrationRecord-4e755b2058d9ecb886ed"",""P03SelectionScoreRecord:P02-A0-PhysioNetMI-CLS-CSP-LDA-P01-L1-LOW-CAL-OFFICIAL-R2:256_PER_CLASS-MR00:calibration"",""P03SelectionScoreRecord:P02-A0-PhysioNetMI-CLS-CSP-LDA-P01-L1-LOW-CAL-OFFICIAL-R2:256_PER_CLASS-MR00:validation"",""P02-A0-PhysioNetMI-CLS-CSP-LDA-P01-L1-LOW-CAL-OFFICIAL-R2:256_PER_CLASS-MR00""]","[""083059cbac21c7a57044056f191d3daa6c23337e41d53652102a5ecb757f7d41"",""db2f5dfe955bcb8d7336f391c13ef974f349c54ba0f71b9d73b5c6f0340584e2"",""b93f2d2c552f6ba6c299e2ee70298a0792bdd40cdf3e45b7a8f155c90f2e1120"",""0d52bfd4c6a8542570a493707f93e450f91b7970f4f31f9d49677cce9be1e16b"",""001fe007009a3ad7bf9fb03381c62e3523035bc1de20fbc189b152cf032ef0bf"",""30ce5c121703d43c542df1bf164c4055499e1a0d3e56796b7e40ccf48137d8f6"",""960d7397f06692b633023c63ba6e6b9c544e60b40203cde75f3e1530ef32650c"",""0e4d987bf078bb7a4753e2defe5c2acc94a6f96a69daaa845b7df80f0eb30aa2"",""ff7b34e2e882e1d6f8d15a21502d10ac5921b8648dc35082181c245289d98d98"",""c310ca80febef983e57effb0a1667db6fdb463624697f44b33c2dbe1db813ac7"",""640f19ef9e316e5f67a76a5213054f44e72303b0c4a99579aa25569222b01587"",""fb0ea32eb869e9dfd233dd06fefd970801a78e9c76b4252ddaf8effbc6cbaf1c""]","[""P03-ReliabilityAuditReport-d2818c993a0daad45c53"",""P03-CalibrationRecord-4e755b2058d9ecb886ed"",""GROUP-a41aa29ef5011a4d8631"",""P03-SplitIntegrityReport-900cf3c7f70a8a7dbee1"",""P03-CalibrationEligibilityTable-3e4f1f692d2a55af202b"",""ModelRegistryRecord:97a329373b3999738d3409a2"",""IHARQ-SPLITRECORD-20260806-e4e371d332c61e36""]"
CalibrationMetricSourceTable.v1,1.0.0,SOURCE_TABLE_PROFILE_NOT_REGISTERED_AS_RECORD_FAMILY,P03-PROD-022,P03-CAL-METRIC-SOURCE-TABLE-SUPPLEMENT-8518654a4afcfe1f1933,P03-CAL-METRIC-SOURCE-ROW-SUPPLEMENT-80436731a5e2de67b8ba,P03-L3-POSTEXT-64-128-256-R1-1833e865bcb88ff8,2e5ebd6fc62f4c9ca3ed0102914f64142de9e1206be0b6e6b3e32cad90f1d742,IHARQ-P03-L3-OFFICIAL-STRETCH-C-EXECUTION-FREEZE-R1,P03S-POSTEXT-64-128-256-PRE14-EVIDENCE-HARDENING-R1_1-S12-EVIDENCE,False,GROUP-9fd23d2570c7bab620ac,PhysioNetMI,CLS-CSP-LDA:CLS-CSP-LDA:P02S-LLX-R1-A0-PhysioNetMI-CLS-CSP-LDA-64PC-MR00,P01-L1-LOW-CAL-OFFICIAL-R2:64_PER_CLASS,IHARQ-SPLITRECORD-20260806-e4e371d332c61e36,test,495,P03-OFFICIAL-METRICS-R1,P03-OFFICIAL-EQUAL-WIDTH-15-R1,P03-RELIABILITY-024f35c64a331fa8e0d7,P03-RELIABILITY-RAW-3d57cb92f087daa3b9a1,GROUP-9fd23d2570c7bab620ac:raw,GROUP-9fd23d2570c7bab620ac:selected,P03-CalibrationRecord-241dae3e969ac4d6c973,0.5044324452756583,0.4999059276696974,-0.004526517605960956,0.6977302468134859,0.6930531028698874,-0.004677143943598527,0.04242486188026984,0.007596421709617884,-0.03482844017065195,"[""P03-ReliabilityAuditReport-54a380c7e011894cef0e"",""P03-CalibrationRecord-241dae3e969ac4d6c973"",""P03SelectionScoreRecord:P02-A0-PhysioNetMI-CLS-CSP-LDA-P01-L1-LOW-CAL-OFFICIAL-R2:64_PER_CLASS-MR00:calibration"",""P03SelectionScoreRecord:P02-A0-PhysioNetMI-CLS-CSP-LDA-P01-L1-LOW-CAL-OFFICIAL-R2:64_PER_CLASS-MR00:validation"",""P02-A0-PhysioNetMI-CLS-CSP-LDA-P01-L1-LOW-CAL-OFFICIAL-R2:64_PER_CLASS-MR00""]","[""26e8791e7419b73ab363aa1fe7fa964d7fcbb835bdcfa32a569b2cb19168de45"",""6b83d892f3b3ef03e94e785e40ef5737cc5b0feab0f0219b606368fcc84e713b"",""c443385d011500657a380e30833a0f99f0a86f591bb60bf47d3c3c15c8e4b8e1"",""8f5319ae404613c325cbe42bbf624353d0a2625ab9f8a57048c4cf11b758ff41"",""dcea29c9a8f9f7630496c32bfddcfca9d4a4a8d51b2037a84dc0716e877a1a67"",""bacd057f3c6c116c0d879c949c2506625120ef5d0f544dd9b711cd27354e95c0"",""c6365c065a58af4f76e7deb03e02ed86e3f77c488430c942a77b64b07cfb0759"",""e154e392629cd48aefe302c21888a1352f46e42ffa5af8c01f62ad668b808489"",""0e4d987bf078bb7a4753e2defe5c2acc94a6f96a69daaa845b7df80f0eb30aa2"",""bd83c0274bc8e984dc0a6e0cf9bba06034d8e937a81b8d24c8be87b61b74e5c6"",""b96fac9969b6043b7cc1d5effc26f75da669b6a5b358bbfff064cc4b48079c58"",""ddf14f1d1522ef1611c97367601448a0c467bb29f67ef5f3d73d54a0d13c10c5"",""fb0ea32eb869e9dfd233dd06fefd970801a78e9c76b4252ddaf8effbc6cbaf1c""]","[""P03-ReliabilityAuditReport-54a380c7e011894cef0e"",""P03-CalibrationRecord-241dae3e969ac4d6c973"",""GROUP-9fd23d2570c7bab620ac"",""P03-SplitIntegrityReport-b4623144eadc093f3ec9"",""P03-CalibrationEligibilityTable-5c4fca132768d8e247e1"",""P03-CalibrationRecord-088575585ffc9c095b11"",""ModelRegistryRecord:b2f2638b29f166ebedbdd33f"",""IHARQ-SPLITRECORD-20260806-e4e371d332c61e36""]"
CalibrationMetricSourceTable.v1,1.0.0,SOURCE_TABLE_PROFILE_NOT_REGISTERED_AS_RECORD_FAMILY,P03-PROD-022,P03-CAL-METRIC-SOURCE-TABLE-SUPPLEMENT-8518654a4afcfe1f1933,P03-CAL-METRIC-SOURCE-ROW-SUPPLEMENT-13acee007c8167e1deb3,P03-L3-POSTEXT-64-128-256-R1-1833e865bcb88ff8,2e5ebd6fc62f4c9ca3ed0102914f64142de9e1206be0b6e6b3e32cad90f1d742,IHARQ-P03-L3-OFFICIAL-STRETCH-C-EXECUTION-FREEZE-R1,P03S-POSTEXT-64-128-256-PRE14-EVIDENCE-HARDENING-R1_1-S12-EVIDENCE,False,GROUP-61acf752f5ebd7d3475a,PhysioNetMI,DNN-EEGNET:EEGNet-R7-LAWHERN-SMR-P01-160HZ:P02S-LLX-R1-A0-PhysioNetMI-DNN-EEGNET-128PC-MR00,P01-L1-LOW-CAL-OFFICIAL-R2:128_PER_CLASS,IHARQ-SPLITRECORD-20260806-e4e371d332c61e36,test,495,P03-OFFICIAL-METRICS-R1,P03-OFFICIAL-EQUAL-WIDTH-15-R1,P03-RELIABILITY-4208fb9409e35cf821e1,P03-RELIABILITY-RAW-7993c65d575544208984,GROUP-61acf752f5ebd7d3475a:raw,GROUP-61acf752f5ebd7d3475a:selected,P03-CalibrationRecord-e8ce225c4bfede1ae654,0.49125991673954733,0.5097851706694375,0.018525253929890184,0.6848144803631574,0.7051018311597933,0.020287350796635906,0.026841228592158237,0.08916693355403515,0.06232570496187692,"[""P03-ReliabilityAuditReport-dce24b6438d757489e76"",""P03-CalibrationRecord-e8ce225c4bfede1ae654"",""P03SelectionScoreRecord:P02-A0-PhysioNetMI-DNN-EEGNET-P01-L1-LOW-CAL-OFFICIAL-R2:128_PER_CLASS-MR00:calibration"",""P03SelectionScoreRecord:P02-A0-PhysioNetMI-DNN-EEGNET-P01-L1-LOW-CAL-OFFICIAL-R2:128_PER_CLASS-MR00:validation"",""P02-A0-PhysioNetMI-DNN-EEGNET-P01-L1-LOW-CAL-OFFICIAL-R2:128_PER_CLASS-MR00""]","[""45fece841a7bc28555fd1b116aae20d5c74c889997fb6020b7f410f9733128a2"",""1e00ed9437258ebdb65a5b2880742cec8ad61a3d090cea0bf7301ef7cd7fd5e7"",""2530628fc8ec6c7da4a42253d91e32c2cd940352d8b04cf12a53d4c7623da948"",""3804ece26732f21e301fa8a7ef28dd5af0f242d86b4bd39a9a6b8c2b0ac88aaf"",""10e5691ff3bcdfb16c188e70ebd38580784336a3d32fed1b8d56c93d6294f391"",""8266e0acc40cd53abd76e90fe7f71ef2e7aca7a84c3be9477486196130bb7602"",""b9f662b2c0b96d0bba6ba32654d40c3d4e2fb7c774144c7025ad729343df85ed"",""4a4c2aefb9d7b2c02cbdf6f0d6c6fdfbaacd6a3f607ab608b9f01a002d47da1c"",""0e4d987bf078bb7a4753e2defe5c2acc94a6f96a69daaa845b7df80f0eb30aa2"",""1fade4f1cc7d52d9379c7a47bb79bc7c8bb789a36c7e4c830435cdb73a85a66c"",""cffb307cd71ae5a4be4e8617762742c58ca43b0baa3dabd1e2bf5c84e6f8a475"",""929ae9616df4558edb816c618521c229f12a1cf4a89a2c1df0dede56cb4f8554"",""fb0ea32eb869e9dfd233dd06fefd970801a78e9c76b4252ddaf8effbc6cbaf1c""]","[""P03-ReliabilityAuditReport-dce24b6438d757489e76"",""P03-CalibrationRecord-e8ce225c4bfede1ae654"",""GROUP-61acf752f5ebd7d3475a"",""P03-SplitIntegrityReport-2b50891008b478c32033"",""P03-CalibrationEligibilityTable-f667138dbb978b41b416"",""P03-CalibrationRecord-3904c884de5af34d5a2d"",""ModelRegistryRecord:5614144501464275611242b6"",""IHARQ-SPLITRECORD-20260806-e4e371d332c61e36""]"
CalibrationMetricSourceTable.v1,1.0.0,SOURCE_TABLE_PROFILE_NOT_REGISTERED_AS_RECORD_FAMILY,P03-PROD-022,P03-CAL-METRIC-SOURCE-TABLE-SUPPLEMENT-8518654a4afcfe1f1933,P03-CAL-METRIC-SOURCE-ROW-SUPPLEMENT-fb6377408a7a87d89b98,P03-L3-POSTEXT-64-128-256-R1-1833e865bcb88ff8,2e5ebd6fc62f4c9ca3ed0102914f64142de9e1206be0b6e6b3e32cad90f1d742,IHARQ-P03-L3-OFFICIAL-STRETCH-C-EXECUTION-FREEZE-R1,P03S-POSTEXT-64-128-256-PRE14-EVIDENCE-HARDENING-R1_1-S12-EVIDENCE,False,GROUP-7f8c3c25d1c75d75b362,PhysioNetMI,DNN-EEGNET:EEGNet-R7-LAWHERN-SMR-P01-160HZ:P02S-LLX-R1-A0-PhysioNetMI-DNN-EEGNET-128PC-MR01,P01-L1-LOW-CAL-OFFICIAL-R2:128_PER_CLASS,IHARQ-SPLITRECORD-20260806-e4e371d332c61e36,test,495,P03-OFFICIAL-METRICS-R1,P03-OFFICIAL-EQUAL-WIDTH-15-R1,P03-RELIABILITY-cec80cd18fa14a25781e,P03-RELIABILITY-RAW-948705977f97fc7d99a0,GROUP-7f8c3c25d1c75d75b362:raw,GROUP-7f8c3c25d1c75d75b362:selected,P03-CalibrationRecord-254dee540d0b03e7e056,0.5323360663338494,0.5148643537739258,-0.017471712559923636,0.76248355681556,0.7090729004795182,-0.053410656336041806,0.0886383577802671,0.09883867357656366,0.010200315796296558,"[""P03-ReliabilityAuditReport-062ecce6e6a83777ddcb"",""P03-CalibrationRecord-254dee540d0b03e7e056"",""P03SelectionScoreRecord:P02-A0-PhysioNetMI-DNN-EEGNET-P01-L1-LOW-CAL-OFFICIAL-R2:128_PER_CLASS-MR01:calibration"",""P03SelectionScoreRecord:P02-A0-PhysioNetMI-DNN-EEGNET-P01-L1-LOW-CAL-OFFICIAL-R2:128_PER_CLASS-MR01:validation"",""P02-A0-PhysioNetMI-DNN-EEGNET-P01-L1-LOW-CAL-OFFICIAL-R2:128_PER_CLASS-MR01""]","[""dffecbdb59282f2af39431e37cde5c6b7c718e95d3fef5758c2790b466435e3e"",""0b26be043cdfc5cc3acf8614a2eea286cea7a9ec402f8d8b996d88adde43c856"",""fc1832285dad8205ba01754b52ca51669543607c529919a833af1c81ada37e76"",""5ab3a98ed3022b7a40bfc97b56d97544fde554f70cef5f4153c74b545ae34076"",""ca8a5215319594d958766a5ca41914baa2a199fc458be5d2ec398eaa9deafede"",""38434d987ff6398fc198b5fae379d7d90b5119fc0c5957e7bd81725c8027ac2b"",""259559cf683b994e5f2b5293e985e87d493f37bbf529a2cf0446898fb0b66fb0"",""daa873bbffb2e9afbb52d0263afd5c50814bf4d8ef879d4231197c31b1789d33"",""0e4d987bf078bb7a4753e2defe5c2acc94a6f96a69daaa845b7df80f0eb30aa2"",""cdd7d6d55242c60cd13b852331b19a213a94bf4c7ce06da362d22be57d1daa99"",""ae249c5058d119d06a5c477c6a230b887fd3db124a5e334b0fd59c9c7d130fb2"",""3aded5e3b089609dcb1799dde61908b63438ef072e1ce6d29789bcae14340c89"",""fb0ea32eb869e9dfd233dd06fefd970801a78e9c76b4252ddaf8effbc6cbaf1c""]","[""P03-ReliabilityAuditReport-062ecce6e6a83777ddcb"",""P03-CalibrationRecord-254dee540d0b03e7e056"",""GROUP-7f8c3c25d1c75d75b362"",""P03-SplitIntegrityReport-c125ef5215f8ef34bcfb"",""P03-CalibrationEligibilityTable-77d5634c9e5b58bcf398"",""P03-CalibrationRecord-fbc29c598d028110e64b"",""ModelRegistryRecord:8a0ebb969e6b3adc96c2a04f"",""IHARQ-SPLITRECORD-20260806-e4e371d332c61e36""]"
CalibrationMetricSourceTable.v1,1.0.0,SOURCE_TABLE_PROFILE_NOT_REGISTERED_AS_RECORD_FAMILY,P03-PROD-022,P03-CAL-METRIC-SOURCE-TABLE-SUPPLEMENT-8518654a4afcfe1f1933,P03-CAL-METRIC-SOURCE-ROW-SUPPLEMENT-e4bc323292bddf4f9d35,P03-L3-POSTEXT-64-128-256-R1-1833e865bcb88ff8,2e5ebd6fc62f4c9ca3ed0102914f64142de9e1206be0b6e6b3e32cad90f1d742,IHARQ-P03-L3-OFFICIAL-STRETCH-C-EXECUTION-FREEZE-R1,P03S-POSTEXT-64-128-256-PRE14-EVIDENCE-HARDENING-R1_1-S12-EVIDENCE,False,GROUP-c9c36f6a780f2cf1a3a5,PhysioNetMI,DNN-EEGNET:EEGNet-R7-LAWHERN-SMR-P01-160HZ:P02S-LLX-R1-A0-PhysioNetMI-DNN-EEGNET-128PC-MR02,P01-L1-LOW-CAL-OFFICIAL-R2:128_PER_CLASS,IHARQ-SPLITRECORD-20260806-e4e371d332c61e36,test,495,P03-OFFICIAL-METRICS-R1,P03-OFFICIAL-EQUAL-WIDTH-15-R1,P03-RELIABILITY-fda21871285f7595ec95,P03-RELIABILITY-RAW-ce5abad0c07c58beacf7,GROUP-c9c36f6a780f2cf1a3a5:raw,GROUP-c9c36f6a780f2cf1a3a5:selected,P03-CalibrationRecord-e81e305f4ce69f747100,0.5195075974175724,0.5187021391709866,-0.000805458246585733,0.7176248229447048,0.7133039275233827,-0.00432089542132208,0.07634878095044773,0.09144981322556978,0.01510103227512205,"[""P03-ReliabilityAuditReport-323c72fe93c7970b120e"",""P03-CalibrationRecord-e81e305f4ce69f747100"",""P03SelectionScoreRecord:P02-A0-PhysioNetMI-DNN-EEGNET-P01-L1-LOW-CAL-OFFICIAL-R2:128_PER_CLASS-MR02:calibration"",""P03SelectionScoreRecord:P02-A0-PhysioNetMI-DNN-EEGNET-P01-L1-LOW-CAL-OFFICIAL-R2:128_PER_CLASS-MR02:validation"",""P02-A0-PhysioNetMI-DNN-EEGNET-P01-L1-LOW-CAL-OFFICIAL-R2:128_PER_CLASS-MR02""]","[""4c3a1e246593164bbe1d9925da0181c6bac3676588b90e389a9af141592b1042"",""f1dcf1ea83f41830cf8316cbeb6b3054bc0ba3b6f5f70139ad83b9aa02a14539"",""dfb07fb5ba4e77e3eabb1c8d778e01b13c46528896792c8ebfc4095a3cd3f048"",""68a131b7eb6d6b9e12715c831e1f286ef0d47961cb75ce9a7a38768c945a79e2"",""3fd2dea82e0cbabf11c650876c721755cf0deaa5372f40491475e02ce02d300e"",""e696b7844c2d52bd87fc3e16390550fa65dda67c33f43be58eeac7f6699c9c49"",""0265279dea7c994eed4401d11101cea978f4ec46adfbd57073746a436fbbda4a"",""3a208b0ead5e6000955ceb936f854fe7feb905eeabe9bad00b0e35acd98f954e"",""0e4d987bf078bb7a4753e2defe5c2acc94a6f96a69daaa845b7df80f0eb30aa2"",""e31bad49f25feff8d602cff2ea135d6edbd4648ca1464c8d788055fcbafd72ad"",""e434fcc85609c8e4bcc02efdee240785ae96ede889e27ba060bf894aac3ff758"",""e10514d1f7a672872b8338d1fec506b34d7f4d36781f5cba4ae1b3ba9ab56b43"",""fb0ea32eb869e9dfd233dd06fefd970801a78e9c76b4252ddaf8effbc6cbaf1c""]","[""P03-ReliabilityAuditReport-323c72fe93c7970b120e"",""P03-CalibrationRecord-e81e305f4ce69f747100"",""GROUP-c9c36f6a780f2cf1a3a5"",""P03-SplitIntegrityReport-d89266e41ea70d911f48"",""P03-CalibrationEligibilityTable-6b5d3c53ff5e80fabda9"",""P03-CalibrationRecord-952ff4d7b16c4e6b9651"",""ModelRegistryRecord:34bfd7d9c10e7f026c36b438"",""IHARQ-SPLITRECORD-20260806-e4e371d332c61e36""]"
CalibrationMetricSourceTable.v1,1.0.0,SOURCE_TABLE_PROFILE_NOT_REGISTERED_AS_RECORD_FAMILY,P03-PROD-022,P03-CAL-METRIC-SOURCE-TABLE-SUPPLEMENT-8518654a4afcfe1f1933,P03-CAL-METRIC-SOURCE-ROW-SUPPLEMENT-ff787911539e722e6464,P03-L3-POSTEXT-64-128-256-R1-1833e865bcb88ff8,2e5ebd6fc62f4c9ca3ed0102914f64142de9e1206be0b6e6b3e32cad90f1d742,IHARQ-P03-L3-OFFICIAL-STRETCH-C-EXECUTION-FREEZE-R1,P03S-POSTEXT-64-128-256-PRE14-EVIDENCE-HARDENING-R1_1-S12-EVIDENCE,False,GROUP-82e2e22a68b2049e69a9,PhysioNetMI,DNN-EEGNET:EEGNet-R7-LAWHERN-SMR-P01-160HZ:P02S-LLX-R1-A0-PhysioNetMI-DNN-EEGNET-128PC-MR03,P01-L1-LOW-CAL-OFFICIAL-R2:128_PER_CLASS,IHARQ-SPLITRECORD-20260806-e4e371d332c61e36,test,495,P03-OFFICIAL-METRICS-R1,P03-OFFICIAL-EQUAL-WIDTH-15-R1,P03-RELIABILITY-b3394980906e9af19058,P03-RELIABILITY-RAW-17f2bce795d2ce4fee49,GROUP-82e2e22a68b2049e69a9:raw,GROUP-82e2e22a68b2049e69a9:selected,P03-CalibrationRecord-dc89b097808c2aaec7b5,0.5396705976539041,0.49553620892432765,-0.04413438872957648,0.7496724723985114,0.688535512805295,-0.06113695959321641,0.12147616949896384,0.02580514209093073,-0.0956710274080331,"[""P03-ReliabilityAuditReport-ebe772b3fa8ae5924534"",""P03-CalibrationRecord-dc89b097808c2aaec7b5"",""P03SelectionScoreRecord:P02-A0-PhysioNetMI-DNN-EEGNET-P01-L1-LOW-CAL-OFFICIAL-R2:128_PER_CLASS-MR03:calibration"",""P03SelectionScoreRecord:P02-A0-PhysioNetMI-DNN-EEGNET-P01-L1-LOW-CAL-OFFICIAL-R2:128_PER_CLASS-MR03:validation"",""P02-A0-PhysioNetMI-DNN-EEGNET-P01-L1-LOW-CAL-OFFICIAL-R2:128_PER_CLASS-MR03""]","[""4086f81ceaaedece449a932d3d60da922f359c743c856c13ff10da683fafb48f"",""827993bb97194191f471ae742b5489e930aeaabb5e4258f96ad4c1e4a5598315"",""8e3ac8c652bc9ec14fc3dee9f6d3d70b7bbb98928a27a765c39f307acbd94084"",""a01bf010cb2cbc8cd270aa11e51bb291d26626701966ba7dd316d10c90d1b3e6"",""9071095a8e1cc8ec5874f6108afdc582608d4352c45fe3ab3a7959658c4b7592"",""fab95d91fe7a462f8657c043a26c7bc8faa90fe683a34c645d13cc5bfaa8f7be"",""d2b194e92ba5fbed74a08e3486950f1ce41de30357d9f0b449ce9c11534aea7e"",""be57234b2c97a412f447a0d195a2e84b00de22415689cae13fc63a4e817c3a7d"",""0e4d987bf078bb7a4753e2defe5c2acc94a6f96a69daaa845b7df80f0eb30aa2"",""8b4aa9c2d9f9fbf351f74b494331f2c37c233f26dbc57f9f3da5325866da16a9"",""4977386784aa23dee2f3e3ed5ce184ab1d84c5a256600dad6e168b4fb219b796"",""3977cc9527e069f796a4a962df6e8b513a8b04cbf02ab7d651ab6f17da5e0788"",""fb0ea32eb869e9dfd233dd06fefd970801a78e9c76b4252ddaf8effbc6cbaf1c""]","[""P03-ReliabilityAuditReport-ebe772b3fa8ae5924534"",""P03-CalibrationRecord-dc89b097808c2aaec7b5"",""GROUP-82e2e22a68b2049e69a9"",""P03-SplitIntegrityReport-3bd659a065857846e0de"",""P03-CalibrationEligibilityTable-717f9723a47fb21a0103"",""P03-CalibrationRecord-0076e6a6f9de537df28d"",""ModelRegistryRecord:627ba4b352853b8ea35e68c1"",""IHARQ-SPLITRECORD-20260806-e4e371d332c61e36""]"
CalibrationMetricSourceTable.v1,1.0.0,SOURCE_TABLE_PROFILE_NOT_REGISTERED_AS_RECORD_FAMILY,P03-PROD-022,P03-CAL-METRIC-SOURCE-TABLE-SUPPLEMENT-8518654a4afcfe1f1933,P03-CAL-METRIC-SOURCE-ROW-SUPPLEMENT-16cef52ea64d6601abe2,P03-L3-POSTEXT-64-128-256-R1-1833e865bcb88ff8,2e5ebd6fc62f4c9ca3ed0102914f64142de9e1206be0b6e6b3e32cad90f1d742,IHARQ-P03-L3-OFFICIAL-STRETCH-C-EXECUTION-FREEZE-R1,P03S-POSTEXT-64-128-256-PRE14-EVIDENCE-HARDENING-R1_1-S12-EVIDENCE,False,GROUP-11b461748f1de7346412,PhysioNetMI,DNN-EEGNET:EEGNet-R7-LAWHERN-SMR-P01-160HZ:P02S-LLX-R1-A0-PhysioNetMI-DNN-EEGNET-128PC-MR04,P01-L1-LOW-CAL-OFFICIAL-R2:128_PER_CLASS,IHARQ-SPLITRECORD-20260806-e4e371d332c61e36,test,495,P03-OFFICIAL-METRICS-R1,P03-OFFICIAL-EQUAL-WIDTH-15-R1,P03-RELIABILITY-ea1b5cc3ebfe3a91da09,P03-RELIABILITY-RAW-e9fb16e5acbf47b7f663,GROUP-11b461748f1de7346412:raw,GROUP-11b461748f1de7346412:selected,P03-CalibrationRecord-a2b49f7a5a4b5c161330,0.5967673218889497,0.5029964904753004,-0.09377083141364928,1.0144097248374373,0.69669128328332,-0.3177184415541173,0.17561328506261148,0.09482856040307046,-0.08078472465954102,"[""P03-ReliabilityAuditReport-86807f5e2a11b49d2a77"",""P03-CalibrationRecord-a2b49f7a5a4b5c161330"",""P03SelectionScoreRecord:P02-A0-PhysioNetMI-DNN-EEGNET-P01-L1-LOW-CAL-OFFICIAL-R2:128_PER_CLASS-MR04:calibration"",""P03SelectionScoreRecord:P02-A0-PhysioNetMI-DNN-EEGNET-P01-L1-LOW-CAL-OFFICIAL-R2:128_PER_CLASS-MR04:validation"",""P02-A0-PhysioNetMI-DNN-EEGNET-P01-L1-LOW-CAL-OFFICIAL-R2:128_PER_CLASS-MR04""]","[""2b0cf8f947fbb1f46a30f7f80281febd9b625f2d8c93af96b259f845b5a76463"",""e001bbc3414b34c2d1e81cc319610a3c4e1b5fb754e28e5289465bd2cfde8acd"",""1cf6c1921abd438a9e4ac1187314688469604419ddb4e594f7b6cb9715ec5a3c"",""88ffb39fe75d11d837e80f16029bc2e9837d5a90438364f34ccbb0667f3cf691"",""859ec11df25009b5634f1a1f3c8d0d40519ace9b9974a0328cda626460f9166a"",""134f52e8630be1dc07bf24208afedf20e9badee09363df9139105bdb6d88d924"",""ec2bb144d1eeadab6291e4f18844191ab7fcc3fa6688f4ae2d75a63cac83a9d0"",""3aae0d6dcc939a082f880b3f09d5e1be99b3884279738e37920f0274c0d191fe"",""0e4d987bf078bb7a4753e2defe5c2acc94a6f96a69daaa845b7df80f0eb30aa2"",""127c93185a4be0240c805362048e0030dfaa99d34d835a297eaecb1684154ff2"",""dd20b9325a90187d41442b7361e2eca70878edc285d354be38ad0537cc19bbf1"",""fcf54f58a7edcdcad0e110a75ab8b63deab692123215ea17c3b270b78c8e2b48"",""fb0ea32eb869e9dfd233dd06fefd970801a78e9c76b4252ddaf8effbc6cbaf1c""]","[""P03-ReliabilityAuditReport-86807f5e2a11b49d2a77"",""P03-CalibrationRecord-a2b49f7a5a4b5c161330"",""GROUP-11b461748f1de7346412"",""P03-SplitIntegrityReport-daea299c15b7bc221e5f"",""P03-CalibrationEligibilityTable-f351477ee43c8cdac822"",""P03-CalibrationRecord-7c57e44bd79e6a704315"",""ModelRegistryRecord:9ea5bef2a19df690eb36335c"",""IHARQ-SPLITRECORD-20260806-e4e371d332c61e36""]"
CalibrationMetricSourceTable.v1,1.0.0,SOURCE_TABLE_PROFILE_NOT_REGISTERED_AS_RECORD_FAMILY,P03-PROD-022,P03-CAL-METRIC-SOURCE-TABLE-SUPPLEMENT-8518654a4afcfe1f1933,P03-CAL-METRIC-SOURCE-ROW-SUPPLEMENT-31e70f81089300b6d69b,P03-L3-POSTEXT-64-128-256-R1-1833e865bcb88ff8,2e5ebd6fc62f4c9ca3ed0102914f64142de9e1206be0b6e6b3e32cad90f1d742,IHARQ-P03-L3-OFFICIAL-STRETCH-C-EXECUTION-FREEZE-R1,P03S-POSTEXT-64-128-256-PRE14-EVIDENCE-HARDENING-R1_1-S12-EVIDENCE,False,GROUP-b02723d519b158cd8263,PhysioNetMI,DNN-EEGNET:EEGNet-R7-LAWHERN-SMR-P01-160HZ:P02S-LLX-R1-A0-PhysioNetMI-DNN-EEGNET-256PC-MR00,P01-L1-LOW-CAL-OFFICIAL-R2:256_PER_CLASS,IHARQ-SPLITRECORD-20260806-e4e371d332c61e36,test,495,P03-OFFICIAL-METRICS-R1,P03-OFFICIAL-EQUAL-WIDTH-15-R1,P03-RELIABILITY-e5741a621ed663383772,P03-RELIABILITY-RAW-f7a3b56f7ac294cd885c,GROUP-b02723d519b158cd8263:raw,GROUP-b02723d519b158cd8263:selected,P03-CalibrationRecord-98c864e3beea3fdd036b,0.5024989453545881,0.4917079662762596,-0.010790979078328433,0.7200379336268805,0.6840549208549421,-0.03598301277193838,0.09923826358789539,0.07763121296403498,-0.02160705062386041,"[""P03-ReliabilityAuditReport-ffd90379d6b2483fa14a"",""P03-CalibrationRecord-98c864e3beea3fdd036b"",""P03SelectionScoreRecord:P02-A0-PhysioNetMI-DNN-EEGNET-P01-L1-LOW-CAL-OFFICIAL-R2:256_PER_CLASS-MR00:calibration"",""P03SelectionScoreRecord:P02-A0-PhysioNetMI-DNN-EEGNET-P01-L1-LOW-CAL-OFFICIAL-R2:256_PER_CLASS-MR00:validation"",""P02-A0-PhysioNetMI-DNN-EEGNET-P01-L1-LOW-CAL-OFFICIAL-R2:256_PER_CLASS-MR00""]","[""9b43700444b5905228152844ae7b49316788ebfafbc91815abe76afd5e691df5"",""478f7d53e1f1af1948797555c0f4b96bddf852892e8371e25fcf4882c5db5c2f"",""865c32956cb9a0b23420c1304e063def5c2b6dbd27fa42601d6dc9a43c8a05e9"",""039eff132d823a5a01dcd793b9b2964d637faf9c1aa2aa0872a6aa995e805c82"",""2077783351b3ae758b2d0e7f3a817a3e96bf7357e835398590ba8b172737afa7"",""d6b601bc0a3df331bbf280ae2675436923c51348f41af56b5fc70f600ab0d5e7"",""6b45095fca4b15abeb7559673c972ccc77032c6bf302169c446e1a15c05b03d9"",""a9cc427759078eb125fe50900e24364b79ef0e99df06431ccbcf6c47a1df02c3"",""0e4d987bf078bb7a4753e2defe5c2acc94a6f96a69daaa845b7df80f0eb30aa2"",""4aeca2125297c32b4947cd7efd4767a06bc1ac90e08905f2c89cea5b2809a925"",""fbf52048370b0cc47244a83d465e3d03e8d5169b9e6accd1a0563287007b7ef9"",""1e29f44c927488df973126ba68cc7cf04f8f3ae07a83e79c1a94f50ca1803ab0"",""fb0ea32eb869e9dfd233dd06fefd970801a78e9c76b4252ddaf8effbc6cbaf1c""]","[""P03-ReliabilityAuditReport-ffd90379d6b2483fa14a"",""P03-CalibrationRecord-98c864e3beea3fdd036b"",""GROUP-b02723d519b158cd8263"",""P03-SplitIntegrityReport-8374b6d4b92518d384bd"",""P03-CalibrationEligibilityTable-6eb4cdca101acf57887e"",""P03-CalibrationRecord-dae753df990d388fc939"",""ModelRegistryRecord:990a9e517e8aba4125dd5533"",""IHARQ-SPLITRECORD-20260806-e4e371d332c61e36""]"
CalibrationMetricSourceTable.v1,1.0.0,SOURCE_TABLE_PROFILE_NOT_REGISTERED_AS_RECORD_FAMILY,P03-PROD-022,P03-CAL-METRIC-SOURCE-TABLE-SUPPLEMENT-8518654a4afcfe1f1933,P03-CAL-METRIC-SOURCE-ROW-SUPPLEMENT-435aa92f94bea33f4f5f,P03-L3-POSTEXT-64-128-256-R1-1833e865bcb88ff8,2e5ebd6fc62f4c9ca3ed0102914f64142de9e1206be0b6e6b3e32cad90f1d742,IHARQ-P03-L3-OFFICIAL-STRETCH-C-EXECUTION-FREEZE-R1,P03S-POSTEXT-64-128-256-PRE14-EVIDENCE-HARDENING-R1_1-S12-EVIDENCE,False,GROUP-285f79c8583b0db82ee7,PhysioNetMI,DNN-EEGNET:EEGNet-R7-LAWHERN-SMR-P01-160HZ:P02S-LLX-R1-A0-PhysioNetMI-DNN-EEGNET-256PC-MR01,P01-L1-LOW-CAL-OFFICIAL-R2:256_PER_CLASS,IHARQ-SPLITRECORD-20260806-e4e371d332c61e36,test,495,P03-OFFICIAL-METRICS-R1,P03-OFFICIAL-EQUAL-WIDTH-15-R1,P03-RELIABILITY-5ac02bd0b7ddadbb2dee,P03-RELIABILITY-RAW-9e03ab12272ddb7ef4c7,GROUP-285f79c8583b0db82ee7:raw,GROUP-285f79c8583b0db82ee7:selected,P03-CalibrationRecord-393b7229c1c4b99c412f,0.45627617241936524,0.4831781582488541,0.026901985829488828,0.645234157529783,0.6743387736635241,0.029104616133741157,0.04091794270503006,0.08649271856794824,0.04557477586291818,"[""P03-ReliabilityAuditReport-08f1552b8edb2c5cd555"",""P03-CalibrationRecord-393b7229c1c4b99c412f"",""P03SelectionScoreRecord:P02-A0-PhysioNetMI-DNN-EEGNET-P01-L1-LOW-CAL-OFFICIAL-R2:256_PER_CLASS-MR01:calibration"",""P03SelectionScoreRecord:P02-A0-PhysioNetMI-DNN-EEGNET-P01-L1-LOW-CAL-OFFICIAL-R2:256_PER_CLASS-MR01:validation"",""P02-A0-PhysioNetMI-DNN-EEGNET-P01-L1-LOW-CAL-OFFICIAL-R2:256_PER_CLASS-MR01""]","[""1650b01bd36407f598f0031263ac9597b997f95dc62f9acfb94833f100ede6c1"",""b1944fa023ef8e92417bc15484325e28ccf5efb49127922d8b24bc8c91a6a2ca"",""543d528756689920f6d22fe1512b2d3dc756582fc061fbb76c9524f87f6912f4"",""043edc92ec7f509cd22a85ee070346be64ec89e23d8fbf0479fd43694a6c4020"",""672256084acff9fee140c46b2ecffecf320046f521a93ad1f74964eff71f2c0a"",""0e03b0211fba04289467f51c8314d42671ce9fea44a35edabffdbb4d932919c5"",""011c7fbcd80b34c7303f3e226bf6bd15fbdef23c6238de82b6e6cfadee6bcc99"",""ba45a14da1511a1887c6bc6a5d66b63484ccd6c91613c5d66625479fdc609f49"",""0e4d987bf078bb7a4753e2defe5c2acc94a6f96a69daaa845b7df80f0eb30aa2"",""6aa21f6c36d299e7e78f8ec1c51ba6c5b34539d690b33f1d2e86917edae9b818"",""ab6097e4395ca451cc0faeb63084f7ebc197cd392e7dd7959ecf1279bde56c1e"",""57b9c4f482086417a2ed69ae3ac19883a44b108b98e88c55a91aa7d30bf1fa11"",""fb0ea32eb869e9dfd233dd06fefd970801a78e9c76b4252ddaf8effbc6cbaf1c""]","[""P03-ReliabilityAuditReport-08f1552b8edb2c5cd555"",""P03-CalibrationRecord-393b7229c1c4b99c412f"",""GROUP-285f79c8583b0db82ee7"",""P03-SplitIntegrityReport-4509fce9f90561a4b93b"",""P03-CalibrationEligibilityTable-7ea5f7b920e3fe77abad"",""P03-CalibrationRecord-25c984eac07aa21a89dd"",""ModelRegistryRecord:4402c3ad8ff46cabc27cb8ae"",""IHARQ-SPLITRECORD-20260806-e4e371d332c61e36""]"
CalibrationMetricSourceTable.v1,1.0.0,SOURCE_TABLE_PROFILE_NOT_REGISTERED_AS_RECORD_FAMILY,P03-PROD-022,P03-CAL-METRIC-SOURCE-TABLE-SUPPLEMENT-8518654a4afcfe1f1933,P03-CAL-METRIC-SOURCE-ROW-SUPPLEMENT-29c658df11039428354f,P03-L3-POSTEXT-64-128-256-R1-1833e865bcb88ff8,2e5ebd6fc62f4c9ca3ed0102914f64142de9e1206be0b6e6b3e32cad90f1d742,IHARQ-P03-L3-OFFICIAL-STRETCH-C-EXECUTION-FREEZE-R1,P03S-POSTEXT-64-128-256-PRE14-EVIDENCE-HARDENING-R1_1-S12-EVIDENCE,False,GROUP-07746961c70d1cb4cfba,PhysioNetMI,DNN-EEGNET:EEGNet-R7-LAWHERN-SMR-P01-160HZ:P02S-LLX-R1-A0-PhysioNetMI-DNN-EEGNET-256PC-MR02,P01-L1-LOW-CAL-OFFICIAL-R2:256_PER_CLASS,IHARQ-SPLITRECORD-20260806-e4e371d332c61e36,test,495,P03-OFFICIAL-METRICS-R1,P03-OFFICIAL-EQUAL-WIDTH-15-R1,P03-RELIABILITY-ba4cecbbeeb869012689,P03-RELIABILITY-RAW-49ac66e435d9bbe4c12a,GROUP-07746961c70d1cb4cfba:raw,GROUP-07746961c70d1cb4cfba:selected,P03-CalibrationRecord-ec772ae2185ae092558c,0.5069808003578754,0.5045085658624947,-0.0024722344953806985,0.7302705478835518,0.6987487143187604,-0.031521833564791435,0.11135342140545364,0.09821651012096831,-0.013136911284485325,"[""P03-ReliabilityAuditReport-de9862be9034eadf5e63"",""P03-CalibrationRecord-ec772ae2185ae092558c"",""P03SelectionScoreRecord:P02-A0-PhysioNetMI-DNN-EEGNET-P01-L1-LOW-CAL-OFFICIAL-R2:256_PER_CLASS-MR02:calibration"",""P03SelectionScoreRecord:P02-A0-PhysioNetMI-DNN-EEGNET-P01-L1-LOW-CAL-OFFICIAL-R2:256_PER_CLASS-MR02:validation"",""P02-A0-PhysioNetMI-DNN-EEGNET-P01-L1-LOW-CAL-OFFICIAL-R2:256_PER_CLASS-MR02""]","[""444272f3cea1e39ff3fe035be4421a8c34b3d63b49c3ab7e8ca6a5a70d9f7d34"",""dfe7445a47332ca56519b38bca710d0a99644210e80660906452161cb0715cb6"",""72f66bc6663482eac0a540dabb7a704bbc37b09805fa38df9e316d43a5f87733"",""1ccf42433d12fdbdc26cfd42bd40a000f81e393ed5230f71b9a2a43635838335"",""41dc41f3982014f644a56fe79a590a32b2be5f9fe0f374300095d92d0b929f50"",""8b3e8bcb98fffa5ea12d04cbd3c345aa38898808f123fd7acc6fb9d221c4c347"",""db27dfe7877604d8d264b6434f0828dc35f0fa366c6f2834feeacd1dbe6e3f14"",""da5c855941c673c176857d510fb59f2f993537ee7be45bb7e0f5186e9f17e588"",""0e4d987bf078bb7a4753e2defe5c2acc94a6f96a69daaa845b7df80f0eb30aa2"",""bb87213ea5dc0486ea3b6fe93d65a3d5ce42cdb07eaa21f66bdea8ebf19358bf"",""ed79daf30fe56ec08117bd2bea4e06cec8d5338333934e25c02d3166ab4e8641"",""80408e040a182b6cf411c8515434ddfca98e0b7aff3f879abf8d1c47aa5d0d7e"",""fb0ea32eb869e9dfd233dd06fefd970801a78e9c76b4252ddaf8effbc6cbaf1c""]","[""P03-ReliabilityAuditReport-de9862be9034eadf5e63"",""P03-CalibrationRecord-ec772ae2185ae092558c"",""GROUP-07746961c70d1cb4cfba"",""P03-SplitIntegrityReport-2a3631cfac30278519a7"",""P03-CalibrationEligibilityTable-6de56f6d41407ce7ab93"",""P03-CalibrationRecord-e46e8c31c1323ac159bf"",""ModelRegistryRecord:91a34a1a053b899b7f2289a8"",""IHARQ-SPLITRECORD-20260806-e4e371d332c61e36""]"
CalibrationMetricSourceTable.v1,1.0.0,SOURCE_TABLE_PROFILE_NOT_REGISTERED_AS_RECORD_FAMILY,P03-PROD-022,P03-CAL-METRIC-SOURCE-TABLE-SUPPLEMENT-8518654a4afcfe1f1933,P03-CAL-METRIC-SOURCE-ROW-SUPPLEMENT-16e70913882b2ad9772d,P03-L3-POSTEXT-64-128-256-R1-1833e865bcb88ff8,2e5ebd6fc62f4c9ca3ed0102914f64142de9e1206be0b6e6b3e32cad90f1d742,IHARQ-P03-L3-OFFICIAL-STRETCH-C-EXECUTION-FREEZE-R1,P03S-POSTEXT-64-128-256-PRE14-EVIDENCE-HARDENING-R1_1-S12-EVIDENCE,False,GROUP-f29de7eae2b6b9456b66,PhysioNetMI,DNN-EEGNET:EEGNet-R7-LAWHERN-SMR-P01-160HZ:P02S-LLX-R1-A0-PhysioNetMI-DNN-EEGNET-256PC-MR03,P01-L1-LOW-CAL-OFFICIAL-R2:256_PER_CLASS,IHARQ-SPLITRECORD-20260806-e4e371d332c61e36,test,495,P03-OFFICIAL-METRICS-R1,P03-OFFICIAL-EQUAL-WIDTH-15-R1,P03-RELIABILITY-24328598ce683cc9f92b,P03-RELIABILITY-RAW-44947d88b366afabac7a,GROUP-f29de7eae2b6b9456b66:raw,GROUP-f29de7eae2b6b9456b66:selected,P03-CalibrationRecord-9e2658249164a32acf06,0.5236838807181756,0.5091186319016606,-0.014565248816514997,0.7279171177434142,0.7035349117194137,-0.02438220602400043,0.09024223168467871,0.09240232203343296,0.002160090348754251,"[""P03-ReliabilityAuditReport-fadb6717110ef79ae2e0"",""P03-CalibrationRecord-9e2658249164a32acf06"",""P03SelectionScoreRecord:P02-A0-PhysioNetMI-DNN-EEGNET-P01-L1-LOW-CAL-OFFICIAL-R2:256_PER_CLASS-MR03:calibration"",""P03SelectionScoreRecord:P02-A0-PhysioNetMI-DNN-EEGNET-P01-L1-LOW-CAL-OFFICIAL-R2:256_PER_CLASS-MR03:validation"",""P02-A0-PhysioNetMI-DNN-EEGNET-P01-L1-LOW-CAL-OFFICIAL-R2:256_PER_CLASS-MR03""]","[""ec34b40fed627eb209cc692196a0297247581835df1fbc94b4e7d9e8087774ff"",""d05dc3720787761d79ed85115346cf664866f0765cb6b9a4955caf57f8b1b0bd"",""803d308ce4b309133f9dfe5ddec80af151eceeb56f216a45798a6a3d71202624"",""ddfafef2dd0691d88fd9552331816b99a4ee01b2bacdf6a79417d1a773d80052"",""e526aeccb950605e9ff3311e8debd5af091d5e6bdfc2960c6ff5f41606996990"",""a56e35e0960ec04debbfb5dce295d0dca83c30f9bd5f8c3865229691bc2adf48"",""bca653e66036964e3e5e88a8132908a1e2647fc509bab044a31f7622e9fdd5b3"",""ed921d7381453f905548917930cb272305b574b92d5e9877a33a0c42e2e715c8"",""0e4d987bf078bb7a4753e2defe5c2acc94a6f96a69daaa845b7df80f0eb30aa2"",""9dd3f845dbfef769e05db2d65d71025c4a7f16e42cb6aff4f55e5171f5d34c61"",""430de4d53cac666891eb516f0c002f4fb278d77355ea440cd77d1cecef8c52ef"",""a6b20b17f79034917d084f1a8622dee636fd24d89120509d31fcd66a4feb0ee4"",""fb0ea32eb869e9dfd233dd06fefd970801a78e9c76b4252ddaf8effbc6cbaf1c""]","[""P03-ReliabilityAuditReport-fadb6717110ef79ae2e0"",""P03-CalibrationRecord-9e2658249164a32acf06"",""GROUP-f29de7eae2b6b9456b66"",""P03-SplitIntegrityReport-273d990b7ee3f834652b"",""P03-CalibrationEligibilityTable-61d6f7dd3c51ecb79986"",""P03-CalibrationRecord-e2ab4b4d4b3c72748f7d"",""ModelRegistryRecord:cbbcceb9fa05d28fda4a590b"",""IHARQ-SPLITRECORD-20260806-e4e371d332c61e36""]"
CalibrationMetricSourceTable.v1,1.0.0,SOURCE_TABLE_PROFILE_NOT_REGISTERED_AS_RECORD_FAMILY,P03-PROD-022,P03-CAL-METRIC-SOURCE-TABLE-SUPPLEMENT-8518654a4afcfe1f1933,P03-CAL-METRIC-SOURCE-ROW-SUPPLEMENT-1a87899e833cb21a4dc2,P03-L3-POSTEXT-64-128-256-R1-1833e865bcb88ff8,2e5ebd6fc62f4c9ca3ed0102914f64142de9e1206be0b6e6b3e32cad90f1d742,IHARQ-P03-L3-OFFICIAL-STRETCH-C-EXECUTION-FREEZE-R1,P03S-POSTEXT-64-128-256-PRE14-EVIDENCE-HARDENING-R1_1-S12-EVIDENCE,False,GROUP-c1927a247e4c300df156,PhysioNetMI,DNN-EEGNET:EEGNet-R7-LAWHERN-SMR-P01-160HZ:P02S-LLX-R1-A0-PhysioNetMI-DNN-EEGNET-256PC-MR04,P01-L1-LOW-CAL-OFFICIAL-R2:256_PER_CLASS,IHARQ-SPLITRECORD-20260806-e4e371d332c61e36,test,495,P03-OFFICIAL-METRICS-R1,P03-OFFICIAL-EQUAL-WIDTH-15-R1,P03-RELIABILITY-aa3907ecf546bb5ba2a5,P03-RELIABILITY-RAW-fc8dfdf1ac9de0c7b5a6,GROUP-c1927a247e4c300df156:raw,GROUP-c1927a247e4c300df156:selected,P03-CalibrationRecord-d06030c3f59891e52226,0.5116710109103144,0.5035327523893075,-0.008138258521006914,0.7328694743425107,0.6977895621442692,-0.03507991219824147,0.10472257186271577,0.08783943120131643,-0.016883140661399343,"[""P03-ReliabilityAuditReport-fad66dffe59f3c1bae27"",""P03-CalibrationRecord-d06030c3f59891e52226"",""P03SelectionScoreRecord:P02-A0-PhysioNetMI-DNN-EEGNET-P01-L1-LOW-CAL-OFFICIAL-R2:256_PER_CLASS-MR04:calibration"",""P03SelectionScoreRecord:P02-A0-PhysioNetMI-DNN-EEGNET-P01-L1-LOW-CAL-OFFICIAL-R2:256_PER_CLASS-MR04:validation"",""P02-A0-PhysioNetMI-DNN-EEGNET-P01-L1-LOW-CAL-OFFICIAL-R2:256_PER_CLASS-MR04""]","[""059570bcb10390292da13b7eac39c96f22934f0c309ac181c162caf0f8c5bfca"",""f38678f3b744405deafadfb9487dcd960e6bc464ee9ca7ee93bb7539bbcec28e"",""0517c2c105dfa08af66b2c2c895a496b75c156bdefb042c8e0d4cd714d23be15"",""e16c1bb965b3c190dd66f2395cd628d7f20f57785522f8270b129eca1f22d816"",""ca4693cc1db153cc55d81c1c3f33a23b34c1f46322e2d41c0cf82a8de7cf51de"",""fa8d134f8326266ccd74ff87deb9d3c9e233bae6e06b76db1842c046f53d9e03"",""23763dde3b7b5c21adee6bf665866770d72fe4ef93e48992a0169c01796fc335"",""7202ebebc2ef9ff84ee6a53a1d821d5901cb4c779bde7f23f87ccb049707d379"",""0e4d987bf078bb7a4753e2defe5c2acc94a6f96a69daaa845b7df80f0eb30aa2"",""f3a4bb83a6ff4ce1f8eeec3f328af6b75aaa28d08cc5f48f017f8917ee67fd3c"",""caba2283cf0dbe970ad5469b6d40227d496805b12d349e59a3d2f48d11462d72"",""c04651520e7ee12cc77bf846100c9497fc3d074bf3005ba1f44e33dde01cb616"",""fb0ea32eb869e9dfd233dd06fefd970801a78e9c76b4252ddaf8effbc6cbaf1c""]","[""P03-ReliabilityAuditReport-fad66dffe59f3c1bae27"",""P03-CalibrationRecord-d06030c3f59891e52226"",""GROUP-c1927a247e4c300df156"",""P03-SplitIntegrityReport-bff751b2ad075a893d10"",""P03-CalibrationEligibilityTable-8df794e42d085c12890b"",""P03-CalibrationRecord-8dc9ef20b63601ca9aef"",""ModelRegistryRecord:503d82fefccb1ea0ed7dade8"",""IHARQ-SPLITRECORD-20260806-e4e371d332c61e36""]"
CalibrationMetricSourceTable.v1,1.0.0,SOURCE_TABLE_PROFILE_NOT_REGISTERED_AS_RECORD_FAMILY,P03-PROD-022,P03-CAL-METRIC-SOURCE-TABLE-SUPPLEMENT-8518654a4afcfe1f1933,P03-CAL-METRIC-SOURCE-ROW-SUPPLEMENT-872d157e97972c505003,P03-L3-POSTEXT-64-128-256-R1-1833e865bcb88ff8,2e5ebd6fc62f4c9ca3ed0102914f64142de9e1206be0b6e6b3e32cad90f1d742,IHARQ-P03-L3-OFFICIAL-STRETCH-C-EXECUTION-FREEZE-R1,P03S-POSTEXT-64-128-256-PRE14-EVIDENCE-HARDENING-R1_1-S12-EVIDENCE,False,GROUP-645c173d0386360bf73c,PhysioNetMI,DNN-EEGNET:EEGNet-R7-LAWHERN-SMR-P01-160HZ:P02S-LLX-R1-A0-PhysioNetMI-DNN-EEGNET-64PC-MR00,P01-L1-LOW-CAL-OFFICIAL-R2:64_PER_CLASS,IHARQ-SPLITRECORD-20260806-e4e371d332c61e36,test,495,P03-OFFICIAL-METRICS-R1,P03-OFFICIAL-EQUAL-WIDTH-15-R1,P03-RELIABILITY-0ff3809f906b55ce0b3e,P03-RELIABILITY-RAW-6bc3442b6905cef95ff3,GROUP-645c173d0386360bf73c:raw,GROUP-645c173d0386360bf73c:selected,P03-CalibrationRecord-1385e0780c8be1381f1b,0.5089296147250617,0.4994014800732959,-0.00952813465176583,0.7033339639714701,0.6925482853186039,-0.01078567865286617,0.05930951827953983,0.00018461379833212277,-0.059124904481207705,"[""P03-ReliabilityAuditReport-a987f3115f4c18e90799"",""P03-CalibrationRecord-1385e0780c8be1381f1b"",""P03SelectionScoreRecord:P02-A0-PhysioNetMI-DNN-EEGNET-P01-L1-LOW-CAL-OFFICIAL-R2:64_PER_CLASS-MR00:calibration"",""P03SelectionScoreRecord:P02-A0-PhysioNetMI-DNN-EEGNET-P01-L1-LOW-CAL-OFFICIAL-R2:64_PER_CLASS-MR00:validation"",""P02-A0-PhysioNetMI-DNN-EEGNET-P01-L1-LOW-CAL-OFFICIAL-R2:64_PER_CLASS-MR00""]","[""7275eafd35e29ab05a69766829ff56a989675b39420d9a5db0a828e2e2b445c2"",""1e2d45760167b87d77d24bf3846f5a800997a661ebb98c82e27ebddd701690a0"",""c6af566a454c98be03bcbb75f08dbc9f9b56a20dfee023935e8e0d3003058f29"",""321acd7ec629b252d6c104a103a2d2d1fd5bed3a12356684a1078b5359cf9053"",""9c099dc59d13805010bf11b0842ec195699e69335c86dff5672128713a5de40b"",""6156ea683fe5fc93ba9b9c30c105a6354aa9fd842631da913dfba6a82ca380d8"",""e563cb637efdc46193c5074d3ea38dd3153e32b9aa225c9961a52ce77c9f0742"",""3e79036b1c5545d184c42831c515366747ebbd7605bcba1084986d99d27e26e0"",""0e4d987bf078bb7a4753e2defe5c2acc94a6f96a69daaa845b7df80f0eb30aa2"",""07d0f326aa018c3bc5e07f09413bae2b7531358d1b01843cc92a4a7e96cf7277"",""053b02c909ece928d57710c9454cd9a36a0c59e178f08e5dcd08330e1c18ccfb"",""93ab5f525a7319ac02ea0bfd1eab6842d50a29d169b3c9fb9637e3683505164e"",""fb0ea32eb869e9dfd233dd06fefd970801a78e9c76b4252ddaf8effbc6cbaf1c""]","[""P03-ReliabilityAuditReport-a987f3115f4c18e90799"",""P03-CalibrationRecord-1385e0780c8be1381f1b"",""GROUP-645c173d0386360bf73c"",""P03-SplitIntegrityReport-191aede1de45be5287fc"",""P03-CalibrationEligibilityTable-2720019152d5d76b2a2c"",""P03-CalibrationRecord-c098dcf97b64ea2c9f7d"",""ModelRegistryRecord:929265bb27069e95a0d0a404"",""IHARQ-SPLITRECORD-20260806-e4e371d332c61e36""]"
CalibrationMetricSourceTable.v1,1.0.0,SOURCE_TABLE_PROFILE_NOT_REGISTERED_AS_RECORD_FAMILY,P03-PROD-022,P03-CAL-METRIC-SOURCE-TABLE-SUPPLEMENT-8518654a4afcfe1f1933,P03-CAL-METRIC-SOURCE-ROW-SUPPLEMENT-692df1605ff7adc670da,P03-L3-POSTEXT-64-128-256-R1-1833e865bcb88ff8,2e5ebd6fc62f4c9ca3ed0102914f64142de9e1206be0b6e6b3e32cad90f1d742,IHARQ-P03-L3-OFFICIAL-STRETCH-C-EXECUTION-FREEZE-R1,P03S-POSTEXT-64-128-256-PRE14-EVIDENCE-HARDENING-R1_1-S12-EVIDENCE,False,GROUP-10b4faacf273cf3cdc77,PhysioNetMI,DNN-EEGNET:EEGNet-R7-LAWHERN-SMR-P01-160HZ:P02S-LLX-R1-A0-PhysioNetMI-DNN-EEGNET-64PC-MR01,P01-L1-LOW-CAL-OFFICIAL-R2:64_PER_CLASS,IHARQ-SPLITRECORD-20260806-e4e371d332c61e36,test,495,P03-OFFICIAL-METRICS-R1,P03-OFFICIAL-EQUAL-WIDTH-15-R1,P03-RELIABILITY-ab28ad4872fc269fc996,P03-RELIABILITY-RAW-76324e636dfefacb9cd6,GROUP-10b4faacf273cf3cdc77:raw,GROUP-10b4faacf273cf3cdc77:selected,P03-CalibrationRecord-963bfe7131d53d718d22,0.5334158565339234,0.5060232296227609,-0.02739262691116251,0.7474950822696362,0.6991986462363461,-0.04829643603329015,0.11080411740802142,0.07328211373363555,-0.037522003674385865,"[""P03-ReliabilityAuditReport-c8aaa10e5c82028e64b9"",""P03-CalibrationRecord-963bfe7131d53d718d22"",""P03SelectionScoreRecord:P02-A0-PhysioNetMI-DNN-EEGNET-P01-L1-LOW-CAL-OFFICIAL-R2:64_PER_CLASS-MR01:calibration"",""P03SelectionScoreRecord:P02-A0-PhysioNetMI-DNN-EEGNET-P01-L1-LOW-CAL-OFFICIAL-R2:64_PER_CLASS-MR01:validation"",""P02-A0-PhysioNetMI-DNN-EEGNET-P01-L1-LOW-CAL-OFFICIAL-R2:64_PER_CLASS-MR01""]","[""27a7e3487a046945fb1183248cf97c178581c3780642fe5830df0334565e764f"",""acf2d67ed1f2c7419148b23874dc10fdc9dfbd7a4f5c6affdbc47fd4e0955e61"",""bcabeafb487721cdeba34a4e9df1e507f425ecf1a1f01ab1dc2a9fc96e42d61a"",""0fdd64c0339aa3ad295b1d5cc03c2740a93e1d699b55be127379295999efd79b"",""1c485cfd9017c8db6109d847f3c97c5b596e536c6c8e7b1ce1a5dac3e504bfba"",""8a39e912fe42131bb66644f38a56ee750f265c768ebad828848678de3fd544fb"",""d03594109026484994ab8020431c42a7fd7294a8e0b8eeb05f5c8fdf755c68fd"",""6baa97cbb1be0fef42708bf9c3b748987454d538dd02fff28d2c7dcf37322188"",""0e4d987bf078bb7a4753e2defe5c2acc94a6f96a69daaa845b7df80f0eb30aa2"",""ec534d992a14d4ca532801b0e277c06c4d3b0b3036a2e29c8adf3e875bc85a79"",""cfc8b3a17e78f37089c5b9a76a34907f607cbacf979af4eb18025a76de68f80c"",""c9eeac19c2019adb3ce0811c8bcd8867585a848ca3e7093923a00bf5250f2576"",""fb0ea32eb869e9dfd233dd06fefd970801a78e9c76b4252ddaf8effbc6cbaf1c""]","[""P03-ReliabilityAuditReport-c8aaa10e5c82028e64b9"",""P03-CalibrationRecord-963bfe7131d53d718d22"",""GROUP-10b4faacf273cf3cdc77"",""P03-SplitIntegrityReport-b1100a54f72441f17814"",""P03-CalibrationEligibilityTable-0a7092301c9dc59eb1cb"",""P03-CalibrationRecord-0aa844ad12c92e727e06"",""ModelRegistryRecord:2961b1894b568486d270483a"",""IHARQ-SPLITRECORD-20260806-e4e371d332c61e36""]"
CalibrationMetricSourceTable.v1,1.0.0,SOURCE_TABLE_PROFILE_NOT_REGISTERED_AS_RECORD_FAMILY,P03-PROD-022,P03-CAL-METRIC-SOURCE-TABLE-SUPPLEMENT-8518654a4afcfe1f1933,P03-CAL-METRIC-SOURCE-ROW-SUPPLEMENT-ca141c797a790409acd2,P03-L3-POSTEXT-64-128-256-R1-1833e865bcb88ff8,2e5ebd6fc62f4c9ca3ed0102914f64142de9e1206be0b6e6b3e32cad90f1d742,IHARQ-P03-L3-OFFICIAL-STRETCH-C-EXECUTION-FREEZE-R1,P03S-POSTEXT-64-128-256-PRE14-EVIDENCE-HARDENING-R1_1-S12-EVIDENCE,False,GROUP-3077ba88280b57cb140a,PhysioNetMI,DNN-EEGNET:EEGNet-R7-LAWHERN-SMR-P01-160HZ:P02S-LLX-R1-A0-PhysioNetMI-DNN-EEGNET-64PC-MR02,P01-L1-LOW-CAL-OFFICIAL-R2:64_PER_CLASS,IHARQ-SPLITRECORD-20260806-e4e371d332c61e36,test,495,P03-OFFICIAL-METRICS-R1,P03-OFFICIAL-EQUAL-WIDTH-15-R1,P03-RELIABILITY-b1c47271ad0f2fd4cf4e,P03-RELIABILITY-RAW-07f2e298a4df992aa273,GROUP-3077ba88280b57cb140a:raw,GROUP-3077ba88280b57cb140a:selected,P03-CalibrationRecord-8797e052747bdcec1484,0.5575291094169976,0.503714290622232,-0.05381481879476557,0.7942940529572773,0.6970449633158478,-0.09724908964142953,0.13905729314850238,0.03024536875811412,-0.10881192439038825,"[""P03-ReliabilityAuditReport-d9826ec9e514576e9660"",""P03-CalibrationRecord-8797e052747bdcec1484"",""P03SelectionScoreRecord:P02-A0-PhysioNetMI-DNN-EEGNET-P01-L1-LOW-CAL-OFFICIAL-R2:64_PER_CLASS-MR02:calibration"",""P03SelectionScoreRecord:P02-A0-PhysioNetMI-DNN-EEGNET-P01-L1-LOW-CAL-OFFICIAL-R2:64_PER_CLASS-MR02:validation"",""P02-A0-PhysioNetMI-DNN-EEGNET-P01-L1-LOW-CAL-OFFICIAL-R2:64_PER_CLASS-MR02""]","[""4942d6ab31fa08bc0252cc71114a60d34cedfe6f41b7fb4db3db0eb8664c7121"",""52fceb85936df4c4888cec1d4a281f01a7a3af533c8e171e54d5a0d3cfca6387"",""445ac03214665c393c68f39c352566acb06411170ebe6337f270fc6a9975ab47"",""d5eecc455855716044b5b28977ba2006ce9f111f7c3ac58c705e3e0ec6e510f7"",""c940e824256a87caa1fce96e595bb3790b2c294111c2da5f38bf6ba16fd61177"",""98a6d1267e548e318e20560e0aa9f5b873d90b00d4b690245355ea00dc889ac2"",""cfde0f56f52a3d1faa36b346fe1ee6cb125dc2ef95c2aeb24b5bbb712891748e"",""6a037fca42af77f541ea7bb530c9c35aa0c19e456adaf9a4e9d562be3b1eda8e"",""0e4d987bf078bb7a4753e2defe5c2acc94a6f96a69daaa845b7df80f0eb30aa2"",""4ada998e31391753da4882e7f642542b4ac5df18c3dafc20faf1935e4f8964d2"",""3068818d4d95f86ad5c0287012d6cc19cd6e89e3e49279bfb70b1a0a027196d0"",""979b2bae3da6771c1c8089c5f603999b5e73a6d0d710d57733a606916d8cbd26"",""fb0ea32eb869e9dfd233dd06fefd970801a78e9c76b4252ddaf8effbc6cbaf1c""]","[""P03-ReliabilityAuditReport-d9826ec9e514576e9660"",""P03-CalibrationRecord-8797e052747bdcec1484"",""GROUP-3077ba88280b57cb140a"",""P03-SplitIntegrityReport-c0c6c605c9f1160e06ef"",""P03-CalibrationEligibilityTable-4a024111ea62d28c2ccb"",""P03-CalibrationRecord-6773f54ba97b2f6eb62b"",""ModelRegistryRecord:5fa57aeefc90357405ee7ab6"",""IHARQ-SPLITRECORD-20260806-e4e371d332c61e36""]"
CalibrationMetricSourceTable.v1,1.0.0,SOURCE_TABLE_PROFILE_NOT_REGISTERED_AS_RECORD_FAMILY,P03-PROD-022,P03-CAL-METRIC-SOURCE-TABLE-SUPPLEMENT-8518654a4afcfe1f1933,P03-CAL-METRIC-SOURCE-ROW-SUPPLEMENT-9d7714754dc52069504c,P03-L3-POSTEXT-64-128-256-R1-1833e865bcb88ff8,2e5ebd6fc62f4c9ca3ed0102914f64142de9e1206be0b6e6b3e32cad90f1d742,IHARQ-P03-L3-OFFICIAL-STRETCH-C-EXECUTION-FREEZE-R1,P03S-POSTEXT-64-128-256-PRE14-EVIDENCE-HARDENING-R1_1-S12-EVIDENCE,False,GROUP-333d9dd484e913c79684,PhysioNetMI,DNN-EEGNET:EEGNet-R7-LAWHERN-SMR-P01-160HZ:P02S-LLX-R1-A0-PhysioNetMI-DNN-EEGNET-64PC-MR03,P01-L1-LOW-CAL-OFFICIAL-R2:64_PER_CLASS,IHARQ-SPLITRECORD-20260806-e4e371d332c61e36,test,495,P03-OFFICIAL-METRICS-R1,P03-OFFICIAL-EQUAL-WIDTH-15-R1,P03-RELIABILITY-078ea667f44caacd4289,P03-RELIABILITY-RAW-2b644018ee78bd03504d,GROUP-333d9dd484e913c79684:raw,GROUP-333d9dd484e913c79684:selected,P03-CalibrationRecord-59a6ed40319300e65387,0.6284068334744638,0.5010671894327987,-0.1273396440416651,1.1041118216249464,0.6944860044727572,-0.40962581715218915,0.19180109398857312,0.021794208651301238,-0.17000688533727187,"[""P03-ReliabilityAuditReport-4182eaac17f01912c163"",""P03-CalibrationRecord-59a6ed40319300e65387"",""P03SelectionScoreRecord:P02-A0-PhysioNetMI-DNN-EEGNET-P01-L1-LOW-CAL-OFFICIAL-R2:64_PER_CLASS-MR03:calibration"",""P03SelectionScoreRecord:P02-A0-PhysioNetMI-DNN-EEGNET-P01-L1-LOW-CAL-OFFICIAL-R2:64_PER_CLASS-MR03:validation"",""P02-A0-PhysioNetMI-DNN-EEGNET-P01-L1-LOW-CAL-OFFICIAL-R2:64_PER_CLASS-MR03""]","[""e0b8dc1ebc3cb9d9bf049c03606ae7f930e9fa260a03d91e8603278e85c5d28c"",""88f33e33c27c11ebd2c6d9a923e54e136fff070dbc548bdc3fe60c2753c8486d"",""73d7209ce3c066babf3389d92aaa8bb56b6f2849092b18cd3e23328f6b7394c2"",""3af022b29a76cfab77d5bdf210123701748d811cf600dcbd8109107f1fc96afd"",""3c2ee0d0fc1de498fba8285250a02c39f64f5fef07e1983bdb517d4d1866eb9e"",""dbd40426bda0998b6d2150ea7926522d8ab02fce08c927223b09de2e55d529a0"",""1a3636cc8d5828647c6836405f233aa2757ca246414d69a6a5d0e9566c91e371"",""facb99ed0554bc688946002d464d03f38bd8b4280ff44f50016ae1ed63deadae"",""0e4d987bf078bb7a4753e2defe5c2acc94a6f96a69daaa845b7df80f0eb30aa2"",""69485c7d30d5a83a7cdeb43785b7a9f986668700b8475f5fa3e9fe8519d46ed8"",""b2fef82aa76c2396f03732a5b3d092805c8aa494d130e6b4be1b49c5621be0ce"",""f34d519a3d273542fb40e9ddf6f1affca960baa4980f91a6c81859e6216074c8"",""fb0ea32eb869e9dfd233dd06fefd970801a78e9c76b4252ddaf8effbc6cbaf1c""]","[""P03-ReliabilityAuditReport-4182eaac17f01912c163"",""P03-CalibrationRecord-59a6ed40319300e65387"",""GROUP-333d9dd484e913c79684"",""P03-SplitIntegrityReport-7f354146d09138f99554"",""P03-CalibrationEligibilityTable-c089d871f164a689569e"",""P03-CalibrationRecord-0b12098a625303edac26"",""ModelRegistryRecord:c7385844f0f5a849dc7639d1"",""IHARQ-SPLITRECORD-20260806-e4e371d332c61e36""]"
CalibrationMetricSourceTable.v1,1.0.0,SOURCE_TABLE_PROFILE_NOT_REGISTERED_AS_RECORD_FAMILY,P03-PROD-022,P03-CAL-METRIC-SOURCE-TABLE-SUPPLEMENT-8518654a4afcfe1f1933,P03-CAL-METRIC-SOURCE-ROW-SUPPLEMENT-2ce5498d3136029fcd1a,P03-L3-POSTEXT-64-128-256-R1-1833e865bcb88ff8,2e5ebd6fc62f4c9ca3ed0102914f64142de9e1206be0b6e6b3e32cad90f1d742,IHARQ-P03-L3-OFFICIAL-STRETCH-C-EXECUTION-FREEZE-R1,P03S-POSTEXT-64-128-256-PRE14-EVIDENCE-HARDENING-R1_1-S12-EVIDENCE,False,GROUP-aadd8c1f23a8d785707e,PhysioNetMI,DNN-EEGNET:EEGNet-R7-LAWHERN-SMR-P01-160HZ:P02S-LLX-R1-A0-PhysioNetMI-DNN-EEGNET-64PC-MR04,P01-L1-LOW-CAL-OFFICIAL-R2:64_PER_CLASS,IHARQ-SPLITRECORD-20260806-e4e371d332c61e36,test,495,P03-OFFICIAL-METRICS-R1,P03-OFFICIAL-EQUAL-WIDTH-15-R1,P03-RELIABILITY-5f7bc137bafff3d403c9,P03-RELIABILITY-RAW-4988fc57c4de06793043,GROUP-aadd8c1f23a8d785707e:raw,GROUP-aadd8c1f23a8d785707e:selected,P03-CalibrationRecord-81e4513b90ce0c16bf54,0.4949803788973787,0.4994361741470072,0.004455795249628469,0.6880667176094508,0.6925832820011031,0.004516564391652267,0.05278400059040721,0.05808466052645178,0.005300659936044574,"[""P03-ReliabilityAuditReport-5fb01f4ef10193e136c3"",""P03-CalibrationRecord-81e4513b90ce0c16bf54"",""P03SelectionScoreRecord:P02-A0-PhysioNetMI-DNN-EEGNET-P01-L1-LOW-CAL-OFFICIAL-R2:64_PER_CLASS-MR04:calibration"",""P03SelectionScoreRecord:P02-A0-PhysioNetMI-DNN-EEGNET-P01-L1-LOW-CAL-OFFICIAL-R2:64_PER_CLASS-MR04:validation"",""P02-A0-PhysioNetMI-DNN-EEGNET-P01-L1-LOW-CAL-OFFICIAL-R2:64_PER_CLASS-MR04""]","[""b28cbbd521f5a5d711f0ee0d86fa6f58118dc108f7bad92d3158f6e13027004f"",""9324c6bbe06ab1c4c62b60aa98c61a304ed029880f553afeb6f59be74a7c3db6"",""1cbc91465df2265105011b667028b1af07c399eec3ffc977266a3a13e5d958bb"",""a61e533855c4accb0e99935683f6bc2456b0e54c305c116c48d73ae77f164562"",""962425807096db2026071a38b239bfd9f881b50eca2d2104c9a4b199837ce442"",""345cc711ebbf06885fef9175f69bc837cf71d9f05b8919de1728c0349571de7f"",""9b887ec8db26111e92a39dee2ced6e1a01787010b08b1ce421c0bf6b5f9c639d"",""f25a777423198e11be7e05e066a0808084de7dd6400ee35754953cb3ae42261a"",""0e4d987bf078bb7a4753e2defe5c2acc94a6f96a69daaa845b7df80f0eb30aa2"",""7bb2fdfc88d2fcefc682bd0499d724b276a9975508ec01ea60fa5567f67724a3"",""c83b3cc3ea0fb2b40857eb883cd0eedd64bf5b16fe28426984773409d298cdbd"",""c0739ac25b0d66ba691a48482d74de7e5ebfaa0bcdbe6257e6494453ef7c7983"",""fb0ea32eb869e9dfd233dd06fefd970801a78e9c76b4252ddaf8effbc6cbaf1c""]","[""P03-ReliabilityAuditReport-5fb01f4ef10193e136c3"",""P03-CalibrationRecord-81e4513b90ce0c16bf54"",""GROUP-aadd8c1f23a8d785707e"",""P03-SplitIntegrityReport-b322a31e92c73ffe82f6"",""P03-CalibrationEligibilityTable-f377cc7cd540e0e01cef"",""P03-CalibrationRecord-318532fb407a407e8c41"",""ModelRegistryRecord:fe779130fd1e8ef60ba6aa99"",""IHARQ-SPLITRECORD-20260806-e4e371d332c61e36""]"
CalibrationMetricSourceTable.v1,1.0.0,SOURCE_TABLE_PROFILE_NOT_REGISTERED_AS_RECORD_FAMILY,P03-PROD-022,P03-CAL-METRIC-SOURCE-TABLE-SUPPLEMENT-8518654a4afcfe1f1933,P03-CAL-METRIC-SOURCE-ROW-SUPPLEMENT-1b64d644aba39a4387d5,P03-L3-POSTEXT-64-128-256-R1-1833e865bcb88ff8,2e5ebd6fc62f4c9ca3ed0102914f64142de9e1206be0b6e6b3e32cad90f1d742,IHARQ-P03-L3-OFFICIAL-STRETCH-C-EXECUTION-FREEZE-R1,P03S-POSTEXT-64-128-256-PRE14-EVIDENCE-HARDENING-R1_1-S12-EVIDENCE,False,GROUP-34abfb1b6b027b8e7858,PhysioNetMI,RIE-TS-LR:RIE-TS-LR:P02S-LLX-R1-A0-PhysioNetMI-RIE-TS-LR-128PC-MR00,P01-L1-LOW-CAL-OFFICIAL-R2:128_PER_CLASS,IHARQ-SPLITRECORD-20260806-e4e371d332c61e36,test,495,P03-OFFICIAL-METRICS-R1,P03-OFFICIAL-EQUAL-WIDTH-15-R1,P03-RELIABILITY-1b05cf2f8274e169122c,P03-RELIABILITY-RAW-c16bd22fade7f5e6871c,GROUP-34abfb1b6b027b8e7858:raw,GROUP-34abfb1b6b027b8e7858:selected,P03-CalibrationRecord-de8f61bc5883b37c9100,0.5993794404779262,0.4979776766540279,-0.10140176382389832,0.8677184865195579,0.6909538630595571,-0.17676462346000077,0.22692081294015967,0.07576436374639632,-0.15115644919376336,"[""P03-ReliabilityAuditReport-9bcc3ef12ac13f09e9e0"",""P03-CalibrationRecord-de8f61bc5883b37c9100"",""P03SelectionScoreRecord:P02-A0-PhysioNetMI-RIE-TS-LR-P01-L1-LOW-CAL-OFFICIAL-R2:128_PER_CLASS-MR00:calibration"",""P03SelectionScoreRecord:P02-A0-PhysioNetMI-RIE-TS-LR-P01-L1-LOW-CAL-OFFICIAL-R2:128_PER_CLASS-MR00:validation"",""P02-A0-PhysioNetMI-RIE-TS-LR-P01-L1-LOW-CAL-OFFICIAL-R2:128_PER_CLASS-MR00""]","[""0f96f882adbed7d41a10bb41b6672dd0244522f2410bca0eb49dc007dc22b7df"",""7a82948a38192009b91c94438c142001285ad54b2e5b7e288d7a79115a3155f8"",""d9a9d39358609027a000bc79f5840674afcd5a96f3ee88c89adc79859099b3d8"",""3c49403328c5d207be7d956cbfd6692d14bf4ba45f78bf5d8ef949ec65363531"",""6a4b8f251b4b3092e69cf122292331db9cce4888bee6b7fe48cc80617e134dd1"",""96484bf12ac3aa70ab89ff880cabe0621bbbcebdb83260eb5222ff57df0cb14b"",""907a67367098a87af007c069be9f9c82223c322c3f42324c7852f220a996580a"",""d14d719c935dd4b3fde8ed47a8f4c077f67696821fb1e89abfeb371eba86a9e4"",""0e4d987bf078bb7a4753e2defe5c2acc94a6f96a69daaa845b7df80f0eb30aa2"",""c419a51a0a1a03a5e4e2b39e7cc0ed1e79b341ecab14133d0084dca4bcddce32"",""6e34adfbaa6543a3353175bc2fc76e6ce1eed779bf3e697aedb91de2d342b3a2"",""272d1bd1fba8343a3d520ae4c2190598bc987f94fd33a829ea3e39708b8c97f5"",""fb0ea32eb869e9dfd233dd06fefd970801a78e9c76b4252ddaf8effbc6cbaf1c""]","[""P03-ReliabilityAuditReport-9bcc3ef12ac13f09e9e0"",""P03-CalibrationRecord-de8f61bc5883b37c9100"",""GROUP-34abfb1b6b027b8e7858"",""P03-SplitIntegrityReport-b530505007105b44baaf"",""P03-CalibrationEligibilityTable-bcc8c5f5a20bfceb740d"",""P03-CalibrationRecord-5be27cd6e9ab22484a52"",""ModelRegistryRecord:dd136cb9d95490067df79edd"",""IHARQ-SPLITRECORD-20260806-e4e371d332c61e36""]"
CalibrationMetricSourceTable.v1,1.0.0,SOURCE_TABLE_PROFILE_NOT_REGISTERED_AS_RECORD_FAMILY,P03-PROD-022,P03-CAL-METRIC-SOURCE-TABLE-SUPPLEMENT-8518654a4afcfe1f1933,P03-CAL-METRIC-SOURCE-ROW-SUPPLEMENT-d5858f866a6015b78bb8,P03-L3-POSTEXT-64-128-256-R1-1833e865bcb88ff8,2e5ebd6fc62f4c9ca3ed0102914f64142de9e1206be0b6e6b3e32cad90f1d742,IHARQ-P03-L3-OFFICIAL-STRETCH-C-EXECUTION-FREEZE-R1,P03S-POSTEXT-64-128-256-PRE14-EVIDENCE-HARDENING-R1_1-S12-EVIDENCE,False,GROUP-07cef10ce3c19d6f7cc9,PhysioNetMI,RIE-TS-LR:RIE-TS-LR:P02S-LLX-R1-A0-PhysioNetMI-RIE-TS-LR-256PC-MR00,P01-L1-LOW-CAL-OFFICIAL-R2:256_PER_CLASS,IHARQ-SPLITRECORD-20260806-e4e371d332c61e36,test,495,P03-OFFICIAL-METRICS-R1,P03-OFFICIAL-EQUAL-WIDTH-15-R1,P03-RELIABILITY-7c047d2867916fb49d57,P03-RELIABILITY-RAW-a8f87211551384392790,GROUP-07cef10ce3c19d6f7cc9:raw,GROUP-07cef10ce3c19d6f7cc9:selected,P03-CalibrationRecord-45270f3b156c95b3be27,0.5057777647649052,0.49920427034734904,-0.006573494417556169,0.7040871249233848,0.6938314761680106,-0.010255648755374214,0.11685604343381913,0.10828516855492973,-0.008570874878889398,"[""P03-ReliabilityAuditReport-17c4453ebc59ecd598b9"",""P03-CalibrationRecord-45270f3b156c95b3be27"",""P03SelectionScoreRecord:P02-A0-PhysioNetMI-RIE-TS-LR-P01-L1-LOW-CAL-OFFICIAL-R2:256_PER_CLASS-MR00:calibration"",""P03SelectionScoreRecord:P02-A0-PhysioNetMI-RIE-TS-LR-P01-L1-LOW-CAL-OFFICIAL-R2:256_PER_CLASS-MR00:validation"",""P02-A0-PhysioNetMI-RIE-TS-LR-P01-L1-LOW-CAL-OFFICIAL-R2:256_PER_CLASS-MR00""]","[""b1b1adb9f6892e97dd61baeb4a94b16cf5c5dd77f8924d1e2839d41bbcb61711"",""129ff86d31ca7bac080a45f10416fbea2f7695bbfe031e835822254115d5d1fb"",""959db15ce156e38c89b6d570e3de8b630a8cd17c53007ea4ffc457aab22ffcee"",""2ae20637a8377b09186a7fd1cb20259afdd710495a74137f4aa17c0eb153eaa8"",""3104efa718f568282053dd3f3cedd0ec35f3e7f9e48aa6241e318b75e8c7a89f"",""7656bd8abaf39dea293af2b95bb20de3d9d0bea35452b3de2944cbe00c67da83"",""6337e64148df20246b973ef6f4ffe7a726e5b24a1719e312ba1fa123e8cea7bf"",""53e13e2631b5eec5f740ecc34fc6e7122b705022f5ea00bc6e249900d6b5a791"",""0e4d987bf078bb7a4753e2defe5c2acc94a6f96a69daaa845b7df80f0eb30aa2"",""0c1abcfe2a7357b0d530c0c63253027eb50f422a724c5df0fd0858b83e84951a"",""be93a77cab43da6c2a24643c0e08f9205dbe94c329812f67c652a7c75af71791"",""7d021187a89d9d0394e3faaa5c147a878cda99ef322751b9ad8323dd553ec012"",""fb0ea32eb869e9dfd233dd06fefd970801a78e9c76b4252ddaf8effbc6cbaf1c""]","[""P03-ReliabilityAuditReport-17c4453ebc59ecd598b9"",""P03-CalibrationRecord-45270f3b156c95b3be27"",""GROUP-07cef10ce3c19d6f7cc9"",""P03-SplitIntegrityReport-86a7b24f1abde0e617e7"",""P03-CalibrationEligibilityTable-cc91bbdb188ae2839bfd"",""P03-CalibrationRecord-05316cff696dd2577825"",""ModelRegistryRecord:654dd4db2c1ef78d0c474f63"",""IHARQ-SPLITRECORD-20260806-e4e371d332c61e36""]"
CalibrationMetricSourceTable.v1,1.0.0,SOURCE_TABLE_PROFILE_NOT_REGISTERED_AS_RECORD_FAMILY,P03-PROD-022,P03-CAL-METRIC-SOURCE-TABLE-SUPPLEMENT-8518654a4afcfe1f1933,P03-CAL-METRIC-SOURCE-ROW-SUPPLEMENT-5a5de8c9f4245a412f5d,P03-L3-POSTEXT-64-128-256-R1-1833e865bcb88ff8,2e5ebd6fc62f4c9ca3ed0102914f64142de9e1206be0b6e6b3e32cad90f1d742,IHARQ-P03-L3-OFFICIAL-STRETCH-C-EXECUTION-FREEZE-R1,P03S-POSTEXT-64-128-256-PRE14-EVIDENCE-HARDENING-R1_1-S12-EVIDENCE,False,GROUP-772abafe9d335445cf0b,PhysioNetMI,RIE-TS-LR:RIE-TS-LR:P02S-LLX-R1-A0-PhysioNetMI-RIE-TS-LR-64PC-MR00,P01-L1-LOW-CAL-OFFICIAL-R2:64_PER_CLASS,IHARQ-SPLITRECORD-20260806-e4e371d332c61e36,test,495,P03-OFFICIAL-METRICS-R1,P03-OFFICIAL-EQUAL-WIDTH-15-R1,P03-RELIABILITY-ef71db1cac4544ec2f49,P03-RELIABILITY-RAW-7c205d97b7710612e644,GROUP-772abafe9d335445cf0b:raw,GROUP-772abafe9d335445cf0b:selected,P03-CalibrationRecord-bd2480c6248202aa0032,0.5859461943675319,0.498372739881968,-0.08757345448556392,0.8258703900836635,0.6915239169401183,-0.1343464731435452,0.2031151156165664,0.023273019092687,-0.1798420965238794,"[""P03-ReliabilityAuditReport-16869c3eadd3fc470319"",""P03-CalibrationRecord-bd2480c6248202aa0032"",""P03SelectionScoreRecord:P02-A0-PhysioNetMI-RIE-TS-LR-P01-L1-LOW-CAL-OFFICIAL-R2:64_PER_CLASS-MR00:calibration"",""P03SelectionScoreRecord:P02-A0-PhysioNetMI-RIE-TS-LR-P01-L1-LOW-CAL-OFFICIAL-R2:64_PER_CLASS-MR00:validation"",""P02-A0-PhysioNetMI-RIE-TS-LR-P01-L1-LOW-CAL-OFFICIAL-R2:64_PER_CLASS-MR00""]","[""6b4ade941a02d3608bea28f2c758ee2a925883b3e569e9b5310a9246f8bf31c9"",""a9a2cf71a57d5014b8a7a19c5ec3fdc992e973621b0a5f2ff884b43962fc5657"",""fff6a3c7b98f8a9b799ecc7273a6b496109a3f877720760e8d6b1039e9e208af"",""f60394eddce8a3498382d6cd592f012d3629bbeaeaa54735f57848f3cb2163c0"",""19c42c999b452a1939cfeee590b6b68d740d0e34836e44147bda07a57c0337b4"",""be1bc76bfcc19ece973c44f1577f255fca0f39f6e4f6ddb57258e7c2af0eb5a2"",""e724fd288bd9c88309f53d2fec1ea9ab9bbb27c7f013e1c060f6572977604550"",""e7b37e99380f7f0af2caf057302cec76a867b261c2ac9d5097fb4b995b934fa5"",""0e4d987bf078bb7a4753e2defe5c2acc94a6f96a69daaa845b7df80f0eb30aa2"",""769b2375a6d598ea9d7f53547424f05228acca6fc1d03f951062eae3047c89c1"",""cbaafdf5bd3281f09c81e64f1a8cf0d9e76b9822920154e5df7cf9e08c1b64cc"",""54c1c313b5734f554b19c14a90cbbb5b78f77b13e5bcd84fbea57e23d5e6712f"",""fb0ea32eb869e9dfd233dd06fefd970801a78e9c76b4252ddaf8effbc6cbaf1c""]","[""P03-ReliabilityAuditReport-16869c3eadd3fc470319"",""P03-CalibrationRecord-bd2480c6248202aa0032"",""GROUP-772abafe9d335445cf0b"",""P03-SplitIntegrityReport-2e9b670baa25c96969fd"",""P03-CalibrationEligibilityTable-606c39c3803e9584f461"",""P03-CalibrationRecord-fa44cab583ede40e2b37"",""ModelRegistryRecord:a561dc40a262ca92a9f4e779"",""IHARQ-SPLITRECORD-20260806-e4e371d332c61e36""]"
CalibrationMetricSourceTable.v1,1.0.0,SOURCE_TABLE_PROFILE_NOT_REGISTERED_AS_RECORD_FAMILY,P03-PROD-022,P03-CAL-METRIC-SOURCE-TABLE-SUPPLEMENT-8518654a4afcfe1f1933,P03-CAL-METRIC-SOURCE-ROW-SUPPLEMENT-4c84f3f6c75a812d5ed1,P03-L3-POSTEXT-64-128-256-R1-1833e865bcb88ff8,2e5ebd6fc62f4c9ca3ed0102914f64142de9e1206be0b6e6b3e32cad90f1d742,IHARQ-P03-L3-OFFICIAL-STRETCH-C-EXECUTION-FREEZE-R1,P03S-POSTEXT-64-128-256-PRE14-EVIDENCE-HARDENING-R1_1-S12-EVIDENCE,False,GROUP-a0c0549066f4e3c759eb,PhysioNetMI,SSL-CBRAMOD:CBraMod-HF-Braindecode-GovernedP02-R6Scale1e4:P02S-LLX-R1-A0-PhysioNetMI-SSL-CBRAMOD-128PC-MR00,P01-L1-LOW-CAL-OFFICIAL-R2:128_PER_CLASS,IHARQ-SPLITRECORD-20260806-e4e371d332c61e36,test,495,P03-OFFICIAL-METRICS-R1,P03-OFFICIAL-EQUAL-WIDTH-15-R1,P03-RELIABILITY-251059ae0ebc12e16974,P03-RELIABILITY-RAW-51724c9af1bab802dad7,GROUP-a0c0549066f4e3c759eb:raw,GROUP-a0c0549066f4e3c759eb:selected,P03-CalibrationRecord-9b7382333c4183f0b16d,0.7390097761802134,0.4999134566795924,-0.23909631950062094,1.1684367366921313,0.6930609528263879,-0.4753757838657434,0.32044042123878647,0.007565683902730919,-0.31287473733605553,"[""P03-ReliabilityAuditReport-7d23ea475c68863020d2"",""P03-CalibrationRecord-9b7382333c4183f0b16d"",""P03SelectionScoreRecord:P02-A0-PhysioNetMI-SSL-CBRAMOD-P01-L1-LOW-CAL-OFFICIAL-R2:128_PER_CLASS-MR00:calibration"",""P03SelectionScoreRecord:P02-A0-PhysioNetMI-SSL-CBRAMOD-P01-L1-LOW-CAL-OFFICIAL-R2:128_PER_CLASS-MR00:validation"",""P02-A0-PhysioNetMI-SSL-CBRAMOD-P01-L1-LOW-CAL-OFFICIAL-R2:128_PER_CLASS-MR00""]","[""33ec514cddc917d6e4fc1ad15408aea9740f77183ef76e319ab196a98d18e970"",""89675f5aa53811092e3587c8591948b302411c0fd0b34de5d15f6111659e2427"",""803cd368ccd069c5d2228c8c3f25adec91274f72a0527ad8afb686aa3f60ae12"",""dcb727e26f3c2ee586c5eff04ca2d4e371f73a5d488eca249deacfb947421beb"",""c7ae2a91b429d96f532458c5f261b56fb7ff998b4a9789c4f536e7c163ab4452"",""aabd9b1f3ccd36a88551298f6fd835fbd18a1e00e1a1157417cb10aefec6c4a2"",""bb5e870dc5a66b9fcc5dd834f9fd72bfbd12666603a1d16f9d13e2f2a24dabbc"",""6da3b4bdfe9af3152623dafacedd613bfe0a45b05b3bf476f3469faca61988ed"",""0e4d987bf078bb7a4753e2defe5c2acc94a6f96a69daaa845b7df80f0eb30aa2"",""0b202e921bc2b07afbc93a103664dd7d07f658c149a2a62aa358c8d91162aacf"",""d829aed0c89d4dcf41a442b13d95faf4a864abbc0274bd6e0512fde997753e84"",""fcc43bb1c319bfd05fbc62237c23bf65d7e6d44caae7ba72ae24c87188936f06"",""fb0ea32eb869e9dfd233dd06fefd970801a78e9c76b4252ddaf8effbc6cbaf1c""]","[""P03-ReliabilityAuditReport-7d23ea475c68863020d2"",""P03-CalibrationRecord-9b7382333c4183f0b16d"",""GROUP-a0c0549066f4e3c759eb"",""P03-SplitIntegrityReport-778919e1ac0c35005898"",""P03-CalibrationEligibilityTable-2dcbe00a7d12345ce678"",""P03-CalibrationRecord-0d234b6d3e82f027a1f0"",""ModelRegistryRecord:742a07182aa737b3d0550ad5"",""IHARQ-SPLITRECORD-20260806-e4e371d332c61e36""]"
CalibrationMetricSourceTable.v1,1.0.0,SOURCE_TABLE_PROFILE_NOT_REGISTERED_AS_RECORD_FAMILY,P03-PROD-022,P03-CAL-METRIC-SOURCE-TABLE-SUPPLEMENT-8518654a4afcfe1f1933,P03-CAL-METRIC-SOURCE-ROW-SUPPLEMENT-e5f2b9b7cdc0524713b8,P03-L3-POSTEXT-64-128-256-R1-1833e865bcb88ff8,2e5ebd6fc62f4c9ca3ed0102914f64142de9e1206be0b6e6b3e32cad90f1d742,IHARQ-P03-L3-OFFICIAL-STRETCH-C-EXECUTION-FREEZE-R1,P03S-POSTEXT-64-128-256-PRE14-EVIDENCE-HARDENING-R1_1-S12-EVIDENCE,False,GROUP-08600c777fdb7cb08a2f,PhysioNetMI,SSL-CBRAMOD:CBraMod-HF-Braindecode-GovernedP02-R6Scale1e4:P02S-LLX-R1-A0-PhysioNetMI-SSL-CBRAMOD-128PC-MR01,P01-L1-LOW-CAL-OFFICIAL-R2:128_PER_CLASS,IHARQ-SPLITRECORD-20260806-e4e371d332c61e36,test,495,P03-OFFICIAL-METRICS-R1,P03-OFFICIAL-EQUAL-WIDTH-15-R1,P03-RELIABILITY-57f930806431fc7109b4,P03-RELIABILITY-RAW-1cde4525e0ea5c51f925,GROUP-08600c777fdb7cb08a2f:raw,GROUP-08600c777fdb7cb08a2f:selected,P03-CalibrationRecord-157b7cd85995e7c07f90,0.724173689182346,0.5037981521413644,-0.22037553704098167,1.2348540249495248,0.6969647311746234,-0.5378892937749014,0.30180011912322124,0.021279781339373,-0.2805203377838482,"[""P03-ReliabilityAuditReport-2a611c56d4a40bdc92d7"",""P03-CalibrationRecord-157b7cd85995e7c07f90"",""P03SelectionScoreRecord:P02-A0-PhysioNetMI-SSL-CBRAMOD-P01-L1-LOW-CAL-OFFICIAL-R2:128_PER_CLASS-MR01:calibration"",""P03SelectionScoreRecord:P02-A0-PhysioNetMI-SSL-CBRAMOD-P01-L1-LOW-CAL-OFFICIAL-R2:128_PER_CLASS-MR01:validation"",""P02-A0-PhysioNetMI-SSL-CBRAMOD-P01-L1-LOW-CAL-OFFICIAL-R2:128_PER_CLASS-MR01""]","[""db00999db3c0b8e8eff7419f03458a115080bc355d04f5fcddd0ffcf8de33944"",""a9f4f53f7349367472bf0ddce48036e52b1c99160141e7fc7450c08a4734815a"",""5698ced7c8ee7a756d0c9e086542677919ea6797b0e17819a96c2de0294cd727"",""3385a1555f31d5f1140765b9e4867b907874d03864777b23c692803a4e535d75"",""33eb410336219c9ddbe22f5ef2f80c0401aea6eaff589b5c3a8918d8457edb2c"",""c5dc2d2e9ac43e8fe5c6391a8582243655c6074d821fc1da6f8282877b566076"",""1fe4590fc751cc05139099a4ea333d74a432b4a355f2e37806423f23f54820a5"",""e9e72bc4f34542fe5a34b94d7de29b7f14a21798da6a5adced055bf122ae35ec"",""0e4d987bf078bb7a4753e2defe5c2acc94a6f96a69daaa845b7df80f0eb30aa2"",""cd74c1aeb0d7c2e893f4eb78dc1a173128c6f87ef3e270b9083b587425c449e4"",""543dcf01c0ec3b77fe5dbc1efd7a5efb820c35822a07d3ed2aa7a7be0255d2e2"",""c677b0bc81590ee2ff5e5b034e332af3128f2c68df41a24f0e10c24ff091d2c2"",""fb0ea32eb869e9dfd233dd06fefd970801a78e9c76b4252ddaf8effbc6cbaf1c""]","[""P03-ReliabilityAuditReport-2a611c56d4a40bdc92d7"",""P03-CalibrationRecord-157b7cd85995e7c07f90"",""GROUP-08600c777fdb7cb08a2f"",""P03-SplitIntegrityReport-7f96fa7a2e283a55b901"",""P03-CalibrationEligibilityTable-38ea630e9394428ad983"",""P03-CalibrationRecord-767a8ca374500df452a2"",""ModelRegistryRecord:40f15938955bab38e49b202b"",""IHARQ-SPLITRECORD-20260806-e4e371d332c61e36""]"
CalibrationMetricSourceTable.v1,1.0.0,SOURCE_TABLE_PROFILE_NOT_REGISTERED_AS_RECORD_FAMILY,P03-PROD-022,P03-CAL-METRIC-SOURCE-TABLE-SUPPLEMENT-8518654a4afcfe1f1933,P03-CAL-METRIC-SOURCE-ROW-SUPPLEMENT-dcfa1ac27a32d82335e0,P03-L3-POSTEXT-64-128-256-R1-1833e865bcb88ff8,2e5ebd6fc62f4c9ca3ed0102914f64142de9e1206be0b6e6b3e32cad90f1d742,IHARQ-P03-L3-OFFICIAL-STRETCH-C-EXECUTION-FREEZE-R1,P03S-POSTEXT-64-128-256-PRE14-EVIDENCE-HARDENING-R1_1-S12-EVIDENCE,False,GROUP-5cd5cd3aee026567a333,PhysioNetMI,SSL-CBRAMOD:CBraMod-HF-Braindecode-GovernedP02-R6Scale1e4:P02S-LLX-R1-A0-PhysioNetMI-SSL-CBRAMOD-128PC-MR02,P01-L1-LOW-CAL-OFFICIAL-R2:128_PER_CLASS,IHARQ-SPLITRECORD-20260806-e4e371d332c61e36,test,495,P03-OFFICIAL-METRICS-R1,P03-OFFICIAL-EQUAL-WIDTH-15-R1,P03-RELIABILITY-49cfa150f569add00894,P03-RELIABILITY-RAW-885d36a89b8afb99c80b,GROUP-5cd5cd3aee026567a333:raw,GROUP-5cd5cd3aee026567a333:selected,P03-CalibrationRecord-812318f987efc2572811,0.7185849464303768,0.5039896573186614,-0.21459528911171544,1.1154861044451585,0.6971549541751508,-0.41833115027000767,0.30428643269450506,0.04648607603076149,-0.25780035666374357,"[""P03-ReliabilityAuditReport-35571b34c9ea6fec6350"",""P03-CalibrationRecord-812318f987efc2572811"",""P03SelectionScoreRecord:P02-A0-PhysioNetMI-SSL-CBRAMOD-P01-L1-LOW-CAL-OFFICIAL-R2:128_PER_CLASS-MR02:calibration"",""P03SelectionScoreRecord:P02-A0-PhysioNetMI-SSL-CBRAMOD-P01-L1-LOW-CAL-OFFICIAL-R2:128_PER_CLASS-MR02:validation"",""P02-A0-PhysioNetMI-SSL-CBRAMOD-P01-L1-LOW-CAL-OFFICIAL-R2:128_PER_CLASS-MR02""]","[""5bc3b2c30f370263ff0891a4bc44fff02210e2f875fec821f64c90c22ee6cd18"",""ab24491ba5059eb02167894854a9cf54992f91ed02032c3498947166834aca24"",""2f1a0d233e2cfea3803bb4ae5ca5ffee47ee3246722d5ba954814d3af6e44160"",""7003cab9e83508ad52dc8986a7b90c322795662718662f040933e07e16287cb8"",""7d2052999167de59c4e94f50f16d4851270206c5a78e2b298ec78096f4125f17"",""55fcb579472a927b53ce1a06fea975e90cf8f1d59c023678dc56b855fdee1e77"",""7f28346dc0794ca5e6e3118f9267ffec86733d647fc1b4eea69c390c4f190949"",""608cc7986285c8f84fcfdf31f8f06f912322f32cc465937d1bed63dee1405197"",""0e4d987bf078bb7a4753e2defe5c2acc94a6f96a69daaa845b7df80f0eb30aa2"",""b044b86525a99cec7cba22b294c48377a941b1ccf8cfa3689db7b621b3040250"",""16dbb1c6c03717fd4b56eb03cb5f23e67ef377446f860c88415dfa11c1a44109"",""3c170877f7534420d8c42e315a700ecddd447e09df47d253a98f96f37257e4a1"",""fb0ea32eb869e9dfd233dd06fefd970801a78e9c76b4252ddaf8effbc6cbaf1c""]","[""P03-ReliabilityAuditReport-35571b34c9ea6fec6350"",""P03-CalibrationRecord-812318f987efc2572811"",""GROUP-5cd5cd3aee026567a333"",""P03-SplitIntegrityReport-7b3c21e31ca8d9363b28"",""P03-CalibrationEligibilityTable-2d4b870ed2a9c3ec33ab"",""P03-CalibrationRecord-2fdf015d7a6c15b3c536"",""ModelRegistryRecord:359ed9aa194ad6ba81d7a3df"",""IHARQ-SPLITRECORD-20260806-e4e371d332c61e36""]"
CalibrationMetricSourceTable.v1,1.0.0,SOURCE_TABLE_PROFILE_NOT_REGISTERED_AS_RECORD_FAMILY,P03-PROD-022,P03-CAL-METRIC-SOURCE-TABLE-SUPPLEMENT-8518654a4afcfe1f1933,P03-CAL-METRIC-SOURCE-ROW-SUPPLEMENT-32695963a21b0404a240,P03-L3-POSTEXT-64-128-256-R1-1833e865bcb88ff8,2e5ebd6fc62f4c9ca3ed0102914f64142de9e1206be0b6e6b3e32cad90f1d742,IHARQ-P03-L3-OFFICIAL-STRETCH-C-EXECUTION-FREEZE-R1,P03S-POSTEXT-64-128-256-PRE14-EVIDENCE-HARDENING-R1_1-S12-EVIDENCE,False,GROUP-f7451e71b85f8615a9e3,PhysioNetMI,SSL-CBRAMOD:CBraMod-HF-Braindecode-GovernedP02-R6Scale1e4:P02S-LLX-R1-A0-PhysioNetMI-SSL-CBRAMOD-128PC-MR03,P01-L1-LOW-CAL-OFFICIAL-R2:128_PER_CLASS,IHARQ-SPLITRECORD-20260806-e4e371d332c61e36,test,495,P03-OFFICIAL-METRICS-R1,P03-OFFICIAL-EQUAL-WIDTH-15-R1,P03-RELIABILITY-085a4ab6799d1bb1abe8,P03-RELIABILITY-RAW-cb521c93f87a96621ff7,GROUP-f7451e71b85f8615a9e3:raw,GROUP-f7451e71b85f8615a9e3:selected,P03-CalibrationRecord-b63bde90fd8af8176a70,0.718044907143479,0.4992756979109399,-0.21876920923253912,1.2092708524522968,0.6924177871824316,-0.5168530652698652,0.2939682530311126,0.02837531794853664,-0.265592935082576,"[""P03-ReliabilityAuditReport-9bfd2667098ebddfdf7f"",""P03-CalibrationRecord-b63bde90fd8af8176a70"",""P03SelectionScoreRecord:P02-A0-PhysioNetMI-SSL-CBRAMOD-P01-L1-LOW-CAL-OFFICIAL-R2:128_PER_CLASS-MR03:calibration"",""P03SelectionScoreRecord:P02-A0-PhysioNetMI-SSL-CBRAMOD-P01-L1-LOW-CAL-OFFICIAL-R2:128_PER_CLASS-MR03:validation"",""P02-A0-PhysioNetMI-SSL-CBRAMOD-P01-L1-LOW-CAL-OFFICIAL-R2:128_PER_CLASS-MR03""]","[""1807828ce66706266f1840d6ba9b32e242084ed9d3c4506c38132004f4571e44"",""ef6e8f111ca15549819d4163b5c9f35ea02360aea520dcc958f9fec869d44585"",""58f19641a72ff3210647d46b7eb447608515dbef65d4833fab184644686257fd"",""e6b1d84edb1421c87ef694676a6849f390f47d94b9350c688cb9257707227f57"",""012e984a88ee5a583ed10a6797c6629462eb2cfdb49f81e700f08870245c1f5b"",""6a1bd676120888483e53d88a0038bfc677ed1ca5db8b1c09a6bcbdf84e651542"",""467db41a8dded71e35e5e1e07a6652bef7adb36860a45682bd8a75f4a82e9d56"",""6f326d3edbfb313667dcd45f27c6b79800e05921e4ca0efbd1e303ac987f12b0"",""0e4d987bf078bb7a4753e2defe5c2acc94a6f96a69daaa845b7df80f0eb30aa2"",""def89ba2dbb21c9dbc2407a1d092c1d5044bc1a6969b3c795e368c8fbd75f563"",""c815c9e0b82276dc96c0fddce98bbb76afde5f2a9f2820add515ba5968cd5a10"",""25fd2826874d6effef2428af4bfadef84db455a74886b6ecf5a8536bb117fa5e"",""fb0ea32eb869e9dfd233dd06fefd970801a78e9c76b4252ddaf8effbc6cbaf1c""]","[""P03-ReliabilityAuditReport-9bfd2667098ebddfdf7f"",""P03-CalibrationRecord-b63bde90fd8af8176a70"",""GROUP-f7451e71b85f8615a9e3"",""P03-SplitIntegrityReport-c89e38ff754d6a930aa8"",""P03-CalibrationEligibilityTable-169c26d4901e06867166"",""P03-CalibrationRecord-e01fb8f4fd8162be30d4"",""ModelRegistryRecord:c11291df70e7bba54d479a83"",""IHARQ-SPLITRECORD-20260806-e4e371d332c61e36""]"
CalibrationMetricSourceTable.v1,1.0.0,SOURCE_TABLE_PROFILE_NOT_REGISTERED_AS_RECORD_FAMILY,P03-PROD-022,P03-CAL-METRIC-SOURCE-TABLE-SUPPLEMENT-8518654a4afcfe1f1933,P03-CAL-METRIC-SOURCE-ROW-SUPPLEMENT-21896416ba3eaabdc883,P03-L3-POSTEXT-64-128-256-R1-1833e865bcb88ff8,2e5ebd6fc62f4c9ca3ed0102914f64142de9e1206be0b6e6b3e32cad90f1d742,IHARQ-P03-L3-OFFICIAL-STRETCH-C-EXECUTION-FREEZE-R1,P03S-POSTEXT-64-128-256-PRE14-EVIDENCE-HARDENING-R1_1-S12-EVIDENCE,False,GROUP-3a1da45968baa7ad21bf,PhysioNetMI,SSL-CBRAMOD:CBraMod-HF-Braindecode-GovernedP02-R6Scale1e4:P02S-LLX-R1-A0-PhysioNetMI-SSL-CBRAMOD-128PC-MR04,P01-L1-LOW-CAL-OFFICIAL-R2:128_PER_CLASS,IHARQ-SPLITRECORD-20260806-e4e371d332c61e36,test,495,P03-OFFICIAL-METRICS-R1,P03-OFFICIAL-EQUAL-WIDTH-15-R1,P03-RELIABILITY-96baa7e6543121134716,P03-RELIABILITY-RAW-0ca94d2cdd4892bfcc7b,GROUP-3a1da45968baa7ad21bf:raw,GROUP-3a1da45968baa7ad21bf:selected,P03-CalibrationRecord-fc439113f51c1697e184,0.7738280506647316,0.49866413308938634,-0.27516391757534525,1.3312138696818407,0.6918035536675158,-0.639410316014325,0.34382914663685593,0.03527607436051431,-0.3085530722763416,"[""P03-ReliabilityAuditReport-80515e6615cb5f7d35d3"",""P03-CalibrationRecord-fc439113f51c1697e184"",""P03SelectionScoreRecord:P02-A0-PhysioNetMI-SSL-CBRAMOD-P01-L1-LOW-CAL-OFFICIAL-R2:128_PER_CLASS-MR04:calibration"",""P03SelectionScoreRecord:P02-A0-PhysioNetMI-SSL-CBRAMOD-P01-L1-LOW-CAL-OFFICIAL-R2:128_PER_CLASS-MR04:validation"",""P02-A0-PhysioNetMI-SSL-CBRAMOD-P01-L1-LOW-CAL-OFFICIAL-R2:128_PER_CLASS-MR04""]","[""0f625e586d410aeef26b70cbdee55e4d8888c07748b09781b0ba41f047ba1363"",""ce4dc5e10d88f665a57e525299cfc9a96b9a0f74df757a0779cebc90f9e47ce8"",""f1ef798116717999d991ae77a92c48e12b409eec2bed03390873b0b59c760af2"",""daaf71ce579304e3b0a7f26eac5b3aa3977dcbfca3c6ff62e85f2851a1b55854"",""189e23d92fe4ec25928c2144e2f1fdc64d95fa0067c94020704989c1087b22e1"",""94481986ce5acf50aeb9f72672fcf4cd0b9984a1a0f67839b7881c429802b78f"",""eb7d2f252098fa712576c9dddbda54742adcc3fcfff0c9cfbe7ce996926163f0"",""33c673449ad681b6c939f5856d6d2010474a3e84aa81262e3f954f132f2027aa"",""0e4d987bf078bb7a4753e2defe5c2acc94a6f96a69daaa845b7df80f0eb30aa2"",""b7939e00f15b9d1d7c7e9ebd16879640ba31fdc763f53d68f605400cdf1bf31f"",""29e63d8feeb30e2a63e26bd19a6c1b6dfe08ddbb509b41047ee7f54c8e81af25"",""20a74808a5f9a5b91319141e5b4dd6088a916406fe95e22cb3d9b6bed2f5add9"",""fb0ea32eb869e9dfd233dd06fefd970801a78e9c76b4252ddaf8effbc6cbaf1c""]","[""P03-ReliabilityAuditReport-80515e6615cb5f7d35d3"",""P03-CalibrationRecord-fc439113f51c1697e184"",""GROUP-3a1da45968baa7ad21bf"",""P03-SplitIntegrityReport-c85b521fcc1d9c739f6c"",""P03-CalibrationEligibilityTable-1e5fe804ec324a64fed6"",""P03-CalibrationRecord-5753e41980f26eed14d6"",""ModelRegistryRecord:0b00e71d341f99a30501eaf6"",""IHARQ-SPLITRECORD-20260806-e4e371d332c61e36""]"
CalibrationMetricSourceTable.v1,1.0.0,SOURCE_TABLE_PROFILE_NOT_REGISTERED_AS_RECORD_FAMILY,P03-PROD-022,P03-CAL-METRIC-SOURCE-TABLE-SUPPLEMENT-8518654a4afcfe1f1933,P03-CAL-METRIC-SOURCE-ROW-SUPPLEMENT-b9d0c0baae1112108fb2,P03-L3-POSTEXT-64-128-256-R1-1833e865bcb88ff8,2e5ebd6fc62f4c9ca3ed0102914f64142de9e1206be0b6e6b3e32cad90f1d742,IHARQ-P03-L3-OFFICIAL-STRETCH-C-EXECUTION-FREEZE-R1,P03S-POSTEXT-64-128-256-PRE14-EVIDENCE-HARDENING-R1_1-S12-EVIDENCE,False,GROUP-d839760add6ba2813d05,PhysioNetMI,SSL-CBRAMOD:CBraMod-HF-Braindecode-GovernedP02-R6Scale1e4:P02S-LLX-R1-A0-PhysioNetMI-SSL-CBRAMOD-256PC-MR00,P01-L1-LOW-CAL-OFFICIAL-R2:256_PER_CLASS,IHARQ-SPLITRECORD-20260806-e4e371d332c61e36,test,495,P03-OFFICIAL-METRICS-R1,P03-OFFICIAL-EQUAL-WIDTH-15-R1,P03-RELIABILITY-ab5f4603b67eb2dcc31b,P03-RELIABILITY-RAW-b1c4492d335c7a3f8fff,GROUP-d839760add6ba2813d05:raw,GROUP-d839760add6ba2813d05:selected,P03-CalibrationRecord-3271cd9288f34418284b,0.7005273178108237,0.5000974431775613,-0.20042987463326234,1.1219569531492126,0.69323129832979,-0.4287256548194226,0.28079647778119915,0.04265973086359389,-0.23813674691760525,"[""P03-ReliabilityAuditReport-323407af5b6f92fbebdb"",""P03-CalibrationRecord-3271cd9288f34418284b"",""P03SelectionScoreRecord:P02-A0-PhysioNetMI-SSL-CBRAMOD-P01-L1-LOW-CAL-OFFICIAL-R2:256_PER_CLASS-MR00:calibration"",""P03SelectionScoreRecord:P02-A0-PhysioNetMI-SSL-CBRAMOD-P01-L1-LOW-CAL-OFFICIAL-R2:256_PER_CLASS-MR00:validation"",""P02-A0-PhysioNetMI-SSL-CBRAMOD-P01-L1-LOW-CAL-OFFICIAL-R2:256_PER_CLASS-MR00""]","[""15cb57f1836ca72a1949722d296854b4d4377711ef3e64f146bb8e265545b6bd"",""35444f1c9fb6e968b36e740644d876b0a0133adaaaa0cf587f1278b1501647f6"",""2ae64ebcdb10d45869d99c0dd77268eed8bbe6c659d610f113f5facaf76549b1"",""72bcfe6c398d8a242594715b6351e3f969177e6701045b0383aa2b42273a41b5"",""9cfd990e09c1e7792828a7e375054f80497c1caf7730bd803f17d3a2513be85d"",""cf27e472cec3000a3d59d47bf96f2f216aec3721e8e4362429c9bd107f679564"",""425ccd9aac90e5fbabeb3a828d2b9c6399bf71252f8571ee63d7d1f4984da5b5"",""2f2f2c3df9feab52f30d9491f073d00821e038944dcadd36f0edd9ab27c512a7"",""0e4d987bf078bb7a4753e2defe5c2acc94a6f96a69daaa845b7df80f0eb30aa2"",""32bb51a1d03984eb0ece458b6cd4f65fdd0cfd489f7d1b1e23f38290d215c494"",""19d58e95ac9505b5084bbf38fea0303412672287eb123a7de64cb7c8074e995f"",""cc6e9b5700d959db63ffc526783b926f48b5bb88b186d0913bb689edde828632"",""fb0ea32eb869e9dfd233dd06fefd970801a78e9c76b4252ddaf8effbc6cbaf1c""]","[""P03-ReliabilityAuditReport-323407af5b6f92fbebdb"",""P03-CalibrationRecord-3271cd9288f34418284b"",""GROUP-d839760add6ba2813d05"",""P03-SplitIntegrityReport-0a1f5c2c5b4abbe05c59"",""P03-CalibrationEligibilityTable-30e9e82b43d9fa2a9366"",""P03-CalibrationRecord-7ca4a810b18c430f0d5c"",""ModelRegistryRecord:22c762177041fa04e2ae66c5"",""IHARQ-SPLITRECORD-20260806-e4e371d332c61e36""]"
CalibrationMetricSourceTable.v1,1.0.0,SOURCE_TABLE_PROFILE_NOT_REGISTERED_AS_RECORD_FAMILY,P03-PROD-022,P03-CAL-METRIC-SOURCE-TABLE-SUPPLEMENT-8518654a4afcfe1f1933,P03-CAL-METRIC-SOURCE-ROW-SUPPLEMENT-bbc348a6fa69f593b51d,P03-L3-POSTEXT-64-128-256-R1-1833e865bcb88ff8,2e5ebd6fc62f4c9ca3ed0102914f64142de9e1206be0b6e6b3e32cad90f1d742,IHARQ-P03-L3-OFFICIAL-STRETCH-C-EXECUTION-FREEZE-R1,P03S-POSTEXT-64-128-256-PRE14-EVIDENCE-HARDENING-R1_1-S12-EVIDENCE,False,GROUP-27e8c4f7965e2e2b3988,PhysioNetMI,SSL-CBRAMOD:CBraMod-HF-Braindecode-GovernedP02-R6Scale1e4:P02S-LLX-R1-A0-PhysioNetMI-SSL-CBRAMOD-256PC-MR01,P01-L1-LOW-CAL-OFFICIAL-R2:256_PER_CLASS,IHARQ-SPLITRECORD-20260806-e4e371d332c61e36,test,495,P03-OFFICIAL-METRICS-R1,P03-OFFICIAL-EQUAL-WIDTH-15-R1,P03-RELIABILITY-9ac792391cd470466e9d,P03-RELIABILITY-RAW-5c6680705a088927c4f7,GROUP-27e8c4f7965e2e2b3988:raw,GROUP-27e8c4f7965e2e2b3988:selected,P03-CalibrationRecord-04cd82b4102dadedaa9d,0.699811263481949,0.5016595679114432,-0.19815169557050583,1.0662635467374475,0.6948112069785944,-0.37145233975885306,0.27995654041524837,0.039188368743110914,-0.24076817167213746,"[""P03-ReliabilityAuditReport-b9c6f2f4c1ab545be14e"",""P03-CalibrationRecord-04cd82b4102dadedaa9d"",""P03SelectionScoreRecord:P02-A0-PhysioNetMI-SSL-CBRAMOD-P01-L1-LOW-CAL-OFFICIAL-R2:256_PER_CLASS-MR01:calibration"",""P03SelectionScoreRecord:P02-A0-PhysioNetMI-SSL-CBRAMOD-P01-L1-LOW-CAL-OFFICIAL-R2:256_PER_CLASS-MR01:validation"",""P02-A0-PhysioNetMI-SSL-CBRAMOD-P01-L1-LOW-CAL-OFFICIAL-R2:256_PER_CLASS-MR01""]","[""767aa7f312d681e0256ce368b763df8546d9daced22b66c26359a9d8c872db2d"",""f9099e04ba486251d7c125ff0d2153d00453d9067fd50120f2c250484ff83f44"",""c408277a5b8ac60d7643da8a7095675f462a934078319827598236175cec3ec9"",""65e00545a0bf1deb8c4fb62581208398cbe485f8293ad024d022d44e922946e3"",""858fa3f3c8ab182595f1e1c179bf292d6605b4cdd51dcff774a0ead3a79c5157"",""e68ad53a0066767bbf3a065aa1597d576cf063a869946a9c5d2fce0c7ec9a319"",""3dc669351afcd811bc30841ba4dec7d0ca4ae27ca2acfa37e76dd12cf13c5d79"",""bba28f547c74a3b411240dde1f8a03e0c56864bd332985abdd39b6feeefb5719"",""0e4d987bf078bb7a4753e2defe5c2acc94a6f96a69daaa845b7df80f0eb30aa2"",""f898c132ff030774bb1cca7e7e4136f958acdd13235dedee52d7e0661e0a387b"",""6e11ea1ca01d2cc46ca489b84709952d0f9da75eafe943e6add1b35e38b761f7"",""ad12ae8f075b504a2eb1183f4b6d73abc2b5a8814cd9ae889d05eda55204df57"",""fb0ea32eb869e9dfd233dd06fefd970801a78e9c76b4252ddaf8effbc6cbaf1c""]","[""P03-ReliabilityAuditReport-b9c6f2f4c1ab545be14e"",""P03-CalibrationRecord-04cd82b4102dadedaa9d"",""GROUP-27e8c4f7965e2e2b3988"",""P03-SplitIntegrityReport-0bea245c6ba7f89d27af"",""P03-CalibrationEligibilityTable-3b1505dff67aad10dac2"",""P03-CalibrationRecord-c1a20affff7ab7416cb7"",""ModelRegistryRecord:3f40a75da433b580f971da69"",""IHARQ-SPLITRECORD-20260806-e4e371d332c61e36""]"
CalibrationMetricSourceTable.v1,1.0.0,SOURCE_TABLE_PROFILE_NOT_REGISTERED_AS_RECORD_FAMILY,P03-PROD-022,P03-CAL-METRIC-SOURCE-TABLE-SUPPLEMENT-8518654a4afcfe1f1933,P03-CAL-METRIC-SOURCE-ROW-SUPPLEMENT-380ccf6eef93f6c533cd,P03-L3-POSTEXT-64-128-256-R1-1833e865bcb88ff8,2e5ebd6fc62f4c9ca3ed0102914f64142de9e1206be0b6e6b3e32cad90f1d742,IHARQ-P03-L3-OFFICIAL-STRETCH-C-EXECUTION-FREEZE-R1,P03S-POSTEXT-64-128-256-PRE14-EVIDENCE-HARDENING-R1_1-S12-EVIDENCE,False,GROUP-4e6f76c8debac4209f1c,PhysioNetMI,SSL-CBRAMOD:CBraMod-HF-Braindecode-GovernedP02-R6Scale1e4:P02S-LLX-R1-A0-PhysioNetMI-SSL-CBRAMOD-256PC-MR02,P01-L1-LOW-CAL-OFFICIAL-R2:256_PER_CLASS,IHARQ-SPLITRECORD-20260806-e4e371d332c61e36,test,495,P03-OFFICIAL-METRICS-R1,P03-OFFICIAL-EQUAL-WIDTH-15-R1,P03-RELIABILITY-166964604419652b10e4,P03-RELIABILITY-RAW-fc6241d14512faefb337,GROUP-4e6f76c8debac4209f1c:raw,GROUP-4e6f76c8debac4209f1c:selected,P03-CalibrationRecord-87dd21debbcae337db07,0.7501608391646403,0.5002680987663459,-0.24989274039829434,1.2128559001625312,0.6934154216078164,-0.5194404785547148,0.3302045817247497,0.012685583628746222,-0.3175189980960035,"[""P03-ReliabilityAuditReport-28089bae082d2173449c"",""P03-CalibrationRecord-87dd21debbcae337db07"",""P03SelectionScoreRecord:P02-A0-PhysioNetMI-SSL-CBRAMOD-P01-L1-LOW-CAL-OFFICIAL-R2:256_PER_CLASS-MR02:calibration"",""P03SelectionScoreRecord:P02-A0-PhysioNetMI-SSL-CBRAMOD-P01-L1-LOW-CAL-OFFICIAL-R2:256_PER_CLASS-MR02:validation"",""P02-A0-PhysioNetMI-SSL-CBRAMOD-P01-L1-LOW-CAL-OFFICIAL-R2:256_PER_CLASS-MR02""]","[""e9bf0ac1d4955cadf096b7001ffa51d9438d91958474935829c9b9ea79ba5b15"",""353ae5980be3a51f8bb741bfcdb19edd3a4d90270f8e53c71b1ef8e8a6afd9dc"",""65038a123ebe3cecaf9bb700f7b1429d3d3d7352b1a0b6d06c777cfdc7060c02"",""b1562f96a16c631da20256086fd8d28857ad97b147c022cb37d94ce8b896a296"",""0f0bcb0565175b7e38df58c2bd02f8bd216efaab6fcb439e895b3e15aa5f56e2"",""7a0dd4c1974e736f425cc8e6f020d3343d1d47a7bbb00a315c7376f2f1f8665c"",""00d431e8505c99061be97aa21a067a05be1a7f93db33d0ab20dbe428ac4c8d8f"",""4c19e67811076df706a301980a714dd2166d99200ca685a0a358314da10cbce4"",""0e4d987bf078bb7a4753e2defe5c2acc94a6f96a69daaa845b7df80f0eb30aa2"",""6d547c84b3a1aef81fe8f1d4fcc7f7b3b7b7cdbb09babd21732263dd42cd93b6"",""85edcf6f9859ba9db84c24caf9dd20247de87a57cddfb3cf82064ae8849a350a"",""c4594c21d98ac2a2e45bd4c20ab2e525905a417551b76058257af75c9bcfcbfe"",""fb0ea32eb869e9dfd233dd06fefd970801a78e9c76b4252ddaf8effbc6cbaf1c""]","[""P03-ReliabilityAuditReport-28089bae082d2173449c"",""P03-CalibrationRecord-87dd21debbcae337db07"",""GROUP-4e6f76c8debac4209f1c"",""P03-SplitIntegrityReport-b6053c5285575415911a"",""P03-CalibrationEligibilityTable-ad5920f06f8785617ecb"",""P03-CalibrationRecord-6f0b40c3a5ad6fbe74ca"",""ModelRegistryRecord:0ddd9e4db2a60070797f89b9"",""IHARQ-SPLITRECORD-20260806-e4e371d332c61e36""]"
CalibrationMetricSourceTable.v1,1.0.0,SOURCE_TABLE_PROFILE_NOT_REGISTERED_AS_RECORD_FAMILY,P03-PROD-022,P03-CAL-METRIC-SOURCE-TABLE-SUPPLEMENT-8518654a4afcfe1f1933,P03-CAL-METRIC-SOURCE-ROW-SUPPLEMENT-061ba97248ff892199ba,P03-L3-POSTEXT-64-128-256-R1-1833e865bcb88ff8,2e5ebd6fc62f4c9ca3ed0102914f64142de9e1206be0b6e6b3e32cad90f1d742,IHARQ-P03-L3-OFFICIAL-STRETCH-C-EXECUTION-FREEZE-R1,P03S-POSTEXT-64-128-256-PRE14-EVIDENCE-HARDENING-R1_1-S12-EVIDENCE,False,GROUP-cccb714bb2015aeb9ee6,PhysioNetMI,SSL-CBRAMOD:CBraMod-HF-Braindecode-GovernedP02-R6Scale1e4:P02S-LLX-R1-A0-PhysioNetMI-SSL-CBRAMOD-256PC-MR03,P01-L1-LOW-CAL-OFFICIAL-R2:256_PER_CLASS,IHARQ-SPLITRECORD-20260806-e4e371d332c61e36,test,495,P03-OFFICIAL-METRICS-R1,P03-OFFICIAL-EQUAL-WIDTH-15-R1,P03-RELIABILITY-f563a49a085dc4d891e5,P03-RELIABILITY-RAW-d6461dc327ad6a76e1e1,GROUP-cccb714bb2015aeb9ee6:raw,GROUP-cccb714bb2015aeb9ee6:selected,P03-CalibrationRecord-a62248d12d5faa84c353,0.7228970114230944,0.4995528322324611,-0.22334417919063326,1.1498783132732506,0.692697890601739,-0.4571804226715116,0.3031963804315711,0.02540287070398696,-0.27779350972758415,"[""P03-ReliabilityAuditReport-f2b4e9eeda1030837b2a"",""P03-CalibrationRecord-a62248d12d5faa84c353"",""P03SelectionScoreRecord:P02-A0-PhysioNetMI-SSL-CBRAMOD-P01-L1-LOW-CAL-OFFICIAL-R2:256_PER_CLASS-MR03:calibration"",""P03SelectionScoreRecord:P02-A0-PhysioNetMI-SSL-CBRAMOD-P01-L1-LOW-CAL-OFFICIAL-R2:256_PER_CLASS-MR03:validation"",""P02-A0-PhysioNetMI-SSL-CBRAMOD-P01-L1-LOW-CAL-OFFICIAL-R2:256_PER_CLASS-MR03""]","[""763a284fbbda46df38babe0593f9f87a14da104ef7c04bf8a0e0b1ea2d224be6"",""494ea4a66983cb878e5c6c301f00f9eedf1358ef724c3f8ac4ab1f86dda36cc6"",""79a2c6b1bc65b31d903ceda41a781a9b7bef5034a6fffe425ab32bcb5859b1fa"",""ac4bebf072da3a73b2eecd8ce0ffce01aab53b9d3ccf19f6930b62e8635a54fb"",""db51c73beefaccfb0518ed0b3db8a1f728fe6ae7888197969d9d61f8630aa2f6"",""c8e56a593b6d7e10e6ec8d3ae1e24c7c963ad9ef1ae4542866858498bfd22047"",""724f674f8a1a4ba8347ec3d2f2e9f898dc8f4e5f85394b8c474f02f52cc1586e"",""b91d74631ea684520ee14d7a95c2d2cc3004f5d552f144373275ef69ee99ad04"",""0e4d987bf078bb7a4753e2defe5c2acc94a6f96a69daaa845b7df80f0eb30aa2"",""77c33799539b1d845afe5ca7c5a82877a043956d9a837225523781311ba93a8f"",""bd2f04204c729a83475eaf893f84fcdf98f38b0fdd077dd979a8802a200bfc55"",""642a41f0ad71b22aced92aa1e66a56ac7302f0ff3d0c1a5afbdf26affc67b337"",""fb0ea32eb869e9dfd233dd06fefd970801a78e9c76b4252ddaf8effbc6cbaf1c""]","[""P03-ReliabilityAuditReport-f2b4e9eeda1030837b2a"",""P03-CalibrationRecord-a62248d12d5faa84c353"",""GROUP-cccb714bb2015aeb9ee6"",""P03-SplitIntegrityReport-134831f54d9e4b7c2492"",""P03-CalibrationEligibilityTable-80986b76253d055d2eaf"",""P03-CalibrationRecord-d70c5fb39c730c45ab60"",""ModelRegistryRecord:ff2f899f41f3dd6e1e9e2ec5"",""IHARQ-SPLITRECORD-20260806-e4e371d332c61e36""]"
CalibrationMetricSourceTable.v1,1.0.0,SOURCE_TABLE_PROFILE_NOT_REGISTERED_AS_RECORD_FAMILY,P03-PROD-022,P03-CAL-METRIC-SOURCE-TABLE-SUPPLEMENT-8518654a4afcfe1f1933,P03-CAL-METRIC-SOURCE-ROW-SUPPLEMENT-43ba473958c4df583a2a,P03-L3-POSTEXT-64-128-256-R1-1833e865bcb88ff8,2e5ebd6fc62f4c9ca3ed0102914f64142de9e1206be0b6e6b3e32cad90f1d742,IHARQ-P03-L3-OFFICIAL-STRETCH-C-EXECUTION-FREEZE-R1,P03S-POSTEXT-64-128-256-PRE14-EVIDENCE-HARDENING-R1_1-S12-EVIDENCE,False,GROUP-ac0d68c611d2224cc883,PhysioNetMI,SSL-CBRAMOD:CBraMod-HF-Braindecode-GovernedP02-R6Scale1e4:P02S-LLX-R1-A0-PhysioNetMI-SSL-CBRAMOD-256PC-MR04,P01-L1-LOW-CAL-OFFICIAL-R2:256_PER_CLASS,IHARQ-SPLITRECORD-20260806-e4e371d332c61e36,test,495,P03-OFFICIAL-METRICS-R1,P03-OFFICIAL-EQUAL-WIDTH-15-R1,P03-RELIABILITY-3d4537395c3607652a2b,P03-RELIABILITY-RAW-eeb79a84c0b9415f46f9,GROUP-ac0d68c611d2224cc883:raw,GROUP-ac0d68c611d2224cc883:selected,P03-CalibrationRecord-0349343fd69143967fd7,0.7187216282619512,0.5003339579728041,-0.21838767028914707,1.1928553992474342,0.6934811594688038,-0.4993742397786304,0.3055214943465237,0.008470795126379549,-0.29705069922014415,"[""P03-ReliabilityAuditReport-59c2a08a2bbcecad7e27"",""P03-CalibrationRecord-0349343fd69143967fd7"",""P03SelectionScoreRecord:P02-A0-PhysioNetMI-SSL-CBRAMOD-P01-L1-LOW-CAL-OFFICIAL-R2:256_PER_CLASS-MR04:calibration"",""P03SelectionScoreRecord:P02-A0-PhysioNetMI-SSL-CBRAMOD-P01-L1-LOW-CAL-OFFICIAL-R2:256_PER_CLASS-MR04:validation"",""P02-A0-PhysioNetMI-SSL-CBRAMOD-P01-L1-LOW-CAL-OFFICIAL-R2:256_PER_CLASS-MR04""]","[""4569b978f775f326ea77a9bf1d22e2a56f62984060d1d1a074ce47fc2c19dd04"",""5a3ac6a6f4e9f9c7dc82318649ebd962e7839c4d539506e983a1df147e75313f"",""0542913c3f1362162715365f4bc6d48b79526ba46bb7834dcfe57683bafa668d"",""14df0a06e2efd8d74c42bb877a3187cd5b8a172b14587617cd3ee16cf14257b6"",""321971a3effdff39e57dbfd5bea8b01dca1608651dd1b10311cde51a76fdf5b3"",""effa9532e7b6f706610576c53e678ffa4ba22321ea36d6f9486d18710cb1a087"",""a2abcc13fa6c6623270cf47e6e97015cedf60c105bd32aff57ddea30ccdae6f1"",""dd001c4fb4c55035583b548670ac606056ca716db6199522eda4ccd8586cc57e"",""0e4d987bf078bb7a4753e2defe5c2acc94a6f96a69daaa845b7df80f0eb30aa2"",""5ae2546f41662dbb584d160a0a992e3a52a923fbdd5851dc4981cc106d969664"",""0cee32c4ed8369cd9396dcfcb23fa6f8003797d43a88c1552b93496321e58df1"",""ece7f504bf3aae119ca5d6d3d861cfe0586a6d8782da0451af65b24320f9bc0e"",""fb0ea32eb869e9dfd233dd06fefd970801a78e9c76b4252ddaf8effbc6cbaf1c""]","[""P03-ReliabilityAuditReport-59c2a08a2bbcecad7e27"",""P03-CalibrationRecord-0349343fd69143967fd7"",""GROUP-ac0d68c611d2224cc883"",""P03-SplitIntegrityReport-fcbcd114c0a370aad6e6"",""P03-CalibrationEligibilityTable-07d688d4d1dfc3dacada"",""P03-CalibrationRecord-985ccbaa99b5c6f7c137"",""ModelRegistryRecord:cf9695128c6356c1b33fbd50"",""IHARQ-SPLITRECORD-20260806-e4e371d332c61e36""]"
CalibrationMetricSourceTable.v1,1.0.0,SOURCE_TABLE_PROFILE_NOT_REGISTERED_AS_RECORD_FAMILY,P03-PROD-022,P03-CAL-METRIC-SOURCE-TABLE-SUPPLEMENT-8518654a4afcfe1f1933,P03-CAL-METRIC-SOURCE-ROW-SUPPLEMENT-ab92871a42b2c8523fcb,P03-L3-POSTEXT-64-128-256-R1-1833e865bcb88ff8,2e5ebd6fc62f4c9ca3ed0102914f64142de9e1206be0b6e6b3e32cad90f1d742,IHARQ-P03-L3-OFFICIAL-STRETCH-C-EXECUTION-FREEZE-R1,P03S-POSTEXT-64-128-256-PRE14-EVIDENCE-HARDENING-R1_1-S12-EVIDENCE,False,GROUP-eae368048b9467ac5f4c,PhysioNetMI,SSL-CBRAMOD:CBraMod-HF-Braindecode-GovernedP02-R6Scale1e4:P02S-LLX-R1-A0-PhysioNetMI-SSL-CBRAMOD-64PC-MR00,P01-L1-LOW-CAL-OFFICIAL-R2:64_PER_CLASS,IHARQ-SPLITRECORD-20260806-e4e371d332c61e36,test,495,P03-OFFICIAL-METRICS-R1,P03-OFFICIAL-EQUAL-WIDTH-15-R1,P03-RELIABILITY-4a617e9ce6dc4c755cc3,P03-RELIABILITY-RAW-3df82d03425c1c3b4c9f,GROUP-eae368048b9467ac5f4c:raw,GROUP-eae368048b9467ac5f4c:selected,P03-CalibrationRecord-e52fe89ec8f7f61c834b,0.6418384139171065,0.4992662453840739,-0.14257216853303262,0.886062766104935,0.6924161691219781,-0.19364659698295683,0.2364620592880145,0.015096936704778394,-0.2213651225832361,"[""P03-ReliabilityAuditReport-648ddf844b3924b9a260"",""P03-CalibrationRecord-e52fe89ec8f7f61c834b"",""P03SelectionScoreRecord:P02-A0-PhysioNetMI-SSL-CBRAMOD-P01-L1-LOW-CAL-OFFICIAL-R2:64_PER_CLASS-MR00:calibration"",""P03SelectionScoreRecord:P02-A0-PhysioNetMI-SSL-CBRAMOD-P01-L1-LOW-CAL-OFFICIAL-R2:64_PER_CLASS-MR00:validation"",""P02-A0-PhysioNetMI-SSL-CBRAMOD-P01-L1-LOW-CAL-OFFICIAL-R2:64_PER_CLASS-MR00""]","[""fa5dcc2f45efb38d8f478ecf9687ba4bc2d68c29e5c22d9a160098cf100eef3d"",""fb5f3d5a3187656d968038fbbff0badc69a5ae4ea178a8f2b3f22b4dd44ebe82"",""71e00945d3fd2f5fa0a8b5290e359af82e894d65e37d53c8c4bc11fc7b1ca5fe"",""745eec6a48b38d087ce8ccb0aff11849744cf3b5b6458c80a32d1adf59e502be"",""01fd8f6be78a3f9e0c10fc9e108bad09123c7824a3d14c2dbd0ce86a107af923"",""85ff50129fa705a7bf4ab7dec6b01c4c23755a2044a06dade71f6edc3f89e3a1"",""710d6a6388188f1eadf50eee954408996a60bfdbed77ef7bb689ab29e30b501e"",""a19d2e7ab71c5743ef4f34d20fdc89a4a7c5d8b0e174a10c7aec1af52cea05de"",""0e4d987bf078bb7a4753e2defe5c2acc94a6f96a69daaa845b7df80f0eb30aa2"",""db65b9f31c48f77aaeb2111d56d4ce92cf6f8cd2dba5ba112ef272d60419048a"",""4a196399ea98528bf2695b842724d5416507b16396c3464edf3e8fb8ac59ab7b"",""d6b3c3e968d09f0d3b405d42332ab22faaaf5038c8377fcc9919a506d211516f"",""fb0ea32eb869e9dfd233dd06fefd970801a78e9c76b4252ddaf8effbc6cbaf1c""]","[""P03-ReliabilityAuditReport-648ddf844b3924b9a260"",""P03-CalibrationRecord-e52fe89ec8f7f61c834b"",""GROUP-eae368048b9467ac5f4c"",""P03-SplitIntegrityReport-324bc3182fa9b3cf3ea8"",""P03-CalibrationEligibilityTable-9bd6e309e2b40d682744"",""P03-CalibrationRecord-40d76325aed0fb1e0dc3"",""ModelRegistryRecord:e48ed563ffdb5ba1b02359f9"",""IHARQ-SPLITRECORD-20260806-e4e371d332c61e36""]"
CalibrationMetricSourceTable.v1,1.0.0,SOURCE_TABLE_PROFILE_NOT_REGISTERED_AS_RECORD_FAMILY,P03-PROD-022,P03-CAL-METRIC-SOURCE-TABLE-SUPPLEMENT-8518654a4afcfe1f1933,P03-CAL-METRIC-SOURCE-ROW-SUPPLEMENT-cfc302d94686f97166be,P03-L3-POSTEXT-64-128-256-R1-1833e865bcb88ff8,2e5ebd6fc62f4c9ca3ed0102914f64142de9e1206be0b6e6b3e32cad90f1d742,IHARQ-P03-L3-OFFICIAL-STRETCH-C-EXECUTION-FREEZE-R1,P03S-POSTEXT-64-128-256-PRE14-EVIDENCE-HARDENING-R1_1-S12-EVIDENCE,False,GROUP-fc3af83d9edc8504b282,PhysioNetMI,SSL-CBRAMOD:CBraMod-HF-Braindecode-GovernedP02-R6Scale1e4:P02S-LLX-R1-A0-PhysioNetMI-SSL-CBRAMOD-64PC-MR01,P01-L1-LOW-CAL-OFFICIAL-R2:64_PER_CLASS,IHARQ-SPLITRECORD-20260806-e4e371d332c61e36,test,495,P03-OFFICIAL-METRICS-R1,P03-OFFICIAL-EQUAL-WIDTH-15-R1,P03-RELIABILITY-197808e3615b95a9c8e7,P03-RELIABILITY-RAW-ea853edadb8d4c38a0b1,GROUP-fc3af83d9edc8504b282:raw,GROUP-fc3af83d9edc8504b282:selected,P03-CalibrationRecord-23c04c01f620e2ebb912,0.7144452330139547,0.4987561478272138,-0.2156890851867409,1.0848058823103068,0.691898350859571,-0.39290753145073587,0.28913699488581585,0.01059519333262717,-0.2785418015531887,"[""P03-ReliabilityAuditReport-126321dc1f0653b6adc5"",""P03-CalibrationRecord-23c04c01f620e2ebb912"",""P03SelectionScoreRecord:P02-A0-PhysioNetMI-SSL-CBRAMOD-P01-L1-LOW-CAL-OFFICIAL-R2:64_PER_CLASS-MR01:calibration"",""P03SelectionScoreRecord:P02-A0-PhysioNetMI-SSL-CBRAMOD-P01-L1-LOW-CAL-OFFICIAL-R2:64_PER_CLASS-MR01:validation"",""P02-A0-PhysioNetMI-SSL-CBRAMOD-P01-L1-LOW-CAL-OFFICIAL-R2:64_PER_CLASS-MR01""]","[""a128e1d96c18350a01b5a2039921974079079e6190faebfd5736629136f52c72"",""5ff1dcd1b794fb99e240027246d33f497d34990e231b22722f8ff8326dadc5a7"",""66bb8c9767a3ee877818df971d0c7d50eba5c9bb6f8c112dfaa9244716a6e11e"",""bcf8fd5a6562f7196cec44aeed4eb5e398b8d367bd3e1a78f66d453adde608e7"",""e653f66945a50f61d65a5055ed0f463cfd55d0f7bb02cca4dbce9709658cfa59"",""ea18fd37c2b7f4f01befc7680003ce44957f088ea5c9c3c8206821417c7917d4"",""b3c719fad0d56174d117bdb3930093987b83ae89682049eb8ed453dd4c92f571"",""3a2cd7bf4cf3a16084e6bd30e4d153ce83155f49a9530930c3347144204b95e7"",""0e4d987bf078bb7a4753e2defe5c2acc94a6f96a69daaa845b7df80f0eb30aa2"",""540c6f319a3f0fbea7ffc4e080deb232fd90f84bf9130a562cbf16f844c64a5d"",""32681a878f5eeab1f253fd38326407314b6a2582d1c90cc2cd98f2ce3a16a9c5"",""36e17dfdf4384e48690e21dcd07f6859ebb839579b673efa96e5c8aea618dc5c"",""fb0ea32eb869e9dfd233dd06fefd970801a78e9c76b4252ddaf8effbc6cbaf1c""]","[""P03-ReliabilityAuditReport-126321dc1f0653b6adc5"",""P03-CalibrationRecord-23c04c01f620e2ebb912"",""GROUP-fc3af83d9edc8504b282"",""P03-SplitIntegrityReport-346dcf810d779770558d"",""P03-CalibrationEligibilityTable-32d49abb83e1553e9144"",""P03-CalibrationRecord-14136cf0ca966d1d5e15"",""ModelRegistryRecord:c4e88da522ad9798db2fd96b"",""IHARQ-SPLITRECORD-20260806-e4e371d332c61e36""]"
CalibrationMetricSourceTable.v1,1.0.0,SOURCE_TABLE_PROFILE_NOT_REGISTERED_AS_RECORD_FAMILY,P03-PROD-022,P03-CAL-METRIC-SOURCE-TABLE-SUPPLEMENT-8518654a4afcfe1f1933,P03-CAL-METRIC-SOURCE-ROW-SUPPLEMENT-aa9f5d1ff250104eaac8,P03-L3-POSTEXT-64-128-256-R1-1833e865bcb88ff8,2e5ebd6fc62f4c9ca3ed0102914f64142de9e1206be0b6e6b3e32cad90f1d742,IHARQ-P03-L3-OFFICIAL-STRETCH-C-EXECUTION-FREEZE-R1,P03S-POSTEXT-64-128-256-PRE14-EVIDENCE-HARDENING-R1_1-S12-EVIDENCE,False,GROUP-4dc321756b295596f862,PhysioNetMI,SSL-CBRAMOD:CBraMod-HF-Braindecode-GovernedP02-R6Scale1e4:P02S-LLX-R1-A0-PhysioNetMI-SSL-CBRAMOD-64PC-MR02,P01-L1-LOW-CAL-OFFICIAL-R2:64_PER_CLASS,IHARQ-SPLITRECORD-20260806-e4e371d332c61e36,test,495,P03-OFFICIAL-METRICS-R1,P03-OFFICIAL-EQUAL-WIDTH-15-R1,P03-RELIABILITY-670c2ed1ecea3e837ba6,P03-RELIABILITY-RAW-5c4509e10247653e49cb,GROUP-4dc321756b295596f862:raw,GROUP-4dc321756b295596f862:selected,P03-CalibrationRecord-b49b7fcc1b0281bca433,0.6910846752563131,0.5006220733541794,-0.1904626019021337,1.0540997332989706,0.6937727699244004,-0.36032696337457015,0.27077629856687324,0.016771460952164675,-0.25400483761470855,"[""P03-ReliabilityAuditReport-37a3646c46dddb3fd941"",""P03-CalibrationRecord-b49b7fcc1b0281bca433"",""P03SelectionScoreRecord:P02-A0-PhysioNetMI-SSL-CBRAMOD-P01-L1-LOW-CAL-OFFICIAL-R2:64_PER_CLASS-MR02:calibration"",""P03SelectionScoreRecord:P02-A0-PhysioNetMI-SSL-CBRAMOD-P01-L1-LOW-CAL-OFFICIAL-R2:64_PER_CLASS-MR02:validation"",""P02-A0-PhysioNetMI-SSL-CBRAMOD-P01-L1-LOW-CAL-OFFICIAL-R2:64_PER_CLASS-MR02""]","[""355fc84b106ea4a8a7f5f4ed39908c120999eda7c289d1181899ab3d0ac65635"",""93baf2e1cdff3a57dcb4f9d392a7688c20178ad0b9959546451f6c2733c4ae58"",""987881bc144db661b08f32dbd86568421df555549f1cbec4a2530e368e7d1f8f"",""b617bba6b2690bba1a01326181cb34ec06def29236eca27e5e78766e8ff62eed"",""339354ee07becf6b4294312f5d0f28c7b542a31c718b9bf443d3d78306f72e39"",""e796a32caef65a1139c52a0aedfaf8b58ffef1d4ea9fc2c46f54b2c8bcad32e6"",""124e2e45d0e1a70a2187441da43a73f59d544fbdfdf7f81e6a673a42c388f01a"",""71ba6faa75e3156eeffc6c93653c5ea07b19b48fc73393ef1fdf06e551e184b5"",""0e4d987bf078bb7a4753e2defe5c2acc94a6f96a69daaa845b7df80f0eb30aa2"",""0e54f8c5d31f3f862f87be0b82b110366e66586cd824732528d58f5d567fced1"",""b1170c8e2625e7c601c6d5a14c9ce29e275eaddcfb3118430fe7f667d1ef1a8b"",""f71e2df024f91453d78ab5448a1aa858be913edc0fa981b45925eb747b12e2c2"",""fb0ea32eb869e9dfd233dd06fefd970801a78e9c76b4252ddaf8effbc6cbaf1c""]","[""P03-ReliabilityAuditReport-37a3646c46dddb3fd941"",""P03-CalibrationRecord-b49b7fcc1b0281bca433"",""GROUP-4dc321756b295596f862"",""P03-SplitIntegrityReport-e139ed99b5d275867a6d"",""P03-CalibrationEligibilityTable-a57ead4c0d4736db7fc9"",""P03-CalibrationRecord-73250b3420349afacdaa"",""ModelRegistryRecord:e5476985242ef1185ee5e0bb"",""IHARQ-SPLITRECORD-20260806-e4e371d332c61e36""]"
CalibrationMetricSourceTable.v1,1.0.0,SOURCE_TABLE_PROFILE_NOT_REGISTERED_AS_RECORD_FAMILY,P03-PROD-022,P03-CAL-METRIC-SOURCE-TABLE-SUPPLEMENT-8518654a4afcfe1f1933,P03-CAL-METRIC-SOURCE-ROW-SUPPLEMENT-73817b4b0fa823e80fe5,P03-L3-POSTEXT-64-128-256-R1-1833e865bcb88ff8,2e5ebd6fc62f4c9ca3ed0102914f64142de9e1206be0b6e6b3e32cad90f1d742,IHARQ-P03-L3-OFFICIAL-STRETCH-C-EXECUTION-FREEZE-R1,P03S-POSTEXT-64-128-256-PRE14-EVIDENCE-HARDENING-R1_1-S12-EVIDENCE,False,GROUP-24791b21a776a7315c28,PhysioNetMI,SSL-CBRAMOD:CBraMod-HF-Braindecode-GovernedP02-R6Scale1e4:P02S-LLX-R1-A0-PhysioNetMI-SSL-CBRAMOD-64PC-MR03,P01-L1-LOW-CAL-OFFICIAL-R2:64_PER_CLASS,IHARQ-SPLITRECORD-20260806-e4e371d332c61e36,test,495,P03-OFFICIAL-METRICS-R1,P03-OFFICIAL-EQUAL-WIDTH-15-R1,P03-RELIABILITY-fdaa27063f577e06cfe3,P03-RELIABILITY-RAW-079899ecbf96a15277dc,GROUP-24791b21a776a7315c28:raw,GROUP-24791b21a776a7315c28:selected,P03-CalibrationRecord-3368e2b2b750a449ed10,0.7238882315088183,0.500214453330318,-0.22367377817850032,1.1965232333084581,0.6933621771989609,-0.5031610561094972,0.29320117185414496,0.0022480868787316285,-0.29095308497541333,"[""P03-ReliabilityAuditReport-b9d8620504b04947b8a4"",""P03-CalibrationRecord-3368e2b2b750a449ed10"",""P03SelectionScoreRecord:P02-A0-PhysioNetMI-SSL-CBRAMOD-P01-L1-LOW-CAL-OFFICIAL-R2:64_PER_CLASS-MR03:calibration"",""P03SelectionScoreRecord:P02-A0-PhysioNetMI-SSL-CBRAMOD-P01-L1-LOW-CAL-OFFICIAL-R2:64_PER_CLASS-MR03:validation"",""P02-A0-PhysioNetMI-SSL-CBRAMOD-P01-L1-LOW-CAL-OFFICIAL-R2:64_PER_CLASS-MR03""]","[""beef58677b2597eb160026b72dda1e031bec19c22ee5f78aeebd4bfec66678ee"",""c64543ba92a865ea73e69b50ea279e434252b6be9cd1045d1225054cb51a586f"",""0fb3620b928dc720a2f999209c5810291afa29f443b94f64cd76aa4e8b1e3f27"",""b054d6e7933c3a2bfff3af4095662cb1d390969a7277c6bb673809972bb512be"",""79cc9dbe10e3212fc0b83924ebdd5f9521f8d83e73b47a926bc0e8d36014e9f7"",""4b08bc61a712325f40979d542261b70c06ef230eb398e3b47a675cb31bd9dcb8"",""1859c98296c11daed87b9d63182dd762d6d53b858dd36d66605f257a938dd305"",""b70ff1c7ddfbbb7d7f26abf97c5b07567afd562da82c504aa71f102469bd56f5"",""0e4d987bf078bb7a4753e2defe5c2acc94a6f96a69daaa845b7df80f0eb30aa2"",""1903b42044e423752f7b7e4a3a5ea2aa55ae0e83dea821f63762cc5279aa57b2"",""c09f24e3782d6f8758bbd86202c342755baa68620952f7140271bd832b1162a6"",""0dafd58d5401579cfe8e6f3f0609faf9a082b08fa6a942e322265d8abc6ce62a"",""fb0ea32eb869e9dfd233dd06fefd970801a78e9c76b4252ddaf8effbc6cbaf1c""]","[""P03-ReliabilityAuditReport-b9d8620504b04947b8a4"",""P03-CalibrationRecord-3368e2b2b750a449ed10"",""GROUP-24791b21a776a7315c28"",""P03-SplitIntegrityReport-555175111d94aa3bcff3"",""P03-CalibrationEligibilityTable-f65421e366312297d46e"",""P03-CalibrationRecord-13507b5bd1ead3ec5bae"",""ModelRegistryRecord:67cd8a9b0518ae6f76e0ad51"",""IHARQ-SPLITRECORD-20260806-e4e371d332c61e36""]"
CalibrationMetricSourceTable.v1,1.0.0,SOURCE_TABLE_PROFILE_NOT_REGISTERED_AS_RECORD_FAMILY,P03-PROD-022,P03-CAL-METRIC-SOURCE-TABLE-SUPPLEMENT-8518654a4afcfe1f1933,P03-CAL-METRIC-SOURCE-ROW-SUPPLEMENT-ca4f6422371998aab3ed,P03-L3-POSTEXT-64-128-256-R1-1833e865bcb88ff8,2e5ebd6fc62f4c9ca3ed0102914f64142de9e1206be0b6e6b3e32cad90f1d742,IHARQ-P03-L3-OFFICIAL-STRETCH-C-EXECUTION-FREEZE-R1,P03S-POSTEXT-64-128-256-PRE14-EVIDENCE-HARDENING-R1_1-S12-EVIDENCE,False,GROUP-0801174be829a5ff4830,PhysioNetMI,SSL-CBRAMOD:CBraMod-HF-Braindecode-GovernedP02-R6Scale1e4:P02S-LLX-R1-A0-PhysioNetMI-SSL-CBRAMOD-64PC-MR04,P01-L1-LOW-CAL-OFFICIAL-R2:64_PER_CLASS,IHARQ-SPLITRECORD-20260806-e4e371d332c61e36,test,495,P03-OFFICIAL-METRICS-R1,P03-OFFICIAL-EQUAL-WIDTH-15-R1,P03-RELIABILITY-8bb92611f8f6e05de7cc,P03-RELIABILITY-RAW-b16f9f3bc390138a967a,GROUP-0801174be829a5ff4830:raw,GROUP-0801174be829a5ff4830:selected,P03-CalibrationRecord-b1411c7d4f9836aff5e0,0.6750227603388615,0.5004490711999504,-0.17457368913891114,0.9977044130917694,0.6936029571117469,-0.3041014559800225,0.26287026506843303,0.033177846223004195,-0.22969241884542885,"[""P03-ReliabilityAuditReport-2590e74c10f0ec4f2e20"",""P03-CalibrationRecord-b1411c7d4f9836aff5e0"",""P03SelectionScoreRecord:P02-A0-PhysioNetMI-SSL-CBRAMOD-P01-L1-LOW-CAL-OFFICIAL-R2:64_PER_CLASS-MR04:calibration"",""P03SelectionScoreRecord:P02-A0-PhysioNetMI-SSL-CBRAMOD-P01-L1-LOW-CAL-OFFICIAL-R2:64_PER_CLASS-MR04:validation"",""P02-A0-PhysioNetMI-SSL-CBRAMOD-P01-L1-LOW-CAL-OFFICIAL-R2:64_PER_CLASS-MR04""]","[""a3e3d1a23995d93f7f7e6284af964a561f072c5f2e31b070503dc644ef27c1f5"",""4ffaaee4c8822ed90594877b4ca13e8b1714e1f66ac6706a6599f72e907fb5eb"",""12662fd44763329dbdd54c7ac56b1e6925456bc46cd8243551946f41f2ee9a3a"",""e831db953fa182ac936ef87f56e96197e4041f282b9713d6b995f2a45406b3c6"",""b0d65b7e44a3fe68964bf4ed7d7c78799fbfa742af30fb79c25de36f114f87ba"",""6bb31100ee765a1aaad9a2e8d6da547263639523f7e162c060924e6e80854f33"",""88efcec3b2065a99adef7220c78707d5170add2eda1892565ccee8ebf8d27594"",""840ac6e7184315fbb33ed154472b1f45e4487b2c2421afb5f64c2e948192ee6c"",""0e4d987bf078bb7a4753e2defe5c2acc94a6f96a69daaa845b7df80f0eb30aa2"",""ce917bbe27c473b8938f928d5285472fc8abfd84d9bee64e574fd1c8b6570dfe"",""378e272919eef7db2465078cb82a2b525e5360539c9991627525c05f64e7a6a9"",""b83af8a14d3514bc0ada0841f7598c3f11715c22016fa8154a9f7eb0e57f7400"",""fb0ea32eb869e9dfd233dd06fefd970801a78e9c76b4252ddaf8effbc6cbaf1c""]","[""P03-ReliabilityAuditReport-2590e74c10f0ec4f2e20"",""P03-CalibrationRecord-b1411c7d4f9836aff5e0"",""GROUP-0801174be829a5ff4830"",""P03-SplitIntegrityReport-7e3e1df22d757699da34"",""P03-CalibrationEligibilityTable-eef6a6073a5e4a282e30"",""P03-CalibrationRecord-a2354deb34691ff4f3c5"",""ModelRegistryRecord:7b2bcddbe2d4cb08777d43da"",""IHARQ-SPLITRECORD-20260806-e4e371d332c61e36""]"
