group_source_id,group_field,group_id,support_count,sparse_support,brier,nll,status
GROUP-e82a231aef6989da041d,dataset_id,BNCI2014_001,288,False,0.4551961340738029,0.6501409991000537,ELIGIBLE
GROUP-e82a231aef6989da041d,subject_id,7,288,False,0.4551961340738029,0.6501409991000537,ELIGIBLE
GROUP-e82a231aef6989da041d,session_id,0train,144,False,0.4600631810042041,0.6555764046579772,ELIGIBLE
GROUP-e82a231aef6989da041d,session_id,1test,144,False,0.4503290871434016,0.6447055935421303,ELIGIBLE
GROUP-e82a231aef6989da041d,model_id,CLS-CSP-LDA:CLS-CSP-LDA:P02-A0-BNCI2014_001-CLS-CSP-LDA-FULL_TRAIN-MR00,288,False,0.4551961340738029,0.6501409991000537,ELIGIBLE
GROUP-e82a231aef6989da041d,branch_id,__MISSING__,288,False,0.4551961340738029,0.6501409991000537,ELIGIBLE
GROUP-e82a231aef6989da041d,budget_id,FULL_TRAIN,288,False,0.4551961340738029,0.6501409991000537,ELIGIBLE
GROUP-e82a231aef6989da041d,split_id,IHARQ-SPLITRECORD-20260806-e4e371d332c61e36,288,False,0.4551961340738029,0.6501409991000537,ELIGIBLE
GROUP-e82a231aef6989da041d,calibration_method_id,__MISSING__,288,False,0.4551961340738029,0.6501409991000537,ELIGIBLE
GROUP-ac430d24ddc20b32eb58,dataset_id,BNCI2014_001,288,False,0.5012886153929288,0.6944458889343013,ELIGIBLE
GROUP-ac430d24ddc20b32eb58,subject_id,7,288,False,0.5012886153929288,0.6944458889343013,ELIGIBLE
GROUP-ac430d24ddc20b32eb58,session_id,0train,144,False,0.49888173715562545,0.692026282329719,ELIGIBLE
GROUP-ac430d24ddc20b32eb58,session_id,1test,144,False,0.5036954936302322,0.6968654955388836,ELIGIBLE
GROUP-ac430d24ddc20b32eb58,model_id,CLS-CSP-LDA:CLS-CSP-LDA:P02-A0-BNCI2014_001-CLS-CSP-LDA-P01-L1-LOW-CAL-OFFICIAL-R2:16_PER_CLASS-MR00,288,False,0.5012886153929288,0.6944458889343013,ELIGIBLE
GROUP-ac430d24ddc20b32eb58,branch_id,__MISSING__,288,False,0.5012886153929288,0.6944458889343013,ELIGIBLE
GROUP-ac430d24ddc20b32eb58,budget_id,P01-L1-LOW-CAL-OFFICIAL-R2:16_PER_CLASS,288,False,0.5012886153929288,0.6944458889343013,ELIGIBLE
GROUP-ac430d24ddc20b32eb58,split_id,IHARQ-SPLITRECORD-20260806-e4e371d332c61e36,288,False,0.5012886153929288,0.6944458889343013,ELIGIBLE
GROUP-ac430d24ddc20b32eb58,calibration_method_id,__MISSING__,288,False,0.5012886153929288,0.6944458889343013,ELIGIBLE
GROUP-199f031460f7228734dd,dataset_id,BNCI2014_001,288,False,0.5018350321518811,0.6949727773846023,ELIGIBLE
GROUP-199f031460f7228734dd,subject_id,7,288,False,0.5018350321518811,0.6949727773846023,ELIGIBLE
GROUP-199f031460f7228734dd,session_id,0train,144,False,0.4984782373035394,0.6915567559914558,ELIGIBLE
GROUP-199f031460f7228734dd,session_id,1test,144,False,0.5051918270002227,0.6983887987777488,ELIGIBLE
GROUP-199f031460f7228734dd,model_id,CLS-CSP-LDA:CLS-CSP-LDA:P02-A0-BNCI2014_001-CLS-CSP-LDA-P01-L1-LOW-CAL-OFFICIAL-R2:2_PER_CLASS-MR00,288,False,0.5018350321518811,0.6949727773846023,ELIGIBLE
GROUP-199f031460f7228734dd,branch_id,__MISSING__,288,False,0.5018350321518811,0.6949727773846023,ELIGIBLE
GROUP-199f031460f7228734dd,budget_id,P01-L1-LOW-CAL-OFFICIAL-R2:2_PER_CLASS,288,False,0.5018350321518811,0.6949727773846023,ELIGIBLE
GROUP-199f031460f7228734dd,split_id,IHARQ-SPLITRECORD-20260806-e4e371d332c61e36,288,False,0.5018350321518811,0.6949727773846023,ELIGIBLE
GROUP-199f031460f7228734dd,calibration_method_id,__MISSING__,288,False,0.5018350321518811,0.6949727773846023,ELIGIBLE
GROUP-d66de711e40c0064ac66,dataset_id,BNCI2014_001,288,False,0.501920373925129,0.6950714805938856,ELIGIBLE
GROUP-d66de711e40c0064ac66,subject_id,7,288,False,0.501920373925129,0.6950714805938856,ELIGIBLE
GROUP-d66de711e40c0064ac66,session_id,0train,144,False,0.5004637148865403,0.6936118801382347,ELIGIBLE
GROUP-d66de711e40c0064ac66,session_id,1test,144,False,0.5033770329637179,0.6965310810495362,ELIGIBLE
GROUP-d66de711e40c0064ac66,model_id,CLS-CSP-LDA:CLS-CSP-LDA:P02-A0-BNCI2014_001-CLS-CSP-LDA-P01-L1-LOW-CAL-OFFICIAL-R2:32_PER_CLASS-MR00,288,False,0.501920373925129,0.6950714805938856,ELIGIBLE
GROUP-d66de711e40c0064ac66,branch_id,__MISSING__,288,False,0.501920373925129,0.6950714805938856,ELIGIBLE
GROUP-d66de711e40c0064ac66,budget_id,P01-L1-LOW-CAL-OFFICIAL-R2:32_PER_CLASS,288,False,0.501920373925129,0.6950714805938856,ELIGIBLE
GROUP-d66de711e40c0064ac66,split_id,IHARQ-SPLITRECORD-20260806-e4e371d332c61e36,288,False,0.501920373925129,0.6950714805938856,ELIGIBLE
GROUP-d66de711e40c0064ac66,calibration_method_id,__MISSING__,288,False,0.501920373925129,0.6950714805938856,ELIGIBLE
GROUP-b803f4e6ba58c83ec66a,dataset_id,BNCI2014_001,288,False,0.47237300505489205,0.664778584312858,ELIGIBLE
GROUP-b803f4e6ba58c83ec66a,subject_id,7,288,False,0.47237300505489205,0.664778584312858,ELIGIBLE
GROUP-b803f4e6ba58c83ec66a,session_id,0train,144,False,0.46731200068627454,0.6598696100130839,ELIGIBLE
GROUP-b803f4e6ba58c83ec66a,session_id,1test,144,False,0.47743400942350944,0.6696875586126321,ELIGIBLE
GROUP-b803f4e6ba58c83ec66a,model_id,CLS-CSP-LDA:CLS-CSP-LDA:P02-A0-BNCI2014_001-CLS-CSP-LDA-P01-L1-LOW-CAL-OFFICIAL-R2:4_PER_CLASS-MR00,288,False,0.47237300505489205,0.664778584312858,ELIGIBLE
GROUP-b803f4e6ba58c83ec66a,branch_id,__MISSING__,288,False,0.47237300505489205,0.664778584312858,ELIGIBLE
GROUP-b803f4e6ba58c83ec66a,budget_id,P01-L1-LOW-CAL-OFFICIAL-R2:4_PER_CLASS,288,False,0.47237300505489205,0.664778584312858,ELIGIBLE
GROUP-b803f4e6ba58c83ec66a,split_id,IHARQ-SPLITRECORD-20260806-e4e371d332c61e36,288,False,0.47237300505489205,0.664778584312858,ELIGIBLE
GROUP-b803f4e6ba58c83ec66a,calibration_method_id,__MISSING__,288,False,0.47237300505489205,0.664778584312858,ELIGIBLE
GROUP-7c47c754a2a2003dba44,dataset_id,BNCI2014_001,288,False,0.5017431838584764,0.694892280951241,ELIGIBLE
GROUP-7c47c754a2a2003dba44,subject_id,7,288,False,0.5017431838584764,0.694892280951241,ELIGIBLE
GROUP-7c47c754a2a2003dba44,session_id,0train,144,False,0.5003162675867274,0.693464247573106,ELIGIBLE
GROUP-7c47c754a2a2003dba44,session_id,1test,144,False,0.5031701001302253,0.6963203143293761,ELIGIBLE
GROUP-7c47c754a2a2003dba44,model_id,CLS-CSP-LDA:CLS-CSP-LDA:P02-A0-BNCI2014_001-CLS-CSP-LDA-P01-L1-LOW-CAL-OFFICIAL-R2:8_PER_CLASS-MR00,288,False,0.5017431838584764,0.694892280951241,ELIGIBLE
GROUP-7c47c754a2a2003dba44,branch_id,__MISSING__,288,False,0.5017431838584764,0.694892280951241,ELIGIBLE
GROUP-7c47c754a2a2003dba44,budget_id,P01-L1-LOW-CAL-OFFICIAL-R2:8_PER_CLASS,288,False,0.5017431838584764,0.694892280951241,ELIGIBLE
GROUP-7c47c754a2a2003dba44,split_id,IHARQ-SPLITRECORD-20260806-e4e371d332c61e36,288,False,0.5017431838584764,0.694892280951241,ELIGIBLE
GROUP-7c47c754a2a2003dba44,calibration_method_id,__MISSING__,288,False,0.5017431838584764,0.694892280951241,ELIGIBLE
GROUP-48bbe25ab3f8510fb327,dataset_id,BNCI2014_001,288,False,0.45999245667700644,0.6564891119057508,ELIGIBLE
GROUP-48bbe25ab3f8510fb327,subject_id,7,288,False,0.45999245667700644,0.6564891119057508,ELIGIBLE
GROUP-48bbe25ab3f8510fb327,session_id,0train,144,False,0.5019834714587391,0.7028269132307844,ELIGIBLE
GROUP-48bbe25ab3f8510fb327,session_id,1test,144,False,0.41800144189527394,0.6101513105807173,ELIGIBLE
GROUP-48bbe25ab3f8510fb327,model_id,CLS-FBCSP-LR:CLS-FBCSP-LR:P02-A0-BNCI2014_001-CLS-FBCSP-LR-FULL_TRAIN-MR00,288,False,0.45999245667700644,0.6564891119057508,ELIGIBLE
GROUP-48bbe25ab3f8510fb327,branch_id,__MISSING__,288,False,0.45999245667700644,0.6564891119057508,ELIGIBLE
GROUP-48bbe25ab3f8510fb327,budget_id,FULL_TRAIN,288,False,0.45999245667700644,0.6564891119057508,ELIGIBLE
GROUP-48bbe25ab3f8510fb327,split_id,IHARQ-SPLITRECORD-20260806-e4e371d332c61e36,288,False,0.45999245667700644,0.6564891119057508,ELIGIBLE
GROUP-48bbe25ab3f8510fb327,calibration_method_id,__MISSING__,288,False,0.45999245667700644,0.6564891119057508,ELIGIBLE
GROUP-3c4ee5d0bed3b8b36028,dataset_id,BNCI2014_001,288,False,0.4977365595508132,0.7334536466723098,ELIGIBLE
GROUP-3c4ee5d0bed3b8b36028,subject_id,7,288,False,0.4977365595508132,0.7334536466723098,ELIGIBLE
GROUP-3c4ee5d0bed3b8b36028,session_id,0train,144,False,0.46805697366594706,0.6722159053377476,ELIGIBLE
GROUP-3c4ee5d0bed3b8b36028,session_id,1test,144,False,0.5274161454356794,0.7946913880068721,ELIGIBLE
GROUP-3c4ee5d0bed3b8b36028,model_id,DNN-EEGNET:EEGNet-R7-LAWHERN-SMR-P01-160HZ:P02-A0-BNCI2014_001-DNN-EEGNET-FULL_TRAIN-MR00,288,False,0.4977365595508132,0.7334536466723098,ELIGIBLE
GROUP-3c4ee5d0bed3b8b36028,branch_id,__MISSING__,288,False,0.4977365595508132,0.7334536466723098,ELIGIBLE
GROUP-3c4ee5d0bed3b8b36028,budget_id,FULL_TRAIN,288,False,0.4977365595508132,0.7334536466723098,ELIGIBLE
GROUP-3c4ee5d0bed3b8b36028,split_id,IHARQ-SPLITRECORD-20260806-e4e371d332c61e36,288,False,0.4977365595508132,0.7334536466723098,ELIGIBLE
GROUP-3c4ee5d0bed3b8b36028,calibration_method_id,__MISSING__,288,False,0.4977365595508132,0.7334536466723098,ELIGIBLE
GROUP-d01d911e60b839978918,dataset_id,BNCI2014_001,288,False,0.5112331087860442,0.7233088873894469,ELIGIBLE
GROUP-d01d911e60b839978918,subject_id,7,288,False,0.5112331087860442,0.7233088873894469,ELIGIBLE
GROUP-d01d911e60b839978918,session_id,0train,144,False,0.4946688997958852,0.6958058539623416,ELIGIBLE
GROUP-d01d911e60b839978918,session_id,1test,144,False,0.5277973177762033,0.750811920816552,ELIGIBLE
GROUP-d01d911e60b839978918,model_id,DNN-EEGNET:EEGNet-R7-LAWHERN-SMR-P01-160HZ:P02-A0-BNCI2014_001-DNN-EEGNET-FULL_TRAIN-MR01,288,False,0.5112331087860442,0.7233088873894469,ELIGIBLE
GROUP-d01d911e60b839978918,branch_id,__MISSING__,288,False,0.5112331087860442,0.7233088873894469,ELIGIBLE
GROUP-d01d911e60b839978918,budget_id,FULL_TRAIN,288,False,0.5112331087860442,0.7233088873894469,ELIGIBLE
GROUP-d01d911e60b839978918,split_id,IHARQ-SPLITRECORD-20260806-e4e371d332c61e36,288,False,0.5112331087860442,0.7233088873894469,ELIGIBLE
GROUP-d01d911e60b839978918,calibration_method_id,__MISSING__,288,False,0.5112331087860442,0.7233088873894469,ELIGIBLE
GROUP-eaa42235c4df5f27d25e,dataset_id,BNCI2014_001,288,False,0.5364894075862369,0.7840137510362563,ELIGIBLE
GROUP-eaa42235c4df5f27d25e,subject_id,7,288,False,0.5364894075862369,0.7840137510362563,ELIGIBLE
GROUP-eaa42235c4df5f27d25e,session_id,0train,144,False,0.5254149284314078,0.751568622699842,ELIGIBLE
GROUP-eaa42235c4df5f27d25e,session_id,1test,144,False,0.5475638867410662,0.8164588793726706,ELIGIBLE
GROUP-eaa42235c4df5f27d25e,model_id,DNN-EEGNET:EEGNet-R7-LAWHERN-SMR-P01-160HZ:P02-A0-BNCI2014_001-DNN-EEGNET-FULL_TRAIN-MR02,288,False,0.5364894075862369,0.7840137510362563,ELIGIBLE
GROUP-eaa42235c4df5f27d25e,branch_id,__MISSING__,288,False,0.5364894075862369,0.7840137510362563,ELIGIBLE
GROUP-eaa42235c4df5f27d25e,budget_id,FULL_TRAIN,288,False,0.5364894075862369,0.7840137510362563,ELIGIBLE
GROUP-eaa42235c4df5f27d25e,split_id,IHARQ-SPLITRECORD-20260806-e4e371d332c61e36,288,False,0.5364894075862369,0.7840137510362563,ELIGIBLE
GROUP-eaa42235c4df5f27d25e,calibration_method_id,__MISSING__,288,False,0.5364894075862369,0.7840137510362563,ELIGIBLE
GROUP-d64c157e2f54e19bfec4,dataset_id,BNCI2014_001,288,False,0.47298877577756177,0.7115101944209603,ELIGIBLE
GROUP-d64c157e2f54e19bfec4,subject_id,7,288,False,0.47298877577756177,0.7115101944209603,ELIGIBLE
GROUP-d64c157e2f54e19bfec4,session_id,0train,144,False,0.46020179100513026,0.7038855141650604,ELIGIBLE
GROUP-d64c157e2f54e19bfec4,session_id,1test,144,False,0.4857757605499933,0.71913487467686,ELIGIBLE
GROUP-d64c157e2f54e19bfec4,model_id,DNN-EEGNET:EEGNet-R7-LAWHERN-SMR-P01-160HZ:P02-A0-BNCI2014_001-DNN-EEGNET-FULL_TRAIN-MR03,288,False,0.47298877577756177,0.7115101944209603,ELIGIBLE
GROUP-d64c157e2f54e19bfec4,branch_id,__MISSING__,288,False,0.47298877577756177,0.7115101944209603,ELIGIBLE
GROUP-d64c157e2f54e19bfec4,budget_id,FULL_TRAIN,288,False,0.47298877577756177,0.7115101944209603,ELIGIBLE
GROUP-d64c157e2f54e19bfec4,split_id,IHARQ-SPLITRECORD-20260806-e4e371d332c61e36,288,False,0.47298877577756177,0.7115101944209603,ELIGIBLE
GROUP-d64c157e2f54e19bfec4,calibration_method_id,__MISSING__,288,False,0.47298877577756177,0.7115101944209603,ELIGIBLE
GROUP-5796ebd0cabf507d36a6,dataset_id,BNCI2014_001,288,False,0.5372456968416633,0.7454584857348479,ELIGIBLE
GROUP-5796ebd0cabf507d36a6,subject_id,7,288,False,0.5372456968416633,0.7454584857348479,ELIGIBLE
GROUP-5796ebd0cabf507d36a6,session_id,0train,144,False,0.536472812353901,0.7375639318125544,ELIGIBLE
GROUP-5796ebd0cabf507d36a6,session_id,1test,144,False,0.5380185813294255,0.7533530396571414,ELIGIBLE
GROUP-5796ebd0cabf507d36a6,model_id,DNN-EEGNET:EEGNet-R7-LAWHERN-SMR-P01-160HZ:P02-A0-BNCI2014_001-DNN-EEGNET-FULL_TRAIN-MR04,288,False,0.5372456968416633,0.7454584857348479,ELIGIBLE
GROUP-5796ebd0cabf507d36a6,branch_id,__MISSING__,288,False,0.5372456968416633,0.7454584857348479,ELIGIBLE
GROUP-5796ebd0cabf507d36a6,budget_id,FULL_TRAIN,288,False,0.5372456968416633,0.7454584857348479,ELIGIBLE
GROUP-5796ebd0cabf507d36a6,split_id,IHARQ-SPLITRECORD-20260806-e4e371d332c61e36,288,False,0.5372456968416633,0.7454584857348479,ELIGIBLE
GROUP-5796ebd0cabf507d36a6,calibration_method_id,__MISSING__,288,False,0.5372456968416633,0.7454584857348479,ELIGIBLE
GROUP-e9815d7e600c7ee8b3dc,dataset_id,BNCI2014_001,288,False,0.49913644709128707,0.6922839653314092,ELIGIBLE
GROUP-e9815d7e600c7ee8b3dc,subject_id,7,288,False,0.49913644709128707,0.6922839653314092,ELIGIBLE
GROUP-e9815d7e600c7ee8b3dc,session_id,0train,144,False,0.49566428118963984,0.6887988476287095,ELIGIBLE
GROUP-e9815d7e600c7ee8b3dc,session_id,1test,144,False,0.5026086129929345,0.695769083034109,ELIGIBLE
GROUP-e9815d7e600c7ee8b3dc,model_id,DNN-EEGNET:EEGNet-R7-LAWHERN-SMR-P01-160HZ:P02-A0-BNCI2014_001-DNN-EEGNET-P01-L1-LOW-CAL-OFFICIAL-R2:16_PER_CLASS-MR00,288,False,0.49913644709128707,0.6922839653314092,ELIGIBLE
GROUP-e9815d7e600c7ee8b3dc,branch_id,__MISSING__,288,False,0.49913644709128707,0.6922839653314092,ELIGIBLE
GROUP-e9815d7e600c7ee8b3dc,budget_id,P01-L1-LOW-CAL-OFFICIAL-R2:16_PER_CLASS,288,False,0.49913644709128707,0.6922839653314092,ELIGIBLE
GROUP-e9815d7e600c7ee8b3dc,split_id,IHARQ-SPLITRECORD-20260806-e4e371d332c61e36,288,False,0.49913644709128707,0.6922839653314092,ELIGIBLE
GROUP-e9815d7e600c7ee8b3dc,calibration_method_id,__MISSING__,288,False,0.49913644709128707,0.6922839653314092,ELIGIBLE
GROUP-bec0af2ea518a9cf6f92,dataset_id,BNCI2014_001,288,False,0.5072641787386876,0.7014927307280628,ELIGIBLE
GROUP-bec0af2ea518a9cf6f92,subject_id,7,288,False,0.5072641787386876,0.7014927307280628,ELIGIBLE
GROUP-bec0af2ea518a9cf6f92,session_id,0train,144,False,0.4838137743534417,0.6766310534976964,ELIGIBLE
GROUP-bec0af2ea518a9cf6f92,session_id,1test,144,False,0.5307145831239333,0.7263544079584293,ELIGIBLE
GROUP-bec0af2ea518a9cf6f92,model_id,DNN-EEGNET:EEGNet-R7-LAWHERN-SMR-P01-160HZ:P02-A0-BNCI2014_001-DNN-EEGNET-P01-L1-LOW-CAL-OFFICIAL-R2:16_PER_CLASS-MR01,288,False,0.5072641787386876,0.7014927307280628,ELIGIBLE
GROUP-bec0af2ea518a9cf6f92,branch_id,__MISSING__,288,False,0.5072641787386876,0.7014927307280628,ELIGIBLE
GROUP-bec0af2ea518a9cf6f92,budget_id,P01-L1-LOW-CAL-OFFICIAL-R2:16_PER_CLASS,288,False,0.5072641787386876,0.7014927307280628,ELIGIBLE
GROUP-bec0af2ea518a9cf6f92,split_id,IHARQ-SPLITRECORD-20260806-e4e371d332c61e36,288,False,0.5072641787386876,0.7014927307280628,ELIGIBLE
GROUP-bec0af2ea518a9cf6f92,calibration_method_id,__MISSING__,288,False,0.5072641787386876,0.7014927307280628,ELIGIBLE
GROUP-cd6cbb0a1d36817f403b,dataset_id,BNCI2014_001,288,False,0.5040591072260179,0.6982597702109415,ELIGIBLE
GROUP-cd6cbb0a1d36817f403b,subject_id,7,288,False,0.5040591072260179,0.6982597702109415,ELIGIBLE
GROUP-cd6cbb0a1d36817f403b,session_id,0train,144,False,0.4798183526448996,0.6724767335557351,ELIGIBLE
GROUP-cd6cbb0a1d36817f403b,session_id,1test,144,False,0.5282998618071361,0.724042806866148,ELIGIBLE
GROUP-cd6cbb0a1d36817f403b,model_id,DNN-EEGNET:EEGNet-R7-LAWHERN-SMR-P01-160HZ:P02-A0-BNCI2014_001-DNN-EEGNET-P01-L1-LOW-CAL-OFFICIAL-R2:16_PER_CLASS-MR02,288,False,0.5040591072260179,0.6982597702109415,ELIGIBLE
GROUP-cd6cbb0a1d36817f403b,branch_id,__MISSING__,288,False,0.5040591072260179,0.6982597702109415,ELIGIBLE
GROUP-cd6cbb0a1d36817f403b,budget_id,P01-L1-LOW-CAL-OFFICIAL-R2:16_PER_CLASS,288,False,0.5040591072260179,0.6982597702109415,ELIGIBLE
GROUP-cd6cbb0a1d36817f403b,split_id,IHARQ-SPLITRECORD-20260806-e4e371d332c61e36,288,False,0.5040591072260179,0.6982597702109415,ELIGIBLE
GROUP-cd6cbb0a1d36817f403b,calibration_method_id,__MISSING__,288,False,0.5040591072260179,0.6982597702109415,ELIGIBLE
GROUP-2f7304614dbf298b5b4e,dataset_id,BNCI2014_001,288,False,0.49879482926696345,0.6923375366535007,ELIGIBLE
GROUP-2f7304614dbf298b5b4e,subject_id,7,288,False,0.49879482926696345,0.6923375366535007,ELIGIBLE
GROUP-2f7304614dbf298b5b4e,session_id,0train,144,False,0.47716028267411276,0.669975252528838,ELIGIBLE
GROUP-2f7304614dbf298b5b4e,session_id,1test,144,False,0.5204293758598142,0.7146998207781635,ELIGIBLE
GROUP-2f7304614dbf298b5b4e,model_id,DNN-EEGNET:EEGNet-R7-LAWHERN-SMR-P01-160HZ:P02-A0-BNCI2014_001-DNN-EEGNET-P01-L1-LOW-CAL-OFFICIAL-R2:16_PER_CLASS-MR03,288,False,0.49879482926696345,0.6923375366535007,ELIGIBLE
GROUP-2f7304614dbf298b5b4e,branch_id,__MISSING__,288,False,0.49879482926696345,0.6923375366535007,ELIGIBLE
GROUP-2f7304614dbf298b5b4e,budget_id,P01-L1-LOW-CAL-OFFICIAL-R2:16_PER_CLASS,288,False,0.49879482926696345,0.6923375366535007,ELIGIBLE
GROUP-2f7304614dbf298b5b4e,split_id,IHARQ-SPLITRECORD-20260806-e4e371d332c61e36,288,False,0.49879482926696345,0.6923375366535007,ELIGIBLE
GROUP-2f7304614dbf298b5b4e,calibration_method_id,__MISSING__,288,False,0.49879482926696345,0.6923375366535007,ELIGIBLE
GROUP-f86e31bffa0b3e4c3ef8,dataset_id,BNCI2014_001,288,False,0.5037937719546585,0.6972534290319707,ELIGIBLE
GROUP-f86e31bffa0b3e4c3ef8,subject_id,7,288,False,0.5037937719546585,0.6972534290319707,ELIGIBLE
GROUP-f86e31bffa0b3e4c3ef8,session_id,0train,144,False,0.4848822229680616,0.6777445439387999,ELIGIBLE
GROUP-f86e31bffa0b3e4c3ef8,session_id,1test,144,False,0.5227053209412553,0.7167623141251415,ELIGIBLE
GROUP-f86e31bffa0b3e4c3ef8,model_id,DNN-EEGNET:EEGNet-R7-LAWHERN-SMR-P01-160HZ:P02-A0-BNCI2014_001-DNN-EEGNET-P01-L1-LOW-CAL-OFFICIAL-R2:16_PER_CLASS-MR04,288,False,0.5037937719546585,0.6972534290319707,ELIGIBLE
GROUP-f86e31bffa0b3e4c3ef8,branch_id,__MISSING__,288,False,0.5037937719546585,0.6972534290319707,ELIGIBLE
GROUP-f86e31bffa0b3e4c3ef8,budget_id,P01-L1-LOW-CAL-OFFICIAL-R2:16_PER_CLASS,288,False,0.5037937719546585,0.6972534290319707,ELIGIBLE
GROUP-f86e31bffa0b3e4c3ef8,split_id,IHARQ-SPLITRECORD-20260806-e4e371d332c61e36,288,False,0.5037937719546585,0.6972534290319707,ELIGIBLE
GROUP-f86e31bffa0b3e4c3ef8,calibration_method_id,__MISSING__,288,False,0.5037937719546585,0.6972534290319707,ELIGIBLE
GROUP-8f980a561760fe86f815,dataset_id,BNCI2014_001,288,False,0.5042109818944276,0.6977957484934202,ELIGIBLE
GROUP-8f980a561760fe86f815,subject_id,7,288,False,0.5042109818944276,0.6977957484934202,ELIGIBLE
GROUP-8f980a561760fe86f815,session_id,0train,144,False,0.49486971826195564,0.6880081589069527,ELIGIBLE
GROUP-8f980a561760fe86f815,session_id,1test,144,False,0.5135522455268995,0.7075833380798877,ELIGIBLE
GROUP-8f980a561760fe86f815,model_id,DNN-EEGNET:EEGNet-R7-LAWHERN-SMR-P01-160HZ:P02-A0-BNCI2014_001-DNN-EEGNET-P01-L1-LOW-CAL-OFFICIAL-R2:1_PER_CLASS-MR00,288,False,0.5042109818944276,0.6977957484934202,ELIGIBLE
GROUP-8f980a561760fe86f815,branch_id,__MISSING__,288,False,0.5042109818944276,0.6977957484934202,ELIGIBLE
GROUP-8f980a561760fe86f815,budget_id,P01-L1-LOW-CAL-OFFICIAL-R2:1_PER_CLASS,288,False,0.5042109818944276,0.6977957484934202,ELIGIBLE
GROUP-8f980a561760fe86f815,split_id,IHARQ-SPLITRECORD-20260806-e4e371d332c61e36,288,False,0.5042109818944276,0.6977957484934202,ELIGIBLE
GROUP-8f980a561760fe86f815,calibration_method_id,__MISSING__,288,False,0.5042109818944276,0.6977957484934202,ELIGIBLE
GROUP-d8ade4e06438ecaab7cb,dataset_id,BNCI2014_001,288,False,0.5023766060497038,0.6981172931443134,ELIGIBLE
GROUP-d8ade4e06438ecaab7cb,subject_id,7,288,False,0.5023766060497038,0.6981172931443134,ELIGIBLE
GROUP-d8ade4e06438ecaab7cb,session_id,0train,144,False,0.4826405137697696,0.6759730499382334,ELIGIBLE
GROUP-d8ade4e06438ecaab7cb,session_id,1test,144,False,0.522112698329638,0.7202615363503934,ELIGIBLE
GROUP-d8ade4e06438ecaab7cb,model_id,DNN-EEGNET:EEGNet-R7-LAWHERN-SMR-P01-160HZ:P02-A0-BNCI2014_001-DNN-EEGNET-P01-L1-LOW-CAL-OFFICIAL-R2:1_PER_CLASS-MR01,288,False,0.5023766060497038,0.6981172931443134,ELIGIBLE
GROUP-d8ade4e06438ecaab7cb,branch_id,__MISSING__,288,False,0.5023766060497038,0.6981172931443134,ELIGIBLE
GROUP-d8ade4e06438ecaab7cb,budget_id,P01-L1-LOW-CAL-OFFICIAL-R2:1_PER_CLASS,288,False,0.5023766060497038,0.6981172931443134,ELIGIBLE
GROUP-d8ade4e06438ecaab7cb,split_id,IHARQ-SPLITRECORD-20260806-e4e371d332c61e36,288,False,0.5023766060497038,0.6981172931443134,ELIGIBLE
GROUP-d8ade4e06438ecaab7cb,calibration_method_id,__MISSING__,288,False,0.5023766060497038,0.6981172931443134,ELIGIBLE
GROUP-e6109a7bc34383d9c2ef,dataset_id,BNCI2014_001,288,False,0.5126951035130624,0.7067095089412079,ELIGIBLE
GROUP-e6109a7bc34383d9c2ef,subject_id,7,288,False,0.5126951035130624,0.7067095089412079,ELIGIBLE
GROUP-e6109a7bc34383d9c2ef,session_id,0train,144,False,0.4987287648328304,0.6919597826308402,ELIGIBLE
GROUP-e6109a7bc34383d9c2ef,session_id,1test,144,False,0.5266614421932942,0.7214592352515754,ELIGIBLE
GROUP-e6109a7bc34383d9c2ef,model_id,DNN-EEGNET:EEGNet-R7-LAWHERN-SMR-P01-160HZ:P02-A0-BNCI2014_001-DNN-EEGNET-P01-L1-LOW-CAL-OFFICIAL-R2:1_PER_CLASS-MR02,288,False,0.5126951035130624,0.7067095089412079,ELIGIBLE
GROUP-e6109a7bc34383d9c2ef,branch_id,__MISSING__,288,False,0.5126951035130624,0.7067095089412079,ELIGIBLE
GROUP-e6109a7bc34383d9c2ef,budget_id,P01-L1-LOW-CAL-OFFICIAL-R2:1_PER_CLASS,288,False,0.5126951035130624,0.7067095089412079,ELIGIBLE
GROUP-e6109a7bc34383d9c2ef,split_id,IHARQ-SPLITRECORD-20260806-e4e371d332c61e36,288,False,0.5126951035130624,0.7067095089412079,ELIGIBLE
GROUP-e6109a7bc34383d9c2ef,calibration_method_id,__MISSING__,288,False,0.5126951035130624,0.7067095089412079,ELIGIBLE
GROUP-17c54c494ad917c0edd9,dataset_id,BNCI2014_001,288,False,0.5010546090682921,0.6949998138081754,ELIGIBLE
GROUP-17c54c494ad917c0edd9,subject_id,7,288,False,0.5010546090682921,0.6949998138081754,ELIGIBLE
GROUP-17c54c494ad917c0edd9,session_id,0train,144,False,0.4795022186932949,0.6724309253727839,ELIGIBLE
GROUP-17c54c494ad917c0edd9,session_id,1test,144,False,0.5226069994432895,0.717568702243567,ELIGIBLE
GROUP-17c54c494ad917c0edd9,model_id,DNN-EEGNET:EEGNet-R7-LAWHERN-SMR-P01-160HZ:P02-A0-BNCI2014_001-DNN-EEGNET-P01-L1-LOW-CAL-OFFICIAL-R2:1_PER_CLASS-MR03,288,False,0.5010546090682921,0.6949998138081754,ELIGIBLE
GROUP-17c54c494ad917c0edd9,branch_id,__MISSING__,288,False,0.5010546090682921,0.6949998138081754,ELIGIBLE
GROUP-17c54c494ad917c0edd9,budget_id,P01-L1-LOW-CAL-OFFICIAL-R2:1_PER_CLASS,288,False,0.5010546090682921,0.6949998138081754,ELIGIBLE
GROUP-17c54c494ad917c0edd9,split_id,IHARQ-SPLITRECORD-20260806-e4e371d332c61e36,288,False,0.5010546090682921,0.6949998138081754,ELIGIBLE
GROUP-17c54c494ad917c0edd9,calibration_method_id,__MISSING__,288,False,0.5010546090682921,0.6949998138081754,ELIGIBLE
GROUP-a329808a2ce3ca69af08,dataset_id,BNCI2014_001,288,False,0.4939898803247727,0.6878540632278308,ELIGIBLE
GROUP-a329808a2ce3ca69af08,subject_id,7,288,False,0.4939898803247727,0.6878540632278308,ELIGIBLE
GROUP-a329808a2ce3ca69af08,session_id,0train,144,False,0.47336748550531854,0.6663340752281335,ELIGIBLE
GROUP-a329808a2ce3ca69af08,session_id,1test,144,False,0.5146122751442268,0.7093740512275283,ELIGIBLE
GROUP-a329808a2ce3ca69af08,model_id,DNN-EEGNET:EEGNet-R7-LAWHERN-SMR-P01-160HZ:P02-A0-BNCI2014_001-DNN-EEGNET-P01-L1-LOW-CAL-OFFICIAL-R2:1_PER_CLASS-MR04,288,False,0.4939898803247727,0.6878540632278308,ELIGIBLE
GROUP-a329808a2ce3ca69af08,branch_id,__MISSING__,288,False,0.4939898803247727,0.6878540632278308,ELIGIBLE
GROUP-a329808a2ce3ca69af08,budget_id,P01-L1-LOW-CAL-OFFICIAL-R2:1_PER_CLASS,288,False,0.4939898803247727,0.6878540632278308,ELIGIBLE
GROUP-a329808a2ce3ca69af08,split_id,IHARQ-SPLITRECORD-20260806-e4e371d332c61e36,288,False,0.4939898803247727,0.6878540632278308,ELIGIBLE
GROUP-a329808a2ce3ca69af08,calibration_method_id,__MISSING__,288,False,0.4939898803247727,0.6878540632278308,ELIGIBLE
GROUP-342c3f10ef540e6d7063,dataset_id,BNCI2014_001,288,False,0.5000083003347884,0.6931554811054977,ELIGIBLE
GROUP-342c3f10ef540e6d7063,subject_id,7,288,False,0.5000083003347884,0.6931554811054977,ELIGIBLE
GROUP-342c3f10ef540e6d7063,session_id,0train,144,False,0.49999512640116706,0.6931423071458744,ELIGIBLE
GROUP-342c3f10ef540e6d7063,session_id,1test,144,False,0.5000214742684097,0.6931686550651209,ELIGIBLE
GROUP-342c3f10ef540e6d7063,model_id,DNN-EEGNET:EEGNet-R7-LAWHERN-SMR-P01-160HZ:P02-A0-BNCI2014_001-DNN-EEGNET-P01-L1-LOW-CAL-OFFICIAL-R2:2_PER_CLASS-MR00,288,False,0.5000083003347884,0.6931554811054977,ELIGIBLE
GROUP-342c3f10ef540e6d7063,branch_id,__MISSING__,288,False,0.5000083003347884,0.6931554811054977,ELIGIBLE
GROUP-342c3f10ef540e6d7063,budget_id,P01-L1-LOW-CAL-OFFICIAL-R2:2_PER_CLASS,288,False,0.5000083003347884,0.6931554811054977,ELIGIBLE
GROUP-342c3f10ef540e6d7063,split_id,IHARQ-SPLITRECORD-20260806-e4e371d332c61e36,288,False,0.5000083003347884,0.6931554811054977,ELIGIBLE
GROUP-342c3f10ef540e6d7063,calibration_method_id,__MISSING__,288,False,0.5000083003347884,0.6931554811054977,ELIGIBLE
GROUP-998fd9c5a05d1029e215,dataset_id,BNCI2014_001,288,False,0.4929565402057226,0.6861461641398923,ELIGIBLE
GROUP-998fd9c5a05d1029e215,subject_id,7,288,False,0.4929565402057226,0.6861461641398923,ELIGIBLE
GROUP-998fd9c5a05d1029e215,session_id,0train,144,False,0.4896997656006455,0.6828007282934035,ELIGIBLE
GROUP-998fd9c5a05d1029e215,session_id,1test,144,False,0.4962133148107998,0.6894915999863809,ELIGIBLE
GROUP-998fd9c5a05d1029e215,model_id,DNN-EEGNET:EEGNet-R7-LAWHERN-SMR-P01-160HZ:P02-A0-BNCI2014_001-DNN-EEGNET-P01-L1-LOW-CAL-OFFICIAL-R2:2_PER_CLASS-MR01,288,False,0.4929565402057226,0.6861461641398923,ELIGIBLE
GROUP-998fd9c5a05d1029e215,branch_id,__MISSING__,288,False,0.4929565402057226,0.6861461641398923,ELIGIBLE
GROUP-998fd9c5a05d1029e215,budget_id,P01-L1-LOW-CAL-OFFICIAL-R2:2_PER_CLASS,288,False,0.4929565402057226,0.6861461641398923,ELIGIBLE
GROUP-998fd9c5a05d1029e215,split_id,IHARQ-SPLITRECORD-20260806-e4e371d332c61e36,288,False,0.4929565402057226,0.6861461641398923,ELIGIBLE
GROUP-998fd9c5a05d1029e215,calibration_method_id,__MISSING__,288,False,0.4929565402057226,0.6861461641398923,ELIGIBLE
GROUP-84a4a6acbf01bec095a9,dataset_id,BNCI2014_001,288,False,0.52467703982874,0.719013782657894,ELIGIBLE
GROUP-84a4a6acbf01bec095a9,subject_id,7,288,False,0.52467703982874,0.719013782657894,ELIGIBLE
GROUP-84a4a6acbf01bec095a9,session_id,0train,144,False,0.5113079863700093,0.705472260131675,ELIGIBLE
GROUP-84a4a6acbf01bec095a9,session_id,1test,144,False,0.5380460932874708,0.7325553051841129,ELIGIBLE
GROUP-84a4a6acbf01bec095a9,model_id,DNN-EEGNET:EEGNet-R7-LAWHERN-SMR-P01-160HZ:P02-A0-BNCI2014_001-DNN-EEGNET-P01-L1-LOW-CAL-OFFICIAL-R2:2_PER_CLASS-MR02,288,False,0.52467703982874,0.719013782657894,ELIGIBLE
GROUP-84a4a6acbf01bec095a9,branch_id,__MISSING__,288,False,0.52467703982874,0.719013782657894,ELIGIBLE
GROUP-84a4a6acbf01bec095a9,budget_id,P01-L1-LOW-CAL-OFFICIAL-R2:2_PER_CLASS,288,False,0.52467703982874,0.719013782657894,ELIGIBLE
GROUP-84a4a6acbf01bec095a9,split_id,IHARQ-SPLITRECORD-20260806-e4e371d332c61e36,288,False,0.52467703982874,0.719013782657894,ELIGIBLE
GROUP-84a4a6acbf01bec095a9,calibration_method_id,__MISSING__,288,False,0.52467703982874,0.719013782657894,ELIGIBLE
GROUP-29e32e5b66479b35ffb5,dataset_id,BNCI2014_001,288,False,0.4861067894176407,0.6790353282095047,ELIGIBLE
GROUP-29e32e5b66479b35ffb5,subject_id,7,288,False,0.4861067894176407,0.6790353282095047,ELIGIBLE
GROUP-29e32e5b66479b35ffb5,session_id,0train,144,False,0.4833761144773233,0.6762998735241149,ELIGIBLE
GROUP-29e32e5b66479b35ffb5,session_id,1test,144,False,0.4888374643579579,0.6817707828948946,ELIGIBLE
GROUP-29e32e5b66479b35ffb5,model_id,DNN-EEGNET:EEGNet-R7-LAWHERN-SMR-P01-160HZ:P02-A0-BNCI2014_001-DNN-EEGNET-P01-L1-LOW-CAL-OFFICIAL-R2:2_PER_CLASS-MR03,288,False,0.4861067894176407,0.6790353282095047,ELIGIBLE
GROUP-29e32e5b66479b35ffb5,branch_id,__MISSING__,288,False,0.4861067894176407,0.6790353282095047,ELIGIBLE
GROUP-29e32e5b66479b35ffb5,budget_id,P01-L1-LOW-CAL-OFFICIAL-R2:2_PER_CLASS,288,False,0.4861067894176407,0.6790353282095047,ELIGIBLE
GROUP-29e32e5b66479b35ffb5,split_id,IHARQ-SPLITRECORD-20260806-e4e371d332c61e36,288,False,0.4861067894176407,0.6790353282095047,ELIGIBLE
GROUP-29e32e5b66479b35ffb5,calibration_method_id,__MISSING__,288,False,0.4861067894176407,0.6790353282095047,ELIGIBLE
GROUP-bb1fb3a2922c6d2d419d,dataset_id,BNCI2014_001,288,False,0.5039790187855344,0.6972320148138125,ELIGIBLE
GROUP-bb1fb3a2922c6d2d419d,subject_id,7,288,False,0.5039790187855344,0.6972320148138125,ELIGIBLE
GROUP-bb1fb3a2922c6d2d419d,session_id,0train,144,False,0.49138732065633817,0.6845137191401516,ELIGIBLE
GROUP-bb1fb3a2922c6d2d419d,session_id,1test,144,False,0.5165707169147306,0.7099503104874733,ELIGIBLE
GROUP-bb1fb3a2922c6d2d419d,model_id,DNN-EEGNET:EEGNet-R7-LAWHERN-SMR-P01-160HZ:P02-A0-BNCI2014_001-DNN-EEGNET-P01-L1-LOW-CAL-OFFICIAL-R2:2_PER_CLASS-MR04,288,False,0.5039790187855344,0.6972320148138125,ELIGIBLE
GROUP-bb1fb3a2922c6d2d419d,branch_id,__MISSING__,288,False,0.5039790187855344,0.6972320148138125,ELIGIBLE
GROUP-bb1fb3a2922c6d2d419d,budget_id,P01-L1-LOW-CAL-OFFICIAL-R2:2_PER_CLASS,288,False,0.5039790187855344,0.6972320148138125,ELIGIBLE
GROUP-bb1fb3a2922c6d2d419d,split_id,IHARQ-SPLITRECORD-20260806-e4e371d332c61e36,288,False,0.5039790187855344,0.6972320148138125,ELIGIBLE
GROUP-bb1fb3a2922c6d2d419d,calibration_method_id,__MISSING__,288,False,0.5039790187855344,0.6972320148138125,ELIGIBLE
GROUP-10a46876bc55096d1197,dataset_id,BNCI2014_001,288,False,0.5039723538042404,0.6969659304372369,ELIGIBLE
GROUP-10a46876bc55096d1197,subject_id,7,288,False,0.5039723538042404,0.6969659304372369,ELIGIBLE
GROUP-10a46876bc55096d1197,session_id,0train,144,False,0.4924991958627648,0.6853687095309685,ELIGIBLE
GROUP-10a46876bc55096d1197,session_id,1test,144,False,0.5154455117457162,0.7085631513435052,ELIGIBLE
GROUP-10a46876bc55096d1197,model_id,DNN-EEGNET:EEGNet-R7-LAWHERN-SMR-P01-160HZ:P02-A0-BNCI2014_001-DNN-EEGNET-P01-L1-LOW-CAL-OFFICIAL-R2:32_PER_CLASS-MR00,288,False,0.5039723538042404,0.6969659304372369,ELIGIBLE
GROUP-10a46876bc55096d1197,branch_id,__MISSING__,288,False,0.5039723538042404,0.6969659304372369,ELIGIBLE
GROUP-10a46876bc55096d1197,budget_id,P01-L1-LOW-CAL-OFFICIAL-R2:32_PER_CLASS,288,False,0.5039723538042404,0.6969659304372369,ELIGIBLE
GROUP-10a46876bc55096d1197,split_id,IHARQ-SPLITRECORD-20260806-e4e371d332c61e36,288,False,0.5039723538042404,0.6969659304372369,ELIGIBLE
GROUP-10a46876bc55096d1197,calibration_method_id,__MISSING__,288,False,0.5039723538042404,0.6969659304372369,ELIGIBLE
GROUP-d1822d76a9e4d463d00c,dataset_id,BNCI2014_001,288,False,0.5218151537080468,0.7165974438476049,ELIGIBLE
GROUP-d1822d76a9e4d463d00c,subject_id,7,288,False,0.5218151537080468,0.7165974438476049,ELIGIBLE
GROUP-d1822d76a9e4d463d00c,session_id,0train,144,False,0.5022863187325902,0.6952890055354043,ELIGIBLE
GROUP-d1822d76a9e4d463d00c,session_id,1test,144,False,0.5413439886835033,0.7379058821598057,ELIGIBLE
GROUP-d1822d76a9e4d463d00c,model_id,DNN-EEGNET:EEGNet-R7-LAWHERN-SMR-P01-160HZ:P02-A0-BNCI2014_001-DNN-EEGNET-P01-L1-LOW-CAL-OFFICIAL-R2:32_PER_CLASS-MR01,288,False,0.5218151537080468,0.7165974438476049,ELIGIBLE
GROUP-d1822d76a9e4d463d00c,branch_id,__MISSING__,288,False,0.5218151537080468,0.7165974438476049,ELIGIBLE
GROUP-d1822d76a9e4d463d00c,budget_id,P01-L1-LOW-CAL-OFFICIAL-R2:32_PER_CLASS,288,False,0.5218151537080468,0.7165974438476049,ELIGIBLE
GROUP-d1822d76a9e4d463d00c,split_id,IHARQ-SPLITRECORD-20260806-e4e371d332c61e36,288,False,0.5218151537080468,0.7165974438476049,ELIGIBLE
GROUP-d1822d76a9e4d463d00c,calibration_method_id,__MISSING__,288,False,0.5218151537080468,0.7165974438476049,ELIGIBLE
GROUP-b88349aec18ff17a6003,dataset_id,BNCI2014_001,288,False,0.5091643105519523,0.7026854316960224,ELIGIBLE
GROUP-b88349aec18ff17a6003,subject_id,7,288,False,0.5091643105519523,0.7026854316960224,ELIGIBLE
GROUP-b88349aec18ff17a6003,session_id,0train,144,False,0.4986323561815216,0.6919730515981424,ELIGIBLE
GROUP-b88349aec18ff17a6003,session_id,1test,144,False,0.5196962649223832,0.7133978117939024,ELIGIBLE
GROUP-b88349aec18ff17a6003,model_id,DNN-EEGNET:EEGNet-R7-LAWHERN-SMR-P01-160HZ:P02-A0-BNCI2014_001-DNN-EEGNET-P01-L1-LOW-CAL-OFFICIAL-R2:32_PER_CLASS-MR02,288,False,0.5091643105519523,0.7026854316960224,ELIGIBLE
GROUP-b88349aec18ff17a6003,branch_id,__MISSING__,288,False,0.5091643105519523,0.7026854316960224,ELIGIBLE
GROUP-b88349aec18ff17a6003,budget_id,P01-L1-LOW-CAL-OFFICIAL-R2:32_PER_CLASS,288,False,0.5091643105519523,0.7026854316960224,ELIGIBLE
GROUP-b88349aec18ff17a6003,split_id,IHARQ-SPLITRECORD-20260806-e4e371d332c61e36,288,False,0.5091643105519523,0.7026854316960224,ELIGIBLE
GROUP-b88349aec18ff17a6003,calibration_method_id,__MISSING__,288,False,0.5091643105519523,0.7026854316960224,ELIGIBLE
GROUP-79eb8686587c0b0c2f86,dataset_id,BNCI2014_001,288,False,0.5079370726595115,0.7013102387641923,ELIGIBLE
GROUP-79eb8686587c0b0c2f86,subject_id,7,288,False,0.5079370726595115,0.7013102387641923,ELIGIBLE
GROUP-79eb8686587c0b0c2f86,session_id,0train,144,False,0.49714603590520373,0.6901905512423693,ELIGIBLE
GROUP-79eb8686587c0b0c2f86,session_id,1test,144,False,0.5187281094138192,0.7124299262860151,ELIGIBLE
GROUP-79eb8686587c0b0c2f86,model_id,DNN-EEGNET:EEGNet-R7-LAWHERN-SMR-P01-160HZ:P02-A0-BNCI2014_001-DNN-EEGNET-P01-L1-LOW-CAL-OFFICIAL-R2:32_PER_CLASS-MR03,288,False,0.5079370726595115,0.7013102387641923,ELIGIBLE
GROUP-79eb8686587c0b0c2f86,branch_id,__MISSING__,288,False,0.5079370726595115,0.7013102387641923,ELIGIBLE
GROUP-79eb8686587c0b0c2f86,budget_id,P01-L1-LOW-CAL-OFFICIAL-R2:32_PER_CLASS,288,False,0.5079370726595115,0.7013102387641923,ELIGIBLE
GROUP-79eb8686587c0b0c2f86,split_id,IHARQ-SPLITRECORD-20260806-e4e371d332c61e36,288,False,0.5079370726595115,0.7013102387641923,ELIGIBLE
GROUP-79eb8686587c0b0c2f86,calibration_method_id,__MISSING__,288,False,0.5079370726595115,0.7013102387641923,ELIGIBLE
GROUP-1ad2ba7ec94c49c08ad2,dataset_id,BNCI2014_001,288,False,0.5030725360304689,0.6963357754528121,ELIGIBLE
GROUP-1ad2ba7ec94c49c08ad2,subject_id,7,288,False,0.5030725360304689,0.6963357754528121,ELIGIBLE
GROUP-1ad2ba7ec94c49c08ad2,session_id,0train,144,False,0.4995503777550869,0.6926366928976865,ELIGIBLE
GROUP-1ad2ba7ec94c49c08ad2,session_id,1test,144,False,0.5065946943058508,0.700034858007938,ELIGIBLE
GROUP-1ad2ba7ec94c49c08ad2,model_id,DNN-EEGNET:EEGNet-R7-LAWHERN-SMR-P01-160HZ:P02-A0-BNCI2014_001-DNN-EEGNET-P01-L1-LOW-CAL-OFFICIAL-R2:32_PER_CLASS-MR04,288,False,0.5030725360304689,0.6963357754528121,ELIGIBLE
GROUP-1ad2ba7ec94c49c08ad2,branch_id,__MISSING__,288,False,0.5030725360304689,0.6963357754528121,ELIGIBLE
GROUP-1ad2ba7ec94c49c08ad2,budget_id,P01-L1-LOW-CAL-OFFICIAL-R2:32_PER_CLASS,288,False,0.5030725360304689,0.6963357754528121,ELIGIBLE
GROUP-1ad2ba7ec94c49c08ad2,split_id,IHARQ-SPLITRECORD-20260806-e4e371d332c61e36,288,False,0.5030725360304689,0.6963357754528121,ELIGIBLE
GROUP-1ad2ba7ec94c49c08ad2,calibration_method_id,__MISSING__,288,False,0.5030725360304689,0.6963357754528121,ELIGIBLE
GROUP-545bd662376c2bd4e299,dataset_id,BNCI2014_001,288,False,0.49397170698500303,0.6876632436261624,ELIGIBLE
GROUP-545bd662376c2bd4e299,subject_id,7,288,False,0.49397170698500303,0.6876632436261624,ELIGIBLE
GROUP-545bd662376c2bd4e299,session_id,0train,144,False,0.4771806909827529,0.6697016260371395,ELIGIBLE
GROUP-545bd662376c2bd4e299,session_id,1test,144,False,0.5107627229872532,0.7056248612151854,ELIGIBLE
GROUP-545bd662376c2bd4e299,model_id,DNN-EEGNET:EEGNet-R7-LAWHERN-SMR-P01-160HZ:P02-A0-BNCI2014_001-DNN-EEGNET-P01-L1-LOW-CAL-OFFICIAL-R2:4_PER_CLASS-MR00,288,False,0.49397170698500303,0.6876632436261624,ELIGIBLE
GROUP-545bd662376c2bd4e299,branch_id,__MISSING__,288,False,0.49397170698500303,0.6876632436261624,ELIGIBLE
GROUP-545bd662376c2bd4e299,budget_id,P01-L1-LOW-CAL-OFFICIAL-R2:4_PER_CLASS,288,False,0.49397170698500303,0.6876632436261624,ELIGIBLE
GROUP-545bd662376c2bd4e299,split_id,IHARQ-SPLITRECORD-20260806-e4e371d332c61e36,288,False,0.49397170698500303,0.6876632436261624,ELIGIBLE
GROUP-545bd662376c2bd4e299,calibration_method_id,__MISSING__,288,False,0.49397170698500303,0.6876632436261624,ELIGIBLE
GROUP-eb94a4017d3590b40370,dataset_id,BNCI2014_001,288,False,0.49511869735847786,0.6884300896427871,ELIGIBLE
GROUP-eb94a4017d3590b40370,subject_id,7,288,False,0.49511869735847786,0.6884300896427871,ELIGIBLE
GROUP-eb94a4017d3590b40370,session_id,0train,144,False,0.48335331393217257,0.6763311406391946,ELIGIBLE
GROUP-eb94a4017d3590b40370,session_id,1test,144,False,0.5068840807847832,0.7005290386463794,ELIGIBLE
GROUP-eb94a4017d3590b40370,model_id,DNN-EEGNET:EEGNet-R7-LAWHERN-SMR-P01-160HZ:P02-A0-BNCI2014_001-DNN-EEGNET-P01-L1-LOW-CAL-OFFICIAL-R2:4_PER_CLASS-MR01,288,False,0.49511869735847786,0.6884300896427871,ELIGIBLE
GROUP-eb94a4017d3590b40370,branch_id,__MISSING__,288,False,0.49511869735847786,0.6884300896427871,ELIGIBLE
GROUP-eb94a4017d3590b40370,budget_id,P01-L1-LOW-CAL-OFFICIAL-R2:4_PER_CLASS,288,False,0.49511869735847786,0.6884300896427871,ELIGIBLE
GROUP-eb94a4017d3590b40370,split_id,IHARQ-SPLITRECORD-20260806-e4e371d332c61e36,288,False,0.49511869735847786,0.6884300896427871,ELIGIBLE
GROUP-eb94a4017d3590b40370,calibration_method_id,__MISSING__,288,False,0.49511869735847786,0.6884300896427871,ELIGIBLE
GROUP-a6e4fff05e698e19bdc3,dataset_id,BNCI2014_001,288,False,0.5000015512436582,0.6931487318035646,ELIGIBLE
GROUP-a6e4fff05e698e19bdc3,subject_id,7,288,False,0.5000015512436582,0.6931487318035646,ELIGIBLE
GROUP-a6e4fff05e698e19bdc3,session_id,0train,144,False,0.5000095023720621,0.6931566829321246,ELIGIBLE
GROUP-a6e4fff05e698e19bdc3,session_id,1test,144,False,0.4999936001152542,0.6931407806750046,ELIGIBLE
GROUP-a6e4fff05e698e19bdc3,model_id,DNN-EEGNET:EEGNet-R7-LAWHERN-SMR-P01-160HZ:P02-A0-BNCI2014_001-DNN-EEGNET-P01-L1-LOW-CAL-OFFICIAL-R2:4_PER_CLASS-MR02,288,False,0.5000015512436582,0.6931487318035646,ELIGIBLE
GROUP-a6e4fff05e698e19bdc3,branch_id,__MISSING__,288,False,0.5000015512436582,0.6931487318035646,ELIGIBLE
GROUP-a6e4fff05e698e19bdc3,budget_id,P01-L1-LOW-CAL-OFFICIAL-R2:4_PER_CLASS,288,False,0.5000015512436582,0.6931487318035646,ELIGIBLE
GROUP-a6e4fff05e698e19bdc3,split_id,IHARQ-SPLITRECORD-20260806-e4e371d332c61e36,288,False,0.5000015512436582,0.6931487318035646,ELIGIBLE
GROUP-a6e4fff05e698e19bdc3,calibration_method_id,__MISSING__,288,False,0.5000015512436582,0.6931487318035646,ELIGIBLE
GROUP-7d6856c792de688844ab,dataset_id,BNCI2014_001,288,False,0.49071263660419384,0.6838489777864517,ELIGIBLE
GROUP-7d6856c792de688844ab,subject_id,7,288,False,0.49071263660419384,0.6838489777864517,ELIGIBLE
GROUP-7d6856c792de688844ab,session_id,0train,144,False,0.4894987602831272,0.6824818124006184,ELIGIBLE
GROUP-7d6856c792de688844ab,session_id,1test,144,False,0.4919265129252604,0.685216143172285,ELIGIBLE
GROUP-7d6856c792de688844ab,model_id,DNN-EEGNET:EEGNet-R7-LAWHERN-SMR-P01-160HZ:P02-A0-BNCI2014_001-DNN-EEGNET-P01-L1-LOW-CAL-OFFICIAL-R2:4_PER_CLASS-MR03,288,False,0.49071263660419384,0.6838489777864517,ELIGIBLE
GROUP-7d6856c792de688844ab,branch_id,__MISSING__,288,False,0.49071263660419384,0.6838489777864517,ELIGIBLE
GROUP-7d6856c792de688844ab,budget_id,P01-L1-LOW-CAL-OFFICIAL-R2:4_PER_CLASS,288,False,0.49071263660419384,0.6838489777864517,ELIGIBLE
GROUP-7d6856c792de688844ab,split_id,IHARQ-SPLITRECORD-20260806-e4e371d332c61e36,288,False,0.49071263660419384,0.6838489777864517,ELIGIBLE
GROUP-7d6856c792de688844ab,calibration_method_id,__MISSING__,288,False,0.49071263660419384,0.6838489777864517,ELIGIBLE
GROUP-7b564c45464b5f998ba4,dataset_id,BNCI2014_001,288,False,0.4999703636327598,0.6931175441566761,ELIGIBLE
GROUP-7b564c45464b5f998ba4,subject_id,7,288,False,0.4999703636327598,0.6931175441566761,ELIGIBLE
GROUP-7b564c45464b5f998ba4,session_id,0train,144,False,0.49995919413906975,0.6931063746320228,ELIGIBLE
GROUP-7b564c45464b5f998ba4,session_id,1test,144,False,0.4999815331264499,0.6931287136813294,ELIGIBLE
GROUP-7b564c45464b5f998ba4,model_id,DNN-EEGNET:EEGNet-R7-LAWHERN-SMR-P01-160HZ:P02-A0-BNCI2014_001-DNN-EEGNET-P01-L1-LOW-CAL-OFFICIAL-R2:4_PER_CLASS-MR04,288,False,0.4999703636327598,0.6931175441566761,ELIGIBLE
GROUP-7b564c45464b5f998ba4,branch_id,__MISSING__,288,False,0.4999703636327598,0.6931175441566761,ELIGIBLE
GROUP-7b564c45464b5f998ba4,budget_id,P01-L1-LOW-CAL-OFFICIAL-R2:4_PER_CLASS,288,False,0.4999703636327598,0.6931175441566761,ELIGIBLE
GROUP-7b564c45464b5f998ba4,split_id,IHARQ-SPLITRECORD-20260806-e4e371d332c61e36,288,False,0.4999703636327598,0.6931175441566761,ELIGIBLE
GROUP-7b564c45464b5f998ba4,calibration_method_id,__MISSING__,288,False,0.4999703636327598,0.6931175441566761,ELIGIBLE
GROUP-94cab0cdadfa6f8c405d,dataset_id,BNCI2014_001,288,False,0.5061725259475208,0.6995955419681624,ELIGIBLE
GROUP-94cab0cdadfa6f8c405d,subject_id,7,288,False,0.5061725259475208,0.6995955419681624,ELIGIBLE
GROUP-94cab0cdadfa6f8c405d,session_id,0train,144,False,0.49865102093732655,0.6918334350080859,ELIGIBLE
GROUP-94cab0cdadfa6f8c405d,session_id,1test,144,False,0.5136940309577152,0.707357648928239,ELIGIBLE
GROUP-94cab0cdadfa6f8c405d,model_id,DNN-EEGNET:EEGNet-R7-LAWHERN-SMR-P01-160HZ:P02-A0-BNCI2014_001-DNN-EEGNET-P01-L1-LOW-CAL-OFFICIAL-R2:8_PER_CLASS-MR00,288,False,0.5061725259475208,0.6995955419681624,ELIGIBLE
GROUP-94cab0cdadfa6f8c405d,branch_id,__MISSING__,288,False,0.5061725259475208,0.6995955419681624,ELIGIBLE
GROUP-94cab0cdadfa6f8c405d,budget_id,P01-L1-LOW-CAL-OFFICIAL-R2:8_PER_CLASS,288,False,0.5061725259475208,0.6995955419681624,ELIGIBLE
GROUP-94cab0cdadfa6f8c405d,split_id,IHARQ-SPLITRECORD-20260806-e4e371d332c61e36,288,False,0.5061725259475208,0.6995955419681624,ELIGIBLE
GROUP-94cab0cdadfa6f8c405d,calibration_method_id,__MISSING__,288,False,0.5061725259475208,0.6995955419681624,ELIGIBLE
GROUP-f739bd1b38061cbb27c8,dataset_id,BNCI2014_001,288,False,0.501224197047435,0.6958669525837257,ELIGIBLE
GROUP-f739bd1b38061cbb27c8,subject_id,7,288,False,0.501224197047435,0.6958669525837257,ELIGIBLE
GROUP-f739bd1b38061cbb27c8,session_id,0train,144,False,0.4866367205103131,0.6796093569949557,ELIGIBLE
GROUP-f739bd1b38061cbb27c8,session_id,1test,144,False,0.5158116735845569,0.7121245481724956,ELIGIBLE
GROUP-f739bd1b38061cbb27c8,model_id,DNN-EEGNET:EEGNet-R7-LAWHERN-SMR-P01-160HZ:P02-A0-BNCI2014_001-DNN-EEGNET-P01-L1-LOW-CAL-OFFICIAL-R2:8_PER_CLASS-MR01,288,False,0.501224197047435,0.6958669525837257,ELIGIBLE
GROUP-f739bd1b38061cbb27c8,branch_id,__MISSING__,288,False,0.501224197047435,0.6958669525837257,ELIGIBLE
GROUP-f739bd1b38061cbb27c8,budget_id,P01-L1-LOW-CAL-OFFICIAL-R2:8_PER_CLASS,288,False,0.501224197047435,0.6958669525837257,ELIGIBLE
GROUP-f739bd1b38061cbb27c8,split_id,IHARQ-SPLITRECORD-20260806-e4e371d332c61e36,288,False,0.501224197047435,0.6958669525837257,ELIGIBLE
GROUP-f739bd1b38061cbb27c8,calibration_method_id,__MISSING__,288,False,0.501224197047435,0.6958669525837257,ELIGIBLE
GROUP-2273f8e975573bc9274f,dataset_id,BNCI2014_001,288,False,0.49096738195535344,0.6843766462217596,ELIGIBLE
GROUP-2273f8e975573bc9274f,subject_id,7,288,False,0.49096738195535344,0.6843766462217596,ELIGIBLE
GROUP-2273f8e975573bc9274f,session_id,0train,144,False,0.4766919644150867,0.6695480356310777,ELIGIBLE
GROUP-2273f8e975573bc9274f,session_id,1test,144,False,0.5052427994956202,0.6992052568124417,ELIGIBLE
GROUP-2273f8e975573bc9274f,model_id,DNN-EEGNET:EEGNet-R7-LAWHERN-SMR-P01-160HZ:P02-A0-BNCI2014_001-DNN-EEGNET-P01-L1-LOW-CAL-OFFICIAL-R2:8_PER_CLASS-MR02,288,False,0.49096738195535344,0.6843766462217596,ELIGIBLE
GROUP-2273f8e975573bc9274f,branch_id,__MISSING__,288,False,0.49096738195535344,0.6843766462217596,ELIGIBLE
GROUP-2273f8e975573bc9274f,budget_id,P01-L1-LOW-CAL-OFFICIAL-R2:8_PER_CLASS,288,False,0.49096738195535344,0.6843766462217596,ELIGIBLE
GROUP-2273f8e975573bc9274f,split_id,IHARQ-SPLITRECORD-20260806-e4e371d332c61e36,288,False,0.49096738195535344,0.6843766462217596,ELIGIBLE
GROUP-2273f8e975573bc9274f,calibration_method_id,__MISSING__,288,False,0.49096738195535344,0.6843766462217596,ELIGIBLE
GROUP-d532e4d8e60750217927,dataset_id,BNCI2014_001,288,False,0.49986066119775746,0.693007841435765,ELIGIBLE
GROUP-d532e4d8e60750217927,subject_id,7,288,False,0.49986066119775746,0.693007841435765,ELIGIBLE
GROUP-d532e4d8e60750217927,session_id,0train,144,False,0.4998489022808261,0.6929960825151154,ELIGIBLE
GROUP-d532e4d8e60750217927,session_id,1test,144,False,0.4998724201146887,0.6930196003564146,ELIGIBLE
GROUP-d532e4d8e60750217927,model_id,DNN-EEGNET:EEGNet-R7-LAWHERN-SMR-P01-160HZ:P02-A0-BNCI2014_001-DNN-EEGNET-P01-L1-LOW-CAL-OFFICIAL-R2:8_PER_CLASS-MR03,288,False,0.49986066119775746,0.693007841435765,ELIGIBLE
GROUP-d532e4d8e60750217927,branch_id,__MISSING__,288,False,0.49986066119775746,0.693007841435765,ELIGIBLE
GROUP-d532e4d8e60750217927,budget_id,P01-L1-LOW-CAL-OFFICIAL-R2:8_PER_CLASS,288,False,0.49986066119775746,0.693007841435765,ELIGIBLE
GROUP-d532e4d8e60750217927,split_id,IHARQ-SPLITRECORD-20260806-e4e371d332c61e36,288,False,0.49986066119775746,0.693007841435765,ELIGIBLE
GROUP-d532e4d8e60750217927,calibration_method_id,__MISSING__,288,False,0.49986066119775746,0.693007841435765,ELIGIBLE
GROUP-e8404fb4d99d794fc5de,dataset_id,BNCI2014_001,288,False,0.4932976800524283,0.6872629509920163,ELIGIBLE
GROUP-e8404fb4d99d794fc5de,subject_id,7,288,False,0.4932976800524283,0.6872629509920163,ELIGIBLE
GROUP-e8404fb4d99d794fc5de,session_id,0train,144,False,0.4813994034063431,0.6741899352493449,ELIGIBLE
GROUP-e8404fb4d99d794fc5de,session_id,1test,144,False,0.5051959566985135,0.7003359667346876,ELIGIBLE
GROUP-e8404fb4d99d794fc5de,model_id,DNN-EEGNET:EEGNet-R7-LAWHERN-SMR-P01-160HZ:P02-A0-BNCI2014_001-DNN-EEGNET-P01-L1-LOW-CAL-OFFICIAL-R2:8_PER_CLASS-MR04,288,False,0.4932976800524283,0.6872629509920163,ELIGIBLE
GROUP-e8404fb4d99d794fc5de,branch_id,__MISSING__,288,False,0.4932976800524283,0.6872629509920163,ELIGIBLE
GROUP-e8404fb4d99d794fc5de,budget_id,P01-L1-LOW-CAL-OFFICIAL-R2:8_PER_CLASS,288,False,0.4932976800524283,0.6872629509920163,ELIGIBLE
GROUP-e8404fb4d99d794fc5de,split_id,IHARQ-SPLITRECORD-20260806-e4e371d332c61e36,288,False,0.4932976800524283,0.6872629509920163,ELIGIBLE
GROUP-e8404fb4d99d794fc5de,calibration_method_id,__MISSING__,288,False,0.4932976800524283,0.6872629509920163,ELIGIBLE
GROUP-4bdc9454de834b5ed7d3,dataset_id,BNCI2014_001,288,False,0.5803205306555984,0.7878891241685988,ELIGIBLE
GROUP-4bdc9454de834b5ed7d3,subject_id,7,288,False,0.5803205306555984,0.7878891241685988,ELIGIBLE
GROUP-4bdc9454de834b5ed7d3,session_id,0train,144,False,0.6065154472775142,0.810791202805491,ELIGIBLE
GROUP-4bdc9454de834b5ed7d3,session_id,1test,144,False,0.5541256140336825,0.7649870455317065,ELIGIBLE
GROUP-4bdc9454de834b5ed7d3,model_id,DNN-FBCNET:FBCNet-OriginalAuthor-P01ConstrainedFilterBank:P02-A0-BNCI2014_001-DNN-FBCNET-FULL_TRAIN-MR00,288,False,0.5803205306555984,0.7878891241685988,ELIGIBLE
GROUP-4bdc9454de834b5ed7d3,branch_id,__MISSING__,288,False,0.5803205306555984,0.7878891241685988,ELIGIBLE
GROUP-4bdc9454de834b5ed7d3,budget_id,FULL_TRAIN,288,False,0.5803205306555984,0.7878891241685988,ELIGIBLE
GROUP-4bdc9454de834b5ed7d3,split_id,IHARQ-SPLITRECORD-20260806-e4e371d332c61e36,288,False,0.5803205306555984,0.7878891241685988,ELIGIBLE
GROUP-4bdc9454de834b5ed7d3,calibration_method_id,__MISSING__,288,False,0.5803205306555984,0.7878891241685988,ELIGIBLE
GROUP-e88056f6625af13ec007,dataset_id,BNCI2014_001,288,False,0.5386995202685236,0.7343717554936736,ELIGIBLE
GROUP-e88056f6625af13ec007,subject_id,7,288,False,0.5386995202685236,0.7343717554936736,ELIGIBLE
GROUP-e88056f6625af13ec007,session_id,0train,144,False,0.5671108039043227,0.762899435379388,ELIGIBLE
GROUP-e88056f6625af13ec007,session_id,1test,144,False,0.5102882366327246,0.7058440756079593,ELIGIBLE
GROUP-e88056f6625af13ec007,model_id,DNN-FBCNET:FBCNet-OriginalAuthor-P01ConstrainedFilterBank:P02-A0-BNCI2014_001-DNN-FBCNET-FULL_TRAIN-MR01,288,False,0.5386995202685236,0.7343717554936736,ELIGIBLE
GROUP-e88056f6625af13ec007,branch_id,__MISSING__,288,False,0.5386995202685236,0.7343717554936736,ELIGIBLE
GROUP-e88056f6625af13ec007,budget_id,FULL_TRAIN,288,False,0.5386995202685236,0.7343717554936736,ELIGIBLE
GROUP-e88056f6625af13ec007,split_id,IHARQ-SPLITRECORD-20260806-e4e371d332c61e36,288,False,0.5386995202685236,0.7343717554936736,ELIGIBLE
GROUP-e88056f6625af13ec007,calibration_method_id,__MISSING__,288,False,0.5386995202685236,0.7343717554936736,ELIGIBLE
GROUP-6a42112070c4de0c7b84,dataset_id,BNCI2014_001,288,False,0.5655799206087301,0.7693590343958143,ELIGIBLE
GROUP-6a42112070c4de0c7b84,subject_id,7,288,False,0.5655799206087301,0.7693590343958143,ELIGIBLE
GROUP-6a42112070c4de0c7b84,session_id,0train,144,False,0.5738631878513966,0.7719804938081849,ELIGIBLE
GROUP-6a42112070c4de0c7b84,session_id,1test,144,False,0.5572966533660636,0.7667375749834439,ELIGIBLE
GROUP-6a42112070c4de0c7b84,model_id,DNN-FBCNET:FBCNet-OriginalAuthor-P01ConstrainedFilterBank:P02-A0-BNCI2014_001-DNN-FBCNET-FULL_TRAIN-MR02,288,False,0.5655799206087301,0.7693590343958143,ELIGIBLE
GROUP-6a42112070c4de0c7b84,branch_id,__MISSING__,288,False,0.5655799206087301,0.7693590343958143,ELIGIBLE
GROUP-6a42112070c4de0c7b84,budget_id,FULL_TRAIN,288,False,0.5655799206087301,0.7693590343958143,ELIGIBLE
GROUP-6a42112070c4de0c7b84,split_id,IHARQ-SPLITRECORD-20260806-e4e371d332c61e36,288,False,0.5655799206087301,0.7693590343958143,ELIGIBLE
GROUP-6a42112070c4de0c7b84,calibration_method_id,__MISSING__,288,False,0.5655799206087301,0.7693590343958143,ELIGIBLE
GROUP-7fcc2701f030582aea84,dataset_id,BNCI2014_001,288,False,0.5600789821037659,0.7610726614284766,ELIGIBLE
GROUP-7fcc2701f030582aea84,subject_id,7,288,False,0.5600789821037659,0.7610726614284766,ELIGIBLE
GROUP-7fcc2701f030582aea84,session_id,0train,144,False,0.5910179553122381,0.7914555255475704,ELIGIBLE
GROUP-7fcc2701f030582aea84,session_id,1test,144,False,0.5291400088952938,0.730689797309383,ELIGIBLE
GROUP-7fcc2701f030582aea84,model_id,DNN-FBCNET:FBCNet-OriginalAuthor-P01ConstrainedFilterBank:P02-A0-BNCI2014_001-DNN-FBCNET-FULL_TRAIN-MR03,288,False,0.5600789821037659,0.7610726614284766,ELIGIBLE
GROUP-7fcc2701f030582aea84,branch_id,__MISSING__,288,False,0.5600789821037659,0.7610726614284766,ELIGIBLE
GROUP-7fcc2701f030582aea84,budget_id,FULL_TRAIN,288,False,0.5600789821037659,0.7610726614284766,ELIGIBLE
GROUP-7fcc2701f030582aea84,split_id,IHARQ-SPLITRECORD-20260806-e4e371d332c61e36,288,False,0.5600789821037659,0.7610726614284766,ELIGIBLE
GROUP-7fcc2701f030582aea84,calibration_method_id,__MISSING__,288,False,0.5600789821037659,0.7610726614284766,ELIGIBLE
GROUP-128a734e92ae7e049827,dataset_id,BNCI2014_001,288,False,0.5325414314284493,0.7277349264011144,ELIGIBLE
GROUP-128a734e92ae7e049827,subject_id,7,288,False,0.5325414314284493,0.7277349264011144,ELIGIBLE
GROUP-128a734e92ae7e049827,session_id,0train,144,False,0.5511689232674457,0.7463278123934726,ELIGIBLE
GROUP-128a734e92ae7e049827,session_id,1test,144,False,0.5139139395894531,0.7091420404087562,ELIGIBLE
GROUP-128a734e92ae7e049827,model_id,DNN-FBCNET:FBCNet-OriginalAuthor-P01ConstrainedFilterBank:P02-A0-BNCI2014_001-DNN-FBCNET-FULL_TRAIN-MR04,288,False,0.5325414314284493,0.7277349264011144,ELIGIBLE
GROUP-128a734e92ae7e049827,branch_id,__MISSING__,288,False,0.5325414314284493,0.7277349264011144,ELIGIBLE
GROUP-128a734e92ae7e049827,budget_id,FULL_TRAIN,288,False,0.5325414314284493,0.7277349264011144,ELIGIBLE
GROUP-128a734e92ae7e049827,split_id,IHARQ-SPLITRECORD-20260806-e4e371d332c61e36,288,False,0.5325414314284493,0.7277349264011144,ELIGIBLE
GROUP-128a734e92ae7e049827,calibration_method_id,__MISSING__,288,False,0.5325414314284493,0.7277349264011144,ELIGIBLE
GROUP-58b0482dcda334aee8c1,dataset_id,BNCI2014_001,288,False,0.5148241425732039,0.7417626520400816,ELIGIBLE
GROUP-58b0482dcda334aee8c1,subject_id,7,288,False,0.5148241425732039,0.7417626520400816,ELIGIBLE
GROUP-58b0482dcda334aee8c1,session_id,0train,144,False,0.5030578090405029,0.6965203220381571,ELIGIBLE
GROUP-58b0482dcda334aee8c1,session_id,1test,144,False,0.5265904761059049,0.7870049820420062,ELIGIBLE
GROUP-58b0482dcda334aee8c1,model_id,DNN-SEQ:DBConformer-OriginalAuthor-P01CompatibilityPatched:P02-A0-BNCI2014_001-DNN-SEQ-FULL_TRAIN-MR00,288,False,0.5148241425732039,0.7417626520400816,ELIGIBLE
GROUP-58b0482dcda334aee8c1,branch_id,__MISSING__,288,False,0.5148241425732039,0.7417626520400816,ELIGIBLE
GROUP-58b0482dcda334aee8c1,budget_id,FULL_TRAIN,288,False,0.5148241425732039,0.7417626520400816,ELIGIBLE
GROUP-58b0482dcda334aee8c1,split_id,IHARQ-SPLITRECORD-20260806-e4e371d332c61e36,288,False,0.5148241425732039,0.7417626520400816,ELIGIBLE
GROUP-58b0482dcda334aee8c1,calibration_method_id,__MISSING__,288,False,0.5148241425732039,0.7417626520400816,ELIGIBLE
GROUP-da314a159b0cbfdff104,dataset_id,BNCI2014_001,288,False,0.5154515009359469,0.7282768952038587,ELIGIBLE
GROUP-da314a159b0cbfdff104,subject_id,7,288,False,0.5154515009359469,0.7282768952038587,ELIGIBLE
GROUP-da314a159b0cbfdff104,session_id,0train,144,False,0.5042293094988829,0.6977835622176838,ELIGIBLE
GROUP-da314a159b0cbfdff104,session_id,1test,144,False,0.5266736923730108,0.7587702281900338,ELIGIBLE
GROUP-da314a159b0cbfdff104,model_id,DNN-SEQ:DBConformer-OriginalAuthor-P01CompatibilityPatched:P02-A0-BNCI2014_001-DNN-SEQ-FULL_TRAIN-MR01,288,False,0.5154515009359469,0.7282768952038587,ELIGIBLE
GROUP-da314a159b0cbfdff104,branch_id,__MISSING__,288,False,0.5154515009359469,0.7282768952038587,ELIGIBLE
GROUP-da314a159b0cbfdff104,budget_id,FULL_TRAIN,288,False,0.5154515009359469,0.7282768952038587,ELIGIBLE
GROUP-da314a159b0cbfdff104,split_id,IHARQ-SPLITRECORD-20260806-e4e371d332c61e36,288,False,0.5154515009359469,0.7282768952038587,ELIGIBLE
GROUP-da314a159b0cbfdff104,calibration_method_id,__MISSING__,288,False,0.5154515009359469,0.7282768952038587,ELIGIBLE
GROUP-c30cb087122dedea39aa,dataset_id,BNCI2014_001,288,False,0.5576275319257146,0.8015715638047569,ELIGIBLE
GROUP-c30cb087122dedea39aa,subject_id,7,288,False,0.5576275319257146,0.8015715638047569,ELIGIBLE
GROUP-c30cb087122dedea39aa,session_id,0train,144,False,0.5384023725215216,0.7551089412158017,ELIGIBLE
GROUP-c30cb087122dedea39aa,session_id,1test,144,False,0.5768526913299075,0.8480341863937121,ELIGIBLE
GROUP-c30cb087122dedea39aa,model_id,DNN-SEQ:DBConformer-OriginalAuthor-P01CompatibilityPatched:P02-A0-BNCI2014_001-DNN-SEQ-FULL_TRAIN-MR02,288,False,0.5576275319257146,0.8015715638047569,ELIGIBLE
GROUP-c30cb087122dedea39aa,branch_id,__MISSING__,288,False,0.5576275319257146,0.8015715638047569,ELIGIBLE
GROUP-c30cb087122dedea39aa,budget_id,FULL_TRAIN,288,False,0.5576275319257146,0.8015715638047569,ELIGIBLE
GROUP-c30cb087122dedea39aa,split_id,IHARQ-SPLITRECORD-20260806-e4e371d332c61e36,288,False,0.5576275319257146,0.8015715638047569,ELIGIBLE
GROUP-c30cb087122dedea39aa,calibration_method_id,__MISSING__,288,False,0.5576275319257146,0.8015715638047569,ELIGIBLE
GROUP-8c058db639dfcaad04bb,dataset_id,BNCI2014_001,288,False,0.5258742350205518,0.7321048073492814,ELIGIBLE
GROUP-8c058db639dfcaad04bb,subject_id,7,288,False,0.5258742350205518,0.7321048073492814,ELIGIBLE
GROUP-8c058db639dfcaad04bb,session_id,0train,144,False,0.5251454723331771,0.7225505648990381,ELIGIBLE
GROUP-8c058db639dfcaad04bb,session_id,1test,144,False,0.5266029977079263,0.7416590497995246,ELIGIBLE
GROUP-8c058db639dfcaad04bb,model_id,DNN-SEQ:DBConformer-OriginalAuthor-P01CompatibilityPatched:P02-A0-BNCI2014_001-DNN-SEQ-FULL_TRAIN-MR03,288,False,0.5258742350205518,0.7321048073492814,ELIGIBLE
GROUP-8c058db639dfcaad04bb,branch_id,__MISSING__,288,False,0.5258742350205518,0.7321048073492814,ELIGIBLE
GROUP-8c058db639dfcaad04bb,budget_id,FULL_TRAIN,288,False,0.5258742350205518,0.7321048073492814,ELIGIBLE
GROUP-8c058db639dfcaad04bb,split_id,IHARQ-SPLITRECORD-20260806-e4e371d332c61e36,288,False,0.5258742350205518,0.7321048073492814,ELIGIBLE
GROUP-8c058db639dfcaad04bb,calibration_method_id,__MISSING__,288,False,0.5258742350205518,0.7321048073492814,ELIGIBLE
GROUP-59e6a22b1525dee22bf6,dataset_id,BNCI2014_001,288,False,0.5171901434144096,0.7173030171504106,ELIGIBLE
GROUP-59e6a22b1525dee22bf6,subject_id,7,288,False,0.5171901434144096,0.7173030171504106,ELIGIBLE
GROUP-59e6a22b1525dee22bf6,session_id,0train,144,False,0.522989695235152,0.7185101264353343,ELIGIBLE
GROUP-59e6a22b1525dee22bf6,session_id,1test,144,False,0.5113905915936672,0.7160959078654867,ELIGIBLE
GROUP-59e6a22b1525dee22bf6,model_id,DNN-SEQ:DBConformer-OriginalAuthor-P01CompatibilityPatched:P02-A0-BNCI2014_001-DNN-SEQ-FULL_TRAIN-MR04,288,False,0.5171901434144096,0.7173030171504106,ELIGIBLE
GROUP-59e6a22b1525dee22bf6,branch_id,__MISSING__,288,False,0.5171901434144096,0.7173030171504106,ELIGIBLE
GROUP-59e6a22b1525dee22bf6,budget_id,FULL_TRAIN,288,False,0.5171901434144096,0.7173030171504106,ELIGIBLE
GROUP-59e6a22b1525dee22bf6,split_id,IHARQ-SPLITRECORD-20260806-e4e371d332c61e36,288,False,0.5171901434144096,0.7173030171504106,ELIGIBLE
GROUP-59e6a22b1525dee22bf6,calibration_method_id,__MISSING__,288,False,0.5171901434144096,0.7173030171504106,ELIGIBLE
GROUP-d7414cf1785ac3a9c71a,dataset_id,BNCI2014_001,288,False,0.5217622181564638,0.7797040076834907,ELIGIBLE
GROUP-d7414cf1785ac3a9c71a,subject_id,7,288,False,0.5217622181564638,0.7797040076834907,ELIGIBLE
GROUP-d7414cf1785ac3a9c71a,session_id,0train,144,False,0.5790229798863018,0.868421981967454,ELIGIBLE
GROUP-d7414cf1785ac3a9c71a,session_id,1test,144,False,0.4645014564266259,0.6909860333995275,ELIGIBLE
GROUP-d7414cf1785ac3a9c71a,model_id,RIE-EA-TS:RIE-EA-TS:P02-A0-BNCI2014_001-RIE-EA-TS-FULL_TRAIN-MR00,288,False,0.5217622181564638,0.7797040076834907,ELIGIBLE
GROUP-d7414cf1785ac3a9c71a,branch_id,__MISSING__,288,False,0.5217622181564638,0.7797040076834907,ELIGIBLE
GROUP-d7414cf1785ac3a9c71a,budget_id,FULL_TRAIN,288,False,0.5217622181564638,0.7797040076834907,ELIGIBLE
GROUP-d7414cf1785ac3a9c71a,split_id,IHARQ-SPLITRECORD-20260806-e4e371d332c61e36,288,False,0.5217622181564638,0.7797040076834907,ELIGIBLE
GROUP-d7414cf1785ac3a9c71a,calibration_method_id,__MISSING__,288,False,0.5217622181564638,0.7797040076834907,ELIGIBLE
GROUP-ffa551e3ef8bfa05dd8c,dataset_id,BNCI2014_001,288,False,0.522837942277392,0.7816444328795593,ELIGIBLE
GROUP-ffa551e3ef8bfa05dd8c,subject_id,7,288,False,0.522837942277392,0.7816444328795593,ELIGIBLE
GROUP-ffa551e3ef8bfa05dd8c,session_id,0train,144,False,0.58014086949373,0.8706321578152194,ELIGIBLE
GROUP-ffa551e3ef8bfa05dd8c,session_id,1test,144,False,0.465535015061054,0.6926567079438991,ELIGIBLE
GROUP-ffa551e3ef8bfa05dd8c,model_id,RIE-TS-LR:RIE-TS-LR:P02-A0-BNCI2014_001-RIE-TS-LR-FULL_TRAIN-MR00,288,False,0.522837942277392,0.7816444328795593,ELIGIBLE
GROUP-ffa551e3ef8bfa05dd8c,branch_id,__MISSING__,288,False,0.522837942277392,0.7816444328795593,ELIGIBLE
GROUP-ffa551e3ef8bfa05dd8c,budget_id,FULL_TRAIN,288,False,0.522837942277392,0.7816444328795593,ELIGIBLE
GROUP-ffa551e3ef8bfa05dd8c,split_id,IHARQ-SPLITRECORD-20260806-e4e371d332c61e36,288,False,0.522837942277392,0.7816444328795593,ELIGIBLE
GROUP-ffa551e3ef8bfa05dd8c,calibration_method_id,__MISSING__,288,False,0.522837942277392,0.7816444328795593,ELIGIBLE
GROUP-83cb57f630b148f096a9,dataset_id,BNCI2014_001,288,False,0.5337500527845729,0.7348150532157185,ELIGIBLE
GROUP-83cb57f630b148f096a9,subject_id,7,288,False,0.5337500527845729,0.7348150532157185,ELIGIBLE
GROUP-83cb57f630b148f096a9,session_id,0train,144,False,0.5049147336153447,0.7005103847444665,ELIGIBLE
GROUP-83cb57f630b148f096a9,session_id,1test,144,False,0.562585371953801,0.7691197216869704,ELIGIBLE
GROUP-83cb57f630b148f096a9,model_id,RIE-TS-LR:RIE-TS-LR:P02-A0-BNCI2014_001-RIE-TS-LR-P01-L1-LOW-CAL-OFFICIAL-R2:16_PER_CLASS-MR00,288,False,0.5337500527845729,0.7348150532157185,ELIGIBLE
GROUP-83cb57f630b148f096a9,branch_id,__MISSING__,288,False,0.5337500527845729,0.7348150532157185,ELIGIBLE
GROUP-83cb57f630b148f096a9,budget_id,P01-L1-LOW-CAL-OFFICIAL-R2:16_PER_CLASS,288,False,0.5337500527845729,0.7348150532157185,ELIGIBLE
GROUP-83cb57f630b148f096a9,split_id,IHARQ-SPLITRECORD-20260806-e4e371d332c61e36,288,False,0.5337500527845729,0.7348150532157185,ELIGIBLE
GROUP-83cb57f630b148f096a9,calibration_method_id,__MISSING__,288,False,0.5337500527845729,0.7348150532157185,ELIGIBLE
GROUP-bc59153ecdee1c624d03,dataset_id,BNCI2014_001,288,False,0.4941763902656164,0.6874354312764307,ELIGIBLE
GROUP-bc59153ecdee1c624d03,subject_id,7,288,False,0.4941763902656164,0.6874354312764307,ELIGIBLE
GROUP-bc59153ecdee1c624d03,session_id,0train,144,False,0.4849319982417692,0.6779853729094708,ELIGIBLE
GROUP-bc59153ecdee1c624d03,session_id,1test,144,False,0.5034207822894635,0.6968854896433905,ELIGIBLE
GROUP-bc59153ecdee1c624d03,model_id,RIE-TS-LR:RIE-TS-LR:P02-A0-BNCI2014_001-RIE-TS-LR-P01-L1-LOW-CAL-OFFICIAL-R2:1_PER_CLASS-MR00,288,False,0.4941763902656164,0.6874354312764307,ELIGIBLE
GROUP-bc59153ecdee1c624d03,branch_id,__MISSING__,288,False,0.4941763902656164,0.6874354312764307,ELIGIBLE
GROUP-bc59153ecdee1c624d03,budget_id,P01-L1-LOW-CAL-OFFICIAL-R2:1_PER_CLASS,288,False,0.4941763902656164,0.6874354312764307,ELIGIBLE
GROUP-bc59153ecdee1c624d03,split_id,IHARQ-SPLITRECORD-20260806-e4e371d332c61e36,288,False,0.4941763902656164,0.6874354312764307,ELIGIBLE
GROUP-bc59153ecdee1c624d03,calibration_method_id,__MISSING__,288,False,0.4941763902656164,0.6874354312764307,ELIGIBLE
GROUP-4e5b617f6909b0f12a49,dataset_id,BNCI2014_001,288,False,0.4881769982506366,0.6811640198268621,ELIGIBLE
GROUP-4e5b617f6909b0f12a49,subject_id,7,288,False,0.4881769982506366,0.6811640198268621,ELIGIBLE
GROUP-4e5b617f6909b0f12a49,session_id,0train,144,False,0.4829425388898411,0.6759154187722128,ELIGIBLE
GROUP-4e5b617f6909b0f12a49,session_id,1test,144,False,0.4934114576114321,0.6864126208815114,ELIGIBLE
GROUP-4e5b617f6909b0f12a49,model_id,RIE-TS-LR:RIE-TS-LR:P02-A0-BNCI2014_001-RIE-TS-LR-P01-L1-LOW-CAL-OFFICIAL-R2:2_PER_CLASS-MR00,288,False,0.4881769982506366,0.6811640198268621,ELIGIBLE
GROUP-4e5b617f6909b0f12a49,branch_id,__MISSING__,288,False,0.4881769982506366,0.6811640198268621,ELIGIBLE
GROUP-4e5b617f6909b0f12a49,budget_id,P01-L1-LOW-CAL-OFFICIAL-R2:2_PER_CLASS,288,False,0.4881769982506366,0.6811640198268621,ELIGIBLE
GROUP-4e5b617f6909b0f12a49,split_id,IHARQ-SPLITRECORD-20260806-e4e371d332c61e36,288,False,0.4881769982506366,0.6811640198268621,ELIGIBLE
GROUP-4e5b617f6909b0f12a49,calibration_method_id,__MISSING__,288,False,0.4881769982506366,0.6811640198268621,ELIGIBLE
GROUP-bc42fe63d39d628cd61d,dataset_id,BNCI2014_001,288,False,0.5089656545512096,0.7025856743407691,ELIGIBLE
GROUP-bc42fe63d39d628cd61d,subject_id,7,288,False,0.5089656545512096,0.7025856743407691,ELIGIBLE
GROUP-bc42fe63d39d628cd61d,session_id,0train,144,False,0.5049322017138222,0.6981148479137887,ELIGIBLE
GROUP-bc42fe63d39d628cd61d,session_id,1test,144,False,0.5129991073885969,0.7070565007677495,ELIGIBLE
GROUP-bc42fe63d39d628cd61d,model_id,RIE-TS-LR:RIE-TS-LR:P02-A0-BNCI2014_001-RIE-TS-LR-P01-L1-LOW-CAL-OFFICIAL-R2:32_PER_CLASS-MR00,288,False,0.5089656545512096,0.7025856743407691,ELIGIBLE
GROUP-bc42fe63d39d628cd61d,branch_id,__MISSING__,288,False,0.5089656545512096,0.7025856743407691,ELIGIBLE
GROUP-bc42fe63d39d628cd61d,budget_id,P01-L1-LOW-CAL-OFFICIAL-R2:32_PER_CLASS,288,False,0.5089656545512096,0.7025856743407691,ELIGIBLE
GROUP-bc42fe63d39d628cd61d,split_id,IHARQ-SPLITRECORD-20260806-e4e371d332c61e36,288,False,0.5089656545512096,0.7025856743407691,ELIGIBLE
GROUP-bc42fe63d39d628cd61d,calibration_method_id,__MISSING__,288,False,0.5089656545512096,0.7025856743407691,ELIGIBLE
GROUP-663184acdae5def75b51,dataset_id,BNCI2014_001,288,False,0.473624312949887,0.6663561006336803,ELIGIBLE
GROUP-663184acdae5def75b51,subject_id,7,288,False,0.473624312949887,0.6663561006336803,ELIGIBLE
GROUP-663184acdae5def75b51,session_id,0train,144,False,0.4727491267628421,0.6654645568304909,ELIGIBLE
GROUP-663184acdae5def75b51,session_id,1test,144,False,0.4744994991369318,0.6672476444368697,ELIGIBLE
GROUP-663184acdae5def75b51,model_id,RIE-TS-LR:RIE-TS-LR:P02-A0-BNCI2014_001-RIE-TS-LR-P01-L1-LOW-CAL-OFFICIAL-R2:4_PER_CLASS-MR00,288,False,0.473624312949887,0.6663561006336803,ELIGIBLE
GROUP-663184acdae5def75b51,branch_id,__MISSING__,288,False,0.473624312949887,0.6663561006336803,ELIGIBLE
GROUP-663184acdae5def75b51,budget_id,P01-L1-LOW-CAL-OFFICIAL-R2:4_PER_CLASS,288,False,0.473624312949887,0.6663561006336803,ELIGIBLE
GROUP-663184acdae5def75b51,split_id,IHARQ-SPLITRECORD-20260806-e4e371d332c61e36,288,False,0.473624312949887,0.6663561006336803,ELIGIBLE
GROUP-663184acdae5def75b51,calibration_method_id,__MISSING__,288,False,0.473624312949887,0.6663561006336803,ELIGIBLE
GROUP-2a18f66fd5e97c5fe040,dataset_id,BNCI2014_001,288,False,0.5043302767521665,0.6975225274395488,ELIGIBLE
GROUP-2a18f66fd5e97c5fe040,subject_id,7,288,False,0.5043302767521665,0.6975225274395488,ELIGIBLE
GROUP-2a18f66fd5e97c5fe040,session_id,0train,144,False,0.502009680815307,0.6951771164915699,ELIGIBLE
GROUP-2a18f66fd5e97c5fe040,session_id,1test,144,False,0.506650872689026,0.6998679383875278,ELIGIBLE
GROUP-2a18f66fd5e97c5fe040,model_id,RIE-TS-LR:RIE-TS-LR:P02-A0-BNCI2014_001-RIE-TS-LR-P01-L1-LOW-CAL-OFFICIAL-R2:8_PER_CLASS-MR00,288,False,0.5043302767521665,0.6975225274395488,ELIGIBLE
GROUP-2a18f66fd5e97c5fe040,branch_id,__MISSING__,288,False,0.5043302767521665,0.6975225274395488,ELIGIBLE
GROUP-2a18f66fd5e97c5fe040,budget_id,P01-L1-LOW-CAL-OFFICIAL-R2:8_PER_CLASS,288,False,0.5043302767521665,0.6975225274395488,ELIGIBLE
GROUP-2a18f66fd5e97c5fe040,split_id,IHARQ-SPLITRECORD-20260806-e4e371d332c61e36,288,False,0.5043302767521665,0.6975225274395488,ELIGIBLE
GROUP-2a18f66fd5e97c5fe040,calibration_method_id,__MISSING__,288,False,0.5043302767521665,0.6975225274395488,ELIGIBLE
GROUP-652502a2fbf5f03df563,dataset_id,BNCI2014_001,288,False,0.563612246985793,0.7916166551077615,ELIGIBLE
GROUP-652502a2fbf5f03df563,subject_id,7,288,False,0.563612246985793,0.7916166551077615,ELIGIBLE
GROUP-652502a2fbf5f03df563,session_id,0train,144,False,0.5661072429608951,0.787600994044042,ELIGIBLE
GROUP-652502a2fbf5f03df563,session_id,1test,144,False,0.561117251010691,0.7956323161714809,ELIGIBLE
GROUP-652502a2fbf5f03df563,model_id,SSL-CBRAMOD:CBraMod-HF-Braindecode-GovernedP02-R6Scale1e4:P02-A0-BNCI2014_001-SSL-CBRAMOD-FULL_TRAIN-MR00,288,False,0.563612246985793,0.7916166551077615,ELIGIBLE
GROUP-652502a2fbf5f03df563,branch_id,__MISSING__,288,False,0.563612246985793,0.7916166551077615,ELIGIBLE
GROUP-652502a2fbf5f03df563,budget_id,FULL_TRAIN,288,False,0.563612246985793,0.7916166551077615,ELIGIBLE
GROUP-652502a2fbf5f03df563,split_id,IHARQ-SPLITRECORD-20260806-e4e371d332c61e36,288,False,0.563612246985793,0.7916166551077615,ELIGIBLE
GROUP-652502a2fbf5f03df563,calibration_method_id,__MISSING__,288,False,0.563612246985793,0.7916166551077615,ELIGIBLE
GROUP-7fe6fda9b0c4ac5fbc3d,dataset_id,BNCI2014_001,288,False,0.5078355174013999,0.7021654279961882,ELIGIBLE
GROUP-7fe6fda9b0c4ac5fbc3d,subject_id,7,288,False,0.5078355174013999,0.7021654279961882,ELIGIBLE
GROUP-7fe6fda9b0c4ac5fbc3d,session_id,0train,144,False,0.5010659651734343,0.694952262950934,ELIGIBLE
GROUP-7fe6fda9b0c4ac5fbc3d,session_id,1test,144,False,0.5146050696293655,0.7093785930414424,ELIGIBLE
GROUP-7fe6fda9b0c4ac5fbc3d,model_id,SSL-CBRAMOD:CBraMod-HF-Braindecode-GovernedP02-R6Scale1e4:P02-A0-BNCI2014_001-SSL-CBRAMOD-FULL_TRAIN-MR01,288,False,0.5078355174013999,0.7021654279961882,ELIGIBLE
GROUP-7fe6fda9b0c4ac5fbc3d,branch_id,__MISSING__,288,False,0.5078355174013999,0.7021654279961882,ELIGIBLE
GROUP-7fe6fda9b0c4ac5fbc3d,budget_id,FULL_TRAIN,288,False,0.5078355174013999,0.7021654279961882,ELIGIBLE
GROUP-7fe6fda9b0c4ac5fbc3d,split_id,IHARQ-SPLITRECORD-20260806-e4e371d332c61e36,288,False,0.5078355174013999,0.7021654279961882,ELIGIBLE
GROUP-7fe6fda9b0c4ac5fbc3d,calibration_method_id,__MISSING__,288,False,0.5078355174013999,0.7021654279961882,ELIGIBLE
GROUP-3154b7ac637d1ed5c83c,dataset_id,BNCI2014_001,288,False,0.5776739344784088,0.8156116961682257,ELIGIBLE
GROUP-3154b7ac637d1ed5c83c,subject_id,7,288,False,0.5776739344784088,0.8156116961682257,ELIGIBLE
GROUP-3154b7ac637d1ed5c83c,session_id,0train,144,False,0.5764255733970587,0.8042705751671867,ELIGIBLE
GROUP-3154b7ac637d1ed5c83c,session_id,1test,144,False,0.5789222955597589,0.8269528171692647,ELIGIBLE
GROUP-3154b7ac637d1ed5c83c,model_id,SSL-CBRAMOD:CBraMod-HF-Braindecode-GovernedP02-R6Scale1e4:P02-A0-BNCI2014_001-SSL-CBRAMOD-FULL_TRAIN-MR02,288,False,0.5776739344784088,0.8156116961682257,ELIGIBLE
GROUP-3154b7ac637d1ed5c83c,branch_id,__MISSING__,288,False,0.5776739344784088,0.8156116961682257,ELIGIBLE
GROUP-3154b7ac637d1ed5c83c,budget_id,FULL_TRAIN,288,False,0.5776739344784088,0.8156116961682257,ELIGIBLE
GROUP-3154b7ac637d1ed5c83c,split_id,IHARQ-SPLITRECORD-20260806-e4e371d332c61e36,288,False,0.5776739344784088,0.8156116961682257,ELIGIBLE
GROUP-3154b7ac637d1ed5c83c,calibration_method_id,__MISSING__,288,False,0.5776739344784088,0.8156116961682257,ELIGIBLE
GROUP-90a546fa434bdf9123fb,dataset_id,BNCI2014_001,288,False,0.5626679079817687,0.7802683922564656,ELIGIBLE
GROUP-90a546fa434bdf9123fb,subject_id,7,288,False,0.5626679079817687,0.7802683922564656,ELIGIBLE
GROUP-90a546fa434bdf9123fb,session_id,0train,144,False,0.5687972965292567,0.7834071824044645,ELIGIBLE
GROUP-90a546fa434bdf9123fb,session_id,1test,144,False,0.5565385194342807,0.7771296021084668,ELIGIBLE
GROUP-90a546fa434bdf9123fb,model_id,SSL-CBRAMOD:CBraMod-HF-Braindecode-GovernedP02-R6Scale1e4:P02-A0-BNCI2014_001-SSL-CBRAMOD-FULL_TRAIN-MR03,288,False,0.5626679079817687,0.7802683922564656,ELIGIBLE
GROUP-90a546fa434bdf9123fb,branch_id,__MISSING__,288,False,0.5626679079817687,0.7802683922564656,ELIGIBLE
GROUP-90a546fa434bdf9123fb,budget_id,FULL_TRAIN,288,False,0.5626679079817687,0.7802683922564656,ELIGIBLE
GROUP-90a546fa434bdf9123fb,split_id,IHARQ-SPLITRECORD-20260806-e4e371d332c61e36,288,False,0.5626679079817687,0.7802683922564656,ELIGIBLE
GROUP-90a546fa434bdf9123fb,calibration_method_id,__MISSING__,288,False,0.5626679079817687,0.7802683922564656,ELIGIBLE
GROUP-728ba528c6b2bd9485dd,dataset_id,BNCI2014_001,288,False,0.5610770551961496,0.801287821384348,ELIGIBLE
GROUP-728ba528c6b2bd9485dd,subject_id,7,288,False,0.5610770551961496,0.801287821384348,ELIGIBLE
GROUP-728ba528c6b2bd9485dd,session_id,0train,144,False,0.5541780084805716,0.780083866442675,ELIGIBLE
GROUP-728ba528c6b2bd9485dd,session_id,1test,144,False,0.5679761019117276,0.8224917763260208,ELIGIBLE
GROUP-728ba528c6b2bd9485dd,model_id,SSL-CBRAMOD:CBraMod-HF-Braindecode-GovernedP02-R6Scale1e4:P02-A0-BNCI2014_001-SSL-CBRAMOD-FULL_TRAIN-MR04,288,False,0.5610770551961496,0.801287821384348,ELIGIBLE
GROUP-728ba528c6b2bd9485dd,branch_id,__MISSING__,288,False,0.5610770551961496,0.801287821384348,ELIGIBLE
GROUP-728ba528c6b2bd9485dd,budget_id,FULL_TRAIN,288,False,0.5610770551961496,0.801287821384348,ELIGIBLE
GROUP-728ba528c6b2bd9485dd,split_id,IHARQ-SPLITRECORD-20260806-e4e371d332c61e36,288,False,0.5610770551961496,0.801287821384348,ELIGIBLE
GROUP-728ba528c6b2bd9485dd,calibration_method_id,__MISSING__,288,False,0.5610770551961496,0.801287821384348,ELIGIBLE
GROUP-f324b6b0a384052eb3ab,dataset_id,BNCI2014_001,288,False,0.49662026346056426,0.6897779623064744,ELIGIBLE
GROUP-f324b6b0a384052eb3ab,subject_id,7,288,False,0.49662026346056426,0.6897779623064744,ELIGIBLE
GROUP-f324b6b0a384052eb3ab,session_id,0train,144,False,0.5020005794485974,0.6951819217479225,ELIGIBLE
GROUP-f324b6b0a384052eb3ab,session_id,1test,144,False,0.49123994747253114,0.6843740028650263,ELIGIBLE
GROUP-f324b6b0a384052eb3ab,model_id,SSL-CBRAMOD:CBraMod-HF-Braindecode-GovernedP02-R6Scale1e4:P02-A0-BNCI2014_001-SSL-CBRAMOD-P01-L1-LOW-CAL-OFFICIAL-R2:16_PER_CLASS-MR00,288,False,0.49662026346056426,0.6897779623064744,ELIGIBLE
GROUP-f324b6b0a384052eb3ab,branch_id,__MISSING__,288,False,0.49662026346056426,0.6897779623064744,ELIGIBLE
GROUP-f324b6b0a384052eb3ab,budget_id,P01-L1-LOW-CAL-OFFICIAL-R2:16_PER_CLASS,288,False,0.49662026346056426,0.6897779623064744,ELIGIBLE
GROUP-f324b6b0a384052eb3ab,split_id,IHARQ-SPLITRECORD-20260806-e4e371d332c61e36,288,False,0.49662026346056426,0.6897779623064744,ELIGIBLE
GROUP-f324b6b0a384052eb3ab,calibration_method_id,__MISSING__,288,False,0.49662026346056426,0.6897779623064744,ELIGIBLE
GROUP-cfe0b06f39afa6d13bff,dataset_id,BNCI2014_001,288,False,0.49496864399212914,0.6881101859286063,ELIGIBLE
GROUP-cfe0b06f39afa6d13bff,subject_id,7,288,False,0.49496864399212914,0.6881101859286063,ELIGIBLE
GROUP-cfe0b06f39afa6d13bff,session_id,0train,144,False,0.4972844801861598,0.6904312700351531,ELIGIBLE
GROUP-cfe0b06f39afa6d13bff,session_id,1test,144,False,0.4926528077980985,0.6857891018220593,ELIGIBLE
GROUP-cfe0b06f39afa6d13bff,model_id,SSL-CBRAMOD:CBraMod-HF-Braindecode-GovernedP02-R6Scale1e4:P02-A0-BNCI2014_001-SSL-CBRAMOD-P01-L1-LOW-CAL-OFFICIAL-R2:16_PER_CLASS-MR01,288,False,0.49496864399212914,0.6881101859286063,ELIGIBLE
GROUP-cfe0b06f39afa6d13bff,branch_id,__MISSING__,288,False,0.49496864399212914,0.6881101859286063,ELIGIBLE
GROUP-cfe0b06f39afa6d13bff,budget_id,P01-L1-LOW-CAL-OFFICIAL-R2:16_PER_CLASS,288,False,0.49496864399212914,0.6881101859286063,ELIGIBLE
GROUP-cfe0b06f39afa6d13bff,split_id,IHARQ-SPLITRECORD-20260806-e4e371d332c61e36,288,False,0.49496864399212914,0.6881101859286063,ELIGIBLE
GROUP-cfe0b06f39afa6d13bff,calibration_method_id,__MISSING__,288,False,0.49496864399212914,0.6881101859286063,ELIGIBLE
GROUP-df800b3f0d5b37919864,dataset_id,BNCI2014_001,288,False,0.5002637941504721,0.6934437011875159,ELIGIBLE
GROUP-df800b3f0d5b37919864,subject_id,7,288,False,0.5002637941504721,0.6934437011875159,ELIGIBLE
GROUP-df800b3f0d5b37919864,session_id,0train,144,False,0.5025465604028254,0.6957941709640828,ELIGIBLE
GROUP-df800b3f0d5b37919864,session_id,1test,144,False,0.4979810278981187,0.6910932314109487,ELIGIBLE
GROUP-df800b3f0d5b37919864,model_id,SSL-CBRAMOD:CBraMod-HF-Braindecode-GovernedP02-R6Scale1e4:P02-A0-BNCI2014_001-SSL-CBRAMOD-P01-L1-LOW-CAL-OFFICIAL-R2:16_PER_CLASS-MR02,288,False,0.5002637941504721,0.6934437011875159,ELIGIBLE
GROUP-df800b3f0d5b37919864,branch_id,__MISSING__,288,False,0.5002637941504721,0.6934437011875159,ELIGIBLE
GROUP-df800b3f0d5b37919864,budget_id,P01-L1-LOW-CAL-OFFICIAL-R2:16_PER_CLASS,288,False,0.5002637941504721,0.6934437011875159,ELIGIBLE
GROUP-df800b3f0d5b37919864,split_id,IHARQ-SPLITRECORD-20260806-e4e371d332c61e36,288,False,0.5002637941504721,0.6934437011875159,ELIGIBLE
GROUP-df800b3f0d5b37919864,calibration_method_id,__MISSING__,288,False,0.5002637941504721,0.6934437011875159,ELIGIBLE
GROUP-07b8c8db2534b0361ee2,dataset_id,BNCI2014_001,288,False,0.5003420323387913,0.6936438267793167,ELIGIBLE
GROUP-07b8c8db2534b0361ee2,subject_id,7,288,False,0.5003420323387913,0.6936438267793167,ELIGIBLE
GROUP-07b8c8db2534b0361ee2,session_id,0train,144,False,0.5031308224642455,0.6965749876876871,ELIGIBLE
GROUP-07b8c8db2534b0361ee2,session_id,1test,144,False,0.4975532422133371,0.6907126658709463,ELIGIBLE
GROUP-07b8c8db2534b0361ee2,model_id,SSL-CBRAMOD:CBraMod-HF-Braindecode-GovernedP02-R6Scale1e4:P02-A0-BNCI2014_001-SSL-CBRAMOD-P01-L1-LOW-CAL-OFFICIAL-R2:16_PER_CLASS-MR03,288,False,0.5003420323387913,0.6936438267793167,ELIGIBLE
GROUP-07b8c8db2534b0361ee2,branch_id,__MISSING__,288,False,0.5003420323387913,0.6936438267793167,ELIGIBLE
GROUP-07b8c8db2534b0361ee2,budget_id,P01-L1-LOW-CAL-OFFICIAL-R2:16_PER_CLASS,288,False,0.5003420323387913,0.6936438267793167,ELIGIBLE
GROUP-07b8c8db2534b0361ee2,split_id,IHARQ-SPLITRECORD-20260806-e4e371d332c61e36,288,False,0.5003420323387913,0.6936438267793167,ELIGIBLE
GROUP-07b8c8db2534b0361ee2,calibration_method_id,__MISSING__,288,False,0.5003420323387913,0.6936438267793167,ELIGIBLE
GROUP-7e0b63c48ed9bfb291ff,dataset_id,BNCI2014_001,288,False,0.5005477610340472,0.693695059387873,ELIGIBLE
GROUP-7e0b63c48ed9bfb291ff,subject_id,7,288,False,0.5005477610340472,0.693695059387873,ELIGIBLE
GROUP-7e0b63c48ed9bfb291ff,session_id,0train,144,False,0.5006827128936391,0.693829988955648,ELIGIBLE
GROUP-7e0b63c48ed9bfb291ff,session_id,1test,144,False,0.5004128091744553,0.6935601298200981,ELIGIBLE
GROUP-7e0b63c48ed9bfb291ff,model_id,SSL-CBRAMOD:CBraMod-HF-Braindecode-GovernedP02-R6Scale1e4:P02-A0-BNCI2014_001-SSL-CBRAMOD-P01-L1-LOW-CAL-OFFICIAL-R2:16_PER_CLASS-MR04,288,False,0.5005477610340472,0.693695059387873,ELIGIBLE
GROUP-7e0b63c48ed9bfb291ff,branch_id,__MISSING__,288,False,0.5005477610340472,0.693695059387873,ELIGIBLE
GROUP-7e0b63c48ed9bfb291ff,budget_id,P01-L1-LOW-CAL-OFFICIAL-R2:16_PER_CLASS,288,False,0.5005477610340472,0.693695059387873,ELIGIBLE
GROUP-7e0b63c48ed9bfb291ff,split_id,IHARQ-SPLITRECORD-20260806-e4e371d332c61e36,288,False,0.5005477610340472,0.693695059387873,ELIGIBLE
GROUP-7e0b63c48ed9bfb291ff,calibration_method_id,__MISSING__,288,False,0.5005477610340472,0.693695059387873,ELIGIBLE
GROUP-4c98a31db5367a5ce987,dataset_id,BNCI2014_001,288,False,0.5010925514063166,0.694262467189696,ELIGIBLE
GROUP-4c98a31db5367a5ce987,subject_id,7,288,False,0.5010925514063166,0.694262467189696,ELIGIBLE
GROUP-4c98a31db5367a5ce987,session_id,0train,144,False,0.4970392614906566,0.6901740803588449,ELIGIBLE
GROUP-4c98a31db5367a5ce987,session_id,1test,144,False,0.5051458413219767,0.6983508540205471,ELIGIBLE
GROUP-4c98a31db5367a5ce987,model_id,SSL-CBRAMOD:CBraMod-HF-Braindecode-GovernedP02-R6Scale1e4:P02-A0-BNCI2014_001-SSL-CBRAMOD-P01-L1-LOW-CAL-OFFICIAL-R2:1_PER_CLASS-MR00,288,False,0.5010925514063166,0.694262467189696,ELIGIBLE
GROUP-4c98a31db5367a5ce987,branch_id,__MISSING__,288,False,0.5010925514063166,0.694262467189696,ELIGIBLE
GROUP-4c98a31db5367a5ce987,budget_id,P01-L1-LOW-CAL-OFFICIAL-R2:1_PER_CLASS,288,False,0.5010925514063166,0.694262467189696,ELIGIBLE
GROUP-4c98a31db5367a5ce987,split_id,IHARQ-SPLITRECORD-20260806-e4e371d332c61e36,288,False,0.5010925514063166,0.694262467189696,ELIGIBLE
GROUP-4c98a31db5367a5ce987,calibration_method_id,__MISSING__,288,False,0.5010925514063166,0.694262467189696,ELIGIBLE
GROUP-33617f3abc7f8129be59,dataset_id,BNCI2014_001,288,False,0.49862306416916824,0.6917698463578579,ELIGIBLE
GROUP-33617f3abc7f8129be59,subject_id,7,288,False,0.49862306416916824,0.6917698463578579,ELIGIBLE
GROUP-33617f3abc7f8129be59,session_id,0train,144,False,0.4986012815835558,0.6917480214350163,ELIGIBLE
GROUP-33617f3abc7f8129be59,session_id,1test,144,False,0.4986448467547806,0.6917916712806995,ELIGIBLE
GROUP-33617f3abc7f8129be59,model_id,SSL-CBRAMOD:CBraMod-HF-Braindecode-GovernedP02-R6Scale1e4:P02-A0-BNCI2014_001-SSL-CBRAMOD-P01-L1-LOW-CAL-OFFICIAL-R2:1_PER_CLASS-MR01,288,False,0.49862306416916824,0.6917698463578579,ELIGIBLE
GROUP-33617f3abc7f8129be59,branch_id,__MISSING__,288,False,0.49862306416916824,0.6917698463578579,ELIGIBLE
GROUP-33617f3abc7f8129be59,budget_id,P01-L1-LOW-CAL-OFFICIAL-R2:1_PER_CLASS,288,False,0.49862306416916824,0.6917698463578579,ELIGIBLE
GROUP-33617f3abc7f8129be59,split_id,IHARQ-SPLITRECORD-20260806-e4e371d332c61e36,288,False,0.49862306416916824,0.6917698463578579,ELIGIBLE
GROUP-33617f3abc7f8129be59,calibration_method_id,__MISSING__,288,False,0.49862306416916824,0.6917698463578579,ELIGIBLE
GROUP-b21cf318c9315e55789c,dataset_id,BNCI2014_001,288,False,0.49895237224940797,0.692100023406939,ELIGIBLE
GROUP-b21cf318c9315e55789c,subject_id,7,288,False,0.49895237224940797,0.692100023406939,ELIGIBLE
GROUP-b21cf318c9315e55789c,session_id,0train,144,False,0.5008746728855004,0.6940234117397608,ELIGIBLE
GROUP-b21cf318c9315e55789c,session_id,1test,144,False,0.4970300716133154,0.690176635074117,ELIGIBLE
GROUP-b21cf318c9315e55789c,model_id,SSL-CBRAMOD:CBraMod-HF-Braindecode-GovernedP02-R6Scale1e4:P02-A0-BNCI2014_001-SSL-CBRAMOD-P01-L1-LOW-CAL-OFFICIAL-R2:1_PER_CLASS-MR02,288,False,0.49895237224940797,0.692100023406939,ELIGIBLE
GROUP-b21cf318c9315e55789c,branch_id,__MISSING__,288,False,0.49895237224940797,0.692100023406939,ELIGIBLE
GROUP-b21cf318c9315e55789c,budget_id,P01-L1-LOW-CAL-OFFICIAL-R2:1_PER_CLASS,288,False,0.49895237224940797,0.692100023406939,ELIGIBLE
GROUP-b21cf318c9315e55789c,split_id,IHARQ-SPLITRECORD-20260806-e4e371d332c61e36,288,False,0.49895237224940797,0.692100023406939,ELIGIBLE
GROUP-b21cf318c9315e55789c,calibration_method_id,__MISSING__,288,False,0.49895237224940797,0.692100023406939,ELIGIBLE
GROUP-947ccd1ed32b7a686166,dataset_id,BNCI2014_001,288,False,0.49855574528240015,0.6917024511212017,ELIGIBLE
GROUP-947ccd1ed32b7a686166,subject_id,7,288,False,0.49855574528240015,0.6917024511212017,ELIGIBLE
GROUP-947ccd1ed32b7a686166,session_id,0train,144,False,0.5000534442620468,0.6932010988480322,ELIGIBLE
GROUP-947ccd1ed32b7a686166,session_id,1test,144,False,0.49705804630275363,0.6902038033943713,ELIGIBLE
GROUP-947ccd1ed32b7a686166,model_id,SSL-CBRAMOD:CBraMod-HF-Braindecode-GovernedP02-R6Scale1e4:P02-A0-BNCI2014_001-SSL-CBRAMOD-P01-L1-LOW-CAL-OFFICIAL-R2:1_PER_CLASS-MR03,288,False,0.49855574528240015,0.6917024511212017,ELIGIBLE
GROUP-947ccd1ed32b7a686166,branch_id,__MISSING__,288,False,0.49855574528240015,0.6917024511212017,ELIGIBLE
GROUP-947ccd1ed32b7a686166,budget_id,P01-L1-LOW-CAL-OFFICIAL-R2:1_PER_CLASS,288,False,0.49855574528240015,0.6917024511212017,ELIGIBLE
GROUP-947ccd1ed32b7a686166,split_id,IHARQ-SPLITRECORD-20260806-e4e371d332c61e36,288,False,0.49855574528240015,0.6917024511212017,ELIGIBLE
GROUP-947ccd1ed32b7a686166,calibration_method_id,__MISSING__,288,False,0.49855574528240015,0.6917024511212017,ELIGIBLE
GROUP-74961779d70cbc0c24aa,dataset_id,BNCI2014_001,288,False,0.49922704857410316,0.69237418647474,ELIGIBLE
GROUP-74961779d70cbc0c24aa,subject_id,7,288,False,0.49922704857410316,0.69237418647474,ELIGIBLE
GROUP-74961779d70cbc0c24aa,session_id,0train,144,False,0.4997530300964386,0.6929002161569388,ELIGIBLE
GROUP-74961779d70cbc0c24aa,session_id,1test,144,False,0.4987010670517677,0.6918481567925414,ELIGIBLE
GROUP-74961779d70cbc0c24aa,model_id,SSL-CBRAMOD:CBraMod-HF-Braindecode-GovernedP02-R6Scale1e4:P02-A0-BNCI2014_001-SSL-CBRAMOD-P01-L1-LOW-CAL-OFFICIAL-R2:1_PER_CLASS-MR04,288,False,0.49922704857410316,0.69237418647474,ELIGIBLE
GROUP-74961779d70cbc0c24aa,branch_id,__MISSING__,288,False,0.49922704857410316,0.69237418647474,ELIGIBLE
GROUP-74961779d70cbc0c24aa,budget_id,P01-L1-LOW-CAL-OFFICIAL-R2:1_PER_CLASS,288,False,0.49922704857410316,0.69237418647474,ELIGIBLE
GROUP-74961779d70cbc0c24aa,split_id,IHARQ-SPLITRECORD-20260806-e4e371d332c61e36,288,False,0.49922704857410316,0.69237418647474,ELIGIBLE
GROUP-74961779d70cbc0c24aa,calibration_method_id,__MISSING__,288,False,0.49922704857410316,0.69237418647474,ELIGIBLE
GROUP-41d74e0973b7c9960d88,dataset_id,BNCI2014_001,288,False,0.5006844368388157,0.6938332866256185,ELIGIBLE
GROUP-41d74e0973b7c9960d88,subject_id,7,288,False,0.5006844368388157,0.6938332866256185,ELIGIBLE
GROUP-41d74e0973b7c9960d88,session_id,0train,144,False,0.5019664823349417,0.6951162968608643,ELIGIBLE
GROUP-41d74e0973b7c9960d88,session_id,1test,144,False,0.4994023913426896,0.6925502763903726,ELIGIBLE
GROUP-41d74e0973b7c9960d88,model_id,SSL-CBRAMOD:CBraMod-HF-Braindecode-GovernedP02-R6Scale1e4:P02-A0-BNCI2014_001-SSL-CBRAMOD-P01-L1-LOW-CAL-OFFICIAL-R2:2_PER_CLASS-MR00,288,False,0.5006844368388157,0.6938332866256185,ELIGIBLE
GROUP-41d74e0973b7c9960d88,branch_id,__MISSING__,288,False,0.5006844368388157,0.6938332866256185,ELIGIBLE
GROUP-41d74e0973b7c9960d88,budget_id,P01-L1-LOW-CAL-OFFICIAL-R2:2_PER_CLASS,288,False,0.5006844368388157,0.6938332866256185,ELIGIBLE
GROUP-41d74e0973b7c9960d88,split_id,IHARQ-SPLITRECORD-20260806-e4e371d332c61e36,288,False,0.5006844368388157,0.6938332866256185,ELIGIBLE
GROUP-41d74e0973b7c9960d88,calibration_method_id,__MISSING__,288,False,0.5006844368388157,0.6938332866256185,ELIGIBLE
GROUP-845a066f700d58ab7ed6,dataset_id,BNCI2014_001,288,False,0.49975649086846385,0.6929036542426439,ELIGIBLE
GROUP-845a066f700d58ab7ed6,subject_id,7,288,False,0.49975649086846385,0.6929036542426439,ELIGIBLE
GROUP-845a066f700d58ab7ed6,session_id,0train,144,False,0.49981747196046455,0.6929646627577528,ELIGIBLE
GROUP-845a066f700d58ab7ed6,session_id,1test,144,False,0.4996955097764631,0.6928426457275351,ELIGIBLE
GROUP-845a066f700d58ab7ed6,model_id,SSL-CBRAMOD:CBraMod-HF-Braindecode-GovernedP02-R6Scale1e4:P02-A0-BNCI2014_001-SSL-CBRAMOD-P01-L1-LOW-CAL-OFFICIAL-R2:2_PER_CLASS-MR01,288,False,0.49975649086846385,0.6929036542426439,ELIGIBLE
GROUP-845a066f700d58ab7ed6,branch_id,__MISSING__,288,False,0.49975649086846385,0.6929036542426439,ELIGIBLE
GROUP-845a066f700d58ab7ed6,budget_id,P01-L1-LOW-CAL-OFFICIAL-R2:2_PER_CLASS,288,False,0.49975649086846385,0.6929036542426439,ELIGIBLE
GROUP-845a066f700d58ab7ed6,split_id,IHARQ-SPLITRECORD-20260806-e4e371d332c61e36,288,False,0.49975649086846385,0.6929036542426439,ELIGIBLE
GROUP-845a066f700d58ab7ed6,calibration_method_id,__MISSING__,288,False,0.49975649086846385,0.6929036542426439,ELIGIBLE
GROUP-20091bc80ffdd5c4d2a6,dataset_id,BNCI2014_001,288,False,0.4993619800490102,0.6925090750383291,ELIGIBLE
GROUP-20091bc80ffdd5c4d2a6,subject_id,7,288,False,0.4993619800490102,0.6925090750383291,ELIGIBLE
GROUP-20091bc80ffdd5c4d2a6,session_id,0train,144,False,0.5003114252081576,0.6934586217908287,ELIGIBLE
GROUP-20091bc80ffdd5c4d2a6,session_id,1test,144,False,0.49841253488986276,0.6915595282858295,ELIGIBLE
GROUP-20091bc80ffdd5c4d2a6,model_id,SSL-CBRAMOD:CBraMod-HF-Braindecode-GovernedP02-R6Scale1e4:P02-A0-BNCI2014_001-SSL-CBRAMOD-P01-L1-LOW-CAL-OFFICIAL-R2:2_PER_CLASS-MR02,288,False,0.4993619800490102,0.6925090750383291,ELIGIBLE
GROUP-20091bc80ffdd5c4d2a6,branch_id,__MISSING__,288,False,0.4993619800490102,0.6925090750383291,ELIGIBLE
GROUP-20091bc80ffdd5c4d2a6,budget_id,P01-L1-LOW-CAL-OFFICIAL-R2:2_PER_CLASS,288,False,0.4993619800490102,0.6925090750383291,ELIGIBLE
GROUP-20091bc80ffdd5c4d2a6,split_id,IHARQ-SPLITRECORD-20260806-e4e371d332c61e36,288,False,0.4993619800490102,0.6925090750383291,ELIGIBLE
GROUP-20091bc80ffdd5c4d2a6,calibration_method_id,__MISSING__,288,False,0.4993619800490102,0.6925090750383291,ELIGIBLE
GROUP-dd0e9a56fb9083ce89f8,dataset_id,BNCI2014_001,288,False,0.49777827661122864,0.6909256550681456,ELIGIBLE
GROUP-dd0e9a56fb9083ce89f8,subject_id,7,288,False,0.49777827661122864,0.6909256550681456,ELIGIBLE
GROUP-dd0e9a56fb9083ce89f8,session_id,0train,144,False,0.5002357126086546,0.693384237171844,ELIGIBLE
GROUP-dd0e9a56fb9083ce89f8,session_id,1test,144,False,0.4953208406138026,0.6884670729644472,ELIGIBLE
GROUP-dd0e9a56fb9083ce89f8,model_id,SSL-CBRAMOD:CBraMod-HF-Braindecode-GovernedP02-R6Scale1e4:P02-A0-BNCI2014_001-SSL-CBRAMOD-P01-L1-LOW-CAL-OFFICIAL-R2:2_PER_CLASS-MR03,288,False,0.49777827661122864,0.6909256550681456,ELIGIBLE
GROUP-dd0e9a56fb9083ce89f8,branch_id,__MISSING__,288,False,0.49777827661122864,0.6909256550681456,ELIGIBLE
GROUP-dd0e9a56fb9083ce89f8,budget_id,P01-L1-LOW-CAL-OFFICIAL-R2:2_PER_CLASS,288,False,0.49777827661122864,0.6909256550681456,ELIGIBLE
GROUP-dd0e9a56fb9083ce89f8,split_id,IHARQ-SPLITRECORD-20260806-e4e371d332c61e36,288,False,0.49777827661122864,0.6909256550681456,ELIGIBLE
GROUP-dd0e9a56fb9083ce89f8,calibration_method_id,__MISSING__,288,False,0.49777827661122864,0.6909256550681456,ELIGIBLE
GROUP-d449149cd8f481b241eb,dataset_id,BNCI2014_001,288,False,0.5051188872067741,0.6982799614410874,ELIGIBLE
GROUP-d449149cd8f481b241eb,subject_id,7,288,False,0.5051188872067741,0.6982799614410874,ELIGIBLE
GROUP-d449149cd8f481b241eb,session_id,0train,144,False,0.500429758745046,0.6935789833999034,ELIGIBLE
GROUP-d449149cd8f481b241eb,session_id,1test,144,False,0.5098080156685023,0.7029809394822712,ELIGIBLE
GROUP-d449149cd8f481b241eb,model_id,SSL-CBRAMOD:CBraMod-HF-Braindecode-GovernedP02-R6Scale1e4:P02-A0-BNCI2014_001-SSL-CBRAMOD-P01-L1-LOW-CAL-OFFICIAL-R2:2_PER_CLASS-MR04,288,False,0.5051188872067741,0.6982799614410874,ELIGIBLE
GROUP-d449149cd8f481b241eb,branch_id,__MISSING__,288,False,0.5051188872067741,0.6982799614410874,ELIGIBLE
GROUP-d449149cd8f481b241eb,budget_id,P01-L1-LOW-CAL-OFFICIAL-R2:2_PER_CLASS,288,False,0.5051188872067741,0.6982799614410874,ELIGIBLE
GROUP-d449149cd8f481b241eb,split_id,IHARQ-SPLITRECORD-20260806-e4e371d332c61e36,288,False,0.5051188872067741,0.6982799614410874,ELIGIBLE
GROUP-d449149cd8f481b241eb,calibration_method_id,__MISSING__,288,False,0.5051188872067741,0.6982799614410874,ELIGIBLE
GROUP-2fc593e30ef82e0188f3,dataset_id,BNCI2014_001,288,False,0.494051882419597,0.6871456062601732,ELIGIBLE
GROUP-2fc593e30ef82e0188f3,subject_id,7,288,False,0.494051882419597,0.6871456062601732,ELIGIBLE
GROUP-2fc593e30ef82e0188f3,session_id,0train,144,False,0.492879911828847,0.6859530058169115,ELIGIBLE
GROUP-2fc593e30ef82e0188f3,session_id,1test,144,False,0.4952238530103471,0.6883382067034346,ELIGIBLE
GROUP-2fc593e30ef82e0188f3,model_id,SSL-CBRAMOD:CBraMod-HF-Braindecode-GovernedP02-R6Scale1e4:P02-A0-BNCI2014_001-SSL-CBRAMOD-P01-L1-LOW-CAL-OFFICIAL-R2:32_PER_CLASS-MR00,288,False,0.494051882419597,0.6871456062601732,ELIGIBLE
GROUP-2fc593e30ef82e0188f3,branch_id,__MISSING__,288,False,0.494051882419597,0.6871456062601732,ELIGIBLE
GROUP-2fc593e30ef82e0188f3,budget_id,P01-L1-LOW-CAL-OFFICIAL-R2:32_PER_CLASS,288,False,0.494051882419597,0.6871456062601732,ELIGIBLE
GROUP-2fc593e30ef82e0188f3,split_id,IHARQ-SPLITRECORD-20260806-e4e371d332c61e36,288,False,0.494051882419597,0.6871456062601732,ELIGIBLE
GROUP-2fc593e30ef82e0188f3,calibration_method_id,__MISSING__,288,False,0.494051882419597,0.6871456062601732,ELIGIBLE
GROUP-a2fbe63421202fec1536,dataset_id,BNCI2014_001,288,False,0.4962401633354055,0.6894703812381331,ELIGIBLE
GROUP-a2fbe63421202fec1536,subject_id,7,288,False,0.4962401633354055,0.6894703812381331,ELIGIBLE
GROUP-a2fbe63421202fec1536,session_id,0train,144,False,0.4962550750224339,0.6894700900240165,ELIGIBLE
GROUP-a2fbe63421202fec1536,session_id,1test,144,False,0.496225251648377,0.6894706724522497,ELIGIBLE
GROUP-a2fbe63421202fec1536,model_id,SSL-CBRAMOD:CBraMod-HF-Braindecode-GovernedP02-R6Scale1e4:P02-A0-BNCI2014_001-SSL-CBRAMOD-P01-L1-LOW-CAL-OFFICIAL-R2:32_PER_CLASS-MR01,288,False,0.4962401633354055,0.6894703812381331,ELIGIBLE
GROUP-a2fbe63421202fec1536,branch_id,__MISSING__,288,False,0.4962401633354055,0.6894703812381331,ELIGIBLE
GROUP-a2fbe63421202fec1536,budget_id,P01-L1-LOW-CAL-OFFICIAL-R2:32_PER_CLASS,288,False,0.4962401633354055,0.6894703812381331,ELIGIBLE
GROUP-a2fbe63421202fec1536,split_id,IHARQ-SPLITRECORD-20260806-e4e371d332c61e36,288,False,0.4962401633354055,0.6894703812381331,ELIGIBLE
GROUP-a2fbe63421202fec1536,calibration_method_id,__MISSING__,288,False,0.4962401633354055,0.6894703812381331,ELIGIBLE
GROUP-0cc0b425cd5eae839d01,dataset_id,BNCI2014_001,288,False,0.49801863965851173,0.6911650043828088,ELIGIBLE
GROUP-0cc0b425cd5eae839d01,subject_id,7,288,False,0.49801863965851173,0.6911650043828088,ELIGIBLE
GROUP-0cc0b425cd5eae839d01,session_id,0train,144,False,0.49746118308345544,0.6906067505646781,ELIGIBLE
GROUP-0cc0b425cd5eae839d01,session_id,1test,144,False,0.49857609623356797,0.6917232582009395,ELIGIBLE
GROUP-0cc0b425cd5eae839d01,model_id,SSL-CBRAMOD:CBraMod-HF-Braindecode-GovernedP02-R6Scale1e4:P02-A0-BNCI2014_001-SSL-CBRAMOD-P01-L1-LOW-CAL-OFFICIAL-R2:32_PER_CLASS-MR02,288,False,0.49801863965851173,0.6911650043828088,ELIGIBLE
GROUP-0cc0b425cd5eae839d01,branch_id,__MISSING__,288,False,0.49801863965851173,0.6911650043828088,ELIGIBLE
GROUP-0cc0b425cd5eae839d01,budget_id,P01-L1-LOW-CAL-OFFICIAL-R2:32_PER_CLASS,288,False,0.49801863965851173,0.6911650043828088,ELIGIBLE
GROUP-0cc0b425cd5eae839d01,split_id,IHARQ-SPLITRECORD-20260806-e4e371d332c61e36,288,False,0.49801863965851173,0.6911650043828088,ELIGIBLE
GROUP-0cc0b425cd5eae839d01,calibration_method_id,__MISSING__,288,False,0.49801863965851173,0.6911650043828088,ELIGIBLE
GROUP-d9aca65051a853842119,dataset_id,BNCI2014_001,288,False,0.4951361190268942,0.6883234689037641,ELIGIBLE
GROUP-d9aca65051a853842119,subject_id,7,288,False,0.4951361190268942,0.6883234689037641,ELIGIBLE
GROUP-d9aca65051a853842119,session_id,0train,144,False,0.49555222349391315,0.688761574665195,ELIGIBLE
GROUP-d9aca65051a853842119,session_id,1test,144,False,0.49472001455987524,0.6878853631423332,ELIGIBLE
GROUP-d9aca65051a853842119,model_id,SSL-CBRAMOD:CBraMod-HF-Braindecode-GovernedP02-R6Scale1e4:P02-A0-BNCI2014_001-SSL-CBRAMOD-P01-L1-LOW-CAL-OFFICIAL-R2:32_PER_CLASS-MR03,288,False,0.4951361190268942,0.6883234689037641,ELIGIBLE
GROUP-d9aca65051a853842119,branch_id,__MISSING__,288,False,0.4951361190268942,0.6883234689037641,ELIGIBLE
GROUP-d9aca65051a853842119,budget_id,P01-L1-LOW-CAL-OFFICIAL-R2:32_PER_CLASS,288,False,0.4951361190268942,0.6883234689037641,ELIGIBLE
GROUP-d9aca65051a853842119,split_id,IHARQ-SPLITRECORD-20260806-e4e371d332c61e36,288,False,0.4951361190268942,0.6883234689037641,ELIGIBLE
GROUP-d9aca65051a853842119,calibration_method_id,__MISSING__,288,False,0.4951361190268942,0.6883234689037641,ELIGIBLE
GROUP-2b1e4c72f6a09862ca02,dataset_id,BNCI2014_001,288,False,0.4961726846756329,0.6893150941422012,ELIGIBLE
GROUP-2b1e4c72f6a09862ca02,subject_id,7,288,False,0.4961726846756329,0.6893150941422012,ELIGIBLE
GROUP-2b1e4c72f6a09862ca02,session_id,0train,144,False,0.49585258142807387,0.688986507920691,ELIGIBLE
GROUP-2b1e4c72f6a09862ca02,session_id,1test,144,False,0.4964927879231921,0.6896436803637112,ELIGIBLE
GROUP-2b1e4c72f6a09862ca02,model_id,SSL-CBRAMOD:CBraMod-HF-Braindecode-GovernedP02-R6Scale1e4:P02-A0-BNCI2014_001-SSL-CBRAMOD-P01-L1-LOW-CAL-OFFICIAL-R2:32_PER_CLASS-MR04,288,False,0.4961726846756329,0.6893150941422012,ELIGIBLE
GROUP-2b1e4c72f6a09862ca02,branch_id,__MISSING__,288,False,0.4961726846756329,0.6893150941422012,ELIGIBLE
GROUP-2b1e4c72f6a09862ca02,budget_id,P01-L1-LOW-CAL-OFFICIAL-R2:32_PER_CLASS,288,False,0.4961726846756329,0.6893150941422012,ELIGIBLE
GROUP-2b1e4c72f6a09862ca02,split_id,IHARQ-SPLITRECORD-20260806-e4e371d332c61e36,288,False,0.4961726846756329,0.6893150941422012,ELIGIBLE
GROUP-2b1e4c72f6a09862ca02,calibration_method_id,__MISSING__,288,False,0.4961726846756329,0.6893150941422012,ELIGIBLE
GROUP-63709f60085224ced27f,dataset_id,BNCI2014_001,288,False,0.4991507764508103,0.6922978776583418,ELIGIBLE
GROUP-63709f60085224ced27f,subject_id,7,288,False,0.4991507764508103,0.6922978776583418,ELIGIBLE
GROUP-63709f60085224ced27f,session_id,0train,144,False,0.4994483706308929,0.6925955548681768,ELIGIBLE
GROUP-63709f60085224ced27f,session_id,1test,144,False,0.4988531822707277,0.6920002004485067,ELIGIBLE
GROUP-63709f60085224ced27f,model_id,SSL-CBRAMOD:CBraMod-HF-Braindecode-GovernedP02-R6Scale1e4:P02-A0-BNCI2014_001-SSL-CBRAMOD-P01-L1-LOW-CAL-OFFICIAL-R2:4_PER_CLASS-MR00,288,False,0.4991507764508103,0.6922978776583418,ELIGIBLE
GROUP-63709f60085224ced27f,branch_id,__MISSING__,288,False,0.4991507764508103,0.6922978776583418,ELIGIBLE
GROUP-63709f60085224ced27f,budget_id,P01-L1-LOW-CAL-OFFICIAL-R2:4_PER_CLASS,288,False,0.4991507764508103,0.6922978776583418,ELIGIBLE
GROUP-63709f60085224ced27f,split_id,IHARQ-SPLITRECORD-20260806-e4e371d332c61e36,288,False,0.4991507764508103,0.6922978776583418,ELIGIBLE
GROUP-63709f60085224ced27f,calibration_method_id,__MISSING__,288,False,0.4991507764508103,0.6922978776583418,ELIGIBLE
GROUP-86cc84f1860ea9f048d3,dataset_id,BNCI2014_001,288,False,0.5005958363765229,0.693743053517357,ELIGIBLE
GROUP-86cc84f1860ea9f048d3,subject_id,7,288,False,0.5005958363765229,0.693743053517357,ELIGIBLE
GROUP-86cc84f1860ea9f048d3,session_id,0train,144,False,0.5003859638154267,0.6935331572967386,ELIGIBLE
GROUP-86cc84f1860ea9f048d3,session_id,1test,144,False,0.5008057089376193,0.6939529497379754,ELIGIBLE
GROUP-86cc84f1860ea9f048d3,model_id,SSL-CBRAMOD:CBraMod-HF-Braindecode-GovernedP02-R6Scale1e4:P02-A0-BNCI2014_001-SSL-CBRAMOD-P01-L1-LOW-CAL-OFFICIAL-R2:4_PER_CLASS-MR01,288,False,0.5005958363765229,0.693743053517357,ELIGIBLE
GROUP-86cc84f1860ea9f048d3,branch_id,__MISSING__,288,False,0.5005958363765229,0.693743053517357,ELIGIBLE
GROUP-86cc84f1860ea9f048d3,budget_id,P01-L1-LOW-CAL-OFFICIAL-R2:4_PER_CLASS,288,False,0.5005958363765229,0.693743053517357,ELIGIBLE
GROUP-86cc84f1860ea9f048d3,split_id,IHARQ-SPLITRECORD-20260806-e4e371d332c61e36,288,False,0.5005958363765229,0.693743053517357,ELIGIBLE
GROUP-86cc84f1860ea9f048d3,calibration_method_id,__MISSING__,288,False,0.5005958363765229,0.693743053517357,ELIGIBLE
GROUP-dc9eb6cd78355498208f,dataset_id,BNCI2014_001,288,False,0.4989302347165619,0.6920777198694723,ELIGIBLE
GROUP-dc9eb6cd78355498208f,subject_id,7,288,False,0.4989302347165619,0.6920777198694723,ELIGIBLE
GROUP-dc9eb6cd78355498208f,session_id,0train,144,False,0.49804183765442595,0.6911849992061182,ELIGIBLE
GROUP-dc9eb6cd78355498208f,session_id,1test,144,False,0.49981863177869773,0.6929704405328262,ELIGIBLE
GROUP-dc9eb6cd78355498208f,model_id,SSL-CBRAMOD:CBraMod-HF-Braindecode-GovernedP02-R6Scale1e4:P02-A0-BNCI2014_001-SSL-CBRAMOD-P01-L1-LOW-CAL-OFFICIAL-R2:4_PER_CLASS-MR02,288,False,0.4989302347165619,0.6920777198694723,ELIGIBLE
GROUP-dc9eb6cd78355498208f,branch_id,__MISSING__,288,False,0.4989302347165619,0.6920777198694723,ELIGIBLE
GROUP-dc9eb6cd78355498208f,budget_id,P01-L1-LOW-CAL-OFFICIAL-R2:4_PER_CLASS,288,False,0.4989302347165619,0.6920777198694723,ELIGIBLE
GROUP-dc9eb6cd78355498208f,split_id,IHARQ-SPLITRECORD-20260806-e4e371d332c61e36,288,False,0.4989302347165619,0.6920777198694723,ELIGIBLE
GROUP-dc9eb6cd78355498208f,calibration_method_id,__MISSING__,288,False,0.4989302347165619,0.6920777198694723,ELIGIBLE
GROUP-e433e5c52650f7ef84e3,dataset_id,BNCI2014_001,288,False,0.49952572006599283,0.6926727532527371,ELIGIBLE
GROUP-e433e5c52650f7ef84e3,subject_id,7,288,False,0.49952572006599283,0.6926727532527371,ELIGIBLE
GROUP-e433e5c52650f7ef84e3,session_id,0train,144,False,0.497643704008204,0.6907903861025867,ELIGIBLE
GROUP-e433e5c52650f7ef84e3,session_id,1test,144,False,0.5014077361237818,0.6945551204028876,ELIGIBLE
GROUP-e433e5c52650f7ef84e3,model_id,SSL-CBRAMOD:CBraMod-HF-Braindecode-GovernedP02-R6Scale1e4:P02-A0-BNCI2014_001-SSL-CBRAMOD-P01-L1-LOW-CAL-OFFICIAL-R2:4_PER_CLASS-MR03,288,False,0.49952572006599283,0.6926727532527371,ELIGIBLE
GROUP-e433e5c52650f7ef84e3,branch_id,__MISSING__,288,False,0.49952572006599283,0.6926727532527371,ELIGIBLE
GROUP-e433e5c52650f7ef84e3,budget_id,P01-L1-LOW-CAL-OFFICIAL-R2:4_PER_CLASS,288,False,0.49952572006599283,0.6926727532527371,ELIGIBLE
GROUP-e433e5c52650f7ef84e3,split_id,IHARQ-SPLITRECORD-20260806-e4e371d332c61e36,288,False,0.49952572006599283,0.6926727532527371,ELIGIBLE
GROUP-e433e5c52650f7ef84e3,calibration_method_id,__MISSING__,288,False,0.49952572006599283,0.6926727532527371,ELIGIBLE
GROUP-07d91db9e4936a47a7b3,dataset_id,BNCI2014_001,288,False,0.5000731601339184,0.6932204339847943,ELIGIBLE
GROUP-07d91db9e4936a47a7b3,subject_id,7,288,False,0.5000731601339184,0.6932204339847943,ELIGIBLE
GROUP-07d91db9e4936a47a7b3,session_id,0train,144,False,0.49992423887541393,0.6930714794455236,ELIGIBLE
GROUP-07d91db9e4936a47a7b3,session_id,1test,144,False,0.5002220813924229,0.6933693885240648,ELIGIBLE
GROUP-07d91db9e4936a47a7b3,model_id,SSL-CBRAMOD:CBraMod-HF-Braindecode-GovernedP02-R6Scale1e4:P02-A0-BNCI2014_001-SSL-CBRAMOD-P01-L1-LOW-CAL-OFFICIAL-R2:4_PER_CLASS-MR04,288,False,0.5000731601339184,0.6932204339847943,ELIGIBLE
GROUP-07d91db9e4936a47a7b3,branch_id,__MISSING__,288,False,0.5000731601339184,0.6932204339847943,ELIGIBLE
GROUP-07d91db9e4936a47a7b3,budget_id,P01-L1-LOW-CAL-OFFICIAL-R2:4_PER_CLASS,288,False,0.5000731601339184,0.6932204339847943,ELIGIBLE
GROUP-07d91db9e4936a47a7b3,split_id,IHARQ-SPLITRECORD-20260806-e4e371d332c61e36,288,False,0.5000731601339184,0.6932204339847943,ELIGIBLE
GROUP-07d91db9e4936a47a7b3,calibration_method_id,__MISSING__,288,False,0.5000731601339184,0.6932204339847943,ELIGIBLE
GROUP-865a459ca9594cf11e26,dataset_id,BNCI2014_001,288,False,0.4958954504975477,0.6890428628578531,ELIGIBLE
GROUP-865a459ca9594cf11e26,subject_id,7,288,False,0.4958954504975477,0.6890428628578531,ELIGIBLE
GROUP-865a459ca9594cf11e26,session_id,0train,144,False,0.4958909650026706,0.6890554519717744,ELIGIBLE
GROUP-865a459ca9594cf11e26,session_id,1test,144,False,0.49589993599242477,0.6890302737439318,ELIGIBLE
GROUP-865a459ca9594cf11e26,model_id,SSL-CBRAMOD:CBraMod-HF-Braindecode-GovernedP02-R6Scale1e4:P02-A0-BNCI2014_001-SSL-CBRAMOD-P01-L1-LOW-CAL-OFFICIAL-R2:8_PER_CLASS-MR00,288,False,0.4958954504975477,0.6890428628578531,ELIGIBLE
GROUP-865a459ca9594cf11e26,branch_id,__MISSING__,288,False,0.4958954504975477,0.6890428628578531,ELIGIBLE
GROUP-865a459ca9594cf11e26,budget_id,P01-L1-LOW-CAL-OFFICIAL-R2:8_PER_CLASS,288,False,0.4958954504975477,0.6890428628578531,ELIGIBLE
GROUP-865a459ca9594cf11e26,split_id,IHARQ-SPLITRECORD-20260806-e4e371d332c61e36,288,False,0.4958954504975477,0.6890428628578531,ELIGIBLE
GROUP-865a459ca9594cf11e26,calibration_method_id,__MISSING__,288,False,0.4958954504975477,0.6890428628578531,ELIGIBLE
GROUP-79b028dbbfc09ca8b5c4,dataset_id,BNCI2014_001,288,False,0.49805156334594236,0.6911939581885966,ELIGIBLE
GROUP-79b028dbbfc09ca8b5c4,subject_id,7,288,False,0.49805156334594236,0.6911939581885966,ELIGIBLE
GROUP-79b028dbbfc09ca8b5c4,session_id,0train,144,False,0.4976237052882714,0.6907682961051679,ELIGIBLE
GROUP-79b028dbbfc09ca8b5c4,session_id,1test,144,False,0.4984794214036135,0.6916196202720255,ELIGIBLE
GROUP-79b028dbbfc09ca8b5c4,model_id,SSL-CBRAMOD:CBraMod-HF-Braindecode-GovernedP02-R6Scale1e4:P02-A0-BNCI2014_001-SSL-CBRAMOD-P01-L1-LOW-CAL-OFFICIAL-R2:8_PER_CLASS-MR01,288,False,0.49805156334594236,0.6911939581885966,ELIGIBLE
GROUP-79b028dbbfc09ca8b5c4,branch_id,__MISSING__,288,False,0.49805156334594236,0.6911939581885966,ELIGIBLE
GROUP-79b028dbbfc09ca8b5c4,budget_id,P01-L1-LOW-CAL-OFFICIAL-R2:8_PER_CLASS,288,False,0.49805156334594236,0.6911939581885966,ELIGIBLE
GROUP-79b028dbbfc09ca8b5c4,split_id,IHARQ-SPLITRECORD-20260806-e4e371d332c61e36,288,False,0.49805156334594236,0.6911939581885966,ELIGIBLE
GROUP-79b028dbbfc09ca8b5c4,calibration_method_id,__MISSING__,288,False,0.49805156334594236,0.6911939581885966,ELIGIBLE
GROUP-5795e76a65c9c46adafa,dataset_id,BNCI2014_001,288,False,0.5004607468982767,0.6936070627174971,ELIGIBLE
GROUP-5795e76a65c9c46adafa,subject_id,7,288,False,0.5004607468982767,0.6936070627174971,ELIGIBLE
GROUP-5795e76a65c9c46adafa,session_id,0train,144,False,0.501436680949284,0.6945842747707082,ELIGIBLE
GROUP-5795e76a65c9c46adafa,session_id,1test,144,False,0.49948481284726953,0.692629850664286,ELIGIBLE
GROUP-5795e76a65c9c46adafa,model_id,SSL-CBRAMOD:CBraMod-HF-Braindecode-GovernedP02-R6Scale1e4:P02-A0-BNCI2014_001-SSL-CBRAMOD-P01-L1-LOW-CAL-OFFICIAL-R2:8_PER_CLASS-MR02,288,False,0.5004607468982767,0.6936070627174971,ELIGIBLE
GROUP-5795e76a65c9c46adafa,branch_id,__MISSING__,288,False,0.5004607468982767,0.6936070627174971,ELIGIBLE
GROUP-5795e76a65c9c46adafa,budget_id,P01-L1-LOW-CAL-OFFICIAL-R2:8_PER_CLASS,288,False,0.5004607468982767,0.6936070627174971,ELIGIBLE
GROUP-5795e76a65c9c46adafa,split_id,IHARQ-SPLITRECORD-20260806-e4e371d332c61e36,288,False,0.5004607468982767,0.6936070627174971,ELIGIBLE
GROUP-5795e76a65c9c46adafa,calibration_method_id,__MISSING__,288,False,0.5004607468982767,0.6936070627174971,ELIGIBLE
GROUP-69c51befc5d7255d3a23,dataset_id,BNCI2014_001,288,False,0.4969463838024011,0.6900868118743825,ELIGIBLE
GROUP-69c51befc5d7255d3a23,subject_id,7,288,False,0.4969463838024011,0.6900868118743825,ELIGIBLE
GROUP-69c51befc5d7255d3a23,session_id,0train,144,False,0.4957883330736699,0.6889333270631411,ELIGIBLE
GROUP-69c51befc5d7255d3a23,session_id,1test,144,False,0.4981044345311323,0.6912402966856237,ELIGIBLE
GROUP-69c51befc5d7255d3a23,model_id,SSL-CBRAMOD:CBraMod-HF-Braindecode-GovernedP02-R6Scale1e4:P02-A0-BNCI2014_001-SSL-CBRAMOD-P01-L1-LOW-CAL-OFFICIAL-R2:8_PER_CLASS-MR03,288,False,0.4969463838024011,0.6900868118743825,ELIGIBLE
GROUP-69c51befc5d7255d3a23,branch_id,__MISSING__,288,False,0.4969463838024011,0.6900868118743825,ELIGIBLE
GROUP-69c51befc5d7255d3a23,budget_id,P01-L1-LOW-CAL-OFFICIAL-R2:8_PER_CLASS,288,False,0.4969463838024011,0.6900868118743825,ELIGIBLE
GROUP-69c51befc5d7255d3a23,split_id,IHARQ-SPLITRECORD-20260806-e4e371d332c61e36,288,False,0.4969463838024011,0.6900868118743825,ELIGIBLE
GROUP-69c51befc5d7255d3a23,calibration_method_id,__MISSING__,288,False,0.4969463838024011,0.6900868118743825,ELIGIBLE
GROUP-43e7f79bffd0eeabdc96,dataset_id,BNCI2014_001,288,False,0.49930088925669985,0.69244763030324,ELIGIBLE
GROUP-43e7f79bffd0eeabdc96,subject_id,7,288,False,0.49930088925669985,0.69244763030324,ELIGIBLE
GROUP-43e7f79bffd0eeabdc96,session_id,0train,144,False,0.4992949274285194,0.6924417118725851,ELIGIBLE
GROUP-43e7f79bffd0eeabdc96,session_id,1test,144,False,0.4993068510848803,0.6924535487338949,ELIGIBLE
GROUP-43e7f79bffd0eeabdc96,model_id,SSL-CBRAMOD:CBraMod-HF-Braindecode-GovernedP02-R6Scale1e4:P02-A0-BNCI2014_001-SSL-CBRAMOD-P01-L1-LOW-CAL-OFFICIAL-R2:8_PER_CLASS-MR04,288,False,0.49930088925669985,0.69244763030324,ELIGIBLE
GROUP-43e7f79bffd0eeabdc96,branch_id,__MISSING__,288,False,0.49930088925669985,0.69244763030324,ELIGIBLE
GROUP-43e7f79bffd0eeabdc96,budget_id,P01-L1-LOW-CAL-OFFICIAL-R2:8_PER_CLASS,288,False,0.49930088925669985,0.69244763030324,ELIGIBLE
GROUP-43e7f79bffd0eeabdc96,split_id,IHARQ-SPLITRECORD-20260806-e4e371d332c61e36,288,False,0.49930088925669985,0.69244763030324,ELIGIBLE
GROUP-43e7f79bffd0eeabdc96,calibration_method_id,__MISSING__,288,False,0.49930088925669985,0.69244763030324,ELIGIBLE
GROUP-c6b17ba06a40ecfbaf8f,dataset_id,Lee2019_MI,600,False,0.419264337604251,0.6074301370434817,ELIGIBLE
GROUP-c6b17ba06a40ecfbaf8f,subject_id,15,100,False,0.5000292914719702,0.6932441688004813,ELIGIBLE
GROUP-c6b17ba06a40ecfbaf8f,subject_id,19,100,False,0.39168710958391273,0.5781161589781848,ELIGIBLE
GROUP-c6b17ba06a40ecfbaf8f,subject_id,3,100,False,0.31737840448417,0.49640402641243403,ELIGIBLE
GROUP-c6b17ba06a40ecfbaf8f,subject_id,30,100,False,0.57091973253492,0.7742142675135567,ELIGIBLE
GROUP-c6b17ba06a40ecfbaf8f,subject_id,36,100,False,0.17040606112368908,0.33305796864767695,ELIGIBLE
GROUP-c6b17ba06a40ecfbaf8f,subject_id,6,100,False,0.5651654264268445,0.7695442319085564,ELIGIBLE
GROUP-c6b17ba06a40ecfbaf8f,session_id,1,600,False,0.419264337604251,0.6074301370434817,ELIGIBLE
GROUP-c6b17ba06a40ecfbaf8f,model_id,CLS-CSP-LDA:CLS-CSP-LDA:P02-A0-Lee2019_MI-CLS-CSP-LDA-FULL_TRAIN-MR00,600,False,0.419264337604251,0.6074301370434817,ELIGIBLE
GROUP-c6b17ba06a40ecfbaf8f,branch_id,__MISSING__,600,False,0.419264337604251,0.6074301370434817,ELIGIBLE
GROUP-c6b17ba06a40ecfbaf8f,budget_id,FULL_TRAIN,600,False,0.419264337604251,0.6074301370434817,ELIGIBLE
GROUP-c6b17ba06a40ecfbaf8f,split_id,IHARQ-SPLITRECORD-20260806-e4e371d332c61e36,600,False,0.419264337604251,0.6074301370434817,ELIGIBLE
GROUP-c6b17ba06a40ecfbaf8f,calibration_method_id,__MISSING__,600,False,0.419264337604251,0.6074301370434817,ELIGIBLE
GROUP-f091fa46b310079a3e71,dataset_id,Lee2019_MI,600,False,0.498271650184147,0.6914144896853651,ELIGIBLE
GROUP-f091fa46b310079a3e71,subject_id,15,100,False,0.5003538838566383,0.6935012829425999,ELIGIBLE
GROUP-f091fa46b310079a3e71,subject_id,19,100,False,0.4845544934524829,0.6776720429186583,ELIGIBLE
GROUP-f091fa46b310079a3e71,subject_id,3,100,False,0.49594427553463577,0.6890873622928773,ELIGIBLE
GROUP-f091fa46b310079a3e71,subject_id,30,100,False,0.5020701452678236,0.695218879027169,ELIGIBLE
GROUP-f091fa46b310079a3e71,subject_id,36,100,False,0.5071981079300705,0.7003526056763608,ELIGIBLE
GROUP-f091fa46b310079a3e71,subject_id,6,100,False,0.4995089950632312,0.6926547652545254,ELIGIBLE
GROUP-f091fa46b310079a3e71,session_id,1,600,False,0.498271650184147,0.6914144896853651,ELIGIBLE
GROUP-f091fa46b310079a3e71,model_id,CLS-CSP-LDA:CLS-CSP-LDA:P02-A0-Lee2019_MI-CLS-CSP-LDA-P01-L1-LOW-CAL-OFFICIAL-R2:16_PER_CLASS-MR00,600,False,0.498271650184147,0.6914144896853651,ELIGIBLE
GROUP-f091fa46b310079a3e71,branch_id,__MISSING__,600,False,0.498271650184147,0.6914144896853651,ELIGIBLE
GROUP-f091fa46b310079a3e71,budget_id,P01-L1-LOW-CAL-OFFICIAL-R2:16_PER_CLASS,600,False,0.498271650184147,0.6914144896853651,ELIGIBLE
GROUP-f091fa46b310079a3e71,split_id,IHARQ-SPLITRECORD-20260806-e4e371d332c61e36,600,False,0.498271650184147,0.6914144896853651,ELIGIBLE
GROUP-f091fa46b310079a3e71,calibration_method_id,__MISSING__,600,False,0.498271650184147,0.6914144896853651,ELIGIBLE
GROUP-dc2df715365073beaba2,dataset_id,Lee2019_MI,600,False,0.4995195344588819,0.6926664264190604,ELIGIBLE
GROUP-dc2df715365073beaba2,subject_id,15,100,False,0.4936256976888393,0.6867675189571656,ELIGIBLE
GROUP-dc2df715365073beaba2,subject_id,19,100,False,0.4983655215962888,0.6915118935776055,ELIGIBLE
GROUP-dc2df715365073beaba2,subject_id,3,100,False,0.5006565796704818,0.693803948834983,ELIGIBLE
GROUP-dc2df715365073beaba2,subject_id,30,100,False,0.5015615837719037,0.694711223190904,ELIGIBLE
GROUP-dc2df715365073beaba2,subject_id,36,100,False,0.5024311352794838,0.6955789593624074,ELIGIBLE
GROUP-dc2df715365073beaba2,subject_id,6,100,False,0.5004766887462939,0.6936250145912974,ELIGIBLE
GROUP-dc2df715365073beaba2,session_id,1,600,False,0.4995195344588819,0.6926664264190604,ELIGIBLE
GROUP-dc2df715365073beaba2,model_id,CLS-CSP-LDA:CLS-CSP-LDA:P02-A0-Lee2019_MI-CLS-CSP-LDA-P01-L1-LOW-CAL-OFFICIAL-R2:2_PER_CLASS-MR00,600,False,0.4995195344588819,0.6926664264190604,ELIGIBLE
GROUP-dc2df715365073beaba2,branch_id,__MISSING__,600,False,0.4995195344588819,0.6926664264190604,ELIGIBLE
GROUP-dc2df715365073beaba2,budget_id,P01-L1-LOW-CAL-OFFICIAL-R2:2_PER_CLASS,600,False,0.4995195344588819,0.6926664264190604,ELIGIBLE
GROUP-dc2df715365073beaba2,split_id,IHARQ-SPLITRECORD-20260806-e4e371d332c61e36,600,False,0.4995195344588819,0.6926664264190604,ELIGIBLE
GROUP-dc2df715365073beaba2,calibration_method_id,__MISSING__,600,False,0.4995195344588819,0.6926664264190604,ELIGIBLE
GROUP-ae08a6dcebb524b37700,dataset_id,Lee2019_MI,600,False,0.499471243674314,0.6926184049413706,ELIGIBLE
GROUP-ae08a6dcebb524b37700,subject_id,15,100,False,0.5003394913202318,0.6934866831309623,ELIGIBLE
GROUP-ae08a6dcebb524b37700,subject_id,19,100,False,0.4994411645498641,0.6925883416991471,ELIGIBLE
GROUP-ae08a6dcebb524b37700,subject_id,3,100,False,0.49921137264828436,0.6923585030917583,ELIGIBLE
GROUP-ae08a6dcebb524b37700,subject_id,30,100,False,0.4999655242351105,0.6931127051604546,ELIGIBLE
GROUP-ae08a6dcebb524b37700,subject_id,36,100,False,0.4984950753181282,0.691642192285102,ELIGIBLE
GROUP-ae08a6dcebb524b37700,subject_id,6,100,False,0.4993748339742649,0.6925220042807986,ELIGIBLE
GROUP-ae08a6dcebb524b37700,session_id,1,600,False,0.499471243674314,0.6926184049413706,ELIGIBLE
GROUP-ae08a6dcebb524b37700,model_id,CLS-CSP-LDA:CLS-CSP-LDA:P02-A0-Lee2019_MI-CLS-CSP-LDA-P01-L1-LOW-CAL-OFFICIAL-R2:32_PER_CLASS-MR00,600,False,0.499471243674314,0.6926184049413706,ELIGIBLE
GROUP-ae08a6dcebb524b37700,branch_id,__MISSING__,600,False,0.499471243674314,0.6926184049413706,ELIGIBLE
GROUP-ae08a6dcebb524b37700,budget_id,P01-L1-LOW-CAL-OFFICIAL-R2:32_PER_CLASS,600,False,0.499471243674314,0.6926184049413706,ELIGIBLE
GROUP-ae08a6dcebb524b37700,split_id,IHARQ-SPLITRECORD-20260806-e4e371d332c61e36,600,False,0.499471243674314,0.6926184049413706,ELIGIBLE
GROUP-ae08a6dcebb524b37700,calibration_method_id,__MISSING__,600,False,0.499471243674314,0.6926184049413706,ELIGIBLE
GROUP-d140ab97c2c5a31c5ab1,dataset_id,Lee2019_MI,600,False,0.5005949541240121,0.6937436975772577,ELIGIBLE
GROUP-d140ab97c2c5a31c5ab1,subject_id,15,100,False,0.49872287142899574,0.6918676585414077,ELIGIBLE
GROUP-d140ab97c2c5a31c5ab1,subject_id,19,100,False,0.5020398767397641,0.695190337274355,ELIGIBLE
GROUP-d140ab97c2c5a31c5ab1,subject_id,3,100,False,0.5001309274611145,0.6932766108011126,ELIGIBLE
GROUP-d140ab97c2c5a31c5ab1,subject_id,30,100,False,0.5009539443182903,0.6941032558227495,ELIGIBLE
GROUP-d140ab97c2c5a31c5ab1,subject_id,36,100,False,0.5013184213838268,0.6944710927488176,ELIGIBLE
GROUP-d140ab97c2c5a31c5ab1,subject_id,6,100,False,0.5004036834120815,0.6935532302751042,ELIGIBLE
GROUP-d140ab97c2c5a31c5ab1,session_id,1,600,False,0.5005949541240121,0.6937436975772577,ELIGIBLE
GROUP-d140ab97c2c5a31c5ab1,model_id,CLS-CSP-LDA:CLS-CSP-LDA:P02-A0-Lee2019_MI-CLS-CSP-LDA-P01-L1-LOW-CAL-OFFICIAL-R2:4_PER_CLASS-MR00,600,False,0.5005949541240121,0.6937436975772577,ELIGIBLE
GROUP-d140ab97c2c5a31c5ab1,branch_id,__MISSING__,600,False,0.5005949541240121,0.6937436975772577,ELIGIBLE
GROUP-d140ab97c2c5a31c5ab1,budget_id,P01-L1-LOW-CAL-OFFICIAL-R2:4_PER_CLASS,600,False,0.5005949541240121,0.6937436975772577,ELIGIBLE
GROUP-d140ab97c2c5a31c5ab1,split_id,IHARQ-SPLITRECORD-20260806-e4e371d332c61e36,600,False,0.5005949541240121,0.6937436975772577,ELIGIBLE
GROUP-d140ab97c2c5a31c5ab1,calibration_method_id,__MISSING__,600,False,0.5005949541240121,0.6937436975772577,ELIGIBLE
GROUP-a08fd379834fdee476a9,dataset_id,Lee2019_MI,600,False,0.49952648574651204,0.6926736400882461,ELIGIBLE
GROUP-a08fd379834fdee476a9,subject_id,15,100,False,0.49987776467570144,0.6930249551186575,ELIGIBLE
GROUP-a08fd379834fdee476a9,subject_id,19,100,False,0.5006854664496869,0.693832672040229,ELIGIBLE
GROUP-a08fd379834fdee476a9,subject_id,3,100,False,0.49936186030600277,0.6925089449847626,ELIGIBLE
GROUP-a08fd379834fdee476a9,subject_id,30,100,False,0.4999201748945208,0.6930673708296307,ELIGIBLE
GROUP-a08fd379834fdee476a9,subject_id,36,100,False,0.49784186934299485,0.6909889119378262,ELIGIBLE
GROUP-a08fd379834fdee476a9,subject_id,6,100,False,0.4994717788101657,0.6926189856183709,ELIGIBLE
GROUP-a08fd379834fdee476a9,session_id,1,600,False,0.49952648574651204,0.6926736400882461,ELIGIBLE
GROUP-a08fd379834fdee476a9,model_id,CLS-CSP-LDA:CLS-CSP-LDA:P02-A0-Lee2019_MI-CLS-CSP-LDA-P01-L1-LOW-CAL-OFFICIAL-R2:8_PER_CLASS-MR00,600,False,0.49952648574651204,0.6926736400882461,ELIGIBLE
GROUP-a08fd379834fdee476a9,branch_id,__MISSING__,600,False,0.49952648574651204,0.6926736400882461,ELIGIBLE
GROUP-a08fd379834fdee476a9,budget_id,P01-L1-LOW-CAL-OFFICIAL-R2:8_PER_CLASS,600,False,0.49952648574651204,0.6926736400882461,ELIGIBLE
GROUP-a08fd379834fdee476a9,split_id,IHARQ-SPLITRECORD-20260806-e4e371d332c61e36,600,False,0.49952648574651204,0.6926736400882461,ELIGIBLE
GROUP-a08fd379834fdee476a9,calibration_method_id,__MISSING__,600,False,0.49952648574651204,0.6926736400882461,ELIGIBLE
GROUP-7f59de2f08905068f8ee,dataset_id,Lee2019_MI,600,False,0.4360285705695626,0.6224185247404489,ELIGIBLE
GROUP-7f59de2f08905068f8ee,subject_id,15,100,False,0.5368691581102919,0.7339804510989033,ELIGIBLE
GROUP-7f59de2f08905068f8ee,subject_id,19,100,False,0.4319881565483451,0.6205163103704948,ELIGIBLE
GROUP-7f59de2f08905068f8ee,subject_id,3,100,False,0.27379421866249165,0.4463024487433112,ELIGIBLE
GROUP-7f59de2f08905068f8ee,subject_id,30,100,False,0.3988505837069337,0.5880393458559835,ELIGIBLE
GROUP-7f59de2f08905068f8ee,subject_id,36,100,False,0.4483714326875574,0.6262766305598332,ELIGIBLE
GROUP-7f59de2f08905068f8ee,subject_id,6,100,False,0.5262978737017562,0.7193959618141673,ELIGIBLE
GROUP-7f59de2f08905068f8ee,session_id,1,600,False,0.4360285705695626,0.6224185247404489,ELIGIBLE
GROUP-7f59de2f08905068f8ee,model_id,CLS-FBCSP-LR:CLS-FBCSP-LR:P02-A0-Lee2019_MI-CLS-FBCSP-LR-FULL_TRAIN-MR00,600,False,0.4360285705695626,0.6224185247404489,ELIGIBLE
GROUP-7f59de2f08905068f8ee,branch_id,__MISSING__,600,False,0.4360285705695626,0.6224185247404489,ELIGIBLE
GROUP-7f59de2f08905068f8ee,budget_id,FULL_TRAIN,600,False,0.4360285705695626,0.6224185247404489,ELIGIBLE
GROUP-7f59de2f08905068f8ee,split_id,IHARQ-SPLITRECORD-20260806-e4e371d332c61e36,600,False,0.4360285705695626,0.6224185247404489,ELIGIBLE
GROUP-7f59de2f08905068f8ee,calibration_method_id,__MISSING__,600,False,0.4360285705695626,0.6224185247404489,ELIGIBLE
GROUP-25261f9fdf8f8358a7ae,dataset_id,Lee2019_MI,600,False,0.3635466883097465,0.5374222756608888,ELIGIBLE
GROUP-25261f9fdf8f8358a7ae,subject_id,15,100,False,0.582650132321346,0.7877894688895632,ELIGIBLE
GROUP-25261f9fdf8f8358a7ae,subject_id,19,100,False,0.34120649311549367,0.522567445320444,ELIGIBLE
GROUP-25261f9fdf8f8358a7ae,subject_id,3,100,False,0.224157014059153,0.36880685488153075,ELIGIBLE
GROUP-25261f9fdf8f8358a7ae,subject_id,30,100,False,0.42811146952705587,0.6168173894753249,ELIGIBLE
GROUP-25261f9fdf8f8358a7ae,subject_id,36,100,False,0.13392651525896115,0.25981284015159034,ELIGIBLE
GROUP-25261f9fdf8f8358a7ae,subject_id,6,100,False,0.4712285055764694,0.6687396552468798,ELIGIBLE
GROUP-25261f9fdf8f8358a7ae,session_id,1,600,False,0.3635466883097465,0.5374222756608888,ELIGIBLE
GROUP-25261f9fdf8f8358a7ae,model_id,DNN-EEGNET:EEGNet-R7-LAWHERN-SMR-P01-160HZ:P02-A0-Lee2019_MI-DNN-EEGNET-FULL_TRAIN-MR00,600,False,0.3635466883097465,0.5374222756608888,ELIGIBLE
GROUP-25261f9fdf8f8358a7ae,branch_id,__MISSING__,600,False,0.3635466883097465,0.5374222756608888,ELIGIBLE
GROUP-25261f9fdf8f8358a7ae,budget_id,FULL_TRAIN,600,False,0.3635466883097465,0.5374222756608888,ELIGIBLE
GROUP-25261f9fdf8f8358a7ae,split_id,IHARQ-SPLITRECORD-20260806-e4e371d332c61e36,600,False,0.3635466883097465,0.5374222756608888,ELIGIBLE
GROUP-25261f9fdf8f8358a7ae,calibration_method_id,__MISSING__,600,False,0.3635466883097465,0.5374222756608888,ELIGIBLE
GROUP-bce6a063beedfe4a65d2,dataset_id,Lee2019_MI,600,False,0.34758826291902306,0.5107903656098529,ELIGIBLE
GROUP-bce6a063beedfe4a65d2,subject_id,15,100,False,0.538842877689933,0.7355849950646105,ELIGIBLE
GROUP-bce6a063beedfe4a65d2,subject_id,19,100,False,0.31934860558028466,0.4930658295460959,ELIGIBLE
GROUP-bce6a063beedfe4a65d2,subject_id,3,100,False,0.21045767441569757,0.33697297589019115,ELIGIBLE
GROUP-bce6a063beedfe4a65d2,subject_id,30,100,False,0.4285527591300321,0.6145355842454724,ELIGIBLE
GROUP-bce6a063beedfe4a65d2,subject_id,36,100,False,0.12109619464733934,0.22153961617545728,ELIGIBLE
GROUP-bce6a063beedfe4a65d2,subject_id,6,100,False,0.46723146605085175,0.6630431927372906,ELIGIBLE
GROUP-bce6a063beedfe4a65d2,session_id,1,600,False,0.34758826291902306,0.5107903656098529,ELIGIBLE
GROUP-bce6a063beedfe4a65d2,model_id,DNN-EEGNET:EEGNet-R7-LAWHERN-SMR-P01-160HZ:P02-A0-Lee2019_MI-DNN-EEGNET-FULL_TRAIN-MR01,600,False,0.34758826291902306,0.5107903656098529,ELIGIBLE
GROUP-bce6a063beedfe4a65d2,branch_id,__MISSING__,600,False,0.34758826291902306,0.5107903656098529,ELIGIBLE
GROUP-bce6a063beedfe4a65d2,budget_id,FULL_TRAIN,600,False,0.34758826291902306,0.5107903656098529,ELIGIBLE
GROUP-bce6a063beedfe4a65d2,split_id,IHARQ-SPLITRECORD-20260806-e4e371d332c61e36,600,False,0.34758826291902306,0.5107903656098529,ELIGIBLE
GROUP-bce6a063beedfe4a65d2,calibration_method_id,__MISSING__,600,False,0.34758826291902306,0.5107903656098529,ELIGIBLE
GROUP-662a4e8752d28c5ca908,dataset_id,Lee2019_MI,600,False,0.36611157671969274,0.5466008900817477,ELIGIBLE
GROUP-662a4e8752d28c5ca908,subject_id,15,100,False,0.5824959583142147,0.7993021058263997,ELIGIBLE
GROUP-662a4e8752d28c5ca908,subject_id,19,100,False,0.30890862944024194,0.4792860889329841,ELIGIBLE
GROUP-662a4e8752d28c5ca908,subject_id,3,100,False,0.1983426310150142,0.346486598539532,ELIGIBLE
GROUP-662a4e8752d28c5ca908,subject_id,30,100,False,0.44770020561136337,0.6425442210394631,ELIGIBLE
GROUP-662a4e8752d28c5ca908,subject_id,36,100,False,0.13805486818561247,0.2787320341916356,ELIGIBLE
GROUP-662a4e8752d28c5ca908,subject_id,6,100,False,0.5211671677517097,0.7332542919604721,ELIGIBLE
GROUP-662a4e8752d28c5ca908,session_id,1,600,False,0.36611157671969274,0.5466008900817477,ELIGIBLE
GROUP-662a4e8752d28c5ca908,model_id,DNN-EEGNET:EEGNet-R7-LAWHERN-SMR-P01-160HZ:P02-A0-Lee2019_MI-DNN-EEGNET-FULL_TRAIN-MR02,600,False,0.36611157671969274,0.5466008900817477,ELIGIBLE
GROUP-662a4e8752d28c5ca908,branch_id,__MISSING__,600,False,0.36611157671969274,0.5466008900817477,ELIGIBLE
GROUP-662a4e8752d28c5ca908,budget_id,FULL_TRAIN,600,False,0.36611157671969274,0.5466008900817477,ELIGIBLE
GROUP-662a4e8752d28c5ca908,split_id,IHARQ-SPLITRECORD-20260806-e4e371d332c61e36,600,False,0.36611157671969274,0.5466008900817477,ELIGIBLE
GROUP-662a4e8752d28c5ca908,calibration_method_id,__MISSING__,600,False,0.36611157671969274,0.5466008900817477,ELIGIBLE
GROUP-cf134b39c8e14e9124b1,dataset_id,Lee2019_MI,600,False,0.3555526920695277,0.5734725420746652,ELIGIBLE
GROUP-cf134b39c8e14e9124b1,subject_id,15,100,False,0.7078847876695307,1.1853559642442049,ELIGIBLE
GROUP-cf134b39c8e14e9124b1,subject_id,19,100,False,0.266336423010424,0.4125454802549969,ELIGIBLE
GROUP-cf134b39c8e14e9124b1,subject_id,3,100,False,0.19424055479796734,0.3093996459328607,ELIGIBLE
GROUP-cf134b39c8e14e9124b1,subject_id,30,100,False,0.5248431220001308,0.7858081400609435,ELIGIBLE
GROUP-cf134b39c8e14e9124b1,subject_id,36,100,False,0.02643838408585914,0.0648879366328197,ELIGIBLE
GROUP-cf134b39c8e14e9124b1,subject_id,6,100,False,0.4135728808532543,0.6828380853221659,ELIGIBLE
GROUP-cf134b39c8e14e9124b1,session_id,1,600,False,0.3555526920695277,0.5734725420746652,ELIGIBLE
GROUP-cf134b39c8e14e9124b1,model_id,DNN-EEGNET:EEGNet-R7-LAWHERN-SMR-P01-160HZ:P02-A0-Lee2019_MI-DNN-EEGNET-FULL_TRAIN-MR03,600,False,0.3555526920695277,0.5734725420746652,ELIGIBLE
GROUP-cf134b39c8e14e9124b1,branch_id,__MISSING__,600,False,0.3555526920695277,0.5734725420746652,ELIGIBLE
GROUP-cf134b39c8e14e9124b1,budget_id,FULL_TRAIN,600,False,0.3555526920695277,0.5734725420746652,ELIGIBLE
GROUP-cf134b39c8e14e9124b1,split_id,IHARQ-SPLITRECORD-20260806-e4e371d332c61e36,600,False,0.3555526920695277,0.5734725420746652,ELIGIBLE
GROUP-cf134b39c8e14e9124b1,calibration_method_id,__MISSING__,600,False,0.3555526920695277,0.5734725420746652,ELIGIBLE
GROUP-9562569b45d1a37a90e9,dataset_id,Lee2019_MI,600,False,0.3591501887220042,0.5292778270946162,ELIGIBLE
GROUP-9562569b45d1a37a90e9,subject_id,15,100,False,0.6032848028253857,0.8143822869345019,ELIGIBLE
GROUP-9562569b45d1a37a90e9,subject_id,19,100,False,0.32859398552833363,0.5040943698348598,ELIGIBLE
GROUP-9562569b45d1a37a90e9,subject_id,3,100,False,0.1773769895128692,0.30055326565924906,ELIGIBLE
GROUP-9562569b45d1a37a90e9,subject_id,30,100,False,0.4806768991402611,0.6801421168499894,ELIGIBLE
GROUP-9562569b45d1a37a90e9,subject_id,36,100,False,0.08501431829582456,0.18253360300769106,ELIGIBLE
GROUP-9562569b45d1a37a90e9,subject_id,6,100,False,0.479954137029351,0.6939613202814062,ELIGIBLE
GROUP-9562569b45d1a37a90e9,session_id,1,600,False,0.3591501887220042,0.5292778270946162,ELIGIBLE
GROUP-9562569b45d1a37a90e9,model_id,DNN-EEGNET:EEGNet-R7-LAWHERN-SMR-P01-160HZ:P02-A0-Lee2019_MI-DNN-EEGNET-FULL_TRAIN-MR04,600,False,0.3591501887220042,0.5292778270946162,ELIGIBLE
GROUP-9562569b45d1a37a90e9,branch_id,__MISSING__,600,False,0.3591501887220042,0.5292778270946162,ELIGIBLE
GROUP-9562569b45d1a37a90e9,budget_id,FULL_TRAIN,600,False,0.3591501887220042,0.5292778270946162,ELIGIBLE
GROUP-9562569b45d1a37a90e9,split_id,IHARQ-SPLITRECORD-20260806-e4e371d332c61e36,600,False,0.3591501887220042,0.5292778270946162,ELIGIBLE
GROUP-9562569b45d1a37a90e9,calibration_method_id,__MISSING__,600,False,0.3591501887220042,0.5292778270946162,ELIGIBLE
GROUP-80be855371dc61eb0edb,dataset_id,Lee2019_MI,600,False,0.49999812979473507,0.6931453103905394,ELIGIBLE
GROUP-80be855371dc61eb0edb,subject_id,15,100,False,0.5000073229333767,0.693154503450949,ELIGIBLE
GROUP-80be855371dc61eb0edb,subject_id,19,100,False,0.499986229418454,0.6931334100272091,ELIGIBLE
GROUP-80be855371dc61eb0edb,subject_id,3,100,False,0.500036384479538,0.6931835652138987,ELIGIBLE
GROUP-80be855371dc61eb0edb,subject_id,30,100,False,0.5000124405304023,0.6931596211026849,ELIGIBLE
GROUP-80be855371dc61eb0edb,subject_id,36,100,False,0.49988792337248666,0.6930351038916439,ELIGIBLE
GROUP-80be855371dc61eb0edb,subject_id,6,100,False,0.5000584780341529,0.6932056586568504,ELIGIBLE
GROUP-80be855371dc61eb0edb,session_id,1,600,False,0.49999812979473507,0.6931453103905394,ELIGIBLE
GROUP-80be855371dc61eb0edb,model_id,DNN-EEGNET:EEGNet-R7-LAWHERN-SMR-P01-160HZ:P02-A0-Lee2019_MI-DNN-EEGNET-P01-L1-LOW-CAL-OFFICIAL-R2:16_PER_CLASS-MR00,600,False,0.49999812979473507,0.6931453103905394,ELIGIBLE
GROUP-80be855371dc61eb0edb,branch_id,__MISSING__,600,False,0.49999812979473507,0.6931453103905394,ELIGIBLE
GROUP-80be855371dc61eb0edb,budget_id,P01-L1-LOW-CAL-OFFICIAL-R2:16_PER_CLASS,600,False,0.49999812979473507,0.6931453103905394,ELIGIBLE
GROUP-80be855371dc61eb0edb,split_id,IHARQ-SPLITRECORD-20260806-e4e371d332c61e36,600,False,0.49999812979473507,0.6931453103905394,ELIGIBLE
GROUP-80be855371dc61eb0edb,calibration_method_id,__MISSING__,600,False,0.49999812979473507,0.6931453103905394,ELIGIBLE
GROUP-d5f82a6b4e9085aabb63,dataset_id,Lee2019_MI,600,False,0.5047931779754896,0.6980304265823036,ELIGIBLE
GROUP-d5f82a6b4e9085aabb63,subject_id,15,100,False,0.5064887730324599,0.6996505278825496,ELIGIBLE
GROUP-d5f82a6b4e9085aabb63,subject_id,19,100,False,0.5039886400304983,0.6971426869783498,ELIGIBLE
GROUP-d5f82a6b4e9085aabb63,subject_id,3,100,False,0.5217369973415534,0.7154124752982169,ELIGIBLE
GROUP-d5f82a6b4e9085aabb63,subject_id,30,100,False,0.49927125211403983,0.6924153793984077,ELIGIBLE
GROUP-d5f82a6b4e9085aabb63,subject_id,36,100,False,0.49589967475712365,0.689038803821065,ELIGIBLE
GROUP-d5f82a6b4e9085aabb63,subject_id,6,100,False,0.5013737305772624,0.6945226861152323,ELIGIBLE
GROUP-d5f82a6b4e9085aabb63,session_id,1,600,False,0.5047931779754896,0.6980304265823036,ELIGIBLE
GROUP-d5f82a6b4e9085aabb63,model_id,DNN-EEGNET:EEGNet-R7-LAWHERN-SMR-P01-160HZ:P02-A0-Lee2019_MI-DNN-EEGNET-P01-L1-LOW-CAL-OFFICIAL-R2:16_PER_CLASS-MR01,600,False,0.5047931779754896,0.6980304265823036,ELIGIBLE
GROUP-d5f82a6b4e9085aabb63,branch_id,__MISSING__,600,False,0.5047931779754896,0.6980304265823036,ELIGIBLE
GROUP-d5f82a6b4e9085aabb63,budget_id,P01-L1-LOW-CAL-OFFICIAL-R2:16_PER_CLASS,600,False,0.5047931779754896,0.6980304265823036,ELIGIBLE
GROUP-d5f82a6b4e9085aabb63,split_id,IHARQ-SPLITRECORD-20260806-e4e371d332c61e36,600,False,0.5047931779754896,0.6980304265823036,ELIGIBLE
GROUP-d5f82a6b4e9085aabb63,calibration_method_id,__MISSING__,600,False,0.5047931779754896,0.6980304265823036,ELIGIBLE
GROUP-fe2469ba1b50774540cc,dataset_id,Lee2019_MI,600,False,0.49730069132630983,0.6904565415778755,ELIGIBLE
GROUP-fe2469ba1b50774540cc,subject_id,15,100,False,0.5045035084831553,0.697650558218945,ELIGIBLE
GROUP-fe2469ba1b50774540cc,subject_id,19,100,False,0.49157110798342835,0.6846889142453274,ELIGIBLE
GROUP-fe2469ba1b50774540cc,subject_id,3,100,False,0.49389377041354066,0.6871297042020472,ELIGIBLE
GROUP-fe2469ba1b50774540cc,subject_id,30,100,False,0.4992256676622921,0.692374153374867,ELIGIBLE
GROUP-fe2469ba1b50774540cc,subject_id,36,100,False,0.4984836663542174,0.6916276778180372,ELIGIBLE
GROUP-fe2469ba1b50774540cc,subject_id,6,100,False,0.49612642706122484,0.6892682416080288,ELIGIBLE
GROUP-fe2469ba1b50774540cc,session_id,1,600,False,0.49730069132630983,0.6904565415778755,ELIGIBLE
GROUP-fe2469ba1b50774540cc,model_id,DNN-EEGNET:EEGNet-R7-LAWHERN-SMR-P01-160HZ:P02-A0-Lee2019_MI-DNN-EEGNET-P01-L1-LOW-CAL-OFFICIAL-R2:16_PER_CLASS-MR02,600,False,0.49730069132630983,0.6904565415778755,ELIGIBLE
GROUP-fe2469ba1b50774540cc,branch_id,__MISSING__,600,False,0.49730069132630983,0.6904565415778755,ELIGIBLE
GROUP-fe2469ba1b50774540cc,budget_id,P01-L1-LOW-CAL-OFFICIAL-R2:16_PER_CLASS,600,False,0.49730069132630983,0.6904565415778755,ELIGIBLE
GROUP-fe2469ba1b50774540cc,split_id,IHARQ-SPLITRECORD-20260806-e4e371d332c61e36,600,False,0.49730069132630983,0.6904565415778755,ELIGIBLE
GROUP-fe2469ba1b50774540cc,calibration_method_id,__MISSING__,600,False,0.49730069132630983,0.6904565415778755,ELIGIBLE
GROUP-a0aed81f764be082e873,dataset_id,Lee2019_MI,600,False,0.5000127706980328,0.6931599512580677,ELIGIBLE
GROUP-a0aed81f764be082e873,subject_id,15,100,False,0.5000166970135891,0.6931638775759505,ELIGIBLE
GROUP-a0aed81f764be082e873,subject_id,19,100,False,0.5000289438986506,0.6931761244615793,ELIGIBLE
GROUP-a0aed81f764be082e873,subject_id,3,100,False,0.5000289494340884,0.6931761299891338,ELIGIBLE
GROUP-a0aed81f764be082e873,subject_id,30,100,False,0.5000102822150402,0.6931574627753052,ELIGIBLE
GROUP-a0aed81f764be082e873,subject_id,36,100,False,0.49994913019738185,0.6930963107551762,ELIGIBLE
GROUP-a0aed81f764be082e873,subject_id,6,100,False,0.500042621429447,0.6931898019912621,ELIGIBLE
GROUP-a0aed81f764be082e873,session_id,1,600,False,0.5000127706980328,0.6931599512580677,ELIGIBLE
GROUP-a0aed81f764be082e873,model_id,DNN-EEGNET:EEGNet-R7-LAWHERN-SMR-P01-160HZ:P02-A0-Lee2019_MI-DNN-EEGNET-P01-L1-LOW-CAL-OFFICIAL-R2:16_PER_CLASS-MR03,600,False,0.5000127706980328,0.6931599512580677,ELIGIBLE
GROUP-a0aed81f764be082e873,branch_id,__MISSING__,600,False,0.5000127706980328,0.6931599512580677,ELIGIBLE
GROUP-a0aed81f764be082e873,budget_id,P01-L1-LOW-CAL-OFFICIAL-R2:16_PER_CLASS,600,False,0.5000127706980328,0.6931599512580677,ELIGIBLE
GROUP-a0aed81f764be082e873,split_id,IHARQ-SPLITRECORD-20260806-e4e371d332c61e36,600,False,0.5000127706980328,0.6931599512580677,ELIGIBLE
GROUP-a0aed81f764be082e873,calibration_method_id,__MISSING__,600,False,0.5000127706980328,0.6931599512580677,ELIGIBLE
GROUP-47bd153c4e3870d7aa09,dataset_id,Lee2019_MI,600,False,0.5022750411284663,0.6954246127180111,ELIGIBLE
GROUP-47bd153c4e3870d7aa09,subject_id,15,100,False,0.5034293999463106,0.6965787646455603,ELIGIBLE
GROUP-47bd153c4e3870d7aa09,subject_id,19,100,False,0.4999202953464576,0.6930686264191216,ELIGIBLE
GROUP-47bd153c4e3870d7aa09,subject_id,3,100,False,0.5073226446795658,0.7004756428524999,ELIGIBLE
GROUP-47bd153c4e3870d7aa09,subject_id,30,100,False,0.5011965363135674,0.6943451358821957,ELIGIBLE
GROUP-47bd153c4e3870d7aa09,subject_id,36,100,False,0.5028048440251335,0.695956721377276,ELIGIBLE
GROUP-47bd153c4e3870d7aa09,subject_id,6,100,False,0.49897652645976337,0.6921227851314129,ELIGIBLE
GROUP-47bd153c4e3870d7aa09,session_id,1,600,False,0.5022750411284663,0.6954246127180111,ELIGIBLE
GROUP-47bd153c4e3870d7aa09,model_id,DNN-EEGNET:EEGNet-R7-LAWHERN-SMR-P01-160HZ:P02-A0-Lee2019_MI-DNN-EEGNET-P01-L1-LOW-CAL-OFFICIAL-R2:16_PER_CLASS-MR04,600,False,0.5022750411284663,0.6954246127180111,ELIGIBLE
GROUP-47bd153c4e3870d7aa09,branch_id,__MISSING__,600,False,0.5022750411284663,0.6954246127180111,ELIGIBLE
GROUP-47bd153c4e3870d7aa09,budget_id,P01-L1-LOW-CAL-OFFICIAL-R2:16_PER_CLASS,600,False,0.5022750411284663,0.6954246127180111,ELIGIBLE
GROUP-47bd153c4e3870d7aa09,split_id,IHARQ-SPLITRECORD-20260806-e4e371d332c61e36,600,False,0.5022750411284663,0.6954246127180111,ELIGIBLE
GROUP-47bd153c4e3870d7aa09,calibration_method_id,__MISSING__,600,False,0.5022750411284663,0.6954246127180111,ELIGIBLE
GROUP-cd7f962dee2455d16980,dataset_id,Lee2019_MI,600,False,0.4999929042984224,0.6931400852785823,ELIGIBLE
GROUP-cd7f962dee2455d16980,subject_id,15,100,False,0.4999446029656122,0.6930917834295619,ELIGIBLE
GROUP-cd7f962dee2455d16980,subject_id,19,100,False,0.49991975769591657,0.6930669381693626,ELIGIBLE
GROUP-cd7f962dee2455d16980,subject_id,3,100,False,0.500266373346742,0.6934135573467257,ELIGIBLE
GROUP-cd7f962dee2455d16980,subject_id,30,100,False,0.49996460389807834,0.6931117845225194,ELIGIBLE
GROUP-cd7f962dee2455d16980,subject_id,36,100,False,0.49997548815920195,0.6931226686537003,ELIGIBLE
GROUP-cd7f962dee2455d16980,subject_id,6,100,False,0.4998865997249834,0.6930337795496238,ELIGIBLE
GROUP-cd7f962dee2455d16980,session_id,1,600,False,0.4999929042984224,0.6931400852785823,ELIGIBLE
GROUP-cd7f962dee2455d16980,model_id,DNN-EEGNET:EEGNet-R7-LAWHERN-SMR-P01-160HZ:P02-A0-Lee2019_MI-DNN-EEGNET-P01-L1-LOW-CAL-OFFICIAL-R2:1_PER_CLASS-MR00,600,False,0.4999929042984224,0.6931400852785823,ELIGIBLE
GROUP-cd7f962dee2455d16980,branch_id,__MISSING__,600,False,0.4999929042984224,0.6931400852785823,ELIGIBLE
GROUP-cd7f962dee2455d16980,budget_id,P01-L1-LOW-CAL-OFFICIAL-R2:1_PER_CLASS,600,False,0.4999929042984224,0.6931400852785823,ELIGIBLE
GROUP-cd7f962dee2455d16980,split_id,IHARQ-SPLITRECORD-20260806-e4e371d332c61e36,600,False,0.4999929042984224,0.6931400852785823,ELIGIBLE
GROUP-cd7f962dee2455d16980,calibration_method_id,__MISSING__,600,False,0.4999929042984224,0.6931400852785823,ELIGIBLE
GROUP-81d9cd0345d974304d35,dataset_id,Lee2019_MI,600,False,0.5010635572941191,0.6942101892786467,ELIGIBLE
GROUP-81d9cd0345d974304d35,subject_id,15,100,False,0.5054236918188196,0.6985731068708454,ELIGIBLE
GROUP-81d9cd0345d974304d35,subject_id,19,100,False,0.5003024352807672,0.6934496321080281,ELIGIBLE
GROUP-81d9cd0345d974304d35,subject_id,3,100,False,0.4993207173347865,0.6924617066946998,ELIGIBLE
GROUP-81d9cd0345d974304d35,subject_id,30,100,False,0.5018405861020543,0.6949883597854492,ELIGIBLE
GROUP-81d9cd0345d974304d35,subject_id,36,100,False,0.4989990294880493,0.6921462299721228,ELIGIBLE
GROUP-81d9cd0345d974304d35,subject_id,6,100,False,0.5004948837402382,0.6936421002407351,ELIGIBLE
GROUP-81d9cd0345d974304d35,session_id,1,600,False,0.5010635572941191,0.6942101892786467,ELIGIBLE
GROUP-81d9cd0345d974304d35,model_id,DNN-EEGNET:EEGNet-R7-LAWHERN-SMR-P01-160HZ:P02-A0-Lee2019_MI-DNN-EEGNET-P01-L1-LOW-CAL-OFFICIAL-R2:1_PER_CLASS-MR01,600,False,0.5010635572941191,0.6942101892786467,ELIGIBLE
GROUP-81d9cd0345d974304d35,branch_id,__MISSING__,600,False,0.5010635572941191,0.6942101892786467,ELIGIBLE
GROUP-81d9cd0345d974304d35,budget_id,P01-L1-LOW-CAL-OFFICIAL-R2:1_PER_CLASS,600,False,0.5010635572941191,0.6942101892786467,ELIGIBLE
GROUP-81d9cd0345d974304d35,split_id,IHARQ-SPLITRECORD-20260806-e4e371d332c61e36,600,False,0.5010635572941191,0.6942101892786467,ELIGIBLE
GROUP-81d9cd0345d974304d35,calibration_method_id,__MISSING__,600,False,0.5010635572941191,0.6942101892786467,ELIGIBLE
GROUP-eda5047d868a03a71581,dataset_id,Lee2019_MI,600,False,0.5000020733646199,0.6931492539389285,ELIGIBLE
GROUP-eda5047d868a03a71581,subject_id,15,100,False,0.5001154633104865,0.6932626439096654,ELIGIBLE
GROUP-eda5047d868a03a71581,subject_id,19,100,False,0.4999262805686467,0.6930734611172832,ELIGIBLE
GROUP-eda5047d868a03a71581,subject_id,3,100,False,0.5000811366905141,0.6932283173387204,ELIGIBLE
GROUP-eda5047d868a03a71581,subject_id,30,100,False,0.5000121365941728,0.6931593171522608,ELIGIBLE
GROUP-eda5047d868a03a71581,subject_id,36,100,False,0.5000013909871476,0.6931485715375768,ELIGIBLE
GROUP-eda5047d868a03a71581,subject_id,6,100,False,0.49987603203675157,0.6930232125780649,ELIGIBLE
GROUP-eda5047d868a03a71581,session_id,1,600,False,0.5000020733646199,0.6931492539389285,ELIGIBLE
GROUP-eda5047d868a03a71581,model_id,DNN-EEGNET:EEGNet-R7-LAWHERN-SMR-P01-160HZ:P02-A0-Lee2019_MI-DNN-EEGNET-P01-L1-LOW-CAL-OFFICIAL-R2:1_PER_CLASS-MR02,600,False,0.5000020733646199,0.6931492539389285,ELIGIBLE
GROUP-eda5047d868a03a71581,branch_id,__MISSING__,600,False,0.5000020733646199,0.6931492539389285,ELIGIBLE
GROUP-eda5047d868a03a71581,budget_id,P01-L1-LOW-CAL-OFFICIAL-R2:1_PER_CLASS,600,False,0.5000020733646199,0.6931492539389285,ELIGIBLE
GROUP-eda5047d868a03a71581,split_id,IHARQ-SPLITRECORD-20260806-e4e371d332c61e36,600,False,0.5000020733646199,0.6931492539389285,ELIGIBLE
GROUP-eda5047d868a03a71581,calibration_method_id,__MISSING__,600,False,0.5000020733646199,0.6931492539389285,ELIGIBLE
GROUP-865d2977077b898c68ff,dataset_id,Lee2019_MI,600,False,0.4999755535405747,0.6931227341023777,ELIGIBLE
GROUP-865d2977077b898c68ff,subject_id,15,100,False,0.49993890908806443,0.6930860896424761,ELIGIBLE
GROUP-865d2977077b898c68ff,subject_id,19,100,False,0.5000057389852473,0.6931529195449742,ELIGIBLE
GROUP-865d2977077b898c68ff,subject_id,3,100,False,0.499926529083187,0.6930737096757337,ELIGIBLE
GROUP-865d2977077b898c68ff,subject_id,30,100,False,0.5000055749083367,0.6931527554674148,ELIGIBLE
GROUP-865d2977077b898c68ff,subject_id,36,100,False,0.49998403628537685,0.693131216832372,ELIGIBLE
GROUP-865d2977077b898c68ff,subject_id,6,100,False,0.49999253289323553,0.6931397134512954,ELIGIBLE
GROUP-865d2977077b898c68ff,session_id,1,600,False,0.4999755535405747,0.6931227341023777,ELIGIBLE
GROUP-865d2977077b898c68ff,model_id,DNN-EEGNET:EEGNet-R7-LAWHERN-SMR-P01-160HZ:P02-A0-Lee2019_MI-DNN-EEGNET-P01-L1-LOW-CAL-OFFICIAL-R2:1_PER_CLASS-MR03,600,False,0.4999755535405747,0.6931227341023777,ELIGIBLE
GROUP-865d2977077b898c68ff,branch_id,__MISSING__,600,False,0.4999755535405747,0.6931227341023777,ELIGIBLE
GROUP-865d2977077b898c68ff,budget_id,P01-L1-LOW-CAL-OFFICIAL-R2:1_PER_CLASS,600,False,0.4999755535405747,0.6931227341023777,ELIGIBLE
GROUP-865d2977077b898c68ff,split_id,IHARQ-SPLITRECORD-20260806-e4e371d332c61e36,600,False,0.4999755535405747,0.6931227341023777,ELIGIBLE
GROUP-865d2977077b898c68ff,calibration_method_id,__MISSING__,600,False,0.4999755535405747,0.6931227341023777,ELIGIBLE
GROUP-7f1fd19fe88b0c6f93fb,dataset_id,Lee2019_MI,600,False,0.4992573705363812,0.692404266703708,ELIGIBLE
GROUP-7f1fd19fe88b0c6f93fb,subject_id,15,100,False,0.4991049578418329,0.692251519319922,ELIGIBLE
GROUP-7f1fd19fe88b0c6f93fb,subject_id,19,100,False,0.49863071501086714,0.6917775637459834,ELIGIBLE
GROUP-7f1fd19fe88b0c6f93fb,subject_id,3,100,False,0.49966020637962594,0.6928071940871264,ELIGIBLE
GROUP-7f1fd19fe88b0c6f93fb,subject_id,30,100,False,0.4993863643227439,0.6925335829454469,ELIGIBLE
GROUP-7f1fd19fe88b0c6f93fb,subject_id,36,100,False,0.4967460842849011,0.6898918286414383,ELIGIBLE
GROUP-7f1fd19fe88b0c6f93fb,subject_id,6,100,False,0.5020158953783165,0.6951639114823317,ELIGIBLE
GROUP-7f1fd19fe88b0c6f93fb,session_id,1,600,False,0.4992573705363812,0.692404266703708,ELIGIBLE
GROUP-7f1fd19fe88b0c6f93fb,model_id,DNN-EEGNET:EEGNet-R7-LAWHERN-SMR-P01-160HZ:P02-A0-Lee2019_MI-DNN-EEGNET-P01-L1-LOW-CAL-OFFICIAL-R2:1_PER_CLASS-MR04,600,False,0.4992573705363812,0.692404266703708,ELIGIBLE
GROUP-7f1fd19fe88b0c6f93fb,branch_id,__MISSING__,600,False,0.4992573705363812,0.692404266703708,ELIGIBLE
GROUP-7f1fd19fe88b0c6f93fb,budget_id,P01-L1-LOW-CAL-OFFICIAL-R2:1_PER_CLASS,600,False,0.4992573705363812,0.692404266703708,ELIGIBLE
GROUP-7f1fd19fe88b0c6f93fb,split_id,IHARQ-SPLITRECORD-20260806-e4e371d332c61e36,600,False,0.4992573705363812,0.692404266703708,ELIGIBLE
GROUP-7f1fd19fe88b0c6f93fb,calibration_method_id,__MISSING__,600,False,0.4992573705363812,0.692404266703708,ELIGIBLE
GROUP-f1011d26b88b92798cb0,dataset_id,Lee2019_MI,600,False,0.4999993085394967,0.6931464891012056,ELIGIBLE
GROUP-f1011d26b88b92798cb0,subject_id,15,100,False,0.49999271792829825,0.6931398984882339,ELIGIBLE
GROUP-f1011d26b88b92798cb0,subject_id,19,100,False,0.4999848922770574,0.6931320728362761,ELIGIBLE
GROUP-f1011d26b88b92798cb0,subject_id,3,100,False,0.5000028140902731,0.6931499946584765,ELIGIBLE
GROUP-f1011d26b88b92798cb0,subject_id,30,100,False,0.50000230696284,0.6931494875263061,ELIGIBLE
GROUP-f1011d26b88b92798cb0,subject_id,36,100,False,0.5000171002611136,0.6931642808215738,ELIGIBLE
GROUP-f1011d26b88b92798cb0,subject_id,6,100,False,0.49999601971739793,0.6931432002763672,ELIGIBLE
GROUP-f1011d26b88b92798cb0,session_id,1,600,False,0.4999993085394967,0.6931464891012056,ELIGIBLE
GROUP-f1011d26b88b92798cb0,model_id,DNN-EEGNET:EEGNet-R7-LAWHERN-SMR-P01-160HZ:P02-A0-Lee2019_MI-DNN-EEGNET-P01-L1-LOW-CAL-OFFICIAL-R2:2_PER_CLASS-MR00,600,False,0.4999993085394967,0.6931464891012056,ELIGIBLE
GROUP-f1011d26b88b92798cb0,branch_id,__MISSING__,600,False,0.4999993085394967,0.6931464891012056,ELIGIBLE
GROUP-f1011d26b88b92798cb0,budget_id,P01-L1-LOW-CAL-OFFICIAL-R2:2_PER_CLASS,600,False,0.4999993085394967,0.6931464891012056,ELIGIBLE
GROUP-f1011d26b88b92798cb0,split_id,IHARQ-SPLITRECORD-20260806-e4e371d332c61e36,600,False,0.4999993085394967,0.6931464891012056,ELIGIBLE
GROUP-f1011d26b88b92798cb0,calibration_method_id,__MISSING__,600,False,0.4999993085394967,0.6931464891012056,ELIGIBLE
GROUP-7602c54d874a611e88df,dataset_id,Lee2019_MI,600,False,0.49847832129628084,0.6916240524823014,ELIGIBLE
GROUP-7602c54d874a611e88df,subject_id,15,100,False,0.4988991258813112,0.6920455105993636,ELIGIBLE
GROUP-7602c54d874a611e88df,subject_id,19,100,False,0.49975759979512946,0.6929048655954694,ELIGIBLE
GROUP-7602c54d874a611e88df,subject_id,3,100,False,0.4986136937166347,0.6917548790896165,ELIGIBLE
GROUP-7602c54d874a611e88df,subject_id,30,100,False,0.49976763714062644,0.6929148159142473,ELIGIBLE
GROUP-7602c54d874a611e88df,subject_id,36,100,False,0.4941146199154972,0.6872600469912453,ELIGIBLE
GROUP-7602c54d874a611e88df,subject_id,6,100,False,0.4997172513284854,0.6928641967038658,ELIGIBLE
GROUP-7602c54d874a611e88df,session_id,1,600,False,0.49847832129628084,0.6916240524823014,ELIGIBLE
GROUP-7602c54d874a611e88df,model_id,DNN-EEGNET:EEGNet-R7-LAWHERN-SMR-P01-160HZ:P02-A0-Lee2019_MI-DNN-EEGNET-P01-L1-LOW-CAL-OFFICIAL-R2:2_PER_CLASS-MR01,600,False,0.49847832129628084,0.6916240524823014,ELIGIBLE
GROUP-7602c54d874a611e88df,branch_id,__MISSING__,600,False,0.49847832129628084,0.6916240524823014,ELIGIBLE
GROUP-7602c54d874a611e88df,budget_id,P01-L1-LOW-CAL-OFFICIAL-R2:2_PER_CLASS,600,False,0.49847832129628084,0.6916240524823014,ELIGIBLE
GROUP-7602c54d874a611e88df,split_id,IHARQ-SPLITRECORD-20260806-e4e371d332c61e36,600,False,0.49847832129628084,0.6916240524823014,ELIGIBLE
GROUP-7602c54d874a611e88df,calibration_method_id,__MISSING__,600,False,0.49847832129628084,0.6916240524823014,ELIGIBLE
GROUP-b58c9fcb5aa40ecaeeb9,dataset_id,Lee2019_MI,600,False,0.5000699171313774,0.6932170982377958,ELIGIBLE
GROUP-b58c9fcb5aa40ecaeeb9,subject_id,15,100,False,0.5001086495199103,0.6932558302187641,ELIGIBLE
GROUP-b58c9fcb5aa40ecaeeb9,subject_id,19,100,False,0.5000158964278985,0.693163077354148,ELIGIBLE
GROUP-b58c9fcb5aa40ecaeeb9,subject_id,3,100,False,0.5001624107195426,0.6933095942177269,ELIGIBLE
GROUP-b58c9fcb5aa40ecaeeb9,subject_id,30,100,False,0.500013598726818,0.6931607791469624,ELIGIBLE
GROUP-b58c9fcb5aa40ecaeeb9,subject_id,36,100,False,0.500226775191999,0.6933739559244771,ELIGIBLE
GROUP-b58c9fcb5aa40ecaeeb9,subject_id,6,100,False,0.4998921722020956,0.6930393525646957,ELIGIBLE
GROUP-b58c9fcb5aa40ecaeeb9,session_id,1,600,False,0.5000699171313774,0.6932170982377958,ELIGIBLE
GROUP-b58c9fcb5aa40ecaeeb9,model_id,DNN-EEGNET:EEGNet-R7-LAWHERN-SMR-P01-160HZ:P02-A0-Lee2019_MI-DNN-EEGNET-P01-L1-LOW-CAL-OFFICIAL-R2:2_PER_CLASS-MR02,600,False,0.5000699171313774,0.6932170982377958,ELIGIBLE
GROUP-b58c9fcb5aa40ecaeeb9,branch_id,__MISSING__,600,False,0.5000699171313774,0.6932170982377958,ELIGIBLE
GROUP-b58c9fcb5aa40ecaeeb9,budget_id,P01-L1-LOW-CAL-OFFICIAL-R2:2_PER_CLASS,600,False,0.5000699171313774,0.6932170982377958,ELIGIBLE
GROUP-b58c9fcb5aa40ecaeeb9,split_id,IHARQ-SPLITRECORD-20260806-e4e371d332c61e36,600,False,0.5000699171313774,0.6932170982377958,ELIGIBLE
GROUP-b58c9fcb5aa40ecaeeb9,calibration_method_id,__MISSING__,600,False,0.5000699171313774,0.6932170982377958,ELIGIBLE
GROUP-d3fd7d8102f127983903,dataset_id,Lee2019_MI,600,False,0.49999904566378367,0.6931462262237221,ELIGIBLE
GROUP-d3fd7d8102f127983903,subject_id,15,100,False,0.4999928528952594,0.6931400334551828,ELIGIBLE
GROUP-d3fd7d8102f127983903,subject_id,19,100,False,0.5000028112523004,0.6931499918122452,ELIGIBLE
GROUP-d3fd7d8102f127983903,subject_id,3,100,False,0.4999925164337003,0.693139696993591,ELIGIBLE
GROUP-d3fd7d8102f127983903,subject_id,30,100,False,0.49999742826540716,0.6931446088253501,ELIGIBLE
GROUP-d3fd7d8102f127983903,subject_id,36,100,False,0.500010926092214,0.6931581066522158,ELIGIBLE
GROUP-d3fd7d8102f127983903,subject_id,6,100,False,0.4999977390438211,0.6931449196037466,ELIGIBLE
GROUP-d3fd7d8102f127983903,session_id,1,600,False,0.49999904566378367,0.6931462262237221,ELIGIBLE
GROUP-d3fd7d8102f127983903,model_id,DNN-EEGNET:EEGNet-R7-LAWHERN-SMR-P01-160HZ:P02-A0-Lee2019_MI-DNN-EEGNET-P01-L1-LOW-CAL-OFFICIAL-R2:2_PER_CLASS-MR03,600,False,0.49999904566378367,0.6931462262237221,ELIGIBLE
GROUP-d3fd7d8102f127983903,branch_id,__MISSING__,600,False,0.49999904566378367,0.6931462262237221,ELIGIBLE
GROUP-d3fd7d8102f127983903,budget_id,P01-L1-LOW-CAL-OFFICIAL-R2:2_PER_CLASS,600,False,0.49999904566378367,0.6931462262237221,ELIGIBLE
GROUP-d3fd7d8102f127983903,split_id,IHARQ-SPLITRECORD-20260806-e4e371d332c61e36,600,False,0.49999904566378367,0.6931462262237221,ELIGIBLE
GROUP-d3fd7d8102f127983903,calibration_method_id,__MISSING__,600,False,0.49999904566378367,0.6931462262237221,ELIGIBLE
GROUP-4b25402d73495058584c,dataset_id,Lee2019_MI,600,False,0.49975804268493257,0.6929052262807208,ELIGIBLE
GROUP-4b25402d73495058584c,subject_id,15,100,False,0.4979842426823566,0.6911312437680257,ELIGIBLE
GROUP-4b25402d73495058584c,subject_id,19,100,False,0.5000067440027715,0.6931539547080463,ELIGIBLE
GROUP-4b25402d73495058584c,subject_id,3,100,False,0.5013990812591684,0.6945468349319112,ELIGIBLE
GROUP-4b25402d73495058584c,subject_id,30,100,False,0.4997595998805777,0.6929067713335205,ELIGIBLE
GROUP-4b25402d73495058584c,subject_id,36,100,False,0.4988738163180605,0.6920209705978893,ELIGIBLE
GROUP-4b25402d73495058584c,subject_id,6,100,False,0.5005247719666603,0.6936715823449322,ELIGIBLE
GROUP-4b25402d73495058584c,session_id,1,600,False,0.49975804268493257,0.6929052262807208,ELIGIBLE
GROUP-4b25402d73495058584c,model_id,DNN-EEGNET:EEGNet-R7-LAWHERN-SMR-P01-160HZ:P02-A0-Lee2019_MI-DNN-EEGNET-P01-L1-LOW-CAL-OFFICIAL-R2:2_PER_CLASS-MR04,600,False,0.49975804268493257,0.6929052262807208,ELIGIBLE
GROUP-4b25402d73495058584c,branch_id,__MISSING__,600,False,0.49975804268493257,0.6929052262807208,ELIGIBLE
GROUP-4b25402d73495058584c,budget_id,P01-L1-LOW-CAL-OFFICIAL-R2:2_PER_CLASS,600,False,0.49975804268493257,0.6929052262807208,ELIGIBLE
GROUP-4b25402d73495058584c,split_id,IHARQ-SPLITRECORD-20260806-e4e371d332c61e36,600,False,0.49975804268493257,0.6929052262807208,ELIGIBLE
GROUP-4b25402d73495058584c,calibration_method_id,__MISSING__,600,False,0.49975804268493257,0.6929052262807208,ELIGIBLE
GROUP-1ff354a25e8179397694,dataset_id,Lee2019_MI,600,False,0.49890109627988294,0.6920324544573553,ELIGIBLE
GROUP-1ff354a25e8179397694,subject_id,15,100,False,0.5062844665571753,0.6994555694152974,ELIGIBLE
GROUP-1ff354a25e8179397694,subject_id,19,100,False,0.5005677233332115,0.6937169546408561,ELIGIBLE
GROUP-1ff354a25e8179397694,subject_id,3,100,False,0.5024318065754957,0.6954774781180336,ELIGIBLE
GROUP-1ff354a25e8179397694,subject_id,30,100,False,0.4982090716384269,0.6913537344168696,ELIGIBLE
GROUP-1ff354a25e8179397694,subject_id,36,100,False,0.4892728745118707,0.6824041193372438,ELIGIBLE
GROUP-1ff354a25e8179397694,subject_id,6,100,False,0.4966406350631178,0.6897868708158312,ELIGIBLE
GROUP-1ff354a25e8179397694,session_id,1,600,False,0.49890109627988294,0.6920324544573553,ELIGIBLE
GROUP-1ff354a25e8179397694,model_id,DNN-EEGNET:EEGNet-R7-LAWHERN-SMR-P01-160HZ:P02-A0-Lee2019_MI-DNN-EEGNET-P01-L1-LOW-CAL-OFFICIAL-R2:32_PER_CLASS-MR00,600,False,0.49890109627988294,0.6920324544573553,ELIGIBLE
GROUP-1ff354a25e8179397694,branch_id,__MISSING__,600,False,0.49890109627988294,0.6920324544573553,ELIGIBLE
GROUP-1ff354a25e8179397694,budget_id,P01-L1-LOW-CAL-OFFICIAL-R2:32_PER_CLASS,600,False,0.49890109627988294,0.6920324544573553,ELIGIBLE
GROUP-1ff354a25e8179397694,split_id,IHARQ-SPLITRECORD-20260806-e4e371d332c61e36,600,False,0.49890109627988294,0.6920324544573553,ELIGIBLE
GROUP-1ff354a25e8179397694,calibration_method_id,__MISSING__,600,False,0.49890109627988294,0.6920324544573553,ELIGIBLE
GROUP-5de25951a33557e3e69a,dataset_id,Lee2019_MI,600,False,0.4998771694441221,0.6931057892798503,ELIGIBLE
GROUP-5de25951a33557e3e69a,subject_id,15,100,False,0.5008302389435129,0.6939776904124616,ELIGIBLE
GROUP-5de25951a33557e3e69a,subject_id,19,100,False,0.4983256654961368,0.6914727119388421,ELIGIBLE
GROUP-5de25951a33557e3e69a,subject_id,3,100,False,0.5118470897707044,0.7054862876750404,ELIGIBLE
GROUP-5de25951a33557e3e69a,subject_id,30,100,False,0.4991337183823737,0.6922807957395836,ELIGIBLE
GROUP-5de25951a33557e3e69a,subject_id,36,100,False,0.4899834742656723,0.6831263791861957,ELIGIBLE
GROUP-5de25951a33557e3e69a,subject_id,6,100,False,0.4991428298063323,0.692290870726978,ELIGIBLE
GROUP-5de25951a33557e3e69a,session_id,1,600,False,0.4998771694441221,0.6931057892798503,ELIGIBLE
GROUP-5de25951a33557e3e69a,model_id,DNN-EEGNET:EEGNet-R7-LAWHERN-SMR-P01-160HZ:P02-A0-Lee2019_MI-DNN-EEGNET-P01-L1-LOW-CAL-OFFICIAL-R2:32_PER_CLASS-MR01,600,False,0.4998771694441221,0.6931057892798503,ELIGIBLE
GROUP-5de25951a33557e3e69a,branch_id,__MISSING__,600,False,0.4998771694441221,0.6931057892798503,ELIGIBLE
GROUP-5de25951a33557e3e69a,budget_id,P01-L1-LOW-CAL-OFFICIAL-R2:32_PER_CLASS,600,False,0.4998771694441221,0.6931057892798503,ELIGIBLE
GROUP-5de25951a33557e3e69a,split_id,IHARQ-SPLITRECORD-20260806-e4e371d332c61e36,600,False,0.4998771694441221,0.6931057892798503,ELIGIBLE
GROUP-5de25951a33557e3e69a,calibration_method_id,__MISSING__,600,False,0.4998771694441221,0.6931057892798503,ELIGIBLE
GROUP-f3e5c725b0b54d4e54b7,dataset_id,Lee2019_MI,600,False,0.5011358808371156,0.6943174116142956,ELIGIBLE
GROUP-f3e5c725b0b54d4e54b7,subject_id,15,100,False,0.5147279622442439,0.7080084495777268,ELIGIBLE
GROUP-f3e5c725b0b54d4e54b7,subject_id,19,100,False,0.501870266748083,0.69509643591464,ELIGIBLE
GROUP-f3e5c725b0b54d4e54b7,subject_id,3,100,False,0.4898335673989844,0.6828912542587768,ELIGIBLE
GROUP-f3e5c725b0b54d4e54b7,subject_id,30,100,False,0.5161145070443895,0.7094227693376389,ELIGIBLE
GROUP-f3e5c725b0b54d4e54b7,subject_id,36,100,False,0.4907949441357068,0.6838568460436094,ELIGIBLE
GROUP-f3e5c725b0b54d4e54b7,subject_id,6,100,False,0.49347403745128565,0.6866287145533805,ELIGIBLE
GROUP-f3e5c725b0b54d4e54b7,session_id,1,600,False,0.5011358808371156,0.6943174116142956,ELIGIBLE
GROUP-f3e5c725b0b54d4e54b7,model_id,DNN-EEGNET:EEGNet-R7-LAWHERN-SMR-P01-160HZ:P02-A0-Lee2019_MI-DNN-EEGNET-P01-L1-LOW-CAL-OFFICIAL-R2:32_PER_CLASS-MR02,600,False,0.5011358808371156,0.6943174116142956,ELIGIBLE
GROUP-f3e5c725b0b54d4e54b7,branch_id,__MISSING__,600,False,0.5011358808371156,0.6943174116142956,ELIGIBLE
GROUP-f3e5c725b0b54d4e54b7,budget_id,P01-L1-LOW-CAL-OFFICIAL-R2:32_PER_CLASS,600,False,0.5011358808371156,0.6943174116142956,ELIGIBLE
GROUP-f3e5c725b0b54d4e54b7,split_id,IHARQ-SPLITRECORD-20260806-e4e371d332c61e36,600,False,0.5011358808371156,0.6943174116142956,ELIGIBLE
GROUP-f3e5c725b0b54d4e54b7,calibration_method_id,__MISSING__,600,False,0.5011358808371156,0.6943174116142956,ELIGIBLE
GROUP-db5c76cb5eca281ef742,dataset_id,Lee2019_MI,600,False,0.4989335643020765,0.6920771213016489,ELIGIBLE
GROUP-db5c76cb5eca281ef742,subject_id,15,100,False,0.4990108781591836,0.6921573049004056,ELIGIBLE
GROUP-db5c76cb5eca281ef742,subject_id,19,100,False,0.4973027434968582,0.6904496838404752,ELIGIBLE
GROUP-db5c76cb5eca281ef742,subject_id,3,100,False,0.5015738420274392,0.6947023384442833,ELIGIBLE
GROUP-db5c76cb5eca281ef742,subject_id,30,100,False,0.5012444923528746,0.6943919035930248,ELIGIBLE
GROUP-db5c76cb5eca281ef742,subject_id,36,100,False,0.4948836912040038,0.6880292968033099,ELIGIBLE
GROUP-db5c76cb5eca281ef742,subject_id,6,100,False,0.49958573857209926,0.6927322002283942,ELIGIBLE
GROUP-db5c76cb5eca281ef742,session_id,1,600,False,0.4989335643020765,0.6920771213016489,ELIGIBLE
GROUP-db5c76cb5eca281ef742,model_id,DNN-EEGNET:EEGNet-R7-LAWHERN-SMR-P01-160HZ:P02-A0-Lee2019_MI-DNN-EEGNET-P01-L1-LOW-CAL-OFFICIAL-R2:32_PER_CLASS-MR03,600,False,0.4989335643020765,0.6920771213016489,ELIGIBLE
GROUP-db5c76cb5eca281ef742,branch_id,__MISSING__,600,False,0.4989335643020765,0.6920771213016489,ELIGIBLE
GROUP-db5c76cb5eca281ef742,budget_id,P01-L1-LOW-CAL-OFFICIAL-R2:32_PER_CLASS,600,False,0.4989335643020765,0.6920771213016489,ELIGIBLE
GROUP-db5c76cb5eca281ef742,split_id,IHARQ-SPLITRECORD-20260806-e4e371d332c61e36,600,False,0.4989335643020765,0.6920771213016489,ELIGIBLE
GROUP-db5c76cb5eca281ef742,calibration_method_id,__MISSING__,600,False,0.4989335643020765,0.6920771213016489,ELIGIBLE
GROUP-8a25871e9cb978dd1ff7,dataset_id,Lee2019_MI,600,False,0.500684358098018,0.6938308828847534,ELIGIBLE
GROUP-8a25871e9cb978dd1ff7,subject_id,15,100,False,0.4951125444555997,0.6882525832849801,ELIGIBLE
GROUP-8a25871e9cb978dd1ff7,subject_id,19,100,False,0.5017944406666452,0.6949418438012269,ELIGIBLE
GROUP-8a25871e9cb978dd1ff7,subject_id,3,100,False,0.4996768311907202,0.6928220526007791,ELIGIBLE
GROUP-8a25871e9cb978dd1ff7,subject_id,30,100,False,0.5036541037083571,0.6968047846608387,ELIGIBLE
GROUP-8a25871e9cb978dd1ff7,subject_id,36,100,False,0.5016656674182375,0.6948138420535338,ELIGIBLE
GROUP-8a25871e9cb978dd1ff7,subject_id,6,100,False,0.5022025611485488,0.6953501909071609,ELIGIBLE
GROUP-8a25871e9cb978dd1ff7,session_id,1,600,False,0.500684358098018,0.6938308828847534,ELIGIBLE
GROUP-8a25871e9cb978dd1ff7,model_id,DNN-EEGNET:EEGNet-R7-LAWHERN-SMR-P01-160HZ:P02-A0-Lee2019_MI-DNN-EEGNET-P01-L1-LOW-CAL-OFFICIAL-R2:32_PER_CLASS-MR04,600,False,0.500684358098018,0.6938308828847534,ELIGIBLE
GROUP-8a25871e9cb978dd1ff7,branch_id,__MISSING__,600,False,0.500684358098018,0.6938308828847534,ELIGIBLE
GROUP-8a25871e9cb978dd1ff7,budget_id,P01-L1-LOW-CAL-OFFICIAL-R2:32_PER_CLASS,600,False,0.500684358098018,0.6938308828847534,ELIGIBLE
GROUP-8a25871e9cb978dd1ff7,split_id,IHARQ-SPLITRECORD-20260806-e4e371d332c61e36,600,False,0.500684358098018,0.6938308828847534,ELIGIBLE
GROUP-8a25871e9cb978dd1ff7,calibration_method_id,__MISSING__,600,False,0.500684358098018,0.6938308828847534,ELIGIBLE
GROUP-00cb241e9d56b13c73b3,dataset_id,Lee2019_MI,600,False,0.5016694497588927,0.6948359127908319,ELIGIBLE
GROUP-00cb241e9d56b13c73b3,subject_id,15,100,False,0.49600869627127303,0.6891535416065737,ELIGIBLE
GROUP-00cb241e9d56b13c73b3,subject_id,19,100,False,0.4987082670160228,0.6918543475680566,ELIGIBLE
GROUP-00cb241e9d56b13c73b3,subject_id,3,100,False,0.5069807942989024,0.7002306387653878,ELIGIBLE
GROUP-00cb241e9d56b13c73b3,subject_id,30,100,False,0.504031186789987,0.6971892011897133,ELIGIBLE
GROUP-00cb241e9d56b13c73b3,subject_id,36,100,False,0.504145698839477,0.6972978334126182,ELIGIBLE
GROUP-00cb241e9d56b13c73b3,subject_id,6,100,False,0.500142055337694,0.6932899142026412,ELIGIBLE
GROUP-00cb241e9d56b13c73b3,session_id,1,600,False,0.5016694497588927,0.6948359127908319,ELIGIBLE
GROUP-00cb241e9d56b13c73b3,model_id,DNN-EEGNET:EEGNet-R7-LAWHERN-SMR-P01-160HZ:P02-A0-Lee2019_MI-DNN-EEGNET-P01-L1-LOW-CAL-OFFICIAL-R2:4_PER_CLASS-MR00,600,False,0.5016694497588927,0.6948359127908319,ELIGIBLE
GROUP-00cb241e9d56b13c73b3,branch_id,__MISSING__,600,False,0.5016694497588927,0.6948359127908319,ELIGIBLE
GROUP-00cb241e9d56b13c73b3,budget_id,P01-L1-LOW-CAL-OFFICIAL-R2:4_PER_CLASS,600,False,0.5016694497588927,0.6948359127908319,ELIGIBLE
GROUP-00cb241e9d56b13c73b3,split_id,IHARQ-SPLITRECORD-20260806-e4e371d332c61e36,600,False,0.5016694497588927,0.6948359127908319,ELIGIBLE
GROUP-00cb241e9d56b13c73b3,calibration_method_id,__MISSING__,600,False,0.5016694497588927,0.6948359127908319,ELIGIBLE
GROUP-f8c0d8b595ded179f449,dataset_id,Lee2019_MI,600,False,0.4999596411535286,0.6931068214649705,ELIGIBLE
GROUP-f8c0d8b595ded179f449,subject_id,15,100,False,0.5000836261153269,0.6932308067179647,ELIGIBLE
GROUP-f8c0d8b595ded179f449,subject_id,19,100,False,0.5000183152634439,0.6931654959076948,ELIGIBLE
GROUP-f8c0d8b595ded179f449,subject_id,3,100,False,0.4999446577862175,0.6930918369990847,ELIGIBLE
GROUP-f8c0d8b595ded179f449,subject_id,30,100,False,0.4999251722376983,0.6930723527812854,ELIGIBLE
GROUP-f8c0d8b595ded179f449,subject_id,36,100,False,0.4998017863889392,0.6929489667386521,ELIGIBLE
GROUP-f8c0d8b595ded179f449,subject_id,6,100,False,0.4999842891295458,0.6931314696451413,ELIGIBLE
GROUP-f8c0d8b595ded179f449,session_id,1,600,False,0.4999596411535286,0.6931068214649705,ELIGIBLE
GROUP-f8c0d8b595ded179f449,model_id,DNN-EEGNET:EEGNet-R7-LAWHERN-SMR-P01-160HZ:P02-A0-Lee2019_MI-DNN-EEGNET-P01-L1-LOW-CAL-OFFICIAL-R2:4_PER_CLASS-MR01,600,False,0.4999596411535286,0.6931068214649705,ELIGIBLE
GROUP-f8c0d8b595ded179f449,branch_id,__MISSING__,600,False,0.4999596411535286,0.6931068214649705,ELIGIBLE
GROUP-f8c0d8b595ded179f449,budget_id,P01-L1-LOW-CAL-OFFICIAL-R2:4_PER_CLASS,600,False,0.4999596411535286,0.6931068214649705,ELIGIBLE
GROUP-f8c0d8b595ded179f449,split_id,IHARQ-SPLITRECORD-20260806-e4e371d332c61e36,600,False,0.4999596411535286,0.6931068214649705,ELIGIBLE
GROUP-f8c0d8b595ded179f449,calibration_method_id,__MISSING__,600,False,0.4999596411535286,0.6931068214649705,ELIGIBLE
GROUP-952d8ed0290059f86daf,dataset_id,Lee2019_MI,600,False,0.5001624041175605,0.6933095944498531,ELIGIBLE
GROUP-952d8ed0290059f86daf,subject_id,15,100,False,0.5002100607301514,0.6933572430697745,ELIGIBLE
GROUP-952d8ed0290059f86daf,subject_id,19,100,False,0.4999161919096696,0.6930633724015378,ELIGIBLE
GROUP-952d8ed0290059f86daf,subject_id,3,100,False,0.5002896725374272,0.6934369087010979,ELIGIBLE
GROUP-952d8ed0290059f86daf,subject_id,30,100,False,0.5000282528823665,0.6931754335214932,ELIGIBLE
GROUP-952d8ed0290059f86daf,subject_id,36,100,False,0.5004950635015384,0.6936422452592739,ELIGIBLE
GROUP-952d8ed0290059f86daf,subject_id,6,100,False,0.5000351831442098,0.6931823637459408,ELIGIBLE
GROUP-952d8ed0290059f86daf,session_id,1,600,False,0.5001624041175605,0.6933095944498531,ELIGIBLE
GROUP-952d8ed0290059f86daf,model_id,DNN-EEGNET:EEGNet-R7-LAWHERN-SMR-P01-160HZ:P02-A0-Lee2019_MI-DNN-EEGNET-P01-L1-LOW-CAL-OFFICIAL-R2:4_PER_CLASS-MR02,600,False,0.5001624041175605,0.6933095944498531,ELIGIBLE
GROUP-952d8ed0290059f86daf,branch_id,__MISSING__,600,False,0.5001624041175605,0.6933095944498531,ELIGIBLE
GROUP-952d8ed0290059f86daf,budget_id,P01-L1-LOW-CAL-OFFICIAL-R2:4_PER_CLASS,600,False,0.5001624041175605,0.6933095944498531,ELIGIBLE
GROUP-952d8ed0290059f86daf,split_id,IHARQ-SPLITRECORD-20260806-e4e371d332c61e36,600,False,0.5001624041175605,0.6933095944498531,ELIGIBLE
GROUP-952d8ed0290059f86daf,calibration_method_id,__MISSING__,600,False,0.5001624041175605,0.6933095944498531,ELIGIBLE
GROUP-905e01246d3a457390be,dataset_id,Lee2019_MI,600,False,0.5000546008269128,0.6932017811763186,ELIGIBLE
GROUP-905e01246d3a457390be,subject_id,15,100,False,0.5000003505914483,0.6931475312564602,ELIGIBLE
GROUP-905e01246d3a457390be,subject_id,19,100,False,0.4999257327607811,0.6930729122113015,ELIGIBLE
GROUP-905e01246d3a457390be,subject_id,3,100,False,0.4999222071122659,0.6930693830484652,ELIGIBLE
GROUP-905e01246d3a457390be,subject_id,30,100,False,0.5002599451241638,0.6934071260693017,ELIGIBLE
GROUP-905e01246d3a457390be,subject_id,36,100,False,0.5002636988051689,0.6934108822129775,ELIGIBLE
GROUP-905e01246d3a457390be,subject_id,6,100,False,0.4999556705676479,0.6931028522594055,ELIGIBLE
GROUP-905e01246d3a457390be,session_id,1,600,False,0.5000546008269128,0.6932017811763186,ELIGIBLE
GROUP-905e01246d3a457390be,model_id,DNN-EEGNET:EEGNet-R7-LAWHERN-SMR-P01-160HZ:P02-A0-Lee2019_MI-DNN-EEGNET-P01-L1-LOW-CAL-OFFICIAL-R2:4_PER_CLASS-MR03,600,False,0.5000546008269128,0.6932017811763186,ELIGIBLE
GROUP-905e01246d3a457390be,branch_id,__MISSING__,600,False,0.5000546008269128,0.6932017811763186,ELIGIBLE
GROUP-905e01246d3a457390be,budget_id,P01-L1-LOW-CAL-OFFICIAL-R2:4_PER_CLASS,600,False,0.5000546008269128,0.6932017811763186,ELIGIBLE
GROUP-905e01246d3a457390be,split_id,IHARQ-SPLITRECORD-20260806-e4e371d332c61e36,600,False,0.5000546008269128,0.6932017811763186,ELIGIBLE
GROUP-905e01246d3a457390be,calibration_method_id,__MISSING__,600,False,0.5000546008269128,0.6932017811763186,ELIGIBLE
GROUP-9efaaa80cc5bd7066d8b,dataset_id,Lee2019_MI,600,False,0.5000378743198716,0.6931850743057824,ELIGIBLE
GROUP-9efaaa80cc5bd7066d8b,subject_id,15,100,False,0.5001600782938547,0.6933072598634051,ELIGIBLE
GROUP-9efaaa80cc5bd7066d8b,subject_id,19,100,False,0.500219711175397,0.693366894065464,ELIGIBLE
GROUP-9efaaa80cc5bd7066d8b,subject_id,3,100,False,0.5005343940719215,0.6936816955107225,ELIGIBLE
GROUP-9efaaa80cc5bd7066d8b,subject_id,30,100,False,0.4997351808542321,0.6928823599928,ELIGIBLE
GROUP-9efaaa80cc5bd7066d8b,subject_id,36,100,False,0.4996458389563817,0.6927930166218662,ELIGIBLE
GROUP-9efaaa80cc5bd7066d8b,subject_id,6,100,False,0.499932042567443,0.6930792197804366,ELIGIBLE
GROUP-9efaaa80cc5bd7066d8b,session_id,1,600,False,0.5000378743198716,0.6931850743057824,ELIGIBLE
GROUP-9efaaa80cc5bd7066d8b,model_id,DNN-EEGNET:EEGNet-R7-LAWHERN-SMR-P01-160HZ:P02-A0-Lee2019_MI-DNN-EEGNET-P01-L1-LOW-CAL-OFFICIAL-R2:4_PER_CLASS-MR04,600,False,0.5000378743198716,0.6931850743057824,ELIGIBLE
GROUP-9efaaa80cc5bd7066d8b,branch_id,__MISSING__,600,False,0.5000378743198716,0.6931850743057824,ELIGIBLE
GROUP-9efaaa80cc5bd7066d8b,budget_id,P01-L1-LOW-CAL-OFFICIAL-R2:4_PER_CLASS,600,False,0.5000378743198716,0.6931850743057824,ELIGIBLE
GROUP-9efaaa80cc5bd7066d8b,split_id,IHARQ-SPLITRECORD-20260806-e4e371d332c61e36,600,False,0.5000378743198716,0.6931850743057824,ELIGIBLE
GROUP-9efaaa80cc5bd7066d8b,calibration_method_id,__MISSING__,600,False,0.5000378743198716,0.6931850743057824,ELIGIBLE
GROUP-acb249f4a0c9cf9008dd,dataset_id,Lee2019_MI,600,False,0.49795987226847804,0.6911049846482467,ELIGIBLE
GROUP-acb249f4a0c9cf9008dd,subject_id,15,100,False,0.4945290123076694,0.6876702569183603,ELIGIBLE
GROUP-acb249f4a0c9cf9008dd,subject_id,19,100,False,0.49803287899889853,0.6911781852647088,ELIGIBLE
GROUP-acb249f4a0c9cf9008dd,subject_id,3,100,False,0.49913343421064144,0.6922778925830572,ELIGIBLE
GROUP-acb249f4a0c9cf9008dd,subject_id,30,100,False,0.5007701148419336,0.6939187247874645,ELIGIBLE
GROUP-acb249f4a0c9cf9008dd,subject_id,36,100,False,0.4963655849167354,0.6895107334236907,ELIGIBLE
GROUP-acb249f4a0c9cf9008dd,subject_id,6,100,False,0.49892820833499,0.6920741149121986,ELIGIBLE
GROUP-acb249f4a0c9cf9008dd,session_id,1,600,False,0.49795987226847804,0.6911049846482467,ELIGIBLE
GROUP-acb249f4a0c9cf9008dd,model_id,DNN-EEGNET:EEGNet-R7-LAWHERN-SMR-P01-160HZ:P02-A0-Lee2019_MI-DNN-EEGNET-P01-L1-LOW-CAL-OFFICIAL-R2:8_PER_CLASS-MR00,600,False,0.49795987226847804,0.6911049846482467,ELIGIBLE
GROUP-acb249f4a0c9cf9008dd,branch_id,__MISSING__,600,False,0.49795987226847804,0.6911049846482467,ELIGIBLE
GROUP-acb249f4a0c9cf9008dd,budget_id,P01-L1-LOW-CAL-OFFICIAL-R2:8_PER_CLASS,600,False,0.49795987226847804,0.6911049846482467,ELIGIBLE
GROUP-acb249f4a0c9cf9008dd,split_id,IHARQ-SPLITRECORD-20260806-e4e371d332c61e36,600,False,0.49795987226847804,0.6911049846482467,ELIGIBLE
GROUP-acb249f4a0c9cf9008dd,calibration_method_id,__MISSING__,600,False,0.49795987226847804,0.6911049846482467,ELIGIBLE
GROUP-46f77adfdfea5c2e66a1,dataset_id,Lee2019_MI,600,False,0.4982200781471577,0.691364381192542,ELIGIBLE
GROUP-46f77adfdfea5c2e66a1,subject_id,15,100,False,0.5019035757746584,0.6950509411637482,ELIGIBLE
GROUP-46f77adfdfea5c2e66a1,subject_id,19,100,False,0.49972945074633174,0.6928766827286964,ELIGIBLE
GROUP-46f77adfdfea5c2e66a1,subject_id,3,100,False,0.5010212454268517,0.6941669921571758,ELIGIBLE
GROUP-46f77adfdfea5c2e66a1,subject_id,30,100,False,0.4996177866778719,0.6927649484225689,ELIGIBLE
GROUP-46f77adfdfea5c2e66a1,subject_id,36,100,False,0.49037604564535187,0.6835140714828785,ELIGIBLE
GROUP-46f77adfdfea5c2e66a1,subject_id,6,100,False,0.496672364611881,0.6898126512001838,ELIGIBLE
GROUP-46f77adfdfea5c2e66a1,session_id,1,600,False,0.4982200781471577,0.691364381192542,ELIGIBLE
GROUP-46f77adfdfea5c2e66a1,model_id,DNN-EEGNET:EEGNet-R7-LAWHERN-SMR-P01-160HZ:P02-A0-Lee2019_MI-DNN-EEGNET-P01-L1-LOW-CAL-OFFICIAL-R2:8_PER_CLASS-MR01,600,False,0.4982200781471577,0.691364381192542,ELIGIBLE
GROUP-46f77adfdfea5c2e66a1,branch_id,__MISSING__,600,False,0.4982200781471577,0.691364381192542,ELIGIBLE
GROUP-46f77adfdfea5c2e66a1,budget_id,P01-L1-LOW-CAL-OFFICIAL-R2:8_PER_CLASS,600,False,0.4982200781471577,0.691364381192542,ELIGIBLE
GROUP-46f77adfdfea5c2e66a1,split_id,IHARQ-SPLITRECORD-20260806-e4e371d332c61e36,600,False,0.4982200781471577,0.691364381192542,ELIGIBLE
GROUP-46f77adfdfea5c2e66a1,calibration_method_id,__MISSING__,600,False,0.4982200781471577,0.691364381192542,ELIGIBLE
GROUP-2c6e0d9522ddca7ace1d,dataset_id,Lee2019_MI,600,False,0.49754471571968867,0.6906843584092085,ELIGIBLE
GROUP-2c6e0d9522ddca7ace1d,subject_id,15,100,False,0.49279108179577263,0.6859009753715369,ELIGIBLE
GROUP-2c6e0d9522ddca7ace1d,subject_id,19,100,False,0.4967139687103463,0.6898602774029827,ELIGIBLE
GROUP-2c6e0d9522ddca7ace1d,subject_id,3,100,False,0.497638116685744,0.690779933890809,ELIGIBLE
GROUP-2c6e0d9522ddca7ace1d,subject_id,30,100,False,0.4997709750909558,0.6929174827522846,ELIGIBLE
GROUP-2c6e0d9522ddca7ace1d,subject_id,36,100,False,0.49944016211610387,0.692587187376351,ELIGIBLE
GROUP-2c6e0d9522ddca7ace1d,subject_id,6,100,False,0.4989139899192094,0.6920602936612867,ELIGIBLE
GROUP-2c6e0d9522ddca7ace1d,session_id,1,600,False,0.49754471571968867,0.6906843584092085,ELIGIBLE
GROUP-2c6e0d9522ddca7ace1d,model_id,DNN-EEGNET:EEGNet-R7-LAWHERN-SMR-P01-160HZ:P02-A0-Lee2019_MI-DNN-EEGNET-P01-L1-LOW-CAL-OFFICIAL-R2:8_PER_CLASS-MR02,600,False,0.49754471571968867,0.6906843584092085,ELIGIBLE
GROUP-2c6e0d9522ddca7ace1d,branch_id,__MISSING__,600,False,0.49754471571968867,0.6906843584092085,ELIGIBLE
GROUP-2c6e0d9522ddca7ace1d,budget_id,P01-L1-LOW-CAL-OFFICIAL-R2:8_PER_CLASS,600,False,0.49754471571968867,0.6906843584092085,ELIGIBLE
GROUP-2c6e0d9522ddca7ace1d,split_id,IHARQ-SPLITRECORD-20260806-e4e371d332c61e36,600,False,0.49754471571968867,0.6906843584092085,ELIGIBLE
GROUP-2c6e0d9522ddca7ace1d,calibration_method_id,__MISSING__,600,False,0.49754471571968867,0.6906843584092085,ELIGIBLE
GROUP-623e3077e403215e792d,dataset_id,Lee2019_MI,600,False,0.49991587830395445,0.6930630542570154,ELIGIBLE
GROUP-623e3077e403215e792d,subject_id,15,100,False,0.49961675968557395,0.6927639350956958,ELIGIBLE
GROUP-623e3077e403215e792d,subject_id,19,100,False,0.4999395182159321,0.6930867015346978,ELIGIBLE
GROUP-623e3077e403215e792d,subject_id,3,100,False,0.5000092811510615,0.6931564391647267,ELIGIBLE
GROUP-623e3077e403215e792d,subject_id,30,100,False,0.5001243365409583,0.6932715173249777,ELIGIBLE
GROUP-623e3077e403215e792d,subject_id,36,100,False,0.4999735773852229,0.693120756764252,ELIGIBLE
GROUP-623e3077e403215e792d,subject_id,6,100,False,0.4998317968449779,0.6929789756577422,ELIGIBLE
GROUP-623e3077e403215e792d,session_id,1,600,False,0.49991587830395445,0.6930630542570154,ELIGIBLE
GROUP-623e3077e403215e792d,model_id,DNN-EEGNET:EEGNet-R7-LAWHERN-SMR-P01-160HZ:P02-A0-Lee2019_MI-DNN-EEGNET-P01-L1-LOW-CAL-OFFICIAL-R2:8_PER_CLASS-MR03,600,False,0.49991587830395445,0.6930630542570154,ELIGIBLE
GROUP-623e3077e403215e792d,branch_id,__MISSING__,600,False,0.49991587830395445,0.6930630542570154,ELIGIBLE
GROUP-623e3077e403215e792d,budget_id,P01-L1-LOW-CAL-OFFICIAL-R2:8_PER_CLASS,600,False,0.49991587830395445,0.6930630542570154,ELIGIBLE
GROUP-623e3077e403215e792d,split_id,IHARQ-SPLITRECORD-20260806-e4e371d332c61e36,600,False,0.49991587830395445,0.6930630542570154,ELIGIBLE
GROUP-623e3077e403215e792d,calibration_method_id,__MISSING__,600,False,0.49991587830395445,0.6930630542570154,ELIGIBLE
GROUP-713826b24ed0c0a99b9a,dataset_id,Lee2019_MI,600,False,0.49648495886985616,0.6896136964463172,ELIGIBLE
GROUP-713826b24ed0c0a99b9a,subject_id,15,100,False,0.4920482089848248,0.6851500396698874,ELIGIBLE
GROUP-713826b24ed0c0a99b9a,subject_id,19,100,False,0.4920663176865596,0.6851786025401759,ELIGIBLE
GROUP-713826b24ed0c0a99b9a,subject_id,3,100,False,0.50068633674571,0.6937806019290015,ELIGIBLE
GROUP-713826b24ed0c0a99b9a,subject_id,30,100,False,0.5041575250439051,0.6973465344556442,ELIGIBLE
GROUP-713826b24ed0c0a99b9a,subject_id,36,100,False,0.4905223460909921,0.6836509585346977,ELIGIBLE
GROUP-713826b24ed0c0a99b9a,subject_id,6,100,False,0.49942901866714556,0.6925754415484963,ELIGIBLE
GROUP-713826b24ed0c0a99b9a,session_id,1,600,False,0.49648495886985616,0.6896136964463172,ELIGIBLE
GROUP-713826b24ed0c0a99b9a,model_id,DNN-EEGNET:EEGNet-R7-LAWHERN-SMR-P01-160HZ:P02-A0-Lee2019_MI-DNN-EEGNET-P01-L1-LOW-CAL-OFFICIAL-R2:8_PER_CLASS-MR04,600,False,0.49648495886985616,0.6896136964463172,ELIGIBLE
GROUP-713826b24ed0c0a99b9a,branch_id,__MISSING__,600,False,0.49648495886985616,0.6896136964463172,ELIGIBLE
GROUP-713826b24ed0c0a99b9a,budget_id,P01-L1-LOW-CAL-OFFICIAL-R2:8_PER_CLASS,600,False,0.49648495886985616,0.6896136964463172,ELIGIBLE
GROUP-713826b24ed0c0a99b9a,split_id,IHARQ-SPLITRECORD-20260806-e4e371d332c61e36,600,False,0.49648495886985616,0.6896136964463172,ELIGIBLE
GROUP-713826b24ed0c0a99b9a,calibration_method_id,__MISSING__,600,False,0.49648495886985616,0.6896136964463172,ELIGIBLE
GROUP-f2e7548e3ebbcd66f459,dataset_id,Lee2019_MI,600,False,0.3627228035111296,0.5410906343082377,ELIGIBLE
GROUP-f2e7548e3ebbcd66f459,subject_id,15,100,False,0.48095981565750234,0.6740182622661665,ELIGIBLE
GROUP-f2e7548e3ebbcd66f459,subject_id,19,100,False,0.3448986034677637,0.5214567600646032,ELIGIBLE
GROUP-f2e7548e3ebbcd66f459,subject_id,3,100,False,0.3114787838226927,0.48947744072519034,ELIGIBLE
GROUP-f2e7548e3ebbcd66f459,subject_id,30,100,False,0.42496115485960007,0.6138048987614293,ELIGIBLE
GROUP-f2e7548e3ebbcd66f459,subject_id,36,100,False,0.1126943934357937,0.25288747185681787,ELIGIBLE
GROUP-f2e7548e3ebbcd66f459,subject_id,6,100,False,0.5013440698234252,0.6948989721752186,ELIGIBLE
GROUP-f2e7548e3ebbcd66f459,session_id,1,600,False,0.3627228035111296,0.5410906343082377,ELIGIBLE
GROUP-f2e7548e3ebbcd66f459,model_id,DNN-FBCNET:FBCNet-OriginalAuthor-P01ConstrainedFilterBank:P02-A0-Lee2019_MI-DNN-FBCNET-FULL_TRAIN-MR00,600,False,0.3627228035111296,0.5410906343082377,ELIGIBLE
GROUP-f2e7548e3ebbcd66f459,branch_id,__MISSING__,600,False,0.3627228035111296,0.5410906343082377,ELIGIBLE
GROUP-f2e7548e3ebbcd66f459,budget_id,FULL_TRAIN,600,False,0.3627228035111296,0.5410906343082377,ELIGIBLE
GROUP-f2e7548e3ebbcd66f459,split_id,IHARQ-SPLITRECORD-20260806-e4e371d332c61e36,600,False,0.3627228035111296,0.5410906343082377,ELIGIBLE
GROUP-f2e7548e3ebbcd66f459,calibration_method_id,__MISSING__,600,False,0.3627228035111296,0.5410906343082377,ELIGIBLE
GROUP-ac672293cf12a9a5f293,dataset_id,Lee2019_MI,600,False,0.37038205975002425,0.5528431291501507,ELIGIBLE
GROUP-ac672293cf12a9a5f293,subject_id,15,100,False,0.5407596598055869,0.7419346122980461,ELIGIBLE
GROUP-ac672293cf12a9a5f293,subject_id,19,100,False,0.3503619143996976,0.533259706249816,ELIGIBLE
GROUP-ac672293cf12a9a5f293,subject_id,3,100,False,0.2695592058002502,0.4408901759852267,ELIGIBLE
GROUP-ac672293cf12a9a5f293,subject_id,30,100,False,0.4644409481582316,0.6549432532335936,ELIGIBLE
GROUP-ac672293cf12a9a5f293,subject_id,36,100,False,0.13528777612848844,0.29372622330065545,ELIGIBLE
GROUP-ac672293cf12a9a5f293,subject_id,6,100,False,0.46188285420789044,0.6523048038335663,ELIGIBLE
GROUP-ac672293cf12a9a5f293,session_id,1,600,False,0.37038205975002425,0.5528431291501507,ELIGIBLE
GROUP-ac672293cf12a9a5f293,model_id,DNN-FBCNET:FBCNet-OriginalAuthor-P01ConstrainedFilterBank:P02-A0-Lee2019_MI-DNN-FBCNET-FULL_TRAIN-MR01,600,False,0.37038205975002425,0.5528431291501507,ELIGIBLE
GROUP-ac672293cf12a9a5f293,branch_id,__MISSING__,600,False,0.37038205975002425,0.5528431291501507,ELIGIBLE
GROUP-ac672293cf12a9a5f293,budget_id,FULL_TRAIN,600,False,0.37038205975002425,0.5528431291501507,ELIGIBLE
GROUP-ac672293cf12a9a5f293,split_id,IHARQ-SPLITRECORD-20260806-e4e371d332c61e36,600,False,0.37038205975002425,0.5528431291501507,ELIGIBLE
GROUP-ac672293cf12a9a5f293,calibration_method_id,__MISSING__,600,False,0.37038205975002425,0.5528431291501507,ELIGIBLE
GROUP-f3b24b7221b548fb5673,dataset_id,Lee2019_MI,600,False,0.3534401372427772,0.5210877056112581,ELIGIBLE
GROUP-f3b24b7221b548fb5673,subject_id,15,100,False,0.5338398913010608,0.7337528337804261,ELIGIBLE
GROUP-f3b24b7221b548fb5673,subject_id,19,100,False,0.3414803933510727,0.5181754487246237,ELIGIBLE
GROUP-f3b24b7221b548fb5673,subject_id,3,100,False,0.2257861868000861,0.37230456696931036,ELIGIBLE
GROUP-f3b24b7221b548fb5673,subject_id,30,100,False,0.42830312208054555,0.6167321099943186,ELIGIBLE
GROUP-f3b24b7221b548fb5673,subject_id,36,100,False,0.0943163060969942,0.1917055890293504,ELIGIBLE
GROUP-f3b24b7221b548fb5673,subject_id,6,100,False,0.49691492382690333,0.6938556851695189,ELIGIBLE
GROUP-f3b24b7221b548fb5673,session_id,1,600,False,0.3534401372427772,0.5210877056112581,ELIGIBLE
GROUP-f3b24b7221b548fb5673,model_id,DNN-FBCNET:FBCNet-OriginalAuthor-P01ConstrainedFilterBank:P02-A0-Lee2019_MI-DNN-FBCNET-FULL_TRAIN-MR02,600,False,0.3534401372427772,0.5210877056112581,ELIGIBLE
GROUP-f3b24b7221b548fb5673,branch_id,__MISSING__,600,False,0.3534401372427772,0.5210877056112581,ELIGIBLE
GROUP-f3b24b7221b548fb5673,budget_id,FULL_TRAIN,600,False,0.3534401372427772,0.5210877056112581,ELIGIBLE
GROUP-f3b24b7221b548fb5673,split_id,IHARQ-SPLITRECORD-20260806-e4e371d332c61e36,600,False,0.3534401372427772,0.5210877056112581,ELIGIBLE
GROUP-f3b24b7221b548fb5673,calibration_method_id,__MISSING__,600,False,0.3534401372427772,0.5210877056112581,ELIGIBLE
GROUP-cae76381598feb53f8da,dataset_id,Lee2019_MI,600,False,0.36263353670599296,0.533362877141867,ELIGIBLE
GROUP-cae76381598feb53f8da,subject_id,15,100,False,0.5442013144342559,0.7440306443116139,ELIGIBLE
GROUP-cae76381598feb53f8da,subject_id,19,100,False,0.3490843294742669,0.5313249697280282,ELIGIBLE
GROUP-cae76381598feb53f8da,subject_id,3,100,False,0.29124376256948836,0.4486061743765334,ELIGIBLE
GROUP-cae76381598feb53f8da,subject_id,30,100,False,0.4779896511211498,0.668434037695397,ELIGIBLE
GROUP-cae76381598feb53f8da,subject_id,36,100,False,0.06508670937519356,0.1727012138658412,ELIGIBLE
GROUP-cae76381598feb53f8da,subject_id,6,100,False,0.44819545326160326,0.6350802228737882,ELIGIBLE
GROUP-cae76381598feb53f8da,session_id,1,600,False,0.36263353670599296,0.533362877141867,ELIGIBLE
GROUP-cae76381598feb53f8da,model_id,DNN-FBCNET:FBCNet-OriginalAuthor-P01ConstrainedFilterBank:P02-A0-Lee2019_MI-DNN-FBCNET-FULL_TRAIN-MR03,600,False,0.36263353670599296,0.533362877141867,ELIGIBLE
GROUP-cae76381598feb53f8da,branch_id,__MISSING__,600,False,0.36263353670599296,0.533362877141867,ELIGIBLE
GROUP-cae76381598feb53f8da,budget_id,FULL_TRAIN,600,False,0.36263353670599296,0.533362877141867,ELIGIBLE
GROUP-cae76381598feb53f8da,split_id,IHARQ-SPLITRECORD-20260806-e4e371d332c61e36,600,False,0.36263353670599296,0.533362877141867,ELIGIBLE
GROUP-cae76381598feb53f8da,calibration_method_id,__MISSING__,600,False,0.36263353670599296,0.533362877141867,ELIGIBLE
GROUP-624b768491ff7b9ebdb5,dataset_id,Lee2019_MI,600,False,0.3436022070355541,0.507426131561045,ELIGIBLE
GROUP-624b768491ff7b9ebdb5,subject_id,15,100,False,0.5042147086089324,0.712468544587452,ELIGIBLE
GROUP-624b768491ff7b9ebdb5,subject_id,19,100,False,0.3280243612750687,0.4966072578171597,ELIGIBLE
GROUP-624b768491ff7b9ebdb5,subject_id,3,100,False,0.22016485997074142,0.3616758964636796,ELIGIBLE
GROUP-624b768491ff7b9ebdb5,subject_id,30,100,False,0.4201490285199587,0.6045132443367263,ELIGIBLE
GROUP-624b768491ff7b9ebdb5,subject_id,36,100,False,0.04499183107460657,0.10951945565393885,ELIGIBLE
GROUP-624b768491ff7b9ebdb5,subject_id,6,100,False,0.5440684527640167,0.7597723905073133,ELIGIBLE
GROUP-624b768491ff7b9ebdb5,session_id,1,600,False,0.3436022070355541,0.507426131561045,ELIGIBLE
GROUP-624b768491ff7b9ebdb5,model_id,DNN-FBCNET:FBCNet-OriginalAuthor-P01ConstrainedFilterBank:P02-A0-Lee2019_MI-DNN-FBCNET-FULL_TRAIN-MR04,600,False,0.3436022070355541,0.507426131561045,ELIGIBLE
GROUP-624b768491ff7b9ebdb5,branch_id,__MISSING__,600,False,0.3436022070355541,0.507426131561045,ELIGIBLE
GROUP-624b768491ff7b9ebdb5,budget_id,FULL_TRAIN,600,False,0.3436022070355541,0.507426131561045,ELIGIBLE
GROUP-624b768491ff7b9ebdb5,split_id,IHARQ-SPLITRECORD-20260806-e4e371d332c61e36,600,False,0.3436022070355541,0.507426131561045,ELIGIBLE
GROUP-624b768491ff7b9ebdb5,calibration_method_id,__MISSING__,600,False,0.3436022070355541,0.507426131561045,ELIGIBLE
GROUP-dcba90f8714fc0ff6731,dataset_id,Lee2019_MI,600,False,0.292462689568128,0.45045982333652707,ELIGIBLE
GROUP-dcba90f8714fc0ff6731,subject_id,15,100,False,0.4048846867542491,0.5945051622083138,ELIGIBLE
GROUP-dcba90f8714fc0ff6731,subject_id,19,100,False,0.3146305061075465,0.47886089565408163,ELIGIBLE
GROUP-dcba90f8714fc0ff6731,subject_id,3,100,False,0.11638050453885712,0.21749006625986497,ELIGIBLE
GROUP-dcba90f8714fc0ff6731,subject_id,30,100,False,0.41283172227538095,0.5982157523167221,ELIGIBLE
GROUP-dcba90f8714fc0ff6731,subject_id,36,100,False,0.10876838739903345,0.22184197959576693,ELIGIBLE
GROUP-dcba90f8714fc0ff6731,subject_id,6,100,False,0.3972803303337007,0.5918450839844133,ELIGIBLE
GROUP-dcba90f8714fc0ff6731,session_id,1,600,False,0.292462689568128,0.45045982333652707,ELIGIBLE
GROUP-dcba90f8714fc0ff6731,model_id,DNN-SEQ:DBConformer-OriginalAuthor-P01CompatibilityPatched:P02-A0-Lee2019_MI-DNN-SEQ-FULL_TRAIN-MR00,600,False,0.292462689568128,0.45045982333652707,ELIGIBLE
GROUP-dcba90f8714fc0ff6731,branch_id,__MISSING__,600,False,0.292462689568128,0.45045982333652707,ELIGIBLE
GROUP-dcba90f8714fc0ff6731,budget_id,FULL_TRAIN,600,False,0.292462689568128,0.45045982333652707,ELIGIBLE
GROUP-dcba90f8714fc0ff6731,split_id,IHARQ-SPLITRECORD-20260806-e4e371d332c61e36,600,False,0.292462689568128,0.45045982333652707,ELIGIBLE
GROUP-dcba90f8714fc0ff6731,calibration_method_id,__MISSING__,600,False,0.292462689568128,0.45045982333652707,ELIGIBLE
GROUP-e27a39c9c6565423f7fb,dataset_id,Lee2019_MI,600,False,0.2738102723604429,0.4248418297090792,ELIGIBLE
GROUP-e27a39c9c6565423f7fb,subject_id,15,100,False,0.4186664783661815,0.608702849292998,ELIGIBLE
GROUP-e27a39c9c6565423f7fb,subject_id,19,100,False,0.3280275892101445,0.49147395980789016,ELIGIBLE
GROUP-e27a39c9c6565423f7fb,subject_id,3,100,False,0.08980034891949779,0.1741609822202503,ELIGIBLE
GROUP-e27a39c9c6565423f7fb,subject_id,30,100,False,0.3804688463763755,0.5641565925263461,ELIGIBLE
GROUP-e27a39c9c6565423f7fb,subject_id,36,100,False,0.07939101275255087,0.1725946005712105,ELIGIBLE
GROUP-e27a39c9c6565423f7fb,subject_id,6,100,False,0.34650735853790765,0.5379619938357798,ELIGIBLE
GROUP-e27a39c9c6565423f7fb,session_id,1,600,False,0.2738102723604429,0.4248418297090792,ELIGIBLE
GROUP-e27a39c9c6565423f7fb,model_id,DNN-SEQ:DBConformer-OriginalAuthor-P01CompatibilityPatched:P02-A0-Lee2019_MI-DNN-SEQ-FULL_TRAIN-MR01,600,False,0.2738102723604429,0.4248418297090792,ELIGIBLE
GROUP-e27a39c9c6565423f7fb,branch_id,__MISSING__,600,False,0.2738102723604429,0.4248418297090792,ELIGIBLE
GROUP-e27a39c9c6565423f7fb,budget_id,FULL_TRAIN,600,False,0.2738102723604429,0.4248418297090792,ELIGIBLE
GROUP-e27a39c9c6565423f7fb,split_id,IHARQ-SPLITRECORD-20260806-e4e371d332c61e36,600,False,0.2738102723604429,0.4248418297090792,ELIGIBLE
GROUP-e27a39c9c6565423f7fb,calibration_method_id,__MISSING__,600,False,0.2738102723604429,0.4248418297090792,ELIGIBLE
GROUP-29bd3ebfd07a192dc4ca,dataset_id,Lee2019_MI,600,False,0.28436082691192194,0.43748626397242885,ELIGIBLE
GROUP-29bd3ebfd07a192dc4ca,subject_id,15,100,False,0.4219871199197762,0.6111995558703908,ELIGIBLE
GROUP-29bd3ebfd07a192dc4ca,subject_id,19,100,False,0.3153898230418795,0.47581214776586817,ELIGIBLE
GROUP-29bd3ebfd07a192dc4ca,subject_id,3,100,False,0.09956559355191087,0.1931092965319317,ELIGIBLE
GROUP-29bd3ebfd07a192dc4ca,subject_id,30,100,False,0.40759977231688516,0.5941746997727431,ELIGIBLE
GROUP-29bd3ebfd07a192dc4ca,subject_id,36,100,False,0.09287703050582298,0.19167603951758028,ELIGIBLE
GROUP-29bd3ebfd07a192dc4ca,subject_id,6,100,False,0.3687456221352566,0.5589458443760589,ELIGIBLE
GROUP-29bd3ebfd07a192dc4ca,session_id,1,600,False,0.28436082691192194,0.43748626397242885,ELIGIBLE
GROUP-29bd3ebfd07a192dc4ca,model_id,DNN-SEQ:DBConformer-OriginalAuthor-P01CompatibilityPatched:P02-A0-Lee2019_MI-DNN-SEQ-FULL_TRAIN-MR02,600,False,0.28436082691192194,0.43748626397242885,ELIGIBLE
GROUP-29bd3ebfd07a192dc4ca,branch_id,__MISSING__,600,False,0.28436082691192194,0.43748626397242885,ELIGIBLE
GROUP-29bd3ebfd07a192dc4ca,budget_id,FULL_TRAIN,600,False,0.28436082691192194,0.43748626397242885,ELIGIBLE
GROUP-29bd3ebfd07a192dc4ca,split_id,IHARQ-SPLITRECORD-20260806-e4e371d332c61e36,600,False,0.28436082691192194,0.43748626397242885,ELIGIBLE
GROUP-29bd3ebfd07a192dc4ca,calibration_method_id,__MISSING__,600,False,0.28436082691192194,0.43748626397242885,ELIGIBLE
GROUP-a86d3ab3956e95189dd2,dataset_id,Lee2019_MI,600,False,0.29875691123442827,0.4494626839290846,ELIGIBLE
GROUP-a86d3ab3956e95189dd2,subject_id,15,100,False,0.4761080769046309,0.6680467185816846,ELIGIBLE
GROUP-a86d3ab3956e95189dd2,subject_id,19,100,False,0.3454496050116862,0.512891504554615,ELIGIBLE
GROUP-a86d3ab3956e95189dd2,subject_id,3,100,False,0.1223117826980379,0.20603427331117552,ELIGIBLE
GROUP-a86d3ab3956e95189dd2,subject_id,30,100,False,0.4128371225639581,0.599558079869535,ELIGIBLE
GROUP-a86d3ab3956e95189dd2,subject_id,36,100,False,0.1289420143265259,0.2458992168481367,ELIGIBLE
GROUP-a86d3ab3956e95189dd2,subject_id,6,100,False,0.3068928659017304,0.46434631040936075,ELIGIBLE
GROUP-a86d3ab3956e95189dd2,session_id,1,600,False,0.29875691123442827,0.4494626839290846,ELIGIBLE
GROUP-a86d3ab3956e95189dd2,model_id,DNN-SEQ:DBConformer-OriginalAuthor-P01CompatibilityPatched:P02-A0-Lee2019_MI-DNN-SEQ-FULL_TRAIN-MR03,600,False,0.29875691123442827,0.4494626839290846,ELIGIBLE
GROUP-a86d3ab3956e95189dd2,branch_id,__MISSING__,600,False,0.29875691123442827,0.4494626839290846,ELIGIBLE
GROUP-a86d3ab3956e95189dd2,budget_id,FULL_TRAIN,600,False,0.29875691123442827,0.4494626839290846,ELIGIBLE
GROUP-a86d3ab3956e95189dd2,split_id,IHARQ-SPLITRECORD-20260806-e4e371d332c61e36,600,False,0.29875691123442827,0.4494626839290846,ELIGIBLE
GROUP-a86d3ab3956e95189dd2,calibration_method_id,__MISSING__,600,False,0.29875691123442827,0.4494626839290846,ELIGIBLE
GROUP-056e6827f8181f6fa9ae,dataset_id,Lee2019_MI,600,False,0.2870738036123854,0.4399226909624721,ELIGIBLE
GROUP-056e6827f8181f6fa9ae,subject_id,15,100,False,0.4417626969055747,0.6337158525600899,ELIGIBLE
GROUP-056e6827f8181f6fa9ae,subject_id,19,100,False,0.329826433191366,0.49525804671634555,ELIGIBLE
GROUP-056e6827f8181f6fa9ae,subject_id,3,100,False,0.10827513835160861,0.19932090055891005,ELIGIBLE
GROUP-056e6827f8181f6fa9ae,subject_id,30,100,False,0.3907633736182082,0.577534685670372,ELIGIBLE
GROUP-056e6827f8181f6fa9ae,subject_id,36,100,False,0.09695848082241582,0.19689078072816424,ELIGIBLE
GROUP-056e6827f8181f6fa9ae,subject_id,6,100,False,0.3548566987851391,0.5368158795409511,ELIGIBLE
GROUP-056e6827f8181f6fa9ae,session_id,1,600,False,0.2870738036123854,0.4399226909624721,ELIGIBLE
GROUP-056e6827f8181f6fa9ae,model_id,DNN-SEQ:DBConformer-OriginalAuthor-P01CompatibilityPatched:P02-A0-Lee2019_MI-DNN-SEQ-FULL_TRAIN-MR04,600,False,0.2870738036123854,0.4399226909624721,ELIGIBLE
GROUP-056e6827f8181f6fa9ae,branch_id,__MISSING__,600,False,0.2870738036123854,0.4399226909624721,ELIGIBLE
GROUP-056e6827f8181f6fa9ae,budget_id,FULL_TRAIN,600,False,0.2870738036123854,0.4399226909624721,ELIGIBLE
GROUP-056e6827f8181f6fa9ae,split_id,IHARQ-SPLITRECORD-20260806-e4e371d332c61e36,600,False,0.2870738036123854,0.4399226909624721,ELIGIBLE
GROUP-056e6827f8181f6fa9ae,calibration_method_id,__MISSING__,600,False,0.2870738036123854,0.4399226909624721,ELIGIBLE
GROUP-c4169231d35699de4c57,dataset_id,Lee2019_MI,600,False,0.35045974083529446,0.5257079135183146,ELIGIBLE
GROUP-c4169231d35699de4c57,subject_id,15,100,False,0.3928200709551218,0.5827747653889245,ELIGIBLE
GROUP-c4169231d35699de4c57,subject_id,19,100,False,0.31390688548114754,0.4911726452703817,ELIGIBLE
GROUP-c4169231d35699de4c57,subject_id,3,100,False,0.2491545895215928,0.4059167816925891,ELIGIBLE
GROUP-c4169231d35699de4c57,subject_id,30,100,False,0.46912765873310197,0.6617233236453965,ELIGIBLE
GROUP-c4169231d35699de4c57,subject_id,36,100,False,0.07766351866056166,0.18139341125234976,ELIGIBLE
GROUP-c4169231d35699de4c57,subject_id,6,100,False,0.6000857216602412,0.8312665538602458,ELIGIBLE
GROUP-c4169231d35699de4c57,session_id,1,600,False,0.35045974083529446,0.5257079135183146,ELIGIBLE
GROUP-c4169231d35699de4c57,model_id,RIE-EA-TS:RIE-EA-TS:P02-A0-Lee2019_MI-RIE-EA-TS-FULL_TRAIN-MR00,600,False,0.35045974083529446,0.5257079135183146,ELIGIBLE
GROUP-c4169231d35699de4c57,branch_id,__MISSING__,600,False,0.35045974083529446,0.5257079135183146,ELIGIBLE
GROUP-c4169231d35699de4c57,budget_id,FULL_TRAIN,600,False,0.35045974083529446,0.5257079135183146,ELIGIBLE
GROUP-c4169231d35699de4c57,split_id,IHARQ-SPLITRECORD-20260806-e4e371d332c61e36,600,False,0.35045974083529446,0.5257079135183146,ELIGIBLE
GROUP-c4169231d35699de4c57,calibration_method_id,__MISSING__,600,False,0.35045974083529446,0.5257079135183146,ELIGIBLE
GROUP-c724e103483c0bc3132e,dataset_id,Lee2019_MI,600,False,0.35380013589487086,0.5296324021920807,ELIGIBLE
GROUP-c724e103483c0bc3132e,subject_id,15,100,False,0.39488163979437124,0.5848675893472324,ELIGIBLE
GROUP-c724e103483c0bc3132e,subject_id,19,100,False,0.31925394211867614,0.4971230548778902,ELIGIBLE
GROUP-c724e103483c0bc3132e,subject_id,3,100,False,0.25184971607771134,0.4100191585451036,ELIGIBLE
GROUP-c724e103483c0bc3132e,subject_id,30,100,False,0.47241493521139455,0.6651272463037268,ELIGIBLE
GROUP-c724e103483c0bc3132e,subject_id,36,100,False,0.08039632397002952,0.18495395284718305,ELIGIBLE
GROUP-c724e103483c0bc3132e,subject_id,6,100,False,0.6040042581970426,0.8357034112313481,ELIGIBLE
GROUP-c724e103483c0bc3132e,session_id,1,600,False,0.35380013589487086,0.5296324021920807,ELIGIBLE
GROUP-c724e103483c0bc3132e,model_id,RIE-TS-LR:RIE-TS-LR:P02-A0-Lee2019_MI-RIE-TS-LR-FULL_TRAIN-MR00,600,False,0.35380013589487086,0.5296324021920807,ELIGIBLE
GROUP-c724e103483c0bc3132e,branch_id,__MISSING__,600,False,0.35380013589487086,0.5296324021920807,ELIGIBLE
GROUP-c724e103483c0bc3132e,budget_id,FULL_TRAIN,600,False,0.35380013589487086,0.5296324021920807,ELIGIBLE
GROUP-c724e103483c0bc3132e,split_id,IHARQ-SPLITRECORD-20260806-e4e371d332c61e36,600,False,0.35380013589487086,0.5296324021920807,ELIGIBLE
GROUP-c724e103483c0bc3132e,calibration_method_id,__MISSING__,600,False,0.35380013589487086,0.5296324021920807,ELIGIBLE
GROUP-a6e5c91ef2e6bb4b18b8,dataset_id,Lee2019_MI,600,False,0.49288206936351286,0.6860125253712472,ELIGIBLE
GROUP-a6e5c91ef2e6bb4b18b8,subject_id,15,100,False,0.49413785036143154,0.6872840284540152,ELIGIBLE
GROUP-a6e5c91ef2e6bb4b18b8,subject_id,19,100,False,0.4937901923720361,0.6869326203011228,ELIGIBLE
GROUP-a6e5c91ef2e6bb4b18b8,subject_id,3,100,False,0.48925808319612535,0.6823714288433703,ELIGIBLE
GROUP-a6e5c91ef2e6bb4b18b8,subject_id,30,100,False,0.5016316920374144,0.6947811458466774,ELIGIBLE
GROUP-a6e5c91ef2e6bb4b18b8,subject_id,36,100,False,0.4795663368288193,0.6726530514482109,ELIGIBLE
GROUP-a6e5c91ef2e6bb4b18b8,subject_id,6,100,False,0.49890826138525063,0.692052877334087,ELIGIBLE
GROUP-a6e5c91ef2e6bb4b18b8,session_id,1,600,False,0.49288206936351286,0.6860125253712472,ELIGIBLE
GROUP-a6e5c91ef2e6bb4b18b8,model_id,RIE-TS-LR:RIE-TS-LR:P02-A0-Lee2019_MI-RIE-TS-LR-P01-L1-LOW-CAL-OFFICIAL-R2:16_PER_CLASS-MR00,600,False,0.49288206936351286,0.6860125253712472,ELIGIBLE
GROUP-a6e5c91ef2e6bb4b18b8,branch_id,__MISSING__,600,False,0.49288206936351286,0.6860125253712472,ELIGIBLE
GROUP-a6e5c91ef2e6bb4b18b8,budget_id,P01-L1-LOW-CAL-OFFICIAL-R2:16_PER_CLASS,600,False,0.49288206936351286,0.6860125253712472,ELIGIBLE
GROUP-a6e5c91ef2e6bb4b18b8,split_id,IHARQ-SPLITRECORD-20260806-e4e371d332c61e36,600,False,0.49288206936351286,0.6860125253712472,ELIGIBLE
GROUP-a6e5c91ef2e6bb4b18b8,calibration_method_id,__MISSING__,600,False,0.49288206936351286,0.6860125253712472,ELIGIBLE
GROUP-e19827f319e109feec8a,dataset_id,Lee2019_MI,600,False,0.500149610718803,0.6932968003551825,ELIGIBLE
GROUP-e19827f319e109feec8a,subject_id,15,100,False,0.5000483623442067,0.6931955422906644,ELIGIBLE
GROUP-e19827f319e109feec8a,subject_id,19,100,False,0.5000646726980594,0.6932118554052659,ELIGIBLE
GROUP-e19827f319e109feec8a,subject_id,3,100,False,0.5000716344864843,0.6932188156920626,ELIGIBLE
GROUP-e19827f319e109feec8a,subject_id,30,100,False,0.5000202691794287,0.6931674666669622,ELIGIBLE
GROUP-e19827f319e109feec8a,subject_id,36,100,False,0.5006744006107913,0.6938216149813289,ELIGIBLE
GROUP-e19827f319e109feec8a,subject_id,6,100,False,0.5000183249938478,0.6931655070948107,ELIGIBLE
GROUP-e19827f319e109feec8a,session_id,1,600,False,0.500149610718803,0.6932968003551825,ELIGIBLE
GROUP-e19827f319e109feec8a,model_id,RIE-TS-LR:RIE-TS-LR:P02-A0-Lee2019_MI-RIE-TS-LR-P01-L1-LOW-CAL-OFFICIAL-R2:1_PER_CLASS-MR00,600,False,0.500149610718803,0.6932968003551825,ELIGIBLE
GROUP-e19827f319e109feec8a,branch_id,__MISSING__,600,False,0.500149610718803,0.6932968003551825,ELIGIBLE
GROUP-e19827f319e109feec8a,budget_id,P01-L1-LOW-CAL-OFFICIAL-R2:1_PER_CLASS,600,False,0.500149610718803,0.6932968003551825,ELIGIBLE
GROUP-e19827f319e109feec8a,split_id,IHARQ-SPLITRECORD-20260806-e4e371d332c61e36,600,False,0.500149610718803,0.6932968003551825,ELIGIBLE
GROUP-e19827f319e109feec8a,calibration_method_id,__MISSING__,600,False,0.500149610718803,0.6932968003551825,ELIGIBLE
GROUP-6411013f363bc4071af7,dataset_id,Lee2019_MI,600,False,0.5000069507902203,0.6931543943979839,ELIGIBLE
GROUP-6411013f363bc4071af7,subject_id,15,100,False,0.49754414993596946,0.6906911172466391,ELIGIBLE
GROUP-6411013f363bc4071af7,subject_id,19,100,False,0.49954847443339334,0.692695461724434,ELIGIBLE
GROUP-6411013f363bc4071af7,subject_id,3,100,False,0.5007867350549752,0.6939347735058665,ELIGIBLE
GROUP-6411013f363bc4071af7,subject_id,30,100,False,0.49992322517856685,0.6930703029431207,ELIGIBLE
GROUP-6411013f363bc4071af7,subject_id,36,100,False,0.5022498493485709,0.6953981852783897,ELIGIBLE
GROUP-6411013f363bc4071af7,subject_id,6,100,False,0.499989270789846,0.6931365256894538,ELIGIBLE
GROUP-6411013f363bc4071af7,session_id,1,600,False,0.5000069507902203,0.6931543943979839,ELIGIBLE
GROUP-6411013f363bc4071af7,model_id,RIE-TS-LR:RIE-TS-LR:P02-A0-Lee2019_MI-RIE-TS-LR-P01-L1-LOW-CAL-OFFICIAL-R2:2_PER_CLASS-MR00,600,False,0.5000069507902203,0.6931543943979839,ELIGIBLE
GROUP-6411013f363bc4071af7,branch_id,__MISSING__,600,False,0.5000069507902203,0.6931543943979839,ELIGIBLE
GROUP-6411013f363bc4071af7,budget_id,P01-L1-LOW-CAL-OFFICIAL-R2:2_PER_CLASS,600,False,0.5000069507902203,0.6931543943979839,ELIGIBLE
GROUP-6411013f363bc4071af7,split_id,IHARQ-SPLITRECORD-20260806-e4e371d332c61e36,600,False,0.5000069507902203,0.6931543943979839,ELIGIBLE
GROUP-6411013f363bc4071af7,calibration_method_id,__MISSING__,600,False,0.5000069507902203,0.6931543943979839,ELIGIBLE
GROUP-fd48768d1e8809f3e9cb,dataset_id,Lee2019_MI,600,False,0.4899811270040826,0.6830210904932121,ELIGIBLE
GROUP-fd48768d1e8809f3e9cb,subject_id,15,100,False,0.49668911542434047,0.6898243538354764,ELIGIBLE
GROUP-fd48768d1e8809f3e9cb,subject_id,19,100,False,0.4901877597119382,0.6833218412837695,ELIGIBLE
GROUP-fd48768d1e8809f3e9cb,subject_id,3,100,False,0.4911885426691114,0.6841603849866751,ELIGIBLE
GROUP-fd48768d1e8809f3e9cb,subject_id,30,100,False,0.4998829941009265,0.693030314656579,ELIGIBLE
GROUP-fd48768d1e8809f3e9cb,subject_id,36,100,False,0.4629430233632811,0.6556590351490644,ELIGIBLE
GROUP-fd48768d1e8809f3e9cb,subject_id,6,100,False,0.49899532675489794,0.6921306130477086,ELIGIBLE
GROUP-fd48768d1e8809f3e9cb,session_id,1,600,False,0.4899811270040826,0.6830210904932121,ELIGIBLE
GROUP-fd48768d1e8809f3e9cb,model_id,RIE-TS-LR:RIE-TS-LR:P02-A0-Lee2019_MI-RIE-TS-LR-P01-L1-LOW-CAL-OFFICIAL-R2:32_PER_CLASS-MR00,600,False,0.4899811270040826,0.6830210904932121,ELIGIBLE
GROUP-fd48768d1e8809f3e9cb,branch_id,__MISSING__,600,False,0.4899811270040826,0.6830210904932121,ELIGIBLE
GROUP-fd48768d1e8809f3e9cb,budget_id,P01-L1-LOW-CAL-OFFICIAL-R2:32_PER_CLASS,600,False,0.4899811270040826,0.6830210904932121,ELIGIBLE
GROUP-fd48768d1e8809f3e9cb,split_id,IHARQ-SPLITRECORD-20260806-e4e371d332c61e36,600,False,0.4899811270040826,0.6830210904932121,ELIGIBLE
GROUP-fd48768d1e8809f3e9cb,calibration_method_id,__MISSING__,600,False,0.4899811270040826,0.6830210904932121,ELIGIBLE
GROUP-bdb34103444c35650141,dataset_id,Lee2019_MI,600,False,0.5001488328311773,0.6932967073232288,ELIGIBLE
GROUP-bdb34103444c35650141,subject_id,15,100,False,0.49783000480999173,0.6909768328535294,ELIGIBLE
GROUP-bdb34103444c35650141,subject_id,19,100,False,0.49942893047456094,0.6925757876383696,ELIGIBLE
GROUP-bdb34103444c35650141,subject_id,3,100,False,0.5015157912687433,0.6946659863751552,ELIGIBLE
GROUP-bdb34103444c35650141,subject_id,30,100,False,0.5000905868131151,0.6932378139178402,ELIGIBLE
GROUP-bdb34103444c35650141,subject_id,36,100,False,0.5018385430319029,0.6949872880073366,ELIGIBLE
GROUP-bdb34103444c35650141,subject_id,6,100,False,0.5001891405887499,0.6933365351471416,ELIGIBLE
GROUP-bdb34103444c35650141,session_id,1,600,False,0.5001488328311773,0.6932967073232288,ELIGIBLE
GROUP-bdb34103444c35650141,model_id,RIE-TS-LR:RIE-TS-LR:P02-A0-Lee2019_MI-RIE-TS-LR-P01-L1-LOW-CAL-OFFICIAL-R2:4_PER_CLASS-MR00,600,False,0.5001488328311773,0.6932967073232288,ELIGIBLE
GROUP-bdb34103444c35650141,branch_id,__MISSING__,600,False,0.5001488328311773,0.6932967073232288,ELIGIBLE
GROUP-bdb34103444c35650141,budget_id,P01-L1-LOW-CAL-OFFICIAL-R2:4_PER_CLASS,600,False,0.5001488328311773,0.6932967073232288,ELIGIBLE
GROUP-bdb34103444c35650141,split_id,IHARQ-SPLITRECORD-20260806-e4e371d332c61e36,600,False,0.5001488328311773,0.6932967073232288,ELIGIBLE
GROUP-bdb34103444c35650141,calibration_method_id,__MISSING__,600,False,0.5001488328311773,0.6932967073232288,ELIGIBLE
GROUP-4a87a5da969a033b98d4,dataset_id,Lee2019_MI,600,False,0.4987855044673681,0.6919325798779397,ELIGIBLE
GROUP-4a87a5da969a033b98d4,subject_id,15,100,False,0.4985601052470403,0.6917070564221086,ELIGIBLE
GROUP-4a87a5da969a033b98d4,subject_id,19,100,False,0.4986654547852989,0.6918125913704734,ELIGIBLE
GROUP-4a87a5da969a033b98d4,subject_id,3,100,False,0.49826403231881655,0.6914111154886606,ELIGIBLE
GROUP-4a87a5da969a033b98d4,subject_id,30,100,False,0.5005739393820504,0.6937211866036935,ELIGIBLE
GROUP-4a87a5da969a033b98d4,subject_id,36,100,False,0.4966810172124627,0.6898279010747277,ELIGIBLE
GROUP-4a87a5da969a033b98d4,subject_id,6,100,False,0.4999684778585397,0.6931156283079742,ELIGIBLE
GROUP-4a87a5da969a033b98d4,session_id,1,600,False,0.4987855044673681,0.6919325798779397,ELIGIBLE
GROUP-4a87a5da969a033b98d4,model_id,RIE-TS-LR:RIE-TS-LR:P02-A0-Lee2019_MI-RIE-TS-LR-P01-L1-LOW-CAL-OFFICIAL-R2:8_PER_CLASS-MR00,600,False,0.4987855044673681,0.6919325798779397,ELIGIBLE
GROUP-4a87a5da969a033b98d4,branch_id,__MISSING__,600,False,0.4987855044673681,0.6919325798779397,ELIGIBLE
GROUP-4a87a5da969a033b98d4,budget_id,P01-L1-LOW-CAL-OFFICIAL-R2:8_PER_CLASS,600,False,0.4987855044673681,0.6919325798779397,ELIGIBLE
GROUP-4a87a5da969a033b98d4,split_id,IHARQ-SPLITRECORD-20260806-e4e371d332c61e36,600,False,0.4987855044673681,0.6919325798779397,ELIGIBLE
GROUP-4a87a5da969a033b98d4,calibration_method_id,__MISSING__,600,False,0.4987855044673681,0.6919325798779397,ELIGIBLE
GROUP-f7c0fce32b3a87ca3226,dataset_id,Lee2019_MI,600,False,0.4107523354785431,0.5970981843235071,ELIGIBLE
GROUP-f7c0fce32b3a87ca3226,subject_id,15,100,False,0.4909416771736993,0.683748689570454,ELIGIBLE
GROUP-f7c0fce32b3a87ca3226,subject_id,19,100,False,0.3471360958621657,0.5303509537810344,ELIGIBLE
GROUP-f7c0fce32b3a87ca3226,subject_id,3,100,False,0.34950171022822685,0.5300993603213666,ELIGIBLE
GROUP-f7c0fce32b3a87ca3226,subject_id,30,100,False,0.49634550482865764,0.6896380852003507,ELIGIBLE
GROUP-f7c0fce32b3a87ca3226,subject_id,36,100,False,0.246368003904375,0.41843643935017644,ELIGIBLE
GROUP-f7c0fce32b3a87ca3226,subject_id,6,100,False,0.5342210208741344,0.7303155777176612,ELIGIBLE
GROUP-f7c0fce32b3a87ca3226,session_id,1,600,False,0.4107523354785431,0.5970981843235071,ELIGIBLE
GROUP-f7c0fce32b3a87ca3226,model_id,SSL-CBRAMOD:CBraMod-HF-Braindecode-GovernedP02-R6Scale1e4:P02-A0-Lee2019_MI-SSL-CBRAMOD-FULL_TRAIN-MR00,600,False,0.4107523354785431,0.5970981843235071,ELIGIBLE
GROUP-f7c0fce32b3a87ca3226,branch_id,__MISSING__,600,False,0.4107523354785431,0.5970981843235071,ELIGIBLE
GROUP-f7c0fce32b3a87ca3226,budget_id,FULL_TRAIN,600,False,0.4107523354785431,0.5970981843235071,ELIGIBLE
GROUP-f7c0fce32b3a87ca3226,split_id,IHARQ-SPLITRECORD-20260806-e4e371d332c61e36,600,False,0.4107523354785431,0.5970981843235071,ELIGIBLE
GROUP-f7c0fce32b3a87ca3226,calibration_method_id,__MISSING__,600,False,0.4107523354785431,0.5970981843235071,ELIGIBLE
GROUP-4d0edc289e5b590581db,dataset_id,Lee2019_MI,600,False,0.444538492330771,0.6340193017483364,ELIGIBLE
GROUP-4d0edc289e5b590581db,subject_id,15,100,False,0.5009624815130811,0.6937563841450537,ELIGIBLE
GROUP-4d0edc289e5b590581db,subject_id,19,100,False,0.37136934658454834,0.5570073912487635,ELIGIBLE
GROUP-4d0edc289e5b590581db,subject_id,3,100,False,0.3701564287113681,0.5518547946670062,ELIGIBLE
GROUP-4d0edc289e5b590581db,subject_id,30,100,False,0.5057161172580662,0.6988039796270854,ELIGIBLE
GROUP-4d0edc289e5b590581db,subject_id,36,100,False,0.31359095535854004,0.4862270736423753,ELIGIBLE
GROUP-4d0edc289e5b590581db,subject_id,6,100,False,0.6054356245590222,0.8164661871597338,ELIGIBLE
GROUP-4d0edc289e5b590581db,session_id,1,600,False,0.444538492330771,0.6340193017483364,ELIGIBLE
GROUP-4d0edc289e5b590581db,model_id,SSL-CBRAMOD:CBraMod-HF-Braindecode-GovernedP02-R6Scale1e4:P02-A0-Lee2019_MI-SSL-CBRAMOD-FULL_TRAIN-MR01,600,False,0.444538492330771,0.6340193017483364,ELIGIBLE
GROUP-4d0edc289e5b590581db,branch_id,__MISSING__,600,False,0.444538492330771,0.6340193017483364,ELIGIBLE
GROUP-4d0edc289e5b590581db,budget_id,FULL_TRAIN,600,False,0.444538492330771,0.6340193017483364,ELIGIBLE
GROUP-4d0edc289e5b590581db,split_id,IHARQ-SPLITRECORD-20260806-e4e371d332c61e36,600,False,0.444538492330771,0.6340193017483364,ELIGIBLE
GROUP-4d0edc289e5b590581db,calibration_method_id,__MISSING__,600,False,0.444538492330771,0.6340193017483364,ELIGIBLE
GROUP-56d77ac7fc3cf2b67dc7,dataset_id,Lee2019_MI,600,False,0.40795700364556786,0.5941559540613519,ELIGIBLE
GROUP-56d77ac7fc3cf2b67dc7,subject_id,15,100,False,0.4997378303682984,0.6929739917204055,ELIGIBLE
GROUP-56d77ac7fc3cf2b67dc7,subject_id,19,100,False,0.33590815019009895,0.5190874773180655,ELIGIBLE
GROUP-56d77ac7fc3cf2b67dc7,subject_id,3,100,False,0.35205834103447126,0.5331857654115464,ELIGIBLE
GROUP-56d77ac7fc3cf2b67dc7,subject_id,30,100,False,0.48912125396127526,0.681147417866362,ELIGIBLE
GROUP-56d77ac7fc3cf2b67dc7,subject_id,36,100,False,0.254033168298583,0.4269663501336936,ELIGIBLE
GROUP-56d77ac7fc3cf2b67dc7,subject_id,6,100,False,0.5168832780206801,0.7115747219180384,ELIGIBLE
GROUP-56d77ac7fc3cf2b67dc7,session_id,1,600,False,0.40795700364556786,0.5941559540613519,ELIGIBLE
GROUP-56d77ac7fc3cf2b67dc7,model_id,SSL-CBRAMOD:CBraMod-HF-Braindecode-GovernedP02-R6Scale1e4:P02-A0-Lee2019_MI-SSL-CBRAMOD-FULL_TRAIN-MR02,600,False,0.40795700364556786,0.5941559540613519,ELIGIBLE
GROUP-56d77ac7fc3cf2b67dc7,branch_id,__MISSING__,600,False,0.40795700364556786,0.5941559540613519,ELIGIBLE
GROUP-56d77ac7fc3cf2b67dc7,budget_id,FULL_TRAIN,600,False,0.40795700364556786,0.5941559540613519,ELIGIBLE
GROUP-56d77ac7fc3cf2b67dc7,split_id,IHARQ-SPLITRECORD-20260806-e4e371d332c61e36,600,False,0.40795700364556786,0.5941559540613519,ELIGIBLE
GROUP-56d77ac7fc3cf2b67dc7,calibration_method_id,__MISSING__,600,False,0.40795700364556786,0.5941559540613519,ELIGIBLE
GROUP-197efb8632db5ed14d03,dataset_id,Lee2019_MI,600,False,0.4387883654317102,0.6273875072157754,ELIGIBLE
GROUP-197efb8632db5ed14d03,subject_id,15,100,False,0.5047306343525709,0.6981610667316105,ELIGIBLE
GROUP-197efb8632db5ed14d03,subject_id,19,100,False,0.3724023427715793,0.5577274625161927,ELIGIBLE
GROUP-197efb8632db5ed14d03,subject_id,3,100,False,0.40134001894381477,0.586451856869368,ELIGIBLE
GROUP-197efb8632db5ed14d03,subject_id,30,100,False,0.5190220196064769,0.7135518048718126,ELIGIBLE
GROUP-197efb8632db5ed14d03,subject_id,36,100,False,0.3067190766043319,0.48523044232856266,ELIGIBLE
GROUP-197efb8632db5ed14d03,subject_id,6,100,False,0.5285161003114873,0.7232024099771064,ELIGIBLE
GROUP-197efb8632db5ed14d03,session_id,1,600,False,0.4387883654317102,0.6273875072157754,ELIGIBLE
GROUP-197efb8632db5ed14d03,model_id,SSL-CBRAMOD:CBraMod-HF-Braindecode-GovernedP02-R6Scale1e4:P02-A0-Lee2019_MI-SSL-CBRAMOD-FULL_TRAIN-MR03,600,False,0.4387883654317102,0.6273875072157754,ELIGIBLE
GROUP-197efb8632db5ed14d03,branch_id,__MISSING__,600,False,0.4387883654317102,0.6273875072157754,ELIGIBLE
GROUP-197efb8632db5ed14d03,budget_id,FULL_TRAIN,600,False,0.4387883654317102,0.6273875072157754,ELIGIBLE
GROUP-197efb8632db5ed14d03,split_id,IHARQ-SPLITRECORD-20260806-e4e371d332c61e36,600,False,0.4387883654317102,0.6273875072157754,ELIGIBLE
GROUP-197efb8632db5ed14d03,calibration_method_id,__MISSING__,600,False,0.4387883654317102,0.6273875072157754,ELIGIBLE
GROUP-57cca17b404e0bb8172c,dataset_id,Lee2019_MI,600,False,0.44292577045850784,0.6333515642354705,ELIGIBLE
GROUP-57cca17b404e0bb8172c,subject_id,15,100,False,0.49942858625103276,0.6924538109617845,ELIGIBLE
GROUP-57cca17b404e0bb8172c,subject_id,19,100,False,0.3795706671398898,0.5665822083963967,ELIGIBLE
GROUP-57cca17b404e0bb8172c,subject_id,3,100,False,0.42094274297991385,0.6105317155000999,ELIGIBLE
GROUP-57cca17b404e0bb8172c,subject_id,30,100,False,0.5166282887878526,0.7107338323756344,ELIGIBLE
GROUP-57cca17b404e0bb8172c,subject_id,36,100,False,0.3168139960566712,0.5011301105521994,ELIGIBLE
GROUP-57cca17b404e0bb8172c,subject_id,6,100,False,0.524170341535687,0.7186777076267076,ELIGIBLE
GROUP-57cca17b404e0bb8172c,session_id,1,600,False,0.44292577045850784,0.6333515642354705,ELIGIBLE
GROUP-57cca17b404e0bb8172c,model_id,SSL-CBRAMOD:CBraMod-HF-Braindecode-GovernedP02-R6Scale1e4:P02-A0-Lee2019_MI-SSL-CBRAMOD-FULL_TRAIN-MR04,600,False,0.44292577045850784,0.6333515642354705,ELIGIBLE
GROUP-57cca17b404e0bb8172c,branch_id,__MISSING__,600,False,0.44292577045850784,0.6333515642354705,ELIGIBLE
GROUP-57cca17b404e0bb8172c,budget_id,FULL_TRAIN,600,False,0.44292577045850784,0.6333515642354705,ELIGIBLE
GROUP-57cca17b404e0bb8172c,split_id,IHARQ-SPLITRECORD-20260806-e4e371d332c61e36,600,False,0.44292577045850784,0.6333515642354705,ELIGIBLE
GROUP-57cca17b404e0bb8172c,calibration_method_id,__MISSING__,600,False,0.44292577045850784,0.6333515642354705,ELIGIBLE
GROUP-8b07889f63032e7df186,dataset_id,Lee2019_MI,600,False,0.5002186394072923,0.6933659010424386,ELIGIBLE
GROUP-8b07889f63032e7df186,subject_id,15,100,False,0.5000649197800221,0.6932125103291484,ELIGIBLE
GROUP-8b07889f63032e7df186,subject_id,19,100,False,0.5000466632535573,0.69319387222679,ELIGIBLE
GROUP-8b07889f63032e7df186,subject_id,3,100,False,0.499564671906963,0.6927118708302129,ELIGIBLE
GROUP-8b07889f63032e7df186,subject_id,30,100,False,0.5013572591027762,0.6945045368798004,ELIGIBLE
GROUP-8b07889f63032e7df186,subject_id,36,100,False,0.5005231110160441,0.693670368310897,ELIGIBLE
GROUP-8b07889f63032e7df186,subject_id,6,100,False,0.4997552113843912,0.6929022476777827,ELIGIBLE
GROUP-8b07889f63032e7df186,session_id,1,600,False,0.5002186394072923,0.6933659010424386,ELIGIBLE
GROUP-8b07889f63032e7df186,model_id,SSL-CBRAMOD:CBraMod-HF-Braindecode-GovernedP02-R6Scale1e4:P02-A0-Lee2019_MI-SSL-CBRAMOD-P01-L1-LOW-CAL-OFFICIAL-R2:16_PER_CLASS-MR00,600,False,0.5002186394072923,0.6933659010424386,ELIGIBLE
GROUP-8b07889f63032e7df186,branch_id,__MISSING__,600,False,0.5002186394072923,0.6933659010424386,ELIGIBLE
GROUP-8b07889f63032e7df186,budget_id,P01-L1-LOW-CAL-OFFICIAL-R2:16_PER_CLASS,600,False,0.5002186394072923,0.6933659010424386,ELIGIBLE
GROUP-8b07889f63032e7df186,split_id,IHARQ-SPLITRECORD-20260806-e4e371d332c61e36,600,False,0.5002186394072923,0.6933659010424386,ELIGIBLE
GROUP-8b07889f63032e7df186,calibration_method_id,__MISSING__,600,False,0.5002186394072923,0.6933659010424386,ELIGIBLE
GROUP-a1541c2fd69cd016083b,dataset_id,Lee2019_MI,600,False,0.500054433067162,0.6932018022908238,ELIGIBLE
GROUP-a1541c2fd69cd016083b,subject_id,15,100,False,0.5003613504323203,0.6935086354916945,ELIGIBLE
GROUP-a1541c2fd69cd016083b,subject_id,19,100,False,0.49986280832693175,0.6930097099470504,ELIGIBLE
GROUP-a1541c2fd69cd016083b,subject_id,3,100,False,0.5000023618002869,0.6931497346468335,ELIGIBLE
GROUP-a1541c2fd69cd016083b,subject_id,30,100,False,0.4991344625258975,0.6922816357722209,ELIGIBLE
GROUP-a1541c2fd69cd016083b,subject_id,36,100,False,0.49979667482500467,0.692944414862103,ELIGIBLE
GROUP-a1541c2fd69cd016083b,subject_id,6,100,False,0.5011689404925314,0.6943166830250408,ELIGIBLE
GROUP-a1541c2fd69cd016083b,session_id,1,600,False,0.500054433067162,0.6932018022908238,ELIGIBLE
GROUP-a1541c2fd69cd016083b,model_id,SSL-CBRAMOD:CBraMod-HF-Braindecode-GovernedP02-R6Scale1e4:P02-A0-Lee2019_MI-SSL-CBRAMOD-P01-L1-LOW-CAL-OFFICIAL-R2:16_PER_CLASS-MR01,600,False,0.500054433067162,0.6932018022908238,ELIGIBLE
GROUP-a1541c2fd69cd016083b,branch_id,__MISSING__,600,False,0.500054433067162,0.6932018022908238,ELIGIBLE
GROUP-a1541c2fd69cd016083b,budget_id,P01-L1-LOW-CAL-OFFICIAL-R2:16_PER_CLASS,600,False,0.500054433067162,0.6932018022908238,ELIGIBLE
GROUP-a1541c2fd69cd016083b,split_id,IHARQ-SPLITRECORD-20260806-e4e371d332c61e36,600,False,0.500054433067162,0.6932018022908238,ELIGIBLE
GROUP-a1541c2fd69cd016083b,calibration_method_id,__MISSING__,600,False,0.500054433067162,0.6932018022908238,ELIGIBLE
GROUP-d1f595b81638619260ee,dataset_id,Lee2019_MI,600,False,0.5000589474820188,0.6932059045216622,ELIGIBLE
GROUP-d1f595b81638619260ee,subject_id,15,100,False,0.5001970892735139,0.6933436731135894,ELIGIBLE
GROUP-d1f595b81638619260ee,subject_id,19,100,False,0.5000933350080556,0.6932401989008067,ELIGIBLE
GROUP-d1f595b81638619260ee,subject_id,3,100,False,0.5015732199707792,0.6947214837013977,ELIGIBLE
GROUP-d1f595b81638619260ee,subject_id,30,100,False,0.4991007701934068,0.6922474699721721,ELIGIBLE
GROUP-d1f595b81638619260ee,subject_id,36,100,False,0.500917160030746,0.694064074204687,ELIGIBLE
GROUP-d1f595b81638619260ee,subject_id,6,100,False,0.49847211041561124,0.6916185272373202,ELIGIBLE
GROUP-d1f595b81638619260ee,session_id,1,600,False,0.5000589474820188,0.6932059045216622,ELIGIBLE
GROUP-d1f595b81638619260ee,model_id,SSL-CBRAMOD:CBraMod-HF-Braindecode-GovernedP02-R6Scale1e4:P02-A0-Lee2019_MI-SSL-CBRAMOD-P01-L1-LOW-CAL-OFFICIAL-R2:16_PER_CLASS-MR02,600,False,0.5000589474820188,0.6932059045216622,ELIGIBLE
GROUP-d1f595b81638619260ee,branch_id,__MISSING__,600,False,0.5000589474820188,0.6932059045216622,ELIGIBLE
GROUP-d1f595b81638619260ee,budget_id,P01-L1-LOW-CAL-OFFICIAL-R2:16_PER_CLASS,600,False,0.5000589474820188,0.6932059045216622,ELIGIBLE
GROUP-d1f595b81638619260ee,split_id,IHARQ-SPLITRECORD-20260806-e4e371d332c61e36,600,False,0.5000589474820188,0.6932059045216622,ELIGIBLE
GROUP-d1f595b81638619260ee,calibration_method_id,__MISSING__,600,False,0.5000589474820188,0.6932059045216622,ELIGIBLE
GROUP-ccd944e2920ab1b9e24d,dataset_id,Lee2019_MI,600,False,0.5016654034470113,0.6948133441288473,ELIGIBLE
GROUP-ccd944e2920ab1b9e24d,subject_id,15,100,False,0.5031434469355888,0.6962923107615966,ELIGIBLE
GROUP-ccd944e2920ab1b9e24d,subject_id,19,100,False,0.5020679949760911,0.6952150125320804,ELIGIBLE
GROUP-ccd944e2920ab1b9e24d,subject_id,3,100,False,0.5006595381389455,0.6938071694352073,ELIGIBLE
GROUP-ccd944e2920ab1b9e24d,subject_id,30,100,False,0.5023686693752534,0.6955166305907667,ELIGIBLE
GROUP-ccd944e2920ab1b9e24d,subject_id,36,100,False,0.5004026344878829,0.6935493151896377,ELIGIBLE
GROUP-ccd944e2920ab1b9e24d,subject_id,6,100,False,0.5013501367683062,0.6944996262637957,ELIGIBLE
GROUP-ccd944e2920ab1b9e24d,session_id,1,600,False,0.5016654034470113,0.6948133441288473,ELIGIBLE
GROUP-ccd944e2920ab1b9e24d,model_id,SSL-CBRAMOD:CBraMod-HF-Braindecode-GovernedP02-R6Scale1e4:P02-A0-Lee2019_MI-SSL-CBRAMOD-P01-L1-LOW-CAL-OFFICIAL-R2:16_PER_CLASS-MR03,600,False,0.5016654034470113,0.6948133441288473,ELIGIBLE
GROUP-ccd944e2920ab1b9e24d,branch_id,__MISSING__,600,False,0.5016654034470113,0.6948133441288473,ELIGIBLE
GROUP-ccd944e2920ab1b9e24d,budget_id,P01-L1-LOW-CAL-OFFICIAL-R2:16_PER_CLASS,600,False,0.5016654034470113,0.6948133441288473,ELIGIBLE
GROUP-ccd944e2920ab1b9e24d,split_id,IHARQ-SPLITRECORD-20260806-e4e371d332c61e36,600,False,0.5016654034470113,0.6948133441288473,ELIGIBLE
GROUP-ccd944e2920ab1b9e24d,calibration_method_id,__MISSING__,600,False,0.5016654034470113,0.6948133441288473,ELIGIBLE
GROUP-3e90d3e41e6626aafef4,dataset_id,Lee2019_MI,600,False,0.5004443474778184,0.6935918060803336,ELIGIBLE
GROUP-3e90d3e41e6626aafef4,subject_id,15,100,False,0.5001552383859384,0.693302695211534,ELIGIBLE
GROUP-3e90d3e41e6626aafef4,subject_id,19,100,False,0.5025486125096734,0.6956974038063545,ELIGIBLE
GROUP-3e90d3e41e6626aafef4,subject_id,3,100,False,0.5004532967293981,0.6936007589839496,ELIGIBLE
GROUP-3e90d3e41e6626aafef4,subject_id,30,100,False,0.5012471099756964,0.6943944503218195,ELIGIBLE
GROUP-3e90d3e41e6626aafef4,subject_id,36,100,False,0.5013089929135494,0.6944569574023578,ELIGIBLE
GROUP-3e90d3e41e6626aafef4,subject_id,6,100,False,0.49695283435265436,0.6900985707559856,ELIGIBLE
GROUP-3e90d3e41e6626aafef4,session_id,1,600,False,0.5004443474778184,0.6935918060803336,ELIGIBLE
GROUP-3e90d3e41e6626aafef4,model_id,SSL-CBRAMOD:CBraMod-HF-Braindecode-GovernedP02-R6Scale1e4:P02-A0-Lee2019_MI-SSL-CBRAMOD-P01-L1-LOW-CAL-OFFICIAL-R2:16_PER_CLASS-MR04,600,False,0.5004443474778184,0.6935918060803336,ELIGIBLE
GROUP-3e90d3e41e6626aafef4,branch_id,__MISSING__,600,False,0.5004443474778184,0.6935918060803336,ELIGIBLE
GROUP-3e90d3e41e6626aafef4,budget_id,P01-L1-LOW-CAL-OFFICIAL-R2:16_PER_CLASS,600,False,0.5004443474778184,0.6935918060803336,ELIGIBLE
GROUP-3e90d3e41e6626aafef4,split_id,IHARQ-SPLITRECORD-20260806-e4e371d332c61e36,600,False,0.5004443474778184,0.6935918060803336,ELIGIBLE
GROUP-3e90d3e41e6626aafef4,calibration_method_id,__MISSING__,600,False,0.5004443474778184,0.6935918060803336,ELIGIBLE
GROUP-8fa4980d237d7d45a445,dataset_id,Lee2019_MI,600,False,0.5017374545391734,0.694889632245834,ELIGIBLE
GROUP-8fa4980d237d7d45a445,subject_id,15,100,False,0.5058591827298202,0.6990166992455242,ELIGIBLE
GROUP-8fa4980d237d7d45a445,subject_id,19,100,False,0.501065779459681,0.6942130056144508,ELIGIBLE
GROUP-8fa4980d237d7d45a445,subject_id,3,100,False,0.5017717679546684,0.694924585559466,ELIGIBLE
GROUP-8fa4980d237d7d45a445,subject_id,30,100,False,0.49974008006745435,0.692887267970761,ELIGIBLE
GROUP-8fa4980d237d7d45a445,subject_id,36,100,False,0.502024471485819,0.6951853753462922,ELIGIBLE
GROUP-8fa4980d237d7d45a445,subject_id,6,100,False,0.49996344553759703,0.6931108597385096,ELIGIBLE
GROUP-8fa4980d237d7d45a445,session_id,1,600,False,0.5017374545391734,0.694889632245834,ELIGIBLE
GROUP-8fa4980d237d7d45a445,model_id,SSL-CBRAMOD:CBraMod-HF-Braindecode-GovernedP02-R6Scale1e4:P02-A0-Lee2019_MI-SSL-CBRAMOD-P01-L1-LOW-CAL-OFFICIAL-R2:1_PER_CLASS-MR00,600,False,0.5017374545391734,0.694889632245834,ELIGIBLE
GROUP-8fa4980d237d7d45a445,branch_id,__MISSING__,600,False,0.5017374545391734,0.694889632245834,ELIGIBLE
GROUP-8fa4980d237d7d45a445,budget_id,P01-L1-LOW-CAL-OFFICIAL-R2:1_PER_CLASS,600,False,0.5017374545391734,0.694889632245834,ELIGIBLE
GROUP-8fa4980d237d7d45a445,split_id,IHARQ-SPLITRECORD-20260806-e4e371d332c61e36,600,False,0.5017374545391734,0.694889632245834,ELIGIBLE
GROUP-8fa4980d237d7d45a445,calibration_method_id,__MISSING__,600,False,0.5017374545391734,0.694889632245834,ELIGIBLE
GROUP-f01959cda8a92c86840d,dataset_id,Lee2019_MI,600,False,0.5009464803793261,0.6940940159879616,ELIGIBLE
GROUP-f01959cda8a92c86840d,subject_id,15,100,False,0.50363075483089,0.6967784699112152,ELIGIBLE
GROUP-f01959cda8a92c86840d,subject_id,19,100,False,0.49859441364961177,0.6917415361151668,ELIGIBLE
GROUP-f01959cda8a92c86840d,subject_id,3,100,False,0.49970713476383444,0.6928547615112176,ELIGIBLE
GROUP-f01959cda8a92c86840d,subject_id,30,100,False,0.5013872410984468,0.694535388421038,ELIGIBLE
GROUP-f01959cda8a92c86840d,subject_id,36,100,False,0.5008014909394869,0.6939488146672832,ELIGIBLE
GROUP-f01959cda8a92c86840d,subject_id,6,100,False,0.5015578469936868,0.6947051253018488,ELIGIBLE
GROUP-f01959cda8a92c86840d,session_id,1,600,False,0.5009464803793261,0.6940940159879616,ELIGIBLE
GROUP-f01959cda8a92c86840d,model_id,SSL-CBRAMOD:CBraMod-HF-Braindecode-GovernedP02-R6Scale1e4:P02-A0-Lee2019_MI-SSL-CBRAMOD-P01-L1-LOW-CAL-OFFICIAL-R2:1_PER_CLASS-MR01,600,False,0.5009464803793261,0.6940940159879616,ELIGIBLE
GROUP-f01959cda8a92c86840d,branch_id,__MISSING__,600,False,0.5009464803793261,0.6940940159879616,ELIGIBLE
GROUP-f01959cda8a92c86840d,budget_id,P01-L1-LOW-CAL-OFFICIAL-R2:1_PER_CLASS,600,False,0.5009464803793261,0.6940940159879616,ELIGIBLE
GROUP-f01959cda8a92c86840d,split_id,IHARQ-SPLITRECORD-20260806-e4e371d332c61e36,600,False,0.5009464803793261,0.6940940159879616,ELIGIBLE
GROUP-f01959cda8a92c86840d,calibration_method_id,__MISSING__,600,False,0.5009464803793261,0.6940940159879616,ELIGIBLE
GROUP-5d84e77704ed87c14ca3,dataset_id,Lee2019_MI,600,False,0.5013209412528801,0.6944735046607513,ELIGIBLE
GROUP-5d84e77704ed87c14ca3,subject_id,15,100,False,0.5055121021396719,0.6986788690984729,ELIGIBLE
GROUP-5d84e77704ed87c14ca3,subject_id,19,100,False,0.4999737680854734,0.6931184631606616,ELIGIBLE
GROUP-5d84e77704ed87c14ca3,subject_id,3,100,False,0.5030518282025386,0.6962100694776591,ELIGIBLE
GROUP-5d84e77704ed87c14ca3,subject_id,30,100,False,0.49932129398279357,0.6924685391750808,ELIGIBLE
GROUP-5d84e77704ed87c14ca3,subject_id,36,100,False,0.4994388454503917,0.6925905891452966,ELIGIBLE
GROUP-5d84e77704ed87c14ca3,subject_id,6,100,False,0.5006278096564108,0.6937744979073376,ELIGIBLE
GROUP-5d84e77704ed87c14ca3,session_id,1,600,False,0.5013209412528801,0.6944735046607513,ELIGIBLE
GROUP-5d84e77704ed87c14ca3,model_id,SSL-CBRAMOD:CBraMod-HF-Braindecode-GovernedP02-R6Scale1e4:P02-A0-Lee2019_MI-SSL-CBRAMOD-P01-L1-LOW-CAL-OFFICIAL-R2:1_PER_CLASS-MR02,600,False,0.5013209412528801,0.6944735046607513,ELIGIBLE
GROUP-5d84e77704ed87c14ca3,branch_id,__MISSING__,600,False,0.5013209412528801,0.6944735046607513,ELIGIBLE
GROUP-5d84e77704ed87c14ca3,budget_id,P01-L1-LOW-CAL-OFFICIAL-R2:1_PER_CLASS,600,False,0.5013209412528801,0.6944735046607513,ELIGIBLE
GROUP-5d84e77704ed87c14ca3,split_id,IHARQ-SPLITRECORD-20260806-e4e371d332c61e36,600,False,0.5013209412528801,0.6944735046607513,ELIGIBLE
GROUP-5d84e77704ed87c14ca3,calibration_method_id,__MISSING__,600,False,0.5013209412528801,0.6944735046607513,ELIGIBLE
GROUP-3c12cbee3a869b8c1b59,dataset_id,Lee2019_MI,600,False,0.5012989768856063,0.69444845282883,ELIGIBLE
GROUP-3c12cbee3a869b8c1b59,subject_id,15,100,False,0.5046886447799434,0.6978426319210222,ELIGIBLE
GROUP-3c12cbee3a869b8c1b59,subject_id,19,100,False,0.49869117521202533,0.6918363263612061,ELIGIBLE
GROUP-3c12cbee3a869b8c1b59,subject_id,3,100,False,0.5041766658868847,0.6973300803362609,ELIGIBLE
GROUP-3c12cbee3a869b8c1b59,subject_id,30,100,False,0.5012881609769018,0.6944360502105431,ELIGIBLE
GROUP-3c12cbee3a869b8c1b59,subject_id,36,100,False,0.4990770629659794,0.6922260911164212,ELIGIBLE
GROUP-3c12cbee3a869b8c1b59,subject_id,6,100,False,0.49987215149190317,0.6930195370275263,ELIGIBLE
GROUP-3c12cbee3a869b8c1b59,session_id,1,600,False,0.5012989768856063,0.69444845282883,ELIGIBLE
GROUP-3c12cbee3a869b8c1b59,model_id,SSL-CBRAMOD:CBraMod-HF-Braindecode-GovernedP02-R6Scale1e4:P02-A0-Lee2019_MI-SSL-CBRAMOD-P01-L1-LOW-CAL-OFFICIAL-R2:1_PER_CLASS-MR03,600,False,0.5012989768856063,0.69444845282883,ELIGIBLE
GROUP-3c12cbee3a869b8c1b59,branch_id,__MISSING__,600,False,0.5012989768856063,0.69444845282883,ELIGIBLE
GROUP-3c12cbee3a869b8c1b59,budget_id,P01-L1-LOW-CAL-OFFICIAL-R2:1_PER_CLASS,600,False,0.5012989768856063,0.69444845282883,ELIGIBLE
GROUP-3c12cbee3a869b8c1b59,split_id,IHARQ-SPLITRECORD-20260806-e4e371d332c61e36,600,False,0.5012989768856063,0.69444845282883,ELIGIBLE
GROUP-3c12cbee3a869b8c1b59,calibration_method_id,__MISSING__,600,False,0.5012989768856063,0.69444845282883,ELIGIBLE
GROUP-fee60db95c4bc44a77f4,dataset_id,Lee2019_MI,600,False,0.5041418761044023,0.6974163178649765,ELIGIBLE
GROUP-fee60db95c4bc44a77f4,subject_id,15,100,False,0.5211069321055833,0.7147308675950022,ELIGIBLE
GROUP-fee60db95c4bc44a77f4,subject_id,19,100,False,0.49738314959199287,0.6905127492222176,ELIGIBLE
GROUP-fee60db95c4bc44a77f4,subject_id,3,100,False,0.5050028329861584,0.6981683229917037,ELIGIBLE
GROUP-fee60db95c4bc44a77f4,subject_id,30,100,False,0.4994269998320597,0.6925749315879847,ELIGIBLE
GROUP-fee60db95c4bc44a77f4,subject_id,36,100,False,0.5013164752790872,0.694748268357477,ELIGIBLE
GROUP-fee60db95c4bc44a77f4,subject_id,6,100,False,0.5006148668315329,0.6937627674354745,ELIGIBLE
GROUP-fee60db95c4bc44a77f4,session_id,1,600,False,0.5041418761044023,0.6974163178649765,ELIGIBLE
GROUP-fee60db95c4bc44a77f4,model_id,SSL-CBRAMOD:CBraMod-HF-Braindecode-GovernedP02-R6Scale1e4:P02-A0-Lee2019_MI-SSL-CBRAMOD-P01-L1-LOW-CAL-OFFICIAL-R2:1_PER_CLASS-MR04,600,False,0.5041418761044023,0.6974163178649765,ELIGIBLE
GROUP-fee60db95c4bc44a77f4,branch_id,__MISSING__,600,False,0.5041418761044023,0.6974163178649765,ELIGIBLE
GROUP-fee60db95c4bc44a77f4,budget_id,P01-L1-LOW-CAL-OFFICIAL-R2:1_PER_CLASS,600,False,0.5041418761044023,0.6974163178649765,ELIGIBLE
GROUP-fee60db95c4bc44a77f4,split_id,IHARQ-SPLITRECORD-20260806-e4e371d332c61e36,600,False,0.5041418761044023,0.6974163178649765,ELIGIBLE
GROUP-fee60db95c4bc44a77f4,calibration_method_id,__MISSING__,600,False,0.5041418761044023,0.6974163178649765,ELIGIBLE
GROUP-165b76b4dcb0461a812a,dataset_id,Lee2019_MI,600,False,0.5022317664187085,0.695387402733707,ELIGIBLE
GROUP-165b76b4dcb0461a812a,subject_id,15,100,False,0.5115314580682175,0.7047239962280832,ELIGIBLE
GROUP-165b76b4dcb0461a812a,subject_id,19,100,False,0.4993641775312344,0.6925139887669964,ELIGIBLE
GROUP-165b76b4dcb0461a812a,subject_id,3,100,False,0.5021311212427725,0.6952881821820429,ELIGIBLE
GROUP-165b76b4dcb0461a812a,subject_id,30,100,False,0.49987188354850276,0.6930184648158116,ELIGIBLE
GROUP-165b76b4dcb0461a812a,subject_id,36,100,False,0.5010204885949304,0.6941657077137809,ELIGIBLE
GROUP-165b76b4dcb0461a812a,subject_id,6,100,False,0.49947146952659366,0.6926140766955268,ELIGIBLE
GROUP-165b76b4dcb0461a812a,session_id,1,600,False,0.5022317664187085,0.695387402733707,ELIGIBLE
GROUP-165b76b4dcb0461a812a,model_id,SSL-CBRAMOD:CBraMod-HF-Braindecode-GovernedP02-R6Scale1e4:P02-A0-Lee2019_MI-SSL-CBRAMOD-P01-L1-LOW-CAL-OFFICIAL-R2:2_PER_CLASS-MR00,600,False,0.5022317664187085,0.695387402733707,ELIGIBLE
GROUP-165b76b4dcb0461a812a,branch_id,__MISSING__,600,False,0.5022317664187085,0.695387402733707,ELIGIBLE
GROUP-165b76b4dcb0461a812a,budget_id,P01-L1-LOW-CAL-OFFICIAL-R2:2_PER_CLASS,600,False,0.5022317664187085,0.695387402733707,ELIGIBLE
GROUP-165b76b4dcb0461a812a,split_id,IHARQ-SPLITRECORD-20260806-e4e371d332c61e36,600,False,0.5022317664187085,0.695387402733707,ELIGIBLE
GROUP-165b76b4dcb0461a812a,calibration_method_id,__MISSING__,600,False,0.5022317664187085,0.695387402733707,ELIGIBLE
GROUP-99e87d9d5081da3c4f47,dataset_id,Lee2019_MI,600,False,0.5020308250151783,0.6951819152222894,ELIGIBLE
GROUP-99e87d9d5081da3c4f47,subject_id,15,100,False,0.5082522298540993,0.7014207326937949,ELIGIBLE
GROUP-99e87d9d5081da3c4f47,subject_id,19,100,False,0.500316262906298,0.6934643772011246,ELIGIBLE
GROUP-99e87d9d5081da3c4f47,subject_id,3,100,False,0.5011516149055489,0.6942989388917188,ELIGIBLE
GROUP-99e87d9d5081da3c4f47,subject_id,30,100,False,0.5003304042950706,0.6934775518919148,ELIGIBLE
GROUP-99e87d9d5081da3c4f47,subject_id,36,100,False,0.5005444653834621,0.6936929034558625,ELIGIBLE
GROUP-99e87d9d5081da3c4f47,subject_id,6,100,False,0.5015899727465903,0.6947369871993203,ELIGIBLE
GROUP-99e87d9d5081da3c4f47,session_id,1,600,False,0.5020308250151783,0.6951819152222894,ELIGIBLE
GROUP-99e87d9d5081da3c4f47,model_id,SSL-CBRAMOD:CBraMod-HF-Braindecode-GovernedP02-R6Scale1e4:P02-A0-Lee2019_MI-SSL-CBRAMOD-P01-L1-LOW-CAL-OFFICIAL-R2:2_PER_CLASS-MR01,600,False,0.5020308250151783,0.6951819152222894,ELIGIBLE
GROUP-99e87d9d5081da3c4f47,branch_id,__MISSING__,600,False,0.5020308250151783,0.6951819152222894,ELIGIBLE
GROUP-99e87d9d5081da3c4f47,budget_id,P01-L1-LOW-CAL-OFFICIAL-R2:2_PER_CLASS,600,False,0.5020308250151783,0.6951819152222894,ELIGIBLE
GROUP-99e87d9d5081da3c4f47,split_id,IHARQ-SPLITRECORD-20260806-e4e371d332c61e36,600,False,0.5020308250151783,0.6951819152222894,ELIGIBLE
GROUP-99e87d9d5081da3c4f47,calibration_method_id,__MISSING__,600,False,0.5020308250151783,0.6951819152222894,ELIGIBLE
GROUP-8234428603f0664ad35e,dataset_id,Lee2019_MI,600,False,0.5022524155536651,0.6954022073978363,ELIGIBLE
GROUP-8234428603f0664ad35e,subject_id,15,100,False,0.5062370965443796,0.6993890858957394,ELIGIBLE
GROUP-8234428603f0664ad35e,subject_id,19,100,False,0.5007981545907971,0.6939477090782735,ELIGIBLE
GROUP-8234428603f0664ad35e,subject_id,3,100,False,0.5041425421174518,0.6972917095074002,ELIGIBLE
GROUP-8234428603f0664ad35e,subject_id,30,100,False,0.4991489351102609,0.6922951166159595,ELIGIBLE
GROUP-8234428603f0664ad35e,subject_id,36,100,False,0.5043581250657714,0.6975109392865759,ELIGIBLE
GROUP-8234428603f0664ad35e,subject_id,6,100,False,0.49882963989332935,0.6919786840030693,ELIGIBLE
GROUP-8234428603f0664ad35e,session_id,1,600,False,0.5022524155536651,0.6954022073978363,ELIGIBLE
GROUP-8234428603f0664ad35e,model_id,SSL-CBRAMOD:CBraMod-HF-Braindecode-GovernedP02-R6Scale1e4:P02-A0-Lee2019_MI-SSL-CBRAMOD-P01-L1-LOW-CAL-OFFICIAL-R2:2_PER_CLASS-MR02,600,False,0.5022524155536651,0.6954022073978363,ELIGIBLE
GROUP-8234428603f0664ad35e,branch_id,__MISSING__,600,False,0.5022524155536651,0.6954022073978363,ELIGIBLE
GROUP-8234428603f0664ad35e,budget_id,P01-L1-LOW-CAL-OFFICIAL-R2:2_PER_CLASS,600,False,0.5022524155536651,0.6954022073978363,ELIGIBLE
GROUP-8234428603f0664ad35e,split_id,IHARQ-SPLITRECORD-20260806-e4e371d332c61e36,600,False,0.5022524155536651,0.6954022073978363,ELIGIBLE
GROUP-8234428603f0664ad35e,calibration_method_id,__MISSING__,600,False,0.5022524155536651,0.6954022073978363,ELIGIBLE
GROUP-6f67875d17d37d6ecfd7,dataset_id,Lee2019_MI,600,False,0.5013995515845483,0.6945476898018211,ELIGIBLE
GROUP-6f67875d17d37d6ecfd7,subject_id,15,100,False,0.506446765647117,0.6995996467822466,ELIGIBLE
GROUP-6f67875d17d37d6ecfd7,subject_id,19,100,False,0.4994438762473093,0.6925911643361641,ELIGIBLE
GROUP-6f67875d17d37d6ecfd7,subject_id,3,100,False,0.5016373971142652,0.6947856618383045,ELIGIBLE
GROUP-6f67875d17d37d6ecfd7,subject_id,30,100,False,0.5009789289816653,0.6941261912109823,ELIGIBLE
GROUP-6f67875d17d37d6ecfd7,subject_id,36,100,False,0.4990724182691723,0.6922184256765607,ELIGIBLE
GROUP-6f67875d17d37d6ecfd7,subject_id,6,100,False,0.5008179232477606,0.6939650489666687,ELIGIBLE
GROUP-6f67875d17d37d6ecfd7,session_id,1,600,False,0.5013995515845483,0.6945476898018211,ELIGIBLE
GROUP-6f67875d17d37d6ecfd7,model_id,SSL-CBRAMOD:CBraMod-HF-Braindecode-GovernedP02-R6Scale1e4:P02-A0-Lee2019_MI-SSL-CBRAMOD-P01-L1-LOW-CAL-OFFICIAL-R2:2_PER_CLASS-MR03,600,False,0.5013995515845483,0.6945476898018211,ELIGIBLE
GROUP-6f67875d17d37d6ecfd7,branch_id,__MISSING__,600,False,0.5013995515845483,0.6945476898018211,ELIGIBLE
GROUP-6f67875d17d37d6ecfd7,budget_id,P01-L1-LOW-CAL-OFFICIAL-R2:2_PER_CLASS,600,False,0.5013995515845483,0.6945476898018211,ELIGIBLE
GROUP-6f67875d17d37d6ecfd7,split_id,IHARQ-SPLITRECORD-20260806-e4e371d332c61e36,600,False,0.5013995515845483,0.6945476898018211,ELIGIBLE
GROUP-6f67875d17d37d6ecfd7,calibration_method_id,__MISSING__,600,False,0.5013995515845483,0.6945476898018211,ELIGIBLE
GROUP-76814ebe07d671d1f0a7,dataset_id,Lee2019_MI,600,False,0.5022321939228194,0.695380421822315,ELIGIBLE
GROUP-76814ebe07d671d1f0a7,subject_id,15,100,False,0.5053686916285394,0.6985211942668351,ELIGIBLE
GROUP-76814ebe07d671d1f0a7,subject_id,19,100,False,0.5014735120656129,0.6946217322328372,ELIGIBLE
GROUP-76814ebe07d671d1f0a7,subject_id,3,100,False,0.5023340517619687,0.6954826370152475,ELIGIBLE
GROUP-76814ebe07d671d1f0a7,subject_id,30,100,False,0.5007521903875024,0.6938992381702868,ELIGIBLE
GROUP-76814ebe07d671d1f0a7,subject_id,36,100,False,0.5017951316939995,0.6949417930604848,ELIGIBLE
GROUP-76814ebe07d671d1f0a7,subject_id,6,100,False,0.5016695859992931,0.6948159361881975,ELIGIBLE
GROUP-76814ebe07d671d1f0a7,session_id,1,600,False,0.5022321939228194,0.695380421822315,ELIGIBLE
GROUP-76814ebe07d671d1f0a7,model_id,SSL-CBRAMOD:CBraMod-HF-Braindecode-GovernedP02-R6Scale1e4:P02-A0-Lee2019_MI-SSL-CBRAMOD-P01-L1-LOW-CAL-OFFICIAL-R2:2_PER_CLASS-MR04,600,False,0.5022321939228194,0.695380421822315,ELIGIBLE
GROUP-76814ebe07d671d1f0a7,branch_id,__MISSING__,600,False,0.5022321939228194,0.695380421822315,ELIGIBLE
GROUP-76814ebe07d671d1f0a7,budget_id,P01-L1-LOW-CAL-OFFICIAL-R2:2_PER_CLASS,600,False,0.5022321939228194,0.695380421822315,ELIGIBLE
GROUP-76814ebe07d671d1f0a7,split_id,IHARQ-SPLITRECORD-20260806-e4e371d332c61e36,600,False,0.5022321939228194,0.695380421822315,ELIGIBLE
GROUP-76814ebe07d671d1f0a7,calibration_method_id,__MISSING__,600,False,0.5022321939228194,0.695380421822315,ELIGIBLE
GROUP-63f525b472b7890ef1d7,dataset_id,Lee2019_MI,600,False,0.49967993230330005,0.6928276388080298,ELIGIBLE
GROUP-63f525b472b7890ef1d7,subject_id,15,100,False,0.4989472688100342,0.6920946331034016,ELIGIBLE
GROUP-63f525b472b7890ef1d7,subject_id,19,100,False,0.500434980723751,0.6935834727977347,ELIGIBLE
GROUP-63f525b472b7890ef1d7,subject_id,3,100,False,0.5010208026023367,0.6941687458564578,ELIGIBLE
GROUP-63f525b472b7890ef1d7,subject_id,30,100,False,0.500146016249767,0.6932932939687813,ELIGIBLE
GROUP-63f525b472b7890ef1d7,subject_id,36,100,False,0.5001966472951874,0.6933451007708692,ELIGIBLE
GROUP-63f525b472b7890ef1d7,subject_id,6,100,False,0.49733387813872393,0.6904805863509341,ELIGIBLE
GROUP-63f525b472b7890ef1d7,session_id,1,600,False,0.49967993230330005,0.6928276388080298,ELIGIBLE
GROUP-63f525b472b7890ef1d7,model_id,SSL-CBRAMOD:CBraMod-HF-Braindecode-GovernedP02-R6Scale1e4:P02-A0-Lee2019_MI-SSL-CBRAMOD-P01-L1-LOW-CAL-OFFICIAL-R2:32_PER_CLASS-MR00,600,False,0.49967993230330005,0.6928276388080298,ELIGIBLE
GROUP-63f525b472b7890ef1d7,branch_id,__MISSING__,600,False,0.49967993230330005,0.6928276388080298,ELIGIBLE
GROUP-63f525b472b7890ef1d7,budget_id,P01-L1-LOW-CAL-OFFICIAL-R2:32_PER_CLASS,600,False,0.49967993230330005,0.6928276388080298,ELIGIBLE
GROUP-63f525b472b7890ef1d7,split_id,IHARQ-SPLITRECORD-20260806-e4e371d332c61e36,600,False,0.49967993230330005,0.6928276388080298,ELIGIBLE
GROUP-63f525b472b7890ef1d7,calibration_method_id,__MISSING__,600,False,0.49967993230330005,0.6928276388080298,ELIGIBLE
GROUP-6889b2cf0dd70ded2cc4,dataset_id,Lee2019_MI,600,False,0.5028814622488086,0.6960443020306316,ELIGIBLE
GROUP-6889b2cf0dd70ded2cc4,subject_id,15,100,False,0.5001371341606116,0.6933295970297872,ELIGIBLE
GROUP-6889b2cf0dd70ded2cc4,subject_id,19,100,False,0.5080351163741946,0.7012048803370974,ELIGIBLE
GROUP-6889b2cf0dd70ded2cc4,subject_id,3,100,False,0.5029085369555674,0.6960795065229849,ELIGIBLE
GROUP-6889b2cf0dd70ded2cc4,subject_id,30,100,False,0.5041345745184997,0.6972898910783261,ELIGIBLE
GROUP-6889b2cf0dd70ded2cc4,subject_id,36,100,False,0.49761825304858925,0.6907514571023898,ELIGIBLE
GROUP-6889b2cf0dd70ded2cc4,subject_id,6,100,False,0.5044551584353886,0.6976104801132048,ELIGIBLE
GROUP-6889b2cf0dd70ded2cc4,session_id,1,600,False,0.5028814622488086,0.6960443020306316,ELIGIBLE
GROUP-6889b2cf0dd70ded2cc4,model_id,SSL-CBRAMOD:CBraMod-HF-Braindecode-GovernedP02-R6Scale1e4:P02-A0-Lee2019_MI-SSL-CBRAMOD-P01-L1-LOW-CAL-OFFICIAL-R2:32_PER_CLASS-MR01,600,False,0.5028814622488086,0.6960443020306316,ELIGIBLE
GROUP-6889b2cf0dd70ded2cc4,branch_id,__MISSING__,600,False,0.5028814622488086,0.6960443020306316,ELIGIBLE
GROUP-6889b2cf0dd70ded2cc4,budget_id,P01-L1-LOW-CAL-OFFICIAL-R2:32_PER_CLASS,600,False,0.5028814622488086,0.6960443020306316,ELIGIBLE
GROUP-6889b2cf0dd70ded2cc4,split_id,IHARQ-SPLITRECORD-20260806-e4e371d332c61e36,600,False,0.5028814622488086,0.6960443020306316,ELIGIBLE
GROUP-6889b2cf0dd70ded2cc4,calibration_method_id,__MISSING__,600,False,0.5028814622488086,0.6960443020306316,ELIGIBLE
GROUP-52259e76e476395cadf4,dataset_id,Lee2019_MI,600,False,0.49964586129871125,0.6927923625102043,ELIGIBLE
GROUP-52259e76e476395cadf4,subject_id,15,100,False,0.49925978631210277,0.6924060196283413,ELIGIBLE
GROUP-52259e76e476395cadf4,subject_id,19,100,False,0.5023157613231433,0.6954628331357995,ELIGIBLE
GROUP-52259e76e476395cadf4,subject_id,3,100,False,0.49741848872872857,0.6905629786920447,ELIGIBLE
GROUP-52259e76e476395cadf4,subject_id,30,100,False,0.4981800877117529,0.6913265766446689,ELIGIBLE
GROUP-52259e76e476395cadf4,subject_id,36,100,False,0.5007772512807953,0.6939247705193335,ELIGIBLE
GROUP-52259e76e476395cadf4,subject_id,6,100,False,0.49992379243574364,0.6930709964410375,ELIGIBLE
GROUP-52259e76e476395cadf4,session_id,1,600,False,0.49964586129871125,0.6927923625102043,ELIGIBLE
GROUP-52259e76e476395cadf4,model_id,SSL-CBRAMOD:CBraMod-HF-Braindecode-GovernedP02-R6Scale1e4:P02-A0-Lee2019_MI-SSL-CBRAMOD-P01-L1-LOW-CAL-OFFICIAL-R2:32_PER_CLASS-MR02,600,False,0.49964586129871125,0.6927923625102043,ELIGIBLE
GROUP-52259e76e476395cadf4,branch_id,__MISSING__,600,False,0.49964586129871125,0.6927923625102043,ELIGIBLE
GROUP-52259e76e476395cadf4,budget_id,P01-L1-LOW-CAL-OFFICIAL-R2:32_PER_CLASS,600,False,0.49964586129871125,0.6927923625102043,ELIGIBLE
GROUP-52259e76e476395cadf4,split_id,IHARQ-SPLITRECORD-20260806-e4e371d332c61e36,600,False,0.49964586129871125,0.6927923625102043,ELIGIBLE
GROUP-52259e76e476395cadf4,calibration_method_id,__MISSING__,600,False,0.49964586129871125,0.6927923625102043,ELIGIBLE
GROUP-c1e381c24243c5ca174b,dataset_id,Lee2019_MI,600,False,0.5008538123094946,0.6940007185769668,ELIGIBLE
GROUP-c1e381c24243c5ca174b,subject_id,15,100,False,0.4986423790301939,0.69178766580096,ELIGIBLE
GROUP-c1e381c24243c5ca174b,subject_id,19,100,False,0.5033439400863958,0.6964898694142279,ELIGIBLE
GROUP-c1e381c24243c5ca174b,subject_id,3,100,False,0.4991328701654772,0.6922813297018613,ELIGIBLE
GROUP-c1e381c24243c5ca174b,subject_id,30,100,False,0.5016045213712469,0.6947536230083432,ELIGIBLE
GROUP-c1e381c24243c5ca174b,subject_id,36,100,False,0.5005896779987932,0.6937363441358846,ELIGIBLE
GROUP-c1e381c24243c5ca174b,subject_id,6,100,False,0.5018094852048602,0.6949554794005236,ELIGIBLE
GROUP-c1e381c24243c5ca174b,session_id,1,600,False,0.5008538123094946,0.6940007185769668,ELIGIBLE
GROUP-c1e381c24243c5ca174b,model_id,SSL-CBRAMOD:CBraMod-HF-Braindecode-GovernedP02-R6Scale1e4:P02-A0-Lee2019_MI-SSL-CBRAMOD-P01-L1-LOW-CAL-OFFICIAL-R2:32_PER_CLASS-MR03,600,False,0.5008538123094946,0.6940007185769668,ELIGIBLE
GROUP-c1e381c24243c5ca174b,branch_id,__MISSING__,600,False,0.5008538123094946,0.6940007185769668,ELIGIBLE
GROUP-c1e381c24243c5ca174b,budget_id,P01-L1-LOW-CAL-OFFICIAL-R2:32_PER_CLASS,600,False,0.5008538123094946,0.6940007185769668,ELIGIBLE
GROUP-c1e381c24243c5ca174b,split_id,IHARQ-SPLITRECORD-20260806-e4e371d332c61e36,600,False,0.5008538123094946,0.6940007185769668,ELIGIBLE
GROUP-c1e381c24243c5ca174b,calibration_method_id,__MISSING__,600,False,0.5008538123094946,0.6940007185769668,ELIGIBLE
GROUP-c3060270f09a8d8c2553,dataset_id,Lee2019_MI,600,False,0.5013391981337886,0.6944888313788614,ELIGIBLE
GROUP-c3060270f09a8d8c2553,subject_id,15,100,False,0.4965590698830527,0.6897065110033251,ELIGIBLE
GROUP-c3060270f09a8d8c2553,subject_id,19,100,False,0.5033506995353055,0.6965005530587643,ELIGIBLE
GROUP-c3060270f09a8d8c2553,subject_id,3,100,False,0.5006213565421933,0.6937714126365652,ELIGIBLE
GROUP-c3060270f09a8d8c2553,subject_id,30,100,False,0.5028587937675499,0.696007471145079,ELIGIBLE
GROUP-c3060270f09a8d8c2553,subject_id,36,100,False,0.5039692916630044,0.697118765453297,ELIGIBLE
GROUP-c3060270f09a8d8c2553,subject_id,6,100,False,0.5006759774116248,0.6938282749761373,ELIGIBLE
GROUP-c3060270f09a8d8c2553,session_id,1,600,False,0.5013391981337886,0.6944888313788614,ELIGIBLE
GROUP-c3060270f09a8d8c2553,model_id,SSL-CBRAMOD:CBraMod-HF-Braindecode-GovernedP02-R6Scale1e4:P02-A0-Lee2019_MI-SSL-CBRAMOD-P01-L1-LOW-CAL-OFFICIAL-R2:32_PER_CLASS-MR04,600,False,0.5013391981337886,0.6944888313788614,ELIGIBLE
GROUP-c3060270f09a8d8c2553,branch_id,__MISSING__,600,False,0.5013391981337886,0.6944888313788614,ELIGIBLE
GROUP-c3060270f09a8d8c2553,budget_id,P01-L1-LOW-CAL-OFFICIAL-R2:32_PER_CLASS,600,False,0.5013391981337886,0.6944888313788614,ELIGIBLE
GROUP-c3060270f09a8d8c2553,split_id,IHARQ-SPLITRECORD-20260806-e4e371d332c61e36,600,False,0.5013391981337886,0.6944888313788614,ELIGIBLE
GROUP-c3060270f09a8d8c2553,calibration_method_id,__MISSING__,600,False,0.5013391981337886,0.6944888313788614,ELIGIBLE
GROUP-4922b3fc513806a8118a,dataset_id,Lee2019_MI,600,False,0.5023088629105066,0.695469908423795,ELIGIBLE
GROUP-4922b3fc513806a8118a,subject_id,15,100,False,0.5060966424340123,0.6992677427279935,ELIGIBLE
GROUP-4922b3fc513806a8118a,subject_id,19,100,False,0.5011509220797931,0.6943048894211319,ELIGIBLE
GROUP-4922b3fc513806a8118a,subject_id,3,100,False,0.5032893157835726,0.6964853125323129,ELIGIBLE
GROUP-4922b3fc513806a8118a,subject_id,30,100,False,0.5005140519262078,0.6936613454141579,ELIGIBLE
GROUP-4922b3fc513806a8118a,subject_id,36,100,False,0.503041668196841,0.6961917987221278,ELIGIBLE
GROUP-4922b3fc513806a8118a,subject_id,6,100,False,0.49976057704261323,0.6929083617250457,ELIGIBLE
GROUP-4922b3fc513806a8118a,session_id,1,600,False,0.5023088629105066,0.695469908423795,ELIGIBLE
GROUP-4922b3fc513806a8118a,model_id,SSL-CBRAMOD:CBraMod-HF-Braindecode-GovernedP02-R6Scale1e4:P02-A0-Lee2019_MI-SSL-CBRAMOD-P01-L1-LOW-CAL-OFFICIAL-R2:4_PER_CLASS-MR00,600,False,0.5023088629105066,0.695469908423795,ELIGIBLE
GROUP-4922b3fc513806a8118a,branch_id,__MISSING__,600,False,0.5023088629105066,0.695469908423795,ELIGIBLE
GROUP-4922b3fc513806a8118a,budget_id,P01-L1-LOW-CAL-OFFICIAL-R2:4_PER_CLASS,600,False,0.5023088629105066,0.695469908423795,ELIGIBLE
GROUP-4922b3fc513806a8118a,split_id,IHARQ-SPLITRECORD-20260806-e4e371d332c61e36,600,False,0.5023088629105066,0.695469908423795,ELIGIBLE
GROUP-4922b3fc513806a8118a,calibration_method_id,__MISSING__,600,False,0.5023088629105066,0.695469908423795,ELIGIBLE
GROUP-2ffef62d67ec9cb3eec2,dataset_id,Lee2019_MI,600,False,0.5005276299161528,0.693675471281108,ELIGIBLE
GROUP-2ffef62d67ec9cb3eec2,subject_id,15,100,False,0.5018560602876513,0.6950061011440717,ELIGIBLE
GROUP-2ffef62d67ec9cb3eec2,subject_id,19,100,False,0.5012874923314637,0.6944346056626943,ELIGIBLE
GROUP-2ffef62d67ec9cb3eec2,subject_id,3,100,False,0.5015920650394374,0.6947408788182851,ELIGIBLE
GROUP-2ffef62d67ec9cb3eec2,subject_id,30,100,False,0.49987474622405936,0.6930219218412726,ELIGIBLE
GROUP-2ffef62d67ec9cb3eec2,subject_id,36,100,False,0.4991155125561361,0.6922625432826841,ELIGIBLE
GROUP-2ffef62d67ec9cb3eec2,subject_id,6,100,False,0.49943990305816877,0.6925867769376397,ELIGIBLE
GROUP-2ffef62d67ec9cb3eec2,session_id,1,600,False,0.5005276299161528,0.693675471281108,ELIGIBLE
GROUP-2ffef62d67ec9cb3eec2,model_id,SSL-CBRAMOD:CBraMod-HF-Braindecode-GovernedP02-R6Scale1e4:P02-A0-Lee2019_MI-SSL-CBRAMOD-P01-L1-LOW-CAL-OFFICIAL-R2:4_PER_CLASS-MR01,600,False,0.5005276299161528,0.693675471281108,ELIGIBLE
GROUP-2ffef62d67ec9cb3eec2,branch_id,__MISSING__,600,False,0.5005276299161528,0.693675471281108,ELIGIBLE
GROUP-2ffef62d67ec9cb3eec2,budget_id,P01-L1-LOW-CAL-OFFICIAL-R2:4_PER_CLASS,600,False,0.5005276299161528,0.693675471281108,ELIGIBLE
GROUP-2ffef62d67ec9cb3eec2,split_id,IHARQ-SPLITRECORD-20260806-e4e371d332c61e36,600,False,0.5005276299161528,0.693675471281108,ELIGIBLE
GROUP-2ffef62d67ec9cb3eec2,calibration_method_id,__MISSING__,600,False,0.5005276299161528,0.693675471281108,ELIGIBLE
GROUP-070d01bfe31b39628213,dataset_id,Lee2019_MI,600,False,0.5000223240180437,0.6931694993825402,ELIGIBLE
GROUP-070d01bfe31b39628213,subject_id,15,100,False,0.4996601197331714,0.6928072748372263,ELIGIBLE
GROUP-070d01bfe31b39628213,subject_id,19,100,False,0.500605319525774,0.6937524749505308,ELIGIBLE
GROUP-070d01bfe31b39628213,subject_id,3,100,False,0.5004050474512387,0.6935522520543413,ELIGIBLE
GROUP-070d01bfe31b39628213,subject_id,30,100,False,0.499986907429936,0.6931340851253797,ELIGIBLE
GROUP-070d01bfe31b39628213,subject_id,36,100,False,0.49924969571161626,0.6923968565215715,ELIGIBLE
GROUP-070d01bfe31b39628213,subject_id,6,100,False,0.5002268542565258,0.6933740528061917,ELIGIBLE
GROUP-070d01bfe31b39628213,session_id,1,600,False,0.5000223240180437,0.6931694993825402,ELIGIBLE
GROUP-070d01bfe31b39628213,model_id,SSL-CBRAMOD:CBraMod-HF-Braindecode-GovernedP02-R6Scale1e4:P02-A0-Lee2019_MI-SSL-CBRAMOD-P01-L1-LOW-CAL-OFFICIAL-R2:4_PER_CLASS-MR02,600,False,0.5000223240180437,0.6931694993825402,ELIGIBLE
GROUP-070d01bfe31b39628213,branch_id,__MISSING__,600,False,0.5000223240180437,0.6931694993825402,ELIGIBLE
GROUP-070d01bfe31b39628213,budget_id,P01-L1-LOW-CAL-OFFICIAL-R2:4_PER_CLASS,600,False,0.5000223240180437,0.6931694993825402,ELIGIBLE
GROUP-070d01bfe31b39628213,split_id,IHARQ-SPLITRECORD-20260806-e4e371d332c61e36,600,False,0.5000223240180437,0.6931694993825402,ELIGIBLE
GROUP-070d01bfe31b39628213,calibration_method_id,__MISSING__,600,False,0.5000223240180437,0.6931694993825402,ELIGIBLE
GROUP-d8d48c89b2a981df4adc,dataset_id,Lee2019_MI,600,False,0.5004851342530028,0.6936325630291642,ELIGIBLE
GROUP-d8d48c89b2a981df4adc,subject_id,15,100,False,0.501884642997812,0.6950325945278237,ELIGIBLE
GROUP-d8d48c89b2a981df4adc,subject_id,19,100,False,0.4986311735495,0.6917771980463914,ELIGIBLE
GROUP-d8d48c89b2a981df4adc,subject_id,3,100,False,0.49862607618770555,0.6917736894637989,ELIGIBLE
GROUP-d8d48c89b2a981df4adc,subject_id,30,100,False,0.5012732923251823,0.6944211134187063,ELIGIBLE
GROUP-d8d48c89b2a981df4adc,subject_id,36,100,False,0.4986858718102297,0.6918323256745622,ELIGIBLE
GROUP-d8d48c89b2a981df4adc,subject_id,6,100,False,0.5038097486475863,0.6969584570437029,ELIGIBLE
GROUP-d8d48c89b2a981df4adc,session_id,1,600,False,0.5004851342530028,0.6936325630291642,ELIGIBLE
GROUP-d8d48c89b2a981df4adc,model_id,SSL-CBRAMOD:CBraMod-HF-Braindecode-GovernedP02-R6Scale1e4:P02-A0-Lee2019_MI-SSL-CBRAMOD-P01-L1-LOW-CAL-OFFICIAL-R2:4_PER_CLASS-MR03,600,False,0.5004851342530028,0.6936325630291642,ELIGIBLE
GROUP-d8d48c89b2a981df4adc,branch_id,__MISSING__,600,False,0.5004851342530028,0.6936325630291642,ELIGIBLE
GROUP-d8d48c89b2a981df4adc,budget_id,P01-L1-LOW-CAL-OFFICIAL-R2:4_PER_CLASS,600,False,0.5004851342530028,0.6936325630291642,ELIGIBLE
GROUP-d8d48c89b2a981df4adc,split_id,IHARQ-SPLITRECORD-20260806-e4e371d332c61e36,600,False,0.5004851342530028,0.6936325630291642,ELIGIBLE
GROUP-d8d48c89b2a981df4adc,calibration_method_id,__MISSING__,600,False,0.5004851342530028,0.6936325630291642,ELIGIBLE
GROUP-d0e4ba85592f88964098,dataset_id,Lee2019_MI,600,False,0.4999843572252752,0.693131537783877,ELIGIBLE
GROUP-d0e4ba85592f88964098,subject_id,15,100,False,0.4999699954293824,0.6931171759875163,ELIGIBLE
GROUP-d0e4ba85592f88964098,subject_id,19,100,False,0.49998038009015366,0.6931275606482064,ELIGIBLE
GROUP-d0e4ba85592f88964098,subject_id,3,100,False,0.4999950589070057,0.6931422394662752,ELIGIBLE
GROUP-d0e4ba85592f88964098,subject_id,30,100,False,0.4999867282152278,0.6931339087741256,ELIGIBLE
GROUP-d0e4ba85592f88964098,subject_id,36,100,False,0.49998785270442186,0.6931350332641341,ELIGIBLE
GROUP-d0e4ba85592f88964098,subject_id,6,100,False,0.49998612800545955,0.6931333085630051,ELIGIBLE
GROUP-d0e4ba85592f88964098,session_id,1,600,False,0.4999843572252752,0.693131537783877,ELIGIBLE
GROUP-d0e4ba85592f88964098,model_id,SSL-CBRAMOD:CBraMod-HF-Braindecode-GovernedP02-R6Scale1e4:P02-A0-Lee2019_MI-SSL-CBRAMOD-P01-L1-LOW-CAL-OFFICIAL-R2:4_PER_CLASS-MR04,600,False,0.4999843572252752,0.693131537783877,ELIGIBLE
GROUP-d0e4ba85592f88964098,branch_id,__MISSING__,600,False,0.4999843572252752,0.693131537783877,ELIGIBLE
GROUP-d0e4ba85592f88964098,budget_id,P01-L1-LOW-CAL-OFFICIAL-R2:4_PER_CLASS,600,False,0.4999843572252752,0.693131537783877,ELIGIBLE
GROUP-d0e4ba85592f88964098,split_id,IHARQ-SPLITRECORD-20260806-e4e371d332c61e36,600,False,0.4999843572252752,0.693131537783877,ELIGIBLE
GROUP-d0e4ba85592f88964098,calibration_method_id,__MISSING__,600,False,0.4999843572252752,0.693131537783877,ELIGIBLE
GROUP-6fac7e37b55552ddbbaa,dataset_id,Lee2019_MI,600,False,0.49917268956189464,0.6922925719621158,ELIGIBLE
GROUP-6fac7e37b55552ddbbaa,subject_id,15,100,False,0.4961837685287805,0.6891017130803182,ELIGIBLE
GROUP-6fac7e37b55552ddbbaa,subject_id,19,100,False,0.4988514068483124,0.6920151845665896,ELIGIBLE
GROUP-6fac7e37b55552ddbbaa,subject_id,3,100,False,0.4957157378334326,0.6888892432084984,ELIGIBLE
GROUP-6fac7e37b55552ddbbaa,subject_id,30,100,False,0.49993621629166035,0.6930823665519241,ELIGIBLE
GROUP-6fac7e37b55552ddbbaa,subject_id,36,100,False,0.5066822601917078,0.6998536501792522,ELIGIBLE
GROUP-6fac7e37b55552ddbbaa,subject_id,6,100,False,0.497666747677474,0.6908132741861125,ELIGIBLE
GROUP-6fac7e37b55552ddbbaa,session_id,1,600,False,0.49917268956189464,0.6922925719621158,ELIGIBLE
GROUP-6fac7e37b55552ddbbaa,model_id,SSL-CBRAMOD:CBraMod-HF-Braindecode-GovernedP02-R6Scale1e4:P02-A0-Lee2019_MI-SSL-CBRAMOD-P01-L1-LOW-CAL-OFFICIAL-R2:8_PER_CLASS-MR00,600,False,0.49917268956189464,0.6922925719621158,ELIGIBLE
GROUP-6fac7e37b55552ddbbaa,branch_id,__MISSING__,600,False,0.49917268956189464,0.6922925719621158,ELIGIBLE
GROUP-6fac7e37b55552ddbbaa,budget_id,P01-L1-LOW-CAL-OFFICIAL-R2:8_PER_CLASS,600,False,0.49917268956189464,0.6922925719621158,ELIGIBLE
GROUP-6fac7e37b55552ddbbaa,split_id,IHARQ-SPLITRECORD-20260806-e4e371d332c61e36,600,False,0.49917268956189464,0.6922925719621158,ELIGIBLE
GROUP-6fac7e37b55552ddbbaa,calibration_method_id,__MISSING__,600,False,0.49917268956189464,0.6922925719621158,ELIGIBLE
GROUP-99cd04b43499064747ba,dataset_id,Lee2019_MI,600,False,0.49991001864561385,0.693056917297407,ELIGIBLE
GROUP-99cd04b43499064747ba,subject_id,15,100,False,0.4978842473853575,0.6910035164565916,ELIGIBLE
GROUP-99cd04b43499064747ba,subject_id,19,100,False,0.5011871578186572,0.6943497476617925,ELIGIBLE
GROUP-99cd04b43499064747ba,subject_id,3,100,False,0.4968813434473907,0.6900338939877173,ELIGIBLE
GROUP-99cd04b43499064747ba,subject_id,30,100,False,0.5009230735458597,0.6940714864213001,ELIGIBLE
GROUP-99cd04b43499064747ba,subject_id,36,100,False,0.5043678134620155,0.6975201297188315,ELIGIBLE
GROUP-99cd04b43499064747ba,subject_id,6,100,False,0.4982164762144024,0.6913627295382098,ELIGIBLE
GROUP-99cd04b43499064747ba,session_id,1,600,False,0.49991001864561385,0.693056917297407,ELIGIBLE
GROUP-99cd04b43499064747ba,model_id,SSL-CBRAMOD:CBraMod-HF-Braindecode-GovernedP02-R6Scale1e4:P02-A0-Lee2019_MI-SSL-CBRAMOD-P01-L1-LOW-CAL-OFFICIAL-R2:8_PER_CLASS-MR01,600,False,0.49991001864561385,0.693056917297407,ELIGIBLE
GROUP-99cd04b43499064747ba,branch_id,__MISSING__,600,False,0.49991001864561385,0.693056917297407,ELIGIBLE
GROUP-99cd04b43499064747ba,budget_id,P01-L1-LOW-CAL-OFFICIAL-R2:8_PER_CLASS,600,False,0.49991001864561385,0.693056917297407,ELIGIBLE
GROUP-99cd04b43499064747ba,split_id,IHARQ-SPLITRECORD-20260806-e4e371d332c61e36,600,False,0.49991001864561385,0.693056917297407,ELIGIBLE
GROUP-99cd04b43499064747ba,calibration_method_id,__MISSING__,600,False,0.49991001864561385,0.693056917297407,ELIGIBLE
GROUP-6a0d2bada56bfce7e230,dataset_id,Lee2019_MI,600,False,0.5000101051240902,0.6931572864376918,ELIGIBLE
GROUP-6a0d2bada56bfce7e230,subject_id,15,100,False,0.4999363362384257,0.693083516342782,ELIGIBLE
GROUP-6a0d2bada56bfce7e230,subject_id,19,100,False,0.4998718598752131,0.6930190412420181,ELIGIBLE
GROUP-6a0d2bada56bfce7e230,subject_id,3,100,False,0.5000900582775968,0.6932372413090456,ELIGIBLE
GROUP-6a0d2bada56bfce7e230,subject_id,30,100,False,0.5001873798789084,0.693334560960638,ELIGIBLE
GROUP-6a0d2bada56bfce7e230,subject_id,36,100,False,0.5003473349514499,0.6934945179862282,ELIGIBLE
GROUP-6a0d2bada56bfce7e230,subject_id,6,100,False,0.49962766152294674,0.6927748407854392,ELIGIBLE
GROUP-6a0d2bada56bfce7e230,session_id,1,600,False,0.5000101051240902,0.6931572864376918,ELIGIBLE
GROUP-6a0d2bada56bfce7e230,model_id,SSL-CBRAMOD:CBraMod-HF-Braindecode-GovernedP02-R6Scale1e4:P02-A0-Lee2019_MI-SSL-CBRAMOD-P01-L1-LOW-CAL-OFFICIAL-R2:8_PER_CLASS-MR02,600,False,0.5000101051240902,0.6931572864376918,ELIGIBLE
GROUP-6a0d2bada56bfce7e230,branch_id,__MISSING__,600,False,0.5000101051240902,0.6931572864376918,ELIGIBLE
GROUP-6a0d2bada56bfce7e230,budget_id,P01-L1-LOW-CAL-OFFICIAL-R2:8_PER_CLASS,600,False,0.5000101051240902,0.6931572864376918,ELIGIBLE
GROUP-6a0d2bada56bfce7e230,split_id,IHARQ-SPLITRECORD-20260806-e4e371d332c61e36,600,False,0.5000101051240902,0.6931572864376918,ELIGIBLE
GROUP-6a0d2bada56bfce7e230,calibration_method_id,__MISSING__,600,False,0.5000101051240902,0.6931572864376918,ELIGIBLE
GROUP-97af52788ee6c74b3c48,dataset_id,Lee2019_MI,600,False,0.5013868888320472,0.6945368383264011,ELIGIBLE
GROUP-97af52788ee6c74b3c48,subject_id,15,100,False,0.4973078013483578,0.6904526312210842,ELIGIBLE
GROUP-97af52788ee6c74b3c48,subject_id,19,100,False,0.5029220108358304,0.6960726538264603,ELIGIBLE
GROUP-97af52788ee6c74b3c48,subject_id,3,100,False,0.5028708697810046,0.6960233101072943,ELIGIBLE
GROUP-97af52788ee6c74b3c48,subject_id,30,100,False,0.5014527829991534,0.694604859076961,ELIGIBLE
GROUP-97af52788ee6c74b3c48,subject_id,36,100,False,0.5027276878147711,0.6958738145197014,ELIGIBLE
GROUP-97af52788ee6c74b3c48,subject_id,6,100,False,0.5010401802131657,0.694193761206906,ELIGIBLE
GROUP-97af52788ee6c74b3c48,session_id,1,600,False,0.5013868888320472,0.6945368383264011,ELIGIBLE
GROUP-97af52788ee6c74b3c48,model_id,SSL-CBRAMOD:CBraMod-HF-Braindecode-GovernedP02-R6Scale1e4:P02-A0-Lee2019_MI-SSL-CBRAMOD-P01-L1-LOW-CAL-OFFICIAL-R2:8_PER_CLASS-MR03,600,False,0.5013868888320472,0.6945368383264011,ELIGIBLE
GROUP-97af52788ee6c74b3c48,branch_id,__MISSING__,600,False,0.5013868888320472,0.6945368383264011,ELIGIBLE
GROUP-97af52788ee6c74b3c48,budget_id,P01-L1-LOW-CAL-OFFICIAL-R2:8_PER_CLASS,600,False,0.5013868888320472,0.6945368383264011,ELIGIBLE
GROUP-97af52788ee6c74b3c48,split_id,IHARQ-SPLITRECORD-20260806-e4e371d332c61e36,600,False,0.5013868888320472,0.6945368383264011,ELIGIBLE
GROUP-97af52788ee6c74b3c48,calibration_method_id,__MISSING__,600,False,0.5013868888320472,0.6945368383264011,ELIGIBLE
GROUP-9a80b382bcd6459b9ae3,dataset_id,Lee2019_MI,600,False,0.5004528699836821,0.6935997432528166,ELIGIBLE
GROUP-9a80b382bcd6459b9ae3,subject_id,15,100,False,0.5014152233414901,0.6945633453077218,ELIGIBLE
GROUP-9a80b382bcd6459b9ae3,subject_id,19,100,False,0.5009081214604821,0.6940567418439089,ELIGIBLE
GROUP-9a80b382bcd6459b9ae3,subject_id,3,100,False,0.5002141196526839,0.6933572591291469,ELIGIBLE
GROUP-9a80b382bcd6459b9ae3,subject_id,30,100,False,0.4994818310808249,0.6926289445195717,ELIGIBLE
GROUP-9a80b382bcd6459b9ae3,subject_id,36,100,False,0.5008102079209105,0.6939574236375889,ELIGIBLE
GROUP-9a80b382bcd6459b9ae3,subject_id,6,100,False,0.4998877164457013,0.693034745078962,ELIGIBLE
GROUP-9a80b382bcd6459b9ae3,session_id,1,600,False,0.5004528699836821,0.6935997432528166,ELIGIBLE
GROUP-9a80b382bcd6459b9ae3,model_id,SSL-CBRAMOD:CBraMod-HF-Braindecode-GovernedP02-R6Scale1e4:P02-A0-Lee2019_MI-SSL-CBRAMOD-P01-L1-LOW-CAL-OFFICIAL-R2:8_PER_CLASS-MR04,600,False,0.5004528699836821,0.6935997432528166,ELIGIBLE
GROUP-9a80b382bcd6459b9ae3,branch_id,__MISSING__,600,False,0.5004528699836821,0.6935997432528166,ELIGIBLE
GROUP-9a80b382bcd6459b9ae3,budget_id,P01-L1-LOW-CAL-OFFICIAL-R2:8_PER_CLASS,600,False,0.5004528699836821,0.6935997432528166,ELIGIBLE
GROUP-9a80b382bcd6459b9ae3,split_id,IHARQ-SPLITRECORD-20260806-e4e371d332c61e36,600,False,0.5004528699836821,0.6935997432528166,ELIGIBLE
GROUP-9a80b382bcd6459b9ae3,calibration_method_id,__MISSING__,600,False,0.5004528699836821,0.6935997432528166,ELIGIBLE
GROUP-5fcbcf7127985bfe1aa2,dataset_id,PhysioNetMI,495,False,0.48983587625063474,0.6829386921999412,ELIGIBLE
GROUP-5fcbcf7127985bfe1aa2,subject_id,107,45,False,0.4922263568107406,0.6855705766743034,ELIGIBLE
GROUP-5fcbcf7127985bfe1aa2,subject_id,27,45,False,0.504388449747739,0.6963934130631235,ELIGIBLE
GROUP-5fcbcf7127985bfe1aa2,subject_id,39,45,False,0.5114788519298805,0.704700299024513,ELIGIBLE
GROUP-5fcbcf7127985bfe1aa2,subject_id,40,45,False,0.5024793388429752,0.695627349045696,ELIGIBLE
GROUP-5fcbcf7127985bfe1aa2,subject_id,47,45,False,0.536007587175622,0.7345348987536297,ELIGIBLE
GROUP-5fcbcf7127985bfe1aa2,subject_id,48,45,False,0.4658312904859583,0.6585791298522422,ELIGIBLE
GROUP-5fcbcf7127985bfe1aa2,subject_id,57,45,False,0.5013919830312575,0.6933982058773649,ELIGIBLE
GROUP-5fcbcf7127985bfe1aa2,subject_id,6,45,False,0.5039645180155575,0.6972359153493088,ELIGIBLE
GROUP-5fcbcf7127985bfe1aa2,subject_id,71,45,False,0.4438241855610474,0.6362225344432919,ELIGIBLE
GROUP-5fcbcf7127985bfe1aa2,subject_id,93,45,False,0.41634627750911996,0.6076614581335585,ELIGIBLE
GROUP-5fcbcf7127985bfe1aa2,subject_id,98,45,False,0.5102557996470836,0.7024018339823215,ELIGIBLE
GROUP-5fcbcf7127985bfe1aa2,session_id,0,495,False,0.48983587625063474,0.6829386921999412,ELIGIBLE
GROUP-5fcbcf7127985bfe1aa2,model_id,CLS-CSP-LDA:CLS-CSP-LDA:P02-A0-PhysioNetMI-CLS-CSP-LDA-FULL_TRAIN-MR00,495,False,0.48983587625063474,0.6829386921999412,ELIGIBLE
GROUP-5fcbcf7127985bfe1aa2,branch_id,__MISSING__,495,False,0.48983587625063474,0.6829386921999412,ELIGIBLE
GROUP-5fcbcf7127985bfe1aa2,budget_id,FULL_TRAIN,495,False,0.48983587625063474,0.6829386921999412,ELIGIBLE
GROUP-5fcbcf7127985bfe1aa2,split_id,IHARQ-SPLITRECORD-20260806-e4e371d332c61e36,495,False,0.48983587625063474,0.6829386921999412,ELIGIBLE
GROUP-5fcbcf7127985bfe1aa2,calibration_method_id,__MISSING__,495,False,0.48983587625063474,0.6829386921999412,ELIGIBLE
GROUP-76f5b2248dfed8f6f8cf,dataset_id,PhysioNetMI,495,False,0.5002988204757457,0.6934459740611032,ELIGIBLE
GROUP-76f5b2248dfed8f6f8cf,subject_id,107,45,False,0.4994769149208944,0.692624080867389,ELIGIBLE
GROUP-76f5b2248dfed8f6f8cf,subject_id,27,45,False,0.500931786230577,0.6940789837354127,ELIGIBLE
GROUP-76f5b2248dfed8f6f8cf,subject_id,39,45,False,0.5001040280223187,0.6932512129677666,ELIGIBLE
GROUP-76f5b2248dfed8f6f8cf,subject_id,40,45,False,0.5003261367931214,0.6934733194704129,ELIGIBLE
GROUP-76f5b2248dfed8f6f8cf,subject_id,47,45,False,0.5002181842699076,0.6933651025350238,ELIGIBLE
GROUP-76f5b2248dfed8f6f8cf,subject_id,48,45,False,0.500220909902144,0.6933680970862266,ELIGIBLE
GROUP-76f5b2248dfed8f6f8cf,subject_id,57,45,False,0.500099374657109,0.6932465589965924,ELIGIBLE
GROUP-76f5b2248dfed8f6f8cf,subject_id,6,45,False,0.49944240785459504,0.6925892140768897,ELIGIBLE
GROUP-76f5b2248dfed8f6f8cf,subject_id,71,45,False,0.5002666120955382,0.6934138000855541,ELIGIBLE
GROUP-76f5b2248dfed8f6f8cf,subject_id,93,45,False,0.5005648223378214,0.6937120159056503,ELIGIBLE
GROUP-76f5b2248dfed8f6f8cf,subject_id,98,45,False,0.5016358481491754,0.6947833289452169,ELIGIBLE
GROUP-76f5b2248dfed8f6f8cf,session_id,0,495,False,0.5002988204757457,0.6934459740611032,ELIGIBLE
GROUP-76f5b2248dfed8f6f8cf,model_id,CLS-CSP-LDA:CLS-CSP-LDA:P02-A0-PhysioNetMI-CLS-CSP-LDA-P01-L1-LOW-CAL-OFFICIAL-R2:16_PER_CLASS-MR00,495,False,0.5002988204757457,0.6934459740611032,ELIGIBLE
GROUP-76f5b2248dfed8f6f8cf,branch_id,__MISSING__,495,False,0.5002988204757457,0.6934459740611032,ELIGIBLE
GROUP-76f5b2248dfed8f6f8cf,budget_id,P01-L1-LOW-CAL-OFFICIAL-R2:16_PER_CLASS,495,False,0.5002988204757457,0.6934459740611032,ELIGIBLE
GROUP-76f5b2248dfed8f6f8cf,split_id,IHARQ-SPLITRECORD-20260806-e4e371d332c61e36,495,False,0.5002988204757457,0.6934459740611032,ELIGIBLE
GROUP-76f5b2248dfed8f6f8cf,calibration_method_id,__MISSING__,495,False,0.5002988204757457,0.6934459740611032,ELIGIBLE
GROUP-ae3f505a29ee6cbf144a,dataset_id,PhysioNetMI,495,False,0.49911680819064597,0.6922638305468721,ELIGIBLE
GROUP-ae3f505a29ee6cbf144a,subject_id,107,45,False,0.4988638570115343,0.6920110033068076,ELIGIBLE
GROUP-ae3f505a29ee6cbf144a,subject_id,27,45,False,0.4987611936062697,0.6919073477084509,ELIGIBLE
GROUP-ae3f505a29ee6cbf144a,subject_id,39,45,False,0.4998353684905821,0.692982497994646,ELIGIBLE
GROUP-ae3f505a29ee6cbf144a,subject_id,40,45,False,0.49981791495391736,0.6929657239218824,ELIGIBLE
GROUP-ae3f505a29ee6cbf144a,subject_id,47,45,False,0.4991910286236749,0.6923381627898453,ELIGIBLE
GROUP-ae3f505a29ee6cbf144a,subject_id,48,45,False,0.4982403285853171,0.6913869288706536,ELIGIBLE
GROUP-ae3f505a29ee6cbf144a,subject_id,57,45,False,0.4994969431658278,0.6926440425113287,ELIGIBLE
GROUP-ae3f505a29ee6cbf144a,subject_id,6,45,False,0.4991910286236748,0.6923381627898453,ELIGIBLE
GROUP-ae3f505a29ee6cbf144a,subject_id,71,45,False,0.5003665877540207,0.6935137541422691,ELIGIBLE
GROUP-ae3f505a29ee6cbf144a,subject_id,93,45,False,0.4977484319576217,0.6908952067552501,ELIGIBLE
GROUP-ae3f505a29ee6cbf144a,subject_id,98,45,False,0.49877220732466543,0.6919193052246144,ELIGIBLE
GROUP-ae3f505a29ee6cbf144a,session_id,0,495,False,0.49911680819064597,0.6922638305468721,ELIGIBLE
GROUP-ae3f505a29ee6cbf144a,model_id,CLS-CSP-LDA:CLS-CSP-LDA:P02-A0-PhysioNetMI-CLS-CSP-LDA-P01-L1-LOW-CAL-OFFICIAL-R2:2_PER_CLASS-MR00,495,False,0.49911680819064597,0.6922638305468721,ELIGIBLE
GROUP-ae3f505a29ee6cbf144a,branch_id,__MISSING__,495,False,0.49911680819064597,0.6922638305468721,ELIGIBLE
GROUP-ae3f505a29ee6cbf144a,budget_id,P01-L1-LOW-CAL-OFFICIAL-R2:2_PER_CLASS,495,False,0.49911680819064597,0.6922638305468721,ELIGIBLE
GROUP-ae3f505a29ee6cbf144a,split_id,IHARQ-SPLITRECORD-20260806-e4e371d332c61e36,495,False,0.49911680819064597,0.6922638305468721,ELIGIBLE
GROUP-ae3f505a29ee6cbf144a,calibration_method_id,__MISSING__,495,False,0.49911680819064597,0.6922638305468721,ELIGIBLE
GROUP-809447763ef46996626d,dataset_id,PhysioNetMI,495,False,0.500133812865161,0.6932809760468751,ELIGIBLE
GROUP-809447763ef46996626d,subject_id,107,45,False,0.5007777949712534,0.6939249875683454,ELIGIBLE
GROUP-809447763ef46996626d,subject_id,27,45,False,0.5014294207139053,0.6945766707565736,ELIGIBLE
GROUP-809447763ef46996626d,subject_id,39,45,False,0.5000613779255306,0.6932085425968619,ELIGIBLE
GROUP-809447763ef46996626d,subject_id,40,45,False,0.4994095427050917,0.6925567127620993,ELIGIBLE
GROUP-809447763ef46996626d,subject_id,47,45,False,0.5005631893311052,0.6937102972591863,ELIGIBLE
GROUP-809447763ef46996626d,subject_id,48,45,False,0.49858058242068987,0.6917277425098143,ELIGIBLE
GROUP-809447763ef46996626d,subject_id,57,45,False,0.5000657716585016,0.6932129441775247,ELIGIBLE
GROUP-809447763ef46996626d,subject_id,6,45,False,0.5008754760448036,0.6940227645940671,ELIGIBLE
GROUP-809447763ef46996626d,subject_id,71,45,False,0.4994016459047323,0.6925487901562579,ELIGIBLE
GROUP-809447763ef46996626d,subject_id,93,45,False,0.4997804988466302,0.6929276716025876,ELIGIBLE
GROUP-809447763ef46996626d,subject_id,98,45,False,0.5005266409945268,0.693673612532309,ELIGIBLE
GROUP-809447763ef46996626d,session_id,0,495,False,0.500133812865161,0.6932809760468751,ELIGIBLE
GROUP-809447763ef46996626d,model_id,CLS-CSP-LDA:CLS-CSP-LDA:P02-A0-PhysioNetMI-CLS-CSP-LDA-P01-L1-LOW-CAL-OFFICIAL-R2:32_PER_CLASS-MR00,495,False,0.500133812865161,0.6932809760468751,ELIGIBLE
GROUP-809447763ef46996626d,branch_id,__MISSING__,495,False,0.500133812865161,0.6932809760468751,ELIGIBLE
GROUP-809447763ef46996626d,budget_id,P01-L1-LOW-CAL-OFFICIAL-R2:32_PER_CLASS,495,False,0.500133812865161,0.6932809760468751,ELIGIBLE
GROUP-809447763ef46996626d,split_id,IHARQ-SPLITRECORD-20260806-e4e371d332c61e36,495,False,0.500133812865161,0.6932809760468751,ELIGIBLE
GROUP-809447763ef46996626d,calibration_method_id,__MISSING__,495,False,0.500133812865161,0.6932809760468751,ELIGIBLE
GROUP-b30dad35feeeacc95e56,dataset_id,PhysioNetMI,495,False,0.5000674700576158,0.6932146509617733,ELIGIBLE
GROUP-b30dad35feeeacc95e56,subject_id,107,45,False,0.500452863404964,0.6936000432224635,ELIGIBLE
GROUP-b30dad35feeeacc95e56,subject_id,27,45,False,0.5001589296390112,0.6933061116143553,ELIGIBLE
GROUP-b30dad35feeeacc95e56,subject_id,39,45,False,0.500226898308896,0.6933740810412481,ELIGIBLE
GROUP-b30dad35feeeacc95e56,subject_id,40,45,False,0.49977994177542384,0.6929271212508612,ELIGIBLE
GROUP-b30dad35feeeacc95e56,subject_id,47,45,False,0.4998031879249613,0.6929503679016008,ELIGIBLE
GROUP-b30dad35feeeacc95e56,subject_id,48,45,False,0.49990584335148724,0.693053022428785,ELIGIBLE
GROUP-b30dad35feeeacc95e56,subject_id,57,45,False,0.5003221212804075,0.6934693058112714,ELIGIBLE
GROUP-b30dad35feeeacc95e56,subject_id,6,45,False,0.5001935383951656,0.6933407194225731,ELIGIBLE
GROUP-b30dad35feeeacc95e56,subject_id,71,45,False,0.4998093158408975,0.6929564959152861,ELIGIBLE
GROUP-b30dad35feeeacc95e56,subject_id,93,45,False,0.5000193005761644,0.6931664811247794,ELIGIBLE
GROUP-b30dad35feeeacc95e56,subject_id,98,45,False,0.5000702301363943,0.6932174108462817,ELIGIBLE
GROUP-b30dad35feeeacc95e56,session_id,0,495,False,0.5000674700576158,0.6932146509617733,ELIGIBLE
GROUP-b30dad35feeeacc95e56,model_id,CLS-CSP-LDA:CLS-CSP-LDA:P02-A0-PhysioNetMI-CLS-CSP-LDA-P01-L1-LOW-CAL-OFFICIAL-R2:4_PER_CLASS-MR00,495,False,0.5000674700576158,0.6932146509617733,ELIGIBLE
GROUP-b30dad35feeeacc95e56,branch_id,__MISSING__,495,False,0.5000674700576158,0.6932146509617733,ELIGIBLE
GROUP-b30dad35feeeacc95e56,budget_id,P01-L1-LOW-CAL-OFFICIAL-R2:4_PER_CLASS,495,False,0.5000674700576158,0.6932146509617733,ELIGIBLE
GROUP-b30dad35feeeacc95e56,split_id,IHARQ-SPLITRECORD-20260806-e4e371d332c61e36,495,False,0.5000674700576158,0.6932146509617733,ELIGIBLE
GROUP-b30dad35feeeacc95e56,calibration_method_id,__MISSING__,495,False,0.5000674700576158,0.6932146509617733,ELIGIBLE
GROUP-499e909b36859d27e93e,dataset_id,PhysioNetMI,495,False,0.5001622354278388,0.6933094209504446,ELIGIBLE
GROUP-499e909b36859d27e93e,subject_id,107,45,False,0.5000861689370042,0.6932333473004919,ELIGIBLE
GROUP-499e909b36859d27e93e,subject_id,27,45,False,0.5003891674677571,0.6935363490454166,ELIGIBLE
GROUP-499e909b36859d27e93e,subject_id,39,45,False,0.4999653091837862,0.693112489712642,ELIGIBLE
GROUP-499e909b36859d27e93e,subject_id,40,45,False,0.49995452806083424,0.6931017086347702,ELIGIBLE
GROUP-499e909b36859d27e93e,subject_id,47,45,False,0.5010671876395859,0.6942144324752028,ELIGIBLE
GROUP-499e909b36859d27e93e,subject_id,48,45,False,0.5000284198923102,0.6931756005004657,ELIGIBLE
GROUP-499e909b36859d27e93e,subject_id,57,45,False,0.5001286332917175,0.6932758145888488,ELIGIBLE
GROUP-499e909b36859d27e93e,subject_id,6,45,False,0.5000246696730889,0.6931718469316596,ELIGIBLE
GROUP-499e909b36859d27e93e,subject_id,71,45,False,0.49973199641101906,0.692879173205214,ELIGIBLE
GROUP-499e909b36859d27e93e,subject_id,93,45,False,0.5004993320311791,0.6936465341496656,ELIGIBLE
GROUP-499e909b36859d27e93e,subject_id,98,45,False,0.4999091771179438,0.6930563339105132,ELIGIBLE
GROUP-499e909b36859d27e93e,session_id,0,495,False,0.5001622354278388,0.6933094209504446,ELIGIBLE
GROUP-499e909b36859d27e93e,model_id,CLS-CSP-LDA:CLS-CSP-LDA:P02-A0-PhysioNetMI-CLS-CSP-LDA-P01-L1-LOW-CAL-OFFICIAL-R2:8_PER_CLASS-MR00,495,False,0.5001622354278388,0.6933094209504446,ELIGIBLE
GROUP-499e909b36859d27e93e,branch_id,__MISSING__,495,False,0.5001622354278388,0.6933094209504446,ELIGIBLE
GROUP-499e909b36859d27e93e,budget_id,P01-L1-LOW-CAL-OFFICIAL-R2:8_PER_CLASS,495,False,0.5001622354278388,0.6933094209504446,ELIGIBLE
GROUP-499e909b36859d27e93e,split_id,IHARQ-SPLITRECORD-20260806-e4e371d332c61e36,495,False,0.5001622354278388,0.6933094209504446,ELIGIBLE
GROUP-499e909b36859d27e93e,calibration_method_id,__MISSING__,495,False,0.5001622354278388,0.6933094209504446,ELIGIBLE
GROUP-e9d03885dc70669d383f,dataset_id,PhysioNetMI,495,False,0.4845339468343544,0.677814681652334,ELIGIBLE
GROUP-e9d03885dc70669d383f,subject_id,107,45,False,0.4996290824929135,0.6927976018215383,ELIGIBLE
GROUP-e9d03885dc70669d383f,subject_id,27,45,False,0.5289849388710858,0.7213201316703015,ELIGIBLE
GROUP-e9d03885dc70669d383f,subject_id,39,45,False,0.5002941480252846,0.6931333246496965,ELIGIBLE
GROUP-e9d03885dc70669d383f,subject_id,40,45,False,0.4883649939397807,0.6814606967623414,ELIGIBLE
GROUP-e9d03885dc70669d383f,subject_id,47,45,False,0.48606820177511667,0.6791421346702412,ELIGIBLE
GROUP-e9d03885dc70669d383f,subject_id,48,45,False,0.5189518108018965,0.7211975377988108,ELIGIBLE
GROUP-e9d03885dc70669d383f,subject_id,57,45,False,0.48893216087207175,0.6815159053617685,ELIGIBLE
GROUP-e9d03885dc70669d383f,subject_id,6,45,False,0.5132676467385568,0.7065409928900697,ELIGIBLE
GROUP-e9d03885dc70669d383f,subject_id,71,45,False,0.4256234315923987,0.6172170873925732,ELIGIBLE
GROUP-e9d03885dc70669d383f,subject_id,93,45,False,0.3625159302543085,0.5510281765915583,ELIGIBLE
GROUP-e9d03885dc70669d383f,subject_id,98,45,False,0.5172410698144846,0.7106079085667769,ELIGIBLE
GROUP-e9d03885dc70669d383f,session_id,0,495,False,0.4845339468343544,0.677814681652334,ELIGIBLE
GROUP-e9d03885dc70669d383f,model_id,CLS-FBCSP-LR:CLS-FBCSP-LR:P02-A0-PhysioNetMI-CLS-FBCSP-LR-FULL_TRAIN-MR00,495,False,0.4845339468343544,0.677814681652334,ELIGIBLE
GROUP-e9d03885dc70669d383f,branch_id,__MISSING__,495,False,0.4845339468343544,0.677814681652334,ELIGIBLE
GROUP-e9d03885dc70669d383f,budget_id,FULL_TRAIN,495,False,0.4845339468343544,0.677814681652334,ELIGIBLE
GROUP-e9d03885dc70669d383f,split_id,IHARQ-SPLITRECORD-20260806-e4e371d332c61e36,495,False,0.4845339468343544,0.677814681652334,ELIGIBLE
GROUP-e9d03885dc70669d383f,calibration_method_id,__MISSING__,495,False,0.4845339468343544,0.677814681652334,ELIGIBLE
GROUP-8bcd6ea23e6b9a048add,dataset_id,PhysioNetMI,495,False,0.43741335223552896,0.6267130196264135,ELIGIBLE
GROUP-8bcd6ea23e6b9a048add,subject_id,107,45,False,0.4271321346890935,0.6179695153998239,ELIGIBLE
GROUP-8bcd6ea23e6b9a048add,subject_id,27,45,False,0.49982455647974505,0.688365649366535,ELIGIBLE
GROUP-8bcd6ea23e6b9a048add,subject_id,39,45,False,0.5079829636068528,0.7060395251907282,ELIGIBLE
GROUP-8bcd6ea23e6b9a048add,subject_id,40,45,False,0.4754395986325337,0.6683312410980703,ELIGIBLE
GROUP-8bcd6ea23e6b9a048add,subject_id,47,45,False,0.4962154488883075,0.6889329194705452,ELIGIBLE
GROUP-8bcd6ea23e6b9a048add,subject_id,48,45,False,0.3421042131746072,0.5238293944797741,ELIGIBLE
GROUP-8bcd6ea23e6b9a048add,subject_id,57,45,False,0.45315185345418046,0.6400339368564918,ELIGIBLE
GROUP-8bcd6ea23e6b9a048add,subject_id,6,45,False,0.5138996308039652,0.7076943349175306,ELIGIBLE
GROUP-8bcd6ea23e6b9a048add,subject_id,71,45,False,0.27386186232398385,0.45321923150746946,ELIGIBLE
GROUP-8bcd6ea23e6b9a048add,subject_id,93,45,False,0.3261665634247617,0.5093611950578539,ELIGIBLE
GROUP-8bcd6ea23e6b9a048add,subject_id,98,45,False,0.4957680491127871,0.6900662725457255,ELIGIBLE
GROUP-8bcd6ea23e6b9a048add,session_id,0,495,False,0.43741335223552896,0.6267130196264135,ELIGIBLE
GROUP-8bcd6ea23e6b9a048add,model_id,DNN-EEGNET:EEGNet-R7-LAWHERN-SMR-P01-160HZ:P02-A0-PhysioNetMI-DNN-EEGNET-FULL_TRAIN-MR00,495,False,0.43741335223552896,0.6267130196264135,ELIGIBLE
GROUP-8bcd6ea23e6b9a048add,branch_id,__MISSING__,495,False,0.43741335223552896,0.6267130196264135,ELIGIBLE
GROUP-8bcd6ea23e6b9a048add,budget_id,FULL_TRAIN,495,False,0.43741335223552896,0.6267130196264135,ELIGIBLE
GROUP-8bcd6ea23e6b9a048add,split_id,IHARQ-SPLITRECORD-20260806-e4e371d332c61e36,495,False,0.43741335223552896,0.6267130196264135,ELIGIBLE
GROUP-8bcd6ea23e6b9a048add,calibration_method_id,__MISSING__,495,False,0.43741335223552896,0.6267130196264135,ELIGIBLE
GROUP-6db1dc2154608c59667b,dataset_id,PhysioNetMI,495,False,0.4445260220776764,0.6348366991711109,ELIGIBLE
GROUP-6db1dc2154608c59667b,subject_id,107,45,False,0.4589838901963782,0.6497845930664563,ELIGIBLE
GROUP-6db1dc2154608c59667b,subject_id,27,45,False,0.4923950620075953,0.6869999318842024,ELIGIBLE
GROUP-6db1dc2154608c59667b,subject_id,39,45,False,0.5034825153942318,0.7047504453768595,ELIGIBLE
GROUP-6db1dc2154608c59667b,subject_id,40,45,False,0.498128234345769,0.6911415208377836,ELIGIBLE
GROUP-6db1dc2154608c59667b,subject_id,47,45,False,0.49178339541111427,0.6846348808523158,ELIGIBLE
GROUP-6db1dc2154608c59667b,subject_id,48,45,False,0.41607666050788084,0.6156363270115449,ELIGIBLE
GROUP-6db1dc2154608c59667b,subject_id,57,45,False,0.40575345166131793,0.5868693413876634,ELIGIBLE
GROUP-6db1dc2154608c59667b,subject_id,6,45,False,0.5148537591650515,0.7082007119332355,ELIGIBLE
GROUP-6db1dc2154608c59667b,subject_id,71,45,False,0.2601894539546476,0.42898632386879837,ELIGIBLE
GROUP-6db1dc2154608c59667b,subject_id,93,45,False,0.3583895127581642,0.5433576285167335,ELIGIBLE
GROUP-6db1dc2154608c59667b,subject_id,98,45,False,0.4897503074522898,0.682841986146627,ELIGIBLE
GROUP-6db1dc2154608c59667b,session_id,0,495,False,0.4445260220776764,0.6348366991711109,ELIGIBLE
GROUP-6db1dc2154608c59667b,model_id,DNN-EEGNET:EEGNet-R7-LAWHERN-SMR-P01-160HZ:P02-A0-PhysioNetMI-DNN-EEGNET-FULL_TRAIN-MR01,495,False,0.4445260220776764,0.6348366991711109,ELIGIBLE
GROUP-6db1dc2154608c59667b,branch_id,__MISSING__,495,False,0.4445260220776764,0.6348366991711109,ELIGIBLE
GROUP-6db1dc2154608c59667b,budget_id,FULL_TRAIN,495,False,0.4445260220776764,0.6348366991711109,ELIGIBLE
GROUP-6db1dc2154608c59667b,split_id,IHARQ-SPLITRECORD-20260806-e4e371d332c61e36,495,False,0.4445260220776764,0.6348366991711109,ELIGIBLE
GROUP-6db1dc2154608c59667b,calibration_method_id,__MISSING__,495,False,0.4445260220776764,0.6348366991711109,ELIGIBLE
GROUP-1100702b932bb0181e2e,dataset_id,PhysioNetMI,495,False,0.45396019308121655,0.6447906063993047,ELIGIBLE
GROUP-1100702b932bb0181e2e,subject_id,107,45,False,0.4669327832807667,0.6592190777473722,ELIGIBLE
GROUP-1100702b932bb0181e2e,subject_id,27,45,False,0.5350190213965882,0.731735661982028,ELIGIBLE
GROUP-1100702b932bb0181e2e,subject_id,39,45,False,0.50948686999606,0.7033686237719208,ELIGIBLE
GROUP-1100702b932bb0181e2e,subject_id,40,45,False,0.5196358591031359,0.7133404854718306,ELIGIBLE
GROUP-1100702b932bb0181e2e,subject_id,47,45,False,0.4962446301056818,0.6893167011157492,ELIGIBLE
GROUP-1100702b932bb0181e2e,subject_id,48,45,False,0.36204813057249163,0.5476816571766103,ELIGIBLE
GROUP-1100702b932bb0181e2e,subject_id,57,45,False,0.42933901290722304,0.6186707901114383,ELIGIBLE
GROUP-1100702b932bb0181e2e,subject_id,6,45,False,0.49668539316002314,0.6894587261446491,ELIGIBLE
GROUP-1100702b932bb0181e2e,subject_id,71,45,False,0.3251106293276323,0.5069412512927455,ELIGIBLE
GROUP-1100702b932bb0181e2e,subject_id,93,45,False,0.35627233959146765,0.5431872976327151,ELIGIBLE
GROUP-1100702b932bb0181e2e,subject_id,98,45,False,0.49678745445231187,0.689776397945294,ELIGIBLE
GROUP-1100702b932bb0181e2e,session_id,0,495,False,0.45396019308121655,0.6447906063993047,ELIGIBLE
GROUP-1100702b932bb0181e2e,model_id,DNN-EEGNET:EEGNet-R7-LAWHERN-SMR-P01-160HZ:P02-A0-PhysioNetMI-DNN-EEGNET-FULL_TRAIN-MR02,495,False,0.45396019308121655,0.6447906063993047,ELIGIBLE
GROUP-1100702b932bb0181e2e,branch_id,__MISSING__,495,False,0.45396019308121655,0.6447906063993047,ELIGIBLE
GROUP-1100702b932bb0181e2e,budget_id,FULL_TRAIN,495,False,0.45396019308121655,0.6447906063993047,ELIGIBLE
GROUP-1100702b932bb0181e2e,split_id,IHARQ-SPLITRECORD-20260806-e4e371d332c61e36,495,False,0.45396019308121655,0.6447906063993047,ELIGIBLE
GROUP-1100702b932bb0181e2e,calibration_method_id,__MISSING__,495,False,0.45396019308121655,0.6447906063993047,ELIGIBLE
GROUP-9d54e70dd10908f88d44,dataset_id,PhysioNetMI,495,False,0.44656306665124845,0.6374658490488527,ELIGIBLE
GROUP-9d54e70dd10908f88d44,subject_id,107,45,False,0.49013644258973943,0.6835367488916066,ELIGIBLE
GROUP-9d54e70dd10908f88d44,subject_id,27,45,False,0.5081264537947514,0.7023060725691654,ELIGIBLE
GROUP-9d54e70dd10908f88d44,subject_id,39,45,False,0.49633168276808326,0.6945833966448673,ELIGIBLE
GROUP-9d54e70dd10908f88d44,subject_id,40,45,False,0.47354911248403975,0.6656699161034756,ELIGIBLE
GROUP-9d54e70dd10908f88d44,subject_id,47,45,False,0.48735456863381454,0.6803033645041745,ELIGIBLE
GROUP-9d54e70dd10908f88d44,subject_id,48,45,False,0.40100151249897076,0.5962550901908844,ELIGIBLE
GROUP-9d54e70dd10908f88d44,subject_id,57,45,False,0.4223579773893913,0.6095299396058336,ELIGIBLE
GROUP-9d54e70dd10908f88d44,subject_id,6,45,False,0.524523404563079,0.7208705475784248,ELIGIBLE
GROUP-9d54e70dd10908f88d44,subject_id,71,45,False,0.2754032190791559,0.4467188690118896,ELIGIBLE
GROUP-9d54e70dd10908f88d44,subject_id,93,45,False,0.35115312690322503,0.5377012700599487,ELIGIBLE
GROUP-9d54e70dd10908f88d44,subject_id,98,45,False,0.48225623245948324,0.6746491243771094,ELIGIBLE
GROUP-9d54e70dd10908f88d44,session_id,0,495,False,0.44656306665124845,0.6374658490488527,ELIGIBLE
GROUP-9d54e70dd10908f88d44,model_id,DNN-EEGNET:EEGNet-R7-LAWHERN-SMR-P01-160HZ:P02-A0-PhysioNetMI-DNN-EEGNET-FULL_TRAIN-MR03,495,False,0.44656306665124845,0.6374658490488527,ELIGIBLE
GROUP-9d54e70dd10908f88d44,branch_id,__MISSING__,495,False,0.44656306665124845,0.6374658490488527,ELIGIBLE
GROUP-9d54e70dd10908f88d44,budget_id,FULL_TRAIN,495,False,0.44656306665124845,0.6374658490488527,ELIGIBLE
GROUP-9d54e70dd10908f88d44,split_id,IHARQ-SPLITRECORD-20260806-e4e371d332c61e36,495,False,0.44656306665124845,0.6374658490488527,ELIGIBLE
GROUP-9d54e70dd10908f88d44,calibration_method_id,__MISSING__,495,False,0.44656306665124845,0.6374658490488527,ELIGIBLE
GROUP-148e6164e0ca7a049d5a,dataset_id,PhysioNetMI,495,False,0.4508526519954885,0.6408855196085745,ELIGIBLE
GROUP-148e6164e0ca7a049d5a,subject_id,107,45,False,0.4478813255332348,0.6385320912725787,ELIGIBLE
GROUP-148e6164e0ca7a049d5a,subject_id,27,45,False,0.5165277356722923,0.7097816624250639,ELIGIBLE
GROUP-148e6164e0ca7a049d5a,subject_id,39,45,False,0.5401474176470853,0.7435789724387195,ELIGIBLE
GROUP-148e6164e0ca7a049d5a,subject_id,40,45,False,0.5569056996694536,0.7514729649212264,ELIGIBLE
GROUP-148e6164e0ca7a049d5a,subject_id,47,45,False,0.5355332626751311,0.7304693579186782,ELIGIBLE
GROUP-148e6164e0ca7a049d5a,subject_id,48,45,False,0.35420573804660666,0.5429727968252678,ELIGIBLE
GROUP-148e6164e0ca7a049d5a,subject_id,57,45,False,0.4297878677375011,0.6208643782676491,ELIGIBLE
GROUP-148e6164e0ca7a049d5a,subject_id,6,45,False,0.5105975871819269,0.7035314823073525,ELIGIBLE
GROUP-148e6164e0ca7a049d5a,subject_id,71,45,False,0.20347538429561213,0.3656891605569069,ELIGIBLE
GROUP-148e6164e0ca7a049d5a,subject_id,93,45,False,0.3788476441862774,0.5643254097137906,ELIGIBLE
GROUP-148e6164e0ca7a049d5a,subject_id,98,45,False,0.48546950930525323,0.6785224390470861,ELIGIBLE
GROUP-148e6164e0ca7a049d5a,session_id,0,495,False,0.4508526519954885,0.6408855196085745,ELIGIBLE
GROUP-148e6164e0ca7a049d5a,model_id,DNN-EEGNET:EEGNet-R7-LAWHERN-SMR-P01-160HZ:P02-A0-PhysioNetMI-DNN-EEGNET-FULL_TRAIN-MR04,495,False,0.4508526519954885,0.6408855196085745,ELIGIBLE
GROUP-148e6164e0ca7a049d5a,branch_id,__MISSING__,495,False,0.4508526519954885,0.6408855196085745,ELIGIBLE
GROUP-148e6164e0ca7a049d5a,budget_id,FULL_TRAIN,495,False,0.4508526519954885,0.6408855196085745,ELIGIBLE
GROUP-148e6164e0ca7a049d5a,split_id,IHARQ-SPLITRECORD-20260806-e4e371d332c61e36,495,False,0.4508526519954885,0.6408855196085745,ELIGIBLE
GROUP-148e6164e0ca7a049d5a,calibration_method_id,__MISSING__,495,False,0.4508526519954885,0.6408855196085745,ELIGIBLE
GROUP-7fa48591c5eb8b8ff0c2,dataset_id,PhysioNetMI,495,False,0.5000798189832106,0.6932269998473306,ELIGIBLE
GROUP-7fa48591c5eb8b8ff0c2,subject_id,107,45,False,0.500216800352785,0.6933639816506072,ELIGIBLE
GROUP-7fa48591c5eb8b8ff0c2,subject_id,27,45,False,0.500083152988566,0.6932303338850044,ELIGIBLE
GROUP-7fa48591c5eb8b8ff0c2,subject_id,39,45,False,0.5000757090557392,0.693222889878292,ELIGIBLE
GROUP-7fa48591c5eb8b8ff0c2,subject_id,40,45,False,0.49979402485596675,0.6929412047371623,ELIGIBLE
GROUP-7fa48591c5eb8b8ff0c2,subject_id,47,45,False,0.5002180857665579,0.693365267077175,ELIGIBLE
GROUP-7fa48591c5eb8b8ff0c2,subject_id,48,45,False,0.49994212504673047,0.693089305466686,ELIGIBLE
GROUP-7fa48591c5eb8b8ff0c2,subject_id,57,45,False,0.5002227727370527,0.6933699540923521,ELIGIBLE
GROUP-7fa48591c5eb8b8ff0c2,subject_id,6,45,False,0.500220391490347,0.6933675728242671,ELIGIBLE
GROUP-7fa48591c5eb8b8ff0c2,subject_id,71,45,False,0.49993774101937954,0.6930849214007891,ELIGIBLE
GROUP-7fa48591c5eb8b8ff0c2,subject_id,93,45,False,0.500086943408056,0.6932341243444223,ELIGIBLE
GROUP-7fa48591c5eb8b8ff0c2,subject_id,98,45,False,0.5000802620941367,0.6932274429638791,ELIGIBLE
GROUP-7fa48591c5eb8b8ff0c2,session_id,0,495,False,0.5000798189832106,0.6932269998473306,ELIGIBLE
GROUP-7fa48591c5eb8b8ff0c2,model_id,DNN-EEGNET:EEGNet-R7-LAWHERN-SMR-P01-160HZ:P02-A0-PhysioNetMI-DNN-EEGNET-P01-L1-LOW-CAL-OFFICIAL-R2:16_PER_CLASS-MR00,495,False,0.5000798189832106,0.6932269998473306,ELIGIBLE
GROUP-7fa48591c5eb8b8ff0c2,branch_id,__MISSING__,495,False,0.5000798189832106,0.6932269998473306,ELIGIBLE
GROUP-7fa48591c5eb8b8ff0c2,budget_id,P01-L1-LOW-CAL-OFFICIAL-R2:16_PER_CLASS,495,False,0.5000798189832106,0.6932269998473306,ELIGIBLE
GROUP-7fa48591c5eb8b8ff0c2,split_id,IHARQ-SPLITRECORD-20260806-e4e371d332c61e36,495,False,0.5000798189832106,0.6932269998473306,ELIGIBLE
GROUP-7fa48591c5eb8b8ff0c2,calibration_method_id,__MISSING__,495,False,0.5000798189832106,0.6932269998473306,ELIGIBLE
GROUP-f59b2ef205c9256fce4d,dataset_id,PhysioNetMI,495,False,0.49980084335300445,0.6929483370294611,ELIGIBLE
GROUP-f59b2ef205c9256fce4d,subject_id,107,45,False,0.5017914290886208,0.6949394860140059,ELIGIBLE
GROUP-f59b2ef205c9256fce4d,subject_id,27,45,False,0.49959634375197876,0.6927430910339866,ELIGIBLE
GROUP-f59b2ef205c9256fce4d,subject_id,39,45,False,0.5031100731180228,0.6962594878890349,ELIGIBLE
GROUP-f59b2ef205c9256fce4d,subject_id,40,45,False,0.4979911723551656,0.6911382757298256,ELIGIBLE
GROUP-f59b2ef205c9256fce4d,subject_id,47,45,False,0.5001271415920647,0.6932743224546747,ELIGIBLE
GROUP-f59b2ef205c9256fce4d,subject_id,48,45,False,0.49997825576719673,0.6931272025244684,ELIGIBLE
GROUP-f59b2ef205c9256fce4d,subject_id,57,45,False,0.5013523969278993,0.6944994433473839,ELIGIBLE
GROUP-f59b2ef205c9256fce4d,subject_id,6,45,False,0.4982892949362515,0.6914359776501524,ELIGIBLE
GROUP-f59b2ef205c9256fce4d,subject_id,71,45,False,0.4995270361320475,0.6926742868769,ELIGIBLE
GROUP-f59b2ef205c9256fce4d,subject_id,93,45,False,0.497113138643865,0.6902600578684506,ELIGIBLE
GROUP-f59b2ef205c9256fce4d,subject_id,98,45,False,0.49893299456993573,0.6920800759351897,ELIGIBLE
GROUP-f59b2ef205c9256fce4d,session_id,0,495,False,0.49980084335300445,0.6929483370294611,ELIGIBLE
GROUP-f59b2ef205c9256fce4d,model_id,DNN-EEGNET:EEGNet-R7-LAWHERN-SMR-P01-160HZ:P02-A0-PhysioNetMI-DNN-EEGNET-P01-L1-LOW-CAL-OFFICIAL-R2:16_PER_CLASS-MR01,495,False,0.49980084335300445,0.6929483370294611,ELIGIBLE
GROUP-f59b2ef205c9256fce4d,branch_id,__MISSING__,495,False,0.49980084335300445,0.6929483370294611,ELIGIBLE
GROUP-f59b2ef205c9256fce4d,budget_id,P01-L1-LOW-CAL-OFFICIAL-R2:16_PER_CLASS,495,False,0.49980084335300445,0.6929483370294611,ELIGIBLE
GROUP-f59b2ef205c9256fce4d,split_id,IHARQ-SPLITRECORD-20260806-e4e371d332c61e36,495,False,0.49980084335300445,0.6929483370294611,ELIGIBLE
GROUP-f59b2ef205c9256fce4d,calibration_method_id,__MISSING__,495,False,0.49980084335300445,0.6929483370294611,ELIGIBLE
GROUP-2c542682542adf38b968,dataset_id,PhysioNetMI,495,False,0.4992678436449989,0.6924149065560363,ELIGIBLE
GROUP-2c542682542adf38b968,subject_id,107,45,False,0.5005263474180001,0.6936735652231678,ELIGIBLE
GROUP-2c542682542adf38b968,subject_id,27,45,False,0.4991566995050527,0.6923037213234112,ELIGIBLE
GROUP-2c542682542adf38b968,subject_id,39,45,False,0.5011977826590265,0.6943464388600046,ELIGIBLE
GROUP-2c542682542adf38b968,subject_id,40,45,False,0.49960971564742124,0.6927568969438972,ELIGIBLE
GROUP-2c542682542adf38b968,subject_id,47,45,False,0.5000065899746994,0.6931537720912995,ELIGIBLE
GROUP-2c542682542adf38b968,subject_id,48,45,False,0.49755826511484774,0.6907031092059559,ELIGIBLE
GROUP-2c542682542adf38b968,subject_id,57,45,False,0.4973510767656955,0.6904979921023832,ELIGIBLE
GROUP-2c542682542adf38b968,subject_id,6,45,False,0.4994777120145708,0.692624891370034,ELIGIBLE
GROUP-2c542682542adf38b968,subject_id,71,45,False,0.5004444850627922,0.6935916784138898,ELIGIBLE
GROUP-2c542682542adf38b968,subject_id,93,45,False,0.4976858520968975,0.6908329867117331,ELIGIBLE
GROUP-2c542682542adf38b968,subject_id,98,45,False,0.49893175383598387,0.6920789198706236,ELIGIBLE
GROUP-2c542682542adf38b968,session_id,0,495,False,0.4992678436449989,0.6924149065560363,ELIGIBLE
GROUP-2c542682542adf38b968,model_id,DNN-EEGNET:EEGNet-R7-LAWHERN-SMR-P01-160HZ:P02-A0-PhysioNetMI-DNN-EEGNET-P01-L1-LOW-CAL-OFFICIAL-R2:16_PER_CLASS-MR02,495,False,0.4992678436449989,0.6924149065560363,ELIGIBLE
GROUP-2c542682542adf38b968,branch_id,__MISSING__,495,False,0.4992678436449989,0.6924149065560363,ELIGIBLE
GROUP-2c542682542adf38b968,budget_id,P01-L1-LOW-CAL-OFFICIAL-R2:16_PER_CLASS,495,False,0.4992678436449989,0.6924149065560363,ELIGIBLE
GROUP-2c542682542adf38b968,split_id,IHARQ-SPLITRECORD-20260806-e4e371d332c61e36,495,False,0.4992678436449989,0.6924149065560363,ELIGIBLE
GROUP-2c542682542adf38b968,calibration_method_id,__MISSING__,495,False,0.4992678436449989,0.6924149065560363,ELIGIBLE
GROUP-5fd401f44e181e8ec0e8,dataset_id,PhysioNetMI,495,False,0.49909487170896083,0.6922389859605186,ELIGIBLE
GROUP-5fd401f44e181e8ec0e8,subject_id,107,45,False,0.5050506692956068,0.6982009265709249,ELIGIBLE
GROUP-5fd401f44e181e8ec0e8,subject_id,27,45,False,0.4994548218538405,0.6925984093193366,ELIGIBLE
GROUP-5fd401f44e181e8ec0e8,subject_id,39,45,False,0.500260027488395,0.693400269224881,ELIGIBLE
GROUP-5fd401f44e181e8ec0e8,subject_id,40,45,False,0.4994586125960822,0.6926051945985758,ELIGIBLE
GROUP-5fd401f44e181e8ec0e8,subject_id,47,45,False,0.49915386480735946,0.6923009831003123,ELIGIBLE
GROUP-5fd401f44e181e8ec0e8,subject_id,48,45,False,0.49826184094815934,0.6913820749307,ELIGIBLE
GROUP-5fd401f44e181e8ec0e8,subject_id,57,45,False,0.4986477544697926,0.6917950750225741,ELIGIBLE
GROUP-5fd401f44e181e8ec0e8,subject_id,6,45,False,0.5011483553856637,0.694297947042093,ELIGIBLE
GROUP-5fd401f44e181e8ec0e8,subject_id,71,45,False,0.49752980666372343,0.6906765361817828,ELIGIBLE
GROUP-5fd401f44e181e8ec0e8,subject_id,93,45,False,0.492654575593342,0.6858011211942884,ELIGIBLE
GROUP-5fd401f44e181e8ec0e8,subject_id,98,45,False,0.4984232596966037,0.6915703083802363,ELIGIBLE
GROUP-5fd401f44e181e8ec0e8,session_id,0,495,False,0.49909487170896083,0.6922389859605186,ELIGIBLE
GROUP-5fd401f44e181e8ec0e8,model_id,DNN-EEGNET:EEGNet-R7-LAWHERN-SMR-P01-160HZ:P02-A0-PhysioNetMI-DNN-EEGNET-P01-L1-LOW-CAL-OFFICIAL-R2:16_PER_CLASS-MR03,495,False,0.49909487170896083,0.6922389859605186,ELIGIBLE
GROUP-5fd401f44e181e8ec0e8,branch_id,__MISSING__,495,False,0.49909487170896083,0.6922389859605186,ELIGIBLE
GROUP-5fd401f44e181e8ec0e8,budget_id,P01-L1-LOW-CAL-OFFICIAL-R2:16_PER_CLASS,495,False,0.49909487170896083,0.6922389859605186,ELIGIBLE
GROUP-5fd401f44e181e8ec0e8,split_id,IHARQ-SPLITRECORD-20260806-e4e371d332c61e36,495,False,0.49909487170896083,0.6922389859605186,ELIGIBLE
GROUP-5fd401f44e181e8ec0e8,calibration_method_id,__MISSING__,495,False,0.49909487170896083,0.6922389859605186,ELIGIBLE
GROUP-b8cf744a0e0221ff03bd,dataset_id,PhysioNetMI,495,False,0.5005828819291185,0.6937301572494837,ELIGIBLE
GROUP-b8cf744a0e0221ff03bd,subject_id,107,45,False,0.4991513608908273,0.6922984612468592,ELIGIBLE
GROUP-b8cf744a0e0221ff03bd,subject_id,27,45,False,0.5005411718346128,0.6936882994384528,ELIGIBLE
GROUP-b8cf744a0e0221ff03bd,subject_id,39,45,False,0.5008199472677016,0.6939683690138513,ELIGIBLE
GROUP-b8cf744a0e0221ff03bd,subject_id,40,45,False,0.499807642808679,0.6929548056296349,ELIGIBLE
GROUP-b8cf744a0e0221ff03bd,subject_id,47,45,False,0.5002644218770042,0.6934115980431831,ELIGIBLE
GROUP-b8cf744a0e0221ff03bd,subject_id,48,45,False,0.5017653333622509,0.6949122684833715,ELIGIBLE
GROUP-b8cf744a0e0221ff03bd,subject_id,57,45,False,0.5012228642610732,0.6943701492892774,ELIGIBLE
GROUP-b8cf744a0e0221ff03bd,subject_id,6,45,False,0.5008100740213118,0.693957299354932,ELIGIBLE
GROUP-b8cf744a0e0221ff03bd,subject_id,71,45,False,0.4992532314142708,0.6924004264303342,ELIGIBLE
GROUP-b8cf744a0e0221ff03bd,subject_id,93,45,False,0.5023433098419977,0.6954905236122058,ELIGIBLE
GROUP-b8cf744a0e0221ff03bd,subject_id,98,45,False,0.5004323436405734,0.6935795292022198,ELIGIBLE
GROUP-b8cf744a0e0221ff03bd,session_id,0,495,False,0.5005828819291185,0.6937301572494837,ELIGIBLE
GROUP-b8cf744a0e0221ff03bd,model_id,DNN-EEGNET:EEGNet-R7-LAWHERN-SMR-P01-160HZ:P02-A0-PhysioNetMI-DNN-EEGNET-P01-L1-LOW-CAL-OFFICIAL-R2:16_PER_CLASS-MR04,495,False,0.5005828819291185,0.6937301572494837,ELIGIBLE
GROUP-b8cf744a0e0221ff03bd,branch_id,__MISSING__,495,False,0.5005828819291185,0.6937301572494837,ELIGIBLE
GROUP-b8cf744a0e0221ff03bd,budget_id,P01-L1-LOW-CAL-OFFICIAL-R2:16_PER_CLASS,495,False,0.5005828819291185,0.6937301572494837,ELIGIBLE
GROUP-b8cf744a0e0221ff03bd,split_id,IHARQ-SPLITRECORD-20260806-e4e371d332c61e36,495,False,0.5005828819291185,0.6937301572494837,ELIGIBLE
GROUP-b8cf744a0e0221ff03bd,calibration_method_id,__MISSING__,495,False,0.5005828819291185,0.6937301572494837,ELIGIBLE
GROUP-3cbf9ebefd582bfa5370,dataset_id,PhysioNetMI,495,False,0.5000218733601928,0.6931690553777566,ELIGIBLE
GROUP-3cbf9ebefd582bfa5370,subject_id,107,45,False,0.4999952483000909,0.6931424287782089,ELIGIBLE
GROUP-3cbf9ebefd582bfa5370,subject_id,27,45,False,0.5000578204092675,0.6932050010031898,ELIGIBLE
GROUP-3cbf9ebefd582bfa5370,subject_id,39,45,False,0.5002158637650312,0.6933630438733808,ELIGIBLE
GROUP-3cbf9ebefd582bfa5370,subject_id,40,45,False,0.5000438645595089,0.6931910451693025,ELIGIBLE
GROUP-3cbf9ebefd582bfa5370,subject_id,47,45,False,0.49997909823601194,0.6931262788511137,ELIGIBLE
GROUP-3cbf9ebefd582bfa5370,subject_id,48,45,False,0.49986042214201587,0.6930076183779684,ELIGIBLE
GROUP-3cbf9ebefd582bfa5370,subject_id,57,45,False,0.4999491430935665,0.6930963235544,ELIGIBLE
GROUP-3cbf9ebefd582bfa5370,subject_id,6,45,False,0.4999197350038077,0.6930669154323094,ELIGIBLE
GROUP-3cbf9ebefd582bfa5370,subject_id,71,45,False,0.5000708128714604,0.6932179941224267,ELIGIBLE
GROUP-3cbf9ebefd582bfa5370,subject_id,93,45,False,0.5000753878940879,0.6932225686234775,ELIGIBLE
GROUP-3cbf9ebefd582bfa5370,subject_id,98,45,False,0.5000732106872715,0.6932203913695466,ELIGIBLE
GROUP-3cbf9ebefd582bfa5370,session_id,0,495,False,0.5000218733601928,0.6931690553777566,ELIGIBLE
GROUP-3cbf9ebefd582bfa5370,model_id,DNN-EEGNET:EEGNet-R7-LAWHERN-SMR-P01-160HZ:P02-A0-PhysioNetMI-DNN-EEGNET-P01-L1-LOW-CAL-OFFICIAL-R2:1_PER_CLASS-MR00,495,False,0.5000218733601928,0.6931690553777566,ELIGIBLE
GROUP-3cbf9ebefd582bfa5370,branch_id,__MISSING__,495,False,0.5000218733601928,0.6931690553777566,ELIGIBLE
GROUP-3cbf9ebefd582bfa5370,budget_id,P01-L1-LOW-CAL-OFFICIAL-R2:1_PER_CLASS,495,False,0.5000218733601928,0.6931690553777566,ELIGIBLE
GROUP-3cbf9ebefd582bfa5370,split_id,IHARQ-SPLITRECORD-20260806-e4e371d332c61e36,495,False,0.5000218733601928,0.6931690553777566,ELIGIBLE
GROUP-3cbf9ebefd582bfa5370,calibration_method_id,__MISSING__,495,False,0.5000218733601928,0.6931690553777566,ELIGIBLE
GROUP-420182ca04022dc08117,dataset_id,PhysioNetMI,495,False,0.49998795233051513,0.6931351321041469,ELIGIBLE
GROUP-420182ca04022dc08117,subject_id,107,45,False,0.5002477416194332,0.6933949222111743,ELIGIBLE
GROUP-420182ca04022dc08117,subject_id,27,45,False,0.5001954478881636,0.6933426296416495,ELIGIBLE
GROUP-420182ca04022dc08117,subject_id,39,45,False,0.49985104145319537,0.6929982207543274,ELIGIBLE
GROUP-420182ca04022dc08117,subject_id,40,45,False,0.49979211426046277,0.6929392941280051,ELIGIBLE
GROUP-420182ca04022dc08117,subject_id,47,45,False,0.5001950368338409,0.6933422179414757,ELIGIBLE
GROUP-420182ca04022dc08117,subject_id,48,45,False,0.4991005537401903,0.6922477244438588,ELIGIBLE
GROUP-420182ca04022dc08117,subject_id,57,45,False,0.5002259881662604,0.6933731695427027,ELIGIBLE
GROUP-420182ca04022dc08117,subject_id,6,45,False,0.5002075986490578,0.6933547799043094,ELIGIBLE
GROUP-420182ca04022dc08117,subject_id,71,45,False,0.49989383530559545,0.6930410151765299,ELIGIBLE
GROUP-420182ca04022dc08117,subject_id,93,45,False,0.5000872900579852,0.6932344709921251,ELIGIBLE
GROUP-420182ca04022dc08117,subject_id,98,45,False,0.5000708276614816,0.693218008409459,ELIGIBLE
GROUP-420182ca04022dc08117,session_id,0,495,False,0.49998795233051513,0.6931351321041469,ELIGIBLE
GROUP-420182ca04022dc08117,model_id,DNN-EEGNET:EEGNet-R7-LAWHERN-SMR-P01-160HZ:P02-A0-PhysioNetMI-DNN-EEGNET-P01-L1-LOW-CAL-OFFICIAL-R2:1_PER_CLASS-MR01,495,False,0.49998795233051513,0.6931351321041469,ELIGIBLE
GROUP-420182ca04022dc08117,branch_id,__MISSING__,495,False,0.49998795233051513,0.6931351321041469,ELIGIBLE
GROUP-420182ca04022dc08117,budget_id,P01-L1-LOW-CAL-OFFICIAL-R2:1_PER_CLASS,495,False,0.49998795233051513,0.6931351321041469,ELIGIBLE
GROUP-420182ca04022dc08117,split_id,IHARQ-SPLITRECORD-20260806-e4e371d332c61e36,495,False,0.49998795233051513,0.6931351321041469,ELIGIBLE
GROUP-420182ca04022dc08117,calibration_method_id,__MISSING__,495,False,0.49998795233051513,0.6931351321041469,ELIGIBLE
GROUP-acb26af1797778ba2016,dataset_id,PhysioNetMI,495,False,0.5000629204756948,0.6932101011445241,ELIGIBLE
GROUP-acb26af1797778ba2016,subject_id,107,45,False,0.5001027683739214,0.6932499490023528,ELIGIBLE
GROUP-acb26af1797778ba2016,subject_id,27,45,False,0.49981347165612794,0.6929606521691899,ELIGIBLE
GROUP-acb26af1797778ba2016,subject_id,39,45,False,0.5003348840528449,0.6934820651452944,ELIGIBLE
GROUP-acb26af1797778ba2016,subject_id,40,45,False,0.5001084713873273,0.6932556519742851,ELIGIBLE
GROUP-acb26af1797778ba2016,subject_id,47,45,False,0.49994539935017684,0.6930925798994001,ELIGIBLE
GROUP-acb26af1797778ba2016,subject_id,48,45,False,0.5001026523281255,0.6932498324292581,ELIGIBLE
GROUP-acb26af1797778ba2016,subject_id,57,45,False,0.5002135613294851,0.6933607428913978,ELIGIBLE
GROUP-acb26af1797778ba2016,subject_id,6,45,False,0.4999883570254935,0.693135537521469,ELIGIBLE
GROUP-acb26af1797778ba2016,subject_id,71,45,False,0.5000922476594959,0.6932394283116473,ELIGIBLE
GROUP-acb26af1797778ba2016,subject_id,93,45,False,0.5000228682599247,0.6931700488666854,ELIGIBLE
GROUP-acb26af1797778ba2016,subject_id,98,45,False,0.4999674438097197,0.6931146243787858,ELIGIBLE
GROUP-acb26af1797778ba2016,session_id,0,495,False,0.5000629204756948,0.6932101011445241,ELIGIBLE
GROUP-acb26af1797778ba2016,model_id,DNN-EEGNET:EEGNet-R7-LAWHERN-SMR-P01-160HZ:P02-A0-PhysioNetMI-DNN-EEGNET-P01-L1-LOW-CAL-OFFICIAL-R2:1_PER_CLASS-MR02,495,False,0.5000629204756948,0.6932101011445241,ELIGIBLE
GROUP-acb26af1797778ba2016,branch_id,__MISSING__,495,False,0.5000629204756948,0.6932101011445241,ELIGIBLE
GROUP-acb26af1797778ba2016,budget_id,P01-L1-LOW-CAL-OFFICIAL-R2:1_PER_CLASS,495,False,0.5000629204756948,0.6932101011445241,ELIGIBLE
GROUP-acb26af1797778ba2016,split_id,IHARQ-SPLITRECORD-20260806-e4e371d332c61e36,495,False,0.5000629204756948,0.6932101011445241,ELIGIBLE
GROUP-acb26af1797778ba2016,calibration_method_id,__MISSING__,495,False,0.5000629204756948,0.6932101011445241,ELIGIBLE
GROUP-749ecfc84ec6a635c68f,dataset_id,PhysioNetMI,495,False,0.5001095812747532,0.6932567684664794,ELIGIBLE
GROUP-749ecfc84ec6a635c68f,subject_id,107,45,False,0.5005223220910283,0.6936694921651336,ELIGIBLE
GROUP-749ecfc84ec6a635c68f,subject_id,27,45,False,0.5001028107035681,0.6932499950499382,ELIGIBLE
GROUP-749ecfc84ec6a635c68f,subject_id,39,45,False,0.4996274713250902,0.6927746567004309,ELIGIBLE
GROUP-749ecfc84ec6a635c68f,subject_id,40,45,False,0.4992678978072676,0.6924150453779246,ELIGIBLE
GROUP-749ecfc84ec6a635c68f,subject_id,47,45,False,0.5010706335062765,0.6942178922758565,ELIGIBLE
GROUP-749ecfc84ec6a635c68f,subject_id,48,45,False,0.4992445620716121,0.692391666452781,ELIGIBLE
GROUP-749ecfc84ec6a635c68f,subject_id,57,45,False,0.500105084078779,0.6932522778652733,ELIGIBLE
GROUP-749ecfc84ec6a635c68f,subject_id,6,45,False,0.5006436385051795,0.6937908380642839,ELIGIBLE
GROUP-749ecfc84ec6a635c68f,subject_id,71,45,False,0.4997854043035273,0.6929325941705821,ELIGIBLE
GROUP-749ecfc84ec6a635c68f,subject_id,93,45,False,0.5004283579413624,0.6935755742464251,ELIGIBLE
GROUP-749ecfc84ec6a635c68f,subject_id,98,45,False,0.5004072116885944,0.6935544207626443,ELIGIBLE
GROUP-749ecfc84ec6a635c68f,session_id,0,495,False,0.5001095812747532,0.6932567684664794,ELIGIBLE
GROUP-749ecfc84ec6a635c68f,model_id,DNN-EEGNET:EEGNet-R7-LAWHERN-SMR-P01-160HZ:P02-A0-PhysioNetMI-DNN-EEGNET-P01-L1-LOW-CAL-OFFICIAL-R2:1_PER_CLASS-MR03,495,False,0.5001095812747532,0.6932567684664794,ELIGIBLE
GROUP-749ecfc84ec6a635c68f,branch_id,__MISSING__,495,False,0.5001095812747532,0.6932567684664794,ELIGIBLE
GROUP-749ecfc84ec6a635c68f,budget_id,P01-L1-LOW-CAL-OFFICIAL-R2:1_PER_CLASS,495,False,0.5001095812747532,0.6932567684664794,ELIGIBLE
GROUP-749ecfc84ec6a635c68f,split_id,IHARQ-SPLITRECORD-20260806-e4e371d332c61e36,495,False,0.5001095812747532,0.6932567684664794,ELIGIBLE
GROUP-749ecfc84ec6a635c68f,calibration_method_id,__MISSING__,495,False,0.5001095812747532,0.6932567684664794,ELIGIBLE
GROUP-b8bc261f628afc0f5bc0,dataset_id,PhysioNetMI,495,False,0.500009773416626,0.6931569541900564,ELIGIBLE
GROUP-b8bc261f628afc0f5bc0,subject_id,107,45,False,0.4999987206306185,0.6931459010506725,ELIGIBLE
GROUP-b8bc261f628afc0f5bc0,subject_id,27,45,False,0.4998905457939487,0.6930377275696981,ELIGIBLE
GROUP-b8bc261f628afc0f5bc0,subject_id,39,45,False,0.4998941216615194,0.6930412997988341,ELIGIBLE
GROUP-b8bc261f628afc0f5bc0,subject_id,40,45,False,0.5000034776441177,0.6931506582017191,ELIGIBLE
GROUP-b8bc261f628afc0f5bc0,subject_id,47,45,False,0.5000048222662022,0.6931520028249553,ELIGIBLE
GROUP-b8bc261f628afc0f5bc0,subject_id,48,45,False,0.5000454550831543,0.6931926386319051,ELIGIBLE
GROUP-b8bc261f628afc0f5bc0,subject_id,57,45,False,0.5003266178356107,0.6934737989415822,ELIGIBLE
GROUP-b8bc261f628afc0f5bc0,subject_id,6,45,False,0.5000252040614684,0.693172384641963,ELIGIBLE
GROUP-b8bc261f628afc0f5bc0,subject_id,71,45,False,0.5000647841430005,0.6932119648970261,ELIGIBLE
GROUP-b8bc261f628afc0f5bc0,subject_id,93,45,False,0.4999429824667122,0.6930901630069696,ELIGIBLE
GROUP-b8bc261f628afc0f5bc0,subject_id,98,45,False,0.4999107759965333,0.6930579565252953,ELIGIBLE
GROUP-b8bc261f628afc0f5bc0,session_id,0,495,False,0.500009773416626,0.6931569541900564,ELIGIBLE
GROUP-b8bc261f628afc0f5bc0,model_id,DNN-EEGNET:EEGNet-R7-LAWHERN-SMR-P01-160HZ:P02-A0-PhysioNetMI-DNN-EEGNET-P01-L1-LOW-CAL-OFFICIAL-R2:1_PER_CLASS-MR04,495,False,0.500009773416626,0.6931569541900564,ELIGIBLE
GROUP-b8bc261f628afc0f5bc0,branch_id,__MISSING__,495,False,0.500009773416626,0.6931569541900564,ELIGIBLE
GROUP-b8bc261f628afc0f5bc0,budget_id,P01-L1-LOW-CAL-OFFICIAL-R2:1_PER_CLASS,495,False,0.500009773416626,0.6931569541900564,ELIGIBLE
GROUP-b8bc261f628afc0f5bc0,split_id,IHARQ-SPLITRECORD-20260806-e4e371d332c61e36,495,False,0.500009773416626,0.6931569541900564,ELIGIBLE
GROUP-b8bc261f628afc0f5bc0,calibration_method_id,__MISSING__,495,False,0.500009773416626,0.6931569541900564,ELIGIBLE
GROUP-b68484f2250a18430ab6,dataset_id,PhysioNetMI,495,False,0.5000531410875797,0.6932003689084892,ELIGIBLE
GROUP-b68484f2250a18430ab6,subject_id,107,45,False,0.5037497467474755,0.6968981052780275,ELIGIBLE
GROUP-b68484f2250a18430ab6,subject_id,27,45,False,0.5004818080052095,0.6936289333554296,ELIGIBLE
GROUP-b68484f2250a18430ab6,subject_id,39,45,False,0.498991145110654,0.6921378405503171,ELIGIBLE
GROUP-b68484f2250a18430ab6,subject_id,40,45,False,0.4987659883244968,0.6919128707649652,ELIGIBLE
GROUP-b68484f2250a18430ab6,subject_id,47,45,False,0.500493982099193,0.6936411629723296,ELIGIBLE
GROUP-b68484f2250a18430ab6,subject_id,48,45,False,0.4940502219072797,0.6871917692064723,ELIGIBLE
GROUP-b68484f2250a18430ab6,subject_id,57,45,False,0.5028206128159323,0.6959730903431641,ELIGIBLE
GROUP-b68484f2250a18430ab6,subject_id,6,45,False,0.5021260140902353,0.6952737630721819,ELIGIBLE
GROUP-b68484f2250a18430ab6,subject_id,71,45,False,0.49727321763498455,0.6904197343911102,ELIGIBLE
GROUP-b68484f2250a18430ab6,subject_id,93,45,False,0.5002365739484638,0.6933837493298355,ELIGIBLE
GROUP-b68484f2250a18430ab6,subject_id,98,45,False,0.5015952412794521,0.694743038729549,ELIGIBLE
GROUP-b68484f2250a18430ab6,session_id,0,495,False,0.5000531410875797,0.6932003689084892,ELIGIBLE
GROUP-b68484f2250a18430ab6,model_id,DNN-EEGNET:EEGNet-R7-LAWHERN-SMR-P01-160HZ:P02-A0-PhysioNetMI-DNN-EEGNET-P01-L1-LOW-CAL-OFFICIAL-R2:2_PER_CLASS-MR00,495,False,0.5000531410875797,0.6932003689084892,ELIGIBLE
GROUP-b68484f2250a18430ab6,branch_id,__MISSING__,495,False,0.5000531410875797,0.6932003689084892,ELIGIBLE
GROUP-b68484f2250a18430ab6,budget_id,P01-L1-LOW-CAL-OFFICIAL-R2:2_PER_CLASS,495,False,0.5000531410875797,0.6932003689084892,ELIGIBLE
GROUP-b68484f2250a18430ab6,split_id,IHARQ-SPLITRECORD-20260806-e4e371d332c61e36,495,False,0.5000531410875797,0.6932003689084892,ELIGIBLE
GROUP-b68484f2250a18430ab6,calibration_method_id,__MISSING__,495,False,0.5000531410875797,0.6932003689084892,ELIGIBLE
GROUP-2d7bc764faf95d55c4de,dataset_id,PhysioNetMI,495,False,0.5005772981422554,0.6937230329774154,ELIGIBLE
GROUP-2d7bc764faf95d55c4de,subject_id,107,45,False,0.502288911585511,0.6954366896011271,ELIGIBLE
GROUP-2d7bc764faf95d55c4de,subject_id,27,45,False,0.499724925234642,0.6928718063071467,ELIGIBLE
GROUP-2d7bc764faf95d55c4de,subject_id,39,45,False,0.5002898797853959,0.6934374799846226,ELIGIBLE
GROUP-2d7bc764faf95d55c4de,subject_id,40,45,False,0.49955700322131313,0.6927042418818211,ELIGIBLE
GROUP-2d7bc764faf95d55c4de,subject_id,47,45,False,0.5004874498246417,0.6936346383200673,ELIGIBLE
GROUP-2d7bc764faf95d55c4de,subject_id,48,45,False,0.49994075483916406,0.6930325271570144,ELIGIBLE
GROUP-2d7bc764faf95d55c4de,subject_id,57,45,False,0.5027956404721889,0.6959464936504943,ELIGIBLE
GROUP-2d7bc764faf95d55c4de,subject_id,6,45,False,0.5015066415041558,0.6946892542791198,ELIGIBLE
GROUP-2d7bc764faf95d55c4de,subject_id,71,45,False,0.4989539812687972,0.6921007237271604,ELIGIBLE
GROUP-2d7bc764faf95d55c4de,subject_id,93,45,False,0.5001586452446657,0.6933058297934024,ELIGIBLE
GROUP-2d7bc764faf95d55c4de,subject_id,98,45,False,0.500646446584334,0.6937936780495929,ELIGIBLE
GROUP-2d7bc764faf95d55c4de,session_id,0,495,False,0.5005772981422554,0.6937230329774154,ELIGIBLE
GROUP-2d7bc764faf95d55c4de,model_id,DNN-EEGNET:EEGNet-R7-LAWHERN-SMR-P01-160HZ:P02-A0-PhysioNetMI-DNN-EEGNET-P01-L1-LOW-CAL-OFFICIAL-R2:2_PER_CLASS-MR01,495,False,0.5005772981422554,0.6937230329774154,ELIGIBLE
GROUP-2d7bc764faf95d55c4de,branch_id,__MISSING__,495,False,0.5005772981422554,0.6937230329774154,ELIGIBLE
GROUP-2d7bc764faf95d55c4de,budget_id,P01-L1-LOW-CAL-OFFICIAL-R2:2_PER_CLASS,495,False,0.5005772981422554,0.6937230329774154,ELIGIBLE
GROUP-2d7bc764faf95d55c4de,split_id,IHARQ-SPLITRECORD-20260806-e4e371d332c61e36,495,False,0.5005772981422554,0.6937230329774154,ELIGIBLE
GROUP-2d7bc764faf95d55c4de,calibration_method_id,__MISSING__,495,False,0.5005772981422554,0.6937230329774154,ELIGIBLE
GROUP-9645ac1f33f8024380d0,dataset_id,PhysioNetMI,495,False,0.5004809435615294,0.693628211107106,ELIGIBLE
GROUP-9645ac1f33f8024380d0,subject_id,107,45,False,0.5006946609575447,0.6938418800875428,ELIGIBLE
GROUP-9645ac1f33f8024380d0,subject_id,27,45,False,0.4996747791616551,0.6928216336349138,ELIGIBLE
GROUP-9645ac1f33f8024380d0,subject_id,39,45,False,0.4992416168409864,0.6923887404005279,ELIGIBLE
GROUP-9645ac1f33f8024380d0,subject_id,40,45,False,0.49902791899645343,0.6921750196434282,ELIGIBLE
GROUP-9645ac1f33f8024380d0,subject_id,47,45,False,0.5028260326661846,0.6959744002466955,ELIGIBLE
GROUP-9645ac1f33f8024380d0,subject_id,48,45,False,0.49954631165778146,0.6926921879666469,ELIGIBLE
GROUP-9645ac1f33f8024380d0,subject_id,57,45,False,0.5003542511324272,0.693501423140387,ELIGIBLE
GROUP-9645ac1f33f8024380d0,subject_id,6,45,False,0.501337898275138,0.6944852646532074,ELIGIBLE
GROUP-9645ac1f33f8024380d0,subject_id,71,45,False,0.500038988253492,0.6931863782516794,ELIGIBLE
GROUP-9645ac1f33f8024380d0,subject_id,93,45,False,0.5013678343903225,0.6945156680018748,ELIGIBLE
GROUP-9645ac1f33f8024380d0,subject_id,98,45,False,0.5011800868448387,0.6943277261512641,ELIGIBLE
GROUP-9645ac1f33f8024380d0,session_id,0,495,False,0.5004809435615294,0.693628211107106,ELIGIBLE
GROUP-9645ac1f33f8024380d0,model_id,DNN-EEGNET:EEGNet-R7-LAWHERN-SMR-P01-160HZ:P02-A0-PhysioNetMI-DNN-EEGNET-P01-L1-LOW-CAL-OFFICIAL-R2:2_PER_CLASS-MR02,495,False,0.5004809435615294,0.693628211107106,ELIGIBLE
GROUP-9645ac1f33f8024380d0,branch_id,__MISSING__,495,False,0.5004809435615294,0.693628211107106,ELIGIBLE
GROUP-9645ac1f33f8024380d0,budget_id,P01-L1-LOW-CAL-OFFICIAL-R2:2_PER_CLASS,495,False,0.5004809435615294,0.693628211107106,ELIGIBLE
GROUP-9645ac1f33f8024380d0,split_id,IHARQ-SPLITRECORD-20260806-e4e371d332c61e36,495,False,0.5004809435615294,0.693628211107106,ELIGIBLE
GROUP-9645ac1f33f8024380d0,calibration_method_id,__MISSING__,495,False,0.5004809435615294,0.693628211107106,ELIGIBLE
GROUP-392a45a9cd64c8a7d115,dataset_id,PhysioNetMI,495,False,0.5001265880736222,0.6932737707923164,ELIGIBLE
GROUP-392a45a9cd64c8a7d115,subject_id,107,45,False,0.502665731200513,0.6958131211843496,ELIGIBLE
GROUP-392a45a9cd64c8a7d115,subject_id,27,45,False,0.5003634215852855,0.6935106400030987,ELIGIBLE
GROUP-392a45a9cd64c8a7d115,subject_id,39,45,False,0.49986029255797676,0.6930074520798318,ELIGIBLE
GROUP-392a45a9cd64c8a7d115,subject_id,40,45,False,0.4993580086831311,0.6925051621147859,ELIGIBLE
GROUP-392a45a9cd64c8a7d115,subject_id,47,45,False,0.498975474990645,0.6921225577108001,ELIGIBLE
GROUP-392a45a9cd64c8a7d115,subject_id,48,45,False,0.499545653211845,0.6926927917665501,ELIGIBLE
GROUP-392a45a9cd64c8a7d115,subject_id,57,45,False,0.5015122444042167,0.6946595106550755,ELIGIBLE
GROUP-392a45a9cd64c8a7d115,subject_id,6,45,False,0.5005087317039622,0.6936558946651366,ELIGIBLE
GROUP-392a45a9cd64c8a7d115,subject_id,71,45,False,0.4989616220099243,0.6921086980811398,ELIGIBLE
GROUP-392a45a9cd64c8a7d115,subject_id,93,45,False,0.49981017831925273,0.6929573654693967,ELIGIBLE
GROUP-392a45a9cd64c8a7d115,subject_id,98,45,False,0.4998311101430924,0.6929782849853169,ELIGIBLE
GROUP-392a45a9cd64c8a7d115,session_id,0,495,False,0.5001265880736222,0.6932737707923164,ELIGIBLE
GROUP-392a45a9cd64c8a7d115,model_id,DNN-EEGNET:EEGNet-R7-LAWHERN-SMR-P01-160HZ:P02-A0-PhysioNetMI-DNN-EEGNET-P01-L1-LOW-CAL-OFFICIAL-R2:2_PER_CLASS-MR03,495,False,0.5001265880736222,0.6932737707923164,ELIGIBLE
GROUP-392a45a9cd64c8a7d115,branch_id,__MISSING__,495,False,0.5001265880736222,0.6932737707923164,ELIGIBLE
GROUP-392a45a9cd64c8a7d115,budget_id,P01-L1-LOW-CAL-OFFICIAL-R2:2_PER_CLASS,495,False,0.5001265880736222,0.6932737707923164,ELIGIBLE
GROUP-392a45a9cd64c8a7d115,split_id,IHARQ-SPLITRECORD-20260806-e4e371d332c61e36,495,False,0.5001265880736222,0.6932737707923164,ELIGIBLE
GROUP-392a45a9cd64c8a7d115,calibration_method_id,__MISSING__,495,False,0.5001265880736222,0.6932737707923164,ELIGIBLE
GROUP-fec5bc68a9adfcd55989,dataset_id,PhysioNetMI,495,False,0.4998816553114504,0.6930286113625125,ELIGIBLE
GROUP-fec5bc68a9adfcd55989,subject_id,107,45,False,0.5030975019967244,0.6962460673652325,ELIGIBLE
GROUP-fec5bc68a9adfcd55989,subject_id,27,45,False,0.4998099773210924,0.692956186513324,ELIGIBLE
GROUP-fec5bc68a9adfcd55989,subject_id,39,45,False,0.500126166264184,0.6932733039775667,ELIGIBLE
GROUP-fec5bc68a9adfcd55989,subject_id,40,45,False,0.5013093231052872,0.6944566233856632,ELIGIBLE
GROUP-fec5bc68a9adfcd55989,subject_id,47,45,False,0.49873347830541054,0.6918805528430131,ELIGIBLE
GROUP-fec5bc68a9adfcd55989,subject_id,48,45,False,0.4973070033270104,0.6904519244833449,ELIGIBLE
GROUP-fec5bc68a9adfcd55989,subject_id,57,45,False,0.49820876044686624,0.6913559335533708,ELIGIBLE
GROUP-fec5bc68a9adfcd55989,subject_id,6,45,False,0.5036157482289132,0.696764556616286,ELIGIBLE
GROUP-fec5bc68a9adfcd55989,subject_id,71,45,False,0.4962404350145926,0.6893855124310015,ELIGIBLE
GROUP-fec5bc68a9adfcd55989,subject_id,93,45,False,0.4995058177065978,0.6926527132355977,ELIGIBLE
GROUP-fec5bc68a9adfcd55989,subject_id,98,45,False,0.5007439967092758,0.6938913505832365,ELIGIBLE
GROUP-fec5bc68a9adfcd55989,session_id,0,495,False,0.4998816553114504,0.6930286113625125,ELIGIBLE
GROUP-fec5bc68a9adfcd55989,model_id,DNN-EEGNET:EEGNet-R7-LAWHERN-SMR-P01-160HZ:P02-A0-PhysioNetMI-DNN-EEGNET-P01-L1-LOW-CAL-OFFICIAL-R2:2_PER_CLASS-MR04,495,False,0.4998816553114504,0.6930286113625125,ELIGIBLE
GROUP-fec5bc68a9adfcd55989,branch_id,__MISSING__,495,False,0.4998816553114504,0.6930286113625125,ELIGIBLE
GROUP-fec5bc68a9adfcd55989,budget_id,P01-L1-LOW-CAL-OFFICIAL-R2:2_PER_CLASS,495,False,0.4998816553114504,0.6930286113625125,ELIGIBLE
GROUP-fec5bc68a9adfcd55989,split_id,IHARQ-SPLITRECORD-20260806-e4e371d332c61e36,495,False,0.4998816553114504,0.6930286113625125,ELIGIBLE
GROUP-fec5bc68a9adfcd55989,calibration_method_id,__MISSING__,495,False,0.4998816553114504,0.6930286113625125,ELIGIBLE
GROUP-97287a2a04edf9202a22,dataset_id,PhysioNetMI,495,False,0.49917605134313736,0.6923480039306772,ELIGIBLE
GROUP-97287a2a04edf9202a22,subject_id,107,45,False,0.5156811444362238,0.7090166349625713,ELIGIBLE
GROUP-97287a2a04edf9202a22,subject_id,27,45,False,0.5015612753165004,0.6946713872878127,ELIGIBLE
GROUP-97287a2a04edf9202a22,subject_id,39,45,False,0.531806978627514,0.7257774993876464,ELIGIBLE
GROUP-97287a2a04edf9202a22,subject_id,40,45,False,0.5014366543807279,0.6945391817830693,ELIGIBLE
GROUP-97287a2a04edf9202a22,subject_id,47,45,False,0.5010430321927507,0.6941911205664498,ELIGIBLE
GROUP-97287a2a04edf9202a22,subject_id,48,45,False,0.4804036712591076,0.6732976017186252,ELIGIBLE
GROUP-97287a2a04edf9202a22,subject_id,57,45,False,0.5380778303697744,0.7315620973375336,ELIGIBLE
GROUP-97287a2a04edf9202a22,subject_id,6,45,False,0.48971303266089894,0.6828129047470493,ELIGIBLE
GROUP-97287a2a04edf9202a22,subject_id,71,45,False,0.4829761637566456,0.6759751046436651,ELIGIBLE
GROUP-97287a2a04edf9202a22,subject_id,93,45,False,0.4568818422343649,0.6496051053529274,ELIGIBLE
GROUP-97287a2a04edf9202a22,subject_id,98,45,False,0.49135493954000287,0.6843794054500991,ELIGIBLE
GROUP-97287a2a04edf9202a22,session_id,0,495,False,0.49917605134313736,0.6923480039306772,ELIGIBLE
GROUP-97287a2a04edf9202a22,model_id,DNN-EEGNET:EEGNet-R7-LAWHERN-SMR-P01-160HZ:P02-A0-PhysioNetMI-DNN-EEGNET-P01-L1-LOW-CAL-OFFICIAL-R2:32_PER_CLASS-MR00,495,False,0.49917605134313736,0.6923480039306772,ELIGIBLE
GROUP-97287a2a04edf9202a22,branch_id,__MISSING__,495,False,0.49917605134313736,0.6923480039306772,ELIGIBLE
GROUP-97287a2a04edf9202a22,budget_id,P01-L1-LOW-CAL-OFFICIAL-R2:32_PER_CLASS,495,False,0.49917605134313736,0.6923480039306772,ELIGIBLE
GROUP-97287a2a04edf9202a22,split_id,IHARQ-SPLITRECORD-20260806-e4e371d332c61e36,495,False,0.49917605134313736,0.6923480039306772,ELIGIBLE
GROUP-97287a2a04edf9202a22,calibration_method_id,__MISSING__,495,False,0.49917605134313736,0.6923480039306772,ELIGIBLE
GROUP-638f04657f0634536d7f,dataset_id,PhysioNetMI,495,False,0.4989295762097996,0.6920817683169354,ELIGIBLE
GROUP-638f04657f0634536d7f,subject_id,107,45,False,0.5010683780342121,0.6942157437775589,ELIGIBLE
GROUP-638f04657f0634536d7f,subject_id,27,45,False,0.5018651769395911,0.6950309277783591,ELIGIBLE
GROUP-638f04657f0634536d7f,subject_id,39,45,False,0.5040191381237868,0.697193430926689,ELIGIBLE
GROUP-638f04657f0634536d7f,subject_id,40,45,False,0.5043310771283228,0.697480531386369,ELIGIBLE
GROUP-638f04657f0634536d7f,subject_id,47,45,False,0.4992623333299596,0.6924095035788047,ELIGIBLE
GROUP-638f04657f0634536d7f,subject_id,48,45,False,0.4966257591869503,0.6897809339252571,ELIGIBLE
GROUP-638f04657f0634536d7f,subject_id,57,45,False,0.4991967001013174,0.6923535380651575,ELIGIBLE
GROUP-638f04657f0634536d7f,subject_id,6,45,False,0.5012011273987679,0.6943509956895945,ELIGIBLE
GROUP-638f04657f0634536d7f,subject_id,71,45,False,0.49140478904766066,0.6845449839532276,ELIGIBLE
GROUP-638f04657f0634536d7f,subject_id,93,45,False,0.4921659724074856,0.6853077177876411,ELIGIBLE
GROUP-638f04657f0634536d7f,subject_id,98,45,False,0.4970848866097416,0.69023114461763,ELIGIBLE
GROUP-638f04657f0634536d7f,session_id,0,495,False,0.4989295762097996,0.6920817683169354,ELIGIBLE
GROUP-638f04657f0634536d7f,model_id,DNN-EEGNET:EEGNet-R7-LAWHERN-SMR-P01-160HZ:P02-A0-PhysioNetMI-DNN-EEGNET-P01-L1-LOW-CAL-OFFICIAL-R2:32_PER_CLASS-MR01,495,False,0.4989295762097996,0.6920817683169354,ELIGIBLE
GROUP-638f04657f0634536d7f,branch_id,__MISSING__,495,False,0.4989295762097996,0.6920817683169354,ELIGIBLE
GROUP-638f04657f0634536d7f,budget_id,P01-L1-LOW-CAL-OFFICIAL-R2:32_PER_CLASS,495,False,0.4989295762097996,0.6920817683169354,ELIGIBLE
GROUP-638f04657f0634536d7f,split_id,IHARQ-SPLITRECORD-20260806-e4e371d332c61e36,495,False,0.4989295762097996,0.6920817683169354,ELIGIBLE
GROUP-638f04657f0634536d7f,calibration_method_id,__MISSING__,495,False,0.4989295762097996,0.6920817683169354,ELIGIBLE
GROUP-bc878a68f3c7b0c8bf8a,dataset_id,PhysioNetMI,495,False,0.5001051227169073,0.6932557281016885,ELIGIBLE
GROUP-bc878a68f3c7b0c8bf8a,subject_id,107,45,False,0.5097872962856375,0.7029637620204814,ELIGIBLE
GROUP-bc878a68f3c7b0c8bf8a,subject_id,27,45,False,0.5017149258964941,0.6948606972005621,ELIGIBLE
GROUP-bc878a68f3c7b0c8bf8a,subject_id,39,45,False,0.5053950776929089,0.6985423941493298,ELIGIBLE
GROUP-bc878a68f3c7b0c8bf8a,subject_id,40,45,False,0.4944751742285661,0.6876201767063395,ELIGIBLE
GROUP-bc878a68f3c7b0c8bf8a,subject_id,47,45,False,0.49941127093715115,0.692558421357934,ELIGIBLE
GROUP-bc878a68f3c7b0c8bf8a,subject_id,48,45,False,0.505146753620735,0.698303651076375,ELIGIBLE
GROUP-bc878a68f3c7b0c8bf8a,subject_id,57,45,False,0.5037707632177142,0.6969270493251467,ELIGIBLE
GROUP-bc878a68f3c7b0c8bf8a,subject_id,6,45,False,0.4985293592302132,0.6916739504500159,ELIGIBLE
GROUP-bc878a68f3c7b0c8bf8a,subject_id,71,45,False,0.49380513991037056,0.6869505748918141,ELIGIBLE
GROUP-bc878a68f3c7b0c8bf8a,subject_id,93,45,False,0.4902198342731394,0.6833647470341908,ELIGIBLE
GROUP-bc878a68f3c7b0c8bf8a,subject_id,98,45,False,0.4989007545930495,0.6920475849063823,ELIGIBLE
GROUP-bc878a68f3c7b0c8bf8a,session_id,0,495,False,0.5001051227169073,0.6932557281016885,ELIGIBLE
GROUP-bc878a68f3c7b0c8bf8a,model_id,DNN-EEGNET:EEGNet-R7-LAWHERN-SMR-P01-160HZ:P02-A0-PhysioNetMI-DNN-EEGNET-P01-L1-LOW-CAL-OFFICIAL-R2:32_PER_CLASS-MR02,495,False,0.5001051227169073,0.6932557281016885,ELIGIBLE
GROUP-bc878a68f3c7b0c8bf8a,branch_id,__MISSING__,495,False,0.5001051227169073,0.6932557281016885,ELIGIBLE
GROUP-bc878a68f3c7b0c8bf8a,budget_id,P01-L1-LOW-CAL-OFFICIAL-R2:32_PER_CLASS,495,False,0.5001051227169073,0.6932557281016885,ELIGIBLE
GROUP-bc878a68f3c7b0c8bf8a,split_id,IHARQ-SPLITRECORD-20260806-e4e371d332c61e36,495,False,0.5001051227169073,0.6932557281016885,ELIGIBLE
GROUP-bc878a68f3c7b0c8bf8a,calibration_method_id,__MISSING__,495,False,0.5001051227169073,0.6932557281016885,ELIGIBLE
GROUP-bb15e46eee1487262abf,dataset_id,PhysioNetMI,495,False,0.5030486812911449,0.696550342718022,ELIGIBLE
GROUP-bb15e46eee1487262abf,subject_id,107,45,False,0.506185107326313,0.6993513646812929,ELIGIBLE
GROUP-bb15e46eee1487262abf,subject_id,27,45,False,0.504571302825889,0.6977624039610334,ELIGIBLE
GROUP-bb15e46eee1487262abf,subject_id,39,45,False,0.49479031172354165,0.6878759017291933,ELIGIBLE
GROUP-bb15e46eee1487262abf,subject_id,40,45,False,0.5003550131810405,0.6935179313176622,ELIGIBLE
GROUP-bb15e46eee1487262abf,subject_id,47,45,False,0.49818361650364906,0.6913303951410422,ELIGIBLE
GROUP-bb15e46eee1487262abf,subject_id,48,45,False,0.534035631201167,0.7310383710730776,ELIGIBLE
GROUP-bb15e46eee1487262abf,subject_id,57,45,False,0.5116953998055325,0.7048735568245252,ELIGIBLE
GROUP-bb15e46eee1487262abf,subject_id,6,45,False,0.5105135419547299,0.703688618822894,ELIGIBLE
GROUP-bb15e46eee1487262abf,subject_id,71,45,False,0.4896528331153336,0.6827753293218211,ELIGIBLE
GROUP-bb15e46eee1487262abf,subject_id,93,45,False,0.4871347883853111,0.680274716319635,ELIGIBLE
GROUP-bb15e46eee1487262abf,subject_id,98,45,False,0.4964179481800868,0.6895651807060649,ELIGIBLE
GROUP-bb15e46eee1487262abf,session_id,0,495,False,0.5030486812911449,0.696550342718022,ELIGIBLE
GROUP-bb15e46eee1487262abf,model_id,DNN-EEGNET:EEGNet-R7-LAWHERN-SMR-P01-160HZ:P02-A0-PhysioNetMI-DNN-EEGNET-P01-L1-LOW-CAL-OFFICIAL-R2:32_PER_CLASS-MR03,495,False,0.5030486812911449,0.696550342718022,ELIGIBLE
GROUP-bb15e46eee1487262abf,branch_id,__MISSING__,495,False,0.5030486812911449,0.696550342718022,ELIGIBLE
GROUP-bb15e46eee1487262abf,budget_id,P01-L1-LOW-CAL-OFFICIAL-R2:32_PER_CLASS,495,False,0.5030486812911449,0.696550342718022,ELIGIBLE
GROUP-bb15e46eee1487262abf,split_id,IHARQ-SPLITRECORD-20260806-e4e371d332c61e36,495,False,0.5030486812911449,0.696550342718022,ELIGIBLE
GROUP-bb15e46eee1487262abf,calibration_method_id,__MISSING__,495,False,0.5030486812911449,0.696550342718022,ELIGIBLE
GROUP-a9cfe9a444054ed49d10,dataset_id,PhysioNetMI,495,False,0.4991456993473061,0.6922928350585251,ELIGIBLE
GROUP-a9cfe9a444054ed49d10,subject_id,107,45,False,0.5028152797060023,0.6959632216872438,ELIGIBLE
GROUP-a9cfe9a444054ed49d10,subject_id,27,45,False,0.4970243701903959,0.6901685902454685,ELIGIBLE
GROUP-a9cfe9a444054ed49d10,subject_id,39,45,False,0.5085575705352409,0.7017095409814996,ELIGIBLE
GROUP-a9cfe9a444054ed49d10,subject_id,40,45,False,0.4972478232971699,0.6903943480106832,ELIGIBLE
GROUP-a9cfe9a444054ed49d10,subject_id,47,45,False,0.4992376001946771,0.6923847739625469,ELIGIBLE
GROUP-a9cfe9a444054ed49d10,subject_id,48,45,False,0.49775211562566063,0.6909012089505013,ELIGIBLE
GROUP-a9cfe9a444054ed49d10,subject_id,57,45,False,0.49935560451699607,0.6925015399574382,ELIGIBLE
GROUP-a9cfe9a444054ed49d10,subject_id,6,45,False,0.49848598689782847,0.6916322603114264,ELIGIBLE
GROUP-a9cfe9a444054ed49d10,subject_id,71,45,False,0.4962089980847552,0.6893550218120638,ELIGIBLE
GROUP-a9cfe9a444054ed49d10,subject_id,93,45,False,0.4952717731585279,0.6884180548836094,ELIGIBLE
GROUP-a9cfe9a444054ed49d10,subject_id,98,45,False,0.4986455706131126,0.6917926248412958,ELIGIBLE
GROUP-a9cfe9a444054ed49d10,session_id,0,495,False,0.4991456993473061,0.6922928350585251,ELIGIBLE
GROUP-a9cfe9a444054ed49d10,model_id,DNN-EEGNET:EEGNet-R7-LAWHERN-SMR-P01-160HZ:P02-A0-PhysioNetMI-DNN-EEGNET-P01-L1-LOW-CAL-OFFICIAL-R2:32_PER_CLASS-MR04,495,False,0.4991456993473061,0.6922928350585251,ELIGIBLE
GROUP-a9cfe9a444054ed49d10,branch_id,__MISSING__,495,False,0.4991456993473061,0.6922928350585251,ELIGIBLE
GROUP-a9cfe9a444054ed49d10,budget_id,P01-L1-LOW-CAL-OFFICIAL-R2:32_PER_CLASS,495,False,0.4991456993473061,0.6922928350585251,ELIGIBLE
GROUP-a9cfe9a444054ed49d10,split_id,IHARQ-SPLITRECORD-20260806-e4e371d332c61e36,495,False,0.4991456993473061,0.6922928350585251,ELIGIBLE
GROUP-a9cfe9a444054ed49d10,calibration_method_id,__MISSING__,495,False,0.4991456993473061,0.6922928350585251,ELIGIBLE
GROUP-91346ef3e95567caec23,dataset_id,PhysioNetMI,495,False,0.5001394523526177,0.6932866410508307,ELIGIBLE
GROUP-91346ef3e95567caec23,subject_id,107,45,False,0.50029872746612,0.693445898471052,ELIGIBLE
GROUP-91346ef3e95567caec23,subject_id,27,45,False,0.5000692961994122,0.6932164630240192,ELIGIBLE
GROUP-91346ef3e95567caec23,subject_id,39,45,False,0.4993138380681425,0.6924609981732278,ELIGIBLE
GROUP-91346ef3e95567caec23,subject_id,40,45,False,0.4993127523868639,0.6924599036597496,ELIGIBLE
GROUP-91346ef3e95567caec23,subject_id,47,45,False,0.5000398754978292,0.6931870560507972,ELIGIBLE
GROUP-91346ef3e95567caec23,subject_id,48,45,False,0.4994395176616493,0.6925866226054327,ELIGIBLE
GROUP-91346ef3e95567caec23,subject_id,57,45,False,0.501631182055968,0.6947785086857234,ELIGIBLE
GROUP-91346ef3e95567caec23,subject_id,6,45,False,0.5016221280567987,0.694769414484696,ELIGIBLE
GROUP-91346ef3e95567caec23,subject_id,71,45,False,0.4996324056243105,0.6927795718174199,ELIGIBLE
GROUP-91346ef3e95567caec23,subject_id,93,45,False,0.5000177174527157,0.693164898404235,ELIGIBLE
GROUP-91346ef3e95567caec23,subject_id,98,45,False,0.500156535408985,0.693303716182785,ELIGIBLE
GROUP-91346ef3e95567caec23,session_id,0,495,False,0.5001394523526177,0.6932866410508307,ELIGIBLE
GROUP-91346ef3e95567caec23,model_id,DNN-EEGNET:EEGNet-R7-LAWHERN-SMR-P01-160HZ:P02-A0-PhysioNetMI-DNN-EEGNET-P01-L1-LOW-CAL-OFFICIAL-R2:4_PER_CLASS-MR00,495,False,0.5001394523526177,0.6932866410508307,ELIGIBLE
GROUP-91346ef3e95567caec23,branch_id,__MISSING__,495,False,0.5001394523526177,0.6932866410508307,ELIGIBLE
GROUP-91346ef3e95567caec23,budget_id,P01-L1-LOW-CAL-OFFICIAL-R2:4_PER_CLASS,495,False,0.5001394523526177,0.6932866410508307,ELIGIBLE
GROUP-91346ef3e95567caec23,split_id,IHARQ-SPLITRECORD-20260806-e4e371d332c61e36,495,False,0.5001394523526177,0.6932866410508307,ELIGIBLE
GROUP-91346ef3e95567caec23,calibration_method_id,__MISSING__,495,False,0.5001394523526177,0.6932866410508307,ELIGIBLE
GROUP-bdaa6b9b36659c98322f,dataset_id,PhysioNetMI,495,False,0.49991659566209984,0.6930637877280795,ELIGIBLE
GROUP-bdaa6b9b36659c98322f,subject_id,107,45,False,0.50182645167012,0.6949738843943241,ELIGIBLE
GROUP-bdaa6b9b36659c98322f,subject_id,27,45,False,0.49950640402079427,0.6926534962562714,ELIGIBLE
GROUP-bdaa6b9b36659c98322f,subject_id,39,45,False,0.49891419493899114,0.6920610698422456,ELIGIBLE
GROUP-bdaa6b9b36659c98322f,subject_id,40,45,False,0.4987633112504521,0.6919103626478891,ELIGIBLE
GROUP-bdaa6b9b36659c98322f,subject_id,47,45,False,0.499513109631064,0.6926602923694742,ELIGIBLE
GROUP-bdaa6b9b36659c98322f,subject_id,48,45,False,0.498351962983066,0.6914989997694766,ELIGIBLE
GROUP-bdaa6b9b36659c98322f,subject_id,57,45,False,0.5033985629244366,0.6965472687493055,ELIGIBLE
GROUP-bdaa6b9b36659c98322f,subject_id,6,45,False,0.5007954922141358,0.6939421435531302,ELIGIBLE
GROUP-bdaa6b9b36659c98322f,subject_id,71,45,False,0.49871744771005516,0.6918642073497662,ELIGIBLE
GROUP-bdaa6b9b36659c98322f,subject_id,93,45,False,0.49965875949170874,0.6928059316390508,ELIGIBLE
GROUP-bdaa6b9b36659c98322f,subject_id,98,45,False,0.49963685544827496,0.6927840084379417,ELIGIBLE
GROUP-bdaa6b9b36659c98322f,session_id,0,495,False,0.49991659566209984,0.6930637877280795,ELIGIBLE
GROUP-bdaa6b9b36659c98322f,model_id,DNN-EEGNET:EEGNet-R7-LAWHERN-SMR-P01-160HZ:P02-A0-PhysioNetMI-DNN-EEGNET-P01-L1-LOW-CAL-OFFICIAL-R2:4_PER_CLASS-MR01,495,False,0.49991659566209984,0.6930637877280795,ELIGIBLE
GROUP-bdaa6b9b36659c98322f,branch_id,__MISSING__,495,False,0.49991659566209984,0.6930637877280795,ELIGIBLE
GROUP-bdaa6b9b36659c98322f,budget_id,P01-L1-LOW-CAL-OFFICIAL-R2:4_PER_CLASS,495,False,0.49991659566209984,0.6930637877280795,ELIGIBLE
GROUP-bdaa6b9b36659c98322f,split_id,IHARQ-SPLITRECORD-20260806-e4e371d332c61e36,495,False,0.49991659566209984,0.6930637877280795,ELIGIBLE
GROUP-bdaa6b9b36659c98322f,calibration_method_id,__MISSING__,495,False,0.49991659566209984,0.6930637877280795,ELIGIBLE
GROUP-407746b5e231d7812835,dataset_id,PhysioNetMI,495,False,0.5001273043784491,0.6932745007341978,ELIGIBLE
GROUP-407746b5e231d7812835,subject_id,107,45,False,0.500497495278466,0.6936446796198982,ELIGIBLE
GROUP-407746b5e231d7812835,subject_id,27,45,False,0.5001746861875034,0.6933218695143827,ELIGIBLE
GROUP-407746b5e231d7812835,subject_id,39,45,False,0.5002425522318382,0.6933897386117518,ELIGIBLE
GROUP-407746b5e231d7812835,subject_id,40,45,False,0.4995404782724347,0.6926876529720262,ELIGIBLE
GROUP-407746b5e231d7812835,subject_id,47,45,False,0.5000706680827539,0.6932178486465201,ELIGIBLE
GROUP-407746b5e231d7812835,subject_id,48,45,False,0.49980280512350056,0.6929500191308845,ELIGIBLE
GROUP-407746b5e231d7812835,subject_id,57,45,False,0.5004964208841853,0.6936436215075986,ELIGIBLE
GROUP-407746b5e231d7812835,subject_id,6,45,False,0.5006459234798504,0.6937932227081403,ELIGIBLE
GROUP-407746b5e231d7812835,subject_id,71,45,False,0.49982582834548983,0.6929730037063309,ELIGIBLE
GROUP-407746b5e231d7812835,subject_id,93,45,False,0.49994988068558144,0.6930970612150046,ELIGIBLE
GROUP-407746b5e231d7812835,subject_id,98,45,False,0.5001536095913355,0.6933007904436389,ELIGIBLE
GROUP-407746b5e231d7812835,session_id,0,495,False,0.5001273043784491,0.6932745007341978,ELIGIBLE
GROUP-407746b5e231d7812835,model_id,DNN-EEGNET:EEGNet-R7-LAWHERN-SMR-P01-160HZ:P02-A0-PhysioNetMI-DNN-EEGNET-P01-L1-LOW-CAL-OFFICIAL-R2:4_PER_CLASS-MR02,495,False,0.5001273043784491,0.6932745007341978,ELIGIBLE
GROUP-407746b5e231d7812835,branch_id,__MISSING__,495,False,0.5001273043784491,0.6932745007341978,ELIGIBLE
GROUP-407746b5e231d7812835,budget_id,P01-L1-LOW-CAL-OFFICIAL-R2:4_PER_CLASS,495,False,0.5001273043784491,0.6932745007341978,ELIGIBLE
GROUP-407746b5e231d7812835,split_id,IHARQ-SPLITRECORD-20260806-e4e371d332c61e36,495,False,0.5001273043784491,0.6932745007341978,ELIGIBLE
GROUP-407746b5e231d7812835,calibration_method_id,__MISSING__,495,False,0.5001273043784491,0.6932745007341978,ELIGIBLE
GROUP-e97685f4884e43150112,dataset_id,PhysioNetMI,495,False,0.5000731415422712,0.6932204267104001,ELIGIBLE
GROUP-e97685f4884e43150112,subject_id,107,45,False,0.5009218469021753,0.6940690660279695,ELIGIBLE
GROUP-e97685f4884e43150112,subject_id,27,45,False,0.500016478259303,0.693163659501751,ELIGIBLE
GROUP-e97685f4884e43150112,subject_id,39,45,False,0.5000380170186399,0.693185199384696,ELIGIBLE
GROUP-e97685f4884e43150112,subject_id,40,45,False,0.49934764174392515,0.6924947998290009,ELIGIBLE
GROUP-e97685f4884e43150112,subject_id,47,45,False,0.5002917524733369,0.6934389348011377,ELIGIBLE
GROUP-e97685f4884e43150112,subject_id,48,45,False,0.4992681465765595,0.6924153642418547,ELIGIBLE
GROUP-e97685f4884e43150112,subject_id,57,45,False,0.5006607418391618,0.6938087697571882,ELIGIBLE
GROUP-e97685f4884e43150112,subject_id,6,45,False,0.500539016769851,0.6936864686139973,ELIGIBLE
GROUP-e97685f4884e43150112,subject_id,71,45,False,0.49942401182066126,0.6925711614834141,ELIGIBLE
GROUP-e97685f4884e43150112,subject_id,93,45,False,0.5001627008759836,0.6933098850144781,ELIGIBLE
GROUP-e97685f4884e43150112,subject_id,98,45,False,0.5001342026853856,0.6932813851589135,ELIGIBLE
GROUP-e97685f4884e43150112,session_id,0,495,False,0.5000731415422712,0.6932204267104001,ELIGIBLE
GROUP-e97685f4884e43150112,model_id,DNN-EEGNET:EEGNet-R7-LAWHERN-SMR-P01-160HZ:P02-A0-PhysioNetMI-DNN-EEGNET-P01-L1-LOW-CAL-OFFICIAL-R2:4_PER_CLASS-MR03,495,False,0.5000731415422712,0.6932204267104001,ELIGIBLE
GROUP-e97685f4884e43150112,branch_id,__MISSING__,495,False,0.5000731415422712,0.6932204267104001,ELIGIBLE
GROUP-e97685f4884e43150112,budget_id,P01-L1-LOW-CAL-OFFICIAL-R2:4_PER_CLASS,495,False,0.5000731415422712,0.6932204267104001,ELIGIBLE
GROUP-e97685f4884e43150112,split_id,IHARQ-SPLITRECORD-20260806-e4e371d332c61e36,495,False,0.5000731415422712,0.6932204267104001,ELIGIBLE
GROUP-e97685f4884e43150112,calibration_method_id,__MISSING__,495,False,0.5000731415422712,0.6932204267104001,ELIGIBLE
GROUP-d4352c1293b9c1ac4137,dataset_id,PhysioNetMI,495,False,0.5001044570125253,0.6932515827764096,ELIGIBLE
GROUP-d4352c1293b9c1ac4137,subject_id,107,45,False,0.5014201642720397,0.6945674650641885,ELIGIBLE
GROUP-d4352c1293b9c1ac4137,subject_id,27,45,False,0.5008020924977653,0.6939494696212786,ELIGIBLE
GROUP-d4352c1293b9c1ac4137,subject_id,39,45,False,0.5000748131513144,0.6932219522751227,ELIGIBLE
GROUP-d4352c1293b9c1ac4137,subject_id,40,45,False,0.4992068347181983,0.6923539775111253,ELIGIBLE
GROUP-d4352c1293b9c1ac4137,subject_id,47,45,False,0.5001240149165075,0.6932711955110136,ELIGIBLE
GROUP-d4352c1293b9c1ac4137,subject_id,48,45,False,0.4979185334168293,0.6910649668552874,ELIGIBLE
GROUP-d4352c1293b9c1ac4137,subject_id,57,45,False,0.5009706554592389,0.6941178474312152,ELIGIBLE
GROUP-d4352c1293b9c1ac4137,subject_id,6,45,False,0.5012343644281984,0.6943816204593869,ELIGIBLE
GROUP-d4352c1293b9c1ac4137,subject_id,71,45,False,0.49910509648511603,0.69225209556774,ELIGIBLE
GROUP-d4352c1293b9c1ac4137,subject_id,93,45,False,0.5000775770639349,0.6932247592169508,ELIGIBLE
GROUP-d4352c1293b9c1ac4137,subject_id,98,45,False,0.5002148807286356,0.6933620610271964,ELIGIBLE
GROUP-d4352c1293b9c1ac4137,session_id,0,495,False,0.5001044570125253,0.6932515827764096,ELIGIBLE
GROUP-d4352c1293b9c1ac4137,model_id,DNN-EEGNET:EEGNet-R7-LAWHERN-SMR-P01-160HZ:P02-A0-PhysioNetMI-DNN-EEGNET-P01-L1-LOW-CAL-OFFICIAL-R2:4_PER_CLASS-MR04,495,False,0.5001044570125253,0.6932515827764096,ELIGIBLE
GROUP-d4352c1293b9c1ac4137,branch_id,__MISSING__,495,False,0.5001044570125253,0.6932515827764096,ELIGIBLE
GROUP-d4352c1293b9c1ac4137,budget_id,P01-L1-LOW-CAL-OFFICIAL-R2:4_PER_CLASS,495,False,0.5001044570125253,0.6932515827764096,ELIGIBLE
GROUP-d4352c1293b9c1ac4137,split_id,IHARQ-SPLITRECORD-20260806-e4e371d332c61e36,495,False,0.5001044570125253,0.6932515827764096,ELIGIBLE
GROUP-d4352c1293b9c1ac4137,calibration_method_id,__MISSING__,495,False,0.5001044570125253,0.6932515827764096,ELIGIBLE
GROUP-7031c48a96d4c9252492,dataset_id,PhysioNetMI,495,False,0.500098189065294,0.6932453702355893,ELIGIBLE
GROUP-7031c48a96d4c9252492,subject_id,107,45,False,0.5002424387928742,0.6933896201585048,ELIGIBLE
GROUP-7031c48a96d4c9252492,subject_id,27,45,False,0.500136799717071,0.6932839815095649,ELIGIBLE
GROUP-7031c48a96d4c9252492,subject_id,39,45,False,0.5000416892672368,0.6931888697238586,ELIGIBLE
GROUP-7031c48a96d4c9252492,subject_id,40,45,False,0.49974171216676494,0.6928888913859076,ELIGIBLE
GROUP-7031c48a96d4c9252492,subject_id,47,45,False,0.5003151099990741,0.6934622927811058,ELIGIBLE
GROUP-7031c48a96d4c9252492,subject_id,48,45,False,0.4999261859548599,0.6930733663678316,ELIGIBLE
GROUP-7031c48a96d4c9252492,subject_id,57,45,False,0.5002271386542183,0.6933743201237863,ELIGIBLE
GROUP-7031c48a96d4c9252492,subject_id,6,45,False,0.5002932243430852,0.6934404063736653,ELIGIBLE
GROUP-7031c48a96d4c9252492,subject_id,71,45,False,0.49989175532334273,0.6930389351289303,ELIGIBLE
GROUP-7031c48a96d4c9252492,subject_id,93,45,False,0.5001383995685822,0.693285581510814,ELIGIBLE
GROUP-7031c48a96d4c9252492,subject_id,98,45,False,0.5001256259311239,0.6932728075275126,ELIGIBLE
GROUP-7031c48a96d4c9252492,session_id,0,495,False,0.500098189065294,0.6932453702355893,ELIGIBLE
GROUP-7031c48a96d4c9252492,model_id,DNN-EEGNET:EEGNet-R7-LAWHERN-SMR-P01-160HZ:P02-A0-PhysioNetMI-DNN-EEGNET-P01-L1-LOW-CAL-OFFICIAL-R2:8_PER_CLASS-MR00,495,False,0.500098189065294,0.6932453702355893,ELIGIBLE
GROUP-7031c48a96d4c9252492,branch_id,__MISSING__,495,False,0.500098189065294,0.6932453702355893,ELIGIBLE
GROUP-7031c48a96d4c9252492,budget_id,P01-L1-LOW-CAL-OFFICIAL-R2:8_PER_CLASS,495,False,0.500098189065294,0.6932453702355893,ELIGIBLE
GROUP-7031c48a96d4c9252492,split_id,IHARQ-SPLITRECORD-20260806-e4e371d332c61e36,495,False,0.500098189065294,0.6932453702355893,ELIGIBLE
GROUP-7031c48a96d4c9252492,calibration_method_id,__MISSING__,495,False,0.500098189065294,0.6932453702355893,ELIGIBLE
GROUP-e795d46e8bef9e2e0dbc,dataset_id,PhysioNetMI,495,False,0.500072014440286,0.6932191952334992,ELIGIBLE
GROUP-e795d46e8bef9e2e0dbc,subject_id,107,45,False,0.5002144997336028,0.6933616810055416,ELIGIBLE
GROUP-e795d46e8bef9e2e0dbc,subject_id,27,45,False,0.500054368755545,0.6932015493794694,ELIGIBLE
GROUP-e795d46e8bef9e2e0dbc,subject_id,39,45,False,0.5000889799979424,0.6932361609525847,ELIGIBLE
GROUP-e795d46e8bef9e2e0dbc,subject_id,40,45,False,0.4998109813871843,0.6929581614240035,ELIGIBLE
GROUP-e795d46e8bef9e2e0dbc,subject_id,47,45,False,0.5001954948669096,0.6933426759694536,ELIGIBLE
GROUP-e795d46e8bef9e2e0dbc,subject_id,48,45,False,0.49994794130708353,0.6930951218234894,ELIGIBLE
GROUP-e795d46e8bef9e2e0dbc,subject_id,57,45,False,0.5002066361220474,0.6933538173207916,ELIGIBLE
GROUP-e795d46e8bef9e2e0dbc,subject_id,6,45,False,0.5001987903542284,0.6933459714822776,ELIGIBLE
GROUP-e795d46e8bef9e2e0dbc,subject_id,71,45,False,0.499940189951927,0.6930873703542738,ELIGIBLE
GROUP-e795d46e8bef9e2e0dbc,subject_id,93,45,False,0.5000677203524903,0.6932149011037103,ELIGIBLE
GROUP-e795d46e8bef9e2e0dbc,subject_id,98,45,False,0.5000665560141844,0.6932137367528957,ELIGIBLE
GROUP-e795d46e8bef9e2e0dbc,session_id,0,495,False,0.500072014440286,0.6932191952334992,ELIGIBLE
GROUP-e795d46e8bef9e2e0dbc,model_id,DNN-EEGNET:EEGNet-R7-LAWHERN-SMR-P01-160HZ:P02-A0-PhysioNetMI-DNN-EEGNET-P01-L1-LOW-CAL-OFFICIAL-R2:8_PER_CLASS-MR01,495,False,0.500072014440286,0.6932191952334992,ELIGIBLE
GROUP-e795d46e8bef9e2e0dbc,branch_id,__MISSING__,495,False,0.500072014440286,0.6932191952334992,ELIGIBLE
GROUP-e795d46e8bef9e2e0dbc,budget_id,P01-L1-LOW-CAL-OFFICIAL-R2:8_PER_CLASS,495,False,0.500072014440286,0.6932191952334992,ELIGIBLE
GROUP-e795d46e8bef9e2e0dbc,split_id,IHARQ-SPLITRECORD-20260806-e4e371d332c61e36,495,False,0.500072014440286,0.6932191952334992,ELIGIBLE
GROUP-e795d46e8bef9e2e0dbc,calibration_method_id,__MISSING__,495,False,0.500072014440286,0.6932191952334992,ELIGIBLE
GROUP-25061b7726b7f5b3a565,dataset_id,PhysioNetMI,495,False,0.5000416043810483,0.6931887861258816,ELIGIBLE
GROUP-25061b7726b7f5b3a565,subject_id,107,45,False,0.5000442030309569,0.6931913804032809,ELIGIBLE
GROUP-25061b7726b7f5b3a565,subject_id,27,45,False,0.49990483830485016,0.6930520163404148,ELIGIBLE
GROUP-25061b7726b7f5b3a565,subject_id,39,45,False,0.4993384527797104,0.6924856243155385,ELIGIBLE
GROUP-25061b7726b7f5b3a565,subject_id,40,45,False,0.49983995380314317,0.6929871424065058,ELIGIBLE
GROUP-25061b7726b7f5b3a565,subject_id,47,45,False,0.5007148443797432,0.6938620488262414,ELIGIBLE
GROUP-25061b7726b7f5b3a565,subject_id,48,45,False,0.4998719186285074,0.693019080832317,ELIGIBLE
GROUP-25061b7726b7f5b3a565,subject_id,57,45,False,0.5002487771774439,0.693395956194246,ELIGIBLE
GROUP-25061b7726b7f5b3a565,subject_id,6,45,False,0.5000217497855133,0.6931689161630048,ELIGIBLE
GROUP-25061b7726b7f5b3a565,subject_id,71,45,False,0.4998068158197696,0.6929539937331666,ELIGIBLE
GROUP-25061b7726b7f5b3a565,subject_id,93,45,False,0.5003335166259915,0.693480716709126,ELIGIBLE
GROUP-25061b7726b7f5b3a565,subject_id,98,45,False,0.5003325778559011,0.6934797714608563,ELIGIBLE
GROUP-25061b7726b7f5b3a565,session_id,0,495,False,0.5000416043810483,0.6931887861258816,ELIGIBLE
GROUP-25061b7726b7f5b3a565,model_id,DNN-EEGNET:EEGNet-R7-LAWHERN-SMR-P01-160HZ:P02-A0-PhysioNetMI-DNN-EEGNET-P01-L1-LOW-CAL-OFFICIAL-R2:8_PER_CLASS-MR02,495,False,0.5000416043810483,0.6931887861258816,ELIGIBLE
GROUP-25061b7726b7f5b3a565,branch_id,__MISSING__,495,False,0.5000416043810483,0.6931887861258816,ELIGIBLE
GROUP-25061b7726b7f5b3a565,budget_id,P01-L1-LOW-CAL-OFFICIAL-R2:8_PER_CLASS,495,False,0.5000416043810483,0.6931887861258816,ELIGIBLE
GROUP-25061b7726b7f5b3a565,split_id,IHARQ-SPLITRECORD-20260806-e4e371d332c61e36,495,False,0.5000416043810483,0.6931887861258816,ELIGIBLE
GROUP-25061b7726b7f5b3a565,calibration_method_id,__MISSING__,495,False,0.5000416043810483,0.6931887861258816,ELIGIBLE
GROUP-84a940888d9cac80b365,dataset_id,PhysioNetMI,495,False,0.4991987264380177,0.6923461913312688,ELIGIBLE
GROUP-84a940888d9cac80b365,subject_id,107,45,False,0.5026770973115531,0.6958246683801854,ELIGIBLE
GROUP-84a940888d9cac80b365,subject_id,27,45,False,0.4977679746894866,0.6909141207779234,ELIGIBLE
GROUP-84a940888d9cac80b365,subject_id,39,45,False,0.49520525555523104,0.6883508593865795,ELIGIBLE
GROUP-84a940888d9cac80b365,subject_id,40,45,False,0.4958495010988947,0.6889935403658237,ELIGIBLE
GROUP-84a940888d9cac80b365,subject_id,47,45,False,0.4982188263673968,0.6913654801534119,ELIGIBLE
GROUP-84a940888d9cac80b365,subject_id,48,45,False,0.4989626061642513,0.6921028022459284,ELIGIBLE
GROUP-84a940888d9cac80b365,subject_id,57,45,False,0.5060242602875968,0.6991775789955048,ELIGIBLE
GROUP-84a940888d9cac80b365,subject_id,6,45,False,0.5021434515641143,0.6953023972488217,ELIGIBLE
GROUP-84a940888d9cac80b365,subject_id,71,45,False,0.4970154243111967,0.6901611807012215,ELIGIBLE
GROUP-84a940888d9cac80b365,subject_id,93,45,False,0.49752765458879566,0.6906735637312198,ELIGIBLE
GROUP-84a940888d9cac80b365,subject_id,98,45,False,0.4997939388796777,0.6929419126573377,ELIGIBLE
GROUP-84a940888d9cac80b365,session_id,0,495,False,0.4991987264380177,0.6923461913312688,ELIGIBLE
GROUP-84a940888d9cac80b365,model_id,DNN-EEGNET:EEGNet-R7-LAWHERN-SMR-P01-160HZ:P02-A0-PhysioNetMI-DNN-EEGNET-P01-L1-LOW-CAL-OFFICIAL-R2:8_PER_CLASS-MR03,495,False,0.4991987264380177,0.6923461913312688,ELIGIBLE
GROUP-84a940888d9cac80b365,branch_id,__MISSING__,495,False,0.4991987264380177,0.6923461913312688,ELIGIBLE
GROUP-84a940888d9cac80b365,budget_id,P01-L1-LOW-CAL-OFFICIAL-R2:8_PER_CLASS,495,False,0.4991987264380177,0.6923461913312688,ELIGIBLE
GROUP-84a940888d9cac80b365,split_id,IHARQ-SPLITRECORD-20260806-e4e371d332c61e36,495,False,0.4991987264380177,0.6923461913312688,ELIGIBLE
GROUP-84a940888d9cac80b365,calibration_method_id,__MISSING__,495,False,0.4991987264380177,0.6923461913312688,ELIGIBLE
GROUP-9e9c76b319951e7b8934,dataset_id,PhysioNetMI,495,False,0.4996830289868506,0.6928300096544465,ELIGIBLE
GROUP-9e9c76b319951e7b8934,subject_id,107,45,False,0.4978456582569225,0.6909926367326173,ELIGIBLE
GROUP-9e9c76b319951e7b8934,subject_id,27,45,False,0.49880406870516036,0.6919507049620021,ELIGIBLE
GROUP-9e9c76b319951e7b8934,subject_id,39,45,False,0.49715674282442684,0.6903019144350352,ELIGIBLE
GROUP-9e9c76b319951e7b8934,subject_id,40,45,False,0.4997999493644916,0.692947149235166,ELIGIBLE
GROUP-9e9c76b319951e7b8934,subject_id,47,45,False,0.5016066875780724,0.6947541074415217,ELIGIBLE
GROUP-9e9c76b319951e7b8934,subject_id,48,45,False,0.501413216248821,0.6945615107605904,ELIGIBLE
GROUP-9e9c76b319951e7b8934,subject_id,57,45,False,0.5008494775245954,0.6939973570449426,ELIGIBLE
GROUP-9e9c76b319951e7b8934,subject_id,6,45,False,0.4980070746548239,0.6911524604627286,ELIGIBLE
GROUP-9e9c76b319951e7b8934,subject_id,71,45,False,0.49934901390710595,0.692496111296131,ELIGIBLE
GROUP-9e9c76b319951e7b8934,subject_id,93,45,False,0.5008657852502927,0.6940131731077391,ELIGIBLE
GROUP-9e9c76b319951e7b8934,subject_id,98,45,False,0.5008156445406442,0.6939629807204382,ELIGIBLE
GROUP-9e9c76b319951e7b8934,session_id,0,495,False,0.4996830289868506,0.6928300096544465,ELIGIBLE
GROUP-9e9c76b319951e7b8934,model_id,DNN-EEGNET:EEGNet-R7-LAWHERN-SMR-P01-160HZ:P02-A0-PhysioNetMI-DNN-EEGNET-P01-L1-LOW-CAL-OFFICIAL-R2:8_PER_CLASS-MR04,495,False,0.4996830289868506,0.6928300096544465,ELIGIBLE
GROUP-9e9c76b319951e7b8934,branch_id,__MISSING__,495,False,0.4996830289868506,0.6928300096544465,ELIGIBLE
GROUP-9e9c76b319951e7b8934,budget_id,P01-L1-LOW-CAL-OFFICIAL-R2:8_PER_CLASS,495,False,0.4996830289868506,0.6928300096544465,ELIGIBLE
GROUP-9e9c76b319951e7b8934,split_id,IHARQ-SPLITRECORD-20260806-e4e371d332c61e36,495,False,0.4996830289868506,0.6928300096544465,ELIGIBLE
GROUP-9e9c76b319951e7b8934,calibration_method_id,__MISSING__,495,False,0.4996830289868506,0.6928300096544465,ELIGIBLE
GROUP-43c279a058dc55aafd17,dataset_id,PhysioNetMI,495,False,0.45798397081487086,0.64836370562459,ELIGIBLE
GROUP-43c279a058dc55aafd17,subject_id,107,45,False,0.4721213544268029,0.6643838098838165,ELIGIBLE
GROUP-43c279a058dc55aafd17,subject_id,27,45,False,0.4839179312715573,0.66983597586177,ELIGIBLE
GROUP-43c279a058dc55aafd17,subject_id,39,45,False,0.5567395478165651,0.7648880499187624,ELIGIBLE
GROUP-43c279a058dc55aafd17,subject_id,40,45,False,0.4779025332454436,0.670679432346515,ELIGIBLE
GROUP-43c279a058dc55aafd17,subject_id,47,45,False,0.4856085799201598,0.6776811110771565,ELIGIBLE
GROUP-43c279a058dc55aafd17,subject_id,48,45,False,0.4008315647139509,0.5873902403072312,ELIGIBLE
GROUP-43c279a058dc55aafd17,subject_id,57,45,False,0.46128143135597105,0.6489867408077405,ELIGIBLE
GROUP-43c279a058dc55aafd17,subject_id,6,45,False,0.49305425621185045,0.6883667091488849,ELIGIBLE
GROUP-43c279a058dc55aafd17,subject_id,71,45,False,0.34535530139373444,0.5246441104433964,ELIGIBLE
GROUP-43c279a058dc55aafd17,subject_id,93,45,False,0.366703189129243,0.5490152393058093,ELIGIBLE
GROUP-43c279a058dc55aafd17,subject_id,98,45,False,0.49430798947830057,0.6861293427694075,ELIGIBLE
GROUP-43c279a058dc55aafd17,session_id,0,495,False,0.45798397081487086,0.64836370562459,ELIGIBLE
GROUP-43c279a058dc55aafd17,model_id,DNN-FBCNET:FBCNet-OriginalAuthor-P01ConstrainedFilterBank:P02-A0-PhysioNetMI-DNN-FBCNET-FULL_TRAIN-MR00,495,False,0.45798397081487086,0.64836370562459,ELIGIBLE
GROUP-43c279a058dc55aafd17,branch_id,__MISSING__,495,False,0.45798397081487086,0.64836370562459,ELIGIBLE
GROUP-43c279a058dc55aafd17,budget_id,FULL_TRAIN,495,False,0.45798397081487086,0.64836370562459,ELIGIBLE
GROUP-43c279a058dc55aafd17,split_id,IHARQ-SPLITRECORD-20260806-e4e371d332c61e36,495,False,0.45798397081487086,0.64836370562459,ELIGIBLE
GROUP-43c279a058dc55aafd17,calibration_method_id,__MISSING__,495,False,0.45798397081487086,0.64836370562459,ELIGIBLE
GROUP-32c735cc779850f161eb,dataset_id,PhysioNetMI,495,False,0.4446793689349367,0.6337330452672145,ELIGIBLE
GROUP-32c735cc779850f161eb,subject_id,107,45,False,0.48078204999478563,0.6683392417510615,ELIGIBLE
GROUP-32c735cc779850f161eb,subject_id,27,45,False,0.5089477894516511,0.7018761915249375,ELIGIBLE
GROUP-32c735cc779850f161eb,subject_id,39,45,False,0.5546023813194756,0.778599523118293,ELIGIBLE
GROUP-32c735cc779850f161eb,subject_id,40,45,False,0.47705399272598026,0.6691732718286091,ELIGIBLE
GROUP-32c735cc779850f161eb,subject_id,47,45,False,0.47349841354372035,0.6669083025891396,ELIGIBLE
GROUP-32c735cc779850f161eb,subject_id,48,45,False,0.36453053013228087,0.5405881065761304,ELIGIBLE
GROUP-32c735cc779850f161eb,subject_id,57,45,False,0.43101134794824664,0.6173900745622403,ELIGIBLE
GROUP-32c735cc779850f161eb,subject_id,6,45,False,0.4858282228612263,0.6770918308804371,ELIGIBLE
GROUP-32c735cc779850f161eb,subject_id,71,45,False,0.3199671380531323,0.4925035714451289,ELIGIBLE
GROUP-32c735cc779850f161eb,subject_id,93,45,False,0.30568600389532646,0.47859947931554175,ELIGIBLE
GROUP-32c735cc779850f161eb,subject_id,98,45,False,0.48956518835847823,0.6799939043478411,ELIGIBLE
GROUP-32c735cc779850f161eb,session_id,0,495,False,0.4446793689349367,0.6337330452672145,ELIGIBLE
GROUP-32c735cc779850f161eb,model_id,DNN-FBCNET:FBCNet-OriginalAuthor-P01ConstrainedFilterBank:P02-A0-PhysioNetMI-DNN-FBCNET-FULL_TRAIN-MR01,495,False,0.4446793689349367,0.6337330452672145,ELIGIBLE
GROUP-32c735cc779850f161eb,branch_id,__MISSING__,495,False,0.4446793689349367,0.6337330452672145,ELIGIBLE
GROUP-32c735cc779850f161eb,budget_id,FULL_TRAIN,495,False,0.4446793689349367,0.6337330452672145,ELIGIBLE
GROUP-32c735cc779850f161eb,split_id,IHARQ-SPLITRECORD-20260806-e4e371d332c61e36,495,False,0.4446793689349367,0.6337330452672145,ELIGIBLE
GROUP-32c735cc779850f161eb,calibration_method_id,__MISSING__,495,False,0.4446793689349367,0.6337330452672145,ELIGIBLE
GROUP-7dfe7824e9603220e1b4,dataset_id,PhysioNetMI,495,False,0.4474399354706328,0.6360846986255518,ELIGIBLE
GROUP-7dfe7824e9603220e1b4,subject_id,107,45,False,0.46530717299072494,0.6564282387057037,ELIGIBLE
GROUP-7dfe7824e9603220e1b4,subject_id,27,45,False,0.5441774111136646,0.737295348817855,ELIGIBLE
GROUP-7dfe7824e9603220e1b4,subject_id,39,45,False,0.5171413741760975,0.7179580283623495,ELIGIBLE
GROUP-7dfe7824e9603220e1b4,subject_id,40,45,False,0.48824538794857014,0.6809192664363847,ELIGIBLE
GROUP-7dfe7824e9603220e1b4,subject_id,47,45,False,0.4856950806090316,0.6764682460056973,ELIGIBLE
GROUP-7dfe7824e9603220e1b4,subject_id,48,45,False,0.35468650063957513,0.5354816471749502,ELIGIBLE
GROUP-7dfe7824e9603220e1b4,subject_id,57,45,False,0.49029316259322187,0.6810419946270002,ELIGIBLE
GROUP-7dfe7824e9603220e1b4,subject_id,6,45,False,0.48278537850369757,0.6771542375137817,ELIGIBLE
GROUP-7dfe7824e9603220e1b4,subject_id,71,45,False,0.32123418351911653,0.49889214998490955,ELIGIBLE
GROUP-7dfe7824e9603220e1b4,subject_id,93,45,False,0.32730042356757816,0.500746253512186,ELIGIBLE
GROUP-7dfe7824e9603220e1b4,subject_id,98,45,False,0.4449732145156838,0.6345462737402521,ELIGIBLE
GROUP-7dfe7824e9603220e1b4,session_id,0,495,False,0.4474399354706328,0.6360846986255518,ELIGIBLE
GROUP-7dfe7824e9603220e1b4,model_id,DNN-FBCNET:FBCNet-OriginalAuthor-P01ConstrainedFilterBank:P02-A0-PhysioNetMI-DNN-FBCNET-FULL_TRAIN-MR02,495,False,0.4474399354706328,0.6360846986255518,ELIGIBLE
GROUP-7dfe7824e9603220e1b4,branch_id,__MISSING__,495,False,0.4474399354706328,0.6360846986255518,ELIGIBLE
GROUP-7dfe7824e9603220e1b4,budget_id,FULL_TRAIN,495,False,0.4474399354706328,0.6360846986255518,ELIGIBLE
GROUP-7dfe7824e9603220e1b4,split_id,IHARQ-SPLITRECORD-20260806-e4e371d332c61e36,495,False,0.4474399354706328,0.6360846986255518,ELIGIBLE
GROUP-7dfe7824e9603220e1b4,calibration_method_id,__MISSING__,495,False,0.4474399354706328,0.6360846986255518,ELIGIBLE
GROUP-b7a4a64d7235d66e3339,dataset_id,PhysioNetMI,495,False,0.43980532404795075,0.6295834815251297,ELIGIBLE
GROUP-b7a4a64d7235d66e3339,subject_id,107,45,False,0.44584420447820644,0.632550883056531,ELIGIBLE
GROUP-b7a4a64d7235d66e3339,subject_id,27,45,False,0.5172321981978146,0.708451957848804,ELIGIBLE
GROUP-b7a4a64d7235d66e3339,subject_id,39,45,False,0.5234847580439863,0.7342811577918954,ELIGIBLE
GROUP-b7a4a64d7235d66e3339,subject_id,40,45,False,0.4770804660470541,0.6684017949127055,ELIGIBLE
GROUP-b7a4a64d7235d66e3339,subject_id,47,45,False,0.466993991972647,0.6574856228737395,ELIGIBLE
GROUP-b7a4a64d7235d66e3339,subject_id,48,45,False,0.3571348883301365,0.5393986899735197,ELIGIBLE
GROUP-b7a4a64d7235d66e3339,subject_id,57,45,False,0.4220746927292878,0.6093587189338354,ELIGIBLE
GROUP-b7a4a64d7235d66e3339,subject_id,6,45,False,0.508902558982219,0.7082795808913118,ELIGIBLE
GROUP-b7a4a64d7235d66e3339,subject_id,71,45,False,0.33713082855768806,0.5153453457455218,ELIGIBLE
GROUP-b7a4a64d7235d66e3339,subject_id,93,45,False,0.3112858024899179,0.48731744583940184,ELIGIBLE
GROUP-b7a4a64d7235d66e3339,subject_id,98,45,False,0.4706941746985006,0.6645470989091602,ELIGIBLE
GROUP-b7a4a64d7235d66e3339,session_id,0,495,False,0.43980532404795075,0.6295834815251297,ELIGIBLE
GROUP-b7a4a64d7235d66e3339,model_id,DNN-FBCNET:FBCNet-OriginalAuthor-P01ConstrainedFilterBank:P02-A0-PhysioNetMI-DNN-FBCNET-FULL_TRAIN-MR03,495,False,0.43980532404795075,0.6295834815251297,ELIGIBLE
GROUP-b7a4a64d7235d66e3339,branch_id,__MISSING__,495,False,0.43980532404795075,0.6295834815251297,ELIGIBLE
GROUP-b7a4a64d7235d66e3339,budget_id,FULL_TRAIN,495,False,0.43980532404795075,0.6295834815251297,ELIGIBLE
GROUP-b7a4a64d7235d66e3339,split_id,IHARQ-SPLITRECORD-20260806-e4e371d332c61e36,495,False,0.43980532404795075,0.6295834815251297,ELIGIBLE
GROUP-b7a4a64d7235d66e3339,calibration_method_id,__MISSING__,495,False,0.43980532404795075,0.6295834815251297,ELIGIBLE
GROUP-823a8539817b2079f067,dataset_id,PhysioNetMI,495,False,0.441587041839837,0.6305058719725974,ELIGIBLE
GROUP-823a8539817b2079f067,subject_id,107,45,False,0.44246174732998234,0.6334911358739106,ELIGIBLE
GROUP-823a8539817b2079f067,subject_id,27,45,False,0.5194223824883624,0.715288567956039,ELIGIBLE
GROUP-823a8539817b2079f067,subject_id,39,45,False,0.4909858940885928,0.6884667406948879,ELIGIBLE
GROUP-823a8539817b2079f067,subject_id,40,45,False,0.4819591312748194,0.6748599184298194,ELIGIBLE
GROUP-823a8539817b2079f067,subject_id,47,45,False,0.4694394719294208,0.6589411100048549,ELIGIBLE
GROUP-823a8539817b2079f067,subject_id,48,45,False,0.38688426561728945,0.5704398381117725,ELIGIBLE
GROUP-823a8539817b2079f067,subject_id,57,45,False,0.44540189825166904,0.6287161676852457,ELIGIBLE
GROUP-823a8539817b2079f067,subject_id,6,45,False,0.5183777173533914,0.7208145328965148,ELIGIBLE
GROUP-823a8539817b2079f067,subject_id,71,45,False,0.3267822439711721,0.5017788683681104,ELIGIBLE
GROUP-823a8539817b2079f067,subject_id,93,45,False,0.32043245602686693,0.49714310085150665,ELIGIBLE
GROUP-823a8539817b2079f067,subject_id,98,45,False,0.45531025190663954,0.6456246108259095,ELIGIBLE
GROUP-823a8539817b2079f067,session_id,0,495,False,0.441587041839837,0.6305058719725974,ELIGIBLE
GROUP-823a8539817b2079f067,model_id,DNN-FBCNET:FBCNet-OriginalAuthor-P01ConstrainedFilterBank:P02-A0-PhysioNetMI-DNN-FBCNET-FULL_TRAIN-MR04,495,False,0.441587041839837,0.6305058719725974,ELIGIBLE
GROUP-823a8539817b2079f067,branch_id,__MISSING__,495,False,0.441587041839837,0.6305058719725974,ELIGIBLE
GROUP-823a8539817b2079f067,budget_id,FULL_TRAIN,495,False,0.441587041839837,0.6305058719725974,ELIGIBLE
GROUP-823a8539817b2079f067,split_id,IHARQ-SPLITRECORD-20260806-e4e371d332c61e36,495,False,0.441587041839837,0.6305058719725974,ELIGIBLE
GROUP-823a8539817b2079f067,calibration_method_id,__MISSING__,495,False,0.441587041839837,0.6305058719725974,ELIGIBLE
GROUP-10106dcb0530e2f22c8b,dataset_id,PhysioNetMI,495,False,0.43017570915633,0.6170199027537057,ELIGIBLE
GROUP-10106dcb0530e2f22c8b,subject_id,107,45,False,0.49311482360192177,0.6896347105569416,ELIGIBLE
GROUP-10106dcb0530e2f22c8b,subject_id,27,45,False,0.4292475404081441,0.6169271752102594,ELIGIBLE
GROUP-10106dcb0530e2f22c8b,subject_id,39,45,False,0.4652923579605355,0.6545240494548357,ELIGIBLE
GROUP-10106dcb0530e2f22c8b,subject_id,40,45,False,0.513796870941429,0.7132456095830619,ELIGIBLE
GROUP-10106dcb0530e2f22c8b,subject_id,47,45,False,0.4994862416773293,0.6909758964252724,ELIGIBLE
GROUP-10106dcb0530e2f22c8b,subject_id,48,45,False,0.32637820481408625,0.4967817960904193,ELIGIBLE
GROUP-10106dcb0530e2f22c8b,subject_id,57,45,False,0.4791294331702416,0.6718928786327361,ELIGIBLE
GROUP-10106dcb0530e2f22c8b,subject_id,6,45,False,0.4882109976149435,0.6815396343570872,ELIGIBLE
GROUP-10106dcb0530e2f22c8b,subject_id,71,45,False,0.19772360221536517,0.35662848542862513,ELIGIBLE
GROUP-10106dcb0530e2f22c8b,subject_id,93,45,False,0.3271055214154473,0.5040788160768587,ELIGIBLE
GROUP-10106dcb0530e2f22c8b,subject_id,98,45,False,0.5124472069001872,0.7109898784746645,ELIGIBLE
GROUP-10106dcb0530e2f22c8b,session_id,0,495,False,0.43017570915633,0.6170199027537057,ELIGIBLE
GROUP-10106dcb0530e2f22c8b,model_id,DNN-SEQ:DBConformer-OriginalAuthor-P01CompatibilityPatched:P02-A0-PhysioNetMI-DNN-SEQ-FULL_TRAIN-MR00,495,False,0.43017570915633,0.6170199027537057,ELIGIBLE
GROUP-10106dcb0530e2f22c8b,branch_id,__MISSING__,495,False,0.43017570915633,0.6170199027537057,ELIGIBLE
GROUP-10106dcb0530e2f22c8b,budget_id,FULL_TRAIN,495,False,0.43017570915633,0.6170199027537057,ELIGIBLE
GROUP-10106dcb0530e2f22c8b,split_id,IHARQ-SPLITRECORD-20260806-e4e371d332c61e36,495,False,0.43017570915633,0.6170199027537057,ELIGIBLE
GROUP-10106dcb0530e2f22c8b,calibration_method_id,__MISSING__,495,False,0.43017570915633,0.6170199027537057,ELIGIBLE
GROUP-997a5b0023fea69f7c7c,dataset_id,PhysioNetMI,495,False,0.4348140555338693,0.6221020197272867,ELIGIBLE
GROUP-997a5b0023fea69f7c7c,subject_id,107,45,False,0.49124685679783864,0.6866024710041183,ELIGIBLE
GROUP-997a5b0023fea69f7c7c,subject_id,27,45,False,0.44176734371355125,0.6310616635159677,ELIGIBLE
GROUP-997a5b0023fea69f7c7c,subject_id,39,45,False,0.500682688306709,0.6941900697450119,ELIGIBLE
GROUP-997a5b0023fea69f7c7c,subject_id,40,45,False,0.4885751049883352,0.6831510740851308,ELIGIBLE
GROUP-997a5b0023fea69f7c7c,subject_id,47,45,False,0.4989100248333737,0.6904688403730762,ELIGIBLE
GROUP-997a5b0023fea69f7c7c,subject_id,48,45,False,0.32028174444816077,0.494386531215663,ELIGIBLE
GROUP-997a5b0023fea69f7c7c,subject_id,57,45,False,0.5005726472055204,0.6951072309311505,ELIGIBLE
GROUP-997a5b0023fea69f7c7c,subject_id,6,45,False,0.5232409822038163,0.7226411650164966,ELIGIBLE
GROUP-997a5b0023fea69f7c7c,subject_id,71,45,False,0.21314753437737902,0.372314501589793,ELIGIBLE
GROUP-997a5b0023fea69f7c7c,subject_id,93,45,False,0.3110351172278595,0.47997627066573834,ELIGIBLE
GROUP-997a5b0023fea69f7c7c,subject_id,98,45,False,0.49349456677001846,0.6932223988580084,ELIGIBLE
GROUP-997a5b0023fea69f7c7c,session_id,0,495,False,0.4348140555338693,0.6221020197272867,ELIGIBLE
GROUP-997a5b0023fea69f7c7c,model_id,DNN-SEQ:DBConformer-OriginalAuthor-P01CompatibilityPatched:P02-A0-PhysioNetMI-DNN-SEQ-FULL_TRAIN-MR01,495,False,0.4348140555338693,0.6221020197272867,ELIGIBLE
GROUP-997a5b0023fea69f7c7c,branch_id,__MISSING__,495,False,0.4348140555338693,0.6221020197272867,ELIGIBLE
GROUP-997a5b0023fea69f7c7c,budget_id,FULL_TRAIN,495,False,0.4348140555338693,0.6221020197272867,ELIGIBLE
GROUP-997a5b0023fea69f7c7c,split_id,IHARQ-SPLITRECORD-20260806-e4e371d332c61e36,495,False,0.4348140555338693,0.6221020197272867,ELIGIBLE
GROUP-997a5b0023fea69f7c7c,calibration_method_id,__MISSING__,495,False,0.4348140555338693,0.6221020197272867,ELIGIBLE
GROUP-8db81120f7d1939301ff,dataset_id,PhysioNetMI,495,False,0.43629074318730554,0.6246869611203397,ELIGIBLE
GROUP-8db81120f7d1939301ff,subject_id,107,45,False,0.46307292852780507,0.6570613550594309,ELIGIBLE
GROUP-8db81120f7d1939301ff,subject_id,27,45,False,0.4782575230384818,0.6723010978974414,ELIGIBLE
GROUP-8db81120f7d1939301ff,subject_id,39,45,False,0.5124886510776073,0.7048325229743537,ELIGIBLE
GROUP-8db81120f7d1939301ff,subject_id,40,45,False,0.5230876371787215,0.7216875293099609,ELIGIBLE
GROUP-8db81120f7d1939301ff,subject_id,47,45,False,0.502445826709251,0.6946867255355704,ELIGIBLE
GROUP-8db81120f7d1939301ff,subject_id,48,45,False,0.31137677215321286,0.4846704127442113,ELIGIBLE
GROUP-8db81120f7d1939301ff,subject_id,57,45,False,0.4882208210056005,0.6833017847336956,ELIGIBLE
GROUP-8db81120f7d1939301ff,subject_id,6,45,False,0.47586329289344226,0.6689141856911848,ELIGIBLE
GROUP-8db81120f7d1939301ff,subject_id,71,45,False,0.22965602743854777,0.39705306948362823,ELIGIBLE
GROUP-8db81120f7d1939301ff,subject_id,93,45,False,0.32775624979096446,0.5053745313793998,ELIGIBLE
GROUP-8db81120f7d1939301ff,subject_id,98,45,False,0.48697244524672667,0.6816733575148591,ELIGIBLE
GROUP-8db81120f7d1939301ff,session_id,0,495,False,0.43629074318730554,0.6246869611203397,ELIGIBLE
GROUP-8db81120f7d1939301ff,model_id,DNN-SEQ:DBConformer-OriginalAuthor-P01CompatibilityPatched:P02-A0-PhysioNetMI-DNN-SEQ-FULL_TRAIN-MR02,495,False,0.43629074318730554,0.6246869611203397,ELIGIBLE
GROUP-8db81120f7d1939301ff,branch_id,__MISSING__,495,False,0.43629074318730554,0.6246869611203397,ELIGIBLE
GROUP-8db81120f7d1939301ff,budget_id,FULL_TRAIN,495,False,0.43629074318730554,0.6246869611203397,ELIGIBLE
GROUP-8db81120f7d1939301ff,split_id,IHARQ-SPLITRECORD-20260806-e4e371d332c61e36,495,False,0.43629074318730554,0.6246869611203397,ELIGIBLE
GROUP-8db81120f7d1939301ff,calibration_method_id,__MISSING__,495,False,0.43629074318730554,0.6246869611203397,ELIGIBLE
GROUP-ae132d3d05566083c1b6,dataset_id,PhysioNetMI,495,False,0.43018851567136895,0.6172868058630746,ELIGIBLE
GROUP-ae132d3d05566083c1b6,subject_id,107,45,False,0.4802300861519537,0.6732701601773688,ELIGIBLE
GROUP-ae132d3d05566083c1b6,subject_id,27,45,False,0.4459187001239301,0.6335012990854888,ELIGIBLE
GROUP-ae132d3d05566083c1b6,subject_id,39,45,False,0.46675423919499903,0.6595734212994186,ELIGIBLE
GROUP-ae132d3d05566083c1b6,subject_id,40,45,False,0.5147273542599193,0.7106595917579243,ELIGIBLE
GROUP-ae132d3d05566083c1b6,subject_id,47,45,False,0.5052653168807038,0.6978023732640756,ELIGIBLE
GROUP-ae132d3d05566083c1b6,subject_id,48,45,False,0.2865345227743454,0.45589138037661014,ELIGIBLE
GROUP-ae132d3d05566083c1b6,subject_id,57,45,False,0.47520193689378903,0.6651990335527607,ELIGIBLE
GROUP-ae132d3d05566083c1b6,subject_id,6,45,False,0.47263025783219087,0.6652874830237762,ELIGIBLE
GROUP-ae132d3d05566083c1b6,subject_id,71,45,False,0.22583774828650224,0.3911240050615729,ELIGIBLE
GROUP-ae132d3d05566083c1b6,subject_id,93,45,False,0.35061446696653875,0.5321381811907828,ELIGIBLE
GROUP-ae132d3d05566083c1b6,subject_id,98,45,False,0.5083590430201862,0.7057079357040414,ELIGIBLE
GROUP-ae132d3d05566083c1b6,session_id,0,495,False,0.43018851567136895,0.6172868058630746,ELIGIBLE
GROUP-ae132d3d05566083c1b6,model_id,DNN-SEQ:DBConformer-OriginalAuthor-P01CompatibilityPatched:P02-A0-PhysioNetMI-DNN-SEQ-FULL_TRAIN-MR03,495,False,0.43018851567136895,0.6172868058630746,ELIGIBLE
GROUP-ae132d3d05566083c1b6,branch_id,__MISSING__,495,False,0.43018851567136895,0.6172868058630746,ELIGIBLE
GROUP-ae132d3d05566083c1b6,budget_id,FULL_TRAIN,495,False,0.43018851567136895,0.6172868058630746,ELIGIBLE
GROUP-ae132d3d05566083c1b6,split_id,IHARQ-SPLITRECORD-20260806-e4e371d332c61e36,495,False,0.43018851567136895,0.6172868058630746,ELIGIBLE
GROUP-ae132d3d05566083c1b6,calibration_method_id,__MISSING__,495,False,0.43018851567136895,0.6172868058630746,ELIGIBLE
GROUP-4149763739d4c094c858,dataset_id,PhysioNetMI,495,False,0.43882817066484936,0.627528658776728,ELIGIBLE
GROUP-4149763739d4c094c858,subject_id,107,45,False,0.48916149327618,0.6847584762552208,ELIGIBLE
GROUP-4149763739d4c094c858,subject_id,27,45,False,0.45090801152297816,0.6400640428035083,ELIGIBLE
GROUP-4149763739d4c094c858,subject_id,39,45,False,0.4643235219340974,0.6548541990564716,ELIGIBLE
GROUP-4149763739d4c094c858,subject_id,40,45,False,0.5311744893408356,0.7297556532425272,ELIGIBLE
GROUP-4149763739d4c094c858,subject_id,47,45,False,0.5018808255954984,0.6939222024106008,ELIGIBLE
GROUP-4149763739d4c094c858,subject_id,48,45,False,0.3278616769393776,0.5081665101173555,ELIGIBLE
GROUP-4149763739d4c094c858,subject_id,57,45,False,0.49463754621365147,0.6854781389606466,ELIGIBLE
GROUP-4149763739d4c094c858,subject_id,6,45,False,0.4887445854630747,0.6826264068095416,ELIGIBLE
GROUP-4149763739d4c094c858,subject_id,71,45,False,0.22891323919302436,0.3979250617080699,ELIGIBLE
GROUP-4149763739d4c094c858,subject_id,93,45,False,0.3408203567452665,0.5187023167842464,ELIGIBLE
GROUP-4149763739d4c094c858,subject_id,98,45,False,0.5086841310893594,0.7065622383958209,ELIGIBLE
GROUP-4149763739d4c094c858,session_id,0,495,False,0.43882817066484936,0.627528658776728,ELIGIBLE
GROUP-4149763739d4c094c858,model_id,DNN-SEQ:DBConformer-OriginalAuthor-P01CompatibilityPatched:P02-A0-PhysioNetMI-DNN-SEQ-FULL_TRAIN-MR04,495,False,0.43882817066484936,0.627528658776728,ELIGIBLE
GROUP-4149763739d4c094c858,branch_id,__MISSING__,495,False,0.43882817066484936,0.627528658776728,ELIGIBLE
GROUP-4149763739d4c094c858,budget_id,FULL_TRAIN,495,False,0.43882817066484936,0.627528658776728,ELIGIBLE
GROUP-4149763739d4c094c858,split_id,IHARQ-SPLITRECORD-20260806-e4e371d332c61e36,495,False,0.43882817066484936,0.627528658776728,ELIGIBLE
GROUP-4149763739d4c094c858,calibration_method_id,__MISSING__,495,False,0.43882817066484936,0.627528658776728,ELIGIBLE
GROUP-f56dc53d51254a1763e5,dataset_id,PhysioNetMI,495,False,0.4532619841831142,0.6435217589157282,ELIGIBLE
GROUP-f56dc53d51254a1763e5,subject_id,107,45,False,0.44459000655976566,0.6328561654233255,ELIGIBLE
GROUP-f56dc53d51254a1763e5,subject_id,27,45,False,0.5189578018966603,0.7136623682874349,ELIGIBLE
GROUP-f56dc53d51254a1763e5,subject_id,39,45,False,0.5016731282509193,0.6951396970947523,ELIGIBLE
GROUP-f56dc53d51254a1763e5,subject_id,40,45,False,0.48213534334440455,0.6749840043980765,ELIGIBLE
GROUP-f56dc53d51254a1763e5,subject_id,47,45,False,0.47402982093130147,0.6653313518196946,ELIGIBLE
GROUP-f56dc53d51254a1763e5,subject_id,48,45,False,0.3999882837883056,0.5872559445767987,ELIGIBLE
GROUP-f56dc53d51254a1763e5,subject_id,57,45,False,0.4250083461021282,0.6158698231578016,ELIGIBLE
GROUP-f56dc53d51254a1763e5,subject_id,6,45,False,0.5082175437931681,0.7013298991578113,ELIGIBLE
GROUP-f56dc53d51254a1763e5,subject_id,71,45,False,0.41544956550734224,0.5968976349309691,ELIGIBLE
GROUP-f56dc53d51254a1763e5,subject_id,93,45,False,0.32970115813204937,0.5147857325880897,ELIGIBLE
GROUP-f56dc53d51254a1763e5,subject_id,98,45,False,0.48613082770821164,0.6806267266382559,ELIGIBLE
GROUP-f56dc53d51254a1763e5,session_id,0,495,False,0.4532619841831142,0.6435217589157282,ELIGIBLE
GROUP-f56dc53d51254a1763e5,model_id,RIE-EA-TS:RIE-EA-TS:P02-A0-PhysioNetMI-RIE-EA-TS-FULL_TRAIN-MR00,495,False,0.4532619841831142,0.6435217589157282,ELIGIBLE
GROUP-f56dc53d51254a1763e5,branch_id,__MISSING__,495,False,0.4532619841831142,0.6435217589157282,ELIGIBLE
GROUP-f56dc53d51254a1763e5,budget_id,FULL_TRAIN,495,False,0.4532619841831142,0.6435217589157282,ELIGIBLE
GROUP-f56dc53d51254a1763e5,split_id,IHARQ-SPLITRECORD-20260806-e4e371d332c61e36,495,False,0.4532619841831142,0.6435217589157282,ELIGIBLE
GROUP-f56dc53d51254a1763e5,calibration_method_id,__MISSING__,495,False,0.4532619841831142,0.6435217589157282,ELIGIBLE
GROUP-90f6b75f481a764e4ced,dataset_id,PhysioNetMI,495,False,0.45301160382255057,0.6432591734160873,ELIGIBLE
GROUP-90f6b75f481a764e4ced,subject_id,107,45,False,0.4527049381483424,0.6419738410335994,ELIGIBLE
GROUP-90f6b75f481a764e4ced,subject_id,27,45,False,0.5188405803680486,0.7132239123687921,ELIGIBLE
GROUP-90f6b75f481a764e4ced,subject_id,39,45,False,0.5012788154955227,0.6948613446801276,ELIGIBLE
GROUP-90f6b75f481a764e4ced,subject_id,40,45,False,0.4819918481588446,0.674769782726645,ELIGIBLE
GROUP-90f6b75f481a764e4ced,subject_id,47,45,False,0.47128907110700596,0.662503104140366,ELIGIBLE
GROUP-90f6b75f481a764e4ced,subject_id,48,45,False,0.4045653093524709,0.5924178005505537,ELIGIBLE
GROUP-90f6b75f481a764e4ced,subject_id,57,45,False,0.4265440201161397,0.6177707776720548,ELIGIBLE
GROUP-90f6b75f481a764e4ced,subject_id,6,45,False,0.5055064770391008,0.6986183259704275,ELIGIBLE
GROUP-90f6b75f481a764e4ced,subject_id,71,45,False,0.41816618460384075,0.5990593418033383,ELIGIBLE
GROUP-90f6b75f481a764e4ced,subject_id,93,45,False,0.31954441469836437,0.5036612906412519,ELIGIBLE
GROUP-90f6b75f481a764e4ced,subject_id,98,45,False,0.48269598296037536,0.676991385989804,ELIGIBLE
GROUP-90f6b75f481a764e4ced,session_id,0,495,False,0.45301160382255057,0.6432591734160873,ELIGIBLE
GROUP-90f6b75f481a764e4ced,model_id,RIE-TS-LR:RIE-TS-LR:P02-A0-PhysioNetMI-RIE-TS-LR-FULL_TRAIN-MR00,495,False,0.45301160382255057,0.6432591734160873,ELIGIBLE
GROUP-90f6b75f481a764e4ced,branch_id,__MISSING__,495,False,0.45301160382255057,0.6432591734160873,ELIGIBLE
GROUP-90f6b75f481a764e4ced,budget_id,FULL_TRAIN,495,False,0.45301160382255057,0.6432591734160873,ELIGIBLE
GROUP-90f6b75f481a764e4ced,split_id,IHARQ-SPLITRECORD-20260806-e4e371d332c61e36,495,False,0.45301160382255057,0.6432591734160873,ELIGIBLE
GROUP-90f6b75f481a764e4ced,calibration_method_id,__MISSING__,495,False,0.45301160382255057,0.6432591734160873,ELIGIBLE
GROUP-0514a4ae311a4d886ac2,dataset_id,PhysioNetMI,495,False,0.5000391707504421,0.6931863120954309,ELIGIBLE
GROUP-0514a4ae311a4d886ac2,subject_id,107,45,False,0.5013211720336744,0.6944684567117378,ELIGIBLE
GROUP-0514a4ae311a4d886ac2,subject_id,27,45,False,0.49920570052275476,0.6923526087646448,ELIGIBLE
GROUP-0514a4ae311a4d886ac2,subject_id,39,45,False,0.5007040830742032,0.6938513906714813,ELIGIBLE
GROUP-0514a4ae311a4d886ac2,subject_id,40,45,False,0.4999618470549155,0.6931090299690508,ELIGIBLE
GROUP-0514a4ae311a4d886ac2,subject_id,47,45,False,0.5003092291508994,0.6934564578558032,ELIGIBLE
GROUP-0514a4ae311a4d886ac2,subject_id,48,45,False,0.49880410094895217,0.6919509934598109,ELIGIBLE
GROUP-0514a4ae311a4d886ac2,subject_id,57,45,False,0.5016469001657574,0.694794327932984,ELIGIBLE
GROUP-0514a4ae311a4d886ac2,subject_id,6,45,False,0.4999254341844998,0.6930726106012114,ELIGIBLE
GROUP-0514a4ae311a4d886ac2,subject_id,71,45,False,0.49860305179175696,0.6917499824612812,ELIGIBLE
GROUP-0514a4ae311a4d886ac2,subject_id,93,45,False,0.5000267193747843,0.6931737985617106,ELIGIBLE
GROUP-0514a4ae311a4d886ac2,subject_id,98,45,False,0.49992263995266506,0.6930697760600245,ELIGIBLE
GROUP-0514a4ae311a4d886ac2,session_id,0,495,False,0.5000391707504421,0.6931863120954309,ELIGIBLE
GROUP-0514a4ae311a4d886ac2,model_id,RIE-TS-LR:RIE-TS-LR:P02-A0-PhysioNetMI-RIE-TS-LR-P01-L1-LOW-CAL-OFFICIAL-R2:16_PER_CLASS-MR00,495,False,0.5000391707504421,0.6931863120954309,ELIGIBLE
GROUP-0514a4ae311a4d886ac2,branch_id,__MISSING__,495,False,0.5000391707504421,0.6931863120954309,ELIGIBLE
GROUP-0514a4ae311a4d886ac2,budget_id,P01-L1-LOW-CAL-OFFICIAL-R2:16_PER_CLASS,495,False,0.5000391707504421,0.6931863120954309,ELIGIBLE
GROUP-0514a4ae311a4d886ac2,split_id,IHARQ-SPLITRECORD-20260806-e4e371d332c61e36,495,False,0.5000391707504421,0.6931863120954309,ELIGIBLE
GROUP-0514a4ae311a4d886ac2,calibration_method_id,__MISSING__,495,False,0.5000391707504421,0.6931863120954309,ELIGIBLE
GROUP-4c83e579b54630f98bba,dataset_id,PhysioNetMI,495,False,0.5000797444665007,0.6932269226636828,ELIGIBLE
GROUP-4c83e579b54630f98bba,subject_id,107,45,False,0.4999630005196022,0.6931101810828982,ELIGIBLE
GROUP-4c83e579b54630f98bba,subject_id,27,45,False,0.4999764536313227,0.6931236343895444,ELIGIBLE
GROUP-4c83e579b54630f98bba,subject_id,39,45,False,0.5002658125599048,0.6934129964349037,ELIGIBLE
GROUP-4c83e579b54630f98bba,subject_id,40,45,False,0.4999976245860544,0.6931448051508406,ELIGIBLE
GROUP-4c83e579b54630f98bba,subject_id,47,45,False,0.5003760331477428,0.693523171034479,ELIGIBLE
GROUP-4c83e579b54630f98bba,subject_id,48,45,False,0.5001736847781846,0.6933208775285631,ELIGIBLE
GROUP-4c83e579b54630f98bba,subject_id,57,45,False,0.5001212655266097,0.6932684474634214,ELIGIBLE
GROUP-4c83e579b54630f98bba,subject_id,6,45,False,0.4999020787990066,0.6930492592632578,ELIGIBLE
GROUP-4c83e579b54630f98bba,subject_id,71,45,False,0.5000748440144175,0.6932220248337586,ELIGIBLE
GROUP-4c83e579b54630f98bba,subject_id,93,45,False,0.500117737034435,0.6932649176084174,ELIGIBLE
GROUP-4c83e579b54630f98bba,subject_id,98,45,False,0.4999086545342279,0.6930558345104276,ELIGIBLE
GROUP-4c83e579b54630f98bba,session_id,0,495,False,0.5000797444665007,0.6932269226636828,ELIGIBLE
GROUP-4c83e579b54630f98bba,model_id,RIE-TS-LR:RIE-TS-LR:P02-A0-PhysioNetMI-RIE-TS-LR-P01-L1-LOW-CAL-OFFICIAL-R2:1_PER_CLASS-MR00,495,False,0.5000797444665007,0.6932269226636828,ELIGIBLE
GROUP-4c83e579b54630f98bba,branch_id,__MISSING__,495,False,0.5000797444665007,0.6932269226636828,ELIGIBLE
GROUP-4c83e579b54630f98bba,budget_id,P01-L1-LOW-CAL-OFFICIAL-R2:1_PER_CLASS,495,False,0.5000797444665007,0.6932269226636828,ELIGIBLE
GROUP-4c83e579b54630f98bba,split_id,IHARQ-SPLITRECORD-20260806-e4e371d332c61e36,495,False,0.5000797444665007,0.6932269226636828,ELIGIBLE
GROUP-4c83e579b54630f98bba,calibration_method_id,__MISSING__,495,False,0.5000797444665007,0.6932269226636828,ELIGIBLE
GROUP-133e526631e68ab5f597,dataset_id,PhysioNetMI,495,False,0.5002085898895372,0.6933557893592387,ELIGIBLE
GROUP-133e526631e68ab5f597,subject_id,107,45,False,0.5007055442076015,0.6938526561569726,ELIGIBLE
GROUP-133e526631e68ab5f597,subject_id,27,45,False,0.5007720584599754,0.6939193223896081,ELIGIBLE
GROUP-133e526631e68ab5f597,subject_id,39,45,False,0.5004268130389372,0.693573997358835,ELIGIBLE
GROUP-133e526631e68ab5f597,subject_id,40,45,False,0.499789513499298,0.6929366881310582,ELIGIBLE
GROUP-133e526631e68ab5f597,subject_id,47,45,False,0.5016855340407144,0.6948330102351521,ELIGIBLE
GROUP-133e526631e68ab5f597,subject_id,48,45,False,0.49956865060429484,0.6927158246143057,ELIGIBLE
GROUP-133e526631e68ab5f597,subject_id,57,45,False,0.5000563222137369,0.6932035220735042,ELIGIBLE
GROUP-133e526631e68ab5f597,subject_id,6,45,False,0.49971290586730605,0.6928600771480667,ELIGIBLE
GROUP-133e526631e68ab5f597,subject_id,71,45,False,0.4986160457386574,0.6917631208063771,ELIGIBLE
GROUP-133e526631e68ab5f597,subject_id,93,45,False,0.5004621552446743,0.6936093369444417,ELIGIBLE
GROUP-133e526631e68ab5f597,subject_id,98,45,False,0.5004989458697141,0.6936461270933019,ELIGIBLE
GROUP-133e526631e68ab5f597,session_id,0,495,False,0.5002085898895372,0.6933557893592387,ELIGIBLE
GROUP-133e526631e68ab5f597,model_id,RIE-TS-LR:RIE-TS-LR:P02-A0-PhysioNetMI-RIE-TS-LR-P01-L1-LOW-CAL-OFFICIAL-R2:2_PER_CLASS-MR00,495,False,0.5002085898895372,0.6933557893592387,ELIGIBLE
GROUP-133e526631e68ab5f597,branch_id,__MISSING__,495,False,0.5002085898895372,0.6933557893592387,ELIGIBLE
GROUP-133e526631e68ab5f597,budget_id,P01-L1-LOW-CAL-OFFICIAL-R2:2_PER_CLASS,495,False,0.5002085898895372,0.6933557893592387,ELIGIBLE
GROUP-133e526631e68ab5f597,split_id,IHARQ-SPLITRECORD-20260806-e4e371d332c61e36,495,False,0.5002085898895372,0.6933557893592387,ELIGIBLE
GROUP-133e526631e68ab5f597,calibration_method_id,__MISSING__,495,False,0.5002085898895372,0.6933557893592387,ELIGIBLE
GROUP-099b70c83cd06883d1b0,dataset_id,PhysioNetMI,495,False,0.5007454272212754,0.6938953763117134,ELIGIBLE
GROUP-099b70c83cd06883d1b0,subject_id,107,45,False,0.508719858965801,0.7018815824667551,ELIGIBLE
GROUP-099b70c83cd06883d1b0,subject_id,27,45,False,0.5025710701773292,0.6957314159743618,ELIGIBLE
GROUP-099b70c83cd06883d1b0,subject_id,39,45,False,0.5081259786583152,0.7013007367756585,ELIGIBLE
GROUP-099b70c83cd06883d1b0,subject_id,40,45,False,0.5019927500654668,0.6951500523986539,ELIGIBLE
GROUP-099b70c83cd06883d1b0,subject_id,47,45,False,0.5104550083077082,0.7036457251559015,ELIGIBLE
GROUP-099b70c83cd06883d1b0,subject_id,48,45,False,0.4752408115240164,0.6682921726424067,ELIGIBLE
GROUP-099b70c83cd06883d1b0,subject_id,57,45,False,0.5099005869053378,0.703074572982696,ELIGIBLE
GROUP-099b70c83cd06883d1b0,subject_id,6,45,False,0.4983556116074585,0.6915028642477128,ELIGIBLE
GROUP-099b70c83cd06883d1b0,subject_id,71,45,False,0.49739012067530997,0.690531765768388,ELIGIBLE
GROUP-099b70c83cd06883d1b0,subject_id,93,45,False,0.49803659803636396,0.6911801777012302,ELIGIBLE
GROUP-099b70c83cd06883d1b0,subject_id,98,45,False,0.49741130451092147,0.6905580733150829,ELIGIBLE
GROUP-099b70c83cd06883d1b0,session_id,0,495,False,0.5007454272212754,0.6938953763117134,ELIGIBLE
GROUP-099b70c83cd06883d1b0,model_id,RIE-TS-LR:RIE-TS-LR:P02-A0-PhysioNetMI-RIE-TS-LR-P01-L1-LOW-CAL-OFFICIAL-R2:32_PER_CLASS-MR00,495,False,0.5007454272212754,0.6938953763117134,ELIGIBLE
GROUP-099b70c83cd06883d1b0,branch_id,__MISSING__,495,False,0.5007454272212754,0.6938953763117134,ELIGIBLE
GROUP-099b70c83cd06883d1b0,budget_id,P01-L1-LOW-CAL-OFFICIAL-R2:32_PER_CLASS,495,False,0.5007454272212754,0.6938953763117134,ELIGIBLE
GROUP-099b70c83cd06883d1b0,split_id,IHARQ-SPLITRECORD-20260806-e4e371d332c61e36,495,False,0.5007454272212754,0.6938953763117134,ELIGIBLE
GROUP-099b70c83cd06883d1b0,calibration_method_id,__MISSING__,495,False,0.5007454272212754,0.6938953763117134,ELIGIBLE
GROUP-2f01c5c5f3a0768613d1,dataset_id,PhysioNetMI,495,False,0.5001963587000428,0.6933435443775621,ELIGIBLE
GROUP-2f01c5c5f3a0768613d1,subject_id,107,45,False,0.5003548572173312,0.6935020366575111,ELIGIBLE
GROUP-2f01c5c5f3a0768613d1,subject_id,27,45,False,0.49994062627798225,0.6930878067433289,ELIGIBLE
GROUP-2f01c5c5f3a0768613d1,subject_id,39,45,False,0.49998889089449755,0.6931360713453933,ELIGIBLE
GROUP-2f01c5c5f3a0768613d1,subject_id,40,45,False,0.49986618056161297,0.6930133609632027,ELIGIBLE
GROUP-2f01c5c5f3a0768613d1,subject_id,47,45,False,0.5008028990745065,0.693950114461934,ELIGIBLE
GROUP-2f01c5c5f3a0768613d1,subject_id,48,45,False,0.5002134965127054,0.6933606779989073,ELIGIBLE
GROUP-2f01c5c5f3a0768613d1,subject_id,57,45,False,0.5001214215195141,0.6932686027697156,ELIGIBLE
GROUP-2f01c5c5f3a0768613d1,subject_id,6,45,False,0.5002011471807306,0.6933483285130311,ELIGIBLE
GROUP-2f01c5c5f3a0768613d1,subject_id,71,45,False,0.50006039998231,0.6932075839364277,ELIGIBLE
GROUP-2f01c5c5f3a0768613d1,subject_id,93,45,False,0.5003732408176401,0.6935204328833052,ELIGIBLE
GROUP-2f01c5c5f3a0768613d1,subject_id,98,45,False,0.5002367856616394,0.6933839718804247,ELIGIBLE
GROUP-2f01c5c5f3a0768613d1,session_id,0,495,False,0.5001963587000428,0.6933435443775621,ELIGIBLE
GROUP-2f01c5c5f3a0768613d1,model_id,RIE-TS-LR:RIE-TS-LR:P02-A0-PhysioNetMI-RIE-TS-LR-P01-L1-LOW-CAL-OFFICIAL-R2:4_PER_CLASS-MR00,495,False,0.5001963587000428,0.6933435443775621,ELIGIBLE
GROUP-2f01c5c5f3a0768613d1,branch_id,__MISSING__,495,False,0.5001963587000428,0.6933435443775621,ELIGIBLE
GROUP-2f01c5c5f3a0768613d1,budget_id,P01-L1-LOW-CAL-OFFICIAL-R2:4_PER_CLASS,495,False,0.5001963587000428,0.6933435443775621,ELIGIBLE
GROUP-2f01c5c5f3a0768613d1,split_id,IHARQ-SPLITRECORD-20260806-e4e371d332c61e36,495,False,0.5001963587000428,0.6933435443775621,ELIGIBLE
GROUP-2f01c5c5f3a0768613d1,calibration_method_id,__MISSING__,495,False,0.5001963587000428,0.6933435443775621,ELIGIBLE
GROUP-ee6a2868bf7c41507ea6,dataset_id,PhysioNetMI,495,False,0.5001192472586181,0.6932664339229025,ELIGIBLE
GROUP-ee6a2868bf7c41507ea6,subject_id,107,45,False,0.4995992788207175,0.6927464464364862,ELIGIBLE
GROUP-ee6a2868bf7c41507ea6,subject_id,27,45,False,0.5002202289666449,0.6933674114015952,ELIGIBLE
GROUP-ee6a2868bf7c41507ea6,subject_id,39,45,False,0.4997027507542803,0.6928499304262471,ELIGIBLE
GROUP-ee6a2868bf7c41507ea6,subject_id,40,45,False,0.49969253814672954,0.6928397163704869,ELIGIBLE
GROUP-ee6a2868bf7c41507ea6,subject_id,47,45,False,0.5009402252665323,0.6940874672585977,ELIGIBLE
GROUP-ee6a2868bf7c41507ea6,subject_id,48,45,False,0.500238584181341,0.6933857672312259,ELIGIBLE
GROUP-ee6a2868bf7c41507ea6,subject_id,57,45,False,0.4998299468644669,0.6929771274792598,ELIGIBLE
GROUP-ee6a2868bf7c41507ea6,subject_id,6,45,False,0.500161165696065,0.6933083477424775,ELIGIBLE
GROUP-ee6a2868bf7c41507ea6,subject_id,71,45,False,0.5001131557056099,0.6932603359372679,ELIGIBLE
GROUP-ee6a2868bf7c41507ea6,subject_id,93,45,False,0.5008121527956797,0.6939593487929243,ELIGIBLE
GROUP-ee6a2868bf7c41507ea6,subject_id,98,45,False,0.5000016926467329,0.6931488740753604,ELIGIBLE
GROUP-ee6a2868bf7c41507ea6,session_id,0,495,False,0.5001192472586181,0.6932664339229025,ELIGIBLE
GROUP-ee6a2868bf7c41507ea6,model_id,RIE-TS-LR:RIE-TS-LR:P02-A0-PhysioNetMI-RIE-TS-LR-P01-L1-LOW-CAL-OFFICIAL-R2:8_PER_CLASS-MR00,495,False,0.5001192472586181,0.6932664339229025,ELIGIBLE
GROUP-ee6a2868bf7c41507ea6,branch_id,__MISSING__,495,False,0.5001192472586181,0.6932664339229025,ELIGIBLE
GROUP-ee6a2868bf7c41507ea6,budget_id,P01-L1-LOW-CAL-OFFICIAL-R2:8_PER_CLASS,495,False,0.5001192472586181,0.6932664339229025,ELIGIBLE
GROUP-ee6a2868bf7c41507ea6,split_id,IHARQ-SPLITRECORD-20260806-e4e371d332c61e36,495,False,0.5001192472586181,0.6932664339229025,ELIGIBLE
GROUP-ee6a2868bf7c41507ea6,calibration_method_id,__MISSING__,495,False,0.5001192472586181,0.6932664339229025,ELIGIBLE
GROUP-a418679542d0c012f74f,dataset_id,PhysioNetMI,495,False,0.49824672004560266,0.6914909982927524,ELIGIBLE
GROUP-a418679542d0c012f74f,subject_id,107,45,False,0.5075455076707022,0.7008648509581573,ELIGIBLE
GROUP-a418679542d0c012f74f,subject_id,27,45,False,0.46765529641787396,0.6605393128102145,ELIGIBLE
GROUP-a418679542d0c012f74f,subject_id,39,45,False,0.5018645604154482,0.695127439532311,ELIGIBLE
GROUP-a418679542d0c012f74f,subject_id,40,45,False,0.4989296760902764,0.6922168009076466,ELIGIBLE
GROUP-a418679542d0c012f74f,subject_id,47,45,False,0.5318546153703875,0.725424637451712,ELIGIBLE
GROUP-a418679542d0c012f74f,subject_id,48,45,False,0.4688228429147197,0.6616800538246838,ELIGIBLE
GROUP-a418679542d0c012f74f,subject_id,57,45,False,0.531752448614258,0.7254447481070021,ELIGIBLE
GROUP-a418679542d0c012f74f,subject_id,6,45,False,0.5147838423014424,0.708246048280792,ELIGIBLE
GROUP-a418679542d0c012f74f,subject_id,71,45,False,0.44081369378259283,0.6332923231971843,ELIGIBLE
GROUP-a418679542d0c012f74f,subject_id,93,45,False,0.4821646572457039,0.6752769936942611,ELIGIBLE
GROUP-a418679542d0c012f74f,subject_id,98,45,False,0.5345267796782244,0.7282877724563134,ELIGIBLE
GROUP-a418679542d0c012f74f,session_id,0,495,False,0.49824672004560266,0.6914909982927524,ELIGIBLE
GROUP-a418679542d0c012f74f,model_id,SSL-CBRAMOD:CBraMod-HF-Braindecode-GovernedP02-R6Scale1e4:P02-A0-PhysioNetMI-SSL-CBRAMOD-FULL_TRAIN-MR00,495,False,0.49824672004560266,0.6914909982927524,ELIGIBLE
GROUP-a418679542d0c012f74f,branch_id,__MISSING__,495,False,0.49824672004560266,0.6914909982927524,ELIGIBLE
GROUP-a418679542d0c012f74f,budget_id,FULL_TRAIN,495,False,0.49824672004560266,0.6914909982927524,ELIGIBLE
GROUP-a418679542d0c012f74f,split_id,IHARQ-SPLITRECORD-20260806-e4e371d332c61e36,495,False,0.49824672004560266,0.6914909982927524,ELIGIBLE
GROUP-a418679542d0c012f74f,calibration_method_id,__MISSING__,495,False,0.49824672004560266,0.6914909982927524,ELIGIBLE
GROUP-aaaf63f44d993508259c,dataset_id,PhysioNetMI,495,False,0.49735282614840626,0.690488061692555,ELIGIBLE
GROUP-aaaf63f44d993508259c,subject_id,107,45,False,0.5023256356221909,0.6954702363193674,ELIGIBLE
GROUP-aaaf63f44d993508259c,subject_id,27,45,False,0.48424215304742757,0.6772847199670232,ELIGIBLE
GROUP-aaaf63f44d993508259c,subject_id,39,45,False,0.507552842849302,0.7007276700886698,ELIGIBLE
GROUP-aaaf63f44d993508259c,subject_id,40,45,False,0.5002905068871669,0.6934432049275219,ELIGIBLE
GROUP-aaaf63f44d993508259c,subject_id,47,45,False,0.5014696010596755,0.6946238610323429,ELIGIBLE
GROUP-aaaf63f44d993508259c,subject_id,48,45,False,0.48627914223381585,0.6794473840477028,ELIGIBLE
GROUP-aaaf63f44d993508259c,subject_id,57,45,False,0.5142935636811227,0.7074739444131689,ELIGIBLE
GROUP-aaaf63f44d993508259c,subject_id,6,45,False,0.5032992566900574,0.6964720510287592,ELIGIBLE
GROUP-aaaf63f44d993508259c,subject_id,71,45,False,0.48273536403708,0.6758335038479533,ELIGIBLE
GROUP-aaaf63f44d993508259c,subject_id,93,45,False,0.4881363822272537,0.6812212590460789,ELIGIBLE
GROUP-aaaf63f44d993508259c,subject_id,98,45,False,0.5002566392973758,0.6933708438995159,ELIGIBLE
GROUP-aaaf63f44d993508259c,session_id,0,495,False,0.49735282614840626,0.690488061692555,ELIGIBLE
GROUP-aaaf63f44d993508259c,model_id,SSL-CBRAMOD:CBraMod-HF-Braindecode-GovernedP02-R6Scale1e4:P02-A0-PhysioNetMI-SSL-CBRAMOD-FULL_TRAIN-MR01,495,False,0.49735282614840626,0.690488061692555,ELIGIBLE
GROUP-aaaf63f44d993508259c,branch_id,__MISSING__,495,False,0.49735282614840626,0.690488061692555,ELIGIBLE
GROUP-aaaf63f44d993508259c,budget_id,FULL_TRAIN,495,False,0.49735282614840626,0.690488061692555,ELIGIBLE
GROUP-aaaf63f44d993508259c,split_id,IHARQ-SPLITRECORD-20260806-e4e371d332c61e36,495,False,0.49735282614840626,0.690488061692555,ELIGIBLE
GROUP-aaaf63f44d993508259c,calibration_method_id,__MISSING__,495,False,0.49735282614840626,0.690488061692555,ELIGIBLE
GROUP-833a4c6b9dd379572079,dataset_id,PhysioNetMI,495,False,0.4823361318182913,0.6748315432657126,ELIGIBLE
GROUP-833a4c6b9dd379572079,subject_id,107,45,False,0.5021666298723205,0.6952690559062475,ELIGIBLE
GROUP-833a4c6b9dd379572079,subject_id,27,45,False,0.4677765288154162,0.6585106683261598,ELIGIBLE
GROUP-833a4c6b9dd379572079,subject_id,39,45,False,0.5374670082971759,0.7313489117805433,ELIGIBLE
GROUP-833a4c6b9dd379572079,subject_id,40,45,False,0.49146279594379577,0.6845260971348199,ELIGIBLE
GROUP-833a4c6b9dd379572079,subject_id,47,45,False,0.5080629705082436,0.7012171021145281,ELIGIBLE
GROUP-833a4c6b9dd379572079,subject_id,48,45,False,0.4062920988384783,0.5974389591497667,ELIGIBLE
GROUP-833a4c6b9dd379572079,subject_id,57,45,False,0.5085868629529429,0.7021215368978871,ELIGIBLE
GROUP-833a4c6b9dd379572079,subject_id,6,45,False,0.5077377758830277,0.7011083335567123,ELIGIBLE
GROUP-833a4c6b9dd379572079,subject_id,71,45,False,0.43620493350117084,0.6275732857558017,ELIGIBLE
GROUP-833a4c6b9dd379572079,subject_id,93,45,False,0.41338606561568153,0.603386720491143,ELIGIBLE
GROUP-833a4c6b9dd379572079,subject_id,98,45,False,0.5265537797729501,0.720646304809229,ELIGIBLE
GROUP-833a4c6b9dd379572079,session_id,0,495,False,0.4823361318182913,0.6748315432657126,ELIGIBLE
GROUP-833a4c6b9dd379572079,model_id,SSL-CBRAMOD:CBraMod-HF-Braindecode-GovernedP02-R6Scale1e4:P02-A0-PhysioNetMI-SSL-CBRAMOD-FULL_TRAIN-MR02,495,False,0.4823361318182913,0.6748315432657126,ELIGIBLE
GROUP-833a4c6b9dd379572079,branch_id,__MISSING__,495,False,0.4823361318182913,0.6748315432657126,ELIGIBLE
GROUP-833a4c6b9dd379572079,budget_id,FULL_TRAIN,495,False,0.4823361318182913,0.6748315432657126,ELIGIBLE
GROUP-833a4c6b9dd379572079,split_id,IHARQ-SPLITRECORD-20260806-e4e371d332c61e36,495,False,0.4823361318182913,0.6748315432657126,ELIGIBLE
GROUP-833a4c6b9dd379572079,calibration_method_id,__MISSING__,495,False,0.4823361318182913,0.6748315432657126,ELIGIBLE
GROUP-ea4bc86549b7ca37c573,dataset_id,PhysioNetMI,495,False,0.4988722909343377,0.6919967704273035,ELIGIBLE
GROUP-ea4bc86549b7ca37c573,subject_id,107,45,False,0.5150196397062083,0.7083108243837686,ELIGIBLE
GROUP-ea4bc86549b7ca37c573,subject_id,27,45,False,0.483580162391801,0.6763502227657471,ELIGIBLE
GROUP-ea4bc86549b7ca37c573,subject_id,39,45,False,0.5310267941054605,0.7245208507296874,ELIGIBLE
GROUP-ea4bc86549b7ca37c573,subject_id,40,45,False,0.5055355469632398,0.6987806859865323,ELIGIBLE
GROUP-ea4bc86549b7ca37c573,subject_id,47,45,False,0.5082173545768981,0.701268673430735,ELIGIBLE
GROUP-ea4bc86549b7ca37c573,subject_id,48,45,False,0.46728975835739395,0.6600708359496574,ELIGIBLE
GROUP-ea4bc86549b7ca37c573,subject_id,57,45,False,0.5336090648948469,0.72723688063251,ELIGIBLE
GROUP-ea4bc86549b7ca37c573,subject_id,6,45,False,0.5219883032041618,0.7157930636931523,ELIGIBLE
GROUP-ea4bc86549b7ca37c573,subject_id,71,45,False,0.453151198616455,0.6456871193385392,ELIGIBLE
GROUP-ea4bc86549b7ca37c573,subject_id,93,45,False,0.467926826168315,0.6606233366621609,ELIGIBLE
GROUP-ea4bc86549b7ca37c573,subject_id,98,45,False,0.500250551292934,0.6933219811278477,ELIGIBLE
GROUP-ea4bc86549b7ca37c573,session_id,0,495,False,0.4988722909343377,0.6919967704273035,ELIGIBLE
GROUP-ea4bc86549b7ca37c573,model_id,SSL-CBRAMOD:CBraMod-HF-Braindecode-GovernedP02-R6Scale1e4:P02-A0-PhysioNetMI-SSL-CBRAMOD-FULL_TRAIN-MR03,495,False,0.4988722909343377,0.6919967704273035,ELIGIBLE
GROUP-ea4bc86549b7ca37c573,branch_id,__MISSING__,495,False,0.4988722909343377,0.6919967704273035,ELIGIBLE
GROUP-ea4bc86549b7ca37c573,budget_id,FULL_TRAIN,495,False,0.4988722909343377,0.6919967704273035,ELIGIBLE
GROUP-ea4bc86549b7ca37c573,split_id,IHARQ-SPLITRECORD-20260806-e4e371d332c61e36,495,False,0.4988722909343377,0.6919967704273035,ELIGIBLE
GROUP-ea4bc86549b7ca37c573,calibration_method_id,__MISSING__,495,False,0.4988722909343377,0.6919967704273035,ELIGIBLE
GROUP-3f73b24008328a20e255,dataset_id,PhysioNetMI,495,False,0.4888699114999293,0.6816325898401021,ELIGIBLE
GROUP-3f73b24008328a20e255,subject_id,107,45,False,0.5211377980548288,0.7145917540346077,ELIGIBLE
GROUP-3f73b24008328a20e255,subject_id,27,45,False,0.469884306340566,0.6612845615616867,ELIGIBLE
GROUP-3f73b24008328a20e255,subject_id,39,45,False,0.5391686288327844,0.7338499745304005,ELIGIBLE
GROUP-3f73b24008328a20e255,subject_id,40,45,False,0.5083495590242261,0.7015646607218218,ELIGIBLE
GROUP-3f73b24008328a20e255,subject_id,47,45,False,0.5151452466697196,0.7084294495146279,ELIGIBLE
GROUP-3f73b24008328a20e255,subject_id,48,45,False,0.42666372834650274,0.6174819133696944,ELIGIBLE
GROUP-3f73b24008328a20e255,subject_id,57,45,False,0.5207745406813941,0.7139977023542021,ELIGIBLE
GROUP-3f73b24008328a20e255,subject_id,6,45,False,0.5136110733944463,0.707214927097959,ELIGIBLE
GROUP-3f73b24008328a20e255,subject_id,71,45,False,0.42319773100850155,0.6148701777239317,ELIGIBLE
GROUP-3f73b24008328a20e255,subject_id,93,45,False,0.42362697549803763,0.6144604720451324,ELIGIBLE
GROUP-3f73b24008328a20e255,subject_id,98,45,False,0.5160094386482158,0.7102128952870591,ELIGIBLE
GROUP-3f73b24008328a20e255,session_id,0,495,False,0.4888699114999293,0.6816325898401021,ELIGIBLE
GROUP-3f73b24008328a20e255,model_id,SSL-CBRAMOD:CBraMod-HF-Braindecode-GovernedP02-R6Scale1e4:P02-A0-PhysioNetMI-SSL-CBRAMOD-FULL_TRAIN-MR04,495,False,0.4888699114999293,0.6816325898401021,ELIGIBLE
GROUP-3f73b24008328a20e255,branch_id,__MISSING__,495,False,0.4888699114999293,0.6816325898401021,ELIGIBLE
GROUP-3f73b24008328a20e255,budget_id,FULL_TRAIN,495,False,0.4888699114999293,0.6816325898401021,ELIGIBLE
GROUP-3f73b24008328a20e255,split_id,IHARQ-SPLITRECORD-20260806-e4e371d332c61e36,495,False,0.4888699114999293,0.6816325898401021,ELIGIBLE
GROUP-3f73b24008328a20e255,calibration_method_id,__MISSING__,495,False,0.4888699114999293,0.6816325898401021,ELIGIBLE
GROUP-8672c9a9ba6c390de6c4,dataset_id,PhysioNetMI,495,False,0.5006418899987689,0.6937889893941526,ELIGIBLE
GROUP-8672c9a9ba6c390de6c4,subject_id,107,45,False,0.5072488578336773,0.7003993092110914,ELIGIBLE
GROUP-8672c9a9ba6c390de6c4,subject_id,27,45,False,0.4993351423408185,0.6924819983045749,ELIGIBLE
GROUP-8672c9a9ba6c390de6c4,subject_id,39,45,False,0.49945004605062315,0.6925960127603373,ELIGIBLE
GROUP-8672c9a9ba6c390de6c4,subject_id,40,45,False,0.503328797010465,0.696476726807689,ELIGIBLE
GROUP-8672c9a9ba6c390de6c4,subject_id,47,45,False,0.5001575665248411,0.6933049703275114,ELIGIBLE
GROUP-8672c9a9ba6c390de6c4,subject_id,48,45,False,0.497276295869255,0.6904212199580029,ELIGIBLE
GROUP-8672c9a9ba6c390de6c4,subject_id,57,45,False,0.49897693299926577,0.692122961801549,ELIGIBLE
GROUP-8672c9a9ba6c390de6c4,subject_id,6,45,False,0.5013364170542485,0.694483300155069,ELIGIBLE
GROUP-8672c9a9ba6c390de6c4,subject_id,71,45,False,0.49935064479198565,0.6924976713487625,ELIGIBLE
GROUP-8672c9a9ba6c390de6c4,subject_id,93,45,False,0.5015686190642568,0.6947152671632095,ELIGIBLE
GROUP-8672c9a9ba6c390de6c4,subject_id,98,45,False,0.49903147044702095,0.6921794454978804,ELIGIBLE
GROUP-8672c9a9ba6c390de6c4,session_id,0,495,False,0.5006418899987689,0.6937889893941526,ELIGIBLE
GROUP-8672c9a9ba6c390de6c4,model_id,SSL-CBRAMOD:CBraMod-HF-Braindecode-GovernedP02-R6Scale1e4:P02-A0-PhysioNetMI-SSL-CBRAMOD-P01-L1-LOW-CAL-OFFICIAL-R2:16_PER_CLASS-MR00,495,False,0.5006418899987689,0.6937889893941526,ELIGIBLE
GROUP-8672c9a9ba6c390de6c4,branch_id,__MISSING__,495,False,0.5006418899987689,0.6937889893941526,ELIGIBLE
GROUP-8672c9a9ba6c390de6c4,budget_id,P01-L1-LOW-CAL-OFFICIAL-R2:16_PER_CLASS,495,False,0.5006418899987689,0.6937889893941526,ELIGIBLE
GROUP-8672c9a9ba6c390de6c4,split_id,IHARQ-SPLITRECORD-20260806-e4e371d332c61e36,495,False,0.5006418899987689,0.6937889893941526,ELIGIBLE
GROUP-8672c9a9ba6c390de6c4,calibration_method_id,__MISSING__,495,False,0.5006418899987689,0.6937889893941526,ELIGIBLE
GROUP-814072a3138343fa1bf9,dataset_id,PhysioNetMI,495,False,0.5007596064280063,0.693907220253137,ELIGIBLE
GROUP-814072a3138343fa1bf9,subject_id,107,45,False,0.5070315043406429,0.7001854804058979,ELIGIBLE
GROUP-814072a3138343fa1bf9,subject_id,27,45,False,0.4995815500854025,0.6927364237570408,ELIGIBLE
GROUP-814072a3138343fa1bf9,subject_id,39,45,False,0.49800819064051943,0.6911543194510859,ELIGIBLE
GROUP-814072a3138343fa1bf9,subject_id,40,45,False,0.5041184659766583,0.6972670246560397,ELIGIBLE
GROUP-814072a3138343fa1bf9,subject_id,47,45,False,0.499803129470001,0.6929511051508602,ELIGIBLE
GROUP-814072a3138343fa1bf9,subject_id,48,45,False,0.4958987134752335,0.6890380064540687,ELIGIBLE
GROUP-814072a3138343fa1bf9,subject_id,57,45,False,0.5024740849025193,0.6956209022823732,ELIGIBLE
GROUP-814072a3138343fa1bf9,subject_id,6,45,False,0.5014208961497365,0.6945678696272239,ELIGIBLE
GROUP-814072a3138343fa1bf9,subject_id,71,45,False,0.49707592191505656,0.6902222229749287,ELIGIBLE
GROUP-814072a3138343fa1bf9,subject_id,93,45,False,0.5031722835803062,0.6963197913016734,ELIGIBLE
GROUP-814072a3138343fa1bf9,subject_id,98,45,False,0.4997709301719934,0.6929162767233139,ELIGIBLE
GROUP-814072a3138343fa1bf9,session_id,0,495,False,0.5007596064280063,0.693907220253137,ELIGIBLE
GROUP-814072a3138343fa1bf9,model_id,SSL-CBRAMOD:CBraMod-HF-Braindecode-GovernedP02-R6Scale1e4:P02-A0-PhysioNetMI-SSL-CBRAMOD-P01-L1-LOW-CAL-OFFICIAL-R2:16_PER_CLASS-MR01,495,False,0.5007596064280063,0.693907220253137,ELIGIBLE
GROUP-814072a3138343fa1bf9,branch_id,__MISSING__,495,False,0.5007596064280063,0.693907220253137,ELIGIBLE
GROUP-814072a3138343fa1bf9,budget_id,P01-L1-LOW-CAL-OFFICIAL-R2:16_PER_CLASS,495,False,0.5007596064280063,0.693907220253137,ELIGIBLE
GROUP-814072a3138343fa1bf9,split_id,IHARQ-SPLITRECORD-20260806-e4e371d332c61e36,495,False,0.5007596064280063,0.693907220253137,ELIGIBLE
GROUP-814072a3138343fa1bf9,calibration_method_id,__MISSING__,495,False,0.5007596064280063,0.693907220253137,ELIGIBLE
GROUP-9eb67bfba5a062155098,dataset_id,PhysioNetMI,495,False,0.5015951171919006,0.6947466642783537,ELIGIBLE
GROUP-9eb67bfba5a062155098,subject_id,107,45,False,0.508067221599626,0.7012545490404636,ELIGIBLE
GROUP-9eb67bfba5a062155098,subject_id,27,45,False,0.5066705109370648,0.699995395833717,ELIGIBLE
GROUP-9eb67bfba5a062155098,subject_id,39,45,False,0.5018976317584397,0.695056383954468,ELIGIBLE
GROUP-9eb67bfba5a062155098,subject_id,40,45,False,0.5039976672730672,0.6971468344714172,ELIGIBLE
GROUP-9eb67bfba5a062155098,subject_id,47,45,False,0.5002756670786026,0.6934228428699134,ELIGIBLE
GROUP-9eb67bfba5a062155098,subject_id,48,45,False,0.49260244313782053,0.6855749738306384,ELIGIBLE
GROUP-9eb67bfba5a062155098,subject_id,57,45,False,0.504303682403222,0.6974553982449406,ELIGIBLE
GROUP-9eb67bfba5a062155098,subject_id,6,45,False,0.5036453315119703,0.6967943598500068,ELIGIBLE
GROUP-9eb67bfba5a062155098,subject_id,71,45,False,0.4949761392327454,0.688117735185496,ELIGIBLE
GROUP-9eb67bfba5a062155098,subject_id,93,45,False,0.5028175957346109,0.6959591440880945,ELIGIBLE
GROUP-9eb67bfba5a062155098,subject_id,98,45,False,0.4982923984437378,0.6914356896927351,ELIGIBLE
GROUP-9eb67bfba5a062155098,session_id,0,495,False,0.5015951171919006,0.6947466642783537,ELIGIBLE
GROUP-9eb67bfba5a062155098,model_id,SSL-CBRAMOD:CBraMod-HF-Braindecode-GovernedP02-R6Scale1e4:P02-A0-PhysioNetMI-SSL-CBRAMOD-P01-L1-LOW-CAL-OFFICIAL-R2:16_PER_CLASS-MR02,495,False,0.5015951171919006,0.6947466642783537,ELIGIBLE
GROUP-9eb67bfba5a062155098,branch_id,__MISSING__,495,False,0.5015951171919006,0.6947466642783537,ELIGIBLE
GROUP-9eb67bfba5a062155098,budget_id,P01-L1-LOW-CAL-OFFICIAL-R2:16_PER_CLASS,495,False,0.5015951171919006,0.6947466642783537,ELIGIBLE
GROUP-9eb67bfba5a062155098,split_id,IHARQ-SPLITRECORD-20260806-e4e371d332c61e36,495,False,0.5015951171919006,0.6947466642783537,ELIGIBLE
GROUP-9eb67bfba5a062155098,calibration_method_id,__MISSING__,495,False,0.5015951171919006,0.6947466642783537,ELIGIBLE
GROUP-19c4b6a0bec35869effd,dataset_id,PhysioNetMI,495,False,0.5042846170536376,0.6974414038902285,ELIGIBLE
GROUP-19c4b6a0bec35869effd,subject_id,107,45,False,0.4974156265052879,0.6905569628506172,ELIGIBLE
GROUP-19c4b6a0bec35869effd,subject_id,27,45,False,0.5103937447987851,0.7035550444658281,ELIGIBLE
GROUP-19c4b6a0bec35869effd,subject_id,39,45,False,0.49614724451921005,0.6892874878090304,ELIGIBLE
GROUP-19c4b6a0bec35869effd,subject_id,40,45,False,0.5042274694296124,0.6973811624510406,ELIGIBLE
GROUP-19c4b6a0bec35869effd,subject_id,47,45,False,0.5042998799543339,0.697454950310252,ELIGIBLE
GROUP-19c4b6a0bec35869effd,subject_id,48,45,False,0.5246936046934506,0.7179199331909667,ELIGIBLE
GROUP-19c4b6a0bec35869effd,subject_id,57,45,False,0.49653313213744743,0.689678974537883,ELIGIBLE
GROUP-19c4b6a0bec35869effd,subject_id,6,45,False,0.499144074629025,0.6922942400571084,ELIGIBLE
GROUP-19c4b6a0bec35869effd,subject_id,71,45,False,0.5053813790239781,0.6985310398161455,ELIGIBLE
GROUP-19c4b6a0bec35869effd,subject_id,93,45,False,0.49975887927885504,0.6929102708861107,ELIGIBLE
GROUP-19c4b6a0bec35869effd,subject_id,98,45,False,0.5091357526200281,0.7022853764175295,ELIGIBLE
GROUP-19c4b6a0bec35869effd,session_id,0,495,False,0.5042846170536376,0.6974414038902285,ELIGIBLE
GROUP-19c4b6a0bec35869effd,model_id,SSL-CBRAMOD:CBraMod-HF-Braindecode-GovernedP02-R6Scale1e4:P02-A0-PhysioNetMI-SSL-CBRAMOD-P01-L1-LOW-CAL-OFFICIAL-R2:16_PER_CLASS-MR03,495,False,0.5042846170536376,0.6974414038902285,ELIGIBLE
GROUP-19c4b6a0bec35869effd,branch_id,__MISSING__,495,False,0.5042846170536376,0.6974414038902285,ELIGIBLE
GROUP-19c4b6a0bec35869effd,budget_id,P01-L1-LOW-CAL-OFFICIAL-R2:16_PER_CLASS,495,False,0.5042846170536376,0.6974414038902285,ELIGIBLE
GROUP-19c4b6a0bec35869effd,split_id,IHARQ-SPLITRECORD-20260806-e4e371d332c61e36,495,False,0.5042846170536376,0.6974414038902285,ELIGIBLE
GROUP-19c4b6a0bec35869effd,calibration_method_id,__MISSING__,495,False,0.5042846170536376,0.6974414038902285,ELIGIBLE
GROUP-59191e5a81773a8a39e0,dataset_id,PhysioNetMI,495,False,0.5033170380959161,0.6967547589795949,ELIGIBLE
GROUP-59191e5a81773a8a39e0,subject_id,107,45,False,0.5098626535911892,0.7031112519722815,ELIGIBLE
GROUP-59191e5a81773a8a39e0,subject_id,27,45,False,0.5199356829451468,0.7165387660298338,ELIGIBLE
GROUP-59191e5a81773a8a39e0,subject_id,39,45,False,0.5054527195103261,0.6986217423342017,ELIGIBLE
GROUP-59191e5a81773a8a39e0,subject_id,40,45,False,0.5070443929303107,0.7002209584604764,ELIGIBLE
GROUP-59191e5a81773a8a39e0,subject_id,47,45,False,0.4965889602413839,0.689733565237139,ELIGIBLE
GROUP-59191e5a81773a8a39e0,subject_id,48,45,False,0.48704713641750674,0.6797907282186862,ELIGIBLE
GROUP-59191e5a81773a8a39e0,subject_id,57,45,False,0.5078662667086246,0.7009961850804953,ELIGIBLE
GROUP-59191e5a81773a8a39e0,subject_id,6,45,False,0.5060528815128015,0.6992113101778793,ELIGIBLE
GROUP-59191e5a81773a8a39e0,subject_id,71,45,False,0.49484252186184685,0.6879822991341347,ELIGIBLE
GROUP-59191e5a81773a8a39e0,subject_id,93,45,False,0.5031862392493032,0.6963267360973477,ELIGIBLE
GROUP-59191e5a81773a8a39e0,subject_id,98,45,False,0.4986079640866374,0.6917688060330688,ELIGIBLE
GROUP-59191e5a81773a8a39e0,session_id,0,495,False,0.5033170380959161,0.6967547589795949,ELIGIBLE
GROUP-59191e5a81773a8a39e0,model_id,SSL-CBRAMOD:CBraMod-HF-Braindecode-GovernedP02-R6Scale1e4:P02-A0-PhysioNetMI-SSL-CBRAMOD-P01-L1-LOW-CAL-OFFICIAL-R2:16_PER_CLASS-MR04,495,False,0.5033170380959161,0.6967547589795949,ELIGIBLE
GROUP-59191e5a81773a8a39e0,branch_id,__MISSING__,495,False,0.5033170380959161,0.6967547589795949,ELIGIBLE
GROUP-59191e5a81773a8a39e0,budget_id,P01-L1-LOW-CAL-OFFICIAL-R2:16_PER_CLASS,495,False,0.5033170380959161,0.6967547589795949,ELIGIBLE
GROUP-59191e5a81773a8a39e0,split_id,IHARQ-SPLITRECORD-20260806-e4e371d332c61e36,495,False,0.5033170380959161,0.6967547589795949,ELIGIBLE
GROUP-59191e5a81773a8a39e0,calibration_method_id,__MISSING__,495,False,0.5033170380959161,0.6967547589795949,ELIGIBLE
GROUP-341e22d147c6bc185916,dataset_id,PhysioNetMI,495,False,0.49929453588853956,0.6924361157695004,ELIGIBLE
GROUP-341e22d147c6bc185916,subject_id,107,45,False,0.49837465310802753,0.6915208878474595,ELIGIBLE
GROUP-341e22d147c6bc185916,subject_id,27,45,False,0.5014391719760882,0.6945746522124995,ELIGIBLE
GROUP-341e22d147c6bc185916,subject_id,39,45,False,0.49749668830884725,0.6906311049863522,ELIGIBLE
GROUP-341e22d147c6bc185916,subject_id,40,45,False,0.4984989969776323,0.6916462074199801,ELIGIBLE
GROUP-341e22d147c6bc185916,subject_id,47,45,False,0.5017597157582293,0.6949113073190535,ELIGIBLE
GROUP-341e22d147c6bc185916,subject_id,48,45,False,0.4942024157637523,0.6873320303229404,ELIGIBLE
GROUP-341e22d147c6bc185916,subject_id,57,45,False,0.5016440681229295,0.6947942593410764,ELIGIBLE
GROUP-341e22d147c6bc185916,subject_id,6,45,False,0.5060404851173541,0.6991947192338032,ELIGIBLE
GROUP-341e22d147c6bc185916,subject_id,71,45,False,0.49666931136061176,0.6898125909605977,ELIGIBLE
GROUP-341e22d147c6bc185916,subject_id,93,45,False,0.4963976123171446,0.689539897508467,ELIGIBLE
GROUP-341e22d147c6bc185916,subject_id,98,45,False,0.4997167759633181,0.6928396163122735,ELIGIBLE
GROUP-341e22d147c6bc185916,session_id,0,495,False,0.49929453588853956,0.6924361157695004,ELIGIBLE
GROUP-341e22d147c6bc185916,model_id,SSL-CBRAMOD:CBraMod-HF-Braindecode-GovernedP02-R6Scale1e4:P02-A0-PhysioNetMI-SSL-CBRAMOD-P01-L1-LOW-CAL-OFFICIAL-R2:1_PER_CLASS-MR00,495,False,0.49929453588853956,0.6924361157695004,ELIGIBLE
GROUP-341e22d147c6bc185916,branch_id,__MISSING__,495,False,0.49929453588853956,0.6924361157695004,ELIGIBLE
GROUP-341e22d147c6bc185916,budget_id,P01-L1-LOW-CAL-OFFICIAL-R2:1_PER_CLASS,495,False,0.49929453588853956,0.6924361157695004,ELIGIBLE
GROUP-341e22d147c6bc185916,split_id,IHARQ-SPLITRECORD-20260806-e4e371d332c61e36,495,False,0.49929453588853956,0.6924361157695004,ELIGIBLE
GROUP-341e22d147c6bc185916,calibration_method_id,__MISSING__,495,False,0.49929453588853956,0.6924361157695004,ELIGIBLE
GROUP-6545825477a3fe5abd27,dataset_id,PhysioNetMI,495,False,0.4993479250662185,0.692494857562042,ELIGIBLE
GROUP-6545825477a3fe5abd27,subject_id,107,45,False,0.49946234145972734,0.6926104865661663,ELIGIBLE
GROUP-6545825477a3fe5abd27,subject_id,27,45,False,0.5004176428763895,0.69356480563944,ELIGIBLE
GROUP-6545825477a3fe5abd27,subject_id,39,45,False,0.5009730704083831,0.6941207547387491,ELIGIBLE
GROUP-6545825477a3fe5abd27,subject_id,40,45,False,0.49958512281769524,0.6927309983999771,ELIGIBLE
GROUP-6545825477a3fe5abd27,subject_id,47,45,False,0.49714408549050704,0.6902909124214063,ELIGIBLE
GROUP-6545825477a3fe5abd27,subject_id,48,45,False,0.4986673329261403,0.6918149476911504,ELIGIBLE
GROUP-6545825477a3fe5abd27,subject_id,57,45,False,0.5035191387570634,0.696667556740282,ELIGIBLE
GROUP-6545825477a3fe5abd27,subject_id,6,45,False,0.5042553883775817,0.6974038550768684,ELIGIBLE
GROUP-6545825477a3fe5abd27,subject_id,71,45,False,0.49196391835482495,0.6851077983835643,ELIGIBLE
GROUP-6545825477a3fe5abd27,subject_id,93,45,False,0.4962339166076292,0.6893811949088016,ELIGIBLE
GROUP-6545825477a3fe5abd27,subject_id,98,45,False,0.5006052176524618,0.6937501226160561,ELIGIBLE
GROUP-6545825477a3fe5abd27,session_id,0,495,False,0.4993479250662185,0.692494857562042,ELIGIBLE
GROUP-6545825477a3fe5abd27,model_id,SSL-CBRAMOD:CBraMod-HF-Braindecode-GovernedP02-R6Scale1e4:P02-A0-PhysioNetMI-SSL-CBRAMOD-P01-L1-LOW-CAL-OFFICIAL-R2:1_PER_CLASS-MR01,495,False,0.4993479250662185,0.692494857562042,ELIGIBLE
GROUP-6545825477a3fe5abd27,branch_id,__MISSING__,495,False,0.4993479250662185,0.692494857562042,ELIGIBLE
GROUP-6545825477a3fe5abd27,budget_id,P01-L1-LOW-CAL-OFFICIAL-R2:1_PER_CLASS,495,False,0.4993479250662185,0.692494857562042,ELIGIBLE
GROUP-6545825477a3fe5abd27,split_id,IHARQ-SPLITRECORD-20260806-e4e371d332c61e36,495,False,0.4993479250662185,0.692494857562042,ELIGIBLE
GROUP-6545825477a3fe5abd27,calibration_method_id,__MISSING__,495,False,0.4993479250662185,0.692494857562042,ELIGIBLE
GROUP-537d2d137d01e73c8088,dataset_id,PhysioNetMI,495,False,0.5001239435527942,0.6932722604515152,ELIGIBLE
GROUP-537d2d137d01e73c8088,subject_id,107,45,False,0.49846860257419184,0.6916171289028318,ELIGIBLE
GROUP-537d2d137d01e73c8088,subject_id,27,45,False,0.5010302596822572,0.6941797290751773,ELIGIBLE
GROUP-537d2d137d01e73c8088,subject_id,39,45,False,0.4972547348692166,0.6903926345130817,ELIGIBLE
GROUP-537d2d137d01e73c8088,subject_id,40,45,False,0.49833771726913406,0.6914875906218254,ELIGIBLE
GROUP-537d2d137d01e73c8088,subject_id,47,45,False,0.502707317558791,0.6958551979120567,ELIGIBLE
GROUP-537d2d137d01e73c8088,subject_id,48,45,False,0.49971811585003,0.6928710265462887,ELIGIBLE
GROUP-537d2d137d01e73c8088,subject_id,57,45,False,0.5075615664564227,0.7007192163154402,ELIGIBLE
GROUP-537d2d137d01e73c8088,subject_id,6,45,False,0.4999877438026274,0.6931351500203143,ELIGIBLE
GROUP-537d2d137d01e73c8088,subject_id,71,45,False,0.49740292768647165,0.6905511229150549,ELIGIBLE
GROUP-537d2d137d01e73c8088,subject_id,93,45,False,0.5025955804409464,0.6957459668214128,ELIGIBLE
GROUP-537d2d137d01e73c8088,subject_id,98,45,False,0.49629881289064853,0.6894401013231837,ELIGIBLE
GROUP-537d2d137d01e73c8088,session_id,0,495,False,0.5001239435527942,0.6932722604515152,ELIGIBLE
GROUP-537d2d137d01e73c8088,model_id,SSL-CBRAMOD:CBraMod-HF-Braindecode-GovernedP02-R6Scale1e4:P02-A0-PhysioNetMI-SSL-CBRAMOD-P01-L1-LOW-CAL-OFFICIAL-R2:1_PER_CLASS-MR02,495,False,0.5001239435527942,0.6932722604515152,ELIGIBLE
GROUP-537d2d137d01e73c8088,branch_id,__MISSING__,495,False,0.5001239435527942,0.6932722604515152,ELIGIBLE
GROUP-537d2d137d01e73c8088,budget_id,P01-L1-LOW-CAL-OFFICIAL-R2:1_PER_CLASS,495,False,0.5001239435527942,0.6932722604515152,ELIGIBLE
GROUP-537d2d137d01e73c8088,split_id,IHARQ-SPLITRECORD-20260806-e4e371d332c61e36,495,False,0.5001239435527942,0.6932722604515152,ELIGIBLE
GROUP-537d2d137d01e73c8088,calibration_method_id,__MISSING__,495,False,0.5001239435527942,0.6932722604515152,ELIGIBLE
GROUP-81caa87bbdc4d761377e,dataset_id,PhysioNetMI,495,False,0.49959625174291616,0.6927433653936143,ELIGIBLE
GROUP-81caa87bbdc4d761377e,subject_id,107,45,False,0.499015625946587,0.692162702553682,ELIGIBLE
GROUP-81caa87bbdc4d761377e,subject_id,27,45,False,0.5013620518957957,0.6945092065927783,ELIGIBLE
GROUP-81caa87bbdc4d761377e,subject_id,39,45,False,0.49779379637912036,0.6909406069479234,ELIGIBLE
GROUP-81caa87bbdc4d761377e,subject_id,40,45,False,0.4992947107125751,0.6924418133182325,ELIGIBLE
GROUP-81caa87bbdc4d761377e,subject_id,47,45,False,0.49919849731855015,0.6923455347963253,ELIGIBLE
GROUP-81caa87bbdc4d761377e,subject_id,48,45,False,0.49874364743712263,0.6918909286115404,ELIGIBLE
GROUP-81caa87bbdc4d761377e,subject_id,57,45,False,0.5000200236576717,0.6931672956794752,ELIGIBLE
GROUP-81caa87bbdc4d761377e,subject_id,6,45,False,0.5017859588494598,0.6949331642938872,ELIGIBLE
GROUP-81caa87bbdc4d761377e,subject_id,71,45,False,0.49795603792591164,0.6911029548417341,ELIGIBLE
GROUP-81caa87bbdc4d761377e,subject_id,93,45,False,0.49990280867869036,0.6930499371560883,ELIGIBLE
GROUP-81caa87bbdc4d761377e,subject_id,98,45,False,0.5004856103705928,0.6936328745380905,ELIGIBLE
GROUP-81caa87bbdc4d761377e,session_id,0,495,False,0.49959625174291616,0.6927433653936143,ELIGIBLE
GROUP-81caa87bbdc4d761377e,model_id,SSL-CBRAMOD:CBraMod-HF-Braindecode-GovernedP02-R6Scale1e4:P02-A0-PhysioNetMI-SSL-CBRAMOD-P01-L1-LOW-CAL-OFFICIAL-R2:1_PER_CLASS-MR03,495,False,0.49959625174291616,0.6927433653936143,ELIGIBLE
GROUP-81caa87bbdc4d761377e,branch_id,__MISSING__,495,False,0.49959625174291616,0.6927433653936143,ELIGIBLE
GROUP-81caa87bbdc4d761377e,budget_id,P01-L1-LOW-CAL-OFFICIAL-R2:1_PER_CLASS,495,False,0.49959625174291616,0.6927433653936143,ELIGIBLE
GROUP-81caa87bbdc4d761377e,split_id,IHARQ-SPLITRECORD-20260806-e4e371d332c61e36,495,False,0.49959625174291616,0.6927433653936143,ELIGIBLE
GROUP-81caa87bbdc4d761377e,calibration_method_id,__MISSING__,495,False,0.49959625174291616,0.6927433653936143,ELIGIBLE
GROUP-0c78d2b9441c56b52b65,dataset_id,PhysioNetMI,495,False,0.4995243004924748,0.6926710999488269,ELIGIBLE
GROUP-0c78d2b9441c56b52b65,subject_id,107,45,False,0.49963650244408586,0.6927836956827993,ELIGIBLE
GROUP-0c78d2b9441c56b52b65,subject_id,27,45,False,0.498169425282512,0.6913162240097628,ELIGIBLE
GROUP-0c78d2b9441c56b52b65,subject_id,39,45,False,0.5018718691812538,0.6950205816222929,ELIGIBLE
GROUP-0c78d2b9441c56b52b65,subject_id,40,45,False,0.5025666329929558,0.695714438835549,ELIGIBLE
GROUP-0c78d2b9441c56b52b65,subject_id,47,45,False,0.49938298921962754,0.6925310768243116,ELIGIBLE
GROUP-0c78d2b9441c56b52b65,subject_id,48,45,False,0.4956612791046696,0.6888032252380262,ELIGIBLE
GROUP-0c78d2b9441c56b52b65,subject_id,57,45,False,0.49946563963407387,0.6926132629404602,ELIGIBLE
GROUP-0c78d2b9441c56b52b65,subject_id,6,45,False,0.5015419642083939,0.6946901345986515,ELIGIBLE
GROUP-0c78d2b9441c56b52b65,subject_id,71,45,False,0.49896984286778,0.6921160187300313,ELIGIBLE
GROUP-0c78d2b9441c56b52b65,subject_id,93,45,False,0.4984852700073253,0.6916305941553754,ELIGIBLE
GROUP-0c78d2b9441c56b52b65,subject_id,98,45,False,0.49901589047454487,0.6921628467998344,ELIGIBLE
GROUP-0c78d2b9441c56b52b65,session_id,0,495,False,0.4995243004924748,0.6926710999488269,ELIGIBLE
GROUP-0c78d2b9441c56b52b65,model_id,SSL-CBRAMOD:CBraMod-HF-Braindecode-GovernedP02-R6Scale1e4:P02-A0-PhysioNetMI-SSL-CBRAMOD-P01-L1-LOW-CAL-OFFICIAL-R2:1_PER_CLASS-MR04,495,False,0.4995243004924748,0.6926710999488269,ELIGIBLE
GROUP-0c78d2b9441c56b52b65,branch_id,__MISSING__,495,False,0.4995243004924748,0.6926710999488269,ELIGIBLE
GROUP-0c78d2b9441c56b52b65,budget_id,P01-L1-LOW-CAL-OFFICIAL-R2:1_PER_CLASS,495,False,0.4995243004924748,0.6926710999488269,ELIGIBLE
GROUP-0c78d2b9441c56b52b65,split_id,IHARQ-SPLITRECORD-20260806-e4e371d332c61e36,495,False,0.4995243004924748,0.6926710999488269,ELIGIBLE
GROUP-0c78d2b9441c56b52b65,calibration_method_id,__MISSING__,495,False,0.4995243004924748,0.6926710999488269,ELIGIBLE
GROUP-fbeaee6a4cf69558891e,dataset_id,PhysioNetMI,495,False,0.500425925739923,0.6936104983204854,ELIGIBLE
GROUP-fbeaee6a4cf69558891e,subject_id,107,45,False,0.5059603294029732,0.6993458280237166,ELIGIBLE
GROUP-fbeaee6a4cf69558891e,subject_id,27,45,False,0.5008216130808486,0.6939804492454398,ELIGIBLE
GROUP-fbeaee6a4cf69558891e,subject_id,39,45,False,0.49602496809035956,0.689163102326133,ELIGIBLE
GROUP-fbeaee6a4cf69558891e,subject_id,40,45,False,0.5005083839097186,0.693653917760027,ELIGIBLE
GROUP-fbeaee6a4cf69558891e,subject_id,47,45,False,0.5001561541550175,0.6933063575786232,ELIGIBLE
GROUP-fbeaee6a4cf69558891e,subject_id,48,45,False,0.49294890337622116,0.6862908932591671,ELIGIBLE
GROUP-fbeaee6a4cf69558891e,subject_id,57,45,False,0.5017900307575979,0.6949420673301049,ELIGIBLE
GROUP-fbeaee6a4cf69558891e,subject_id,6,45,False,0.5034664602797827,0.6966167287162808,ELIGIBLE
GROUP-fbeaee6a4cf69558891e,subject_id,71,45,False,0.5052432678730375,0.69839323281588,ELIGIBLE
GROUP-fbeaee6a4cf69558891e,subject_id,93,45,False,0.5052634626396361,0.698411513225386,ELIGIBLE
GROUP-fbeaee6a4cf69558891e,subject_id,98,45,False,0.4925016095739603,0.6856113912445815,ELIGIBLE
GROUP-fbeaee6a4cf69558891e,session_id,0,495,False,0.500425925739923,0.6936104983204854,ELIGIBLE
GROUP-fbeaee6a4cf69558891e,model_id,SSL-CBRAMOD:CBraMod-HF-Braindecode-GovernedP02-R6Scale1e4:P02-A0-PhysioNetMI-SSL-CBRAMOD-P01-L1-LOW-CAL-OFFICIAL-R2:2_PER_CLASS-MR00,495,False,0.500425925739923,0.6936104983204854,ELIGIBLE
GROUP-fbeaee6a4cf69558891e,branch_id,__MISSING__,495,False,0.500425925739923,0.6936104983204854,ELIGIBLE
GROUP-fbeaee6a4cf69558891e,budget_id,P01-L1-LOW-CAL-OFFICIAL-R2:2_PER_CLASS,495,False,0.500425925739923,0.6936104983204854,ELIGIBLE
GROUP-fbeaee6a4cf69558891e,split_id,IHARQ-SPLITRECORD-20260806-e4e371d332c61e36,495,False,0.500425925739923,0.6936104983204854,ELIGIBLE
GROUP-fbeaee6a4cf69558891e,calibration_method_id,__MISSING__,495,False,0.500425925739923,0.6936104983204854,ELIGIBLE
GROUP-192673ea72b17b1fa6f1,dataset_id,PhysioNetMI,495,False,0.5002938405608492,0.6934407701343585,ELIGIBLE
GROUP-192673ea72b17b1fa6f1,subject_id,107,45,False,0.5013047149250216,0.6944516885332439,ELIGIBLE
GROUP-192673ea72b17b1fa6f1,subject_id,27,45,False,0.5003939582669445,0.6935401404103669,ELIGIBLE
GROUP-192673ea72b17b1fa6f1,subject_id,39,45,False,0.5027903452017821,0.6959379906494572,ELIGIBLE
GROUP-192673ea72b17b1fa6f1,subject_id,40,45,False,0.5009956144101324,0.6941428384171101,ELIGIBLE
GROUP-192673ea72b17b1fa6f1,subject_id,47,45,False,0.4964761467522218,0.689623223086397,ELIGIBLE
GROUP-192673ea72b17b1fa6f1,subject_id,48,45,False,0.498504048823088,0.6916512857565233,ELIGIBLE
GROUP-192673ea72b17b1fa6f1,subject_id,57,45,False,0.4985412703528917,0.6916888298999597,ELIGIBLE
GROUP-192673ea72b17b1fa6f1,subject_id,6,45,False,0.5054697839102288,0.6986183287042168,ELIGIBLE
GROUP-192673ea72b17b1fa6f1,subject_id,71,45,False,0.4946166453765513,0.6877616315040717,ELIGIBLE
GROUP-192673ea72b17b1fa6f1,subject_id,93,45,False,0.5024303198892907,0.695577650302265,ELIGIBLE
GROUP-192673ea72b17b1fa6f1,subject_id,98,45,False,0.5017093982611889,0.6948548642143324,ELIGIBLE
GROUP-192673ea72b17b1fa6f1,session_id,0,495,False,0.5002938405608492,0.6934407701343585,ELIGIBLE
GROUP-192673ea72b17b1fa6f1,model_id,SSL-CBRAMOD:CBraMod-HF-Braindecode-GovernedP02-R6Scale1e4:P02-A0-PhysioNetMI-SSL-CBRAMOD-P01-L1-LOW-CAL-OFFICIAL-R2:2_PER_CLASS-MR01,495,False,0.5002938405608492,0.6934407701343585,ELIGIBLE
GROUP-192673ea72b17b1fa6f1,branch_id,__MISSING__,495,False,0.5002938405608492,0.6934407701343585,ELIGIBLE
GROUP-192673ea72b17b1fa6f1,budget_id,P01-L1-LOW-CAL-OFFICIAL-R2:2_PER_CLASS,495,False,0.5002938405608492,0.6934407701343585,ELIGIBLE
GROUP-192673ea72b17b1fa6f1,split_id,IHARQ-SPLITRECORD-20260806-e4e371d332c61e36,495,False,0.5002938405608492,0.6934407701343585,ELIGIBLE
GROUP-192673ea72b17b1fa6f1,calibration_method_id,__MISSING__,495,False,0.5002938405608492,0.6934407701343585,ELIGIBLE
GROUP-73538a254900f1a7d3b0,dataset_id,PhysioNetMI,495,False,0.5002028012953692,0.6933365499802329,ELIGIBLE
GROUP-73538a254900f1a7d3b0,subject_id,107,45,False,0.5065118326855361,0.6996688061568606,ELIGIBLE
GROUP-73538a254900f1a7d3b0,subject_id,27,45,False,0.49534031421108904,0.6884787319274956,ELIGIBLE
GROUP-73538a254900f1a7d3b0,subject_id,39,45,False,0.5057173476488234,0.6989601353007335,ELIGIBLE
GROUP-73538a254900f1a7d3b0,subject_id,40,45,False,0.4981130224869424,0.6912530924839222,ELIGIBLE
GROUP-73538a254900f1a7d3b0,subject_id,47,45,False,0.5047139730386658,0.697891969641134,ELIGIBLE
GROUP-73538a254900f1a7d3b0,subject_id,48,45,False,0.494874512465336,0.6879674581174854,ELIGIBLE
GROUP-73538a254900f1a7d3b0,subject_id,57,45,False,0.5019999663244957,0.6951477366675285,ELIGIBLE
GROUP-73538a254900f1a7d3b0,subject_id,6,45,False,0.5011767878396405,0.6943237336398124,ELIGIBLE
GROUP-73538a254900f1a7d3b0,subject_id,71,45,False,0.5032625173195415,0.6964139962865423,ELIGIBLE
GROUP-73538a254900f1a7d3b0,subject_id,93,45,False,0.5077736527285136,0.7009286599855903,ELIGIBLE
GROUP-73538a254900f1a7d3b0,subject_id,98,45,False,0.4827468875004777,0.6756677295754568,ELIGIBLE
GROUP-73538a254900f1a7d3b0,session_id,0,495,False,0.5002028012953692,0.6933365499802329,ELIGIBLE
GROUP-73538a254900f1a7d3b0,model_id,SSL-CBRAMOD:CBraMod-HF-Braindecode-GovernedP02-R6Scale1e4:P02-A0-PhysioNetMI-SSL-CBRAMOD-P01-L1-LOW-CAL-OFFICIAL-R2:2_PER_CLASS-MR02,495,False,0.5002028012953692,0.6933365499802329,ELIGIBLE
GROUP-73538a254900f1a7d3b0,branch_id,__MISSING__,495,False,0.5002028012953692,0.6933365499802329,ELIGIBLE
GROUP-73538a254900f1a7d3b0,budget_id,P01-L1-LOW-CAL-OFFICIAL-R2:2_PER_CLASS,495,False,0.5002028012953692,0.6933365499802329,ELIGIBLE
GROUP-73538a254900f1a7d3b0,split_id,IHARQ-SPLITRECORD-20260806-e4e371d332c61e36,495,False,0.5002028012953692,0.6933365499802329,ELIGIBLE
GROUP-73538a254900f1a7d3b0,calibration_method_id,__MISSING__,495,False,0.5002028012953692,0.6933365499802329,ELIGIBLE
GROUP-16eecb47b50d666af7b7,dataset_id,PhysioNetMI,495,False,0.5017936550017906,0.6949679357672568,ELIGIBLE
GROUP-16eecb47b50d666af7b7,subject_id,107,45,False,0.5113216254757506,0.7046636860681016,ELIGIBLE
GROUP-16eecb47b50d666af7b7,subject_id,27,45,False,0.5125786996214509,0.7058884840607511,ELIGIBLE
GROUP-16eecb47b50d666af7b7,subject_id,39,45,False,0.4982946007179621,0.6914220443381728,ELIGIBLE
GROUP-16eecb47b50d666af7b7,subject_id,40,45,False,0.5004054565461992,0.6935931883610919,ELIGIBLE
GROUP-16eecb47b50d666af7b7,subject_id,47,45,False,0.5046815237240767,0.6978379576819956,ELIGIBLE
GROUP-16eecb47b50d666af7b7,subject_id,48,45,False,0.4965981276639193,0.6896545721756187,ELIGIBLE
GROUP-16eecb47b50d666af7b7,subject_id,57,45,False,0.500648745740921,0.6937959444039131,ELIGIBLE
GROUP-16eecb47b50d666af7b7,subject_id,6,45,False,0.5018418171546349,0.6949897308869328,ELIGIBLE
GROUP-16eecb47b50d666af7b7,subject_id,71,45,False,0.5061094659615437,0.6992768277716409,ELIGIBLE
GROUP-16eecb47b50d666af7b7,subject_id,93,45,False,0.49651793883676043,0.6896595852196364,ELIGIBLE
GROUP-16eecb47b50d666af7b7,subject_id,98,45,False,0.4907322035764777,0.6838652724719696,ELIGIBLE
GROUP-16eecb47b50d666af7b7,session_id,0,495,False,0.5017936550017906,0.6949679357672568,ELIGIBLE
GROUP-16eecb47b50d666af7b7,model_id,SSL-CBRAMOD:CBraMod-HF-Braindecode-GovernedP02-R6Scale1e4:P02-A0-PhysioNetMI-SSL-CBRAMOD-P01-L1-LOW-CAL-OFFICIAL-R2:2_PER_CLASS-MR03,495,False,0.5017936550017906,0.6949679357672568,ELIGIBLE
GROUP-16eecb47b50d666af7b7,branch_id,__MISSING__,495,False,0.5017936550017906,0.6949679357672568,ELIGIBLE
GROUP-16eecb47b50d666af7b7,budget_id,P01-L1-LOW-CAL-OFFICIAL-R2:2_PER_CLASS,495,False,0.5017936550017906,0.6949679357672568,ELIGIBLE
GROUP-16eecb47b50d666af7b7,split_id,IHARQ-SPLITRECORD-20260806-e4e371d332c61e36,495,False,0.5017936550017906,0.6949679357672568,ELIGIBLE
GROUP-16eecb47b50d666af7b7,calibration_method_id,__MISSING__,495,False,0.5017936550017906,0.6949679357672568,ELIGIBLE
GROUP-5b867fdf7dc2da8665d6,dataset_id,PhysioNetMI,495,False,0.5000214544590278,0.693166606046262,ELIGIBLE
GROUP-5b867fdf7dc2da8665d6,subject_id,107,45,False,0.5066566820695472,0.6998127505345636,ELIGIBLE
GROUP-5b867fdf7dc2da8665d6,subject_id,27,45,False,0.4988435972578274,0.691990295993864,ELIGIBLE
GROUP-5b867fdf7dc2da8665d6,subject_id,39,45,False,0.5000875465732039,0.6932346913852866,ELIGIBLE
GROUP-5b867fdf7dc2da8665d6,subject_id,40,45,False,0.5000960119891189,0.6932430684680648,ELIGIBLE
GROUP-5b867fdf7dc2da8665d6,subject_id,47,45,False,0.49977943547242576,0.6929271873122359,ELIGIBLE
GROUP-5b867fdf7dc2da8665d6,subject_id,48,45,False,0.49518111429235706,0.6882931997198231,ELIGIBLE
GROUP-5b867fdf7dc2da8665d6,subject_id,57,45,False,0.4995317192863063,0.6926789491502048,ELIGIBLE
GROUP-5b867fdf7dc2da8665d6,subject_id,6,45,False,0.49965096582223784,0.6927981257872508,ELIGIBLE
GROUP-5b867fdf7dc2da8665d6,subject_id,71,45,False,0.5004466539881944,0.6935938400150216,ELIGIBLE
GROUP-5b867fdf7dc2da8665d6,subject_id,93,45,False,0.5003955636835087,0.6935427594182918,ELIGIBLE
GROUP-5b867fdf7dc2da8665d6,subject_id,98,45,False,0.49956670861457947,0.6927177987242759,ELIGIBLE
GROUP-5b867fdf7dc2da8665d6,session_id,0,495,False,0.5000214544590278,0.693166606046262,ELIGIBLE
GROUP-5b867fdf7dc2da8665d6,model_id,SSL-CBRAMOD:CBraMod-HF-Braindecode-GovernedP02-R6Scale1e4:P02-A0-PhysioNetMI-SSL-CBRAMOD-P01-L1-LOW-CAL-OFFICIAL-R2:2_PER_CLASS-MR04,495,False,0.5000214544590278,0.693166606046262,ELIGIBLE
GROUP-5b867fdf7dc2da8665d6,branch_id,__MISSING__,495,False,0.5000214544590278,0.693166606046262,ELIGIBLE
GROUP-5b867fdf7dc2da8665d6,budget_id,P01-L1-LOW-CAL-OFFICIAL-R2:2_PER_CLASS,495,False,0.5000214544590278,0.693166606046262,ELIGIBLE
GROUP-5b867fdf7dc2da8665d6,split_id,IHARQ-SPLITRECORD-20260806-e4e371d332c61e36,495,False,0.5000214544590278,0.693166606046262,ELIGIBLE
GROUP-5b867fdf7dc2da8665d6,calibration_method_id,__MISSING__,495,False,0.5000214544590278,0.693166606046262,ELIGIBLE
GROUP-21311d209f209bf623a9,dataset_id,PhysioNetMI,495,False,0.5005453231146715,0.6936936473772416,ELIGIBLE
GROUP-21311d209f209bf623a9,subject_id,107,45,False,0.5037454523810763,0.6968925526443904,ELIGIBLE
GROUP-21311d209f209bf623a9,subject_id,27,45,False,0.5010310038284405,0.6941785639154566,ELIGIBLE
GROUP-21311d209f209bf623a9,subject_id,39,45,False,0.4991018864395436,0.6922493928905765,ELIGIBLE
GROUP-21311d209f209bf623a9,subject_id,40,45,False,0.4986049186731208,0.691752011468274,ELIGIBLE
GROUP-21311d209f209bf623a9,subject_id,47,45,False,0.5002443158679752,0.6933914730662689,ELIGIBLE
GROUP-21311d209f209bf623a9,subject_id,48,45,False,0.4957444302083301,0.6888902998773594,ELIGIBLE
GROUP-21311d209f209bf623a9,subject_id,57,45,False,0.4995614341407544,0.6927079574914886,ELIGIBLE
GROUP-21311d209f209bf623a9,subject_id,6,45,False,0.5035505246764943,0.6966980839166776,ELIGIBLE
GROUP-21311d209f209bf623a9,subject_id,71,45,False,0.49869449653112957,0.6918425263492916,ELIGIBLE
GROUP-21311d209f209bf623a9,subject_id,93,45,False,0.5012908834108009,0.6944384471548299,ELIGIBLE
GROUP-21311d209f209bf623a9,subject_id,98,45,False,0.5044292081037202,0.6975888123750437,ELIGIBLE
GROUP-21311d209f209bf623a9,session_id,0,495,False,0.5005453231146715,0.6936936473772416,ELIGIBLE
GROUP-21311d209f209bf623a9,model_id,SSL-CBRAMOD:CBraMod-HF-Braindecode-GovernedP02-R6Scale1e4:P02-A0-PhysioNetMI-SSL-CBRAMOD-P01-L1-LOW-CAL-OFFICIAL-R2:32_PER_CLASS-MR00,495,False,0.5005453231146715,0.6936936473772416,ELIGIBLE
GROUP-21311d209f209bf623a9,branch_id,__MISSING__,495,False,0.5005453231146715,0.6936936473772416,ELIGIBLE
GROUP-21311d209f209bf623a9,budget_id,P01-L1-LOW-CAL-OFFICIAL-R2:32_PER_CLASS,495,False,0.5005453231146715,0.6936936473772416,ELIGIBLE
GROUP-21311d209f209bf623a9,split_id,IHARQ-SPLITRECORD-20260806-e4e371d332c61e36,495,False,0.5005453231146715,0.6936936473772416,ELIGIBLE
GROUP-21311d209f209bf623a9,calibration_method_id,__MISSING__,495,False,0.5005453231146715,0.6936936473772416,ELIGIBLE
GROUP-c3cdae09f3506e70eada,dataset_id,PhysioNetMI,495,False,0.5004003540499407,0.6935512391935463,ELIGIBLE
GROUP-c3cdae09f3506e70eada,subject_id,107,45,False,0.5158808342460001,0.7090561899946306,ELIGIBLE
GROUP-c3cdae09f3506e70eada,subject_id,27,45,False,0.5003445096069161,0.6934978977638506,ELIGIBLE
GROUP-c3cdae09f3506e70eada,subject_id,39,45,False,0.49682332539123947,0.6899696278270923,ELIGIBLE
GROUP-c3cdae09f3506e70eada,subject_id,40,45,False,0.4974599035954339,0.6906066880354214,ELIGIBLE
GROUP-c3cdae09f3506e70eada,subject_id,47,45,False,0.5009283949721781,0.6940803103401222,ELIGIBLE
GROUP-c3cdae09f3506e70eada,subject_id,48,45,False,0.49011547108248643,0.6832429250317097,ELIGIBLE
GROUP-c3cdae09f3506e70eada,subject_id,57,45,False,0.49761525424655995,0.6907560966225659,ELIGIBLE
GROUP-c3cdae09f3506e70eada,subject_id,6,45,False,0.5064600856155328,0.6996098050508885,ELIGIBLE
GROUP-c3cdae09f3506e70eada,subject_id,71,45,False,0.4902802185909848,0.6834243347977131,ELIGIBLE
GROUP-c3cdae09f3506e70eada,subject_id,93,45,False,0.5015704509182063,0.6947192405508573,ELIGIBLE
GROUP-c3cdae09f3506e70eada,subject_id,98,45,False,0.5069254462838093,0.7001005151141584,ELIGIBLE
GROUP-c3cdae09f3506e70eada,session_id,0,495,False,0.5004003540499407,0.6935512391935463,ELIGIBLE
GROUP-c3cdae09f3506e70eada,model_id,SSL-CBRAMOD:CBraMod-HF-Braindecode-GovernedP02-R6Scale1e4:P02-A0-PhysioNetMI-SSL-CBRAMOD-P01-L1-LOW-CAL-OFFICIAL-R2:32_PER_CLASS-MR01,495,False,0.5004003540499407,0.6935512391935463,ELIGIBLE
GROUP-c3cdae09f3506e70eada,branch_id,__MISSING__,495,False,0.5004003540499407,0.6935512391935463,ELIGIBLE
GROUP-c3cdae09f3506e70eada,budget_id,P01-L1-LOW-CAL-OFFICIAL-R2:32_PER_CLASS,495,False,0.5004003540499407,0.6935512391935463,ELIGIBLE
GROUP-c3cdae09f3506e70eada,split_id,IHARQ-SPLITRECORD-20260806-e4e371d332c61e36,495,False,0.5004003540499407,0.6935512391935463,ELIGIBLE
GROUP-c3cdae09f3506e70eada,calibration_method_id,__MISSING__,495,False,0.5004003540499407,0.6935512391935463,ELIGIBLE
GROUP-44ff5f0d56804cf3aa00,dataset_id,PhysioNetMI,495,False,0.5017018423094637,0.6948506530913879,ELIGIBLE
GROUP-44ff5f0d56804cf3aa00,subject_id,107,45,False,0.5095092711800996,0.702663498801428,ELIGIBLE
GROUP-44ff5f0d56804cf3aa00,subject_id,27,45,False,0.5032221617505986,0.6963712782413056,ELIGIBLE
GROUP-44ff5f0d56804cf3aa00,subject_id,39,45,False,0.5009286910433716,0.6940777429195711,ELIGIBLE
GROUP-44ff5f0d56804cf3aa00,subject_id,40,45,False,0.5006194327723611,0.6937670375161625,ELIGIBLE
GROUP-44ff5f0d56804cf3aa00,subject_id,47,45,False,0.5008597748154721,0.6940074281222429,ELIGIBLE
GROUP-44ff5f0d56804cf3aa00,subject_id,48,45,False,0.4954884969331174,0.6886329397513868,ELIGIBLE
GROUP-44ff5f0d56804cf3aa00,subject_id,57,45,False,0.5019230220198746,0.695070630923907,ELIGIBLE
GROUP-44ff5f0d56804cf3aa00,subject_id,6,45,False,0.5031071980838658,0.6962553274356529,ELIGIBLE
GROUP-44ff5f0d56804cf3aa00,subject_id,71,45,False,0.49762521655827185,0.6907728561723657,ELIGIBLE
GROUP-44ff5f0d56804cf3aa00,subject_id,93,45,False,0.5009901743738688,0.6941391567290892,ELIGIBLE
GROUP-44ff5f0d56804cf3aa00,subject_id,98,45,False,0.5044468258731984,0.697599287392155,ELIGIBLE
GROUP-44ff5f0d56804cf3aa00,session_id,0,495,False,0.5017018423094637,0.6948506530913879,ELIGIBLE
GROUP-44ff5f0d56804cf3aa00,model_id,SSL-CBRAMOD:CBraMod-HF-Braindecode-GovernedP02-R6Scale1e4:P02-A0-PhysioNetMI-SSL-CBRAMOD-P01-L1-LOW-CAL-OFFICIAL-R2:32_PER_CLASS-MR02,495,False,0.5017018423094637,0.6948506530913879,ELIGIBLE
GROUP-44ff5f0d56804cf3aa00,branch_id,__MISSING__,495,False,0.5017018423094637,0.6948506530913879,ELIGIBLE
GROUP-44ff5f0d56804cf3aa00,budget_id,P01-L1-LOW-CAL-OFFICIAL-R2:32_PER_CLASS,495,False,0.5017018423094637,0.6948506530913879,ELIGIBLE
GROUP-44ff5f0d56804cf3aa00,split_id,IHARQ-SPLITRECORD-20260806-e4e371d332c61e36,495,False,0.5017018423094637,0.6948506530913879,ELIGIBLE
GROUP-44ff5f0d56804cf3aa00,calibration_method_id,__MISSING__,495,False,0.5017018423094637,0.6948506530913879,ELIGIBLE
GROUP-122b2481769c55e320e1,dataset_id,PhysioNetMI,495,False,0.5006206560075004,0.6937688351529131,ELIGIBLE
GROUP-122b2481769c55e320e1,subject_id,107,45,False,0.5046760416688242,0.6978244563497409,ELIGIBLE
GROUP-122b2481769c55e320e1,subject_id,27,45,False,0.502877129740133,0.696025398385761,ELIGIBLE
GROUP-122b2481769c55e320e1,subject_id,39,45,False,0.4995370260224664,0.6926853826819422,ELIGIBLE
GROUP-122b2481769c55e320e1,subject_id,40,45,False,0.49922868184215513,0.6923757477977516,ELIGIBLE
GROUP-122b2481769c55e320e1,subject_id,47,45,False,0.5000846441318523,0.693231829360822,ELIGIBLE
GROUP-122b2481769c55e320e1,subject_id,48,45,False,0.4964198898269986,0.6895658741943546,ELIGIBLE
GROUP-122b2481769c55e320e1,subject_id,57,45,False,0.5002829930689778,0.6934297913936442,ELIGIBLE
GROUP-122b2481769c55e320e1,subject_id,6,45,False,0.5026491488095756,0.6957966519506518,ELIGIBLE
GROUP-122b2481769c55e320e1,subject_id,71,45,False,0.49667755850445006,0.6898246908614885,ELIGIBLE
GROUP-122b2481769c55e320e1,subject_id,93,45,False,0.49992100035598336,0.693068135837382,ELIGIBLE
GROUP-122b2481769c55e320e1,subject_id,98,45,False,0.5044731021110873,0.6976292278685062,ELIGIBLE
GROUP-122b2481769c55e320e1,session_id,0,495,False,0.5006206560075004,0.6937688351529131,ELIGIBLE
GROUP-122b2481769c55e320e1,model_id,SSL-CBRAMOD:CBraMod-HF-Braindecode-GovernedP02-R6Scale1e4:P02-A0-PhysioNetMI-SSL-CBRAMOD-P01-L1-LOW-CAL-OFFICIAL-R2:32_PER_CLASS-MR03,495,False,0.5006206560075004,0.6937688351529131,ELIGIBLE
GROUP-122b2481769c55e320e1,branch_id,__MISSING__,495,False,0.5006206560075004,0.6937688351529131,ELIGIBLE
GROUP-122b2481769c55e320e1,budget_id,P01-L1-LOW-CAL-OFFICIAL-R2:32_PER_CLASS,495,False,0.5006206560075004,0.6937688351529131,ELIGIBLE
GROUP-122b2481769c55e320e1,split_id,IHARQ-SPLITRECORD-20260806-e4e371d332c61e36,495,False,0.5006206560075004,0.6937688351529131,ELIGIBLE
GROUP-122b2481769c55e320e1,calibration_method_id,__MISSING__,495,False,0.5006206560075004,0.6937688351529131,ELIGIBLE
GROUP-64454f99889cf4c4bfb2,dataset_id,PhysioNetMI,495,False,0.5007193143807374,0.6938680130369508,ELIGIBLE
GROUP-64454f99889cf4c4bfb2,subject_id,107,45,False,0.5110077053885265,0.7041653391923041,ELIGIBLE
GROUP-64454f99889cf4c4bfb2,subject_id,27,45,False,0.5016575280381819,0.6948067945508213,ELIGIBLE
GROUP-64454f99889cf4c4bfb2,subject_id,39,45,False,0.4981881981362152,0.6913350342023391,ELIGIBLE
GROUP-64454f99889cf4c4bfb2,subject_id,40,45,False,0.4997791923789538,0.6929268567232064,ELIGIBLE
GROUP-64454f99889cf4c4bfb2,subject_id,47,45,False,0.5006698496382622,0.6938180425654393,ELIGIBLE
GROUP-64454f99889cf4c4bfb2,subject_id,48,45,False,0.49467214905821866,0.6878139454798752,ELIGIBLE
GROUP-64454f99889cf4c4bfb2,subject_id,57,45,False,0.49855602338437727,0.6917017838846194,ELIGIBLE
GROUP-64454f99889cf4c4bfb2,subject_id,6,45,False,0.5042455018983862,0.6973939919338983,ELIGIBLE
GROUP-64454f99889cf4c4bfb2,subject_id,71,45,False,0.49435136803313023,0.6874973280993452,ELIGIBLE
GROUP-64454f99889cf4c4bfb2,subject_id,93,45,False,0.5005644139850622,0.6937130821788757,ELIGIBLE
GROUP-64454f99889cf4c4bfb2,subject_id,98,45,False,0.504220528248797,0.697375944595734,ELIGIBLE
GROUP-64454f99889cf4c4bfb2,session_id,0,495,False,0.5007193143807374,0.6938680130369508,ELIGIBLE
GROUP-64454f99889cf4c4bfb2,model_id,SSL-CBRAMOD:CBraMod-HF-Braindecode-GovernedP02-R6Scale1e4:P02-A0-PhysioNetMI-SSL-CBRAMOD-P01-L1-LOW-CAL-OFFICIAL-R2:32_PER_CLASS-MR04,495,False,0.5007193143807374,0.6938680130369508,ELIGIBLE
GROUP-64454f99889cf4c4bfb2,branch_id,__MISSING__,495,False,0.5007193143807374,0.6938680130369508,ELIGIBLE
GROUP-64454f99889cf4c4bfb2,budget_id,P01-L1-LOW-CAL-OFFICIAL-R2:32_PER_CLASS,495,False,0.5007193143807374,0.6938680130369508,ELIGIBLE
GROUP-64454f99889cf4c4bfb2,split_id,IHARQ-SPLITRECORD-20260806-e4e371d332c61e36,495,False,0.5007193143807374,0.6938680130369508,ELIGIBLE
GROUP-64454f99889cf4c4bfb2,calibration_method_id,__MISSING__,495,False,0.5007193143807374,0.6938680130369508,ELIGIBLE
GROUP-0bf5b8f0db35608af7d9,dataset_id,PhysioNetMI,495,False,0.5008258386262192,0.6939748421683192,ELIGIBLE
GROUP-0bf5b8f0db35608af7d9,subject_id,107,45,False,0.501973993359086,0.6951222799255315,ELIGIBLE
GROUP-0bf5b8f0db35608af7d9,subject_id,27,45,False,0.5038537415725766,0.6970223527907878,ELIGIBLE
GROUP-0bf5b8f0db35608af7d9,subject_id,39,45,False,0.4978340041725302,0.6909818066341171,ELIGIBLE
GROUP-0bf5b8f0db35608af7d9,subject_id,40,45,False,0.49910879958580545,0.6922555616205892,ELIGIBLE
GROUP-0bf5b8f0db35608af7d9,subject_id,47,45,False,0.4977633778128253,0.6909093755895733,ELIGIBLE
GROUP-0bf5b8f0db35608af7d9,subject_id,48,45,False,0.4991169019213356,0.692262111369157,ELIGIBLE
GROUP-0bf5b8f0db35608af7d9,subject_id,57,45,False,0.5019209243928979,0.6950660278446762,ELIGIBLE
GROUP-0bf5b8f0db35608af7d9,subject_id,6,45,False,0.5029503419691481,0.6960996148703651,ELIGIBLE
GROUP-0bf5b8f0db35608af7d9,subject_id,71,45,False,0.49602824177038973,0.6891733260673278,ELIGIBLE
GROUP-0bf5b8f0db35608af7d9,subject_id,93,45,False,0.504671302829491,0.6978211981976425,ELIGIBLE
GROUP-0bf5b8f0db35608af7d9,subject_id,98,45,False,0.5038625955023257,0.6970096089417435,ELIGIBLE
GROUP-0bf5b8f0db35608af7d9,session_id,0,495,False,0.5008258386262192,0.6939748421683192,ELIGIBLE
GROUP-0bf5b8f0db35608af7d9,model_id,SSL-CBRAMOD:CBraMod-HF-Braindecode-GovernedP02-R6Scale1e4:P02-A0-PhysioNetMI-SSL-CBRAMOD-P01-L1-LOW-CAL-OFFICIAL-R2:4_PER_CLASS-MR00,495,False,0.5008258386262192,0.6939748421683192,ELIGIBLE
GROUP-0bf5b8f0db35608af7d9,branch_id,__MISSING__,495,False,0.5008258386262192,0.6939748421683192,ELIGIBLE
GROUP-0bf5b8f0db35608af7d9,budget_id,P01-L1-LOW-CAL-OFFICIAL-R2:4_PER_CLASS,495,False,0.5008258386262192,0.6939748421683192,ELIGIBLE
GROUP-0bf5b8f0db35608af7d9,split_id,IHARQ-SPLITRECORD-20260806-e4e371d332c61e36,495,False,0.5008258386262192,0.6939748421683192,ELIGIBLE
GROUP-0bf5b8f0db35608af7d9,calibration_method_id,__MISSING__,495,False,0.5008258386262192,0.6939748421683192,ELIGIBLE
GROUP-502007f1e3b8cf20536c,dataset_id,PhysioNetMI,495,False,0.501384046279792,0.6945334283470154,ELIGIBLE
GROUP-502007f1e3b8cf20536c,subject_id,107,45,False,0.503548612585415,0.6967010325554068,ELIGIBLE
GROUP-502007f1e3b8cf20536c,subject_id,27,45,False,0.5046149332770834,0.69778197889518,ELIGIBLE
GROUP-502007f1e3b8cf20536c,subject_id,39,45,False,0.49950542443657375,0.6926498463562479,ELIGIBLE
GROUP-502007f1e3b8cf20536c,subject_id,40,45,False,0.5015088951651954,0.6946562174587049,ELIGIBLE
GROUP-502007f1e3b8cf20536c,subject_id,47,45,False,0.49615477531222607,0.6893001524546644,ELIGIBLE
GROUP-502007f1e3b8cf20536c,subject_id,48,45,False,0.4977394548995151,0.6908854371953101,ELIGIBLE
GROUP-502007f1e3b8cf20536c,subject_id,57,45,False,0.5013946750464472,0.6945402221786884,ELIGIBLE
GROUP-502007f1e3b8cf20536c,subject_id,6,45,False,0.5026120291765147,0.6957603617983469,ELIGIBLE
GROUP-502007f1e3b8cf20536c,subject_id,71,45,False,0.49712633199609146,0.690272297575719,ELIGIBLE
GROUP-502007f1e3b8cf20536c,subject_id,93,45,False,0.5048088538718367,0.6979584640207378,ELIGIBLE
GROUP-502007f1e3b8cf20536c,subject_id,98,45,False,0.5062105233108137,0.6993617013281634,ELIGIBLE
GROUP-502007f1e3b8cf20536c,session_id,0,495,False,0.501384046279792,0.6945334283470154,ELIGIBLE
GROUP-502007f1e3b8cf20536c,model_id,SSL-CBRAMOD:CBraMod-HF-Braindecode-GovernedP02-R6Scale1e4:P02-A0-PhysioNetMI-SSL-CBRAMOD-P01-L1-LOW-CAL-OFFICIAL-R2:4_PER_CLASS-MR01,495,False,0.501384046279792,0.6945334283470154,ELIGIBLE
GROUP-502007f1e3b8cf20536c,branch_id,__MISSING__,495,False,0.501384046279792,0.6945334283470154,ELIGIBLE
GROUP-502007f1e3b8cf20536c,budget_id,P01-L1-LOW-CAL-OFFICIAL-R2:4_PER_CLASS,495,False,0.501384046279792,0.6945334283470154,ELIGIBLE
GROUP-502007f1e3b8cf20536c,split_id,IHARQ-SPLITRECORD-20260806-e4e371d332c61e36,495,False,0.501384046279792,0.6945334283470154,ELIGIBLE
GROUP-502007f1e3b8cf20536c,calibration_method_id,__MISSING__,495,False,0.501384046279792,0.6945334283470154,ELIGIBLE
GROUP-c2c3310e74837b52ea78,dataset_id,PhysioNetMI,495,False,0.4996252313920623,0.6927731826474552,ELIGIBLE
GROUP-c2c3310e74837b52ea78,subject_id,107,45,False,0.48922512627950054,0.6823641880833234,ELIGIBLE
GROUP-c2c3310e74837b52ea78,subject_id,27,45,False,0.5011980087824677,0.6943524201142177,ELIGIBLE
GROUP-c2c3310e74837b52ea78,subject_id,39,45,False,0.4954092416932034,0.6885544202003132,ELIGIBLE
GROUP-c2c3310e74837b52ea78,subject_id,40,45,False,0.5004487693711931,0.693592634955225,ELIGIBLE
GROUP-c2c3310e74837b52ea78,subject_id,47,45,False,0.5023202685131652,0.6954681677338967,ELIGIBLE
GROUP-c2c3310e74837b52ea78,subject_id,48,45,False,0.5062992964255765,0.6994592042739622,ELIGIBLE
GROUP-c2c3310e74837b52ea78,subject_id,57,45,False,0.4987572114210569,0.6919014239999484,ELIGIBLE
GROUP-c2c3310e74837b52ea78,subject_id,6,45,False,0.49660915305861053,0.6897537022468926,ELIGIBLE
GROUP-c2c3310e74837b52ea78,subject_id,71,45,False,0.5002208533955882,0.6933659584374465,ELIGIBLE
GROUP-c2c3310e74837b52ea78,subject_id,93,45,False,0.5012314896451076,0.6943793589924907,ELIGIBLE
GROUP-c2c3310e74837b52ea78,subject_id,98,45,False,0.5041581267272153,0.6973135300842901,ELIGIBLE
GROUP-c2c3310e74837b52ea78,session_id,0,495,False,0.4996252313920623,0.6927731826474552,ELIGIBLE
GROUP-c2c3310e74837b52ea78,model_id,SSL-CBRAMOD:CBraMod-HF-Braindecode-GovernedP02-R6Scale1e4:P02-A0-PhysioNetMI-SSL-CBRAMOD-P01-L1-LOW-CAL-OFFICIAL-R2:4_PER_CLASS-MR02,495,False,0.4996252313920623,0.6927731826474552,ELIGIBLE
GROUP-c2c3310e74837b52ea78,branch_id,__MISSING__,495,False,0.4996252313920623,0.6927731826474552,ELIGIBLE
GROUP-c2c3310e74837b52ea78,budget_id,P01-L1-LOW-CAL-OFFICIAL-R2:4_PER_CLASS,495,False,0.4996252313920623,0.6927731826474552,ELIGIBLE
GROUP-c2c3310e74837b52ea78,split_id,IHARQ-SPLITRECORD-20260806-e4e371d332c61e36,495,False,0.4996252313920623,0.6927731826474552,ELIGIBLE
GROUP-c2c3310e74837b52ea78,calibration_method_id,__MISSING__,495,False,0.4996252313920623,0.6927731826474552,ELIGIBLE
GROUP-b8f94828aab391d36d22,dataset_id,PhysioNetMI,495,False,0.5019206747367514,0.6950730466772691,ELIGIBLE
GROUP-b8f94828aab391d36d22,subject_id,107,45,False,0.4957221378742277,0.6888710607623578,ELIGIBLE
GROUP-b8f94828aab391d36d22,subject_id,27,45,False,0.5023320418367443,0.6954814649639021,ELIGIBLE
GROUP-b8f94828aab391d36d22,subject_id,39,45,False,0.5021736991404827,0.695339407059914,ELIGIBLE
GROUP-b8f94828aab391d36d22,subject_id,40,45,False,0.5000048674444557,0.6931484003085852,ELIGIBLE
GROUP-b8f94828aab391d36d22,subject_id,47,45,False,0.5010484484007653,0.694197974610301,ELIGIBLE
GROUP-b8f94828aab391d36d22,subject_id,48,45,False,0.5022961508013394,0.6954723200492529,ELIGIBLE
GROUP-b8f94828aab391d36d22,subject_id,57,45,False,0.5086113838964034,0.7017624842887805,ELIGIBLE
GROUP-b8f94828aab391d36d22,subject_id,6,45,False,0.5042626478359732,0.6974139697923816,ELIGIBLE
GROUP-b8f94828aab391d36d22,subject_id,71,45,False,0.5020590266164868,0.6952075084193439,ELIGIBLE
GROUP-b8f94828aab391d36d22,subject_id,93,45,False,0.5018900739136135,0.6950354044755328,ELIGIBLE
GROUP-b8f94828aab391d36d22,subject_id,98,45,False,0.500726944343774,0.6938735187196078,ELIGIBLE
GROUP-b8f94828aab391d36d22,session_id,0,495,False,0.5019206747367514,0.6950730466772691,ELIGIBLE
GROUP-b8f94828aab391d36d22,model_id,SSL-CBRAMOD:CBraMod-HF-Braindecode-GovernedP02-R6Scale1e4:P02-A0-PhysioNetMI-SSL-CBRAMOD-P01-L1-LOW-CAL-OFFICIAL-R2:4_PER_CLASS-MR03,495,False,0.5019206747367514,0.6950730466772691,ELIGIBLE
GROUP-b8f94828aab391d36d22,branch_id,__MISSING__,495,False,0.5019206747367514,0.6950730466772691,ELIGIBLE
GROUP-b8f94828aab391d36d22,budget_id,P01-L1-LOW-CAL-OFFICIAL-R2:4_PER_CLASS,495,False,0.5019206747367514,0.6950730466772691,ELIGIBLE
GROUP-b8f94828aab391d36d22,split_id,IHARQ-SPLITRECORD-20260806-e4e371d332c61e36,495,False,0.5019206747367514,0.6950730466772691,ELIGIBLE
GROUP-b8f94828aab391d36d22,calibration_method_id,__MISSING__,495,False,0.5019206747367514,0.6950730466772691,ELIGIBLE
GROUP-17452905b7268b817297,dataset_id,PhysioNetMI,495,False,0.4996106534477923,0.6927652269225156,ELIGIBLE
GROUP-17452905b7268b817297,subject_id,107,45,False,0.5038149761702193,0.6969635841581973,ELIGIBLE
GROUP-17452905b7268b817297,subject_id,27,45,False,0.504409794272754,0.6976683629951298,ELIGIBLE
GROUP-17452905b7268b817297,subject_id,39,45,False,0.49779859340977123,0.6909337368301698,ELIGIBLE
GROUP-17452905b7268b817297,subject_id,40,45,False,0.49370274381753093,0.6868366418256938,ELIGIBLE
GROUP-17452905b7268b817297,subject_id,47,45,False,0.49670288308112465,0.6898466612410847,ELIGIBLE
GROUP-17452905b7268b817297,subject_id,48,45,False,0.4886065724382246,0.6817270167686046,ELIGIBLE
GROUP-17452905b7268b817297,subject_id,57,45,False,0.49898765138531037,0.6921282837678946,ELIGIBLE
GROUP-17452905b7268b817297,subject_id,6,45,False,0.5048547080130353,0.69800755653833,ELIGIBLE
GROUP-17452905b7268b817297,subject_id,71,45,False,0.49324332697679985,0.6863904802989675,ELIGIBLE
GROUP-17452905b7268b817297,subject_id,93,45,False,0.5110927445793431,0.704252008587604,ELIGIBLE
GROUP-17452905b7268b817297,subject_id,98,45,False,0.5025031937816018,0.6956631631359959,ELIGIBLE
GROUP-17452905b7268b817297,session_id,0,495,False,0.4996106534477923,0.6927652269225156,ELIGIBLE
GROUP-17452905b7268b817297,model_id,SSL-CBRAMOD:CBraMod-HF-Braindecode-GovernedP02-R6Scale1e4:P02-A0-PhysioNetMI-SSL-CBRAMOD-P01-L1-LOW-CAL-OFFICIAL-R2:4_PER_CLASS-MR04,495,False,0.4996106534477923,0.6927652269225156,ELIGIBLE
GROUP-17452905b7268b817297,branch_id,__MISSING__,495,False,0.4996106534477923,0.6927652269225156,ELIGIBLE
GROUP-17452905b7268b817297,budget_id,P01-L1-LOW-CAL-OFFICIAL-R2:4_PER_CLASS,495,False,0.4996106534477923,0.6927652269225156,ELIGIBLE
GROUP-17452905b7268b817297,split_id,IHARQ-SPLITRECORD-20260806-e4e371d332c61e36,495,False,0.4996106534477923,0.6927652269225156,ELIGIBLE
GROUP-17452905b7268b817297,calibration_method_id,__MISSING__,495,False,0.4996106534477923,0.6927652269225156,ELIGIBLE
GROUP-e183f8edc4a59bc78129,dataset_id,PhysioNetMI,495,False,0.5000343055483272,0.6931803290014916,ELIGIBLE
GROUP-e183f8edc4a59bc78129,subject_id,107,45,False,0.5070337507645374,0.7001852145246917,ELIGIBLE
GROUP-e183f8edc4a59bc78129,subject_id,27,45,False,0.49827158908506236,0.6914134257891167,ELIGIBLE
GROUP-e183f8edc4a59bc78129,subject_id,39,45,False,0.4951376612300331,0.6882791254683932,ELIGIBLE
GROUP-e183f8edc4a59bc78129,subject_id,40,45,False,0.4997518622571736,0.6928982121087202,ELIGIBLE
GROUP-e183f8edc4a59bc78129,subject_id,47,45,False,0.5002700325699314,0.693417254402643,ELIGIBLE
GROUP-e183f8edc4a59bc78129,subject_id,48,45,False,0.4970031794270021,0.6901370340079018,ELIGIBLE
GROUP-e183f8edc4a59bc78129,subject_id,57,45,False,0.4980340891818219,0.6911811345470137,ELIGIBLE
GROUP-e183f8edc4a59bc78129,subject_id,6,45,False,0.5036382355889121,0.6967871478610322,ELIGIBLE
GROUP-e183f8edc4a59bc78129,subject_id,71,45,False,0.49263192642613257,0.6857767385798343,ELIGIBLE
GROUP-e183f8edc4a59bc78129,subject_id,93,45,False,0.508579861481696,0.70173581562665,ELIGIBLE
GROUP-e183f8edc4a59bc78129,subject_id,98,45,False,0.5000251730192964,0.693172516100411,ELIGIBLE
GROUP-e183f8edc4a59bc78129,session_id,0,495,False,0.5000343055483272,0.6931803290014916,ELIGIBLE
GROUP-e183f8edc4a59bc78129,model_id,SSL-CBRAMOD:CBraMod-HF-Braindecode-GovernedP02-R6Scale1e4:P02-A0-PhysioNetMI-SSL-CBRAMOD-P01-L1-LOW-CAL-OFFICIAL-R2:8_PER_CLASS-MR00,495,False,0.5000343055483272,0.6931803290014916,ELIGIBLE
GROUP-e183f8edc4a59bc78129,branch_id,__MISSING__,495,False,0.5000343055483272,0.6931803290014916,ELIGIBLE
GROUP-e183f8edc4a59bc78129,budget_id,P01-L1-LOW-CAL-OFFICIAL-R2:8_PER_CLASS,495,False,0.5000343055483272,0.6931803290014916,ELIGIBLE
GROUP-e183f8edc4a59bc78129,split_id,IHARQ-SPLITRECORD-20260806-e4e371d332c61e36,495,False,0.5000343055483272,0.6931803290014916,ELIGIBLE
GROUP-e183f8edc4a59bc78129,calibration_method_id,__MISSING__,495,False,0.5000343055483272,0.6931803290014916,ELIGIBLE
GROUP-3eaa49e1cfbf1b7b20d4,dataset_id,PhysioNetMI,495,False,0.5014373877187456,0.6945855937154197,ELIGIBLE
GROUP-3eaa49e1cfbf1b7b20d4,subject_id,107,45,False,0.4991910249127241,0.6923399864844829,ELIGIBLE
GROUP-3eaa49e1cfbf1b7b20d4,subject_id,27,45,False,0.49747302313569014,0.6906164864551747,ELIGIBLE
GROUP-3eaa49e1cfbf1b7b20d4,subject_id,39,45,False,0.5050486846674596,0.6982131556424395,ELIGIBLE
GROUP-3eaa49e1cfbf1b7b20d4,subject_id,40,45,False,0.5093589414231048,0.7025164532236836,ELIGIBLE
GROUP-3eaa49e1cfbf1b7b20d4,subject_id,47,45,False,0.5024430046380245,0.695590965717203,ELIGIBLE
GROUP-3eaa49e1cfbf1b7b20d4,subject_id,48,45,False,0.495157955698831,0.688285061786366,ELIGIBLE
GROUP-3eaa49e1cfbf1b7b20d4,subject_id,57,45,False,0.4997004274905607,0.6928473024920218,ELIGIBLE
GROUP-3eaa49e1cfbf1b7b20d4,subject_id,6,45,False,0.50292711962274,0.6960761258945662,ELIGIBLE
GROUP-3eaa49e1cfbf1b7b20d4,subject_id,71,45,False,0.5049175003479428,0.6980674355135461,ELIGIBLE
GROUP-3eaa49e1cfbf1b7b20d4,subject_id,93,45,False,0.4959702326126927,0.6891157961740314,ELIGIBLE
GROUP-3eaa49e1cfbf1b7b20d4,subject_id,98,45,False,0.5036233503564315,0.6967727614861012,ELIGIBLE
GROUP-3eaa49e1cfbf1b7b20d4,session_id,0,495,False,0.5014373877187456,0.6945855937154197,ELIGIBLE
GROUP-3eaa49e1cfbf1b7b20d4,model_id,SSL-CBRAMOD:CBraMod-HF-Braindecode-GovernedP02-R6Scale1e4:P02-A0-PhysioNetMI-SSL-CBRAMOD-P01-L1-LOW-CAL-OFFICIAL-R2:8_PER_CLASS-MR01,495,False,0.5014373877187456,0.6945855937154197,ELIGIBLE
GROUP-3eaa49e1cfbf1b7b20d4,branch_id,__MISSING__,495,False,0.5014373877187456,0.6945855937154197,ELIGIBLE
GROUP-3eaa49e1cfbf1b7b20d4,budget_id,P01-L1-LOW-CAL-OFFICIAL-R2:8_PER_CLASS,495,False,0.5014373877187456,0.6945855937154197,ELIGIBLE
GROUP-3eaa49e1cfbf1b7b20d4,split_id,IHARQ-SPLITRECORD-20260806-e4e371d332c61e36,495,False,0.5014373877187456,0.6945855937154197,ELIGIBLE
GROUP-3eaa49e1cfbf1b7b20d4,calibration_method_id,__MISSING__,495,False,0.5014373877187456,0.6945855937154197,ELIGIBLE
GROUP-946d3029772895a22789,dataset_id,PhysioNetMI,495,False,0.5005733936185134,0.6937207051645364,ELIGIBLE
GROUP-946d3029772895a22789,subject_id,107,45,False,0.5090805759038849,0.7022322511433156,ELIGIBLE
GROUP-946d3029772895a22789,subject_id,27,45,False,0.49808804088488573,0.6912314528392385,ELIGIBLE
GROUP-946d3029772895a22789,subject_id,39,45,False,0.4995165913688831,0.6926647597316322,ELIGIBLE
GROUP-946d3029772895a22789,subject_id,40,45,False,0.49876318821033944,0.6919044128108603,ELIGIBLE
GROUP-946d3029772895a22789,subject_id,47,45,False,0.4994457239926046,0.6925932461286047,ELIGIBLE
GROUP-946d3029772895a22789,subject_id,48,45,False,0.4961650069052258,0.6892979467406272,ELIGIBLE
GROUP-946d3029772895a22789,subject_id,57,45,False,0.500992200008639,0.6941438633835038,ELIGIBLE
GROUP-946d3029772895a22789,subject_id,6,45,False,0.5017600562237097,0.6949065111707888,ELIGIBLE
GROUP-946d3029772895a22789,subject_id,71,45,False,0.491150906389343,0.6842947167433141,ELIGIBLE
GROUP-946d3029772895a22789,subject_id,93,45,False,0.5119434762788505,0.7051134940161821,ELIGIBLE
GROUP-946d3029772895a22789,subject_id,98,45,False,0.49940156363728166,0.6925451021018334,ELIGIBLE
GROUP-946d3029772895a22789,session_id,0,495,False,0.5005733936185134,0.6937207051645364,ELIGIBLE
GROUP-946d3029772895a22789,model_id,SSL-CBRAMOD:CBraMod-HF-Braindecode-GovernedP02-R6Scale1e4:P02-A0-PhysioNetMI-SSL-CBRAMOD-P01-L1-LOW-CAL-OFFICIAL-R2:8_PER_CLASS-MR02,495,False,0.5005733936185134,0.6937207051645364,ELIGIBLE
GROUP-946d3029772895a22789,branch_id,__MISSING__,495,False,0.5005733936185134,0.6937207051645364,ELIGIBLE
GROUP-946d3029772895a22789,budget_id,P01-L1-LOW-CAL-OFFICIAL-R2:8_PER_CLASS,495,False,0.5005733936185134,0.6937207051645364,ELIGIBLE
GROUP-946d3029772895a22789,split_id,IHARQ-SPLITRECORD-20260806-e4e371d332c61e36,495,False,0.5005733936185134,0.6937207051645364,ELIGIBLE
GROUP-946d3029772895a22789,calibration_method_id,__MISSING__,495,False,0.5005733936185134,0.6937207051645364,ELIGIBLE
GROUP-ba22ec79431874ef85b3,dataset_id,PhysioNetMI,495,False,0.5009429058973321,0.694090598050878,ELIGIBLE
GROUP-ba22ec79431874ef85b3,subject_id,107,45,False,0.5055640944753068,0.6987133443169898,ELIGIBLE
GROUP-ba22ec79431874ef85b3,subject_id,27,45,False,0.49930803677702945,0.692457720525726,ELIGIBLE
GROUP-ba22ec79431874ef85b3,subject_id,39,45,False,0.4957436383037786,0.6888889705092848,ELIGIBLE
GROUP-ba22ec79431874ef85b3,subject_id,40,45,False,0.500544764458793,0.6936921635119249,ELIGIBLE
GROUP-ba22ec79431874ef85b3,subject_id,47,45,False,0.5003958685913444,0.6935425095480715,ELIGIBLE
GROUP-ba22ec79431874ef85b3,subject_id,48,45,False,0.49830016850988856,0.6914397421157128,ELIGIBLE
GROUP-ba22ec79431874ef85b3,subject_id,57,45,False,0.501804221038996,0.6949517129812335,ELIGIBLE
GROUP-ba22ec79431874ef85b3,subject_id,6,45,False,0.5037891545331112,0.6969376340123989,ELIGIBLE
GROUP-ba22ec79431874ef85b3,subject_id,71,45,False,0.4938251826925479,0.6869712668177208,ELIGIBLE
GROUP-ba22ec79431874ef85b3,subject_id,93,45,False,0.5108134146206125,0.70397420645074,ELIGIBLE
GROUP-ba22ec79431874ef85b3,subject_id,98,45,False,0.5002834208692444,0.6934273077698561,ELIGIBLE
GROUP-ba22ec79431874ef85b3,session_id,0,495,False,0.5009429058973321,0.694090598050878,ELIGIBLE
GROUP-ba22ec79431874ef85b3,model_id,SSL-CBRAMOD:CBraMod-HF-Braindecode-GovernedP02-R6Scale1e4:P02-A0-PhysioNetMI-SSL-CBRAMOD-P01-L1-LOW-CAL-OFFICIAL-R2:8_PER_CLASS-MR03,495,False,0.5009429058973321,0.694090598050878,ELIGIBLE
GROUP-ba22ec79431874ef85b3,branch_id,__MISSING__,495,False,0.5009429058973321,0.694090598050878,ELIGIBLE
GROUP-ba22ec79431874ef85b3,budget_id,P01-L1-LOW-CAL-OFFICIAL-R2:8_PER_CLASS,495,False,0.5009429058973321,0.694090598050878,ELIGIBLE
GROUP-ba22ec79431874ef85b3,split_id,IHARQ-SPLITRECORD-20260806-e4e371d332c61e36,495,False,0.5009429058973321,0.694090598050878,ELIGIBLE
GROUP-ba22ec79431874ef85b3,calibration_method_id,__MISSING__,495,False,0.5009429058973321,0.694090598050878,ELIGIBLE
GROUP-07a292b0cb04bbbbbddc,dataset_id,PhysioNetMI,495,False,0.4997616339238906,0.6929097981168689,ELIGIBLE
GROUP-07a292b0cb04bbbbbddc,subject_id,107,45,False,0.5068884715499841,0.70004291890349,ELIGIBLE
GROUP-07a292b0cb04bbbbbddc,subject_id,27,45,False,0.49603168131654396,0.689176175547317,ELIGIBLE
GROUP-07a292b0cb04bbbbbddc,subject_id,39,45,False,0.49563848621734896,0.6887768008888927,ELIGIBLE
GROUP-07a292b0cb04bbbbbddc,subject_id,40,45,False,0.49928653509963794,0.6924325944419931,ELIGIBLE
GROUP-07a292b0cb04bbbbbddc,subject_id,47,45,False,0.500918368483433,0.6940670875498725,ELIGIBLE
GROUP-07a292b0cb04bbbbbddc,subject_id,48,45,False,0.492254732973157,0.6853768605235507,ELIGIBLE
GROUP-07a292b0cb04bbbbbddc,subject_id,57,45,False,0.5020394077754256,0.6951871952969864,ELIGIBLE
GROUP-07a292b0cb04bbbbbddc,subject_id,6,45,False,0.5049800960252385,0.6981306221771137,ELIGIBLE
GROUP-07a292b0cb04bbbbbddc,subject_id,71,45,False,0.4894458797032456,0.6825859118762574,ELIGIBLE
GROUP-07a292b0cb04bbbbbddc,subject_id,93,45,False,0.5107238411420025,0.7038887938093991,ELIGIBLE
GROUP-07a292b0cb04bbbbbddc,subject_id,98,45,False,0.49917047287677974,0.6923428182706847,ELIGIBLE
GROUP-07a292b0cb04bbbbbddc,session_id,0,495,False,0.4997616339238906,0.6929097981168689,ELIGIBLE
GROUP-07a292b0cb04bbbbbddc,model_id,SSL-CBRAMOD:CBraMod-HF-Braindecode-GovernedP02-R6Scale1e4:P02-A0-PhysioNetMI-SSL-CBRAMOD-P01-L1-LOW-CAL-OFFICIAL-R2:8_PER_CLASS-MR04,495,False,0.4997616339238906,0.6929097981168689,ELIGIBLE
GROUP-07a292b0cb04bbbbbddc,branch_id,__MISSING__,495,False,0.4997616339238906,0.6929097981168689,ELIGIBLE
GROUP-07a292b0cb04bbbbbddc,budget_id,P01-L1-LOW-CAL-OFFICIAL-R2:8_PER_CLASS,495,False,0.4997616339238906,0.6929097981168689,ELIGIBLE
GROUP-07a292b0cb04bbbbbddc,split_id,IHARQ-SPLITRECORD-20260806-e4e371d332c61e36,495,False,0.4997616339238906,0.6929097981168689,ELIGIBLE
GROUP-07a292b0cb04bbbbbddc,calibration_method_id,__MISSING__,495,False,0.4997616339238906,0.6929097981168689,ELIGIBLE
