analysis_family,dataset_id,comparison_id,n,effect_or_delta,raw_p,adjusted_p,interpretive_role
STAGE11_DIAGNOSTIC,BNCI2014_001,DIAGNOSTIC_CHALLENGER_VS_PRIMARY,5.0,-0.03472222222222221,0.125,,DIAGNOSTIC_ONLY
STAGE11_DIAGNOSTIC,Lee2019_MI,DIAGNOSTIC_CHALLENGER_VS_PRIMARY,30.0,0.010000000000000009,0.23092203251433552,,DIAGNOSTIC_ONLY
STAGE11_DIAGNOSTIC,PhysioNetMI,DIAGNOSTIC_CHALLENGER_VS_PRIMARY,55.0,0.0,0.45518541901492204,,DIAGNOSTIC_ONLY
A4_C1_C3,PhysioNetMI,P02-A4-PhysioNetMI-CLASSICAL-A4-C1-LONG-3P5S-FULL_TRAIN-MR00:VS:A4-C0-CORE,11.0,0.00098814229249,0.9482421875,1.0,CANONICAL_RESOURCE_CONSTRAINED_A4
A4_C1_C3,PhysioNetMI,P02-A4-PhysioNetMI-CLASSICAL-A4-C2-MULTI-HARD-VOTE-FULL_TRAIN-MR00:VS:A4-C0-CORE,11.0,-0.0009881422924901,0.6376953125,1.0,CANONICAL_RESOURCE_CONSTRAINED_A4
A4_C1_C3,PhysioNetMI,P02-A4-PhysioNetMI-CLASSICAL-A4-C3-MULTI-PROB-AVG-FULL_TRAIN-MR00:VS:A4-C0-CORE,11.0,0.0,0.42578125,1.0,CANONICAL_RESOURCE_CONSTRAINED_A4
A4_C1_C3,PhysioNetMI,P02-A4-PhysioNetMI-RIEMANNIAN-A4-C1-LONG-3P5S-FULL_TRAIN-MR00:VS:A4-C0-CORE,11.0,0.0217391304347825,0.2783203125,0.8349609375,CANONICAL_RESOURCE_CONSTRAINED_A4
A4_C1_C3,PhysioNetMI,P02-A4-PhysioNetMI-RIEMANNIAN-A4-C2-MULTI-HARD-VOTE-FULL_TRAIN-MR00:VS:A4-C0-CORE,11.0,-0.0019762845849802,0.8984375,1.0,CANONICAL_RESOURCE_CONSTRAINED_A4
A4_C1_C3,PhysioNetMI,P02-A4-PhysioNetMI-RIEMANNIAN-A4-C3-MULTI-PROB-AVG-FULL_TRAIN-MR00:VS:A4-C0-CORE,11.0,0.0297619047619046,0.6953125,1.0,CANONICAL_RESOURCE_CONSTRAINED_A4
A4_C1_C3,PhysioNetMI,P02-A4-PhysioNetMI-NEURAL-A4-C1-LONG-3P5S-FULL_TRAIN-MR00:VS:A4-C0-CORE,11.0,0.0684523809523809,0.46484375,1.0,CANONICAL_RESOURCE_CONSTRAINED_A4
A4_C1_C3,PhysioNetMI,P02-A4-PhysioNetMI-NEURAL-A4-C2-MULTI-HARD-VOTE-FULL_TRAIN-MR00:VS:A4-C0-CORE,11.0,0.0019762845849802,0.6953125,1.0,CANONICAL_RESOURCE_CONSTRAINED_A4
A4_C1_C3,PhysioNetMI,P02-A4-PhysioNetMI-NEURAL-A4-C3-MULTI-PROB-AVG-FULL_TRAIN-MR00:VS:A4-C0-CORE,11.0,0.0029644268774704,0.68359375,1.0,CANONICAL_RESOURCE_CONSTRAINED_A4
A4_C1_C3,PhysioNetMI,P02-A4-PhysioNetMI-NEURAL-A4-C1-LONG-3P5S-FULL_TRAIN-MR01:VS:A4-C0-CORE,,,,,CANONICAL_RESOURCE_CONSTRAINED_A4
A4_C1_C3,PhysioNetMI,P02-A4-PhysioNetMI-NEURAL-A4-C2-MULTI-HARD-VOTE-FULL_TRAIN-MR01:VS:A4-C0-CORE,,,,,CANONICAL_RESOURCE_CONSTRAINED_A4
A4_C1_C3,PhysioNetMI,P02-A4-PhysioNetMI-NEURAL-A4-C3-MULTI-PROB-AVG-FULL_TRAIN-MR01:VS:A4-C0-CORE,,,,,CANONICAL_RESOURCE_CONSTRAINED_A4
A4_C1_C3,PhysioNetMI,P02-A4-PhysioNetMI-NEURAL-A4-C1-LONG-3P5S-FULL_TRAIN-MR02:VS:A4-C0-CORE,,,,,CANONICAL_RESOURCE_CONSTRAINED_A4
A4_C1_C3,PhysioNetMI,P02-A4-PhysioNetMI-NEURAL-A4-C2-MULTI-HARD-VOTE-FULL_TRAIN-MR02:VS:A4-C0-CORE,,,,,CANONICAL_RESOURCE_CONSTRAINED_A4
A4_C1_C3,PhysioNetMI,P02-A4-PhysioNetMI-NEURAL-A4-C3-MULTI-PROB-AVG-FULL_TRAIN-MR02:VS:A4-C0-CORE,,,,,CANONICAL_RESOURCE_CONSTRAINED_A4
A4_C1_C3,PhysioNetMI,P02-A4-PhysioNetMI-NEURAL-A4-C1-LONG-3P5S-FULL_TRAIN-MR03:VS:A4-C0-CORE,,,,,CANONICAL_RESOURCE_CONSTRAINED_A4
A4_C1_C3,PhysioNetMI,P02-A4-PhysioNetMI-NEURAL-A4-C2-MULTI-HARD-VOTE-FULL_TRAIN-MR03:VS:A4-C0-CORE,,,,,CANONICAL_RESOURCE_CONSTRAINED_A4
A4_C1_C3,PhysioNetMI,P02-A4-PhysioNetMI-NEURAL-A4-C3-MULTI-PROB-AVG-FULL_TRAIN-MR03:VS:A4-C0-CORE,,,,,CANONICAL_RESOURCE_CONSTRAINED_A4
A4_C1_C3,PhysioNetMI,P02-A4-PhysioNetMI-NEURAL-A4-C1-LONG-3P5S-FULL_TRAIN-MR04:VS:A4-C0-CORE,,,,,CANONICAL_RESOURCE_CONSTRAINED_A4
A4_C1_C3,PhysioNetMI,P02-A4-PhysioNetMI-NEURAL-A4-C2-MULTI-HARD-VOTE-FULL_TRAIN-MR04:VS:A4-C0-CORE,,,,,CANONICAL_RESOURCE_CONSTRAINED_A4
A4_C1_C3,PhysioNetMI,P02-A4-PhysioNetMI-NEURAL-A4-C3-MULTI-PROB-AVG-FULL_TRAIN-MR04:VS:A4-C0-CORE,,,,,CANONICAL_RESOURCE_CONSTRAINED_A4
A4_C1_C3,PhysioNetMI,P02-A4-PhysioNetMI-SSL-A4-C1-LONG-3P5S-FULL_TRAIN-MR00:VS:A4-C0-CORE,,,,,CANONICAL_RESOURCE_CONSTRAINED_A4
A4_C1_C3,PhysioNetMI,P02-A4-PhysioNetMI-SSL-A4-C2-MULTI-HARD-VOTE-FULL_TRAIN-MR00:VS:A4-C0-CORE,11.0,0.0238095238095237,0.1748046875,0.349609375,CANONICAL_RESOURCE_CONSTRAINED_A4
A4_C1_C3,PhysioNetMI,P02-A4-PhysioNetMI-SSL-A4-C3-MULTI-PROB-AVG-FULL_TRAIN-MR00:VS:A4-C0-CORE,11.0,0.0029644268774703,0.7490234375,0.7490234375,CANONICAL_RESOURCE_CONSTRAINED_A4
A4_C1_C3,PhysioNetMI,P02-A4-PhysioNetMI-SSL-A4-C1-LONG-3P5S-FULL_TRAIN-MR01:VS:A4-C0-CORE,,,,,CANONICAL_RESOURCE_CONSTRAINED_A4
A4_C1_C3,PhysioNetMI,P02-A4-PhysioNetMI-SSL-A4-C2-MULTI-HARD-VOTE-FULL_TRAIN-MR01:VS:A4-C0-CORE,,,,,CANONICAL_RESOURCE_CONSTRAINED_A4
A4_C1_C3,PhysioNetMI,P02-A4-PhysioNetMI-SSL-A4-C3-MULTI-PROB-AVG-FULL_TRAIN-MR01:VS:A4-C0-CORE,,,,,CANONICAL_RESOURCE_CONSTRAINED_A4
A4_C1_C3,PhysioNetMI,P02-A4-PhysioNetMI-SSL-A4-C1-LONG-3P5S-FULL_TRAIN-MR02:VS:A4-C0-CORE,,,,,CANONICAL_RESOURCE_CONSTRAINED_A4
A4_C1_C3,PhysioNetMI,P02-A4-PhysioNetMI-SSL-A4-C2-MULTI-HARD-VOTE-FULL_TRAIN-MR02:VS:A4-C0-CORE,,,,,CANONICAL_RESOURCE_CONSTRAINED_A4
A4_C1_C3,PhysioNetMI,P02-A4-PhysioNetMI-SSL-A4-C3-MULTI-PROB-AVG-FULL_TRAIN-MR02:VS:A4-C0-CORE,,,,,CANONICAL_RESOURCE_CONSTRAINED_A4
A4_C1_C3,PhysioNetMI,P02-A4-PhysioNetMI-SSL-A4-C1-LONG-3P5S-FULL_TRAIN-MR03:VS:A4-C0-CORE,,,,,CANONICAL_RESOURCE_CONSTRAINED_A4
A4_C1_C3,PhysioNetMI,P02-A4-PhysioNetMI-SSL-A4-C2-MULTI-HARD-VOTE-FULL_TRAIN-MR03:VS:A4-C0-CORE,,,,,CANONICAL_RESOURCE_CONSTRAINED_A4
A4_C1_C3,PhysioNetMI,P02-A4-PhysioNetMI-SSL-A4-C3-MULTI-PROB-AVG-FULL_TRAIN-MR03:VS:A4-C0-CORE,,,,,CANONICAL_RESOURCE_CONSTRAINED_A4
A4_C1_C3,PhysioNetMI,P02-A4-PhysioNetMI-SSL-A4-C1-LONG-3P5S-FULL_TRAIN-MR04:VS:A4-C0-CORE,,,,,CANONICAL_RESOURCE_CONSTRAINED_A4
A4_C1_C3,PhysioNetMI,P02-A4-PhysioNetMI-SSL-A4-C2-MULTI-HARD-VOTE-FULL_TRAIN-MR04:VS:A4-C0-CORE,,,,,CANONICAL_RESOURCE_CONSTRAINED_A4
A4_C1_C3,PhysioNetMI,P02-A4-PhysioNetMI-SSL-A4-C3-MULTI-PROB-AVG-FULL_TRAIN-MR04:VS:A4-C0-CORE,,,,,CANONICAL_RESOURCE_CONSTRAINED_A4
A4_C1_C3,PhysioNetMI,P02-A4-PhysioNetMI-CLASSICAL-A4-C1-LONG-3P5S-P01-L1-LOW-CAL-OFFICIAL-R2:1_PER_CLASS-MR00:VS:A4-C0-CORE,,,,,CANONICAL_RESOURCE_CONSTRAINED_A4
A4_C1_C3,PhysioNetMI,P02-A4-PhysioNetMI-CLASSICAL-A4-C2-MULTI-HARD-VOTE-P01-L1-LOW-CAL-OFFICIAL-R2:1_PER_CLASS-MR00:VS:A4-C0-CORE,,,,,CANONICAL_RESOURCE_CONSTRAINED_A4
A4_C1_C3,PhysioNetMI,P02-A4-PhysioNetMI-CLASSICAL-A4-C3-MULTI-PROB-AVG-P01-L1-LOW-CAL-OFFICIAL-R2:1_PER_CLASS-MR00:VS:A4-C0-CORE,,,,,CANONICAL_RESOURCE_CONSTRAINED_A4
A4_C1_C3,PhysioNetMI,P02-A4-PhysioNetMI-RIEMANNIAN-A4-C1-LONG-3P5S-P01-L1-LOW-CAL-OFFICIAL-R2:1_PER_CLASS-MR00:VS:A4-C0-CORE,11.0,0.0,1.0,1.0,CANONICAL_RESOURCE_CONSTRAINED_A4
A4_C1_C3,PhysioNetMI,P02-A4-PhysioNetMI-RIEMANNIAN-A4-C2-MULTI-HARD-VOTE-P01-L1-LOW-CAL-OFFICIAL-R2:1_PER_CLASS-MR00:VS:A4-C0-CORE,11.0,0.0,1.0,1.0,CANONICAL_RESOURCE_CONSTRAINED_A4
A4_C1_C3,PhysioNetMI,P02-A4-PhysioNetMI-RIEMANNIAN-A4-C3-MULTI-PROB-AVG-P01-L1-LOW-CAL-OFFICIAL-R2:1_PER_CLASS-MR00:VS:A4-C0-CORE,11.0,0.0,1.0,1.0,CANONICAL_RESOURCE_CONSTRAINED_A4
A4_C1_C3,PhysioNetMI,P02-A4-PhysioNetMI-NEURAL-A4-C1-LONG-3P5S-P01-L1-LOW-CAL-OFFICIAL-R2:1_PER_CLASS-MR00:VS:A4-C0-CORE,11.0,0.0,1.0,1.0,CANONICAL_RESOURCE_CONSTRAINED_A4
A4_C1_C3,PhysioNetMI,P02-A4-PhysioNetMI-NEURAL-A4-C2-MULTI-HARD-VOTE-P01-L1-LOW-CAL-OFFICIAL-R2:1_PER_CLASS-MR00:VS:A4-C0-CORE,11.0,0.0,0.65234375,1.0,CANONICAL_RESOURCE_CONSTRAINED_A4
A4_C1_C3,PhysioNetMI,P02-A4-PhysioNetMI-NEURAL-A4-C3-MULTI-PROB-AVG-P01-L1-LOW-CAL-OFFICIAL-R2:1_PER_CLASS-MR00:VS:A4-C0-CORE,11.0,0.0,0.91015625,1.0,CANONICAL_RESOURCE_CONSTRAINED_A4
A4_C1_C3,PhysioNetMI,P02-A4-PhysioNetMI-NEURAL-A4-C1-LONG-3P5S-P01-L1-LOW-CAL-OFFICIAL-R2:1_PER_CLASS-MR01:VS:A4-C0-CORE,,,,,CANONICAL_RESOURCE_CONSTRAINED_A4
A4_C1_C3,PhysioNetMI,P02-A4-PhysioNetMI-NEURAL-A4-C2-MULTI-HARD-VOTE-P01-L1-LOW-CAL-OFFICIAL-R2:1_PER_CLASS-MR01:VS:A4-C0-CORE,,,,,CANONICAL_RESOURCE_CONSTRAINED_A4
A4_C1_C3,PhysioNetMI,P02-A4-PhysioNetMI-NEURAL-A4-C3-MULTI-PROB-AVG-P01-L1-LOW-CAL-OFFICIAL-R2:1_PER_CLASS-MR01:VS:A4-C0-CORE,,,,,CANONICAL_RESOURCE_CONSTRAINED_A4
A4_C1_C3,PhysioNetMI,P02-A4-PhysioNetMI-NEURAL-A4-C1-LONG-3P5S-P01-L1-LOW-CAL-OFFICIAL-R2:1_PER_CLASS-MR02:VS:A4-C0-CORE,,,,,CANONICAL_RESOURCE_CONSTRAINED_A4
A4_C1_C3,PhysioNetMI,P02-A4-PhysioNetMI-NEURAL-A4-C2-MULTI-HARD-VOTE-P01-L1-LOW-CAL-OFFICIAL-R2:1_PER_CLASS-MR02:VS:A4-C0-CORE,,,,,CANONICAL_RESOURCE_CONSTRAINED_A4
A4_C1_C3,PhysioNetMI,P02-A4-PhysioNetMI-NEURAL-A4-C3-MULTI-PROB-AVG-P01-L1-LOW-CAL-OFFICIAL-R2:1_PER_CLASS-MR02:VS:A4-C0-CORE,,,,,CANONICAL_RESOURCE_CONSTRAINED_A4
A4_C1_C3,PhysioNetMI,P02-A4-PhysioNetMI-NEURAL-A4-C1-LONG-3P5S-P01-L1-LOW-CAL-OFFICIAL-R2:1_PER_CLASS-MR03:VS:A4-C0-CORE,,,,,CANONICAL_RESOURCE_CONSTRAINED_A4
A4_C1_C3,PhysioNetMI,P02-A4-PhysioNetMI-NEURAL-A4-C2-MULTI-HARD-VOTE-P01-L1-LOW-CAL-OFFICIAL-R2:1_PER_CLASS-MR03:VS:A4-C0-CORE,,,,,CANONICAL_RESOURCE_CONSTRAINED_A4
A4_C1_C3,PhysioNetMI,P02-A4-PhysioNetMI-NEURAL-A4-C3-MULTI-PROB-AVG-P01-L1-LOW-CAL-OFFICIAL-R2:1_PER_CLASS-MR03:VS:A4-C0-CORE,,,,,CANONICAL_RESOURCE_CONSTRAINED_A4
A4_C1_C3,PhysioNetMI,P02-A4-PhysioNetMI-NEURAL-A4-C1-LONG-3P5S-P01-L1-LOW-CAL-OFFICIAL-R2:1_PER_CLASS-MR04:VS:A4-C0-CORE,,,,,CANONICAL_RESOURCE_CONSTRAINED_A4
A4_C1_C3,PhysioNetMI,P02-A4-PhysioNetMI-NEURAL-A4-C2-MULTI-HARD-VOTE-P01-L1-LOW-CAL-OFFICIAL-R2:1_PER_CLASS-MR04:VS:A4-C0-CORE,,,,,CANONICAL_RESOURCE_CONSTRAINED_A4
A4_C1_C3,PhysioNetMI,P02-A4-PhysioNetMI-NEURAL-A4-C3-MULTI-PROB-AVG-P01-L1-LOW-CAL-OFFICIAL-R2:1_PER_CLASS-MR04:VS:A4-C0-CORE,,,,,CANONICAL_RESOURCE_CONSTRAINED_A4
A4_C1_C3,PhysioNetMI,P02-A4-PhysioNetMI-SSL-A4-C1-LONG-3P5S-P01-L1-LOW-CAL-OFFICIAL-R2:1_PER_CLASS-MR00:VS:A4-C0-CORE,,,,,CANONICAL_RESOURCE_CONSTRAINED_A4
A4_C1_C3,PhysioNetMI,P02-A4-PhysioNetMI-SSL-A4-C2-MULTI-HARD-VOTE-P01-L1-LOW-CAL-OFFICIAL-R2:1_PER_CLASS-MR00:VS:A4-C0-CORE,11.0,-0.0029644268774703,0.1640625,0.328125,CANONICAL_RESOURCE_CONSTRAINED_A4
A4_C1_C3,PhysioNetMI,P02-A4-PhysioNetMI-SSL-A4-C3-MULTI-PROB-AVG-P01-L1-LOW-CAL-OFFICIAL-R2:1_PER_CLASS-MR00:VS:A4-C0-CORE,11.0,0.0,0.8203125,0.8203125,CANONICAL_RESOURCE_CONSTRAINED_A4
A4_C1_C3,PhysioNetMI,P02-A4-PhysioNetMI-SSL-A4-C1-LONG-3P5S-P01-L1-LOW-CAL-OFFICIAL-R2:1_PER_CLASS-MR01:VS:A4-C0-CORE,,,,,CANONICAL_RESOURCE_CONSTRAINED_A4
A4_C1_C3,PhysioNetMI,P02-A4-PhysioNetMI-SSL-A4-C2-MULTI-HARD-VOTE-P01-L1-LOW-CAL-OFFICIAL-R2:1_PER_CLASS-MR01:VS:A4-C0-CORE,,,,,CANONICAL_RESOURCE_CONSTRAINED_A4
A4_C1_C3,PhysioNetMI,P02-A4-PhysioNetMI-SSL-A4-C3-MULTI-PROB-AVG-P01-L1-LOW-CAL-OFFICIAL-R2:1_PER_CLASS-MR01:VS:A4-C0-CORE,,,,,CANONICAL_RESOURCE_CONSTRAINED_A4
A4_C1_C3,PhysioNetMI,P02-A4-PhysioNetMI-SSL-A4-C1-LONG-3P5S-P01-L1-LOW-CAL-OFFICIAL-R2:1_PER_CLASS-MR02:VS:A4-C0-CORE,,,,,CANONICAL_RESOURCE_CONSTRAINED_A4
A4_C1_C3,PhysioNetMI,P02-A4-PhysioNetMI-SSL-A4-C2-MULTI-HARD-VOTE-P01-L1-LOW-CAL-OFFICIAL-R2:1_PER_CLASS-MR02:VS:A4-C0-CORE,,,,,CANONICAL_RESOURCE_CONSTRAINED_A4
A4_C1_C3,PhysioNetMI,P02-A4-PhysioNetMI-SSL-A4-C3-MULTI-PROB-AVG-P01-L1-LOW-CAL-OFFICIAL-R2:1_PER_CLASS-MR02:VS:A4-C0-CORE,,,,,CANONICAL_RESOURCE_CONSTRAINED_A4
A4_C1_C3,PhysioNetMI,P02-A4-PhysioNetMI-SSL-A4-C1-LONG-3P5S-P01-L1-LOW-CAL-OFFICIAL-R2:1_PER_CLASS-MR03:VS:A4-C0-CORE,,,,,CANONICAL_RESOURCE_CONSTRAINED_A4
A4_C1_C3,PhysioNetMI,P02-A4-PhysioNetMI-SSL-A4-C2-MULTI-HARD-VOTE-P01-L1-LOW-CAL-OFFICIAL-R2:1_PER_CLASS-MR03:VS:A4-C0-CORE,,,,,CANONICAL_RESOURCE_CONSTRAINED_A4
A4_C1_C3,PhysioNetMI,P02-A4-PhysioNetMI-SSL-A4-C3-MULTI-PROB-AVG-P01-L1-LOW-CAL-OFFICIAL-R2:1_PER_CLASS-MR03:VS:A4-C0-CORE,,,,,CANONICAL_RESOURCE_CONSTRAINED_A4
A4_C1_C3,PhysioNetMI,P02-A4-PhysioNetMI-SSL-A4-C1-LONG-3P5S-P01-L1-LOW-CAL-OFFICIAL-R2:1_PER_CLASS-MR04:VS:A4-C0-CORE,,,,,CANONICAL_RESOURCE_CONSTRAINED_A4
A4_C1_C3,PhysioNetMI,P02-A4-PhysioNetMI-SSL-A4-C2-MULTI-HARD-VOTE-P01-L1-LOW-CAL-OFFICIAL-R2:1_PER_CLASS-MR04:VS:A4-C0-CORE,,,,,CANONICAL_RESOURCE_CONSTRAINED_A4
A4_C1_C3,PhysioNetMI,P02-A4-PhysioNetMI-SSL-A4-C3-MULTI-PROB-AVG-P01-L1-LOW-CAL-OFFICIAL-R2:1_PER_CLASS-MR04:VS:A4-C0-CORE,,,,,CANONICAL_RESOURCE_CONSTRAINED_A4
A4_C1_C3,PhysioNetMI,P02-A4-PhysioNetMI-CLASSICAL-A4-C1-LONG-3P5S-P01-L1-LOW-CAL-OFFICIAL-R2:2_PER_CLASS-MR00:VS:A4-C0-CORE,11.0,-0.0059523809523809,0.078125,0.234375,CANONICAL_RESOURCE_CONSTRAINED_A4
A4_C1_C3,PhysioNetMI,P02-A4-PhysioNetMI-CLASSICAL-A4-C2-MULTI-HARD-VOTE-P01-L1-LOW-CAL-OFFICIAL-R2:2_PER_CLASS-MR00:VS:A4-C0-CORE,11.0,0.0,1.0,1.0,CANONICAL_RESOURCE_CONSTRAINED_A4
A4_C1_C3,PhysioNetMI,P02-A4-PhysioNetMI-CLASSICAL-A4-C3-MULTI-PROB-AVG-P01-L1-LOW-CAL-OFFICIAL-R2:2_PER_CLASS-MR00:VS:A4-C0-CORE,11.0,0.0,0.9453125,1.0,CANONICAL_RESOURCE_CONSTRAINED_A4
A4_C1_C3,PhysioNetMI,P02-A4-PhysioNetMI-RIEMANNIAN-A4-C1-LONG-3P5S-P01-L1-LOW-CAL-OFFICIAL-R2:2_PER_CLASS-MR00:VS:A4-C0-CORE,11.0,0.0,1.0,1.0,CANONICAL_RESOURCE_CONSTRAINED_A4
A4_C1_C3,PhysioNetMI,P02-A4-PhysioNetMI-RIEMANNIAN-A4-C2-MULTI-HARD-VOTE-P01-L1-LOW-CAL-OFFICIAL-R2:2_PER_CLASS-MR00:VS:A4-C0-CORE,11.0,0.0,1.0,1.0,CANONICAL_RESOURCE_CONSTRAINED_A4
A4_C1_C3,PhysioNetMI,P02-A4-PhysioNetMI-RIEMANNIAN-A4-C3-MULTI-PROB-AVG-P01-L1-LOW-CAL-OFFICIAL-R2:2_PER_CLASS-MR00:VS:A4-C0-CORE,11.0,0.0,1.0,1.0,CANONICAL_RESOURCE_CONSTRAINED_A4
A4_C1_C3,PhysioNetMI,P02-A4-PhysioNetMI-NEURAL-A4-C1-LONG-3P5S-P01-L1-LOW-CAL-OFFICIAL-R2:2_PER_CLASS-MR00:VS:A4-C0-CORE,,,,,CANONICAL_RESOURCE_CONSTRAINED_A4
A4_C1_C3,PhysioNetMI,P02-A4-PhysioNetMI-NEURAL-A4-C2-MULTI-HARD-VOTE-P01-L1-LOW-CAL-OFFICIAL-R2:2_PER_CLASS-MR00:VS:A4-C0-CORE,,,,,CANONICAL_RESOURCE_CONSTRAINED_A4
A4_C1_C3,PhysioNetMI,P02-A4-PhysioNetMI-NEURAL-A4-C3-MULTI-PROB-AVG-P01-L1-LOW-CAL-OFFICIAL-R2:2_PER_CLASS-MR00:VS:A4-C0-CORE,,,,,CANONICAL_RESOURCE_CONSTRAINED_A4
A4_C1_C3,PhysioNetMI,P02-A4-PhysioNetMI-NEURAL-A4-C1-LONG-3P5S-P01-L1-LOW-CAL-OFFICIAL-R2:2_PER_CLASS-MR01:VS:A4-C0-CORE,,,,,CANONICAL_RESOURCE_CONSTRAINED_A4
A4_C1_C3,PhysioNetMI,P02-A4-PhysioNetMI-NEURAL-A4-C2-MULTI-HARD-VOTE-P01-L1-LOW-CAL-OFFICIAL-R2:2_PER_CLASS-MR01:VS:A4-C0-CORE,,,,,CANONICAL_RESOURCE_CONSTRAINED_A4
A4_C1_C3,PhysioNetMI,P02-A4-PhysioNetMI-NEURAL-A4-C3-MULTI-PROB-AVG-P01-L1-LOW-CAL-OFFICIAL-R2:2_PER_CLASS-MR01:VS:A4-C0-CORE,,,,,CANONICAL_RESOURCE_CONSTRAINED_A4
A4_C1_C3,PhysioNetMI,P02-A4-PhysioNetMI-NEURAL-A4-C1-LONG-3P5S-P01-L1-LOW-CAL-OFFICIAL-R2:2_PER_CLASS-MR02:VS:A4-C0-CORE,,,,,CANONICAL_RESOURCE_CONSTRAINED_A4
A4_C1_C3,PhysioNetMI,P02-A4-PhysioNetMI-NEURAL-A4-C2-MULTI-HARD-VOTE-P01-L1-LOW-CAL-OFFICIAL-R2:2_PER_CLASS-MR02:VS:A4-C0-CORE,,,,,CANONICAL_RESOURCE_CONSTRAINED_A4
A4_C1_C3,PhysioNetMI,P02-A4-PhysioNetMI-NEURAL-A4-C3-MULTI-PROB-AVG-P01-L1-LOW-CAL-OFFICIAL-R2:2_PER_CLASS-MR02:VS:A4-C0-CORE,,,,,CANONICAL_RESOURCE_CONSTRAINED_A4
A4_C1_C3,PhysioNetMI,P02-A4-PhysioNetMI-NEURAL-A4-C1-LONG-3P5S-P01-L1-LOW-CAL-OFFICIAL-R2:2_PER_CLASS-MR03:VS:A4-C0-CORE,,,,,CANONICAL_RESOURCE_CONSTRAINED_A4
A4_C1_C3,PhysioNetMI,P02-A4-PhysioNetMI-NEURAL-A4-C2-MULTI-HARD-VOTE-P01-L1-LOW-CAL-OFFICIAL-R2:2_PER_CLASS-MR03:VS:A4-C0-CORE,,,,,CANONICAL_RESOURCE_CONSTRAINED_A4
A4_C1_C3,PhysioNetMI,P02-A4-PhysioNetMI-NEURAL-A4-C3-MULTI-PROB-AVG-P01-L1-LOW-CAL-OFFICIAL-R2:2_PER_CLASS-MR03:VS:A4-C0-CORE,,,,,CANONICAL_RESOURCE_CONSTRAINED_A4
A4_C1_C3,PhysioNetMI,P02-A4-PhysioNetMI-NEURAL-A4-C1-LONG-3P5S-P01-L1-LOW-CAL-OFFICIAL-R2:2_PER_CLASS-MR04:VS:A4-C0-CORE,,,,,CANONICAL_RESOURCE_CONSTRAINED_A4
A4_C1_C3,PhysioNetMI,P02-A4-PhysioNetMI-NEURAL-A4-C2-MULTI-HARD-VOTE-P01-L1-LOW-CAL-OFFICIAL-R2:2_PER_CLASS-MR04:VS:A4-C0-CORE,,,,,CANONICAL_RESOURCE_CONSTRAINED_A4
A4_C1_C3,PhysioNetMI,P02-A4-PhysioNetMI-NEURAL-A4-C3-MULTI-PROB-AVG-P01-L1-LOW-CAL-OFFICIAL-R2:2_PER_CLASS-MR04:VS:A4-C0-CORE,,,,,CANONICAL_RESOURCE_CONSTRAINED_A4
A4_C1_C3,PhysioNetMI,P02-A4-PhysioNetMI-SSL-A4-C1-LONG-3P5S-P01-L1-LOW-CAL-OFFICIAL-R2:2_PER_CLASS-MR00:VS:A4-C0-CORE,,,,,CANONICAL_RESOURCE_CONSTRAINED_A4
A4_C1_C3,PhysioNetMI,P02-A4-PhysioNetMI-SSL-A4-C2-MULTI-HARD-VOTE-P01-L1-LOW-CAL-OFFICIAL-R2:2_PER_CLASS-MR00:VS:A4-C0-CORE,,,,,CANONICAL_RESOURCE_CONSTRAINED_A4
A4_C1_C3,PhysioNetMI,P02-A4-PhysioNetMI-SSL-A4-C3-MULTI-PROB-AVG-P01-L1-LOW-CAL-OFFICIAL-R2:2_PER_CLASS-MR00:VS:A4-C0-CORE,,,,,CANONICAL_RESOURCE_CONSTRAINED_A4
A4_C1_C3,PhysioNetMI,P02-A4-PhysioNetMI-SSL-A4-C1-LONG-3P5S-P01-L1-LOW-CAL-OFFICIAL-R2:2_PER_CLASS-MR01:VS:A4-C0-CORE,,,,,CANONICAL_RESOURCE_CONSTRAINED_A4
A4_C1_C3,PhysioNetMI,P02-A4-PhysioNetMI-SSL-A4-C2-MULTI-HARD-VOTE-P01-L1-LOW-CAL-OFFICIAL-R2:2_PER_CLASS-MR01:VS:A4-C0-CORE,,,,,CANONICAL_RESOURCE_CONSTRAINED_A4
A4_C1_C3,PhysioNetMI,P02-A4-PhysioNetMI-SSL-A4-C3-MULTI-PROB-AVG-P01-L1-LOW-CAL-OFFICIAL-R2:2_PER_CLASS-MR01:VS:A4-C0-CORE,,,,,CANONICAL_RESOURCE_CONSTRAINED_A4
A4_C1_C3,PhysioNetMI,P02-A4-PhysioNetMI-SSL-A4-C1-LONG-3P5S-P01-L1-LOW-CAL-OFFICIAL-R2:2_PER_CLASS-MR02:VS:A4-C0-CORE,,,,,CANONICAL_RESOURCE_CONSTRAINED_A4
A4_C1_C3,PhysioNetMI,P02-A4-PhysioNetMI-SSL-A4-C2-MULTI-HARD-VOTE-P01-L1-LOW-CAL-OFFICIAL-R2:2_PER_CLASS-MR02:VS:A4-C0-CORE,,,,,CANONICAL_RESOURCE_CONSTRAINED_A4
A4_C1_C3,PhysioNetMI,P02-A4-PhysioNetMI-SSL-A4-C3-MULTI-PROB-AVG-P01-L1-LOW-CAL-OFFICIAL-R2:2_PER_CLASS-MR02:VS:A4-C0-CORE,,,,,CANONICAL_RESOURCE_CONSTRAINED_A4
A4_C1_C3,PhysioNetMI,P02-A4-PhysioNetMI-SSL-A4-C1-LONG-3P5S-P01-L1-LOW-CAL-OFFICIAL-R2:2_PER_CLASS-MR03:VS:A4-C0-CORE,,,,,CANONICAL_RESOURCE_CONSTRAINED_A4
A4_C1_C3,PhysioNetMI,P02-A4-PhysioNetMI-SSL-A4-C2-MULTI-HARD-VOTE-P01-L1-LOW-CAL-OFFICIAL-R2:2_PER_CLASS-MR03:VS:A4-C0-CORE,,,,,CANONICAL_RESOURCE_CONSTRAINED_A4
A4_C1_C3,PhysioNetMI,P02-A4-PhysioNetMI-SSL-A4-C3-MULTI-PROB-AVG-P01-L1-LOW-CAL-OFFICIAL-R2:2_PER_CLASS-MR03:VS:A4-C0-CORE,,,,,CANONICAL_RESOURCE_CONSTRAINED_A4
A4_C1_C3,PhysioNetMI,P02-A4-PhysioNetMI-SSL-A4-C1-LONG-3P5S-P01-L1-LOW-CAL-OFFICIAL-R2:2_PER_CLASS-MR04:VS:A4-C0-CORE,,,,,CANONICAL_RESOURCE_CONSTRAINED_A4
A4_C1_C3,PhysioNetMI,P02-A4-PhysioNetMI-SSL-A4-C2-MULTI-HARD-VOTE-P01-L1-LOW-CAL-OFFICIAL-R2:2_PER_CLASS-MR04:VS:A4-C0-CORE,,,,,CANONICAL_RESOURCE_CONSTRAINED_A4
A4_C1_C3,PhysioNetMI,P02-A4-PhysioNetMI-SSL-A4-C3-MULTI-PROB-AVG-P01-L1-LOW-CAL-OFFICIAL-R2:2_PER_CLASS-MR04:VS:A4-C0-CORE,,,,,CANONICAL_RESOURCE_CONSTRAINED_A4
A4_C1_C3,PhysioNetMI,P02-A4-PhysioNetMI-CLASSICAL-A4-C1-LONG-3P5S-P01-L1-LOW-CAL-OFFICIAL-R2:4_PER_CLASS-MR00:VS:A4-C0-CORE,11.0,0.0,1.0,1.0,CANONICAL_RESOURCE_CONSTRAINED_A4
A4_C1_C3,PhysioNetMI,P02-A4-PhysioNetMI-CLASSICAL-A4-C2-MULTI-HARD-VOTE-P01-L1-LOW-CAL-OFFICIAL-R2:4_PER_CLASS-MR00:VS:A4-C0-CORE,11.0,0.0,0.5,1.0,CANONICAL_RESOURCE_CONSTRAINED_A4
A4_C1_C3,PhysioNetMI,P02-A4-PhysioNetMI-CLASSICAL-A4-C3-MULTI-PROB-AVG-P01-L1-LOW-CAL-OFFICIAL-R2:4_PER_CLASS-MR00:VS:A4-C0-CORE,11.0,0.0,1.0,1.0,CANONICAL_RESOURCE_CONSTRAINED_A4
A4_C1_C3,PhysioNetMI,P02-A4-PhysioNetMI-RIEMANNIAN-A4-C1-LONG-3P5S-P01-L1-LOW-CAL-OFFICIAL-R2:4_PER_CLASS-MR00:VS:A4-C0-CORE,11.0,0.0,1.0,1.0,CANONICAL_RESOURCE_CONSTRAINED_A4
A4_C1_C3,PhysioNetMI,P02-A4-PhysioNetMI-RIEMANNIAN-A4-C2-MULTI-HARD-VOTE-P01-L1-LOW-CAL-OFFICIAL-R2:4_PER_CLASS-MR00:VS:A4-C0-CORE,11.0,0.0,0.5,1.0,CANONICAL_RESOURCE_CONSTRAINED_A4
A4_C1_C3,PhysioNetMI,P02-A4-PhysioNetMI-RIEMANNIAN-A4-C3-MULTI-PROB-AVG-P01-L1-LOW-CAL-OFFICIAL-R2:4_PER_CLASS-MR00:VS:A4-C0-CORE,11.0,0.0,0.25,1.0,CANONICAL_RESOURCE_CONSTRAINED_A4
A4_C1_C3,PhysioNetMI,P02-A4-PhysioNetMI-NEURAL-A4-C1-LONG-3P5S-P01-L1-LOW-CAL-OFFICIAL-R2:4_PER_CLASS-MR00:VS:A4-C0-CORE,,,,,CANONICAL_RESOURCE_CONSTRAINED_A4
A4_C1_C3,PhysioNetMI,P02-A4-PhysioNetMI-NEURAL-A4-C2-MULTI-HARD-VOTE-P01-L1-LOW-CAL-OFFICIAL-R2:4_PER_CLASS-MR00:VS:A4-C0-CORE,,,,,CANONICAL_RESOURCE_CONSTRAINED_A4
A4_C1_C3,PhysioNetMI,P02-A4-PhysioNetMI-NEURAL-A4-C3-MULTI-PROB-AVG-P01-L1-LOW-CAL-OFFICIAL-R2:4_PER_CLASS-MR00:VS:A4-C0-CORE,,,,,CANONICAL_RESOURCE_CONSTRAINED_A4
A4_C1_C3,PhysioNetMI,P02-A4-PhysioNetMI-NEURAL-A4-C1-LONG-3P5S-P01-L1-LOW-CAL-OFFICIAL-R2:4_PER_CLASS-MR01:VS:A4-C0-CORE,,,,,CANONICAL_RESOURCE_CONSTRAINED_A4
A4_C1_C3,PhysioNetMI,P02-A4-PhysioNetMI-NEURAL-A4-C2-MULTI-HARD-VOTE-P01-L1-LOW-CAL-OFFICIAL-R2:4_PER_CLASS-MR01:VS:A4-C0-CORE,,,,,CANONICAL_RESOURCE_CONSTRAINED_A4
A4_C1_C3,PhysioNetMI,P02-A4-PhysioNetMI-NEURAL-A4-C3-MULTI-PROB-AVG-P01-L1-LOW-CAL-OFFICIAL-R2:4_PER_CLASS-MR01:VS:A4-C0-CORE,,,,,CANONICAL_RESOURCE_CONSTRAINED_A4
A4_C1_C3,PhysioNetMI,P02-A4-PhysioNetMI-NEURAL-A4-C1-LONG-3P5S-P01-L1-LOW-CAL-OFFICIAL-R2:4_PER_CLASS-MR02:VS:A4-C0-CORE,,,,,CANONICAL_RESOURCE_CONSTRAINED_A4
A4_C1_C3,PhysioNetMI,P02-A4-PhysioNetMI-NEURAL-A4-C2-MULTI-HARD-VOTE-P01-L1-LOW-CAL-OFFICIAL-R2:4_PER_CLASS-MR02:VS:A4-C0-CORE,,,,,CANONICAL_RESOURCE_CONSTRAINED_A4
A4_C1_C3,PhysioNetMI,P02-A4-PhysioNetMI-NEURAL-A4-C3-MULTI-PROB-AVG-P01-L1-LOW-CAL-OFFICIAL-R2:4_PER_CLASS-MR02:VS:A4-C0-CORE,,,,,CANONICAL_RESOURCE_CONSTRAINED_A4
A4_C1_C3,PhysioNetMI,P02-A4-PhysioNetMI-NEURAL-A4-C1-LONG-3P5S-P01-L1-LOW-CAL-OFFICIAL-R2:4_PER_CLASS-MR03:VS:A4-C0-CORE,,,,,CANONICAL_RESOURCE_CONSTRAINED_A4
A4_C1_C3,PhysioNetMI,P02-A4-PhysioNetMI-NEURAL-A4-C2-MULTI-HARD-VOTE-P01-L1-LOW-CAL-OFFICIAL-R2:4_PER_CLASS-MR03:VS:A4-C0-CORE,,,,,CANONICAL_RESOURCE_CONSTRAINED_A4
A4_C1_C3,PhysioNetMI,P02-A4-PhysioNetMI-NEURAL-A4-C3-MULTI-PROB-AVG-P01-L1-LOW-CAL-OFFICIAL-R2:4_PER_CLASS-MR03:VS:A4-C0-CORE,,,,,CANONICAL_RESOURCE_CONSTRAINED_A4
A4_C1_C3,PhysioNetMI,P02-A4-PhysioNetMI-NEURAL-A4-C1-LONG-3P5S-P01-L1-LOW-CAL-OFFICIAL-R2:4_PER_CLASS-MR04:VS:A4-C0-CORE,,,,,CANONICAL_RESOURCE_CONSTRAINED_A4
A4_C1_C3,PhysioNetMI,P02-A4-PhysioNetMI-NEURAL-A4-C2-MULTI-HARD-VOTE-P01-L1-LOW-CAL-OFFICIAL-R2:4_PER_CLASS-MR04:VS:A4-C0-CORE,,,,,CANONICAL_RESOURCE_CONSTRAINED_A4
A4_C1_C3,PhysioNetMI,P02-A4-PhysioNetMI-NEURAL-A4-C3-MULTI-PROB-AVG-P01-L1-LOW-CAL-OFFICIAL-R2:4_PER_CLASS-MR04:VS:A4-C0-CORE,,,,,CANONICAL_RESOURCE_CONSTRAINED_A4
A4_C1_C3,PhysioNetMI,P02-A4-PhysioNetMI-SSL-A4-C1-LONG-3P5S-P01-L1-LOW-CAL-OFFICIAL-R2:4_PER_CLASS-MR00:VS:A4-C0-CORE,,,,,CANONICAL_RESOURCE_CONSTRAINED_A4
A4_C1_C3,PhysioNetMI,P02-A4-PhysioNetMI-SSL-A4-C2-MULTI-HARD-VOTE-P01-L1-LOW-CAL-OFFICIAL-R2:4_PER_CLASS-MR00:VS:A4-C0-CORE,,,,,CANONICAL_RESOURCE_CONSTRAINED_A4
A4_C1_C3,PhysioNetMI,P02-A4-PhysioNetMI-SSL-A4-C3-MULTI-PROB-AVG-P01-L1-LOW-CAL-OFFICIAL-R2:4_PER_CLASS-MR00:VS:A4-C0-CORE,,,,,CANONICAL_RESOURCE_CONSTRAINED_A4
A4_C1_C3,PhysioNetMI,P02-A4-PhysioNetMI-SSL-A4-C1-LONG-3P5S-P01-L1-LOW-CAL-OFFICIAL-R2:4_PER_CLASS-MR01:VS:A4-C0-CORE,,,,,CANONICAL_RESOURCE_CONSTRAINED_A4
A4_C1_C3,PhysioNetMI,P02-A4-PhysioNetMI-SSL-A4-C2-MULTI-HARD-VOTE-P01-L1-LOW-CAL-OFFICIAL-R2:4_PER_CLASS-MR01:VS:A4-C0-CORE,,,,,CANONICAL_RESOURCE_CONSTRAINED_A4
A4_C1_C3,PhysioNetMI,P02-A4-PhysioNetMI-SSL-A4-C3-MULTI-PROB-AVG-P01-L1-LOW-CAL-OFFICIAL-R2:4_PER_CLASS-MR01:VS:A4-C0-CORE,,,,,CANONICAL_RESOURCE_CONSTRAINED_A4
A4_C1_C3,PhysioNetMI,P02-A4-PhysioNetMI-SSL-A4-C1-LONG-3P5S-P01-L1-LOW-CAL-OFFICIAL-R2:4_PER_CLASS-MR02:VS:A4-C0-CORE,,,,,CANONICAL_RESOURCE_CONSTRAINED_A4
A4_C1_C3,PhysioNetMI,P02-A4-PhysioNetMI-SSL-A4-C2-MULTI-HARD-VOTE-P01-L1-LOW-CAL-OFFICIAL-R2:4_PER_CLASS-MR02:VS:A4-C0-CORE,,,,,CANONICAL_RESOURCE_CONSTRAINED_A4
A4_C1_C3,PhysioNetMI,P02-A4-PhysioNetMI-SSL-A4-C3-MULTI-PROB-AVG-P01-L1-LOW-CAL-OFFICIAL-R2:4_PER_CLASS-MR02:VS:A4-C0-CORE,,,,,CANONICAL_RESOURCE_CONSTRAINED_A4
A4_C1_C3,PhysioNetMI,P02-A4-PhysioNetMI-SSL-A4-C1-LONG-3P5S-P01-L1-LOW-CAL-OFFICIAL-R2:4_PER_CLASS-MR03:VS:A4-C0-CORE,,,,,CANONICAL_RESOURCE_CONSTRAINED_A4
A4_C1_C3,PhysioNetMI,P02-A4-PhysioNetMI-SSL-A4-C2-MULTI-HARD-VOTE-P01-L1-LOW-CAL-OFFICIAL-R2:4_PER_CLASS-MR03:VS:A4-C0-CORE,,,,,CANONICAL_RESOURCE_CONSTRAINED_A4
A4_C1_C3,PhysioNetMI,P02-A4-PhysioNetMI-SSL-A4-C3-MULTI-PROB-AVG-P01-L1-LOW-CAL-OFFICIAL-R2:4_PER_CLASS-MR03:VS:A4-C0-CORE,,,,,CANONICAL_RESOURCE_CONSTRAINED_A4
A4_C1_C3,PhysioNetMI,P02-A4-PhysioNetMI-SSL-A4-C1-LONG-3P5S-P01-L1-LOW-CAL-OFFICIAL-R2:4_PER_CLASS-MR04:VS:A4-C0-CORE,,,,,CANONICAL_RESOURCE_CONSTRAINED_A4
A4_C1_C3,PhysioNetMI,P02-A4-PhysioNetMI-SSL-A4-C2-MULTI-HARD-VOTE-P01-L1-LOW-CAL-OFFICIAL-R2:4_PER_CLASS-MR04:VS:A4-C0-CORE,,,,,CANONICAL_RESOURCE_CONSTRAINED_A4
A4_C1_C3,PhysioNetMI,P02-A4-PhysioNetMI-SSL-A4-C3-MULTI-PROB-AVG-P01-L1-LOW-CAL-OFFICIAL-R2:4_PER_CLASS-MR04:VS:A4-C0-CORE,,,,,CANONICAL_RESOURCE_CONSTRAINED_A4
A4_C1_C3,PhysioNetMI,P02-A4-PhysioNetMI-CLASSICAL-A4-C1-LONG-3P5S-P01-L1-LOW-CAL-OFFICIAL-R2:8_PER_CLASS-MR00:VS:A4-C0-CORE,11.0,0.0,0.8125,1.0,CANONICAL_RESOURCE_CONSTRAINED_A4
A4_C1_C3,PhysioNetMI,P02-A4-PhysioNetMI-CLASSICAL-A4-C2-MULTI-HARD-VOTE-P01-L1-LOW-CAL-OFFICIAL-R2:8_PER_CLASS-MR00:VS:A4-C0-CORE,11.0,0.0,1.0,1.0,CANONICAL_RESOURCE_CONSTRAINED_A4
A4_C1_C3,PhysioNetMI,P02-A4-PhysioNetMI-CLASSICAL-A4-C3-MULTI-PROB-AVG-P01-L1-LOW-CAL-OFFICIAL-R2:8_PER_CLASS-MR00:VS:A4-C0-CORE,11.0,0.0,1.0,1.0,CANONICAL_RESOURCE_CONSTRAINED_A4
A4_C1_C3,PhysioNetMI,P02-A4-PhysioNetMI-RIEMANNIAN-A4-C1-LONG-3P5S-P01-L1-LOW-CAL-OFFICIAL-R2:8_PER_CLASS-MR00:VS:A4-C0-CORE,11.0,0.0,0.4375,1.0,CANONICAL_RESOURCE_CONSTRAINED_A4
A4_C1_C3,PhysioNetMI,P02-A4-PhysioNetMI-RIEMANNIAN-A4-C2-MULTI-HARD-VOTE-P01-L1-LOW-CAL-OFFICIAL-R2:8_PER_CLASS-MR00:VS:A4-C0-CORE,11.0,0.0,0.5625,1.0,CANONICAL_RESOURCE_CONSTRAINED_A4
A4_C1_C3,PhysioNetMI,P02-A4-PhysioNetMI-RIEMANNIAN-A4-C3-MULTI-PROB-AVG-P01-L1-LOW-CAL-OFFICIAL-R2:8_PER_CLASS-MR00:VS:A4-C0-CORE,11.0,0.0,1.0,1.0,CANONICAL_RESOURCE_CONSTRAINED_A4
A4_C1_C3,PhysioNetMI,P02-A4-PhysioNetMI-NEURAL-A4-C1-LONG-3P5S-P01-L1-LOW-CAL-OFFICIAL-R2:8_PER_CLASS-MR00:VS:A4-C0-CORE,11.0,0.0,1.0,1.0,CANONICAL_RESOURCE_CONSTRAINED_A4
A4_C1_C3,PhysioNetMI,P02-A4-PhysioNetMI-NEURAL-A4-C2-MULTI-HARD-VOTE-P01-L1-LOW-CAL-OFFICIAL-R2:8_PER_CLASS-MR00:VS:A4-C0-CORE,11.0,0.0,0.75,1.0,CANONICAL_RESOURCE_CONSTRAINED_A4
A4_C1_C3,PhysioNetMI,P02-A4-PhysioNetMI-NEURAL-A4-C3-MULTI-PROB-AVG-P01-L1-LOW-CAL-OFFICIAL-R2:8_PER_CLASS-MR00:VS:A4-C0-CORE,11.0,0.0,1.0,1.0,CANONICAL_RESOURCE_CONSTRAINED_A4
A4_C1_C3,PhysioNetMI,P02-A4-PhysioNetMI-NEURAL-A4-C1-LONG-3P5S-P01-L1-LOW-CAL-OFFICIAL-R2:8_PER_CLASS-MR01:VS:A4-C0-CORE,,,,,CANONICAL_RESOURCE_CONSTRAINED_A4
A4_C1_C3,PhysioNetMI,P02-A4-PhysioNetMI-NEURAL-A4-C2-MULTI-HARD-VOTE-P01-L1-LOW-CAL-OFFICIAL-R2:8_PER_CLASS-MR01:VS:A4-C0-CORE,,,,,CANONICAL_RESOURCE_CONSTRAINED_A4
A4_C1_C3,PhysioNetMI,P02-A4-PhysioNetMI-NEURAL-A4-C3-MULTI-PROB-AVG-P01-L1-LOW-CAL-OFFICIAL-R2:8_PER_CLASS-MR01:VS:A4-C0-CORE,,,,,CANONICAL_RESOURCE_CONSTRAINED_A4
A4_C1_C3,PhysioNetMI,P02-A4-PhysioNetMI-NEURAL-A4-C1-LONG-3P5S-P01-L1-LOW-CAL-OFFICIAL-R2:8_PER_CLASS-MR02:VS:A4-C0-CORE,,,,,CANONICAL_RESOURCE_CONSTRAINED_A4
A4_C1_C3,PhysioNetMI,P02-A4-PhysioNetMI-NEURAL-A4-C2-MULTI-HARD-VOTE-P01-L1-LOW-CAL-OFFICIAL-R2:8_PER_CLASS-MR02:VS:A4-C0-CORE,,,,,CANONICAL_RESOURCE_CONSTRAINED_A4
A4_C1_C3,PhysioNetMI,P02-A4-PhysioNetMI-NEURAL-A4-C3-MULTI-PROB-AVG-P01-L1-LOW-CAL-OFFICIAL-R2:8_PER_CLASS-MR02:VS:A4-C0-CORE,,,,,CANONICAL_RESOURCE_CONSTRAINED_A4
A4_C1_C3,PhysioNetMI,P02-A4-PhysioNetMI-NEURAL-A4-C1-LONG-3P5S-P01-L1-LOW-CAL-OFFICIAL-R2:8_PER_CLASS-MR03:VS:A4-C0-CORE,,,,,CANONICAL_RESOURCE_CONSTRAINED_A4
A4_C1_C3,PhysioNetMI,P02-A4-PhysioNetMI-NEURAL-A4-C2-MULTI-HARD-VOTE-P01-L1-LOW-CAL-OFFICIAL-R2:8_PER_CLASS-MR03:VS:A4-C0-CORE,,,,,CANONICAL_RESOURCE_CONSTRAINED_A4
A4_C1_C3,PhysioNetMI,P02-A4-PhysioNetMI-NEURAL-A4-C3-MULTI-PROB-AVG-P01-L1-LOW-CAL-OFFICIAL-R2:8_PER_CLASS-MR03:VS:A4-C0-CORE,,,,,CANONICAL_RESOURCE_CONSTRAINED_A4
A4_C1_C3,PhysioNetMI,P02-A4-PhysioNetMI-NEURAL-A4-C1-LONG-3P5S-P01-L1-LOW-CAL-OFFICIAL-R2:8_PER_CLASS-MR04:VS:A4-C0-CORE,,,,,CANONICAL_RESOURCE_CONSTRAINED_A4
A4_C1_C3,PhysioNetMI,P02-A4-PhysioNetMI-NEURAL-A4-C2-MULTI-HARD-VOTE-P01-L1-LOW-CAL-OFFICIAL-R2:8_PER_CLASS-MR04:VS:A4-C0-CORE,,,,,CANONICAL_RESOURCE_CONSTRAINED_A4
A4_C1_C3,PhysioNetMI,P02-A4-PhysioNetMI-NEURAL-A4-C3-MULTI-PROB-AVG-P01-L1-LOW-CAL-OFFICIAL-R2:8_PER_CLASS-MR04:VS:A4-C0-CORE,,,,,CANONICAL_RESOURCE_CONSTRAINED_A4
A4_C1_C3,PhysioNetMI,P02-A4-PhysioNetMI-SSL-A4-C1-LONG-3P5S-P01-L1-LOW-CAL-OFFICIAL-R2:8_PER_CLASS-MR00:VS:A4-C0-CORE,,,,,CANONICAL_RESOURCE_CONSTRAINED_A4
A4_C1_C3,PhysioNetMI,P02-A4-PhysioNetMI-SSL-A4-C2-MULTI-HARD-VOTE-P01-L1-LOW-CAL-OFFICIAL-R2:8_PER_CLASS-MR00:VS:A4-C0-CORE,11.0,-0.0454545454545455,0.240234375,0.48046875,CANONICAL_RESOURCE_CONSTRAINED_A4
A4_C1_C3,PhysioNetMI,P02-A4-PhysioNetMI-SSL-A4-C3-MULTI-PROB-AVG-P01-L1-LOW-CAL-OFFICIAL-R2:8_PER_CLASS-MR00:VS:A4-C0-CORE,11.0,-0.0208333333333332,0.6376953125,0.6376953125,CANONICAL_RESOURCE_CONSTRAINED_A4
A4_C1_C3,PhysioNetMI,P02-A4-PhysioNetMI-SSL-A4-C1-LONG-3P5S-P01-L1-LOW-CAL-OFFICIAL-R2:8_PER_CLASS-MR01:VS:A4-C0-CORE,,,,,CANONICAL_RESOURCE_CONSTRAINED_A4
A4_C1_C3,PhysioNetMI,P02-A4-PhysioNetMI-SSL-A4-C2-MULTI-HARD-VOTE-P01-L1-LOW-CAL-OFFICIAL-R2:8_PER_CLASS-MR01:VS:A4-C0-CORE,,,,,CANONICAL_RESOURCE_CONSTRAINED_A4
A4_C1_C3,PhysioNetMI,P02-A4-PhysioNetMI-SSL-A4-C3-MULTI-PROB-AVG-P01-L1-LOW-CAL-OFFICIAL-R2:8_PER_CLASS-MR01:VS:A4-C0-CORE,,,,,CANONICAL_RESOURCE_CONSTRAINED_A4
A4_C1_C3,PhysioNetMI,P02-A4-PhysioNetMI-SSL-A4-C1-LONG-3P5S-P01-L1-LOW-CAL-OFFICIAL-R2:8_PER_CLASS-MR02:VS:A4-C0-CORE,,,,,CANONICAL_RESOURCE_CONSTRAINED_A4
A4_C1_C3,PhysioNetMI,P02-A4-PhysioNetMI-SSL-A4-C2-MULTI-HARD-VOTE-P01-L1-LOW-CAL-OFFICIAL-R2:8_PER_CLASS-MR02:VS:A4-C0-CORE,,,,,CANONICAL_RESOURCE_CONSTRAINED_A4
A4_C1_C3,PhysioNetMI,P02-A4-PhysioNetMI-SSL-A4-C3-MULTI-PROB-AVG-P01-L1-LOW-CAL-OFFICIAL-R2:8_PER_CLASS-MR02:VS:A4-C0-CORE,,,,,CANONICAL_RESOURCE_CONSTRAINED_A4
A4_C1_C3,PhysioNetMI,P02-A4-PhysioNetMI-SSL-A4-C1-LONG-3P5S-P01-L1-LOW-CAL-OFFICIAL-R2:8_PER_CLASS-MR03:VS:A4-C0-CORE,,,,,CANONICAL_RESOURCE_CONSTRAINED_A4
A4_C1_C3,PhysioNetMI,P02-A4-PhysioNetMI-SSL-A4-C2-MULTI-HARD-VOTE-P01-L1-LOW-CAL-OFFICIAL-R2:8_PER_CLASS-MR03:VS:A4-C0-CORE,,,,,CANONICAL_RESOURCE_CONSTRAINED_A4
A4_C1_C3,PhysioNetMI,P02-A4-PhysioNetMI-SSL-A4-C3-MULTI-PROB-AVG-P01-L1-LOW-CAL-OFFICIAL-R2:8_PER_CLASS-MR03:VS:A4-C0-CORE,,,,,CANONICAL_RESOURCE_CONSTRAINED_A4
A4_C1_C3,PhysioNetMI,P02-A4-PhysioNetMI-SSL-A4-C1-LONG-3P5S-P01-L1-LOW-CAL-OFFICIAL-R2:8_PER_CLASS-MR04:VS:A4-C0-CORE,,,,,CANONICAL_RESOURCE_CONSTRAINED_A4
A4_C1_C3,PhysioNetMI,P02-A4-PhysioNetMI-SSL-A4-C2-MULTI-HARD-VOTE-P01-L1-LOW-CAL-OFFICIAL-R2:8_PER_CLASS-MR04:VS:A4-C0-CORE,,,,,CANONICAL_RESOURCE_CONSTRAINED_A4
A4_C1_C3,PhysioNetMI,P02-A4-PhysioNetMI-SSL-A4-C3-MULTI-PROB-AVG-P01-L1-LOW-CAL-OFFICIAL-R2:8_PER_CLASS-MR04:VS:A4-C0-CORE,,,,,CANONICAL_RESOURCE_CONSTRAINED_A4
A4_C1_C3,PhysioNetMI,P02-A4-PhysioNetMI-CLASSICAL-A4-C1-LONG-3P5S-P01-L1-LOW-CAL-OFFICIAL-R2:16_PER_CLASS-MR00:VS:A4-C0-CORE,11.0,0.0,0.640625,1.0,CANONICAL_RESOURCE_CONSTRAINED_A4
A4_C1_C3,PhysioNetMI,P02-A4-PhysioNetMI-CLASSICAL-A4-C2-MULTI-HARD-VOTE-P01-L1-LOW-CAL-OFFICIAL-R2:16_PER_CLASS-MR00:VS:A4-C0-CORE,11.0,0.0,0.4609375,1.0,CANONICAL_RESOURCE_CONSTRAINED_A4
A4_C1_C3,PhysioNetMI,P02-A4-PhysioNetMI-CLASSICAL-A4-C3-MULTI-PROB-AVG-P01-L1-LOW-CAL-OFFICIAL-R2:16_PER_CLASS-MR00:VS:A4-C0-CORE,11.0,0.0,0.9453125,1.0,CANONICAL_RESOURCE_CONSTRAINED_A4
A4_C1_C3,PhysioNetMI,P02-A4-PhysioNetMI-RIEMANNIAN-A4-C1-LONG-3P5S-P01-L1-LOW-CAL-OFFICIAL-R2:16_PER_CLASS-MR00:VS:A4-C0-CORE,11.0,0.0,0.6875,1.0,CANONICAL_RESOURCE_CONSTRAINED_A4
A4_C1_C3,PhysioNetMI,P02-A4-PhysioNetMI-RIEMANNIAN-A4-C2-MULTI-HARD-VOTE-P01-L1-LOW-CAL-OFFICIAL-R2:16_PER_CLASS-MR00:VS:A4-C0-CORE,11.0,-0.0009881422924901,0.1953125,1.0,CANONICAL_RESOURCE_CONSTRAINED_A4
A4_C1_C3,PhysioNetMI,P02-A4-PhysioNetMI-RIEMANNIAN-A4-C3-MULTI-PROB-AVG-P01-L1-LOW-CAL-OFFICIAL-R2:16_PER_CLASS-MR00:VS:A4-C0-CORE,11.0,0.0,0.640625,1.0,CANONICAL_RESOURCE_CONSTRAINED_A4
A4_C1_C3,PhysioNetMI,P02-A4-PhysioNetMI-NEURAL-A4-C1-LONG-3P5S-P01-L1-LOW-CAL-OFFICIAL-R2:16_PER_CLASS-MR00:VS:A4-C0-CORE,,,,,CANONICAL_RESOURCE_CONSTRAINED_A4
A4_C1_C3,PhysioNetMI,P02-A4-PhysioNetMI-NEURAL-A4-C2-MULTI-HARD-VOTE-P01-L1-LOW-CAL-OFFICIAL-R2:16_PER_CLASS-MR00:VS:A4-C0-CORE,,,,,CANONICAL_RESOURCE_CONSTRAINED_A4
A4_C1_C3,PhysioNetMI,P02-A4-PhysioNetMI-NEURAL-A4-C3-MULTI-PROB-AVG-P01-L1-LOW-CAL-OFFICIAL-R2:16_PER_CLASS-MR00:VS:A4-C0-CORE,,,,,CANONICAL_RESOURCE_CONSTRAINED_A4
A4_C1_C3,PhysioNetMI,P02-A4-PhysioNetMI-NEURAL-A4-C1-LONG-3P5S-P01-L1-LOW-CAL-OFFICIAL-R2:16_PER_CLASS-MR01:VS:A4-C0-CORE,,,,,CANONICAL_RESOURCE_CONSTRAINED_A4
A4_C1_C3,PhysioNetMI,P02-A4-PhysioNetMI-NEURAL-A4-C2-MULTI-HARD-VOTE-P01-L1-LOW-CAL-OFFICIAL-R2:16_PER_CLASS-MR01:VS:A4-C0-CORE,,,,,CANONICAL_RESOURCE_CONSTRAINED_A4
A4_C1_C3,PhysioNetMI,P02-A4-PhysioNetMI-NEURAL-A4-C3-MULTI-PROB-AVG-P01-L1-LOW-CAL-OFFICIAL-R2:16_PER_CLASS-MR01:VS:A4-C0-CORE,,,,,CANONICAL_RESOURCE_CONSTRAINED_A4
A4_C1_C3,PhysioNetMI,P02-A4-PhysioNetMI-NEURAL-A4-C1-LONG-3P5S-P01-L1-LOW-CAL-OFFICIAL-R2:16_PER_CLASS-MR02:VS:A4-C0-CORE,,,,,CANONICAL_RESOURCE_CONSTRAINED_A4
A4_C1_C3,PhysioNetMI,P02-A4-PhysioNetMI-NEURAL-A4-C2-MULTI-HARD-VOTE-P01-L1-LOW-CAL-OFFICIAL-R2:16_PER_CLASS-MR02:VS:A4-C0-CORE,,,,,CANONICAL_RESOURCE_CONSTRAINED_A4
A4_C1_C3,PhysioNetMI,P02-A4-PhysioNetMI-NEURAL-A4-C3-MULTI-PROB-AVG-P01-L1-LOW-CAL-OFFICIAL-R2:16_PER_CLASS-MR02:VS:A4-C0-CORE,,,,,CANONICAL_RESOURCE_CONSTRAINED_A4
A4_C1_C3,PhysioNetMI,P02-A4-PhysioNetMI-NEURAL-A4-C1-LONG-3P5S-P01-L1-LOW-CAL-OFFICIAL-R2:16_PER_CLASS-MR03:VS:A4-C0-CORE,,,,,CANONICAL_RESOURCE_CONSTRAINED_A4
A4_C1_C3,PhysioNetMI,P02-A4-PhysioNetMI-NEURAL-A4-C2-MULTI-HARD-VOTE-P01-L1-LOW-CAL-OFFICIAL-R2:16_PER_CLASS-MR03:VS:A4-C0-CORE,,,,,CANONICAL_RESOURCE_CONSTRAINED_A4
A4_C1_C3,PhysioNetMI,P02-A4-PhysioNetMI-NEURAL-A4-C3-MULTI-PROB-AVG-P01-L1-LOW-CAL-OFFICIAL-R2:16_PER_CLASS-MR03:VS:A4-C0-CORE,,,,,CANONICAL_RESOURCE_CONSTRAINED_A4
A4_C1_C3,PhysioNetMI,P02-A4-PhysioNetMI-NEURAL-A4-C1-LONG-3P5S-P01-L1-LOW-CAL-OFFICIAL-R2:16_PER_CLASS-MR04:VS:A4-C0-CORE,,,,,CANONICAL_RESOURCE_CONSTRAINED_A4
A4_C1_C3,PhysioNetMI,P02-A4-PhysioNetMI-NEURAL-A4-C2-MULTI-HARD-VOTE-P01-L1-LOW-CAL-OFFICIAL-R2:16_PER_CLASS-MR04:VS:A4-C0-CORE,,,,,CANONICAL_RESOURCE_CONSTRAINED_A4
A4_C1_C3,PhysioNetMI,P02-A4-PhysioNetMI-NEURAL-A4-C3-MULTI-PROB-AVG-P01-L1-LOW-CAL-OFFICIAL-R2:16_PER_CLASS-MR04:VS:A4-C0-CORE,,,,,CANONICAL_RESOURCE_CONSTRAINED_A4
A4_C1_C3,PhysioNetMI,P02-A4-PhysioNetMI-SSL-A4-C1-LONG-3P5S-P01-L1-LOW-CAL-OFFICIAL-R2:16_PER_CLASS-MR00:VS:A4-C0-CORE,,,,,CANONICAL_RESOURCE_CONSTRAINED_A4
A4_C1_C3,PhysioNetMI,P02-A4-PhysioNetMI-SSL-A4-C2-MULTI-HARD-VOTE-P01-L1-LOW-CAL-OFFICIAL-R2:16_PER_CLASS-MR00:VS:A4-C0-CORE,,,,,CANONICAL_RESOURCE_CONSTRAINED_A4
A4_C1_C3,PhysioNetMI,P02-A4-PhysioNetMI-SSL-A4-C3-MULTI-PROB-AVG-P01-L1-LOW-CAL-OFFICIAL-R2:16_PER_CLASS-MR00:VS:A4-C0-CORE,,,,,CANONICAL_RESOURCE_CONSTRAINED_A4
A4_C1_C3,PhysioNetMI,P02-A4-PhysioNetMI-SSL-A4-C1-LONG-3P5S-P01-L1-LOW-CAL-OFFICIAL-R2:16_PER_CLASS-MR01:VS:A4-C0-CORE,,,,,CANONICAL_RESOURCE_CONSTRAINED_A4
A4_C1_C3,PhysioNetMI,P02-A4-PhysioNetMI-SSL-A4-C2-MULTI-HARD-VOTE-P01-L1-LOW-CAL-OFFICIAL-R2:16_PER_CLASS-MR01:VS:A4-C0-CORE,,,,,CANONICAL_RESOURCE_CONSTRAINED_A4
A4_C1_C3,PhysioNetMI,P02-A4-PhysioNetMI-SSL-A4-C3-MULTI-PROB-AVG-P01-L1-LOW-CAL-OFFICIAL-R2:16_PER_CLASS-MR01:VS:A4-C0-CORE,,,,,CANONICAL_RESOURCE_CONSTRAINED_A4
A4_C1_C3,PhysioNetMI,P02-A4-PhysioNetMI-SSL-A4-C1-LONG-3P5S-P01-L1-LOW-CAL-OFFICIAL-R2:16_PER_CLASS-MR02:VS:A4-C0-CORE,,,,,CANONICAL_RESOURCE_CONSTRAINED_A4
A4_C1_C3,PhysioNetMI,P02-A4-PhysioNetMI-SSL-A4-C2-MULTI-HARD-VOTE-P01-L1-LOW-CAL-OFFICIAL-R2:16_PER_CLASS-MR02:VS:A4-C0-CORE,,,,,CANONICAL_RESOURCE_CONSTRAINED_A4
A4_C1_C3,PhysioNetMI,P02-A4-PhysioNetMI-SSL-A4-C3-MULTI-PROB-AVG-P01-L1-LOW-CAL-OFFICIAL-R2:16_PER_CLASS-MR02:VS:A4-C0-CORE,,,,,CANONICAL_RESOURCE_CONSTRAINED_A4
A4_C1_C3,PhysioNetMI,P02-A4-PhysioNetMI-SSL-A4-C1-LONG-3P5S-P01-L1-LOW-CAL-OFFICIAL-R2:16_PER_CLASS-MR03:VS:A4-C0-CORE,,,,,CANONICAL_RESOURCE_CONSTRAINED_A4
A4_C1_C3,PhysioNetMI,P02-A4-PhysioNetMI-SSL-A4-C2-MULTI-HARD-VOTE-P01-L1-LOW-CAL-OFFICIAL-R2:16_PER_CLASS-MR03:VS:A4-C0-CORE,,,,,CANONICAL_RESOURCE_CONSTRAINED_A4
A4_C1_C3,PhysioNetMI,P02-A4-PhysioNetMI-SSL-A4-C3-MULTI-PROB-AVG-P01-L1-LOW-CAL-OFFICIAL-R2:16_PER_CLASS-MR03:VS:A4-C0-CORE,,,,,CANONICAL_RESOURCE_CONSTRAINED_A4
A4_C1_C3,PhysioNetMI,P02-A4-PhysioNetMI-SSL-A4-C1-LONG-3P5S-P01-L1-LOW-CAL-OFFICIAL-R2:16_PER_CLASS-MR04:VS:A4-C0-CORE,,,,,CANONICAL_RESOURCE_CONSTRAINED_A4
A4_C1_C3,PhysioNetMI,P02-A4-PhysioNetMI-SSL-A4-C2-MULTI-HARD-VOTE-P01-L1-LOW-CAL-OFFICIAL-R2:16_PER_CLASS-MR04:VS:A4-C0-CORE,,,,,CANONICAL_RESOURCE_CONSTRAINED_A4
A4_C1_C3,PhysioNetMI,P02-A4-PhysioNetMI-SSL-A4-C3-MULTI-PROB-AVG-P01-L1-LOW-CAL-OFFICIAL-R2:16_PER_CLASS-MR04:VS:A4-C0-CORE,,,,,CANONICAL_RESOURCE_CONSTRAINED_A4
A4_C1_C3,PhysioNetMI,P02-A4-PhysioNetMI-CLASSICAL-A4-C1-LONG-3P5S-P01-L1-LOW-CAL-OFFICIAL-R2:32_PER_CLASS-MR00:VS:A4-C0-CORE,11.0,0.0,0.88671875,1.0,CANONICAL_RESOURCE_CONSTRAINED_A4
A4_C1_C3,PhysioNetMI,P02-A4-PhysioNetMI-CLASSICAL-A4-C2-MULTI-HARD-VOTE-P01-L1-LOW-CAL-OFFICIAL-R2:32_PER_CLASS-MR00:VS:A4-C0-CORE,11.0,0.0009881422924901,0.921875,1.0,CANONICAL_RESOURCE_CONSTRAINED_A4
A4_C1_C3,PhysioNetMI,P02-A4-PhysioNetMI-CLASSICAL-A4-C3-MULTI-PROB-AVG-P01-L1-LOW-CAL-OFFICIAL-R2:32_PER_CLASS-MR00:VS:A4-C0-CORE,11.0,0.0009881422924901,1.0,1.0,CANONICAL_RESOURCE_CONSTRAINED_A4
A4_C1_C3,PhysioNetMI,P02-A4-PhysioNetMI-RIEMANNIAN-A4-C1-LONG-3P5S-P01-L1-LOW-CAL-OFFICIAL-R2:32_PER_CLASS-MR00:VS:A4-C0-CORE,11.0,0.0208333333333333,0.193359375,0.580078125,CANONICAL_RESOURCE_CONSTRAINED_A4
A4_C1_C3,PhysioNetMI,P02-A4-PhysioNetMI-RIEMANNIAN-A4-C2-MULTI-HARD-VOTE-P01-L1-LOW-CAL-OFFICIAL-R2:32_PER_CLASS-MR00:VS:A4-C0-CORE,11.0,0.0464426877470355,0.359375,0.71875,CANONICAL_RESOURCE_CONSTRAINED_A4
A4_C1_C3,PhysioNetMI,P02-A4-PhysioNetMI-RIEMANNIAN-A4-C3-MULTI-PROB-AVG-P01-L1-LOW-CAL-OFFICIAL-R2:32_PER_CLASS-MR00:VS:A4-C0-CORE,11.0,0.0476190476190476,0.375,0.71875,CANONICAL_RESOURCE_CONSTRAINED_A4
A4_C1_C3,PhysioNetMI,P02-A4-PhysioNetMI-NEURAL-A4-C1-LONG-3P5S-P01-L1-LOW-CAL-OFFICIAL-R2:32_PER_CLASS-MR00:VS:A4-C0-CORE,,,,,CANONICAL_RESOURCE_CONSTRAINED_A4
A4_C1_C3,PhysioNetMI,P02-A4-PhysioNetMI-NEURAL-A4-C2-MULTI-HARD-VOTE-P01-L1-LOW-CAL-OFFICIAL-R2:32_PER_CLASS-MR00:VS:A4-C0-CORE,,,,,CANONICAL_RESOURCE_CONSTRAINED_A4
A4_C1_C3,PhysioNetMI,P02-A4-PhysioNetMI-NEURAL-A4-C3-MULTI-PROB-AVG-P01-L1-LOW-CAL-OFFICIAL-R2:32_PER_CLASS-MR00:VS:A4-C0-CORE,,,,,CANONICAL_RESOURCE_CONSTRAINED_A4
A4_C1_C3,PhysioNetMI,P02-A4-PhysioNetMI-NEURAL-A4-C1-LONG-3P5S-P01-L1-LOW-CAL-OFFICIAL-R2:32_PER_CLASS-MR01:VS:A4-C0-CORE,,,,,CANONICAL_RESOURCE_CONSTRAINED_A4
A4_C1_C3,PhysioNetMI,P02-A4-PhysioNetMI-NEURAL-A4-C2-MULTI-HARD-VOTE-P01-L1-LOW-CAL-OFFICIAL-R2:32_PER_CLASS-MR01:VS:A4-C0-CORE,,,,,CANONICAL_RESOURCE_CONSTRAINED_A4
A4_C1_C3,PhysioNetMI,P02-A4-PhysioNetMI-NEURAL-A4-C3-MULTI-PROB-AVG-P01-L1-LOW-CAL-OFFICIAL-R2:32_PER_CLASS-MR01:VS:A4-C0-CORE,,,,,CANONICAL_RESOURCE_CONSTRAINED_A4
A4_C1_C3,PhysioNetMI,P02-A4-PhysioNetMI-NEURAL-A4-C1-LONG-3P5S-P01-L1-LOW-CAL-OFFICIAL-R2:32_PER_CLASS-MR02:VS:A4-C0-CORE,,,,,CANONICAL_RESOURCE_CONSTRAINED_A4
A4_C1_C3,PhysioNetMI,P02-A4-PhysioNetMI-NEURAL-A4-C2-MULTI-HARD-VOTE-P01-L1-LOW-CAL-OFFICIAL-R2:32_PER_CLASS-MR02:VS:A4-C0-CORE,,,,,CANONICAL_RESOURCE_CONSTRAINED_A4
A4_C1_C3,PhysioNetMI,P02-A4-PhysioNetMI-NEURAL-A4-C3-MULTI-PROB-AVG-P01-L1-LOW-CAL-OFFICIAL-R2:32_PER_CLASS-MR02:VS:A4-C0-CORE,,,,,CANONICAL_RESOURCE_CONSTRAINED_A4
A4_C1_C3,PhysioNetMI,P02-A4-PhysioNetMI-NEURAL-A4-C1-LONG-3P5S-P01-L1-LOW-CAL-OFFICIAL-R2:32_PER_CLASS-MR03:VS:A4-C0-CORE,,,,,CANONICAL_RESOURCE_CONSTRAINED_A4
A4_C1_C3,PhysioNetMI,P02-A4-PhysioNetMI-NEURAL-A4-C2-MULTI-HARD-VOTE-P01-L1-LOW-CAL-OFFICIAL-R2:32_PER_CLASS-MR03:VS:A4-C0-CORE,,,,,CANONICAL_RESOURCE_CONSTRAINED_A4
A4_C1_C3,PhysioNetMI,P02-A4-PhysioNetMI-NEURAL-A4-C3-MULTI-PROB-AVG-P01-L1-LOW-CAL-OFFICIAL-R2:32_PER_CLASS-MR03:VS:A4-C0-CORE,,,,,CANONICAL_RESOURCE_CONSTRAINED_A4
A4_C1_C3,PhysioNetMI,P02-A4-PhysioNetMI-NEURAL-A4-C1-LONG-3P5S-P01-L1-LOW-CAL-OFFICIAL-R2:32_PER_CLASS-MR04:VS:A4-C0-CORE,,,,,CANONICAL_RESOURCE_CONSTRAINED_A4
A4_C1_C3,PhysioNetMI,P02-A4-PhysioNetMI-NEURAL-A4-C2-MULTI-HARD-VOTE-P01-L1-LOW-CAL-OFFICIAL-R2:32_PER_CLASS-MR04:VS:A4-C0-CORE,,,,,CANONICAL_RESOURCE_CONSTRAINED_A4
A4_C1_C3,PhysioNetMI,P02-A4-PhysioNetMI-NEURAL-A4-C3-MULTI-PROB-AVG-P01-L1-LOW-CAL-OFFICIAL-R2:32_PER_CLASS-MR04:VS:A4-C0-CORE,,,,,CANONICAL_RESOURCE_CONSTRAINED_A4
A4_C1_C3,PhysioNetMI,P02-A4-PhysioNetMI-SSL-A4-C1-LONG-3P5S-P01-L1-LOW-CAL-OFFICIAL-R2:32_PER_CLASS-MR00:VS:A4-C0-CORE,,,,,CANONICAL_RESOURCE_CONSTRAINED_A4
A4_C1_C3,PhysioNetMI,P02-A4-PhysioNetMI-SSL-A4-C2-MULTI-HARD-VOTE-P01-L1-LOW-CAL-OFFICIAL-R2:32_PER_CLASS-MR00:VS:A4-C0-CORE,,,,,CANONICAL_RESOURCE_CONSTRAINED_A4
A4_C1_C3,PhysioNetMI,P02-A4-PhysioNetMI-SSL-A4-C3-MULTI-PROB-AVG-P01-L1-LOW-CAL-OFFICIAL-R2:32_PER_CLASS-MR00:VS:A4-C0-CORE,,,,,CANONICAL_RESOURCE_CONSTRAINED_A4
A4_C1_C3,PhysioNetMI,P02-A4-PhysioNetMI-SSL-A4-C1-LONG-3P5S-P01-L1-LOW-CAL-OFFICIAL-R2:32_PER_CLASS-MR01:VS:A4-C0-CORE,,,,,CANONICAL_RESOURCE_CONSTRAINED_A4
A4_C1_C3,PhysioNetMI,P02-A4-PhysioNetMI-SSL-A4-C2-MULTI-HARD-VOTE-P01-L1-LOW-CAL-OFFICIAL-R2:32_PER_CLASS-MR01:VS:A4-C0-CORE,,,,,CANONICAL_RESOURCE_CONSTRAINED_A4
A4_C1_C3,PhysioNetMI,P02-A4-PhysioNetMI-SSL-A4-C3-MULTI-PROB-AVG-P01-L1-LOW-CAL-OFFICIAL-R2:32_PER_CLASS-MR01:VS:A4-C0-CORE,,,,,CANONICAL_RESOURCE_CONSTRAINED_A4
A4_C1_C3,PhysioNetMI,P02-A4-PhysioNetMI-SSL-A4-C1-LONG-3P5S-P01-L1-LOW-CAL-OFFICIAL-R2:32_PER_CLASS-MR02:VS:A4-C0-CORE,,,,,CANONICAL_RESOURCE_CONSTRAINED_A4
A4_C1_C3,PhysioNetMI,P02-A4-PhysioNetMI-SSL-A4-C2-MULTI-HARD-VOTE-P01-L1-LOW-CAL-OFFICIAL-R2:32_PER_CLASS-MR02:VS:A4-C0-CORE,,,,,CANONICAL_RESOURCE_CONSTRAINED_A4
A4_C1_C3,PhysioNetMI,P02-A4-PhysioNetMI-SSL-A4-C3-MULTI-PROB-AVG-P01-L1-LOW-CAL-OFFICIAL-R2:32_PER_CLASS-MR02:VS:A4-C0-CORE,,,,,CANONICAL_RESOURCE_CONSTRAINED_A4
A4_C1_C3,PhysioNetMI,P02-A4-PhysioNetMI-SSL-A4-C1-LONG-3P5S-P01-L1-LOW-CAL-OFFICIAL-R2:32_PER_CLASS-MR03:VS:A4-C0-CORE,,,,,CANONICAL_RESOURCE_CONSTRAINED_A4
A4_C1_C3,PhysioNetMI,P02-A4-PhysioNetMI-SSL-A4-C2-MULTI-HARD-VOTE-P01-L1-LOW-CAL-OFFICIAL-R2:32_PER_CLASS-MR03:VS:A4-C0-CORE,,,,,CANONICAL_RESOURCE_CONSTRAINED_A4
A4_C1_C3,PhysioNetMI,P02-A4-PhysioNetMI-SSL-A4-C3-MULTI-PROB-AVG-P01-L1-LOW-CAL-OFFICIAL-R2:32_PER_CLASS-MR03:VS:A4-C0-CORE,,,,,CANONICAL_RESOURCE_CONSTRAINED_A4
A4_C1_C3,PhysioNetMI,P02-A4-PhysioNetMI-SSL-A4-C1-LONG-3P5S-P01-L1-LOW-CAL-OFFICIAL-R2:32_PER_CLASS-MR04:VS:A4-C0-CORE,,,,,CANONICAL_RESOURCE_CONSTRAINED_A4
A4_C1_C3,PhysioNetMI,P02-A4-PhysioNetMI-SSL-A4-C2-MULTI-HARD-VOTE-P01-L1-LOW-CAL-OFFICIAL-R2:32_PER_CLASS-MR04:VS:A4-C0-CORE,,,,,CANONICAL_RESOURCE_CONSTRAINED_A4
A4_C1_C3,PhysioNetMI,P02-A4-PhysioNetMI-SSL-A4-C3-MULTI-PROB-AVG-P01-L1-LOW-CAL-OFFICIAL-R2:32_PER_CLASS-MR04:VS:A4-C0-CORE,,,,,CANONICAL_RESOURCE_CONSTRAINED_A4
A4_C1_C3,BNCI2014_001,P02-A4-BNCI2014_001-CLASSICAL-A4-C1-LONG-3P5S-FULL_TRAIN-MR00:VS:A4-C0-CORE,1.0,0.0069444444444444,,,CANONICAL_RESOURCE_CONSTRAINED_A4
A4_C1_C3,BNCI2014_001,P02-A4-BNCI2014_001-CLASSICAL-A4-C2-MULTI-HARD-VOTE-FULL_TRAIN-MR00:VS:A4-C0-CORE,1.0,0.017361111111111,,,CANONICAL_RESOURCE_CONSTRAINED_A4
A4_C1_C3,BNCI2014_001,P02-A4-BNCI2014_001-CLASSICAL-A4-C3-MULTI-PROB-AVG-FULL_TRAIN-MR00:VS:A4-C0-CORE,1.0,0.0208333333333333,,,CANONICAL_RESOURCE_CONSTRAINED_A4
A4_C1_C3,BNCI2014_001,P02-A4-BNCI2014_001-RIEMANNIAN-A4-C1-LONG-3P5S-FULL_TRAIN-MR00:VS:A4-C0-CORE,1.0,-0.0416666666666667,,,CANONICAL_RESOURCE_CONSTRAINED_A4
A4_C1_C3,BNCI2014_001,P02-A4-BNCI2014_001-RIEMANNIAN-A4-C2-MULTI-HARD-VOTE-FULL_TRAIN-MR00:VS:A4-C0-CORE,1.0,0.017361111111111,,,CANONICAL_RESOURCE_CONSTRAINED_A4
A4_C1_C3,BNCI2014_001,P02-A4-BNCI2014_001-RIEMANNIAN-A4-C3-MULTI-PROB-AVG-FULL_TRAIN-MR00:VS:A4-C0-CORE,1.0,0.0277777777777777,,,CANONICAL_RESOURCE_CONSTRAINED_A4
A4_C1_C3,BNCI2014_001,P02-A4-BNCI2014_001-NEURAL-A4-C1-LONG-3P5S-FULL_TRAIN-MR00:VS:A4-C0-CORE,1.0,-0.0451388888888889,,,CANONICAL_RESOURCE_CONSTRAINED_A4
A4_C1_C3,BNCI2014_001,P02-A4-BNCI2014_001-NEURAL-A4-C2-MULTI-HARD-VOTE-FULL_TRAIN-MR00:VS:A4-C0-CORE,1.0,-0.0312500000000001,,,CANONICAL_RESOURCE_CONSTRAINED_A4
A4_C1_C3,BNCI2014_001,P02-A4-BNCI2014_001-NEURAL-A4-C3-MULTI-PROB-AVG-FULL_TRAIN-MR00:VS:A4-C0-CORE,1.0,-0.0451388888888889,,,CANONICAL_RESOURCE_CONSTRAINED_A4
A4_C1_C3,BNCI2014_001,P02-A4-BNCI2014_001-NEURAL-A4-C1-LONG-3P5S-FULL_TRAIN-MR01:VS:A4-C0-CORE,,,,,CANONICAL_RESOURCE_CONSTRAINED_A4
A4_C1_C3,BNCI2014_001,P02-A4-BNCI2014_001-NEURAL-A4-C2-MULTI-HARD-VOTE-FULL_TRAIN-MR01:VS:A4-C0-CORE,,,,,CANONICAL_RESOURCE_CONSTRAINED_A4
A4_C1_C3,BNCI2014_001,P02-A4-BNCI2014_001-NEURAL-A4-C3-MULTI-PROB-AVG-FULL_TRAIN-MR01:VS:A4-C0-CORE,,,,,CANONICAL_RESOURCE_CONSTRAINED_A4
A4_C1_C3,BNCI2014_001,P02-A4-BNCI2014_001-NEURAL-A4-C1-LONG-3P5S-FULL_TRAIN-MR02:VS:A4-C0-CORE,,,,,CANONICAL_RESOURCE_CONSTRAINED_A4
A4_C1_C3,BNCI2014_001,P02-A4-BNCI2014_001-NEURAL-A4-C2-MULTI-HARD-VOTE-FULL_TRAIN-MR02:VS:A4-C0-CORE,,,,,CANONICAL_RESOURCE_CONSTRAINED_A4
A4_C1_C3,BNCI2014_001,P02-A4-BNCI2014_001-NEURAL-A4-C3-MULTI-PROB-AVG-FULL_TRAIN-MR02:VS:A4-C0-CORE,,,,,CANONICAL_RESOURCE_CONSTRAINED_A4
A4_C1_C3,BNCI2014_001,P02-A4-BNCI2014_001-NEURAL-A4-C1-LONG-3P5S-FULL_TRAIN-MR03:VS:A4-C0-CORE,,,,,CANONICAL_RESOURCE_CONSTRAINED_A4
A4_C1_C3,BNCI2014_001,P02-A4-BNCI2014_001-NEURAL-A4-C2-MULTI-HARD-VOTE-FULL_TRAIN-MR03:VS:A4-C0-CORE,,,,,CANONICAL_RESOURCE_CONSTRAINED_A4
A4_C1_C3,BNCI2014_001,P02-A4-BNCI2014_001-NEURAL-A4-C3-MULTI-PROB-AVG-FULL_TRAIN-MR03:VS:A4-C0-CORE,,,,,CANONICAL_RESOURCE_CONSTRAINED_A4
A4_C1_C3,BNCI2014_001,P02-A4-BNCI2014_001-NEURAL-A4-C1-LONG-3P5S-FULL_TRAIN-MR04:VS:A4-C0-CORE,,,,,CANONICAL_RESOURCE_CONSTRAINED_A4
A4_C1_C3,BNCI2014_001,P02-A4-BNCI2014_001-NEURAL-A4-C2-MULTI-HARD-VOTE-FULL_TRAIN-MR04:VS:A4-C0-CORE,,,,,CANONICAL_RESOURCE_CONSTRAINED_A4
A4_C1_C3,BNCI2014_001,P02-A4-BNCI2014_001-NEURAL-A4-C3-MULTI-PROB-AVG-FULL_TRAIN-MR04:VS:A4-C0-CORE,,,,,CANONICAL_RESOURCE_CONSTRAINED_A4
A4_C1_C3,BNCI2014_001,P02-A4-BNCI2014_001-SSL-A4-C1-LONG-3P5S-FULL_TRAIN-MR00:VS:A4-C0-CORE,,,,,CANONICAL_RESOURCE_CONSTRAINED_A4
A4_C1_C3,BNCI2014_001,P02-A4-BNCI2014_001-SSL-A4-C2-MULTI-HARD-VOTE-FULL_TRAIN-MR00:VS:A4-C0-CORE,1.0,0.0520833333333332,,,CANONICAL_RESOURCE_CONSTRAINED_A4
A4_C1_C3,BNCI2014_001,P02-A4-BNCI2014_001-SSL-A4-C3-MULTI-PROB-AVG-FULL_TRAIN-MR00:VS:A4-C0-CORE,1.0,0.0902777777777777,,,CANONICAL_RESOURCE_CONSTRAINED_A4
A4_C1_C3,BNCI2014_001,P02-A4-BNCI2014_001-SSL-A4-C1-LONG-3P5S-FULL_TRAIN-MR01:VS:A4-C0-CORE,,,,,CANONICAL_RESOURCE_CONSTRAINED_A4
A4_C1_C3,BNCI2014_001,P02-A4-BNCI2014_001-SSL-A4-C2-MULTI-HARD-VOTE-FULL_TRAIN-MR01:VS:A4-C0-CORE,,,,,CANONICAL_RESOURCE_CONSTRAINED_A4
A4_C1_C3,BNCI2014_001,P02-A4-BNCI2014_001-SSL-A4-C3-MULTI-PROB-AVG-FULL_TRAIN-MR01:VS:A4-C0-CORE,,,,,CANONICAL_RESOURCE_CONSTRAINED_A4
A4_C1_C3,BNCI2014_001,P02-A4-BNCI2014_001-SSL-A4-C1-LONG-3P5S-FULL_TRAIN-MR02:VS:A4-C0-CORE,,,,,CANONICAL_RESOURCE_CONSTRAINED_A4
A4_C1_C3,BNCI2014_001,P02-A4-BNCI2014_001-SSL-A4-C2-MULTI-HARD-VOTE-FULL_TRAIN-MR02:VS:A4-C0-CORE,,,,,CANONICAL_RESOURCE_CONSTRAINED_A4
A4_C1_C3,BNCI2014_001,P02-A4-BNCI2014_001-SSL-A4-C3-MULTI-PROB-AVG-FULL_TRAIN-MR02:VS:A4-C0-CORE,,,,,CANONICAL_RESOURCE_CONSTRAINED_A4
A4_C1_C3,BNCI2014_001,P02-A4-BNCI2014_001-SSL-A4-C1-LONG-3P5S-FULL_TRAIN-MR03:VS:A4-C0-CORE,,,,,CANONICAL_RESOURCE_CONSTRAINED_A4
A4_C1_C3,BNCI2014_001,P02-A4-BNCI2014_001-SSL-A4-C2-MULTI-HARD-VOTE-FULL_TRAIN-MR03:VS:A4-C0-CORE,,,,,CANONICAL_RESOURCE_CONSTRAINED_A4
A4_C1_C3,BNCI2014_001,P02-A4-BNCI2014_001-SSL-A4-C3-MULTI-PROB-AVG-FULL_TRAIN-MR03:VS:A4-C0-CORE,,,,,CANONICAL_RESOURCE_CONSTRAINED_A4
A4_C1_C3,BNCI2014_001,P02-A4-BNCI2014_001-SSL-A4-C1-LONG-3P5S-FULL_TRAIN-MR04:VS:A4-C0-CORE,,,,,CANONICAL_RESOURCE_CONSTRAINED_A4
A4_C1_C3,BNCI2014_001,P02-A4-BNCI2014_001-SSL-A4-C2-MULTI-HARD-VOTE-FULL_TRAIN-MR04:VS:A4-C0-CORE,,,,,CANONICAL_RESOURCE_CONSTRAINED_A4
A4_C1_C3,BNCI2014_001,P02-A4-BNCI2014_001-SSL-A4-C3-MULTI-PROB-AVG-FULL_TRAIN-MR04:VS:A4-C0-CORE,,,,,CANONICAL_RESOURCE_CONSTRAINED_A4
A4_C1_C3,BNCI2014_001,P02-A4-BNCI2014_001-CLASSICAL-A4-C1-LONG-3P5S-P01-L1-LOW-CAL-OFFICIAL-R2:1_PER_CLASS-MR00:VS:A4-C0-CORE,,,,,CANONICAL_RESOURCE_CONSTRAINED_A4
A4_C1_C3,BNCI2014_001,P02-A4-BNCI2014_001-CLASSICAL-A4-C2-MULTI-HARD-VOTE-P01-L1-LOW-CAL-OFFICIAL-R2:1_PER_CLASS-MR00:VS:A4-C0-CORE,,,,,CANONICAL_RESOURCE_CONSTRAINED_A4
A4_C1_C3,BNCI2014_001,P02-A4-BNCI2014_001-CLASSICAL-A4-C3-MULTI-PROB-AVG-P01-L1-LOW-CAL-OFFICIAL-R2:1_PER_CLASS-MR00:VS:A4-C0-CORE,,,,,CANONICAL_RESOURCE_CONSTRAINED_A4
A4_C1_C3,BNCI2014_001,P02-A4-BNCI2014_001-RIEMANNIAN-A4-C1-LONG-3P5S-P01-L1-LOW-CAL-OFFICIAL-R2:1_PER_CLASS-MR00:VS:A4-C0-CORE,1.0,-0.0104166666666667,,,CANONICAL_RESOURCE_CONSTRAINED_A4
A4_C1_C3,BNCI2014_001,P02-A4-BNCI2014_001-RIEMANNIAN-A4-C2-MULTI-HARD-VOTE-P01-L1-LOW-CAL-OFFICIAL-R2:1_PER_CLASS-MR00:VS:A4-C0-CORE,1.0,0.003472222222222,,,CANONICAL_RESOURCE_CONSTRAINED_A4
A4_C1_C3,BNCI2014_001,P02-A4-BNCI2014_001-RIEMANNIAN-A4-C3-MULTI-PROB-AVG-P01-L1-LOW-CAL-OFFICIAL-R2:1_PER_CLASS-MR00:VS:A4-C0-CORE,1.0,-0.0034722222222223,,,CANONICAL_RESOURCE_CONSTRAINED_A4
A4_C1_C3,BNCI2014_001,P02-A4-BNCI2014_001-NEURAL-A4-C1-LONG-3P5S-P01-L1-LOW-CAL-OFFICIAL-R2:1_PER_CLASS-MR00:VS:A4-C0-CORE,1.0,0.0069444444444444,,,CANONICAL_RESOURCE_CONSTRAINED_A4
A4_C1_C3,BNCI2014_001,P02-A4-BNCI2014_001-NEURAL-A4-C2-MULTI-HARD-VOTE-P01-L1-LOW-CAL-OFFICIAL-R2:1_PER_CLASS-MR00:VS:A4-C0-CORE,1.0,-0.0034722222222222,,,CANONICAL_RESOURCE_CONSTRAINED_A4
A4_C1_C3,BNCI2014_001,P02-A4-BNCI2014_001-NEURAL-A4-C3-MULTI-PROB-AVG-P01-L1-LOW-CAL-OFFICIAL-R2:1_PER_CLASS-MR00:VS:A4-C0-CORE,1.0,-0.0208333333333333,,,CANONICAL_RESOURCE_CONSTRAINED_A4
A4_C1_C3,BNCI2014_001,P02-A4-BNCI2014_001-NEURAL-A4-C1-LONG-3P5S-P01-L1-LOW-CAL-OFFICIAL-R2:1_PER_CLASS-MR01:VS:A4-C0-CORE,,,,,CANONICAL_RESOURCE_CONSTRAINED_A4
A4_C1_C3,BNCI2014_001,P02-A4-BNCI2014_001-NEURAL-A4-C2-MULTI-HARD-VOTE-P01-L1-LOW-CAL-OFFICIAL-R2:1_PER_CLASS-MR01:VS:A4-C0-CORE,,,,,CANONICAL_RESOURCE_CONSTRAINED_A4
A4_C1_C3,BNCI2014_001,P02-A4-BNCI2014_001-NEURAL-A4-C3-MULTI-PROB-AVG-P01-L1-LOW-CAL-OFFICIAL-R2:1_PER_CLASS-MR01:VS:A4-C0-CORE,,,,,CANONICAL_RESOURCE_CONSTRAINED_A4
A4_C1_C3,BNCI2014_001,P02-A4-BNCI2014_001-NEURAL-A4-C1-LONG-3P5S-P01-L1-LOW-CAL-OFFICIAL-R2:1_PER_CLASS-MR02:VS:A4-C0-CORE,,,,,CANONICAL_RESOURCE_CONSTRAINED_A4
A4_C1_C3,BNCI2014_001,P02-A4-BNCI2014_001-NEURAL-A4-C2-MULTI-HARD-VOTE-P01-L1-LOW-CAL-OFFICIAL-R2:1_PER_CLASS-MR02:VS:A4-C0-CORE,,,,,CANONICAL_RESOURCE_CONSTRAINED_A4
A4_C1_C3,BNCI2014_001,P02-A4-BNCI2014_001-NEURAL-A4-C3-MULTI-PROB-AVG-P01-L1-LOW-CAL-OFFICIAL-R2:1_PER_CLASS-MR02:VS:A4-C0-CORE,,,,,CANONICAL_RESOURCE_CONSTRAINED_A4
A4_C1_C3,BNCI2014_001,P02-A4-BNCI2014_001-NEURAL-A4-C1-LONG-3P5S-P01-L1-LOW-CAL-OFFICIAL-R2:1_PER_CLASS-MR03:VS:A4-C0-CORE,,,,,CANONICAL_RESOURCE_CONSTRAINED_A4
A4_C1_C3,BNCI2014_001,P02-A4-BNCI2014_001-NEURAL-A4-C2-MULTI-HARD-VOTE-P01-L1-LOW-CAL-OFFICIAL-R2:1_PER_CLASS-MR03:VS:A4-C0-CORE,,,,,CANONICAL_RESOURCE_CONSTRAINED_A4
A4_C1_C3,BNCI2014_001,P02-A4-BNCI2014_001-NEURAL-A4-C3-MULTI-PROB-AVG-P01-L1-LOW-CAL-OFFICIAL-R2:1_PER_CLASS-MR03:VS:A4-C0-CORE,,,,,CANONICAL_RESOURCE_CONSTRAINED_A4
A4_C1_C3,BNCI2014_001,P02-A4-BNCI2014_001-NEURAL-A4-C1-LONG-3P5S-P01-L1-LOW-CAL-OFFICIAL-R2:1_PER_CLASS-MR04:VS:A4-C0-CORE,,,,,CANONICAL_RESOURCE_CONSTRAINED_A4
A4_C1_C3,BNCI2014_001,P02-A4-BNCI2014_001-NEURAL-A4-C2-MULTI-HARD-VOTE-P01-L1-LOW-CAL-OFFICIAL-R2:1_PER_CLASS-MR04:VS:A4-C0-CORE,,,,,CANONICAL_RESOURCE_CONSTRAINED_A4
A4_C1_C3,BNCI2014_001,P02-A4-BNCI2014_001-NEURAL-A4-C3-MULTI-PROB-AVG-P01-L1-LOW-CAL-OFFICIAL-R2:1_PER_CLASS-MR04:VS:A4-C0-CORE,,,,,CANONICAL_RESOURCE_CONSTRAINED_A4
A4_C1_C3,BNCI2014_001,P02-A4-BNCI2014_001-SSL-A4-C1-LONG-3P5S-P01-L1-LOW-CAL-OFFICIAL-R2:1_PER_CLASS-MR00:VS:A4-C0-CORE,,,,,CANONICAL_RESOURCE_CONSTRAINED_A4
A4_C1_C3,BNCI2014_001,P02-A4-BNCI2014_001-SSL-A4-C2-MULTI-HARD-VOTE-P01-L1-LOW-CAL-OFFICIAL-R2:1_PER_CLASS-MR00:VS:A4-C0-CORE,1.0,0.0625,,,CANONICAL_RESOURCE_CONSTRAINED_A4
A4_C1_C3,BNCI2014_001,P02-A4-BNCI2014_001-SSL-A4-C3-MULTI-PROB-AVG-P01-L1-LOW-CAL-OFFICIAL-R2:1_PER_CLASS-MR00:VS:A4-C0-CORE,1.0,0.0243055555555554,,,CANONICAL_RESOURCE_CONSTRAINED_A4
A4_C1_C3,BNCI2014_001,P02-A4-BNCI2014_001-SSL-A4-C1-LONG-3P5S-P01-L1-LOW-CAL-OFFICIAL-R2:1_PER_CLASS-MR01:VS:A4-C0-CORE,,,,,CANONICAL_RESOURCE_CONSTRAINED_A4
A4_C1_C3,BNCI2014_001,P02-A4-BNCI2014_001-SSL-A4-C2-MULTI-HARD-VOTE-P01-L1-LOW-CAL-OFFICIAL-R2:1_PER_CLASS-MR01:VS:A4-C0-CORE,,,,,CANONICAL_RESOURCE_CONSTRAINED_A4
A4_C1_C3,BNCI2014_001,P02-A4-BNCI2014_001-SSL-A4-C3-MULTI-PROB-AVG-P01-L1-LOW-CAL-OFFICIAL-R2:1_PER_CLASS-MR01:VS:A4-C0-CORE,,,,,CANONICAL_RESOURCE_CONSTRAINED_A4
A4_C1_C3,BNCI2014_001,P02-A4-BNCI2014_001-SSL-A4-C1-LONG-3P5S-P01-L1-LOW-CAL-OFFICIAL-R2:1_PER_CLASS-MR02:VS:A4-C0-CORE,,,,,CANONICAL_RESOURCE_CONSTRAINED_A4
A4_C1_C3,BNCI2014_001,P02-A4-BNCI2014_001-SSL-A4-C2-MULTI-HARD-VOTE-P01-L1-LOW-CAL-OFFICIAL-R2:1_PER_CLASS-MR02:VS:A4-C0-CORE,,,,,CANONICAL_RESOURCE_CONSTRAINED_A4
A4_C1_C3,BNCI2014_001,P02-A4-BNCI2014_001-SSL-A4-C3-MULTI-PROB-AVG-P01-L1-LOW-CAL-OFFICIAL-R2:1_PER_CLASS-MR02:VS:A4-C0-CORE,,,,,CANONICAL_RESOURCE_CONSTRAINED_A4
A4_C1_C3,BNCI2014_001,P02-A4-BNCI2014_001-SSL-A4-C1-LONG-3P5S-P01-L1-LOW-CAL-OFFICIAL-R2:1_PER_CLASS-MR03:VS:A4-C0-CORE,,,,,CANONICAL_RESOURCE_CONSTRAINED_A4
A4_C1_C3,BNCI2014_001,P02-A4-BNCI2014_001-SSL-A4-C2-MULTI-HARD-VOTE-P01-L1-LOW-CAL-OFFICIAL-R2:1_PER_CLASS-MR03:VS:A4-C0-CORE,,,,,CANONICAL_RESOURCE_CONSTRAINED_A4
A4_C1_C3,BNCI2014_001,P02-A4-BNCI2014_001-SSL-A4-C3-MULTI-PROB-AVG-P01-L1-LOW-CAL-OFFICIAL-R2:1_PER_CLASS-MR03:VS:A4-C0-CORE,,,,,CANONICAL_RESOURCE_CONSTRAINED_A4
A4_C1_C3,BNCI2014_001,P02-A4-BNCI2014_001-SSL-A4-C1-LONG-3P5S-P01-L1-LOW-CAL-OFFICIAL-R2:1_PER_CLASS-MR04:VS:A4-C0-CORE,,,,,CANONICAL_RESOURCE_CONSTRAINED_A4
A4_C1_C3,BNCI2014_001,P02-A4-BNCI2014_001-SSL-A4-C2-MULTI-HARD-VOTE-P01-L1-LOW-CAL-OFFICIAL-R2:1_PER_CLASS-MR04:VS:A4-C0-CORE,,,,,CANONICAL_RESOURCE_CONSTRAINED_A4
A4_C1_C3,BNCI2014_001,P02-A4-BNCI2014_001-SSL-A4-C3-MULTI-PROB-AVG-P01-L1-LOW-CAL-OFFICIAL-R2:1_PER_CLASS-MR04:VS:A4-C0-CORE,,,,,CANONICAL_RESOURCE_CONSTRAINED_A4
A4_C1_C3,BNCI2014_001,P02-A4-BNCI2014_001-CLASSICAL-A4-C1-LONG-3P5S-P01-L1-LOW-CAL-OFFICIAL-R2:2_PER_CLASS-MR00:VS:A4-C0-CORE,1.0,0.048611111111111,,,CANONICAL_RESOURCE_CONSTRAINED_A4
A4_C1_C3,BNCI2014_001,P02-A4-BNCI2014_001-CLASSICAL-A4-C2-MULTI-HARD-VOTE-P01-L1-LOW-CAL-OFFICIAL-R2:2_PER_CLASS-MR00:VS:A4-C0-CORE,1.0,0.0277777777777777,,,CANONICAL_RESOURCE_CONSTRAINED_A4
A4_C1_C3,BNCI2014_001,P02-A4-BNCI2014_001-CLASSICAL-A4-C3-MULTI-PROB-AVG-P01-L1-LOW-CAL-OFFICIAL-R2:2_PER_CLASS-MR00:VS:A4-C0-CORE,1.0,0.0104166666666666,,,CANONICAL_RESOURCE_CONSTRAINED_A4
A4_C1_C3,BNCI2014_001,P02-A4-BNCI2014_001-RIEMANNIAN-A4-C1-LONG-3P5S-P01-L1-LOW-CAL-OFFICIAL-R2:2_PER_CLASS-MR00:VS:A4-C0-CORE,1.0,-0.0173611111111111,,,CANONICAL_RESOURCE_CONSTRAINED_A4
A4_C1_C3,BNCI2014_001,P02-A4-BNCI2014_001-RIEMANNIAN-A4-C2-MULTI-HARD-VOTE-P01-L1-LOW-CAL-OFFICIAL-R2:2_PER_CLASS-MR00:VS:A4-C0-CORE,1.0,0.0381944444444444,,,CANONICAL_RESOURCE_CONSTRAINED_A4
A4_C1_C3,BNCI2014_001,P02-A4-BNCI2014_001-RIEMANNIAN-A4-C3-MULTI-PROB-AVG-P01-L1-LOW-CAL-OFFICIAL-R2:2_PER_CLASS-MR00:VS:A4-C0-CORE,1.0,0.0208333333333333,,,CANONICAL_RESOURCE_CONSTRAINED_A4
A4_C1_C3,BNCI2014_001,P02-A4-BNCI2014_001-NEURAL-A4-C1-LONG-3P5S-P01-L1-LOW-CAL-OFFICIAL-R2:2_PER_CLASS-MR00:VS:A4-C0-CORE,,,,,CANONICAL_RESOURCE_CONSTRAINED_A4
A4_C1_C3,BNCI2014_001,P02-A4-BNCI2014_001-NEURAL-A4-C2-MULTI-HARD-VOTE-P01-L1-LOW-CAL-OFFICIAL-R2:2_PER_CLASS-MR00:VS:A4-C0-CORE,,,,,CANONICAL_RESOURCE_CONSTRAINED_A4
A4_C1_C3,BNCI2014_001,P02-A4-BNCI2014_001-NEURAL-A4-C3-MULTI-PROB-AVG-P01-L1-LOW-CAL-OFFICIAL-R2:2_PER_CLASS-MR00:VS:A4-C0-CORE,,,,,CANONICAL_RESOURCE_CONSTRAINED_A4
A4_C1_C3,BNCI2014_001,P02-A4-BNCI2014_001-NEURAL-A4-C1-LONG-3P5S-P01-L1-LOW-CAL-OFFICIAL-R2:2_PER_CLASS-MR01:VS:A4-C0-CORE,,,,,CANONICAL_RESOURCE_CONSTRAINED_A4
A4_C1_C3,BNCI2014_001,P02-A4-BNCI2014_001-NEURAL-A4-C2-MULTI-HARD-VOTE-P01-L1-LOW-CAL-OFFICIAL-R2:2_PER_CLASS-MR01:VS:A4-C0-CORE,,,,,CANONICAL_RESOURCE_CONSTRAINED_A4
A4_C1_C3,BNCI2014_001,P02-A4-BNCI2014_001-NEURAL-A4-C3-MULTI-PROB-AVG-P01-L1-LOW-CAL-OFFICIAL-R2:2_PER_CLASS-MR01:VS:A4-C0-CORE,,,,,CANONICAL_RESOURCE_CONSTRAINED_A4
A4_C1_C3,BNCI2014_001,P02-A4-BNCI2014_001-NEURAL-A4-C1-LONG-3P5S-P01-L1-LOW-CAL-OFFICIAL-R2:2_PER_CLASS-MR02:VS:A4-C0-CORE,,,,,CANONICAL_RESOURCE_CONSTRAINED_A4
A4_C1_C3,BNCI2014_001,P02-A4-BNCI2014_001-NEURAL-A4-C2-MULTI-HARD-VOTE-P01-L1-LOW-CAL-OFFICIAL-R2:2_PER_CLASS-MR02:VS:A4-C0-CORE,,,,,CANONICAL_RESOURCE_CONSTRAINED_A4
A4_C1_C3,BNCI2014_001,P02-A4-BNCI2014_001-NEURAL-A4-C3-MULTI-PROB-AVG-P01-L1-LOW-CAL-OFFICIAL-R2:2_PER_CLASS-MR02:VS:A4-C0-CORE,,,,,CANONICAL_RESOURCE_CONSTRAINED_A4
A4_C1_C3,BNCI2014_001,P02-A4-BNCI2014_001-NEURAL-A4-C1-LONG-3P5S-P01-L1-LOW-CAL-OFFICIAL-R2:2_PER_CLASS-MR03:VS:A4-C0-CORE,,,,,CANONICAL_RESOURCE_CONSTRAINED_A4
A4_C1_C3,BNCI2014_001,P02-A4-BNCI2014_001-NEURAL-A4-C2-MULTI-HARD-VOTE-P01-L1-LOW-CAL-OFFICIAL-R2:2_PER_CLASS-MR03:VS:A4-C0-CORE,,,,,CANONICAL_RESOURCE_CONSTRAINED_A4
A4_C1_C3,BNCI2014_001,P02-A4-BNCI2014_001-NEURAL-A4-C3-MULTI-PROB-AVG-P01-L1-LOW-CAL-OFFICIAL-R2:2_PER_CLASS-MR03:VS:A4-C0-CORE,,,,,CANONICAL_RESOURCE_CONSTRAINED_A4
A4_C1_C3,BNCI2014_001,P02-A4-BNCI2014_001-NEURAL-A4-C1-LONG-3P5S-P01-L1-LOW-CAL-OFFICIAL-R2:2_PER_CLASS-MR04:VS:A4-C0-CORE,,,,,CANONICAL_RESOURCE_CONSTRAINED_A4
A4_C1_C3,BNCI2014_001,P02-A4-BNCI2014_001-NEURAL-A4-C2-MULTI-HARD-VOTE-P01-L1-LOW-CAL-OFFICIAL-R2:2_PER_CLASS-MR04:VS:A4-C0-CORE,,,,,CANONICAL_RESOURCE_CONSTRAINED_A4
A4_C1_C3,BNCI2014_001,P02-A4-BNCI2014_001-NEURAL-A4-C3-MULTI-PROB-AVG-P01-L1-LOW-CAL-OFFICIAL-R2:2_PER_CLASS-MR04:VS:A4-C0-CORE,,,,,CANONICAL_RESOURCE_CONSTRAINED_A4
A4_C1_C3,BNCI2014_001,P02-A4-BNCI2014_001-SSL-A4-C1-LONG-3P5S-P01-L1-LOW-CAL-OFFICIAL-R2:2_PER_CLASS-MR00:VS:A4-C0-CORE,,,,,CANONICAL_RESOURCE_CONSTRAINED_A4
A4_C1_C3,BNCI2014_001,P02-A4-BNCI2014_001-SSL-A4-C2-MULTI-HARD-VOTE-P01-L1-LOW-CAL-OFFICIAL-R2:2_PER_CLASS-MR00:VS:A4-C0-CORE,,,,,CANONICAL_RESOURCE_CONSTRAINED_A4
A4_C1_C3,BNCI2014_001,P02-A4-BNCI2014_001-SSL-A4-C3-MULTI-PROB-AVG-P01-L1-LOW-CAL-OFFICIAL-R2:2_PER_CLASS-MR00:VS:A4-C0-CORE,,,,,CANONICAL_RESOURCE_CONSTRAINED_A4
A4_C1_C3,BNCI2014_001,P02-A4-BNCI2014_001-SSL-A4-C1-LONG-3P5S-P01-L1-LOW-CAL-OFFICIAL-R2:2_PER_CLASS-MR01:VS:A4-C0-CORE,,,,,CANONICAL_RESOURCE_CONSTRAINED_A4
A4_C1_C3,BNCI2014_001,P02-A4-BNCI2014_001-SSL-A4-C2-MULTI-HARD-VOTE-P01-L1-LOW-CAL-OFFICIAL-R2:2_PER_CLASS-MR01:VS:A4-C0-CORE,,,,,CANONICAL_RESOURCE_CONSTRAINED_A4
A4_C1_C3,BNCI2014_001,P02-A4-BNCI2014_001-SSL-A4-C3-MULTI-PROB-AVG-P01-L1-LOW-CAL-OFFICIAL-R2:2_PER_CLASS-MR01:VS:A4-C0-CORE,,,,,CANONICAL_RESOURCE_CONSTRAINED_A4
A4_C1_C3,BNCI2014_001,P02-A4-BNCI2014_001-SSL-A4-C1-LONG-3P5S-P01-L1-LOW-CAL-OFFICIAL-R2:2_PER_CLASS-MR02:VS:A4-C0-CORE,,,,,CANONICAL_RESOURCE_CONSTRAINED_A4
A4_C1_C3,BNCI2014_001,P02-A4-BNCI2014_001-SSL-A4-C2-MULTI-HARD-VOTE-P01-L1-LOW-CAL-OFFICIAL-R2:2_PER_CLASS-MR02:VS:A4-C0-CORE,,,,,CANONICAL_RESOURCE_CONSTRAINED_A4
A4_C1_C3,BNCI2014_001,P02-A4-BNCI2014_001-SSL-A4-C3-MULTI-PROB-AVG-P01-L1-LOW-CAL-OFFICIAL-R2:2_PER_CLASS-MR02:VS:A4-C0-CORE,,,,,CANONICAL_RESOURCE_CONSTRAINED_A4
A4_C1_C3,BNCI2014_001,P02-A4-BNCI2014_001-SSL-A4-C1-LONG-3P5S-P01-L1-LOW-CAL-OFFICIAL-R2:2_PER_CLASS-MR03:VS:A4-C0-CORE,,,,,CANONICAL_RESOURCE_CONSTRAINED_A4
A4_C1_C3,BNCI2014_001,P02-A4-BNCI2014_001-SSL-A4-C2-MULTI-HARD-VOTE-P01-L1-LOW-CAL-OFFICIAL-R2:2_PER_CLASS-MR03:VS:A4-C0-CORE,,,,,CANONICAL_RESOURCE_CONSTRAINED_A4
A4_C1_C3,BNCI2014_001,P02-A4-BNCI2014_001-SSL-A4-C3-MULTI-PROB-AVG-P01-L1-LOW-CAL-OFFICIAL-R2:2_PER_CLASS-MR03:VS:A4-C0-CORE,,,,,CANONICAL_RESOURCE_CONSTRAINED_A4
A4_C1_C3,BNCI2014_001,P02-A4-BNCI2014_001-SSL-A4-C1-LONG-3P5S-P01-L1-LOW-CAL-OFFICIAL-R2:2_PER_CLASS-MR04:VS:A4-C0-CORE,,,,,CANONICAL_RESOURCE_CONSTRAINED_A4
A4_C1_C3,BNCI2014_001,P02-A4-BNCI2014_001-SSL-A4-C2-MULTI-HARD-VOTE-P01-L1-LOW-CAL-OFFICIAL-R2:2_PER_CLASS-MR04:VS:A4-C0-CORE,,,,,CANONICAL_RESOURCE_CONSTRAINED_A4
A4_C1_C3,BNCI2014_001,P02-A4-BNCI2014_001-SSL-A4-C3-MULTI-PROB-AVG-P01-L1-LOW-CAL-OFFICIAL-R2:2_PER_CLASS-MR04:VS:A4-C0-CORE,,,,,CANONICAL_RESOURCE_CONSTRAINED_A4
A4_C1_C3,BNCI2014_001,P02-A4-BNCI2014_001-CLASSICAL-A4-C1-LONG-3P5S-P01-L1-LOW-CAL-OFFICIAL-R2:4_PER_CLASS-MR00:VS:A4-C0-CORE,1.0,-0.0243055555555555,,,CANONICAL_RESOURCE_CONSTRAINED_A4
A4_C1_C3,BNCI2014_001,P02-A4-BNCI2014_001-CLASSICAL-A4-C2-MULTI-HARD-VOTE-P01-L1-LOW-CAL-OFFICIAL-R2:4_PER_CLASS-MR00:VS:A4-C0-CORE,1.0,-0.0416666666666667,,,CANONICAL_RESOURCE_CONSTRAINED_A4
A4_C1_C3,BNCI2014_001,P02-A4-BNCI2014_001-CLASSICAL-A4-C3-MULTI-PROB-AVG-P01-L1-LOW-CAL-OFFICIAL-R2:4_PER_CLASS-MR00:VS:A4-C0-CORE,1.0,-0.0381944444444445,,,CANONICAL_RESOURCE_CONSTRAINED_A4
A4_C1_C3,BNCI2014_001,P02-A4-BNCI2014_001-RIEMANNIAN-A4-C1-LONG-3P5S-P01-L1-LOW-CAL-OFFICIAL-R2:4_PER_CLASS-MR00:VS:A4-C0-CORE,1.0,0.0312499999999998,,,CANONICAL_RESOURCE_CONSTRAINED_A4
A4_C1_C3,BNCI2014_001,P02-A4-BNCI2014_001-RIEMANNIAN-A4-C2-MULTI-HARD-VOTE-P01-L1-LOW-CAL-OFFICIAL-R2:4_PER_CLASS-MR00:VS:A4-C0-CORE,1.0,0.0138888888888888,,,CANONICAL_RESOURCE_CONSTRAINED_A4
A4_C1_C3,BNCI2014_001,P02-A4-BNCI2014_001-RIEMANNIAN-A4-C3-MULTI-PROB-AVG-P01-L1-LOW-CAL-OFFICIAL-R2:4_PER_CLASS-MR00:VS:A4-C0-CORE,1.0,0.0347222222222222,,,CANONICAL_RESOURCE_CONSTRAINED_A4
A4_C1_C3,BNCI2014_001,P02-A4-BNCI2014_001-NEURAL-A4-C1-LONG-3P5S-P01-L1-LOW-CAL-OFFICIAL-R2:4_PER_CLASS-MR00:VS:A4-C0-CORE,,,,,CANONICAL_RESOURCE_CONSTRAINED_A4
A4_C1_C3,BNCI2014_001,P02-A4-BNCI2014_001-NEURAL-A4-C2-MULTI-HARD-VOTE-P01-L1-LOW-CAL-OFFICIAL-R2:4_PER_CLASS-MR00:VS:A4-C0-CORE,,,,,CANONICAL_RESOURCE_CONSTRAINED_A4
A4_C1_C3,BNCI2014_001,P02-A4-BNCI2014_001-NEURAL-A4-C3-MULTI-PROB-AVG-P01-L1-LOW-CAL-OFFICIAL-R2:4_PER_CLASS-MR00:VS:A4-C0-CORE,,,,,CANONICAL_RESOURCE_CONSTRAINED_A4
A4_C1_C3,BNCI2014_001,P02-A4-BNCI2014_001-NEURAL-A4-C1-LONG-3P5S-P01-L1-LOW-CAL-OFFICIAL-R2:4_PER_CLASS-MR01:VS:A4-C0-CORE,,,,,CANONICAL_RESOURCE_CONSTRAINED_A4
A4_C1_C3,BNCI2014_001,P02-A4-BNCI2014_001-NEURAL-A4-C2-MULTI-HARD-VOTE-P01-L1-LOW-CAL-OFFICIAL-R2:4_PER_CLASS-MR01:VS:A4-C0-CORE,,,,,CANONICAL_RESOURCE_CONSTRAINED_A4
A4_C1_C3,BNCI2014_001,P02-A4-BNCI2014_001-NEURAL-A4-C3-MULTI-PROB-AVG-P01-L1-LOW-CAL-OFFICIAL-R2:4_PER_CLASS-MR01:VS:A4-C0-CORE,,,,,CANONICAL_RESOURCE_CONSTRAINED_A4
A4_C1_C3,BNCI2014_001,P02-A4-BNCI2014_001-NEURAL-A4-C1-LONG-3P5S-P01-L1-LOW-CAL-OFFICIAL-R2:4_PER_CLASS-MR02:VS:A4-C0-CORE,,,,,CANONICAL_RESOURCE_CONSTRAINED_A4
A4_C1_C3,BNCI2014_001,P02-A4-BNCI2014_001-NEURAL-A4-C2-MULTI-HARD-VOTE-P01-L1-LOW-CAL-OFFICIAL-R2:4_PER_CLASS-MR02:VS:A4-C0-CORE,,,,,CANONICAL_RESOURCE_CONSTRAINED_A4
A4_C1_C3,BNCI2014_001,P02-A4-BNCI2014_001-NEURAL-A4-C3-MULTI-PROB-AVG-P01-L1-LOW-CAL-OFFICIAL-R2:4_PER_CLASS-MR02:VS:A4-C0-CORE,,,,,CANONICAL_RESOURCE_CONSTRAINED_A4
A4_C1_C3,BNCI2014_001,P02-A4-BNCI2014_001-NEURAL-A4-C1-LONG-3P5S-P01-L1-LOW-CAL-OFFICIAL-R2:4_PER_CLASS-MR03:VS:A4-C0-CORE,,,,,CANONICAL_RESOURCE_CONSTRAINED_A4
A4_C1_C3,BNCI2014_001,P02-A4-BNCI2014_001-NEURAL-A4-C2-MULTI-HARD-VOTE-P01-L1-LOW-CAL-OFFICIAL-R2:4_PER_CLASS-MR03:VS:A4-C0-CORE,,,,,CANONICAL_RESOURCE_CONSTRAINED_A4
A4_C1_C3,BNCI2014_001,P02-A4-BNCI2014_001-NEURAL-A4-C3-MULTI-PROB-AVG-P01-L1-LOW-CAL-OFFICIAL-R2:4_PER_CLASS-MR03:VS:A4-C0-CORE,,,,,CANONICAL_RESOURCE_CONSTRAINED_A4
A4_C1_C3,BNCI2014_001,P02-A4-BNCI2014_001-NEURAL-A4-C1-LONG-3P5S-P01-L1-LOW-CAL-OFFICIAL-R2:4_PER_CLASS-MR04:VS:A4-C0-CORE,,,,,CANONICAL_RESOURCE_CONSTRAINED_A4
A4_C1_C3,BNCI2014_001,P02-A4-BNCI2014_001-NEURAL-A4-C2-MULTI-HARD-VOTE-P01-L1-LOW-CAL-OFFICIAL-R2:4_PER_CLASS-MR04:VS:A4-C0-CORE,,,,,CANONICAL_RESOURCE_CONSTRAINED_A4
A4_C1_C3,BNCI2014_001,P02-A4-BNCI2014_001-NEURAL-A4-C3-MULTI-PROB-AVG-P01-L1-LOW-CAL-OFFICIAL-R2:4_PER_CLASS-MR04:VS:A4-C0-CORE,,,,,CANONICAL_RESOURCE_CONSTRAINED_A4
A4_C1_C3,BNCI2014_001,P02-A4-BNCI2014_001-SSL-A4-C1-LONG-3P5S-P01-L1-LOW-CAL-OFFICIAL-R2:4_PER_CLASS-MR00:VS:A4-C0-CORE,,,,,CANONICAL_RESOURCE_CONSTRAINED_A4
A4_C1_C3,BNCI2014_001,P02-A4-BNCI2014_001-SSL-A4-C2-MULTI-HARD-VOTE-P01-L1-LOW-CAL-OFFICIAL-R2:4_PER_CLASS-MR00:VS:A4-C0-CORE,,,,,CANONICAL_RESOURCE_CONSTRAINED_A4
A4_C1_C3,BNCI2014_001,P02-A4-BNCI2014_001-SSL-A4-C3-MULTI-PROB-AVG-P01-L1-LOW-CAL-OFFICIAL-R2:4_PER_CLASS-MR00:VS:A4-C0-CORE,,,,,CANONICAL_RESOURCE_CONSTRAINED_A4
A4_C1_C3,BNCI2014_001,P02-A4-BNCI2014_001-SSL-A4-C1-LONG-3P5S-P01-L1-LOW-CAL-OFFICIAL-R2:4_PER_CLASS-MR01:VS:A4-C0-CORE,,,,,CANONICAL_RESOURCE_CONSTRAINED_A4
A4_C1_C3,BNCI2014_001,P02-A4-BNCI2014_001-SSL-A4-C2-MULTI-HARD-VOTE-P01-L1-LOW-CAL-OFFICIAL-R2:4_PER_CLASS-MR01:VS:A4-C0-CORE,,,,,CANONICAL_RESOURCE_CONSTRAINED_A4
A4_C1_C3,BNCI2014_001,P02-A4-BNCI2014_001-SSL-A4-C3-MULTI-PROB-AVG-P01-L1-LOW-CAL-OFFICIAL-R2:4_PER_CLASS-MR01:VS:A4-C0-CORE,,,,,CANONICAL_RESOURCE_CONSTRAINED_A4
A4_C1_C3,BNCI2014_001,P02-A4-BNCI2014_001-SSL-A4-C1-LONG-3P5S-P01-L1-LOW-CAL-OFFICIAL-R2:4_PER_CLASS-MR02:VS:A4-C0-CORE,,,,,CANONICAL_RESOURCE_CONSTRAINED_A4
A4_C1_C3,BNCI2014_001,P02-A4-BNCI2014_001-SSL-A4-C2-MULTI-HARD-VOTE-P01-L1-LOW-CAL-OFFICIAL-R2:4_PER_CLASS-MR02:VS:A4-C0-CORE,,,,,CANONICAL_RESOURCE_CONSTRAINED_A4
A4_C1_C3,BNCI2014_001,P02-A4-BNCI2014_001-SSL-A4-C3-MULTI-PROB-AVG-P01-L1-LOW-CAL-OFFICIAL-R2:4_PER_CLASS-MR02:VS:A4-C0-CORE,,,,,CANONICAL_RESOURCE_CONSTRAINED_A4
A4_C1_C3,BNCI2014_001,P02-A4-BNCI2014_001-SSL-A4-C1-LONG-3P5S-P01-L1-LOW-CAL-OFFICIAL-R2:4_PER_CLASS-MR03:VS:A4-C0-CORE,,,,,CANONICAL_RESOURCE_CONSTRAINED_A4
A4_C1_C3,BNCI2014_001,P02-A4-BNCI2014_001-SSL-A4-C2-MULTI-HARD-VOTE-P01-L1-LOW-CAL-OFFICIAL-R2:4_PER_CLASS-MR03:VS:A4-C0-CORE,,,,,CANONICAL_RESOURCE_CONSTRAINED_A4
A4_C1_C3,BNCI2014_001,P02-A4-BNCI2014_001-SSL-A4-C3-MULTI-PROB-AVG-P01-L1-LOW-CAL-OFFICIAL-R2:4_PER_CLASS-MR03:VS:A4-C0-CORE,,,,,CANONICAL_RESOURCE_CONSTRAINED_A4
A4_C1_C3,BNCI2014_001,P02-A4-BNCI2014_001-SSL-A4-C1-LONG-3P5S-P01-L1-LOW-CAL-OFFICIAL-R2:4_PER_CLASS-MR04:VS:A4-C0-CORE,,,,,CANONICAL_RESOURCE_CONSTRAINED_A4
A4_C1_C3,BNCI2014_001,P02-A4-BNCI2014_001-SSL-A4-C2-MULTI-HARD-VOTE-P01-L1-LOW-CAL-OFFICIAL-R2:4_PER_CLASS-MR04:VS:A4-C0-CORE,,,,,CANONICAL_RESOURCE_CONSTRAINED_A4
A4_C1_C3,BNCI2014_001,P02-A4-BNCI2014_001-SSL-A4-C3-MULTI-PROB-AVG-P01-L1-LOW-CAL-OFFICIAL-R2:4_PER_CLASS-MR04:VS:A4-C0-CORE,,,,,CANONICAL_RESOURCE_CONSTRAINED_A4
A4_C1_C3,BNCI2014_001,P02-A4-BNCI2014_001-CLASSICAL-A4-C1-LONG-3P5S-P01-L1-LOW-CAL-OFFICIAL-R2:8_PER_CLASS-MR00:VS:A4-C0-CORE,1.0,0.0138888888888888,,,CANONICAL_RESOURCE_CONSTRAINED_A4
A4_C1_C3,BNCI2014_001,P02-A4-BNCI2014_001-CLASSICAL-A4-C2-MULTI-HARD-VOTE-P01-L1-LOW-CAL-OFFICIAL-R2:8_PER_CLASS-MR00:VS:A4-C0-CORE,1.0,0.0208333333333333,,,CANONICAL_RESOURCE_CONSTRAINED_A4
A4_C1_C3,BNCI2014_001,P02-A4-BNCI2014_001-CLASSICAL-A4-C3-MULTI-PROB-AVG-P01-L1-LOW-CAL-OFFICIAL-R2:8_PER_CLASS-MR00:VS:A4-C0-CORE,1.0,-0.0243055555555555,,,CANONICAL_RESOURCE_CONSTRAINED_A4
A4_C1_C3,BNCI2014_001,P02-A4-BNCI2014_001-RIEMANNIAN-A4-C1-LONG-3P5S-P01-L1-LOW-CAL-OFFICIAL-R2:8_PER_CLASS-MR00:VS:A4-C0-CORE,1.0,0.0208333333333333,,,CANONICAL_RESOURCE_CONSTRAINED_A4
A4_C1_C3,BNCI2014_001,P02-A4-BNCI2014_001-RIEMANNIAN-A4-C2-MULTI-HARD-VOTE-P01-L1-LOW-CAL-OFFICIAL-R2:8_PER_CLASS-MR00:VS:A4-C0-CORE,1.0,0.0208333333333333,,,CANONICAL_RESOURCE_CONSTRAINED_A4
A4_C1_C3,BNCI2014_001,P02-A4-BNCI2014_001-RIEMANNIAN-A4-C3-MULTI-PROB-AVG-P01-L1-LOW-CAL-OFFICIAL-R2:8_PER_CLASS-MR00:VS:A4-C0-CORE,1.0,0.0208333333333333,,,CANONICAL_RESOURCE_CONSTRAINED_A4
A4_C1_C3,BNCI2014_001,P02-A4-BNCI2014_001-NEURAL-A4-C1-LONG-3P5S-P01-L1-LOW-CAL-OFFICIAL-R2:8_PER_CLASS-MR00:VS:A4-C0-CORE,1.0,-0.0034722222222221,,,CANONICAL_RESOURCE_CONSTRAINED_A4
A4_C1_C3,BNCI2014_001,P02-A4-BNCI2014_001-NEURAL-A4-C2-MULTI-HARD-VOTE-P01-L1-LOW-CAL-OFFICIAL-R2:8_PER_CLASS-MR00:VS:A4-C0-CORE,1.0,0.0104166666666666,,,CANONICAL_RESOURCE_CONSTRAINED_A4
A4_C1_C3,BNCI2014_001,P02-A4-BNCI2014_001-NEURAL-A4-C3-MULTI-PROB-AVG-P01-L1-LOW-CAL-OFFICIAL-R2:8_PER_CLASS-MR00:VS:A4-C0-CORE,1.0,0.0208333333333333,,,CANONICAL_RESOURCE_CONSTRAINED_A4
A4_C1_C3,BNCI2014_001,P02-A4-BNCI2014_001-NEURAL-A4-C1-LONG-3P5S-P01-L1-LOW-CAL-OFFICIAL-R2:8_PER_CLASS-MR01:VS:A4-C0-CORE,,,,,CANONICAL_RESOURCE_CONSTRAINED_A4
A4_C1_C3,BNCI2014_001,P02-A4-BNCI2014_001-NEURAL-A4-C2-MULTI-HARD-VOTE-P01-L1-LOW-CAL-OFFICIAL-R2:8_PER_CLASS-MR01:VS:A4-C0-CORE,,,,,CANONICAL_RESOURCE_CONSTRAINED_A4
A4_C1_C3,BNCI2014_001,P02-A4-BNCI2014_001-NEURAL-A4-C3-MULTI-PROB-AVG-P01-L1-LOW-CAL-OFFICIAL-R2:8_PER_CLASS-MR01:VS:A4-C0-CORE,,,,,CANONICAL_RESOURCE_CONSTRAINED_A4
A4_C1_C3,BNCI2014_001,P02-A4-BNCI2014_001-NEURAL-A4-C1-LONG-3P5S-P01-L1-LOW-CAL-OFFICIAL-R2:8_PER_CLASS-MR02:VS:A4-C0-CORE,,,,,CANONICAL_RESOURCE_CONSTRAINED_A4
A4_C1_C3,BNCI2014_001,P02-A4-BNCI2014_001-NEURAL-A4-C2-MULTI-HARD-VOTE-P01-L1-LOW-CAL-OFFICIAL-R2:8_PER_CLASS-MR02:VS:A4-C0-CORE,,,,,CANONICAL_RESOURCE_CONSTRAINED_A4
A4_C1_C3,BNCI2014_001,P02-A4-BNCI2014_001-NEURAL-A4-C3-MULTI-PROB-AVG-P01-L1-LOW-CAL-OFFICIAL-R2:8_PER_CLASS-MR02:VS:A4-C0-CORE,,,,,CANONICAL_RESOURCE_CONSTRAINED_A4
A4_C1_C3,BNCI2014_001,P02-A4-BNCI2014_001-NEURAL-A4-C1-LONG-3P5S-P01-L1-LOW-CAL-OFFICIAL-R2:8_PER_CLASS-MR03:VS:A4-C0-CORE,,,,,CANONICAL_RESOURCE_CONSTRAINED_A4
A4_C1_C3,BNCI2014_001,P02-A4-BNCI2014_001-NEURAL-A4-C2-MULTI-HARD-VOTE-P01-L1-LOW-CAL-OFFICIAL-R2:8_PER_CLASS-MR03:VS:A4-C0-CORE,,,,,CANONICAL_RESOURCE_CONSTRAINED_A4
A4_C1_C3,BNCI2014_001,P02-A4-BNCI2014_001-NEURAL-A4-C3-MULTI-PROB-AVG-P01-L1-LOW-CAL-OFFICIAL-R2:8_PER_CLASS-MR03:VS:A4-C0-CORE,,,,,CANONICAL_RESOURCE_CONSTRAINED_A4
A4_C1_C3,BNCI2014_001,P02-A4-BNCI2014_001-NEURAL-A4-C1-LONG-3P5S-P01-L1-LOW-CAL-OFFICIAL-R2:8_PER_CLASS-MR04:VS:A4-C0-CORE,,,,,CANONICAL_RESOURCE_CONSTRAINED_A4
A4_C1_C3,BNCI2014_001,P02-A4-BNCI2014_001-NEURAL-A4-C2-MULTI-HARD-VOTE-P01-L1-LOW-CAL-OFFICIAL-R2:8_PER_CLASS-MR04:VS:A4-C0-CORE,,,,,CANONICAL_RESOURCE_CONSTRAINED_A4
A4_C1_C3,BNCI2014_001,P02-A4-BNCI2014_001-NEURAL-A4-C3-MULTI-PROB-AVG-P01-L1-LOW-CAL-OFFICIAL-R2:8_PER_CLASS-MR04:VS:A4-C0-CORE,,,,,CANONICAL_RESOURCE_CONSTRAINED_A4
A4_C1_C3,BNCI2014_001,P02-A4-BNCI2014_001-SSL-A4-C1-LONG-3P5S-P01-L1-LOW-CAL-OFFICIAL-R2:8_PER_CLASS-MR00:VS:A4-C0-CORE,,,,,CANONICAL_RESOURCE_CONSTRAINED_A4
A4_C1_C3,BNCI2014_001,P02-A4-BNCI2014_001-SSL-A4-C2-MULTI-HARD-VOTE-P01-L1-LOW-CAL-OFFICIAL-R2:8_PER_CLASS-MR00:VS:A4-C0-CORE,1.0,0.017361111111111,,,CANONICAL_RESOURCE_CONSTRAINED_A4
A4_C1_C3,BNCI2014_001,P02-A4-BNCI2014_001-SSL-A4-C3-MULTI-PROB-AVG-P01-L1-LOW-CAL-OFFICIAL-R2:8_PER_CLASS-MR00:VS:A4-C0-CORE,1.0,-0.017361111111111,,,CANONICAL_RESOURCE_CONSTRAINED_A4
A4_C1_C3,BNCI2014_001,P02-A4-BNCI2014_001-SSL-A4-C1-LONG-3P5S-P01-L1-LOW-CAL-OFFICIAL-R2:8_PER_CLASS-MR01:VS:A4-C0-CORE,,,,,CANONICAL_RESOURCE_CONSTRAINED_A4
A4_C1_C3,BNCI2014_001,P02-A4-BNCI2014_001-SSL-A4-C2-MULTI-HARD-VOTE-P01-L1-LOW-CAL-OFFICIAL-R2:8_PER_CLASS-MR01:VS:A4-C0-CORE,,,,,CANONICAL_RESOURCE_CONSTRAINED_A4
A4_C1_C3,BNCI2014_001,P02-A4-BNCI2014_001-SSL-A4-C3-MULTI-PROB-AVG-P01-L1-LOW-CAL-OFFICIAL-R2:8_PER_CLASS-MR01:VS:A4-C0-CORE,,,,,CANONICAL_RESOURCE_CONSTRAINED_A4
A4_C1_C3,BNCI2014_001,P02-A4-BNCI2014_001-SSL-A4-C1-LONG-3P5S-P01-L1-LOW-CAL-OFFICIAL-R2:8_PER_CLASS-MR02:VS:A4-C0-CORE,,,,,CANONICAL_RESOURCE_CONSTRAINED_A4
A4_C1_C3,BNCI2014_001,P02-A4-BNCI2014_001-SSL-A4-C2-MULTI-HARD-VOTE-P01-L1-LOW-CAL-OFFICIAL-R2:8_PER_CLASS-MR02:VS:A4-C0-CORE,,,,,CANONICAL_RESOURCE_CONSTRAINED_A4
A4_C1_C3,BNCI2014_001,P02-A4-BNCI2014_001-SSL-A4-C3-MULTI-PROB-AVG-P01-L1-LOW-CAL-OFFICIAL-R2:8_PER_CLASS-MR02:VS:A4-C0-CORE,,,,,CANONICAL_RESOURCE_CONSTRAINED_A4
A4_C1_C3,BNCI2014_001,P02-A4-BNCI2014_001-SSL-A4-C1-LONG-3P5S-P01-L1-LOW-CAL-OFFICIAL-R2:8_PER_CLASS-MR03:VS:A4-C0-CORE,,,,,CANONICAL_RESOURCE_CONSTRAINED_A4
A4_C1_C3,BNCI2014_001,P02-A4-BNCI2014_001-SSL-A4-C2-MULTI-HARD-VOTE-P01-L1-LOW-CAL-OFFICIAL-R2:8_PER_CLASS-MR03:VS:A4-C0-CORE,,,,,CANONICAL_RESOURCE_CONSTRAINED_A4
A4_C1_C3,BNCI2014_001,P02-A4-BNCI2014_001-SSL-A4-C3-MULTI-PROB-AVG-P01-L1-LOW-CAL-OFFICIAL-R2:8_PER_CLASS-MR03:VS:A4-C0-CORE,,,,,CANONICAL_RESOURCE_CONSTRAINED_A4
A4_C1_C3,BNCI2014_001,P02-A4-BNCI2014_001-SSL-A4-C1-LONG-3P5S-P01-L1-LOW-CAL-OFFICIAL-R2:8_PER_CLASS-MR04:VS:A4-C0-CORE,,,,,CANONICAL_RESOURCE_CONSTRAINED_A4
A4_C1_C3,BNCI2014_001,P02-A4-BNCI2014_001-SSL-A4-C2-MULTI-HARD-VOTE-P01-L1-LOW-CAL-OFFICIAL-R2:8_PER_CLASS-MR04:VS:A4-C0-CORE,,,,,CANONICAL_RESOURCE_CONSTRAINED_A4
A4_C1_C3,BNCI2014_001,P02-A4-BNCI2014_001-SSL-A4-C3-MULTI-PROB-AVG-P01-L1-LOW-CAL-OFFICIAL-R2:8_PER_CLASS-MR04:VS:A4-C0-CORE,,,,,CANONICAL_RESOURCE_CONSTRAINED_A4
A4_C1_C3,BNCI2014_001,P02-A4-BNCI2014_001-CLASSICAL-A4-C1-LONG-3P5S-P01-L1-LOW-CAL-OFFICIAL-R2:16_PER_CLASS-MR00:VS:A4-C0-CORE,1.0,-0.0138888888888888,,,CANONICAL_RESOURCE_CONSTRAINED_A4
A4_C1_C3,BNCI2014_001,P02-A4-BNCI2014_001-CLASSICAL-A4-C2-MULTI-HARD-VOTE-P01-L1-LOW-CAL-OFFICIAL-R2:16_PER_CLASS-MR00:VS:A4-C0-CORE,1.0,-0.0034722222222222,,,CANONICAL_RESOURCE_CONSTRAINED_A4
A4_C1_C3,BNCI2014_001,P02-A4-BNCI2014_001-CLASSICAL-A4-C3-MULTI-PROB-AVG-P01-L1-LOW-CAL-OFFICIAL-R2:16_PER_CLASS-MR00:VS:A4-C0-CORE,1.0,-0.0104166666666666,,,CANONICAL_RESOURCE_CONSTRAINED_A4
A4_C1_C3,BNCI2014_001,P02-A4-BNCI2014_001-RIEMANNIAN-A4-C1-LONG-3P5S-P01-L1-LOW-CAL-OFFICIAL-R2:16_PER_CLASS-MR00:VS:A4-C0-CORE,1.0,0.0034722222222223,,,CANONICAL_RESOURCE_CONSTRAINED_A4
A4_C1_C3,BNCI2014_001,P02-A4-BNCI2014_001-RIEMANNIAN-A4-C2-MULTI-HARD-VOTE-P01-L1-LOW-CAL-OFFICIAL-R2:16_PER_CLASS-MR00:VS:A4-C0-CORE,1.0,0.0034722222222223,,,CANONICAL_RESOURCE_CONSTRAINED_A4
A4_C1_C3,BNCI2014_001,P02-A4-BNCI2014_001-RIEMANNIAN-A4-C3-MULTI-PROB-AVG-P01-L1-LOW-CAL-OFFICIAL-R2:16_PER_CLASS-MR00:VS:A4-C0-CORE,1.0,1.1102230246251563e-16,,,CANONICAL_RESOURCE_CONSTRAINED_A4
A4_C1_C3,BNCI2014_001,P02-A4-BNCI2014_001-NEURAL-A4-C1-LONG-3P5S-P01-L1-LOW-CAL-OFFICIAL-R2:16_PER_CLASS-MR00:VS:A4-C0-CORE,,,,,CANONICAL_RESOURCE_CONSTRAINED_A4
A4_C1_C3,BNCI2014_001,P02-A4-BNCI2014_001-NEURAL-A4-C2-MULTI-HARD-VOTE-P01-L1-LOW-CAL-OFFICIAL-R2:16_PER_CLASS-MR00:VS:A4-C0-CORE,,,,,CANONICAL_RESOURCE_CONSTRAINED_A4
A4_C1_C3,BNCI2014_001,P02-A4-BNCI2014_001-NEURAL-A4-C3-MULTI-PROB-AVG-P01-L1-LOW-CAL-OFFICIAL-R2:16_PER_CLASS-MR00:VS:A4-C0-CORE,,,,,CANONICAL_RESOURCE_CONSTRAINED_A4
A4_C1_C3,BNCI2014_001,P02-A4-BNCI2014_001-NEURAL-A4-C1-LONG-3P5S-P01-L1-LOW-CAL-OFFICIAL-R2:16_PER_CLASS-MR01:VS:A4-C0-CORE,,,,,CANONICAL_RESOURCE_CONSTRAINED_A4
A4_C1_C3,BNCI2014_001,P02-A4-BNCI2014_001-NEURAL-A4-C2-MULTI-HARD-VOTE-P01-L1-LOW-CAL-OFFICIAL-R2:16_PER_CLASS-MR01:VS:A4-C0-CORE,,,,,CANONICAL_RESOURCE_CONSTRAINED_A4
A4_C1_C3,BNCI2014_001,P02-A4-BNCI2014_001-NEURAL-A4-C3-MULTI-PROB-AVG-P01-L1-LOW-CAL-OFFICIAL-R2:16_PER_CLASS-MR01:VS:A4-C0-CORE,,,,,CANONICAL_RESOURCE_CONSTRAINED_A4
A4_C1_C3,BNCI2014_001,P02-A4-BNCI2014_001-NEURAL-A4-C1-LONG-3P5S-P01-L1-LOW-CAL-OFFICIAL-R2:16_PER_CLASS-MR02:VS:A4-C0-CORE,,,,,CANONICAL_RESOURCE_CONSTRAINED_A4
A4_C1_C3,BNCI2014_001,P02-A4-BNCI2014_001-NEURAL-A4-C2-MULTI-HARD-VOTE-P01-L1-LOW-CAL-OFFICIAL-R2:16_PER_CLASS-MR02:VS:A4-C0-CORE,,,,,CANONICAL_RESOURCE_CONSTRAINED_A4
A4_C1_C3,BNCI2014_001,P02-A4-BNCI2014_001-NEURAL-A4-C3-MULTI-PROB-AVG-P01-L1-LOW-CAL-OFFICIAL-R2:16_PER_CLASS-MR02:VS:A4-C0-CORE,,,,,CANONICAL_RESOURCE_CONSTRAINED_A4
A4_C1_C3,BNCI2014_001,P02-A4-BNCI2014_001-NEURAL-A4-C1-LONG-3P5S-P01-L1-LOW-CAL-OFFICIAL-R2:16_PER_CLASS-MR03:VS:A4-C0-CORE,,,,,CANONICAL_RESOURCE_CONSTRAINED_A4
A4_C1_C3,BNCI2014_001,P02-A4-BNCI2014_001-NEURAL-A4-C2-MULTI-HARD-VOTE-P01-L1-LOW-CAL-OFFICIAL-R2:16_PER_CLASS-MR03:VS:A4-C0-CORE,,,,,CANONICAL_RESOURCE_CONSTRAINED_A4
A4_C1_C3,BNCI2014_001,P02-A4-BNCI2014_001-NEURAL-A4-C3-MULTI-PROB-AVG-P01-L1-LOW-CAL-OFFICIAL-R2:16_PER_CLASS-MR03:VS:A4-C0-CORE,,,,,CANONICAL_RESOURCE_CONSTRAINED_A4
A4_C1_C3,BNCI2014_001,P02-A4-BNCI2014_001-NEURAL-A4-C1-LONG-3P5S-P01-L1-LOW-CAL-OFFICIAL-R2:16_PER_CLASS-MR04:VS:A4-C0-CORE,,,,,CANONICAL_RESOURCE_CONSTRAINED_A4
A4_C1_C3,BNCI2014_001,P02-A4-BNCI2014_001-NEURAL-A4-C2-MULTI-HARD-VOTE-P01-L1-LOW-CAL-OFFICIAL-R2:16_PER_CLASS-MR04:VS:A4-C0-CORE,,,,,CANONICAL_RESOURCE_CONSTRAINED_A4
A4_C1_C3,BNCI2014_001,P02-A4-BNCI2014_001-NEURAL-A4-C3-MULTI-PROB-AVG-P01-L1-LOW-CAL-OFFICIAL-R2:16_PER_CLASS-MR04:VS:A4-C0-CORE,,,,,CANONICAL_RESOURCE_CONSTRAINED_A4
A4_C1_C3,BNCI2014_001,P02-A4-BNCI2014_001-SSL-A4-C1-LONG-3P5S-P01-L1-LOW-CAL-OFFICIAL-R2:16_PER_CLASS-MR00:VS:A4-C0-CORE,,,,,CANONICAL_RESOURCE_CONSTRAINED_A4
A4_C1_C3,BNCI2014_001,P02-A4-BNCI2014_001-SSL-A4-C2-MULTI-HARD-VOTE-P01-L1-LOW-CAL-OFFICIAL-R2:16_PER_CLASS-MR00:VS:A4-C0-CORE,,,,,CANONICAL_RESOURCE_CONSTRAINED_A4
A4_C1_C3,BNCI2014_001,P02-A4-BNCI2014_001-SSL-A4-C3-MULTI-PROB-AVG-P01-L1-LOW-CAL-OFFICIAL-R2:16_PER_CLASS-MR00:VS:A4-C0-CORE,,,,,CANONICAL_RESOURCE_CONSTRAINED_A4
A4_C1_C3,BNCI2014_001,P02-A4-BNCI2014_001-SSL-A4-C1-LONG-3P5S-P01-L1-LOW-CAL-OFFICIAL-R2:16_PER_CLASS-MR01:VS:A4-C0-CORE,,,,,CANONICAL_RESOURCE_CONSTRAINED_A4
A4_C1_C3,BNCI2014_001,P02-A4-BNCI2014_001-SSL-A4-C2-MULTI-HARD-VOTE-P01-L1-LOW-CAL-OFFICIAL-R2:16_PER_CLASS-MR01:VS:A4-C0-CORE,,,,,CANONICAL_RESOURCE_CONSTRAINED_A4
A4_C1_C3,BNCI2014_001,P02-A4-BNCI2014_001-SSL-A4-C3-MULTI-PROB-AVG-P01-L1-LOW-CAL-OFFICIAL-R2:16_PER_CLASS-MR01:VS:A4-C0-CORE,,,,,CANONICAL_RESOURCE_CONSTRAINED_A4
A4_C1_C3,BNCI2014_001,P02-A4-BNCI2014_001-SSL-A4-C1-LONG-3P5S-P01-L1-LOW-CAL-OFFICIAL-R2:16_PER_CLASS-MR02:VS:A4-C0-CORE,,,,,CANONICAL_RESOURCE_CONSTRAINED_A4
A4_C1_C3,BNCI2014_001,P02-A4-BNCI2014_001-SSL-A4-C2-MULTI-HARD-VOTE-P01-L1-LOW-CAL-OFFICIAL-R2:16_PER_CLASS-MR02:VS:A4-C0-CORE,,,,,CANONICAL_RESOURCE_CONSTRAINED_A4
A4_C1_C3,BNCI2014_001,P02-A4-BNCI2014_001-SSL-A4-C3-MULTI-PROB-AVG-P01-L1-LOW-CAL-OFFICIAL-R2:16_PER_CLASS-MR02:VS:A4-C0-CORE,,,,,CANONICAL_RESOURCE_CONSTRAINED_A4
A4_C1_C3,BNCI2014_001,P02-A4-BNCI2014_001-SSL-A4-C1-LONG-3P5S-P01-L1-LOW-CAL-OFFICIAL-R2:16_PER_CLASS-MR03:VS:A4-C0-CORE,,,,,CANONICAL_RESOURCE_CONSTRAINED_A4
A4_C1_C3,BNCI2014_001,P02-A4-BNCI2014_001-SSL-A4-C2-MULTI-HARD-VOTE-P01-L1-LOW-CAL-OFFICIAL-R2:16_PER_CLASS-MR03:VS:A4-C0-CORE,,,,,CANONICAL_RESOURCE_CONSTRAINED_A4
A4_C1_C3,BNCI2014_001,P02-A4-BNCI2014_001-SSL-A4-C3-MULTI-PROB-AVG-P01-L1-LOW-CAL-OFFICIAL-R2:16_PER_CLASS-MR03:VS:A4-C0-CORE,,,,,CANONICAL_RESOURCE_CONSTRAINED_A4
A4_C1_C3,BNCI2014_001,P02-A4-BNCI2014_001-SSL-A4-C1-LONG-3P5S-P01-L1-LOW-CAL-OFFICIAL-R2:16_PER_CLASS-MR04:VS:A4-C0-CORE,,,,,CANONICAL_RESOURCE_CONSTRAINED_A4
A4_C1_C3,BNCI2014_001,P02-A4-BNCI2014_001-SSL-A4-C2-MULTI-HARD-VOTE-P01-L1-LOW-CAL-OFFICIAL-R2:16_PER_CLASS-MR04:VS:A4-C0-CORE,,,,,CANONICAL_RESOURCE_CONSTRAINED_A4
A4_C1_C3,BNCI2014_001,P02-A4-BNCI2014_001-SSL-A4-C3-MULTI-PROB-AVG-P01-L1-LOW-CAL-OFFICIAL-R2:16_PER_CLASS-MR04:VS:A4-C0-CORE,,,,,CANONICAL_RESOURCE_CONSTRAINED_A4
A4_C1_C3,BNCI2014_001,P02-A4-BNCI2014_001-CLASSICAL-A4-C1-LONG-3P5S-P01-L1-LOW-CAL-OFFICIAL-R2:32_PER_CLASS-MR00:VS:A4-C0-CORE,1.0,0.0104166666666666,,,CANONICAL_RESOURCE_CONSTRAINED_A4
A4_C1_C3,BNCI2014_001,P02-A4-BNCI2014_001-CLASSICAL-A4-C2-MULTI-HARD-VOTE-P01-L1-LOW-CAL-OFFICIAL-R2:32_PER_CLASS-MR00:VS:A4-C0-CORE,1.0,-0.0381944444444444,,,CANONICAL_RESOURCE_CONSTRAINED_A4
A4_C1_C3,BNCI2014_001,P02-A4-BNCI2014_001-CLASSICAL-A4-C3-MULTI-PROB-AVG-P01-L1-LOW-CAL-OFFICIAL-R2:32_PER_CLASS-MR00:VS:A4-C0-CORE,1.0,0.0,,,CANONICAL_RESOURCE_CONSTRAINED_A4
A4_C1_C3,BNCI2014_001,P02-A4-BNCI2014_001-RIEMANNIAN-A4-C1-LONG-3P5S-P01-L1-LOW-CAL-OFFICIAL-R2:32_PER_CLASS-MR00:VS:A4-C0-CORE,1.0,0.0381944444444444,,,CANONICAL_RESOURCE_CONSTRAINED_A4
A4_C1_C3,BNCI2014_001,P02-A4-BNCI2014_001-RIEMANNIAN-A4-C2-MULTI-HARD-VOTE-P01-L1-LOW-CAL-OFFICIAL-R2:32_PER_CLASS-MR00:VS:A4-C0-CORE,1.0,0.0138888888888888,,,CANONICAL_RESOURCE_CONSTRAINED_A4
A4_C1_C3,BNCI2014_001,P02-A4-BNCI2014_001-RIEMANNIAN-A4-C3-MULTI-PROB-AVG-P01-L1-LOW-CAL-OFFICIAL-R2:32_PER_CLASS-MR00:VS:A4-C0-CORE,1.0,0.0104166666666666,,,CANONICAL_RESOURCE_CONSTRAINED_A4
A4_C1_C3,BNCI2014_001,P02-A4-BNCI2014_001-NEURAL-A4-C1-LONG-3P5S-P01-L1-LOW-CAL-OFFICIAL-R2:32_PER_CLASS-MR00:VS:A4-C0-CORE,,,,,CANONICAL_RESOURCE_CONSTRAINED_A4
A4_C1_C3,BNCI2014_001,P02-A4-BNCI2014_001-NEURAL-A4-C2-MULTI-HARD-VOTE-P01-L1-LOW-CAL-OFFICIAL-R2:32_PER_CLASS-MR00:VS:A4-C0-CORE,,,,,CANONICAL_RESOURCE_CONSTRAINED_A4
A4_C1_C3,BNCI2014_001,P02-A4-BNCI2014_001-NEURAL-A4-C3-MULTI-PROB-AVG-P01-L1-LOW-CAL-OFFICIAL-R2:32_PER_CLASS-MR00:VS:A4-C0-CORE,,,,,CANONICAL_RESOURCE_CONSTRAINED_A4
A4_C1_C3,BNCI2014_001,P02-A4-BNCI2014_001-NEURAL-A4-C1-LONG-3P5S-P01-L1-LOW-CAL-OFFICIAL-R2:32_PER_CLASS-MR01:VS:A4-C0-CORE,,,,,CANONICAL_RESOURCE_CONSTRAINED_A4
A4_C1_C3,BNCI2014_001,P02-A4-BNCI2014_001-NEURAL-A4-C2-MULTI-HARD-VOTE-P01-L1-LOW-CAL-OFFICIAL-R2:32_PER_CLASS-MR01:VS:A4-C0-CORE,,,,,CANONICAL_RESOURCE_CONSTRAINED_A4
A4_C1_C3,BNCI2014_001,P02-A4-BNCI2014_001-NEURAL-A4-C3-MULTI-PROB-AVG-P01-L1-LOW-CAL-OFFICIAL-R2:32_PER_CLASS-MR01:VS:A4-C0-CORE,,,,,CANONICAL_RESOURCE_CONSTRAINED_A4
A4_C1_C3,BNCI2014_001,P02-A4-BNCI2014_001-NEURAL-A4-C1-LONG-3P5S-P01-L1-LOW-CAL-OFFICIAL-R2:32_PER_CLASS-MR02:VS:A4-C0-CORE,,,,,CANONICAL_RESOURCE_CONSTRAINED_A4
A4_C1_C3,BNCI2014_001,P02-A4-BNCI2014_001-NEURAL-A4-C2-MULTI-HARD-VOTE-P01-L1-LOW-CAL-OFFICIAL-R2:32_PER_CLASS-MR02:VS:A4-C0-CORE,,,,,CANONICAL_RESOURCE_CONSTRAINED_A4
A4_C1_C3,BNCI2014_001,P02-A4-BNCI2014_001-NEURAL-A4-C3-MULTI-PROB-AVG-P01-L1-LOW-CAL-OFFICIAL-R2:32_PER_CLASS-MR02:VS:A4-C0-CORE,,,,,CANONICAL_RESOURCE_CONSTRAINED_A4
A4_C1_C3,BNCI2014_001,P02-A4-BNCI2014_001-NEURAL-A4-C1-LONG-3P5S-P01-L1-LOW-CAL-OFFICIAL-R2:32_PER_CLASS-MR03:VS:A4-C0-CORE,,,,,CANONICAL_RESOURCE_CONSTRAINED_A4
A4_C1_C3,BNCI2014_001,P02-A4-BNCI2014_001-NEURAL-A4-C2-MULTI-HARD-VOTE-P01-L1-LOW-CAL-OFFICIAL-R2:32_PER_CLASS-MR03:VS:A4-C0-CORE,,,,,CANONICAL_RESOURCE_CONSTRAINED_A4
A4_C1_C3,BNCI2014_001,P02-A4-BNCI2014_001-NEURAL-A4-C3-MULTI-PROB-AVG-P01-L1-LOW-CAL-OFFICIAL-R2:32_PER_CLASS-MR03:VS:A4-C0-CORE,,,,,CANONICAL_RESOURCE_CONSTRAINED_A4
A4_C1_C3,BNCI2014_001,P02-A4-BNCI2014_001-NEURAL-A4-C1-LONG-3P5S-P01-L1-LOW-CAL-OFFICIAL-R2:32_PER_CLASS-MR04:VS:A4-C0-CORE,,,,,CANONICAL_RESOURCE_CONSTRAINED_A4
A4_C1_C3,BNCI2014_001,P02-A4-BNCI2014_001-NEURAL-A4-C2-MULTI-HARD-VOTE-P01-L1-LOW-CAL-OFFICIAL-R2:32_PER_CLASS-MR04:VS:A4-C0-CORE,,,,,CANONICAL_RESOURCE_CONSTRAINED_A4
A4_C1_C3,BNCI2014_001,P02-A4-BNCI2014_001-NEURAL-A4-C3-MULTI-PROB-AVG-P01-L1-LOW-CAL-OFFICIAL-R2:32_PER_CLASS-MR04:VS:A4-C0-CORE,,,,,CANONICAL_RESOURCE_CONSTRAINED_A4
A4_C1_C3,BNCI2014_001,P02-A4-BNCI2014_001-SSL-A4-C1-LONG-3P5S-P01-L1-LOW-CAL-OFFICIAL-R2:32_PER_CLASS-MR00:VS:A4-C0-CORE,,,,,CANONICAL_RESOURCE_CONSTRAINED_A4
A4_C1_C3,BNCI2014_001,P02-A4-BNCI2014_001-SSL-A4-C2-MULTI-HARD-VOTE-P01-L1-LOW-CAL-OFFICIAL-R2:32_PER_CLASS-MR00:VS:A4-C0-CORE,,,,,CANONICAL_RESOURCE_CONSTRAINED_A4
A4_C1_C3,BNCI2014_001,P02-A4-BNCI2014_001-SSL-A4-C3-MULTI-PROB-AVG-P01-L1-LOW-CAL-OFFICIAL-R2:32_PER_CLASS-MR00:VS:A4-C0-CORE,,,,,CANONICAL_RESOURCE_CONSTRAINED_A4
A4_C1_C3,BNCI2014_001,P02-A4-BNCI2014_001-SSL-A4-C1-LONG-3P5S-P01-L1-LOW-CAL-OFFICIAL-R2:32_PER_CLASS-MR01:VS:A4-C0-CORE,,,,,CANONICAL_RESOURCE_CONSTRAINED_A4
A4_C1_C3,BNCI2014_001,P02-A4-BNCI2014_001-SSL-A4-C2-MULTI-HARD-VOTE-P01-L1-LOW-CAL-OFFICIAL-R2:32_PER_CLASS-MR01:VS:A4-C0-CORE,,,,,CANONICAL_RESOURCE_CONSTRAINED_A4
A4_C1_C3,BNCI2014_001,P02-A4-BNCI2014_001-SSL-A4-C3-MULTI-PROB-AVG-P01-L1-LOW-CAL-OFFICIAL-R2:32_PER_CLASS-MR01:VS:A4-C0-CORE,,,,,CANONICAL_RESOURCE_CONSTRAINED_A4
A4_C1_C3,BNCI2014_001,P02-A4-BNCI2014_001-SSL-A4-C1-LONG-3P5S-P01-L1-LOW-CAL-OFFICIAL-R2:32_PER_CLASS-MR02:VS:A4-C0-CORE,,,,,CANONICAL_RESOURCE_CONSTRAINED_A4
A4_C1_C3,BNCI2014_001,P02-A4-BNCI2014_001-SSL-A4-C2-MULTI-HARD-VOTE-P01-L1-LOW-CAL-OFFICIAL-R2:32_PER_CLASS-MR02:VS:A4-C0-CORE,,,,,CANONICAL_RESOURCE_CONSTRAINED_A4
A4_C1_C3,BNCI2014_001,P02-A4-BNCI2014_001-SSL-A4-C3-MULTI-PROB-AVG-P01-L1-LOW-CAL-OFFICIAL-R2:32_PER_CLASS-MR02:VS:A4-C0-CORE,,,,,CANONICAL_RESOURCE_CONSTRAINED_A4
A4_C1_C3,BNCI2014_001,P02-A4-BNCI2014_001-SSL-A4-C1-LONG-3P5S-P01-L1-LOW-CAL-OFFICIAL-R2:32_PER_CLASS-MR03:VS:A4-C0-CORE,,,,,CANONICAL_RESOURCE_CONSTRAINED_A4
A4_C1_C3,BNCI2014_001,P02-A4-BNCI2014_001-SSL-A4-C2-MULTI-HARD-VOTE-P01-L1-LOW-CAL-OFFICIAL-R2:32_PER_CLASS-MR03:VS:A4-C0-CORE,,,,,CANONICAL_RESOURCE_CONSTRAINED_A4
A4_C1_C3,BNCI2014_001,P02-A4-BNCI2014_001-SSL-A4-C3-MULTI-PROB-AVG-P01-L1-LOW-CAL-OFFICIAL-R2:32_PER_CLASS-MR03:VS:A4-C0-CORE,,,,,CANONICAL_RESOURCE_CONSTRAINED_A4
A4_C1_C3,BNCI2014_001,P02-A4-BNCI2014_001-SSL-A4-C1-LONG-3P5S-P01-L1-LOW-CAL-OFFICIAL-R2:32_PER_CLASS-MR04:VS:A4-C0-CORE,,,,,CANONICAL_RESOURCE_CONSTRAINED_A4
A4_C1_C3,BNCI2014_001,P02-A4-BNCI2014_001-SSL-A4-C2-MULTI-HARD-VOTE-P01-L1-LOW-CAL-OFFICIAL-R2:32_PER_CLASS-MR04:VS:A4-C0-CORE,,,,,CANONICAL_RESOURCE_CONSTRAINED_A4
A4_C1_C3,BNCI2014_001,P02-A4-BNCI2014_001-SSL-A4-C3-MULTI-PROB-AVG-P01-L1-LOW-CAL-OFFICIAL-R2:32_PER_CLASS-MR04:VS:A4-C0-CORE,,,,,CANONICAL_RESOURCE_CONSTRAINED_A4
A4_C1_C3,Lee2019_MI,P02-A4-Lee2019_MI-CLASSICAL-A4-C1-LONG-3P5S-FULL_TRAIN-MR00:VS:A4-C0-CORE,6.0,-0.035,0.59375,1.0,CANONICAL_RESOURCE_CONSTRAINED_A4
A4_C1_C3,Lee2019_MI,P02-A4-Lee2019_MI-CLASSICAL-A4-C2-MULTI-HARD-VOTE-FULL_TRAIN-MR00:VS:A4-C0-CORE,6.0,-0.065,0.0625,1.0,CANONICAL_RESOURCE_CONSTRAINED_A4
A4_C1_C3,Lee2019_MI,P02-A4-Lee2019_MI-CLASSICAL-A4-C3-MULTI-PROB-AVG-FULL_TRAIN-MR00:VS:A4-C0-CORE,6.0,-0.04,0.1875,1.0,CANONICAL_RESOURCE_CONSTRAINED_A4
A4_C1_C3,Lee2019_MI,P02-A4-Lee2019_MI-RIEMANNIAN-A4-C1-LONG-3P5S-FULL_TRAIN-MR00:VS:A4-C0-CORE,6.0,-0.0049999999999999,0.65625,1.0,CANONICAL_RESOURCE_CONSTRAINED_A4
A4_C1_C3,Lee2019_MI,P02-A4-Lee2019_MI-RIEMANNIAN-A4-C2-MULTI-HARD-VOTE-FULL_TRAIN-MR00:VS:A4-C0-CORE,6.0,-0.005,1.0,1.0,CANONICAL_RESOURCE_CONSTRAINED_A4
A4_C1_C3,Lee2019_MI,P02-A4-Lee2019_MI-RIEMANNIAN-A4-C3-MULTI-PROB-AVG-FULL_TRAIN-MR00:VS:A4-C0-CORE,6.0,-0.005,1.0,1.0,CANONICAL_RESOURCE_CONSTRAINED_A4
A4_C1_C3,Lee2019_MI,P02-A4-Lee2019_MI-NEURAL-A4-C1-LONG-3P5S-FULL_TRAIN-MR00:VS:A4-C0-CORE,6.0,0.02,0.1875,0.5625,CANONICAL_RESOURCE_CONSTRAINED_A4
A4_C1_C3,Lee2019_MI,P02-A4-Lee2019_MI-NEURAL-A4-C2-MULTI-HARD-VOTE-FULL_TRAIN-MR00:VS:A4-C0-CORE,6.0,0.0249999999999999,0.4375,0.875,CANONICAL_RESOURCE_CONSTRAINED_A4
A4_C1_C3,Lee2019_MI,P02-A4-Lee2019_MI-NEURAL-A4-C3-MULTI-PROB-AVG-FULL_TRAIN-MR00:VS:A4-C0-CORE,6.0,0.0399999999999999,0.3125,0.875,CANONICAL_RESOURCE_CONSTRAINED_A4
A4_C1_C3,Lee2019_MI,P02-A4-Lee2019_MI-NEURAL-A4-C1-LONG-3P5S-FULL_TRAIN-MR01:VS:A4-C0-CORE,,,,,CANONICAL_RESOURCE_CONSTRAINED_A4
A4_C1_C3,Lee2019_MI,P02-A4-Lee2019_MI-NEURAL-A4-C2-MULTI-HARD-VOTE-FULL_TRAIN-MR01:VS:A4-C0-CORE,,,,,CANONICAL_RESOURCE_CONSTRAINED_A4
A4_C1_C3,Lee2019_MI,P02-A4-Lee2019_MI-NEURAL-A4-C3-MULTI-PROB-AVG-FULL_TRAIN-MR01:VS:A4-C0-CORE,,,,,CANONICAL_RESOURCE_CONSTRAINED_A4
A4_C1_C3,Lee2019_MI,P02-A4-Lee2019_MI-NEURAL-A4-C1-LONG-3P5S-FULL_TRAIN-MR02:VS:A4-C0-CORE,,,,,CANONICAL_RESOURCE_CONSTRAINED_A4
A4_C1_C3,Lee2019_MI,P02-A4-Lee2019_MI-NEURAL-A4-C2-MULTI-HARD-VOTE-FULL_TRAIN-MR02:VS:A4-C0-CORE,,,,,CANONICAL_RESOURCE_CONSTRAINED_A4
A4_C1_C3,Lee2019_MI,P02-A4-Lee2019_MI-NEURAL-A4-C3-MULTI-PROB-AVG-FULL_TRAIN-MR02:VS:A4-C0-CORE,,,,,CANONICAL_RESOURCE_CONSTRAINED_A4
A4_C1_C3,Lee2019_MI,P02-A4-Lee2019_MI-NEURAL-A4-C1-LONG-3P5S-FULL_TRAIN-MR03:VS:A4-C0-CORE,,,,,CANONICAL_RESOURCE_CONSTRAINED_A4
A4_C1_C3,Lee2019_MI,P02-A4-Lee2019_MI-NEURAL-A4-C2-MULTI-HARD-VOTE-FULL_TRAIN-MR03:VS:A4-C0-CORE,,,,,CANONICAL_RESOURCE_CONSTRAINED_A4
A4_C1_C3,Lee2019_MI,P02-A4-Lee2019_MI-NEURAL-A4-C3-MULTI-PROB-AVG-FULL_TRAIN-MR03:VS:A4-C0-CORE,,,,,CANONICAL_RESOURCE_CONSTRAINED_A4
A4_C1_C3,Lee2019_MI,P02-A4-Lee2019_MI-NEURAL-A4-C1-LONG-3P5S-FULL_TRAIN-MR04:VS:A4-C0-CORE,,,,,CANONICAL_RESOURCE_CONSTRAINED_A4
A4_C1_C3,Lee2019_MI,P02-A4-Lee2019_MI-NEURAL-A4-C2-MULTI-HARD-VOTE-FULL_TRAIN-MR04:VS:A4-C0-CORE,,,,,CANONICAL_RESOURCE_CONSTRAINED_A4
A4_C1_C3,Lee2019_MI,P02-A4-Lee2019_MI-NEURAL-A4-C3-MULTI-PROB-AVG-FULL_TRAIN-MR04:VS:A4-C0-CORE,,,,,CANONICAL_RESOURCE_CONSTRAINED_A4
A4_C1_C3,Lee2019_MI,P02-A4-Lee2019_MI-SSL-A4-C1-LONG-3P5S-FULL_TRAIN-MR00:VS:A4-C0-CORE,,,,,CANONICAL_RESOURCE_CONSTRAINED_A4
A4_C1_C3,Lee2019_MI,P02-A4-Lee2019_MI-SSL-A4-C2-MULTI-HARD-VOTE-FULL_TRAIN-MR00:VS:A4-C0-CORE,6.0,-0.015,0.71875,1.0,CANONICAL_RESOURCE_CONSTRAINED_A4
A4_C1_C3,Lee2019_MI,P02-A4-Lee2019_MI-SSL-A4-C3-MULTI-PROB-AVG-FULL_TRAIN-MR00:VS:A4-C0-CORE,6.0,-5.551115123125783e-17,0.53125,1.0,CANONICAL_RESOURCE_CONSTRAINED_A4
A4_C1_C3,Lee2019_MI,P02-A4-Lee2019_MI-SSL-A4-C1-LONG-3P5S-FULL_TRAIN-MR01:VS:A4-C0-CORE,,,,,CANONICAL_RESOURCE_CONSTRAINED_A4
A4_C1_C3,Lee2019_MI,P02-A4-Lee2019_MI-SSL-A4-C2-MULTI-HARD-VOTE-FULL_TRAIN-MR01:VS:A4-C0-CORE,,,,,CANONICAL_RESOURCE_CONSTRAINED_A4
A4_C1_C3,Lee2019_MI,P02-A4-Lee2019_MI-SSL-A4-C3-MULTI-PROB-AVG-FULL_TRAIN-MR01:VS:A4-C0-CORE,,,,,CANONICAL_RESOURCE_CONSTRAINED_A4
A4_C1_C3,Lee2019_MI,P02-A4-Lee2019_MI-SSL-A4-C1-LONG-3P5S-FULL_TRAIN-MR02:VS:A4-C0-CORE,,,,,CANONICAL_RESOURCE_CONSTRAINED_A4
A4_C1_C3,Lee2019_MI,P02-A4-Lee2019_MI-SSL-A4-C2-MULTI-HARD-VOTE-FULL_TRAIN-MR02:VS:A4-C0-CORE,,,,,CANONICAL_RESOURCE_CONSTRAINED_A4
A4_C1_C3,Lee2019_MI,P02-A4-Lee2019_MI-SSL-A4-C3-MULTI-PROB-AVG-FULL_TRAIN-MR02:VS:A4-C0-CORE,,,,,CANONICAL_RESOURCE_CONSTRAINED_A4
A4_C1_C3,Lee2019_MI,P02-A4-Lee2019_MI-SSL-A4-C1-LONG-3P5S-FULL_TRAIN-MR03:VS:A4-C0-CORE,,,,,CANONICAL_RESOURCE_CONSTRAINED_A4
A4_C1_C3,Lee2019_MI,P02-A4-Lee2019_MI-SSL-A4-C2-MULTI-HARD-VOTE-FULL_TRAIN-MR03:VS:A4-C0-CORE,,,,,CANONICAL_RESOURCE_CONSTRAINED_A4
A4_C1_C3,Lee2019_MI,P02-A4-Lee2019_MI-SSL-A4-C3-MULTI-PROB-AVG-FULL_TRAIN-MR03:VS:A4-C0-CORE,,,,,CANONICAL_RESOURCE_CONSTRAINED_A4
A4_C1_C3,Lee2019_MI,P02-A4-Lee2019_MI-SSL-A4-C1-LONG-3P5S-FULL_TRAIN-MR04:VS:A4-C0-CORE,,,,,CANONICAL_RESOURCE_CONSTRAINED_A4
A4_C1_C3,Lee2019_MI,P02-A4-Lee2019_MI-SSL-A4-C2-MULTI-HARD-VOTE-FULL_TRAIN-MR04:VS:A4-C0-CORE,,,,,CANONICAL_RESOURCE_CONSTRAINED_A4
A4_C1_C3,Lee2019_MI,P02-A4-Lee2019_MI-SSL-A4-C3-MULTI-PROB-AVG-FULL_TRAIN-MR04:VS:A4-C0-CORE,,,,,CANONICAL_RESOURCE_CONSTRAINED_A4
A4_C1_C3,Lee2019_MI,P02-A4-Lee2019_MI-CLASSICAL-A4-C1-LONG-3P5S-P01-L1-LOW-CAL-OFFICIAL-R2:1_PER_CLASS-MR00:VS:A4-C0-CORE,,,,,CANONICAL_RESOURCE_CONSTRAINED_A4
A4_C1_C3,Lee2019_MI,P02-A4-Lee2019_MI-CLASSICAL-A4-C2-MULTI-HARD-VOTE-P01-L1-LOW-CAL-OFFICIAL-R2:1_PER_CLASS-MR00:VS:A4-C0-CORE,,,,,CANONICAL_RESOURCE_CONSTRAINED_A4
A4_C1_C3,Lee2019_MI,P02-A4-Lee2019_MI-CLASSICAL-A4-C3-MULTI-PROB-AVG-P01-L1-LOW-CAL-OFFICIAL-R2:1_PER_CLASS-MR00:VS:A4-C0-CORE,,,,,CANONICAL_RESOURCE_CONSTRAINED_A4
A4_C1_C3,Lee2019_MI,P02-A4-Lee2019_MI-RIEMANNIAN-A4-C1-LONG-3P5S-P01-L1-LOW-CAL-OFFICIAL-R2:1_PER_CLASS-MR00:VS:A4-C0-CORE,6.0,0.0,1.0,1.0,CANONICAL_RESOURCE_CONSTRAINED_A4
A4_C1_C3,Lee2019_MI,P02-A4-Lee2019_MI-RIEMANNIAN-A4-C2-MULTI-HARD-VOTE-P01-L1-LOW-CAL-OFFICIAL-R2:1_PER_CLASS-MR00:VS:A4-C0-CORE,6.0,0.0,1.0,1.0,CANONICAL_RESOURCE_CONSTRAINED_A4
A4_C1_C3,Lee2019_MI,P02-A4-Lee2019_MI-RIEMANNIAN-A4-C3-MULTI-PROB-AVG-P01-L1-LOW-CAL-OFFICIAL-R2:1_PER_CLASS-MR00:VS:A4-C0-CORE,6.0,-0.005,1.0,1.0,CANONICAL_RESOURCE_CONSTRAINED_A4
A4_C1_C3,Lee2019_MI,P02-A4-Lee2019_MI-NEURAL-A4-C1-LONG-3P5S-P01-L1-LOW-CAL-OFFICIAL-R2:1_PER_CLASS-MR00:VS:A4-C0-CORE,6.0,-0.005,0.8125,1.0,CANONICAL_RESOURCE_CONSTRAINED_A4
A4_C1_C3,Lee2019_MI,P02-A4-Lee2019_MI-NEURAL-A4-C2-MULTI-HARD-VOTE-P01-L1-LOW-CAL-OFFICIAL-R2:1_PER_CLASS-MR00:VS:A4-C0-CORE,6.0,-0.005,1.0,1.0,CANONICAL_RESOURCE_CONSTRAINED_A4
A4_C1_C3,Lee2019_MI,P02-A4-Lee2019_MI-NEURAL-A4-C3-MULTI-PROB-AVG-P01-L1-LOW-CAL-OFFICIAL-R2:1_PER_CLASS-MR00:VS:A4-C0-CORE,6.0,0.0,0.96875,1.0,CANONICAL_RESOURCE_CONSTRAINED_A4
A4_C1_C3,Lee2019_MI,P02-A4-Lee2019_MI-NEURAL-A4-C1-LONG-3P5S-P01-L1-LOW-CAL-OFFICIAL-R2:1_PER_CLASS-MR01:VS:A4-C0-CORE,,,,,CANONICAL_RESOURCE_CONSTRAINED_A4
A4_C1_C3,Lee2019_MI,P02-A4-Lee2019_MI-NEURAL-A4-C2-MULTI-HARD-VOTE-P01-L1-LOW-CAL-OFFICIAL-R2:1_PER_CLASS-MR01:VS:A4-C0-CORE,,,,,CANONICAL_RESOURCE_CONSTRAINED_A4
A4_C1_C3,Lee2019_MI,P02-A4-Lee2019_MI-NEURAL-A4-C3-MULTI-PROB-AVG-P01-L1-LOW-CAL-OFFICIAL-R2:1_PER_CLASS-MR01:VS:A4-C0-CORE,,,,,CANONICAL_RESOURCE_CONSTRAINED_A4
A4_C1_C3,Lee2019_MI,P02-A4-Lee2019_MI-NEURAL-A4-C1-LONG-3P5S-P01-L1-LOW-CAL-OFFICIAL-R2:1_PER_CLASS-MR02:VS:A4-C0-CORE,,,,,CANONICAL_RESOURCE_CONSTRAINED_A4
A4_C1_C3,Lee2019_MI,P02-A4-Lee2019_MI-NEURAL-A4-C2-MULTI-HARD-VOTE-P01-L1-LOW-CAL-OFFICIAL-R2:1_PER_CLASS-MR02:VS:A4-C0-CORE,,,,,CANONICAL_RESOURCE_CONSTRAINED_A4
A4_C1_C3,Lee2019_MI,P02-A4-Lee2019_MI-NEURAL-A4-C3-MULTI-PROB-AVG-P01-L1-LOW-CAL-OFFICIAL-R2:1_PER_CLASS-MR02:VS:A4-C0-CORE,,,,,CANONICAL_RESOURCE_CONSTRAINED_A4
A4_C1_C3,Lee2019_MI,P02-A4-Lee2019_MI-NEURAL-A4-C1-LONG-3P5S-P01-L1-LOW-CAL-OFFICIAL-R2:1_PER_CLASS-MR03:VS:A4-C0-CORE,,,,,CANONICAL_RESOURCE_CONSTRAINED_A4
A4_C1_C3,Lee2019_MI,P02-A4-Lee2019_MI-NEURAL-A4-C2-MULTI-HARD-VOTE-P01-L1-LOW-CAL-OFFICIAL-R2:1_PER_CLASS-MR03:VS:A4-C0-CORE,,,,,CANONICAL_RESOURCE_CONSTRAINED_A4
A4_C1_C3,Lee2019_MI,P02-A4-Lee2019_MI-NEURAL-A4-C3-MULTI-PROB-AVG-P01-L1-LOW-CAL-OFFICIAL-R2:1_PER_CLASS-MR03:VS:A4-C0-CORE,,,,,CANONICAL_RESOURCE_CONSTRAINED_A4
A4_C1_C3,Lee2019_MI,P02-A4-Lee2019_MI-NEURAL-A4-C1-LONG-3P5S-P01-L1-LOW-CAL-OFFICIAL-R2:1_PER_CLASS-MR04:VS:A4-C0-CORE,,,,,CANONICAL_RESOURCE_CONSTRAINED_A4
A4_C1_C3,Lee2019_MI,P02-A4-Lee2019_MI-NEURAL-A4-C2-MULTI-HARD-VOTE-P01-L1-LOW-CAL-OFFICIAL-R2:1_PER_CLASS-MR04:VS:A4-C0-CORE,,,,,CANONICAL_RESOURCE_CONSTRAINED_A4
A4_C1_C3,Lee2019_MI,P02-A4-Lee2019_MI-NEURAL-A4-C3-MULTI-PROB-AVG-P01-L1-LOW-CAL-OFFICIAL-R2:1_PER_CLASS-MR04:VS:A4-C0-CORE,,,,,CANONICAL_RESOURCE_CONSTRAINED_A4
A4_C1_C3,Lee2019_MI,P02-A4-Lee2019_MI-SSL-A4-C1-LONG-3P5S-P01-L1-LOW-CAL-OFFICIAL-R2:1_PER_CLASS-MR00:VS:A4-C0-CORE,,,,,CANONICAL_RESOURCE_CONSTRAINED_A4
A4_C1_C3,Lee2019_MI,P02-A4-Lee2019_MI-SSL-A4-C2-MULTI-HARD-VOTE-P01-L1-LOW-CAL-OFFICIAL-R2:1_PER_CLASS-MR00:VS:A4-C0-CORE,6.0,-0.005,0.875,1.0,CANONICAL_RESOURCE_CONSTRAINED_A4
A4_C1_C3,Lee2019_MI,P02-A4-Lee2019_MI-SSL-A4-C3-MULTI-PROB-AVG-P01-L1-LOW-CAL-OFFICIAL-R2:1_PER_CLASS-MR00:VS:A4-C0-CORE,6.0,0.025,0.1875,1.0,CANONICAL_RESOURCE_CONSTRAINED_A4
A4_C1_C3,Lee2019_MI,P02-A4-Lee2019_MI-SSL-A4-C1-LONG-3P5S-P01-L1-LOW-CAL-OFFICIAL-R2:1_PER_CLASS-MR01:VS:A4-C0-CORE,,,,,CANONICAL_RESOURCE_CONSTRAINED_A4
A4_C1_C3,Lee2019_MI,P02-A4-Lee2019_MI-SSL-A4-C2-MULTI-HARD-VOTE-P01-L1-LOW-CAL-OFFICIAL-R2:1_PER_CLASS-MR01:VS:A4-C0-CORE,,,,,CANONICAL_RESOURCE_CONSTRAINED_A4
A4_C1_C3,Lee2019_MI,P02-A4-Lee2019_MI-SSL-A4-C3-MULTI-PROB-AVG-P01-L1-LOW-CAL-OFFICIAL-R2:1_PER_CLASS-MR01:VS:A4-C0-CORE,,,,,CANONICAL_RESOURCE_CONSTRAINED_A4
A4_C1_C3,Lee2019_MI,P02-A4-Lee2019_MI-SSL-A4-C1-LONG-3P5S-P01-L1-LOW-CAL-OFFICIAL-R2:1_PER_CLASS-MR02:VS:A4-C0-CORE,,,,,CANONICAL_RESOURCE_CONSTRAINED_A4
A4_C1_C3,Lee2019_MI,P02-A4-Lee2019_MI-SSL-A4-C2-MULTI-HARD-VOTE-P01-L1-LOW-CAL-OFFICIAL-R2:1_PER_CLASS-MR02:VS:A4-C0-CORE,,,,,CANONICAL_RESOURCE_CONSTRAINED_A4
A4_C1_C3,Lee2019_MI,P02-A4-Lee2019_MI-SSL-A4-C3-MULTI-PROB-AVG-P01-L1-LOW-CAL-OFFICIAL-R2:1_PER_CLASS-MR02:VS:A4-C0-CORE,,,,,CANONICAL_RESOURCE_CONSTRAINED_A4
A4_C1_C3,Lee2019_MI,P02-A4-Lee2019_MI-SSL-A4-C1-LONG-3P5S-P01-L1-LOW-CAL-OFFICIAL-R2:1_PER_CLASS-MR03:VS:A4-C0-CORE,,,,,CANONICAL_RESOURCE_CONSTRAINED_A4
A4_C1_C3,Lee2019_MI,P02-A4-Lee2019_MI-SSL-A4-C2-MULTI-HARD-VOTE-P01-L1-LOW-CAL-OFFICIAL-R2:1_PER_CLASS-MR03:VS:A4-C0-CORE,,,,,CANONICAL_RESOURCE_CONSTRAINED_A4
A4_C1_C3,Lee2019_MI,P02-A4-Lee2019_MI-SSL-A4-C3-MULTI-PROB-AVG-P01-L1-LOW-CAL-OFFICIAL-R2:1_PER_CLASS-MR03:VS:A4-C0-CORE,,,,,CANONICAL_RESOURCE_CONSTRAINED_A4
A4_C1_C3,Lee2019_MI,P02-A4-Lee2019_MI-SSL-A4-C1-LONG-3P5S-P01-L1-LOW-CAL-OFFICIAL-R2:1_PER_CLASS-MR04:VS:A4-C0-CORE,,,,,CANONICAL_RESOURCE_CONSTRAINED_A4
A4_C1_C3,Lee2019_MI,P02-A4-Lee2019_MI-SSL-A4-C2-MULTI-HARD-VOTE-P01-L1-LOW-CAL-OFFICIAL-R2:1_PER_CLASS-MR04:VS:A4-C0-CORE,,,,,CANONICAL_RESOURCE_CONSTRAINED_A4
A4_C1_C3,Lee2019_MI,P02-A4-Lee2019_MI-SSL-A4-C3-MULTI-PROB-AVG-P01-L1-LOW-CAL-OFFICIAL-R2:1_PER_CLASS-MR04:VS:A4-C0-CORE,,,,,CANONICAL_RESOURCE_CONSTRAINED_A4
A4_C1_C3,Lee2019_MI,P02-A4-Lee2019_MI-CLASSICAL-A4-C1-LONG-3P5S-P01-L1-LOW-CAL-OFFICIAL-R2:2_PER_CLASS-MR00:VS:A4-C0-CORE,6.0,0.0,1.0,1.0,CANONICAL_RESOURCE_CONSTRAINED_A4
A4_C1_C3,Lee2019_MI,P02-A4-Lee2019_MI-CLASSICAL-A4-C2-MULTI-HARD-VOTE-P01-L1-LOW-CAL-OFFICIAL-R2:2_PER_CLASS-MR00:VS:A4-C0-CORE,6.0,0.0,1.0,1.0,CANONICAL_RESOURCE_CONSTRAINED_A4
A4_C1_C3,Lee2019_MI,P02-A4-Lee2019_MI-CLASSICAL-A4-C3-MULTI-PROB-AVG-P01-L1-LOW-CAL-OFFICIAL-R2:2_PER_CLASS-MR00:VS:A4-C0-CORE,6.0,0.0,1.0,1.0,CANONICAL_RESOURCE_CONSTRAINED_A4
A4_C1_C3,Lee2019_MI,P02-A4-Lee2019_MI-RIEMANNIAN-A4-C1-LONG-3P5S-P01-L1-LOW-CAL-OFFICIAL-R2:2_PER_CLASS-MR00:VS:A4-C0-CORE,6.0,0.0,0.5,1.0,CANONICAL_RESOURCE_CONSTRAINED_A4
A4_C1_C3,Lee2019_MI,P02-A4-Lee2019_MI-RIEMANNIAN-A4-C2-MULTI-HARD-VOTE-P01-L1-LOW-CAL-OFFICIAL-R2:2_PER_CLASS-MR00:VS:A4-C0-CORE,6.0,0.0,0.5,1.0,CANONICAL_RESOURCE_CONSTRAINED_A4
A4_C1_C3,Lee2019_MI,P02-A4-Lee2019_MI-RIEMANNIAN-A4-C3-MULTI-PROB-AVG-P01-L1-LOW-CAL-OFFICIAL-R2:2_PER_CLASS-MR00:VS:A4-C0-CORE,6.0,0.0,0.5,1.0,CANONICAL_RESOURCE_CONSTRAINED_A4
A4_C1_C3,Lee2019_MI,P02-A4-Lee2019_MI-NEURAL-A4-C1-LONG-3P5S-P01-L1-LOW-CAL-OFFICIAL-R2:2_PER_CLASS-MR00:VS:A4-C0-CORE,,,,,CANONICAL_RESOURCE_CONSTRAINED_A4
A4_C1_C3,Lee2019_MI,P02-A4-Lee2019_MI-NEURAL-A4-C2-MULTI-HARD-VOTE-P01-L1-LOW-CAL-OFFICIAL-R2:2_PER_CLASS-MR00:VS:A4-C0-CORE,,,,,CANONICAL_RESOURCE_CONSTRAINED_A4
A4_C1_C3,Lee2019_MI,P02-A4-Lee2019_MI-NEURAL-A4-C3-MULTI-PROB-AVG-P01-L1-LOW-CAL-OFFICIAL-R2:2_PER_CLASS-MR00:VS:A4-C0-CORE,,,,,CANONICAL_RESOURCE_CONSTRAINED_A4
A4_C1_C3,Lee2019_MI,P02-A4-Lee2019_MI-NEURAL-A4-C1-LONG-3P5S-P01-L1-LOW-CAL-OFFICIAL-R2:2_PER_CLASS-MR01:VS:A4-C0-CORE,,,,,CANONICAL_RESOURCE_CONSTRAINED_A4
A4_C1_C3,Lee2019_MI,P02-A4-Lee2019_MI-NEURAL-A4-C2-MULTI-HARD-VOTE-P01-L1-LOW-CAL-OFFICIAL-R2:2_PER_CLASS-MR01:VS:A4-C0-CORE,,,,,CANONICAL_RESOURCE_CONSTRAINED_A4
A4_C1_C3,Lee2019_MI,P02-A4-Lee2019_MI-NEURAL-A4-C3-MULTI-PROB-AVG-P01-L1-LOW-CAL-OFFICIAL-R2:2_PER_CLASS-MR01:VS:A4-C0-CORE,,,,,CANONICAL_RESOURCE_CONSTRAINED_A4
A4_C1_C3,Lee2019_MI,P02-A4-Lee2019_MI-NEURAL-A4-C1-LONG-3P5S-P01-L1-LOW-CAL-OFFICIAL-R2:2_PER_CLASS-MR02:VS:A4-C0-CORE,,,,,CANONICAL_RESOURCE_CONSTRAINED_A4
A4_C1_C3,Lee2019_MI,P02-A4-Lee2019_MI-NEURAL-A4-C2-MULTI-HARD-VOTE-P01-L1-LOW-CAL-OFFICIAL-R2:2_PER_CLASS-MR02:VS:A4-C0-CORE,,,,,CANONICAL_RESOURCE_CONSTRAINED_A4
A4_C1_C3,Lee2019_MI,P02-A4-Lee2019_MI-NEURAL-A4-C3-MULTI-PROB-AVG-P01-L1-LOW-CAL-OFFICIAL-R2:2_PER_CLASS-MR02:VS:A4-C0-CORE,,,,,CANONICAL_RESOURCE_CONSTRAINED_A4
A4_C1_C3,Lee2019_MI,P02-A4-Lee2019_MI-NEURAL-A4-C1-LONG-3P5S-P01-L1-LOW-CAL-OFFICIAL-R2:2_PER_CLASS-MR03:VS:A4-C0-CORE,,,,,CANONICAL_RESOURCE_CONSTRAINED_A4
A4_C1_C3,Lee2019_MI,P02-A4-Lee2019_MI-NEURAL-A4-C2-MULTI-HARD-VOTE-P01-L1-LOW-CAL-OFFICIAL-R2:2_PER_CLASS-MR03:VS:A4-C0-CORE,,,,,CANONICAL_RESOURCE_CONSTRAINED_A4
A4_C1_C3,Lee2019_MI,P02-A4-Lee2019_MI-NEURAL-A4-C3-MULTI-PROB-AVG-P01-L1-LOW-CAL-OFFICIAL-R2:2_PER_CLASS-MR03:VS:A4-C0-CORE,,,,,CANONICAL_RESOURCE_CONSTRAINED_A4
A4_C1_C3,Lee2019_MI,P02-A4-Lee2019_MI-NEURAL-A4-C1-LONG-3P5S-P01-L1-LOW-CAL-OFFICIAL-R2:2_PER_CLASS-MR04:VS:A4-C0-CORE,,,,,CANONICAL_RESOURCE_CONSTRAINED_A4
A4_C1_C3,Lee2019_MI,P02-A4-Lee2019_MI-NEURAL-A4-C2-MULTI-HARD-VOTE-P01-L1-LOW-CAL-OFFICIAL-R2:2_PER_CLASS-MR04:VS:A4-C0-CORE,,,,,CANONICAL_RESOURCE_CONSTRAINED_A4
A4_C1_C3,Lee2019_MI,P02-A4-Lee2019_MI-NEURAL-A4-C3-MULTI-PROB-AVG-P01-L1-LOW-CAL-OFFICIAL-R2:2_PER_CLASS-MR04:VS:A4-C0-CORE,,,,,CANONICAL_RESOURCE_CONSTRAINED_A4
A4_C1_C3,Lee2019_MI,P02-A4-Lee2019_MI-SSL-A4-C1-LONG-3P5S-P01-L1-LOW-CAL-OFFICIAL-R2:2_PER_CLASS-MR00:VS:A4-C0-CORE,,,,,CANONICAL_RESOURCE_CONSTRAINED_A4
A4_C1_C3,Lee2019_MI,P02-A4-Lee2019_MI-SSL-A4-C2-MULTI-HARD-VOTE-P01-L1-LOW-CAL-OFFICIAL-R2:2_PER_CLASS-MR00:VS:A4-C0-CORE,,,,,CANONICAL_RESOURCE_CONSTRAINED_A4
A4_C1_C3,Lee2019_MI,P02-A4-Lee2019_MI-SSL-A4-C3-MULTI-PROB-AVG-P01-L1-LOW-CAL-OFFICIAL-R2:2_PER_CLASS-MR00:VS:A4-C0-CORE,,,,,CANONICAL_RESOURCE_CONSTRAINED_A4
A4_C1_C3,Lee2019_MI,P02-A4-Lee2019_MI-SSL-A4-C1-LONG-3P5S-P01-L1-LOW-CAL-OFFICIAL-R2:2_PER_CLASS-MR01:VS:A4-C0-CORE,,,,,CANONICAL_RESOURCE_CONSTRAINED_A4
A4_C1_C3,Lee2019_MI,P02-A4-Lee2019_MI-SSL-A4-C2-MULTI-HARD-VOTE-P01-L1-LOW-CAL-OFFICIAL-R2:2_PER_CLASS-MR01:VS:A4-C0-CORE,,,,,CANONICAL_RESOURCE_CONSTRAINED_A4
A4_C1_C3,Lee2019_MI,P02-A4-Lee2019_MI-SSL-A4-C3-MULTI-PROB-AVG-P01-L1-LOW-CAL-OFFICIAL-R2:2_PER_CLASS-MR01:VS:A4-C0-CORE,,,,,CANONICAL_RESOURCE_CONSTRAINED_A4
A4_C1_C3,Lee2019_MI,P02-A4-Lee2019_MI-SSL-A4-C1-LONG-3P5S-P01-L1-LOW-CAL-OFFICIAL-R2:2_PER_CLASS-MR02:VS:A4-C0-CORE,,,,,CANONICAL_RESOURCE_CONSTRAINED_A4
A4_C1_C3,Lee2019_MI,P02-A4-Lee2019_MI-SSL-A4-C2-MULTI-HARD-VOTE-P01-L1-LOW-CAL-OFFICIAL-R2:2_PER_CLASS-MR02:VS:A4-C0-CORE,,,,,CANONICAL_RESOURCE_CONSTRAINED_A4
A4_C1_C3,Lee2019_MI,P02-A4-Lee2019_MI-SSL-A4-C3-MULTI-PROB-AVG-P01-L1-LOW-CAL-OFFICIAL-R2:2_PER_CLASS-MR02:VS:A4-C0-CORE,,,,,CANONICAL_RESOURCE_CONSTRAINED_A4
A4_C1_C3,Lee2019_MI,P02-A4-Lee2019_MI-SSL-A4-C1-LONG-3P5S-P01-L1-LOW-CAL-OFFICIAL-R2:2_PER_CLASS-MR03:VS:A4-C0-CORE,,,,,CANONICAL_RESOURCE_CONSTRAINED_A4
A4_C1_C3,Lee2019_MI,P02-A4-Lee2019_MI-SSL-A4-C2-MULTI-HARD-VOTE-P01-L1-LOW-CAL-OFFICIAL-R2:2_PER_CLASS-MR03:VS:A4-C0-CORE,,,,,CANONICAL_RESOURCE_CONSTRAINED_A4
A4_C1_C3,Lee2019_MI,P02-A4-Lee2019_MI-SSL-A4-C3-MULTI-PROB-AVG-P01-L1-LOW-CAL-OFFICIAL-R2:2_PER_CLASS-MR03:VS:A4-C0-CORE,,,,,CANONICAL_RESOURCE_CONSTRAINED_A4
A4_C1_C3,Lee2019_MI,P02-A4-Lee2019_MI-SSL-A4-C1-LONG-3P5S-P01-L1-LOW-CAL-OFFICIAL-R2:2_PER_CLASS-MR04:VS:A4-C0-CORE,,,,,CANONICAL_RESOURCE_CONSTRAINED_A4
A4_C1_C3,Lee2019_MI,P02-A4-Lee2019_MI-SSL-A4-C2-MULTI-HARD-VOTE-P01-L1-LOW-CAL-OFFICIAL-R2:2_PER_CLASS-MR04:VS:A4-C0-CORE,,,,,CANONICAL_RESOURCE_CONSTRAINED_A4
A4_C1_C3,Lee2019_MI,P02-A4-Lee2019_MI-SSL-A4-C3-MULTI-PROB-AVG-P01-L1-LOW-CAL-OFFICIAL-R2:2_PER_CLASS-MR04:VS:A4-C0-CORE,,,,,CANONICAL_RESOURCE_CONSTRAINED_A4
A4_C1_C3,Lee2019_MI,P02-A4-Lee2019_MI-CLASSICAL-A4-C1-LONG-3P5S-P01-L1-LOW-CAL-OFFICIAL-R2:4_PER_CLASS-MR00:VS:A4-C0-CORE,6.0,0.0,1.0,1.0,CANONICAL_RESOURCE_CONSTRAINED_A4
A4_C1_C3,Lee2019_MI,P02-A4-Lee2019_MI-CLASSICAL-A4-C2-MULTI-HARD-VOTE-P01-L1-LOW-CAL-OFFICIAL-R2:4_PER_CLASS-MR00:VS:A4-C0-CORE,6.0,0.0,1.0,1.0,CANONICAL_RESOURCE_CONSTRAINED_A4
A4_C1_C3,Lee2019_MI,P02-A4-Lee2019_MI-CLASSICAL-A4-C3-MULTI-PROB-AVG-P01-L1-LOW-CAL-OFFICIAL-R2:4_PER_CLASS-MR00:VS:A4-C0-CORE,6.0,0.0,0.75,1.0,CANONICAL_RESOURCE_CONSTRAINED_A4
A4_C1_C3,Lee2019_MI,P02-A4-Lee2019_MI-RIEMANNIAN-A4-C1-LONG-3P5S-P01-L1-LOW-CAL-OFFICIAL-R2:4_PER_CLASS-MR00:VS:A4-C0-CORE,6.0,0.0,0.5,1.0,CANONICAL_RESOURCE_CONSTRAINED_A4
A4_C1_C3,Lee2019_MI,P02-A4-Lee2019_MI-RIEMANNIAN-A4-C2-MULTI-HARD-VOTE-P01-L1-LOW-CAL-OFFICIAL-R2:4_PER_CLASS-MR00:VS:A4-C0-CORE,6.0,0.0,0.5,1.0,CANONICAL_RESOURCE_CONSTRAINED_A4
A4_C1_C3,Lee2019_MI,P02-A4-Lee2019_MI-RIEMANNIAN-A4-C3-MULTI-PROB-AVG-P01-L1-LOW-CAL-OFFICIAL-R2:4_PER_CLASS-MR00:VS:A4-C0-CORE,6.0,0.0,0.5,1.0,CANONICAL_RESOURCE_CONSTRAINED_A4
A4_C1_C3,Lee2019_MI,P02-A4-Lee2019_MI-NEURAL-A4-C1-LONG-3P5S-P01-L1-LOW-CAL-OFFICIAL-R2:4_PER_CLASS-MR00:VS:A4-C0-CORE,,,,,CANONICAL_RESOURCE_CONSTRAINED_A4
A4_C1_C3,Lee2019_MI,P02-A4-Lee2019_MI-NEURAL-A4-C2-MULTI-HARD-VOTE-P01-L1-LOW-CAL-OFFICIAL-R2:4_PER_CLASS-MR00:VS:A4-C0-CORE,,,,,CANONICAL_RESOURCE_CONSTRAINED_A4
A4_C1_C3,Lee2019_MI,P02-A4-Lee2019_MI-NEURAL-A4-C3-MULTI-PROB-AVG-P01-L1-LOW-CAL-OFFICIAL-R2:4_PER_CLASS-MR00:VS:A4-C0-CORE,,,,,CANONICAL_RESOURCE_CONSTRAINED_A4
A4_C1_C3,Lee2019_MI,P02-A4-Lee2019_MI-NEURAL-A4-C1-LONG-3P5S-P01-L1-LOW-CAL-OFFICIAL-R2:4_PER_CLASS-MR01:VS:A4-C0-CORE,,,,,CANONICAL_RESOURCE_CONSTRAINED_A4
A4_C1_C3,Lee2019_MI,P02-A4-Lee2019_MI-NEURAL-A4-C2-MULTI-HARD-VOTE-P01-L1-LOW-CAL-OFFICIAL-R2:4_PER_CLASS-MR01:VS:A4-C0-CORE,,,,,CANONICAL_RESOURCE_CONSTRAINED_A4
A4_C1_C3,Lee2019_MI,P02-A4-Lee2019_MI-NEURAL-A4-C3-MULTI-PROB-AVG-P01-L1-LOW-CAL-OFFICIAL-R2:4_PER_CLASS-MR01:VS:A4-C0-CORE,,,,,CANONICAL_RESOURCE_CONSTRAINED_A4
A4_C1_C3,Lee2019_MI,P02-A4-Lee2019_MI-NEURAL-A4-C1-LONG-3P5S-P01-L1-LOW-CAL-OFFICIAL-R2:4_PER_CLASS-MR02:VS:A4-C0-CORE,,,,,CANONICAL_RESOURCE_CONSTRAINED_A4
A4_C1_C3,Lee2019_MI,P02-A4-Lee2019_MI-NEURAL-A4-C2-MULTI-HARD-VOTE-P01-L1-LOW-CAL-OFFICIAL-R2:4_PER_CLASS-MR02:VS:A4-C0-CORE,,,,,CANONICAL_RESOURCE_CONSTRAINED_A4
A4_C1_C3,Lee2019_MI,P02-A4-Lee2019_MI-NEURAL-A4-C3-MULTI-PROB-AVG-P01-L1-LOW-CAL-OFFICIAL-R2:4_PER_CLASS-MR02:VS:A4-C0-CORE,,,,,CANONICAL_RESOURCE_CONSTRAINED_A4
A4_C1_C3,Lee2019_MI,P02-A4-Lee2019_MI-NEURAL-A4-C1-LONG-3P5S-P01-L1-LOW-CAL-OFFICIAL-R2:4_PER_CLASS-MR03:VS:A4-C0-CORE,,,,,CANONICAL_RESOURCE_CONSTRAINED_A4
A4_C1_C3,Lee2019_MI,P02-A4-Lee2019_MI-NEURAL-A4-C2-MULTI-HARD-VOTE-P01-L1-LOW-CAL-OFFICIAL-R2:4_PER_CLASS-MR03:VS:A4-C0-CORE,,,,,CANONICAL_RESOURCE_CONSTRAINED_A4
A4_C1_C3,Lee2019_MI,P02-A4-Lee2019_MI-NEURAL-A4-C3-MULTI-PROB-AVG-P01-L1-LOW-CAL-OFFICIAL-R2:4_PER_CLASS-MR03:VS:A4-C0-CORE,,,,,CANONICAL_RESOURCE_CONSTRAINED_A4
A4_C1_C3,Lee2019_MI,P02-A4-Lee2019_MI-NEURAL-A4-C1-LONG-3P5S-P01-L1-LOW-CAL-OFFICIAL-R2:4_PER_CLASS-MR04:VS:A4-C0-CORE,,,,,CANONICAL_RESOURCE_CONSTRAINED_A4
A4_C1_C3,Lee2019_MI,P02-A4-Lee2019_MI-NEURAL-A4-C2-MULTI-HARD-VOTE-P01-L1-LOW-CAL-OFFICIAL-R2:4_PER_CLASS-MR04:VS:A4-C0-CORE,,,,,CANONICAL_RESOURCE_CONSTRAINED_A4
A4_C1_C3,Lee2019_MI,P02-A4-Lee2019_MI-NEURAL-A4-C3-MULTI-PROB-AVG-P01-L1-LOW-CAL-OFFICIAL-R2:4_PER_CLASS-MR04:VS:A4-C0-CORE,,,,,CANONICAL_RESOURCE_CONSTRAINED_A4
A4_C1_C3,Lee2019_MI,P02-A4-Lee2019_MI-SSL-A4-C1-LONG-3P5S-P01-L1-LOW-CAL-OFFICIAL-R2:4_PER_CLASS-MR00:VS:A4-C0-CORE,,,,,CANONICAL_RESOURCE_CONSTRAINED_A4
A4_C1_C3,Lee2019_MI,P02-A4-Lee2019_MI-SSL-A4-C2-MULTI-HARD-VOTE-P01-L1-LOW-CAL-OFFICIAL-R2:4_PER_CLASS-MR00:VS:A4-C0-CORE,,,,,CANONICAL_RESOURCE_CONSTRAINED_A4
A4_C1_C3,Lee2019_MI,P02-A4-Lee2019_MI-SSL-A4-C3-MULTI-PROB-AVG-P01-L1-LOW-CAL-OFFICIAL-R2:4_PER_CLASS-MR00:VS:A4-C0-CORE,,,,,CANONICAL_RESOURCE_CONSTRAINED_A4
A4_C1_C3,Lee2019_MI,P02-A4-Lee2019_MI-SSL-A4-C1-LONG-3P5S-P01-L1-LOW-CAL-OFFICIAL-R2:4_PER_CLASS-MR01:VS:A4-C0-CORE,,,,,CANONICAL_RESOURCE_CONSTRAINED_A4
A4_C1_C3,Lee2019_MI,P02-A4-Lee2019_MI-SSL-A4-C2-MULTI-HARD-VOTE-P01-L1-LOW-CAL-OFFICIAL-R2:4_PER_CLASS-MR01:VS:A4-C0-CORE,,,,,CANONICAL_RESOURCE_CONSTRAINED_A4
A4_C1_C3,Lee2019_MI,P02-A4-Lee2019_MI-SSL-A4-C3-MULTI-PROB-AVG-P01-L1-LOW-CAL-OFFICIAL-R2:4_PER_CLASS-MR01:VS:A4-C0-CORE,,,,,CANONICAL_RESOURCE_CONSTRAINED_A4
A4_C1_C3,Lee2019_MI,P02-A4-Lee2019_MI-SSL-A4-C1-LONG-3P5S-P01-L1-LOW-CAL-OFFICIAL-R2:4_PER_CLASS-MR02:VS:A4-C0-CORE,,,,,CANONICAL_RESOURCE_CONSTRAINED_A4
A4_C1_C3,Lee2019_MI,P02-A4-Lee2019_MI-SSL-A4-C2-MULTI-HARD-VOTE-P01-L1-LOW-CAL-OFFICIAL-R2:4_PER_CLASS-MR02:VS:A4-C0-CORE,,,,,CANONICAL_RESOURCE_CONSTRAINED_A4
A4_C1_C3,Lee2019_MI,P02-A4-Lee2019_MI-SSL-A4-C3-MULTI-PROB-AVG-P01-L1-LOW-CAL-OFFICIAL-R2:4_PER_CLASS-MR02:VS:A4-C0-CORE,,,,,CANONICAL_RESOURCE_CONSTRAINED_A4
A4_C1_C3,Lee2019_MI,P02-A4-Lee2019_MI-SSL-A4-C1-LONG-3P5S-P01-L1-LOW-CAL-OFFICIAL-R2:4_PER_CLASS-MR03:VS:A4-C0-CORE,,,,,CANONICAL_RESOURCE_CONSTRAINED_A4
A4_C1_C3,Lee2019_MI,P02-A4-Lee2019_MI-SSL-A4-C2-MULTI-HARD-VOTE-P01-L1-LOW-CAL-OFFICIAL-R2:4_PER_CLASS-MR03:VS:A4-C0-CORE,,,,,CANONICAL_RESOURCE_CONSTRAINED_A4
A4_C1_C3,Lee2019_MI,P02-A4-Lee2019_MI-SSL-A4-C3-MULTI-PROB-AVG-P01-L1-LOW-CAL-OFFICIAL-R2:4_PER_CLASS-MR03:VS:A4-C0-CORE,,,,,CANONICAL_RESOURCE_CONSTRAINED_A4
A4_C1_C3,Lee2019_MI,P02-A4-Lee2019_MI-SSL-A4-C1-LONG-3P5S-P01-L1-LOW-CAL-OFFICIAL-R2:4_PER_CLASS-MR04:VS:A4-C0-CORE,,,,,CANONICAL_RESOURCE_CONSTRAINED_A4
A4_C1_C3,Lee2019_MI,P02-A4-Lee2019_MI-SSL-A4-C2-MULTI-HARD-VOTE-P01-L1-LOW-CAL-OFFICIAL-R2:4_PER_CLASS-MR04:VS:A4-C0-CORE,,,,,CANONICAL_RESOURCE_CONSTRAINED_A4
A4_C1_C3,Lee2019_MI,P02-A4-Lee2019_MI-SSL-A4-C3-MULTI-PROB-AVG-P01-L1-LOW-CAL-OFFICIAL-R2:4_PER_CLASS-MR04:VS:A4-C0-CORE,,,,,CANONICAL_RESOURCE_CONSTRAINED_A4
A4_C1_C3,Lee2019_MI,P02-A4-Lee2019_MI-CLASSICAL-A4-C1-LONG-3P5S-P01-L1-LOW-CAL-OFFICIAL-R2:8_PER_CLASS-MR00:VS:A4-C0-CORE,6.0,0.03,0.125,0.375,CANONICAL_RESOURCE_CONSTRAINED_A4
A4_C1_C3,Lee2019_MI,P02-A4-Lee2019_MI-CLASSICAL-A4-C2-MULTI-HARD-VOTE-P01-L1-LOW-CAL-OFFICIAL-R2:8_PER_CLASS-MR00:VS:A4-C0-CORE,6.0,0.0799999999999999,0.125,0.375,CANONICAL_RESOURCE_CONSTRAINED_A4
A4_C1_C3,Lee2019_MI,P02-A4-Lee2019_MI-CLASSICAL-A4-C3-MULTI-PROB-AVG-P01-L1-LOW-CAL-OFFICIAL-R2:8_PER_CLASS-MR00:VS:A4-C0-CORE,6.0,0.0749999999999999,0.0625,0.375,CANONICAL_RESOURCE_CONSTRAINED_A4
A4_C1_C3,Lee2019_MI,P02-A4-Lee2019_MI-RIEMANNIAN-A4-C1-LONG-3P5S-P01-L1-LOW-CAL-OFFICIAL-R2:8_PER_CLASS-MR00:VS:A4-C0-CORE,6.0,0.0,1.0,1.0,CANONICAL_RESOURCE_CONSTRAINED_A4
A4_C1_C3,Lee2019_MI,P02-A4-Lee2019_MI-RIEMANNIAN-A4-C2-MULTI-HARD-VOTE-P01-L1-LOW-CAL-OFFICIAL-R2:8_PER_CLASS-MR00:VS:A4-C0-CORE,6.0,0.0,1.0,1.0,CANONICAL_RESOURCE_CONSTRAINED_A4
A4_C1_C3,Lee2019_MI,P02-A4-Lee2019_MI-RIEMANNIAN-A4-C3-MULTI-PROB-AVG-P01-L1-LOW-CAL-OFFICIAL-R2:8_PER_CLASS-MR00:VS:A4-C0-CORE,6.0,0.0,0.625,1.0,CANONICAL_RESOURCE_CONSTRAINED_A4
A4_C1_C3,Lee2019_MI,P02-A4-Lee2019_MI-NEURAL-A4-C1-LONG-3P5S-P01-L1-LOW-CAL-OFFICIAL-R2:8_PER_CLASS-MR00:VS:A4-C0-CORE,6.0,-0.0399999999999999,0.125,0.375,CANONICAL_RESOURCE_CONSTRAINED_A4
A4_C1_C3,Lee2019_MI,P02-A4-Lee2019_MI-NEURAL-A4-C2-MULTI-HARD-VOTE-P01-L1-LOW-CAL-OFFICIAL-R2:8_PER_CLASS-MR00:VS:A4-C0-CORE,6.0,-0.025,0.875,1.0,CANONICAL_RESOURCE_CONSTRAINED_A4
A4_C1_C3,Lee2019_MI,P02-A4-Lee2019_MI-NEURAL-A4-C3-MULTI-PROB-AVG-P01-L1-LOW-CAL-OFFICIAL-R2:8_PER_CLASS-MR00:VS:A4-C0-CORE,6.0,-0.025,0.59375,1.0,CANONICAL_RESOURCE_CONSTRAINED_A4
A4_C1_C3,Lee2019_MI,P02-A4-Lee2019_MI-NEURAL-A4-C1-LONG-3P5S-P01-L1-LOW-CAL-OFFICIAL-R2:8_PER_CLASS-MR01:VS:A4-C0-CORE,,,,,CANONICAL_RESOURCE_CONSTRAINED_A4
A4_C1_C3,Lee2019_MI,P02-A4-Lee2019_MI-NEURAL-A4-C2-MULTI-HARD-VOTE-P01-L1-LOW-CAL-OFFICIAL-R2:8_PER_CLASS-MR01:VS:A4-C0-CORE,,,,,CANONICAL_RESOURCE_CONSTRAINED_A4
A4_C1_C3,Lee2019_MI,P02-A4-Lee2019_MI-NEURAL-A4-C3-MULTI-PROB-AVG-P01-L1-LOW-CAL-OFFICIAL-R2:8_PER_CLASS-MR01:VS:A4-C0-CORE,,,,,CANONICAL_RESOURCE_CONSTRAINED_A4
A4_C1_C3,Lee2019_MI,P02-A4-Lee2019_MI-NEURAL-A4-C1-LONG-3P5S-P01-L1-LOW-CAL-OFFICIAL-R2:8_PER_CLASS-MR02:VS:A4-C0-CORE,,,,,CANONICAL_RESOURCE_CONSTRAINED_A4
A4_C1_C3,Lee2019_MI,P02-A4-Lee2019_MI-NEURAL-A4-C2-MULTI-HARD-VOTE-P01-L1-LOW-CAL-OFFICIAL-R2:8_PER_CLASS-MR02:VS:A4-C0-CORE,,,,,CANONICAL_RESOURCE_CONSTRAINED_A4
A4_C1_C3,Lee2019_MI,P02-A4-Lee2019_MI-NEURAL-A4-C3-MULTI-PROB-AVG-P01-L1-LOW-CAL-OFFICIAL-R2:8_PER_CLASS-MR02:VS:A4-C0-CORE,,,,,CANONICAL_RESOURCE_CONSTRAINED_A4
A4_C1_C3,Lee2019_MI,P02-A4-Lee2019_MI-NEURAL-A4-C1-LONG-3P5S-P01-L1-LOW-CAL-OFFICIAL-R2:8_PER_CLASS-MR03:VS:A4-C0-CORE,,,,,CANONICAL_RESOURCE_CONSTRAINED_A4
A4_C1_C3,Lee2019_MI,P02-A4-Lee2019_MI-NEURAL-A4-C2-MULTI-HARD-VOTE-P01-L1-LOW-CAL-OFFICIAL-R2:8_PER_CLASS-MR03:VS:A4-C0-CORE,,,,,CANONICAL_RESOURCE_CONSTRAINED_A4
A4_C1_C3,Lee2019_MI,P02-A4-Lee2019_MI-NEURAL-A4-C3-MULTI-PROB-AVG-P01-L1-LOW-CAL-OFFICIAL-R2:8_PER_CLASS-MR03:VS:A4-C0-CORE,,,,,CANONICAL_RESOURCE_CONSTRAINED_A4
A4_C1_C3,Lee2019_MI,P02-A4-Lee2019_MI-NEURAL-A4-C1-LONG-3P5S-P01-L1-LOW-CAL-OFFICIAL-R2:8_PER_CLASS-MR04:VS:A4-C0-CORE,,,,,CANONICAL_RESOURCE_CONSTRAINED_A4
A4_C1_C3,Lee2019_MI,P02-A4-Lee2019_MI-NEURAL-A4-C2-MULTI-HARD-VOTE-P01-L1-LOW-CAL-OFFICIAL-R2:8_PER_CLASS-MR04:VS:A4-C0-CORE,,,,,CANONICAL_RESOURCE_CONSTRAINED_A4
A4_C1_C3,Lee2019_MI,P02-A4-Lee2019_MI-NEURAL-A4-C3-MULTI-PROB-AVG-P01-L1-LOW-CAL-OFFICIAL-R2:8_PER_CLASS-MR04:VS:A4-C0-CORE,,,,,CANONICAL_RESOURCE_CONSTRAINED_A4
A4_C1_C3,Lee2019_MI,P02-A4-Lee2019_MI-SSL-A4-C1-LONG-3P5S-P01-L1-LOW-CAL-OFFICIAL-R2:8_PER_CLASS-MR00:VS:A4-C0-CORE,,,,,CANONICAL_RESOURCE_CONSTRAINED_A4
A4_C1_C3,Lee2019_MI,P02-A4-Lee2019_MI-SSL-A4-C2-MULTI-HARD-VOTE-P01-L1-LOW-CAL-OFFICIAL-R2:8_PER_CLASS-MR00:VS:A4-C0-CORE,6.0,0.0249999999999999,0.28125,0.5625,CANONICAL_RESOURCE_CONSTRAINED_A4
A4_C1_C3,Lee2019_MI,P02-A4-Lee2019_MI-SSL-A4-C3-MULTI-PROB-AVG-P01-L1-LOW-CAL-OFFICIAL-R2:8_PER_CLASS-MR00:VS:A4-C0-CORE,6.0,0.0349999999999999,0.1875,0.5625,CANONICAL_RESOURCE_CONSTRAINED_A4
A4_C1_C3,Lee2019_MI,P02-A4-Lee2019_MI-SSL-A4-C1-LONG-3P5S-P01-L1-LOW-CAL-OFFICIAL-R2:8_PER_CLASS-MR01:VS:A4-C0-CORE,,,,,CANONICAL_RESOURCE_CONSTRAINED_A4
A4_C1_C3,Lee2019_MI,P02-A4-Lee2019_MI-SSL-A4-C2-MULTI-HARD-VOTE-P01-L1-LOW-CAL-OFFICIAL-R2:8_PER_CLASS-MR01:VS:A4-C0-CORE,,,,,CANONICAL_RESOURCE_CONSTRAINED_A4
A4_C1_C3,Lee2019_MI,P02-A4-Lee2019_MI-SSL-A4-C3-MULTI-PROB-AVG-P01-L1-LOW-CAL-OFFICIAL-R2:8_PER_CLASS-MR01:VS:A4-C0-CORE,,,,,CANONICAL_RESOURCE_CONSTRAINED_A4
A4_C1_C3,Lee2019_MI,P02-A4-Lee2019_MI-SSL-A4-C1-LONG-3P5S-P01-L1-LOW-CAL-OFFICIAL-R2:8_PER_CLASS-MR02:VS:A4-C0-CORE,,,,,CANONICAL_RESOURCE_CONSTRAINED_A4
A4_C1_C3,Lee2019_MI,P02-A4-Lee2019_MI-SSL-A4-C2-MULTI-HARD-VOTE-P01-L1-LOW-CAL-OFFICIAL-R2:8_PER_CLASS-MR02:VS:A4-C0-CORE,,,,,CANONICAL_RESOURCE_CONSTRAINED_A4
A4_C1_C3,Lee2019_MI,P02-A4-Lee2019_MI-SSL-A4-C3-MULTI-PROB-AVG-P01-L1-LOW-CAL-OFFICIAL-R2:8_PER_CLASS-MR02:VS:A4-C0-CORE,,,,,CANONICAL_RESOURCE_CONSTRAINED_A4
A4_C1_C3,Lee2019_MI,P02-A4-Lee2019_MI-SSL-A4-C1-LONG-3P5S-P01-L1-LOW-CAL-OFFICIAL-R2:8_PER_CLASS-MR03:VS:A4-C0-CORE,,,,,CANONICAL_RESOURCE_CONSTRAINED_A4
A4_C1_C3,Lee2019_MI,P02-A4-Lee2019_MI-SSL-A4-C2-MULTI-HARD-VOTE-P01-L1-LOW-CAL-OFFICIAL-R2:8_PER_CLASS-MR03:VS:A4-C0-CORE,,,,,CANONICAL_RESOURCE_CONSTRAINED_A4
A4_C1_C3,Lee2019_MI,P02-A4-Lee2019_MI-SSL-A4-C3-MULTI-PROB-AVG-P01-L1-LOW-CAL-OFFICIAL-R2:8_PER_CLASS-MR03:VS:A4-C0-CORE,,,,,CANONICAL_RESOURCE_CONSTRAINED_A4
A4_C1_C3,Lee2019_MI,P02-A4-Lee2019_MI-SSL-A4-C1-LONG-3P5S-P01-L1-LOW-CAL-OFFICIAL-R2:8_PER_CLASS-MR04:VS:A4-C0-CORE,,,,,CANONICAL_RESOURCE_CONSTRAINED_A4
A4_C1_C3,Lee2019_MI,P02-A4-Lee2019_MI-SSL-A4-C2-MULTI-HARD-VOTE-P01-L1-LOW-CAL-OFFICIAL-R2:8_PER_CLASS-MR04:VS:A4-C0-CORE,,,,,CANONICAL_RESOURCE_CONSTRAINED_A4
A4_C1_C3,Lee2019_MI,P02-A4-Lee2019_MI-SSL-A4-C3-MULTI-PROB-AVG-P01-L1-LOW-CAL-OFFICIAL-R2:8_PER_CLASS-MR04:VS:A4-C0-CORE,,,,,CANONICAL_RESOURCE_CONSTRAINED_A4
A4_C1_C3,Lee2019_MI,P02-A4-Lee2019_MI-CLASSICAL-A4-C1-LONG-3P5S-P01-L1-LOW-CAL-OFFICIAL-R2:16_PER_CLASS-MR00:VS:A4-C0-CORE,6.0,0.0,0.875,1.0,CANONICAL_RESOURCE_CONSTRAINED_A4
A4_C1_C3,Lee2019_MI,P02-A4-Lee2019_MI-CLASSICAL-A4-C2-MULTI-HARD-VOTE-P01-L1-LOW-CAL-OFFICIAL-R2:16_PER_CLASS-MR00:VS:A4-C0-CORE,6.0,-0.025,0.25,1.0,CANONICAL_RESOURCE_CONSTRAINED_A4
A4_C1_C3,Lee2019_MI,P02-A4-Lee2019_MI-CLASSICAL-A4-C3-MULTI-PROB-AVG-P01-L1-LOW-CAL-OFFICIAL-R2:16_PER_CLASS-MR00:VS:A4-C0-CORE,6.0,-0.03,0.25,1.0,CANONICAL_RESOURCE_CONSTRAINED_A4
A4_C1_C3,Lee2019_MI,P02-A4-Lee2019_MI-RIEMANNIAN-A4-C1-LONG-3P5S-P01-L1-LOW-CAL-OFFICIAL-R2:16_PER_CLASS-MR00:VS:A4-C0-CORE,6.0,0.015,0.625,1.0,CANONICAL_RESOURCE_CONSTRAINED_A4
A4_C1_C3,Lee2019_MI,P02-A4-Lee2019_MI-RIEMANNIAN-A4-C2-MULTI-HARD-VOTE-P01-L1-LOW-CAL-OFFICIAL-R2:16_PER_CLASS-MR00:VS:A4-C0-CORE,6.0,0.005,0.25,1.0,CANONICAL_RESOURCE_CONSTRAINED_A4
A4_C1_C3,Lee2019_MI,P02-A4-Lee2019_MI-RIEMANNIAN-A4-C3-MULTI-PROB-AVG-P01-L1-LOW-CAL-OFFICIAL-R2:16_PER_CLASS-MR00:VS:A4-C0-CORE,6.0,0.025,0.1875,1.0,CANONICAL_RESOURCE_CONSTRAINED_A4
A4_C1_C3,Lee2019_MI,P02-A4-Lee2019_MI-NEURAL-A4-C1-LONG-3P5S-P01-L1-LOW-CAL-OFFICIAL-R2:16_PER_CLASS-MR00:VS:A4-C0-CORE,,,,,CANONICAL_RESOURCE_CONSTRAINED_A4
A4_C1_C3,Lee2019_MI,P02-A4-Lee2019_MI-NEURAL-A4-C2-MULTI-HARD-VOTE-P01-L1-LOW-CAL-OFFICIAL-R2:16_PER_CLASS-MR00:VS:A4-C0-CORE,,,,,CANONICAL_RESOURCE_CONSTRAINED_A4
A4_C1_C3,Lee2019_MI,P02-A4-Lee2019_MI-NEURAL-A4-C3-MULTI-PROB-AVG-P01-L1-LOW-CAL-OFFICIAL-R2:16_PER_CLASS-MR00:VS:A4-C0-CORE,,,,,CANONICAL_RESOURCE_CONSTRAINED_A4
A4_C1_C3,Lee2019_MI,P02-A4-Lee2019_MI-NEURAL-A4-C1-LONG-3P5S-P01-L1-LOW-CAL-OFFICIAL-R2:16_PER_CLASS-MR01:VS:A4-C0-CORE,,,,,CANONICAL_RESOURCE_CONSTRAINED_A4
A4_C1_C3,Lee2019_MI,P02-A4-Lee2019_MI-NEURAL-A4-C2-MULTI-HARD-VOTE-P01-L1-LOW-CAL-OFFICIAL-R2:16_PER_CLASS-MR01:VS:A4-C0-CORE,,,,,CANONICAL_RESOURCE_CONSTRAINED_A4
A4_C1_C3,Lee2019_MI,P02-A4-Lee2019_MI-NEURAL-A4-C3-MULTI-PROB-AVG-P01-L1-LOW-CAL-OFFICIAL-R2:16_PER_CLASS-MR01:VS:A4-C0-CORE,,,,,CANONICAL_RESOURCE_CONSTRAINED_A4
A4_C1_C3,Lee2019_MI,P02-A4-Lee2019_MI-NEURAL-A4-C1-LONG-3P5S-P01-L1-LOW-CAL-OFFICIAL-R2:16_PER_CLASS-MR02:VS:A4-C0-CORE,,,,,CANONICAL_RESOURCE_CONSTRAINED_A4
A4_C1_C3,Lee2019_MI,P02-A4-Lee2019_MI-NEURAL-A4-C2-MULTI-HARD-VOTE-P01-L1-LOW-CAL-OFFICIAL-R2:16_PER_CLASS-MR02:VS:A4-C0-CORE,,,,,CANONICAL_RESOURCE_CONSTRAINED_A4
A4_C1_C3,Lee2019_MI,P02-A4-Lee2019_MI-NEURAL-A4-C3-MULTI-PROB-AVG-P01-L1-LOW-CAL-OFFICIAL-R2:16_PER_CLASS-MR02:VS:A4-C0-CORE,,,,,CANONICAL_RESOURCE_CONSTRAINED_A4
A4_C1_C3,Lee2019_MI,P02-A4-Lee2019_MI-NEURAL-A4-C1-LONG-3P5S-P01-L1-LOW-CAL-OFFICIAL-R2:16_PER_CLASS-MR03:VS:A4-C0-CORE,,,,,CANONICAL_RESOURCE_CONSTRAINED_A4
A4_C1_C3,Lee2019_MI,P02-A4-Lee2019_MI-NEURAL-A4-C2-MULTI-HARD-VOTE-P01-L1-LOW-CAL-OFFICIAL-R2:16_PER_CLASS-MR03:VS:A4-C0-CORE,,,,,CANONICAL_RESOURCE_CONSTRAINED_A4
A4_C1_C3,Lee2019_MI,P02-A4-Lee2019_MI-NEURAL-A4-C3-MULTI-PROB-AVG-P01-L1-LOW-CAL-OFFICIAL-R2:16_PER_CLASS-MR03:VS:A4-C0-CORE,,,,,CANONICAL_RESOURCE_CONSTRAINED_A4
A4_C1_C3,Lee2019_MI,P02-A4-Lee2019_MI-NEURAL-A4-C1-LONG-3P5S-P01-L1-LOW-CAL-OFFICIAL-R2:16_PER_CLASS-MR04:VS:A4-C0-CORE,,,,,CANONICAL_RESOURCE_CONSTRAINED_A4
A4_C1_C3,Lee2019_MI,P02-A4-Lee2019_MI-NEURAL-A4-C2-MULTI-HARD-VOTE-P01-L1-LOW-CAL-OFFICIAL-R2:16_PER_CLASS-MR04:VS:A4-C0-CORE,,,,,CANONICAL_RESOURCE_CONSTRAINED_A4
A4_C1_C3,Lee2019_MI,P02-A4-Lee2019_MI-NEURAL-A4-C3-MULTI-PROB-AVG-P01-L1-LOW-CAL-OFFICIAL-R2:16_PER_CLASS-MR04:VS:A4-C0-CORE,,,,,CANONICAL_RESOURCE_CONSTRAINED_A4
A4_C1_C3,Lee2019_MI,P02-A4-Lee2019_MI-SSL-A4-C1-LONG-3P5S-P01-L1-LOW-CAL-OFFICIAL-R2:16_PER_CLASS-MR00:VS:A4-C0-CORE,,,,,CANONICAL_RESOURCE_CONSTRAINED_A4
A4_C1_C3,Lee2019_MI,P02-A4-Lee2019_MI-SSL-A4-C2-MULTI-HARD-VOTE-P01-L1-LOW-CAL-OFFICIAL-R2:16_PER_CLASS-MR00:VS:A4-C0-CORE,,,,,CANONICAL_RESOURCE_CONSTRAINED_A4
A4_C1_C3,Lee2019_MI,P02-A4-Lee2019_MI-SSL-A4-C3-MULTI-PROB-AVG-P01-L1-LOW-CAL-OFFICIAL-R2:16_PER_CLASS-MR00:VS:A4-C0-CORE,,,,,CANONICAL_RESOURCE_CONSTRAINED_A4
A4_C1_C3,Lee2019_MI,P02-A4-Lee2019_MI-SSL-A4-C1-LONG-3P5S-P01-L1-LOW-CAL-OFFICIAL-R2:16_PER_CLASS-MR01:VS:A4-C0-CORE,,,,,CANONICAL_RESOURCE_CONSTRAINED_A4
A4_C1_C3,Lee2019_MI,P02-A4-Lee2019_MI-SSL-A4-C2-MULTI-HARD-VOTE-P01-L1-LOW-CAL-OFFICIAL-R2:16_PER_CLASS-MR01:VS:A4-C0-CORE,,,,,CANONICAL_RESOURCE_CONSTRAINED_A4
A4_C1_C3,Lee2019_MI,P02-A4-Lee2019_MI-SSL-A4-C3-MULTI-PROB-AVG-P01-L1-LOW-CAL-OFFICIAL-R2:16_PER_CLASS-MR01:VS:A4-C0-CORE,,,,,CANONICAL_RESOURCE_CONSTRAINED_A4
A4_C1_C3,Lee2019_MI,P02-A4-Lee2019_MI-SSL-A4-C1-LONG-3P5S-P01-L1-LOW-CAL-OFFICIAL-R2:16_PER_CLASS-MR02:VS:A4-C0-CORE,,,,,CANONICAL_RESOURCE_CONSTRAINED_A4
A4_C1_C3,Lee2019_MI,P02-A4-Lee2019_MI-SSL-A4-C2-MULTI-HARD-VOTE-P01-L1-LOW-CAL-OFFICIAL-R2:16_PER_CLASS-MR02:VS:A4-C0-CORE,,,,,CANONICAL_RESOURCE_CONSTRAINED_A4
A4_C1_C3,Lee2019_MI,P02-A4-Lee2019_MI-SSL-A4-C3-MULTI-PROB-AVG-P01-L1-LOW-CAL-OFFICIAL-R2:16_PER_CLASS-MR02:VS:A4-C0-CORE,,,,,CANONICAL_RESOURCE_CONSTRAINED_A4
A4_C1_C3,Lee2019_MI,P02-A4-Lee2019_MI-SSL-A4-C1-LONG-3P5S-P01-L1-LOW-CAL-OFFICIAL-R2:16_PER_CLASS-MR03:VS:A4-C0-CORE,,,,,CANONICAL_RESOURCE_CONSTRAINED_A4
A4_C1_C3,Lee2019_MI,P02-A4-Lee2019_MI-SSL-A4-C2-MULTI-HARD-VOTE-P01-L1-LOW-CAL-OFFICIAL-R2:16_PER_CLASS-MR03:VS:A4-C0-CORE,,,,,CANONICAL_RESOURCE_CONSTRAINED_A4
A4_C1_C3,Lee2019_MI,P02-A4-Lee2019_MI-SSL-A4-C3-MULTI-PROB-AVG-P01-L1-LOW-CAL-OFFICIAL-R2:16_PER_CLASS-MR03:VS:A4-C0-CORE,,,,,CANONICAL_RESOURCE_CONSTRAINED_A4
A4_C1_C3,Lee2019_MI,P02-A4-Lee2019_MI-SSL-A4-C1-LONG-3P5S-P01-L1-LOW-CAL-OFFICIAL-R2:16_PER_CLASS-MR04:VS:A4-C0-CORE,,,,,CANONICAL_RESOURCE_CONSTRAINED_A4
A4_C1_C3,Lee2019_MI,P02-A4-Lee2019_MI-SSL-A4-C2-MULTI-HARD-VOTE-P01-L1-LOW-CAL-OFFICIAL-R2:16_PER_CLASS-MR04:VS:A4-C0-CORE,,,,,CANONICAL_RESOURCE_CONSTRAINED_A4
A4_C1_C3,Lee2019_MI,P02-A4-Lee2019_MI-SSL-A4-C3-MULTI-PROB-AVG-P01-L1-LOW-CAL-OFFICIAL-R2:16_PER_CLASS-MR04:VS:A4-C0-CORE,,,,,CANONICAL_RESOURCE_CONSTRAINED_A4
A4_C1_C3,Lee2019_MI,P02-A4-Lee2019_MI-CLASSICAL-A4-C1-LONG-3P5S-P01-L1-LOW-CAL-OFFICIAL-R2:32_PER_CLASS-MR00:VS:A4-C0-CORE,6.0,0.0,0.5,1.0,CANONICAL_RESOURCE_CONSTRAINED_A4
A4_C1_C3,Lee2019_MI,P02-A4-Lee2019_MI-CLASSICAL-A4-C2-MULTI-HARD-VOTE-P01-L1-LOW-CAL-OFFICIAL-R2:32_PER_CLASS-MR00:VS:A4-C0-CORE,6.0,0.005,0.5,1.0,CANONICAL_RESOURCE_CONSTRAINED_A4
A4_C1_C3,Lee2019_MI,P02-A4-Lee2019_MI-CLASSICAL-A4-C3-MULTI-PROB-AVG-P01-L1-LOW-CAL-OFFICIAL-R2:32_PER_CLASS-MR00:VS:A4-C0-CORE,6.0,0.005,0.25,1.0,CANONICAL_RESOURCE_CONSTRAINED_A4
A4_C1_C3,Lee2019_MI,P02-A4-Lee2019_MI-RIEMANNIAN-A4-C1-LONG-3P5S-P01-L1-LOW-CAL-OFFICIAL-R2:32_PER_CLASS-MR00:VS:A4-C0-CORE,6.0,-0.005,0.5,1.0,CANONICAL_RESOURCE_CONSTRAINED_A4
A4_C1_C3,Lee2019_MI,P02-A4-Lee2019_MI-RIEMANNIAN-A4-C2-MULTI-HARD-VOTE-P01-L1-LOW-CAL-OFFICIAL-R2:32_PER_CLASS-MR00:VS:A4-C0-CORE,6.0,0.0,1.0,1.0,CANONICAL_RESOURCE_CONSTRAINED_A4
A4_C1_C3,Lee2019_MI,P02-A4-Lee2019_MI-RIEMANNIAN-A4-C3-MULTI-PROB-AVG-P01-L1-LOW-CAL-OFFICIAL-R2:32_PER_CLASS-MR00:VS:A4-C0-CORE,6.0,0.0,1.0,1.0,CANONICAL_RESOURCE_CONSTRAINED_A4
A4_C1_C3,Lee2019_MI,P02-A4-Lee2019_MI-NEURAL-A4-C1-LONG-3P5S-P01-L1-LOW-CAL-OFFICIAL-R2:32_PER_CLASS-MR00:VS:A4-C0-CORE,,,,,CANONICAL_RESOURCE_CONSTRAINED_A4
A4_C1_C3,Lee2019_MI,P02-A4-Lee2019_MI-NEURAL-A4-C2-MULTI-HARD-VOTE-P01-L1-LOW-CAL-OFFICIAL-R2:32_PER_CLASS-MR00:VS:A4-C0-CORE,,,,,CANONICAL_RESOURCE_CONSTRAINED_A4
A4_C1_C3,Lee2019_MI,P02-A4-Lee2019_MI-NEURAL-A4-C3-MULTI-PROB-AVG-P01-L1-LOW-CAL-OFFICIAL-R2:32_PER_CLASS-MR00:VS:A4-C0-CORE,,,,,CANONICAL_RESOURCE_CONSTRAINED_A4
A4_C1_C3,Lee2019_MI,P02-A4-Lee2019_MI-NEURAL-A4-C1-LONG-3P5S-P01-L1-LOW-CAL-OFFICIAL-R2:32_PER_CLASS-MR01:VS:A4-C0-CORE,,,,,CANONICAL_RESOURCE_CONSTRAINED_A4
A4_C1_C3,Lee2019_MI,P02-A4-Lee2019_MI-NEURAL-A4-C2-MULTI-HARD-VOTE-P01-L1-LOW-CAL-OFFICIAL-R2:32_PER_CLASS-MR01:VS:A4-C0-CORE,,,,,CANONICAL_RESOURCE_CONSTRAINED_A4
A4_C1_C3,Lee2019_MI,P02-A4-Lee2019_MI-NEURAL-A4-C3-MULTI-PROB-AVG-P01-L1-LOW-CAL-OFFICIAL-R2:32_PER_CLASS-MR01:VS:A4-C0-CORE,,,,,CANONICAL_RESOURCE_CONSTRAINED_A4
A4_C1_C3,Lee2019_MI,P02-A4-Lee2019_MI-NEURAL-A4-C1-LONG-3P5S-P01-L1-LOW-CAL-OFFICIAL-R2:32_PER_CLASS-MR02:VS:A4-C0-CORE,,,,,CANONICAL_RESOURCE_CONSTRAINED_A4
A4_C1_C3,Lee2019_MI,P02-A4-Lee2019_MI-NEURAL-A4-C2-MULTI-HARD-VOTE-P01-L1-LOW-CAL-OFFICIAL-R2:32_PER_CLASS-MR02:VS:A4-C0-CORE,,,,,CANONICAL_RESOURCE_CONSTRAINED_A4
A4_C1_C3,Lee2019_MI,P02-A4-Lee2019_MI-NEURAL-A4-C3-MULTI-PROB-AVG-P01-L1-LOW-CAL-OFFICIAL-R2:32_PER_CLASS-MR02:VS:A4-C0-CORE,,,,,CANONICAL_RESOURCE_CONSTRAINED_A4
A4_C1_C3,Lee2019_MI,P02-A4-Lee2019_MI-NEURAL-A4-C1-LONG-3P5S-P01-L1-LOW-CAL-OFFICIAL-R2:32_PER_CLASS-MR03:VS:A4-C0-CORE,,,,,CANONICAL_RESOURCE_CONSTRAINED_A4
A4_C1_C3,Lee2019_MI,P02-A4-Lee2019_MI-NEURAL-A4-C2-MULTI-HARD-VOTE-P01-L1-LOW-CAL-OFFICIAL-R2:32_PER_CLASS-MR03:VS:A4-C0-CORE,,,,,CANONICAL_RESOURCE_CONSTRAINED_A4
A4_C1_C3,Lee2019_MI,P02-A4-Lee2019_MI-NEURAL-A4-C3-MULTI-PROB-AVG-P01-L1-LOW-CAL-OFFICIAL-R2:32_PER_CLASS-MR03:VS:A4-C0-CORE,,,,,CANONICAL_RESOURCE_CONSTRAINED_A4
A4_C1_C3,Lee2019_MI,P02-A4-Lee2019_MI-NEURAL-A4-C1-LONG-3P5S-P01-L1-LOW-CAL-OFFICIAL-R2:32_PER_CLASS-MR04:VS:A4-C0-CORE,,,,,CANONICAL_RESOURCE_CONSTRAINED_A4
A4_C1_C3,Lee2019_MI,P02-A4-Lee2019_MI-NEURAL-A4-C2-MULTI-HARD-VOTE-P01-L1-LOW-CAL-OFFICIAL-R2:32_PER_CLASS-MR04:VS:A4-C0-CORE,,,,,CANONICAL_RESOURCE_CONSTRAINED_A4
A4_C1_C3,Lee2019_MI,P02-A4-Lee2019_MI-NEURAL-A4-C3-MULTI-PROB-AVG-P01-L1-LOW-CAL-OFFICIAL-R2:32_PER_CLASS-MR04:VS:A4-C0-CORE,,,,,CANONICAL_RESOURCE_CONSTRAINED_A4
A4_C1_C3,Lee2019_MI,P02-A4-Lee2019_MI-SSL-A4-C1-LONG-3P5S-P01-L1-LOW-CAL-OFFICIAL-R2:32_PER_CLASS-MR00:VS:A4-C0-CORE,,,,,CANONICAL_RESOURCE_CONSTRAINED_A4
A4_C1_C3,Lee2019_MI,P02-A4-Lee2019_MI-SSL-A4-C2-MULTI-HARD-VOTE-P01-L1-LOW-CAL-OFFICIAL-R2:32_PER_CLASS-MR00:VS:A4-C0-CORE,,,,,CANONICAL_RESOURCE_CONSTRAINED_A4
A4_C1_C3,Lee2019_MI,P02-A4-Lee2019_MI-SSL-A4-C3-MULTI-PROB-AVG-P01-L1-LOW-CAL-OFFICIAL-R2:32_PER_CLASS-MR00:VS:A4-C0-CORE,,,,,CANONICAL_RESOURCE_CONSTRAINED_A4
A4_C1_C3,Lee2019_MI,P02-A4-Lee2019_MI-SSL-A4-C1-LONG-3P5S-P01-L1-LOW-CAL-OFFICIAL-R2:32_PER_CLASS-MR01:VS:A4-C0-CORE,,,,,CANONICAL_RESOURCE_CONSTRAINED_A4
A4_C1_C3,Lee2019_MI,P02-A4-Lee2019_MI-SSL-A4-C2-MULTI-HARD-VOTE-P01-L1-LOW-CAL-OFFICIAL-R2:32_PER_CLASS-MR01:VS:A4-C0-CORE,,,,,CANONICAL_RESOURCE_CONSTRAINED_A4
A4_C1_C3,Lee2019_MI,P02-A4-Lee2019_MI-SSL-A4-C3-MULTI-PROB-AVG-P01-L1-LOW-CAL-OFFICIAL-R2:32_PER_CLASS-MR01:VS:A4-C0-CORE,,,,,CANONICAL_RESOURCE_CONSTRAINED_A4
A4_C1_C3,Lee2019_MI,P02-A4-Lee2019_MI-SSL-A4-C1-LONG-3P5S-P01-L1-LOW-CAL-OFFICIAL-R2:32_PER_CLASS-MR02:VS:A4-C0-CORE,,,,,CANONICAL_RESOURCE_CONSTRAINED_A4
A4_C1_C3,Lee2019_MI,P02-A4-Lee2019_MI-SSL-A4-C2-MULTI-HARD-VOTE-P01-L1-LOW-CAL-OFFICIAL-R2:32_PER_CLASS-MR02:VS:A4-C0-CORE,,,,,CANONICAL_RESOURCE_CONSTRAINED_A4
A4_C1_C3,Lee2019_MI,P02-A4-Lee2019_MI-SSL-A4-C3-MULTI-PROB-AVG-P01-L1-LOW-CAL-OFFICIAL-R2:32_PER_CLASS-MR02:VS:A4-C0-CORE,,,,,CANONICAL_RESOURCE_CONSTRAINED_A4
A4_C1_C3,Lee2019_MI,P02-A4-Lee2019_MI-SSL-A4-C1-LONG-3P5S-P01-L1-LOW-CAL-OFFICIAL-R2:32_PER_CLASS-MR03:VS:A4-C0-CORE,,,,,CANONICAL_RESOURCE_CONSTRAINED_A4
A4_C1_C3,Lee2019_MI,P02-A4-Lee2019_MI-SSL-A4-C2-MULTI-HARD-VOTE-P01-L1-LOW-CAL-OFFICIAL-R2:32_PER_CLASS-MR03:VS:A4-C0-CORE,,,,,CANONICAL_RESOURCE_CONSTRAINED_A4
A4_C1_C3,Lee2019_MI,P02-A4-Lee2019_MI-SSL-A4-C3-MULTI-PROB-AVG-P01-L1-LOW-CAL-OFFICIAL-R2:32_PER_CLASS-MR03:VS:A4-C0-CORE,,,,,CANONICAL_RESOURCE_CONSTRAINED_A4
A4_C1_C3,Lee2019_MI,P02-A4-Lee2019_MI-SSL-A4-C1-LONG-3P5S-P01-L1-LOW-CAL-OFFICIAL-R2:32_PER_CLASS-MR04:VS:A4-C0-CORE,,,,,CANONICAL_RESOURCE_CONSTRAINED_A4
A4_C1_C3,Lee2019_MI,P02-A4-Lee2019_MI-SSL-A4-C2-MULTI-HARD-VOTE-P01-L1-LOW-CAL-OFFICIAL-R2:32_PER_CLASS-MR04:VS:A4-C0-CORE,,,,,CANONICAL_RESOURCE_CONSTRAINED_A4
A4_C1_C3,Lee2019_MI,P02-A4-Lee2019_MI-SSL-A4-C3-MULTI-PROB-AVG-P01-L1-LOW-CAL-OFFICIAL-R2:32_PER_CLASS-MR04:VS:A4-C0-CORE,,,,,CANONICAL_RESOURCE_CONSTRAINED_A4
A4_C4_C5,PhysioNetMI,P02-A4-PhysioNetMI-ENSEMBLE-A4-C4-MODEL-HARD-VOTE-FULL_TRAIN-ER00:VS_STRONGEST,11.0,-0.0267857142857143,0.037109375,0.07421875,CANONICAL_RESOURCE_CONSTRAINED_A4
A4_C4_C5,PhysioNetMI,P02-A4-PhysioNetMI-ENSEMBLE-A4-C5-MODEL-PROB-AVG-FULL_TRAIN-ER00:VS_STRONGEST,11.0,-0.0267857142857143,0.123046875,0.123046875,CANONICAL_RESOURCE_CONSTRAINED_A4
A4_C4_C5,PhysioNetMI,P02-A4-PhysioNetMI-ENSEMBLE-A4-C4-MODEL-HARD-VOTE-FULL_TRAIN-ER01:VS_STRONGEST,11.0,-0.0416666666666667,0.123046875,0.24609375,CANONICAL_RESOURCE_CONSTRAINED_A4
A4_C4_C5,PhysioNetMI,P02-A4-PhysioNetMI-ENSEMBLE-A4-C5-MODEL-PROB-AVG-FULL_TRAIN-ER01:VS_STRONGEST,11.0,-0.0612648221343874,0.123046875,0.24609375,CANONICAL_RESOURCE_CONSTRAINED_A4
A4_C4_C5,PhysioNetMI,P02-A4-PhysioNetMI-ENSEMBLE-A4-C4-MODEL-HARD-VOTE-FULL_TRAIN-ER02:VS_STRONGEST,11.0,-0.0148809523809524,0.900390625,1.0,CANONICAL_RESOURCE_CONSTRAINED_A4
A4_C4_C5,PhysioNetMI,P02-A4-PhysioNetMI-ENSEMBLE-A4-C5-MODEL-PROB-AVG-FULL_TRAIN-ER02:VS_STRONGEST,11.0,0.0059523809523809,0.8984375,1.0,CANONICAL_RESOURCE_CONSTRAINED_A4
A4_C4_C5,PhysioNetMI,P02-A4-PhysioNetMI-ENSEMBLE-A4-C4-MODEL-HARD-VOTE-FULL_TRAIN-ER03:VS_STRONGEST,11.0,-0.0217391304347825,0.1640625,0.328125,CANONICAL_RESOURCE_CONSTRAINED_A4
A4_C4_C5,PhysioNetMI,P02-A4-PhysioNetMI-ENSEMBLE-A4-C5-MODEL-PROB-AVG-FULL_TRAIN-ER03:VS_STRONGEST,11.0,-0.0395256916996048,0.009765625,0.328125,CANONICAL_RESOURCE_CONSTRAINED_A4
A4_C4_C5,PhysioNetMI,P02-A4-PhysioNetMI-ENSEMBLE-A4-C4-MODEL-HARD-VOTE-FULL_TRAIN-ER04:VS_STRONGEST,11.0,-0.0434782608695651,0.0185546875,0.037109375,CANONICAL_RESOURCE_CONSTRAINED_A4
A4_C4_C5,PhysioNetMI,P02-A4-PhysioNetMI-ENSEMBLE-A4-C5-MODEL-PROB-AVG-FULL_TRAIN-ER04:VS_STRONGEST,11.0,-0.0119047619047618,0.76953125,0.76953125,CANONICAL_RESOURCE_CONSTRAINED_A4
A4_C4_C5,PhysioNetMI,P02-A4-PhysioNetMI-ENSEMBLE-A4-C4-MODEL-HARD-VOTE-P01-L1-LOW-CAL-OFFICIAL-R2:1_PER_CLASS-ER00:VS_STRONGEST,,,,,CANONICAL_RESOURCE_CONSTRAINED_A4
A4_C4_C5,PhysioNetMI,P02-A4-PhysioNetMI-ENSEMBLE-A4-C5-MODEL-PROB-AVG-P01-L1-LOW-CAL-OFFICIAL-R2:1_PER_CLASS-ER00:VS_STRONGEST,,,,,CANONICAL_RESOURCE_CONSTRAINED_A4
A4_C4_C5,PhysioNetMI,P02-A4-PhysioNetMI-ENSEMBLE-A4-C4-MODEL-HARD-VOTE-P01-L1-LOW-CAL-OFFICIAL-R2:1_PER_CLASS-ER01:VS_STRONGEST,,,,,CANONICAL_RESOURCE_CONSTRAINED_A4
A4_C4_C5,PhysioNetMI,P02-A4-PhysioNetMI-ENSEMBLE-A4-C5-MODEL-PROB-AVG-P01-L1-LOW-CAL-OFFICIAL-R2:1_PER_CLASS-ER01:VS_STRONGEST,,,,,CANONICAL_RESOURCE_CONSTRAINED_A4
A4_C4_C5,PhysioNetMI,P02-A4-PhysioNetMI-ENSEMBLE-A4-C4-MODEL-HARD-VOTE-P01-L1-LOW-CAL-OFFICIAL-R2:1_PER_CLASS-ER02:VS_STRONGEST,,,,,CANONICAL_RESOURCE_CONSTRAINED_A4
A4_C4_C5,PhysioNetMI,P02-A4-PhysioNetMI-ENSEMBLE-A4-C5-MODEL-PROB-AVG-P01-L1-LOW-CAL-OFFICIAL-R2:1_PER_CLASS-ER02:VS_STRONGEST,,,,,CANONICAL_RESOURCE_CONSTRAINED_A4
A4_C4_C5,PhysioNetMI,P02-A4-PhysioNetMI-ENSEMBLE-A4-C4-MODEL-HARD-VOTE-P01-L1-LOW-CAL-OFFICIAL-R2:1_PER_CLASS-ER03:VS_STRONGEST,,,,,CANONICAL_RESOURCE_CONSTRAINED_A4
A4_C4_C5,PhysioNetMI,P02-A4-PhysioNetMI-ENSEMBLE-A4-C5-MODEL-PROB-AVG-P01-L1-LOW-CAL-OFFICIAL-R2:1_PER_CLASS-ER03:VS_STRONGEST,,,,,CANONICAL_RESOURCE_CONSTRAINED_A4
A4_C4_C5,PhysioNetMI,P02-A4-PhysioNetMI-ENSEMBLE-A4-C4-MODEL-HARD-VOTE-P01-L1-LOW-CAL-OFFICIAL-R2:1_PER_CLASS-ER04:VS_STRONGEST,,,,,CANONICAL_RESOURCE_CONSTRAINED_A4
A4_C4_C5,PhysioNetMI,P02-A4-PhysioNetMI-ENSEMBLE-A4-C5-MODEL-PROB-AVG-P01-L1-LOW-CAL-OFFICIAL-R2:1_PER_CLASS-ER04:VS_STRONGEST,,,,,CANONICAL_RESOURCE_CONSTRAINED_A4
A4_C4_C5,PhysioNetMI,P02-A4-PhysioNetMI-ENSEMBLE-A4-C4-MODEL-HARD-VOTE-P01-L1-LOW-CAL-OFFICIAL-R2:2_PER_CLASS-ER00:VS_STRONGEST,11.0,0.0,0.37109375,0.7421875,CANONICAL_RESOURCE_CONSTRAINED_A4
A4_C4_C5,PhysioNetMI,P02-A4-PhysioNetMI-ENSEMBLE-A4-C5-MODEL-PROB-AVG-P01-L1-LOW-CAL-OFFICIAL-R2:2_PER_CLASS-ER00:VS_STRONGEST,11.0,0.0039525691699604,0.203125,0.7421875,CANONICAL_RESOURCE_CONSTRAINED_A4
A4_C4_C5,PhysioNetMI,P02-A4-PhysioNetMI-ENSEMBLE-A4-C4-MODEL-HARD-VOTE-P01-L1-LOW-CAL-OFFICIAL-R2:2_PER_CLASS-ER01:VS_STRONGEST,11.0,0.0069169960474308,0.046875,0.09375,CANONICAL_RESOURCE_CONSTRAINED_A4
A4_C4_C5,PhysioNetMI,P02-A4-PhysioNetMI-ENSEMBLE-A4-C5-MODEL-PROB-AVG-P01-L1-LOW-CAL-OFFICIAL-R2:2_PER_CLASS-ER01:VS_STRONGEST,11.0,0.0069169960474308,0.046875,0.09375,CANONICAL_RESOURCE_CONSTRAINED_A4
A4_C4_C5,PhysioNetMI,P02-A4-PhysioNetMI-ENSEMBLE-A4-C4-MODEL-HARD-VOTE-P01-L1-LOW-CAL-OFFICIAL-R2:2_PER_CLASS-ER02:VS_STRONGEST,11.0,0.0,0.9375,1.0,CANONICAL_RESOURCE_CONSTRAINED_A4
A4_C4_C5,PhysioNetMI,P02-A4-PhysioNetMI-ENSEMBLE-A4-C5-MODEL-PROB-AVG-P01-L1-LOW-CAL-OFFICIAL-R2:2_PER_CLASS-ER02:VS_STRONGEST,11.0,0.0,0.296875,1.0,CANONICAL_RESOURCE_CONSTRAINED_A4
A4_C4_C5,PhysioNetMI,P02-A4-PhysioNetMI-ENSEMBLE-A4-C4-MODEL-HARD-VOTE-P01-L1-LOW-CAL-OFFICIAL-R2:2_PER_CLASS-ER03:VS_STRONGEST,11.0,0.0,0.9453125,1.0,CANONICAL_RESOURCE_CONSTRAINED_A4
A4_C4_C5,PhysioNetMI,P02-A4-PhysioNetMI-ENSEMBLE-A4-C5-MODEL-PROB-AVG-P01-L1-LOW-CAL-OFFICIAL-R2:2_PER_CLASS-ER03:VS_STRONGEST,11.0,0.0059523809523809,0.1953125,1.0,CANONICAL_RESOURCE_CONSTRAINED_A4
A4_C4_C5,PhysioNetMI,P02-A4-PhysioNetMI-ENSEMBLE-A4-C4-MODEL-HARD-VOTE-P01-L1-LOW-CAL-OFFICIAL-R2:2_PER_CLASS-ER04:VS_STRONGEST,11.0,0.0,0.9375,1.0,CANONICAL_RESOURCE_CONSTRAINED_A4
A4_C4_C5,PhysioNetMI,P02-A4-PhysioNetMI-ENSEMBLE-A4-C5-MODEL-PROB-AVG-P01-L1-LOW-CAL-OFFICIAL-R2:2_PER_CLASS-ER04:VS_STRONGEST,11.0,0.0,0.578125,1.0,CANONICAL_RESOURCE_CONSTRAINED_A4
A4_C4_C5,PhysioNetMI,P02-A4-PhysioNetMI-ENSEMBLE-A4-C4-MODEL-HARD-VOTE-P01-L1-LOW-CAL-OFFICIAL-R2:4_PER_CLASS-ER00:VS_STRONGEST,11.0,0.0,0.91015625,1.0,CANONICAL_RESOURCE_CONSTRAINED_A4
A4_C4_C5,PhysioNetMI,P02-A4-PhysioNetMI-ENSEMBLE-A4-C5-MODEL-PROB-AVG-P01-L1-LOW-CAL-OFFICIAL-R2:4_PER_CLASS-ER00:VS_STRONGEST,11.0,0.0158102766798419,0.224609375,1.0,CANONICAL_RESOURCE_CONSTRAINED_A4
A4_C4_C5,PhysioNetMI,P02-A4-PhysioNetMI-ENSEMBLE-A4-C4-MODEL-HARD-VOTE-P01-L1-LOW-CAL-OFFICIAL-R2:4_PER_CLASS-ER01:VS_STRONGEST,11.0,-0.0178571428571429,0.98828125,1.0,CANONICAL_RESOURCE_CONSTRAINED_A4
A4_C4_C5,PhysioNetMI,P02-A4-PhysioNetMI-ENSEMBLE-A4-C5-MODEL-PROB-AVG-P01-L1-LOW-CAL-OFFICIAL-R2:4_PER_CLASS-ER01:VS_STRONGEST,11.0,-0.0237154150197628,0.51953125,1.0,CANONICAL_RESOURCE_CONSTRAINED_A4
A4_C4_C5,PhysioNetMI,P02-A4-PhysioNetMI-ENSEMBLE-A4-C4-MODEL-HARD-VOTE-P01-L1-LOW-CAL-OFFICIAL-R2:4_PER_CLASS-ER02:VS_STRONGEST,11.0,0.005952380952381,1.0,1.0,CANONICAL_RESOURCE_CONSTRAINED_A4
A4_C4_C5,PhysioNetMI,P02-A4-PhysioNetMI-ENSEMBLE-A4-C5-MODEL-PROB-AVG-P01-L1-LOW-CAL-OFFICIAL-R2:4_PER_CLASS-ER02:VS_STRONGEST,11.0,-0.0119047619047618,0.9658203125,1.0,CANONICAL_RESOURCE_CONSTRAINED_A4
A4_C4_C5,PhysioNetMI,P02-A4-PhysioNetMI-ENSEMBLE-A4-C4-MODEL-HARD-VOTE-P01-L1-LOW-CAL-OFFICIAL-R2:4_PER_CLASS-ER03:VS_STRONGEST,11.0,0.0178571428571429,0.123046875,0.24609375,CANONICAL_RESOURCE_CONSTRAINED_A4
A4_C4_C5,PhysioNetMI,P02-A4-PhysioNetMI-ENSEMBLE-A4-C5-MODEL-PROB-AVG-P01-L1-LOW-CAL-OFFICIAL-R2:4_PER_CLASS-ER03:VS_STRONGEST,11.0,0.0089285714285713,0.8310546875,0.8310546875,CANONICAL_RESOURCE_CONSTRAINED_A4
A4_C4_C5,PhysioNetMI,P02-A4-PhysioNetMI-ENSEMBLE-A4-C4-MODEL-HARD-VOTE-P01-L1-LOW-CAL-OFFICIAL-R2:4_PER_CLASS-ER04:VS_STRONGEST,11.0,0.0187747035573122,0.2880859375,0.576171875,CANONICAL_RESOURCE_CONSTRAINED_A4
A4_C4_C5,PhysioNetMI,P02-A4-PhysioNetMI-ENSEMBLE-A4-C5-MODEL-PROB-AVG-P01-L1-LOW-CAL-OFFICIAL-R2:4_PER_CLASS-ER04:VS_STRONGEST,11.0,0.0197628458498023,0.240234375,0.576171875,CANONICAL_RESOURCE_CONSTRAINED_A4
A4_C4_C5,PhysioNetMI,P02-A4-PhysioNetMI-ENSEMBLE-A4-C4-MODEL-HARD-VOTE-P01-L1-LOW-CAL-OFFICIAL-R2:8_PER_CLASS-ER00:VS_STRONGEST,11.0,0.0375494071146245,1.0,1.0,CANONICAL_RESOURCE_CONSTRAINED_A4
A4_C4_C5,PhysioNetMI,P02-A4-PhysioNetMI-ENSEMBLE-A4-C5-MODEL-PROB-AVG-P01-L1-LOW-CAL-OFFICIAL-R2:8_PER_CLASS-ER00:VS_STRONGEST,11.0,0.0119047619047618,0.7001953125,1.0,CANONICAL_RESOURCE_CONSTRAINED_A4
A4_C4_C5,PhysioNetMI,P02-A4-PhysioNetMI-ENSEMBLE-A4-C4-MODEL-HARD-VOTE-P01-L1-LOW-CAL-OFFICIAL-R2:8_PER_CLASS-ER01:VS_STRONGEST,11.0,-0.0059288537549407,0.7646484375,1.0,CANONICAL_RESOURCE_CONSTRAINED_A4
A4_C4_C5,PhysioNetMI,P02-A4-PhysioNetMI-ENSEMBLE-A4-C5-MODEL-PROB-AVG-P01-L1-LOW-CAL-OFFICIAL-R2:8_PER_CLASS-ER01:VS_STRONGEST,11.0,0.0108695652173912,0.9658203125,1.0,CANONICAL_RESOURCE_CONSTRAINED_A4
A4_C4_C5,PhysioNetMI,P02-A4-PhysioNetMI-ENSEMBLE-A4-C4-MODEL-HARD-VOTE-P01-L1-LOW-CAL-OFFICIAL-R2:8_PER_CLASS-ER02:VS_STRONGEST,11.0,0.0089285714285713,1.0,1.0,CANONICAL_RESOURCE_CONSTRAINED_A4
A4_C4_C5,PhysioNetMI,P02-A4-PhysioNetMI-ENSEMBLE-A4-C5-MODEL-PROB-AVG-P01-L1-LOW-CAL-OFFICIAL-R2:8_PER_CLASS-ER02:VS_STRONGEST,11.0,0.0256916996047431,0.8984375,1.0,CANONICAL_RESOURCE_CONSTRAINED_A4
A4_C4_C5,PhysioNetMI,P02-A4-PhysioNetMI-ENSEMBLE-A4-C4-MODEL-HARD-VOTE-P01-L1-LOW-CAL-OFFICIAL-R2:8_PER_CLASS-ER03:VS_STRONGEST,11.0,0.0029761904761904,0.2138671875,0.427734375,CANONICAL_RESOURCE_CONSTRAINED_A4
A4_C4_C5,PhysioNetMI,P02-A4-PhysioNetMI-ENSEMBLE-A4-C5-MODEL-PROB-AVG-P01-L1-LOW-CAL-OFFICIAL-R2:8_PER_CLASS-ER03:VS_STRONGEST,11.0,0.0029761904761905,0.4130859375,0.427734375,CANONICAL_RESOURCE_CONSTRAINED_A4
A4_C4_C5,PhysioNetMI,P02-A4-PhysioNetMI-ENSEMBLE-A4-C4-MODEL-HARD-VOTE-P01-L1-LOW-CAL-OFFICIAL-R2:8_PER_CLASS-ER04:VS_STRONGEST,11.0,0.008893280632411,0.8310546875,1.0,CANONICAL_RESOURCE_CONSTRAINED_A4
A4_C4_C5,PhysioNetMI,P02-A4-PhysioNetMI-ENSEMBLE-A4-C5-MODEL-PROB-AVG-P01-L1-LOW-CAL-OFFICIAL-R2:8_PER_CLASS-ER04:VS_STRONGEST,11.0,0.016798418972332,0.8984375,1.0,CANONICAL_RESOURCE_CONSTRAINED_A4
A4_C4_C5,PhysioNetMI,P02-A4-PhysioNetMI-ENSEMBLE-A4-C4-MODEL-HARD-VOTE-P01-L1-LOW-CAL-OFFICIAL-R2:16_PER_CLASS-ER00:VS_STRONGEST,11.0,0.0,0.734375,1.0,CANONICAL_RESOURCE_CONSTRAINED_A4
A4_C4_C5,PhysioNetMI,P02-A4-PhysioNetMI-ENSEMBLE-A4-C5-MODEL-PROB-AVG-P01-L1-LOW-CAL-OFFICIAL-R2:16_PER_CLASS-ER00:VS_STRONGEST,11.0,-0.00098814229249,0.30078125,1.0,CANONICAL_RESOURCE_CONSTRAINED_A4
A4_C4_C5,PhysioNetMI,P02-A4-PhysioNetMI-ENSEMBLE-A4-C4-MODEL-HARD-VOTE-P01-L1-LOW-CAL-OFFICIAL-R2:16_PER_CLASS-ER01:VS_STRONGEST,11.0,0.0,0.8203125,1.0,CANONICAL_RESOURCE_CONSTRAINED_A4
A4_C4_C5,PhysioNetMI,P02-A4-PhysioNetMI-ENSEMBLE-A4-C5-MODEL-PROB-AVG-P01-L1-LOW-CAL-OFFICIAL-R2:16_PER_CLASS-ER01:VS_STRONGEST,11.0,0.0,1.0,1.0,CANONICAL_RESOURCE_CONSTRAINED_A4
A4_C4_C5,PhysioNetMI,P02-A4-PhysioNetMI-ENSEMBLE-A4-C4-MODEL-HARD-VOTE-P01-L1-LOW-CAL-OFFICIAL-R2:16_PER_CLASS-ER02:VS_STRONGEST,11.0,0.0,0.84375,1.0,CANONICAL_RESOURCE_CONSTRAINED_A4
A4_C4_C5,PhysioNetMI,P02-A4-PhysioNetMI-ENSEMBLE-A4-C5-MODEL-PROB-AVG-P01-L1-LOW-CAL-OFFICIAL-R2:16_PER_CLASS-ER02:VS_STRONGEST,11.0,0.0009881422924901,0.25,1.0,CANONICAL_RESOURCE_CONSTRAINED_A4
A4_C4_C5,PhysioNetMI,P02-A4-PhysioNetMI-ENSEMBLE-A4-C4-MODEL-HARD-VOTE-P01-L1-LOW-CAL-OFFICIAL-R2:16_PER_CLASS-ER03:VS_STRONGEST,11.0,0.0,0.4609375,0.921875,CANONICAL_RESOURCE_CONSTRAINED_A4
A4_C4_C5,PhysioNetMI,P02-A4-PhysioNetMI-ENSEMBLE-A4-C5-MODEL-PROB-AVG-P01-L1-LOW-CAL-OFFICIAL-R2:16_PER_CLASS-ER03:VS_STRONGEST,11.0,0.0,0.734375,0.921875,CANONICAL_RESOURCE_CONSTRAINED_A4
A4_C4_C5,PhysioNetMI,P02-A4-PhysioNetMI-ENSEMBLE-A4-C4-MODEL-HARD-VOTE-P01-L1-LOW-CAL-OFFICIAL-R2:16_PER_CLASS-ER04:VS_STRONGEST,11.0,0.0,0.375,0.75,CANONICAL_RESOURCE_CONSTRAINED_A4
A4_C4_C5,PhysioNetMI,P02-A4-PhysioNetMI-ENSEMBLE-A4-C5-MODEL-PROB-AVG-P01-L1-LOW-CAL-OFFICIAL-R2:16_PER_CLASS-ER04:VS_STRONGEST,11.0,0.0,0.5,0.75,CANONICAL_RESOURCE_CONSTRAINED_A4
A4_C4_C5,PhysioNetMI,P02-A4-PhysioNetMI-ENSEMBLE-A4-C4-MODEL-HARD-VOTE-P01-L1-LOW-CAL-OFFICIAL-R2:32_PER_CLASS-ER00:VS_STRONGEST,11.0,-0.0237154150197627,0.1982421875,0.396484375,CANONICAL_RESOURCE_CONSTRAINED_A4
A4_C4_C5,PhysioNetMI,P02-A4-PhysioNetMI-ENSEMBLE-A4-C5-MODEL-PROB-AVG-P01-L1-LOW-CAL-OFFICIAL-R2:32_PER_CLASS-ER00:VS_STRONGEST,11.0,0.0,0.845703125,0.845703125,CANONICAL_RESOURCE_CONSTRAINED_A4
A4_C4_C5,PhysioNetMI,P02-A4-PhysioNetMI-ENSEMBLE-A4-C4-MODEL-HARD-VOTE-P01-L1-LOW-CAL-OFFICIAL-R2:32_PER_CLASS-ER01:VS_STRONGEST,11.0,-0.0237154150197629,0.2783203125,0.556640625,CANONICAL_RESOURCE_CONSTRAINED_A4
A4_C4_C5,PhysioNetMI,P02-A4-PhysioNetMI-ENSEMBLE-A4-C5-MODEL-PROB-AVG-P01-L1-LOW-CAL-OFFICIAL-R2:32_PER_CLASS-ER01:VS_STRONGEST,11.0,-0.0019762845849802,0.845703125,0.845703125,CANONICAL_RESOURCE_CONSTRAINED_A4
A4_C4_C5,PhysioNetMI,P02-A4-PhysioNetMI-ENSEMBLE-A4-C4-MODEL-HARD-VOTE-P01-L1-LOW-CAL-OFFICIAL-R2:32_PER_CLASS-ER02:VS_STRONGEST,11.0,-0.0208333333333333,0.5771484375,1.0,CANONICAL_RESOURCE_CONSTRAINED_A4
A4_C4_C5,PhysioNetMI,P02-A4-PhysioNetMI-ENSEMBLE-A4-C5-MODEL-PROB-AVG-P01-L1-LOW-CAL-OFFICIAL-R2:32_PER_CLASS-ER02:VS_STRONGEST,11.0,-0.0207509881422924,0.2060546875,1.0,CANONICAL_RESOURCE_CONSTRAINED_A4
A4_C4_C5,PhysioNetMI,P02-A4-PhysioNetMI-ENSEMBLE-A4-C4-MODEL-HARD-VOTE-P01-L1-LOW-CAL-OFFICIAL-R2:32_PER_CLASS-ER03:VS_STRONGEST,11.0,0.0049407114624506,0.7001953125,1.0,CANONICAL_RESOURCE_CONSTRAINED_A4
A4_C4_C5,PhysioNetMI,P02-A4-PhysioNetMI-ENSEMBLE-A4-C5-MODEL-PROB-AVG-P01-L1-LOW-CAL-OFFICIAL-R2:32_PER_CLASS-ER03:VS_STRONGEST,11.0,-0.0059523809523809,0.7646484375,1.0,CANONICAL_RESOURCE_CONSTRAINED_A4
A4_C4_C5,PhysioNetMI,P02-A4-PhysioNetMI-ENSEMBLE-A4-C4-MODEL-HARD-VOTE-P01-L1-LOW-CAL-OFFICIAL-R2:32_PER_CLASS-ER04:VS_STRONGEST,11.0,-0.0208333333333333,0.46484375,0.9296875,CANONICAL_RESOURCE_CONSTRAINED_A4
A4_C4_C5,PhysioNetMI,P02-A4-PhysioNetMI-ENSEMBLE-A4-C5-MODEL-PROB-AVG-P01-L1-LOW-CAL-OFFICIAL-R2:32_PER_CLASS-ER04:VS_STRONGEST,11.0,-0.0207509881422924,0.7646484375,0.9296875,CANONICAL_RESOURCE_CONSTRAINED_A4
A4_C4_C5,BNCI2014_001,P02-A4-BNCI2014_001-ENSEMBLE-A4-C4-MODEL-HARD-VOTE-FULL_TRAIN-ER00:VS_STRONGEST,1.0,-0.0416666666666667,,,CANONICAL_RESOURCE_CONSTRAINED_A4
A4_C4_C5,BNCI2014_001,P02-A4-BNCI2014_001-ENSEMBLE-A4-C5-MODEL-PROB-AVG-FULL_TRAIN-ER00:VS_STRONGEST,1.0,0.0208333333333332,,,CANONICAL_RESOURCE_CONSTRAINED_A4
A4_C4_C5,BNCI2014_001,P02-A4-BNCI2014_001-ENSEMBLE-A4-C4-MODEL-HARD-VOTE-FULL_TRAIN-ER01:VS_STRONGEST,1.0,-0.0034722222222222,,,CANONICAL_RESOURCE_CONSTRAINED_A4
A4_C4_C5,BNCI2014_001,P02-A4-BNCI2014_001-ENSEMBLE-A4-C5-MODEL-PROB-AVG-FULL_TRAIN-ER01:VS_STRONGEST,1.0,0.0381944444444445,,,CANONICAL_RESOURCE_CONSTRAINED_A4
A4_C4_C5,BNCI2014_001,P02-A4-BNCI2014_001-ENSEMBLE-A4-C4-MODEL-HARD-VOTE-FULL_TRAIN-ER02:VS_STRONGEST,1.0,-0.0034722222222222,,,CANONICAL_RESOURCE_CONSTRAINED_A4
A4_C4_C5,BNCI2014_001,P02-A4-BNCI2014_001-ENSEMBLE-A4-C5-MODEL-PROB-AVG-FULL_TRAIN-ER02:VS_STRONGEST,1.0,0.0416666666666667,,,CANONICAL_RESOURCE_CONSTRAINED_A4
A4_C4_C5,BNCI2014_001,P02-A4-BNCI2014_001-ENSEMBLE-A4-C4-MODEL-HARD-VOTE-FULL_TRAIN-ER03:VS_STRONGEST,1.0,-0.0416666666666666,,,CANONICAL_RESOURCE_CONSTRAINED_A4
A4_C4_C5,BNCI2014_001,P02-A4-BNCI2014_001-ENSEMBLE-A4-C5-MODEL-PROB-AVG-FULL_TRAIN-ER03:VS_STRONGEST,1.0,0.0312500000000001,,,CANONICAL_RESOURCE_CONSTRAINED_A4
A4_C4_C5,BNCI2014_001,P02-A4-BNCI2014_001-ENSEMBLE-A4-C4-MODEL-HARD-VOTE-FULL_TRAIN-ER04:VS_STRONGEST,1.0,0.0347222222222222,,,CANONICAL_RESOURCE_CONSTRAINED_A4
A4_C4_C5,BNCI2014_001,P02-A4-BNCI2014_001-ENSEMBLE-A4-C5-MODEL-PROB-AVG-FULL_TRAIN-ER04:VS_STRONGEST,1.0,0.0937499999999998,,,CANONICAL_RESOURCE_CONSTRAINED_A4
A4_C4_C5,BNCI2014_001,P02-A4-BNCI2014_001-ENSEMBLE-A4-C4-MODEL-HARD-VOTE-P01-L1-LOW-CAL-OFFICIAL-R2:1_PER_CLASS-ER00:VS_STRONGEST,,,,,CANONICAL_RESOURCE_CONSTRAINED_A4
A4_C4_C5,BNCI2014_001,P02-A4-BNCI2014_001-ENSEMBLE-A4-C5-MODEL-PROB-AVG-P01-L1-LOW-CAL-OFFICIAL-R2:1_PER_CLASS-ER00:VS_STRONGEST,,,,,CANONICAL_RESOURCE_CONSTRAINED_A4
A4_C4_C5,BNCI2014_001,P02-A4-BNCI2014_001-ENSEMBLE-A4-C4-MODEL-HARD-VOTE-P01-L1-LOW-CAL-OFFICIAL-R2:1_PER_CLASS-ER01:VS_STRONGEST,,,,,CANONICAL_RESOURCE_CONSTRAINED_A4
A4_C4_C5,BNCI2014_001,P02-A4-BNCI2014_001-ENSEMBLE-A4-C5-MODEL-PROB-AVG-P01-L1-LOW-CAL-OFFICIAL-R2:1_PER_CLASS-ER01:VS_STRONGEST,,,,,CANONICAL_RESOURCE_CONSTRAINED_A4
A4_C4_C5,BNCI2014_001,P02-A4-BNCI2014_001-ENSEMBLE-A4-C4-MODEL-HARD-VOTE-P01-L1-LOW-CAL-OFFICIAL-R2:1_PER_CLASS-ER02:VS_STRONGEST,,,,,CANONICAL_RESOURCE_CONSTRAINED_A4
A4_C4_C5,BNCI2014_001,P02-A4-BNCI2014_001-ENSEMBLE-A4-C5-MODEL-PROB-AVG-P01-L1-LOW-CAL-OFFICIAL-R2:1_PER_CLASS-ER02:VS_STRONGEST,,,,,CANONICAL_RESOURCE_CONSTRAINED_A4
A4_C4_C5,BNCI2014_001,P02-A4-BNCI2014_001-ENSEMBLE-A4-C4-MODEL-HARD-VOTE-P01-L1-LOW-CAL-OFFICIAL-R2:1_PER_CLASS-ER03:VS_STRONGEST,,,,,CANONICAL_RESOURCE_CONSTRAINED_A4
A4_C4_C5,BNCI2014_001,P02-A4-BNCI2014_001-ENSEMBLE-A4-C5-MODEL-PROB-AVG-P01-L1-LOW-CAL-OFFICIAL-R2:1_PER_CLASS-ER03:VS_STRONGEST,,,,,CANONICAL_RESOURCE_CONSTRAINED_A4
A4_C4_C5,BNCI2014_001,P02-A4-BNCI2014_001-ENSEMBLE-A4-C4-MODEL-HARD-VOTE-P01-L1-LOW-CAL-OFFICIAL-R2:1_PER_CLASS-ER04:VS_STRONGEST,,,,,CANONICAL_RESOURCE_CONSTRAINED_A4
A4_C4_C5,BNCI2014_001,P02-A4-BNCI2014_001-ENSEMBLE-A4-C5-MODEL-PROB-AVG-P01-L1-LOW-CAL-OFFICIAL-R2:1_PER_CLASS-ER04:VS_STRONGEST,,,,,CANONICAL_RESOURCE_CONSTRAINED_A4
A4_C4_C5,BNCI2014_001,P02-A4-BNCI2014_001-ENSEMBLE-A4-C4-MODEL-HARD-VOTE-P01-L1-LOW-CAL-OFFICIAL-R2:2_PER_CLASS-ER00:VS_STRONGEST,1.0,0.0104166666666667,,,CANONICAL_RESOURCE_CONSTRAINED_A4
A4_C4_C5,BNCI2014_001,P02-A4-BNCI2014_001-ENSEMBLE-A4-C5-MODEL-PROB-AVG-P01-L1-LOW-CAL-OFFICIAL-R2:2_PER_CLASS-ER00:VS_STRONGEST,1.0,-0.0277777777777777,,,CANONICAL_RESOURCE_CONSTRAINED_A4
A4_C4_C5,BNCI2014_001,P02-A4-BNCI2014_001-ENSEMBLE-A4-C4-MODEL-HARD-VOTE-P01-L1-LOW-CAL-OFFICIAL-R2:2_PER_CLASS-ER01:VS_STRONGEST,1.0,-0.0451388888888888,,,CANONICAL_RESOURCE_CONSTRAINED_A4
A4_C4_C5,BNCI2014_001,P02-A4-BNCI2014_001-ENSEMBLE-A4-C5-MODEL-PROB-AVG-P01-L1-LOW-CAL-OFFICIAL-R2:2_PER_CLASS-ER01:VS_STRONGEST,1.0,0.0104166666666666,,,CANONICAL_RESOURCE_CONSTRAINED_A4
A4_C4_C5,BNCI2014_001,P02-A4-BNCI2014_001-ENSEMBLE-A4-C4-MODEL-HARD-VOTE-P01-L1-LOW-CAL-OFFICIAL-R2:2_PER_CLASS-ER02:VS_STRONGEST,1.0,-0.0173611111111111,,,CANONICAL_RESOURCE_CONSTRAINED_A4
A4_C4_C5,BNCI2014_001,P02-A4-BNCI2014_001-ENSEMBLE-A4-C5-MODEL-PROB-AVG-P01-L1-LOW-CAL-OFFICIAL-R2:2_PER_CLASS-ER02:VS_STRONGEST,1.0,-0.0208333333333333,,,CANONICAL_RESOURCE_CONSTRAINED_A4
A4_C4_C5,BNCI2014_001,P02-A4-BNCI2014_001-ENSEMBLE-A4-C4-MODEL-HARD-VOTE-P01-L1-LOW-CAL-OFFICIAL-R2:2_PER_CLASS-ER03:VS_STRONGEST,1.0,0.0381944444444444,,,CANONICAL_RESOURCE_CONSTRAINED_A4
A4_C4_C5,BNCI2014_001,P02-A4-BNCI2014_001-ENSEMBLE-A4-C5-MODEL-PROB-AVG-P01-L1-LOW-CAL-OFFICIAL-R2:2_PER_CLASS-ER03:VS_STRONGEST,1.0,0.0277777777777777,,,CANONICAL_RESOURCE_CONSTRAINED_A4
A4_C4_C5,BNCI2014_001,P02-A4-BNCI2014_001-ENSEMBLE-A4-C4-MODEL-HARD-VOTE-P01-L1-LOW-CAL-OFFICIAL-R2:2_PER_CLASS-ER04:VS_STRONGEST,1.0,0.0069444444444444,,,CANONICAL_RESOURCE_CONSTRAINED_A4
A4_C4_C5,BNCI2014_001,P02-A4-BNCI2014_001-ENSEMBLE-A4-C5-MODEL-PROB-AVG-P01-L1-LOW-CAL-OFFICIAL-R2:2_PER_CLASS-ER04:VS_STRONGEST,1.0,-0.0277777777777777,,,CANONICAL_RESOURCE_CONSTRAINED_A4
A4_C4_C5,BNCI2014_001,P02-A4-BNCI2014_001-ENSEMBLE-A4-C4-MODEL-HARD-VOTE-P01-L1-LOW-CAL-OFFICIAL-R2:4_PER_CLASS-ER00:VS_STRONGEST,1.0,-0.0312500000000001,,,CANONICAL_RESOURCE_CONSTRAINED_A4
A4_C4_C5,BNCI2014_001,P02-A4-BNCI2014_001-ENSEMBLE-A4-C5-MODEL-PROB-AVG-P01-L1-LOW-CAL-OFFICIAL-R2:4_PER_CLASS-ER00:VS_STRONGEST,1.0,0.0138888888888888,,,CANONICAL_RESOURCE_CONSTRAINED_A4
A4_C4_C5,BNCI2014_001,P02-A4-BNCI2014_001-ENSEMBLE-A4-C4-MODEL-HARD-VOTE-P01-L1-LOW-CAL-OFFICIAL-R2:4_PER_CLASS-ER01:VS_STRONGEST,1.0,-0.0625,,,CANONICAL_RESOURCE_CONSTRAINED_A4
A4_C4_C5,BNCI2014_001,P02-A4-BNCI2014_001-ENSEMBLE-A4-C5-MODEL-PROB-AVG-P01-L1-LOW-CAL-OFFICIAL-R2:4_PER_CLASS-ER01:VS_STRONGEST,1.0,-0.0138888888888889,,,CANONICAL_RESOURCE_CONSTRAINED_A4
A4_C4_C5,BNCI2014_001,P02-A4-BNCI2014_001-ENSEMBLE-A4-C4-MODEL-HARD-VOTE-P01-L1-LOW-CAL-OFFICIAL-R2:4_PER_CLASS-ER02:VS_STRONGEST,1.0,-0.0138888888888889,,,CANONICAL_RESOURCE_CONSTRAINED_A4
A4_C4_C5,BNCI2014_001,P02-A4-BNCI2014_001-ENSEMBLE-A4-C5-MODEL-PROB-AVG-P01-L1-LOW-CAL-OFFICIAL-R2:4_PER_CLASS-ER02:VS_STRONGEST,1.0,0.0069444444444444,,,CANONICAL_RESOURCE_CONSTRAINED_A4
A4_C4_C5,BNCI2014_001,P02-A4-BNCI2014_001-ENSEMBLE-A4-C4-MODEL-HARD-VOTE-P01-L1-LOW-CAL-OFFICIAL-R2:4_PER_CLASS-ER03:VS_STRONGEST,1.0,0.003472222222222,,,CANONICAL_RESOURCE_CONSTRAINED_A4
A4_C4_C5,BNCI2014_001,P02-A4-BNCI2014_001-ENSEMBLE-A4-C5-MODEL-PROB-AVG-P01-L1-LOW-CAL-OFFICIAL-R2:4_PER_CLASS-ER03:VS_STRONGEST,1.0,0.017361111111111,,,CANONICAL_RESOURCE_CONSTRAINED_A4
A4_C4_C5,BNCI2014_001,P02-A4-BNCI2014_001-ENSEMBLE-A4-C4-MODEL-HARD-VOTE-P01-L1-LOW-CAL-OFFICIAL-R2:4_PER_CLASS-ER04:VS_STRONGEST,1.0,0.0104166666666666,,,CANONICAL_RESOURCE_CONSTRAINED_A4
A4_C4_C5,BNCI2014_001,P02-A4-BNCI2014_001-ENSEMBLE-A4-C5-MODEL-PROB-AVG-P01-L1-LOW-CAL-OFFICIAL-R2:4_PER_CLASS-ER04:VS_STRONGEST,1.0,0.0069444444444444,,,CANONICAL_RESOURCE_CONSTRAINED_A4
A4_C4_C5,BNCI2014_001,P02-A4-BNCI2014_001-ENSEMBLE-A4-C4-MODEL-HARD-VOTE-P01-L1-LOW-CAL-OFFICIAL-R2:8_PER_CLASS-ER00:VS_STRONGEST,1.0,-0.0138888888888888,,,CANONICAL_RESOURCE_CONSTRAINED_A4
A4_C4_C5,BNCI2014_001,P02-A4-BNCI2014_001-ENSEMBLE-A4-C5-MODEL-PROB-AVG-P01-L1-LOW-CAL-OFFICIAL-R2:8_PER_CLASS-ER00:VS_STRONGEST,1.0,0.0104166666666666,,,CANONICAL_RESOURCE_CONSTRAINED_A4
A4_C4_C5,BNCI2014_001,P02-A4-BNCI2014_001-ENSEMBLE-A4-C4-MODEL-HARD-VOTE-P01-L1-LOW-CAL-OFFICIAL-R2:8_PER_CLASS-ER01:VS_STRONGEST,1.0,0.0208333333333333,,,CANONICAL_RESOURCE_CONSTRAINED_A4
A4_C4_C5,BNCI2014_001,P02-A4-BNCI2014_001-ENSEMBLE-A4-C5-MODEL-PROB-AVG-P01-L1-LOW-CAL-OFFICIAL-R2:8_PER_CLASS-ER01:VS_STRONGEST,1.0,0.0347222222222222,,,CANONICAL_RESOURCE_CONSTRAINED_A4
A4_C4_C5,BNCI2014_001,P02-A4-BNCI2014_001-ENSEMBLE-A4-C4-MODEL-HARD-VOTE-P01-L1-LOW-CAL-OFFICIAL-R2:8_PER_CLASS-ER02:VS_STRONGEST,1.0,-0.0034722222222222,,,CANONICAL_RESOURCE_CONSTRAINED_A4
A4_C4_C5,BNCI2014_001,P02-A4-BNCI2014_001-ENSEMBLE-A4-C5-MODEL-PROB-AVG-P01-L1-LOW-CAL-OFFICIAL-R2:8_PER_CLASS-ER02:VS_STRONGEST,1.0,0.0381944444444444,,,CANONICAL_RESOURCE_CONSTRAINED_A4
A4_C4_C5,BNCI2014_001,P02-A4-BNCI2014_001-ENSEMBLE-A4-C4-MODEL-HARD-VOTE-P01-L1-LOW-CAL-OFFICIAL-R2:8_PER_CLASS-ER03:VS_STRONGEST,1.0,0.0381944444444444,,,CANONICAL_RESOURCE_CONSTRAINED_A4
A4_C4_C5,BNCI2014_001,P02-A4-BNCI2014_001-ENSEMBLE-A4-C5-MODEL-PROB-AVG-P01-L1-LOW-CAL-OFFICIAL-R2:8_PER_CLASS-ER03:VS_STRONGEST,1.0,-0.0138888888888888,,,CANONICAL_RESOURCE_CONSTRAINED_A4
A4_C4_C5,BNCI2014_001,P02-A4-BNCI2014_001-ENSEMBLE-A4-C4-MODEL-HARD-VOTE-P01-L1-LOW-CAL-OFFICIAL-R2:8_PER_CLASS-ER04:VS_STRONGEST,1.0,0.0277777777777777,,,CANONICAL_RESOURCE_CONSTRAINED_A4
A4_C4_C5,BNCI2014_001,P02-A4-BNCI2014_001-ENSEMBLE-A4-C5-MODEL-PROB-AVG-P01-L1-LOW-CAL-OFFICIAL-R2:8_PER_CLASS-ER04:VS_STRONGEST,1.0,0.0625,,,CANONICAL_RESOURCE_CONSTRAINED_A4
A4_C4_C5,BNCI2014_001,P02-A4-BNCI2014_001-ENSEMBLE-A4-C4-MODEL-HARD-VOTE-P01-L1-LOW-CAL-OFFICIAL-R2:16_PER_CLASS-ER00:VS_STRONGEST,1.0,0.0208333333333333,,,CANONICAL_RESOURCE_CONSTRAINED_A4
A4_C4_C5,BNCI2014_001,P02-A4-BNCI2014_001-ENSEMBLE-A4-C5-MODEL-PROB-AVG-P01-L1-LOW-CAL-OFFICIAL-R2:16_PER_CLASS-ER00:VS_STRONGEST,1.0,0.0,,,CANONICAL_RESOURCE_CONSTRAINED_A4
A4_C4_C5,BNCI2014_001,P02-A4-BNCI2014_001-ENSEMBLE-A4-C4-MODEL-HARD-VOTE-P01-L1-LOW-CAL-OFFICIAL-R2:16_PER_CLASS-ER01:VS_STRONGEST,1.0,0.0208333333333333,,,CANONICAL_RESOURCE_CONSTRAINED_A4
A4_C4_C5,BNCI2014_001,P02-A4-BNCI2014_001-ENSEMBLE-A4-C5-MODEL-PROB-AVG-P01-L1-LOW-CAL-OFFICIAL-R2:16_PER_CLASS-ER01:VS_STRONGEST,1.0,0.0208333333333333,,,CANONICAL_RESOURCE_CONSTRAINED_A4
A4_C4_C5,BNCI2014_001,P02-A4-BNCI2014_001-ENSEMBLE-A4-C4-MODEL-HARD-VOTE-P01-L1-LOW-CAL-OFFICIAL-R2:16_PER_CLASS-ER02:VS_STRONGEST,1.0,0.0277777777777779,,,CANONICAL_RESOURCE_CONSTRAINED_A4
A4_C4_C5,BNCI2014_001,P02-A4-BNCI2014_001-ENSEMBLE-A4-C5-MODEL-PROB-AVG-P01-L1-LOW-CAL-OFFICIAL-R2:16_PER_CLASS-ER02:VS_STRONGEST,1.0,0.0138888888888889,,,CANONICAL_RESOURCE_CONSTRAINED_A4
A4_C4_C5,BNCI2014_001,P02-A4-BNCI2014_001-ENSEMBLE-A4-C4-MODEL-HARD-VOTE-P01-L1-LOW-CAL-OFFICIAL-R2:16_PER_CLASS-ER03:VS_STRONGEST,1.0,0.0277777777777779,,,CANONICAL_RESOURCE_CONSTRAINED_A4
A4_C4_C5,BNCI2014_001,P02-A4-BNCI2014_001-ENSEMBLE-A4-C5-MODEL-PROB-AVG-P01-L1-LOW-CAL-OFFICIAL-R2:16_PER_CLASS-ER03:VS_STRONGEST,1.0,0.0104166666666667,,,CANONICAL_RESOURCE_CONSTRAINED_A4
A4_C4_C5,BNCI2014_001,P02-A4-BNCI2014_001-ENSEMBLE-A4-C4-MODEL-HARD-VOTE-P01-L1-LOW-CAL-OFFICIAL-R2:16_PER_CLASS-ER04:VS_STRONGEST,1.0,0.0173611111111111,,,CANONICAL_RESOURCE_CONSTRAINED_A4
A4_C4_C5,BNCI2014_001,P02-A4-BNCI2014_001-ENSEMBLE-A4-C5-MODEL-PROB-AVG-P01-L1-LOW-CAL-OFFICIAL-R2:16_PER_CLASS-ER04:VS_STRONGEST,1.0,0.0277777777777779,,,CANONICAL_RESOURCE_CONSTRAINED_A4
A4_C4_C5,BNCI2014_001,P02-A4-BNCI2014_001-ENSEMBLE-A4-C4-MODEL-HARD-VOTE-P01-L1-LOW-CAL-OFFICIAL-R2:32_PER_CLASS-ER00:VS_STRONGEST,1.0,0.0381944444444444,,,CANONICAL_RESOURCE_CONSTRAINED_A4
A4_C4_C5,BNCI2014_001,P02-A4-BNCI2014_001-ENSEMBLE-A4-C5-MODEL-PROB-AVG-P01-L1-LOW-CAL-OFFICIAL-R2:32_PER_CLASS-ER00:VS_STRONGEST,1.0,0.0590277777777777,,,CANONICAL_RESOURCE_CONSTRAINED_A4
A4_C4_C5,BNCI2014_001,P02-A4-BNCI2014_001-ENSEMBLE-A4-C4-MODEL-HARD-VOTE-P01-L1-LOW-CAL-OFFICIAL-R2:32_PER_CLASS-ER01:VS_STRONGEST,1.0,-0.0243055555555554,,,CANONICAL_RESOURCE_CONSTRAINED_A4
A4_C4_C5,BNCI2014_001,P02-A4-BNCI2014_001-ENSEMBLE-A4-C5-MODEL-PROB-AVG-P01-L1-LOW-CAL-OFFICIAL-R2:32_PER_CLASS-ER01:VS_STRONGEST,1.0,-0.017361111111111,,,CANONICAL_RESOURCE_CONSTRAINED_A4
A4_C4_C5,BNCI2014_001,P02-A4-BNCI2014_001-ENSEMBLE-A4-C4-MODEL-HARD-VOTE-P01-L1-LOW-CAL-OFFICIAL-R2:32_PER_CLASS-ER02:VS_STRONGEST,1.0,0.0034722222222222,,,CANONICAL_RESOURCE_CONSTRAINED_A4
A4_C4_C5,BNCI2014_001,P02-A4-BNCI2014_001-ENSEMBLE-A4-C5-MODEL-PROB-AVG-P01-L1-LOW-CAL-OFFICIAL-R2:32_PER_CLASS-ER02:VS_STRONGEST,1.0,0.017361111111111,,,CANONICAL_RESOURCE_CONSTRAINED_A4
A4_C4_C5,BNCI2014_001,P02-A4-BNCI2014_001-ENSEMBLE-A4-C4-MODEL-HARD-VOTE-P01-L1-LOW-CAL-OFFICIAL-R2:32_PER_CLASS-ER03:VS_STRONGEST,1.0,0.0069444444444445,,,CANONICAL_RESOURCE_CONSTRAINED_A4
A4_C4_C5,BNCI2014_001,P02-A4-BNCI2014_001-ENSEMBLE-A4-C5-MODEL-PROB-AVG-P01-L1-LOW-CAL-OFFICIAL-R2:32_PER_CLASS-ER03:VS_STRONGEST,1.0,-0.0034722222222222,,,CANONICAL_RESOURCE_CONSTRAINED_A4
A4_C4_C5,BNCI2014_001,P02-A4-BNCI2014_001-ENSEMBLE-A4-C4-MODEL-HARD-VOTE-P01-L1-LOW-CAL-OFFICIAL-R2:32_PER_CLASS-ER04:VS_STRONGEST,1.0,0.0104166666666666,,,CANONICAL_RESOURCE_CONSTRAINED_A4
A4_C4_C5,BNCI2014_001,P02-A4-BNCI2014_001-ENSEMBLE-A4-C5-MODEL-PROB-AVG-P01-L1-LOW-CAL-OFFICIAL-R2:32_PER_CLASS-ER04:VS_STRONGEST,1.0,0.0208333333333333,,,CANONICAL_RESOURCE_CONSTRAINED_A4
A4_C4_C5,Lee2019_MI,P02-A4-Lee2019_MI-ENSEMBLE-A4-C4-MODEL-HARD-VOTE-FULL_TRAIN-ER00:VS_STRONGEST,6.0,-5.551115123125783e-17,0.75,1.0,CANONICAL_RESOURCE_CONSTRAINED_A4
A4_C4_C5,Lee2019_MI,P02-A4-Lee2019_MI-ENSEMBLE-A4-C5-MODEL-PROB-AVG-FULL_TRAIN-ER00:VS_STRONGEST,6.0,0.01,0.40625,1.0,CANONICAL_RESOURCE_CONSTRAINED_A4
A4_C4_C5,Lee2019_MI,P02-A4-Lee2019_MI-ENSEMBLE-A4-C4-MODEL-HARD-VOTE-FULL_TRAIN-ER01:VS_STRONGEST,6.0,0.005,0.90625,1.0,CANONICAL_RESOURCE_CONSTRAINED_A4
A4_C4_C5,Lee2019_MI,P02-A4-Lee2019_MI-ENSEMBLE-A4-C5-MODEL-PROB-AVG-FULL_TRAIN-ER01:VS_STRONGEST,6.0,0.0499999999999999,0.21875,1.0,CANONICAL_RESOURCE_CONSTRAINED_A4
A4_C4_C5,Lee2019_MI,P02-A4-Lee2019_MI-ENSEMBLE-A4-C4-MODEL-HARD-VOTE-FULL_TRAIN-ER02:VS_STRONGEST,6.0,0.015,1.0,1.0,CANONICAL_RESOURCE_CONSTRAINED_A4
A4_C4_C5,Lee2019_MI,P02-A4-Lee2019_MI-ENSEMBLE-A4-C5-MODEL-PROB-AVG-FULL_TRAIN-ER02:VS_STRONGEST,6.0,0.035,0.34375,1.0,CANONICAL_RESOURCE_CONSTRAINED_A4
A4_C4_C5,Lee2019_MI,P02-A4-Lee2019_MI-ENSEMBLE-A4-C4-MODEL-HARD-VOTE-FULL_TRAIN-ER03:VS_STRONGEST,6.0,-0.005,0.53125,1.0,CANONICAL_RESOURCE_CONSTRAINED_A4
A4_C4_C5,Lee2019_MI,P02-A4-Lee2019_MI-ENSEMBLE-A4-C5-MODEL-PROB-AVG-FULL_TRAIN-ER03:VS_STRONGEST,6.0,0.01,0.5625,1.0,CANONICAL_RESOURCE_CONSTRAINED_A4
A4_C4_C5,Lee2019_MI,P02-A4-Lee2019_MI-ENSEMBLE-A4-C4-MODEL-HARD-VOTE-FULL_TRAIN-ER04:VS_STRONGEST,6.0,-0.005,1.0,1.0,CANONICAL_RESOURCE_CONSTRAINED_A4
A4_C4_C5,Lee2019_MI,P02-A4-Lee2019_MI-ENSEMBLE-A4-C5-MODEL-PROB-AVG-FULL_TRAIN-ER04:VS_STRONGEST,6.0,-0.005,1.0,1.0,CANONICAL_RESOURCE_CONSTRAINED_A4
A4_C4_C5,Lee2019_MI,P02-A4-Lee2019_MI-ENSEMBLE-A4-C4-MODEL-HARD-VOTE-P01-L1-LOW-CAL-OFFICIAL-R2:1_PER_CLASS-ER00:VS_STRONGEST,,,,,CANONICAL_RESOURCE_CONSTRAINED_A4
A4_C4_C5,Lee2019_MI,P02-A4-Lee2019_MI-ENSEMBLE-A4-C5-MODEL-PROB-AVG-P01-L1-LOW-CAL-OFFICIAL-R2:1_PER_CLASS-ER00:VS_STRONGEST,,,,,CANONICAL_RESOURCE_CONSTRAINED_A4
A4_C4_C5,Lee2019_MI,P02-A4-Lee2019_MI-ENSEMBLE-A4-C4-MODEL-HARD-VOTE-P01-L1-LOW-CAL-OFFICIAL-R2:1_PER_CLASS-ER01:VS_STRONGEST,,,,,CANONICAL_RESOURCE_CONSTRAINED_A4
A4_C4_C5,Lee2019_MI,P02-A4-Lee2019_MI-ENSEMBLE-A4-C5-MODEL-PROB-AVG-P01-L1-LOW-CAL-OFFICIAL-R2:1_PER_CLASS-ER01:VS_STRONGEST,,,,,CANONICAL_RESOURCE_CONSTRAINED_A4
A4_C4_C5,Lee2019_MI,P02-A4-Lee2019_MI-ENSEMBLE-A4-C4-MODEL-HARD-VOTE-P01-L1-LOW-CAL-OFFICIAL-R2:1_PER_CLASS-ER02:VS_STRONGEST,,,,,CANONICAL_RESOURCE_CONSTRAINED_A4
A4_C4_C5,Lee2019_MI,P02-A4-Lee2019_MI-ENSEMBLE-A4-C5-MODEL-PROB-AVG-P01-L1-LOW-CAL-OFFICIAL-R2:1_PER_CLASS-ER02:VS_STRONGEST,,,,,CANONICAL_RESOURCE_CONSTRAINED_A4
A4_C4_C5,Lee2019_MI,P02-A4-Lee2019_MI-ENSEMBLE-A4-C4-MODEL-HARD-VOTE-P01-L1-LOW-CAL-OFFICIAL-R2:1_PER_CLASS-ER03:VS_STRONGEST,,,,,CANONICAL_RESOURCE_CONSTRAINED_A4
A4_C4_C5,Lee2019_MI,P02-A4-Lee2019_MI-ENSEMBLE-A4-C5-MODEL-PROB-AVG-P01-L1-LOW-CAL-OFFICIAL-R2:1_PER_CLASS-ER03:VS_STRONGEST,,,,,CANONICAL_RESOURCE_CONSTRAINED_A4
A4_C4_C5,Lee2019_MI,P02-A4-Lee2019_MI-ENSEMBLE-A4-C4-MODEL-HARD-VOTE-P01-L1-LOW-CAL-OFFICIAL-R2:1_PER_CLASS-ER04:VS_STRONGEST,,,,,CANONICAL_RESOURCE_CONSTRAINED_A4
A4_C4_C5,Lee2019_MI,P02-A4-Lee2019_MI-ENSEMBLE-A4-C5-MODEL-PROB-AVG-P01-L1-LOW-CAL-OFFICIAL-R2:1_PER_CLASS-ER04:VS_STRONGEST,,,,,CANONICAL_RESOURCE_CONSTRAINED_A4
A4_C4_C5,Lee2019_MI,P02-A4-Lee2019_MI-ENSEMBLE-A4-C4-MODEL-HARD-VOTE-P01-L1-LOW-CAL-OFFICIAL-R2:2_PER_CLASS-ER00:VS_STRONGEST,6.0,0.0,0.5,1.0,CANONICAL_RESOURCE_CONSTRAINED_A4
A4_C4_C5,Lee2019_MI,P02-A4-Lee2019_MI-ENSEMBLE-A4-C5-MODEL-PROB-AVG-P01-L1-LOW-CAL-OFFICIAL-R2:2_PER_CLASS-ER00:VS_STRONGEST,6.0,0.0,0.5,1.0,CANONICAL_RESOURCE_CONSTRAINED_A4
A4_C4_C5,Lee2019_MI,P02-A4-Lee2019_MI-ENSEMBLE-A4-C4-MODEL-HARD-VOTE-P01-L1-LOW-CAL-OFFICIAL-R2:2_PER_CLASS-ER01:VS_STRONGEST,6.0,0.0,0.5,1.0,CANONICAL_RESOURCE_CONSTRAINED_A4
A4_C4_C5,Lee2019_MI,P02-A4-Lee2019_MI-ENSEMBLE-A4-C5-MODEL-PROB-AVG-P01-L1-LOW-CAL-OFFICIAL-R2:2_PER_CLASS-ER01:VS_STRONGEST,6.0,0.0,0.5,1.0,CANONICAL_RESOURCE_CONSTRAINED_A4
A4_C4_C5,Lee2019_MI,P02-A4-Lee2019_MI-ENSEMBLE-A4-C4-MODEL-HARD-VOTE-P01-L1-LOW-CAL-OFFICIAL-R2:2_PER_CLASS-ER02:VS_STRONGEST,6.0,0.0399999999999999,0.1875,0.375,CANONICAL_RESOURCE_CONSTRAINED_A4
A4_C4_C5,Lee2019_MI,P02-A4-Lee2019_MI-ENSEMBLE-A4-C5-MODEL-PROB-AVG-P01-L1-LOW-CAL-OFFICIAL-R2:2_PER_CLASS-ER02:VS_STRONGEST,6.0,0.0499999999999999,0.1875,0.375,CANONICAL_RESOURCE_CONSTRAINED_A4
A4_C4_C5,Lee2019_MI,P02-A4-Lee2019_MI-ENSEMBLE-A4-C4-MODEL-HARD-VOTE-P01-L1-LOW-CAL-OFFICIAL-R2:2_PER_CLASS-ER03:VS_STRONGEST,6.0,0.015,1.0,1.0,CANONICAL_RESOURCE_CONSTRAINED_A4
A4_C4_C5,Lee2019_MI,P02-A4-Lee2019_MI-ENSEMBLE-A4-C5-MODEL-PROB-AVG-P01-L1-LOW-CAL-OFFICIAL-R2:2_PER_CLASS-ER03:VS_STRONGEST,6.0,0.01,0.8125,1.0,CANONICAL_RESOURCE_CONSTRAINED_A4
A4_C4_C5,Lee2019_MI,P02-A4-Lee2019_MI-ENSEMBLE-A4-C4-MODEL-HARD-VOTE-P01-L1-LOW-CAL-OFFICIAL-R2:2_PER_CLASS-ER04:VS_STRONGEST,6.0,-0.005,1.0,1.0,CANONICAL_RESOURCE_CONSTRAINED_A4
A4_C4_C5,Lee2019_MI,P02-A4-Lee2019_MI-ENSEMBLE-A4-C5-MODEL-PROB-AVG-P01-L1-LOW-CAL-OFFICIAL-R2:2_PER_CLASS-ER04:VS_STRONGEST,6.0,0.0,1.0,1.0,CANONICAL_RESOURCE_CONSTRAINED_A4
A4_C4_C5,Lee2019_MI,P02-A4-Lee2019_MI-ENSEMBLE-A4-C4-MODEL-HARD-VOTE-P01-L1-LOW-CAL-OFFICIAL-R2:4_PER_CLASS-ER00:VS_STRONGEST,6.0,-0.005,0.78125,1.0,CANONICAL_RESOURCE_CONSTRAINED_A4
A4_C4_C5,Lee2019_MI,P02-A4-Lee2019_MI-ENSEMBLE-A4-C5-MODEL-PROB-AVG-P01-L1-LOW-CAL-OFFICIAL-R2:4_PER_CLASS-ER00:VS_STRONGEST,6.0,-0.01,0.875,1.0,CANONICAL_RESOURCE_CONSTRAINED_A4
A4_C4_C5,Lee2019_MI,P02-A4-Lee2019_MI-ENSEMBLE-A4-C4-MODEL-HARD-VOTE-P01-L1-LOW-CAL-OFFICIAL-R2:4_PER_CLASS-ER01:VS_STRONGEST,6.0,2.775557561562892e-17,0.78125,1.0,CANONICAL_RESOURCE_CONSTRAINED_A4
A4_C4_C5,Lee2019_MI,P02-A4-Lee2019_MI-ENSEMBLE-A4-C5-MODEL-PROB-AVG-P01-L1-LOW-CAL-OFFICIAL-R2:4_PER_CLASS-ER01:VS_STRONGEST,6.0,0.0,1.0,1.0,CANONICAL_RESOURCE_CONSTRAINED_A4
A4_C4_C5,Lee2019_MI,P02-A4-Lee2019_MI-ENSEMBLE-A4-C4-MODEL-HARD-VOTE-P01-L1-LOW-CAL-OFFICIAL-R2:4_PER_CLASS-ER02:VS_STRONGEST,6.0,0.005,0.875,1.0,CANONICAL_RESOURCE_CONSTRAINED_A4
A4_C4_C5,Lee2019_MI,P02-A4-Lee2019_MI-ENSEMBLE-A4-C5-MODEL-PROB-AVG-P01-L1-LOW-CAL-OFFICIAL-R2:4_PER_CLASS-ER02:VS_STRONGEST,6.0,0.005,0.875,1.0,CANONICAL_RESOURCE_CONSTRAINED_A4
A4_C4_C5,Lee2019_MI,P02-A4-Lee2019_MI-ENSEMBLE-A4-C4-MODEL-HARD-VOTE-P01-L1-LOW-CAL-OFFICIAL-R2:4_PER_CLASS-ER03:VS_STRONGEST,6.0,0.005,0.6875,1.0,CANONICAL_RESOURCE_CONSTRAINED_A4
A4_C4_C5,Lee2019_MI,P02-A4-Lee2019_MI-ENSEMBLE-A4-C5-MODEL-PROB-AVG-P01-L1-LOW-CAL-OFFICIAL-R2:4_PER_CLASS-ER03:VS_STRONGEST,6.0,0.03,0.46875,1.0,CANONICAL_RESOURCE_CONSTRAINED_A4
A4_C4_C5,Lee2019_MI,P02-A4-Lee2019_MI-ENSEMBLE-A4-C4-MODEL-HARD-VOTE-P01-L1-LOW-CAL-OFFICIAL-R2:4_PER_CLASS-ER04:VS_STRONGEST,6.0,-0.005,0.75,1.0,CANONICAL_RESOURCE_CONSTRAINED_A4
A4_C4_C5,Lee2019_MI,P02-A4-Lee2019_MI-ENSEMBLE-A4-C5-MODEL-PROB-AVG-P01-L1-LOW-CAL-OFFICIAL-R2:4_PER_CLASS-ER04:VS_STRONGEST,6.0,0.0,0.75,1.0,CANONICAL_RESOURCE_CONSTRAINED_A4
A4_C4_C5,Lee2019_MI,P02-A4-Lee2019_MI-ENSEMBLE-A4-C4-MODEL-HARD-VOTE-P01-L1-LOW-CAL-OFFICIAL-R2:8_PER_CLASS-ER00:VS_STRONGEST,6.0,-0.055,0.5625,1.0,CANONICAL_RESOURCE_CONSTRAINED_A4
A4_C4_C5,Lee2019_MI,P02-A4-Lee2019_MI-ENSEMBLE-A4-C5-MODEL-PROB-AVG-P01-L1-LOW-CAL-OFFICIAL-R2:8_PER_CLASS-ER00:VS_STRONGEST,6.0,-0.02,0.5,1.0,CANONICAL_RESOURCE_CONSTRAINED_A4
A4_C4_C5,Lee2019_MI,P02-A4-Lee2019_MI-ENSEMBLE-A4-C4-MODEL-HARD-VOTE-P01-L1-LOW-CAL-OFFICIAL-R2:8_PER_CLASS-ER01:VS_STRONGEST,6.0,0.005,0.875,1.0,CANONICAL_RESOURCE_CONSTRAINED_A4
A4_C4_C5,Lee2019_MI,P02-A4-Lee2019_MI-ENSEMBLE-A4-C5-MODEL-PROB-AVG-P01-L1-LOW-CAL-OFFICIAL-R2:8_PER_CLASS-ER01:VS_STRONGEST,6.0,0.0,1.0,1.0,CANONICAL_RESOURCE_CONSTRAINED_A4
A4_C4_C5,Lee2019_MI,P02-A4-Lee2019_MI-ENSEMBLE-A4-C4-MODEL-HARD-VOTE-P01-L1-LOW-CAL-OFFICIAL-R2:8_PER_CLASS-ER02:VS_STRONGEST,6.0,-0.02,0.5625,1.0,CANONICAL_RESOURCE_CONSTRAINED_A4
A4_C4_C5,Lee2019_MI,P02-A4-Lee2019_MI-ENSEMBLE-A4-C5-MODEL-PROB-AVG-P01-L1-LOW-CAL-OFFICIAL-R2:8_PER_CLASS-ER02:VS_STRONGEST,6.0,-0.005,0.875,1.0,CANONICAL_RESOURCE_CONSTRAINED_A4
A4_C4_C5,Lee2019_MI,P02-A4-Lee2019_MI-ENSEMBLE-A4-C4-MODEL-HARD-VOTE-P01-L1-LOW-CAL-OFFICIAL-R2:8_PER_CLASS-ER03:VS_STRONGEST,6.0,0.01,0.0625,0.125,CANONICAL_RESOURCE_CONSTRAINED_A4
A4_C4_C5,Lee2019_MI,P02-A4-Lee2019_MI-ENSEMBLE-A4-C5-MODEL-PROB-AVG-P01-L1-LOW-CAL-OFFICIAL-R2:8_PER_CLASS-ER03:VS_STRONGEST,6.0,0.0,0.71875,0.71875,CANONICAL_RESOURCE_CONSTRAINED_A4
A4_C4_C5,Lee2019_MI,P02-A4-Lee2019_MI-ENSEMBLE-A4-C4-MODEL-HARD-VOTE-P01-L1-LOW-CAL-OFFICIAL-R2:8_PER_CLASS-ER04:VS_STRONGEST,6.0,-0.015,0.40625,0.8125,CANONICAL_RESOURCE_CONSTRAINED_A4
A4_C4_C5,Lee2019_MI,P02-A4-Lee2019_MI-ENSEMBLE-A4-C5-MODEL-PROB-AVG-P01-L1-LOW-CAL-OFFICIAL-R2:8_PER_CLASS-ER04:VS_STRONGEST,6.0,-0.005,0.75,0.8125,CANONICAL_RESOURCE_CONSTRAINED_A4
A4_C4_C5,Lee2019_MI,P02-A4-Lee2019_MI-ENSEMBLE-A4-C4-MODEL-HARD-VOTE-P01-L1-LOW-CAL-OFFICIAL-R2:16_PER_CLASS-ER00:VS_STRONGEST,6.0,-0.0199999999999999,0.8125,1.0,CANONICAL_RESOURCE_CONSTRAINED_A4
A4_C4_C5,Lee2019_MI,P02-A4-Lee2019_MI-ENSEMBLE-A4-C5-MODEL-PROB-AVG-P01-L1-LOW-CAL-OFFICIAL-R2:16_PER_CLASS-ER00:VS_STRONGEST,6.0,-0.015,0.4375,1.0,CANONICAL_RESOURCE_CONSTRAINED_A4
A4_C4_C5,Lee2019_MI,P02-A4-Lee2019_MI-ENSEMBLE-A4-C4-MODEL-HARD-VOTE-P01-L1-LOW-CAL-OFFICIAL-R2:16_PER_CLASS-ER01:VS_STRONGEST,6.0,-0.045,0.125,0.25,CANONICAL_RESOURCE_CONSTRAINED_A4
A4_C4_C5,Lee2019_MI,P02-A4-Lee2019_MI-ENSEMBLE-A4-C5-MODEL-PROB-AVG-P01-L1-LOW-CAL-OFFICIAL-R2:16_PER_CLASS-ER01:VS_STRONGEST,6.0,-0.04,0.125,0.25,CANONICAL_RESOURCE_CONSTRAINED_A4
A4_C4_C5,Lee2019_MI,P02-A4-Lee2019_MI-ENSEMBLE-A4-C4-MODEL-HARD-VOTE-P01-L1-LOW-CAL-OFFICIAL-R2:16_PER_CLASS-ER02:VS_STRONGEST,6.0,0.015,0.46875,0.9375,CANONICAL_RESOURCE_CONSTRAINED_A4
A4_C4_C5,Lee2019_MI,P02-A4-Lee2019_MI-ENSEMBLE-A4-C5-MODEL-PROB-AVG-P01-L1-LOW-CAL-OFFICIAL-R2:16_PER_CLASS-ER02:VS_STRONGEST,6.0,0.03,0.25,0.9375,CANONICAL_RESOURCE_CONSTRAINED_A4
A4_C4_C5,Lee2019_MI,P02-A4-Lee2019_MI-ENSEMBLE-A4-C4-MODEL-HARD-VOTE-P01-L1-LOW-CAL-OFFICIAL-R2:16_PER_CLASS-ER03:VS_STRONGEST,6.0,-0.05,0.4375,0.875,CANONICAL_RESOURCE_CONSTRAINED_A4
A4_C4_C5,Lee2019_MI,P02-A4-Lee2019_MI-ENSEMBLE-A4-C5-MODEL-PROB-AVG-P01-L1-LOW-CAL-OFFICIAL-R2:16_PER_CLASS-ER03:VS_STRONGEST,6.0,0.01,0.40625,0.875,CANONICAL_RESOURCE_CONSTRAINED_A4
A4_C4_C5,Lee2019_MI,P02-A4-Lee2019_MI-ENSEMBLE-A4-C4-MODEL-HARD-VOTE-P01-L1-LOW-CAL-OFFICIAL-R2:16_PER_CLASS-ER04:VS_STRONGEST,6.0,-0.0449999999999999,0.1875,0.375,CANONICAL_RESOURCE_CONSTRAINED_A4
A4_C4_C5,Lee2019_MI,P02-A4-Lee2019_MI-ENSEMBLE-A4-C5-MODEL-PROB-AVG-P01-L1-LOW-CAL-OFFICIAL-R2:16_PER_CLASS-ER04:VS_STRONGEST,6.0,-0.0249999999999999,0.25,0.375,CANONICAL_RESOURCE_CONSTRAINED_A4
A4_C4_C5,Lee2019_MI,P02-A4-Lee2019_MI-ENSEMBLE-A4-C4-MODEL-HARD-VOTE-P01-L1-LOW-CAL-OFFICIAL-R2:32_PER_CLASS-ER00:VS_STRONGEST,6.0,0.0,0.875,1.0,CANONICAL_RESOURCE_CONSTRAINED_A4
A4_C4_C5,Lee2019_MI,P02-A4-Lee2019_MI-ENSEMBLE-A4-C5-MODEL-PROB-AVG-P01-L1-LOW-CAL-OFFICIAL-R2:32_PER_CLASS-ER00:VS_STRONGEST,6.0,0.005,0.625,1.0,CANONICAL_RESOURCE_CONSTRAINED_A4
A4_C4_C5,Lee2019_MI,P02-A4-Lee2019_MI-ENSEMBLE-A4-C4-MODEL-HARD-VOTE-P01-L1-LOW-CAL-OFFICIAL-R2:32_PER_CLASS-ER01:VS_STRONGEST,6.0,0.01,0.625,1.0,CANONICAL_RESOURCE_CONSTRAINED_A4
A4_C4_C5,Lee2019_MI,P02-A4-Lee2019_MI-ENSEMBLE-A4-C5-MODEL-PROB-AVG-P01-L1-LOW-CAL-OFFICIAL-R2:32_PER_CLASS-ER01:VS_STRONGEST,6.0,0.015,0.375,1.0,CANONICAL_RESOURCE_CONSTRAINED_A4
A4_C4_C5,Lee2019_MI,P02-A4-Lee2019_MI-ENSEMBLE-A4-C4-MODEL-HARD-VOTE-P01-L1-LOW-CAL-OFFICIAL-R2:32_PER_CLASS-ER02:VS_STRONGEST,6.0,-0.0299999999999999,0.3125,0.625,CANONICAL_RESOURCE_CONSTRAINED_A4
A4_C4_C5,Lee2019_MI,P02-A4-Lee2019_MI-ENSEMBLE-A4-C5-MODEL-PROB-AVG-P01-L1-LOW-CAL-OFFICIAL-R2:32_PER_CLASS-ER02:VS_STRONGEST,6.0,-0.01,0.625,0.625,CANONICAL_RESOURCE_CONSTRAINED_A4
A4_C4_C5,Lee2019_MI,P02-A4-Lee2019_MI-ENSEMBLE-A4-C4-MODEL-HARD-VOTE-P01-L1-LOW-CAL-OFFICIAL-R2:32_PER_CLASS-ER03:VS_STRONGEST,6.0,0.0,1.0,1.0,CANONICAL_RESOURCE_CONSTRAINED_A4
A4_C4_C5,Lee2019_MI,P02-A4-Lee2019_MI-ENSEMBLE-A4-C5-MODEL-PROB-AVG-P01-L1-LOW-CAL-OFFICIAL-R2:32_PER_CLASS-ER03:VS_STRONGEST,6.0,0.02,0.5,1.0,CANONICAL_RESOURCE_CONSTRAINED_A4
A4_C4_C5,Lee2019_MI,P02-A4-Lee2019_MI-ENSEMBLE-A4-C4-MODEL-HARD-VOTE-P01-L1-LOW-CAL-OFFICIAL-R2:32_PER_CLASS-ER04:VS_STRONGEST,6.0,0.0,0.8125,1.0,CANONICAL_RESOURCE_CONSTRAINED_A4
A4_C4_C5,Lee2019_MI,P02-A4-Lee2019_MI-ENSEMBLE-A4-C5-MODEL-PROB-AVG-P01-L1-LOW-CAL-OFFICIAL-R2:32_PER_CLASS-ER04:VS_STRONGEST,6.0,0.0349999999999999,0.21875,1.0,CANONICAL_RESOURCE_CONSTRAINED_A4
