group_source_id,group_field,group_id,support_count,sparse_support,brier,nll,status
GROUP-c7378a2d8d30cb214cfb,dataset_id,BNCI2014_001,288,False,0.5167962466033454,0.71960228742924,ELIGIBLE
GROUP-c7378a2d8d30cb214cfb,subject_id,7,288,False,0.5167962466033454,0.71960228742924,ELIGIBLE
GROUP-c7378a2d8d30cb214cfb,session_id,0train,144,False,0.5507942825926704,0.759668698139094,ELIGIBLE
GROUP-c7378a2d8d30cb214cfb,session_id,1test,144,False,0.4827982106140204,0.679535876719386,ELIGIBLE
GROUP-c7378a2d8d30cb214cfb,model_id,CLS-CSP-LDA:CLS-CSP-LDA:P02S-LLX-R1-A0-BNCI2014_001-CLS-CSP-LDA-128PC-MR00,288,False,0.5167962466033454,0.71960228742924,ELIGIBLE
GROUP-c7378a2d8d30cb214cfb,branch_id,__MISSING__,288,False,0.5167962466033454,0.71960228742924,ELIGIBLE
GROUP-c7378a2d8d30cb214cfb,budget_id,P01-L1-LOW-CAL-OFFICIAL-R2:128_PER_CLASS,288,False,0.5167962466033454,0.71960228742924,ELIGIBLE
GROUP-c7378a2d8d30cb214cfb,split_id,IHARQ-SPLITRECORD-20260806-e4e371d332c61e36,288,False,0.5167962466033454,0.71960228742924,ELIGIBLE
GROUP-c7378a2d8d30cb214cfb,calibration_method_id,__MISSING__,288,False,0.5167962466033454,0.71960228742924,ELIGIBLE
GROUP-bb45efab54f0e098c7f0,dataset_id,BNCI2014_001,288,False,0.5088942443295857,0.7193839496622549,ELIGIBLE
GROUP-bb45efab54f0e098c7f0,subject_id,7,288,False,0.5088942443295857,0.7193839496622549,ELIGIBLE
GROUP-bb45efab54f0e098c7f0,session_id,0train,144,False,0.5135508287744018,0.7293943787447854,ELIGIBLE
GROUP-bb45efab54f0e098c7f0,session_id,1test,144,False,0.5042376598847697,0.7093735205797245,ELIGIBLE
GROUP-bb45efab54f0e098c7f0,model_id,CLS-CSP-LDA:CLS-CSP-LDA:P02S-LLX-R1-A0-BNCI2014_001-CLS-CSP-LDA-256PC-MR00,288,False,0.5088942443295857,0.7193839496622549,ELIGIBLE
GROUP-bb45efab54f0e098c7f0,branch_id,__MISSING__,288,False,0.5088942443295857,0.7193839496622549,ELIGIBLE
GROUP-bb45efab54f0e098c7f0,budget_id,P01-L1-LOW-CAL-OFFICIAL-R2:256_PER_CLASS,288,False,0.5088942443295857,0.7193839496622549,ELIGIBLE
GROUP-bb45efab54f0e098c7f0,split_id,IHARQ-SPLITRECORD-20260806-e4e371d332c61e36,288,False,0.5088942443295857,0.7193839496622549,ELIGIBLE
GROUP-bb45efab54f0e098c7f0,calibration_method_id,__MISSING__,288,False,0.5088942443295857,0.7193839496622549,ELIGIBLE
GROUP-8940cdaac97b4e69b473,dataset_id,BNCI2014_001,288,False,0.5040400866889134,0.6975419690643754,ELIGIBLE
GROUP-8940cdaac97b4e69b473,subject_id,7,288,False,0.5040400866889134,0.6975419690643754,ELIGIBLE
GROUP-8940cdaac97b4e69b473,session_id,0train,144,False,0.4984050362651261,0.6915434558287807,ELIGIBLE
GROUP-8940cdaac97b4e69b473,session_id,1test,144,False,0.5096751371127008,0.7035404822999701,ELIGIBLE
GROUP-8940cdaac97b4e69b473,model_id,CLS-CSP-LDA:CLS-CSP-LDA:P02S-LLX-R1-A0-BNCI2014_001-CLS-CSP-LDA-64PC-MR00,288,False,0.5040400866889134,0.6975419690643754,ELIGIBLE
GROUP-8940cdaac97b4e69b473,branch_id,__MISSING__,288,False,0.5040400866889134,0.6975419690643754,ELIGIBLE
GROUP-8940cdaac97b4e69b473,budget_id,P01-L1-LOW-CAL-OFFICIAL-R2:64_PER_CLASS,288,False,0.5040400866889134,0.6975419690643754,ELIGIBLE
GROUP-8940cdaac97b4e69b473,split_id,IHARQ-SPLITRECORD-20260806-e4e371d332c61e36,288,False,0.5040400866889134,0.6975419690643754,ELIGIBLE
GROUP-8940cdaac97b4e69b473,calibration_method_id,__MISSING__,288,False,0.5040400866889134,0.6975419690643754,ELIGIBLE
GROUP-feddf19fa01695448c20,dataset_id,BNCI2014_001,288,False,0.47710487147733605,0.6761654617985896,ELIGIBLE
GROUP-feddf19fa01695448c20,subject_id,7,288,False,0.47710487147733605,0.6761654617985896,ELIGIBLE
GROUP-feddf19fa01695448c20,session_id,0train,144,False,0.4710106037309859,0.669755568446576,ELIGIBLE
GROUP-feddf19fa01695448c20,session_id,1test,144,False,0.48319913922368624,0.6825753551506032,ELIGIBLE
GROUP-feddf19fa01695448c20,model_id,DNN-EEGNET:EEGNet-R7-LAWHERN-SMR-P01-160HZ:P02S-LLX-R1-A0-BNCI2014_001-DNN-EEGNET-128PC-MR00,288,False,0.47710487147733605,0.6761654617985896,ELIGIBLE
GROUP-feddf19fa01695448c20,branch_id,__MISSING__,288,False,0.47710487147733605,0.6761654617985896,ELIGIBLE
GROUP-feddf19fa01695448c20,budget_id,P01-L1-LOW-CAL-OFFICIAL-R2:128_PER_CLASS,288,False,0.47710487147733605,0.6761654617985896,ELIGIBLE
GROUP-feddf19fa01695448c20,split_id,IHARQ-SPLITRECORD-20260806-e4e371d332c61e36,288,False,0.47710487147733605,0.6761654617985896,ELIGIBLE
GROUP-feddf19fa01695448c20,calibration_method_id,__MISSING__,288,False,0.47710487147733605,0.6761654617985896,ELIGIBLE
GROUP-86c7eb6e539e2a6ad4e7,dataset_id,BNCI2014_001,288,False,0.4872559146543271,0.7037554071746133,ELIGIBLE
GROUP-86c7eb6e539e2a6ad4e7,subject_id,7,288,False,0.4872559146543271,0.7037554071746133,ELIGIBLE
GROUP-86c7eb6e539e2a6ad4e7,session_id,0train,144,False,0.4760546964103397,0.6885987133439505,ELIGIBLE
GROUP-86c7eb6e539e2a6ad4e7,session_id,1test,144,False,0.49845713289831445,0.718912101005276,ELIGIBLE
GROUP-86c7eb6e539e2a6ad4e7,model_id,DNN-EEGNET:EEGNet-R7-LAWHERN-SMR-P01-160HZ:P02S-LLX-R1-A0-BNCI2014_001-DNN-EEGNET-128PC-MR01,288,False,0.4872559146543271,0.7037554071746133,ELIGIBLE
GROUP-86c7eb6e539e2a6ad4e7,branch_id,__MISSING__,288,False,0.4872559146543271,0.7037554071746133,ELIGIBLE
GROUP-86c7eb6e539e2a6ad4e7,budget_id,P01-L1-LOW-CAL-OFFICIAL-R2:128_PER_CLASS,288,False,0.4872559146543271,0.7037554071746133,ELIGIBLE
GROUP-86c7eb6e539e2a6ad4e7,split_id,IHARQ-SPLITRECORD-20260806-e4e371d332c61e36,288,False,0.4872559146543271,0.7037554071746133,ELIGIBLE
GROUP-86c7eb6e539e2a6ad4e7,calibration_method_id,__MISSING__,288,False,0.4872559146543271,0.7037554071746133,ELIGIBLE
GROUP-631749d6ecea9793bb6a,dataset_id,BNCI2014_001,288,False,0.516993557414223,0.7173965548881999,ELIGIBLE
GROUP-631749d6ecea9793bb6a,subject_id,7,288,False,0.516993557414223,0.7173965548881999,ELIGIBLE
GROUP-631749d6ecea9793bb6a,session_id,0train,144,False,0.4934908560580485,0.6862331952346321,ELIGIBLE
GROUP-631749d6ecea9793bb6a,session_id,1test,144,False,0.5404962587703975,0.7485599145417677,ELIGIBLE
GROUP-631749d6ecea9793bb6a,model_id,DNN-EEGNET:EEGNet-R7-LAWHERN-SMR-P01-160HZ:P02S-LLX-R1-A0-BNCI2014_001-DNN-EEGNET-128PC-MR02,288,False,0.516993557414223,0.7173965548881999,ELIGIBLE
GROUP-631749d6ecea9793bb6a,branch_id,__MISSING__,288,False,0.516993557414223,0.7173965548881999,ELIGIBLE
GROUP-631749d6ecea9793bb6a,budget_id,P01-L1-LOW-CAL-OFFICIAL-R2:128_PER_CLASS,288,False,0.516993557414223,0.7173965548881999,ELIGIBLE
GROUP-631749d6ecea9793bb6a,split_id,IHARQ-SPLITRECORD-20260806-e4e371d332c61e36,288,False,0.516993557414223,0.7173965548881999,ELIGIBLE
GROUP-631749d6ecea9793bb6a,calibration_method_id,__MISSING__,288,False,0.516993557414223,0.7173965548881999,ELIGIBLE
GROUP-590ee3f8ee9943d09c91,dataset_id,BNCI2014_001,288,False,0.5494268726134898,0.8027438751932237,ELIGIBLE
GROUP-590ee3f8ee9943d09c91,subject_id,7,288,False,0.5494268726134898,0.8027438751932237,ELIGIBLE
GROUP-590ee3f8ee9943d09c91,session_id,0train,144,False,0.5059538823773259,0.7357937524037254,ELIGIBLE
GROUP-590ee3f8ee9943d09c91,session_id,1test,144,False,0.5928998628496536,0.8696939979827218,ELIGIBLE
GROUP-590ee3f8ee9943d09c91,model_id,DNN-EEGNET:EEGNet-R7-LAWHERN-SMR-P01-160HZ:P02S-LLX-R1-A0-BNCI2014_001-DNN-EEGNET-128PC-MR03,288,False,0.5494268726134898,0.8027438751932237,ELIGIBLE
GROUP-590ee3f8ee9943d09c91,branch_id,__MISSING__,288,False,0.5494268726134898,0.8027438751932237,ELIGIBLE
GROUP-590ee3f8ee9943d09c91,budget_id,P01-L1-LOW-CAL-OFFICIAL-R2:128_PER_CLASS,288,False,0.5494268726134898,0.8027438751932237,ELIGIBLE
GROUP-590ee3f8ee9943d09c91,split_id,IHARQ-SPLITRECORD-20260806-e4e371d332c61e36,288,False,0.5494268726134898,0.8027438751932237,ELIGIBLE
GROUP-590ee3f8ee9943d09c91,calibration_method_id,__MISSING__,288,False,0.5494268726134898,0.8027438751932237,ELIGIBLE
GROUP-c84bcffc61e947461e1d,dataset_id,BNCI2014_001,288,False,0.49479962495399565,0.7358164929350528,ELIGIBLE
GROUP-c84bcffc61e947461e1d,subject_id,7,288,False,0.49479962495399565,0.7358164929350528,ELIGIBLE
GROUP-c84bcffc61e947461e1d,session_id,0train,144,False,0.5111661739292206,0.7533862108932138,ELIGIBLE
GROUP-c84bcffc61e947461e1d,session_id,1test,144,False,0.4784330759787707,0.7182467749768918,ELIGIBLE
GROUP-c84bcffc61e947461e1d,model_id,DNN-EEGNET:EEGNet-R7-LAWHERN-SMR-P01-160HZ:P02S-LLX-R1-A0-BNCI2014_001-DNN-EEGNET-128PC-MR04,288,False,0.49479962495399565,0.7358164929350528,ELIGIBLE
GROUP-c84bcffc61e947461e1d,branch_id,__MISSING__,288,False,0.49479962495399565,0.7358164929350528,ELIGIBLE
GROUP-c84bcffc61e947461e1d,budget_id,P01-L1-LOW-CAL-OFFICIAL-R2:128_PER_CLASS,288,False,0.49479962495399565,0.7358164929350528,ELIGIBLE
GROUP-c84bcffc61e947461e1d,split_id,IHARQ-SPLITRECORD-20260806-e4e371d332c61e36,288,False,0.49479962495399565,0.7358164929350528,ELIGIBLE
GROUP-c84bcffc61e947461e1d,calibration_method_id,__MISSING__,288,False,0.49479962495399565,0.7358164929350528,ELIGIBLE
GROUP-4734ee88a16cd0ddc7f2,dataset_id,BNCI2014_001,288,False,0.5052283698962816,0.7168969740678891,ELIGIBLE
GROUP-4734ee88a16cd0ddc7f2,subject_id,7,288,False,0.5052283698962816,0.7168969740678891,ELIGIBLE
GROUP-4734ee88a16cd0ddc7f2,session_id,0train,144,False,0.5072647892048704,0.7140139861101488,ELIGIBLE
GROUP-4734ee88a16cd0ddc7f2,session_id,1test,144,False,0.5031919505876928,0.7197799620256293,ELIGIBLE
GROUP-4734ee88a16cd0ddc7f2,model_id,DNN-EEGNET:EEGNet-R7-LAWHERN-SMR-P01-160HZ:P02S-LLX-R1-A0-BNCI2014_001-DNN-EEGNET-256PC-MR00,288,False,0.5052283698962816,0.7168969740678891,ELIGIBLE
GROUP-4734ee88a16cd0ddc7f2,branch_id,__MISSING__,288,False,0.5052283698962816,0.7168969740678891,ELIGIBLE
GROUP-4734ee88a16cd0ddc7f2,budget_id,P01-L1-LOW-CAL-OFFICIAL-R2:256_PER_CLASS,288,False,0.5052283698962816,0.7168969740678891,ELIGIBLE
GROUP-4734ee88a16cd0ddc7f2,split_id,IHARQ-SPLITRECORD-20260806-e4e371d332c61e36,288,False,0.5052283698962816,0.7168969740678891,ELIGIBLE
GROUP-4734ee88a16cd0ddc7f2,calibration_method_id,__MISSING__,288,False,0.5052283698962816,0.7168969740678891,ELIGIBLE
GROUP-363126b3698e27abe417,dataset_id,BNCI2014_001,288,False,0.4987767875274199,0.7067246793852148,ELIGIBLE
GROUP-363126b3698e27abe417,subject_id,7,288,False,0.4987767875274199,0.7067246793852148,ELIGIBLE
GROUP-363126b3698e27abe417,session_id,0train,144,False,0.47702061367948584,0.6769759550756764,ELIGIBLE
GROUP-363126b3698e27abe417,session_id,1test,144,False,0.520532961375354,0.7364734036947532,ELIGIBLE
GROUP-363126b3698e27abe417,model_id,DNN-EEGNET:EEGNet-R7-LAWHERN-SMR-P01-160HZ:P02S-LLX-R1-A0-BNCI2014_001-DNN-EEGNET-256PC-MR01,288,False,0.4987767875274199,0.7067246793852148,ELIGIBLE
GROUP-363126b3698e27abe417,branch_id,__MISSING__,288,False,0.4987767875274199,0.7067246793852148,ELIGIBLE
GROUP-363126b3698e27abe417,budget_id,P01-L1-LOW-CAL-OFFICIAL-R2:256_PER_CLASS,288,False,0.4987767875274199,0.7067246793852148,ELIGIBLE
GROUP-363126b3698e27abe417,split_id,IHARQ-SPLITRECORD-20260806-e4e371d332c61e36,288,False,0.4987767875274199,0.7067246793852148,ELIGIBLE
GROUP-363126b3698e27abe417,calibration_method_id,__MISSING__,288,False,0.4987767875274199,0.7067246793852148,ELIGIBLE
GROUP-4727ddb5c054f32756f4,dataset_id,BNCI2014_001,288,False,0.6741026501219901,1.0935182982601879,ELIGIBLE
GROUP-4727ddb5c054f32756f4,subject_id,7,288,False,0.6741026501219901,1.0935182982601879,ELIGIBLE
GROUP-4727ddb5c054f32756f4,session_id,0train,144,False,0.652834854302125,1.0277059906551742,ELIGIBLE
GROUP-4727ddb5c054f32756f4,session_id,1test,144,False,0.6953704459418554,1.1593306058652013,ELIGIBLE
GROUP-4727ddb5c054f32756f4,model_id,DNN-EEGNET:EEGNet-R7-LAWHERN-SMR-P01-160HZ:P02S-LLX-R1-A0-BNCI2014_001-DNN-EEGNET-256PC-MR02,288,False,0.6741026501219901,1.0935182982601879,ELIGIBLE
GROUP-4727ddb5c054f32756f4,branch_id,__MISSING__,288,False,0.6741026501219901,1.0935182982601879,ELIGIBLE
GROUP-4727ddb5c054f32756f4,budget_id,P01-L1-LOW-CAL-OFFICIAL-R2:256_PER_CLASS,288,False,0.6741026501219901,1.0935182982601879,ELIGIBLE
GROUP-4727ddb5c054f32756f4,split_id,IHARQ-SPLITRECORD-20260806-e4e371d332c61e36,288,False,0.6741026501219901,1.0935182982601879,ELIGIBLE
GROUP-4727ddb5c054f32756f4,calibration_method_id,__MISSING__,288,False,0.6741026501219901,1.0935182982601879,ELIGIBLE
GROUP-0d85df40911131ead8dc,dataset_id,BNCI2014_001,288,False,0.5419626028502316,0.7701591637248674,ELIGIBLE
GROUP-0d85df40911131ead8dc,subject_id,7,288,False,0.5419626028502316,0.7701591637248674,ELIGIBLE
GROUP-0d85df40911131ead8dc,session_id,0train,144,False,0.5247621170961614,0.7426464189078553,ELIGIBLE
GROUP-0d85df40911131ead8dc,session_id,1test,144,False,0.559163088604302,0.7976719085418794,ELIGIBLE
GROUP-0d85df40911131ead8dc,model_id,DNN-EEGNET:EEGNet-R7-LAWHERN-SMR-P01-160HZ:P02S-LLX-R1-A0-BNCI2014_001-DNN-EEGNET-256PC-MR03,288,False,0.5419626028502316,0.7701591637248674,ELIGIBLE
GROUP-0d85df40911131ead8dc,branch_id,__MISSING__,288,False,0.5419626028502316,0.7701591637248674,ELIGIBLE
GROUP-0d85df40911131ead8dc,budget_id,P01-L1-LOW-CAL-OFFICIAL-R2:256_PER_CLASS,288,False,0.5419626028502316,0.7701591637248674,ELIGIBLE
GROUP-0d85df40911131ead8dc,split_id,IHARQ-SPLITRECORD-20260806-e4e371d332c61e36,288,False,0.5419626028502316,0.7701591637248674,ELIGIBLE
GROUP-0d85df40911131ead8dc,calibration_method_id,__MISSING__,288,False,0.5419626028502316,0.7701591637248674,ELIGIBLE
GROUP-8c1227801b90209833de,dataset_id,BNCI2014_001,288,False,0.5845229500281793,0.8456455161540567,ELIGIBLE
GROUP-8c1227801b90209833de,subject_id,7,288,False,0.5845229500281793,0.8456455161540567,ELIGIBLE
GROUP-8c1227801b90209833de,session_id,0train,144,False,0.5508501872090672,0.7813446615338452,ELIGIBLE
GROUP-8c1227801b90209833de,session_id,1test,144,False,0.6181957128472916,0.9099463707742681,ELIGIBLE
GROUP-8c1227801b90209833de,model_id,DNN-EEGNET:EEGNet-R7-LAWHERN-SMR-P01-160HZ:P02S-LLX-R1-A0-BNCI2014_001-DNN-EEGNET-256PC-MR04,288,False,0.5845229500281793,0.8456455161540567,ELIGIBLE
GROUP-8c1227801b90209833de,branch_id,__MISSING__,288,False,0.5845229500281793,0.8456455161540567,ELIGIBLE
GROUP-8c1227801b90209833de,budget_id,P01-L1-LOW-CAL-OFFICIAL-R2:256_PER_CLASS,288,False,0.5845229500281793,0.8456455161540567,ELIGIBLE
GROUP-8c1227801b90209833de,split_id,IHARQ-SPLITRECORD-20260806-e4e371d332c61e36,288,False,0.5845229500281793,0.8456455161540567,ELIGIBLE
GROUP-8c1227801b90209833de,calibration_method_id,__MISSING__,288,False,0.5845229500281793,0.8456455161540567,ELIGIBLE
GROUP-7ce7eea66c8a2778f0f5,dataset_id,BNCI2014_001,288,False,0.500035416343407,0.693182596915922,ELIGIBLE
GROUP-7ce7eea66c8a2778f0f5,subject_id,7,288,False,0.500035416343407,0.693182596915922,ELIGIBLE
GROUP-7ce7eea66c8a2778f0f5,session_id,0train,144,False,0.5000379740149774,0.693185154550478,ELIGIBLE
GROUP-7ce7eea66c8a2778f0f5,session_id,1test,144,False,0.5000328586718368,0.6931800392813661,ELIGIBLE
GROUP-7ce7eea66c8a2778f0f5,model_id,DNN-EEGNET:EEGNet-R7-LAWHERN-SMR-P01-160HZ:P02S-LLX-R1-A0-BNCI2014_001-DNN-EEGNET-64PC-MR00,288,False,0.500035416343407,0.693182596915922,ELIGIBLE
GROUP-7ce7eea66c8a2778f0f5,branch_id,__MISSING__,288,False,0.500035416343407,0.693182596915922,ELIGIBLE
GROUP-7ce7eea66c8a2778f0f5,budget_id,P01-L1-LOW-CAL-OFFICIAL-R2:64_PER_CLASS,288,False,0.500035416343407,0.693182596915922,ELIGIBLE
GROUP-7ce7eea66c8a2778f0f5,split_id,IHARQ-SPLITRECORD-20260806-e4e371d332c61e36,288,False,0.500035416343407,0.693182596915922,ELIGIBLE
GROUP-7ce7eea66c8a2778f0f5,calibration_method_id,__MISSING__,288,False,0.500035416343407,0.693182596915922,ELIGIBLE
GROUP-6131b6dd0c40800fa8c1,dataset_id,BNCI2014_001,288,False,0.5824567342707877,0.8313598229628778,ELIGIBLE
GROUP-6131b6dd0c40800fa8c1,subject_id,7,288,False,0.5824567342707877,0.8313598229628778,ELIGIBLE
GROUP-6131b6dd0c40800fa8c1,session_id,0train,144,False,0.5252685241521146,0.7281004646533655,ELIGIBLE
GROUP-6131b6dd0c40800fa8c1,session_id,1test,144,False,0.6396449443894608,0.93461918127239,ELIGIBLE
GROUP-6131b6dd0c40800fa8c1,model_id,DNN-EEGNET:EEGNet-R7-LAWHERN-SMR-P01-160HZ:P02S-LLX-R1-A0-BNCI2014_001-DNN-EEGNET-64PC-MR01,288,False,0.5824567342707877,0.8313598229628778,ELIGIBLE
GROUP-6131b6dd0c40800fa8c1,branch_id,__MISSING__,288,False,0.5824567342707877,0.8313598229628778,ELIGIBLE
GROUP-6131b6dd0c40800fa8c1,budget_id,P01-L1-LOW-CAL-OFFICIAL-R2:64_PER_CLASS,288,False,0.5824567342707877,0.8313598229628778,ELIGIBLE
GROUP-6131b6dd0c40800fa8c1,split_id,IHARQ-SPLITRECORD-20260806-e4e371d332c61e36,288,False,0.5824567342707877,0.8313598229628778,ELIGIBLE
GROUP-6131b6dd0c40800fa8c1,calibration_method_id,__MISSING__,288,False,0.5824567342707877,0.8313598229628778,ELIGIBLE
GROUP-a0ec79ccb257268714af,dataset_id,BNCI2014_001,288,False,0.5372493114783098,0.7545956064086324,ELIGIBLE
GROUP-a0ec79ccb257268714af,subject_id,7,288,False,0.5372493114783098,0.7545956064086324,ELIGIBLE
GROUP-a0ec79ccb257268714af,session_id,0train,144,False,0.5446578431868618,0.7541436853581404,ELIGIBLE
GROUP-a0ec79ccb257268714af,session_id,1test,144,False,0.5298407797697577,0.7550475274591247,ELIGIBLE
GROUP-a0ec79ccb257268714af,model_id,DNN-EEGNET:EEGNet-R7-LAWHERN-SMR-P01-160HZ:P02S-LLX-R1-A0-BNCI2014_001-DNN-EEGNET-64PC-MR02,288,False,0.5372493114783098,0.7545956064086324,ELIGIBLE
GROUP-a0ec79ccb257268714af,branch_id,__MISSING__,288,False,0.5372493114783098,0.7545956064086324,ELIGIBLE
GROUP-a0ec79ccb257268714af,budget_id,P01-L1-LOW-CAL-OFFICIAL-R2:64_PER_CLASS,288,False,0.5372493114783098,0.7545956064086324,ELIGIBLE
GROUP-a0ec79ccb257268714af,split_id,IHARQ-SPLITRECORD-20260806-e4e371d332c61e36,288,False,0.5372493114783098,0.7545956064086324,ELIGIBLE
GROUP-a0ec79ccb257268714af,calibration_method_id,__MISSING__,288,False,0.5372493114783098,0.7545956064086324,ELIGIBLE
GROUP-af0e2423a6cd239ceaeb,dataset_id,BNCI2014_001,288,False,0.5000410998040665,0.6931882819811996,ELIGIBLE
GROUP-af0e2423a6cd239ceaeb,subject_id,7,288,False,0.5000410998040665,0.6931882819811996,ELIGIBLE
GROUP-af0e2423a6cd239ceaeb,session_id,0train,144,False,0.4999703267444848,0.6931175073632561,ELIGIBLE
GROUP-af0e2423a6cd239ceaeb,session_id,1test,144,False,0.5001118728636481,0.6932590565991431,ELIGIBLE
GROUP-af0e2423a6cd239ceaeb,model_id,DNN-EEGNET:EEGNet-R7-LAWHERN-SMR-P01-160HZ:P02S-LLX-R1-A0-BNCI2014_001-DNN-EEGNET-64PC-MR03,288,False,0.5000410998040665,0.6931882819811996,ELIGIBLE
GROUP-af0e2423a6cd239ceaeb,branch_id,__MISSING__,288,False,0.5000410998040665,0.6931882819811996,ELIGIBLE
GROUP-af0e2423a6cd239ceaeb,budget_id,P01-L1-LOW-CAL-OFFICIAL-R2:64_PER_CLASS,288,False,0.5000410998040665,0.6931882819811996,ELIGIBLE
GROUP-af0e2423a6cd239ceaeb,split_id,IHARQ-SPLITRECORD-20260806-e4e371d332c61e36,288,False,0.5000410998040665,0.6931882819811996,ELIGIBLE
GROUP-af0e2423a6cd239ceaeb,calibration_method_id,__MISSING__,288,False,0.5000410998040665,0.6931882819811996,ELIGIBLE
GROUP-73a0b51053a7f2cfd9db,dataset_id,BNCI2014_001,288,False,0.6969572319012683,1.1954178362181098,ELIGIBLE
GROUP-73a0b51053a7f2cfd9db,subject_id,7,288,False,0.6969572319012683,1.1954178362181098,ELIGIBLE
GROUP-73a0b51053a7f2cfd9db,session_id,0train,144,False,0.591524392964542,0.892840965209836,ELIGIBLE
GROUP-73a0b51053a7f2cfd9db,session_id,1test,144,False,0.8023900708379946,1.4979947072263835,ELIGIBLE
GROUP-73a0b51053a7f2cfd9db,model_id,DNN-EEGNET:EEGNet-R7-LAWHERN-SMR-P01-160HZ:P02S-LLX-R1-A0-BNCI2014_001-DNN-EEGNET-64PC-MR04,288,False,0.6969572319012683,1.1954178362181098,ELIGIBLE
GROUP-73a0b51053a7f2cfd9db,branch_id,__MISSING__,288,False,0.6969572319012683,1.1954178362181098,ELIGIBLE
GROUP-73a0b51053a7f2cfd9db,budget_id,P01-L1-LOW-CAL-OFFICIAL-R2:64_PER_CLASS,288,False,0.6969572319012683,1.1954178362181098,ELIGIBLE
GROUP-73a0b51053a7f2cfd9db,split_id,IHARQ-SPLITRECORD-20260806-e4e371d332c61e36,288,False,0.6969572319012683,1.1954178362181098,ELIGIBLE
GROUP-73a0b51053a7f2cfd9db,calibration_method_id,__MISSING__,288,False,0.6969572319012683,1.1954178362181098,ELIGIBLE
GROUP-aa621acdc4c487000a8f,dataset_id,BNCI2014_001,288,False,0.49417140796232556,0.6904687309902078,ELIGIBLE
GROUP-aa621acdc4c487000a8f,subject_id,7,288,False,0.49417140796232556,0.6904687309902078,ELIGIBLE
GROUP-aa621acdc4c487000a8f,session_id,0train,144,False,0.5158110434117277,0.7116640386059973,ELIGIBLE
GROUP-aa621acdc4c487000a8f,session_id,1test,144,False,0.4725317725129234,0.6692734233744183,ELIGIBLE
GROUP-aa621acdc4c487000a8f,model_id,RIE-TS-LR:RIE-TS-LR:P02S-LLX-R1-A0-BNCI2014_001-RIE-TS-LR-128PC-MR00,288,False,0.49417140796232556,0.6904687309902078,ELIGIBLE
GROUP-aa621acdc4c487000a8f,branch_id,__MISSING__,288,False,0.49417140796232556,0.6904687309902078,ELIGIBLE
GROUP-aa621acdc4c487000a8f,budget_id,P01-L1-LOW-CAL-OFFICIAL-R2:128_PER_CLASS,288,False,0.49417140796232556,0.6904687309902078,ELIGIBLE
GROUP-aa621acdc4c487000a8f,split_id,IHARQ-SPLITRECORD-20260806-e4e371d332c61e36,288,False,0.49417140796232556,0.6904687309902078,ELIGIBLE
GROUP-aa621acdc4c487000a8f,calibration_method_id,__MISSING__,288,False,0.49417140796232556,0.6904687309902078,ELIGIBLE
GROUP-31c8e21f65340a7acffa,dataset_id,BNCI2014_001,288,False,0.6096209333157093,0.8822837779347231,ELIGIBLE
GROUP-31c8e21f65340a7acffa,subject_id,7,288,False,0.6096209333157093,0.8822837779347231,ELIGIBLE
GROUP-31c8e21f65340a7acffa,session_id,0train,144,False,0.6181246599451803,0.8727290446554633,ELIGIBLE
GROUP-31c8e21f65340a7acffa,session_id,1test,144,False,0.6011172066862385,0.8918385112139828,ELIGIBLE
GROUP-31c8e21f65340a7acffa,model_id,RIE-TS-LR:RIE-TS-LR:P02S-LLX-R1-A0-BNCI2014_001-RIE-TS-LR-256PC-MR00,288,False,0.6096209333157093,0.8822837779347231,ELIGIBLE
GROUP-31c8e21f65340a7acffa,branch_id,__MISSING__,288,False,0.6096209333157093,0.8822837779347231,ELIGIBLE
GROUP-31c8e21f65340a7acffa,budget_id,P01-L1-LOW-CAL-OFFICIAL-R2:256_PER_CLASS,288,False,0.6096209333157093,0.8822837779347231,ELIGIBLE
GROUP-31c8e21f65340a7acffa,split_id,IHARQ-SPLITRECORD-20260806-e4e371d332c61e36,288,False,0.6096209333157093,0.8822837779347231,ELIGIBLE
GROUP-31c8e21f65340a7acffa,calibration_method_id,__MISSING__,288,False,0.6096209333157093,0.8822837779347231,ELIGIBLE
GROUP-036831faee28efb9cdd1,dataset_id,BNCI2014_001,288,False,0.5668664737599847,0.7711571175972662,ELIGIBLE
GROUP-036831faee28efb9cdd1,subject_id,7,288,False,0.5668664737599847,0.7711571175972662,ELIGIBLE
GROUP-036831faee28efb9cdd1,session_id,0train,144,False,0.5460554119869229,0.7434129306932569,ELIGIBLE
GROUP-036831faee28efb9cdd1,session_id,1test,144,False,0.5876775355330466,0.7989013045012757,ELIGIBLE
GROUP-036831faee28efb9cdd1,model_id,RIE-TS-LR:RIE-TS-LR:P02S-LLX-R1-A0-BNCI2014_001-RIE-TS-LR-64PC-MR00,288,False,0.5668664737599847,0.7711571175972662,ELIGIBLE
GROUP-036831faee28efb9cdd1,branch_id,__MISSING__,288,False,0.5668664737599847,0.7711571175972662,ELIGIBLE
GROUP-036831faee28efb9cdd1,budget_id,P01-L1-LOW-CAL-OFFICIAL-R2:64_PER_CLASS,288,False,0.5668664737599847,0.7711571175972662,ELIGIBLE
GROUP-036831faee28efb9cdd1,split_id,IHARQ-SPLITRECORD-20260806-e4e371d332c61e36,288,False,0.5668664737599847,0.7711571175972662,ELIGIBLE
GROUP-036831faee28efb9cdd1,calibration_method_id,__MISSING__,288,False,0.5668664737599847,0.7711571175972662,ELIGIBLE
GROUP-b74aac907d81554ddc06,dataset_id,BNCI2014_001,288,False,0.5057644275557389,0.699295481679764,ELIGIBLE
GROUP-b74aac907d81554ddc06,subject_id,7,288,False,0.5057644275557389,0.699295481679764,ELIGIBLE
GROUP-b74aac907d81554ddc06,session_id,0train,144,False,0.5052553465704052,0.6984868866390287,ELIGIBLE
GROUP-b74aac907d81554ddc06,session_id,1test,144,False,0.5062735085410726,0.7001040767204992,ELIGIBLE
GROUP-b74aac907d81554ddc06,model_id,SSL-CBRAMOD:CBraMod-HF-Braindecode-GovernedP02-R6Scale1e4:P02S-LLX-R1-A0-BNCI2014_001-SSL-CBRAMOD-128PC-MR00,288,False,0.5057644275557389,0.699295481679764,ELIGIBLE
GROUP-b74aac907d81554ddc06,branch_id,__MISSING__,288,False,0.5057644275557389,0.699295481679764,ELIGIBLE
GROUP-b74aac907d81554ddc06,budget_id,P01-L1-LOW-CAL-OFFICIAL-R2:128_PER_CLASS,288,False,0.5057644275557389,0.699295481679764,ELIGIBLE
GROUP-b74aac907d81554ddc06,split_id,IHARQ-SPLITRECORD-20260806-e4e371d332c61e36,288,False,0.5057644275557389,0.699295481679764,ELIGIBLE
GROUP-b74aac907d81554ddc06,calibration_method_id,__MISSING__,288,False,0.5057644275557389,0.699295481679764,ELIGIBLE
GROUP-7b70f403a0150f3328b3,dataset_id,BNCI2014_001,288,False,0.5868606071103465,0.8360297835617873,ELIGIBLE
GROUP-7b70f403a0150f3328b3,subject_id,7,288,False,0.5868606071103465,0.8360297835617873,ELIGIBLE
GROUP-7b70f403a0150f3328b3,session_id,0train,144,False,0.5924150040540659,0.8345673821121766,ELIGIBLE
GROUP-7b70f403a0150f3328b3,session_id,1test,144,False,0.5813062101666271,0.8374921850113978,ELIGIBLE
GROUP-7b70f403a0150f3328b3,model_id,SSL-CBRAMOD:CBraMod-HF-Braindecode-GovernedP02-R6Scale1e4:P02S-LLX-R1-A0-BNCI2014_001-SSL-CBRAMOD-128PC-MR01,288,False,0.5868606071103465,0.8360297835617873,ELIGIBLE
GROUP-7b70f403a0150f3328b3,branch_id,__MISSING__,288,False,0.5868606071103465,0.8360297835617873,ELIGIBLE
GROUP-7b70f403a0150f3328b3,budget_id,P01-L1-LOW-CAL-OFFICIAL-R2:128_PER_CLASS,288,False,0.5868606071103465,0.8360297835617873,ELIGIBLE
GROUP-7b70f403a0150f3328b3,split_id,IHARQ-SPLITRECORD-20260806-e4e371d332c61e36,288,False,0.5868606071103465,0.8360297835617873,ELIGIBLE
GROUP-7b70f403a0150f3328b3,calibration_method_id,__MISSING__,288,False,0.5868606071103465,0.8360297835617873,ELIGIBLE
GROUP-ee0ead1740ad06d4650b,dataset_id,BNCI2014_001,288,False,0.5001050839959298,0.693366191673671,ELIGIBLE
GROUP-ee0ead1740ad06d4650b,subject_id,7,288,False,0.5001050839959298,0.693366191673671,ELIGIBLE
GROUP-ee0ead1740ad06d4650b,session_id,0train,144,False,0.490932111722971,0.683866919860185,ELIGIBLE
GROUP-ee0ead1740ad06d4650b,session_id,1test,144,False,0.5092780562688884,0.7028654634871567,ELIGIBLE
GROUP-ee0ead1740ad06d4650b,model_id,SSL-CBRAMOD:CBraMod-HF-Braindecode-GovernedP02-R6Scale1e4:P02S-LLX-R1-A0-BNCI2014_001-SSL-CBRAMOD-128PC-MR02,288,False,0.5001050839959298,0.693366191673671,ELIGIBLE
GROUP-ee0ead1740ad06d4650b,branch_id,__MISSING__,288,False,0.5001050839959298,0.693366191673671,ELIGIBLE
GROUP-ee0ead1740ad06d4650b,budget_id,P01-L1-LOW-CAL-OFFICIAL-R2:128_PER_CLASS,288,False,0.5001050839959298,0.693366191673671,ELIGIBLE
GROUP-ee0ead1740ad06d4650b,split_id,IHARQ-SPLITRECORD-20260806-e4e371d332c61e36,288,False,0.5001050839959298,0.693366191673671,ELIGIBLE
GROUP-ee0ead1740ad06d4650b,calibration_method_id,__MISSING__,288,False,0.5001050839959298,0.693366191673671,ELIGIBLE
GROUP-a4ae616017e6dcd6dea4,dataset_id,BNCI2014_001,288,False,0.5242152533823945,0.7452901648497298,ELIGIBLE
GROUP-a4ae616017e6dcd6dea4,subject_id,7,288,False,0.5242152533823945,0.7452901648497298,ELIGIBLE
GROUP-a4ae616017e6dcd6dea4,session_id,0train,144,False,0.5328155476496542,0.770056369808679,ELIGIBLE
GROUP-a4ae616017e6dcd6dea4,session_id,1test,144,False,0.5156149591151349,0.7205239598907807,ELIGIBLE
GROUP-a4ae616017e6dcd6dea4,model_id,SSL-CBRAMOD:CBraMod-HF-Braindecode-GovernedP02-R6Scale1e4:P02S-LLX-R1-A0-BNCI2014_001-SSL-CBRAMOD-128PC-MR03,288,False,0.5242152533823945,0.7452901648497298,ELIGIBLE
GROUP-a4ae616017e6dcd6dea4,branch_id,__MISSING__,288,False,0.5242152533823945,0.7452901648497298,ELIGIBLE
GROUP-a4ae616017e6dcd6dea4,budget_id,P01-L1-LOW-CAL-OFFICIAL-R2:128_PER_CLASS,288,False,0.5242152533823945,0.7452901648497298,ELIGIBLE
GROUP-a4ae616017e6dcd6dea4,split_id,IHARQ-SPLITRECORD-20260806-e4e371d332c61e36,288,False,0.5242152533823945,0.7452901648497298,ELIGIBLE
GROUP-a4ae616017e6dcd6dea4,calibration_method_id,__MISSING__,288,False,0.5242152533823945,0.7452901648497298,ELIGIBLE
GROUP-f311519835dd07e7f6de,dataset_id,BNCI2014_001,288,False,0.4980470276391217,0.6912253363288093,ELIGIBLE
GROUP-f311519835dd07e7f6de,subject_id,7,288,False,0.4980470276391217,0.6912253363288093,ELIGIBLE
GROUP-f311519835dd07e7f6de,session_id,0train,144,False,0.4919340604387307,0.6850422729260175,ELIGIBLE
GROUP-f311519835dd07e7f6de,session_id,1test,144,False,0.5041599948395127,0.6974083997316013,ELIGIBLE
GROUP-f311519835dd07e7f6de,model_id,SSL-CBRAMOD:CBraMod-HF-Braindecode-GovernedP02-R6Scale1e4:P02S-LLX-R1-A0-BNCI2014_001-SSL-CBRAMOD-128PC-MR04,288,False,0.4980470276391217,0.6912253363288093,ELIGIBLE
GROUP-f311519835dd07e7f6de,branch_id,__MISSING__,288,False,0.4980470276391217,0.6912253363288093,ELIGIBLE
GROUP-f311519835dd07e7f6de,budget_id,P01-L1-LOW-CAL-OFFICIAL-R2:128_PER_CLASS,288,False,0.4980470276391217,0.6912253363288093,ELIGIBLE
GROUP-f311519835dd07e7f6de,split_id,IHARQ-SPLITRECORD-20260806-e4e371d332c61e36,288,False,0.4980470276391217,0.6912253363288093,ELIGIBLE
GROUP-f311519835dd07e7f6de,calibration_method_id,__MISSING__,288,False,0.4980470276391217,0.6912253363288093,ELIGIBLE
GROUP-55c6045aeb7d25bfffdb,dataset_id,BNCI2014_001,288,False,0.5096117850437947,0.702854020540754,ELIGIBLE
GROUP-55c6045aeb7d25bfffdb,subject_id,7,288,False,0.5096117850437947,0.702854020540754,ELIGIBLE
GROUP-55c6045aeb7d25bfffdb,session_id,0train,144,False,0.5106294200547181,0.7038867072407268,ELIGIBLE
GROUP-55c6045aeb7d25bfffdb,session_id,1test,144,False,0.5085941500328712,0.7018213338407813,ELIGIBLE
GROUP-55c6045aeb7d25bfffdb,model_id,SSL-CBRAMOD:CBraMod-HF-Braindecode-GovernedP02-R6Scale1e4:P02S-LLX-R1-A0-BNCI2014_001-SSL-CBRAMOD-256PC-MR00,288,False,0.5096117850437947,0.702854020540754,ELIGIBLE
GROUP-55c6045aeb7d25bfffdb,branch_id,__MISSING__,288,False,0.5096117850437947,0.702854020540754,ELIGIBLE
GROUP-55c6045aeb7d25bfffdb,budget_id,P01-L1-LOW-CAL-OFFICIAL-R2:256_PER_CLASS,288,False,0.5096117850437947,0.702854020540754,ELIGIBLE
GROUP-55c6045aeb7d25bfffdb,split_id,IHARQ-SPLITRECORD-20260806-e4e371d332c61e36,288,False,0.5096117850437947,0.702854020540754,ELIGIBLE
GROUP-55c6045aeb7d25bfffdb,calibration_method_id,__MISSING__,288,False,0.5096117850437947,0.702854020540754,ELIGIBLE
GROUP-d17eb9185c83bb9da7d8,dataset_id,BNCI2014_001,288,False,0.5032573930915665,0.6964266075869826,ELIGIBLE
GROUP-d17eb9185c83bb9da7d8,subject_id,7,288,False,0.5032573930915665,0.6964266075869826,ELIGIBLE
GROUP-d17eb9185c83bb9da7d8,session_id,0train,144,False,0.5038275685611168,0.6969878651134701,ELIGIBLE
GROUP-d17eb9185c83bb9da7d8,session_id,1test,144,False,0.5026872176220162,0.6958653500604951,ELIGIBLE
GROUP-d17eb9185c83bb9da7d8,model_id,SSL-CBRAMOD:CBraMod-HF-Braindecode-GovernedP02-R6Scale1e4:P02S-LLX-R1-A0-BNCI2014_001-SSL-CBRAMOD-256PC-MR01,288,False,0.5032573930915665,0.6964266075869826,ELIGIBLE
GROUP-d17eb9185c83bb9da7d8,branch_id,__MISSING__,288,False,0.5032573930915665,0.6964266075869826,ELIGIBLE
GROUP-d17eb9185c83bb9da7d8,budget_id,P01-L1-LOW-CAL-OFFICIAL-R2:256_PER_CLASS,288,False,0.5032573930915665,0.6964266075869826,ELIGIBLE
GROUP-d17eb9185c83bb9da7d8,split_id,IHARQ-SPLITRECORD-20260806-e4e371d332c61e36,288,False,0.5032573930915665,0.6964266075869826,ELIGIBLE
GROUP-d17eb9185c83bb9da7d8,calibration_method_id,__MISSING__,288,False,0.5032573930915665,0.6964266075869826,ELIGIBLE
GROUP-339557743e96c7221afb,dataset_id,BNCI2014_001,288,False,0.5019681497924446,0.6951851594297676,ELIGIBLE
GROUP-339557743e96c7221afb,subject_id,7,288,False,0.5019681497924446,0.6951851594297676,ELIGIBLE
GROUP-339557743e96c7221afb,session_id,0train,144,False,0.4987607501711675,0.6919312898554157,ELIGIBLE
GROUP-339557743e96c7221afb,session_id,1test,144,False,0.5051755494137217,0.6984390290041192,ELIGIBLE
GROUP-339557743e96c7221afb,model_id,SSL-CBRAMOD:CBraMod-HF-Braindecode-GovernedP02-R6Scale1e4:P02S-LLX-R1-A0-BNCI2014_001-SSL-CBRAMOD-256PC-MR02,288,False,0.5019681497924446,0.6951851594297676,ELIGIBLE
GROUP-339557743e96c7221afb,branch_id,__MISSING__,288,False,0.5019681497924446,0.6951851594297676,ELIGIBLE
GROUP-339557743e96c7221afb,budget_id,P01-L1-LOW-CAL-OFFICIAL-R2:256_PER_CLASS,288,False,0.5019681497924446,0.6951851594297676,ELIGIBLE
GROUP-339557743e96c7221afb,split_id,IHARQ-SPLITRECORD-20260806-e4e371d332c61e36,288,False,0.5019681497924446,0.6951851594297676,ELIGIBLE
GROUP-339557743e96c7221afb,calibration_method_id,__MISSING__,288,False,0.5019681497924446,0.6951851594297676,ELIGIBLE
GROUP-f6bb8f6aff586b83f0c4,dataset_id,BNCI2014_001,288,False,0.5082900862903936,0.7014867062194194,ELIGIBLE
GROUP-f6bb8f6aff586b83f0c4,subject_id,7,288,False,0.5082900862903936,0.7014867062194194,ELIGIBLE
GROUP-f6bb8f6aff586b83f0c4,session_id,0train,144,False,0.5101620993294501,0.7033675288326058,ELIGIBLE
GROUP-f6bb8f6aff586b83f0c4,session_id,1test,144,False,0.5064180732513373,0.699605883606233,ELIGIBLE
GROUP-f6bb8f6aff586b83f0c4,model_id,SSL-CBRAMOD:CBraMod-HF-Braindecode-GovernedP02-R6Scale1e4:P02S-LLX-R1-A0-BNCI2014_001-SSL-CBRAMOD-256PC-MR03,288,False,0.5082900862903936,0.7014867062194194,ELIGIBLE
GROUP-f6bb8f6aff586b83f0c4,branch_id,__MISSING__,288,False,0.5082900862903936,0.7014867062194194,ELIGIBLE
GROUP-f6bb8f6aff586b83f0c4,budget_id,P01-L1-LOW-CAL-OFFICIAL-R2:256_PER_CLASS,288,False,0.5082900862903936,0.7014867062194194,ELIGIBLE
GROUP-f6bb8f6aff586b83f0c4,split_id,IHARQ-SPLITRECORD-20260806-e4e371d332c61e36,288,False,0.5082900862903936,0.7014867062194194,ELIGIBLE
GROUP-f6bb8f6aff586b83f0c4,calibration_method_id,__MISSING__,288,False,0.5082900862903936,0.7014867062194194,ELIGIBLE
GROUP-f82870472fcdd9d93a65,dataset_id,BNCI2014_001,288,False,0.49881637566599857,0.6919630283677578,ELIGIBLE
GROUP-f82870472fcdd9d93a65,subject_id,7,288,False,0.49881637566599857,0.6919630283677578,ELIGIBLE
GROUP-f82870472fcdd9d93a65,session_id,0train,144,False,0.4988643387097605,0.6920115787294047,ELIGIBLE
GROUP-f82870472fcdd9d93a65,session_id,1test,144,False,0.49876841262223653,0.691914478006111,ELIGIBLE
GROUP-f82870472fcdd9d93a65,model_id,SSL-CBRAMOD:CBraMod-HF-Braindecode-GovernedP02-R6Scale1e4:P02S-LLX-R1-A0-BNCI2014_001-SSL-CBRAMOD-256PC-MR04,288,False,0.49881637566599857,0.6919630283677578,ELIGIBLE
GROUP-f82870472fcdd9d93a65,branch_id,__MISSING__,288,False,0.49881637566599857,0.6919630283677578,ELIGIBLE
GROUP-f82870472fcdd9d93a65,budget_id,P01-L1-LOW-CAL-OFFICIAL-R2:256_PER_CLASS,288,False,0.49881637566599857,0.6919630283677578,ELIGIBLE
GROUP-f82870472fcdd9d93a65,split_id,IHARQ-SPLITRECORD-20260806-e4e371d332c61e36,288,False,0.49881637566599857,0.6919630283677578,ELIGIBLE
GROUP-f82870472fcdd9d93a65,calibration_method_id,__MISSING__,288,False,0.49881637566599857,0.6919630283677578,ELIGIBLE
GROUP-baf087f2a08679a7cb4d,dataset_id,BNCI2014_001,288,False,0.5027196948400062,0.6959344398800165,ELIGIBLE
GROUP-baf087f2a08679a7cb4d,subject_id,7,288,False,0.5027196948400062,0.6959344398800165,ELIGIBLE
GROUP-baf087f2a08679a7cb4d,session_id,0train,144,False,0.4943427986136339,0.6875016948814268,ELIGIBLE
GROUP-baf087f2a08679a7cb4d,session_id,1test,144,False,0.5110965910663784,0.7043671848786061,ELIGIBLE
GROUP-baf087f2a08679a7cb4d,model_id,SSL-CBRAMOD:CBraMod-HF-Braindecode-GovernedP02-R6Scale1e4:P02S-LLX-R1-A0-BNCI2014_001-SSL-CBRAMOD-64PC-MR00,288,False,0.5027196948400062,0.6959344398800165,ELIGIBLE
GROUP-baf087f2a08679a7cb4d,branch_id,__MISSING__,288,False,0.5027196948400062,0.6959344398800165,ELIGIBLE
GROUP-baf087f2a08679a7cb4d,budget_id,P01-L1-LOW-CAL-OFFICIAL-R2:64_PER_CLASS,288,False,0.5027196948400062,0.6959344398800165,ELIGIBLE
GROUP-baf087f2a08679a7cb4d,split_id,IHARQ-SPLITRECORD-20260806-e4e371d332c61e36,288,False,0.5027196948400062,0.6959344398800165,ELIGIBLE
GROUP-baf087f2a08679a7cb4d,calibration_method_id,__MISSING__,288,False,0.5027196948400062,0.6959344398800165,ELIGIBLE
GROUP-a99017d28795296da1e9,dataset_id,BNCI2014_001,288,False,0.5048777665152125,0.6981073600424446,ELIGIBLE
GROUP-a99017d28795296da1e9,subject_id,7,288,False,0.5048777665152125,0.6981073600424446,ELIGIBLE
GROUP-a99017d28795296da1e9,session_id,0train,144,False,0.49984413827160484,0.6930122557231614,ELIGIBLE
GROUP-a99017d28795296da1e9,session_id,1test,144,False,0.5099113947588203,0.7032024643617275,ELIGIBLE
GROUP-a99017d28795296da1e9,model_id,SSL-CBRAMOD:CBraMod-HF-Braindecode-GovernedP02-R6Scale1e4:P02S-LLX-R1-A0-BNCI2014_001-SSL-CBRAMOD-64PC-MR01,288,False,0.5048777665152125,0.6981073600424446,ELIGIBLE
GROUP-a99017d28795296da1e9,branch_id,__MISSING__,288,False,0.5048777665152125,0.6981073600424446,ELIGIBLE
GROUP-a99017d28795296da1e9,budget_id,P01-L1-LOW-CAL-OFFICIAL-R2:64_PER_CLASS,288,False,0.5048777665152125,0.6981073600424446,ELIGIBLE
GROUP-a99017d28795296da1e9,split_id,IHARQ-SPLITRECORD-20260806-e4e371d332c61e36,288,False,0.5048777665152125,0.6981073600424446,ELIGIBLE
GROUP-a99017d28795296da1e9,calibration_method_id,__MISSING__,288,False,0.5048777665152125,0.6981073600424446,ELIGIBLE
GROUP-f29e014df1446f41c247,dataset_id,BNCI2014_001,288,False,0.5028336579492331,0.6962634589409737,ELIGIBLE
GROUP-f29e014df1446f41c247,subject_id,7,288,False,0.5028336579492331,0.6962634589409737,ELIGIBLE
GROUP-f29e014df1446f41c247,session_id,0train,144,False,0.4945153182435772,0.6877290839681868,ELIGIBLE
GROUP-f29e014df1446f41c247,session_id,1test,144,False,0.511151997654889,0.7047978339137608,ELIGIBLE
GROUP-f29e014df1446f41c247,model_id,SSL-CBRAMOD:CBraMod-HF-Braindecode-GovernedP02-R6Scale1e4:P02S-LLX-R1-A0-BNCI2014_001-SSL-CBRAMOD-64PC-MR02,288,False,0.5028336579492331,0.6962634589409737,ELIGIBLE
GROUP-f29e014df1446f41c247,branch_id,__MISSING__,288,False,0.5028336579492331,0.6962634589409737,ELIGIBLE
GROUP-f29e014df1446f41c247,budget_id,P01-L1-LOW-CAL-OFFICIAL-R2:64_PER_CLASS,288,False,0.5028336579492331,0.6962634589409737,ELIGIBLE
GROUP-f29e014df1446f41c247,split_id,IHARQ-SPLITRECORD-20260806-e4e371d332c61e36,288,False,0.5028336579492331,0.6962634589409737,ELIGIBLE
GROUP-f29e014df1446f41c247,calibration_method_id,__MISSING__,288,False,0.5028336579492331,0.6962634589409737,ELIGIBLE
GROUP-fcb5e3d925e35cfe9d06,dataset_id,BNCI2014_001,288,False,0.5048791880827588,0.6980720326255658,ELIGIBLE
GROUP-fcb5e3d925e35cfe9d06,subject_id,7,288,False,0.5048791880827588,0.6980720326255658,ELIGIBLE
GROUP-fcb5e3d925e35cfe9d06,session_id,0train,144,False,0.5024535076739638,0.6956405403797414,ELIGIBLE
GROUP-fcb5e3d925e35cfe9d06,session_id,1test,144,False,0.507304868491554,0.7005035248713903,ELIGIBLE
GROUP-fcb5e3d925e35cfe9d06,model_id,SSL-CBRAMOD:CBraMod-HF-Braindecode-GovernedP02-R6Scale1e4:P02S-LLX-R1-A0-BNCI2014_001-SSL-CBRAMOD-64PC-MR03,288,False,0.5048791880827588,0.6980720326255658,ELIGIBLE
GROUP-fcb5e3d925e35cfe9d06,branch_id,__MISSING__,288,False,0.5048791880827588,0.6980720326255658,ELIGIBLE
GROUP-fcb5e3d925e35cfe9d06,budget_id,P01-L1-LOW-CAL-OFFICIAL-R2:64_PER_CLASS,288,False,0.5048791880827588,0.6980720326255658,ELIGIBLE
GROUP-fcb5e3d925e35cfe9d06,split_id,IHARQ-SPLITRECORD-20260806-e4e371d332c61e36,288,False,0.5048791880827588,0.6980720326255658,ELIGIBLE
GROUP-fcb5e3d925e35cfe9d06,calibration_method_id,__MISSING__,288,False,0.5048791880827588,0.6980720326255658,ELIGIBLE
GROUP-625274b4f4a58cb63d1c,dataset_id,BNCI2014_001,288,False,0.5096831267874044,0.7035126258371657,ELIGIBLE
GROUP-625274b4f4a58cb63d1c,subject_id,7,288,False,0.5096831267874044,0.7035126258371657,ELIGIBLE
GROUP-625274b4f4a58cb63d1c,session_id,0train,144,False,0.49868277684645623,0.6917781033077937,ELIGIBLE
GROUP-625274b4f4a58cb63d1c,session_id,1test,144,False,0.5206834767283525,0.7152471483665378,ELIGIBLE
GROUP-625274b4f4a58cb63d1c,model_id,SSL-CBRAMOD:CBraMod-HF-Braindecode-GovernedP02-R6Scale1e4:P02S-LLX-R1-A0-BNCI2014_001-SSL-CBRAMOD-64PC-MR04,288,False,0.5096831267874044,0.7035126258371657,ELIGIBLE
GROUP-625274b4f4a58cb63d1c,branch_id,__MISSING__,288,False,0.5096831267874044,0.7035126258371657,ELIGIBLE
GROUP-625274b4f4a58cb63d1c,budget_id,P01-L1-LOW-CAL-OFFICIAL-R2:64_PER_CLASS,288,False,0.5096831267874044,0.7035126258371657,ELIGIBLE
GROUP-625274b4f4a58cb63d1c,split_id,IHARQ-SPLITRECORD-20260806-e4e371d332c61e36,288,False,0.5096831267874044,0.7035126258371657,ELIGIBLE
GROUP-625274b4f4a58cb63d1c,calibration_method_id,__MISSING__,288,False,0.5096831267874044,0.7035126258371657,ELIGIBLE
GROUP-cf3f1f5e3c46f5bf46c3,dataset_id,Lee2019_MI,600,False,0.48023083479013623,0.673269990120135,ELIGIBLE
GROUP-cf3f1f5e3c46f5bf46c3,subject_id,15,100,False,0.5198721536977753,0.7131570598841753,ELIGIBLE
GROUP-cf3f1f5e3c46f5bf46c3,subject_id,19,100,False,0.4824783345611685,0.6754286448951652,ELIGIBLE
GROUP-cf3f1f5e3c46f5bf46c3,subject_id,3,100,False,0.46804628459409975,0.6609968338365378,ELIGIBLE
GROUP-cf3f1f5e3c46f5bf46c3,subject_id,30,100,False,0.5254444196108524,0.7191750885485232,ELIGIBLE
GROUP-cf3f1f5e3c46f5bf46c3,subject_id,36,100,False,0.37247371510865585,0.564429716762803,ELIGIBLE
GROUP-cf3f1f5e3c46f5bf46c3,subject_id,6,100,False,0.5130701011682653,0.7064325967936057,ELIGIBLE
GROUP-cf3f1f5e3c46f5bf46c3,session_id,1,600,False,0.48023083479013623,0.673269990120135,ELIGIBLE
GROUP-cf3f1f5e3c46f5bf46c3,model_id,CLS-CSP-LDA:CLS-CSP-LDA:P02S-LLX-R1-A0-Lee2019_MI-CLS-CSP-LDA-128PC-MR00,600,False,0.48023083479013623,0.673269990120135,ELIGIBLE
GROUP-cf3f1f5e3c46f5bf46c3,branch_id,__MISSING__,600,False,0.48023083479013623,0.673269990120135,ELIGIBLE
GROUP-cf3f1f5e3c46f5bf46c3,budget_id,P01-L1-LOW-CAL-OFFICIAL-R2:128_PER_CLASS,600,False,0.48023083479013623,0.673269990120135,ELIGIBLE
GROUP-cf3f1f5e3c46f5bf46c3,split_id,IHARQ-SPLITRECORD-20260806-e4e371d332c61e36,600,False,0.48023083479013623,0.673269990120135,ELIGIBLE
GROUP-cf3f1f5e3c46f5bf46c3,calibration_method_id,__MISSING__,600,False,0.48023083479013623,0.673269990120135,ELIGIBLE
GROUP-edba2bb5d2f7a288302f,dataset_id,Lee2019_MI,600,False,0.46797132008059644,0.661538394608854,ELIGIBLE
GROUP-edba2bb5d2f7a288302f,subject_id,15,100,False,0.5935930966614403,0.7973370574454097,ELIGIBLE
GROUP-edba2bb5d2f7a288302f,subject_id,19,100,False,0.4593696446075623,0.6520075126953379,ELIGIBLE
GROUP-edba2bb5d2f7a288302f,subject_id,3,100,False,0.41924638043211315,0.6093626004442771,ELIGIBLE
GROUP-edba2bb5d2f7a288302f,subject_id,30,100,False,0.48493747478816884,0.6774794338372101,ELIGIBLE
GROUP-edba2bb5d2f7a288302f,subject_id,36,100,False,0.32540301393346865,0.5132911254746777,ELIGIBLE
GROUP-edba2bb5d2f7a288302f,subject_id,6,100,False,0.5252783100608254,0.7197526377562115,ELIGIBLE
GROUP-edba2bb5d2f7a288302f,session_id,1,600,False,0.46797132008059644,0.661538394608854,ELIGIBLE
GROUP-edba2bb5d2f7a288302f,model_id,CLS-CSP-LDA:CLS-CSP-LDA:P02S-LLX-R1-A0-Lee2019_MI-CLS-CSP-LDA-256PC-MR00,600,False,0.46797132008059644,0.661538394608854,ELIGIBLE
GROUP-edba2bb5d2f7a288302f,branch_id,__MISSING__,600,False,0.46797132008059644,0.661538394608854,ELIGIBLE
GROUP-edba2bb5d2f7a288302f,budget_id,P01-L1-LOW-CAL-OFFICIAL-R2:256_PER_CLASS,600,False,0.46797132008059644,0.661538394608854,ELIGIBLE
GROUP-edba2bb5d2f7a288302f,split_id,IHARQ-SPLITRECORD-20260806-e4e371d332c61e36,600,False,0.46797132008059644,0.661538394608854,ELIGIBLE
GROUP-edba2bb5d2f7a288302f,calibration_method_id,__MISSING__,600,False,0.46797132008059644,0.661538394608854,ELIGIBLE
GROUP-133235e673377343f4cb,dataset_id,Lee2019_MI,600,False,0.5003594095561161,0.6935081637526278,ELIGIBLE
GROUP-133235e673377343f4cb,subject_id,15,100,False,0.4980984589800003,0.6912453010271498,ELIGIBLE
GROUP-133235e673377343f4cb,subject_id,19,100,False,0.4997790541569471,0.6929262316546401,ELIGIBLE
GROUP-133235e673377343f4cb,subject_id,3,100,False,0.4999275458732144,0.6930834077038379,ELIGIBLE
GROUP-133235e673377343f4cb,subject_id,30,100,False,0.49982868752888626,0.6929759392226913,ELIGIBLE
GROUP-133235e673377343f4cb,subject_id,36,100,False,0.5044183551715321,0.69756657352381,ELIGIBLE
GROUP-133235e673377343f4cb,subject_id,6,100,False,0.5001043556261167,0.6932515293836384,ELIGIBLE
GROUP-133235e673377343f4cb,session_id,1,600,False,0.5003594095561161,0.6935081637526278,ELIGIBLE
GROUP-133235e673377343f4cb,model_id,CLS-CSP-LDA:CLS-CSP-LDA:P02S-LLX-R1-A0-Lee2019_MI-CLS-CSP-LDA-64PC-MR00,600,False,0.5003594095561161,0.6935081637526278,ELIGIBLE
GROUP-133235e673377343f4cb,branch_id,__MISSING__,600,False,0.5003594095561161,0.6935081637526278,ELIGIBLE
GROUP-133235e673377343f4cb,budget_id,P01-L1-LOW-CAL-OFFICIAL-R2:64_PER_CLASS,600,False,0.5003594095561161,0.6935081637526278,ELIGIBLE
GROUP-133235e673377343f4cb,split_id,IHARQ-SPLITRECORD-20260806-e4e371d332c61e36,600,False,0.5003594095561161,0.6935081637526278,ELIGIBLE
GROUP-133235e673377343f4cb,calibration_method_id,__MISSING__,600,False,0.5003594095561161,0.6935081637526278,ELIGIBLE
GROUP-f18cb861becd04a09ed7,dataset_id,Lee2019_MI,600,False,0.47114097586598536,0.6601184607128581,ELIGIBLE
GROUP-f18cb861becd04a09ed7,subject_id,15,100,False,0.5377609766145853,0.7333798019688986,ELIGIBLE
GROUP-f18cb861becd04a09ed7,subject_id,19,100,False,0.45170674410874445,0.6434190182160452,ELIGIBLE
GROUP-f18cb861becd04a09ed7,subject_id,3,100,False,0.35444167127544135,0.5311762846086886,ELIGIBLE
GROUP-f18cb861becd04a09ed7,subject_id,30,100,False,0.5561243372957921,0.753958637402374,ELIGIBLE
GROUP-f18cb861becd04a09ed7,subject_id,36,100,False,0.46069334976444354,0.6401779079679335,ELIGIBLE
GROUP-f18cb861becd04a09ed7,subject_id,6,100,False,0.46611877613690517,0.6585991141132085,ELIGIBLE
GROUP-f18cb861becd04a09ed7,session_id,1,600,False,0.47114097586598536,0.6601184607128581,ELIGIBLE
GROUP-f18cb861becd04a09ed7,model_id,DNN-EEGNET:EEGNet-R7-LAWHERN-SMR-P01-160HZ:P02S-LLX-R1-A0-Lee2019_MI-DNN-EEGNET-128PC-MR00,600,False,0.47114097586598536,0.6601184607128581,ELIGIBLE
GROUP-f18cb861becd04a09ed7,branch_id,__MISSING__,600,False,0.47114097586598536,0.6601184607128581,ELIGIBLE
GROUP-f18cb861becd04a09ed7,budget_id,P01-L1-LOW-CAL-OFFICIAL-R2:128_PER_CLASS,600,False,0.47114097586598536,0.6601184607128581,ELIGIBLE
GROUP-f18cb861becd04a09ed7,split_id,IHARQ-SPLITRECORD-20260806-e4e371d332c61e36,600,False,0.47114097586598536,0.6601184607128581,ELIGIBLE
GROUP-f18cb861becd04a09ed7,calibration_method_id,__MISSING__,600,False,0.47114097586598536,0.6601184607128581,ELIGIBLE
GROUP-4aadebf0c893154d7da4,dataset_id,Lee2019_MI,600,False,0.49176845108913747,0.6856596713092499,ELIGIBLE
GROUP-4aadebf0c893154d7da4,subject_id,15,100,False,0.5980653729407299,0.7966478501418647,ELIGIBLE
GROUP-4aadebf0c893154d7da4,subject_id,19,100,False,0.4620639358534795,0.6538467467313412,ELIGIBLE
GROUP-4aadebf0c893154d7da4,subject_id,3,100,False,0.3760136657847436,0.5630382038615377,ELIGIBLE
GROUP-4aadebf0c893154d7da4,subject_id,30,100,False,0.6015091379267332,0.8037908280914423,ELIGIBLE
GROUP-4aadebf0c893154d7da4,subject_id,36,100,False,0.4146653652352449,0.6050359095621105,ELIGIBLE
GROUP-4aadebf0c893154d7da4,subject_id,6,100,False,0.49829322879389354,0.6915984894672026,ELIGIBLE
GROUP-4aadebf0c893154d7da4,session_id,1,600,False,0.49176845108913747,0.6856596713092499,ELIGIBLE
GROUP-4aadebf0c893154d7da4,model_id,DNN-EEGNET:EEGNet-R7-LAWHERN-SMR-P01-160HZ:P02S-LLX-R1-A0-Lee2019_MI-DNN-EEGNET-128PC-MR01,600,False,0.49176845108913747,0.6856596713092499,ELIGIBLE
GROUP-4aadebf0c893154d7da4,branch_id,__MISSING__,600,False,0.49176845108913747,0.6856596713092499,ELIGIBLE
GROUP-4aadebf0c893154d7da4,budget_id,P01-L1-LOW-CAL-OFFICIAL-R2:128_PER_CLASS,600,False,0.49176845108913747,0.6856596713092499,ELIGIBLE
GROUP-4aadebf0c893154d7da4,split_id,IHARQ-SPLITRECORD-20260806-e4e371d332c61e36,600,False,0.49176845108913747,0.6856596713092499,ELIGIBLE
GROUP-4aadebf0c893154d7da4,calibration_method_id,__MISSING__,600,False,0.49176845108913747,0.6856596713092499,ELIGIBLE
GROUP-4e2788620ea36acf96c7,dataset_id,Lee2019_MI,600,False,0.5060321183331382,0.7016628460207515,ELIGIBLE
GROUP-4e2788620ea36acf96c7,subject_id,15,100,False,0.5276176528165758,0.7214378034019798,ELIGIBLE
GROUP-4e2788620ea36acf96c7,subject_id,19,100,False,0.48507825010403816,0.6801107279469251,ELIGIBLE
GROUP-4e2788620ea36acf96c7,subject_id,3,100,False,0.42134928236503294,0.6125841272014706,ELIGIBLE
GROUP-4e2788620ea36acf96c7,subject_id,30,100,False,0.5776985926441534,0.7775141505329561,ELIGIBLE
GROUP-4e2788620ea36acf96c7,subject_id,36,100,False,0.5431290207353876,0.7426766910498195,ELIGIBLE
GROUP-4e2788620ea36acf96c7,subject_id,6,100,False,0.48131991133364166,0.6756535759913581,ELIGIBLE
GROUP-4e2788620ea36acf96c7,session_id,1,600,False,0.5060321183331382,0.7016628460207515,ELIGIBLE
GROUP-4e2788620ea36acf96c7,model_id,DNN-EEGNET:EEGNet-R7-LAWHERN-SMR-P01-160HZ:P02S-LLX-R1-A0-Lee2019_MI-DNN-EEGNET-128PC-MR02,600,False,0.5060321183331382,0.7016628460207515,ELIGIBLE
GROUP-4e2788620ea36acf96c7,branch_id,__MISSING__,600,False,0.5060321183331382,0.7016628460207515,ELIGIBLE
GROUP-4e2788620ea36acf96c7,budget_id,P01-L1-LOW-CAL-OFFICIAL-R2:128_PER_CLASS,600,False,0.5060321183331382,0.7016628460207515,ELIGIBLE
GROUP-4e2788620ea36acf96c7,split_id,IHARQ-SPLITRECORD-20260806-e4e371d332c61e36,600,False,0.5060321183331382,0.7016628460207515,ELIGIBLE
GROUP-4e2788620ea36acf96c7,calibration_method_id,__MISSING__,600,False,0.5060321183331382,0.7016628460207515,ELIGIBLE
GROUP-d7e8c7c812a14d98275e,dataset_id,Lee2019_MI,600,False,0.533292462095194,0.7365091718643546,ELIGIBLE
GROUP-d7e8c7c812a14d98275e,subject_id,15,100,False,0.6422127459298165,0.8549132068225633,ELIGIBLE
GROUP-d7e8c7c812a14d98275e,subject_id,19,100,False,0.519861268480972,0.7209532550848675,ELIGIBLE
GROUP-d7e8c7c812a14d98275e,subject_id,3,100,False,0.4377964103123123,0.6304024658353582,ELIGIBLE
GROUP-d7e8c7c812a14d98275e,subject_id,30,100,False,0.5864375286861524,0.7969709009425864,ELIGIBLE
GROUP-d7e8c7c812a14d98275e,subject_id,36,100,False,0.5188611075860019,0.7219388349168493,ELIGIBLE
GROUP-d7e8c7c812a14d98275e,subject_id,6,100,False,0.4945857115759081,0.6938763675839021,ELIGIBLE
GROUP-d7e8c7c812a14d98275e,session_id,1,600,False,0.533292462095194,0.7365091718643546,ELIGIBLE
GROUP-d7e8c7c812a14d98275e,model_id,DNN-EEGNET:EEGNet-R7-LAWHERN-SMR-P01-160HZ:P02S-LLX-R1-A0-Lee2019_MI-DNN-EEGNET-128PC-MR03,600,False,0.533292462095194,0.7365091718643546,ELIGIBLE
GROUP-d7e8c7c812a14d98275e,branch_id,__MISSING__,600,False,0.533292462095194,0.7365091718643546,ELIGIBLE
GROUP-d7e8c7c812a14d98275e,budget_id,P01-L1-LOW-CAL-OFFICIAL-R2:128_PER_CLASS,600,False,0.533292462095194,0.7365091718643546,ELIGIBLE
GROUP-d7e8c7c812a14d98275e,split_id,IHARQ-SPLITRECORD-20260806-e4e371d332c61e36,600,False,0.533292462095194,0.7365091718643546,ELIGIBLE
GROUP-d7e8c7c812a14d98275e,calibration_method_id,__MISSING__,600,False,0.533292462095194,0.7365091718643546,ELIGIBLE
GROUP-572fec6191cec565df11,dataset_id,Lee2019_MI,600,False,0.4960546248422217,0.6902457239302072,ELIGIBLE
GROUP-572fec6191cec565df11,subject_id,15,100,False,0.5277722378663658,0.7265320568064559,ELIGIBLE
GROUP-572fec6191cec565df11,subject_id,19,100,False,0.5062269931565896,0.7010578000371233,ELIGIBLE
GROUP-572fec6191cec565df11,subject_id,3,100,False,0.3930565568799044,0.5795505396953688,ELIGIBLE
GROUP-572fec6191cec565df11,subject_id,30,100,False,0.5721213577852319,0.771088474663602,ELIGIBLE
GROUP-572fec6191cec565df11,subject_id,36,100,False,0.5420189419464787,0.73870741609634,ELIGIBLE
GROUP-572fec6191cec565df11,subject_id,6,100,False,0.43513166141876014,0.6245380562823528,ELIGIBLE
GROUP-572fec6191cec565df11,session_id,1,600,False,0.4960546248422217,0.6902457239302072,ELIGIBLE
GROUP-572fec6191cec565df11,model_id,DNN-EEGNET:EEGNet-R7-LAWHERN-SMR-P01-160HZ:P02S-LLX-R1-A0-Lee2019_MI-DNN-EEGNET-128PC-MR04,600,False,0.4960546248422217,0.6902457239302072,ELIGIBLE
GROUP-572fec6191cec565df11,branch_id,__MISSING__,600,False,0.4960546248422217,0.6902457239302072,ELIGIBLE
GROUP-572fec6191cec565df11,budget_id,P01-L1-LOW-CAL-OFFICIAL-R2:128_PER_CLASS,600,False,0.4960546248422217,0.6902457239302072,ELIGIBLE
GROUP-572fec6191cec565df11,split_id,IHARQ-SPLITRECORD-20260806-e4e371d332c61e36,600,False,0.4960546248422217,0.6902457239302072,ELIGIBLE
GROUP-572fec6191cec565df11,calibration_method_id,__MISSING__,600,False,0.4960546248422217,0.6902457239302072,ELIGIBLE
GROUP-35a1ffcdafbd81704c17,dataset_id,Lee2019_MI,600,False,0.44528456884835643,0.6348685548181531,ELIGIBLE
GROUP-35a1ffcdafbd81704c17,subject_id,15,100,False,0.6701803116519308,0.906442369049709,ELIGIBLE
GROUP-35a1ffcdafbd81704c17,subject_id,19,100,False,0.37190520647258907,0.5482561940487409,ELIGIBLE
GROUP-35a1ffcdafbd81704c17,subject_id,3,100,False,0.3963985116461945,0.5865029092952887,ELIGIBLE
GROUP-35a1ffcdafbd81704c17,subject_id,30,100,False,0.5782581208600786,0.780339043336003,ELIGIBLE
GROUP-35a1ffcdafbd81704c17,subject_id,36,100,False,0.253836163373801,0.3978045114856681,ELIGIBLE
GROUP-35a1ffcdafbd81704c17,subject_id,6,100,False,0.4011290990855446,0.5898663016935088,ELIGIBLE
GROUP-35a1ffcdafbd81704c17,session_id,1,600,False,0.44528456884835643,0.6348685548181531,ELIGIBLE
GROUP-35a1ffcdafbd81704c17,model_id,DNN-EEGNET:EEGNet-R7-LAWHERN-SMR-P01-160HZ:P02S-LLX-R1-A0-Lee2019_MI-DNN-EEGNET-256PC-MR00,600,False,0.44528456884835643,0.6348685548181531,ELIGIBLE
GROUP-35a1ffcdafbd81704c17,branch_id,__MISSING__,600,False,0.44528456884835643,0.6348685548181531,ELIGIBLE
GROUP-35a1ffcdafbd81704c17,budget_id,P01-L1-LOW-CAL-OFFICIAL-R2:256_PER_CLASS,600,False,0.44528456884835643,0.6348685548181531,ELIGIBLE
GROUP-35a1ffcdafbd81704c17,split_id,IHARQ-SPLITRECORD-20260806-e4e371d332c61e36,600,False,0.44528456884835643,0.6348685548181531,ELIGIBLE
GROUP-35a1ffcdafbd81704c17,calibration_method_id,__MISSING__,600,False,0.44528456884835643,0.6348685548181531,ELIGIBLE
GROUP-38a1b60ef54f0a8fdd9c,dataset_id,Lee2019_MI,600,False,0.47161074565937733,0.6784356395341969,ELIGIBLE
GROUP-38a1b60ef54f0a8fdd9c,subject_id,15,100,False,0.5832837749053026,0.8146651377657284,ELIGIBLE
GROUP-38a1b60ef54f0a8fdd9c,subject_id,19,100,False,0.4060718616000637,0.5885488193571785,ELIGIBLE
GROUP-38a1b60ef54f0a8fdd9c,subject_id,3,100,False,0.4537646531670678,0.6650711106068704,ELIGIBLE
GROUP-38a1b60ef54f0a8fdd9c,subject_id,30,100,False,0.7309974509942879,1.020212915790107,ELIGIBLE
GROUP-38a1b60ef54f0a8fdd9c,subject_id,36,100,False,0.2678647054576001,0.4270255520187367,ELIGIBLE
GROUP-38a1b60ef54f0a8fdd9c,subject_id,6,100,False,0.3876820278319423,0.5550903016665604,ELIGIBLE
GROUP-38a1b60ef54f0a8fdd9c,session_id,1,600,False,0.47161074565937733,0.6784356395341969,ELIGIBLE
GROUP-38a1b60ef54f0a8fdd9c,model_id,DNN-EEGNET:EEGNet-R7-LAWHERN-SMR-P01-160HZ:P02S-LLX-R1-A0-Lee2019_MI-DNN-EEGNET-256PC-MR01,600,False,0.47161074565937733,0.6784356395341969,ELIGIBLE
GROUP-38a1b60ef54f0a8fdd9c,branch_id,__MISSING__,600,False,0.47161074565937733,0.6784356395341969,ELIGIBLE
GROUP-38a1b60ef54f0a8fdd9c,budget_id,P01-L1-LOW-CAL-OFFICIAL-R2:256_PER_CLASS,600,False,0.47161074565937733,0.6784356395341969,ELIGIBLE
GROUP-38a1b60ef54f0a8fdd9c,split_id,IHARQ-SPLITRECORD-20260806-e4e371d332c61e36,600,False,0.47161074565937733,0.6784356395341969,ELIGIBLE
GROUP-38a1b60ef54f0a8fdd9c,calibration_method_id,__MISSING__,600,False,0.47161074565937733,0.6784356395341969,ELIGIBLE
GROUP-dce2c04f56067c5ae9e0,dataset_id,Lee2019_MI,600,False,0.36439707215387984,0.544878021988081,ELIGIBLE
GROUP-dce2c04f56067c5ae9e0,subject_id,15,100,False,0.5344492636103396,0.747192082715115,ELIGIBLE
GROUP-dce2c04f56067c5ae9e0,subject_id,19,100,False,0.3838076667819063,0.5683478499115602,ELIGIBLE
GROUP-dce2c04f56067c5ae9e0,subject_id,3,100,False,0.28611952298979537,0.45353761742872656,ELIGIBLE
GROUP-dce2c04f56067c5ae9e0,subject_id,30,100,False,0.5061709332199916,0.7052264589332057,ELIGIBLE
GROUP-dce2c04f56067c5ae9e0,subject_id,36,100,False,0.17348149990180672,0.3224749372848133,ELIGIBLE
GROUP-dce2c04f56067c5ae9e0,subject_id,6,100,False,0.30235354641943957,0.47248918565506515,ELIGIBLE
GROUP-dce2c04f56067c5ae9e0,session_id,1,600,False,0.36439707215387984,0.544878021988081,ELIGIBLE
GROUP-dce2c04f56067c5ae9e0,model_id,DNN-EEGNET:EEGNet-R7-LAWHERN-SMR-P01-160HZ:P02S-LLX-R1-A0-Lee2019_MI-DNN-EEGNET-256PC-MR02,600,False,0.36439707215387984,0.544878021988081,ELIGIBLE
GROUP-dce2c04f56067c5ae9e0,branch_id,__MISSING__,600,False,0.36439707215387984,0.544878021988081,ELIGIBLE
GROUP-dce2c04f56067c5ae9e0,budget_id,P01-L1-LOW-CAL-OFFICIAL-R2:256_PER_CLASS,600,False,0.36439707215387984,0.544878021988081,ELIGIBLE
GROUP-dce2c04f56067c5ae9e0,split_id,IHARQ-SPLITRECORD-20260806-e4e371d332c61e36,600,False,0.36439707215387984,0.544878021988081,ELIGIBLE
GROUP-dce2c04f56067c5ae9e0,calibration_method_id,__MISSING__,600,False,0.36439707215387984,0.544878021988081,ELIGIBLE
GROUP-dc4d0756270024f8ef48,dataset_id,Lee2019_MI,600,False,0.43176619893967616,0.622223277475307,ELIGIBLE
GROUP-dc4d0756270024f8ef48,subject_id,15,100,False,0.6871052196180497,0.9547258833426858,ELIGIBLE
GROUP-dc4d0756270024f8ef48,subject_id,19,100,False,0.356549735599791,0.5333050165114166,ELIGIBLE
GROUP-dc4d0756270024f8ef48,subject_id,3,100,False,0.2997626102102381,0.46339999166234236,ELIGIBLE
GROUP-dc4d0756270024f8ef48,subject_id,30,100,False,0.49421068081112596,0.6898013585721111,ELIGIBLE
GROUP-dc4d0756270024f8ef48,subject_id,36,100,False,0.44069316807282954,0.6106401544952206,ELIGIBLE
GROUP-dc4d0756270024f8ef48,subject_id,6,100,False,0.3122757793260227,0.48146726026806574,ELIGIBLE
GROUP-dc4d0756270024f8ef48,session_id,1,600,False,0.43176619893967616,0.622223277475307,ELIGIBLE
GROUP-dc4d0756270024f8ef48,model_id,DNN-EEGNET:EEGNet-R7-LAWHERN-SMR-P01-160HZ:P02S-LLX-R1-A0-Lee2019_MI-DNN-EEGNET-256PC-MR03,600,False,0.43176619893967616,0.622223277475307,ELIGIBLE
GROUP-dc4d0756270024f8ef48,branch_id,__MISSING__,600,False,0.43176619893967616,0.622223277475307,ELIGIBLE
GROUP-dc4d0756270024f8ef48,budget_id,P01-L1-LOW-CAL-OFFICIAL-R2:256_PER_CLASS,600,False,0.43176619893967616,0.622223277475307,ELIGIBLE
GROUP-dc4d0756270024f8ef48,split_id,IHARQ-SPLITRECORD-20260806-e4e371d332c61e36,600,False,0.43176619893967616,0.622223277475307,ELIGIBLE
GROUP-dc4d0756270024f8ef48,calibration_method_id,__MISSING__,600,False,0.43176619893967616,0.622223277475307,ELIGIBLE
GROUP-fd4264e050a31c0a73bd,dataset_id,Lee2019_MI,600,False,0.47767543496848325,0.6726774288367754,ELIGIBLE
GROUP-fd4264e050a31c0a73bd,subject_id,15,100,False,0.4987331142845934,0.6939296418371689,ELIGIBLE
GROUP-fd4264e050a31c0a73bd,subject_id,19,100,False,0.4455224262025581,0.6314151167666074,ELIGIBLE
GROUP-fd4264e050a31c0a73bd,subject_id,3,100,False,0.3849997146175327,0.5777944156775296,ELIGIBLE
GROUP-fd4264e050a31c0a73bd,subject_id,30,100,False,0.5817262980736035,0.7977610430262798,ELIGIBLE
GROUP-fd4264e050a31c0a73bd,subject_id,36,100,False,0.4789799048639259,0.664419792138178,ELIGIBLE
GROUP-fd4264e050a31c0a73bd,subject_id,6,100,False,0.4760911517686858,0.6707445635748881,ELIGIBLE
GROUP-fd4264e050a31c0a73bd,session_id,1,600,False,0.47767543496848325,0.6726774288367754,ELIGIBLE
GROUP-fd4264e050a31c0a73bd,model_id,DNN-EEGNET:EEGNet-R7-LAWHERN-SMR-P01-160HZ:P02S-LLX-R1-A0-Lee2019_MI-DNN-EEGNET-256PC-MR04,600,False,0.47767543496848325,0.6726774288367754,ELIGIBLE
GROUP-fd4264e050a31c0a73bd,branch_id,__MISSING__,600,False,0.47767543496848325,0.6726774288367754,ELIGIBLE
GROUP-fd4264e050a31c0a73bd,budget_id,P01-L1-LOW-CAL-OFFICIAL-R2:256_PER_CLASS,600,False,0.47767543496848325,0.6726774288367754,ELIGIBLE
GROUP-fd4264e050a31c0a73bd,split_id,IHARQ-SPLITRECORD-20260806-e4e371d332c61e36,600,False,0.47767543496848325,0.6726774288367754,ELIGIBLE
GROUP-fd4264e050a31c0a73bd,calibration_method_id,__MISSING__,600,False,0.47767543496848325,0.6726774288367754,ELIGIBLE
GROUP-3bd406b1db9b00d6a7d8,dataset_id,Lee2019_MI,600,False,0.5109517715816577,0.7073455460570016,ELIGIBLE
GROUP-3bd406b1db9b00d6a7d8,subject_id,15,100,False,0.5451365027687303,0.7430041672358201,ELIGIBLE
GROUP-3bd406b1db9b00d6a7d8,subject_id,19,100,False,0.5443707248239451,0.7433580638877586,ELIGIBLE
GROUP-3bd406b1db9b00d6a7d8,subject_id,3,100,False,0.48146714380936445,0.6734801223432809,ELIGIBLE
GROUP-3bd406b1db9b00d6a7d8,subject_id,30,100,False,0.5615403863293826,0.765821874249084,ELIGIBLE
GROUP-3bd406b1db9b00d6a7d8,subject_id,36,100,False,0.4841654864308844,0.6777223055729987,ELIGIBLE
GROUP-3bd406b1db9b00d6a7d8,subject_id,6,100,False,0.44903038532763895,0.6406867430530668,ELIGIBLE
GROUP-3bd406b1db9b00d6a7d8,session_id,1,600,False,0.5109517715816577,0.7073455460570016,ELIGIBLE
GROUP-3bd406b1db9b00d6a7d8,model_id,DNN-EEGNET:EEGNet-R7-LAWHERN-SMR-P01-160HZ:P02S-LLX-R1-A0-Lee2019_MI-DNN-EEGNET-64PC-MR00,600,False,0.5109517715816577,0.7073455460570016,ELIGIBLE
GROUP-3bd406b1db9b00d6a7d8,branch_id,__MISSING__,600,False,0.5109517715816577,0.7073455460570016,ELIGIBLE
GROUP-3bd406b1db9b00d6a7d8,budget_id,P01-L1-LOW-CAL-OFFICIAL-R2:64_PER_CLASS,600,False,0.5109517715816577,0.7073455460570016,ELIGIBLE
GROUP-3bd406b1db9b00d6a7d8,split_id,IHARQ-SPLITRECORD-20260806-e4e371d332c61e36,600,False,0.5109517715816577,0.7073455460570016,ELIGIBLE
GROUP-3bd406b1db9b00d6a7d8,calibration_method_id,__MISSING__,600,False,0.5109517715816577,0.7073455460570016,ELIGIBLE
GROUP-1e59d5aa1ac4e4853836,dataset_id,Lee2019_MI,600,False,0.49020654981630896,0.6833089828682527,ELIGIBLE
GROUP-1e59d5aa1ac4e4853836,subject_id,15,100,False,0.5261709014210593,0.7194872663240939,ELIGIBLE
GROUP-1e59d5aa1ac4e4853836,subject_id,19,100,False,0.4995135570502386,0.6926351851477887,ELIGIBLE
GROUP-1e59d5aa1ac4e4853836,subject_id,3,100,False,0.4580572120695172,0.6509906107599431,ELIGIBLE
GROUP-1e59d5aa1ac4e4853836,subject_id,30,100,False,0.503110439737437,0.6963650238666524,ELIGIBLE
GROUP-1e59d5aa1ac4e4853836,subject_id,36,100,False,0.4682025268053445,0.6610996769746954,ELIGIBLE
GROUP-1e59d5aa1ac4e4853836,subject_id,6,100,False,0.4861846618142571,0.6792761341363426,ELIGIBLE
GROUP-1e59d5aa1ac4e4853836,session_id,1,600,False,0.49020654981630896,0.6833089828682527,ELIGIBLE
GROUP-1e59d5aa1ac4e4853836,model_id,DNN-EEGNET:EEGNet-R7-LAWHERN-SMR-P01-160HZ:P02S-LLX-R1-A0-Lee2019_MI-DNN-EEGNET-64PC-MR01,600,False,0.49020654981630896,0.6833089828682527,ELIGIBLE
GROUP-1e59d5aa1ac4e4853836,branch_id,__MISSING__,600,False,0.49020654981630896,0.6833089828682527,ELIGIBLE
GROUP-1e59d5aa1ac4e4853836,budget_id,P01-L1-LOW-CAL-OFFICIAL-R2:64_PER_CLASS,600,False,0.49020654981630896,0.6833089828682527,ELIGIBLE
GROUP-1e59d5aa1ac4e4853836,split_id,IHARQ-SPLITRECORD-20260806-e4e371d332c61e36,600,False,0.49020654981630896,0.6833089828682527,ELIGIBLE
GROUP-1e59d5aa1ac4e4853836,calibration_method_id,__MISSING__,600,False,0.49020654981630896,0.6833089828682527,ELIGIBLE
GROUP-b5e56a28e9f0f44b88f2,dataset_id,Lee2019_MI,600,False,0.48570714683134364,0.678936300624582,ELIGIBLE
GROUP-b5e56a28e9f0f44b88f2,subject_id,15,100,False,0.5123340168847248,0.7061853885435372,ELIGIBLE
GROUP-b5e56a28e9f0f44b88f2,subject_id,19,100,False,0.45522186817125443,0.6474339966280316,ELIGIBLE
GROUP-b5e56a28e9f0f44b88f2,subject_id,3,100,False,0.42506946513480004,0.6167243411823783,ELIGIBLE
GROUP-b5e56a28e9f0f44b88f2,subject_id,30,100,False,0.5453727810650888,0.7405246899442147,ELIGIBLE
GROUP-b5e56a28e9f0f44b88f2,subject_id,36,100,False,0.5044124411485527,0.6982531532284562,ELIGIBLE
GROUP-b5e56a28e9f0f44b88f2,subject_id,6,100,False,0.471832308583641,0.6644962342208746,ELIGIBLE
GROUP-b5e56a28e9f0f44b88f2,session_id,1,600,False,0.48570714683134364,0.678936300624582,ELIGIBLE
GROUP-b5e56a28e9f0f44b88f2,model_id,DNN-EEGNET:EEGNet-R7-LAWHERN-SMR-P01-160HZ:P02S-LLX-R1-A0-Lee2019_MI-DNN-EEGNET-64PC-MR02,600,False,0.48570714683134364,0.678936300624582,ELIGIBLE
GROUP-b5e56a28e9f0f44b88f2,branch_id,__MISSING__,600,False,0.48570714683134364,0.678936300624582,ELIGIBLE
GROUP-b5e56a28e9f0f44b88f2,budget_id,P01-L1-LOW-CAL-OFFICIAL-R2:64_PER_CLASS,600,False,0.48570714683134364,0.678936300624582,ELIGIBLE
GROUP-b5e56a28e9f0f44b88f2,split_id,IHARQ-SPLITRECORD-20260806-e4e371d332c61e36,600,False,0.48570714683134364,0.678936300624582,ELIGIBLE
GROUP-b5e56a28e9f0f44b88f2,calibration_method_id,__MISSING__,600,False,0.48570714683134364,0.678936300624582,ELIGIBLE
GROUP-8497c6fc5dec3880d8b4,dataset_id,Lee2019_MI,600,False,0.49004822248550217,0.6832461152890896,ELIGIBLE
GROUP-8497c6fc5dec3880d8b4,subject_id,15,100,False,0.5168335198261071,0.7109861733930157,ELIGIBLE
GROUP-8497c6fc5dec3880d8b4,subject_id,19,100,False,0.5065808330872084,0.6999817882782189,ELIGIBLE
GROUP-8497c6fc5dec3880d8b4,subject_id,3,100,False,0.392685283597747,0.5830129567250373,ELIGIBLE
GROUP-8497c6fc5dec3880d8b4,subject_id,30,100,False,0.5303717751716972,0.7249236723610675,ELIGIBLE
GROUP-8497c6fc5dec3880d8b4,subject_id,36,100,False,0.5014736743929085,0.6947849398643153,ELIGIBLE
GROUP-8497c6fc5dec3880d8b4,subject_id,6,100,False,0.49234424883734496,0.6857871611128843,ELIGIBLE
GROUP-8497c6fc5dec3880d8b4,session_id,1,600,False,0.49004822248550217,0.6832461152890896,ELIGIBLE
GROUP-8497c6fc5dec3880d8b4,model_id,DNN-EEGNET:EEGNet-R7-LAWHERN-SMR-P01-160HZ:P02S-LLX-R1-A0-Lee2019_MI-DNN-EEGNET-64PC-MR03,600,False,0.49004822248550217,0.6832461152890896,ELIGIBLE
GROUP-8497c6fc5dec3880d8b4,branch_id,__MISSING__,600,False,0.49004822248550217,0.6832461152890896,ELIGIBLE
GROUP-8497c6fc5dec3880d8b4,budget_id,P01-L1-LOW-CAL-OFFICIAL-R2:64_PER_CLASS,600,False,0.49004822248550217,0.6832461152890896,ELIGIBLE
GROUP-8497c6fc5dec3880d8b4,split_id,IHARQ-SPLITRECORD-20260806-e4e371d332c61e36,600,False,0.49004822248550217,0.6832461152890896,ELIGIBLE
GROUP-8497c6fc5dec3880d8b4,calibration_method_id,__MISSING__,600,False,0.49004822248550217,0.6832461152890896,ELIGIBLE
GROUP-3d6b801161348d5405ba,dataset_id,Lee2019_MI,600,False,0.5092092566626362,0.7031212898833523,ELIGIBLE
GROUP-3d6b801161348d5405ba,subject_id,15,100,False,0.5152809795753882,0.7094516441461747,ELIGIBLE
GROUP-3d6b801161348d5405ba,subject_id,19,100,False,0.5104536665097141,0.7044907960627163,ELIGIBLE
GROUP-3d6b801161348d5405ba,subject_id,3,100,False,0.5063992865465852,0.7002489245017199,ELIGIBLE
GROUP-3d6b801161348d5405ba,subject_id,30,100,False,0.5299754761496781,0.7247853290553938,ELIGIBLE
GROUP-3d6b801161348d5405ba,subject_id,36,100,False,0.5051569733718866,0.6990321518127683,ELIGIBLE
GROUP-3d6b801161348d5405ba,subject_id,6,100,False,0.4879891578225655,0.6807188937213416,ELIGIBLE
GROUP-3d6b801161348d5405ba,session_id,1,600,False,0.5092092566626362,0.7031212898833523,ELIGIBLE
GROUP-3d6b801161348d5405ba,model_id,DNN-EEGNET:EEGNet-R7-LAWHERN-SMR-P01-160HZ:P02S-LLX-R1-A0-Lee2019_MI-DNN-EEGNET-64PC-MR04,600,False,0.5092092566626362,0.7031212898833523,ELIGIBLE
GROUP-3d6b801161348d5405ba,branch_id,__MISSING__,600,False,0.5092092566626362,0.7031212898833523,ELIGIBLE
GROUP-3d6b801161348d5405ba,budget_id,P01-L1-LOW-CAL-OFFICIAL-R2:64_PER_CLASS,600,False,0.5092092566626362,0.7031212898833523,ELIGIBLE
GROUP-3d6b801161348d5405ba,split_id,IHARQ-SPLITRECORD-20260806-e4e371d332c61e36,600,False,0.5092092566626362,0.7031212898833523,ELIGIBLE
GROUP-3d6b801161348d5405ba,calibration_method_id,__MISSING__,600,False,0.5092092566626362,0.7031212898833523,ELIGIBLE
GROUP-d23b26d1b6e559b9e09a,dataset_id,Lee2019_MI,600,False,0.3852323947623956,0.5636172377420953,ELIGIBLE
GROUP-d23b26d1b6e559b9e09a,subject_id,15,100,False,0.4416979694990886,0.6297403049534518,ELIGIBLE
GROUP-d23b26d1b6e559b9e09a,subject_id,19,100,False,0.4007560122203232,0.5870408652092193,ELIGIBLE
GROUP-d23b26d1b6e559b9e09a,subject_id,3,100,False,0.2572691270433527,0.4031645786105898,ELIGIBLE
GROUP-d23b26d1b6e559b9e09a,subject_id,30,100,False,0.4868423570083167,0.6788259163841052,ELIGIBLE
GROUP-d23b26d1b6e559b9e09a,subject_id,36,100,False,0.11241303094358111,0.2498977426298218,ELIGIBLE
GROUP-d23b26d1b6e559b9e09a,subject_id,6,100,False,0.6124158718597116,0.8330340186653835,ELIGIBLE
GROUP-d23b26d1b6e559b9e09a,session_id,1,600,False,0.3852323947623956,0.5636172377420953,ELIGIBLE
GROUP-d23b26d1b6e559b9e09a,model_id,RIE-TS-LR:RIE-TS-LR:P02S-LLX-R1-A0-Lee2019_MI-RIE-TS-LR-128PC-MR00,600,False,0.3852323947623956,0.5636172377420953,ELIGIBLE
GROUP-d23b26d1b6e559b9e09a,branch_id,__MISSING__,600,False,0.3852323947623956,0.5636172377420953,ELIGIBLE
GROUP-d23b26d1b6e559b9e09a,budget_id,P01-L1-LOW-CAL-OFFICIAL-R2:128_PER_CLASS,600,False,0.3852323947623956,0.5636172377420953,ELIGIBLE
GROUP-d23b26d1b6e559b9e09a,split_id,IHARQ-SPLITRECORD-20260806-e4e371d332c61e36,600,False,0.3852323947623956,0.5636172377420953,ELIGIBLE
GROUP-d23b26d1b6e559b9e09a,calibration_method_id,__MISSING__,600,False,0.3852323947623956,0.5636172377420953,ELIGIBLE
GROUP-b94a34c62d6adfd6e098,dataset_id,Lee2019_MI,600,False,0.37580317043184064,0.5702649200919442,ELIGIBLE
GROUP-b94a34c62d6adfd6e098,subject_id,15,100,False,0.407104127341556,0.5925669035636628,ELIGIBLE
GROUP-b94a34c62d6adfd6e098,subject_id,19,100,False,0.3813435668320265,0.5613478800946591,ELIGIBLE
GROUP-b94a34c62d6adfd6e098,subject_id,3,100,False,0.221501692921297,0.353539267959312,ELIGIBLE
GROUP-b94a34c62d6adfd6e098,subject_id,30,100,False,0.4738673971574393,0.6765270603680362,ELIGIBLE
GROUP-b94a34c62d6adfd6e098,subject_id,36,100,False,0.04967283756706564,0.1125032934633306,ELIGIBLE
GROUP-b94a34c62d6adfd6e098,subject_id,6,100,False,0.7213294007716594,1.1251051151026652,ELIGIBLE
GROUP-b94a34c62d6adfd6e098,session_id,1,600,False,0.37580317043184064,0.5702649200919442,ELIGIBLE
GROUP-b94a34c62d6adfd6e098,model_id,RIE-TS-LR:RIE-TS-LR:P02S-LLX-R1-A0-Lee2019_MI-RIE-TS-LR-256PC-MR00,600,False,0.37580317043184064,0.5702649200919442,ELIGIBLE
GROUP-b94a34c62d6adfd6e098,branch_id,__MISSING__,600,False,0.37580317043184064,0.5702649200919442,ELIGIBLE
GROUP-b94a34c62d6adfd6e098,budget_id,P01-L1-LOW-CAL-OFFICIAL-R2:256_PER_CLASS,600,False,0.37580317043184064,0.5702649200919442,ELIGIBLE
GROUP-b94a34c62d6adfd6e098,split_id,IHARQ-SPLITRECORD-20260806-e4e371d332c61e36,600,False,0.37580317043184064,0.5702649200919442,ELIGIBLE
GROUP-b94a34c62d6adfd6e098,calibration_method_id,__MISSING__,600,False,0.37580317043184064,0.5702649200919442,ELIGIBLE
GROUP-4d77bb4a798331b89344,dataset_id,Lee2019_MI,600,False,0.4203397883639504,0.6073347033251069,ELIGIBLE
GROUP-4d77bb4a798331b89344,subject_id,15,100,False,0.4883963585656376,0.6805663260467198,ELIGIBLE
GROUP-4d77bb4a798331b89344,subject_id,19,100,False,0.42778120141049014,0.6180768803022736,ELIGIBLE
GROUP-4d77bb4a798331b89344,subject_id,3,100,False,0.3387521111305744,0.5111623313145114,ELIGIBLE
GROUP-4d77bb4a798331b89344,subject_id,30,100,False,0.46544589868941144,0.6549778179019929,ELIGIBLE
GROUP-4d77bb4a798331b89344,subject_id,36,100,False,0.3058827557100123,0.490463714517431,ELIGIBLE
GROUP-4d77bb4a798331b89344,subject_id,6,100,False,0.4957804046775766,0.6887611498677124,ELIGIBLE
GROUP-4d77bb4a798331b89344,session_id,1,600,False,0.4203397883639504,0.6073347033251069,ELIGIBLE
GROUP-4d77bb4a798331b89344,model_id,RIE-TS-LR:RIE-TS-LR:P02S-LLX-R1-A0-Lee2019_MI-RIE-TS-LR-64PC-MR00,600,False,0.4203397883639504,0.6073347033251069,ELIGIBLE
GROUP-4d77bb4a798331b89344,branch_id,__MISSING__,600,False,0.4203397883639504,0.6073347033251069,ELIGIBLE
GROUP-4d77bb4a798331b89344,budget_id,P01-L1-LOW-CAL-OFFICIAL-R2:64_PER_CLASS,600,False,0.4203397883639504,0.6073347033251069,ELIGIBLE
GROUP-4d77bb4a798331b89344,split_id,IHARQ-SPLITRECORD-20260806-e4e371d332c61e36,600,False,0.4203397883639504,0.6073347033251069,ELIGIBLE
GROUP-4d77bb4a798331b89344,calibration_method_id,__MISSING__,600,False,0.4203397883639504,0.6073347033251069,ELIGIBLE
GROUP-a5047fe1fc3b91da4c98,dataset_id,Lee2019_MI,600,False,0.5040335702832955,0.6971812337475415,ELIGIBLE
GROUP-a5047fe1fc3b91da4c98,subject_id,15,100,False,0.504737521725072,0.6978411221203384,ELIGIBLE
GROUP-a5047fe1fc3b91da4c98,subject_id,19,100,False,0.5006500844386726,0.6938082070435319,ELIGIBLE
GROUP-a5047fe1fc3b91da4c98,subject_id,3,100,False,0.5035829890088391,0.6967340732466586,ELIGIBLE
GROUP-a5047fe1fc3b91da4c98,subject_id,30,100,False,0.5031177809767318,0.696264783595939,ELIGIBLE
GROUP-a5047fe1fc3b91da4c98,subject_id,36,100,False,0.5080363272177122,0.7012198498382279,ELIGIBLE
GROUP-a5047fe1fc3b91da4c98,subject_id,6,100,False,0.5040767183327459,0.6972193666405522,ELIGIBLE
GROUP-a5047fe1fc3b91da4c98,session_id,1,600,False,0.5040335702832955,0.6971812337475415,ELIGIBLE
GROUP-a5047fe1fc3b91da4c98,model_id,SSL-CBRAMOD:CBraMod-HF-Braindecode-GovernedP02-R6Scale1e4:P02S-LLX-R1-A0-Lee2019_MI-SSL-CBRAMOD-128PC-MR00,600,False,0.5040335702832955,0.6971812337475415,ELIGIBLE
GROUP-a5047fe1fc3b91da4c98,branch_id,__MISSING__,600,False,0.5040335702832955,0.6971812337475415,ELIGIBLE
GROUP-a5047fe1fc3b91da4c98,budget_id,P01-L1-LOW-CAL-OFFICIAL-R2:128_PER_CLASS,600,False,0.5040335702832955,0.6971812337475415,ELIGIBLE
GROUP-a5047fe1fc3b91da4c98,split_id,IHARQ-SPLITRECORD-20260806-e4e371d332c61e36,600,False,0.5040335702832955,0.6971812337475415,ELIGIBLE
GROUP-a5047fe1fc3b91da4c98,calibration_method_id,__MISSING__,600,False,0.5040335702832955,0.6971812337475415,ELIGIBLE
GROUP-2e6da13197fbc6b8ef61,dataset_id,Lee2019_MI,600,False,0.5017279239478543,0.6948755549894765,ELIGIBLE
GROUP-2e6da13197fbc6b8ef61,subject_id,15,100,False,0.5032744608247199,0.6964218307208112,ELIGIBLE
GROUP-2e6da13197fbc6b8ef61,subject_id,19,100,False,0.5002502232040388,0.6933973135241964,ELIGIBLE
GROUP-2e6da13197fbc6b8ef61,subject_id,3,100,False,0.5004596251755609,0.6936071797362762,ELIGIBLE
GROUP-2e6da13197fbc6b8ef61,subject_id,30,100,False,0.5011722248778284,0.6943196946273398,ELIGIBLE
GROUP-2e6da13197fbc6b8ef61,subject_id,36,100,False,0.5026261176284408,0.6957744728339839,ELIGIBLE
GROUP-2e6da13197fbc6b8ef61,subject_id,6,100,False,0.5025848919765368,0.695732838494251,ELIGIBLE
GROUP-2e6da13197fbc6b8ef61,session_id,1,600,False,0.5017279239478543,0.6948755549894765,ELIGIBLE
GROUP-2e6da13197fbc6b8ef61,model_id,SSL-CBRAMOD:CBraMod-HF-Braindecode-GovernedP02-R6Scale1e4:P02S-LLX-R1-A0-Lee2019_MI-SSL-CBRAMOD-128PC-MR01,600,False,0.5017279239478543,0.6948755549894765,ELIGIBLE
GROUP-2e6da13197fbc6b8ef61,branch_id,__MISSING__,600,False,0.5017279239478543,0.6948755549894765,ELIGIBLE
GROUP-2e6da13197fbc6b8ef61,budget_id,P01-L1-LOW-CAL-OFFICIAL-R2:128_PER_CLASS,600,False,0.5017279239478543,0.6948755549894765,ELIGIBLE
GROUP-2e6da13197fbc6b8ef61,split_id,IHARQ-SPLITRECORD-20260806-e4e371d332c61e36,600,False,0.5017279239478543,0.6948755549894765,ELIGIBLE
GROUP-2e6da13197fbc6b8ef61,calibration_method_id,__MISSING__,600,False,0.5017279239478543,0.6948755549894765,ELIGIBLE
GROUP-40c9a343589af81bd82d,dataset_id,Lee2019_MI,600,False,0.49944882960598797,0.6926013315920352,ELIGIBLE
GROUP-40c9a343589af81bd82d,subject_id,15,100,False,0.4970363571446664,0.6901990092102247,ELIGIBLE
GROUP-40c9a343589af81bd82d,subject_id,19,100,False,0.5000676019683912,0.6931600008689404,ELIGIBLE
GROUP-40c9a343589af81bd82d,subject_id,3,100,False,0.5012780368681405,0.6943882895568163,ELIGIBLE
GROUP-40c9a343589af81bd82d,subject_id,30,100,False,0.5000504288162466,0.6931738247806873,ELIGIBLE
GROUP-40c9a343589af81bd82d,subject_id,36,100,False,0.502108682602824,0.695188244438816,ELIGIBLE
GROUP-40c9a343589af81bd82d,subject_id,6,100,False,0.49615187023565893,0.6894986206967266,ELIGIBLE
GROUP-40c9a343589af81bd82d,session_id,1,600,False,0.49944882960598797,0.6926013315920352,ELIGIBLE
GROUP-40c9a343589af81bd82d,model_id,SSL-CBRAMOD:CBraMod-HF-Braindecode-GovernedP02-R6Scale1e4:P02S-LLX-R1-A0-Lee2019_MI-SSL-CBRAMOD-128PC-MR02,600,False,0.49944882960598797,0.6926013315920352,ELIGIBLE
GROUP-40c9a343589af81bd82d,branch_id,__MISSING__,600,False,0.49944882960598797,0.6926013315920352,ELIGIBLE
GROUP-40c9a343589af81bd82d,budget_id,P01-L1-LOW-CAL-OFFICIAL-R2:128_PER_CLASS,600,False,0.49944882960598797,0.6926013315920352,ELIGIBLE
GROUP-40c9a343589af81bd82d,split_id,IHARQ-SPLITRECORD-20260806-e4e371d332c61e36,600,False,0.49944882960598797,0.6926013315920352,ELIGIBLE
GROUP-40c9a343589af81bd82d,calibration_method_id,__MISSING__,600,False,0.49944882960598797,0.6926013315920352,ELIGIBLE
GROUP-ca44704e42b38b1c33d0,dataset_id,Lee2019_MI,600,False,0.4976505545920071,0.6907610382431609,ELIGIBLE
GROUP-ca44704e42b38b1c33d0,subject_id,15,100,False,0.4941768262994524,0.687240495714776,ELIGIBLE
GROUP-ca44704e42b38b1c33d0,subject_id,19,100,False,0.49763985200257854,0.6907624562428986,ELIGIBLE
GROUP-ca44704e42b38b1c33d0,subject_id,3,100,False,0.5004735689998007,0.6936090448055551,ELIGIBLE
GROUP-ca44704e42b38b1c33d0,subject_id,30,100,False,0.49408670158812484,0.6872145492331857,ELIGIBLE
GROUP-ca44704e42b38b1c33d0,subject_id,36,100,False,0.5006335794219017,0.6937068101753394,ELIGIBLE
GROUP-ca44704e42b38b1c33d0,subject_id,6,100,False,0.49889279924018454,0.6920328732872109,ELIGIBLE
GROUP-ca44704e42b38b1c33d0,session_id,1,600,False,0.4976505545920071,0.6907610382431609,ELIGIBLE
GROUP-ca44704e42b38b1c33d0,model_id,SSL-CBRAMOD:CBraMod-HF-Braindecode-GovernedP02-R6Scale1e4:P02S-LLX-R1-A0-Lee2019_MI-SSL-CBRAMOD-128PC-MR03,600,False,0.4976505545920071,0.6907610382431609,ELIGIBLE
GROUP-ca44704e42b38b1c33d0,branch_id,__MISSING__,600,False,0.4976505545920071,0.6907610382431609,ELIGIBLE
GROUP-ca44704e42b38b1c33d0,budget_id,P01-L1-LOW-CAL-OFFICIAL-R2:128_PER_CLASS,600,False,0.4976505545920071,0.6907610382431609,ELIGIBLE
GROUP-ca44704e42b38b1c33d0,split_id,IHARQ-SPLITRECORD-20260806-e4e371d332c61e36,600,False,0.4976505545920071,0.6907610382431609,ELIGIBLE
GROUP-ca44704e42b38b1c33d0,calibration_method_id,__MISSING__,600,False,0.4976505545920071,0.6907610382431609,ELIGIBLE
GROUP-09dce5c846731e329464,dataset_id,Lee2019_MI,600,False,0.4975168230637461,0.6906517479286323,ELIGIBLE
GROUP-09dce5c846731e329464,subject_id,15,100,False,0.4958719391246432,0.6889969577167602,ELIGIBLE
GROUP-09dce5c846731e329464,subject_id,19,100,False,0.49647559091994714,0.6896035753296637,ELIGIBLE
GROUP-09dce5c846731e329464,subject_id,3,100,False,0.49833546671156426,0.6914795521789678,ELIGIBLE
GROUP-09dce5c846731e329464,subject_id,30,100,False,0.4972811231232656,0.6904215772674699,ELIGIBLE
GROUP-09dce5c846731e329464,subject_id,36,100,False,0.49702624889689717,0.690145606467963,ELIGIBLE
GROUP-09dce5c846731e329464,subject_id,6,100,False,0.5001105696061591,0.693263218610969,ELIGIBLE
GROUP-09dce5c846731e329464,session_id,1,600,False,0.4975168230637461,0.6906517479286323,ELIGIBLE
GROUP-09dce5c846731e329464,model_id,SSL-CBRAMOD:CBraMod-HF-Braindecode-GovernedP02-R6Scale1e4:P02S-LLX-R1-A0-Lee2019_MI-SSL-CBRAMOD-128PC-MR04,600,False,0.4975168230637461,0.6906517479286323,ELIGIBLE
GROUP-09dce5c846731e329464,branch_id,__MISSING__,600,False,0.4975168230637461,0.6906517479286323,ELIGIBLE
GROUP-09dce5c846731e329464,budget_id,P01-L1-LOW-CAL-OFFICIAL-R2:128_PER_CLASS,600,False,0.4975168230637461,0.6906517479286323,ELIGIBLE
GROUP-09dce5c846731e329464,split_id,IHARQ-SPLITRECORD-20260806-e4e371d332c61e36,600,False,0.4975168230637461,0.6906517479286323,ELIGIBLE
GROUP-09dce5c846731e329464,calibration_method_id,__MISSING__,600,False,0.4975168230637461,0.6906517479286323,ELIGIBLE
GROUP-5a305a0f58ded721d9a6,dataset_id,Lee2019_MI,600,False,0.49424365747381654,0.687380494026748,ELIGIBLE
GROUP-5a305a0f58ded721d9a6,subject_id,15,100,False,0.49920019024839063,0.6923478302620262,ELIGIBLE
GROUP-5a305a0f58ded721d9a6,subject_id,19,100,False,0.49244876756031997,0.6855847166872399,ELIGIBLE
GROUP-5a305a0f58ded721d9a6,subject_id,3,100,False,0.4967368594267713,0.6898819668093243,ELIGIBLE
GROUP-5a305a0f58ded721d9a6,subject_id,30,100,False,0.49090011545191,0.6840312188491653,ELIGIBLE
GROUP-5a305a0f58ded721d9a6,subject_id,36,100,False,0.4876818038274554,0.6807918293440767,ELIGIBLE
GROUP-5a305a0f58ded721d9a6,subject_id,6,100,False,0.4984942083280516,0.6916454022086554,ELIGIBLE
GROUP-5a305a0f58ded721d9a6,session_id,1,600,False,0.49424365747381654,0.687380494026748,ELIGIBLE
GROUP-5a305a0f58ded721d9a6,model_id,SSL-CBRAMOD:CBraMod-HF-Braindecode-GovernedP02-R6Scale1e4:P02S-LLX-R1-A0-Lee2019_MI-SSL-CBRAMOD-256PC-MR00,600,False,0.49424365747381654,0.687380494026748,ELIGIBLE
GROUP-5a305a0f58ded721d9a6,branch_id,__MISSING__,600,False,0.49424365747381654,0.687380494026748,ELIGIBLE
GROUP-5a305a0f58ded721d9a6,budget_id,P01-L1-LOW-CAL-OFFICIAL-R2:256_PER_CLASS,600,False,0.49424365747381654,0.687380494026748,ELIGIBLE
GROUP-5a305a0f58ded721d9a6,split_id,IHARQ-SPLITRECORD-20260806-e4e371d332c61e36,600,False,0.49424365747381654,0.687380494026748,ELIGIBLE
GROUP-5a305a0f58ded721d9a6,calibration_method_id,__MISSING__,600,False,0.49424365747381654,0.687380494026748,ELIGIBLE
GROUP-dc79d4db09144c64fb27,dataset_id,Lee2019_MI,600,False,0.4987092782360076,0.6918598187950674,ELIGIBLE
GROUP-dc79d4db09144c64fb27,subject_id,15,100,False,0.4995574363594021,0.6927752225966098,ELIGIBLE
GROUP-dc79d4db09144c64fb27,subject_id,19,100,False,0.49942695145974086,0.6925525229886831,ELIGIBLE
GROUP-dc79d4db09144c64fb27,subject_id,3,100,False,0.49365411116963775,0.6867987122723048,ELIGIBLE
GROUP-dc79d4db09144c64fb27,subject_id,30,100,False,0.49556714054609297,0.6886674559844933,ELIGIBLE
GROUP-dc79d4db09144c64fb27,subject_id,36,100,False,0.5075587200367849,0.7007483106854948,ELIGIBLE
GROUP-dc79d4db09144c64fb27,subject_id,6,100,False,0.4964913098443867,0.6896166882428192,ELIGIBLE
GROUP-dc79d4db09144c64fb27,session_id,1,600,False,0.4987092782360076,0.6918598187950674,ELIGIBLE
GROUP-dc79d4db09144c64fb27,model_id,SSL-CBRAMOD:CBraMod-HF-Braindecode-GovernedP02-R6Scale1e4:P02S-LLX-R1-A0-Lee2019_MI-SSL-CBRAMOD-256PC-MR01,600,False,0.4987092782360076,0.6918598187950674,ELIGIBLE
GROUP-dc79d4db09144c64fb27,branch_id,__MISSING__,600,False,0.4987092782360076,0.6918598187950674,ELIGIBLE
GROUP-dc79d4db09144c64fb27,budget_id,P01-L1-LOW-CAL-OFFICIAL-R2:256_PER_CLASS,600,False,0.4987092782360076,0.6918598187950674,ELIGIBLE
GROUP-dc79d4db09144c64fb27,split_id,IHARQ-SPLITRECORD-20260806-e4e371d332c61e36,600,False,0.4987092782360076,0.6918598187950674,ELIGIBLE
GROUP-dc79d4db09144c64fb27,calibration_method_id,__MISSING__,600,False,0.4987092782360076,0.6918598187950674,ELIGIBLE
GROUP-7d4409cb36a2e9479a14,dataset_id,Lee2019_MI,600,False,0.4977084498370548,0.6908550148166461,ELIGIBLE
GROUP-7d4409cb36a2e9479a14,subject_id,15,100,False,0.49954305820367767,0.6926902507502638,ELIGIBLE
GROUP-7d4409cb36a2e9479a14,subject_id,19,100,False,0.49790055649797893,0.6910472300764003,ELIGIBLE
GROUP-7d4409cb36a2e9479a14,subject_id,3,100,False,0.49584543358370015,0.688991892703177,ELIGIBLE
GROUP-7d4409cb36a2e9479a14,subject_id,30,100,False,0.4969704128079981,0.6901168182883688,ELIGIBLE
GROUP-7d4409cb36a2e9479a14,subject_id,36,100,False,0.4951330942498337,0.6882785903171592,ELIGIBLE
GROUP-7d4409cb36a2e9479a14,subject_id,6,100,False,0.5008581436791405,0.6940053067645074,ELIGIBLE
GROUP-7d4409cb36a2e9479a14,session_id,1,600,False,0.4977084498370548,0.6908550148166461,ELIGIBLE
GROUP-7d4409cb36a2e9479a14,model_id,SSL-CBRAMOD:CBraMod-HF-Braindecode-GovernedP02-R6Scale1e4:P02S-LLX-R1-A0-Lee2019_MI-SSL-CBRAMOD-256PC-MR02,600,False,0.4977084498370548,0.6908550148166461,ELIGIBLE
GROUP-7d4409cb36a2e9479a14,branch_id,__MISSING__,600,False,0.4977084498370548,0.6908550148166461,ELIGIBLE
GROUP-7d4409cb36a2e9479a14,budget_id,P01-L1-LOW-CAL-OFFICIAL-R2:256_PER_CLASS,600,False,0.4977084498370548,0.6908550148166461,ELIGIBLE
GROUP-7d4409cb36a2e9479a14,split_id,IHARQ-SPLITRECORD-20260806-e4e371d332c61e36,600,False,0.4977084498370548,0.6908550148166461,ELIGIBLE
GROUP-7d4409cb36a2e9479a14,calibration_method_id,__MISSING__,600,False,0.4977084498370548,0.6908550148166461,ELIGIBLE
GROUP-f087bfca8014588dcc79,dataset_id,Lee2019_MI,600,False,0.49675159009723796,0.689896676615057,ELIGIBLE
GROUP-f087bfca8014588dcc79,subject_id,15,100,False,0.49959558833322876,0.6927423387899472,ELIGIBLE
GROUP-f087bfca8014588dcc79,subject_id,19,100,False,0.4961505263800275,0.6892956307340588,ELIGIBLE
GROUP-f087bfca8014588dcc79,subject_id,3,100,False,0.49589551056001335,0.6890408006505401,ELIGIBLE
GROUP-f087bfca8014588dcc79,subject_id,30,100,False,0.4970508127344306,0.6901965008653701,ELIGIBLE
GROUP-f087bfca8014588dcc79,subject_id,36,100,False,0.4914753874158411,0.6846155343525507,ELIGIBLE
GROUP-f087bfca8014588dcc79,subject_id,6,100,False,0.5003417151598868,0.6934892542978756,ELIGIBLE
GROUP-f087bfca8014588dcc79,session_id,1,600,False,0.49675159009723796,0.689896676615057,ELIGIBLE
GROUP-f087bfca8014588dcc79,model_id,SSL-CBRAMOD:CBraMod-HF-Braindecode-GovernedP02-R6Scale1e4:P02S-LLX-R1-A0-Lee2019_MI-SSL-CBRAMOD-256PC-MR03,600,False,0.49675159009723796,0.689896676615057,ELIGIBLE
GROUP-f087bfca8014588dcc79,branch_id,__MISSING__,600,False,0.49675159009723796,0.689896676615057,ELIGIBLE
GROUP-f087bfca8014588dcc79,budget_id,P01-L1-LOW-CAL-OFFICIAL-R2:256_PER_CLASS,600,False,0.49675159009723796,0.689896676615057,ELIGIBLE
GROUP-f087bfca8014588dcc79,split_id,IHARQ-SPLITRECORD-20260806-e4e371d332c61e36,600,False,0.49675159009723796,0.689896676615057,ELIGIBLE
GROUP-f087bfca8014588dcc79,calibration_method_id,__MISSING__,600,False,0.49675159009723796,0.689896676615057,ELIGIBLE
GROUP-9e326b84980e7ec83bce,dataset_id,Lee2019_MI,600,False,0.4943033548305154,0.687442231066972,ELIGIBLE
GROUP-9e326b84980e7ec83bce,subject_id,15,100,False,0.4972262535458465,0.6903724816427911,ELIGIBLE
GROUP-9e326b84980e7ec83bce,subject_id,19,100,False,0.4974357616358581,0.6905776176909347,ELIGIBLE
GROUP-9e326b84980e7ec83bce,subject_id,3,100,False,0.4916000434740184,0.6847462775363953,ELIGIBLE
GROUP-9e326b84980e7ec83bce,subject_id,30,100,False,0.49066437854191414,0.6837937308964817,ELIGIBLE
GROUP-9e326b84980e7ec83bce,subject_id,36,100,False,0.4856551016951486,0.678764418956761,ELIGIBLE
GROUP-9e326b84980e7ec83bce,subject_id,6,100,False,0.5032385900903066,0.696398859678468,ELIGIBLE
GROUP-9e326b84980e7ec83bce,session_id,1,600,False,0.4943033548305154,0.687442231066972,ELIGIBLE
GROUP-9e326b84980e7ec83bce,model_id,SSL-CBRAMOD:CBraMod-HF-Braindecode-GovernedP02-R6Scale1e4:P02S-LLX-R1-A0-Lee2019_MI-SSL-CBRAMOD-256PC-MR04,600,False,0.4943033548305154,0.687442231066972,ELIGIBLE
GROUP-9e326b84980e7ec83bce,branch_id,__MISSING__,600,False,0.4943033548305154,0.687442231066972,ELIGIBLE
GROUP-9e326b84980e7ec83bce,budget_id,P01-L1-LOW-CAL-OFFICIAL-R2:256_PER_CLASS,600,False,0.4943033548305154,0.687442231066972,ELIGIBLE
GROUP-9e326b84980e7ec83bce,split_id,IHARQ-SPLITRECORD-20260806-e4e371d332c61e36,600,False,0.4943033548305154,0.687442231066972,ELIGIBLE
GROUP-9e326b84980e7ec83bce,calibration_method_id,__MISSING__,600,False,0.4943033548305154,0.687442231066972,ELIGIBLE
GROUP-598b012617ed6495c8db,dataset_id,Lee2019_MI,600,False,0.5000092370775417,0.6931563660632102,ELIGIBLE
GROUP-598b012617ed6495c8db,subject_id,15,100,False,0.4984089105314755,0.6915556905864173,ELIGIBLE
GROUP-598b012617ed6495c8db,subject_id,19,100,False,0.5011772359927186,0.6943245086949359,ELIGIBLE
GROUP-598b012617ed6495c8db,subject_id,3,100,False,0.49960204775829015,0.6927491620338049,ELIGIBLE
GROUP-598b012617ed6495c8db,subject_id,30,100,False,0.5009809711746933,0.6941281934236169,ELIGIBLE
GROUP-598b012617ed6495c8db,subject_id,36,100,False,0.4997692786027556,0.6929163452359368,ELIGIBLE
GROUP-598b012617ed6495c8db,subject_id,6,100,False,0.5001169784053178,0.6932642964045493,ELIGIBLE
GROUP-598b012617ed6495c8db,session_id,1,600,False,0.5000092370775417,0.6931563660632102,ELIGIBLE
GROUP-598b012617ed6495c8db,model_id,SSL-CBRAMOD:CBraMod-HF-Braindecode-GovernedP02-R6Scale1e4:P02S-LLX-R1-A0-Lee2019_MI-SSL-CBRAMOD-64PC-MR00,600,False,0.5000092370775417,0.6931563660632102,ELIGIBLE
GROUP-598b012617ed6495c8db,branch_id,__MISSING__,600,False,0.5000092370775417,0.6931563660632102,ELIGIBLE
GROUP-598b012617ed6495c8db,budget_id,P01-L1-LOW-CAL-OFFICIAL-R2:64_PER_CLASS,600,False,0.5000092370775417,0.6931563660632102,ELIGIBLE
GROUP-598b012617ed6495c8db,split_id,IHARQ-SPLITRECORD-20260806-e4e371d332c61e36,600,False,0.5000092370775417,0.6931563660632102,ELIGIBLE
GROUP-598b012617ed6495c8db,calibration_method_id,__MISSING__,600,False,0.5000092370775417,0.6931563660632102,ELIGIBLE
GROUP-afc780a52c3bc0aa3548,dataset_id,Lee2019_MI,600,False,0.5009553313180787,0.6941032949443273,ELIGIBLE
GROUP-afc780a52c3bc0aa3548,subject_id,15,100,False,0.49766337135535776,0.6908061353668442,ELIGIBLE
GROUP-afc780a52c3bc0aa3548,subject_id,19,100,False,0.5031504717093672,0.696299418625311,ELIGIBLE
GROUP-afc780a52c3bc0aa3548,subject_id,3,100,False,0.5018468014885888,0.694994237148838,ELIGIBLE
GROUP-afc780a52c3bc0aa3548,subject_id,30,100,False,0.501633147889173,0.6947839136283953,ELIGIBLE
GROUP-afc780a52c3bc0aa3548,subject_id,36,100,False,0.501661608961412,0.6948109516184204,ELIGIBLE
GROUP-afc780a52c3bc0aa3548,subject_id,6,100,False,0.49977658650457324,0.6929251132781548,ELIGIBLE
GROUP-afc780a52c3bc0aa3548,session_id,1,600,False,0.5009553313180787,0.6941032949443273,ELIGIBLE
GROUP-afc780a52c3bc0aa3548,model_id,SSL-CBRAMOD:CBraMod-HF-Braindecode-GovernedP02-R6Scale1e4:P02S-LLX-R1-A0-Lee2019_MI-SSL-CBRAMOD-64PC-MR01,600,False,0.5009553313180787,0.6941032949443273,ELIGIBLE
GROUP-afc780a52c3bc0aa3548,branch_id,__MISSING__,600,False,0.5009553313180787,0.6941032949443273,ELIGIBLE
GROUP-afc780a52c3bc0aa3548,budget_id,P01-L1-LOW-CAL-OFFICIAL-R2:64_PER_CLASS,600,False,0.5009553313180787,0.6941032949443273,ELIGIBLE
GROUP-afc780a52c3bc0aa3548,split_id,IHARQ-SPLITRECORD-20260806-e4e371d332c61e36,600,False,0.5009553313180787,0.6941032949443273,ELIGIBLE
GROUP-afc780a52c3bc0aa3548,calibration_method_id,__MISSING__,600,False,0.5009553313180787,0.6941032949443273,ELIGIBLE
GROUP-54772f5427979655db00,dataset_id,Lee2019_MI,600,False,0.5007125689347873,0.6938607253461166,ELIGIBLE
GROUP-54772f5427979655db00,subject_id,15,100,False,0.4968059260556659,0.6899447715583266,ELIGIBLE
GROUP-54772f5427979655db00,subject_id,19,100,False,0.5016453515622988,0.6947955446715512,ELIGIBLE
GROUP-54772f5427979655db00,subject_id,3,100,False,0.5003092179451669,0.6934551102675376,ELIGIBLE
GROUP-54772f5427979655db00,subject_id,30,100,False,0.5026109565182765,0.6957701108630064,ELIGIBLE
GROUP-54772f5427979655db00,subject_id,36,100,False,0.5028513866509018,0.6959988397320234,ELIGIBLE
GROUP-54772f5427979655db00,subject_id,6,100,False,0.5000525748764137,0.6931999749842549,ELIGIBLE
GROUP-54772f5427979655db00,session_id,1,600,False,0.5007125689347873,0.6938607253461166,ELIGIBLE
GROUP-54772f5427979655db00,model_id,SSL-CBRAMOD:CBraMod-HF-Braindecode-GovernedP02-R6Scale1e4:P02S-LLX-R1-A0-Lee2019_MI-SSL-CBRAMOD-64PC-MR02,600,False,0.5007125689347873,0.6938607253461166,ELIGIBLE
GROUP-54772f5427979655db00,branch_id,__MISSING__,600,False,0.5007125689347873,0.6938607253461166,ELIGIBLE
GROUP-54772f5427979655db00,budget_id,P01-L1-LOW-CAL-OFFICIAL-R2:64_PER_CLASS,600,False,0.5007125689347873,0.6938607253461166,ELIGIBLE
GROUP-54772f5427979655db00,split_id,IHARQ-SPLITRECORD-20260806-e4e371d332c61e36,600,False,0.5007125689347873,0.6938607253461166,ELIGIBLE
GROUP-54772f5427979655db00,calibration_method_id,__MISSING__,600,False,0.5007125689347873,0.6938607253461166,ELIGIBLE
GROUP-65ee7a825425e07476d0,dataset_id,Lee2019_MI,600,False,0.500184861966965,0.6933314704937148,ELIGIBLE
GROUP-65ee7a825425e07476d0,subject_id,15,100,False,0.49806377993119716,0.6912070885102531,ELIGIBLE
GROUP-65ee7a825425e07476d0,subject_id,19,100,False,0.5015584838930464,0.6947061659754569,ELIGIBLE
GROUP-65ee7a825425e07476d0,subject_id,3,100,False,0.5019468244161212,0.6950962617010161,ELIGIBLE
GROUP-65ee7a825425e07476d0,subject_id,30,100,False,0.5004498519809479,0.6935964524023877,ELIGIBLE
GROUP-65ee7a825425e07476d0,subject_id,36,100,False,0.4986327148179044,0.6917770300623965,ELIGIBLE
GROUP-65ee7a825425e07476d0,subject_id,6,100,False,0.500457516762573,0.6936058243107784,ELIGIBLE
GROUP-65ee7a825425e07476d0,session_id,1,600,False,0.500184861966965,0.6933314704937148,ELIGIBLE
GROUP-65ee7a825425e07476d0,model_id,SSL-CBRAMOD:CBraMod-HF-Braindecode-GovernedP02-R6Scale1e4:P02S-LLX-R1-A0-Lee2019_MI-SSL-CBRAMOD-64PC-MR03,600,False,0.500184861966965,0.6933314704937148,ELIGIBLE
GROUP-65ee7a825425e07476d0,branch_id,__MISSING__,600,False,0.500184861966965,0.6933314704937148,ELIGIBLE
GROUP-65ee7a825425e07476d0,budget_id,P01-L1-LOW-CAL-OFFICIAL-R2:64_PER_CLASS,600,False,0.500184861966965,0.6933314704937148,ELIGIBLE
GROUP-65ee7a825425e07476d0,split_id,IHARQ-SPLITRECORD-20260806-e4e371d332c61e36,600,False,0.500184861966965,0.6933314704937148,ELIGIBLE
GROUP-65ee7a825425e07476d0,calibration_method_id,__MISSING__,600,False,0.500184861966965,0.6933314704937148,ELIGIBLE
GROUP-a5b1351ebd3306cd063c,dataset_id,Lee2019_MI,600,False,0.5005494561279268,0.6936968150482484,ELIGIBLE
GROUP-a5b1351ebd3306cd063c,subject_id,15,100,False,0.4995075605631486,0.6926548392186751,ELIGIBLE
GROUP-a5b1351ebd3306cd063c,subject_id,19,100,False,0.5022900273715715,0.6954377407065645,ELIGIBLE
GROUP-a5b1351ebd3306cd063c,subject_id,3,100,False,0.5006398655324537,0.6937867207494002,ELIGIBLE
GROUP-a5b1351ebd3306cd063c,subject_id,30,100,False,0.5020115210302645,0.6951593370617853,ELIGIBLE
GROUP-a5b1351ebd3306cd063c,subject_id,36,100,False,0.49983959377425835,0.6929869090797597,ELIGIBLE
GROUP-a5b1351ebd3306cd063c,subject_id,6,100,False,0.49900816849586427,0.692155343473306,ELIGIBLE
GROUP-a5b1351ebd3306cd063c,session_id,1,600,False,0.5005494561279268,0.6936968150482484,ELIGIBLE
GROUP-a5b1351ebd3306cd063c,model_id,SSL-CBRAMOD:CBraMod-HF-Braindecode-GovernedP02-R6Scale1e4:P02S-LLX-R1-A0-Lee2019_MI-SSL-CBRAMOD-64PC-MR04,600,False,0.5005494561279268,0.6936968150482484,ELIGIBLE
GROUP-a5b1351ebd3306cd063c,branch_id,__MISSING__,600,False,0.5005494561279268,0.6936968150482484,ELIGIBLE
GROUP-a5b1351ebd3306cd063c,budget_id,P01-L1-LOW-CAL-OFFICIAL-R2:64_PER_CLASS,600,False,0.5005494561279268,0.6936968150482484,ELIGIBLE
GROUP-a5b1351ebd3306cd063c,split_id,IHARQ-SPLITRECORD-20260806-e4e371d332c61e36,600,False,0.5005494561279268,0.6936968150482484,ELIGIBLE
GROUP-a5b1351ebd3306cd063c,calibration_method_id,__MISSING__,600,False,0.5005494561279268,0.6936968150482484,ELIGIBLE
GROUP-5f7a060c388c3b4d4ab9,dataset_id,PhysioNetMI,495,False,0.4972876170124122,0.6904268913616053,ELIGIBLE
GROUP-5f7a060c388c3b4d4ab9,subject_id,107,45,False,0.5060752195583682,0.6992273365477945,ELIGIBLE
GROUP-5f7a060c388c3b4d4ab9,subject_id,27,45,False,0.5041638293351443,0.6973153746168227,ELIGIBLE
GROUP-5f7a060c388c3b4d4ab9,subject_id,39,45,False,0.5014204257736344,0.6945671467542021,ELIGIBLE
GROUP-5f7a060c388c3b4d4ab9,subject_id,40,45,False,0.4995326824970718,0.6926811798927606,ELIGIBLE
GROUP-5f7a060c388c3b4d4ab9,subject_id,47,45,False,0.49646993869555556,0.6895898606224297,ELIGIBLE
GROUP-5f7a060c388c3b4d4ab9,subject_id,48,45,False,0.48974930383860515,0.6828672064097862,ELIGIBLE
GROUP-5f7a060c388c3b4d4ab9,subject_id,57,45,False,0.4937682273894286,0.686912685189895,ELIGIBLE
GROUP-5f7a060c388c3b4d4ab9,subject_id,6,45,False,0.5023200933481786,0.6954676844127045,ELIGIBLE
GROUP-5f7a060c388c3b4d4ab9,subject_id,71,45,False,0.49495807498958316,0.6880949238566842,ELIGIBLE
GROUP-5f7a060c388c3b4d4ab9,subject_id,93,45,False,0.49086895038279343,0.6840066884009393,ELIGIBLE
GROUP-5f7a060c388c3b4d4ab9,subject_id,98,45,False,0.4908370413281708,0.6839657182736391,ELIGIBLE
GROUP-5f7a060c388c3b4d4ab9,session_id,0,495,False,0.4972876170124122,0.6904268913616053,ELIGIBLE
GROUP-5f7a060c388c3b4d4ab9,model_id,CLS-CSP-LDA:CLS-CSP-LDA:P02S-LLX-R1-A0-PhysioNetMI-CLS-CSP-LDA-128PC-MR00,495,False,0.4972876170124122,0.6904268913616053,ELIGIBLE
GROUP-5f7a060c388c3b4d4ab9,branch_id,__MISSING__,495,False,0.4972876170124122,0.6904268913616053,ELIGIBLE
GROUP-5f7a060c388c3b4d4ab9,budget_id,P01-L1-LOW-CAL-OFFICIAL-R2:128_PER_CLASS,495,False,0.4972876170124122,0.6904268913616053,ELIGIBLE
GROUP-5f7a060c388c3b4d4ab9,split_id,IHARQ-SPLITRECORD-20260806-e4e371d332c61e36,495,False,0.4972876170124122,0.6904268913616053,ELIGIBLE
GROUP-5f7a060c388c3b4d4ab9,calibration_method_id,__MISSING__,495,False,0.4972876170124122,0.6904268913616053,ELIGIBLE
GROUP-a41aa29ef5011a4d8631,dataset_id,PhysioNetMI,495,False,0.49844907129655824,0.7031565050296633,ELIGIBLE
GROUP-a41aa29ef5011a4d8631,subject_id,107,45,False,0.5244299777684568,0.7172164748664763,ELIGIBLE
GROUP-a41aa29ef5011a4d8631,subject_id,27,45,False,0.498466927927496,0.6928539005628759,ELIGIBLE
GROUP-a41aa29ef5011a4d8631,subject_id,39,45,False,0.5270818811059352,0.7236604168080545,ELIGIBLE
GROUP-a41aa29ef5011a4d8631,subject_id,40,45,False,0.5061084407825572,0.6992193973593076,ELIGIBLE
GROUP-a41aa29ef5011a4d8631,subject_id,47,45,False,0.528638686032571,0.7228090262513946,ELIGIBLE
GROUP-a41aa29ef5011a4d8631,subject_id,48,45,False,0.571014331419107,0.8881403936743127,ELIGIBLE
GROUP-a41aa29ef5011a4d8631,subject_id,57,45,False,0.46156846188374046,0.6534582330976259,ELIGIBLE
GROUP-a41aa29ef5011a4d8631,subject_id,6,45,False,0.5126053142949881,0.7064389939560964,ELIGIBLE
GROUP-a41aa29ef5011a4d8631,subject_id,71,45,False,0.44473972800906364,0.6363766856652722,ELIGIBLE
GROUP-a41aa29ef5011a4d8631,subject_id,93,45,False,0.389254936409611,0.5772626272462982,ELIGIBLE
GROUP-a41aa29ef5011a4d8631,subject_id,98,45,False,0.5190310986286144,0.7172854058385814,ELIGIBLE
GROUP-a41aa29ef5011a4d8631,session_id,0,495,False,0.49844907129655824,0.7031565050296633,ELIGIBLE
GROUP-a41aa29ef5011a4d8631,model_id,CLS-CSP-LDA:CLS-CSP-LDA:P02S-LLX-R1-A0-PhysioNetMI-CLS-CSP-LDA-256PC-MR00,495,False,0.49844907129655824,0.7031565050296633,ELIGIBLE
GROUP-a41aa29ef5011a4d8631,branch_id,__MISSING__,495,False,0.49844907129655824,0.7031565050296633,ELIGIBLE
GROUP-a41aa29ef5011a4d8631,budget_id,P01-L1-LOW-CAL-OFFICIAL-R2:256_PER_CLASS,495,False,0.49844907129655824,0.7031565050296633,ELIGIBLE
GROUP-a41aa29ef5011a4d8631,split_id,IHARQ-SPLITRECORD-20260806-e4e371d332c61e36,495,False,0.49844907129655824,0.7031565050296633,ELIGIBLE
GROUP-a41aa29ef5011a4d8631,calibration_method_id,__MISSING__,495,False,0.49844907129655824,0.7031565050296633,ELIGIBLE
GROUP-9fd23d2570c7bab620ac,dataset_id,PhysioNetMI,495,False,0.4999059276696974,0.6930531028698874,ELIGIBLE
GROUP-9fd23d2570c7bab620ac,subject_id,107,45,False,0.500118141860378,0.6932653050337447,ELIGIBLE
GROUP-9fd23d2570c7bab620ac,subject_id,27,45,False,0.4999118234495103,0.6930589980977349,ELIGIBLE
GROUP-9fd23d2570c7bab620ac,subject_id,39,45,False,0.5002286522265624,0.693375835438724,ELIGIBLE
GROUP-9fd23d2570c7bab620ac,subject_id,40,45,False,0.4995111899587385,0.6926583642935722,ELIGIBLE
GROUP-9fd23d2570c7bab620ac,subject_id,47,45,False,0.4996111148549275,0.6927582907230426,ELIGIBLE
GROUP-9fd23d2570c7bab620ac,subject_id,48,45,False,0.49968502638508827,0.692832189593286,ELIGIBLE
GROUP-9fd23d2570c7bab620ac,subject_id,57,45,False,0.500268302166665,0.6934154760468959,ELIGIBLE
GROUP-9fd23d2570c7bab620ac,subject_id,6,45,False,0.5000607253756919,0.6932079055222777,ELIGIBLE
GROUP-9fd23d2570c7bab620ac,subject_id,71,45,False,0.49983960980750214,0.6929867900750056,ELIGIBLE
GROUP-9fd23d2570c7bab620ac,subject_id,93,45,False,0.49958465175455935,0.6927318292763998,ELIGIBLE
GROUP-9fd23d2570c7bab620ac,subject_id,98,45,False,0.5001459665270487,0.6932931474680781,ELIGIBLE
GROUP-9fd23d2570c7bab620ac,session_id,0,495,False,0.4999059276696974,0.6930531028698874,ELIGIBLE
GROUP-9fd23d2570c7bab620ac,model_id,CLS-CSP-LDA:CLS-CSP-LDA:P02S-LLX-R1-A0-PhysioNetMI-CLS-CSP-LDA-64PC-MR00,495,False,0.4999059276696974,0.6930531028698874,ELIGIBLE
GROUP-9fd23d2570c7bab620ac,branch_id,__MISSING__,495,False,0.4999059276696974,0.6930531028698874,ELIGIBLE
GROUP-9fd23d2570c7bab620ac,budget_id,P01-L1-LOW-CAL-OFFICIAL-R2:64_PER_CLASS,495,False,0.4999059276696974,0.6930531028698874,ELIGIBLE
GROUP-9fd23d2570c7bab620ac,split_id,IHARQ-SPLITRECORD-20260806-e4e371d332c61e36,495,False,0.4999059276696974,0.6930531028698874,ELIGIBLE
GROUP-9fd23d2570c7bab620ac,calibration_method_id,__MISSING__,495,False,0.4999059276696974,0.6930531028698874,ELIGIBLE
GROUP-61acf752f5ebd7d3475a,dataset_id,PhysioNetMI,495,False,0.5097851706694375,0.7051018311597933,ELIGIBLE
GROUP-61acf752f5ebd7d3475a,subject_id,107,45,False,0.5725841465628402,0.7736413903195171,ELIGIBLE
GROUP-61acf752f5ebd7d3475a,subject_id,27,45,False,0.5700059017590917,0.7704737634957378,ELIGIBLE
GROUP-61acf752f5ebd7d3475a,subject_id,39,45,False,0.5087934491520523,0.705578315256664,ELIGIBLE
GROUP-61acf752f5ebd7d3475a,subject_id,40,45,False,0.5008095264623706,0.6939702446267998,ELIGIBLE
GROUP-61acf752f5ebd7d3475a,subject_id,47,45,False,0.5224872225815205,0.7158845504798313,ELIGIBLE
GROUP-61acf752f5ebd7d3475a,subject_id,48,45,False,0.47885939894145874,0.674429413318092,ELIGIBLE
GROUP-61acf752f5ebd7d3475a,subject_id,57,45,False,0.5522149822588105,0.7491575857592099,ELIGIBLE
GROUP-61acf752f5ebd7d3475a,subject_id,6,45,False,0.5203403001941638,0.7148363748748248,ELIGIBLE
GROUP-61acf752f5ebd7d3475a,subject_id,71,45,False,0.4391095525539798,0.6311177596937605,ELIGIBLE
GROUP-61acf752f5ebd7d3475a,subject_id,93,45,False,0.4396536898322466,0.631078073453928,ELIGIBLE
GROUP-61acf752f5ebd7d3475a,subject_id,98,45,False,0.5027787070652774,0.6959526714793618,ELIGIBLE
GROUP-61acf752f5ebd7d3475a,session_id,0,495,False,0.5097851706694375,0.7051018311597933,ELIGIBLE
GROUP-61acf752f5ebd7d3475a,model_id,DNN-EEGNET:EEGNet-R7-LAWHERN-SMR-P01-160HZ:P02S-LLX-R1-A0-PhysioNetMI-DNN-EEGNET-128PC-MR00,495,False,0.5097851706694375,0.7051018311597933,ELIGIBLE
GROUP-61acf752f5ebd7d3475a,branch_id,__MISSING__,495,False,0.5097851706694375,0.7051018311597933,ELIGIBLE
GROUP-61acf752f5ebd7d3475a,budget_id,P01-L1-LOW-CAL-OFFICIAL-R2:128_PER_CLASS,495,False,0.5097851706694375,0.7051018311597933,ELIGIBLE
GROUP-61acf752f5ebd7d3475a,split_id,IHARQ-SPLITRECORD-20260806-e4e371d332c61e36,495,False,0.5097851706694375,0.7051018311597933,ELIGIBLE
GROUP-61acf752f5ebd7d3475a,calibration_method_id,__MISSING__,495,False,0.5097851706694375,0.7051018311597933,ELIGIBLE
GROUP-7f8c3c25d1c75d75b362,dataset_id,PhysioNetMI,495,False,0.5148643537739258,0.7090729004795182,ELIGIBLE
GROUP-7f8c3c25d1c75d75b362,subject_id,107,45,False,0.54148166194417,0.7357904620585952,ELIGIBLE
GROUP-7f8c3c25d1c75d75b362,subject_id,27,45,False,0.5045285226077533,0.698422305478199,ELIGIBLE
GROUP-7f8c3c25d1c75d75b362,subject_id,39,45,False,0.565929550340017,0.7626803905703327,ELIGIBLE
GROUP-7f8c3c25d1c75d75b362,subject_id,40,45,False,0.504728629458233,0.698039130662507,ELIGIBLE
GROUP-7f8c3c25d1c75d75b362,subject_id,47,45,False,0.524982418608457,0.7184302735964432,ELIGIBLE
GROUP-7f8c3c25d1c75d75b362,subject_id,48,45,False,0.4170602077703141,0.6109809884060964,ELIGIBLE
GROUP-7f8c3c25d1c75d75b362,subject_id,57,45,False,0.5656325425922184,0.762665514573455,ELIGIBLE
GROUP-7f8c3c25d1c75d75b362,subject_id,6,45,False,0.5131174613731145,0.7068917248445455,ELIGIBLE
GROUP-7f8c3c25d1c75d75b362,subject_id,71,45,False,0.5264902560141532,0.7200685938725543,ELIGIBLE
GROUP-7f8c3c25d1c75d75b362,subject_id,93,45,False,0.48207096305996533,0.6746703452850743,ELIGIBLE
GROUP-7f8c3c25d1c75d75b362,subject_id,98,45,False,0.5174856777447889,0.7111621759268968,ELIGIBLE
GROUP-7f8c3c25d1c75d75b362,session_id,0,495,False,0.5148643537739258,0.7090729004795182,ELIGIBLE
GROUP-7f8c3c25d1c75d75b362,model_id,DNN-EEGNET:EEGNet-R7-LAWHERN-SMR-P01-160HZ:P02S-LLX-R1-A0-PhysioNetMI-DNN-EEGNET-128PC-MR01,495,False,0.5148643537739258,0.7090729004795182,ELIGIBLE
GROUP-7f8c3c25d1c75d75b362,branch_id,__MISSING__,495,False,0.5148643537739258,0.7090729004795182,ELIGIBLE
GROUP-7f8c3c25d1c75d75b362,budget_id,P01-L1-LOW-CAL-OFFICIAL-R2:128_PER_CLASS,495,False,0.5148643537739258,0.7090729004795182,ELIGIBLE
GROUP-7f8c3c25d1c75d75b362,split_id,IHARQ-SPLITRECORD-20260806-e4e371d332c61e36,495,False,0.5148643537739258,0.7090729004795182,ELIGIBLE
GROUP-7f8c3c25d1c75d75b362,calibration_method_id,__MISSING__,495,False,0.5148643537739258,0.7090729004795182,ELIGIBLE
GROUP-c9c36f6a780f2cf1a3a5,dataset_id,PhysioNetMI,495,False,0.5187021391709866,0.7133039275233827,ELIGIBLE
GROUP-c9c36f6a780f2cf1a3a5,subject_id,107,45,False,0.6070246712820643,0.8040055233308492,ELIGIBLE
GROUP-c9c36f6a780f2cf1a3a5,subject_id,27,45,False,0.5430797551694814,0.7382780148721624,ELIGIBLE
GROUP-c9c36f6a780f2cf1a3a5,subject_id,39,45,False,0.5050920986905651,0.6989389226897438,ELIGIBLE
GROUP-c9c36f6a780f2cf1a3a5,subject_id,40,45,False,0.5078855701740027,0.7012148879760328,ELIGIBLE
GROUP-c9c36f6a780f2cf1a3a5,subject_id,47,45,False,0.5250638663259376,0.7183176699415311,ELIGIBLE
GROUP-c9c36f6a780f2cf1a3a5,subject_id,48,45,False,0.4153650029797547,0.6064380349008064,ELIGIBLE
GROUP-c9c36f6a780f2cf1a3a5,subject_id,57,45,False,0.59535437977401,0.7973783241682203,ELIGIBLE
GROUP-c9c36f6a780f2cf1a3a5,subject_id,6,45,False,0.5484350514019012,0.7436752252157649,ELIGIBLE
GROUP-c9c36f6a780f2cf1a3a5,subject_id,71,45,False,0.4830452263437435,0.6765135909251916,ELIGIBLE
GROUP-c9c36f6a780f2cf1a3a5,subject_id,93,45,False,0.48103919959586733,0.6741319622599075,ELIGIBLE
GROUP-c9c36f6a780f2cf1a3a5,subject_id,98,45,False,0.4943387091435266,0.6874510464770002,ELIGIBLE
GROUP-c9c36f6a780f2cf1a3a5,session_id,0,495,False,0.5187021391709866,0.7133039275233827,ELIGIBLE
GROUP-c9c36f6a780f2cf1a3a5,model_id,DNN-EEGNET:EEGNet-R7-LAWHERN-SMR-P01-160HZ:P02S-LLX-R1-A0-PhysioNetMI-DNN-EEGNET-128PC-MR02,495,False,0.5187021391709866,0.7133039275233827,ELIGIBLE
GROUP-c9c36f6a780f2cf1a3a5,branch_id,__MISSING__,495,False,0.5187021391709866,0.7133039275233827,ELIGIBLE
GROUP-c9c36f6a780f2cf1a3a5,budget_id,P01-L1-LOW-CAL-OFFICIAL-R2:128_PER_CLASS,495,False,0.5187021391709866,0.7133039275233827,ELIGIBLE
GROUP-c9c36f6a780f2cf1a3a5,split_id,IHARQ-SPLITRECORD-20260806-e4e371d332c61e36,495,False,0.5187021391709866,0.7133039275233827,ELIGIBLE
GROUP-c9c36f6a780f2cf1a3a5,calibration_method_id,__MISSING__,495,False,0.5187021391709866,0.7133039275233827,ELIGIBLE
GROUP-82e2e22a68b2049e69a9,dataset_id,PhysioNetMI,495,False,0.49553620892432765,0.688535512805295,ELIGIBLE
GROUP-82e2e22a68b2049e69a9,subject_id,107,45,False,0.5002716925511824,0.6933695415894158,ELIGIBLE
GROUP-82e2e22a68b2049e69a9,subject_id,27,45,False,0.48656354373277483,0.6792231138870183,ELIGIBLE
GROUP-82e2e22a68b2049e69a9,subject_id,39,45,False,0.5209885437111546,0.7140429520107713,ELIGIBLE
GROUP-82e2e22a68b2049e69a9,subject_id,40,45,False,0.5012195362937095,0.6943746704651319,ELIGIBLE
GROUP-82e2e22a68b2049e69a9,subject_id,47,45,False,0.5048678942789433,0.698019293974965,ELIGIBLE
GROUP-82e2e22a68b2049e69a9,subject_id,48,45,False,0.4541294780521458,0.646286348454432,ELIGIBLE
GROUP-82e2e22a68b2049e69a9,subject_id,57,45,False,0.5155790800291906,0.7087652757655323,ELIGIBLE
GROUP-82e2e22a68b2049e69a9,subject_id,6,45,False,0.4949870588319086,0.6881383116265789,ELIGIBLE
GROUP-82e2e22a68b2049e69a9,subject_id,71,45,False,0.4861534200841868,0.6792632362475659,ELIGIBLE
GROUP-82e2e22a68b2049e69a9,subject_id,93,45,False,0.494025846598795,0.6871609016729018,ELIGIBLE
GROUP-82e2e22a68b2049e69a9,subject_id,98,45,False,0.4921122040036125,0.6852469951639323,ELIGIBLE
GROUP-82e2e22a68b2049e69a9,session_id,0,495,False,0.49553620892432765,0.688535512805295,ELIGIBLE
GROUP-82e2e22a68b2049e69a9,model_id,DNN-EEGNET:EEGNet-R7-LAWHERN-SMR-P01-160HZ:P02S-LLX-R1-A0-PhysioNetMI-DNN-EEGNET-128PC-MR03,495,False,0.49553620892432765,0.688535512805295,ELIGIBLE
GROUP-82e2e22a68b2049e69a9,branch_id,__MISSING__,495,False,0.49553620892432765,0.688535512805295,ELIGIBLE
GROUP-82e2e22a68b2049e69a9,budget_id,P01-L1-LOW-CAL-OFFICIAL-R2:128_PER_CLASS,495,False,0.49553620892432765,0.688535512805295,ELIGIBLE
GROUP-82e2e22a68b2049e69a9,split_id,IHARQ-SPLITRECORD-20260806-e4e371d332c61e36,495,False,0.49553620892432765,0.688535512805295,ELIGIBLE
GROUP-82e2e22a68b2049e69a9,calibration_method_id,__MISSING__,495,False,0.49553620892432765,0.688535512805295,ELIGIBLE
GROUP-11b461748f1de7346412,dataset_id,PhysioNetMI,495,False,0.5029964904753004,0.69669128328332,ELIGIBLE
GROUP-11b461748f1de7346412,subject_id,107,45,False,0.5494445281415749,0.7448824042883048,ELIGIBLE
GROUP-11b461748f1de7346412,subject_id,27,45,False,0.5019214228947838,0.6945443783777923,ELIGIBLE
GROUP-11b461748f1de7346412,subject_id,39,45,False,0.5180601119345476,0.7121744084789382,ELIGIBLE
GROUP-11b461748f1de7346412,subject_id,40,45,False,0.48455039273178707,0.6774722738114217,ELIGIBLE
GROUP-11b461748f1de7346412,subject_id,47,45,False,0.5059558517284465,0.6991116652050551,ELIGIBLE
GROUP-11b461748f1de7346412,subject_id,48,45,False,0.450452768056254,0.6420341513073206,ELIGIBLE
GROUP-11b461748f1de7346412,subject_id,57,45,False,0.4896074508488514,0.6824398025108677,ELIGIBLE
GROUP-11b461748f1de7346412,subject_id,6,45,False,0.5670773351129909,0.766499269728556,ELIGIBLE
GROUP-11b461748f1de7346412,subject_id,71,45,False,0.47743119110549753,0.6700041150824709,ELIGIBLE
GROUP-11b461748f1de7346412,subject_id,93,45,False,0.49174762724094534,0.684673066606308,ELIGIBLE
GROUP-11b461748f1de7346412,subject_id,98,45,False,0.496712715432625,0.689768580719482,ELIGIBLE
GROUP-11b461748f1de7346412,session_id,0,495,False,0.5029964904753004,0.69669128328332,ELIGIBLE
GROUP-11b461748f1de7346412,model_id,DNN-EEGNET:EEGNet-R7-LAWHERN-SMR-P01-160HZ:P02S-LLX-R1-A0-PhysioNetMI-DNN-EEGNET-128PC-MR04,495,False,0.5029964904753004,0.69669128328332,ELIGIBLE
GROUP-11b461748f1de7346412,branch_id,__MISSING__,495,False,0.5029964904753004,0.69669128328332,ELIGIBLE
GROUP-11b461748f1de7346412,budget_id,P01-L1-LOW-CAL-OFFICIAL-R2:128_PER_CLASS,495,False,0.5029964904753004,0.69669128328332,ELIGIBLE
GROUP-11b461748f1de7346412,split_id,IHARQ-SPLITRECORD-20260806-e4e371d332c61e36,495,False,0.5029964904753004,0.69669128328332,ELIGIBLE
GROUP-11b461748f1de7346412,calibration_method_id,__MISSING__,495,False,0.5029964904753004,0.69669128328332,ELIGIBLE
GROUP-b02723d519b158cd8263,dataset_id,PhysioNetMI,495,False,0.4917079662762596,0.6840549208549421,ELIGIBLE
GROUP-b02723d519b158cd8263,subject_id,107,45,False,0.5243359992637102,0.719129426836739,ELIGIBLE
GROUP-b02723d519b158cd8263,subject_id,27,45,False,0.556236301763567,0.7480449490827031,ELIGIBLE
GROUP-b02723d519b158cd8263,subject_id,39,45,False,0.533028430103842,0.7329009184498548,ELIGIBLE
GROUP-b02723d519b158cd8263,subject_id,40,45,False,0.45774297858696905,0.6503986011200484,ELIGIBLE
GROUP-b02723d519b158cd8263,subject_id,47,45,False,0.523431783990356,0.7168360760945137,ELIGIBLE
GROUP-b02723d519b158cd8263,subject_id,48,45,False,0.3953363183025896,0.5824371238557772,ELIGIBLE
GROUP-b02723d519b158cd8263,subject_id,57,45,False,0.46762328739022324,0.6537628381540483,ELIGIBLE
GROUP-b02723d519b158cd8263,subject_id,6,45,False,0.5182176806956592,0.711288634515011,ELIGIBLE
GROUP-b02723d519b158cd8263,subject_id,71,45,False,0.4445395224489824,0.6370101332135192,ELIGIBLE
GROUP-b02723d519b158cd8263,subject_id,93,45,False,0.4511944020832412,0.6418927749353758,ELIGIBLE
GROUP-b02723d519b158cd8263,subject_id,98,45,False,0.5371009244097164,0.7309026531467712,ELIGIBLE
GROUP-b02723d519b158cd8263,session_id,0,495,False,0.4917079662762596,0.6840549208549421,ELIGIBLE
GROUP-b02723d519b158cd8263,model_id,DNN-EEGNET:EEGNet-R7-LAWHERN-SMR-P01-160HZ:P02S-LLX-R1-A0-PhysioNetMI-DNN-EEGNET-256PC-MR00,495,False,0.4917079662762596,0.6840549208549421,ELIGIBLE
GROUP-b02723d519b158cd8263,branch_id,__MISSING__,495,False,0.4917079662762596,0.6840549208549421,ELIGIBLE
GROUP-b02723d519b158cd8263,budget_id,P01-L1-LOW-CAL-OFFICIAL-R2:256_PER_CLASS,495,False,0.4917079662762596,0.6840549208549421,ELIGIBLE
GROUP-b02723d519b158cd8263,split_id,IHARQ-SPLITRECORD-20260806-e4e371d332c61e36,495,False,0.4917079662762596,0.6840549208549421,ELIGIBLE
GROUP-b02723d519b158cd8263,calibration_method_id,__MISSING__,495,False,0.4917079662762596,0.6840549208549421,ELIGIBLE
GROUP-285f79c8583b0db82ee7,dataset_id,PhysioNetMI,495,False,0.4831781582488541,0.6743387736635241,ELIGIBLE
GROUP-285f79c8583b0db82ee7,subject_id,107,45,False,0.5080363807966495,0.7031324702285539,ELIGIBLE
GROUP-285f79c8583b0db82ee7,subject_id,27,45,False,0.5057273473088137,0.6979372672935479,ELIGIBLE
GROUP-285f79c8583b0db82ee7,subject_id,39,45,False,0.40676036839378893,0.5957977941735924,ELIGIBLE
GROUP-285f79c8583b0db82ee7,subject_id,40,45,False,0.5091813498808794,0.7026943889062968,ELIGIBLE
GROUP-285f79c8583b0db82ee7,subject_id,47,45,False,0.5595404938962539,0.7549920038418634,ELIGIBLE
GROUP-285f79c8583b0db82ee7,subject_id,48,45,False,0.29726000751544096,0.4562791074857333,ELIGIBLE
GROUP-285f79c8583b0db82ee7,subject_id,57,45,False,0.5258757587085052,0.731276771411306,ELIGIBLE
GROUP-285f79c8583b0db82ee7,subject_id,6,45,False,0.5588992734692063,0.7551256895505636,ELIGIBLE
GROUP-285f79c8583b0db82ee7,subject_id,71,45,False,0.4029329004995943,0.5921480625376855,ELIGIBLE
GROUP-285f79c8583b0db82ee7,subject_id,93,45,False,0.48896681700953754,0.6814597618130451,ELIGIBLE
GROUP-285f79c8583b0db82ee7,subject_id,98,45,False,0.5517790432587261,0.7468831930565778,ELIGIBLE
GROUP-285f79c8583b0db82ee7,session_id,0,495,False,0.4831781582488541,0.6743387736635241,ELIGIBLE
GROUP-285f79c8583b0db82ee7,model_id,DNN-EEGNET:EEGNet-R7-LAWHERN-SMR-P01-160HZ:P02S-LLX-R1-A0-PhysioNetMI-DNN-EEGNET-256PC-MR01,495,False,0.4831781582488541,0.6743387736635241,ELIGIBLE
GROUP-285f79c8583b0db82ee7,branch_id,__MISSING__,495,False,0.4831781582488541,0.6743387736635241,ELIGIBLE
GROUP-285f79c8583b0db82ee7,budget_id,P01-L1-LOW-CAL-OFFICIAL-R2:256_PER_CLASS,495,False,0.4831781582488541,0.6743387736635241,ELIGIBLE
GROUP-285f79c8583b0db82ee7,split_id,IHARQ-SPLITRECORD-20260806-e4e371d332c61e36,495,False,0.4831781582488541,0.6743387736635241,ELIGIBLE
GROUP-285f79c8583b0db82ee7,calibration_method_id,__MISSING__,495,False,0.4831781582488541,0.6743387736635241,ELIGIBLE
GROUP-07746961c70d1cb4cfba,dataset_id,PhysioNetMI,495,False,0.5045085658624947,0.6987487143187604,ELIGIBLE
GROUP-07746961c70d1cb4cfba,subject_id,107,45,False,0.5754650138749037,0.7745430431820026,ELIGIBLE
GROUP-07746961c70d1cb4cfba,subject_id,27,45,False,0.5397688074508054,0.7337700325922739,ELIGIBLE
GROUP-07746961c70d1cb4cfba,subject_id,39,45,False,0.5455065698467924,0.7399994605635781,ELIGIBLE
GROUP-07746961c70d1cb4cfba,subject_id,40,45,False,0.5012407156588976,0.695030923536573,ELIGIBLE
GROUP-07746961c70d1cb4cfba,subject_id,47,45,False,0.5399832569305238,0.7340321818180633,ELIGIBLE
GROUP-07746961c70d1cb4cfba,subject_id,48,45,False,0.4248579431845118,0.6159977676166096,ELIGIBLE
GROUP-07746961c70d1cb4cfba,subject_id,57,45,False,0.566521657208909,0.7694306134251996,ELIGIBLE
GROUP-07746961c70d1cb4cfba,subject_id,6,45,False,0.5159527941897919,0.710000729807631,ELIGIBLE
GROUP-07746961c70d1cb4cfba,subject_id,71,45,False,0.3753285964543388,0.5636940429680695,ELIGIBLE
GROUP-07746961c70d1cb4cfba,subject_id,93,45,False,0.4366077727637897,0.6274619302713904,ELIGIBLE
GROUP-07746961c70d1cb4cfba,subject_id,98,45,False,0.5283610969241775,0.7222751317249744,ELIGIBLE
GROUP-07746961c70d1cb4cfba,session_id,0,495,False,0.5045085658624947,0.6987487143187604,ELIGIBLE
GROUP-07746961c70d1cb4cfba,model_id,DNN-EEGNET:EEGNet-R7-LAWHERN-SMR-P01-160HZ:P02S-LLX-R1-A0-PhysioNetMI-DNN-EEGNET-256PC-MR02,495,False,0.5045085658624947,0.6987487143187604,ELIGIBLE
GROUP-07746961c70d1cb4cfba,branch_id,__MISSING__,495,False,0.5045085658624947,0.6987487143187604,ELIGIBLE
GROUP-07746961c70d1cb4cfba,budget_id,P01-L1-LOW-CAL-OFFICIAL-R2:256_PER_CLASS,495,False,0.5045085658624947,0.6987487143187604,ELIGIBLE
GROUP-07746961c70d1cb4cfba,split_id,IHARQ-SPLITRECORD-20260806-e4e371d332c61e36,495,False,0.5045085658624947,0.6987487143187604,ELIGIBLE
GROUP-07746961c70d1cb4cfba,calibration_method_id,__MISSING__,495,False,0.5045085658624947,0.6987487143187604,ELIGIBLE
GROUP-f29de7eae2b6b9456b66,dataset_id,PhysioNetMI,495,False,0.5091186319016606,0.7035349117194137,ELIGIBLE
GROUP-f29de7eae2b6b9456b66,subject_id,107,45,False,0.5663311455482918,0.7622111701383791,ELIGIBLE
GROUP-f29de7eae2b6b9456b66,subject_id,27,45,False,0.5522892845401294,0.7470330708043457,ELIGIBLE
GROUP-f29de7eae2b6b9456b66,subject_id,39,45,False,0.5647715339070868,0.7625020451379775,ELIGIBLE
GROUP-f29de7eae2b6b9456b66,subject_id,40,45,False,0.5216048583629275,0.7161367192204059,ELIGIBLE
GROUP-f29de7eae2b6b9456b66,subject_id,47,45,False,0.4898383283376428,0.6827673881110761,ELIGIBLE
GROUP-f29de7eae2b6b9456b66,subject_id,48,45,False,0.370219955386987,0.5564071449709556,ELIGIBLE
GROUP-f29de7eae2b6b9456b66,subject_id,57,45,False,0.614640281808993,0.8203460259125511,ELIGIBLE
GROUP-f29de7eae2b6b9456b66,subject_id,6,45,False,0.5283570684230904,0.7217416270949575,ELIGIBLE
GROUP-f29de7eae2b6b9456b66,subject_id,71,45,False,0.4545777322688077,0.6466274030516804,ELIGIBLE
GROUP-f29de7eae2b6b9456b66,subject_id,93,45,False,0.3976564043596188,0.5887464076566641,ELIGIBLE
GROUP-f29de7eae2b6b9456b66,subject_id,98,45,False,0.5400183579746917,0.7343650268145596,ELIGIBLE
GROUP-f29de7eae2b6b9456b66,session_id,0,495,False,0.5091186319016606,0.7035349117194137,ELIGIBLE
GROUP-f29de7eae2b6b9456b66,model_id,DNN-EEGNET:EEGNet-R7-LAWHERN-SMR-P01-160HZ:P02S-LLX-R1-A0-PhysioNetMI-DNN-EEGNET-256PC-MR03,495,False,0.5091186319016606,0.7035349117194137,ELIGIBLE
GROUP-f29de7eae2b6b9456b66,branch_id,__MISSING__,495,False,0.5091186319016606,0.7035349117194137,ELIGIBLE
GROUP-f29de7eae2b6b9456b66,budget_id,P01-L1-LOW-CAL-OFFICIAL-R2:256_PER_CLASS,495,False,0.5091186319016606,0.7035349117194137,ELIGIBLE
GROUP-f29de7eae2b6b9456b66,split_id,IHARQ-SPLITRECORD-20260806-e4e371d332c61e36,495,False,0.5091186319016606,0.7035349117194137,ELIGIBLE
GROUP-f29de7eae2b6b9456b66,calibration_method_id,__MISSING__,495,False,0.5091186319016606,0.7035349117194137,ELIGIBLE
GROUP-c1927a247e4c300df156,dataset_id,PhysioNetMI,495,False,0.5035327523893075,0.6977895621442692,ELIGIBLE
GROUP-c1927a247e4c300df156,subject_id,107,45,False,0.5798541079398045,0.7785337226671585,ELIGIBLE
GROUP-c1927a247e4c300df156,subject_id,27,45,False,0.5182012953060814,0.7129889866166123,ELIGIBLE
GROUP-c1927a247e4c300df156,subject_id,39,45,False,0.5389693056940151,0.7390601172694459,ELIGIBLE
GROUP-c1927a247e4c300df156,subject_id,40,45,False,0.47606763277838315,0.668877260502809,ELIGIBLE
GROUP-c1927a247e4c300df156,subject_id,47,45,False,0.5104732142959438,0.7036627823645777,ELIGIBLE
GROUP-c1927a247e4c300df156,subject_id,48,45,False,0.4042302629946478,0.5951018052450485,ELIGIBLE
GROUP-c1927a247e4c300df156,subject_id,57,45,False,0.5601723852750575,0.7556810079467973,ELIGIBLE
GROUP-c1927a247e4c300df156,subject_id,6,45,False,0.5278106325175066,0.7220600645005828,ELIGIBLE
GROUP-c1927a247e4c300df156,subject_id,71,45,False,0.45499974811275323,0.6470236547046704,ELIGIBLE
GROUP-c1927a247e4c300df156,subject_id,93,45,False,0.4536498574812222,0.64454720343408,ELIGIBLE
GROUP-c1927a247e4c300df156,subject_id,98,45,False,0.514431833886968,0.7081485783351779,ELIGIBLE
GROUP-c1927a247e4c300df156,session_id,0,495,False,0.5035327523893075,0.6977895621442692,ELIGIBLE
GROUP-c1927a247e4c300df156,model_id,DNN-EEGNET:EEGNet-R7-LAWHERN-SMR-P01-160HZ:P02S-LLX-R1-A0-PhysioNetMI-DNN-EEGNET-256PC-MR04,495,False,0.5035327523893075,0.6977895621442692,ELIGIBLE
GROUP-c1927a247e4c300df156,branch_id,__MISSING__,495,False,0.5035327523893075,0.6977895621442692,ELIGIBLE
GROUP-c1927a247e4c300df156,budget_id,P01-L1-LOW-CAL-OFFICIAL-R2:256_PER_CLASS,495,False,0.5035327523893075,0.6977895621442692,ELIGIBLE
GROUP-c1927a247e4c300df156,split_id,IHARQ-SPLITRECORD-20260806-e4e371d332c61e36,495,False,0.5035327523893075,0.6977895621442692,ELIGIBLE
GROUP-c1927a247e4c300df156,calibration_method_id,__MISSING__,495,False,0.5035327523893075,0.6977895621442692,ELIGIBLE
GROUP-645c173d0386360bf73c,dataset_id,PhysioNetMI,495,False,0.4994014800732959,0.6925482853186039,ELIGIBLE
GROUP-645c173d0386360bf73c,subject_id,107,45,False,0.49973330202595445,0.6928805466175489,ELIGIBLE
GROUP-645c173d0386360bf73c,subject_id,27,45,False,0.5021315472503661,0.6952800742050023,ELIGIBLE
GROUP-645c173d0386360bf73c,subject_id,39,45,False,0.49599893381612037,0.689145352664706,ELIGIBLE
GROUP-645c173d0386360bf73c,subject_id,40,45,False,0.49990856155893454,0.6930557552301935,ELIGIBLE
GROUP-645c173d0386360bf73c,subject_id,47,45,False,0.49999315893188173,0.693140338233004,ELIGIBLE
GROUP-645c173d0386360bf73c,subject_id,48,45,False,0.4959443461557041,0.689089430086214,ELIGIBLE
GROUP-645c173d0386360bf73c,subject_id,57,45,False,0.49964862657581166,0.6927939774366019,ELIGIBLE
GROUP-645c173d0386360bf73c,subject_id,6,45,False,0.49956394346503374,0.6927100321195243,ELIGIBLE
GROUP-645c173d0386360bf73c,subject_id,71,45,False,0.5003616931198673,0.6935090984554949,ELIGIBLE
GROUP-645c173d0386360bf73c,subject_id,93,45,False,0.5001267349025411,0.6932739198339776,ELIGIBLE
GROUP-645c173d0386360bf73c,subject_id,98,45,False,0.5000054330040393,0.693152613622375,ELIGIBLE
GROUP-645c173d0386360bf73c,session_id,0,495,False,0.4994014800732959,0.6925482853186039,ELIGIBLE
GROUP-645c173d0386360bf73c,model_id,DNN-EEGNET:EEGNet-R7-LAWHERN-SMR-P01-160HZ:P02S-LLX-R1-A0-PhysioNetMI-DNN-EEGNET-64PC-MR00,495,False,0.4994014800732959,0.6925482853186039,ELIGIBLE
GROUP-645c173d0386360bf73c,branch_id,__MISSING__,495,False,0.4994014800732959,0.6925482853186039,ELIGIBLE
GROUP-645c173d0386360bf73c,budget_id,P01-L1-LOW-CAL-OFFICIAL-R2:64_PER_CLASS,495,False,0.4994014800732959,0.6925482853186039,ELIGIBLE
GROUP-645c173d0386360bf73c,split_id,IHARQ-SPLITRECORD-20260806-e4e371d332c61e36,495,False,0.4994014800732959,0.6925482853186039,ELIGIBLE
GROUP-645c173d0386360bf73c,calibration_method_id,__MISSING__,495,False,0.4994014800732959,0.6925482853186039,ELIGIBLE
GROUP-10b4faacf273cf3cdc77,dataset_id,PhysioNetMI,495,False,0.5060232296227609,0.6991986462363461,ELIGIBLE
GROUP-10b4faacf273cf3cdc77,subject_id,107,45,False,0.5196068442535862,0.713006167156968,ELIGIBLE
GROUP-10b4faacf273cf3cdc77,subject_id,27,45,False,0.5189189930589803,0.7123977604528654,ELIGIBLE
GROUP-10b4faacf273cf3cdc77,subject_id,39,45,False,0.5121069462786761,0.7054662023635053,ELIGIBLE
GROUP-10b4faacf273cf3cdc77,subject_id,40,45,False,0.5202519212743818,0.7140444976388245,ELIGIBLE
GROUP-10b4faacf273cf3cdc77,subject_id,47,45,False,0.5168566510351243,0.7101164748981497,ELIGIBLE
GROUP-10b4faacf273cf3cdc77,subject_id,48,45,False,0.4458966729699136,0.6379400344703658,ELIGIBLE
GROUP-10b4faacf273cf3cdc77,subject_id,57,45,False,0.5178803143283808,0.7111538905662083,ELIGIBLE
GROUP-10b4faacf273cf3cdc77,subject_id,6,45,False,0.516109747801121,0.709371279026134,ELIGIBLE
GROUP-10b4faacf273cf3cdc77,subject_id,71,45,False,0.5045210140915717,0.6977558089462106,ELIGIBLE
GROUP-10b4faacf273cf3cdc77,subject_id,93,45,False,0.4908944212762592,0.6836059105029131,ELIGIBLE
GROUP-10b4faacf273cf3cdc77,subject_id,98,45,False,0.5032119994823765,0.696327082577663,ELIGIBLE
GROUP-10b4faacf273cf3cdc77,session_id,0,495,False,0.5060232296227609,0.6991986462363461,ELIGIBLE
GROUP-10b4faacf273cf3cdc77,model_id,DNN-EEGNET:EEGNet-R7-LAWHERN-SMR-P01-160HZ:P02S-LLX-R1-A0-PhysioNetMI-DNN-EEGNET-64PC-MR01,495,False,0.5060232296227609,0.6991986462363461,ELIGIBLE
GROUP-10b4faacf273cf3cdc77,branch_id,__MISSING__,495,False,0.5060232296227609,0.6991986462363461,ELIGIBLE
GROUP-10b4faacf273cf3cdc77,budget_id,P01-L1-LOW-CAL-OFFICIAL-R2:64_PER_CLASS,495,False,0.5060232296227609,0.6991986462363461,ELIGIBLE
GROUP-10b4faacf273cf3cdc77,split_id,IHARQ-SPLITRECORD-20260806-e4e371d332c61e36,495,False,0.5060232296227609,0.6991986462363461,ELIGIBLE
GROUP-10b4faacf273cf3cdc77,calibration_method_id,__MISSING__,495,False,0.5060232296227609,0.6991986462363461,ELIGIBLE
GROUP-3077ba88280b57cb140a,dataset_id,PhysioNetMI,495,False,0.503714290622232,0.6970449633158478,ELIGIBLE
GROUP-3077ba88280b57cb140a,subject_id,107,45,False,0.4814670448946826,0.6745300470537613,ELIGIBLE
GROUP-3077ba88280b57cb140a,subject_id,27,45,False,0.5266737614492917,0.7202396835044566,ELIGIBLE
GROUP-3077ba88280b57cb140a,subject_id,39,45,False,0.5237965338437911,0.7176172776923421,ELIGIBLE
GROUP-3077ba88280b57cb140a,subject_id,40,45,False,0.4987353326418819,0.6917801320981195,ELIGIBLE
GROUP-3077ba88280b57cb140a,subject_id,47,45,False,0.5039688218911292,0.6971193057442255,ELIGIBLE
GROUP-3077ba88280b57cb140a,subject_id,48,45,False,0.4760741094044492,0.6691042399758304,ELIGIBLE
GROUP-3077ba88280b57cb140a,subject_id,57,45,False,0.5118725432913475,0.7054243481991019,ELIGIBLE
GROUP-3077ba88280b57cb140a,subject_id,6,45,False,0.5259889905453151,0.7198063007375893,ELIGIBLE
GROUP-3077ba88280b57cb140a,subject_id,71,45,False,0.4980124595157938,0.6913130487754601,ELIGIBLE
GROUP-3077ba88280b57cb140a,subject_id,93,45,False,0.49391081924659114,0.687049335249064,ELIGIBLE
GROUP-3077ba88280b57cb140a,subject_id,98,45,False,0.500356780120279,0.6935108774443746,ELIGIBLE
GROUP-3077ba88280b57cb140a,session_id,0,495,False,0.503714290622232,0.6970449633158478,ELIGIBLE
GROUP-3077ba88280b57cb140a,model_id,DNN-EEGNET:EEGNet-R7-LAWHERN-SMR-P01-160HZ:P02S-LLX-R1-A0-PhysioNetMI-DNN-EEGNET-64PC-MR02,495,False,0.503714290622232,0.6970449633158478,ELIGIBLE
GROUP-3077ba88280b57cb140a,branch_id,__MISSING__,495,False,0.503714290622232,0.6970449633158478,ELIGIBLE
GROUP-3077ba88280b57cb140a,budget_id,P01-L1-LOW-CAL-OFFICIAL-R2:64_PER_CLASS,495,False,0.503714290622232,0.6970449633158478,ELIGIBLE
GROUP-3077ba88280b57cb140a,split_id,IHARQ-SPLITRECORD-20260806-e4e371d332c61e36,495,False,0.503714290622232,0.6970449633158478,ELIGIBLE
GROUP-3077ba88280b57cb140a,calibration_method_id,__MISSING__,495,False,0.503714290622232,0.6970449633158478,ELIGIBLE
GROUP-333d9dd484e913c79684,dataset_id,PhysioNetMI,495,False,0.5010671894327987,0.6944860044727572,ELIGIBLE
GROUP-333d9dd484e913c79684,subject_id,107,45,False,0.503219921305281,0.6963678995835358,ELIGIBLE
GROUP-333d9dd484e913c79684,subject_id,27,45,False,0.4960040628485522,0.6890651277849573,ELIGIBLE
GROUP-333d9dd484e913c79684,subject_id,39,45,False,0.49918467413648826,0.6923243987926114,ELIGIBLE
GROUP-333d9dd484e913c79684,subject_id,40,45,False,0.4920146528024905,0.6851574656334039,ELIGIBLE
GROUP-333d9dd484e913c79684,subject_id,47,45,False,0.501016190594121,0.6941635720557675,ELIGIBLE
GROUP-333d9dd484e913c79684,subject_id,48,45,False,0.5235729717797315,0.719800955534822,ELIGIBLE
GROUP-333d9dd484e913c79684,subject_id,57,45,False,0.5049409565445621,0.6980952843152015,ELIGIBLE
GROUP-333d9dd484e913c79684,subject_id,6,45,False,0.49848084367575346,0.6916271402007251,ELIGIBLE
GROUP-333d9dd484e913c79684,subject_id,71,45,False,0.4924785265135553,0.6856232582138376,ELIGIBLE
GROUP-333d9dd484e913c79684,subject_id,93,45,False,0.5004155774153912,0.6935630698960923,ELIGIBLE
GROUP-333d9dd484e913c79684,subject_id,98,45,False,0.5004107061448583,0.6935578771893743,ELIGIBLE
GROUP-333d9dd484e913c79684,session_id,0,495,False,0.5010671894327987,0.6944860044727572,ELIGIBLE
GROUP-333d9dd484e913c79684,model_id,DNN-EEGNET:EEGNet-R7-LAWHERN-SMR-P01-160HZ:P02S-LLX-R1-A0-PhysioNetMI-DNN-EEGNET-64PC-MR03,495,False,0.5010671894327987,0.6944860044727572,ELIGIBLE
GROUP-333d9dd484e913c79684,branch_id,__MISSING__,495,False,0.5010671894327987,0.6944860044727572,ELIGIBLE
GROUP-333d9dd484e913c79684,budget_id,P01-L1-LOW-CAL-OFFICIAL-R2:64_PER_CLASS,495,False,0.5010671894327987,0.6944860044727572,ELIGIBLE
GROUP-333d9dd484e913c79684,split_id,IHARQ-SPLITRECORD-20260806-e4e371d332c61e36,495,False,0.5010671894327987,0.6944860044727572,ELIGIBLE
GROUP-333d9dd484e913c79684,calibration_method_id,__MISSING__,495,False,0.5010671894327987,0.6944860044727572,ELIGIBLE
GROUP-aadd8c1f23a8d785707e,dataset_id,PhysioNetMI,495,False,0.4994361741470072,0.6925832820011031,ELIGIBLE
GROUP-aadd8c1f23a8d785707e,subject_id,107,45,False,0.49972319081850675,0.6928703577162161,ELIGIBLE
GROUP-aadd8c1f23a8d785707e,subject_id,27,45,False,0.49950275368133107,0.6926499525204208,ELIGIBLE
GROUP-aadd8c1f23a8d785707e,subject_id,39,45,False,0.49953243163704236,0.6926796000988202,ELIGIBLE
GROUP-aadd8c1f23a8d785707e,subject_id,40,45,False,0.4999807882922686,0.6931279685712396,ELIGIBLE
GROUP-aadd8c1f23a8d785707e,subject_id,47,45,False,0.49993522710134086,0.6930824076422465,ELIGIBLE
GROUP-aadd8c1f23a8d785707e,subject_id,48,45,False,0.4958944807774025,0.6890408473974142,ELIGIBLE
GROUP-aadd8c1f23a8d785707e,subject_id,57,45,False,0.4999527058100784,0.6930998852284275,ELIGIBLE
GROUP-aadd8c1f23a8d785707e,subject_id,6,45,False,0.5002969065700463,0.6934441032401735,ELIGIBLE
GROUP-aadd8c1f23a8d785707e,subject_id,71,45,False,0.4999917534449451,0.6931389422289349,ELIGIBLE
GROUP-aadd8c1f23a8d785707e,subject_id,93,45,False,0.49936388931361236,0.6925110691357705,ELIGIBLE
GROUP-aadd8c1f23a8d785707e,subject_id,98,45,False,0.4996237881705052,0.6927709682324708,ELIGIBLE
GROUP-aadd8c1f23a8d785707e,session_id,0,495,False,0.4994361741470072,0.6925832820011031,ELIGIBLE
GROUP-aadd8c1f23a8d785707e,model_id,DNN-EEGNET:EEGNet-R7-LAWHERN-SMR-P01-160HZ:P02S-LLX-R1-A0-PhysioNetMI-DNN-EEGNET-64PC-MR04,495,False,0.4994361741470072,0.6925832820011031,ELIGIBLE
GROUP-aadd8c1f23a8d785707e,branch_id,__MISSING__,495,False,0.4994361741470072,0.6925832820011031,ELIGIBLE
GROUP-aadd8c1f23a8d785707e,budget_id,P01-L1-LOW-CAL-OFFICIAL-R2:64_PER_CLASS,495,False,0.4994361741470072,0.6925832820011031,ELIGIBLE
GROUP-aadd8c1f23a8d785707e,split_id,IHARQ-SPLITRECORD-20260806-e4e371d332c61e36,495,False,0.4994361741470072,0.6925832820011031,ELIGIBLE
GROUP-aadd8c1f23a8d785707e,calibration_method_id,__MISSING__,495,False,0.4994361741470072,0.6925832820011031,ELIGIBLE
GROUP-34abfb1b6b027b8e7858,dataset_id,PhysioNetMI,495,False,0.4979776766540279,0.6909538630595571,ELIGIBLE
GROUP-34abfb1b6b027b8e7858,subject_id,107,45,False,0.5430482122938606,0.7371571775913626,ELIGIBLE
GROUP-34abfb1b6b027b8e7858,subject_id,27,45,False,0.5291340561349703,0.7232798377443853,ELIGIBLE
GROUP-34abfb1b6b027b8e7858,subject_id,39,45,False,0.5291873663303667,0.7231093355859497,ELIGIBLE
GROUP-34abfb1b6b027b8e7858,subject_id,40,45,False,0.4959421691176294,0.6892142662005835,ELIGIBLE
GROUP-34abfb1b6b027b8e7858,subject_id,47,45,False,0.48660145847152536,0.6788959989021135,ELIGIBLE
GROUP-34abfb1b6b027b8e7858,subject_id,48,45,False,0.4404185132834907,0.630850850538869,ELIGIBLE
GROUP-34abfb1b6b027b8e7858,subject_id,57,45,False,0.5199195232985333,0.7139516556111448,ELIGIBLE
GROUP-34abfb1b6b027b8e7858,subject_id,6,45,False,0.522483542187376,0.7165229643729857,ELIGIBLE
GROUP-34abfb1b6b027b8e7858,subject_id,71,45,False,0.5211105713014874,0.7147912440301335,ELIGIBLE
GROUP-34abfb1b6b027b8e7858,subject_id,93,45,False,0.4231652448064942,0.6140718658978143,ELIGIBLE
GROUP-34abfb1b6b027b8e7858,subject_id,98,45,False,0.4667437859685728,0.6586472971797863,ELIGIBLE
GROUP-34abfb1b6b027b8e7858,session_id,0,495,False,0.4979776766540279,0.6909538630595571,ELIGIBLE
GROUP-34abfb1b6b027b8e7858,model_id,RIE-TS-LR:RIE-TS-LR:P02S-LLX-R1-A0-PhysioNetMI-RIE-TS-LR-128PC-MR00,495,False,0.4979776766540279,0.6909538630595571,ELIGIBLE
GROUP-34abfb1b6b027b8e7858,branch_id,__MISSING__,495,False,0.4979776766540279,0.6909538630595571,ELIGIBLE
GROUP-34abfb1b6b027b8e7858,budget_id,P01-L1-LOW-CAL-OFFICIAL-R2:128_PER_CLASS,495,False,0.4979776766540279,0.6909538630595571,ELIGIBLE
GROUP-34abfb1b6b027b8e7858,split_id,IHARQ-SPLITRECORD-20260806-e4e371d332c61e36,495,False,0.4979776766540279,0.6909538630595571,ELIGIBLE
GROUP-34abfb1b6b027b8e7858,calibration_method_id,__MISSING__,495,False,0.4979776766540279,0.6909538630595571,ELIGIBLE
GROUP-07cef10ce3c19d6f7cc9,dataset_id,PhysioNetMI,495,False,0.49920427034734904,0.6938314761680106,ELIGIBLE
GROUP-07cef10ce3c19d6f7cc9,subject_id,107,45,False,0.5134441000053476,0.7077741340465805,ELIGIBLE
GROUP-07cef10ce3c19d6f7cc9,subject_id,27,45,False,0.5246592431641008,0.7180254709372398,ELIGIBLE
GROUP-07cef10ce3c19d6f7cc9,subject_id,39,45,False,0.47403754373837376,0.6682225595479643,ELIGIBLE
GROUP-07cef10ce3c19d6f7cc9,subject_id,40,45,False,0.5308095146238057,0.7304134445106711,ELIGIBLE
GROUP-07cef10ce3c19d6f7cc9,subject_id,47,45,False,0.5391107157596093,0.7349613694854429,ELIGIBLE
GROUP-07cef10ce3c19d6f7cc9,subject_id,48,45,False,0.6051286536265542,0.819564260260998,ELIGIBLE
GROUP-07cef10ce3c19d6f7cc9,subject_id,57,45,False,0.46222118748651386,0.6526707959544703,ELIGIBLE
GROUP-07cef10ce3c19d6f7cc9,subject_id,6,45,False,0.6174803761842986,0.8323255695836151,ELIGIBLE
GROUP-07cef10ce3c19d6f7cc9,subject_id,71,45,False,0.4324078431864894,0.6106141117462959,ELIGIBLE
GROUP-07cef10ce3c19d6f7cc9,subject_id,93,45,False,0.31847953650698435,0.49433546844561843,ELIGIBLE
GROUP-07cef10ce3c19d6f7cc9,subject_id,98,45,False,0.47346825953876226,0.6632390533292197,ELIGIBLE
GROUP-07cef10ce3c19d6f7cc9,session_id,0,495,False,0.49920427034734904,0.6938314761680106,ELIGIBLE
GROUP-07cef10ce3c19d6f7cc9,model_id,RIE-TS-LR:RIE-TS-LR:P02S-LLX-R1-A0-PhysioNetMI-RIE-TS-LR-256PC-MR00,495,False,0.49920427034734904,0.6938314761680106,ELIGIBLE
GROUP-07cef10ce3c19d6f7cc9,branch_id,__MISSING__,495,False,0.49920427034734904,0.6938314761680106,ELIGIBLE
GROUP-07cef10ce3c19d6f7cc9,budget_id,P01-L1-LOW-CAL-OFFICIAL-R2:256_PER_CLASS,495,False,0.49920427034734904,0.6938314761680106,ELIGIBLE
GROUP-07cef10ce3c19d6f7cc9,split_id,IHARQ-SPLITRECORD-20260806-e4e371d332c61e36,495,False,0.49920427034734904,0.6938314761680106,ELIGIBLE
GROUP-07cef10ce3c19d6f7cc9,calibration_method_id,__MISSING__,495,False,0.49920427034734904,0.6938314761680106,ELIGIBLE
GROUP-772abafe9d335445cf0b,dataset_id,PhysioNetMI,495,False,0.498372739881968,0.6915239169401183,ELIGIBLE
GROUP-772abafe9d335445cf0b,subject_id,107,45,False,0.5075816866160802,0.701170612893878,ELIGIBLE
GROUP-772abafe9d335445cf0b,subject_id,27,45,False,0.4989181671536462,0.6920727615952471,ELIGIBLE
GROUP-772abafe9d335445cf0b,subject_id,39,45,False,0.513672248054157,0.7068769270648957,ELIGIBLE
GROUP-772abafe9d335445cf0b,subject_id,40,45,False,0.5010732387283264,0.6942264450498449,ELIGIBLE
GROUP-772abafe9d335445cf0b,subject_id,47,45,False,0.5027966502456774,0.6957819418829325,ELIGIBLE
GROUP-772abafe9d335445cf0b,subject_id,48,45,False,0.4623840090426953,0.6552297939814096,ELIGIBLE
GROUP-772abafe9d335445cf0b,subject_id,57,45,False,0.5012867833262935,0.6944165843087161,ELIGIBLE
GROUP-772abafe9d335445cf0b,subject_id,6,45,False,0.5104738116498961,0.7036701867568973,ELIGIBLE
GROUP-772abafe9d335445cf0b,subject_id,71,45,False,0.5118056031102651,0.7050507524878052,ELIGIBLE
GROUP-772abafe9d335445cf0b,subject_id,93,45,False,0.4894268500663838,0.6825153591121198,ELIGIBLE
GROUP-772abafe9d335445cf0b,subject_id,98,45,False,0.4826810907082275,0.6757517212075554,ELIGIBLE
GROUP-772abafe9d335445cf0b,session_id,0,495,False,0.498372739881968,0.6915239169401183,ELIGIBLE
GROUP-772abafe9d335445cf0b,model_id,RIE-TS-LR:RIE-TS-LR:P02S-LLX-R1-A0-PhysioNetMI-RIE-TS-LR-64PC-MR00,495,False,0.498372739881968,0.6915239169401183,ELIGIBLE
GROUP-772abafe9d335445cf0b,branch_id,__MISSING__,495,False,0.498372739881968,0.6915239169401183,ELIGIBLE
GROUP-772abafe9d335445cf0b,budget_id,P01-L1-LOW-CAL-OFFICIAL-R2:64_PER_CLASS,495,False,0.498372739881968,0.6915239169401183,ELIGIBLE
GROUP-772abafe9d335445cf0b,split_id,IHARQ-SPLITRECORD-20260806-e4e371d332c61e36,495,False,0.498372739881968,0.6915239169401183,ELIGIBLE
GROUP-772abafe9d335445cf0b,calibration_method_id,__MISSING__,495,False,0.498372739881968,0.6915239169401183,ELIGIBLE
GROUP-a0c0549066f4e3c759eb,dataset_id,PhysioNetMI,495,False,0.4999134566795924,0.6930609528263879,ELIGIBLE
GROUP-a0c0549066f4e3c759eb,subject_id,107,45,False,0.5023884318634241,0.6955374431712212,ELIGIBLE
GROUP-a0c0549066f4e3c759eb,subject_id,27,45,False,0.5019552485989403,0.6951033356519642,ELIGIBLE
GROUP-a0c0549066f4e3c759eb,subject_id,39,45,False,0.49715659153090824,0.6903036016654145,ELIGIBLE
GROUP-a0c0549066f4e3c759eb,subject_id,40,45,False,0.49702147316710865,0.6901679875908726,ELIGIBLE
GROUP-a0c0549066f4e3c759eb,subject_id,47,45,False,0.5013789561130599,0.6945269404461452,ELIGIBLE
GROUP-a0c0549066f4e3c759eb,subject_id,48,45,False,0.498563455541992,0.6917107097382232,ELIGIBLE
GROUP-a0c0549066f4e3c759eb,subject_id,57,45,False,0.49954096550963545,0.6926886462344033,ELIGIBLE
GROUP-a0c0549066f4e3c759eb,subject_id,6,45,False,0.5050538602773602,0.6982034224786824,ELIGIBLE
GROUP-a0c0549066f4e3c759eb,subject_id,71,45,False,0.4947013126471566,0.6878462497739883,ELIGIBLE
GROUP-a0c0549066f4e3c759eb,subject_id,93,45,False,0.4987734811704664,0.691919809561762,ELIGIBLE
GROUP-a0c0549066f4e3c759eb,subject_id,98,45,False,0.5025142470554649,0.6956623347775897,ELIGIBLE
GROUP-a0c0549066f4e3c759eb,session_id,0,495,False,0.4999134566795924,0.6930609528263879,ELIGIBLE
GROUP-a0c0549066f4e3c759eb,model_id,SSL-CBRAMOD:CBraMod-HF-Braindecode-GovernedP02-R6Scale1e4:P02S-LLX-R1-A0-PhysioNetMI-SSL-CBRAMOD-128PC-MR00,495,False,0.4999134566795924,0.6930609528263879,ELIGIBLE
GROUP-a0c0549066f4e3c759eb,branch_id,__MISSING__,495,False,0.4999134566795924,0.6930609528263879,ELIGIBLE
GROUP-a0c0549066f4e3c759eb,budget_id,P01-L1-LOW-CAL-OFFICIAL-R2:128_PER_CLASS,495,False,0.4999134566795924,0.6930609528263879,ELIGIBLE
GROUP-a0c0549066f4e3c759eb,split_id,IHARQ-SPLITRECORD-20260806-e4e371d332c61e36,495,False,0.4999134566795924,0.6930609528263879,ELIGIBLE
GROUP-a0c0549066f4e3c759eb,calibration_method_id,__MISSING__,495,False,0.4999134566795924,0.6930609528263879,ELIGIBLE
GROUP-08600c777fdb7cb08a2f,dataset_id,PhysioNetMI,495,False,0.5037981521413644,0.6969647311746234,ELIGIBLE
GROUP-08600c777fdb7cb08a2f,subject_id,107,45,False,0.511232478769516,0.7044201808513222,ELIGIBLE
GROUP-08600c777fdb7cb08a2f,subject_id,27,45,False,0.5006539260058229,0.6938043837466866,ELIGIBLE
GROUP-08600c777fdb7cb08a2f,subject_id,39,45,False,0.49867990011401314,0.6918281320030053,ELIGIBLE
GROUP-08600c777fdb7cb08a2f,subject_id,40,45,False,0.4991763537483762,0.6923204846810466,ELIGIBLE
GROUP-08600c777fdb7cb08a2f,subject_id,47,45,False,0.5009510632183056,0.6940857431004985,ELIGIBLE
GROUP-08600c777fdb7cb08a2f,subject_id,48,45,False,0.501724733012086,0.6949127505005003,ELIGIBLE
GROUP-08600c777fdb7cb08a2f,subject_id,57,45,False,0.4977858994475785,0.6909423353599907,ELIGIBLE
GROUP-08600c777fdb7cb08a2f,subject_id,6,45,False,0.510447107410748,0.7036139874583223,ELIGIBLE
GROUP-08600c777fdb7cb08a2f,subject_id,71,45,False,0.5027012757988696,0.6958885089263975,ELIGIBLE
GROUP-08600c777fdb7cb08a2f,subject_id,93,45,False,0.5018772956520018,0.6950411471709594,ELIGIBLE
GROUP-08600c777fdb7cb08a2f,subject_id,98,45,False,0.5165496403776906,0.7097543891221282,ELIGIBLE
GROUP-08600c777fdb7cb08a2f,session_id,0,495,False,0.5037981521413644,0.6969647311746234,ELIGIBLE
GROUP-08600c777fdb7cb08a2f,model_id,SSL-CBRAMOD:CBraMod-HF-Braindecode-GovernedP02-R6Scale1e4:P02S-LLX-R1-A0-PhysioNetMI-SSL-CBRAMOD-128PC-MR01,495,False,0.5037981521413644,0.6969647311746234,ELIGIBLE
GROUP-08600c777fdb7cb08a2f,branch_id,__MISSING__,495,False,0.5037981521413644,0.6969647311746234,ELIGIBLE
GROUP-08600c777fdb7cb08a2f,budget_id,P01-L1-LOW-CAL-OFFICIAL-R2:128_PER_CLASS,495,False,0.5037981521413644,0.6969647311746234,ELIGIBLE
GROUP-08600c777fdb7cb08a2f,split_id,IHARQ-SPLITRECORD-20260806-e4e371d332c61e36,495,False,0.5037981521413644,0.6969647311746234,ELIGIBLE
GROUP-08600c777fdb7cb08a2f,calibration_method_id,__MISSING__,495,False,0.5037981521413644,0.6969647311746234,ELIGIBLE
GROUP-5cd5cd3aee026567a333,dataset_id,PhysioNetMI,495,False,0.5039896573186614,0.6971549541751508,ELIGIBLE
GROUP-5cd5cd3aee026567a333,subject_id,107,45,False,0.507839704256919,0.7009906638457868,ELIGIBLE
GROUP-5cd5cd3aee026567a333,subject_id,27,45,False,0.5022357033407213,0.69538976630889,ELIGIBLE
GROUP-5cd5cd3aee026567a333,subject_id,39,45,False,0.5004987422420493,0.6936994510236701,ELIGIBLE
GROUP-5cd5cd3aee026567a333,subject_id,40,45,False,0.500459398755074,0.6936070187300712,ELIGIBLE
GROUP-5cd5cd3aee026567a333,subject_id,47,45,False,0.5036565990360047,0.6968207920098547,ELIGIBLE
GROUP-5cd5cd3aee026567a333,subject_id,48,45,False,0.4999984490038497,0.6931624399851577,ELIGIBLE
GROUP-5cd5cd3aee026567a333,subject_id,57,45,False,0.49950549247172665,0.6927147665104647,ELIGIBLE
GROUP-5cd5cd3aee026567a333,subject_id,6,45,False,0.5127664719198752,0.7059107645214507,ELIGIBLE
GROUP-5cd5cd3aee026567a333,subject_id,71,45,False,0.49922725499771214,0.6923400828521702,ELIGIBLE
GROUP-5cd5cd3aee026567a333,subject_id,93,45,False,0.5097443787180208,0.70293984979015,ELIGIBLE
GROUP-5cd5cd3aee026567a333,subject_id,98,45,False,0.5079540357633221,0.7011289003489914,ELIGIBLE
GROUP-5cd5cd3aee026567a333,session_id,0,495,False,0.5039896573186614,0.6971549541751508,ELIGIBLE
GROUP-5cd5cd3aee026567a333,model_id,SSL-CBRAMOD:CBraMod-HF-Braindecode-GovernedP02-R6Scale1e4:P02S-LLX-R1-A0-PhysioNetMI-SSL-CBRAMOD-128PC-MR02,495,False,0.5039896573186614,0.6971549541751508,ELIGIBLE
GROUP-5cd5cd3aee026567a333,branch_id,__MISSING__,495,False,0.5039896573186614,0.6971549541751508,ELIGIBLE
GROUP-5cd5cd3aee026567a333,budget_id,P01-L1-LOW-CAL-OFFICIAL-R2:128_PER_CLASS,495,False,0.5039896573186614,0.6971549541751508,ELIGIBLE
GROUP-5cd5cd3aee026567a333,split_id,IHARQ-SPLITRECORD-20260806-e4e371d332c61e36,495,False,0.5039896573186614,0.6971549541751508,ELIGIBLE
GROUP-5cd5cd3aee026567a333,calibration_method_id,__MISSING__,495,False,0.5039896573186614,0.6971549541751508,ELIGIBLE
GROUP-f7451e71b85f8615a9e3,dataset_id,PhysioNetMI,495,False,0.4992756979109399,0.6924177871824316,ELIGIBLE
GROUP-f7451e71b85f8615a9e3,subject_id,107,45,False,0.5086308610851714,0.7017947034604733,ELIGIBLE
GROUP-f7451e71b85f8615a9e3,subject_id,27,45,False,0.4955683746185644,0.6886630939951027,ELIGIBLE
GROUP-f7451e71b85f8615a9e3,subject_id,39,45,False,0.4941058269818991,0.6872317019351256,ELIGIBLE
GROUP-f7451e71b85f8615a9e3,subject_id,40,45,False,0.4959190304398416,0.6890835174476985,ELIGIBLE
GROUP-f7451e71b85f8615a9e3,subject_id,47,45,False,0.49529804722874177,0.6884335707543087,ELIGIBLE
GROUP-f7451e71b85f8615a9e3,subject_id,48,45,False,0.5012147178551053,0.6943632168376815,ELIGIBLE
GROUP-f7451e71b85f8615a9e3,subject_id,57,45,False,0.49378593959016803,0.6869103633673981,ELIGIBLE
GROUP-f7451e71b85f8615a9e3,subject_id,6,45,False,0.5094354786398175,0.7025928491226057,ELIGIBLE
GROUP-f7451e71b85f8615a9e3,subject_id,71,45,False,0.498295122162293,0.6914565960366166,ELIGIBLE
GROUP-f7451e71b85f8615a9e3,subject_id,93,45,False,0.5001503762547005,0.6932996847258105,ELIGIBLE
GROUP-f7451e71b85f8615a9e3,subject_id,98,45,False,0.49962890216403577,0.6927663613239268,ELIGIBLE
GROUP-f7451e71b85f8615a9e3,session_id,0,495,False,0.4992756979109399,0.6924177871824316,ELIGIBLE
GROUP-f7451e71b85f8615a9e3,model_id,SSL-CBRAMOD:CBraMod-HF-Braindecode-GovernedP02-R6Scale1e4:P02S-LLX-R1-A0-PhysioNetMI-SSL-CBRAMOD-128PC-MR03,495,False,0.4992756979109399,0.6924177871824316,ELIGIBLE
GROUP-f7451e71b85f8615a9e3,branch_id,__MISSING__,495,False,0.4992756979109399,0.6924177871824316,ELIGIBLE
GROUP-f7451e71b85f8615a9e3,budget_id,P01-L1-LOW-CAL-OFFICIAL-R2:128_PER_CLASS,495,False,0.4992756979109399,0.6924177871824316,ELIGIBLE
GROUP-f7451e71b85f8615a9e3,split_id,IHARQ-SPLITRECORD-20260806-e4e371d332c61e36,495,False,0.4992756979109399,0.6924177871824316,ELIGIBLE
GROUP-f7451e71b85f8615a9e3,calibration_method_id,__MISSING__,495,False,0.4992756979109399,0.6924177871824316,ELIGIBLE
GROUP-3a1da45968baa7ad21bf,dataset_id,PhysioNetMI,495,False,0.49866413308938634,0.6918035536675158,ELIGIBLE
GROUP-3a1da45968baa7ad21bf,subject_id,107,45,False,0.5075907534989933,0.7007739924155147,ELIGIBLE
GROUP-3a1da45968baa7ad21bf,subject_id,27,45,False,0.5000690713711253,0.6931878637619648,ELIGIBLE
GROUP-3a1da45968baa7ad21bf,subject_id,39,45,False,0.49162255017926426,0.6847579105328948,ELIGIBLE
GROUP-3a1da45968baa7ad21bf,subject_id,40,45,False,0.4953689335424914,0.6885313493170337,ELIGIBLE
GROUP-3a1da45968baa7ad21bf,subject_id,47,45,False,0.4989613329191121,0.6920786658380409,ELIGIBLE
GROUP-3a1da45968baa7ad21bf,subject_id,48,45,False,0.4953040075386635,0.6884424873286542,ELIGIBLE
GROUP-3a1da45968baa7ad21bf,subject_id,57,45,False,0.49452386864137293,0.6876363594367889,ELIGIBLE
GROUP-3a1da45968baa7ad21bf,subject_id,6,45,False,0.5059291208852328,0.6990773638803418,ELIGIBLE
GROUP-3a1da45968baa7ad21bf,subject_id,71,45,False,0.49806395250273283,0.6912099379538894,ELIGIBLE
GROUP-3a1da45968baa7ad21bf,subject_id,93,45,False,0.49760408494663705,0.6907389150150764,ELIGIBLE
GROUP-3a1da45968baa7ad21bf,subject_id,98,45,False,0.5002677879576246,0.6934042448624754,ELIGIBLE
GROUP-3a1da45968baa7ad21bf,session_id,0,495,False,0.49866413308938634,0.6918035536675158,ELIGIBLE
GROUP-3a1da45968baa7ad21bf,model_id,SSL-CBRAMOD:CBraMod-HF-Braindecode-GovernedP02-R6Scale1e4:P02S-LLX-R1-A0-PhysioNetMI-SSL-CBRAMOD-128PC-MR04,495,False,0.49866413308938634,0.6918035536675158,ELIGIBLE
GROUP-3a1da45968baa7ad21bf,branch_id,__MISSING__,495,False,0.49866413308938634,0.6918035536675158,ELIGIBLE
GROUP-3a1da45968baa7ad21bf,budget_id,P01-L1-LOW-CAL-OFFICIAL-R2:128_PER_CLASS,495,False,0.49866413308938634,0.6918035536675158,ELIGIBLE
GROUP-3a1da45968baa7ad21bf,split_id,IHARQ-SPLITRECORD-20260806-e4e371d332c61e36,495,False,0.49866413308938634,0.6918035536675158,ELIGIBLE
GROUP-3a1da45968baa7ad21bf,calibration_method_id,__MISSING__,495,False,0.49866413308938634,0.6918035536675158,ELIGIBLE
GROUP-d839760add6ba2813d05,dataset_id,PhysioNetMI,495,False,0.5000974431775613,0.69323129832979,ELIGIBLE
GROUP-d839760add6ba2813d05,subject_id,107,45,False,0.4921675818546195,0.6852406889213031,ELIGIBLE
GROUP-d839760add6ba2813d05,subject_id,27,45,False,0.5113643763558972,0.7046079197600145,ELIGIBLE
GROUP-d839760add6ba2813d05,subject_id,39,45,False,0.5128948273162064,0.7060398960658664,ELIGIBLE
GROUP-d839760add6ba2813d05,subject_id,40,45,False,0.520342237832658,0.7135857892332191,ELIGIBLE
GROUP-d839760add6ba2813d05,subject_id,47,45,False,0.5080823159833622,0.7012837642573662,ELIGIBLE
GROUP-d839760add6ba2813d05,subject_id,48,45,False,0.47415199736821584,0.6671648933710769,ELIGIBLE
GROUP-d839760add6ba2813d05,subject_id,57,45,False,0.5053966051410377,0.6985012873365816,ELIGIBLE
GROUP-d839760add6ba2813d05,subject_id,6,45,False,0.4851833926125379,0.6782976149037163,ELIGIBLE
GROUP-d839760add6ba2813d05,subject_id,71,45,False,0.5038938336233685,0.6970728651847478,ELIGIBLE
GROUP-d839760add6ba2813d05,subject_id,93,45,False,0.4897713967590146,0.6827901694566308,ELIGIBLE
GROUP-d839760add6ba2813d05,subject_id,98,45,False,0.4978233101062559,0.6909593931371674,ELIGIBLE
GROUP-d839760add6ba2813d05,session_id,0,495,False,0.5000974431775613,0.69323129832979,ELIGIBLE
GROUP-d839760add6ba2813d05,model_id,SSL-CBRAMOD:CBraMod-HF-Braindecode-GovernedP02-R6Scale1e4:P02S-LLX-R1-A0-PhysioNetMI-SSL-CBRAMOD-256PC-MR00,495,False,0.5000974431775613,0.69323129832979,ELIGIBLE
GROUP-d839760add6ba2813d05,branch_id,__MISSING__,495,False,0.5000974431775613,0.69323129832979,ELIGIBLE
GROUP-d839760add6ba2813d05,budget_id,P01-L1-LOW-CAL-OFFICIAL-R2:256_PER_CLASS,495,False,0.5000974431775613,0.69323129832979,ELIGIBLE
GROUP-d839760add6ba2813d05,split_id,IHARQ-SPLITRECORD-20260806-e4e371d332c61e36,495,False,0.5000974431775613,0.69323129832979,ELIGIBLE
GROUP-d839760add6ba2813d05,calibration_method_id,__MISSING__,495,False,0.5000974431775613,0.69323129832979,ELIGIBLE
GROUP-27e8c4f7965e2e2b3988,dataset_id,PhysioNetMI,495,False,0.5016595679114432,0.6948112069785944,ELIGIBLE
GROUP-27e8c4f7965e2e2b3988,subject_id,107,45,False,0.49220026452336796,0.6853241129684902,ELIGIBLE
GROUP-27e8c4f7965e2e2b3988,subject_id,27,45,False,0.5120268261293227,0.7052144046259557,ELIGIBLE
GROUP-27e8c4f7965e2e2b3988,subject_id,39,45,False,0.5065055903421776,0.6996735267236296,ELIGIBLE
GROUP-27e8c4f7965e2e2b3988,subject_id,40,45,False,0.5140217827439374,0.7071778019900476,ELIGIBLE
GROUP-27e8c4f7965e2e2b3988,subject_id,47,45,False,0.5013824184105897,0.6945556224020718,ELIGIBLE
GROUP-27e8c4f7965e2e2b3988,subject_id,48,45,False,0.49252185599243553,0.6856365232779786,ELIGIBLE
GROUP-27e8c4f7965e2e2b3988,subject_id,57,45,False,0.5074224592084791,0.7006097255582735,ELIGIBLE
GROUP-27e8c4f7965e2e2b3988,subject_id,6,45,False,0.4980248113551881,0.6911652746073444,ELIGIBLE
GROUP-27e8c4f7965e2e2b3988,subject_id,71,45,False,0.5067507025401498,0.6998907511228164,ELIGIBLE
GROUP-27e8c4f7965e2e2b3988,subject_id,93,45,False,0.4899127380290175,0.6830283758691718,ELIGIBLE
GROUP-27e8c4f7965e2e2b3988,subject_id,98,45,False,0.4974857977512089,0.6906471576187604,ELIGIBLE
GROUP-27e8c4f7965e2e2b3988,session_id,0,495,False,0.5016595679114432,0.6948112069785944,ELIGIBLE
GROUP-27e8c4f7965e2e2b3988,model_id,SSL-CBRAMOD:CBraMod-HF-Braindecode-GovernedP02-R6Scale1e4:P02S-LLX-R1-A0-PhysioNetMI-SSL-CBRAMOD-256PC-MR01,495,False,0.5016595679114432,0.6948112069785944,ELIGIBLE
GROUP-27e8c4f7965e2e2b3988,branch_id,__MISSING__,495,False,0.5016595679114432,0.6948112069785944,ELIGIBLE
GROUP-27e8c4f7965e2e2b3988,budget_id,P01-L1-LOW-CAL-OFFICIAL-R2:256_PER_CLASS,495,False,0.5016595679114432,0.6948112069785944,ELIGIBLE
GROUP-27e8c4f7965e2e2b3988,split_id,IHARQ-SPLITRECORD-20260806-e4e371d332c61e36,495,False,0.5016595679114432,0.6948112069785944,ELIGIBLE
GROUP-27e8c4f7965e2e2b3988,calibration_method_id,__MISSING__,495,False,0.5016595679114432,0.6948112069785944,ELIGIBLE
GROUP-4e6f76c8debac4209f1c,dataset_id,PhysioNetMI,495,False,0.5002680987663459,0.6934154216078164,ELIGIBLE
GROUP-4e6f76c8debac4209f1c,subject_id,107,45,False,0.5002274157538785,0.6933763636043945,ELIGIBLE
GROUP-4e6f76c8debac4209f1c,subject_id,27,45,False,0.5028584656722528,0.696008686586761,ELIGIBLE
GROUP-4e6f76c8debac4209f1c,subject_id,39,45,False,0.505161886166279,0.6983102721467744,ELIGIBLE
GROUP-4e6f76c8debac4209f1c,subject_id,40,45,False,0.5030007331708134,0.696147619467718,ELIGIBLE
GROUP-4e6f76c8debac4209f1c,subject_id,47,45,False,0.5000552740057612,0.6932030910025095,ELIGIBLE
GROUP-4e6f76c8debac4209f1c,subject_id,48,45,False,0.49783941887397476,0.6909858515814862,ELIGIBLE
GROUP-4e6f76c8debac4209f1c,subject_id,57,45,False,0.5003741959663202,0.6935215518127743,ELIGIBLE
GROUP-4e6f76c8debac4209f1c,subject_id,6,45,False,0.5001908937213481,0.6933382170566635,ELIGIBLE
GROUP-4e6f76c8debac4209f1c,subject_id,71,45,False,0.5001753769587779,0.6933208931511192,ELIGIBLE
GROUP-4e6f76c8debac4209f1c,subject_id,93,45,False,0.4977549679396188,0.6909011741719188,ELIGIBLE
GROUP-4e6f76c8debac4209f1c,subject_id,98,45,False,0.4953104582007811,0.6884559171038607,ELIGIBLE
GROUP-4e6f76c8debac4209f1c,session_id,0,495,False,0.5002680987663459,0.6934154216078164,ELIGIBLE
GROUP-4e6f76c8debac4209f1c,model_id,SSL-CBRAMOD:CBraMod-HF-Braindecode-GovernedP02-R6Scale1e4:P02S-LLX-R1-A0-PhysioNetMI-SSL-CBRAMOD-256PC-MR02,495,False,0.5002680987663459,0.6934154216078164,ELIGIBLE
GROUP-4e6f76c8debac4209f1c,branch_id,__MISSING__,495,False,0.5002680987663459,0.6934154216078164,ELIGIBLE
GROUP-4e6f76c8debac4209f1c,budget_id,P01-L1-LOW-CAL-OFFICIAL-R2:256_PER_CLASS,495,False,0.5002680987663459,0.6934154216078164,ELIGIBLE
GROUP-4e6f76c8debac4209f1c,split_id,IHARQ-SPLITRECORD-20260806-e4e371d332c61e36,495,False,0.5002680987663459,0.6934154216078164,ELIGIBLE
GROUP-4e6f76c8debac4209f1c,calibration_method_id,__MISSING__,495,False,0.5002680987663459,0.6934154216078164,ELIGIBLE
GROUP-cccb714bb2015aeb9ee6,dataset_id,PhysioNetMI,495,False,0.4995528322324611,0.692697890601739,ELIGIBLE
GROUP-cccb714bb2015aeb9ee6,subject_id,107,45,False,0.4957826311287692,0.6889224061762398,ELIGIBLE
GROUP-cccb714bb2015aeb9ee6,subject_id,27,45,False,0.5034006610901401,0.6965502282677078,ELIGIBLE
GROUP-cccb714bb2015aeb9ee6,subject_id,39,45,False,0.5043072576626433,0.6974552280959003,ELIGIBLE
GROUP-cccb714bb2015aeb9ee6,subject_id,40,45,False,0.5098987165879478,0.7030549163240388,ELIGIBLE
GROUP-cccb714bb2015aeb9ee6,subject_id,47,45,False,0.50461372086134,0.6977649129661856,ELIGIBLE
GROUP-cccb714bb2015aeb9ee6,subject_id,48,45,False,0.49265110012863594,0.6857872522085637,ELIGIBLE
GROUP-cccb714bb2015aeb9ee6,subject_id,57,45,False,0.49768811980250915,0.6908317909958575,ELIGIBLE
GROUP-cccb714bb2015aeb9ee6,subject_id,6,45,False,0.4983579208063986,0.6915038884187659,ELIGIBLE
GROUP-cccb714bb2015aeb9ee6,subject_id,71,45,False,0.500443183218784,0.6935883080427921,ELIGIBLE
GROUP-cccb714bb2015aeb9ee6,subject_id,93,45,False,0.49335162184457465,0.6864896361822048,ELIGIBLE
GROUP-cccb714bb2015aeb9ee6,subject_id,98,45,False,0.4945862214253283,0.687728228940872,ELIGIBLE
GROUP-cccb714bb2015aeb9ee6,session_id,0,495,False,0.4995528322324611,0.692697890601739,ELIGIBLE
GROUP-cccb714bb2015aeb9ee6,model_id,SSL-CBRAMOD:CBraMod-HF-Braindecode-GovernedP02-R6Scale1e4:P02S-LLX-R1-A0-PhysioNetMI-SSL-CBRAMOD-256PC-MR03,495,False,0.4995528322324611,0.692697890601739,ELIGIBLE
GROUP-cccb714bb2015aeb9ee6,branch_id,__MISSING__,495,False,0.4995528322324611,0.692697890601739,ELIGIBLE
GROUP-cccb714bb2015aeb9ee6,budget_id,P01-L1-LOW-CAL-OFFICIAL-R2:256_PER_CLASS,495,False,0.4995528322324611,0.692697890601739,ELIGIBLE
GROUP-cccb714bb2015aeb9ee6,split_id,IHARQ-SPLITRECORD-20260806-e4e371d332c61e36,495,False,0.4995528322324611,0.692697890601739,ELIGIBLE
GROUP-cccb714bb2015aeb9ee6,calibration_method_id,__MISSING__,495,False,0.4995528322324611,0.692697890601739,ELIGIBLE
GROUP-ac0d68c611d2224cc883,dataset_id,PhysioNetMI,495,False,0.5003339579728041,0.6934811594688038,ELIGIBLE
GROUP-ac0d68c611d2224cc883,subject_id,107,45,False,0.5014358271705477,0.6945830649327216,ELIGIBLE
GROUP-ac0d68c611d2224cc883,subject_id,27,45,False,0.5002228381836085,0.6933700281815813,ELIGIBLE
GROUP-ac0d68c611d2224cc883,subject_id,39,45,False,0.4991692721036005,0.6923164230082206,ELIGIBLE
GROUP-ac0d68c611d2224cc883,subject_id,40,45,False,0.49876352879076263,0.6919106460747275,ELIGIBLE
GROUP-ac0d68c611d2224cc883,subject_id,47,45,False,0.5005980065078748,0.6937451998081776,ELIGIBLE
GROUP-ac0d68c611d2224cc883,subject_id,48,45,False,0.5011874459519404,0.6943347322473965,ELIGIBLE
GROUP-ac0d68c611d2224cc883,subject_id,57,45,False,0.5001959819309734,0.69334322422247,ELIGIBLE
GROUP-ac0d68c611d2224cc883,subject_id,6,45,False,0.5015453503225858,0.6946925920978256,ELIGIBLE
GROUP-ac0d68c611d2224cc883,subject_id,71,45,False,0.4989741521637686,0.6921212446243973,ELIGIBLE
GROUP-ac0d68c611d2224cc883,subject_id,93,45,False,0.5003263692881903,0.6934735803000623,ELIGIBLE
GROUP-ac0d68c611d2224cc883,subject_id,98,45,False,0.5012547652869933,0.6944020186592617,ELIGIBLE
GROUP-ac0d68c611d2224cc883,session_id,0,495,False,0.5003339579728041,0.6934811594688038,ELIGIBLE
GROUP-ac0d68c611d2224cc883,model_id,SSL-CBRAMOD:CBraMod-HF-Braindecode-GovernedP02-R6Scale1e4:P02S-LLX-R1-A0-PhysioNetMI-SSL-CBRAMOD-256PC-MR04,495,False,0.5003339579728041,0.6934811594688038,ELIGIBLE
GROUP-ac0d68c611d2224cc883,branch_id,__MISSING__,495,False,0.5003339579728041,0.6934811594688038,ELIGIBLE
GROUP-ac0d68c611d2224cc883,budget_id,P01-L1-LOW-CAL-OFFICIAL-R2:256_PER_CLASS,495,False,0.5003339579728041,0.6934811594688038,ELIGIBLE
GROUP-ac0d68c611d2224cc883,split_id,IHARQ-SPLITRECORD-20260806-e4e371d332c61e36,495,False,0.5003339579728041,0.6934811594688038,ELIGIBLE
GROUP-ac0d68c611d2224cc883,calibration_method_id,__MISSING__,495,False,0.5003339579728041,0.6934811594688038,ELIGIBLE
GROUP-eae368048b9467ac5f4c,dataset_id,PhysioNetMI,495,False,0.4992662453840739,0.6924161691219781,ELIGIBLE
GROUP-eae368048b9467ac5f4c,subject_id,107,45,False,0.502983001810649,0.6961635996705188,ELIGIBLE
GROUP-eae368048b9467ac5f4c,subject_id,27,45,False,0.5031981136458507,0.696344933180103,ELIGIBLE
GROUP-eae368048b9467ac5f4c,subject_id,39,45,False,0.5052090179506868,0.6983629100289002,ELIGIBLE
GROUP-eae368048b9467ac5f4c,subject_id,40,45,False,0.4881787738615819,0.6813165359379462,ELIGIBLE
GROUP-eae368048b9467ac5f4c,subject_id,47,45,False,0.4938750182011819,0.6870114508063246,ELIGIBLE
GROUP-eae368048b9467ac5f4c,subject_id,48,45,False,0.4878175034070133,0.6809366023040098,ELIGIBLE
GROUP-eae368048b9467ac5f4c,subject_id,57,45,False,0.5025908146241849,0.6957454707171463,ELIGIBLE
GROUP-eae368048b9467ac5f4c,subject_id,6,45,False,0.5027796753861419,0.6959285031579726,ELIGIBLE
GROUP-eae368048b9467ac5f4c,subject_id,71,45,False,0.4980543794996487,0.6912008396785823,ELIGIBLE
GROUP-eae368048b9467ac5f4c,subject_id,93,45,False,0.49684886970387226,0.6899871256787615,ELIGIBLE
GROUP-eae368048b9467ac5f4c,subject_id,98,45,False,0.5103935311340015,0.7035798891814952,ELIGIBLE
GROUP-eae368048b9467ac5f4c,session_id,0,495,False,0.4992662453840739,0.6924161691219781,ELIGIBLE
GROUP-eae368048b9467ac5f4c,model_id,SSL-CBRAMOD:CBraMod-HF-Braindecode-GovernedP02-R6Scale1e4:P02S-LLX-R1-A0-PhysioNetMI-SSL-CBRAMOD-64PC-MR00,495,False,0.4992662453840739,0.6924161691219781,ELIGIBLE
GROUP-eae368048b9467ac5f4c,branch_id,__MISSING__,495,False,0.4992662453840739,0.6924161691219781,ELIGIBLE
GROUP-eae368048b9467ac5f4c,budget_id,P01-L1-LOW-CAL-OFFICIAL-R2:64_PER_CLASS,495,False,0.4992662453840739,0.6924161691219781,ELIGIBLE
GROUP-eae368048b9467ac5f4c,split_id,IHARQ-SPLITRECORD-20260806-e4e371d332c61e36,495,False,0.4992662453840739,0.6924161691219781,ELIGIBLE
GROUP-eae368048b9467ac5f4c,calibration_method_id,__MISSING__,495,False,0.4992662453840739,0.6924161691219781,ELIGIBLE
GROUP-fc3af83d9edc8504b282,dataset_id,PhysioNetMI,495,False,0.4987561478272138,0.691898350859571,ELIGIBLE
GROUP-fc3af83d9edc8504b282,subject_id,107,45,False,0.5077779629657597,0.7009333660776854,ELIGIBLE
GROUP-fc3af83d9edc8504b282,subject_id,27,45,False,0.5036696559380646,0.6968164224186006,ELIGIBLE
GROUP-fc3af83d9edc8504b282,subject_id,39,45,False,0.4966141956442137,0.6897557444573387,ELIGIBLE
GROUP-fc3af83d9edc8504b282,subject_id,40,45,False,0.48330650097794886,0.6764357553220633,ELIGIBLE
GROUP-fc3af83d9edc8504b282,subject_id,47,45,False,0.49895164637871947,0.6920953338395986,ELIGIBLE
GROUP-fc3af83d9edc8504b282,subject_id,48,45,False,0.5002336709437678,0.6933981470124577,ELIGIBLE
GROUP-fc3af83d9edc8504b282,subject_id,57,45,False,0.4979031480411096,0.6910571647769224,ELIGIBLE
GROUP-fc3af83d9edc8504b282,subject_id,6,45,False,0.5009438439063962,0.6940839205514497,ELIGIBLE
GROUP-fc3af83d9edc8504b282,subject_id,71,45,False,0.4967171038299466,0.6898838226165431,ELIGIBLE
GROUP-fc3af83d9edc8504b282,subject_id,93,45,False,0.4927385749167923,0.6857654443753955,ELIGIBLE
GROUP-fc3af83d9edc8504b282,subject_id,98,45,False,0.5074613225566335,0.7006567380072263,ELIGIBLE
GROUP-fc3af83d9edc8504b282,session_id,0,495,False,0.4987561478272138,0.691898350859571,ELIGIBLE
GROUP-fc3af83d9edc8504b282,model_id,SSL-CBRAMOD:CBraMod-HF-Braindecode-GovernedP02-R6Scale1e4:P02S-LLX-R1-A0-PhysioNetMI-SSL-CBRAMOD-64PC-MR01,495,False,0.4987561478272138,0.691898350859571,ELIGIBLE
GROUP-fc3af83d9edc8504b282,branch_id,__MISSING__,495,False,0.4987561478272138,0.691898350859571,ELIGIBLE
GROUP-fc3af83d9edc8504b282,budget_id,P01-L1-LOW-CAL-OFFICIAL-R2:64_PER_CLASS,495,False,0.4987561478272138,0.691898350859571,ELIGIBLE
GROUP-fc3af83d9edc8504b282,split_id,IHARQ-SPLITRECORD-20260806-e4e371d332c61e36,495,False,0.4987561478272138,0.691898350859571,ELIGIBLE
GROUP-fc3af83d9edc8504b282,calibration_method_id,__MISSING__,495,False,0.4987561478272138,0.691898350859571,ELIGIBLE
GROUP-4dc321756b295596f862,dataset_id,PhysioNetMI,495,False,0.5006220733541794,0.6937727699244004,ELIGIBLE
GROUP-4dc321756b295596f862,subject_id,107,45,False,0.5087105316400347,0.7018825195888294,ELIGIBLE
GROUP-4dc321756b295596f862,subject_id,27,45,False,0.5106487828420102,0.7038056963982293,ELIGIBLE
GROUP-4dc321756b295596f862,subject_id,39,45,False,0.5009954011438449,0.6941446267535863,ELIGIBLE
GROUP-4dc321756b295596f862,subject_id,40,45,False,0.48872811919512843,0.6818613048741301,ELIGIBLE
GROUP-4dc321756b295596f862,subject_id,47,45,False,0.49681587011894507,0.6899616989342191,ELIGIBLE
GROUP-4dc321756b295596f862,subject_id,48,45,False,0.4995484339879873,0.6926912399865415,ELIGIBLE
GROUP-4dc321756b295596f862,subject_id,57,45,False,0.4990886767326375,0.6922376796608638,ELIGIBLE
GROUP-4dc321756b295596f862,subject_id,6,45,False,0.5037883610797336,0.6969393825304986,ELIGIBLE
GROUP-4dc321756b295596f862,subject_id,71,45,False,0.4948458097476761,0.6879908181417634,ELIGIBLE
GROUP-4dc321756b295596f862,subject_id,93,45,False,0.4943246556274739,0.6874665908564437,ELIGIBLE
GROUP-4dc321756b295596f862,subject_id,98,45,False,0.509348164780502,0.7025189114432989,ELIGIBLE
GROUP-4dc321756b295596f862,session_id,0,495,False,0.5006220733541794,0.6937727699244004,ELIGIBLE
GROUP-4dc321756b295596f862,model_id,SSL-CBRAMOD:CBraMod-HF-Braindecode-GovernedP02-R6Scale1e4:P02S-LLX-R1-A0-PhysioNetMI-SSL-CBRAMOD-64PC-MR02,495,False,0.5006220733541794,0.6937727699244004,ELIGIBLE
GROUP-4dc321756b295596f862,branch_id,__MISSING__,495,False,0.5006220733541794,0.6937727699244004,ELIGIBLE
GROUP-4dc321756b295596f862,budget_id,P01-L1-LOW-CAL-OFFICIAL-R2:64_PER_CLASS,495,False,0.5006220733541794,0.6937727699244004,ELIGIBLE
GROUP-4dc321756b295596f862,split_id,IHARQ-SPLITRECORD-20260806-e4e371d332c61e36,495,False,0.5006220733541794,0.6937727699244004,ELIGIBLE
GROUP-4dc321756b295596f862,calibration_method_id,__MISSING__,495,False,0.5006220733541794,0.6937727699244004,ELIGIBLE
GROUP-24791b21a776a7315c28,dataset_id,PhysioNetMI,495,False,0.500214453330318,0.6933621771989609,ELIGIBLE
GROUP-24791b21a776a7315c28,subject_id,107,45,False,0.5066504937126138,0.6998034612640254,ELIGIBLE
GROUP-24791b21a776a7315c28,subject_id,27,45,False,0.5063411608926145,0.6994943664967151,ELIGIBLE
GROUP-24791b21a776a7315c28,subject_id,39,45,False,0.5013968675509873,0.6945482619351504,ELIGIBLE
GROUP-24791b21a776a7315c28,subject_id,40,45,False,0.49084821997640943,0.6839916778654007,ELIGIBLE
GROUP-24791b21a776a7315c28,subject_id,47,45,False,0.4997568022332601,0.6929028649616312,ELIGIBLE
GROUP-24791b21a776a7315c28,subject_id,48,45,False,0.5001463577975702,0.6932949635008335,ELIGIBLE
GROUP-24791b21a776a7315c28,subject_id,57,45,False,0.49443678017313475,0.6875802428894026,ELIGIBLE
GROUP-24791b21a776a7315c28,subject_id,6,45,False,0.5013131095544819,0.6944597270025233,ELIGIBLE
GROUP-24791b21a776a7315c28,subject_id,71,45,False,0.49845003021213463,0.6915967161039143,ELIGIBLE
GROUP-24791b21a776a7315c28,subject_id,93,45,False,0.4973215657568791,0.6904642470133175,ELIGIBLE
GROUP-24791b21a776a7315c28,subject_id,98,45,False,0.5056975987734122,0.6988474201556548,ELIGIBLE
GROUP-24791b21a776a7315c28,session_id,0,495,False,0.500214453330318,0.6933621771989609,ELIGIBLE
GROUP-24791b21a776a7315c28,model_id,SSL-CBRAMOD:CBraMod-HF-Braindecode-GovernedP02-R6Scale1e4:P02S-LLX-R1-A0-PhysioNetMI-SSL-CBRAMOD-64PC-MR03,495,False,0.500214453330318,0.6933621771989609,ELIGIBLE
GROUP-24791b21a776a7315c28,branch_id,__MISSING__,495,False,0.500214453330318,0.6933621771989609,ELIGIBLE
GROUP-24791b21a776a7315c28,budget_id,P01-L1-LOW-CAL-OFFICIAL-R2:64_PER_CLASS,495,False,0.500214453330318,0.6933621771989609,ELIGIBLE
GROUP-24791b21a776a7315c28,split_id,IHARQ-SPLITRECORD-20260806-e4e371d332c61e36,495,False,0.500214453330318,0.6933621771989609,ELIGIBLE
GROUP-24791b21a776a7315c28,calibration_method_id,__MISSING__,495,False,0.500214453330318,0.6933621771989609,ELIGIBLE
GROUP-0801174be829a5ff4830,dataset_id,PhysioNetMI,495,False,0.5004490711999504,0.6936029571117469,ELIGIBLE
GROUP-0801174be829a5ff4830,subject_id,107,45,False,0.5117718034877684,0.7050002918862671,ELIGIBLE
GROUP-0801174be829a5ff4830,subject_id,27,45,False,0.5142311141712566,0.7073939784000727,ELIGIBLE
GROUP-0801174be829a5ff4830,subject_id,39,45,False,0.50679831377027,0.6999587917161274,ELIGIBLE
GROUP-0801174be829a5ff4830,subject_id,40,45,False,0.47660959867849023,0.6696971770322528,ELIGIBLE
GROUP-0801174be829a5ff4830,subject_id,47,45,False,0.4952409334876989,0.6883660517521204,ELIGIBLE
GROUP-0801174be829a5ff4830,subject_id,48,45,False,0.4951376504949199,0.6882692070280372,ELIGIBLE
GROUP-0801174be829a5ff4830,subject_id,57,45,False,0.5045906484220316,0.6977573164951071,ELIGIBLE
GROUP-0801174be829a5ff4830,subject_id,6,45,False,0.5052306686411431,0.6983905658030893,ELIGIBLE
GROUP-0801174be829a5ff4830,subject_id,71,45,False,0.488008698513666,0.6811310727045871,ELIGIBLE
GROUP-0801174be829a5ff4830,subject_id,93,45,False,0.49367923078401055,0.6868156088736525,ELIGIBLE
GROUP-0801174be829a5ff4830,subject_id,98,45,False,0.5136411227481992,0.7068524665379029,ELIGIBLE
GROUP-0801174be829a5ff4830,session_id,0,495,False,0.5004490711999504,0.6936029571117469,ELIGIBLE
GROUP-0801174be829a5ff4830,model_id,SSL-CBRAMOD:CBraMod-HF-Braindecode-GovernedP02-R6Scale1e4:P02S-LLX-R1-A0-PhysioNetMI-SSL-CBRAMOD-64PC-MR04,495,False,0.5004490711999504,0.6936029571117469,ELIGIBLE
GROUP-0801174be829a5ff4830,branch_id,__MISSING__,495,False,0.5004490711999504,0.6936029571117469,ELIGIBLE
GROUP-0801174be829a5ff4830,budget_id,P01-L1-LOW-CAL-OFFICIAL-R2:64_PER_CLASS,495,False,0.5004490711999504,0.6936029571117469,ELIGIBLE
GROUP-0801174be829a5ff4830,split_id,IHARQ-SPLITRECORD-20260806-e4e371d332c61e36,495,False,0.5004490711999504,0.6936029571117469,ELIGIBLE
GROUP-0801174be829a5ff4830,calibration_method_id,__MISSING__,495,False,0.5004490711999504,0.6936029571117469,ELIGIBLE
