source,dataset_id,budget_id,budget_short,model_repeat_index,role_id,condition_id,condition_short,subject_id,matched_events,BACC_C0,BACC_A4,delta_BACC
CANONICAL_STAGE18_MR00,PhysioNetMI,FULL_TRAIN,FULL,0,NEURAL,A4-C1-LONG-3P5S,C1,107,45,0.6041666666666666,0.6101190476190476,0.005952380952380931
CANONICAL_STAGE18_MR00,PhysioNetMI,FULL_TRAIN,FULL,0,NEURAL,A4-C1-LONG-3P5S,C1,27,45,0.5810276679841897,0.7114624505928854,0.13043478260869568
CANONICAL_STAGE18_MR00,PhysioNetMI,FULL_TRAIN,FULL,0,NEURAL,A4-C1-LONG-3P5S,C1,39,45,0.6047430830039526,0.4713438735177865,-0.13339920948616613
CANONICAL_STAGE18_MR00,PhysioNetMI,FULL_TRAIN,FULL,0,NEURAL,A4-C1-LONG-3P5S,C1,40,45,0.49404761904761907,0.8303571428571428,0.3363095238095237
CANONICAL_STAGE18_MR00,PhysioNetMI,FULL_TRAIN,FULL,0,NEURAL,A4-C1-LONG-3P5S,C1,47,45,0.5297619047619048,0.6547619047619048,0.125
CANONICAL_STAGE18_MR00,PhysioNetMI,FULL_TRAIN,FULL,0,NEURAL,A4-C1-LONG-3P5S,C1,48,45,0.8260869565217391,0.6946640316205533,-0.1314229249011858
CANONICAL_STAGE18_MR00,PhysioNetMI,FULL_TRAIN,FULL,0,NEURAL,A4-C1-LONG-3P5S,C1,57,45,0.5982142857142857,0.6875,0.0892857142857143
CANONICAL_STAGE18_MR00,PhysioNetMI,FULL_TRAIN,FULL,0,NEURAL,A4-C1-LONG-3P5S,C1,6,45,0.5625,0.6309523809523809,0.06845238095238093
CANONICAL_STAGE18_MR00,PhysioNetMI,FULL_TRAIN,FULL,0,NEURAL,A4-C1-LONG-3P5S,C1,71,45,0.8695652173913043,0.8013833992094861,-0.06818181818181823
CANONICAL_STAGE18_MR00,PhysioNetMI,FULL_TRAIN,FULL,0,NEURAL,A4-C1-LONG-3P5S,C1,93,45,0.8873517786561265,0.825098814229249,-0.062252964426877444
CANONICAL_STAGE18_MR00,PhysioNetMI,FULL_TRAIN,FULL,0,NEURAL,A4-C1-LONG-3P5S,C1,98,45,0.5088932806324111,0.6017786561264822,0.09288537549407105
CANONICAL_STAGE18_MR00,PhysioNetMI,FULL_TRAIN,FULL,0,NEURAL,A4-C2-MULTI-HARD-VOTE,C2,107,45,0.6041666666666666,0.5892857142857143,-0.014880952380952328
CANONICAL_STAGE18_MR00,PhysioNetMI,FULL_TRAIN,FULL,0,NEURAL,A4-C2-MULTI-HARD-VOTE,C2,27,45,0.5810276679841897,0.5158102766798419,-0.06521739130434778
CANONICAL_STAGE18_MR00,PhysioNetMI,FULL_TRAIN,FULL,0,NEURAL,A4-C2-MULTI-HARD-VOTE,C2,39,45,0.6047430830039526,0.6067193675889329,0.0019762845849802257
CANONICAL_STAGE18_MR00,PhysioNetMI,FULL_TRAIN,FULL,0,NEURAL,A4-C2-MULTI-HARD-VOTE,C2,40,45,0.49404761904761907,0.7410714285714286,0.24702380952380953
CANONICAL_STAGE18_MR00,PhysioNetMI,FULL_TRAIN,FULL,0,NEURAL,A4-C2-MULTI-HARD-VOTE,C2,47,45,0.5297619047619048,0.5029761904761905,-0.0267857142857143
CANONICAL_STAGE18_MR00,PhysioNetMI,FULL_TRAIN,FULL,0,NEURAL,A4-C2-MULTI-HARD-VOTE,C2,48,45,0.8260869565217391,0.7361660079051384,-0.08992094861660072
CANONICAL_STAGE18_MR00,PhysioNetMI,FULL_TRAIN,FULL,0,NEURAL,A4-C2-MULTI-HARD-VOTE,C2,57,45,0.5982142857142857,0.6636904761904763,0.06547619047619058
CANONICAL_STAGE18_MR00,PhysioNetMI,FULL_TRAIN,FULL,0,NEURAL,A4-C2-MULTI-HARD-VOTE,C2,6,45,0.5625,0.6220238095238095,0.059523809523809534
CANONICAL_STAGE18_MR00,PhysioNetMI,FULL_TRAIN,FULL,0,NEURAL,A4-C2-MULTI-HARD-VOTE,C2,71,45,0.8695652173913043,0.8695652173913043,0.0
CANONICAL_STAGE18_MR00,PhysioNetMI,FULL_TRAIN,FULL,0,NEURAL,A4-C2-MULTI-HARD-VOTE,C2,93,45,0.8873517786561265,0.9110671936758893,0.02371541501976282
CANONICAL_STAGE18_MR00,PhysioNetMI,FULL_TRAIN,FULL,0,NEURAL,A4-C2-MULTI-HARD-VOTE,C2,98,45,0.5088932806324111,0.5286561264822134,0.019762845849802257
CANONICAL_STAGE18_MR00,PhysioNetMI,FULL_TRAIN,FULL,0,NEURAL,A4-C3-MULTI-PROB-AVG,C3,107,45,0.6041666666666666,0.5714285714285714,-0.03273809523809523
CANONICAL_STAGE18_MR00,PhysioNetMI,FULL_TRAIN,FULL,0,NEURAL,A4-C3-MULTI-PROB-AVG,C3,27,45,0.5810276679841897,0.5839920948616601,0.0029644268774704496
CANONICAL_STAGE18_MR00,PhysioNetMI,FULL_TRAIN,FULL,0,NEURAL,A4-C3-MULTI-PROB-AVG,C3,39,45,0.6047430830039526,0.5197628458498024,-0.08498023715415026
CANONICAL_STAGE18_MR00,PhysioNetMI,FULL_TRAIN,FULL,0,NEURAL,A4-C3-MULTI-PROB-AVG,C3,40,45,0.49404761904761907,0.8035714285714286,0.30952380952380953
CANONICAL_STAGE18_MR00,PhysioNetMI,FULL_TRAIN,FULL,0,NEURAL,A4-C3-MULTI-PROB-AVG,C3,47,45,0.5297619047619048,0.5238095238095238,-0.005952380952380931
CANONICAL_STAGE18_MR00,PhysioNetMI,FULL_TRAIN,FULL,0,NEURAL,A4-C3-MULTI-PROB-AVG,C3,48,45,0.8260869565217391,0.7806324110671936,-0.045454545454545525
CANONICAL_STAGE18_MR00,PhysioNetMI,FULL_TRAIN,FULL,0,NEURAL,A4-C3-MULTI-PROB-AVG,C3,57,45,0.5982142857142857,0.6904761904761905,0.09226190476190477
CANONICAL_STAGE18_MR00,PhysioNetMI,FULL_TRAIN,FULL,0,NEURAL,A4-C3-MULTI-PROB-AVG,C3,6,45,0.5625,0.6220238095238095,0.059523809523809534
CANONICAL_STAGE18_MR00,PhysioNetMI,FULL_TRAIN,FULL,0,NEURAL,A4-C3-MULTI-PROB-AVG,C3,71,45,0.8695652173913043,0.8241106719367588,-0.045454545454545525
CANONICAL_STAGE18_MR00,PhysioNetMI,FULL_TRAIN,FULL,0,NEURAL,A4-C3-MULTI-PROB-AVG,C3,93,45,0.8873517786561265,0.9328063241106719,0.045454545454545414
CANONICAL_STAGE18_MR00,PhysioNetMI,FULL_TRAIN,FULL,0,NEURAL,A4-C3-MULTI-PROB-AVG,C3,98,45,0.5088932806324111,0.5286561264822134,0.019762845849802257
CANONICAL_STAGE18_MR00,PhysioNetMI,FULL_TRAIN,FULL,0,SSL,A4-C2-MULTI-HARD-VOTE,C2,107,45,0.46726190476190477,0.5446428571428572,0.07738095238095244
CANONICAL_STAGE18_MR00,PhysioNetMI,FULL_TRAIN,FULL,0,SSL,A4-C2-MULTI-HARD-VOTE,C2,27,45,0.6462450592885376,0.5790513833992095,-0.06719367588932812
CANONICAL_STAGE18_MR00,PhysioNetMI,FULL_TRAIN,FULL,0,SSL,A4-C2-MULTI-HARD-VOTE,C2,39,45,0.5553359683794465,0.48616600790513836,-0.06916996047430818
CANONICAL_STAGE18_MR00,PhysioNetMI,FULL_TRAIN,FULL,0,SSL,A4-C2-MULTI-HARD-VOTE,C2,40,45,0.5476190476190476,0.6398809523809523,0.09226190476190477
CANONICAL_STAGE18_MR00,PhysioNetMI,FULL_TRAIN,FULL,0,SSL,A4-C2-MULTI-HARD-VOTE,C2,47,45,0.44047619047619047,0.4583333333333333,0.01785714285714285
CANONICAL_STAGE18_MR00,PhysioNetMI,FULL_TRAIN,FULL,0,SSL,A4-C2-MULTI-HARD-VOTE,C2,48,45,0.6215415019762847,0.6699604743083004,0.04841897233201575
CANONICAL_STAGE18_MR00,PhysioNetMI,FULL_TRAIN,FULL,0,SSL,A4-C2-MULTI-HARD-VOTE,C2,57,45,0.4494047619047619,0.5625,0.11309523809523808
CANONICAL_STAGE18_MR00,PhysioNetMI,FULL_TRAIN,FULL,0,SSL,A4-C2-MULTI-HARD-VOTE,C2,6,45,0.4910714285714286,0.5148809523809523,0.023809523809523725
CANONICAL_STAGE18_MR00,PhysioNetMI,FULL_TRAIN,FULL,0,SSL,A4-C2-MULTI-HARD-VOTE,C2,71,45,0.7124505928853755,0.7134387351778657,0.000988142292490224
CANONICAL_STAGE18_MR00,PhysioNetMI,FULL_TRAIN,FULL,0,SSL,A4-C2-MULTI-HARD-VOTE,C2,93,45,0.6452569169960474,0.6877470355731226,0.04249011857707519
CANONICAL_STAGE18_MR00,PhysioNetMI,FULL_TRAIN,FULL,0,SSL,A4-C2-MULTI-HARD-VOTE,C2,98,45,0.46837944664031617,0.46640316205533594,-0.0019762845849802257
CANONICAL_STAGE18_MR00,PhysioNetMI,FULL_TRAIN,FULL,0,SSL,A4-C3-MULTI-PROB-AVG,C3,107,45,0.46726190476190477,0.4642857142857143,-0.0029761904761904656
CANONICAL_STAGE18_MR00,PhysioNetMI,FULL_TRAIN,FULL,0,SSL,A4-C3-MULTI-PROB-AVG,C3,27,45,0.6462450592885376,0.5790513833992095,-0.06719367588932812
CANONICAL_STAGE18_MR00,PhysioNetMI,FULL_TRAIN,FULL,0,SSL,A4-C3-MULTI-PROB-AVG,C3,39,45,0.5553359683794465,0.41897233201581024,-0.1363636363636363
CANONICAL_STAGE18_MR00,PhysioNetMI,FULL_TRAIN,FULL,0,SSL,A4-C3-MULTI-PROB-AVG,C3,40,45,0.5476190476190476,0.6220238095238095,0.07440476190476197
CANONICAL_STAGE18_MR00,PhysioNetMI,FULL_TRAIN,FULL,0,SSL,A4-C3-MULTI-PROB-AVG,C3,47,45,0.44047619047619047,0.44345238095238093,0.0029761904761904656
CANONICAL_STAGE18_MR00,PhysioNetMI,FULL_TRAIN,FULL,0,SSL,A4-C3-MULTI-PROB-AVG,C3,48,45,0.6215415019762847,0.6699604743083004,0.04841897233201575
CANONICAL_STAGE18_MR00,PhysioNetMI,FULL_TRAIN,FULL,0,SSL,A4-C3-MULTI-PROB-AVG,C3,57,45,0.4494047619047619,0.625,0.17559523809523808
CANONICAL_STAGE18_MR00,PhysioNetMI,FULL_TRAIN,FULL,0,SSL,A4-C3-MULTI-PROB-AVG,C3,6,45,0.4910714285714286,0.4464285714285714,-0.044642857142857206
CANONICAL_STAGE18_MR00,PhysioNetMI,FULL_TRAIN,FULL,0,SSL,A4-C3-MULTI-PROB-AVG,C3,71,45,0.7124505928853755,0.7154150197628458,0.0029644268774703386
CANONICAL_STAGE18_MR00,PhysioNetMI,FULL_TRAIN,FULL,0,SSL,A4-C3-MULTI-PROB-AVG,C3,93,45,0.6452569169960474,0.6877470355731226,0.04249011857707519
CANONICAL_STAGE18_MR00,PhysioNetMI,FULL_TRAIN,FULL,0,SSL,A4-C3-MULTI-PROB-AVG,C3,98,45,0.46837944664031617,0.4654150197628458,-0.0029644268774703386
CANONICAL_STAGE18_MR00,PhysioNetMI,P01-L1-LOW-CAL-OFFICIAL-R2:1_PER_CLASS,1,0,NEURAL,A4-C1-LONG-3P5S,C1,107,45,0.38988095238095233,0.5,0.11011904761904767
CANONICAL_STAGE18_MR00,PhysioNetMI,P01-L1-LOW-CAL-OFFICIAL-R2:1_PER_CLASS,1,0,NEURAL,A4-C1-LONG-3P5S,C1,27,45,0.4841897233201581,0.5,0.015810276679841917
CANONICAL_STAGE18_MR00,PhysioNetMI,P01-L1-LOW-CAL-OFFICIAL-R2:1_PER_CLASS,1,0,NEURAL,A4-C1-LONG-3P5S,C1,39,45,0.3330039525691699,0.5,0.16699604743083007
CANONICAL_STAGE18_MR00,PhysioNetMI,P01-L1-LOW-CAL-OFFICIAL-R2:1_PER_CLASS,1,0,NEURAL,A4-C1-LONG-3P5S,C1,40,45,0.5178571428571428,0.5,-0.017857142857142794
CANONICAL_STAGE18_MR00,PhysioNetMI,P01-L1-LOW-CAL-OFFICIAL-R2:1_PER_CLASS,1,0,NEURAL,A4-C1-LONG-3P5S,C1,47,45,0.5,0.5,0.0
CANONICAL_STAGE18_MR00,PhysioNetMI,P01-L1-LOW-CAL-OFFICIAL-R2:1_PER_CLASS,1,0,NEURAL,A4-C1-LONG-3P5S,C1,48,45,0.48023715415019763,0.4258893280632411,-0.05434782608695654
CANONICAL_STAGE18_MR00,PhysioNetMI,P01-L1-LOW-CAL-OFFICIAL-R2:1_PER_CLASS,1,0,NEURAL,A4-C1-LONG-3P5S,C1,57,45,0.49702380952380953,0.5,0.0029761904761904656
CANONICAL_STAGE18_MR00,PhysioNetMI,P01-L1-LOW-CAL-OFFICIAL-R2:1_PER_CLASS,1,0,NEURAL,A4-C1-LONG-3P5S,C1,6,45,0.5089285714285714,0.5,-0.008928571428571397
CANONICAL_STAGE18_MR00,PhysioNetMI,P01-L1-LOW-CAL-OFFICIAL-R2:1_PER_CLASS,1,0,NEURAL,A4-C1-LONG-3P5S,C1,71,45,0.5405138339920948,0.5,-0.04051383399209485
CANONICAL_STAGE18_MR00,PhysioNetMI,P01-L1-LOW-CAL-OFFICIAL-R2:1_PER_CLASS,1,0,NEURAL,A4-C1-LONG-3P5S,C1,93,45,0.5,0.5,0.0
CANONICAL_STAGE18_MR00,PhysioNetMI,P01-L1-LOW-CAL-OFFICIAL-R2:1_PER_CLASS,1,0,NEURAL,A4-C1-LONG-3P5S,C1,98,45,0.5009881422924901,0.5,-0.0009881422924901129
CANONICAL_STAGE18_MR00,PhysioNetMI,P01-L1-LOW-CAL-OFFICIAL-R2:1_PER_CLASS,1,0,NEURAL,A4-C2-MULTI-HARD-VOTE,C2,107,45,0.38988095238095233,0.5,0.11011904761904767
CANONICAL_STAGE18_MR00,PhysioNetMI,P01-L1-LOW-CAL-OFFICIAL-R2:1_PER_CLASS,1,0,NEURAL,A4-C2-MULTI-HARD-VOTE,C2,27,45,0.4841897233201581,0.5,0.015810276679841917
CANONICAL_STAGE18_MR00,PhysioNetMI,P01-L1-LOW-CAL-OFFICIAL-R2:1_PER_CLASS,1,0,NEURAL,A4-C2-MULTI-HARD-VOTE,C2,39,45,0.3330039525691699,0.46047430830039526,0.12747035573122534
CANONICAL_STAGE18_MR00,PhysioNetMI,P01-L1-LOW-CAL-OFFICIAL-R2:1_PER_CLASS,1,0,NEURAL,A4-C2-MULTI-HARD-VOTE,C2,40,45,0.5178571428571428,0.5,-0.017857142857142794
CANONICAL_STAGE18_MR00,PhysioNetMI,P01-L1-LOW-CAL-OFFICIAL-R2:1_PER_CLASS,1,0,NEURAL,A4-C2-MULTI-HARD-VOTE,C2,47,45,0.5,0.5,0.0
CANONICAL_STAGE18_MR00,PhysioNetMI,P01-L1-LOW-CAL-OFFICIAL-R2:1_PER_CLASS,1,0,NEURAL,A4-C2-MULTI-HARD-VOTE,C2,48,45,0.48023715415019763,0.43675889328063244,-0.04347826086956519
CANONICAL_STAGE18_MR00,PhysioNetMI,P01-L1-LOW-CAL-OFFICIAL-R2:1_PER_CLASS,1,0,NEURAL,A4-C2-MULTI-HARD-VOTE,C2,57,45,0.49702380952380953,0.5803571428571428,0.08333333333333326
CANONICAL_STAGE18_MR00,PhysioNetMI,P01-L1-LOW-CAL-OFFICIAL-R2:1_PER_CLASS,1,0,NEURAL,A4-C2-MULTI-HARD-VOTE,C2,6,45,0.5089285714285714,0.5,-0.008928571428571397
CANONICAL_STAGE18_MR00,PhysioNetMI,P01-L1-LOW-CAL-OFFICIAL-R2:1_PER_CLASS,1,0,NEURAL,A4-C2-MULTI-HARD-VOTE,C2,71,45,0.5405138339920948,0.5,-0.04051383399209485
CANONICAL_STAGE18_MR00,PhysioNetMI,P01-L1-LOW-CAL-OFFICIAL-R2:1_PER_CLASS,1,0,NEURAL,A4-C2-MULTI-HARD-VOTE,C2,93,45,0.5,0.5,0.0
CANONICAL_STAGE18_MR00,PhysioNetMI,P01-L1-LOW-CAL-OFFICIAL-R2:1_PER_CLASS,1,0,NEURAL,A4-C2-MULTI-HARD-VOTE,C2,98,45,0.5009881422924901,0.5,-0.0009881422924901129
CANONICAL_STAGE18_MR00,PhysioNetMI,P01-L1-LOW-CAL-OFFICIAL-R2:1_PER_CLASS,1,0,NEURAL,A4-C3-MULTI-PROB-AVG,C3,107,45,0.38988095238095233,0.5,0.11011904761904767
CANONICAL_STAGE18_MR00,PhysioNetMI,P01-L1-LOW-CAL-OFFICIAL-R2:1_PER_CLASS,1,0,NEURAL,A4-C3-MULTI-PROB-AVG,C3,27,45,0.4841897233201581,0.5,0.015810276679841917
CANONICAL_STAGE18_MR00,PhysioNetMI,P01-L1-LOW-CAL-OFFICIAL-R2:1_PER_CLASS,1,0,NEURAL,A4-C3-MULTI-PROB-AVG,C3,39,45,0.3330039525691699,0.48122529644268774,0.14822134387351782
CANONICAL_STAGE18_MR00,PhysioNetMI,P01-L1-LOW-CAL-OFFICIAL-R2:1_PER_CLASS,1,0,NEURAL,A4-C3-MULTI-PROB-AVG,C3,40,45,0.5178571428571428,0.5,-0.017857142857142794
CANONICAL_STAGE18_MR00,PhysioNetMI,P01-L1-LOW-CAL-OFFICIAL-R2:1_PER_CLASS,1,0,NEURAL,A4-C3-MULTI-PROB-AVG,C3,47,45,0.5,0.5,0.0
CANONICAL_STAGE18_MR00,PhysioNetMI,P01-L1-LOW-CAL-OFFICIAL-R2:1_PER_CLASS,1,0,NEURAL,A4-C3-MULTI-PROB-AVG,C3,48,45,0.48023715415019763,0.4150197628458498,-0.06521739130434784
CANONICAL_STAGE18_MR00,PhysioNetMI,P01-L1-LOW-CAL-OFFICIAL-R2:1_PER_CLASS,1,0,NEURAL,A4-C3-MULTI-PROB-AVG,C3,57,45,0.49702380952380953,0.5119047619047619,0.014880952380952328
CANONICAL_STAGE18_MR00,PhysioNetMI,P01-L1-LOW-CAL-OFFICIAL-R2:1_PER_CLASS,1,0,NEURAL,A4-C3-MULTI-PROB-AVG,C3,6,45,0.5089285714285714,0.5,-0.008928571428571397
CANONICAL_STAGE18_MR00,PhysioNetMI,P01-L1-LOW-CAL-OFFICIAL-R2:1_PER_CLASS,1,0,NEURAL,A4-C3-MULTI-PROB-AVG,C3,71,45,0.5405138339920948,0.5,-0.04051383399209485
CANONICAL_STAGE18_MR00,PhysioNetMI,P01-L1-LOW-CAL-OFFICIAL-R2:1_PER_CLASS,1,0,NEURAL,A4-C3-MULTI-PROB-AVG,C3,93,45,0.5,0.5,0.0
CANONICAL_STAGE18_MR00,PhysioNetMI,P01-L1-LOW-CAL-OFFICIAL-R2:1_PER_CLASS,1,0,NEURAL,A4-C3-MULTI-PROB-AVG,C3,98,45,0.5009881422924901,0.5,-0.0009881422924901129
CANONICAL_STAGE18_MR00,PhysioNetMI,P01-L1-LOW-CAL-OFFICIAL-R2:1_PER_CLASS,1,0,SSL,A4-C2-MULTI-HARD-VOTE,C2,107,45,0.44047619047619047,0.4642857142857143,0.023809523809523836
CANONICAL_STAGE18_MR00,PhysioNetMI,P01-L1-LOW-CAL-OFFICIAL-R2:1_PER_CLASS,1,0,SSL,A4-C2-MULTI-HARD-VOTE,C2,27,45,0.5464426877470356,0.5227272727272727,-0.02371541501976293
CANONICAL_STAGE18_MR00,PhysioNetMI,P01-L1-LOW-CAL-OFFICIAL-R2:1_PER_CLASS,1,0,SSL,A4-C2-MULTI-HARD-VOTE,C2,39,45,0.5247035573122529,0.48320158102766797,-0.04150197628458496
CANONICAL_STAGE18_MR00,PhysioNetMI,P01-L1-LOW-CAL-OFFICIAL-R2:1_PER_CLASS,1,0,SSL,A4-C2-MULTI-HARD-VOTE,C2,40,45,0.5208333333333334,0.5,-0.02083333333333337
CANONICAL_STAGE18_MR00,PhysioNetMI,P01-L1-LOW-CAL-OFFICIAL-R2:1_PER_CLASS,1,0,SSL,A4-C2-MULTI-HARD-VOTE,C2,47,45,0.5,0.5,0.0
CANONICAL_STAGE18_MR00,PhysioNetMI,P01-L1-LOW-CAL-OFFICIAL-R2:1_PER_CLASS,1,0,SSL,A4-C2-MULTI-HARD-VOTE,C2,48,45,0.4496047430830039,0.3804347826086957,-0.06916996047430823
CANONICAL_STAGE18_MR00,PhysioNetMI,P01-L1-LOW-CAL-OFFICIAL-R2:1_PER_CLASS,1,0,SSL,A4-C2-MULTI-HARD-VOTE,C2,57,45,0.4821428571428571,0.4494047619047619,-0.03273809523809518
CANONICAL_STAGE18_MR00,PhysioNetMI,P01-L1-LOW-CAL-OFFICIAL-R2:1_PER_CLASS,1,0,SSL,A4-C2-MULTI-HARD-VOTE,C2,6,45,0.5,0.5,0.0
CANONICAL_STAGE18_MR00,PhysioNetMI,P01-L1-LOW-CAL-OFFICIAL-R2:1_PER_CLASS,1,0,SSL,A4-C2-MULTI-HARD-VOTE,C2,71,45,0.5,0.4990118577075099,-0.0009881422924901129
CANONICAL_STAGE18_MR00,PhysioNetMI,P01-L1-LOW-CAL-OFFICIAL-R2:1_PER_CLASS,1,0,SSL,A4-C2-MULTI-HARD-VOTE,C2,93,45,0.45652173913043476,0.4782608695652174,0.02173913043478265
CANONICAL_STAGE18_MR00,PhysioNetMI,P01-L1-LOW-CAL-OFFICIAL-R2:1_PER_CLASS,1,0,SSL,A4-C2-MULTI-HARD-VOTE,C2,98,45,0.525691699604743,0.5227272727272727,-0.0029644268774703386
CANONICAL_STAGE18_MR00,PhysioNetMI,P01-L1-LOW-CAL-OFFICIAL-R2:1_PER_CLASS,1,0,SSL,A4-C3-MULTI-PROB-AVG,C3,107,45,0.44047619047619047,0.44047619047619047,0.0
CANONICAL_STAGE18_MR00,PhysioNetMI,P01-L1-LOW-CAL-OFFICIAL-R2:1_PER_CLASS,1,0,SSL,A4-C3-MULTI-PROB-AVG,C3,27,45,0.5464426877470356,0.4782608695652174,-0.06818181818181823
CANONICAL_STAGE18_MR00,PhysioNetMI,P01-L1-LOW-CAL-OFFICIAL-R2:1_PER_CLASS,1,0,SSL,A4-C3-MULTI-PROB-AVG,C3,39,45,0.5247035573122529,0.46047430830039526,-0.06422924901185767
CANONICAL_STAGE18_MR00,PhysioNetMI,P01-L1-LOW-CAL-OFFICIAL-R2:1_PER_CLASS,1,0,SSL,A4-C3-MULTI-PROB-AVG,C3,40,45,0.5208333333333334,0.5,-0.02083333333333337
CANONICAL_STAGE18_MR00,PhysioNetMI,P01-L1-LOW-CAL-OFFICIAL-R2:1_PER_CLASS,1,0,SSL,A4-C3-MULTI-PROB-AVG,C3,47,45,0.5,0.5,0.0
CANONICAL_STAGE18_MR00,PhysioNetMI,P01-L1-LOW-CAL-OFFICIAL-R2:1_PER_CLASS,1,0,SSL,A4-C3-MULTI-PROB-AVG,C3,48,45,0.4496047430830039,0.424901185770751,-0.024703557312252933
CANONICAL_STAGE18_MR00,PhysioNetMI,P01-L1-LOW-CAL-OFFICIAL-R2:1_PER_CLASS,1,0,SSL,A4-C3-MULTI-PROB-AVG,C3,57,45,0.4821428571428571,0.5386904761904762,0.05654761904761907
CANONICAL_STAGE18_MR00,PhysioNetMI,P01-L1-LOW-CAL-OFFICIAL-R2:1_PER_CLASS,1,0,SSL,A4-C3-MULTI-PROB-AVG,C3,6,45,0.5,0.5238095238095238,0.023809523809523836
CANONICAL_STAGE18_MR00,PhysioNetMI,P01-L1-LOW-CAL-OFFICIAL-R2:1_PER_CLASS,1,0,SSL,A4-C3-MULTI-PROB-AVG,C3,71,45,0.5,0.5217391304347826,0.021739130434782594
CANONICAL_STAGE18_MR00,PhysioNetMI,P01-L1-LOW-CAL-OFFICIAL-R2:1_PER_CLASS,1,0,SSL,A4-C3-MULTI-PROB-AVG,C3,93,45,0.45652173913043476,0.5,0.043478260869565244
CANONICAL_STAGE18_MR00,PhysioNetMI,P01-L1-LOW-CAL-OFFICIAL-R2:1_PER_CLASS,1,0,SSL,A4-C3-MULTI-PROB-AVG,C3,98,45,0.525691699604743,0.5227272727272727,-0.0029644268774703386
CANONICAL_STAGE18_MR00,PhysioNetMI,P01-L1-LOW-CAL-OFFICIAL-R2:8_PER_CLASS,8,0,NEURAL,A4-C1-LONG-3P5S,C1,107,45,0.5,0.5,0.0
CANONICAL_STAGE18_MR00,PhysioNetMI,P01-L1-LOW-CAL-OFFICIAL-R2:8_PER_CLASS,8,0,NEURAL,A4-C1-LONG-3P5S,C1,27,45,0.5,0.5,0.0
CANONICAL_STAGE18_MR00,PhysioNetMI,P01-L1-LOW-CAL-OFFICIAL-R2:8_PER_CLASS,8,0,NEURAL,A4-C1-LONG-3P5S,C1,39,45,0.5,0.5,0.0
CANONICAL_STAGE18_MR00,PhysioNetMI,P01-L1-LOW-CAL-OFFICIAL-R2:8_PER_CLASS,8,0,NEURAL,A4-C1-LONG-3P5S,C1,40,45,0.5,0.5,0.0
CANONICAL_STAGE18_MR00,PhysioNetMI,P01-L1-LOW-CAL-OFFICIAL-R2:8_PER_CLASS,8,0,NEURAL,A4-C1-LONG-3P5S,C1,47,45,0.5,0.5,0.0
CANONICAL_STAGE18_MR00,PhysioNetMI,P01-L1-LOW-CAL-OFFICIAL-R2:8_PER_CLASS,8,0,NEURAL,A4-C1-LONG-3P5S,C1,48,45,0.5,0.45454545454545453,-0.04545454545454547
CANONICAL_STAGE18_MR00,PhysioNetMI,P01-L1-LOW-CAL-OFFICIAL-R2:8_PER_CLASS,8,0,NEURAL,A4-C1-LONG-3P5S,C1,57,45,0.5,0.5,0.0
CANONICAL_STAGE18_MR00,PhysioNetMI,P01-L1-LOW-CAL-OFFICIAL-R2:8_PER_CLASS,8,0,NEURAL,A4-C1-LONG-3P5S,C1,6,45,0.5,0.5,0.0
CANONICAL_STAGE18_MR00,PhysioNetMI,P01-L1-LOW-CAL-OFFICIAL-R2:8_PER_CLASS,8,0,NEURAL,A4-C1-LONG-3P5S,C1,71,45,0.5,0.5,0.0
CANONICAL_STAGE18_MR00,PhysioNetMI,P01-L1-LOW-CAL-OFFICIAL-R2:8_PER_CLASS,8,0,NEURAL,A4-C1-LONG-3P5S,C1,93,45,0.5,0.5,0.0
CANONICAL_STAGE18_MR00,PhysioNetMI,P01-L1-LOW-CAL-OFFICIAL-R2:8_PER_CLASS,8,0,NEURAL,A4-C1-LONG-3P5S,C1,98,45,0.5,0.5,0.0
CANONICAL_STAGE18_MR00,PhysioNetMI,P01-L1-LOW-CAL-OFFICIAL-R2:8_PER_CLASS,8,0,NEURAL,A4-C2-MULTI-HARD-VOTE,C2,107,45,0.5,0.5,0.0
CANONICAL_STAGE18_MR00,PhysioNetMI,P01-L1-LOW-CAL-OFFICIAL-R2:8_PER_CLASS,8,0,NEURAL,A4-C2-MULTI-HARD-VOTE,C2,27,45,0.5,0.45652173913043476,-0.043478260869565244
CANONICAL_STAGE18_MR00,PhysioNetMI,P01-L1-LOW-CAL-OFFICIAL-R2:8_PER_CLASS,8,0,NEURAL,A4-C2-MULTI-HARD-VOTE,C2,39,45,0.5,0.5286561264822134,0.028656126482213384
CANONICAL_STAGE18_MR00,PhysioNetMI,P01-L1-LOW-CAL-OFFICIAL-R2:8_PER_CLASS,8,0,NEURAL,A4-C2-MULTI-HARD-VOTE,C2,40,45,0.5,0.5,0.0
CANONICAL_STAGE18_MR00,PhysioNetMI,P01-L1-LOW-CAL-OFFICIAL-R2:8_PER_CLASS,8,0,NEURAL,A4-C2-MULTI-HARD-VOTE,C2,47,45,0.5,0.5,0.0
CANONICAL_STAGE18_MR00,PhysioNetMI,P01-L1-LOW-CAL-OFFICIAL-R2:8_PER_CLASS,8,0,NEURAL,A4-C2-MULTI-HARD-VOTE,C2,48,45,0.5,0.48023715415019763,-0.01976284584980237
CANONICAL_STAGE18_MR00,PhysioNetMI,P01-L1-LOW-CAL-OFFICIAL-R2:8_PER_CLASS,8,0,NEURAL,A4-C2-MULTI-HARD-VOTE,C2,57,45,0.5,0.5,0.0
CANONICAL_STAGE18_MR00,PhysioNetMI,P01-L1-LOW-CAL-OFFICIAL-R2:8_PER_CLASS,8,0,NEURAL,A4-C2-MULTI-HARD-VOTE,C2,6,45,0.5,0.5,0.0
CANONICAL_STAGE18_MR00,PhysioNetMI,P01-L1-LOW-CAL-OFFICIAL-R2:8_PER_CLASS,8,0,NEURAL,A4-C2-MULTI-HARD-VOTE,C2,71,45,0.5,0.5,0.0
CANONICAL_STAGE18_MR00,PhysioNetMI,P01-L1-LOW-CAL-OFFICIAL-R2:8_PER_CLASS,8,0,NEURAL,A4-C2-MULTI-HARD-VOTE,C2,93,45,0.5,0.5,0.0
CANONICAL_STAGE18_MR00,PhysioNetMI,P01-L1-LOW-CAL-OFFICIAL-R2:8_PER_CLASS,8,0,NEURAL,A4-C2-MULTI-HARD-VOTE,C2,98,45,0.5,0.5,0.0
CANONICAL_STAGE18_MR00,PhysioNetMI,P01-L1-LOW-CAL-OFFICIAL-R2:8_PER_CLASS,8,0,NEURAL,A4-C3-MULTI-PROB-AVG,C3,107,45,0.5,0.5,0.0
CANONICAL_STAGE18_MR00,PhysioNetMI,P01-L1-LOW-CAL-OFFICIAL-R2:8_PER_CLASS,8,0,NEURAL,A4-C3-MULTI-PROB-AVG,C3,27,45,0.5,0.5701581027667983,0.07015810276679835
CANONICAL_STAGE18_MR00,PhysioNetMI,P01-L1-LOW-CAL-OFFICIAL-R2:8_PER_CLASS,8,0,NEURAL,A4-C3-MULTI-PROB-AVG,C3,39,45,0.5,0.44565217391304346,-0.05434782608695654
CANONICAL_STAGE18_MR00,PhysioNetMI,P01-L1-LOW-CAL-OFFICIAL-R2:8_PER_CLASS,8,0,NEURAL,A4-C3-MULTI-PROB-AVG,C3,40,45,0.5,0.5,0.0
CANONICAL_STAGE18_MR00,PhysioNetMI,P01-L1-LOW-CAL-OFFICIAL-R2:8_PER_CLASS,8,0,NEURAL,A4-C3-MULTI-PROB-AVG,C3,47,45,0.5,0.5,0.0
CANONICAL_STAGE18_MR00,PhysioNetMI,P01-L1-LOW-CAL-OFFICIAL-R2:8_PER_CLASS,8,0,NEURAL,A4-C3-MULTI-PROB-AVG,C3,48,45,0.5,0.4782608695652174,-0.021739130434782594
CANONICAL_STAGE18_MR00,PhysioNetMI,P01-L1-LOW-CAL-OFFICIAL-R2:8_PER_CLASS,8,0,NEURAL,A4-C3-MULTI-PROB-AVG,C3,57,45,0.5,0.5,0.0
CANONICAL_STAGE18_MR00,PhysioNetMI,P01-L1-LOW-CAL-OFFICIAL-R2:8_PER_CLASS,8,0,NEURAL,A4-C3-MULTI-PROB-AVG,C3,6,45,0.5,0.5,0.0
CANONICAL_STAGE18_MR00,PhysioNetMI,P01-L1-LOW-CAL-OFFICIAL-R2:8_PER_CLASS,8,0,NEURAL,A4-C3-MULTI-PROB-AVG,C3,71,45,0.5,0.5,0.0
CANONICAL_STAGE18_MR00,PhysioNetMI,P01-L1-LOW-CAL-OFFICIAL-R2:8_PER_CLASS,8,0,NEURAL,A4-C3-MULTI-PROB-AVG,C3,93,45,0.5,0.5,0.0
CANONICAL_STAGE18_MR00,PhysioNetMI,P01-L1-LOW-CAL-OFFICIAL-R2:8_PER_CLASS,8,0,NEURAL,A4-C3-MULTI-PROB-AVG,C3,98,45,0.5,0.5,0.0
CANONICAL_STAGE18_MR00,PhysioNetMI,P01-L1-LOW-CAL-OFFICIAL-R2:8_PER_CLASS,8,0,SSL,A4-C2-MULTI-HARD-VOTE,C2,107,45,0.5208333333333333,0.49702380952380953,-0.023809523809523725
CANONICAL_STAGE18_MR00,PhysioNetMI,P01-L1-LOW-CAL-OFFICIAL-R2:8_PER_CLASS,8,0,SSL,A4-C2-MULTI-HARD-VOTE,C2,27,45,0.5128458498023716,0.4486166007905138,-0.06422924901185778
CANONICAL_STAGE18_MR00,PhysioNetMI,P01-L1-LOW-CAL-OFFICIAL-R2:8_PER_CLASS,8,0,SSL,A4-C2-MULTI-HARD-VOTE,C2,39,45,0.47430830039525695,0.40711462450592883,-0.06719367588932812
CANONICAL_STAGE18_MR00,PhysioNetMI,P01-L1-LOW-CAL-OFFICIAL-R2:8_PER_CLASS,8,0,SSL,A4-C2-MULTI-HARD-VOTE,C2,40,45,0.5982142857142857,0.48511904761904756,-0.11309523809523814
CANONICAL_STAGE18_MR00,PhysioNetMI,P01-L1-LOW-CAL-OFFICIAL-R2:8_PER_CLASS,8,0,SSL,A4-C2-MULTI-HARD-VOTE,C2,47,45,0.46130952380952384,0.4166666666666667,-0.04464285714285715
CANONICAL_STAGE18_MR00,PhysioNetMI,P01-L1-LOW-CAL-OFFICIAL-R2:8_PER_CLASS,8,0,SSL,A4-C2-MULTI-HARD-VOTE,C2,48,45,0.46047430830039526,0.5474308300395256,0.08695652173913038
CANONICAL_STAGE18_MR00,PhysioNetMI,P01-L1-LOW-CAL-OFFICIAL-R2:8_PER_CLASS,8,0,SSL,A4-C2-MULTI-HARD-VOTE,C2,57,45,0.4851190476190476,0.4583333333333333,-0.0267857142857143
CANONICAL_STAGE18_MR00,PhysioNetMI,P01-L1-LOW-CAL-OFFICIAL-R2:8_PER_CLASS,8,0,SSL,A4-C2-MULTI-HARD-VOTE,C2,6,45,0.5476190476190476,0.47619047619047616,-0.0714285714285714
CANONICAL_STAGE18_MR00,PhysioNetMI,P01-L1-LOW-CAL-OFFICIAL-R2:8_PER_CLASS,8,0,SSL,A4-C2-MULTI-HARD-VOTE,C2,71,45,0.3932806324110672,0.5059288537549407,0.11264822134387348
CANONICAL_STAGE18_MR00,PhysioNetMI,P01-L1-LOW-CAL-OFFICIAL-R2:8_PER_CLASS,8,0,SSL,A4-C2-MULTI-HARD-VOTE,C2,93,45,0.5968379446640316,0.5513833992094861,-0.045454545454545525
CANONICAL_STAGE18_MR00,PhysioNetMI,P01-L1-LOW-CAL-OFFICIAL-R2:8_PER_CLASS,8,0,SSL,A4-C2-MULTI-HARD-VOTE,C2,98,45,0.4624505928853755,0.39624505928853754,-0.06620553359683795
CANONICAL_STAGE18_MR00,PhysioNetMI,P01-L1-LOW-CAL-OFFICIAL-R2:8_PER_CLASS,8,0,SSL,A4-C3-MULTI-PROB-AVG,C3,107,45,0.5208333333333333,0.5,-0.02083333333333326
CANONICAL_STAGE18_MR00,PhysioNetMI,P01-L1-LOW-CAL-OFFICIAL-R2:8_PER_CLASS,8,0,SSL,A4-C3-MULTI-PROB-AVG,C3,27,45,0.5128458498023716,0.5602766798418972,0.04743083003952564
CANONICAL_STAGE18_MR00,PhysioNetMI,P01-L1-LOW-CAL-OFFICIAL-R2:8_PER_CLASS,8,0,SSL,A4-C3-MULTI-PROB-AVG,C3,39,45,0.47430830039525695,0.4535573122529644,-0.020750988142292537
CANONICAL_STAGE18_MR00,PhysioNetMI,P01-L1-LOW-CAL-OFFICIAL-R2:8_PER_CLASS,8,0,SSL,A4-C3-MULTI-PROB-AVG,C3,40,45,0.5982142857142857,0.5476190476190476,-0.05059523809523814
CANONICAL_STAGE18_MR00,PhysioNetMI,P01-L1-LOW-CAL-OFFICIAL-R2:8_PER_CLASS,8,0,SSL,A4-C3-MULTI-PROB-AVG,C3,47,45,0.46130952380952384,0.4166666666666667,-0.04464285714285715
CANONICAL_STAGE18_MR00,PhysioNetMI,P01-L1-LOW-CAL-OFFICIAL-R2:8_PER_CLASS,8,0,SSL,A4-C3-MULTI-PROB-AVG,C3,48,45,0.46047430830039526,0.4357707509881423,-0.02470355731225299
CANONICAL_STAGE18_MR00,PhysioNetMI,P01-L1-LOW-CAL-OFFICIAL-R2:8_PER_CLASS,8,0,SSL,A4-C3-MULTI-PROB-AVG,C3,57,45,0.4851190476190476,0.4880952380952381,0.0029761904761904656
CANONICAL_STAGE18_MR00,PhysioNetMI,P01-L1-LOW-CAL-OFFICIAL-R2:8_PER_CLASS,8,0,SSL,A4-C3-MULTI-PROB-AVG,C3,6,45,0.5476190476190476,0.49702380952380953,-0.050595238095238027
CANONICAL_STAGE18_MR00,PhysioNetMI,P01-L1-LOW-CAL-OFFICIAL-R2:8_PER_CLASS,8,0,SSL,A4-C3-MULTI-PROB-AVG,C3,71,45,0.3932806324110672,0.5266798418972332,0.13339920948616596
CANONICAL_STAGE18_MR00,PhysioNetMI,P01-L1-LOW-CAL-OFFICIAL-R2:8_PER_CLASS,8,0,SSL,A4-C3-MULTI-PROB-AVG,C3,93,45,0.5968379446640316,0.6610671936758893,0.06422924901185767
CANONICAL_STAGE18_MR00,PhysioNetMI,P01-L1-LOW-CAL-OFFICIAL-R2:8_PER_CLASS,8,0,SSL,A4-C3-MULTI-PROB-AVG,C3,98,45,0.4624505928853755,0.39624505928853754,-0.06620553359683795
CANONICAL_STAGE18_MR00,BNCI2014_001,FULL_TRAIN,FULL,0,NEURAL,A4-C1-LONG-3P5S,C1,7,288,0.6458333333333334,0.6006944444444444,-0.04513888888888895
CANONICAL_STAGE18_MR00,BNCI2014_001,FULL_TRAIN,FULL,0,NEURAL,A4-C2-MULTI-HARD-VOTE,C2,7,288,0.6458333333333334,0.6145833333333333,-0.03125000000000011
CANONICAL_STAGE18_MR00,BNCI2014_001,FULL_TRAIN,FULL,0,NEURAL,A4-C3-MULTI-PROB-AVG,C3,7,288,0.6458333333333334,0.6006944444444444,-0.04513888888888895
CANONICAL_STAGE18_MR00,BNCI2014_001,FULL_TRAIN,FULL,0,SSL,A4-C2-MULTI-HARD-VOTE,C2,7,288,0.5625,0.6145833333333333,0.05208333333333326
CANONICAL_STAGE18_MR00,BNCI2014_001,FULL_TRAIN,FULL,0,SSL,A4-C3-MULTI-PROB-AVG,C3,7,288,0.5625,0.6527777777777778,0.09027777777777779
CANONICAL_STAGE18_MR00,BNCI2014_001,P01-L1-LOW-CAL-OFFICIAL-R2:1_PER_CLASS,1,0,NEURAL,A4-C1-LONG-3P5S,C1,7,288,0.5,0.5069444444444444,0.00694444444444442
CANONICAL_STAGE18_MR00,BNCI2014_001,P01-L1-LOW-CAL-OFFICIAL-R2:1_PER_CLASS,1,0,NEURAL,A4-C2-MULTI-HARD-VOTE,C2,7,288,0.5,0.4965277777777778,-0.00347222222222221
CANONICAL_STAGE18_MR00,BNCI2014_001,P01-L1-LOW-CAL-OFFICIAL-R2:1_PER_CLASS,1,0,NEURAL,A4-C3-MULTI-PROB-AVG,C3,7,288,0.5,0.4791666666666667,-0.020833333333333315
CANONICAL_STAGE18_MR00,BNCI2014_001,P01-L1-LOW-CAL-OFFICIAL-R2:1_PER_CLASS,1,0,SSL,A4-C2-MULTI-HARD-VOTE,C2,7,288,0.5173611111111112,0.5798611111111112,0.0625
CANONICAL_STAGE18_MR00,BNCI2014_001,P01-L1-LOW-CAL-OFFICIAL-R2:1_PER_CLASS,1,0,SSL,A4-C3-MULTI-PROB-AVG,C3,7,288,0.5173611111111112,0.5416666666666666,0.02430555555555547
CANONICAL_STAGE18_MR00,BNCI2014_001,P01-L1-LOW-CAL-OFFICIAL-R2:8_PER_CLASS,8,0,NEURAL,A4-C1-LONG-3P5S,C1,7,288,0.4895833333333333,0.48611111111111116,-0.0034722222222221544
CANONICAL_STAGE18_MR00,BNCI2014_001,P01-L1-LOW-CAL-OFFICIAL-R2:8_PER_CLASS,8,0,NEURAL,A4-C2-MULTI-HARD-VOTE,C2,7,288,0.4895833333333333,0.5,0.010416666666666685
CANONICAL_STAGE18_MR00,BNCI2014_001,P01-L1-LOW-CAL-OFFICIAL-R2:8_PER_CLASS,8,0,NEURAL,A4-C3-MULTI-PROB-AVG,C3,7,288,0.4895833333333333,0.5104166666666666,0.020833333333333315
CANONICAL_STAGE18_MR00,BNCI2014_001,P01-L1-LOW-CAL-OFFICIAL-R2:8_PER_CLASS,8,0,SSL,A4-C2-MULTI-HARD-VOTE,C2,7,288,0.5347222222222222,0.5520833333333333,0.01736111111111105
CANONICAL_STAGE18_MR00,BNCI2014_001,P01-L1-LOW-CAL-OFFICIAL-R2:8_PER_CLASS,8,0,SSL,A4-C3-MULTI-PROB-AVG,C3,7,288,0.5347222222222222,0.5173611111111112,-0.01736111111111105
CANONICAL_STAGE18_MR00,Lee2019_MI,FULL_TRAIN,FULL,0,NEURAL,A4-C1-LONG-3P5S,C1,15,100,0.5,0.5,0.0
CANONICAL_STAGE18_MR00,Lee2019_MI,FULL_TRAIN,FULL,0,NEURAL,A4-C1-LONG-3P5S,C1,19,100,0.81,0.8200000000000001,0.010000000000000009
CANONICAL_STAGE18_MR00,Lee2019_MI,FULL_TRAIN,FULL,0,NEURAL,A4-C1-LONG-3P5S,C1,30,100,0.6699999999999999,0.7,0.030000000000000027
CANONICAL_STAGE18_MR00,Lee2019_MI,FULL_TRAIN,FULL,0,NEURAL,A4-C1-LONG-3P5S,C1,36,100,0.99,0.97,-0.020000000000000018
CANONICAL_STAGE18_MR00,Lee2019_MI,FULL_TRAIN,FULL,0,NEURAL,A4-C1-LONG-3P5S,C1,3,100,0.87,0.92,0.050000000000000044
CANONICAL_STAGE18_MR00,Lee2019_MI,FULL_TRAIN,FULL,0,NEURAL,A4-C1-LONG-3P5S,C1,6,100,0.59,0.7,0.10999999999999999
CANONICAL_STAGE18_MR00,Lee2019_MI,FULL_TRAIN,FULL,0,NEURAL,A4-C2-MULTI-HARD-VOTE,C2,15,100,0.5,0.5800000000000001,0.08000000000000007
CANONICAL_STAGE18_MR00,Lee2019_MI,FULL_TRAIN,FULL,0,NEURAL,A4-C2-MULTI-HARD-VOTE,C2,19,100,0.81,0.75,-0.06000000000000005
CANONICAL_STAGE18_MR00,Lee2019_MI,FULL_TRAIN,FULL,0,NEURAL,A4-C2-MULTI-HARD-VOTE,C2,30,100,0.6699999999999999,0.64,-0.029999999999999916
CANONICAL_STAGE18_MR00,Lee2019_MI,FULL_TRAIN,FULL,0,NEURAL,A4-C2-MULTI-HARD-VOTE,C2,36,100,0.99,0.99,0.0
CANONICAL_STAGE18_MR00,Lee2019_MI,FULL_TRAIN,FULL,0,NEURAL,A4-C2-MULTI-HARD-VOTE,C2,3,100,0.87,0.9199999999999999,0.04999999999999993
CANONICAL_STAGE18_MR00,Lee2019_MI,FULL_TRAIN,FULL,0,NEURAL,A4-C2-MULTI-HARD-VOTE,C2,6,100,0.59,0.72,0.13
CANONICAL_STAGE18_MR00,Lee2019_MI,FULL_TRAIN,FULL,0,NEURAL,A4-C3-MULTI-PROB-AVG,C3,15,100,0.5,0.5700000000000001,0.07000000000000006
CANONICAL_STAGE18_MR00,Lee2019_MI,FULL_TRAIN,FULL,0,NEURAL,A4-C3-MULTI-PROB-AVG,C3,19,100,0.81,0.76,-0.050000000000000044
CANONICAL_STAGE18_MR00,Lee2019_MI,FULL_TRAIN,FULL,0,NEURAL,A4-C3-MULTI-PROB-AVG,C3,30,100,0.6699999999999999,0.7,0.030000000000000027
CANONICAL_STAGE18_MR00,Lee2019_MI,FULL_TRAIN,FULL,0,NEURAL,A4-C3-MULTI-PROB-AVG,C3,36,100,0.99,0.98,-0.010000000000000009
CANONICAL_STAGE18_MR00,Lee2019_MI,FULL_TRAIN,FULL,0,NEURAL,A4-C3-MULTI-PROB-AVG,C3,3,100,0.87,0.9199999999999999,0.04999999999999993
CANONICAL_STAGE18_MR00,Lee2019_MI,FULL_TRAIN,FULL,0,NEURAL,A4-C3-MULTI-PROB-AVG,C3,6,100,0.59,0.6599999999999999,0.06999999999999995
CANONICAL_STAGE18_MR00,Lee2019_MI,FULL_TRAIN,FULL,0,SSL,A4-C2-MULTI-HARD-VOTE,C2,15,100,0.55,0.61,0.05999999999999994
CANONICAL_STAGE18_MR00,Lee2019_MI,FULL_TRAIN,FULL,0,SSL,A4-C2-MULTI-HARD-VOTE,C2,19,100,0.8,0.78,-0.020000000000000018
CANONICAL_STAGE18_MR00,Lee2019_MI,FULL_TRAIN,FULL,0,SSL,A4-C2-MULTI-HARD-VOTE,C2,30,100,0.53,0.5700000000000001,0.040000000000000036
CANONICAL_STAGE18_MR00,Lee2019_MI,FULL_TRAIN,FULL,0,SSL,A4-C2-MULTI-HARD-VOTE,C2,36,100,0.94,0.85,-0.08999999999999997
CANONICAL_STAGE18_MR00,Lee2019_MI,FULL_TRAIN,FULL,0,SSL,A4-C2-MULTI-HARD-VOTE,C2,3,100,0.78,0.74,-0.040000000000000036
CANONICAL_STAGE18_MR00,Lee2019_MI,FULL_TRAIN,FULL,0,SSL,A4-C2-MULTI-HARD-VOTE,C2,6,100,0.55,0.54,-0.010000000000000009
CANONICAL_STAGE18_MR00,Lee2019_MI,FULL_TRAIN,FULL,0,SSL,A4-C3-MULTI-PROB-AVG,C3,15,100,0.55,0.59,0.039999999999999925
CANONICAL_STAGE18_MR00,Lee2019_MI,FULL_TRAIN,FULL,0,SSL,A4-C3-MULTI-PROB-AVG,C3,19,100,0.8,0.76,-0.040000000000000036
CANONICAL_STAGE18_MR00,Lee2019_MI,FULL_TRAIN,FULL,0,SSL,A4-C3-MULTI-PROB-AVG,C3,30,100,0.53,0.5800000000000001,0.050000000000000044
CANONICAL_STAGE18_MR00,Lee2019_MI,FULL_TRAIN,FULL,0,SSL,A4-C3-MULTI-PROB-AVG,C3,36,100,0.94,0.86,-0.07999999999999996
CANONICAL_STAGE18_MR00,Lee2019_MI,FULL_TRAIN,FULL,0,SSL,A4-C3-MULTI-PROB-AVG,C3,3,100,0.78,0.72,-0.06000000000000005
CANONICAL_STAGE18_MR00,Lee2019_MI,FULL_TRAIN,FULL,0,SSL,A4-C3-MULTI-PROB-AVG,C3,6,100,0.55,0.59,0.039999999999999925
CANONICAL_STAGE18_MR00,Lee2019_MI,P01-L1-LOW-CAL-OFFICIAL-R2:1_PER_CLASS,1,0,NEURAL,A4-C1-LONG-3P5S,C1,15,100,0.51,0.5,-0.010000000000000009
CANONICAL_STAGE18_MR00,Lee2019_MI,P01-L1-LOW-CAL-OFFICIAL-R2:1_PER_CLASS,1,0,NEURAL,A4-C1-LONG-3P5S,C1,19,100,0.54,0.51,-0.030000000000000027
CANONICAL_STAGE18_MR00,Lee2019_MI,P01-L1-LOW-CAL-OFFICIAL-R2:1_PER_CLASS,1,0,NEURAL,A4-C1-LONG-3P5S,C1,30,100,0.53,0.55,0.020000000000000018
CANONICAL_STAGE18_MR00,Lee2019_MI,P01-L1-LOW-CAL-OFFICIAL-R2:1_PER_CLASS,1,0,NEURAL,A4-C1-LONG-3P5S,C1,36,100,0.5,0.5,0.0
CANONICAL_STAGE18_MR00,Lee2019_MI,P01-L1-LOW-CAL-OFFICIAL-R2:1_PER_CLASS,1,0,NEURAL,A4-C1-LONG-3P5S,C1,3,100,0.47,0.53,0.06000000000000005
CANONICAL_STAGE18_MR00,Lee2019_MI,P01-L1-LOW-CAL-OFFICIAL-R2:1_PER_CLASS,1,0,NEURAL,A4-C1-LONG-3P5S,C1,6,100,0.5700000000000001,0.46,-0.11000000000000004
CANONICAL_STAGE18_MR00,Lee2019_MI,P01-L1-LOW-CAL-OFFICIAL-R2:1_PER_CLASS,1,0,NEURAL,A4-C2-MULTI-HARD-VOTE,C2,15,100,0.51,0.46,-0.04999999999999999
CANONICAL_STAGE18_MR00,Lee2019_MI,P01-L1-LOW-CAL-OFFICIAL-R2:1_PER_CLASS,1,0,NEURAL,A4-C2-MULTI-HARD-VOTE,C2,19,100,0.54,0.5700000000000001,0.030000000000000027
CANONICAL_STAGE18_MR00,Lee2019_MI,P01-L1-LOW-CAL-OFFICIAL-R2:1_PER_CLASS,1,0,NEURAL,A4-C2-MULTI-HARD-VOTE,C2,30,100,0.53,0.52,-0.010000000000000009
CANONICAL_STAGE18_MR00,Lee2019_MI,P01-L1-LOW-CAL-OFFICIAL-R2:1_PER_CLASS,1,0,NEURAL,A4-C2-MULTI-HARD-VOTE,C2,36,100,0.5,0.5,0.0
CANONICAL_STAGE18_MR00,Lee2019_MI,P01-L1-LOW-CAL-OFFICIAL-R2:1_PER_CLASS,1,0,NEURAL,A4-C2-MULTI-HARD-VOTE,C2,3,100,0.47,0.52,0.050000000000000044
CANONICAL_STAGE18_MR00,Lee2019_MI,P01-L1-LOW-CAL-OFFICIAL-R2:1_PER_CLASS,1,0,NEURAL,A4-C2-MULTI-HARD-VOTE,C2,6,100,0.5700000000000001,0.53,-0.040000000000000036
CANONICAL_STAGE18_MR00,Lee2019_MI,P01-L1-LOW-CAL-OFFICIAL-R2:1_PER_CLASS,1,0,NEURAL,A4-C3-MULTI-PROB-AVG,C3,15,100,0.51,0.5,-0.010000000000000009
CANONICAL_STAGE18_MR00,Lee2019_MI,P01-L1-LOW-CAL-OFFICIAL-R2:1_PER_CLASS,1,0,NEURAL,A4-C3-MULTI-PROB-AVG,C3,19,100,0.54,0.55,0.010000000000000009
CANONICAL_STAGE18_MR00,Lee2019_MI,P01-L1-LOW-CAL-OFFICIAL-R2:1_PER_CLASS,1,0,NEURAL,A4-C3-MULTI-PROB-AVG,C3,30,100,0.53,0.59,0.05999999999999994
CANONICAL_STAGE18_MR00,Lee2019_MI,P01-L1-LOW-CAL-OFFICIAL-R2:1_PER_CLASS,1,0,NEURAL,A4-C3-MULTI-PROB-AVG,C3,36,100,0.5,0.49,-0.010000000000000009
CANONICAL_STAGE18_MR00,Lee2019_MI,P01-L1-LOW-CAL-OFFICIAL-R2:1_PER_CLASS,1,0,NEURAL,A4-C3-MULTI-PROB-AVG,C3,3,100,0.47,0.53,0.06000000000000005
CANONICAL_STAGE18_MR00,Lee2019_MI,P01-L1-LOW-CAL-OFFICIAL-R2:1_PER_CLASS,1,0,NEURAL,A4-C3-MULTI-PROB-AVG,C3,6,100,0.5700000000000001,0.51,-0.06000000000000005
CANONICAL_STAGE18_MR00,Lee2019_MI,P01-L1-LOW-CAL-OFFICIAL-R2:1_PER_CLASS,1,0,SSL,A4-C2-MULTI-HARD-VOTE,C2,15,100,0.5,0.52,0.020000000000000018
CANONICAL_STAGE18_MR00,Lee2019_MI,P01-L1-LOW-CAL-OFFICIAL-R2:1_PER_CLASS,1,0,SSL,A4-C2-MULTI-HARD-VOTE,C2,19,100,0.54,0.55,0.010000000000000009
CANONICAL_STAGE18_MR00,Lee2019_MI,P01-L1-LOW-CAL-OFFICIAL-R2:1_PER_CLASS,1,0,SSL,A4-C2-MULTI-HARD-VOTE,C2,30,100,0.5,0.48,-0.020000000000000018
CANONICAL_STAGE18_MR00,Lee2019_MI,P01-L1-LOW-CAL-OFFICIAL-R2:1_PER_CLASS,1,0,SSL,A4-C2-MULTI-HARD-VOTE,C2,36,100,0.48,0.44,-0.03999999999999998
CANONICAL_STAGE18_MR00,Lee2019_MI,P01-L1-LOW-CAL-OFFICIAL-R2:1_PER_CLASS,1,0,SSL,A4-C2-MULTI-HARD-VOTE,C2,3,100,0.54,0.48,-0.06000000000000005
CANONICAL_STAGE18_MR00,Lee2019_MI,P01-L1-LOW-CAL-OFFICIAL-R2:1_PER_CLASS,1,0,SSL,A4-C2-MULTI-HARD-VOTE,C2,6,100,0.48,0.61,0.13
CANONICAL_STAGE18_MR00,Lee2019_MI,P01-L1-LOW-CAL-OFFICIAL-R2:1_PER_CLASS,1,0,SSL,A4-C3-MULTI-PROB-AVG,C3,15,100,0.5,0.54,0.040000000000000036
CANONICAL_STAGE18_MR00,Lee2019_MI,P01-L1-LOW-CAL-OFFICIAL-R2:1_PER_CLASS,1,0,SSL,A4-C3-MULTI-PROB-AVG,C3,19,100,0.54,0.55,0.010000000000000009
CANONICAL_STAGE18_MR00,Lee2019_MI,P01-L1-LOW-CAL-OFFICIAL-R2:1_PER_CLASS,1,0,SSL,A4-C3-MULTI-PROB-AVG,C3,30,100,0.5,0.47,-0.030000000000000027
CANONICAL_STAGE18_MR00,Lee2019_MI,P01-L1-LOW-CAL-OFFICIAL-R2:1_PER_CLASS,1,0,SSL,A4-C3-MULTI-PROB-AVG,C3,36,100,0.48,0.53,0.050000000000000044
CANONICAL_STAGE18_MR00,Lee2019_MI,P01-L1-LOW-CAL-OFFICIAL-R2:1_PER_CLASS,1,0,SSL,A4-C3-MULTI-PROB-AVG,C3,3,100,0.54,0.54,0.0
CANONICAL_STAGE18_MR00,Lee2019_MI,P01-L1-LOW-CAL-OFFICIAL-R2:1_PER_CLASS,1,0,SSL,A4-C3-MULTI-PROB-AVG,C3,6,100,0.48,0.61,0.13
CANONICAL_STAGE18_MR00,Lee2019_MI,P01-L1-LOW-CAL-OFFICIAL-R2:8_PER_CLASS,8,0,NEURAL,A4-C1-LONG-3P5S,C1,15,100,0.5700000000000001,0.5,-0.07000000000000006
CANONICAL_STAGE18_MR00,Lee2019_MI,P01-L1-LOW-CAL-OFFICIAL-R2:8_PER_CLASS,8,0,NEURAL,A4-C1-LONG-3P5S,C1,19,100,0.56,0.5,-0.06000000000000005
CANONICAL_STAGE18_MR00,Lee2019_MI,P01-L1-LOW-CAL-OFFICIAL-R2:8_PER_CLASS,8,0,NEURAL,A4-C1-LONG-3P5S,C1,30,100,0.54,0.51,-0.030000000000000027
CANONICAL_STAGE18_MR00,Lee2019_MI,P01-L1-LOW-CAL-OFFICIAL-R2:8_PER_CLASS,8,0,NEURAL,A4-C1-LONG-3P5S,C1,36,100,0.5599999999999999,0.51,-0.04999999999999993
CANONICAL_STAGE18_MR00,Lee2019_MI,P01-L1-LOW-CAL-OFFICIAL-R2:8_PER_CLASS,8,0,NEURAL,A4-C1-LONG-3P5S,C1,3,100,0.5,0.53,0.030000000000000027
CANONICAL_STAGE18_MR00,Lee2019_MI,P01-L1-LOW-CAL-OFFICIAL-R2:8_PER_CLASS,8,0,NEURAL,A4-C1-LONG-3P5S,C1,6,100,0.51,0.5,-0.010000000000000009
CANONICAL_STAGE18_MR00,Lee2019_MI,P01-L1-LOW-CAL-OFFICIAL-R2:8_PER_CLASS,8,0,NEURAL,A4-C2-MULTI-HARD-VOTE,C2,15,100,0.5700000000000001,0.54,-0.030000000000000027
CANONICAL_STAGE18_MR00,Lee2019_MI,P01-L1-LOW-CAL-OFFICIAL-R2:8_PER_CLASS,8,0,NEURAL,A4-C2-MULTI-HARD-VOTE,C2,19,100,0.56,0.53,-0.030000000000000027
CANONICAL_STAGE18_MR00,Lee2019_MI,P01-L1-LOW-CAL-OFFICIAL-R2:8_PER_CLASS,8,0,NEURAL,A4-C2-MULTI-HARD-VOTE,C2,30,100,0.54,0.5,-0.040000000000000036
CANONICAL_STAGE18_MR00,Lee2019_MI,P01-L1-LOW-CAL-OFFICIAL-R2:8_PER_CLASS,8,0,NEURAL,A4-C2-MULTI-HARD-VOTE,C2,36,100,0.5599999999999999,0.61,0.050000000000000044
CANONICAL_STAGE18_MR00,Lee2019_MI,P01-L1-LOW-CAL-OFFICIAL-R2:8_PER_CLASS,8,0,NEURAL,A4-C2-MULTI-HARD-VOTE,C2,3,100,0.5,0.53,0.030000000000000027
CANONICAL_STAGE18_MR00,Lee2019_MI,P01-L1-LOW-CAL-OFFICIAL-R2:8_PER_CLASS,8,0,NEURAL,A4-C2-MULTI-HARD-VOTE,C2,6,100,0.51,0.49,-0.020000000000000018
CANONICAL_STAGE18_MR00,Lee2019_MI,P01-L1-LOW-CAL-OFFICIAL-R2:8_PER_CLASS,8,0,NEURAL,A4-C3-MULTI-PROB-AVG,C3,15,100,0.5700000000000001,0.54,-0.030000000000000027
CANONICAL_STAGE18_MR00,Lee2019_MI,P01-L1-LOW-CAL-OFFICIAL-R2:8_PER_CLASS,8,0,NEURAL,A4-C3-MULTI-PROB-AVG,C3,19,100,0.56,0.54,-0.020000000000000018
CANONICAL_STAGE18_MR00,Lee2019_MI,P01-L1-LOW-CAL-OFFICIAL-R2:8_PER_CLASS,8,0,NEURAL,A4-C3-MULTI-PROB-AVG,C3,30,100,0.54,0.5,-0.040000000000000036
CANONICAL_STAGE18_MR00,Lee2019_MI,P01-L1-LOW-CAL-OFFICIAL-R2:8_PER_CLASS,8,0,NEURAL,A4-C3-MULTI-PROB-AVG,C3,36,100,0.5599999999999999,0.61,0.050000000000000044
CANONICAL_STAGE18_MR00,Lee2019_MI,P01-L1-LOW-CAL-OFFICIAL-R2:8_PER_CLASS,8,0,NEURAL,A4-C3-MULTI-PROB-AVG,C3,3,100,0.5,0.52,0.020000000000000018
CANONICAL_STAGE18_MR00,Lee2019_MI,P01-L1-LOW-CAL-OFFICIAL-R2:8_PER_CLASS,8,0,NEURAL,A4-C3-MULTI-PROB-AVG,C3,6,100,0.51,0.47000000000000003,-0.03999999999999998
CANONICAL_STAGE18_MR00,Lee2019_MI,P01-L1-LOW-CAL-OFFICIAL-R2:8_PER_CLASS,8,0,SSL,A4-C2-MULTI-HARD-VOTE,C2,15,100,0.47,0.55,0.08000000000000007
CANONICAL_STAGE18_MR00,Lee2019_MI,P01-L1-LOW-CAL-OFFICIAL-R2:8_PER_CLASS,8,0,SSL,A4-C2-MULTI-HARD-VOTE,C2,19,100,0.5,0.52,0.020000000000000018
CANONICAL_STAGE18_MR00,Lee2019_MI,P01-L1-LOW-CAL-OFFICIAL-R2:8_PER_CLASS,8,0,SSL,A4-C2-MULTI-HARD-VOTE,C2,30,100,0.47000000000000003,0.5,0.02999999999999997
CANONICAL_STAGE18_MR00,Lee2019_MI,P01-L1-LOW-CAL-OFFICIAL-R2:8_PER_CLASS,8,0,SSL,A4-C2-MULTI-HARD-VOTE,C2,36,100,0.42,0.45,0.030000000000000027
CANONICAL_STAGE18_MR00,Lee2019_MI,P01-L1-LOW-CAL-OFFICIAL-R2:8_PER_CLASS,8,0,SSL,A4-C2-MULTI-HARD-VOTE,C2,3,100,0.58,0.51,-0.06999999999999995
CANONICAL_STAGE18_MR00,Lee2019_MI,P01-L1-LOW-CAL-OFFICIAL-R2:8_PER_CLASS,8,0,SSL,A4-C2-MULTI-HARD-VOTE,C2,6,100,0.56,0.5800000000000001,0.020000000000000018
CANONICAL_STAGE18_MR00,Lee2019_MI,P01-L1-LOW-CAL-OFFICIAL-R2:8_PER_CLASS,8,0,SSL,A4-C3-MULTI-PROB-AVG,C3,15,100,0.47,0.56,0.09000000000000008
CANONICAL_STAGE18_MR00,Lee2019_MI,P01-L1-LOW-CAL-OFFICIAL-R2:8_PER_CLASS,8,0,SSL,A4-C3-MULTI-PROB-AVG,C3,19,100,0.5,0.51,0.010000000000000009
CANONICAL_STAGE18_MR00,Lee2019_MI,P01-L1-LOW-CAL-OFFICIAL-R2:8_PER_CLASS,8,0,SSL,A4-C3-MULTI-PROB-AVG,C3,30,100,0.47000000000000003,0.49,0.019999999999999962
CANONICAL_STAGE18_MR00,Lee2019_MI,P01-L1-LOW-CAL-OFFICIAL-R2:8_PER_CLASS,8,0,SSL,A4-C3-MULTI-PROB-AVG,C3,36,100,0.42,0.49,0.07
CANONICAL_STAGE18_MR00,Lee2019_MI,P01-L1-LOW-CAL-OFFICIAL-R2:8_PER_CLASS,8,0,SSL,A4-C3-MULTI-PROB-AVG,C3,3,100,0.58,0.53,-0.04999999999999993
CANONICAL_STAGE18_MR00,Lee2019_MI,P01-L1-LOW-CAL-OFFICIAL-R2:8_PER_CLASS,8,0,SSL,A4-C3-MULTI-PROB-AVG,C3,6,100,0.56,0.61,0.04999999999999993
STAGE18S_SUPPLEMENT,BNCI2014_001,FULL_TRAIN,FULL,1,NEURAL,A4-C1-LONG-3P5S,C1,7,288,0.5972222222222222,0.6319444444444444,0.03472222222222221
STAGE18S_SUPPLEMENT,BNCI2014_001,FULL_TRAIN,FULL,2,NEURAL,A4-C1-LONG-3P5S,C1,7,288,0.6041666666666666,0.6180555555555556,0.01388888888888895
STAGE18S_SUPPLEMENT,BNCI2014_001,P01-L1-LOW-CAL-OFFICIAL-R2:128_PER_CLASS,128,0,NEURAL,A4-C1-LONG-3P5S,C1,7,288,0.625,0.59375,-0.03125
STAGE18S_SUPPLEMENT,BNCI2014_001,P01-L1-LOW-CAL-OFFICIAL-R2:128_PER_CLASS,128,1,NEURAL,A4-C1-LONG-3P5S,C1,7,288,0.6006944444444444,0.6076388888888888,0.00694444444444442
STAGE18S_SUPPLEMENT,BNCI2014_001,P01-L1-LOW-CAL-OFFICIAL-R2:128_PER_CLASS,128,2,NEURAL,A4-C1-LONG-3P5S,C1,7,288,0.5590277777777778,0.6284722222222222,0.06944444444444442
STAGE18S_SUPPLEMENT,BNCI2014_001,P01-L1-LOW-CAL-OFFICIAL-R2:16_PER_CLASS,16,0,NEURAL,A4-C1-LONG-3P5S,C1,7,288,0.5416666666666667,0.5,-0.04166666666666674
STAGE18S_SUPPLEMENT,BNCI2014_001,P01-L1-LOW-CAL-OFFICIAL-R2:1_PER_CLASS,1,1,NEURAL,A4-C1-LONG-3P5S,C1,7,288,0.5486111111111112,0.5034722222222222,-0.04513888888888895
STAGE18S_SUPPLEMENT,BNCI2014_001,P01-L1-LOW-CAL-OFFICIAL-R2:1_PER_CLASS,1,2,NEURAL,A4-C1-LONG-3P5S,C1,7,288,0.5,0.5208333333333333,0.02083333333333326
STAGE18S_SUPPLEMENT,BNCI2014_001,P01-L1-LOW-CAL-OFFICIAL-R2:256_PER_CLASS,256,0,NEURAL,A4-C1-LONG-3P5S,C1,7,288,0.5902777777777778,0.6041666666666666,0.01388888888888884
STAGE18S_SUPPLEMENT,BNCI2014_001,P01-L1-LOW-CAL-OFFICIAL-R2:256_PER_CLASS,256,1,NEURAL,A4-C1-LONG-3P5S,C1,7,288,0.6006944444444444,0.6840277777777777,0.08333333333333326
STAGE18S_SUPPLEMENT,BNCI2014_001,P01-L1-LOW-CAL-OFFICIAL-R2:256_PER_CLASS,256,2,NEURAL,A4-C1-LONG-3P5S,C1,7,288,0.5416666666666666,0.5625,0.02083333333333337
STAGE18S_SUPPLEMENT,BNCI2014_001,P01-L1-LOW-CAL-OFFICIAL-R2:32_PER_CLASS,32,0,NEURAL,A4-C1-LONG-3P5S,C1,7,288,0.4756944444444444,0.5034722222222222,0.02777777777777779
STAGE18S_SUPPLEMENT,BNCI2014_001,P01-L1-LOW-CAL-OFFICIAL-R2:4_PER_CLASS,4,0,NEURAL,A4-C1-LONG-3P5S,C1,7,288,0.5833333333333333,0.5104166666666666,-0.07291666666666663
STAGE18S_SUPPLEMENT,BNCI2014_001,P01-L1-LOW-CAL-OFFICIAL-R2:64_PER_CLASS,64,0,NEURAL,A4-C1-LONG-3P5S,C1,7,288,0.5173611111111112,0.5451388888888888,0.02777777777777768
STAGE18S_SUPPLEMENT,BNCI2014_001,P01-L1-LOW-CAL-OFFICIAL-R2:64_PER_CLASS,64,1,NEURAL,A4-C1-LONG-3P5S,C1,7,288,0.5381944444444444,0.5347222222222222,-0.00347222222222221
STAGE18S_SUPPLEMENT,BNCI2014_001,P01-L1-LOW-CAL-OFFICIAL-R2:64_PER_CLASS,64,2,NEURAL,A4-C1-LONG-3P5S,C1,7,288,0.5486111111111112,0.5347222222222222,-0.01388888888888895
STAGE18S_SUPPLEMENT,BNCI2014_001,P01-L1-LOW-CAL-OFFICIAL-R2:8_PER_CLASS,8,1,NEURAL,A4-C1-LONG-3P5S,C1,7,288,0.5416666666666667,0.4930555555555555,-0.048611111111111216
STAGE18S_SUPPLEMENT,BNCI2014_001,P01-L1-LOW-CAL-OFFICIAL-R2:8_PER_CLASS,8,2,NEURAL,A4-C1-LONG-3P5S,C1,7,288,0.5486111111111112,0.4548611111111111,-0.09375000000000006
STAGE18S_SUPPLEMENT,BNCI2014_001,FULL_TRAIN,FULL,1,NEURAL,A4-C2-MULTI-HARD-VOTE,C2,7,288,0.5972222222222222,0.5972222222222222,0.0
STAGE18S_SUPPLEMENT,BNCI2014_001,FULL_TRAIN,FULL,2,NEURAL,A4-C2-MULTI-HARD-VOTE,C2,7,288,0.6041666666666666,0.5833333333333334,-0.02083333333333326
STAGE18S_SUPPLEMENT,BNCI2014_001,P01-L1-LOW-CAL-OFFICIAL-R2:128_PER_CLASS,128,0,NEURAL,A4-C2-MULTI-HARD-VOTE,C2,7,288,0.625,0.59375,-0.03125
STAGE18S_SUPPLEMENT,BNCI2014_001,P01-L1-LOW-CAL-OFFICIAL-R2:128_PER_CLASS,128,1,NEURAL,A4-C2-MULTI-HARD-VOTE,C2,7,288,0.6006944444444444,0.6388888888888888,0.03819444444444442
STAGE18S_SUPPLEMENT,BNCI2014_001,P01-L1-LOW-CAL-OFFICIAL-R2:128_PER_CLASS,128,2,NEURAL,A4-C2-MULTI-HARD-VOTE,C2,7,288,0.5590277777777778,0.5694444444444444,0.01041666666666663
STAGE18S_SUPPLEMENT,BNCI2014_001,P01-L1-LOW-CAL-OFFICIAL-R2:16_PER_CLASS,16,0,NEURAL,A4-C2-MULTI-HARD-VOTE,C2,7,288,0.5416666666666667,0.5138888888888888,-0.0277777777777779
STAGE18S_SUPPLEMENT,BNCI2014_001,P01-L1-LOW-CAL-OFFICIAL-R2:1_PER_CLASS,1,1,NEURAL,A4-C2-MULTI-HARD-VOTE,C2,7,288,0.5486111111111112,0.4965277777777778,-0.05208333333333337
STAGE18S_SUPPLEMENT,BNCI2014_001,P01-L1-LOW-CAL-OFFICIAL-R2:1_PER_CLASS,1,2,NEURAL,A4-C2-MULTI-HARD-VOTE,C2,7,288,0.5,0.5069444444444444,0.00694444444444442
STAGE18S_SUPPLEMENT,BNCI2014_001,P01-L1-LOW-CAL-OFFICIAL-R2:256_PER_CLASS,256,0,NEURAL,A4-C2-MULTI-HARD-VOTE,C2,7,288,0.5902777777777778,0.5902777777777778,0.0
STAGE18S_SUPPLEMENT,BNCI2014_001,P01-L1-LOW-CAL-OFFICIAL-R2:256_PER_CLASS,256,1,NEURAL,A4-C2-MULTI-HARD-VOTE,C2,7,288,0.6006944444444444,0.6875,0.08680555555555558
STAGE18S_SUPPLEMENT,BNCI2014_001,P01-L1-LOW-CAL-OFFICIAL-R2:256_PER_CLASS,256,2,NEURAL,A4-C2-MULTI-HARD-VOTE,C2,7,288,0.5416666666666666,0.6284722222222222,0.08680555555555558
STAGE18S_SUPPLEMENT,BNCI2014_001,P01-L1-LOW-CAL-OFFICIAL-R2:32_PER_CLASS,32,0,NEURAL,A4-C2-MULTI-HARD-VOTE,C2,7,288,0.4756944444444444,0.5277777777777778,0.05208333333333337
STAGE18S_SUPPLEMENT,BNCI2014_001,P01-L1-LOW-CAL-OFFICIAL-R2:4_PER_CLASS,4,0,NEURAL,A4-C2-MULTI-HARD-VOTE,C2,7,288,0.5833333333333333,0.4965277777777778,-0.08680555555555547
STAGE18S_SUPPLEMENT,BNCI2014_001,P01-L1-LOW-CAL-OFFICIAL-R2:64_PER_CLASS,64,0,NEURAL,A4-C2-MULTI-HARD-VOTE,C2,7,288,0.5173611111111112,0.5590277777777778,0.04166666666666663
STAGE18S_SUPPLEMENT,BNCI2014_001,P01-L1-LOW-CAL-OFFICIAL-R2:64_PER_CLASS,64,1,NEURAL,A4-C2-MULTI-HARD-VOTE,C2,7,288,0.5381944444444444,0.5555555555555556,0.01736111111111116
STAGE18S_SUPPLEMENT,BNCI2014_001,P01-L1-LOW-CAL-OFFICIAL-R2:64_PER_CLASS,64,2,NEURAL,A4-C2-MULTI-HARD-VOTE,C2,7,288,0.5486111111111112,0.5069444444444444,-0.04166666666666674
STAGE18S_SUPPLEMENT,BNCI2014_001,P01-L1-LOW-CAL-OFFICIAL-R2:8_PER_CLASS,8,1,NEURAL,A4-C2-MULTI-HARD-VOTE,C2,7,288,0.5416666666666667,0.5243055555555556,-0.01736111111111116
STAGE18S_SUPPLEMENT,BNCI2014_001,P01-L1-LOW-CAL-OFFICIAL-R2:8_PER_CLASS,8,2,NEURAL,A4-C2-MULTI-HARD-VOTE,C2,7,288,0.5486111111111112,0.4930555555555555,-0.055555555555555636
STAGE18S_SUPPLEMENT,BNCI2014_001,FULL_TRAIN,FULL,1,NEURAL,A4-C3-MULTI-PROB-AVG,C3,7,288,0.5972222222222222,0.5902777777777778,-0.00694444444444442
STAGE18S_SUPPLEMENT,BNCI2014_001,FULL_TRAIN,FULL,2,NEURAL,A4-C3-MULTI-PROB-AVG,C3,7,288,0.6041666666666666,0.6145833333333334,0.01041666666666674
STAGE18S_SUPPLEMENT,BNCI2014_001,P01-L1-LOW-CAL-OFFICIAL-R2:128_PER_CLASS,128,0,NEURAL,A4-C3-MULTI-PROB-AVG,C3,7,288,0.625,0.5625,-0.0625
STAGE18S_SUPPLEMENT,BNCI2014_001,P01-L1-LOW-CAL-OFFICIAL-R2:128_PER_CLASS,128,1,NEURAL,A4-C3-MULTI-PROB-AVG,C3,7,288,0.6006944444444444,0.6180555555555556,0.01736111111111116
STAGE18S_SUPPLEMENT,BNCI2014_001,P01-L1-LOW-CAL-OFFICIAL-R2:128_PER_CLASS,128,2,NEURAL,A4-C3-MULTI-PROB-AVG,C3,7,288,0.5590277777777778,0.6006944444444444,0.04166666666666663
STAGE18S_SUPPLEMENT,BNCI2014_001,P01-L1-LOW-CAL-OFFICIAL-R2:16_PER_CLASS,16,0,NEURAL,A4-C3-MULTI-PROB-AVG,C3,7,288,0.5416666666666667,0.5069444444444444,-0.03472222222222232
STAGE18S_SUPPLEMENT,BNCI2014_001,P01-L1-LOW-CAL-OFFICIAL-R2:1_PER_CLASS,1,1,NEURAL,A4-C3-MULTI-PROB-AVG,C3,7,288,0.5486111111111112,0.4965277777777778,-0.05208333333333337
STAGE18S_SUPPLEMENT,BNCI2014_001,P01-L1-LOW-CAL-OFFICIAL-R2:1_PER_CLASS,1,2,NEURAL,A4-C3-MULTI-PROB-AVG,C3,7,288,0.5,0.4965277777777778,-0.00347222222222221
STAGE18S_SUPPLEMENT,BNCI2014_001,P01-L1-LOW-CAL-OFFICIAL-R2:256_PER_CLASS,256,0,NEURAL,A4-C3-MULTI-PROB-AVG,C3,7,288,0.5902777777777778,0.6041666666666667,0.01388888888888895
STAGE18S_SUPPLEMENT,BNCI2014_001,P01-L1-LOW-CAL-OFFICIAL-R2:256_PER_CLASS,256,1,NEURAL,A4-C3-MULTI-PROB-AVG,C3,7,288,0.6006944444444444,0.7083333333333333,0.10763888888888884
STAGE18S_SUPPLEMENT,BNCI2014_001,P01-L1-LOW-CAL-OFFICIAL-R2:256_PER_CLASS,256,2,NEURAL,A4-C3-MULTI-PROB-AVG,C3,7,288,0.5416666666666666,0.6180555555555556,0.07638888888888895
STAGE18S_SUPPLEMENT,BNCI2014_001,P01-L1-LOW-CAL-OFFICIAL-R2:32_PER_CLASS,32,0,NEURAL,A4-C3-MULTI-PROB-AVG,C3,7,288,0.4756944444444444,0.5277777777777778,0.05208333333333337
STAGE18S_SUPPLEMENT,BNCI2014_001,P01-L1-LOW-CAL-OFFICIAL-R2:4_PER_CLASS,4,0,NEURAL,A4-C3-MULTI-PROB-AVG,C3,7,288,0.5833333333333333,0.5243055555555556,-0.05902777777777768
STAGE18S_SUPPLEMENT,BNCI2014_001,P01-L1-LOW-CAL-OFFICIAL-R2:64_PER_CLASS,64,0,NEURAL,A4-C3-MULTI-PROB-AVG,C3,7,288,0.5173611111111112,0.6006944444444444,0.08333333333333326
STAGE18S_SUPPLEMENT,BNCI2014_001,P01-L1-LOW-CAL-OFFICIAL-R2:64_PER_CLASS,64,1,NEURAL,A4-C3-MULTI-PROB-AVG,C3,7,288,0.5381944444444444,0.5416666666666667,0.003472222222222321
STAGE18S_SUPPLEMENT,BNCI2014_001,P01-L1-LOW-CAL-OFFICIAL-R2:64_PER_CLASS,64,2,NEURAL,A4-C3-MULTI-PROB-AVG,C3,7,288,0.5486111111111112,0.5381944444444444,-0.01041666666666674
STAGE18S_SUPPLEMENT,BNCI2014_001,P01-L1-LOW-CAL-OFFICIAL-R2:8_PER_CLASS,8,1,NEURAL,A4-C3-MULTI-PROB-AVG,C3,7,288,0.5416666666666667,0.5277777777777778,-0.01388888888888895
STAGE18S_SUPPLEMENT,BNCI2014_001,P01-L1-LOW-CAL-OFFICIAL-R2:8_PER_CLASS,8,2,NEURAL,A4-C3-MULTI-PROB-AVG,C3,7,288,0.5486111111111112,0.4930555555555555,-0.055555555555555636
STAGE18S_SUPPLEMENT,BNCI2014_001,FULL_TRAIN,FULL,1,SSL,A4-C2-MULTI-HARD-VOTE,C2,7,288,0.5451388888888888,0.5798611111111112,0.03472222222222232
STAGE18S_SUPPLEMENT,BNCI2014_001,FULL_TRAIN,FULL,2,SSL,A4-C2-MULTI-HARD-VOTE,C2,7,288,0.5416666666666667,0.5798611111111112,0.03819444444444442
STAGE18S_SUPPLEMENT,BNCI2014_001,P01-L1-LOW-CAL-OFFICIAL-R2:128_PER_CLASS,128,0,SSL,A4-C2-MULTI-HARD-VOTE,C2,7,288,0.5,0.5208333333333334,0.02083333333333337
STAGE18S_SUPPLEMENT,BNCI2014_001,P01-L1-LOW-CAL-OFFICIAL-R2:128_PER_CLASS,128,1,SSL,A4-C2-MULTI-HARD-VOTE,C2,7,288,0.5486111111111112,0.5347222222222222,-0.01388888888888895
STAGE18S_SUPPLEMENT,BNCI2014_001,P01-L1-LOW-CAL-OFFICIAL-R2:128_PER_CLASS,128,2,SSL,A4-C2-MULTI-HARD-VOTE,C2,7,288,0.5173611111111112,0.5173611111111112,0.0
STAGE18S_SUPPLEMENT,BNCI2014_001,P01-L1-LOW-CAL-OFFICIAL-R2:16_PER_CLASS,16,0,SSL,A4-C2-MULTI-HARD-VOTE,C2,7,288,0.5381944444444444,0.5277777777777778,-0.01041666666666663
STAGE18S_SUPPLEMENT,BNCI2014_001,P01-L1-LOW-CAL-OFFICIAL-R2:1_PER_CLASS,1,1,SSL,A4-C2-MULTI-HARD-VOTE,C2,7,288,0.5104166666666666,0.5138888888888888,0.00347222222222221
STAGE18S_SUPPLEMENT,BNCI2014_001,P01-L1-LOW-CAL-OFFICIAL-R2:1_PER_CLASS,1,2,SSL,A4-C2-MULTI-HARD-VOTE,C2,7,288,0.4756944444444444,0.4861111111111111,0.010416666666666685
STAGE18S_SUPPLEMENT,BNCI2014_001,P01-L1-LOW-CAL-OFFICIAL-R2:256_PER_CLASS,256,0,SSL,A4-C2-MULTI-HARD-VOTE,C2,7,288,0.4722222222222222,0.5173611111111112,0.04513888888888895
STAGE18S_SUPPLEMENT,BNCI2014_001,P01-L1-LOW-CAL-OFFICIAL-R2:256_PER_CLASS,256,1,SSL,A4-C2-MULTI-HARD-VOTE,C2,7,288,0.5243055555555556,0.5381944444444444,0.01388888888888884
STAGE18S_SUPPLEMENT,BNCI2014_001,P01-L1-LOW-CAL-OFFICIAL-R2:256_PER_CLASS,256,2,SSL,A4-C2-MULTI-HARD-VOTE,C2,7,288,0.5277777777777778,0.5486111111111112,0.02083333333333337
STAGE18S_SUPPLEMENT,BNCI2014_001,P01-L1-LOW-CAL-OFFICIAL-R2:32_PER_CLASS,32,0,SSL,A4-C2-MULTI-HARD-VOTE,C2,7,288,0.53125,0.5243055555555556,-0.00694444444444442
STAGE18S_SUPPLEMENT,BNCI2014_001,P01-L1-LOW-CAL-OFFICIAL-R2:4_PER_CLASS,4,0,SSL,A4-C2-MULTI-HARD-VOTE,C2,7,288,0.5034722222222222,0.5416666666666667,0.03819444444444453
STAGE18S_SUPPLEMENT,BNCI2014_001,P01-L1-LOW-CAL-OFFICIAL-R2:64_PER_CLASS,64,0,SSL,A4-C2-MULTI-HARD-VOTE,C2,7,288,0.5347222222222222,0.48611111111111116,-0.04861111111111105
STAGE18S_SUPPLEMENT,BNCI2014_001,P01-L1-LOW-CAL-OFFICIAL-R2:64_PER_CLASS,64,1,SSL,A4-C2-MULTI-HARD-VOTE,C2,7,288,0.5138888888888888,0.4756944444444444,-0.03819444444444442
STAGE18S_SUPPLEMENT,BNCI2014_001,P01-L1-LOW-CAL-OFFICIAL-R2:64_PER_CLASS,64,2,SSL,A4-C2-MULTI-HARD-VOTE,C2,7,288,0.5381944444444444,0.5104166666666666,-0.02777777777777779
STAGE18S_SUPPLEMENT,BNCI2014_001,P01-L1-LOW-CAL-OFFICIAL-R2:8_PER_CLASS,8,1,SSL,A4-C2-MULTI-HARD-VOTE,C2,7,288,0.5138888888888888,0.53125,0.01736111111111116
STAGE18S_SUPPLEMENT,BNCI2014_001,P01-L1-LOW-CAL-OFFICIAL-R2:8_PER_CLASS,8,2,SSL,A4-C2-MULTI-HARD-VOTE,C2,7,288,0.5034722222222222,0.4965277777777778,-0.00694444444444442
STAGE18S_SUPPLEMENT,BNCI2014_001,FULL_TRAIN,FULL,1,SSL,A4-C3-MULTI-PROB-AVG,C3,7,288,0.5451388888888888,0.5590277777777778,0.01388888888888895
STAGE18S_SUPPLEMENT,BNCI2014_001,FULL_TRAIN,FULL,2,SSL,A4-C3-MULTI-PROB-AVG,C3,7,288,0.5416666666666667,0.5902777777777778,0.04861111111111105
STAGE18S_SUPPLEMENT,BNCI2014_001,P01-L1-LOW-CAL-OFFICIAL-R2:128_PER_CLASS,128,0,SSL,A4-C3-MULTI-PROB-AVG,C3,7,288,0.5,0.5347222222222222,0.03472222222222221
STAGE18S_SUPPLEMENT,BNCI2014_001,P01-L1-LOW-CAL-OFFICIAL-R2:128_PER_CLASS,128,1,SSL,A4-C3-MULTI-PROB-AVG,C3,7,288,0.5486111111111112,0.5069444444444444,-0.04166666666666674
STAGE18S_SUPPLEMENT,BNCI2014_001,P01-L1-LOW-CAL-OFFICIAL-R2:128_PER_CLASS,128,2,SSL,A4-C3-MULTI-PROB-AVG,C3,7,288,0.5173611111111112,0.5277777777777778,0.01041666666666663
STAGE18S_SUPPLEMENT,BNCI2014_001,P01-L1-LOW-CAL-OFFICIAL-R2:16_PER_CLASS,16,0,SSL,A4-C3-MULTI-PROB-AVG,C3,7,288,0.5381944444444444,0.5416666666666666,0.00347222222222221
STAGE18S_SUPPLEMENT,BNCI2014_001,P01-L1-LOW-CAL-OFFICIAL-R2:1_PER_CLASS,1,1,SSL,A4-C3-MULTI-PROB-AVG,C3,7,288,0.5104166666666666,0.5520833333333333,0.04166666666666663
STAGE18S_SUPPLEMENT,BNCI2014_001,P01-L1-LOW-CAL-OFFICIAL-R2:1_PER_CLASS,1,2,SSL,A4-C3-MULTI-PROB-AVG,C3,7,288,0.4756944444444444,0.53125,0.05555555555555558
STAGE18S_SUPPLEMENT,BNCI2014_001,P01-L1-LOW-CAL-OFFICIAL-R2:256_PER_CLASS,256,0,SSL,A4-C3-MULTI-PROB-AVG,C3,7,288,0.4722222222222222,0.5208333333333333,0.04861111111111105
STAGE18S_SUPPLEMENT,BNCI2014_001,P01-L1-LOW-CAL-OFFICIAL-R2:256_PER_CLASS,256,1,SSL,A4-C3-MULTI-PROB-AVG,C3,7,288,0.5243055555555556,0.5243055555555556,0.0
STAGE18S_SUPPLEMENT,BNCI2014_001,P01-L1-LOW-CAL-OFFICIAL-R2:256_PER_CLASS,256,2,SSL,A4-C3-MULTI-PROB-AVG,C3,7,288,0.5277777777777778,0.5520833333333334,0.02430555555555558
STAGE18S_SUPPLEMENT,BNCI2014_001,P01-L1-LOW-CAL-OFFICIAL-R2:32_PER_CLASS,32,0,SSL,A4-C3-MULTI-PROB-AVG,C3,7,288,0.53125,0.5347222222222222,0.00347222222222221
STAGE18S_SUPPLEMENT,BNCI2014_001,P01-L1-LOW-CAL-OFFICIAL-R2:4_PER_CLASS,4,0,SSL,A4-C3-MULTI-PROB-AVG,C3,7,288,0.5034722222222222,0.5069444444444444,0.00347222222222221
STAGE18S_SUPPLEMENT,BNCI2014_001,P01-L1-LOW-CAL-OFFICIAL-R2:64_PER_CLASS,64,0,SSL,A4-C3-MULTI-PROB-AVG,C3,7,288,0.5347222222222222,0.5104166666666667,-0.02430555555555547
STAGE18S_SUPPLEMENT,BNCI2014_001,P01-L1-LOW-CAL-OFFICIAL-R2:64_PER_CLASS,64,1,SSL,A4-C3-MULTI-PROB-AVG,C3,7,288,0.5138888888888888,0.4861111111111111,-0.027777777777777735
STAGE18S_SUPPLEMENT,BNCI2014_001,P01-L1-LOW-CAL-OFFICIAL-R2:64_PER_CLASS,64,2,SSL,A4-C3-MULTI-PROB-AVG,C3,7,288,0.5381944444444444,0.4930555555555556,-0.04513888888888884
STAGE18S_SUPPLEMENT,BNCI2014_001,P01-L1-LOW-CAL-OFFICIAL-R2:8_PER_CLASS,8,1,SSL,A4-C3-MULTI-PROB-AVG,C3,7,288,0.5138888888888888,0.5659722222222222,0.05208333333333337
STAGE18S_SUPPLEMENT,BNCI2014_001,P01-L1-LOW-CAL-OFFICIAL-R2:8_PER_CLASS,8,2,SSL,A4-C3-MULTI-PROB-AVG,C3,7,288,0.5034722222222222,0.4930555555555556,-0.01041666666666663
STAGE18S_SUPPLEMENT,Lee2019_MI,FULL_TRAIN,FULL,1,NEURAL,A4-C1-LONG-3P5S,C1,15,100,0.53,0.46,-0.07
STAGE18S_SUPPLEMENT,Lee2019_MI,FULL_TRAIN,FULL,1,NEURAL,A4-C1-LONG-3P5S,C1,19,100,0.81,0.79,-0.020000000000000018
STAGE18S_SUPPLEMENT,Lee2019_MI,FULL_TRAIN,FULL,1,NEURAL,A4-C1-LONG-3P5S,C1,30,100,0.63,0.72,0.08999999999999997
STAGE18S_SUPPLEMENT,Lee2019_MI,FULL_TRAIN,FULL,1,NEURAL,A4-C1-LONG-3P5S,C1,36,100,0.96,0.95,-0.010000000000000009
STAGE18S_SUPPLEMENT,Lee2019_MI,FULL_TRAIN,FULL,1,NEURAL,A4-C1-LONG-3P5S,C1,3,100,0.87,0.9299999999999999,0.05999999999999994
STAGE18S_SUPPLEMENT,Lee2019_MI,FULL_TRAIN,FULL,1,NEURAL,A4-C1-LONG-3P5S,C1,6,100,0.61,0.7,0.08999999999999997
STAGE18S_SUPPLEMENT,Lee2019_MI,FULL_TRAIN,FULL,2,NEURAL,A4-C1-LONG-3P5S,C1,15,100,0.47,0.51,0.040000000000000036
STAGE18S_SUPPLEMENT,Lee2019_MI,FULL_TRAIN,FULL,2,NEURAL,A4-C1-LONG-3P5S,C1,19,100,0.78,0.79,0.010000000000000009
STAGE18S_SUPPLEMENT,Lee2019_MI,FULL_TRAIN,FULL,2,NEURAL,A4-C1-LONG-3P5S,C1,30,100,0.69,0.76,0.07000000000000006
STAGE18S_SUPPLEMENT,Lee2019_MI,FULL_TRAIN,FULL,2,NEURAL,A4-C1-LONG-3P5S,C1,36,100,0.96,1.0,0.040000000000000036
STAGE18S_SUPPLEMENT,Lee2019_MI,FULL_TRAIN,FULL,2,NEURAL,A4-C1-LONG-3P5S,C1,3,100,0.87,0.9,0.030000000000000027
STAGE18S_SUPPLEMENT,Lee2019_MI,FULL_TRAIN,FULL,2,NEURAL,A4-C1-LONG-3P5S,C1,6,100,0.6599999999999999,0.64,-0.019999999999999907
STAGE18S_SUPPLEMENT,Lee2019_MI,P01-L1-LOW-CAL-OFFICIAL-R2:128_PER_CLASS,128,0,NEURAL,A4-C1-LONG-3P5S,C1,15,100,0.49,0.47,-0.020000000000000018
STAGE18S_SUPPLEMENT,Lee2019_MI,P01-L1-LOW-CAL-OFFICIAL-R2:128_PER_CLASS,128,0,NEURAL,A4-C1-LONG-3P5S,C1,19,100,0.6499999999999999,0.6699999999999999,0.020000000000000018
STAGE18S_SUPPLEMENT,Lee2019_MI,P01-L1-LOW-CAL-OFFICIAL-R2:128_PER_CLASS,128,0,NEURAL,A4-C1-LONG-3P5S,C1,30,100,0.42000000000000004,0.49,0.06999999999999995
STAGE18S_SUPPLEMENT,Lee2019_MI,P01-L1-LOW-CAL-OFFICIAL-R2:128_PER_CLASS,128,0,NEURAL,A4-C1-LONG-3P5S,C1,36,100,0.53,0.67,0.14
STAGE18S_SUPPLEMENT,Lee2019_MI,P01-L1-LOW-CAL-OFFICIAL-R2:128_PER_CLASS,128,0,NEURAL,A4-C1-LONG-3P5S,C1,3,100,0.74,0.6900000000000001,-0.04999999999999993
STAGE18S_SUPPLEMENT,Lee2019_MI,P01-L1-LOW-CAL-OFFICIAL-R2:128_PER_CLASS,128,0,NEURAL,A4-C1-LONG-3P5S,C1,6,100,0.6000000000000001,0.75,0.1499999999999999
STAGE18S_SUPPLEMENT,Lee2019_MI,P01-L1-LOW-CAL-OFFICIAL-R2:128_PER_CLASS,128,1,NEURAL,A4-C1-LONG-3P5S,C1,15,100,0.39,0.5900000000000001,0.20000000000000007
STAGE18S_SUPPLEMENT,Lee2019_MI,P01-L1-LOW-CAL-OFFICIAL-R2:128_PER_CLASS,128,1,NEURAL,A4-C1-LONG-3P5S,C1,19,100,0.6100000000000001,0.66,0.04999999999999993
STAGE18S_SUPPLEMENT,Lee2019_MI,P01-L1-LOW-CAL-OFFICIAL-R2:128_PER_CLASS,128,1,NEURAL,A4-C1-LONG-3P5S,C1,30,100,0.48,0.48,0.0
STAGE18S_SUPPLEMENT,Lee2019_MI,P01-L1-LOW-CAL-OFFICIAL-R2:128_PER_CLASS,128,1,NEURAL,A4-C1-LONG-3P5S,C1,36,100,0.71,0.64,-0.06999999999999995
STAGE18S_SUPPLEMENT,Lee2019_MI,P01-L1-LOW-CAL-OFFICIAL-R2:128_PER_CLASS,128,1,NEURAL,A4-C1-LONG-3P5S,C1,3,100,0.74,0.6599999999999999,-0.08000000000000007
STAGE18S_SUPPLEMENT,Lee2019_MI,P01-L1-LOW-CAL-OFFICIAL-R2:128_PER_CLASS,128,1,NEURAL,A4-C1-LONG-3P5S,C1,6,100,0.51,0.55,0.040000000000000036
STAGE18S_SUPPLEMENT,Lee2019_MI,P01-L1-LOW-CAL-OFFICIAL-R2:128_PER_CLASS,128,2,NEURAL,A4-C1-LONG-3P5S,C1,15,100,0.49,0.51,0.020000000000000018
STAGE18S_SUPPLEMENT,Lee2019_MI,P01-L1-LOW-CAL-OFFICIAL-R2:128_PER_CLASS,128,2,NEURAL,A4-C1-LONG-3P5S,C1,19,100,0.61,0.6799999999999999,0.06999999999999995
STAGE18S_SUPPLEMENT,Lee2019_MI,P01-L1-LOW-CAL-OFFICIAL-R2:128_PER_CLASS,128,2,NEURAL,A4-C1-LONG-3P5S,C1,30,100,0.46,0.5,0.03999999999999998
STAGE18S_SUPPLEMENT,Lee2019_MI,P01-L1-LOW-CAL-OFFICIAL-R2:128_PER_CLASS,128,2,NEURAL,A4-C1-LONG-3P5S,C1,36,100,0.55,0.58,0.029999999999999916
STAGE18S_SUPPLEMENT,Lee2019_MI,P01-L1-LOW-CAL-OFFICIAL-R2:128_PER_CLASS,128,2,NEURAL,A4-C1-LONG-3P5S,C1,3,100,0.71,0.61,-0.09999999999999998
STAGE18S_SUPPLEMENT,Lee2019_MI,P01-L1-LOW-CAL-OFFICIAL-R2:128_PER_CLASS,128,2,NEURAL,A4-C1-LONG-3P5S,C1,6,100,0.5800000000000001,0.62,0.039999999999999925
STAGE18S_SUPPLEMENT,Lee2019_MI,P01-L1-LOW-CAL-OFFICIAL-R2:16_PER_CLASS,16,0,NEURAL,A4-C1-LONG-3P5S,C1,15,100,0.5,0.58,0.07999999999999996
STAGE18S_SUPPLEMENT,Lee2019_MI,P01-L1-LOW-CAL-OFFICIAL-R2:16_PER_CLASS,16,0,NEURAL,A4-C1-LONG-3P5S,C1,19,100,0.5,0.51,0.010000000000000009
STAGE18S_SUPPLEMENT,Lee2019_MI,P01-L1-LOW-CAL-OFFICIAL-R2:16_PER_CLASS,16,0,NEURAL,A4-C1-LONG-3P5S,C1,30,100,0.5,0.5,0.0
STAGE18S_SUPPLEMENT,Lee2019_MI,P01-L1-LOW-CAL-OFFICIAL-R2:16_PER_CLASS,16,0,NEURAL,A4-C1-LONG-3P5S,C1,36,100,0.5800000000000001,0.56,-0.020000000000000018
STAGE18S_SUPPLEMENT,Lee2019_MI,P01-L1-LOW-CAL-OFFICIAL-R2:16_PER_CLASS,16,0,NEURAL,A4-C1-LONG-3P5S,C1,3,100,0.48,0.5700000000000001,0.09000000000000008
STAGE18S_SUPPLEMENT,Lee2019_MI,P01-L1-LOW-CAL-OFFICIAL-R2:16_PER_CLASS,16,0,NEURAL,A4-C1-LONG-3P5S,C1,6,100,0.51,0.51,0.0
STAGE18S_SUPPLEMENT,Lee2019_MI,P01-L1-LOW-CAL-OFFICIAL-R2:1_PER_CLASS,1,1,NEURAL,A4-C1-LONG-3P5S,C1,15,100,0.54,0.5,-0.040000000000000036
STAGE18S_SUPPLEMENT,Lee2019_MI,P01-L1-LOW-CAL-OFFICIAL-R2:1_PER_CLASS,1,1,NEURAL,A4-C1-LONG-3P5S,C1,19,100,0.5,0.5,0.0
STAGE18S_SUPPLEMENT,Lee2019_MI,P01-L1-LOW-CAL-OFFICIAL-R2:1_PER_CLASS,1,1,NEURAL,A4-C1-LONG-3P5S,C1,30,100,0.5700000000000001,0.5,-0.07000000000000006
STAGE18S_SUPPLEMENT,Lee2019_MI,P01-L1-LOW-CAL-OFFICIAL-R2:1_PER_CLASS,1,1,NEURAL,A4-C1-LONG-3P5S,C1,36,100,0.49,0.5,0.010000000000000009
STAGE18S_SUPPLEMENT,Lee2019_MI,P01-L1-LOW-CAL-OFFICIAL-R2:1_PER_CLASS,1,1,NEURAL,A4-C1-LONG-3P5S,C1,3,100,0.47000000000000003,0.51,0.03999999999999998
STAGE18S_SUPPLEMENT,Lee2019_MI,P01-L1-LOW-CAL-OFFICIAL-R2:1_PER_CLASS,1,1,NEURAL,A4-C1-LONG-3P5S,C1,6,100,0.5,0.5,0.0
STAGE18S_SUPPLEMENT,Lee2019_MI,P01-L1-LOW-CAL-OFFICIAL-R2:1_PER_CLASS,1,2,NEURAL,A4-C1-LONG-3P5S,C1,15,100,0.54,0.5,-0.040000000000000036
STAGE18S_SUPPLEMENT,Lee2019_MI,P01-L1-LOW-CAL-OFFICIAL-R2:1_PER_CLASS,1,2,NEURAL,A4-C1-LONG-3P5S,C1,19,100,0.41000000000000003,0.5,0.08999999999999997
STAGE18S_SUPPLEMENT,Lee2019_MI,P01-L1-LOW-CAL-OFFICIAL-R2:1_PER_CLASS,1,2,NEURAL,A4-C1-LONG-3P5S,C1,30,100,0.55,0.44999999999999996,-0.10000000000000009
STAGE18S_SUPPLEMENT,Lee2019_MI,P01-L1-LOW-CAL-OFFICIAL-R2:1_PER_CLASS,1,2,NEURAL,A4-C1-LONG-3P5S,C1,36,100,0.54,0.5800000000000001,0.040000000000000036
STAGE18S_SUPPLEMENT,Lee2019_MI,P01-L1-LOW-CAL-OFFICIAL-R2:1_PER_CLASS,1,2,NEURAL,A4-C1-LONG-3P5S,C1,3,100,0.55,0.54,-0.010000000000000009
STAGE18S_SUPPLEMENT,Lee2019_MI,P01-L1-LOW-CAL-OFFICIAL-R2:1_PER_CLASS,1,2,NEURAL,A4-C1-LONG-3P5S,C1,6,100,0.38,0.49,0.10999999999999999
STAGE18S_SUPPLEMENT,Lee2019_MI,P01-L1-LOW-CAL-OFFICIAL-R2:256_PER_CLASS,256,0,NEURAL,A4-C1-LONG-3P5S,C1,15,100,0.49,0.56,0.07000000000000006
STAGE18S_SUPPLEMENT,Lee2019_MI,P01-L1-LOW-CAL-OFFICIAL-R2:256_PER_CLASS,256,0,NEURAL,A4-C1-LONG-3P5S,C1,19,100,0.75,0.72,-0.030000000000000027
STAGE18S_SUPPLEMENT,Lee2019_MI,P01-L1-LOW-CAL-OFFICIAL-R2:256_PER_CLASS,256,0,NEURAL,A4-C1-LONG-3P5S,C1,30,100,0.44999999999999996,0.5,0.050000000000000044
STAGE18S_SUPPLEMENT,Lee2019_MI,P01-L1-LOW-CAL-OFFICIAL-R2:256_PER_CLASS,256,0,NEURAL,A4-C1-LONG-3P5S,C1,36,100,0.81,0.87,0.05999999999999994
STAGE18S_SUPPLEMENT,Lee2019_MI,P01-L1-LOW-CAL-OFFICIAL-R2:256_PER_CLASS,256,0,NEURAL,A4-C1-LONG-3P5S,C1,3,100,0.69,0.64,-0.04999999999999993
STAGE18S_SUPPLEMENT,Lee2019_MI,P01-L1-LOW-CAL-OFFICIAL-R2:256_PER_CLASS,256,0,NEURAL,A4-C1-LONG-3P5S,C1,6,100,0.7,0.76,0.06000000000000005
STAGE18S_SUPPLEMENT,Lee2019_MI,P01-L1-LOW-CAL-OFFICIAL-R2:256_PER_CLASS,256,1,NEURAL,A4-C1-LONG-3P5S,C1,15,100,0.58,0.54,-0.039999999999999925
STAGE18S_SUPPLEMENT,Lee2019_MI,P01-L1-LOW-CAL-OFFICIAL-R2:256_PER_CLASS,256,1,NEURAL,A4-C1-LONG-3P5S,C1,19,100,0.6799999999999999,0.67,-0.009999999999999898
STAGE18S_SUPPLEMENT,Lee2019_MI,P01-L1-LOW-CAL-OFFICIAL-R2:256_PER_CLASS,256,1,NEURAL,A4-C1-LONG-3P5S,C1,30,100,0.5,0.64,0.14
STAGE18S_SUPPLEMENT,Lee2019_MI,P01-L1-LOW-CAL-OFFICIAL-R2:256_PER_CLASS,256,1,NEURAL,A4-C1-LONG-3P5S,C1,36,100,0.79,0.85,0.05999999999999994
STAGE18S_SUPPLEMENT,Lee2019_MI,P01-L1-LOW-CAL-OFFICIAL-R2:256_PER_CLASS,256,1,NEURAL,A4-C1-LONG-3P5S,C1,3,100,0.69,0.8200000000000001,0.13000000000000012
STAGE18S_SUPPLEMENT,Lee2019_MI,P01-L1-LOW-CAL-OFFICIAL-R2:256_PER_CLASS,256,1,NEURAL,A4-C1-LONG-3P5S,C1,6,100,0.6799999999999999,0.7,0.020000000000000018
STAGE18S_SUPPLEMENT,Lee2019_MI,P01-L1-LOW-CAL-OFFICIAL-R2:256_PER_CLASS,256,2,NEURAL,A4-C1-LONG-3P5S,C1,15,100,0.52,0.59,0.06999999999999995
STAGE18S_SUPPLEMENT,Lee2019_MI,P01-L1-LOW-CAL-OFFICIAL-R2:256_PER_CLASS,256,2,NEURAL,A4-C1-LONG-3P5S,C1,19,100,0.72,0.77,0.050000000000000044
STAGE18S_SUPPLEMENT,Lee2019_MI,P01-L1-LOW-CAL-OFFICIAL-R2:256_PER_CLASS,256,2,NEURAL,A4-C1-LONG-3P5S,C1,30,100,0.5800000000000001,0.61,0.029999999999999916
STAGE18S_SUPPLEMENT,Lee2019_MI,P01-L1-LOW-CAL-OFFICIAL-R2:256_PER_CLASS,256,2,NEURAL,A4-C1-LONG-3P5S,C1,36,100,0.9299999999999999,0.84,-0.08999999999999997
STAGE18S_SUPPLEMENT,Lee2019_MI,P01-L1-LOW-CAL-OFFICIAL-R2:256_PER_CLASS,256,2,NEURAL,A4-C1-LONG-3P5S,C1,3,100,0.84,0.83,-0.010000000000000009
STAGE18S_SUPPLEMENT,Lee2019_MI,P01-L1-LOW-CAL-OFFICIAL-R2:256_PER_CLASS,256,2,NEURAL,A4-C1-LONG-3P5S,C1,6,100,0.78,0.8,0.020000000000000018
STAGE18S_SUPPLEMENT,Lee2019_MI,P01-L1-LOW-CAL-OFFICIAL-R2:32_PER_CLASS,32,0,NEURAL,A4-C1-LONG-3P5S,C1,15,100,0.48,0.5,0.020000000000000018
STAGE18S_SUPPLEMENT,Lee2019_MI,P01-L1-LOW-CAL-OFFICIAL-R2:32_PER_CLASS,32,0,NEURAL,A4-C1-LONG-3P5S,C1,19,100,0.45999999999999996,0.5,0.040000000000000036
STAGE18S_SUPPLEMENT,Lee2019_MI,P01-L1-LOW-CAL-OFFICIAL-R2:32_PER_CLASS,32,0,NEURAL,A4-C1-LONG-3P5S,C1,30,100,0.52,0.5,-0.020000000000000018
STAGE18S_SUPPLEMENT,Lee2019_MI,P01-L1-LOW-CAL-OFFICIAL-R2:32_PER_CLASS,32,0,NEURAL,A4-C1-LONG-3P5S,C1,36,100,0.74,0.54,-0.19999999999999996
STAGE18S_SUPPLEMENT,Lee2019_MI,P01-L1-LOW-CAL-OFFICIAL-R2:32_PER_CLASS,32,0,NEURAL,A4-C1-LONG-3P5S,C1,3,100,0.5,0.5700000000000001,0.07000000000000006
STAGE18S_SUPPLEMENT,Lee2019_MI,P01-L1-LOW-CAL-OFFICIAL-R2:32_PER_CLASS,32,0,NEURAL,A4-C1-LONG-3P5S,C1,6,100,0.58,0.5,-0.07999999999999996
STAGE18S_SUPPLEMENT,Lee2019_MI,P01-L1-LOW-CAL-OFFICIAL-R2:4_PER_CLASS,4,0,NEURAL,A4-C1-LONG-3P5S,C1,15,100,0.45,0.55,0.10000000000000003
STAGE18S_SUPPLEMENT,Lee2019_MI,P01-L1-LOW-CAL-OFFICIAL-R2:4_PER_CLASS,4,0,NEURAL,A4-C1-LONG-3P5S,C1,19,100,0.45999999999999996,0.5,0.040000000000000036
STAGE18S_SUPPLEMENT,Lee2019_MI,P01-L1-LOW-CAL-OFFICIAL-R2:4_PER_CLASS,4,0,NEURAL,A4-C1-LONG-3P5S,C1,30,100,0.52,0.5,-0.020000000000000018
STAGE18S_SUPPLEMENT,Lee2019_MI,P01-L1-LOW-CAL-OFFICIAL-R2:4_PER_CLASS,4,0,NEURAL,A4-C1-LONG-3P5S,C1,36,100,0.6,0.59,-0.010000000000000009
STAGE18S_SUPPLEMENT,Lee2019_MI,P01-L1-LOW-CAL-OFFICIAL-R2:4_PER_CLASS,4,0,NEURAL,A4-C1-LONG-3P5S,C1,3,100,0.5,0.5,0.0
STAGE18S_SUPPLEMENT,Lee2019_MI,P01-L1-LOW-CAL-OFFICIAL-R2:4_PER_CLASS,4,0,NEURAL,A4-C1-LONG-3P5S,C1,6,100,0.51,0.45999999999999996,-0.050000000000000044
STAGE18S_SUPPLEMENT,Lee2019_MI,P01-L1-LOW-CAL-OFFICIAL-R2:64_PER_CLASS,64,0,NEURAL,A4-C1-LONG-3P5S,C1,15,100,0.49,0.52,0.030000000000000027
STAGE18S_SUPPLEMENT,Lee2019_MI,P01-L1-LOW-CAL-OFFICIAL-R2:64_PER_CLASS,64,0,NEURAL,A4-C1-LONG-3P5S,C1,19,100,0.52,0.58,0.05999999999999994
STAGE18S_SUPPLEMENT,Lee2019_MI,P01-L1-LOW-CAL-OFFICIAL-R2:64_PER_CLASS,64,0,NEURAL,A4-C1-LONG-3P5S,C1,30,100,0.55,0.59,0.039999999999999925
STAGE18S_SUPPLEMENT,Lee2019_MI,P01-L1-LOW-CAL-OFFICIAL-R2:64_PER_CLASS,64,0,NEURAL,A4-C1-LONG-3P5S,C1,36,100,0.6100000000000001,0.6599999999999999,0.04999999999999982
STAGE18S_SUPPLEMENT,Lee2019_MI,P01-L1-LOW-CAL-OFFICIAL-R2:64_PER_CLASS,64,0,NEURAL,A4-C1-LONG-3P5S,C1,3,100,0.5800000000000001,0.7,0.11999999999999988
STAGE18S_SUPPLEMENT,Lee2019_MI,P01-L1-LOW-CAL-OFFICIAL-R2:64_PER_CLASS,64,0,NEURAL,A4-C1-LONG-3P5S,C1,6,100,0.66,0.6,-0.06000000000000005
STAGE18S_SUPPLEMENT,Lee2019_MI,P01-L1-LOW-CAL-OFFICIAL-R2:64_PER_CLASS,64,1,NEURAL,A4-C1-LONG-3P5S,C1,15,100,0.41,0.54,0.13000000000000006
STAGE18S_SUPPLEMENT,Lee2019_MI,P01-L1-LOW-CAL-OFFICIAL-R2:64_PER_CLASS,64,1,NEURAL,A4-C1-LONG-3P5S,C1,19,100,0.53,0.57,0.039999999999999925
STAGE18S_SUPPLEMENT,Lee2019_MI,P01-L1-LOW-CAL-OFFICIAL-R2:64_PER_CLASS,64,1,NEURAL,A4-C1-LONG-3P5S,C1,30,100,0.53,0.52,-0.010000000000000009
STAGE18S_SUPPLEMENT,Lee2019_MI,P01-L1-LOW-CAL-OFFICIAL-R2:64_PER_CLASS,64,1,NEURAL,A4-C1-LONG-3P5S,C1,36,100,0.69,0.5700000000000001,-0.11999999999999988
STAGE18S_SUPPLEMENT,Lee2019_MI,P01-L1-LOW-CAL-OFFICIAL-R2:64_PER_CLASS,64,1,NEURAL,A4-C1-LONG-3P5S,C1,3,100,0.69,0.5900000000000001,-0.09999999999999987
STAGE18S_SUPPLEMENT,Lee2019_MI,P01-L1-LOW-CAL-OFFICIAL-R2:64_PER_CLASS,64,1,NEURAL,A4-C1-LONG-3P5S,C1,6,100,0.63,0.59,-0.040000000000000036
STAGE18S_SUPPLEMENT,Lee2019_MI,P01-L1-LOW-CAL-OFFICIAL-R2:64_PER_CLASS,64,2,NEURAL,A4-C1-LONG-3P5S,C1,15,100,0.49,0.58,0.08999999999999997
STAGE18S_SUPPLEMENT,Lee2019_MI,P01-L1-LOW-CAL-OFFICIAL-R2:64_PER_CLASS,64,2,NEURAL,A4-C1-LONG-3P5S,C1,19,100,0.62,0.5599999999999999,-0.06000000000000005
STAGE18S_SUPPLEMENT,Lee2019_MI,P01-L1-LOW-CAL-OFFICIAL-R2:64_PER_CLASS,64,2,NEURAL,A4-C1-LONG-3P5S,C1,30,100,0.5,0.49,-0.010000000000000009
STAGE18S_SUPPLEMENT,Lee2019_MI,P01-L1-LOW-CAL-OFFICIAL-R2:64_PER_CLASS,64,2,NEURAL,A4-C1-LONG-3P5S,C1,36,100,0.51,0.51,0.0
STAGE18S_SUPPLEMENT,Lee2019_MI,P01-L1-LOW-CAL-OFFICIAL-R2:64_PER_CLASS,64,2,NEURAL,A4-C1-LONG-3P5S,C1,3,100,0.66,0.6599999999999999,-1.1102230246251565e-16
STAGE18S_SUPPLEMENT,Lee2019_MI,P01-L1-LOW-CAL-OFFICIAL-R2:64_PER_CLASS,64,2,NEURAL,A4-C1-LONG-3P5S,C1,6,100,0.61,0.6599999999999999,0.04999999999999993
STAGE18S_SUPPLEMENT,Lee2019_MI,P01-L1-LOW-CAL-OFFICIAL-R2:8_PER_CLASS,8,1,NEURAL,A4-C1-LONG-3P5S,C1,15,100,0.51,0.5,-0.010000000000000009
STAGE18S_SUPPLEMENT,Lee2019_MI,P01-L1-LOW-CAL-OFFICIAL-R2:8_PER_CLASS,8,1,NEURAL,A4-C1-LONG-3P5S,C1,19,100,0.54,0.52,-0.020000000000000018
STAGE18S_SUPPLEMENT,Lee2019_MI,P01-L1-LOW-CAL-OFFICIAL-R2:8_PER_CLASS,8,1,NEURAL,A4-C1-LONG-3P5S,C1,30,100,0.5,0.5,0.0
STAGE18S_SUPPLEMENT,Lee2019_MI,P01-L1-LOW-CAL-OFFICIAL-R2:8_PER_CLASS,8,1,NEURAL,A4-C1-LONG-3P5S,C1,36,100,0.6200000000000001,0.52,-0.10000000000000009
STAGE18S_SUPPLEMENT,Lee2019_MI,P01-L1-LOW-CAL-OFFICIAL-R2:8_PER_CLASS,8,1,NEURAL,A4-C1-LONG-3P5S,C1,3,100,0.55,0.5700000000000001,0.020000000000000018
STAGE18S_SUPPLEMENT,Lee2019_MI,P01-L1-LOW-CAL-OFFICIAL-R2:8_PER_CLASS,8,1,NEURAL,A4-C1-LONG-3P5S,C1,6,100,0.52,0.5,-0.020000000000000018
STAGE18S_SUPPLEMENT,Lee2019_MI,P01-L1-LOW-CAL-OFFICIAL-R2:8_PER_CLASS,8,2,NEURAL,A4-C1-LONG-3P5S,C1,15,100,0.51,0.52,0.010000000000000009
STAGE18S_SUPPLEMENT,Lee2019_MI,P01-L1-LOW-CAL-OFFICIAL-R2:8_PER_CLASS,8,2,NEURAL,A4-C1-LONG-3P5S,C1,19,100,0.51,0.51,0.0
STAGE18S_SUPPLEMENT,Lee2019_MI,P01-L1-LOW-CAL-OFFICIAL-R2:8_PER_CLASS,8,2,NEURAL,A4-C1-LONG-3P5S,C1,30,100,0.5,0.5,0.0
STAGE18S_SUPPLEMENT,Lee2019_MI,P01-L1-LOW-CAL-OFFICIAL-R2:8_PER_CLASS,8,2,NEURAL,A4-C1-LONG-3P5S,C1,36,100,0.48,0.58,0.09999999999999998
STAGE18S_SUPPLEMENT,Lee2019_MI,P01-L1-LOW-CAL-OFFICIAL-R2:8_PER_CLASS,8,2,NEURAL,A4-C1-LONG-3P5S,C1,3,100,0.53,0.53,0.0
STAGE18S_SUPPLEMENT,Lee2019_MI,P01-L1-LOW-CAL-OFFICIAL-R2:8_PER_CLASS,8,2,NEURAL,A4-C1-LONG-3P5S,C1,6,100,0.51,0.53,0.020000000000000018
STAGE18S_SUPPLEMENT,Lee2019_MI,FULL_TRAIN,FULL,1,NEURAL,A4-C2-MULTI-HARD-VOTE,C2,15,100,0.53,0.48,-0.050000000000000044
STAGE18S_SUPPLEMENT,Lee2019_MI,FULL_TRAIN,FULL,1,NEURAL,A4-C2-MULTI-HARD-VOTE,C2,19,100,0.81,0.8200000000000001,0.010000000000000009
STAGE18S_SUPPLEMENT,Lee2019_MI,FULL_TRAIN,FULL,1,NEURAL,A4-C2-MULTI-HARD-VOTE,C2,30,100,0.63,0.6799999999999999,0.04999999999999993
STAGE18S_SUPPLEMENT,Lee2019_MI,FULL_TRAIN,FULL,1,NEURAL,A4-C2-MULTI-HARD-VOTE,C2,36,100,0.96,0.94,-0.020000000000000018
STAGE18S_SUPPLEMENT,Lee2019_MI,FULL_TRAIN,FULL,1,NEURAL,A4-C2-MULTI-HARD-VOTE,C2,3,100,0.87,0.88,0.010000000000000009
STAGE18S_SUPPLEMENT,Lee2019_MI,FULL_TRAIN,FULL,1,NEURAL,A4-C2-MULTI-HARD-VOTE,C2,6,100,0.61,0.65,0.040000000000000036
STAGE18S_SUPPLEMENT,Lee2019_MI,FULL_TRAIN,FULL,2,NEURAL,A4-C2-MULTI-HARD-VOTE,C2,15,100,0.47,0.55,0.08000000000000007
STAGE18S_SUPPLEMENT,Lee2019_MI,FULL_TRAIN,FULL,2,NEURAL,A4-C2-MULTI-HARD-VOTE,C2,19,100,0.78,0.79,0.010000000000000009
STAGE18S_SUPPLEMENT,Lee2019_MI,FULL_TRAIN,FULL,2,NEURAL,A4-C2-MULTI-HARD-VOTE,C2,30,100,0.69,0.71,0.020000000000000018
STAGE18S_SUPPLEMENT,Lee2019_MI,FULL_TRAIN,FULL,2,NEURAL,A4-C2-MULTI-HARD-VOTE,C2,36,100,0.96,0.95,-0.010000000000000009
STAGE18S_SUPPLEMENT,Lee2019_MI,FULL_TRAIN,FULL,2,NEURAL,A4-C2-MULTI-HARD-VOTE,C2,3,100,0.87,0.9299999999999999,0.05999999999999994
STAGE18S_SUPPLEMENT,Lee2019_MI,FULL_TRAIN,FULL,2,NEURAL,A4-C2-MULTI-HARD-VOTE,C2,6,100,0.6599999999999999,0.69,0.030000000000000027
STAGE18S_SUPPLEMENT,Lee2019_MI,P01-L1-LOW-CAL-OFFICIAL-R2:128_PER_CLASS,128,0,NEURAL,A4-C2-MULTI-HARD-VOTE,C2,15,100,0.49,0.5,0.010000000000000009
STAGE18S_SUPPLEMENT,Lee2019_MI,P01-L1-LOW-CAL-OFFICIAL-R2:128_PER_CLASS,128,0,NEURAL,A4-C2-MULTI-HARD-VOTE,C2,19,100,0.6499999999999999,0.59,-0.05999999999999994
STAGE18S_SUPPLEMENT,Lee2019_MI,P01-L1-LOW-CAL-OFFICIAL-R2:128_PER_CLASS,128,0,NEURAL,A4-C2-MULTI-HARD-VOTE,C2,30,100,0.42000000000000004,0.5,0.07999999999999996
STAGE18S_SUPPLEMENT,Lee2019_MI,P01-L1-LOW-CAL-OFFICIAL-R2:128_PER_CLASS,128,0,NEURAL,A4-C2-MULTI-HARD-VOTE,C2,36,100,0.53,0.5599999999999999,0.029999999999999916
STAGE18S_SUPPLEMENT,Lee2019_MI,P01-L1-LOW-CAL-OFFICIAL-R2:128_PER_CLASS,128,0,NEURAL,A4-C2-MULTI-HARD-VOTE,C2,3,100,0.74,0.59,-0.15000000000000002
STAGE18S_SUPPLEMENT,Lee2019_MI,P01-L1-LOW-CAL-OFFICIAL-R2:128_PER_CLASS,128,0,NEURAL,A4-C2-MULTI-HARD-VOTE,C2,6,100,0.6000000000000001,0.54,-0.06000000000000005
STAGE18S_SUPPLEMENT,Lee2019_MI,P01-L1-LOW-CAL-OFFICIAL-R2:128_PER_CLASS,128,1,NEURAL,A4-C2-MULTI-HARD-VOTE,C2,15,100,0.39,0.52,0.13
STAGE18S_SUPPLEMENT,Lee2019_MI,P01-L1-LOW-CAL-OFFICIAL-R2:128_PER_CLASS,128,1,NEURAL,A4-C2-MULTI-HARD-VOTE,C2,19,100,0.6100000000000001,0.6000000000000001,-0.010000000000000009
STAGE18S_SUPPLEMENT,Lee2019_MI,P01-L1-LOW-CAL-OFFICIAL-R2:128_PER_CLASS,128,1,NEURAL,A4-C2-MULTI-HARD-VOTE,C2,30,100,0.48,0.5,0.020000000000000018
STAGE18S_SUPPLEMENT,Lee2019_MI,P01-L1-LOW-CAL-OFFICIAL-R2:128_PER_CLASS,128,1,NEURAL,A4-C2-MULTI-HARD-VOTE,C2,36,100,0.71,0.54,-0.16999999999999993
STAGE18S_SUPPLEMENT,Lee2019_MI,P01-L1-LOW-CAL-OFFICIAL-R2:128_PER_CLASS,128,1,NEURAL,A4-C2-MULTI-HARD-VOTE,C2,3,100,0.74,0.6,-0.14
STAGE18S_SUPPLEMENT,Lee2019_MI,P01-L1-LOW-CAL-OFFICIAL-R2:128_PER_CLASS,128,1,NEURAL,A4-C2-MULTI-HARD-VOTE,C2,6,100,0.51,0.65,0.14
STAGE18S_SUPPLEMENT,Lee2019_MI,P01-L1-LOW-CAL-OFFICIAL-R2:128_PER_CLASS,128,2,NEURAL,A4-C2-MULTI-HARD-VOTE,C2,15,100,0.49,0.62,0.13
STAGE18S_SUPPLEMENT,Lee2019_MI,P01-L1-LOW-CAL-OFFICIAL-R2:128_PER_CLASS,128,2,NEURAL,A4-C2-MULTI-HARD-VOTE,C2,19,100,0.61,0.54,-0.06999999999999995
STAGE18S_SUPPLEMENT,Lee2019_MI,P01-L1-LOW-CAL-OFFICIAL-R2:128_PER_CLASS,128,2,NEURAL,A4-C2-MULTI-HARD-VOTE,C2,30,100,0.46,0.48,0.019999999999999962
STAGE18S_SUPPLEMENT,Lee2019_MI,P01-L1-LOW-CAL-OFFICIAL-R2:128_PER_CLASS,128,2,NEURAL,A4-C2-MULTI-HARD-VOTE,C2,36,100,0.55,0.58,0.029999999999999916
STAGE18S_SUPPLEMENT,Lee2019_MI,P01-L1-LOW-CAL-OFFICIAL-R2:128_PER_CLASS,128,2,NEURAL,A4-C2-MULTI-HARD-VOTE,C2,3,100,0.71,0.71,0.0
STAGE18S_SUPPLEMENT,Lee2019_MI,P01-L1-LOW-CAL-OFFICIAL-R2:128_PER_CLASS,128,2,NEURAL,A4-C2-MULTI-HARD-VOTE,C2,6,100,0.5800000000000001,0.52,-0.06000000000000005
STAGE18S_SUPPLEMENT,Lee2019_MI,P01-L1-LOW-CAL-OFFICIAL-R2:16_PER_CLASS,16,0,NEURAL,A4-C2-MULTI-HARD-VOTE,C2,15,100,0.5,0.61,0.10999999999999999
STAGE18S_SUPPLEMENT,Lee2019_MI,P01-L1-LOW-CAL-OFFICIAL-R2:16_PER_CLASS,16,0,NEURAL,A4-C2-MULTI-HARD-VOTE,C2,19,100,0.5,0.5,0.0
STAGE18S_SUPPLEMENT,Lee2019_MI,P01-L1-LOW-CAL-OFFICIAL-R2:16_PER_CLASS,16,0,NEURAL,A4-C2-MULTI-HARD-VOTE,C2,30,100,0.5,0.5,0.0
STAGE18S_SUPPLEMENT,Lee2019_MI,P01-L1-LOW-CAL-OFFICIAL-R2:16_PER_CLASS,16,0,NEURAL,A4-C2-MULTI-HARD-VOTE,C2,36,100,0.5800000000000001,0.54,-0.040000000000000036
STAGE18S_SUPPLEMENT,Lee2019_MI,P01-L1-LOW-CAL-OFFICIAL-R2:16_PER_CLASS,16,0,NEURAL,A4-C2-MULTI-HARD-VOTE,C2,3,100,0.48,0.48,0.0
STAGE18S_SUPPLEMENT,Lee2019_MI,P01-L1-LOW-CAL-OFFICIAL-R2:16_PER_CLASS,16,0,NEURAL,A4-C2-MULTI-HARD-VOTE,C2,6,100,0.51,0.51,0.0
STAGE18S_SUPPLEMENT,Lee2019_MI,P01-L1-LOW-CAL-OFFICIAL-R2:1_PER_CLASS,1,1,NEURAL,A4-C2-MULTI-HARD-VOTE,C2,15,100,0.54,0.65,0.10999999999999999
STAGE18S_SUPPLEMENT,Lee2019_MI,P01-L1-LOW-CAL-OFFICIAL-R2:1_PER_CLASS,1,1,NEURAL,A4-C2-MULTI-HARD-VOTE,C2,19,100,0.5,0.58,0.07999999999999996
STAGE18S_SUPPLEMENT,Lee2019_MI,P01-L1-LOW-CAL-OFFICIAL-R2:1_PER_CLASS,1,1,NEURAL,A4-C2-MULTI-HARD-VOTE,C2,30,100,0.5700000000000001,0.5,-0.07000000000000006
STAGE18S_SUPPLEMENT,Lee2019_MI,P01-L1-LOW-CAL-OFFICIAL-R2:1_PER_CLASS,1,1,NEURAL,A4-C2-MULTI-HARD-VOTE,C2,36,100,0.49,0.56,0.07000000000000006
STAGE18S_SUPPLEMENT,Lee2019_MI,P01-L1-LOW-CAL-OFFICIAL-R2:1_PER_CLASS,1,1,NEURAL,A4-C2-MULTI-HARD-VOTE,C2,3,100,0.47000000000000003,0.5,0.02999999999999997
STAGE18S_SUPPLEMENT,Lee2019_MI,P01-L1-LOW-CAL-OFFICIAL-R2:1_PER_CLASS,1,1,NEURAL,A4-C2-MULTI-HARD-VOTE,C2,6,100,0.5,0.48,-0.020000000000000018
STAGE18S_SUPPLEMENT,Lee2019_MI,P01-L1-LOW-CAL-OFFICIAL-R2:1_PER_CLASS,1,2,NEURAL,A4-C2-MULTI-HARD-VOTE,C2,15,100,0.54,0.56,0.020000000000000018
STAGE18S_SUPPLEMENT,Lee2019_MI,P01-L1-LOW-CAL-OFFICIAL-R2:1_PER_CLASS,1,2,NEURAL,A4-C2-MULTI-HARD-VOTE,C2,19,100,0.41000000000000003,0.46,0.04999999999999999
STAGE18S_SUPPLEMENT,Lee2019_MI,P01-L1-LOW-CAL-OFFICIAL-R2:1_PER_CLASS,1,2,NEURAL,A4-C2-MULTI-HARD-VOTE,C2,30,100,0.55,0.49,-0.06000000000000005
STAGE18S_SUPPLEMENT,Lee2019_MI,P01-L1-LOW-CAL-OFFICIAL-R2:1_PER_CLASS,1,2,NEURAL,A4-C2-MULTI-HARD-VOTE,C2,36,100,0.54,0.41000000000000003,-0.13
STAGE18S_SUPPLEMENT,Lee2019_MI,P01-L1-LOW-CAL-OFFICIAL-R2:1_PER_CLASS,1,2,NEURAL,A4-C2-MULTI-HARD-VOTE,C2,3,100,0.55,0.51,-0.040000000000000036
STAGE18S_SUPPLEMENT,Lee2019_MI,P01-L1-LOW-CAL-OFFICIAL-R2:1_PER_CLASS,1,2,NEURAL,A4-C2-MULTI-HARD-VOTE,C2,6,100,0.38,0.5,0.12
STAGE18S_SUPPLEMENT,Lee2019_MI,P01-L1-LOW-CAL-OFFICIAL-R2:256_PER_CLASS,256,0,NEURAL,A4-C2-MULTI-HARD-VOTE,C2,15,100,0.49,0.5,0.010000000000000009
STAGE18S_SUPPLEMENT,Lee2019_MI,P01-L1-LOW-CAL-OFFICIAL-R2:256_PER_CLASS,256,0,NEURAL,A4-C2-MULTI-HARD-VOTE,C2,19,100,0.75,0.69,-0.06000000000000005
STAGE18S_SUPPLEMENT,Lee2019_MI,P01-L1-LOW-CAL-OFFICIAL-R2:256_PER_CLASS,256,0,NEURAL,A4-C2-MULTI-HARD-VOTE,C2,30,100,0.44999999999999996,0.58,0.13
STAGE18S_SUPPLEMENT,Lee2019_MI,P01-L1-LOW-CAL-OFFICIAL-R2:256_PER_CLASS,256,0,NEURAL,A4-C2-MULTI-HARD-VOTE,C2,36,100,0.81,0.69,-0.1200000000000001
STAGE18S_SUPPLEMENT,Lee2019_MI,P01-L1-LOW-CAL-OFFICIAL-R2:256_PER_CLASS,256,0,NEURAL,A4-C2-MULTI-HARD-VOTE,C2,3,100,0.69,0.77,0.08000000000000007
STAGE18S_SUPPLEMENT,Lee2019_MI,P01-L1-LOW-CAL-OFFICIAL-R2:256_PER_CLASS,256,0,NEURAL,A4-C2-MULTI-HARD-VOTE,C2,6,100,0.7,0.6,-0.09999999999999998
STAGE18S_SUPPLEMENT,Lee2019_MI,P01-L1-LOW-CAL-OFFICIAL-R2:256_PER_CLASS,256,1,NEURAL,A4-C2-MULTI-HARD-VOTE,C2,15,100,0.58,0.49,-0.08999999999999997
STAGE18S_SUPPLEMENT,Lee2019_MI,P01-L1-LOW-CAL-OFFICIAL-R2:256_PER_CLASS,256,1,NEURAL,A4-C2-MULTI-HARD-VOTE,C2,19,100,0.6799999999999999,0.66,-0.019999999999999907
STAGE18S_SUPPLEMENT,Lee2019_MI,P01-L1-LOW-CAL-OFFICIAL-R2:256_PER_CLASS,256,1,NEURAL,A4-C2-MULTI-HARD-VOTE,C2,30,100,0.5,0.54,0.040000000000000036
STAGE18S_SUPPLEMENT,Lee2019_MI,P01-L1-LOW-CAL-OFFICIAL-R2:256_PER_CLASS,256,1,NEURAL,A4-C2-MULTI-HARD-VOTE,C2,36,100,0.79,0.8300000000000001,0.040000000000000036
STAGE18S_SUPPLEMENT,Lee2019_MI,P01-L1-LOW-CAL-OFFICIAL-R2:256_PER_CLASS,256,1,NEURAL,A4-C2-MULTI-HARD-VOTE,C2,3,100,0.69,0.71,0.020000000000000018
STAGE18S_SUPPLEMENT,Lee2019_MI,P01-L1-LOW-CAL-OFFICIAL-R2:256_PER_CLASS,256,1,NEURAL,A4-C2-MULTI-HARD-VOTE,C2,6,100,0.6799999999999999,0.69,0.010000000000000009
STAGE18S_SUPPLEMENT,Lee2019_MI,P01-L1-LOW-CAL-OFFICIAL-R2:256_PER_CLASS,256,2,NEURAL,A4-C2-MULTI-HARD-VOTE,C2,15,100,0.52,0.6599999999999999,0.1399999999999999
STAGE18S_SUPPLEMENT,Lee2019_MI,P01-L1-LOW-CAL-OFFICIAL-R2:256_PER_CLASS,256,2,NEURAL,A4-C2-MULTI-HARD-VOTE,C2,19,100,0.72,0.64,-0.07999999999999996
STAGE18S_SUPPLEMENT,Lee2019_MI,P01-L1-LOW-CAL-OFFICIAL-R2:256_PER_CLASS,256,2,NEURAL,A4-C2-MULTI-HARD-VOTE,C2,30,100,0.5800000000000001,0.5700000000000001,-0.010000000000000009
STAGE18S_SUPPLEMENT,Lee2019_MI,P01-L1-LOW-CAL-OFFICIAL-R2:256_PER_CLASS,256,2,NEURAL,A4-C2-MULTI-HARD-VOTE,C2,36,100,0.9299999999999999,0.63,-0.29999999999999993
STAGE18S_SUPPLEMENT,Lee2019_MI,P01-L1-LOW-CAL-OFFICIAL-R2:256_PER_CLASS,256,2,NEURAL,A4-C2-MULTI-HARD-VOTE,C2,3,100,0.84,0.76,-0.07999999999999996
STAGE18S_SUPPLEMENT,Lee2019_MI,P01-L1-LOW-CAL-OFFICIAL-R2:256_PER_CLASS,256,2,NEURAL,A4-C2-MULTI-HARD-VOTE,C2,6,100,0.78,0.62,-0.16000000000000003
STAGE18S_SUPPLEMENT,Lee2019_MI,P01-L1-LOW-CAL-OFFICIAL-R2:32_PER_CLASS,32,0,NEURAL,A4-C2-MULTI-HARD-VOTE,C2,15,100,0.48,0.43,-0.04999999999999999
STAGE18S_SUPPLEMENT,Lee2019_MI,P01-L1-LOW-CAL-OFFICIAL-R2:32_PER_CLASS,32,0,NEURAL,A4-C2-MULTI-HARD-VOTE,C2,19,100,0.45999999999999996,0.49,0.030000000000000027
STAGE18S_SUPPLEMENT,Lee2019_MI,P01-L1-LOW-CAL-OFFICIAL-R2:32_PER_CLASS,32,0,NEURAL,A4-C2-MULTI-HARD-VOTE,C2,30,100,0.52,0.54,0.020000000000000018
STAGE18S_SUPPLEMENT,Lee2019_MI,P01-L1-LOW-CAL-OFFICIAL-R2:32_PER_CLASS,32,0,NEURAL,A4-C2-MULTI-HARD-VOTE,C2,36,100,0.74,0.55,-0.18999999999999995
STAGE18S_SUPPLEMENT,Lee2019_MI,P01-L1-LOW-CAL-OFFICIAL-R2:32_PER_CLASS,32,0,NEURAL,A4-C2-MULTI-HARD-VOTE,C2,3,100,0.5,0.48,-0.020000000000000018
STAGE18S_SUPPLEMENT,Lee2019_MI,P01-L1-LOW-CAL-OFFICIAL-R2:32_PER_CLASS,32,0,NEURAL,A4-C2-MULTI-HARD-VOTE,C2,6,100,0.58,0.5,-0.07999999999999996
STAGE18S_SUPPLEMENT,Lee2019_MI,P01-L1-LOW-CAL-OFFICIAL-R2:4_PER_CLASS,4,0,NEURAL,A4-C2-MULTI-HARD-VOTE,C2,15,100,0.45,0.5,0.04999999999999999
STAGE18S_SUPPLEMENT,Lee2019_MI,P01-L1-LOW-CAL-OFFICIAL-R2:4_PER_CLASS,4,0,NEURAL,A4-C2-MULTI-HARD-VOTE,C2,19,100,0.45999999999999996,0.5,0.040000000000000036
STAGE18S_SUPPLEMENT,Lee2019_MI,P01-L1-LOW-CAL-OFFICIAL-R2:4_PER_CLASS,4,0,NEURAL,A4-C2-MULTI-HARD-VOTE,C2,30,100,0.52,0.5,-0.020000000000000018
STAGE18S_SUPPLEMENT,Lee2019_MI,P01-L1-LOW-CAL-OFFICIAL-R2:4_PER_CLASS,4,0,NEURAL,A4-C2-MULTI-HARD-VOTE,C2,36,100,0.6,0.54,-0.05999999999999994
STAGE18S_SUPPLEMENT,Lee2019_MI,P01-L1-LOW-CAL-OFFICIAL-R2:4_PER_CLASS,4,0,NEURAL,A4-C2-MULTI-HARD-VOTE,C2,3,100,0.5,0.51,0.010000000000000009
STAGE18S_SUPPLEMENT,Lee2019_MI,P01-L1-LOW-CAL-OFFICIAL-R2:4_PER_CLASS,4,0,NEURAL,A4-C2-MULTI-HARD-VOTE,C2,6,100,0.51,0.51,0.0
STAGE18S_SUPPLEMENT,Lee2019_MI,P01-L1-LOW-CAL-OFFICIAL-R2:64_PER_CLASS,64,0,NEURAL,A4-C2-MULTI-HARD-VOTE,C2,15,100,0.49,0.55,0.06000000000000005
STAGE18S_SUPPLEMENT,Lee2019_MI,P01-L1-LOW-CAL-OFFICIAL-R2:64_PER_CLASS,64,0,NEURAL,A4-C2-MULTI-HARD-VOTE,C2,19,100,0.52,0.5599999999999999,0.039999999999999925
STAGE18S_SUPPLEMENT,Lee2019_MI,P01-L1-LOW-CAL-OFFICIAL-R2:64_PER_CLASS,64,0,NEURAL,A4-C2-MULTI-HARD-VOTE,C2,30,100,0.55,0.5,-0.050000000000000044
STAGE18S_SUPPLEMENT,Lee2019_MI,P01-L1-LOW-CAL-OFFICIAL-R2:64_PER_CLASS,64,0,NEURAL,A4-C2-MULTI-HARD-VOTE,C2,36,100,0.6100000000000001,0.61,-1.1102230246251565e-16
STAGE18S_SUPPLEMENT,Lee2019_MI,P01-L1-LOW-CAL-OFFICIAL-R2:64_PER_CLASS,64,0,NEURAL,A4-C2-MULTI-HARD-VOTE,C2,3,100,0.5800000000000001,0.65,0.06999999999999995
STAGE18S_SUPPLEMENT,Lee2019_MI,P01-L1-LOW-CAL-OFFICIAL-R2:64_PER_CLASS,64,0,NEURAL,A4-C2-MULTI-HARD-VOTE,C2,6,100,0.66,0.62,-0.040000000000000036
STAGE18S_SUPPLEMENT,Lee2019_MI,P01-L1-LOW-CAL-OFFICIAL-R2:64_PER_CLASS,64,1,NEURAL,A4-C2-MULTI-HARD-VOTE,C2,15,100,0.41,0.45999999999999996,0.04999999999999999
STAGE18S_SUPPLEMENT,Lee2019_MI,P01-L1-LOW-CAL-OFFICIAL-R2:64_PER_CLASS,64,1,NEURAL,A4-C2-MULTI-HARD-VOTE,C2,19,100,0.53,0.5,-0.030000000000000027
STAGE18S_SUPPLEMENT,Lee2019_MI,P01-L1-LOW-CAL-OFFICIAL-R2:64_PER_CLASS,64,1,NEURAL,A4-C2-MULTI-HARD-VOTE,C2,30,100,0.53,0.54,0.010000000000000009
STAGE18S_SUPPLEMENT,Lee2019_MI,P01-L1-LOW-CAL-OFFICIAL-R2:64_PER_CLASS,64,1,NEURAL,A4-C2-MULTI-HARD-VOTE,C2,36,100,0.69,0.61,-0.07999999999999996
STAGE18S_SUPPLEMENT,Lee2019_MI,P01-L1-LOW-CAL-OFFICIAL-R2:64_PER_CLASS,64,1,NEURAL,A4-C2-MULTI-HARD-VOTE,C2,3,100,0.69,0.5,-0.18999999999999995
STAGE18S_SUPPLEMENT,Lee2019_MI,P01-L1-LOW-CAL-OFFICIAL-R2:64_PER_CLASS,64,1,NEURAL,A4-C2-MULTI-HARD-VOTE,C2,6,100,0.63,0.53,-0.09999999999999998
STAGE18S_SUPPLEMENT,Lee2019_MI,P01-L1-LOW-CAL-OFFICIAL-R2:64_PER_CLASS,64,2,NEURAL,A4-C2-MULTI-HARD-VOTE,C2,15,100,0.49,0.45,-0.03999999999999998
STAGE18S_SUPPLEMENT,Lee2019_MI,P01-L1-LOW-CAL-OFFICIAL-R2:64_PER_CLASS,64,2,NEURAL,A4-C2-MULTI-HARD-VOTE,C2,19,100,0.62,0.51,-0.10999999999999999
STAGE18S_SUPPLEMENT,Lee2019_MI,P01-L1-LOW-CAL-OFFICIAL-R2:64_PER_CLASS,64,2,NEURAL,A4-C2-MULTI-HARD-VOTE,C2,30,100,0.5,0.48,-0.020000000000000018
STAGE18S_SUPPLEMENT,Lee2019_MI,P01-L1-LOW-CAL-OFFICIAL-R2:64_PER_CLASS,64,2,NEURAL,A4-C2-MULTI-HARD-VOTE,C2,36,100,0.51,0.54,0.030000000000000027
STAGE18S_SUPPLEMENT,Lee2019_MI,P01-L1-LOW-CAL-OFFICIAL-R2:64_PER_CLASS,64,2,NEURAL,A4-C2-MULTI-HARD-VOTE,C2,3,100,0.66,0.6599999999999999,-1.1102230246251565e-16
STAGE18S_SUPPLEMENT,Lee2019_MI,P01-L1-LOW-CAL-OFFICIAL-R2:64_PER_CLASS,64,2,NEURAL,A4-C2-MULTI-HARD-VOTE,C2,6,100,0.61,0.51,-0.09999999999999998
STAGE18S_SUPPLEMENT,Lee2019_MI,P01-L1-LOW-CAL-OFFICIAL-R2:8_PER_CLASS,8,1,NEURAL,A4-C2-MULTI-HARD-VOTE,C2,15,100,0.51,0.54,0.030000000000000027
STAGE18S_SUPPLEMENT,Lee2019_MI,P01-L1-LOW-CAL-OFFICIAL-R2:8_PER_CLASS,8,1,NEURAL,A4-C2-MULTI-HARD-VOTE,C2,19,100,0.54,0.5,-0.040000000000000036
STAGE18S_SUPPLEMENT,Lee2019_MI,P01-L1-LOW-CAL-OFFICIAL-R2:8_PER_CLASS,8,1,NEURAL,A4-C2-MULTI-HARD-VOTE,C2,30,100,0.5,0.5,0.0
STAGE18S_SUPPLEMENT,Lee2019_MI,P01-L1-LOW-CAL-OFFICIAL-R2:8_PER_CLASS,8,1,NEURAL,A4-C2-MULTI-HARD-VOTE,C2,36,100,0.6200000000000001,0.6,-0.02000000000000013
STAGE18S_SUPPLEMENT,Lee2019_MI,P01-L1-LOW-CAL-OFFICIAL-R2:8_PER_CLASS,8,1,NEURAL,A4-C2-MULTI-HARD-VOTE,C2,3,100,0.55,0.56,0.010000000000000009
STAGE18S_SUPPLEMENT,Lee2019_MI,P01-L1-LOW-CAL-OFFICIAL-R2:8_PER_CLASS,8,1,NEURAL,A4-C2-MULTI-HARD-VOTE,C2,6,100,0.52,0.52,0.0
STAGE18S_SUPPLEMENT,Lee2019_MI,P01-L1-LOW-CAL-OFFICIAL-R2:8_PER_CLASS,8,2,NEURAL,A4-C2-MULTI-HARD-VOTE,C2,15,100,0.51,0.53,0.020000000000000018
STAGE18S_SUPPLEMENT,Lee2019_MI,P01-L1-LOW-CAL-OFFICIAL-R2:8_PER_CLASS,8,2,NEURAL,A4-C2-MULTI-HARD-VOTE,C2,19,100,0.51,0.54,0.030000000000000027
STAGE18S_SUPPLEMENT,Lee2019_MI,P01-L1-LOW-CAL-OFFICIAL-R2:8_PER_CLASS,8,2,NEURAL,A4-C2-MULTI-HARD-VOTE,C2,30,100,0.5,0.5,0.0
STAGE18S_SUPPLEMENT,Lee2019_MI,P01-L1-LOW-CAL-OFFICIAL-R2:8_PER_CLASS,8,2,NEURAL,A4-C2-MULTI-HARD-VOTE,C2,36,100,0.48,0.54,0.06000000000000005
STAGE18S_SUPPLEMENT,Lee2019_MI,P01-L1-LOW-CAL-OFFICIAL-R2:8_PER_CLASS,8,2,NEURAL,A4-C2-MULTI-HARD-VOTE,C2,3,100,0.53,0.47,-0.06000000000000005
STAGE18S_SUPPLEMENT,Lee2019_MI,P01-L1-LOW-CAL-OFFICIAL-R2:8_PER_CLASS,8,2,NEURAL,A4-C2-MULTI-HARD-VOTE,C2,6,100,0.51,0.5,-0.010000000000000009
STAGE18S_SUPPLEMENT,Lee2019_MI,FULL_TRAIN,FULL,1,NEURAL,A4-C3-MULTI-PROB-AVG,C3,15,100,0.53,0.51,-0.020000000000000018
STAGE18S_SUPPLEMENT,Lee2019_MI,FULL_TRAIN,FULL,1,NEURAL,A4-C3-MULTI-PROB-AVG,C3,19,100,0.81,0.81,0.0
STAGE18S_SUPPLEMENT,Lee2019_MI,FULL_TRAIN,FULL,1,NEURAL,A4-C3-MULTI-PROB-AVG,C3,30,100,0.63,0.67,0.040000000000000036
STAGE18S_SUPPLEMENT,Lee2019_MI,FULL_TRAIN,FULL,1,NEURAL,A4-C3-MULTI-PROB-AVG,C3,36,100,0.96,0.96,0.0
STAGE18S_SUPPLEMENT,Lee2019_MI,FULL_TRAIN,FULL,1,NEURAL,A4-C3-MULTI-PROB-AVG,C3,3,100,0.87,0.9099999999999999,0.039999999999999925
STAGE18S_SUPPLEMENT,Lee2019_MI,FULL_TRAIN,FULL,1,NEURAL,A4-C3-MULTI-PROB-AVG,C3,6,100,0.61,0.65,0.040000000000000036
STAGE18S_SUPPLEMENT,Lee2019_MI,FULL_TRAIN,FULL,2,NEURAL,A4-C3-MULTI-PROB-AVG,C3,15,100,0.47,0.54,0.07000000000000006
STAGE18S_SUPPLEMENT,Lee2019_MI,FULL_TRAIN,FULL,2,NEURAL,A4-C3-MULTI-PROB-AVG,C3,19,100,0.78,0.85,0.06999999999999995
STAGE18S_SUPPLEMENT,Lee2019_MI,FULL_TRAIN,FULL,2,NEURAL,A4-C3-MULTI-PROB-AVG,C3,30,100,0.69,0.72,0.030000000000000027
STAGE18S_SUPPLEMENT,Lee2019_MI,FULL_TRAIN,FULL,2,NEURAL,A4-C3-MULTI-PROB-AVG,C3,36,100,0.96,0.97,0.010000000000000009
STAGE18S_SUPPLEMENT,Lee2019_MI,FULL_TRAIN,FULL,2,NEURAL,A4-C3-MULTI-PROB-AVG,C3,3,100,0.87,0.9299999999999999,0.05999999999999994
STAGE18S_SUPPLEMENT,Lee2019_MI,FULL_TRAIN,FULL,2,NEURAL,A4-C3-MULTI-PROB-AVG,C3,6,100,0.6599999999999999,0.71,0.050000000000000044
STAGE18S_SUPPLEMENT,Lee2019_MI,P01-L1-LOW-CAL-OFFICIAL-R2:128_PER_CLASS,128,0,NEURAL,A4-C3-MULTI-PROB-AVG,C3,15,100,0.49,0.5,0.010000000000000009
STAGE18S_SUPPLEMENT,Lee2019_MI,P01-L1-LOW-CAL-OFFICIAL-R2:128_PER_CLASS,128,0,NEURAL,A4-C3-MULTI-PROB-AVG,C3,19,100,0.6499999999999999,0.6,-0.04999999999999993
STAGE18S_SUPPLEMENT,Lee2019_MI,P01-L1-LOW-CAL-OFFICIAL-R2:128_PER_CLASS,128,0,NEURAL,A4-C3-MULTI-PROB-AVG,C3,30,100,0.42000000000000004,0.54,0.12
STAGE18S_SUPPLEMENT,Lee2019_MI,P01-L1-LOW-CAL-OFFICIAL-R2:128_PER_CLASS,128,0,NEURAL,A4-C3-MULTI-PROB-AVG,C3,36,100,0.53,0.57,0.039999999999999925
STAGE18S_SUPPLEMENT,Lee2019_MI,P01-L1-LOW-CAL-OFFICIAL-R2:128_PER_CLASS,128,0,NEURAL,A4-C3-MULTI-PROB-AVG,C3,3,100,0.74,0.6,-0.14
STAGE18S_SUPPLEMENT,Lee2019_MI,P01-L1-LOW-CAL-OFFICIAL-R2:128_PER_CLASS,128,0,NEURAL,A4-C3-MULTI-PROB-AVG,C3,6,100,0.6000000000000001,0.54,-0.06000000000000005
STAGE18S_SUPPLEMENT,Lee2019_MI,P01-L1-LOW-CAL-OFFICIAL-R2:128_PER_CLASS,128,1,NEURAL,A4-C3-MULTI-PROB-AVG,C3,15,100,0.39,0.54,0.15000000000000002
STAGE18S_SUPPLEMENT,Lee2019_MI,P01-L1-LOW-CAL-OFFICIAL-R2:128_PER_CLASS,128,1,NEURAL,A4-C3-MULTI-PROB-AVG,C3,19,100,0.6100000000000001,0.6,-0.01000000000000012
STAGE18S_SUPPLEMENT,Lee2019_MI,P01-L1-LOW-CAL-OFFICIAL-R2:128_PER_CLASS,128,1,NEURAL,A4-C3-MULTI-PROB-AVG,C3,30,100,0.48,0.49,0.010000000000000009
STAGE18S_SUPPLEMENT,Lee2019_MI,P01-L1-LOW-CAL-OFFICIAL-R2:128_PER_CLASS,128,1,NEURAL,A4-C3-MULTI-PROB-AVG,C3,36,100,0.71,0.54,-0.16999999999999993
STAGE18S_SUPPLEMENT,Lee2019_MI,P01-L1-LOW-CAL-OFFICIAL-R2:128_PER_CLASS,128,1,NEURAL,A4-C3-MULTI-PROB-AVG,C3,3,100,0.74,0.58,-0.16000000000000003
STAGE18S_SUPPLEMENT,Lee2019_MI,P01-L1-LOW-CAL-OFFICIAL-R2:128_PER_CLASS,128,1,NEURAL,A4-C3-MULTI-PROB-AVG,C3,6,100,0.51,0.61,0.09999999999999998
STAGE18S_SUPPLEMENT,Lee2019_MI,P01-L1-LOW-CAL-OFFICIAL-R2:128_PER_CLASS,128,2,NEURAL,A4-C3-MULTI-PROB-AVG,C3,15,100,0.49,0.63,0.14
STAGE18S_SUPPLEMENT,Lee2019_MI,P01-L1-LOW-CAL-OFFICIAL-R2:128_PER_CLASS,128,2,NEURAL,A4-C3-MULTI-PROB-AVG,C3,19,100,0.61,0.54,-0.06999999999999995
STAGE18S_SUPPLEMENT,Lee2019_MI,P01-L1-LOW-CAL-OFFICIAL-R2:128_PER_CLASS,128,2,NEURAL,A4-C3-MULTI-PROB-AVG,C3,30,100,0.46,0.48000000000000004,0.020000000000000018
STAGE18S_SUPPLEMENT,Lee2019_MI,P01-L1-LOW-CAL-OFFICIAL-R2:128_PER_CLASS,128,2,NEURAL,A4-C3-MULTI-PROB-AVG,C3,36,100,0.55,0.56,0.010000000000000009
STAGE18S_SUPPLEMENT,Lee2019_MI,P01-L1-LOW-CAL-OFFICIAL-R2:128_PER_CLASS,128,2,NEURAL,A4-C3-MULTI-PROB-AVG,C3,3,100,0.71,0.7,-0.010000000000000009
STAGE18S_SUPPLEMENT,Lee2019_MI,P01-L1-LOW-CAL-OFFICIAL-R2:128_PER_CLASS,128,2,NEURAL,A4-C3-MULTI-PROB-AVG,C3,6,100,0.5800000000000001,0.53,-0.050000000000000044
STAGE18S_SUPPLEMENT,Lee2019_MI,P01-L1-LOW-CAL-OFFICIAL-R2:16_PER_CLASS,16,0,NEURAL,A4-C3-MULTI-PROB-AVG,C3,15,100,0.5,0.5900000000000001,0.09000000000000008
STAGE18S_SUPPLEMENT,Lee2019_MI,P01-L1-LOW-CAL-OFFICIAL-R2:16_PER_CLASS,16,0,NEURAL,A4-C3-MULTI-PROB-AVG,C3,19,100,0.5,0.5,0.0
STAGE18S_SUPPLEMENT,Lee2019_MI,P01-L1-LOW-CAL-OFFICIAL-R2:16_PER_CLASS,16,0,NEURAL,A4-C3-MULTI-PROB-AVG,C3,30,100,0.5,0.5,0.0
STAGE18S_SUPPLEMENT,Lee2019_MI,P01-L1-LOW-CAL-OFFICIAL-R2:16_PER_CLASS,16,0,NEURAL,A4-C3-MULTI-PROB-AVG,C3,36,100,0.5800000000000001,0.54,-0.040000000000000036
STAGE18S_SUPPLEMENT,Lee2019_MI,P01-L1-LOW-CAL-OFFICIAL-R2:16_PER_CLASS,16,0,NEURAL,A4-C3-MULTI-PROB-AVG,C3,3,100,0.48,0.52,0.040000000000000036
STAGE18S_SUPPLEMENT,Lee2019_MI,P01-L1-LOW-CAL-OFFICIAL-R2:16_PER_CLASS,16,0,NEURAL,A4-C3-MULTI-PROB-AVG,C3,6,100,0.51,0.5,-0.010000000000000009
STAGE18S_SUPPLEMENT,Lee2019_MI,P01-L1-LOW-CAL-OFFICIAL-R2:1_PER_CLASS,1,1,NEURAL,A4-C3-MULTI-PROB-AVG,C3,15,100,0.54,0.6599999999999999,0.11999999999999988
STAGE18S_SUPPLEMENT,Lee2019_MI,P01-L1-LOW-CAL-OFFICIAL-R2:1_PER_CLASS,1,1,NEURAL,A4-C3-MULTI-PROB-AVG,C3,19,100,0.5,0.57,0.06999999999999995
STAGE18S_SUPPLEMENT,Lee2019_MI,P01-L1-LOW-CAL-OFFICIAL-R2:1_PER_CLASS,1,1,NEURAL,A4-C3-MULTI-PROB-AVG,C3,30,100,0.5700000000000001,0.5,-0.07000000000000006
STAGE18S_SUPPLEMENT,Lee2019_MI,P01-L1-LOW-CAL-OFFICIAL-R2:1_PER_CLASS,1,1,NEURAL,A4-C3-MULTI-PROB-AVG,C3,36,100,0.49,0.54,0.050000000000000044
STAGE18S_SUPPLEMENT,Lee2019_MI,P01-L1-LOW-CAL-OFFICIAL-R2:1_PER_CLASS,1,1,NEURAL,A4-C3-MULTI-PROB-AVG,C3,3,100,0.47000000000000003,0.5,0.02999999999999997
STAGE18S_SUPPLEMENT,Lee2019_MI,P01-L1-LOW-CAL-OFFICIAL-R2:1_PER_CLASS,1,1,NEURAL,A4-C3-MULTI-PROB-AVG,C3,6,100,0.5,0.54,0.040000000000000036
STAGE18S_SUPPLEMENT,Lee2019_MI,P01-L1-LOW-CAL-OFFICIAL-R2:1_PER_CLASS,1,2,NEURAL,A4-C3-MULTI-PROB-AVG,C3,15,100,0.54,0.64,0.09999999999999998
STAGE18S_SUPPLEMENT,Lee2019_MI,P01-L1-LOW-CAL-OFFICIAL-R2:1_PER_CLASS,1,2,NEURAL,A4-C3-MULTI-PROB-AVG,C3,19,100,0.41000000000000003,0.5,0.08999999999999997
STAGE18S_SUPPLEMENT,Lee2019_MI,P01-L1-LOW-CAL-OFFICIAL-R2:1_PER_CLASS,1,2,NEURAL,A4-C3-MULTI-PROB-AVG,C3,30,100,0.55,0.5,-0.050000000000000044
STAGE18S_SUPPLEMENT,Lee2019_MI,P01-L1-LOW-CAL-OFFICIAL-R2:1_PER_CLASS,1,2,NEURAL,A4-C3-MULTI-PROB-AVG,C3,36,100,0.54,0.45,-0.09000000000000002
STAGE18S_SUPPLEMENT,Lee2019_MI,P01-L1-LOW-CAL-OFFICIAL-R2:1_PER_CLASS,1,2,NEURAL,A4-C3-MULTI-PROB-AVG,C3,3,100,0.55,0.57,0.019999999999999907
STAGE18S_SUPPLEMENT,Lee2019_MI,P01-L1-LOW-CAL-OFFICIAL-R2:1_PER_CLASS,1,2,NEURAL,A4-C3-MULTI-PROB-AVG,C3,6,100,0.38,0.44,0.06
STAGE18S_SUPPLEMENT,Lee2019_MI,P01-L1-LOW-CAL-OFFICIAL-R2:256_PER_CLASS,256,0,NEURAL,A4-C3-MULTI-PROB-AVG,C3,15,100,0.49,0.48,-0.010000000000000009
STAGE18S_SUPPLEMENT,Lee2019_MI,P01-L1-LOW-CAL-OFFICIAL-R2:256_PER_CLASS,256,0,NEURAL,A4-C3-MULTI-PROB-AVG,C3,19,100,0.75,0.6799999999999999,-0.07000000000000006
STAGE18S_SUPPLEMENT,Lee2019_MI,P01-L1-LOW-CAL-OFFICIAL-R2:256_PER_CLASS,256,0,NEURAL,A4-C3-MULTI-PROB-AVG,C3,30,100,0.44999999999999996,0.52,0.07000000000000006
STAGE18S_SUPPLEMENT,Lee2019_MI,P01-L1-LOW-CAL-OFFICIAL-R2:256_PER_CLASS,256,0,NEURAL,A4-C3-MULTI-PROB-AVG,C3,36,100,0.81,0.64,-0.17000000000000004
STAGE18S_SUPPLEMENT,Lee2019_MI,P01-L1-LOW-CAL-OFFICIAL-R2:256_PER_CLASS,256,0,NEURAL,A4-C3-MULTI-PROB-AVG,C3,3,100,0.69,0.78,0.09000000000000008
STAGE18S_SUPPLEMENT,Lee2019_MI,P01-L1-LOW-CAL-OFFICIAL-R2:256_PER_CLASS,256,0,NEURAL,A4-C3-MULTI-PROB-AVG,C3,6,100,0.7,0.59,-0.10999999999999999
STAGE18S_SUPPLEMENT,Lee2019_MI,P01-L1-LOW-CAL-OFFICIAL-R2:256_PER_CLASS,256,1,NEURAL,A4-C3-MULTI-PROB-AVG,C3,15,100,0.58,0.51,-0.06999999999999995
STAGE18S_SUPPLEMENT,Lee2019_MI,P01-L1-LOW-CAL-OFFICIAL-R2:256_PER_CLASS,256,1,NEURAL,A4-C3-MULTI-PROB-AVG,C3,19,100,0.6799999999999999,0.7,0.020000000000000018
STAGE18S_SUPPLEMENT,Lee2019_MI,P01-L1-LOW-CAL-OFFICIAL-R2:256_PER_CLASS,256,1,NEURAL,A4-C3-MULTI-PROB-AVG,C3,30,100,0.5,0.56,0.06000000000000005
STAGE18S_SUPPLEMENT,Lee2019_MI,P01-L1-LOW-CAL-OFFICIAL-R2:256_PER_CLASS,256,1,NEURAL,A4-C3-MULTI-PROB-AVG,C3,36,100,0.79,0.8300000000000001,0.040000000000000036
STAGE18S_SUPPLEMENT,Lee2019_MI,P01-L1-LOW-CAL-OFFICIAL-R2:256_PER_CLASS,256,1,NEURAL,A4-C3-MULTI-PROB-AVG,C3,3,100,0.69,0.7,0.010000000000000009
STAGE18S_SUPPLEMENT,Lee2019_MI,P01-L1-LOW-CAL-OFFICIAL-R2:256_PER_CLASS,256,1,NEURAL,A4-C3-MULTI-PROB-AVG,C3,6,100,0.6799999999999999,0.6799999999999999,0.0
STAGE18S_SUPPLEMENT,Lee2019_MI,P01-L1-LOW-CAL-OFFICIAL-R2:256_PER_CLASS,256,2,NEURAL,A4-C3-MULTI-PROB-AVG,C3,15,100,0.52,0.63,0.10999999999999999
STAGE18S_SUPPLEMENT,Lee2019_MI,P01-L1-LOW-CAL-OFFICIAL-R2:256_PER_CLASS,256,2,NEURAL,A4-C3-MULTI-PROB-AVG,C3,19,100,0.72,0.65,-0.06999999999999995
STAGE18S_SUPPLEMENT,Lee2019_MI,P01-L1-LOW-CAL-OFFICIAL-R2:256_PER_CLASS,256,2,NEURAL,A4-C3-MULTI-PROB-AVG,C3,30,100,0.5800000000000001,0.55,-0.030000000000000027
STAGE18S_SUPPLEMENT,Lee2019_MI,P01-L1-LOW-CAL-OFFICIAL-R2:256_PER_CLASS,256,2,NEURAL,A4-C3-MULTI-PROB-AVG,C3,36,100,0.9299999999999999,0.65,-0.2799999999999999
STAGE18S_SUPPLEMENT,Lee2019_MI,P01-L1-LOW-CAL-OFFICIAL-R2:256_PER_CLASS,256,2,NEURAL,A4-C3-MULTI-PROB-AVG,C3,3,100,0.84,0.76,-0.07999999999999996
STAGE18S_SUPPLEMENT,Lee2019_MI,P01-L1-LOW-CAL-OFFICIAL-R2:256_PER_CLASS,256,2,NEURAL,A4-C3-MULTI-PROB-AVG,C3,6,100,0.78,0.65,-0.13
STAGE18S_SUPPLEMENT,Lee2019_MI,P01-L1-LOW-CAL-OFFICIAL-R2:32_PER_CLASS,32,0,NEURAL,A4-C3-MULTI-PROB-AVG,C3,15,100,0.48,0.41000000000000003,-0.06999999999999995
STAGE18S_SUPPLEMENT,Lee2019_MI,P01-L1-LOW-CAL-OFFICIAL-R2:32_PER_CLASS,32,0,NEURAL,A4-C3-MULTI-PROB-AVG,C3,19,100,0.45999999999999996,0.5,0.040000000000000036
STAGE18S_SUPPLEMENT,Lee2019_MI,P01-L1-LOW-CAL-OFFICIAL-R2:32_PER_CLASS,32,0,NEURAL,A4-C3-MULTI-PROB-AVG,C3,30,100,0.52,0.51,-0.010000000000000009
STAGE18S_SUPPLEMENT,Lee2019_MI,P01-L1-LOW-CAL-OFFICIAL-R2:32_PER_CLASS,32,0,NEURAL,A4-C3-MULTI-PROB-AVG,C3,36,100,0.74,0.55,-0.18999999999999995
STAGE18S_SUPPLEMENT,Lee2019_MI,P01-L1-LOW-CAL-OFFICIAL-R2:32_PER_CLASS,32,0,NEURAL,A4-C3-MULTI-PROB-AVG,C3,3,100,0.5,0.53,0.030000000000000027
STAGE18S_SUPPLEMENT,Lee2019_MI,P01-L1-LOW-CAL-OFFICIAL-R2:32_PER_CLASS,32,0,NEURAL,A4-C3-MULTI-PROB-AVG,C3,6,100,0.58,0.49,-0.08999999999999997
STAGE18S_SUPPLEMENT,Lee2019_MI,P01-L1-LOW-CAL-OFFICIAL-R2:4_PER_CLASS,4,0,NEURAL,A4-C3-MULTI-PROB-AVG,C3,15,100,0.45,0.5,0.04999999999999999
STAGE18S_SUPPLEMENT,Lee2019_MI,P01-L1-LOW-CAL-OFFICIAL-R2:4_PER_CLASS,4,0,NEURAL,A4-C3-MULTI-PROB-AVG,C3,19,100,0.45999999999999996,0.48,0.020000000000000018
STAGE18S_SUPPLEMENT,Lee2019_MI,P01-L1-LOW-CAL-OFFICIAL-R2:4_PER_CLASS,4,0,NEURAL,A4-C3-MULTI-PROB-AVG,C3,30,100,0.52,0.5,-0.020000000000000018
STAGE18S_SUPPLEMENT,Lee2019_MI,P01-L1-LOW-CAL-OFFICIAL-R2:4_PER_CLASS,4,0,NEURAL,A4-C3-MULTI-PROB-AVG,C3,36,100,0.6,0.69,0.08999999999999997
STAGE18S_SUPPLEMENT,Lee2019_MI,P01-L1-LOW-CAL-OFFICIAL-R2:4_PER_CLASS,4,0,NEURAL,A4-C3-MULTI-PROB-AVG,C3,3,100,0.5,0.48,-0.020000000000000018
STAGE18S_SUPPLEMENT,Lee2019_MI,P01-L1-LOW-CAL-OFFICIAL-R2:4_PER_CLASS,4,0,NEURAL,A4-C3-MULTI-PROB-AVG,C3,6,100,0.51,0.5,-0.010000000000000009
STAGE18S_SUPPLEMENT,Lee2019_MI,P01-L1-LOW-CAL-OFFICIAL-R2:64_PER_CLASS,64,0,NEURAL,A4-C3-MULTI-PROB-AVG,C3,15,100,0.49,0.5900000000000001,0.10000000000000009
STAGE18S_SUPPLEMENT,Lee2019_MI,P01-L1-LOW-CAL-OFFICIAL-R2:64_PER_CLASS,64,0,NEURAL,A4-C3-MULTI-PROB-AVG,C3,19,100,0.52,0.55,0.030000000000000027
STAGE18S_SUPPLEMENT,Lee2019_MI,P01-L1-LOW-CAL-OFFICIAL-R2:64_PER_CLASS,64,0,NEURAL,A4-C3-MULTI-PROB-AVG,C3,30,100,0.55,0.5,-0.050000000000000044
STAGE18S_SUPPLEMENT,Lee2019_MI,P01-L1-LOW-CAL-OFFICIAL-R2:64_PER_CLASS,64,0,NEURAL,A4-C3-MULTI-PROB-AVG,C3,36,100,0.6100000000000001,0.54,-0.07000000000000006
STAGE18S_SUPPLEMENT,Lee2019_MI,P01-L1-LOW-CAL-OFFICIAL-R2:64_PER_CLASS,64,0,NEURAL,A4-C3-MULTI-PROB-AVG,C3,3,100,0.5800000000000001,0.57,-0.01000000000000012
STAGE18S_SUPPLEMENT,Lee2019_MI,P01-L1-LOW-CAL-OFFICIAL-R2:64_PER_CLASS,64,0,NEURAL,A4-C3-MULTI-PROB-AVG,C3,6,100,0.66,0.52,-0.14
STAGE18S_SUPPLEMENT,Lee2019_MI,P01-L1-LOW-CAL-OFFICIAL-R2:64_PER_CLASS,64,1,NEURAL,A4-C3-MULTI-PROB-AVG,C3,15,100,0.41,0.49,0.08000000000000002
STAGE18S_SUPPLEMENT,Lee2019_MI,P01-L1-LOW-CAL-OFFICIAL-R2:64_PER_CLASS,64,1,NEURAL,A4-C3-MULTI-PROB-AVG,C3,19,100,0.53,0.51,-0.020000000000000018
STAGE18S_SUPPLEMENT,Lee2019_MI,P01-L1-LOW-CAL-OFFICIAL-R2:64_PER_CLASS,64,1,NEURAL,A4-C3-MULTI-PROB-AVG,C3,30,100,0.53,0.53,0.0
STAGE18S_SUPPLEMENT,Lee2019_MI,P01-L1-LOW-CAL-OFFICIAL-R2:64_PER_CLASS,64,1,NEURAL,A4-C3-MULTI-PROB-AVG,C3,36,100,0.69,0.58,-0.10999999999999999
STAGE18S_SUPPLEMENT,Lee2019_MI,P01-L1-LOW-CAL-OFFICIAL-R2:64_PER_CLASS,64,1,NEURAL,A4-C3-MULTI-PROB-AVG,C3,3,100,0.69,0.56,-0.1299999999999999
STAGE18S_SUPPLEMENT,Lee2019_MI,P01-L1-LOW-CAL-OFFICIAL-R2:64_PER_CLASS,64,1,NEURAL,A4-C3-MULTI-PROB-AVG,C3,6,100,0.63,0.46,-0.16999999999999998
STAGE18S_SUPPLEMENT,Lee2019_MI,P01-L1-LOW-CAL-OFFICIAL-R2:64_PER_CLASS,64,2,NEURAL,A4-C3-MULTI-PROB-AVG,C3,15,100,0.49,0.47000000000000003,-0.019999999999999962
STAGE18S_SUPPLEMENT,Lee2019_MI,P01-L1-LOW-CAL-OFFICIAL-R2:64_PER_CLASS,64,2,NEURAL,A4-C3-MULTI-PROB-AVG,C3,19,100,0.62,0.49,-0.13
STAGE18S_SUPPLEMENT,Lee2019_MI,P01-L1-LOW-CAL-OFFICIAL-R2:64_PER_CLASS,64,2,NEURAL,A4-C3-MULTI-PROB-AVG,C3,30,100,0.5,0.49,-0.010000000000000009
STAGE18S_SUPPLEMENT,Lee2019_MI,P01-L1-LOW-CAL-OFFICIAL-R2:64_PER_CLASS,64,2,NEURAL,A4-C3-MULTI-PROB-AVG,C3,36,100,0.51,0.52,0.010000000000000009
STAGE18S_SUPPLEMENT,Lee2019_MI,P01-L1-LOW-CAL-OFFICIAL-R2:64_PER_CLASS,64,2,NEURAL,A4-C3-MULTI-PROB-AVG,C3,3,100,0.66,0.7,0.039999999999999925
STAGE18S_SUPPLEMENT,Lee2019_MI,P01-L1-LOW-CAL-OFFICIAL-R2:64_PER_CLASS,64,2,NEURAL,A4-C3-MULTI-PROB-AVG,C3,6,100,0.61,0.54,-0.06999999999999995
STAGE18S_SUPPLEMENT,Lee2019_MI,P01-L1-LOW-CAL-OFFICIAL-R2:8_PER_CLASS,8,1,NEURAL,A4-C3-MULTI-PROB-AVG,C3,15,100,0.51,0.54,0.030000000000000027
STAGE18S_SUPPLEMENT,Lee2019_MI,P01-L1-LOW-CAL-OFFICIAL-R2:8_PER_CLASS,8,1,NEURAL,A4-C3-MULTI-PROB-AVG,C3,19,100,0.54,0.5,-0.040000000000000036
STAGE18S_SUPPLEMENT,Lee2019_MI,P01-L1-LOW-CAL-OFFICIAL-R2:8_PER_CLASS,8,1,NEURAL,A4-C3-MULTI-PROB-AVG,C3,30,100,0.5,0.5,0.0
STAGE18S_SUPPLEMENT,Lee2019_MI,P01-L1-LOW-CAL-OFFICIAL-R2:8_PER_CLASS,8,1,NEURAL,A4-C3-MULTI-PROB-AVG,C3,36,100,0.6200000000000001,0.52,-0.10000000000000009
STAGE18S_SUPPLEMENT,Lee2019_MI,P01-L1-LOW-CAL-OFFICIAL-R2:8_PER_CLASS,8,1,NEURAL,A4-C3-MULTI-PROB-AVG,C3,3,100,0.55,0.53,-0.020000000000000018
STAGE18S_SUPPLEMENT,Lee2019_MI,P01-L1-LOW-CAL-OFFICIAL-R2:8_PER_CLASS,8,1,NEURAL,A4-C3-MULTI-PROB-AVG,C3,6,100,0.52,0.52,0.0
STAGE18S_SUPPLEMENT,Lee2019_MI,P01-L1-LOW-CAL-OFFICIAL-R2:8_PER_CLASS,8,2,NEURAL,A4-C3-MULTI-PROB-AVG,C3,15,100,0.51,0.53,0.020000000000000018
STAGE18S_SUPPLEMENT,Lee2019_MI,P01-L1-LOW-CAL-OFFICIAL-R2:8_PER_CLASS,8,2,NEURAL,A4-C3-MULTI-PROB-AVG,C3,19,100,0.51,0.61,0.09999999999999998
STAGE18S_SUPPLEMENT,Lee2019_MI,P01-L1-LOW-CAL-OFFICIAL-R2:8_PER_CLASS,8,2,NEURAL,A4-C3-MULTI-PROB-AVG,C3,30,100,0.5,0.51,0.010000000000000009
STAGE18S_SUPPLEMENT,Lee2019_MI,P01-L1-LOW-CAL-OFFICIAL-R2:8_PER_CLASS,8,2,NEURAL,A4-C3-MULTI-PROB-AVG,C3,36,100,0.48,0.51,0.030000000000000027
STAGE18S_SUPPLEMENT,Lee2019_MI,P01-L1-LOW-CAL-OFFICIAL-R2:8_PER_CLASS,8,2,NEURAL,A4-C3-MULTI-PROB-AVG,C3,3,100,0.53,0.51,-0.020000000000000018
STAGE18S_SUPPLEMENT,Lee2019_MI,P01-L1-LOW-CAL-OFFICIAL-R2:8_PER_CLASS,8,2,NEURAL,A4-C3-MULTI-PROB-AVG,C3,6,100,0.51,0.56,0.050000000000000044
STAGE18S_SUPPLEMENT,Lee2019_MI,FULL_TRAIN,FULL,1,SSL,A4-C2-MULTI-HARD-VOTE,C2,15,100,0.52,0.55,0.030000000000000027
STAGE18S_SUPPLEMENT,Lee2019_MI,FULL_TRAIN,FULL,1,SSL,A4-C2-MULTI-HARD-VOTE,C2,19,100,0.79,0.78,-0.010000000000000009
STAGE18S_SUPPLEMENT,Lee2019_MI,FULL_TRAIN,FULL,1,SSL,A4-C2-MULTI-HARD-VOTE,C2,30,100,0.54,0.5,-0.040000000000000036
STAGE18S_SUPPLEMENT,Lee2019_MI,FULL_TRAIN,FULL,1,SSL,A4-C2-MULTI-HARD-VOTE,C2,36,100,0.8300000000000001,0.88,0.04999999999999993
STAGE18S_SUPPLEMENT,Lee2019_MI,FULL_TRAIN,FULL,1,SSL,A4-C2-MULTI-HARD-VOTE,C2,3,100,0.72,0.63,-0.08999999999999997
STAGE18S_SUPPLEMENT,Lee2019_MI,FULL_TRAIN,FULL,1,SSL,A4-C2-MULTI-HARD-VOTE,C2,6,100,0.49,0.54,0.050000000000000044
STAGE18S_SUPPLEMENT,Lee2019_MI,FULL_TRAIN,FULL,2,SSL,A4-C2-MULTI-HARD-VOTE,C2,15,100,0.54,0.54,0.0
STAGE18S_SUPPLEMENT,Lee2019_MI,FULL_TRAIN,FULL,2,SSL,A4-C2-MULTI-HARD-VOTE,C2,19,100,0.8300000000000001,0.8400000000000001,0.010000000000000009
STAGE18S_SUPPLEMENT,Lee2019_MI,FULL_TRAIN,FULL,2,SSL,A4-C2-MULTI-HARD-VOTE,C2,30,100,0.55,0.5700000000000001,0.020000000000000018
STAGE18S_SUPPLEMENT,Lee2019_MI,FULL_TRAIN,FULL,2,SSL,A4-C2-MULTI-HARD-VOTE,C2,36,100,0.95,0.8999999999999999,-0.050000000000000044
STAGE18S_SUPPLEMENT,Lee2019_MI,FULL_TRAIN,FULL,2,SSL,A4-C2-MULTI-HARD-VOTE,C2,3,100,0.81,0.74,-0.07000000000000006
STAGE18S_SUPPLEMENT,Lee2019_MI,FULL_TRAIN,FULL,2,SSL,A4-C2-MULTI-HARD-VOTE,C2,6,100,0.55,0.52,-0.030000000000000027
STAGE18S_SUPPLEMENT,Lee2019_MI,P01-L1-LOW-CAL-OFFICIAL-R2:128_PER_CLASS,128,0,SSL,A4-C2-MULTI-HARD-VOTE,C2,15,100,0.55,0.6,0.04999999999999993
STAGE18S_SUPPLEMENT,Lee2019_MI,P01-L1-LOW-CAL-OFFICIAL-R2:128_PER_CLASS,128,0,SSL,A4-C2-MULTI-HARD-VOTE,C2,19,100,0.49,0.55,0.06000000000000005
STAGE18S_SUPPLEMENT,Lee2019_MI,P01-L1-LOW-CAL-OFFICIAL-R2:128_PER_CLASS,128,0,SSL,A4-C2-MULTI-HARD-VOTE,C2,30,100,0.51,0.47,-0.040000000000000036
STAGE18S_SUPPLEMENT,Lee2019_MI,P01-L1-LOW-CAL-OFFICIAL-R2:128_PER_CLASS,128,0,SSL,A4-C2-MULTI-HARD-VOTE,C2,36,100,0.52,0.47,-0.050000000000000044
STAGE18S_SUPPLEMENT,Lee2019_MI,P01-L1-LOW-CAL-OFFICIAL-R2:128_PER_CLASS,128,0,SSL,A4-C2-MULTI-HARD-VOTE,C2,3,100,0.54,0.5,-0.040000000000000036
STAGE18S_SUPPLEMENT,Lee2019_MI,P01-L1-LOW-CAL-OFFICIAL-R2:128_PER_CLASS,128,0,SSL,A4-C2-MULTI-HARD-VOTE,C2,6,100,0.5800000000000001,0.51,-0.07000000000000006
STAGE18S_SUPPLEMENT,Lee2019_MI,P01-L1-LOW-CAL-OFFICIAL-R2:128_PER_CLASS,128,1,SSL,A4-C2-MULTI-HARD-VOTE,C2,15,100,0.61,0.5900000000000001,-0.019999999999999907
STAGE18S_SUPPLEMENT,Lee2019_MI,P01-L1-LOW-CAL-OFFICIAL-R2:128_PER_CLASS,128,1,SSL,A4-C2-MULTI-HARD-VOTE,C2,19,100,0.52,0.55,0.030000000000000027
STAGE18S_SUPPLEMENT,Lee2019_MI,P01-L1-LOW-CAL-OFFICIAL-R2:128_PER_CLASS,128,1,SSL,A4-C2-MULTI-HARD-VOTE,C2,30,100,0.53,0.48000000000000004,-0.04999999999999999
STAGE18S_SUPPLEMENT,Lee2019_MI,P01-L1-LOW-CAL-OFFICIAL-R2:128_PER_CLASS,128,1,SSL,A4-C2-MULTI-HARD-VOTE,C2,36,100,0.56,0.61,0.04999999999999993
STAGE18S_SUPPLEMENT,Lee2019_MI,P01-L1-LOW-CAL-OFFICIAL-R2:128_PER_CLASS,128,1,SSL,A4-C2-MULTI-HARD-VOTE,C2,3,100,0.49,0.49,0.0
STAGE18S_SUPPLEMENT,Lee2019_MI,P01-L1-LOW-CAL-OFFICIAL-R2:128_PER_CLASS,128,1,SSL,A4-C2-MULTI-HARD-VOTE,C2,6,100,0.52,0.54,0.020000000000000018
STAGE18S_SUPPLEMENT,Lee2019_MI,P01-L1-LOW-CAL-OFFICIAL-R2:128_PER_CLASS,128,2,SSL,A4-C2-MULTI-HARD-VOTE,C2,15,100,0.49,0.55,0.06000000000000005
STAGE18S_SUPPLEMENT,Lee2019_MI,P01-L1-LOW-CAL-OFFICIAL-R2:128_PER_CLASS,128,2,SSL,A4-C2-MULTI-HARD-VOTE,C2,19,100,0.48,0.5800000000000001,0.10000000000000009
STAGE18S_SUPPLEMENT,Lee2019_MI,P01-L1-LOW-CAL-OFFICIAL-R2:128_PER_CLASS,128,2,SSL,A4-C2-MULTI-HARD-VOTE,C2,30,100,0.51,0.48,-0.030000000000000027
STAGE18S_SUPPLEMENT,Lee2019_MI,P01-L1-LOW-CAL-OFFICIAL-R2:128_PER_CLASS,128,2,SSL,A4-C2-MULTI-HARD-VOTE,C2,36,100,0.53,0.52,-0.010000000000000009
STAGE18S_SUPPLEMENT,Lee2019_MI,P01-L1-LOW-CAL-OFFICIAL-R2:128_PER_CLASS,128,2,SSL,A4-C2-MULTI-HARD-VOTE,C2,3,100,0.45999999999999996,0.49,0.030000000000000027
STAGE18S_SUPPLEMENT,Lee2019_MI,P01-L1-LOW-CAL-OFFICIAL-R2:128_PER_CLASS,128,2,SSL,A4-C2-MULTI-HARD-VOTE,C2,6,100,0.5900000000000001,0.5700000000000001,-0.020000000000000018
STAGE18S_SUPPLEMENT,Lee2019_MI,P01-L1-LOW-CAL-OFFICIAL-R2:16_PER_CLASS,16,0,SSL,A4-C2-MULTI-HARD-VOTE,C2,15,100,0.5,0.52,0.020000000000000018
STAGE18S_SUPPLEMENT,Lee2019_MI,P01-L1-LOW-CAL-OFFICIAL-R2:16_PER_CLASS,16,0,SSL,A4-C2-MULTI-HARD-VOTE,C2,19,100,0.48,0.48,0.0
STAGE18S_SUPPLEMENT,Lee2019_MI,P01-L1-LOW-CAL-OFFICIAL-R2:16_PER_CLASS,16,0,SSL,A4-C2-MULTI-HARD-VOTE,C2,30,100,0.42000000000000004,0.44,0.019999999999999962
STAGE18S_SUPPLEMENT,Lee2019_MI,P01-L1-LOW-CAL-OFFICIAL-R2:16_PER_CLASS,16,0,SSL,A4-C2-MULTI-HARD-VOTE,C2,36,100,0.44999999999999996,0.56,0.1100000000000001
STAGE18S_SUPPLEMENT,Lee2019_MI,P01-L1-LOW-CAL-OFFICIAL-R2:16_PER_CLASS,16,0,SSL,A4-C2-MULTI-HARD-VOTE,C2,3,100,0.5,0.5,0.0
STAGE18S_SUPPLEMENT,Lee2019_MI,P01-L1-LOW-CAL-OFFICIAL-R2:16_PER_CLASS,16,0,SSL,A4-C2-MULTI-HARD-VOTE,C2,6,100,0.53,0.54,0.010000000000000009
STAGE18S_SUPPLEMENT,Lee2019_MI,P01-L1-LOW-CAL-OFFICIAL-R2:1_PER_CLASS,1,1,SSL,A4-C2-MULTI-HARD-VOTE,C2,15,100,0.42000000000000004,0.52,0.09999999999999998
STAGE18S_SUPPLEMENT,Lee2019_MI,P01-L1-LOW-CAL-OFFICIAL-R2:1_PER_CLASS,1,1,SSL,A4-C2-MULTI-HARD-VOTE,C2,19,100,0.5700000000000001,0.52,-0.050000000000000044
STAGE18S_SUPPLEMENT,Lee2019_MI,P01-L1-LOW-CAL-OFFICIAL-R2:1_PER_CLASS,1,1,SSL,A4-C2-MULTI-HARD-VOTE,C2,30,100,0.44999999999999996,0.53,0.08000000000000007
STAGE18S_SUPPLEMENT,Lee2019_MI,P01-L1-LOW-CAL-OFFICIAL-R2:1_PER_CLASS,1,1,SSL,A4-C2-MULTI-HARD-VOTE,C2,36,100,0.47,0.5,0.030000000000000027
STAGE18S_SUPPLEMENT,Lee2019_MI,P01-L1-LOW-CAL-OFFICIAL-R2:1_PER_CLASS,1,1,SSL,A4-C2-MULTI-HARD-VOTE,C2,3,100,0.5,0.52,0.020000000000000018
STAGE18S_SUPPLEMENT,Lee2019_MI,P01-L1-LOW-CAL-OFFICIAL-R2:1_PER_CLASS,1,1,SSL,A4-C2-MULTI-HARD-VOTE,C2,6,100,0.45999999999999996,0.51,0.050000000000000044
STAGE18S_SUPPLEMENT,Lee2019_MI,P01-L1-LOW-CAL-OFFICIAL-R2:1_PER_CLASS,1,2,SSL,A4-C2-MULTI-HARD-VOTE,C2,15,100,0.51,0.52,0.010000000000000009
STAGE18S_SUPPLEMENT,Lee2019_MI,P01-L1-LOW-CAL-OFFICIAL-R2:1_PER_CLASS,1,2,SSL,A4-C2-MULTI-HARD-VOTE,C2,19,100,0.5,0.53,0.030000000000000027
STAGE18S_SUPPLEMENT,Lee2019_MI,P01-L1-LOW-CAL-OFFICIAL-R2:1_PER_CLASS,1,2,SSL,A4-C2-MULTI-HARD-VOTE,C2,30,100,0.52,0.52,0.0
STAGE18S_SUPPLEMENT,Lee2019_MI,P01-L1-LOW-CAL-OFFICIAL-R2:1_PER_CLASS,1,2,SSL,A4-C2-MULTI-HARD-VOTE,C2,36,100,0.49,0.56,0.07000000000000006
STAGE18S_SUPPLEMENT,Lee2019_MI,P01-L1-LOW-CAL-OFFICIAL-R2:1_PER_CLASS,1,2,SSL,A4-C2-MULTI-HARD-VOTE,C2,3,100,0.5,0.48000000000000004,-0.019999999999999962
STAGE18S_SUPPLEMENT,Lee2019_MI,P01-L1-LOW-CAL-OFFICIAL-R2:1_PER_CLASS,1,2,SSL,A4-C2-MULTI-HARD-VOTE,C2,6,100,0.47,0.53,0.06000000000000005
STAGE18S_SUPPLEMENT,Lee2019_MI,P01-L1-LOW-CAL-OFFICIAL-R2:256_PER_CLASS,256,0,SSL,A4-C2-MULTI-HARD-VOTE,C2,15,100,0.55,0.52,-0.030000000000000027
STAGE18S_SUPPLEMENT,Lee2019_MI,P01-L1-LOW-CAL-OFFICIAL-R2:256_PER_CLASS,256,0,SSL,A4-C2-MULTI-HARD-VOTE,C2,19,100,0.58,0.5800000000000001,1.1102230246251565e-16
STAGE18S_SUPPLEMENT,Lee2019_MI,P01-L1-LOW-CAL-OFFICIAL-R2:256_PER_CLASS,256,0,SSL,A4-C2-MULTI-HARD-VOTE,C2,30,100,0.57,0.54,-0.029999999999999916
STAGE18S_SUPPLEMENT,Lee2019_MI,P01-L1-LOW-CAL-OFFICIAL-R2:256_PER_CLASS,256,0,SSL,A4-C2-MULTI-HARD-VOTE,C2,36,100,0.57,0.62,0.050000000000000044
STAGE18S_SUPPLEMENT,Lee2019_MI,P01-L1-LOW-CAL-OFFICIAL-R2:256_PER_CLASS,256,0,SSL,A4-C2-MULTI-HARD-VOTE,C2,3,100,0.58,0.59,0.010000000000000009
STAGE18S_SUPPLEMENT,Lee2019_MI,P01-L1-LOW-CAL-OFFICIAL-R2:256_PER_CLASS,256,0,SSL,A4-C2-MULTI-HARD-VOTE,C2,6,100,0.55,0.57,0.019999999999999907
STAGE18S_SUPPLEMENT,Lee2019_MI,P01-L1-LOW-CAL-OFFICIAL-R2:256_PER_CLASS,256,1,SSL,A4-C2-MULTI-HARD-VOTE,C2,15,100,0.58,0.55,-0.029999999999999916
STAGE18S_SUPPLEMENT,Lee2019_MI,P01-L1-LOW-CAL-OFFICIAL-R2:256_PER_CLASS,256,1,SSL,A4-C2-MULTI-HARD-VOTE,C2,19,100,0.61,0.59,-0.020000000000000018
STAGE18S_SUPPLEMENT,Lee2019_MI,P01-L1-LOW-CAL-OFFICIAL-R2:256_PER_CLASS,256,1,SSL,A4-C2-MULTI-HARD-VOTE,C2,30,100,0.53,0.61,0.07999999999999996
STAGE18S_SUPPLEMENT,Lee2019_MI,P01-L1-LOW-CAL-OFFICIAL-R2:256_PER_CLASS,256,1,SSL,A4-C2-MULTI-HARD-VOTE,C2,36,100,0.59,0.6499999999999999,0.05999999999999994
STAGE18S_SUPPLEMENT,Lee2019_MI,P01-L1-LOW-CAL-OFFICIAL-R2:256_PER_CLASS,256,1,SSL,A4-C2-MULTI-HARD-VOTE,C2,3,100,0.63,0.5700000000000001,-0.05999999999999994
STAGE18S_SUPPLEMENT,Lee2019_MI,P01-L1-LOW-CAL-OFFICIAL-R2:256_PER_CLASS,256,1,SSL,A4-C2-MULTI-HARD-VOTE,C2,6,100,0.44,0.52,0.08000000000000002
STAGE18S_SUPPLEMENT,Lee2019_MI,P01-L1-LOW-CAL-OFFICIAL-R2:256_PER_CLASS,256,2,SSL,A4-C2-MULTI-HARD-VOTE,C2,15,100,0.54,0.56,0.020000000000000018
STAGE18S_SUPPLEMENT,Lee2019_MI,P01-L1-LOW-CAL-OFFICIAL-R2:256_PER_CLASS,256,2,SSL,A4-C2-MULTI-HARD-VOTE,C2,19,100,0.5700000000000001,0.52,-0.050000000000000044
STAGE18S_SUPPLEMENT,Lee2019_MI,P01-L1-LOW-CAL-OFFICIAL-R2:256_PER_CLASS,256,2,SSL,A4-C2-MULTI-HARD-VOTE,C2,30,100,0.56,0.55,-0.010000000000000009
STAGE18S_SUPPLEMENT,Lee2019_MI,P01-L1-LOW-CAL-OFFICIAL-R2:256_PER_CLASS,256,2,SSL,A4-C2-MULTI-HARD-VOTE,C2,36,100,0.59,0.59,0.0
STAGE18S_SUPPLEMENT,Lee2019_MI,P01-L1-LOW-CAL-OFFICIAL-R2:256_PER_CLASS,256,2,SSL,A4-C2-MULTI-HARD-VOTE,C2,3,100,0.65,0.5900000000000001,-0.05999999999999994
STAGE18S_SUPPLEMENT,Lee2019_MI,P01-L1-LOW-CAL-OFFICIAL-R2:256_PER_CLASS,256,2,SSL,A4-C2-MULTI-HARD-VOTE,C2,6,100,0.47,0.54,0.07000000000000006
STAGE18S_SUPPLEMENT,Lee2019_MI,P01-L1-LOW-CAL-OFFICIAL-R2:32_PER_CLASS,32,0,SSL,A4-C2-MULTI-HARD-VOTE,C2,15,100,0.53,0.5700000000000001,0.040000000000000036
STAGE18S_SUPPLEMENT,Lee2019_MI,P01-L1-LOW-CAL-OFFICIAL-R2:32_PER_CLASS,32,0,SSL,A4-C2-MULTI-HARD-VOTE,C2,19,100,0.52,0.43999999999999995,-0.08000000000000007
STAGE18S_SUPPLEMENT,Lee2019_MI,P01-L1-LOW-CAL-OFFICIAL-R2:32_PER_CLASS,32,0,SSL,A4-C2-MULTI-HARD-VOTE,C2,30,100,0.5,0.44,-0.06
STAGE18S_SUPPLEMENT,Lee2019_MI,P01-L1-LOW-CAL-OFFICIAL-R2:32_PER_CLASS,32,0,SSL,A4-C2-MULTI-HARD-VOTE,C2,36,100,0.48,0.49,0.010000000000000009
STAGE18S_SUPPLEMENT,Lee2019_MI,P01-L1-LOW-CAL-OFFICIAL-R2:32_PER_CLASS,32,0,SSL,A4-C2-MULTI-HARD-VOTE,C2,3,100,0.48000000000000004,0.47,-0.010000000000000064
STAGE18S_SUPPLEMENT,Lee2019_MI,P01-L1-LOW-CAL-OFFICIAL-R2:32_PER_CLASS,32,0,SSL,A4-C2-MULTI-HARD-VOTE,C2,6,100,0.54,0.48,-0.06000000000000005
STAGE18S_SUPPLEMENT,Lee2019_MI,P01-L1-LOW-CAL-OFFICIAL-R2:4_PER_CLASS,4,0,SSL,A4-C2-MULTI-HARD-VOTE,C2,15,100,0.5,0.47,-0.030000000000000027
STAGE18S_SUPPLEMENT,Lee2019_MI,P01-L1-LOW-CAL-OFFICIAL-R2:4_PER_CLASS,4,0,SSL,A4-C2-MULTI-HARD-VOTE,C2,19,100,0.54,0.5700000000000001,0.030000000000000027
STAGE18S_SUPPLEMENT,Lee2019_MI,P01-L1-LOW-CAL-OFFICIAL-R2:4_PER_CLASS,4,0,SSL,A4-C2-MULTI-HARD-VOTE,C2,30,100,0.46,0.51,0.04999999999999999
STAGE18S_SUPPLEMENT,Lee2019_MI,P01-L1-LOW-CAL-OFFICIAL-R2:4_PER_CLASS,4,0,SSL,A4-C2-MULTI-HARD-VOTE,C2,36,100,0.46,0.49,0.02999999999999997
STAGE18S_SUPPLEMENT,Lee2019_MI,P01-L1-LOW-CAL-OFFICIAL-R2:4_PER_CLASS,4,0,SSL,A4-C2-MULTI-HARD-VOTE,C2,3,100,0.52,0.53,0.010000000000000009
STAGE18S_SUPPLEMENT,Lee2019_MI,P01-L1-LOW-CAL-OFFICIAL-R2:4_PER_CLASS,4,0,SSL,A4-C2-MULTI-HARD-VOTE,C2,6,100,0.49,0.55,0.06000000000000005
STAGE18S_SUPPLEMENT,Lee2019_MI,P01-L1-LOW-CAL-OFFICIAL-R2:64_PER_CLASS,64,0,SSL,A4-C2-MULTI-HARD-VOTE,C2,15,100,0.49,0.5800000000000001,0.09000000000000008
STAGE18S_SUPPLEMENT,Lee2019_MI,P01-L1-LOW-CAL-OFFICIAL-R2:64_PER_CLASS,64,0,SSL,A4-C2-MULTI-HARD-VOTE,C2,19,100,0.49,0.48,-0.010000000000000009
STAGE18S_SUPPLEMENT,Lee2019_MI,P01-L1-LOW-CAL-OFFICIAL-R2:64_PER_CLASS,64,0,SSL,A4-C2-MULTI-HARD-VOTE,C2,30,100,0.38,0.45999999999999996,0.07999999999999996
STAGE18S_SUPPLEMENT,Lee2019_MI,P01-L1-LOW-CAL-OFFICIAL-R2:64_PER_CLASS,64,0,SSL,A4-C2-MULTI-HARD-VOTE,C2,36,100,0.47,0.52,0.050000000000000044
STAGE18S_SUPPLEMENT,Lee2019_MI,P01-L1-LOW-CAL-OFFICIAL-R2:64_PER_CLASS,64,0,SSL,A4-C2-MULTI-HARD-VOTE,C2,3,100,0.52,0.45,-0.07
STAGE18S_SUPPLEMENT,Lee2019_MI,P01-L1-LOW-CAL-OFFICIAL-R2:64_PER_CLASS,64,0,SSL,A4-C2-MULTI-HARD-VOTE,C2,6,100,0.51,0.49,-0.020000000000000018
STAGE18S_SUPPLEMENT,Lee2019_MI,P01-L1-LOW-CAL-OFFICIAL-R2:64_PER_CLASS,64,1,SSL,A4-C2-MULTI-HARD-VOTE,C2,15,100,0.52,0.52,0.0
STAGE18S_SUPPLEMENT,Lee2019_MI,P01-L1-LOW-CAL-OFFICIAL-R2:64_PER_CLASS,64,1,SSL,A4-C2-MULTI-HARD-VOTE,C2,19,100,0.46,0.43,-0.030000000000000027
STAGE18S_SUPPLEMENT,Lee2019_MI,P01-L1-LOW-CAL-OFFICIAL-R2:64_PER_CLASS,64,1,SSL,A4-C2-MULTI-HARD-VOTE,C2,30,100,0.48000000000000004,0.45000000000000007,-0.02999999999999997
STAGE18S_SUPPLEMENT,Lee2019_MI,P01-L1-LOW-CAL-OFFICIAL-R2:64_PER_CLASS,64,1,SSL,A4-C2-MULTI-HARD-VOTE,C2,36,100,0.45,0.54,0.09000000000000002
STAGE18S_SUPPLEMENT,Lee2019_MI,P01-L1-LOW-CAL-OFFICIAL-R2:64_PER_CLASS,64,1,SSL,A4-C2-MULTI-HARD-VOTE,C2,3,100,0.5,0.45999999999999996,-0.040000000000000036
STAGE18S_SUPPLEMENT,Lee2019_MI,P01-L1-LOW-CAL-OFFICIAL-R2:64_PER_CLASS,64,1,SSL,A4-C2-MULTI-HARD-VOTE,C2,6,100,0.54,0.54,0.0
STAGE18S_SUPPLEMENT,Lee2019_MI,P01-L1-LOW-CAL-OFFICIAL-R2:64_PER_CLASS,64,2,SSL,A4-C2-MULTI-HARD-VOTE,C2,15,100,0.5800000000000001,0.55,-0.030000000000000027
STAGE18S_SUPPLEMENT,Lee2019_MI,P01-L1-LOW-CAL-OFFICIAL-R2:64_PER_CLASS,64,2,SSL,A4-C2-MULTI-HARD-VOTE,C2,19,100,0.48,0.52,0.040000000000000036
STAGE18S_SUPPLEMENT,Lee2019_MI,P01-L1-LOW-CAL-OFFICIAL-R2:64_PER_CLASS,64,2,SSL,A4-C2-MULTI-HARD-VOTE,C2,30,100,0.49,0.41000000000000003,-0.07999999999999996
STAGE18S_SUPPLEMENT,Lee2019_MI,P01-L1-LOW-CAL-OFFICIAL-R2:64_PER_CLASS,64,2,SSL,A4-C2-MULTI-HARD-VOTE,C2,36,100,0.41000000000000003,0.53,0.12
STAGE18S_SUPPLEMENT,Lee2019_MI,P01-L1-LOW-CAL-OFFICIAL-R2:64_PER_CLASS,64,2,SSL,A4-C2-MULTI-HARD-VOTE,C2,3,100,0.49,0.47,-0.020000000000000018
STAGE18S_SUPPLEMENT,Lee2019_MI,P01-L1-LOW-CAL-OFFICIAL-R2:64_PER_CLASS,64,2,SSL,A4-C2-MULTI-HARD-VOTE,C2,6,100,0.5,0.53,0.030000000000000027
STAGE18S_SUPPLEMENT,Lee2019_MI,P01-L1-LOW-CAL-OFFICIAL-R2:8_PER_CLASS,8,1,SSL,A4-C2-MULTI-HARD-VOTE,C2,15,100,0.52,0.53,0.010000000000000009
STAGE18S_SUPPLEMENT,Lee2019_MI,P01-L1-LOW-CAL-OFFICIAL-R2:8_PER_CLASS,8,1,SSL,A4-C2-MULTI-HARD-VOTE,C2,19,100,0.54,0.55,0.010000000000000009
STAGE18S_SUPPLEMENT,Lee2019_MI,P01-L1-LOW-CAL-OFFICIAL-R2:8_PER_CLASS,8,1,SSL,A4-C2-MULTI-HARD-VOTE,C2,30,100,0.52,0.36,-0.16000000000000003
STAGE18S_SUPPLEMENT,Lee2019_MI,P01-L1-LOW-CAL-OFFICIAL-R2:8_PER_CLASS,8,1,SSL,A4-C2-MULTI-HARD-VOTE,C2,36,100,0.46,0.49,0.02999999999999997
STAGE18S_SUPPLEMENT,Lee2019_MI,P01-L1-LOW-CAL-OFFICIAL-R2:8_PER_CLASS,8,1,SSL,A4-C2-MULTI-HARD-VOTE,C2,3,100,0.55,0.53,-0.020000000000000018
STAGE18S_SUPPLEMENT,Lee2019_MI,P01-L1-LOW-CAL-OFFICIAL-R2:8_PER_CLASS,8,1,SSL,A4-C2-MULTI-HARD-VOTE,C2,6,100,0.53,0.59,0.05999999999999994
STAGE18S_SUPPLEMENT,Lee2019_MI,P01-L1-LOW-CAL-OFFICIAL-R2:8_PER_CLASS,8,2,SSL,A4-C2-MULTI-HARD-VOTE,C2,15,100,0.5700000000000001,0.52,-0.050000000000000044
STAGE18S_SUPPLEMENT,Lee2019_MI,P01-L1-LOW-CAL-OFFICIAL-R2:8_PER_CLASS,8,2,SSL,A4-C2-MULTI-HARD-VOTE,C2,19,100,0.53,0.54,0.010000000000000009
STAGE18S_SUPPLEMENT,Lee2019_MI,P01-L1-LOW-CAL-OFFICIAL-R2:8_PER_CLASS,8,2,SSL,A4-C2-MULTI-HARD-VOTE,C2,30,100,0.44999999999999996,0.47,0.020000000000000018
STAGE18S_SUPPLEMENT,Lee2019_MI,P01-L1-LOW-CAL-OFFICIAL-R2:8_PER_CLASS,8,2,SSL,A4-C2-MULTI-HARD-VOTE,C2,36,100,0.43000000000000005,0.44,0.009999999999999953
STAGE18S_SUPPLEMENT,Lee2019_MI,P01-L1-LOW-CAL-OFFICIAL-R2:8_PER_CLASS,8,2,SSL,A4-C2-MULTI-HARD-VOTE,C2,3,100,0.5,0.5,0.0
STAGE18S_SUPPLEMENT,Lee2019_MI,P01-L1-LOW-CAL-OFFICIAL-R2:8_PER_CLASS,8,2,SSL,A4-C2-MULTI-HARD-VOTE,C2,6,100,0.5700000000000001,0.5900000000000001,0.020000000000000018
STAGE18S_SUPPLEMENT,Lee2019_MI,FULL_TRAIN,FULL,1,SSL,A4-C3-MULTI-PROB-AVG,C3,15,100,0.52,0.64,0.12
STAGE18S_SUPPLEMENT,Lee2019_MI,FULL_TRAIN,FULL,1,SSL,A4-C3-MULTI-PROB-AVG,C3,19,100,0.79,0.8,0.010000000000000009
STAGE18S_SUPPLEMENT,Lee2019_MI,FULL_TRAIN,FULL,1,SSL,A4-C3-MULTI-PROB-AVG,C3,30,100,0.54,0.48000000000000004,-0.06
STAGE18S_SUPPLEMENT,Lee2019_MI,FULL_TRAIN,FULL,1,SSL,A4-C3-MULTI-PROB-AVG,C3,36,100,0.8300000000000001,0.8500000000000001,0.020000000000000018
STAGE18S_SUPPLEMENT,Lee2019_MI,FULL_TRAIN,FULL,1,SSL,A4-C3-MULTI-PROB-AVG,C3,3,100,0.72,0.66,-0.05999999999999994
STAGE18S_SUPPLEMENT,Lee2019_MI,FULL_TRAIN,FULL,1,SSL,A4-C3-MULTI-PROB-AVG,C3,6,100,0.49,0.61,0.12
STAGE18S_SUPPLEMENT,Lee2019_MI,FULL_TRAIN,FULL,2,SSL,A4-C3-MULTI-PROB-AVG,C3,15,100,0.54,0.53,-0.010000000000000009
STAGE18S_SUPPLEMENT,Lee2019_MI,FULL_TRAIN,FULL,2,SSL,A4-C3-MULTI-PROB-AVG,C3,19,100,0.8300000000000001,0.8400000000000001,0.010000000000000009
STAGE18S_SUPPLEMENT,Lee2019_MI,FULL_TRAIN,FULL,2,SSL,A4-C3-MULTI-PROB-AVG,C3,30,100,0.55,0.5900000000000001,0.040000000000000036
STAGE18S_SUPPLEMENT,Lee2019_MI,FULL_TRAIN,FULL,2,SSL,A4-C3-MULTI-PROB-AVG,C3,36,100,0.95,0.9199999999999999,-0.030000000000000027
STAGE18S_SUPPLEMENT,Lee2019_MI,FULL_TRAIN,FULL,2,SSL,A4-C3-MULTI-PROB-AVG,C3,3,100,0.81,0.71,-0.10000000000000009
STAGE18S_SUPPLEMENT,Lee2019_MI,FULL_TRAIN,FULL,2,SSL,A4-C3-MULTI-PROB-AVG,C3,6,100,0.55,0.5700000000000001,0.020000000000000018
STAGE18S_SUPPLEMENT,Lee2019_MI,P01-L1-LOW-CAL-OFFICIAL-R2:128_PER_CLASS,128,0,SSL,A4-C3-MULTI-PROB-AVG,C3,15,100,0.55,0.5800000000000001,0.030000000000000027
STAGE18S_SUPPLEMENT,Lee2019_MI,P01-L1-LOW-CAL-OFFICIAL-R2:128_PER_CLASS,128,0,SSL,A4-C3-MULTI-PROB-AVG,C3,19,100,0.49,0.54,0.050000000000000044
STAGE18S_SUPPLEMENT,Lee2019_MI,P01-L1-LOW-CAL-OFFICIAL-R2:128_PER_CLASS,128,0,SSL,A4-C3-MULTI-PROB-AVG,C3,30,100,0.51,0.41000000000000003,-0.09999999999999998
STAGE18S_SUPPLEMENT,Lee2019_MI,P01-L1-LOW-CAL-OFFICIAL-R2:128_PER_CLASS,128,0,SSL,A4-C3-MULTI-PROB-AVG,C3,36,100,0.52,0.52,0.0
STAGE18S_SUPPLEMENT,Lee2019_MI,P01-L1-LOW-CAL-OFFICIAL-R2:128_PER_CLASS,128,0,SSL,A4-C3-MULTI-PROB-AVG,C3,3,100,0.54,0.5,-0.040000000000000036
STAGE18S_SUPPLEMENT,Lee2019_MI,P01-L1-LOW-CAL-OFFICIAL-R2:128_PER_CLASS,128,0,SSL,A4-C3-MULTI-PROB-AVG,C3,6,100,0.5800000000000001,0.5,-0.08000000000000007
STAGE18S_SUPPLEMENT,Lee2019_MI,P01-L1-LOW-CAL-OFFICIAL-R2:128_PER_CLASS,128,1,SSL,A4-C3-MULTI-PROB-AVG,C3,15,100,0.61,0.6000000000000001,-0.009999999999999898
STAGE18S_SUPPLEMENT,Lee2019_MI,P01-L1-LOW-CAL-OFFICIAL-R2:128_PER_CLASS,128,1,SSL,A4-C3-MULTI-PROB-AVG,C3,19,100,0.52,0.55,0.030000000000000027
STAGE18S_SUPPLEMENT,Lee2019_MI,P01-L1-LOW-CAL-OFFICIAL-R2:128_PER_CLASS,128,1,SSL,A4-C3-MULTI-PROB-AVG,C3,30,100,0.53,0.51,-0.020000000000000018
STAGE18S_SUPPLEMENT,Lee2019_MI,P01-L1-LOW-CAL-OFFICIAL-R2:128_PER_CLASS,128,1,SSL,A4-C3-MULTI-PROB-AVG,C3,36,100,0.56,0.5900000000000001,0.030000000000000027
STAGE18S_SUPPLEMENT,Lee2019_MI,P01-L1-LOW-CAL-OFFICIAL-R2:128_PER_CLASS,128,1,SSL,A4-C3-MULTI-PROB-AVG,C3,3,100,0.49,0.55,0.06000000000000005
STAGE18S_SUPPLEMENT,Lee2019_MI,P01-L1-LOW-CAL-OFFICIAL-R2:128_PER_CLASS,128,1,SSL,A4-C3-MULTI-PROB-AVG,C3,6,100,0.52,0.56,0.040000000000000036
STAGE18S_SUPPLEMENT,Lee2019_MI,P01-L1-LOW-CAL-OFFICIAL-R2:128_PER_CLASS,128,2,SSL,A4-C3-MULTI-PROB-AVG,C3,15,100,0.49,0.5700000000000001,0.08000000000000007
STAGE18S_SUPPLEMENT,Lee2019_MI,P01-L1-LOW-CAL-OFFICIAL-R2:128_PER_CLASS,128,2,SSL,A4-C3-MULTI-PROB-AVG,C3,19,100,0.48,0.5700000000000001,0.09000000000000008
STAGE18S_SUPPLEMENT,Lee2019_MI,P01-L1-LOW-CAL-OFFICIAL-R2:128_PER_CLASS,128,2,SSL,A4-C3-MULTI-PROB-AVG,C3,30,100,0.51,0.48,-0.030000000000000027
STAGE18S_SUPPLEMENT,Lee2019_MI,P01-L1-LOW-CAL-OFFICIAL-R2:128_PER_CLASS,128,2,SSL,A4-C3-MULTI-PROB-AVG,C3,36,100,0.53,0.56,0.030000000000000027
STAGE18S_SUPPLEMENT,Lee2019_MI,P01-L1-LOW-CAL-OFFICIAL-R2:128_PER_CLASS,128,2,SSL,A4-C3-MULTI-PROB-AVG,C3,3,100,0.45999999999999996,0.46,5.551115123125783e-17
STAGE18S_SUPPLEMENT,Lee2019_MI,P01-L1-LOW-CAL-OFFICIAL-R2:128_PER_CLASS,128,2,SSL,A4-C3-MULTI-PROB-AVG,C3,6,100,0.5900000000000001,0.56,-0.030000000000000027
STAGE18S_SUPPLEMENT,Lee2019_MI,P01-L1-LOW-CAL-OFFICIAL-R2:16_PER_CLASS,16,0,SSL,A4-C3-MULTI-PROB-AVG,C3,15,100,0.5,0.5900000000000001,0.09000000000000008
STAGE18S_SUPPLEMENT,Lee2019_MI,P01-L1-LOW-CAL-OFFICIAL-R2:16_PER_CLASS,16,0,SSL,A4-C3-MULTI-PROB-AVG,C3,19,100,0.48,0.52,0.040000000000000036
STAGE18S_SUPPLEMENT,Lee2019_MI,P01-L1-LOW-CAL-OFFICIAL-R2:16_PER_CLASS,16,0,SSL,A4-C3-MULTI-PROB-AVG,C3,30,100,0.42000000000000004,0.47000000000000003,0.04999999999999999
STAGE18S_SUPPLEMENT,Lee2019_MI,P01-L1-LOW-CAL-OFFICIAL-R2:16_PER_CLASS,16,0,SSL,A4-C3-MULTI-PROB-AVG,C3,36,100,0.44999999999999996,0.56,0.1100000000000001
STAGE18S_SUPPLEMENT,Lee2019_MI,P01-L1-LOW-CAL-OFFICIAL-R2:16_PER_CLASS,16,0,SSL,A4-C3-MULTI-PROB-AVG,C3,3,100,0.5,0.5,0.0
STAGE18S_SUPPLEMENT,Lee2019_MI,P01-L1-LOW-CAL-OFFICIAL-R2:16_PER_CLASS,16,0,SSL,A4-C3-MULTI-PROB-AVG,C3,6,100,0.53,0.5,-0.030000000000000027
STAGE18S_SUPPLEMENT,Lee2019_MI,P01-L1-LOW-CAL-OFFICIAL-R2:1_PER_CLASS,1,1,SSL,A4-C3-MULTI-PROB-AVG,C3,15,100,0.42000000000000004,0.5,0.07999999999999996
STAGE18S_SUPPLEMENT,Lee2019_MI,P01-L1-LOW-CAL-OFFICIAL-R2:1_PER_CLASS,1,1,SSL,A4-C3-MULTI-PROB-AVG,C3,19,100,0.5700000000000001,0.51,-0.06000000000000005
STAGE18S_SUPPLEMENT,Lee2019_MI,P01-L1-LOW-CAL-OFFICIAL-R2:1_PER_CLASS,1,1,SSL,A4-C3-MULTI-PROB-AVG,C3,30,100,0.44999999999999996,0.49,0.040000000000000036
STAGE18S_SUPPLEMENT,Lee2019_MI,P01-L1-LOW-CAL-OFFICIAL-R2:1_PER_CLASS,1,1,SSL,A4-C3-MULTI-PROB-AVG,C3,36,100,0.47,0.49,0.020000000000000018
STAGE18S_SUPPLEMENT,Lee2019_MI,P01-L1-LOW-CAL-OFFICIAL-R2:1_PER_CLASS,1,1,SSL,A4-C3-MULTI-PROB-AVG,C3,3,100,0.5,0.52,0.020000000000000018
STAGE18S_SUPPLEMENT,Lee2019_MI,P01-L1-LOW-CAL-OFFICIAL-R2:1_PER_CLASS,1,1,SSL,A4-C3-MULTI-PROB-AVG,C3,6,100,0.45999999999999996,0.5,0.040000000000000036
STAGE18S_SUPPLEMENT,Lee2019_MI,P01-L1-LOW-CAL-OFFICIAL-R2:1_PER_CLASS,1,2,SSL,A4-C3-MULTI-PROB-AVG,C3,15,100,0.51,0.52,0.010000000000000009
STAGE18S_SUPPLEMENT,Lee2019_MI,P01-L1-LOW-CAL-OFFICIAL-R2:1_PER_CLASS,1,2,SSL,A4-C3-MULTI-PROB-AVG,C3,19,100,0.5,0.49,-0.010000000000000009
STAGE18S_SUPPLEMENT,Lee2019_MI,P01-L1-LOW-CAL-OFFICIAL-R2:1_PER_CLASS,1,2,SSL,A4-C3-MULTI-PROB-AVG,C3,30,100,0.52,0.51,-0.010000000000000009
STAGE18S_SUPPLEMENT,Lee2019_MI,P01-L1-LOW-CAL-OFFICIAL-R2:1_PER_CLASS,1,2,SSL,A4-C3-MULTI-PROB-AVG,C3,36,100,0.49,0.51,0.020000000000000018
STAGE18S_SUPPLEMENT,Lee2019_MI,P01-L1-LOW-CAL-OFFICIAL-R2:1_PER_CLASS,1,2,SSL,A4-C3-MULTI-PROB-AVG,C3,3,100,0.5,0.49,-0.010000000000000009
STAGE18S_SUPPLEMENT,Lee2019_MI,P01-L1-LOW-CAL-OFFICIAL-R2:1_PER_CLASS,1,2,SSL,A4-C3-MULTI-PROB-AVG,C3,6,100,0.47,0.54,0.07000000000000006
STAGE18S_SUPPLEMENT,Lee2019_MI,P01-L1-LOW-CAL-OFFICIAL-R2:256_PER_CLASS,256,0,SSL,A4-C3-MULTI-PROB-AVG,C3,15,100,0.55,0.55,0.0
STAGE18S_SUPPLEMENT,Lee2019_MI,P01-L1-LOW-CAL-OFFICIAL-R2:256_PER_CLASS,256,0,SSL,A4-C3-MULTI-PROB-AVG,C3,19,100,0.58,0.56,-0.019999999999999907
STAGE18S_SUPPLEMENT,Lee2019_MI,P01-L1-LOW-CAL-OFFICIAL-R2:256_PER_CLASS,256,0,SSL,A4-C3-MULTI-PROB-AVG,C3,30,100,0.57,0.54,-0.029999999999999916
STAGE18S_SUPPLEMENT,Lee2019_MI,P01-L1-LOW-CAL-OFFICIAL-R2:256_PER_CLASS,256,0,SSL,A4-C3-MULTI-PROB-AVG,C3,36,100,0.57,0.5900000000000001,0.02000000000000013
STAGE18S_SUPPLEMENT,Lee2019_MI,P01-L1-LOW-CAL-OFFICIAL-R2:256_PER_CLASS,256,0,SSL,A4-C3-MULTI-PROB-AVG,C3,3,100,0.58,0.5800000000000001,1.1102230246251565e-16
STAGE18S_SUPPLEMENT,Lee2019_MI,P01-L1-LOW-CAL-OFFICIAL-R2:256_PER_CLASS,256,0,SSL,A4-C3-MULTI-PROB-AVG,C3,6,100,0.55,0.5700000000000001,0.020000000000000018
STAGE18S_SUPPLEMENT,Lee2019_MI,P01-L1-LOW-CAL-OFFICIAL-R2:256_PER_CLASS,256,1,SSL,A4-C3-MULTI-PROB-AVG,C3,15,100,0.58,0.5700000000000001,-0.009999999999999898
STAGE18S_SUPPLEMENT,Lee2019_MI,P01-L1-LOW-CAL-OFFICIAL-R2:256_PER_CLASS,256,1,SSL,A4-C3-MULTI-PROB-AVG,C3,19,100,0.61,0.62,0.010000000000000009
STAGE18S_SUPPLEMENT,Lee2019_MI,P01-L1-LOW-CAL-OFFICIAL-R2:256_PER_CLASS,256,1,SSL,A4-C3-MULTI-PROB-AVG,C3,30,100,0.53,0.54,0.010000000000000009
STAGE18S_SUPPLEMENT,Lee2019_MI,P01-L1-LOW-CAL-OFFICIAL-R2:256_PER_CLASS,256,1,SSL,A4-C3-MULTI-PROB-AVG,C3,36,100,0.59,0.63,0.040000000000000036
STAGE18S_SUPPLEMENT,Lee2019_MI,P01-L1-LOW-CAL-OFFICIAL-R2:256_PER_CLASS,256,1,SSL,A4-C3-MULTI-PROB-AVG,C3,3,100,0.63,0.5800000000000001,-0.04999999999999993
STAGE18S_SUPPLEMENT,Lee2019_MI,P01-L1-LOW-CAL-OFFICIAL-R2:256_PER_CLASS,256,1,SSL,A4-C3-MULTI-PROB-AVG,C3,6,100,0.44,0.52,0.08000000000000002
STAGE18S_SUPPLEMENT,Lee2019_MI,P01-L1-LOW-CAL-OFFICIAL-R2:256_PER_CLASS,256,2,SSL,A4-C3-MULTI-PROB-AVG,C3,15,100,0.54,0.5700000000000001,0.030000000000000027
STAGE18S_SUPPLEMENT,Lee2019_MI,P01-L1-LOW-CAL-OFFICIAL-R2:256_PER_CLASS,256,2,SSL,A4-C3-MULTI-PROB-AVG,C3,19,100,0.5700000000000001,0.53,-0.040000000000000036
STAGE18S_SUPPLEMENT,Lee2019_MI,P01-L1-LOW-CAL-OFFICIAL-R2:256_PER_CLASS,256,2,SSL,A4-C3-MULTI-PROB-AVG,C3,30,100,0.56,0.55,-0.010000000000000009
STAGE18S_SUPPLEMENT,Lee2019_MI,P01-L1-LOW-CAL-OFFICIAL-R2:256_PER_CLASS,256,2,SSL,A4-C3-MULTI-PROB-AVG,C3,36,100,0.59,0.6000000000000001,0.01000000000000012
STAGE18S_SUPPLEMENT,Lee2019_MI,P01-L1-LOW-CAL-OFFICIAL-R2:256_PER_CLASS,256,2,SSL,A4-C3-MULTI-PROB-AVG,C3,3,100,0.65,0.61,-0.040000000000000036
STAGE18S_SUPPLEMENT,Lee2019_MI,P01-L1-LOW-CAL-OFFICIAL-R2:256_PER_CLASS,256,2,SSL,A4-C3-MULTI-PROB-AVG,C3,6,100,0.47,0.57,0.09999999999999998
STAGE18S_SUPPLEMENT,Lee2019_MI,P01-L1-LOW-CAL-OFFICIAL-R2:32_PER_CLASS,32,0,SSL,A4-C3-MULTI-PROB-AVG,C3,15,100,0.53,0.55,0.020000000000000018
STAGE18S_SUPPLEMENT,Lee2019_MI,P01-L1-LOW-CAL-OFFICIAL-R2:32_PER_CLASS,32,0,SSL,A4-C3-MULTI-PROB-AVG,C3,19,100,0.52,0.54,0.020000000000000018
STAGE18S_SUPPLEMENT,Lee2019_MI,P01-L1-LOW-CAL-OFFICIAL-R2:32_PER_CLASS,32,0,SSL,A4-C3-MULTI-PROB-AVG,C3,30,100,0.5,0.45999999999999996,-0.040000000000000036
STAGE18S_SUPPLEMENT,Lee2019_MI,P01-L1-LOW-CAL-OFFICIAL-R2:32_PER_CLASS,32,0,SSL,A4-C3-MULTI-PROB-AVG,C3,36,100,0.48,0.5599999999999999,0.07999999999999996
STAGE18S_SUPPLEMENT,Lee2019_MI,P01-L1-LOW-CAL-OFFICIAL-R2:32_PER_CLASS,32,0,SSL,A4-C3-MULTI-PROB-AVG,C3,3,100,0.48000000000000004,0.46,-0.020000000000000018
STAGE18S_SUPPLEMENT,Lee2019_MI,P01-L1-LOW-CAL-OFFICIAL-R2:32_PER_CLASS,32,0,SSL,A4-C3-MULTI-PROB-AVG,C3,6,100,0.54,0.55,0.010000000000000009
STAGE18S_SUPPLEMENT,Lee2019_MI,P01-L1-LOW-CAL-OFFICIAL-R2:4_PER_CLASS,4,0,SSL,A4-C3-MULTI-PROB-AVG,C3,15,100,0.5,0.47,-0.030000000000000027
STAGE18S_SUPPLEMENT,Lee2019_MI,P01-L1-LOW-CAL-OFFICIAL-R2:4_PER_CLASS,4,0,SSL,A4-C3-MULTI-PROB-AVG,C3,19,100,0.54,0.55,0.010000000000000009
STAGE18S_SUPPLEMENT,Lee2019_MI,P01-L1-LOW-CAL-OFFICIAL-R2:4_PER_CLASS,4,0,SSL,A4-C3-MULTI-PROB-AVG,C3,30,100,0.46,0.51,0.04999999999999999
STAGE18S_SUPPLEMENT,Lee2019_MI,P01-L1-LOW-CAL-OFFICIAL-R2:4_PER_CLASS,4,0,SSL,A4-C3-MULTI-PROB-AVG,C3,36,100,0.46,0.45999999999999996,-5.551115123125783e-17
STAGE18S_SUPPLEMENT,Lee2019_MI,P01-L1-LOW-CAL-OFFICIAL-R2:4_PER_CLASS,4,0,SSL,A4-C3-MULTI-PROB-AVG,C3,3,100,0.52,0.53,0.010000000000000009
STAGE18S_SUPPLEMENT,Lee2019_MI,P01-L1-LOW-CAL-OFFICIAL-R2:4_PER_CLASS,4,0,SSL,A4-C3-MULTI-PROB-AVG,C3,6,100,0.49,0.54,0.050000000000000044
STAGE18S_SUPPLEMENT,Lee2019_MI,P01-L1-LOW-CAL-OFFICIAL-R2:64_PER_CLASS,64,0,SSL,A4-C3-MULTI-PROB-AVG,C3,15,100,0.49,0.6,0.10999999999999999
STAGE18S_SUPPLEMENT,Lee2019_MI,P01-L1-LOW-CAL-OFFICIAL-R2:64_PER_CLASS,64,0,SSL,A4-C3-MULTI-PROB-AVG,C3,19,100,0.49,0.45,-0.03999999999999998
STAGE18S_SUPPLEMENT,Lee2019_MI,P01-L1-LOW-CAL-OFFICIAL-R2:64_PER_CLASS,64,0,SSL,A4-C3-MULTI-PROB-AVG,C3,30,100,0.38,0.47,0.08999999999999997
STAGE18S_SUPPLEMENT,Lee2019_MI,P01-L1-LOW-CAL-OFFICIAL-R2:64_PER_CLASS,64,0,SSL,A4-C3-MULTI-PROB-AVG,C3,36,100,0.47,0.53,0.06000000000000005
STAGE18S_SUPPLEMENT,Lee2019_MI,P01-L1-LOW-CAL-OFFICIAL-R2:64_PER_CLASS,64,0,SSL,A4-C3-MULTI-PROB-AVG,C3,3,100,0.52,0.48,-0.040000000000000036
STAGE18S_SUPPLEMENT,Lee2019_MI,P01-L1-LOW-CAL-OFFICIAL-R2:64_PER_CLASS,64,0,SSL,A4-C3-MULTI-PROB-AVG,C3,6,100,0.51,0.55,0.040000000000000036
STAGE18S_SUPPLEMENT,Lee2019_MI,P01-L1-LOW-CAL-OFFICIAL-R2:64_PER_CLASS,64,1,SSL,A4-C3-MULTI-PROB-AVG,C3,15,100,0.52,0.56,0.040000000000000036
STAGE18S_SUPPLEMENT,Lee2019_MI,P01-L1-LOW-CAL-OFFICIAL-R2:64_PER_CLASS,64,1,SSL,A4-C3-MULTI-PROB-AVG,C3,19,100,0.46,0.49,0.02999999999999997
STAGE18S_SUPPLEMENT,Lee2019_MI,P01-L1-LOW-CAL-OFFICIAL-R2:64_PER_CLASS,64,1,SSL,A4-C3-MULTI-PROB-AVG,C3,30,100,0.48000000000000004,0.48,-5.551115123125783e-17
STAGE18S_SUPPLEMENT,Lee2019_MI,P01-L1-LOW-CAL-OFFICIAL-R2:64_PER_CLASS,64,1,SSL,A4-C3-MULTI-PROB-AVG,C3,36,100,0.45,0.5,0.04999999999999999
STAGE18S_SUPPLEMENT,Lee2019_MI,P01-L1-LOW-CAL-OFFICIAL-R2:64_PER_CLASS,64,1,SSL,A4-C3-MULTI-PROB-AVG,C3,3,100,0.5,0.49,-0.010000000000000009
STAGE18S_SUPPLEMENT,Lee2019_MI,P01-L1-LOW-CAL-OFFICIAL-R2:64_PER_CLASS,64,1,SSL,A4-C3-MULTI-PROB-AVG,C3,6,100,0.54,0.5700000000000001,0.030000000000000027
STAGE18S_SUPPLEMENT,Lee2019_MI,P01-L1-LOW-CAL-OFFICIAL-R2:64_PER_CLASS,64,2,SSL,A4-C3-MULTI-PROB-AVG,C3,15,100,0.5800000000000001,0.56,-0.020000000000000018
STAGE18S_SUPPLEMENT,Lee2019_MI,P01-L1-LOW-CAL-OFFICIAL-R2:64_PER_CLASS,64,2,SSL,A4-C3-MULTI-PROB-AVG,C3,19,100,0.48,0.5,0.020000000000000018
STAGE18S_SUPPLEMENT,Lee2019_MI,P01-L1-LOW-CAL-OFFICIAL-R2:64_PER_CLASS,64,2,SSL,A4-C3-MULTI-PROB-AVG,C3,30,100,0.49,0.44000000000000006,-0.04999999999999993
STAGE18S_SUPPLEMENT,Lee2019_MI,P01-L1-LOW-CAL-OFFICIAL-R2:64_PER_CLASS,64,2,SSL,A4-C3-MULTI-PROB-AVG,C3,36,100,0.41000000000000003,0.55,0.14
STAGE18S_SUPPLEMENT,Lee2019_MI,P01-L1-LOW-CAL-OFFICIAL-R2:64_PER_CLASS,64,2,SSL,A4-C3-MULTI-PROB-AVG,C3,3,100,0.49,0.51,0.020000000000000018
STAGE18S_SUPPLEMENT,Lee2019_MI,P01-L1-LOW-CAL-OFFICIAL-R2:64_PER_CLASS,64,2,SSL,A4-C3-MULTI-PROB-AVG,C3,6,100,0.5,0.54,0.040000000000000036
STAGE18S_SUPPLEMENT,Lee2019_MI,P01-L1-LOW-CAL-OFFICIAL-R2:8_PER_CLASS,8,1,SSL,A4-C3-MULTI-PROB-AVG,C3,15,100,0.52,0.51,-0.010000000000000009
STAGE18S_SUPPLEMENT,Lee2019_MI,P01-L1-LOW-CAL-OFFICIAL-R2:8_PER_CLASS,8,1,SSL,A4-C3-MULTI-PROB-AVG,C3,19,100,0.54,0.54,0.0
STAGE18S_SUPPLEMENT,Lee2019_MI,P01-L1-LOW-CAL-OFFICIAL-R2:8_PER_CLASS,8,1,SSL,A4-C3-MULTI-PROB-AVG,C3,30,100,0.52,0.49,-0.030000000000000027
STAGE18S_SUPPLEMENT,Lee2019_MI,P01-L1-LOW-CAL-OFFICIAL-R2:8_PER_CLASS,8,1,SSL,A4-C3-MULTI-PROB-AVG,C3,36,100,0.46,0.48,0.019999999999999962
STAGE18S_SUPPLEMENT,Lee2019_MI,P01-L1-LOW-CAL-OFFICIAL-R2:8_PER_CLASS,8,1,SSL,A4-C3-MULTI-PROB-AVG,C3,3,100,0.55,0.5,-0.050000000000000044
STAGE18S_SUPPLEMENT,Lee2019_MI,P01-L1-LOW-CAL-OFFICIAL-R2:8_PER_CLASS,8,1,SSL,A4-C3-MULTI-PROB-AVG,C3,6,100,0.53,0.61,0.07999999999999996
STAGE18S_SUPPLEMENT,Lee2019_MI,P01-L1-LOW-CAL-OFFICIAL-R2:8_PER_CLASS,8,2,SSL,A4-C3-MULTI-PROB-AVG,C3,15,100,0.5700000000000001,0.5,-0.07000000000000006
STAGE18S_SUPPLEMENT,Lee2019_MI,P01-L1-LOW-CAL-OFFICIAL-R2:8_PER_CLASS,8,2,SSL,A4-C3-MULTI-PROB-AVG,C3,19,100,0.53,0.5,-0.030000000000000027
STAGE18S_SUPPLEMENT,Lee2019_MI,P01-L1-LOW-CAL-OFFICIAL-R2:8_PER_CLASS,8,2,SSL,A4-C3-MULTI-PROB-AVG,C3,30,100,0.44999999999999996,0.48000000000000004,0.030000000000000082
STAGE18S_SUPPLEMENT,Lee2019_MI,P01-L1-LOW-CAL-OFFICIAL-R2:8_PER_CLASS,8,2,SSL,A4-C3-MULTI-PROB-AVG,C3,36,100,0.43000000000000005,0.48,0.04999999999999993
STAGE18S_SUPPLEMENT,Lee2019_MI,P01-L1-LOW-CAL-OFFICIAL-R2:8_PER_CLASS,8,2,SSL,A4-C3-MULTI-PROB-AVG,C3,3,100,0.5,0.52,0.020000000000000018
STAGE18S_SUPPLEMENT,Lee2019_MI,P01-L1-LOW-CAL-OFFICIAL-R2:8_PER_CLASS,8,2,SSL,A4-C3-MULTI-PROB-AVG,C3,6,100,0.5700000000000001,0.63,0.05999999999999994
STAGE18S_SUPPLEMENT,PhysioNetMI,FULL_TRAIN,FULL,1,NEURAL,A4-C1-LONG-3P5S,C1,107,45,0.6636904761904763,0.6041666666666666,-0.059523809523809645
STAGE18S_SUPPLEMENT,PhysioNetMI,FULL_TRAIN,FULL,1,NEURAL,A4-C1-LONG-3P5S,C1,27,45,0.5810276679841897,0.6699604743083004,0.08893280632411071
STAGE18S_SUPPLEMENT,PhysioNetMI,FULL_TRAIN,FULL,1,NEURAL,A4-C1-LONG-3P5S,C1,39,45,0.6007905138339921,0.5158102766798419,-0.08498023715415015
STAGE18S_SUPPLEMENT,PhysioNetMI,FULL_TRAIN,FULL,1,NEURAL,A4-C1-LONG-3P5S,C1,40,45,0.5297619047619048,0.9166666666666667,0.386904761904762
STAGE18S_SUPPLEMENT,PhysioNetMI,FULL_TRAIN,FULL,1,NEURAL,A4-C1-LONG-3P5S,C1,47,45,0.5,0.5833333333333334,0.08333333333333337
STAGE18S_SUPPLEMENT,PhysioNetMI,FULL_TRAIN,FULL,1,NEURAL,A4-C1-LONG-3P5S,C1,48,45,0.7381422924901186,0.7164031620553359,-0.021739130434782705
STAGE18S_SUPPLEMENT,PhysioNetMI,FULL_TRAIN,FULL,1,NEURAL,A4-C1-LONG-3P5S,C1,57,45,0.6130952380952381,0.6934523809523809,0.0803571428571428
STAGE18S_SUPPLEMENT,PhysioNetMI,FULL_TRAIN,FULL,1,NEURAL,A4-C1-LONG-3P5S,C1,6,45,0.4880952380952381,0.6517857142857142,0.1636904761904761
STAGE18S_SUPPLEMENT,PhysioNetMI,FULL_TRAIN,FULL,1,NEURAL,A4-C1-LONG-3P5S,C1,71,45,0.8478260869565217,0.8448616600790514,-0.0029644268774703386
STAGE18S_SUPPLEMENT,PhysioNetMI,FULL_TRAIN,FULL,1,NEURAL,A4-C1-LONG-3P5S,C1,93,45,0.8003952569169961,0.8043478260869565,0.0039525691699604515
STAGE18S_SUPPLEMENT,PhysioNetMI,FULL_TRAIN,FULL,1,NEURAL,A4-C1-LONG-3P5S,C1,98,45,0.5731225296442688,0.6699604743083004,0.09683794466403162
STAGE18S_SUPPLEMENT,PhysioNetMI,FULL_TRAIN,FULL,2,NEURAL,A4-C1-LONG-3P5S,C1,107,45,0.5625,0.5327380952380952,-0.029761904761904767
STAGE18S_SUPPLEMENT,PhysioNetMI,FULL_TRAIN,FULL,2,NEURAL,A4-C1-LONG-3P5S,C1,27,45,0.5158102766798419,0.6462450592885376,0.13043478260869568
STAGE18S_SUPPLEMENT,PhysioNetMI,FULL_TRAIN,FULL,2,NEURAL,A4-C1-LONG-3P5S,C1,39,45,0.5563241106719368,0.4940711462450593,-0.062252964426877444
STAGE18S_SUPPLEMENT,PhysioNetMI,FULL_TRAIN,FULL,2,NEURAL,A4-C1-LONG-3P5S,C1,40,45,0.48214285714285715,0.8125,0.33035714285714285
STAGE18S_SUPPLEMENT,PhysioNetMI,FULL_TRAIN,FULL,2,NEURAL,A4-C1-LONG-3P5S,C1,47,45,0.5297619047619048,0.5744047619047619,0.044642857142857095
STAGE18S_SUPPLEMENT,PhysioNetMI,FULL_TRAIN,FULL,2,NEURAL,A4-C1-LONG-3P5S,C1,48,45,0.7608695652173914,0.7381422924901186,-0.022727272727272707
STAGE18S_SUPPLEMENT,PhysioNetMI,FULL_TRAIN,FULL,2,NEURAL,A4-C1-LONG-3P5S,C1,57,45,0.6666666666666666,0.7321428571428572,0.06547619047619058
STAGE18S_SUPPLEMENT,PhysioNetMI,FULL_TRAIN,FULL,2,NEURAL,A4-C1-LONG-3P5S,C1,6,45,0.48809523809523814,0.6101190476190476,0.12202380952380942
STAGE18S_SUPPLEMENT,PhysioNetMI,FULL_TRAIN,FULL,2,NEURAL,A4-C1-LONG-3P5S,C1,71,45,0.7826086956521738,0.8675889328063241,0.08498023715415026
STAGE18S_SUPPLEMENT,PhysioNetMI,FULL_TRAIN,FULL,2,NEURAL,A4-C1-LONG-3P5S,C1,93,45,0.8211462450592886,0.842885375494071,0.021739130434782483
STAGE18S_SUPPLEMENT,PhysioNetMI,FULL_TRAIN,FULL,2,NEURAL,A4-C1-LONG-3P5S,C1,98,45,0.48320158102766797,0.5316205533596838,0.048418972332015864
STAGE18S_SUPPLEMENT,PhysioNetMI,P01-L1-LOW-CAL-OFFICIAL-R2:128_PER_CLASS,128,0,NEURAL,A4-C1-LONG-3P5S,C1,107,45,0.43452380952380953,0.4851190476190476,0.05059523809523808
STAGE18S_SUPPLEMENT,PhysioNetMI,P01-L1-LOW-CAL-OFFICIAL-R2:128_PER_CLASS,128,0,NEURAL,A4-C1-LONG-3P5S,C1,27,45,0.5177865612648221,0.5395256916996047,0.021739130434782594
STAGE18S_SUPPLEMENT,PhysioNetMI,P01-L1-LOW-CAL-OFFICIAL-R2:128_PER_CLASS,128,0,NEURAL,A4-C1-LONG-3P5S,C1,39,45,0.558300395256917,0.5405138339920948,-0.017786561264822143
STAGE18S_SUPPLEMENT,PhysioNetMI,P01-L1-LOW-CAL-OFFICIAL-R2:128_PER_CLASS,128,0,NEURAL,A4-C1-LONG-3P5S,C1,40,45,0.5476190476190476,0.5505952380952381,0.0029761904761905766
STAGE18S_SUPPLEMENT,PhysioNetMI,P01-L1-LOW-CAL-OFFICIAL-R2:128_PER_CLASS,128,0,NEURAL,A4-C1-LONG-3P5S,C1,47,45,0.5,0.5,0.0
STAGE18S_SUPPLEMENT,PhysioNetMI,P01-L1-LOW-CAL-OFFICIAL-R2:128_PER_CLASS,128,0,NEURAL,A4-C1-LONG-3P5S,C1,48,45,0.6847826086956521,0.6897233201581028,0.004940711462450675
STAGE18S_SUPPLEMENT,PhysioNetMI,P01-L1-LOW-CAL-OFFICIAL-R2:128_PER_CLASS,128,0,NEURAL,A4-C1-LONG-3P5S,C1,57,45,0.5089285714285714,0.5,-0.008928571428571397
STAGE18S_SUPPLEMENT,PhysioNetMI,P01-L1-LOW-CAL-OFFICIAL-R2:128_PER_CLASS,128,0,NEURAL,A4-C1-LONG-3P5S,C1,6,45,0.5238095238095237,0.5208333333333333,-0.0029761904761904656
STAGE18S_SUPPLEMENT,PhysioNetMI,P01-L1-LOW-CAL-OFFICIAL-R2:128_PER_CLASS,128,0,NEURAL,A4-C1-LONG-3P5S,C1,71,45,0.6027667984189724,0.6175889328063241,0.014822134387351693
STAGE18S_SUPPLEMENT,PhysioNetMI,P01-L1-LOW-CAL-OFFICIAL-R2:128_PER_CLASS,128,0,NEURAL,A4-C1-LONG-3P5S,C1,93,45,0.841897233201581,0.7974308300395256,-0.04446640316205541
STAGE18S_SUPPLEMENT,PhysioNetMI,P01-L1-LOW-CAL-OFFICIAL-R2:128_PER_CLASS,128,0,NEURAL,A4-C1-LONG-3P5S,C1,98,45,0.5108695652173914,0.5592885375494071,0.04841897233201575
STAGE18S_SUPPLEMENT,PhysioNetMI,P01-L1-LOW-CAL-OFFICIAL-R2:128_PER_CLASS,128,1,NEURAL,A4-C1-LONG-3P5S,C1,107,45,0.49702380952380953,0.4642857142857143,-0.03273809523809523
STAGE18S_SUPPLEMENT,PhysioNetMI,P01-L1-LOW-CAL-OFFICIAL-R2:128_PER_CLASS,128,1,NEURAL,A4-C1-LONG-3P5S,C1,27,45,0.5622529644268774,0.5395256916996047,-0.022727272727272707
STAGE18S_SUPPLEMENT,PhysioNetMI,P01-L1-LOW-CAL-OFFICIAL-R2:128_PER_CLASS,128,1,NEURAL,A4-C1-LONG-3P5S,C1,39,45,0.5563241106719368,0.6452569169960474,0.0889328063241106
STAGE18S_SUPPLEMENT,PhysioNetMI,P01-L1-LOW-CAL-OFFICIAL-R2:128_PER_CLASS,128,1,NEURAL,A4-C1-LONG-3P5S,C1,40,45,0.43452380952380953,0.5029761904761905,0.06845238095238093
STAGE18S_SUPPLEMENT,PhysioNetMI,P01-L1-LOW-CAL-OFFICIAL-R2:128_PER_CLASS,128,1,NEURAL,A4-C1-LONG-3P5S,C1,47,45,0.44940476190476186,0.5,0.05059523809523814
STAGE18S_SUPPLEMENT,PhysioNetMI,P01-L1-LOW-CAL-OFFICIAL-R2:128_PER_CLASS,128,1,NEURAL,A4-C1-LONG-3P5S,C1,48,45,0.6926877470355731,0.6264822134387352,-0.0662055335968379
STAGE18S_SUPPLEMENT,PhysioNetMI,P01-L1-LOW-CAL-OFFICIAL-R2:128_PER_CLASS,128,1,NEURAL,A4-C1-LONG-3P5S,C1,57,45,0.5416666666666666,0.5416666666666666,0.0
STAGE18S_SUPPLEMENT,PhysioNetMI,P01-L1-LOW-CAL-OFFICIAL-R2:128_PER_CLASS,128,1,NEURAL,A4-C1-LONG-3P5S,C1,6,45,0.5446428571428572,0.5505952380952381,0.005952380952380931
STAGE18S_SUPPLEMENT,PhysioNetMI,P01-L1-LOW-CAL-OFFICIAL-R2:128_PER_CLASS,128,1,NEURAL,A4-C1-LONG-3P5S,C1,71,45,0.5958498023715415,0.7094861660079052,0.11363636363636365
STAGE18S_SUPPLEMENT,PhysioNetMI,P01-L1-LOW-CAL-OFFICIAL-R2:128_PER_CLASS,128,1,NEURAL,A4-C1-LONG-3P5S,C1,93,45,0.7598814229249011,0.8191699604743083,0.059288537549407216
STAGE18S_SUPPLEMENT,PhysioNetMI,P01-L1-LOW-CAL-OFFICIAL-R2:128_PER_CLASS,128,1,NEURAL,A4-C1-LONG-3P5S,C1,98,45,0.6432806324110671,0.5958498023715415,-0.04743083003952564
STAGE18S_SUPPLEMENT,PhysioNetMI,P01-L1-LOW-CAL-OFFICIAL-R2:128_PER_CLASS,128,2,NEURAL,A4-C1-LONG-3P5S,C1,107,45,0.29166666666666663,0.44642857142857145,0.15476190476190482
STAGE18S_SUPPLEMENT,PhysioNetMI,P01-L1-LOW-CAL-OFFICIAL-R2:128_PER_CLASS,128,2,NEURAL,A4-C1-LONG-3P5S,C1,27,45,0.4990118577075099,0.5405138339920948,0.04150197628458496
STAGE18S_SUPPLEMENT,PhysioNetMI,P01-L1-LOW-CAL-OFFICIAL-R2:128_PER_CLASS,128,2,NEURAL,A4-C1-LONG-3P5S,C1,39,45,0.5642292490118577,0.6225296442687747,0.05830039525691699
STAGE18S_SUPPLEMENT,PhysioNetMI,P01-L1-LOW-CAL-OFFICIAL-R2:128_PER_CLASS,128,2,NEURAL,A4-C1-LONG-3P5S,C1,40,45,0.46130952380952384,0.5565476190476191,0.09523809523809523
STAGE18S_SUPPLEMENT,PhysioNetMI,P01-L1-LOW-CAL-OFFICIAL-R2:128_PER_CLASS,128,2,NEURAL,A4-C1-LONG-3P5S,C1,47,45,0.37202380952380953,0.5386904761904762,0.16666666666666663
STAGE18S_SUPPLEMENT,PhysioNetMI,P01-L1-LOW-CAL-OFFICIAL-R2:128_PER_CLASS,128,2,NEURAL,A4-C1-LONG-3P5S,C1,48,45,0.7322134387351779,0.6175889328063241,-0.11462450592885376
STAGE18S_SUPPLEMENT,PhysioNetMI,P01-L1-LOW-CAL-OFFICIAL-R2:128_PER_CLASS,128,2,NEURAL,A4-C1-LONG-3P5S,C1,57,45,0.5,0.46726190476190477,-0.03273809523809523
STAGE18S_SUPPLEMENT,PhysioNetMI,P01-L1-LOW-CAL-OFFICIAL-R2:128_PER_CLASS,128,2,NEURAL,A4-C1-LONG-3P5S,C1,6,45,0.4970238095238095,0.5029761904761905,0.005952380952380987
STAGE18S_SUPPLEMENT,PhysioNetMI,P01-L1-LOW-CAL-OFFICIAL-R2:128_PER_CLASS,128,2,NEURAL,A4-C1-LONG-3P5S,C1,71,45,0.575098814229249,0.4614624505928854,-0.11363636363636365
STAGE18S_SUPPLEMENT,PhysioNetMI,P01-L1-LOW-CAL-OFFICIAL-R2:128_PER_CLASS,128,2,NEURAL,A4-C1-LONG-3P5S,C1,93,45,0.650197628458498,0.6007905138339921,-0.04940711462450598
STAGE18S_SUPPLEMENT,PhysioNetMI,P01-L1-LOW-CAL-OFFICIAL-R2:128_PER_CLASS,128,2,NEURAL,A4-C1-LONG-3P5S,C1,98,45,0.5148221343873518,0.46640316205533594,-0.048418972332015864
STAGE18S_SUPPLEMENT,PhysioNetMI,P01-L1-LOW-CAL-OFFICIAL-R2:16_PER_CLASS,16,0,NEURAL,A4-C1-LONG-3P5S,C1,107,45,0.4821428571428571,0.44642857142857145,-0.03571428571428564
STAGE18S_SUPPLEMENT,PhysioNetMI,P01-L1-LOW-CAL-OFFICIAL-R2:16_PER_CLASS,16,0,NEURAL,A4-C1-LONG-3P5S,C1,27,45,0.6620553359683794,0.4980237154150198,-0.16403162055335962
STAGE18S_SUPPLEMENT,PhysioNetMI,P01-L1-LOW-CAL-OFFICIAL-R2:16_PER_CLASS,16,0,NEURAL,A4-C1-LONG-3P5S,C1,39,45,0.4762845849802371,0.5405138339920948,0.06422924901185773
STAGE18S_SUPPLEMENT,PhysioNetMI,P01-L1-LOW-CAL-OFFICIAL-R2:16_PER_CLASS,16,0,NEURAL,A4-C1-LONG-3P5S,C1,40,45,0.4970238095238095,0.4226190476190476,-0.07440476190476186
STAGE18S_SUPPLEMENT,PhysioNetMI,P01-L1-LOW-CAL-OFFICIAL-R2:16_PER_CLASS,16,0,NEURAL,A4-C1-LONG-3P5S,C1,47,45,0.5,0.5,0.0
STAGE18S_SUPPLEMENT,PhysioNetMI,P01-L1-LOW-CAL-OFFICIAL-R2:16_PER_CLASS,16,0,NEURAL,A4-C1-LONG-3P5S,C1,48,45,0.5,0.45849802371541504,-0.04150197628458496
STAGE18S_SUPPLEMENT,PhysioNetMI,P01-L1-LOW-CAL-OFFICIAL-R2:16_PER_CLASS,16,0,NEURAL,A4-C1-LONG-3P5S,C1,57,45,0.5803571428571428,0.5416666666666666,-0.038690476190476164
STAGE18S_SUPPLEMENT,PhysioNetMI,P01-L1-LOW-CAL-OFFICIAL-R2:16_PER_CLASS,16,0,NEURAL,A4-C1-LONG-3P5S,C1,6,45,0.5476190476190477,0.4136904761904762,-0.13392857142857145
STAGE18S_SUPPLEMENT,PhysioNetMI,P01-L1-LOW-CAL-OFFICIAL-R2:16_PER_CLASS,16,0,NEURAL,A4-C1-LONG-3P5S,C1,71,45,0.4772727272727273,0.5780632411067194,0.10079051383399207
STAGE18S_SUPPLEMENT,PhysioNetMI,P01-L1-LOW-CAL-OFFICIAL-R2:16_PER_CLASS,16,0,NEURAL,A4-C1-LONG-3P5S,C1,93,45,0.5909090909090909,0.5009881422924901,-0.08992094861660083
STAGE18S_SUPPLEMENT,PhysioNetMI,P01-L1-LOW-CAL-OFFICIAL-R2:16_PER_CLASS,16,0,NEURAL,A4-C1-LONG-3P5S,C1,98,45,0.5227272727272727,0.5464426877470356,0.02371541501976293
STAGE18S_SUPPLEMENT,PhysioNetMI,P01-L1-LOW-CAL-OFFICIAL-R2:1_PER_CLASS,1,1,NEURAL,A4-C1-LONG-3P5S,C1,107,45,0.5386904761904762,0.5,-0.038690476190476164
STAGE18S_SUPPLEMENT,PhysioNetMI,P01-L1-LOW-CAL-OFFICIAL-R2:1_PER_CLASS,1,1,NEURAL,A4-C1-LONG-3P5S,C1,27,45,0.5602766798418972,0.5,-0.06027667984189722
STAGE18S_SUPPLEMENT,PhysioNetMI,P01-L1-LOW-CAL-OFFICIAL-R2:1_PER_CLASS,1,1,NEURAL,A4-C1-LONG-3P5S,C1,39,45,0.45256916996047436,0.4782608695652174,0.025691699604743046
STAGE18S_SUPPLEMENT,PhysioNetMI,P01-L1-LOW-CAL-OFFICIAL-R2:1_PER_CLASS,1,1,NEURAL,A4-C1-LONG-3P5S,C1,40,45,0.5357142857142857,0.5,-0.0357142857142857
STAGE18S_SUPPLEMENT,PhysioNetMI,P01-L1-LOW-CAL-OFFICIAL-R2:1_PER_CLASS,1,1,NEURAL,A4-C1-LONG-3P5S,C1,47,45,0.5416666666666666,0.5,-0.04166666666666663
STAGE18S_SUPPLEMENT,PhysioNetMI,P01-L1-LOW-CAL-OFFICIAL-R2:1_PER_CLASS,1,1,NEURAL,A4-C1-LONG-3P5S,C1,48,45,0.37450592885375494,0.4614624505928854,0.08695652173913043
STAGE18S_SUPPLEMENT,PhysioNetMI,P01-L1-LOW-CAL-OFFICIAL-R2:1_PER_CLASS,1,1,NEURAL,A4-C1-LONG-3P5S,C1,57,45,0.4880952380952381,0.5,0.011904761904761918
STAGE18S_SUPPLEMENT,PhysioNetMI,P01-L1-LOW-CAL-OFFICIAL-R2:1_PER_CLASS,1,1,NEURAL,A4-C1-LONG-3P5S,C1,6,45,0.46428571428571425,0.5,0.035714285714285754
STAGE18S_SUPPLEMENT,PhysioNetMI,P01-L1-LOW-CAL-OFFICIAL-R2:1_PER_CLASS,1,1,NEURAL,A4-C1-LONG-3P5S,C1,71,45,0.43873517786561267,0.5,0.06126482213438733
STAGE18S_SUPPLEMENT,PhysioNetMI,P01-L1-LOW-CAL-OFFICIAL-R2:1_PER_CLASS,1,1,NEURAL,A4-C1-LONG-3P5S,C1,93,45,0.5849802371541502,0.5,-0.08498023715415015
STAGE18S_SUPPLEMENT,PhysioNetMI,P01-L1-LOW-CAL-OFFICIAL-R2:1_PER_CLASS,1,1,NEURAL,A4-C1-LONG-3P5S,C1,98,45,0.4496047430830039,0.5,0.05039525691699609
STAGE18S_SUPPLEMENT,PhysioNetMI,P01-L1-LOW-CAL-OFFICIAL-R2:1_PER_CLASS,1,2,NEURAL,A4-C1-LONG-3P5S,C1,107,45,0.4464285714285714,0.375,-0.0714285714285714
STAGE18S_SUPPLEMENT,PhysioNetMI,P01-L1-LOW-CAL-OFFICIAL-R2:1_PER_CLASS,1,2,NEURAL,A4-C1-LONG-3P5S,C1,27,45,0.6393280632411067,0.5494071146245059,-0.08992094861660083
STAGE18S_SUPPLEMENT,PhysioNetMI,P01-L1-LOW-CAL-OFFICIAL-R2:1_PER_CLASS,1,2,NEURAL,A4-C1-LONG-3P5S,C1,39,45,0.4278656126482213,0.43675889328063244,0.008893280632411127
STAGE18S_SUPPLEMENT,PhysioNetMI,P01-L1-LOW-CAL-OFFICIAL-R2:1_PER_CLASS,1,2,NEURAL,A4-C1-LONG-3P5S,C1,40,45,0.4523809523809524,0.5,0.047619047619047616
STAGE18S_SUPPLEMENT,PhysioNetMI,P01-L1-LOW-CAL-OFFICIAL-R2:1_PER_CLASS,1,2,NEURAL,A4-C1-LONG-3P5S,C1,47,45,0.5,0.5,0.0
STAGE18S_SUPPLEMENT,PhysioNetMI,P01-L1-LOW-CAL-OFFICIAL-R2:1_PER_CLASS,1,2,NEURAL,A4-C1-LONG-3P5S,C1,48,45,0.5227272727272727,0.5059288537549407,-0.01679841897233203
STAGE18S_SUPPLEMENT,PhysioNetMI,P01-L1-LOW-CAL-OFFICIAL-R2:1_PER_CLASS,1,2,NEURAL,A4-C1-LONG-3P5S,C1,57,45,0.4553571428571429,0.4375,-0.017857142857142905
STAGE18S_SUPPLEMENT,PhysioNetMI,P01-L1-LOW-CAL-OFFICIAL-R2:1_PER_CLASS,1,2,NEURAL,A4-C1-LONG-3P5S,C1,6,45,0.4732142857142857,0.4791666666666667,0.005952380952380987
STAGE18S_SUPPLEMENT,PhysioNetMI,P01-L1-LOW-CAL-OFFICIAL-R2:1_PER_CLASS,1,2,NEURAL,A4-C1-LONG-3P5S,C1,71,45,0.47035573122529645,0.5217391304347826,0.05138339920948615
STAGE18S_SUPPLEMENT,PhysioNetMI,P01-L1-LOW-CAL-OFFICIAL-R2:1_PER_CLASS,1,2,NEURAL,A4-C1-LONG-3P5S,C1,93,45,0.5,0.5,0.0
STAGE18S_SUPPLEMENT,PhysioNetMI,P01-L1-LOW-CAL-OFFICIAL-R2:1_PER_CLASS,1,2,NEURAL,A4-C1-LONG-3P5S,C1,98,45,0.5,0.5,0.0
STAGE18S_SUPPLEMENT,PhysioNetMI,P01-L1-LOW-CAL-OFFICIAL-R2:256_PER_CLASS,256,0,NEURAL,A4-C1-LONG-3P5S,C1,107,45,0.46130952380952384,0.5267857142857143,0.06547619047619047
STAGE18S_SUPPLEMENT,PhysioNetMI,P01-L1-LOW-CAL-OFFICIAL-R2:256_PER_CLASS,256,0,NEURAL,A4-C1-LONG-3P5S,C1,27,45,0.4051383399209486,0.5375494071146245,0.1324110671936759
STAGE18S_SUPPLEMENT,PhysioNetMI,P01-L1-LOW-CAL-OFFICIAL-R2:256_PER_CLASS,256,0,NEURAL,A4-C1-LONG-3P5S,C1,39,45,0.5138339920948617,0.5988142292490118,0.08498023715415015
STAGE18S_SUPPLEMENT,PhysioNetMI,P01-L1-LOW-CAL-OFFICIAL-R2:256_PER_CLASS,256,0,NEURAL,A4-C1-LONG-3P5S,C1,40,45,0.5595238095238095,0.5178571428571429,-0.04166666666666663
STAGE18S_SUPPLEMENT,PhysioNetMI,P01-L1-LOW-CAL-OFFICIAL-R2:256_PER_CLASS,256,0,NEURAL,A4-C1-LONG-3P5S,C1,47,45,0.5,0.5625,0.0625
STAGE18S_SUPPLEMENT,PhysioNetMI,P01-L1-LOW-CAL-OFFICIAL-R2:256_PER_CLASS,256,0,NEURAL,A4-C1-LONG-3P5S,C1,48,45,0.6946640316205533,0.6304347826086957,-0.06422924901185767
STAGE18S_SUPPLEMENT,PhysioNetMI,P01-L1-LOW-CAL-OFFICIAL-R2:256_PER_CLASS,256,0,NEURAL,A4-C1-LONG-3P5S,C1,57,45,0.6607142857142857,0.5208333333333334,-0.13988095238095233
STAGE18S_SUPPLEMENT,PhysioNetMI,P01-L1-LOW-CAL-OFFICIAL-R2:256_PER_CLASS,256,0,NEURAL,A4-C1-LONG-3P5S,C1,6,45,0.5089285714285714,0.6190476190476191,0.11011904761904767
STAGE18S_SUPPLEMENT,PhysioNetMI,P01-L1-LOW-CAL-OFFICIAL-R2:256_PER_CLASS,256,0,NEURAL,A4-C1-LONG-3P5S,C1,71,45,0.691699604743083,0.8458498023715415,0.1541501976284585
STAGE18S_SUPPLEMENT,PhysioNetMI,P01-L1-LOW-CAL-OFFICIAL-R2:256_PER_CLASS,256,0,NEURAL,A4-C1-LONG-3P5S,C1,93,45,0.6936758893280632,0.7361660079051384,0.04249011857707519
STAGE18S_SUPPLEMENT,PhysioNetMI,P01-L1-LOW-CAL-OFFICIAL-R2:256_PER_CLASS,256,0,NEURAL,A4-C1-LONG-3P5S,C1,98,45,0.5138339920948617,0.5553359683794465,0.04150197628458485
STAGE18S_SUPPLEMENT,PhysioNetMI,P01-L1-LOW-CAL-OFFICIAL-R2:256_PER_CLASS,256,1,NEURAL,A4-C1-LONG-3P5S,C1,107,45,0.5,0.6488095238095238,0.14880952380952384
STAGE18S_SUPPLEMENT,PhysioNetMI,P01-L1-LOW-CAL-OFFICIAL-R2:256_PER_CLASS,256,1,NEURAL,A4-C1-LONG-3P5S,C1,27,45,0.5800395256916996,0.5563241106719368,-0.02371541501976282
STAGE18S_SUPPLEMENT,PhysioNetMI,P01-L1-LOW-CAL-OFFICIAL-R2:256_PER_CLASS,256,1,NEURAL,A4-C1-LONG-3P5S,C1,39,45,0.6847826086956521,0.5830039525691699,-0.10177865612648218
STAGE18S_SUPPLEMENT,PhysioNetMI,P01-L1-LOW-CAL-OFFICIAL-R2:256_PER_CLASS,256,1,NEURAL,A4-C1-LONG-3P5S,C1,40,45,0.5892857142857143,0.4970238095238095,-0.09226190476190482
STAGE18S_SUPPLEMENT,PhysioNetMI,P01-L1-LOW-CAL-OFFICIAL-R2:256_PER_CLASS,256,1,NEURAL,A4-C1-LONG-3P5S,C1,47,45,0.5416666666666666,0.5,-0.04166666666666663
STAGE18S_SUPPLEMENT,PhysioNetMI,P01-L1-LOW-CAL-OFFICIAL-R2:256_PER_CLASS,256,1,NEURAL,A4-C1-LONG-3P5S,C1,48,45,0.7806324110671936,0.7519762845849802,-0.028656126482213384
STAGE18S_SUPPLEMENT,PhysioNetMI,P01-L1-LOW-CAL-OFFICIAL-R2:256_PER_CLASS,256,1,NEURAL,A4-C1-LONG-3P5S,C1,57,45,0.5982142857142857,0.5059523809523809,-0.09226190476190477
STAGE18S_SUPPLEMENT,PhysioNetMI,P01-L1-LOW-CAL-OFFICIAL-R2:256_PER_CLASS,256,1,NEURAL,A4-C1-LONG-3P5S,C1,6,45,0.5148809523809523,0.6220238095238095,0.1071428571428572
STAGE18S_SUPPLEMENT,PhysioNetMI,P01-L1-LOW-CAL-OFFICIAL-R2:256_PER_CLASS,256,1,NEURAL,A4-C1-LONG-3P5S,C1,71,45,0.7796442687747036,0.8221343873517787,0.042490118577075076
STAGE18S_SUPPLEMENT,PhysioNetMI,P01-L1-LOW-CAL-OFFICIAL-R2:256_PER_CLASS,256,1,NEURAL,A4-C1-LONG-3P5S,C1,93,45,0.6511857707509882,0.7964426877470356,0.14525691699604748
STAGE18S_SUPPLEMENT,PhysioNetMI,P01-L1-LOW-CAL-OFFICIAL-R2:256_PER_CLASS,256,1,NEURAL,A4-C1-LONG-3P5S,C1,98,45,0.47430830039525695,0.5681818181818181,0.09387351778656117
STAGE18S_SUPPLEMENT,PhysioNetMI,P01-L1-LOW-CAL-OFFICIAL-R2:256_PER_CLASS,256,2,NEURAL,A4-C1-LONG-3P5S,C1,107,45,0.44047619047619047,0.5535714285714286,0.11309523809523814
STAGE18S_SUPPLEMENT,PhysioNetMI,P01-L1-LOW-CAL-OFFICIAL-R2:256_PER_CLASS,256,2,NEURAL,A4-C1-LONG-3P5S,C1,27,45,0.4950592885375494,0.5138339920948617,0.01877470355731231
STAGE18S_SUPPLEMENT,PhysioNetMI,P01-L1-LOW-CAL-OFFICIAL-R2:256_PER_CLASS,256,2,NEURAL,A4-C1-LONG-3P5S,C1,39,45,0.5148221343873518,0.5108695652173914,-0.0039525691699604515
STAGE18S_SUPPLEMENT,PhysioNetMI,P01-L1-LOW-CAL-OFFICIAL-R2:256_PER_CLASS,256,2,NEURAL,A4-C1-LONG-3P5S,C1,40,45,0.5208333333333333,0.47916666666666663,-0.04166666666666663
STAGE18S_SUPPLEMENT,PhysioNetMI,P01-L1-LOW-CAL-OFFICIAL-R2:256_PER_CLASS,256,2,NEURAL,A4-C1-LONG-3P5S,C1,47,45,0.5208333333333334,0.5,-0.02083333333333337
STAGE18S_SUPPLEMENT,PhysioNetMI,P01-L1-LOW-CAL-OFFICIAL-R2:256_PER_CLASS,256,2,NEURAL,A4-C1-LONG-3P5S,C1,48,45,0.6709486166007905,0.691699604743083,0.02075098814229248
STAGE18S_SUPPLEMENT,PhysioNetMI,P01-L1-LOW-CAL-OFFICIAL-R2:256_PER_CLASS,256,2,NEURAL,A4-C1-LONG-3P5S,C1,57,45,0.5416666666666666,0.5595238095238095,0.017857142857142905
STAGE18S_SUPPLEMENT,PhysioNetMI,P01-L1-LOW-CAL-OFFICIAL-R2:256_PER_CLASS,256,2,NEURAL,A4-C1-LONG-3P5S,C1,6,45,0.5208333333333333,0.625,0.10416666666666674
STAGE18S_SUPPLEMENT,PhysioNetMI,P01-L1-LOW-CAL-OFFICIAL-R2:256_PER_CLASS,256,2,NEURAL,A4-C1-LONG-3P5S,C1,71,45,0.7292490118577075,0.8231225296442688,0.09387351778656128
STAGE18S_SUPPLEMENT,PhysioNetMI,P01-L1-LOW-CAL-OFFICIAL-R2:256_PER_CLASS,256,2,NEURAL,A4-C1-LONG-3P5S,C1,93,45,0.7588932806324111,0.7519762845849802,-0.006916996047430901
STAGE18S_SUPPLEMENT,PhysioNetMI,P01-L1-LOW-CAL-OFFICIAL-R2:256_PER_CLASS,256,2,NEURAL,A4-C1-LONG-3P5S,C1,98,45,0.5375494071146245,0.525691699604743,-0.011857707509881465
STAGE18S_SUPPLEMENT,PhysioNetMI,P01-L1-LOW-CAL-OFFICIAL-R2:32_PER_CLASS,32,0,NEURAL,A4-C1-LONG-3P5S,C1,107,45,0.5029761904761905,0.5,-0.0029761904761904656
STAGE18S_SUPPLEMENT,PhysioNetMI,P01-L1-LOW-CAL-OFFICIAL-R2:32_PER_CLASS,32,0,NEURAL,A4-C1-LONG-3P5S,C1,27,45,0.44466403162055335,0.5,0.055335968379446654
STAGE18S_SUPPLEMENT,PhysioNetMI,P01-L1-LOW-CAL-OFFICIAL-R2:32_PER_CLASS,32,0,NEURAL,A4-C1-LONG-3P5S,C1,39,45,0.4762845849802371,0.5,0.023715415019762875
STAGE18S_SUPPLEMENT,PhysioNetMI,P01-L1-LOW-CAL-OFFICIAL-R2:32_PER_CLASS,32,0,NEURAL,A4-C1-LONG-3P5S,C1,40,45,0.4553571428571429,0.5,0.044642857142857095
STAGE18S_SUPPLEMENT,PhysioNetMI,P01-L1-LOW-CAL-OFFICIAL-R2:32_PER_CLASS,32,0,NEURAL,A4-C1-LONG-3P5S,C1,47,45,0.5386904761904762,0.5,-0.038690476190476164
STAGE18S_SUPPLEMENT,PhysioNetMI,P01-L1-LOW-CAL-OFFICIAL-R2:32_PER_CLASS,32,0,NEURAL,A4-C1-LONG-3P5S,C1,48,45,0.599802371541502,0.5355731225296443,-0.06422924901185767
STAGE18S_SUPPLEMENT,PhysioNetMI,P01-L1-LOW-CAL-OFFICIAL-R2:32_PER_CLASS,32,0,NEURAL,A4-C1-LONG-3P5S,C1,57,45,0.3601190476190476,0.5,0.13988095238095238
STAGE18S_SUPPLEMENT,PhysioNetMI,P01-L1-LOW-CAL-OFFICIAL-R2:32_PER_CLASS,32,0,NEURAL,A4-C1-LONG-3P5S,C1,6,45,0.5833333333333334,0.5,-0.08333333333333337
STAGE18S_SUPPLEMENT,PhysioNetMI,P01-L1-LOW-CAL-OFFICIAL-R2:32_PER_CLASS,32,0,NEURAL,A4-C1-LONG-3P5S,C1,71,45,0.5316205533596838,0.5,-0.031620553359683834
STAGE18S_SUPPLEMENT,PhysioNetMI,P01-L1-LOW-CAL-OFFICIAL-R2:32_PER_CLASS,32,0,NEURAL,A4-C1-LONG-3P5S,C1,93,45,0.6739130434782609,0.5,-0.17391304347826086
STAGE18S_SUPPLEMENT,PhysioNetMI,P01-L1-LOW-CAL-OFFICIAL-R2:32_PER_CLASS,32,0,NEURAL,A4-C1-LONG-3P5S,C1,98,45,0.5780632411067194,0.5,-0.07806324110671936
STAGE18S_SUPPLEMENT,PhysioNetMI,P01-L1-LOW-CAL-OFFICIAL-R2:4_PER_CLASS,4,0,NEURAL,A4-C1-LONG-3P5S,C1,107,45,0.5,0.5297619047619048,0.029761904761904767
STAGE18S_SUPPLEMENT,PhysioNetMI,P01-L1-LOW-CAL-OFFICIAL-R2:4_PER_CLASS,4,0,NEURAL,A4-C1-LONG-3P5S,C1,27,45,0.5721343873517787,0.49703557312252966,-0.07509881422924902
STAGE18S_SUPPLEMENT,PhysioNetMI,P01-L1-LOW-CAL-OFFICIAL-R2:4_PER_CLASS,4,0,NEURAL,A4-C1-LONG-3P5S,C1,39,45,0.49604743083003955,0.5434782608695652,0.04743083003952564
STAGE18S_SUPPLEMENT,PhysioNetMI,P01-L1-LOW-CAL-OFFICIAL-R2:4_PER_CLASS,4,0,NEURAL,A4-C1-LONG-3P5S,C1,40,45,0.4970238095238095,0.5178571428571429,0.020833333333333426
STAGE18S_SUPPLEMENT,PhysioNetMI,P01-L1-LOW-CAL-OFFICIAL-R2:4_PER_CLASS,4,0,NEURAL,A4-C1-LONG-3P5S,C1,47,45,0.5,0.5,0.0
STAGE18S_SUPPLEMENT,PhysioNetMI,P01-L1-LOW-CAL-OFFICIAL-R2:4_PER_CLASS,4,0,NEURAL,A4-C1-LONG-3P5S,C1,48,45,0.5,0.5,0.0
STAGE18S_SUPPLEMENT,PhysioNetMI,P01-L1-LOW-CAL-OFFICIAL-R2:4_PER_CLASS,4,0,NEURAL,A4-C1-LONG-3P5S,C1,57,45,0.4732142857142857,0.5386904761904762,0.06547619047619047
STAGE18S_SUPPLEMENT,PhysioNetMI,P01-L1-LOW-CAL-OFFICIAL-R2:4_PER_CLASS,4,0,NEURAL,A4-C1-LONG-3P5S,C1,6,45,0.41666666666666663,0.5119047619047619,0.09523809523809523
STAGE18S_SUPPLEMENT,PhysioNetMI,P01-L1-LOW-CAL-OFFICIAL-R2:4_PER_CLASS,4,0,NEURAL,A4-C1-LONG-3P5S,C1,71,45,0.4318181818181818,0.5059288537549407,0.07411067193675885
STAGE18S_SUPPLEMENT,PhysioNetMI,P01-L1-LOW-CAL-OFFICIAL-R2:4_PER_CLASS,4,0,NEURAL,A4-C1-LONG-3P5S,C1,93,45,0.5,0.5009881422924901,0.0009881422924901129
STAGE18S_SUPPLEMENT,PhysioNetMI,P01-L1-LOW-CAL-OFFICIAL-R2:4_PER_CLASS,4,0,NEURAL,A4-C1-LONG-3P5S,C1,98,45,0.5,0.591897233201581,0.09189723320158105
STAGE18S_SUPPLEMENT,PhysioNetMI,P01-L1-LOW-CAL-OFFICIAL-R2:64_PER_CLASS,64,0,NEURAL,A4-C1-LONG-3P5S,C1,107,45,0.5565476190476191,0.44047619047619047,-0.1160714285714286
STAGE18S_SUPPLEMENT,PhysioNetMI,P01-L1-LOW-CAL-OFFICIAL-R2:64_PER_CLASS,64,0,NEURAL,A4-C1-LONG-3P5S,C1,27,45,0.4061264822134387,0.6383399209486166,0.23221343873517786
STAGE18S_SUPPLEMENT,PhysioNetMI,P01-L1-LOW-CAL-OFFICIAL-R2:64_PER_CLASS,64,0,NEURAL,A4-C1-LONG-3P5S,C1,39,45,0.6264822134387352,0.5266798418972332,-0.09980237154150207
STAGE18S_SUPPLEMENT,PhysioNetMI,P01-L1-LOW-CAL-OFFICIAL-R2:64_PER_CLASS,64,0,NEURAL,A4-C1-LONG-3P5S,C1,40,45,0.46726190476190477,0.5982142857142857,0.13095238095238093
STAGE18S_SUPPLEMENT,PhysioNetMI,P01-L1-LOW-CAL-OFFICIAL-R2:64_PER_CLASS,64,0,NEURAL,A4-C1-LONG-3P5S,C1,47,45,0.48809523809523814,0.5,0.011904761904761862
STAGE18S_SUPPLEMENT,PhysioNetMI,P01-L1-LOW-CAL-OFFICIAL-R2:64_PER_CLASS,64,0,NEURAL,A4-C1-LONG-3P5S,C1,48,45,0.6215415019762847,0.5938735177865613,-0.027667984189723382
STAGE18S_SUPPLEMENT,PhysioNetMI,P01-L1-LOW-CAL-OFFICIAL-R2:64_PER_CLASS,64,0,NEURAL,A4-C1-LONG-3P5S,C1,57,45,0.5178571428571428,0.5148809523809523,-0.0029761904761904656
STAGE18S_SUPPLEMENT,PhysioNetMI,P01-L1-LOW-CAL-OFFICIAL-R2:64_PER_CLASS,64,0,NEURAL,A4-C1-LONG-3P5S,C1,6,45,0.5357142857142857,0.5595238095238095,0.023809523809523836
STAGE18S_SUPPLEMENT,PhysioNetMI,P01-L1-LOW-CAL-OFFICIAL-R2:64_PER_CLASS,64,0,NEURAL,A4-C1-LONG-3P5S,C1,71,45,0.48814229249011853,0.5207509881422925,0.03260869565217395
STAGE18S_SUPPLEMENT,PhysioNetMI,P01-L1-LOW-CAL-OFFICIAL-R2:64_PER_CLASS,64,0,NEURAL,A4-C1-LONG-3P5S,C1,93,45,0.45849802371541504,0.5009881422924901,0.042490118577075076
STAGE18S_SUPPLEMENT,PhysioNetMI,P01-L1-LOW-CAL-OFFICIAL-R2:64_PER_CLASS,64,0,NEURAL,A4-C1-LONG-3P5S,C1,98,45,0.46047430830039526,0.48814229249011853,0.02766798418972327
STAGE18S_SUPPLEMENT,PhysioNetMI,P01-L1-LOW-CAL-OFFICIAL-R2:64_PER_CLASS,64,1,NEURAL,A4-C1-LONG-3P5S,C1,107,45,0.5,0.6220238095238095,0.12202380952380953
STAGE18S_SUPPLEMENT,PhysioNetMI,P01-L1-LOW-CAL-OFFICIAL-R2:64_PER_CLASS,64,1,NEURAL,A4-C1-LONG-3P5S,C1,27,45,0.49604743083003955,0.5958498023715415,0.09980237154150196
STAGE18S_SUPPLEMENT,PhysioNetMI,P01-L1-LOW-CAL-OFFICIAL-R2:64_PER_CLASS,64,1,NEURAL,A4-C1-LONG-3P5S,C1,39,45,0.4940711462450593,0.48221343873517786,-0.011857707509881465
STAGE18S_SUPPLEMENT,PhysioNetMI,P01-L1-LOW-CAL-OFFICIAL-R2:64_PER_CLASS,64,1,NEURAL,A4-C1-LONG-3P5S,C1,40,45,0.4791666666666667,0.5327380952380952,0.05357142857142855
STAGE18S_SUPPLEMENT,PhysioNetMI,P01-L1-LOW-CAL-OFFICIAL-R2:64_PER_CLASS,64,1,NEURAL,A4-C1-LONG-3P5S,C1,47,45,0.47619047619047616,0.5476190476190477,0.07142857142857151
STAGE18S_SUPPLEMENT,PhysioNetMI,P01-L1-LOW-CAL-OFFICIAL-R2:64_PER_CLASS,64,1,NEURAL,A4-C1-LONG-3P5S,C1,48,45,0.6225296442687747,0.6442687747035574,0.021739130434782705
STAGE18S_SUPPLEMENT,PhysioNetMI,P01-L1-LOW-CAL-OFFICIAL-R2:64_PER_CLASS,64,1,NEURAL,A4-C1-LONG-3P5S,C1,57,45,0.44345238095238093,0.5297619047619048,0.08630952380952384
STAGE18S_SUPPLEMENT,PhysioNetMI,P01-L1-LOW-CAL-OFFICIAL-R2:64_PER_CLASS,64,1,NEURAL,A4-C1-LONG-3P5S,C1,6,45,0.38095238095238093,0.49702380952380953,0.1160714285714286
STAGE18S_SUPPLEMENT,PhysioNetMI,P01-L1-LOW-CAL-OFFICIAL-R2:64_PER_CLASS,64,1,NEURAL,A4-C1-LONG-3P5S,C1,71,45,0.6136363636363636,0.6274703557312253,0.013833992094861691
STAGE18S_SUPPLEMENT,PhysioNetMI,P01-L1-LOW-CAL-OFFICIAL-R2:64_PER_CLASS,64,1,NEURAL,A4-C1-LONG-3P5S,C1,93,45,0.5424901185770751,0.5691699604743083,0.02667984189723327
STAGE18S_SUPPLEMENT,PhysioNetMI,P01-L1-LOW-CAL-OFFICIAL-R2:64_PER_CLASS,64,1,NEURAL,A4-C1-LONG-3P5S,C1,98,45,0.5148221343873518,0.4160079051383399,-0.0988142292490119
STAGE18S_SUPPLEMENT,PhysioNetMI,P01-L1-LOW-CAL-OFFICIAL-R2:64_PER_CLASS,64,2,NEURAL,A4-C1-LONG-3P5S,C1,107,45,0.5297619047619048,0.44047619047619047,-0.0892857142857143
STAGE18S_SUPPLEMENT,PhysioNetMI,P01-L1-LOW-CAL-OFFICIAL-R2:64_PER_CLASS,64,2,NEURAL,A4-C1-LONG-3P5S,C1,27,45,0.4288537549407115,0.5355731225296443,0.1067193675889328
STAGE18S_SUPPLEMENT,PhysioNetMI,P01-L1-LOW-CAL-OFFICIAL-R2:64_PER_CLASS,64,2,NEURAL,A4-C1-LONG-3P5S,C1,39,45,0.4950592885375494,0.49308300395256915,-0.0019762845849802257
STAGE18S_SUPPLEMENT,PhysioNetMI,P01-L1-LOW-CAL-OFFICIAL-R2:64_PER_CLASS,64,2,NEURAL,A4-C1-LONG-3P5S,C1,40,45,0.4017857142857143,0.39285714285714285,-0.008928571428571452
STAGE18S_SUPPLEMENT,PhysioNetMI,P01-L1-LOW-CAL-OFFICIAL-R2:64_PER_CLASS,64,2,NEURAL,A4-C1-LONG-3P5S,C1,47,45,0.6101190476190476,0.5,-0.11011904761904756
STAGE18S_SUPPLEMENT,PhysioNetMI,P01-L1-LOW-CAL-OFFICIAL-R2:64_PER_CLASS,64,2,NEURAL,A4-C1-LONG-3P5S,C1,48,45,0.5810276679841897,0.4950592885375494,-0.08596837944664032
STAGE18S_SUPPLEMENT,PhysioNetMI,P01-L1-LOW-CAL-OFFICIAL-R2:64_PER_CLASS,64,2,NEURAL,A4-C1-LONG-3P5S,C1,57,45,0.5565476190476191,0.5982142857142857,0.04166666666666663
STAGE18S_SUPPLEMENT,PhysioNetMI,P01-L1-LOW-CAL-OFFICIAL-R2:64_PER_CLASS,64,2,NEURAL,A4-C1-LONG-3P5S,C1,6,45,0.4970238095238095,0.4553571428571429,-0.041666666666666574
STAGE18S_SUPPLEMENT,PhysioNetMI,P01-L1-LOW-CAL-OFFICIAL-R2:64_PER_CLASS,64,2,NEURAL,A4-C1-LONG-3P5S,C1,71,45,0.616600790513834,0.5098814229249011,-0.10671936758893286
STAGE18S_SUPPLEMENT,PhysioNetMI,P01-L1-LOW-CAL-OFFICIAL-R2:64_PER_CLASS,64,2,NEURAL,A4-C1-LONG-3P5S,C1,93,45,0.7154150197628458,0.5,-0.21541501976284583
STAGE18S_SUPPLEMENT,PhysioNetMI,P01-L1-LOW-CAL-OFFICIAL-R2:64_PER_CLASS,64,2,NEURAL,A4-C1-LONG-3P5S,C1,98,45,0.6264822134387352,0.5,-0.12648221343873522
STAGE18S_SUPPLEMENT,PhysioNetMI,P01-L1-LOW-CAL-OFFICIAL-R2:8_PER_CLASS,8,1,NEURAL,A4-C1-LONG-3P5S,C1,107,45,0.5,0.4642857142857143,-0.0357142857142857
STAGE18S_SUPPLEMENT,PhysioNetMI,P01-L1-LOW-CAL-OFFICIAL-R2:8_PER_CLASS,8,1,NEURAL,A4-C1-LONG-3P5S,C1,27,45,0.5,0.5296442687747036,0.029644268774703608
STAGE18S_SUPPLEMENT,PhysioNetMI,P01-L1-LOW-CAL-OFFICIAL-R2:8_PER_CLASS,8,1,NEURAL,A4-C1-LONG-3P5S,C1,39,45,0.5,0.45454545454545453,-0.04545454545454547
STAGE18S_SUPPLEMENT,PhysioNetMI,P01-L1-LOW-CAL-OFFICIAL-R2:8_PER_CLASS,8,1,NEURAL,A4-C1-LONG-3P5S,C1,40,45,0.5,0.5,0.0
STAGE18S_SUPPLEMENT,PhysioNetMI,P01-L1-LOW-CAL-OFFICIAL-R2:8_PER_CLASS,8,1,NEURAL,A4-C1-LONG-3P5S,C1,47,45,0.5,0.5,0.0
STAGE18S_SUPPLEMENT,PhysioNetMI,P01-L1-LOW-CAL-OFFICIAL-R2:8_PER_CLASS,8,1,NEURAL,A4-C1-LONG-3P5S,C1,48,45,0.5335968379446641,0.5,-0.03359683794466406
STAGE18S_SUPPLEMENT,PhysioNetMI,P01-L1-LOW-CAL-OFFICIAL-R2:8_PER_CLASS,8,1,NEURAL,A4-C1-LONG-3P5S,C1,57,45,0.5,0.5029761904761905,0.0029761904761904656
STAGE18S_SUPPLEMENT,PhysioNetMI,P01-L1-LOW-CAL-OFFICIAL-R2:8_PER_CLASS,8,1,NEURAL,A4-C1-LONG-3P5S,C1,6,45,0.5,0.5595238095238095,0.059523809523809534
STAGE18S_SUPPLEMENT,PhysioNetMI,P01-L1-LOW-CAL-OFFICIAL-R2:8_PER_CLASS,8,1,NEURAL,A4-C1-LONG-3P5S,C1,71,45,0.5,0.47035573122529645,-0.029644268774703553
STAGE18S_SUPPLEMENT,PhysioNetMI,P01-L1-LOW-CAL-OFFICIAL-R2:8_PER_CLASS,8,1,NEURAL,A4-C1-LONG-3P5S,C1,93,45,0.5,0.4782608695652174,-0.021739130434782594
STAGE18S_SUPPLEMENT,PhysioNetMI,P01-L1-LOW-CAL-OFFICIAL-R2:8_PER_CLASS,8,1,NEURAL,A4-C1-LONG-3P5S,C1,98,45,0.5,0.5454545454545454,0.045454545454545414
STAGE18S_SUPPLEMENT,PhysioNetMI,P01-L1-LOW-CAL-OFFICIAL-R2:8_PER_CLASS,8,2,NEURAL,A4-C1-LONG-3P5S,C1,107,45,0.4910714285714286,0.5,0.008928571428571397
STAGE18S_SUPPLEMENT,PhysioNetMI,P01-L1-LOW-CAL-OFFICIAL-R2:8_PER_CLASS,8,2,NEURAL,A4-C1-LONG-3P5S,C1,27,45,0.5335968379446641,0.5,-0.03359683794466406
STAGE18S_SUPPLEMENT,PhysioNetMI,P01-L1-LOW-CAL-OFFICIAL-R2:8_PER_CLASS,8,2,NEURAL,A4-C1-LONG-3P5S,C1,39,45,0.4288537549407115,0.5,0.07114624505928852
STAGE18S_SUPPLEMENT,PhysioNetMI,P01-L1-LOW-CAL-OFFICIAL-R2:8_PER_CLASS,8,2,NEURAL,A4-C1-LONG-3P5S,C1,40,45,0.47619047619047616,0.5,0.023809523809523836
STAGE18S_SUPPLEMENT,PhysioNetMI,P01-L1-LOW-CAL-OFFICIAL-R2:8_PER_CLASS,8,2,NEURAL,A4-C1-LONG-3P5S,C1,47,45,0.5,0.5,0.0
STAGE18S_SUPPLEMENT,PhysioNetMI,P01-L1-LOW-CAL-OFFICIAL-R2:8_PER_CLASS,8,2,NEURAL,A4-C1-LONG-3P5S,C1,48,45,0.5,0.5,0.0
STAGE18S_SUPPLEMENT,PhysioNetMI,P01-L1-LOW-CAL-OFFICIAL-R2:8_PER_CLASS,8,2,NEURAL,A4-C1-LONG-3P5S,C1,57,45,0.49404761904761907,0.5,0.005952380952380931
STAGE18S_SUPPLEMENT,PhysioNetMI,P01-L1-LOW-CAL-OFFICIAL-R2:8_PER_CLASS,8,2,NEURAL,A4-C1-LONG-3P5S,C1,6,45,0.4851190476190476,0.5,0.014880952380952384
STAGE18S_SUPPLEMENT,PhysioNetMI,P01-L1-LOW-CAL-OFFICIAL-R2:8_PER_CLASS,8,2,NEURAL,A4-C1-LONG-3P5S,C1,71,45,0.4505928853754941,0.5,0.04940711462450592
STAGE18S_SUPPLEMENT,PhysioNetMI,P01-L1-LOW-CAL-OFFICIAL-R2:8_PER_CLASS,8,2,NEURAL,A4-C1-LONG-3P5S,C1,93,45,0.5,0.5,0.0
STAGE18S_SUPPLEMENT,PhysioNetMI,P01-L1-LOW-CAL-OFFICIAL-R2:8_PER_CLASS,8,2,NEURAL,A4-C1-LONG-3P5S,C1,98,45,0.5,0.5,0.0
STAGE18S_SUPPLEMENT,PhysioNetMI,FULL_TRAIN,FULL,1,NEURAL,A4-C2-MULTI-HARD-VOTE,C2,107,45,0.6636904761904763,0.5357142857142857,-0.12797619047619058
STAGE18S_SUPPLEMENT,PhysioNetMI,FULL_TRAIN,FULL,1,NEURAL,A4-C2-MULTI-HARD-VOTE,C2,27,45,0.5810276679841897,0.6027667984189724,0.021739130434782705
STAGE18S_SUPPLEMENT,PhysioNetMI,FULL_TRAIN,FULL,1,NEURAL,A4-C2-MULTI-HARD-VOTE,C2,39,45,0.6007905138339921,0.5385375494071146,-0.062252964426877444
STAGE18S_SUPPLEMENT,PhysioNetMI,FULL_TRAIN,FULL,1,NEURAL,A4-C2-MULTI-HARD-VOTE,C2,40,45,0.5297619047619048,0.6369047619047619,0.1071428571428571
STAGE18S_SUPPLEMENT,PhysioNetMI,FULL_TRAIN,FULL,1,NEURAL,A4-C2-MULTI-HARD-VOTE,C2,47,45,0.5,0.6130952380952381,0.11309523809523814
STAGE18S_SUPPLEMENT,PhysioNetMI,FULL_TRAIN,FULL,1,NEURAL,A4-C2-MULTI-HARD-VOTE,C2,48,45,0.7381422924901186,0.8231225296442688,0.08498023715415015
STAGE18S_SUPPLEMENT,PhysioNetMI,FULL_TRAIN,FULL,1,NEURAL,A4-C2-MULTI-HARD-VOTE,C2,57,45,0.6130952380952381,0.6220238095238095,0.008928571428571397
STAGE18S_SUPPLEMENT,PhysioNetMI,FULL_TRAIN,FULL,1,NEURAL,A4-C2-MULTI-HARD-VOTE,C2,6,45,0.4880952380952381,0.5357142857142857,0.047619047619047616
STAGE18S_SUPPLEMENT,PhysioNetMI,FULL_TRAIN,FULL,1,NEURAL,A4-C2-MULTI-HARD-VOTE,C2,71,45,0.8478260869565217,0.8033596837944664,-0.0444664031620553
STAGE18S_SUPPLEMENT,PhysioNetMI,FULL_TRAIN,FULL,1,NEURAL,A4-C2-MULTI-HARD-VOTE,C2,93,45,0.8003952569169961,0.8468379446640316,0.04644268774703553
STAGE18S_SUPPLEMENT,PhysioNetMI,FULL_TRAIN,FULL,1,NEURAL,A4-C2-MULTI-HARD-VOTE,C2,98,45,0.5731225296442688,0.5316205533596838,-0.04150197628458496
STAGE18S_SUPPLEMENT,PhysioNetMI,FULL_TRAIN,FULL,2,NEURAL,A4-C2-MULTI-HARD-VOTE,C2,107,45,0.5625,0.5863095238095238,0.023809523809523836
STAGE18S_SUPPLEMENT,PhysioNetMI,FULL_TRAIN,FULL,2,NEURAL,A4-C2-MULTI-HARD-VOTE,C2,27,45,0.5158102766798419,0.6274703557312253,0.11166007905138342
STAGE18S_SUPPLEMENT,PhysioNetMI,FULL_TRAIN,FULL,2,NEURAL,A4-C2-MULTI-HARD-VOTE,C2,39,45,0.5563241106719368,0.6482213438735178,0.09189723320158105
STAGE18S_SUPPLEMENT,PhysioNetMI,FULL_TRAIN,FULL,2,NEURAL,A4-C2-MULTI-HARD-VOTE,C2,40,45,0.48214285714285715,0.6726190476190477,0.19047619047619052
STAGE18S_SUPPLEMENT,PhysioNetMI,FULL_TRAIN,FULL,2,NEURAL,A4-C2-MULTI-HARD-VOTE,C2,47,45,0.5297619047619048,0.5952380952380952,0.06547619047619047
STAGE18S_SUPPLEMENT,PhysioNetMI,FULL_TRAIN,FULL,2,NEURAL,A4-C2-MULTI-HARD-VOTE,C2,48,45,0.7608695652173914,0.8241106719367588,0.06324110671936745
STAGE18S_SUPPLEMENT,PhysioNetMI,FULL_TRAIN,FULL,2,NEURAL,A4-C2-MULTI-HARD-VOTE,C2,57,45,0.6666666666666666,0.6517857142857142,-0.014880952380952439
STAGE18S_SUPPLEMENT,PhysioNetMI,FULL_TRAIN,FULL,2,NEURAL,A4-C2-MULTI-HARD-VOTE,C2,6,45,0.48809523809523814,0.5982142857142857,0.11011904761904756
STAGE18S_SUPPLEMENT,PhysioNetMI,FULL_TRAIN,FULL,2,NEURAL,A4-C2-MULTI-HARD-VOTE,C2,71,45,0.7826086956521738,0.8468379446640316,0.06422924901185778
STAGE18S_SUPPLEMENT,PhysioNetMI,FULL_TRAIN,FULL,2,NEURAL,A4-C2-MULTI-HARD-VOTE,C2,93,45,0.8211462450592886,0.7806324110671936,-0.04051383399209496
STAGE18S_SUPPLEMENT,PhysioNetMI,FULL_TRAIN,FULL,2,NEURAL,A4-C2-MULTI-HARD-VOTE,C2,98,45,0.48320158102766797,0.48616600790513836,0.002964426877470394
STAGE18S_SUPPLEMENT,PhysioNetMI,P01-L1-LOW-CAL-OFFICIAL-R2:128_PER_CLASS,128,0,NEURAL,A4-C2-MULTI-HARD-VOTE,C2,107,45,0.43452380952380953,0.46130952380952384,0.0267857142857143
STAGE18S_SUPPLEMENT,PhysioNetMI,P01-L1-LOW-CAL-OFFICIAL-R2:128_PER_CLASS,128,0,NEURAL,A4-C2-MULTI-HARD-VOTE,C2,27,45,0.5177865612648221,0.4762845849802371,-0.04150197628458502
STAGE18S_SUPPLEMENT,PhysioNetMI,P01-L1-LOW-CAL-OFFICIAL-R2:128_PER_CLASS,128,0,NEURAL,A4-C2-MULTI-HARD-VOTE,C2,39,45,0.558300395256917,0.5810276679841897,0.022727272727272707
STAGE18S_SUPPLEMENT,PhysioNetMI,P01-L1-LOW-CAL-OFFICIAL-R2:128_PER_CLASS,128,0,NEURAL,A4-C2-MULTI-HARD-VOTE,C2,40,45,0.5476190476190476,0.7172619047619048,0.1696428571428572
STAGE18S_SUPPLEMENT,PhysioNetMI,P01-L1-LOW-CAL-OFFICIAL-R2:128_PER_CLASS,128,0,NEURAL,A4-C2-MULTI-HARD-VOTE,C2,47,45,0.5,0.5595238095238095,0.059523809523809534
STAGE18S_SUPPLEMENT,PhysioNetMI,P01-L1-LOW-CAL-OFFICIAL-R2:128_PER_CLASS,128,0,NEURAL,A4-C2-MULTI-HARD-VOTE,C2,48,45,0.6847826086956521,0.5760869565217391,-0.10869565217391297
STAGE18S_SUPPLEMENT,PhysioNetMI,P01-L1-LOW-CAL-OFFICIAL-R2:128_PER_CLASS,128,0,NEURAL,A4-C2-MULTI-HARD-VOTE,C2,57,45,0.5089285714285714,0.5416666666666666,0.03273809523809523
STAGE18S_SUPPLEMENT,PhysioNetMI,P01-L1-LOW-CAL-OFFICIAL-R2:128_PER_CLASS,128,0,NEURAL,A4-C2-MULTI-HARD-VOTE,C2,6,45,0.5238095238095237,0.5505952380952381,0.026785714285714413
STAGE18S_SUPPLEMENT,PhysioNetMI,P01-L1-LOW-CAL-OFFICIAL-R2:128_PER_CLASS,128,0,NEURAL,A4-C2-MULTI-HARD-VOTE,C2,71,45,0.6027667984189724,0.616600790513834,0.01383399209486158
STAGE18S_SUPPLEMENT,PhysioNetMI,P01-L1-LOW-CAL-OFFICIAL-R2:128_PER_CLASS,128,0,NEURAL,A4-C2-MULTI-HARD-VOTE,C2,93,45,0.841897233201581,0.7984189723320159,-0.04347826086956519
STAGE18S_SUPPLEMENT,PhysioNetMI,P01-L1-LOW-CAL-OFFICIAL-R2:128_PER_CLASS,128,0,NEURAL,A4-C2-MULTI-HARD-VOTE,C2,98,45,0.5108695652173914,0.5760869565217391,0.06521739130434778
STAGE18S_SUPPLEMENT,PhysioNetMI,P01-L1-LOW-CAL-OFFICIAL-R2:128_PER_CLASS,128,1,NEURAL,A4-C2-MULTI-HARD-VOTE,C2,107,45,0.49702380952380953,0.4375,-0.059523809523809534
STAGE18S_SUPPLEMENT,PhysioNetMI,P01-L1-LOW-CAL-OFFICIAL-R2:128_PER_CLASS,128,1,NEURAL,A4-C2-MULTI-HARD-VOTE,C2,27,45,0.5622529644268774,0.5375494071146245,-0.024703557312252933
STAGE18S_SUPPLEMENT,PhysioNetMI,P01-L1-LOW-CAL-OFFICIAL-R2:128_PER_CLASS,128,1,NEURAL,A4-C2-MULTI-HARD-VOTE,C2,39,45,0.5563241106719368,0.5395256916996047,-0.01679841897233203
STAGE18S_SUPPLEMENT,PhysioNetMI,P01-L1-LOW-CAL-OFFICIAL-R2:128_PER_CLASS,128,1,NEURAL,A4-C2-MULTI-HARD-VOTE,C2,40,45,0.43452380952380953,0.5684523809523809,0.1339285714285714
STAGE18S_SUPPLEMENT,PhysioNetMI,P01-L1-LOW-CAL-OFFICIAL-R2:128_PER_CLASS,128,1,NEURAL,A4-C2-MULTI-HARD-VOTE,C2,47,45,0.44940476190476186,0.5,0.05059523809523814
STAGE18S_SUPPLEMENT,PhysioNetMI,P01-L1-LOW-CAL-OFFICIAL-R2:128_PER_CLASS,128,1,NEURAL,A4-C2-MULTI-HARD-VOTE,C2,48,45,0.6926877470355731,0.6086956521739131,-0.08399209486166004
STAGE18S_SUPPLEMENT,PhysioNetMI,P01-L1-LOW-CAL-OFFICIAL-R2:128_PER_CLASS,128,1,NEURAL,A4-C2-MULTI-HARD-VOTE,C2,57,45,0.5416666666666666,0.4970238095238095,-0.04464285714285715
STAGE18S_SUPPLEMENT,PhysioNetMI,P01-L1-LOW-CAL-OFFICIAL-R2:128_PER_CLASS,128,1,NEURAL,A4-C2-MULTI-HARD-VOTE,C2,6,45,0.5446428571428572,0.4880952380952381,-0.056547619047619124
STAGE18S_SUPPLEMENT,PhysioNetMI,P01-L1-LOW-CAL-OFFICIAL-R2:128_PER_CLASS,128,1,NEURAL,A4-C2-MULTI-HARD-VOTE,C2,71,45,0.5958498023715415,0.5988142292490118,0.0029644268774703386
STAGE18S_SUPPLEMENT,PhysioNetMI,P01-L1-LOW-CAL-OFFICIAL-R2:128_PER_CLASS,128,1,NEURAL,A4-C2-MULTI-HARD-VOTE,C2,93,45,0.7598814229249011,0.683794466403162,-0.07608695652173914
STAGE18S_SUPPLEMENT,PhysioNetMI,P01-L1-LOW-CAL-OFFICIAL-R2:128_PER_CLASS,128,1,NEURAL,A4-C2-MULTI-HARD-VOTE,C2,98,45,0.6432806324110671,0.5721343873517787,-0.07114624505928846
STAGE18S_SUPPLEMENT,PhysioNetMI,P01-L1-LOW-CAL-OFFICIAL-R2:128_PER_CLASS,128,2,NEURAL,A4-C2-MULTI-HARD-VOTE,C2,107,45,0.29166666666666663,0.5029761904761905,0.21130952380952384
STAGE18S_SUPPLEMENT,PhysioNetMI,P01-L1-LOW-CAL-OFFICIAL-R2:128_PER_CLASS,128,2,NEURAL,A4-C2-MULTI-HARD-VOTE,C2,27,45,0.4990118577075099,0.516798418972332,0.017786561264822143
STAGE18S_SUPPLEMENT,PhysioNetMI,P01-L1-LOW-CAL-OFFICIAL-R2:128_PER_CLASS,128,2,NEURAL,A4-C2-MULTI-HARD-VOTE,C2,39,45,0.5642292490118577,0.6462450592885376,0.08201581027667992
STAGE18S_SUPPLEMENT,PhysioNetMI,P01-L1-LOW-CAL-OFFICIAL-R2:128_PER_CLASS,128,2,NEURAL,A4-C2-MULTI-HARD-VOTE,C2,40,45,0.46130952380952384,0.43452380952380953,-0.0267857142857143
STAGE18S_SUPPLEMENT,PhysioNetMI,P01-L1-LOW-CAL-OFFICIAL-R2:128_PER_CLASS,128,2,NEURAL,A4-C2-MULTI-HARD-VOTE,C2,47,45,0.37202380952380953,0.49702380952380953,0.125
STAGE18S_SUPPLEMENT,PhysioNetMI,P01-L1-LOW-CAL-OFFICIAL-R2:128_PER_CLASS,128,2,NEURAL,A4-C2-MULTI-HARD-VOTE,C2,48,45,0.7322134387351779,0.7351778656126482,0.0029644268774703386
STAGE18S_SUPPLEMENT,PhysioNetMI,P01-L1-LOW-CAL-OFFICIAL-R2:128_PER_CLASS,128,2,NEURAL,A4-C2-MULTI-HARD-VOTE,C2,57,45,0.5,0.5148809523809523,0.014880952380952328
STAGE18S_SUPPLEMENT,PhysioNetMI,P01-L1-LOW-CAL-OFFICIAL-R2:128_PER_CLASS,128,2,NEURAL,A4-C2-MULTI-HARD-VOTE,C2,6,45,0.4970238095238095,0.5238095238095238,0.026785714285714357
STAGE18S_SUPPLEMENT,PhysioNetMI,P01-L1-LOW-CAL-OFFICIAL-R2:128_PER_CLASS,128,2,NEURAL,A4-C2-MULTI-HARD-VOTE,C2,71,45,0.575098814229249,0.6175889328063241,0.042490118577075076
STAGE18S_SUPPLEMENT,PhysioNetMI,P01-L1-LOW-CAL-OFFICIAL-R2:128_PER_CLASS,128,2,NEURAL,A4-C2-MULTI-HARD-VOTE,C2,93,45,0.650197628458498,0.7312252964426877,0.0810276679841897
STAGE18S_SUPPLEMENT,PhysioNetMI,P01-L1-LOW-CAL-OFFICIAL-R2:128_PER_CLASS,128,2,NEURAL,A4-C2-MULTI-HARD-VOTE,C2,98,45,0.5148221343873518,0.49011857707509876,-0.024703557312253044
STAGE18S_SUPPLEMENT,PhysioNetMI,P01-L1-LOW-CAL-OFFICIAL-R2:16_PER_CLASS,16,0,NEURAL,A4-C2-MULTI-HARD-VOTE,C2,107,45,0.4821428571428571,0.47023809523809523,-0.011904761904761862
STAGE18S_SUPPLEMENT,PhysioNetMI,P01-L1-LOW-CAL-OFFICIAL-R2:16_PER_CLASS,16,0,NEURAL,A4-C2-MULTI-HARD-VOTE,C2,27,45,0.6620553359683794,0.5721343873517787,-0.08992094861660072
STAGE18S_SUPPLEMENT,PhysioNetMI,P01-L1-LOW-CAL-OFFICIAL-R2:16_PER_CLASS,16,0,NEURAL,A4-C2-MULTI-HARD-VOTE,C2,39,45,0.4762845849802371,0.5355731225296443,0.05928853754940716
STAGE18S_SUPPLEMENT,PhysioNetMI,P01-L1-LOW-CAL-OFFICIAL-R2:16_PER_CLASS,16,0,NEURAL,A4-C2-MULTI-HARD-VOTE,C2,40,45,0.4970238095238095,0.5416666666666666,0.04464285714285715
STAGE18S_SUPPLEMENT,PhysioNetMI,P01-L1-LOW-CAL-OFFICIAL-R2:16_PER_CLASS,16,0,NEURAL,A4-C2-MULTI-HARD-VOTE,C2,47,45,0.5,0.5,0.0
STAGE18S_SUPPLEMENT,PhysioNetMI,P01-L1-LOW-CAL-OFFICIAL-R2:16_PER_CLASS,16,0,NEURAL,A4-C2-MULTI-HARD-VOTE,C2,48,45,0.5,0.45652173913043476,-0.043478260869565244
STAGE18S_SUPPLEMENT,PhysioNetMI,P01-L1-LOW-CAL-OFFICIAL-R2:16_PER_CLASS,16,0,NEURAL,A4-C2-MULTI-HARD-VOTE,C2,57,45,0.5803571428571428,0.5476190476190477,-0.03273809523809512
STAGE18S_SUPPLEMENT,PhysioNetMI,P01-L1-LOW-CAL-OFFICIAL-R2:16_PER_CLASS,16,0,NEURAL,A4-C2-MULTI-HARD-VOTE,C2,6,45,0.5476190476190477,0.5,-0.04761904761904767
STAGE18S_SUPPLEMENT,PhysioNetMI,P01-L1-LOW-CAL-OFFICIAL-R2:16_PER_CLASS,16,0,NEURAL,A4-C2-MULTI-HARD-VOTE,C2,71,45,0.4772727272727273,0.5197628458498024,0.042490118577075076
STAGE18S_SUPPLEMENT,PhysioNetMI,P01-L1-LOW-CAL-OFFICIAL-R2:16_PER_CLASS,16,0,NEURAL,A4-C2-MULTI-HARD-VOTE,C2,93,45,0.5909090909090909,0.5909090909090909,0.0
STAGE18S_SUPPLEMENT,PhysioNetMI,P01-L1-LOW-CAL-OFFICIAL-R2:16_PER_CLASS,16,0,NEURAL,A4-C2-MULTI-HARD-VOTE,C2,98,45,0.5227272727272727,0.5247035573122529,0.0019762845849802257
STAGE18S_SUPPLEMENT,PhysioNetMI,P01-L1-LOW-CAL-OFFICIAL-R2:1_PER_CLASS,1,1,NEURAL,A4-C2-MULTI-HARD-VOTE,C2,107,45,0.5386904761904762,0.4375,-0.10119047619047616
STAGE18S_SUPPLEMENT,PhysioNetMI,P01-L1-LOW-CAL-OFFICIAL-R2:1_PER_CLASS,1,1,NEURAL,A4-C2-MULTI-HARD-VOTE,C2,27,45,0.5602766798418972,0.5839920948616601,0.02371541501976293
STAGE18S_SUPPLEMENT,PhysioNetMI,P01-L1-LOW-CAL-OFFICIAL-R2:1_PER_CLASS,1,1,NEURAL,A4-C2-MULTI-HARD-VOTE,C2,39,45,0.45256916996047436,0.5197628458498024,0.06719367588932801
STAGE18S_SUPPLEMENT,PhysioNetMI,P01-L1-LOW-CAL-OFFICIAL-R2:1_PER_CLASS,1,1,NEURAL,A4-C2-MULTI-HARD-VOTE,C2,40,45,0.5357142857142857,0.5416666666666666,0.005952380952380931
STAGE18S_SUPPLEMENT,PhysioNetMI,P01-L1-LOW-CAL-OFFICIAL-R2:1_PER_CLASS,1,1,NEURAL,A4-C2-MULTI-HARD-VOTE,C2,47,45,0.5416666666666666,0.5,-0.04166666666666663
STAGE18S_SUPPLEMENT,PhysioNetMI,P01-L1-LOW-CAL-OFFICIAL-R2:1_PER_CLASS,1,1,NEURAL,A4-C2-MULTI-HARD-VOTE,C2,48,45,0.37450592885375494,0.4782608695652174,0.10375494071146246
STAGE18S_SUPPLEMENT,PhysioNetMI,P01-L1-LOW-CAL-OFFICIAL-R2:1_PER_CLASS,1,1,NEURAL,A4-C2-MULTI-HARD-VOTE,C2,57,45,0.4880952380952381,0.5,0.011904761904761918
STAGE18S_SUPPLEMENT,PhysioNetMI,P01-L1-LOW-CAL-OFFICIAL-R2:1_PER_CLASS,1,1,NEURAL,A4-C2-MULTI-HARD-VOTE,C2,6,45,0.46428571428571425,0.47023809523809523,0.005952380952380987
STAGE18S_SUPPLEMENT,PhysioNetMI,P01-L1-LOW-CAL-OFFICIAL-R2:1_PER_CLASS,1,1,NEURAL,A4-C2-MULTI-HARD-VOTE,C2,71,45,0.43873517786561267,0.5326086956521738,0.09387351778656117
STAGE18S_SUPPLEMENT,PhysioNetMI,P01-L1-LOW-CAL-OFFICIAL-R2:1_PER_CLASS,1,1,NEURAL,A4-C2-MULTI-HARD-VOTE,C2,93,45,0.5849802371541502,0.5,-0.08498023715415015
STAGE18S_SUPPLEMENT,PhysioNetMI,P01-L1-LOW-CAL-OFFICIAL-R2:1_PER_CLASS,1,1,NEURAL,A4-C2-MULTI-HARD-VOTE,C2,98,45,0.4496047430830039,0.5,0.05039525691699609
STAGE18S_SUPPLEMENT,PhysioNetMI,P01-L1-LOW-CAL-OFFICIAL-R2:1_PER_CLASS,1,2,NEURAL,A4-C2-MULTI-HARD-VOTE,C2,107,45,0.4464285714285714,0.5059523809523809,0.059523809523809534
STAGE18S_SUPPLEMENT,PhysioNetMI,P01-L1-LOW-CAL-OFFICIAL-R2:1_PER_CLASS,1,2,NEURAL,A4-C2-MULTI-HARD-VOTE,C2,27,45,0.6393280632411067,0.5464426877470356,-0.09288537549407105
STAGE18S_SUPPLEMENT,PhysioNetMI,P01-L1-LOW-CAL-OFFICIAL-R2:1_PER_CLASS,1,2,NEURAL,A4-C2-MULTI-HARD-VOTE,C2,39,45,0.4278656126482213,0.4624505928853755,0.03458498023715417
STAGE18S_SUPPLEMENT,PhysioNetMI,P01-L1-LOW-CAL-OFFICIAL-R2:1_PER_CLASS,1,2,NEURAL,A4-C2-MULTI-HARD-VOTE,C2,40,45,0.4523809523809524,0.5,0.047619047619047616
STAGE18S_SUPPLEMENT,PhysioNetMI,P01-L1-LOW-CAL-OFFICIAL-R2:1_PER_CLASS,1,2,NEURAL,A4-C2-MULTI-HARD-VOTE,C2,47,45,0.5,0.5,0.0
STAGE18S_SUPPLEMENT,PhysioNetMI,P01-L1-LOW-CAL-OFFICIAL-R2:1_PER_CLASS,1,2,NEURAL,A4-C2-MULTI-HARD-VOTE,C2,48,45,0.5227272727272727,0.5,-0.022727272727272707
STAGE18S_SUPPLEMENT,PhysioNetMI,P01-L1-LOW-CAL-OFFICIAL-R2:1_PER_CLASS,1,2,NEURAL,A4-C2-MULTI-HARD-VOTE,C2,57,45,0.4553571428571429,0.44047619047619047,-0.014880952380952439
STAGE18S_SUPPLEMENT,PhysioNetMI,P01-L1-LOW-CAL-OFFICIAL-R2:1_PER_CLASS,1,2,NEURAL,A4-C2-MULTI-HARD-VOTE,C2,6,45,0.4732142857142857,0.5,0.0267857142857143
STAGE18S_SUPPLEMENT,PhysioNetMI,P01-L1-LOW-CAL-OFFICIAL-R2:1_PER_CLASS,1,2,NEURAL,A4-C2-MULTI-HARD-VOTE,C2,71,45,0.47035573122529645,0.5217391304347826,0.05138339920948615
STAGE18S_SUPPLEMENT,PhysioNetMI,P01-L1-LOW-CAL-OFFICIAL-R2:1_PER_CLASS,1,2,NEURAL,A4-C2-MULTI-HARD-VOTE,C2,93,45,0.5,0.5,0.0
STAGE18S_SUPPLEMENT,PhysioNetMI,P01-L1-LOW-CAL-OFFICIAL-R2:1_PER_CLASS,1,2,NEURAL,A4-C2-MULTI-HARD-VOTE,C2,98,45,0.5,0.5,0.0
STAGE18S_SUPPLEMENT,PhysioNetMI,P01-L1-LOW-CAL-OFFICIAL-R2:256_PER_CLASS,256,0,NEURAL,A4-C2-MULTI-HARD-VOTE,C2,107,45,0.46130952380952384,0.6309523809523809,0.1696428571428571
STAGE18S_SUPPLEMENT,PhysioNetMI,P01-L1-LOW-CAL-OFFICIAL-R2:256_PER_CLASS,256,0,NEURAL,A4-C2-MULTI-HARD-VOTE,C2,27,45,0.4051383399209486,0.44762845849802374,0.04249011857707513
STAGE18S_SUPPLEMENT,PhysioNetMI,P01-L1-LOW-CAL-OFFICIAL-R2:256_PER_CLASS,256,0,NEURAL,A4-C2-MULTI-HARD-VOTE,C2,39,45,0.5138339920948617,0.46837944664031617,-0.045454545454545525
STAGE18S_SUPPLEMENT,PhysioNetMI,P01-L1-LOW-CAL-OFFICIAL-R2:256_PER_CLASS,256,0,NEURAL,A4-C2-MULTI-HARD-VOTE,C2,40,45,0.5595238095238095,0.5952380952380952,0.0357142857142857
STAGE18S_SUPPLEMENT,PhysioNetMI,P01-L1-LOW-CAL-OFFICIAL-R2:256_PER_CLASS,256,0,NEURAL,A4-C2-MULTI-HARD-VOTE,C2,47,45,0.5,0.5,0.0
STAGE18S_SUPPLEMENT,PhysioNetMI,P01-L1-LOW-CAL-OFFICIAL-R2:256_PER_CLASS,256,0,NEURAL,A4-C2-MULTI-HARD-VOTE,C2,48,45,0.6946640316205533,0.7341897233201581,0.03952569169960474
STAGE18S_SUPPLEMENT,PhysioNetMI,P01-L1-LOW-CAL-OFFICIAL-R2:256_PER_CLASS,256,0,NEURAL,A4-C2-MULTI-HARD-VOTE,C2,57,45,0.6607142857142857,0.5297619047619048,-0.13095238095238093
STAGE18S_SUPPLEMENT,PhysioNetMI,P01-L1-LOW-CAL-OFFICIAL-R2:256_PER_CLASS,256,0,NEURAL,A4-C2-MULTI-HARD-VOTE,C2,6,45,0.5089285714285714,0.47619047619047616,-0.03273809523809523
STAGE18S_SUPPLEMENT,PhysioNetMI,P01-L1-LOW-CAL-OFFICIAL-R2:256_PER_CLASS,256,0,NEURAL,A4-C2-MULTI-HARD-VOTE,C2,71,45,0.691699604743083,0.8043478260869565,0.11264822134387353
STAGE18S_SUPPLEMENT,PhysioNetMI,P01-L1-LOW-CAL-OFFICIAL-R2:256_PER_CLASS,256,0,NEURAL,A4-C2-MULTI-HARD-VOTE,C2,93,45,0.6936758893280632,0.7282608695652174,0.03458498023715417
STAGE18S_SUPPLEMENT,PhysioNetMI,P01-L1-LOW-CAL-OFFICIAL-R2:256_PER_CLASS,256,0,NEURAL,A4-C2-MULTI-HARD-VOTE,C2,98,45,0.5138339920948617,0.4841897233201581,-0.029644268774703608
STAGE18S_SUPPLEMENT,PhysioNetMI,P01-L1-LOW-CAL-OFFICIAL-R2:256_PER_CLASS,256,1,NEURAL,A4-C2-MULTI-HARD-VOTE,C2,107,45,0.5,0.5892857142857143,0.0892857142857143
STAGE18S_SUPPLEMENT,PhysioNetMI,P01-L1-LOW-CAL-OFFICIAL-R2:256_PER_CLASS,256,1,NEURAL,A4-C2-MULTI-HARD-VOTE,C2,27,45,0.5800395256916996,0.5810276679841897,0.0009881422924901129
STAGE18S_SUPPLEMENT,PhysioNetMI,P01-L1-LOW-CAL-OFFICIAL-R2:256_PER_CLASS,256,1,NEURAL,A4-C2-MULTI-HARD-VOTE,C2,39,45,0.6847826086956521,0.5800395256916996,-0.10474308300395252
STAGE18S_SUPPLEMENT,PhysioNetMI,P01-L1-LOW-CAL-OFFICIAL-R2:256_PER_CLASS,256,1,NEURAL,A4-C2-MULTI-HARD-VOTE,C2,40,45,0.5892857142857143,0.7678571428571428,0.1785714285714285
STAGE18S_SUPPLEMENT,PhysioNetMI,P01-L1-LOW-CAL-OFFICIAL-R2:256_PER_CLASS,256,1,NEURAL,A4-C2-MULTI-HARD-VOTE,C2,47,45,0.5416666666666666,0.5535714285714286,0.011904761904761973
STAGE18S_SUPPLEMENT,PhysioNetMI,P01-L1-LOW-CAL-OFFICIAL-R2:256_PER_CLASS,256,1,NEURAL,A4-C2-MULTI-HARD-VOTE,C2,48,45,0.7806324110671936,0.6492094861660079,-0.13142292490118568
STAGE18S_SUPPLEMENT,PhysioNetMI,P01-L1-LOW-CAL-OFFICIAL-R2:256_PER_CLASS,256,1,NEURAL,A4-C2-MULTI-HARD-VOTE,C2,57,45,0.5982142857142857,0.6160714285714286,0.017857142857142905
STAGE18S_SUPPLEMENT,PhysioNetMI,P01-L1-LOW-CAL-OFFICIAL-R2:256_PER_CLASS,256,1,NEURAL,A4-C2-MULTI-HARD-VOTE,C2,6,45,0.5148809523809523,0.5922619047619048,0.07738095238095244
STAGE18S_SUPPLEMENT,PhysioNetMI,P01-L1-LOW-CAL-OFFICIAL-R2:256_PER_CLASS,256,1,NEURAL,A4-C2-MULTI-HARD-VOTE,C2,71,45,0.7796442687747036,0.6867588932806324,-0.09288537549407117
STAGE18S_SUPPLEMENT,PhysioNetMI,P01-L1-LOW-CAL-OFFICIAL-R2:256_PER_CLASS,256,1,NEURAL,A4-C2-MULTI-HARD-VOTE,C2,93,45,0.6511857707509882,0.616600790513834,-0.03458498023715417
STAGE18S_SUPPLEMENT,PhysioNetMI,P01-L1-LOW-CAL-OFFICIAL-R2:256_PER_CLASS,256,1,NEURAL,A4-C2-MULTI-HARD-VOTE,C2,98,45,0.47430830039525695,0.4851778656126482,0.010869565217391242
STAGE18S_SUPPLEMENT,PhysioNetMI,P01-L1-LOW-CAL-OFFICIAL-R2:256_PER_CLASS,256,2,NEURAL,A4-C2-MULTI-HARD-VOTE,C2,107,45,0.44047619047619047,0.44345238095238093,0.0029761904761904656
STAGE18S_SUPPLEMENT,PhysioNetMI,P01-L1-LOW-CAL-OFFICIAL-R2:256_PER_CLASS,256,2,NEURAL,A4-C2-MULTI-HARD-VOTE,C2,27,45,0.4950592885375494,0.5810276679841897,0.08596837944664032
STAGE18S_SUPPLEMENT,PhysioNetMI,P01-L1-LOW-CAL-OFFICIAL-R2:256_PER_CLASS,256,2,NEURAL,A4-C2-MULTI-HARD-VOTE,C2,39,45,0.5148221343873518,0.5118577075098814,-0.0029644268774704496
STAGE18S_SUPPLEMENT,PhysioNetMI,P01-L1-LOW-CAL-OFFICIAL-R2:256_PER_CLASS,256,2,NEURAL,A4-C2-MULTI-HARD-VOTE,C2,40,45,0.5208333333333333,0.5863095238095238,0.06547619047619058
STAGE18S_SUPPLEMENT,PhysioNetMI,P01-L1-LOW-CAL-OFFICIAL-R2:256_PER_CLASS,256,2,NEURAL,A4-C2-MULTI-HARD-VOTE,C2,47,45,0.5208333333333334,0.5684523809523809,0.04761904761904756
STAGE18S_SUPPLEMENT,PhysioNetMI,P01-L1-LOW-CAL-OFFICIAL-R2:256_PER_CLASS,256,2,NEURAL,A4-C2-MULTI-HARD-VOTE,C2,48,45,0.6709486166007905,0.8241106719367588,0.15316205533596827
STAGE18S_SUPPLEMENT,PhysioNetMI,P01-L1-LOW-CAL-OFFICIAL-R2:256_PER_CLASS,256,2,NEURAL,A4-C2-MULTI-HARD-VOTE,C2,57,45,0.5416666666666666,0.4851190476190476,-0.05654761904761901
STAGE18S_SUPPLEMENT,PhysioNetMI,P01-L1-LOW-CAL-OFFICIAL-R2:256_PER_CLASS,256,2,NEURAL,A4-C2-MULTI-HARD-VOTE,C2,6,45,0.5208333333333333,0.47619047619047616,-0.044642857142857095
STAGE18S_SUPPLEMENT,PhysioNetMI,P01-L1-LOW-CAL-OFFICIAL-R2:256_PER_CLASS,256,2,NEURAL,A4-C2-MULTI-HARD-VOTE,C2,71,45,0.7292490118577075,0.8231225296442688,0.09387351778656128
STAGE18S_SUPPLEMENT,PhysioNetMI,P01-L1-LOW-CAL-OFFICIAL-R2:256_PER_CLASS,256,2,NEURAL,A4-C2-MULTI-HARD-VOTE,C2,93,45,0.7588932806324111,0.8438735177865613,0.08498023715415015
STAGE18S_SUPPLEMENT,PhysioNetMI,P01-L1-LOW-CAL-OFFICIAL-R2:256_PER_CLASS,256,2,NEURAL,A4-C2-MULTI-HARD-VOTE,C2,98,45,0.5375494071146245,0.5513833992094861,0.01383399209486158
STAGE18S_SUPPLEMENT,PhysioNetMI,P01-L1-LOW-CAL-OFFICIAL-R2:32_PER_CLASS,32,0,NEURAL,A4-C2-MULTI-HARD-VOTE,C2,107,45,0.5029761904761905,0.4285714285714286,-0.07440476190476186
STAGE18S_SUPPLEMENT,PhysioNetMI,P01-L1-LOW-CAL-OFFICIAL-R2:32_PER_CLASS,32,0,NEURAL,A4-C2-MULTI-HARD-VOTE,C2,27,45,0.44466403162055335,0.5306324110671937,0.08596837944664038
STAGE18S_SUPPLEMENT,PhysioNetMI,P01-L1-LOW-CAL-OFFICIAL-R2:32_PER_CLASS,32,0,NEURAL,A4-C2-MULTI-HARD-VOTE,C2,39,45,0.4762845849802371,0.38438735177865613,-0.091897233201581
STAGE18S_SUPPLEMENT,PhysioNetMI,P01-L1-LOW-CAL-OFFICIAL-R2:32_PER_CLASS,32,0,NEURAL,A4-C2-MULTI-HARD-VOTE,C2,40,45,0.4553571428571429,0.47619047619047616,0.02083333333333326
STAGE18S_SUPPLEMENT,PhysioNetMI,P01-L1-LOW-CAL-OFFICIAL-R2:32_PER_CLASS,32,0,NEURAL,A4-C2-MULTI-HARD-VOTE,C2,47,45,0.5386904761904762,0.5,-0.038690476190476164
STAGE18S_SUPPLEMENT,PhysioNetMI,P01-L1-LOW-CAL-OFFICIAL-R2:32_PER_CLASS,32,0,NEURAL,A4-C2-MULTI-HARD-VOTE,C2,48,45,0.599802371541502,0.4357707509881423,-0.16403162055335968
STAGE18S_SUPPLEMENT,PhysioNetMI,P01-L1-LOW-CAL-OFFICIAL-R2:32_PER_CLASS,32,0,NEURAL,A4-C2-MULTI-HARD-VOTE,C2,57,45,0.3601190476190476,0.5654761904761905,0.20535714285714285
STAGE18S_SUPPLEMENT,PhysioNetMI,P01-L1-LOW-CAL-OFFICIAL-R2:32_PER_CLASS,32,0,NEURAL,A4-C2-MULTI-HARD-VOTE,C2,6,45,0.5833333333333334,0.5,-0.08333333333333337
STAGE18S_SUPPLEMENT,PhysioNetMI,P01-L1-LOW-CAL-OFFICIAL-R2:32_PER_CLASS,32,0,NEURAL,A4-C2-MULTI-HARD-VOTE,C2,71,45,0.5316205533596838,0.5177865612648221,-0.013833992094861691
STAGE18S_SUPPLEMENT,PhysioNetMI,P01-L1-LOW-CAL-OFFICIAL-R2:32_PER_CLASS,32,0,NEURAL,A4-C2-MULTI-HARD-VOTE,C2,93,45,0.6739130434782609,0.5227272727272727,-0.15118577075098816
STAGE18S_SUPPLEMENT,PhysioNetMI,P01-L1-LOW-CAL-OFFICIAL-R2:32_PER_CLASS,32,0,NEURAL,A4-C2-MULTI-HARD-VOTE,C2,98,45,0.5780632411067194,0.5,-0.07806324110671936
STAGE18S_SUPPLEMENT,PhysioNetMI,P01-L1-LOW-CAL-OFFICIAL-R2:4_PER_CLASS,4,0,NEURAL,A4-C2-MULTI-HARD-VOTE,C2,107,45,0.5,0.5,0.0
STAGE18S_SUPPLEMENT,PhysioNetMI,P01-L1-LOW-CAL-OFFICIAL-R2:4_PER_CLASS,4,0,NEURAL,A4-C2-MULTI-HARD-VOTE,C2,27,45,0.5721343873517787,0.5,-0.07213438735177868
STAGE18S_SUPPLEMENT,PhysioNetMI,P01-L1-LOW-CAL-OFFICIAL-R2:4_PER_CLASS,4,0,NEURAL,A4-C2-MULTI-HARD-VOTE,C2,39,45,0.49604743083003955,0.47924901185770746,-0.016798418972332085
STAGE18S_SUPPLEMENT,PhysioNetMI,P01-L1-LOW-CAL-OFFICIAL-R2:4_PER_CLASS,4,0,NEURAL,A4-C2-MULTI-HARD-VOTE,C2,40,45,0.4970238095238095,0.5,0.002976190476190521
STAGE18S_SUPPLEMENT,PhysioNetMI,P01-L1-LOW-CAL-OFFICIAL-R2:4_PER_CLASS,4,0,NEURAL,A4-C2-MULTI-HARD-VOTE,C2,47,45,0.5,0.5,0.0
STAGE18S_SUPPLEMENT,PhysioNetMI,P01-L1-LOW-CAL-OFFICIAL-R2:4_PER_CLASS,4,0,NEURAL,A4-C2-MULTI-HARD-VOTE,C2,48,45,0.5,0.38636363636363635,-0.11363636363636365
STAGE18S_SUPPLEMENT,PhysioNetMI,P01-L1-LOW-CAL-OFFICIAL-R2:4_PER_CLASS,4,0,NEURAL,A4-C2-MULTI-HARD-VOTE,C2,57,45,0.4732142857142857,0.5,0.0267857142857143
STAGE18S_SUPPLEMENT,PhysioNetMI,P01-L1-LOW-CAL-OFFICIAL-R2:4_PER_CLASS,4,0,NEURAL,A4-C2-MULTI-HARD-VOTE,C2,6,45,0.41666666666666663,0.5,0.08333333333333337
STAGE18S_SUPPLEMENT,PhysioNetMI,P01-L1-LOW-CAL-OFFICIAL-R2:4_PER_CLASS,4,0,NEURAL,A4-C2-MULTI-HARD-VOTE,C2,71,45,0.4318181818181818,0.5,0.06818181818181818
STAGE18S_SUPPLEMENT,PhysioNetMI,P01-L1-LOW-CAL-OFFICIAL-R2:4_PER_CLASS,4,0,NEURAL,A4-C2-MULTI-HARD-VOTE,C2,93,45,0.5,0.5,0.0
STAGE18S_SUPPLEMENT,PhysioNetMI,P01-L1-LOW-CAL-OFFICIAL-R2:4_PER_CLASS,4,0,NEURAL,A4-C2-MULTI-HARD-VOTE,C2,98,45,0.5,0.5,0.0
STAGE18S_SUPPLEMENT,PhysioNetMI,P01-L1-LOW-CAL-OFFICIAL-R2:64_PER_CLASS,64,0,NEURAL,A4-C2-MULTI-HARD-VOTE,C2,107,45,0.5565476190476191,0.5,-0.05654761904761907
STAGE18S_SUPPLEMENT,PhysioNetMI,P01-L1-LOW-CAL-OFFICIAL-R2:64_PER_CLASS,64,0,NEURAL,A4-C2-MULTI-HARD-VOTE,C2,27,45,0.4061264822134387,0.5187747035573123,0.11264822134387353
STAGE18S_SUPPLEMENT,PhysioNetMI,P01-L1-LOW-CAL-OFFICIAL-R2:64_PER_CLASS,64,0,NEURAL,A4-C2-MULTI-HARD-VOTE,C2,39,45,0.6264822134387352,0.5187747035573123,-0.10770750988142297
STAGE18S_SUPPLEMENT,PhysioNetMI,P01-L1-LOW-CAL-OFFICIAL-R2:64_PER_CLASS,64,0,NEURAL,A4-C2-MULTI-HARD-VOTE,C2,40,45,0.46726190476190477,0.6220238095238095,0.15476190476190477
STAGE18S_SUPPLEMENT,PhysioNetMI,P01-L1-LOW-CAL-OFFICIAL-R2:64_PER_CLASS,64,0,NEURAL,A4-C2-MULTI-HARD-VOTE,C2,47,45,0.48809523809523814,0.5446428571428572,0.05654761904761907
STAGE18S_SUPPLEMENT,PhysioNetMI,P01-L1-LOW-CAL-OFFICIAL-R2:64_PER_CLASS,64,0,NEURAL,A4-C2-MULTI-HARD-VOTE,C2,48,45,0.6215415019762847,0.5513833992094861,-0.07015810276679857
STAGE18S_SUPPLEMENT,PhysioNetMI,P01-L1-LOW-CAL-OFFICIAL-R2:64_PER_CLASS,64,0,NEURAL,A4-C2-MULTI-HARD-VOTE,C2,57,45,0.5178571428571428,0.5625,0.044642857142857206
STAGE18S_SUPPLEMENT,PhysioNetMI,P01-L1-LOW-CAL-OFFICIAL-R2:64_PER_CLASS,64,0,NEURAL,A4-C2-MULTI-HARD-VOTE,C2,6,45,0.5357142857142857,0.5178571428571428,-0.017857142857142905
STAGE18S_SUPPLEMENT,PhysioNetMI,P01-L1-LOW-CAL-OFFICIAL-R2:64_PER_CLASS,64,0,NEURAL,A4-C2-MULTI-HARD-VOTE,C2,71,45,0.48814229249011853,0.5029644268774703,0.014822134387351804
STAGE18S_SUPPLEMENT,PhysioNetMI,P01-L1-LOW-CAL-OFFICIAL-R2:64_PER_CLASS,64,0,NEURAL,A4-C2-MULTI-HARD-VOTE,C2,93,45,0.45849802371541504,0.6452569169960474,0.18675889328063233
STAGE18S_SUPPLEMENT,PhysioNetMI,P01-L1-LOW-CAL-OFFICIAL-R2:64_PER_CLASS,64,0,NEURAL,A4-C2-MULTI-HARD-VOTE,C2,98,45,0.46047430830039526,0.6225296442687747,0.1620553359683794
STAGE18S_SUPPLEMENT,PhysioNetMI,P01-L1-LOW-CAL-OFFICIAL-R2:64_PER_CLASS,64,1,NEURAL,A4-C2-MULTI-HARD-VOTE,C2,107,45,0.5,0.41666666666666663,-0.08333333333333337
STAGE18S_SUPPLEMENT,PhysioNetMI,P01-L1-LOW-CAL-OFFICIAL-R2:64_PER_CLASS,64,1,NEURAL,A4-C2-MULTI-HARD-VOTE,C2,27,45,0.49604743083003955,0.37648221343873517,-0.11956521739130438
STAGE18S_SUPPLEMENT,PhysioNetMI,P01-L1-LOW-CAL-OFFICIAL-R2:64_PER_CLASS,64,1,NEURAL,A4-C2-MULTI-HARD-VOTE,C2,39,45,0.4940711462450593,0.424901185770751,-0.06916996047430835
STAGE18S_SUPPLEMENT,PhysioNetMI,P01-L1-LOW-CAL-OFFICIAL-R2:64_PER_CLASS,64,1,NEURAL,A4-C2-MULTI-HARD-VOTE,C2,40,45,0.4791666666666667,0.5267857142857143,0.047619047619047616
STAGE18S_SUPPLEMENT,PhysioNetMI,P01-L1-LOW-CAL-OFFICIAL-R2:64_PER_CLASS,64,1,NEURAL,A4-C2-MULTI-HARD-VOTE,C2,47,45,0.47619047619047616,0.6517857142857142,0.17559523809523803
STAGE18S_SUPPLEMENT,PhysioNetMI,P01-L1-LOW-CAL-OFFICIAL-R2:64_PER_CLASS,64,1,NEURAL,A4-C2-MULTI-HARD-VOTE,C2,48,45,0.6225296442687747,0.5760869565217391,-0.04644268774703553
STAGE18S_SUPPLEMENT,PhysioNetMI,P01-L1-LOW-CAL-OFFICIAL-R2:64_PER_CLASS,64,1,NEURAL,A4-C2-MULTI-HARD-VOTE,C2,57,45,0.44345238095238093,0.5,0.05654761904761907
STAGE18S_SUPPLEMENT,PhysioNetMI,P01-L1-LOW-CAL-OFFICIAL-R2:64_PER_CLASS,64,1,NEURAL,A4-C2-MULTI-HARD-VOTE,C2,6,45,0.38095238095238093,0.6607142857142857,0.27976190476190477
STAGE18S_SUPPLEMENT,PhysioNetMI,P01-L1-LOW-CAL-OFFICIAL-R2:64_PER_CLASS,64,1,NEURAL,A4-C2-MULTI-HARD-VOTE,C2,71,45,0.6136363636363636,0.5968379446640316,-0.01679841897233203
STAGE18S_SUPPLEMENT,PhysioNetMI,P01-L1-LOW-CAL-OFFICIAL-R2:64_PER_CLASS,64,1,NEURAL,A4-C2-MULTI-HARD-VOTE,C2,93,45,0.5424901185770751,0.6887351778656126,0.14624505928853748
STAGE18S_SUPPLEMENT,PhysioNetMI,P01-L1-LOW-CAL-OFFICIAL-R2:64_PER_CLASS,64,1,NEURAL,A4-C2-MULTI-HARD-VOTE,C2,98,45,0.5148221343873518,0.4644268774703557,-0.05039525691699609
STAGE18S_SUPPLEMENT,PhysioNetMI,P01-L1-LOW-CAL-OFFICIAL-R2:64_PER_CLASS,64,2,NEURAL,A4-C2-MULTI-HARD-VOTE,C2,107,45,0.5297619047619048,0.5267857142857143,-0.0029761904761904656
STAGE18S_SUPPLEMENT,PhysioNetMI,P01-L1-LOW-CAL-OFFICIAL-R2:64_PER_CLASS,64,2,NEURAL,A4-C2-MULTI-HARD-VOTE,C2,27,45,0.4288537549407115,0.4782608695652174,0.04940711462450592
STAGE18S_SUPPLEMENT,PhysioNetMI,P01-L1-LOW-CAL-OFFICIAL-R2:64_PER_CLASS,64,2,NEURAL,A4-C2-MULTI-HARD-VOTE,C2,39,45,0.4950592885375494,0.45750988142292487,-0.03754940711462451
STAGE18S_SUPPLEMENT,PhysioNetMI,P01-L1-LOW-CAL-OFFICIAL-R2:64_PER_CLASS,64,2,NEURAL,A4-C2-MULTI-HARD-VOTE,C2,40,45,0.4017857142857143,0.5,0.0982142857142857
STAGE18S_SUPPLEMENT,PhysioNetMI,P01-L1-LOW-CAL-OFFICIAL-R2:64_PER_CLASS,64,2,NEURAL,A4-C2-MULTI-HARD-VOTE,C2,47,45,0.6101190476190476,0.5,-0.11011904761904756
STAGE18S_SUPPLEMENT,PhysioNetMI,P01-L1-LOW-CAL-OFFICIAL-R2:64_PER_CLASS,64,2,NEURAL,A4-C2-MULTI-HARD-VOTE,C2,48,45,0.5810276679841897,0.4654150197628458,-0.11561264822134387
STAGE18S_SUPPLEMENT,PhysioNetMI,P01-L1-LOW-CAL-OFFICIAL-R2:64_PER_CLASS,64,2,NEURAL,A4-C2-MULTI-HARD-VOTE,C2,57,45,0.5565476190476191,0.4732142857142857,-0.08333333333333337
STAGE18S_SUPPLEMENT,PhysioNetMI,P01-L1-LOW-CAL-OFFICIAL-R2:64_PER_CLASS,64,2,NEURAL,A4-C2-MULTI-HARD-VOTE,C2,6,45,0.4970238095238095,0.5238095238095238,0.026785714285714357
STAGE18S_SUPPLEMENT,PhysioNetMI,P01-L1-LOW-CAL-OFFICIAL-R2:64_PER_CLASS,64,2,NEURAL,A4-C2-MULTI-HARD-VOTE,C2,71,45,0.616600790513834,0.5,-0.11660079051383399
STAGE18S_SUPPLEMENT,PhysioNetMI,P01-L1-LOW-CAL-OFFICIAL-R2:64_PER_CLASS,64,2,NEURAL,A4-C2-MULTI-HARD-VOTE,C2,93,45,0.7154150197628458,0.5,-0.21541501976284583
STAGE18S_SUPPLEMENT,PhysioNetMI,P01-L1-LOW-CAL-OFFICIAL-R2:64_PER_CLASS,64,2,NEURAL,A4-C2-MULTI-HARD-VOTE,C2,98,45,0.6264822134387352,0.5,-0.12648221343873522
STAGE18S_SUPPLEMENT,PhysioNetMI,P01-L1-LOW-CAL-OFFICIAL-R2:8_PER_CLASS,8,1,NEURAL,A4-C2-MULTI-HARD-VOTE,C2,107,45,0.5,0.5,0.0
STAGE18S_SUPPLEMENT,PhysioNetMI,P01-L1-LOW-CAL-OFFICIAL-R2:8_PER_CLASS,8,1,NEURAL,A4-C2-MULTI-HARD-VOTE,C2,27,45,0.5,0.5,0.0
STAGE18S_SUPPLEMENT,PhysioNetMI,P01-L1-LOW-CAL-OFFICIAL-R2:8_PER_CLASS,8,1,NEURAL,A4-C2-MULTI-HARD-VOTE,C2,39,45,0.5,0.5,0.0
STAGE18S_SUPPLEMENT,PhysioNetMI,P01-L1-LOW-CAL-OFFICIAL-R2:8_PER_CLASS,8,1,NEURAL,A4-C2-MULTI-HARD-VOTE,C2,40,45,0.5,0.5,0.0
STAGE18S_SUPPLEMENT,PhysioNetMI,P01-L1-LOW-CAL-OFFICIAL-R2:8_PER_CLASS,8,1,NEURAL,A4-C2-MULTI-HARD-VOTE,C2,47,45,0.5,0.5,0.0
STAGE18S_SUPPLEMENT,PhysioNetMI,P01-L1-LOW-CAL-OFFICIAL-R2:8_PER_CLASS,8,1,NEURAL,A4-C2-MULTI-HARD-VOTE,C2,48,45,0.5335968379446641,0.4762845849802371,-0.057312252964426935
STAGE18S_SUPPLEMENT,PhysioNetMI,P01-L1-LOW-CAL-OFFICIAL-R2:8_PER_CLASS,8,1,NEURAL,A4-C2-MULTI-HARD-VOTE,C2,57,45,0.5,0.5,0.0
STAGE18S_SUPPLEMENT,PhysioNetMI,P01-L1-LOW-CAL-OFFICIAL-R2:8_PER_CLASS,8,1,NEURAL,A4-C2-MULTI-HARD-VOTE,C2,6,45,0.5,0.5,0.0
STAGE18S_SUPPLEMENT,PhysioNetMI,P01-L1-LOW-CAL-OFFICIAL-R2:8_PER_CLASS,8,1,NEURAL,A4-C2-MULTI-HARD-VOTE,C2,71,45,0.5,0.5,0.0
STAGE18S_SUPPLEMENT,PhysioNetMI,P01-L1-LOW-CAL-OFFICIAL-R2:8_PER_CLASS,8,1,NEURAL,A4-C2-MULTI-HARD-VOTE,C2,93,45,0.5,0.5,0.0
STAGE18S_SUPPLEMENT,PhysioNetMI,P01-L1-LOW-CAL-OFFICIAL-R2:8_PER_CLASS,8,1,NEURAL,A4-C2-MULTI-HARD-VOTE,C2,98,45,0.5,0.5,0.0
STAGE18S_SUPPLEMENT,PhysioNetMI,P01-L1-LOW-CAL-OFFICIAL-R2:8_PER_CLASS,8,2,NEURAL,A4-C2-MULTI-HARD-VOTE,C2,107,45,0.4910714285714286,0.4732142857142857,-0.017857142857142905
STAGE18S_SUPPLEMENT,PhysioNetMI,P01-L1-LOW-CAL-OFFICIAL-R2:8_PER_CLASS,8,2,NEURAL,A4-C2-MULTI-HARD-VOTE,C2,27,45,0.5335968379446641,0.5800395256916996,0.04644268774703553
STAGE18S_SUPPLEMENT,PhysioNetMI,P01-L1-LOW-CAL-OFFICIAL-R2:8_PER_CLASS,8,2,NEURAL,A4-C2-MULTI-HARD-VOTE,C2,39,45,0.4288537549407115,0.4762845849802371,0.04743083003952564
STAGE18S_SUPPLEMENT,PhysioNetMI,P01-L1-LOW-CAL-OFFICIAL-R2:8_PER_CLASS,8,2,NEURAL,A4-C2-MULTI-HARD-VOTE,C2,40,45,0.47619047619047616,0.49107142857142855,0.014880952380952384
STAGE18S_SUPPLEMENT,PhysioNetMI,P01-L1-LOW-CAL-OFFICIAL-R2:8_PER_CLASS,8,2,NEURAL,A4-C2-MULTI-HARD-VOTE,C2,47,45,0.5,0.5,0.0
STAGE18S_SUPPLEMENT,PhysioNetMI,P01-L1-LOW-CAL-OFFICIAL-R2:8_PER_CLASS,8,2,NEURAL,A4-C2-MULTI-HARD-VOTE,C2,48,45,0.5,0.5,0.0
STAGE18S_SUPPLEMENT,PhysioNetMI,P01-L1-LOW-CAL-OFFICIAL-R2:8_PER_CLASS,8,2,NEURAL,A4-C2-MULTI-HARD-VOTE,C2,57,45,0.49404761904761907,0.48214285714285715,-0.011904761904761918
STAGE18S_SUPPLEMENT,PhysioNetMI,P01-L1-LOW-CAL-OFFICIAL-R2:8_PER_CLASS,8,2,NEURAL,A4-C2-MULTI-HARD-VOTE,C2,6,45,0.4851190476190476,0.5654761904761905,0.08035714285714285
STAGE18S_SUPPLEMENT,PhysioNetMI,P01-L1-LOW-CAL-OFFICIAL-R2:8_PER_CLASS,8,2,NEURAL,A4-C2-MULTI-HARD-VOTE,C2,71,45,0.4505928853754941,0.44762845849802374,-0.0029644268774703386
STAGE18S_SUPPLEMENT,PhysioNetMI,P01-L1-LOW-CAL-OFFICIAL-R2:8_PER_CLASS,8,2,NEURAL,A4-C2-MULTI-HARD-VOTE,C2,93,45,0.5,0.5237154150197628,0.02371541501976282
STAGE18S_SUPPLEMENT,PhysioNetMI,P01-L1-LOW-CAL-OFFICIAL-R2:8_PER_CLASS,8,2,NEURAL,A4-C2-MULTI-HARD-VOTE,C2,98,45,0.5,0.5009881422924901,0.0009881422924901129
STAGE18S_SUPPLEMENT,PhysioNetMI,FULL_TRAIN,FULL,1,NEURAL,A4-C3-MULTI-PROB-AVG,C3,107,45,0.6636904761904763,0.5208333333333333,-0.14285714285714302
STAGE18S_SUPPLEMENT,PhysioNetMI,FULL_TRAIN,FULL,1,NEURAL,A4-C3-MULTI-PROB-AVG,C3,27,45,0.5810276679841897,0.6235177865612648,0.042490118577075076
STAGE18S_SUPPLEMENT,PhysioNetMI,FULL_TRAIN,FULL,1,NEURAL,A4-C3-MULTI-PROB-AVG,C3,39,45,0.6007905138339921,0.516798418972332,-0.08399209486166004
STAGE18S_SUPPLEMENT,PhysioNetMI,FULL_TRAIN,FULL,1,NEURAL,A4-C3-MULTI-PROB-AVG,C3,40,45,0.5297619047619048,0.7291666666666666,0.19940476190476186
STAGE18S_SUPPLEMENT,PhysioNetMI,FULL_TRAIN,FULL,1,NEURAL,A4-C3-MULTI-PROB-AVG,C3,47,45,0.5,0.5982142857142857,0.0982142857142857
STAGE18S_SUPPLEMENT,PhysioNetMI,FULL_TRAIN,FULL,1,NEURAL,A4-C3-MULTI-PROB-AVG,C3,48,45,0.7381422924901186,0.8448616600790514,0.10671936758893275
STAGE18S_SUPPLEMENT,PhysioNetMI,FULL_TRAIN,FULL,1,NEURAL,A4-C3-MULTI-PROB-AVG,C3,57,45,0.6130952380952381,0.6666666666666666,0.05357142857142849
STAGE18S_SUPPLEMENT,PhysioNetMI,FULL_TRAIN,FULL,1,NEURAL,A4-C3-MULTI-PROB-AVG,C3,6,45,0.4880952380952381,0.5357142857142857,0.047619047619047616
STAGE18S_SUPPLEMENT,PhysioNetMI,FULL_TRAIN,FULL,1,NEURAL,A4-C3-MULTI-PROB-AVG,C3,71,45,0.8478260869565217,0.8695652173913043,0.021739130434782594
STAGE18S_SUPPLEMENT,PhysioNetMI,FULL_TRAIN,FULL,1,NEURAL,A4-C3-MULTI-PROB-AVG,C3,93,45,0.8003952569169961,0.8478260869565217,0.04743083003952564
STAGE18S_SUPPLEMENT,PhysioNetMI,FULL_TRAIN,FULL,1,NEURAL,A4-C3-MULTI-PROB-AVG,C3,98,45,0.5731225296442688,0.5543478260869565,-0.018774703557312256
STAGE18S_SUPPLEMENT,PhysioNetMI,FULL_TRAIN,FULL,2,NEURAL,A4-C3-MULTI-PROB-AVG,C3,107,45,0.5625,0.5892857142857143,0.0267857142857143
STAGE18S_SUPPLEMENT,PhysioNetMI,FULL_TRAIN,FULL,2,NEURAL,A4-C3-MULTI-PROB-AVG,C3,27,45,0.5158102766798419,0.6264822134387352,0.11067193675889331
STAGE18S_SUPPLEMENT,PhysioNetMI,FULL_TRAIN,FULL,2,NEURAL,A4-C3-MULTI-PROB-AVG,C3,39,45,0.5563241106719368,0.6037549407114624,0.04743083003952564
STAGE18S_SUPPLEMENT,PhysioNetMI,FULL_TRAIN,FULL,2,NEURAL,A4-C3-MULTI-PROB-AVG,C3,40,45,0.48214285714285715,0.7470238095238095,0.2648809523809524
STAGE18S_SUPPLEMENT,PhysioNetMI,FULL_TRAIN,FULL,2,NEURAL,A4-C3-MULTI-PROB-AVG,C3,47,45,0.5297619047619048,0.6488095238095238,0.11904761904761907
STAGE18S_SUPPLEMENT,PhysioNetMI,FULL_TRAIN,FULL,2,NEURAL,A4-C3-MULTI-PROB-AVG,C3,48,45,0.7608695652173914,0.8023715415019763,0.04150197628458496
STAGE18S_SUPPLEMENT,PhysioNetMI,FULL_TRAIN,FULL,2,NEURAL,A4-C3-MULTI-PROB-AVG,C3,57,45,0.6666666666666666,0.6517857142857142,-0.014880952380952439
STAGE18S_SUPPLEMENT,PhysioNetMI,FULL_TRAIN,FULL,2,NEURAL,A4-C3-MULTI-PROB-AVG,C3,6,45,0.48809523809523814,0.6190476190476191,0.13095238095238093
STAGE18S_SUPPLEMENT,PhysioNetMI,FULL_TRAIN,FULL,2,NEURAL,A4-C3-MULTI-PROB-AVG,C3,71,45,0.7826086956521738,0.8913043478260869,0.10869565217391308
STAGE18S_SUPPLEMENT,PhysioNetMI,FULL_TRAIN,FULL,2,NEURAL,A4-C3-MULTI-PROB-AVG,C3,93,45,0.8211462450592886,0.8695652173913043,0.04841897233201575
STAGE18S_SUPPLEMENT,PhysioNetMI,FULL_TRAIN,FULL,2,NEURAL,A4-C3-MULTI-PROB-AVG,C3,98,45,0.48320158102766797,0.5770750988142292,0.09387351778656128
STAGE18S_SUPPLEMENT,PhysioNetMI,P01-L1-LOW-CAL-OFFICIAL-R2:128_PER_CLASS,128,0,NEURAL,A4-C3-MULTI-PROB-AVG,C3,107,45,0.43452380952380953,0.46130952380952384,0.0267857142857143
STAGE18S_SUPPLEMENT,PhysioNetMI,P01-L1-LOW-CAL-OFFICIAL-R2:128_PER_CLASS,128,0,NEURAL,A4-C3-MULTI-PROB-AVG,C3,27,45,0.5177865612648221,0.4535573122529644,-0.06422924901185773
STAGE18S_SUPPLEMENT,PhysioNetMI,P01-L1-LOW-CAL-OFFICIAL-R2:128_PER_CLASS,128,0,NEURAL,A4-C3-MULTI-PROB-AVG,C3,39,45,0.558300395256917,0.5602766798418972,0.0019762845849802257
STAGE18S_SUPPLEMENT,PhysioNetMI,P01-L1-LOW-CAL-OFFICIAL-R2:128_PER_CLASS,128,0,NEURAL,A4-C3-MULTI-PROB-AVG,C3,40,45,0.5476190476190476,0.6607142857142857,0.11309523809523814
STAGE18S_SUPPLEMENT,PhysioNetMI,P01-L1-LOW-CAL-OFFICIAL-R2:128_PER_CLASS,128,0,NEURAL,A4-C3-MULTI-PROB-AVG,C3,47,45,0.5,0.5565476190476191,0.05654761904761907
STAGE18S_SUPPLEMENT,PhysioNetMI,P01-L1-LOW-CAL-OFFICIAL-R2:128_PER_CLASS,128,0,NEURAL,A4-C3-MULTI-PROB-AVG,C3,48,45,0.6847826086956521,0.5523715415019763,-0.1324110671936758
STAGE18S_SUPPLEMENT,PhysioNetMI,P01-L1-LOW-CAL-OFFICIAL-R2:128_PER_CLASS,128,0,NEURAL,A4-C3-MULTI-PROB-AVG,C3,57,45,0.5089285714285714,0.5208333333333334,0.011904761904761973
STAGE18S_SUPPLEMENT,PhysioNetMI,P01-L1-LOW-CAL-OFFICIAL-R2:128_PER_CLASS,128,0,NEURAL,A4-C3-MULTI-PROB-AVG,C3,6,45,0.5238095238095237,0.5089285714285714,-0.014880952380952328
STAGE18S_SUPPLEMENT,PhysioNetMI,P01-L1-LOW-CAL-OFFICIAL-R2:128_PER_CLASS,128,0,NEURAL,A4-C3-MULTI-PROB-AVG,C3,71,45,0.6027667984189724,0.5286561264822134,-0.07411067193675902
STAGE18S_SUPPLEMENT,PhysioNetMI,P01-L1-LOW-CAL-OFFICIAL-R2:128_PER_CLASS,128,0,NEURAL,A4-C3-MULTI-PROB-AVG,C3,93,45,0.841897233201581,0.7994071146245059,-0.04249011857707519
STAGE18S_SUPPLEMENT,PhysioNetMI,P01-L1-LOW-CAL-OFFICIAL-R2:128_PER_CLASS,128,0,NEURAL,A4-C3-MULTI-PROB-AVG,C3,98,45,0.5108695652173914,0.5306324110671937,0.01976284584980237
STAGE18S_SUPPLEMENT,PhysioNetMI,P01-L1-LOW-CAL-OFFICIAL-R2:128_PER_CLASS,128,1,NEURAL,A4-C3-MULTI-PROB-AVG,C3,107,45,0.49702380952380953,0.41666666666666663,-0.0803571428571429
STAGE18S_SUPPLEMENT,PhysioNetMI,P01-L1-LOW-CAL-OFFICIAL-R2:128_PER_CLASS,128,1,NEURAL,A4-C3-MULTI-PROB-AVG,C3,27,45,0.5622529644268774,0.49604743083003955,-0.0662055335968379
STAGE18S_SUPPLEMENT,PhysioNetMI,P01-L1-LOW-CAL-OFFICIAL-R2:128_PER_CLASS,128,1,NEURAL,A4-C3-MULTI-PROB-AVG,C3,39,45,0.5563241106719368,0.5612648221343874,0.004940711462450675
STAGE18S_SUPPLEMENT,PhysioNetMI,P01-L1-LOW-CAL-OFFICIAL-R2:128_PER_CLASS,128,1,NEURAL,A4-C3-MULTI-PROB-AVG,C3,40,45,0.43452380952380953,0.5982142857142857,0.16369047619047616
STAGE18S_SUPPLEMENT,PhysioNetMI,P01-L1-LOW-CAL-OFFICIAL-R2:128_PER_CLASS,128,1,NEURAL,A4-C3-MULTI-PROB-AVG,C3,47,45,0.44940476190476186,0.5535714285714286,0.10416666666666674
STAGE18S_SUPPLEMENT,PhysioNetMI,P01-L1-LOW-CAL-OFFICIAL-R2:128_PER_CLASS,128,1,NEURAL,A4-C3-MULTI-PROB-AVG,C3,48,45,0.6926877470355731,0.5869565217391304,-0.10573122529644274
STAGE18S_SUPPLEMENT,PhysioNetMI,P01-L1-LOW-CAL-OFFICIAL-R2:128_PER_CLASS,128,1,NEURAL,A4-C3-MULTI-PROB-AVG,C3,57,45,0.5416666666666666,0.5208333333333334,-0.02083333333333326
STAGE18S_SUPPLEMENT,PhysioNetMI,P01-L1-LOW-CAL-OFFICIAL-R2:128_PER_CLASS,128,1,NEURAL,A4-C3-MULTI-PROB-AVG,C3,6,45,0.5446428571428572,0.5178571428571428,-0.026785714285714413
STAGE18S_SUPPLEMENT,PhysioNetMI,P01-L1-LOW-CAL-OFFICIAL-R2:128_PER_CLASS,128,1,NEURAL,A4-C3-MULTI-PROB-AVG,C3,71,45,0.5958498023715415,0.5741106719367589,-0.021739130434782594
STAGE18S_SUPPLEMENT,PhysioNetMI,P01-L1-LOW-CAL-OFFICIAL-R2:128_PER_CLASS,128,1,NEURAL,A4-C3-MULTI-PROB-AVG,C3,93,45,0.7598814229249011,0.7341897233201581,-0.025691699604743046
STAGE18S_SUPPLEMENT,PhysioNetMI,P01-L1-LOW-CAL-OFFICIAL-R2:128_PER_CLASS,128,1,NEURAL,A4-C3-MULTI-PROB-AVG,C3,98,45,0.6432806324110671,0.6007905138339921,-0.042490118577075076
STAGE18S_SUPPLEMENT,PhysioNetMI,P01-L1-LOW-CAL-OFFICIAL-R2:128_PER_CLASS,128,2,NEURAL,A4-C3-MULTI-PROB-AVG,C3,107,45,0.29166666666666663,0.47916666666666663,0.1875
STAGE18S_SUPPLEMENT,PhysioNetMI,P01-L1-LOW-CAL-OFFICIAL-R2:128_PER_CLASS,128,2,NEURAL,A4-C3-MULTI-PROB-AVG,C3,27,45,0.4990118577075099,0.5395256916996047,0.04051383399209485
STAGE18S_SUPPLEMENT,PhysioNetMI,P01-L1-LOW-CAL-OFFICIAL-R2:128_PER_CLASS,128,2,NEURAL,A4-C3-MULTI-PROB-AVG,C3,39,45,0.5642292490118577,0.6017786561264822,0.03754940711462451
STAGE18S_SUPPLEMENT,PhysioNetMI,P01-L1-LOW-CAL-OFFICIAL-R2:128_PER_CLASS,128,2,NEURAL,A4-C3-MULTI-PROB-AVG,C3,40,45,0.46130952380952384,0.4553571428571429,-0.005952380952380931
STAGE18S_SUPPLEMENT,PhysioNetMI,P01-L1-LOW-CAL-OFFICIAL-R2:128_PER_CLASS,128,2,NEURAL,A4-C3-MULTI-PROB-AVG,C3,47,45,0.37202380952380953,0.49404761904761907,0.12202380952380953
STAGE18S_SUPPLEMENT,PhysioNetMI,P01-L1-LOW-CAL-OFFICIAL-R2:128_PER_CLASS,128,2,NEURAL,A4-C3-MULTI-PROB-AVG,C3,48,45,0.7322134387351779,0.7796442687747036,0.04743083003952575
STAGE18S_SUPPLEMENT,PhysioNetMI,P01-L1-LOW-CAL-OFFICIAL-R2:128_PER_CLASS,128,2,NEURAL,A4-C3-MULTI-PROB-AVG,C3,57,45,0.5,0.5178571428571428,0.017857142857142794
STAGE18S_SUPPLEMENT,PhysioNetMI,P01-L1-LOW-CAL-OFFICIAL-R2:128_PER_CLASS,128,2,NEURAL,A4-C3-MULTI-PROB-AVG,C3,6,45,0.4970238095238095,0.47916666666666663,-0.01785714285714285
STAGE18S_SUPPLEMENT,PhysioNetMI,P01-L1-LOW-CAL-OFFICIAL-R2:128_PER_CLASS,128,2,NEURAL,A4-C3-MULTI-PROB-AVG,C3,71,45,0.575098814229249,0.6393280632411067,0.06422924901185767
STAGE18S_SUPPLEMENT,PhysioNetMI,P01-L1-LOW-CAL-OFFICIAL-R2:128_PER_CLASS,128,2,NEURAL,A4-C3-MULTI-PROB-AVG,C3,93,45,0.650197628458498,0.7747035573122529,0.12450592885375489
STAGE18S_SUPPLEMENT,PhysioNetMI,P01-L1-LOW-CAL-OFFICIAL-R2:128_PER_CLASS,128,2,NEURAL,A4-C3-MULTI-PROB-AVG,C3,98,45,0.5148221343873518,0.4209486166007905,-0.09387351778656128
STAGE18S_SUPPLEMENT,PhysioNetMI,P01-L1-LOW-CAL-OFFICIAL-R2:16_PER_CLASS,16,0,NEURAL,A4-C3-MULTI-PROB-AVG,C3,107,45,0.4821428571428571,0.5208333333333334,0.038690476190476275
STAGE18S_SUPPLEMENT,PhysioNetMI,P01-L1-LOW-CAL-OFFICIAL-R2:16_PER_CLASS,16,0,NEURAL,A4-C3-MULTI-PROB-AVG,C3,27,45,0.6620553359683794,0.5276679841897234,-0.13438735177865602
STAGE18S_SUPPLEMENT,PhysioNetMI,P01-L1-LOW-CAL-OFFICIAL-R2:16_PER_CLASS,16,0,NEURAL,A4-C3-MULTI-PROB-AVG,C3,39,45,0.4762845849802371,0.5128458498023716,0.036561264822134454
STAGE18S_SUPPLEMENT,PhysioNetMI,P01-L1-LOW-CAL-OFFICIAL-R2:16_PER_CLASS,16,0,NEURAL,A4-C3-MULTI-PROB-AVG,C3,40,45,0.4970238095238095,0.5386904761904762,0.041666666666666685
STAGE18S_SUPPLEMENT,PhysioNetMI,P01-L1-LOW-CAL-OFFICIAL-R2:16_PER_CLASS,16,0,NEURAL,A4-C3-MULTI-PROB-AVG,C3,47,45,0.5,0.5,0.0
STAGE18S_SUPPLEMENT,PhysioNetMI,P01-L1-LOW-CAL-OFFICIAL-R2:16_PER_CLASS,16,0,NEURAL,A4-C3-MULTI-PROB-AVG,C3,48,45,0.5,0.441699604743083,-0.05830039525691699
STAGE18S_SUPPLEMENT,PhysioNetMI,P01-L1-LOW-CAL-OFFICIAL-R2:16_PER_CLASS,16,0,NEURAL,A4-C3-MULTI-PROB-AVG,C3,57,45,0.5803571428571428,0.4583333333333333,-0.12202380952380948
STAGE18S_SUPPLEMENT,PhysioNetMI,P01-L1-LOW-CAL-OFFICIAL-R2:16_PER_CLASS,16,0,NEURAL,A4-C3-MULTI-PROB-AVG,C3,6,45,0.5476190476190477,0.5,-0.04761904761904767
STAGE18S_SUPPLEMENT,PhysioNetMI,P01-L1-LOW-CAL-OFFICIAL-R2:16_PER_CLASS,16,0,NEURAL,A4-C3-MULTI-PROB-AVG,C3,71,45,0.4772727272727273,0.5632411067193676,0.08596837944664026
STAGE18S_SUPPLEMENT,PhysioNetMI,P01-L1-LOW-CAL-OFFICIAL-R2:16_PER_CLASS,16,0,NEURAL,A4-C3-MULTI-PROB-AVG,C3,93,45,0.5909090909090909,0.7055335968379447,0.11462450592885376
STAGE18S_SUPPLEMENT,PhysioNetMI,P01-L1-LOW-CAL-OFFICIAL-R2:16_PER_CLASS,16,0,NEURAL,A4-C3-MULTI-PROB-AVG,C3,98,45,0.5227272727272727,0.6156126482213439,0.09288537549407117
STAGE18S_SUPPLEMENT,PhysioNetMI,P01-L1-LOW-CAL-OFFICIAL-R2:1_PER_CLASS,1,1,NEURAL,A4-C3-MULTI-PROB-AVG,C3,107,45,0.5386904761904762,0.4583333333333333,-0.08035714285714285
STAGE18S_SUPPLEMENT,PhysioNetMI,P01-L1-LOW-CAL-OFFICIAL-R2:1_PER_CLASS,1,1,NEURAL,A4-C3-MULTI-PROB-AVG,C3,27,45,0.5602766798418972,0.5177865612648221,-0.042490118577075076
STAGE18S_SUPPLEMENT,PhysioNetMI,P01-L1-LOW-CAL-OFFICIAL-R2:1_PER_CLASS,1,1,NEURAL,A4-C3-MULTI-PROB-AVG,C3,39,45,0.45256916996047436,0.5,0.04743083003952564
STAGE18S_SUPPLEMENT,PhysioNetMI,P01-L1-LOW-CAL-OFFICIAL-R2:1_PER_CLASS,1,1,NEURAL,A4-C3-MULTI-PROB-AVG,C3,40,45,0.5357142857142857,0.5208333333333334,-0.014880952380952328
STAGE18S_SUPPLEMENT,PhysioNetMI,P01-L1-LOW-CAL-OFFICIAL-R2:1_PER_CLASS,1,1,NEURAL,A4-C3-MULTI-PROB-AVG,C3,47,45,0.5416666666666666,0.5,-0.04166666666666663
STAGE18S_SUPPLEMENT,PhysioNetMI,P01-L1-LOW-CAL-OFFICIAL-R2:1_PER_CLASS,1,1,NEURAL,A4-C3-MULTI-PROB-AVG,C3,48,45,0.37450592885375494,0.5,0.12549407114624506
STAGE18S_SUPPLEMENT,PhysioNetMI,P01-L1-LOW-CAL-OFFICIAL-R2:1_PER_CLASS,1,1,NEURAL,A4-C3-MULTI-PROB-AVG,C3,57,45,0.4880952380952381,0.5208333333333334,0.03273809523809529
STAGE18S_SUPPLEMENT,PhysioNetMI,P01-L1-LOW-CAL-OFFICIAL-R2:1_PER_CLASS,1,1,NEURAL,A4-C3-MULTI-PROB-AVG,C3,6,45,0.46428571428571425,0.47023809523809523,0.005952380952380987
STAGE18S_SUPPLEMENT,PhysioNetMI,P01-L1-LOW-CAL-OFFICIAL-R2:1_PER_CLASS,1,1,NEURAL,A4-C3-MULTI-PROB-AVG,C3,71,45,0.43873517786561267,0.5326086956521738,0.09387351778656117
STAGE18S_SUPPLEMENT,PhysioNetMI,P01-L1-LOW-CAL-OFFICIAL-R2:1_PER_CLASS,1,1,NEURAL,A4-C3-MULTI-PROB-AVG,C3,93,45,0.5849802371541502,0.5,-0.08498023715415015
STAGE18S_SUPPLEMENT,PhysioNetMI,P01-L1-LOW-CAL-OFFICIAL-R2:1_PER_CLASS,1,1,NEURAL,A4-C3-MULTI-PROB-AVG,C3,98,45,0.4496047430830039,0.5,0.05039525691699609
STAGE18S_SUPPLEMENT,PhysioNetMI,P01-L1-LOW-CAL-OFFICIAL-R2:1_PER_CLASS,1,2,NEURAL,A4-C3-MULTI-PROB-AVG,C3,107,45,0.4464285714285714,0.5327380952380952,0.08630952380952384
STAGE18S_SUPPLEMENT,PhysioNetMI,P01-L1-LOW-CAL-OFFICIAL-R2:1_PER_CLASS,1,2,NEURAL,A4-C3-MULTI-PROB-AVG,C3,27,45,0.6393280632411067,0.5247035573122529,-0.11462450592885376
STAGE18S_SUPPLEMENT,PhysioNetMI,P01-L1-LOW-CAL-OFFICIAL-R2:1_PER_CLASS,1,2,NEURAL,A4-C3-MULTI-PROB-AVG,C3,39,45,0.4278656126482213,0.41897233201581024,-0.008893280632411071
STAGE18S_SUPPLEMENT,PhysioNetMI,P01-L1-LOW-CAL-OFFICIAL-R2:1_PER_CLASS,1,2,NEURAL,A4-C3-MULTI-PROB-AVG,C3,40,45,0.4523809523809524,0.5,0.047619047619047616
STAGE18S_SUPPLEMENT,PhysioNetMI,P01-L1-LOW-CAL-OFFICIAL-R2:1_PER_CLASS,1,2,NEURAL,A4-C3-MULTI-PROB-AVG,C3,47,45,0.5,0.5,0.0
STAGE18S_SUPPLEMENT,PhysioNetMI,P01-L1-LOW-CAL-OFFICIAL-R2:1_PER_CLASS,1,2,NEURAL,A4-C3-MULTI-PROB-AVG,C3,48,45,0.5227272727272727,0.4782608695652174,-0.0444664031620553
STAGE18S_SUPPLEMENT,PhysioNetMI,P01-L1-LOW-CAL-OFFICIAL-R2:1_PER_CLASS,1,2,NEURAL,A4-C3-MULTI-PROB-AVG,C3,57,45,0.4553571428571429,0.49107142857142855,0.03571428571428564
STAGE18S_SUPPLEMENT,PhysioNetMI,P01-L1-LOW-CAL-OFFICIAL-R2:1_PER_CLASS,1,2,NEURAL,A4-C3-MULTI-PROB-AVG,C3,6,45,0.4732142857142857,0.5,0.0267857142857143
STAGE18S_SUPPLEMENT,PhysioNetMI,P01-L1-LOW-CAL-OFFICIAL-R2:1_PER_CLASS,1,2,NEURAL,A4-C3-MULTI-PROB-AVG,C3,71,45,0.47035573122529645,0.4990118577075099,0.02865612648221344
STAGE18S_SUPPLEMENT,PhysioNetMI,P01-L1-LOW-CAL-OFFICIAL-R2:1_PER_CLASS,1,2,NEURAL,A4-C3-MULTI-PROB-AVG,C3,93,45,0.5,0.5,0.0
STAGE18S_SUPPLEMENT,PhysioNetMI,P01-L1-LOW-CAL-OFFICIAL-R2:1_PER_CLASS,1,2,NEURAL,A4-C3-MULTI-PROB-AVG,C3,98,45,0.5,0.5,0.0
STAGE18S_SUPPLEMENT,PhysioNetMI,P01-L1-LOW-CAL-OFFICIAL-R2:256_PER_CLASS,256,0,NEURAL,A4-C3-MULTI-PROB-AVG,C3,107,45,0.46130952380952384,0.6041666666666666,0.1428571428571428
STAGE18S_SUPPLEMENT,PhysioNetMI,P01-L1-LOW-CAL-OFFICIAL-R2:256_PER_CLASS,256,0,NEURAL,A4-C3-MULTI-PROB-AVG,C3,27,45,0.4051383399209486,0.49308300395256915,0.08794466403162055
STAGE18S_SUPPLEMENT,PhysioNetMI,P01-L1-LOW-CAL-OFFICIAL-R2:256_PER_CLASS,256,0,NEURAL,A4-C3-MULTI-PROB-AVG,C3,39,45,0.5138339920948617,0.4891304347826087,-0.02470355731225299
STAGE18S_SUPPLEMENT,PhysioNetMI,P01-L1-LOW-CAL-OFFICIAL-R2:256_PER_CLASS,256,0,NEURAL,A4-C3-MULTI-PROB-AVG,C3,40,45,0.5595238095238095,0.5625,0.0029761904761904656
STAGE18S_SUPPLEMENT,PhysioNetMI,P01-L1-LOW-CAL-OFFICIAL-R2:256_PER_CLASS,256,0,NEURAL,A4-C3-MULTI-PROB-AVG,C3,47,45,0.5,0.6190476190476191,0.11904761904761907
STAGE18S_SUPPLEMENT,PhysioNetMI,P01-L1-LOW-CAL-OFFICIAL-R2:256_PER_CLASS,256,0,NEURAL,A4-C3-MULTI-PROB-AVG,C3,48,45,0.6946640316205533,0.8438735177865613,0.14920948616600793
STAGE18S_SUPPLEMENT,PhysioNetMI,P01-L1-LOW-CAL-OFFICIAL-R2:256_PER_CLASS,256,0,NEURAL,A4-C3-MULTI-PROB-AVG,C3,57,45,0.6607142857142857,0.49107142857142855,-0.16964285714285715
STAGE18S_SUPPLEMENT,PhysioNetMI,P01-L1-LOW-CAL-OFFICIAL-R2:256_PER_CLASS,256,0,NEURAL,A4-C3-MULTI-PROB-AVG,C3,6,45,0.5089285714285714,0.5744047619047619,0.06547619047619047
STAGE18S_SUPPLEMENT,PhysioNetMI,P01-L1-LOW-CAL-OFFICIAL-R2:256_PER_CLASS,256,0,NEURAL,A4-C3-MULTI-PROB-AVG,C3,71,45,0.691699604743083,0.8013833992094861,0.10968379446640308
STAGE18S_SUPPLEMENT,PhysioNetMI,P01-L1-LOW-CAL-OFFICIAL-R2:256_PER_CLASS,256,0,NEURAL,A4-C3-MULTI-PROB-AVG,C3,93,45,0.6936758893280632,0.775691699604743,0.08201581027667981
STAGE18S_SUPPLEMENT,PhysioNetMI,P01-L1-LOW-CAL-OFFICIAL-R2:256_PER_CLASS,256,0,NEURAL,A4-C3-MULTI-PROB-AVG,C3,98,45,0.5138339920948617,0.5741106719367589,0.06027667984189722
STAGE18S_SUPPLEMENT,PhysioNetMI,P01-L1-LOW-CAL-OFFICIAL-R2:256_PER_CLASS,256,1,NEURAL,A4-C3-MULTI-PROB-AVG,C3,107,45,0.5,0.5357142857142857,0.0357142857142857
STAGE18S_SUPPLEMENT,PhysioNetMI,P01-L1-LOW-CAL-OFFICIAL-R2:256_PER_CLASS,256,1,NEURAL,A4-C3-MULTI-PROB-AVG,C3,27,45,0.5800395256916996,0.5800395256916996,0.0
STAGE18S_SUPPLEMENT,PhysioNetMI,P01-L1-LOW-CAL-OFFICIAL-R2:256_PER_CLASS,256,1,NEURAL,A4-C3-MULTI-PROB-AVG,C3,39,45,0.6847826086956521,0.5158102766798419,-0.1689723320158102
STAGE18S_SUPPLEMENT,PhysioNetMI,P01-L1-LOW-CAL-OFFICIAL-R2:256_PER_CLASS,256,1,NEURAL,A4-C3-MULTI-PROB-AVG,C3,40,45,0.5892857142857143,0.6726190476190477,0.08333333333333337
STAGE18S_SUPPLEMENT,PhysioNetMI,P01-L1-LOW-CAL-OFFICIAL-R2:256_PER_CLASS,256,1,NEURAL,A4-C3-MULTI-PROB-AVG,C3,47,45,0.5416666666666666,0.5803571428571428,0.038690476190476164
STAGE18S_SUPPLEMENT,PhysioNetMI,P01-L1-LOW-CAL-OFFICIAL-R2:256_PER_CLASS,256,1,NEURAL,A4-C3-MULTI-PROB-AVG,C3,48,45,0.7806324110671936,0.6946640316205533,-0.08596837944664026
STAGE18S_SUPPLEMENT,PhysioNetMI,P01-L1-LOW-CAL-OFFICIAL-R2:256_PER_CLASS,256,1,NEURAL,A4-C3-MULTI-PROB-AVG,C3,57,45,0.5982142857142857,0.5922619047619048,-0.005952380952380931
STAGE18S_SUPPLEMENT,PhysioNetMI,P01-L1-LOW-CAL-OFFICIAL-R2:256_PER_CLASS,256,1,NEURAL,A4-C3-MULTI-PROB-AVG,C3,6,45,0.5148809523809523,0.5327380952380952,0.017857142857142905
STAGE18S_SUPPLEMENT,PhysioNetMI,P01-L1-LOW-CAL-OFFICIAL-R2:256_PER_CLASS,256,1,NEURAL,A4-C3-MULTI-PROB-AVG,C3,71,45,0.7796442687747036,0.6640316205533596,-0.11561264822134398
STAGE18S_SUPPLEMENT,PhysioNetMI,P01-L1-LOW-CAL-OFFICIAL-R2:256_PER_CLASS,256,1,NEURAL,A4-C3-MULTI-PROB-AVG,C3,93,45,0.6511857707509882,0.7302371541501976,0.07905138339920947
STAGE18S_SUPPLEMENT,PhysioNetMI,P01-L1-LOW-CAL-OFFICIAL-R2:256_PER_CLASS,256,1,NEURAL,A4-C3-MULTI-PROB-AVG,C3,98,45,0.47430830039525695,0.5118577075098814,0.0375494071146244
STAGE18S_SUPPLEMENT,PhysioNetMI,P01-L1-LOW-CAL-OFFICIAL-R2:256_PER_CLASS,256,2,NEURAL,A4-C3-MULTI-PROB-AVG,C3,107,45,0.44047619047619047,0.46130952380952384,0.02083333333333337
STAGE18S_SUPPLEMENT,PhysioNetMI,P01-L1-LOW-CAL-OFFICIAL-R2:256_PER_CLASS,256,2,NEURAL,A4-C3-MULTI-PROB-AVG,C3,27,45,0.4950592885375494,0.5148221343873518,0.019762845849802424
STAGE18S_SUPPLEMENT,PhysioNetMI,P01-L1-LOW-CAL-OFFICIAL-R2:256_PER_CLASS,256,2,NEURAL,A4-C3-MULTI-PROB-AVG,C3,39,45,0.5148221343873518,0.5810276679841897,0.0662055335968379
STAGE18S_SUPPLEMENT,PhysioNetMI,P01-L1-LOW-CAL-OFFICIAL-R2:256_PER_CLASS,256,2,NEURAL,A4-C3-MULTI-PROB-AVG,C3,40,45,0.5208333333333333,0.6071428571428572,0.08630952380952395
STAGE18S_SUPPLEMENT,PhysioNetMI,P01-L1-LOW-CAL-OFFICIAL-R2:256_PER_CLASS,256,2,NEURAL,A4-C3-MULTI-PROB-AVG,C3,47,45,0.5208333333333334,0.6041666666666666,0.08333333333333326
STAGE18S_SUPPLEMENT,PhysioNetMI,P01-L1-LOW-CAL-OFFICIAL-R2:256_PER_CLASS,256,2,NEURAL,A4-C3-MULTI-PROB-AVG,C3,48,45,0.6709486166007905,0.8033596837944664,0.1324110671936759
STAGE18S_SUPPLEMENT,PhysioNetMI,P01-L1-LOW-CAL-OFFICIAL-R2:256_PER_CLASS,256,2,NEURAL,A4-C3-MULTI-PROB-AVG,C3,57,45,0.5416666666666666,0.5565476190476191,0.014880952380952439
STAGE18S_SUPPLEMENT,PhysioNetMI,P01-L1-LOW-CAL-OFFICIAL-R2:256_PER_CLASS,256,2,NEURAL,A4-C3-MULTI-PROB-AVG,C3,6,45,0.5208333333333333,0.4970238095238095,-0.02380952380952378
STAGE18S_SUPPLEMENT,PhysioNetMI,P01-L1-LOW-CAL-OFFICIAL-R2:256_PER_CLASS,256,2,NEURAL,A4-C3-MULTI-PROB-AVG,C3,71,45,0.7292490118577075,0.7776679841897234,0.048418972332015864
STAGE18S_SUPPLEMENT,PhysioNetMI,P01-L1-LOW-CAL-OFFICIAL-R2:256_PER_CLASS,256,2,NEURAL,A4-C3-MULTI-PROB-AVG,C3,93,45,0.7588932806324111,0.842885375494071,0.08399209486165993
STAGE18S_SUPPLEMENT,PhysioNetMI,P01-L1-LOW-CAL-OFFICIAL-R2:256_PER_CLASS,256,2,NEURAL,A4-C3-MULTI-PROB-AVG,C3,98,45,0.5375494071146245,0.5721343873517787,0.03458498023715417
STAGE18S_SUPPLEMENT,PhysioNetMI,P01-L1-LOW-CAL-OFFICIAL-R2:32_PER_CLASS,32,0,NEURAL,A4-C3-MULTI-PROB-AVG,C3,107,45,0.5029761904761905,0.47619047619047616,-0.0267857142857143
STAGE18S_SUPPLEMENT,PhysioNetMI,P01-L1-LOW-CAL-OFFICIAL-R2:32_PER_CLASS,32,0,NEURAL,A4-C3-MULTI-PROB-AVG,C3,27,45,0.44466403162055335,0.5760869565217391,0.1314229249011858
STAGE18S_SUPPLEMENT,PhysioNetMI,P01-L1-LOW-CAL-OFFICIAL-R2:32_PER_CLASS,32,0,NEURAL,A4-C3-MULTI-PROB-AVG,C3,39,45,0.4762845849802371,0.541501976284585,0.06521739130434784
STAGE18S_SUPPLEMENT,PhysioNetMI,P01-L1-LOW-CAL-OFFICIAL-R2:32_PER_CLASS,32,0,NEURAL,A4-C3-MULTI-PROB-AVG,C3,40,45,0.4553571428571429,0.47619047619047616,0.02083333333333326
STAGE18S_SUPPLEMENT,PhysioNetMI,P01-L1-LOW-CAL-OFFICIAL-R2:32_PER_CLASS,32,0,NEURAL,A4-C3-MULTI-PROB-AVG,C3,47,45,0.5386904761904762,0.5,-0.038690476190476164
STAGE18S_SUPPLEMENT,PhysioNetMI,P01-L1-LOW-CAL-OFFICIAL-R2:32_PER_CLASS,32,0,NEURAL,A4-C3-MULTI-PROB-AVG,C3,48,45,0.599802371541502,0.47924901185770746,-0.12055335968379449
STAGE18S_SUPPLEMENT,PhysioNetMI,P01-L1-LOW-CAL-OFFICIAL-R2:32_PER_CLASS,32,0,NEURAL,A4-C3-MULTI-PROB-AVG,C3,57,45,0.3601190476190476,0.5714285714285714,0.21130952380952378
STAGE18S_SUPPLEMENT,PhysioNetMI,P01-L1-LOW-CAL-OFFICIAL-R2:32_PER_CLASS,32,0,NEURAL,A4-C3-MULTI-PROB-AVG,C3,6,45,0.5833333333333334,0.5,-0.08333333333333337
STAGE18S_SUPPLEMENT,PhysioNetMI,P01-L1-LOW-CAL-OFFICIAL-R2:32_PER_CLASS,32,0,NEURAL,A4-C3-MULTI-PROB-AVG,C3,71,45,0.5316205533596838,0.5365612648221344,0.004940711462450564
STAGE18S_SUPPLEMENT,PhysioNetMI,P01-L1-LOW-CAL-OFFICIAL-R2:32_PER_CLASS,32,0,NEURAL,A4-C3-MULTI-PROB-AVG,C3,93,45,0.6739130434782609,0.5,-0.17391304347826086
STAGE18S_SUPPLEMENT,PhysioNetMI,P01-L1-LOW-CAL-OFFICIAL-R2:32_PER_CLASS,32,0,NEURAL,A4-C3-MULTI-PROB-AVG,C3,98,45,0.5780632411067194,0.4782608695652174,-0.09980237154150196
STAGE18S_SUPPLEMENT,PhysioNetMI,P01-L1-LOW-CAL-OFFICIAL-R2:4_PER_CLASS,4,0,NEURAL,A4-C3-MULTI-PROB-AVG,C3,107,45,0.5,0.5,0.0
STAGE18S_SUPPLEMENT,PhysioNetMI,P01-L1-LOW-CAL-OFFICIAL-R2:4_PER_CLASS,4,0,NEURAL,A4-C3-MULTI-PROB-AVG,C3,27,45,0.5721343873517787,0.5009881422924901,-0.07114624505928857
STAGE18S_SUPPLEMENT,PhysioNetMI,P01-L1-LOW-CAL-OFFICIAL-R2:4_PER_CLASS,4,0,NEURAL,A4-C3-MULTI-PROB-AVG,C3,39,45,0.49604743083003955,0.5088932806324111,0.012845849802371578
STAGE18S_SUPPLEMENT,PhysioNetMI,P01-L1-LOW-CAL-OFFICIAL-R2:4_PER_CLASS,4,0,NEURAL,A4-C3-MULTI-PROB-AVG,C3,40,45,0.4970238095238095,0.5,0.002976190476190521
STAGE18S_SUPPLEMENT,PhysioNetMI,P01-L1-LOW-CAL-OFFICIAL-R2:4_PER_CLASS,4,0,NEURAL,A4-C3-MULTI-PROB-AVG,C3,47,45,0.5,0.5,0.0
STAGE18S_SUPPLEMENT,PhysioNetMI,P01-L1-LOW-CAL-OFFICIAL-R2:4_PER_CLASS,4,0,NEURAL,A4-C3-MULTI-PROB-AVG,C3,48,45,0.5,0.4644268774703557,-0.035573122529644285
STAGE18S_SUPPLEMENT,PhysioNetMI,P01-L1-LOW-CAL-OFFICIAL-R2:4_PER_CLASS,4,0,NEURAL,A4-C3-MULTI-PROB-AVG,C3,57,45,0.4732142857142857,0.49702380952380953,0.023809523809523836
STAGE18S_SUPPLEMENT,PhysioNetMI,P01-L1-LOW-CAL-OFFICIAL-R2:4_PER_CLASS,4,0,NEURAL,A4-C3-MULTI-PROB-AVG,C3,6,45,0.41666666666666663,0.5,0.08333333333333337
STAGE18S_SUPPLEMENT,PhysioNetMI,P01-L1-LOW-CAL-OFFICIAL-R2:4_PER_CLASS,4,0,NEURAL,A4-C3-MULTI-PROB-AVG,C3,71,45,0.4318181818181818,0.5,0.06818181818181818
STAGE18S_SUPPLEMENT,PhysioNetMI,P01-L1-LOW-CAL-OFFICIAL-R2:4_PER_CLASS,4,0,NEURAL,A4-C3-MULTI-PROB-AVG,C3,93,45,0.5,0.5,0.0
STAGE18S_SUPPLEMENT,PhysioNetMI,P01-L1-LOW-CAL-OFFICIAL-R2:4_PER_CLASS,4,0,NEURAL,A4-C3-MULTI-PROB-AVG,C3,98,45,0.5,0.5,0.0
STAGE18S_SUPPLEMENT,PhysioNetMI,P01-L1-LOW-CAL-OFFICIAL-R2:64_PER_CLASS,64,0,NEURAL,A4-C3-MULTI-PROB-AVG,C3,107,45,0.5565476190476191,0.5357142857142857,-0.02083333333333337
STAGE18S_SUPPLEMENT,PhysioNetMI,P01-L1-LOW-CAL-OFFICIAL-R2:64_PER_CLASS,64,0,NEURAL,A4-C3-MULTI-PROB-AVG,C3,27,45,0.4061264822134387,0.4209486166007905,0.014822134387351804
STAGE18S_SUPPLEMENT,PhysioNetMI,P01-L1-LOW-CAL-OFFICIAL-R2:64_PER_CLASS,64,0,NEURAL,A4-C3-MULTI-PROB-AVG,C3,39,45,0.6264822134387352,0.49308300395256915,-0.13339920948616607
STAGE18S_SUPPLEMENT,PhysioNetMI,P01-L1-LOW-CAL-OFFICIAL-R2:64_PER_CLASS,64,0,NEURAL,A4-C3-MULTI-PROB-AVG,C3,40,45,0.46726190476190477,0.5654761904761905,0.0982142857142857
STAGE18S_SUPPLEMENT,PhysioNetMI,P01-L1-LOW-CAL-OFFICIAL-R2:64_PER_CLASS,64,0,NEURAL,A4-C3-MULTI-PROB-AVG,C3,47,45,0.48809523809523814,0.5148809523809523,0.02678571428571419
STAGE18S_SUPPLEMENT,PhysioNetMI,P01-L1-LOW-CAL-OFFICIAL-R2:64_PER_CLASS,64,0,NEURAL,A4-C3-MULTI-PROB-AVG,C3,48,45,0.6215415019762847,0.6007905138339921,-0.020750988142292592
STAGE18S_SUPPLEMENT,PhysioNetMI,P01-L1-LOW-CAL-OFFICIAL-R2:64_PER_CLASS,64,0,NEURAL,A4-C3-MULTI-PROB-AVG,C3,57,45,0.5178571428571428,0.6607142857142857,0.1428571428571429
STAGE18S_SUPPLEMENT,PhysioNetMI,P01-L1-LOW-CAL-OFFICIAL-R2:64_PER_CLASS,64,0,NEURAL,A4-C3-MULTI-PROB-AVG,C3,6,45,0.5357142857142857,0.5476190476190476,0.011904761904761862
STAGE18S_SUPPLEMENT,PhysioNetMI,P01-L1-LOW-CAL-OFFICIAL-R2:64_PER_CLASS,64,0,NEURAL,A4-C3-MULTI-PROB-AVG,C3,71,45,0.48814229249011853,0.46837944664031617,-0.01976284584980237
STAGE18S_SUPPLEMENT,PhysioNetMI,P01-L1-LOW-CAL-OFFICIAL-R2:64_PER_CLASS,64,0,NEURAL,A4-C3-MULTI-PROB-AVG,C3,93,45,0.45849802371541504,0.5800395256916996,0.12154150197628455
STAGE18S_SUPPLEMENT,PhysioNetMI,P01-L1-LOW-CAL-OFFICIAL-R2:64_PER_CLASS,64,0,NEURAL,A4-C3-MULTI-PROB-AVG,C3,98,45,0.46047430830039526,0.5553359683794465,0.09486166007905128
STAGE18S_SUPPLEMENT,PhysioNetMI,P01-L1-LOW-CAL-OFFICIAL-R2:64_PER_CLASS,64,1,NEURAL,A4-C3-MULTI-PROB-AVG,C3,107,45,0.5,0.4107142857142857,-0.0892857142857143
STAGE18S_SUPPLEMENT,PhysioNetMI,P01-L1-LOW-CAL-OFFICIAL-R2:64_PER_CLASS,64,1,NEURAL,A4-C3-MULTI-PROB-AVG,C3,27,45,0.49604743083003955,0.3092885375494071,-0.18675889328063244
STAGE18S_SUPPLEMENT,PhysioNetMI,P01-L1-LOW-CAL-OFFICIAL-R2:64_PER_CLASS,64,1,NEURAL,A4-C3-MULTI-PROB-AVG,C3,39,45,0.4940711462450593,0.44664031620553357,-0.04743083003952575
STAGE18S_SUPPLEMENT,PhysioNetMI,P01-L1-LOW-CAL-OFFICIAL-R2:64_PER_CLASS,64,1,NEURAL,A4-C3-MULTI-PROB-AVG,C3,40,45,0.4791666666666667,0.5773809523809523,0.09821428571428564
STAGE18S_SUPPLEMENT,PhysioNetMI,P01-L1-LOW-CAL-OFFICIAL-R2:64_PER_CLASS,64,1,NEURAL,A4-C3-MULTI-PROB-AVG,C3,47,45,0.47619047619047616,0.6130952380952381,0.13690476190476197
STAGE18S_SUPPLEMENT,PhysioNetMI,P01-L1-LOW-CAL-OFFICIAL-R2:64_PER_CLASS,64,1,NEURAL,A4-C3-MULTI-PROB-AVG,C3,48,45,0.6225296442687747,0.5563241106719368,-0.0662055335968379
STAGE18S_SUPPLEMENT,PhysioNetMI,P01-L1-LOW-CAL-OFFICIAL-R2:64_PER_CLASS,64,1,NEURAL,A4-C3-MULTI-PROB-AVG,C3,57,45,0.44345238095238093,0.47023809523809523,0.0267857142857143
STAGE18S_SUPPLEMENT,PhysioNetMI,P01-L1-LOW-CAL-OFFICIAL-R2:64_PER_CLASS,64,1,NEURAL,A4-C3-MULTI-PROB-AVG,C3,6,45,0.38095238095238093,0.5684523809523809,0.1875
STAGE18S_SUPPLEMENT,PhysioNetMI,P01-L1-LOW-CAL-OFFICIAL-R2:64_PER_CLASS,64,1,NEURAL,A4-C3-MULTI-PROB-AVG,C3,71,45,0.6136363636363636,0.575098814229249,-0.038537549407114624
STAGE18S_SUPPLEMENT,PhysioNetMI,P01-L1-LOW-CAL-OFFICIAL-R2:64_PER_CLASS,64,1,NEURAL,A4-C3-MULTI-PROB-AVG,C3,93,45,0.5424901185770751,0.6225296442687747,0.08003952569169959
STAGE18S_SUPPLEMENT,PhysioNetMI,P01-L1-LOW-CAL-OFFICIAL-R2:64_PER_CLASS,64,1,NEURAL,A4-C3-MULTI-PROB-AVG,C3,98,45,0.5148221343873518,0.4624505928853755,-0.052371541501976315
STAGE18S_SUPPLEMENT,PhysioNetMI,P01-L1-LOW-CAL-OFFICIAL-R2:64_PER_CLASS,64,2,NEURAL,A4-C3-MULTI-PROB-AVG,C3,107,45,0.5297619047619048,0.5773809523809523,0.04761904761904756
STAGE18S_SUPPLEMENT,PhysioNetMI,P01-L1-LOW-CAL-OFFICIAL-R2:64_PER_CLASS,64,2,NEURAL,A4-C3-MULTI-PROB-AVG,C3,27,45,0.4288537549407115,0.4891304347826087,0.06027667984189722
STAGE18S_SUPPLEMENT,PhysioNetMI,P01-L1-LOW-CAL-OFFICIAL-R2:64_PER_CLASS,64,2,NEURAL,A4-C3-MULTI-PROB-AVG,C3,39,45,0.4950592885375494,0.5741106719367589,0.07905138339920953
STAGE18S_SUPPLEMENT,PhysioNetMI,P01-L1-LOW-CAL-OFFICIAL-R2:64_PER_CLASS,64,2,NEURAL,A4-C3-MULTI-PROB-AVG,C3,40,45,0.4017857142857143,0.5029761904761905,0.10119047619047616
STAGE18S_SUPPLEMENT,PhysioNetMI,P01-L1-LOW-CAL-OFFICIAL-R2:64_PER_CLASS,64,2,NEURAL,A4-C3-MULTI-PROB-AVG,C3,47,45,0.6101190476190476,0.36904761904761907,-0.2410714285714285
STAGE18S_SUPPLEMENT,PhysioNetMI,P01-L1-LOW-CAL-OFFICIAL-R2:64_PER_CLASS,64,2,NEURAL,A4-C3-MULTI-PROB-AVG,C3,48,45,0.5810276679841897,0.5187747035573123,-0.062252964426877444
STAGE18S_SUPPLEMENT,PhysioNetMI,P01-L1-LOW-CAL-OFFICIAL-R2:64_PER_CLASS,64,2,NEURAL,A4-C3-MULTI-PROB-AVG,C3,57,45,0.5565476190476191,0.5982142857142857,0.04166666666666663
STAGE18S_SUPPLEMENT,PhysioNetMI,P01-L1-LOW-CAL-OFFICIAL-R2:64_PER_CLASS,64,2,NEURAL,A4-C3-MULTI-PROB-AVG,C3,6,45,0.4970238095238095,0.5267857142857143,0.029761904761904823
STAGE18S_SUPPLEMENT,PhysioNetMI,P01-L1-LOW-CAL-OFFICIAL-R2:64_PER_CLASS,64,2,NEURAL,A4-C3-MULTI-PROB-AVG,C3,71,45,0.616600790513834,0.5503952569169961,-0.0662055335968379
STAGE18S_SUPPLEMENT,PhysioNetMI,P01-L1-LOW-CAL-OFFICIAL-R2:64_PER_CLASS,64,2,NEURAL,A4-C3-MULTI-PROB-AVG,C3,93,45,0.7154150197628458,0.5810276679841897,-0.13438735177865613
STAGE18S_SUPPLEMENT,PhysioNetMI,P01-L1-LOW-CAL-OFFICIAL-R2:64_PER_CLASS,64,2,NEURAL,A4-C3-MULTI-PROB-AVG,C3,98,45,0.6264822134387352,0.4634387351778656,-0.16304347826086962
STAGE18S_SUPPLEMENT,PhysioNetMI,P01-L1-LOW-CAL-OFFICIAL-R2:8_PER_CLASS,8,1,NEURAL,A4-C3-MULTI-PROB-AVG,C3,107,45,0.5,0.5,0.0
STAGE18S_SUPPLEMENT,PhysioNetMI,P01-L1-LOW-CAL-OFFICIAL-R2:8_PER_CLASS,8,1,NEURAL,A4-C3-MULTI-PROB-AVG,C3,27,45,0.5,0.5,0.0
STAGE18S_SUPPLEMENT,PhysioNetMI,P01-L1-LOW-CAL-OFFICIAL-R2:8_PER_CLASS,8,1,NEURAL,A4-C3-MULTI-PROB-AVG,C3,39,45,0.5,0.5,0.0
STAGE18S_SUPPLEMENT,PhysioNetMI,P01-L1-LOW-CAL-OFFICIAL-R2:8_PER_CLASS,8,1,NEURAL,A4-C3-MULTI-PROB-AVG,C3,40,45,0.5,0.5,0.0
STAGE18S_SUPPLEMENT,PhysioNetMI,P01-L1-LOW-CAL-OFFICIAL-R2:8_PER_CLASS,8,1,NEURAL,A4-C3-MULTI-PROB-AVG,C3,47,45,0.5,0.5,0.0
STAGE18S_SUPPLEMENT,PhysioNetMI,P01-L1-LOW-CAL-OFFICIAL-R2:8_PER_CLASS,8,1,NEURAL,A4-C3-MULTI-PROB-AVG,C3,48,45,0.5335968379446641,0.45454545454545453,-0.07905138339920953
STAGE18S_SUPPLEMENT,PhysioNetMI,P01-L1-LOW-CAL-OFFICIAL-R2:8_PER_CLASS,8,1,NEURAL,A4-C3-MULTI-PROB-AVG,C3,57,45,0.5,0.5,0.0
STAGE18S_SUPPLEMENT,PhysioNetMI,P01-L1-LOW-CAL-OFFICIAL-R2:8_PER_CLASS,8,1,NEURAL,A4-C3-MULTI-PROB-AVG,C3,6,45,0.5,0.5,0.0
STAGE18S_SUPPLEMENT,PhysioNetMI,P01-L1-LOW-CAL-OFFICIAL-R2:8_PER_CLASS,8,1,NEURAL,A4-C3-MULTI-PROB-AVG,C3,71,45,0.5,0.5,0.0
STAGE18S_SUPPLEMENT,PhysioNetMI,P01-L1-LOW-CAL-OFFICIAL-R2:8_PER_CLASS,8,1,NEURAL,A4-C3-MULTI-PROB-AVG,C3,93,45,0.5,0.5,0.0
STAGE18S_SUPPLEMENT,PhysioNetMI,P01-L1-LOW-CAL-OFFICIAL-R2:8_PER_CLASS,8,1,NEURAL,A4-C3-MULTI-PROB-AVG,C3,98,45,0.5,0.5,0.0
STAGE18S_SUPPLEMENT,PhysioNetMI,P01-L1-LOW-CAL-OFFICIAL-R2:8_PER_CLASS,8,2,NEURAL,A4-C3-MULTI-PROB-AVG,C3,107,45,0.4910714285714286,0.4791666666666667,-0.011904761904761918
STAGE18S_SUPPLEMENT,PhysioNetMI,P01-L1-LOW-CAL-OFFICIAL-R2:8_PER_CLASS,8,2,NEURAL,A4-C3-MULTI-PROB-AVG,C3,27,45,0.5335968379446641,0.5,-0.03359683794466406
STAGE18S_SUPPLEMENT,PhysioNetMI,P01-L1-LOW-CAL-OFFICIAL-R2:8_PER_CLASS,8,2,NEURAL,A4-C3-MULTI-PROB-AVG,C3,39,45,0.4288537549407115,0.4169960474308301,-0.01185770750988141
STAGE18S_SUPPLEMENT,PhysioNetMI,P01-L1-LOW-CAL-OFFICIAL-R2:8_PER_CLASS,8,2,NEURAL,A4-C3-MULTI-PROB-AVG,C3,40,45,0.47619047619047616,0.5,0.023809523809523836
STAGE18S_SUPPLEMENT,PhysioNetMI,P01-L1-LOW-CAL-OFFICIAL-R2:8_PER_CLASS,8,2,NEURAL,A4-C3-MULTI-PROB-AVG,C3,47,45,0.5,0.5,0.0
STAGE18S_SUPPLEMENT,PhysioNetMI,P01-L1-LOW-CAL-OFFICIAL-R2:8_PER_CLASS,8,2,NEURAL,A4-C3-MULTI-PROB-AVG,C3,48,45,0.5,0.35276679841897235,-0.14723320158102765
STAGE18S_SUPPLEMENT,PhysioNetMI,P01-L1-LOW-CAL-OFFICIAL-R2:8_PER_CLASS,8,2,NEURAL,A4-C3-MULTI-PROB-AVG,C3,57,45,0.49404761904761907,0.5446428571428572,0.05059523809523814
STAGE18S_SUPPLEMENT,PhysioNetMI,P01-L1-LOW-CAL-OFFICIAL-R2:8_PER_CLASS,8,2,NEURAL,A4-C3-MULTI-PROB-AVG,C3,6,45,0.4851190476190476,0.5,0.014880952380952384
STAGE18S_SUPPLEMENT,PhysioNetMI,P01-L1-LOW-CAL-OFFICIAL-R2:8_PER_CLASS,8,2,NEURAL,A4-C3-MULTI-PROB-AVG,C3,71,45,0.4505928853754941,0.5,0.04940711462450592
STAGE18S_SUPPLEMENT,PhysioNetMI,P01-L1-LOW-CAL-OFFICIAL-R2:8_PER_CLASS,8,2,NEURAL,A4-C3-MULTI-PROB-AVG,C3,93,45,0.5,0.5,0.0
STAGE18S_SUPPLEMENT,PhysioNetMI,P01-L1-LOW-CAL-OFFICIAL-R2:8_PER_CLASS,8,2,NEURAL,A4-C3-MULTI-PROB-AVG,C3,98,45,0.5,0.5,0.0
STAGE18S_SUPPLEMENT,PhysioNetMI,FULL_TRAIN,FULL,1,SSL,A4-C2-MULTI-HARD-VOTE,C2,107,45,0.5357142857142857,0.4732142857142857,-0.0625
STAGE18S_SUPPLEMENT,PhysioNetMI,FULL_TRAIN,FULL,1,SSL,A4-C2-MULTI-HARD-VOTE,C2,27,45,0.5810276679841897,0.5553359683794465,-0.025691699604743157
STAGE18S_SUPPLEMENT,PhysioNetMI,FULL_TRAIN,FULL,1,SSL,A4-C2-MULTI-HARD-VOTE,C2,39,45,0.4723320158102767,0.4426877470355731,-0.029644268774703553
STAGE18S_SUPPLEMENT,PhysioNetMI,FULL_TRAIN,FULL,1,SSL,A4-C2-MULTI-HARD-VOTE,C2,40,45,0.4880952380952381,0.47023809523809523,-0.01785714285714285
STAGE18S_SUPPLEMENT,PhysioNetMI,FULL_TRAIN,FULL,1,SSL,A4-C2-MULTI-HARD-VOTE,C2,47,45,0.5029761904761905,0.48511904761904756,-0.017857142857142905
STAGE18S_SUPPLEMENT,PhysioNetMI,FULL_TRAIN,FULL,1,SSL,A4-C2-MULTI-HARD-VOTE,C2,48,45,0.6877470355731226,0.7154150197628458,0.02766798418972327
STAGE18S_SUPPLEMENT,PhysioNetMI,FULL_TRAIN,FULL,1,SSL,A4-C2-MULTI-HARD-VOTE,C2,57,45,0.43154761904761907,0.48214285714285715,0.05059523809523808
STAGE18S_SUPPLEMENT,PhysioNetMI,FULL_TRAIN,FULL,1,SSL,A4-C2-MULTI-HARD-VOTE,C2,6,45,0.5208333333333333,0.4494047619047619,-0.07142857142857134
STAGE18S_SUPPLEMENT,PhysioNetMI,FULL_TRAIN,FULL,1,SSL,A4-C2-MULTI-HARD-VOTE,C2,71,45,0.6689723320158103,0.6719367588932806,0.0029644268774703386
STAGE18S_SUPPLEMENT,PhysioNetMI,FULL_TRAIN,FULL,1,SSL,A4-C2-MULTI-HARD-VOTE,C2,93,45,0.5780632411067194,0.6432806324110671,0.06521739130434778
STAGE18S_SUPPLEMENT,PhysioNetMI,FULL_TRAIN,FULL,1,SSL,A4-C2-MULTI-HARD-VOTE,C2,98,45,0.44367588932806323,0.5079051383399209,0.06422924901185767
STAGE18S_SUPPLEMENT,PhysioNetMI,FULL_TRAIN,FULL,2,SSL,A4-C2-MULTI-HARD-VOTE,C2,107,45,0.5,0.5327380952380952,0.03273809523809523
STAGE18S_SUPPLEMENT,PhysioNetMI,FULL_TRAIN,FULL,2,SSL,A4-C2-MULTI-HARD-VOTE,C2,27,45,0.5810276679841897,0.5810276679841897,0.0
STAGE18S_SUPPLEMENT,PhysioNetMI,FULL_TRAIN,FULL,2,SSL,A4-C2-MULTI-HARD-VOTE,C2,39,45,0.5108695652173914,0.26778656126482214,-0.2430830039525692
STAGE18S_SUPPLEMENT,PhysioNetMI,FULL_TRAIN,FULL,2,SSL,A4-C2-MULTI-HARD-VOTE,C2,40,45,0.5684523809523809,0.5,-0.06845238095238093
STAGE18S_SUPPLEMENT,PhysioNetMI,FULL_TRAIN,FULL,2,SSL,A4-C2-MULTI-HARD-VOTE,C2,47,45,0.4226190476190476,0.5446428571428572,0.12202380952380959
STAGE18S_SUPPLEMENT,PhysioNetMI,FULL_TRAIN,FULL,2,SSL,A4-C2-MULTI-HARD-VOTE,C2,48,45,0.7786561264822134,0.7114624505928854,-0.06719367588932801
STAGE18S_SUPPLEMENT,PhysioNetMI,FULL_TRAIN,FULL,2,SSL,A4-C2-MULTI-HARD-VOTE,C2,57,45,0.5654761904761905,0.5863095238095238,0.02083333333333337
STAGE18S_SUPPLEMENT,PhysioNetMI,FULL_TRAIN,FULL,2,SSL,A4-C2-MULTI-HARD-VOTE,C2,6,45,0.5208333333333333,0.3869047619047619,-0.13392857142857134
STAGE18S_SUPPLEMENT,PhysioNetMI,FULL_TRAIN,FULL,2,SSL,A4-C2-MULTI-HARD-VOTE,C2,71,45,0.7144268774703557,0.6462450592885376,-0.06818181818181812
STAGE18S_SUPPLEMENT,PhysioNetMI,FULL_TRAIN,FULL,2,SSL,A4-C2-MULTI-HARD-VOTE,C2,93,45,0.6699604743083004,0.7549407114624507,0.08498023715415026
STAGE18S_SUPPLEMENT,PhysioNetMI,FULL_TRAIN,FULL,2,SSL,A4-C2-MULTI-HARD-VOTE,C2,98,45,0.6037549407114624,0.5355731225296443,-0.06818181818181812
STAGE18S_SUPPLEMENT,PhysioNetMI,P01-L1-LOW-CAL-OFFICIAL-R2:128_PER_CLASS,128,0,SSL,A4-C2-MULTI-HARD-VOTE,C2,107,45,0.5119047619047619,0.46726190476190477,-0.044642857142857095
STAGE18S_SUPPLEMENT,PhysioNetMI,P01-L1-LOW-CAL-OFFICIAL-R2:128_PER_CLASS,128,0,SSL,A4-C2-MULTI-HARD-VOTE,C2,27,45,0.5563241106719368,0.6225296442687747,0.0662055335968379
STAGE18S_SUPPLEMENT,PhysioNetMI,P01-L1-LOW-CAL-OFFICIAL-R2:128_PER_CLASS,128,0,SSL,A4-C2-MULTI-HARD-VOTE,C2,39,45,0.4209486166007905,0.35276679841897235,-0.06818181818181818
STAGE18S_SUPPLEMENT,PhysioNetMI,P01-L1-LOW-CAL-OFFICIAL-R2:128_PER_CLASS,128,0,SSL,A4-C2-MULTI-HARD-VOTE,C2,40,45,0.44047619047619047,0.5863095238095238,0.14583333333333337
STAGE18S_SUPPLEMENT,PhysioNetMI,P01-L1-LOW-CAL-OFFICIAL-R2:128_PER_CLASS,128,0,SSL,A4-C2-MULTI-HARD-VOTE,C2,47,45,0.45833333333333337,0.4732142857142857,0.014880952380952328
STAGE18S_SUPPLEMENT,PhysioNetMI,P01-L1-LOW-CAL-OFFICIAL-R2:128_PER_CLASS,128,0,SSL,A4-C2-MULTI-HARD-VOTE,C2,48,45,0.4723320158102767,0.5108695652173914,0.03853754940711468
STAGE18S_SUPPLEMENT,PhysioNetMI,P01-L1-LOW-CAL-OFFICIAL-R2:128_PER_CLASS,128,0,SSL,A4-C2-MULTI-HARD-VOTE,C2,57,45,0.5238095238095237,0.5297619047619048,0.005952380952381042
STAGE18S_SUPPLEMENT,PhysioNetMI,P01-L1-LOW-CAL-OFFICIAL-R2:128_PER_CLASS,128,0,SSL,A4-C2-MULTI-HARD-VOTE,C2,6,45,0.6160714285714286,0.5148809523809523,-0.10119047619047628
STAGE18S_SUPPLEMENT,PhysioNetMI,P01-L1-LOW-CAL-OFFICIAL-R2:128_PER_CLASS,128,0,SSL,A4-C2-MULTI-HARD-VOTE,C2,71,45,0.37944664031620556,0.4051383399209486,0.025691699604743046
STAGE18S_SUPPLEMENT,PhysioNetMI,P01-L1-LOW-CAL-OFFICIAL-R2:128_PER_CLASS,128,0,SSL,A4-C2-MULTI-HARD-VOTE,C2,93,45,0.46739130434782605,0.5069169960474308,0.03952569169960474
STAGE18S_SUPPLEMENT,PhysioNetMI,P01-L1-LOW-CAL-OFFICIAL-R2:128_PER_CLASS,128,0,SSL,A4-C2-MULTI-HARD-VOTE,C2,98,45,0.5563241106719368,0.575098814229249,0.018774703557312256
STAGE18S_SUPPLEMENT,PhysioNetMI,P01-L1-LOW-CAL-OFFICIAL-R2:128_PER_CLASS,128,1,SSL,A4-C2-MULTI-HARD-VOTE,C2,107,45,0.5565476190476191,0.6130952380952381,0.05654761904761907
STAGE18S_SUPPLEMENT,PhysioNetMI,P01-L1-LOW-CAL-OFFICIAL-R2:128_PER_CLASS,128,1,SSL,A4-C2-MULTI-HARD-VOTE,C2,27,45,0.49011857707509876,0.49308300395256915,0.002964426877470394
STAGE18S_SUPPLEMENT,PhysioNetMI,P01-L1-LOW-CAL-OFFICIAL-R2:128_PER_CLASS,128,1,SSL,A4-C2-MULTI-HARD-VOTE,C2,39,45,0.4891304347826087,0.383399209486166,-0.10573122529644269
STAGE18S_SUPPLEMENT,PhysioNetMI,P01-L1-LOW-CAL-OFFICIAL-R2:128_PER_CLASS,128,1,SSL,A4-C2-MULTI-HARD-VOTE,C2,40,45,0.5267857142857143,0.3869047619047619,-0.13988095238095238
STAGE18S_SUPPLEMENT,PhysioNetMI,P01-L1-LOW-CAL-OFFICIAL-R2:128_PER_CLASS,128,1,SSL,A4-C2-MULTI-HARD-VOTE,C2,47,45,0.5357142857142857,0.49404761904761907,-0.04166666666666663
STAGE18S_SUPPLEMENT,PhysioNetMI,P01-L1-LOW-CAL-OFFICIAL-R2:128_PER_CLASS,128,1,SSL,A4-C2-MULTI-HARD-VOTE,C2,48,45,0.5158102766798419,0.5978260869565217,0.08201581027667981
STAGE18S_SUPPLEMENT,PhysioNetMI,P01-L1-LOW-CAL-OFFICIAL-R2:128_PER_CLASS,128,1,SSL,A4-C2-MULTI-HARD-VOTE,C2,57,45,0.5059523809523809,0.5535714285714286,0.04761904761904767
STAGE18S_SUPPLEMENT,PhysioNetMI,P01-L1-LOW-CAL-OFFICIAL-R2:128_PER_CLASS,128,1,SSL,A4-C2-MULTI-HARD-VOTE,C2,6,45,0.6190476190476191,0.5952380952380952,-0.023809523809523836
STAGE18S_SUPPLEMENT,PhysioNetMI,P01-L1-LOW-CAL-OFFICIAL-R2:128_PER_CLASS,128,1,SSL,A4-C2-MULTI-HARD-VOTE,C2,71,45,0.3349802371541502,0.4397233201581028,0.10474308300395258
STAGE18S_SUPPLEMENT,PhysioNetMI,P01-L1-LOW-CAL-OFFICIAL-R2:128_PER_CLASS,128,1,SSL,A4-C2-MULTI-HARD-VOTE,C2,93,45,0.5553359683794465,0.5592885375494071,0.0039525691699605625
STAGE18S_SUPPLEMENT,PhysioNetMI,P01-L1-LOW-CAL-OFFICIAL-R2:128_PER_CLASS,128,1,SSL,A4-C2-MULTI-HARD-VOTE,C2,98,45,0.5553359683794465,0.46936758893280633,-0.08596837944664021
STAGE18S_SUPPLEMENT,PhysioNetMI,P01-L1-LOW-CAL-OFFICIAL-R2:128_PER_CLASS,128,2,SSL,A4-C2-MULTI-HARD-VOTE,C2,107,45,0.5595238095238095,0.5,-0.059523809523809534
STAGE18S_SUPPLEMENT,PhysioNetMI,P01-L1-LOW-CAL-OFFICIAL-R2:128_PER_CLASS,128,2,SSL,A4-C2-MULTI-HARD-VOTE,C2,27,45,0.5345849802371542,0.5978260869565217,0.06324110671936756
STAGE18S_SUPPLEMENT,PhysioNetMI,P01-L1-LOW-CAL-OFFICIAL-R2:128_PER_CLASS,128,2,SSL,A4-C2-MULTI-HARD-VOTE,C2,39,45,0.3547430830039526,0.4841897233201581,0.1294466403162055
STAGE18S_SUPPLEMENT,PhysioNetMI,P01-L1-LOW-CAL-OFFICIAL-R2:128_PER_CLASS,128,2,SSL,A4-C2-MULTI-HARD-VOTE,C2,40,45,0.5029761904761905,0.4285714285714286,-0.07440476190476186
STAGE18S_SUPPLEMENT,PhysioNetMI,P01-L1-LOW-CAL-OFFICIAL-R2:128_PER_CLASS,128,2,SSL,A4-C2-MULTI-HARD-VOTE,C2,47,45,0.5089285714285714,0.42559523809523814,-0.08333333333333326
STAGE18S_SUPPLEMENT,PhysioNetMI,P01-L1-LOW-CAL-OFFICIAL-R2:128_PER_CLASS,128,2,SSL,A4-C2-MULTI-HARD-VOTE,C2,48,45,0.4713438735177865,0.4258893280632411,-0.045454545454545414
STAGE18S_SUPPLEMENT,PhysioNetMI,P01-L1-LOW-CAL-OFFICIAL-R2:128_PER_CLASS,128,2,SSL,A4-C2-MULTI-HARD-VOTE,C2,57,45,0.46726190476190477,0.4107142857142857,-0.05654761904761907
STAGE18S_SUPPLEMENT,PhysioNetMI,P01-L1-LOW-CAL-OFFICIAL-R2:128_PER_CLASS,128,2,SSL,A4-C2-MULTI-HARD-VOTE,C2,6,45,0.49107142857142855,0.5595238095238095,0.06845238095238099
STAGE18S_SUPPLEMENT,PhysioNetMI,P01-L1-LOW-CAL-OFFICIAL-R2:128_PER_CLASS,128,2,SSL,A4-C2-MULTI-HARD-VOTE,C2,71,45,0.3804347826086957,0.4041501976284585,0.02371541501976282
STAGE18S_SUPPLEMENT,PhysioNetMI,P01-L1-LOW-CAL-OFFICIAL-R2:128_PER_CLASS,128,2,SSL,A4-C2-MULTI-HARD-VOTE,C2,93,45,0.48814229249011853,0.5503952569169961,0.062252964426877555
STAGE18S_SUPPLEMENT,PhysioNetMI,P01-L1-LOW-CAL-OFFICIAL-R2:128_PER_CLASS,128,2,SSL,A4-C2-MULTI-HARD-VOTE,C2,98,45,0.5533596837944664,0.4871541501976284,-0.066205533596838
STAGE18S_SUPPLEMENT,PhysioNetMI,P01-L1-LOW-CAL-OFFICIAL-R2:16_PER_CLASS,16,0,SSL,A4-C2-MULTI-HARD-VOTE,C2,107,45,0.49702380952380953,0.5416666666666666,0.044642857142857095
STAGE18S_SUPPLEMENT,PhysioNetMI,P01-L1-LOW-CAL-OFFICIAL-R2:16_PER_CLASS,16,0,SSL,A4-C2-MULTI-HARD-VOTE,C2,27,45,0.5543478260869565,0.4871541501976284,-0.06719367588932812
STAGE18S_SUPPLEMENT,PhysioNetMI,P01-L1-LOW-CAL-OFFICIAL-R2:16_PER_CLASS,16,0,SSL,A4-C2-MULTI-HARD-VOTE,C2,39,45,0.5503952569169961,0.41897233201581024,-0.13142292490118584
STAGE18S_SUPPLEMENT,PhysioNetMI,P01-L1-LOW-CAL-OFFICIAL-R2:16_PER_CLASS,16,0,SSL,A4-C2-MULTI-HARD-VOTE,C2,40,45,0.5446428571428572,0.5654761904761905,0.02083333333333326
STAGE18S_SUPPLEMENT,PhysioNetMI,P01-L1-LOW-CAL-OFFICIAL-R2:16_PER_CLASS,16,0,SSL,A4-C2-MULTI-HARD-VOTE,C2,47,45,0.49702380952380953,0.5297619047619048,0.03273809523809523
STAGE18S_SUPPLEMENT,PhysioNetMI,P01-L1-LOW-CAL-OFFICIAL-R2:16_PER_CLASS,16,0,SSL,A4-C2-MULTI-HARD-VOTE,C2,48,45,0.4940711462450593,0.37648221343873517,-0.11758893280632415
STAGE18S_SUPPLEMENT,PhysioNetMI,P01-L1-LOW-CAL-OFFICIAL-R2:16_PER_CLASS,16,0,SSL,A4-C2-MULTI-HARD-VOTE,C2,57,45,0.5386904761904762,0.5982142857142857,0.059523809523809534
STAGE18S_SUPPLEMENT,PhysioNetMI,P01-L1-LOW-CAL-OFFICIAL-R2:16_PER_CLASS,16,0,SSL,A4-C2-MULTI-HARD-VOTE,C2,6,45,0.6041666666666666,0.6279761904761905,0.023809523809523836
STAGE18S_SUPPLEMENT,PhysioNetMI,P01-L1-LOW-CAL-OFFICIAL-R2:16_PER_CLASS,16,0,SSL,A4-C2-MULTI-HARD-VOTE,C2,71,45,0.46936758893280633,0.5810276679841897,0.11166007905138337
STAGE18S_SUPPLEMENT,PhysioNetMI,P01-L1-LOW-CAL-OFFICIAL-R2:16_PER_CLASS,16,0,SSL,A4-C2-MULTI-HARD-VOTE,C2,93,45,0.5484189723320158,0.47924901185770746,-0.06916996047430829
STAGE18S_SUPPLEMENT,PhysioNetMI,P01-L1-LOW-CAL-OFFICIAL-R2:16_PER_CLASS,16,0,SSL,A4-C2-MULTI-HARD-VOTE,C2,98,45,0.4397233201581028,0.48320158102766797,0.04347826086956519
STAGE18S_SUPPLEMENT,PhysioNetMI,P01-L1-LOW-CAL-OFFICIAL-R2:1_PER_CLASS,1,1,SSL,A4-C2-MULTI-HARD-VOTE,C2,107,45,0.4821428571428571,0.5595238095238095,0.07738095238095244
STAGE18S_SUPPLEMENT,PhysioNetMI,P01-L1-LOW-CAL-OFFICIAL-R2:1_PER_CLASS,1,1,SSL,A4-C2-MULTI-HARD-VOTE,C2,27,45,0.5019762845849802,0.44367588932806323,-0.05830039525691699
STAGE18S_SUPPLEMENT,PhysioNetMI,P01-L1-LOW-CAL-OFFICIAL-R2:1_PER_CLASS,1,1,SSL,A4-C2-MULTI-HARD-VOTE,C2,39,45,0.5009881422924901,0.47035573122529645,-0.030632411067193666
STAGE18S_SUPPLEMENT,PhysioNetMI,P01-L1-LOW-CAL-OFFICIAL-R2:1_PER_CLASS,1,1,SSL,A4-C2-MULTI-HARD-VOTE,C2,40,45,0.4732142857142857,0.5267857142857143,0.0535714285714286
STAGE18S_SUPPLEMENT,PhysioNetMI,P01-L1-LOW-CAL-OFFICIAL-R2:1_PER_CLASS,1,1,SSL,A4-C2-MULTI-HARD-VOTE,C2,47,45,0.5,0.44345238095238093,-0.05654761904761907
STAGE18S_SUPPLEMENT,PhysioNetMI,P01-L1-LOW-CAL-OFFICIAL-R2:1_PER_CLASS,1,1,SSL,A4-C2-MULTI-HARD-VOTE,C2,48,45,0.5187747035573123,0.5049407114624506,-0.013833992094861691
STAGE18S_SUPPLEMENT,PhysioNetMI,P01-L1-LOW-CAL-OFFICIAL-R2:1_PER_CLASS,1,1,SSL,A4-C2-MULTI-HARD-VOTE,C2,57,45,0.5,0.40476190476190477,-0.09523809523809523
STAGE18S_SUPPLEMENT,PhysioNetMI,P01-L1-LOW-CAL-OFFICIAL-R2:1_PER_CLASS,1,1,SSL,A4-C2-MULTI-HARD-VOTE,C2,6,45,0.5,0.6190476190476191,0.11904761904761907
STAGE18S_SUPPLEMENT,PhysioNetMI,P01-L1-LOW-CAL-OFFICIAL-R2:1_PER_CLASS,1,1,SSL,A4-C2-MULTI-HARD-VOTE,C2,71,45,0.4772727272727273,0.40118577075098816,-0.07608695652173914
STAGE18S_SUPPLEMENT,PhysioNetMI,P01-L1-LOW-CAL-OFFICIAL-R2:1_PER_CLASS,1,1,SSL,A4-C2-MULTI-HARD-VOTE,C2,93,45,0.4357707509881423,0.48221343873517786,0.04644268774703558
STAGE18S_SUPPLEMENT,PhysioNetMI,P01-L1-LOW-CAL-OFFICIAL-R2:1_PER_CLASS,1,1,SSL,A4-C2-MULTI-HARD-VOTE,C2,98,45,0.5247035573122529,0.48320158102766797,-0.04150197628458496
STAGE18S_SUPPLEMENT,PhysioNetMI,P01-L1-LOW-CAL-OFFICIAL-R2:1_PER_CLASS,1,2,SSL,A4-C2-MULTI-HARD-VOTE,C2,107,45,0.5654761904761905,0.4821428571428571,-0.08333333333333337
STAGE18S_SUPPLEMENT,PhysioNetMI,P01-L1-LOW-CAL-OFFICIAL-R2:1_PER_CLASS,1,2,SSL,A4-C2-MULTI-HARD-VOTE,C2,27,45,0.5158102766798419,0.5009881422924901,-0.014822134387351804
STAGE18S_SUPPLEMENT,PhysioNetMI,P01-L1-LOW-CAL-OFFICIAL-R2:1_PER_CLASS,1,2,SSL,A4-C2-MULTI-HARD-VOTE,C2,39,45,0.5118577075098814,0.45750988142292487,-0.054347826086956486
STAGE18S_SUPPLEMENT,PhysioNetMI,P01-L1-LOW-CAL-OFFICIAL-R2:1_PER_CLASS,1,2,SSL,A4-C2-MULTI-HARD-VOTE,C2,40,45,0.5744047619047619,0.5,-0.07440476190476186
STAGE18S_SUPPLEMENT,PhysioNetMI,P01-L1-LOW-CAL-OFFICIAL-R2:1_PER_CLASS,1,2,SSL,A4-C2-MULTI-HARD-VOTE,C2,47,45,0.4196428571428571,0.5,0.0803571428571429
STAGE18S_SUPPLEMENT,PhysioNetMI,P01-L1-LOW-CAL-OFFICIAL-R2:1_PER_CLASS,1,2,SSL,A4-C2-MULTI-HARD-VOTE,C2,48,45,0.5098814229249011,0.4950592885375494,-0.014822134387351749
STAGE18S_SUPPLEMENT,PhysioNetMI,P01-L1-LOW-CAL-OFFICIAL-R2:1_PER_CLASS,1,2,SSL,A4-C2-MULTI-HARD-VOTE,C2,57,45,0.43154761904761907,0.5476190476190477,0.1160714285714286
STAGE18S_SUPPLEMENT,PhysioNetMI,P01-L1-LOW-CAL-OFFICIAL-R2:1_PER_CLASS,1,2,SSL,A4-C2-MULTI-HARD-VOTE,C2,6,45,0.49702380952380953,0.5,0.0029761904761904656
STAGE18S_SUPPLEMENT,PhysioNetMI,P01-L1-LOW-CAL-OFFICIAL-R2:1_PER_CLASS,1,2,SSL,A4-C2-MULTI-HARD-VOTE,C2,71,45,0.5741106719367589,0.4772727272727273,-0.09683794466403162
STAGE18S_SUPPLEMENT,PhysioNetMI,P01-L1-LOW-CAL-OFFICIAL-R2:1_PER_CLASS,1,2,SSL,A4-C2-MULTI-HARD-VOTE,C2,93,45,0.491106719367589,0.4782608695652174,-0.012845849802371578
STAGE18S_SUPPLEMENT,PhysioNetMI,P01-L1-LOW-CAL-OFFICIAL-R2:1_PER_CLASS,1,2,SSL,A4-C2-MULTI-HARD-VOTE,C2,98,45,0.5355731225296443,0.45750988142292487,-0.07806324110671942
STAGE18S_SUPPLEMENT,PhysioNetMI,P01-L1-LOW-CAL-OFFICIAL-R2:256_PER_CLASS,256,0,SSL,A4-C2-MULTI-HARD-VOTE,C2,107,45,0.5714285714285714,0.5803571428571428,0.008928571428571397
STAGE18S_SUPPLEMENT,PhysioNetMI,P01-L1-LOW-CAL-OFFICIAL-R2:256_PER_CLASS,256,0,SSL,A4-C2-MULTI-HARD-VOTE,C2,27,45,0.49604743083003955,0.5780632411067194,0.08201581027667981
STAGE18S_SUPPLEMENT,PhysioNetMI,P01-L1-LOW-CAL-OFFICIAL-R2:256_PER_CLASS,256,0,SSL,A4-C2-MULTI-HARD-VOTE,C2,39,45,0.48814229249011853,0.5523715415019763,0.06422924901185778
STAGE18S_SUPPLEMENT,PhysioNetMI,P01-L1-LOW-CAL-OFFICIAL-R2:256_PER_CLASS,256,0,SSL,A4-C2-MULTI-HARD-VOTE,C2,40,45,0.40476190476190477,0.4494047619047619,0.04464285714285715
STAGE18S_SUPPLEMENT,PhysioNetMI,P01-L1-LOW-CAL-OFFICIAL-R2:256_PER_CLASS,256,0,SSL,A4-C2-MULTI-HARD-VOTE,C2,47,45,0.4285714285714286,0.6041666666666666,0.17559523809523803
STAGE18S_SUPPLEMENT,PhysioNetMI,P01-L1-LOW-CAL-OFFICIAL-R2:256_PER_CLASS,256,0,SSL,A4-C2-MULTI-HARD-VOTE,C2,48,45,0.6877470355731226,0.5326086956521738,-0.15513833992094872
STAGE18S_SUPPLEMENT,PhysioNetMI,P01-L1-LOW-CAL-OFFICIAL-R2:256_PER_CLASS,256,0,SSL,A4-C2-MULTI-HARD-VOTE,C2,57,45,0.5208333333333333,0.5535714285714286,0.032738095238095344
STAGE18S_SUPPLEMENT,PhysioNetMI,P01-L1-LOW-CAL-OFFICIAL-R2:256_PER_CLASS,256,0,SSL,A4-C2-MULTI-HARD-VOTE,C2,6,45,0.6428571428571428,0.6339285714285714,-0.008928571428571397
STAGE18S_SUPPLEMENT,PhysioNetMI,P01-L1-LOW-CAL-OFFICIAL-R2:256_PER_CLASS,256,0,SSL,A4-C2-MULTI-HARD-VOTE,C2,71,45,0.5326086956521738,0.40118577075098816,-0.13142292490118568
STAGE18S_SUPPLEMENT,PhysioNetMI,P01-L1-LOW-CAL-OFFICIAL-R2:256_PER_CLASS,256,0,SSL,A4-C2-MULTI-HARD-VOTE,C2,93,45,0.5128458498023716,0.5533596837944664,0.04051383399209485
STAGE18S_SUPPLEMENT,PhysioNetMI,P01-L1-LOW-CAL-OFFICIAL-R2:256_PER_CLASS,256,0,SSL,A4-C2-MULTI-HARD-VOTE,C2,98,45,0.5355731225296443,0.5533596837944664,0.017786561264822143
STAGE18S_SUPPLEMENT,PhysioNetMI,P01-L1-LOW-CAL-OFFICIAL-R2:256_PER_CLASS,256,1,SSL,A4-C2-MULTI-HARD-VOTE,C2,107,45,0.6071428571428572,0.6279761904761905,0.02083333333333326
STAGE18S_SUPPLEMENT,PhysioNetMI,P01-L1-LOW-CAL-OFFICIAL-R2:256_PER_CLASS,256,1,SSL,A4-C2-MULTI-HARD-VOTE,C2,27,45,0.424901185770751,0.49011857707509876,0.06521739130434778
STAGE18S_SUPPLEMENT,PhysioNetMI,P01-L1-LOW-CAL-OFFICIAL-R2:256_PER_CLASS,256,1,SSL,A4-C2-MULTI-HARD-VOTE,C2,39,45,0.42193675889328064,0.5326086956521738,0.1106719367588932
STAGE18S_SUPPLEMENT,PhysioNetMI,P01-L1-LOW-CAL-OFFICIAL-R2:256_PER_CLASS,256,1,SSL,A4-C2-MULTI-HARD-VOTE,C2,40,45,0.36904761904761907,0.5535714285714286,0.18452380952380953
STAGE18S_SUPPLEMENT,PhysioNetMI,P01-L1-LOW-CAL-OFFICIAL-R2:256_PER_CLASS,256,1,SSL,A4-C2-MULTI-HARD-VOTE,C2,47,45,0.5744047619047619,0.5952380952380952,0.02083333333333337
STAGE18S_SUPPLEMENT,PhysioNetMI,P01-L1-LOW-CAL-OFFICIAL-R2:256_PER_CLASS,256,1,SSL,A4-C2-MULTI-HARD-VOTE,C2,48,45,0.5128458498023716,0.5316205533596838,0.018774703557312256
STAGE18S_SUPPLEMENT,PhysioNetMI,P01-L1-LOW-CAL-OFFICIAL-R2:256_PER_CLASS,256,1,SSL,A4-C2-MULTI-HARD-VOTE,C2,57,45,0.5297619047619048,0.4910714285714286,-0.038690476190476164
STAGE18S_SUPPLEMENT,PhysioNetMI,P01-L1-LOW-CAL-OFFICIAL-R2:256_PER_CLASS,256,1,SSL,A4-C2-MULTI-HARD-VOTE,C2,6,45,0.5208333333333334,0.6398809523809523,0.11904761904761896
STAGE18S_SUPPLEMENT,PhysioNetMI,P01-L1-LOW-CAL-OFFICIAL-R2:256_PER_CLASS,256,1,SSL,A4-C2-MULTI-HARD-VOTE,C2,71,45,0.42391304347826086,0.46640316205533594,0.042490118577075076
STAGE18S_SUPPLEMENT,PhysioNetMI,P01-L1-LOW-CAL-OFFICIAL-R2:256_PER_CLASS,256,1,SSL,A4-C2-MULTI-HARD-VOTE,C2,93,45,0.5780632411067194,0.5563241106719368,-0.021739130434782594
STAGE18S_SUPPLEMENT,PhysioNetMI,P01-L1-LOW-CAL-OFFICIAL-R2:256_PER_CLASS,256,1,SSL,A4-C2-MULTI-HARD-VOTE,C2,98,45,0.5345849802371542,0.49209486166007904,-0.04249011857707513
STAGE18S_SUPPLEMENT,PhysioNetMI,P01-L1-LOW-CAL-OFFICIAL-R2:256_PER_CLASS,256,2,SSL,A4-C2-MULTI-HARD-VOTE,C2,107,45,0.5535714285714286,0.6339285714285714,0.0803571428571428
STAGE18S_SUPPLEMENT,PhysioNetMI,P01-L1-LOW-CAL-OFFICIAL-R2:256_PER_CLASS,256,2,SSL,A4-C2-MULTI-HARD-VOTE,C2,27,45,0.46837944664031617,0.42391304347826086,-0.0444664031620553
STAGE18S_SUPPLEMENT,PhysioNetMI,P01-L1-LOW-CAL-OFFICIAL-R2:256_PER_CLASS,256,2,SSL,A4-C2-MULTI-HARD-VOTE,C2,39,45,0.3735177865612648,0.3547430830039526,-0.0187747035573122
STAGE18S_SUPPLEMENT,PhysioNetMI,P01-L1-LOW-CAL-OFFICIAL-R2:256_PER_CLASS,256,2,SSL,A4-C2-MULTI-HARD-VOTE,C2,40,45,0.37797619047619047,0.43154761904761907,0.0535714285714286
STAGE18S_SUPPLEMENT,PhysioNetMI,P01-L1-LOW-CAL-OFFICIAL-R2:256_PER_CLASS,256,2,SSL,A4-C2-MULTI-HARD-VOTE,C2,47,45,0.49107142857142855,0.5505952380952381,0.05952380952380959
STAGE18S_SUPPLEMENT,PhysioNetMI,P01-L1-LOW-CAL-OFFICIAL-R2:256_PER_CLASS,256,2,SSL,A4-C2-MULTI-HARD-VOTE,C2,48,45,0.49604743083003955,0.5118577075098814,0.015810276679841806
STAGE18S_SUPPLEMENT,PhysioNetMI,P01-L1-LOW-CAL-OFFICIAL-R2:256_PER_CLASS,256,2,SSL,A4-C2-MULTI-HARD-VOTE,C2,57,45,0.41666666666666663,0.47023809523809523,0.0535714285714286
STAGE18S_SUPPLEMENT,PhysioNetMI,P01-L1-LOW-CAL-OFFICIAL-R2:256_PER_CLASS,256,2,SSL,A4-C2-MULTI-HARD-VOTE,C2,6,45,0.49404761904761907,0.5684523809523809,0.07440476190476186
STAGE18S_SUPPLEMENT,PhysioNetMI,P01-L1-LOW-CAL-OFFICIAL-R2:256_PER_CLASS,256,2,SSL,A4-C2-MULTI-HARD-VOTE,C2,71,45,0.49308300395256915,0.46739130434782605,-0.0256916996047431
STAGE18S_SUPPLEMENT,PhysioNetMI,P01-L1-LOW-CAL-OFFICIAL-R2:256_PER_CLASS,256,2,SSL,A4-C2-MULTI-HARD-VOTE,C2,93,45,0.5978260869565217,0.5098814229249011,-0.0879446640316206
STAGE18S_SUPPLEMENT,PhysioNetMI,P01-L1-LOW-CAL-OFFICIAL-R2:256_PER_CLASS,256,2,SSL,A4-C2-MULTI-HARD-VOTE,C2,98,45,0.6185770750988142,0.5128458498023716,-0.10573122529644263
STAGE18S_SUPPLEMENT,PhysioNetMI,P01-L1-LOW-CAL-OFFICIAL-R2:32_PER_CLASS,32,0,SSL,A4-C2-MULTI-HARD-VOTE,C2,107,45,0.6011904761904763,0.6904761904761905,0.08928571428571419
STAGE18S_SUPPLEMENT,PhysioNetMI,P01-L1-LOW-CAL-OFFICIAL-R2:32_PER_CLASS,32,0,SSL,A4-C2-MULTI-HARD-VOTE,C2,27,45,0.48814229249011853,0.5118577075098814,0.02371541501976282
STAGE18S_SUPPLEMENT,PhysioNetMI,P01-L1-LOW-CAL-OFFICIAL-R2:32_PER_CLASS,32,0,SSL,A4-C2-MULTI-HARD-VOTE,C2,39,45,0.4891304347826087,0.40019762845849804,-0.08893280632411066
STAGE18S_SUPPLEMENT,PhysioNetMI,P01-L1-LOW-CAL-OFFICIAL-R2:32_PER_CLASS,32,0,SSL,A4-C2-MULTI-HARD-VOTE,C2,40,45,0.37797619047619047,0.4613095238095238,0.08333333333333331
STAGE18S_SUPPLEMENT,PhysioNetMI,P01-L1-LOW-CAL-OFFICIAL-R2:32_PER_CLASS,32,0,SSL,A4-C2-MULTI-HARD-VOTE,C2,47,45,0.45833333333333337,0.4494047619047619,-0.008928571428571452
STAGE18S_SUPPLEMENT,PhysioNetMI,P01-L1-LOW-CAL-OFFICIAL-R2:32_PER_CLASS,32,0,SSL,A4-C2-MULTI-HARD-VOTE,C2,48,45,0.37747035573122534,0.40019762845849804,0.022727272727272707
STAGE18S_SUPPLEMENT,PhysioNetMI,P01-L1-LOW-CAL-OFFICIAL-R2:32_PER_CLASS,32,0,SSL,A4-C2-MULTI-HARD-VOTE,C2,57,45,0.4613095238095238,0.4910714285714286,0.029761904761904823
STAGE18S_SUPPLEMENT,PhysioNetMI,P01-L1-LOW-CAL-OFFICIAL-R2:32_PER_CLASS,32,0,SSL,A4-C2-MULTI-HARD-VOTE,C2,6,45,0.5833333333333333,0.5119047619047619,-0.0714285714285714
STAGE18S_SUPPLEMENT,PhysioNetMI,P01-L1-LOW-CAL-OFFICIAL-R2:32_PER_CLASS,32,0,SSL,A4-C2-MULTI-HARD-VOTE,C2,71,45,0.3735177865612648,0.441699604743083,0.06818181818181823
STAGE18S_SUPPLEMENT,PhysioNetMI,P01-L1-LOW-CAL-OFFICIAL-R2:32_PER_CLASS,32,0,SSL,A4-C2-MULTI-HARD-VOTE,C2,93,45,0.5326086956521738,0.5978260869565217,0.0652173913043479
STAGE18S_SUPPLEMENT,PhysioNetMI,P01-L1-LOW-CAL-OFFICIAL-R2:32_PER_CLASS,32,0,SSL,A4-C2-MULTI-HARD-VOTE,C2,98,45,0.44565217391304346,0.5098814229249011,0.06422924901185767
STAGE18S_SUPPLEMENT,PhysioNetMI,P01-L1-LOW-CAL-OFFICIAL-R2:4_PER_CLASS,4,0,SSL,A4-C2-MULTI-HARD-VOTE,C2,107,45,0.49404761904761907,0.43154761904761907,-0.0625
STAGE18S_SUPPLEMENT,PhysioNetMI,P01-L1-LOW-CAL-OFFICIAL-R2:4_PER_CLASS,4,0,SSL,A4-C2-MULTI-HARD-VOTE,C2,27,45,0.4841897233201581,0.5069169960474308,0.022727272727272707
STAGE18S_SUPPLEMENT,PhysioNetMI,P01-L1-LOW-CAL-OFFICIAL-R2:4_PER_CLASS,4,0,SSL,A4-C2-MULTI-HARD-VOTE,C2,39,45,0.4841897233201581,0.4634387351778656,-0.02075098814229248
STAGE18S_SUPPLEMENT,PhysioNetMI,P01-L1-LOW-CAL-OFFICIAL-R2:4_PER_CLASS,4,0,SSL,A4-C2-MULTI-HARD-VOTE,C2,40,45,0.47023809523809523,0.47023809523809523,0.0
STAGE18S_SUPPLEMENT,PhysioNetMI,P01-L1-LOW-CAL-OFFICIAL-R2:4_PER_CLASS,4,0,SSL,A4-C2-MULTI-HARD-VOTE,C2,47,45,0.4375,0.4583333333333333,0.020833333333333315
STAGE18S_SUPPLEMENT,PhysioNetMI,P01-L1-LOW-CAL-OFFICIAL-R2:4_PER_CLASS,4,0,SSL,A4-C2-MULTI-HARD-VOTE,C2,48,45,0.44664031620553357,0.40217391304347827,-0.0444664031620553
STAGE18S_SUPPLEMENT,PhysioNetMI,P01-L1-LOW-CAL-OFFICIAL-R2:4_PER_CLASS,4,0,SSL,A4-C2-MULTI-HARD-VOTE,C2,57,45,0.5505952380952381,0.5982142857142857,0.04761904761904756
STAGE18S_SUPPLEMENT,PhysioNetMI,P01-L1-LOW-CAL-OFFICIAL-R2:4_PER_CLASS,4,0,SSL,A4-C2-MULTI-HARD-VOTE,C2,6,45,0.5952380952380952,0.5982142857142857,0.0029761904761904656
STAGE18S_SUPPLEMENT,PhysioNetMI,P01-L1-LOW-CAL-OFFICIAL-R2:4_PER_CLASS,4,0,SSL,A4-C2-MULTI-HARD-VOTE,C2,71,45,0.35968379446640314,0.4505928853754941,0.09090909090909094
STAGE18S_SUPPLEMENT,PhysioNetMI,P01-L1-LOW-CAL-OFFICIAL-R2:4_PER_CLASS,4,0,SSL,A4-C2-MULTI-HARD-VOTE,C2,93,45,0.5,0.5227272727272727,0.022727272727272707
STAGE18S_SUPPLEMENT,PhysioNetMI,P01-L1-LOW-CAL-OFFICIAL-R2:4_PER_CLASS,4,0,SSL,A4-C2-MULTI-HARD-VOTE,C2,98,45,0.5701581027667983,0.5019762845849802,-0.06818181818181812
STAGE18S_SUPPLEMENT,PhysioNetMI,P01-L1-LOW-CAL-OFFICIAL-R2:64_PER_CLASS,64,0,SSL,A4-C2-MULTI-HARD-VOTE,C2,107,45,0.5267857142857143,0.4732142857142857,-0.0535714285714286
STAGE18S_SUPPLEMENT,PhysioNetMI,P01-L1-LOW-CAL-OFFICIAL-R2:64_PER_CLASS,64,0,SSL,A4-C2-MULTI-HARD-VOTE,C2,27,45,0.5385375494071146,0.6245059288537549,0.08596837944664026
STAGE18S_SUPPLEMENT,PhysioNetMI,P01-L1-LOW-CAL-OFFICIAL-R2:64_PER_CLASS,64,0,SSL,A4-C2-MULTI-HARD-VOTE,C2,39,45,0.5622529644268774,0.5128458498023716,-0.049407114624505866
STAGE18S_SUPPLEMENT,PhysioNetMI,P01-L1-LOW-CAL-OFFICIAL-R2:64_PER_CLASS,64,0,SSL,A4-C2-MULTI-HARD-VOTE,C2,40,45,0.41666666666666663,0.32440476190476186,-0.09226190476190477
STAGE18S_SUPPLEMENT,PhysioNetMI,P01-L1-LOW-CAL-OFFICIAL-R2:64_PER_CLASS,64,0,SSL,A4-C2-MULTI-HARD-VOTE,C2,47,45,0.38095238095238093,0.44047619047619047,0.059523809523809534
STAGE18S_SUPPLEMENT,PhysioNetMI,P01-L1-LOW-CAL-OFFICIAL-R2:64_PER_CLASS,64,0,SSL,A4-C2-MULTI-HARD-VOTE,C2,48,45,0.4377470355731225,0.42292490118577075,-0.014822134387351749
STAGE18S_SUPPLEMENT,PhysioNetMI,P01-L1-LOW-CAL-OFFICIAL-R2:64_PER_CLASS,64,0,SSL,A4-C2-MULTI-HARD-VOTE,C2,57,45,0.5119047619047619,0.6130952380952381,0.10119047619047628
STAGE18S_SUPPLEMENT,PhysioNetMI,P01-L1-LOW-CAL-OFFICIAL-R2:64_PER_CLASS,64,0,SSL,A4-C2-MULTI-HARD-VOTE,C2,6,45,0.4970238095238095,0.5148809523809523,0.01785714285714285
STAGE18S_SUPPLEMENT,PhysioNetMI,P01-L1-LOW-CAL-OFFICIAL-R2:64_PER_CLASS,64,0,SSL,A4-C2-MULTI-HARD-VOTE,C2,71,45,0.48221343873517786,0.5296442687747036,0.04743083003952575
STAGE18S_SUPPLEMENT,PhysioNetMI,P01-L1-LOW-CAL-OFFICIAL-R2:64_PER_CLASS,64,0,SSL,A4-C2-MULTI-HARD-VOTE,C2,93,45,0.46837944664031617,0.5098814229249011,0.04150197628458496
STAGE18S_SUPPLEMENT,PhysioNetMI,P01-L1-LOW-CAL-OFFICIAL-R2:64_PER_CLASS,64,0,SSL,A4-C2-MULTI-HARD-VOTE,C2,98,45,0.6037549407114624,0.5770750988142292,-0.02667984189723316
STAGE18S_SUPPLEMENT,PhysioNetMI,P01-L1-LOW-CAL-OFFICIAL-R2:64_PER_CLASS,64,1,SSL,A4-C2-MULTI-HARD-VOTE,C2,107,45,0.6130952380952381,0.5803571428571428,-0.032738095238095344
STAGE18S_SUPPLEMENT,PhysioNetMI,P01-L1-LOW-CAL-OFFICIAL-R2:64_PER_CLASS,64,1,SSL,A4-C2-MULTI-HARD-VOTE,C2,27,45,0.5563241106719368,0.6462450592885376,0.08992094861660083
STAGE18S_SUPPLEMENT,PhysioNetMI,P01-L1-LOW-CAL-OFFICIAL-R2:64_PER_CLASS,64,1,SSL,A4-C2-MULTI-HARD-VOTE,C2,39,45,0.44367588932806323,0.5118577075098814,0.06818181818181812
STAGE18S_SUPPLEMENT,PhysioNetMI,P01-L1-LOW-CAL-OFFICIAL-R2:64_PER_CLASS,64,1,SSL,A4-C2-MULTI-HARD-VOTE,C2,40,45,0.29166666666666663,0.44345238095238093,0.1517857142857143
STAGE18S_SUPPLEMENT,PhysioNetMI,P01-L1-LOW-CAL-OFFICIAL-R2:64_PER_CLASS,64,1,SSL,A4-C2-MULTI-HARD-VOTE,C2,47,45,0.48511904761904756,0.24702380952380953,-0.23809523809523803
STAGE18S_SUPPLEMENT,PhysioNetMI,P01-L1-LOW-CAL-OFFICIAL-R2:64_PER_CLASS,64,1,SSL,A4-C2-MULTI-HARD-VOTE,C2,48,45,0.46739130434782605,0.42292490118577075,-0.0444664031620553
STAGE18S_SUPPLEMENT,PhysioNetMI,P01-L1-LOW-CAL-OFFICIAL-R2:64_PER_CLASS,64,1,SSL,A4-C2-MULTI-HARD-VOTE,C2,57,45,0.4732142857142857,0.5208333333333333,0.04761904761904756
STAGE18S_SUPPLEMENT,PhysioNetMI,P01-L1-LOW-CAL-OFFICIAL-R2:64_PER_CLASS,64,1,SSL,A4-C2-MULTI-HARD-VOTE,C2,6,45,0.5565476190476191,0.40476190476190477,-0.1517857142857143
STAGE18S_SUPPLEMENT,PhysioNetMI,P01-L1-LOW-CAL-OFFICIAL-R2:64_PER_CLASS,64,1,SSL,A4-C2-MULTI-HARD-VOTE,C2,71,45,0.48814229249011853,0.41897233201581024,-0.06916996047430829
STAGE18S_SUPPLEMENT,PhysioNetMI,P01-L1-LOW-CAL-OFFICIAL-R2:64_PER_CLASS,64,1,SSL,A4-C2-MULTI-HARD-VOTE,C2,93,45,0.5780632411067194,0.5543478260869565,-0.02371541501976282
STAGE18S_SUPPLEMENT,PhysioNetMI,P01-L1-LOW-CAL-OFFICIAL-R2:64_PER_CLASS,64,1,SSL,A4-C2-MULTI-HARD-VOTE,C2,98,45,0.5553359683794465,0.6215415019762847,0.06620553359683812
STAGE18S_SUPPLEMENT,PhysioNetMI,P01-L1-LOW-CAL-OFFICIAL-R2:64_PER_CLASS,64,2,SSL,A4-C2-MULTI-HARD-VOTE,C2,107,45,0.6130952380952381,0.5625,-0.05059523809523814
STAGE18S_SUPPLEMENT,PhysioNetMI,P01-L1-LOW-CAL-OFFICIAL-R2:64_PER_CLASS,64,2,SSL,A4-C2-MULTI-HARD-VOTE,C2,27,45,0.6037549407114624,0.6462450592885376,0.04249011857707519
STAGE18S_SUPPLEMENT,PhysioNetMI,P01-L1-LOW-CAL-OFFICIAL-R2:64_PER_CLASS,64,2,SSL,A4-C2-MULTI-HARD-VOTE,C2,39,45,0.491106719367589,0.44565217391304346,-0.045454545454545525
STAGE18S_SUPPLEMENT,PhysioNetMI,P01-L1-LOW-CAL-OFFICIAL-R2:64_PER_CLASS,64,2,SSL,A4-C2-MULTI-HARD-VOTE,C2,40,45,0.41369047619047616,0.37202380952380953,-0.04166666666666663
STAGE18S_SUPPLEMENT,PhysioNetMI,P01-L1-LOW-CAL-OFFICIAL-R2:64_PER_CLASS,64,2,SSL,A4-C2-MULTI-HARD-VOTE,C2,47,45,0.4910714285714286,0.35416666666666663,-0.13690476190476197
STAGE18S_SUPPLEMENT,PhysioNetMI,P01-L1-LOW-CAL-OFFICIAL-R2:64_PER_CLASS,64,2,SSL,A4-C2-MULTI-HARD-VOTE,C2,48,45,0.5573122529644269,0.35671936758893286,-0.20059288537549402
STAGE18S_SUPPLEMENT,PhysioNetMI,P01-L1-LOW-CAL-OFFICIAL-R2:64_PER_CLASS,64,2,SSL,A4-C2-MULTI-HARD-VOTE,C2,57,45,0.43154761904761907,0.49702380952380953,0.06547619047619047
STAGE18S_SUPPLEMENT,PhysioNetMI,P01-L1-LOW-CAL-OFFICIAL-R2:64_PER_CLASS,64,2,SSL,A4-C2-MULTI-HARD-VOTE,C2,6,45,0.5386904761904762,0.5803571428571428,0.04166666666666663
STAGE18S_SUPPLEMENT,PhysioNetMI,P01-L1-LOW-CAL-OFFICIAL-R2:64_PER_CLASS,64,2,SSL,A4-C2-MULTI-HARD-VOTE,C2,71,45,0.39920948616600793,0.441699604743083,0.042490118577075076
STAGE18S_SUPPLEMENT,PhysioNetMI,P01-L1-LOW-CAL-OFFICIAL-R2:64_PER_CLASS,64,2,SSL,A4-C2-MULTI-HARD-VOTE,C2,93,45,0.42193675889328064,0.5760869565217391,0.1541501976284585
STAGE18S_SUPPLEMENT,PhysioNetMI,P01-L1-LOW-CAL-OFFICIAL-R2:64_PER_CLASS,64,2,SSL,A4-C2-MULTI-HARD-VOTE,C2,98,45,0.5800395256916996,0.5770750988142292,-0.0029644268774703386
STAGE18S_SUPPLEMENT,PhysioNetMI,P01-L1-LOW-CAL-OFFICIAL-R2:8_PER_CLASS,8,1,SSL,A4-C2-MULTI-HARD-VOTE,C2,107,45,0.5357142857142857,0.43452380952380953,-0.10119047619047616
STAGE18S_SUPPLEMENT,PhysioNetMI,P01-L1-LOW-CAL-OFFICIAL-R2:8_PER_CLASS,8,1,SSL,A4-C2-MULTI-HARD-VOTE,C2,27,45,0.6235177865612648,0.4614624505928854,-0.1620553359683794
STAGE18S_SUPPLEMENT,PhysioNetMI,P01-L1-LOW-CAL-OFFICIAL-R2:8_PER_CLASS,8,1,SSL,A4-C2-MULTI-HARD-VOTE,C2,39,45,0.491106719367589,0.5108695652173914,0.01976284584980237
STAGE18S_SUPPLEMENT,PhysioNetMI,P01-L1-LOW-CAL-OFFICIAL-R2:8_PER_CLASS,8,1,SSL,A4-C2-MULTI-HARD-VOTE,C2,40,45,0.40476190476190477,0.5952380952380952,0.19047619047619047
STAGE18S_SUPPLEMENT,PhysioNetMI,P01-L1-LOW-CAL-OFFICIAL-R2:8_PER_CLASS,8,1,SSL,A4-C2-MULTI-HARD-VOTE,C2,47,45,0.5446428571428572,0.44345238095238093,-0.10119047619047628
STAGE18S_SUPPLEMENT,PhysioNetMI,P01-L1-LOW-CAL-OFFICIAL-R2:8_PER_CLASS,8,1,SSL,A4-C2-MULTI-HARD-VOTE,C2,48,45,0.5543478260869565,0.44466403162055335,-0.1096837944664032
STAGE18S_SUPPLEMENT,PhysioNetMI,P01-L1-LOW-CAL-OFFICIAL-R2:8_PER_CLASS,8,1,SSL,A4-C2-MULTI-HARD-VOTE,C2,57,45,0.5059523809523809,0.5297619047619048,0.023809523809523836
STAGE18S_SUPPLEMENT,PhysioNetMI,P01-L1-LOW-CAL-OFFICIAL-R2:8_PER_CLASS,8,1,SSL,A4-C2-MULTI-HARD-VOTE,C2,6,45,0.47023809523809523,0.48809523809523814,0.017857142857142905
STAGE18S_SUPPLEMENT,PhysioNetMI,P01-L1-LOW-CAL-OFFICIAL-R2:8_PER_CLASS,8,1,SSL,A4-C2-MULTI-HARD-VOTE,C2,71,45,0.441699604743083,0.4268774703557312,-0.014822134387351804
STAGE18S_SUPPLEMENT,PhysioNetMI,P01-L1-LOW-CAL-OFFICIAL-R2:8_PER_CLASS,8,1,SSL,A4-C2-MULTI-HARD-VOTE,C2,93,45,0.5573122529644269,0.616600790513834,0.059288537549407105
STAGE18S_SUPPLEMENT,PhysioNetMI,P01-L1-LOW-CAL-OFFICIAL-R2:8_PER_CLASS,8,1,SSL,A4-C2-MULTI-HARD-VOTE,C2,98,45,0.4891304347826087,0.5069169960474308,0.017786561264822087
STAGE18S_SUPPLEMENT,PhysioNetMI,P01-L1-LOW-CAL-OFFICIAL-R2:8_PER_CLASS,8,2,SSL,A4-C2-MULTI-HARD-VOTE,C2,107,45,0.6071428571428572,0.5744047619047619,-0.032738095238095344
STAGE18S_SUPPLEMENT,PhysioNetMI,P01-L1-LOW-CAL-OFFICIAL-R2:8_PER_CLASS,8,2,SSL,A4-C2-MULTI-HARD-VOTE,C2,27,45,0.5365612648221344,0.5326086956521738,-0.0039525691699605625
STAGE18S_SUPPLEMENT,PhysioNetMI,P01-L1-LOW-CAL-OFFICIAL-R2:8_PER_CLASS,8,2,SSL,A4-C2-MULTI-HARD-VOTE,C2,39,45,0.4733201581027668,0.4051383399209486,-0.06818181818181818
STAGE18S_SUPPLEMENT,PhysioNetMI,P01-L1-LOW-CAL-OFFICIAL-R2:8_PER_CLASS,8,2,SSL,A4-C2-MULTI-HARD-VOTE,C2,40,45,0.6041666666666666,0.5357142857142857,-0.06845238095238093
STAGE18S_SUPPLEMENT,PhysioNetMI,P01-L1-LOW-CAL-OFFICIAL-R2:8_PER_CLASS,8,2,SSL,A4-C2-MULTI-HARD-VOTE,C2,47,45,0.3958333333333333,0.4375,0.041666666666666685
STAGE18S_SUPPLEMENT,PhysioNetMI,P01-L1-LOW-CAL-OFFICIAL-R2:8_PER_CLASS,8,2,SSL,A4-C2-MULTI-HARD-VOTE,C2,48,45,0.43873517786561267,0.3952569169960475,-0.04347826086956519
STAGE18S_SUPPLEMENT,PhysioNetMI,P01-L1-LOW-CAL-OFFICIAL-R2:8_PER_CLASS,8,2,SSL,A4-C2-MULTI-HARD-VOTE,C2,57,45,0.5059523809523809,0.47619047619047616,-0.029761904761904767
STAGE18S_SUPPLEMENT,PhysioNetMI,P01-L1-LOW-CAL-OFFICIAL-R2:8_PER_CLASS,8,2,SSL,A4-C2-MULTI-HARD-VOTE,C2,6,45,0.5029761904761905,0.5476190476190476,0.044642857142857095
STAGE18S_SUPPLEMENT,PhysioNetMI,P01-L1-LOW-CAL-OFFICIAL-R2:8_PER_CLASS,8,2,SSL,A4-C2-MULTI-HARD-VOTE,C2,71,45,0.3942687747035573,0.4654150197628458,0.07114624505928852
STAGE18S_SUPPLEMENT,PhysioNetMI,P01-L1-LOW-CAL-OFFICIAL-R2:8_PER_CLASS,8,2,SSL,A4-C2-MULTI-HARD-VOTE,C2,93,45,0.616600790513834,0.6590909090909091,0.042490118577075076
STAGE18S_SUPPLEMENT,PhysioNetMI,P01-L1-LOW-CAL-OFFICIAL-R2:8_PER_CLASS,8,2,SSL,A4-C2-MULTI-HARD-VOTE,C2,98,45,0.4624505928853755,0.4377470355731225,-0.02470355731225299
STAGE18S_SUPPLEMENT,PhysioNetMI,FULL_TRAIN,FULL,1,SSL,A4-C3-MULTI-PROB-AVG,C3,107,45,0.5357142857142857,0.49702380952380953,-0.038690476190476164
STAGE18S_SUPPLEMENT,PhysioNetMI,FULL_TRAIN,FULL,1,SSL,A4-C3-MULTI-PROB-AVG,C3,27,45,0.5810276679841897,0.5760869565217391,-0.004940711462450564
STAGE18S_SUPPLEMENT,PhysioNetMI,FULL_TRAIN,FULL,1,SSL,A4-C3-MULTI-PROB-AVG,C3,39,45,0.4723320158102767,0.3310276679841897,-0.14130434782608697
STAGE18S_SUPPLEMENT,PhysioNetMI,FULL_TRAIN,FULL,1,SSL,A4-C3-MULTI-PROB-AVG,C3,40,45,0.4880952380952381,0.47023809523809523,-0.01785714285714285
STAGE18S_SUPPLEMENT,PhysioNetMI,FULL_TRAIN,FULL,1,SSL,A4-C3-MULTI-PROB-AVG,C3,47,45,0.5029761904761905,0.4642857142857143,-0.038690476190476164
STAGE18S_SUPPLEMENT,PhysioNetMI,FULL_TRAIN,FULL,1,SSL,A4-C3-MULTI-PROB-AVG,C3,48,45,0.6877470355731226,0.7598814229249011,0.07213438735177857
STAGE18S_SUPPLEMENT,PhysioNetMI,FULL_TRAIN,FULL,1,SSL,A4-C3-MULTI-PROB-AVG,C3,57,45,0.43154761904761907,0.5267857142857143,0.09523809523809523
STAGE18S_SUPPLEMENT,PhysioNetMI,FULL_TRAIN,FULL,1,SSL,A4-C3-MULTI-PROB-AVG,C3,6,45,0.5208333333333333,0.4226190476190476,-0.09821428571428564
STAGE18S_SUPPLEMENT,PhysioNetMI,FULL_TRAIN,FULL,1,SSL,A4-C3-MULTI-PROB-AVG,C3,71,45,0.6689723320158103,0.6729249011857708,0.0039525691699604515
STAGE18S_SUPPLEMENT,PhysioNetMI,FULL_TRAIN,FULL,1,SSL,A4-C3-MULTI-PROB-AVG,C3,93,45,0.5780632411067194,0.7984189723320159,0.2203557312252965
STAGE18S_SUPPLEMENT,PhysioNetMI,FULL_TRAIN,FULL,1,SSL,A4-C3-MULTI-PROB-AVG,C3,98,45,0.44367588932806323,0.5088932806324111,0.0652173913043479
STAGE18S_SUPPLEMENT,PhysioNetMI,FULL_TRAIN,FULL,2,SSL,A4-C3-MULTI-PROB-AVG,C3,107,45,0.5,0.5059523809523809,0.005952380952380931
STAGE18S_SUPPLEMENT,PhysioNetMI,FULL_TRAIN,FULL,2,SSL,A4-C3-MULTI-PROB-AVG,C3,27,45,0.5810276679841897,0.6037549407114624,0.022727272727272707
STAGE18S_SUPPLEMENT,PhysioNetMI,FULL_TRAIN,FULL,2,SSL,A4-C3-MULTI-PROB-AVG,C3,39,45,0.5108695652173914,0.3824110671936759,-0.12845849802371545
STAGE18S_SUPPLEMENT,PhysioNetMI,FULL_TRAIN,FULL,2,SSL,A4-C3-MULTI-PROB-AVG,C3,40,45,0.5684523809523809,0.5684523809523809,0.0
STAGE18S_SUPPLEMENT,PhysioNetMI,FULL_TRAIN,FULL,2,SSL,A4-C3-MULTI-PROB-AVG,C3,47,45,0.4226190476190476,0.5238095238095238,0.10119047619047622
STAGE18S_SUPPLEMENT,PhysioNetMI,FULL_TRAIN,FULL,2,SSL,A4-C3-MULTI-PROB-AVG,C3,48,45,0.7786561264822134,0.7124505928853755,-0.0662055335968379
STAGE18S_SUPPLEMENT,PhysioNetMI,FULL_TRAIN,FULL,2,SSL,A4-C3-MULTI-PROB-AVG,C3,57,45,0.5654761904761905,0.6101190476190476,0.044642857142857095
STAGE18S_SUPPLEMENT,PhysioNetMI,FULL_TRAIN,FULL,2,SSL,A4-C3-MULTI-PROB-AVG,C3,6,45,0.5208333333333333,0.3898809523809524,-0.13095238095238088
STAGE18S_SUPPLEMENT,PhysioNetMI,FULL_TRAIN,FULL,2,SSL,A4-C3-MULTI-PROB-AVG,C3,71,45,0.7144268774703557,0.7796442687747036,0.0652173913043479
STAGE18S_SUPPLEMENT,PhysioNetMI,FULL_TRAIN,FULL,2,SSL,A4-C3-MULTI-PROB-AVG,C3,93,45,0.6699604743083004,0.7341897233201581,0.06422924901185767
STAGE18S_SUPPLEMENT,PhysioNetMI,FULL_TRAIN,FULL,2,SSL,A4-C3-MULTI-PROB-AVG,C3,98,45,0.6037549407114624,0.5365612648221344,-0.06719367588932801
STAGE18S_SUPPLEMENT,PhysioNetMI,P01-L1-LOW-CAL-OFFICIAL-R2:128_PER_CLASS,128,0,SSL,A4-C3-MULTI-PROB-AVG,C3,107,45,0.5119047619047619,0.5833333333333333,0.0714285714285714
STAGE18S_SUPPLEMENT,PhysioNetMI,P01-L1-LOW-CAL-OFFICIAL-R2:128_PER_CLASS,128,0,SSL,A4-C3-MULTI-PROB-AVG,C3,27,45,0.5563241106719368,0.5790513833992095,0.022727272727272707
STAGE18S_SUPPLEMENT,PhysioNetMI,P01-L1-LOW-CAL-OFFICIAL-R2:128_PER_CLASS,128,0,SSL,A4-C3-MULTI-PROB-AVG,C3,39,45,0.4209486166007905,0.28952569169960474,-0.1314229249011858
STAGE18S_SUPPLEMENT,PhysioNetMI,P01-L1-LOW-CAL-OFFICIAL-R2:128_PER_CLASS,128,0,SSL,A4-C3-MULTI-PROB-AVG,C3,40,45,0.44047619047619047,0.48214285714285715,0.041666666666666685
STAGE18S_SUPPLEMENT,PhysioNetMI,P01-L1-LOW-CAL-OFFICIAL-R2:128_PER_CLASS,128,0,SSL,A4-C3-MULTI-PROB-AVG,C3,47,45,0.45833333333333337,0.48214285714285715,0.02380952380952378
STAGE18S_SUPPLEMENT,PhysioNetMI,P01-L1-LOW-CAL-OFFICIAL-R2:128_PER_CLASS,128,0,SSL,A4-C3-MULTI-PROB-AVG,C3,48,45,0.4723320158102767,0.5553359683794465,0.08300395256916987
STAGE18S_SUPPLEMENT,PhysioNetMI,P01-L1-LOW-CAL-OFFICIAL-R2:128_PER_CLASS,128,0,SSL,A4-C3-MULTI-PROB-AVG,C3,57,45,0.5238095238095237,0.4285714285714286,-0.09523809523809512
STAGE18S_SUPPLEMENT,PhysioNetMI,P01-L1-LOW-CAL-OFFICIAL-R2:128_PER_CLASS,128,0,SSL,A4-C3-MULTI-PROB-AVG,C3,6,45,0.6160714285714286,0.5505952380952381,-0.06547619047619047
STAGE18S_SUPPLEMENT,PhysioNetMI,P01-L1-LOW-CAL-OFFICIAL-R2:128_PER_CLASS,128,0,SSL,A4-C3-MULTI-PROB-AVG,C3,71,45,0.37944664031620556,0.3557312252964427,-0.023715415019762875
STAGE18S_SUPPLEMENT,PhysioNetMI,P01-L1-LOW-CAL-OFFICIAL-R2:128_PER_CLASS,128,0,SSL,A4-C3-MULTI-PROB-AVG,C3,93,45,0.46739130434782605,0.5770750988142292,0.1096837944664032
STAGE18S_SUPPLEMENT,PhysioNetMI,P01-L1-LOW-CAL-OFFICIAL-R2:128_PER_CLASS,128,0,SSL,A4-C3-MULTI-PROB-AVG,C3,98,45,0.5563241106719368,0.48814229249011853,-0.06818181818181823
STAGE18S_SUPPLEMENT,PhysioNetMI,P01-L1-LOW-CAL-OFFICIAL-R2:128_PER_CLASS,128,1,SSL,A4-C3-MULTI-PROB-AVG,C3,107,45,0.5565476190476191,0.5803571428571428,0.023809523809523725
STAGE18S_SUPPLEMENT,PhysioNetMI,P01-L1-LOW-CAL-OFFICIAL-R2:128_PER_CLASS,128,1,SSL,A4-C3-MULTI-PROB-AVG,C3,27,45,0.49011857707509876,0.5326086956521738,0.042490118577075076
STAGE18S_SUPPLEMENT,PhysioNetMI,P01-L1-LOW-CAL-OFFICIAL-R2:128_PER_CLASS,128,1,SSL,A4-C3-MULTI-PROB-AVG,C3,39,45,0.4891304347826087,0.37944664031620556,-0.10968379446640314
STAGE18S_SUPPLEMENT,PhysioNetMI,P01-L1-LOW-CAL-OFFICIAL-R2:128_PER_CLASS,128,1,SSL,A4-C3-MULTI-PROB-AVG,C3,40,45,0.5267857142857143,0.5089285714285714,-0.017857142857142905
STAGE18S_SUPPLEMENT,PhysioNetMI,P01-L1-LOW-CAL-OFFICIAL-R2:128_PER_CLASS,128,1,SSL,A4-C3-MULTI-PROB-AVG,C3,47,45,0.5357142857142857,0.45535714285714285,-0.08035714285714285
STAGE18S_SUPPLEMENT,PhysioNetMI,P01-L1-LOW-CAL-OFFICIAL-R2:128_PER_CLASS,128,1,SSL,A4-C3-MULTI-PROB-AVG,C3,48,45,0.5158102766798419,0.599802371541502,0.08399209486166004
STAGE18S_SUPPLEMENT,PhysioNetMI,P01-L1-LOW-CAL-OFFICIAL-R2:128_PER_CLASS,128,1,SSL,A4-C3-MULTI-PROB-AVG,C3,57,45,0.5059523809523809,0.6726190476190477,0.16666666666666674
STAGE18S_SUPPLEMENT,PhysioNetMI,P01-L1-LOW-CAL-OFFICIAL-R2:128_PER_CLASS,128,1,SSL,A4-C3-MULTI-PROB-AVG,C3,6,45,0.6190476190476191,0.6607142857142857,0.04166666666666663
STAGE18S_SUPPLEMENT,PhysioNetMI,P01-L1-LOW-CAL-OFFICIAL-R2:128_PER_CLASS,128,1,SSL,A4-C3-MULTI-PROB-AVG,C3,71,45,0.3349802371541502,0.39920948616600793,0.06422924901185773
STAGE18S_SUPPLEMENT,PhysioNetMI,P01-L1-LOW-CAL-OFFICIAL-R2:128_PER_CLASS,128,1,SSL,A4-C3-MULTI-PROB-AVG,C3,93,45,0.5553359683794465,0.599802371541502,0.04446640316205541
STAGE18S_SUPPLEMENT,PhysioNetMI,P01-L1-LOW-CAL-OFFICIAL-R2:128_PER_CLASS,128,1,SSL,A4-C3-MULTI-PROB-AVG,C3,98,45,0.5553359683794465,0.5316205533596838,-0.02371541501976271
STAGE18S_SUPPLEMENT,PhysioNetMI,P01-L1-LOW-CAL-OFFICIAL-R2:128_PER_CLASS,128,2,SSL,A4-C3-MULTI-PROB-AVG,C3,107,45,0.5595238095238095,0.5089285714285714,-0.05059523809523814
STAGE18S_SUPPLEMENT,PhysioNetMI,P01-L1-LOW-CAL-OFFICIAL-R2:128_PER_CLASS,128,2,SSL,A4-C3-MULTI-PROB-AVG,C3,27,45,0.5345849802371542,0.5988142292490118,0.06422924901185767
STAGE18S_SUPPLEMENT,PhysioNetMI,P01-L1-LOW-CAL-OFFICIAL-R2:128_PER_CLASS,128,2,SSL,A4-C3-MULTI-PROB-AVG,C3,39,45,0.3547430830039526,0.37648221343873517,0.021739130434782594
STAGE18S_SUPPLEMENT,PhysioNetMI,P01-L1-LOW-CAL-OFFICIAL-R2:128_PER_CLASS,128,2,SSL,A4-C3-MULTI-PROB-AVG,C3,40,45,0.5029761904761905,0.5059523809523809,0.0029761904761904656
STAGE18S_SUPPLEMENT,PhysioNetMI,P01-L1-LOW-CAL-OFFICIAL-R2:128_PER_CLASS,128,2,SSL,A4-C3-MULTI-PROB-AVG,C3,47,45,0.5089285714285714,0.43154761904761907,-0.07738095238095233
STAGE18S_SUPPLEMENT,PhysioNetMI,P01-L1-LOW-CAL-OFFICIAL-R2:128_PER_CLASS,128,2,SSL,A4-C3-MULTI-PROB-AVG,C3,48,45,0.4713438735177865,0.47035573122529645,-0.0009881422924900574
STAGE18S_SUPPLEMENT,PhysioNetMI,P01-L1-LOW-CAL-OFFICIAL-R2:128_PER_CLASS,128,2,SSL,A4-C3-MULTI-PROB-AVG,C3,57,45,0.46726190476190477,0.5148809523809523,0.04761904761904756
STAGE18S_SUPPLEMENT,PhysioNetMI,P01-L1-LOW-CAL-OFFICIAL-R2:128_PER_CLASS,128,2,SSL,A4-C3-MULTI-PROB-AVG,C3,6,45,0.49107142857142855,0.5416666666666666,0.05059523809523808
STAGE18S_SUPPLEMENT,PhysioNetMI,P01-L1-LOW-CAL-OFFICIAL-R2:128_PER_CLASS,128,2,SSL,A4-C3-MULTI-PROB-AVG,C3,71,45,0.3804347826086957,0.31126482213438733,-0.06916996047430835
STAGE18S_SUPPLEMENT,PhysioNetMI,P01-L1-LOW-CAL-OFFICIAL-R2:128_PER_CLASS,128,2,SSL,A4-C3-MULTI-PROB-AVG,C3,93,45,0.48814229249011853,0.5988142292490118,0.11067193675889331
STAGE18S_SUPPLEMENT,PhysioNetMI,P01-L1-LOW-CAL-OFFICIAL-R2:128_PER_CLASS,128,2,SSL,A4-C3-MULTI-PROB-AVG,C3,98,45,0.5533596837944664,0.5770750988142292,0.02371541501976282
STAGE18S_SUPPLEMENT,PhysioNetMI,P01-L1-LOW-CAL-OFFICIAL-R2:16_PER_CLASS,16,0,SSL,A4-C3-MULTI-PROB-AVG,C3,107,45,0.49702380952380953,0.6071428571428572,0.11011904761904767
STAGE18S_SUPPLEMENT,PhysioNetMI,P01-L1-LOW-CAL-OFFICIAL-R2:16_PER_CLASS,16,0,SSL,A4-C3-MULTI-PROB-AVG,C3,27,45,0.5543478260869565,0.4851778656126482,-0.06916996047430835
STAGE18S_SUPPLEMENT,PhysioNetMI,P01-L1-LOW-CAL-OFFICIAL-R2:16_PER_CLASS,16,0,SSL,A4-C3-MULTI-PROB-AVG,C3,39,45,0.5503952569169961,0.4634387351778656,-0.08695652173913049
STAGE18S_SUPPLEMENT,PhysioNetMI,P01-L1-LOW-CAL-OFFICIAL-R2:16_PER_CLASS,16,0,SSL,A4-C3-MULTI-PROB-AVG,C3,40,45,0.5446428571428572,0.5625,0.017857142857142794
STAGE18S_SUPPLEMENT,PhysioNetMI,P01-L1-LOW-CAL-OFFICIAL-R2:16_PER_CLASS,16,0,SSL,A4-C3-MULTI-PROB-AVG,C3,47,45,0.49702380952380953,0.5327380952380952,0.0357142857142857
STAGE18S_SUPPLEMENT,PhysioNetMI,P01-L1-LOW-CAL-OFFICIAL-R2:16_PER_CLASS,16,0,SSL,A4-C3-MULTI-PROB-AVG,C3,48,45,0.4940711462450593,0.40118577075098816,-0.09288537549407117
STAGE18S_SUPPLEMENT,PhysioNetMI,P01-L1-LOW-CAL-OFFICIAL-R2:16_PER_CLASS,16,0,SSL,A4-C3-MULTI-PROB-AVG,C3,57,45,0.5386904761904762,0.5476190476190476,0.008928571428571397
STAGE18S_SUPPLEMENT,PhysioNetMI,P01-L1-LOW-CAL-OFFICIAL-R2:16_PER_CLASS,16,0,SSL,A4-C3-MULTI-PROB-AVG,C3,6,45,0.6041666666666666,0.5119047619047619,-0.09226190476190477
STAGE18S_SUPPLEMENT,PhysioNetMI,P01-L1-LOW-CAL-OFFICIAL-R2:16_PER_CLASS,16,0,SSL,A4-C3-MULTI-PROB-AVG,C3,71,45,0.46936758893280633,0.4496047430830039,-0.019762845849802424
STAGE18S_SUPPLEMENT,PhysioNetMI,P01-L1-LOW-CAL-OFFICIAL-R2:16_PER_CLASS,16,0,SSL,A4-C3-MULTI-PROB-AVG,C3,93,45,0.5484189723320158,0.47924901185770746,-0.06916996047430829
STAGE18S_SUPPLEMENT,PhysioNetMI,P01-L1-LOW-CAL-OFFICIAL-R2:16_PER_CLASS,16,0,SSL,A4-C3-MULTI-PROB-AVG,C3,98,45,0.4397233201581028,0.4377470355731225,-0.0019762845849802813
STAGE18S_SUPPLEMENT,PhysioNetMI,P01-L1-LOW-CAL-OFFICIAL-R2:1_PER_CLASS,1,1,SSL,A4-C3-MULTI-PROB-AVG,C3,107,45,0.4821428571428571,0.4910714285714286,0.008928571428571508
STAGE18S_SUPPLEMENT,PhysioNetMI,P01-L1-LOW-CAL-OFFICIAL-R2:1_PER_CLASS,1,1,SSL,A4-C3-MULTI-PROB-AVG,C3,27,45,0.5019762845849802,0.5326086956521738,0.03063241106719361
STAGE18S_SUPPLEMENT,PhysioNetMI,P01-L1-LOW-CAL-OFFICIAL-R2:1_PER_CLASS,1,1,SSL,A4-C3-MULTI-PROB-AVG,C3,39,45,0.5009881422924901,0.4041501976284585,-0.09683794466403162
STAGE18S_SUPPLEMENT,PhysioNetMI,P01-L1-LOW-CAL-OFFICIAL-R2:1_PER_CLASS,1,1,SSL,A4-C3-MULTI-PROB-AVG,C3,40,45,0.4732142857142857,0.47916666666666663,0.005952380952380931
STAGE18S_SUPPLEMENT,PhysioNetMI,P01-L1-LOW-CAL-OFFICIAL-R2:1_PER_CLASS,1,1,SSL,A4-C3-MULTI-PROB-AVG,C3,47,45,0.5,0.4821428571428571,-0.017857142857142905
STAGE18S_SUPPLEMENT,PhysioNetMI,P01-L1-LOW-CAL-OFFICIAL-R2:1_PER_CLASS,1,1,SSL,A4-C3-MULTI-PROB-AVG,C3,48,45,0.5187747035573123,0.48221343873517786,-0.0365612648221344
STAGE18S_SUPPLEMENT,PhysioNetMI,P01-L1-LOW-CAL-OFFICIAL-R2:1_PER_CLASS,1,1,SSL,A4-C3-MULTI-PROB-AVG,C3,57,45,0.5,0.43154761904761907,-0.06845238095238093
STAGE18S_SUPPLEMENT,PhysioNetMI,P01-L1-LOW-CAL-OFFICIAL-R2:1_PER_CLASS,1,1,SSL,A4-C3-MULTI-PROB-AVG,C3,6,45,0.5,0.5208333333333334,0.02083333333333337
STAGE18S_SUPPLEMENT,PhysioNetMI,P01-L1-LOW-CAL-OFFICIAL-R2:1_PER_CLASS,1,1,SSL,A4-C3-MULTI-PROB-AVG,C3,71,45,0.4772727272727273,0.3577075098814229,-0.11956521739130438
STAGE18S_SUPPLEMENT,PhysioNetMI,P01-L1-LOW-CAL-OFFICIAL-R2:1_PER_CLASS,1,1,SSL,A4-C3-MULTI-PROB-AVG,C3,93,45,0.4357707509881423,0.4377470355731225,0.0019762845849802257
STAGE18S_SUPPLEMENT,PhysioNetMI,P01-L1-LOW-CAL-OFFICIAL-R2:1_PER_CLASS,1,1,SSL,A4-C3-MULTI-PROB-AVG,C3,98,45,0.5247035573122529,0.5039525691699605,-0.02075098814229248
STAGE18S_SUPPLEMENT,PhysioNetMI,P01-L1-LOW-CAL-OFFICIAL-R2:1_PER_CLASS,1,2,SSL,A4-C3-MULTI-PROB-AVG,C3,107,45,0.5654761904761905,0.4821428571428571,-0.08333333333333337
STAGE18S_SUPPLEMENT,PhysioNetMI,P01-L1-LOW-CAL-OFFICIAL-R2:1_PER_CLASS,1,2,SSL,A4-C3-MULTI-PROB-AVG,C3,27,45,0.5158102766798419,0.5009881422924901,-0.014822134387351804
STAGE18S_SUPPLEMENT,PhysioNetMI,P01-L1-LOW-CAL-OFFICIAL-R2:1_PER_CLASS,1,2,SSL,A4-C3-MULTI-PROB-AVG,C3,39,45,0.5118577075098814,0.47924901185770746,-0.03260869565217389
STAGE18S_SUPPLEMENT,PhysioNetMI,P01-L1-LOW-CAL-OFFICIAL-R2:1_PER_CLASS,1,2,SSL,A4-C3-MULTI-PROB-AVG,C3,40,45,0.5744047619047619,0.5208333333333334,-0.05357142857142849
STAGE18S_SUPPLEMENT,PhysioNetMI,P01-L1-LOW-CAL-OFFICIAL-R2:1_PER_CLASS,1,2,SSL,A4-C3-MULTI-PROB-AVG,C3,47,45,0.4196428571428571,0.5,0.0803571428571429
STAGE18S_SUPPLEMENT,PhysioNetMI,P01-L1-LOW-CAL-OFFICIAL-R2:1_PER_CLASS,1,2,SSL,A4-C3-MULTI-PROB-AVG,C3,48,45,0.5098814229249011,0.5177865612648221,0.007905138339921014
STAGE18S_SUPPLEMENT,PhysioNetMI,P01-L1-LOW-CAL-OFFICIAL-R2:1_PER_CLASS,1,2,SSL,A4-C3-MULTI-PROB-AVG,C3,57,45,0.43154761904761907,0.5,0.06845238095238093
STAGE18S_SUPPLEMENT,PhysioNetMI,P01-L1-LOW-CAL-OFFICIAL-R2:1_PER_CLASS,1,2,SSL,A4-C3-MULTI-PROB-AVG,C3,6,45,0.49702380952380953,0.5,0.0029761904761904656
STAGE18S_SUPPLEMENT,PhysioNetMI,P01-L1-LOW-CAL-OFFICIAL-R2:1_PER_CLASS,1,2,SSL,A4-C3-MULTI-PROB-AVG,C3,71,45,0.5741106719367589,0.5,-0.07411067193675891
STAGE18S_SUPPLEMENT,PhysioNetMI,P01-L1-LOW-CAL-OFFICIAL-R2:1_PER_CLASS,1,2,SSL,A4-C3-MULTI-PROB-AVG,C3,93,45,0.491106719367589,0.5,0.008893280632411016
STAGE18S_SUPPLEMENT,PhysioNetMI,P01-L1-LOW-CAL-OFFICIAL-R2:1_PER_CLASS,1,2,SSL,A4-C3-MULTI-PROB-AVG,C3,98,45,0.5355731225296443,0.45750988142292487,-0.07806324110671942
STAGE18S_SUPPLEMENT,PhysioNetMI,P01-L1-LOW-CAL-OFFICIAL-R2:256_PER_CLASS,256,0,SSL,A4-C3-MULTI-PROB-AVG,C3,107,45,0.5714285714285714,0.5833333333333333,0.011904761904761862
STAGE18S_SUPPLEMENT,PhysioNetMI,P01-L1-LOW-CAL-OFFICIAL-R2:256_PER_CLASS,256,0,SSL,A4-C3-MULTI-PROB-AVG,C3,27,45,0.49604743083003955,0.5790513833992095,0.08300395256916993
STAGE18S_SUPPLEMENT,PhysioNetMI,P01-L1-LOW-CAL-OFFICIAL-R2:256_PER_CLASS,256,0,SSL,A4-C3-MULTI-PROB-AVG,C3,39,45,0.48814229249011853,0.5098814229249011,0.021739130434782594
STAGE18S_SUPPLEMENT,PhysioNetMI,P01-L1-LOW-CAL-OFFICIAL-R2:256_PER_CLASS,256,0,SSL,A4-C3-MULTI-PROB-AVG,C3,40,45,0.40476190476190477,0.4642857142857143,0.059523809523809534
STAGE18S_SUPPLEMENT,PhysioNetMI,P01-L1-LOW-CAL-OFFICIAL-R2:256_PER_CLASS,256,0,SSL,A4-C3-MULTI-PROB-AVG,C3,47,45,0.4285714285714286,0.5863095238095238,0.15773809523809523
STAGE18S_SUPPLEMENT,PhysioNetMI,P01-L1-LOW-CAL-OFFICIAL-R2:256_PER_CLASS,256,0,SSL,A4-C3-MULTI-PROB-AVG,C3,48,45,0.6877470355731226,0.5108695652173914,-0.1768774703557312
STAGE18S_SUPPLEMENT,PhysioNetMI,P01-L1-LOW-CAL-OFFICIAL-R2:256_PER_CLASS,256,0,SSL,A4-C3-MULTI-PROB-AVG,C3,57,45,0.5208333333333333,0.5535714285714286,0.032738095238095344
STAGE18S_SUPPLEMENT,PhysioNetMI,P01-L1-LOW-CAL-OFFICIAL-R2:256_PER_CLASS,256,0,SSL,A4-C3-MULTI-PROB-AVG,C3,6,45,0.6428571428571428,0.6160714285714286,-0.02678571428571419
STAGE18S_SUPPLEMENT,PhysioNetMI,P01-L1-LOW-CAL-OFFICIAL-R2:256_PER_CLASS,256,0,SSL,A4-C3-MULTI-PROB-AVG,C3,71,45,0.5326086956521738,0.44367588932806323,-0.0889328063241106
STAGE18S_SUPPLEMENT,PhysioNetMI,P01-L1-LOW-CAL-OFFICIAL-R2:256_PER_CLASS,256,0,SSL,A4-C3-MULTI-PROB-AVG,C3,93,45,0.5128458498023716,0.5316205533596838,0.018774703557312256
STAGE18S_SUPPLEMENT,PhysioNetMI,P01-L1-LOW-CAL-OFFICIAL-R2:256_PER_CLASS,256,0,SSL,A4-C3-MULTI-PROB-AVG,C3,98,45,0.5355731225296443,0.491106719367589,-0.0444664031620553
STAGE18S_SUPPLEMENT,PhysioNetMI,P01-L1-LOW-CAL-OFFICIAL-R2:256_PER_CLASS,256,1,SSL,A4-C3-MULTI-PROB-AVG,C3,107,45,0.6071428571428572,0.6071428571428572,0.0
STAGE18S_SUPPLEMENT,PhysioNetMI,P01-L1-LOW-CAL-OFFICIAL-R2:256_PER_CLASS,256,1,SSL,A4-C3-MULTI-PROB-AVG,C3,27,45,0.424901185770751,0.558300395256917,0.13339920948616601
STAGE18S_SUPPLEMENT,PhysioNetMI,P01-L1-LOW-CAL-OFFICIAL-R2:256_PER_CLASS,256,1,SSL,A4-C3-MULTI-PROB-AVG,C3,39,45,0.42193675889328064,0.5335968379446641,0.11166007905138342
STAGE18S_SUPPLEMENT,PhysioNetMI,P01-L1-LOW-CAL-OFFICIAL-R2:256_PER_CLASS,256,1,SSL,A4-C3-MULTI-PROB-AVG,C3,40,45,0.36904761904761907,0.4642857142857143,0.09523809523809523
STAGE18S_SUPPLEMENT,PhysioNetMI,P01-L1-LOW-CAL-OFFICIAL-R2:256_PER_CLASS,256,1,SSL,A4-C3-MULTI-PROB-AVG,C3,47,45,0.5744047619047619,0.5982142857142857,0.023809523809523836
STAGE18S_SUPPLEMENT,PhysioNetMI,P01-L1-LOW-CAL-OFFICIAL-R2:256_PER_CLASS,256,1,SSL,A4-C3-MULTI-PROB-AVG,C3,48,45,0.5128458498023716,0.5335968379446641,0.02075098814229248
STAGE18S_SUPPLEMENT,PhysioNetMI,P01-L1-LOW-CAL-OFFICIAL-R2:256_PER_CLASS,256,1,SSL,A4-C3-MULTI-PROB-AVG,C3,57,45,0.5297619047619048,0.4880952380952381,-0.041666666666666685
STAGE18S_SUPPLEMENT,PhysioNetMI,P01-L1-LOW-CAL-OFFICIAL-R2:256_PER_CLASS,256,1,SSL,A4-C3-MULTI-PROB-AVG,C3,6,45,0.5208333333333334,0.6815476190476191,0.1607142857142857
STAGE18S_SUPPLEMENT,PhysioNetMI,P01-L1-LOW-CAL-OFFICIAL-R2:256_PER_CLASS,256,1,SSL,A4-C3-MULTI-PROB-AVG,C3,71,45,0.42391304347826086,0.5335968379446641,0.1096837944664032
STAGE18S_SUPPLEMENT,PhysioNetMI,P01-L1-LOW-CAL-OFFICIAL-R2:256_PER_CLASS,256,1,SSL,A4-C3-MULTI-PROB-AVG,C3,93,45,0.5780632411067194,0.5573122529644269,-0.02075098814229248
STAGE18S_SUPPLEMENT,PhysioNetMI,P01-L1-LOW-CAL-OFFICIAL-R2:256_PER_CLASS,256,1,SSL,A4-C3-MULTI-PROB-AVG,C3,98,45,0.5345849802371542,0.47035573122529645,-0.06422924901185773
STAGE18S_SUPPLEMENT,PhysioNetMI,P01-L1-LOW-CAL-OFFICIAL-R2:256_PER_CLASS,256,2,SSL,A4-C3-MULTI-PROB-AVG,C3,107,45,0.5535714285714286,0.6339285714285714,0.0803571428571428
STAGE18S_SUPPLEMENT,PhysioNetMI,P01-L1-LOW-CAL-OFFICIAL-R2:256_PER_CLASS,256,2,SSL,A4-C3-MULTI-PROB-AVG,C3,27,45,0.46837944664031617,0.5138339920948617,0.045454545454545525
STAGE18S_SUPPLEMENT,PhysioNetMI,P01-L1-LOW-CAL-OFFICIAL-R2:256_PER_CLASS,256,2,SSL,A4-C3-MULTI-PROB-AVG,C3,39,45,0.3735177865612648,0.44367588932806323,0.07015810276679846
STAGE18S_SUPPLEMENT,PhysioNetMI,P01-L1-LOW-CAL-OFFICIAL-R2:256_PER_CLASS,256,2,SSL,A4-C3-MULTI-PROB-AVG,C3,40,45,0.37797619047619047,0.4107142857142857,0.03273809523809523
STAGE18S_SUPPLEMENT,PhysioNetMI,P01-L1-LOW-CAL-OFFICIAL-R2:256_PER_CLASS,256,2,SSL,A4-C3-MULTI-PROB-AVG,C3,47,45,0.49107142857142855,0.48511904761904756,-0.005952380952380987
STAGE18S_SUPPLEMENT,PhysioNetMI,P01-L1-LOW-CAL-OFFICIAL-R2:256_PER_CLASS,256,2,SSL,A4-C3-MULTI-PROB-AVG,C3,48,45,0.49604743083003955,0.5543478260869565,0.05830039525691699
STAGE18S_SUPPLEMENT,PhysioNetMI,P01-L1-LOW-CAL-OFFICIAL-R2:256_PER_CLASS,256,2,SSL,A4-C3-MULTI-PROB-AVG,C3,57,45,0.41666666666666663,0.4464285714285714,0.029761904761904767
STAGE18S_SUPPLEMENT,PhysioNetMI,P01-L1-LOW-CAL-OFFICIAL-R2:256_PER_CLASS,256,2,SSL,A4-C3-MULTI-PROB-AVG,C3,6,45,0.49404761904761907,0.5892857142857143,0.09523809523809523
STAGE18S_SUPPLEMENT,PhysioNetMI,P01-L1-LOW-CAL-OFFICIAL-R2:256_PER_CLASS,256,2,SSL,A4-C3-MULTI-PROB-AVG,C3,71,45,0.49308300395256915,0.3339920948616601,-0.15909090909090906
STAGE18S_SUPPLEMENT,PhysioNetMI,P01-L1-LOW-CAL-OFFICIAL-R2:256_PER_CLASS,256,2,SSL,A4-C3-MULTI-PROB-AVG,C3,93,45,0.5978260869565217,0.4891304347826087,-0.10869565217391303
STAGE18S_SUPPLEMENT,PhysioNetMI,P01-L1-LOW-CAL-OFFICIAL-R2:256_PER_CLASS,256,2,SSL,A4-C3-MULTI-PROB-AVG,C3,98,45,0.6185770750988142,0.49011857707509876,-0.12845849802371545
STAGE18S_SUPPLEMENT,PhysioNetMI,P01-L1-LOW-CAL-OFFICIAL-R2:32_PER_CLASS,32,0,SSL,A4-C3-MULTI-PROB-AVG,C3,107,45,0.6011904761904763,0.6666666666666666,0.06547619047619035
STAGE18S_SUPPLEMENT,PhysioNetMI,P01-L1-LOW-CAL-OFFICIAL-R2:32_PER_CLASS,32,0,SSL,A4-C3-MULTI-PROB-AVG,C3,27,45,0.48814229249011853,0.49011857707509876,0.0019762845849802257
STAGE18S_SUPPLEMENT,PhysioNetMI,P01-L1-LOW-CAL-OFFICIAL-R2:32_PER_CLASS,32,0,SSL,A4-C3-MULTI-PROB-AVG,C3,39,45,0.4891304347826087,0.37648221343873517,-0.11264822134387353
STAGE18S_SUPPLEMENT,PhysioNetMI,P01-L1-LOW-CAL-OFFICIAL-R2:32_PER_CLASS,32,0,SSL,A4-C3-MULTI-PROB-AVG,C3,40,45,0.37797619047619047,0.4613095238095238,0.08333333333333331
STAGE18S_SUPPLEMENT,PhysioNetMI,P01-L1-LOW-CAL-OFFICIAL-R2:32_PER_CLASS,32,0,SSL,A4-C3-MULTI-PROB-AVG,C3,47,45,0.45833333333333337,0.42857142857142855,-0.029761904761904823
STAGE18S_SUPPLEMENT,PhysioNetMI,P01-L1-LOW-CAL-OFFICIAL-R2:32_PER_CLASS,32,0,SSL,A4-C3-MULTI-PROB-AVG,C3,48,45,0.37747035573122534,0.40019762845849804,0.022727272727272707
STAGE18S_SUPPLEMENT,PhysioNetMI,P01-L1-LOW-CAL-OFFICIAL-R2:32_PER_CLASS,32,0,SSL,A4-C3-MULTI-PROB-AVG,C3,57,45,0.4613095238095238,0.4910714285714286,0.029761904761904823
STAGE18S_SUPPLEMENT,PhysioNetMI,P01-L1-LOW-CAL-OFFICIAL-R2:32_PER_CLASS,32,0,SSL,A4-C3-MULTI-PROB-AVG,C3,6,45,0.5833333333333333,0.4910714285714286,-0.09226190476190466
STAGE18S_SUPPLEMENT,PhysioNetMI,P01-L1-LOW-CAL-OFFICIAL-R2:32_PER_CLASS,32,0,SSL,A4-C3-MULTI-PROB-AVG,C3,71,45,0.3735177865612648,0.441699604743083,0.06818181818181823
STAGE18S_SUPPLEMENT,PhysioNetMI,P01-L1-LOW-CAL-OFFICIAL-R2:32_PER_CLASS,32,0,SSL,A4-C3-MULTI-PROB-AVG,C3,93,45,0.5326086956521738,0.5533596837944664,0.020750988142292592
STAGE18S_SUPPLEMENT,PhysioNetMI,P01-L1-LOW-CAL-OFFICIAL-R2:32_PER_CLASS,32,0,SSL,A4-C3-MULTI-PROB-AVG,C3,98,45,0.44565217391304346,0.5088932806324111,0.06324110671936767
STAGE18S_SUPPLEMENT,PhysioNetMI,P01-L1-LOW-CAL-OFFICIAL-R2:4_PER_CLASS,4,0,SSL,A4-C3-MULTI-PROB-AVG,C3,107,45,0.49404761904761907,0.5803571428571428,0.08630952380952372
STAGE18S_SUPPLEMENT,PhysioNetMI,P01-L1-LOW-CAL-OFFICIAL-R2:4_PER_CLASS,4,0,SSL,A4-C3-MULTI-PROB-AVG,C3,27,45,0.4841897233201581,0.48320158102766797,-0.0009881422924901129
STAGE18S_SUPPLEMENT,PhysioNetMI,P01-L1-LOW-CAL-OFFICIAL-R2:4_PER_CLASS,4,0,SSL,A4-C3-MULTI-PROB-AVG,C3,39,45,0.4841897233201581,0.48320158102766797,-0.0009881422924901129
STAGE18S_SUPPLEMENT,PhysioNetMI,P01-L1-LOW-CAL-OFFICIAL-R2:4_PER_CLASS,4,0,SSL,A4-C3-MULTI-PROB-AVG,C3,40,45,0.47023809523809523,0.49404761904761907,0.023809523809523836
STAGE18S_SUPPLEMENT,PhysioNetMI,P01-L1-LOW-CAL-OFFICIAL-R2:4_PER_CLASS,4,0,SSL,A4-C3-MULTI-PROB-AVG,C3,47,45,0.4375,0.5,0.0625
STAGE18S_SUPPLEMENT,PhysioNetMI,P01-L1-LOW-CAL-OFFICIAL-R2:4_PER_CLASS,4,0,SSL,A4-C3-MULTI-PROB-AVG,C3,48,45,0.44664031620553357,0.44762845849802374,0.0009881422924901684
STAGE18S_SUPPLEMENT,PhysioNetMI,P01-L1-LOW-CAL-OFFICIAL-R2:4_PER_CLASS,4,0,SSL,A4-C3-MULTI-PROB-AVG,C3,57,45,0.5505952380952381,0.5297619047619048,-0.02083333333333337
STAGE18S_SUPPLEMENT,PhysioNetMI,P01-L1-LOW-CAL-OFFICIAL-R2:4_PER_CLASS,4,0,SSL,A4-C3-MULTI-PROB-AVG,C3,6,45,0.5952380952380952,0.5744047619047619,-0.02083333333333337
STAGE18S_SUPPLEMENT,PhysioNetMI,P01-L1-LOW-CAL-OFFICIAL-R2:4_PER_CLASS,4,0,SSL,A4-C3-MULTI-PROB-AVG,C3,71,45,0.35968379446640314,0.4515810276679842,0.09189723320158105
STAGE18S_SUPPLEMENT,PhysioNetMI,P01-L1-LOW-CAL-OFFICIAL-R2:4_PER_CLASS,4,0,SSL,A4-C3-MULTI-PROB-AVG,C3,93,45,0.5,0.5,0.0
STAGE18S_SUPPLEMENT,PhysioNetMI,P01-L1-LOW-CAL-OFFICIAL-R2:4_PER_CLASS,4,0,SSL,A4-C3-MULTI-PROB-AVG,C3,98,45,0.5701581027667983,0.5237154150197628,-0.04644268774703553
STAGE18S_SUPPLEMENT,PhysioNetMI,P01-L1-LOW-CAL-OFFICIAL-R2:64_PER_CLASS,64,0,SSL,A4-C3-MULTI-PROB-AVG,C3,107,45,0.5267857142857143,0.5178571428571429,-0.008928571428571397
STAGE18S_SUPPLEMENT,PhysioNetMI,P01-L1-LOW-CAL-OFFICIAL-R2:64_PER_CLASS,64,0,SSL,A4-C3-MULTI-PROB-AVG,C3,27,45,0.5385375494071146,0.5800395256916996,0.04150197628458496
STAGE18S_SUPPLEMENT,PhysioNetMI,P01-L1-LOW-CAL-OFFICIAL-R2:64_PER_CLASS,64,0,SSL,A4-C3-MULTI-PROB-AVG,C3,39,45,0.5622529644268774,0.5375494071146245,-0.024703557312252933
STAGE18S_SUPPLEMENT,PhysioNetMI,P01-L1-LOW-CAL-OFFICIAL-R2:64_PER_CLASS,64,0,SSL,A4-C3-MULTI-PROB-AVG,C3,40,45,0.41666666666666663,0.43452380952380953,0.017857142857142905
STAGE18S_SUPPLEMENT,PhysioNetMI,P01-L1-LOW-CAL-OFFICIAL-R2:64_PER_CLASS,64,0,SSL,A4-C3-MULTI-PROB-AVG,C3,47,45,0.38095238095238093,0.47023809523809523,0.0892857142857143
STAGE18S_SUPPLEMENT,PhysioNetMI,P01-L1-LOW-CAL-OFFICIAL-R2:64_PER_CLASS,64,0,SSL,A4-C3-MULTI-PROB-AVG,C3,48,45,0.4377470355731225,0.39920948616600793,-0.03853754940711457
STAGE18S_SUPPLEMENT,PhysioNetMI,P01-L1-LOW-CAL-OFFICIAL-R2:64_PER_CLASS,64,0,SSL,A4-C3-MULTI-PROB-AVG,C3,57,45,0.5119047619047619,0.5,-0.011904761904761862
STAGE18S_SUPPLEMENT,PhysioNetMI,P01-L1-LOW-CAL-OFFICIAL-R2:64_PER_CLASS,64,0,SSL,A4-C3-MULTI-PROB-AVG,C3,6,45,0.4970238095238095,0.5684523809523809,0.07142857142857145
STAGE18S_SUPPLEMENT,PhysioNetMI,P01-L1-LOW-CAL-OFFICIAL-R2:64_PER_CLASS,64,0,SSL,A4-C3-MULTI-PROB-AVG,C3,71,45,0.48221343873517786,0.441699604743083,-0.04051383399209485
STAGE18S_SUPPLEMENT,PhysioNetMI,P01-L1-LOW-CAL-OFFICIAL-R2:64_PER_CLASS,64,0,SSL,A4-C3-MULTI-PROB-AVG,C3,93,45,0.46837944664031617,0.5533596837944664,0.08498023715415026
STAGE18S_SUPPLEMENT,PhysioNetMI,P01-L1-LOW-CAL-OFFICIAL-R2:64_PER_CLASS,64,0,SSL,A4-C3-MULTI-PROB-AVG,C3,98,45,0.6037549407114624,0.5780632411067194,-0.025691699604743046
STAGE18S_SUPPLEMENT,PhysioNetMI,P01-L1-LOW-CAL-OFFICIAL-R2:64_PER_CLASS,64,1,SSL,A4-C3-MULTI-PROB-AVG,C3,107,45,0.6130952380952381,0.5982142857142857,-0.014880952380952439
STAGE18S_SUPPLEMENT,PhysioNetMI,P01-L1-LOW-CAL-OFFICIAL-R2:64_PER_CLASS,64,1,SSL,A4-C3-MULTI-PROB-AVG,C3,27,45,0.5563241106719368,0.6462450592885376,0.08992094861660083
STAGE18S_SUPPLEMENT,PhysioNetMI,P01-L1-LOW-CAL-OFFICIAL-R2:64_PER_CLASS,64,1,SSL,A4-C3-MULTI-PROB-AVG,C3,39,45,0.44367588932806323,0.5326086956521738,0.0889328063241106
STAGE18S_SUPPLEMENT,PhysioNetMI,P01-L1-LOW-CAL-OFFICIAL-R2:64_PER_CLASS,64,1,SSL,A4-C3-MULTI-PROB-AVG,C3,40,45,0.29166666666666663,0.39880952380952384,0.1071428571428572
STAGE18S_SUPPLEMENT,PhysioNetMI,P01-L1-LOW-CAL-OFFICIAL-R2:64_PER_CLASS,64,1,SSL,A4-C3-MULTI-PROB-AVG,C3,47,45,0.48511904761904756,0.2857142857142857,-0.19940476190476186
STAGE18S_SUPPLEMENT,PhysioNetMI,P01-L1-LOW-CAL-OFFICIAL-R2:64_PER_CLASS,64,1,SSL,A4-C3-MULTI-PROB-AVG,C3,48,45,0.46739130434782605,0.3804347826086957,-0.08695652173913038
STAGE18S_SUPPLEMENT,PhysioNetMI,P01-L1-LOW-CAL-OFFICIAL-R2:64_PER_CLASS,64,1,SSL,A4-C3-MULTI-PROB-AVG,C3,57,45,0.4732142857142857,0.4732142857142857,0.0
STAGE18S_SUPPLEMENT,PhysioNetMI,P01-L1-LOW-CAL-OFFICIAL-R2:64_PER_CLASS,64,1,SSL,A4-C3-MULTI-PROB-AVG,C3,6,45,0.5565476190476191,0.5327380952380952,-0.023809523809523836
STAGE18S_SUPPLEMENT,PhysioNetMI,P01-L1-LOW-CAL-OFFICIAL-R2:64_PER_CLASS,64,1,SSL,A4-C3-MULTI-PROB-AVG,C3,71,45,0.48814229249011853,0.42193675889328064,-0.0662055335968379
STAGE18S_SUPPLEMENT,PhysioNetMI,P01-L1-LOW-CAL-OFFICIAL-R2:64_PER_CLASS,64,1,SSL,A4-C3-MULTI-PROB-AVG,C3,93,45,0.5780632411067194,0.5098814229249011,-0.06818181818181823
STAGE18S_SUPPLEMENT,PhysioNetMI,P01-L1-LOW-CAL-OFFICIAL-R2:64_PER_CLASS,64,1,SSL,A4-C3-MULTI-PROB-AVG,C3,98,45,0.5553359683794465,0.5760869565217391,0.020750988142292592
STAGE18S_SUPPLEMENT,PhysioNetMI,P01-L1-LOW-CAL-OFFICIAL-R2:64_PER_CLASS,64,2,SSL,A4-C3-MULTI-PROB-AVG,C3,107,45,0.6130952380952381,0.6011904761904763,-0.011904761904761862
STAGE18S_SUPPLEMENT,PhysioNetMI,P01-L1-LOW-CAL-OFFICIAL-R2:64_PER_CLASS,64,2,SSL,A4-C3-MULTI-PROB-AVG,C3,27,45,0.6037549407114624,0.6245059288537549,0.02075098814229248
STAGE18S_SUPPLEMENT,PhysioNetMI,P01-L1-LOW-CAL-OFFICIAL-R2:64_PER_CLASS,64,2,SSL,A4-C3-MULTI-PROB-AVG,C3,39,45,0.491106719367589,0.42292490118577075,-0.06818181818181823
STAGE18S_SUPPLEMENT,PhysioNetMI,P01-L1-LOW-CAL-OFFICIAL-R2:64_PER_CLASS,64,2,SSL,A4-C3-MULTI-PROB-AVG,C3,40,45,0.41369047619047616,0.36904761904761907,-0.044642857142857095
STAGE18S_SUPPLEMENT,PhysioNetMI,P01-L1-LOW-CAL-OFFICIAL-R2:64_PER_CLASS,64,2,SSL,A4-C3-MULTI-PROB-AVG,C3,47,45,0.4910714285714286,0.35416666666666663,-0.13690476190476197
STAGE18S_SUPPLEMENT,PhysioNetMI,P01-L1-LOW-CAL-OFFICIAL-R2:64_PER_CLASS,64,2,SSL,A4-C3-MULTI-PROB-AVG,C3,48,45,0.5573122529644269,0.46739130434782605,-0.08992094861660083
STAGE18S_SUPPLEMENT,PhysioNetMI,P01-L1-LOW-CAL-OFFICIAL-R2:64_PER_CLASS,64,2,SSL,A4-C3-MULTI-PROB-AVG,C3,57,45,0.43154761904761907,0.4494047619047619,0.01785714285714285
STAGE18S_SUPPLEMENT,PhysioNetMI,P01-L1-LOW-CAL-OFFICIAL-R2:64_PER_CLASS,64,2,SSL,A4-C3-MULTI-PROB-AVG,C3,6,45,0.5386904761904762,0.5357142857142857,-0.0029761904761904656
STAGE18S_SUPPLEMENT,PhysioNetMI,P01-L1-LOW-CAL-OFFICIAL-R2:64_PER_CLASS,64,2,SSL,A4-C3-MULTI-PROB-AVG,C3,71,45,0.39920948616600793,0.441699604743083,0.042490118577075076
STAGE18S_SUPPLEMENT,PhysioNetMI,P01-L1-LOW-CAL-OFFICIAL-R2:64_PER_CLASS,64,2,SSL,A4-C3-MULTI-PROB-AVG,C3,93,45,0.42193675889328064,0.5088932806324111,0.08695652173913049
STAGE18S_SUPPLEMENT,PhysioNetMI,P01-L1-LOW-CAL-OFFICIAL-R2:64_PER_CLASS,64,2,SSL,A4-C3-MULTI-PROB-AVG,C3,98,45,0.5800395256916996,0.5563241106719368,-0.02371541501976282
STAGE18S_SUPPLEMENT,PhysioNetMI,P01-L1-LOW-CAL-OFFICIAL-R2:8_PER_CLASS,8,1,SSL,A4-C3-MULTI-PROB-AVG,C3,107,45,0.5357142857142857,0.5,-0.0357142857142857
STAGE18S_SUPPLEMENT,PhysioNetMI,P01-L1-LOW-CAL-OFFICIAL-R2:8_PER_CLASS,8,1,SSL,A4-C3-MULTI-PROB-AVG,C3,27,45,0.6235177865612648,0.5039525691699605,-0.11956521739130432
STAGE18S_SUPPLEMENT,PhysioNetMI,P01-L1-LOW-CAL-OFFICIAL-R2:8_PER_CLASS,8,1,SSL,A4-C3-MULTI-PROB-AVG,C3,39,45,0.491106719367589,0.3537549407114624,-0.13735177865612658
STAGE18S_SUPPLEMENT,PhysioNetMI,P01-L1-LOW-CAL-OFFICIAL-R2:8_PER_CLASS,8,1,SSL,A4-C3-MULTI-PROB-AVG,C3,40,45,0.40476190476190477,0.5208333333333334,0.1160714285714286
STAGE18S_SUPPLEMENT,PhysioNetMI,P01-L1-LOW-CAL-OFFICIAL-R2:8_PER_CLASS,8,1,SSL,A4-C3-MULTI-PROB-AVG,C3,47,45,0.5446428571428572,0.4791666666666667,-0.06547619047619052
STAGE18S_SUPPLEMENT,PhysioNetMI,P01-L1-LOW-CAL-OFFICIAL-R2:8_PER_CLASS,8,1,SSL,A4-C3-MULTI-PROB-AVG,C3,48,45,0.5543478260869565,0.3330039525691699,-0.22134387351778662
STAGE18S_SUPPLEMENT,PhysioNetMI,P01-L1-LOW-CAL-OFFICIAL-R2:8_PER_CLASS,8,1,SSL,A4-C3-MULTI-PROB-AVG,C3,57,45,0.5059523809523809,0.5327380952380952,0.0267857142857143
STAGE18S_SUPPLEMENT,PhysioNetMI,P01-L1-LOW-CAL-OFFICIAL-R2:8_PER_CLASS,8,1,SSL,A4-C3-MULTI-PROB-AVG,C3,6,45,0.47023809523809523,0.5505952380952381,0.0803571428571429
STAGE18S_SUPPLEMENT,PhysioNetMI,P01-L1-LOW-CAL-OFFICIAL-R2:8_PER_CLASS,8,1,SSL,A4-C3-MULTI-PROB-AVG,C3,71,45,0.441699604743083,0.4496047430830039,0.007905138339920903
STAGE18S_SUPPLEMENT,PhysioNetMI,P01-L1-LOW-CAL-OFFICIAL-R2:8_PER_CLASS,8,1,SSL,A4-C3-MULTI-PROB-AVG,C3,93,45,0.5573122529644269,0.5,-0.05731225296442688
STAGE18S_SUPPLEMENT,PhysioNetMI,P01-L1-LOW-CAL-OFFICIAL-R2:8_PER_CLASS,8,1,SSL,A4-C3-MULTI-PROB-AVG,C3,98,45,0.4891304347826087,0.5227272727272727,0.033596837944664004
STAGE18S_SUPPLEMENT,PhysioNetMI,P01-L1-LOW-CAL-OFFICIAL-R2:8_PER_CLASS,8,2,SSL,A4-C3-MULTI-PROB-AVG,C3,107,45,0.6071428571428572,0.5773809523809523,-0.029761904761904878
STAGE18S_SUPPLEMENT,PhysioNetMI,P01-L1-LOW-CAL-OFFICIAL-R2:8_PER_CLASS,8,2,SSL,A4-C3-MULTI-PROB-AVG,C3,27,45,0.5365612648221344,0.49011857707509876,-0.04644268774703564
STAGE18S_SUPPLEMENT,PhysioNetMI,P01-L1-LOW-CAL-OFFICIAL-R2:8_PER_CLASS,8,2,SSL,A4-C3-MULTI-PROB-AVG,C3,39,45,0.4733201581027668,0.3824110671936759,-0.09090909090909088
STAGE18S_SUPPLEMENT,PhysioNetMI,P01-L1-LOW-CAL-OFFICIAL-R2:8_PER_CLASS,8,2,SSL,A4-C3-MULTI-PROB-AVG,C3,40,45,0.6041666666666666,0.5178571428571429,-0.08630952380952372
STAGE18S_SUPPLEMENT,PhysioNetMI,P01-L1-LOW-CAL-OFFICIAL-R2:8_PER_CLASS,8,2,SSL,A4-C3-MULTI-PROB-AVG,C3,47,45,0.3958333333333333,0.4583333333333333,0.0625
STAGE18S_SUPPLEMENT,PhysioNetMI,P01-L1-LOW-CAL-OFFICIAL-R2:8_PER_CLASS,8,2,SSL,A4-C3-MULTI-PROB-AVG,C3,48,45,0.43873517786561267,0.4160079051383399,-0.022727272727272763
STAGE18S_SUPPLEMENT,PhysioNetMI,P01-L1-LOW-CAL-OFFICIAL-R2:8_PER_CLASS,8,2,SSL,A4-C3-MULTI-PROB-AVG,C3,57,45,0.5059523809523809,0.5,-0.005952380952380931
STAGE18S_SUPPLEMENT,PhysioNetMI,P01-L1-LOW-CAL-OFFICIAL-R2:8_PER_CLASS,8,2,SSL,A4-C3-MULTI-PROB-AVG,C3,6,45,0.5029761904761905,0.5238095238095237,0.02083333333333326
STAGE18S_SUPPLEMENT,PhysioNetMI,P01-L1-LOW-CAL-OFFICIAL-R2:8_PER_CLASS,8,2,SSL,A4-C3-MULTI-PROB-AVG,C3,71,45,0.3942687747035573,0.39920948616600793,0.00494071146245062
STAGE18S_SUPPLEMENT,PhysioNetMI,P01-L1-LOW-CAL-OFFICIAL-R2:8_PER_CLASS,8,2,SSL,A4-C3-MULTI-PROB-AVG,C3,93,45,0.616600790513834,0.6363636363636364,0.01976284584980237
STAGE18S_SUPPLEMENT,PhysioNetMI,P01-L1-LOW-CAL-OFFICIAL-R2:8_PER_CLASS,8,2,SSL,A4-C3-MULTI-PROB-AVG,C3,98,45,0.4624505928853755,0.43873517786561267,-0.02371541501976282
