planned_run_cell_id,dataset_id,budget_id,budget_short,role_id,condition_id,condition_short,model_repeat_index,source_partition,resolved_branch,metric_path,BACC,F1_MACRO,ACC,ROC_AUC
P02-A4S-R1-BNCI2014_001-NEURAL-A4-C1-LONG-3P5S-FULL_TRAIN-MR01,BNCI2014_001,FULL_TRAIN,FULL,NEURAL,A4-C1-LONG-3P5S,C1,1,REUSED_PREDECESSOR_ANCHOR_REPEAT,DNN-EEGNET,/kaggle/working/iharq_p02_integrated_1_256_R1/runtime/supplements/stage18S_balanced_sensitivity_R1/metrics/P02-A4S-R1-BNCI2014_001-NEURAL-A4-C1-LONG-3P5S-FULL_TRAIN-MR01.json,0.6319444444444444,0.627906976744186,0.6319444444444444,0.6888020833333334
P02-A4S-R1-BNCI2014_001-NEURAL-A4-C1-LONG-3P5S-FULL_TRAIN-MR02,BNCI2014_001,FULL_TRAIN,FULL,NEURAL,A4-C1-LONG-3P5S,C1,2,REUSED_PREDECESSOR_ANCHOR_REPEAT,DNN-EEGNET,/kaggle/working/iharq_p02_integrated_1_256_R1/runtime/supplements/stage18S_balanced_sensitivity_R1/metrics/P02-A4S-R1-BNCI2014_001-NEURAL-A4-C1-LONG-3P5S-FULL_TRAIN-MR02.json,0.6180555555555556,0.5910569525481489,0.6180555555555556,0.6507040895061729
P02-A4S-R1-BNCI2014_001-NEURAL-A4-C1-LONG-3P5S-P01-L1-LOW-CAL-OFFICIAL-R2:128_PER_CLASS-MR00,BNCI2014_001,P01-L1-LOW-CAL-OFFICIAL-R2:128_PER_CLASS,128,NEURAL,A4-C1-LONG-3P5S,C1,0,NEW_HIGH_BUDGET_64_128_256,DNN-EEGNET,/kaggle/working/iharq_p02_integrated_1_256_R1/runtime/supplements/stage18S_balanced_sensitivity_R1/metrics/P02-A4S-R1-BNCI2014_001-NEURAL-A4-C1-LONG-3P5S-P01-L1-LOW-CAL-OFFICIAL-R2:128_PER_CLASS-MR00.json,0.59375,0.588345244639912,0.59375,0.6800250771604939
P02-A4S-R1-BNCI2014_001-NEURAL-A4-C1-LONG-3P5S-P01-L1-LOW-CAL-OFFICIAL-R2:128_PER_CLASS-MR01,BNCI2014_001,P01-L1-LOW-CAL-OFFICIAL-R2:128_PER_CLASS,128,NEURAL,A4-C1-LONG-3P5S,C1,1,NEW_HIGH_BUDGET_64_128_256,DNN-EEGNET,/kaggle/working/iharq_p02_integrated_1_256_R1/runtime/supplements/stage18S_balanced_sensitivity_R1/metrics/P02-A4S-R1-BNCI2014_001-NEURAL-A4-C1-LONG-3P5S-P01-L1-LOW-CAL-OFFICIAL-R2:128_PER_CLASS-MR01.json,0.6076388888888888,0.5774329676037135,0.6076388888888888,0.6959876543209877
P02-A4S-R1-BNCI2014_001-NEURAL-A4-C1-LONG-3P5S-P01-L1-LOW-CAL-OFFICIAL-R2:128_PER_CLASS-MR02,BNCI2014_001,P01-L1-LOW-CAL-OFFICIAL-R2:128_PER_CLASS,128,NEURAL,A4-C1-LONG-3P5S,C1,2,NEW_HIGH_BUDGET_64_128_256,DNN-EEGNET,/kaggle/working/iharq_p02_integrated_1_256_R1/runtime/supplements/stage18S_balanced_sensitivity_R1/metrics/P02-A4S-R1-BNCI2014_001-NEURAL-A4-C1-LONG-3P5S-P01-L1-LOW-CAL-OFFICIAL-R2:128_PER_CLASS-MR02.json,0.6284722222222222,0.6256514291961759,0.6284722222222222,0.6994598765432098
P02-A4S-R1-BNCI2014_001-NEURAL-A4-C1-LONG-3P5S-P01-L1-LOW-CAL-OFFICIAL-R2:16_PER_CLASS-MR00,BNCI2014_001,P01-L1-LOW-CAL-OFFICIAL-R2:16_PER_CLASS,16,NEURAL,A4-C1-LONG-3P5S,C1,0,REUSED_PREDECESSOR_MR00_PROBE,DNN-EEGNET,/kaggle/working/iharq_p02_integrated_1_256_R1/runtime/supplements/stage18S_balanced_sensitivity_R1/metrics/P02-A4S-R1-BNCI2014_001-NEURAL-A4-C1-LONG-3P5S-P01-L1-LOW-CAL-OFFICIAL-R2:16_PER_CLASS-MR00.json,0.5,0.3333333333333333,0.5,0.5475501543209876
P02-A4S-R1-BNCI2014_001-NEURAL-A4-C1-LONG-3P5S-P01-L1-LOW-CAL-OFFICIAL-R2:1_PER_CLASS-MR01,BNCI2014_001,P01-L1-LOW-CAL-OFFICIAL-R2:1_PER_CLASS,1,NEURAL,A4-C1-LONG-3P5S,C1,1,REUSED_PREDECESSOR_ANCHOR_REPEAT,DNN-EEGNET,/kaggle/working/iharq_p02_integrated_1_256_R1/runtime/supplements/stage18S_balanced_sensitivity_R1/metrics/P02-A4S-R1-BNCI2014_001-NEURAL-A4-C1-LONG-3P5S-P01-L1-LOW-CAL-OFFICIAL-R2:1_PER_CLASS-MR01.json,0.5034722222222222,0.42735577524715307,0.5034722222222222,0.5544463734567902
P02-A4S-R1-BNCI2014_001-NEURAL-A4-C1-LONG-3P5S-P01-L1-LOW-CAL-OFFICIAL-R2:1_PER_CLASS-MR02,BNCI2014_001,P01-L1-LOW-CAL-OFFICIAL-R2:1_PER_CLASS,1,NEURAL,A4-C1-LONG-3P5S,C1,2,REUSED_PREDECESSOR_ANCHOR_REPEAT,DNN-EEGNET,/kaggle/working/iharq_p02_integrated_1_256_R1/runtime/supplements/stage18S_balanced_sensitivity_R1/metrics/P02-A4S-R1-BNCI2014_001-NEURAL-A4-C1-LONG-3P5S-P01-L1-LOW-CAL-OFFICIAL-R2:1_PER_CLASS-MR02.json,0.5208333333333333,0.47148936170212763,0.5208333333333334,0.5802951388888888
P02-A4S-R1-BNCI2014_001-NEURAL-A4-C1-LONG-3P5S-P01-L1-LOW-CAL-OFFICIAL-R2:256_PER_CLASS-MR00,BNCI2014_001,P01-L1-LOW-CAL-OFFICIAL-R2:256_PER_CLASS,256,NEURAL,A4-C1-LONG-3P5S,C1,0,NEW_HIGH_BUDGET_64_128_256,DNN-EEGNET,/kaggle/working/iharq_p02_integrated_1_256_R1/runtime/supplements/stage18S_balanced_sensitivity_R1/metrics/P02-A4S-R1-BNCI2014_001-NEURAL-A4-C1-LONG-3P5S-P01-L1-LOW-CAL-OFFICIAL-R2:256_PER_CLASS-MR00.json,0.6041666666666666,0.5985719176407297,0.6041666666666666,0.6694155092592593
P02-A4S-R1-BNCI2014_001-NEURAL-A4-C1-LONG-3P5S-P01-L1-LOW-CAL-OFFICIAL-R2:256_PER_CLASS-MR01,BNCI2014_001,P01-L1-LOW-CAL-OFFICIAL-R2:256_PER_CLASS,256,NEURAL,A4-C1-LONG-3P5S,C1,1,NEW_HIGH_BUDGET_64_128_256,DNN-EEGNET,/kaggle/working/iharq_p02_integrated_1_256_R1/runtime/supplements/stage18S_balanced_sensitivity_R1/metrics/P02-A4S-R1-BNCI2014_001-NEURAL-A4-C1-LONG-3P5S-P01-L1-LOW-CAL-OFFICIAL-R2:256_PER_CLASS-MR01.json,0.6840277777777777,0.6746085941670908,0.6840277777777778,0.7391975308641976
P02-A4S-R1-BNCI2014_001-NEURAL-A4-C1-LONG-3P5S-P01-L1-LOW-CAL-OFFICIAL-R2:256_PER_CLASS-MR02,BNCI2014_001,P01-L1-LOW-CAL-OFFICIAL-R2:256_PER_CLASS,256,NEURAL,A4-C1-LONG-3P5S,C1,2,NEW_HIGH_BUDGET_64_128_256,DNN-EEGNET,/kaggle/working/iharq_p02_integrated_1_256_R1/runtime/supplements/stage18S_balanced_sensitivity_R1/metrics/P02-A4S-R1-BNCI2014_001-NEURAL-A4-C1-LONG-3P5S-P01-L1-LOW-CAL-OFFICIAL-R2:256_PER_CLASS-MR02.json,0.5625,0.5078125,0.5625,0.6782889660493828
P02-A4S-R1-BNCI2014_001-NEURAL-A4-C1-LONG-3P5S-P01-L1-LOW-CAL-OFFICIAL-R2:32_PER_CLASS-MR00,BNCI2014_001,P01-L1-LOW-CAL-OFFICIAL-R2:32_PER_CLASS,32,NEURAL,A4-C1-LONG-3P5S,C1,0,REUSED_PREDECESSOR_MR00_PROBE,DNN-EEGNET,/kaggle/working/iharq_p02_integrated_1_256_R1/runtime/supplements/stage18S_balanced_sensitivity_R1/metrics/P02-A4S-R1-BNCI2014_001-NEURAL-A4-C1-LONG-3P5S-P01-L1-LOW-CAL-OFFICIAL-R2:32_PER_CLASS-MR00.json,0.5034722222222222,0.341003280262421,0.5034722222222222,0.4929832175925926
P02-A4S-R1-BNCI2014_001-NEURAL-A4-C1-LONG-3P5S-P01-L1-LOW-CAL-OFFICIAL-R2:4_PER_CLASS-MR00,BNCI2014_001,P01-L1-LOW-CAL-OFFICIAL-R2:4_PER_CLASS,4,NEURAL,A4-C1-LONG-3P5S,C1,0,REUSED_PREDECESSOR_MR00_PROBE,DNN-EEGNET,/kaggle/working/iharq_p02_integrated_1_256_R1/runtime/supplements/stage18S_balanced_sensitivity_R1/metrics/P02-A4S-R1-BNCI2014_001-NEURAL-A4-C1-LONG-3P5S-P01-L1-LOW-CAL-OFFICIAL-R2:4_PER_CLASS-MR00.json,0.5104166666666666,0.4213323833273958,0.5104166666666666,0.5523003472222221
P02-A4S-R1-BNCI2014_001-NEURAL-A4-C1-LONG-3P5S-P01-L1-LOW-CAL-OFFICIAL-R2:64_PER_CLASS-MR00,BNCI2014_001,P01-L1-LOW-CAL-OFFICIAL-R2:64_PER_CLASS,64,NEURAL,A4-C1-LONG-3P5S,C1,0,NEW_HIGH_BUDGET_64_128_256,DNN-EEGNET,/kaggle/working/iharq_p02_integrated_1_256_R1/runtime/supplements/stage18S_balanced_sensitivity_R1/metrics/P02-A4S-R1-BNCI2014_001-NEURAL-A4-C1-LONG-3P5S-P01-L1-LOW-CAL-OFFICIAL-R2:64_PER_CLASS-MR00.json,0.5451388888888888,0.4784267643602682,0.5451388888888888,0.6106770833333333
P02-A4S-R1-BNCI2014_001-NEURAL-A4-C1-LONG-3P5S-P01-L1-LOW-CAL-OFFICIAL-R2:64_PER_CLASS-MR01,BNCI2014_001,P01-L1-LOW-CAL-OFFICIAL-R2:64_PER_CLASS,64,NEURAL,A4-C1-LONG-3P5S,C1,1,NEW_HIGH_BUDGET_64_128_256,DNN-EEGNET,/kaggle/working/iharq_p02_integrated_1_256_R1/runtime/supplements/stage18S_balanced_sensitivity_R1/metrics/P02-A4S-R1-BNCI2014_001-NEURAL-A4-C1-LONG-3P5S-P01-L1-LOW-CAL-OFFICIAL-R2:64_PER_CLASS-MR01.json,0.5347222222222222,0.48917244665643034,0.5347222222222222,0.6082658179012346
P02-A4S-R1-BNCI2014_001-NEURAL-A4-C1-LONG-3P5S-P01-L1-LOW-CAL-OFFICIAL-R2:64_PER_CLASS-MR02,BNCI2014_001,P01-L1-LOW-CAL-OFFICIAL-R2:64_PER_CLASS,64,NEURAL,A4-C1-LONG-3P5S,C1,2,NEW_HIGH_BUDGET_64_128_256,DNN-EEGNET,/kaggle/working/iharq_p02_integrated_1_256_R1/runtime/supplements/stage18S_balanced_sensitivity_R1/metrics/P02-A4S-R1-BNCI2014_001-NEURAL-A4-C1-LONG-3P5S-P01-L1-LOW-CAL-OFFICIAL-R2:64_PER_CLASS-MR02.json,0.5347222222222222,0.5037037037037038,0.5347222222222222,0.5753761574074074
P02-A4S-R1-BNCI2014_001-NEURAL-A4-C1-LONG-3P5S-P01-L1-LOW-CAL-OFFICIAL-R2:8_PER_CLASS-MR01,BNCI2014_001,P01-L1-LOW-CAL-OFFICIAL-R2:8_PER_CLASS,8,NEURAL,A4-C1-LONG-3P5S,C1,1,REUSED_PREDECESSOR_ANCHOR_REPEAT,DNN-EEGNET,/kaggle/working/iharq_p02_integrated_1_256_R1/runtime/supplements/stage18S_balanced_sensitivity_R1/metrics/P02-A4S-R1-BNCI2014_001-NEURAL-A4-C1-LONG-3P5S-P01-L1-LOW-CAL-OFFICIAL-R2:8_PER_CLASS-MR01.json,0.4930555555555555,0.35824175824175825,0.4930555555555556,0.5153115354938271
P02-A4S-R1-BNCI2014_001-NEURAL-A4-C1-LONG-3P5S-P01-L1-LOW-CAL-OFFICIAL-R2:8_PER_CLASS-MR02,BNCI2014_001,P01-L1-LOW-CAL-OFFICIAL-R2:8_PER_CLASS,8,NEURAL,A4-C1-LONG-3P5S,C1,2,REUSED_PREDECESSOR_ANCHOR_REPEAT,DNN-EEGNET,/kaggle/working/iharq_p02_integrated_1_256_R1/runtime/supplements/stage18S_balanced_sensitivity_R1/metrics/P02-A4S-R1-BNCI2014_001-NEURAL-A4-C1-LONG-3P5S-P01-L1-LOW-CAL-OFFICIAL-R2:8_PER_CLASS-MR02.json,0.4548611111111111,0.42560245938083563,0.4548611111111111,0.48324170524691357
P02-A4S-R1-BNCI2014_001-NEURAL-A4-C2-MULTI-HARD-VOTE-FULL_TRAIN-MR01,BNCI2014_001,FULL_TRAIN,FULL,NEURAL,A4-C2-MULTI-HARD-VOTE,C2,1,REUSED_PREDECESSOR_ANCHOR_REPEAT,DNN-EEGNET,/kaggle/working/iharq_p02_integrated_1_256_R1/runtime/supplements/stage18S_balanced_sensitivity_R1/metrics/P02-A4S-R1-BNCI2014_001-NEURAL-A4-C2-MULTI-HARD-VOTE-FULL_TRAIN-MR01.json,0.5972222222222222,0.5884700665188469,0.5972222222222222,
P02-A4S-R1-BNCI2014_001-NEURAL-A4-C2-MULTI-HARD-VOTE-FULL_TRAIN-MR02,BNCI2014_001,FULL_TRAIN,FULL,NEURAL,A4-C2-MULTI-HARD-VOTE,C2,2,REUSED_PREDECESSOR_ANCHOR_REPEAT,DNN-EEGNET,/kaggle/working/iharq_p02_integrated_1_256_R1/runtime/supplements/stage18S_balanced_sensitivity_R1/metrics/P02-A4S-R1-BNCI2014_001-NEURAL-A4-C2-MULTI-HARD-VOTE-FULL_TRAIN-MR02.json,0.5833333333333334,0.5759509202453987,0.5833333333333334,
P02-A4S-R1-BNCI2014_001-NEURAL-A4-C2-MULTI-HARD-VOTE-P01-L1-LOW-CAL-OFFICIAL-R2:128_PER_CLASS-MR00,BNCI2014_001,P01-L1-LOW-CAL-OFFICIAL-R2:128_PER_CLASS,128,NEURAL,A4-C2-MULTI-HARD-VOTE,C2,0,NEW_HIGH_BUDGET_64_128_256,DNN-EEGNET,/kaggle/working/iharq_p02_integrated_1_256_R1/runtime/supplements/stage18S_balanced_sensitivity_R1/metrics/P02-A4S-R1-BNCI2014_001-NEURAL-A4-C2-MULTI-HARD-VOTE-P01-L1-LOW-CAL-OFFICIAL-R2:128_PER_CLASS-MR00.json,0.59375,0.5935098618734544,0.59375,
P02-A4S-R1-BNCI2014_001-NEURAL-A4-C2-MULTI-HARD-VOTE-P01-L1-LOW-CAL-OFFICIAL-R2:128_PER_CLASS-MR01,BNCI2014_001,P01-L1-LOW-CAL-OFFICIAL-R2:128_PER_CLASS,128,NEURAL,A4-C2-MULTI-HARD-VOTE,C2,1,NEW_HIGH_BUDGET_64_128_256,DNN-EEGNET,/kaggle/working/iharq_p02_integrated_1_256_R1/runtime/supplements/stage18S_balanced_sensitivity_R1/metrics/P02-A4S-R1-BNCI2014_001-NEURAL-A4-C2-MULTI-HARD-VOTE-P01-L1-LOW-CAL-OFFICIAL-R2:128_PER_CLASS-MR01.json,0.6388888888888888,0.6382608695652174,0.6388888888888888,
P02-A4S-R1-BNCI2014_001-NEURAL-A4-C2-MULTI-HARD-VOTE-P01-L1-LOW-CAL-OFFICIAL-R2:128_PER_CLASS-MR02,BNCI2014_001,P01-L1-LOW-CAL-OFFICIAL-R2:128_PER_CLASS,128,NEURAL,A4-C2-MULTI-HARD-VOTE,C2,2,NEW_HIGH_BUDGET_64_128_256,DNN-EEGNET,/kaggle/working/iharq_p02_integrated_1_256_R1/runtime/supplements/stage18S_balanced_sensitivity_R1/metrics/P02-A4S-R1-BNCI2014_001-NEURAL-A4-C2-MULTI-HARD-VOTE-P01-L1-LOW-CAL-OFFICIAL-R2:128_PER_CLASS-MR02.json,0.5694444444444444,0.5693613737217827,0.5694444444444444,
P02-A4S-R1-BNCI2014_001-NEURAL-A4-C2-MULTI-HARD-VOTE-P01-L1-LOW-CAL-OFFICIAL-R2:16_PER_CLASS-MR00,BNCI2014_001,P01-L1-LOW-CAL-OFFICIAL-R2:16_PER_CLASS,16,NEURAL,A4-C2-MULTI-HARD-VOTE,C2,0,REUSED_PREDECESSOR_MR00_PROBE,DNN-EEGNET,/kaggle/working/iharq_p02_integrated_1_256_R1/runtime/supplements/stage18S_balanced_sensitivity_R1/metrics/P02-A4S-R1-BNCI2014_001-NEURAL-A4-C2-MULTI-HARD-VOTE-P01-L1-LOW-CAL-OFFICIAL-R2:16_PER_CLASS-MR00.json,0.5138888888888888,0.5115332428765265,0.5138888888888888,
P02-A4S-R1-BNCI2014_001-NEURAL-A4-C2-MULTI-HARD-VOTE-P01-L1-LOW-CAL-OFFICIAL-R2:1_PER_CLASS-MR01,BNCI2014_001,P01-L1-LOW-CAL-OFFICIAL-R2:1_PER_CLASS,1,NEURAL,A4-C2-MULTI-HARD-VOTE,C2,1,REUSED_PREDECESSOR_ANCHOR_REPEAT,DNN-EEGNET,/kaggle/working/iharq_p02_integrated_1_256_R1/runtime/supplements/stage18S_balanced_sensitivity_R1/metrics/P02-A4S-R1-BNCI2014_001-NEURAL-A4-C2-MULTI-HARD-VOTE-P01-L1-LOW-CAL-OFFICIAL-R2:1_PER_CLASS-MR01.json,0.4965277777777778,0.4598998952392038,0.4965277777777778,
P02-A4S-R1-BNCI2014_001-NEURAL-A4-C2-MULTI-HARD-VOTE-P01-L1-LOW-CAL-OFFICIAL-R2:1_PER_CLASS-MR02,BNCI2014_001,P01-L1-LOW-CAL-OFFICIAL-R2:1_PER_CLASS,1,NEURAL,A4-C2-MULTI-HARD-VOTE,C2,2,REUSED_PREDECESSOR_ANCHOR_REPEAT,DNN-EEGNET,/kaggle/working/iharq_p02_integrated_1_256_R1/runtime/supplements/stage18S_balanced_sensitivity_R1/metrics/P02-A4S-R1-BNCI2014_001-NEURAL-A4-C2-MULTI-HARD-VOTE-P01-L1-LOW-CAL-OFFICIAL-R2:1_PER_CLASS-MR02.json,0.5069444444444444,0.3758241758241758,0.5069444444444444,
P02-A4S-R1-BNCI2014_001-NEURAL-A4-C2-MULTI-HARD-VOTE-P01-L1-LOW-CAL-OFFICIAL-R2:256_PER_CLASS-MR00,BNCI2014_001,P01-L1-LOW-CAL-OFFICIAL-R2:256_PER_CLASS,256,NEURAL,A4-C2-MULTI-HARD-VOTE,C2,0,NEW_HIGH_BUDGET_64_128_256,DNN-EEGNET,/kaggle/working/iharq_p02_integrated_1_256_R1/runtime/supplements/stage18S_balanced_sensitivity_R1/metrics/P02-A4S-R1-BNCI2014_001-NEURAL-A4-C2-MULTI-HARD-VOTE-P01-L1-LOW-CAL-OFFICIAL-R2:256_PER_CLASS-MR00.json,0.5902777777777778,0.5660878447395301,0.5902777777777778,
P02-A4S-R1-BNCI2014_001-NEURAL-A4-C2-MULTI-HARD-VOTE-P01-L1-LOW-CAL-OFFICIAL-R2:256_PER_CLASS-MR01,BNCI2014_001,P01-L1-LOW-CAL-OFFICIAL-R2:256_PER_CLASS,256,NEURAL,A4-C2-MULTI-HARD-VOTE,C2,1,NEW_HIGH_BUDGET_64_128_256,DNN-EEGNET,/kaggle/working/iharq_p02_integrated_1_256_R1/runtime/supplements/stage18S_balanced_sensitivity_R1/metrics/P02-A4S-R1-BNCI2014_001-NEURAL-A4-C2-MULTI-HARD-VOTE-P01-L1-LOW-CAL-OFFICIAL-R2:256_PER_CLASS-MR01.json,0.6875,0.6873643074250977,0.6875,
P02-A4S-R1-BNCI2014_001-NEURAL-A4-C2-MULTI-HARD-VOTE-P01-L1-LOW-CAL-OFFICIAL-R2:256_PER_CLASS-MR02,BNCI2014_001,P01-L1-LOW-CAL-OFFICIAL-R2:256_PER_CLASS,256,NEURAL,A4-C2-MULTI-HARD-VOTE,C2,2,NEW_HIGH_BUDGET_64_128_256,DNN-EEGNET,/kaggle/working/iharq_p02_integrated_1_256_R1/runtime/supplements/stage18S_balanced_sensitivity_R1/metrics/P02-A4S-R1-BNCI2014_001-NEURAL-A4-C2-MULTI-HARD-VOTE-P01-L1-LOW-CAL-OFFICIAL-R2:256_PER_CLASS-MR02.json,0.6284722222222222,0.6044311515602736,0.6284722222222222,
P02-A4S-R1-BNCI2014_001-NEURAL-A4-C2-MULTI-HARD-VOTE-P01-L1-LOW-CAL-OFFICIAL-R2:32_PER_CLASS-MR00,BNCI2014_001,P01-L1-LOW-CAL-OFFICIAL-R2:32_PER_CLASS,32,NEURAL,A4-C2-MULTI-HARD-VOTE,C2,0,REUSED_PREDECESSOR_MR00_PROBE,DNN-EEGNET,/kaggle/working/iharq_p02_integrated_1_256_R1/runtime/supplements/stage18S_balanced_sensitivity_R1/metrics/P02-A4S-R1-BNCI2014_001-NEURAL-A4-C2-MULTI-HARD-VOTE-P01-L1-LOW-CAL-OFFICIAL-R2:32_PER_CLASS-MR00.json,0.5277777777777778,0.4115384615384616,0.5277777777777778,
P02-A4S-R1-BNCI2014_001-NEURAL-A4-C2-MULTI-HARD-VOTE-P01-L1-LOW-CAL-OFFICIAL-R2:4_PER_CLASS-MR00,BNCI2014_001,P01-L1-LOW-CAL-OFFICIAL-R2:4_PER_CLASS,4,NEURAL,A4-C2-MULTI-HARD-VOTE,C2,0,REUSED_PREDECESSOR_MR00_PROBE,DNN-EEGNET,/kaggle/working/iharq_p02_integrated_1_256_R1/runtime/supplements/stage18S_balanced_sensitivity_R1/metrics/P02-A4S-R1-BNCI2014_001-NEURAL-A4-C2-MULTI-HARD-VOTE-P01-L1-LOW-CAL-OFFICIAL-R2:4_PER_CLASS-MR00.json,0.4965277777777778,0.3378050520907664,0.4965277777777778,
P02-A4S-R1-BNCI2014_001-NEURAL-A4-C2-MULTI-HARD-VOTE-P01-L1-LOW-CAL-OFFICIAL-R2:64_PER_CLASS-MR00,BNCI2014_001,P01-L1-LOW-CAL-OFFICIAL-R2:64_PER_CLASS,64,NEURAL,A4-C2-MULTI-HARD-VOTE,C2,0,NEW_HIGH_BUDGET_64_128_256,DNN-EEGNET,/kaggle/working/iharq_p02_integrated_1_256_R1/runtime/supplements/stage18S_balanced_sensitivity_R1/metrics/P02-A4S-R1-BNCI2014_001-NEURAL-A4-C2-MULTI-HARD-VOTE-P01-L1-LOW-CAL-OFFICIAL-R2:64_PER_CLASS-MR00.json,0.5590277777777778,0.5551176792556103,0.5590277777777778,
P02-A4S-R1-BNCI2014_001-NEURAL-A4-C2-MULTI-HARD-VOTE-P01-L1-LOW-CAL-OFFICIAL-R2:64_PER_CLASS-MR01,BNCI2014_001,P01-L1-LOW-CAL-OFFICIAL-R2:64_PER_CLASS,64,NEURAL,A4-C2-MULTI-HARD-VOTE,C2,1,NEW_HIGH_BUDGET_64_128_256,DNN-EEGNET,/kaggle/working/iharq_p02_integrated_1_256_R1/runtime/supplements/stage18S_balanced_sensitivity_R1/metrics/P02-A4S-R1-BNCI2014_001-NEURAL-A4-C2-MULTI-HARD-VOTE-P01-L1-LOW-CAL-OFFICIAL-R2:64_PER_CLASS-MR01.json,0.5555555555555556,0.5163474153765416,0.5555555555555556,
P02-A4S-R1-BNCI2014_001-NEURAL-A4-C2-MULTI-HARD-VOTE-P01-L1-LOW-CAL-OFFICIAL-R2:64_PER_CLASS-MR02,BNCI2014_001,P01-L1-LOW-CAL-OFFICIAL-R2:64_PER_CLASS,64,NEURAL,A4-C2-MULTI-HARD-VOTE,C2,2,NEW_HIGH_BUDGET_64_128_256,DNN-EEGNET,/kaggle/working/iharq_p02_integrated_1_256_R1/runtime/supplements/stage18S_balanced_sensitivity_R1/metrics/P02-A4S-R1-BNCI2014_001-NEURAL-A4-C2-MULTI-HARD-VOTE-P01-L1-LOW-CAL-OFFICIAL-R2:64_PER_CLASS-MR02.json,0.5069444444444444,0.4586752792926352,0.5069444444444444,
P02-A4S-R1-BNCI2014_001-NEURAL-A4-C2-MULTI-HARD-VOTE-P01-L1-LOW-CAL-OFFICIAL-R2:8_PER_CLASS-MR01,BNCI2014_001,P01-L1-LOW-CAL-OFFICIAL-R2:8_PER_CLASS,8,NEURAL,A4-C2-MULTI-HARD-VOTE,C2,1,REUSED_PREDECESSOR_ANCHOR_REPEAT,DNN-EEGNET,/kaggle/working/iharq_p02_integrated_1_256_R1/runtime/supplements/stage18S_balanced_sensitivity_R1/metrics/P02-A4S-R1-BNCI2014_001-NEURAL-A4-C2-MULTI-HARD-VOTE-P01-L1-LOW-CAL-OFFICIAL-R2:8_PER_CLASS-MR01.json,0.5243055555555556,0.5242539338035811,0.5243055555555556,
P02-A4S-R1-BNCI2014_001-NEURAL-A4-C2-MULTI-HARD-VOTE-P01-L1-LOW-CAL-OFFICIAL-R2:8_PER_CLASS-MR02,BNCI2014_001,P01-L1-LOW-CAL-OFFICIAL-R2:8_PER_CLASS,8,NEURAL,A4-C2-MULTI-HARD-VOTE,C2,2,REUSED_PREDECESSOR_ANCHOR_REPEAT,DNN-EEGNET,/kaggle/working/iharq_p02_integrated_1_256_R1/runtime/supplements/stage18S_balanced_sensitivity_R1/metrics/P02-A4S-R1-BNCI2014_001-NEURAL-A4-C2-MULTI-HARD-VOTE-P01-L1-LOW-CAL-OFFICIAL-R2:8_PER_CLASS-MR02.json,0.4930555555555555,0.4296875,0.4930555555555556,
P02-A4S-R1-BNCI2014_001-NEURAL-A4-C3-MULTI-PROB-AVG-FULL_TRAIN-MR01,BNCI2014_001,FULL_TRAIN,FULL,NEURAL,A4-C3-MULTI-PROB-AVG,C3,1,REUSED_PREDECESSOR_ANCHOR_REPEAT,DNN-EEGNET,/kaggle/working/iharq_p02_integrated_1_256_R1/runtime/supplements/stage18S_balanced_sensitivity_R1/metrics/P02-A4S-R1-BNCI2014_001-NEURAL-A4-C3-MULTI-PROB-AVG-FULL_TRAIN-MR01.json,0.5902777777777778,0.5795516405206116,0.5902777777777778,0.6493055555555556
P02-A4S-R1-BNCI2014_001-NEURAL-A4-C3-MULTI-PROB-AVG-FULL_TRAIN-MR02,BNCI2014_001,FULL_TRAIN,FULL,NEURAL,A4-C3-MULTI-PROB-AVG,C3,2,REUSED_PREDECESSOR_ANCHOR_REPEAT,DNN-EEGNET,/kaggle/working/iharq_p02_integrated_1_256_R1/runtime/supplements/stage18S_balanced_sensitivity_R1/metrics/P02-A4S-R1-BNCI2014_001-NEURAL-A4-C3-MULTI-PROB-AVG-FULL_TRAIN-MR02.json,0.6145833333333334,0.6081152313821636,0.6145833333333334,0.66015625
P02-A4S-R1-BNCI2014_001-NEURAL-A4-C3-MULTI-PROB-AVG-P01-L1-LOW-CAL-OFFICIAL-R2:128_PER_CLASS-MR00,BNCI2014_001,P01-L1-LOW-CAL-OFFICIAL-R2:128_PER_CLASS,128,NEURAL,A4-C3-MULTI-PROB-AVG,C3,0,NEW_HIGH_BUDGET_64_128_256,DNN-EEGNET,/kaggle/working/iharq_p02_integrated_1_256_R1/runtime/supplements/stage18S_balanced_sensitivity_R1/metrics/P02-A4S-R1-BNCI2014_001-NEURAL-A4-C3-MULTI-PROB-AVG-P01-L1-LOW-CAL-OFFICIAL-R2:128_PER_CLASS-MR00.json,0.5625,0.5623100303951367,0.5625,0.6019483024691359
P02-A4S-R1-BNCI2014_001-NEURAL-A4-C3-MULTI-PROB-AVG-P01-L1-LOW-CAL-OFFICIAL-R2:128_PER_CLASS-MR01,BNCI2014_001,P01-L1-LOW-CAL-OFFICIAL-R2:128_PER_CLASS,128,NEURAL,A4-C3-MULTI-PROB-AVG,C3,1,NEW_HIGH_BUDGET_64_128_256,DNN-EEGNET,/kaggle/working/iharq_p02_integrated_1_256_R1/runtime/supplements/stage18S_balanced_sensitivity_R1/metrics/P02-A4S-R1-BNCI2014_001-NEURAL-A4-C3-MULTI-PROB-AVG-P01-L1-LOW-CAL-OFFICIAL-R2:128_PER_CLASS-MR01.json,0.6180555555555556,0.6175945149920332,0.6180555555555556,0.6528260030864197
P02-A4S-R1-BNCI2014_001-NEURAL-A4-C3-MULTI-PROB-AVG-P01-L1-LOW-CAL-OFFICIAL-R2:128_PER_CLASS-MR02,BNCI2014_001,P01-L1-LOW-CAL-OFFICIAL-R2:128_PER_CLASS,128,NEURAL,A4-C3-MULTI-PROB-AVG,C3,2,NEW_HIGH_BUDGET_64_128_256,DNN-EEGNET,/kaggle/working/iharq_p02_integrated_1_256_R1/runtime/supplements/stage18S_balanced_sensitivity_R1/metrics/P02-A4S-R1-BNCI2014_001-NEURAL-A4-C3-MULTI-PROB-AVG-P01-L1-LOW-CAL-OFFICIAL-R2:128_PER_CLASS-MR02.json,0.6006944444444444,0.5989489362217405,0.6006944444444444,0.6155478395061729
P02-A4S-R1-BNCI2014_001-NEURAL-A4-C3-MULTI-PROB-AVG-P01-L1-LOW-CAL-OFFICIAL-R2:16_PER_CLASS-MR00,BNCI2014_001,P01-L1-LOW-CAL-OFFICIAL-R2:16_PER_CLASS,16,NEURAL,A4-C3-MULTI-PROB-AVG,C3,0,REUSED_PREDECESSOR_MR00_PROBE,DNN-EEGNET,/kaggle/working/iharq_p02_integrated_1_256_R1/runtime/supplements/stage18S_balanced_sensitivity_R1/metrics/P02-A4S-R1-BNCI2014_001-NEURAL-A4-C3-MULTI-PROB-AVG-P01-L1-LOW-CAL-OFFICIAL-R2:16_PER_CLASS-MR00.json,0.5069444444444444,0.5040504487024011,0.5069444444444444,0.5053530092592593
P02-A4S-R1-BNCI2014_001-NEURAL-A4-C3-MULTI-PROB-AVG-P01-L1-LOW-CAL-OFFICIAL-R2:1_PER_CLASS-MR01,BNCI2014_001,P01-L1-LOW-CAL-OFFICIAL-R2:1_PER_CLASS,1,NEURAL,A4-C3-MULTI-PROB-AVG,C3,1,REUSED_PREDECESSOR_ANCHOR_REPEAT,DNN-EEGNET,/kaggle/working/iharq_p02_integrated_1_256_R1/runtime/supplements/stage18S_balanced_sensitivity_R1/metrics/P02-A4S-R1-BNCI2014_001-NEURAL-A4-C3-MULTI-PROB-AVG-P01-L1-LOW-CAL-OFFICIAL-R2:1_PER_CLASS-MR01.json,0.4965277777777778,0.4827522140335666,0.4965277777777778,0.5104648919753086
P02-A4S-R1-BNCI2014_001-NEURAL-A4-C3-MULTI-PROB-AVG-P01-L1-LOW-CAL-OFFICIAL-R2:1_PER_CLASS-MR02,BNCI2014_001,P01-L1-LOW-CAL-OFFICIAL-R2:1_PER_CLASS,1,NEURAL,A4-C3-MULTI-PROB-AVG,C3,2,REUSED_PREDECESSOR_ANCHOR_REPEAT,DNN-EEGNET,/kaggle/working/iharq_p02_integrated_1_256_R1/runtime/supplements/stage18S_balanced_sensitivity_R1/metrics/P02-A4S-R1-BNCI2014_001-NEURAL-A4-C3-MULTI-PROB-AVG-P01-L1-LOW-CAL-OFFICIAL-R2:1_PER_CLASS-MR02.json,0.4965277777777778,0.41235241968394243,0.4965277777777778,0.5670814043209876
P02-A4S-R1-BNCI2014_001-NEURAL-A4-C3-MULTI-PROB-AVG-P01-L1-LOW-CAL-OFFICIAL-R2:256_PER_CLASS-MR00,BNCI2014_001,P01-L1-LOW-CAL-OFFICIAL-R2:256_PER_CLASS,256,NEURAL,A4-C3-MULTI-PROB-AVG,C3,0,NEW_HIGH_BUDGET_64_128_256,DNN-EEGNET,/kaggle/working/iharq_p02_integrated_1_256_R1/runtime/supplements/stage18S_balanced_sensitivity_R1/metrics/P02-A4S-R1-BNCI2014_001-NEURAL-A4-C3-MULTI-PROB-AVG-P01-L1-LOW-CAL-OFFICIAL-R2:256_PER_CLASS-MR00.json,0.6041666666666667,0.5745386688782915,0.6041666666666666,0.6842206790123456
P02-A4S-R1-BNCI2014_001-NEURAL-A4-C3-MULTI-PROB-AVG-P01-L1-LOW-CAL-OFFICIAL-R2:256_PER_CLASS-MR01,BNCI2014_001,P01-L1-LOW-CAL-OFFICIAL-R2:256_PER_CLASS,256,NEURAL,A4-C3-MULTI-PROB-AVG,C3,1,NEW_HIGH_BUDGET_64_128_256,DNN-EEGNET,/kaggle/working/iharq_p02_integrated_1_256_R1/runtime/supplements/stage18S_balanced_sensitivity_R1/metrics/P02-A4S-R1-BNCI2014_001-NEURAL-A4-C3-MULTI-PROB-AVG-P01-L1-LOW-CAL-OFFICIAL-R2:256_PER_CLASS-MR01.json,0.7083333333333333,0.7078260869565217,0.7083333333333334,0.7551601080246912
P02-A4S-R1-BNCI2014_001-NEURAL-A4-C3-MULTI-PROB-AVG-P01-L1-LOW-CAL-OFFICIAL-R2:256_PER_CLASS-MR02,BNCI2014_001,P01-L1-LOW-CAL-OFFICIAL-R2:256_PER_CLASS,256,NEURAL,A4-C3-MULTI-PROB-AVG,C3,2,NEW_HIGH_BUDGET_64_128_256,DNN-EEGNET,/kaggle/working/iharq_p02_integrated_1_256_R1/runtime/supplements/stage18S_balanced_sensitivity_R1/metrics/P02-A4S-R1-BNCI2014_001-NEURAL-A4-C3-MULTI-PROB-AVG-P01-L1-LOW-CAL-OFFICIAL-R2:256_PER_CLASS-MR02.json,0.6180555555555556,0.5894671366369479,0.6180555555555556,0.7331211419753085
P02-A4S-R1-BNCI2014_001-NEURAL-A4-C3-MULTI-PROB-AVG-P01-L1-LOW-CAL-OFFICIAL-R2:32_PER_CLASS-MR00,BNCI2014_001,P01-L1-LOW-CAL-OFFICIAL-R2:32_PER_CLASS,32,NEURAL,A4-C3-MULTI-PROB-AVG,C3,0,REUSED_PREDECESSOR_MR00_PROBE,DNN-EEGNET,/kaggle/working/iharq_p02_integrated_1_256_R1/runtime/supplements/stage18S_balanced_sensitivity_R1/metrics/P02-A4S-R1-BNCI2014_001-NEURAL-A4-C3-MULTI-PROB-AVG-P01-L1-LOW-CAL-OFFICIAL-R2:32_PER_CLASS-MR00.json,0.5277777777777778,0.4159957058507783,0.5277777777777778,0.5360243055555555
P02-A4S-R1-BNCI2014_001-NEURAL-A4-C3-MULTI-PROB-AVG-P01-L1-LOW-CAL-OFFICIAL-R2:4_PER_CLASS-MR00,BNCI2014_001,P01-L1-LOW-CAL-OFFICIAL-R2:4_PER_CLASS,4,NEURAL,A4-C3-MULTI-PROB-AVG,C3,0,REUSED_PREDECESSOR_MR00_PROBE,DNN-EEGNET,/kaggle/working/iharq_p02_integrated_1_256_R1/runtime/supplements/stage18S_balanced_sensitivity_R1/metrics/P02-A4S-R1-BNCI2014_001-NEURAL-A4-C3-MULTI-PROB-AVG-P01-L1-LOW-CAL-OFFICIAL-R2:4_PER_CLASS-MR00.json,0.5243055555555556,0.522642308390297,0.5243055555555556,0.5042438271604939
P02-A4S-R1-BNCI2014_001-NEURAL-A4-C3-MULTI-PROB-AVG-P01-L1-LOW-CAL-OFFICIAL-R2:64_PER_CLASS-MR00,BNCI2014_001,P01-L1-LOW-CAL-OFFICIAL-R2:64_PER_CLASS,64,NEURAL,A4-C3-MULTI-PROB-AVG,C3,0,NEW_HIGH_BUDGET_64_128_256,DNN-EEGNET,/kaggle/working/iharq_p02_integrated_1_256_R1/runtime/supplements/stage18S_balanced_sensitivity_R1/metrics/P02-A4S-R1-BNCI2014_001-NEURAL-A4-C3-MULTI-PROB-AVG-P01-L1-LOW-CAL-OFFICIAL-R2:64_PER_CLASS-MR00.json,0.6006944444444444,0.5989489362217405,0.6006944444444444,0.6239390432098765
P02-A4S-R1-BNCI2014_001-NEURAL-A4-C3-MULTI-PROB-AVG-P01-L1-LOW-CAL-OFFICIAL-R2:64_PER_CLASS-MR01,BNCI2014_001,P01-L1-LOW-CAL-OFFICIAL-R2:64_PER_CLASS,64,NEURAL,A4-C3-MULTI-PROB-AVG,C3,1,NEW_HIGH_BUDGET_64_128_256,DNN-EEGNET,/kaggle/working/iharq_p02_integrated_1_256_R1/runtime/supplements/stage18S_balanced_sensitivity_R1/metrics/P02-A4S-R1-BNCI2014_001-NEURAL-A4-C3-MULTI-PROB-AVG-P01-L1-LOW-CAL-OFFICIAL-R2:64_PER_CLASS-MR01.json,0.5416666666666667,0.487018945323042,0.5416666666666666,0.5669849537037037
P02-A4S-R1-BNCI2014_001-NEURAL-A4-C3-MULTI-PROB-AVG-P01-L1-LOW-CAL-OFFICIAL-R2:64_PER_CLASS-MR02,BNCI2014_001,P01-L1-LOW-CAL-OFFICIAL-R2:64_PER_CLASS,64,NEURAL,A4-C3-MULTI-PROB-AVG,C3,2,NEW_HIGH_BUDGET_64_128_256,DNN-EEGNET,/kaggle/working/iharq_p02_integrated_1_256_R1/runtime/supplements/stage18S_balanced_sensitivity_R1/metrics/P02-A4S-R1-BNCI2014_001-NEURAL-A4-C3-MULTI-PROB-AVG-P01-L1-LOW-CAL-OFFICIAL-R2:64_PER_CLASS-MR02.json,0.5381944444444444,0.5295678125345418,0.5381944444444444,0.5385802469135802
P02-A4S-R1-BNCI2014_001-NEURAL-A4-C3-MULTI-PROB-AVG-P01-L1-LOW-CAL-OFFICIAL-R2:8_PER_CLASS-MR01,BNCI2014_001,P01-L1-LOW-CAL-OFFICIAL-R2:8_PER_CLASS,8,NEURAL,A4-C3-MULTI-PROB-AVG,C3,1,REUSED_PREDECESSOR_ANCHOR_REPEAT,DNN-EEGNET,/kaggle/working/iharq_p02_integrated_1_256_R1/runtime/supplements/stage18S_balanced_sensitivity_R1/metrics/P02-A4S-R1-BNCI2014_001-NEURAL-A4-C3-MULTI-PROB-AVG-P01-L1-LOW-CAL-OFFICIAL-R2:8_PER_CLASS-MR01.json,0.5277777777777778,0.4815481548154815,0.5277777777777778,0.5666473765432098
P02-A4S-R1-BNCI2014_001-NEURAL-A4-C3-MULTI-PROB-AVG-P01-L1-LOW-CAL-OFFICIAL-R2:8_PER_CLASS-MR02,BNCI2014_001,P01-L1-LOW-CAL-OFFICIAL-R2:8_PER_CLASS,8,NEURAL,A4-C3-MULTI-PROB-AVG,C3,2,REUSED_PREDECESSOR_ANCHOR_REPEAT,DNN-EEGNET,/kaggle/working/iharq_p02_integrated_1_256_R1/runtime/supplements/stage18S_balanced_sensitivity_R1/metrics/P02-A4S-R1-BNCI2014_001-NEURAL-A4-C3-MULTI-PROB-AVG-P01-L1-LOW-CAL-OFFICIAL-R2:8_PER_CLASS-MR02.json,0.4930555555555555,0.3419718309859155,0.4930555555555556,0.5380979938271605
P02-A4S-R1-BNCI2014_001-SSL-A4-C2-MULTI-HARD-VOTE-FULL_TRAIN-MR01,BNCI2014_001,FULL_TRAIN,FULL,SSL,A4-C2-MULTI-HARD-VOTE,C2,1,REUSED_PREDECESSOR_ANCHOR_REPEAT,SSL-CBRAMOD,/kaggle/working/iharq_p02_integrated_1_256_R1/runtime/supplements/stage18S_balanced_sensitivity_R1/metrics/P02-A4S-R1-BNCI2014_001-SSL-A4-C2-MULTI-HARD-VOTE-FULL_TRAIN-MR01.json,0.5798611111111112,0.5475167175225606,0.5798611111111112,
P02-A4S-R1-BNCI2014_001-SSL-A4-C2-MULTI-HARD-VOTE-FULL_TRAIN-MR02,BNCI2014_001,FULL_TRAIN,FULL,SSL,A4-C2-MULTI-HARD-VOTE,C2,2,REUSED_PREDECESSOR_ANCHOR_REPEAT,SSL-CBRAMOD,/kaggle/working/iharq_p02_integrated_1_256_R1/runtime/supplements/stage18S_balanced_sensitivity_R1/metrics/P02-A4S-R1-BNCI2014_001-SSL-A4-C2-MULTI-HARD-VOTE-FULL_TRAIN-MR02.json,0.5798611111111112,0.5639585079893392,0.5798611111111112,
P02-A4S-R1-BNCI2014_001-SSL-A4-C2-MULTI-HARD-VOTE-P01-L1-LOW-CAL-OFFICIAL-R2:128_PER_CLASS-MR00,BNCI2014_001,P01-L1-LOW-CAL-OFFICIAL-R2:128_PER_CLASS,128,SSL,A4-C2-MULTI-HARD-VOTE,C2,0,NEW_HIGH_BUDGET_64_128_256,SSL-CBRAMOD,/kaggle/working/iharq_p02_integrated_1_256_R1/runtime/supplements/stage18S_balanced_sensitivity_R1/metrics/P02-A4S-R1-BNCI2014_001-SSL-A4-C2-MULTI-HARD-VOTE-P01-L1-LOW-CAL-OFFICIAL-R2:128_PER_CLASS-MR00.json,0.5208333333333334,0.5093817894528936,0.5208333333333334,
P02-A4S-R1-BNCI2014_001-SSL-A4-C2-MULTI-HARD-VOTE-P01-L1-LOW-CAL-OFFICIAL-R2:128_PER_CLASS-MR01,BNCI2014_001,P01-L1-LOW-CAL-OFFICIAL-R2:128_PER_CLASS,128,SSL,A4-C2-MULTI-HARD-VOTE,C2,1,NEW_HIGH_BUDGET_64_128_256,SSL-CBRAMOD,/kaggle/working/iharq_p02_integrated_1_256_R1/runtime/supplements/stage18S_balanced_sensitivity_R1/metrics/P02-A4S-R1-BNCI2014_001-SSL-A4-C2-MULTI-HARD-VOTE-P01-L1-LOW-CAL-OFFICIAL-R2:128_PER_CLASS-MR01.json,0.5347222222222222,0.5308990129819614,0.5347222222222222,
P02-A4S-R1-BNCI2014_001-SSL-A4-C2-MULTI-HARD-VOTE-P01-L1-LOW-CAL-OFFICIAL-R2:128_PER_CLASS-MR02,BNCI2014_001,P01-L1-LOW-CAL-OFFICIAL-R2:128_PER_CLASS,128,SSL,A4-C2-MULTI-HARD-VOTE,C2,2,NEW_HIGH_BUDGET_64_128_256,SSL-CBRAMOD,/kaggle/working/iharq_p02_integrated_1_256_R1/runtime/supplements/stage18S_balanced_sensitivity_R1/metrics/P02-A4S-R1-BNCI2014_001-SSL-A4-C2-MULTI-HARD-VOTE-P01-L1-LOW-CAL-OFFICIAL-R2:128_PER_CLASS-MR02.json,0.5173611111111112,0.5173552921886114,0.5173611111111112,
P02-A4S-R1-BNCI2014_001-SSL-A4-C2-MULTI-HARD-VOTE-P01-L1-LOW-CAL-OFFICIAL-R2:16_PER_CLASS-MR00,BNCI2014_001,P01-L1-LOW-CAL-OFFICIAL-R2:16_PER_CLASS,16,SSL,A4-C2-MULTI-HARD-VOTE,C2,0,REUSED_PREDECESSOR_MR00_PROBE,SSL-CBRAMOD,/kaggle/working/iharq_p02_integrated_1_256_R1/runtime/supplements/stage18S_balanced_sensitivity_R1/metrics/P02-A4S-R1-BNCI2014_001-SSL-A4-C2-MULTI-HARD-VOTE-P01-L1-LOW-CAL-OFFICIAL-R2:16_PER_CLASS-MR00.json,0.5277777777777778,0.5092221331194867,0.5277777777777778,
P02-A4S-R1-BNCI2014_001-SSL-A4-C2-MULTI-HARD-VOTE-P01-L1-LOW-CAL-OFFICIAL-R2:1_PER_CLASS-MR01,BNCI2014_001,P01-L1-LOW-CAL-OFFICIAL-R2:1_PER_CLASS,1,SSL,A4-C2-MULTI-HARD-VOTE,C2,1,REUSED_PREDECESSOR_ANCHOR_REPEAT,SSL-CBRAMOD,/kaggle/working/iharq_p02_integrated_1_256_R1/runtime/supplements/stage18S_balanced_sensitivity_R1/metrics/P02-A4S-R1-BNCI2014_001-SSL-A4-C2-MULTI-HARD-VOTE-P01-L1-LOW-CAL-OFFICIAL-R2:1_PER_CLASS-MR01.json,0.5138888888888888,0.453125,0.5138888888888888,
P02-A4S-R1-BNCI2014_001-SSL-A4-C2-MULTI-HARD-VOTE-P01-L1-LOW-CAL-OFFICIAL-R2:1_PER_CLASS-MR02,BNCI2014_001,P01-L1-LOW-CAL-OFFICIAL-R2:1_PER_CLASS,1,SSL,A4-C2-MULTI-HARD-VOTE,C2,2,REUSED_PREDECESSOR_ANCHOR_REPEAT,SSL-CBRAMOD,/kaggle/working/iharq_p02_integrated_1_256_R1/runtime/supplements/stage18S_balanced_sensitivity_R1/metrics/P02-A4S-R1-BNCI2014_001-SSL-A4-C2-MULTI-HARD-VOTE-P01-L1-LOW-CAL-OFFICIAL-R2:1_PER_CLASS-MR02.json,0.4861111111111111,0.48309483385884067,0.4861111111111111,
P02-A4S-R1-BNCI2014_001-SSL-A4-C2-MULTI-HARD-VOTE-P01-L1-LOW-CAL-OFFICIAL-R2:256_PER_CLASS-MR00,BNCI2014_001,P01-L1-LOW-CAL-OFFICIAL-R2:256_PER_CLASS,256,SSL,A4-C2-MULTI-HARD-VOTE,C2,0,NEW_HIGH_BUDGET_64_128_256,SSL-CBRAMOD,/kaggle/working/iharq_p02_integrated_1_256_R1/runtime/supplements/stage18S_balanced_sensitivity_R1/metrics/P02-A4S-R1-BNCI2014_001-SSL-A4-C2-MULTI-HARD-VOTE-P01-L1-LOW-CAL-OFFICIAL-R2:256_PER_CLASS-MR00.json,0.5173611111111112,0.5163757173059499,0.5173611111111112,
P02-A4S-R1-BNCI2014_001-SSL-A4-C2-MULTI-HARD-VOTE-P01-L1-LOW-CAL-OFFICIAL-R2:256_PER_CLASS-MR01,BNCI2014_001,P01-L1-LOW-CAL-OFFICIAL-R2:256_PER_CLASS,256,SSL,A4-C2-MULTI-HARD-VOTE,C2,1,NEW_HIGH_BUDGET_64_128_256,SSL-CBRAMOD,/kaggle/working/iharq_p02_integrated_1_256_R1/runtime/supplements/stage18S_balanced_sensitivity_R1/metrics/P02-A4S-R1-BNCI2014_001-SSL-A4-C2-MULTI-HARD-VOTE-P01-L1-LOW-CAL-OFFICIAL-R2:256_PER_CLASS-MR01.json,0.5381944444444444,0.5375197710780821,0.5381944444444444,
P02-A4S-R1-BNCI2014_001-SSL-A4-C2-MULTI-HARD-VOTE-P01-L1-LOW-CAL-OFFICIAL-R2:256_PER_CLASS-MR02,BNCI2014_001,P01-L1-LOW-CAL-OFFICIAL-R2:256_PER_CLASS,256,SSL,A4-C2-MULTI-HARD-VOTE,C2,2,NEW_HIGH_BUDGET_64_128_256,SSL-CBRAMOD,/kaggle/working/iharq_p02_integrated_1_256_R1/runtime/supplements/stage18S_balanced_sensitivity_R1/metrics/P02-A4S-R1-BNCI2014_001-SSL-A4-C2-MULTI-HARD-VOTE-P01-L1-LOW-CAL-OFFICIAL-R2:256_PER_CLASS-MR02.json,0.5486111111111112,0.5482625482625483,0.5486111111111112,
P02-A4S-R1-BNCI2014_001-SSL-A4-C2-MULTI-HARD-VOTE-P01-L1-LOW-CAL-OFFICIAL-R2:32_PER_CLASS-MR00,BNCI2014_001,P01-L1-LOW-CAL-OFFICIAL-R2:32_PER_CLASS,32,SSL,A4-C2-MULTI-HARD-VOTE,C2,0,REUSED_PREDECESSOR_MR00_PROBE,SSL-CBRAMOD,/kaggle/working/iharq_p02_integrated_1_256_R1/runtime/supplements/stage18S_balanced_sensitivity_R1/metrics/P02-A4S-R1-BNCI2014_001-SSL-A4-C2-MULTI-HARD-VOTE-P01-L1-LOW-CAL-OFFICIAL-R2:32_PER_CLASS-MR00.json,0.5243055555555556,0.522642308390297,0.5243055555555556,
P02-A4S-R1-BNCI2014_001-SSL-A4-C2-MULTI-HARD-VOTE-P01-L1-LOW-CAL-OFFICIAL-R2:4_PER_CLASS-MR00,BNCI2014_001,P01-L1-LOW-CAL-OFFICIAL-R2:4_PER_CLASS,4,SSL,A4-C2-MULTI-HARD-VOTE,C2,0,REUSED_PREDECESSOR_MR00_PROBE,SSL-CBRAMOD,/kaggle/working/iharq_p02_integrated_1_256_R1/runtime/supplements/stage18S_balanced_sensitivity_R1/metrics/P02-A4S-R1-BNCI2014_001-SSL-A4-C2-MULTI-HARD-VOTE-P01-L1-LOW-CAL-OFFICIAL-R2:4_PER_CLASS-MR00.json,0.5416666666666667,0.5073605639643375,0.5416666666666666,
P02-A4S-R1-BNCI2014_001-SSL-A4-C2-MULTI-HARD-VOTE-P01-L1-LOW-CAL-OFFICIAL-R2:64_PER_CLASS-MR00,BNCI2014_001,P01-L1-LOW-CAL-OFFICIAL-R2:64_PER_CLASS,64,SSL,A4-C2-MULTI-HARD-VOTE,C2,0,NEW_HIGH_BUDGET_64_128_256,SSL-CBRAMOD,/kaggle/working/iharq_p02_integrated_1_256_R1/runtime/supplements/stage18S_balanced_sensitivity_R1/metrics/P02-A4S-R1-BNCI2014_001-SSL-A4-C2-MULTI-HARD-VOTE-P01-L1-LOW-CAL-OFFICIAL-R2:64_PER_CLASS-MR00.json,0.48611111111111116,0.4854908019892811,0.4861111111111111,
P02-A4S-R1-BNCI2014_001-SSL-A4-C2-MULTI-HARD-VOTE-P01-L1-LOW-CAL-OFFICIAL-R2:64_PER_CLASS-MR01,BNCI2014_001,P01-L1-LOW-CAL-OFFICIAL-R2:64_PER_CLASS,64,SSL,A4-C2-MULTI-HARD-VOTE,C2,1,NEW_HIGH_BUDGET_64_128_256,SSL-CBRAMOD,/kaggle/working/iharq_p02_integrated_1_256_R1/runtime/supplements/stage18S_balanced_sensitivity_R1/metrics/P02-A4S-R1-BNCI2014_001-SSL-A4-C2-MULTI-HARD-VOTE-P01-L1-LOW-CAL-OFFICIAL-R2:64_PER_CLASS-MR01.json,0.4756944444444444,0.47563754747693976,0.4756944444444444,
P02-A4S-R1-BNCI2014_001-SSL-A4-C2-MULTI-HARD-VOTE-P01-L1-LOW-CAL-OFFICIAL-R2:64_PER_CLASS-MR02,BNCI2014_001,P01-L1-LOW-CAL-OFFICIAL-R2:64_PER_CLASS,64,SSL,A4-C2-MULTI-HARD-VOTE,C2,2,NEW_HIGH_BUDGET_64_128_256,SSL-CBRAMOD,/kaggle/working/iharq_p02_integrated_1_256_R1/runtime/supplements/stage18S_balanced_sensitivity_R1/metrics/P02-A4S-R1-BNCI2014_001-SSL-A4-C2-MULTI-HARD-VOTE-P01-L1-LOW-CAL-OFFICIAL-R2:64_PER_CLASS-MR02.json,0.5104166666666666,0.5039032435404068,0.5104166666666666,
P02-A4S-R1-BNCI2014_001-SSL-A4-C2-MULTI-HARD-VOTE-P01-L1-LOW-CAL-OFFICIAL-R2:8_PER_CLASS-MR01,BNCI2014_001,P01-L1-LOW-CAL-OFFICIAL-R2:8_PER_CLASS,8,SSL,A4-C2-MULTI-HARD-VOTE,C2,1,REUSED_PREDECESSOR_ANCHOR_REPEAT,SSL-CBRAMOD,/kaggle/working/iharq_p02_integrated_1_256_R1/runtime/supplements/stage18S_balanced_sensitivity_R1/metrics/P02-A4S-R1-BNCI2014_001-SSL-A4-C2-MULTI-HARD-VOTE-P01-L1-LOW-CAL-OFFICIAL-R2:8_PER_CLASS-MR01.json,0.53125,0.516074829169934,0.53125,
P02-A4S-R1-BNCI2014_001-SSL-A4-C2-MULTI-HARD-VOTE-P01-L1-LOW-CAL-OFFICIAL-R2:8_PER_CLASS-MR02,BNCI2014_001,P01-L1-LOW-CAL-OFFICIAL-R2:8_PER_CLASS,8,SSL,A4-C2-MULTI-HARD-VOTE,C2,2,REUSED_PREDECESSOR_ANCHOR_REPEAT,SSL-CBRAMOD,/kaggle/working/iharq_p02_integrated_1_256_R1/runtime/supplements/stage18S_balanced_sensitivity_R1/metrics/P02-A4S-R1-BNCI2014_001-SSL-A4-C2-MULTI-HARD-VOTE-P01-L1-LOW-CAL-OFFICIAL-R2:8_PER_CLASS-MR02.json,0.4965277777777778,0.43791641429436706,0.4965277777777778,
P02-A4S-R1-BNCI2014_001-SSL-A4-C3-MULTI-PROB-AVG-FULL_TRAIN-MR01,BNCI2014_001,FULL_TRAIN,FULL,SSL,A4-C3-MULTI-PROB-AVG,C3,1,REUSED_PREDECESSOR_ANCHOR_REPEAT,SSL-CBRAMOD,/kaggle/working/iharq_p02_integrated_1_256_R1/runtime/supplements/stage18S_balanced_sensitivity_R1/metrics/P02-A4S-R1-BNCI2014_001-SSL-A4-C3-MULTI-PROB-AVG-FULL_TRAIN-MR01.json,0.5590277777777778,0.5211499941086367,0.5590277777777778,0.6259162808641976
P02-A4S-R1-BNCI2014_001-SSL-A4-C3-MULTI-PROB-AVG-FULL_TRAIN-MR02,BNCI2014_001,FULL_TRAIN,FULL,SSL,A4-C3-MULTI-PROB-AVG,C3,2,REUSED_PREDECESSOR_ANCHOR_REPEAT,SSL-CBRAMOD,/kaggle/working/iharq_p02_integrated_1_256_R1/runtime/supplements/stage18S_balanced_sensitivity_R1/metrics/P02-A4S-R1-BNCI2014_001-SSL-A4-C3-MULTI-PROB-AVG-FULL_TRAIN-MR02.json,0.5902777777777778,0.574178027265437,0.5902777777777778,0.617091049382716
P02-A4S-R1-BNCI2014_001-SSL-A4-C3-MULTI-PROB-AVG-P01-L1-LOW-CAL-OFFICIAL-R2:128_PER_CLASS-MR00,BNCI2014_001,P01-L1-LOW-CAL-OFFICIAL-R2:128_PER_CLASS,128,SSL,A4-C3-MULTI-PROB-AVG,C3,0,NEW_HIGH_BUDGET_64_128_256,SSL-CBRAMOD,/kaggle/working/iharq_p02_integrated_1_256_R1/runtime/supplements/stage18S_balanced_sensitivity_R1/metrics/P02-A4S-R1-BNCI2014_001-SSL-A4-C3-MULTI-PROB-AVG-P01-L1-LOW-CAL-OFFICIAL-R2:128_PER_CLASS-MR00.json,0.5347222222222222,0.5343629343629344,0.5347222222222222,0.5537229938271605
P02-A4S-R1-BNCI2014_001-SSL-A4-C3-MULTI-PROB-AVG-P01-L1-LOW-CAL-OFFICIAL-R2:128_PER_CLASS-MR01,BNCI2014_001,P01-L1-LOW-CAL-OFFICIAL-R2:128_PER_CLASS,128,SSL,A4-C3-MULTI-PROB-AVG,C3,1,NEW_HIGH_BUDGET_64_128_256,SSL-CBRAMOD,/kaggle/working/iharq_p02_integrated_1_256_R1/runtime/supplements/stage18S_balanced_sensitivity_R1/metrics/P02-A4S-R1-BNCI2014_001-SSL-A4-C3-MULTI-PROB-AVG-P01-L1-LOW-CAL-OFFICIAL-R2:128_PER_CLASS-MR01.json,0.5069444444444444,0.5065637065637065,0.5069444444444444,0.5334683641975309
P02-A4S-R1-BNCI2014_001-SSL-A4-C3-MULTI-PROB-AVG-P01-L1-LOW-CAL-OFFICIAL-R2:128_PER_CLASS-MR02,BNCI2014_001,P01-L1-LOW-CAL-OFFICIAL-R2:128_PER_CLASS,128,SSL,A4-C3-MULTI-PROB-AVG,C3,2,NEW_HIGH_BUDGET_64_128_256,SSL-CBRAMOD,/kaggle/working/iharq_p02_integrated_1_256_R1/runtime/supplements/stage18S_balanced_sensitivity_R1/metrics/P02-A4S-R1-BNCI2014_001-SSL-A4-C3-MULTI-PROB-AVG-P01-L1-LOW-CAL-OFFICIAL-R2:128_PER_CLASS-MR02.json,0.5277777777777778,0.5277550036170726,0.5277777777777778,0.5324074074074074
P02-A4S-R1-BNCI2014_001-SSL-A4-C3-MULTI-PROB-AVG-P01-L1-LOW-CAL-OFFICIAL-R2:16_PER_CLASS-MR00,BNCI2014_001,P01-L1-LOW-CAL-OFFICIAL-R2:16_PER_CLASS,16,SSL,A4-C3-MULTI-PROB-AVG,C3,0,REUSED_PREDECESSOR_MR00_PROBE,SSL-CBRAMOD,/kaggle/working/iharq_p02_integrated_1_256_R1/runtime/supplements/stage18S_balanced_sensitivity_R1/metrics/P02-A4S-R1-BNCI2014_001-SSL-A4-C3-MULTI-PROB-AVG-P01-L1-LOW-CAL-OFFICIAL-R2:16_PER_CLASS-MR00.json,0.5416666666666666,0.524966261808367,0.5416666666666666,0.5316358024691358
P02-A4S-R1-BNCI2014_001-SSL-A4-C3-MULTI-PROB-AVG-P01-L1-LOW-CAL-OFFICIAL-R2:1_PER_CLASS-MR01,BNCI2014_001,P01-L1-LOW-CAL-OFFICIAL-R2:1_PER_CLASS,1,SSL,A4-C3-MULTI-PROB-AVG,C3,1,REUSED_PREDECESSOR_ANCHOR_REPEAT,SSL-CBRAMOD,/kaggle/working/iharq_p02_integrated_1_256_R1/runtime/supplements/stage18S_balanced_sensitivity_R1/metrics/P02-A4S-R1-BNCI2014_001-SSL-A4-C3-MULTI-PROB-AVG-P01-L1-LOW-CAL-OFFICIAL-R2:1_PER_CLASS-MR01.json,0.5520833333333333,0.5387308642588431,0.5520833333333334,0.58203125
P02-A4S-R1-BNCI2014_001-SSL-A4-C3-MULTI-PROB-AVG-P01-L1-LOW-CAL-OFFICIAL-R2:1_PER_CLASS-MR02,BNCI2014_001,P01-L1-LOW-CAL-OFFICIAL-R2:1_PER_CLASS,1,SSL,A4-C3-MULTI-PROB-AVG,C3,2,REUSED_PREDECESSOR_ANCHOR_REPEAT,SSL-CBRAMOD,/kaggle/working/iharq_p02_integrated_1_256_R1/runtime/supplements/stage18S_balanced_sensitivity_R1/metrics/P02-A4S-R1-BNCI2014_001-SSL-A4-C3-MULTI-PROB-AVG-P01-L1-LOW-CAL-OFFICIAL-R2:1_PER_CLASS-MR02.json,0.53125,0.5257553395216081,0.53125,0.5441743827160495
P02-A4S-R1-BNCI2014_001-SSL-A4-C3-MULTI-PROB-AVG-P01-L1-LOW-CAL-OFFICIAL-R2:256_PER_CLASS-MR00,BNCI2014_001,P01-L1-LOW-CAL-OFFICIAL-R2:256_PER_CLASS,256,SSL,A4-C3-MULTI-PROB-AVG,C3,0,NEW_HIGH_BUDGET_64_128_256,SSL-CBRAMOD,/kaggle/working/iharq_p02_integrated_1_256_R1/runtime/supplements/stage18S_balanced_sensitivity_R1/metrics/P02-A4S-R1-BNCI2014_001-SSL-A4-C3-MULTI-PROB-AVG-P01-L1-LOW-CAL-OFFICIAL-R2:256_PER_CLASS-MR00.json,0.5208333333333333,0.5196983612896988,0.5208333333333334,0.543016975308642
P02-A4S-R1-BNCI2014_001-SSL-A4-C3-MULTI-PROB-AVG-P01-L1-LOW-CAL-OFFICIAL-R2:256_PER_CLASS-MR01,BNCI2014_001,P01-L1-LOW-CAL-OFFICIAL-R2:256_PER_CLASS,256,SSL,A4-C3-MULTI-PROB-AVG,C3,1,NEW_HIGH_BUDGET_64_128_256,SSL-CBRAMOD,/kaggle/working/iharq_p02_integrated_1_256_R1/runtime/supplements/stage18S_balanced_sensitivity_R1/metrics/P02-A4S-R1-BNCI2014_001-SSL-A4-C3-MULTI-PROB-AVG-P01-L1-LOW-CAL-OFFICIAL-R2:256_PER_CLASS-MR01.json,0.5243055555555556,0.524024368176609,0.5243055555555556,0.5611014660493827
P02-A4S-R1-BNCI2014_001-SSL-A4-C3-MULTI-PROB-AVG-P01-L1-LOW-CAL-OFFICIAL-R2:256_PER_CLASS-MR02,BNCI2014_001,P01-L1-LOW-CAL-OFFICIAL-R2:256_PER_CLASS,256,SSL,A4-C3-MULTI-PROB-AVG,C3,2,NEW_HIGH_BUDGET_64_128_256,SSL-CBRAMOD,/kaggle/working/iharq_p02_integrated_1_256_R1/runtime/supplements/stage18S_balanced_sensitivity_R1/metrics/P02-A4S-R1-BNCI2014_001-SSL-A4-C3-MULTI-PROB-AVG-P01-L1-LOW-CAL-OFFICIAL-R2:256_PER_CLASS-MR02.json,0.5520833333333334,0.5520779330383516,0.5520833333333334,0.5770158179012346
P02-A4S-R1-BNCI2014_001-SSL-A4-C3-MULTI-PROB-AVG-P01-L1-LOW-CAL-OFFICIAL-R2:32_PER_CLASS-MR00,BNCI2014_001,P01-L1-LOW-CAL-OFFICIAL-R2:32_PER_CLASS,32,SSL,A4-C3-MULTI-PROB-AVG,C3,0,REUSED_PREDECESSOR_MR00_PROBE,SSL-CBRAMOD,/kaggle/working/iharq_p02_integrated_1_256_R1/runtime/supplements/stage18S_balanced_sensitivity_R1/metrics/P02-A4S-R1-BNCI2014_001-SSL-A4-C3-MULTI-PROB-AVG-P01-L1-LOW-CAL-OFFICIAL-R2:32_PER_CLASS-MR00.json,0.5347222222222222,0.5339130434782609,0.5347222222222222,0.5556037808641976
P02-A4S-R1-BNCI2014_001-SSL-A4-C3-MULTI-PROB-AVG-P01-L1-LOW-CAL-OFFICIAL-R2:4_PER_CLASS-MR00,BNCI2014_001,P01-L1-LOW-CAL-OFFICIAL-R2:4_PER_CLASS,4,SSL,A4-C3-MULTI-PROB-AVG,C3,0,REUSED_PREDECESSOR_MR00_PROBE,SSL-CBRAMOD,/kaggle/working/iharq_p02_integrated_1_256_R1/runtime/supplements/stage18S_balanced_sensitivity_R1/metrics/P02-A4S-R1-BNCI2014_001-SSL-A4-C3-MULTI-PROB-AVG-P01-L1-LOW-CAL-OFFICIAL-R2:4_PER_CLASS-MR00.json,0.5069444444444444,0.40747609388583017,0.5069444444444444,0.562403549382716
P02-A4S-R1-BNCI2014_001-SSL-A4-C3-MULTI-PROB-AVG-P01-L1-LOW-CAL-OFFICIAL-R2:64_PER_CLASS-MR00,BNCI2014_001,P01-L1-LOW-CAL-OFFICIAL-R2:64_PER_CLASS,64,SSL,A4-C3-MULTI-PROB-AVG,C3,0,NEW_HIGH_BUDGET_64_128_256,SSL-CBRAMOD,/kaggle/working/iharq_p02_integrated_1_256_R1/runtime/supplements/stage18S_balanced_sensitivity_R1/metrics/P02-A4S-R1-BNCI2014_001-SSL-A4-C3-MULTI-PROB-AVG-P01-L1-LOW-CAL-OFFICIAL-R2:64_PER_CLASS-MR00.json,0.5104166666666667,0.510363537710255,0.5104166666666666,0.4790702160493827
P02-A4S-R1-BNCI2014_001-SSL-A4-C3-MULTI-PROB-AVG-P01-L1-LOW-CAL-OFFICIAL-R2:64_PER_CLASS-MR01,BNCI2014_001,P01-L1-LOW-CAL-OFFICIAL-R2:64_PER_CLASS,64,SSL,A4-C3-MULTI-PROB-AVG,C3,1,NEW_HIGH_BUDGET_64_128_256,SSL-CBRAMOD,/kaggle/working/iharq_p02_integrated_1_256_R1/runtime/supplements/stage18S_balanced_sensitivity_R1/metrics/P02-A4S-R1-BNCI2014_001-SSL-A4-C3-MULTI-PROB-AVG-P01-L1-LOW-CAL-OFFICIAL-R2:64_PER_CLASS-MR01.json,0.4861111111111111,0.4861111111111111,0.4861111111111111,0.48529128086419754
P02-A4S-R1-BNCI2014_001-SSL-A4-C3-MULTI-PROB-AVG-P01-L1-LOW-CAL-OFFICIAL-R2:64_PER_CLASS-MR02,BNCI2014_001,P01-L1-LOW-CAL-OFFICIAL-R2:64_PER_CLASS,64,SSL,A4-C3-MULTI-PROB-AVG,C3,2,NEW_HIGH_BUDGET_64_128_256,SSL-CBRAMOD,/kaggle/working/iharq_p02_integrated_1_256_R1/runtime/supplements/stage18S_balanced_sensitivity_R1/metrics/P02-A4S-R1-BNCI2014_001-SSL-A4-C3-MULTI-PROB-AVG-P01-L1-LOW-CAL-OFFICIAL-R2:64_PER_CLASS-MR02.json,0.4930555555555556,0.4888899693684057,0.4930555555555556,0.4832658179012346
P02-A4S-R1-BNCI2014_001-SSL-A4-C3-MULTI-PROB-AVG-P01-L1-LOW-CAL-OFFICIAL-R2:8_PER_CLASS-MR01,BNCI2014_001,P01-L1-LOW-CAL-OFFICIAL-R2:8_PER_CLASS,8,SSL,A4-C3-MULTI-PROB-AVG,C3,1,REUSED_PREDECESSOR_ANCHOR_REPEAT,SSL-CBRAMOD,/kaggle/working/iharq_p02_integrated_1_256_R1/runtime/supplements/stage18S_balanced_sensitivity_R1/metrics/P02-A4S-R1-BNCI2014_001-SSL-A4-C3-MULTI-PROB-AVG-P01-L1-LOW-CAL-OFFICIAL-R2:8_PER_CLASS-MR01.json,0.5659722222222222,0.526658339359674,0.5659722222222222,0.5595100308641976
P02-A4S-R1-BNCI2014_001-SSL-A4-C3-MULTI-PROB-AVG-P01-L1-LOW-CAL-OFFICIAL-R2:8_PER_CLASS-MR02,BNCI2014_001,P01-L1-LOW-CAL-OFFICIAL-R2:8_PER_CLASS,8,SSL,A4-C3-MULTI-PROB-AVG,C3,2,REUSED_PREDECESSOR_ANCHOR_REPEAT,SSL-CBRAMOD,/kaggle/working/iharq_p02_integrated_1_256_R1/runtime/supplements/stage18S_balanced_sensitivity_R1/metrics/P02-A4S-R1-BNCI2014_001-SSL-A4-C3-MULTI-PROB-AVG-P01-L1-LOW-CAL-OFFICIAL-R2:8_PER_CLASS-MR02.json,0.4930555555555556,0.4381914381914382,0.4930555555555556,0.5481288580246914
P02-A4S-R1-Lee2019_MI-NEURAL-A4-C1-LONG-3P5S-FULL_TRAIN-MR01,Lee2019_MI,FULL_TRAIN,FULL,NEURAL,A4-C1-LONG-3P5S,C1,1,REUSED_PREDECESSOR_ANCHOR_REPEAT,DNN-EEGNET,/kaggle/working/iharq_p02_integrated_1_256_R1/runtime/supplements/stage18S_balanced_sensitivity_R1/metrics/P02-A4S-R1-Lee2019_MI-NEURAL-A4-C1-LONG-3P5S-FULL_TRAIN-MR01.json,0.7583333333333333,0.7580369285708326,0.7583333333333333,0.8208888888888889
P02-A4S-R1-Lee2019_MI-NEURAL-A4-C1-LONG-3P5S-FULL_TRAIN-MR02,Lee2019_MI,FULL_TRAIN,FULL,NEURAL,A4-C1-LONG-3P5S,C1,2,REUSED_PREDECESSOR_ANCHOR_REPEAT,DNN-EEGNET,/kaggle/working/iharq_p02_integrated_1_256_R1/runtime/supplements/stage18S_balanced_sensitivity_R1/metrics/P02-A4S-R1-Lee2019_MI-NEURAL-A4-C1-LONG-3P5S-FULL_TRAIN-MR02.json,0.7666666666666666,0.7666433309997667,0.7666666666666667,0.8354444444444444
P02-A4S-R1-Lee2019_MI-NEURAL-A4-C1-LONG-3P5S-P01-L1-LOW-CAL-OFFICIAL-R2:128_PER_CLASS-MR00,Lee2019_MI,P01-L1-LOW-CAL-OFFICIAL-R2:128_PER_CLASS,128,NEURAL,A4-C1-LONG-3P5S,C1,0,NEW_HIGH_BUDGET_64_128_256,DNN-EEGNET,/kaggle/working/iharq_p02_integrated_1_256_R1/runtime/supplements/stage18S_balanced_sensitivity_R1/metrics/P02-A4S-R1-Lee2019_MI-NEURAL-A4-C1-LONG-3P5S-P01-L1-LOW-CAL-OFFICIAL-R2:128_PER_CLASS-MR00.json,0.6233333333333333,0.6121237085092507,0.6233333333333333,0.6533666666666667
P02-A4S-R1-Lee2019_MI-NEURAL-A4-C1-LONG-3P5S-P01-L1-LOW-CAL-OFFICIAL-R2:128_PER_CLASS-MR01,Lee2019_MI,P01-L1-LOW-CAL-OFFICIAL-R2:128_PER_CLASS,128,NEURAL,A4-C1-LONG-3P5S,C1,1,NEW_HIGH_BUDGET_64_128_256,DNN-EEGNET,/kaggle/working/iharq_p02_integrated_1_256_R1/runtime/supplements/stage18S_balanced_sensitivity_R1/metrics/P02-A4S-R1-Lee2019_MI-NEURAL-A4-C1-LONG-3P5S-P01-L1-LOW-CAL-OFFICIAL-R2:128_PER_CLASS-MR01.json,0.5966666666666667,0.5826386892785282,0.5966666666666667,0.6645666666666667
P02-A4S-R1-Lee2019_MI-NEURAL-A4-C1-LONG-3P5S-P01-L1-LOW-CAL-OFFICIAL-R2:128_PER_CLASS-MR02,Lee2019_MI,P01-L1-LOW-CAL-OFFICIAL-R2:128_PER_CLASS,128,NEURAL,A4-C1-LONG-3P5S,C1,2,NEW_HIGH_BUDGET_64_128_256,DNN-EEGNET,/kaggle/working/iharq_p02_integrated_1_256_R1/runtime/supplements/stage18S_balanced_sensitivity_R1/metrics/P02-A4S-R1-Lee2019_MI-NEURAL-A4-C1-LONG-3P5S-P01-L1-LOW-CAL-OFFICIAL-R2:128_PER_CLASS-MR02.json,0.5833333333333333,0.581655306284095,0.5833333333333334,0.6025444444444444
P02-A4S-R1-Lee2019_MI-NEURAL-A4-C1-LONG-3P5S-P01-L1-LOW-CAL-OFFICIAL-R2:16_PER_CLASS-MR00,Lee2019_MI,P01-L1-LOW-CAL-OFFICIAL-R2:16_PER_CLASS,16,NEURAL,A4-C1-LONG-3P5S,C1,0,REUSED_PREDECESSOR_MR00_PROBE,DNN-EEGNET,/kaggle/working/iharq_p02_integrated_1_256_R1/runtime/supplements/stage18S_balanced_sensitivity_R1/metrics/P02-A4S-R1-Lee2019_MI-NEURAL-A4-C1-LONG-3P5S-P01-L1-LOW-CAL-OFFICIAL-R2:16_PER_CLASS-MR00.json,0.5383333333333333,0.46121353384921115,0.5383333333333333,0.5877444444444445
P02-A4S-R1-Lee2019_MI-NEURAL-A4-C1-LONG-3P5S-P01-L1-LOW-CAL-OFFICIAL-R2:1_PER_CLASS-MR01,Lee2019_MI,P01-L1-LOW-CAL-OFFICIAL-R2:1_PER_CLASS,1,NEURAL,A4-C1-LONG-3P5S,C1,1,REUSED_PREDECESSOR_ANCHOR_REPEAT,DNN-EEGNET,/kaggle/working/iharq_p02_integrated_1_256_R1/runtime/supplements/stage18S_balanced_sensitivity_R1/metrics/P02-A4S-R1-Lee2019_MI-NEURAL-A4-C1-LONG-3P5S-P01-L1-LOW-CAL-OFFICIAL-R2:1_PER_CLASS-MR01.json,0.5016666666666667,0.3979845569951577,0.5016666666666667,0.5746777777777778
P02-A4S-R1-Lee2019_MI-NEURAL-A4-C1-LONG-3P5S-P01-L1-LOW-CAL-OFFICIAL-R2:1_PER_CLASS-MR02,Lee2019_MI,P01-L1-LOW-CAL-OFFICIAL-R2:1_PER_CLASS,1,NEURAL,A4-C1-LONG-3P5S,C1,2,REUSED_PREDECESSOR_ANCHOR_REPEAT,DNN-EEGNET,/kaggle/working/iharq_p02_integrated_1_256_R1/runtime/supplements/stage18S_balanced_sensitivity_R1/metrics/P02-A4S-R1-Lee2019_MI-NEURAL-A4-C1-LONG-3P5S-P01-L1-LOW-CAL-OFFICIAL-R2:1_PER_CLASS-MR02.json,0.51,0.4683159722222222,0.51,0.5292666666666667
P02-A4S-R1-Lee2019_MI-NEURAL-A4-C1-LONG-3P5S-P01-L1-LOW-CAL-OFFICIAL-R2:256_PER_CLASS-MR00,Lee2019_MI,P01-L1-LOW-CAL-OFFICIAL-R2:256_PER_CLASS,256,NEURAL,A4-C1-LONG-3P5S,C1,0,NEW_HIGH_BUDGET_64_128_256,DNN-EEGNET,/kaggle/working/iharq_p02_integrated_1_256_R1/runtime/supplements/stage18S_balanced_sensitivity_R1/metrics/P02-A4S-R1-Lee2019_MI-NEURAL-A4-C1-LONG-3P5S-P01-L1-LOW-CAL-OFFICIAL-R2:256_PER_CLASS-MR00.json,0.675,0.6741301084283323,0.675,0.7392222222222222
P02-A4S-R1-Lee2019_MI-NEURAL-A4-C1-LONG-3P5S-P01-L1-LOW-CAL-OFFICIAL-R2:256_PER_CLASS-MR01,Lee2019_MI,P01-L1-LOW-CAL-OFFICIAL-R2:256_PER_CLASS,256,NEURAL,A4-C1-LONG-3P5S,C1,1,NEW_HIGH_BUDGET_64_128_256,DNN-EEGNET,/kaggle/working/iharq_p02_integrated_1_256_R1/runtime/supplements/stage18S_balanced_sensitivity_R1/metrics/P02-A4S-R1-Lee2019_MI-NEURAL-A4-C1-LONG-3P5S-P01-L1-LOW-CAL-OFFICIAL-R2:256_PER_CLASS-MR01.json,0.7033333333333334,0.7030660928168685,0.7033333333333334,0.7750666666666668
P02-A4S-R1-Lee2019_MI-NEURAL-A4-C1-LONG-3P5S-P01-L1-LOW-CAL-OFFICIAL-R2:256_PER_CLASS-MR02,Lee2019_MI,P01-L1-LOW-CAL-OFFICIAL-R2:256_PER_CLASS,256,NEURAL,A4-C1-LONG-3P5S,C1,2,NEW_HIGH_BUDGET_64_128_256,DNN-EEGNET,/kaggle/working/iharq_p02_integrated_1_256_R1/runtime/supplements/stage18S_balanced_sensitivity_R1/metrics/P02-A4S-R1-Lee2019_MI-NEURAL-A4-C1-LONG-3P5S-P01-L1-LOW-CAL-OFFICIAL-R2:256_PER_CLASS-MR02.json,0.74,0.7375475274509584,0.74,0.8242555555555555
P02-A4S-R1-Lee2019_MI-NEURAL-A4-C1-LONG-3P5S-P01-L1-LOW-CAL-OFFICIAL-R2:32_PER_CLASS-MR00,Lee2019_MI,P01-L1-LOW-CAL-OFFICIAL-R2:32_PER_CLASS,32,NEURAL,A4-C1-LONG-3P5S,C1,0,REUSED_PREDECESSOR_MR00_PROBE,DNN-EEGNET,/kaggle/working/iharq_p02_integrated_1_256_R1/runtime/supplements/stage18S_balanced_sensitivity_R1/metrics/P02-A4S-R1-Lee2019_MI-NEURAL-A4-C1-LONG-3P5S-P01-L1-LOW-CAL-OFFICIAL-R2:32_PER_CLASS-MR00.json,0.5183333333333333,0.3971610247567263,0.5183333333333333,0.5644444444444445
P02-A4S-R1-Lee2019_MI-NEURAL-A4-C1-LONG-3P5S-P01-L1-LOW-CAL-OFFICIAL-R2:4_PER_CLASS-MR00,Lee2019_MI,P01-L1-LOW-CAL-OFFICIAL-R2:4_PER_CLASS,4,NEURAL,A4-C1-LONG-3P5S,C1,0,REUSED_PREDECESSOR_MR00_PROBE,DNN-EEGNET,/kaggle/working/iharq_p02_integrated_1_256_R1/runtime/supplements/stage18S_balanced_sensitivity_R1/metrics/P02-A4S-R1-Lee2019_MI-NEURAL-A4-C1-LONG-3P5S-P01-L1-LOW-CAL-OFFICIAL-R2:4_PER_CLASS-MR00.json,0.5166666666666666,0.5055413469735721,0.5166666666666667,0.5318611111111111
P02-A4S-R1-Lee2019_MI-NEURAL-A4-C1-LONG-3P5S-P01-L1-LOW-CAL-OFFICIAL-R2:64_PER_CLASS-MR00,Lee2019_MI,P01-L1-LOW-CAL-OFFICIAL-R2:64_PER_CLASS,64,NEURAL,A4-C1-LONG-3P5S,C1,0,NEW_HIGH_BUDGET_64_128_256,DNN-EEGNET,/kaggle/working/iharq_p02_integrated_1_256_R1/runtime/supplements/stage18S_balanced_sensitivity_R1/metrics/P02-A4S-R1-Lee2019_MI-NEURAL-A4-C1-LONG-3P5S-P01-L1-LOW-CAL-OFFICIAL-R2:64_PER_CLASS-MR00.json,0.6083333333333334,0.6006921336350326,0.6083333333333333,0.6655722222222222
P02-A4S-R1-Lee2019_MI-NEURAL-A4-C1-LONG-3P5S-P01-L1-LOW-CAL-OFFICIAL-R2:64_PER_CLASS-MR01,Lee2019_MI,P01-L1-LOW-CAL-OFFICIAL-R2:64_PER_CLASS,64,NEURAL,A4-C1-LONG-3P5S,C1,1,NEW_HIGH_BUDGET_64_128_256,DNN-EEGNET,/kaggle/working/iharq_p02_integrated_1_256_R1/runtime/supplements/stage18S_balanced_sensitivity_R1/metrics/P02-A4S-R1-Lee2019_MI-NEURAL-A4-C1-LONG-3P5S-P01-L1-LOW-CAL-OFFICIAL-R2:64_PER_CLASS-MR01.json,0.5633333333333334,0.546377949120458,0.5633333333333334,0.5763333333333334
P02-A4S-R1-Lee2019_MI-NEURAL-A4-C1-LONG-3P5S-P01-L1-LOW-CAL-OFFICIAL-R2:64_PER_CLASS-MR02,Lee2019_MI,P01-L1-LOW-CAL-OFFICIAL-R2:64_PER_CLASS,64,NEURAL,A4-C1-LONG-3P5S,C1,2,NEW_HIGH_BUDGET_64_128_256,DNN-EEGNET,/kaggle/working/iharq_p02_integrated_1_256_R1/runtime/supplements/stage18S_balanced_sensitivity_R1/metrics/P02-A4S-R1-Lee2019_MI-NEURAL-A4-C1-LONG-3P5S-P01-L1-LOW-CAL-OFFICIAL-R2:64_PER_CLASS-MR02.json,0.5766666666666667,0.5066747808522485,0.5766666666666667,0.6432111111111111
P02-A4S-R1-Lee2019_MI-NEURAL-A4-C1-LONG-3P5S-P01-L1-LOW-CAL-OFFICIAL-R2:8_PER_CLASS-MR01,Lee2019_MI,P01-L1-LOW-CAL-OFFICIAL-R2:8_PER_CLASS,8,NEURAL,A4-C1-LONG-3P5S,C1,1,REUSED_PREDECESSOR_ANCHOR_REPEAT,DNN-EEGNET,/kaggle/working/iharq_p02_integrated_1_256_R1/runtime/supplements/stage18S_balanced_sensitivity_R1/metrics/P02-A4S-R1-Lee2019_MI-NEURAL-A4-C1-LONG-3P5S-P01-L1-LOW-CAL-OFFICIAL-R2:8_PER_CLASS-MR01.json,0.5183333333333333,0.44584881963241946,0.5183333333333333,0.5822777777777779
P02-A4S-R1-Lee2019_MI-NEURAL-A4-C1-LONG-3P5S-P01-L1-LOW-CAL-OFFICIAL-R2:8_PER_CLASS-MR02,Lee2019_MI,P01-L1-LOW-CAL-OFFICIAL-R2:8_PER_CLASS,8,NEURAL,A4-C1-LONG-3P5S,C1,2,REUSED_PREDECESSOR_ANCHOR_REPEAT,DNN-EEGNET,/kaggle/working/iharq_p02_integrated_1_256_R1/runtime/supplements/stage18S_balanced_sensitivity_R1/metrics/P02-A4S-R1-Lee2019_MI-NEURAL-A4-C1-LONG-3P5S-P01-L1-LOW-CAL-OFFICIAL-R2:8_PER_CLASS-MR02.json,0.5283333333333333,0.4558372511128417,0.5283333333333333,0.5667555555555556
P02-A4S-R1-Lee2019_MI-NEURAL-A4-C2-MULTI-HARD-VOTE-FULL_TRAIN-MR01,Lee2019_MI,FULL_TRAIN,FULL,NEURAL,A4-C2-MULTI-HARD-VOTE,C2,1,REUSED_PREDECESSOR_ANCHOR_REPEAT,DNN-EEGNET,/kaggle/working/iharq_p02_integrated_1_256_R1/runtime/supplements/stage18S_balanced_sensitivity_R1/metrics/P02-A4S-R1-Lee2019_MI-NEURAL-A4-C2-MULTI-HARD-VOTE-FULL_TRAIN-MR01.json,0.7416666666666667,0.7411424801890495,0.7416666666666667,
P02-A4S-R1-Lee2019_MI-NEURAL-A4-C2-MULTI-HARD-VOTE-FULL_TRAIN-MR02,Lee2019_MI,FULL_TRAIN,FULL,NEURAL,A4-C2-MULTI-HARD-VOTE,C2,2,REUSED_PREDECESSOR_ANCHOR_REPEAT,DNN-EEGNET,/kaggle/working/iharq_p02_integrated_1_256_R1/runtime/supplements/stage18S_balanced_sensitivity_R1/metrics/P02-A4S-R1-Lee2019_MI-NEURAL-A4-C2-MULTI-HARD-VOTE-FULL_TRAIN-MR02.json,0.77,0.769792813532179,0.77,
P02-A4S-R1-Lee2019_MI-NEURAL-A4-C2-MULTI-HARD-VOTE-P01-L1-LOW-CAL-OFFICIAL-R2:128_PER_CLASS-MR00,Lee2019_MI,P01-L1-LOW-CAL-OFFICIAL-R2:128_PER_CLASS,128,NEURAL,A4-C2-MULTI-HARD-VOTE,C2,0,NEW_HIGH_BUDGET_64_128_256,DNN-EEGNET,/kaggle/working/iharq_p02_integrated_1_256_R1/runtime/supplements/stage18S_balanced_sensitivity_R1/metrics/P02-A4S-R1-Lee2019_MI-NEURAL-A4-C2-MULTI-HARD-VOTE-P01-L1-LOW-CAL-OFFICIAL-R2:128_PER_CLASS-MR00.json,0.5466666666666666,0.5277777777777778,0.5466666666666666,
P02-A4S-R1-Lee2019_MI-NEURAL-A4-C2-MULTI-HARD-VOTE-P01-L1-LOW-CAL-OFFICIAL-R2:128_PER_CLASS-MR01,Lee2019_MI,P01-L1-LOW-CAL-OFFICIAL-R2:128_PER_CLASS,128,NEURAL,A4-C2-MULTI-HARD-VOTE,C2,1,NEW_HIGH_BUDGET_64_128_256,DNN-EEGNET,/kaggle/working/iharq_p02_integrated_1_256_R1/runtime/supplements/stage18S_balanced_sensitivity_R1/metrics/P02-A4S-R1-Lee2019_MI-NEURAL-A4-C2-MULTI-HARD-VOTE-P01-L1-LOW-CAL-OFFICIAL-R2:128_PER_CLASS-MR01.json,0.5683333333333334,0.5207830294283626,0.5683333333333334,
P02-A4S-R1-Lee2019_MI-NEURAL-A4-C2-MULTI-HARD-VOTE-P01-L1-LOW-CAL-OFFICIAL-R2:128_PER_CLASS-MR02,Lee2019_MI,P01-L1-LOW-CAL-OFFICIAL-R2:128_PER_CLASS,128,NEURAL,A4-C2-MULTI-HARD-VOTE,C2,2,NEW_HIGH_BUDGET_64_128_256,DNN-EEGNET,/kaggle/working/iharq_p02_integrated_1_256_R1/runtime/supplements/stage18S_balanced_sensitivity_R1/metrics/P02-A4S-R1-Lee2019_MI-NEURAL-A4-C2-MULTI-HARD-VOTE-P01-L1-LOW-CAL-OFFICIAL-R2:128_PER_CLASS-MR02.json,0.575,0.5550657077799523,0.575,
P02-A4S-R1-Lee2019_MI-NEURAL-A4-C2-MULTI-HARD-VOTE-P01-L1-LOW-CAL-OFFICIAL-R2:16_PER_CLASS-MR00,Lee2019_MI,P01-L1-LOW-CAL-OFFICIAL-R2:16_PER_CLASS,16,NEURAL,A4-C2-MULTI-HARD-VOTE,C2,0,REUSED_PREDECESSOR_MR00_PROBE,DNN-EEGNET,/kaggle/working/iharq_p02_integrated_1_256_R1/runtime/supplements/stage18S_balanced_sensitivity_R1/metrics/P02-A4S-R1-Lee2019_MI-NEURAL-A4-C2-MULTI-HARD-VOTE-P01-L1-LOW-CAL-OFFICIAL-R2:16_PER_CLASS-MR00.json,0.5233333333333333,0.43953804347826086,0.5233333333333333,
P02-A4S-R1-Lee2019_MI-NEURAL-A4-C2-MULTI-HARD-VOTE-P01-L1-LOW-CAL-OFFICIAL-R2:1_PER_CLASS-MR01,Lee2019_MI,P01-L1-LOW-CAL-OFFICIAL-R2:1_PER_CLASS,1,NEURAL,A4-C2-MULTI-HARD-VOTE,C2,1,REUSED_PREDECESSOR_ANCHOR_REPEAT,DNN-EEGNET,/kaggle/working/iharq_p02_integrated_1_256_R1/runtime/supplements/stage18S_balanced_sensitivity_R1/metrics/P02-A4S-R1-Lee2019_MI-NEURAL-A4-C2-MULTI-HARD-VOTE-P01-L1-LOW-CAL-OFFICIAL-R2:1_PER_CLASS-MR01.json,0.545,0.5067914040787568,0.545,
P02-A4S-R1-Lee2019_MI-NEURAL-A4-C2-MULTI-HARD-VOTE-P01-L1-LOW-CAL-OFFICIAL-R2:1_PER_CLASS-MR02,Lee2019_MI,P01-L1-LOW-CAL-OFFICIAL-R2:1_PER_CLASS,1,NEURAL,A4-C2-MULTI-HARD-VOTE,C2,2,REUSED_PREDECESSOR_ANCHOR_REPEAT,DNN-EEGNET,/kaggle/working/iharq_p02_integrated_1_256_R1/runtime/supplements/stage18S_balanced_sensitivity_R1/metrics/P02-A4S-R1-Lee2019_MI-NEURAL-A4-C2-MULTI-HARD-VOTE-P01-L1-LOW-CAL-OFFICIAL-R2:1_PER_CLASS-MR02.json,0.48833333333333334,0.44863340706838806,0.48833333333333334,
P02-A4S-R1-Lee2019_MI-NEURAL-A4-C2-MULTI-HARD-VOTE-P01-L1-LOW-CAL-OFFICIAL-R2:256_PER_CLASS-MR00,Lee2019_MI,P01-L1-LOW-CAL-OFFICIAL-R2:256_PER_CLASS,256,NEURAL,A4-C2-MULTI-HARD-VOTE,C2,0,NEW_HIGH_BUDGET_64_128_256,DNN-EEGNET,/kaggle/working/iharq_p02_integrated_1_256_R1/runtime/supplements/stage18S_balanced_sensitivity_R1/metrics/P02-A4S-R1-Lee2019_MI-NEURAL-A4-C2-MULTI-HARD-VOTE-P01-L1-LOW-CAL-OFFICIAL-R2:256_PER_CLASS-MR00.json,0.6383333333333334,0.6319528266418664,0.6383333333333333,
P02-A4S-R1-Lee2019_MI-NEURAL-A4-C2-MULTI-HARD-VOTE-P01-L1-LOW-CAL-OFFICIAL-R2:256_PER_CLASS-MR01,Lee2019_MI,P01-L1-LOW-CAL-OFFICIAL-R2:256_PER_CLASS,256,NEURAL,A4-C2-MULTI-HARD-VOTE,C2,1,NEW_HIGH_BUDGET_64_128_256,DNN-EEGNET,/kaggle/working/iharq_p02_integrated_1_256_R1/runtime/supplements/stage18S_balanced_sensitivity_R1/metrics/P02-A4S-R1-Lee2019_MI-NEURAL-A4-C2-MULTI-HARD-VOTE-P01-L1-LOW-CAL-OFFICIAL-R2:256_PER_CLASS-MR01.json,0.6533333333333333,0.6446104953810755,0.6533333333333333,
P02-A4S-R1-Lee2019_MI-NEURAL-A4-C2-MULTI-HARD-VOTE-P01-L1-LOW-CAL-OFFICIAL-R2:256_PER_CLASS-MR02,Lee2019_MI,P01-L1-LOW-CAL-OFFICIAL-R2:256_PER_CLASS,256,NEURAL,A4-C2-MULTI-HARD-VOTE,C2,2,NEW_HIGH_BUDGET_64_128_256,DNN-EEGNET,/kaggle/working/iharq_p02_integrated_1_256_R1/runtime/supplements/stage18S_balanced_sensitivity_R1/metrics/P02-A4S-R1-Lee2019_MI-NEURAL-A4-C2-MULTI-HARD-VOTE-P01-L1-LOW-CAL-OFFICIAL-R2:256_PER_CLASS-MR02.json,0.6466666666666667,0.643992655949129,0.6466666666666666,
P02-A4S-R1-Lee2019_MI-NEURAL-A4-C2-MULTI-HARD-VOTE-P01-L1-LOW-CAL-OFFICIAL-R2:32_PER_CLASS-MR00,Lee2019_MI,P01-L1-LOW-CAL-OFFICIAL-R2:32_PER_CLASS,32,NEURAL,A4-C2-MULTI-HARD-VOTE,C2,0,REUSED_PREDECESSOR_MR00_PROBE,DNN-EEGNET,/kaggle/working/iharq_p02_integrated_1_256_R1/runtime/supplements/stage18S_balanced_sensitivity_R1/metrics/P02-A4S-R1-Lee2019_MI-NEURAL-A4-C2-MULTI-HARD-VOTE-P01-L1-LOW-CAL-OFFICIAL-R2:32_PER_CLASS-MR00.json,0.4983333333333333,0.4724095924466348,0.49833333333333335,
P02-A4S-R1-Lee2019_MI-NEURAL-A4-C2-MULTI-HARD-VOTE-P01-L1-LOW-CAL-OFFICIAL-R2:4_PER_CLASS-MR00,Lee2019_MI,P01-L1-LOW-CAL-OFFICIAL-R2:4_PER_CLASS,4,NEURAL,A4-C2-MULTI-HARD-VOTE,C2,0,REUSED_PREDECESSOR_MR00_PROBE,DNN-EEGNET,/kaggle/working/iharq_p02_integrated_1_256_R1/runtime/supplements/stage18S_balanced_sensitivity_R1/metrics/P02-A4S-R1-Lee2019_MI-NEURAL-A4-C2-MULTI-HARD-VOTE-P01-L1-LOW-CAL-OFFICIAL-R2:4_PER_CLASS-MR00.json,0.51,0.43547664460630575,0.51,
P02-A4S-R1-Lee2019_MI-NEURAL-A4-C2-MULTI-HARD-VOTE-P01-L1-LOW-CAL-OFFICIAL-R2:64_PER_CLASS-MR00,Lee2019_MI,P01-L1-LOW-CAL-OFFICIAL-R2:64_PER_CLASS,64,NEURAL,A4-C2-MULTI-HARD-VOTE,C2,0,NEW_HIGH_BUDGET_64_128_256,DNN-EEGNET,/kaggle/working/iharq_p02_integrated_1_256_R1/runtime/supplements/stage18S_balanced_sensitivity_R1/metrics/P02-A4S-R1-Lee2019_MI-NEURAL-A4-C2-MULTI-HARD-VOTE-P01-L1-LOW-CAL-OFFICIAL-R2:64_PER_CLASS-MR00.json,0.5816666666666667,0.5397859057141723,0.5816666666666667,
P02-A4S-R1-Lee2019_MI-NEURAL-A4-C2-MULTI-HARD-VOTE-P01-L1-LOW-CAL-OFFICIAL-R2:64_PER_CLASS-MR01,Lee2019_MI,P01-L1-LOW-CAL-OFFICIAL-R2:64_PER_CLASS,64,NEURAL,A4-C2-MULTI-HARD-VOTE,C2,1,NEW_HIGH_BUDGET_64_128_256,DNN-EEGNET,/kaggle/working/iharq_p02_integrated_1_256_R1/runtime/supplements/stage18S_balanced_sensitivity_R1/metrics/P02-A4S-R1-Lee2019_MI-NEURAL-A4-C2-MULTI-HARD-VOTE-P01-L1-LOW-CAL-OFFICIAL-R2:64_PER_CLASS-MR01.json,0.5233333333333333,0.5006053268765133,0.5233333333333333,
P02-A4S-R1-Lee2019_MI-NEURAL-A4-C2-MULTI-HARD-VOTE-P01-L1-LOW-CAL-OFFICIAL-R2:64_PER_CLASS-MR02,Lee2019_MI,P01-L1-LOW-CAL-OFFICIAL-R2:64_PER_CLASS,64,NEURAL,A4-C2-MULTI-HARD-VOTE,C2,2,NEW_HIGH_BUDGET_64_128_256,DNN-EEGNET,/kaggle/working/iharq_p02_integrated_1_256_R1/runtime/supplements/stage18S_balanced_sensitivity_R1/metrics/P02-A4S-R1-Lee2019_MI-NEURAL-A4-C2-MULTI-HARD-VOTE-P01-L1-LOW-CAL-OFFICIAL-R2:64_PER_CLASS-MR02.json,0.525,0.513307205614898,0.525,
P02-A4S-R1-Lee2019_MI-NEURAL-A4-C2-MULTI-HARD-VOTE-P01-L1-LOW-CAL-OFFICIAL-R2:8_PER_CLASS-MR01,Lee2019_MI,P01-L1-LOW-CAL-OFFICIAL-R2:8_PER_CLASS,8,NEURAL,A4-C2-MULTI-HARD-VOTE,C2,1,REUSED_PREDECESSOR_ANCHOR_REPEAT,DNN-EEGNET,/kaggle/working/iharq_p02_integrated_1_256_R1/runtime/supplements/stage18S_balanced_sensitivity_R1/metrics/P02-A4S-R1-Lee2019_MI-NEURAL-A4-C2-MULTI-HARD-VOTE-P01-L1-LOW-CAL-OFFICIAL-R2:8_PER_CLASS-MR01.json,0.5366666666666666,0.46162982854782075,0.5366666666666666,
P02-A4S-R1-Lee2019_MI-NEURAL-A4-C2-MULTI-HARD-VOTE-P01-L1-LOW-CAL-OFFICIAL-R2:8_PER_CLASS-MR02,Lee2019_MI,P01-L1-LOW-CAL-OFFICIAL-R2:8_PER_CLASS,8,NEURAL,A4-C2-MULTI-HARD-VOTE,C2,2,REUSED_PREDECESSOR_ANCHOR_REPEAT,DNN-EEGNET,/kaggle/working/iharq_p02_integrated_1_256_R1/runtime/supplements/stage18S_balanced_sensitivity_R1/metrics/P02-A4S-R1-Lee2019_MI-NEURAL-A4-C2-MULTI-HARD-VOTE-P01-L1-LOW-CAL-OFFICIAL-R2:8_PER_CLASS-MR02.json,0.5133333333333333,0.45112094136518,0.5133333333333333,
P02-A4S-R1-Lee2019_MI-NEURAL-A4-C3-MULTI-PROB-AVG-FULL_TRAIN-MR01,Lee2019_MI,FULL_TRAIN,FULL,NEURAL,A4-C3-MULTI-PROB-AVG,C3,1,REUSED_PREDECESSOR_ANCHOR_REPEAT,DNN-EEGNET,/kaggle/working/iharq_p02_integrated_1_256_R1/runtime/supplements/stage18S_balanced_sensitivity_R1/metrics/P02-A4S-R1-Lee2019_MI-NEURAL-A4-C3-MULTI-PROB-AVG-FULL_TRAIN-MR01.json,0.7516666666666667,0.7511627712785056,0.7516666666666667,0.8142111111111111
P02-A4S-R1-Lee2019_MI-NEURAL-A4-C3-MULTI-PROB-AVG-FULL_TRAIN-MR02,Lee2019_MI,FULL_TRAIN,FULL,NEURAL,A4-C3-MULTI-PROB-AVG,C3,2,REUSED_PREDECESSOR_ANCHOR_REPEAT,DNN-EEGNET,/kaggle/working/iharq_p02_integrated_1_256_R1/runtime/supplements/stage18S_balanced_sensitivity_R1/metrics/P02-A4S-R1-Lee2019_MI-NEURAL-A4-C3-MULTI-PROB-AVG-FULL_TRAIN-MR02.json,0.7866666666666666,0.7863794657261429,0.7866666666666666,0.8474111111111111
P02-A4S-R1-Lee2019_MI-NEURAL-A4-C3-MULTI-PROB-AVG-P01-L1-LOW-CAL-OFFICIAL-R2:128_PER_CLASS-MR00,Lee2019_MI,P01-L1-LOW-CAL-OFFICIAL-R2:128_PER_CLASS,128,NEURAL,A4-C3-MULTI-PROB-AVG,C3,0,NEW_HIGH_BUDGET_64_128_256,DNN-EEGNET,/kaggle/working/iharq_p02_integrated_1_256_R1/runtime/supplements/stage18S_balanced_sensitivity_R1/metrics/P02-A4S-R1-Lee2019_MI-NEURAL-A4-C3-MULTI-PROB-AVG-P01-L1-LOW-CAL-OFFICIAL-R2:128_PER_CLASS-MR00.json,0.5583333333333333,0.53761730416348,0.5583333333333333,0.6353777777777778
P02-A4S-R1-Lee2019_MI-NEURAL-A4-C3-MULTI-PROB-AVG-P01-L1-LOW-CAL-OFFICIAL-R2:128_PER_CLASS-MR01,Lee2019_MI,P01-L1-LOW-CAL-OFFICIAL-R2:128_PER_CLASS,128,NEURAL,A4-C3-MULTI-PROB-AVG,C3,1,NEW_HIGH_BUDGET_64_128_256,DNN-EEGNET,/kaggle/working/iharq_p02_integrated_1_256_R1/runtime/supplements/stage18S_balanced_sensitivity_R1/metrics/P02-A4S-R1-Lee2019_MI-NEURAL-A4-C3-MULTI-PROB-AVG-P01-L1-LOW-CAL-OFFICIAL-R2:128_PER_CLASS-MR01.json,0.56,0.5109601728928681,0.56,0.6300555555555556
P02-A4S-R1-Lee2019_MI-NEURAL-A4-C3-MULTI-PROB-AVG-P01-L1-LOW-CAL-OFFICIAL-R2:128_PER_CLASS-MR02,Lee2019_MI,P01-L1-LOW-CAL-OFFICIAL-R2:128_PER_CLASS,128,NEURAL,A4-C3-MULTI-PROB-AVG,C3,2,NEW_HIGH_BUDGET_64_128_256,DNN-EEGNET,/kaggle/working/iharq_p02_integrated_1_256_R1/runtime/supplements/stage18S_balanced_sensitivity_R1/metrics/P02-A4S-R1-Lee2019_MI-NEURAL-A4-C3-MULTI-PROB-AVG-P01-L1-LOW-CAL-OFFICIAL-R2:128_PER_CLASS-MR02.json,0.5733333333333334,0.5516323385175844,0.5733333333333334,0.6338
P02-A4S-R1-Lee2019_MI-NEURAL-A4-C3-MULTI-PROB-AVG-P01-L1-LOW-CAL-OFFICIAL-R2:16_PER_CLASS-MR00,Lee2019_MI,P01-L1-LOW-CAL-OFFICIAL-R2:16_PER_CLASS,16,NEURAL,A4-C3-MULTI-PROB-AVG,C3,0,REUSED_PREDECESSOR_MR00_PROBE,DNN-EEGNET,/kaggle/working/iharq_p02_integrated_1_256_R1/runtime/supplements/stage18S_balanced_sensitivity_R1/metrics/P02-A4S-R1-Lee2019_MI-NEURAL-A4-C3-MULTI-PROB-AVG-P01-L1-LOW-CAL-OFFICIAL-R2:16_PER_CLASS-MR00.json,0.525,0.4406481938824576,0.525,0.5986
P02-A4S-R1-Lee2019_MI-NEURAL-A4-C3-MULTI-PROB-AVG-P01-L1-LOW-CAL-OFFICIAL-R2:1_PER_CLASS-MR01,Lee2019_MI,P01-L1-LOW-CAL-OFFICIAL-R2:1_PER_CLASS,1,NEURAL,A4-C3-MULTI-PROB-AVG,C3,1,REUSED_PREDECESSOR_ANCHOR_REPEAT,DNN-EEGNET,/kaggle/working/iharq_p02_integrated_1_256_R1/runtime/supplements/stage18S_balanced_sensitivity_R1/metrics/P02-A4S-R1-Lee2019_MI-NEURAL-A4-C3-MULTI-PROB-AVG-P01-L1-LOW-CAL-OFFICIAL-R2:1_PER_CLASS-MR01.json,0.5516666666666666,0.4999240900880245,0.5516666666666666,0.5548222222222223
P02-A4S-R1-Lee2019_MI-NEURAL-A4-C3-MULTI-PROB-AVG-P01-L1-LOW-CAL-OFFICIAL-R2:1_PER_CLASS-MR02,Lee2019_MI,P01-L1-LOW-CAL-OFFICIAL-R2:1_PER_CLASS,1,NEURAL,A4-C3-MULTI-PROB-AVG,C3,2,REUSED_PREDECESSOR_ANCHOR_REPEAT,DNN-EEGNET,/kaggle/working/iharq_p02_integrated_1_256_R1/runtime/supplements/stage18S_balanced_sensitivity_R1/metrics/P02-A4S-R1-Lee2019_MI-NEURAL-A4-C3-MULTI-PROB-AVG-P01-L1-LOW-CAL-OFFICIAL-R2:1_PER_CLASS-MR02.json,0.5166666666666666,0.4888366627497062,0.5166666666666667,0.5207777777777778
P02-A4S-R1-Lee2019_MI-NEURAL-A4-C3-MULTI-PROB-AVG-P01-L1-LOW-CAL-OFFICIAL-R2:256_PER_CLASS-MR00,Lee2019_MI,P01-L1-LOW-CAL-OFFICIAL-R2:256_PER_CLASS,256,NEURAL,A4-C3-MULTI-PROB-AVG,C3,0,NEW_HIGH_BUDGET_64_128_256,DNN-EEGNET,/kaggle/working/iharq_p02_integrated_1_256_R1/runtime/supplements/stage18S_balanced_sensitivity_R1/metrics/P02-A4S-R1-Lee2019_MI-NEURAL-A4-C3-MULTI-PROB-AVG-P01-L1-LOW-CAL-OFFICIAL-R2:256_PER_CLASS-MR00.json,0.615,0.6042250263421655,0.615,0.7055111111111112
P02-A4S-R1-Lee2019_MI-NEURAL-A4-C3-MULTI-PROB-AVG-P01-L1-LOW-CAL-OFFICIAL-R2:256_PER_CLASS-MR01,Lee2019_MI,P01-L1-LOW-CAL-OFFICIAL-R2:256_PER_CLASS,256,NEURAL,A4-C3-MULTI-PROB-AVG,C3,1,NEW_HIGH_BUDGET_64_128_256,DNN-EEGNET,/kaggle/working/iharq_p02_integrated_1_256_R1/runtime/supplements/stage18S_balanced_sensitivity_R1/metrics/P02-A4S-R1-Lee2019_MI-NEURAL-A4-C3-MULTI-PROB-AVG-P01-L1-LOW-CAL-OFFICIAL-R2:256_PER_CLASS-MR01.json,0.6633333333333333,0.6552273451367712,0.6633333333333333,0.7120111111111112
P02-A4S-R1-Lee2019_MI-NEURAL-A4-C3-MULTI-PROB-AVG-P01-L1-LOW-CAL-OFFICIAL-R2:256_PER_CLASS-MR02,Lee2019_MI,P01-L1-LOW-CAL-OFFICIAL-R2:256_PER_CLASS,256,NEURAL,A4-C3-MULTI-PROB-AVG,C3,2,NEW_HIGH_BUDGET_64_128_256,DNN-EEGNET,/kaggle/working/iharq_p02_integrated_1_256_R1/runtime/supplements/stage18S_balanced_sensitivity_R1/metrics/P02-A4S-R1-Lee2019_MI-NEURAL-A4-C3-MULTI-PROB-AVG-P01-L1-LOW-CAL-OFFICIAL-R2:256_PER_CLASS-MR02.json,0.6483333333333334,0.645567777463598,0.6483333333333333,0.7226333333333333
P02-A4S-R1-Lee2019_MI-NEURAL-A4-C3-MULTI-PROB-AVG-P01-L1-LOW-CAL-OFFICIAL-R2:32_PER_CLASS-MR00,Lee2019_MI,P01-L1-LOW-CAL-OFFICIAL-R2:32_PER_CLASS,32,NEURAL,A4-C3-MULTI-PROB-AVG,C3,0,REUSED_PREDECESSOR_MR00_PROBE,DNN-EEGNET,/kaggle/working/iharq_p02_integrated_1_256_R1/runtime/supplements/stage18S_balanced_sensitivity_R1/metrics/P02-A4S-R1-Lee2019_MI-NEURAL-A4-C3-MULTI-PROB-AVG-P01-L1-LOW-CAL-OFFICIAL-R2:32_PER_CLASS-MR00.json,0.4983333333333333,0.4724095924466348,0.49833333333333335,0.4937666666666667
P02-A4S-R1-Lee2019_MI-NEURAL-A4-C3-MULTI-PROB-AVG-P01-L1-LOW-CAL-OFFICIAL-R2:4_PER_CLASS-MR00,Lee2019_MI,P01-L1-LOW-CAL-OFFICIAL-R2:4_PER_CLASS,4,NEURAL,A4-C3-MULTI-PROB-AVG,C3,0,REUSED_PREDECESSOR_MR00_PROBE,DNN-EEGNET,/kaggle/working/iharq_p02_integrated_1_256_R1/runtime/supplements/stage18S_balanced_sensitivity_R1/metrics/P02-A4S-R1-Lee2019_MI-NEURAL-A4-C3-MULTI-PROB-AVG-P01-L1-LOW-CAL-OFFICIAL-R2:4_PER_CLASS-MR00.json,0.525,0.4726763065138353,0.525,0.5481
P02-A4S-R1-Lee2019_MI-NEURAL-A4-C3-MULTI-PROB-AVG-P01-L1-LOW-CAL-OFFICIAL-R2:64_PER_CLASS-MR00,Lee2019_MI,P01-L1-LOW-CAL-OFFICIAL-R2:64_PER_CLASS,64,NEURAL,A4-C3-MULTI-PROB-AVG,C3,0,NEW_HIGH_BUDGET_64_128_256,DNN-EEGNET,/kaggle/working/iharq_p02_integrated_1_256_R1/runtime/supplements/stage18S_balanced_sensitivity_R1/metrics/P02-A4S-R1-Lee2019_MI-NEURAL-A4-C3-MULTI-PROB-AVG-P01-L1-LOW-CAL-OFFICIAL-R2:64_PER_CLASS-MR00.json,0.545,0.5005473245131251,0.545,0.6296222222222222
P02-A4S-R1-Lee2019_MI-NEURAL-A4-C3-MULTI-PROB-AVG-P01-L1-LOW-CAL-OFFICIAL-R2:64_PER_CLASS-MR01,Lee2019_MI,P01-L1-LOW-CAL-OFFICIAL-R2:64_PER_CLASS,64,NEURAL,A4-C3-MULTI-PROB-AVG,C3,1,NEW_HIGH_BUDGET_64_128_256,DNN-EEGNET,/kaggle/working/iharq_p02_integrated_1_256_R1/runtime/supplements/stage18S_balanced_sensitivity_R1/metrics/P02-A4S-R1-Lee2019_MI-NEURAL-A4-C3-MULTI-PROB-AVG-P01-L1-LOW-CAL-OFFICIAL-R2:64_PER_CLASS-MR01.json,0.5216666666666667,0.4919979349509551,0.5216666666666666,0.5750777777777778
P02-A4S-R1-Lee2019_MI-NEURAL-A4-C3-MULTI-PROB-AVG-P01-L1-LOW-CAL-OFFICIAL-R2:64_PER_CLASS-MR02,Lee2019_MI,P01-L1-LOW-CAL-OFFICIAL-R2:64_PER_CLASS,64,NEURAL,A4-C3-MULTI-PROB-AVG,C3,2,NEW_HIGH_BUDGET_64_128_256,DNN-EEGNET,/kaggle/working/iharq_p02_integrated_1_256_R1/runtime/supplements/stage18S_balanced_sensitivity_R1/metrics/P02-A4S-R1-Lee2019_MI-NEURAL-A4-C3-MULTI-PROB-AVG-P01-L1-LOW-CAL-OFFICIAL-R2:64_PER_CLASS-MR02.json,0.5349999999999999,0.5219860707769012,0.535,0.5766222222222221
P02-A4S-R1-Lee2019_MI-NEURAL-A4-C3-MULTI-PROB-AVG-P01-L1-LOW-CAL-OFFICIAL-R2:8_PER_CLASS-MR01,Lee2019_MI,P01-L1-LOW-CAL-OFFICIAL-R2:8_PER_CLASS,8,NEURAL,A4-C3-MULTI-PROB-AVG,C3,1,REUSED_PREDECESSOR_ANCHOR_REPEAT,DNN-EEGNET,/kaggle/working/iharq_p02_integrated_1_256_R1/runtime/supplements/stage18S_balanced_sensitivity_R1/metrics/P02-A4S-R1-Lee2019_MI-NEURAL-A4-C3-MULTI-PROB-AVG-P01-L1-LOW-CAL-OFFICIAL-R2:8_PER_CLASS-MR01.json,0.5183333333333333,0.43279764221765,0.5183333333333333,0.5922444444444445
P02-A4S-R1-Lee2019_MI-NEURAL-A4-C3-MULTI-PROB-AVG-P01-L1-LOW-CAL-OFFICIAL-R2:8_PER_CLASS-MR02,Lee2019_MI,P01-L1-LOW-CAL-OFFICIAL-R2:8_PER_CLASS,8,NEURAL,A4-C3-MULTI-PROB-AVG,C3,2,REUSED_PREDECESSOR_ANCHOR_REPEAT,DNN-EEGNET,/kaggle/working/iharq_p02_integrated_1_256_R1/runtime/supplements/stage18S_balanced_sensitivity_R1/metrics/P02-A4S-R1-Lee2019_MI-NEURAL-A4-C3-MULTI-PROB-AVG-P01-L1-LOW-CAL-OFFICIAL-R2:8_PER_CLASS-MR02.json,0.5383333333333333,0.4529853767390424,0.5383333333333333,0.5796666666666667
P02-A4S-R1-Lee2019_MI-SSL-A4-C2-MULTI-HARD-VOTE-FULL_TRAIN-MR01,Lee2019_MI,FULL_TRAIN,FULL,SSL,A4-C2-MULTI-HARD-VOTE,C2,1,REUSED_PREDECESSOR_ANCHOR_REPEAT,SSL-CBRAMOD,/kaggle/working/iharq_p02_integrated_1_256_R1/runtime/supplements/stage18S_balanced_sensitivity_R1/metrics/P02-A4S-R1-Lee2019_MI-SSL-A4-C2-MULTI-HARD-VOTE-FULL_TRAIN-MR01.json,0.6466666666666667,0.64578111946533,0.6466666666666666,
P02-A4S-R1-Lee2019_MI-SSL-A4-C2-MULTI-HARD-VOTE-FULL_TRAIN-MR02,Lee2019_MI,FULL_TRAIN,FULL,SSL,A4-C2-MULTI-HARD-VOTE,C2,2,REUSED_PREDECESSOR_ANCHOR_REPEAT,SSL-CBRAMOD,/kaggle/working/iharq_p02_integrated_1_256_R1/runtime/supplements/stage18S_balanced_sensitivity_R1/metrics/P02-A4S-R1-Lee2019_MI-SSL-A4-C2-MULTI-HARD-VOTE-FULL_TRAIN-MR02.json,0.685,0.6846136517233611,0.685,
P02-A4S-R1-Lee2019_MI-SSL-A4-C2-MULTI-HARD-VOTE-P01-L1-LOW-CAL-OFFICIAL-R2:128_PER_CLASS-MR00,Lee2019_MI,P01-L1-LOW-CAL-OFFICIAL-R2:128_PER_CLASS,128,SSL,A4-C2-MULTI-HARD-VOTE,C2,0,NEW_HIGH_BUDGET_64_128_256,SSL-CBRAMOD,/kaggle/working/iharq_p02_integrated_1_256_R1/runtime/supplements/stage18S_balanced_sensitivity_R1/metrics/P02-A4S-R1-Lee2019_MI-SSL-A4-C2-MULTI-HARD-VOTE-P01-L1-LOW-CAL-OFFICIAL-R2:128_PER_CLASS-MR00.json,0.5166666666666666,0.5154553049289892,0.5166666666666667,
P02-A4S-R1-Lee2019_MI-SSL-A4-C2-MULTI-HARD-VOTE-P01-L1-LOW-CAL-OFFICIAL-R2:128_PER_CLASS-MR01,Lee2019_MI,P01-L1-LOW-CAL-OFFICIAL-R2:128_PER_CLASS,128,SSL,A4-C2-MULTI-HARD-VOTE,C2,1,NEW_HIGH_BUDGET_64_128_256,SSL-CBRAMOD,/kaggle/working/iharq_p02_integrated_1_256_R1/runtime/supplements/stage18S_balanced_sensitivity_R1/metrics/P02-A4S-R1-Lee2019_MI-SSL-A4-C2-MULTI-HARD-VOTE-P01-L1-LOW-CAL-OFFICIAL-R2:128_PER_CLASS-MR01.json,0.5433333333333333,0.5430083615015122,0.5433333333333333,
P02-A4S-R1-Lee2019_MI-SSL-A4-C2-MULTI-HARD-VOTE-P01-L1-LOW-CAL-OFFICIAL-R2:128_PER_CLASS-MR02,Lee2019_MI,P01-L1-LOW-CAL-OFFICIAL-R2:128_PER_CLASS,128,SSL,A4-C2-MULTI-HARD-VOTE,C2,2,NEW_HIGH_BUDGET_64_128_256,SSL-CBRAMOD,/kaggle/working/iharq_p02_integrated_1_256_R1/runtime/supplements/stage18S_balanced_sensitivity_R1/metrics/P02-A4S-R1-Lee2019_MI-SSL-A4-C2-MULTI-HARD-VOTE-P01-L1-LOW-CAL-OFFICIAL-R2:128_PER_CLASS-MR02.json,0.5316666666666667,0.5292488363846534,0.5316666666666666,
P02-A4S-R1-Lee2019_MI-SSL-A4-C2-MULTI-HARD-VOTE-P01-L1-LOW-CAL-OFFICIAL-R2:16_PER_CLASS-MR00,Lee2019_MI,P01-L1-LOW-CAL-OFFICIAL-R2:16_PER_CLASS,16,SSL,A4-C2-MULTI-HARD-VOTE,C2,0,REUSED_PREDECESSOR_MR00_PROBE,SSL-CBRAMOD,/kaggle/working/iharq_p02_integrated_1_256_R1/runtime/supplements/stage18S_balanced_sensitivity_R1/metrics/P02-A4S-R1-Lee2019_MI-SSL-A4-C2-MULTI-HARD-VOTE-P01-L1-LOW-CAL-OFFICIAL-R2:16_PER_CLASS-MR00.json,0.5066666666666667,0.5057385535060279,0.5066666666666667,
P02-A4S-R1-Lee2019_MI-SSL-A4-C2-MULTI-HARD-VOTE-P01-L1-LOW-CAL-OFFICIAL-R2:1_PER_CLASS-MR01,Lee2019_MI,P01-L1-LOW-CAL-OFFICIAL-R2:1_PER_CLASS,1,SSL,A4-C2-MULTI-HARD-VOTE,C2,1,REUSED_PREDECESSOR_ANCHOR_REPEAT,SSL-CBRAMOD,/kaggle/working/iharq_p02_integrated_1_256_R1/runtime/supplements/stage18S_balanced_sensitivity_R1/metrics/P02-A4S-R1-Lee2019_MI-SSL-A4-C2-MULTI-HARD-VOTE-P01-L1-LOW-CAL-OFFICIAL-R2:1_PER_CLASS-MR01.json,0.5166666666666666,0.48258020006898933,0.5166666666666667,
P02-A4S-R1-Lee2019_MI-SSL-A4-C2-MULTI-HARD-VOTE-P01-L1-LOW-CAL-OFFICIAL-R2:1_PER_CLASS-MR02,Lee2019_MI,P01-L1-LOW-CAL-OFFICIAL-R2:1_PER_CLASS,1,SSL,A4-C2-MULTI-HARD-VOTE,C2,2,REUSED_PREDECESSOR_ANCHOR_REPEAT,SSL-CBRAMOD,/kaggle/working/iharq_p02_integrated_1_256_R1/runtime/supplements/stage18S_balanced_sensitivity_R1/metrics/P02-A4S-R1-Lee2019_MI-SSL-A4-C2-MULTI-HARD-VOTE-P01-L1-LOW-CAL-OFFICIAL-R2:1_PER_CLASS-MR02.json,0.5233333333333333,0.4975168665667167,0.5233333333333333,
P02-A4S-R1-Lee2019_MI-SSL-A4-C2-MULTI-HARD-VOTE-P01-L1-LOW-CAL-OFFICIAL-R2:256_PER_CLASS-MR00,Lee2019_MI,P01-L1-LOW-CAL-OFFICIAL-R2:256_PER_CLASS,256,SSL,A4-C2-MULTI-HARD-VOTE,C2,0,NEW_HIGH_BUDGET_64_128_256,SSL-CBRAMOD,/kaggle/working/iharq_p02_integrated_1_256_R1/runtime/supplements/stage18S_balanced_sensitivity_R1/metrics/P02-A4S-R1-Lee2019_MI-SSL-A4-C2-MULTI-HARD-VOTE-P01-L1-LOW-CAL-OFFICIAL-R2:256_PER_CLASS-MR00.json,0.5700000000000001,0.5696126513862476,0.57,
P02-A4S-R1-Lee2019_MI-SSL-A4-C2-MULTI-HARD-VOTE-P01-L1-LOW-CAL-OFFICIAL-R2:256_PER_CLASS-MR01,Lee2019_MI,P01-L1-LOW-CAL-OFFICIAL-R2:256_PER_CLASS,256,SSL,A4-C2-MULTI-HARD-VOTE,C2,1,NEW_HIGH_BUDGET_64_128_256,SSL-CBRAMOD,/kaggle/working/iharq_p02_integrated_1_256_R1/runtime/supplements/stage18S_balanced_sensitivity_R1/metrics/P02-A4S-R1-Lee2019_MI-SSL-A4-C2-MULTI-HARD-VOTE-P01-L1-LOW-CAL-OFFICIAL-R2:256_PER_CLASS-MR01.json,0.5816666666666667,0.581405044819679,0.5816666666666667,
P02-A4S-R1-Lee2019_MI-SSL-A4-C2-MULTI-HARD-VOTE-P01-L1-LOW-CAL-OFFICIAL-R2:256_PER_CLASS-MR02,Lee2019_MI,P01-L1-LOW-CAL-OFFICIAL-R2:256_PER_CLASS,256,SSL,A4-C2-MULTI-HARD-VOTE,C2,2,NEW_HIGH_BUDGET_64_128_256,SSL-CBRAMOD,/kaggle/working/iharq_p02_integrated_1_256_R1/runtime/supplements/stage18S_balanced_sensitivity_R1/metrics/P02-A4S-R1-Lee2019_MI-SSL-A4-C2-MULTI-HARD-VOTE-P01-L1-LOW-CAL-OFFICIAL-R2:256_PER_CLASS-MR02.json,0.5583333333333333,0.5575652173913044,0.5583333333333333,
P02-A4S-R1-Lee2019_MI-SSL-A4-C2-MULTI-HARD-VOTE-P01-L1-LOW-CAL-OFFICIAL-R2:32_PER_CLASS-MR00,Lee2019_MI,P01-L1-LOW-CAL-OFFICIAL-R2:32_PER_CLASS,32,SSL,A4-C2-MULTI-HARD-VOTE,C2,0,REUSED_PREDECESSOR_MR00_PROBE,SSL-CBRAMOD,/kaggle/working/iharq_p02_integrated_1_256_R1/runtime/supplements/stage18S_balanced_sensitivity_R1/metrics/P02-A4S-R1-Lee2019_MI-SSL-A4-C2-MULTI-HARD-VOTE-P01-L1-LOW-CAL-OFFICIAL-R2:32_PER_CLASS-MR00.json,0.4816666666666667,0.4689071612148535,0.4816666666666667,
P02-A4S-R1-Lee2019_MI-SSL-A4-C2-MULTI-HARD-VOTE-P01-L1-LOW-CAL-OFFICIAL-R2:4_PER_CLASS-MR00,Lee2019_MI,P01-L1-LOW-CAL-OFFICIAL-R2:4_PER_CLASS,4,SSL,A4-C2-MULTI-HARD-VOTE,C2,0,REUSED_PREDECESSOR_MR00_PROBE,SSL-CBRAMOD,/kaggle/working/iharq_p02_integrated_1_256_R1/runtime/supplements/stage18S_balanced_sensitivity_R1/metrics/P02-A4S-R1-Lee2019_MI-SSL-A4-C2-MULTI-HARD-VOTE-P01-L1-LOW-CAL-OFFICIAL-R2:4_PER_CLASS-MR00.json,0.52,0.5180669128392775,0.52,
P02-A4S-R1-Lee2019_MI-SSL-A4-C2-MULTI-HARD-VOTE-P01-L1-LOW-CAL-OFFICIAL-R2:64_PER_CLASS-MR00,Lee2019_MI,P01-L1-LOW-CAL-OFFICIAL-R2:64_PER_CLASS,64,SSL,A4-C2-MULTI-HARD-VOTE,C2,0,NEW_HIGH_BUDGET_64_128_256,SSL-CBRAMOD,/kaggle/working/iharq_p02_integrated_1_256_R1/runtime/supplements/stage18S_balanced_sensitivity_R1/metrics/P02-A4S-R1-Lee2019_MI-SSL-A4-C2-MULTI-HARD-VOTE-P01-L1-LOW-CAL-OFFICIAL-R2:64_PER_CLASS-MR00.json,0.49666666666666665,0.4963084860345134,0.49666666666666665,
P02-A4S-R1-Lee2019_MI-SSL-A4-C2-MULTI-HARD-VOTE-P01-L1-LOW-CAL-OFFICIAL-R2:64_PER_CLASS-MR01,Lee2019_MI,P01-L1-LOW-CAL-OFFICIAL-R2:64_PER_CLASS,64,SSL,A4-C2-MULTI-HARD-VOTE,C2,1,NEW_HIGH_BUDGET_64_128_256,SSL-CBRAMOD,/kaggle/working/iharq_p02_integrated_1_256_R1/runtime/supplements/stage18S_balanced_sensitivity_R1/metrics/P02-A4S-R1-Lee2019_MI-SSL-A4-C2-MULTI-HARD-VOTE-P01-L1-LOW-CAL-OFFICIAL-R2:64_PER_CLASS-MR01.json,0.49,0.4897959183673469,0.49,
P02-A4S-R1-Lee2019_MI-SSL-A4-C2-MULTI-HARD-VOTE-P01-L1-LOW-CAL-OFFICIAL-R2:64_PER_CLASS-MR02,Lee2019_MI,P01-L1-LOW-CAL-OFFICIAL-R2:64_PER_CLASS,64,SSL,A4-C2-MULTI-HARD-VOTE,C2,2,NEW_HIGH_BUDGET_64_128_256,SSL-CBRAMOD,/kaggle/working/iharq_p02_integrated_1_256_R1/runtime/supplements/stage18S_balanced_sensitivity_R1/metrics/P02-A4S-R1-Lee2019_MI-SSL-A4-C2-MULTI-HARD-VOTE-P01-L1-LOW-CAL-OFFICIAL-R2:64_PER_CLASS-MR02.json,0.5016666666666667,0.5014991149803127,0.5016666666666667,
P02-A4S-R1-Lee2019_MI-SSL-A4-C2-MULTI-HARD-VOTE-P01-L1-LOW-CAL-OFFICIAL-R2:8_PER_CLASS-MR01,Lee2019_MI,P01-L1-LOW-CAL-OFFICIAL-R2:8_PER_CLASS,8,SSL,A4-C2-MULTI-HARD-VOTE,C2,1,REUSED_PREDECESSOR_ANCHOR_REPEAT,SSL-CBRAMOD,/kaggle/working/iharq_p02_integrated_1_256_R1/runtime/supplements/stage18S_balanced_sensitivity_R1/metrics/P02-A4S-R1-Lee2019_MI-SSL-A4-C2-MULTI-HARD-VOTE-P01-L1-LOW-CAL-OFFICIAL-R2:8_PER_CLASS-MR01.json,0.5083333333333333,0.5057950417561308,0.5083333333333333,
P02-A4S-R1-Lee2019_MI-SSL-A4-C2-MULTI-HARD-VOTE-P01-L1-LOW-CAL-OFFICIAL-R2:8_PER_CLASS-MR02,Lee2019_MI,P01-L1-LOW-CAL-OFFICIAL-R2:8_PER_CLASS,8,SSL,A4-C2-MULTI-HARD-VOTE,C2,2,REUSED_PREDECESSOR_ANCHOR_REPEAT,SSL-CBRAMOD,/kaggle/working/iharq_p02_integrated_1_256_R1/runtime/supplements/stage18S_balanced_sensitivity_R1/metrics/P02-A4S-R1-Lee2019_MI-SSL-A4-C2-MULTI-HARD-VOTE-P01-L1-LOW-CAL-OFFICIAL-R2:8_PER_CLASS-MR02.json,0.51,0.5068438003220612,0.51,
P02-A4S-R1-Lee2019_MI-SSL-A4-C3-MULTI-PROB-AVG-FULL_TRAIN-MR01,Lee2019_MI,FULL_TRAIN,FULL,SSL,A4-C3-MULTI-PROB-AVG,C3,1,REUSED_PREDECESSOR_ANCHOR_REPEAT,SSL-CBRAMOD,/kaggle/working/iharq_p02_integrated_1_256_R1/runtime/supplements/stage18S_balanced_sensitivity_R1/metrics/P02-A4S-R1-Lee2019_MI-SSL-A4-C3-MULTI-PROB-AVG-FULL_TRAIN-MR01.json,0.6733333333333333,0.6730390684949787,0.6733333333333333,0.7538111111111112
P02-A4S-R1-Lee2019_MI-SSL-A4-C3-MULTI-PROB-AVG-FULL_TRAIN-MR02,Lee2019_MI,FULL_TRAIN,FULL,SSL,A4-C3-MULTI-PROB-AVG,C3,2,REUSED_PREDECESSOR_ANCHOR_REPEAT,SSL-CBRAMOD,/kaggle/working/iharq_p02_integrated_1_256_R1/runtime/supplements/stage18S_balanced_sensitivity_R1/metrics/P02-A4S-R1-Lee2019_MI-SSL-A4-C3-MULTI-PROB-AVG-FULL_TRAIN-MR02.json,0.6933333333333334,0.693057084709572,0.6933333333333334,0.7931777777777778
P02-A4S-R1-Lee2019_MI-SSL-A4-C3-MULTI-PROB-AVG-P01-L1-LOW-CAL-OFFICIAL-R2:128_PER_CLASS-MR00,Lee2019_MI,P01-L1-LOW-CAL-OFFICIAL-R2:128_PER_CLASS,128,SSL,A4-C3-MULTI-PROB-AVG,C3,0,NEW_HIGH_BUDGET_64_128_256,SSL-CBRAMOD,/kaggle/working/iharq_p02_integrated_1_256_R1/runtime/supplements/stage18S_balanced_sensitivity_R1/metrics/P02-A4S-R1-Lee2019_MI-SSL-A4-C3-MULTI-PROB-AVG-P01-L1-LOW-CAL-OFFICIAL-R2:128_PER_CLASS-MR00.json,0.5083333333333333,0.5081024147446996,0.5083333333333333,0.5204444444444445
P02-A4S-R1-Lee2019_MI-SSL-A4-C3-MULTI-PROB-AVG-P01-L1-LOW-CAL-OFFICIAL-R2:128_PER_CLASS-MR01,Lee2019_MI,P01-L1-LOW-CAL-OFFICIAL-R2:128_PER_CLASS,128,SSL,A4-C3-MULTI-PROB-AVG,C3,1,NEW_HIGH_BUDGET_64_128_256,SSL-CBRAMOD,/kaggle/working/iharq_p02_integrated_1_256_R1/runtime/supplements/stage18S_balanced_sensitivity_R1/metrics/P02-A4S-R1-Lee2019_MI-SSL-A4-C3-MULTI-PROB-AVG-P01-L1-LOW-CAL-OFFICIAL-R2:128_PER_CLASS-MR01.json,0.56,0.5599951110567896,0.56,0.5542
P02-A4S-R1-Lee2019_MI-SSL-A4-C3-MULTI-PROB-AVG-P01-L1-LOW-CAL-OFFICIAL-R2:128_PER_CLASS-MR02,Lee2019_MI,P01-L1-LOW-CAL-OFFICIAL-R2:128_PER_CLASS,128,SSL,A4-C3-MULTI-PROB-AVG,C3,2,NEW_HIGH_BUDGET_64_128_256,SSL-CBRAMOD,/kaggle/working/iharq_p02_integrated_1_256_R1/runtime/supplements/stage18S_balanced_sensitivity_R1/metrics/P02-A4S-R1-Lee2019_MI-SSL-A4-C3-MULTI-PROB-AVG-P01-L1-LOW-CAL-OFFICIAL-R2:128_PER_CLASS-MR02.json,0.5333333333333333,0.5308101345010947,0.5333333333333333,0.5234888888888889
P02-A4S-R1-Lee2019_MI-SSL-A4-C3-MULTI-PROB-AVG-P01-L1-LOW-CAL-OFFICIAL-R2:16_PER_CLASS-MR00,Lee2019_MI,P01-L1-LOW-CAL-OFFICIAL-R2:16_PER_CLASS,16,SSL,A4-C3-MULTI-PROB-AVG,C3,0,REUSED_PREDECESSOR_MR00_PROBE,SSL-CBRAMOD,/kaggle/working/iharq_p02_integrated_1_256_R1/runtime/supplements/stage18S_balanced_sensitivity_R1/metrics/P02-A4S-R1-Lee2019_MI-SSL-A4-C3-MULTI-PROB-AVG-P01-L1-LOW-CAL-OFFICIAL-R2:16_PER_CLASS-MR00.json,0.5233333333333333,0.5207560659546897,0.5233333333333333,0.5151222222222221
P02-A4S-R1-Lee2019_MI-SSL-A4-C3-MULTI-PROB-AVG-P01-L1-LOW-CAL-OFFICIAL-R2:1_PER_CLASS-MR01,Lee2019_MI,P01-L1-LOW-CAL-OFFICIAL-R2:1_PER_CLASS,1,SSL,A4-C3-MULTI-PROB-AVG,C3,1,REUSED_PREDECESSOR_ANCHOR_REPEAT,SSL-CBRAMOD,/kaggle/working/iharq_p02_integrated_1_256_R1/runtime/supplements/stage18S_balanced_sensitivity_R1/metrics/P02-A4S-R1-Lee2019_MI-SSL-A4-C3-MULTI-PROB-AVG-P01-L1-LOW-CAL-OFFICIAL-R2:1_PER_CLASS-MR01.json,0.5016666666666667,0.4428138830654554,0.5016666666666667,0.5018666666666667
P02-A4S-R1-Lee2019_MI-SSL-A4-C3-MULTI-PROB-AVG-P01-L1-LOW-CAL-OFFICIAL-R2:1_PER_CLASS-MR02,Lee2019_MI,P01-L1-LOW-CAL-OFFICIAL-R2:1_PER_CLASS,1,SSL,A4-C3-MULTI-PROB-AVG,C3,2,REUSED_PREDECESSOR_ANCHOR_REPEAT,SSL-CBRAMOD,/kaggle/working/iharq_p02_integrated_1_256_R1/runtime/supplements/stage18S_balanced_sensitivity_R1/metrics/P02-A4S-R1-Lee2019_MI-SSL-A4-C3-MULTI-PROB-AVG-P01-L1-LOW-CAL-OFFICIAL-R2:1_PER_CLASS-MR02.json,0.51,0.45538746526705776,0.51,0.4960777777777778
P02-A4S-R1-Lee2019_MI-SSL-A4-C3-MULTI-PROB-AVG-P01-L1-LOW-CAL-OFFICIAL-R2:256_PER_CLASS-MR00,Lee2019_MI,P01-L1-LOW-CAL-OFFICIAL-R2:256_PER_CLASS,256,SSL,A4-C3-MULTI-PROB-AVG,C3,0,NEW_HIGH_BUDGET_64_128_256,SSL-CBRAMOD,/kaggle/working/iharq_p02_integrated_1_256_R1/runtime/supplements/stage18S_balanced_sensitivity_R1/metrics/P02-A4S-R1-Lee2019_MI-SSL-A4-C3-MULTI-PROB-AVG-P01-L1-LOW-CAL-OFFICIAL-R2:256_PER_CLASS-MR00.json,0.565,0.5647956957571749,0.565,0.5928333333333333
P02-A4S-R1-Lee2019_MI-SSL-A4-C3-MULTI-PROB-AVG-P01-L1-LOW-CAL-OFFICIAL-R2:256_PER_CLASS-MR01,Lee2019_MI,P01-L1-LOW-CAL-OFFICIAL-R2:256_PER_CLASS,256,SSL,A4-C3-MULTI-PROB-AVG,C3,1,NEW_HIGH_BUDGET_64_128_256,SSL-CBRAMOD,/kaggle/working/iharq_p02_integrated_1_256_R1/runtime/supplements/stage18S_balanced_sensitivity_R1/metrics/P02-A4S-R1-Lee2019_MI-SSL-A4-C3-MULTI-PROB-AVG-P01-L1-LOW-CAL-OFFICIAL-R2:256_PER_CLASS-MR01.json,0.5766666666666667,0.5764972655728958,0.5766666666666667,0.6155555555555556
P02-A4S-R1-Lee2019_MI-SSL-A4-C3-MULTI-PROB-AVG-P01-L1-LOW-CAL-OFFICIAL-R2:256_PER_CLASS-MR02,Lee2019_MI,P01-L1-LOW-CAL-OFFICIAL-R2:256_PER_CLASS,256,SSL,A4-C3-MULTI-PROB-AVG,C3,2,NEW_HIGH_BUDGET_64_128_256,SSL-CBRAMOD,/kaggle/working/iharq_p02_integrated_1_256_R1/runtime/supplements/stage18S_balanced_sensitivity_R1/metrics/P02-A4S-R1-Lee2019_MI-SSL-A4-C3-MULTI-PROB-AVG-P01-L1-LOW-CAL-OFFICIAL-R2:256_PER_CLASS-MR02.json,0.5716666666666668,0.5714654935233485,0.5716666666666667,0.5855444444444444
P02-A4S-R1-Lee2019_MI-SSL-A4-C3-MULTI-PROB-AVG-P01-L1-LOW-CAL-OFFICIAL-R2:32_PER_CLASS-MR00,Lee2019_MI,P01-L1-LOW-CAL-OFFICIAL-R2:32_PER_CLASS,32,SSL,A4-C3-MULTI-PROB-AVG,C3,0,REUSED_PREDECESSOR_MR00_PROBE,SSL-CBRAMOD,/kaggle/working/iharq_p02_integrated_1_256_R1/runtime/supplements/stage18S_balanced_sensitivity_R1/metrics/P02-A4S-R1-Lee2019_MI-SSL-A4-C3-MULTI-PROB-AVG-P01-L1-LOW-CAL-OFFICIAL-R2:32_PER_CLASS-MR00.json,0.52,0.5189523851944234,0.52,0.5197777777777778
P02-A4S-R1-Lee2019_MI-SSL-A4-C3-MULTI-PROB-AVG-P01-L1-LOW-CAL-OFFICIAL-R2:4_PER_CLASS-MR00,Lee2019_MI,P01-L1-LOW-CAL-OFFICIAL-R2:4_PER_CLASS,4,SSL,A4-C3-MULTI-PROB-AVG,C3,0,REUSED_PREDECESSOR_MR00_PROBE,SSL-CBRAMOD,/kaggle/working/iharq_p02_integrated_1_256_R1/runtime/supplements/stage18S_balanced_sensitivity_R1/metrics/P02-A4S-R1-Lee2019_MI-SSL-A4-C3-MULTI-PROB-AVG-P01-L1-LOW-CAL-OFFICIAL-R2:4_PER_CLASS-MR00.json,0.51,0.5043607264880418,0.51,0.49468888888888884
P02-A4S-R1-Lee2019_MI-SSL-A4-C3-MULTI-PROB-AVG-P01-L1-LOW-CAL-OFFICIAL-R2:64_PER_CLASS-MR00,Lee2019_MI,P01-L1-LOW-CAL-OFFICIAL-R2:64_PER_CLASS,64,SSL,A4-C3-MULTI-PROB-AVG,C3,0,NEW_HIGH_BUDGET_64_128_256,SSL-CBRAMOD,/kaggle/working/iharq_p02_integrated_1_256_R1/runtime/supplements/stage18S_balanced_sensitivity_R1/metrics/P02-A4S-R1-Lee2019_MI-SSL-A4-C3-MULTI-PROB-AVG-P01-L1-LOW-CAL-OFFICIAL-R2:64_PER_CLASS-MR00.json,0.5133333333333333,0.5132467994310099,0.5133333333333333,0.5218666666666667
P02-A4S-R1-Lee2019_MI-SSL-A4-C3-MULTI-PROB-AVG-P01-L1-LOW-CAL-OFFICIAL-R2:64_PER_CLASS-MR01,Lee2019_MI,P01-L1-LOW-CAL-OFFICIAL-R2:64_PER_CLASS,64,SSL,A4-C3-MULTI-PROB-AVG,C3,1,NEW_HIGH_BUDGET_64_128_256,SSL-CBRAMOD,/kaggle/working/iharq_p02_integrated_1_256_R1/runtime/supplements/stage18S_balanced_sensitivity_R1/metrics/P02-A4S-R1-Lee2019_MI-SSL-A4-C3-MULTI-PROB-AVG-P01-L1-LOW-CAL-OFFICIAL-R2:64_PER_CLASS-MR01.json,0.515,0.5147722125108731,0.515,0.5323777777777777
P02-A4S-R1-Lee2019_MI-SSL-A4-C3-MULTI-PROB-AVG-P01-L1-LOW-CAL-OFFICIAL-R2:64_PER_CLASS-MR02,Lee2019_MI,P01-L1-LOW-CAL-OFFICIAL-R2:64_PER_CLASS,64,SSL,A4-C3-MULTI-PROB-AVG,C3,2,NEW_HIGH_BUDGET_64_128_256,SSL-CBRAMOD,/kaggle/working/iharq_p02_integrated_1_256_R1/runtime/supplements/stage18S_balanced_sensitivity_R1/metrics/P02-A4S-R1-Lee2019_MI-SSL-A4-C3-MULTI-PROB-AVG-P01-L1-LOW-CAL-OFFICIAL-R2:64_PER_CLASS-MR02.json,0.5166666666666666,0.5166451842304103,0.5166666666666667,0.5196666666666666
P02-A4S-R1-Lee2019_MI-SSL-A4-C3-MULTI-PROB-AVG-P01-L1-LOW-CAL-OFFICIAL-R2:8_PER_CLASS-MR01,Lee2019_MI,P01-L1-LOW-CAL-OFFICIAL-R2:8_PER_CLASS,8,SSL,A4-C3-MULTI-PROB-AVG,C3,1,REUSED_PREDECESSOR_ANCHOR_REPEAT,SSL-CBRAMOD,/kaggle/working/iharq_p02_integrated_1_256_R1/runtime/supplements/stage18S_balanced_sensitivity_R1/metrics/P02-A4S-R1-Lee2019_MI-SSL-A4-C3-MULTI-PROB-AVG-P01-L1-LOW-CAL-OFFICIAL-R2:8_PER_CLASS-MR01.json,0.5216666666666667,0.5144796163204772,0.5216666666666666,0.5296555555555555
P02-A4S-R1-Lee2019_MI-SSL-A4-C3-MULTI-PROB-AVG-P01-L1-LOW-CAL-OFFICIAL-R2:8_PER_CLASS-MR02,Lee2019_MI,P01-L1-LOW-CAL-OFFICIAL-R2:8_PER_CLASS,8,SSL,A4-C3-MULTI-PROB-AVG,C3,2,REUSED_PREDECESSOR_ANCHOR_REPEAT,SSL-CBRAMOD,/kaggle/working/iharq_p02_integrated_1_256_R1/runtime/supplements/stage18S_balanced_sensitivity_R1/metrics/P02-A4S-R1-Lee2019_MI-SSL-A4-C3-MULTI-PROB-AVG-P01-L1-LOW-CAL-OFFICIAL-R2:8_PER_CLASS-MR02.json,0.5183333333333333,0.5139467023217874,0.5183333333333333,0.5427555555555555
P02-A4S-R1-PhysioNetMI-NEURAL-A4-C1-LONG-3P5S-FULL_TRAIN-MR01,PhysioNetMI,FULL_TRAIN,FULL,NEURAL,A4-C1-LONG-3P5S,C1,1,REUSED_PREDECESSOR_ANCHOR_REPEAT,DNN-EEGNET,/kaggle/working/iharq_p02_integrated_1_256_R1/runtime/supplements/stage18S_balanced_sensitivity_R1/metrics/P02-A4S-R1-PhysioNetMI-NEURAL-A4-C1-LONG-3P5S-FULL_TRAIN-MR01.json,0.691699604743083,0.685,0.6888888888888889,0.7514617972756672
P02-A4S-R1-PhysioNetMI-NEURAL-A4-C1-LONG-3P5S-FULL_TRAIN-MR02,PhysioNetMI,FULL_TRAIN,FULL,NEURAL,A4-C1-LONG-3P5S,C1,2,REUSED_PREDECESSOR_ANCHOR_REPEAT,DNN-EEGNET,/kaggle/working/iharq_p02_integrated_1_256_R1/runtime/supplements/stage18S_balanced_sensitivity_R1/metrics/P02-A4S-R1-PhysioNetMI-NEURAL-A4-C1-LONG-3P5S-FULL_TRAIN-MR02.json,0.6696909809558032,0.6694930875576037,0.6707070707070707,0.7347532094208344
P02-A4S-R1-PhysioNetMI-NEURAL-A4-C1-LONG-3P5S-P01-L1-LOW-CAL-OFFICIAL-R2:128_PER_CLASS-MR00,PhysioNetMI,P01-L1-LOW-CAL-OFFICIAL-R2:128_PER_CLASS,128,NEURAL,A4-C1-LONG-3P5S,C1,0,NEW_HIGH_BUDGET_64_128_256,DNN-EEGNET,/kaggle/working/iharq_p02_integrated_1_256_R1/runtime/supplements/stage18S_balanced_sensitivity_R1/metrics/P02-A4S-R1-PhysioNetMI-NEURAL-A4-C1-LONG-3P5S-P01-L1-LOW-CAL-OFFICIAL-R2:128_PER_CLASS-MR00.json,0.5697089471793029,0.5649763453577765,0.5676767676767677,0.5915950739881749
P02-A4S-R1-PhysioNetMI-NEURAL-A4-C1-LONG-3P5S-P01-L1-LOW-CAL-OFFICIAL-R2:128_PER_CLASS-MR01,PhysioNetMI,P01-L1-LOW-CAL-OFFICIAL-R2:128_PER_CLASS,128,NEURAL,A4-C1-LONG-3P5S,C1,1,NEW_HIGH_BUDGET_64_128_256,DNN-EEGNET,/kaggle/working/iharq_p02_integrated_1_256_R1/runtime/supplements/stage18S_balanced_sensitivity_R1/metrics/P02-A4S-R1-PhysioNetMI-NEURAL-A4-C1-LONG-3P5S-P01-L1-LOW-CAL-OFFICIAL-R2:128_PER_CLASS-MR01.json,0.5889328063241106,0.5885825885088909,0.5898989898989899,0.6074870153202887
P02-A4S-R1-PhysioNetMI-NEURAL-A4-C1-LONG-3P5S-P01-L1-LOW-CAL-OFFICIAL-R2:128_PER_CLASS-MR02,PhysioNetMI,P01-L1-LOW-CAL-OFFICIAL-R2:128_PER_CLASS,128,NEURAL,A4-C1-LONG-3P5S,C1,2,NEW_HIGH_BUDGET_64_128_256,DNN-EEGNET,/kaggle/working/iharq_p02_integrated_1_256_R1/runtime/supplements/stage18S_balanced_sensitivity_R1/metrics/P02-A4S-R1-PhysioNetMI-NEURAL-A4-C1-LONG-3P5S-P01-L1-LOW-CAL-OFFICIAL-R2:128_PER_CLASS-MR02.json,0.5268595041322315,0.51203007518797,0.5232323232323233,0.5576552445039689
P02-A4S-R1-PhysioNetMI-NEURAL-A4-C1-LONG-3P5S-P01-L1-LOW-CAL-OFFICIAL-R2:16_PER_CLASS-MR00,PhysioNetMI,P01-L1-LOW-CAL-OFFICIAL-R2:16_PER_CLASS,16,NEURAL,A4-C1-LONG-3P5S,C1,0,REUSED_PREDECESSOR_MR00_PROBE,DNN-EEGNET,/kaggle/working/iharq_p02_integrated_1_256_R1/runtime/supplements/stage18S_balanced_sensitivity_R1/metrics/P02-A4S-R1-PhysioNetMI-NEURAL-A4-C1-LONG-3P5S-P01-L1-LOW-CAL-OFFICIAL-R2:16_PER_CLASS-MR00.json,0.4944304707150557,0.49130162421542656,0.49292929292929294,0.5104040766994414
P02-A4S-R1-PhysioNetMI-NEURAL-A4-C1-LONG-3P5S-P01-L1-LOW-CAL-OFFICIAL-R2:1_PER_CLASS-MR01,PhysioNetMI,P01-L1-LOW-CAL-OFFICIAL-R2:1_PER_CLASS,1,NEURAL,A4-C1-LONG-3P5S,C1,1,REUSED_PREDECESSOR_ANCHOR_REPEAT,DNN-EEGNET,/kaggle/working/iharq_p02_integrated_1_256_R1/runtime/supplements/stage18S_balanced_sensitivity_R1/metrics/P02-A4S-R1-PhysioNetMI-NEURAL-A4-C1-LONG-3P5S-P01-L1-LOW-CAL-OFFICIAL-R2:1_PER_CLASS-MR01.json,0.49748472871002514,0.387102667153818,0.5070707070707071,0.5169209159507399
P02-A4S-R1-PhysioNetMI-NEURAL-A4-C1-LONG-3P5S-P01-L1-LOW-CAL-OFFICIAL-R2:1_PER_CLASS-MR02,PhysioNetMI,P01-L1-LOW-CAL-OFFICIAL-R2:1_PER_CLASS,1,NEURAL,A4-C1-LONG-3P5S,C1,2,REUSED_PREDECESSOR_ANCHOR_REPEAT,DNN-EEGNET,/kaggle/working/iharq_p02_integrated_1_256_R1/runtime/supplements/stage18S_balanced_sensitivity_R1/metrics/P02-A4S-R1-PhysioNetMI-NEURAL-A4-C1-LONG-3P5S-P01-L1-LOW-CAL-OFFICIAL-R2:1_PER_CLASS-MR02.json,0.4845490477901545,0.4031302693588136,0.49292929292929294,0.4859046810178682
P02-A4S-R1-PhysioNetMI-NEURAL-A4-C1-LONG-3P5S-P01-L1-LOW-CAL-OFFICIAL-R2:256_PER_CLASS-MR00,PhysioNetMI,P01-L1-LOW-CAL-OFFICIAL-R2:256_PER_CLASS,256,NEURAL,A4-C1-LONG-3P5S,C1,0,NEW_HIGH_BUDGET_64_128_256,DNN-EEGNET,/kaggle/working/iharq_p02_integrated_1_256_R1/runtime/supplements/stage18S_balanced_sensitivity_R1/metrics/P02-A4S-R1-PhysioNetMI-NEURAL-A4-C1-LONG-3P5S-P01-L1-LOW-CAL-OFFICIAL-R2:256_PER_CLASS-MR00.json,0.5976464247215235,0.594368690179625,0.5959595959595959,0.6186750726815405
P02-A4S-R1-PhysioNetMI-NEURAL-A4-C1-LONG-3P5S-P01-L1-LOW-CAL-OFFICIAL-R2:256_PER_CLASS-MR01,PhysioNetMI,P01-L1-LOW-CAL-OFFICIAL-R2:256_PER_CLASS,256,NEURAL,A4-C1-LONG-3P5S,C1,1,NEW_HIGH_BUDGET_64_128_256,DNN-EEGNET,/kaggle/working/iharq_p02_integrated_1_256_R1/runtime/supplements/stage18S_balanced_sensitivity_R1/metrics/P02-A4S-R1-PhysioNetMI-NEURAL-A4-C1-LONG-3P5S-P01-L1-LOW-CAL-OFFICIAL-R2:256_PER_CLASS-MR01.json,0.6206431908012935,0.6194827777572237,0.6222222222222222,0.6652402574069839
P02-A4S-R1-PhysioNetMI-NEURAL-A4-C1-LONG-3P5S-P01-L1-LOW-CAL-OFFICIAL-R2:256_PER_CLASS-MR02,PhysioNetMI,P01-L1-LOW-CAL-OFFICIAL-R2:256_PER_CLASS,256,NEURAL,A4-C1-LONG-3P5S,C1,2,NEW_HIGH_BUDGET_64_128_256,DNN-EEGNET,/kaggle/working/iharq_p02_integrated_1_256_R1/runtime/supplements/stage18S_balanced_sensitivity_R1/metrics/P02-A4S-R1-PhysioNetMI-NEURAL-A4-C1-LONG-3P5S-P01-L1-LOW-CAL-OFFICIAL-R2:256_PER_CLASS-MR02.json,0.5922565576715775,0.5907054617856011,0.593939393939394,0.6380295952699834
P02-A4S-R1-PhysioNetMI-NEURAL-A4-C1-LONG-3P5S-P01-L1-LOW-CAL-OFFICIAL-R2:32_PER_CLASS-MR00,PhysioNetMI,P01-L1-LOW-CAL-OFFICIAL-R2:32_PER_CLASS,32,NEURAL,A4-C1-LONG-3P5S,C1,0,REUSED_PREDECESSOR_MR00_PROBE,DNN-EEGNET,/kaggle/working/iharq_p02_integrated_1_256_R1/runtime/supplements/stage18S_balanced_sensitivity_R1/metrics/P02-A4S-R1-PhysioNetMI-NEURAL-A4-C1-LONG-3P5S-P01-L1-LOW-CAL-OFFICIAL-R2:32_PER_CLASS-MR00.json,0.5008084800574919,0.37253521126760564,0.4909090909090909,0.49318916800052265
P02-A4S-R1-PhysioNetMI-NEURAL-A4-C1-LONG-3P5S-P01-L1-LOW-CAL-OFFICIAL-R2:4_PER_CLASS-MR00,PhysioNetMI,P01-L1-LOW-CAL-OFFICIAL-R2:4_PER_CLASS,4,NEURAL,A4-C1-LONG-3P5S,C1,0,REUSED_PREDECESSOR_MR00_PROBE,DNN-EEGNET,/kaggle/working/iharq_p02_integrated_1_256_R1/runtime/supplements/stage18S_balanced_sensitivity_R1/metrics/P02-A4S-R1-PhysioNetMI-NEURAL-A4-C1-LONG-3P5S-P01-L1-LOW-CAL-OFFICIAL-R2:4_PER_CLASS-MR00.json,0.5229069349622709,0.5192027901524994,0.5212121212121212,0.5103714108385327
P02-A4S-R1-PhysioNetMI-NEURAL-A4-C1-LONG-3P5S-P01-L1-LOW-CAL-OFFICIAL-R2:64_PER_CLASS-MR00,PhysioNetMI,P01-L1-LOW-CAL-OFFICIAL-R2:64_PER_CLASS,64,NEURAL,A4-C1-LONG-3P5S,C1,0,NEW_HIGH_BUDGET_64_128_256,DNN-EEGNET,/kaggle/working/iharq_p02_integrated_1_256_R1/runtime/supplements/stage18S_balanced_sensitivity_R1/metrics/P02-A4S-R1-PhysioNetMI-NEURAL-A4-C1-LONG-3P5S-P01-L1-LOW-CAL-OFFICIAL-R2:64_PER_CLASS-MR00.json,0.5334171757096658,0.5200665568675933,0.5373737373737374,0.5749518178551596
P02-A4S-R1-PhysioNetMI-NEURAL-A4-C1-LONG-3P5S-P01-L1-LOW-CAL-OFFICIAL-R2:64_PER_CLASS-MR01,PhysioNetMI,P01-L1-LOW-CAL-OFFICIAL-R2:64_PER_CLASS,64,NEURAL,A4-C1-LONG-3P5S,C1,1,NEW_HIGH_BUDGET_64_128_256,DNN-EEGNET,/kaggle/working/iharq_p02_integrated_1_256_R1/runtime/supplements/stage18S_balanced_sensitivity_R1/metrics/P02-A4S-R1-PhysioNetMI-NEURAL-A4-C1-LONG-3P5S-P01-L1-LOW-CAL-OFFICIAL-R2:64_PER_CLASS-MR01.json,0.5533596837944664,0.5387511966812041,0.5575757575757576,0.5699866069970274
P02-A4S-R1-PhysioNetMI-NEURAL-A4-C1-LONG-3P5S-P01-L1-LOW-CAL-OFFICIAL-R2:64_PER_CLASS-MR02,PhysioNetMI,P01-L1-LOW-CAL-OFFICIAL-R2:64_PER_CLASS,64,NEURAL,A4-C1-LONG-3P5S,C1,2,NEW_HIGH_BUDGET_64_128_256,DNN-EEGNET,/kaggle/working/iharq_p02_integrated_1_256_R1/runtime/supplements/stage18S_balanced_sensitivity_R1/metrics/P02-A4S-R1-PhysioNetMI-NEURAL-A4-C1-LONG-3P5S-P01-L1-LOW-CAL-OFFICIAL-R2:64_PER_CLASS-MR02.json,0.4917355371900826,0.4908012672079213,0.49292929292929294,0.5269493352497305
P02-A4S-R1-PhysioNetMI-NEURAL-A4-C1-LONG-3P5S-P01-L1-LOW-CAL-OFFICIAL-R2:8_PER_CLASS-MR01,PhysioNetMI,P01-L1-LOW-CAL-OFFICIAL-R2:8_PER_CLASS,8,NEURAL,A4-C1-LONG-3P5S,C1,1,REUSED_PREDECESSOR_ANCHOR_REPEAT,DNN-EEGNET,/kaggle/working/iharq_p02_integrated_1_256_R1/runtime/supplements/stage18S_balanced_sensitivity_R1/metrics/P02-A4S-R1-PhysioNetMI-NEURAL-A4-C1-LONG-3P5S-P01-L1-LOW-CAL-OFFICIAL-R2:8_PER_CLASS-MR01.json,0.5001796622349982,0.4931824992508241,0.503030303030303,0.49988566948681934
P02-A4S-R1-PhysioNetMI-NEURAL-A4-C1-LONG-3P5S-P01-L1-LOW-CAL-OFFICIAL-R2:8_PER_CLASS-MR02,PhysioNetMI,P01-L1-LOW-CAL-OFFICIAL-R2:8_PER_CLASS,8,NEURAL,A4-C1-LONG-3P5S,C1,2,REUSED_PREDECESSOR_ANCHOR_REPEAT,DNN-EEGNET,/kaggle/working/iharq_p02_integrated_1_256_R1/runtime/supplements/stage18S_balanced_sensitivity_R1/metrics/P02-A4S-R1-PhysioNetMI-NEURAL-A4-C1-LONG-3P5S-P01-L1-LOW-CAL-OFFICIAL-R2:8_PER_CLASS-MR02.json,0.5,0.3382352941176471,0.5111111111111111,0.49990200241727367
P02-A4S-R1-PhysioNetMI-NEURAL-A4-C2-MULTI-HARD-VOTE-FULL_TRAIN-MR01,PhysioNetMI,FULL_TRAIN,FULL,NEURAL,A4-C2-MULTI-HARD-VOTE,C2,1,REUSED_PREDECESSOR_ANCHOR_REPEAT,DNN-EEGNET,/kaggle/working/iharq_p02_integrated_1_256_R1/runtime/supplements/stage18S_balanced_sensitivity_R1/metrics/P02-A4S-R1-PhysioNetMI-NEURAL-A4-C2-MULTI-HARD-VOTE-FULL_TRAIN-MR01.json,0.6436399568810636,0.6435351882160393,0.6444444444444445,
P02-A4S-R1-PhysioNetMI-NEURAL-A4-C2-MULTI-HARD-VOTE-FULL_TRAIN-MR02,PhysioNetMI,FULL_TRAIN,FULL,NEURAL,A4-C2-MULTI-HARD-VOTE,C2,2,REUSED_PREDECESSOR_ANCHOR_REPEAT,DNN-EEGNET,/kaggle/working/iharq_p02_integrated_1_256_R1/runtime/supplements/stage18S_balanced_sensitivity_R1/metrics/P02-A4S-R1-PhysioNetMI-NEURAL-A4-C2-MULTI-HARD-VOTE-FULL_TRAIN-MR02.json,0.6632231404958677,0.6625766871165644,0.6626262626262627,
P02-A4S-R1-PhysioNetMI-NEURAL-A4-C2-MULTI-HARD-VOTE-P01-L1-LOW-CAL-OFFICIAL-R2:128_PER_CLASS-MR00,PhysioNetMI,P01-L1-LOW-CAL-OFFICIAL-R2:128_PER_CLASS,128,NEURAL,A4-C2-MULTI-HARD-VOTE,C2,0,NEW_HIGH_BUDGET_64_128_256,DNN-EEGNET,/kaggle/working/iharq_p02_integrated_1_256_R1/runtime/supplements/stage18S_balanced_sensitivity_R1/metrics/P02-A4S-R1-PhysioNetMI-NEURAL-A4-C2-MULTI-HARD-VOTE-P01-L1-LOW-CAL-OFFICIAL-R2:128_PER_CLASS-MR00.json,0.5846209126841537,0.5763966116689887,0.5818181818181818,
P02-A4S-R1-PhysioNetMI-NEURAL-A4-C2-MULTI-HARD-VOTE-P01-L1-LOW-CAL-OFFICIAL-R2:128_PER_CLASS-MR01,PhysioNetMI,P01-L1-LOW-CAL-OFFICIAL-R2:128_PER_CLASS,128,NEURAL,A4-C2-MULTI-HARD-VOTE,C2,1,NEW_HIGH_BUDGET_64_128_256,DNN-EEGNET,/kaggle/working/iharq_p02_integrated_1_256_R1/runtime/supplements/stage18S_balanced_sensitivity_R1/metrics/P02-A4S-R1-PhysioNetMI-NEURAL-A4-C2-MULTI-HARD-VOTE-P01-L1-LOW-CAL-OFFICIAL-R2:128_PER_CLASS-MR01.json,0.5433884297520661,0.5433430213571941,0.5434343434343434,
P02-A4S-R1-PhysioNetMI-NEURAL-A4-C2-MULTI-HARD-VOTE-P01-L1-LOW-CAL-OFFICIAL-R2:128_PER_CLASS-MR02,PhysioNetMI,P01-L1-LOW-CAL-OFFICIAL-R2:128_PER_CLASS,128,NEURAL,A4-C2-MULTI-HARD-VOTE,C2,2,NEW_HIGH_BUDGET_64_128_256,DNN-EEGNET,/kaggle/working/iharq_p02_integrated_1_256_R1/runtime/supplements/stage18S_balanced_sensitivity_R1/metrics/P02-A4S-R1-PhysioNetMI-NEURAL-A4-C2-MULTI-HARD-VOTE-P01-L1-LOW-CAL-OFFICIAL-R2:128_PER_CLASS-MR02.json,0.5599173553719008,0.5537217641174267,0.5575757575757576,
P02-A4S-R1-PhysioNetMI-NEURAL-A4-C2-MULTI-HARD-VOTE-P01-L1-LOW-CAL-OFFICIAL-R2:16_PER_CLASS-MR00,PhysioNetMI,P01-L1-LOW-CAL-OFFICIAL-R2:16_PER_CLASS,16,NEURAL,A4-C2-MULTI-HARD-VOTE,C2,0,REUSED_PREDECESSOR_MR00_PROBE,DNN-EEGNET,/kaggle/working/iharq_p02_integrated_1_256_R1/runtime/supplements/stage18S_balanced_sensitivity_R1/metrics/P02-A4S-R1-PhysioNetMI-NEURAL-A4-C2-MULTI-HARD-VOTE-P01-L1-LOW-CAL-OFFICIAL-R2:16_PER_CLASS-MR00.json,0.5271289974847287,0.49018899723125076,0.5333333333333333,
P02-A4S-R1-PhysioNetMI-NEURAL-A4-C2-MULTI-HARD-VOTE-P01-L1-LOW-CAL-OFFICIAL-R2:1_PER_CLASS-MR01,PhysioNetMI,P01-L1-LOW-CAL-OFFICIAL-R2:1_PER_CLASS,1,NEURAL,A4-C2-MULTI-HARD-VOTE,C2,1,REUSED_PREDECESSOR_ANCHOR_REPEAT,DNN-EEGNET,/kaggle/working/iharq_p02_integrated_1_256_R1/runtime/supplements/stage18S_balanced_sensitivity_R1/metrics/P02-A4S-R1-PhysioNetMI-NEURAL-A4-C2-MULTI-HARD-VOTE-P01-L1-LOW-CAL-OFFICIAL-R2:1_PER_CLASS-MR01.json,0.5030542579949695,0.5029795918367347,0.503030303030303,
P02-A4S-R1-PhysioNetMI-NEURAL-A4-C2-MULTI-HARD-VOTE-P01-L1-LOW-CAL-OFFICIAL-R2:1_PER_CLASS-MR02,PhysioNetMI,P01-L1-LOW-CAL-OFFICIAL-R2:1_PER_CLASS,1,NEURAL,A4-C2-MULTI-HARD-VOTE,C2,2,REUSED_PREDECESSOR_ANCHOR_REPEAT,DNN-EEGNET,/kaggle/working/iharq_p02_integrated_1_256_R1/runtime/supplements/stage18S_balanced_sensitivity_R1/metrics/P02-A4S-R1-PhysioNetMI-NEURAL-A4-C2-MULTI-HARD-VOTE-P01-L1-LOW-CAL-OFFICIAL-R2:1_PER_CLASS-MR02.json,0.5012576356449874,0.4342857142857143,0.509090909090909,
P02-A4S-R1-PhysioNetMI-NEURAL-A4-C2-MULTI-HARD-VOTE-P01-L1-LOW-CAL-OFFICIAL-R2:256_PER_CLASS-MR00,PhysioNetMI,P01-L1-LOW-CAL-OFFICIAL-R2:256_PER_CLASS,256,NEURAL,A4-C2-MULTI-HARD-VOTE,C2,0,NEW_HIGH_BUDGET_64_128_256,DNN-EEGNET,/kaggle/working/iharq_p02_integrated_1_256_R1/runtime/supplements/stage18S_balanced_sensitivity_R1/metrics/P02-A4S-R1-PhysioNetMI-NEURAL-A4-C2-MULTI-HARD-VOTE-P01-L1-LOW-CAL-OFFICIAL-R2:256_PER_CLASS-MR00.json,0.578512396694215,0.5776866283839213,0.5797979797979798,
P02-A4S-R1-PhysioNetMI-NEURAL-A4-C2-MULTI-HARD-VOTE-P01-L1-LOW-CAL-OFFICIAL-R2:256_PER_CLASS-MR01,PhysioNetMI,P01-L1-LOW-CAL-OFFICIAL-R2:256_PER_CLASS,256,NEURAL,A4-C2-MULTI-HARD-VOTE,C2,1,NEW_HIGH_BUDGET_64_128_256,DNN-EEGNET,/kaggle/working/iharq_p02_integrated_1_256_R1/runtime/supplements/stage18S_balanced_sensitivity_R1/metrics/P02-A4S-R1-PhysioNetMI-NEURAL-A4-C2-MULTI-HARD-VOTE-P01-L1-LOW-CAL-OFFICIAL-R2:256_PER_CLASS-MR01.json,0.6104024434063959,0.6088888888888889,0.6121212121212121,
P02-A4S-R1-PhysioNetMI-NEURAL-A4-C2-MULTI-HARD-VOTE-P01-L1-LOW-CAL-OFFICIAL-R2:256_PER_CLASS-MR02,PhysioNetMI,P01-L1-LOW-CAL-OFFICIAL-R2:256_PER_CLASS,256,NEURAL,A4-C2-MULTI-HARD-VOTE,C2,2,NEW_HIGH_BUDGET_64_128_256,DNN-EEGNET,/kaggle/working/iharq_p02_integrated_1_256_R1/runtime/supplements/stage18S_balanced_sensitivity_R1/metrics/P02-A4S-R1-PhysioNetMI-NEURAL-A4-C2-MULTI-HARD-VOTE-P01-L1-LOW-CAL-OFFICIAL-R2:256_PER_CLASS-MR02.json,0.603395616241466,0.601082434372814,0.602020202020202,
P02-A4S-R1-PhysioNetMI-NEURAL-A4-C2-MULTI-HARD-VOTE-P01-L1-LOW-CAL-OFFICIAL-R2:32_PER_CLASS-MR00,PhysioNetMI,P01-L1-LOW-CAL-OFFICIAL-R2:32_PER_CLASS,32,NEURAL,A4-C2-MULTI-HARD-VOTE,C2,0,REUSED_PREDECESSOR_MR00_PROBE,DNN-EEGNET,/kaggle/working/iharq_p02_integrated_1_256_R1/runtime/supplements/stage18S_balanced_sensitivity_R1/metrics/P02-A4S-R1-PhysioNetMI-NEURAL-A4-C2-MULTI-HARD-VOTE-P01-L1-LOW-CAL-OFFICIAL-R2:32_PER_CLASS-MR00.json,0.48832195472511675,0.46758455783100006,0.49292929292929294,
P02-A4S-R1-PhysioNetMI-NEURAL-A4-C2-MULTI-HARD-VOTE-P01-L1-LOW-CAL-OFFICIAL-R2:4_PER_CLASS-MR00,PhysioNetMI,P01-L1-LOW-CAL-OFFICIAL-R2:4_PER_CLASS,4,NEURAL,A4-C2-MULTI-HARD-VOTE,C2,0,REUSED_PREDECESSOR_MR00_PROBE,DNN-EEGNET,/kaggle/working/iharq_p02_integrated_1_256_R1/runtime/supplements/stage18S_balanced_sensitivity_R1/metrics/P02-A4S-R1-PhysioNetMI-NEURAL-A4-C2-MULTI-HARD-VOTE-P01-L1-LOW-CAL-OFFICIAL-R2:4_PER_CLASS-MR00.json,0.4882321236076177,0.3364324324324324,0.498989898989899,
P02-A4S-R1-PhysioNetMI-NEURAL-A4-C2-MULTI-HARD-VOTE-P01-L1-LOW-CAL-OFFICIAL-R2:64_PER_CLASS-MR00,PhysioNetMI,P01-L1-LOW-CAL-OFFICIAL-R2:64_PER_CLASS,64,NEURAL,A4-C2-MULTI-HARD-VOTE,C2,0,NEW_HIGH_BUDGET_64_128_256,DNN-EEGNET,/kaggle/working/iharq_p02_integrated_1_256_R1/runtime/supplements/stage18S_balanced_sensitivity_R1/metrics/P02-A4S-R1-PhysioNetMI-NEURAL-A4-C2-MULTI-HARD-VOTE-P01-L1-LOW-CAL-OFFICIAL-R2:64_PER_CLASS-MR00.json,0.5565936040244341,0.5295321437133952,0.5515151515151515,
P02-A4S-R1-PhysioNetMI-NEURAL-A4-C2-MULTI-HARD-VOTE-P01-L1-LOW-CAL-OFFICIAL-R2:64_PER_CLASS-MR01,PhysioNetMI,P01-L1-LOW-CAL-OFFICIAL-R2:64_PER_CLASS,64,NEURAL,A4-C2-MULTI-HARD-VOTE,C2,1,NEW_HIGH_BUDGET_64_128_256,DNN-EEGNET,/kaggle/working/iharq_p02_integrated_1_256_R1/runtime/supplements/stage18S_balanced_sensitivity_R1/metrics/P02-A4S-R1-PhysioNetMI-NEURAL-A4-C2-MULTI-HARD-VOTE-P01-L1-LOW-CAL-OFFICIAL-R2:64_PER_CLASS-MR01.json,0.5374595759971255,0.5321437964363206,0.5353535353535354,
P02-A4S-R1-PhysioNetMI-NEURAL-A4-C2-MULTI-HARD-VOTE-P01-L1-LOW-CAL-OFFICIAL-R2:64_PER_CLASS-MR02,PhysioNetMI,P01-L1-LOW-CAL-OFFICIAL-R2:64_PER_CLASS,64,NEURAL,A4-C2-MULTI-HARD-VOTE,C2,2,NEW_HIGH_BUDGET_64_128_256,DNN-EEGNET,/kaggle/working/iharq_p02_integrated_1_256_R1/runtime/supplements/stage18S_balanced_sensitivity_R1/metrics/P02-A4S-R1-PhysioNetMI-NEURAL-A4-C2-MULTI-HARD-VOTE-P01-L1-LOW-CAL-OFFICIAL-R2:64_PER_CLASS-MR02.json,0.4939813151275602,0.3977029914529915,0.503030303030303,
P02-A4S-R1-PhysioNetMI-NEURAL-A4-C2-MULTI-HARD-VOTE-P01-L1-LOW-CAL-OFFICIAL-R2:8_PER_CLASS-MR01,PhysioNetMI,P01-L1-LOW-CAL-OFFICIAL-R2:8_PER_CLASS,8,NEURAL,A4-C2-MULTI-HARD-VOTE,C2,1,REUSED_PREDECESSOR_ANCHOR_REPEAT,DNN-EEGNET,/kaggle/working/iharq_p02_integrated_1_256_R1/runtime/supplements/stage18S_balanced_sensitivity_R1/metrics/P02-A4S-R1-PhysioNetMI-NEURAL-A4-C2-MULTI-HARD-VOTE-P01-L1-LOW-CAL-OFFICIAL-R2:8_PER_CLASS-MR01.json,0.4981135465325189,0.34099438433091356,0.509090909090909,
P02-A4S-R1-PhysioNetMI-NEURAL-A4-C2-MULTI-HARD-VOTE-P01-L1-LOW-CAL-OFFICIAL-R2:8_PER_CLASS-MR02,PhysioNetMI,P01-L1-LOW-CAL-OFFICIAL-R2:8_PER_CLASS,8,NEURAL,A4-C2-MULTI-HARD-VOTE,C2,2,REUSED_PREDECESSOR_ANCHOR_REPEAT,DNN-EEGNET,/kaggle/working/iharq_p02_integrated_1_256_R1/runtime/supplements/stage18S_balanced_sensitivity_R1/metrics/P02-A4S-R1-PhysioNetMI-NEURAL-A4-C2-MULTI-HARD-VOTE-P01-L1-LOW-CAL-OFFICIAL-R2:8_PER_CLASS-MR02.json,0.503593244699964,0.5021163391233306,0.5050505050505051,
P02-A4S-R1-PhysioNetMI-NEURAL-A4-C3-MULTI-PROB-AVG-FULL_TRAIN-MR01,PhysioNetMI,FULL_TRAIN,FULL,NEURAL,A4-C3-MULTI-PROB-AVG,C3,1,REUSED_PREDECESSOR_ANCHOR_REPEAT,DNN-EEGNET,/kaggle/working/iharq_p02_integrated_1_256_R1/runtime/supplements/stage18S_balanced_sensitivity_R1/metrics/P02-A4S-R1-PhysioNetMI-NEURAL-A4-C3-MULTI-PROB-AVG-FULL_TRAIN-MR01.json,0.6623248293208768,0.6623561751263127,0.6626262626262627,0.7356515205958253
P02-A4S-R1-PhysioNetMI-NEURAL-A4-C3-MULTI-PROB-AVG-FULL_TRAIN-MR02,PhysioNetMI,FULL_TRAIN,FULL,NEURAL,A4-C3-MULTI-PROB-AVG,C3,2,REUSED_PREDECESSOR_ANCHOR_REPEAT,DNN-EEGNET,/kaggle/working/iharq_p02_integrated_1_256_R1/runtime/supplements/stage18S_balanced_sensitivity_R1/metrics/P02-A4S-R1-PhysioNetMI-NEURAL-A4-C3-MULTI-PROB-AVG-FULL_TRAIN-MR02.json,0.6896334890406037,0.6887860082304527,0.6888888888888889,0.7437689870316533
P02-A4S-R1-PhysioNetMI-NEURAL-A4-C3-MULTI-PROB-AVG-P01-L1-LOW-CAL-OFFICIAL-R2:128_PER_CLASS-MR00,PhysioNetMI,P01-L1-LOW-CAL-OFFICIAL-R2:128_PER_CLASS,128,NEURAL,A4-C3-MULTI-PROB-AVG,C3,0,NEW_HIGH_BUDGET_64_128_256,DNN-EEGNET,/kaggle/working/iharq_p02_integrated_1_256_R1/runtime/supplements/stage18S_balanced_sensitivity_R1/metrics/P02-A4S-R1-PhysioNetMI-NEURAL-A4-C3-MULTI-PROB-AVG-P01-L1-LOW-CAL-OFFICIAL-R2:128_PER_CLASS-MR00.json,0.5568630973769313,0.5449478163568371,0.5535353535353535,0.5737105151406265
P02-A4S-R1-PhysioNetMI-NEURAL-A4-C3-MULTI-PROB-AVG-P01-L1-LOW-CAL-OFFICIAL-R2:128_PER_CLASS-MR01,PhysioNetMI,P01-L1-LOW-CAL-OFFICIAL-R2:128_PER_CLASS,128,NEURAL,A4-C3-MULTI-PROB-AVG,C3,1,NEW_HIGH_BUDGET_64_128_256,DNN-EEGNET,/kaggle/working/iharq_p02_integrated_1_256_R1/runtime/supplements/stage18S_balanced_sensitivity_R1/metrics/P02-A4S-R1-PhysioNetMI-NEURAL-A4-C3-MULTI-PROB-AVG-P01-L1-LOW-CAL-OFFICIAL-R2:128_PER_CLASS-MR01.json,0.554707150556953,0.5436461794019933,0.5515151515151515,0.5554829647535361
P02-A4S-R1-PhysioNetMI-NEURAL-A4-C3-MULTI-PROB-AVG-P01-L1-LOW-CAL-OFFICIAL-R2:128_PER_CLASS-MR02,PhysioNetMI,P01-L1-LOW-CAL-OFFICIAL-R2:128_PER_CLASS,128,NEURAL,A4-C3-MULTI-PROB-AVG,C3,2,NEW_HIGH_BUDGET_64_128_256,DNN-EEGNET,/kaggle/working/iharq_p02_integrated_1_256_R1/runtime/supplements/stage18S_balanced_sensitivity_R1/metrics/P02-A4S-R1-PhysioNetMI-NEURAL-A4-C3-MULTI-PROB-AVG-P01-L1-LOW-CAL-OFFICIAL-R2:128_PER_CLASS-MR02.json,0.5590190441969098,0.5563517755341745,0.5575757575757576,0.5767974389965047
P02-A4S-R1-PhysioNetMI-NEURAL-A4-C3-MULTI-PROB-AVG-P01-L1-LOW-CAL-OFFICIAL-R2:16_PER_CLASS-MR00,PhysioNetMI,P01-L1-LOW-CAL-OFFICIAL-R2:16_PER_CLASS,16,NEURAL,A4-C3-MULTI-PROB-AVG,C3,0,REUSED_PREDECESSOR_MR00_PROBE,DNN-EEGNET,/kaggle/working/iharq_p02_integrated_1_256_R1/runtime/supplements/stage18S_balanced_sensitivity_R1/metrics/P02-A4S-R1-PhysioNetMI-NEURAL-A4-C3-MULTI-PROB-AVG-P01-L1-LOW-CAL-OFFICIAL-R2:16_PER_CLASS-MR00.json,0.5373697448796263,0.5031180044771346,0.5434343434343434,0.5439192499918335
P02-A4S-R1-PhysioNetMI-NEURAL-A4-C3-MULTI-PROB-AVG-P01-L1-LOW-CAL-OFFICIAL-R2:1_PER_CLASS-MR01,PhysioNetMI,P01-L1-LOW-CAL-OFFICIAL-R2:1_PER_CLASS,1,NEURAL,A4-C3-MULTI-PROB-AVG,C3,1,REUSED_PREDECESSOR_ANCHOR_REPEAT,DNN-EEGNET,/kaggle/working/iharq_p02_integrated_1_256_R1/runtime/supplements/stage18S_balanced_sensitivity_R1/metrics/P02-A4S-R1-PhysioNetMI-NEURAL-A4-C3-MULTI-PROB-AVG-P01-L1-LOW-CAL-OFFICIAL-R2:1_PER_CLASS-MR01.json,0.4991915199425081,0.4989878542510121,0.498989898989899,0.5017802894195276
P02-A4S-R1-PhysioNetMI-NEURAL-A4-C3-MULTI-PROB-AVG-P01-L1-LOW-CAL-OFFICIAL-R2:1_PER_CLASS-MR02,PhysioNetMI,P01-L1-LOW-CAL-OFFICIAL-R2:1_PER_CLASS,1,NEURAL,A4-C3-MULTI-PROB-AVG,C3,2,REUSED_PREDECESSOR_ANCHOR_REPEAT,DNN-EEGNET,/kaggle/working/iharq_p02_integrated_1_256_R1/runtime/supplements/stage18S_balanced_sensitivity_R1/metrics/P02-A4S-R1-PhysioNetMI-NEURAL-A4-C3-MULTI-PROB-AVG-P01-L1-LOW-CAL-OFFICIAL-R2:1_PER_CLASS-MR02.json,0.49766439094502335,0.4388663967611336,0.5050505050505051,0.5092281057067258
P02-A4S-R1-PhysioNetMI-NEURAL-A4-C3-MULTI-PROB-AVG-P01-L1-LOW-CAL-OFFICIAL-R2:256_PER_CLASS-MR00,PhysioNetMI,P01-L1-LOW-CAL-OFFICIAL-R2:256_PER_CLASS,256,NEURAL,A4-C3-MULTI-PROB-AVG,C3,0,NEW_HIGH_BUDGET_64_128_256,DNN-EEGNET,/kaggle/working/iharq_p02_integrated_1_256_R1/runtime/supplements/stage18S_balanced_sensitivity_R1/metrics/P02-A4S-R1-PhysioNetMI-NEURAL-A4-C3-MULTI-PROB-AVG-P01-L1-LOW-CAL-OFFICIAL-R2:256_PER_CLASS-MR00.json,0.6171397772188286,0.6158088235294117,0.6161616161616161,0.6332603795773037
P02-A4S-R1-PhysioNetMI-NEURAL-A4-C3-MULTI-PROB-AVG-P01-L1-LOW-CAL-OFFICIAL-R2:256_PER_CLASS-MR01,PhysioNetMI,P01-L1-LOW-CAL-OFFICIAL-R2:256_PER_CLASS,256,NEURAL,A4-C3-MULTI-PROB-AVG,C3,1,NEW_HIGH_BUDGET_64_128_256,DNN-EEGNET,/kaggle/working/iharq_p02_integrated_1_256_R1/runtime/supplements/stage18S_balanced_sensitivity_R1/metrics/P02-A4S-R1-PhysioNetMI-NEURAL-A4-C3-MULTI-PROB-AVG-P01-L1-LOW-CAL-OFFICIAL-R2:256_PER_CLASS-MR01.json,0.6012396694214877,0.601082434372814,0.602020202020202,0.646653382549897
P02-A4S-R1-PhysioNetMI-NEURAL-A4-C3-MULTI-PROB-AVG-P01-L1-LOW-CAL-OFFICIAL-R2:256_PER_CLASS-MR02,PhysioNetMI,P01-L1-LOW-CAL-OFFICIAL-R2:256_PER_CLASS,256,NEURAL,A4-C3-MULTI-PROB-AVG,C3,2,NEW_HIGH_BUDGET_64_128_256,DNN-EEGNET,/kaggle/working/iharq_p02_integrated_1_256_R1/runtime/supplements/stage18S_balanced_sensitivity_R1/metrics/P02-A4S-R1-PhysioNetMI-NEURAL-A4-C3-MULTI-PROB-AVG-P01-L1-LOW-CAL-OFFICIAL-R2:256_PER_CLASS-MR02.json,0.6152533237513474,0.6136305123395491,0.6141414141414141,0.6291934798941626
P02-A4S-R1-PhysioNetMI-NEURAL-A4-C3-MULTI-PROB-AVG-P01-L1-LOW-CAL-OFFICIAL-R2:32_PER_CLASS-MR00,PhysioNetMI,P01-L1-LOW-CAL-OFFICIAL-R2:32_PER_CLASS,32,NEURAL,A4-C3-MULTI-PROB-AVG,C3,0,REUSED_PREDECESSOR_MR00_PROBE,DNN-EEGNET,/kaggle/working/iharq_p02_integrated_1_256_R1/runtime/supplements/stage18S_balanced_sensitivity_R1/metrics/P02-A4S-R1-PhysioNetMI-NEURAL-A4-C3-MULTI-PROB-AVG-P01-L1-LOW-CAL-OFFICIAL-R2:32_PER_CLASS-MR00.json,0.5134746676248653,0.5014139353761995,0.5171717171717172,0.5240747394897592
P02-A4S-R1-PhysioNetMI-NEURAL-A4-C3-MULTI-PROB-AVG-P01-L1-LOW-CAL-OFFICIAL-R2:4_PER_CLASS-MR00,PhysioNetMI,P01-L1-LOW-CAL-OFFICIAL-R2:4_PER_CLASS,4,NEURAL,A4-C3-MULTI-PROB-AVG,C3,0,REUSED_PREDECESSOR_MR00_PROBE,DNN-EEGNET,/kaggle/working/iharq_p02_integrated_1_256_R1/runtime/supplements/stage18S_balanced_sensitivity_R1/metrics/P02-A4S-R1-PhysioNetMI-NEURAL-A4-C3-MULTI-PROB-AVG-P01-L1-LOW-CAL-OFFICIAL-R2:4_PER_CLASS-MR00.json,0.4986525332375135,0.41870090867087634,0.5070707070707071,0.49854636918955997
P02-A4S-R1-PhysioNetMI-NEURAL-A4-C3-MULTI-PROB-AVG-P01-L1-LOW-CAL-OFFICIAL-R2:64_PER_CLASS-MR00,PhysioNetMI,P01-L1-LOW-CAL-OFFICIAL-R2:64_PER_CLASS,64,NEURAL,A4-C3-MULTI-PROB-AVG,C3,0,NEW_HIGH_BUDGET_64_128_256,DNN-EEGNET,/kaggle/working/iharq_p02_integrated_1_256_R1/runtime/supplements/stage18S_balanced_sensitivity_R1/metrics/P02-A4S-R1-PhysioNetMI-NEURAL-A4-C3-MULTI-PROB-AVG-P01-L1-LOW-CAL-OFFICIAL-R2:64_PER_CLASS-MR00.json,0.5417714696370823,0.5414066549397807,0.5414141414141415,0.5304609152974227
P02-A4S-R1-PhysioNetMI-NEURAL-A4-C3-MULTI-PROB-AVG-P01-L1-LOW-CAL-OFFICIAL-R2:64_PER_CLASS-MR01,PhysioNetMI,P01-L1-LOW-CAL-OFFICIAL-R2:64_PER_CLASS,64,NEURAL,A4-C3-MULTI-PROB-AVG,C3,1,NEW_HIGH_BUDGET_64_128_256,DNN-EEGNET,/kaggle/working/iharq_p02_integrated_1_256_R1/runtime/supplements/stage18S_balanced_sensitivity_R1/metrics/P02-A4S-R1-PhysioNetMI-NEURAL-A4-C3-MULTI-PROB-AVG-P01-L1-LOW-CAL-OFFICIAL-R2:64_PER_CLASS-MR01.json,0.5135644987423643,0.5130995187931872,0.5131313131313131,0.5235030869238558
P02-A4S-R1-PhysioNetMI-NEURAL-A4-C3-MULTI-PROB-AVG-P01-L1-LOW-CAL-OFFICIAL-R2:64_PER_CLASS-MR02,PhysioNetMI,P01-L1-LOW-CAL-OFFICIAL-R2:64_PER_CLASS,64,NEURAL,A4-C3-MULTI-PROB-AVG,C3,2,NEW_HIGH_BUDGET_64_128_256,DNN-EEGNET,/kaggle/working/iharq_p02_integrated_1_256_R1/runtime/supplements/stage18S_balanced_sensitivity_R1/metrics/P02-A4S-R1-PhysioNetMI-NEURAL-A4-C3-MULTI-PROB-AVG-P01-L1-LOW-CAL-OFFICIAL-R2:64_PER_CLASS-MR02.json,0.5203916636722961,0.5183249926405652,0.5191919191919192,0.5451278868454579
P02-A4S-R1-PhysioNetMI-NEURAL-A4-C3-MULTI-PROB-AVG-P01-L1-LOW-CAL-OFFICIAL-R2:8_PER_CLASS-MR01,PhysioNetMI,P01-L1-LOW-CAL-OFFICIAL-R2:8_PER_CLASS,8,NEURAL,A4-C3-MULTI-PROB-AVG,C3,1,REUSED_PREDECESSOR_ANCHOR_REPEAT,DNN-EEGNET,/kaggle/working/iharq_p02_integrated_1_256_R1/runtime/supplements/stage18S_balanced_sensitivity_R1/metrics/P02-A4S-R1-PhysioNetMI-NEURAL-A4-C3-MULTI-PROB-AVG-P01-L1-LOW-CAL-OFFICIAL-R2:8_PER_CLASS-MR01.json,0.49604743083003955,0.33646112600536193,0.5070707070707071,0.5019272857936171
P02-A4S-R1-PhysioNetMI-NEURAL-A4-C3-MULTI-PROB-AVG-P01-L1-LOW-CAL-OFFICIAL-R2:8_PER_CLASS-MR02,PhysioNetMI,P01-L1-LOW-CAL-OFFICIAL-R2:8_PER_CLASS,8,NEURAL,A4-C3-MULTI-PROB-AVG,C3,2,REUSED_PREDECESSOR_ANCHOR_REPEAT,DNN-EEGNET,/kaggle/working/iharq_p02_integrated_1_256_R1/runtime/supplements/stage18S_balanced_sensitivity_R1/metrics/P02-A4S-R1-PhysioNetMI-NEURAL-A4-C3-MULTI-PROB-AVG-P01-L1-LOW-CAL-OFFICIAL-R2:8_PER_CLASS-MR02.json,0.48230326985267696,0.39510028319819995,0.4909090909090909,0.5017476235586189
P02-A4S-R1-PhysioNetMI-SSL-A4-C2-MULTI-HARD-VOTE-FULL_TRAIN-MR01,PhysioNetMI,FULL_TRAIN,FULL,SSL,A4-C2-MULTI-HARD-VOTE,C2,1,REUSED_PREDECESSOR_ANCHOR_REPEAT,SSL-CBRAMOD,/kaggle/working/iharq_p02_integrated_1_256_R1/runtime/supplements/stage18S_balanced_sensitivity_R1/metrics/P02-A4S-R1-PhysioNetMI-SSL-A4-C2-MULTI-HARD-VOTE-FULL_TRAIN-MR01.json,0.5352137980596479,0.5318017917549533,0.5373737373737374,
P02-A4S-R1-PhysioNetMI-SSL-A4-C2-MULTI-HARD-VOTE-FULL_TRAIN-MR02,PhysioNetMI,FULL_TRAIN,FULL,SSL,A4-C2-MULTI-HARD-VOTE,C2,2,REUSED_PREDECESSOR_ANCHOR_REPEAT,SSL-CBRAMOD,/kaggle/working/iharq_p02_integrated_1_256_R1/runtime/supplements/stage18S_balanced_sensitivity_R1/metrics/P02-A4S-R1-PhysioNetMI-SSL-A4-C2-MULTI-HARD-VOTE-FULL_TRAIN-MR02.json,0.5490477901545096,0.5459161943452477,0.5474747474747474,
P02-A4S-R1-PhysioNetMI-SSL-A4-C2-MULTI-HARD-VOTE-P01-L1-LOW-CAL-OFFICIAL-R2:128_PER_CLASS-MR00,PhysioNetMI,P01-L1-LOW-CAL-OFFICIAL-R2:128_PER_CLASS,128,SSL,A4-C2-MULTI-HARD-VOTE,C2,0,NEW_HIGH_BUDGET_64_128_256,SSL-CBRAMOD,/kaggle/working/iharq_p02_integrated_1_256_R1/runtime/supplements/stage18S_balanced_sensitivity_R1/metrics/P02-A4S-R1-PhysioNetMI-SSL-A4-C2-MULTI-HARD-VOTE-P01-L1-LOW-CAL-OFFICIAL-R2:128_PER_CLASS-MR00.json,0.5044017247574559,0.49842192691029896,0.5070707070707071,
P02-A4S-R1-PhysioNetMI-SSL-A4-C2-MULTI-HARD-VOTE-P01-L1-LOW-CAL-OFFICIAL-R2:128_PER_CLASS-MR01,PhysioNetMI,P01-L1-LOW-CAL-OFFICIAL-R2:128_PER_CLASS,128,SSL,A4-C2-MULTI-HARD-VOTE,C2,1,NEW_HIGH_BUDGET_64_128_256,SSL-CBRAMOD,/kaggle/working/iharq_p02_integrated_1_256_R1/runtime/supplements/stage18S_balanced_sensitivity_R1/metrics/P02-A4S-R1-PhysioNetMI-SSL-A4-C2-MULTI-HARD-VOTE-P01-L1-LOW-CAL-OFFICIAL-R2:128_PER_CLASS-MR01.json,0.5071864893999282,0.4871892055791388,0.503030303030303,
P02-A4S-R1-PhysioNetMI-SSL-A4-C2-MULTI-HARD-VOTE-P01-L1-LOW-CAL-OFFICIAL-R2:128_PER_CLASS-MR02,PhysioNetMI,P01-L1-LOW-CAL-OFFICIAL-R2:128_PER_CLASS,128,SSL,A4-C2-MULTI-HARD-VOTE,C2,2,NEW_HIGH_BUDGET_64_128_256,SSL-CBRAMOD,/kaggle/working/iharq_p02_integrated_1_256_R1/runtime/supplements/stage18S_balanced_sensitivity_R1/metrics/P02-A4S-R1-PhysioNetMI-SSL-A4-C2-MULTI-HARD-VOTE-P01-L1-LOW-CAL-OFFICIAL-R2:128_PER_CLASS-MR02.json,0.4808659719726913,0.4655762969486301,0.48484848484848486,
P02-A4S-R1-PhysioNetMI-SSL-A4-C2-MULTI-HARD-VOTE-P01-L1-LOW-CAL-OFFICIAL-R2:16_PER_CLASS-MR00,PhysioNetMI,P01-L1-LOW-CAL-OFFICIAL-R2:16_PER_CLASS,16,SSL,A4-C2-MULTI-HARD-VOTE,C2,0,REUSED_PREDECESSOR_MR00_PROBE,SSL-CBRAMOD,/kaggle/working/iharq_p02_integrated_1_256_R1/runtime/supplements/stage18S_balanced_sensitivity_R1/metrics/P02-A4S-R1-PhysioNetMI-SSL-A4-C2-MULTI-HARD-VOTE-P01-L1-LOW-CAL-OFFICIAL-R2:16_PER_CLASS-MR00.json,0.5191340280273087,0.5041932636153741,0.5232323232323233,
P02-A4S-R1-PhysioNetMI-SSL-A4-C2-MULTI-HARD-VOTE-P01-L1-LOW-CAL-OFFICIAL-R2:1_PER_CLASS-MR01,PhysioNetMI,P01-L1-LOW-CAL-OFFICIAL-R2:1_PER_CLASS,1,SSL,A4-C2-MULTI-HARD-VOTE,C2,1,REUSED_PREDECESSOR_ANCHOR_REPEAT,SSL-CBRAMOD,/kaggle/working/iharq_p02_integrated_1_256_R1/runtime/supplements/stage18S_balanced_sensitivity_R1/metrics/P02-A4S-R1-PhysioNetMI-SSL-A4-C2-MULTI-HARD-VOTE-P01-L1-LOW-CAL-OFFICIAL-R2:1_PER_CLASS-MR01.json,0.48544735896514557,0.4839856190695079,0.4868686868686869,
P02-A4S-R1-PhysioNetMI-SSL-A4-C2-MULTI-HARD-VOTE-P01-L1-LOW-CAL-OFFICIAL-R2:1_PER_CLASS-MR02,PhysioNetMI,P01-L1-LOW-CAL-OFFICIAL-R2:1_PER_CLASS,1,SSL,A4-C2-MULTI-HARD-VOTE,C2,2,REUSED_PREDECESSOR_ANCHOR_REPEAT,SSL-CBRAMOD,/kaggle/working/iharq_p02_integrated_1_256_R1/runtime/supplements/stage18S_balanced_sensitivity_R1/metrics/P02-A4S-R1-PhysioNetMI-SSL-A4-C2-MULTI-HARD-VOTE-P01-L1-LOW-CAL-OFFICIAL-R2:1_PER_CLASS-MR02.json,0.49110671936758893,0.3696023181351799,0.501010101010101,
P02-A4S-R1-PhysioNetMI-SSL-A4-C2-MULTI-HARD-VOTE-P01-L1-LOW-CAL-OFFICIAL-R2:256_PER_CLASS-MR00,PhysioNetMI,P01-L1-LOW-CAL-OFFICIAL-R2:256_PER_CLASS,256,SSL,A4-C2-MULTI-HARD-VOTE,C2,0,NEW_HIGH_BUDGET_64_128_256,SSL-CBRAMOD,/kaggle/working/iharq_p02_integrated_1_256_R1/runtime/supplements/stage18S_balanced_sensitivity_R1/metrics/P02-A4S-R1-PhysioNetMI-SSL-A4-C2-MULTI-HARD-VOTE-P01-L1-LOW-CAL-OFFICIAL-R2:256_PER_CLASS-MR00.json,0.5443765720445563,0.543778801843318,0.5454545454545454,
P02-A4S-R1-PhysioNetMI-SSL-A4-C2-MULTI-HARD-VOTE-P01-L1-LOW-CAL-OFFICIAL-R2:256_PER_CLASS-MR01,PhysioNetMI,P01-L1-LOW-CAL-OFFICIAL-R2:256_PER_CLASS,256,SSL,A4-C2-MULTI-HARD-VOTE,C2,1,NEW_HIGH_BUDGET_64_128_256,SSL-CBRAMOD,/kaggle/working/iharq_p02_integrated_1_256_R1/runtime/supplements/stage18S_balanced_sensitivity_R1/metrics/P02-A4S-R1-PhysioNetMI-SSL-A4-C2-MULTI-HARD-VOTE-P01-L1-LOW-CAL-OFFICIAL-R2:256_PER_CLASS-MR01.json,0.5440172475745598,0.5433430213571941,0.5434343434343434,
P02-A4S-R1-PhysioNetMI-SSL-A4-C2-MULTI-HARD-VOTE-P01-L1-LOW-CAL-OFFICIAL-R2:256_PER_CLASS-MR02,PhysioNetMI,P01-L1-LOW-CAL-OFFICIAL-R2:256_PER_CLASS,256,SSL,A4-C2-MULTI-HARD-VOTE,C2,2,NEW_HIGH_BUDGET_64_128_256,SSL-CBRAMOD,/kaggle/working/iharq_p02_integrated_1_256_R1/runtime/supplements/stage18S_balanced_sensitivity_R1/metrics/P02-A4S-R1-PhysioNetMI-SSL-A4-C2-MULTI-HARD-VOTE-P01-L1-LOW-CAL-OFFICIAL-R2:256_PER_CLASS-MR02.json,0.4953287818900467,0.4949309432853365,0.494949494949495,
P02-A4S-R1-PhysioNetMI-SSL-A4-C2-MULTI-HARD-VOTE-P01-L1-LOW-CAL-OFFICIAL-R2:32_PER_CLASS-MR00,PhysioNetMI,P01-L1-LOW-CAL-OFFICIAL-R2:32_PER_CLASS,32,SSL,A4-C2-MULTI-HARD-VOTE,C2,0,REUSED_PREDECESSOR_MR00_PROBE,SSL-CBRAMOD,/kaggle/working/iharq_p02_integrated_1_256_R1/runtime/supplements/stage18S_balanced_sensitivity_R1/metrics/P02-A4S-R1-PhysioNetMI-SSL-A4-C2-MULTI-HARD-VOTE-P01-L1-LOW-CAL-OFFICIAL-R2:32_PER_CLASS-MR00.json,0.4987423643550126,0.4987423643550126,0.498989898989899,
P02-A4S-R1-PhysioNetMI-SSL-A4-C2-MULTI-HARD-VOTE-P01-L1-LOW-CAL-OFFICIAL-R2:4_PER_CLASS-MR00,PhysioNetMI,P01-L1-LOW-CAL-OFFICIAL-R2:4_PER_CLASS,4,SSL,A4-C2-MULTI-HARD-VOTE,C2,0,REUSED_PREDECESSOR_MR00_PROBE,SSL-CBRAMOD,/kaggle/working/iharq_p02_integrated_1_256_R1/runtime/supplements/stage18S_balanced_sensitivity_R1/metrics/P02-A4S-R1-PhysioNetMI-SSL-A4-C2-MULTI-HARD-VOTE-P01-L1-LOW-CAL-OFFICIAL-R2:4_PER_CLASS-MR00.json,0.4908372260150916,0.45186137213656435,0.49696969696969695,
P02-A4S-R1-PhysioNetMI-SSL-A4-C2-MULTI-HARD-VOTE-P01-L1-LOW-CAL-OFFICIAL-R2:64_PER_CLASS-MR00,PhysioNetMI,P01-L1-LOW-CAL-OFFICIAL-R2:64_PER_CLASS,64,SSL,A4-C2-MULTI-HARD-VOTE,C2,0,NEW_HIGH_BUDGET_64_128_256,SSL-CBRAMOD,/kaggle/working/iharq_p02_integrated_1_256_R1/runtime/supplements/stage18S_balanced_sensitivity_R1/metrics/P02-A4S-R1-PhysioNetMI-SSL-A4-C2-MULTI-HARD-VOTE-P01-L1-LOW-CAL-OFFICIAL-R2:64_PER_CLASS-MR00.json,0.5043118936399569,0.5019550422092794,0.503030303030303,
P02-A4S-R1-PhysioNetMI-SSL-A4-C2-MULTI-HARD-VOTE-P01-L1-LOW-CAL-OFFICIAL-R2:64_PER_CLASS-MR01,PhysioNetMI,P01-L1-LOW-CAL-OFFICIAL-R2:64_PER_CLASS,64,SSL,A4-C2-MULTI-HARD-VOTE,C2,1,NEW_HIGH_BUDGET_64_128_256,SSL-CBRAMOD,/kaggle/working/iharq_p02_integrated_1_256_R1/runtime/supplements/stage18S_balanced_sensitivity_R1/metrics/P02-A4S-R1-PhysioNetMI-SSL-A4-C2-MULTI-HARD-VOTE-P01-L1-LOW-CAL-OFFICIAL-R2:64_PER_CLASS-MR01.json,0.48778296802012217,0.4863970588235294,0.4868686868686869,
P02-A4S-R1-PhysioNetMI-SSL-A4-C2-MULTI-HARD-VOTE-P01-L1-LOW-CAL-OFFICIAL-R2:64_PER_CLASS-MR02,PhysioNetMI,P01-L1-LOW-CAL-OFFICIAL-R2:64_PER_CLASS,64,SSL,A4-C2-MULTI-HARD-VOTE,C2,2,NEW_HIGH_BUDGET_64_128_256,SSL-CBRAMOD,/kaggle/working/iharq_p02_integrated_1_256_R1/runtime/supplements/stage18S_balanced_sensitivity_R1/metrics/P02-A4S-R1-PhysioNetMI-SSL-A4-C2-MULTI-HARD-VOTE-P01-L1-LOW-CAL-OFFICIAL-R2:64_PER_CLASS-MR02.json,0.49173553719008267,0.4905577155552652,0.4909090909090909,
P02-A4S-R1-PhysioNetMI-SSL-A4-C2-MULTI-HARD-VOTE-P01-L1-LOW-CAL-OFFICIAL-R2:8_PER_CLASS-MR01,PhysioNetMI,P01-L1-LOW-CAL-OFFICIAL-R2:8_PER_CLASS,8,SSL,A4-C2-MULTI-HARD-VOTE,C2,1,REUSED_PREDECESSOR_ANCHOR_REPEAT,SSL-CBRAMOD,/kaggle/working/iharq_p02_integrated_1_256_R1/runtime/supplements/stage18S_balanced_sensitivity_R1/metrics/P02-A4S-R1-PhysioNetMI-SSL-A4-C2-MULTI-HARD-VOTE-P01-L1-LOW-CAL-OFFICIAL-R2:8_PER_CLASS-MR01.json,0.49685591088753145,0.48065380743434105,0.501010101010101,
P02-A4S-R1-PhysioNetMI-SSL-A4-C2-MULTI-HARD-VOTE-P01-L1-LOW-CAL-OFFICIAL-R2:8_PER_CLASS-MR02,PhysioNetMI,P01-L1-LOW-CAL-OFFICIAL-R2:8_PER_CLASS,8,SSL,A4-C2-MULTI-HARD-VOTE,C2,2,REUSED_PREDECESSOR_ANCHOR_REPEAT,SSL-CBRAMOD,/kaggle/working/iharq_p02_integrated_1_256_R1/runtime/supplements/stage18S_balanced_sensitivity_R1/metrics/P02-A4S-R1-PhysioNetMI-SSL-A4-C2-MULTI-HARD-VOTE-P01-L1-LOW-CAL-OFFICIAL-R2:8_PER_CLASS-MR02.json,0.4996406755300036,0.49835678150732987,0.501010101010101,
P02-A4S-R1-PhysioNetMI-SSL-A4-C3-MULTI-PROB-AVG-FULL_TRAIN-MR01,PhysioNetMI,FULL_TRAIN,FULL,SSL,A4-C3-MULTI-PROB-AVG,C3,1,REUSED_PREDECESSOR_ANCHOR_REPEAT,SSL-CBRAMOD,/kaggle/working/iharq_p02_integrated_1_256_R1/runtime/supplements/stage18S_balanced_sensitivity_R1/metrics/P02-A4S-R1-PhysioNetMI-SSL-A4-C3-MULTI-PROB-AVG-FULL_TRAIN-MR01.json,0.5470715055695292,0.5427772600186394,0.5494949494949495,0.5844902492405187
P02-A4S-R1-PhysioNetMI-SSL-A4-C3-MULTI-PROB-AVG-FULL_TRAIN-MR02,PhysioNetMI,FULL_TRAIN,FULL,SSL,A4-C3-MULTI-PROB-AVG,C3,2,REUSED_PREDECESSOR_ANCHOR_REPEAT,SSL-CBRAMOD,/kaggle/working/iharq_p02_integrated_1_256_R1/runtime/supplements/stage18S_balanced_sensitivity_R1/metrics/P02-A4S-R1-PhysioNetMI-SSL-A4-C3-MULTI-PROB-AVG-FULL_TRAIN-MR02.json,0.5758174631692419,0.5709356064496252,0.5737373737373738,0.6166497893051971
P02-A4S-R1-PhysioNetMI-SSL-A4-C3-MULTI-PROB-AVG-P01-L1-LOW-CAL-OFFICIAL-R2:128_PER_CLASS-MR00,PhysioNetMI,P01-L1-LOW-CAL-OFFICIAL-R2:128_PER_CLASS,128,SSL,A4-C3-MULTI-PROB-AVG,C3,0,NEW_HIGH_BUDGET_64_128_256,SSL-CBRAMOD,/kaggle/working/iharq_p02_integrated_1_256_R1/runtime/supplements/stage18S_balanced_sensitivity_R1/metrics/P02-A4S-R1-PhysioNetMI-SSL-A4-C3-MULTI-PROB-AVG-P01-L1-LOW-CAL-OFFICIAL-R2:128_PER_CLASS-MR00.json,0.4891304347826087,0.4888888888888889,0.4888888888888889,0.5055858622153987
P02-A4S-R1-PhysioNetMI-SSL-A4-C3-MULTI-PROB-AVG-P01-L1-LOW-CAL-OFFICIAL-R2:128_PER_CLASS-MR01,PhysioNetMI,P01-L1-LOW-CAL-OFFICIAL-R2:128_PER_CLASS,128,SSL,A4-C3-MULTI-PROB-AVG,C3,1,NEW_HIGH_BUDGET_64_128_256,SSL-CBRAMOD,/kaggle/working/iharq_p02_integrated_1_256_R1/runtime/supplements/stage18S_balanced_sensitivity_R1/metrics/P02-A4S-R1-PhysioNetMI-SSL-A4-C3-MULTI-PROB-AVG-P01-L1-LOW-CAL-OFFICIAL-R2:128_PER_CLASS-MR01.json,0.5391663672296083,0.5391663672296083,0.5393939393939394,0.516365596315291
P02-A4S-R1-PhysioNetMI-SSL-A4-C3-MULTI-PROB-AVG-P01-L1-LOW-CAL-OFFICIAL-R2:128_PER_CLASS-MR02,PhysioNetMI,P01-L1-LOW-CAL-OFFICIAL-R2:128_PER_CLASS,128,SSL,A4-C3-MULTI-PROB-AVG,C3,2,NEW_HIGH_BUDGET_64_128_256,SSL-CBRAMOD,/kaggle/working/iharq_p02_integrated_1_256_R1/runtime/supplements/stage18S_balanced_sensitivity_R1/metrics/P02-A4S-R1-PhysioNetMI-SSL-A4-C3-MULTI-PROB-AVG-P01-L1-LOW-CAL-OFFICIAL-R2:128_PER_CLASS-MR02.json,0.495598275242544,0.4942948930984823,0.49696969696969695,0.5011759709927155
P02-A4S-R1-PhysioNetMI-SSL-A4-C3-MULTI-PROB-AVG-P01-L1-LOW-CAL-OFFICIAL-R2:16_PER_CLASS-MR00,PhysioNetMI,P01-L1-LOW-CAL-OFFICIAL-R2:16_PER_CLASS,16,SSL,A4-C3-MULTI-PROB-AVG,C3,0,REUSED_PREDECESSOR_MR00_PROBE,SSL-CBRAMOD,/kaggle/working/iharq_p02_integrated_1_256_R1/runtime/supplements/stage18S_balanced_sensitivity_R1/metrics/P02-A4S-R1-PhysioNetMI-SSL-A4-C3-MULTI-PROB-AVG-P01-L1-LOW-CAL-OFFICIAL-R2:16_PER_CLASS-MR00.json,0.5000898311174992,0.47629000427518364,0.5050505050505051,0.489056936595564
P02-A4S-R1-PhysioNetMI-SSL-A4-C3-MULTI-PROB-AVG-P01-L1-LOW-CAL-OFFICIAL-R2:1_PER_CLASS-MR01,PhysioNetMI,P01-L1-LOW-CAL-OFFICIAL-R2:1_PER_CLASS,1,SSL,A4-C3-MULTI-PROB-AVG,C3,1,REUSED_PREDECESSOR_ANCHOR_REPEAT,SSL-CBRAMOD,/kaggle/working/iharq_p02_integrated_1_256_R1/runtime/supplements/stage18S_balanced_sensitivity_R1/metrics/P02-A4S-R1-PhysioNetMI-SSL-A4-C3-MULTI-PROB-AVG-P01-L1-LOW-CAL-OFFICIAL-R2:1_PER_CLASS-MR01.json,0.4668523176428315,0.46405855690814257,0.4686868686868687,0.45595008656453134
P02-A4S-R1-PhysioNetMI-SSL-A4-C3-MULTI-PROB-AVG-P01-L1-LOW-CAL-OFFICIAL-R2:1_PER_CLASS-MR02,PhysioNetMI,P01-L1-LOW-CAL-OFFICIAL-R2:1_PER_CLASS,1,SSL,A4-C3-MULTI-PROB-AVG,C3,2,REUSED_PREDECESSOR_ANCHOR_REPEAT,SSL-CBRAMOD,/kaggle/working/iharq_p02_integrated_1_256_R1/runtime/supplements/stage18S_balanced_sensitivity_R1/metrics/P02-A4S-R1-PhysioNetMI-SSL-A4-C3-MULTI-PROB-AVG-P01-L1-LOW-CAL-OFFICIAL-R2:1_PER_CLASS-MR02.json,0.49694574200503056,0.3698347107438017,0.5070707070707071,0.4812987946297325
P02-A4S-R1-PhysioNetMI-SSL-A4-C3-MULTI-PROB-AVG-P01-L1-LOW-CAL-OFFICIAL-R2:256_PER_CLASS-MR00,PhysioNetMI,P01-L1-LOW-CAL-OFFICIAL-R2:256_PER_CLASS,256,SSL,A4-C3-MULTI-PROB-AVG,C3,0,NEW_HIGH_BUDGET_64_128_256,SSL-CBRAMOD,/kaggle/working/iharq_p02_integrated_1_256_R1/runtime/supplements/stage18S_balanced_sensitivity_R1/metrics/P02-A4S-R1-PhysioNetMI-SSL-A4-C3-MULTI-PROB-AVG-P01-L1-LOW-CAL-OFFICIAL-R2:256_PER_CLASS-MR00.json,0.5336866690621631,0.5333257149387195,0.5333333333333333,0.5469898409172573
P02-A4S-R1-PhysioNetMI-SSL-A4-C3-MULTI-PROB-AVG-P01-L1-LOW-CAL-OFFICIAL-R2:256_PER_CLASS-MR01,PhysioNetMI,P01-L1-LOW-CAL-OFFICIAL-R2:256_PER_CLASS,256,SSL,A4-C3-MULTI-PROB-AVG,C3,1,NEW_HIGH_BUDGET_64_128_256,SSL-CBRAMOD,/kaggle/working/iharq_p02_integrated_1_256_R1/runtime/supplements/stage18S_balanced_sensitivity_R1/metrics/P02-A4S-R1-PhysioNetMI-SSL-A4-C3-MULTI-PROB-AVG-P01-L1-LOW-CAL-OFFICIAL-R2:256_PER_CLASS-MR01.json,0.5481494789795185,0.5473251028806585,0.5474747474747474,0.5576389115735145
P02-A4S-R1-PhysioNetMI-SSL-A4-C3-MULTI-PROB-AVG-P01-L1-LOW-CAL-OFFICIAL-R2:256_PER_CLASS-MR02,PhysioNetMI,P01-L1-LOW-CAL-OFFICIAL-R2:256_PER_CLASS,256,SSL,A4-C3-MULTI-PROB-AVG,C3,2,NEW_HIGH_BUDGET_64_128_256,SSL-CBRAMOD,/kaggle/working/iharq_p02_integrated_1_256_R1/runtime/supplements/stage18S_balanced_sensitivity_R1/metrics/P02-A4S-R1-PhysioNetMI-SSL-A4-C3-MULTI-PROB-AVG-P01-L1-LOW-CAL-OFFICIAL-R2:256_PER_CLASS-MR02.json,0.49155587495508446,0.4907407407407407,0.4909090909090909,0.5056021951458531
P02-A4S-R1-PhysioNetMI-SSL-A4-C3-MULTI-PROB-AVG-P01-L1-LOW-CAL-OFFICIAL-R2:32_PER_CLASS-MR00,PhysioNetMI,P01-L1-LOW-CAL-OFFICIAL-R2:32_PER_CLASS,32,SSL,A4-C3-MULTI-PROB-AVG,C3,0,REUSED_PREDECESSOR_MR00_PROBE,SSL-CBRAMOD,/kaggle/working/iharq_p02_integrated_1_256_R1/runtime/supplements/stage18S_balanced_sensitivity_R1/metrics/P02-A4S-R1-PhysioNetMI-SSL-A4-C3-MULTI-PROB-AVG-P01-L1-LOW-CAL-OFFICIAL-R2:32_PER_CLASS-MR00.json,0.4844592166726554,0.484436075791675,0.48484848484848486,0.48224610459608663
P02-A4S-R1-PhysioNetMI-SSL-A4-C3-MULTI-PROB-AVG-P01-L1-LOW-CAL-OFFICIAL-R2:4_PER_CLASS-MR00,PhysioNetMI,P01-L1-LOW-CAL-OFFICIAL-R2:4_PER_CLASS,4,SSL,A4-C3-MULTI-PROB-AVG,C3,0,REUSED_PREDECESSOR_MR00_PROBE,SSL-CBRAMOD,/kaggle/working/iharq_p02_integrated_1_256_R1/runtime/supplements/stage18S_balanced_sensitivity_R1/metrics/P02-A4S-R1-PhysioNetMI-SSL-A4-C3-MULTI-PROB-AVG-P01-L1-LOW-CAL-OFFICIAL-R2:4_PER_CLASS-MR00.json,0.5059288537549407,0.45143905568149945,0.5131313131313131,0.4720380230620978
P02-A4S-R1-PhysioNetMI-SSL-A4-C3-MULTI-PROB-AVG-P01-L1-LOW-CAL-OFFICIAL-R2:64_PER_CLASS-MR00,PhysioNetMI,P01-L1-LOW-CAL-OFFICIAL-R2:64_PER_CLASS,64,SSL,A4-C3-MULTI-PROB-AVG,C3,0,NEW_HIGH_BUDGET_64_128_256,SSL-CBRAMOD,/kaggle/working/iharq_p02_integrated_1_256_R1/runtime/supplements/stage18S_balanced_sensitivity_R1/metrics/P02-A4S-R1-PhysioNetMI-SSL-A4-C3-MULTI-PROB-AVG-P01-L1-LOW-CAL-OFFICIAL-R2:64_PER_CLASS-MR00.json,0.507096658282429,0.5017972681524083,0.5050505050505051,0.4810701336033711
P02-A4S-R1-PhysioNetMI-SSL-A4-C3-MULTI-PROB-AVG-P01-L1-LOW-CAL-OFFICIAL-R2:64_PER_CLASS-MR01,PhysioNetMI,P01-L1-LOW-CAL-OFFICIAL-R2:64_PER_CLASS,64,SSL,A4-C3-MULTI-PROB-AVG,C3,1,NEW_HIGH_BUDGET_64_128_256,SSL-CBRAMOD,/kaggle/working/iharq_p02_integrated_1_256_R1/runtime/supplements/stage18S_balanced_sensitivity_R1/metrics/P02-A4S-R1-PhysioNetMI-SSL-A4-C3-MULTI-PROB-AVG-P01-L1-LOW-CAL-OFFICIAL-R2:64_PER_CLASS-MR01.json,0.48652533237513473,0.48651452282157676,0.4868686868686869,0.48930193055237975
P02-A4S-R1-PhysioNetMI-SSL-A4-C3-MULTI-PROB-AVG-P01-L1-LOW-CAL-OFFICIAL-R2:64_PER_CLASS-MR02,PhysioNetMI,P01-L1-LOW-CAL-OFFICIAL-R2:64_PER_CLASS,64,SSL,A4-C3-MULTI-PROB-AVG,C3,2,NEW_HIGH_BUDGET_64_128_256,SSL-CBRAMOD,/kaggle/working/iharq_p02_integrated_1_256_R1/runtime/supplements/stage18S_balanced_sensitivity_R1/metrics/P02-A4S-R1-PhysioNetMI-SSL-A4-C3-MULTI-PROB-AVG-P01-L1-LOW-CAL-OFFICIAL-R2:64_PER_CLASS-MR02.json,0.4856270212001438,0.4845455547796685,0.48484848484848486,0.48605167739195765
P02-A4S-R1-PhysioNetMI-SSL-A4-C3-MULTI-PROB-AVG-P01-L1-LOW-CAL-OFFICIAL-R2:8_PER_CLASS-MR01,PhysioNetMI,P01-L1-LOW-CAL-OFFICIAL-R2:8_PER_CLASS,8,SSL,A4-C3-MULTI-PROB-AVG,C3,1,REUSED_PREDECESSOR_ANCHOR_REPEAT,SSL-CBRAMOD,/kaggle/working/iharq_p02_integrated_1_256_R1/runtime/supplements/stage18S_balanced_sensitivity_R1/metrics/P02-A4S-R1-PhysioNetMI-SSL-A4-C3-MULTI-PROB-AVG-P01-L1-LOW-CAL-OFFICIAL-R2:8_PER_CLASS-MR01.json,0.4764642472152354,0.43280696100547855,0.48282828282828283,0.4986117009113775
P02-A4S-R1-PhysioNetMI-SSL-A4-C3-MULTI-PROB-AVG-P01-L1-LOW-CAL-OFFICIAL-R2:8_PER_CLASS-MR02,PhysioNetMI,P01-L1-LOW-CAL-OFFICIAL-R2:8_PER_CLASS,8,SSL,A4-C3-MULTI-PROB-AVG,C3,2,REUSED_PREDECESSOR_ANCHOR_REPEAT,SSL-CBRAMOD,/kaggle/working/iharq_p02_integrated_1_256_R1/runtime/supplements/stage18S_balanced_sensitivity_R1/metrics/P02-A4S-R1-PhysioNetMI-SSL-A4-C3-MULTI-PROB-AVG-P01-L1-LOW-CAL-OFFICIAL-R2:8_PER_CLASS-MR02.json,0.48769313690262306,0.48674390678726726,0.4888888888888889,0.4771502302943194
