run_cell_id,dataset_id,condition_id,role_id,budget_id,model_repeat_index,terminal_status,evidence_duration_s,observation_horizon_s,model_or_view_evaluations,member_count,aggregation_operation,batch1_latency_median_s,batch1_latency_p95_s,aggregation_latency_s,missing_reason
P02-A4-PhysioNetMI-CLASSICAL-A4-C0-CORE-FULL_TRAIN-MR00,PhysioNetMI,A4-C0-CORE,CLASSICAL,FULL_TRAIN,0,SUCCESS,3.0,3.0,1,1,DIRECT_CORE,0.03041807200133917,0.03092167159993551,0.0,
P02-A4-PhysioNetMI-CLASSICAL-A4-C1-LONG-3P5S-FULL_TRAIN-MR00,PhysioNetMI,A4-C1-LONG-3P5S,CLASSICAL,FULL_TRAIN,0,SUCCESS,3.5,3.5,1,1,DIRECT_LONG,0.04455428499932168,0.04851262340162066,0.0,
P02-A4-PhysioNetMI-CLASSICAL-A4-C2-MULTI-HARD-VOTE-FULL_TRAIN-MR00,PhysioNetMI,A4-C2-MULTI-HARD-VOTE,CLASSICAL,FULL_TRAIN,0,SUCCESS,2.0,3.5,3,3,HARD_VOTE,0.11524419699708233,0.11942429719856591,0.0015221350004139822,
P02-A4-PhysioNetMI-CLASSICAL-A4-C3-MULTI-PROB-AVG-FULL_TRAIN-MR00,PhysioNetMI,A4-C3-MULTI-PROB-AVG,CLASSICAL,FULL_TRAIN,0,SUCCESS,2.0,3.5,3,3,PROBABILITY_AVERAGE,0.11524419699708233,0.11942429719856591,0.001401771998644108,
P02-A4-PhysioNetMI-RIEMANNIAN-A4-C0-CORE-FULL_TRAIN-MR00,PhysioNetMI,A4-C0-CORE,RIEMANNIAN,FULL_TRAIN,0,SUCCESS,3.0,3.0,1,1,DIRECT_CORE,0.011249382001551567,0.012206393799715443,0.0,
P02-A4-PhysioNetMI-RIEMANNIAN-A4-C1-LONG-3P5S-FULL_TRAIN-MR00,PhysioNetMI,A4-C1-LONG-3P5S,RIEMANNIAN,FULL_TRAIN,0,SUCCESS,3.5,3.5,1,1,DIRECT_LONG,0.015560152001853567,0.018525304998183854,0.0,
P02-A4-PhysioNetMI-RIEMANNIAN-A4-C2-MULTI-HARD-VOTE-FULL_TRAIN-MR00,PhysioNetMI,A4-C2-MULTI-HARD-VOTE,RIEMANNIAN,FULL_TRAIN,0,SUCCESS,2.0,3.5,3,3,HARD_VOTE,0.06068191299709724,0.07076228280202485,0.0032195419989875518,
P02-A4-PhysioNetMI-RIEMANNIAN-A4-C3-MULTI-PROB-AVG-FULL_TRAIN-MR00,PhysioNetMI,A4-C3-MULTI-PROB-AVG,RIEMANNIAN,FULL_TRAIN,0,SUCCESS,2.0,3.5,3,3,PROBABILITY_AVERAGE,0.06068191299709724,0.07076228280202485,0.0013163650000933558,
P02-A4-PhysioNetMI-NEURAL-A4-C0-CORE-FULL_TRAIN-MR00,PhysioNetMI,A4-C0-CORE,NEURAL,FULL_TRAIN,0,SUCCESS,3.0,3.0,1,1,DIRECT_CORE,0.0013199690001783893,0.0019344317996001336,0.0,
P02-A4-PhysioNetMI-NEURAL-A4-C1-LONG-3P5S-FULL_TRAIN-MR00,PhysioNetMI,A4-C1-LONG-3P5S,NEURAL,FULL_TRAIN,0,SUCCESS,3.5,3.5,1,1,DIRECT_LONG,0.003671481001219945,0.003671481001219945,0.0,
P02-A4-PhysioNetMI-NEURAL-A4-C2-MULTI-HARD-VOTE-FULL_TRAIN-MR00,PhysioNetMI,A4-C2-MULTI-HARD-VOTE,NEURAL,FULL_TRAIN,0,SUCCESS,2.0,3.5,3,3,HARD_VOTE,0.011261094994551968,0.011261094994551968,0.0017141650023404509,
P02-A4-PhysioNetMI-NEURAL-A4-C3-MULTI-PROB-AVG-FULL_TRAIN-MR00,PhysioNetMI,A4-C3-MULTI-PROB-AVG,NEURAL,FULL_TRAIN,0,SUCCESS,2.0,3.5,3,3,PROBABILITY_AVERAGE,0.011261094994551968,0.011261094994551968,0.0017649059955147095,
P02-A4-PhysioNetMI-NEURAL-A4-C0-CORE-FULL_TRAIN-MR01,PhysioNetMI,A4-C0-CORE,NEURAL,FULL_TRAIN,1,SUCCESS,3.0,3.0,1,1,DIRECT_CORE,0.0012774360002367757,0.0019588640010624655,0.0,
P02-A4-PhysioNetMI-NEURAL-A4-C1-LONG-3P5S-FULL_TRAIN-MR01,PhysioNetMI,A4-C1-LONG-3P5S,NEURAL,FULL_TRAIN,1,CONDITIONAL_SKIP,,,,,,,,,STAGE18_RESOURCE_CONSTRAINED_SINGLE_REPEAT_ALL_REFIT_ROLES
P02-A4-PhysioNetMI-NEURAL-A4-C2-MULTI-HARD-VOTE-FULL_TRAIN-MR01,PhysioNetMI,A4-C2-MULTI-HARD-VOTE,NEURAL,FULL_TRAIN,1,CONDITIONAL_SKIP,,,,,,,,,STAGE18_RESOURCE_CONSTRAINED_SINGLE_REPEAT_ALL_REFIT_ROLES
P02-A4-PhysioNetMI-NEURAL-A4-C3-MULTI-PROB-AVG-FULL_TRAIN-MR01,PhysioNetMI,A4-C3-MULTI-PROB-AVG,NEURAL,FULL_TRAIN,1,CONDITIONAL_SKIP,,,,,,,,,STAGE18_RESOURCE_CONSTRAINED_SINGLE_REPEAT_ALL_REFIT_ROLES
P02-A4-PhysioNetMI-NEURAL-A4-C0-CORE-FULL_TRAIN-MR02,PhysioNetMI,A4-C0-CORE,NEURAL,FULL_TRAIN,2,SUCCESS,3.0,3.0,1,1,DIRECT_CORE,0.001280592998227803,0.001994638598989695,0.0,
P02-A4-PhysioNetMI-NEURAL-A4-C1-LONG-3P5S-FULL_TRAIN-MR02,PhysioNetMI,A4-C1-LONG-3P5S,NEURAL,FULL_TRAIN,2,CONDITIONAL_SKIP,,,,,,,,,STAGE18_RESOURCE_CONSTRAINED_SINGLE_REPEAT_ALL_REFIT_ROLES
P02-A4-PhysioNetMI-NEURAL-A4-C2-MULTI-HARD-VOTE-FULL_TRAIN-MR02,PhysioNetMI,A4-C2-MULTI-HARD-VOTE,NEURAL,FULL_TRAIN,2,CONDITIONAL_SKIP,,,,,,,,,STAGE18_RESOURCE_CONSTRAINED_SINGLE_REPEAT_ALL_REFIT_ROLES
P02-A4-PhysioNetMI-NEURAL-A4-C3-MULTI-PROB-AVG-FULL_TRAIN-MR02,PhysioNetMI,A4-C3-MULTI-PROB-AVG,NEURAL,FULL_TRAIN,2,CONDITIONAL_SKIP,,,,,,,,,STAGE18_RESOURCE_CONSTRAINED_SINGLE_REPEAT_ALL_REFIT_ROLES
P02-A4-PhysioNetMI-NEURAL-A4-C0-CORE-FULL_TRAIN-MR03,PhysioNetMI,A4-C0-CORE,NEURAL,FULL_TRAIN,3,SUCCESS,3.0,3.0,1,1,DIRECT_CORE,0.0013536639999074396,0.002036850401054835,0.0,
P02-A4-PhysioNetMI-NEURAL-A4-C1-LONG-3P5S-FULL_TRAIN-MR03,PhysioNetMI,A4-C1-LONG-3P5S,NEURAL,FULL_TRAIN,3,CONDITIONAL_SKIP,,,,,,,,,STAGE18_RESOURCE_CONSTRAINED_SINGLE_REPEAT_ALL_REFIT_ROLES
P02-A4-PhysioNetMI-NEURAL-A4-C2-MULTI-HARD-VOTE-FULL_TRAIN-MR03,PhysioNetMI,A4-C2-MULTI-HARD-VOTE,NEURAL,FULL_TRAIN,3,CONDITIONAL_SKIP,,,,,,,,,STAGE18_RESOURCE_CONSTRAINED_SINGLE_REPEAT_ALL_REFIT_ROLES
P02-A4-PhysioNetMI-NEURAL-A4-C3-MULTI-PROB-AVG-FULL_TRAIN-MR03,PhysioNetMI,A4-C3-MULTI-PROB-AVG,NEURAL,FULL_TRAIN,3,CONDITIONAL_SKIP,,,,,,,,,STAGE18_RESOURCE_CONSTRAINED_SINGLE_REPEAT_ALL_REFIT_ROLES
P02-A4-PhysioNetMI-NEURAL-A4-C0-CORE-FULL_TRAIN-MR04,PhysioNetMI,A4-C0-CORE,NEURAL,FULL_TRAIN,4,SUCCESS,3.0,3.0,1,1,DIRECT_CORE,0.002356536002480425,0.0035756540004513223,0.0,
P02-A4-PhysioNetMI-NEURAL-A4-C1-LONG-3P5S-FULL_TRAIN-MR04,PhysioNetMI,A4-C1-LONG-3P5S,NEURAL,FULL_TRAIN,4,CONDITIONAL_SKIP,,,,,,,,,STAGE18_RESOURCE_CONSTRAINED_SINGLE_REPEAT_ALL_REFIT_ROLES
P02-A4-PhysioNetMI-NEURAL-A4-C2-MULTI-HARD-VOTE-FULL_TRAIN-MR04,PhysioNetMI,A4-C2-MULTI-HARD-VOTE,NEURAL,FULL_TRAIN,4,CONDITIONAL_SKIP,,,,,,,,,STAGE18_RESOURCE_CONSTRAINED_SINGLE_REPEAT_ALL_REFIT_ROLES
P02-A4-PhysioNetMI-NEURAL-A4-C3-MULTI-PROB-AVG-FULL_TRAIN-MR04,PhysioNetMI,A4-C3-MULTI-PROB-AVG,NEURAL,FULL_TRAIN,4,CONDITIONAL_SKIP,,,,,,,,,STAGE18_RESOURCE_CONSTRAINED_SINGLE_REPEAT_ALL_REFIT_ROLES
P02-A4-PhysioNetMI-SSL-A4-C0-CORE-FULL_TRAIN-MR00,PhysioNetMI,A4-C0-CORE,SSL,FULL_TRAIN,0,SUCCESS,3.0,3.0,1,1,DIRECT_CORE,0.009526664998702472,0.010064354199857916,0.0,
P02-A4-PhysioNetMI-SSL-A4-C1-LONG-3P5S-FULL_TRAIN-MR00,PhysioNetMI,A4-C1-LONG-3P5S,SSL,FULL_TRAIN,0,INPUT_INCOMPATIBLE,,,,,,,,,A4_MEMBER_UNAVAILABLE
P02-A4-PhysioNetMI-SSL-A4-C2-MULTI-HARD-VOTE-FULL_TRAIN-MR00,PhysioNetMI,A4-C2-MULTI-HARD-VOTE,SSL,FULL_TRAIN,0,SUCCESS,2.0,3.5,3,3,HARD_VOTE,0.13984449799954746,0.13984449799954746,0.005141306000950863,
P02-A4-PhysioNetMI-SSL-A4-C3-MULTI-PROB-AVG-FULL_TRAIN-MR00,PhysioNetMI,A4-C3-MULTI-PROB-AVG,SSL,FULL_TRAIN,0,SUCCESS,2.0,3.5,3,3,PROBABILITY_AVERAGE,0.13984449799954746,0.13984449799954746,0.0026529899987508543,
P02-A4-PhysioNetMI-SSL-A4-C0-CORE-FULL_TRAIN-MR01,PhysioNetMI,A4-C0-CORE,SSL,FULL_TRAIN,1,SUCCESS,3.0,3.0,1,1,DIRECT_CORE,0.009935620000760537,0.010387186600564747,0.0,
P02-A4-PhysioNetMI-SSL-A4-C1-LONG-3P5S-FULL_TRAIN-MR01,PhysioNetMI,A4-C1-LONG-3P5S,SSL,FULL_TRAIN,1,CONDITIONAL_SKIP,,,,,,,,,STAGE18_RESOURCE_CONSTRAINED_SINGLE_REPEAT_ALL_REFIT_ROLES
P02-A4-PhysioNetMI-SSL-A4-C2-MULTI-HARD-VOTE-FULL_TRAIN-MR01,PhysioNetMI,A4-C2-MULTI-HARD-VOTE,SSL,FULL_TRAIN,1,CONDITIONAL_SKIP,,,,,,,,,STAGE18_RESOURCE_CONSTRAINED_SINGLE_REPEAT_ALL_REFIT_ROLES
P02-A4-PhysioNetMI-SSL-A4-C3-MULTI-PROB-AVG-FULL_TRAIN-MR01,PhysioNetMI,A4-C3-MULTI-PROB-AVG,SSL,FULL_TRAIN,1,CONDITIONAL_SKIP,,,,,,,,,STAGE18_RESOURCE_CONSTRAINED_SINGLE_REPEAT_ALL_REFIT_ROLES
P02-A4-PhysioNetMI-SSL-A4-C0-CORE-FULL_TRAIN-MR02,PhysioNetMI,A4-C0-CORE,SSL,FULL_TRAIN,2,SUCCESS,3.0,3.0,1,1,DIRECT_CORE,0.010369965000791126,0.010844374400403468,0.0,
P02-A4-PhysioNetMI-SSL-A4-C1-LONG-3P5S-FULL_TRAIN-MR02,PhysioNetMI,A4-C1-LONG-3P5S,SSL,FULL_TRAIN,2,CONDITIONAL_SKIP,,,,,,,,,STAGE18_RESOURCE_CONSTRAINED_SINGLE_REPEAT_ALL_REFIT_ROLES
P02-A4-PhysioNetMI-SSL-A4-C2-MULTI-HARD-VOTE-FULL_TRAIN-MR02,PhysioNetMI,A4-C2-MULTI-HARD-VOTE,SSL,FULL_TRAIN,2,CONDITIONAL_SKIP,,,,,,,,,STAGE18_RESOURCE_CONSTRAINED_SINGLE_REPEAT_ALL_REFIT_ROLES
P02-A4-PhysioNetMI-SSL-A4-C3-MULTI-PROB-AVG-FULL_TRAIN-MR02,PhysioNetMI,A4-C3-MULTI-PROB-AVG,SSL,FULL_TRAIN,2,CONDITIONAL_SKIP,,,,,,,,,STAGE18_RESOURCE_CONSTRAINED_SINGLE_REPEAT_ALL_REFIT_ROLES
P02-A4-PhysioNetMI-SSL-A4-C0-CORE-FULL_TRAIN-MR03,PhysioNetMI,A4-C0-CORE,SSL,FULL_TRAIN,3,SUCCESS,3.0,3.0,1,1,DIRECT_CORE,0.009842663999734214,0.010015918600038276,0.0,
P02-A4-PhysioNetMI-SSL-A4-C1-LONG-3P5S-FULL_TRAIN-MR03,PhysioNetMI,A4-C1-LONG-3P5S,SSL,FULL_TRAIN,3,CONDITIONAL_SKIP,,,,,,,,,STAGE18_RESOURCE_CONSTRAINED_SINGLE_REPEAT_ALL_REFIT_ROLES
P02-A4-PhysioNetMI-SSL-A4-C2-MULTI-HARD-VOTE-FULL_TRAIN-MR03,PhysioNetMI,A4-C2-MULTI-HARD-VOTE,SSL,FULL_TRAIN,3,CONDITIONAL_SKIP,,,,,,,,,STAGE18_RESOURCE_CONSTRAINED_SINGLE_REPEAT_ALL_REFIT_ROLES
P02-A4-PhysioNetMI-SSL-A4-C3-MULTI-PROB-AVG-FULL_TRAIN-MR03,PhysioNetMI,A4-C3-MULTI-PROB-AVG,SSL,FULL_TRAIN,3,CONDITIONAL_SKIP,,,,,,,,,STAGE18_RESOURCE_CONSTRAINED_SINGLE_REPEAT_ALL_REFIT_ROLES
P02-A4-PhysioNetMI-SSL-A4-C0-CORE-FULL_TRAIN-MR04,PhysioNetMI,A4-C0-CORE,SSL,FULL_TRAIN,4,SUCCESS,3.0,3.0,1,1,DIRECT_CORE,0.009877082000457449,0.010415697200005524,0.0,
P02-A4-PhysioNetMI-SSL-A4-C1-LONG-3P5S-FULL_TRAIN-MR04,PhysioNetMI,A4-C1-LONG-3P5S,SSL,FULL_TRAIN,4,CONDITIONAL_SKIP,,,,,,,,,STAGE18_RESOURCE_CONSTRAINED_SINGLE_REPEAT_ALL_REFIT_ROLES
P02-A4-PhysioNetMI-SSL-A4-C2-MULTI-HARD-VOTE-FULL_TRAIN-MR04,PhysioNetMI,A4-C2-MULTI-HARD-VOTE,SSL,FULL_TRAIN,4,CONDITIONAL_SKIP,,,,,,,,,STAGE18_RESOURCE_CONSTRAINED_SINGLE_REPEAT_ALL_REFIT_ROLES
P02-A4-PhysioNetMI-SSL-A4-C3-MULTI-PROB-AVG-FULL_TRAIN-MR04,PhysioNetMI,A4-C3-MULTI-PROB-AVG,SSL,FULL_TRAIN,4,CONDITIONAL_SKIP,,,,,,,,,STAGE18_RESOURCE_CONSTRAINED_SINGLE_REPEAT_ALL_REFIT_ROLES
P02-A4-PhysioNetMI-ENSEMBLE-A4-C4-MODEL-HARD-VOTE-FULL_TRAIN-ER00,PhysioNetMI,A4-C4-MODEL-HARD-VOTE,FIXED_MODEL_ENSEMBLE,FULL_TRAIN,0,SUCCESS,3.0,3.0,4,4,HARD_VOTE,0.0525140880017716,0.055126851399109,0.013140764000127092,
P02-A4-PhysioNetMI-ENSEMBLE-A4-C5-MODEL-PROB-AVG-FULL_TRAIN-ER00,PhysioNetMI,A4-C5-MODEL-PROB-AVG,FIXED_MODEL_ENSEMBLE,FULL_TRAIN,0,SUCCESS,3.0,3.0,4,4,PROBABILITY_AVERAGE,0.0525140880017716,0.055126851399109,0.000752018999264692,
P02-A4-PhysioNetMI-ENSEMBLE-A4-C4-MODEL-HARD-VOTE-FULL_TRAIN-ER01,PhysioNetMI,A4-C4-MODEL-HARD-VOTE,FIXED_MODEL_ENSEMBLE,FULL_TRAIN,1,SUCCESS,3.0,3.0,4,4,HARD_VOTE,0.05288051000388805,0.05547411600127816,0.01268179799990321,
P02-A4-PhysioNetMI-ENSEMBLE-A4-C5-MODEL-PROB-AVG-FULL_TRAIN-ER01,PhysioNetMI,A4-C5-MODEL-PROB-AVG,FIXED_MODEL_ENSEMBLE,FULL_TRAIN,1,SUCCESS,3.0,3.0,4,4,PROBABILITY_AVERAGE,0.05288051000388805,0.05547411600127816,0.0010067510011140257,
P02-A4-PhysioNetMI-ENSEMBLE-A4-C4-MODEL-HARD-VOTE-FULL_TRAIN-ER02,PhysioNetMI,A4-C4-MODEL-HARD-VOTE,FIXED_MODEL_ENSEMBLE,FULL_TRAIN,2,SUCCESS,3.0,3.0,4,4,HARD_VOTE,0.053318012001909665,0.05596707839904412,0.004507695000938838,
P02-A4-PhysioNetMI-ENSEMBLE-A4-C5-MODEL-PROB-AVG-FULL_TRAIN-ER02,PhysioNetMI,A4-C5-MODEL-PROB-AVG,FIXED_MODEL_ENSEMBLE,FULL_TRAIN,2,SUCCESS,3.0,3.0,4,4,PROBABILITY_AVERAGE,0.053318012001909665,0.05596707839904412,0.0010779459989862517,
P02-A4-PhysioNetMI-ENSEMBLE-A4-C4-MODEL-HARD-VOTE-FULL_TRAIN-ER03,PhysioNetMI,A4-C4-MODEL-HARD-VOTE,FIXED_MODEL_ENSEMBLE,FULL_TRAIN,3,SUCCESS,3.0,3.0,4,4,HARD_VOTE,0.05286378200253239,0.05518083440074406,0.013362189998588292,
P02-A4-PhysioNetMI-ENSEMBLE-A4-C5-MODEL-PROB-AVG-FULL_TRAIN-ER03,PhysioNetMI,A4-C5-MODEL-PROB-AVG,FIXED_MODEL_ENSEMBLE,FULL_TRAIN,3,SUCCESS,3.0,3.0,4,4,PROBABILITY_AVERAGE,0.05286378200253239,0.05518083440074406,0.0005501770010596374,
P02-A4-PhysioNetMI-ENSEMBLE-A4-C4-MODEL-HARD-VOTE-FULL_TRAIN-ER04,PhysioNetMI,A4-C4-MODEL-HARD-VOTE,FIXED_MODEL_ENSEMBLE,FULL_TRAIN,4,SUCCESS,3.0,3.0,4,4,HARD_VOTE,0.05390107200582861,0.0571194166001078,0.012357244000668288,
P02-A4-PhysioNetMI-ENSEMBLE-A4-C5-MODEL-PROB-AVG-FULL_TRAIN-ER04,PhysioNetMI,A4-C5-MODEL-PROB-AVG,FIXED_MODEL_ENSEMBLE,FULL_TRAIN,4,SUCCESS,3.0,3.0,4,4,PROBABILITY_AVERAGE,0.05390107200582861,0.0571194166001078,0.0007389399997919099,
P02-A4-PhysioNetMI-CLASSICAL-A4-C0-CORE-P01-L1-LOW-CAL-OFFICIAL-R2:1_PER_CLASS-MR00,PhysioNetMI,A4-C0-CORE,CLASSICAL,P01-L1-LOW-CAL-OFFICIAL-R2:1_PER_CLASS,0,NOT_APPLICABLE_REPEAT_SLOT,,,,,,,,,NO_VALIDATION_SELECTED_REPRESENTATIVE
P02-A4-PhysioNetMI-CLASSICAL-A4-C1-LONG-3P5S-P01-L1-LOW-CAL-OFFICIAL-R2:1_PER_CLASS-MR00,PhysioNetMI,A4-C1-LONG-3P5S,CLASSICAL,P01-L1-LOW-CAL-OFFICIAL-R2:1_PER_CLASS,0,NOT_APPLICABLE_REPEAT_SLOT,,,,,,,,,NO_VALIDATION_SELECTED_REPRESENTATIVE
P02-A4-PhysioNetMI-CLASSICAL-A4-C2-MULTI-HARD-VOTE-P01-L1-LOW-CAL-OFFICIAL-R2:1_PER_CLASS-MR00,PhysioNetMI,A4-C2-MULTI-HARD-VOTE,CLASSICAL,P01-L1-LOW-CAL-OFFICIAL-R2:1_PER_CLASS,0,NOT_APPLICABLE_REPEAT_SLOT,,,,,,,,,NO_VALIDATION_SELECTED_REPRESENTATIVE
P02-A4-PhysioNetMI-CLASSICAL-A4-C3-MULTI-PROB-AVG-P01-L1-LOW-CAL-OFFICIAL-R2:1_PER_CLASS-MR00,PhysioNetMI,A4-C3-MULTI-PROB-AVG,CLASSICAL,P01-L1-LOW-CAL-OFFICIAL-R2:1_PER_CLASS,0,NOT_APPLICABLE_REPEAT_SLOT,,,,,,,,,NO_VALIDATION_SELECTED_REPRESENTATIVE
P02-A4-PhysioNetMI-RIEMANNIAN-A4-C0-CORE-P01-L1-LOW-CAL-OFFICIAL-R2:1_PER_CLASS-MR00,PhysioNetMI,A4-C0-CORE,RIEMANNIAN,P01-L1-LOW-CAL-OFFICIAL-R2:1_PER_CLASS,0,SUCCESS,3.0,3.0,1,1,DIRECT_CORE,0.00909663199854549,0.009291772401775233,0.0,
P02-A4-PhysioNetMI-RIEMANNIAN-A4-C1-LONG-3P5S-P01-L1-LOW-CAL-OFFICIAL-R2:1_PER_CLASS-MR00,PhysioNetMI,A4-C1-LONG-3P5S,RIEMANNIAN,P01-L1-LOW-CAL-OFFICIAL-R2:1_PER_CLASS,0,SUCCESS,3.5,3.5,1,1,DIRECT_LONG,0.030025863999981084,0.06578407300039543,0.0,
P02-A4-PhysioNetMI-RIEMANNIAN-A4-C2-MULTI-HARD-VOTE-P01-L1-LOW-CAL-OFFICIAL-R2:1_PER_CLASS-MR00,PhysioNetMI,A4-C2-MULTI-HARD-VOTE,RIEMANNIAN,P01-L1-LOW-CAL-OFFICIAL-R2:1_PER_CLASS,0,SUCCESS,2.0,3.5,3,3,HARD_VOTE,0.07860420199904183,0.10073589799976618,0.004734210999231436,
P02-A4-PhysioNetMI-RIEMANNIAN-A4-C3-MULTI-PROB-AVG-P01-L1-LOW-CAL-OFFICIAL-R2:1_PER_CLASS-MR00,PhysioNetMI,A4-C3-MULTI-PROB-AVG,RIEMANNIAN,P01-L1-LOW-CAL-OFFICIAL-R2:1_PER_CLASS,0,SUCCESS,2.0,3.5,3,3,PROBABILITY_AVERAGE,0.07860420199904183,0.10073589799976618,0.0028099290011596167,
P02-A4-PhysioNetMI-NEURAL-A4-C0-CORE-P01-L1-LOW-CAL-OFFICIAL-R2:1_PER_CLASS-MR00,PhysioNetMI,A4-C0-CORE,NEURAL,P01-L1-LOW-CAL-OFFICIAL-R2:1_PER_CLASS,0,SUCCESS,3.0,3.0,1,1,DIRECT_CORE,0.0013020260012126528,0.002997215001232689,0.0,
P02-A4-PhysioNetMI-NEURAL-A4-C1-LONG-3P5S-P01-L1-LOW-CAL-OFFICIAL-R2:1_PER_CLASS-MR00,PhysioNetMI,A4-C1-LONG-3P5S,NEURAL,P01-L1-LOW-CAL-OFFICIAL-R2:1_PER_CLASS,0,SUCCESS,3.5,3.5,1,1,DIRECT_LONG,0.013549540999520104,0.013549540999520104,0.0,
P02-A4-PhysioNetMI-NEURAL-A4-C2-MULTI-HARD-VOTE-P01-L1-LOW-CAL-OFFICIAL-R2:1_PER_CLASS-MR00,PhysioNetMI,A4-C2-MULTI-HARD-VOTE,NEURAL,P01-L1-LOW-CAL-OFFICIAL-R2:1_PER_CLASS,0,SUCCESS,2.0,3.5,3,3,HARD_VOTE,0.034876138999607065,0.034876138999607065,0.018104021000908688,
P02-A4-PhysioNetMI-NEURAL-A4-C3-MULTI-PROB-AVG-P01-L1-LOW-CAL-OFFICIAL-R2:1_PER_CLASS-MR00,PhysioNetMI,A4-C3-MULTI-PROB-AVG,NEURAL,P01-L1-LOW-CAL-OFFICIAL-R2:1_PER_CLASS,0,SUCCESS,2.0,3.5,3,3,PROBABILITY_AVERAGE,0.034876138999607065,0.034876138999607065,0.008340006999787875,
P02-A4-PhysioNetMI-NEURAL-A4-C0-CORE-P01-L1-LOW-CAL-OFFICIAL-R2:1_PER_CLASS-MR01,PhysioNetMI,A4-C0-CORE,NEURAL,P01-L1-LOW-CAL-OFFICIAL-R2:1_PER_CLASS,1,SUCCESS,3.0,3.0,1,1,DIRECT_CORE,0.0012411530005920213,0.001959295598499011,0.0,
P02-A4-PhysioNetMI-NEURAL-A4-C1-LONG-3P5S-P01-L1-LOW-CAL-OFFICIAL-R2:1_PER_CLASS-MR01,PhysioNetMI,A4-C1-LONG-3P5S,NEURAL,P01-L1-LOW-CAL-OFFICIAL-R2:1_PER_CLASS,1,CONDITIONAL_SKIP,,,,,,,,,STAGE18_RESOURCE_CONSTRAINED_SINGLE_REPEAT_ALL_REFIT_ROLES
P02-A4-PhysioNetMI-NEURAL-A4-C2-MULTI-HARD-VOTE-P01-L1-LOW-CAL-OFFICIAL-R2:1_PER_CLASS-MR01,PhysioNetMI,A4-C2-MULTI-HARD-VOTE,NEURAL,P01-L1-LOW-CAL-OFFICIAL-R2:1_PER_CLASS,1,CONDITIONAL_SKIP,,,,,,,,,STAGE18_RESOURCE_CONSTRAINED_SINGLE_REPEAT_ALL_REFIT_ROLES
P02-A4-PhysioNetMI-NEURAL-A4-C3-MULTI-PROB-AVG-P01-L1-LOW-CAL-OFFICIAL-R2:1_PER_CLASS-MR01,PhysioNetMI,A4-C3-MULTI-PROB-AVG,NEURAL,P01-L1-LOW-CAL-OFFICIAL-R2:1_PER_CLASS,1,CONDITIONAL_SKIP,,,,,,,,,STAGE18_RESOURCE_CONSTRAINED_SINGLE_REPEAT_ALL_REFIT_ROLES
P02-A4-PhysioNetMI-NEURAL-A4-C0-CORE-P01-L1-LOW-CAL-OFFICIAL-R2:1_PER_CLASS-MR02,PhysioNetMI,A4-C0-CORE,NEURAL,P01-L1-LOW-CAL-OFFICIAL-R2:1_PER_CLASS,2,SUCCESS,3.0,3.0,1,1,DIRECT_CORE,0.0012717770005110651,0.002034257203195011,0.0,
P02-A4-PhysioNetMI-NEURAL-A4-C1-LONG-3P5S-P01-L1-LOW-CAL-OFFICIAL-R2:1_PER_CLASS-MR02,PhysioNetMI,A4-C1-LONG-3P5S,NEURAL,P01-L1-LOW-CAL-OFFICIAL-R2:1_PER_CLASS,2,CONDITIONAL_SKIP,,,,,,,,,STAGE18_RESOURCE_CONSTRAINED_SINGLE_REPEAT_ALL_REFIT_ROLES
P02-A4-PhysioNetMI-NEURAL-A4-C2-MULTI-HARD-VOTE-P01-L1-LOW-CAL-OFFICIAL-R2:1_PER_CLASS-MR02,PhysioNetMI,A4-C2-MULTI-HARD-VOTE,NEURAL,P01-L1-LOW-CAL-OFFICIAL-R2:1_PER_CLASS,2,CONDITIONAL_SKIP,,,,,,,,,STAGE18_RESOURCE_CONSTRAINED_SINGLE_REPEAT_ALL_REFIT_ROLES
P02-A4-PhysioNetMI-NEURAL-A4-C3-MULTI-PROB-AVG-P01-L1-LOW-CAL-OFFICIAL-R2:1_PER_CLASS-MR02,PhysioNetMI,A4-C3-MULTI-PROB-AVG,NEURAL,P01-L1-LOW-CAL-OFFICIAL-R2:1_PER_CLASS,2,CONDITIONAL_SKIP,,,,,,,,,STAGE18_RESOURCE_CONSTRAINED_SINGLE_REPEAT_ALL_REFIT_ROLES
P02-A4-PhysioNetMI-NEURAL-A4-C0-CORE-P01-L1-LOW-CAL-OFFICIAL-R2:1_PER_CLASS-MR03,PhysioNetMI,A4-C0-CORE,NEURAL,P01-L1-LOW-CAL-OFFICIAL-R2:1_PER_CLASS,3,SUCCESS,3.0,3.0,1,1,DIRECT_CORE,0.0012903749993711244,0.0019436828006291762,0.0,
P02-A4-PhysioNetMI-NEURAL-A4-C1-LONG-3P5S-P01-L1-LOW-CAL-OFFICIAL-R2:1_PER_CLASS-MR03,PhysioNetMI,A4-C1-LONG-3P5S,NEURAL,P01-L1-LOW-CAL-OFFICIAL-R2:1_PER_CLASS,3,CONDITIONAL_SKIP,,,,,,,,,STAGE18_RESOURCE_CONSTRAINED_SINGLE_REPEAT_ALL_REFIT_ROLES
P02-A4-PhysioNetMI-NEURAL-A4-C2-MULTI-HARD-VOTE-P01-L1-LOW-CAL-OFFICIAL-R2:1_PER_CLASS-MR03,PhysioNetMI,A4-C2-MULTI-HARD-VOTE,NEURAL,P01-L1-LOW-CAL-OFFICIAL-R2:1_PER_CLASS,3,CONDITIONAL_SKIP,,,,,,,,,STAGE18_RESOURCE_CONSTRAINED_SINGLE_REPEAT_ALL_REFIT_ROLES
P02-A4-PhysioNetMI-NEURAL-A4-C3-MULTI-PROB-AVG-P01-L1-LOW-CAL-OFFICIAL-R2:1_PER_CLASS-MR03,PhysioNetMI,A4-C3-MULTI-PROB-AVG,NEURAL,P01-L1-LOW-CAL-OFFICIAL-R2:1_PER_CLASS,3,CONDITIONAL_SKIP,,,,,,,,,STAGE18_RESOURCE_CONSTRAINED_SINGLE_REPEAT_ALL_REFIT_ROLES
P02-A4-PhysioNetMI-NEURAL-A4-C0-CORE-P01-L1-LOW-CAL-OFFICIAL-R2:1_PER_CLASS-MR04,PhysioNetMI,A4-C0-CORE,NEURAL,P01-L1-LOW-CAL-OFFICIAL-R2:1_PER_CLASS,4,SUCCESS,3.0,3.0,1,1,DIRECT_CORE,0.0013597420002042782,0.002059758199902717,0.0,
P02-A4-PhysioNetMI-NEURAL-A4-C1-LONG-3P5S-P01-L1-LOW-CAL-OFFICIAL-R2:1_PER_CLASS-MR04,PhysioNetMI,A4-C1-LONG-3P5S,NEURAL,P01-L1-LOW-CAL-OFFICIAL-R2:1_PER_CLASS,4,CONDITIONAL_SKIP,,,,,,,,,STAGE18_RESOURCE_CONSTRAINED_SINGLE_REPEAT_ALL_REFIT_ROLES
P02-A4-PhysioNetMI-NEURAL-A4-C2-MULTI-HARD-VOTE-P01-L1-LOW-CAL-OFFICIAL-R2:1_PER_CLASS-MR04,PhysioNetMI,A4-C2-MULTI-HARD-VOTE,NEURAL,P01-L1-LOW-CAL-OFFICIAL-R2:1_PER_CLASS,4,CONDITIONAL_SKIP,,,,,,,,,STAGE18_RESOURCE_CONSTRAINED_SINGLE_REPEAT_ALL_REFIT_ROLES
P02-A4-PhysioNetMI-NEURAL-A4-C3-MULTI-PROB-AVG-P01-L1-LOW-CAL-OFFICIAL-R2:1_PER_CLASS-MR04,PhysioNetMI,A4-C3-MULTI-PROB-AVG,NEURAL,P01-L1-LOW-CAL-OFFICIAL-R2:1_PER_CLASS,4,CONDITIONAL_SKIP,,,,,,,,,STAGE18_RESOURCE_CONSTRAINED_SINGLE_REPEAT_ALL_REFIT_ROLES
P02-A4-PhysioNetMI-SSL-A4-C0-CORE-P01-L1-LOW-CAL-OFFICIAL-R2:1_PER_CLASS-MR00,PhysioNetMI,A4-C0-CORE,SSL,P01-L1-LOW-CAL-OFFICIAL-R2:1_PER_CLASS,0,SUCCESS,3.0,3.0,1,1,DIRECT_CORE,0.010524378998525208,0.012086804000500705,0.0,
P02-A4-PhysioNetMI-SSL-A4-C1-LONG-3P5S-P01-L1-LOW-CAL-OFFICIAL-R2:1_PER_CLASS-MR00,PhysioNetMI,A4-C1-LONG-3P5S,SSL,P01-L1-LOW-CAL-OFFICIAL-R2:1_PER_CLASS,0,INPUT_INCOMPATIBLE,,,,,,,,,A4_MEMBER_UNAVAILABLE
P02-A4-PhysioNetMI-SSL-A4-C2-MULTI-HARD-VOTE-P01-L1-LOW-CAL-OFFICIAL-R2:1_PER_CLASS-MR00,PhysioNetMI,A4-C2-MULTI-HARD-VOTE,SSL,P01-L1-LOW-CAL-OFFICIAL-R2:1_PER_CLASS,0,SUCCESS,2.0,3.5,3,3,HARD_VOTE,0.9192603289975523,0.9192603289975523,0.014846703999864985,
P02-A4-PhysioNetMI-SSL-A4-C3-MULTI-PROB-AVG-P01-L1-LOW-CAL-OFFICIAL-R2:1_PER_CLASS-MR00,PhysioNetMI,A4-C3-MULTI-PROB-AVG,SSL,P01-L1-LOW-CAL-OFFICIAL-R2:1_PER_CLASS,0,SUCCESS,2.0,3.5,3,3,PROBABILITY_AVERAGE,0.9192603289975523,0.9192603289975523,0.0028422380000847625,
P02-A4-PhysioNetMI-SSL-A4-C0-CORE-P01-L1-LOW-CAL-OFFICIAL-R2:1_PER_CLASS-MR01,PhysioNetMI,A4-C0-CORE,SSL,P01-L1-LOW-CAL-OFFICIAL-R2:1_PER_CLASS,1,SUCCESS,3.0,3.0,1,1,DIRECT_CORE,0.01041024099868082,0.011289666800075792,0.0,
P02-A4-PhysioNetMI-SSL-A4-C1-LONG-3P5S-P01-L1-LOW-CAL-OFFICIAL-R2:1_PER_CLASS-MR01,PhysioNetMI,A4-C1-LONG-3P5S,SSL,P01-L1-LOW-CAL-OFFICIAL-R2:1_PER_CLASS,1,CONDITIONAL_SKIP,,,,,,,,,STAGE18_RESOURCE_CONSTRAINED_SINGLE_REPEAT_ALL_REFIT_ROLES
P02-A4-PhysioNetMI-SSL-A4-C2-MULTI-HARD-VOTE-P01-L1-LOW-CAL-OFFICIAL-R2:1_PER_CLASS-MR01,PhysioNetMI,A4-C2-MULTI-HARD-VOTE,SSL,P01-L1-LOW-CAL-OFFICIAL-R2:1_PER_CLASS,1,CONDITIONAL_SKIP,,,,,,,,,STAGE18_RESOURCE_CONSTRAINED_SINGLE_REPEAT_ALL_REFIT_ROLES
P02-A4-PhysioNetMI-SSL-A4-C3-MULTI-PROB-AVG-P01-L1-LOW-CAL-OFFICIAL-R2:1_PER_CLASS-MR01,PhysioNetMI,A4-C3-MULTI-PROB-AVG,SSL,P01-L1-LOW-CAL-OFFICIAL-R2:1_PER_CLASS,1,CONDITIONAL_SKIP,,,,,,,,,STAGE18_RESOURCE_CONSTRAINED_SINGLE_REPEAT_ALL_REFIT_ROLES
P02-A4-PhysioNetMI-SSL-A4-C0-CORE-P01-L1-LOW-CAL-OFFICIAL-R2:1_PER_CLASS-MR02,PhysioNetMI,A4-C0-CORE,SSL,P01-L1-LOW-CAL-OFFICIAL-R2:1_PER_CLASS,2,SUCCESS,3.0,3.0,1,1,DIRECT_CORE,0.01050991400006751,0.01092217139994318,0.0,
P02-A4-PhysioNetMI-SSL-A4-C1-LONG-3P5S-P01-L1-LOW-CAL-OFFICIAL-R2:1_PER_CLASS-MR02,PhysioNetMI,A4-C1-LONG-3P5S,SSL,P01-L1-LOW-CAL-OFFICIAL-R2:1_PER_CLASS,2,CONDITIONAL_SKIP,,,,,,,,,STAGE18_RESOURCE_CONSTRAINED_SINGLE_REPEAT_ALL_REFIT_ROLES
P02-A4-PhysioNetMI-SSL-A4-C2-MULTI-HARD-VOTE-P01-L1-LOW-CAL-OFFICIAL-R2:1_PER_CLASS-MR02,PhysioNetMI,A4-C2-MULTI-HARD-VOTE,SSL,P01-L1-LOW-CAL-OFFICIAL-R2:1_PER_CLASS,2,CONDITIONAL_SKIP,,,,,,,,,STAGE18_RESOURCE_CONSTRAINED_SINGLE_REPEAT_ALL_REFIT_ROLES
P02-A4-PhysioNetMI-SSL-A4-C3-MULTI-PROB-AVG-P01-L1-LOW-CAL-OFFICIAL-R2:1_PER_CLASS-MR02,PhysioNetMI,A4-C3-MULTI-PROB-AVG,SSL,P01-L1-LOW-CAL-OFFICIAL-R2:1_PER_CLASS,2,CONDITIONAL_SKIP,,,,,,,,,STAGE18_RESOURCE_CONSTRAINED_SINGLE_REPEAT_ALL_REFIT_ROLES
P02-A4-PhysioNetMI-SSL-A4-C0-CORE-P01-L1-LOW-CAL-OFFICIAL-R2:1_PER_CLASS-MR03,PhysioNetMI,A4-C0-CORE,SSL,P01-L1-LOW-CAL-OFFICIAL-R2:1_PER_CLASS,3,SUCCESS,3.0,3.0,1,1,DIRECT_CORE,0.0102955540005496,0.010787739400620921,0.0,
P02-A4-PhysioNetMI-SSL-A4-C1-LONG-3P5S-P01-L1-LOW-CAL-OFFICIAL-R2:1_PER_CLASS-MR03,PhysioNetMI,A4-C1-LONG-3P5S,SSL,P01-L1-LOW-CAL-OFFICIAL-R2:1_PER_CLASS,3,CONDITIONAL_SKIP,,,,,,,,,STAGE18_RESOURCE_CONSTRAINED_SINGLE_REPEAT_ALL_REFIT_ROLES
P02-A4-PhysioNetMI-SSL-A4-C2-MULTI-HARD-VOTE-P01-L1-LOW-CAL-OFFICIAL-R2:1_PER_CLASS-MR03,PhysioNetMI,A4-C2-MULTI-HARD-VOTE,SSL,P01-L1-LOW-CAL-OFFICIAL-R2:1_PER_CLASS,3,CONDITIONAL_SKIP,,,,,,,,,STAGE18_RESOURCE_CONSTRAINED_SINGLE_REPEAT_ALL_REFIT_ROLES
P02-A4-PhysioNetMI-SSL-A4-C3-MULTI-PROB-AVG-P01-L1-LOW-CAL-OFFICIAL-R2:1_PER_CLASS-MR03,PhysioNetMI,A4-C3-MULTI-PROB-AVG,SSL,P01-L1-LOW-CAL-OFFICIAL-R2:1_PER_CLASS,3,CONDITIONAL_SKIP,,,,,,,,,STAGE18_RESOURCE_CONSTRAINED_SINGLE_REPEAT_ALL_REFIT_ROLES
P02-A4-PhysioNetMI-SSL-A4-C0-CORE-P01-L1-LOW-CAL-OFFICIAL-R2:1_PER_CLASS-MR04,PhysioNetMI,A4-C0-CORE,SSL,P01-L1-LOW-CAL-OFFICIAL-R2:1_PER_CLASS,4,SUCCESS,3.0,3.0,1,1,DIRECT_CORE,0.010063387999252882,0.010439996399873053,0.0,
P02-A4-PhysioNetMI-SSL-A4-C1-LONG-3P5S-P01-L1-LOW-CAL-OFFICIAL-R2:1_PER_CLASS-MR04,PhysioNetMI,A4-C1-LONG-3P5S,SSL,P01-L1-LOW-CAL-OFFICIAL-R2:1_PER_CLASS,4,CONDITIONAL_SKIP,,,,,,,,,STAGE18_RESOURCE_CONSTRAINED_SINGLE_REPEAT_ALL_REFIT_ROLES
P02-A4-PhysioNetMI-SSL-A4-C2-MULTI-HARD-VOTE-P01-L1-LOW-CAL-OFFICIAL-R2:1_PER_CLASS-MR04,PhysioNetMI,A4-C2-MULTI-HARD-VOTE,SSL,P01-L1-LOW-CAL-OFFICIAL-R2:1_PER_CLASS,4,CONDITIONAL_SKIP,,,,,,,,,STAGE18_RESOURCE_CONSTRAINED_SINGLE_REPEAT_ALL_REFIT_ROLES
P02-A4-PhysioNetMI-SSL-A4-C3-MULTI-PROB-AVG-P01-L1-LOW-CAL-OFFICIAL-R2:1_PER_CLASS-MR04,PhysioNetMI,A4-C3-MULTI-PROB-AVG,SSL,P01-L1-LOW-CAL-OFFICIAL-R2:1_PER_CLASS,4,CONDITIONAL_SKIP,,,,,,,,,STAGE18_RESOURCE_CONSTRAINED_SINGLE_REPEAT_ALL_REFIT_ROLES
P02-A4-PhysioNetMI-ENSEMBLE-A4-C4-MODEL-HARD-VOTE-P01-L1-LOW-CAL-OFFICIAL-R2:1_PER_CLASS-ER00,PhysioNetMI,A4-C4-MODEL-HARD-VOTE,FIXED_MODEL_ENSEMBLE,P01-L1-LOW-CAL-OFFICIAL-R2:1_PER_CLASS,0,NOT_APPLICABLE_REPEAT_SLOT,,,,,,,,,MINIMUM_ENSEMBLE_ROLES_NOT_AVAILABLE
P02-A4-PhysioNetMI-ENSEMBLE-A4-C5-MODEL-PROB-AVG-P01-L1-LOW-CAL-OFFICIAL-R2:1_PER_CLASS-ER00,PhysioNetMI,A4-C5-MODEL-PROB-AVG,FIXED_MODEL_ENSEMBLE,P01-L1-LOW-CAL-OFFICIAL-R2:1_PER_CLASS,0,NOT_APPLICABLE_REPEAT_SLOT,,,,,,,,,MINIMUM_ENSEMBLE_ROLES_NOT_AVAILABLE
P02-A4-PhysioNetMI-ENSEMBLE-A4-C4-MODEL-HARD-VOTE-P01-L1-LOW-CAL-OFFICIAL-R2:1_PER_CLASS-ER01,PhysioNetMI,A4-C4-MODEL-HARD-VOTE,FIXED_MODEL_ENSEMBLE,P01-L1-LOW-CAL-OFFICIAL-R2:1_PER_CLASS,1,NOT_APPLICABLE_REPEAT_SLOT,,,,,,,,,MINIMUM_ENSEMBLE_ROLES_NOT_AVAILABLE
P02-A4-PhysioNetMI-ENSEMBLE-A4-C5-MODEL-PROB-AVG-P01-L1-LOW-CAL-OFFICIAL-R2:1_PER_CLASS-ER01,PhysioNetMI,A4-C5-MODEL-PROB-AVG,FIXED_MODEL_ENSEMBLE,P01-L1-LOW-CAL-OFFICIAL-R2:1_PER_CLASS,1,NOT_APPLICABLE_REPEAT_SLOT,,,,,,,,,MINIMUM_ENSEMBLE_ROLES_NOT_AVAILABLE
P02-A4-PhysioNetMI-ENSEMBLE-A4-C4-MODEL-HARD-VOTE-P01-L1-LOW-CAL-OFFICIAL-R2:1_PER_CLASS-ER02,PhysioNetMI,A4-C4-MODEL-HARD-VOTE,FIXED_MODEL_ENSEMBLE,P01-L1-LOW-CAL-OFFICIAL-R2:1_PER_CLASS,2,NOT_APPLICABLE_REPEAT_SLOT,,,,,,,,,MINIMUM_ENSEMBLE_ROLES_NOT_AVAILABLE
P02-A4-PhysioNetMI-ENSEMBLE-A4-C5-MODEL-PROB-AVG-P01-L1-LOW-CAL-OFFICIAL-R2:1_PER_CLASS-ER02,PhysioNetMI,A4-C5-MODEL-PROB-AVG,FIXED_MODEL_ENSEMBLE,P01-L1-LOW-CAL-OFFICIAL-R2:1_PER_CLASS,2,NOT_APPLICABLE_REPEAT_SLOT,,,,,,,,,MINIMUM_ENSEMBLE_ROLES_NOT_AVAILABLE
P02-A4-PhysioNetMI-ENSEMBLE-A4-C4-MODEL-HARD-VOTE-P01-L1-LOW-CAL-OFFICIAL-R2:1_PER_CLASS-ER03,PhysioNetMI,A4-C4-MODEL-HARD-VOTE,FIXED_MODEL_ENSEMBLE,P01-L1-LOW-CAL-OFFICIAL-R2:1_PER_CLASS,3,NOT_APPLICABLE_REPEAT_SLOT,,,,,,,,,MINIMUM_ENSEMBLE_ROLES_NOT_AVAILABLE
P02-A4-PhysioNetMI-ENSEMBLE-A4-C5-MODEL-PROB-AVG-P01-L1-LOW-CAL-OFFICIAL-R2:1_PER_CLASS-ER03,PhysioNetMI,A4-C5-MODEL-PROB-AVG,FIXED_MODEL_ENSEMBLE,P01-L1-LOW-CAL-OFFICIAL-R2:1_PER_CLASS,3,NOT_APPLICABLE_REPEAT_SLOT,,,,,,,,,MINIMUM_ENSEMBLE_ROLES_NOT_AVAILABLE
P02-A4-PhysioNetMI-ENSEMBLE-A4-C4-MODEL-HARD-VOTE-P01-L1-LOW-CAL-OFFICIAL-R2:1_PER_CLASS-ER04,PhysioNetMI,A4-C4-MODEL-HARD-VOTE,FIXED_MODEL_ENSEMBLE,P01-L1-LOW-CAL-OFFICIAL-R2:1_PER_CLASS,4,NOT_APPLICABLE_REPEAT_SLOT,,,,,,,,,MINIMUM_ENSEMBLE_ROLES_NOT_AVAILABLE
P02-A4-PhysioNetMI-ENSEMBLE-A4-C5-MODEL-PROB-AVG-P01-L1-LOW-CAL-OFFICIAL-R2:1_PER_CLASS-ER04,PhysioNetMI,A4-C5-MODEL-PROB-AVG,FIXED_MODEL_ENSEMBLE,P01-L1-LOW-CAL-OFFICIAL-R2:1_PER_CLASS,4,NOT_APPLICABLE_REPEAT_SLOT,,,,,,,,,MINIMUM_ENSEMBLE_ROLES_NOT_AVAILABLE
P02-A4-PhysioNetMI-CLASSICAL-A4-C0-CORE-P01-L1-LOW-CAL-OFFICIAL-R2:2_PER_CLASS-MR00,PhysioNetMI,A4-C0-CORE,CLASSICAL,P01-L1-LOW-CAL-OFFICIAL-R2:2_PER_CLASS,0,SUCCESS,3.0,3.0,1,1,DIRECT_CORE,0.0007210539988591336,0.000864439600991318,0.0,
P02-A4-PhysioNetMI-CLASSICAL-A4-C1-LONG-3P5S-P01-L1-LOW-CAL-OFFICIAL-R2:2_PER_CLASS-MR00,PhysioNetMI,A4-C1-LONG-3P5S,CLASSICAL,P01-L1-LOW-CAL-OFFICIAL-R2:2_PER_CLASS,0,SUCCESS,3.5,3.5,1,1,DIRECT_LONG,0.0011685110002872534,0.014261180598987264,0.0,
P02-A4-PhysioNetMI-CLASSICAL-A4-C2-MULTI-HARD-VOTE-P01-L1-LOW-CAL-OFFICIAL-R2:2_PER_CLASS-MR00,PhysioNetMI,A4-C2-MULTI-HARD-VOTE,CLASSICAL,P01-L1-LOW-CAL-OFFICIAL-R2:2_PER_CLASS,0,SUCCESS,2.0,3.5,3,3,HARD_VOTE,0.00723327899868309,0.030615877797754366,0.003104514000369818,
P02-A4-PhysioNetMI-CLASSICAL-A4-C3-MULTI-PROB-AVG-P01-L1-LOW-CAL-OFFICIAL-R2:2_PER_CLASS-MR00,PhysioNetMI,A4-C3-MULTI-PROB-AVG,CLASSICAL,P01-L1-LOW-CAL-OFFICIAL-R2:2_PER_CLASS,0,SUCCESS,2.0,3.5,3,3,PROBABILITY_AVERAGE,0.00723327899868309,0.030615877797754366,0.004564834000120754,
P02-A4-PhysioNetMI-RIEMANNIAN-A4-C0-CORE-P01-L1-LOW-CAL-OFFICIAL-R2:2_PER_CLASS-MR00,PhysioNetMI,A4-C0-CORE,RIEMANNIAN,P01-L1-LOW-CAL-OFFICIAL-R2:2_PER_CLASS,0,SUCCESS,3.0,3.0,1,1,DIRECT_CORE,0.009444423001696123,0.010049460797017674,0.0,
P02-A4-PhysioNetMI-RIEMANNIAN-A4-C1-LONG-3P5S-P01-L1-LOW-CAL-OFFICIAL-R2:2_PER_CLASS-MR00,PhysioNetMI,A4-C1-LONG-3P5S,RIEMANNIAN,P01-L1-LOW-CAL-OFFICIAL-R2:2_PER_CLASS,0,SUCCESS,3.5,3.5,1,1,DIRECT_LONG,0.012504918000558973,0.023094970599413497,0.0,
P02-A4-PhysioNetMI-RIEMANNIAN-A4-C2-MULTI-HARD-VOTE-P01-L1-LOW-CAL-OFFICIAL-R2:2_PER_CLASS-MR00,PhysioNetMI,A4-C2-MULTI-HARD-VOTE,RIEMANNIAN,P01-L1-LOW-CAL-OFFICIAL-R2:2_PER_CLASS,0,SUCCESS,2.0,3.5,3,3,HARD_VOTE,0.07410711600095965,0.12397328719962389,0.005104150000988739,
P02-A4-PhysioNetMI-RIEMANNIAN-A4-C3-MULTI-PROB-AVG-P01-L1-LOW-CAL-OFFICIAL-R2:2_PER_CLASS-MR00,PhysioNetMI,A4-C3-MULTI-PROB-AVG,RIEMANNIAN,P01-L1-LOW-CAL-OFFICIAL-R2:2_PER_CLASS,0,SUCCESS,2.0,3.5,3,3,PROBABILITY_AVERAGE,0.07410711600095965,0.12397328719962389,0.0027219429994147504,
P02-A4-PhysioNetMI-NEURAL-A4-C0-CORE-P01-L1-LOW-CAL-OFFICIAL-R2:2_PER_CLASS-MR00,PhysioNetMI,A4-C0-CORE,NEURAL,P01-L1-LOW-CAL-OFFICIAL-R2:2_PER_CLASS,0,SUCCESS,3.0,3.0,1,1,DIRECT_CORE,0.0014141669998934958,0.0017919238009199033,0.0,
P02-A4-PhysioNetMI-NEURAL-A4-C1-LONG-3P5S-P01-L1-LOW-CAL-OFFICIAL-R2:2_PER_CLASS-MR00,PhysioNetMI,A4-C1-LONG-3P5S,NEURAL,P01-L1-LOW-CAL-OFFICIAL-R2:2_PER_CLASS,0,CONDITIONAL_SKIP,,,,,,,,,STAGE18_RESOURCE_CONSTRAINED_DEEP_ANCHOR_BUDGET_ONLY
P02-A4-PhysioNetMI-NEURAL-A4-C2-MULTI-HARD-VOTE-P01-L1-LOW-CAL-OFFICIAL-R2:2_PER_CLASS-MR00,PhysioNetMI,A4-C2-MULTI-HARD-VOTE,NEURAL,P01-L1-LOW-CAL-OFFICIAL-R2:2_PER_CLASS,0,CONDITIONAL_SKIP,,,,,,,,,STAGE18_RESOURCE_CONSTRAINED_DEEP_ANCHOR_BUDGET_ONLY
P02-A4-PhysioNetMI-NEURAL-A4-C3-MULTI-PROB-AVG-P01-L1-LOW-CAL-OFFICIAL-R2:2_PER_CLASS-MR00,PhysioNetMI,A4-C3-MULTI-PROB-AVG,NEURAL,P01-L1-LOW-CAL-OFFICIAL-R2:2_PER_CLASS,0,CONDITIONAL_SKIP,,,,,,,,,STAGE18_RESOURCE_CONSTRAINED_DEEP_ANCHOR_BUDGET_ONLY
P02-A4-PhysioNetMI-NEURAL-A4-C0-CORE-P01-L1-LOW-CAL-OFFICIAL-R2:2_PER_CLASS-MR01,PhysioNetMI,A4-C0-CORE,NEURAL,P01-L1-LOW-CAL-OFFICIAL-R2:2_PER_CLASS,1,SUCCESS,3.0,3.0,1,1,DIRECT_CORE,0.0012521270000434015,0.001849725598003715,0.0,
P02-A4-PhysioNetMI-NEURAL-A4-C1-LONG-3P5S-P01-L1-LOW-CAL-OFFICIAL-R2:2_PER_CLASS-MR01,PhysioNetMI,A4-C1-LONG-3P5S,NEURAL,P01-L1-LOW-CAL-OFFICIAL-R2:2_PER_CLASS,1,CONDITIONAL_SKIP,,,,,,,,,STAGE18_RESOURCE_CONSTRAINED_SINGLE_REPEAT_ALL_REFIT_ROLES
P02-A4-PhysioNetMI-NEURAL-A4-C2-MULTI-HARD-VOTE-P01-L1-LOW-CAL-OFFICIAL-R2:2_PER_CLASS-MR01,PhysioNetMI,A4-C2-MULTI-HARD-VOTE,NEURAL,P01-L1-LOW-CAL-OFFICIAL-R2:2_PER_CLASS,1,CONDITIONAL_SKIP,,,,,,,,,STAGE18_RESOURCE_CONSTRAINED_SINGLE_REPEAT_ALL_REFIT_ROLES
P02-A4-PhysioNetMI-NEURAL-A4-C3-MULTI-PROB-AVG-P01-L1-LOW-CAL-OFFICIAL-R2:2_PER_CLASS-MR01,PhysioNetMI,A4-C3-MULTI-PROB-AVG,NEURAL,P01-L1-LOW-CAL-OFFICIAL-R2:2_PER_CLASS,1,CONDITIONAL_SKIP,,,,,,,,,STAGE18_RESOURCE_CONSTRAINED_SINGLE_REPEAT_ALL_REFIT_ROLES
P02-A4-PhysioNetMI-NEURAL-A4-C0-CORE-P01-L1-LOW-CAL-OFFICIAL-R2:2_PER_CLASS-MR02,PhysioNetMI,A4-C0-CORE,NEURAL,P01-L1-LOW-CAL-OFFICIAL-R2:2_PER_CLASS,2,SUCCESS,3.0,3.0,1,1,DIRECT_CORE,0.0013147790014045313,0.0020521459999145006,0.0,
P02-A4-PhysioNetMI-NEURAL-A4-C1-LONG-3P5S-P01-L1-LOW-CAL-OFFICIAL-R2:2_PER_CLASS-MR02,PhysioNetMI,A4-C1-LONG-3P5S,NEURAL,P01-L1-LOW-CAL-OFFICIAL-R2:2_PER_CLASS,2,CONDITIONAL_SKIP,,,,,,,,,STAGE18_RESOURCE_CONSTRAINED_SINGLE_REPEAT_ALL_REFIT_ROLES
P02-A4-PhysioNetMI-NEURAL-A4-C2-MULTI-HARD-VOTE-P01-L1-LOW-CAL-OFFICIAL-R2:2_PER_CLASS-MR02,PhysioNetMI,A4-C2-MULTI-HARD-VOTE,NEURAL,P01-L1-LOW-CAL-OFFICIAL-R2:2_PER_CLASS,2,CONDITIONAL_SKIP,,,,,,,,,STAGE18_RESOURCE_CONSTRAINED_SINGLE_REPEAT_ALL_REFIT_ROLES
P02-A4-PhysioNetMI-NEURAL-A4-C3-MULTI-PROB-AVG-P01-L1-LOW-CAL-OFFICIAL-R2:2_PER_CLASS-MR02,PhysioNetMI,A4-C3-MULTI-PROB-AVG,NEURAL,P01-L1-LOW-CAL-OFFICIAL-R2:2_PER_CLASS,2,CONDITIONAL_SKIP,,,,,,,,,STAGE18_RESOURCE_CONSTRAINED_SINGLE_REPEAT_ALL_REFIT_ROLES
P02-A4-PhysioNetMI-NEURAL-A4-C0-CORE-P01-L1-LOW-CAL-OFFICIAL-R2:2_PER_CLASS-MR03,PhysioNetMI,A4-C0-CORE,NEURAL,P01-L1-LOW-CAL-OFFICIAL-R2:2_PER_CLASS,3,SUCCESS,3.0,3.0,1,1,DIRECT_CORE,0.0013695560010091867,0.001989065798989031,0.0,
P02-A4-PhysioNetMI-NEURAL-A4-C1-LONG-3P5S-P01-L1-LOW-CAL-OFFICIAL-R2:2_PER_CLASS-MR03,PhysioNetMI,A4-C1-LONG-3P5S,NEURAL,P01-L1-LOW-CAL-OFFICIAL-R2:2_PER_CLASS,3,CONDITIONAL_SKIP,,,,,,,,,STAGE18_RESOURCE_CONSTRAINED_SINGLE_REPEAT_ALL_REFIT_ROLES
P02-A4-PhysioNetMI-NEURAL-A4-C2-MULTI-HARD-VOTE-P01-L1-LOW-CAL-OFFICIAL-R2:2_PER_CLASS-MR03,PhysioNetMI,A4-C2-MULTI-HARD-VOTE,NEURAL,P01-L1-LOW-CAL-OFFICIAL-R2:2_PER_CLASS,3,CONDITIONAL_SKIP,,,,,,,,,STAGE18_RESOURCE_CONSTRAINED_SINGLE_REPEAT_ALL_REFIT_ROLES
P02-A4-PhysioNetMI-NEURAL-A4-C3-MULTI-PROB-AVG-P01-L1-LOW-CAL-OFFICIAL-R2:2_PER_CLASS-MR03,PhysioNetMI,A4-C3-MULTI-PROB-AVG,NEURAL,P01-L1-LOW-CAL-OFFICIAL-R2:2_PER_CLASS,3,CONDITIONAL_SKIP,,,,,,,,,STAGE18_RESOURCE_CONSTRAINED_SINGLE_REPEAT_ALL_REFIT_ROLES
P02-A4-PhysioNetMI-NEURAL-A4-C0-CORE-P01-L1-LOW-CAL-OFFICIAL-R2:2_PER_CLASS-MR04,PhysioNetMI,A4-C0-CORE,NEURAL,P01-L1-LOW-CAL-OFFICIAL-R2:2_PER_CLASS,4,SUCCESS,3.0,3.0,1,1,DIRECT_CORE,0.0013278959995659534,0.0024212939977587664,0.0,
P02-A4-PhysioNetMI-NEURAL-A4-C1-LONG-3P5S-P01-L1-LOW-CAL-OFFICIAL-R2:2_PER_CLASS-MR04,PhysioNetMI,A4-C1-LONG-3P5S,NEURAL,P01-L1-LOW-CAL-OFFICIAL-R2:2_PER_CLASS,4,CONDITIONAL_SKIP,,,,,,,,,STAGE18_RESOURCE_CONSTRAINED_SINGLE_REPEAT_ALL_REFIT_ROLES
P02-A4-PhysioNetMI-NEURAL-A4-C2-MULTI-HARD-VOTE-P01-L1-LOW-CAL-OFFICIAL-R2:2_PER_CLASS-MR04,PhysioNetMI,A4-C2-MULTI-HARD-VOTE,NEURAL,P01-L1-LOW-CAL-OFFICIAL-R2:2_PER_CLASS,4,CONDITIONAL_SKIP,,,,,,,,,STAGE18_RESOURCE_CONSTRAINED_SINGLE_REPEAT_ALL_REFIT_ROLES
P02-A4-PhysioNetMI-NEURAL-A4-C3-MULTI-PROB-AVG-P01-L1-LOW-CAL-OFFICIAL-R2:2_PER_CLASS-MR04,PhysioNetMI,A4-C3-MULTI-PROB-AVG,NEURAL,P01-L1-LOW-CAL-OFFICIAL-R2:2_PER_CLASS,4,CONDITIONAL_SKIP,,,,,,,,,STAGE18_RESOURCE_CONSTRAINED_SINGLE_REPEAT_ALL_REFIT_ROLES
P02-A4-PhysioNetMI-SSL-A4-C0-CORE-P01-L1-LOW-CAL-OFFICIAL-R2:2_PER_CLASS-MR00,PhysioNetMI,A4-C0-CORE,SSL,P01-L1-LOW-CAL-OFFICIAL-R2:2_PER_CLASS,0,SUCCESS,3.0,3.0,1,1,DIRECT_CORE,0.01011282699982985,0.010579063798650168,0.0,
P02-A4-PhysioNetMI-SSL-A4-C1-LONG-3P5S-P01-L1-LOW-CAL-OFFICIAL-R2:2_PER_CLASS-MR00,PhysioNetMI,A4-C1-LONG-3P5S,SSL,P01-L1-LOW-CAL-OFFICIAL-R2:2_PER_CLASS,0,CONDITIONAL_SKIP,,,,,,,,,STAGE18_RESOURCE_CONSTRAINED_DEEP_ANCHOR_BUDGET_ONLY
P02-A4-PhysioNetMI-SSL-A4-C2-MULTI-HARD-VOTE-P01-L1-LOW-CAL-OFFICIAL-R2:2_PER_CLASS-MR00,PhysioNetMI,A4-C2-MULTI-HARD-VOTE,SSL,P01-L1-LOW-CAL-OFFICIAL-R2:2_PER_CLASS,0,CONDITIONAL_SKIP,,,,,,,,,STAGE18_RESOURCE_CONSTRAINED_DEEP_ANCHOR_BUDGET_ONLY
P02-A4-PhysioNetMI-SSL-A4-C3-MULTI-PROB-AVG-P01-L1-LOW-CAL-OFFICIAL-R2:2_PER_CLASS-MR00,PhysioNetMI,A4-C3-MULTI-PROB-AVG,SSL,P01-L1-LOW-CAL-OFFICIAL-R2:2_PER_CLASS,0,CONDITIONAL_SKIP,,,,,,,,,STAGE18_RESOURCE_CONSTRAINED_DEEP_ANCHOR_BUDGET_ONLY
P02-A4-PhysioNetMI-SSL-A4-C0-CORE-P01-L1-LOW-CAL-OFFICIAL-R2:2_PER_CLASS-MR01,PhysioNetMI,A4-C0-CORE,SSL,P01-L1-LOW-CAL-OFFICIAL-R2:2_PER_CLASS,1,SUCCESS,3.0,3.0,1,1,DIRECT_CORE,0.010329406999517232,0.011440792399662314,0.0,
P02-A4-PhysioNetMI-SSL-A4-C1-LONG-3P5S-P01-L1-LOW-CAL-OFFICIAL-R2:2_PER_CLASS-MR01,PhysioNetMI,A4-C1-LONG-3P5S,SSL,P01-L1-LOW-CAL-OFFICIAL-R2:2_PER_CLASS,1,CONDITIONAL_SKIP,,,,,,,,,STAGE18_RESOURCE_CONSTRAINED_SINGLE_REPEAT_ALL_REFIT_ROLES
P02-A4-PhysioNetMI-SSL-A4-C2-MULTI-HARD-VOTE-P01-L1-LOW-CAL-OFFICIAL-R2:2_PER_CLASS-MR01,PhysioNetMI,A4-C2-MULTI-HARD-VOTE,SSL,P01-L1-LOW-CAL-OFFICIAL-R2:2_PER_CLASS,1,CONDITIONAL_SKIP,,,,,,,,,STAGE18_RESOURCE_CONSTRAINED_SINGLE_REPEAT_ALL_REFIT_ROLES
P02-A4-PhysioNetMI-SSL-A4-C3-MULTI-PROB-AVG-P01-L1-LOW-CAL-OFFICIAL-R2:2_PER_CLASS-MR01,PhysioNetMI,A4-C3-MULTI-PROB-AVG,SSL,P01-L1-LOW-CAL-OFFICIAL-R2:2_PER_CLASS,1,CONDITIONAL_SKIP,,,,,,,,,STAGE18_RESOURCE_CONSTRAINED_SINGLE_REPEAT_ALL_REFIT_ROLES
P02-A4-PhysioNetMI-SSL-A4-C0-CORE-P01-L1-LOW-CAL-OFFICIAL-R2:2_PER_CLASS-MR02,PhysioNetMI,A4-C0-CORE,SSL,P01-L1-LOW-CAL-OFFICIAL-R2:2_PER_CLASS,2,SUCCESS,3.0,3.0,1,1,DIRECT_CORE,0.010135307999007637,0.010446471000250312,0.0,
P02-A4-PhysioNetMI-SSL-A4-C1-LONG-3P5S-P01-L1-LOW-CAL-OFFICIAL-R2:2_PER_CLASS-MR02,PhysioNetMI,A4-C1-LONG-3P5S,SSL,P01-L1-LOW-CAL-OFFICIAL-R2:2_PER_CLASS,2,CONDITIONAL_SKIP,,,,,,,,,STAGE18_RESOURCE_CONSTRAINED_SINGLE_REPEAT_ALL_REFIT_ROLES
P02-A4-PhysioNetMI-SSL-A4-C2-MULTI-HARD-VOTE-P01-L1-LOW-CAL-OFFICIAL-R2:2_PER_CLASS-MR02,PhysioNetMI,A4-C2-MULTI-HARD-VOTE,SSL,P01-L1-LOW-CAL-OFFICIAL-R2:2_PER_CLASS,2,CONDITIONAL_SKIP,,,,,,,,,STAGE18_RESOURCE_CONSTRAINED_SINGLE_REPEAT_ALL_REFIT_ROLES
P02-A4-PhysioNetMI-SSL-A4-C3-MULTI-PROB-AVG-P01-L1-LOW-CAL-OFFICIAL-R2:2_PER_CLASS-MR02,PhysioNetMI,A4-C3-MULTI-PROB-AVG,SSL,P01-L1-LOW-CAL-OFFICIAL-R2:2_PER_CLASS,2,CONDITIONAL_SKIP,,,,,,,,,STAGE18_RESOURCE_CONSTRAINED_SINGLE_REPEAT_ALL_REFIT_ROLES
P02-A4-PhysioNetMI-SSL-A4-C0-CORE-P01-L1-LOW-CAL-OFFICIAL-R2:2_PER_CLASS-MR03,PhysioNetMI,A4-C0-CORE,SSL,P01-L1-LOW-CAL-OFFICIAL-R2:2_PER_CLASS,3,SUCCESS,3.0,3.0,1,1,DIRECT_CORE,0.009812456999497954,0.010157507000258192,0.0,
P02-A4-PhysioNetMI-SSL-A4-C1-LONG-3P5S-P01-L1-LOW-CAL-OFFICIAL-R2:2_PER_CLASS-MR03,PhysioNetMI,A4-C1-LONG-3P5S,SSL,P01-L1-LOW-CAL-OFFICIAL-R2:2_PER_CLASS,3,CONDITIONAL_SKIP,,,,,,,,,STAGE18_RESOURCE_CONSTRAINED_SINGLE_REPEAT_ALL_REFIT_ROLES
P02-A4-PhysioNetMI-SSL-A4-C2-MULTI-HARD-VOTE-P01-L1-LOW-CAL-OFFICIAL-R2:2_PER_CLASS-MR03,PhysioNetMI,A4-C2-MULTI-HARD-VOTE,SSL,P01-L1-LOW-CAL-OFFICIAL-R2:2_PER_CLASS,3,CONDITIONAL_SKIP,,,,,,,,,STAGE18_RESOURCE_CONSTRAINED_SINGLE_REPEAT_ALL_REFIT_ROLES
P02-A4-PhysioNetMI-SSL-A4-C3-MULTI-PROB-AVG-P01-L1-LOW-CAL-OFFICIAL-R2:2_PER_CLASS-MR03,PhysioNetMI,A4-C3-MULTI-PROB-AVG,SSL,P01-L1-LOW-CAL-OFFICIAL-R2:2_PER_CLASS,3,CONDITIONAL_SKIP,,,,,,,,,STAGE18_RESOURCE_CONSTRAINED_SINGLE_REPEAT_ALL_REFIT_ROLES
P02-A4-PhysioNetMI-SSL-A4-C0-CORE-P01-L1-LOW-CAL-OFFICIAL-R2:2_PER_CLASS-MR04,PhysioNetMI,A4-C0-CORE,SSL,P01-L1-LOW-CAL-OFFICIAL-R2:2_PER_CLASS,4,SUCCESS,3.0,3.0,1,1,DIRECT_CORE,0.010462727999765775,0.010701753199464292,0.0,
P02-A4-PhysioNetMI-SSL-A4-C1-LONG-3P5S-P01-L1-LOW-CAL-OFFICIAL-R2:2_PER_CLASS-MR04,PhysioNetMI,A4-C1-LONG-3P5S,SSL,P01-L1-LOW-CAL-OFFICIAL-R2:2_PER_CLASS,4,CONDITIONAL_SKIP,,,,,,,,,STAGE18_RESOURCE_CONSTRAINED_SINGLE_REPEAT_ALL_REFIT_ROLES
P02-A4-PhysioNetMI-SSL-A4-C2-MULTI-HARD-VOTE-P01-L1-LOW-CAL-OFFICIAL-R2:2_PER_CLASS-MR04,PhysioNetMI,A4-C2-MULTI-HARD-VOTE,SSL,P01-L1-LOW-CAL-OFFICIAL-R2:2_PER_CLASS,4,CONDITIONAL_SKIP,,,,,,,,,STAGE18_RESOURCE_CONSTRAINED_SINGLE_REPEAT_ALL_REFIT_ROLES
P02-A4-PhysioNetMI-SSL-A4-C3-MULTI-PROB-AVG-P01-L1-LOW-CAL-OFFICIAL-R2:2_PER_CLASS-MR04,PhysioNetMI,A4-C3-MULTI-PROB-AVG,SSL,P01-L1-LOW-CAL-OFFICIAL-R2:2_PER_CLASS,4,CONDITIONAL_SKIP,,,,,,,,,STAGE18_RESOURCE_CONSTRAINED_SINGLE_REPEAT_ALL_REFIT_ROLES
P02-A4-PhysioNetMI-ENSEMBLE-A4-C4-MODEL-HARD-VOTE-P01-L1-LOW-CAL-OFFICIAL-R2:2_PER_CLASS-ER00,PhysioNetMI,A4-C4-MODEL-HARD-VOTE,FIXED_MODEL_ENSEMBLE,P01-L1-LOW-CAL-OFFICIAL-R2:2_PER_CLASS,0,SUCCESS,3.0,3.0,4,4,HARD_VOTE,0.0216924710002786,0.023284887997579065,0.026150842000788543,
P02-A4-PhysioNetMI-ENSEMBLE-A4-C5-MODEL-PROB-AVG-P01-L1-LOW-CAL-OFFICIAL-R2:2_PER_CLASS-ER00,PhysioNetMI,A4-C5-MODEL-PROB-AVG,FIXED_MODEL_ENSEMBLE,P01-L1-LOW-CAL-OFFICIAL-R2:2_PER_CLASS,0,SUCCESS,3.0,3.0,4,4,PROBABILITY_AVERAGE,0.0216924710002786,0.023284887997579065,0.002436304999719141,
P02-A4-PhysioNetMI-ENSEMBLE-A4-C4-MODEL-HARD-VOTE-P01-L1-LOW-CAL-OFFICIAL-R2:2_PER_CLASS-ER01,PhysioNetMI,A4-C4-MODEL-HARD-VOTE,FIXED_MODEL_ENSEMBLE,P01-L1-LOW-CAL-OFFICIAL-R2:2_PER_CLASS,1,SUCCESS,3.0,3.0,4,4,HARD_VOTE,0.02174701100011589,0.02420441839567502,0.021301254000718473,
P02-A4-PhysioNetMI-ENSEMBLE-A4-C5-MODEL-PROB-AVG-P01-L1-LOW-CAL-OFFICIAL-R2:2_PER_CLASS-ER01,PhysioNetMI,A4-C5-MODEL-PROB-AVG,FIXED_MODEL_ENSEMBLE,P01-L1-LOW-CAL-OFFICIAL-R2:2_PER_CLASS,1,SUCCESS,3.0,3.0,4,4,PROBABILITY_AVERAGE,0.02174701100011589,0.02420441839567502,0.0019049700003961334,
P02-A4-PhysioNetMI-ENSEMBLE-A4-C4-MODEL-HARD-VOTE-P01-L1-LOW-CAL-OFFICIAL-R2:2_PER_CLASS-ER02,PhysioNetMI,A4-C4-MODEL-HARD-VOTE,FIXED_MODEL_ENSEMBLE,P01-L1-LOW-CAL-OFFICIAL-R2:2_PER_CLASS,2,SUCCESS,3.0,3.0,4,4,HARD_VOTE,0.021615564000967424,0.023412517398173804,0.01425845300036599,
P02-A4-PhysioNetMI-ENSEMBLE-A4-C5-MODEL-PROB-AVG-P01-L1-LOW-CAL-OFFICIAL-R2:2_PER_CLASS-ER02,PhysioNetMI,A4-C5-MODEL-PROB-AVG,FIXED_MODEL_ENSEMBLE,P01-L1-LOW-CAL-OFFICIAL-R2:2_PER_CLASS,2,SUCCESS,3.0,3.0,4,4,PROBABILITY_AVERAGE,0.021615564000967424,0.023412517398173804,0.0005809330014017178,
P02-A4-PhysioNetMI-ENSEMBLE-A4-C4-MODEL-HARD-VOTE-P01-L1-LOW-CAL-OFFICIAL-R2:2_PER_CLASS-ER03,PhysioNetMI,A4-C4-MODEL-HARD-VOTE,FIXED_MODEL_ENSEMBLE,P01-L1-LOW-CAL-OFFICIAL-R2:2_PER_CLASS,3,SUCCESS,3.0,3.0,4,4,HARD_VOTE,0.021347490001062397,0.023060473197256216,0.006011165000018082,
P02-A4-PhysioNetMI-ENSEMBLE-A4-C5-MODEL-PROB-AVG-P01-L1-LOW-CAL-OFFICIAL-R2:2_PER_CLASS-ER03,PhysioNetMI,A4-C5-MODEL-PROB-AVG,FIXED_MODEL_ENSEMBLE,P01-L1-LOW-CAL-OFFICIAL-R2:2_PER_CLASS,3,SUCCESS,3.0,3.0,4,4,PROBABILITY_AVERAGE,0.021347490001062397,0.023060473197256216,0.0006916429992998019,
P02-A4-PhysioNetMI-ENSEMBLE-A4-C4-MODEL-HARD-VOTE-P01-L1-LOW-CAL-OFFICIAL-R2:2_PER_CLASS-ER04,PhysioNetMI,A4-C4-MODEL-HARD-VOTE,FIXED_MODEL_ENSEMBLE,P01-L1-LOW-CAL-OFFICIAL-R2:2_PER_CLASS,4,SUCCESS,3.0,3.0,4,4,HARD_VOTE,0.021956100999886985,0.024036947595232047,0.0056237860007968266,
P02-A4-PhysioNetMI-ENSEMBLE-A4-C5-MODEL-PROB-AVG-P01-L1-LOW-CAL-OFFICIAL-R2:2_PER_CLASS-ER04,PhysioNetMI,A4-C5-MODEL-PROB-AVG,FIXED_MODEL_ENSEMBLE,P01-L1-LOW-CAL-OFFICIAL-R2:2_PER_CLASS,4,SUCCESS,3.0,3.0,4,4,PROBABILITY_AVERAGE,0.021956100999886985,0.024036947595232047,0.0009930190008162754,
P02-A4-PhysioNetMI-CLASSICAL-A4-C0-CORE-P01-L1-LOW-CAL-OFFICIAL-R2:4_PER_CLASS-MR00,PhysioNetMI,A4-C0-CORE,CLASSICAL,P01-L1-LOW-CAL-OFFICIAL-R2:4_PER_CLASS,0,SUCCESS,3.0,3.0,1,1,DIRECT_CORE,0.0007272780021594372,0.0008119320002151654,0.0,
P02-A4-PhysioNetMI-CLASSICAL-A4-C1-LONG-3P5S-P01-L1-LOW-CAL-OFFICIAL-R2:4_PER_CLASS-MR00,PhysioNetMI,A4-C1-LONG-3P5S,CLASSICAL,P01-L1-LOW-CAL-OFFICIAL-R2:4_PER_CLASS,0,SUCCESS,3.5,3.5,1,1,DIRECT_LONG,0.0015005690001999028,0.007123091400717384,0.0,
P02-A4-PhysioNetMI-CLASSICAL-A4-C2-MULTI-HARD-VOTE-P01-L1-LOW-CAL-OFFICIAL-R2:4_PER_CLASS-MR00,PhysioNetMI,A4-C2-MULTI-HARD-VOTE,CLASSICAL,P01-L1-LOW-CAL-OFFICIAL-R2:4_PER_CLASS,0,SUCCESS,2.0,3.5,3,3,HARD_VOTE,0.005978633998893201,0.0162442093998834,0.01026215899946692,
P02-A4-PhysioNetMI-CLASSICAL-A4-C3-MULTI-PROB-AVG-P01-L1-LOW-CAL-OFFICIAL-R2:4_PER_CLASS-MR00,PhysioNetMI,A4-C3-MULTI-PROB-AVG,CLASSICAL,P01-L1-LOW-CAL-OFFICIAL-R2:4_PER_CLASS,0,SUCCESS,2.0,3.5,3,3,PROBABILITY_AVERAGE,0.005978633998893201,0.0162442093998834,0.0019583070006774506,
P02-A4-PhysioNetMI-RIEMANNIAN-A4-C0-CORE-P01-L1-LOW-CAL-OFFICIAL-R2:4_PER_CLASS-MR00,PhysioNetMI,A4-C0-CORE,RIEMANNIAN,P01-L1-LOW-CAL-OFFICIAL-R2:4_PER_CLASS,0,SUCCESS,3.0,3.0,1,1,DIRECT_CORE,0.009743594000610756,0.009834232198772951,0.0,
P02-A4-PhysioNetMI-RIEMANNIAN-A4-C1-LONG-3P5S-P01-L1-LOW-CAL-OFFICIAL-R2:4_PER_CLASS-MR00,PhysioNetMI,A4-C1-LONG-3P5S,RIEMANNIAN,P01-L1-LOW-CAL-OFFICIAL-R2:4_PER_CLASS,0,SUCCESS,3.5,3.5,1,1,DIRECT_LONG,0.03567301499970199,0.06052898340021783,0.0,
P02-A4-PhysioNetMI-RIEMANNIAN-A4-C2-MULTI-HARD-VOTE-P01-L1-LOW-CAL-OFFICIAL-R2:4_PER_CLASS-MR00,PhysioNetMI,A4-C2-MULTI-HARD-VOTE,RIEMANNIAN,P01-L1-LOW-CAL-OFFICIAL-R2:4_PER_CLASS,0,SUCCESS,2.0,3.5,3,3,HARD_VOTE,0.06709853400025168,0.09274617260016385,0.004879119000179344,
P02-A4-PhysioNetMI-RIEMANNIAN-A4-C3-MULTI-PROB-AVG-P01-L1-LOW-CAL-OFFICIAL-R2:4_PER_CLASS-MR00,PhysioNetMI,A4-C3-MULTI-PROB-AVG,RIEMANNIAN,P01-L1-LOW-CAL-OFFICIAL-R2:4_PER_CLASS,0,SUCCESS,2.0,3.5,3,3,PROBABILITY_AVERAGE,0.06709853400025168,0.09274617260016385,0.0024944810011220397,
P02-A4-PhysioNetMI-NEURAL-A4-C0-CORE-P01-L1-LOW-CAL-OFFICIAL-R2:4_PER_CLASS-MR00,PhysioNetMI,A4-C0-CORE,NEURAL,P01-L1-LOW-CAL-OFFICIAL-R2:4_PER_CLASS,0,SUCCESS,3.0,3.0,1,1,DIRECT_CORE,0.0012906320007459726,0.001684261800983222,0.0,
P02-A4-PhysioNetMI-NEURAL-A4-C1-LONG-3P5S-P01-L1-LOW-CAL-OFFICIAL-R2:4_PER_CLASS-MR00,PhysioNetMI,A4-C1-LONG-3P5S,NEURAL,P01-L1-LOW-CAL-OFFICIAL-R2:4_PER_CLASS,0,CONDITIONAL_SKIP,,,,,,,,,STAGE18_RESOURCE_CONSTRAINED_DEEP_ANCHOR_BUDGET_ONLY
P02-A4-PhysioNetMI-NEURAL-A4-C2-MULTI-HARD-VOTE-P01-L1-LOW-CAL-OFFICIAL-R2:4_PER_CLASS-MR00,PhysioNetMI,A4-C2-MULTI-HARD-VOTE,NEURAL,P01-L1-LOW-CAL-OFFICIAL-R2:4_PER_CLASS,0,CONDITIONAL_SKIP,,,,,,,,,STAGE18_RESOURCE_CONSTRAINED_DEEP_ANCHOR_BUDGET_ONLY
P02-A4-PhysioNetMI-NEURAL-A4-C3-MULTI-PROB-AVG-P01-L1-LOW-CAL-OFFICIAL-R2:4_PER_CLASS-MR00,PhysioNetMI,A4-C3-MULTI-PROB-AVG,NEURAL,P01-L1-LOW-CAL-OFFICIAL-R2:4_PER_CLASS,0,CONDITIONAL_SKIP,,,,,,,,,STAGE18_RESOURCE_CONSTRAINED_DEEP_ANCHOR_BUDGET_ONLY
P02-A4-PhysioNetMI-NEURAL-A4-C0-CORE-P01-L1-LOW-CAL-OFFICIAL-R2:4_PER_CLASS-MR01,PhysioNetMI,A4-C0-CORE,NEURAL,P01-L1-LOW-CAL-OFFICIAL-R2:4_PER_CLASS,1,SUCCESS,3.0,3.0,1,1,DIRECT_CORE,0.0012977769983990584,0.0021143138008483217,0.0,
P02-A4-PhysioNetMI-NEURAL-A4-C1-LONG-3P5S-P01-L1-LOW-CAL-OFFICIAL-R2:4_PER_CLASS-MR01,PhysioNetMI,A4-C1-LONG-3P5S,NEURAL,P01-L1-LOW-CAL-OFFICIAL-R2:4_PER_CLASS,1,CONDITIONAL_SKIP,,,,,,,,,STAGE18_RESOURCE_CONSTRAINED_SINGLE_REPEAT_ALL_REFIT_ROLES
P02-A4-PhysioNetMI-NEURAL-A4-C2-MULTI-HARD-VOTE-P01-L1-LOW-CAL-OFFICIAL-R2:4_PER_CLASS-MR01,PhysioNetMI,A4-C2-MULTI-HARD-VOTE,NEURAL,P01-L1-LOW-CAL-OFFICIAL-R2:4_PER_CLASS,1,CONDITIONAL_SKIP,,,,,,,,,STAGE18_RESOURCE_CONSTRAINED_SINGLE_REPEAT_ALL_REFIT_ROLES
P02-A4-PhysioNetMI-NEURAL-A4-C3-MULTI-PROB-AVG-P01-L1-LOW-CAL-OFFICIAL-R2:4_PER_CLASS-MR01,PhysioNetMI,A4-C3-MULTI-PROB-AVG,NEURAL,P01-L1-LOW-CAL-OFFICIAL-R2:4_PER_CLASS,1,CONDITIONAL_SKIP,,,,,,,,,STAGE18_RESOURCE_CONSTRAINED_SINGLE_REPEAT_ALL_REFIT_ROLES
P02-A4-PhysioNetMI-NEURAL-A4-C0-CORE-P01-L1-LOW-CAL-OFFICIAL-R2:4_PER_CLASS-MR02,PhysioNetMI,A4-C0-CORE,NEURAL,P01-L1-LOW-CAL-OFFICIAL-R2:4_PER_CLASS,2,SUCCESS,3.0,3.0,1,1,DIRECT_CORE,0.001249251999979606,0.002045722800539806,0.0,
P02-A4-PhysioNetMI-NEURAL-A4-C1-LONG-3P5S-P01-L1-LOW-CAL-OFFICIAL-R2:4_PER_CLASS-MR02,PhysioNetMI,A4-C1-LONG-3P5S,NEURAL,P01-L1-LOW-CAL-OFFICIAL-R2:4_PER_CLASS,2,CONDITIONAL_SKIP,,,,,,,,,STAGE18_RESOURCE_CONSTRAINED_SINGLE_REPEAT_ALL_REFIT_ROLES
P02-A4-PhysioNetMI-NEURAL-A4-C2-MULTI-HARD-VOTE-P01-L1-LOW-CAL-OFFICIAL-R2:4_PER_CLASS-MR02,PhysioNetMI,A4-C2-MULTI-HARD-VOTE,NEURAL,P01-L1-LOW-CAL-OFFICIAL-R2:4_PER_CLASS,2,CONDITIONAL_SKIP,,,,,,,,,STAGE18_RESOURCE_CONSTRAINED_SINGLE_REPEAT_ALL_REFIT_ROLES
P02-A4-PhysioNetMI-NEURAL-A4-C3-MULTI-PROB-AVG-P01-L1-LOW-CAL-OFFICIAL-R2:4_PER_CLASS-MR02,PhysioNetMI,A4-C3-MULTI-PROB-AVG,NEURAL,P01-L1-LOW-CAL-OFFICIAL-R2:4_PER_CLASS,2,CONDITIONAL_SKIP,,,,,,,,,STAGE18_RESOURCE_CONSTRAINED_SINGLE_REPEAT_ALL_REFIT_ROLES
P02-A4-PhysioNetMI-NEURAL-A4-C0-CORE-P01-L1-LOW-CAL-OFFICIAL-R2:4_PER_CLASS-MR03,PhysioNetMI,A4-C0-CORE,NEURAL,P01-L1-LOW-CAL-OFFICIAL-R2:4_PER_CLASS,3,SUCCESS,3.0,3.0,1,1,DIRECT_CORE,0.0012996330005989876,0.002061053999204887,0.0,
P02-A4-PhysioNetMI-NEURAL-A4-C1-LONG-3P5S-P01-L1-LOW-CAL-OFFICIAL-R2:4_PER_CLASS-MR03,PhysioNetMI,A4-C1-LONG-3P5S,NEURAL,P01-L1-LOW-CAL-OFFICIAL-R2:4_PER_CLASS,3,CONDITIONAL_SKIP,,,,,,,,,STAGE18_RESOURCE_CONSTRAINED_SINGLE_REPEAT_ALL_REFIT_ROLES
P02-A4-PhysioNetMI-NEURAL-A4-C2-MULTI-HARD-VOTE-P01-L1-LOW-CAL-OFFICIAL-R2:4_PER_CLASS-MR03,PhysioNetMI,A4-C2-MULTI-HARD-VOTE,NEURAL,P01-L1-LOW-CAL-OFFICIAL-R2:4_PER_CLASS,3,CONDITIONAL_SKIP,,,,,,,,,STAGE18_RESOURCE_CONSTRAINED_SINGLE_REPEAT_ALL_REFIT_ROLES
P02-A4-PhysioNetMI-NEURAL-A4-C3-MULTI-PROB-AVG-P01-L1-LOW-CAL-OFFICIAL-R2:4_PER_CLASS-MR03,PhysioNetMI,A4-C3-MULTI-PROB-AVG,NEURAL,P01-L1-LOW-CAL-OFFICIAL-R2:4_PER_CLASS,3,CONDITIONAL_SKIP,,,,,,,,,STAGE18_RESOURCE_CONSTRAINED_SINGLE_REPEAT_ALL_REFIT_ROLES
P02-A4-PhysioNetMI-NEURAL-A4-C0-CORE-P01-L1-LOW-CAL-OFFICIAL-R2:4_PER_CLASS-MR04,PhysioNetMI,A4-C0-CORE,NEURAL,P01-L1-LOW-CAL-OFFICIAL-R2:4_PER_CLASS,4,SUCCESS,3.0,3.0,1,1,DIRECT_CORE,0.0012762269980157726,0.0020081266011402477,0.0,
P02-A4-PhysioNetMI-NEURAL-A4-C1-LONG-3P5S-P01-L1-LOW-CAL-OFFICIAL-R2:4_PER_CLASS-MR04,PhysioNetMI,A4-C1-LONG-3P5S,NEURAL,P01-L1-LOW-CAL-OFFICIAL-R2:4_PER_CLASS,4,CONDITIONAL_SKIP,,,,,,,,,STAGE18_RESOURCE_CONSTRAINED_SINGLE_REPEAT_ALL_REFIT_ROLES
P02-A4-PhysioNetMI-NEURAL-A4-C2-MULTI-HARD-VOTE-P01-L1-LOW-CAL-OFFICIAL-R2:4_PER_CLASS-MR04,PhysioNetMI,A4-C2-MULTI-HARD-VOTE,NEURAL,P01-L1-LOW-CAL-OFFICIAL-R2:4_PER_CLASS,4,CONDITIONAL_SKIP,,,,,,,,,STAGE18_RESOURCE_CONSTRAINED_SINGLE_REPEAT_ALL_REFIT_ROLES
P02-A4-PhysioNetMI-NEURAL-A4-C3-MULTI-PROB-AVG-P01-L1-LOW-CAL-OFFICIAL-R2:4_PER_CLASS-MR04,PhysioNetMI,A4-C3-MULTI-PROB-AVG,NEURAL,P01-L1-LOW-CAL-OFFICIAL-R2:4_PER_CLASS,4,CONDITIONAL_SKIP,,,,,,,,,STAGE18_RESOURCE_CONSTRAINED_SINGLE_REPEAT_ALL_REFIT_ROLES
P02-A4-PhysioNetMI-SSL-A4-C0-CORE-P01-L1-LOW-CAL-OFFICIAL-R2:4_PER_CLASS-MR00,PhysioNetMI,A4-C0-CORE,SSL,P01-L1-LOW-CAL-OFFICIAL-R2:4_PER_CLASS,0,SUCCESS,3.0,3.0,1,1,DIRECT_CORE,0.01087566199930734,0.011195536000377615,0.0,
P02-A4-PhysioNetMI-SSL-A4-C1-LONG-3P5S-P01-L1-LOW-CAL-OFFICIAL-R2:4_PER_CLASS-MR00,PhysioNetMI,A4-C1-LONG-3P5S,SSL,P01-L1-LOW-CAL-OFFICIAL-R2:4_PER_CLASS,0,CONDITIONAL_SKIP,,,,,,,,,STAGE18_RESOURCE_CONSTRAINED_DEEP_ANCHOR_BUDGET_ONLY
P02-A4-PhysioNetMI-SSL-A4-C2-MULTI-HARD-VOTE-P01-L1-LOW-CAL-OFFICIAL-R2:4_PER_CLASS-MR00,PhysioNetMI,A4-C2-MULTI-HARD-VOTE,SSL,P01-L1-LOW-CAL-OFFICIAL-R2:4_PER_CLASS,0,CONDITIONAL_SKIP,,,,,,,,,STAGE18_RESOURCE_CONSTRAINED_DEEP_ANCHOR_BUDGET_ONLY
P02-A4-PhysioNetMI-SSL-A4-C3-MULTI-PROB-AVG-P01-L1-LOW-CAL-OFFICIAL-R2:4_PER_CLASS-MR00,PhysioNetMI,A4-C3-MULTI-PROB-AVG,SSL,P01-L1-LOW-CAL-OFFICIAL-R2:4_PER_CLASS,0,CONDITIONAL_SKIP,,,,,,,,,STAGE18_RESOURCE_CONSTRAINED_DEEP_ANCHOR_BUDGET_ONLY
P02-A4-PhysioNetMI-SSL-A4-C0-CORE-P01-L1-LOW-CAL-OFFICIAL-R2:4_PER_CLASS-MR01,PhysioNetMI,A4-C0-CORE,SSL,P01-L1-LOW-CAL-OFFICIAL-R2:4_PER_CLASS,1,SUCCESS,3.0,3.0,1,1,DIRECT_CORE,0.010038331000032485,0.010353909200057387,0.0,
P02-A4-PhysioNetMI-SSL-A4-C1-LONG-3P5S-P01-L1-LOW-CAL-OFFICIAL-R2:4_PER_CLASS-MR01,PhysioNetMI,A4-C1-LONG-3P5S,SSL,P01-L1-LOW-CAL-OFFICIAL-R2:4_PER_CLASS,1,CONDITIONAL_SKIP,,,,,,,,,STAGE18_RESOURCE_CONSTRAINED_SINGLE_REPEAT_ALL_REFIT_ROLES
P02-A4-PhysioNetMI-SSL-A4-C2-MULTI-HARD-VOTE-P01-L1-LOW-CAL-OFFICIAL-R2:4_PER_CLASS-MR01,PhysioNetMI,A4-C2-MULTI-HARD-VOTE,SSL,P01-L1-LOW-CAL-OFFICIAL-R2:4_PER_CLASS,1,CONDITIONAL_SKIP,,,,,,,,,STAGE18_RESOURCE_CONSTRAINED_SINGLE_REPEAT_ALL_REFIT_ROLES
P02-A4-PhysioNetMI-SSL-A4-C3-MULTI-PROB-AVG-P01-L1-LOW-CAL-OFFICIAL-R2:4_PER_CLASS-MR01,PhysioNetMI,A4-C3-MULTI-PROB-AVG,SSL,P01-L1-LOW-CAL-OFFICIAL-R2:4_PER_CLASS,1,CONDITIONAL_SKIP,,,,,,,,,STAGE18_RESOURCE_CONSTRAINED_SINGLE_REPEAT_ALL_REFIT_ROLES
P02-A4-PhysioNetMI-SSL-A4-C0-CORE-P01-L1-LOW-CAL-OFFICIAL-R2:4_PER_CLASS-MR02,PhysioNetMI,A4-C0-CORE,SSL,P01-L1-LOW-CAL-OFFICIAL-R2:4_PER_CLASS,2,SUCCESS,3.0,3.0,1,1,DIRECT_CORE,0.01018374799969024,0.010492973200962296,0.0,
P02-A4-PhysioNetMI-SSL-A4-C1-LONG-3P5S-P01-L1-LOW-CAL-OFFICIAL-R2:4_PER_CLASS-MR02,PhysioNetMI,A4-C1-LONG-3P5S,SSL,P01-L1-LOW-CAL-OFFICIAL-R2:4_PER_CLASS,2,CONDITIONAL_SKIP,,,,,,,,,STAGE18_RESOURCE_CONSTRAINED_SINGLE_REPEAT_ALL_REFIT_ROLES
P02-A4-PhysioNetMI-SSL-A4-C2-MULTI-HARD-VOTE-P01-L1-LOW-CAL-OFFICIAL-R2:4_PER_CLASS-MR02,PhysioNetMI,A4-C2-MULTI-HARD-VOTE,SSL,P01-L1-LOW-CAL-OFFICIAL-R2:4_PER_CLASS,2,CONDITIONAL_SKIP,,,,,,,,,STAGE18_RESOURCE_CONSTRAINED_SINGLE_REPEAT_ALL_REFIT_ROLES
P02-A4-PhysioNetMI-SSL-A4-C3-MULTI-PROB-AVG-P01-L1-LOW-CAL-OFFICIAL-R2:4_PER_CLASS-MR02,PhysioNetMI,A4-C3-MULTI-PROB-AVG,SSL,P01-L1-LOW-CAL-OFFICIAL-R2:4_PER_CLASS,2,CONDITIONAL_SKIP,,,,,,,,,STAGE18_RESOURCE_CONSTRAINED_SINGLE_REPEAT_ALL_REFIT_ROLES
P02-A4-PhysioNetMI-SSL-A4-C0-CORE-P01-L1-LOW-CAL-OFFICIAL-R2:4_PER_CLASS-MR03,PhysioNetMI,A4-C0-CORE,SSL,P01-L1-LOW-CAL-OFFICIAL-R2:4_PER_CLASS,3,SUCCESS,3.0,3.0,1,1,DIRECT_CORE,0.01046160899932147,0.0106787289994827,0.0,
P02-A4-PhysioNetMI-SSL-A4-C1-LONG-3P5S-P01-L1-LOW-CAL-OFFICIAL-R2:4_PER_CLASS-MR03,PhysioNetMI,A4-C1-LONG-3P5S,SSL,P01-L1-LOW-CAL-OFFICIAL-R2:4_PER_CLASS,3,CONDITIONAL_SKIP,,,,,,,,,STAGE18_RESOURCE_CONSTRAINED_SINGLE_REPEAT_ALL_REFIT_ROLES
P02-A4-PhysioNetMI-SSL-A4-C2-MULTI-HARD-VOTE-P01-L1-LOW-CAL-OFFICIAL-R2:4_PER_CLASS-MR03,PhysioNetMI,A4-C2-MULTI-HARD-VOTE,SSL,P01-L1-LOW-CAL-OFFICIAL-R2:4_PER_CLASS,3,CONDITIONAL_SKIP,,,,,,,,,STAGE18_RESOURCE_CONSTRAINED_SINGLE_REPEAT_ALL_REFIT_ROLES
P02-A4-PhysioNetMI-SSL-A4-C3-MULTI-PROB-AVG-P01-L1-LOW-CAL-OFFICIAL-R2:4_PER_CLASS-MR03,PhysioNetMI,A4-C3-MULTI-PROB-AVG,SSL,P01-L1-LOW-CAL-OFFICIAL-R2:4_PER_CLASS,3,CONDITIONAL_SKIP,,,,,,,,,STAGE18_RESOURCE_CONSTRAINED_SINGLE_REPEAT_ALL_REFIT_ROLES
P02-A4-PhysioNetMI-SSL-A4-C0-CORE-P01-L1-LOW-CAL-OFFICIAL-R2:4_PER_CLASS-MR04,PhysioNetMI,A4-C0-CORE,SSL,P01-L1-LOW-CAL-OFFICIAL-R2:4_PER_CLASS,4,SUCCESS,3.0,3.0,1,1,DIRECT_CORE,0.009772548999535502,0.01008754440008488,0.0,
P02-A4-PhysioNetMI-SSL-A4-C1-LONG-3P5S-P01-L1-LOW-CAL-OFFICIAL-R2:4_PER_CLASS-MR04,PhysioNetMI,A4-C1-LONG-3P5S,SSL,P01-L1-LOW-CAL-OFFICIAL-R2:4_PER_CLASS,4,CONDITIONAL_SKIP,,,,,,,,,STAGE18_RESOURCE_CONSTRAINED_SINGLE_REPEAT_ALL_REFIT_ROLES
P02-A4-PhysioNetMI-SSL-A4-C2-MULTI-HARD-VOTE-P01-L1-LOW-CAL-OFFICIAL-R2:4_PER_CLASS-MR04,PhysioNetMI,A4-C2-MULTI-HARD-VOTE,SSL,P01-L1-LOW-CAL-OFFICIAL-R2:4_PER_CLASS,4,CONDITIONAL_SKIP,,,,,,,,,STAGE18_RESOURCE_CONSTRAINED_SINGLE_REPEAT_ALL_REFIT_ROLES
P02-A4-PhysioNetMI-SSL-A4-C3-MULTI-PROB-AVG-P01-L1-LOW-CAL-OFFICIAL-R2:4_PER_CLASS-MR04,PhysioNetMI,A4-C3-MULTI-PROB-AVG,SSL,P01-L1-LOW-CAL-OFFICIAL-R2:4_PER_CLASS,4,CONDITIONAL_SKIP,,,,,,,,,STAGE18_RESOURCE_CONSTRAINED_SINGLE_REPEAT_ALL_REFIT_ROLES
P02-A4-PhysioNetMI-ENSEMBLE-A4-C4-MODEL-HARD-VOTE-P01-L1-LOW-CAL-OFFICIAL-R2:4_PER_CLASS-ER00,PhysioNetMI,A4-C4-MODEL-HARD-VOTE,FIXED_MODEL_ENSEMBLE,P01-L1-LOW-CAL-OFFICIAL-R2:4_PER_CLASS,0,SUCCESS,3.0,3.0,4,4,HARD_VOTE,0.022637166002823506,0.023525962000348954,0.011274664999291417,
P02-A4-PhysioNetMI-ENSEMBLE-A4-C5-MODEL-PROB-AVG-P01-L1-LOW-CAL-OFFICIAL-R2:4_PER_CLASS-ER00,PhysioNetMI,A4-C5-MODEL-PROB-AVG,FIXED_MODEL_ENSEMBLE,P01-L1-LOW-CAL-OFFICIAL-R2:4_PER_CLASS,0,SUCCESS,3.0,3.0,4,4,PROBABILITY_AVERAGE,0.022637166002823506,0.023525962000348954,0.000491435001094942,
P02-A4-PhysioNetMI-ENSEMBLE-A4-C4-MODEL-HARD-VOTE-P01-L1-LOW-CAL-OFFICIAL-R2:4_PER_CLASS-ER01,PhysioNetMI,A4-C4-MODEL-HARD-VOTE,FIXED_MODEL_ENSEMBLE,P01-L1-LOW-CAL-OFFICIAL-R2:4_PER_CLASS,1,SUCCESS,3.0,3.0,4,4,HARD_VOTE,0.021806980001201737,0.023114387199893824,0.015176814000369632,
P02-A4-PhysioNetMI-ENSEMBLE-A4-C5-MODEL-PROB-AVG-P01-L1-LOW-CAL-OFFICIAL-R2:4_PER_CLASS-ER01,PhysioNetMI,A4-C5-MODEL-PROB-AVG,FIXED_MODEL_ENSEMBLE,P01-L1-LOW-CAL-OFFICIAL-R2:4_PER_CLASS,1,SUCCESS,3.0,3.0,4,4,PROBABILITY_AVERAGE,0.021806980001201737,0.023114387199893824,0.0009192440011247527,
P02-A4-PhysioNetMI-ENSEMBLE-A4-C4-MODEL-HARD-VOTE-P01-L1-LOW-CAL-OFFICIAL-R2:4_PER_CLASS-ER02,PhysioNetMI,A4-C4-MODEL-HARD-VOTE,FIXED_MODEL_ENSEMBLE,P01-L1-LOW-CAL-OFFICIAL-R2:4_PER_CLASS,2,SUCCESS,3.0,3.0,4,4,HARD_VOTE,0.02190387200244004,0.02318486020049022,0.005855732999407337,
P02-A4-PhysioNetMI-ENSEMBLE-A4-C5-MODEL-PROB-AVG-P01-L1-LOW-CAL-OFFICIAL-R2:4_PER_CLASS-ER02,PhysioNetMI,A4-C5-MODEL-PROB-AVG,FIXED_MODEL_ENSEMBLE,P01-L1-LOW-CAL-OFFICIAL-R2:4_PER_CLASS,2,SUCCESS,3.0,3.0,4,4,PROBABILITY_AVERAGE,0.02190387200244004,0.02318486020049022,0.000807095999334706,
P02-A4-PhysioNetMI-ENSEMBLE-A4-C4-MODEL-HARD-VOTE-P01-L1-LOW-CAL-OFFICIAL-R2:4_PER_CLASS-ER03,PhysioNetMI,A4-C4-MODEL-HARD-VOTE,FIXED_MODEL_ENSEMBLE,P01-L1-LOW-CAL-OFFICIAL-R2:4_PER_CLASS,3,SUCCESS,3.0,3.0,4,4,HARD_VOTE,0.02223211400269065,0.023385947197675706,0.005281798001306015,
P02-A4-PhysioNetMI-ENSEMBLE-A4-C5-MODEL-PROB-AVG-P01-L1-LOW-CAL-OFFICIAL-R2:4_PER_CLASS-ER03,PhysioNetMI,A4-C5-MODEL-PROB-AVG,FIXED_MODEL_ENSEMBLE,P01-L1-LOW-CAL-OFFICIAL-R2:4_PER_CLASS,3,SUCCESS,3.0,3.0,4,4,PROBABILITY_AVERAGE,0.02223211400269065,0.023385947197675706,0.0005091189996164758,
P02-A4-PhysioNetMI-ENSEMBLE-A4-C4-MODEL-HARD-VOTE-P01-L1-LOW-CAL-OFFICIAL-R2:4_PER_CLASS-ER04,PhysioNetMI,A4-C4-MODEL-HARD-VOTE,FIXED_MODEL_ENSEMBLE,P01-L1-LOW-CAL-OFFICIAL-R2:4_PER_CLASS,4,SUCCESS,3.0,3.0,4,4,HARD_VOTE,0.021519648000321467,0.022741835200213244,0.006202843998835306,
P02-A4-PhysioNetMI-ENSEMBLE-A4-C5-MODEL-PROB-AVG-P01-L1-LOW-CAL-OFFICIAL-R2:4_PER_CLASS-ER04,PhysioNetMI,A4-C5-MODEL-PROB-AVG,FIXED_MODEL_ENSEMBLE,P01-L1-LOW-CAL-OFFICIAL-R2:4_PER_CLASS,4,SUCCESS,3.0,3.0,4,4,PROBABILITY_AVERAGE,0.021519648000321467,0.022741835200213244,0.001240823999978602,
P02-A4-PhysioNetMI-CLASSICAL-A4-C0-CORE-P01-L1-LOW-CAL-OFFICIAL-R2:8_PER_CLASS-MR00,PhysioNetMI,A4-C0-CORE,CLASSICAL,P01-L1-LOW-CAL-OFFICIAL-R2:8_PER_CLASS,0,SUCCESS,3.0,3.0,1,1,DIRECT_CORE,0.0007256789976963773,0.000817717798781814,0.0,
P02-A4-PhysioNetMI-CLASSICAL-A4-C1-LONG-3P5S-P01-L1-LOW-CAL-OFFICIAL-R2:8_PER_CLASS-MR00,PhysioNetMI,A4-C1-LONG-3P5S,CLASSICAL,P01-L1-LOW-CAL-OFFICIAL-R2:8_PER_CLASS,0,SUCCESS,3.5,3.5,1,1,DIRECT_LONG,0.001561090999530279,0.011656039399531436,0.0,
P02-A4-PhysioNetMI-CLASSICAL-A4-C2-MULTI-HARD-VOTE-P01-L1-LOW-CAL-OFFICIAL-R2:8_PER_CLASS-MR00,PhysioNetMI,A4-C2-MULTI-HARD-VOTE,CLASSICAL,P01-L1-LOW-CAL-OFFICIAL-R2:8_PER_CLASS,0,SUCCESS,2.0,3.5,3,3,HARD_VOTE,0.0055531389989482705,0.0265185833988653,0.0036505600000964478,
P02-A4-PhysioNetMI-CLASSICAL-A4-C3-MULTI-PROB-AVG-P01-L1-LOW-CAL-OFFICIAL-R2:8_PER_CLASS-MR00,PhysioNetMI,A4-C3-MULTI-PROB-AVG,CLASSICAL,P01-L1-LOW-CAL-OFFICIAL-R2:8_PER_CLASS,0,SUCCESS,2.0,3.5,3,3,PROBABILITY_AVERAGE,0.0055531389989482705,0.0265185833988653,0.001373629998852266,
P02-A4-PhysioNetMI-RIEMANNIAN-A4-C0-CORE-P01-L1-LOW-CAL-OFFICIAL-R2:8_PER_CLASS-MR00,PhysioNetMI,A4-C0-CORE,RIEMANNIAN,P01-L1-LOW-CAL-OFFICIAL-R2:8_PER_CLASS,0,SUCCESS,3.0,3.0,1,1,DIRECT_CORE,0.00957051199657144,0.009848660598072457,0.0,
P02-A4-PhysioNetMI-RIEMANNIAN-A4-C1-LONG-3P5S-P01-L1-LOW-CAL-OFFICIAL-R2:8_PER_CLASS-MR00,PhysioNetMI,A4-C1-LONG-3P5S,RIEMANNIAN,P01-L1-LOW-CAL-OFFICIAL-R2:8_PER_CLASS,0,SUCCESS,3.5,3.5,1,1,DIRECT_LONG,0.04050906300108181,0.05135460480087204,0.0,
P02-A4-PhysioNetMI-RIEMANNIAN-A4-C2-MULTI-HARD-VOTE-P01-L1-LOW-CAL-OFFICIAL-R2:8_PER_CLASS-MR00,PhysioNetMI,A4-C2-MULTI-HARD-VOTE,RIEMANNIAN,P01-L1-LOW-CAL-OFFICIAL-R2:8_PER_CLASS,0,SUCCESS,2.0,3.5,3,3,HARD_VOTE,0.06567715500023041,0.08185118840010545,0.005684887999450439,
P02-A4-PhysioNetMI-RIEMANNIAN-A4-C3-MULTI-PROB-AVG-P01-L1-LOW-CAL-OFFICIAL-R2:8_PER_CLASS-MR00,PhysioNetMI,A4-C3-MULTI-PROB-AVG,RIEMANNIAN,P01-L1-LOW-CAL-OFFICIAL-R2:8_PER_CLASS,0,SUCCESS,2.0,3.5,3,3,PROBABILITY_AVERAGE,0.06567715500023041,0.08185118840010545,0.0026069230007124133,
P02-A4-PhysioNetMI-NEURAL-A4-C0-CORE-P01-L1-LOW-CAL-OFFICIAL-R2:8_PER_CLASS-MR00,PhysioNetMI,A4-C0-CORE,NEURAL,P01-L1-LOW-CAL-OFFICIAL-R2:8_PER_CLASS,0,SUCCESS,3.0,3.0,1,1,DIRECT_CORE,0.0013548579991038423,0.0017794481995224486,0.0,
P02-A4-PhysioNetMI-NEURAL-A4-C1-LONG-3P5S-P01-L1-LOW-CAL-OFFICIAL-R2:8_PER_CLASS-MR00,PhysioNetMI,A4-C1-LONG-3P5S,NEURAL,P01-L1-LOW-CAL-OFFICIAL-R2:8_PER_CLASS,0,SUCCESS,3.5,3.5,1,1,DIRECT_LONG,0.11690990799979772,0.11690990799979772,0.0,
P02-A4-PhysioNetMI-NEURAL-A4-C2-MULTI-HARD-VOTE-P01-L1-LOW-CAL-OFFICIAL-R2:8_PER_CLASS-MR00,PhysioNetMI,A4-C2-MULTI-HARD-VOTE,NEURAL,P01-L1-LOW-CAL-OFFICIAL-R2:8_PER_CLASS,0,SUCCESS,2.0,3.5,3,3,HARD_VOTE,0.021472655000252416,0.021472655000252416,0.019835017999866977,
P02-A4-PhysioNetMI-NEURAL-A4-C3-MULTI-PROB-AVG-P01-L1-LOW-CAL-OFFICIAL-R2:8_PER_CLASS-MR00,PhysioNetMI,A4-C3-MULTI-PROB-AVG,NEURAL,P01-L1-LOW-CAL-OFFICIAL-R2:8_PER_CLASS,0,SUCCESS,2.0,3.5,3,3,PROBABILITY_AVERAGE,0.021472655000252416,0.021472655000252416,0.0022509899990836857,
P02-A4-PhysioNetMI-NEURAL-A4-C0-CORE-P01-L1-LOW-CAL-OFFICIAL-R2:8_PER_CLASS-MR01,PhysioNetMI,A4-C0-CORE,NEURAL,P01-L1-LOW-CAL-OFFICIAL-R2:8_PER_CLASS,1,SUCCESS,3.0,3.0,1,1,DIRECT_CORE,0.0012628479998966213,0.001778162401751615,0.0,
P02-A4-PhysioNetMI-NEURAL-A4-C1-LONG-3P5S-P01-L1-LOW-CAL-OFFICIAL-R2:8_PER_CLASS-MR01,PhysioNetMI,A4-C1-LONG-3P5S,NEURAL,P01-L1-LOW-CAL-OFFICIAL-R2:8_PER_CLASS,1,CONDITIONAL_SKIP,,,,,,,,,STAGE18_RESOURCE_CONSTRAINED_SINGLE_REPEAT_ALL_REFIT_ROLES
P02-A4-PhysioNetMI-NEURAL-A4-C2-MULTI-HARD-VOTE-P01-L1-LOW-CAL-OFFICIAL-R2:8_PER_CLASS-MR01,PhysioNetMI,A4-C2-MULTI-HARD-VOTE,NEURAL,P01-L1-LOW-CAL-OFFICIAL-R2:8_PER_CLASS,1,CONDITIONAL_SKIP,,,,,,,,,STAGE18_RESOURCE_CONSTRAINED_SINGLE_REPEAT_ALL_REFIT_ROLES
P02-A4-PhysioNetMI-NEURAL-A4-C3-MULTI-PROB-AVG-P01-L1-LOW-CAL-OFFICIAL-R2:8_PER_CLASS-MR01,PhysioNetMI,A4-C3-MULTI-PROB-AVG,NEURAL,P01-L1-LOW-CAL-OFFICIAL-R2:8_PER_CLASS,1,CONDITIONAL_SKIP,,,,,,,,,STAGE18_RESOURCE_CONSTRAINED_SINGLE_REPEAT_ALL_REFIT_ROLES
P02-A4-PhysioNetMI-NEURAL-A4-C0-CORE-P01-L1-LOW-CAL-OFFICIAL-R2:8_PER_CLASS-MR02,PhysioNetMI,A4-C0-CORE,NEURAL,P01-L1-LOW-CAL-OFFICIAL-R2:8_PER_CLASS,2,SUCCESS,3.0,3.0,1,1,DIRECT_CORE,0.0013111519983795006,0.0020854609996604264,0.0,
P02-A4-PhysioNetMI-NEURAL-A4-C1-LONG-3P5S-P01-L1-LOW-CAL-OFFICIAL-R2:8_PER_CLASS-MR02,PhysioNetMI,A4-C1-LONG-3P5S,NEURAL,P01-L1-LOW-CAL-OFFICIAL-R2:8_PER_CLASS,2,CONDITIONAL_SKIP,,,,,,,,,STAGE18_RESOURCE_CONSTRAINED_SINGLE_REPEAT_ALL_REFIT_ROLES
P02-A4-PhysioNetMI-NEURAL-A4-C2-MULTI-HARD-VOTE-P01-L1-LOW-CAL-OFFICIAL-R2:8_PER_CLASS-MR02,PhysioNetMI,A4-C2-MULTI-HARD-VOTE,NEURAL,P01-L1-LOW-CAL-OFFICIAL-R2:8_PER_CLASS,2,CONDITIONAL_SKIP,,,,,,,,,STAGE18_RESOURCE_CONSTRAINED_SINGLE_REPEAT_ALL_REFIT_ROLES
P02-A4-PhysioNetMI-NEURAL-A4-C3-MULTI-PROB-AVG-P01-L1-LOW-CAL-OFFICIAL-R2:8_PER_CLASS-MR02,PhysioNetMI,A4-C3-MULTI-PROB-AVG,NEURAL,P01-L1-LOW-CAL-OFFICIAL-R2:8_PER_CLASS,2,CONDITIONAL_SKIP,,,,,,,,,STAGE18_RESOURCE_CONSTRAINED_SINGLE_REPEAT_ALL_REFIT_ROLES
P02-A4-PhysioNetMI-NEURAL-A4-C0-CORE-P01-L1-LOW-CAL-OFFICIAL-R2:8_PER_CLASS-MR03,PhysioNetMI,A4-C0-CORE,NEURAL,P01-L1-LOW-CAL-OFFICIAL-R2:8_PER_CLASS,3,SUCCESS,3.0,3.0,1,1,DIRECT_CORE,0.0013759570028923918,0.00230378919877694,0.0,
P02-A4-PhysioNetMI-NEURAL-A4-C1-LONG-3P5S-P01-L1-LOW-CAL-OFFICIAL-R2:8_PER_CLASS-MR03,PhysioNetMI,A4-C1-LONG-3P5S,NEURAL,P01-L1-LOW-CAL-OFFICIAL-R2:8_PER_CLASS,3,CONDITIONAL_SKIP,,,,,,,,,STAGE18_RESOURCE_CONSTRAINED_SINGLE_REPEAT_ALL_REFIT_ROLES
P02-A4-PhysioNetMI-NEURAL-A4-C2-MULTI-HARD-VOTE-P01-L1-LOW-CAL-OFFICIAL-R2:8_PER_CLASS-MR03,PhysioNetMI,A4-C2-MULTI-HARD-VOTE,NEURAL,P01-L1-LOW-CAL-OFFICIAL-R2:8_PER_CLASS,3,CONDITIONAL_SKIP,,,,,,,,,STAGE18_RESOURCE_CONSTRAINED_SINGLE_REPEAT_ALL_REFIT_ROLES
P02-A4-PhysioNetMI-NEURAL-A4-C3-MULTI-PROB-AVG-P01-L1-LOW-CAL-OFFICIAL-R2:8_PER_CLASS-MR03,PhysioNetMI,A4-C3-MULTI-PROB-AVG,NEURAL,P01-L1-LOW-CAL-OFFICIAL-R2:8_PER_CLASS,3,CONDITIONAL_SKIP,,,,,,,,,STAGE18_RESOURCE_CONSTRAINED_SINGLE_REPEAT_ALL_REFIT_ROLES
P02-A4-PhysioNetMI-NEURAL-A4-C0-CORE-P01-L1-LOW-CAL-OFFICIAL-R2:8_PER_CLASS-MR04,PhysioNetMI,A4-C0-CORE,NEURAL,P01-L1-LOW-CAL-OFFICIAL-R2:8_PER_CLASS,4,SUCCESS,3.0,3.0,1,1,DIRECT_CORE,0.0012545309982670005,0.001905029601039132,0.0,
P02-A4-PhysioNetMI-NEURAL-A4-C1-LONG-3P5S-P01-L1-LOW-CAL-OFFICIAL-R2:8_PER_CLASS-MR04,PhysioNetMI,A4-C1-LONG-3P5S,NEURAL,P01-L1-LOW-CAL-OFFICIAL-R2:8_PER_CLASS,4,CONDITIONAL_SKIP,,,,,,,,,STAGE18_RESOURCE_CONSTRAINED_SINGLE_REPEAT_ALL_REFIT_ROLES
P02-A4-PhysioNetMI-NEURAL-A4-C2-MULTI-HARD-VOTE-P01-L1-LOW-CAL-OFFICIAL-R2:8_PER_CLASS-MR04,PhysioNetMI,A4-C2-MULTI-HARD-VOTE,NEURAL,P01-L1-LOW-CAL-OFFICIAL-R2:8_PER_CLASS,4,CONDITIONAL_SKIP,,,,,,,,,STAGE18_RESOURCE_CONSTRAINED_SINGLE_REPEAT_ALL_REFIT_ROLES
P02-A4-PhysioNetMI-NEURAL-A4-C3-MULTI-PROB-AVG-P01-L1-LOW-CAL-OFFICIAL-R2:8_PER_CLASS-MR04,PhysioNetMI,A4-C3-MULTI-PROB-AVG,NEURAL,P01-L1-LOW-CAL-OFFICIAL-R2:8_PER_CLASS,4,CONDITIONAL_SKIP,,,,,,,,,STAGE18_RESOURCE_CONSTRAINED_SINGLE_REPEAT_ALL_REFIT_ROLES
P02-A4-PhysioNetMI-SSL-A4-C0-CORE-P01-L1-LOW-CAL-OFFICIAL-R2:8_PER_CLASS-MR00,PhysioNetMI,A4-C0-CORE,SSL,P01-L1-LOW-CAL-OFFICIAL-R2:8_PER_CLASS,0,SUCCESS,3.0,3.0,1,1,DIRECT_CORE,0.010343072999603464,0.01068683640078234,0.0,
P02-A4-PhysioNetMI-SSL-A4-C1-LONG-3P5S-P01-L1-LOW-CAL-OFFICIAL-R2:8_PER_CLASS-MR00,PhysioNetMI,A4-C1-LONG-3P5S,SSL,P01-L1-LOW-CAL-OFFICIAL-R2:8_PER_CLASS,0,INPUT_INCOMPATIBLE,,,,,,,,,A4_MEMBER_UNAVAILABLE
P02-A4-PhysioNetMI-SSL-A4-C2-MULTI-HARD-VOTE-P01-L1-LOW-CAL-OFFICIAL-R2:8_PER_CLASS-MR00,PhysioNetMI,A4-C2-MULTI-HARD-VOTE,SSL,P01-L1-LOW-CAL-OFFICIAL-R2:8_PER_CLASS,0,SUCCESS,2.0,3.5,3,3,HARD_VOTE,0.5848134829993796,0.5848134829993796,0.03490693000094325,
P02-A4-PhysioNetMI-SSL-A4-C3-MULTI-PROB-AVG-P01-L1-LOW-CAL-OFFICIAL-R2:8_PER_CLASS-MR00,PhysioNetMI,A4-C3-MULTI-PROB-AVG,SSL,P01-L1-LOW-CAL-OFFICIAL-R2:8_PER_CLASS,0,SUCCESS,2.0,3.5,3,3,PROBABILITY_AVERAGE,0.5848134829993796,0.5848134829993796,0.0026491500011616154,
P02-A4-PhysioNetMI-SSL-A4-C0-CORE-P01-L1-LOW-CAL-OFFICIAL-R2:8_PER_CLASS-MR01,PhysioNetMI,A4-C0-CORE,SSL,P01-L1-LOW-CAL-OFFICIAL-R2:8_PER_CLASS,1,SUCCESS,3.0,3.0,1,1,DIRECT_CORE,0.010801420001371298,0.010912266999730491,0.0,
P02-A4-PhysioNetMI-SSL-A4-C1-LONG-3P5S-P01-L1-LOW-CAL-OFFICIAL-R2:8_PER_CLASS-MR01,PhysioNetMI,A4-C1-LONG-3P5S,SSL,P01-L1-LOW-CAL-OFFICIAL-R2:8_PER_CLASS,1,CONDITIONAL_SKIP,,,,,,,,,STAGE18_RESOURCE_CONSTRAINED_SINGLE_REPEAT_ALL_REFIT_ROLES
P02-A4-PhysioNetMI-SSL-A4-C2-MULTI-HARD-VOTE-P01-L1-LOW-CAL-OFFICIAL-R2:8_PER_CLASS-MR01,PhysioNetMI,A4-C2-MULTI-HARD-VOTE,SSL,P01-L1-LOW-CAL-OFFICIAL-R2:8_PER_CLASS,1,CONDITIONAL_SKIP,,,,,,,,,STAGE18_RESOURCE_CONSTRAINED_SINGLE_REPEAT_ALL_REFIT_ROLES
P02-A4-PhysioNetMI-SSL-A4-C3-MULTI-PROB-AVG-P01-L1-LOW-CAL-OFFICIAL-R2:8_PER_CLASS-MR01,PhysioNetMI,A4-C3-MULTI-PROB-AVG,SSL,P01-L1-LOW-CAL-OFFICIAL-R2:8_PER_CLASS,1,CONDITIONAL_SKIP,,,,,,,,,STAGE18_RESOURCE_CONSTRAINED_SINGLE_REPEAT_ALL_REFIT_ROLES
P02-A4-PhysioNetMI-SSL-A4-C0-CORE-P01-L1-LOW-CAL-OFFICIAL-R2:8_PER_CLASS-MR02,PhysioNetMI,A4-C0-CORE,SSL,P01-L1-LOW-CAL-OFFICIAL-R2:8_PER_CLASS,2,SUCCESS,3.0,3.0,1,1,DIRECT_CORE,0.010476357001607539,0.01117273060081061,0.0,
P02-A4-PhysioNetMI-SSL-A4-C1-LONG-3P5S-P01-L1-LOW-CAL-OFFICIAL-R2:8_PER_CLASS-MR02,PhysioNetMI,A4-C1-LONG-3P5S,SSL,P01-L1-LOW-CAL-OFFICIAL-R2:8_PER_CLASS,2,CONDITIONAL_SKIP,,,,,,,,,STAGE18_RESOURCE_CONSTRAINED_SINGLE_REPEAT_ALL_REFIT_ROLES
P02-A4-PhysioNetMI-SSL-A4-C2-MULTI-HARD-VOTE-P01-L1-LOW-CAL-OFFICIAL-R2:8_PER_CLASS-MR02,PhysioNetMI,A4-C2-MULTI-HARD-VOTE,SSL,P01-L1-LOW-CAL-OFFICIAL-R2:8_PER_CLASS,2,CONDITIONAL_SKIP,,,,,,,,,STAGE18_RESOURCE_CONSTRAINED_SINGLE_REPEAT_ALL_REFIT_ROLES
P02-A4-PhysioNetMI-SSL-A4-C3-MULTI-PROB-AVG-P01-L1-LOW-CAL-OFFICIAL-R2:8_PER_CLASS-MR02,PhysioNetMI,A4-C3-MULTI-PROB-AVG,SSL,P01-L1-LOW-CAL-OFFICIAL-R2:8_PER_CLASS,2,CONDITIONAL_SKIP,,,,,,,,,STAGE18_RESOURCE_CONSTRAINED_SINGLE_REPEAT_ALL_REFIT_ROLES
P02-A4-PhysioNetMI-SSL-A4-C0-CORE-P01-L1-LOW-CAL-OFFICIAL-R2:8_PER_CLASS-MR03,PhysioNetMI,A4-C0-CORE,SSL,P01-L1-LOW-CAL-OFFICIAL-R2:8_PER_CLASS,3,SUCCESS,3.0,3.0,1,1,DIRECT_CORE,0.010527798000111943,0.01113064760065754,0.0,
P02-A4-PhysioNetMI-SSL-A4-C1-LONG-3P5S-P01-L1-LOW-CAL-OFFICIAL-R2:8_PER_CLASS-MR03,PhysioNetMI,A4-C1-LONG-3P5S,SSL,P01-L1-LOW-CAL-OFFICIAL-R2:8_PER_CLASS,3,CONDITIONAL_SKIP,,,,,,,,,STAGE18_RESOURCE_CONSTRAINED_SINGLE_REPEAT_ALL_REFIT_ROLES
P02-A4-PhysioNetMI-SSL-A4-C2-MULTI-HARD-VOTE-P01-L1-LOW-CAL-OFFICIAL-R2:8_PER_CLASS-MR03,PhysioNetMI,A4-C2-MULTI-HARD-VOTE,SSL,P01-L1-LOW-CAL-OFFICIAL-R2:8_PER_CLASS,3,CONDITIONAL_SKIP,,,,,,,,,STAGE18_RESOURCE_CONSTRAINED_SINGLE_REPEAT_ALL_REFIT_ROLES
P02-A4-PhysioNetMI-SSL-A4-C3-MULTI-PROB-AVG-P01-L1-LOW-CAL-OFFICIAL-R2:8_PER_CLASS-MR03,PhysioNetMI,A4-C3-MULTI-PROB-AVG,SSL,P01-L1-LOW-CAL-OFFICIAL-R2:8_PER_CLASS,3,CONDITIONAL_SKIP,,,,,,,,,STAGE18_RESOURCE_CONSTRAINED_SINGLE_REPEAT_ALL_REFIT_ROLES
P02-A4-PhysioNetMI-SSL-A4-C0-CORE-P01-L1-LOW-CAL-OFFICIAL-R2:8_PER_CLASS-MR04,PhysioNetMI,A4-C0-CORE,SSL,P01-L1-LOW-CAL-OFFICIAL-R2:8_PER_CLASS,4,SUCCESS,3.0,3.0,1,1,DIRECT_CORE,0.0105935639985546,0.01071054819985875,0.0,
P02-A4-PhysioNetMI-SSL-A4-C1-LONG-3P5S-P01-L1-LOW-CAL-OFFICIAL-R2:8_PER_CLASS-MR04,PhysioNetMI,A4-C1-LONG-3P5S,SSL,P01-L1-LOW-CAL-OFFICIAL-R2:8_PER_CLASS,4,CONDITIONAL_SKIP,,,,,,,,,STAGE18_RESOURCE_CONSTRAINED_SINGLE_REPEAT_ALL_REFIT_ROLES
P02-A4-PhysioNetMI-SSL-A4-C2-MULTI-HARD-VOTE-P01-L1-LOW-CAL-OFFICIAL-R2:8_PER_CLASS-MR04,PhysioNetMI,A4-C2-MULTI-HARD-VOTE,SSL,P01-L1-LOW-CAL-OFFICIAL-R2:8_PER_CLASS,4,CONDITIONAL_SKIP,,,,,,,,,STAGE18_RESOURCE_CONSTRAINED_SINGLE_REPEAT_ALL_REFIT_ROLES
P02-A4-PhysioNetMI-SSL-A4-C3-MULTI-PROB-AVG-P01-L1-LOW-CAL-OFFICIAL-R2:8_PER_CLASS-MR04,PhysioNetMI,A4-C3-MULTI-PROB-AVG,SSL,P01-L1-LOW-CAL-OFFICIAL-R2:8_PER_CLASS,4,CONDITIONAL_SKIP,,,,,,,,,STAGE18_RESOURCE_CONSTRAINED_SINGLE_REPEAT_ALL_REFIT_ROLES
P02-A4-PhysioNetMI-ENSEMBLE-A4-C4-MODEL-HARD-VOTE-P01-L1-LOW-CAL-OFFICIAL-R2:8_PER_CLASS-ER00,PhysioNetMI,A4-C4-MODEL-HARD-VOTE,FIXED_MODEL_ENSEMBLE,P01-L1-LOW-CAL-OFFICIAL-R2:8_PER_CLASS,0,SUCCESS,3.0,3.0,4,4,HARD_VOTE,0.021994121992975124,0.02313266299715906,0.005755909000072279,
P02-A4-PhysioNetMI-ENSEMBLE-A4-C5-MODEL-PROB-AVG-P01-L1-LOW-CAL-OFFICIAL-R2:8_PER_CLASS-ER00,PhysioNetMI,A4-C5-MODEL-PROB-AVG,FIXED_MODEL_ENSEMBLE,P01-L1-LOW-CAL-OFFICIAL-R2:8_PER_CLASS,0,SUCCESS,3.0,3.0,4,4,PROBABILITY_AVERAGE,0.021994121992975124,0.02313266299715906,0.0007147239994083066,
P02-A4-PhysioNetMI-ENSEMBLE-A4-C4-MODEL-HARD-VOTE-P01-L1-LOW-CAL-OFFICIAL-R2:8_PER_CLASS-ER01,PhysioNetMI,A4-C4-MODEL-HARD-VOTE,FIXED_MODEL_ENSEMBLE,P01-L1-LOW-CAL-OFFICIAL-R2:8_PER_CLASS,1,SUCCESS,3.0,3.0,4,4,HARD_VOTE,0.022360458995535737,0.023356807798336376,0.01869706500110624,
P02-A4-PhysioNetMI-ENSEMBLE-A4-C5-MODEL-PROB-AVG-P01-L1-LOW-CAL-OFFICIAL-R2:8_PER_CLASS-ER01,PhysioNetMI,A4-C5-MODEL-PROB-AVG,FIXED_MODEL_ENSEMBLE,P01-L1-LOW-CAL-OFFICIAL-R2:8_PER_CLASS,1,SUCCESS,3.0,3.0,4,4,PROBABILITY_AVERAGE,0.022360458995535737,0.023356807798336376,0.0005601419998129131,
P02-A4-PhysioNetMI-ENSEMBLE-A4-C4-MODEL-HARD-VOTE-P01-L1-LOW-CAL-OFFICIAL-R2:8_PER_CLASS-ER02,PhysioNetMI,A4-C4-MODEL-HARD-VOTE,FIXED_MODEL_ENSEMBLE,P01-L1-LOW-CAL-OFFICIAL-R2:8_PER_CLASS,2,SUCCESS,3.0,3.0,4,4,HARD_VOTE,0.022083699994254857,0.023924569997325305,0.005957856999884825,
P02-A4-PhysioNetMI-ENSEMBLE-A4-C5-MODEL-PROB-AVG-P01-L1-LOW-CAL-OFFICIAL-R2:8_PER_CLASS-ER02,PhysioNetMI,A4-C5-MODEL-PROB-AVG,FIXED_MODEL_ENSEMBLE,P01-L1-LOW-CAL-OFFICIAL-R2:8_PER_CLASS,2,SUCCESS,3.0,3.0,4,4,PROBABILITY_AVERAGE,0.022083699994254857,0.023924569997325305,0.000526668000020436,
P02-A4-PhysioNetMI-ENSEMBLE-A4-C4-MODEL-HARD-VOTE-P01-L1-LOW-CAL-OFFICIAL-R2:8_PER_CLASS-ER03,PhysioNetMI,A4-C4-MODEL-HARD-VOTE,FIXED_MODEL_ENSEMBLE,P01-L1-LOW-CAL-OFFICIAL-R2:8_PER_CLASS,3,SUCCESS,3.0,3.0,4,4,HARD_VOTE,0.022199945997272152,0.02410081519628875,0.03007014400100161,
P02-A4-PhysioNetMI-ENSEMBLE-A4-C5-MODEL-PROB-AVG-P01-L1-LOW-CAL-OFFICIAL-R2:8_PER_CLASS-ER03,PhysioNetMI,A4-C5-MODEL-PROB-AVG,FIXED_MODEL_ENSEMBLE,P01-L1-LOW-CAL-OFFICIAL-R2:8_PER_CLASS,3,SUCCESS,3.0,3.0,4,4,PROBABILITY_AVERAGE,0.022199945997272152,0.02410081519628875,0.005501661000380409,
P02-A4-PhysioNetMI-ENSEMBLE-A4-C4-MODEL-HARD-VOTE-P01-L1-LOW-CAL-OFFICIAL-R2:8_PER_CLASS-ER04,PhysioNetMI,A4-C4-MODEL-HARD-VOTE,FIXED_MODEL_ENSEMBLE,P01-L1-LOW-CAL-OFFICIAL-R2:8_PER_CLASS,4,SUCCESS,3.0,3.0,4,4,HARD_VOTE,0.02214428599108942,0.023281956197752154,0.017780038000637433,
P02-A4-PhysioNetMI-ENSEMBLE-A4-C5-MODEL-PROB-AVG-P01-L1-LOW-CAL-OFFICIAL-R2:8_PER_CLASS-ER04,PhysioNetMI,A4-C5-MODEL-PROB-AVG,FIXED_MODEL_ENSEMBLE,P01-L1-LOW-CAL-OFFICIAL-R2:8_PER_CLASS,4,SUCCESS,3.0,3.0,4,4,PROBABILITY_AVERAGE,0.02214428599108942,0.023281956197752154,0.0021313029992597876,
P02-A4-PhysioNetMI-CLASSICAL-A4-C0-CORE-P01-L1-LOW-CAL-OFFICIAL-R2:16_PER_CLASS-MR00,PhysioNetMI,A4-C0-CORE,CLASSICAL,P01-L1-LOW-CAL-OFFICIAL-R2:16_PER_CLASS,0,SUCCESS,3.0,3.0,1,1,DIRECT_CORE,0.0007336810012930073,0.000866310199489817,0.0,
P02-A4-PhysioNetMI-CLASSICAL-A4-C1-LONG-3P5S-P01-L1-LOW-CAL-OFFICIAL-R2:16_PER_CLASS-MR00,PhysioNetMI,A4-C1-LONG-3P5S,CLASSICAL,P01-L1-LOW-CAL-OFFICIAL-R2:16_PER_CLASS,0,SUCCESS,3.5,3.5,1,1,DIRECT_LONG,0.004423774998940644,0.004490454000551836,0.0,
P02-A4-PhysioNetMI-CLASSICAL-A4-C2-MULTI-HARD-VOTE-P01-L1-LOW-CAL-OFFICIAL-R2:16_PER_CLASS-MR00,PhysioNetMI,A4-C2-MULTI-HARD-VOTE,CLASSICAL,P01-L1-LOW-CAL-OFFICIAL-R2:16_PER_CLASS,0,SUCCESS,2.0,3.5,3,3,HARD_VOTE,0.006817340001362027,0.024546225201629565,0.006158642001537373,
P02-A4-PhysioNetMI-CLASSICAL-A4-C3-MULTI-PROB-AVG-P01-L1-LOW-CAL-OFFICIAL-R2:16_PER_CLASS-MR00,PhysioNetMI,A4-C3-MULTI-PROB-AVG,CLASSICAL,P01-L1-LOW-CAL-OFFICIAL-R2:16_PER_CLASS,0,SUCCESS,2.0,3.5,3,3,PROBABILITY_AVERAGE,0.006817340001362027,0.024546225201629565,0.0021830570003658067,
P02-A4-PhysioNetMI-RIEMANNIAN-A4-C0-CORE-P01-L1-LOW-CAL-OFFICIAL-R2:16_PER_CLASS-MR00,PhysioNetMI,A4-C0-CORE,RIEMANNIAN,P01-L1-LOW-CAL-OFFICIAL-R2:16_PER_CLASS,0,SUCCESS,3.0,3.0,1,1,DIRECT_CORE,0.009469687996897846,0.009790879599313485,0.0,
P02-A4-PhysioNetMI-RIEMANNIAN-A4-C1-LONG-3P5S-P01-L1-LOW-CAL-OFFICIAL-R2:16_PER_CLASS-MR00,PhysioNetMI,A4-C1-LONG-3P5S,RIEMANNIAN,P01-L1-LOW-CAL-OFFICIAL-R2:16_PER_CLASS,0,SUCCESS,3.5,3.5,1,1,DIRECT_LONG,0.039697739000985166,0.043285999200452355,0.0,
P02-A4-PhysioNetMI-RIEMANNIAN-A4-C2-MULTI-HARD-VOTE-P01-L1-LOW-CAL-OFFICIAL-R2:16_PER_CLASS-MR00,PhysioNetMI,A4-C2-MULTI-HARD-VOTE,RIEMANNIAN,P01-L1-LOW-CAL-OFFICIAL-R2:16_PER_CLASS,0,SUCCESS,2.0,3.5,3,3,HARD_VOTE,0.04168781099906482,0.051185901798089614,0.0028811249994760146,
P02-A4-PhysioNetMI-RIEMANNIAN-A4-C3-MULTI-PROB-AVG-P01-L1-LOW-CAL-OFFICIAL-R2:16_PER_CLASS-MR00,PhysioNetMI,A4-C3-MULTI-PROB-AVG,RIEMANNIAN,P01-L1-LOW-CAL-OFFICIAL-R2:16_PER_CLASS,0,SUCCESS,2.0,3.5,3,3,PROBABILITY_AVERAGE,0.04168781099906482,0.051185901798089614,0.0023351809995801887,
P02-A4-PhysioNetMI-NEURAL-A4-C0-CORE-P01-L1-LOW-CAL-OFFICIAL-R2:16_PER_CLASS-MR00,PhysioNetMI,A4-C0-CORE,NEURAL,P01-L1-LOW-CAL-OFFICIAL-R2:16_PER_CLASS,0,SUCCESS,3.0,3.0,1,1,DIRECT_CORE,0.0013497359977918677,0.0018331548002606722,0.0,
P02-A4-PhysioNetMI-NEURAL-A4-C1-LONG-3P5S-P01-L1-LOW-CAL-OFFICIAL-R2:16_PER_CLASS-MR00,PhysioNetMI,A4-C1-LONG-3P5S,NEURAL,P01-L1-LOW-CAL-OFFICIAL-R2:16_PER_CLASS,0,CONDITIONAL_SKIP,,,,,,,,,STAGE18_RESOURCE_CONSTRAINED_DEEP_ANCHOR_BUDGET_ONLY
P02-A4-PhysioNetMI-NEURAL-A4-C2-MULTI-HARD-VOTE-P01-L1-LOW-CAL-OFFICIAL-R2:16_PER_CLASS-MR00,PhysioNetMI,A4-C2-MULTI-HARD-VOTE,NEURAL,P01-L1-LOW-CAL-OFFICIAL-R2:16_PER_CLASS,0,CONDITIONAL_SKIP,,,,,,,,,STAGE18_RESOURCE_CONSTRAINED_DEEP_ANCHOR_BUDGET_ONLY
P02-A4-PhysioNetMI-NEURAL-A4-C3-MULTI-PROB-AVG-P01-L1-LOW-CAL-OFFICIAL-R2:16_PER_CLASS-MR00,PhysioNetMI,A4-C3-MULTI-PROB-AVG,NEURAL,P01-L1-LOW-CAL-OFFICIAL-R2:16_PER_CLASS,0,CONDITIONAL_SKIP,,,,,,,,,STAGE18_RESOURCE_CONSTRAINED_DEEP_ANCHOR_BUDGET_ONLY
P02-A4-PhysioNetMI-NEURAL-A4-C0-CORE-P01-L1-LOW-CAL-OFFICIAL-R2:16_PER_CLASS-MR01,PhysioNetMI,A4-C0-CORE,NEURAL,P01-L1-LOW-CAL-OFFICIAL-R2:16_PER_CLASS,1,SUCCESS,3.0,3.0,1,1,DIRECT_CORE,0.0013330859983398113,0.0020244474020728372,0.0,
P02-A4-PhysioNetMI-NEURAL-A4-C1-LONG-3P5S-P01-L1-LOW-CAL-OFFICIAL-R2:16_PER_CLASS-MR01,PhysioNetMI,A4-C1-LONG-3P5S,NEURAL,P01-L1-LOW-CAL-OFFICIAL-R2:16_PER_CLASS,1,CONDITIONAL_SKIP,,,,,,,,,STAGE18_RESOURCE_CONSTRAINED_SINGLE_REPEAT_ALL_REFIT_ROLES
P02-A4-PhysioNetMI-NEURAL-A4-C2-MULTI-HARD-VOTE-P01-L1-LOW-CAL-OFFICIAL-R2:16_PER_CLASS-MR01,PhysioNetMI,A4-C2-MULTI-HARD-VOTE,NEURAL,P01-L1-LOW-CAL-OFFICIAL-R2:16_PER_CLASS,1,CONDITIONAL_SKIP,,,,,,,,,STAGE18_RESOURCE_CONSTRAINED_SINGLE_REPEAT_ALL_REFIT_ROLES
P02-A4-PhysioNetMI-NEURAL-A4-C3-MULTI-PROB-AVG-P01-L1-LOW-CAL-OFFICIAL-R2:16_PER_CLASS-MR01,PhysioNetMI,A4-C3-MULTI-PROB-AVG,NEURAL,P01-L1-LOW-CAL-OFFICIAL-R2:16_PER_CLASS,1,CONDITIONAL_SKIP,,,,,,,,,STAGE18_RESOURCE_CONSTRAINED_SINGLE_REPEAT_ALL_REFIT_ROLES
P02-A4-PhysioNetMI-NEURAL-A4-C0-CORE-P01-L1-LOW-CAL-OFFICIAL-R2:16_PER_CLASS-MR02,PhysioNetMI,A4-C0-CORE,NEURAL,P01-L1-LOW-CAL-OFFICIAL-R2:16_PER_CLASS,2,SUCCESS,3.0,3.0,1,1,DIRECT_CORE,0.0014726310000696685,0.0019360926002264022,0.0,
P02-A4-PhysioNetMI-NEURAL-A4-C1-LONG-3P5S-P01-L1-LOW-CAL-OFFICIAL-R2:16_PER_CLASS-MR02,PhysioNetMI,A4-C1-LONG-3P5S,NEURAL,P01-L1-LOW-CAL-OFFICIAL-R2:16_PER_CLASS,2,CONDITIONAL_SKIP,,,,,,,,,STAGE18_RESOURCE_CONSTRAINED_SINGLE_REPEAT_ALL_REFIT_ROLES
P02-A4-PhysioNetMI-NEURAL-A4-C2-MULTI-HARD-VOTE-P01-L1-LOW-CAL-OFFICIAL-R2:16_PER_CLASS-MR02,PhysioNetMI,A4-C2-MULTI-HARD-VOTE,NEURAL,P01-L1-LOW-CAL-OFFICIAL-R2:16_PER_CLASS,2,CONDITIONAL_SKIP,,,,,,,,,STAGE18_RESOURCE_CONSTRAINED_SINGLE_REPEAT_ALL_REFIT_ROLES
P02-A4-PhysioNetMI-NEURAL-A4-C3-MULTI-PROB-AVG-P01-L1-LOW-CAL-OFFICIAL-R2:16_PER_CLASS-MR02,PhysioNetMI,A4-C3-MULTI-PROB-AVG,NEURAL,P01-L1-LOW-CAL-OFFICIAL-R2:16_PER_CLASS,2,CONDITIONAL_SKIP,,,,,,,,,STAGE18_RESOURCE_CONSTRAINED_SINGLE_REPEAT_ALL_REFIT_ROLES
P02-A4-PhysioNetMI-NEURAL-A4-C0-CORE-P01-L1-LOW-CAL-OFFICIAL-R2:16_PER_CLASS-MR03,PhysioNetMI,A4-C0-CORE,NEURAL,P01-L1-LOW-CAL-OFFICIAL-R2:16_PER_CLASS,3,SUCCESS,3.0,3.0,1,1,DIRECT_CORE,0.0013609960005851462,0.002099914399877889,0.0,
P02-A4-PhysioNetMI-NEURAL-A4-C1-LONG-3P5S-P01-L1-LOW-CAL-OFFICIAL-R2:16_PER_CLASS-MR03,PhysioNetMI,A4-C1-LONG-3P5S,NEURAL,P01-L1-LOW-CAL-OFFICIAL-R2:16_PER_CLASS,3,CONDITIONAL_SKIP,,,,,,,,,STAGE18_RESOURCE_CONSTRAINED_SINGLE_REPEAT_ALL_REFIT_ROLES
P02-A4-PhysioNetMI-NEURAL-A4-C2-MULTI-HARD-VOTE-P01-L1-LOW-CAL-OFFICIAL-R2:16_PER_CLASS-MR03,PhysioNetMI,A4-C2-MULTI-HARD-VOTE,NEURAL,P01-L1-LOW-CAL-OFFICIAL-R2:16_PER_CLASS,3,CONDITIONAL_SKIP,,,,,,,,,STAGE18_RESOURCE_CONSTRAINED_SINGLE_REPEAT_ALL_REFIT_ROLES
P02-A4-PhysioNetMI-NEURAL-A4-C3-MULTI-PROB-AVG-P01-L1-LOW-CAL-OFFICIAL-R2:16_PER_CLASS-MR03,PhysioNetMI,A4-C3-MULTI-PROB-AVG,NEURAL,P01-L1-LOW-CAL-OFFICIAL-R2:16_PER_CLASS,3,CONDITIONAL_SKIP,,,,,,,,,STAGE18_RESOURCE_CONSTRAINED_SINGLE_REPEAT_ALL_REFIT_ROLES
P02-A4-PhysioNetMI-NEURAL-A4-C0-CORE-P01-L1-LOW-CAL-OFFICIAL-R2:16_PER_CLASS-MR04,PhysioNetMI,A4-C0-CORE,NEURAL,P01-L1-LOW-CAL-OFFICIAL-R2:16_PER_CLASS,4,SUCCESS,3.0,3.0,1,1,DIRECT_CORE,0.0013487229989550542,0.0021929571987129746,0.0,
P02-A4-PhysioNetMI-NEURAL-A4-C1-LONG-3P5S-P01-L1-LOW-CAL-OFFICIAL-R2:16_PER_CLASS-MR04,PhysioNetMI,A4-C1-LONG-3P5S,NEURAL,P01-L1-LOW-CAL-OFFICIAL-R2:16_PER_CLASS,4,CONDITIONAL_SKIP,,,,,,,,,STAGE18_RESOURCE_CONSTRAINED_SINGLE_REPEAT_ALL_REFIT_ROLES
P02-A4-PhysioNetMI-NEURAL-A4-C2-MULTI-HARD-VOTE-P01-L1-LOW-CAL-OFFICIAL-R2:16_PER_CLASS-MR04,PhysioNetMI,A4-C2-MULTI-HARD-VOTE,NEURAL,P01-L1-LOW-CAL-OFFICIAL-R2:16_PER_CLASS,4,CONDITIONAL_SKIP,,,,,,,,,STAGE18_RESOURCE_CONSTRAINED_SINGLE_REPEAT_ALL_REFIT_ROLES
P02-A4-PhysioNetMI-NEURAL-A4-C3-MULTI-PROB-AVG-P01-L1-LOW-CAL-OFFICIAL-R2:16_PER_CLASS-MR04,PhysioNetMI,A4-C3-MULTI-PROB-AVG,NEURAL,P01-L1-LOW-CAL-OFFICIAL-R2:16_PER_CLASS,4,CONDITIONAL_SKIP,,,,,,,,,STAGE18_RESOURCE_CONSTRAINED_SINGLE_REPEAT_ALL_REFIT_ROLES
P02-A4-PhysioNetMI-SSL-A4-C0-CORE-P01-L1-LOW-CAL-OFFICIAL-R2:16_PER_CLASS-MR00,PhysioNetMI,A4-C0-CORE,SSL,P01-L1-LOW-CAL-OFFICIAL-R2:16_PER_CLASS,0,SUCCESS,3.0,3.0,1,1,DIRECT_CORE,0.010894647002714919,0.011161724000703543,0.0,
P02-A4-PhysioNetMI-SSL-A4-C1-LONG-3P5S-P01-L1-LOW-CAL-OFFICIAL-R2:16_PER_CLASS-MR00,PhysioNetMI,A4-C1-LONG-3P5S,SSL,P01-L1-LOW-CAL-OFFICIAL-R2:16_PER_CLASS,0,CONDITIONAL_SKIP,,,,,,,,,STAGE18_RESOURCE_CONSTRAINED_DEEP_ANCHOR_BUDGET_ONLY
P02-A4-PhysioNetMI-SSL-A4-C2-MULTI-HARD-VOTE-P01-L1-LOW-CAL-OFFICIAL-R2:16_PER_CLASS-MR00,PhysioNetMI,A4-C2-MULTI-HARD-VOTE,SSL,P01-L1-LOW-CAL-OFFICIAL-R2:16_PER_CLASS,0,CONDITIONAL_SKIP,,,,,,,,,STAGE18_RESOURCE_CONSTRAINED_DEEP_ANCHOR_BUDGET_ONLY
P02-A4-PhysioNetMI-SSL-A4-C3-MULTI-PROB-AVG-P01-L1-LOW-CAL-OFFICIAL-R2:16_PER_CLASS-MR00,PhysioNetMI,A4-C3-MULTI-PROB-AVG,SSL,P01-L1-LOW-CAL-OFFICIAL-R2:16_PER_CLASS,0,CONDITIONAL_SKIP,,,,,,,,,STAGE18_RESOURCE_CONSTRAINED_DEEP_ANCHOR_BUDGET_ONLY
P02-A4-PhysioNetMI-SSL-A4-C0-CORE-P01-L1-LOW-CAL-OFFICIAL-R2:16_PER_CLASS-MR01,PhysioNetMI,A4-C0-CORE,SSL,P01-L1-LOW-CAL-OFFICIAL-R2:16_PER_CLASS,1,SUCCESS,3.0,3.0,1,1,DIRECT_CORE,0.010435825999593362,0.011423567600286334,0.0,
P02-A4-PhysioNetMI-SSL-A4-C1-LONG-3P5S-P01-L1-LOW-CAL-OFFICIAL-R2:16_PER_CLASS-MR01,PhysioNetMI,A4-C1-LONG-3P5S,SSL,P01-L1-LOW-CAL-OFFICIAL-R2:16_PER_CLASS,1,CONDITIONAL_SKIP,,,,,,,,,STAGE18_RESOURCE_CONSTRAINED_SINGLE_REPEAT_ALL_REFIT_ROLES
P02-A4-PhysioNetMI-SSL-A4-C2-MULTI-HARD-VOTE-P01-L1-LOW-CAL-OFFICIAL-R2:16_PER_CLASS-MR01,PhysioNetMI,A4-C2-MULTI-HARD-VOTE,SSL,P01-L1-LOW-CAL-OFFICIAL-R2:16_PER_CLASS,1,CONDITIONAL_SKIP,,,,,,,,,STAGE18_RESOURCE_CONSTRAINED_SINGLE_REPEAT_ALL_REFIT_ROLES
P02-A4-PhysioNetMI-SSL-A4-C3-MULTI-PROB-AVG-P01-L1-LOW-CAL-OFFICIAL-R2:16_PER_CLASS-MR01,PhysioNetMI,A4-C3-MULTI-PROB-AVG,SSL,P01-L1-LOW-CAL-OFFICIAL-R2:16_PER_CLASS,1,CONDITIONAL_SKIP,,,,,,,,,STAGE18_RESOURCE_CONSTRAINED_SINGLE_REPEAT_ALL_REFIT_ROLES
P02-A4-PhysioNetMI-SSL-A4-C0-CORE-P01-L1-LOW-CAL-OFFICIAL-R2:16_PER_CLASS-MR02,PhysioNetMI,A4-C0-CORE,SSL,P01-L1-LOW-CAL-OFFICIAL-R2:16_PER_CLASS,2,SUCCESS,3.0,3.0,1,1,DIRECT_CORE,0.010448758999700658,0.011068388798594241,0.0,
P02-A4-PhysioNetMI-SSL-A4-C1-LONG-3P5S-P01-L1-LOW-CAL-OFFICIAL-R2:16_PER_CLASS-MR02,PhysioNetMI,A4-C1-LONG-3P5S,SSL,P01-L1-LOW-CAL-OFFICIAL-R2:16_PER_CLASS,2,CONDITIONAL_SKIP,,,,,,,,,STAGE18_RESOURCE_CONSTRAINED_SINGLE_REPEAT_ALL_REFIT_ROLES
P02-A4-PhysioNetMI-SSL-A4-C2-MULTI-HARD-VOTE-P01-L1-LOW-CAL-OFFICIAL-R2:16_PER_CLASS-MR02,PhysioNetMI,A4-C2-MULTI-HARD-VOTE,SSL,P01-L1-LOW-CAL-OFFICIAL-R2:16_PER_CLASS,2,CONDITIONAL_SKIP,,,,,,,,,STAGE18_RESOURCE_CONSTRAINED_SINGLE_REPEAT_ALL_REFIT_ROLES
P02-A4-PhysioNetMI-SSL-A4-C3-MULTI-PROB-AVG-P01-L1-LOW-CAL-OFFICIAL-R2:16_PER_CLASS-MR02,PhysioNetMI,A4-C3-MULTI-PROB-AVG,SSL,P01-L1-LOW-CAL-OFFICIAL-R2:16_PER_CLASS,2,CONDITIONAL_SKIP,,,,,,,,,STAGE18_RESOURCE_CONSTRAINED_SINGLE_REPEAT_ALL_REFIT_ROLES
P02-A4-PhysioNetMI-SSL-A4-C0-CORE-P01-L1-LOW-CAL-OFFICIAL-R2:16_PER_CLASS-MR03,PhysioNetMI,A4-C0-CORE,SSL,P01-L1-LOW-CAL-OFFICIAL-R2:16_PER_CLASS,3,SUCCESS,3.0,3.0,1,1,DIRECT_CORE,0.01044466600069427,0.0109690409990435,0.0,
P02-A4-PhysioNetMI-SSL-A4-C1-LONG-3P5S-P01-L1-LOW-CAL-OFFICIAL-R2:16_PER_CLASS-MR03,PhysioNetMI,A4-C1-LONG-3P5S,SSL,P01-L1-LOW-CAL-OFFICIAL-R2:16_PER_CLASS,3,CONDITIONAL_SKIP,,,,,,,,,STAGE18_RESOURCE_CONSTRAINED_SINGLE_REPEAT_ALL_REFIT_ROLES
P02-A4-PhysioNetMI-SSL-A4-C2-MULTI-HARD-VOTE-P01-L1-LOW-CAL-OFFICIAL-R2:16_PER_CLASS-MR03,PhysioNetMI,A4-C2-MULTI-HARD-VOTE,SSL,P01-L1-LOW-CAL-OFFICIAL-R2:16_PER_CLASS,3,CONDITIONAL_SKIP,,,,,,,,,STAGE18_RESOURCE_CONSTRAINED_SINGLE_REPEAT_ALL_REFIT_ROLES
P02-A4-PhysioNetMI-SSL-A4-C3-MULTI-PROB-AVG-P01-L1-LOW-CAL-OFFICIAL-R2:16_PER_CLASS-MR03,PhysioNetMI,A4-C3-MULTI-PROB-AVG,SSL,P01-L1-LOW-CAL-OFFICIAL-R2:16_PER_CLASS,3,CONDITIONAL_SKIP,,,,,,,,,STAGE18_RESOURCE_CONSTRAINED_SINGLE_REPEAT_ALL_REFIT_ROLES
P02-A4-PhysioNetMI-SSL-A4-C0-CORE-P01-L1-LOW-CAL-OFFICIAL-R2:16_PER_CLASS-MR04,PhysioNetMI,A4-C0-CORE,SSL,P01-L1-LOW-CAL-OFFICIAL-R2:16_PER_CLASS,4,SUCCESS,3.0,3.0,1,1,DIRECT_CORE,0.009969057999114739,0.010081801599881146,0.0,
P02-A4-PhysioNetMI-SSL-A4-C1-LONG-3P5S-P01-L1-LOW-CAL-OFFICIAL-R2:16_PER_CLASS-MR04,PhysioNetMI,A4-C1-LONG-3P5S,SSL,P01-L1-LOW-CAL-OFFICIAL-R2:16_PER_CLASS,4,CONDITIONAL_SKIP,,,,,,,,,STAGE18_RESOURCE_CONSTRAINED_SINGLE_REPEAT_ALL_REFIT_ROLES
P02-A4-PhysioNetMI-SSL-A4-C2-MULTI-HARD-VOTE-P01-L1-LOW-CAL-OFFICIAL-R2:16_PER_CLASS-MR04,PhysioNetMI,A4-C2-MULTI-HARD-VOTE,SSL,P01-L1-LOW-CAL-OFFICIAL-R2:16_PER_CLASS,4,CONDITIONAL_SKIP,,,,,,,,,STAGE18_RESOURCE_CONSTRAINED_SINGLE_REPEAT_ALL_REFIT_ROLES
P02-A4-PhysioNetMI-SSL-A4-C3-MULTI-PROB-AVG-P01-L1-LOW-CAL-OFFICIAL-R2:16_PER_CLASS-MR04,PhysioNetMI,A4-C3-MULTI-PROB-AVG,SSL,P01-L1-LOW-CAL-OFFICIAL-R2:16_PER_CLASS,4,CONDITIONAL_SKIP,,,,,,,,,STAGE18_RESOURCE_CONSTRAINED_SINGLE_REPEAT_ALL_REFIT_ROLES
P02-A4-PhysioNetMI-ENSEMBLE-A4-C4-MODEL-HARD-VOTE-P01-L1-LOW-CAL-OFFICIAL-R2:16_PER_CLASS-ER00,PhysioNetMI,A4-C4-MODEL-HARD-VOTE,FIXED_MODEL_ENSEMBLE,P01-L1-LOW-CAL-OFFICIAL-R2:16_PER_CLASS,0,SUCCESS,3.0,3.0,4,4,HARD_VOTE,0.02244775199869764,0.02365206859976752,0.006502596999780508,
P02-A4-PhysioNetMI-ENSEMBLE-A4-C5-MODEL-PROB-AVG-P01-L1-LOW-CAL-OFFICIAL-R2:16_PER_CLASS-ER00,PhysioNetMI,A4-C5-MODEL-PROB-AVG,FIXED_MODEL_ENSEMBLE,P01-L1-LOW-CAL-OFFICIAL-R2:16_PER_CLASS,0,SUCCESS,3.0,3.0,4,4,PROBABILITY_AVERAGE,0.02244775199869764,0.02365206859976752,0.0010515750000195112,
P02-A4-PhysioNetMI-ENSEMBLE-A4-C4-MODEL-HARD-VOTE-P01-L1-LOW-CAL-OFFICIAL-R2:16_PER_CLASS-ER01,PhysioNetMI,A4-C4-MODEL-HARD-VOTE,FIXED_MODEL_ENSEMBLE,P01-L1-LOW-CAL-OFFICIAL-R2:16_PER_CLASS,1,SUCCESS,3.0,3.0,4,4,HARD_VOTE,0.021972280996124027,0.024105204801162475,0.014874194999720203,
P02-A4-PhysioNetMI-ENSEMBLE-A4-C5-MODEL-PROB-AVG-P01-L1-LOW-CAL-OFFICIAL-R2:16_PER_CLASS-ER01,PhysioNetMI,A4-C5-MODEL-PROB-AVG,FIXED_MODEL_ENSEMBLE,P01-L1-LOW-CAL-OFFICIAL-R2:16_PER_CLASS,1,SUCCESS,3.0,3.0,4,4,PROBABILITY_AVERAGE,0.021972280996124027,0.024105204801162475,0.0015019210004538763,
P02-A4-PhysioNetMI-ENSEMBLE-A4-C4-MODEL-HARD-VOTE-P01-L1-LOW-CAL-OFFICIAL-R2:16_PER_CLASS-ER02,PhysioNetMI,A4-C4-MODEL-HARD-VOTE,FIXED_MODEL_ENSEMBLE,P01-L1-LOW-CAL-OFFICIAL-R2:16_PER_CLASS,2,SUCCESS,3.0,3.0,4,4,HARD_VOTE,0.02212475899796118,0.023661671197623947,0.02214989499952935,
P02-A4-PhysioNetMI-ENSEMBLE-A4-C5-MODEL-PROB-AVG-P01-L1-LOW-CAL-OFFICIAL-R2:16_PER_CLASS-ER02,PhysioNetMI,A4-C5-MODEL-PROB-AVG,FIXED_MODEL_ENSEMBLE,P01-L1-LOW-CAL-OFFICIAL-R2:16_PER_CLASS,2,SUCCESS,3.0,3.0,4,4,PROBABILITY_AVERAGE,0.02212475899796118,0.023661671197623947,0.00035613999898487236,
P02-A4-PhysioNetMI-ENSEMBLE-A4-C4-MODEL-HARD-VOTE-P01-L1-LOW-CAL-OFFICIAL-R2:16_PER_CLASS-ER03,PhysioNetMI,A4-C4-MODEL-HARD-VOTE,FIXED_MODEL_ENSEMBLE,P01-L1-LOW-CAL-OFFICIAL-R2:16_PER_CLASS,3,SUCCESS,3.0,3.0,4,4,HARD_VOTE,0.02200903099947027,0.02372614519772469,0.022252570001001004,
P02-A4-PhysioNetMI-ENSEMBLE-A4-C5-MODEL-PROB-AVG-P01-L1-LOW-CAL-OFFICIAL-R2:16_PER_CLASS-ER03,PhysioNetMI,A4-C5-MODEL-PROB-AVG,FIXED_MODEL_ENSEMBLE,P01-L1-LOW-CAL-OFFICIAL-R2:16_PER_CLASS,3,SUCCESS,3.0,3.0,4,4,PROBABILITY_AVERAGE,0.02200903099947027,0.02372614519772469,0.0009009810000861762,
P02-A4-PhysioNetMI-ENSEMBLE-A4-C4-MODEL-HARD-VOTE-P01-L1-LOW-CAL-OFFICIAL-R2:16_PER_CLASS-ER04,PhysioNetMI,A4-C4-MODEL-HARD-VOTE,FIXED_MODEL_ENSEMBLE,P01-L1-LOW-CAL-OFFICIAL-R2:16_PER_CLASS,4,SUCCESS,3.0,3.0,4,4,HARD_VOTE,0.021521149996260647,0.022931948597397424,0.017564658999617677,
P02-A4-PhysioNetMI-ENSEMBLE-A4-C5-MODEL-PROB-AVG-P01-L1-LOW-CAL-OFFICIAL-R2:16_PER_CLASS-ER04,PhysioNetMI,A4-C5-MODEL-PROB-AVG,FIXED_MODEL_ENSEMBLE,P01-L1-LOW-CAL-OFFICIAL-R2:16_PER_CLASS,4,SUCCESS,3.0,3.0,4,4,PROBABILITY_AVERAGE,0.021521149996260647,0.022931948597397424,0.0031974060002539773,
P02-A4-PhysioNetMI-CLASSICAL-A4-C0-CORE-P01-L1-LOW-CAL-OFFICIAL-R2:32_PER_CLASS-MR00,PhysioNetMI,A4-C0-CORE,CLASSICAL,P01-L1-LOW-CAL-OFFICIAL-R2:32_PER_CLASS,0,SUCCESS,3.0,3.0,1,1,DIRECT_CORE,0.0006662399973720312,0.0007926266007416416,0.0,
P02-A4-PhysioNetMI-CLASSICAL-A4-C1-LONG-3P5S-P01-L1-LOW-CAL-OFFICIAL-R2:32_PER_CLASS-MR00,PhysioNetMI,A4-C1-LONG-3P5S,CLASSICAL,P01-L1-LOW-CAL-OFFICIAL-R2:32_PER_CLASS,0,SUCCESS,3.5,3.5,1,1,DIRECT_LONG,0.0011524349993123906,0.0036674432005384004,0.0,
P02-A4-PhysioNetMI-CLASSICAL-A4-C2-MULTI-HARD-VOTE-P01-L1-LOW-CAL-OFFICIAL-R2:32_PER_CLASS-MR00,PhysioNetMI,A4-C2-MULTI-HARD-VOTE,CLASSICAL,P01-L1-LOW-CAL-OFFICIAL-R2:32_PER_CLASS,0,SUCCESS,2.0,3.5,3,3,HARD_VOTE,0.005662271998517099,0.015969000199766013,0.0028040580000379123,
P02-A4-PhysioNetMI-CLASSICAL-A4-C3-MULTI-PROB-AVG-P01-L1-LOW-CAL-OFFICIAL-R2:32_PER_CLASS-MR00,PhysioNetMI,A4-C3-MULTI-PROB-AVG,CLASSICAL,P01-L1-LOW-CAL-OFFICIAL-R2:32_PER_CLASS,0,SUCCESS,2.0,3.5,3,3,PROBABILITY_AVERAGE,0.005662271998517099,0.015969000199766013,0.0029261539984872798,
P02-A4-PhysioNetMI-RIEMANNIAN-A4-C0-CORE-P01-L1-LOW-CAL-OFFICIAL-R2:32_PER_CLASS-MR00,PhysioNetMI,A4-C0-CORE,RIEMANNIAN,P01-L1-LOW-CAL-OFFICIAL-R2:32_PER_CLASS,0,SUCCESS,3.0,3.0,1,1,DIRECT_CORE,0.009441016001801472,0.009474490601860452,0.0,
P02-A4-PhysioNetMI-RIEMANNIAN-A4-C1-LONG-3P5S-P01-L1-LOW-CAL-OFFICIAL-R2:32_PER_CLASS-MR00,PhysioNetMI,A4-C1-LONG-3P5S,RIEMANNIAN,P01-L1-LOW-CAL-OFFICIAL-R2:32_PER_CLASS,0,SUCCESS,3.5,3.5,1,1,DIRECT_LONG,0.015698756000347203,0.021011292399998636,0.0,
P02-A4-PhysioNetMI-RIEMANNIAN-A4-C2-MULTI-HARD-VOTE-P01-L1-LOW-CAL-OFFICIAL-R2:32_PER_CLASS-MR00,PhysioNetMI,A4-C2-MULTI-HARD-VOTE,RIEMANNIAN,P01-L1-LOW-CAL-OFFICIAL-R2:32_PER_CLASS,0,SUCCESS,2.0,3.5,3,3,HARD_VOTE,0.06284809899989341,0.08891131499913171,0.005705654000848881,
P02-A4-PhysioNetMI-RIEMANNIAN-A4-C3-MULTI-PROB-AVG-P01-L1-LOW-CAL-OFFICIAL-R2:32_PER_CLASS-MR00,PhysioNetMI,A4-C3-MULTI-PROB-AVG,RIEMANNIAN,P01-L1-LOW-CAL-OFFICIAL-R2:32_PER_CLASS,0,SUCCESS,2.0,3.5,3,3,PROBABILITY_AVERAGE,0.06284809899989341,0.08891131499913171,0.0025664449985924875,
P02-A4-PhysioNetMI-NEURAL-A4-C0-CORE-P01-L1-LOW-CAL-OFFICIAL-R2:32_PER_CLASS-MR00,PhysioNetMI,A4-C0-CORE,NEURAL,P01-L1-LOW-CAL-OFFICIAL-R2:32_PER_CLASS,0,SUCCESS,3.0,3.0,1,1,DIRECT_CORE,0.0013282809995871503,0.0018313959997612983,0.0,
P02-A4-PhysioNetMI-NEURAL-A4-C1-LONG-3P5S-P01-L1-LOW-CAL-OFFICIAL-R2:32_PER_CLASS-MR00,PhysioNetMI,A4-C1-LONG-3P5S,NEURAL,P01-L1-LOW-CAL-OFFICIAL-R2:32_PER_CLASS,0,CONDITIONAL_SKIP,,,,,,,,,STAGE18_RESOURCE_CONSTRAINED_DEEP_ANCHOR_BUDGET_ONLY
P02-A4-PhysioNetMI-NEURAL-A4-C2-MULTI-HARD-VOTE-P01-L1-LOW-CAL-OFFICIAL-R2:32_PER_CLASS-MR00,PhysioNetMI,A4-C2-MULTI-HARD-VOTE,NEURAL,P01-L1-LOW-CAL-OFFICIAL-R2:32_PER_CLASS,0,CONDITIONAL_SKIP,,,,,,,,,STAGE18_RESOURCE_CONSTRAINED_DEEP_ANCHOR_BUDGET_ONLY
P02-A4-PhysioNetMI-NEURAL-A4-C3-MULTI-PROB-AVG-P01-L1-LOW-CAL-OFFICIAL-R2:32_PER_CLASS-MR00,PhysioNetMI,A4-C3-MULTI-PROB-AVG,NEURAL,P01-L1-LOW-CAL-OFFICIAL-R2:32_PER_CLASS,0,CONDITIONAL_SKIP,,,,,,,,,STAGE18_RESOURCE_CONSTRAINED_DEEP_ANCHOR_BUDGET_ONLY
P02-A4-PhysioNetMI-NEURAL-A4-C0-CORE-P01-L1-LOW-CAL-OFFICIAL-R2:32_PER_CLASS-MR01,PhysioNetMI,A4-C0-CORE,NEURAL,P01-L1-LOW-CAL-OFFICIAL-R2:32_PER_CLASS,1,SUCCESS,3.0,3.0,1,1,DIRECT_CORE,0.001245965002453886,0.0018469065995304844,0.0,
P02-A4-PhysioNetMI-NEURAL-A4-C1-LONG-3P5S-P01-L1-LOW-CAL-OFFICIAL-R2:32_PER_CLASS-MR01,PhysioNetMI,A4-C1-LONG-3P5S,NEURAL,P01-L1-LOW-CAL-OFFICIAL-R2:32_PER_CLASS,1,CONDITIONAL_SKIP,,,,,,,,,STAGE18_RESOURCE_CONSTRAINED_SINGLE_REPEAT_ALL_REFIT_ROLES
P02-A4-PhysioNetMI-NEURAL-A4-C2-MULTI-HARD-VOTE-P01-L1-LOW-CAL-OFFICIAL-R2:32_PER_CLASS-MR01,PhysioNetMI,A4-C2-MULTI-HARD-VOTE,NEURAL,P01-L1-LOW-CAL-OFFICIAL-R2:32_PER_CLASS,1,CONDITIONAL_SKIP,,,,,,,,,STAGE18_RESOURCE_CONSTRAINED_SINGLE_REPEAT_ALL_REFIT_ROLES
P02-A4-PhysioNetMI-NEURAL-A4-C3-MULTI-PROB-AVG-P01-L1-LOW-CAL-OFFICIAL-R2:32_PER_CLASS-MR01,PhysioNetMI,A4-C3-MULTI-PROB-AVG,NEURAL,P01-L1-LOW-CAL-OFFICIAL-R2:32_PER_CLASS,1,CONDITIONAL_SKIP,,,,,,,,,STAGE18_RESOURCE_CONSTRAINED_SINGLE_REPEAT_ALL_REFIT_ROLES
P02-A4-PhysioNetMI-NEURAL-A4-C0-CORE-P01-L1-LOW-CAL-OFFICIAL-R2:32_PER_CLASS-MR02,PhysioNetMI,A4-C0-CORE,NEURAL,P01-L1-LOW-CAL-OFFICIAL-R2:32_PER_CLASS,2,SUCCESS,3.0,3.0,1,1,DIRECT_CORE,0.0012419960003171582,0.0019150891988829243,0.0,
P02-A4-PhysioNetMI-NEURAL-A4-C1-LONG-3P5S-P01-L1-LOW-CAL-OFFICIAL-R2:32_PER_CLASS-MR02,PhysioNetMI,A4-C1-LONG-3P5S,NEURAL,P01-L1-LOW-CAL-OFFICIAL-R2:32_PER_CLASS,2,CONDITIONAL_SKIP,,,,,,,,,STAGE18_RESOURCE_CONSTRAINED_SINGLE_REPEAT_ALL_REFIT_ROLES
P02-A4-PhysioNetMI-NEURAL-A4-C2-MULTI-HARD-VOTE-P01-L1-LOW-CAL-OFFICIAL-R2:32_PER_CLASS-MR02,PhysioNetMI,A4-C2-MULTI-HARD-VOTE,NEURAL,P01-L1-LOW-CAL-OFFICIAL-R2:32_PER_CLASS,2,CONDITIONAL_SKIP,,,,,,,,,STAGE18_RESOURCE_CONSTRAINED_SINGLE_REPEAT_ALL_REFIT_ROLES
P02-A4-PhysioNetMI-NEURAL-A4-C3-MULTI-PROB-AVG-P01-L1-LOW-CAL-OFFICIAL-R2:32_PER_CLASS-MR02,PhysioNetMI,A4-C3-MULTI-PROB-AVG,NEURAL,P01-L1-LOW-CAL-OFFICIAL-R2:32_PER_CLASS,2,CONDITIONAL_SKIP,,,,,,,,,STAGE18_RESOURCE_CONSTRAINED_SINGLE_REPEAT_ALL_REFIT_ROLES
P02-A4-PhysioNetMI-NEURAL-A4-C0-CORE-P01-L1-LOW-CAL-OFFICIAL-R2:32_PER_CLASS-MR03,PhysioNetMI,A4-C0-CORE,NEURAL,P01-L1-LOW-CAL-OFFICIAL-R2:32_PER_CLASS,3,SUCCESS,3.0,3.0,1,1,DIRECT_CORE,0.0014071450023038778,0.0018899097987741696,0.0,
P02-A4-PhysioNetMI-NEURAL-A4-C1-LONG-3P5S-P01-L1-LOW-CAL-OFFICIAL-R2:32_PER_CLASS-MR03,PhysioNetMI,A4-C1-LONG-3P5S,NEURAL,P01-L1-LOW-CAL-OFFICIAL-R2:32_PER_CLASS,3,CONDITIONAL_SKIP,,,,,,,,,STAGE18_RESOURCE_CONSTRAINED_SINGLE_REPEAT_ALL_REFIT_ROLES
P02-A4-PhysioNetMI-NEURAL-A4-C2-MULTI-HARD-VOTE-P01-L1-LOW-CAL-OFFICIAL-R2:32_PER_CLASS-MR03,PhysioNetMI,A4-C2-MULTI-HARD-VOTE,NEURAL,P01-L1-LOW-CAL-OFFICIAL-R2:32_PER_CLASS,3,CONDITIONAL_SKIP,,,,,,,,,STAGE18_RESOURCE_CONSTRAINED_SINGLE_REPEAT_ALL_REFIT_ROLES
P02-A4-PhysioNetMI-NEURAL-A4-C3-MULTI-PROB-AVG-P01-L1-LOW-CAL-OFFICIAL-R2:32_PER_CLASS-MR03,PhysioNetMI,A4-C3-MULTI-PROB-AVG,NEURAL,P01-L1-LOW-CAL-OFFICIAL-R2:32_PER_CLASS,3,CONDITIONAL_SKIP,,,,,,,,,STAGE18_RESOURCE_CONSTRAINED_SINGLE_REPEAT_ALL_REFIT_ROLES
P02-A4-PhysioNetMI-NEURAL-A4-C0-CORE-P01-L1-LOW-CAL-OFFICIAL-R2:32_PER_CLASS-MR04,PhysioNetMI,A4-C0-CORE,NEURAL,P01-L1-LOW-CAL-OFFICIAL-R2:32_PER_CLASS,4,SUCCESS,3.0,3.0,1,1,DIRECT_CORE,0.001326346999121597,0.002001856800779933,0.0,
P02-A4-PhysioNetMI-NEURAL-A4-C1-LONG-3P5S-P01-L1-LOW-CAL-OFFICIAL-R2:32_PER_CLASS-MR04,PhysioNetMI,A4-C1-LONG-3P5S,NEURAL,P01-L1-LOW-CAL-OFFICIAL-R2:32_PER_CLASS,4,CONDITIONAL_SKIP,,,,,,,,,STAGE18_RESOURCE_CONSTRAINED_SINGLE_REPEAT_ALL_REFIT_ROLES
P02-A4-PhysioNetMI-NEURAL-A4-C2-MULTI-HARD-VOTE-P01-L1-LOW-CAL-OFFICIAL-R2:32_PER_CLASS-MR04,PhysioNetMI,A4-C2-MULTI-HARD-VOTE,NEURAL,P01-L1-LOW-CAL-OFFICIAL-R2:32_PER_CLASS,4,CONDITIONAL_SKIP,,,,,,,,,STAGE18_RESOURCE_CONSTRAINED_SINGLE_REPEAT_ALL_REFIT_ROLES
P02-A4-PhysioNetMI-NEURAL-A4-C3-MULTI-PROB-AVG-P01-L1-LOW-CAL-OFFICIAL-R2:32_PER_CLASS-MR04,PhysioNetMI,A4-C3-MULTI-PROB-AVG,NEURAL,P01-L1-LOW-CAL-OFFICIAL-R2:32_PER_CLASS,4,CONDITIONAL_SKIP,,,,,,,,,STAGE18_RESOURCE_CONSTRAINED_SINGLE_REPEAT_ALL_REFIT_ROLES
P02-A4-PhysioNetMI-SSL-A4-C0-CORE-P01-L1-LOW-CAL-OFFICIAL-R2:32_PER_CLASS-MR00,PhysioNetMI,A4-C0-CORE,SSL,P01-L1-LOW-CAL-OFFICIAL-R2:32_PER_CLASS,0,SUCCESS,3.0,3.0,1,1,DIRECT_CORE,0.010253902000840753,0.010658257798058911,0.0,
P02-A4-PhysioNetMI-SSL-A4-C1-LONG-3P5S-P01-L1-LOW-CAL-OFFICIAL-R2:32_PER_CLASS-MR00,PhysioNetMI,A4-C1-LONG-3P5S,SSL,P01-L1-LOW-CAL-OFFICIAL-R2:32_PER_CLASS,0,CONDITIONAL_SKIP,,,,,,,,,STAGE18_RESOURCE_CONSTRAINED_DEEP_ANCHOR_BUDGET_ONLY
P02-A4-PhysioNetMI-SSL-A4-C2-MULTI-HARD-VOTE-P01-L1-LOW-CAL-OFFICIAL-R2:32_PER_CLASS-MR00,PhysioNetMI,A4-C2-MULTI-HARD-VOTE,SSL,P01-L1-LOW-CAL-OFFICIAL-R2:32_PER_CLASS,0,CONDITIONAL_SKIP,,,,,,,,,STAGE18_RESOURCE_CONSTRAINED_DEEP_ANCHOR_BUDGET_ONLY
P02-A4-PhysioNetMI-SSL-A4-C3-MULTI-PROB-AVG-P01-L1-LOW-CAL-OFFICIAL-R2:32_PER_CLASS-MR00,PhysioNetMI,A4-C3-MULTI-PROB-AVG,SSL,P01-L1-LOW-CAL-OFFICIAL-R2:32_PER_CLASS,0,CONDITIONAL_SKIP,,,,,,,,,STAGE18_RESOURCE_CONSTRAINED_DEEP_ANCHOR_BUDGET_ONLY
P02-A4-PhysioNetMI-SSL-A4-C0-CORE-P01-L1-LOW-CAL-OFFICIAL-R2:32_PER_CLASS-MR01,PhysioNetMI,A4-C0-CORE,SSL,P01-L1-LOW-CAL-OFFICIAL-R2:32_PER_CLASS,1,SUCCESS,3.0,3.0,1,1,DIRECT_CORE,0.010647096001775935,0.010788925000088056,0.0,
P02-A4-PhysioNetMI-SSL-A4-C1-LONG-3P5S-P01-L1-LOW-CAL-OFFICIAL-R2:32_PER_CLASS-MR01,PhysioNetMI,A4-C1-LONG-3P5S,SSL,P01-L1-LOW-CAL-OFFICIAL-R2:32_PER_CLASS,1,CONDITIONAL_SKIP,,,,,,,,,STAGE18_RESOURCE_CONSTRAINED_SINGLE_REPEAT_ALL_REFIT_ROLES
P02-A4-PhysioNetMI-SSL-A4-C2-MULTI-HARD-VOTE-P01-L1-LOW-CAL-OFFICIAL-R2:32_PER_CLASS-MR01,PhysioNetMI,A4-C2-MULTI-HARD-VOTE,SSL,P01-L1-LOW-CAL-OFFICIAL-R2:32_PER_CLASS,1,CONDITIONAL_SKIP,,,,,,,,,STAGE18_RESOURCE_CONSTRAINED_SINGLE_REPEAT_ALL_REFIT_ROLES
P02-A4-PhysioNetMI-SSL-A4-C3-MULTI-PROB-AVG-P01-L1-LOW-CAL-OFFICIAL-R2:32_PER_CLASS-MR01,PhysioNetMI,A4-C3-MULTI-PROB-AVG,SSL,P01-L1-LOW-CAL-OFFICIAL-R2:32_PER_CLASS,1,CONDITIONAL_SKIP,,,,,,,,,STAGE18_RESOURCE_CONSTRAINED_SINGLE_REPEAT_ALL_REFIT_ROLES
P02-A4-PhysioNetMI-SSL-A4-C0-CORE-P01-L1-LOW-CAL-OFFICIAL-R2:32_PER_CLASS-MR02,PhysioNetMI,A4-C0-CORE,SSL,P01-L1-LOW-CAL-OFFICIAL-R2:32_PER_CLASS,2,SUCCESS,3.0,3.0,1,1,DIRECT_CORE,0.010357319999457104,0.010596072600310435,0.0,
P02-A4-PhysioNetMI-SSL-A4-C1-LONG-3P5S-P01-L1-LOW-CAL-OFFICIAL-R2:32_PER_CLASS-MR02,PhysioNetMI,A4-C1-LONG-3P5S,SSL,P01-L1-LOW-CAL-OFFICIAL-R2:32_PER_CLASS,2,CONDITIONAL_SKIP,,,,,,,,,STAGE18_RESOURCE_CONSTRAINED_SINGLE_REPEAT_ALL_REFIT_ROLES
P02-A4-PhysioNetMI-SSL-A4-C2-MULTI-HARD-VOTE-P01-L1-LOW-CAL-OFFICIAL-R2:32_PER_CLASS-MR02,PhysioNetMI,A4-C2-MULTI-HARD-VOTE,SSL,P01-L1-LOW-CAL-OFFICIAL-R2:32_PER_CLASS,2,CONDITIONAL_SKIP,,,,,,,,,STAGE18_RESOURCE_CONSTRAINED_SINGLE_REPEAT_ALL_REFIT_ROLES
P02-A4-PhysioNetMI-SSL-A4-C3-MULTI-PROB-AVG-P01-L1-LOW-CAL-OFFICIAL-R2:32_PER_CLASS-MR02,PhysioNetMI,A4-C3-MULTI-PROB-AVG,SSL,P01-L1-LOW-CAL-OFFICIAL-R2:32_PER_CLASS,2,CONDITIONAL_SKIP,,,,,,,,,STAGE18_RESOURCE_CONSTRAINED_SINGLE_REPEAT_ALL_REFIT_ROLES
P02-A4-PhysioNetMI-SSL-A4-C0-CORE-P01-L1-LOW-CAL-OFFICIAL-R2:32_PER_CLASS-MR03,PhysioNetMI,A4-C0-CORE,SSL,P01-L1-LOW-CAL-OFFICIAL-R2:32_PER_CLASS,3,SUCCESS,3.0,3.0,1,1,DIRECT_CORE,0.010275274002196966,0.010488356799760368,0.0,
P02-A4-PhysioNetMI-SSL-A4-C1-LONG-3P5S-P01-L1-LOW-CAL-OFFICIAL-R2:32_PER_CLASS-MR03,PhysioNetMI,A4-C1-LONG-3P5S,SSL,P01-L1-LOW-CAL-OFFICIAL-R2:32_PER_CLASS,3,CONDITIONAL_SKIP,,,,,,,,,STAGE18_RESOURCE_CONSTRAINED_SINGLE_REPEAT_ALL_REFIT_ROLES
P02-A4-PhysioNetMI-SSL-A4-C2-MULTI-HARD-VOTE-P01-L1-LOW-CAL-OFFICIAL-R2:32_PER_CLASS-MR03,PhysioNetMI,A4-C2-MULTI-HARD-VOTE,SSL,P01-L1-LOW-CAL-OFFICIAL-R2:32_PER_CLASS,3,CONDITIONAL_SKIP,,,,,,,,,STAGE18_RESOURCE_CONSTRAINED_SINGLE_REPEAT_ALL_REFIT_ROLES
P02-A4-PhysioNetMI-SSL-A4-C3-MULTI-PROB-AVG-P01-L1-LOW-CAL-OFFICIAL-R2:32_PER_CLASS-MR03,PhysioNetMI,A4-C3-MULTI-PROB-AVG,SSL,P01-L1-LOW-CAL-OFFICIAL-R2:32_PER_CLASS,3,CONDITIONAL_SKIP,,,,,,,,,STAGE18_RESOURCE_CONSTRAINED_SINGLE_REPEAT_ALL_REFIT_ROLES
P02-A4-PhysioNetMI-SSL-A4-C0-CORE-P01-L1-LOW-CAL-OFFICIAL-R2:32_PER_CLASS-MR04,PhysioNetMI,A4-C0-CORE,SSL,P01-L1-LOW-CAL-OFFICIAL-R2:32_PER_CLASS,4,SUCCESS,3.0,3.0,1,1,DIRECT_CORE,0.00992374600173207,0.010461046201817226,0.0,
P02-A4-PhysioNetMI-SSL-A4-C1-LONG-3P5S-P01-L1-LOW-CAL-OFFICIAL-R2:32_PER_CLASS-MR04,PhysioNetMI,A4-C1-LONG-3P5S,SSL,P01-L1-LOW-CAL-OFFICIAL-R2:32_PER_CLASS,4,CONDITIONAL_SKIP,,,,,,,,,STAGE18_RESOURCE_CONSTRAINED_SINGLE_REPEAT_ALL_REFIT_ROLES
P02-A4-PhysioNetMI-SSL-A4-C2-MULTI-HARD-VOTE-P01-L1-LOW-CAL-OFFICIAL-R2:32_PER_CLASS-MR04,PhysioNetMI,A4-C2-MULTI-HARD-VOTE,SSL,P01-L1-LOW-CAL-OFFICIAL-R2:32_PER_CLASS,4,CONDITIONAL_SKIP,,,,,,,,,STAGE18_RESOURCE_CONSTRAINED_SINGLE_REPEAT_ALL_REFIT_ROLES
P02-A4-PhysioNetMI-SSL-A4-C3-MULTI-PROB-AVG-P01-L1-LOW-CAL-OFFICIAL-R2:32_PER_CLASS-MR04,PhysioNetMI,A4-C3-MULTI-PROB-AVG,SSL,P01-L1-LOW-CAL-OFFICIAL-R2:32_PER_CLASS,4,CONDITIONAL_SKIP,,,,,,,,,STAGE18_RESOURCE_CONSTRAINED_SINGLE_REPEAT_ALL_REFIT_ROLES
P02-A4-PhysioNetMI-ENSEMBLE-A4-C4-MODEL-HARD-VOTE-P01-L1-LOW-CAL-OFFICIAL-R2:32_PER_CLASS-ER00,PhysioNetMI,A4-C4-MODEL-HARD-VOTE,FIXED_MODEL_ENSEMBLE,P01-L1-LOW-CAL-OFFICIAL-R2:32_PER_CLASS,0,SUCCESS,3.0,3.0,4,4,HARD_VOTE,0.021689438999601407,0.022756771000422303,0.003865061000396963,
P02-A4-PhysioNetMI-ENSEMBLE-A4-C5-MODEL-PROB-AVG-P01-L1-LOW-CAL-OFFICIAL-R2:32_PER_CLASS-ER00,PhysioNetMI,A4-C5-MODEL-PROB-AVG,FIXED_MODEL_ENSEMBLE,P01-L1-LOW-CAL-OFFICIAL-R2:32_PER_CLASS,0,SUCCESS,3.0,3.0,4,4,PROBABILITY_AVERAGE,0.021689438999601407,0.022756771000422303,0.0003719079995789798,
P02-A4-PhysioNetMI-ENSEMBLE-A4-C4-MODEL-HARD-VOTE-P01-L1-LOW-CAL-OFFICIAL-R2:32_PER_CLASS-ER01,PhysioNetMI,A4-C4-MODEL-HARD-VOTE,FIXED_MODEL_ENSEMBLE,P01-L1-LOW-CAL-OFFICIAL-R2:32_PER_CLASS,1,SUCCESS,3.0,3.0,4,4,HARD_VOTE,0.022000317003403325,0.022902948802220637,0.004170743999566184,
P02-A4-PhysioNetMI-ENSEMBLE-A4-C5-MODEL-PROB-AVG-P01-L1-LOW-CAL-OFFICIAL-R2:32_PER_CLASS-ER01,PhysioNetMI,A4-C5-MODEL-PROB-AVG,FIXED_MODEL_ENSEMBLE,P01-L1-LOW-CAL-OFFICIAL-R2:32_PER_CLASS,1,SUCCESS,3.0,3.0,4,4,PROBABILITY_AVERAGE,0.022000317003403325,0.022902948802220637,0.000514142000611173,
P02-A4-PhysioNetMI-ENSEMBLE-A4-C4-MODEL-HARD-VOTE-P01-L1-LOW-CAL-OFFICIAL-R2:32_PER_CLASS-ER02,PhysioNetMI,A4-C4-MODEL-HARD-VOTE,FIXED_MODEL_ENSEMBLE,P01-L1-LOW-CAL-OFFICIAL-R2:32_PER_CLASS,2,SUCCESS,3.0,3.0,4,4,HARD_VOTE,0.021706571998947766,0.02277827900179545,0.0036677690004580654,
P02-A4-PhysioNetMI-ENSEMBLE-A4-C5-MODEL-PROB-AVG-P01-L1-LOW-CAL-OFFICIAL-R2:32_PER_CLASS-ER02,PhysioNetMI,A4-C5-MODEL-PROB-AVG,FIXED_MODEL_ENSEMBLE,P01-L1-LOW-CAL-OFFICIAL-R2:32_PER_CLASS,2,SUCCESS,3.0,3.0,4,4,PROBABILITY_AVERAGE,0.021706571998947766,0.02277827900179545,0.00044422800056054257,
P02-A4-PhysioNetMI-ENSEMBLE-A4-C4-MODEL-HARD-VOTE-P01-L1-LOW-CAL-OFFICIAL-R2:32_PER_CLASS-ER03,PhysioNetMI,A4-C4-MODEL-HARD-VOTE,FIXED_MODEL_ENSEMBLE,P01-L1-LOW-CAL-OFFICIAL-R2:32_PER_CLASS,3,SUCCESS,3.0,3.0,4,4,HARD_VOTE,0.021789675003674347,0.022645383801136634,0.005468899000334204,
P02-A4-PhysioNetMI-ENSEMBLE-A4-C5-MODEL-PROB-AVG-P01-L1-LOW-CAL-OFFICIAL-R2:32_PER_CLASS-ER03,PhysioNetMI,A4-C5-MODEL-PROB-AVG,FIXED_MODEL_ENSEMBLE,P01-L1-LOW-CAL-OFFICIAL-R2:32_PER_CLASS,3,SUCCESS,3.0,3.0,4,4,PROBABILITY_AVERAGE,0.021789675003674347,0.022645383801136634,0.0002723759989748942,
P02-A4-PhysioNetMI-ENSEMBLE-A4-C4-MODEL-HARD-VOTE-P01-L1-LOW-CAL-OFFICIAL-R2:32_PER_CLASS-ER04,PhysioNetMI,A4-C4-MODEL-HARD-VOTE,FIXED_MODEL_ENSEMBLE,P01-L1-LOW-CAL-OFFICIAL-R2:32_PER_CLASS,4,SUCCESS,3.0,3.0,4,4,HARD_VOTE,0.02135734900002717,0.022730020205199254,0.0037014659992564702,
P02-A4-PhysioNetMI-ENSEMBLE-A4-C5-MODEL-PROB-AVG-P01-L1-LOW-CAL-OFFICIAL-R2:32_PER_CLASS-ER04,PhysioNetMI,A4-C5-MODEL-PROB-AVG,FIXED_MODEL_ENSEMBLE,P01-L1-LOW-CAL-OFFICIAL-R2:32_PER_CLASS,4,SUCCESS,3.0,3.0,4,4,PROBABILITY_AVERAGE,0.02135734900002717,0.022730020205199254,0.00020925499848090112,
P02-A4-BNCI2014_001-CLASSICAL-A4-C0-CORE-FULL_TRAIN-MR00,BNCI2014_001,A4-C0-CORE,CLASSICAL,FULL_TRAIN,0,SUCCESS,3.0,3.0,1,1,DIRECT_CORE,0.022787271002016496,0.02416494760182104,0.0,
P02-A4-BNCI2014_001-CLASSICAL-A4-C1-LONG-3P5S-FULL_TRAIN-MR00,BNCI2014_001,A4-C1-LONG-3P5S,CLASSICAL,FULL_TRAIN,0,SUCCESS,3.5,3.5,1,1,DIRECT_LONG,0.05622320299880812,0.06700043260061647,0.0,
P02-A4-BNCI2014_001-CLASSICAL-A4-C2-MULTI-HARD-VOTE-FULL_TRAIN-MR00,BNCI2014_001,A4-C2-MULTI-HARD-VOTE,CLASSICAL,FULL_TRAIN,0,SUCCESS,2.0,3.5,3,3,HARD_VOTE,0.09216312900025514,0.09667149659944697,0.0009970209994207835,
P02-A4-BNCI2014_001-CLASSICAL-A4-C3-MULTI-PROB-AVG-FULL_TRAIN-MR00,BNCI2014_001,A4-C3-MULTI-PROB-AVG,CLASSICAL,FULL_TRAIN,0,SUCCESS,2.0,3.5,3,3,PROBABILITY_AVERAGE,0.09216312900025514,0.09667149659944697,0.0017801159992814064,
P02-A4-BNCI2014_001-RIEMANNIAN-A4-C0-CORE-FULL_TRAIN-MR00,BNCI2014_001,A4-C0-CORE,RIEMANNIAN,FULL_TRAIN,0,SUCCESS,3.0,3.0,1,1,DIRECT_CORE,0.002933666000899393,0.003230348003125982,0.0,
P02-A4-BNCI2014_001-RIEMANNIAN-A4-C1-LONG-3P5S-FULL_TRAIN-MR00,BNCI2014_001,A4-C1-LONG-3P5S,RIEMANNIAN,FULL_TRAIN,0,SUCCESS,3.5,3.5,1,1,DIRECT_LONG,0.0039051850017131073,0.004304601999319857,0.0,
P02-A4-BNCI2014_001-RIEMANNIAN-A4-C2-MULTI-HARD-VOTE-FULL_TRAIN-MR00,BNCI2014_001,A4-C2-MULTI-HARD-VOTE,RIEMANNIAN,FULL_TRAIN,0,SUCCESS,2.0,3.5,3,3,HARD_VOTE,0.014963337000153842,0.018055128400374088,0.003729805999682867,
P02-A4-BNCI2014_001-RIEMANNIAN-A4-C3-MULTI-PROB-AVG-FULL_TRAIN-MR00,BNCI2014_001,A4-C3-MULTI-PROB-AVG,RIEMANNIAN,FULL_TRAIN,0,SUCCESS,2.0,3.5,3,3,PROBABILITY_AVERAGE,0.014963337000153842,0.018055128400374088,0.000822403000711347,
P02-A4-BNCI2014_001-NEURAL-A4-C0-CORE-FULL_TRAIN-MR00,BNCI2014_001,A4-C0-CORE,NEURAL,FULL_TRAIN,0,SUCCESS,3.0,3.0,1,1,DIRECT_CORE,0.0012915250008518342,0.0015215326006000395,0.0,
P02-A4-BNCI2014_001-NEURAL-A4-C1-LONG-3P5S-FULL_TRAIN-MR00,BNCI2014_001,A4-C1-LONG-3P5S,NEURAL,FULL_TRAIN,0,SUCCESS,3.5,3.5,1,1,DIRECT_LONG,0.00498853699900792,0.00498853699900792,0.0,
P02-A4-BNCI2014_001-NEURAL-A4-C2-MULTI-HARD-VOTE-FULL_TRAIN-MR00,BNCI2014_001,A4-C2-MULTI-HARD-VOTE,NEURAL,FULL_TRAIN,0,SUCCESS,2.0,3.5,3,3,HARD_VOTE,0.011679814997478388,0.011679814997478388,0.00251275499977055,
P02-A4-BNCI2014_001-NEURAL-A4-C3-MULTI-PROB-AVG-FULL_TRAIN-MR00,BNCI2014_001,A4-C3-MULTI-PROB-AVG,NEURAL,FULL_TRAIN,0,SUCCESS,2.0,3.5,3,3,PROBABILITY_AVERAGE,0.011679814997478388,0.011679814997478388,0.0011213090001547243,
P02-A4-BNCI2014_001-NEURAL-A4-C0-CORE-FULL_TRAIN-MR01,BNCI2014_001,A4-C0-CORE,NEURAL,FULL_TRAIN,1,SUCCESS,3.0,3.0,1,1,DIRECT_CORE,0.0012994099997740705,0.0016431830004876246,0.0,
P02-A4-BNCI2014_001-NEURAL-A4-C1-LONG-3P5S-FULL_TRAIN-MR01,BNCI2014_001,A4-C1-LONG-3P5S,NEURAL,FULL_TRAIN,1,CONDITIONAL_SKIP,,,,,,,,,STAGE18_RESOURCE_CONSTRAINED_SINGLE_REPEAT_ALL_REFIT_ROLES
P02-A4-BNCI2014_001-NEURAL-A4-C2-MULTI-HARD-VOTE-FULL_TRAIN-MR01,BNCI2014_001,A4-C2-MULTI-HARD-VOTE,NEURAL,FULL_TRAIN,1,CONDITIONAL_SKIP,,,,,,,,,STAGE18_RESOURCE_CONSTRAINED_SINGLE_REPEAT_ALL_REFIT_ROLES
P02-A4-BNCI2014_001-NEURAL-A4-C3-MULTI-PROB-AVG-FULL_TRAIN-MR01,BNCI2014_001,A4-C3-MULTI-PROB-AVG,NEURAL,FULL_TRAIN,1,CONDITIONAL_SKIP,,,,,,,,,STAGE18_RESOURCE_CONSTRAINED_SINGLE_REPEAT_ALL_REFIT_ROLES
P02-A4-BNCI2014_001-NEURAL-A4-C0-CORE-FULL_TRAIN-MR02,BNCI2014_001,A4-C0-CORE,NEURAL,FULL_TRAIN,2,SUCCESS,3.0,3.0,1,1,DIRECT_CORE,0.0012988170001335675,0.0016053036004450405,0.0,
P02-A4-BNCI2014_001-NEURAL-A4-C1-LONG-3P5S-FULL_TRAIN-MR02,BNCI2014_001,A4-C1-LONG-3P5S,NEURAL,FULL_TRAIN,2,CONDITIONAL_SKIP,,,,,,,,,STAGE18_RESOURCE_CONSTRAINED_SINGLE_REPEAT_ALL_REFIT_ROLES
P02-A4-BNCI2014_001-NEURAL-A4-C2-MULTI-HARD-VOTE-FULL_TRAIN-MR02,BNCI2014_001,A4-C2-MULTI-HARD-VOTE,NEURAL,FULL_TRAIN,2,CONDITIONAL_SKIP,,,,,,,,,STAGE18_RESOURCE_CONSTRAINED_SINGLE_REPEAT_ALL_REFIT_ROLES
P02-A4-BNCI2014_001-NEURAL-A4-C3-MULTI-PROB-AVG-FULL_TRAIN-MR02,BNCI2014_001,A4-C3-MULTI-PROB-AVG,NEURAL,FULL_TRAIN,2,CONDITIONAL_SKIP,,,,,,,,,STAGE18_RESOURCE_CONSTRAINED_SINGLE_REPEAT_ALL_REFIT_ROLES
P02-A4-BNCI2014_001-NEURAL-A4-C0-CORE-FULL_TRAIN-MR03,BNCI2014_001,A4-C0-CORE,NEURAL,FULL_TRAIN,3,SUCCESS,3.0,3.0,1,1,DIRECT_CORE,0.0012664679998124484,0.0015938016003929079,0.0,
P02-A4-BNCI2014_001-NEURAL-A4-C1-LONG-3P5S-FULL_TRAIN-MR03,BNCI2014_001,A4-C1-LONG-3P5S,NEURAL,FULL_TRAIN,3,CONDITIONAL_SKIP,,,,,,,,,STAGE18_RESOURCE_CONSTRAINED_SINGLE_REPEAT_ALL_REFIT_ROLES
P02-A4-BNCI2014_001-NEURAL-A4-C2-MULTI-HARD-VOTE-FULL_TRAIN-MR03,BNCI2014_001,A4-C2-MULTI-HARD-VOTE,NEURAL,FULL_TRAIN,3,CONDITIONAL_SKIP,,,,,,,,,STAGE18_RESOURCE_CONSTRAINED_SINGLE_REPEAT_ALL_REFIT_ROLES
P02-A4-BNCI2014_001-NEURAL-A4-C3-MULTI-PROB-AVG-FULL_TRAIN-MR03,BNCI2014_001,A4-C3-MULTI-PROB-AVG,NEURAL,FULL_TRAIN,3,CONDITIONAL_SKIP,,,,,,,,,STAGE18_RESOURCE_CONSTRAINED_SINGLE_REPEAT_ALL_REFIT_ROLES
P02-A4-BNCI2014_001-NEURAL-A4-C0-CORE-FULL_TRAIN-MR04,BNCI2014_001,A4-C0-CORE,NEURAL,FULL_TRAIN,4,SUCCESS,3.0,3.0,1,1,DIRECT_CORE,0.0013534890003938926,0.001763539999956265,0.0,
P02-A4-BNCI2014_001-NEURAL-A4-C1-LONG-3P5S-FULL_TRAIN-MR04,BNCI2014_001,A4-C1-LONG-3P5S,NEURAL,FULL_TRAIN,4,CONDITIONAL_SKIP,,,,,,,,,STAGE18_RESOURCE_CONSTRAINED_SINGLE_REPEAT_ALL_REFIT_ROLES
P02-A4-BNCI2014_001-NEURAL-A4-C2-MULTI-HARD-VOTE-FULL_TRAIN-MR04,BNCI2014_001,A4-C2-MULTI-HARD-VOTE,NEURAL,FULL_TRAIN,4,CONDITIONAL_SKIP,,,,,,,,,STAGE18_RESOURCE_CONSTRAINED_SINGLE_REPEAT_ALL_REFIT_ROLES
P02-A4-BNCI2014_001-NEURAL-A4-C3-MULTI-PROB-AVG-FULL_TRAIN-MR04,BNCI2014_001,A4-C3-MULTI-PROB-AVG,NEURAL,FULL_TRAIN,4,CONDITIONAL_SKIP,,,,,,,,,STAGE18_RESOURCE_CONSTRAINED_SINGLE_REPEAT_ALL_REFIT_ROLES
P02-A4-BNCI2014_001-SSL-A4-C0-CORE-FULL_TRAIN-MR00,BNCI2014_001,A4-C0-CORE,SSL,FULL_TRAIN,0,SUCCESS,3.0,3.0,1,1,DIRECT_CORE,0.009856008997303434,0.010448505402018781,0.0,
P02-A4-BNCI2014_001-SSL-A4-C1-LONG-3P5S-FULL_TRAIN-MR00,BNCI2014_001,A4-C1-LONG-3P5S,SSL,FULL_TRAIN,0,INPUT_INCOMPATIBLE,,,,,,,,,A4_MEMBER_UNAVAILABLE
P02-A4-BNCI2014_001-SSL-A4-C2-MULTI-HARD-VOTE-FULL_TRAIN-MR00,BNCI2014_001,A4-C2-MULTI-HARD-VOTE,SSL,FULL_TRAIN,0,SUCCESS,2.0,3.5,3,3,HARD_VOTE,0.10145672299950093,0.10145672299950093,0.0011556449990166584,
P02-A4-BNCI2014_001-SSL-A4-C3-MULTI-PROB-AVG-FULL_TRAIN-MR00,BNCI2014_001,A4-C3-MULTI-PROB-AVG,SSL,FULL_TRAIN,0,SUCCESS,2.0,3.5,3,3,PROBABILITY_AVERAGE,0.10145672299950093,0.10145672299950093,0.0012793589994544163,
P02-A4-BNCI2014_001-SSL-A4-C0-CORE-FULL_TRAIN-MR01,BNCI2014_001,A4-C0-CORE,SSL,FULL_TRAIN,1,SUCCESS,3.0,3.0,1,1,DIRECT_CORE,0.009924398000293877,0.010112490000028628,0.0,
P02-A4-BNCI2014_001-SSL-A4-C1-LONG-3P5S-FULL_TRAIN-MR01,BNCI2014_001,A4-C1-LONG-3P5S,SSL,FULL_TRAIN,1,CONDITIONAL_SKIP,,,,,,,,,STAGE18_RESOURCE_CONSTRAINED_SINGLE_REPEAT_ALL_REFIT_ROLES
P02-A4-BNCI2014_001-SSL-A4-C2-MULTI-HARD-VOTE-FULL_TRAIN-MR01,BNCI2014_001,A4-C2-MULTI-HARD-VOTE,SSL,FULL_TRAIN,1,CONDITIONAL_SKIP,,,,,,,,,STAGE18_RESOURCE_CONSTRAINED_SINGLE_REPEAT_ALL_REFIT_ROLES
P02-A4-BNCI2014_001-SSL-A4-C3-MULTI-PROB-AVG-FULL_TRAIN-MR01,BNCI2014_001,A4-C3-MULTI-PROB-AVG,SSL,FULL_TRAIN,1,CONDITIONAL_SKIP,,,,,,,,,STAGE18_RESOURCE_CONSTRAINED_SINGLE_REPEAT_ALL_REFIT_ROLES
P02-A4-BNCI2014_001-SSL-A4-C0-CORE-FULL_TRAIN-MR02,BNCI2014_001,A4-C0-CORE,SSL,FULL_TRAIN,2,SUCCESS,3.0,3.0,1,1,DIRECT_CORE,0.011484370999824023,0.011564753200218547,0.0,
P02-A4-BNCI2014_001-SSL-A4-C1-LONG-3P5S-FULL_TRAIN-MR02,BNCI2014_001,A4-C1-LONG-3P5S,SSL,FULL_TRAIN,2,CONDITIONAL_SKIP,,,,,,,,,STAGE18_RESOURCE_CONSTRAINED_SINGLE_REPEAT_ALL_REFIT_ROLES
P02-A4-BNCI2014_001-SSL-A4-C2-MULTI-HARD-VOTE-FULL_TRAIN-MR02,BNCI2014_001,A4-C2-MULTI-HARD-VOTE,SSL,FULL_TRAIN,2,CONDITIONAL_SKIP,,,,,,,,,STAGE18_RESOURCE_CONSTRAINED_SINGLE_REPEAT_ALL_REFIT_ROLES
P02-A4-BNCI2014_001-SSL-A4-C3-MULTI-PROB-AVG-FULL_TRAIN-MR02,BNCI2014_001,A4-C3-MULTI-PROB-AVG,SSL,FULL_TRAIN,2,CONDITIONAL_SKIP,,,,,,,,,STAGE18_RESOURCE_CONSTRAINED_SINGLE_REPEAT_ALL_REFIT_ROLES
P02-A4-BNCI2014_001-SSL-A4-C0-CORE-FULL_TRAIN-MR03,BNCI2014_001,A4-C0-CORE,SSL,FULL_TRAIN,3,SUCCESS,3.0,3.0,1,1,DIRECT_CORE,0.010067589999380289,0.010404029399796854,0.0,
P02-A4-BNCI2014_001-SSL-A4-C1-LONG-3P5S-FULL_TRAIN-MR03,BNCI2014_001,A4-C1-LONG-3P5S,SSL,FULL_TRAIN,3,CONDITIONAL_SKIP,,,,,,,,,STAGE18_RESOURCE_CONSTRAINED_SINGLE_REPEAT_ALL_REFIT_ROLES
P02-A4-BNCI2014_001-SSL-A4-C2-MULTI-HARD-VOTE-FULL_TRAIN-MR03,BNCI2014_001,A4-C2-MULTI-HARD-VOTE,SSL,FULL_TRAIN,3,CONDITIONAL_SKIP,,,,,,,,,STAGE18_RESOURCE_CONSTRAINED_SINGLE_REPEAT_ALL_REFIT_ROLES
P02-A4-BNCI2014_001-SSL-A4-C3-MULTI-PROB-AVG-FULL_TRAIN-MR03,BNCI2014_001,A4-C3-MULTI-PROB-AVG,SSL,FULL_TRAIN,3,CONDITIONAL_SKIP,,,,,,,,,STAGE18_RESOURCE_CONSTRAINED_SINGLE_REPEAT_ALL_REFIT_ROLES
P02-A4-BNCI2014_001-SSL-A4-C0-CORE-FULL_TRAIN-MR04,BNCI2014_001,A4-C0-CORE,SSL,FULL_TRAIN,4,SUCCESS,3.0,3.0,1,1,DIRECT_CORE,0.009238868002285017,0.00963408420138876,0.0,
P02-A4-BNCI2014_001-SSL-A4-C1-LONG-3P5S-FULL_TRAIN-MR04,BNCI2014_001,A4-C1-LONG-3P5S,SSL,FULL_TRAIN,4,CONDITIONAL_SKIP,,,,,,,,,STAGE18_RESOURCE_CONSTRAINED_SINGLE_REPEAT_ALL_REFIT_ROLES
P02-A4-BNCI2014_001-SSL-A4-C2-MULTI-HARD-VOTE-FULL_TRAIN-MR04,BNCI2014_001,A4-C2-MULTI-HARD-VOTE,SSL,FULL_TRAIN,4,CONDITIONAL_SKIP,,,,,,,,,STAGE18_RESOURCE_CONSTRAINED_SINGLE_REPEAT_ALL_REFIT_ROLES
P02-A4-BNCI2014_001-SSL-A4-C3-MULTI-PROB-AVG-FULL_TRAIN-MR04,BNCI2014_001,A4-C3-MULTI-PROB-AVG,SSL,FULL_TRAIN,4,CONDITIONAL_SKIP,,,,,,,,,STAGE18_RESOURCE_CONSTRAINED_SINGLE_REPEAT_ALL_REFIT_ROLES
P02-A4-BNCI2014_001-ENSEMBLE-A4-C4-MODEL-HARD-VOTE-FULL_TRAIN-ER00,BNCI2014_001,A4-C4-MODEL-HARD-VOTE,FIXED_MODEL_ENSEMBLE,FULL_TRAIN,0,SUCCESS,3.0,3.0,4,4,HARD_VOTE,0.03686847100107116,0.03936533360756585,0.001572685001519858,
P02-A4-BNCI2014_001-ENSEMBLE-A4-C5-MODEL-PROB-AVG-FULL_TRAIN-ER00,BNCI2014_001,A4-C5-MODEL-PROB-AVG,FIXED_MODEL_ENSEMBLE,FULL_TRAIN,0,SUCCESS,3.0,3.0,4,4,PROBABILITY_AVERAGE,0.03686847100107116,0.03936533360756585,0.0001754650002112612,
P02-A4-BNCI2014_001-ENSEMBLE-A4-C4-MODEL-HARD-VOTE-FULL_TRAIN-ER01,BNCI2014_001,A4-C4-MODEL-HARD-VOTE,FIXED_MODEL_ENSEMBLE,FULL_TRAIN,1,SUCCESS,3.0,3.0,4,4,HARD_VOTE,0.036944745002983836,0.03915096860546327,0.0013346060004550964,
P02-A4-BNCI2014_001-ENSEMBLE-A4-C5-MODEL-PROB-AVG-FULL_TRAIN-ER01,BNCI2014_001,A4-C5-MODEL-PROB-AVG,FIXED_MODEL_ENSEMBLE,FULL_TRAIN,1,SUCCESS,3.0,3.0,4,4,PROBABILITY_AVERAGE,0.036944745002983836,0.03915096860546327,0.00019420399985392578,
P02-A4-BNCI2014_001-ENSEMBLE-A4-C4-MODEL-HARD-VOTE-FULL_TRAIN-ER02,BNCI2014_001,A4-C4-MODEL-HARD-VOTE,FIXED_MODEL_ENSEMBLE,FULL_TRAIN,2,SUCCESS,3.0,3.0,4,4,HARD_VOTE,0.03850412500287348,0.040565352405610614,0.0022860610006318893,
P02-A4-BNCI2014_001-ENSEMBLE-A4-C5-MODEL-PROB-AVG-FULL_TRAIN-ER02,BNCI2014_001,A4-C5-MODEL-PROB-AVG,FIXED_MODEL_ENSEMBLE,FULL_TRAIN,2,SUCCESS,3.0,3.0,4,4,PROBABILITY_AVERAGE,0.03850412500287348,0.040565352405610614,0.00017347399989375845,
P02-A4-BNCI2014_001-ENSEMBLE-A4-C4-MODEL-HARD-VOTE-FULL_TRAIN-ER03,BNCI2014_001,A4-C4-MODEL-HARD-VOTE,FIXED_MODEL_ENSEMBLE,FULL_TRAIN,3,SUCCESS,3.0,3.0,4,4,HARD_VOTE,0.037054995002108626,0.03939312660513679,0.001342915000350331,
P02-A4-BNCI2014_001-ENSEMBLE-A4-C5-MODEL-PROB-AVG-FULL_TRAIN-ER03,BNCI2014_001,A4-C5-MODEL-PROB-AVG,FIXED_MODEL_ENSEMBLE,FULL_TRAIN,3,SUCCESS,3.0,3.0,4,4,PROBABILITY_AVERAGE,0.037054995002108626,0.03939312660513679,0.0003144430011161603,
P02-A4-BNCI2014_001-ENSEMBLE-A4-C4-MODEL-HARD-VOTE-FULL_TRAIN-ER04,BNCI2014_001,A4-C4-MODEL-HARD-VOTE,FIXED_MODEL_ENSEMBLE,FULL_TRAIN,4,SUCCESS,3.0,3.0,4,4,HARD_VOTE,0.0363132940055948,0.03879291980629205,0.0013081140004942426,
P02-A4-BNCI2014_001-ENSEMBLE-A4-C5-MODEL-PROB-AVG-FULL_TRAIN-ER04,BNCI2014_001,A4-C5-MODEL-PROB-AVG,FIXED_MODEL_ENSEMBLE,FULL_TRAIN,4,SUCCESS,3.0,3.0,4,4,PROBABILITY_AVERAGE,0.0363132940055948,0.03879291980629205,0.0001777500001480803,
P02-A4-BNCI2014_001-CLASSICAL-A4-C0-CORE-P01-L1-LOW-CAL-OFFICIAL-R2:1_PER_CLASS-MR00,BNCI2014_001,A4-C0-CORE,CLASSICAL,P01-L1-LOW-CAL-OFFICIAL-R2:1_PER_CLASS,0,NOT_APPLICABLE_REPEAT_SLOT,,,,,,,,,NO_VALIDATION_SELECTED_REPRESENTATIVE
P02-A4-BNCI2014_001-CLASSICAL-A4-C1-LONG-3P5S-P01-L1-LOW-CAL-OFFICIAL-R2:1_PER_CLASS-MR00,BNCI2014_001,A4-C1-LONG-3P5S,CLASSICAL,P01-L1-LOW-CAL-OFFICIAL-R2:1_PER_CLASS,0,NOT_APPLICABLE_REPEAT_SLOT,,,,,,,,,NO_VALIDATION_SELECTED_REPRESENTATIVE
P02-A4-BNCI2014_001-CLASSICAL-A4-C2-MULTI-HARD-VOTE-P01-L1-LOW-CAL-OFFICIAL-R2:1_PER_CLASS-MR00,BNCI2014_001,A4-C2-MULTI-HARD-VOTE,CLASSICAL,P01-L1-LOW-CAL-OFFICIAL-R2:1_PER_CLASS,0,NOT_APPLICABLE_REPEAT_SLOT,,,,,,,,,NO_VALIDATION_SELECTED_REPRESENTATIVE
P02-A4-BNCI2014_001-CLASSICAL-A4-C3-MULTI-PROB-AVG-P01-L1-LOW-CAL-OFFICIAL-R2:1_PER_CLASS-MR00,BNCI2014_001,A4-C3-MULTI-PROB-AVG,CLASSICAL,P01-L1-LOW-CAL-OFFICIAL-R2:1_PER_CLASS,0,NOT_APPLICABLE_REPEAT_SLOT,,,,,,,,,NO_VALIDATION_SELECTED_REPRESENTATIVE
P02-A4-BNCI2014_001-RIEMANNIAN-A4-C0-CORE-P01-L1-LOW-CAL-OFFICIAL-R2:1_PER_CLASS-MR00,BNCI2014_001,A4-C0-CORE,RIEMANNIAN,P01-L1-LOW-CAL-OFFICIAL-R2:1_PER_CLASS,0,SUCCESS,3.0,3.0,1,1,DIRECT_CORE,0.003023386998393107,0.0032890166017750743,0.0,
P02-A4-BNCI2014_001-RIEMANNIAN-A4-C1-LONG-3P5S-P01-L1-LOW-CAL-OFFICIAL-R2:1_PER_CLASS-MR00,BNCI2014_001,A4-C1-LONG-3P5S,RIEMANNIAN,P01-L1-LOW-CAL-OFFICIAL-R2:1_PER_CLASS,0,SUCCESS,3.5,3.5,1,1,DIRECT_LONG,0.003079141999478452,0.0031432655996468384,0.0,
P02-A4-BNCI2014_001-RIEMANNIAN-A4-C2-MULTI-HARD-VOTE-P01-L1-LOW-CAL-OFFICIAL-R2:1_PER_CLASS-MR00,BNCI2014_001,A4-C2-MULTI-HARD-VOTE,RIEMANNIAN,P01-L1-LOW-CAL-OFFICIAL-R2:1_PER_CLASS,0,SUCCESS,2.0,3.5,3,3,HARD_VOTE,0.009097266998651321,0.009988754798905574,0.0009343830006400822,
P02-A4-BNCI2014_001-RIEMANNIAN-A4-C3-MULTI-PROB-AVG-P01-L1-LOW-CAL-OFFICIAL-R2:1_PER_CLASS-MR00,BNCI2014_001,A4-C3-MULTI-PROB-AVG,RIEMANNIAN,P01-L1-LOW-CAL-OFFICIAL-R2:1_PER_CLASS,0,SUCCESS,2.0,3.5,3,3,PROBABILITY_AVERAGE,0.009097266998651321,0.009988754798905574,0.0009811660002014833,
P02-A4-BNCI2014_001-NEURAL-A4-C0-CORE-P01-L1-LOW-CAL-OFFICIAL-R2:1_PER_CLASS-MR00,BNCI2014_001,A4-C0-CORE,NEURAL,P01-L1-LOW-CAL-OFFICIAL-R2:1_PER_CLASS,0,SUCCESS,3.0,3.0,1,1,DIRECT_CORE,0.0011952509994443972,0.0016938909990130923,0.0,
P02-A4-BNCI2014_001-NEURAL-A4-C1-LONG-3P5S-P01-L1-LOW-CAL-OFFICIAL-R2:1_PER_CLASS-MR00,BNCI2014_001,A4-C1-LONG-3P5S,NEURAL,P01-L1-LOW-CAL-OFFICIAL-R2:1_PER_CLASS,0,SUCCESS,3.5,3.5,1,1,DIRECT_LONG,0.009123514999373583,0.009123514999373583,0.0,
P02-A4-BNCI2014_001-NEURAL-A4-C2-MULTI-HARD-VOTE-P01-L1-LOW-CAL-OFFICIAL-R2:1_PER_CLASS-MR00,BNCI2014_001,A4-C2-MULTI-HARD-VOTE,NEURAL,P01-L1-LOW-CAL-OFFICIAL-R2:1_PER_CLASS,0,SUCCESS,2.0,3.5,3,3,HARD_VOTE,0.026557077002507867,0.026557077002507867,0.0106930599995394,
P02-A4-BNCI2014_001-NEURAL-A4-C3-MULTI-PROB-AVG-P01-L1-LOW-CAL-OFFICIAL-R2:1_PER_CLASS-MR00,BNCI2014_001,A4-C3-MULTI-PROB-AVG,NEURAL,P01-L1-LOW-CAL-OFFICIAL-R2:1_PER_CLASS,0,SUCCESS,2.0,3.5,3,3,PROBABILITY_AVERAGE,0.026557077002507867,0.026557077002507867,0.0019377690005057957,
P02-A4-BNCI2014_001-NEURAL-A4-C0-CORE-P01-L1-LOW-CAL-OFFICIAL-R2:1_PER_CLASS-MR01,BNCI2014_001,A4-C0-CORE,NEURAL,P01-L1-LOW-CAL-OFFICIAL-R2:1_PER_CLASS,1,SUCCESS,3.0,3.0,1,1,DIRECT_CORE,0.001183590000437107,0.0015904561994830146,0.0,
P02-A4-BNCI2014_001-NEURAL-A4-C1-LONG-3P5S-P01-L1-LOW-CAL-OFFICIAL-R2:1_PER_CLASS-MR01,BNCI2014_001,A4-C1-LONG-3P5S,NEURAL,P01-L1-LOW-CAL-OFFICIAL-R2:1_PER_CLASS,1,CONDITIONAL_SKIP,,,,,,,,,STAGE18_RESOURCE_CONSTRAINED_SINGLE_REPEAT_ALL_REFIT_ROLES
P02-A4-BNCI2014_001-NEURAL-A4-C2-MULTI-HARD-VOTE-P01-L1-LOW-CAL-OFFICIAL-R2:1_PER_CLASS-MR01,BNCI2014_001,A4-C2-MULTI-HARD-VOTE,NEURAL,P01-L1-LOW-CAL-OFFICIAL-R2:1_PER_CLASS,1,CONDITIONAL_SKIP,,,,,,,,,STAGE18_RESOURCE_CONSTRAINED_SINGLE_REPEAT_ALL_REFIT_ROLES
P02-A4-BNCI2014_001-NEURAL-A4-C3-MULTI-PROB-AVG-P01-L1-LOW-CAL-OFFICIAL-R2:1_PER_CLASS-MR01,BNCI2014_001,A4-C3-MULTI-PROB-AVG,NEURAL,P01-L1-LOW-CAL-OFFICIAL-R2:1_PER_CLASS,1,CONDITIONAL_SKIP,,,,,,,,,STAGE18_RESOURCE_CONSTRAINED_SINGLE_REPEAT_ALL_REFIT_ROLES
P02-A4-BNCI2014_001-NEURAL-A4-C0-CORE-P01-L1-LOW-CAL-OFFICIAL-R2:1_PER_CLASS-MR02,BNCI2014_001,A4-C0-CORE,NEURAL,P01-L1-LOW-CAL-OFFICIAL-R2:1_PER_CLASS,2,SUCCESS,3.0,3.0,1,1,DIRECT_CORE,0.001156055001047207,0.0013033569997787707,0.0,
P02-A4-BNCI2014_001-NEURAL-A4-C1-LONG-3P5S-P01-L1-LOW-CAL-OFFICIAL-R2:1_PER_CLASS-MR02,BNCI2014_001,A4-C1-LONG-3P5S,NEURAL,P01-L1-LOW-CAL-OFFICIAL-R2:1_PER_CLASS,2,CONDITIONAL_SKIP,,,,,,,,,STAGE18_RESOURCE_CONSTRAINED_SINGLE_REPEAT_ALL_REFIT_ROLES
P02-A4-BNCI2014_001-NEURAL-A4-C2-MULTI-HARD-VOTE-P01-L1-LOW-CAL-OFFICIAL-R2:1_PER_CLASS-MR02,BNCI2014_001,A4-C2-MULTI-HARD-VOTE,NEURAL,P01-L1-LOW-CAL-OFFICIAL-R2:1_PER_CLASS,2,CONDITIONAL_SKIP,,,,,,,,,STAGE18_RESOURCE_CONSTRAINED_SINGLE_REPEAT_ALL_REFIT_ROLES
P02-A4-BNCI2014_001-NEURAL-A4-C3-MULTI-PROB-AVG-P01-L1-LOW-CAL-OFFICIAL-R2:1_PER_CLASS-MR02,BNCI2014_001,A4-C3-MULTI-PROB-AVG,NEURAL,P01-L1-LOW-CAL-OFFICIAL-R2:1_PER_CLASS,2,CONDITIONAL_SKIP,,,,,,,,,STAGE18_RESOURCE_CONSTRAINED_SINGLE_REPEAT_ALL_REFIT_ROLES
P02-A4-BNCI2014_001-NEURAL-A4-C0-CORE-P01-L1-LOW-CAL-OFFICIAL-R2:1_PER_CLASS-MR03,BNCI2014_001,A4-C0-CORE,NEURAL,P01-L1-LOW-CAL-OFFICIAL-R2:1_PER_CLASS,3,SUCCESS,3.0,3.0,1,1,DIRECT_CORE,0.0011670320000121137,0.0013914462000684579,0.0,
P02-A4-BNCI2014_001-NEURAL-A4-C1-LONG-3P5S-P01-L1-LOW-CAL-OFFICIAL-R2:1_PER_CLASS-MR03,BNCI2014_001,A4-C1-LONG-3P5S,NEURAL,P01-L1-LOW-CAL-OFFICIAL-R2:1_PER_CLASS,3,CONDITIONAL_SKIP,,,,,,,,,STAGE18_RESOURCE_CONSTRAINED_SINGLE_REPEAT_ALL_REFIT_ROLES
P02-A4-BNCI2014_001-NEURAL-A4-C2-MULTI-HARD-VOTE-P01-L1-LOW-CAL-OFFICIAL-R2:1_PER_CLASS-MR03,BNCI2014_001,A4-C2-MULTI-HARD-VOTE,NEURAL,P01-L1-LOW-CAL-OFFICIAL-R2:1_PER_CLASS,3,CONDITIONAL_SKIP,,,,,,,,,STAGE18_RESOURCE_CONSTRAINED_SINGLE_REPEAT_ALL_REFIT_ROLES
P02-A4-BNCI2014_001-NEURAL-A4-C3-MULTI-PROB-AVG-P01-L1-LOW-CAL-OFFICIAL-R2:1_PER_CLASS-MR03,BNCI2014_001,A4-C3-MULTI-PROB-AVG,NEURAL,P01-L1-LOW-CAL-OFFICIAL-R2:1_PER_CLASS,3,CONDITIONAL_SKIP,,,,,,,,,STAGE18_RESOURCE_CONSTRAINED_SINGLE_REPEAT_ALL_REFIT_ROLES
P02-A4-BNCI2014_001-NEURAL-A4-C0-CORE-P01-L1-LOW-CAL-OFFICIAL-R2:1_PER_CLASS-MR04,BNCI2014_001,A4-C0-CORE,NEURAL,P01-L1-LOW-CAL-OFFICIAL-R2:1_PER_CLASS,4,SUCCESS,3.0,3.0,1,1,DIRECT_CORE,0.0012061099987477064,0.0013961856006062588,0.0,
P02-A4-BNCI2014_001-NEURAL-A4-C1-LONG-3P5S-P01-L1-LOW-CAL-OFFICIAL-R2:1_PER_CLASS-MR04,BNCI2014_001,A4-C1-LONG-3P5S,NEURAL,P01-L1-LOW-CAL-OFFICIAL-R2:1_PER_CLASS,4,CONDITIONAL_SKIP,,,,,,,,,STAGE18_RESOURCE_CONSTRAINED_SINGLE_REPEAT_ALL_REFIT_ROLES
P02-A4-BNCI2014_001-NEURAL-A4-C2-MULTI-HARD-VOTE-P01-L1-LOW-CAL-OFFICIAL-R2:1_PER_CLASS-MR04,BNCI2014_001,A4-C2-MULTI-HARD-VOTE,NEURAL,P01-L1-LOW-CAL-OFFICIAL-R2:1_PER_CLASS,4,CONDITIONAL_SKIP,,,,,,,,,STAGE18_RESOURCE_CONSTRAINED_SINGLE_REPEAT_ALL_REFIT_ROLES
P02-A4-BNCI2014_001-NEURAL-A4-C3-MULTI-PROB-AVG-P01-L1-LOW-CAL-OFFICIAL-R2:1_PER_CLASS-MR04,BNCI2014_001,A4-C3-MULTI-PROB-AVG,NEURAL,P01-L1-LOW-CAL-OFFICIAL-R2:1_PER_CLASS,4,CONDITIONAL_SKIP,,,,,,,,,STAGE18_RESOURCE_CONSTRAINED_SINGLE_REPEAT_ALL_REFIT_ROLES
P02-A4-BNCI2014_001-SSL-A4-C0-CORE-P01-L1-LOW-CAL-OFFICIAL-R2:1_PER_CLASS-MR00,BNCI2014_001,A4-C0-CORE,SSL,P01-L1-LOW-CAL-OFFICIAL-R2:1_PER_CLASS,0,SUCCESS,3.0,3.0,1,1,DIRECT_CORE,0.010014646999479737,0.010710033198120073,0.0,
P02-A4-BNCI2014_001-SSL-A4-C1-LONG-3P5S-P01-L1-LOW-CAL-OFFICIAL-R2:1_PER_CLASS-MR00,BNCI2014_001,A4-C1-LONG-3P5S,SSL,P01-L1-LOW-CAL-OFFICIAL-R2:1_PER_CLASS,0,INPUT_INCOMPATIBLE,,,,,,,,,A4_MEMBER_UNAVAILABLE
P02-A4-BNCI2014_001-SSL-A4-C2-MULTI-HARD-VOTE-P01-L1-LOW-CAL-OFFICIAL-R2:1_PER_CLASS-MR00,BNCI2014_001,A4-C2-MULTI-HARD-VOTE,SSL,P01-L1-LOW-CAL-OFFICIAL-R2:1_PER_CLASS,0,SUCCESS,2.0,3.5,3,3,HARD_VOTE,0.272699796998495,0.272699796998495,0.010448090000863886,
P02-A4-BNCI2014_001-SSL-A4-C3-MULTI-PROB-AVG-P01-L1-LOW-CAL-OFFICIAL-R2:1_PER_CLASS-MR00,BNCI2014_001,A4-C3-MULTI-PROB-AVG,SSL,P01-L1-LOW-CAL-OFFICIAL-R2:1_PER_CLASS,0,SUCCESS,2.0,3.5,3,3,PROBABILITY_AVERAGE,0.272699796998495,0.272699796998495,0.0020246099993528333,
P02-A4-BNCI2014_001-SSL-A4-C0-CORE-P01-L1-LOW-CAL-OFFICIAL-R2:1_PER_CLASS-MR01,BNCI2014_001,A4-C0-CORE,SSL,P01-L1-LOW-CAL-OFFICIAL-R2:1_PER_CLASS,1,SUCCESS,3.0,3.0,1,1,DIRECT_CORE,0.009792908000235911,0.01042246960059856,0.0,
P02-A4-BNCI2014_001-SSL-A4-C1-LONG-3P5S-P01-L1-LOW-CAL-OFFICIAL-R2:1_PER_CLASS-MR01,BNCI2014_001,A4-C1-LONG-3P5S,SSL,P01-L1-LOW-CAL-OFFICIAL-R2:1_PER_CLASS,1,CONDITIONAL_SKIP,,,,,,,,,STAGE18_RESOURCE_CONSTRAINED_SINGLE_REPEAT_ALL_REFIT_ROLES
P02-A4-BNCI2014_001-SSL-A4-C2-MULTI-HARD-VOTE-P01-L1-LOW-CAL-OFFICIAL-R2:1_PER_CLASS-MR01,BNCI2014_001,A4-C2-MULTI-HARD-VOTE,SSL,P01-L1-LOW-CAL-OFFICIAL-R2:1_PER_CLASS,1,CONDITIONAL_SKIP,,,,,,,,,STAGE18_RESOURCE_CONSTRAINED_SINGLE_REPEAT_ALL_REFIT_ROLES
P02-A4-BNCI2014_001-SSL-A4-C3-MULTI-PROB-AVG-P01-L1-LOW-CAL-OFFICIAL-R2:1_PER_CLASS-MR01,BNCI2014_001,A4-C3-MULTI-PROB-AVG,SSL,P01-L1-LOW-CAL-OFFICIAL-R2:1_PER_CLASS,1,CONDITIONAL_SKIP,,,,,,,,,STAGE18_RESOURCE_CONSTRAINED_SINGLE_REPEAT_ALL_REFIT_ROLES
P02-A4-BNCI2014_001-SSL-A4-C0-CORE-P01-L1-LOW-CAL-OFFICIAL-R2:1_PER_CLASS-MR02,BNCI2014_001,A4-C0-CORE,SSL,P01-L1-LOW-CAL-OFFICIAL-R2:1_PER_CLASS,2,SUCCESS,3.0,3.0,1,1,DIRECT_CORE,0.00987999299832154,0.010514131998934317,0.0,
P02-A4-BNCI2014_001-SSL-A4-C1-LONG-3P5S-P01-L1-LOW-CAL-OFFICIAL-R2:1_PER_CLASS-MR02,BNCI2014_001,A4-C1-LONG-3P5S,SSL,P01-L1-LOW-CAL-OFFICIAL-R2:1_PER_CLASS,2,CONDITIONAL_SKIP,,,,,,,,,STAGE18_RESOURCE_CONSTRAINED_SINGLE_REPEAT_ALL_REFIT_ROLES
P02-A4-BNCI2014_001-SSL-A4-C2-MULTI-HARD-VOTE-P01-L1-LOW-CAL-OFFICIAL-R2:1_PER_CLASS-MR02,BNCI2014_001,A4-C2-MULTI-HARD-VOTE,SSL,P01-L1-LOW-CAL-OFFICIAL-R2:1_PER_CLASS,2,CONDITIONAL_SKIP,,,,,,,,,STAGE18_RESOURCE_CONSTRAINED_SINGLE_REPEAT_ALL_REFIT_ROLES
P02-A4-BNCI2014_001-SSL-A4-C3-MULTI-PROB-AVG-P01-L1-LOW-CAL-OFFICIAL-R2:1_PER_CLASS-MR02,BNCI2014_001,A4-C3-MULTI-PROB-AVG,SSL,P01-L1-LOW-CAL-OFFICIAL-R2:1_PER_CLASS,2,CONDITIONAL_SKIP,,,,,,,,,STAGE18_RESOURCE_CONSTRAINED_SINGLE_REPEAT_ALL_REFIT_ROLES
P02-A4-BNCI2014_001-SSL-A4-C0-CORE-P01-L1-LOW-CAL-OFFICIAL-R2:1_PER_CLASS-MR03,BNCI2014_001,A4-C0-CORE,SSL,P01-L1-LOW-CAL-OFFICIAL-R2:1_PER_CLASS,3,SUCCESS,3.0,3.0,1,1,DIRECT_CORE,0.01032569399831118,0.010834290000639157,0.0,
P02-A4-BNCI2014_001-SSL-A4-C1-LONG-3P5S-P01-L1-LOW-CAL-OFFICIAL-R2:1_PER_CLASS-MR03,BNCI2014_001,A4-C1-LONG-3P5S,SSL,P01-L1-LOW-CAL-OFFICIAL-R2:1_PER_CLASS,3,CONDITIONAL_SKIP,,,,,,,,,STAGE18_RESOURCE_CONSTRAINED_SINGLE_REPEAT_ALL_REFIT_ROLES
P02-A4-BNCI2014_001-SSL-A4-C2-MULTI-HARD-VOTE-P01-L1-LOW-CAL-OFFICIAL-R2:1_PER_CLASS-MR03,BNCI2014_001,A4-C2-MULTI-HARD-VOTE,SSL,P01-L1-LOW-CAL-OFFICIAL-R2:1_PER_CLASS,3,CONDITIONAL_SKIP,,,,,,,,,STAGE18_RESOURCE_CONSTRAINED_SINGLE_REPEAT_ALL_REFIT_ROLES
P02-A4-BNCI2014_001-SSL-A4-C3-MULTI-PROB-AVG-P01-L1-LOW-CAL-OFFICIAL-R2:1_PER_CLASS-MR03,BNCI2014_001,A4-C3-MULTI-PROB-AVG,SSL,P01-L1-LOW-CAL-OFFICIAL-R2:1_PER_CLASS,3,CONDITIONAL_SKIP,,,,,,,,,STAGE18_RESOURCE_CONSTRAINED_SINGLE_REPEAT_ALL_REFIT_ROLES
P02-A4-BNCI2014_001-SSL-A4-C0-CORE-P01-L1-LOW-CAL-OFFICIAL-R2:1_PER_CLASS-MR04,BNCI2014_001,A4-C0-CORE,SSL,P01-L1-LOW-CAL-OFFICIAL-R2:1_PER_CLASS,4,SUCCESS,3.0,3.0,1,1,DIRECT_CORE,0.009832158000790514,0.009989191001659492,0.0,
P02-A4-BNCI2014_001-SSL-A4-C1-LONG-3P5S-P01-L1-LOW-CAL-OFFICIAL-R2:1_PER_CLASS-MR04,BNCI2014_001,A4-C1-LONG-3P5S,SSL,P01-L1-LOW-CAL-OFFICIAL-R2:1_PER_CLASS,4,CONDITIONAL_SKIP,,,,,,,,,STAGE18_RESOURCE_CONSTRAINED_SINGLE_REPEAT_ALL_REFIT_ROLES
P02-A4-BNCI2014_001-SSL-A4-C2-MULTI-HARD-VOTE-P01-L1-LOW-CAL-OFFICIAL-R2:1_PER_CLASS-MR04,BNCI2014_001,A4-C2-MULTI-HARD-VOTE,SSL,P01-L1-LOW-CAL-OFFICIAL-R2:1_PER_CLASS,4,CONDITIONAL_SKIP,,,,,,,,,STAGE18_RESOURCE_CONSTRAINED_SINGLE_REPEAT_ALL_REFIT_ROLES
P02-A4-BNCI2014_001-SSL-A4-C3-MULTI-PROB-AVG-P01-L1-LOW-CAL-OFFICIAL-R2:1_PER_CLASS-MR04,BNCI2014_001,A4-C3-MULTI-PROB-AVG,SSL,P01-L1-LOW-CAL-OFFICIAL-R2:1_PER_CLASS,4,CONDITIONAL_SKIP,,,,,,,,,STAGE18_RESOURCE_CONSTRAINED_SINGLE_REPEAT_ALL_REFIT_ROLES
P02-A4-BNCI2014_001-ENSEMBLE-A4-C4-MODEL-HARD-VOTE-P01-L1-LOW-CAL-OFFICIAL-R2:1_PER_CLASS-ER00,BNCI2014_001,A4-C4-MODEL-HARD-VOTE,FIXED_MODEL_ENSEMBLE,P01-L1-LOW-CAL-OFFICIAL-R2:1_PER_CLASS,0,NOT_APPLICABLE_REPEAT_SLOT,,,,,,,,,MINIMUM_ENSEMBLE_ROLES_NOT_AVAILABLE
P02-A4-BNCI2014_001-ENSEMBLE-A4-C5-MODEL-PROB-AVG-P01-L1-LOW-CAL-OFFICIAL-R2:1_PER_CLASS-ER00,BNCI2014_001,A4-C5-MODEL-PROB-AVG,FIXED_MODEL_ENSEMBLE,P01-L1-LOW-CAL-OFFICIAL-R2:1_PER_CLASS,0,NOT_APPLICABLE_REPEAT_SLOT,,,,,,,,,MINIMUM_ENSEMBLE_ROLES_NOT_AVAILABLE
P02-A4-BNCI2014_001-ENSEMBLE-A4-C4-MODEL-HARD-VOTE-P01-L1-LOW-CAL-OFFICIAL-R2:1_PER_CLASS-ER01,BNCI2014_001,A4-C4-MODEL-HARD-VOTE,FIXED_MODEL_ENSEMBLE,P01-L1-LOW-CAL-OFFICIAL-R2:1_PER_CLASS,1,NOT_APPLICABLE_REPEAT_SLOT,,,,,,,,,MINIMUM_ENSEMBLE_ROLES_NOT_AVAILABLE
P02-A4-BNCI2014_001-ENSEMBLE-A4-C5-MODEL-PROB-AVG-P01-L1-LOW-CAL-OFFICIAL-R2:1_PER_CLASS-ER01,BNCI2014_001,A4-C5-MODEL-PROB-AVG,FIXED_MODEL_ENSEMBLE,P01-L1-LOW-CAL-OFFICIAL-R2:1_PER_CLASS,1,NOT_APPLICABLE_REPEAT_SLOT,,,,,,,,,MINIMUM_ENSEMBLE_ROLES_NOT_AVAILABLE
P02-A4-BNCI2014_001-ENSEMBLE-A4-C4-MODEL-HARD-VOTE-P01-L1-LOW-CAL-OFFICIAL-R2:1_PER_CLASS-ER02,BNCI2014_001,A4-C4-MODEL-HARD-VOTE,FIXED_MODEL_ENSEMBLE,P01-L1-LOW-CAL-OFFICIAL-R2:1_PER_CLASS,2,NOT_APPLICABLE_REPEAT_SLOT,,,,,,,,,MINIMUM_ENSEMBLE_ROLES_NOT_AVAILABLE
P02-A4-BNCI2014_001-ENSEMBLE-A4-C5-MODEL-PROB-AVG-P01-L1-LOW-CAL-OFFICIAL-R2:1_PER_CLASS-ER02,BNCI2014_001,A4-C5-MODEL-PROB-AVG,FIXED_MODEL_ENSEMBLE,P01-L1-LOW-CAL-OFFICIAL-R2:1_PER_CLASS,2,NOT_APPLICABLE_REPEAT_SLOT,,,,,,,,,MINIMUM_ENSEMBLE_ROLES_NOT_AVAILABLE
P02-A4-BNCI2014_001-ENSEMBLE-A4-C4-MODEL-HARD-VOTE-P01-L1-LOW-CAL-OFFICIAL-R2:1_PER_CLASS-ER03,BNCI2014_001,A4-C4-MODEL-HARD-VOTE,FIXED_MODEL_ENSEMBLE,P01-L1-LOW-CAL-OFFICIAL-R2:1_PER_CLASS,3,NOT_APPLICABLE_REPEAT_SLOT,,,,,,,,,MINIMUM_ENSEMBLE_ROLES_NOT_AVAILABLE
P02-A4-BNCI2014_001-ENSEMBLE-A4-C5-MODEL-PROB-AVG-P01-L1-LOW-CAL-OFFICIAL-R2:1_PER_CLASS-ER03,BNCI2014_001,A4-C5-MODEL-PROB-AVG,FIXED_MODEL_ENSEMBLE,P01-L1-LOW-CAL-OFFICIAL-R2:1_PER_CLASS,3,NOT_APPLICABLE_REPEAT_SLOT,,,,,,,,,MINIMUM_ENSEMBLE_ROLES_NOT_AVAILABLE
P02-A4-BNCI2014_001-ENSEMBLE-A4-C4-MODEL-HARD-VOTE-P01-L1-LOW-CAL-OFFICIAL-R2:1_PER_CLASS-ER04,BNCI2014_001,A4-C4-MODEL-HARD-VOTE,FIXED_MODEL_ENSEMBLE,P01-L1-LOW-CAL-OFFICIAL-R2:1_PER_CLASS,4,NOT_APPLICABLE_REPEAT_SLOT,,,,,,,,,MINIMUM_ENSEMBLE_ROLES_NOT_AVAILABLE
P02-A4-BNCI2014_001-ENSEMBLE-A4-C5-MODEL-PROB-AVG-P01-L1-LOW-CAL-OFFICIAL-R2:1_PER_CLASS-ER04,BNCI2014_001,A4-C5-MODEL-PROB-AVG,FIXED_MODEL_ENSEMBLE,P01-L1-LOW-CAL-OFFICIAL-R2:1_PER_CLASS,4,NOT_APPLICABLE_REPEAT_SLOT,,,,,,,,,MINIMUM_ENSEMBLE_ROLES_NOT_AVAILABLE
P02-A4-BNCI2014_001-CLASSICAL-A4-C0-CORE-P01-L1-LOW-CAL-OFFICIAL-R2:2_PER_CLASS-MR00,BNCI2014_001,A4-C0-CORE,CLASSICAL,P01-L1-LOW-CAL-OFFICIAL-R2:2_PER_CLASS,0,SUCCESS,3.0,3.0,1,1,DIRECT_CORE,0.000811633999546757,0.0009743892020196653,0.0,
P02-A4-BNCI2014_001-CLASSICAL-A4-C1-LONG-3P5S-P01-L1-LOW-CAL-OFFICIAL-R2:2_PER_CLASS-MR00,BNCI2014_001,A4-C1-LONG-3P5S,CLASSICAL,P01-L1-LOW-CAL-OFFICIAL-R2:2_PER_CLASS,0,SUCCESS,3.5,3.5,1,1,DIRECT_LONG,0.000838324998767348,0.0031753351999213916,0.0,
P02-A4-BNCI2014_001-CLASSICAL-A4-C2-MULTI-HARD-VOTE-P01-L1-LOW-CAL-OFFICIAL-R2:2_PER_CLASS-MR00,BNCI2014_001,A4-C2-MULTI-HARD-VOTE,CLASSICAL,P01-L1-LOW-CAL-OFFICIAL-R2:2_PER_CLASS,0,SUCCESS,2.0,3.5,3,3,HARD_VOTE,0.0025295009963883786,0.008074268400741857,0.0018087320004269714,
P02-A4-BNCI2014_001-CLASSICAL-A4-C3-MULTI-PROB-AVG-P01-L1-LOW-CAL-OFFICIAL-R2:2_PER_CLASS-MR00,BNCI2014_001,A4-C3-MULTI-PROB-AVG,CLASSICAL,P01-L1-LOW-CAL-OFFICIAL-R2:2_PER_CLASS,0,SUCCESS,2.0,3.5,3,3,PROBABILITY_AVERAGE,0.0025295009963883786,0.008074268400741857,0.0009651899999880698,
P02-A4-BNCI2014_001-RIEMANNIAN-A4-C0-CORE-P01-L1-LOW-CAL-OFFICIAL-R2:2_PER_CLASS-MR00,BNCI2014_001,A4-C0-CORE,RIEMANNIAN,P01-L1-LOW-CAL-OFFICIAL-R2:2_PER_CLASS,0,SUCCESS,3.0,3.0,1,1,DIRECT_CORE,0.003006529001140734,0.0030273895979917144,0.0,
P02-A4-BNCI2014_001-RIEMANNIAN-A4-C1-LONG-3P5S-P01-L1-LOW-CAL-OFFICIAL-R2:2_PER_CLASS-MR00,BNCI2014_001,A4-C1-LONG-3P5S,RIEMANNIAN,P01-L1-LOW-CAL-OFFICIAL-R2:2_PER_CLASS,0,SUCCESS,3.5,3.5,1,1,DIRECT_LONG,0.003800645999945118,0.0039019810003082965,0.0,
P02-A4-BNCI2014_001-RIEMANNIAN-A4-C2-MULTI-HARD-VOTE-P01-L1-LOW-CAL-OFFICIAL-R2:2_PER_CLASS-MR00,BNCI2014_001,A4-C2-MULTI-HARD-VOTE,RIEMANNIAN,P01-L1-LOW-CAL-OFFICIAL-R2:2_PER_CLASS,0,SUCCESS,2.0,3.5,3,3,HARD_VOTE,0.01042278000022634,0.010715471800722298,0.0010043879992736038,
P02-A4-BNCI2014_001-RIEMANNIAN-A4-C3-MULTI-PROB-AVG-P01-L1-LOW-CAL-OFFICIAL-R2:2_PER_CLASS-MR00,BNCI2014_001,A4-C3-MULTI-PROB-AVG,RIEMANNIAN,P01-L1-LOW-CAL-OFFICIAL-R2:2_PER_CLASS,0,SUCCESS,2.0,3.5,3,3,PROBABILITY_AVERAGE,0.01042278000022634,0.010715471800722298,0.0011192299989488674,
P02-A4-BNCI2014_001-NEURAL-A4-C0-CORE-P01-L1-LOW-CAL-OFFICIAL-R2:2_PER_CLASS-MR00,BNCI2014_001,A4-C0-CORE,NEURAL,P01-L1-LOW-CAL-OFFICIAL-R2:2_PER_CLASS,0,SUCCESS,3.0,3.0,1,1,DIRECT_CORE,0.00114202400072827,0.0012782934005372225,0.0,
P02-A4-BNCI2014_001-NEURAL-A4-C1-LONG-3P5S-P01-L1-LOW-CAL-OFFICIAL-R2:2_PER_CLASS-MR00,BNCI2014_001,A4-C1-LONG-3P5S,NEURAL,P01-L1-LOW-CAL-OFFICIAL-R2:2_PER_CLASS,0,CONDITIONAL_SKIP,,,,,,,,,STAGE18_RESOURCE_CONSTRAINED_DEEP_ANCHOR_BUDGET_ONLY
P02-A4-BNCI2014_001-NEURAL-A4-C2-MULTI-HARD-VOTE-P01-L1-LOW-CAL-OFFICIAL-R2:2_PER_CLASS-MR00,BNCI2014_001,A4-C2-MULTI-HARD-VOTE,NEURAL,P01-L1-LOW-CAL-OFFICIAL-R2:2_PER_CLASS,0,CONDITIONAL_SKIP,,,,,,,,,STAGE18_RESOURCE_CONSTRAINED_DEEP_ANCHOR_BUDGET_ONLY
P02-A4-BNCI2014_001-NEURAL-A4-C3-MULTI-PROB-AVG-P01-L1-LOW-CAL-OFFICIAL-R2:2_PER_CLASS-MR00,BNCI2014_001,A4-C3-MULTI-PROB-AVG,NEURAL,P01-L1-LOW-CAL-OFFICIAL-R2:2_PER_CLASS,0,CONDITIONAL_SKIP,,,,,,,,,STAGE18_RESOURCE_CONSTRAINED_DEEP_ANCHOR_BUDGET_ONLY
P02-A4-BNCI2014_001-NEURAL-A4-C0-CORE-P01-L1-LOW-CAL-OFFICIAL-R2:2_PER_CLASS-MR01,BNCI2014_001,A4-C0-CORE,NEURAL,P01-L1-LOW-CAL-OFFICIAL-R2:2_PER_CLASS,1,SUCCESS,3.0,3.0,1,1,DIRECT_CORE,0.001109106999138021,0.0013148183996236184,0.0,
P02-A4-BNCI2014_001-NEURAL-A4-C1-LONG-3P5S-P01-L1-LOW-CAL-OFFICIAL-R2:2_PER_CLASS-MR01,BNCI2014_001,A4-C1-LONG-3P5S,NEURAL,P01-L1-LOW-CAL-OFFICIAL-R2:2_PER_CLASS,1,CONDITIONAL_SKIP,,,,,,,,,STAGE18_RESOURCE_CONSTRAINED_SINGLE_REPEAT_ALL_REFIT_ROLES
P02-A4-BNCI2014_001-NEURAL-A4-C2-MULTI-HARD-VOTE-P01-L1-LOW-CAL-OFFICIAL-R2:2_PER_CLASS-MR01,BNCI2014_001,A4-C2-MULTI-HARD-VOTE,NEURAL,P01-L1-LOW-CAL-OFFICIAL-R2:2_PER_CLASS,1,CONDITIONAL_SKIP,,,,,,,,,STAGE18_RESOURCE_CONSTRAINED_SINGLE_REPEAT_ALL_REFIT_ROLES
P02-A4-BNCI2014_001-NEURAL-A4-C3-MULTI-PROB-AVG-P01-L1-LOW-CAL-OFFICIAL-R2:2_PER_CLASS-MR01,BNCI2014_001,A4-C3-MULTI-PROB-AVG,NEURAL,P01-L1-LOW-CAL-OFFICIAL-R2:2_PER_CLASS,1,CONDITIONAL_SKIP,,,,,,,,,STAGE18_RESOURCE_CONSTRAINED_SINGLE_REPEAT_ALL_REFIT_ROLES
P02-A4-BNCI2014_001-NEURAL-A4-C0-CORE-P01-L1-LOW-CAL-OFFICIAL-R2:2_PER_CLASS-MR02,BNCI2014_001,A4-C0-CORE,NEURAL,P01-L1-LOW-CAL-OFFICIAL-R2:2_PER_CLASS,2,SUCCESS,3.0,3.0,1,1,DIRECT_CORE,0.0010366529986640671,0.00141570160012634,0.0,
P02-A4-BNCI2014_001-NEURAL-A4-C1-LONG-3P5S-P01-L1-LOW-CAL-OFFICIAL-R2:2_PER_CLASS-MR02,BNCI2014_001,A4-C1-LONG-3P5S,NEURAL,P01-L1-LOW-CAL-OFFICIAL-R2:2_PER_CLASS,2,CONDITIONAL_SKIP,,,,,,,,,STAGE18_RESOURCE_CONSTRAINED_SINGLE_REPEAT_ALL_REFIT_ROLES
P02-A4-BNCI2014_001-NEURAL-A4-C2-MULTI-HARD-VOTE-P01-L1-LOW-CAL-OFFICIAL-R2:2_PER_CLASS-MR02,BNCI2014_001,A4-C2-MULTI-HARD-VOTE,NEURAL,P01-L1-LOW-CAL-OFFICIAL-R2:2_PER_CLASS,2,CONDITIONAL_SKIP,,,,,,,,,STAGE18_RESOURCE_CONSTRAINED_SINGLE_REPEAT_ALL_REFIT_ROLES
P02-A4-BNCI2014_001-NEURAL-A4-C3-MULTI-PROB-AVG-P01-L1-LOW-CAL-OFFICIAL-R2:2_PER_CLASS-MR02,BNCI2014_001,A4-C3-MULTI-PROB-AVG,NEURAL,P01-L1-LOW-CAL-OFFICIAL-R2:2_PER_CLASS,2,CONDITIONAL_SKIP,,,,,,,,,STAGE18_RESOURCE_CONSTRAINED_SINGLE_REPEAT_ALL_REFIT_ROLES
P02-A4-BNCI2014_001-NEURAL-A4-C0-CORE-P01-L1-LOW-CAL-OFFICIAL-R2:2_PER_CLASS-MR03,BNCI2014_001,A4-C0-CORE,NEURAL,P01-L1-LOW-CAL-OFFICIAL-R2:2_PER_CLASS,3,SUCCESS,3.0,3.0,1,1,DIRECT_CORE,0.0011865599990414921,0.0012892206003016326,0.0,
P02-A4-BNCI2014_001-NEURAL-A4-C1-LONG-3P5S-P01-L1-LOW-CAL-OFFICIAL-R2:2_PER_CLASS-MR03,BNCI2014_001,A4-C1-LONG-3P5S,NEURAL,P01-L1-LOW-CAL-OFFICIAL-R2:2_PER_CLASS,3,CONDITIONAL_SKIP,,,,,,,,,STAGE18_RESOURCE_CONSTRAINED_SINGLE_REPEAT_ALL_REFIT_ROLES
P02-A4-BNCI2014_001-NEURAL-A4-C2-MULTI-HARD-VOTE-P01-L1-LOW-CAL-OFFICIAL-R2:2_PER_CLASS-MR03,BNCI2014_001,A4-C2-MULTI-HARD-VOTE,NEURAL,P01-L1-LOW-CAL-OFFICIAL-R2:2_PER_CLASS,3,CONDITIONAL_SKIP,,,,,,,,,STAGE18_RESOURCE_CONSTRAINED_SINGLE_REPEAT_ALL_REFIT_ROLES
P02-A4-BNCI2014_001-NEURAL-A4-C3-MULTI-PROB-AVG-P01-L1-LOW-CAL-OFFICIAL-R2:2_PER_CLASS-MR03,BNCI2014_001,A4-C3-MULTI-PROB-AVG,NEURAL,P01-L1-LOW-CAL-OFFICIAL-R2:2_PER_CLASS,3,CONDITIONAL_SKIP,,,,,,,,,STAGE18_RESOURCE_CONSTRAINED_SINGLE_REPEAT_ALL_REFIT_ROLES
P02-A4-BNCI2014_001-NEURAL-A4-C0-CORE-P01-L1-LOW-CAL-OFFICIAL-R2:2_PER_CLASS-MR04,BNCI2014_001,A4-C0-CORE,NEURAL,P01-L1-LOW-CAL-OFFICIAL-R2:2_PER_CLASS,4,SUCCESS,3.0,3.0,1,1,DIRECT_CORE,0.0011151369999424787,0.0014448260000790468,0.0,
P02-A4-BNCI2014_001-NEURAL-A4-C1-LONG-3P5S-P01-L1-LOW-CAL-OFFICIAL-R2:2_PER_CLASS-MR04,BNCI2014_001,A4-C1-LONG-3P5S,NEURAL,P01-L1-LOW-CAL-OFFICIAL-R2:2_PER_CLASS,4,CONDITIONAL_SKIP,,,,,,,,,STAGE18_RESOURCE_CONSTRAINED_SINGLE_REPEAT_ALL_REFIT_ROLES
P02-A4-BNCI2014_001-NEURAL-A4-C2-MULTI-HARD-VOTE-P01-L1-LOW-CAL-OFFICIAL-R2:2_PER_CLASS-MR04,BNCI2014_001,A4-C2-MULTI-HARD-VOTE,NEURAL,P01-L1-LOW-CAL-OFFICIAL-R2:2_PER_CLASS,4,CONDITIONAL_SKIP,,,,,,,,,STAGE18_RESOURCE_CONSTRAINED_SINGLE_REPEAT_ALL_REFIT_ROLES
P02-A4-BNCI2014_001-NEURAL-A4-C3-MULTI-PROB-AVG-P01-L1-LOW-CAL-OFFICIAL-R2:2_PER_CLASS-MR04,BNCI2014_001,A4-C3-MULTI-PROB-AVG,NEURAL,P01-L1-LOW-CAL-OFFICIAL-R2:2_PER_CLASS,4,CONDITIONAL_SKIP,,,,,,,,,STAGE18_RESOURCE_CONSTRAINED_SINGLE_REPEAT_ALL_REFIT_ROLES
P02-A4-BNCI2014_001-SSL-A4-C0-CORE-P01-L1-LOW-CAL-OFFICIAL-R2:2_PER_CLASS-MR00,BNCI2014_001,A4-C0-CORE,SSL,P01-L1-LOW-CAL-OFFICIAL-R2:2_PER_CLASS,0,SUCCESS,3.0,3.0,1,1,DIRECT_CORE,0.009873070997855393,0.010823876997892511,0.0,
P02-A4-BNCI2014_001-SSL-A4-C1-LONG-3P5S-P01-L1-LOW-CAL-OFFICIAL-R2:2_PER_CLASS-MR00,BNCI2014_001,A4-C1-LONG-3P5S,SSL,P01-L1-LOW-CAL-OFFICIAL-R2:2_PER_CLASS,0,CONDITIONAL_SKIP,,,,,,,,,STAGE18_RESOURCE_CONSTRAINED_DEEP_ANCHOR_BUDGET_ONLY
P02-A4-BNCI2014_001-SSL-A4-C2-MULTI-HARD-VOTE-P01-L1-LOW-CAL-OFFICIAL-R2:2_PER_CLASS-MR00,BNCI2014_001,A4-C2-MULTI-HARD-VOTE,SSL,P01-L1-LOW-CAL-OFFICIAL-R2:2_PER_CLASS,0,CONDITIONAL_SKIP,,,,,,,,,STAGE18_RESOURCE_CONSTRAINED_DEEP_ANCHOR_BUDGET_ONLY
P02-A4-BNCI2014_001-SSL-A4-C3-MULTI-PROB-AVG-P01-L1-LOW-CAL-OFFICIAL-R2:2_PER_CLASS-MR00,BNCI2014_001,A4-C3-MULTI-PROB-AVG,SSL,P01-L1-LOW-CAL-OFFICIAL-R2:2_PER_CLASS,0,CONDITIONAL_SKIP,,,,,,,,,STAGE18_RESOURCE_CONSTRAINED_DEEP_ANCHOR_BUDGET_ONLY
P02-A4-BNCI2014_001-SSL-A4-C0-CORE-P01-L1-LOW-CAL-OFFICIAL-R2:2_PER_CLASS-MR01,BNCI2014_001,A4-C0-CORE,SSL,P01-L1-LOW-CAL-OFFICIAL-R2:2_PER_CLASS,1,SUCCESS,3.0,3.0,1,1,DIRECT_CORE,0.009981338000216056,0.010155486002622638,0.0,
P02-A4-BNCI2014_001-SSL-A4-C1-LONG-3P5S-P01-L1-LOW-CAL-OFFICIAL-R2:2_PER_CLASS-MR01,BNCI2014_001,A4-C1-LONG-3P5S,SSL,P01-L1-LOW-CAL-OFFICIAL-R2:2_PER_CLASS,1,CONDITIONAL_SKIP,,,,,,,,,STAGE18_RESOURCE_CONSTRAINED_SINGLE_REPEAT_ALL_REFIT_ROLES
P02-A4-BNCI2014_001-SSL-A4-C2-MULTI-HARD-VOTE-P01-L1-LOW-CAL-OFFICIAL-R2:2_PER_CLASS-MR01,BNCI2014_001,A4-C2-MULTI-HARD-VOTE,SSL,P01-L1-LOW-CAL-OFFICIAL-R2:2_PER_CLASS,1,CONDITIONAL_SKIP,,,,,,,,,STAGE18_RESOURCE_CONSTRAINED_SINGLE_REPEAT_ALL_REFIT_ROLES
P02-A4-BNCI2014_001-SSL-A4-C3-MULTI-PROB-AVG-P01-L1-LOW-CAL-OFFICIAL-R2:2_PER_CLASS-MR01,BNCI2014_001,A4-C3-MULTI-PROB-AVG,SSL,P01-L1-LOW-CAL-OFFICIAL-R2:2_PER_CLASS,1,CONDITIONAL_SKIP,,,,,,,,,STAGE18_RESOURCE_CONSTRAINED_SINGLE_REPEAT_ALL_REFIT_ROLES
P02-A4-BNCI2014_001-SSL-A4-C0-CORE-P01-L1-LOW-CAL-OFFICIAL-R2:2_PER_CLASS-MR02,BNCI2014_001,A4-C0-CORE,SSL,P01-L1-LOW-CAL-OFFICIAL-R2:2_PER_CLASS,2,SUCCESS,3.0,3.0,1,1,DIRECT_CORE,0.00976749600158655,0.01138227340125013,0.0,
P02-A4-BNCI2014_001-SSL-A4-C1-LONG-3P5S-P01-L1-LOW-CAL-OFFICIAL-R2:2_PER_CLASS-MR02,BNCI2014_001,A4-C1-LONG-3P5S,SSL,P01-L1-LOW-CAL-OFFICIAL-R2:2_PER_CLASS,2,CONDITIONAL_SKIP,,,,,,,,,STAGE18_RESOURCE_CONSTRAINED_SINGLE_REPEAT_ALL_REFIT_ROLES
P02-A4-BNCI2014_001-SSL-A4-C2-MULTI-HARD-VOTE-P01-L1-LOW-CAL-OFFICIAL-R2:2_PER_CLASS-MR02,BNCI2014_001,A4-C2-MULTI-HARD-VOTE,SSL,P01-L1-LOW-CAL-OFFICIAL-R2:2_PER_CLASS,2,CONDITIONAL_SKIP,,,,,,,,,STAGE18_RESOURCE_CONSTRAINED_SINGLE_REPEAT_ALL_REFIT_ROLES
P02-A4-BNCI2014_001-SSL-A4-C3-MULTI-PROB-AVG-P01-L1-LOW-CAL-OFFICIAL-R2:2_PER_CLASS-MR02,BNCI2014_001,A4-C3-MULTI-PROB-AVG,SSL,P01-L1-LOW-CAL-OFFICIAL-R2:2_PER_CLASS,2,CONDITIONAL_SKIP,,,,,,,,,STAGE18_RESOURCE_CONSTRAINED_SINGLE_REPEAT_ALL_REFIT_ROLES
P02-A4-BNCI2014_001-SSL-A4-C0-CORE-P01-L1-LOW-CAL-OFFICIAL-R2:2_PER_CLASS-MR03,BNCI2014_001,A4-C0-CORE,SSL,P01-L1-LOW-CAL-OFFICIAL-R2:2_PER_CLASS,3,SUCCESS,3.0,3.0,1,1,DIRECT_CORE,0.009717189001094084,0.010544339600164676,0.0,
P02-A4-BNCI2014_001-SSL-A4-C1-LONG-3P5S-P01-L1-LOW-CAL-OFFICIAL-R2:2_PER_CLASS-MR03,BNCI2014_001,A4-C1-LONG-3P5S,SSL,P01-L1-LOW-CAL-OFFICIAL-R2:2_PER_CLASS,3,CONDITIONAL_SKIP,,,,,,,,,STAGE18_RESOURCE_CONSTRAINED_SINGLE_REPEAT_ALL_REFIT_ROLES
P02-A4-BNCI2014_001-SSL-A4-C2-MULTI-HARD-VOTE-P01-L1-LOW-CAL-OFFICIAL-R2:2_PER_CLASS-MR03,BNCI2014_001,A4-C2-MULTI-HARD-VOTE,SSL,P01-L1-LOW-CAL-OFFICIAL-R2:2_PER_CLASS,3,CONDITIONAL_SKIP,,,,,,,,,STAGE18_RESOURCE_CONSTRAINED_SINGLE_REPEAT_ALL_REFIT_ROLES
P02-A4-BNCI2014_001-SSL-A4-C3-MULTI-PROB-AVG-P01-L1-LOW-CAL-OFFICIAL-R2:2_PER_CLASS-MR03,BNCI2014_001,A4-C3-MULTI-PROB-AVG,SSL,P01-L1-LOW-CAL-OFFICIAL-R2:2_PER_CLASS,3,CONDITIONAL_SKIP,,,,,,,,,STAGE18_RESOURCE_CONSTRAINED_SINGLE_REPEAT_ALL_REFIT_ROLES
P02-A4-BNCI2014_001-SSL-A4-C0-CORE-P01-L1-LOW-CAL-OFFICIAL-R2:2_PER_CLASS-MR04,BNCI2014_001,A4-C0-CORE,SSL,P01-L1-LOW-CAL-OFFICIAL-R2:2_PER_CLASS,4,SUCCESS,3.0,3.0,1,1,DIRECT_CORE,0.010432358998514246,0.011910661199362947,0.0,
P02-A4-BNCI2014_001-SSL-A4-C1-LONG-3P5S-P01-L1-LOW-CAL-OFFICIAL-R2:2_PER_CLASS-MR04,BNCI2014_001,A4-C1-LONG-3P5S,SSL,P01-L1-LOW-CAL-OFFICIAL-R2:2_PER_CLASS,4,CONDITIONAL_SKIP,,,,,,,,,STAGE18_RESOURCE_CONSTRAINED_SINGLE_REPEAT_ALL_REFIT_ROLES
P02-A4-BNCI2014_001-SSL-A4-C2-MULTI-HARD-VOTE-P01-L1-LOW-CAL-OFFICIAL-R2:2_PER_CLASS-MR04,BNCI2014_001,A4-C2-MULTI-HARD-VOTE,SSL,P01-L1-LOW-CAL-OFFICIAL-R2:2_PER_CLASS,4,CONDITIONAL_SKIP,,,,,,,,,STAGE18_RESOURCE_CONSTRAINED_SINGLE_REPEAT_ALL_REFIT_ROLES
P02-A4-BNCI2014_001-SSL-A4-C3-MULTI-PROB-AVG-P01-L1-LOW-CAL-OFFICIAL-R2:2_PER_CLASS-MR04,BNCI2014_001,A4-C3-MULTI-PROB-AVG,SSL,P01-L1-LOW-CAL-OFFICIAL-R2:2_PER_CLASS,4,CONDITIONAL_SKIP,,,,,,,,,STAGE18_RESOURCE_CONSTRAINED_SINGLE_REPEAT_ALL_REFIT_ROLES
P02-A4-BNCI2014_001-ENSEMBLE-A4-C4-MODEL-HARD-VOTE-P01-L1-LOW-CAL-OFFICIAL-R2:2_PER_CLASS-ER00,BNCI2014_001,A4-C4-MODEL-HARD-VOTE,FIXED_MODEL_ENSEMBLE,P01-L1-LOW-CAL-OFFICIAL-R2:2_PER_CLASS,0,SUCCESS,3.0,3.0,4,4,HARD_VOTE,0.014833257999271154,0.016103949198441114,0.012138211999626947,
P02-A4-BNCI2014_001-ENSEMBLE-A4-C5-MODEL-PROB-AVG-P01-L1-LOW-CAL-OFFICIAL-R2:2_PER_CLASS-ER00,BNCI2014_001,A4-C5-MODEL-PROB-AVG,FIXED_MODEL_ENSEMBLE,P01-L1-LOW-CAL-OFFICIAL-R2:2_PER_CLASS,0,SUCCESS,3.0,3.0,4,4,PROBABILITY_AVERAGE,0.014833257999271154,0.016103949198441114,0.00020721900000353344,
P02-A4-BNCI2014_001-ENSEMBLE-A4-C4-MODEL-HARD-VOTE-P01-L1-LOW-CAL-OFFICIAL-R2:2_PER_CLASS-ER01,BNCI2014_001,A4-C4-MODEL-HARD-VOTE,FIXED_MODEL_ENSEMBLE,P01-L1-LOW-CAL-OFFICIAL-R2:2_PER_CLASS,1,SUCCESS,3.0,3.0,4,4,HARD_VOTE,0.014908608000041568,0.015472083202257635,0.0014142910004011355,
P02-A4-BNCI2014_001-ENSEMBLE-A4-C5-MODEL-PROB-AVG-P01-L1-LOW-CAL-OFFICIAL-R2:2_PER_CLASS-ER01,BNCI2014_001,A4-C5-MODEL-PROB-AVG,FIXED_MODEL_ENSEMBLE,P01-L1-LOW-CAL-OFFICIAL-R2:2_PER_CLASS,1,SUCCESS,3.0,3.0,4,4,PROBABILITY_AVERAGE,0.014908608000041568,0.015472083202257635,0.0001543340003991034,
P02-A4-BNCI2014_001-ENSEMBLE-A4-C4-MODEL-HARD-VOTE-P01-L1-LOW-CAL-OFFICIAL-R2:2_PER_CLASS-ER02,BNCI2014_001,A4-C4-MODEL-HARD-VOTE,FIXED_MODEL_ENSEMBLE,P01-L1-LOW-CAL-OFFICIAL-R2:2_PER_CLASS,2,SUCCESS,3.0,3.0,4,4,HARD_VOTE,0.014622312000938109,0.01679975380138785,0.0012854629985667998,
P02-A4-BNCI2014_001-ENSEMBLE-A4-C5-MODEL-PROB-AVG-P01-L1-LOW-CAL-OFFICIAL-R2:2_PER_CLASS-ER02,BNCI2014_001,A4-C5-MODEL-PROB-AVG,FIXED_MODEL_ENSEMBLE,P01-L1-LOW-CAL-OFFICIAL-R2:2_PER_CLASS,2,SUCCESS,3.0,3.0,4,4,PROBABILITY_AVERAGE,0.014622312000938109,0.01679975380138785,0.00022531899958266877,
P02-A4-BNCI2014_001-ENSEMBLE-A4-C4-MODEL-HARD-VOTE-P01-L1-LOW-CAL-OFFICIAL-R2:2_PER_CLASS-ER03,BNCI2014_001,A4-C4-MODEL-HARD-VOTE,FIXED_MODEL_ENSEMBLE,P01-L1-LOW-CAL-OFFICIAL-R2:2_PER_CLASS,3,SUCCESS,3.0,3.0,4,4,HARD_VOTE,0.014721912000823068,0.015835339000477688,0.0014650409993919311,
P02-A4-BNCI2014_001-ENSEMBLE-A4-C5-MODEL-PROB-AVG-P01-L1-LOW-CAL-OFFICIAL-R2:2_PER_CLASS-ER03,BNCI2014_001,A4-C5-MODEL-PROB-AVG,FIXED_MODEL_ENSEMBLE,P01-L1-LOW-CAL-OFFICIAL-R2:2_PER_CLASS,3,SUCCESS,3.0,3.0,4,4,PROBABILITY_AVERAGE,0.014721912000823068,0.015835339000477688,0.0006015390008542454,
P02-A4-BNCI2014_001-ENSEMBLE-A4-C4-MODEL-HARD-VOTE-P01-L1-LOW-CAL-OFFICIAL-R2:2_PER_CLASS-ER04,BNCI2014_001,A4-C4-MODEL-HARD-VOTE,FIXED_MODEL_ENSEMBLE,P01-L1-LOW-CAL-OFFICIAL-R2:2_PER_CLASS,4,SUCCESS,3.0,3.0,4,4,HARD_VOTE,0.015365658999144216,0.017357265999453374,0.0012807690000045113,
P02-A4-BNCI2014_001-ENSEMBLE-A4-C5-MODEL-PROB-AVG-P01-L1-LOW-CAL-OFFICIAL-R2:2_PER_CLASS-ER04,BNCI2014_001,A4-C5-MODEL-PROB-AVG,FIXED_MODEL_ENSEMBLE,P01-L1-LOW-CAL-OFFICIAL-R2:2_PER_CLASS,4,SUCCESS,3.0,3.0,4,4,PROBABILITY_AVERAGE,0.015365658999144216,0.017357265999453374,0.00018783300038194284,
P02-A4-BNCI2014_001-CLASSICAL-A4-C0-CORE-P01-L1-LOW-CAL-OFFICIAL-R2:4_PER_CLASS-MR00,BNCI2014_001,A4-C0-CORE,CLASSICAL,P01-L1-LOW-CAL-OFFICIAL-R2:4_PER_CLASS,0,SUCCESS,3.0,3.0,1,1,DIRECT_CORE,0.0008944700020947494,0.0009579848010616843,0.0,
P02-A4-BNCI2014_001-CLASSICAL-A4-C1-LONG-3P5S-P01-L1-LOW-CAL-OFFICIAL-R2:4_PER_CLASS-MR00,BNCI2014_001,A4-C1-LONG-3P5S,CLASSICAL,P01-L1-LOW-CAL-OFFICIAL-R2:4_PER_CLASS,0,SUCCESS,3.5,3.5,1,1,DIRECT_LONG,0.0015428209990204778,0.0027781798005889866,0.0,
P02-A4-BNCI2014_001-CLASSICAL-A4-C2-MULTI-HARD-VOTE-P01-L1-LOW-CAL-OFFICIAL-R2:4_PER_CLASS-MR00,BNCI2014_001,A4-C2-MULTI-HARD-VOTE,CLASSICAL,P01-L1-LOW-CAL-OFFICIAL-R2:4_PER_CLASS,0,SUCCESS,2.0,3.5,3,3,HARD_VOTE,0.002561428000262822,0.007503400598943699,0.0017062349998013815,
P02-A4-BNCI2014_001-CLASSICAL-A4-C3-MULTI-PROB-AVG-P01-L1-LOW-CAL-OFFICIAL-R2:4_PER_CLASS-MR00,BNCI2014_001,A4-C3-MULTI-PROB-AVG,CLASSICAL,P01-L1-LOW-CAL-OFFICIAL-R2:4_PER_CLASS,0,SUCCESS,2.0,3.5,3,3,PROBABILITY_AVERAGE,0.002561428000262822,0.007503400598943699,0.0011360099997546058,
P02-A4-BNCI2014_001-RIEMANNIAN-A4-C0-CORE-P01-L1-LOW-CAL-OFFICIAL-R2:4_PER_CLASS-MR00,BNCI2014_001,A4-C0-CORE,RIEMANNIAN,P01-L1-LOW-CAL-OFFICIAL-R2:4_PER_CLASS,0,SUCCESS,3.0,3.0,1,1,DIRECT_CORE,0.0028406519995769486,0.002962589199159993,0.0,
P02-A4-BNCI2014_001-RIEMANNIAN-A4-C1-LONG-3P5S-P01-L1-LOW-CAL-OFFICIAL-R2:4_PER_CLASS-MR00,BNCI2014_001,A4-C1-LONG-3P5S,RIEMANNIAN,P01-L1-LOW-CAL-OFFICIAL-R2:4_PER_CLASS,0,SUCCESS,3.5,3.5,1,1,DIRECT_LONG,0.007134041999961482,0.011243354400721727,0.0,
P02-A4-BNCI2014_001-RIEMANNIAN-A4-C2-MULTI-HARD-VOTE-P01-L1-LOW-CAL-OFFICIAL-R2:4_PER_CLASS-MR00,BNCI2014_001,A4-C2-MULTI-HARD-VOTE,RIEMANNIAN,P01-L1-LOW-CAL-OFFICIAL-R2:4_PER_CLASS,0,SUCCESS,2.0,3.5,3,3,HARD_VOTE,0.0110385829993902,0.01175745220061799,0.0011079790001531364,
P02-A4-BNCI2014_001-RIEMANNIAN-A4-C3-MULTI-PROB-AVG-P01-L1-LOW-CAL-OFFICIAL-R2:4_PER_CLASS-MR00,BNCI2014_001,A4-C3-MULTI-PROB-AVG,RIEMANNIAN,P01-L1-LOW-CAL-OFFICIAL-R2:4_PER_CLASS,0,SUCCESS,2.0,3.5,3,3,PROBABILITY_AVERAGE,0.0110385829993902,0.01175745220061799,0.0009077450013137423,
P02-A4-BNCI2014_001-NEURAL-A4-C0-CORE-P01-L1-LOW-CAL-OFFICIAL-R2:4_PER_CLASS-MR00,BNCI2014_001,A4-C0-CORE,NEURAL,P01-L1-LOW-CAL-OFFICIAL-R2:4_PER_CLASS,0,SUCCESS,3.0,3.0,1,1,DIRECT_CORE,0.0013717679994442733,0.00157362400132115,0.0,
P02-A4-BNCI2014_001-NEURAL-A4-C1-LONG-3P5S-P01-L1-LOW-CAL-OFFICIAL-R2:4_PER_CLASS-MR00,BNCI2014_001,A4-C1-LONG-3P5S,NEURAL,P01-L1-LOW-CAL-OFFICIAL-R2:4_PER_CLASS,0,CONDITIONAL_SKIP,,,,,,,,,STAGE18_RESOURCE_CONSTRAINED_DEEP_ANCHOR_BUDGET_ONLY
P02-A4-BNCI2014_001-NEURAL-A4-C2-MULTI-HARD-VOTE-P01-L1-LOW-CAL-OFFICIAL-R2:4_PER_CLASS-MR00,BNCI2014_001,A4-C2-MULTI-HARD-VOTE,NEURAL,P01-L1-LOW-CAL-OFFICIAL-R2:4_PER_CLASS,0,CONDITIONAL_SKIP,,,,,,,,,STAGE18_RESOURCE_CONSTRAINED_DEEP_ANCHOR_BUDGET_ONLY
P02-A4-BNCI2014_001-NEURAL-A4-C3-MULTI-PROB-AVG-P01-L1-LOW-CAL-OFFICIAL-R2:4_PER_CLASS-MR00,BNCI2014_001,A4-C3-MULTI-PROB-AVG,NEURAL,P01-L1-LOW-CAL-OFFICIAL-R2:4_PER_CLASS,0,CONDITIONAL_SKIP,,,,,,,,,STAGE18_RESOURCE_CONSTRAINED_DEEP_ANCHOR_BUDGET_ONLY
P02-A4-BNCI2014_001-NEURAL-A4-C0-CORE-P01-L1-LOW-CAL-OFFICIAL-R2:4_PER_CLASS-MR01,BNCI2014_001,A4-C0-CORE,NEURAL,P01-L1-LOW-CAL-OFFICIAL-R2:4_PER_CLASS,1,SUCCESS,3.0,3.0,1,1,DIRECT_CORE,0.001167154001450399,0.0013248100003693253,0.0,
P02-A4-BNCI2014_001-NEURAL-A4-C1-LONG-3P5S-P01-L1-LOW-CAL-OFFICIAL-R2:4_PER_CLASS-MR01,BNCI2014_001,A4-C1-LONG-3P5S,NEURAL,P01-L1-LOW-CAL-OFFICIAL-R2:4_PER_CLASS,1,CONDITIONAL_SKIP,,,,,,,,,STAGE18_RESOURCE_CONSTRAINED_SINGLE_REPEAT_ALL_REFIT_ROLES
P02-A4-BNCI2014_001-NEURAL-A4-C2-MULTI-HARD-VOTE-P01-L1-LOW-CAL-OFFICIAL-R2:4_PER_CLASS-MR01,BNCI2014_001,A4-C2-MULTI-HARD-VOTE,NEURAL,P01-L1-LOW-CAL-OFFICIAL-R2:4_PER_CLASS,1,CONDITIONAL_SKIP,,,,,,,,,STAGE18_RESOURCE_CONSTRAINED_SINGLE_REPEAT_ALL_REFIT_ROLES
P02-A4-BNCI2014_001-NEURAL-A4-C3-MULTI-PROB-AVG-P01-L1-LOW-CAL-OFFICIAL-R2:4_PER_CLASS-MR01,BNCI2014_001,A4-C3-MULTI-PROB-AVG,NEURAL,P01-L1-LOW-CAL-OFFICIAL-R2:4_PER_CLASS,1,CONDITIONAL_SKIP,,,,,,,,,STAGE18_RESOURCE_CONSTRAINED_SINGLE_REPEAT_ALL_REFIT_ROLES
P02-A4-BNCI2014_001-NEURAL-A4-C0-CORE-P01-L1-LOW-CAL-OFFICIAL-R2:4_PER_CLASS-MR02,BNCI2014_001,A4-C0-CORE,NEURAL,P01-L1-LOW-CAL-OFFICIAL-R2:4_PER_CLASS,2,SUCCESS,3.0,3.0,1,1,DIRECT_CORE,0.0012242200009495718,0.001503138198677334,0.0,
P02-A4-BNCI2014_001-NEURAL-A4-C1-LONG-3P5S-P01-L1-LOW-CAL-OFFICIAL-R2:4_PER_CLASS-MR02,BNCI2014_001,A4-C1-LONG-3P5S,NEURAL,P01-L1-LOW-CAL-OFFICIAL-R2:4_PER_CLASS,2,CONDITIONAL_SKIP,,,,,,,,,STAGE18_RESOURCE_CONSTRAINED_SINGLE_REPEAT_ALL_REFIT_ROLES
P02-A4-BNCI2014_001-NEURAL-A4-C2-MULTI-HARD-VOTE-P01-L1-LOW-CAL-OFFICIAL-R2:4_PER_CLASS-MR02,BNCI2014_001,A4-C2-MULTI-HARD-VOTE,NEURAL,P01-L1-LOW-CAL-OFFICIAL-R2:4_PER_CLASS,2,CONDITIONAL_SKIP,,,,,,,,,STAGE18_RESOURCE_CONSTRAINED_SINGLE_REPEAT_ALL_REFIT_ROLES
P02-A4-BNCI2014_001-NEURAL-A4-C3-MULTI-PROB-AVG-P01-L1-LOW-CAL-OFFICIAL-R2:4_PER_CLASS-MR02,BNCI2014_001,A4-C3-MULTI-PROB-AVG,NEURAL,P01-L1-LOW-CAL-OFFICIAL-R2:4_PER_CLASS,2,CONDITIONAL_SKIP,,,,,,,,,STAGE18_RESOURCE_CONSTRAINED_SINGLE_REPEAT_ALL_REFIT_ROLES
P02-A4-BNCI2014_001-NEURAL-A4-C0-CORE-P01-L1-LOW-CAL-OFFICIAL-R2:4_PER_CLASS-MR03,BNCI2014_001,A4-C0-CORE,NEURAL,P01-L1-LOW-CAL-OFFICIAL-R2:4_PER_CLASS,3,SUCCESS,3.0,3.0,1,1,DIRECT_CORE,0.0012088960011169547,0.0014270315994508564,0.0,
P02-A4-BNCI2014_001-NEURAL-A4-C1-LONG-3P5S-P01-L1-LOW-CAL-OFFICIAL-R2:4_PER_CLASS-MR03,BNCI2014_001,A4-C1-LONG-3P5S,NEURAL,P01-L1-LOW-CAL-OFFICIAL-R2:4_PER_CLASS,3,CONDITIONAL_SKIP,,,,,,,,,STAGE18_RESOURCE_CONSTRAINED_SINGLE_REPEAT_ALL_REFIT_ROLES
P02-A4-BNCI2014_001-NEURAL-A4-C2-MULTI-HARD-VOTE-P01-L1-LOW-CAL-OFFICIAL-R2:4_PER_CLASS-MR03,BNCI2014_001,A4-C2-MULTI-HARD-VOTE,NEURAL,P01-L1-LOW-CAL-OFFICIAL-R2:4_PER_CLASS,3,CONDITIONAL_SKIP,,,,,,,,,STAGE18_RESOURCE_CONSTRAINED_SINGLE_REPEAT_ALL_REFIT_ROLES
P02-A4-BNCI2014_001-NEURAL-A4-C3-MULTI-PROB-AVG-P01-L1-LOW-CAL-OFFICIAL-R2:4_PER_CLASS-MR03,BNCI2014_001,A4-C3-MULTI-PROB-AVG,NEURAL,P01-L1-LOW-CAL-OFFICIAL-R2:4_PER_CLASS,3,CONDITIONAL_SKIP,,,,,,,,,STAGE18_RESOURCE_CONSTRAINED_SINGLE_REPEAT_ALL_REFIT_ROLES
P02-A4-BNCI2014_001-NEURAL-A4-C0-CORE-P01-L1-LOW-CAL-OFFICIAL-R2:4_PER_CLASS-MR04,BNCI2014_001,A4-C0-CORE,NEURAL,P01-L1-LOW-CAL-OFFICIAL-R2:4_PER_CLASS,4,SUCCESS,3.0,3.0,1,1,DIRECT_CORE,0.0011669270006677834,0.0013215626000601332,0.0,
P02-A4-BNCI2014_001-NEURAL-A4-C1-LONG-3P5S-P01-L1-LOW-CAL-OFFICIAL-R2:4_PER_CLASS-MR04,BNCI2014_001,A4-C1-LONG-3P5S,NEURAL,P01-L1-LOW-CAL-OFFICIAL-R2:4_PER_CLASS,4,CONDITIONAL_SKIP,,,,,,,,,STAGE18_RESOURCE_CONSTRAINED_SINGLE_REPEAT_ALL_REFIT_ROLES
P02-A4-BNCI2014_001-NEURAL-A4-C2-MULTI-HARD-VOTE-P01-L1-LOW-CAL-OFFICIAL-R2:4_PER_CLASS-MR04,BNCI2014_001,A4-C2-MULTI-HARD-VOTE,NEURAL,P01-L1-LOW-CAL-OFFICIAL-R2:4_PER_CLASS,4,CONDITIONAL_SKIP,,,,,,,,,STAGE18_RESOURCE_CONSTRAINED_SINGLE_REPEAT_ALL_REFIT_ROLES
P02-A4-BNCI2014_001-NEURAL-A4-C3-MULTI-PROB-AVG-P01-L1-LOW-CAL-OFFICIAL-R2:4_PER_CLASS-MR04,BNCI2014_001,A4-C3-MULTI-PROB-AVG,NEURAL,P01-L1-LOW-CAL-OFFICIAL-R2:4_PER_CLASS,4,CONDITIONAL_SKIP,,,,,,,,,STAGE18_RESOURCE_CONSTRAINED_SINGLE_REPEAT_ALL_REFIT_ROLES
P02-A4-BNCI2014_001-SSL-A4-C0-CORE-P01-L1-LOW-CAL-OFFICIAL-R2:4_PER_CLASS-MR00,BNCI2014_001,A4-C0-CORE,SSL,P01-L1-LOW-CAL-OFFICIAL-R2:4_PER_CLASS,0,SUCCESS,3.0,3.0,1,1,DIRECT_CORE,0.009142426002654247,0.009805511999729788,0.0,
P02-A4-BNCI2014_001-SSL-A4-C1-LONG-3P5S-P01-L1-LOW-CAL-OFFICIAL-R2:4_PER_CLASS-MR00,BNCI2014_001,A4-C1-LONG-3P5S,SSL,P01-L1-LOW-CAL-OFFICIAL-R2:4_PER_CLASS,0,CONDITIONAL_SKIP,,,,,,,,,STAGE18_RESOURCE_CONSTRAINED_DEEP_ANCHOR_BUDGET_ONLY
P02-A4-BNCI2014_001-SSL-A4-C2-MULTI-HARD-VOTE-P01-L1-LOW-CAL-OFFICIAL-R2:4_PER_CLASS-MR00,BNCI2014_001,A4-C2-MULTI-HARD-VOTE,SSL,P01-L1-LOW-CAL-OFFICIAL-R2:4_PER_CLASS,0,CONDITIONAL_SKIP,,,,,,,,,STAGE18_RESOURCE_CONSTRAINED_DEEP_ANCHOR_BUDGET_ONLY
P02-A4-BNCI2014_001-SSL-A4-C3-MULTI-PROB-AVG-P01-L1-LOW-CAL-OFFICIAL-R2:4_PER_CLASS-MR00,BNCI2014_001,A4-C3-MULTI-PROB-AVG,SSL,P01-L1-LOW-CAL-OFFICIAL-R2:4_PER_CLASS,0,CONDITIONAL_SKIP,,,,,,,,,STAGE18_RESOURCE_CONSTRAINED_DEEP_ANCHOR_BUDGET_ONLY
P02-A4-BNCI2014_001-SSL-A4-C0-CORE-P01-L1-LOW-CAL-OFFICIAL-R2:4_PER_CLASS-MR01,BNCI2014_001,A4-C0-CORE,SSL,P01-L1-LOW-CAL-OFFICIAL-R2:4_PER_CLASS,1,SUCCESS,3.0,3.0,1,1,DIRECT_CORE,0.010229186998913065,0.01047836359939538,0.0,
P02-A4-BNCI2014_001-SSL-A4-C1-LONG-3P5S-P01-L1-LOW-CAL-OFFICIAL-R2:4_PER_CLASS-MR01,BNCI2014_001,A4-C1-LONG-3P5S,SSL,P01-L1-LOW-CAL-OFFICIAL-R2:4_PER_CLASS,1,CONDITIONAL_SKIP,,,,,,,,,STAGE18_RESOURCE_CONSTRAINED_SINGLE_REPEAT_ALL_REFIT_ROLES
P02-A4-BNCI2014_001-SSL-A4-C2-MULTI-HARD-VOTE-P01-L1-LOW-CAL-OFFICIAL-R2:4_PER_CLASS-MR01,BNCI2014_001,A4-C2-MULTI-HARD-VOTE,SSL,P01-L1-LOW-CAL-OFFICIAL-R2:4_PER_CLASS,1,CONDITIONAL_SKIP,,,,,,,,,STAGE18_RESOURCE_CONSTRAINED_SINGLE_REPEAT_ALL_REFIT_ROLES
P02-A4-BNCI2014_001-SSL-A4-C3-MULTI-PROB-AVG-P01-L1-LOW-CAL-OFFICIAL-R2:4_PER_CLASS-MR01,BNCI2014_001,A4-C3-MULTI-PROB-AVG,SSL,P01-L1-LOW-CAL-OFFICIAL-R2:4_PER_CLASS,1,CONDITIONAL_SKIP,,,,,,,,,STAGE18_RESOURCE_CONSTRAINED_SINGLE_REPEAT_ALL_REFIT_ROLES
P02-A4-BNCI2014_001-SSL-A4-C0-CORE-P01-L1-LOW-CAL-OFFICIAL-R2:4_PER_CLASS-MR02,BNCI2014_001,A4-C0-CORE,SSL,P01-L1-LOW-CAL-OFFICIAL-R2:4_PER_CLASS,2,SUCCESS,3.0,3.0,1,1,DIRECT_CORE,0.01005218899808824,0.010340564799844288,0.0,
P02-A4-BNCI2014_001-SSL-A4-C1-LONG-3P5S-P01-L1-LOW-CAL-OFFICIAL-R2:4_PER_CLASS-MR02,BNCI2014_001,A4-C1-LONG-3P5S,SSL,P01-L1-LOW-CAL-OFFICIAL-R2:4_PER_CLASS,2,CONDITIONAL_SKIP,,,,,,,,,STAGE18_RESOURCE_CONSTRAINED_SINGLE_REPEAT_ALL_REFIT_ROLES
P02-A4-BNCI2014_001-SSL-A4-C2-MULTI-HARD-VOTE-P01-L1-LOW-CAL-OFFICIAL-R2:4_PER_CLASS-MR02,BNCI2014_001,A4-C2-MULTI-HARD-VOTE,SSL,P01-L1-LOW-CAL-OFFICIAL-R2:4_PER_CLASS,2,CONDITIONAL_SKIP,,,,,,,,,STAGE18_RESOURCE_CONSTRAINED_SINGLE_REPEAT_ALL_REFIT_ROLES
P02-A4-BNCI2014_001-SSL-A4-C3-MULTI-PROB-AVG-P01-L1-LOW-CAL-OFFICIAL-R2:4_PER_CLASS-MR02,BNCI2014_001,A4-C3-MULTI-PROB-AVG,SSL,P01-L1-LOW-CAL-OFFICIAL-R2:4_PER_CLASS,2,CONDITIONAL_SKIP,,,,,,,,,STAGE18_RESOURCE_CONSTRAINED_SINGLE_REPEAT_ALL_REFIT_ROLES
P02-A4-BNCI2014_001-SSL-A4-C0-CORE-P01-L1-LOW-CAL-OFFICIAL-R2:4_PER_CLASS-MR03,BNCI2014_001,A4-C0-CORE,SSL,P01-L1-LOW-CAL-OFFICIAL-R2:4_PER_CLASS,3,SUCCESS,3.0,3.0,1,1,DIRECT_CORE,0.010170989000471309,0.010600742598762735,0.0,
P02-A4-BNCI2014_001-SSL-A4-C1-LONG-3P5S-P01-L1-LOW-CAL-OFFICIAL-R2:4_PER_CLASS-MR03,BNCI2014_001,A4-C1-LONG-3P5S,SSL,P01-L1-LOW-CAL-OFFICIAL-R2:4_PER_CLASS,3,CONDITIONAL_SKIP,,,,,,,,,STAGE18_RESOURCE_CONSTRAINED_SINGLE_REPEAT_ALL_REFIT_ROLES
P02-A4-BNCI2014_001-SSL-A4-C2-MULTI-HARD-VOTE-P01-L1-LOW-CAL-OFFICIAL-R2:4_PER_CLASS-MR03,BNCI2014_001,A4-C2-MULTI-HARD-VOTE,SSL,P01-L1-LOW-CAL-OFFICIAL-R2:4_PER_CLASS,3,CONDITIONAL_SKIP,,,,,,,,,STAGE18_RESOURCE_CONSTRAINED_SINGLE_REPEAT_ALL_REFIT_ROLES
P02-A4-BNCI2014_001-SSL-A4-C3-MULTI-PROB-AVG-P01-L1-LOW-CAL-OFFICIAL-R2:4_PER_CLASS-MR03,BNCI2014_001,A4-C3-MULTI-PROB-AVG,SSL,P01-L1-LOW-CAL-OFFICIAL-R2:4_PER_CLASS,3,CONDITIONAL_SKIP,,,,,,,,,STAGE18_RESOURCE_CONSTRAINED_SINGLE_REPEAT_ALL_REFIT_ROLES
P02-A4-BNCI2014_001-SSL-A4-C0-CORE-P01-L1-LOW-CAL-OFFICIAL-R2:4_PER_CLASS-MR04,BNCI2014_001,A4-C0-CORE,SSL,P01-L1-LOW-CAL-OFFICIAL-R2:4_PER_CLASS,4,SUCCESS,3.0,3.0,1,1,DIRECT_CORE,0.0096698040033516,0.010147451800003182,0.0,
P02-A4-BNCI2014_001-SSL-A4-C1-LONG-3P5S-P01-L1-LOW-CAL-OFFICIAL-R2:4_PER_CLASS-MR04,BNCI2014_001,A4-C1-LONG-3P5S,SSL,P01-L1-LOW-CAL-OFFICIAL-R2:4_PER_CLASS,4,CONDITIONAL_SKIP,,,,,,,,,STAGE18_RESOURCE_CONSTRAINED_SINGLE_REPEAT_ALL_REFIT_ROLES
P02-A4-BNCI2014_001-SSL-A4-C2-MULTI-HARD-VOTE-P01-L1-LOW-CAL-OFFICIAL-R2:4_PER_CLASS-MR04,BNCI2014_001,A4-C2-MULTI-HARD-VOTE,SSL,P01-L1-LOW-CAL-OFFICIAL-R2:4_PER_CLASS,4,CONDITIONAL_SKIP,,,,,,,,,STAGE18_RESOURCE_CONSTRAINED_SINGLE_REPEAT_ALL_REFIT_ROLES
P02-A4-BNCI2014_001-SSL-A4-C3-MULTI-PROB-AVG-P01-L1-LOW-CAL-OFFICIAL-R2:4_PER_CLASS-MR04,BNCI2014_001,A4-C3-MULTI-PROB-AVG,SSL,P01-L1-LOW-CAL-OFFICIAL-R2:4_PER_CLASS,4,CONDITIONAL_SKIP,,,,,,,,,STAGE18_RESOURCE_CONSTRAINED_SINGLE_REPEAT_ALL_REFIT_ROLES
P02-A4-BNCI2014_001-ENSEMBLE-A4-C4-MODEL-HARD-VOTE-P01-L1-LOW-CAL-OFFICIAL-R2:4_PER_CLASS-ER00,BNCI2014_001,A4-C4-MODEL-HARD-VOTE,FIXED_MODEL_ENSEMBLE,P01-L1-LOW-CAL-OFFICIAL-R2:4_PER_CLASS,0,SUCCESS,3.0,3.0,4,4,HARD_VOTE,0.014249316003770218,0.015299710001272615,0.001621317998797167,
P02-A4-BNCI2014_001-ENSEMBLE-A4-C5-MODEL-PROB-AVG-P01-L1-LOW-CAL-OFFICIAL-R2:4_PER_CLASS-ER00,BNCI2014_001,A4-C5-MODEL-PROB-AVG,FIXED_MODEL_ENSEMBLE,P01-L1-LOW-CAL-OFFICIAL-R2:4_PER_CLASS,0,SUCCESS,3.0,3.0,4,4,PROBABILITY_AVERAGE,0.014249316003770218,0.015299710001272615,0.00033842100128822494,
P02-A4-BNCI2014_001-ENSEMBLE-A4-C4-MODEL-HARD-VOTE-P01-L1-LOW-CAL-OFFICIAL-R2:4_PER_CLASS-ER01,BNCI2014_001,A4-C4-MODEL-HARD-VOTE,FIXED_MODEL_ENSEMBLE,P01-L1-LOW-CAL-OFFICIAL-R2:4_PER_CLASS,1,SUCCESS,3.0,3.0,4,4,HARD_VOTE,0.015131463002035161,0.015723747599986383,0.0029675059995497577,
P02-A4-BNCI2014_001-ENSEMBLE-A4-C5-MODEL-PROB-AVG-P01-L1-LOW-CAL-OFFICIAL-R2:4_PER_CLASS-ER01,BNCI2014_001,A4-C5-MODEL-PROB-AVG,FIXED_MODEL_ENSEMBLE,P01-L1-LOW-CAL-OFFICIAL-R2:4_PER_CLASS,1,SUCCESS,3.0,3.0,4,4,PROBABILITY_AVERAGE,0.015131463002035161,0.015723747599986383,0.00017266800023207907,
P02-A4-BNCI2014_001-ENSEMBLE-A4-C4-MODEL-HARD-VOTE-P01-L1-LOW-CAL-OFFICIAL-R2:4_PER_CLASS-ER02,BNCI2014_001,A4-C4-MODEL-HARD-VOTE,FIXED_MODEL_ENSEMBLE,P01-L1-LOW-CAL-OFFICIAL-R2:4_PER_CLASS,2,SUCCESS,3.0,3.0,4,4,HARD_VOTE,0.01501153100070951,0.015764276998743297,0.0011856569999508793,
P02-A4-BNCI2014_001-ENSEMBLE-A4-C5-MODEL-PROB-AVG-P01-L1-LOW-CAL-OFFICIAL-R2:4_PER_CLASS-ER02,BNCI2014_001,A4-C5-MODEL-PROB-AVG,FIXED_MODEL_ENSEMBLE,P01-L1-LOW-CAL-OFFICIAL-R2:4_PER_CLASS,2,SUCCESS,3.0,3.0,4,4,PROBABILITY_AVERAGE,0.01501153100070951,0.015764276998743297,0.00016853600027388893,
P02-A4-BNCI2014_001-ENSEMBLE-A4-C4-MODEL-HARD-VOTE-P01-L1-LOW-CAL-OFFICIAL-R2:4_PER_CLASS-ER03,BNCI2014_001,A4-C4-MODEL-HARD-VOTE,FIXED_MODEL_ENSEMBLE,P01-L1-LOW-CAL-OFFICIAL-R2:4_PER_CLASS,3,SUCCESS,3.0,3.0,4,4,HARD_VOTE,0.015115007003259961,0.01594834819843527,0.0013330870006029727,
P02-A4-BNCI2014_001-ENSEMBLE-A4-C5-MODEL-PROB-AVG-P01-L1-LOW-CAL-OFFICIAL-R2:4_PER_CLASS-ER03,BNCI2014_001,A4-C5-MODEL-PROB-AVG,FIXED_MODEL_ENSEMBLE,P01-L1-LOW-CAL-OFFICIAL-R2:4_PER_CLASS,3,SUCCESS,3.0,3.0,4,4,PROBABILITY_AVERAGE,0.015115007003259961,0.01594834819843527,0.00022270100089372136,
P02-A4-BNCI2014_001-ENSEMBLE-A4-C4-MODEL-HARD-VOTE-P01-L1-LOW-CAL-OFFICIAL-R2:4_PER_CLASS-ER04,BNCI2014_001,A4-C4-MODEL-HARD-VOTE,FIXED_MODEL_ENSEMBLE,P01-L1-LOW-CAL-OFFICIAL-R2:4_PER_CLASS,4,SUCCESS,3.0,3.0,4,4,HARD_VOTE,0.014571853005691082,0.015389588400284992,0.001398529999278253,
P02-A4-BNCI2014_001-ENSEMBLE-A4-C5-MODEL-PROB-AVG-P01-L1-LOW-CAL-OFFICIAL-R2:4_PER_CLASS-ER04,BNCI2014_001,A4-C5-MODEL-PROB-AVG,FIXED_MODEL_ENSEMBLE,P01-L1-LOW-CAL-OFFICIAL-R2:4_PER_CLASS,4,SUCCESS,3.0,3.0,4,4,PROBABILITY_AVERAGE,0.014571853005691082,0.015389588400284992,0.00017608599955565296,
P02-A4-BNCI2014_001-CLASSICAL-A4-C0-CORE-P01-L1-LOW-CAL-OFFICIAL-R2:8_PER_CLASS-MR00,BNCI2014_001,A4-C0-CORE,CLASSICAL,P01-L1-LOW-CAL-OFFICIAL-R2:8_PER_CLASS,0,SUCCESS,3.0,3.0,1,1,DIRECT_CORE,0.001012843000353314,0.0010270682025293354,0.0,
P02-A4-BNCI2014_001-CLASSICAL-A4-C1-LONG-3P5S-P01-L1-LOW-CAL-OFFICIAL-R2:8_PER_CLASS-MR00,BNCI2014_001,A4-C1-LONG-3P5S,CLASSICAL,P01-L1-LOW-CAL-OFFICIAL-R2:8_PER_CLASS,0,SUCCESS,3.5,3.5,1,1,DIRECT_LONG,0.0009568130008119624,0.0032983219985908358,0.0,
P02-A4-BNCI2014_001-CLASSICAL-A4-C2-MULTI-HARD-VOTE-P01-L1-LOW-CAL-OFFICIAL-R2:8_PER_CLASS-MR00,BNCI2014_001,A4-C2-MULTI-HARD-VOTE,CLASSICAL,P01-L1-LOW-CAL-OFFICIAL-R2:8_PER_CLASS,0,SUCCESS,2.0,3.5,3,3,HARD_VOTE,0.0025312529996881494,0.012980976601102154,0.001209346000905498,
P02-A4-BNCI2014_001-CLASSICAL-A4-C3-MULTI-PROB-AVG-P01-L1-LOW-CAL-OFFICIAL-R2:8_PER_CLASS-MR00,BNCI2014_001,A4-C3-MULTI-PROB-AVG,CLASSICAL,P01-L1-LOW-CAL-OFFICIAL-R2:8_PER_CLASS,0,SUCCESS,2.0,3.5,3,3,PROBABILITY_AVERAGE,0.0025312529996881494,0.012980976601102154,0.0011226059996261029,
P02-A4-BNCI2014_001-RIEMANNIAN-A4-C0-CORE-P01-L1-LOW-CAL-OFFICIAL-R2:8_PER_CLASS-MR00,BNCI2014_001,A4-C0-CORE,RIEMANNIAN,P01-L1-LOW-CAL-OFFICIAL-R2:8_PER_CLASS,0,SUCCESS,3.0,3.0,1,1,DIRECT_CORE,0.0030754880026506726,0.0033299883994914125,0.0,
P02-A4-BNCI2014_001-RIEMANNIAN-A4-C1-LONG-3P5S-P01-L1-LOW-CAL-OFFICIAL-R2:8_PER_CLASS-MR00,BNCI2014_001,A4-C1-LONG-3P5S,RIEMANNIAN,P01-L1-LOW-CAL-OFFICIAL-R2:8_PER_CLASS,0,SUCCESS,3.5,3.5,1,1,DIRECT_LONG,0.003681571999550215,0.003761599399513216,0.0,
P02-A4-BNCI2014_001-RIEMANNIAN-A4-C2-MULTI-HARD-VOTE-P01-L1-LOW-CAL-OFFICIAL-R2:8_PER_CLASS-MR00,BNCI2014_001,A4-C2-MULTI-HARD-VOTE,RIEMANNIAN,P01-L1-LOW-CAL-OFFICIAL-R2:8_PER_CLASS,0,SUCCESS,2.0,3.5,3,3,HARD_VOTE,0.011255458000960061,0.011810048000552343,0.0011403129992686445,
P02-A4-BNCI2014_001-RIEMANNIAN-A4-C3-MULTI-PROB-AVG-P01-L1-LOW-CAL-OFFICIAL-R2:8_PER_CLASS-MR00,BNCI2014_001,A4-C3-MULTI-PROB-AVG,RIEMANNIAN,P01-L1-LOW-CAL-OFFICIAL-R2:8_PER_CLASS,0,SUCCESS,2.0,3.5,3,3,PROBABILITY_AVERAGE,0.011255458000960061,0.011810048000552343,0.0010332609999750275,
P02-A4-BNCI2014_001-NEURAL-A4-C0-CORE-P01-L1-LOW-CAL-OFFICIAL-R2:8_PER_CLASS-MR00,BNCI2014_001,A4-C0-CORE,NEURAL,P01-L1-LOW-CAL-OFFICIAL-R2:8_PER_CLASS,0,SUCCESS,3.0,3.0,1,1,DIRECT_CORE,0.0011968090002483223,0.0013515563994587864,0.0,
P02-A4-BNCI2014_001-NEURAL-A4-C1-LONG-3P5S-P01-L1-LOW-CAL-OFFICIAL-R2:8_PER_CLASS-MR00,BNCI2014_001,A4-C1-LONG-3P5S,NEURAL,P01-L1-LOW-CAL-OFFICIAL-R2:8_PER_CLASS,0,SUCCESS,3.5,3.5,1,1,DIRECT_LONG,0.0039465159989049425,0.0039465159989049425,0.0,
P02-A4-BNCI2014_001-NEURAL-A4-C2-MULTI-HARD-VOTE-P01-L1-LOW-CAL-OFFICIAL-R2:8_PER_CLASS-MR00,BNCI2014_001,A4-C2-MULTI-HARD-VOTE,NEURAL,P01-L1-LOW-CAL-OFFICIAL-R2:8_PER_CLASS,0,SUCCESS,2.0,3.5,3,3,HARD_VOTE,0.02733366900247347,0.02733366900247347,0.011065357999541447,
P02-A4-BNCI2014_001-NEURAL-A4-C3-MULTI-PROB-AVG-P01-L1-LOW-CAL-OFFICIAL-R2:8_PER_CLASS-MR00,BNCI2014_001,A4-C3-MULTI-PROB-AVG,NEURAL,P01-L1-LOW-CAL-OFFICIAL-R2:8_PER_CLASS,0,SUCCESS,2.0,3.5,3,3,PROBABILITY_AVERAGE,0.02733366900247347,0.02733366900247347,0.0011599999997997656,
P02-A4-BNCI2014_001-NEURAL-A4-C0-CORE-P01-L1-LOW-CAL-OFFICIAL-R2:8_PER_CLASS-MR01,BNCI2014_001,A4-C0-CORE,NEURAL,P01-L1-LOW-CAL-OFFICIAL-R2:8_PER_CLASS,1,SUCCESS,3.0,3.0,1,1,DIRECT_CORE,0.0011996180001005996,0.0015018108006188413,0.0,
P02-A4-BNCI2014_001-NEURAL-A4-C1-LONG-3P5S-P01-L1-LOW-CAL-OFFICIAL-R2:8_PER_CLASS-MR01,BNCI2014_001,A4-C1-LONG-3P5S,NEURAL,P01-L1-LOW-CAL-OFFICIAL-R2:8_PER_CLASS,1,CONDITIONAL_SKIP,,,,,,,,,STAGE18_RESOURCE_CONSTRAINED_SINGLE_REPEAT_ALL_REFIT_ROLES
P02-A4-BNCI2014_001-NEURAL-A4-C2-MULTI-HARD-VOTE-P01-L1-LOW-CAL-OFFICIAL-R2:8_PER_CLASS-MR01,BNCI2014_001,A4-C2-MULTI-HARD-VOTE,NEURAL,P01-L1-LOW-CAL-OFFICIAL-R2:8_PER_CLASS,1,CONDITIONAL_SKIP,,,,,,,,,STAGE18_RESOURCE_CONSTRAINED_SINGLE_REPEAT_ALL_REFIT_ROLES
P02-A4-BNCI2014_001-NEURAL-A4-C3-MULTI-PROB-AVG-P01-L1-LOW-CAL-OFFICIAL-R2:8_PER_CLASS-MR01,BNCI2014_001,A4-C3-MULTI-PROB-AVG,NEURAL,P01-L1-LOW-CAL-OFFICIAL-R2:8_PER_CLASS,1,CONDITIONAL_SKIP,,,,,,,,,STAGE18_RESOURCE_CONSTRAINED_SINGLE_REPEAT_ALL_REFIT_ROLES
P02-A4-BNCI2014_001-NEURAL-A4-C0-CORE-P01-L1-LOW-CAL-OFFICIAL-R2:8_PER_CLASS-MR02,BNCI2014_001,A4-C0-CORE,NEURAL,P01-L1-LOW-CAL-OFFICIAL-R2:8_PER_CLASS,2,SUCCESS,3.0,3.0,1,1,DIRECT_CORE,0.0012264779998076847,0.0014049567998881685,0.0,
P02-A4-BNCI2014_001-NEURAL-A4-C1-LONG-3P5S-P01-L1-LOW-CAL-OFFICIAL-R2:8_PER_CLASS-MR02,BNCI2014_001,A4-C1-LONG-3P5S,NEURAL,P01-L1-LOW-CAL-OFFICIAL-R2:8_PER_CLASS,2,CONDITIONAL_SKIP,,,,,,,,,STAGE18_RESOURCE_CONSTRAINED_SINGLE_REPEAT_ALL_REFIT_ROLES
P02-A4-BNCI2014_001-NEURAL-A4-C2-MULTI-HARD-VOTE-P01-L1-LOW-CAL-OFFICIAL-R2:8_PER_CLASS-MR02,BNCI2014_001,A4-C2-MULTI-HARD-VOTE,NEURAL,P01-L1-LOW-CAL-OFFICIAL-R2:8_PER_CLASS,2,CONDITIONAL_SKIP,,,,,,,,,STAGE18_RESOURCE_CONSTRAINED_SINGLE_REPEAT_ALL_REFIT_ROLES
P02-A4-BNCI2014_001-NEURAL-A4-C3-MULTI-PROB-AVG-P01-L1-LOW-CAL-OFFICIAL-R2:8_PER_CLASS-MR02,BNCI2014_001,A4-C3-MULTI-PROB-AVG,NEURAL,P01-L1-LOW-CAL-OFFICIAL-R2:8_PER_CLASS,2,CONDITIONAL_SKIP,,,,,,,,,STAGE18_RESOURCE_CONSTRAINED_SINGLE_REPEAT_ALL_REFIT_ROLES
P02-A4-BNCI2014_001-NEURAL-A4-C0-CORE-P01-L1-LOW-CAL-OFFICIAL-R2:8_PER_CLASS-MR03,BNCI2014_001,A4-C0-CORE,NEURAL,P01-L1-LOW-CAL-OFFICIAL-R2:8_PER_CLASS,3,SUCCESS,3.0,3.0,1,1,DIRECT_CORE,0.0011887539985764306,0.0014277536000008694,0.0,
P02-A4-BNCI2014_001-NEURAL-A4-C1-LONG-3P5S-P01-L1-LOW-CAL-OFFICIAL-R2:8_PER_CLASS-MR03,BNCI2014_001,A4-C1-LONG-3P5S,NEURAL,P01-L1-LOW-CAL-OFFICIAL-R2:8_PER_CLASS,3,CONDITIONAL_SKIP,,,,,,,,,STAGE18_RESOURCE_CONSTRAINED_SINGLE_REPEAT_ALL_REFIT_ROLES
P02-A4-BNCI2014_001-NEURAL-A4-C2-MULTI-HARD-VOTE-P01-L1-LOW-CAL-OFFICIAL-R2:8_PER_CLASS-MR03,BNCI2014_001,A4-C2-MULTI-HARD-VOTE,NEURAL,P01-L1-LOW-CAL-OFFICIAL-R2:8_PER_CLASS,3,CONDITIONAL_SKIP,,,,,,,,,STAGE18_RESOURCE_CONSTRAINED_SINGLE_REPEAT_ALL_REFIT_ROLES
P02-A4-BNCI2014_001-NEURAL-A4-C3-MULTI-PROB-AVG-P01-L1-LOW-CAL-OFFICIAL-R2:8_PER_CLASS-MR03,BNCI2014_001,A4-C3-MULTI-PROB-AVG,NEURAL,P01-L1-LOW-CAL-OFFICIAL-R2:8_PER_CLASS,3,CONDITIONAL_SKIP,,,,,,,,,STAGE18_RESOURCE_CONSTRAINED_SINGLE_REPEAT_ALL_REFIT_ROLES
P02-A4-BNCI2014_001-NEURAL-A4-C0-CORE-P01-L1-LOW-CAL-OFFICIAL-R2:8_PER_CLASS-MR04,BNCI2014_001,A4-C0-CORE,NEURAL,P01-L1-LOW-CAL-OFFICIAL-R2:8_PER_CLASS,4,SUCCESS,3.0,3.0,1,1,DIRECT_CORE,0.0012108959999750368,0.001427665599840111,0.0,
P02-A4-BNCI2014_001-NEURAL-A4-C1-LONG-3P5S-P01-L1-LOW-CAL-OFFICIAL-R2:8_PER_CLASS-MR04,BNCI2014_001,A4-C1-LONG-3P5S,NEURAL,P01-L1-LOW-CAL-OFFICIAL-R2:8_PER_CLASS,4,CONDITIONAL_SKIP,,,,,,,,,STAGE18_RESOURCE_CONSTRAINED_SINGLE_REPEAT_ALL_REFIT_ROLES
P02-A4-BNCI2014_001-NEURAL-A4-C2-MULTI-HARD-VOTE-P01-L1-LOW-CAL-OFFICIAL-R2:8_PER_CLASS-MR04,BNCI2014_001,A4-C2-MULTI-HARD-VOTE,NEURAL,P01-L1-LOW-CAL-OFFICIAL-R2:8_PER_CLASS,4,CONDITIONAL_SKIP,,,,,,,,,STAGE18_RESOURCE_CONSTRAINED_SINGLE_REPEAT_ALL_REFIT_ROLES
P02-A4-BNCI2014_001-NEURAL-A4-C3-MULTI-PROB-AVG-P01-L1-LOW-CAL-OFFICIAL-R2:8_PER_CLASS-MR04,BNCI2014_001,A4-C3-MULTI-PROB-AVG,NEURAL,P01-L1-LOW-CAL-OFFICIAL-R2:8_PER_CLASS,4,CONDITIONAL_SKIP,,,,,,,,,STAGE18_RESOURCE_CONSTRAINED_SINGLE_REPEAT_ALL_REFIT_ROLES
P02-A4-BNCI2014_001-SSL-A4-C0-CORE-P01-L1-LOW-CAL-OFFICIAL-R2:8_PER_CLASS-MR00,BNCI2014_001,A4-C0-CORE,SSL,P01-L1-LOW-CAL-OFFICIAL-R2:8_PER_CLASS,0,SUCCESS,3.0,3.0,1,1,DIRECT_CORE,0.00985865600159741,0.010231862398359225,0.0,
P02-A4-BNCI2014_001-SSL-A4-C1-LONG-3P5S-P01-L1-LOW-CAL-OFFICIAL-R2:8_PER_CLASS-MR00,BNCI2014_001,A4-C1-LONG-3P5S,SSL,P01-L1-LOW-CAL-OFFICIAL-R2:8_PER_CLASS,0,INPUT_INCOMPATIBLE,,,,,,,,,A4_MEMBER_UNAVAILABLE
P02-A4-BNCI2014_001-SSL-A4-C2-MULTI-HARD-VOTE-P01-L1-LOW-CAL-OFFICIAL-R2:8_PER_CLASS-MR00,BNCI2014_001,A4-C2-MULTI-HARD-VOTE,SSL,P01-L1-LOW-CAL-OFFICIAL-R2:8_PER_CLASS,0,SUCCESS,2.0,3.5,3,3,HARD_VOTE,0.31887785800063284,0.31887785800063284,0.009373277998747653,
P02-A4-BNCI2014_001-SSL-A4-C3-MULTI-PROB-AVG-P01-L1-LOW-CAL-OFFICIAL-R2:8_PER_CLASS-MR00,BNCI2014_001,A4-C3-MULTI-PROB-AVG,SSL,P01-L1-LOW-CAL-OFFICIAL-R2:8_PER_CLASS,0,SUCCESS,2.0,3.5,3,3,PROBABILITY_AVERAGE,0.31887785800063284,0.31887785800063284,0.0019902780004485976,
P02-A4-BNCI2014_001-SSL-A4-C0-CORE-P01-L1-LOW-CAL-OFFICIAL-R2:8_PER_CLASS-MR01,BNCI2014_001,A4-C0-CORE,SSL,P01-L1-LOW-CAL-OFFICIAL-R2:8_PER_CLASS,1,SUCCESS,3.0,3.0,1,1,DIRECT_CORE,0.009994580002967268,0.010156383401044878,0.0,
P02-A4-BNCI2014_001-SSL-A4-C1-LONG-3P5S-P01-L1-LOW-CAL-OFFICIAL-R2:8_PER_CLASS-MR01,BNCI2014_001,A4-C1-LONG-3P5S,SSL,P01-L1-LOW-CAL-OFFICIAL-R2:8_PER_CLASS,1,CONDITIONAL_SKIP,,,,,,,,,STAGE18_RESOURCE_CONSTRAINED_SINGLE_REPEAT_ALL_REFIT_ROLES
P02-A4-BNCI2014_001-SSL-A4-C2-MULTI-HARD-VOTE-P01-L1-LOW-CAL-OFFICIAL-R2:8_PER_CLASS-MR01,BNCI2014_001,A4-C2-MULTI-HARD-VOTE,SSL,P01-L1-LOW-CAL-OFFICIAL-R2:8_PER_CLASS,1,CONDITIONAL_SKIP,,,,,,,,,STAGE18_RESOURCE_CONSTRAINED_SINGLE_REPEAT_ALL_REFIT_ROLES
P02-A4-BNCI2014_001-SSL-A4-C3-MULTI-PROB-AVG-P01-L1-LOW-CAL-OFFICIAL-R2:8_PER_CLASS-MR01,BNCI2014_001,A4-C3-MULTI-PROB-AVG,SSL,P01-L1-LOW-CAL-OFFICIAL-R2:8_PER_CLASS,1,CONDITIONAL_SKIP,,,,,,,,,STAGE18_RESOURCE_CONSTRAINED_SINGLE_REPEAT_ALL_REFIT_ROLES
P02-A4-BNCI2014_001-SSL-A4-C0-CORE-P01-L1-LOW-CAL-OFFICIAL-R2:8_PER_CLASS-MR02,BNCI2014_001,A4-C0-CORE,SSL,P01-L1-LOW-CAL-OFFICIAL-R2:8_PER_CLASS,2,SUCCESS,3.0,3.0,1,1,DIRECT_CORE,0.009540671999275219,0.009840541599260177,0.0,
P02-A4-BNCI2014_001-SSL-A4-C1-LONG-3P5S-P01-L1-LOW-CAL-OFFICIAL-R2:8_PER_CLASS-MR02,BNCI2014_001,A4-C1-LONG-3P5S,SSL,P01-L1-LOW-CAL-OFFICIAL-R2:8_PER_CLASS,2,CONDITIONAL_SKIP,,,,,,,,,STAGE18_RESOURCE_CONSTRAINED_SINGLE_REPEAT_ALL_REFIT_ROLES
P02-A4-BNCI2014_001-SSL-A4-C2-MULTI-HARD-VOTE-P01-L1-LOW-CAL-OFFICIAL-R2:8_PER_CLASS-MR02,BNCI2014_001,A4-C2-MULTI-HARD-VOTE,SSL,P01-L1-LOW-CAL-OFFICIAL-R2:8_PER_CLASS,2,CONDITIONAL_SKIP,,,,,,,,,STAGE18_RESOURCE_CONSTRAINED_SINGLE_REPEAT_ALL_REFIT_ROLES
P02-A4-BNCI2014_001-SSL-A4-C3-MULTI-PROB-AVG-P01-L1-LOW-CAL-OFFICIAL-R2:8_PER_CLASS-MR02,BNCI2014_001,A4-C3-MULTI-PROB-AVG,SSL,P01-L1-LOW-CAL-OFFICIAL-R2:8_PER_CLASS,2,CONDITIONAL_SKIP,,,,,,,,,STAGE18_RESOURCE_CONSTRAINED_SINGLE_REPEAT_ALL_REFIT_ROLES
P02-A4-BNCI2014_001-SSL-A4-C0-CORE-P01-L1-LOW-CAL-OFFICIAL-R2:8_PER_CLASS-MR03,BNCI2014_001,A4-C0-CORE,SSL,P01-L1-LOW-CAL-OFFICIAL-R2:8_PER_CLASS,3,SUCCESS,3.0,3.0,1,1,DIRECT_CORE,0.009826964000239968,0.010911704198952066,0.0,
P02-A4-BNCI2014_001-SSL-A4-C1-LONG-3P5S-P01-L1-LOW-CAL-OFFICIAL-R2:8_PER_CLASS-MR03,BNCI2014_001,A4-C1-LONG-3P5S,SSL,P01-L1-LOW-CAL-OFFICIAL-R2:8_PER_CLASS,3,CONDITIONAL_SKIP,,,,,,,,,STAGE18_RESOURCE_CONSTRAINED_SINGLE_REPEAT_ALL_REFIT_ROLES
P02-A4-BNCI2014_001-SSL-A4-C2-MULTI-HARD-VOTE-P01-L1-LOW-CAL-OFFICIAL-R2:8_PER_CLASS-MR03,BNCI2014_001,A4-C2-MULTI-HARD-VOTE,SSL,P01-L1-LOW-CAL-OFFICIAL-R2:8_PER_CLASS,3,CONDITIONAL_SKIP,,,,,,,,,STAGE18_RESOURCE_CONSTRAINED_SINGLE_REPEAT_ALL_REFIT_ROLES
P02-A4-BNCI2014_001-SSL-A4-C3-MULTI-PROB-AVG-P01-L1-LOW-CAL-OFFICIAL-R2:8_PER_CLASS-MR03,BNCI2014_001,A4-C3-MULTI-PROB-AVG,SSL,P01-L1-LOW-CAL-OFFICIAL-R2:8_PER_CLASS,3,CONDITIONAL_SKIP,,,,,,,,,STAGE18_RESOURCE_CONSTRAINED_SINGLE_REPEAT_ALL_REFIT_ROLES
P02-A4-BNCI2014_001-SSL-A4-C0-CORE-P01-L1-LOW-CAL-OFFICIAL-R2:8_PER_CLASS-MR04,BNCI2014_001,A4-C0-CORE,SSL,P01-L1-LOW-CAL-OFFICIAL-R2:8_PER_CLASS,4,SUCCESS,3.0,3.0,1,1,DIRECT_CORE,0.009912051998981042,0.009956688198872143,0.0,
P02-A4-BNCI2014_001-SSL-A4-C1-LONG-3P5S-P01-L1-LOW-CAL-OFFICIAL-R2:8_PER_CLASS-MR04,BNCI2014_001,A4-C1-LONG-3P5S,SSL,P01-L1-LOW-CAL-OFFICIAL-R2:8_PER_CLASS,4,CONDITIONAL_SKIP,,,,,,,,,STAGE18_RESOURCE_CONSTRAINED_SINGLE_REPEAT_ALL_REFIT_ROLES
P02-A4-BNCI2014_001-SSL-A4-C2-MULTI-HARD-VOTE-P01-L1-LOW-CAL-OFFICIAL-R2:8_PER_CLASS-MR04,BNCI2014_001,A4-C2-MULTI-HARD-VOTE,SSL,P01-L1-LOW-CAL-OFFICIAL-R2:8_PER_CLASS,4,CONDITIONAL_SKIP,,,,,,,,,STAGE18_RESOURCE_CONSTRAINED_SINGLE_REPEAT_ALL_REFIT_ROLES
P02-A4-BNCI2014_001-SSL-A4-C3-MULTI-PROB-AVG-P01-L1-LOW-CAL-OFFICIAL-R2:8_PER_CLASS-MR04,BNCI2014_001,A4-C3-MULTI-PROB-AVG,SSL,P01-L1-LOW-CAL-OFFICIAL-R2:8_PER_CLASS,4,CONDITIONAL_SKIP,,,,,,,,,STAGE18_RESOURCE_CONSTRAINED_SINGLE_REPEAT_ALL_REFIT_ROLES
P02-A4-BNCI2014_001-ENSEMBLE-A4-C4-MODEL-HARD-VOTE-P01-L1-LOW-CAL-OFFICIAL-R2:8_PER_CLASS-ER00,BNCI2014_001,A4-C4-MODEL-HARD-VOTE,FIXED_MODEL_ENSEMBLE,P01-L1-LOW-CAL-OFFICIAL-R2:8_PER_CLASS,0,SUCCESS,3.0,3.0,4,4,HARD_VOTE,0.015143796004849719,0.015940475399838762,0.00343970799985982,
P02-A4-BNCI2014_001-ENSEMBLE-A4-C5-MODEL-PROB-AVG-P01-L1-LOW-CAL-OFFICIAL-R2:8_PER_CLASS-ER00,BNCI2014_001,A4-C5-MODEL-PROB-AVG,FIXED_MODEL_ENSEMBLE,P01-L1-LOW-CAL-OFFICIAL-R2:8_PER_CLASS,0,SUCCESS,3.0,3.0,4,4,PROBABILITY_AVERAGE,0.015143796004849719,0.015940475399838762,0.0001630889983061934,
P02-A4-BNCI2014_001-ENSEMBLE-A4-C4-MODEL-HARD-VOTE-P01-L1-LOW-CAL-OFFICIAL-R2:8_PER_CLASS-ER01,BNCI2014_001,A4-C4-MODEL-HARD-VOTE,FIXED_MODEL_ENSEMBLE,P01-L1-LOW-CAL-OFFICIAL-R2:8_PER_CLASS,1,SUCCESS,3.0,3.0,4,4,HARD_VOTE,0.015282529006071854,0.016015250803684468,0.0015226929990603821,
P02-A4-BNCI2014_001-ENSEMBLE-A4-C5-MODEL-PROB-AVG-P01-L1-LOW-CAL-OFFICIAL-R2:8_PER_CLASS-ER01,BNCI2014_001,A4-C5-MODEL-PROB-AVG,FIXED_MODEL_ENSEMBLE,P01-L1-LOW-CAL-OFFICIAL-R2:8_PER_CLASS,1,SUCCESS,3.0,3.0,4,4,PROBABILITY_AVERAGE,0.015282529006071854,0.016015250803684468,0.00033271800020884257,
P02-A4-BNCI2014_001-ENSEMBLE-A4-C4-MODEL-HARD-VOTE-P01-L1-LOW-CAL-OFFICIAL-R2:8_PER_CLASS-ER02,BNCI2014_001,A4-C4-MODEL-HARD-VOTE,FIXED_MODEL_ENSEMBLE,P01-L1-LOW-CAL-OFFICIAL-R2:8_PER_CLASS,2,SUCCESS,3.0,3.0,4,4,HARD_VOTE,0.01485548100208689,0.015602555001169093,0.0015137099999265047,
P02-A4-BNCI2014_001-ENSEMBLE-A4-C5-MODEL-PROB-AVG-P01-L1-LOW-CAL-OFFICIAL-R2:8_PER_CLASS-ER02,BNCI2014_001,A4-C5-MODEL-PROB-AVG,FIXED_MODEL_ENSEMBLE,P01-L1-LOW-CAL-OFFICIAL-R2:8_PER_CLASS,2,SUCCESS,3.0,3.0,4,4,PROBABILITY_AVERAGE,0.01485548100208689,0.015602555001169093,0.00018015400019066874,
P02-A4-BNCI2014_001-ENSEMBLE-A4-C4-MODEL-HARD-VOTE-P01-L1-LOW-CAL-OFFICIAL-R2:8_PER_CLASS-ER03,BNCI2014_001,A4-C4-MODEL-HARD-VOTE,FIXED_MODEL_ENSEMBLE,P01-L1-LOW-CAL-OFFICIAL-R2:8_PER_CLASS,3,SUCCESS,3.0,3.0,4,4,HARD_VOTE,0.015104049001820385,0.016696514400973684,0.001514214000053471,
P02-A4-BNCI2014_001-ENSEMBLE-A4-C5-MODEL-PROB-AVG-P01-L1-LOW-CAL-OFFICIAL-R2:8_PER_CLASS-ER03,BNCI2014_001,A4-C5-MODEL-PROB-AVG,FIXED_MODEL_ENSEMBLE,P01-L1-LOW-CAL-OFFICIAL-R2:8_PER_CLASS,3,SUCCESS,3.0,3.0,4,4,PROBABILITY_AVERAGE,0.015104049001820385,0.016696514400973684,0.00021065600049041677,
P02-A4-BNCI2014_001-ENSEMBLE-A4-C4-MODEL-HARD-VOTE-P01-L1-LOW-CAL-OFFICIAL-R2:8_PER_CLASS-ER04,BNCI2014_001,A4-C4-MODEL-HARD-VOTE,FIXED_MODEL_ENSEMBLE,P01-L1-LOW-CAL-OFFICIAL-R2:8_PER_CLASS,4,SUCCESS,3.0,3.0,4,4,HARD_VOTE,0.015211279001960065,0.015741410400733,0.0012852600011683535,
P02-A4-BNCI2014_001-ENSEMBLE-A4-C5-MODEL-PROB-AVG-P01-L1-LOW-CAL-OFFICIAL-R2:8_PER_CLASS-ER04,BNCI2014_001,A4-C5-MODEL-PROB-AVG,FIXED_MODEL_ENSEMBLE,P01-L1-LOW-CAL-OFFICIAL-R2:8_PER_CLASS,4,SUCCESS,3.0,3.0,4,4,PROBABILITY_AVERAGE,0.015211279001960065,0.015741410400733,0.00037388000055216253,
P02-A4-BNCI2014_001-CLASSICAL-A4-C0-CORE-P01-L1-LOW-CAL-OFFICIAL-R2:16_PER_CLASS-MR00,BNCI2014_001,A4-C0-CORE,CLASSICAL,P01-L1-LOW-CAL-OFFICIAL-R2:16_PER_CLASS,0,SUCCESS,3.0,3.0,1,1,DIRECT_CORE,0.0008610580007371027,0.0009779082000022754,0.0,
P02-A4-BNCI2014_001-CLASSICAL-A4-C1-LONG-3P5S-P01-L1-LOW-CAL-OFFICIAL-R2:16_PER_CLASS-MR00,BNCI2014_001,A4-C1-LONG-3P5S,CLASSICAL,P01-L1-LOW-CAL-OFFICIAL-R2:16_PER_CLASS,0,SUCCESS,3.5,3.5,1,1,DIRECT_LONG,0.0012276610013941536,0.003781919401080813,0.0,
P02-A4-BNCI2014_001-CLASSICAL-A4-C2-MULTI-HARD-VOTE-P01-L1-LOW-CAL-OFFICIAL-R2:16_PER_CLASS-MR00,BNCI2014_001,A4-C2-MULTI-HARD-VOTE,CLASSICAL,P01-L1-LOW-CAL-OFFICIAL-R2:16_PER_CLASS,0,SUCCESS,2.0,3.5,3,3,HARD_VOTE,0.002942239998446894,0.014481237599829909,0.0064020600002550054,
P02-A4-BNCI2014_001-CLASSICAL-A4-C3-MULTI-PROB-AVG-P01-L1-LOW-CAL-OFFICIAL-R2:16_PER_CLASS-MR00,BNCI2014_001,A4-C3-MULTI-PROB-AVG,CLASSICAL,P01-L1-LOW-CAL-OFFICIAL-R2:16_PER_CLASS,0,SUCCESS,2.0,3.5,3,3,PROBABILITY_AVERAGE,0.002942239998446894,0.014481237599829909,0.001940162001119461,
P02-A4-BNCI2014_001-RIEMANNIAN-A4-C0-CORE-P01-L1-LOW-CAL-OFFICIAL-R2:16_PER_CLASS-MR00,BNCI2014_001,A4-C0-CORE,RIEMANNIAN,P01-L1-LOW-CAL-OFFICIAL-R2:16_PER_CLASS,0,SUCCESS,3.0,3.0,1,1,DIRECT_CORE,0.0029585770025732927,0.003295574201911222,0.0,
P02-A4-BNCI2014_001-RIEMANNIAN-A4-C1-LONG-3P5S-P01-L1-LOW-CAL-OFFICIAL-R2:16_PER_CLASS-MR00,BNCI2014_001,A4-C1-LONG-3P5S,RIEMANNIAN,P01-L1-LOW-CAL-OFFICIAL-R2:16_PER_CLASS,0,SUCCESS,3.5,3.5,1,1,DIRECT_LONG,0.004763078000905807,0.0052367749995028134,0.0,
P02-A4-BNCI2014_001-RIEMANNIAN-A4-C2-MULTI-HARD-VOTE-P01-L1-LOW-CAL-OFFICIAL-R2:16_PER_CLASS-MR00,BNCI2014_001,A4-C2-MULTI-HARD-VOTE,RIEMANNIAN,P01-L1-LOW-CAL-OFFICIAL-R2:16_PER_CLASS,0,SUCCESS,2.0,3.5,3,3,HARD_VOTE,0.010853087002033135,0.01142299460079812,0.0009922720000759,
P02-A4-BNCI2014_001-RIEMANNIAN-A4-C3-MULTI-PROB-AVG-P01-L1-LOW-CAL-OFFICIAL-R2:16_PER_CLASS-MR00,BNCI2014_001,A4-C3-MULTI-PROB-AVG,RIEMANNIAN,P01-L1-LOW-CAL-OFFICIAL-R2:16_PER_CLASS,0,SUCCESS,2.0,3.5,3,3,PROBABILITY_AVERAGE,0.010853087002033135,0.01142299460079812,0.0009242539999831934,
P02-A4-BNCI2014_001-NEURAL-A4-C0-CORE-P01-L1-LOW-CAL-OFFICIAL-R2:16_PER_CLASS-MR00,BNCI2014_001,A4-C0-CORE,NEURAL,P01-L1-LOW-CAL-OFFICIAL-R2:16_PER_CLASS,0,SUCCESS,3.0,3.0,1,1,DIRECT_CORE,0.0011747560001822421,0.0014317487999505828,0.0,
P02-A4-BNCI2014_001-NEURAL-A4-C1-LONG-3P5S-P01-L1-LOW-CAL-OFFICIAL-R2:16_PER_CLASS-MR00,BNCI2014_001,A4-C1-LONG-3P5S,NEURAL,P01-L1-LOW-CAL-OFFICIAL-R2:16_PER_CLASS,0,CONDITIONAL_SKIP,,,,,,,,,STAGE18_RESOURCE_CONSTRAINED_DEEP_ANCHOR_BUDGET_ONLY
P02-A4-BNCI2014_001-NEURAL-A4-C2-MULTI-HARD-VOTE-P01-L1-LOW-CAL-OFFICIAL-R2:16_PER_CLASS-MR00,BNCI2014_001,A4-C2-MULTI-HARD-VOTE,NEURAL,P01-L1-LOW-CAL-OFFICIAL-R2:16_PER_CLASS,0,CONDITIONAL_SKIP,,,,,,,,,STAGE18_RESOURCE_CONSTRAINED_DEEP_ANCHOR_BUDGET_ONLY
P02-A4-BNCI2014_001-NEURAL-A4-C3-MULTI-PROB-AVG-P01-L1-LOW-CAL-OFFICIAL-R2:16_PER_CLASS-MR00,BNCI2014_001,A4-C3-MULTI-PROB-AVG,NEURAL,P01-L1-LOW-CAL-OFFICIAL-R2:16_PER_CLASS,0,CONDITIONAL_SKIP,,,,,,,,,STAGE18_RESOURCE_CONSTRAINED_DEEP_ANCHOR_BUDGET_ONLY
P02-A4-BNCI2014_001-NEURAL-A4-C0-CORE-P01-L1-LOW-CAL-OFFICIAL-R2:16_PER_CLASS-MR01,BNCI2014_001,A4-C0-CORE,NEURAL,P01-L1-LOW-CAL-OFFICIAL-R2:16_PER_CLASS,1,SUCCESS,3.0,3.0,1,1,DIRECT_CORE,0.001242230999196181,0.001468498400208773,0.0,
P02-A4-BNCI2014_001-NEURAL-A4-C1-LONG-3P5S-P01-L1-LOW-CAL-OFFICIAL-R2:16_PER_CLASS-MR01,BNCI2014_001,A4-C1-LONG-3P5S,NEURAL,P01-L1-LOW-CAL-OFFICIAL-R2:16_PER_CLASS,1,CONDITIONAL_SKIP,,,,,,,,,STAGE18_RESOURCE_CONSTRAINED_SINGLE_REPEAT_ALL_REFIT_ROLES
P02-A4-BNCI2014_001-NEURAL-A4-C2-MULTI-HARD-VOTE-P01-L1-LOW-CAL-OFFICIAL-R2:16_PER_CLASS-MR01,BNCI2014_001,A4-C2-MULTI-HARD-VOTE,NEURAL,P01-L1-LOW-CAL-OFFICIAL-R2:16_PER_CLASS,1,CONDITIONAL_SKIP,,,,,,,,,STAGE18_RESOURCE_CONSTRAINED_SINGLE_REPEAT_ALL_REFIT_ROLES
P02-A4-BNCI2014_001-NEURAL-A4-C3-MULTI-PROB-AVG-P01-L1-LOW-CAL-OFFICIAL-R2:16_PER_CLASS-MR01,BNCI2014_001,A4-C3-MULTI-PROB-AVG,NEURAL,P01-L1-LOW-CAL-OFFICIAL-R2:16_PER_CLASS,1,CONDITIONAL_SKIP,,,,,,,,,STAGE18_RESOURCE_CONSTRAINED_SINGLE_REPEAT_ALL_REFIT_ROLES
P02-A4-BNCI2014_001-NEURAL-A4-C0-CORE-P01-L1-LOW-CAL-OFFICIAL-R2:16_PER_CLASS-MR02,BNCI2014_001,A4-C0-CORE,NEURAL,P01-L1-LOW-CAL-OFFICIAL-R2:16_PER_CLASS,2,SUCCESS,3.0,3.0,1,1,DIRECT_CORE,0.0011912310001207516,0.0012907732008898166,0.0,
P02-A4-BNCI2014_001-NEURAL-A4-C1-LONG-3P5S-P01-L1-LOW-CAL-OFFICIAL-R2:16_PER_CLASS-MR02,BNCI2014_001,A4-C1-LONG-3P5S,NEURAL,P01-L1-LOW-CAL-OFFICIAL-R2:16_PER_CLASS,2,CONDITIONAL_SKIP,,,,,,,,,STAGE18_RESOURCE_CONSTRAINED_SINGLE_REPEAT_ALL_REFIT_ROLES
P02-A4-BNCI2014_001-NEURAL-A4-C2-MULTI-HARD-VOTE-P01-L1-LOW-CAL-OFFICIAL-R2:16_PER_CLASS-MR02,BNCI2014_001,A4-C2-MULTI-HARD-VOTE,NEURAL,P01-L1-LOW-CAL-OFFICIAL-R2:16_PER_CLASS,2,CONDITIONAL_SKIP,,,,,,,,,STAGE18_RESOURCE_CONSTRAINED_SINGLE_REPEAT_ALL_REFIT_ROLES
P02-A4-BNCI2014_001-NEURAL-A4-C3-MULTI-PROB-AVG-P01-L1-LOW-CAL-OFFICIAL-R2:16_PER_CLASS-MR02,BNCI2014_001,A4-C3-MULTI-PROB-AVG,NEURAL,P01-L1-LOW-CAL-OFFICIAL-R2:16_PER_CLASS,2,CONDITIONAL_SKIP,,,,,,,,,STAGE18_RESOURCE_CONSTRAINED_SINGLE_REPEAT_ALL_REFIT_ROLES
P02-A4-BNCI2014_001-NEURAL-A4-C0-CORE-P01-L1-LOW-CAL-OFFICIAL-R2:16_PER_CLASS-MR03,BNCI2014_001,A4-C0-CORE,NEURAL,P01-L1-LOW-CAL-OFFICIAL-R2:16_PER_CLASS,3,SUCCESS,3.0,3.0,1,1,DIRECT_CORE,0.0010722200004238402,0.0013190237998060184,0.0,
P02-A4-BNCI2014_001-NEURAL-A4-C1-LONG-3P5S-P01-L1-LOW-CAL-OFFICIAL-R2:16_PER_CLASS-MR03,BNCI2014_001,A4-C1-LONG-3P5S,NEURAL,P01-L1-LOW-CAL-OFFICIAL-R2:16_PER_CLASS,3,CONDITIONAL_SKIP,,,,,,,,,STAGE18_RESOURCE_CONSTRAINED_SINGLE_REPEAT_ALL_REFIT_ROLES
P02-A4-BNCI2014_001-NEURAL-A4-C2-MULTI-HARD-VOTE-P01-L1-LOW-CAL-OFFICIAL-R2:16_PER_CLASS-MR03,BNCI2014_001,A4-C2-MULTI-HARD-VOTE,NEURAL,P01-L1-LOW-CAL-OFFICIAL-R2:16_PER_CLASS,3,CONDITIONAL_SKIP,,,,,,,,,STAGE18_RESOURCE_CONSTRAINED_SINGLE_REPEAT_ALL_REFIT_ROLES
P02-A4-BNCI2014_001-NEURAL-A4-C3-MULTI-PROB-AVG-P01-L1-LOW-CAL-OFFICIAL-R2:16_PER_CLASS-MR03,BNCI2014_001,A4-C3-MULTI-PROB-AVG,NEURAL,P01-L1-LOW-CAL-OFFICIAL-R2:16_PER_CLASS,3,CONDITIONAL_SKIP,,,,,,,,,STAGE18_RESOURCE_CONSTRAINED_SINGLE_REPEAT_ALL_REFIT_ROLES
P02-A4-BNCI2014_001-NEURAL-A4-C0-CORE-P01-L1-LOW-CAL-OFFICIAL-R2:16_PER_CLASS-MR04,BNCI2014_001,A4-C0-CORE,NEURAL,P01-L1-LOW-CAL-OFFICIAL-R2:16_PER_CLASS,4,SUCCESS,3.0,3.0,1,1,DIRECT_CORE,0.0011584139992919518,0.0012997374004044104,0.0,
P02-A4-BNCI2014_001-NEURAL-A4-C1-LONG-3P5S-P01-L1-LOW-CAL-OFFICIAL-R2:16_PER_CLASS-MR04,BNCI2014_001,A4-C1-LONG-3P5S,NEURAL,P01-L1-LOW-CAL-OFFICIAL-R2:16_PER_CLASS,4,CONDITIONAL_SKIP,,,,,,,,,STAGE18_RESOURCE_CONSTRAINED_SINGLE_REPEAT_ALL_REFIT_ROLES
P02-A4-BNCI2014_001-NEURAL-A4-C2-MULTI-HARD-VOTE-P01-L1-LOW-CAL-OFFICIAL-R2:16_PER_CLASS-MR04,BNCI2014_001,A4-C2-MULTI-HARD-VOTE,NEURAL,P01-L1-LOW-CAL-OFFICIAL-R2:16_PER_CLASS,4,CONDITIONAL_SKIP,,,,,,,,,STAGE18_RESOURCE_CONSTRAINED_SINGLE_REPEAT_ALL_REFIT_ROLES
P02-A4-BNCI2014_001-NEURAL-A4-C3-MULTI-PROB-AVG-P01-L1-LOW-CAL-OFFICIAL-R2:16_PER_CLASS-MR04,BNCI2014_001,A4-C3-MULTI-PROB-AVG,NEURAL,P01-L1-LOW-CAL-OFFICIAL-R2:16_PER_CLASS,4,CONDITIONAL_SKIP,,,,,,,,,STAGE18_RESOURCE_CONSTRAINED_SINGLE_REPEAT_ALL_REFIT_ROLES
P02-A4-BNCI2014_001-SSL-A4-C0-CORE-P01-L1-LOW-CAL-OFFICIAL-R2:16_PER_CLASS-MR00,BNCI2014_001,A4-C0-CORE,SSL,P01-L1-LOW-CAL-OFFICIAL-R2:16_PER_CLASS,0,SUCCESS,3.0,3.0,1,1,DIRECT_CORE,0.009653408000303898,0.009858524199080421,0.0,
P02-A4-BNCI2014_001-SSL-A4-C1-LONG-3P5S-P01-L1-LOW-CAL-OFFICIAL-R2:16_PER_CLASS-MR00,BNCI2014_001,A4-C1-LONG-3P5S,SSL,P01-L1-LOW-CAL-OFFICIAL-R2:16_PER_CLASS,0,CONDITIONAL_SKIP,,,,,,,,,STAGE18_RESOURCE_CONSTRAINED_DEEP_ANCHOR_BUDGET_ONLY
P02-A4-BNCI2014_001-SSL-A4-C2-MULTI-HARD-VOTE-P01-L1-LOW-CAL-OFFICIAL-R2:16_PER_CLASS-MR00,BNCI2014_001,A4-C2-MULTI-HARD-VOTE,SSL,P01-L1-LOW-CAL-OFFICIAL-R2:16_PER_CLASS,0,CONDITIONAL_SKIP,,,,,,,,,STAGE18_RESOURCE_CONSTRAINED_DEEP_ANCHOR_BUDGET_ONLY
P02-A4-BNCI2014_001-SSL-A4-C3-MULTI-PROB-AVG-P01-L1-LOW-CAL-OFFICIAL-R2:16_PER_CLASS-MR00,BNCI2014_001,A4-C3-MULTI-PROB-AVG,SSL,P01-L1-LOW-CAL-OFFICIAL-R2:16_PER_CLASS,0,CONDITIONAL_SKIP,,,,,,,,,STAGE18_RESOURCE_CONSTRAINED_DEEP_ANCHOR_BUDGET_ONLY
P02-A4-BNCI2014_001-SSL-A4-C0-CORE-P01-L1-LOW-CAL-OFFICIAL-R2:16_PER_CLASS-MR01,BNCI2014_001,A4-C0-CORE,SSL,P01-L1-LOW-CAL-OFFICIAL-R2:16_PER_CLASS,1,SUCCESS,3.0,3.0,1,1,DIRECT_CORE,0.009891977002553176,0.010320315798162482,0.0,
P02-A4-BNCI2014_001-SSL-A4-C1-LONG-3P5S-P01-L1-LOW-CAL-OFFICIAL-R2:16_PER_CLASS-MR01,BNCI2014_001,A4-C1-LONG-3P5S,SSL,P01-L1-LOW-CAL-OFFICIAL-R2:16_PER_CLASS,1,CONDITIONAL_SKIP,,,,,,,,,STAGE18_RESOURCE_CONSTRAINED_SINGLE_REPEAT_ALL_REFIT_ROLES
P02-A4-BNCI2014_001-SSL-A4-C2-MULTI-HARD-VOTE-P01-L1-LOW-CAL-OFFICIAL-R2:16_PER_CLASS-MR01,BNCI2014_001,A4-C2-MULTI-HARD-VOTE,SSL,P01-L1-LOW-CAL-OFFICIAL-R2:16_PER_CLASS,1,CONDITIONAL_SKIP,,,,,,,,,STAGE18_RESOURCE_CONSTRAINED_SINGLE_REPEAT_ALL_REFIT_ROLES
P02-A4-BNCI2014_001-SSL-A4-C3-MULTI-PROB-AVG-P01-L1-LOW-CAL-OFFICIAL-R2:16_PER_CLASS-MR01,BNCI2014_001,A4-C3-MULTI-PROB-AVG,SSL,P01-L1-LOW-CAL-OFFICIAL-R2:16_PER_CLASS,1,CONDITIONAL_SKIP,,,,,,,,,STAGE18_RESOURCE_CONSTRAINED_SINGLE_REPEAT_ALL_REFIT_ROLES
P02-A4-BNCI2014_001-SSL-A4-C0-CORE-P01-L1-LOW-CAL-OFFICIAL-R2:16_PER_CLASS-MR02,BNCI2014_001,A4-C0-CORE,SSL,P01-L1-LOW-CAL-OFFICIAL-R2:16_PER_CLASS,2,SUCCESS,3.0,3.0,1,1,DIRECT_CORE,0.009946474998287158,0.010150743800477358,0.0,
P02-A4-BNCI2014_001-SSL-A4-C1-LONG-3P5S-P01-L1-LOW-CAL-OFFICIAL-R2:16_PER_CLASS-MR02,BNCI2014_001,A4-C1-LONG-3P5S,SSL,P01-L1-LOW-CAL-OFFICIAL-R2:16_PER_CLASS,2,CONDITIONAL_SKIP,,,,,,,,,STAGE18_RESOURCE_CONSTRAINED_SINGLE_REPEAT_ALL_REFIT_ROLES
P02-A4-BNCI2014_001-SSL-A4-C2-MULTI-HARD-VOTE-P01-L1-LOW-CAL-OFFICIAL-R2:16_PER_CLASS-MR02,BNCI2014_001,A4-C2-MULTI-HARD-VOTE,SSL,P01-L1-LOW-CAL-OFFICIAL-R2:16_PER_CLASS,2,CONDITIONAL_SKIP,,,,,,,,,STAGE18_RESOURCE_CONSTRAINED_SINGLE_REPEAT_ALL_REFIT_ROLES
P02-A4-BNCI2014_001-SSL-A4-C3-MULTI-PROB-AVG-P01-L1-LOW-CAL-OFFICIAL-R2:16_PER_CLASS-MR02,BNCI2014_001,A4-C3-MULTI-PROB-AVG,SSL,P01-L1-LOW-CAL-OFFICIAL-R2:16_PER_CLASS,2,CONDITIONAL_SKIP,,,,,,,,,STAGE18_RESOURCE_CONSTRAINED_SINGLE_REPEAT_ALL_REFIT_ROLES
P02-A4-BNCI2014_001-SSL-A4-C0-CORE-P01-L1-LOW-CAL-OFFICIAL-R2:16_PER_CLASS-MR03,BNCI2014_001,A4-C0-CORE,SSL,P01-L1-LOW-CAL-OFFICIAL-R2:16_PER_CLASS,3,SUCCESS,3.0,3.0,1,1,DIRECT_CORE,0.009726516000228003,0.010028364200115903,0.0,
P02-A4-BNCI2014_001-SSL-A4-C1-LONG-3P5S-P01-L1-LOW-CAL-OFFICIAL-R2:16_PER_CLASS-MR03,BNCI2014_001,A4-C1-LONG-3P5S,SSL,P01-L1-LOW-CAL-OFFICIAL-R2:16_PER_CLASS,3,CONDITIONAL_SKIP,,,,,,,,,STAGE18_RESOURCE_CONSTRAINED_SINGLE_REPEAT_ALL_REFIT_ROLES
P02-A4-BNCI2014_001-SSL-A4-C2-MULTI-HARD-VOTE-P01-L1-LOW-CAL-OFFICIAL-R2:16_PER_CLASS-MR03,BNCI2014_001,A4-C2-MULTI-HARD-VOTE,SSL,P01-L1-LOW-CAL-OFFICIAL-R2:16_PER_CLASS,3,CONDITIONAL_SKIP,,,,,,,,,STAGE18_RESOURCE_CONSTRAINED_SINGLE_REPEAT_ALL_REFIT_ROLES
P02-A4-BNCI2014_001-SSL-A4-C3-MULTI-PROB-AVG-P01-L1-LOW-CAL-OFFICIAL-R2:16_PER_CLASS-MR03,BNCI2014_001,A4-C3-MULTI-PROB-AVG,SSL,P01-L1-LOW-CAL-OFFICIAL-R2:16_PER_CLASS,3,CONDITIONAL_SKIP,,,,,,,,,STAGE18_RESOURCE_CONSTRAINED_SINGLE_REPEAT_ALL_REFIT_ROLES
P02-A4-BNCI2014_001-SSL-A4-C0-CORE-P01-L1-LOW-CAL-OFFICIAL-R2:16_PER_CLASS-MR04,BNCI2014_001,A4-C0-CORE,SSL,P01-L1-LOW-CAL-OFFICIAL-R2:16_PER_CLASS,4,SUCCESS,3.0,3.0,1,1,DIRECT_CORE,0.0097597419990052,0.010051547401235438,0.0,
P02-A4-BNCI2014_001-SSL-A4-C1-LONG-3P5S-P01-L1-LOW-CAL-OFFICIAL-R2:16_PER_CLASS-MR04,BNCI2014_001,A4-C1-LONG-3P5S,SSL,P01-L1-LOW-CAL-OFFICIAL-R2:16_PER_CLASS,4,CONDITIONAL_SKIP,,,,,,,,,STAGE18_RESOURCE_CONSTRAINED_SINGLE_REPEAT_ALL_REFIT_ROLES
P02-A4-BNCI2014_001-SSL-A4-C2-MULTI-HARD-VOTE-P01-L1-LOW-CAL-OFFICIAL-R2:16_PER_CLASS-MR04,BNCI2014_001,A4-C2-MULTI-HARD-VOTE,SSL,P01-L1-LOW-CAL-OFFICIAL-R2:16_PER_CLASS,4,CONDITIONAL_SKIP,,,,,,,,,STAGE18_RESOURCE_CONSTRAINED_SINGLE_REPEAT_ALL_REFIT_ROLES
P02-A4-BNCI2014_001-SSL-A4-C3-MULTI-PROB-AVG-P01-L1-LOW-CAL-OFFICIAL-R2:16_PER_CLASS-MR04,BNCI2014_001,A4-C3-MULTI-PROB-AVG,SSL,P01-L1-LOW-CAL-OFFICIAL-R2:16_PER_CLASS,4,CONDITIONAL_SKIP,,,,,,,,,STAGE18_RESOURCE_CONSTRAINED_SINGLE_REPEAT_ALL_REFIT_ROLES
P02-A4-BNCI2014_001-ENSEMBLE-A4-C4-MODEL-HARD-VOTE-P01-L1-LOW-CAL-OFFICIAL-R2:16_PER_CLASS-ER00,BNCI2014_001,A4-C4-MODEL-HARD-VOTE,FIXED_MODEL_ENSEMBLE,P01-L1-LOW-CAL-OFFICIAL-R2:16_PER_CLASS,0,SUCCESS,3.0,3.0,4,4,HARD_VOTE,0.014647799003796536,0.015563755400944502,0.0013349780001590261,
P02-A4-BNCI2014_001-ENSEMBLE-A4-C5-MODEL-PROB-AVG-P01-L1-LOW-CAL-OFFICIAL-R2:16_PER_CLASS-ER00,BNCI2014_001,A4-C5-MODEL-PROB-AVG,FIXED_MODEL_ENSEMBLE,P01-L1-LOW-CAL-OFFICIAL-R2:16_PER_CLASS,0,SUCCESS,3.0,3.0,4,4,PROBABILITY_AVERAGE,0.014647799003796536,0.015563755400944502,0.0001682150013948558,
P02-A4-BNCI2014_001-ENSEMBLE-A4-C4-MODEL-HARD-VOTE-P01-L1-LOW-CAL-OFFICIAL-R2:16_PER_CLASS-ER01,BNCI2014_001,A4-C4-MODEL-HARD-VOTE,FIXED_MODEL_ENSEMBLE,P01-L1-LOW-CAL-OFFICIAL-R2:16_PER_CLASS,1,SUCCESS,3.0,3.0,4,4,HARD_VOTE,0.014953843005059753,0.016062296600284753,0.0022037369999452494,
P02-A4-BNCI2014_001-ENSEMBLE-A4-C5-MODEL-PROB-AVG-P01-L1-LOW-CAL-OFFICIAL-R2:16_PER_CLASS-ER01,BNCI2014_001,A4-C5-MODEL-PROB-AVG,FIXED_MODEL_ENSEMBLE,P01-L1-LOW-CAL-OFFICIAL-R2:16_PER_CLASS,1,SUCCESS,3.0,3.0,4,4,PROBABILITY_AVERAGE,0.014953843005059753,0.016062296600284753,0.00018449200069881044,
P02-A4-BNCI2014_001-ENSEMBLE-A4-C4-MODEL-HARD-VOTE-P01-L1-LOW-CAL-OFFICIAL-R2:16_PER_CLASS-ER02,BNCI2014_001,A4-C4-MODEL-HARD-VOTE,FIXED_MODEL_ENSEMBLE,P01-L1-LOW-CAL-OFFICIAL-R2:16_PER_CLASS,2,SUCCESS,3.0,3.0,4,4,HARD_VOTE,0.014957341001718305,0.015714999403280673,0.0015236830004141666,
P02-A4-BNCI2014_001-ENSEMBLE-A4-C5-MODEL-PROB-AVG-P01-L1-LOW-CAL-OFFICIAL-R2:16_PER_CLASS-ER02,BNCI2014_001,A4-C5-MODEL-PROB-AVG,FIXED_MODEL_ENSEMBLE,P01-L1-LOW-CAL-OFFICIAL-R2:16_PER_CLASS,2,SUCCESS,3.0,3.0,4,4,PROBABILITY_AVERAGE,0.014957341001718305,0.015714999403280673,0.00019134099966322538,
P02-A4-BNCI2014_001-ENSEMBLE-A4-C4-MODEL-HARD-VOTE-P01-L1-LOW-CAL-OFFICIAL-R2:16_PER_CLASS-ER03,BNCI2014_001,A4-C4-MODEL-HARD-VOTE,FIXED_MODEL_ENSEMBLE,P01-L1-LOW-CAL-OFFICIAL-R2:16_PER_CLASS,3,SUCCESS,3.0,3.0,4,4,HARD_VOTE,0.014618371003962238,0.015620870401835418,0.0015619759997207439,
P02-A4-BNCI2014_001-ENSEMBLE-A4-C5-MODEL-PROB-AVG-P01-L1-LOW-CAL-OFFICIAL-R2:16_PER_CLASS-ER03,BNCI2014_001,A4-C5-MODEL-PROB-AVG,FIXED_MODEL_ENSEMBLE,P01-L1-LOW-CAL-OFFICIAL-R2:16_PER_CLASS,3,SUCCESS,3.0,3.0,4,4,PROBABILITY_AVERAGE,0.014618371003962238,0.015620870401835418,0.0001827019987103995,
P02-A4-BNCI2014_001-ENSEMBLE-A4-C4-MODEL-HARD-VOTE-P01-L1-LOW-CAL-OFFICIAL-R2:16_PER_CLASS-ER04,BNCI2014_001,A4-C4-MODEL-HARD-VOTE,FIXED_MODEL_ENSEMBLE,P01-L1-LOW-CAL-OFFICIAL-R2:16_PER_CLASS,4,SUCCESS,3.0,3.0,4,4,HARD_VOTE,0.014737791001607548,0.015624767203553346,0.002173769998989883,
P02-A4-BNCI2014_001-ENSEMBLE-A4-C5-MODEL-PROB-AVG-P01-L1-LOW-CAL-OFFICIAL-R2:16_PER_CLASS-ER04,BNCI2014_001,A4-C5-MODEL-PROB-AVG,FIXED_MODEL_ENSEMBLE,P01-L1-LOW-CAL-OFFICIAL-R2:16_PER_CLASS,4,SUCCESS,3.0,3.0,4,4,PROBABILITY_AVERAGE,0.014737791001607548,0.015624767203553346,0.00018306099991605151,
P02-A4-BNCI2014_001-CLASSICAL-A4-C0-CORE-P01-L1-LOW-CAL-OFFICIAL-R2:32_PER_CLASS-MR00,BNCI2014_001,A4-C0-CORE,CLASSICAL,P01-L1-LOW-CAL-OFFICIAL-R2:32_PER_CLASS,0,SUCCESS,3.0,3.0,1,1,DIRECT_CORE,0.0008093919968814589,0.003179861600074218,0.0,
P02-A4-BNCI2014_001-CLASSICAL-A4-C1-LONG-3P5S-P01-L1-LOW-CAL-OFFICIAL-R2:32_PER_CLASS-MR00,BNCI2014_001,A4-C1-LONG-3P5S,CLASSICAL,P01-L1-LOW-CAL-OFFICIAL-R2:32_PER_CLASS,0,SUCCESS,3.5,3.5,1,1,DIRECT_LONG,0.0009253030002582818,0.003224017599859507,0.0,
P02-A4-BNCI2014_001-CLASSICAL-A4-C2-MULTI-HARD-VOTE-P01-L1-LOW-CAL-OFFICIAL-R2:32_PER_CLASS-MR00,BNCI2014_001,A4-C2-MULTI-HARD-VOTE,CLASSICAL,P01-L1-LOW-CAL-OFFICIAL-R2:32_PER_CLASS,0,SUCCESS,2.0,3.5,3,3,HARD_VOTE,0.0045926089987915475,0.011617561199091141,0.0018455310000717873,
P02-A4-BNCI2014_001-CLASSICAL-A4-C3-MULTI-PROB-AVG-P01-L1-LOW-CAL-OFFICIAL-R2:32_PER_CLASS-MR00,BNCI2014_001,A4-C3-MULTI-PROB-AVG,CLASSICAL,P01-L1-LOW-CAL-OFFICIAL-R2:32_PER_CLASS,0,SUCCESS,2.0,3.5,3,3,PROBABILITY_AVERAGE,0.0045926089987915475,0.011617561199091141,0.0009727589986141538,
P02-A4-BNCI2014_001-RIEMANNIAN-A4-C0-CORE-P01-L1-LOW-CAL-OFFICIAL-R2:32_PER_CLASS-MR00,BNCI2014_001,A4-C0-CORE,RIEMANNIAN,P01-L1-LOW-CAL-OFFICIAL-R2:32_PER_CLASS,0,SUCCESS,3.0,3.0,1,1,DIRECT_CORE,0.003093138999247458,0.0031431250004970933,0.0,
P02-A4-BNCI2014_001-RIEMANNIAN-A4-C1-LONG-3P5S-P01-L1-LOW-CAL-OFFICIAL-R2:32_PER_CLASS-MR00,BNCI2014_001,A4-C1-LONG-3P5S,RIEMANNIAN,P01-L1-LOW-CAL-OFFICIAL-R2:32_PER_CLASS,0,SUCCESS,3.5,3.5,1,1,DIRECT_LONG,0.007094178999977885,0.009389469200323219,0.0,
P02-A4-BNCI2014_001-RIEMANNIAN-A4-C2-MULTI-HARD-VOTE-P01-L1-LOW-CAL-OFFICIAL-R2:32_PER_CLASS-MR00,BNCI2014_001,A4-C2-MULTI-HARD-VOTE,RIEMANNIAN,P01-L1-LOW-CAL-OFFICIAL-R2:32_PER_CLASS,0,SUCCESS,2.0,3.5,3,3,HARD_VOTE,0.014080929997362546,0.016651749999073217,0.0010360930009483127,
P02-A4-BNCI2014_001-RIEMANNIAN-A4-C3-MULTI-PROB-AVG-P01-L1-LOW-CAL-OFFICIAL-R2:32_PER_CLASS-MR00,BNCI2014_001,A4-C3-MULTI-PROB-AVG,RIEMANNIAN,P01-L1-LOW-CAL-OFFICIAL-R2:32_PER_CLASS,0,SUCCESS,2.0,3.5,3,3,PROBABILITY_AVERAGE,0.014080929997362546,0.016651749999073217,0.0012849560007452965,
P02-A4-BNCI2014_001-NEURAL-A4-C0-CORE-P01-L1-LOW-CAL-OFFICIAL-R2:32_PER_CLASS-MR00,BNCI2014_001,A4-C0-CORE,NEURAL,P01-L1-LOW-CAL-OFFICIAL-R2:32_PER_CLASS,0,SUCCESS,3.0,3.0,1,1,DIRECT_CORE,0.00119365399950766,0.001547143599600531,0.0,
P02-A4-BNCI2014_001-NEURAL-A4-C1-LONG-3P5S-P01-L1-LOW-CAL-OFFICIAL-R2:32_PER_CLASS-MR00,BNCI2014_001,A4-C1-LONG-3P5S,NEURAL,P01-L1-LOW-CAL-OFFICIAL-R2:32_PER_CLASS,0,CONDITIONAL_SKIP,,,,,,,,,STAGE18_RESOURCE_CONSTRAINED_DEEP_ANCHOR_BUDGET_ONLY
P02-A4-BNCI2014_001-NEURAL-A4-C2-MULTI-HARD-VOTE-P01-L1-LOW-CAL-OFFICIAL-R2:32_PER_CLASS-MR00,BNCI2014_001,A4-C2-MULTI-HARD-VOTE,NEURAL,P01-L1-LOW-CAL-OFFICIAL-R2:32_PER_CLASS,0,CONDITIONAL_SKIP,,,,,,,,,STAGE18_RESOURCE_CONSTRAINED_DEEP_ANCHOR_BUDGET_ONLY
P02-A4-BNCI2014_001-NEURAL-A4-C3-MULTI-PROB-AVG-P01-L1-LOW-CAL-OFFICIAL-R2:32_PER_CLASS-MR00,BNCI2014_001,A4-C3-MULTI-PROB-AVG,NEURAL,P01-L1-LOW-CAL-OFFICIAL-R2:32_PER_CLASS,0,CONDITIONAL_SKIP,,,,,,,,,STAGE18_RESOURCE_CONSTRAINED_DEEP_ANCHOR_BUDGET_ONLY
P02-A4-BNCI2014_001-NEURAL-A4-C0-CORE-P01-L1-LOW-CAL-OFFICIAL-R2:32_PER_CLASS-MR01,BNCI2014_001,A4-C0-CORE,NEURAL,P01-L1-LOW-CAL-OFFICIAL-R2:32_PER_CLASS,1,SUCCESS,3.0,3.0,1,1,DIRECT_CORE,0.0011298350000288337,0.0012817023998650257,0.0,
P02-A4-BNCI2014_001-NEURAL-A4-C1-LONG-3P5S-P01-L1-LOW-CAL-OFFICIAL-R2:32_PER_CLASS-MR01,BNCI2014_001,A4-C1-LONG-3P5S,NEURAL,P01-L1-LOW-CAL-OFFICIAL-R2:32_PER_CLASS,1,CONDITIONAL_SKIP,,,,,,,,,STAGE18_RESOURCE_CONSTRAINED_SINGLE_REPEAT_ALL_REFIT_ROLES
P02-A4-BNCI2014_001-NEURAL-A4-C2-MULTI-HARD-VOTE-P01-L1-LOW-CAL-OFFICIAL-R2:32_PER_CLASS-MR01,BNCI2014_001,A4-C2-MULTI-HARD-VOTE,NEURAL,P01-L1-LOW-CAL-OFFICIAL-R2:32_PER_CLASS,1,CONDITIONAL_SKIP,,,,,,,,,STAGE18_RESOURCE_CONSTRAINED_SINGLE_REPEAT_ALL_REFIT_ROLES
P02-A4-BNCI2014_001-NEURAL-A4-C3-MULTI-PROB-AVG-P01-L1-LOW-CAL-OFFICIAL-R2:32_PER_CLASS-MR01,BNCI2014_001,A4-C3-MULTI-PROB-AVG,NEURAL,P01-L1-LOW-CAL-OFFICIAL-R2:32_PER_CLASS,1,CONDITIONAL_SKIP,,,,,,,,,STAGE18_RESOURCE_CONSTRAINED_SINGLE_REPEAT_ALL_REFIT_ROLES
P02-A4-BNCI2014_001-NEURAL-A4-C0-CORE-P01-L1-LOW-CAL-OFFICIAL-R2:32_PER_CLASS-MR02,BNCI2014_001,A4-C0-CORE,NEURAL,P01-L1-LOW-CAL-OFFICIAL-R2:32_PER_CLASS,2,SUCCESS,3.0,3.0,1,1,DIRECT_CORE,0.0011775629991461756,0.0016531889988982583,0.0,
P02-A4-BNCI2014_001-NEURAL-A4-C1-LONG-3P5S-P01-L1-LOW-CAL-OFFICIAL-R2:32_PER_CLASS-MR02,BNCI2014_001,A4-C1-LONG-3P5S,NEURAL,P01-L1-LOW-CAL-OFFICIAL-R2:32_PER_CLASS,2,CONDITIONAL_SKIP,,,,,,,,,STAGE18_RESOURCE_CONSTRAINED_SINGLE_REPEAT_ALL_REFIT_ROLES
P02-A4-BNCI2014_001-NEURAL-A4-C2-MULTI-HARD-VOTE-P01-L1-LOW-CAL-OFFICIAL-R2:32_PER_CLASS-MR02,BNCI2014_001,A4-C2-MULTI-HARD-VOTE,NEURAL,P01-L1-LOW-CAL-OFFICIAL-R2:32_PER_CLASS,2,CONDITIONAL_SKIP,,,,,,,,,STAGE18_RESOURCE_CONSTRAINED_SINGLE_REPEAT_ALL_REFIT_ROLES
P02-A4-BNCI2014_001-NEURAL-A4-C3-MULTI-PROB-AVG-P01-L1-LOW-CAL-OFFICIAL-R2:32_PER_CLASS-MR02,BNCI2014_001,A4-C3-MULTI-PROB-AVG,NEURAL,P01-L1-LOW-CAL-OFFICIAL-R2:32_PER_CLASS,2,CONDITIONAL_SKIP,,,,,,,,,STAGE18_RESOURCE_CONSTRAINED_SINGLE_REPEAT_ALL_REFIT_ROLES
P02-A4-BNCI2014_001-NEURAL-A4-C0-CORE-P01-L1-LOW-CAL-OFFICIAL-R2:32_PER_CLASS-MR03,BNCI2014_001,A4-C0-CORE,NEURAL,P01-L1-LOW-CAL-OFFICIAL-R2:32_PER_CLASS,3,SUCCESS,3.0,3.0,1,1,DIRECT_CORE,0.0011385100006009452,0.0012794159996701636,0.0,
P02-A4-BNCI2014_001-NEURAL-A4-C1-LONG-3P5S-P01-L1-LOW-CAL-OFFICIAL-R2:32_PER_CLASS-MR03,BNCI2014_001,A4-C1-LONG-3P5S,NEURAL,P01-L1-LOW-CAL-OFFICIAL-R2:32_PER_CLASS,3,CONDITIONAL_SKIP,,,,,,,,,STAGE18_RESOURCE_CONSTRAINED_SINGLE_REPEAT_ALL_REFIT_ROLES
P02-A4-BNCI2014_001-NEURAL-A4-C2-MULTI-HARD-VOTE-P01-L1-LOW-CAL-OFFICIAL-R2:32_PER_CLASS-MR03,BNCI2014_001,A4-C2-MULTI-HARD-VOTE,NEURAL,P01-L1-LOW-CAL-OFFICIAL-R2:32_PER_CLASS,3,CONDITIONAL_SKIP,,,,,,,,,STAGE18_RESOURCE_CONSTRAINED_SINGLE_REPEAT_ALL_REFIT_ROLES
P02-A4-BNCI2014_001-NEURAL-A4-C3-MULTI-PROB-AVG-P01-L1-LOW-CAL-OFFICIAL-R2:32_PER_CLASS-MR03,BNCI2014_001,A4-C3-MULTI-PROB-AVG,NEURAL,P01-L1-LOW-CAL-OFFICIAL-R2:32_PER_CLASS,3,CONDITIONAL_SKIP,,,,,,,,,STAGE18_RESOURCE_CONSTRAINED_SINGLE_REPEAT_ALL_REFIT_ROLES
P02-A4-BNCI2014_001-NEURAL-A4-C0-CORE-P01-L1-LOW-CAL-OFFICIAL-R2:32_PER_CLASS-MR04,BNCI2014_001,A4-C0-CORE,NEURAL,P01-L1-LOW-CAL-OFFICIAL-R2:32_PER_CLASS,4,SUCCESS,3.0,3.0,1,1,DIRECT_CORE,0.0011589370005822275,0.0013301866005349437,0.0,
P02-A4-BNCI2014_001-NEURAL-A4-C1-LONG-3P5S-P01-L1-LOW-CAL-OFFICIAL-R2:32_PER_CLASS-MR04,BNCI2014_001,A4-C1-LONG-3P5S,NEURAL,P01-L1-LOW-CAL-OFFICIAL-R2:32_PER_CLASS,4,CONDITIONAL_SKIP,,,,,,,,,STAGE18_RESOURCE_CONSTRAINED_SINGLE_REPEAT_ALL_REFIT_ROLES
P02-A4-BNCI2014_001-NEURAL-A4-C2-MULTI-HARD-VOTE-P01-L1-LOW-CAL-OFFICIAL-R2:32_PER_CLASS-MR04,BNCI2014_001,A4-C2-MULTI-HARD-VOTE,NEURAL,P01-L1-LOW-CAL-OFFICIAL-R2:32_PER_CLASS,4,CONDITIONAL_SKIP,,,,,,,,,STAGE18_RESOURCE_CONSTRAINED_SINGLE_REPEAT_ALL_REFIT_ROLES
P02-A4-BNCI2014_001-NEURAL-A4-C3-MULTI-PROB-AVG-P01-L1-LOW-CAL-OFFICIAL-R2:32_PER_CLASS-MR04,BNCI2014_001,A4-C3-MULTI-PROB-AVG,NEURAL,P01-L1-LOW-CAL-OFFICIAL-R2:32_PER_CLASS,4,CONDITIONAL_SKIP,,,,,,,,,STAGE18_RESOURCE_CONSTRAINED_SINGLE_REPEAT_ALL_REFIT_ROLES
P02-A4-BNCI2014_001-SSL-A4-C0-CORE-P01-L1-LOW-CAL-OFFICIAL-R2:32_PER_CLASS-MR00,BNCI2014_001,A4-C0-CORE,SSL,P01-L1-LOW-CAL-OFFICIAL-R2:32_PER_CLASS,0,SUCCESS,3.0,3.0,1,1,DIRECT_CORE,0.009730466001201421,0.010095173798617907,0.0,
P02-A4-BNCI2014_001-SSL-A4-C1-LONG-3P5S-P01-L1-LOW-CAL-OFFICIAL-R2:32_PER_CLASS-MR00,BNCI2014_001,A4-C1-LONG-3P5S,SSL,P01-L1-LOW-CAL-OFFICIAL-R2:32_PER_CLASS,0,CONDITIONAL_SKIP,,,,,,,,,STAGE18_RESOURCE_CONSTRAINED_DEEP_ANCHOR_BUDGET_ONLY
P02-A4-BNCI2014_001-SSL-A4-C2-MULTI-HARD-VOTE-P01-L1-LOW-CAL-OFFICIAL-R2:32_PER_CLASS-MR00,BNCI2014_001,A4-C2-MULTI-HARD-VOTE,SSL,P01-L1-LOW-CAL-OFFICIAL-R2:32_PER_CLASS,0,CONDITIONAL_SKIP,,,,,,,,,STAGE18_RESOURCE_CONSTRAINED_DEEP_ANCHOR_BUDGET_ONLY
P02-A4-BNCI2014_001-SSL-A4-C3-MULTI-PROB-AVG-P01-L1-LOW-CAL-OFFICIAL-R2:32_PER_CLASS-MR00,BNCI2014_001,A4-C3-MULTI-PROB-AVG,SSL,P01-L1-LOW-CAL-OFFICIAL-R2:32_PER_CLASS,0,CONDITIONAL_SKIP,,,,,,,,,STAGE18_RESOURCE_CONSTRAINED_DEEP_ANCHOR_BUDGET_ONLY
P02-A4-BNCI2014_001-SSL-A4-C0-CORE-P01-L1-LOW-CAL-OFFICIAL-R2:32_PER_CLASS-MR01,BNCI2014_001,A4-C0-CORE,SSL,P01-L1-LOW-CAL-OFFICIAL-R2:32_PER_CLASS,1,SUCCESS,3.0,3.0,1,1,DIRECT_CORE,0.010044654001831077,0.010266270799183986,0.0,
P02-A4-BNCI2014_001-SSL-A4-C1-LONG-3P5S-P01-L1-LOW-CAL-OFFICIAL-R2:32_PER_CLASS-MR01,BNCI2014_001,A4-C1-LONG-3P5S,SSL,P01-L1-LOW-CAL-OFFICIAL-R2:32_PER_CLASS,1,CONDITIONAL_SKIP,,,,,,,,,STAGE18_RESOURCE_CONSTRAINED_SINGLE_REPEAT_ALL_REFIT_ROLES
P02-A4-BNCI2014_001-SSL-A4-C2-MULTI-HARD-VOTE-P01-L1-LOW-CAL-OFFICIAL-R2:32_PER_CLASS-MR01,BNCI2014_001,A4-C2-MULTI-HARD-VOTE,SSL,P01-L1-LOW-CAL-OFFICIAL-R2:32_PER_CLASS,1,CONDITIONAL_SKIP,,,,,,,,,STAGE18_RESOURCE_CONSTRAINED_SINGLE_REPEAT_ALL_REFIT_ROLES
P02-A4-BNCI2014_001-SSL-A4-C3-MULTI-PROB-AVG-P01-L1-LOW-CAL-OFFICIAL-R2:32_PER_CLASS-MR01,BNCI2014_001,A4-C3-MULTI-PROB-AVG,SSL,P01-L1-LOW-CAL-OFFICIAL-R2:32_PER_CLASS,1,CONDITIONAL_SKIP,,,,,,,,,STAGE18_RESOURCE_CONSTRAINED_SINGLE_REPEAT_ALL_REFIT_ROLES
P02-A4-BNCI2014_001-SSL-A4-C0-CORE-P01-L1-LOW-CAL-OFFICIAL-R2:32_PER_CLASS-MR02,BNCI2014_001,A4-C0-CORE,SSL,P01-L1-LOW-CAL-OFFICIAL-R2:32_PER_CLASS,2,SUCCESS,3.0,3.0,1,1,DIRECT_CORE,0.009820410999964224,0.009953966401371871,0.0,
P02-A4-BNCI2014_001-SSL-A4-C1-LONG-3P5S-P01-L1-LOW-CAL-OFFICIAL-R2:32_PER_CLASS-MR02,BNCI2014_001,A4-C1-LONG-3P5S,SSL,P01-L1-LOW-CAL-OFFICIAL-R2:32_PER_CLASS,2,CONDITIONAL_SKIP,,,,,,,,,STAGE18_RESOURCE_CONSTRAINED_SINGLE_REPEAT_ALL_REFIT_ROLES
P02-A4-BNCI2014_001-SSL-A4-C2-MULTI-HARD-VOTE-P01-L1-LOW-CAL-OFFICIAL-R2:32_PER_CLASS-MR02,BNCI2014_001,A4-C2-MULTI-HARD-VOTE,SSL,P01-L1-LOW-CAL-OFFICIAL-R2:32_PER_CLASS,2,CONDITIONAL_SKIP,,,,,,,,,STAGE18_RESOURCE_CONSTRAINED_SINGLE_REPEAT_ALL_REFIT_ROLES
P02-A4-BNCI2014_001-SSL-A4-C3-MULTI-PROB-AVG-P01-L1-LOW-CAL-OFFICIAL-R2:32_PER_CLASS-MR02,BNCI2014_001,A4-C3-MULTI-PROB-AVG,SSL,P01-L1-LOW-CAL-OFFICIAL-R2:32_PER_CLASS,2,CONDITIONAL_SKIP,,,,,,,,,STAGE18_RESOURCE_CONSTRAINED_SINGLE_REPEAT_ALL_REFIT_ROLES
P02-A4-BNCI2014_001-SSL-A4-C0-CORE-P01-L1-LOW-CAL-OFFICIAL-R2:32_PER_CLASS-MR03,BNCI2014_001,A4-C0-CORE,SSL,P01-L1-LOW-CAL-OFFICIAL-R2:32_PER_CLASS,3,SUCCESS,3.0,3.0,1,1,DIRECT_CORE,0.010069676998682553,0.010216452000895515,0.0,
P02-A4-BNCI2014_001-SSL-A4-C1-LONG-3P5S-P01-L1-LOW-CAL-OFFICIAL-R2:32_PER_CLASS-MR03,BNCI2014_001,A4-C1-LONG-3P5S,SSL,P01-L1-LOW-CAL-OFFICIAL-R2:32_PER_CLASS,3,CONDITIONAL_SKIP,,,,,,,,,STAGE18_RESOURCE_CONSTRAINED_SINGLE_REPEAT_ALL_REFIT_ROLES
P02-A4-BNCI2014_001-SSL-A4-C2-MULTI-HARD-VOTE-P01-L1-LOW-CAL-OFFICIAL-R2:32_PER_CLASS-MR03,BNCI2014_001,A4-C2-MULTI-HARD-VOTE,SSL,P01-L1-LOW-CAL-OFFICIAL-R2:32_PER_CLASS,3,CONDITIONAL_SKIP,,,,,,,,,STAGE18_RESOURCE_CONSTRAINED_SINGLE_REPEAT_ALL_REFIT_ROLES
P02-A4-BNCI2014_001-SSL-A4-C3-MULTI-PROB-AVG-P01-L1-LOW-CAL-OFFICIAL-R2:32_PER_CLASS-MR03,BNCI2014_001,A4-C3-MULTI-PROB-AVG,SSL,P01-L1-LOW-CAL-OFFICIAL-R2:32_PER_CLASS,3,CONDITIONAL_SKIP,,,,,,,,,STAGE18_RESOURCE_CONSTRAINED_SINGLE_REPEAT_ALL_REFIT_ROLES
P02-A4-BNCI2014_001-SSL-A4-C0-CORE-P01-L1-LOW-CAL-OFFICIAL-R2:32_PER_CLASS-MR04,BNCI2014_001,A4-C0-CORE,SSL,P01-L1-LOW-CAL-OFFICIAL-R2:32_PER_CLASS,4,SUCCESS,3.0,3.0,1,1,DIRECT_CORE,0.009735089999594493,0.009958083799574524,0.0,
P02-A4-BNCI2014_001-SSL-A4-C1-LONG-3P5S-P01-L1-LOW-CAL-OFFICIAL-R2:32_PER_CLASS-MR04,BNCI2014_001,A4-C1-LONG-3P5S,SSL,P01-L1-LOW-CAL-OFFICIAL-R2:32_PER_CLASS,4,CONDITIONAL_SKIP,,,,,,,,,STAGE18_RESOURCE_CONSTRAINED_SINGLE_REPEAT_ALL_REFIT_ROLES
P02-A4-BNCI2014_001-SSL-A4-C2-MULTI-HARD-VOTE-P01-L1-LOW-CAL-OFFICIAL-R2:32_PER_CLASS-MR04,BNCI2014_001,A4-C2-MULTI-HARD-VOTE,SSL,P01-L1-LOW-CAL-OFFICIAL-R2:32_PER_CLASS,4,CONDITIONAL_SKIP,,,,,,,,,STAGE18_RESOURCE_CONSTRAINED_SINGLE_REPEAT_ALL_REFIT_ROLES
P02-A4-BNCI2014_001-SSL-A4-C3-MULTI-PROB-AVG-P01-L1-LOW-CAL-OFFICIAL-R2:32_PER_CLASS-MR04,BNCI2014_001,A4-C3-MULTI-PROB-AVG,SSL,P01-L1-LOW-CAL-OFFICIAL-R2:32_PER_CLASS,4,CONDITIONAL_SKIP,,,,,,,,,STAGE18_RESOURCE_CONSTRAINED_SINGLE_REPEAT_ALL_REFIT_ROLES
P02-A4-BNCI2014_001-ENSEMBLE-A4-C4-MODEL-HARD-VOTE-P01-L1-LOW-CAL-OFFICIAL-R2:32_PER_CLASS-ER00,BNCI2014_001,A4-C4-MODEL-HARD-VOTE,FIXED_MODEL_ENSEMBLE,P01-L1-LOW-CAL-OFFICIAL-R2:32_PER_CLASS,0,SUCCESS,3.0,3.0,4,4,HARD_VOTE,0.014826650996837998,0.017965303998789747,0.001493640998887713,
P02-A4-BNCI2014_001-ENSEMBLE-A4-C5-MODEL-PROB-AVG-P01-L1-LOW-CAL-OFFICIAL-R2:32_PER_CLASS-ER00,BNCI2014_001,A4-C5-MODEL-PROB-AVG,FIXED_MODEL_ENSEMBLE,P01-L1-LOW-CAL-OFFICIAL-R2:32_PER_CLASS,0,SUCCESS,3.0,3.0,4,4,PROBABILITY_AVERAGE,0.014826650996837998,0.017965303998789747,0.00019219600108044688,
P02-A4-BNCI2014_001-ENSEMBLE-A4-C4-MODEL-HARD-VOTE-P01-L1-LOW-CAL-OFFICIAL-R2:32_PER_CLASS-ER01,BNCI2014_001,A4-C4-MODEL-HARD-VOTE,FIXED_MODEL_ENSEMBLE,P01-L1-LOW-CAL-OFFICIAL-R2:32_PER_CLASS,1,SUCCESS,3.0,3.0,4,4,HARD_VOTE,0.015077019997988828,0.017870959799620324,0.002815713998643332,
P02-A4-BNCI2014_001-ENSEMBLE-A4-C5-MODEL-PROB-AVG-P01-L1-LOW-CAL-OFFICIAL-R2:32_PER_CLASS-ER01,BNCI2014_001,A4-C5-MODEL-PROB-AVG,FIXED_MODEL_ENSEMBLE,P01-L1-LOW-CAL-OFFICIAL-R2:32_PER_CLASS,1,SUCCESS,3.0,3.0,4,4,PROBABILITY_AVERAGE,0.015077019997988828,0.017870959799620324,0.0003195690005668439,
P02-A4-BNCI2014_001-ENSEMBLE-A4-C4-MODEL-HARD-VOTE-P01-L1-LOW-CAL-OFFICIAL-R2:32_PER_CLASS-ER02,BNCI2014_001,A4-C4-MODEL-HARD-VOTE,FIXED_MODEL_ENSEMBLE,P01-L1-LOW-CAL-OFFICIAL-R2:32_PER_CLASS,2,SUCCESS,3.0,3.0,4,4,HARD_VOTE,0.014900504995239316,0.01793014200084144,0.0013653969999722904,
P02-A4-BNCI2014_001-ENSEMBLE-A4-C5-MODEL-PROB-AVG-P01-L1-LOW-CAL-OFFICIAL-R2:32_PER_CLASS-ER02,BNCI2014_001,A4-C5-MODEL-PROB-AVG,FIXED_MODEL_ENSEMBLE,P01-L1-LOW-CAL-OFFICIAL-R2:32_PER_CLASS,2,SUCCESS,3.0,3.0,4,4,PROBABILITY_AVERAGE,0.014900504995239316,0.01793014200084144,0.00026966000041284133,
P02-A4-BNCI2014_001-ENSEMBLE-A4-C4-MODEL-HARD-VOTE-P01-L1-LOW-CAL-OFFICIAL-R2:32_PER_CLASS-ER03,BNCI2014_001,A4-C4-MODEL-HARD-VOTE,FIXED_MODEL_ENSEMBLE,P01-L1-LOW-CAL-OFFICIAL-R2:32_PER_CLASS,3,SUCCESS,3.0,3.0,4,4,HARD_VOTE,0.015110717995412415,0.01781885460113699,0.0012470269994082628,
P02-A4-BNCI2014_001-ENSEMBLE-A4-C5-MODEL-PROB-AVG-P01-L1-LOW-CAL-OFFICIAL-R2:32_PER_CLASS-ER03,BNCI2014_001,A4-C5-MODEL-PROB-AVG,FIXED_MODEL_ENSEMBLE,P01-L1-LOW-CAL-OFFICIAL-R2:32_PER_CLASS,3,SUCCESS,3.0,3.0,4,4,PROBABILITY_AVERAGE,0.015110717995412415,0.01781885460113699,0.0003062369996769121,
P02-A4-BNCI2014_001-ENSEMBLE-A4-C4-MODEL-HARD-VOTE-P01-L1-LOW-CAL-OFFICIAL-R2:32_PER_CLASS-ER04,BNCI2014_001,A4-C4-MODEL-HARD-VOTE,FIXED_MODEL_ENSEMBLE,P01-L1-LOW-CAL-OFFICIAL-R2:32_PER_CLASS,4,SUCCESS,3.0,3.0,4,4,HARD_VOTE,0.014796557996305637,0.01761125700068078,0.0027477250005176757,
P02-A4-BNCI2014_001-ENSEMBLE-A4-C5-MODEL-PROB-AVG-P01-L1-LOW-CAL-OFFICIAL-R2:32_PER_CLASS-ER04,BNCI2014_001,A4-C5-MODEL-PROB-AVG,FIXED_MODEL_ENSEMBLE,P01-L1-LOW-CAL-OFFICIAL-R2:32_PER_CLASS,4,SUCCESS,3.0,3.0,4,4,PROBABILITY_AVERAGE,0.014796557996305637,0.01761125700068078,0.000156410998897627,
P02-A4-Lee2019_MI-CLASSICAL-A4-C0-CORE-FULL_TRAIN-MR00,Lee2019_MI,A4-C0-CORE,CLASSICAL,FULL_TRAIN,0,SUCCESS,3.0,3.0,1,1,DIRECT_CORE,0.0007458559994120151,0.0008805869998468552,0.0,
P02-A4-Lee2019_MI-CLASSICAL-A4-C1-LONG-3P5S-FULL_TRAIN-MR00,Lee2019_MI,A4-C1-LONG-3P5S,CLASSICAL,FULL_TRAIN,0,SUCCESS,3.5,3.5,1,1,DIRECT_LONG,0.0008344039997609798,0.000988958800007822,0.0,
P02-A4-Lee2019_MI-CLASSICAL-A4-C2-MULTI-HARD-VOTE-FULL_TRAIN-MR00,Lee2019_MI,A4-C2-MULTI-HARD-VOTE,CLASSICAL,FULL_TRAIN,0,SUCCESS,2.0,3.5,3,3,HARD_VOTE,0.002216340999439126,0.0026408061992697182,0.001853507999840076,
P02-A4-Lee2019_MI-CLASSICAL-A4-C3-MULTI-PROB-AVG-FULL_TRAIN-MR00,Lee2019_MI,A4-C3-MULTI-PROB-AVG,CLASSICAL,FULL_TRAIN,0,SUCCESS,2.0,3.5,3,3,PROBABILITY_AVERAGE,0.002216340999439126,0.0026408061992697182,0.0019811669990303926,
P02-A4-Lee2019_MI-RIEMANNIAN-A4-C0-CORE-FULL_TRAIN-MR00,Lee2019_MI,A4-C0-CORE,RIEMANNIAN,FULL_TRAIN,0,SUCCESS,3.0,3.0,1,1,DIRECT_CORE,0.009157810996839544,0.009769976598181528,0.0,
P02-A4-Lee2019_MI-RIEMANNIAN-A4-C1-LONG-3P5S-FULL_TRAIN-MR00,Lee2019_MI,A4-C1-LONG-3P5S,RIEMANNIAN,FULL_TRAIN,0,SUCCESS,3.5,3.5,1,1,DIRECT_LONG,0.019163877001119545,0.02143870539985073,0.0,
P02-A4-Lee2019_MI-RIEMANNIAN-A4-C2-MULTI-HARD-VOTE-FULL_TRAIN-MR00,Lee2019_MI,A4-C2-MULTI-HARD-VOTE,RIEMANNIAN,FULL_TRAIN,0,SUCCESS,2.0,3.5,3,3,HARD_VOTE,0.03666187599992554,0.05171333380203578,0.003456043999904068,
P02-A4-Lee2019_MI-RIEMANNIAN-A4-C3-MULTI-PROB-AVG-FULL_TRAIN-MR00,Lee2019_MI,A4-C3-MULTI-PROB-AVG,RIEMANNIAN,FULL_TRAIN,0,SUCCESS,2.0,3.5,3,3,PROBABILITY_AVERAGE,0.03666187599992554,0.05171333380203578,0.0017637750006542774,
P02-A4-Lee2019_MI-NEURAL-A4-C0-CORE-FULL_TRAIN-MR00,Lee2019_MI,A4-C0-CORE,NEURAL,FULL_TRAIN,0,SUCCESS,3.0,3.0,1,1,DIRECT_CORE,0.0012623269976757001,0.0014627053998992779,0.0,
P02-A4-Lee2019_MI-NEURAL-A4-C1-LONG-3P5S-FULL_TRAIN-MR00,Lee2019_MI,A4-C1-LONG-3P5S,NEURAL,FULL_TRAIN,0,SUCCESS,3.5,3.5,1,1,DIRECT_LONG,0.012350081000477076,0.012350081000477076,0.0,
P02-A4-Lee2019_MI-NEURAL-A4-C2-MULTI-HARD-VOTE-FULL_TRAIN-MR00,Lee2019_MI,A4-C2-MULTI-HARD-VOTE,NEURAL,FULL_TRAIN,0,SUCCESS,2.0,3.5,3,3,HARD_VOTE,0.011537379999936093,0.011537379999936093,0.001914364000185742,
P02-A4-Lee2019_MI-NEURAL-A4-C3-MULTI-PROB-AVG-FULL_TRAIN-MR00,Lee2019_MI,A4-C3-MULTI-PROB-AVG,NEURAL,FULL_TRAIN,0,SUCCESS,2.0,3.5,3,3,PROBABILITY_AVERAGE,0.011537379999936093,0.011537379999936093,0.0019981599998573074,
P02-A4-Lee2019_MI-NEURAL-A4-C0-CORE-FULL_TRAIN-MR01,Lee2019_MI,A4-C0-CORE,NEURAL,FULL_TRAIN,1,SUCCESS,3.0,3.0,1,1,DIRECT_CORE,0.001379195997287752,0.0016848766012117265,0.0,
P02-A4-Lee2019_MI-NEURAL-A4-C1-LONG-3P5S-FULL_TRAIN-MR01,Lee2019_MI,A4-C1-LONG-3P5S,NEURAL,FULL_TRAIN,1,CONDITIONAL_SKIP,,,,,,,,,STAGE18_RESOURCE_CONSTRAINED_SINGLE_REPEAT_ALL_REFIT_ROLES
P02-A4-Lee2019_MI-NEURAL-A4-C2-MULTI-HARD-VOTE-FULL_TRAIN-MR01,Lee2019_MI,A4-C2-MULTI-HARD-VOTE,NEURAL,FULL_TRAIN,1,CONDITIONAL_SKIP,,,,,,,,,STAGE18_RESOURCE_CONSTRAINED_SINGLE_REPEAT_ALL_REFIT_ROLES
P02-A4-Lee2019_MI-NEURAL-A4-C3-MULTI-PROB-AVG-FULL_TRAIN-MR01,Lee2019_MI,A4-C3-MULTI-PROB-AVG,NEURAL,FULL_TRAIN,1,CONDITIONAL_SKIP,,,,,,,,,STAGE18_RESOURCE_CONSTRAINED_SINGLE_REPEAT_ALL_REFIT_ROLES
P02-A4-Lee2019_MI-NEURAL-A4-C0-CORE-FULL_TRAIN-MR02,Lee2019_MI,A4-C0-CORE,NEURAL,FULL_TRAIN,2,SUCCESS,3.0,3.0,1,1,DIRECT_CORE,0.0013629829991259612,0.0017822928013629278,0.0,
P02-A4-Lee2019_MI-NEURAL-A4-C1-LONG-3P5S-FULL_TRAIN-MR02,Lee2019_MI,A4-C1-LONG-3P5S,NEURAL,FULL_TRAIN,2,CONDITIONAL_SKIP,,,,,,,,,STAGE18_RESOURCE_CONSTRAINED_SINGLE_REPEAT_ALL_REFIT_ROLES
P02-A4-Lee2019_MI-NEURAL-A4-C2-MULTI-HARD-VOTE-FULL_TRAIN-MR02,Lee2019_MI,A4-C2-MULTI-HARD-VOTE,NEURAL,FULL_TRAIN,2,CONDITIONAL_SKIP,,,,,,,,,STAGE18_RESOURCE_CONSTRAINED_SINGLE_REPEAT_ALL_REFIT_ROLES
P02-A4-Lee2019_MI-NEURAL-A4-C3-MULTI-PROB-AVG-FULL_TRAIN-MR02,Lee2019_MI,A4-C3-MULTI-PROB-AVG,NEURAL,FULL_TRAIN,2,CONDITIONAL_SKIP,,,,,,,,,STAGE18_RESOURCE_CONSTRAINED_SINGLE_REPEAT_ALL_REFIT_ROLES
P02-A4-Lee2019_MI-NEURAL-A4-C0-CORE-FULL_TRAIN-MR03,Lee2019_MI,A4-C0-CORE,NEURAL,FULL_TRAIN,3,SUCCESS,3.0,3.0,1,1,DIRECT_CORE,0.0012817809983971529,0.001651216200843919,0.0,
P02-A4-Lee2019_MI-NEURAL-A4-C1-LONG-3P5S-FULL_TRAIN-MR03,Lee2019_MI,A4-C1-LONG-3P5S,NEURAL,FULL_TRAIN,3,CONDITIONAL_SKIP,,,,,,,,,STAGE18_RESOURCE_CONSTRAINED_SINGLE_REPEAT_ALL_REFIT_ROLES
P02-A4-Lee2019_MI-NEURAL-A4-C2-MULTI-HARD-VOTE-FULL_TRAIN-MR03,Lee2019_MI,A4-C2-MULTI-HARD-VOTE,NEURAL,FULL_TRAIN,3,CONDITIONAL_SKIP,,,,,,,,,STAGE18_RESOURCE_CONSTRAINED_SINGLE_REPEAT_ALL_REFIT_ROLES
P02-A4-Lee2019_MI-NEURAL-A4-C3-MULTI-PROB-AVG-FULL_TRAIN-MR03,Lee2019_MI,A4-C3-MULTI-PROB-AVG,NEURAL,FULL_TRAIN,3,CONDITIONAL_SKIP,,,,,,,,,STAGE18_RESOURCE_CONSTRAINED_SINGLE_REPEAT_ALL_REFIT_ROLES
P02-A4-Lee2019_MI-NEURAL-A4-C0-CORE-FULL_TRAIN-MR04,Lee2019_MI,A4-C0-CORE,NEURAL,FULL_TRAIN,4,SUCCESS,3.0,3.0,1,1,DIRECT_CORE,0.001320480998401763,0.001618713999778265,0.0,
P02-A4-Lee2019_MI-NEURAL-A4-C1-LONG-3P5S-FULL_TRAIN-MR04,Lee2019_MI,A4-C1-LONG-3P5S,NEURAL,FULL_TRAIN,4,CONDITIONAL_SKIP,,,,,,,,,STAGE18_RESOURCE_CONSTRAINED_SINGLE_REPEAT_ALL_REFIT_ROLES
P02-A4-Lee2019_MI-NEURAL-A4-C2-MULTI-HARD-VOTE-FULL_TRAIN-MR04,Lee2019_MI,A4-C2-MULTI-HARD-VOTE,NEURAL,FULL_TRAIN,4,CONDITIONAL_SKIP,,,,,,,,,STAGE18_RESOURCE_CONSTRAINED_SINGLE_REPEAT_ALL_REFIT_ROLES
P02-A4-Lee2019_MI-NEURAL-A4-C3-MULTI-PROB-AVG-FULL_TRAIN-MR04,Lee2019_MI,A4-C3-MULTI-PROB-AVG,NEURAL,FULL_TRAIN,4,CONDITIONAL_SKIP,,,,,,,,,STAGE18_RESOURCE_CONSTRAINED_SINGLE_REPEAT_ALL_REFIT_ROLES
P02-A4-Lee2019_MI-SSL-A4-C0-CORE-FULL_TRAIN-MR00,Lee2019_MI,A4-C0-CORE,SSL,FULL_TRAIN,0,SUCCESS,3.0,3.0,1,1,DIRECT_CORE,0.00983987599829561,0.010063124401494861,0.0,
P02-A4-Lee2019_MI-SSL-A4-C1-LONG-3P5S-FULL_TRAIN-MR00,Lee2019_MI,A4-C1-LONG-3P5S,SSL,FULL_TRAIN,0,INPUT_INCOMPATIBLE,,,,,,,,,A4_MEMBER_UNAVAILABLE
P02-A4-Lee2019_MI-SSL-A4-C2-MULTI-HARD-VOTE-FULL_TRAIN-MR00,Lee2019_MI,A4-C2-MULTI-HARD-VOTE,SSL,FULL_TRAIN,0,SUCCESS,2.0,3.5,3,3,HARD_VOTE,0.22392034499898728,0.22392034499898728,0.015171912000369048,
P02-A4-Lee2019_MI-SSL-A4-C3-MULTI-PROB-AVG-FULL_TRAIN-MR00,Lee2019_MI,A4-C3-MULTI-PROB-AVG,SSL,FULL_TRAIN,0,SUCCESS,2.0,3.5,3,3,PROBABILITY_AVERAGE,0.21564583399958792,0.21564583399958792,0.0020769239999935962,
P02-A4-Lee2019_MI-SSL-A4-C0-CORE-FULL_TRAIN-MR01,Lee2019_MI,A4-C0-CORE,SSL,FULL_TRAIN,1,SUCCESS,3.0,3.0,1,1,DIRECT_CORE,0.009318828000687063,0.009597283001494362,0.0,
P02-A4-Lee2019_MI-SSL-A4-C1-LONG-3P5S-FULL_TRAIN-MR01,Lee2019_MI,A4-C1-LONG-3P5S,SSL,FULL_TRAIN,1,CONDITIONAL_SKIP,,,,,,,,,STAGE18_RESOURCE_CONSTRAINED_SINGLE_REPEAT_ALL_REFIT_ROLES
P02-A4-Lee2019_MI-SSL-A4-C2-MULTI-HARD-VOTE-FULL_TRAIN-MR01,Lee2019_MI,A4-C2-MULTI-HARD-VOTE,SSL,FULL_TRAIN,1,CONDITIONAL_SKIP,,,,,,,,,STAGE18_RESOURCE_CONSTRAINED_SINGLE_REPEAT_ALL_REFIT_ROLES
P02-A4-Lee2019_MI-SSL-A4-C3-MULTI-PROB-AVG-FULL_TRAIN-MR01,Lee2019_MI,A4-C3-MULTI-PROB-AVG,SSL,FULL_TRAIN,1,CONDITIONAL_SKIP,,,,,,,,,STAGE18_RESOURCE_CONSTRAINED_SINGLE_REPEAT_ALL_REFIT_ROLES
P02-A4-Lee2019_MI-SSL-A4-C0-CORE-FULL_TRAIN-MR02,Lee2019_MI,A4-C0-CORE,SSL,FULL_TRAIN,2,SUCCESS,3.0,3.0,1,1,DIRECT_CORE,0.00932291600111057,0.009710444797383389,0.0,
P02-A4-Lee2019_MI-SSL-A4-C1-LONG-3P5S-FULL_TRAIN-MR02,Lee2019_MI,A4-C1-LONG-3P5S,SSL,FULL_TRAIN,2,CONDITIONAL_SKIP,,,,,,,,,STAGE18_RESOURCE_CONSTRAINED_SINGLE_REPEAT_ALL_REFIT_ROLES
P02-A4-Lee2019_MI-SSL-A4-C2-MULTI-HARD-VOTE-FULL_TRAIN-MR02,Lee2019_MI,A4-C2-MULTI-HARD-VOTE,SSL,FULL_TRAIN,2,CONDITIONAL_SKIP,,,,,,,,,STAGE18_RESOURCE_CONSTRAINED_SINGLE_REPEAT_ALL_REFIT_ROLES
P02-A4-Lee2019_MI-SSL-A4-C3-MULTI-PROB-AVG-FULL_TRAIN-MR02,Lee2019_MI,A4-C3-MULTI-PROB-AVG,SSL,FULL_TRAIN,2,CONDITIONAL_SKIP,,,,,,,,,STAGE18_RESOURCE_CONSTRAINED_SINGLE_REPEAT_ALL_REFIT_ROLES
P02-A4-Lee2019_MI-SSL-A4-C0-CORE-FULL_TRAIN-MR03,Lee2019_MI,A4-C0-CORE,SSL,FULL_TRAIN,3,SUCCESS,3.0,3.0,1,1,DIRECT_CORE,0.010316034000425134,0.011174636999203357,0.0,
P02-A4-Lee2019_MI-SSL-A4-C1-LONG-3P5S-FULL_TRAIN-MR03,Lee2019_MI,A4-C1-LONG-3P5S,SSL,FULL_TRAIN,3,CONDITIONAL_SKIP,,,,,,,,,STAGE18_RESOURCE_CONSTRAINED_SINGLE_REPEAT_ALL_REFIT_ROLES
P02-A4-Lee2019_MI-SSL-A4-C2-MULTI-HARD-VOTE-FULL_TRAIN-MR03,Lee2019_MI,A4-C2-MULTI-HARD-VOTE,SSL,FULL_TRAIN,3,CONDITIONAL_SKIP,,,,,,,,,STAGE18_RESOURCE_CONSTRAINED_SINGLE_REPEAT_ALL_REFIT_ROLES
P02-A4-Lee2019_MI-SSL-A4-C3-MULTI-PROB-AVG-FULL_TRAIN-MR03,Lee2019_MI,A4-C3-MULTI-PROB-AVG,SSL,FULL_TRAIN,3,CONDITIONAL_SKIP,,,,,,,,,STAGE18_RESOURCE_CONSTRAINED_SINGLE_REPEAT_ALL_REFIT_ROLES
P02-A4-Lee2019_MI-SSL-A4-C0-CORE-FULL_TRAIN-MR04,Lee2019_MI,A4-C0-CORE,SSL,FULL_TRAIN,4,SUCCESS,3.0,3.0,1,1,DIRECT_CORE,0.009619018001103541,0.010057992200017907,0.0,
P02-A4-Lee2019_MI-SSL-A4-C1-LONG-3P5S-FULL_TRAIN-MR04,Lee2019_MI,A4-C1-LONG-3P5S,SSL,FULL_TRAIN,4,CONDITIONAL_SKIP,,,,,,,,,STAGE18_RESOURCE_CONSTRAINED_SINGLE_REPEAT_ALL_REFIT_ROLES
P02-A4-Lee2019_MI-SSL-A4-C2-MULTI-HARD-VOTE-FULL_TRAIN-MR04,Lee2019_MI,A4-C2-MULTI-HARD-VOTE,SSL,FULL_TRAIN,4,CONDITIONAL_SKIP,,,,,,,,,STAGE18_RESOURCE_CONSTRAINED_SINGLE_REPEAT_ALL_REFIT_ROLES
P02-A4-Lee2019_MI-SSL-A4-C3-MULTI-PROB-AVG-FULL_TRAIN-MR04,Lee2019_MI,A4-C3-MULTI-PROB-AVG,SSL,FULL_TRAIN,4,CONDITIONAL_SKIP,,,,,,,,,STAGE18_RESOURCE_CONSTRAINED_SINGLE_REPEAT_ALL_REFIT_ROLES
P02-A4-Lee2019_MI-ENSEMBLE-A4-C4-MODEL-HARD-VOTE-FULL_TRAIN-ER00,Lee2019_MI,A4-C4-MODEL-HARD-VOTE,FIXED_MODEL_ENSEMBLE,FULL_TRAIN,0,SUCCESS,3.0,3.0,4,4,HARD_VOTE,0.02100586999222287,0.022176393399422525,0.002847964999091346,
P02-A4-Lee2019_MI-ENSEMBLE-A4-C5-MODEL-PROB-AVG-FULL_TRAIN-ER00,Lee2019_MI,A4-C5-MODEL-PROB-AVG,FIXED_MODEL_ENSEMBLE,FULL_TRAIN,0,SUCCESS,3.0,3.0,4,4,PROBABILITY_AVERAGE,0.02100586999222287,0.022176393399422525,0.00020482400032051373,
P02-A4-Lee2019_MI-ENSEMBLE-A4-C4-MODEL-HARD-VOTE-FULL_TRAIN-ER01,Lee2019_MI,A4-C4-MODEL-HARD-VOTE,FIXED_MODEL_ENSEMBLE,FULL_TRAIN,1,SUCCESS,3.0,3.0,4,4,HARD_VOTE,0.020601690994226374,0.021932723200734472,0.011069849999330472,
P02-A4-Lee2019_MI-ENSEMBLE-A4-C5-MODEL-PROB-AVG-FULL_TRAIN-ER01,Lee2019_MI,A4-C5-MODEL-PROB-AVG,FIXED_MODEL_ENSEMBLE,FULL_TRAIN,1,SUCCESS,3.0,3.0,4,4,PROBABILITY_AVERAGE,0.020601690994226374,0.021932723200734472,0.0002440509997541085,
P02-A4-Lee2019_MI-ENSEMBLE-A4-C4-MODEL-HARD-VOTE-FULL_TRAIN-ER02,Lee2019_MI,A4-C4-MODEL-HARD-VOTE,FIXED_MODEL_ENSEMBLE,FULL_TRAIN,2,SUCCESS,3.0,3.0,4,4,HARD_VOTE,0.02058956599648809,0.022143301196774698,0.0028678260005108314,
P02-A4-Lee2019_MI-ENSEMBLE-A4-C5-MODEL-PROB-AVG-FULL_TRAIN-ER02,Lee2019_MI,A4-C5-MODEL-PROB-AVG,FIXED_MODEL_ENSEMBLE,FULL_TRAIN,2,SUCCESS,3.0,3.0,4,4,PROBABILITY_AVERAGE,0.02058956599648809,0.022143301196774698,0.00025036399892996997,
P02-A4-Lee2019_MI-ENSEMBLE-A4-C4-MODEL-HARD-VOTE-FULL_TRAIN-ER03,Lee2019_MI,A4-C4-MODEL-HARD-VOTE,FIXED_MODEL_ENSEMBLE,FULL_TRAIN,3,SUCCESS,3.0,3.0,4,4,HARD_VOTE,0.021501481995073846,0.02347641679807566,0.0025114380005106796,
P02-A4-Lee2019_MI-ENSEMBLE-A4-C5-MODEL-PROB-AVG-FULL_TRAIN-ER03,Lee2019_MI,A4-C5-MODEL-PROB-AVG,FIXED_MODEL_ENSEMBLE,FULL_TRAIN,3,SUCCESS,3.0,3.0,4,4,PROBABILITY_AVERAGE,0.021501481995073846,0.02347641679807566,0.00022142700072436128,
P02-A4-Lee2019_MI-ENSEMBLE-A4-C4-MODEL-HARD-VOTE-FULL_TRAIN-ER04,Lee2019_MI,A4-C4-MODEL-HARD-VOTE,FIXED_MODEL_ENSEMBLE,FULL_TRAIN,4,SUCCESS,3.0,3.0,4,4,HARD_VOTE,0.020843165995756863,0.022327269797824553,0.0026246950001223013,
P02-A4-Lee2019_MI-ENSEMBLE-A4-C5-MODEL-PROB-AVG-FULL_TRAIN-ER04,Lee2019_MI,A4-C5-MODEL-PROB-AVG,FIXED_MODEL_ENSEMBLE,FULL_TRAIN,4,SUCCESS,3.0,3.0,4,4,PROBABILITY_AVERAGE,0.020843165995756863,0.022327269797824553,0.0002228640005341731,
P02-A4-Lee2019_MI-CLASSICAL-A4-C0-CORE-P01-L1-LOW-CAL-OFFICIAL-R2:1_PER_CLASS-MR00,Lee2019_MI,A4-C0-CORE,CLASSICAL,P01-L1-LOW-CAL-OFFICIAL-R2:1_PER_CLASS,0,NOT_APPLICABLE_REPEAT_SLOT,,,,,,,,,NO_VALIDATION_SELECTED_REPRESENTATIVE
P02-A4-Lee2019_MI-CLASSICAL-A4-C1-LONG-3P5S-P01-L1-LOW-CAL-OFFICIAL-R2:1_PER_CLASS-MR00,Lee2019_MI,A4-C1-LONG-3P5S,CLASSICAL,P01-L1-LOW-CAL-OFFICIAL-R2:1_PER_CLASS,0,NOT_APPLICABLE_REPEAT_SLOT,,,,,,,,,NO_VALIDATION_SELECTED_REPRESENTATIVE
P02-A4-Lee2019_MI-CLASSICAL-A4-C2-MULTI-HARD-VOTE-P01-L1-LOW-CAL-OFFICIAL-R2:1_PER_CLASS-MR00,Lee2019_MI,A4-C2-MULTI-HARD-VOTE,CLASSICAL,P01-L1-LOW-CAL-OFFICIAL-R2:1_PER_CLASS,0,NOT_APPLICABLE_REPEAT_SLOT,,,,,,,,,NO_VALIDATION_SELECTED_REPRESENTATIVE
P02-A4-Lee2019_MI-CLASSICAL-A4-C3-MULTI-PROB-AVG-P01-L1-LOW-CAL-OFFICIAL-R2:1_PER_CLASS-MR00,Lee2019_MI,A4-C3-MULTI-PROB-AVG,CLASSICAL,P01-L1-LOW-CAL-OFFICIAL-R2:1_PER_CLASS,0,NOT_APPLICABLE_REPEAT_SLOT,,,,,,,,,NO_VALIDATION_SELECTED_REPRESENTATIVE
P02-A4-Lee2019_MI-RIEMANNIAN-A4-C0-CORE-P01-L1-LOW-CAL-OFFICIAL-R2:1_PER_CLASS-MR00,Lee2019_MI,A4-C0-CORE,RIEMANNIAN,P01-L1-LOW-CAL-OFFICIAL-R2:1_PER_CLASS,0,SUCCESS,3.0,3.0,1,1,DIRECT_CORE,0.009179572996799834,0.01004662099876441,0.0,
P02-A4-Lee2019_MI-RIEMANNIAN-A4-C1-LONG-3P5S-P01-L1-LOW-CAL-OFFICIAL-R2:1_PER_CLASS-MR00,Lee2019_MI,A4-C1-LONG-3P5S,RIEMANNIAN,P01-L1-LOW-CAL-OFFICIAL-R2:1_PER_CLASS,0,SUCCESS,3.5,3.5,1,1,DIRECT_LONG,0.00706075400012196,0.007118984000044293,0.0,
P02-A4-Lee2019_MI-RIEMANNIAN-A4-C2-MULTI-HARD-VOTE-P01-L1-LOW-CAL-OFFICIAL-R2:1_PER_CLASS-MR00,Lee2019_MI,A4-C2-MULTI-HARD-VOTE,RIEMANNIAN,P01-L1-LOW-CAL-OFFICIAL-R2:1_PER_CLASS,0,SUCCESS,2.0,3.5,3,3,HARD_VOTE,0.020716027000162285,0.02159290059862542,0.0036219339999661315,
P02-A4-Lee2019_MI-RIEMANNIAN-A4-C3-MULTI-PROB-AVG-P01-L1-LOW-CAL-OFFICIAL-R2:1_PER_CLASS-MR00,Lee2019_MI,A4-C3-MULTI-PROB-AVG,RIEMANNIAN,P01-L1-LOW-CAL-OFFICIAL-R2:1_PER_CLASS,0,SUCCESS,2.0,3.5,3,3,PROBABILITY_AVERAGE,0.020716027000162285,0.02159290059862542,0.0017968689990084385,
P02-A4-Lee2019_MI-NEURAL-A4-C0-CORE-P01-L1-LOW-CAL-OFFICIAL-R2:1_PER_CLASS-MR00,Lee2019_MI,A4-C0-CORE,NEURAL,P01-L1-LOW-CAL-OFFICIAL-R2:1_PER_CLASS,0,SUCCESS,3.0,3.0,1,1,DIRECT_CORE,0.001298201001191046,0.0023579010008688782,0.0,
P02-A4-Lee2019_MI-NEURAL-A4-C1-LONG-3P5S-P01-L1-LOW-CAL-OFFICIAL-R2:1_PER_CLASS-MR00,Lee2019_MI,A4-C1-LONG-3P5S,NEURAL,P01-L1-LOW-CAL-OFFICIAL-R2:1_PER_CLASS,0,SUCCESS,3.5,3.5,1,1,DIRECT_LONG,0.007845183999961591,0.007845183999961591,0.0,
P02-A4-Lee2019_MI-NEURAL-A4-C2-MULTI-HARD-VOTE-P01-L1-LOW-CAL-OFFICIAL-R2:1_PER_CLASS-MR00,Lee2019_MI,A4-C2-MULTI-HARD-VOTE,NEURAL,P01-L1-LOW-CAL-OFFICIAL-R2:1_PER_CLASS,0,SUCCESS,2.0,3.5,3,3,HARD_VOTE,0.03258964599990577,0.03258964599990577,0.03563806399870373,
P02-A4-Lee2019_MI-NEURAL-A4-C3-MULTI-PROB-AVG-P01-L1-LOW-CAL-OFFICIAL-R2:1_PER_CLASS-MR00,Lee2019_MI,A4-C3-MULTI-PROB-AVG,NEURAL,P01-L1-LOW-CAL-OFFICIAL-R2:1_PER_CLASS,0,SUCCESS,2.0,3.5,3,3,PROBABILITY_AVERAGE,0.03258964599990577,0.03258964599990577,0.0024379939986829413,
P02-A4-Lee2019_MI-NEURAL-A4-C0-CORE-P01-L1-LOW-CAL-OFFICIAL-R2:1_PER_CLASS-MR01,Lee2019_MI,A4-C0-CORE,NEURAL,P01-L1-LOW-CAL-OFFICIAL-R2:1_PER_CLASS,1,SUCCESS,3.0,3.0,1,1,DIRECT_CORE,0.0012466379994293675,0.0015701930005889153,0.0,
P02-A4-Lee2019_MI-NEURAL-A4-C1-LONG-3P5S-P01-L1-LOW-CAL-OFFICIAL-R2:1_PER_CLASS-MR01,Lee2019_MI,A4-C1-LONG-3P5S,NEURAL,P01-L1-LOW-CAL-OFFICIAL-R2:1_PER_CLASS,1,CONDITIONAL_SKIP,,,,,,,,,STAGE18_RESOURCE_CONSTRAINED_SINGLE_REPEAT_ALL_REFIT_ROLES
P02-A4-Lee2019_MI-NEURAL-A4-C2-MULTI-HARD-VOTE-P01-L1-LOW-CAL-OFFICIAL-R2:1_PER_CLASS-MR01,Lee2019_MI,A4-C2-MULTI-HARD-VOTE,NEURAL,P01-L1-LOW-CAL-OFFICIAL-R2:1_PER_CLASS,1,CONDITIONAL_SKIP,,,,,,,,,STAGE18_RESOURCE_CONSTRAINED_SINGLE_REPEAT_ALL_REFIT_ROLES
P02-A4-Lee2019_MI-NEURAL-A4-C3-MULTI-PROB-AVG-P01-L1-LOW-CAL-OFFICIAL-R2:1_PER_CLASS-MR01,Lee2019_MI,A4-C3-MULTI-PROB-AVG,NEURAL,P01-L1-LOW-CAL-OFFICIAL-R2:1_PER_CLASS,1,CONDITIONAL_SKIP,,,,,,,,,STAGE18_RESOURCE_CONSTRAINED_SINGLE_REPEAT_ALL_REFIT_ROLES
P02-A4-Lee2019_MI-NEURAL-A4-C0-CORE-P01-L1-LOW-CAL-OFFICIAL-R2:1_PER_CLASS-MR02,Lee2019_MI,A4-C0-CORE,NEURAL,P01-L1-LOW-CAL-OFFICIAL-R2:1_PER_CLASS,2,SUCCESS,3.0,3.0,1,1,DIRECT_CORE,0.0018050800008495571,0.0021819480003614443,0.0,
P02-A4-Lee2019_MI-NEURAL-A4-C1-LONG-3P5S-P01-L1-LOW-CAL-OFFICIAL-R2:1_PER_CLASS-MR02,Lee2019_MI,A4-C1-LONG-3P5S,NEURAL,P01-L1-LOW-CAL-OFFICIAL-R2:1_PER_CLASS,2,CONDITIONAL_SKIP,,,,,,,,,STAGE18_RESOURCE_CONSTRAINED_SINGLE_REPEAT_ALL_REFIT_ROLES
P02-A4-Lee2019_MI-NEURAL-A4-C2-MULTI-HARD-VOTE-P01-L1-LOW-CAL-OFFICIAL-R2:1_PER_CLASS-MR02,Lee2019_MI,A4-C2-MULTI-HARD-VOTE,NEURAL,P01-L1-LOW-CAL-OFFICIAL-R2:1_PER_CLASS,2,CONDITIONAL_SKIP,,,,,,,,,STAGE18_RESOURCE_CONSTRAINED_SINGLE_REPEAT_ALL_REFIT_ROLES
P02-A4-Lee2019_MI-NEURAL-A4-C3-MULTI-PROB-AVG-P01-L1-LOW-CAL-OFFICIAL-R2:1_PER_CLASS-MR02,Lee2019_MI,A4-C3-MULTI-PROB-AVG,NEURAL,P01-L1-LOW-CAL-OFFICIAL-R2:1_PER_CLASS,2,CONDITIONAL_SKIP,,,,,,,,,STAGE18_RESOURCE_CONSTRAINED_SINGLE_REPEAT_ALL_REFIT_ROLES
P02-A4-Lee2019_MI-NEURAL-A4-C0-CORE-P01-L1-LOW-CAL-OFFICIAL-R2:1_PER_CLASS-MR03,Lee2019_MI,A4-C0-CORE,NEURAL,P01-L1-LOW-CAL-OFFICIAL-R2:1_PER_CLASS,3,SUCCESS,3.0,3.0,1,1,DIRECT_CORE,0.0013613080009236,0.0016459612001199274,0.0,
P02-A4-Lee2019_MI-NEURAL-A4-C1-LONG-3P5S-P01-L1-LOW-CAL-OFFICIAL-R2:1_PER_CLASS-MR03,Lee2019_MI,A4-C1-LONG-3P5S,NEURAL,P01-L1-LOW-CAL-OFFICIAL-R2:1_PER_CLASS,3,CONDITIONAL_SKIP,,,,,,,,,STAGE18_RESOURCE_CONSTRAINED_SINGLE_REPEAT_ALL_REFIT_ROLES
P02-A4-Lee2019_MI-NEURAL-A4-C2-MULTI-HARD-VOTE-P01-L1-LOW-CAL-OFFICIAL-R2:1_PER_CLASS-MR03,Lee2019_MI,A4-C2-MULTI-HARD-VOTE,NEURAL,P01-L1-LOW-CAL-OFFICIAL-R2:1_PER_CLASS,3,CONDITIONAL_SKIP,,,,,,,,,STAGE18_RESOURCE_CONSTRAINED_SINGLE_REPEAT_ALL_REFIT_ROLES
P02-A4-Lee2019_MI-NEURAL-A4-C3-MULTI-PROB-AVG-P01-L1-LOW-CAL-OFFICIAL-R2:1_PER_CLASS-MR03,Lee2019_MI,A4-C3-MULTI-PROB-AVG,NEURAL,P01-L1-LOW-CAL-OFFICIAL-R2:1_PER_CLASS,3,CONDITIONAL_SKIP,,,,,,,,,STAGE18_RESOURCE_CONSTRAINED_SINGLE_REPEAT_ALL_REFIT_ROLES
P02-A4-Lee2019_MI-NEURAL-A4-C0-CORE-P01-L1-LOW-CAL-OFFICIAL-R2:1_PER_CLASS-MR04,Lee2019_MI,A4-C0-CORE,NEURAL,P01-L1-LOW-CAL-OFFICIAL-R2:1_PER_CLASS,4,SUCCESS,3.0,3.0,1,1,DIRECT_CORE,0.0014235750004445435,0.001682532600898412,0.0,
P02-A4-Lee2019_MI-NEURAL-A4-C1-LONG-3P5S-P01-L1-LOW-CAL-OFFICIAL-R2:1_PER_CLASS-MR04,Lee2019_MI,A4-C1-LONG-3P5S,NEURAL,P01-L1-LOW-CAL-OFFICIAL-R2:1_PER_CLASS,4,CONDITIONAL_SKIP,,,,,,,,,STAGE18_RESOURCE_CONSTRAINED_SINGLE_REPEAT_ALL_REFIT_ROLES
P02-A4-Lee2019_MI-NEURAL-A4-C2-MULTI-HARD-VOTE-P01-L1-LOW-CAL-OFFICIAL-R2:1_PER_CLASS-MR04,Lee2019_MI,A4-C2-MULTI-HARD-VOTE,NEURAL,P01-L1-LOW-CAL-OFFICIAL-R2:1_PER_CLASS,4,CONDITIONAL_SKIP,,,,,,,,,STAGE18_RESOURCE_CONSTRAINED_SINGLE_REPEAT_ALL_REFIT_ROLES
P02-A4-Lee2019_MI-NEURAL-A4-C3-MULTI-PROB-AVG-P01-L1-LOW-CAL-OFFICIAL-R2:1_PER_CLASS-MR04,Lee2019_MI,A4-C3-MULTI-PROB-AVG,NEURAL,P01-L1-LOW-CAL-OFFICIAL-R2:1_PER_CLASS,4,CONDITIONAL_SKIP,,,,,,,,,STAGE18_RESOURCE_CONSTRAINED_SINGLE_REPEAT_ALL_REFIT_ROLES
P02-A4-Lee2019_MI-SSL-A4-C0-CORE-P01-L1-LOW-CAL-OFFICIAL-R2:1_PER_CLASS-MR00,Lee2019_MI,A4-C0-CORE,SSL,P01-L1-LOW-CAL-OFFICIAL-R2:1_PER_CLASS,0,SUCCESS,3.0,3.0,1,1,DIRECT_CORE,0.009595675001037307,0.01034693320034421,0.0,
P02-A4-Lee2019_MI-SSL-A4-C1-LONG-3P5S-P01-L1-LOW-CAL-OFFICIAL-R2:1_PER_CLASS-MR00,Lee2019_MI,A4-C1-LONG-3P5S,SSL,P01-L1-LOW-CAL-OFFICIAL-R2:1_PER_CLASS,0,INPUT_INCOMPATIBLE,,,,,,,,,A4_MEMBER_UNAVAILABLE
P02-A4-Lee2019_MI-SSL-A4-C2-MULTI-HARD-VOTE-P01-L1-LOW-CAL-OFFICIAL-R2:1_PER_CLASS-MR00,Lee2019_MI,A4-C2-MULTI-HARD-VOTE,SSL,P01-L1-LOW-CAL-OFFICIAL-R2:1_PER_CLASS,0,SUCCESS,2.0,3.5,3,3,HARD_VOTE,0.34662661400216166,0.34662661400216166,0.004674048999731895,
P02-A4-Lee2019_MI-SSL-A4-C3-MULTI-PROB-AVG-P01-L1-LOW-CAL-OFFICIAL-R2:1_PER_CLASS-MR00,Lee2019_MI,A4-C3-MULTI-PROB-AVG,SSL,P01-L1-LOW-CAL-OFFICIAL-R2:1_PER_CLASS,0,SUCCESS,2.0,3.5,3,3,PROBABILITY_AVERAGE,0.34662661400216166,0.34662661400216166,0.004068484000526951,
P02-A4-Lee2019_MI-SSL-A4-C0-CORE-P01-L1-LOW-CAL-OFFICIAL-R2:1_PER_CLASS-MR01,Lee2019_MI,A4-C0-CORE,SSL,P01-L1-LOW-CAL-OFFICIAL-R2:1_PER_CLASS,1,SUCCESS,3.0,3.0,1,1,DIRECT_CORE,0.010728244000347331,0.010833504598849686,0.0,
P02-A4-Lee2019_MI-SSL-A4-C1-LONG-3P5S-P01-L1-LOW-CAL-OFFICIAL-R2:1_PER_CLASS-MR01,Lee2019_MI,A4-C1-LONG-3P5S,SSL,P01-L1-LOW-CAL-OFFICIAL-R2:1_PER_CLASS,1,CONDITIONAL_SKIP,,,,,,,,,STAGE18_RESOURCE_CONSTRAINED_SINGLE_REPEAT_ALL_REFIT_ROLES
P02-A4-Lee2019_MI-SSL-A4-C2-MULTI-HARD-VOTE-P01-L1-LOW-CAL-OFFICIAL-R2:1_PER_CLASS-MR01,Lee2019_MI,A4-C2-MULTI-HARD-VOTE,SSL,P01-L1-LOW-CAL-OFFICIAL-R2:1_PER_CLASS,1,CONDITIONAL_SKIP,,,,,,,,,STAGE18_RESOURCE_CONSTRAINED_SINGLE_REPEAT_ALL_REFIT_ROLES
P02-A4-Lee2019_MI-SSL-A4-C3-MULTI-PROB-AVG-P01-L1-LOW-CAL-OFFICIAL-R2:1_PER_CLASS-MR01,Lee2019_MI,A4-C3-MULTI-PROB-AVG,SSL,P01-L1-LOW-CAL-OFFICIAL-R2:1_PER_CLASS,1,CONDITIONAL_SKIP,,,,,,,,,STAGE18_RESOURCE_CONSTRAINED_SINGLE_REPEAT_ALL_REFIT_ROLES
P02-A4-Lee2019_MI-SSL-A4-C0-CORE-P01-L1-LOW-CAL-OFFICIAL-R2:1_PER_CLASS-MR02,Lee2019_MI,A4-C0-CORE,SSL,P01-L1-LOW-CAL-OFFICIAL-R2:1_PER_CLASS,2,SUCCESS,3.0,3.0,1,1,DIRECT_CORE,0.009913158999552252,0.010265282200271031,0.0,
P02-A4-Lee2019_MI-SSL-A4-C1-LONG-3P5S-P01-L1-LOW-CAL-OFFICIAL-R2:1_PER_CLASS-MR02,Lee2019_MI,A4-C1-LONG-3P5S,SSL,P01-L1-LOW-CAL-OFFICIAL-R2:1_PER_CLASS,2,CONDITIONAL_SKIP,,,,,,,,,STAGE18_RESOURCE_CONSTRAINED_SINGLE_REPEAT_ALL_REFIT_ROLES
P02-A4-Lee2019_MI-SSL-A4-C2-MULTI-HARD-VOTE-P01-L1-LOW-CAL-OFFICIAL-R2:1_PER_CLASS-MR02,Lee2019_MI,A4-C2-MULTI-HARD-VOTE,SSL,P01-L1-LOW-CAL-OFFICIAL-R2:1_PER_CLASS,2,CONDITIONAL_SKIP,,,,,,,,,STAGE18_RESOURCE_CONSTRAINED_SINGLE_REPEAT_ALL_REFIT_ROLES
P02-A4-Lee2019_MI-SSL-A4-C3-MULTI-PROB-AVG-P01-L1-LOW-CAL-OFFICIAL-R2:1_PER_CLASS-MR02,Lee2019_MI,A4-C3-MULTI-PROB-AVG,SSL,P01-L1-LOW-CAL-OFFICIAL-R2:1_PER_CLASS,2,CONDITIONAL_SKIP,,,,,,,,,STAGE18_RESOURCE_CONSTRAINED_SINGLE_REPEAT_ALL_REFIT_ROLES
P02-A4-Lee2019_MI-SSL-A4-C0-CORE-P01-L1-LOW-CAL-OFFICIAL-R2:1_PER_CLASS-MR03,Lee2019_MI,A4-C0-CORE,SSL,P01-L1-LOW-CAL-OFFICIAL-R2:1_PER_CLASS,3,SUCCESS,3.0,3.0,1,1,DIRECT_CORE,0.009954935001587728,0.00997053920000326,0.0,
P02-A4-Lee2019_MI-SSL-A4-C1-LONG-3P5S-P01-L1-LOW-CAL-OFFICIAL-R2:1_PER_CLASS-MR03,Lee2019_MI,A4-C1-LONG-3P5S,SSL,P01-L1-LOW-CAL-OFFICIAL-R2:1_PER_CLASS,3,CONDITIONAL_SKIP,,,,,,,,,STAGE18_RESOURCE_CONSTRAINED_SINGLE_REPEAT_ALL_REFIT_ROLES
P02-A4-Lee2019_MI-SSL-A4-C2-MULTI-HARD-VOTE-P01-L1-LOW-CAL-OFFICIAL-R2:1_PER_CLASS-MR03,Lee2019_MI,A4-C2-MULTI-HARD-VOTE,SSL,P01-L1-LOW-CAL-OFFICIAL-R2:1_PER_CLASS,3,CONDITIONAL_SKIP,,,,,,,,,STAGE18_RESOURCE_CONSTRAINED_SINGLE_REPEAT_ALL_REFIT_ROLES
P02-A4-Lee2019_MI-SSL-A4-C3-MULTI-PROB-AVG-P01-L1-LOW-CAL-OFFICIAL-R2:1_PER_CLASS-MR03,Lee2019_MI,A4-C3-MULTI-PROB-AVG,SSL,P01-L1-LOW-CAL-OFFICIAL-R2:1_PER_CLASS,3,CONDITIONAL_SKIP,,,,,,,,,STAGE18_RESOURCE_CONSTRAINED_SINGLE_REPEAT_ALL_REFIT_ROLES
P02-A4-Lee2019_MI-SSL-A4-C0-CORE-P01-L1-LOW-CAL-OFFICIAL-R2:1_PER_CLASS-MR04,Lee2019_MI,A4-C0-CORE,SSL,P01-L1-LOW-CAL-OFFICIAL-R2:1_PER_CLASS,4,SUCCESS,3.0,3.0,1,1,DIRECT_CORE,0.009889896999084158,0.010057833397877403,0.0,
P02-A4-Lee2019_MI-SSL-A4-C1-LONG-3P5S-P01-L1-LOW-CAL-OFFICIAL-R2:1_PER_CLASS-MR04,Lee2019_MI,A4-C1-LONG-3P5S,SSL,P01-L1-LOW-CAL-OFFICIAL-R2:1_PER_CLASS,4,CONDITIONAL_SKIP,,,,,,,,,STAGE18_RESOURCE_CONSTRAINED_SINGLE_REPEAT_ALL_REFIT_ROLES
P02-A4-Lee2019_MI-SSL-A4-C2-MULTI-HARD-VOTE-P01-L1-LOW-CAL-OFFICIAL-R2:1_PER_CLASS-MR04,Lee2019_MI,A4-C2-MULTI-HARD-VOTE,SSL,P01-L1-LOW-CAL-OFFICIAL-R2:1_PER_CLASS,4,CONDITIONAL_SKIP,,,,,,,,,STAGE18_RESOURCE_CONSTRAINED_SINGLE_REPEAT_ALL_REFIT_ROLES
P02-A4-Lee2019_MI-SSL-A4-C3-MULTI-PROB-AVG-P01-L1-LOW-CAL-OFFICIAL-R2:1_PER_CLASS-MR04,Lee2019_MI,A4-C3-MULTI-PROB-AVG,SSL,P01-L1-LOW-CAL-OFFICIAL-R2:1_PER_CLASS,4,CONDITIONAL_SKIP,,,,,,,,,STAGE18_RESOURCE_CONSTRAINED_SINGLE_REPEAT_ALL_REFIT_ROLES
P02-A4-Lee2019_MI-ENSEMBLE-A4-C4-MODEL-HARD-VOTE-P01-L1-LOW-CAL-OFFICIAL-R2:1_PER_CLASS-ER00,Lee2019_MI,A4-C4-MODEL-HARD-VOTE,FIXED_MODEL_ENSEMBLE,P01-L1-LOW-CAL-OFFICIAL-R2:1_PER_CLASS,0,NOT_APPLICABLE_REPEAT_SLOT,,,,,,,,,MINIMUM_ENSEMBLE_ROLES_NOT_AVAILABLE
P02-A4-Lee2019_MI-ENSEMBLE-A4-C5-MODEL-PROB-AVG-P01-L1-LOW-CAL-OFFICIAL-R2:1_PER_CLASS-ER00,Lee2019_MI,A4-C5-MODEL-PROB-AVG,FIXED_MODEL_ENSEMBLE,P01-L1-LOW-CAL-OFFICIAL-R2:1_PER_CLASS,0,NOT_APPLICABLE_REPEAT_SLOT,,,,,,,,,MINIMUM_ENSEMBLE_ROLES_NOT_AVAILABLE
P02-A4-Lee2019_MI-ENSEMBLE-A4-C4-MODEL-HARD-VOTE-P01-L1-LOW-CAL-OFFICIAL-R2:1_PER_CLASS-ER01,Lee2019_MI,A4-C4-MODEL-HARD-VOTE,FIXED_MODEL_ENSEMBLE,P01-L1-LOW-CAL-OFFICIAL-R2:1_PER_CLASS,1,NOT_APPLICABLE_REPEAT_SLOT,,,,,,,,,MINIMUM_ENSEMBLE_ROLES_NOT_AVAILABLE
P02-A4-Lee2019_MI-ENSEMBLE-A4-C5-MODEL-PROB-AVG-P01-L1-LOW-CAL-OFFICIAL-R2:1_PER_CLASS-ER01,Lee2019_MI,A4-C5-MODEL-PROB-AVG,FIXED_MODEL_ENSEMBLE,P01-L1-LOW-CAL-OFFICIAL-R2:1_PER_CLASS,1,NOT_APPLICABLE_REPEAT_SLOT,,,,,,,,,MINIMUM_ENSEMBLE_ROLES_NOT_AVAILABLE
P02-A4-Lee2019_MI-ENSEMBLE-A4-C4-MODEL-HARD-VOTE-P01-L1-LOW-CAL-OFFICIAL-R2:1_PER_CLASS-ER02,Lee2019_MI,A4-C4-MODEL-HARD-VOTE,FIXED_MODEL_ENSEMBLE,P01-L1-LOW-CAL-OFFICIAL-R2:1_PER_CLASS,2,NOT_APPLICABLE_REPEAT_SLOT,,,,,,,,,MINIMUM_ENSEMBLE_ROLES_NOT_AVAILABLE
P02-A4-Lee2019_MI-ENSEMBLE-A4-C5-MODEL-PROB-AVG-P01-L1-LOW-CAL-OFFICIAL-R2:1_PER_CLASS-ER02,Lee2019_MI,A4-C5-MODEL-PROB-AVG,FIXED_MODEL_ENSEMBLE,P01-L1-LOW-CAL-OFFICIAL-R2:1_PER_CLASS,2,NOT_APPLICABLE_REPEAT_SLOT,,,,,,,,,MINIMUM_ENSEMBLE_ROLES_NOT_AVAILABLE
P02-A4-Lee2019_MI-ENSEMBLE-A4-C4-MODEL-HARD-VOTE-P01-L1-LOW-CAL-OFFICIAL-R2:1_PER_CLASS-ER03,Lee2019_MI,A4-C4-MODEL-HARD-VOTE,FIXED_MODEL_ENSEMBLE,P01-L1-LOW-CAL-OFFICIAL-R2:1_PER_CLASS,3,NOT_APPLICABLE_REPEAT_SLOT,,,,,,,,,MINIMUM_ENSEMBLE_ROLES_NOT_AVAILABLE
P02-A4-Lee2019_MI-ENSEMBLE-A4-C5-MODEL-PROB-AVG-P01-L1-LOW-CAL-OFFICIAL-R2:1_PER_CLASS-ER03,Lee2019_MI,A4-C5-MODEL-PROB-AVG,FIXED_MODEL_ENSEMBLE,P01-L1-LOW-CAL-OFFICIAL-R2:1_PER_CLASS,3,NOT_APPLICABLE_REPEAT_SLOT,,,,,,,,,MINIMUM_ENSEMBLE_ROLES_NOT_AVAILABLE
P02-A4-Lee2019_MI-ENSEMBLE-A4-C4-MODEL-HARD-VOTE-P01-L1-LOW-CAL-OFFICIAL-R2:1_PER_CLASS-ER04,Lee2019_MI,A4-C4-MODEL-HARD-VOTE,FIXED_MODEL_ENSEMBLE,P01-L1-LOW-CAL-OFFICIAL-R2:1_PER_CLASS,4,NOT_APPLICABLE_REPEAT_SLOT,,,,,,,,,MINIMUM_ENSEMBLE_ROLES_NOT_AVAILABLE
P02-A4-Lee2019_MI-ENSEMBLE-A4-C5-MODEL-PROB-AVG-P01-L1-LOW-CAL-OFFICIAL-R2:1_PER_CLASS-ER04,Lee2019_MI,A4-C5-MODEL-PROB-AVG,FIXED_MODEL_ENSEMBLE,P01-L1-LOW-CAL-OFFICIAL-R2:1_PER_CLASS,4,NOT_APPLICABLE_REPEAT_SLOT,,,,,,,,,MINIMUM_ENSEMBLE_ROLES_NOT_AVAILABLE
P02-A4-Lee2019_MI-CLASSICAL-A4-C0-CORE-P01-L1-LOW-CAL-OFFICIAL-R2:2_PER_CLASS-MR00,Lee2019_MI,A4-C0-CORE,CLASSICAL,P01-L1-LOW-CAL-OFFICIAL-R2:2_PER_CLASS,0,SUCCESS,3.0,3.0,1,1,DIRECT_CORE,0.0007094049979059491,0.0008885454000846948,0.0,
P02-A4-Lee2019_MI-CLASSICAL-A4-C1-LONG-3P5S-P01-L1-LOW-CAL-OFFICIAL-R2:2_PER_CLASS-MR00,Lee2019_MI,A4-C1-LONG-3P5S,CLASSICAL,P01-L1-LOW-CAL-OFFICIAL-R2:2_PER_CLASS,0,SUCCESS,3.5,3.5,1,1,DIRECT_LONG,0.001079853000192088,0.001100541800042265,0.0,
P02-A4-Lee2019_MI-CLASSICAL-A4-C2-MULTI-HARD-VOTE-P01-L1-LOW-CAL-OFFICIAL-R2:2_PER_CLASS-MR00,Lee2019_MI,A4-C2-MULTI-HARD-VOTE,CLASSICAL,P01-L1-LOW-CAL-OFFICIAL-R2:2_PER_CLASS,0,SUCCESS,2.0,3.5,3,3,HARD_VOTE,0.002838917996996315,0.00593328699869744,0.0018976529991050484,
P02-A4-Lee2019_MI-CLASSICAL-A4-C3-MULTI-PROB-AVG-P01-L1-LOW-CAL-OFFICIAL-R2:2_PER_CLASS-MR00,Lee2019_MI,A4-C3-MULTI-PROB-AVG,CLASSICAL,P01-L1-LOW-CAL-OFFICIAL-R2:2_PER_CLASS,0,SUCCESS,2.0,3.5,3,3,PROBABILITY_AVERAGE,0.002838917996996315,0.00593328699869744,0.0016923100010899361,
P02-A4-Lee2019_MI-RIEMANNIAN-A4-C0-CORE-P01-L1-LOW-CAL-OFFICIAL-R2:2_PER_CLASS-MR00,Lee2019_MI,A4-C0-CORE,RIEMANNIAN,P01-L1-LOW-CAL-OFFICIAL-R2:2_PER_CLASS,0,SUCCESS,3.0,3.0,1,1,DIRECT_CORE,0.008643203000247013,0.009252820999972756,0.0,
P02-A4-Lee2019_MI-RIEMANNIAN-A4-C1-LONG-3P5S-P01-L1-LOW-CAL-OFFICIAL-R2:2_PER_CLASS-MR00,Lee2019_MI,A4-C1-LONG-3P5S,RIEMANNIAN,P01-L1-LOW-CAL-OFFICIAL-R2:2_PER_CLASS,0,SUCCESS,3.5,3.5,1,1,DIRECT_LONG,0.009909081998557667,0.010046145201340551,0.0,
P02-A4-Lee2019_MI-RIEMANNIAN-A4-C2-MULTI-HARD-VOTE-P01-L1-LOW-CAL-OFFICIAL-R2:2_PER_CLASS-MR00,Lee2019_MI,A4-C2-MULTI-HARD-VOTE,RIEMANNIAN,P01-L1-LOW-CAL-OFFICIAL-R2:2_PER_CLASS,0,SUCCESS,2.0,3.5,3,3,HARD_VOTE,0.02805603299930226,0.028495834800924054,0.0034957190000568517,
P02-A4-Lee2019_MI-RIEMANNIAN-A4-C3-MULTI-PROB-AVG-P01-L1-LOW-CAL-OFFICIAL-R2:2_PER_CLASS-MR00,Lee2019_MI,A4-C3-MULTI-PROB-AVG,RIEMANNIAN,P01-L1-LOW-CAL-OFFICIAL-R2:2_PER_CLASS,0,SUCCESS,2.0,3.5,3,3,PROBABILITY_AVERAGE,0.02805603299930226,0.028495834800924054,0.0016936539996095235,
P02-A4-Lee2019_MI-NEURAL-A4-C0-CORE-P01-L1-LOW-CAL-OFFICIAL-R2:2_PER_CLASS-MR00,Lee2019_MI,A4-C0-CORE,NEURAL,P01-L1-LOW-CAL-OFFICIAL-R2:2_PER_CLASS,0,SUCCESS,3.0,3.0,1,1,DIRECT_CORE,0.0013173429997550556,0.0017633851992286508,0.0,
P02-A4-Lee2019_MI-NEURAL-A4-C1-LONG-3P5S-P01-L1-LOW-CAL-OFFICIAL-R2:2_PER_CLASS-MR00,Lee2019_MI,A4-C1-LONG-3P5S,NEURAL,P01-L1-LOW-CAL-OFFICIAL-R2:2_PER_CLASS,0,CONDITIONAL_SKIP,,,,,,,,,STAGE18_RESOURCE_CONSTRAINED_DEEP_ANCHOR_BUDGET_ONLY
P02-A4-Lee2019_MI-NEURAL-A4-C2-MULTI-HARD-VOTE-P01-L1-LOW-CAL-OFFICIAL-R2:2_PER_CLASS-MR00,Lee2019_MI,A4-C2-MULTI-HARD-VOTE,NEURAL,P01-L1-LOW-CAL-OFFICIAL-R2:2_PER_CLASS,0,CONDITIONAL_SKIP,,,,,,,,,STAGE18_RESOURCE_CONSTRAINED_DEEP_ANCHOR_BUDGET_ONLY
P02-A4-Lee2019_MI-NEURAL-A4-C3-MULTI-PROB-AVG-P01-L1-LOW-CAL-OFFICIAL-R2:2_PER_CLASS-MR00,Lee2019_MI,A4-C3-MULTI-PROB-AVG,NEURAL,P01-L1-LOW-CAL-OFFICIAL-R2:2_PER_CLASS,0,CONDITIONAL_SKIP,,,,,,,,,STAGE18_RESOURCE_CONSTRAINED_DEEP_ANCHOR_BUDGET_ONLY
P02-A4-Lee2019_MI-NEURAL-A4-C0-CORE-P01-L1-LOW-CAL-OFFICIAL-R2:2_PER_CLASS-MR01,Lee2019_MI,A4-C0-CORE,NEURAL,P01-L1-LOW-CAL-OFFICIAL-R2:2_PER_CLASS,1,SUCCESS,3.0,3.0,1,1,DIRECT_CORE,0.0012966180001967587,0.0016936281997914193,0.0,
P02-A4-Lee2019_MI-NEURAL-A4-C1-LONG-3P5S-P01-L1-LOW-CAL-OFFICIAL-R2:2_PER_CLASS-MR01,Lee2019_MI,A4-C1-LONG-3P5S,NEURAL,P01-L1-LOW-CAL-OFFICIAL-R2:2_PER_CLASS,1,CONDITIONAL_SKIP,,,,,,,,,STAGE18_RESOURCE_CONSTRAINED_SINGLE_REPEAT_ALL_REFIT_ROLES
P02-A4-Lee2019_MI-NEURAL-A4-C2-MULTI-HARD-VOTE-P01-L1-LOW-CAL-OFFICIAL-R2:2_PER_CLASS-MR01,Lee2019_MI,A4-C2-MULTI-HARD-VOTE,NEURAL,P01-L1-LOW-CAL-OFFICIAL-R2:2_PER_CLASS,1,CONDITIONAL_SKIP,,,,,,,,,STAGE18_RESOURCE_CONSTRAINED_SINGLE_REPEAT_ALL_REFIT_ROLES
P02-A4-Lee2019_MI-NEURAL-A4-C3-MULTI-PROB-AVG-P01-L1-LOW-CAL-OFFICIAL-R2:2_PER_CLASS-MR01,Lee2019_MI,A4-C3-MULTI-PROB-AVG,NEURAL,P01-L1-LOW-CAL-OFFICIAL-R2:2_PER_CLASS,1,CONDITIONAL_SKIP,,,,,,,,,STAGE18_RESOURCE_CONSTRAINED_SINGLE_REPEAT_ALL_REFIT_ROLES
P02-A4-Lee2019_MI-NEURAL-A4-C0-CORE-P01-L1-LOW-CAL-OFFICIAL-R2:2_PER_CLASS-MR02,Lee2019_MI,A4-C0-CORE,NEURAL,P01-L1-LOW-CAL-OFFICIAL-R2:2_PER_CLASS,2,SUCCESS,3.0,3.0,1,1,DIRECT_CORE,0.0013184399995225249,0.0016012374006095342,0.0,
P02-A4-Lee2019_MI-NEURAL-A4-C1-LONG-3P5S-P01-L1-LOW-CAL-OFFICIAL-R2:2_PER_CLASS-MR02,Lee2019_MI,A4-C1-LONG-3P5S,NEURAL,P01-L1-LOW-CAL-OFFICIAL-R2:2_PER_CLASS,2,CONDITIONAL_SKIP,,,,,,,,,STAGE18_RESOURCE_CONSTRAINED_SINGLE_REPEAT_ALL_REFIT_ROLES
P02-A4-Lee2019_MI-NEURAL-A4-C2-MULTI-HARD-VOTE-P01-L1-LOW-CAL-OFFICIAL-R2:2_PER_CLASS-MR02,Lee2019_MI,A4-C2-MULTI-HARD-VOTE,NEURAL,P01-L1-LOW-CAL-OFFICIAL-R2:2_PER_CLASS,2,CONDITIONAL_SKIP,,,,,,,,,STAGE18_RESOURCE_CONSTRAINED_SINGLE_REPEAT_ALL_REFIT_ROLES
P02-A4-Lee2019_MI-NEURAL-A4-C3-MULTI-PROB-AVG-P01-L1-LOW-CAL-OFFICIAL-R2:2_PER_CLASS-MR02,Lee2019_MI,A4-C3-MULTI-PROB-AVG,NEURAL,P01-L1-LOW-CAL-OFFICIAL-R2:2_PER_CLASS,2,CONDITIONAL_SKIP,,,,,,,,,STAGE18_RESOURCE_CONSTRAINED_SINGLE_REPEAT_ALL_REFIT_ROLES
P02-A4-Lee2019_MI-NEURAL-A4-C0-CORE-P01-L1-LOW-CAL-OFFICIAL-R2:2_PER_CLASS-MR03,Lee2019_MI,A4-C0-CORE,NEURAL,P01-L1-LOW-CAL-OFFICIAL-R2:2_PER_CLASS,3,SUCCESS,3.0,3.0,1,1,DIRECT_CORE,0.0013490010005625663,0.0017536079998535568,0.0,
P02-A4-Lee2019_MI-NEURAL-A4-C1-LONG-3P5S-P01-L1-LOW-CAL-OFFICIAL-R2:2_PER_CLASS-MR03,Lee2019_MI,A4-C1-LONG-3P5S,NEURAL,P01-L1-LOW-CAL-OFFICIAL-R2:2_PER_CLASS,3,CONDITIONAL_SKIP,,,,,,,,,STAGE18_RESOURCE_CONSTRAINED_SINGLE_REPEAT_ALL_REFIT_ROLES
P02-A4-Lee2019_MI-NEURAL-A4-C2-MULTI-HARD-VOTE-P01-L1-LOW-CAL-OFFICIAL-R2:2_PER_CLASS-MR03,Lee2019_MI,A4-C2-MULTI-HARD-VOTE,NEURAL,P01-L1-LOW-CAL-OFFICIAL-R2:2_PER_CLASS,3,CONDITIONAL_SKIP,,,,,,,,,STAGE18_RESOURCE_CONSTRAINED_SINGLE_REPEAT_ALL_REFIT_ROLES
P02-A4-Lee2019_MI-NEURAL-A4-C3-MULTI-PROB-AVG-P01-L1-LOW-CAL-OFFICIAL-R2:2_PER_CLASS-MR03,Lee2019_MI,A4-C3-MULTI-PROB-AVG,NEURAL,P01-L1-LOW-CAL-OFFICIAL-R2:2_PER_CLASS,3,CONDITIONAL_SKIP,,,,,,,,,STAGE18_RESOURCE_CONSTRAINED_SINGLE_REPEAT_ALL_REFIT_ROLES
P02-A4-Lee2019_MI-NEURAL-A4-C0-CORE-P01-L1-LOW-CAL-OFFICIAL-R2:2_PER_CLASS-MR04,Lee2019_MI,A4-C0-CORE,NEURAL,P01-L1-LOW-CAL-OFFICIAL-R2:2_PER_CLASS,4,SUCCESS,3.0,3.0,1,1,DIRECT_CORE,0.0013567289988714037,0.0016978038009256124,0.0,
P02-A4-Lee2019_MI-NEURAL-A4-C1-LONG-3P5S-P01-L1-LOW-CAL-OFFICIAL-R2:2_PER_CLASS-MR04,Lee2019_MI,A4-C1-LONG-3P5S,NEURAL,P01-L1-LOW-CAL-OFFICIAL-R2:2_PER_CLASS,4,CONDITIONAL_SKIP,,,,,,,,,STAGE18_RESOURCE_CONSTRAINED_SINGLE_REPEAT_ALL_REFIT_ROLES
P02-A4-Lee2019_MI-NEURAL-A4-C2-MULTI-HARD-VOTE-P01-L1-LOW-CAL-OFFICIAL-R2:2_PER_CLASS-MR04,Lee2019_MI,A4-C2-MULTI-HARD-VOTE,NEURAL,P01-L1-LOW-CAL-OFFICIAL-R2:2_PER_CLASS,4,CONDITIONAL_SKIP,,,,,,,,,STAGE18_RESOURCE_CONSTRAINED_SINGLE_REPEAT_ALL_REFIT_ROLES
P02-A4-Lee2019_MI-NEURAL-A4-C3-MULTI-PROB-AVG-P01-L1-LOW-CAL-OFFICIAL-R2:2_PER_CLASS-MR04,Lee2019_MI,A4-C3-MULTI-PROB-AVG,NEURAL,P01-L1-LOW-CAL-OFFICIAL-R2:2_PER_CLASS,4,CONDITIONAL_SKIP,,,,,,,,,STAGE18_RESOURCE_CONSTRAINED_SINGLE_REPEAT_ALL_REFIT_ROLES
P02-A4-Lee2019_MI-SSL-A4-C0-CORE-P01-L1-LOW-CAL-OFFICIAL-R2:2_PER_CLASS-MR00,Lee2019_MI,A4-C0-CORE,SSL,P01-L1-LOW-CAL-OFFICIAL-R2:2_PER_CLASS,0,SUCCESS,3.0,3.0,1,1,DIRECT_CORE,0.00917255300009856,0.009318238801643019,0.0,
P02-A4-Lee2019_MI-SSL-A4-C1-LONG-3P5S-P01-L1-LOW-CAL-OFFICIAL-R2:2_PER_CLASS-MR00,Lee2019_MI,A4-C1-LONG-3P5S,SSL,P01-L1-LOW-CAL-OFFICIAL-R2:2_PER_CLASS,0,CONDITIONAL_SKIP,,,,,,,,,STAGE18_RESOURCE_CONSTRAINED_DEEP_ANCHOR_BUDGET_ONLY
P02-A4-Lee2019_MI-SSL-A4-C2-MULTI-HARD-VOTE-P01-L1-LOW-CAL-OFFICIAL-R2:2_PER_CLASS-MR00,Lee2019_MI,A4-C2-MULTI-HARD-VOTE,SSL,P01-L1-LOW-CAL-OFFICIAL-R2:2_PER_CLASS,0,CONDITIONAL_SKIP,,,,,,,,,STAGE18_RESOURCE_CONSTRAINED_DEEP_ANCHOR_BUDGET_ONLY
P02-A4-Lee2019_MI-SSL-A4-C3-MULTI-PROB-AVG-P01-L1-LOW-CAL-OFFICIAL-R2:2_PER_CLASS-MR00,Lee2019_MI,A4-C3-MULTI-PROB-AVG,SSL,P01-L1-LOW-CAL-OFFICIAL-R2:2_PER_CLASS,0,CONDITIONAL_SKIP,,,,,,,,,STAGE18_RESOURCE_CONSTRAINED_DEEP_ANCHOR_BUDGET_ONLY
P02-A4-Lee2019_MI-SSL-A4-C0-CORE-P01-L1-LOW-CAL-OFFICIAL-R2:2_PER_CLASS-MR01,Lee2019_MI,A4-C0-CORE,SSL,P01-L1-LOW-CAL-OFFICIAL-R2:2_PER_CLASS,1,SUCCESS,3.0,3.0,1,1,DIRECT_CORE,0.009902655001496896,0.010056462197826476,0.0,
P02-A4-Lee2019_MI-SSL-A4-C1-LONG-3P5S-P01-L1-LOW-CAL-OFFICIAL-R2:2_PER_CLASS-MR01,Lee2019_MI,A4-C1-LONG-3P5S,SSL,P01-L1-LOW-CAL-OFFICIAL-R2:2_PER_CLASS,1,CONDITIONAL_SKIP,,,,,,,,,STAGE18_RESOURCE_CONSTRAINED_SINGLE_REPEAT_ALL_REFIT_ROLES
P02-A4-Lee2019_MI-SSL-A4-C2-MULTI-HARD-VOTE-P01-L1-LOW-CAL-OFFICIAL-R2:2_PER_CLASS-MR01,Lee2019_MI,A4-C2-MULTI-HARD-VOTE,SSL,P01-L1-LOW-CAL-OFFICIAL-R2:2_PER_CLASS,1,CONDITIONAL_SKIP,,,,,,,,,STAGE18_RESOURCE_CONSTRAINED_SINGLE_REPEAT_ALL_REFIT_ROLES
P02-A4-Lee2019_MI-SSL-A4-C3-MULTI-PROB-AVG-P01-L1-LOW-CAL-OFFICIAL-R2:2_PER_CLASS-MR01,Lee2019_MI,A4-C3-MULTI-PROB-AVG,SSL,P01-L1-LOW-CAL-OFFICIAL-R2:2_PER_CLASS,1,CONDITIONAL_SKIP,,,,,,,,,STAGE18_RESOURCE_CONSTRAINED_SINGLE_REPEAT_ALL_REFIT_ROLES
P02-A4-Lee2019_MI-SSL-A4-C0-CORE-P01-L1-LOW-CAL-OFFICIAL-R2:2_PER_CLASS-MR02,Lee2019_MI,A4-C0-CORE,SSL,P01-L1-LOW-CAL-OFFICIAL-R2:2_PER_CLASS,2,SUCCESS,3.0,3.0,1,1,DIRECT_CORE,0.009790381998755038,0.010110724200785626,0.0,
P02-A4-Lee2019_MI-SSL-A4-C1-LONG-3P5S-P01-L1-LOW-CAL-OFFICIAL-R2:2_PER_CLASS-MR02,Lee2019_MI,A4-C1-LONG-3P5S,SSL,P01-L1-LOW-CAL-OFFICIAL-R2:2_PER_CLASS,2,CONDITIONAL_SKIP,,,,,,,,,STAGE18_RESOURCE_CONSTRAINED_SINGLE_REPEAT_ALL_REFIT_ROLES
P02-A4-Lee2019_MI-SSL-A4-C2-MULTI-HARD-VOTE-P01-L1-LOW-CAL-OFFICIAL-R2:2_PER_CLASS-MR02,Lee2019_MI,A4-C2-MULTI-HARD-VOTE,SSL,P01-L1-LOW-CAL-OFFICIAL-R2:2_PER_CLASS,2,CONDITIONAL_SKIP,,,,,,,,,STAGE18_RESOURCE_CONSTRAINED_SINGLE_REPEAT_ALL_REFIT_ROLES
P02-A4-Lee2019_MI-SSL-A4-C3-MULTI-PROB-AVG-P01-L1-LOW-CAL-OFFICIAL-R2:2_PER_CLASS-MR02,Lee2019_MI,A4-C3-MULTI-PROB-AVG,SSL,P01-L1-LOW-CAL-OFFICIAL-R2:2_PER_CLASS,2,CONDITIONAL_SKIP,,,,,,,,,STAGE18_RESOURCE_CONSTRAINED_SINGLE_REPEAT_ALL_REFIT_ROLES
P02-A4-Lee2019_MI-SSL-A4-C0-CORE-P01-L1-LOW-CAL-OFFICIAL-R2:2_PER_CLASS-MR03,Lee2019_MI,A4-C0-CORE,SSL,P01-L1-LOW-CAL-OFFICIAL-R2:2_PER_CLASS,3,SUCCESS,3.0,3.0,1,1,DIRECT_CORE,0.010090773001138587,0.011115340998367173,0.0,
P02-A4-Lee2019_MI-SSL-A4-C1-LONG-3P5S-P01-L1-LOW-CAL-OFFICIAL-R2:2_PER_CLASS-MR03,Lee2019_MI,A4-C1-LONG-3P5S,SSL,P01-L1-LOW-CAL-OFFICIAL-R2:2_PER_CLASS,3,CONDITIONAL_SKIP,,,,,,,,,STAGE18_RESOURCE_CONSTRAINED_SINGLE_REPEAT_ALL_REFIT_ROLES
P02-A4-Lee2019_MI-SSL-A4-C2-MULTI-HARD-VOTE-P01-L1-LOW-CAL-OFFICIAL-R2:2_PER_CLASS-MR03,Lee2019_MI,A4-C2-MULTI-HARD-VOTE,SSL,P01-L1-LOW-CAL-OFFICIAL-R2:2_PER_CLASS,3,CONDITIONAL_SKIP,,,,,,,,,STAGE18_RESOURCE_CONSTRAINED_SINGLE_REPEAT_ALL_REFIT_ROLES
P02-A4-Lee2019_MI-SSL-A4-C3-MULTI-PROB-AVG-P01-L1-LOW-CAL-OFFICIAL-R2:2_PER_CLASS-MR03,Lee2019_MI,A4-C3-MULTI-PROB-AVG,SSL,P01-L1-LOW-CAL-OFFICIAL-R2:2_PER_CLASS,3,CONDITIONAL_SKIP,,,,,,,,,STAGE18_RESOURCE_CONSTRAINED_SINGLE_REPEAT_ALL_REFIT_ROLES
P02-A4-Lee2019_MI-SSL-A4-C0-CORE-P01-L1-LOW-CAL-OFFICIAL-R2:2_PER_CLASS-MR04,Lee2019_MI,A4-C0-CORE,SSL,P01-L1-LOW-CAL-OFFICIAL-R2:2_PER_CLASS,4,SUCCESS,3.0,3.0,1,1,DIRECT_CORE,0.010081439999339636,0.010383811000792775,0.0,
P02-A4-Lee2019_MI-SSL-A4-C1-LONG-3P5S-P01-L1-LOW-CAL-OFFICIAL-R2:2_PER_CLASS-MR04,Lee2019_MI,A4-C1-LONG-3P5S,SSL,P01-L1-LOW-CAL-OFFICIAL-R2:2_PER_CLASS,4,CONDITIONAL_SKIP,,,,,,,,,STAGE18_RESOURCE_CONSTRAINED_SINGLE_REPEAT_ALL_REFIT_ROLES
P02-A4-Lee2019_MI-SSL-A4-C2-MULTI-HARD-VOTE-P01-L1-LOW-CAL-OFFICIAL-R2:2_PER_CLASS-MR04,Lee2019_MI,A4-C2-MULTI-HARD-VOTE,SSL,P01-L1-LOW-CAL-OFFICIAL-R2:2_PER_CLASS,4,CONDITIONAL_SKIP,,,,,,,,,STAGE18_RESOURCE_CONSTRAINED_SINGLE_REPEAT_ALL_REFIT_ROLES
P02-A4-Lee2019_MI-SSL-A4-C3-MULTI-PROB-AVG-P01-L1-LOW-CAL-OFFICIAL-R2:2_PER_CLASS-MR04,Lee2019_MI,A4-C3-MULTI-PROB-AVG,SSL,P01-L1-LOW-CAL-OFFICIAL-R2:2_PER_CLASS,4,CONDITIONAL_SKIP,,,,,,,,,STAGE18_RESOURCE_CONSTRAINED_SINGLE_REPEAT_ALL_REFIT_ROLES
P02-A4-Lee2019_MI-ENSEMBLE-A4-C4-MODEL-HARD-VOTE-P01-L1-LOW-CAL-OFFICIAL-R2:2_PER_CLASS-ER00,Lee2019_MI,A4-C4-MODEL-HARD-VOTE,FIXED_MODEL_ENSEMBLE,P01-L1-LOW-CAL-OFFICIAL-R2:2_PER_CLASS,0,SUCCESS,3.0,3.0,4,4,HARD_VOTE,0.019842503998006578,0.02122299040092912,0.0031036109994602157,
P02-A4-Lee2019_MI-ENSEMBLE-A4-C5-MODEL-PROB-AVG-P01-L1-LOW-CAL-OFFICIAL-R2:2_PER_CLASS-ER00,Lee2019_MI,A4-C5-MODEL-PROB-AVG,FIXED_MODEL_ENSEMBLE,P01-L1-LOW-CAL-OFFICIAL-R2:2_PER_CLASS,0,SUCCESS,3.0,3.0,4,4,PROBABILITY_AVERAGE,0.019842503998006578,0.02122299040092912,0.0002355030010221526,
P02-A4-Lee2019_MI-ENSEMBLE-A4-C4-MODEL-HARD-VOTE-P01-L1-LOW-CAL-OFFICIAL-R2:2_PER_CLASS-ER01,Lee2019_MI,A4-C4-MODEL-HARD-VOTE,FIXED_MODEL_ENSEMBLE,P01-L1-LOW-CAL-OFFICIAL-R2:2_PER_CLASS,1,SUCCESS,3.0,3.0,4,4,HARD_VOTE,0.020551880999846617,0.021891456797675346,0.0025625229991419474,
P02-A4-Lee2019_MI-ENSEMBLE-A4-C5-MODEL-PROB-AVG-P01-L1-LOW-CAL-OFFICIAL-R2:2_PER_CLASS-ER01,Lee2019_MI,A4-C5-MODEL-PROB-AVG,FIXED_MODEL_ENSEMBLE,P01-L1-LOW-CAL-OFFICIAL-R2:2_PER_CLASS,1,SUCCESS,3.0,3.0,4,4,PROBABILITY_AVERAGE,0.020551880999846617,0.021891456797675346,0.00022654399981547613,
P02-A4-Lee2019_MI-ENSEMBLE-A4-C4-MODEL-HARD-VOTE-P01-L1-LOW-CAL-OFFICIAL-R2:2_PER_CLASS-ER02,Lee2019_MI,A4-C4-MODEL-HARD-VOTE,FIXED_MODEL_ENSEMBLE,P01-L1-LOW-CAL-OFFICIAL-R2:2_PER_CLASS,2,SUCCESS,3.0,3.0,4,4,HARD_VOTE,0.020461429996430525,0.02185332800145261,0.0026222719989164034,
P02-A4-Lee2019_MI-ENSEMBLE-A4-C5-MODEL-PROB-AVG-P01-L1-LOW-CAL-OFFICIAL-R2:2_PER_CLASS-ER02,Lee2019_MI,A4-C5-MODEL-PROB-AVG,FIXED_MODEL_ENSEMBLE,P01-L1-LOW-CAL-OFFICIAL-R2:2_PER_CLASS,2,SUCCESS,3.0,3.0,4,4,PROBABILITY_AVERAGE,0.020461429996430525,0.02185332800145261,0.0002213120005762903,
P02-A4-Lee2019_MI-ENSEMBLE-A4-C4-MODEL-HARD-VOTE-P01-L1-LOW-CAL-OFFICIAL-R2:2_PER_CLASS-ER03,Lee2019_MI,A4-C4-MODEL-HARD-VOTE,FIXED_MODEL_ENSEMBLE,P01-L1-LOW-CAL-OFFICIAL-R2:2_PER_CLASS,3,SUCCESS,3.0,3.0,4,4,HARD_VOTE,0.020792381999854115,0.02301031539827818,0.0029784099988319213,
P02-A4-Lee2019_MI-ENSEMBLE-A4-C5-MODEL-PROB-AVG-P01-L1-LOW-CAL-OFFICIAL-R2:2_PER_CLASS-ER03,Lee2019_MI,A4-C5-MODEL-PROB-AVG,FIXED_MODEL_ENSEMBLE,P01-L1-LOW-CAL-OFFICIAL-R2:2_PER_CLASS,3,SUCCESS,3.0,3.0,4,4,PROBABILITY_AVERAGE,0.020792381999854115,0.02301031539827818,0.00023988399880181532,
P02-A4-Lee2019_MI-ENSEMBLE-A4-C4-MODEL-HARD-VOTE-P01-L1-LOW-CAL-OFFICIAL-R2:2_PER_CLASS-ER04,Lee2019_MI,A4-C4-MODEL-HARD-VOTE,FIXED_MODEL_ENSEMBLE,P01-L1-LOW-CAL-OFFICIAL-R2:2_PER_CLASS,4,SUCCESS,3.0,3.0,4,4,HARD_VOTE,0.020790776996364002,0.02222298120177584,0.0024921589993027737,
P02-A4-Lee2019_MI-ENSEMBLE-A4-C5-MODEL-PROB-AVG-P01-L1-LOW-CAL-OFFICIAL-R2:2_PER_CLASS-ER04,Lee2019_MI,A4-C5-MODEL-PROB-AVG,FIXED_MODEL_ENSEMBLE,P01-L1-LOW-CAL-OFFICIAL-R2:2_PER_CLASS,4,SUCCESS,3.0,3.0,4,4,PROBABILITY_AVERAGE,0.020790776996364002,0.02222298120177584,0.000222392000068794,
P02-A4-Lee2019_MI-CLASSICAL-A4-C0-CORE-P01-L1-LOW-CAL-OFFICIAL-R2:4_PER_CLASS-MR00,Lee2019_MI,A4-C0-CORE,CLASSICAL,P01-L1-LOW-CAL-OFFICIAL-R2:4_PER_CLASS,0,SUCCESS,3.0,3.0,1,1,DIRECT_CORE,0.0007295709983736742,0.0008900713983166497,0.0,
P02-A4-Lee2019_MI-CLASSICAL-A4-C1-LONG-3P5S-P01-L1-LOW-CAL-OFFICIAL-R2:4_PER_CLASS-MR00,Lee2019_MI,A4-C1-LONG-3P5S,CLASSICAL,P01-L1-LOW-CAL-OFFICIAL-R2:4_PER_CLASS,0,SUCCESS,3.5,3.5,1,1,DIRECT_LONG,0.0010009309989982285,0.0010247074005746981,0.0,
P02-A4-Lee2019_MI-CLASSICAL-A4-C2-MULTI-HARD-VOTE-P01-L1-LOW-CAL-OFFICIAL-R2:4_PER_CLASS-MR00,Lee2019_MI,A4-C2-MULTI-HARD-VOTE,CLASSICAL,P01-L1-LOW-CAL-OFFICIAL-R2:4_PER_CLASS,0,SUCCESS,2.0,3.5,3,3,HARD_VOTE,0.003823681001449586,0.008091678598793804,0.001874505000159843,
P02-A4-Lee2019_MI-CLASSICAL-A4-C3-MULTI-PROB-AVG-P01-L1-LOW-CAL-OFFICIAL-R2:4_PER_CLASS-MR00,Lee2019_MI,A4-C3-MULTI-PROB-AVG,CLASSICAL,P01-L1-LOW-CAL-OFFICIAL-R2:4_PER_CLASS,0,SUCCESS,2.0,3.5,3,3,PROBABILITY_AVERAGE,0.003823681001449586,0.008091678598793804,0.0016721609990781872,
P02-A4-Lee2019_MI-RIEMANNIAN-A4-C0-CORE-P01-L1-LOW-CAL-OFFICIAL-R2:4_PER_CLASS-MR00,Lee2019_MI,A4-C0-CORE,RIEMANNIAN,P01-L1-LOW-CAL-OFFICIAL-R2:4_PER_CLASS,0,SUCCESS,3.0,3.0,1,1,DIRECT_CORE,0.008762060999288224,0.009106562397937524,0.0,
P02-A4-Lee2019_MI-RIEMANNIAN-A4-C1-LONG-3P5S-P01-L1-LOW-CAL-OFFICIAL-R2:4_PER_CLASS-MR00,Lee2019_MI,A4-C1-LONG-3P5S,RIEMANNIAN,P01-L1-LOW-CAL-OFFICIAL-R2:4_PER_CLASS,0,SUCCESS,3.5,3.5,1,1,DIRECT_LONG,0.009250318000340485,0.009326781999334344,0.0,
P02-A4-Lee2019_MI-RIEMANNIAN-A4-C2-MULTI-HARD-VOTE-P01-L1-LOW-CAL-OFFICIAL-R2:4_PER_CLASS-MR00,Lee2019_MI,A4-C2-MULTI-HARD-VOTE,RIEMANNIAN,P01-L1-LOW-CAL-OFFICIAL-R2:4_PER_CLASS,0,SUCCESS,2.0,3.5,3,3,HARD_VOTE,0.02675486200132582,0.029442124401248295,0.003854853999655461,
P02-A4-Lee2019_MI-RIEMANNIAN-A4-C3-MULTI-PROB-AVG-P01-L1-LOW-CAL-OFFICIAL-R2:4_PER_CLASS-MR00,Lee2019_MI,A4-C3-MULTI-PROB-AVG,RIEMANNIAN,P01-L1-LOW-CAL-OFFICIAL-R2:4_PER_CLASS,0,SUCCESS,2.0,3.5,3,3,PROBABILITY_AVERAGE,0.02675486200132582,0.029442124401248295,0.0017461960014770739,
P02-A4-Lee2019_MI-NEURAL-A4-C0-CORE-P01-L1-LOW-CAL-OFFICIAL-R2:4_PER_CLASS-MR00,Lee2019_MI,A4-C0-CORE,NEURAL,P01-L1-LOW-CAL-OFFICIAL-R2:4_PER_CLASS,0,SUCCESS,3.0,3.0,1,1,DIRECT_CORE,0.0013236129998404067,0.0015368238004157318,0.0,
P02-A4-Lee2019_MI-NEURAL-A4-C1-LONG-3P5S-P01-L1-LOW-CAL-OFFICIAL-R2:4_PER_CLASS-MR00,Lee2019_MI,A4-C1-LONG-3P5S,NEURAL,P01-L1-LOW-CAL-OFFICIAL-R2:4_PER_CLASS,0,CONDITIONAL_SKIP,,,,,,,,,STAGE18_RESOURCE_CONSTRAINED_DEEP_ANCHOR_BUDGET_ONLY
P02-A4-Lee2019_MI-NEURAL-A4-C2-MULTI-HARD-VOTE-P01-L1-LOW-CAL-OFFICIAL-R2:4_PER_CLASS-MR00,Lee2019_MI,A4-C2-MULTI-HARD-VOTE,NEURAL,P01-L1-LOW-CAL-OFFICIAL-R2:4_PER_CLASS,0,CONDITIONAL_SKIP,,,,,,,,,STAGE18_RESOURCE_CONSTRAINED_DEEP_ANCHOR_BUDGET_ONLY
P02-A4-Lee2019_MI-NEURAL-A4-C3-MULTI-PROB-AVG-P01-L1-LOW-CAL-OFFICIAL-R2:4_PER_CLASS-MR00,Lee2019_MI,A4-C3-MULTI-PROB-AVG,NEURAL,P01-L1-LOW-CAL-OFFICIAL-R2:4_PER_CLASS,0,CONDITIONAL_SKIP,,,,,,,,,STAGE18_RESOURCE_CONSTRAINED_DEEP_ANCHOR_BUDGET_ONLY
P02-A4-Lee2019_MI-NEURAL-A4-C0-CORE-P01-L1-LOW-CAL-OFFICIAL-R2:4_PER_CLASS-MR01,Lee2019_MI,A4-C0-CORE,NEURAL,P01-L1-LOW-CAL-OFFICIAL-R2:4_PER_CLASS,1,SUCCESS,3.0,3.0,1,1,DIRECT_CORE,0.0012258389997441554,0.001554395398852648,0.0,
P02-A4-Lee2019_MI-NEURAL-A4-C1-LONG-3P5S-P01-L1-LOW-CAL-OFFICIAL-R2:4_PER_CLASS-MR01,Lee2019_MI,A4-C1-LONG-3P5S,NEURAL,P01-L1-LOW-CAL-OFFICIAL-R2:4_PER_CLASS,1,CONDITIONAL_SKIP,,,,,,,,,STAGE18_RESOURCE_CONSTRAINED_SINGLE_REPEAT_ALL_REFIT_ROLES
P02-A4-Lee2019_MI-NEURAL-A4-C2-MULTI-HARD-VOTE-P01-L1-LOW-CAL-OFFICIAL-R2:4_PER_CLASS-MR01,Lee2019_MI,A4-C2-MULTI-HARD-VOTE,NEURAL,P01-L1-LOW-CAL-OFFICIAL-R2:4_PER_CLASS,1,CONDITIONAL_SKIP,,,,,,,,,STAGE18_RESOURCE_CONSTRAINED_SINGLE_REPEAT_ALL_REFIT_ROLES
P02-A4-Lee2019_MI-NEURAL-A4-C3-MULTI-PROB-AVG-P01-L1-LOW-CAL-OFFICIAL-R2:4_PER_CLASS-MR01,Lee2019_MI,A4-C3-MULTI-PROB-AVG,NEURAL,P01-L1-LOW-CAL-OFFICIAL-R2:4_PER_CLASS,1,CONDITIONAL_SKIP,,,,,,,,,STAGE18_RESOURCE_CONSTRAINED_SINGLE_REPEAT_ALL_REFIT_ROLES
P02-A4-Lee2019_MI-NEURAL-A4-C0-CORE-P01-L1-LOW-CAL-OFFICIAL-R2:4_PER_CLASS-MR02,Lee2019_MI,A4-C0-CORE,NEURAL,P01-L1-LOW-CAL-OFFICIAL-R2:4_PER_CLASS,2,SUCCESS,3.0,3.0,1,1,DIRECT_CORE,0.00122175700016669,0.001581112199346535,0.0,
P02-A4-Lee2019_MI-NEURAL-A4-C1-LONG-3P5S-P01-L1-LOW-CAL-OFFICIAL-R2:4_PER_CLASS-MR02,Lee2019_MI,A4-C1-LONG-3P5S,NEURAL,P01-L1-LOW-CAL-OFFICIAL-R2:4_PER_CLASS,2,CONDITIONAL_SKIP,,,,,,,,,STAGE18_RESOURCE_CONSTRAINED_SINGLE_REPEAT_ALL_REFIT_ROLES
P02-A4-Lee2019_MI-NEURAL-A4-C2-MULTI-HARD-VOTE-P01-L1-LOW-CAL-OFFICIAL-R2:4_PER_CLASS-MR02,Lee2019_MI,A4-C2-MULTI-HARD-VOTE,NEURAL,P01-L1-LOW-CAL-OFFICIAL-R2:4_PER_CLASS,2,CONDITIONAL_SKIP,,,,,,,,,STAGE18_RESOURCE_CONSTRAINED_SINGLE_REPEAT_ALL_REFIT_ROLES
P02-A4-Lee2019_MI-NEURAL-A4-C3-MULTI-PROB-AVG-P01-L1-LOW-CAL-OFFICIAL-R2:4_PER_CLASS-MR02,Lee2019_MI,A4-C3-MULTI-PROB-AVG,NEURAL,P01-L1-LOW-CAL-OFFICIAL-R2:4_PER_CLASS,2,CONDITIONAL_SKIP,,,,,,,,,STAGE18_RESOURCE_CONSTRAINED_SINGLE_REPEAT_ALL_REFIT_ROLES
P02-A4-Lee2019_MI-NEURAL-A4-C0-CORE-P01-L1-LOW-CAL-OFFICIAL-R2:4_PER_CLASS-MR03,Lee2019_MI,A4-C0-CORE,NEURAL,P01-L1-LOW-CAL-OFFICIAL-R2:4_PER_CLASS,3,SUCCESS,3.0,3.0,1,1,DIRECT_CORE,0.001336890998572926,0.002030427400677581,0.0,
P02-A4-Lee2019_MI-NEURAL-A4-C1-LONG-3P5S-P01-L1-LOW-CAL-OFFICIAL-R2:4_PER_CLASS-MR03,Lee2019_MI,A4-C1-LONG-3P5S,NEURAL,P01-L1-LOW-CAL-OFFICIAL-R2:4_PER_CLASS,3,CONDITIONAL_SKIP,,,,,,,,,STAGE18_RESOURCE_CONSTRAINED_SINGLE_REPEAT_ALL_REFIT_ROLES
P02-A4-Lee2019_MI-NEURAL-A4-C2-MULTI-HARD-VOTE-P01-L1-LOW-CAL-OFFICIAL-R2:4_PER_CLASS-MR03,Lee2019_MI,A4-C2-MULTI-HARD-VOTE,NEURAL,P01-L1-LOW-CAL-OFFICIAL-R2:4_PER_CLASS,3,CONDITIONAL_SKIP,,,,,,,,,STAGE18_RESOURCE_CONSTRAINED_SINGLE_REPEAT_ALL_REFIT_ROLES
P02-A4-Lee2019_MI-NEURAL-A4-C3-MULTI-PROB-AVG-P01-L1-LOW-CAL-OFFICIAL-R2:4_PER_CLASS-MR03,Lee2019_MI,A4-C3-MULTI-PROB-AVG,NEURAL,P01-L1-LOW-CAL-OFFICIAL-R2:4_PER_CLASS,3,CONDITIONAL_SKIP,,,,,,,,,STAGE18_RESOURCE_CONSTRAINED_SINGLE_REPEAT_ALL_REFIT_ROLES
P02-A4-Lee2019_MI-NEURAL-A4-C0-CORE-P01-L1-LOW-CAL-OFFICIAL-R2:4_PER_CLASS-MR04,Lee2019_MI,A4-C0-CORE,NEURAL,P01-L1-LOW-CAL-OFFICIAL-R2:4_PER_CLASS,4,SUCCESS,3.0,3.0,1,1,DIRECT_CORE,0.0012613779999810504,0.0015713585999037605,0.0,
P02-A4-Lee2019_MI-NEURAL-A4-C1-LONG-3P5S-P01-L1-LOW-CAL-OFFICIAL-R2:4_PER_CLASS-MR04,Lee2019_MI,A4-C1-LONG-3P5S,NEURAL,P01-L1-LOW-CAL-OFFICIAL-R2:4_PER_CLASS,4,CONDITIONAL_SKIP,,,,,,,,,STAGE18_RESOURCE_CONSTRAINED_SINGLE_REPEAT_ALL_REFIT_ROLES
P02-A4-Lee2019_MI-NEURAL-A4-C2-MULTI-HARD-VOTE-P01-L1-LOW-CAL-OFFICIAL-R2:4_PER_CLASS-MR04,Lee2019_MI,A4-C2-MULTI-HARD-VOTE,NEURAL,P01-L1-LOW-CAL-OFFICIAL-R2:4_PER_CLASS,4,CONDITIONAL_SKIP,,,,,,,,,STAGE18_RESOURCE_CONSTRAINED_SINGLE_REPEAT_ALL_REFIT_ROLES
P02-A4-Lee2019_MI-NEURAL-A4-C3-MULTI-PROB-AVG-P01-L1-LOW-CAL-OFFICIAL-R2:4_PER_CLASS-MR04,Lee2019_MI,A4-C3-MULTI-PROB-AVG,NEURAL,P01-L1-LOW-CAL-OFFICIAL-R2:4_PER_CLASS,4,CONDITIONAL_SKIP,,,,,,,,,STAGE18_RESOURCE_CONSTRAINED_SINGLE_REPEAT_ALL_REFIT_ROLES
P02-A4-Lee2019_MI-SSL-A4-C0-CORE-P01-L1-LOW-CAL-OFFICIAL-R2:4_PER_CLASS-MR00,Lee2019_MI,A4-C0-CORE,SSL,P01-L1-LOW-CAL-OFFICIAL-R2:4_PER_CLASS,0,SUCCESS,3.0,3.0,1,1,DIRECT_CORE,0.010194208996836096,0.010633744399819988,0.0,
P02-A4-Lee2019_MI-SSL-A4-C1-LONG-3P5S-P01-L1-LOW-CAL-OFFICIAL-R2:4_PER_CLASS-MR00,Lee2019_MI,A4-C1-LONG-3P5S,SSL,P01-L1-LOW-CAL-OFFICIAL-R2:4_PER_CLASS,0,CONDITIONAL_SKIP,,,,,,,,,STAGE18_RESOURCE_CONSTRAINED_DEEP_ANCHOR_BUDGET_ONLY
P02-A4-Lee2019_MI-SSL-A4-C2-MULTI-HARD-VOTE-P01-L1-LOW-CAL-OFFICIAL-R2:4_PER_CLASS-MR00,Lee2019_MI,A4-C2-MULTI-HARD-VOTE,SSL,P01-L1-LOW-CAL-OFFICIAL-R2:4_PER_CLASS,0,CONDITIONAL_SKIP,,,,,,,,,STAGE18_RESOURCE_CONSTRAINED_DEEP_ANCHOR_BUDGET_ONLY
P02-A4-Lee2019_MI-SSL-A4-C3-MULTI-PROB-AVG-P01-L1-LOW-CAL-OFFICIAL-R2:4_PER_CLASS-MR00,Lee2019_MI,A4-C3-MULTI-PROB-AVG,SSL,P01-L1-LOW-CAL-OFFICIAL-R2:4_PER_CLASS,0,CONDITIONAL_SKIP,,,,,,,,,STAGE18_RESOURCE_CONSTRAINED_DEEP_ANCHOR_BUDGET_ONLY
P02-A4-Lee2019_MI-SSL-A4-C0-CORE-P01-L1-LOW-CAL-OFFICIAL-R2:4_PER_CLASS-MR01,Lee2019_MI,A4-C0-CORE,SSL,P01-L1-LOW-CAL-OFFICIAL-R2:4_PER_CLASS,1,SUCCESS,3.0,3.0,1,1,DIRECT_CORE,0.011314920000586426,0.012749535599868977,0.0,
P02-A4-Lee2019_MI-SSL-A4-C1-LONG-3P5S-P01-L1-LOW-CAL-OFFICIAL-R2:4_PER_CLASS-MR01,Lee2019_MI,A4-C1-LONG-3P5S,SSL,P01-L1-LOW-CAL-OFFICIAL-R2:4_PER_CLASS,1,CONDITIONAL_SKIP,,,,,,,,,STAGE18_RESOURCE_CONSTRAINED_SINGLE_REPEAT_ALL_REFIT_ROLES
P02-A4-Lee2019_MI-SSL-A4-C2-MULTI-HARD-VOTE-P01-L1-LOW-CAL-OFFICIAL-R2:4_PER_CLASS-MR01,Lee2019_MI,A4-C2-MULTI-HARD-VOTE,SSL,P01-L1-LOW-CAL-OFFICIAL-R2:4_PER_CLASS,1,CONDITIONAL_SKIP,,,,,,,,,STAGE18_RESOURCE_CONSTRAINED_SINGLE_REPEAT_ALL_REFIT_ROLES
P02-A4-Lee2019_MI-SSL-A4-C3-MULTI-PROB-AVG-P01-L1-LOW-CAL-OFFICIAL-R2:4_PER_CLASS-MR01,Lee2019_MI,A4-C3-MULTI-PROB-AVG,SSL,P01-L1-LOW-CAL-OFFICIAL-R2:4_PER_CLASS,1,CONDITIONAL_SKIP,,,,,,,,,STAGE18_RESOURCE_CONSTRAINED_SINGLE_REPEAT_ALL_REFIT_ROLES
P02-A4-Lee2019_MI-SSL-A4-C0-CORE-P01-L1-LOW-CAL-OFFICIAL-R2:4_PER_CLASS-MR02,Lee2019_MI,A4-C0-CORE,SSL,P01-L1-LOW-CAL-OFFICIAL-R2:4_PER_CLASS,2,SUCCESS,3.0,3.0,1,1,DIRECT_CORE,0.009487601997534512,0.009965717801969731,0.0,
P02-A4-Lee2019_MI-SSL-A4-C1-LONG-3P5S-P01-L1-LOW-CAL-OFFICIAL-R2:4_PER_CLASS-MR02,Lee2019_MI,A4-C1-LONG-3P5S,SSL,P01-L1-LOW-CAL-OFFICIAL-R2:4_PER_CLASS,2,CONDITIONAL_SKIP,,,,,,,,,STAGE18_RESOURCE_CONSTRAINED_SINGLE_REPEAT_ALL_REFIT_ROLES
P02-A4-Lee2019_MI-SSL-A4-C2-MULTI-HARD-VOTE-P01-L1-LOW-CAL-OFFICIAL-R2:4_PER_CLASS-MR02,Lee2019_MI,A4-C2-MULTI-HARD-VOTE,SSL,P01-L1-LOW-CAL-OFFICIAL-R2:4_PER_CLASS,2,CONDITIONAL_SKIP,,,,,,,,,STAGE18_RESOURCE_CONSTRAINED_SINGLE_REPEAT_ALL_REFIT_ROLES
P02-A4-Lee2019_MI-SSL-A4-C3-MULTI-PROB-AVG-P01-L1-LOW-CAL-OFFICIAL-R2:4_PER_CLASS-MR02,Lee2019_MI,A4-C3-MULTI-PROB-AVG,SSL,P01-L1-LOW-CAL-OFFICIAL-R2:4_PER_CLASS,2,CONDITIONAL_SKIP,,,,,,,,,STAGE18_RESOURCE_CONSTRAINED_SINGLE_REPEAT_ALL_REFIT_ROLES
P02-A4-Lee2019_MI-SSL-A4-C0-CORE-P01-L1-LOW-CAL-OFFICIAL-R2:4_PER_CLASS-MR03,Lee2019_MI,A4-C0-CORE,SSL,P01-L1-LOW-CAL-OFFICIAL-R2:4_PER_CLASS,3,SUCCESS,3.0,3.0,1,1,DIRECT_CORE,0.009432337999896845,0.009830195399990771,0.0,
P02-A4-Lee2019_MI-SSL-A4-C1-LONG-3P5S-P01-L1-LOW-CAL-OFFICIAL-R2:4_PER_CLASS-MR03,Lee2019_MI,A4-C1-LONG-3P5S,SSL,P01-L1-LOW-CAL-OFFICIAL-R2:4_PER_CLASS,3,CONDITIONAL_SKIP,,,,,,,,,STAGE18_RESOURCE_CONSTRAINED_SINGLE_REPEAT_ALL_REFIT_ROLES
P02-A4-Lee2019_MI-SSL-A4-C2-MULTI-HARD-VOTE-P01-L1-LOW-CAL-OFFICIAL-R2:4_PER_CLASS-MR03,Lee2019_MI,A4-C2-MULTI-HARD-VOTE,SSL,P01-L1-LOW-CAL-OFFICIAL-R2:4_PER_CLASS,3,CONDITIONAL_SKIP,,,,,,,,,STAGE18_RESOURCE_CONSTRAINED_SINGLE_REPEAT_ALL_REFIT_ROLES
P02-A4-Lee2019_MI-SSL-A4-C3-MULTI-PROB-AVG-P01-L1-LOW-CAL-OFFICIAL-R2:4_PER_CLASS-MR03,Lee2019_MI,A4-C3-MULTI-PROB-AVG,SSL,P01-L1-LOW-CAL-OFFICIAL-R2:4_PER_CLASS,3,CONDITIONAL_SKIP,,,,,,,,,STAGE18_RESOURCE_CONSTRAINED_SINGLE_REPEAT_ALL_REFIT_ROLES
P02-A4-Lee2019_MI-SSL-A4-C0-CORE-P01-L1-LOW-CAL-OFFICIAL-R2:4_PER_CLASS-MR04,Lee2019_MI,A4-C0-CORE,SSL,P01-L1-LOW-CAL-OFFICIAL-R2:4_PER_CLASS,4,SUCCESS,3.0,3.0,1,1,DIRECT_CORE,0.01001994000034756,0.010108299998682924,0.0,
P02-A4-Lee2019_MI-SSL-A4-C1-LONG-3P5S-P01-L1-LOW-CAL-OFFICIAL-R2:4_PER_CLASS-MR04,Lee2019_MI,A4-C1-LONG-3P5S,SSL,P01-L1-LOW-CAL-OFFICIAL-R2:4_PER_CLASS,4,CONDITIONAL_SKIP,,,,,,,,,STAGE18_RESOURCE_CONSTRAINED_SINGLE_REPEAT_ALL_REFIT_ROLES
P02-A4-Lee2019_MI-SSL-A4-C2-MULTI-HARD-VOTE-P01-L1-LOW-CAL-OFFICIAL-R2:4_PER_CLASS-MR04,Lee2019_MI,A4-C2-MULTI-HARD-VOTE,SSL,P01-L1-LOW-CAL-OFFICIAL-R2:4_PER_CLASS,4,CONDITIONAL_SKIP,,,,,,,,,STAGE18_RESOURCE_CONSTRAINED_SINGLE_REPEAT_ALL_REFIT_ROLES
P02-A4-Lee2019_MI-SSL-A4-C3-MULTI-PROB-AVG-P01-L1-LOW-CAL-OFFICIAL-R2:4_PER_CLASS-MR04,Lee2019_MI,A4-C3-MULTI-PROB-AVG,SSL,P01-L1-LOW-CAL-OFFICIAL-R2:4_PER_CLASS,4,CONDITIONAL_SKIP,,,,,,,,,STAGE18_RESOURCE_CONSTRAINED_SINGLE_REPEAT_ALL_REFIT_ROLES
P02-A4-Lee2019_MI-ENSEMBLE-A4-C4-MODEL-HARD-VOTE-P01-L1-LOW-CAL-OFFICIAL-R2:4_PER_CLASS-ER00,Lee2019_MI,A4-C4-MODEL-HARD-VOTE,FIXED_MODEL_ENSEMBLE,P01-L1-LOW-CAL-OFFICIAL-R2:4_PER_CLASS,0,SUCCESS,3.0,3.0,4,4,HARD_VOTE,0.0210094539943384,0.022167201996489895,0.0026642630000424106,
P02-A4-Lee2019_MI-ENSEMBLE-A4-C5-MODEL-PROB-AVG-P01-L1-LOW-CAL-OFFICIAL-R2:4_PER_CLASS-ER00,Lee2019_MI,A4-C5-MODEL-PROB-AVG,FIXED_MODEL_ENSEMBLE,P01-L1-LOW-CAL-OFFICIAL-R2:4_PER_CLASS,0,SUCCESS,3.0,3.0,4,4,PROBABILITY_AVERAGE,0.0210094539943384,0.022167201996489895,0.0002262779999000486,
P02-A4-Lee2019_MI-ENSEMBLE-A4-C4-MODEL-HARD-VOTE-P01-L1-LOW-CAL-OFFICIAL-R2:4_PER_CLASS-ER01,Lee2019_MI,A4-C4-MODEL-HARD-VOTE,FIXED_MODEL_ENSEMBLE,P01-L1-LOW-CAL-OFFICIAL-R2:4_PER_CLASS,1,SUCCESS,3.0,3.0,4,4,HARD_VOTE,0.02203239099799248,0.024300564794975797,0.002667105000000447,
P02-A4-Lee2019_MI-ENSEMBLE-A4-C5-MODEL-PROB-AVG-P01-L1-LOW-CAL-OFFICIAL-R2:4_PER_CLASS-ER01,Lee2019_MI,A4-C5-MODEL-PROB-AVG,FIXED_MODEL_ENSEMBLE,P01-L1-LOW-CAL-OFFICIAL-R2:4_PER_CLASS,1,SUCCESS,3.0,3.0,4,4,PROBABILITY_AVERAGE,0.02203239099799248,0.024300564794975797,0.000248226999246981,
P02-A4-Lee2019_MI-ENSEMBLE-A4-C4-MODEL-HARD-VOTE-P01-L1-LOW-CAL-OFFICIAL-R2:4_PER_CLASS-ER02,Lee2019_MI,A4-C4-MODEL-HARD-VOTE,FIXED_MODEL_ENSEMBLE,P01-L1-LOW-CAL-OFFICIAL-R2:4_PER_CLASS,2,SUCCESS,3.0,3.0,4,4,HARD_VOTE,0.0202009909953631,0.02154346379757044,0.0027767510000558104,
P02-A4-Lee2019_MI-ENSEMBLE-A4-C5-MODEL-PROB-AVG-P01-L1-LOW-CAL-OFFICIAL-R2:4_PER_CLASS-ER02,Lee2019_MI,A4-C5-MODEL-PROB-AVG,FIXED_MODEL_ENSEMBLE,P01-L1-LOW-CAL-OFFICIAL-R2:4_PER_CLASS,2,SUCCESS,3.0,3.0,4,4,PROBABILITY_AVERAGE,0.0202009909953631,0.02154346379757044,0.0002449220010021236,
P02-A4-Lee2019_MI-ENSEMBLE-A4-C4-MODEL-HARD-VOTE-P01-L1-LOW-CAL-OFFICIAL-R2:4_PER_CLASS-ER03,Lee2019_MI,A4-C4-MODEL-HARD-VOTE,FIXED_MODEL_ENSEMBLE,P01-L1-LOW-CAL-OFFICIAL-R2:4_PER_CLASS,3,SUCCESS,3.0,3.0,4,4,HARD_VOTE,0.02026086099613167,0.021857256596922524,0.002925192000475363,
P02-A4-Lee2019_MI-ENSEMBLE-A4-C5-MODEL-PROB-AVG-P01-L1-LOW-CAL-OFFICIAL-R2:4_PER_CLASS-ER03,Lee2019_MI,A4-C5-MODEL-PROB-AVG,FIXED_MODEL_ENSEMBLE,P01-L1-LOW-CAL-OFFICIAL-R2:4_PER_CLASS,3,SUCCESS,3.0,3.0,4,4,PROBABILITY_AVERAGE,0.02026086099613167,0.021857256596922524,0.00025078500038944185,
P02-A4-Lee2019_MI-ENSEMBLE-A4-C4-MODEL-HARD-VOTE-P01-L1-LOW-CAL-OFFICIAL-R2:4_PER_CLASS-ER04,Lee2019_MI,A4-C4-MODEL-HARD-VOTE,FIXED_MODEL_ENSEMBLE,P01-L1-LOW-CAL-OFFICIAL-R2:4_PER_CLASS,4,SUCCESS,3.0,3.0,4,4,HARD_VOTE,0.02077294999799051,0.021676292394840858,0.0027286389995424543,
P02-A4-Lee2019_MI-ENSEMBLE-A4-C5-MODEL-PROB-AVG-P01-L1-LOW-CAL-OFFICIAL-R2:4_PER_CLASS-ER04,Lee2019_MI,A4-C5-MODEL-PROB-AVG,FIXED_MODEL_ENSEMBLE,P01-L1-LOW-CAL-OFFICIAL-R2:4_PER_CLASS,4,SUCCESS,3.0,3.0,4,4,PROBABILITY_AVERAGE,0.02077294999799051,0.021676292394840858,0.00021785299941257108,
P02-A4-Lee2019_MI-CLASSICAL-A4-C0-CORE-P01-L1-LOW-CAL-OFFICIAL-R2:8_PER_CLASS-MR00,Lee2019_MI,A4-C0-CORE,CLASSICAL,P01-L1-LOW-CAL-OFFICIAL-R2:8_PER_CLASS,0,SUCCESS,3.0,3.0,1,1,DIRECT_CORE,0.0007217970014608,0.0008071976000792347,0.0,
P02-A4-Lee2019_MI-CLASSICAL-A4-C1-LONG-3P5S-P01-L1-LOW-CAL-OFFICIAL-R2:8_PER_CLASS-MR00,Lee2019_MI,A4-C1-LONG-3P5S,CLASSICAL,P01-L1-LOW-CAL-OFFICIAL-R2:8_PER_CLASS,0,SUCCESS,3.5,3.5,1,1,DIRECT_LONG,0.001166336000096635,0.004011993200037978,0.0,
P02-A4-Lee2019_MI-CLASSICAL-A4-C2-MULTI-HARD-VOTE-P01-L1-LOW-CAL-OFFICIAL-R2:8_PER_CLASS-MR00,Lee2019_MI,A4-C2-MULTI-HARD-VOTE,CLASSICAL,P01-L1-LOW-CAL-OFFICIAL-R2:8_PER_CLASS,0,SUCCESS,2.0,3.5,3,3,HARD_VOTE,0.0030292730007204227,0.007791392200670088,0.0020725880003737984,
P02-A4-Lee2019_MI-CLASSICAL-A4-C3-MULTI-PROB-AVG-P01-L1-LOW-CAL-OFFICIAL-R2:8_PER_CLASS-MR00,Lee2019_MI,A4-C3-MULTI-PROB-AVG,CLASSICAL,P01-L1-LOW-CAL-OFFICIAL-R2:8_PER_CLASS,0,SUCCESS,2.0,3.5,3,3,PROBABILITY_AVERAGE,0.0030292730007204227,0.007791392200670088,0.0017376979994878639,
P02-A4-Lee2019_MI-RIEMANNIAN-A4-C0-CORE-P01-L1-LOW-CAL-OFFICIAL-R2:8_PER_CLASS-MR00,Lee2019_MI,A4-C0-CORE,RIEMANNIAN,P01-L1-LOW-CAL-OFFICIAL-R2:8_PER_CLASS,0,SUCCESS,3.0,3.0,1,1,DIRECT_CORE,0.009003655999549665,0.009192066002287901,0.0,
P02-A4-Lee2019_MI-RIEMANNIAN-A4-C1-LONG-3P5S-P01-L1-LOW-CAL-OFFICIAL-R2:8_PER_CLASS-MR00,Lee2019_MI,A4-C1-LONG-3P5S,RIEMANNIAN,P01-L1-LOW-CAL-OFFICIAL-R2:8_PER_CLASS,0,SUCCESS,3.5,3.5,1,1,DIRECT_LONG,0.008996398999443045,0.009307804200216197,0.0,
P02-A4-Lee2019_MI-RIEMANNIAN-A4-C2-MULTI-HARD-VOTE-P01-L1-LOW-CAL-OFFICIAL-R2:8_PER_CLASS-MR00,Lee2019_MI,A4-C2-MULTI-HARD-VOTE,RIEMANNIAN,P01-L1-LOW-CAL-OFFICIAL-R2:8_PER_CLASS,0,SUCCESS,2.0,3.5,3,3,HARD_VOTE,0.026666308998755994,0.027642411798296962,0.0039050439991115127,
P02-A4-Lee2019_MI-RIEMANNIAN-A4-C3-MULTI-PROB-AVG-P01-L1-LOW-CAL-OFFICIAL-R2:8_PER_CLASS-MR00,Lee2019_MI,A4-C3-MULTI-PROB-AVG,RIEMANNIAN,P01-L1-LOW-CAL-OFFICIAL-R2:8_PER_CLASS,0,SUCCESS,2.0,3.5,3,3,PROBABILITY_AVERAGE,0.026666308998755994,0.027642411798296962,0.0018327439993299777,
P02-A4-Lee2019_MI-NEURAL-A4-C0-CORE-P01-L1-LOW-CAL-OFFICIAL-R2:8_PER_CLASS-MR00,Lee2019_MI,A4-C0-CORE,NEURAL,P01-L1-LOW-CAL-OFFICIAL-R2:8_PER_CLASS,0,SUCCESS,3.0,3.0,1,1,DIRECT_CORE,0.0012548970007628668,0.0014980337993620197,0.0,
P02-A4-Lee2019_MI-NEURAL-A4-C1-LONG-3P5S-P01-L1-LOW-CAL-OFFICIAL-R2:8_PER_CLASS-MR00,Lee2019_MI,A4-C1-LONG-3P5S,NEURAL,P01-L1-LOW-CAL-OFFICIAL-R2:8_PER_CLASS,0,SUCCESS,3.5,3.5,1,1,DIRECT_LONG,0.0862501510000584,0.0862501510000584,0.0,
P02-A4-Lee2019_MI-NEURAL-A4-C2-MULTI-HARD-VOTE-P01-L1-LOW-CAL-OFFICIAL-R2:8_PER_CLASS-MR00,Lee2019_MI,A4-C2-MULTI-HARD-VOTE,NEURAL,P01-L1-LOW-CAL-OFFICIAL-R2:8_PER_CLASS,0,SUCCESS,2.0,3.5,3,3,HARD_VOTE,0.14815767700201832,0.14815767700201832,0.02525175700066029,
P02-A4-Lee2019_MI-NEURAL-A4-C3-MULTI-PROB-AVG-P01-L1-LOW-CAL-OFFICIAL-R2:8_PER_CLASS-MR00,Lee2019_MI,A4-C3-MULTI-PROB-AVG,NEURAL,P01-L1-LOW-CAL-OFFICIAL-R2:8_PER_CLASS,0,SUCCESS,2.0,3.5,3,3,PROBABILITY_AVERAGE,0.14815767700201832,0.14815767700201832,0.002919603000918869,
P02-A4-Lee2019_MI-NEURAL-A4-C0-CORE-P01-L1-LOW-CAL-OFFICIAL-R2:8_PER_CLASS-MR01,Lee2019_MI,A4-C0-CORE,NEURAL,P01-L1-LOW-CAL-OFFICIAL-R2:8_PER_CLASS,1,SUCCESS,3.0,3.0,1,1,DIRECT_CORE,0.0013614140007121023,0.0015570900002785492,0.0,
P02-A4-Lee2019_MI-NEURAL-A4-C1-LONG-3P5S-P01-L1-LOW-CAL-OFFICIAL-R2:8_PER_CLASS-MR01,Lee2019_MI,A4-C1-LONG-3P5S,NEURAL,P01-L1-LOW-CAL-OFFICIAL-R2:8_PER_CLASS,1,CONDITIONAL_SKIP,,,,,,,,,STAGE18_RESOURCE_CONSTRAINED_SINGLE_REPEAT_ALL_REFIT_ROLES
P02-A4-Lee2019_MI-NEURAL-A4-C2-MULTI-HARD-VOTE-P01-L1-LOW-CAL-OFFICIAL-R2:8_PER_CLASS-MR01,Lee2019_MI,A4-C2-MULTI-HARD-VOTE,NEURAL,P01-L1-LOW-CAL-OFFICIAL-R2:8_PER_CLASS,1,CONDITIONAL_SKIP,,,,,,,,,STAGE18_RESOURCE_CONSTRAINED_SINGLE_REPEAT_ALL_REFIT_ROLES
P02-A4-Lee2019_MI-NEURAL-A4-C3-MULTI-PROB-AVG-P01-L1-LOW-CAL-OFFICIAL-R2:8_PER_CLASS-MR01,Lee2019_MI,A4-C3-MULTI-PROB-AVG,NEURAL,P01-L1-LOW-CAL-OFFICIAL-R2:8_PER_CLASS,1,CONDITIONAL_SKIP,,,,,,,,,STAGE18_RESOURCE_CONSTRAINED_SINGLE_REPEAT_ALL_REFIT_ROLES
P02-A4-Lee2019_MI-NEURAL-A4-C0-CORE-P01-L1-LOW-CAL-OFFICIAL-R2:8_PER_CLASS-MR02,Lee2019_MI,A4-C0-CORE,NEURAL,P01-L1-LOW-CAL-OFFICIAL-R2:8_PER_CLASS,2,SUCCESS,3.0,3.0,1,1,DIRECT_CORE,0.0013391680004133377,0.0016032300009101164,0.0,
P02-A4-Lee2019_MI-NEURAL-A4-C1-LONG-3P5S-P01-L1-LOW-CAL-OFFICIAL-R2:8_PER_CLASS-MR02,Lee2019_MI,A4-C1-LONG-3P5S,NEURAL,P01-L1-LOW-CAL-OFFICIAL-R2:8_PER_CLASS,2,CONDITIONAL_SKIP,,,,,,,,,STAGE18_RESOURCE_CONSTRAINED_SINGLE_REPEAT_ALL_REFIT_ROLES
P02-A4-Lee2019_MI-NEURAL-A4-C2-MULTI-HARD-VOTE-P01-L1-LOW-CAL-OFFICIAL-R2:8_PER_CLASS-MR02,Lee2019_MI,A4-C2-MULTI-HARD-VOTE,NEURAL,P01-L1-LOW-CAL-OFFICIAL-R2:8_PER_CLASS,2,CONDITIONAL_SKIP,,,,,,,,,STAGE18_RESOURCE_CONSTRAINED_SINGLE_REPEAT_ALL_REFIT_ROLES
P02-A4-Lee2019_MI-NEURAL-A4-C3-MULTI-PROB-AVG-P01-L1-LOW-CAL-OFFICIAL-R2:8_PER_CLASS-MR02,Lee2019_MI,A4-C3-MULTI-PROB-AVG,NEURAL,P01-L1-LOW-CAL-OFFICIAL-R2:8_PER_CLASS,2,CONDITIONAL_SKIP,,,,,,,,,STAGE18_RESOURCE_CONSTRAINED_SINGLE_REPEAT_ALL_REFIT_ROLES
P02-A4-Lee2019_MI-NEURAL-A4-C0-CORE-P01-L1-LOW-CAL-OFFICIAL-R2:8_PER_CLASS-MR03,Lee2019_MI,A4-C0-CORE,NEURAL,P01-L1-LOW-CAL-OFFICIAL-R2:8_PER_CLASS,3,SUCCESS,3.0,3.0,1,1,DIRECT_CORE,0.001368690000163042,0.001567783199789119,0.0,
P02-A4-Lee2019_MI-NEURAL-A4-C1-LONG-3P5S-P01-L1-LOW-CAL-OFFICIAL-R2:8_PER_CLASS-MR03,Lee2019_MI,A4-C1-LONG-3P5S,NEURAL,P01-L1-LOW-CAL-OFFICIAL-R2:8_PER_CLASS,3,CONDITIONAL_SKIP,,,,,,,,,STAGE18_RESOURCE_CONSTRAINED_SINGLE_REPEAT_ALL_REFIT_ROLES
P02-A4-Lee2019_MI-NEURAL-A4-C2-MULTI-HARD-VOTE-P01-L1-LOW-CAL-OFFICIAL-R2:8_PER_CLASS-MR03,Lee2019_MI,A4-C2-MULTI-HARD-VOTE,NEURAL,P01-L1-LOW-CAL-OFFICIAL-R2:8_PER_CLASS,3,CONDITIONAL_SKIP,,,,,,,,,STAGE18_RESOURCE_CONSTRAINED_SINGLE_REPEAT_ALL_REFIT_ROLES
P02-A4-Lee2019_MI-NEURAL-A4-C3-MULTI-PROB-AVG-P01-L1-LOW-CAL-OFFICIAL-R2:8_PER_CLASS-MR03,Lee2019_MI,A4-C3-MULTI-PROB-AVG,NEURAL,P01-L1-LOW-CAL-OFFICIAL-R2:8_PER_CLASS,3,CONDITIONAL_SKIP,,,,,,,,,STAGE18_RESOURCE_CONSTRAINED_SINGLE_REPEAT_ALL_REFIT_ROLES
P02-A4-Lee2019_MI-NEURAL-A4-C0-CORE-P01-L1-LOW-CAL-OFFICIAL-R2:8_PER_CLASS-MR04,Lee2019_MI,A4-C0-CORE,NEURAL,P01-L1-LOW-CAL-OFFICIAL-R2:8_PER_CLASS,4,SUCCESS,3.0,3.0,1,1,DIRECT_CORE,0.0012703679985861527,0.0015164601998549187,0.0,
P02-A4-Lee2019_MI-NEURAL-A4-C1-LONG-3P5S-P01-L1-LOW-CAL-OFFICIAL-R2:8_PER_CLASS-MR04,Lee2019_MI,A4-C1-LONG-3P5S,NEURAL,P01-L1-LOW-CAL-OFFICIAL-R2:8_PER_CLASS,4,CONDITIONAL_SKIP,,,,,,,,,STAGE18_RESOURCE_CONSTRAINED_SINGLE_REPEAT_ALL_REFIT_ROLES
P02-A4-Lee2019_MI-NEURAL-A4-C2-MULTI-HARD-VOTE-P01-L1-LOW-CAL-OFFICIAL-R2:8_PER_CLASS-MR04,Lee2019_MI,A4-C2-MULTI-HARD-VOTE,NEURAL,P01-L1-LOW-CAL-OFFICIAL-R2:8_PER_CLASS,4,CONDITIONAL_SKIP,,,,,,,,,STAGE18_RESOURCE_CONSTRAINED_SINGLE_REPEAT_ALL_REFIT_ROLES
P02-A4-Lee2019_MI-NEURAL-A4-C3-MULTI-PROB-AVG-P01-L1-LOW-CAL-OFFICIAL-R2:8_PER_CLASS-MR04,Lee2019_MI,A4-C3-MULTI-PROB-AVG,NEURAL,P01-L1-LOW-CAL-OFFICIAL-R2:8_PER_CLASS,4,CONDITIONAL_SKIP,,,,,,,,,STAGE18_RESOURCE_CONSTRAINED_SINGLE_REPEAT_ALL_REFIT_ROLES
P02-A4-Lee2019_MI-SSL-A4-C0-CORE-P01-L1-LOW-CAL-OFFICIAL-R2:8_PER_CLASS-MR00,Lee2019_MI,A4-C0-CORE,SSL,P01-L1-LOW-CAL-OFFICIAL-R2:8_PER_CLASS,0,SUCCESS,3.0,3.0,1,1,DIRECT_CORE,0.010486276998562971,0.01163795499887783,0.0,
P02-A4-Lee2019_MI-SSL-A4-C1-LONG-3P5S-P01-L1-LOW-CAL-OFFICIAL-R2:8_PER_CLASS-MR00,Lee2019_MI,A4-C1-LONG-3P5S,SSL,P01-L1-LOW-CAL-OFFICIAL-R2:8_PER_CLASS,0,INPUT_INCOMPATIBLE,,,,,,,,,A4_MEMBER_UNAVAILABLE
P02-A4-Lee2019_MI-SSL-A4-C2-MULTI-HARD-VOTE-P01-L1-LOW-CAL-OFFICIAL-R2:8_PER_CLASS-MR00,Lee2019_MI,A4-C2-MULTI-HARD-VOTE,SSL,P01-L1-LOW-CAL-OFFICIAL-R2:8_PER_CLASS,0,SUCCESS,2.0,3.5,3,3,HARD_VOTE,0.3816879760015581,0.3816879760015581,0.003027643999303109,
P02-A4-Lee2019_MI-SSL-A4-C3-MULTI-PROB-AVG-P01-L1-LOW-CAL-OFFICIAL-R2:8_PER_CLASS-MR00,Lee2019_MI,A4-C3-MULTI-PROB-AVG,SSL,P01-L1-LOW-CAL-OFFICIAL-R2:8_PER_CLASS,0,SUCCESS,2.0,3.5,3,3,PROBABILITY_AVERAGE,0.3816879760015581,0.3816879760015581,0.0020914930009894306,
P02-A4-Lee2019_MI-SSL-A4-C0-CORE-P01-L1-LOW-CAL-OFFICIAL-R2:8_PER_CLASS-MR01,Lee2019_MI,A4-C0-CORE,SSL,P01-L1-LOW-CAL-OFFICIAL-R2:8_PER_CLASS,1,SUCCESS,3.0,3.0,1,1,DIRECT_CORE,0.010473845999513287,0.010757579000346596,0.0,
P02-A4-Lee2019_MI-SSL-A4-C1-LONG-3P5S-P01-L1-LOW-CAL-OFFICIAL-R2:8_PER_CLASS-MR01,Lee2019_MI,A4-C1-LONG-3P5S,SSL,P01-L1-LOW-CAL-OFFICIAL-R2:8_PER_CLASS,1,CONDITIONAL_SKIP,,,,,,,,,STAGE18_RESOURCE_CONSTRAINED_SINGLE_REPEAT_ALL_REFIT_ROLES
P02-A4-Lee2019_MI-SSL-A4-C2-MULTI-HARD-VOTE-P01-L1-LOW-CAL-OFFICIAL-R2:8_PER_CLASS-MR01,Lee2019_MI,A4-C2-MULTI-HARD-VOTE,SSL,P01-L1-LOW-CAL-OFFICIAL-R2:8_PER_CLASS,1,CONDITIONAL_SKIP,,,,,,,,,STAGE18_RESOURCE_CONSTRAINED_SINGLE_REPEAT_ALL_REFIT_ROLES
P02-A4-Lee2019_MI-SSL-A4-C3-MULTI-PROB-AVG-P01-L1-LOW-CAL-OFFICIAL-R2:8_PER_CLASS-MR01,Lee2019_MI,A4-C3-MULTI-PROB-AVG,SSL,P01-L1-LOW-CAL-OFFICIAL-R2:8_PER_CLASS,1,CONDITIONAL_SKIP,,,,,,,,,STAGE18_RESOURCE_CONSTRAINED_SINGLE_REPEAT_ALL_REFIT_ROLES
P02-A4-Lee2019_MI-SSL-A4-C0-CORE-P01-L1-LOW-CAL-OFFICIAL-R2:8_PER_CLASS-MR02,Lee2019_MI,A4-C0-CORE,SSL,P01-L1-LOW-CAL-OFFICIAL-R2:8_PER_CLASS,2,SUCCESS,3.0,3.0,1,1,DIRECT_CORE,0.01016910500038648,0.010597214002336841,0.0,
P02-A4-Lee2019_MI-SSL-A4-C1-LONG-3P5S-P01-L1-LOW-CAL-OFFICIAL-R2:8_PER_CLASS-MR02,Lee2019_MI,A4-C1-LONG-3P5S,SSL,P01-L1-LOW-CAL-OFFICIAL-R2:8_PER_CLASS,2,CONDITIONAL_SKIP,,,,,,,,,STAGE18_RESOURCE_CONSTRAINED_SINGLE_REPEAT_ALL_REFIT_ROLES
P02-A4-Lee2019_MI-SSL-A4-C2-MULTI-HARD-VOTE-P01-L1-LOW-CAL-OFFICIAL-R2:8_PER_CLASS-MR02,Lee2019_MI,A4-C2-MULTI-HARD-VOTE,SSL,P01-L1-LOW-CAL-OFFICIAL-R2:8_PER_CLASS,2,CONDITIONAL_SKIP,,,,,,,,,STAGE18_RESOURCE_CONSTRAINED_SINGLE_REPEAT_ALL_REFIT_ROLES
P02-A4-Lee2019_MI-SSL-A4-C3-MULTI-PROB-AVG-P01-L1-LOW-CAL-OFFICIAL-R2:8_PER_CLASS-MR02,Lee2019_MI,A4-C3-MULTI-PROB-AVG,SSL,P01-L1-LOW-CAL-OFFICIAL-R2:8_PER_CLASS,2,CONDITIONAL_SKIP,,,,,,,,,STAGE18_RESOURCE_CONSTRAINED_SINGLE_REPEAT_ALL_REFIT_ROLES
P02-A4-Lee2019_MI-SSL-A4-C0-CORE-P01-L1-LOW-CAL-OFFICIAL-R2:8_PER_CLASS-MR03,Lee2019_MI,A4-C0-CORE,SSL,P01-L1-LOW-CAL-OFFICIAL-R2:8_PER_CLASS,3,SUCCESS,3.0,3.0,1,1,DIRECT_CORE,0.010142875999008538,0.012119631599489367,0.0,
P02-A4-Lee2019_MI-SSL-A4-C1-LONG-3P5S-P01-L1-LOW-CAL-OFFICIAL-R2:8_PER_CLASS-MR03,Lee2019_MI,A4-C1-LONG-3P5S,SSL,P01-L1-LOW-CAL-OFFICIAL-R2:8_PER_CLASS,3,CONDITIONAL_SKIP,,,,,,,,,STAGE18_RESOURCE_CONSTRAINED_SINGLE_REPEAT_ALL_REFIT_ROLES
P02-A4-Lee2019_MI-SSL-A4-C2-MULTI-HARD-VOTE-P01-L1-LOW-CAL-OFFICIAL-R2:8_PER_CLASS-MR03,Lee2019_MI,A4-C2-MULTI-HARD-VOTE,SSL,P01-L1-LOW-CAL-OFFICIAL-R2:8_PER_CLASS,3,CONDITIONAL_SKIP,,,,,,,,,STAGE18_RESOURCE_CONSTRAINED_SINGLE_REPEAT_ALL_REFIT_ROLES
P02-A4-Lee2019_MI-SSL-A4-C3-MULTI-PROB-AVG-P01-L1-LOW-CAL-OFFICIAL-R2:8_PER_CLASS-MR03,Lee2019_MI,A4-C3-MULTI-PROB-AVG,SSL,P01-L1-LOW-CAL-OFFICIAL-R2:8_PER_CLASS,3,CONDITIONAL_SKIP,,,,,,,,,STAGE18_RESOURCE_CONSTRAINED_SINGLE_REPEAT_ALL_REFIT_ROLES
P02-A4-Lee2019_MI-SSL-A4-C0-CORE-P01-L1-LOW-CAL-OFFICIAL-R2:8_PER_CLASS-MR04,Lee2019_MI,A4-C0-CORE,SSL,P01-L1-LOW-CAL-OFFICIAL-R2:8_PER_CLASS,4,SUCCESS,3.0,3.0,1,1,DIRECT_CORE,0.009604376999050146,0.009749079199536936,0.0,
P02-A4-Lee2019_MI-SSL-A4-C1-LONG-3P5S-P01-L1-LOW-CAL-OFFICIAL-R2:8_PER_CLASS-MR04,Lee2019_MI,A4-C1-LONG-3P5S,SSL,P01-L1-LOW-CAL-OFFICIAL-R2:8_PER_CLASS,4,CONDITIONAL_SKIP,,,,,,,,,STAGE18_RESOURCE_CONSTRAINED_SINGLE_REPEAT_ALL_REFIT_ROLES
P02-A4-Lee2019_MI-SSL-A4-C2-MULTI-HARD-VOTE-P01-L1-LOW-CAL-OFFICIAL-R2:8_PER_CLASS-MR04,Lee2019_MI,A4-C2-MULTI-HARD-VOTE,SSL,P01-L1-LOW-CAL-OFFICIAL-R2:8_PER_CLASS,4,CONDITIONAL_SKIP,,,,,,,,,STAGE18_RESOURCE_CONSTRAINED_SINGLE_REPEAT_ALL_REFIT_ROLES
P02-A4-Lee2019_MI-SSL-A4-C3-MULTI-PROB-AVG-P01-L1-LOW-CAL-OFFICIAL-R2:8_PER_CLASS-MR04,Lee2019_MI,A4-C3-MULTI-PROB-AVG,SSL,P01-L1-LOW-CAL-OFFICIAL-R2:8_PER_CLASS,4,CONDITIONAL_SKIP,,,,,,,,,STAGE18_RESOURCE_CONSTRAINED_SINGLE_REPEAT_ALL_REFIT_ROLES
P02-A4-Lee2019_MI-ENSEMBLE-A4-C4-MODEL-HARD-VOTE-P01-L1-LOW-CAL-OFFICIAL-R2:8_PER_CLASS-ER00,Lee2019_MI,A4-C4-MODEL-HARD-VOTE,FIXED_MODEL_ENSEMBLE,P01-L1-LOW-CAL-OFFICIAL-R2:8_PER_CLASS,0,SUCCESS,3.0,3.0,4,4,HARD_VOTE,0.021466627000336302,0.023135252400606987,0.0026853950002987403,
P02-A4-Lee2019_MI-ENSEMBLE-A4-C5-MODEL-PROB-AVG-P01-L1-LOW-CAL-OFFICIAL-R2:8_PER_CLASS-ER00,Lee2019_MI,A4-C5-MODEL-PROB-AVG,FIXED_MODEL_ENSEMBLE,P01-L1-LOW-CAL-OFFICIAL-R2:8_PER_CLASS,0,SUCCESS,3.0,3.0,4,4,PROBABILITY_AVERAGE,0.021466627000336302,0.023135252400606987,0.00022440300017478876,
P02-A4-Lee2019_MI-ENSEMBLE-A4-C4-MODEL-HARD-VOTE-P01-L1-LOW-CAL-OFFICIAL-R2:8_PER_CLASS-ER01,Lee2019_MI,A4-C4-MODEL-HARD-VOTE,FIXED_MODEL_ENSEMBLE,P01-L1-LOW-CAL-OFFICIAL-R2:8_PER_CLASS,1,SUCCESS,3.0,3.0,4,4,HARD_VOTE,0.021560713001235854,0.022313932602992283,0.002657555998666794,
P02-A4-Lee2019_MI-ENSEMBLE-A4-C5-MODEL-PROB-AVG-P01-L1-LOW-CAL-OFFICIAL-R2:8_PER_CLASS-ER01,Lee2019_MI,A4-C5-MODEL-PROB-AVG,FIXED_MODEL_ENSEMBLE,P01-L1-LOW-CAL-OFFICIAL-R2:8_PER_CLASS,1,SUCCESS,3.0,3.0,4,4,PROBABILITY_AVERAGE,0.021560713001235854,0.022313932602992283,0.00026765099937620107,
P02-A4-Lee2019_MI-ENSEMBLE-A4-C4-MODEL-HARD-VOTE-P01-L1-LOW-CAL-OFFICIAL-R2:8_PER_CLASS-ER02,Lee2019_MI,A4-C4-MODEL-HARD-VOTE,FIXED_MODEL_ENSEMBLE,P01-L1-LOW-CAL-OFFICIAL-R2:8_PER_CLASS,2,SUCCESS,3.0,3.0,4,4,HARD_VOTE,0.021233726001810282,0.022199707605614093,0.0025516219993733102,
P02-A4-Lee2019_MI-ENSEMBLE-A4-C5-MODEL-PROB-AVG-P01-L1-LOW-CAL-OFFICIAL-R2:8_PER_CLASS-ER02,Lee2019_MI,A4-C5-MODEL-PROB-AVG,FIXED_MODEL_ENSEMBLE,P01-L1-LOW-CAL-OFFICIAL-R2:8_PER_CLASS,2,SUCCESS,3.0,3.0,4,4,PROBABILITY_AVERAGE,0.021233726001810282,0.022199707605614093,0.00037375899955804925,
P02-A4-Lee2019_MI-ENSEMBLE-A4-C4-MODEL-HARD-VOTE-P01-L1-LOW-CAL-OFFICIAL-R2:8_PER_CLASS-ER03,Lee2019_MI,A4-C4-MODEL-HARD-VOTE,FIXED_MODEL_ENSEMBLE,P01-L1-LOW-CAL-OFFICIAL-R2:8_PER_CLASS,3,SUCCESS,3.0,3.0,4,4,HARD_VOTE,0.021237019000182045,0.023686678401645622,0.002886301999751595,
P02-A4-Lee2019_MI-ENSEMBLE-A4-C5-MODEL-PROB-AVG-P01-L1-LOW-CAL-OFFICIAL-R2:8_PER_CLASS-ER03,Lee2019_MI,A4-C5-MODEL-PROB-AVG,FIXED_MODEL_ENSEMBLE,P01-L1-LOW-CAL-OFFICIAL-R2:8_PER_CLASS,3,SUCCESS,3.0,3.0,4,4,PROBABILITY_AVERAGE,0.021237019000182045,0.023686678401645622,0.0002028580001933733,
P02-A4-Lee2019_MI-ENSEMBLE-A4-C4-MODEL-HARD-VOTE-P01-L1-LOW-CAL-OFFICIAL-R2:8_PER_CLASS-ER04,Lee2019_MI,A4-C4-MODEL-HARD-VOTE,FIXED_MODEL_ENSEMBLE,P01-L1-LOW-CAL-OFFICIAL-R2:8_PER_CLASS,4,SUCCESS,3.0,3.0,4,4,HARD_VOTE,0.020600197998646763,0.02126480300175899,0.002664116998857935,
P02-A4-Lee2019_MI-ENSEMBLE-A4-C5-MODEL-PROB-AVG-P01-L1-LOW-CAL-OFFICIAL-R2:8_PER_CLASS-ER04,Lee2019_MI,A4-C5-MODEL-PROB-AVG,FIXED_MODEL_ENSEMBLE,P01-L1-LOW-CAL-OFFICIAL-R2:8_PER_CLASS,4,SUCCESS,3.0,3.0,4,4,PROBABILITY_AVERAGE,0.020600197998646763,0.02126480300175899,0.00022478000028058887,
P02-A4-Lee2019_MI-CLASSICAL-A4-C0-CORE-P01-L1-LOW-CAL-OFFICIAL-R2:16_PER_CLASS-MR00,Lee2019_MI,A4-C0-CORE,CLASSICAL,P01-L1-LOW-CAL-OFFICIAL-R2:16_PER_CLASS,0,SUCCESS,3.0,3.0,1,1,DIRECT_CORE,0.0006568320022779517,0.0007978572000865824,0.0,
P02-A4-Lee2019_MI-CLASSICAL-A4-C1-LONG-3P5S-P01-L1-LOW-CAL-OFFICIAL-R2:16_PER_CLASS-MR00,Lee2019_MI,A4-C1-LONG-3P5S,CLASSICAL,P01-L1-LOW-CAL-OFFICIAL-R2:16_PER_CLASS,0,SUCCESS,3.5,3.5,1,1,DIRECT_LONG,0.0011400300008972408,0.0011649539992504288,0.0,
P02-A4-Lee2019_MI-CLASSICAL-A4-C2-MULTI-HARD-VOTE-P01-L1-LOW-CAL-OFFICIAL-R2:16_PER_CLASS-MR00,Lee2019_MI,A4-C2-MULTI-HARD-VOTE,CLASSICAL,P01-L1-LOW-CAL-OFFICIAL-R2:16_PER_CLASS,0,SUCCESS,2.0,3.5,3,3,HARD_VOTE,0.00288912399810215,0.0030618746000982354,0.002019416000621277,
P02-A4-Lee2019_MI-CLASSICAL-A4-C3-MULTI-PROB-AVG-P01-L1-LOW-CAL-OFFICIAL-R2:16_PER_CLASS-MR00,Lee2019_MI,A4-C3-MULTI-PROB-AVG,CLASSICAL,P01-L1-LOW-CAL-OFFICIAL-R2:16_PER_CLASS,0,SUCCESS,2.0,3.5,3,3,PROBABILITY_AVERAGE,0.00288912399810215,0.0030618746000982354,0.0017490430000179913,
P02-A4-Lee2019_MI-RIEMANNIAN-A4-C0-CORE-P01-L1-LOW-CAL-OFFICIAL-R2:16_PER_CLASS-MR00,Lee2019_MI,A4-C0-CORE,RIEMANNIAN,P01-L1-LOW-CAL-OFFICIAL-R2:16_PER_CLASS,0,SUCCESS,3.0,3.0,1,1,DIRECT_CORE,0.009099181999772554,0.009601048000331503,0.0,
P02-A4-Lee2019_MI-RIEMANNIAN-A4-C1-LONG-3P5S-P01-L1-LOW-CAL-OFFICIAL-R2:16_PER_CLASS-MR00,Lee2019_MI,A4-C1-LONG-3P5S,RIEMANNIAN,P01-L1-LOW-CAL-OFFICIAL-R2:16_PER_CLASS,0,SUCCESS,3.5,3.5,1,1,DIRECT_LONG,0.008994318999612005,0.00963921480033605,0.0,
P02-A4-Lee2019_MI-RIEMANNIAN-A4-C2-MULTI-HARD-VOTE-P01-L1-LOW-CAL-OFFICIAL-R2:16_PER_CLASS-MR00,Lee2019_MI,A4-C2-MULTI-HARD-VOTE,RIEMANNIAN,P01-L1-LOW-CAL-OFFICIAL-R2:16_PER_CLASS,0,SUCCESS,2.0,3.5,3,3,HARD_VOTE,0.027484136999191833,0.02889174220072164,0.0035251509998488473,
P02-A4-Lee2019_MI-RIEMANNIAN-A4-C3-MULTI-PROB-AVG-P01-L1-LOW-CAL-OFFICIAL-R2:16_PER_CLASS-MR00,Lee2019_MI,A4-C3-MULTI-PROB-AVG,RIEMANNIAN,P01-L1-LOW-CAL-OFFICIAL-R2:16_PER_CLASS,0,SUCCESS,2.0,3.5,3,3,PROBABILITY_AVERAGE,0.027484136999191833,0.02889174220072164,0.0018124529997294303,
P02-A4-Lee2019_MI-NEURAL-A4-C0-CORE-P01-L1-LOW-CAL-OFFICIAL-R2:16_PER_CLASS-MR00,Lee2019_MI,A4-C0-CORE,NEURAL,P01-L1-LOW-CAL-OFFICIAL-R2:16_PER_CLASS,0,SUCCESS,3.0,3.0,1,1,DIRECT_CORE,0.0014178649998939363,0.001827749599397066,0.0,
P02-A4-Lee2019_MI-NEURAL-A4-C1-LONG-3P5S-P01-L1-LOW-CAL-OFFICIAL-R2:16_PER_CLASS-MR00,Lee2019_MI,A4-C1-LONG-3P5S,NEURAL,P01-L1-LOW-CAL-OFFICIAL-R2:16_PER_CLASS,0,CONDITIONAL_SKIP,,,,,,,,,STAGE18_RESOURCE_CONSTRAINED_DEEP_ANCHOR_BUDGET_ONLY
P02-A4-Lee2019_MI-NEURAL-A4-C2-MULTI-HARD-VOTE-P01-L1-LOW-CAL-OFFICIAL-R2:16_PER_CLASS-MR00,Lee2019_MI,A4-C2-MULTI-HARD-VOTE,NEURAL,P01-L1-LOW-CAL-OFFICIAL-R2:16_PER_CLASS,0,CONDITIONAL_SKIP,,,,,,,,,STAGE18_RESOURCE_CONSTRAINED_DEEP_ANCHOR_BUDGET_ONLY
P02-A4-Lee2019_MI-NEURAL-A4-C3-MULTI-PROB-AVG-P01-L1-LOW-CAL-OFFICIAL-R2:16_PER_CLASS-MR00,Lee2019_MI,A4-C3-MULTI-PROB-AVG,NEURAL,P01-L1-LOW-CAL-OFFICIAL-R2:16_PER_CLASS,0,CONDITIONAL_SKIP,,,,,,,,,STAGE18_RESOURCE_CONSTRAINED_DEEP_ANCHOR_BUDGET_ONLY
P02-A4-Lee2019_MI-NEURAL-A4-C0-CORE-P01-L1-LOW-CAL-OFFICIAL-R2:16_PER_CLASS-MR01,Lee2019_MI,A4-C0-CORE,NEURAL,P01-L1-LOW-CAL-OFFICIAL-R2:16_PER_CLASS,1,SUCCESS,3.0,3.0,1,1,DIRECT_CORE,0.0013998529993841657,0.0015855572000873508,0.0,
P02-A4-Lee2019_MI-NEURAL-A4-C1-LONG-3P5S-P01-L1-LOW-CAL-OFFICIAL-R2:16_PER_CLASS-MR01,Lee2019_MI,A4-C1-LONG-3P5S,NEURAL,P01-L1-LOW-CAL-OFFICIAL-R2:16_PER_CLASS,1,CONDITIONAL_SKIP,,,,,,,,,STAGE18_RESOURCE_CONSTRAINED_SINGLE_REPEAT_ALL_REFIT_ROLES
P02-A4-Lee2019_MI-NEURAL-A4-C2-MULTI-HARD-VOTE-P01-L1-LOW-CAL-OFFICIAL-R2:16_PER_CLASS-MR01,Lee2019_MI,A4-C2-MULTI-HARD-VOTE,NEURAL,P01-L1-LOW-CAL-OFFICIAL-R2:16_PER_CLASS,1,CONDITIONAL_SKIP,,,,,,,,,STAGE18_RESOURCE_CONSTRAINED_SINGLE_REPEAT_ALL_REFIT_ROLES
P02-A4-Lee2019_MI-NEURAL-A4-C3-MULTI-PROB-AVG-P01-L1-LOW-CAL-OFFICIAL-R2:16_PER_CLASS-MR01,Lee2019_MI,A4-C3-MULTI-PROB-AVG,NEURAL,P01-L1-LOW-CAL-OFFICIAL-R2:16_PER_CLASS,1,CONDITIONAL_SKIP,,,,,,,,,STAGE18_RESOURCE_CONSTRAINED_SINGLE_REPEAT_ALL_REFIT_ROLES
P02-A4-Lee2019_MI-NEURAL-A4-C0-CORE-P01-L1-LOW-CAL-OFFICIAL-R2:16_PER_CLASS-MR02,Lee2019_MI,A4-C0-CORE,NEURAL,P01-L1-LOW-CAL-OFFICIAL-R2:16_PER_CLASS,2,SUCCESS,3.0,3.0,1,1,DIRECT_CORE,0.001318717000685865,0.001568783001130214,0.0,
P02-A4-Lee2019_MI-NEURAL-A4-C1-LONG-3P5S-P01-L1-LOW-CAL-OFFICIAL-R2:16_PER_CLASS-MR02,Lee2019_MI,A4-C1-LONG-3P5S,NEURAL,P01-L1-LOW-CAL-OFFICIAL-R2:16_PER_CLASS,2,CONDITIONAL_SKIP,,,,,,,,,STAGE18_RESOURCE_CONSTRAINED_SINGLE_REPEAT_ALL_REFIT_ROLES
P02-A4-Lee2019_MI-NEURAL-A4-C2-MULTI-HARD-VOTE-P01-L1-LOW-CAL-OFFICIAL-R2:16_PER_CLASS-MR02,Lee2019_MI,A4-C2-MULTI-HARD-VOTE,NEURAL,P01-L1-LOW-CAL-OFFICIAL-R2:16_PER_CLASS,2,CONDITIONAL_SKIP,,,,,,,,,STAGE18_RESOURCE_CONSTRAINED_SINGLE_REPEAT_ALL_REFIT_ROLES
P02-A4-Lee2019_MI-NEURAL-A4-C3-MULTI-PROB-AVG-P01-L1-LOW-CAL-OFFICIAL-R2:16_PER_CLASS-MR02,Lee2019_MI,A4-C3-MULTI-PROB-AVG,NEURAL,P01-L1-LOW-CAL-OFFICIAL-R2:16_PER_CLASS,2,CONDITIONAL_SKIP,,,,,,,,,STAGE18_RESOURCE_CONSTRAINED_SINGLE_REPEAT_ALL_REFIT_ROLES
P02-A4-Lee2019_MI-NEURAL-A4-C0-CORE-P01-L1-LOW-CAL-OFFICIAL-R2:16_PER_CLASS-MR03,Lee2019_MI,A4-C0-CORE,NEURAL,P01-L1-LOW-CAL-OFFICIAL-R2:16_PER_CLASS,3,SUCCESS,3.0,3.0,1,1,DIRECT_CORE,0.0013804709997202735,0.0017911502003698841,0.0,
P02-A4-Lee2019_MI-NEURAL-A4-C1-LONG-3P5S-P01-L1-LOW-CAL-OFFICIAL-R2:16_PER_CLASS-MR03,Lee2019_MI,A4-C1-LONG-3P5S,NEURAL,P01-L1-LOW-CAL-OFFICIAL-R2:16_PER_CLASS,3,CONDITIONAL_SKIP,,,,,,,,,STAGE18_RESOURCE_CONSTRAINED_SINGLE_REPEAT_ALL_REFIT_ROLES
P02-A4-Lee2019_MI-NEURAL-A4-C2-MULTI-HARD-VOTE-P01-L1-LOW-CAL-OFFICIAL-R2:16_PER_CLASS-MR03,Lee2019_MI,A4-C2-MULTI-HARD-VOTE,NEURAL,P01-L1-LOW-CAL-OFFICIAL-R2:16_PER_CLASS,3,CONDITIONAL_SKIP,,,,,,,,,STAGE18_RESOURCE_CONSTRAINED_SINGLE_REPEAT_ALL_REFIT_ROLES
P02-A4-Lee2019_MI-NEURAL-A4-C3-MULTI-PROB-AVG-P01-L1-LOW-CAL-OFFICIAL-R2:16_PER_CLASS-MR03,Lee2019_MI,A4-C3-MULTI-PROB-AVG,NEURAL,P01-L1-LOW-CAL-OFFICIAL-R2:16_PER_CLASS,3,CONDITIONAL_SKIP,,,,,,,,,STAGE18_RESOURCE_CONSTRAINED_SINGLE_REPEAT_ALL_REFIT_ROLES
P02-A4-Lee2019_MI-NEURAL-A4-C0-CORE-P01-L1-LOW-CAL-OFFICIAL-R2:16_PER_CLASS-MR04,Lee2019_MI,A4-C0-CORE,NEURAL,P01-L1-LOW-CAL-OFFICIAL-R2:16_PER_CLASS,4,SUCCESS,3.0,3.0,1,1,DIRECT_CORE,0.00131423899983929,0.0016860165997059084,0.0,
P02-A4-Lee2019_MI-NEURAL-A4-C1-LONG-3P5S-P01-L1-LOW-CAL-OFFICIAL-R2:16_PER_CLASS-MR04,Lee2019_MI,A4-C1-LONG-3P5S,NEURAL,P01-L1-LOW-CAL-OFFICIAL-R2:16_PER_CLASS,4,CONDITIONAL_SKIP,,,,,,,,,STAGE18_RESOURCE_CONSTRAINED_SINGLE_REPEAT_ALL_REFIT_ROLES
P02-A4-Lee2019_MI-NEURAL-A4-C2-MULTI-HARD-VOTE-P01-L1-LOW-CAL-OFFICIAL-R2:16_PER_CLASS-MR04,Lee2019_MI,A4-C2-MULTI-HARD-VOTE,NEURAL,P01-L1-LOW-CAL-OFFICIAL-R2:16_PER_CLASS,4,CONDITIONAL_SKIP,,,,,,,,,STAGE18_RESOURCE_CONSTRAINED_SINGLE_REPEAT_ALL_REFIT_ROLES
P02-A4-Lee2019_MI-NEURAL-A4-C3-MULTI-PROB-AVG-P01-L1-LOW-CAL-OFFICIAL-R2:16_PER_CLASS-MR04,Lee2019_MI,A4-C3-MULTI-PROB-AVG,NEURAL,P01-L1-LOW-CAL-OFFICIAL-R2:16_PER_CLASS,4,CONDITIONAL_SKIP,,,,,,,,,STAGE18_RESOURCE_CONSTRAINED_SINGLE_REPEAT_ALL_REFIT_ROLES
P02-A4-Lee2019_MI-SSL-A4-C0-CORE-P01-L1-LOW-CAL-OFFICIAL-R2:16_PER_CLASS-MR00,Lee2019_MI,A4-C0-CORE,SSL,P01-L1-LOW-CAL-OFFICIAL-R2:16_PER_CLASS,0,SUCCESS,3.0,3.0,1,1,DIRECT_CORE,0.010326178002287634,0.010557453599903965,0.0,
P02-A4-Lee2019_MI-SSL-A4-C1-LONG-3P5S-P01-L1-LOW-CAL-OFFICIAL-R2:16_PER_CLASS-MR00,Lee2019_MI,A4-C1-LONG-3P5S,SSL,P01-L1-LOW-CAL-OFFICIAL-R2:16_PER_CLASS,0,CONDITIONAL_SKIP,,,,,,,,,STAGE18_RESOURCE_CONSTRAINED_DEEP_ANCHOR_BUDGET_ONLY
P02-A4-Lee2019_MI-SSL-A4-C2-MULTI-HARD-VOTE-P01-L1-LOW-CAL-OFFICIAL-R2:16_PER_CLASS-MR00,Lee2019_MI,A4-C2-MULTI-HARD-VOTE,SSL,P01-L1-LOW-CAL-OFFICIAL-R2:16_PER_CLASS,0,CONDITIONAL_SKIP,,,,,,,,,STAGE18_RESOURCE_CONSTRAINED_DEEP_ANCHOR_BUDGET_ONLY
P02-A4-Lee2019_MI-SSL-A4-C3-MULTI-PROB-AVG-P01-L1-LOW-CAL-OFFICIAL-R2:16_PER_CLASS-MR00,Lee2019_MI,A4-C3-MULTI-PROB-AVG,SSL,P01-L1-LOW-CAL-OFFICIAL-R2:16_PER_CLASS,0,CONDITIONAL_SKIP,,,,,,,,,STAGE18_RESOURCE_CONSTRAINED_DEEP_ANCHOR_BUDGET_ONLY
P02-A4-Lee2019_MI-SSL-A4-C0-CORE-P01-L1-LOW-CAL-OFFICIAL-R2:16_PER_CLASS-MR01,Lee2019_MI,A4-C0-CORE,SSL,P01-L1-LOW-CAL-OFFICIAL-R2:16_PER_CLASS,1,SUCCESS,3.0,3.0,1,1,DIRECT_CORE,0.00990214599733008,0.010175510399858468,0.0,
P02-A4-Lee2019_MI-SSL-A4-C1-LONG-3P5S-P01-L1-LOW-CAL-OFFICIAL-R2:16_PER_CLASS-MR01,Lee2019_MI,A4-C1-LONG-3P5S,SSL,P01-L1-LOW-CAL-OFFICIAL-R2:16_PER_CLASS,1,CONDITIONAL_SKIP,,,,,,,,,STAGE18_RESOURCE_CONSTRAINED_SINGLE_REPEAT_ALL_REFIT_ROLES
P02-A4-Lee2019_MI-SSL-A4-C2-MULTI-HARD-VOTE-P01-L1-LOW-CAL-OFFICIAL-R2:16_PER_CLASS-MR01,Lee2019_MI,A4-C2-MULTI-HARD-VOTE,SSL,P01-L1-LOW-CAL-OFFICIAL-R2:16_PER_CLASS,1,CONDITIONAL_SKIP,,,,,,,,,STAGE18_RESOURCE_CONSTRAINED_SINGLE_REPEAT_ALL_REFIT_ROLES
P02-A4-Lee2019_MI-SSL-A4-C3-MULTI-PROB-AVG-P01-L1-LOW-CAL-OFFICIAL-R2:16_PER_CLASS-MR01,Lee2019_MI,A4-C3-MULTI-PROB-AVG,SSL,P01-L1-LOW-CAL-OFFICIAL-R2:16_PER_CLASS,1,CONDITIONAL_SKIP,,,,,,,,,STAGE18_RESOURCE_CONSTRAINED_SINGLE_REPEAT_ALL_REFIT_ROLES
P02-A4-Lee2019_MI-SSL-A4-C0-CORE-P01-L1-LOW-CAL-OFFICIAL-R2:16_PER_CLASS-MR02,Lee2019_MI,A4-C0-CORE,SSL,P01-L1-LOW-CAL-OFFICIAL-R2:16_PER_CLASS,2,SUCCESS,3.0,3.0,1,1,DIRECT_CORE,0.009888788001262583,0.010617704199830769,0.0,
P02-A4-Lee2019_MI-SSL-A4-C1-LONG-3P5S-P01-L1-LOW-CAL-OFFICIAL-R2:16_PER_CLASS-MR02,Lee2019_MI,A4-C1-LONG-3P5S,SSL,P01-L1-LOW-CAL-OFFICIAL-R2:16_PER_CLASS,2,CONDITIONAL_SKIP,,,,,,,,,STAGE18_RESOURCE_CONSTRAINED_SINGLE_REPEAT_ALL_REFIT_ROLES
P02-A4-Lee2019_MI-SSL-A4-C2-MULTI-HARD-VOTE-P01-L1-LOW-CAL-OFFICIAL-R2:16_PER_CLASS-MR02,Lee2019_MI,A4-C2-MULTI-HARD-VOTE,SSL,P01-L1-LOW-CAL-OFFICIAL-R2:16_PER_CLASS,2,CONDITIONAL_SKIP,,,,,,,,,STAGE18_RESOURCE_CONSTRAINED_SINGLE_REPEAT_ALL_REFIT_ROLES
P02-A4-Lee2019_MI-SSL-A4-C3-MULTI-PROB-AVG-P01-L1-LOW-CAL-OFFICIAL-R2:16_PER_CLASS-MR02,Lee2019_MI,A4-C3-MULTI-PROB-AVG,SSL,P01-L1-LOW-CAL-OFFICIAL-R2:16_PER_CLASS,2,CONDITIONAL_SKIP,,,,,,,,,STAGE18_RESOURCE_CONSTRAINED_SINGLE_REPEAT_ALL_REFIT_ROLES
P02-A4-Lee2019_MI-SSL-A4-C0-CORE-P01-L1-LOW-CAL-OFFICIAL-R2:16_PER_CLASS-MR03,Lee2019_MI,A4-C0-CORE,SSL,P01-L1-LOW-CAL-OFFICIAL-R2:16_PER_CLASS,3,SUCCESS,3.0,3.0,1,1,DIRECT_CORE,0.010420285998407053,0.011013753597944742,0.0,
P02-A4-Lee2019_MI-SSL-A4-C1-LONG-3P5S-P01-L1-LOW-CAL-OFFICIAL-R2:16_PER_CLASS-MR03,Lee2019_MI,A4-C1-LONG-3P5S,SSL,P01-L1-LOW-CAL-OFFICIAL-R2:16_PER_CLASS,3,CONDITIONAL_SKIP,,,,,,,,,STAGE18_RESOURCE_CONSTRAINED_SINGLE_REPEAT_ALL_REFIT_ROLES
P02-A4-Lee2019_MI-SSL-A4-C2-MULTI-HARD-VOTE-P01-L1-LOW-CAL-OFFICIAL-R2:16_PER_CLASS-MR03,Lee2019_MI,A4-C2-MULTI-HARD-VOTE,SSL,P01-L1-LOW-CAL-OFFICIAL-R2:16_PER_CLASS,3,CONDITIONAL_SKIP,,,,,,,,,STAGE18_RESOURCE_CONSTRAINED_SINGLE_REPEAT_ALL_REFIT_ROLES
P02-A4-Lee2019_MI-SSL-A4-C3-MULTI-PROB-AVG-P01-L1-LOW-CAL-OFFICIAL-R2:16_PER_CLASS-MR03,Lee2019_MI,A4-C3-MULTI-PROB-AVG,SSL,P01-L1-LOW-CAL-OFFICIAL-R2:16_PER_CLASS,3,CONDITIONAL_SKIP,,,,,,,,,STAGE18_RESOURCE_CONSTRAINED_SINGLE_REPEAT_ALL_REFIT_ROLES
P02-A4-Lee2019_MI-SSL-A4-C0-CORE-P01-L1-LOW-CAL-OFFICIAL-R2:16_PER_CLASS-MR04,Lee2019_MI,A4-C0-CORE,SSL,P01-L1-LOW-CAL-OFFICIAL-R2:16_PER_CLASS,4,SUCCESS,3.0,3.0,1,1,DIRECT_CORE,0.009812976000830531,0.010132816198165528,0.0,
P02-A4-Lee2019_MI-SSL-A4-C1-LONG-3P5S-P01-L1-LOW-CAL-OFFICIAL-R2:16_PER_CLASS-MR04,Lee2019_MI,A4-C1-LONG-3P5S,SSL,P01-L1-LOW-CAL-OFFICIAL-R2:16_PER_CLASS,4,CONDITIONAL_SKIP,,,,,,,,,STAGE18_RESOURCE_CONSTRAINED_SINGLE_REPEAT_ALL_REFIT_ROLES
P02-A4-Lee2019_MI-SSL-A4-C2-MULTI-HARD-VOTE-P01-L1-LOW-CAL-OFFICIAL-R2:16_PER_CLASS-MR04,Lee2019_MI,A4-C2-MULTI-HARD-VOTE,SSL,P01-L1-LOW-CAL-OFFICIAL-R2:16_PER_CLASS,4,CONDITIONAL_SKIP,,,,,,,,,STAGE18_RESOURCE_CONSTRAINED_SINGLE_REPEAT_ALL_REFIT_ROLES
P02-A4-Lee2019_MI-SSL-A4-C3-MULTI-PROB-AVG-P01-L1-LOW-CAL-OFFICIAL-R2:16_PER_CLASS-MR04,Lee2019_MI,A4-C3-MULTI-PROB-AVG,SSL,P01-L1-LOW-CAL-OFFICIAL-R2:16_PER_CLASS,4,CONDITIONAL_SKIP,,,,,,,,,STAGE18_RESOURCE_CONSTRAINED_SINGLE_REPEAT_ALL_REFIT_ROLES
P02-A4-Lee2019_MI-ENSEMBLE-A4-C4-MODEL-HARD-VOTE-P01-L1-LOW-CAL-OFFICIAL-R2:16_PER_CLASS-ER00,Lee2019_MI,A4-C4-MODEL-HARD-VOTE,FIXED_MODEL_ENSEMBLE,P01-L1-LOW-CAL-OFFICIAL-R2:16_PER_CLASS,0,SUCCESS,3.0,3.0,4,4,HARD_VOTE,0.021500057004232076,0.022784108399719116,0.0025326480008516228,
P02-A4-Lee2019_MI-ENSEMBLE-A4-C5-MODEL-PROB-AVG-P01-L1-LOW-CAL-OFFICIAL-R2:16_PER_CLASS-ER00,Lee2019_MI,A4-C5-MODEL-PROB-AVG,FIXED_MODEL_ENSEMBLE,P01-L1-LOW-CAL-OFFICIAL-R2:16_PER_CLASS,0,SUCCESS,3.0,3.0,4,4,PROBABILITY_AVERAGE,0.021500057004232076,0.022784108399719116,0.0002459349998389371,
P02-A4-Lee2019_MI-ENSEMBLE-A4-C4-MODEL-HARD-VOTE-P01-L1-LOW-CAL-OFFICIAL-R2:16_PER_CLASS-ER01,Lee2019_MI,A4-C4-MODEL-HARD-VOTE,FIXED_MODEL_ENSEMBLE,P01-L1-LOW-CAL-OFFICIAL-R2:16_PER_CLASS,1,SUCCESS,3.0,3.0,4,4,HARD_VOTE,0.021058012998764752,0.022159972800363904,0.002501925999240484,
P02-A4-Lee2019_MI-ENSEMBLE-A4-C5-MODEL-PROB-AVG-P01-L1-LOW-CAL-OFFICIAL-R2:16_PER_CLASS-ER01,Lee2019_MI,A4-C5-MODEL-PROB-AVG,FIXED_MODEL_ENSEMBLE,P01-L1-LOW-CAL-OFFICIAL-R2:16_PER_CLASS,1,SUCCESS,3.0,3.0,4,4,PROBABILITY_AVERAGE,0.021058012998764752,0.022159972800363904,0.00023773300017637666,
P02-A4-Lee2019_MI-ENSEMBLE-A4-C4-MODEL-HARD-VOTE-P01-L1-LOW-CAL-OFFICIAL-R2:16_PER_CLASS-ER02,Lee2019_MI,A4-C4-MODEL-HARD-VOTE,FIXED_MODEL_ENSEMBLE,P01-L1-LOW-CAL-OFFICIAL-R2:16_PER_CLASS,2,SUCCESS,3.0,3.0,4,4,HARD_VOTE,0.020963519003998954,0.022585392401379068,0.002500901999155758,
P02-A4-Lee2019_MI-ENSEMBLE-A4-C5-MODEL-PROB-AVG-P01-L1-LOW-CAL-OFFICIAL-R2:16_PER_CLASS-ER02,Lee2019_MI,A4-C5-MODEL-PROB-AVG,FIXED_MODEL_ENSEMBLE,P01-L1-LOW-CAL-OFFICIAL-R2:16_PER_CLASS,2,SUCCESS,3.0,3.0,4,4,PROBABILITY_AVERAGE,0.020963519003998954,0.022585392401379068,0.00023458000032405835,
P02-A4-Lee2019_MI-ENSEMBLE-A4-C4-MODEL-HARD-VOTE-P01-L1-LOW-CAL-OFFICIAL-R2:16_PER_CLASS-ER03,Lee2019_MI,A4-C4-MODEL-HARD-VOTE,FIXED_MODEL_ENSEMBLE,P01-L1-LOW-CAL-OFFICIAL-R2:16_PER_CLASS,3,SUCCESS,3.0,3.0,4,4,HARD_VOTE,0.021556771000177832,0.02320380899873271,0.002729656998781138,
P02-A4-Lee2019_MI-ENSEMBLE-A4-C5-MODEL-PROB-AVG-P01-L1-LOW-CAL-OFFICIAL-R2:16_PER_CLASS-ER03,Lee2019_MI,A4-C5-MODEL-PROB-AVG,FIXED_MODEL_ENSEMBLE,P01-L1-LOW-CAL-OFFICIAL-R2:16_PER_CLASS,3,SUCCESS,3.0,3.0,4,4,PROBABILITY_AVERAGE,0.021556771000177832,0.02320380899873271,0.0002196909990743734,
P02-A4-Lee2019_MI-ENSEMBLE-A4-C4-MODEL-HARD-VOTE-P01-L1-LOW-CAL-OFFICIAL-R2:16_PER_CLASS-ER04,Lee2019_MI,A4-C4-MODEL-HARD-VOTE,FIXED_MODEL_ENSEMBLE,P01-L1-LOW-CAL-OFFICIAL-R2:16_PER_CLASS,4,SUCCESS,3.0,3.0,4,4,HARD_VOTE,0.020883229002720327,0.022217737998289522,0.0027651809996314114,
P02-A4-Lee2019_MI-ENSEMBLE-A4-C5-MODEL-PROB-AVG-P01-L1-LOW-CAL-OFFICIAL-R2:16_PER_CLASS-ER04,Lee2019_MI,A4-C5-MODEL-PROB-AVG,FIXED_MODEL_ENSEMBLE,P01-L1-LOW-CAL-OFFICIAL-R2:16_PER_CLASS,4,SUCCESS,3.0,3.0,4,4,PROBABILITY_AVERAGE,0.020883229002720327,0.022217737998289522,0.00021857399951841217,
P02-A4-Lee2019_MI-CLASSICAL-A4-C0-CORE-P01-L1-LOW-CAL-OFFICIAL-R2:32_PER_CLASS-MR00,Lee2019_MI,A4-C0-CORE,CLASSICAL,P01-L1-LOW-CAL-OFFICIAL-R2:32_PER_CLASS,0,SUCCESS,3.0,3.0,1,1,DIRECT_CORE,0.0007106949997250922,0.0008559998001146596,0.0,
P02-A4-Lee2019_MI-CLASSICAL-A4-C1-LONG-3P5S-P01-L1-LOW-CAL-OFFICIAL-R2:32_PER_CLASS-MR00,Lee2019_MI,A4-C1-LONG-3P5S,CLASSICAL,P01-L1-LOW-CAL-OFFICIAL-R2:32_PER_CLASS,0,SUCCESS,3.5,3.5,1,1,DIRECT_LONG,0.0009805979989323532,0.0010958499999105698,0.0,
P02-A4-Lee2019_MI-CLASSICAL-A4-C2-MULTI-HARD-VOTE-P01-L1-LOW-CAL-OFFICIAL-R2:32_PER_CLASS-MR00,Lee2019_MI,A4-C2-MULTI-HARD-VOTE,CLASSICAL,P01-L1-LOW-CAL-OFFICIAL-R2:32_PER_CLASS,0,SUCCESS,2.0,3.5,3,3,HARD_VOTE,0.002946878999864566,0.005949046198293218,0.001752408999891486,
P02-A4-Lee2019_MI-CLASSICAL-A4-C3-MULTI-PROB-AVG-P01-L1-LOW-CAL-OFFICIAL-R2:32_PER_CLASS-MR00,Lee2019_MI,A4-C3-MULTI-PROB-AVG,CLASSICAL,P01-L1-LOW-CAL-OFFICIAL-R2:32_PER_CLASS,0,SUCCESS,2.0,3.5,3,3,PROBABILITY_AVERAGE,0.002946878999864566,0.005949046198293218,0.0019129219999740599,
P02-A4-Lee2019_MI-RIEMANNIAN-A4-C0-CORE-P01-L1-LOW-CAL-OFFICIAL-R2:32_PER_CLASS-MR00,Lee2019_MI,A4-C0-CORE,RIEMANNIAN,P01-L1-LOW-CAL-OFFICIAL-R2:32_PER_CLASS,0,SUCCESS,3.0,3.0,1,1,DIRECT_CORE,0.009330640001280699,0.009584736200486077,0.0,
P02-A4-Lee2019_MI-RIEMANNIAN-A4-C1-LONG-3P5S-P01-L1-LOW-CAL-OFFICIAL-R2:32_PER_CLASS-MR00,Lee2019_MI,A4-C1-LONG-3P5S,RIEMANNIAN,P01-L1-LOW-CAL-OFFICIAL-R2:32_PER_CLASS,0,SUCCESS,3.5,3.5,1,1,DIRECT_LONG,0.009701978999146377,0.01011259060105658,0.0,
P02-A4-Lee2019_MI-RIEMANNIAN-A4-C2-MULTI-HARD-VOTE-P01-L1-LOW-CAL-OFFICIAL-R2:32_PER_CLASS-MR00,Lee2019_MI,A4-C2-MULTI-HARD-VOTE,RIEMANNIAN,P01-L1-LOW-CAL-OFFICIAL-R2:32_PER_CLASS,0,SUCCESS,2.0,3.5,3,3,HARD_VOTE,0.027801890999398893,0.02862985660140112,0.0033215759995073313,
P02-A4-Lee2019_MI-RIEMANNIAN-A4-C3-MULTI-PROB-AVG-P01-L1-LOW-CAL-OFFICIAL-R2:32_PER_CLASS-MR00,Lee2019_MI,A4-C3-MULTI-PROB-AVG,RIEMANNIAN,P01-L1-LOW-CAL-OFFICIAL-R2:32_PER_CLASS,0,SUCCESS,2.0,3.5,3,3,PROBABILITY_AVERAGE,0.027801890999398893,0.02862985660140112,0.0017824509995989501,
P02-A4-Lee2019_MI-NEURAL-A4-C0-CORE-P01-L1-LOW-CAL-OFFICIAL-R2:32_PER_CLASS-MR00,Lee2019_MI,A4-C0-CORE,NEURAL,P01-L1-LOW-CAL-OFFICIAL-R2:32_PER_CLASS,0,SUCCESS,3.0,3.0,1,1,DIRECT_CORE,0.0013202289992477745,0.00159260340151377,0.0,
P02-A4-Lee2019_MI-NEURAL-A4-C1-LONG-3P5S-P01-L1-LOW-CAL-OFFICIAL-R2:32_PER_CLASS-MR00,Lee2019_MI,A4-C1-LONG-3P5S,NEURAL,P01-L1-LOW-CAL-OFFICIAL-R2:32_PER_CLASS,0,CONDITIONAL_SKIP,,,,,,,,,STAGE18_RESOURCE_CONSTRAINED_DEEP_ANCHOR_BUDGET_ONLY
P02-A4-Lee2019_MI-NEURAL-A4-C2-MULTI-HARD-VOTE-P01-L1-LOW-CAL-OFFICIAL-R2:32_PER_CLASS-MR00,Lee2019_MI,A4-C2-MULTI-HARD-VOTE,NEURAL,P01-L1-LOW-CAL-OFFICIAL-R2:32_PER_CLASS,0,CONDITIONAL_SKIP,,,,,,,,,STAGE18_RESOURCE_CONSTRAINED_DEEP_ANCHOR_BUDGET_ONLY
P02-A4-Lee2019_MI-NEURAL-A4-C3-MULTI-PROB-AVG-P01-L1-LOW-CAL-OFFICIAL-R2:32_PER_CLASS-MR00,Lee2019_MI,A4-C3-MULTI-PROB-AVG,NEURAL,P01-L1-LOW-CAL-OFFICIAL-R2:32_PER_CLASS,0,CONDITIONAL_SKIP,,,,,,,,,STAGE18_RESOURCE_CONSTRAINED_DEEP_ANCHOR_BUDGET_ONLY
P02-A4-Lee2019_MI-NEURAL-A4-C0-CORE-P01-L1-LOW-CAL-OFFICIAL-R2:32_PER_CLASS-MR01,Lee2019_MI,A4-C0-CORE,NEURAL,P01-L1-LOW-CAL-OFFICIAL-R2:32_PER_CLASS,1,SUCCESS,3.0,3.0,1,1,DIRECT_CORE,0.0013143020005372819,0.0016470075996039668,0.0,
P02-A4-Lee2019_MI-NEURAL-A4-C1-LONG-3P5S-P01-L1-LOW-CAL-OFFICIAL-R2:32_PER_CLASS-MR01,Lee2019_MI,A4-C1-LONG-3P5S,NEURAL,P01-L1-LOW-CAL-OFFICIAL-R2:32_PER_CLASS,1,CONDITIONAL_SKIP,,,,,,,,,STAGE18_RESOURCE_CONSTRAINED_SINGLE_REPEAT_ALL_REFIT_ROLES
P02-A4-Lee2019_MI-NEURAL-A4-C2-MULTI-HARD-VOTE-P01-L1-LOW-CAL-OFFICIAL-R2:32_PER_CLASS-MR01,Lee2019_MI,A4-C2-MULTI-HARD-VOTE,NEURAL,P01-L1-LOW-CAL-OFFICIAL-R2:32_PER_CLASS,1,CONDITIONAL_SKIP,,,,,,,,,STAGE18_RESOURCE_CONSTRAINED_SINGLE_REPEAT_ALL_REFIT_ROLES
P02-A4-Lee2019_MI-NEURAL-A4-C3-MULTI-PROB-AVG-P01-L1-LOW-CAL-OFFICIAL-R2:32_PER_CLASS-MR01,Lee2019_MI,A4-C3-MULTI-PROB-AVG,NEURAL,P01-L1-LOW-CAL-OFFICIAL-R2:32_PER_CLASS,1,CONDITIONAL_SKIP,,,,,,,,,STAGE18_RESOURCE_CONSTRAINED_SINGLE_REPEAT_ALL_REFIT_ROLES
P02-A4-Lee2019_MI-NEURAL-A4-C0-CORE-P01-L1-LOW-CAL-OFFICIAL-R2:32_PER_CLASS-MR02,Lee2019_MI,A4-C0-CORE,NEURAL,P01-L1-LOW-CAL-OFFICIAL-R2:32_PER_CLASS,2,SUCCESS,3.0,3.0,1,1,DIRECT_CORE,0.0013051379992248258,0.0015395899998111417,0.0,
P02-A4-Lee2019_MI-NEURAL-A4-C1-LONG-3P5S-P01-L1-LOW-CAL-OFFICIAL-R2:32_PER_CLASS-MR02,Lee2019_MI,A4-C1-LONG-3P5S,NEURAL,P01-L1-LOW-CAL-OFFICIAL-R2:32_PER_CLASS,2,CONDITIONAL_SKIP,,,,,,,,,STAGE18_RESOURCE_CONSTRAINED_SINGLE_REPEAT_ALL_REFIT_ROLES
P02-A4-Lee2019_MI-NEURAL-A4-C2-MULTI-HARD-VOTE-P01-L1-LOW-CAL-OFFICIAL-R2:32_PER_CLASS-MR02,Lee2019_MI,A4-C2-MULTI-HARD-VOTE,NEURAL,P01-L1-LOW-CAL-OFFICIAL-R2:32_PER_CLASS,2,CONDITIONAL_SKIP,,,,,,,,,STAGE18_RESOURCE_CONSTRAINED_SINGLE_REPEAT_ALL_REFIT_ROLES
P02-A4-Lee2019_MI-NEURAL-A4-C3-MULTI-PROB-AVG-P01-L1-LOW-CAL-OFFICIAL-R2:32_PER_CLASS-MR02,Lee2019_MI,A4-C3-MULTI-PROB-AVG,NEURAL,P01-L1-LOW-CAL-OFFICIAL-R2:32_PER_CLASS,2,CONDITIONAL_SKIP,,,,,,,,,STAGE18_RESOURCE_CONSTRAINED_SINGLE_REPEAT_ALL_REFIT_ROLES
P02-A4-Lee2019_MI-NEURAL-A4-C0-CORE-P01-L1-LOW-CAL-OFFICIAL-R2:32_PER_CLASS-MR03,Lee2019_MI,A4-C0-CORE,NEURAL,P01-L1-LOW-CAL-OFFICIAL-R2:32_PER_CLASS,3,SUCCESS,3.0,3.0,1,1,DIRECT_CORE,0.001604027000212227,0.0016428308001195547,0.0,
P02-A4-Lee2019_MI-NEURAL-A4-C1-LONG-3P5S-P01-L1-LOW-CAL-OFFICIAL-R2:32_PER_CLASS-MR03,Lee2019_MI,A4-C1-LONG-3P5S,NEURAL,P01-L1-LOW-CAL-OFFICIAL-R2:32_PER_CLASS,3,CONDITIONAL_SKIP,,,,,,,,,STAGE18_RESOURCE_CONSTRAINED_SINGLE_REPEAT_ALL_REFIT_ROLES
P02-A4-Lee2019_MI-NEURAL-A4-C2-MULTI-HARD-VOTE-P01-L1-LOW-CAL-OFFICIAL-R2:32_PER_CLASS-MR03,Lee2019_MI,A4-C2-MULTI-HARD-VOTE,NEURAL,P01-L1-LOW-CAL-OFFICIAL-R2:32_PER_CLASS,3,CONDITIONAL_SKIP,,,,,,,,,STAGE18_RESOURCE_CONSTRAINED_SINGLE_REPEAT_ALL_REFIT_ROLES
P02-A4-Lee2019_MI-NEURAL-A4-C3-MULTI-PROB-AVG-P01-L1-LOW-CAL-OFFICIAL-R2:32_PER_CLASS-MR03,Lee2019_MI,A4-C3-MULTI-PROB-AVG,NEURAL,P01-L1-LOW-CAL-OFFICIAL-R2:32_PER_CLASS,3,CONDITIONAL_SKIP,,,,,,,,,STAGE18_RESOURCE_CONSTRAINED_SINGLE_REPEAT_ALL_REFIT_ROLES
P02-A4-Lee2019_MI-NEURAL-A4-C0-CORE-P01-L1-LOW-CAL-OFFICIAL-R2:32_PER_CLASS-MR04,Lee2019_MI,A4-C0-CORE,NEURAL,P01-L1-LOW-CAL-OFFICIAL-R2:32_PER_CLASS,4,SUCCESS,3.0,3.0,1,1,DIRECT_CORE,0.0012906899992231047,0.0015988737995940028,0.0,
P02-A4-Lee2019_MI-NEURAL-A4-C1-LONG-3P5S-P01-L1-LOW-CAL-OFFICIAL-R2:32_PER_CLASS-MR04,Lee2019_MI,A4-C1-LONG-3P5S,NEURAL,P01-L1-LOW-CAL-OFFICIAL-R2:32_PER_CLASS,4,CONDITIONAL_SKIP,,,,,,,,,STAGE18_RESOURCE_CONSTRAINED_SINGLE_REPEAT_ALL_REFIT_ROLES
P02-A4-Lee2019_MI-NEURAL-A4-C2-MULTI-HARD-VOTE-P01-L1-LOW-CAL-OFFICIAL-R2:32_PER_CLASS-MR04,Lee2019_MI,A4-C2-MULTI-HARD-VOTE,NEURAL,P01-L1-LOW-CAL-OFFICIAL-R2:32_PER_CLASS,4,CONDITIONAL_SKIP,,,,,,,,,STAGE18_RESOURCE_CONSTRAINED_SINGLE_REPEAT_ALL_REFIT_ROLES
P02-A4-Lee2019_MI-NEURAL-A4-C3-MULTI-PROB-AVG-P01-L1-LOW-CAL-OFFICIAL-R2:32_PER_CLASS-MR04,Lee2019_MI,A4-C3-MULTI-PROB-AVG,NEURAL,P01-L1-LOW-CAL-OFFICIAL-R2:32_PER_CLASS,4,CONDITIONAL_SKIP,,,,,,,,,STAGE18_RESOURCE_CONSTRAINED_SINGLE_REPEAT_ALL_REFIT_ROLES
P02-A4-Lee2019_MI-SSL-A4-C0-CORE-P01-L1-LOW-CAL-OFFICIAL-R2:32_PER_CLASS-MR00,Lee2019_MI,A4-C0-CORE,SSL,P01-L1-LOW-CAL-OFFICIAL-R2:32_PER_CLASS,0,SUCCESS,3.0,3.0,1,1,DIRECT_CORE,0.01065148300040164,0.010742845600179862,0.0,
P02-A4-Lee2019_MI-SSL-A4-C1-LONG-3P5S-P01-L1-LOW-CAL-OFFICIAL-R2:32_PER_CLASS-MR00,Lee2019_MI,A4-C1-LONG-3P5S,SSL,P01-L1-LOW-CAL-OFFICIAL-R2:32_PER_CLASS,0,CONDITIONAL_SKIP,,,,,,,,,STAGE18_RESOURCE_CONSTRAINED_DEEP_ANCHOR_BUDGET_ONLY
P02-A4-Lee2019_MI-SSL-A4-C2-MULTI-HARD-VOTE-P01-L1-LOW-CAL-OFFICIAL-R2:32_PER_CLASS-MR00,Lee2019_MI,A4-C2-MULTI-HARD-VOTE,SSL,P01-L1-LOW-CAL-OFFICIAL-R2:32_PER_CLASS,0,CONDITIONAL_SKIP,,,,,,,,,STAGE18_RESOURCE_CONSTRAINED_DEEP_ANCHOR_BUDGET_ONLY
P02-A4-Lee2019_MI-SSL-A4-C3-MULTI-PROB-AVG-P01-L1-LOW-CAL-OFFICIAL-R2:32_PER_CLASS-MR00,Lee2019_MI,A4-C3-MULTI-PROB-AVG,SSL,P01-L1-LOW-CAL-OFFICIAL-R2:32_PER_CLASS,0,CONDITIONAL_SKIP,,,,,,,,,STAGE18_RESOURCE_CONSTRAINED_DEEP_ANCHOR_BUDGET_ONLY
P02-A4-Lee2019_MI-SSL-A4-C0-CORE-P01-L1-LOW-CAL-OFFICIAL-R2:32_PER_CLASS-MR01,Lee2019_MI,A4-C0-CORE,SSL,P01-L1-LOW-CAL-OFFICIAL-R2:32_PER_CLASS,1,SUCCESS,3.0,3.0,1,1,DIRECT_CORE,0.01032950099761365,0.010493650800344766,0.0,
P02-A4-Lee2019_MI-SSL-A4-C1-LONG-3P5S-P01-L1-LOW-CAL-OFFICIAL-R2:32_PER_CLASS-MR01,Lee2019_MI,A4-C1-LONG-3P5S,SSL,P01-L1-LOW-CAL-OFFICIAL-R2:32_PER_CLASS,1,CONDITIONAL_SKIP,,,,,,,,,STAGE18_RESOURCE_CONSTRAINED_SINGLE_REPEAT_ALL_REFIT_ROLES
P02-A4-Lee2019_MI-SSL-A4-C2-MULTI-HARD-VOTE-P01-L1-LOW-CAL-OFFICIAL-R2:32_PER_CLASS-MR01,Lee2019_MI,A4-C2-MULTI-HARD-VOTE,SSL,P01-L1-LOW-CAL-OFFICIAL-R2:32_PER_CLASS,1,CONDITIONAL_SKIP,,,,,,,,,STAGE18_RESOURCE_CONSTRAINED_SINGLE_REPEAT_ALL_REFIT_ROLES
P02-A4-Lee2019_MI-SSL-A4-C3-MULTI-PROB-AVG-P01-L1-LOW-CAL-OFFICIAL-R2:32_PER_CLASS-MR01,Lee2019_MI,A4-C3-MULTI-PROB-AVG,SSL,P01-L1-LOW-CAL-OFFICIAL-R2:32_PER_CLASS,1,CONDITIONAL_SKIP,,,,,,,,,STAGE18_RESOURCE_CONSTRAINED_SINGLE_REPEAT_ALL_REFIT_ROLES
P02-A4-Lee2019_MI-SSL-A4-C0-CORE-P01-L1-LOW-CAL-OFFICIAL-R2:32_PER_CLASS-MR02,Lee2019_MI,A4-C0-CORE,SSL,P01-L1-LOW-CAL-OFFICIAL-R2:32_PER_CLASS,2,SUCCESS,3.0,3.0,1,1,DIRECT_CORE,0.009491720000369241,0.00965743559791008,0.0,
P02-A4-Lee2019_MI-SSL-A4-C1-LONG-3P5S-P01-L1-LOW-CAL-OFFICIAL-R2:32_PER_CLASS-MR02,Lee2019_MI,A4-C1-LONG-3P5S,SSL,P01-L1-LOW-CAL-OFFICIAL-R2:32_PER_CLASS,2,CONDITIONAL_SKIP,,,,,,,,,STAGE18_RESOURCE_CONSTRAINED_SINGLE_REPEAT_ALL_REFIT_ROLES
P02-A4-Lee2019_MI-SSL-A4-C2-MULTI-HARD-VOTE-P01-L1-LOW-CAL-OFFICIAL-R2:32_PER_CLASS-MR02,Lee2019_MI,A4-C2-MULTI-HARD-VOTE,SSL,P01-L1-LOW-CAL-OFFICIAL-R2:32_PER_CLASS,2,CONDITIONAL_SKIP,,,,,,,,,STAGE18_RESOURCE_CONSTRAINED_SINGLE_REPEAT_ALL_REFIT_ROLES
P02-A4-Lee2019_MI-SSL-A4-C3-MULTI-PROB-AVG-P01-L1-LOW-CAL-OFFICIAL-R2:32_PER_CLASS-MR02,Lee2019_MI,A4-C3-MULTI-PROB-AVG,SSL,P01-L1-LOW-CAL-OFFICIAL-R2:32_PER_CLASS,2,CONDITIONAL_SKIP,,,,,,,,,STAGE18_RESOURCE_CONSTRAINED_SINGLE_REPEAT_ALL_REFIT_ROLES
P02-A4-Lee2019_MI-SSL-A4-C0-CORE-P01-L1-LOW-CAL-OFFICIAL-R2:32_PER_CLASS-MR03,Lee2019_MI,A4-C0-CORE,SSL,P01-L1-LOW-CAL-OFFICIAL-R2:32_PER_CLASS,3,SUCCESS,3.0,3.0,1,1,DIRECT_CORE,0.010522788998059696,0.010652162998303539,0.0,
P02-A4-Lee2019_MI-SSL-A4-C1-LONG-3P5S-P01-L1-LOW-CAL-OFFICIAL-R2:32_PER_CLASS-MR03,Lee2019_MI,A4-C1-LONG-3P5S,SSL,P01-L1-LOW-CAL-OFFICIAL-R2:32_PER_CLASS,3,CONDITIONAL_SKIP,,,,,,,,,STAGE18_RESOURCE_CONSTRAINED_SINGLE_REPEAT_ALL_REFIT_ROLES
P02-A4-Lee2019_MI-SSL-A4-C2-MULTI-HARD-VOTE-P01-L1-LOW-CAL-OFFICIAL-R2:32_PER_CLASS-MR03,Lee2019_MI,A4-C2-MULTI-HARD-VOTE,SSL,P01-L1-LOW-CAL-OFFICIAL-R2:32_PER_CLASS,3,CONDITIONAL_SKIP,,,,,,,,,STAGE18_RESOURCE_CONSTRAINED_SINGLE_REPEAT_ALL_REFIT_ROLES
P02-A4-Lee2019_MI-SSL-A4-C3-MULTI-PROB-AVG-P01-L1-LOW-CAL-OFFICIAL-R2:32_PER_CLASS-MR03,Lee2019_MI,A4-C3-MULTI-PROB-AVG,SSL,P01-L1-LOW-CAL-OFFICIAL-R2:32_PER_CLASS,3,CONDITIONAL_SKIP,,,,,,,,,STAGE18_RESOURCE_CONSTRAINED_SINGLE_REPEAT_ALL_REFIT_ROLES
P02-A4-Lee2019_MI-SSL-A4-C0-CORE-P01-L1-LOW-CAL-OFFICIAL-R2:32_PER_CLASS-MR04,Lee2019_MI,A4-C0-CORE,SSL,P01-L1-LOW-CAL-OFFICIAL-R2:32_PER_CLASS,4,SUCCESS,3.0,3.0,1,1,DIRECT_CORE,0.01048911600082647,0.010626723001041682,0.0,
P02-A4-Lee2019_MI-SSL-A4-C1-LONG-3P5S-P01-L1-LOW-CAL-OFFICIAL-R2:32_PER_CLASS-MR04,Lee2019_MI,A4-C1-LONG-3P5S,SSL,P01-L1-LOW-CAL-OFFICIAL-R2:32_PER_CLASS,4,CONDITIONAL_SKIP,,,,,,,,,STAGE18_RESOURCE_CONSTRAINED_SINGLE_REPEAT_ALL_REFIT_ROLES
P02-A4-Lee2019_MI-SSL-A4-C2-MULTI-HARD-VOTE-P01-L1-LOW-CAL-OFFICIAL-R2:32_PER_CLASS-MR04,Lee2019_MI,A4-C2-MULTI-HARD-VOTE,SSL,P01-L1-LOW-CAL-OFFICIAL-R2:32_PER_CLASS,4,CONDITIONAL_SKIP,,,,,,,,,STAGE18_RESOURCE_CONSTRAINED_SINGLE_REPEAT_ALL_REFIT_ROLES
P02-A4-Lee2019_MI-SSL-A4-C3-MULTI-PROB-AVG-P01-L1-LOW-CAL-OFFICIAL-R2:32_PER_CLASS-MR04,Lee2019_MI,A4-C3-MULTI-PROB-AVG,SSL,P01-L1-LOW-CAL-OFFICIAL-R2:32_PER_CLASS,4,CONDITIONAL_SKIP,,,,,,,,,STAGE18_RESOURCE_CONSTRAINED_SINGLE_REPEAT_ALL_REFIT_ROLES
P02-A4-Lee2019_MI-ENSEMBLE-A4-C4-MODEL-HARD-VOTE-P01-L1-LOW-CAL-OFFICIAL-R2:32_PER_CLASS-ER00,Lee2019_MI,A4-C4-MODEL-HARD-VOTE,FIXED_MODEL_ENSEMBLE,P01-L1-LOW-CAL-OFFICIAL-R2:32_PER_CLASS,0,SUCCESS,3.0,3.0,4,4,HARD_VOTE,0.022013047000655206,0.02277618500229437,0.002973956999994698,
P02-A4-Lee2019_MI-ENSEMBLE-A4-C5-MODEL-PROB-AVG-P01-L1-LOW-CAL-OFFICIAL-R2:32_PER_CLASS-ER00,Lee2019_MI,A4-C5-MODEL-PROB-AVG,FIXED_MODEL_ENSEMBLE,P01-L1-LOW-CAL-OFFICIAL-R2:32_PER_CLASS,0,SUCCESS,3.0,3.0,4,4,PROBABILITY_AVERAGE,0.022013047000655206,0.02277618500229437,0.00022157599960337393,
P02-A4-Lee2019_MI-ENSEMBLE-A4-C4-MODEL-HARD-VOTE-P01-L1-LOW-CAL-OFFICIAL-R2:32_PER_CLASS-ER01,Lee2019_MI,A4-C4-MODEL-HARD-VOTE,FIXED_MODEL_ENSEMBLE,P01-L1-LOW-CAL-OFFICIAL-R2:32_PER_CLASS,1,SUCCESS,3.0,3.0,4,4,HARD_VOTE,0.021685137999156723,0.02258139440054947,0.0029795160007779486,
P02-A4-Lee2019_MI-ENSEMBLE-A4-C5-MODEL-PROB-AVG-P01-L1-LOW-CAL-OFFICIAL-R2:32_PER_CLASS-ER01,Lee2019_MI,A4-C5-MODEL-PROB-AVG,FIXED_MODEL_ENSEMBLE,P01-L1-LOW-CAL-OFFICIAL-R2:32_PER_CLASS,1,SUCCESS,3.0,3.0,4,4,PROBABILITY_AVERAGE,0.021685137999156723,0.02258139440054947,0.00023608799892826937,
P02-A4-Lee2019_MI-ENSEMBLE-A4-C4-MODEL-HARD-VOTE-P01-L1-LOW-CAL-OFFICIAL-R2:32_PER_CLASS-ER02,Lee2019_MI,A4-C4-MODEL-HARD-VOTE,FIXED_MODEL_ENSEMBLE,P01-L1-LOW-CAL-OFFICIAL-R2:32_PER_CLASS,2,SUCCESS,3.0,3.0,4,4,HARD_VOTE,0.02083819300059986,0.02163776159832196,0.002615372999571264,
P02-A4-Lee2019_MI-ENSEMBLE-A4-C5-MODEL-PROB-AVG-P01-L1-LOW-CAL-OFFICIAL-R2:32_PER_CLASS-ER02,Lee2019_MI,A4-C5-MODEL-PROB-AVG,FIXED_MODEL_ENSEMBLE,P01-L1-LOW-CAL-OFFICIAL-R2:32_PER_CLASS,2,SUCCESS,3.0,3.0,4,4,PROBABILITY_AVERAGE,0.02083819300059986,0.02163776159832196,0.0002313959994353354,
P02-A4-Lee2019_MI-ENSEMBLE-A4-C4-MODEL-HARD-VOTE-P01-L1-LOW-CAL-OFFICIAL-R2:32_PER_CLASS-ER03,Lee2019_MI,A4-C4-MODEL-HARD-VOTE,FIXED_MODEL_ENSEMBLE,P01-L1-LOW-CAL-OFFICIAL-R2:32_PER_CLASS,3,SUCCESS,3.0,3.0,4,4,HARD_VOTE,0.022168150999277714,0.02273572979902383,0.0025448670003243024,
P02-A4-Lee2019_MI-ENSEMBLE-A4-C5-MODEL-PROB-AVG-P01-L1-LOW-CAL-OFFICIAL-R2:32_PER_CLASS-ER03,Lee2019_MI,A4-C5-MODEL-PROB-AVG,FIXED_MODEL_ENSEMBLE,P01-L1-LOW-CAL-OFFICIAL-R2:32_PER_CLASS,3,SUCCESS,3.0,3.0,4,4,PROBABILITY_AVERAGE,0.022168150999277714,0.02273572979902383,0.00020068899902980775,
P02-A4-Lee2019_MI-ENSEMBLE-A4-C4-MODEL-HARD-VOTE-P01-L1-LOW-CAL-OFFICIAL-R2:32_PER_CLASS-ER04,Lee2019_MI,A4-C4-MODEL-HARD-VOTE,FIXED_MODEL_ENSEMBLE,P01-L1-LOW-CAL-OFFICIAL-R2:32_PER_CLASS,4,SUCCESS,3.0,3.0,4,4,HARD_VOTE,0.021821141001055366,0.022666332801236422,0.0024746660001255805,
P02-A4-Lee2019_MI-ENSEMBLE-A4-C5-MODEL-PROB-AVG-P01-L1-LOW-CAL-OFFICIAL-R2:32_PER_CLASS-ER04,Lee2019_MI,A4-C5-MODEL-PROB-AVG,FIXED_MODEL_ENSEMBLE,P01-L1-LOW-CAL-OFFICIAL-R2:32_PER_CLASS,4,SUCCESS,3.0,3.0,4,4,PROBABILITY_AVERAGE,0.021821141001055366,0.022666332801236422,0.00022216199977265205,
