comparison_id,dataset_id,role_id,alternative_condition,subject_id,matched_events,alternative_BACC,reference_BACC,paired_difference_BACC
P02-A4-PhysioNetMI-CLASSICAL-A4-C1-LONG-3P5S-FULL_TRAIN-MR00:VS:A4-C0-CORE,PhysioNetMI,CLASSICAL,A4-C1-LONG-3P5S,107,45,0.4553571428571429,0.5535714285714286,-0.0982142857142857
P02-A4-PhysioNetMI-CLASSICAL-A4-C1-LONG-3P5S-FULL_TRAIN-MR00:VS:A4-C0-CORE,PhysioNetMI,CLASSICAL,A4-C1-LONG-3P5S,27,45,0.45454545454545453,0.4990118577075099,-0.04446640316205536
P02-A4-PhysioNetMI-CLASSICAL-A4-C1-LONG-3P5S-FULL_TRAIN-MR00:VS:A4-C0-CORE,PhysioNetMI,CLASSICAL,A4-C1-LONG-3P5S,39,45,0.5513833992094861,0.4209486166007905,0.13043478260869557
P02-A4-PhysioNetMI-CLASSICAL-A4-C1-LONG-3P5S-FULL_TRAIN-MR00:VS:A4-C0-CORE,PhysioNetMI,CLASSICAL,A4-C1-LONG-3P5S,40,45,0.5803571428571428,0.5416666666666666,0.038690476190476164
P02-A4-PhysioNetMI-CLASSICAL-A4-C1-LONG-3P5S-FULL_TRAIN-MR00:VS:A4-C0-CORE,PhysioNetMI,CLASSICAL,A4-C1-LONG-3P5S,47,45,0.5952380952380952,0.6398809523809523,-0.044642857142857095
P02-A4-PhysioNetMI-CLASSICAL-A4-C1-LONG-3P5S-FULL_TRAIN-MR00:VS:A4-C0-CORE,PhysioNetMI,CLASSICAL,A4-C1-LONG-3P5S,48,45,0.5869565217391304,0.5859683794466404,0.0009881422924900019
P02-A4-PhysioNetMI-CLASSICAL-A4-C1-LONG-3P5S-FULL_TRAIN-MR00:VS:A4-C0-CORE,PhysioNetMI,CLASSICAL,A4-C1-LONG-3P5S,57,45,0.6517857142857142,0.5476190476190476,0.10416666666666663
P02-A4-PhysioNetMI-CLASSICAL-A4-C1-LONG-3P5S-FULL_TRAIN-MR00:VS:A4-C0-CORE,PhysioNetMI,CLASSICAL,A4-C1-LONG-3P5S,6,45,0.47023809523809523,0.43154761904761907,0.038690476190476164
P02-A4-PhysioNetMI-CLASSICAL-A4-C1-LONG-3P5S-FULL_TRAIN-MR00:VS:A4-C0-CORE,PhysioNetMI,CLASSICAL,A4-C1-LONG-3P5S,71,45,0.6304347826086957,0.6739130434782609,-0.04347826086956519
P02-A4-PhysioNetMI-CLASSICAL-A4-C1-LONG-3P5S-FULL_TRAIN-MR00:VS:A4-C0-CORE,PhysioNetMI,CLASSICAL,A4-C1-LONG-3P5S,93,45,0.7588932806324111,0.8448616600790514,-0.08596837944664026
P02-A4-PhysioNetMI-CLASSICAL-A4-C1-LONG-3P5S-FULL_TRAIN-MR00:VS:A4-C0-CORE,PhysioNetMI,CLASSICAL,A4-C1-LONG-3P5S,98,45,0.5148221343873518,0.46936758893280633,0.04545454545454547
P02-A4-PhysioNetMI-CLASSICAL-A4-C2-MULTI-HARD-VOTE-FULL_TRAIN-MR00:VS:A4-C0-CORE,PhysioNetMI,CLASSICAL,A4-C2-MULTI-HARD-VOTE,107,45,0.4494047619047619,0.5535714285714286,-0.10416666666666669
P02-A4-PhysioNetMI-CLASSICAL-A4-C2-MULTI-HARD-VOTE-FULL_TRAIN-MR00:VS:A4-C0-CORE,PhysioNetMI,CLASSICAL,A4-C2-MULTI-HARD-VOTE,27,45,0.4980237154150198,0.4990118577075099,-0.0009881422924901129
P02-A4-PhysioNetMI-CLASSICAL-A4-C2-MULTI-HARD-VOTE-FULL_TRAIN-MR00:VS:A4-C0-CORE,PhysioNetMI,CLASSICAL,A4-C2-MULTI-HARD-VOTE,39,45,0.6442687747035574,0.4209486166007905,0.22332015810276684
P02-A4-PhysioNetMI-CLASSICAL-A4-C2-MULTI-HARD-VOTE-FULL_TRAIN-MR00:VS:A4-C0-CORE,PhysioNetMI,CLASSICAL,A4-C2-MULTI-HARD-VOTE,40,45,0.5892857142857143,0.5416666666666666,0.04761904761904767
P02-A4-PhysioNetMI-CLASSICAL-A4-C2-MULTI-HARD-VOTE-FULL_TRAIN-MR00:VS:A4-C0-CORE,PhysioNetMI,CLASSICAL,A4-C2-MULTI-HARD-VOTE,47,45,0.5982142857142857,0.6398809523809523,-0.04166666666666663
P02-A4-PhysioNetMI-CLASSICAL-A4-C2-MULTI-HARD-VOTE-FULL_TRAIN-MR00:VS:A4-C0-CORE,PhysioNetMI,CLASSICAL,A4-C2-MULTI-HARD-VOTE,48,45,0.6304347826086957,0.5859683794466404,0.0444664031620553
P02-A4-PhysioNetMI-CLASSICAL-A4-C2-MULTI-HARD-VOTE-FULL_TRAIN-MR00:VS:A4-C0-CORE,PhysioNetMI,CLASSICAL,A4-C2-MULTI-HARD-VOTE,57,45,0.6160714285714286,0.5476190476190476,0.06845238095238104
P02-A4-PhysioNetMI-CLASSICAL-A4-C2-MULTI-HARD-VOTE-FULL_TRAIN-MR00:VS:A4-C0-CORE,PhysioNetMI,CLASSICAL,A4-C2-MULTI-HARD-VOTE,6,45,0.38095238095238093,0.43154761904761907,-0.05059523809523814
P02-A4-PhysioNetMI-CLASSICAL-A4-C2-MULTI-HARD-VOTE-FULL_TRAIN-MR00:VS:A4-C0-CORE,PhysioNetMI,CLASSICAL,A4-C2-MULTI-HARD-VOTE,71,45,0.7588932806324111,0.6739130434782609,0.08498023715415026
P02-A4-PhysioNetMI-CLASSICAL-A4-C2-MULTI-HARD-VOTE-FULL_TRAIN-MR00:VS:A4-C0-CORE,PhysioNetMI,CLASSICAL,A4-C2-MULTI-HARD-VOTE,93,45,0.8241106719367588,0.8448616600790514,-0.020750988142292592
P02-A4-PhysioNetMI-CLASSICAL-A4-C2-MULTI-HARD-VOTE-FULL_TRAIN-MR00:VS:A4-C0-CORE,PhysioNetMI,CLASSICAL,A4-C2-MULTI-HARD-VOTE,98,45,0.4515810276679842,0.46936758893280633,-0.017786561264822143
P02-A4-PhysioNetMI-CLASSICAL-A4-C3-MULTI-PROB-AVG-FULL_TRAIN-MR00:VS:A4-C0-CORE,PhysioNetMI,CLASSICAL,A4-C3-MULTI-PROB-AVG,107,45,0.45833333333333337,0.5535714285714286,-0.09523809523809523
P02-A4-PhysioNetMI-CLASSICAL-A4-C3-MULTI-PROB-AVG-FULL_TRAIN-MR00:VS:A4-C0-CORE,PhysioNetMI,CLASSICAL,A4-C3-MULTI-PROB-AVG,27,45,0.4990118577075099,0.4990118577075099,0.0
P02-A4-PhysioNetMI-CLASSICAL-A4-C3-MULTI-PROB-AVG-FULL_TRAIN-MR00:VS:A4-C0-CORE,PhysioNetMI,CLASSICAL,A4-C3-MULTI-PROB-AVG,39,45,0.5988142292490118,0.4209486166007905,0.17786561264822132
P02-A4-PhysioNetMI-CLASSICAL-A4-C3-MULTI-PROB-AVG-FULL_TRAIN-MR00:VS:A4-C0-CORE,PhysioNetMI,CLASSICAL,A4-C3-MULTI-PROB-AVG,40,45,0.6339285714285714,0.5416666666666666,0.09226190476190477
P02-A4-PhysioNetMI-CLASSICAL-A4-C3-MULTI-PROB-AVG-FULL_TRAIN-MR00:VS:A4-C0-CORE,PhysioNetMI,CLASSICAL,A4-C3-MULTI-PROB-AVG,47,45,0.5714285714285714,0.6398809523809523,-0.06845238095238093
P02-A4-PhysioNetMI-CLASSICAL-A4-C3-MULTI-PROB-AVG-FULL_TRAIN-MR00:VS:A4-C0-CORE,PhysioNetMI,CLASSICAL,A4-C3-MULTI-PROB-AVG,48,45,0.5859683794466404,0.5859683794466404,0.0
P02-A4-PhysioNetMI-CLASSICAL-A4-C3-MULTI-PROB-AVG-FULL_TRAIN-MR00:VS:A4-C0-CORE,PhysioNetMI,CLASSICAL,A4-C3-MULTI-PROB-AVG,57,45,0.6755952380952381,0.5476190476190476,0.12797619047619058
P02-A4-PhysioNetMI-CLASSICAL-A4-C3-MULTI-PROB-AVG-FULL_TRAIN-MR00:VS:A4-C0-CORE,PhysioNetMI,CLASSICAL,A4-C3-MULTI-PROB-AVG,6,45,0.40773809523809523,0.43154761904761907,-0.023809523809523836
P02-A4-PhysioNetMI-CLASSICAL-A4-C3-MULTI-PROB-AVG-FULL_TRAIN-MR00:VS:A4-C0-CORE,PhysioNetMI,CLASSICAL,A4-C3-MULTI-PROB-AVG,71,45,0.7806324110671936,0.6739130434782609,0.10671936758893275
P02-A4-PhysioNetMI-CLASSICAL-A4-C3-MULTI-PROB-AVG-FULL_TRAIN-MR00:VS:A4-C0-CORE,PhysioNetMI,CLASSICAL,A4-C3-MULTI-PROB-AVG,93,45,0.8675889328063241,0.8448616600790514,0.022727272727272707
P02-A4-PhysioNetMI-CLASSICAL-A4-C3-MULTI-PROB-AVG-FULL_TRAIN-MR00:VS:A4-C0-CORE,PhysioNetMI,CLASSICAL,A4-C3-MULTI-PROB-AVG,98,45,0.4288537549407115,0.46936758893280633,-0.04051383399209485
P02-A4-PhysioNetMI-RIEMANNIAN-A4-C1-LONG-3P5S-FULL_TRAIN-MR00:VS:A4-C0-CORE,PhysioNetMI,RIEMANNIAN,A4-C1-LONG-3P5S,107,45,0.5238095238095238,0.5476190476190477,-0.023809523809523836
P02-A4-PhysioNetMI-RIEMANNIAN-A4-C1-LONG-3P5S-FULL_TRAIN-MR00:VS:A4-C0-CORE,PhysioNetMI,RIEMANNIAN,A4-C1-LONG-3P5S,27,45,0.5780632411067194,0.5533596837944664,0.024703557312252933
P02-A4-PhysioNetMI-RIEMANNIAN-A4-C1-LONG-3P5S-FULL_TRAIN-MR00:VS:A4-C0-CORE,PhysioNetMI,RIEMANNIAN,A4-C1-LONG-3P5S,39,45,0.5385375494071146,0.5612648221343874,-0.022727272727272818
P02-A4-PhysioNetMI-RIEMANNIAN-A4-C1-LONG-3P5S-FULL_TRAIN-MR00:VS:A4-C0-CORE,PhysioNetMI,RIEMANNIAN,A4-C1-LONG-3P5S,40,45,0.6636904761904762,0.6011904761904763,0.06249999999999989
P02-A4-PhysioNetMI-RIEMANNIAN-A4-C1-LONG-3P5S-FULL_TRAIN-MR00:VS:A4-C0-CORE,PhysioNetMI,RIEMANNIAN,A4-C1-LONG-3P5S,47,45,0.48214285714285715,0.5327380952380952,-0.05059523809523808
P02-A4-PhysioNetMI-RIEMANNIAN-A4-C1-LONG-3P5S-FULL_TRAIN-MR00:VS:A4-C0-CORE,PhysioNetMI,RIEMANNIAN,A4-C1-LONG-3P5S,48,45,0.8013833992094861,0.7579051383399209,0.04347826086956519
P02-A4-PhysioNetMI-RIEMANNIAN-A4-C1-LONG-3P5S-FULL_TRAIN-MR00:VS:A4-C0-CORE,PhysioNetMI,RIEMANNIAN,A4-C1-LONG-3P5S,57,45,0.6696428571428572,0.6845238095238095,-0.014880952380952328
P02-A4-PhysioNetMI-RIEMANNIAN-A4-C1-LONG-3P5S-FULL_TRAIN-MR00:VS:A4-C0-CORE,PhysioNetMI,RIEMANNIAN,A4-C1-LONG-3P5S,6,45,0.5803571428571428,0.5059523809523809,0.07440476190476186
P02-A4-PhysioNetMI-RIEMANNIAN-A4-C1-LONG-3P5S-FULL_TRAIN-MR00:VS:A4-C0-CORE,PhysioNetMI,RIEMANNIAN,A4-C1-LONG-3P5S,71,45,0.6304347826086957,0.6086956521739131,0.021739130434782594
P02-A4-PhysioNetMI-RIEMANNIAN-A4-C1-LONG-3P5S-FULL_TRAIN-MR00:VS:A4-C0-CORE,PhysioNetMI,RIEMANNIAN,A4-C1-LONG-3P5S,93,45,0.8675889328063241,0.8883399209486166,-0.02075098814229248
P02-A4-PhysioNetMI-RIEMANNIAN-A4-C1-LONG-3P5S-FULL_TRAIN-MR00:VS:A4-C0-CORE,PhysioNetMI,RIEMANNIAN,A4-C1-LONG-3P5S,98,45,0.6689723320158103,0.5563241106719368,0.11264822134387353
P02-A4-PhysioNetMI-RIEMANNIAN-A4-C2-MULTI-HARD-VOTE-FULL_TRAIN-MR00:VS:A4-C0-CORE,PhysioNetMI,RIEMANNIAN,A4-C2-MULTI-HARD-VOTE,107,45,0.6428571428571428,0.5476190476190477,0.09523809523809512
P02-A4-PhysioNetMI-RIEMANNIAN-A4-C2-MULTI-HARD-VOTE-FULL_TRAIN-MR00:VS:A4-C0-CORE,PhysioNetMI,RIEMANNIAN,A4-C2-MULTI-HARD-VOTE,27,45,0.5326086956521738,0.5533596837944664,-0.020750988142292592
P02-A4-PhysioNetMI-RIEMANNIAN-A4-C2-MULTI-HARD-VOTE-FULL_TRAIN-MR00:VS:A4-C0-CORE,PhysioNetMI,RIEMANNIAN,A4-C2-MULTI-HARD-VOTE,39,45,0.4940711462450593,0.5612648221343874,-0.06719367588932812
P02-A4-PhysioNetMI-RIEMANNIAN-A4-C2-MULTI-HARD-VOTE-FULL_TRAIN-MR00:VS:A4-C0-CORE,PhysioNetMI,RIEMANNIAN,A4-C2-MULTI-HARD-VOTE,40,45,0.6071428571428572,0.6011904761904763,0.005952380952380931
P02-A4-PhysioNetMI-RIEMANNIAN-A4-C2-MULTI-HARD-VOTE-FULL_TRAIN-MR00:VS:A4-C0-CORE,PhysioNetMI,RIEMANNIAN,A4-C2-MULTI-HARD-VOTE,47,45,0.5178571428571429,0.5327380952380952,-0.014880952380952328
P02-A4-PhysioNetMI-RIEMANNIAN-A4-C2-MULTI-HARD-VOTE-FULL_TRAIN-MR00:VS:A4-C0-CORE,PhysioNetMI,RIEMANNIAN,A4-C2-MULTI-HARD-VOTE,48,45,0.7559288537549407,0.7579051383399209,-0.0019762845849802257
P02-A4-PhysioNetMI-RIEMANNIAN-A4-C2-MULTI-HARD-VOTE-FULL_TRAIN-MR00:VS:A4-C0-CORE,PhysioNetMI,RIEMANNIAN,A4-C2-MULTI-HARD-VOTE,57,45,0.7351190476190477,0.6845238095238095,0.05059523809523814
P02-A4-PhysioNetMI-RIEMANNIAN-A4-C2-MULTI-HARD-VOTE-FULL_TRAIN-MR00:VS:A4-C0-CORE,PhysioNetMI,RIEMANNIAN,A4-C2-MULTI-HARD-VOTE,6,45,0.5386904761904762,0.5059523809523809,0.03273809523809523
P02-A4-PhysioNetMI-RIEMANNIAN-A4-C2-MULTI-HARD-VOTE-FULL_TRAIN-MR00:VS:A4-C0-CORE,PhysioNetMI,RIEMANNIAN,A4-C2-MULTI-HARD-VOTE,71,45,0.5652173913043478,0.6086956521739131,-0.0434782608695653
P02-A4-PhysioNetMI-RIEMANNIAN-A4-C2-MULTI-HARD-VOTE-FULL_TRAIN-MR00:VS:A4-C0-CORE,PhysioNetMI,RIEMANNIAN,A4-C2-MULTI-HARD-VOTE,93,45,0.8656126482213439,0.8883399209486166,-0.022727272727272707
P02-A4-PhysioNetMI-RIEMANNIAN-A4-C2-MULTI-HARD-VOTE-FULL_TRAIN-MR00:VS:A4-C0-CORE,PhysioNetMI,RIEMANNIAN,A4-C2-MULTI-HARD-VOTE,98,45,0.5810276679841897,0.5563241106719368,0.024703557312252933
P02-A4-PhysioNetMI-RIEMANNIAN-A4-C3-MULTI-PROB-AVG-FULL_TRAIN-MR00:VS:A4-C0-CORE,PhysioNetMI,RIEMANNIAN,A4-C3-MULTI-PROB-AVG,107,45,0.6190476190476191,0.5476190476190477,0.0714285714285714
P02-A4-PhysioNetMI-RIEMANNIAN-A4-C3-MULTI-PROB-AVG-FULL_TRAIN-MR00:VS:A4-C0-CORE,PhysioNetMI,RIEMANNIAN,A4-C3-MULTI-PROB-AVG,27,45,0.5108695652173914,0.5533596837944664,-0.042490118577075076
P02-A4-PhysioNetMI-RIEMANNIAN-A4-C3-MULTI-PROB-AVG-FULL_TRAIN-MR00:VS:A4-C0-CORE,PhysioNetMI,RIEMANNIAN,A4-C3-MULTI-PROB-AVG,39,45,0.4940711462450593,0.5612648221343874,-0.06719367588932812
P02-A4-PhysioNetMI-RIEMANNIAN-A4-C3-MULTI-PROB-AVG-FULL_TRAIN-MR00:VS:A4-C0-CORE,PhysioNetMI,RIEMANNIAN,A4-C3-MULTI-PROB-AVG,40,45,0.7053571428571428,0.6011904761904763,0.10416666666666652
P02-A4-PhysioNetMI-RIEMANNIAN-A4-C3-MULTI-PROB-AVG-FULL_TRAIN-MR00:VS:A4-C0-CORE,PhysioNetMI,RIEMANNIAN,A4-C3-MULTI-PROB-AVG,47,45,0.47619047619047616,0.5327380952380952,-0.05654761904761907
P02-A4-PhysioNetMI-RIEMANNIAN-A4-C3-MULTI-PROB-AVG-FULL_TRAIN-MR00:VS:A4-C0-CORE,PhysioNetMI,RIEMANNIAN,A4-C3-MULTI-PROB-AVG,48,45,0.8003952569169961,0.7579051383399209,0.04249011857707519
P02-A4-PhysioNetMI-RIEMANNIAN-A4-C3-MULTI-PROB-AVG-FULL_TRAIN-MR00:VS:A4-C0-CORE,PhysioNetMI,RIEMANNIAN,A4-C3-MULTI-PROB-AVG,57,45,0.7142857142857142,0.6845238095238095,0.029761904761904656
P02-A4-PhysioNetMI-RIEMANNIAN-A4-C3-MULTI-PROB-AVG-FULL_TRAIN-MR00:VS:A4-C0-CORE,PhysioNetMI,RIEMANNIAN,A4-C3-MULTI-PROB-AVG,6,45,0.5416666666666666,0.5059523809523809,0.0357142857142857
P02-A4-PhysioNetMI-RIEMANNIAN-A4-C3-MULTI-PROB-AVG-FULL_TRAIN-MR00:VS:A4-C0-CORE,PhysioNetMI,RIEMANNIAN,A4-C3-MULTI-PROB-AVG,71,45,0.5652173913043478,0.6086956521739131,-0.0434782608695653
P02-A4-PhysioNetMI-RIEMANNIAN-A4-C3-MULTI-PROB-AVG-FULL_TRAIN-MR00:VS:A4-C0-CORE,PhysioNetMI,RIEMANNIAN,A4-C3-MULTI-PROB-AVG,93,45,0.8883399209486166,0.8883399209486166,0.0
P02-A4-PhysioNetMI-RIEMANNIAN-A4-C3-MULTI-PROB-AVG-FULL_TRAIN-MR00:VS:A4-C0-CORE,PhysioNetMI,RIEMANNIAN,A4-C3-MULTI-PROB-AVG,98,45,0.6017786561264822,0.5563241106719368,0.045454545454545414
P02-A4-PhysioNetMI-NEURAL-A4-C1-LONG-3P5S-FULL_TRAIN-MR00:VS:A4-C0-CORE,PhysioNetMI,NEURAL,A4-C1-LONG-3P5S,107,45,0.6101190476190476,0.6041666666666666,0.005952380952380931
P02-A4-PhysioNetMI-NEURAL-A4-C1-LONG-3P5S-FULL_TRAIN-MR00:VS:A4-C0-CORE,PhysioNetMI,NEURAL,A4-C1-LONG-3P5S,27,45,0.7114624505928854,0.5810276679841897,0.13043478260869568
P02-A4-PhysioNetMI-NEURAL-A4-C1-LONG-3P5S-FULL_TRAIN-MR00:VS:A4-C0-CORE,PhysioNetMI,NEURAL,A4-C1-LONG-3P5S,39,45,0.4713438735177865,0.6047430830039526,-0.13339920948616613
P02-A4-PhysioNetMI-NEURAL-A4-C1-LONG-3P5S-FULL_TRAIN-MR00:VS:A4-C0-CORE,PhysioNetMI,NEURAL,A4-C1-LONG-3P5S,40,45,0.8303571428571428,0.49404761904761907,0.3363095238095237
P02-A4-PhysioNetMI-NEURAL-A4-C1-LONG-3P5S-FULL_TRAIN-MR00:VS:A4-C0-CORE,PhysioNetMI,NEURAL,A4-C1-LONG-3P5S,47,45,0.6547619047619048,0.5297619047619048,0.125
P02-A4-PhysioNetMI-NEURAL-A4-C1-LONG-3P5S-FULL_TRAIN-MR00:VS:A4-C0-CORE,PhysioNetMI,NEURAL,A4-C1-LONG-3P5S,48,45,0.6946640316205533,0.8260869565217391,-0.1314229249011858
P02-A4-PhysioNetMI-NEURAL-A4-C1-LONG-3P5S-FULL_TRAIN-MR00:VS:A4-C0-CORE,PhysioNetMI,NEURAL,A4-C1-LONG-3P5S,57,45,0.6875,0.5982142857142857,0.0892857142857143
P02-A4-PhysioNetMI-NEURAL-A4-C1-LONG-3P5S-FULL_TRAIN-MR00:VS:A4-C0-CORE,PhysioNetMI,NEURAL,A4-C1-LONG-3P5S,6,45,0.6309523809523809,0.5625,0.06845238095238093
P02-A4-PhysioNetMI-NEURAL-A4-C1-LONG-3P5S-FULL_TRAIN-MR00:VS:A4-C0-CORE,PhysioNetMI,NEURAL,A4-C1-LONG-3P5S,71,45,0.8013833992094861,0.8695652173913043,-0.06818181818181823
P02-A4-PhysioNetMI-NEURAL-A4-C1-LONG-3P5S-FULL_TRAIN-MR00:VS:A4-C0-CORE,PhysioNetMI,NEURAL,A4-C1-LONG-3P5S,93,45,0.825098814229249,0.8873517786561265,-0.062252964426877444
P02-A4-PhysioNetMI-NEURAL-A4-C1-LONG-3P5S-FULL_TRAIN-MR00:VS:A4-C0-CORE,PhysioNetMI,NEURAL,A4-C1-LONG-3P5S,98,45,0.6017786561264822,0.5088932806324111,0.09288537549407105
P02-A4-PhysioNetMI-NEURAL-A4-C2-MULTI-HARD-VOTE-FULL_TRAIN-MR00:VS:A4-C0-CORE,PhysioNetMI,NEURAL,A4-C2-MULTI-HARD-VOTE,107,45,0.5892857142857143,0.6041666666666666,-0.014880952380952328
P02-A4-PhysioNetMI-NEURAL-A4-C2-MULTI-HARD-VOTE-FULL_TRAIN-MR00:VS:A4-C0-CORE,PhysioNetMI,NEURAL,A4-C2-MULTI-HARD-VOTE,27,45,0.5158102766798419,0.5810276679841897,-0.06521739130434778
P02-A4-PhysioNetMI-NEURAL-A4-C2-MULTI-HARD-VOTE-FULL_TRAIN-MR00:VS:A4-C0-CORE,PhysioNetMI,NEURAL,A4-C2-MULTI-HARD-VOTE,39,45,0.6067193675889329,0.6047430830039526,0.0019762845849802257
P02-A4-PhysioNetMI-NEURAL-A4-C2-MULTI-HARD-VOTE-FULL_TRAIN-MR00:VS:A4-C0-CORE,PhysioNetMI,NEURAL,A4-C2-MULTI-HARD-VOTE,40,45,0.7410714285714286,0.49404761904761907,0.24702380952380953
P02-A4-PhysioNetMI-NEURAL-A4-C2-MULTI-HARD-VOTE-FULL_TRAIN-MR00:VS:A4-C0-CORE,PhysioNetMI,NEURAL,A4-C2-MULTI-HARD-VOTE,47,45,0.5029761904761905,0.5297619047619048,-0.0267857142857143
P02-A4-PhysioNetMI-NEURAL-A4-C2-MULTI-HARD-VOTE-FULL_TRAIN-MR00:VS:A4-C0-CORE,PhysioNetMI,NEURAL,A4-C2-MULTI-HARD-VOTE,48,45,0.7361660079051384,0.8260869565217391,-0.08992094861660072
P02-A4-PhysioNetMI-NEURAL-A4-C2-MULTI-HARD-VOTE-FULL_TRAIN-MR00:VS:A4-C0-CORE,PhysioNetMI,NEURAL,A4-C2-MULTI-HARD-VOTE,57,45,0.6636904761904763,0.5982142857142857,0.06547619047619058
P02-A4-PhysioNetMI-NEURAL-A4-C2-MULTI-HARD-VOTE-FULL_TRAIN-MR00:VS:A4-C0-CORE,PhysioNetMI,NEURAL,A4-C2-MULTI-HARD-VOTE,6,45,0.6220238095238095,0.5625,0.059523809523809534
P02-A4-PhysioNetMI-NEURAL-A4-C2-MULTI-HARD-VOTE-FULL_TRAIN-MR00:VS:A4-C0-CORE,PhysioNetMI,NEURAL,A4-C2-MULTI-HARD-VOTE,71,45,0.8695652173913043,0.8695652173913043,0.0
P02-A4-PhysioNetMI-NEURAL-A4-C2-MULTI-HARD-VOTE-FULL_TRAIN-MR00:VS:A4-C0-CORE,PhysioNetMI,NEURAL,A4-C2-MULTI-HARD-VOTE,93,45,0.9110671936758893,0.8873517786561265,0.02371541501976282
P02-A4-PhysioNetMI-NEURAL-A4-C2-MULTI-HARD-VOTE-FULL_TRAIN-MR00:VS:A4-C0-CORE,PhysioNetMI,NEURAL,A4-C2-MULTI-HARD-VOTE,98,45,0.5286561264822134,0.5088932806324111,0.019762845849802257
P02-A4-PhysioNetMI-NEURAL-A4-C3-MULTI-PROB-AVG-FULL_TRAIN-MR00:VS:A4-C0-CORE,PhysioNetMI,NEURAL,A4-C3-MULTI-PROB-AVG,107,45,0.5714285714285714,0.6041666666666666,-0.03273809523809523
P02-A4-PhysioNetMI-NEURAL-A4-C3-MULTI-PROB-AVG-FULL_TRAIN-MR00:VS:A4-C0-CORE,PhysioNetMI,NEURAL,A4-C3-MULTI-PROB-AVG,27,45,0.5839920948616601,0.5810276679841897,0.0029644268774704496
P02-A4-PhysioNetMI-NEURAL-A4-C3-MULTI-PROB-AVG-FULL_TRAIN-MR00:VS:A4-C0-CORE,PhysioNetMI,NEURAL,A4-C3-MULTI-PROB-AVG,39,45,0.5197628458498024,0.6047430830039526,-0.08498023715415026
P02-A4-PhysioNetMI-NEURAL-A4-C3-MULTI-PROB-AVG-FULL_TRAIN-MR00:VS:A4-C0-CORE,PhysioNetMI,NEURAL,A4-C3-MULTI-PROB-AVG,40,45,0.8035714285714286,0.49404761904761907,0.30952380952380953
P02-A4-PhysioNetMI-NEURAL-A4-C3-MULTI-PROB-AVG-FULL_TRAIN-MR00:VS:A4-C0-CORE,PhysioNetMI,NEURAL,A4-C3-MULTI-PROB-AVG,47,45,0.5238095238095238,0.5297619047619048,-0.005952380952380931
P02-A4-PhysioNetMI-NEURAL-A4-C3-MULTI-PROB-AVG-FULL_TRAIN-MR00:VS:A4-C0-CORE,PhysioNetMI,NEURAL,A4-C3-MULTI-PROB-AVG,48,45,0.7806324110671936,0.8260869565217391,-0.045454545454545525
P02-A4-PhysioNetMI-NEURAL-A4-C3-MULTI-PROB-AVG-FULL_TRAIN-MR00:VS:A4-C0-CORE,PhysioNetMI,NEURAL,A4-C3-MULTI-PROB-AVG,57,45,0.6904761904761905,0.5982142857142857,0.09226190476190477
P02-A4-PhysioNetMI-NEURAL-A4-C3-MULTI-PROB-AVG-FULL_TRAIN-MR00:VS:A4-C0-CORE,PhysioNetMI,NEURAL,A4-C3-MULTI-PROB-AVG,6,45,0.6220238095238095,0.5625,0.059523809523809534
P02-A4-PhysioNetMI-NEURAL-A4-C3-MULTI-PROB-AVG-FULL_TRAIN-MR00:VS:A4-C0-CORE,PhysioNetMI,NEURAL,A4-C3-MULTI-PROB-AVG,71,45,0.8241106719367588,0.8695652173913043,-0.045454545454545525
P02-A4-PhysioNetMI-NEURAL-A4-C3-MULTI-PROB-AVG-FULL_TRAIN-MR00:VS:A4-C0-CORE,PhysioNetMI,NEURAL,A4-C3-MULTI-PROB-AVG,93,45,0.9328063241106719,0.8873517786561265,0.045454545454545414
P02-A4-PhysioNetMI-NEURAL-A4-C3-MULTI-PROB-AVG-FULL_TRAIN-MR00:VS:A4-C0-CORE,PhysioNetMI,NEURAL,A4-C3-MULTI-PROB-AVG,98,45,0.5286561264822134,0.5088932806324111,0.019762845849802257
P02-A4-PhysioNetMI-SSL-A4-C2-MULTI-HARD-VOTE-FULL_TRAIN-MR00:VS:A4-C0-CORE,PhysioNetMI,SSL,A4-C2-MULTI-HARD-VOTE,107,45,0.5446428571428572,0.46726190476190477,0.07738095238095244
P02-A4-PhysioNetMI-SSL-A4-C2-MULTI-HARD-VOTE-FULL_TRAIN-MR00:VS:A4-C0-CORE,PhysioNetMI,SSL,A4-C2-MULTI-HARD-VOTE,27,45,0.5790513833992095,0.6462450592885376,-0.06719367588932812
P02-A4-PhysioNetMI-SSL-A4-C2-MULTI-HARD-VOTE-FULL_TRAIN-MR00:VS:A4-C0-CORE,PhysioNetMI,SSL,A4-C2-MULTI-HARD-VOTE,39,45,0.48616600790513836,0.5553359683794465,-0.06916996047430818
P02-A4-PhysioNetMI-SSL-A4-C2-MULTI-HARD-VOTE-FULL_TRAIN-MR00:VS:A4-C0-CORE,PhysioNetMI,SSL,A4-C2-MULTI-HARD-VOTE,40,45,0.6398809523809523,0.5476190476190476,0.09226190476190477
P02-A4-PhysioNetMI-SSL-A4-C2-MULTI-HARD-VOTE-FULL_TRAIN-MR00:VS:A4-C0-CORE,PhysioNetMI,SSL,A4-C2-MULTI-HARD-VOTE,47,45,0.4583333333333333,0.44047619047619047,0.01785714285714285
P02-A4-PhysioNetMI-SSL-A4-C2-MULTI-HARD-VOTE-FULL_TRAIN-MR00:VS:A4-C0-CORE,PhysioNetMI,SSL,A4-C2-MULTI-HARD-VOTE,48,45,0.6699604743083004,0.6215415019762847,0.04841897233201575
P02-A4-PhysioNetMI-SSL-A4-C2-MULTI-HARD-VOTE-FULL_TRAIN-MR00:VS:A4-C0-CORE,PhysioNetMI,SSL,A4-C2-MULTI-HARD-VOTE,57,45,0.5625,0.4494047619047619,0.11309523809523808
P02-A4-PhysioNetMI-SSL-A4-C2-MULTI-HARD-VOTE-FULL_TRAIN-MR00:VS:A4-C0-CORE,PhysioNetMI,SSL,A4-C2-MULTI-HARD-VOTE,6,45,0.5148809523809523,0.4910714285714286,0.023809523809523725
P02-A4-PhysioNetMI-SSL-A4-C2-MULTI-HARD-VOTE-FULL_TRAIN-MR00:VS:A4-C0-CORE,PhysioNetMI,SSL,A4-C2-MULTI-HARD-VOTE,71,45,0.7134387351778657,0.7124505928853755,0.000988142292490224
P02-A4-PhysioNetMI-SSL-A4-C2-MULTI-HARD-VOTE-FULL_TRAIN-MR00:VS:A4-C0-CORE,PhysioNetMI,SSL,A4-C2-MULTI-HARD-VOTE,93,45,0.6877470355731226,0.6452569169960474,0.04249011857707519
P02-A4-PhysioNetMI-SSL-A4-C2-MULTI-HARD-VOTE-FULL_TRAIN-MR00:VS:A4-C0-CORE,PhysioNetMI,SSL,A4-C2-MULTI-HARD-VOTE,98,45,0.46640316205533594,0.46837944664031617,-0.0019762845849802257
P02-A4-PhysioNetMI-SSL-A4-C3-MULTI-PROB-AVG-FULL_TRAIN-MR00:VS:A4-C0-CORE,PhysioNetMI,SSL,A4-C3-MULTI-PROB-AVG,107,45,0.4642857142857143,0.46726190476190477,-0.0029761904761904656
P02-A4-PhysioNetMI-SSL-A4-C3-MULTI-PROB-AVG-FULL_TRAIN-MR00:VS:A4-C0-CORE,PhysioNetMI,SSL,A4-C3-MULTI-PROB-AVG,27,45,0.5790513833992095,0.6462450592885376,-0.06719367588932812
P02-A4-PhysioNetMI-SSL-A4-C3-MULTI-PROB-AVG-FULL_TRAIN-MR00:VS:A4-C0-CORE,PhysioNetMI,SSL,A4-C3-MULTI-PROB-AVG,39,45,0.41897233201581024,0.5553359683794465,-0.1363636363636363
P02-A4-PhysioNetMI-SSL-A4-C3-MULTI-PROB-AVG-FULL_TRAIN-MR00:VS:A4-C0-CORE,PhysioNetMI,SSL,A4-C3-MULTI-PROB-AVG,40,45,0.6220238095238095,0.5476190476190476,0.07440476190476197
P02-A4-PhysioNetMI-SSL-A4-C3-MULTI-PROB-AVG-FULL_TRAIN-MR00:VS:A4-C0-CORE,PhysioNetMI,SSL,A4-C3-MULTI-PROB-AVG,47,45,0.44345238095238093,0.44047619047619047,0.0029761904761904656
P02-A4-PhysioNetMI-SSL-A4-C3-MULTI-PROB-AVG-FULL_TRAIN-MR00:VS:A4-C0-CORE,PhysioNetMI,SSL,A4-C3-MULTI-PROB-AVG,48,45,0.6699604743083004,0.6215415019762847,0.04841897233201575
P02-A4-PhysioNetMI-SSL-A4-C3-MULTI-PROB-AVG-FULL_TRAIN-MR00:VS:A4-C0-CORE,PhysioNetMI,SSL,A4-C3-MULTI-PROB-AVG,57,45,0.625,0.4494047619047619,0.17559523809523808
P02-A4-PhysioNetMI-SSL-A4-C3-MULTI-PROB-AVG-FULL_TRAIN-MR00:VS:A4-C0-CORE,PhysioNetMI,SSL,A4-C3-MULTI-PROB-AVG,6,45,0.4464285714285714,0.4910714285714286,-0.044642857142857206
P02-A4-PhysioNetMI-SSL-A4-C3-MULTI-PROB-AVG-FULL_TRAIN-MR00:VS:A4-C0-CORE,PhysioNetMI,SSL,A4-C3-MULTI-PROB-AVG,71,45,0.7154150197628458,0.7124505928853755,0.0029644268774703386
P02-A4-PhysioNetMI-SSL-A4-C3-MULTI-PROB-AVG-FULL_TRAIN-MR00:VS:A4-C0-CORE,PhysioNetMI,SSL,A4-C3-MULTI-PROB-AVG,93,45,0.6877470355731226,0.6452569169960474,0.04249011857707519
P02-A4-PhysioNetMI-SSL-A4-C3-MULTI-PROB-AVG-FULL_TRAIN-MR00:VS:A4-C0-CORE,PhysioNetMI,SSL,A4-C3-MULTI-PROB-AVG,98,45,0.4654150197628458,0.46837944664031617,-0.0029644268774703386
P02-A4-PhysioNetMI-RIEMANNIAN-A4-C1-LONG-3P5S-P01-L1-LOW-CAL-OFFICIAL-R2:1_PER_CLASS-MR00:VS:A4-C0-CORE,PhysioNetMI,RIEMANNIAN,A4-C1-LONG-3P5S,107,45,0.5,0.5,0.0
P02-A4-PhysioNetMI-RIEMANNIAN-A4-C1-LONG-3P5S-P01-L1-LOW-CAL-OFFICIAL-R2:1_PER_CLASS-MR00:VS:A4-C0-CORE,PhysioNetMI,RIEMANNIAN,A4-C1-LONG-3P5S,27,45,0.5,0.5,0.0
P02-A4-PhysioNetMI-RIEMANNIAN-A4-C1-LONG-3P5S-P01-L1-LOW-CAL-OFFICIAL-R2:1_PER_CLASS-MR00:VS:A4-C0-CORE,PhysioNetMI,RIEMANNIAN,A4-C1-LONG-3P5S,39,45,0.5,0.5,0.0
P02-A4-PhysioNetMI-RIEMANNIAN-A4-C1-LONG-3P5S-P01-L1-LOW-CAL-OFFICIAL-R2:1_PER_CLASS-MR00:VS:A4-C0-CORE,PhysioNetMI,RIEMANNIAN,A4-C1-LONG-3P5S,40,45,0.5,0.5,0.0
P02-A4-PhysioNetMI-RIEMANNIAN-A4-C1-LONG-3P5S-P01-L1-LOW-CAL-OFFICIAL-R2:1_PER_CLASS-MR00:VS:A4-C0-CORE,PhysioNetMI,RIEMANNIAN,A4-C1-LONG-3P5S,47,45,0.5,0.5,0.0
P02-A4-PhysioNetMI-RIEMANNIAN-A4-C1-LONG-3P5S-P01-L1-LOW-CAL-OFFICIAL-R2:1_PER_CLASS-MR00:VS:A4-C0-CORE,PhysioNetMI,RIEMANNIAN,A4-C1-LONG-3P5S,48,45,0.5,0.5,0.0
P02-A4-PhysioNetMI-RIEMANNIAN-A4-C1-LONG-3P5S-P01-L1-LOW-CAL-OFFICIAL-R2:1_PER_CLASS-MR00:VS:A4-C0-CORE,PhysioNetMI,RIEMANNIAN,A4-C1-LONG-3P5S,57,45,0.5,0.5,0.0
P02-A4-PhysioNetMI-RIEMANNIAN-A4-C1-LONG-3P5S-P01-L1-LOW-CAL-OFFICIAL-R2:1_PER_CLASS-MR00:VS:A4-C0-CORE,PhysioNetMI,RIEMANNIAN,A4-C1-LONG-3P5S,6,45,0.5,0.5,0.0
P02-A4-PhysioNetMI-RIEMANNIAN-A4-C1-LONG-3P5S-P01-L1-LOW-CAL-OFFICIAL-R2:1_PER_CLASS-MR00:VS:A4-C0-CORE,PhysioNetMI,RIEMANNIAN,A4-C1-LONG-3P5S,71,45,0.5,0.5,0.0
P02-A4-PhysioNetMI-RIEMANNIAN-A4-C1-LONG-3P5S-P01-L1-LOW-CAL-OFFICIAL-R2:1_PER_CLASS-MR00:VS:A4-C0-CORE,PhysioNetMI,RIEMANNIAN,A4-C1-LONG-3P5S,93,45,0.5,0.5652173913043478,-0.06521739130434778
P02-A4-PhysioNetMI-RIEMANNIAN-A4-C1-LONG-3P5S-P01-L1-LOW-CAL-OFFICIAL-R2:1_PER_CLASS-MR00:VS:A4-C0-CORE,PhysioNetMI,RIEMANNIAN,A4-C1-LONG-3P5S,98,45,0.5335968379446641,0.5335968379446641,0.0
P02-A4-PhysioNetMI-RIEMANNIAN-A4-C2-MULTI-HARD-VOTE-P01-L1-LOW-CAL-OFFICIAL-R2:1_PER_CLASS-MR00:VS:A4-C0-CORE,PhysioNetMI,RIEMANNIAN,A4-C2-MULTI-HARD-VOTE,107,45,0.5,0.5,0.0
P02-A4-PhysioNetMI-RIEMANNIAN-A4-C2-MULTI-HARD-VOTE-P01-L1-LOW-CAL-OFFICIAL-R2:1_PER_CLASS-MR00:VS:A4-C0-CORE,PhysioNetMI,RIEMANNIAN,A4-C2-MULTI-HARD-VOTE,27,45,0.5,0.5,0.0
P02-A4-PhysioNetMI-RIEMANNIAN-A4-C2-MULTI-HARD-VOTE-P01-L1-LOW-CAL-OFFICIAL-R2:1_PER_CLASS-MR00:VS:A4-C0-CORE,PhysioNetMI,RIEMANNIAN,A4-C2-MULTI-HARD-VOTE,39,45,0.5,0.5,0.0
P02-A4-PhysioNetMI-RIEMANNIAN-A4-C2-MULTI-HARD-VOTE-P01-L1-LOW-CAL-OFFICIAL-R2:1_PER_CLASS-MR00:VS:A4-C0-CORE,PhysioNetMI,RIEMANNIAN,A4-C2-MULTI-HARD-VOTE,40,45,0.5,0.5,0.0
P02-A4-PhysioNetMI-RIEMANNIAN-A4-C2-MULTI-HARD-VOTE-P01-L1-LOW-CAL-OFFICIAL-R2:1_PER_CLASS-MR00:VS:A4-C0-CORE,PhysioNetMI,RIEMANNIAN,A4-C2-MULTI-HARD-VOTE,47,45,0.5,0.5,0.0
P02-A4-PhysioNetMI-RIEMANNIAN-A4-C2-MULTI-HARD-VOTE-P01-L1-LOW-CAL-OFFICIAL-R2:1_PER_CLASS-MR00:VS:A4-C0-CORE,PhysioNetMI,RIEMANNIAN,A4-C2-MULTI-HARD-VOTE,48,45,0.5,0.5,0.0
P02-A4-PhysioNetMI-RIEMANNIAN-A4-C2-MULTI-HARD-VOTE-P01-L1-LOW-CAL-OFFICIAL-R2:1_PER_CLASS-MR00:VS:A4-C0-CORE,PhysioNetMI,RIEMANNIAN,A4-C2-MULTI-HARD-VOTE,57,45,0.5,0.5,0.0
P02-A4-PhysioNetMI-RIEMANNIAN-A4-C2-MULTI-HARD-VOTE-P01-L1-LOW-CAL-OFFICIAL-R2:1_PER_CLASS-MR00:VS:A4-C0-CORE,PhysioNetMI,RIEMANNIAN,A4-C2-MULTI-HARD-VOTE,6,45,0.5,0.5,0.0
P02-A4-PhysioNetMI-RIEMANNIAN-A4-C2-MULTI-HARD-VOTE-P01-L1-LOW-CAL-OFFICIAL-R2:1_PER_CLASS-MR00:VS:A4-C0-CORE,PhysioNetMI,RIEMANNIAN,A4-C2-MULTI-HARD-VOTE,71,45,0.5,0.5,0.0
P02-A4-PhysioNetMI-RIEMANNIAN-A4-C2-MULTI-HARD-VOTE-P01-L1-LOW-CAL-OFFICIAL-R2:1_PER_CLASS-MR00:VS:A4-C0-CORE,PhysioNetMI,RIEMANNIAN,A4-C2-MULTI-HARD-VOTE,93,45,0.5859683794466404,0.5652173913043478,0.020750988142292592
P02-A4-PhysioNetMI-RIEMANNIAN-A4-C2-MULTI-HARD-VOTE-P01-L1-LOW-CAL-OFFICIAL-R2:1_PER_CLASS-MR00:VS:A4-C0-CORE,PhysioNetMI,RIEMANNIAN,A4-C2-MULTI-HARD-VOTE,98,45,0.5118577075098814,0.5335968379446641,-0.021739130434782705
P02-A4-PhysioNetMI-RIEMANNIAN-A4-C3-MULTI-PROB-AVG-P01-L1-LOW-CAL-OFFICIAL-R2:1_PER_CLASS-MR00:VS:A4-C0-CORE,PhysioNetMI,RIEMANNIAN,A4-C3-MULTI-PROB-AVG,107,45,0.5,0.5,0.0
P02-A4-PhysioNetMI-RIEMANNIAN-A4-C3-MULTI-PROB-AVG-P01-L1-LOW-CAL-OFFICIAL-R2:1_PER_CLASS-MR00:VS:A4-C0-CORE,PhysioNetMI,RIEMANNIAN,A4-C3-MULTI-PROB-AVG,27,45,0.5,0.5,0.0
P02-A4-PhysioNetMI-RIEMANNIAN-A4-C3-MULTI-PROB-AVG-P01-L1-LOW-CAL-OFFICIAL-R2:1_PER_CLASS-MR00:VS:A4-C0-CORE,PhysioNetMI,RIEMANNIAN,A4-C3-MULTI-PROB-AVG,39,45,0.5,0.5,0.0
P02-A4-PhysioNetMI-RIEMANNIAN-A4-C3-MULTI-PROB-AVG-P01-L1-LOW-CAL-OFFICIAL-R2:1_PER_CLASS-MR00:VS:A4-C0-CORE,PhysioNetMI,RIEMANNIAN,A4-C3-MULTI-PROB-AVG,40,45,0.5,0.5,0.0
P02-A4-PhysioNetMI-RIEMANNIAN-A4-C3-MULTI-PROB-AVG-P01-L1-LOW-CAL-OFFICIAL-R2:1_PER_CLASS-MR00:VS:A4-C0-CORE,PhysioNetMI,RIEMANNIAN,A4-C3-MULTI-PROB-AVG,47,45,0.5,0.5,0.0
P02-A4-PhysioNetMI-RIEMANNIAN-A4-C3-MULTI-PROB-AVG-P01-L1-LOW-CAL-OFFICIAL-R2:1_PER_CLASS-MR00:VS:A4-C0-CORE,PhysioNetMI,RIEMANNIAN,A4-C3-MULTI-PROB-AVG,48,45,0.5,0.5,0.0
P02-A4-PhysioNetMI-RIEMANNIAN-A4-C3-MULTI-PROB-AVG-P01-L1-LOW-CAL-OFFICIAL-R2:1_PER_CLASS-MR00:VS:A4-C0-CORE,PhysioNetMI,RIEMANNIAN,A4-C3-MULTI-PROB-AVG,57,45,0.5,0.5,0.0
P02-A4-PhysioNetMI-RIEMANNIAN-A4-C3-MULTI-PROB-AVG-P01-L1-LOW-CAL-OFFICIAL-R2:1_PER_CLASS-MR00:VS:A4-C0-CORE,PhysioNetMI,RIEMANNIAN,A4-C3-MULTI-PROB-AVG,6,45,0.5,0.5,0.0
P02-A4-PhysioNetMI-RIEMANNIAN-A4-C3-MULTI-PROB-AVG-P01-L1-LOW-CAL-OFFICIAL-R2:1_PER_CLASS-MR00:VS:A4-C0-CORE,PhysioNetMI,RIEMANNIAN,A4-C3-MULTI-PROB-AVG,71,45,0.5,0.5,0.0
P02-A4-PhysioNetMI-RIEMANNIAN-A4-C3-MULTI-PROB-AVG-P01-L1-LOW-CAL-OFFICIAL-R2:1_PER_CLASS-MR00:VS:A4-C0-CORE,PhysioNetMI,RIEMANNIAN,A4-C3-MULTI-PROB-AVG,93,45,0.6304347826086957,0.5652173913043478,0.0652173913043479
P02-A4-PhysioNetMI-RIEMANNIAN-A4-C3-MULTI-PROB-AVG-P01-L1-LOW-CAL-OFFICIAL-R2:1_PER_CLASS-MR00:VS:A4-C0-CORE,PhysioNetMI,RIEMANNIAN,A4-C3-MULTI-PROB-AVG,98,45,0.5118577075098814,0.5335968379446641,-0.021739130434782705
P02-A4-PhysioNetMI-NEURAL-A4-C1-LONG-3P5S-P01-L1-LOW-CAL-OFFICIAL-R2:1_PER_CLASS-MR00:VS:A4-C0-CORE,PhysioNetMI,NEURAL,A4-C1-LONG-3P5S,107,45,0.5,0.38988095238095233,0.11011904761904767
P02-A4-PhysioNetMI-NEURAL-A4-C1-LONG-3P5S-P01-L1-LOW-CAL-OFFICIAL-R2:1_PER_CLASS-MR00:VS:A4-C0-CORE,PhysioNetMI,NEURAL,A4-C1-LONG-3P5S,27,45,0.5,0.4841897233201581,0.015810276679841917
P02-A4-PhysioNetMI-NEURAL-A4-C1-LONG-3P5S-P01-L1-LOW-CAL-OFFICIAL-R2:1_PER_CLASS-MR00:VS:A4-C0-CORE,PhysioNetMI,NEURAL,A4-C1-LONG-3P5S,39,45,0.5,0.3330039525691699,0.16699604743083007
P02-A4-PhysioNetMI-NEURAL-A4-C1-LONG-3P5S-P01-L1-LOW-CAL-OFFICIAL-R2:1_PER_CLASS-MR00:VS:A4-C0-CORE,PhysioNetMI,NEURAL,A4-C1-LONG-3P5S,40,45,0.5,0.5178571428571428,-0.017857142857142794
P02-A4-PhysioNetMI-NEURAL-A4-C1-LONG-3P5S-P01-L1-LOW-CAL-OFFICIAL-R2:1_PER_CLASS-MR00:VS:A4-C0-CORE,PhysioNetMI,NEURAL,A4-C1-LONG-3P5S,47,45,0.5,0.5,0.0
P02-A4-PhysioNetMI-NEURAL-A4-C1-LONG-3P5S-P01-L1-LOW-CAL-OFFICIAL-R2:1_PER_CLASS-MR00:VS:A4-C0-CORE,PhysioNetMI,NEURAL,A4-C1-LONG-3P5S,48,45,0.4258893280632411,0.48023715415019763,-0.05434782608695654
P02-A4-PhysioNetMI-NEURAL-A4-C1-LONG-3P5S-P01-L1-LOW-CAL-OFFICIAL-R2:1_PER_CLASS-MR00:VS:A4-C0-CORE,PhysioNetMI,NEURAL,A4-C1-LONG-3P5S,57,45,0.5,0.49702380952380953,0.0029761904761904656
P02-A4-PhysioNetMI-NEURAL-A4-C1-LONG-3P5S-P01-L1-LOW-CAL-OFFICIAL-R2:1_PER_CLASS-MR00:VS:A4-C0-CORE,PhysioNetMI,NEURAL,A4-C1-LONG-3P5S,6,45,0.5,0.5089285714285714,-0.008928571428571397
P02-A4-PhysioNetMI-NEURAL-A4-C1-LONG-3P5S-P01-L1-LOW-CAL-OFFICIAL-R2:1_PER_CLASS-MR00:VS:A4-C0-CORE,PhysioNetMI,NEURAL,A4-C1-LONG-3P5S,71,45,0.5,0.5405138339920948,-0.04051383399209485
P02-A4-PhysioNetMI-NEURAL-A4-C1-LONG-3P5S-P01-L1-LOW-CAL-OFFICIAL-R2:1_PER_CLASS-MR00:VS:A4-C0-CORE,PhysioNetMI,NEURAL,A4-C1-LONG-3P5S,93,45,0.5,0.5,0.0
P02-A4-PhysioNetMI-NEURAL-A4-C1-LONG-3P5S-P01-L1-LOW-CAL-OFFICIAL-R2:1_PER_CLASS-MR00:VS:A4-C0-CORE,PhysioNetMI,NEURAL,A4-C1-LONG-3P5S,98,45,0.5,0.5009881422924901,-0.0009881422924901129
P02-A4-PhysioNetMI-NEURAL-A4-C2-MULTI-HARD-VOTE-P01-L1-LOW-CAL-OFFICIAL-R2:1_PER_CLASS-MR00:VS:A4-C0-CORE,PhysioNetMI,NEURAL,A4-C2-MULTI-HARD-VOTE,107,45,0.5,0.38988095238095233,0.11011904761904767
P02-A4-PhysioNetMI-NEURAL-A4-C2-MULTI-HARD-VOTE-P01-L1-LOW-CAL-OFFICIAL-R2:1_PER_CLASS-MR00:VS:A4-C0-CORE,PhysioNetMI,NEURAL,A4-C2-MULTI-HARD-VOTE,27,45,0.5,0.4841897233201581,0.015810276679841917
P02-A4-PhysioNetMI-NEURAL-A4-C2-MULTI-HARD-VOTE-P01-L1-LOW-CAL-OFFICIAL-R2:1_PER_CLASS-MR00:VS:A4-C0-CORE,PhysioNetMI,NEURAL,A4-C2-MULTI-HARD-VOTE,39,45,0.46047430830039526,0.3330039525691699,0.12747035573122534
P02-A4-PhysioNetMI-NEURAL-A4-C2-MULTI-HARD-VOTE-P01-L1-LOW-CAL-OFFICIAL-R2:1_PER_CLASS-MR00:VS:A4-C0-CORE,PhysioNetMI,NEURAL,A4-C2-MULTI-HARD-VOTE,40,45,0.5,0.5178571428571428,-0.017857142857142794
P02-A4-PhysioNetMI-NEURAL-A4-C2-MULTI-HARD-VOTE-P01-L1-LOW-CAL-OFFICIAL-R2:1_PER_CLASS-MR00:VS:A4-C0-CORE,PhysioNetMI,NEURAL,A4-C2-MULTI-HARD-VOTE,47,45,0.5,0.5,0.0
P02-A4-PhysioNetMI-NEURAL-A4-C2-MULTI-HARD-VOTE-P01-L1-LOW-CAL-OFFICIAL-R2:1_PER_CLASS-MR00:VS:A4-C0-CORE,PhysioNetMI,NEURAL,A4-C2-MULTI-HARD-VOTE,48,45,0.43675889328063244,0.48023715415019763,-0.04347826086956519
P02-A4-PhysioNetMI-NEURAL-A4-C2-MULTI-HARD-VOTE-P01-L1-LOW-CAL-OFFICIAL-R2:1_PER_CLASS-MR00:VS:A4-C0-CORE,PhysioNetMI,NEURAL,A4-C2-MULTI-HARD-VOTE,57,45,0.5803571428571428,0.49702380952380953,0.08333333333333326
P02-A4-PhysioNetMI-NEURAL-A4-C2-MULTI-HARD-VOTE-P01-L1-LOW-CAL-OFFICIAL-R2:1_PER_CLASS-MR00:VS:A4-C0-CORE,PhysioNetMI,NEURAL,A4-C2-MULTI-HARD-VOTE,6,45,0.5,0.5089285714285714,-0.008928571428571397
P02-A4-PhysioNetMI-NEURAL-A4-C2-MULTI-HARD-VOTE-P01-L1-LOW-CAL-OFFICIAL-R2:1_PER_CLASS-MR00:VS:A4-C0-CORE,PhysioNetMI,NEURAL,A4-C2-MULTI-HARD-VOTE,71,45,0.5,0.5405138339920948,-0.04051383399209485
P02-A4-PhysioNetMI-NEURAL-A4-C2-MULTI-HARD-VOTE-P01-L1-LOW-CAL-OFFICIAL-R2:1_PER_CLASS-MR00:VS:A4-C0-CORE,PhysioNetMI,NEURAL,A4-C2-MULTI-HARD-VOTE,93,45,0.5,0.5,0.0
P02-A4-PhysioNetMI-NEURAL-A4-C2-MULTI-HARD-VOTE-P01-L1-LOW-CAL-OFFICIAL-R2:1_PER_CLASS-MR00:VS:A4-C0-CORE,PhysioNetMI,NEURAL,A4-C2-MULTI-HARD-VOTE,98,45,0.5,0.5009881422924901,-0.0009881422924901129
P02-A4-PhysioNetMI-NEURAL-A4-C3-MULTI-PROB-AVG-P01-L1-LOW-CAL-OFFICIAL-R2:1_PER_CLASS-MR00:VS:A4-C0-CORE,PhysioNetMI,NEURAL,A4-C3-MULTI-PROB-AVG,107,45,0.5,0.38988095238095233,0.11011904761904767
P02-A4-PhysioNetMI-NEURAL-A4-C3-MULTI-PROB-AVG-P01-L1-LOW-CAL-OFFICIAL-R2:1_PER_CLASS-MR00:VS:A4-C0-CORE,PhysioNetMI,NEURAL,A4-C3-MULTI-PROB-AVG,27,45,0.5,0.4841897233201581,0.015810276679841917
P02-A4-PhysioNetMI-NEURAL-A4-C3-MULTI-PROB-AVG-P01-L1-LOW-CAL-OFFICIAL-R2:1_PER_CLASS-MR00:VS:A4-C0-CORE,PhysioNetMI,NEURAL,A4-C3-MULTI-PROB-AVG,39,45,0.48122529644268774,0.3330039525691699,0.14822134387351782
P02-A4-PhysioNetMI-NEURAL-A4-C3-MULTI-PROB-AVG-P01-L1-LOW-CAL-OFFICIAL-R2:1_PER_CLASS-MR00:VS:A4-C0-CORE,PhysioNetMI,NEURAL,A4-C3-MULTI-PROB-AVG,40,45,0.5,0.5178571428571428,-0.017857142857142794
P02-A4-PhysioNetMI-NEURAL-A4-C3-MULTI-PROB-AVG-P01-L1-LOW-CAL-OFFICIAL-R2:1_PER_CLASS-MR00:VS:A4-C0-CORE,PhysioNetMI,NEURAL,A4-C3-MULTI-PROB-AVG,47,45,0.5,0.5,0.0
P02-A4-PhysioNetMI-NEURAL-A4-C3-MULTI-PROB-AVG-P01-L1-LOW-CAL-OFFICIAL-R2:1_PER_CLASS-MR00:VS:A4-C0-CORE,PhysioNetMI,NEURAL,A4-C3-MULTI-PROB-AVG,48,45,0.4150197628458498,0.48023715415019763,-0.06521739130434784
P02-A4-PhysioNetMI-NEURAL-A4-C3-MULTI-PROB-AVG-P01-L1-LOW-CAL-OFFICIAL-R2:1_PER_CLASS-MR00:VS:A4-C0-CORE,PhysioNetMI,NEURAL,A4-C3-MULTI-PROB-AVG,57,45,0.5119047619047619,0.49702380952380953,0.014880952380952328
P02-A4-PhysioNetMI-NEURAL-A4-C3-MULTI-PROB-AVG-P01-L1-LOW-CAL-OFFICIAL-R2:1_PER_CLASS-MR00:VS:A4-C0-CORE,PhysioNetMI,NEURAL,A4-C3-MULTI-PROB-AVG,6,45,0.5,0.5089285714285714,-0.008928571428571397
P02-A4-PhysioNetMI-NEURAL-A4-C3-MULTI-PROB-AVG-P01-L1-LOW-CAL-OFFICIAL-R2:1_PER_CLASS-MR00:VS:A4-C0-CORE,PhysioNetMI,NEURAL,A4-C3-MULTI-PROB-AVG,71,45,0.5,0.5405138339920948,-0.04051383399209485
P02-A4-PhysioNetMI-NEURAL-A4-C3-MULTI-PROB-AVG-P01-L1-LOW-CAL-OFFICIAL-R2:1_PER_CLASS-MR00:VS:A4-C0-CORE,PhysioNetMI,NEURAL,A4-C3-MULTI-PROB-AVG,93,45,0.5,0.5,0.0
P02-A4-PhysioNetMI-NEURAL-A4-C3-MULTI-PROB-AVG-P01-L1-LOW-CAL-OFFICIAL-R2:1_PER_CLASS-MR00:VS:A4-C0-CORE,PhysioNetMI,NEURAL,A4-C3-MULTI-PROB-AVG,98,45,0.5,0.5009881422924901,-0.0009881422924901129
P02-A4-PhysioNetMI-SSL-A4-C2-MULTI-HARD-VOTE-P01-L1-LOW-CAL-OFFICIAL-R2:1_PER_CLASS-MR00:VS:A4-C0-CORE,PhysioNetMI,SSL,A4-C2-MULTI-HARD-VOTE,107,45,0.4642857142857143,0.44047619047619047,0.023809523809523836
P02-A4-PhysioNetMI-SSL-A4-C2-MULTI-HARD-VOTE-P01-L1-LOW-CAL-OFFICIAL-R2:1_PER_CLASS-MR00:VS:A4-C0-CORE,PhysioNetMI,SSL,A4-C2-MULTI-HARD-VOTE,27,45,0.5227272727272727,0.5464426877470356,-0.02371541501976293
P02-A4-PhysioNetMI-SSL-A4-C2-MULTI-HARD-VOTE-P01-L1-LOW-CAL-OFFICIAL-R2:1_PER_CLASS-MR00:VS:A4-C0-CORE,PhysioNetMI,SSL,A4-C2-MULTI-HARD-VOTE,39,45,0.48320158102766797,0.5247035573122529,-0.04150197628458496
P02-A4-PhysioNetMI-SSL-A4-C2-MULTI-HARD-VOTE-P01-L1-LOW-CAL-OFFICIAL-R2:1_PER_CLASS-MR00:VS:A4-C0-CORE,PhysioNetMI,SSL,A4-C2-MULTI-HARD-VOTE,40,45,0.5,0.5208333333333334,-0.02083333333333337
P02-A4-PhysioNetMI-SSL-A4-C2-MULTI-HARD-VOTE-P01-L1-LOW-CAL-OFFICIAL-R2:1_PER_CLASS-MR00:VS:A4-C0-CORE,PhysioNetMI,SSL,A4-C2-MULTI-HARD-VOTE,47,45,0.5,0.5,0.0
P02-A4-PhysioNetMI-SSL-A4-C2-MULTI-HARD-VOTE-P01-L1-LOW-CAL-OFFICIAL-R2:1_PER_CLASS-MR00:VS:A4-C0-CORE,PhysioNetMI,SSL,A4-C2-MULTI-HARD-VOTE,48,45,0.3804347826086957,0.4496047430830039,-0.06916996047430823
P02-A4-PhysioNetMI-SSL-A4-C2-MULTI-HARD-VOTE-P01-L1-LOW-CAL-OFFICIAL-R2:1_PER_CLASS-MR00:VS:A4-C0-CORE,PhysioNetMI,SSL,A4-C2-MULTI-HARD-VOTE,57,45,0.4494047619047619,0.4821428571428571,-0.03273809523809518
P02-A4-PhysioNetMI-SSL-A4-C2-MULTI-HARD-VOTE-P01-L1-LOW-CAL-OFFICIAL-R2:1_PER_CLASS-MR00:VS:A4-C0-CORE,PhysioNetMI,SSL,A4-C2-MULTI-HARD-VOTE,6,45,0.5,0.5,0.0
P02-A4-PhysioNetMI-SSL-A4-C2-MULTI-HARD-VOTE-P01-L1-LOW-CAL-OFFICIAL-R2:1_PER_CLASS-MR00:VS:A4-C0-CORE,PhysioNetMI,SSL,A4-C2-MULTI-HARD-VOTE,71,45,0.4990118577075099,0.5,-0.0009881422924901129
P02-A4-PhysioNetMI-SSL-A4-C2-MULTI-HARD-VOTE-P01-L1-LOW-CAL-OFFICIAL-R2:1_PER_CLASS-MR00:VS:A4-C0-CORE,PhysioNetMI,SSL,A4-C2-MULTI-HARD-VOTE,93,45,0.4782608695652174,0.45652173913043476,0.02173913043478265
P02-A4-PhysioNetMI-SSL-A4-C2-MULTI-HARD-VOTE-P01-L1-LOW-CAL-OFFICIAL-R2:1_PER_CLASS-MR00:VS:A4-C0-CORE,PhysioNetMI,SSL,A4-C2-MULTI-HARD-VOTE,98,45,0.5227272727272727,0.525691699604743,-0.0029644268774703386
P02-A4-PhysioNetMI-SSL-A4-C3-MULTI-PROB-AVG-P01-L1-LOW-CAL-OFFICIAL-R2:1_PER_CLASS-MR00:VS:A4-C0-CORE,PhysioNetMI,SSL,A4-C3-MULTI-PROB-AVG,107,45,0.44047619047619047,0.44047619047619047,0.0
P02-A4-PhysioNetMI-SSL-A4-C3-MULTI-PROB-AVG-P01-L1-LOW-CAL-OFFICIAL-R2:1_PER_CLASS-MR00:VS:A4-C0-CORE,PhysioNetMI,SSL,A4-C3-MULTI-PROB-AVG,27,45,0.4782608695652174,0.5464426877470356,-0.06818181818181823
P02-A4-PhysioNetMI-SSL-A4-C3-MULTI-PROB-AVG-P01-L1-LOW-CAL-OFFICIAL-R2:1_PER_CLASS-MR00:VS:A4-C0-CORE,PhysioNetMI,SSL,A4-C3-MULTI-PROB-AVG,39,45,0.46047430830039526,0.5247035573122529,-0.06422924901185767
P02-A4-PhysioNetMI-SSL-A4-C3-MULTI-PROB-AVG-P01-L1-LOW-CAL-OFFICIAL-R2:1_PER_CLASS-MR00:VS:A4-C0-CORE,PhysioNetMI,SSL,A4-C3-MULTI-PROB-AVG,40,45,0.5,0.5208333333333334,-0.02083333333333337
P02-A4-PhysioNetMI-SSL-A4-C3-MULTI-PROB-AVG-P01-L1-LOW-CAL-OFFICIAL-R2:1_PER_CLASS-MR00:VS:A4-C0-CORE,PhysioNetMI,SSL,A4-C3-MULTI-PROB-AVG,47,45,0.5,0.5,0.0
P02-A4-PhysioNetMI-SSL-A4-C3-MULTI-PROB-AVG-P01-L1-LOW-CAL-OFFICIAL-R2:1_PER_CLASS-MR00:VS:A4-C0-CORE,PhysioNetMI,SSL,A4-C3-MULTI-PROB-AVG,48,45,0.424901185770751,0.4496047430830039,-0.024703557312252933
P02-A4-PhysioNetMI-SSL-A4-C3-MULTI-PROB-AVG-P01-L1-LOW-CAL-OFFICIAL-R2:1_PER_CLASS-MR00:VS:A4-C0-CORE,PhysioNetMI,SSL,A4-C3-MULTI-PROB-AVG,57,45,0.5386904761904762,0.4821428571428571,0.05654761904761907
P02-A4-PhysioNetMI-SSL-A4-C3-MULTI-PROB-AVG-P01-L1-LOW-CAL-OFFICIAL-R2:1_PER_CLASS-MR00:VS:A4-C0-CORE,PhysioNetMI,SSL,A4-C3-MULTI-PROB-AVG,6,45,0.5238095238095238,0.5,0.023809523809523836
P02-A4-PhysioNetMI-SSL-A4-C3-MULTI-PROB-AVG-P01-L1-LOW-CAL-OFFICIAL-R2:1_PER_CLASS-MR00:VS:A4-C0-CORE,PhysioNetMI,SSL,A4-C3-MULTI-PROB-AVG,71,45,0.5217391304347826,0.5,0.021739130434782594
P02-A4-PhysioNetMI-SSL-A4-C3-MULTI-PROB-AVG-P01-L1-LOW-CAL-OFFICIAL-R2:1_PER_CLASS-MR00:VS:A4-C0-CORE,PhysioNetMI,SSL,A4-C3-MULTI-PROB-AVG,93,45,0.5,0.45652173913043476,0.043478260869565244
P02-A4-PhysioNetMI-SSL-A4-C3-MULTI-PROB-AVG-P01-L1-LOW-CAL-OFFICIAL-R2:1_PER_CLASS-MR00:VS:A4-C0-CORE,PhysioNetMI,SSL,A4-C3-MULTI-PROB-AVG,98,45,0.5227272727272727,0.525691699604743,-0.0029644268774703386
P02-A4-PhysioNetMI-CLASSICAL-A4-C1-LONG-3P5S-P01-L1-LOW-CAL-OFFICIAL-R2:2_PER_CLASS-MR00:VS:A4-C0-CORE,PhysioNetMI,CLASSICAL,A4-C1-LONG-3P5S,107,45,0.4583333333333333,0.4791666666666667,-0.02083333333333337
P02-A4-PhysioNetMI-CLASSICAL-A4-C1-LONG-3P5S-P01-L1-LOW-CAL-OFFICIAL-R2:2_PER_CLASS-MR00:VS:A4-C0-CORE,PhysioNetMI,CLASSICAL,A4-C1-LONG-3P5S,27,45,0.5,0.5395256916996047,-0.03952569169960474
P02-A4-PhysioNetMI-CLASSICAL-A4-C1-LONG-3P5S-P01-L1-LOW-CAL-OFFICIAL-R2:2_PER_CLASS-MR00:VS:A4-C0-CORE,PhysioNetMI,CLASSICAL,A4-C1-LONG-3P5S,39,45,0.5543478260869565,0.5711462450592886,-0.01679841897233203
P02-A4-PhysioNetMI-CLASSICAL-A4-C1-LONG-3P5S-P01-L1-LOW-CAL-OFFICIAL-R2:2_PER_CLASS-MR00:VS:A4-C0-CORE,PhysioNetMI,CLASSICAL,A4-C1-LONG-3P5S,40,45,0.5,0.5059523809523809,-0.005952380952380931
P02-A4-PhysioNetMI-CLASSICAL-A4-C1-LONG-3P5S-P01-L1-LOW-CAL-OFFICIAL-R2:2_PER_CLASS-MR00:VS:A4-C0-CORE,PhysioNetMI,CLASSICAL,A4-C1-LONG-3P5S,47,45,0.5,0.5,0.0
P02-A4-PhysioNetMI-CLASSICAL-A4-C1-LONG-3P5S-P01-L1-LOW-CAL-OFFICIAL-R2:2_PER_CLASS-MR00:VS:A4-C0-CORE,PhysioNetMI,CLASSICAL,A4-C1-LONG-3P5S,48,45,0.5,0.5691699604743083,-0.06916996047430835
P02-A4-PhysioNetMI-CLASSICAL-A4-C1-LONG-3P5S-P01-L1-LOW-CAL-OFFICIAL-R2:2_PER_CLASS-MR00:VS:A4-C0-CORE,PhysioNetMI,CLASSICAL,A4-C1-LONG-3P5S,57,45,0.5,0.49702380952380953,0.0029761904761904656
P02-A4-PhysioNetMI-CLASSICAL-A4-C1-LONG-3P5S-P01-L1-LOW-CAL-OFFICIAL-R2:2_PER_CLASS-MR00:VS:A4-C0-CORE,PhysioNetMI,CLASSICAL,A4-C1-LONG-3P5S,6,45,0.5,0.5,0.0
P02-A4-PhysioNetMI-CLASSICAL-A4-C1-LONG-3P5S-P01-L1-LOW-CAL-OFFICIAL-R2:2_PER_CLASS-MR00:VS:A4-C0-CORE,PhysioNetMI,CLASSICAL,A4-C1-LONG-3P5S,71,45,0.49011857707509876,0.47035573122529645,0.019762845849802313
P02-A4-PhysioNetMI-CLASSICAL-A4-C1-LONG-3P5S-P01-L1-LOW-CAL-OFFICIAL-R2:2_PER_CLASS-MR00:VS:A4-C0-CORE,PhysioNetMI,CLASSICAL,A4-C1-LONG-3P5S,93,45,0.6660079051383399,0.75,-0.08399209486166015
P02-A4-PhysioNetMI-CLASSICAL-A4-C1-LONG-3P5S-P01-L1-LOW-CAL-OFFICIAL-R2:2_PER_CLASS-MR00:VS:A4-C0-CORE,PhysioNetMI,CLASSICAL,A4-C1-LONG-3P5S,98,45,0.5,0.5,0.0
P02-A4-PhysioNetMI-CLASSICAL-A4-C2-MULTI-HARD-VOTE-P01-L1-LOW-CAL-OFFICIAL-R2:2_PER_CLASS-MR00:VS:A4-C0-CORE,PhysioNetMI,CLASSICAL,A4-C2-MULTI-HARD-VOTE,107,45,0.5,0.4791666666666667,0.020833333333333315
P02-A4-PhysioNetMI-CLASSICAL-A4-C2-MULTI-HARD-VOTE-P01-L1-LOW-CAL-OFFICIAL-R2:2_PER_CLASS-MR00:VS:A4-C0-CORE,PhysioNetMI,CLASSICAL,A4-C2-MULTI-HARD-VOTE,27,45,0.6620553359683794,0.5395256916996047,0.12252964426877466
P02-A4-PhysioNetMI-CLASSICAL-A4-C2-MULTI-HARD-VOTE-P01-L1-LOW-CAL-OFFICIAL-R2:2_PER_CLASS-MR00:VS:A4-C0-CORE,PhysioNetMI,CLASSICAL,A4-C2-MULTI-HARD-VOTE,39,45,0.4782608695652174,0.5711462450592886,-0.09288537549407117
P02-A4-PhysioNetMI-CLASSICAL-A4-C2-MULTI-HARD-VOTE-P01-L1-LOW-CAL-OFFICIAL-R2:2_PER_CLASS-MR00:VS:A4-C0-CORE,PhysioNetMI,CLASSICAL,A4-C2-MULTI-HARD-VOTE,40,45,0.48214285714285715,0.5059523809523809,-0.02380952380952378
P02-A4-PhysioNetMI-CLASSICAL-A4-C2-MULTI-HARD-VOTE-P01-L1-LOW-CAL-OFFICIAL-R2:2_PER_CLASS-MR00:VS:A4-C0-CORE,PhysioNetMI,CLASSICAL,A4-C2-MULTI-HARD-VOTE,47,45,0.5,0.5,0.0
P02-A4-PhysioNetMI-CLASSICAL-A4-C2-MULTI-HARD-VOTE-P01-L1-LOW-CAL-OFFICIAL-R2:2_PER_CLASS-MR00:VS:A4-C0-CORE,PhysioNetMI,CLASSICAL,A4-C2-MULTI-HARD-VOTE,48,45,0.5533596837944664,0.5691699604743083,-0.015810276679841917
P02-A4-PhysioNetMI-CLASSICAL-A4-C2-MULTI-HARD-VOTE-P01-L1-LOW-CAL-OFFICIAL-R2:2_PER_CLASS-MR00:VS:A4-C0-CORE,PhysioNetMI,CLASSICAL,A4-C2-MULTI-HARD-VOTE,57,45,0.5089285714285714,0.49702380952380953,0.011904761904761862
P02-A4-PhysioNetMI-CLASSICAL-A4-C2-MULTI-HARD-VOTE-P01-L1-LOW-CAL-OFFICIAL-R2:2_PER_CLASS-MR00:VS:A4-C0-CORE,PhysioNetMI,CLASSICAL,A4-C2-MULTI-HARD-VOTE,6,45,0.5,0.5,0.0
P02-A4-PhysioNetMI-CLASSICAL-A4-C2-MULTI-HARD-VOTE-P01-L1-LOW-CAL-OFFICIAL-R2:2_PER_CLASS-MR00:VS:A4-C0-CORE,PhysioNetMI,CLASSICAL,A4-C2-MULTI-HARD-VOTE,71,45,0.5642292490118577,0.47035573122529645,0.09387351778656122
P02-A4-PhysioNetMI-CLASSICAL-A4-C2-MULTI-HARD-VOTE-P01-L1-LOW-CAL-OFFICIAL-R2:2_PER_CLASS-MR00:VS:A4-C0-CORE,PhysioNetMI,CLASSICAL,A4-C2-MULTI-HARD-VOTE,93,45,0.6363636363636364,0.75,-0.11363636363636365
P02-A4-PhysioNetMI-CLASSICAL-A4-C2-MULTI-HARD-VOTE-P01-L1-LOW-CAL-OFFICIAL-R2:2_PER_CLASS-MR00:VS:A4-C0-CORE,PhysioNetMI,CLASSICAL,A4-C2-MULTI-HARD-VOTE,98,45,0.5,0.5,0.0
P02-A4-PhysioNetMI-CLASSICAL-A4-C3-MULTI-PROB-AVG-P01-L1-LOW-CAL-OFFICIAL-R2:2_PER_CLASS-MR00:VS:A4-C0-CORE,PhysioNetMI,CLASSICAL,A4-C3-MULTI-PROB-AVG,107,45,0.5,0.4791666666666667,0.020833333333333315
P02-A4-PhysioNetMI-CLASSICAL-A4-C3-MULTI-PROB-AVG-P01-L1-LOW-CAL-OFFICIAL-R2:2_PER_CLASS-MR00:VS:A4-C0-CORE,PhysioNetMI,CLASSICAL,A4-C3-MULTI-PROB-AVG,27,45,0.6393280632411067,0.5395256916996047,0.09980237154150196
P02-A4-PhysioNetMI-CLASSICAL-A4-C3-MULTI-PROB-AVG-P01-L1-LOW-CAL-OFFICIAL-R2:2_PER_CLASS-MR00:VS:A4-C0-CORE,PhysioNetMI,CLASSICAL,A4-C3-MULTI-PROB-AVG,39,45,0.4782608695652174,0.5711462450592886,-0.09288537549407117
P02-A4-PhysioNetMI-CLASSICAL-A4-C3-MULTI-PROB-AVG-P01-L1-LOW-CAL-OFFICIAL-R2:2_PER_CLASS-MR00:VS:A4-C0-CORE,PhysioNetMI,CLASSICAL,A4-C3-MULTI-PROB-AVG,40,45,0.48214285714285715,0.5059523809523809,-0.02380952380952378
P02-A4-PhysioNetMI-CLASSICAL-A4-C3-MULTI-PROB-AVG-P01-L1-LOW-CAL-OFFICIAL-R2:2_PER_CLASS-MR00:VS:A4-C0-CORE,PhysioNetMI,CLASSICAL,A4-C3-MULTI-PROB-AVG,47,45,0.5,0.5,0.0
P02-A4-PhysioNetMI-CLASSICAL-A4-C3-MULTI-PROB-AVG-P01-L1-LOW-CAL-OFFICIAL-R2:2_PER_CLASS-MR00:VS:A4-C0-CORE,PhysioNetMI,CLASSICAL,A4-C3-MULTI-PROB-AVG,48,45,0.575098814229249,0.5691699604743083,0.005928853754940677
P02-A4-PhysioNetMI-CLASSICAL-A4-C3-MULTI-PROB-AVG-P01-L1-LOW-CAL-OFFICIAL-R2:2_PER_CLASS-MR00:VS:A4-C0-CORE,PhysioNetMI,CLASSICAL,A4-C3-MULTI-PROB-AVG,57,45,0.5089285714285714,0.49702380952380953,0.011904761904761862
P02-A4-PhysioNetMI-CLASSICAL-A4-C3-MULTI-PROB-AVG-P01-L1-LOW-CAL-OFFICIAL-R2:2_PER_CLASS-MR00:VS:A4-C0-CORE,PhysioNetMI,CLASSICAL,A4-C3-MULTI-PROB-AVG,6,45,0.5,0.5,0.0
P02-A4-PhysioNetMI-CLASSICAL-A4-C3-MULTI-PROB-AVG-P01-L1-LOW-CAL-OFFICIAL-R2:2_PER_CLASS-MR00:VS:A4-C0-CORE,PhysioNetMI,CLASSICAL,A4-C3-MULTI-PROB-AVG,71,45,0.5642292490118577,0.47035573122529645,0.09387351778656122
P02-A4-PhysioNetMI-CLASSICAL-A4-C3-MULTI-PROB-AVG-P01-L1-LOW-CAL-OFFICIAL-R2:2_PER_CLASS-MR00:VS:A4-C0-CORE,PhysioNetMI,CLASSICAL,A4-C3-MULTI-PROB-AVG,93,45,0.6363636363636364,0.75,-0.11363636363636365
P02-A4-PhysioNetMI-CLASSICAL-A4-C3-MULTI-PROB-AVG-P01-L1-LOW-CAL-OFFICIAL-R2:2_PER_CLASS-MR00:VS:A4-C0-CORE,PhysioNetMI,CLASSICAL,A4-C3-MULTI-PROB-AVG,98,45,0.5,0.5,0.0
P02-A4-PhysioNetMI-RIEMANNIAN-A4-C1-LONG-3P5S-P01-L1-LOW-CAL-OFFICIAL-R2:2_PER_CLASS-MR00:VS:A4-C0-CORE,PhysioNetMI,RIEMANNIAN,A4-C1-LONG-3P5S,107,45,0.5,0.5,0.0
P02-A4-PhysioNetMI-RIEMANNIAN-A4-C1-LONG-3P5S-P01-L1-LOW-CAL-OFFICIAL-R2:2_PER_CLASS-MR00:VS:A4-C0-CORE,PhysioNetMI,RIEMANNIAN,A4-C1-LONG-3P5S,27,45,0.5,0.5,0.0
P02-A4-PhysioNetMI-RIEMANNIAN-A4-C1-LONG-3P5S-P01-L1-LOW-CAL-OFFICIAL-R2:2_PER_CLASS-MR00:VS:A4-C0-CORE,PhysioNetMI,RIEMANNIAN,A4-C1-LONG-3P5S,39,45,0.5,0.5,0.0
P02-A4-PhysioNetMI-RIEMANNIAN-A4-C1-LONG-3P5S-P01-L1-LOW-CAL-OFFICIAL-R2:2_PER_CLASS-MR00:VS:A4-C0-CORE,PhysioNetMI,RIEMANNIAN,A4-C1-LONG-3P5S,40,45,0.5,0.5,0.0
P02-A4-PhysioNetMI-RIEMANNIAN-A4-C1-LONG-3P5S-P01-L1-LOW-CAL-OFFICIAL-R2:2_PER_CLASS-MR00:VS:A4-C0-CORE,PhysioNetMI,RIEMANNIAN,A4-C1-LONG-3P5S,47,45,0.5,0.5,0.0
P02-A4-PhysioNetMI-RIEMANNIAN-A4-C1-LONG-3P5S-P01-L1-LOW-CAL-OFFICIAL-R2:2_PER_CLASS-MR00:VS:A4-C0-CORE,PhysioNetMI,RIEMANNIAN,A4-C1-LONG-3P5S,48,45,0.5,0.5,0.0
P02-A4-PhysioNetMI-RIEMANNIAN-A4-C1-LONG-3P5S-P01-L1-LOW-CAL-OFFICIAL-R2:2_PER_CLASS-MR00:VS:A4-C0-CORE,PhysioNetMI,RIEMANNIAN,A4-C1-LONG-3P5S,57,45,0.5,0.5,0.0
P02-A4-PhysioNetMI-RIEMANNIAN-A4-C1-LONG-3P5S-P01-L1-LOW-CAL-OFFICIAL-R2:2_PER_CLASS-MR00:VS:A4-C0-CORE,PhysioNetMI,RIEMANNIAN,A4-C1-LONG-3P5S,6,45,0.5,0.5,0.0
P02-A4-PhysioNetMI-RIEMANNIAN-A4-C1-LONG-3P5S-P01-L1-LOW-CAL-OFFICIAL-R2:2_PER_CLASS-MR00:VS:A4-C0-CORE,PhysioNetMI,RIEMANNIAN,A4-C1-LONG-3P5S,71,45,0.5,0.5,0.0
P02-A4-PhysioNetMI-RIEMANNIAN-A4-C1-LONG-3P5S-P01-L1-LOW-CAL-OFFICIAL-R2:2_PER_CLASS-MR00:VS:A4-C0-CORE,PhysioNetMI,RIEMANNIAN,A4-C1-LONG-3P5S,93,45,0.5,0.5,0.0
P02-A4-PhysioNetMI-RIEMANNIAN-A4-C1-LONG-3P5S-P01-L1-LOW-CAL-OFFICIAL-R2:2_PER_CLASS-MR00:VS:A4-C0-CORE,PhysioNetMI,RIEMANNIAN,A4-C1-LONG-3P5S,98,45,0.5,0.5,0.0
P02-A4-PhysioNetMI-RIEMANNIAN-A4-C2-MULTI-HARD-VOTE-P01-L1-LOW-CAL-OFFICIAL-R2:2_PER_CLASS-MR00:VS:A4-C0-CORE,PhysioNetMI,RIEMANNIAN,A4-C2-MULTI-HARD-VOTE,107,45,0.5,0.5,0.0
P02-A4-PhysioNetMI-RIEMANNIAN-A4-C2-MULTI-HARD-VOTE-P01-L1-LOW-CAL-OFFICIAL-R2:2_PER_CLASS-MR00:VS:A4-C0-CORE,PhysioNetMI,RIEMANNIAN,A4-C2-MULTI-HARD-VOTE,27,45,0.5,0.5,0.0
P02-A4-PhysioNetMI-RIEMANNIAN-A4-C2-MULTI-HARD-VOTE-P01-L1-LOW-CAL-OFFICIAL-R2:2_PER_CLASS-MR00:VS:A4-C0-CORE,PhysioNetMI,RIEMANNIAN,A4-C2-MULTI-HARD-VOTE,39,45,0.5,0.5,0.0
P02-A4-PhysioNetMI-RIEMANNIAN-A4-C2-MULTI-HARD-VOTE-P01-L1-LOW-CAL-OFFICIAL-R2:2_PER_CLASS-MR00:VS:A4-C0-CORE,PhysioNetMI,RIEMANNIAN,A4-C2-MULTI-HARD-VOTE,40,45,0.5,0.5,0.0
P02-A4-PhysioNetMI-RIEMANNIAN-A4-C2-MULTI-HARD-VOTE-P01-L1-LOW-CAL-OFFICIAL-R2:2_PER_CLASS-MR00:VS:A4-C0-CORE,PhysioNetMI,RIEMANNIAN,A4-C2-MULTI-HARD-VOTE,47,45,0.5,0.5,0.0
P02-A4-PhysioNetMI-RIEMANNIAN-A4-C2-MULTI-HARD-VOTE-P01-L1-LOW-CAL-OFFICIAL-R2:2_PER_CLASS-MR00:VS:A4-C0-CORE,PhysioNetMI,RIEMANNIAN,A4-C2-MULTI-HARD-VOTE,48,45,0.5,0.5,0.0
P02-A4-PhysioNetMI-RIEMANNIAN-A4-C2-MULTI-HARD-VOTE-P01-L1-LOW-CAL-OFFICIAL-R2:2_PER_CLASS-MR00:VS:A4-C0-CORE,PhysioNetMI,RIEMANNIAN,A4-C2-MULTI-HARD-VOTE,57,45,0.5,0.5,0.0
P02-A4-PhysioNetMI-RIEMANNIAN-A4-C2-MULTI-HARD-VOTE-P01-L1-LOW-CAL-OFFICIAL-R2:2_PER_CLASS-MR00:VS:A4-C0-CORE,PhysioNetMI,RIEMANNIAN,A4-C2-MULTI-HARD-VOTE,6,45,0.5,0.5,0.0
P02-A4-PhysioNetMI-RIEMANNIAN-A4-C2-MULTI-HARD-VOTE-P01-L1-LOW-CAL-OFFICIAL-R2:2_PER_CLASS-MR00:VS:A4-C0-CORE,PhysioNetMI,RIEMANNIAN,A4-C2-MULTI-HARD-VOTE,71,45,0.5,0.5,0.0
P02-A4-PhysioNetMI-RIEMANNIAN-A4-C2-MULTI-HARD-VOTE-P01-L1-LOW-CAL-OFFICIAL-R2:2_PER_CLASS-MR00:VS:A4-C0-CORE,PhysioNetMI,RIEMANNIAN,A4-C2-MULTI-HARD-VOTE,93,45,0.5,0.5,0.0
P02-A4-PhysioNetMI-RIEMANNIAN-A4-C2-MULTI-HARD-VOTE-P01-L1-LOW-CAL-OFFICIAL-R2:2_PER_CLASS-MR00:VS:A4-C0-CORE,PhysioNetMI,RIEMANNIAN,A4-C2-MULTI-HARD-VOTE,98,45,0.5,0.5,0.0
P02-A4-PhysioNetMI-RIEMANNIAN-A4-C3-MULTI-PROB-AVG-P01-L1-LOW-CAL-OFFICIAL-R2:2_PER_CLASS-MR00:VS:A4-C0-CORE,PhysioNetMI,RIEMANNIAN,A4-C3-MULTI-PROB-AVG,107,45,0.5,0.5,0.0
P02-A4-PhysioNetMI-RIEMANNIAN-A4-C3-MULTI-PROB-AVG-P01-L1-LOW-CAL-OFFICIAL-R2:2_PER_CLASS-MR00:VS:A4-C0-CORE,PhysioNetMI,RIEMANNIAN,A4-C3-MULTI-PROB-AVG,27,45,0.5,0.5,0.0
P02-A4-PhysioNetMI-RIEMANNIAN-A4-C3-MULTI-PROB-AVG-P01-L1-LOW-CAL-OFFICIAL-R2:2_PER_CLASS-MR00:VS:A4-C0-CORE,PhysioNetMI,RIEMANNIAN,A4-C3-MULTI-PROB-AVG,39,45,0.5,0.5,0.0
P02-A4-PhysioNetMI-RIEMANNIAN-A4-C3-MULTI-PROB-AVG-P01-L1-LOW-CAL-OFFICIAL-R2:2_PER_CLASS-MR00:VS:A4-C0-CORE,PhysioNetMI,RIEMANNIAN,A4-C3-MULTI-PROB-AVG,40,45,0.5,0.5,0.0
P02-A4-PhysioNetMI-RIEMANNIAN-A4-C3-MULTI-PROB-AVG-P01-L1-LOW-CAL-OFFICIAL-R2:2_PER_CLASS-MR00:VS:A4-C0-CORE,PhysioNetMI,RIEMANNIAN,A4-C3-MULTI-PROB-AVG,47,45,0.5,0.5,0.0
P02-A4-PhysioNetMI-RIEMANNIAN-A4-C3-MULTI-PROB-AVG-P01-L1-LOW-CAL-OFFICIAL-R2:2_PER_CLASS-MR00:VS:A4-C0-CORE,PhysioNetMI,RIEMANNIAN,A4-C3-MULTI-PROB-AVG,48,45,0.5,0.5,0.0
P02-A4-PhysioNetMI-RIEMANNIAN-A4-C3-MULTI-PROB-AVG-P01-L1-LOW-CAL-OFFICIAL-R2:2_PER_CLASS-MR00:VS:A4-C0-CORE,PhysioNetMI,RIEMANNIAN,A4-C3-MULTI-PROB-AVG,57,45,0.5,0.5,0.0
P02-A4-PhysioNetMI-RIEMANNIAN-A4-C3-MULTI-PROB-AVG-P01-L1-LOW-CAL-OFFICIAL-R2:2_PER_CLASS-MR00:VS:A4-C0-CORE,PhysioNetMI,RIEMANNIAN,A4-C3-MULTI-PROB-AVG,6,45,0.5,0.5,0.0
P02-A4-PhysioNetMI-RIEMANNIAN-A4-C3-MULTI-PROB-AVG-P01-L1-LOW-CAL-OFFICIAL-R2:2_PER_CLASS-MR00:VS:A4-C0-CORE,PhysioNetMI,RIEMANNIAN,A4-C3-MULTI-PROB-AVG,71,45,0.5,0.5,0.0
P02-A4-PhysioNetMI-RIEMANNIAN-A4-C3-MULTI-PROB-AVG-P01-L1-LOW-CAL-OFFICIAL-R2:2_PER_CLASS-MR00:VS:A4-C0-CORE,PhysioNetMI,RIEMANNIAN,A4-C3-MULTI-PROB-AVG,93,45,0.5,0.5,0.0
P02-A4-PhysioNetMI-RIEMANNIAN-A4-C3-MULTI-PROB-AVG-P01-L1-LOW-CAL-OFFICIAL-R2:2_PER_CLASS-MR00:VS:A4-C0-CORE,PhysioNetMI,RIEMANNIAN,A4-C3-MULTI-PROB-AVG,98,45,0.5,0.5,0.0
P02-A4-PhysioNetMI-CLASSICAL-A4-C1-LONG-3P5S-P01-L1-LOW-CAL-OFFICIAL-R2:4_PER_CLASS-MR00:VS:A4-C0-CORE,PhysioNetMI,CLASSICAL,A4-C1-LONG-3P5S,107,45,0.4851190476190476,0.46428571428571425,0.02083333333333337
P02-A4-PhysioNetMI-CLASSICAL-A4-C1-LONG-3P5S-P01-L1-LOW-CAL-OFFICIAL-R2:4_PER_CLASS-MR00:VS:A4-C0-CORE,PhysioNetMI,CLASSICAL,A4-C1-LONG-3P5S,27,45,0.5,0.5,0.0
P02-A4-PhysioNetMI-CLASSICAL-A4-C1-LONG-3P5S-P01-L1-LOW-CAL-OFFICIAL-R2:4_PER_CLASS-MR00:VS:A4-C0-CORE,PhysioNetMI,CLASSICAL,A4-C1-LONG-3P5S,39,45,0.5,0.5,0.0
P02-A4-PhysioNetMI-CLASSICAL-A4-C1-LONG-3P5S-P01-L1-LOW-CAL-OFFICIAL-R2:4_PER_CLASS-MR00:VS:A4-C0-CORE,PhysioNetMI,CLASSICAL,A4-C1-LONG-3P5S,40,45,0.5,0.5,0.0
P02-A4-PhysioNetMI-CLASSICAL-A4-C1-LONG-3P5S-P01-L1-LOW-CAL-OFFICIAL-R2:4_PER_CLASS-MR00:VS:A4-C0-CORE,PhysioNetMI,CLASSICAL,A4-C1-LONG-3P5S,47,45,0.5,0.5,0.0
P02-A4-PhysioNetMI-CLASSICAL-A4-C1-LONG-3P5S-P01-L1-LOW-CAL-OFFICIAL-R2:4_PER_CLASS-MR00:VS:A4-C0-CORE,PhysioNetMI,CLASSICAL,A4-C1-LONG-3P5S,48,45,0.5,0.5,0.0
P02-A4-PhysioNetMI-CLASSICAL-A4-C1-LONG-3P5S-P01-L1-LOW-CAL-OFFICIAL-R2:4_PER_CLASS-MR00:VS:A4-C0-CORE,PhysioNetMI,CLASSICAL,A4-C1-LONG-3P5S,57,45,0.5,0.5,0.0
P02-A4-PhysioNetMI-CLASSICAL-A4-C1-LONG-3P5S-P01-L1-LOW-CAL-OFFICIAL-R2:4_PER_CLASS-MR00:VS:A4-C0-CORE,PhysioNetMI,CLASSICAL,A4-C1-LONG-3P5S,6,45,0.5,0.5,0.0
P02-A4-PhysioNetMI-CLASSICAL-A4-C1-LONG-3P5S-P01-L1-LOW-CAL-OFFICIAL-R2:4_PER_CLASS-MR00:VS:A4-C0-CORE,PhysioNetMI,CLASSICAL,A4-C1-LONG-3P5S,71,45,0.4782608695652174,0.5,-0.021739130434782594
P02-A4-PhysioNetMI-CLASSICAL-A4-C1-LONG-3P5S-P01-L1-LOW-CAL-OFFICIAL-R2:4_PER_CLASS-MR00:VS:A4-C0-CORE,PhysioNetMI,CLASSICAL,A4-C1-LONG-3P5S,93,45,0.5019762845849802,0.5029644268774703,-0.0009881422924901129
P02-A4-PhysioNetMI-CLASSICAL-A4-C1-LONG-3P5S-P01-L1-LOW-CAL-OFFICIAL-R2:4_PER_CLASS-MR00:VS:A4-C0-CORE,PhysioNetMI,CLASSICAL,A4-C1-LONG-3P5S,98,45,0.5217391304347826,0.5,0.021739130434782594
P02-A4-PhysioNetMI-CLASSICAL-A4-C2-MULTI-HARD-VOTE-P01-L1-LOW-CAL-OFFICIAL-R2:4_PER_CLASS-MR00:VS:A4-C0-CORE,PhysioNetMI,CLASSICAL,A4-C2-MULTI-HARD-VOTE,107,45,0.41964285714285715,0.46428571428571425,-0.044642857142857095
P02-A4-PhysioNetMI-CLASSICAL-A4-C2-MULTI-HARD-VOTE-P01-L1-LOW-CAL-OFFICIAL-R2:4_PER_CLASS-MR00:VS:A4-C0-CORE,PhysioNetMI,CLASSICAL,A4-C2-MULTI-HARD-VOTE,27,45,0.5,0.5,0.0
P02-A4-PhysioNetMI-CLASSICAL-A4-C2-MULTI-HARD-VOTE-P01-L1-LOW-CAL-OFFICIAL-R2:4_PER_CLASS-MR00:VS:A4-C0-CORE,PhysioNetMI,CLASSICAL,A4-C2-MULTI-HARD-VOTE,39,45,0.5,0.5,0.0
P02-A4-PhysioNetMI-CLASSICAL-A4-C2-MULTI-HARD-VOTE-P01-L1-LOW-CAL-OFFICIAL-R2:4_PER_CLASS-MR00:VS:A4-C0-CORE,PhysioNetMI,CLASSICAL,A4-C2-MULTI-HARD-VOTE,40,45,0.5,0.5,0.0
P02-A4-PhysioNetMI-CLASSICAL-A4-C2-MULTI-HARD-VOTE-P01-L1-LOW-CAL-OFFICIAL-R2:4_PER_CLASS-MR00:VS:A4-C0-CORE,PhysioNetMI,CLASSICAL,A4-C2-MULTI-HARD-VOTE,47,45,0.5,0.5,0.0
P02-A4-PhysioNetMI-CLASSICAL-A4-C2-MULTI-HARD-VOTE-P01-L1-LOW-CAL-OFFICIAL-R2:4_PER_CLASS-MR00:VS:A4-C0-CORE,PhysioNetMI,CLASSICAL,A4-C2-MULTI-HARD-VOTE,48,45,0.5,0.5,0.0
P02-A4-PhysioNetMI-CLASSICAL-A4-C2-MULTI-HARD-VOTE-P01-L1-LOW-CAL-OFFICIAL-R2:4_PER_CLASS-MR00:VS:A4-C0-CORE,PhysioNetMI,CLASSICAL,A4-C2-MULTI-HARD-VOTE,57,45,0.5,0.5,0.0
P02-A4-PhysioNetMI-CLASSICAL-A4-C2-MULTI-HARD-VOTE-P01-L1-LOW-CAL-OFFICIAL-R2:4_PER_CLASS-MR00:VS:A4-C0-CORE,PhysioNetMI,CLASSICAL,A4-C2-MULTI-HARD-VOTE,6,45,0.5,0.5,0.0
P02-A4-PhysioNetMI-CLASSICAL-A4-C2-MULTI-HARD-VOTE-P01-L1-LOW-CAL-OFFICIAL-R2:4_PER_CLASS-MR00:VS:A4-C0-CORE,PhysioNetMI,CLASSICAL,A4-C2-MULTI-HARD-VOTE,71,45,0.5,0.5,0.0
P02-A4-PhysioNetMI-CLASSICAL-A4-C2-MULTI-HARD-VOTE-P01-L1-LOW-CAL-OFFICIAL-R2:4_PER_CLASS-MR00:VS:A4-C0-CORE,PhysioNetMI,CLASSICAL,A4-C2-MULTI-HARD-VOTE,93,45,0.5029644268774703,0.5029644268774703,0.0
P02-A4-PhysioNetMI-CLASSICAL-A4-C2-MULTI-HARD-VOTE-P01-L1-LOW-CAL-OFFICIAL-R2:4_PER_CLASS-MR00:VS:A4-C0-CORE,PhysioNetMI,CLASSICAL,A4-C2-MULTI-HARD-VOTE,98,45,0.4762845849802371,0.5,-0.023715415019762875
P02-A4-PhysioNetMI-CLASSICAL-A4-C3-MULTI-PROB-AVG-P01-L1-LOW-CAL-OFFICIAL-R2:4_PER_CLASS-MR00:VS:A4-C0-CORE,PhysioNetMI,CLASSICAL,A4-C3-MULTI-PROB-AVG,107,45,0.44047619047619047,0.46428571428571425,-0.02380952380952378
P02-A4-PhysioNetMI-CLASSICAL-A4-C3-MULTI-PROB-AVG-P01-L1-LOW-CAL-OFFICIAL-R2:4_PER_CLASS-MR00:VS:A4-C0-CORE,PhysioNetMI,CLASSICAL,A4-C3-MULTI-PROB-AVG,27,45,0.5,0.5,0.0
P02-A4-PhysioNetMI-CLASSICAL-A4-C3-MULTI-PROB-AVG-P01-L1-LOW-CAL-OFFICIAL-R2:4_PER_CLASS-MR00:VS:A4-C0-CORE,PhysioNetMI,CLASSICAL,A4-C3-MULTI-PROB-AVG,39,45,0.5,0.5,0.0
P02-A4-PhysioNetMI-CLASSICAL-A4-C3-MULTI-PROB-AVG-P01-L1-LOW-CAL-OFFICIAL-R2:4_PER_CLASS-MR00:VS:A4-C0-CORE,PhysioNetMI,CLASSICAL,A4-C3-MULTI-PROB-AVG,40,45,0.5,0.5,0.0
P02-A4-PhysioNetMI-CLASSICAL-A4-C3-MULTI-PROB-AVG-P01-L1-LOW-CAL-OFFICIAL-R2:4_PER_CLASS-MR00:VS:A4-C0-CORE,PhysioNetMI,CLASSICAL,A4-C3-MULTI-PROB-AVG,47,45,0.5,0.5,0.0
P02-A4-PhysioNetMI-CLASSICAL-A4-C3-MULTI-PROB-AVG-P01-L1-LOW-CAL-OFFICIAL-R2:4_PER_CLASS-MR00:VS:A4-C0-CORE,PhysioNetMI,CLASSICAL,A4-C3-MULTI-PROB-AVG,48,45,0.5,0.5,0.0
P02-A4-PhysioNetMI-CLASSICAL-A4-C3-MULTI-PROB-AVG-P01-L1-LOW-CAL-OFFICIAL-R2:4_PER_CLASS-MR00:VS:A4-C0-CORE,PhysioNetMI,CLASSICAL,A4-C3-MULTI-PROB-AVG,57,45,0.5,0.5,0.0
P02-A4-PhysioNetMI-CLASSICAL-A4-C3-MULTI-PROB-AVG-P01-L1-LOW-CAL-OFFICIAL-R2:4_PER_CLASS-MR00:VS:A4-C0-CORE,PhysioNetMI,CLASSICAL,A4-C3-MULTI-PROB-AVG,6,45,0.5,0.5,0.0
P02-A4-PhysioNetMI-CLASSICAL-A4-C3-MULTI-PROB-AVG-P01-L1-LOW-CAL-OFFICIAL-R2:4_PER_CLASS-MR00:VS:A4-C0-CORE,PhysioNetMI,CLASSICAL,A4-C3-MULTI-PROB-AVG,71,45,0.5,0.5,0.0
P02-A4-PhysioNetMI-CLASSICAL-A4-C3-MULTI-PROB-AVG-P01-L1-LOW-CAL-OFFICIAL-R2:4_PER_CLASS-MR00:VS:A4-C0-CORE,PhysioNetMI,CLASSICAL,A4-C3-MULTI-PROB-AVG,93,45,0.5029644268774703,0.5029644268774703,0.0
P02-A4-PhysioNetMI-CLASSICAL-A4-C3-MULTI-PROB-AVG-P01-L1-LOW-CAL-OFFICIAL-R2:4_PER_CLASS-MR00:VS:A4-C0-CORE,PhysioNetMI,CLASSICAL,A4-C3-MULTI-PROB-AVG,98,45,0.5217391304347826,0.5,0.021739130434782594
P02-A4-PhysioNetMI-RIEMANNIAN-A4-C1-LONG-3P5S-P01-L1-LOW-CAL-OFFICIAL-R2:4_PER_CLASS-MR00:VS:A4-C0-CORE,PhysioNetMI,RIEMANNIAN,A4-C1-LONG-3P5S,107,45,0.5059523809523809,0.5059523809523809,0.0
P02-A4-PhysioNetMI-RIEMANNIAN-A4-C1-LONG-3P5S-P01-L1-LOW-CAL-OFFICIAL-R2:4_PER_CLASS-MR00:VS:A4-C0-CORE,PhysioNetMI,RIEMANNIAN,A4-C1-LONG-3P5S,27,45,0.5,0.5,0.0
P02-A4-PhysioNetMI-RIEMANNIAN-A4-C1-LONG-3P5S-P01-L1-LOW-CAL-OFFICIAL-R2:4_PER_CLASS-MR00:VS:A4-C0-CORE,PhysioNetMI,RIEMANNIAN,A4-C1-LONG-3P5S,39,45,0.5,0.5,0.0
P02-A4-PhysioNetMI-RIEMANNIAN-A4-C1-LONG-3P5S-P01-L1-LOW-CAL-OFFICIAL-R2:4_PER_CLASS-MR00:VS:A4-C0-CORE,PhysioNetMI,RIEMANNIAN,A4-C1-LONG-3P5S,40,45,0.5,0.5,0.0
P02-A4-PhysioNetMI-RIEMANNIAN-A4-C1-LONG-3P5S-P01-L1-LOW-CAL-OFFICIAL-R2:4_PER_CLASS-MR00:VS:A4-C0-CORE,PhysioNetMI,RIEMANNIAN,A4-C1-LONG-3P5S,47,45,0.5,0.5,0.0
P02-A4-PhysioNetMI-RIEMANNIAN-A4-C1-LONG-3P5S-P01-L1-LOW-CAL-OFFICIAL-R2:4_PER_CLASS-MR00:VS:A4-C0-CORE,PhysioNetMI,RIEMANNIAN,A4-C1-LONG-3P5S,48,45,0.5,0.5,0.0
P02-A4-PhysioNetMI-RIEMANNIAN-A4-C1-LONG-3P5S-P01-L1-LOW-CAL-OFFICIAL-R2:4_PER_CLASS-MR00:VS:A4-C0-CORE,PhysioNetMI,RIEMANNIAN,A4-C1-LONG-3P5S,57,45,0.5,0.5,0.0
P02-A4-PhysioNetMI-RIEMANNIAN-A4-C1-LONG-3P5S-P01-L1-LOW-CAL-OFFICIAL-R2:4_PER_CLASS-MR00:VS:A4-C0-CORE,PhysioNetMI,RIEMANNIAN,A4-C1-LONG-3P5S,6,45,0.47619047619047616,0.5178571428571428,-0.04166666666666663
P02-A4-PhysioNetMI-RIEMANNIAN-A4-C1-LONG-3P5S-P01-L1-LOW-CAL-OFFICIAL-R2:4_PER_CLASS-MR00:VS:A4-C0-CORE,PhysioNetMI,RIEMANNIAN,A4-C1-LONG-3P5S,71,45,0.5296442687747036,0.5296442687747036,0.0
P02-A4-PhysioNetMI-RIEMANNIAN-A4-C1-LONG-3P5S-P01-L1-LOW-CAL-OFFICIAL-R2:4_PER_CLASS-MR00:VS:A4-C0-CORE,PhysioNetMI,RIEMANNIAN,A4-C1-LONG-3P5S,93,45,0.5,0.5,0.0
P02-A4-PhysioNetMI-RIEMANNIAN-A4-C1-LONG-3P5S-P01-L1-LOW-CAL-OFFICIAL-R2:4_PER_CLASS-MR00:VS:A4-C0-CORE,PhysioNetMI,RIEMANNIAN,A4-C1-LONG-3P5S,98,45,0.5,0.5,0.0
P02-A4-PhysioNetMI-RIEMANNIAN-A4-C2-MULTI-HARD-VOTE-P01-L1-LOW-CAL-OFFICIAL-R2:4_PER_CLASS-MR00:VS:A4-C0-CORE,PhysioNetMI,RIEMANNIAN,A4-C2-MULTI-HARD-VOTE,107,45,0.5208333333333334,0.5059523809523809,0.014880952380952439
P02-A4-PhysioNetMI-RIEMANNIAN-A4-C2-MULTI-HARD-VOTE-P01-L1-LOW-CAL-OFFICIAL-R2:4_PER_CLASS-MR00:VS:A4-C0-CORE,PhysioNetMI,RIEMANNIAN,A4-C2-MULTI-HARD-VOTE,27,45,0.5,0.5,0.0
P02-A4-PhysioNetMI-RIEMANNIAN-A4-C2-MULTI-HARD-VOTE-P01-L1-LOW-CAL-OFFICIAL-R2:4_PER_CLASS-MR00:VS:A4-C0-CORE,PhysioNetMI,RIEMANNIAN,A4-C2-MULTI-HARD-VOTE,39,45,0.5,0.5,0.0
P02-A4-PhysioNetMI-RIEMANNIAN-A4-C2-MULTI-HARD-VOTE-P01-L1-LOW-CAL-OFFICIAL-R2:4_PER_CLASS-MR00:VS:A4-C0-CORE,PhysioNetMI,RIEMANNIAN,A4-C2-MULTI-HARD-VOTE,40,45,0.5,0.5,0.0
P02-A4-PhysioNetMI-RIEMANNIAN-A4-C2-MULTI-HARD-VOTE-P01-L1-LOW-CAL-OFFICIAL-R2:4_PER_CLASS-MR00:VS:A4-C0-CORE,PhysioNetMI,RIEMANNIAN,A4-C2-MULTI-HARD-VOTE,47,45,0.5,0.5,0.0
P02-A4-PhysioNetMI-RIEMANNIAN-A4-C2-MULTI-HARD-VOTE-P01-L1-LOW-CAL-OFFICIAL-R2:4_PER_CLASS-MR00:VS:A4-C0-CORE,PhysioNetMI,RIEMANNIAN,A4-C2-MULTI-HARD-VOTE,48,45,0.5,0.5,0.0
P02-A4-PhysioNetMI-RIEMANNIAN-A4-C2-MULTI-HARD-VOTE-P01-L1-LOW-CAL-OFFICIAL-R2:4_PER_CLASS-MR00:VS:A4-C0-CORE,PhysioNetMI,RIEMANNIAN,A4-C2-MULTI-HARD-VOTE,57,45,0.5,0.5,0.0
P02-A4-PhysioNetMI-RIEMANNIAN-A4-C2-MULTI-HARD-VOTE-P01-L1-LOW-CAL-OFFICIAL-R2:4_PER_CLASS-MR00:VS:A4-C0-CORE,PhysioNetMI,RIEMANNIAN,A4-C2-MULTI-HARD-VOTE,6,45,0.5089285714285714,0.5178571428571428,-0.008928571428571397
P02-A4-PhysioNetMI-RIEMANNIAN-A4-C2-MULTI-HARD-VOTE-P01-L1-LOW-CAL-OFFICIAL-R2:4_PER_CLASS-MR00:VS:A4-C0-CORE,PhysioNetMI,RIEMANNIAN,A4-C2-MULTI-HARD-VOTE,71,45,0.5523715415019763,0.5296442687747036,0.022727272727272707
P02-A4-PhysioNetMI-RIEMANNIAN-A4-C2-MULTI-HARD-VOTE-P01-L1-LOW-CAL-OFFICIAL-R2:4_PER_CLASS-MR00:VS:A4-C0-CORE,PhysioNetMI,RIEMANNIAN,A4-C2-MULTI-HARD-VOTE,93,45,0.5,0.5,0.0
P02-A4-PhysioNetMI-RIEMANNIAN-A4-C2-MULTI-HARD-VOTE-P01-L1-LOW-CAL-OFFICIAL-R2:4_PER_CLASS-MR00:VS:A4-C0-CORE,PhysioNetMI,RIEMANNIAN,A4-C2-MULTI-HARD-VOTE,98,45,0.5,0.5,0.0
P02-A4-PhysioNetMI-RIEMANNIAN-A4-C3-MULTI-PROB-AVG-P01-L1-LOW-CAL-OFFICIAL-R2:4_PER_CLASS-MR00:VS:A4-C0-CORE,PhysioNetMI,RIEMANNIAN,A4-C3-MULTI-PROB-AVG,107,45,0.5208333333333334,0.5059523809523809,0.014880952380952439
P02-A4-PhysioNetMI-RIEMANNIAN-A4-C3-MULTI-PROB-AVG-P01-L1-LOW-CAL-OFFICIAL-R2:4_PER_CLASS-MR00:VS:A4-C0-CORE,PhysioNetMI,RIEMANNIAN,A4-C3-MULTI-PROB-AVG,27,45,0.5,0.5,0.0
P02-A4-PhysioNetMI-RIEMANNIAN-A4-C3-MULTI-PROB-AVG-P01-L1-LOW-CAL-OFFICIAL-R2:4_PER_CLASS-MR00:VS:A4-C0-CORE,PhysioNetMI,RIEMANNIAN,A4-C3-MULTI-PROB-AVG,39,45,0.5,0.5,0.0
P02-A4-PhysioNetMI-RIEMANNIAN-A4-C3-MULTI-PROB-AVG-P01-L1-LOW-CAL-OFFICIAL-R2:4_PER_CLASS-MR00:VS:A4-C0-CORE,PhysioNetMI,RIEMANNIAN,A4-C3-MULTI-PROB-AVG,40,45,0.5,0.5,0.0
P02-A4-PhysioNetMI-RIEMANNIAN-A4-C3-MULTI-PROB-AVG-P01-L1-LOW-CAL-OFFICIAL-R2:4_PER_CLASS-MR00:VS:A4-C0-CORE,PhysioNetMI,RIEMANNIAN,A4-C3-MULTI-PROB-AVG,47,45,0.5,0.5,0.0
P02-A4-PhysioNetMI-RIEMANNIAN-A4-C3-MULTI-PROB-AVG-P01-L1-LOW-CAL-OFFICIAL-R2:4_PER_CLASS-MR00:VS:A4-C0-CORE,PhysioNetMI,RIEMANNIAN,A4-C3-MULTI-PROB-AVG,48,45,0.5,0.5,0.0
P02-A4-PhysioNetMI-RIEMANNIAN-A4-C3-MULTI-PROB-AVG-P01-L1-LOW-CAL-OFFICIAL-R2:4_PER_CLASS-MR00:VS:A4-C0-CORE,PhysioNetMI,RIEMANNIAN,A4-C3-MULTI-PROB-AVG,57,45,0.5,0.5,0.0
P02-A4-PhysioNetMI-RIEMANNIAN-A4-C3-MULTI-PROB-AVG-P01-L1-LOW-CAL-OFFICIAL-R2:4_PER_CLASS-MR00:VS:A4-C0-CORE,PhysioNetMI,RIEMANNIAN,A4-C3-MULTI-PROB-AVG,6,45,0.5357142857142857,0.5178571428571428,0.017857142857142905
P02-A4-PhysioNetMI-RIEMANNIAN-A4-C3-MULTI-PROB-AVG-P01-L1-LOW-CAL-OFFICIAL-R2:4_PER_CLASS-MR00:VS:A4-C0-CORE,PhysioNetMI,RIEMANNIAN,A4-C3-MULTI-PROB-AVG,71,45,0.5523715415019763,0.5296442687747036,0.022727272727272707
P02-A4-PhysioNetMI-RIEMANNIAN-A4-C3-MULTI-PROB-AVG-P01-L1-LOW-CAL-OFFICIAL-R2:4_PER_CLASS-MR00:VS:A4-C0-CORE,PhysioNetMI,RIEMANNIAN,A4-C3-MULTI-PROB-AVG,93,45,0.5,0.5,0.0
P02-A4-PhysioNetMI-RIEMANNIAN-A4-C3-MULTI-PROB-AVG-P01-L1-LOW-CAL-OFFICIAL-R2:4_PER_CLASS-MR00:VS:A4-C0-CORE,PhysioNetMI,RIEMANNIAN,A4-C3-MULTI-PROB-AVG,98,45,0.5,0.5,0.0
P02-A4-PhysioNetMI-CLASSICAL-A4-C1-LONG-3P5S-P01-L1-LOW-CAL-OFFICIAL-R2:8_PER_CLASS-MR00:VS:A4-C0-CORE,PhysioNetMI,CLASSICAL,A4-C1-LONG-3P5S,107,45,0.5773809523809523,0.5059523809523809,0.0714285714285714
P02-A4-PhysioNetMI-CLASSICAL-A4-C1-LONG-3P5S-P01-L1-LOW-CAL-OFFICIAL-R2:8_PER_CLASS-MR00:VS:A4-C0-CORE,PhysioNetMI,CLASSICAL,A4-C1-LONG-3P5S,27,45,0.5830039525691699,0.607707509881423,-0.024703557312253044
P02-A4-PhysioNetMI-CLASSICAL-A4-C1-LONG-3P5S-P01-L1-LOW-CAL-OFFICIAL-R2:8_PER_CLASS-MR00:VS:A4-C0-CORE,PhysioNetMI,CLASSICAL,A4-C1-LONG-3P5S,39,45,0.5,0.5,0.0
P02-A4-PhysioNetMI-CLASSICAL-A4-C1-LONG-3P5S-P01-L1-LOW-CAL-OFFICIAL-R2:8_PER_CLASS-MR00:VS:A4-C0-CORE,PhysioNetMI,CLASSICAL,A4-C1-LONG-3P5S,40,45,0.4375,0.5,-0.0625
P02-A4-PhysioNetMI-CLASSICAL-A4-C1-LONG-3P5S-P01-L1-LOW-CAL-OFFICIAL-R2:8_PER_CLASS-MR00:VS:A4-C0-CORE,PhysioNetMI,CLASSICAL,A4-C1-LONG-3P5S,47,45,0.5,0.5,0.0
P02-A4-PhysioNetMI-CLASSICAL-A4-C1-LONG-3P5S-P01-L1-LOW-CAL-OFFICIAL-R2:8_PER_CLASS-MR00:VS:A4-C0-CORE,PhysioNetMI,CLASSICAL,A4-C1-LONG-3P5S,48,45,0.5,0.5,0.0
P02-A4-PhysioNetMI-CLASSICAL-A4-C1-LONG-3P5S-P01-L1-LOW-CAL-OFFICIAL-R2:8_PER_CLASS-MR00:VS:A4-C0-CORE,PhysioNetMI,CLASSICAL,A4-C1-LONG-3P5S,57,45,0.5505952380952381,0.5119047619047619,0.038690476190476275
P02-A4-PhysioNetMI-CLASSICAL-A4-C1-LONG-3P5S-P01-L1-LOW-CAL-OFFICIAL-R2:8_PER_CLASS-MR00:VS:A4-C0-CORE,PhysioNetMI,CLASSICAL,A4-C1-LONG-3P5S,6,45,0.4910714285714286,0.5119047619047619,-0.02083333333333326
P02-A4-PhysioNetMI-CLASSICAL-A4-C1-LONG-3P5S-P01-L1-LOW-CAL-OFFICIAL-R2:8_PER_CLASS-MR00:VS:A4-C0-CORE,PhysioNetMI,CLASSICAL,A4-C1-LONG-3P5S,71,45,0.4278656126482213,0.4496047430830039,-0.021739130434782594
P02-A4-PhysioNetMI-CLASSICAL-A4-C1-LONG-3P5S-P01-L1-LOW-CAL-OFFICIAL-R2:8_PER_CLASS-MR00:VS:A4-C0-CORE,PhysioNetMI,CLASSICAL,A4-C1-LONG-3P5S,93,45,0.5,0.5,0.0
P02-A4-PhysioNetMI-CLASSICAL-A4-C1-LONG-3P5S-P01-L1-LOW-CAL-OFFICIAL-R2:8_PER_CLASS-MR00:VS:A4-C0-CORE,PhysioNetMI,CLASSICAL,A4-C1-LONG-3P5S,98,45,0.5,0.5227272727272727,-0.022727272727272707
P02-A4-PhysioNetMI-CLASSICAL-A4-C2-MULTI-HARD-VOTE-P01-L1-LOW-CAL-OFFICIAL-R2:8_PER_CLASS-MR00:VS:A4-C0-CORE,PhysioNetMI,CLASSICAL,A4-C2-MULTI-HARD-VOTE,107,45,0.4732142857142857,0.5059523809523809,-0.03273809523809523
P02-A4-PhysioNetMI-CLASSICAL-A4-C2-MULTI-HARD-VOTE-P01-L1-LOW-CAL-OFFICIAL-R2:8_PER_CLASS-MR00:VS:A4-C0-CORE,PhysioNetMI,CLASSICAL,A4-C2-MULTI-HARD-VOTE,27,45,0.5424901185770751,0.607707509881423,-0.0652173913043479
P02-A4-PhysioNetMI-CLASSICAL-A4-C2-MULTI-HARD-VOTE-P01-L1-LOW-CAL-OFFICIAL-R2:8_PER_CLASS-MR00:VS:A4-C0-CORE,PhysioNetMI,CLASSICAL,A4-C2-MULTI-HARD-VOTE,39,45,0.5,0.5,0.0
P02-A4-PhysioNetMI-CLASSICAL-A4-C2-MULTI-HARD-VOTE-P01-L1-LOW-CAL-OFFICIAL-R2:8_PER_CLASS-MR00:VS:A4-C0-CORE,PhysioNetMI,CLASSICAL,A4-C2-MULTI-HARD-VOTE,40,45,0.5,0.5,0.0
P02-A4-PhysioNetMI-CLASSICAL-A4-C2-MULTI-HARD-VOTE-P01-L1-LOW-CAL-OFFICIAL-R2:8_PER_CLASS-MR00:VS:A4-C0-CORE,PhysioNetMI,CLASSICAL,A4-C2-MULTI-HARD-VOTE,47,45,0.5,0.5,0.0
P02-A4-PhysioNetMI-CLASSICAL-A4-C2-MULTI-HARD-VOTE-P01-L1-LOW-CAL-OFFICIAL-R2:8_PER_CLASS-MR00:VS:A4-C0-CORE,PhysioNetMI,CLASSICAL,A4-C2-MULTI-HARD-VOTE,48,45,0.5,0.5,0.0
P02-A4-PhysioNetMI-CLASSICAL-A4-C2-MULTI-HARD-VOTE-P01-L1-LOW-CAL-OFFICIAL-R2:8_PER_CLASS-MR00:VS:A4-C0-CORE,PhysioNetMI,CLASSICAL,A4-C2-MULTI-HARD-VOTE,57,45,0.5416666666666666,0.5119047619047619,0.029761904761904767
P02-A4-PhysioNetMI-CLASSICAL-A4-C2-MULTI-HARD-VOTE-P01-L1-LOW-CAL-OFFICIAL-R2:8_PER_CLASS-MR00:VS:A4-C0-CORE,PhysioNetMI,CLASSICAL,A4-C2-MULTI-HARD-VOTE,6,45,0.5119047619047619,0.5119047619047619,0.0
P02-A4-PhysioNetMI-CLASSICAL-A4-C2-MULTI-HARD-VOTE-P01-L1-LOW-CAL-OFFICIAL-R2:8_PER_CLASS-MR00:VS:A4-C0-CORE,PhysioNetMI,CLASSICAL,A4-C2-MULTI-HARD-VOTE,71,45,0.49308300395256915,0.4496047430830039,0.043478260869565244
P02-A4-PhysioNetMI-CLASSICAL-A4-C2-MULTI-HARD-VOTE-P01-L1-LOW-CAL-OFFICIAL-R2:8_PER_CLASS-MR00:VS:A4-C0-CORE,PhysioNetMI,CLASSICAL,A4-C2-MULTI-HARD-VOTE,93,45,0.5,0.5,0.0
P02-A4-PhysioNetMI-CLASSICAL-A4-C2-MULTI-HARD-VOTE-P01-L1-LOW-CAL-OFFICIAL-R2:8_PER_CLASS-MR00:VS:A4-C0-CORE,PhysioNetMI,CLASSICAL,A4-C2-MULTI-HARD-VOTE,98,45,0.5454545454545454,0.5227272727272727,0.022727272727272707
P02-A4-PhysioNetMI-CLASSICAL-A4-C3-MULTI-PROB-AVG-P01-L1-LOW-CAL-OFFICIAL-R2:8_PER_CLASS-MR00:VS:A4-C0-CORE,PhysioNetMI,CLASSICAL,A4-C3-MULTI-PROB-AVG,107,45,0.4553571428571429,0.5059523809523809,-0.050595238095238027
P02-A4-PhysioNetMI-CLASSICAL-A4-C3-MULTI-PROB-AVG-P01-L1-LOW-CAL-OFFICIAL-R2:8_PER_CLASS-MR00:VS:A4-C0-CORE,PhysioNetMI,CLASSICAL,A4-C3-MULTI-PROB-AVG,27,45,0.5434782608695652,0.607707509881423,-0.06422924901185778
P02-A4-PhysioNetMI-CLASSICAL-A4-C3-MULTI-PROB-AVG-P01-L1-LOW-CAL-OFFICIAL-R2:8_PER_CLASS-MR00:VS:A4-C0-CORE,PhysioNetMI,CLASSICAL,A4-C3-MULTI-PROB-AVG,39,45,0.5,0.5,0.0
P02-A4-PhysioNetMI-CLASSICAL-A4-C3-MULTI-PROB-AVG-P01-L1-LOW-CAL-OFFICIAL-R2:8_PER_CLASS-MR00:VS:A4-C0-CORE,PhysioNetMI,CLASSICAL,A4-C3-MULTI-PROB-AVG,40,45,0.5,0.5,0.0
P02-A4-PhysioNetMI-CLASSICAL-A4-C3-MULTI-PROB-AVG-P01-L1-LOW-CAL-OFFICIAL-R2:8_PER_CLASS-MR00:VS:A4-C0-CORE,PhysioNetMI,CLASSICAL,A4-C3-MULTI-PROB-AVG,47,45,0.5,0.5,0.0
P02-A4-PhysioNetMI-CLASSICAL-A4-C3-MULTI-PROB-AVG-P01-L1-LOW-CAL-OFFICIAL-R2:8_PER_CLASS-MR00:VS:A4-C0-CORE,PhysioNetMI,CLASSICAL,A4-C3-MULTI-PROB-AVG,48,45,0.5,0.5,0.0
P02-A4-PhysioNetMI-CLASSICAL-A4-C3-MULTI-PROB-AVG-P01-L1-LOW-CAL-OFFICIAL-R2:8_PER_CLASS-MR00:VS:A4-C0-CORE,PhysioNetMI,CLASSICAL,A4-C3-MULTI-PROB-AVG,57,45,0.5386904761904762,0.5119047619047619,0.0267857142857143
P02-A4-PhysioNetMI-CLASSICAL-A4-C3-MULTI-PROB-AVG-P01-L1-LOW-CAL-OFFICIAL-R2:8_PER_CLASS-MR00:VS:A4-C0-CORE,PhysioNetMI,CLASSICAL,A4-C3-MULTI-PROB-AVG,6,45,0.5119047619047619,0.5119047619047619,0.0
P02-A4-PhysioNetMI-CLASSICAL-A4-C3-MULTI-PROB-AVG-P01-L1-LOW-CAL-OFFICIAL-R2:8_PER_CLASS-MR00:VS:A4-C0-CORE,PhysioNetMI,CLASSICAL,A4-C3-MULTI-PROB-AVG,71,45,0.5148221343873518,0.4496047430830039,0.0652173913043479
P02-A4-PhysioNetMI-CLASSICAL-A4-C3-MULTI-PROB-AVG-P01-L1-LOW-CAL-OFFICIAL-R2:8_PER_CLASS-MR00:VS:A4-C0-CORE,PhysioNetMI,CLASSICAL,A4-C3-MULTI-PROB-AVG,93,45,0.5,0.5,0.0
P02-A4-PhysioNetMI-CLASSICAL-A4-C3-MULTI-PROB-AVG-P01-L1-LOW-CAL-OFFICIAL-R2:8_PER_CLASS-MR00:VS:A4-C0-CORE,PhysioNetMI,CLASSICAL,A4-C3-MULTI-PROB-AVG,98,45,0.5227272727272727,0.5227272727272727,0.0
P02-A4-PhysioNetMI-RIEMANNIAN-A4-C1-LONG-3P5S-P01-L1-LOW-CAL-OFFICIAL-R2:8_PER_CLASS-MR00:VS:A4-C0-CORE,PhysioNetMI,RIEMANNIAN,A4-C1-LONG-3P5S,107,45,0.5505952380952381,0.5267857142857143,0.023809523809523836
P02-A4-PhysioNetMI-RIEMANNIAN-A4-C1-LONG-3P5S-P01-L1-LOW-CAL-OFFICIAL-R2:8_PER_CLASS-MR00:VS:A4-C0-CORE,PhysioNetMI,RIEMANNIAN,A4-C1-LONG-3P5S,27,45,0.49703557312252966,0.5207509881422925,-0.02371541501976282
P02-A4-PhysioNetMI-RIEMANNIAN-A4-C1-LONG-3P5S-P01-L1-LOW-CAL-OFFICIAL-R2:8_PER_CLASS-MR00:VS:A4-C0-CORE,PhysioNetMI,RIEMANNIAN,A4-C1-LONG-3P5S,39,45,0.4288537549407115,0.4308300395256917,-0.0019762845849802257
P02-A4-PhysioNetMI-RIEMANNIAN-A4-C1-LONG-3P5S-P01-L1-LOW-CAL-OFFICIAL-R2:8_PER_CLASS-MR00:VS:A4-C0-CORE,PhysioNetMI,RIEMANNIAN,A4-C1-LONG-3P5S,40,45,0.5,0.5,0.0
P02-A4-PhysioNetMI-RIEMANNIAN-A4-C1-LONG-3P5S-P01-L1-LOW-CAL-OFFICIAL-R2:8_PER_CLASS-MR00:VS:A4-C0-CORE,PhysioNetMI,RIEMANNIAN,A4-C1-LONG-3P5S,47,45,0.5,0.5,0.0
P02-A4-PhysioNetMI-RIEMANNIAN-A4-C1-LONG-3P5S-P01-L1-LOW-CAL-OFFICIAL-R2:8_PER_CLASS-MR00:VS:A4-C0-CORE,PhysioNetMI,RIEMANNIAN,A4-C1-LONG-3P5S,48,45,0.5,0.5,0.0
P02-A4-PhysioNetMI-RIEMANNIAN-A4-C1-LONG-3P5S-P01-L1-LOW-CAL-OFFICIAL-R2:8_PER_CLASS-MR00:VS:A4-C0-CORE,PhysioNetMI,RIEMANNIAN,A4-C1-LONG-3P5S,57,45,0.5,0.5,0.0
P02-A4-PhysioNetMI-RIEMANNIAN-A4-C1-LONG-3P5S-P01-L1-LOW-CAL-OFFICIAL-R2:8_PER_CLASS-MR00:VS:A4-C0-CORE,PhysioNetMI,RIEMANNIAN,A4-C1-LONG-3P5S,6,45,0.49107142857142855,0.5089285714285714,-0.01785714285714285
P02-A4-PhysioNetMI-RIEMANNIAN-A4-C1-LONG-3P5S-P01-L1-LOW-CAL-OFFICIAL-R2:8_PER_CLASS-MR00:VS:A4-C0-CORE,PhysioNetMI,RIEMANNIAN,A4-C1-LONG-3P5S,71,45,0.49209486166007904,0.5573122529644269,-0.06521739130434784
P02-A4-PhysioNetMI-RIEMANNIAN-A4-C1-LONG-3P5S-P01-L1-LOW-CAL-OFFICIAL-R2:8_PER_CLASS-MR00:VS:A4-C0-CORE,PhysioNetMI,RIEMANNIAN,A4-C1-LONG-3P5S,93,45,0.5,0.5,0.0
P02-A4-PhysioNetMI-RIEMANNIAN-A4-C1-LONG-3P5S-P01-L1-LOW-CAL-OFFICIAL-R2:8_PER_CLASS-MR00:VS:A4-C0-CORE,PhysioNetMI,RIEMANNIAN,A4-C1-LONG-3P5S,98,45,0.4841897233201581,0.48320158102766797,0.0009881422924901129
P02-A4-PhysioNetMI-RIEMANNIAN-A4-C2-MULTI-HARD-VOTE-P01-L1-LOW-CAL-OFFICIAL-R2:8_PER_CLASS-MR00:VS:A4-C0-CORE,PhysioNetMI,RIEMANNIAN,A4-C2-MULTI-HARD-VOTE,107,45,0.5476190476190476,0.5267857142857143,0.02083333333333326
P02-A4-PhysioNetMI-RIEMANNIAN-A4-C2-MULTI-HARD-VOTE-P01-L1-LOW-CAL-OFFICIAL-R2:8_PER_CLASS-MR00:VS:A4-C0-CORE,PhysioNetMI,RIEMANNIAN,A4-C2-MULTI-HARD-VOTE,27,45,0.5424901185770751,0.5207509881422925,0.021739130434782594
P02-A4-PhysioNetMI-RIEMANNIAN-A4-C2-MULTI-HARD-VOTE-P01-L1-LOW-CAL-OFFICIAL-R2:8_PER_CLASS-MR00:VS:A4-C0-CORE,PhysioNetMI,RIEMANNIAN,A4-C2-MULTI-HARD-VOTE,39,45,0.45454545454545453,0.4308300395256917,0.02371541501976282
P02-A4-PhysioNetMI-RIEMANNIAN-A4-C2-MULTI-HARD-VOTE-P01-L1-LOW-CAL-OFFICIAL-R2:8_PER_CLASS-MR00:VS:A4-C0-CORE,PhysioNetMI,RIEMANNIAN,A4-C2-MULTI-HARD-VOTE,40,45,0.5,0.5,0.0
P02-A4-PhysioNetMI-RIEMANNIAN-A4-C2-MULTI-HARD-VOTE-P01-L1-LOW-CAL-OFFICIAL-R2:8_PER_CLASS-MR00:VS:A4-C0-CORE,PhysioNetMI,RIEMANNIAN,A4-C2-MULTI-HARD-VOTE,47,45,0.5,0.5,0.0
P02-A4-PhysioNetMI-RIEMANNIAN-A4-C2-MULTI-HARD-VOTE-P01-L1-LOW-CAL-OFFICIAL-R2:8_PER_CLASS-MR00:VS:A4-C0-CORE,PhysioNetMI,RIEMANNIAN,A4-C2-MULTI-HARD-VOTE,48,45,0.5,0.5,0.0
P02-A4-PhysioNetMI-RIEMANNIAN-A4-C2-MULTI-HARD-VOTE-P01-L1-LOW-CAL-OFFICIAL-R2:8_PER_CLASS-MR00:VS:A4-C0-CORE,PhysioNetMI,RIEMANNIAN,A4-C2-MULTI-HARD-VOTE,57,45,0.5,0.5,0.0
P02-A4-PhysioNetMI-RIEMANNIAN-A4-C2-MULTI-HARD-VOTE-P01-L1-LOW-CAL-OFFICIAL-R2:8_PER_CLASS-MR00:VS:A4-C0-CORE,PhysioNetMI,RIEMANNIAN,A4-C2-MULTI-HARD-VOTE,6,45,0.5416666666666666,0.5089285714285714,0.03273809523809523
P02-A4-PhysioNetMI-RIEMANNIAN-A4-C2-MULTI-HARD-VOTE-P01-L1-LOW-CAL-OFFICIAL-R2:8_PER_CLASS-MR00:VS:A4-C0-CORE,PhysioNetMI,RIEMANNIAN,A4-C2-MULTI-HARD-VOTE,71,45,0.5138339920948617,0.5573122529644269,-0.04347826086956519
P02-A4-PhysioNetMI-RIEMANNIAN-A4-C2-MULTI-HARD-VOTE-P01-L1-LOW-CAL-OFFICIAL-R2:8_PER_CLASS-MR00:VS:A4-C0-CORE,PhysioNetMI,RIEMANNIAN,A4-C2-MULTI-HARD-VOTE,93,45,0.5,0.5,0.0
P02-A4-PhysioNetMI-RIEMANNIAN-A4-C2-MULTI-HARD-VOTE-P01-L1-LOW-CAL-OFFICIAL-R2:8_PER_CLASS-MR00:VS:A4-C0-CORE,PhysioNetMI,RIEMANNIAN,A4-C2-MULTI-HARD-VOTE,98,45,0.47924901185770746,0.48320158102766797,-0.003952569169960507
P02-A4-PhysioNetMI-RIEMANNIAN-A4-C3-MULTI-PROB-AVG-P01-L1-LOW-CAL-OFFICIAL-R2:8_PER_CLASS-MR00:VS:A4-C0-CORE,PhysioNetMI,RIEMANNIAN,A4-C3-MULTI-PROB-AVG,107,45,0.5297619047619048,0.5267857142857143,0.0029761904761904656
P02-A4-PhysioNetMI-RIEMANNIAN-A4-C3-MULTI-PROB-AVG-P01-L1-LOW-CAL-OFFICIAL-R2:8_PER_CLASS-MR00:VS:A4-C0-CORE,PhysioNetMI,RIEMANNIAN,A4-C3-MULTI-PROB-AVG,27,45,0.541501976284585,0.5207509881422925,0.02075098814229248
P02-A4-PhysioNetMI-RIEMANNIAN-A4-C3-MULTI-PROB-AVG-P01-L1-LOW-CAL-OFFICIAL-R2:8_PER_CLASS-MR00:VS:A4-C0-CORE,PhysioNetMI,RIEMANNIAN,A4-C3-MULTI-PROB-AVG,39,45,0.45454545454545453,0.4308300395256917,0.02371541501976282
P02-A4-PhysioNetMI-RIEMANNIAN-A4-C3-MULTI-PROB-AVG-P01-L1-LOW-CAL-OFFICIAL-R2:8_PER_CLASS-MR00:VS:A4-C0-CORE,PhysioNetMI,RIEMANNIAN,A4-C3-MULTI-PROB-AVG,40,45,0.5,0.5,0.0
P02-A4-PhysioNetMI-RIEMANNIAN-A4-C3-MULTI-PROB-AVG-P01-L1-LOW-CAL-OFFICIAL-R2:8_PER_CLASS-MR00:VS:A4-C0-CORE,PhysioNetMI,RIEMANNIAN,A4-C3-MULTI-PROB-AVG,47,45,0.5,0.5,0.0
P02-A4-PhysioNetMI-RIEMANNIAN-A4-C3-MULTI-PROB-AVG-P01-L1-LOW-CAL-OFFICIAL-R2:8_PER_CLASS-MR00:VS:A4-C0-CORE,PhysioNetMI,RIEMANNIAN,A4-C3-MULTI-PROB-AVG,48,45,0.5,0.5,0.0
P02-A4-PhysioNetMI-RIEMANNIAN-A4-C3-MULTI-PROB-AVG-P01-L1-LOW-CAL-OFFICIAL-R2:8_PER_CLASS-MR00:VS:A4-C0-CORE,PhysioNetMI,RIEMANNIAN,A4-C3-MULTI-PROB-AVG,57,45,0.5,0.5,0.0
P02-A4-PhysioNetMI-RIEMANNIAN-A4-C3-MULTI-PROB-AVG-P01-L1-LOW-CAL-OFFICIAL-R2:8_PER_CLASS-MR00:VS:A4-C0-CORE,PhysioNetMI,RIEMANNIAN,A4-C3-MULTI-PROB-AVG,6,45,0.49404761904761907,0.5089285714285714,-0.014880952380952328
P02-A4-PhysioNetMI-RIEMANNIAN-A4-C3-MULTI-PROB-AVG-P01-L1-LOW-CAL-OFFICIAL-R2:8_PER_CLASS-MR00:VS:A4-C0-CORE,PhysioNetMI,RIEMANNIAN,A4-C3-MULTI-PROB-AVG,71,45,0.5138339920948617,0.5573122529644269,-0.04347826086956519
P02-A4-PhysioNetMI-RIEMANNIAN-A4-C3-MULTI-PROB-AVG-P01-L1-LOW-CAL-OFFICIAL-R2:8_PER_CLASS-MR00:VS:A4-C0-CORE,PhysioNetMI,RIEMANNIAN,A4-C3-MULTI-PROB-AVG,93,45,0.5,0.5,0.0
P02-A4-PhysioNetMI-RIEMANNIAN-A4-C3-MULTI-PROB-AVG-P01-L1-LOW-CAL-OFFICIAL-R2:8_PER_CLASS-MR00:VS:A4-C0-CORE,PhysioNetMI,RIEMANNIAN,A4-C3-MULTI-PROB-AVG,98,45,0.47924901185770746,0.48320158102766797,-0.003952569169960507
P02-A4-PhysioNetMI-NEURAL-A4-C1-LONG-3P5S-P01-L1-LOW-CAL-OFFICIAL-R2:8_PER_CLASS-MR00:VS:A4-C0-CORE,PhysioNetMI,NEURAL,A4-C1-LONG-3P5S,107,45,0.5,0.5,0.0
P02-A4-PhysioNetMI-NEURAL-A4-C1-LONG-3P5S-P01-L1-LOW-CAL-OFFICIAL-R2:8_PER_CLASS-MR00:VS:A4-C0-CORE,PhysioNetMI,NEURAL,A4-C1-LONG-3P5S,27,45,0.5,0.5,0.0
P02-A4-PhysioNetMI-NEURAL-A4-C1-LONG-3P5S-P01-L1-LOW-CAL-OFFICIAL-R2:8_PER_CLASS-MR00:VS:A4-C0-CORE,PhysioNetMI,NEURAL,A4-C1-LONG-3P5S,39,45,0.5,0.5,0.0
P02-A4-PhysioNetMI-NEURAL-A4-C1-LONG-3P5S-P01-L1-LOW-CAL-OFFICIAL-R2:8_PER_CLASS-MR00:VS:A4-C0-CORE,PhysioNetMI,NEURAL,A4-C1-LONG-3P5S,40,45,0.5,0.5,0.0
P02-A4-PhysioNetMI-NEURAL-A4-C1-LONG-3P5S-P01-L1-LOW-CAL-OFFICIAL-R2:8_PER_CLASS-MR00:VS:A4-C0-CORE,PhysioNetMI,NEURAL,A4-C1-LONG-3P5S,47,45,0.5,0.5,0.0
P02-A4-PhysioNetMI-NEURAL-A4-C1-LONG-3P5S-P01-L1-LOW-CAL-OFFICIAL-R2:8_PER_CLASS-MR00:VS:A4-C0-CORE,PhysioNetMI,NEURAL,A4-C1-LONG-3P5S,48,45,0.45454545454545453,0.5,-0.04545454545454547
P02-A4-PhysioNetMI-NEURAL-A4-C1-LONG-3P5S-P01-L1-LOW-CAL-OFFICIAL-R2:8_PER_CLASS-MR00:VS:A4-C0-CORE,PhysioNetMI,NEURAL,A4-C1-LONG-3P5S,57,45,0.5,0.5,0.0
P02-A4-PhysioNetMI-NEURAL-A4-C1-LONG-3P5S-P01-L1-LOW-CAL-OFFICIAL-R2:8_PER_CLASS-MR00:VS:A4-C0-CORE,PhysioNetMI,NEURAL,A4-C1-LONG-3P5S,6,45,0.5,0.5,0.0
P02-A4-PhysioNetMI-NEURAL-A4-C1-LONG-3P5S-P01-L1-LOW-CAL-OFFICIAL-R2:8_PER_CLASS-MR00:VS:A4-C0-CORE,PhysioNetMI,NEURAL,A4-C1-LONG-3P5S,71,45,0.5,0.5,0.0
P02-A4-PhysioNetMI-NEURAL-A4-C1-LONG-3P5S-P01-L1-LOW-CAL-OFFICIAL-R2:8_PER_CLASS-MR00:VS:A4-C0-CORE,PhysioNetMI,NEURAL,A4-C1-LONG-3P5S,93,45,0.5,0.5,0.0
P02-A4-PhysioNetMI-NEURAL-A4-C1-LONG-3P5S-P01-L1-LOW-CAL-OFFICIAL-R2:8_PER_CLASS-MR00:VS:A4-C0-CORE,PhysioNetMI,NEURAL,A4-C1-LONG-3P5S,98,45,0.5,0.5,0.0
P02-A4-PhysioNetMI-NEURAL-A4-C2-MULTI-HARD-VOTE-P01-L1-LOW-CAL-OFFICIAL-R2:8_PER_CLASS-MR00:VS:A4-C0-CORE,PhysioNetMI,NEURAL,A4-C2-MULTI-HARD-VOTE,107,45,0.5,0.5,0.0
P02-A4-PhysioNetMI-NEURAL-A4-C2-MULTI-HARD-VOTE-P01-L1-LOW-CAL-OFFICIAL-R2:8_PER_CLASS-MR00:VS:A4-C0-CORE,PhysioNetMI,NEURAL,A4-C2-MULTI-HARD-VOTE,27,45,0.45652173913043476,0.5,-0.043478260869565244
P02-A4-PhysioNetMI-NEURAL-A4-C2-MULTI-HARD-VOTE-P01-L1-LOW-CAL-OFFICIAL-R2:8_PER_CLASS-MR00:VS:A4-C0-CORE,PhysioNetMI,NEURAL,A4-C2-MULTI-HARD-VOTE,39,45,0.5286561264822134,0.5,0.028656126482213384
P02-A4-PhysioNetMI-NEURAL-A4-C2-MULTI-HARD-VOTE-P01-L1-LOW-CAL-OFFICIAL-R2:8_PER_CLASS-MR00:VS:A4-C0-CORE,PhysioNetMI,NEURAL,A4-C2-MULTI-HARD-VOTE,40,45,0.5,0.5,0.0
P02-A4-PhysioNetMI-NEURAL-A4-C2-MULTI-HARD-VOTE-P01-L1-LOW-CAL-OFFICIAL-R2:8_PER_CLASS-MR00:VS:A4-C0-CORE,PhysioNetMI,NEURAL,A4-C2-MULTI-HARD-VOTE,47,45,0.5,0.5,0.0
P02-A4-PhysioNetMI-NEURAL-A4-C2-MULTI-HARD-VOTE-P01-L1-LOW-CAL-OFFICIAL-R2:8_PER_CLASS-MR00:VS:A4-C0-CORE,PhysioNetMI,NEURAL,A4-C2-MULTI-HARD-VOTE,48,45,0.48023715415019763,0.5,-0.01976284584980237
P02-A4-PhysioNetMI-NEURAL-A4-C2-MULTI-HARD-VOTE-P01-L1-LOW-CAL-OFFICIAL-R2:8_PER_CLASS-MR00:VS:A4-C0-CORE,PhysioNetMI,NEURAL,A4-C2-MULTI-HARD-VOTE,57,45,0.5,0.5,0.0
P02-A4-PhysioNetMI-NEURAL-A4-C2-MULTI-HARD-VOTE-P01-L1-LOW-CAL-OFFICIAL-R2:8_PER_CLASS-MR00:VS:A4-C0-CORE,PhysioNetMI,NEURAL,A4-C2-MULTI-HARD-VOTE,6,45,0.5,0.5,0.0
P02-A4-PhysioNetMI-NEURAL-A4-C2-MULTI-HARD-VOTE-P01-L1-LOW-CAL-OFFICIAL-R2:8_PER_CLASS-MR00:VS:A4-C0-CORE,PhysioNetMI,NEURAL,A4-C2-MULTI-HARD-VOTE,71,45,0.5,0.5,0.0
P02-A4-PhysioNetMI-NEURAL-A4-C2-MULTI-HARD-VOTE-P01-L1-LOW-CAL-OFFICIAL-R2:8_PER_CLASS-MR00:VS:A4-C0-CORE,PhysioNetMI,NEURAL,A4-C2-MULTI-HARD-VOTE,93,45,0.5,0.5,0.0
P02-A4-PhysioNetMI-NEURAL-A4-C2-MULTI-HARD-VOTE-P01-L1-LOW-CAL-OFFICIAL-R2:8_PER_CLASS-MR00:VS:A4-C0-CORE,PhysioNetMI,NEURAL,A4-C2-MULTI-HARD-VOTE,98,45,0.5,0.5,0.0
P02-A4-PhysioNetMI-NEURAL-A4-C3-MULTI-PROB-AVG-P01-L1-LOW-CAL-OFFICIAL-R2:8_PER_CLASS-MR00:VS:A4-C0-CORE,PhysioNetMI,NEURAL,A4-C3-MULTI-PROB-AVG,107,45,0.5,0.5,0.0
P02-A4-PhysioNetMI-NEURAL-A4-C3-MULTI-PROB-AVG-P01-L1-LOW-CAL-OFFICIAL-R2:8_PER_CLASS-MR00:VS:A4-C0-CORE,PhysioNetMI,NEURAL,A4-C3-MULTI-PROB-AVG,27,45,0.5701581027667983,0.5,0.07015810276679835
P02-A4-PhysioNetMI-NEURAL-A4-C3-MULTI-PROB-AVG-P01-L1-LOW-CAL-OFFICIAL-R2:8_PER_CLASS-MR00:VS:A4-C0-CORE,PhysioNetMI,NEURAL,A4-C3-MULTI-PROB-AVG,39,45,0.44565217391304346,0.5,-0.05434782608695654
P02-A4-PhysioNetMI-NEURAL-A4-C3-MULTI-PROB-AVG-P01-L1-LOW-CAL-OFFICIAL-R2:8_PER_CLASS-MR00:VS:A4-C0-CORE,PhysioNetMI,NEURAL,A4-C3-MULTI-PROB-AVG,40,45,0.5,0.5,0.0
P02-A4-PhysioNetMI-NEURAL-A4-C3-MULTI-PROB-AVG-P01-L1-LOW-CAL-OFFICIAL-R2:8_PER_CLASS-MR00:VS:A4-C0-CORE,PhysioNetMI,NEURAL,A4-C3-MULTI-PROB-AVG,47,45,0.5,0.5,0.0
P02-A4-PhysioNetMI-NEURAL-A4-C3-MULTI-PROB-AVG-P01-L1-LOW-CAL-OFFICIAL-R2:8_PER_CLASS-MR00:VS:A4-C0-CORE,PhysioNetMI,NEURAL,A4-C3-MULTI-PROB-AVG,48,45,0.4782608695652174,0.5,-0.021739130434782594
P02-A4-PhysioNetMI-NEURAL-A4-C3-MULTI-PROB-AVG-P01-L1-LOW-CAL-OFFICIAL-R2:8_PER_CLASS-MR00:VS:A4-C0-CORE,PhysioNetMI,NEURAL,A4-C3-MULTI-PROB-AVG,57,45,0.5,0.5,0.0
P02-A4-PhysioNetMI-NEURAL-A4-C3-MULTI-PROB-AVG-P01-L1-LOW-CAL-OFFICIAL-R2:8_PER_CLASS-MR00:VS:A4-C0-CORE,PhysioNetMI,NEURAL,A4-C3-MULTI-PROB-AVG,6,45,0.5,0.5,0.0
P02-A4-PhysioNetMI-NEURAL-A4-C3-MULTI-PROB-AVG-P01-L1-LOW-CAL-OFFICIAL-R2:8_PER_CLASS-MR00:VS:A4-C0-CORE,PhysioNetMI,NEURAL,A4-C3-MULTI-PROB-AVG,71,45,0.5,0.5,0.0
P02-A4-PhysioNetMI-NEURAL-A4-C3-MULTI-PROB-AVG-P01-L1-LOW-CAL-OFFICIAL-R2:8_PER_CLASS-MR00:VS:A4-C0-CORE,PhysioNetMI,NEURAL,A4-C3-MULTI-PROB-AVG,93,45,0.5,0.5,0.0
P02-A4-PhysioNetMI-NEURAL-A4-C3-MULTI-PROB-AVG-P01-L1-LOW-CAL-OFFICIAL-R2:8_PER_CLASS-MR00:VS:A4-C0-CORE,PhysioNetMI,NEURAL,A4-C3-MULTI-PROB-AVG,98,45,0.5,0.5,0.0
P02-A4-PhysioNetMI-SSL-A4-C2-MULTI-HARD-VOTE-P01-L1-LOW-CAL-OFFICIAL-R2:8_PER_CLASS-MR00:VS:A4-C0-CORE,PhysioNetMI,SSL,A4-C2-MULTI-HARD-VOTE,107,45,0.49702380952380953,0.5208333333333333,-0.023809523809523725
P02-A4-PhysioNetMI-SSL-A4-C2-MULTI-HARD-VOTE-P01-L1-LOW-CAL-OFFICIAL-R2:8_PER_CLASS-MR00:VS:A4-C0-CORE,PhysioNetMI,SSL,A4-C2-MULTI-HARD-VOTE,27,45,0.4486166007905138,0.5128458498023716,-0.06422924901185778
P02-A4-PhysioNetMI-SSL-A4-C2-MULTI-HARD-VOTE-P01-L1-LOW-CAL-OFFICIAL-R2:8_PER_CLASS-MR00:VS:A4-C0-CORE,PhysioNetMI,SSL,A4-C2-MULTI-HARD-VOTE,39,45,0.40711462450592883,0.47430830039525695,-0.06719367588932812
P02-A4-PhysioNetMI-SSL-A4-C2-MULTI-HARD-VOTE-P01-L1-LOW-CAL-OFFICIAL-R2:8_PER_CLASS-MR00:VS:A4-C0-CORE,PhysioNetMI,SSL,A4-C2-MULTI-HARD-VOTE,40,45,0.48511904761904756,0.5982142857142857,-0.11309523809523814
P02-A4-PhysioNetMI-SSL-A4-C2-MULTI-HARD-VOTE-P01-L1-LOW-CAL-OFFICIAL-R2:8_PER_CLASS-MR00:VS:A4-C0-CORE,PhysioNetMI,SSL,A4-C2-MULTI-HARD-VOTE,47,45,0.4166666666666667,0.46130952380952384,-0.04464285714285715
P02-A4-PhysioNetMI-SSL-A4-C2-MULTI-HARD-VOTE-P01-L1-LOW-CAL-OFFICIAL-R2:8_PER_CLASS-MR00:VS:A4-C0-CORE,PhysioNetMI,SSL,A4-C2-MULTI-HARD-VOTE,48,45,0.5474308300395256,0.46047430830039526,0.08695652173913038
P02-A4-PhysioNetMI-SSL-A4-C2-MULTI-HARD-VOTE-P01-L1-LOW-CAL-OFFICIAL-R2:8_PER_CLASS-MR00:VS:A4-C0-CORE,PhysioNetMI,SSL,A4-C2-MULTI-HARD-VOTE,57,45,0.4583333333333333,0.4851190476190476,-0.0267857142857143
P02-A4-PhysioNetMI-SSL-A4-C2-MULTI-HARD-VOTE-P01-L1-LOW-CAL-OFFICIAL-R2:8_PER_CLASS-MR00:VS:A4-C0-CORE,PhysioNetMI,SSL,A4-C2-MULTI-HARD-VOTE,6,45,0.47619047619047616,0.5476190476190476,-0.0714285714285714
P02-A4-PhysioNetMI-SSL-A4-C2-MULTI-HARD-VOTE-P01-L1-LOW-CAL-OFFICIAL-R2:8_PER_CLASS-MR00:VS:A4-C0-CORE,PhysioNetMI,SSL,A4-C2-MULTI-HARD-VOTE,71,45,0.5059288537549407,0.3932806324110672,0.11264822134387348
P02-A4-PhysioNetMI-SSL-A4-C2-MULTI-HARD-VOTE-P01-L1-LOW-CAL-OFFICIAL-R2:8_PER_CLASS-MR00:VS:A4-C0-CORE,PhysioNetMI,SSL,A4-C2-MULTI-HARD-VOTE,93,45,0.5513833992094861,0.5968379446640316,-0.045454545454545525
P02-A4-PhysioNetMI-SSL-A4-C2-MULTI-HARD-VOTE-P01-L1-LOW-CAL-OFFICIAL-R2:8_PER_CLASS-MR00:VS:A4-C0-CORE,PhysioNetMI,SSL,A4-C2-MULTI-HARD-VOTE,98,45,0.39624505928853754,0.4624505928853755,-0.06620553359683795
P02-A4-PhysioNetMI-SSL-A4-C3-MULTI-PROB-AVG-P01-L1-LOW-CAL-OFFICIAL-R2:8_PER_CLASS-MR00:VS:A4-C0-CORE,PhysioNetMI,SSL,A4-C3-MULTI-PROB-AVG,107,45,0.5,0.5208333333333333,-0.02083333333333326
P02-A4-PhysioNetMI-SSL-A4-C3-MULTI-PROB-AVG-P01-L1-LOW-CAL-OFFICIAL-R2:8_PER_CLASS-MR00:VS:A4-C0-CORE,PhysioNetMI,SSL,A4-C3-MULTI-PROB-AVG,27,45,0.5602766798418972,0.5128458498023716,0.04743083003952564
P02-A4-PhysioNetMI-SSL-A4-C3-MULTI-PROB-AVG-P01-L1-LOW-CAL-OFFICIAL-R2:8_PER_CLASS-MR00:VS:A4-C0-CORE,PhysioNetMI,SSL,A4-C3-MULTI-PROB-AVG,39,45,0.4535573122529644,0.47430830039525695,-0.020750988142292537
P02-A4-PhysioNetMI-SSL-A4-C3-MULTI-PROB-AVG-P01-L1-LOW-CAL-OFFICIAL-R2:8_PER_CLASS-MR00:VS:A4-C0-CORE,PhysioNetMI,SSL,A4-C3-MULTI-PROB-AVG,40,45,0.5476190476190476,0.5982142857142857,-0.05059523809523814
P02-A4-PhysioNetMI-SSL-A4-C3-MULTI-PROB-AVG-P01-L1-LOW-CAL-OFFICIAL-R2:8_PER_CLASS-MR00:VS:A4-C0-CORE,PhysioNetMI,SSL,A4-C3-MULTI-PROB-AVG,47,45,0.4166666666666667,0.46130952380952384,-0.04464285714285715
P02-A4-PhysioNetMI-SSL-A4-C3-MULTI-PROB-AVG-P01-L1-LOW-CAL-OFFICIAL-R2:8_PER_CLASS-MR00:VS:A4-C0-CORE,PhysioNetMI,SSL,A4-C3-MULTI-PROB-AVG,48,45,0.4357707509881423,0.46047430830039526,-0.02470355731225299
P02-A4-PhysioNetMI-SSL-A4-C3-MULTI-PROB-AVG-P01-L1-LOW-CAL-OFFICIAL-R2:8_PER_CLASS-MR00:VS:A4-C0-CORE,PhysioNetMI,SSL,A4-C3-MULTI-PROB-AVG,57,45,0.4880952380952381,0.4851190476190476,0.0029761904761904656
P02-A4-PhysioNetMI-SSL-A4-C3-MULTI-PROB-AVG-P01-L1-LOW-CAL-OFFICIAL-R2:8_PER_CLASS-MR00:VS:A4-C0-CORE,PhysioNetMI,SSL,A4-C3-MULTI-PROB-AVG,6,45,0.49702380952380953,0.5476190476190476,-0.050595238095238027
P02-A4-PhysioNetMI-SSL-A4-C3-MULTI-PROB-AVG-P01-L1-LOW-CAL-OFFICIAL-R2:8_PER_CLASS-MR00:VS:A4-C0-CORE,PhysioNetMI,SSL,A4-C3-MULTI-PROB-AVG,71,45,0.5266798418972332,0.3932806324110672,0.13339920948616596
P02-A4-PhysioNetMI-SSL-A4-C3-MULTI-PROB-AVG-P01-L1-LOW-CAL-OFFICIAL-R2:8_PER_CLASS-MR00:VS:A4-C0-CORE,PhysioNetMI,SSL,A4-C3-MULTI-PROB-AVG,93,45,0.6610671936758893,0.5968379446640316,0.06422924901185767
P02-A4-PhysioNetMI-SSL-A4-C3-MULTI-PROB-AVG-P01-L1-LOW-CAL-OFFICIAL-R2:8_PER_CLASS-MR00:VS:A4-C0-CORE,PhysioNetMI,SSL,A4-C3-MULTI-PROB-AVG,98,45,0.39624505928853754,0.4624505928853755,-0.06620553359683795
P02-A4-PhysioNetMI-CLASSICAL-A4-C1-LONG-3P5S-P01-L1-LOW-CAL-OFFICIAL-R2:16_PER_CLASS-MR00:VS:A4-C0-CORE,PhysioNetMI,CLASSICAL,A4-C1-LONG-3P5S,107,45,0.4910714285714286,0.5386904761904762,-0.04761904761904756
P02-A4-PhysioNetMI-CLASSICAL-A4-C1-LONG-3P5S-P01-L1-LOW-CAL-OFFICIAL-R2:16_PER_CLASS-MR00:VS:A4-C0-CORE,PhysioNetMI,CLASSICAL,A4-C1-LONG-3P5S,27,45,0.5563241106719368,0.5978260869565217,-0.04150197628458496
P02-A4-PhysioNetMI-CLASSICAL-A4-C1-LONG-3P5S-P01-L1-LOW-CAL-OFFICIAL-R2:16_PER_CLASS-MR00:VS:A4-C0-CORE,PhysioNetMI,CLASSICAL,A4-C1-LONG-3P5S,39,45,0.5523715415019763,0.558300395256917,-0.005928853754940677
P02-A4-PhysioNetMI-CLASSICAL-A4-C1-LONG-3P5S-P01-L1-LOW-CAL-OFFICIAL-R2:16_PER_CLASS-MR00:VS:A4-C0-CORE,PhysioNetMI,CLASSICAL,A4-C1-LONG-3P5S,40,45,0.47619047619047616,0.5,-0.023809523809523836
P02-A4-PhysioNetMI-CLASSICAL-A4-C1-LONG-3P5S-P01-L1-LOW-CAL-OFFICIAL-R2:16_PER_CLASS-MR00:VS:A4-C0-CORE,PhysioNetMI,CLASSICAL,A4-C1-LONG-3P5S,47,45,0.5,0.5,0.0
P02-A4-PhysioNetMI-CLASSICAL-A4-C1-LONG-3P5S-P01-L1-LOW-CAL-OFFICIAL-R2:16_PER_CLASS-MR00:VS:A4-C0-CORE,PhysioNetMI,CLASSICAL,A4-C1-LONG-3P5S,48,45,0.5039525691699605,0.48122529644268774,0.022727272727272707
P02-A4-PhysioNetMI-CLASSICAL-A4-C1-LONG-3P5S-P01-L1-LOW-CAL-OFFICIAL-R2:16_PER_CLASS-MR00:VS:A4-C0-CORE,PhysioNetMI,CLASSICAL,A4-C1-LONG-3P5S,57,45,0.5744047619047619,0.5476190476190476,0.0267857142857143
P02-A4-PhysioNetMI-CLASSICAL-A4-C1-LONG-3P5S-P01-L1-LOW-CAL-OFFICIAL-R2:16_PER_CLASS-MR00:VS:A4-C0-CORE,PhysioNetMI,CLASSICAL,A4-C1-LONG-3P5S,6,45,0.49404761904761907,0.5297619047619048,-0.0357142857142857
P02-A4-PhysioNetMI-CLASSICAL-A4-C1-LONG-3P5S-P01-L1-LOW-CAL-OFFICIAL-R2:16_PER_CLASS-MR00:VS:A4-C0-CORE,PhysioNetMI,CLASSICAL,A4-C1-LONG-3P5S,71,45,0.6027667984189724,0.5405138339920948,0.062252964426877555
P02-A4-PhysioNetMI-CLASSICAL-A4-C1-LONG-3P5S-P01-L1-LOW-CAL-OFFICIAL-R2:16_PER_CLASS-MR00:VS:A4-C0-CORE,PhysioNetMI,CLASSICAL,A4-C1-LONG-3P5S,93,45,0.5,0.5,0.0
P02-A4-PhysioNetMI-CLASSICAL-A4-C1-LONG-3P5S-P01-L1-LOW-CAL-OFFICIAL-R2:16_PER_CLASS-MR00:VS:A4-C0-CORE,PhysioNetMI,CLASSICAL,A4-C1-LONG-3P5S,98,45,0.5,0.5,0.0
P02-A4-PhysioNetMI-CLASSICAL-A4-C2-MULTI-HARD-VOTE-P01-L1-LOW-CAL-OFFICIAL-R2:16_PER_CLASS-MR00:VS:A4-C0-CORE,PhysioNetMI,CLASSICAL,A4-C2-MULTI-HARD-VOTE,107,45,0.4583333333333333,0.5386904761904762,-0.08035714285714285
P02-A4-PhysioNetMI-CLASSICAL-A4-C2-MULTI-HARD-VOTE-P01-L1-LOW-CAL-OFFICIAL-R2:16_PER_CLASS-MR00:VS:A4-C0-CORE,PhysioNetMI,CLASSICAL,A4-C2-MULTI-HARD-VOTE,27,45,0.5513833992094861,0.5978260869565217,-0.04644268774703564
P02-A4-PhysioNetMI-CLASSICAL-A4-C2-MULTI-HARD-VOTE-P01-L1-LOW-CAL-OFFICIAL-R2:16_PER_CLASS-MR00:VS:A4-C0-CORE,PhysioNetMI,CLASSICAL,A4-C2-MULTI-HARD-VOTE,39,45,0.48814229249011853,0.558300395256917,-0.07015810276679846
P02-A4-PhysioNetMI-CLASSICAL-A4-C2-MULTI-HARD-VOTE-P01-L1-LOW-CAL-OFFICIAL-R2:16_PER_CLASS-MR00:VS:A4-C0-CORE,PhysioNetMI,CLASSICAL,A4-C2-MULTI-HARD-VOTE,40,45,0.5,0.5,0.0
P02-A4-PhysioNetMI-CLASSICAL-A4-C2-MULTI-HARD-VOTE-P01-L1-LOW-CAL-OFFICIAL-R2:16_PER_CLASS-MR00:VS:A4-C0-CORE,PhysioNetMI,CLASSICAL,A4-C2-MULTI-HARD-VOTE,47,45,0.5,0.5,0.0
P02-A4-PhysioNetMI-CLASSICAL-A4-C2-MULTI-HARD-VOTE-P01-L1-LOW-CAL-OFFICIAL-R2:16_PER_CLASS-MR00:VS:A4-C0-CORE,PhysioNetMI,CLASSICAL,A4-C2-MULTI-HARD-VOTE,48,45,0.5227272727272727,0.48122529644268774,0.04150197628458496
P02-A4-PhysioNetMI-CLASSICAL-A4-C2-MULTI-HARD-VOTE-P01-L1-LOW-CAL-OFFICIAL-R2:16_PER_CLASS-MR00:VS:A4-C0-CORE,PhysioNetMI,CLASSICAL,A4-C2-MULTI-HARD-VOTE,57,45,0.5,0.5476190476190476,-0.04761904761904756
P02-A4-PhysioNetMI-CLASSICAL-A4-C2-MULTI-HARD-VOTE-P01-L1-LOW-CAL-OFFICIAL-R2:16_PER_CLASS-MR00:VS:A4-C0-CORE,PhysioNetMI,CLASSICAL,A4-C2-MULTI-HARD-VOTE,6,45,0.5833333333333334,0.5297619047619048,0.0535714285714286
P02-A4-PhysioNetMI-CLASSICAL-A4-C2-MULTI-HARD-VOTE-P01-L1-LOW-CAL-OFFICIAL-R2:16_PER_CLASS-MR00:VS:A4-C0-CORE,PhysioNetMI,CLASSICAL,A4-C2-MULTI-HARD-VOTE,71,45,0.5849802371541502,0.5405138339920948,0.0444664031620553
P02-A4-PhysioNetMI-CLASSICAL-A4-C2-MULTI-HARD-VOTE-P01-L1-LOW-CAL-OFFICIAL-R2:16_PER_CLASS-MR00:VS:A4-C0-CORE,PhysioNetMI,CLASSICAL,A4-C2-MULTI-HARD-VOTE,93,45,0.5227272727272727,0.5,0.022727272727272707
P02-A4-PhysioNetMI-CLASSICAL-A4-C2-MULTI-HARD-VOTE-P01-L1-LOW-CAL-OFFICIAL-R2:16_PER_CLASS-MR00:VS:A4-C0-CORE,PhysioNetMI,CLASSICAL,A4-C2-MULTI-HARD-VOTE,98,45,0.5,0.5,0.0
P02-A4-PhysioNetMI-CLASSICAL-A4-C3-MULTI-PROB-AVG-P01-L1-LOW-CAL-OFFICIAL-R2:16_PER_CLASS-MR00:VS:A4-C0-CORE,PhysioNetMI,CLASSICAL,A4-C3-MULTI-PROB-AVG,107,45,0.4583333333333333,0.5386904761904762,-0.08035714285714285
P02-A4-PhysioNetMI-CLASSICAL-A4-C3-MULTI-PROB-AVG-P01-L1-LOW-CAL-OFFICIAL-R2:16_PER_CLASS-MR00:VS:A4-C0-CORE,PhysioNetMI,CLASSICAL,A4-C3-MULTI-PROB-AVG,27,45,0.6175889328063241,0.5978260869565217,0.01976284584980237
P02-A4-PhysioNetMI-CLASSICAL-A4-C3-MULTI-PROB-AVG-P01-L1-LOW-CAL-OFFICIAL-R2:16_PER_CLASS-MR00:VS:A4-C0-CORE,PhysioNetMI,CLASSICAL,A4-C3-MULTI-PROB-AVG,39,45,0.5335968379446641,0.558300395256917,-0.024703557312252933
P02-A4-PhysioNetMI-CLASSICAL-A4-C3-MULTI-PROB-AVG-P01-L1-LOW-CAL-OFFICIAL-R2:16_PER_CLASS-MR00:VS:A4-C0-CORE,PhysioNetMI,CLASSICAL,A4-C3-MULTI-PROB-AVG,40,45,0.5,0.5,0.0
P02-A4-PhysioNetMI-CLASSICAL-A4-C3-MULTI-PROB-AVG-P01-L1-LOW-CAL-OFFICIAL-R2:16_PER_CLASS-MR00:VS:A4-C0-CORE,PhysioNetMI,CLASSICAL,A4-C3-MULTI-PROB-AVG,47,45,0.5,0.5,0.0
P02-A4-PhysioNetMI-CLASSICAL-A4-C3-MULTI-PROB-AVG-P01-L1-LOW-CAL-OFFICIAL-R2:16_PER_CLASS-MR00:VS:A4-C0-CORE,PhysioNetMI,CLASSICAL,A4-C3-MULTI-PROB-AVG,48,45,0.5,0.48122529644268774,0.018774703557312256
P02-A4-PhysioNetMI-CLASSICAL-A4-C3-MULTI-PROB-AVG-P01-L1-LOW-CAL-OFFICIAL-R2:16_PER_CLASS-MR00:VS:A4-C0-CORE,PhysioNetMI,CLASSICAL,A4-C3-MULTI-PROB-AVG,57,45,0.5,0.5476190476190476,-0.04761904761904756
P02-A4-PhysioNetMI-CLASSICAL-A4-C3-MULTI-PROB-AVG-P01-L1-LOW-CAL-OFFICIAL-R2:16_PER_CLASS-MR00:VS:A4-C0-CORE,PhysioNetMI,CLASSICAL,A4-C3-MULTI-PROB-AVG,6,45,0.5595238095238095,0.5297619047619048,0.029761904761904767
P02-A4-PhysioNetMI-CLASSICAL-A4-C3-MULTI-PROB-AVG-P01-L1-LOW-CAL-OFFICIAL-R2:16_PER_CLASS-MR00:VS:A4-C0-CORE,PhysioNetMI,CLASSICAL,A4-C3-MULTI-PROB-AVG,71,45,0.5424901185770751,0.5405138339920948,0.0019762845849802257
P02-A4-PhysioNetMI-CLASSICAL-A4-C3-MULTI-PROB-AVG-P01-L1-LOW-CAL-OFFICIAL-R2:16_PER_CLASS-MR00:VS:A4-C0-CORE,PhysioNetMI,CLASSICAL,A4-C3-MULTI-PROB-AVG,93,45,0.5454545454545454,0.5,0.045454545454545414
P02-A4-PhysioNetMI-CLASSICAL-A4-C3-MULTI-PROB-AVG-P01-L1-LOW-CAL-OFFICIAL-R2:16_PER_CLASS-MR00:VS:A4-C0-CORE,PhysioNetMI,CLASSICAL,A4-C3-MULTI-PROB-AVG,98,45,0.5,0.5,0.0
P02-A4-PhysioNetMI-RIEMANNIAN-A4-C1-LONG-3P5S-P01-L1-LOW-CAL-OFFICIAL-R2:16_PER_CLASS-MR00:VS:A4-C0-CORE,PhysioNetMI,RIEMANNIAN,A4-C1-LONG-3P5S,107,45,0.46130952380952384,0.5416666666666666,-0.0803571428571428
P02-A4-PhysioNetMI-RIEMANNIAN-A4-C1-LONG-3P5S-P01-L1-LOW-CAL-OFFICIAL-R2:16_PER_CLASS-MR00:VS:A4-C0-CORE,PhysioNetMI,RIEMANNIAN,A4-C1-LONG-3P5S,27,45,0.6640316205533596,0.6245059288537549,0.03952569169960474
P02-A4-PhysioNetMI-RIEMANNIAN-A4-C1-LONG-3P5S-P01-L1-LOW-CAL-OFFICIAL-R2:16_PER_CLASS-MR00:VS:A4-C0-CORE,PhysioNetMI,RIEMANNIAN,A4-C1-LONG-3P5S,39,45,0.48221343873517786,0.41897233201581024,0.06324110671936761
P02-A4-PhysioNetMI-RIEMANNIAN-A4-C1-LONG-3P5S-P01-L1-LOW-CAL-OFFICIAL-R2:16_PER_CLASS-MR00:VS:A4-C0-CORE,PhysioNetMI,RIEMANNIAN,A4-C1-LONG-3P5S,40,45,0.5,0.5,0.0
P02-A4-PhysioNetMI-RIEMANNIAN-A4-C1-LONG-3P5S-P01-L1-LOW-CAL-OFFICIAL-R2:16_PER_CLASS-MR00:VS:A4-C0-CORE,PhysioNetMI,RIEMANNIAN,A4-C1-LONG-3P5S,47,45,0.5,0.5,0.0
P02-A4-PhysioNetMI-RIEMANNIAN-A4-C1-LONG-3P5S-P01-L1-LOW-CAL-OFFICIAL-R2:16_PER_CLASS-MR00:VS:A4-C0-CORE,PhysioNetMI,RIEMANNIAN,A4-C1-LONG-3P5S,48,45,0.708498023715415,0.6403162055335968,0.06818181818181823
P02-A4-PhysioNetMI-RIEMANNIAN-A4-C1-LONG-3P5S-P01-L1-LOW-CAL-OFFICIAL-R2:16_PER_CLASS-MR00:VS:A4-C0-CORE,PhysioNetMI,RIEMANNIAN,A4-C1-LONG-3P5S,57,45,0.47619047619047616,0.47619047619047616,0.0
P02-A4-PhysioNetMI-RIEMANNIAN-A4-C1-LONG-3P5S-P01-L1-LOW-CAL-OFFICIAL-R2:16_PER_CLASS-MR00:VS:A4-C0-CORE,PhysioNetMI,RIEMANNIAN,A4-C1-LONG-3P5S,6,45,0.5,0.5,0.0
P02-A4-PhysioNetMI-RIEMANNIAN-A4-C1-LONG-3P5S-P01-L1-LOW-CAL-OFFICIAL-R2:16_PER_CLASS-MR00:VS:A4-C0-CORE,PhysioNetMI,RIEMANNIAN,A4-C1-LONG-3P5S,71,45,0.6294466403162056,0.6719367588932806,-0.042490118577075076
P02-A4-PhysioNetMI-RIEMANNIAN-A4-C1-LONG-3P5S-P01-L1-LOW-CAL-OFFICIAL-R2:16_PER_CLASS-MR00:VS:A4-C0-CORE,PhysioNetMI,RIEMANNIAN,A4-C1-LONG-3P5S,93,45,0.5869565217391304,0.5869565217391304,0.0
P02-A4-PhysioNetMI-RIEMANNIAN-A4-C1-LONG-3P5S-P01-L1-LOW-CAL-OFFICIAL-R2:16_PER_CLASS-MR00:VS:A4-C0-CORE,PhysioNetMI,RIEMANNIAN,A4-C1-LONG-3P5S,98,45,0.5286561264822134,0.5988142292490118,-0.07015810276679846
P02-A4-PhysioNetMI-RIEMANNIAN-A4-C2-MULTI-HARD-VOTE-P01-L1-LOW-CAL-OFFICIAL-R2:16_PER_CLASS-MR00:VS:A4-C0-CORE,PhysioNetMI,RIEMANNIAN,A4-C2-MULTI-HARD-VOTE,107,45,0.4375,0.5416666666666666,-0.10416666666666663
P02-A4-PhysioNetMI-RIEMANNIAN-A4-C2-MULTI-HARD-VOTE-P01-L1-LOW-CAL-OFFICIAL-R2:16_PER_CLASS-MR00:VS:A4-C0-CORE,PhysioNetMI,RIEMANNIAN,A4-C2-MULTI-HARD-VOTE,27,45,0.6442687747035574,0.6245059288537549,0.01976284584980248
P02-A4-PhysioNetMI-RIEMANNIAN-A4-C2-MULTI-HARD-VOTE-P01-L1-LOW-CAL-OFFICIAL-R2:16_PER_CLASS-MR00:VS:A4-C0-CORE,PhysioNetMI,RIEMANNIAN,A4-C2-MULTI-HARD-VOTE,39,45,0.37944664031620556,0.41897233201581024,-0.03952569169960468
P02-A4-PhysioNetMI-RIEMANNIAN-A4-C2-MULTI-HARD-VOTE-P01-L1-LOW-CAL-OFFICIAL-R2:16_PER_CLASS-MR00:VS:A4-C0-CORE,PhysioNetMI,RIEMANNIAN,A4-C2-MULTI-HARD-VOTE,40,45,0.49404761904761907,0.5,-0.005952380952380931
P02-A4-PhysioNetMI-RIEMANNIAN-A4-C2-MULTI-HARD-VOTE-P01-L1-LOW-CAL-OFFICIAL-R2:16_PER_CLASS-MR00:VS:A4-C0-CORE,PhysioNetMI,RIEMANNIAN,A4-C2-MULTI-HARD-VOTE,47,45,0.5,0.5,0.0
P02-A4-PhysioNetMI-RIEMANNIAN-A4-C2-MULTI-HARD-VOTE-P01-L1-LOW-CAL-OFFICIAL-R2:16_PER_CLASS-MR00:VS:A4-C0-CORE,PhysioNetMI,RIEMANNIAN,A4-C2-MULTI-HARD-VOTE,48,45,0.6393280632411067,0.6403162055335968,-0.0009881422924901129
P02-A4-PhysioNetMI-RIEMANNIAN-A4-C2-MULTI-HARD-VOTE-P01-L1-LOW-CAL-OFFICIAL-R2:16_PER_CLASS-MR00:VS:A4-C0-CORE,PhysioNetMI,RIEMANNIAN,A4-C2-MULTI-HARD-VOTE,57,45,0.4970238095238095,0.47619047619047616,0.020833333333333315
P02-A4-PhysioNetMI-RIEMANNIAN-A4-C2-MULTI-HARD-VOTE-P01-L1-LOW-CAL-OFFICIAL-R2:16_PER_CLASS-MR00:VS:A4-C0-CORE,PhysioNetMI,RIEMANNIAN,A4-C2-MULTI-HARD-VOTE,6,45,0.5,0.5,0.0
P02-A4-PhysioNetMI-RIEMANNIAN-A4-C2-MULTI-HARD-VOTE-P01-L1-LOW-CAL-OFFICIAL-R2:16_PER_CLASS-MR00:VS:A4-C0-CORE,PhysioNetMI,RIEMANNIAN,A4-C2-MULTI-HARD-VOTE,71,45,0.6511857707509882,0.6719367588932806,-0.02075098814229248
P02-A4-PhysioNetMI-RIEMANNIAN-A4-C2-MULTI-HARD-VOTE-P01-L1-LOW-CAL-OFFICIAL-R2:16_PER_CLASS-MR00:VS:A4-C0-CORE,PhysioNetMI,RIEMANNIAN,A4-C2-MULTI-HARD-VOTE,93,45,0.5869565217391304,0.5869565217391304,0.0
P02-A4-PhysioNetMI-RIEMANNIAN-A4-C2-MULTI-HARD-VOTE-P01-L1-LOW-CAL-OFFICIAL-R2:16_PER_CLASS-MR00:VS:A4-C0-CORE,PhysioNetMI,RIEMANNIAN,A4-C2-MULTI-HARD-VOTE,98,45,0.5711462450592886,0.5988142292490118,-0.02766798418972327
P02-A4-PhysioNetMI-RIEMANNIAN-A4-C3-MULTI-PROB-AVG-P01-L1-LOW-CAL-OFFICIAL-R2:16_PER_CLASS-MR00:VS:A4-C0-CORE,PhysioNetMI,RIEMANNIAN,A4-C3-MULTI-PROB-AVG,107,45,0.41666666666666663,0.5416666666666666,-0.125
P02-A4-PhysioNetMI-RIEMANNIAN-A4-C3-MULTI-PROB-AVG-P01-L1-LOW-CAL-OFFICIAL-R2:16_PER_CLASS-MR00:VS:A4-C0-CORE,PhysioNetMI,RIEMANNIAN,A4-C3-MULTI-PROB-AVG,27,45,0.599802371541502,0.6245059288537549,-0.024703557312252933
P02-A4-PhysioNetMI-RIEMANNIAN-A4-C3-MULTI-PROB-AVG-P01-L1-LOW-CAL-OFFICIAL-R2:16_PER_CLASS-MR00:VS:A4-C0-CORE,PhysioNetMI,RIEMANNIAN,A4-C3-MULTI-PROB-AVG,39,45,0.4209486166007905,0.41897233201581024,0.0019762845849802813
P02-A4-PhysioNetMI-RIEMANNIAN-A4-C3-MULTI-PROB-AVG-P01-L1-LOW-CAL-OFFICIAL-R2:16_PER_CLASS-MR00:VS:A4-C0-CORE,PhysioNetMI,RIEMANNIAN,A4-C3-MULTI-PROB-AVG,40,45,0.4732142857142857,0.5,-0.0267857142857143
P02-A4-PhysioNetMI-RIEMANNIAN-A4-C3-MULTI-PROB-AVG-P01-L1-LOW-CAL-OFFICIAL-R2:16_PER_CLASS-MR00:VS:A4-C0-CORE,PhysioNetMI,RIEMANNIAN,A4-C3-MULTI-PROB-AVG,47,45,0.5,0.5,0.0
P02-A4-PhysioNetMI-RIEMANNIAN-A4-C3-MULTI-PROB-AVG-P01-L1-LOW-CAL-OFFICIAL-R2:16_PER_CLASS-MR00:VS:A4-C0-CORE,PhysioNetMI,RIEMANNIAN,A4-C3-MULTI-PROB-AVG,48,45,0.7075098814229248,0.6403162055335968,0.06719367588932801
P02-A4-PhysioNetMI-RIEMANNIAN-A4-C3-MULTI-PROB-AVG-P01-L1-LOW-CAL-OFFICIAL-R2:16_PER_CLASS-MR00:VS:A4-C0-CORE,PhysioNetMI,RIEMANNIAN,A4-C3-MULTI-PROB-AVG,57,45,0.47619047619047616,0.47619047619047616,0.0
P02-A4-PhysioNetMI-RIEMANNIAN-A4-C3-MULTI-PROB-AVG-P01-L1-LOW-CAL-OFFICIAL-R2:16_PER_CLASS-MR00:VS:A4-C0-CORE,PhysioNetMI,RIEMANNIAN,A4-C3-MULTI-PROB-AVG,6,45,0.5,0.5,0.0
P02-A4-PhysioNetMI-RIEMANNIAN-A4-C3-MULTI-PROB-AVG-P01-L1-LOW-CAL-OFFICIAL-R2:16_PER_CLASS-MR00:VS:A4-C0-CORE,PhysioNetMI,RIEMANNIAN,A4-C3-MULTI-PROB-AVG,71,45,0.6739130434782609,0.6719367588932806,0.0019762845849802257
P02-A4-PhysioNetMI-RIEMANNIAN-A4-C3-MULTI-PROB-AVG-P01-L1-LOW-CAL-OFFICIAL-R2:16_PER_CLASS-MR00:VS:A4-C0-CORE,PhysioNetMI,RIEMANNIAN,A4-C3-MULTI-PROB-AVG,93,45,0.6304347826086957,0.5869565217391304,0.0434782608695653
P02-A4-PhysioNetMI-RIEMANNIAN-A4-C3-MULTI-PROB-AVG-P01-L1-LOW-CAL-OFFICIAL-R2:16_PER_CLASS-MR00:VS:A4-C0-CORE,PhysioNetMI,RIEMANNIAN,A4-C3-MULTI-PROB-AVG,98,45,0.48221343873517786,0.5988142292490118,-0.11660079051383399
P02-A4-PhysioNetMI-CLASSICAL-A4-C1-LONG-3P5S-P01-L1-LOW-CAL-OFFICIAL-R2:32_PER_CLASS-MR00:VS:A4-C0-CORE,PhysioNetMI,CLASSICAL,A4-C1-LONG-3P5S,107,45,0.6071428571428572,0.5,0.1071428571428572
P02-A4-PhysioNetMI-CLASSICAL-A4-C1-LONG-3P5S-P01-L1-LOW-CAL-OFFICIAL-R2:32_PER_CLASS-MR00:VS:A4-C0-CORE,PhysioNetMI,CLASSICAL,A4-C1-LONG-3P5S,27,45,0.5642292490118577,0.4990118577075099,0.06521739130434778
P02-A4-PhysioNetMI-CLASSICAL-A4-C1-LONG-3P5S-P01-L1-LOW-CAL-OFFICIAL-R2:32_PER_CLASS-MR00:VS:A4-C0-CORE,PhysioNetMI,CLASSICAL,A4-C1-LONG-3P5S,39,45,0.4762845849802371,0.5642292490118577,-0.08794466403162055
P02-A4-PhysioNetMI-CLASSICAL-A4-C1-LONG-3P5S-P01-L1-LOW-CAL-OFFICIAL-R2:32_PER_CLASS-MR00:VS:A4-C0-CORE,PhysioNetMI,CLASSICAL,A4-C1-LONG-3P5S,40,45,0.5238095238095238,0.5059523809523809,0.017857142857142905
P02-A4-PhysioNetMI-CLASSICAL-A4-C1-LONG-3P5S-P01-L1-LOW-CAL-OFFICIAL-R2:32_PER_CLASS-MR00:VS:A4-C0-CORE,PhysioNetMI,CLASSICAL,A4-C1-LONG-3P5S,47,45,0.5,0.5,0.0
P02-A4-PhysioNetMI-CLASSICAL-A4-C1-LONG-3P5S-P01-L1-LOW-CAL-OFFICIAL-R2:32_PER_CLASS-MR00:VS:A4-C0-CORE,PhysioNetMI,CLASSICAL,A4-C1-LONG-3P5S,48,45,0.3715415019762846,0.4614624505928854,-0.08992094861660077
P02-A4-PhysioNetMI-CLASSICAL-A4-C1-LONG-3P5S-P01-L1-LOW-CAL-OFFICIAL-R2:32_PER_CLASS-MR00:VS:A4-C0-CORE,PhysioNetMI,CLASSICAL,A4-C1-LONG-3P5S,57,45,0.5178571428571428,0.4970238095238095,0.020833333333333315
P02-A4-PhysioNetMI-CLASSICAL-A4-C1-LONG-3P5S-P01-L1-LOW-CAL-OFFICIAL-R2:32_PER_CLASS-MR00:VS:A4-C0-CORE,PhysioNetMI,CLASSICAL,A4-C1-LONG-3P5S,6,45,0.5,0.4791666666666667,0.020833333333333315
P02-A4-PhysioNetMI-CLASSICAL-A4-C1-LONG-3P5S-P01-L1-LOW-CAL-OFFICIAL-R2:32_PER_CLASS-MR00:VS:A4-C0-CORE,PhysioNetMI,CLASSICAL,A4-C1-LONG-3P5S,71,45,0.47035573122529645,0.5158102766798419,-0.04545454545454547
P02-A4-PhysioNetMI-CLASSICAL-A4-C1-LONG-3P5S-P01-L1-LOW-CAL-OFFICIAL-R2:32_PER_CLASS-MR00:VS:A4-C0-CORE,PhysioNetMI,CLASSICAL,A4-C1-LONG-3P5S,93,45,0.42984189723320154,0.4515810276679842,-0.02173913043478265
P02-A4-PhysioNetMI-CLASSICAL-A4-C1-LONG-3P5S-P01-L1-LOW-CAL-OFFICIAL-R2:32_PER_CLASS-MR00:VS:A4-C0-CORE,PhysioNetMI,CLASSICAL,A4-C1-LONG-3P5S,98,45,0.5,0.5,0.0
P02-A4-PhysioNetMI-CLASSICAL-A4-C2-MULTI-HARD-VOTE-P01-L1-LOW-CAL-OFFICIAL-R2:32_PER_CLASS-MR00:VS:A4-C0-CORE,PhysioNetMI,CLASSICAL,A4-C2-MULTI-HARD-VOTE,107,45,0.48511904761904756,0.5,-0.014880952380952439
P02-A4-PhysioNetMI-CLASSICAL-A4-C2-MULTI-HARD-VOTE-P01-L1-LOW-CAL-OFFICIAL-R2:32_PER_CLASS-MR00:VS:A4-C0-CORE,PhysioNetMI,CLASSICAL,A4-C2-MULTI-HARD-VOTE,27,45,0.4990118577075099,0.4990118577075099,0.0
P02-A4-PhysioNetMI-CLASSICAL-A4-C2-MULTI-HARD-VOTE-P01-L1-LOW-CAL-OFFICIAL-R2:32_PER_CLASS-MR00:VS:A4-C0-CORE,PhysioNetMI,CLASSICAL,A4-C2-MULTI-HARD-VOTE,39,45,0.4762845849802371,0.5642292490118577,-0.08794466403162055
P02-A4-PhysioNetMI-CLASSICAL-A4-C2-MULTI-HARD-VOTE-P01-L1-LOW-CAL-OFFICIAL-R2:32_PER_CLASS-MR00:VS:A4-C0-CORE,PhysioNetMI,CLASSICAL,A4-C2-MULTI-HARD-VOTE,40,45,0.43154761904761907,0.5059523809523809,-0.07440476190476186
P02-A4-PhysioNetMI-CLASSICAL-A4-C2-MULTI-HARD-VOTE-P01-L1-LOW-CAL-OFFICIAL-R2:32_PER_CLASS-MR00:VS:A4-C0-CORE,PhysioNetMI,CLASSICAL,A4-C2-MULTI-HARD-VOTE,47,45,0.4375,0.5,-0.0625
P02-A4-PhysioNetMI-CLASSICAL-A4-C2-MULTI-HARD-VOTE-P01-L1-LOW-CAL-OFFICIAL-R2:32_PER_CLASS-MR00:VS:A4-C0-CORE,PhysioNetMI,CLASSICAL,A4-C2-MULTI-HARD-VOTE,48,45,0.5335968379446641,0.4614624505928854,0.07213438735177868
P02-A4-PhysioNetMI-CLASSICAL-A4-C2-MULTI-HARD-VOTE-P01-L1-LOW-CAL-OFFICIAL-R2:32_PER_CLASS-MR00:VS:A4-C0-CORE,PhysioNetMI,CLASSICAL,A4-C2-MULTI-HARD-VOTE,57,45,0.5,0.4970238095238095,0.002976190476190521
P02-A4-PhysioNetMI-CLASSICAL-A4-C2-MULTI-HARD-VOTE-P01-L1-LOW-CAL-OFFICIAL-R2:32_PER_CLASS-MR00:VS:A4-C0-CORE,PhysioNetMI,CLASSICAL,A4-C2-MULTI-HARD-VOTE,6,45,0.5,0.4791666666666667,0.020833333333333315
P02-A4-PhysioNetMI-CLASSICAL-A4-C2-MULTI-HARD-VOTE-P01-L1-LOW-CAL-OFFICIAL-R2:32_PER_CLASS-MR00:VS:A4-C0-CORE,PhysioNetMI,CLASSICAL,A4-C2-MULTI-HARD-VOTE,71,45,0.5592885375494071,0.5158102766798419,0.04347826086956519
P02-A4-PhysioNetMI-CLASSICAL-A4-C2-MULTI-HARD-VOTE-P01-L1-LOW-CAL-OFFICIAL-R2:32_PER_CLASS-MR00:VS:A4-C0-CORE,PhysioNetMI,CLASSICAL,A4-C2-MULTI-HARD-VOTE,93,45,0.5,0.4515810276679842,0.04841897233201581
P02-A4-PhysioNetMI-CLASSICAL-A4-C2-MULTI-HARD-VOTE-P01-L1-LOW-CAL-OFFICIAL-R2:32_PER_CLASS-MR00:VS:A4-C0-CORE,PhysioNetMI,CLASSICAL,A4-C2-MULTI-HARD-VOTE,98,45,0.5009881422924901,0.5,0.0009881422924901129
P02-A4-PhysioNetMI-CLASSICAL-A4-C3-MULTI-PROB-AVG-P01-L1-LOW-CAL-OFFICIAL-R2:32_PER_CLASS-MR00:VS:A4-C0-CORE,PhysioNetMI,CLASSICAL,A4-C3-MULTI-PROB-AVG,107,45,0.5416666666666666,0.5,0.04166666666666663
P02-A4-PhysioNetMI-CLASSICAL-A4-C3-MULTI-PROB-AVG-P01-L1-LOW-CAL-OFFICIAL-R2:32_PER_CLASS-MR00:VS:A4-C0-CORE,PhysioNetMI,CLASSICAL,A4-C3-MULTI-PROB-AVG,27,45,0.5,0.4990118577075099,0.0009881422924901129
P02-A4-PhysioNetMI-CLASSICAL-A4-C3-MULTI-PROB-AVG-P01-L1-LOW-CAL-OFFICIAL-R2:32_PER_CLASS-MR00:VS:A4-C0-CORE,PhysioNetMI,CLASSICAL,A4-C3-MULTI-PROB-AVG,39,45,0.5,0.5642292490118577,-0.06422924901185767
P02-A4-PhysioNetMI-CLASSICAL-A4-C3-MULTI-PROB-AVG-P01-L1-LOW-CAL-OFFICIAL-R2:32_PER_CLASS-MR00:VS:A4-C0-CORE,PhysioNetMI,CLASSICAL,A4-C3-MULTI-PROB-AVG,40,45,0.43154761904761907,0.5059523809523809,-0.07440476190476186
P02-A4-PhysioNetMI-CLASSICAL-A4-C3-MULTI-PROB-AVG-P01-L1-LOW-CAL-OFFICIAL-R2:32_PER_CLASS-MR00:VS:A4-C0-CORE,PhysioNetMI,CLASSICAL,A4-C3-MULTI-PROB-AVG,47,45,0.5,0.5,0.0
P02-A4-PhysioNetMI-CLASSICAL-A4-C3-MULTI-PROB-AVG-P01-L1-LOW-CAL-OFFICIAL-R2:32_PER_CLASS-MR00:VS:A4-C0-CORE,PhysioNetMI,CLASSICAL,A4-C3-MULTI-PROB-AVG,48,45,0.4654150197628458,0.4614624505928854,0.0039525691699604515
P02-A4-PhysioNetMI-CLASSICAL-A4-C3-MULTI-PROB-AVG-P01-L1-LOW-CAL-OFFICIAL-R2:32_PER_CLASS-MR00:VS:A4-C0-CORE,PhysioNetMI,CLASSICAL,A4-C3-MULTI-PROB-AVG,57,45,0.5,0.4970238095238095,0.002976190476190521
P02-A4-PhysioNetMI-CLASSICAL-A4-C3-MULTI-PROB-AVG-P01-L1-LOW-CAL-OFFICIAL-R2:32_PER_CLASS-MR00:VS:A4-C0-CORE,PhysioNetMI,CLASSICAL,A4-C3-MULTI-PROB-AVG,6,45,0.5178571428571428,0.4791666666666667,0.03869047619047611
P02-A4-PhysioNetMI-CLASSICAL-A4-C3-MULTI-PROB-AVG-P01-L1-LOW-CAL-OFFICIAL-R2:32_PER_CLASS-MR00:VS:A4-C0-CORE,PhysioNetMI,CLASSICAL,A4-C3-MULTI-PROB-AVG,71,45,0.47035573122529645,0.5158102766798419,-0.04545454545454547
P02-A4-PhysioNetMI-CLASSICAL-A4-C3-MULTI-PROB-AVG-P01-L1-LOW-CAL-OFFICIAL-R2:32_PER_CLASS-MR00:VS:A4-C0-CORE,PhysioNetMI,CLASSICAL,A4-C3-MULTI-PROB-AVG,93,45,0.5,0.4515810276679842,0.04841897233201581
P02-A4-PhysioNetMI-CLASSICAL-A4-C3-MULTI-PROB-AVG-P01-L1-LOW-CAL-OFFICIAL-R2:32_PER_CLASS-MR00:VS:A4-C0-CORE,PhysioNetMI,CLASSICAL,A4-C3-MULTI-PROB-AVG,98,45,0.5,0.5,0.0
P02-A4-PhysioNetMI-RIEMANNIAN-A4-C1-LONG-3P5S-P01-L1-LOW-CAL-OFFICIAL-R2:32_PER_CLASS-MR00:VS:A4-C0-CORE,PhysioNetMI,RIEMANNIAN,A4-C1-LONG-3P5S,107,45,0.46428571428571425,0.44345238095238093,0.020833333333333315
P02-A4-PhysioNetMI-RIEMANNIAN-A4-C1-LONG-3P5S-P01-L1-LOW-CAL-OFFICIAL-R2:32_PER_CLASS-MR00:VS:A4-C0-CORE,PhysioNetMI,RIEMANNIAN,A4-C1-LONG-3P5S,27,45,0.5849802371541502,0.4980237154150198,0.08695652173913038
P02-A4-PhysioNetMI-RIEMANNIAN-A4-C1-LONG-3P5S-P01-L1-LOW-CAL-OFFICIAL-R2:32_PER_CLASS-MR00:VS:A4-C0-CORE,PhysioNetMI,RIEMANNIAN,A4-C1-LONG-3P5S,39,45,0.42391304347826086,0.47529644268774707,-0.0513833992094862
P02-A4-PhysioNetMI-RIEMANNIAN-A4-C1-LONG-3P5S-P01-L1-LOW-CAL-OFFICIAL-R2:32_PER_CLASS-MR00:VS:A4-C0-CORE,PhysioNetMI,RIEMANNIAN,A4-C1-LONG-3P5S,40,45,0.625,0.40773809523809523,0.21726190476190477
P02-A4-PhysioNetMI-RIEMANNIAN-A4-C1-LONG-3P5S-P01-L1-LOW-CAL-OFFICIAL-R2:32_PER_CLASS-MR00:VS:A4-C0-CORE,PhysioNetMI,RIEMANNIAN,A4-C1-LONG-3P5S,47,45,0.45238095238095233,0.4107142857142857,0.04166666666666663
P02-A4-PhysioNetMI-RIEMANNIAN-A4-C1-LONG-3P5S-P01-L1-LOW-CAL-OFFICIAL-R2:32_PER_CLASS-MR00:VS:A4-C0-CORE,PhysioNetMI,RIEMANNIAN,A4-C1-LONG-3P5S,48,45,0.6907114624505929,0.6946640316205533,-0.0039525691699604515
P02-A4-PhysioNetMI-RIEMANNIAN-A4-C1-LONG-3P5S-P01-L1-LOW-CAL-OFFICIAL-R2:32_PER_CLASS-MR00:VS:A4-C0-CORE,PhysioNetMI,RIEMANNIAN,A4-C1-LONG-3P5S,57,45,0.5,0.5,0.0
P02-A4-PhysioNetMI-RIEMANNIAN-A4-C1-LONG-3P5S-P01-L1-LOW-CAL-OFFICIAL-R2:32_PER_CLASS-MR00:VS:A4-C0-CORE,PhysioNetMI,RIEMANNIAN,A4-C1-LONG-3P5S,6,45,0.5595238095238095,0.5773809523809523,-0.017857142857142794
P02-A4-PhysioNetMI-RIEMANNIAN-A4-C1-LONG-3P5S-P01-L1-LOW-CAL-OFFICIAL-R2:32_PER_CLASS-MR00:VS:A4-C0-CORE,PhysioNetMI,RIEMANNIAN,A4-C1-LONG-3P5S,71,45,0.592885375494071,0.5701581027667983,0.022727272727272707
P02-A4-PhysioNetMI-RIEMANNIAN-A4-C1-LONG-3P5S-P01-L1-LOW-CAL-OFFICIAL-R2:32_PER_CLASS-MR00:VS:A4-C0-CORE,PhysioNetMI,RIEMANNIAN,A4-C1-LONG-3P5S,93,45,0.6729249011857708,0.6511857707509882,0.021739130434782594
P02-A4-PhysioNetMI-RIEMANNIAN-A4-C1-LONG-3P5S-P01-L1-LOW-CAL-OFFICIAL-R2:32_PER_CLASS-MR00:VS:A4-C0-CORE,PhysioNetMI,RIEMANNIAN,A4-C1-LONG-3P5S,98,45,0.5098814229249011,0.5138339920948617,-0.0039525691699605625
P02-A4-PhysioNetMI-RIEMANNIAN-A4-C2-MULTI-HARD-VOTE-P01-L1-LOW-CAL-OFFICIAL-R2:32_PER_CLASS-MR00:VS:A4-C0-CORE,PhysioNetMI,RIEMANNIAN,A4-C2-MULTI-HARD-VOTE,107,45,0.47023809523809523,0.44345238095238093,0.0267857142857143
P02-A4-PhysioNetMI-RIEMANNIAN-A4-C2-MULTI-HARD-VOTE-P01-L1-LOW-CAL-OFFICIAL-R2:32_PER_CLASS-MR00:VS:A4-C0-CORE,PhysioNetMI,RIEMANNIAN,A4-C2-MULTI-HARD-VOTE,27,45,0.5859683794466404,0.4980237154150198,0.0879446640316206
P02-A4-PhysioNetMI-RIEMANNIAN-A4-C2-MULTI-HARD-VOTE-P01-L1-LOW-CAL-OFFICIAL-R2:32_PER_CLASS-MR00:VS:A4-C0-CORE,PhysioNetMI,RIEMANNIAN,A4-C2-MULTI-HARD-VOTE,39,45,0.5217391304347826,0.47529644268774707,0.04644268774703553
P02-A4-PhysioNetMI-RIEMANNIAN-A4-C2-MULTI-HARD-VOTE-P01-L1-LOW-CAL-OFFICIAL-R2:32_PER_CLASS-MR00:VS:A4-C0-CORE,PhysioNetMI,RIEMANNIAN,A4-C2-MULTI-HARD-VOTE,40,45,0.5327380952380952,0.40773809523809523,0.125
P02-A4-PhysioNetMI-RIEMANNIAN-A4-C2-MULTI-HARD-VOTE-P01-L1-LOW-CAL-OFFICIAL-R2:32_PER_CLASS-MR00:VS:A4-C0-CORE,PhysioNetMI,RIEMANNIAN,A4-C2-MULTI-HARD-VOTE,47,45,0.4851190476190476,0.4107142857142857,0.07440476190476192
P02-A4-PhysioNetMI-RIEMANNIAN-A4-C2-MULTI-HARD-VOTE-P01-L1-LOW-CAL-OFFICIAL-R2:32_PER_CLASS-MR00:VS:A4-C0-CORE,PhysioNetMI,RIEMANNIAN,A4-C2-MULTI-HARD-VOTE,48,45,0.6067193675889329,0.6946640316205533,-0.08794466403162049
P02-A4-PhysioNetMI-RIEMANNIAN-A4-C2-MULTI-HARD-VOTE-P01-L1-LOW-CAL-OFFICIAL-R2:32_PER_CLASS-MR00:VS:A4-C0-CORE,PhysioNetMI,RIEMANNIAN,A4-C2-MULTI-HARD-VOTE,57,45,0.5,0.5,0.0
P02-A4-PhysioNetMI-RIEMANNIAN-A4-C2-MULTI-HARD-VOTE-P01-L1-LOW-CAL-OFFICIAL-R2:32_PER_CLASS-MR00:VS:A4-C0-CORE,PhysioNetMI,RIEMANNIAN,A4-C2-MULTI-HARD-VOTE,6,45,0.45535714285714285,0.5773809523809523,-0.12202380952380948
P02-A4-PhysioNetMI-RIEMANNIAN-A4-C2-MULTI-HARD-VOTE-P01-L1-LOW-CAL-OFFICIAL-R2:32_PER_CLASS-MR00:VS:A4-C0-CORE,PhysioNetMI,RIEMANNIAN,A4-C2-MULTI-HARD-VOTE,71,45,0.5701581027667983,0.5701581027667983,0.0
P02-A4-PhysioNetMI-RIEMANNIAN-A4-C2-MULTI-HARD-VOTE-P01-L1-LOW-CAL-OFFICIAL-R2:32_PER_CLASS-MR00:VS:A4-C0-CORE,PhysioNetMI,RIEMANNIAN,A4-C2-MULTI-HARD-VOTE,93,45,0.717391304347826,0.6511857707509882,0.0662055335968379
P02-A4-PhysioNetMI-RIEMANNIAN-A4-C2-MULTI-HARD-VOTE-P01-L1-LOW-CAL-OFFICIAL-R2:32_PER_CLASS-MR00:VS:A4-C0-CORE,PhysioNetMI,RIEMANNIAN,A4-C2-MULTI-HARD-VOTE,98,45,0.5721343873517787,0.5138339920948617,0.05830039525691699
P02-A4-PhysioNetMI-RIEMANNIAN-A4-C3-MULTI-PROB-AVG-P01-L1-LOW-CAL-OFFICIAL-R2:32_PER_CLASS-MR00:VS:A4-C0-CORE,PhysioNetMI,RIEMANNIAN,A4-C3-MULTI-PROB-AVG,107,45,0.49404761904761907,0.44345238095238093,0.05059523809523814
P02-A4-PhysioNetMI-RIEMANNIAN-A4-C3-MULTI-PROB-AVG-P01-L1-LOW-CAL-OFFICIAL-R2:32_PER_CLASS-MR00:VS:A4-C0-CORE,PhysioNetMI,RIEMANNIAN,A4-C3-MULTI-PROB-AVG,27,45,0.5869565217391304,0.4980237154150198,0.0889328063241106
P02-A4-PhysioNetMI-RIEMANNIAN-A4-C3-MULTI-PROB-AVG-P01-L1-LOW-CAL-OFFICIAL-R2:32_PER_CLASS-MR00:VS:A4-C0-CORE,PhysioNetMI,RIEMANNIAN,A4-C3-MULTI-PROB-AVG,39,45,0.5434782608695652,0.47529644268774707,0.06818181818181812
P02-A4-PhysioNetMI-RIEMANNIAN-A4-C3-MULTI-PROB-AVG-P01-L1-LOW-CAL-OFFICIAL-R2:32_PER_CLASS-MR00:VS:A4-C0-CORE,PhysioNetMI,RIEMANNIAN,A4-C3-MULTI-PROB-AVG,40,45,0.46130952380952384,0.40773809523809523,0.0535714285714286
P02-A4-PhysioNetMI-RIEMANNIAN-A4-C3-MULTI-PROB-AVG-P01-L1-LOW-CAL-OFFICIAL-R2:32_PER_CLASS-MR00:VS:A4-C0-CORE,PhysioNetMI,RIEMANNIAN,A4-C3-MULTI-PROB-AVG,47,45,0.4583333333333333,0.4107142857142857,0.047619047619047616
P02-A4-PhysioNetMI-RIEMANNIAN-A4-C3-MULTI-PROB-AVG-P01-L1-LOW-CAL-OFFICIAL-R2:32_PER_CLASS-MR00:VS:A4-C0-CORE,PhysioNetMI,RIEMANNIAN,A4-C3-MULTI-PROB-AVG,48,45,0.6067193675889329,0.6946640316205533,-0.08794466403162049
P02-A4-PhysioNetMI-RIEMANNIAN-A4-C3-MULTI-PROB-AVG-P01-L1-LOW-CAL-OFFICIAL-R2:32_PER_CLASS-MR00:VS:A4-C0-CORE,PhysioNetMI,RIEMANNIAN,A4-C3-MULTI-PROB-AVG,57,45,0.5,0.5,0.0
P02-A4-PhysioNetMI-RIEMANNIAN-A4-C3-MULTI-PROB-AVG-P01-L1-LOW-CAL-OFFICIAL-R2:32_PER_CLASS-MR00:VS:A4-C0-CORE,PhysioNetMI,RIEMANNIAN,A4-C3-MULTI-PROB-AVG,6,45,0.48214285714285715,0.5773809523809523,-0.09523809523809518
P02-A4-PhysioNetMI-RIEMANNIAN-A4-C3-MULTI-PROB-AVG-P01-L1-LOW-CAL-OFFICIAL-R2:32_PER_CLASS-MR00:VS:A4-C0-CORE,PhysioNetMI,RIEMANNIAN,A4-C3-MULTI-PROB-AVG,71,45,0.6146245059288538,0.5701581027667983,0.04446640316205541
P02-A4-PhysioNetMI-RIEMANNIAN-A4-C3-MULTI-PROB-AVG-P01-L1-LOW-CAL-OFFICIAL-R2:32_PER_CLASS-MR00:VS:A4-C0-CORE,PhysioNetMI,RIEMANNIAN,A4-C3-MULTI-PROB-AVG,93,45,0.6729249011857708,0.6511857707509882,0.021739130434782594
P02-A4-PhysioNetMI-RIEMANNIAN-A4-C3-MULTI-PROB-AVG-P01-L1-LOW-CAL-OFFICIAL-R2:32_PER_CLASS-MR00:VS:A4-C0-CORE,PhysioNetMI,RIEMANNIAN,A4-C3-MULTI-PROB-AVG,98,45,0.591897233201581,0.5138339920948617,0.07806324110671936
P02-A4-BNCI2014_001-CLASSICAL-A4-C1-LONG-3P5S-FULL_TRAIN-MR00:VS:A4-C0-CORE,BNCI2014_001,CLASSICAL,A4-C1-LONG-3P5S,7,288,0.6354166666666666,0.6284722222222222,0.00694444444444442
P02-A4-BNCI2014_001-CLASSICAL-A4-C2-MULTI-HARD-VOTE-FULL_TRAIN-MR00:VS:A4-C0-CORE,BNCI2014_001,CLASSICAL,A4-C2-MULTI-HARD-VOTE,7,288,0.6458333333333333,0.6284722222222222,0.01736111111111105
P02-A4-BNCI2014_001-CLASSICAL-A4-C3-MULTI-PROB-AVG-FULL_TRAIN-MR00:VS:A4-C0-CORE,BNCI2014_001,CLASSICAL,A4-C3-MULTI-PROB-AVG,7,288,0.6493055555555556,0.6284722222222222,0.02083333333333337
P02-A4-BNCI2014_001-RIEMANNIAN-A4-C1-LONG-3P5S-FULL_TRAIN-MR00:VS:A4-C0-CORE,BNCI2014_001,RIEMANNIAN,A4-C1-LONG-3P5S,7,288,0.5729166666666666,0.6145833333333334,-0.04166666666666674
P02-A4-BNCI2014_001-RIEMANNIAN-A4-C2-MULTI-HARD-VOTE-FULL_TRAIN-MR00:VS:A4-C0-CORE,BNCI2014_001,RIEMANNIAN,A4-C2-MULTI-HARD-VOTE,7,288,0.6319444444444444,0.6145833333333334,0.01736111111111105
P02-A4-BNCI2014_001-RIEMANNIAN-A4-C3-MULTI-PROB-AVG-FULL_TRAIN-MR00:VS:A4-C0-CORE,BNCI2014_001,RIEMANNIAN,A4-C3-MULTI-PROB-AVG,7,288,0.6423611111111112,0.6145833333333334,0.02777777777777779
P02-A4-BNCI2014_001-NEURAL-A4-C1-LONG-3P5S-FULL_TRAIN-MR00:VS:A4-C0-CORE,BNCI2014_001,NEURAL,A4-C1-LONG-3P5S,7,288,0.6006944444444444,0.6458333333333334,-0.04513888888888895
P02-A4-BNCI2014_001-NEURAL-A4-C2-MULTI-HARD-VOTE-FULL_TRAIN-MR00:VS:A4-C0-CORE,BNCI2014_001,NEURAL,A4-C2-MULTI-HARD-VOTE,7,288,0.6145833333333333,0.6458333333333334,-0.03125000000000011
P02-A4-BNCI2014_001-NEURAL-A4-C3-MULTI-PROB-AVG-FULL_TRAIN-MR00:VS:A4-C0-CORE,BNCI2014_001,NEURAL,A4-C3-MULTI-PROB-AVG,7,288,0.6006944444444444,0.6458333333333334,-0.04513888888888895
P02-A4-BNCI2014_001-SSL-A4-C2-MULTI-HARD-VOTE-FULL_TRAIN-MR00:VS:A4-C0-CORE,BNCI2014_001,SSL,A4-C2-MULTI-HARD-VOTE,7,288,0.6145833333333333,0.5625,0.05208333333333326
P02-A4-BNCI2014_001-SSL-A4-C3-MULTI-PROB-AVG-FULL_TRAIN-MR00:VS:A4-C0-CORE,BNCI2014_001,SSL,A4-C3-MULTI-PROB-AVG,7,288,0.6527777777777778,0.5625,0.09027777777777779
P02-A4-BNCI2014_001-RIEMANNIAN-A4-C1-LONG-3P5S-P01-L1-LOW-CAL-OFFICIAL-R2:1_PER_CLASS-MR00:VS:A4-C0-CORE,BNCI2014_001,RIEMANNIAN,A4-C1-LONG-3P5S,7,288,0.53125,0.5416666666666667,-0.01041666666666674
P02-A4-BNCI2014_001-RIEMANNIAN-A4-C2-MULTI-HARD-VOTE-P01-L1-LOW-CAL-OFFICIAL-R2:1_PER_CLASS-MR00:VS:A4-C0-CORE,BNCI2014_001,RIEMANNIAN,A4-C2-MULTI-HARD-VOTE,7,288,0.5451388888888888,0.5416666666666667,0.003472222222222099
P02-A4-BNCI2014_001-RIEMANNIAN-A4-C3-MULTI-PROB-AVG-P01-L1-LOW-CAL-OFFICIAL-R2:1_PER_CLASS-MR00:VS:A4-C0-CORE,BNCI2014_001,RIEMANNIAN,A4-C3-MULTI-PROB-AVG,7,288,0.5381944444444444,0.5416666666666667,-0.003472222222222321
P02-A4-BNCI2014_001-NEURAL-A4-C1-LONG-3P5S-P01-L1-LOW-CAL-OFFICIAL-R2:1_PER_CLASS-MR00:VS:A4-C0-CORE,BNCI2014_001,NEURAL,A4-C1-LONG-3P5S,7,288,0.5069444444444444,0.5,0.00694444444444442
P02-A4-BNCI2014_001-NEURAL-A4-C2-MULTI-HARD-VOTE-P01-L1-LOW-CAL-OFFICIAL-R2:1_PER_CLASS-MR00:VS:A4-C0-CORE,BNCI2014_001,NEURAL,A4-C2-MULTI-HARD-VOTE,7,288,0.4965277777777778,0.5,-0.00347222222222221
P02-A4-BNCI2014_001-NEURAL-A4-C3-MULTI-PROB-AVG-P01-L1-LOW-CAL-OFFICIAL-R2:1_PER_CLASS-MR00:VS:A4-C0-CORE,BNCI2014_001,NEURAL,A4-C3-MULTI-PROB-AVG,7,288,0.4791666666666667,0.5,-0.020833333333333315
P02-A4-BNCI2014_001-SSL-A4-C2-MULTI-HARD-VOTE-P01-L1-LOW-CAL-OFFICIAL-R2:1_PER_CLASS-MR00:VS:A4-C0-CORE,BNCI2014_001,SSL,A4-C2-MULTI-HARD-VOTE,7,288,0.5798611111111112,0.5173611111111112,0.0625
P02-A4-BNCI2014_001-SSL-A4-C3-MULTI-PROB-AVG-P01-L1-LOW-CAL-OFFICIAL-R2:1_PER_CLASS-MR00:VS:A4-C0-CORE,BNCI2014_001,SSL,A4-C3-MULTI-PROB-AVG,7,288,0.5416666666666666,0.5173611111111112,0.02430555555555547
P02-A4-BNCI2014_001-CLASSICAL-A4-C1-LONG-3P5S-P01-L1-LOW-CAL-OFFICIAL-R2:2_PER_CLASS-MR00:VS:A4-C0-CORE,BNCI2014_001,CLASSICAL,A4-C1-LONG-3P5S,7,288,0.5763888888888888,0.5277777777777778,0.04861111111111105
P02-A4-BNCI2014_001-CLASSICAL-A4-C2-MULTI-HARD-VOTE-P01-L1-LOW-CAL-OFFICIAL-R2:2_PER_CLASS-MR00:VS:A4-C0-CORE,BNCI2014_001,CLASSICAL,A4-C2-MULTI-HARD-VOTE,7,288,0.5555555555555556,0.5277777777777778,0.02777777777777779
P02-A4-BNCI2014_001-CLASSICAL-A4-C3-MULTI-PROB-AVG-P01-L1-LOW-CAL-OFFICIAL-R2:2_PER_CLASS-MR00:VS:A4-C0-CORE,BNCI2014_001,CLASSICAL,A4-C3-MULTI-PROB-AVG,7,288,0.5381944444444444,0.5277777777777778,0.01041666666666663
P02-A4-BNCI2014_001-RIEMANNIAN-A4-C1-LONG-3P5S-P01-L1-LOW-CAL-OFFICIAL-R2:2_PER_CLASS-MR00:VS:A4-C0-CORE,BNCI2014_001,RIEMANNIAN,A4-C1-LONG-3P5S,7,288,0.5451388888888888,0.5625,-0.01736111111111116
P02-A4-BNCI2014_001-RIEMANNIAN-A4-C2-MULTI-HARD-VOTE-P01-L1-LOW-CAL-OFFICIAL-R2:2_PER_CLASS-MR00:VS:A4-C0-CORE,BNCI2014_001,RIEMANNIAN,A4-C2-MULTI-HARD-VOTE,7,288,0.6006944444444444,0.5625,0.03819444444444442
P02-A4-BNCI2014_001-RIEMANNIAN-A4-C3-MULTI-PROB-AVG-P01-L1-LOW-CAL-OFFICIAL-R2:2_PER_CLASS-MR00:VS:A4-C0-CORE,BNCI2014_001,RIEMANNIAN,A4-C3-MULTI-PROB-AVG,7,288,0.5833333333333334,0.5625,0.02083333333333337
P02-A4-BNCI2014_001-CLASSICAL-A4-C1-LONG-3P5S-P01-L1-LOW-CAL-OFFICIAL-R2:4_PER_CLASS-MR00:VS:A4-C0-CORE,BNCI2014_001,CLASSICAL,A4-C1-LONG-3P5S,7,288,0.5798611111111112,0.6041666666666667,-0.02430555555555558
P02-A4-BNCI2014_001-CLASSICAL-A4-C2-MULTI-HARD-VOTE-P01-L1-LOW-CAL-OFFICIAL-R2:4_PER_CLASS-MR00:VS:A4-C0-CORE,BNCI2014_001,CLASSICAL,A4-C2-MULTI-HARD-VOTE,7,288,0.5625,0.6041666666666667,-0.04166666666666674
P02-A4-BNCI2014_001-CLASSICAL-A4-C3-MULTI-PROB-AVG-P01-L1-LOW-CAL-OFFICIAL-R2:4_PER_CLASS-MR00:VS:A4-C0-CORE,BNCI2014_001,CLASSICAL,A4-C3-MULTI-PROB-AVG,7,288,0.5659722222222222,0.6041666666666667,-0.03819444444444453
P02-A4-BNCI2014_001-RIEMANNIAN-A4-C1-LONG-3P5S-P01-L1-LOW-CAL-OFFICIAL-R2:4_PER_CLASS-MR00:VS:A4-C0-CORE,BNCI2014_001,RIEMANNIAN,A4-C1-LONG-3P5S,7,288,0.6215277777777777,0.5902777777777778,0.03124999999999989
P02-A4-BNCI2014_001-RIEMANNIAN-A4-C2-MULTI-HARD-VOTE-P01-L1-LOW-CAL-OFFICIAL-R2:4_PER_CLASS-MR00:VS:A4-C0-CORE,BNCI2014_001,RIEMANNIAN,A4-C2-MULTI-HARD-VOTE,7,288,0.6041666666666666,0.5902777777777778,0.01388888888888884
P02-A4-BNCI2014_001-RIEMANNIAN-A4-C3-MULTI-PROB-AVG-P01-L1-LOW-CAL-OFFICIAL-R2:4_PER_CLASS-MR00:VS:A4-C0-CORE,BNCI2014_001,RIEMANNIAN,A4-C3-MULTI-PROB-AVG,7,288,0.625,0.5902777777777778,0.03472222222222221
P02-A4-BNCI2014_001-CLASSICAL-A4-C1-LONG-3P5S-P01-L1-LOW-CAL-OFFICIAL-R2:8_PER_CLASS-MR00:VS:A4-C0-CORE,BNCI2014_001,CLASSICAL,A4-C1-LONG-3P5S,7,288,0.5,0.4861111111111111,0.013888888888888895
P02-A4-BNCI2014_001-CLASSICAL-A4-C2-MULTI-HARD-VOTE-P01-L1-LOW-CAL-OFFICIAL-R2:8_PER_CLASS-MR00:VS:A4-C0-CORE,BNCI2014_001,CLASSICAL,A4-C2-MULTI-HARD-VOTE,7,288,0.5069444444444444,0.4861111111111111,0.020833333333333315
P02-A4-BNCI2014_001-CLASSICAL-A4-C3-MULTI-PROB-AVG-P01-L1-LOW-CAL-OFFICIAL-R2:8_PER_CLASS-MR00:VS:A4-C0-CORE,BNCI2014_001,CLASSICAL,A4-C3-MULTI-PROB-AVG,7,288,0.4618055555555555,0.4861111111111111,-0.02430555555555558
P02-A4-BNCI2014_001-RIEMANNIAN-A4-C1-LONG-3P5S-P01-L1-LOW-CAL-OFFICIAL-R2:8_PER_CLASS-MR00:VS:A4-C0-CORE,BNCI2014_001,RIEMANNIAN,A4-C1-LONG-3P5S,7,288,0.5069444444444444,0.4861111111111111,0.020833333333333315
P02-A4-BNCI2014_001-RIEMANNIAN-A4-C2-MULTI-HARD-VOTE-P01-L1-LOW-CAL-OFFICIAL-R2:8_PER_CLASS-MR00:VS:A4-C0-CORE,BNCI2014_001,RIEMANNIAN,A4-C2-MULTI-HARD-VOTE,7,288,0.5069444444444444,0.4861111111111111,0.020833333333333315
P02-A4-BNCI2014_001-RIEMANNIAN-A4-C3-MULTI-PROB-AVG-P01-L1-LOW-CAL-OFFICIAL-R2:8_PER_CLASS-MR00:VS:A4-C0-CORE,BNCI2014_001,RIEMANNIAN,A4-C3-MULTI-PROB-AVG,7,288,0.5069444444444444,0.4861111111111111,0.020833333333333315
P02-A4-BNCI2014_001-NEURAL-A4-C1-LONG-3P5S-P01-L1-LOW-CAL-OFFICIAL-R2:8_PER_CLASS-MR00:VS:A4-C0-CORE,BNCI2014_001,NEURAL,A4-C1-LONG-3P5S,7,288,0.48611111111111116,0.4895833333333333,-0.0034722222222221544
P02-A4-BNCI2014_001-NEURAL-A4-C2-MULTI-HARD-VOTE-P01-L1-LOW-CAL-OFFICIAL-R2:8_PER_CLASS-MR00:VS:A4-C0-CORE,BNCI2014_001,NEURAL,A4-C2-MULTI-HARD-VOTE,7,288,0.5,0.4895833333333333,0.010416666666666685
P02-A4-BNCI2014_001-NEURAL-A4-C3-MULTI-PROB-AVG-P01-L1-LOW-CAL-OFFICIAL-R2:8_PER_CLASS-MR00:VS:A4-C0-CORE,BNCI2014_001,NEURAL,A4-C3-MULTI-PROB-AVG,7,288,0.5104166666666666,0.4895833333333333,0.020833333333333315
P02-A4-BNCI2014_001-SSL-A4-C2-MULTI-HARD-VOTE-P01-L1-LOW-CAL-OFFICIAL-R2:8_PER_CLASS-MR00:VS:A4-C0-CORE,BNCI2014_001,SSL,A4-C2-MULTI-HARD-VOTE,7,288,0.5520833333333333,0.5347222222222222,0.01736111111111105
P02-A4-BNCI2014_001-SSL-A4-C3-MULTI-PROB-AVG-P01-L1-LOW-CAL-OFFICIAL-R2:8_PER_CLASS-MR00:VS:A4-C0-CORE,BNCI2014_001,SSL,A4-C3-MULTI-PROB-AVG,7,288,0.5173611111111112,0.5347222222222222,-0.01736111111111105
P02-A4-BNCI2014_001-CLASSICAL-A4-C1-LONG-3P5S-P01-L1-LOW-CAL-OFFICIAL-R2:16_PER_CLASS-MR00:VS:A4-C0-CORE,BNCI2014_001,CLASSICAL,A4-C1-LONG-3P5S,7,288,0.513888888888889,0.5277777777777778,-0.01388888888888884
P02-A4-BNCI2014_001-CLASSICAL-A4-C2-MULTI-HARD-VOTE-P01-L1-LOW-CAL-OFFICIAL-R2:16_PER_CLASS-MR00:VS:A4-C0-CORE,BNCI2014_001,CLASSICAL,A4-C2-MULTI-HARD-VOTE,7,288,0.5243055555555556,0.5277777777777778,-0.00347222222222221
P02-A4-BNCI2014_001-CLASSICAL-A4-C3-MULTI-PROB-AVG-P01-L1-LOW-CAL-OFFICIAL-R2:16_PER_CLASS-MR00:VS:A4-C0-CORE,BNCI2014_001,CLASSICAL,A4-C3-MULTI-PROB-AVG,7,288,0.5173611111111112,0.5277777777777778,-0.01041666666666663
P02-A4-BNCI2014_001-RIEMANNIAN-A4-C1-LONG-3P5S-P01-L1-LOW-CAL-OFFICIAL-R2:16_PER_CLASS-MR00:VS:A4-C0-CORE,BNCI2014_001,RIEMANNIAN,A4-C1-LONG-3P5S,7,288,0.5243055555555556,0.5208333333333333,0.003472222222222321
P02-A4-BNCI2014_001-RIEMANNIAN-A4-C2-MULTI-HARD-VOTE-P01-L1-LOW-CAL-OFFICIAL-R2:16_PER_CLASS-MR00:VS:A4-C0-CORE,BNCI2014_001,RIEMANNIAN,A4-C2-MULTI-HARD-VOTE,7,288,0.5243055555555556,0.5208333333333333,0.003472222222222321
P02-A4-BNCI2014_001-RIEMANNIAN-A4-C3-MULTI-PROB-AVG-P01-L1-LOW-CAL-OFFICIAL-R2:16_PER_CLASS-MR00:VS:A4-C0-CORE,BNCI2014_001,RIEMANNIAN,A4-C3-MULTI-PROB-AVG,7,288,0.5208333333333334,0.5208333333333333,1.1102230246251565e-16
P02-A4-BNCI2014_001-CLASSICAL-A4-C1-LONG-3P5S-P01-L1-LOW-CAL-OFFICIAL-R2:32_PER_CLASS-MR00:VS:A4-C0-CORE,BNCI2014_001,CLASSICAL,A4-C1-LONG-3P5S,7,288,0.5069444444444444,0.4965277777777778,0.01041666666666663
P02-A4-BNCI2014_001-CLASSICAL-A4-C2-MULTI-HARD-VOTE-P01-L1-LOW-CAL-OFFICIAL-R2:32_PER_CLASS-MR00:VS:A4-C0-CORE,BNCI2014_001,CLASSICAL,A4-C2-MULTI-HARD-VOTE,7,288,0.45833333333333337,0.4965277777777778,-0.03819444444444442
P02-A4-BNCI2014_001-CLASSICAL-A4-C3-MULTI-PROB-AVG-P01-L1-LOW-CAL-OFFICIAL-R2:32_PER_CLASS-MR00:VS:A4-C0-CORE,BNCI2014_001,CLASSICAL,A4-C3-MULTI-PROB-AVG,7,288,0.4965277777777778,0.4965277777777778,0.0
P02-A4-BNCI2014_001-RIEMANNIAN-A4-C1-LONG-3P5S-P01-L1-LOW-CAL-OFFICIAL-R2:32_PER_CLASS-MR00:VS:A4-C0-CORE,BNCI2014_001,RIEMANNIAN,A4-C1-LONG-3P5S,7,288,0.5590277777777778,0.5208333333333334,0.03819444444444442
P02-A4-BNCI2014_001-RIEMANNIAN-A4-C2-MULTI-HARD-VOTE-P01-L1-LOW-CAL-OFFICIAL-R2:32_PER_CLASS-MR00:VS:A4-C0-CORE,BNCI2014_001,RIEMANNIAN,A4-C2-MULTI-HARD-VOTE,7,288,0.5347222222222222,0.5208333333333334,0.01388888888888884
P02-A4-BNCI2014_001-RIEMANNIAN-A4-C3-MULTI-PROB-AVG-P01-L1-LOW-CAL-OFFICIAL-R2:32_PER_CLASS-MR00:VS:A4-C0-CORE,BNCI2014_001,RIEMANNIAN,A4-C3-MULTI-PROB-AVG,7,288,0.53125,0.5208333333333334,0.01041666666666663
P02-A4-Lee2019_MI-CLASSICAL-A4-C1-LONG-3P5S-FULL_TRAIN-MR00:VS:A4-C0-CORE,Lee2019_MI,CLASSICAL,A4-C1-LONG-3P5S,15,100,0.54,0.5,0.040000000000000036
P02-A4-Lee2019_MI-CLASSICAL-A4-C1-LONG-3P5S-FULL_TRAIN-MR00:VS:A4-C0-CORE,Lee2019_MI,CLASSICAL,A4-C1-LONG-3P5S,19,100,0.74,0.8,-0.06000000000000005
P02-A4-Lee2019_MI-CLASSICAL-A4-C1-LONG-3P5S-FULL_TRAIN-MR00:VS:A4-C0-CORE,Lee2019_MI,CLASSICAL,A4-C1-LONG-3P5S,3,100,0.8,0.81,-0.010000000000000009
P02-A4-Lee2019_MI-CLASSICAL-A4-C1-LONG-3P5S-FULL_TRAIN-MR00:VS:A4-C0-CORE,Lee2019_MI,CLASSICAL,A4-C1-LONG-3P5S,30,100,0.6799999999999999,0.59,0.08999999999999997
P02-A4-Lee2019_MI-CLASSICAL-A4-C1-LONG-3P5S-FULL_TRAIN-MR00:VS:A4-C0-CORE,Lee2019_MI,CLASSICAL,A4-C1-LONG-3P5S,36,100,0.9299999999999999,0.99,-0.06000000000000005
P02-A4-Lee2019_MI-CLASSICAL-A4-C1-LONG-3P5S-FULL_TRAIN-MR00:VS:A4-C0-CORE,Lee2019_MI,CLASSICAL,A4-C1-LONG-3P5S,6,100,0.51,0.6,-0.08999999999999997
P02-A4-Lee2019_MI-CLASSICAL-A4-C2-MULTI-HARD-VOTE-FULL_TRAIN-MR00:VS:A4-C0-CORE,Lee2019_MI,CLASSICAL,A4-C2-MULTI-HARD-VOTE,15,100,0.51,0.5,0.010000000000000009
P02-A4-Lee2019_MI-CLASSICAL-A4-C2-MULTI-HARD-VOTE-FULL_TRAIN-MR00:VS:A4-C0-CORE,Lee2019_MI,CLASSICAL,A4-C2-MULTI-HARD-VOTE,19,100,0.6799999999999999,0.8,-0.1200000000000001
P02-A4-Lee2019_MI-CLASSICAL-A4-C2-MULTI-HARD-VOTE-FULL_TRAIN-MR00:VS:A4-C0-CORE,Lee2019_MI,CLASSICAL,A4-C2-MULTI-HARD-VOTE,3,100,0.76,0.81,-0.050000000000000044
P02-A4-Lee2019_MI-CLASSICAL-A4-C2-MULTI-HARD-VOTE-FULL_TRAIN-MR00:VS:A4-C0-CORE,Lee2019_MI,CLASSICAL,A4-C2-MULTI-HARD-VOTE,30,100,0.5599999999999999,0.59,-0.030000000000000027
P02-A4-Lee2019_MI-CLASSICAL-A4-C2-MULTI-HARD-VOTE-FULL_TRAIN-MR00:VS:A4-C0-CORE,Lee2019_MI,CLASSICAL,A4-C2-MULTI-HARD-VOTE,36,100,0.71,0.99,-0.28
P02-A4-Lee2019_MI-CLASSICAL-A4-C2-MULTI-HARD-VOTE-FULL_TRAIN-MR00:VS:A4-C0-CORE,Lee2019_MI,CLASSICAL,A4-C2-MULTI-HARD-VOTE,6,100,0.52,0.6,-0.07999999999999996
P02-A4-Lee2019_MI-CLASSICAL-A4-C3-MULTI-PROB-AVG-FULL_TRAIN-MR00:VS:A4-C0-CORE,Lee2019_MI,CLASSICAL,A4-C3-MULTI-PROB-AVG,15,100,0.5,0.5,0.0
P02-A4-Lee2019_MI-CLASSICAL-A4-C3-MULTI-PROB-AVG-FULL_TRAIN-MR00:VS:A4-C0-CORE,Lee2019_MI,CLASSICAL,A4-C3-MULTI-PROB-AVG,19,100,0.74,0.8,-0.06000000000000005
P02-A4-Lee2019_MI-CLASSICAL-A4-C3-MULTI-PROB-AVG-FULL_TRAIN-MR00:VS:A4-C0-CORE,Lee2019_MI,CLASSICAL,A4-C3-MULTI-PROB-AVG,3,100,0.79,0.81,-0.020000000000000018
P02-A4-Lee2019_MI-CLASSICAL-A4-C3-MULTI-PROB-AVG-FULL_TRAIN-MR00:VS:A4-C0-CORE,Lee2019_MI,CLASSICAL,A4-C3-MULTI-PROB-AVG,30,100,0.63,0.59,0.040000000000000036
P02-A4-Lee2019_MI-CLASSICAL-A4-C3-MULTI-PROB-AVG-FULL_TRAIN-MR00:VS:A4-C0-CORE,Lee2019_MI,CLASSICAL,A4-C3-MULTI-PROB-AVG,36,100,0.87,0.99,-0.12
P02-A4-Lee2019_MI-CLASSICAL-A4-C3-MULTI-PROB-AVG-FULL_TRAIN-MR00:VS:A4-C0-CORE,Lee2019_MI,CLASSICAL,A4-C3-MULTI-PROB-AVG,6,100,0.52,0.6,-0.07999999999999996
P02-A4-Lee2019_MI-RIEMANNIAN-A4-C1-LONG-3P5S-FULL_TRAIN-MR00:VS:A4-C0-CORE,Lee2019_MI,RIEMANNIAN,A4-C1-LONG-3P5S,15,100,0.7,0.69,0.010000000000000009
P02-A4-Lee2019_MI-RIEMANNIAN-A4-C1-LONG-3P5S-FULL_TRAIN-MR00:VS:A4-C0-CORE,Lee2019_MI,RIEMANNIAN,A4-C1-LONG-3P5S,19,100,0.79,0.87,-0.07999999999999996
P02-A4-Lee2019_MI-RIEMANNIAN-A4-C1-LONG-3P5S-FULL_TRAIN-MR00:VS:A4-C0-CORE,Lee2019_MI,RIEMANNIAN,A4-C1-LONG-3P5S,3,100,0.86,0.8799999999999999,-0.019999999999999907
P02-A4-Lee2019_MI-RIEMANNIAN-A4-C1-LONG-3P5S-FULL_TRAIN-MR00:VS:A4-C0-CORE,Lee2019_MI,RIEMANNIAN,A4-C1-LONG-3P5S,30,100,0.54,0.53,0.010000000000000009
P02-A4-Lee2019_MI-RIEMANNIAN-A4-C1-LONG-3P5S-FULL_TRAIN-MR00:VS:A4-C0-CORE,Lee2019_MI,RIEMANNIAN,A4-C1-LONG-3P5S,36,100,0.97,1.0,-0.030000000000000027
P02-A4-Lee2019_MI-RIEMANNIAN-A4-C1-LONG-3P5S-FULL_TRAIN-MR00:VS:A4-C0-CORE,Lee2019_MI,RIEMANNIAN,A4-C1-LONG-3P5S,6,100,0.54,0.51,0.030000000000000027
P02-A4-Lee2019_MI-RIEMANNIAN-A4-C2-MULTI-HARD-VOTE-FULL_TRAIN-MR00:VS:A4-C0-CORE,Lee2019_MI,RIEMANNIAN,A4-C2-MULTI-HARD-VOTE,15,100,0.6799999999999999,0.69,-0.010000000000000009
P02-A4-Lee2019_MI-RIEMANNIAN-A4-C2-MULTI-HARD-VOTE-FULL_TRAIN-MR00:VS:A4-C0-CORE,Lee2019_MI,RIEMANNIAN,A4-C2-MULTI-HARD-VOTE,19,100,0.8200000000000001,0.87,-0.04999999999999993
P02-A4-Lee2019_MI-RIEMANNIAN-A4-C2-MULTI-HARD-VOTE-FULL_TRAIN-MR00:VS:A4-C0-CORE,Lee2019_MI,RIEMANNIAN,A4-C2-MULTI-HARD-VOTE,3,100,0.9,0.8799999999999999,0.02000000000000013
P02-A4-Lee2019_MI-RIEMANNIAN-A4-C2-MULTI-HARD-VOTE-FULL_TRAIN-MR00:VS:A4-C0-CORE,Lee2019_MI,RIEMANNIAN,A4-C2-MULTI-HARD-VOTE,30,100,0.53,0.53,0.0
P02-A4-Lee2019_MI-RIEMANNIAN-A4-C2-MULTI-HARD-VOTE-FULL_TRAIN-MR00:VS:A4-C0-CORE,Lee2019_MI,RIEMANNIAN,A4-C2-MULTI-HARD-VOTE,36,100,0.99,1.0,-0.010000000000000009
P02-A4-Lee2019_MI-RIEMANNIAN-A4-C2-MULTI-HARD-VOTE-FULL_TRAIN-MR00:VS:A4-C0-CORE,Lee2019_MI,RIEMANNIAN,A4-C2-MULTI-HARD-VOTE,6,100,0.61,0.51,0.09999999999999998
P02-A4-Lee2019_MI-RIEMANNIAN-A4-C3-MULTI-PROB-AVG-FULL_TRAIN-MR00:VS:A4-C0-CORE,Lee2019_MI,RIEMANNIAN,A4-C3-MULTI-PROB-AVG,15,100,0.6699999999999999,0.69,-0.020000000000000018
P02-A4-Lee2019_MI-RIEMANNIAN-A4-C3-MULTI-PROB-AVG-FULL_TRAIN-MR00:VS:A4-C0-CORE,Lee2019_MI,RIEMANNIAN,A4-C3-MULTI-PROB-AVG,19,100,0.8300000000000001,0.87,-0.039999999999999925
P02-A4-Lee2019_MI-RIEMANNIAN-A4-C3-MULTI-PROB-AVG-FULL_TRAIN-MR00:VS:A4-C0-CORE,Lee2019_MI,RIEMANNIAN,A4-C3-MULTI-PROB-AVG,3,100,0.9099999999999999,0.8799999999999999,0.030000000000000027
P02-A4-Lee2019_MI-RIEMANNIAN-A4-C3-MULTI-PROB-AVG-FULL_TRAIN-MR00:VS:A4-C0-CORE,Lee2019_MI,RIEMANNIAN,A4-C3-MULTI-PROB-AVG,30,100,0.52,0.53,-0.010000000000000009
P02-A4-Lee2019_MI-RIEMANNIAN-A4-C3-MULTI-PROB-AVG-FULL_TRAIN-MR00:VS:A4-C0-CORE,Lee2019_MI,RIEMANNIAN,A4-C3-MULTI-PROB-AVG,36,100,1.0,1.0,0.0
P02-A4-Lee2019_MI-RIEMANNIAN-A4-C3-MULTI-PROB-AVG-FULL_TRAIN-MR00:VS:A4-C0-CORE,Lee2019_MI,RIEMANNIAN,A4-C3-MULTI-PROB-AVG,6,100,0.61,0.51,0.09999999999999998
P02-A4-Lee2019_MI-NEURAL-A4-C1-LONG-3P5S-FULL_TRAIN-MR00:VS:A4-C0-CORE,Lee2019_MI,NEURAL,A4-C1-LONG-3P5S,15,100,0.5,0.5,0.0
P02-A4-Lee2019_MI-NEURAL-A4-C1-LONG-3P5S-FULL_TRAIN-MR00:VS:A4-C0-CORE,Lee2019_MI,NEURAL,A4-C1-LONG-3P5S,19,100,0.8200000000000001,0.81,0.010000000000000009
P02-A4-Lee2019_MI-NEURAL-A4-C1-LONG-3P5S-FULL_TRAIN-MR00:VS:A4-C0-CORE,Lee2019_MI,NEURAL,A4-C1-LONG-3P5S,3,100,0.92,0.87,0.050000000000000044
P02-A4-Lee2019_MI-NEURAL-A4-C1-LONG-3P5S-FULL_TRAIN-MR00:VS:A4-C0-CORE,Lee2019_MI,NEURAL,A4-C1-LONG-3P5S,30,100,0.7,0.6699999999999999,0.030000000000000027
P02-A4-Lee2019_MI-NEURAL-A4-C1-LONG-3P5S-FULL_TRAIN-MR00:VS:A4-C0-CORE,Lee2019_MI,NEURAL,A4-C1-LONG-3P5S,36,100,0.97,0.99,-0.020000000000000018
P02-A4-Lee2019_MI-NEURAL-A4-C1-LONG-3P5S-FULL_TRAIN-MR00:VS:A4-C0-CORE,Lee2019_MI,NEURAL,A4-C1-LONG-3P5S,6,100,0.7,0.59,0.10999999999999999
P02-A4-Lee2019_MI-NEURAL-A4-C2-MULTI-HARD-VOTE-FULL_TRAIN-MR00:VS:A4-C0-CORE,Lee2019_MI,NEURAL,A4-C2-MULTI-HARD-VOTE,15,100,0.5800000000000001,0.5,0.08000000000000007
P02-A4-Lee2019_MI-NEURAL-A4-C2-MULTI-HARD-VOTE-FULL_TRAIN-MR00:VS:A4-C0-CORE,Lee2019_MI,NEURAL,A4-C2-MULTI-HARD-VOTE,19,100,0.75,0.81,-0.06000000000000005
P02-A4-Lee2019_MI-NEURAL-A4-C2-MULTI-HARD-VOTE-FULL_TRAIN-MR00:VS:A4-C0-CORE,Lee2019_MI,NEURAL,A4-C2-MULTI-HARD-VOTE,3,100,0.9199999999999999,0.87,0.04999999999999993
P02-A4-Lee2019_MI-NEURAL-A4-C2-MULTI-HARD-VOTE-FULL_TRAIN-MR00:VS:A4-C0-CORE,Lee2019_MI,NEURAL,A4-C2-MULTI-HARD-VOTE,30,100,0.64,0.6699999999999999,-0.029999999999999916
P02-A4-Lee2019_MI-NEURAL-A4-C2-MULTI-HARD-VOTE-FULL_TRAIN-MR00:VS:A4-C0-CORE,Lee2019_MI,NEURAL,A4-C2-MULTI-HARD-VOTE,36,100,0.99,0.99,0.0
P02-A4-Lee2019_MI-NEURAL-A4-C2-MULTI-HARD-VOTE-FULL_TRAIN-MR00:VS:A4-C0-CORE,Lee2019_MI,NEURAL,A4-C2-MULTI-HARD-VOTE,6,100,0.72,0.59,0.13
P02-A4-Lee2019_MI-NEURAL-A4-C3-MULTI-PROB-AVG-FULL_TRAIN-MR00:VS:A4-C0-CORE,Lee2019_MI,NEURAL,A4-C3-MULTI-PROB-AVG,15,100,0.5700000000000001,0.5,0.07000000000000006
P02-A4-Lee2019_MI-NEURAL-A4-C3-MULTI-PROB-AVG-FULL_TRAIN-MR00:VS:A4-C0-CORE,Lee2019_MI,NEURAL,A4-C3-MULTI-PROB-AVG,19,100,0.76,0.81,-0.050000000000000044
P02-A4-Lee2019_MI-NEURAL-A4-C3-MULTI-PROB-AVG-FULL_TRAIN-MR00:VS:A4-C0-CORE,Lee2019_MI,NEURAL,A4-C3-MULTI-PROB-AVG,3,100,0.9199999999999999,0.87,0.04999999999999993
P02-A4-Lee2019_MI-NEURAL-A4-C3-MULTI-PROB-AVG-FULL_TRAIN-MR00:VS:A4-C0-CORE,Lee2019_MI,NEURAL,A4-C3-MULTI-PROB-AVG,30,100,0.7,0.6699999999999999,0.030000000000000027
P02-A4-Lee2019_MI-NEURAL-A4-C3-MULTI-PROB-AVG-FULL_TRAIN-MR00:VS:A4-C0-CORE,Lee2019_MI,NEURAL,A4-C3-MULTI-PROB-AVG,36,100,0.98,0.99,-0.010000000000000009
P02-A4-Lee2019_MI-NEURAL-A4-C3-MULTI-PROB-AVG-FULL_TRAIN-MR00:VS:A4-C0-CORE,Lee2019_MI,NEURAL,A4-C3-MULTI-PROB-AVG,6,100,0.6599999999999999,0.59,0.06999999999999995
P02-A4-Lee2019_MI-SSL-A4-C2-MULTI-HARD-VOTE-FULL_TRAIN-MR00:VS:A4-C0-CORE,Lee2019_MI,SSL,A4-C2-MULTI-HARD-VOTE,15,100,0.61,0.55,0.05999999999999994
P02-A4-Lee2019_MI-SSL-A4-C2-MULTI-HARD-VOTE-FULL_TRAIN-MR00:VS:A4-C0-CORE,Lee2019_MI,SSL,A4-C2-MULTI-HARD-VOTE,19,100,0.78,0.8,-0.020000000000000018
P02-A4-Lee2019_MI-SSL-A4-C2-MULTI-HARD-VOTE-FULL_TRAIN-MR00:VS:A4-C0-CORE,Lee2019_MI,SSL,A4-C2-MULTI-HARD-VOTE,3,100,0.74,0.78,-0.040000000000000036
P02-A4-Lee2019_MI-SSL-A4-C2-MULTI-HARD-VOTE-FULL_TRAIN-MR00:VS:A4-C0-CORE,Lee2019_MI,SSL,A4-C2-MULTI-HARD-VOTE,30,100,0.5700000000000001,0.53,0.040000000000000036
P02-A4-Lee2019_MI-SSL-A4-C2-MULTI-HARD-VOTE-FULL_TRAIN-MR00:VS:A4-C0-CORE,Lee2019_MI,SSL,A4-C2-MULTI-HARD-VOTE,36,100,0.85,0.94,-0.08999999999999997
P02-A4-Lee2019_MI-SSL-A4-C2-MULTI-HARD-VOTE-FULL_TRAIN-MR00:VS:A4-C0-CORE,Lee2019_MI,SSL,A4-C2-MULTI-HARD-VOTE,6,100,0.54,0.55,-0.010000000000000009
P02-A4-Lee2019_MI-SSL-A4-C3-MULTI-PROB-AVG-FULL_TRAIN-MR00:VS:A4-C0-CORE,Lee2019_MI,SSL,A4-C3-MULTI-PROB-AVG,15,100,0.59,0.55,0.039999999999999925
P02-A4-Lee2019_MI-SSL-A4-C3-MULTI-PROB-AVG-FULL_TRAIN-MR00:VS:A4-C0-CORE,Lee2019_MI,SSL,A4-C3-MULTI-PROB-AVG,19,100,0.76,0.8,-0.040000000000000036
P02-A4-Lee2019_MI-SSL-A4-C3-MULTI-PROB-AVG-FULL_TRAIN-MR00:VS:A4-C0-CORE,Lee2019_MI,SSL,A4-C3-MULTI-PROB-AVG,3,100,0.72,0.78,-0.06000000000000005
P02-A4-Lee2019_MI-SSL-A4-C3-MULTI-PROB-AVG-FULL_TRAIN-MR00:VS:A4-C0-CORE,Lee2019_MI,SSL,A4-C3-MULTI-PROB-AVG,30,100,0.5800000000000001,0.53,0.050000000000000044
P02-A4-Lee2019_MI-SSL-A4-C3-MULTI-PROB-AVG-FULL_TRAIN-MR00:VS:A4-C0-CORE,Lee2019_MI,SSL,A4-C3-MULTI-PROB-AVG,36,100,0.86,0.94,-0.07999999999999996
P02-A4-Lee2019_MI-SSL-A4-C3-MULTI-PROB-AVG-FULL_TRAIN-MR00:VS:A4-C0-CORE,Lee2019_MI,SSL,A4-C3-MULTI-PROB-AVG,6,100,0.59,0.55,0.039999999999999925
P02-A4-Lee2019_MI-RIEMANNIAN-A4-C1-LONG-3P5S-P01-L1-LOW-CAL-OFFICIAL-R2:1_PER_CLASS-MR00:VS:A4-C0-CORE,Lee2019_MI,RIEMANNIAN,A4-C1-LONG-3P5S,15,100,0.5,0.5,0.0
P02-A4-Lee2019_MI-RIEMANNIAN-A4-C1-LONG-3P5S-P01-L1-LOW-CAL-OFFICIAL-R2:1_PER_CLASS-MR00:VS:A4-C0-CORE,Lee2019_MI,RIEMANNIAN,A4-C1-LONG-3P5S,19,100,0.51,0.52,-0.010000000000000009
P02-A4-Lee2019_MI-RIEMANNIAN-A4-C1-LONG-3P5S-P01-L1-LOW-CAL-OFFICIAL-R2:1_PER_CLASS-MR00:VS:A4-C0-CORE,Lee2019_MI,RIEMANNIAN,A4-C1-LONG-3P5S,3,100,0.5,0.53,-0.030000000000000027
P02-A4-Lee2019_MI-RIEMANNIAN-A4-C1-LONG-3P5S-P01-L1-LOW-CAL-OFFICIAL-R2:1_PER_CLASS-MR00:VS:A4-C0-CORE,Lee2019_MI,RIEMANNIAN,A4-C1-LONG-3P5S,30,100,0.48,0.45,0.02999999999999997
P02-A4-Lee2019_MI-RIEMANNIAN-A4-C1-LONG-3P5S-P01-L1-LOW-CAL-OFFICIAL-R2:1_PER_CLASS-MR00:VS:A4-C0-CORE,Lee2019_MI,RIEMANNIAN,A4-C1-LONG-3P5S,36,100,0.53,0.53,0.0
P02-A4-Lee2019_MI-RIEMANNIAN-A4-C1-LONG-3P5S-P01-L1-LOW-CAL-OFFICIAL-R2:1_PER_CLASS-MR00:VS:A4-C0-CORE,Lee2019_MI,RIEMANNIAN,A4-C1-LONG-3P5S,6,100,0.5,0.48,0.020000000000000018
P02-A4-Lee2019_MI-RIEMANNIAN-A4-C2-MULTI-HARD-VOTE-P01-L1-LOW-CAL-OFFICIAL-R2:1_PER_CLASS-MR00:VS:A4-C0-CORE,Lee2019_MI,RIEMANNIAN,A4-C2-MULTI-HARD-VOTE,15,100,0.5,0.5,0.0
P02-A4-Lee2019_MI-RIEMANNIAN-A4-C2-MULTI-HARD-VOTE-P01-L1-LOW-CAL-OFFICIAL-R2:1_PER_CLASS-MR00:VS:A4-C0-CORE,Lee2019_MI,RIEMANNIAN,A4-C2-MULTI-HARD-VOTE,19,100,0.51,0.52,-0.010000000000000009
P02-A4-Lee2019_MI-RIEMANNIAN-A4-C2-MULTI-HARD-VOTE-P01-L1-LOW-CAL-OFFICIAL-R2:1_PER_CLASS-MR00:VS:A4-C0-CORE,Lee2019_MI,RIEMANNIAN,A4-C2-MULTI-HARD-VOTE,3,100,0.5,0.53,-0.030000000000000027
P02-A4-Lee2019_MI-RIEMANNIAN-A4-C2-MULTI-HARD-VOTE-P01-L1-LOW-CAL-OFFICIAL-R2:1_PER_CLASS-MR00:VS:A4-C0-CORE,Lee2019_MI,RIEMANNIAN,A4-C2-MULTI-HARD-VOTE,30,100,0.47,0.45,0.019999999999999962
P02-A4-Lee2019_MI-RIEMANNIAN-A4-C2-MULTI-HARD-VOTE-P01-L1-LOW-CAL-OFFICIAL-R2:1_PER_CLASS-MR00:VS:A4-C0-CORE,Lee2019_MI,RIEMANNIAN,A4-C2-MULTI-HARD-VOTE,36,100,0.53,0.53,0.0
P02-A4-Lee2019_MI-RIEMANNIAN-A4-C2-MULTI-HARD-VOTE-P01-L1-LOW-CAL-OFFICIAL-R2:1_PER_CLASS-MR00:VS:A4-C0-CORE,Lee2019_MI,RIEMANNIAN,A4-C2-MULTI-HARD-VOTE,6,100,0.51,0.48,0.030000000000000027
P02-A4-Lee2019_MI-RIEMANNIAN-A4-C3-MULTI-PROB-AVG-P01-L1-LOW-CAL-OFFICIAL-R2:1_PER_CLASS-MR00:VS:A4-C0-CORE,Lee2019_MI,RIEMANNIAN,A4-C3-MULTI-PROB-AVG,15,100,0.5,0.5,0.0
P02-A4-Lee2019_MI-RIEMANNIAN-A4-C3-MULTI-PROB-AVG-P01-L1-LOW-CAL-OFFICIAL-R2:1_PER_CLASS-MR00:VS:A4-C0-CORE,Lee2019_MI,RIEMANNIAN,A4-C3-MULTI-PROB-AVG,19,100,0.51,0.52,-0.010000000000000009
P02-A4-Lee2019_MI-RIEMANNIAN-A4-C3-MULTI-PROB-AVG-P01-L1-LOW-CAL-OFFICIAL-R2:1_PER_CLASS-MR00:VS:A4-C0-CORE,Lee2019_MI,RIEMANNIAN,A4-C3-MULTI-PROB-AVG,3,100,0.52,0.53,-0.010000000000000009
P02-A4-Lee2019_MI-RIEMANNIAN-A4-C3-MULTI-PROB-AVG-P01-L1-LOW-CAL-OFFICIAL-R2:1_PER_CLASS-MR00:VS:A4-C0-CORE,Lee2019_MI,RIEMANNIAN,A4-C3-MULTI-PROB-AVG,30,100,0.44,0.45,-0.010000000000000009
P02-A4-Lee2019_MI-RIEMANNIAN-A4-C3-MULTI-PROB-AVG-P01-L1-LOW-CAL-OFFICIAL-R2:1_PER_CLASS-MR00:VS:A4-C0-CORE,Lee2019_MI,RIEMANNIAN,A4-C3-MULTI-PROB-AVG,36,100,0.54,0.53,0.010000000000000009
P02-A4-Lee2019_MI-RIEMANNIAN-A4-C3-MULTI-PROB-AVG-P01-L1-LOW-CAL-OFFICIAL-R2:1_PER_CLASS-MR00:VS:A4-C0-CORE,Lee2019_MI,RIEMANNIAN,A4-C3-MULTI-PROB-AVG,6,100,0.49,0.48,0.010000000000000009
P02-A4-Lee2019_MI-NEURAL-A4-C1-LONG-3P5S-P01-L1-LOW-CAL-OFFICIAL-R2:1_PER_CLASS-MR00:VS:A4-C0-CORE,Lee2019_MI,NEURAL,A4-C1-LONG-3P5S,15,100,0.5,0.51,-0.010000000000000009
P02-A4-Lee2019_MI-NEURAL-A4-C1-LONG-3P5S-P01-L1-LOW-CAL-OFFICIAL-R2:1_PER_CLASS-MR00:VS:A4-C0-CORE,Lee2019_MI,NEURAL,A4-C1-LONG-3P5S,19,100,0.51,0.54,-0.030000000000000027
P02-A4-Lee2019_MI-NEURAL-A4-C1-LONG-3P5S-P01-L1-LOW-CAL-OFFICIAL-R2:1_PER_CLASS-MR00:VS:A4-C0-CORE,Lee2019_MI,NEURAL,A4-C1-LONG-3P5S,3,100,0.53,0.47,0.06000000000000005
P02-A4-Lee2019_MI-NEURAL-A4-C1-LONG-3P5S-P01-L1-LOW-CAL-OFFICIAL-R2:1_PER_CLASS-MR00:VS:A4-C0-CORE,Lee2019_MI,NEURAL,A4-C1-LONG-3P5S,30,100,0.55,0.53,0.020000000000000018
P02-A4-Lee2019_MI-NEURAL-A4-C1-LONG-3P5S-P01-L1-LOW-CAL-OFFICIAL-R2:1_PER_CLASS-MR00:VS:A4-C0-CORE,Lee2019_MI,NEURAL,A4-C1-LONG-3P5S,36,100,0.5,0.5,0.0
P02-A4-Lee2019_MI-NEURAL-A4-C1-LONG-3P5S-P01-L1-LOW-CAL-OFFICIAL-R2:1_PER_CLASS-MR00:VS:A4-C0-CORE,Lee2019_MI,NEURAL,A4-C1-LONG-3P5S,6,100,0.46,0.5700000000000001,-0.11000000000000004
P02-A4-Lee2019_MI-NEURAL-A4-C2-MULTI-HARD-VOTE-P01-L1-LOW-CAL-OFFICIAL-R2:1_PER_CLASS-MR00:VS:A4-C0-CORE,Lee2019_MI,NEURAL,A4-C2-MULTI-HARD-VOTE,15,100,0.46,0.51,-0.04999999999999999
P02-A4-Lee2019_MI-NEURAL-A4-C2-MULTI-HARD-VOTE-P01-L1-LOW-CAL-OFFICIAL-R2:1_PER_CLASS-MR00:VS:A4-C0-CORE,Lee2019_MI,NEURAL,A4-C2-MULTI-HARD-VOTE,19,100,0.5700000000000001,0.54,0.030000000000000027
P02-A4-Lee2019_MI-NEURAL-A4-C2-MULTI-HARD-VOTE-P01-L1-LOW-CAL-OFFICIAL-R2:1_PER_CLASS-MR00:VS:A4-C0-CORE,Lee2019_MI,NEURAL,A4-C2-MULTI-HARD-VOTE,3,100,0.52,0.47,0.050000000000000044
P02-A4-Lee2019_MI-NEURAL-A4-C2-MULTI-HARD-VOTE-P01-L1-LOW-CAL-OFFICIAL-R2:1_PER_CLASS-MR00:VS:A4-C0-CORE,Lee2019_MI,NEURAL,A4-C2-MULTI-HARD-VOTE,30,100,0.52,0.53,-0.010000000000000009
P02-A4-Lee2019_MI-NEURAL-A4-C2-MULTI-HARD-VOTE-P01-L1-LOW-CAL-OFFICIAL-R2:1_PER_CLASS-MR00:VS:A4-C0-CORE,Lee2019_MI,NEURAL,A4-C2-MULTI-HARD-VOTE,36,100,0.5,0.5,0.0
P02-A4-Lee2019_MI-NEURAL-A4-C2-MULTI-HARD-VOTE-P01-L1-LOW-CAL-OFFICIAL-R2:1_PER_CLASS-MR00:VS:A4-C0-CORE,Lee2019_MI,NEURAL,A4-C2-MULTI-HARD-VOTE,6,100,0.53,0.5700000000000001,-0.040000000000000036
P02-A4-Lee2019_MI-NEURAL-A4-C3-MULTI-PROB-AVG-P01-L1-LOW-CAL-OFFICIAL-R2:1_PER_CLASS-MR00:VS:A4-C0-CORE,Lee2019_MI,NEURAL,A4-C3-MULTI-PROB-AVG,15,100,0.5,0.51,-0.010000000000000009
P02-A4-Lee2019_MI-NEURAL-A4-C3-MULTI-PROB-AVG-P01-L1-LOW-CAL-OFFICIAL-R2:1_PER_CLASS-MR00:VS:A4-C0-CORE,Lee2019_MI,NEURAL,A4-C3-MULTI-PROB-AVG,19,100,0.55,0.54,0.010000000000000009
P02-A4-Lee2019_MI-NEURAL-A4-C3-MULTI-PROB-AVG-P01-L1-LOW-CAL-OFFICIAL-R2:1_PER_CLASS-MR00:VS:A4-C0-CORE,Lee2019_MI,NEURAL,A4-C3-MULTI-PROB-AVG,3,100,0.53,0.47,0.06000000000000005
P02-A4-Lee2019_MI-NEURAL-A4-C3-MULTI-PROB-AVG-P01-L1-LOW-CAL-OFFICIAL-R2:1_PER_CLASS-MR00:VS:A4-C0-CORE,Lee2019_MI,NEURAL,A4-C3-MULTI-PROB-AVG,30,100,0.59,0.53,0.05999999999999994
P02-A4-Lee2019_MI-NEURAL-A4-C3-MULTI-PROB-AVG-P01-L1-LOW-CAL-OFFICIAL-R2:1_PER_CLASS-MR00:VS:A4-C0-CORE,Lee2019_MI,NEURAL,A4-C3-MULTI-PROB-AVG,36,100,0.49,0.5,-0.010000000000000009
P02-A4-Lee2019_MI-NEURAL-A4-C3-MULTI-PROB-AVG-P01-L1-LOW-CAL-OFFICIAL-R2:1_PER_CLASS-MR00:VS:A4-C0-CORE,Lee2019_MI,NEURAL,A4-C3-MULTI-PROB-AVG,6,100,0.51,0.5700000000000001,-0.06000000000000005
P02-A4-Lee2019_MI-SSL-A4-C2-MULTI-HARD-VOTE-P01-L1-LOW-CAL-OFFICIAL-R2:1_PER_CLASS-MR00:VS:A4-C0-CORE,Lee2019_MI,SSL,A4-C2-MULTI-HARD-VOTE,15,100,0.52,0.5,0.020000000000000018
P02-A4-Lee2019_MI-SSL-A4-C2-MULTI-HARD-VOTE-P01-L1-LOW-CAL-OFFICIAL-R2:1_PER_CLASS-MR00:VS:A4-C0-CORE,Lee2019_MI,SSL,A4-C2-MULTI-HARD-VOTE,19,100,0.55,0.54,0.010000000000000009
P02-A4-Lee2019_MI-SSL-A4-C2-MULTI-HARD-VOTE-P01-L1-LOW-CAL-OFFICIAL-R2:1_PER_CLASS-MR00:VS:A4-C0-CORE,Lee2019_MI,SSL,A4-C2-MULTI-HARD-VOTE,3,100,0.48,0.54,-0.06000000000000005
P02-A4-Lee2019_MI-SSL-A4-C2-MULTI-HARD-VOTE-P01-L1-LOW-CAL-OFFICIAL-R2:1_PER_CLASS-MR00:VS:A4-C0-CORE,Lee2019_MI,SSL,A4-C2-MULTI-HARD-VOTE,30,100,0.48,0.5,-0.020000000000000018
P02-A4-Lee2019_MI-SSL-A4-C2-MULTI-HARD-VOTE-P01-L1-LOW-CAL-OFFICIAL-R2:1_PER_CLASS-MR00:VS:A4-C0-CORE,Lee2019_MI,SSL,A4-C2-MULTI-HARD-VOTE,36,100,0.44,0.48,-0.03999999999999998
P02-A4-Lee2019_MI-SSL-A4-C2-MULTI-HARD-VOTE-P01-L1-LOW-CAL-OFFICIAL-R2:1_PER_CLASS-MR00:VS:A4-C0-CORE,Lee2019_MI,SSL,A4-C2-MULTI-HARD-VOTE,6,100,0.61,0.48,0.13
P02-A4-Lee2019_MI-SSL-A4-C3-MULTI-PROB-AVG-P01-L1-LOW-CAL-OFFICIAL-R2:1_PER_CLASS-MR00:VS:A4-C0-CORE,Lee2019_MI,SSL,A4-C3-MULTI-PROB-AVG,15,100,0.54,0.5,0.040000000000000036
P02-A4-Lee2019_MI-SSL-A4-C3-MULTI-PROB-AVG-P01-L1-LOW-CAL-OFFICIAL-R2:1_PER_CLASS-MR00:VS:A4-C0-CORE,Lee2019_MI,SSL,A4-C3-MULTI-PROB-AVG,19,100,0.55,0.54,0.010000000000000009
P02-A4-Lee2019_MI-SSL-A4-C3-MULTI-PROB-AVG-P01-L1-LOW-CAL-OFFICIAL-R2:1_PER_CLASS-MR00:VS:A4-C0-CORE,Lee2019_MI,SSL,A4-C3-MULTI-PROB-AVG,3,100,0.54,0.54,0.0
P02-A4-Lee2019_MI-SSL-A4-C3-MULTI-PROB-AVG-P01-L1-LOW-CAL-OFFICIAL-R2:1_PER_CLASS-MR00:VS:A4-C0-CORE,Lee2019_MI,SSL,A4-C3-MULTI-PROB-AVG,30,100,0.47,0.5,-0.030000000000000027
P02-A4-Lee2019_MI-SSL-A4-C3-MULTI-PROB-AVG-P01-L1-LOW-CAL-OFFICIAL-R2:1_PER_CLASS-MR00:VS:A4-C0-CORE,Lee2019_MI,SSL,A4-C3-MULTI-PROB-AVG,36,100,0.53,0.48,0.050000000000000044
P02-A4-Lee2019_MI-SSL-A4-C3-MULTI-PROB-AVG-P01-L1-LOW-CAL-OFFICIAL-R2:1_PER_CLASS-MR00:VS:A4-C0-CORE,Lee2019_MI,SSL,A4-C3-MULTI-PROB-AVG,6,100,0.61,0.48,0.13
P02-A4-Lee2019_MI-CLASSICAL-A4-C1-LONG-3P5S-P01-L1-LOW-CAL-OFFICIAL-R2:2_PER_CLASS-MR00:VS:A4-C0-CORE,Lee2019_MI,CLASSICAL,A4-C1-LONG-3P5S,15,100,0.5,0.5,0.0
P02-A4-Lee2019_MI-CLASSICAL-A4-C1-LONG-3P5S-P01-L1-LOW-CAL-OFFICIAL-R2:2_PER_CLASS-MR00:VS:A4-C0-CORE,Lee2019_MI,CLASSICAL,A4-C1-LONG-3P5S,19,100,0.5,0.5,0.0
P02-A4-Lee2019_MI-CLASSICAL-A4-C1-LONG-3P5S-P01-L1-LOW-CAL-OFFICIAL-R2:2_PER_CLASS-MR00:VS:A4-C0-CORE,Lee2019_MI,CLASSICAL,A4-C1-LONG-3P5S,3,100,0.5,0.5,0.0
P02-A4-Lee2019_MI-CLASSICAL-A4-C1-LONG-3P5S-P01-L1-LOW-CAL-OFFICIAL-R2:2_PER_CLASS-MR00:VS:A4-C0-CORE,Lee2019_MI,CLASSICAL,A4-C1-LONG-3P5S,30,100,0.5,0.5,0.0
P02-A4-Lee2019_MI-CLASSICAL-A4-C1-LONG-3P5S-P01-L1-LOW-CAL-OFFICIAL-R2:2_PER_CLASS-MR00:VS:A4-C0-CORE,Lee2019_MI,CLASSICAL,A4-C1-LONG-3P5S,36,100,0.5,0.5,0.0
P02-A4-Lee2019_MI-CLASSICAL-A4-C1-LONG-3P5S-P01-L1-LOW-CAL-OFFICIAL-R2:2_PER_CLASS-MR00:VS:A4-C0-CORE,Lee2019_MI,CLASSICAL,A4-C1-LONG-3P5S,6,100,0.5,0.5,0.0
P02-A4-Lee2019_MI-CLASSICAL-A4-C2-MULTI-HARD-VOTE-P01-L1-LOW-CAL-OFFICIAL-R2:2_PER_CLASS-MR00:VS:A4-C0-CORE,Lee2019_MI,CLASSICAL,A4-C2-MULTI-HARD-VOTE,15,100,0.5,0.5,0.0
P02-A4-Lee2019_MI-CLASSICAL-A4-C2-MULTI-HARD-VOTE-P01-L1-LOW-CAL-OFFICIAL-R2:2_PER_CLASS-MR00:VS:A4-C0-CORE,Lee2019_MI,CLASSICAL,A4-C2-MULTI-HARD-VOTE,19,100,0.5,0.5,0.0
P02-A4-Lee2019_MI-CLASSICAL-A4-C2-MULTI-HARD-VOTE-P01-L1-LOW-CAL-OFFICIAL-R2:2_PER_CLASS-MR00:VS:A4-C0-CORE,Lee2019_MI,CLASSICAL,A4-C2-MULTI-HARD-VOTE,3,100,0.5,0.5,0.0
P02-A4-Lee2019_MI-CLASSICAL-A4-C2-MULTI-HARD-VOTE-P01-L1-LOW-CAL-OFFICIAL-R2:2_PER_CLASS-MR00:VS:A4-C0-CORE,Lee2019_MI,CLASSICAL,A4-C2-MULTI-HARD-VOTE,30,100,0.5,0.5,0.0
P02-A4-Lee2019_MI-CLASSICAL-A4-C2-MULTI-HARD-VOTE-P01-L1-LOW-CAL-OFFICIAL-R2:2_PER_CLASS-MR00:VS:A4-C0-CORE,Lee2019_MI,CLASSICAL,A4-C2-MULTI-HARD-VOTE,36,100,0.5,0.5,0.0
P02-A4-Lee2019_MI-CLASSICAL-A4-C2-MULTI-HARD-VOTE-P01-L1-LOW-CAL-OFFICIAL-R2:2_PER_CLASS-MR00:VS:A4-C0-CORE,Lee2019_MI,CLASSICAL,A4-C2-MULTI-HARD-VOTE,6,100,0.5,0.5,0.0
P02-A4-Lee2019_MI-CLASSICAL-A4-C3-MULTI-PROB-AVG-P01-L1-LOW-CAL-OFFICIAL-R2:2_PER_CLASS-MR00:VS:A4-C0-CORE,Lee2019_MI,CLASSICAL,A4-C3-MULTI-PROB-AVG,15,100,0.5,0.5,0.0
P02-A4-Lee2019_MI-CLASSICAL-A4-C3-MULTI-PROB-AVG-P01-L1-LOW-CAL-OFFICIAL-R2:2_PER_CLASS-MR00:VS:A4-C0-CORE,Lee2019_MI,CLASSICAL,A4-C3-MULTI-PROB-AVG,19,100,0.5,0.5,0.0
P02-A4-Lee2019_MI-CLASSICAL-A4-C3-MULTI-PROB-AVG-P01-L1-LOW-CAL-OFFICIAL-R2:2_PER_CLASS-MR00:VS:A4-C0-CORE,Lee2019_MI,CLASSICAL,A4-C3-MULTI-PROB-AVG,3,100,0.5,0.5,0.0
P02-A4-Lee2019_MI-CLASSICAL-A4-C3-MULTI-PROB-AVG-P01-L1-LOW-CAL-OFFICIAL-R2:2_PER_CLASS-MR00:VS:A4-C0-CORE,Lee2019_MI,CLASSICAL,A4-C3-MULTI-PROB-AVG,30,100,0.5,0.5,0.0
P02-A4-Lee2019_MI-CLASSICAL-A4-C3-MULTI-PROB-AVG-P01-L1-LOW-CAL-OFFICIAL-R2:2_PER_CLASS-MR00:VS:A4-C0-CORE,Lee2019_MI,CLASSICAL,A4-C3-MULTI-PROB-AVG,36,100,0.5,0.5,0.0
P02-A4-Lee2019_MI-CLASSICAL-A4-C3-MULTI-PROB-AVG-P01-L1-LOW-CAL-OFFICIAL-R2:2_PER_CLASS-MR00:VS:A4-C0-CORE,Lee2019_MI,CLASSICAL,A4-C3-MULTI-PROB-AVG,6,100,0.5,0.5,0.0
P02-A4-Lee2019_MI-RIEMANNIAN-A4-C1-LONG-3P5S-P01-L1-LOW-CAL-OFFICIAL-R2:2_PER_CLASS-MR00:VS:A4-C0-CORE,Lee2019_MI,RIEMANNIAN,A4-C1-LONG-3P5S,15,100,0.44,0.45,-0.010000000000000009
P02-A4-Lee2019_MI-RIEMANNIAN-A4-C1-LONG-3P5S-P01-L1-LOW-CAL-OFFICIAL-R2:2_PER_CLASS-MR00:VS:A4-C0-CORE,Lee2019_MI,RIEMANNIAN,A4-C1-LONG-3P5S,19,100,0.5,0.51,-0.010000000000000009
P02-A4-Lee2019_MI-RIEMANNIAN-A4-C1-LONG-3P5S-P01-L1-LOW-CAL-OFFICIAL-R2:2_PER_CLASS-MR00:VS:A4-C0-CORE,Lee2019_MI,RIEMANNIAN,A4-C1-LONG-3P5S,3,100,0.5,0.5,0.0
P02-A4-Lee2019_MI-RIEMANNIAN-A4-C1-LONG-3P5S-P01-L1-LOW-CAL-OFFICIAL-R2:2_PER_CLASS-MR00:VS:A4-C0-CORE,Lee2019_MI,RIEMANNIAN,A4-C1-LONG-3P5S,30,100,0.5,0.5,0.0
P02-A4-Lee2019_MI-RIEMANNIAN-A4-C1-LONG-3P5S-P01-L1-LOW-CAL-OFFICIAL-R2:2_PER_CLASS-MR00:VS:A4-C0-CORE,Lee2019_MI,RIEMANNIAN,A4-C1-LONG-3P5S,36,100,0.5,0.5,0.0
P02-A4-Lee2019_MI-RIEMANNIAN-A4-C1-LONG-3P5S-P01-L1-LOW-CAL-OFFICIAL-R2:2_PER_CLASS-MR00:VS:A4-C0-CORE,Lee2019_MI,RIEMANNIAN,A4-C1-LONG-3P5S,6,100,0.5,0.5,0.0
P02-A4-Lee2019_MI-RIEMANNIAN-A4-C2-MULTI-HARD-VOTE-P01-L1-LOW-CAL-OFFICIAL-R2:2_PER_CLASS-MR00:VS:A4-C0-CORE,Lee2019_MI,RIEMANNIAN,A4-C2-MULTI-HARD-VOTE,15,100,0.44,0.45,-0.010000000000000009
P02-A4-Lee2019_MI-RIEMANNIAN-A4-C2-MULTI-HARD-VOTE-P01-L1-LOW-CAL-OFFICIAL-R2:2_PER_CLASS-MR00:VS:A4-C0-CORE,Lee2019_MI,RIEMANNIAN,A4-C2-MULTI-HARD-VOTE,19,100,0.5,0.51,-0.010000000000000009
P02-A4-Lee2019_MI-RIEMANNIAN-A4-C2-MULTI-HARD-VOTE-P01-L1-LOW-CAL-OFFICIAL-R2:2_PER_CLASS-MR00:VS:A4-C0-CORE,Lee2019_MI,RIEMANNIAN,A4-C2-MULTI-HARD-VOTE,3,100,0.5,0.5,0.0
P02-A4-Lee2019_MI-RIEMANNIAN-A4-C2-MULTI-HARD-VOTE-P01-L1-LOW-CAL-OFFICIAL-R2:2_PER_CLASS-MR00:VS:A4-C0-CORE,Lee2019_MI,RIEMANNIAN,A4-C2-MULTI-HARD-VOTE,30,100,0.5,0.5,0.0
P02-A4-Lee2019_MI-RIEMANNIAN-A4-C2-MULTI-HARD-VOTE-P01-L1-LOW-CAL-OFFICIAL-R2:2_PER_CLASS-MR00:VS:A4-C0-CORE,Lee2019_MI,RIEMANNIAN,A4-C2-MULTI-HARD-VOTE,36,100,0.5,0.5,0.0
P02-A4-Lee2019_MI-RIEMANNIAN-A4-C2-MULTI-HARD-VOTE-P01-L1-LOW-CAL-OFFICIAL-R2:2_PER_CLASS-MR00:VS:A4-C0-CORE,Lee2019_MI,RIEMANNIAN,A4-C2-MULTI-HARD-VOTE,6,100,0.5,0.5,0.0
P02-A4-Lee2019_MI-RIEMANNIAN-A4-C3-MULTI-PROB-AVG-P01-L1-LOW-CAL-OFFICIAL-R2:2_PER_CLASS-MR00:VS:A4-C0-CORE,Lee2019_MI,RIEMANNIAN,A4-C3-MULTI-PROB-AVG,15,100,0.43999999999999995,0.45,-0.010000000000000064
P02-A4-Lee2019_MI-RIEMANNIAN-A4-C3-MULTI-PROB-AVG-P01-L1-LOW-CAL-OFFICIAL-R2:2_PER_CLASS-MR00:VS:A4-C0-CORE,Lee2019_MI,RIEMANNIAN,A4-C3-MULTI-PROB-AVG,19,100,0.5,0.51,-0.010000000000000009
P02-A4-Lee2019_MI-RIEMANNIAN-A4-C3-MULTI-PROB-AVG-P01-L1-LOW-CAL-OFFICIAL-R2:2_PER_CLASS-MR00:VS:A4-C0-CORE,Lee2019_MI,RIEMANNIAN,A4-C3-MULTI-PROB-AVG,3,100,0.5,0.5,0.0
P02-A4-Lee2019_MI-RIEMANNIAN-A4-C3-MULTI-PROB-AVG-P01-L1-LOW-CAL-OFFICIAL-R2:2_PER_CLASS-MR00:VS:A4-C0-CORE,Lee2019_MI,RIEMANNIAN,A4-C3-MULTI-PROB-AVG,30,100,0.5,0.5,0.0
P02-A4-Lee2019_MI-RIEMANNIAN-A4-C3-MULTI-PROB-AVG-P01-L1-LOW-CAL-OFFICIAL-R2:2_PER_CLASS-MR00:VS:A4-C0-CORE,Lee2019_MI,RIEMANNIAN,A4-C3-MULTI-PROB-AVG,36,100,0.5,0.5,0.0
P02-A4-Lee2019_MI-RIEMANNIAN-A4-C3-MULTI-PROB-AVG-P01-L1-LOW-CAL-OFFICIAL-R2:2_PER_CLASS-MR00:VS:A4-C0-CORE,Lee2019_MI,RIEMANNIAN,A4-C3-MULTI-PROB-AVG,6,100,0.5,0.5,0.0
P02-A4-Lee2019_MI-CLASSICAL-A4-C1-LONG-3P5S-P01-L1-LOW-CAL-OFFICIAL-R2:4_PER_CLASS-MR00:VS:A4-C0-CORE,Lee2019_MI,CLASSICAL,A4-C1-LONG-3P5S,15,100,0.41000000000000003,0.5,-0.08999999999999997
P02-A4-Lee2019_MI-CLASSICAL-A4-C1-LONG-3P5S-P01-L1-LOW-CAL-OFFICIAL-R2:4_PER_CLASS-MR00:VS:A4-C0-CORE,Lee2019_MI,CLASSICAL,A4-C1-LONG-3P5S,19,100,0.51,0.5,0.010000000000000009
P02-A4-Lee2019_MI-CLASSICAL-A4-C1-LONG-3P5S-P01-L1-LOW-CAL-OFFICIAL-R2:4_PER_CLASS-MR00:VS:A4-C0-CORE,Lee2019_MI,CLASSICAL,A4-C1-LONG-3P5S,3,100,0.5,0.5,0.0
P02-A4-Lee2019_MI-CLASSICAL-A4-C1-LONG-3P5S-P01-L1-LOW-CAL-OFFICIAL-R2:4_PER_CLASS-MR00:VS:A4-C0-CORE,Lee2019_MI,CLASSICAL,A4-C1-LONG-3P5S,30,100,0.53,0.48,0.050000000000000044
P02-A4-Lee2019_MI-CLASSICAL-A4-C1-LONG-3P5S-P01-L1-LOW-CAL-OFFICIAL-R2:4_PER_CLASS-MR00:VS:A4-C0-CORE,Lee2019_MI,CLASSICAL,A4-C1-LONG-3P5S,36,100,0.5,0.5,0.0
P02-A4-Lee2019_MI-CLASSICAL-A4-C1-LONG-3P5S-P01-L1-LOW-CAL-OFFICIAL-R2:4_PER_CLASS-MR00:VS:A4-C0-CORE,Lee2019_MI,CLASSICAL,A4-C1-LONG-3P5S,6,100,0.49,0.5,-0.010000000000000009
P02-A4-Lee2019_MI-CLASSICAL-A4-C2-MULTI-HARD-VOTE-P01-L1-LOW-CAL-OFFICIAL-R2:4_PER_CLASS-MR00:VS:A4-C0-CORE,Lee2019_MI,CLASSICAL,A4-C2-MULTI-HARD-VOTE,15,100,0.5,0.5,0.0
P02-A4-Lee2019_MI-CLASSICAL-A4-C2-MULTI-HARD-VOTE-P01-L1-LOW-CAL-OFFICIAL-R2:4_PER_CLASS-MR00:VS:A4-C0-CORE,Lee2019_MI,CLASSICAL,A4-C2-MULTI-HARD-VOTE,19,100,0.5,0.5,0.0
P02-A4-Lee2019_MI-CLASSICAL-A4-C2-MULTI-HARD-VOTE-P01-L1-LOW-CAL-OFFICIAL-R2:4_PER_CLASS-MR00:VS:A4-C0-CORE,Lee2019_MI,CLASSICAL,A4-C2-MULTI-HARD-VOTE,3,100,0.5,0.5,0.0
P02-A4-Lee2019_MI-CLASSICAL-A4-C2-MULTI-HARD-VOTE-P01-L1-LOW-CAL-OFFICIAL-R2:4_PER_CLASS-MR00:VS:A4-C0-CORE,Lee2019_MI,CLASSICAL,A4-C2-MULTI-HARD-VOTE,30,100,0.5599999999999999,0.48,0.07999999999999996
P02-A4-Lee2019_MI-CLASSICAL-A4-C2-MULTI-HARD-VOTE-P01-L1-LOW-CAL-OFFICIAL-R2:4_PER_CLASS-MR00:VS:A4-C0-CORE,Lee2019_MI,CLASSICAL,A4-C2-MULTI-HARD-VOTE,36,100,0.5,0.5,0.0
P02-A4-Lee2019_MI-CLASSICAL-A4-C2-MULTI-HARD-VOTE-P01-L1-LOW-CAL-OFFICIAL-R2:4_PER_CLASS-MR00:VS:A4-C0-CORE,Lee2019_MI,CLASSICAL,A4-C2-MULTI-HARD-VOTE,6,100,0.5,0.5,0.0
P02-A4-Lee2019_MI-CLASSICAL-A4-C3-MULTI-PROB-AVG-P01-L1-LOW-CAL-OFFICIAL-R2:4_PER_CLASS-MR00:VS:A4-C0-CORE,Lee2019_MI,CLASSICAL,A4-C3-MULTI-PROB-AVG,15,100,0.51,0.5,0.010000000000000009
P02-A4-Lee2019_MI-CLASSICAL-A4-C3-MULTI-PROB-AVG-P01-L1-LOW-CAL-OFFICIAL-R2:4_PER_CLASS-MR00:VS:A4-C0-CORE,Lee2019_MI,CLASSICAL,A4-C3-MULTI-PROB-AVG,19,100,0.5,0.5,0.0
P02-A4-Lee2019_MI-CLASSICAL-A4-C3-MULTI-PROB-AVG-P01-L1-LOW-CAL-OFFICIAL-R2:4_PER_CLASS-MR00:VS:A4-C0-CORE,Lee2019_MI,CLASSICAL,A4-C3-MULTI-PROB-AVG,3,100,0.5,0.5,0.0
P02-A4-Lee2019_MI-CLASSICAL-A4-C3-MULTI-PROB-AVG-P01-L1-LOW-CAL-OFFICIAL-R2:4_PER_CLASS-MR00:VS:A4-C0-CORE,Lee2019_MI,CLASSICAL,A4-C3-MULTI-PROB-AVG,30,100,0.52,0.48,0.040000000000000036
P02-A4-Lee2019_MI-CLASSICAL-A4-C3-MULTI-PROB-AVG-P01-L1-LOW-CAL-OFFICIAL-R2:4_PER_CLASS-MR00:VS:A4-C0-CORE,Lee2019_MI,CLASSICAL,A4-C3-MULTI-PROB-AVG,36,100,0.5,0.5,0.0
P02-A4-Lee2019_MI-CLASSICAL-A4-C3-MULTI-PROB-AVG-P01-L1-LOW-CAL-OFFICIAL-R2:4_PER_CLASS-MR00:VS:A4-C0-CORE,Lee2019_MI,CLASSICAL,A4-C3-MULTI-PROB-AVG,6,100,0.49,0.5,-0.010000000000000009
P02-A4-Lee2019_MI-RIEMANNIAN-A4-C1-LONG-3P5S-P01-L1-LOW-CAL-OFFICIAL-R2:4_PER_CLASS-MR00:VS:A4-C0-CORE,Lee2019_MI,RIEMANNIAN,A4-C1-LONG-3P5S,15,100,0.45,0.45999999999999996,-0.009999999999999953
P02-A4-Lee2019_MI-RIEMANNIAN-A4-C1-LONG-3P5S-P01-L1-LOW-CAL-OFFICIAL-R2:4_PER_CLASS-MR00:VS:A4-C0-CORE,Lee2019_MI,RIEMANNIAN,A4-C1-LONG-3P5S,19,100,0.51,0.52,-0.010000000000000009
P02-A4-Lee2019_MI-RIEMANNIAN-A4-C1-LONG-3P5S-P01-L1-LOW-CAL-OFFICIAL-R2:4_PER_CLASS-MR00:VS:A4-C0-CORE,Lee2019_MI,RIEMANNIAN,A4-C1-LONG-3P5S,3,100,0.5,0.5,0.0
P02-A4-Lee2019_MI-RIEMANNIAN-A4-C1-LONG-3P5S-P01-L1-LOW-CAL-OFFICIAL-R2:4_PER_CLASS-MR00:VS:A4-C0-CORE,Lee2019_MI,RIEMANNIAN,A4-C1-LONG-3P5S,30,100,0.49,0.49,0.0
P02-A4-Lee2019_MI-RIEMANNIAN-A4-C1-LONG-3P5S-P01-L1-LOW-CAL-OFFICIAL-R2:4_PER_CLASS-MR00:VS:A4-C0-CORE,Lee2019_MI,RIEMANNIAN,A4-C1-LONG-3P5S,36,100,0.5,0.5,0.0
P02-A4-Lee2019_MI-RIEMANNIAN-A4-C1-LONG-3P5S-P01-L1-LOW-CAL-OFFICIAL-R2:4_PER_CLASS-MR00:VS:A4-C0-CORE,Lee2019_MI,RIEMANNIAN,A4-C1-LONG-3P5S,6,100,0.52,0.52,0.0
P02-A4-Lee2019_MI-RIEMANNIAN-A4-C2-MULTI-HARD-VOTE-P01-L1-LOW-CAL-OFFICIAL-R2:4_PER_CLASS-MR00:VS:A4-C0-CORE,Lee2019_MI,RIEMANNIAN,A4-C2-MULTI-HARD-VOTE,15,100,0.43999999999999995,0.45999999999999996,-0.020000000000000018
P02-A4-Lee2019_MI-RIEMANNIAN-A4-C2-MULTI-HARD-VOTE-P01-L1-LOW-CAL-OFFICIAL-R2:4_PER_CLASS-MR00:VS:A4-C0-CORE,Lee2019_MI,RIEMANNIAN,A4-C2-MULTI-HARD-VOTE,19,100,0.53,0.52,0.010000000000000009
P02-A4-Lee2019_MI-RIEMANNIAN-A4-C2-MULTI-HARD-VOTE-P01-L1-LOW-CAL-OFFICIAL-R2:4_PER_CLASS-MR00:VS:A4-C0-CORE,Lee2019_MI,RIEMANNIAN,A4-C2-MULTI-HARD-VOTE,3,100,0.5,0.5,0.0
P02-A4-Lee2019_MI-RIEMANNIAN-A4-C2-MULTI-HARD-VOTE-P01-L1-LOW-CAL-OFFICIAL-R2:4_PER_CLASS-MR00:VS:A4-C0-CORE,Lee2019_MI,RIEMANNIAN,A4-C2-MULTI-HARD-VOTE,30,100,0.5,0.49,0.010000000000000009
P02-A4-Lee2019_MI-RIEMANNIAN-A4-C2-MULTI-HARD-VOTE-P01-L1-LOW-CAL-OFFICIAL-R2:4_PER_CLASS-MR00:VS:A4-C0-CORE,Lee2019_MI,RIEMANNIAN,A4-C2-MULTI-HARD-VOTE,36,100,0.5,0.5,0.0
P02-A4-Lee2019_MI-RIEMANNIAN-A4-C2-MULTI-HARD-VOTE-P01-L1-LOW-CAL-OFFICIAL-R2:4_PER_CLASS-MR00:VS:A4-C0-CORE,Lee2019_MI,RIEMANNIAN,A4-C2-MULTI-HARD-VOTE,6,100,0.5,0.52,-0.020000000000000018
P02-A4-Lee2019_MI-RIEMANNIAN-A4-C3-MULTI-PROB-AVG-P01-L1-LOW-CAL-OFFICIAL-R2:4_PER_CLASS-MR00:VS:A4-C0-CORE,Lee2019_MI,RIEMANNIAN,A4-C3-MULTI-PROB-AVG,15,100,0.43999999999999995,0.45999999999999996,-0.020000000000000018
P02-A4-Lee2019_MI-RIEMANNIAN-A4-C3-MULTI-PROB-AVG-P01-L1-LOW-CAL-OFFICIAL-R2:4_PER_CLASS-MR00:VS:A4-C0-CORE,Lee2019_MI,RIEMANNIAN,A4-C3-MULTI-PROB-AVG,19,100,0.52,0.52,0.0
P02-A4-Lee2019_MI-RIEMANNIAN-A4-C3-MULTI-PROB-AVG-P01-L1-LOW-CAL-OFFICIAL-R2:4_PER_CLASS-MR00:VS:A4-C0-CORE,Lee2019_MI,RIEMANNIAN,A4-C3-MULTI-PROB-AVG,3,100,0.5,0.5,0.0
P02-A4-Lee2019_MI-RIEMANNIAN-A4-C3-MULTI-PROB-AVG-P01-L1-LOW-CAL-OFFICIAL-R2:4_PER_CLASS-MR00:VS:A4-C0-CORE,Lee2019_MI,RIEMANNIAN,A4-C3-MULTI-PROB-AVG,30,100,0.49,0.49,0.0
P02-A4-Lee2019_MI-RIEMANNIAN-A4-C3-MULTI-PROB-AVG-P01-L1-LOW-CAL-OFFICIAL-R2:4_PER_CLASS-MR00:VS:A4-C0-CORE,Lee2019_MI,RIEMANNIAN,A4-C3-MULTI-PROB-AVG,36,100,0.5,0.5,0.0
P02-A4-Lee2019_MI-RIEMANNIAN-A4-C3-MULTI-PROB-AVG-P01-L1-LOW-CAL-OFFICIAL-R2:4_PER_CLASS-MR00:VS:A4-C0-CORE,Lee2019_MI,RIEMANNIAN,A4-C3-MULTI-PROB-AVG,6,100,0.5,0.52,-0.020000000000000018
P02-A4-Lee2019_MI-CLASSICAL-A4-C1-LONG-3P5S-P01-L1-LOW-CAL-OFFICIAL-R2:8_PER_CLASS-MR00:VS:A4-C0-CORE,Lee2019_MI,CLASSICAL,A4-C1-LONG-3P5S,15,100,0.49,0.45999999999999996,0.030000000000000027
P02-A4-Lee2019_MI-CLASSICAL-A4-C1-LONG-3P5S-P01-L1-LOW-CAL-OFFICIAL-R2:8_PER_CLASS-MR00:VS:A4-C0-CORE,Lee2019_MI,CLASSICAL,A4-C1-LONG-3P5S,19,100,0.52,0.53,-0.010000000000000009
P02-A4-Lee2019_MI-CLASSICAL-A4-C1-LONG-3P5S-P01-L1-LOW-CAL-OFFICIAL-R2:8_PER_CLASS-MR00:VS:A4-C0-CORE,Lee2019_MI,CLASSICAL,A4-C1-LONG-3P5S,3,100,0.5,0.5,0.0
P02-A4-Lee2019_MI-CLASSICAL-A4-C1-LONG-3P5S-P01-L1-LOW-CAL-OFFICIAL-R2:8_PER_CLASS-MR00:VS:A4-C0-CORE,Lee2019_MI,CLASSICAL,A4-C1-LONG-3P5S,30,100,0.49,0.46,0.02999999999999997
P02-A4-Lee2019_MI-CLASSICAL-A4-C1-LONG-3P5S-P01-L1-LOW-CAL-OFFICIAL-R2:8_PER_CLASS-MR00:VS:A4-C0-CORE,Lee2019_MI,CLASSICAL,A4-C1-LONG-3P5S,36,100,0.48,0.37,0.10999999999999999
P02-A4-Lee2019_MI-CLASSICAL-A4-C1-LONG-3P5S-P01-L1-LOW-CAL-OFFICIAL-R2:8_PER_CLASS-MR00:VS:A4-C0-CORE,Lee2019_MI,CLASSICAL,A4-C1-LONG-3P5S,6,100,0.49,0.45,0.03999999999999998
P02-A4-Lee2019_MI-CLASSICAL-A4-C2-MULTI-HARD-VOTE-P01-L1-LOW-CAL-OFFICIAL-R2:8_PER_CLASS-MR00:VS:A4-C0-CORE,Lee2019_MI,CLASSICAL,A4-C2-MULTI-HARD-VOTE,15,100,0.45999999999999996,0.45999999999999996,0.0
P02-A4-Lee2019_MI-CLASSICAL-A4-C2-MULTI-HARD-VOTE-P01-L1-LOW-CAL-OFFICIAL-R2:8_PER_CLASS-MR00:VS:A4-C0-CORE,Lee2019_MI,CLASSICAL,A4-C2-MULTI-HARD-VOTE,19,100,0.51,0.53,-0.020000000000000018
P02-A4-Lee2019_MI-CLASSICAL-A4-C2-MULTI-HARD-VOTE-P01-L1-LOW-CAL-OFFICIAL-R2:8_PER_CLASS-MR00:VS:A4-C0-CORE,Lee2019_MI,CLASSICAL,A4-C2-MULTI-HARD-VOTE,3,100,0.56,0.5,0.06000000000000005
P02-A4-Lee2019_MI-CLASSICAL-A4-C2-MULTI-HARD-VOTE-P01-L1-LOW-CAL-OFFICIAL-R2:8_PER_CLASS-MR00:VS:A4-C0-CORE,Lee2019_MI,CLASSICAL,A4-C2-MULTI-HARD-VOTE,30,100,0.5599999999999999,0.46,0.09999999999999992
P02-A4-Lee2019_MI-CLASSICAL-A4-C2-MULTI-HARD-VOTE-P01-L1-LOW-CAL-OFFICIAL-R2:8_PER_CLASS-MR00:VS:A4-C0-CORE,Lee2019_MI,CLASSICAL,A4-C2-MULTI-HARD-VOTE,36,100,0.51,0.37,0.14
P02-A4-Lee2019_MI-CLASSICAL-A4-C2-MULTI-HARD-VOTE-P01-L1-LOW-CAL-OFFICIAL-R2:8_PER_CLASS-MR00:VS:A4-C0-CORE,Lee2019_MI,CLASSICAL,A4-C2-MULTI-HARD-VOTE,6,100,0.6200000000000001,0.45,0.1700000000000001
P02-A4-Lee2019_MI-CLASSICAL-A4-C3-MULTI-PROB-AVG-P01-L1-LOW-CAL-OFFICIAL-R2:8_PER_CLASS-MR00:VS:A4-C0-CORE,Lee2019_MI,CLASSICAL,A4-C3-MULTI-PROB-AVG,15,100,0.51,0.45999999999999996,0.050000000000000044
P02-A4-Lee2019_MI-CLASSICAL-A4-C3-MULTI-PROB-AVG-P01-L1-LOW-CAL-OFFICIAL-R2:8_PER_CLASS-MR00:VS:A4-C0-CORE,Lee2019_MI,CLASSICAL,A4-C3-MULTI-PROB-AVG,19,100,0.51,0.53,-0.020000000000000018
P02-A4-Lee2019_MI-CLASSICAL-A4-C3-MULTI-PROB-AVG-P01-L1-LOW-CAL-OFFICIAL-R2:8_PER_CLASS-MR00:VS:A4-C0-CORE,Lee2019_MI,CLASSICAL,A4-C3-MULTI-PROB-AVG,3,100,0.54,0.5,0.040000000000000036
P02-A4-Lee2019_MI-CLASSICAL-A4-C3-MULTI-PROB-AVG-P01-L1-LOW-CAL-OFFICIAL-R2:8_PER_CLASS-MR00:VS:A4-C0-CORE,Lee2019_MI,CLASSICAL,A4-C3-MULTI-PROB-AVG,30,100,0.5599999999999999,0.46,0.09999999999999992
P02-A4-Lee2019_MI-CLASSICAL-A4-C3-MULTI-PROB-AVG-P01-L1-LOW-CAL-OFFICIAL-R2:8_PER_CLASS-MR00:VS:A4-C0-CORE,Lee2019_MI,CLASSICAL,A4-C3-MULTI-PROB-AVG,36,100,0.53,0.37,0.16000000000000003
P02-A4-Lee2019_MI-CLASSICAL-A4-C3-MULTI-PROB-AVG-P01-L1-LOW-CAL-OFFICIAL-R2:8_PER_CLASS-MR00:VS:A4-C0-CORE,Lee2019_MI,CLASSICAL,A4-C3-MULTI-PROB-AVG,6,100,0.6200000000000001,0.45,0.1700000000000001
P02-A4-Lee2019_MI-RIEMANNIAN-A4-C1-LONG-3P5S-P01-L1-LOW-CAL-OFFICIAL-R2:8_PER_CLASS-MR00:VS:A4-C0-CORE,Lee2019_MI,RIEMANNIAN,A4-C1-LONG-3P5S,15,100,0.51,0.51,0.0
P02-A4-Lee2019_MI-RIEMANNIAN-A4-C1-LONG-3P5S-P01-L1-LOW-CAL-OFFICIAL-R2:8_PER_CLASS-MR00:VS:A4-C0-CORE,Lee2019_MI,RIEMANNIAN,A4-C1-LONG-3P5S,19,100,0.5900000000000001,0.56,0.030000000000000027
P02-A4-Lee2019_MI-RIEMANNIAN-A4-C1-LONG-3P5S-P01-L1-LOW-CAL-OFFICIAL-R2:8_PER_CLASS-MR00:VS:A4-C0-CORE,Lee2019_MI,RIEMANNIAN,A4-C1-LONG-3P5S,3,100,0.5700000000000001,0.5900000000000001,-0.020000000000000018
P02-A4-Lee2019_MI-RIEMANNIAN-A4-C1-LONG-3P5S-P01-L1-LOW-CAL-OFFICIAL-R2:8_PER_CLASS-MR00:VS:A4-C0-CORE,Lee2019_MI,RIEMANNIAN,A4-C1-LONG-3P5S,30,100,0.5,0.5,0.0
P02-A4-Lee2019_MI-RIEMANNIAN-A4-C1-LONG-3P5S-P01-L1-LOW-CAL-OFFICIAL-R2:8_PER_CLASS-MR00:VS:A4-C0-CORE,Lee2019_MI,RIEMANNIAN,A4-C1-LONG-3P5S,36,100,0.56,0.6,-0.039999999999999925
P02-A4-Lee2019_MI-RIEMANNIAN-A4-C1-LONG-3P5S-P01-L1-LOW-CAL-OFFICIAL-R2:8_PER_CLASS-MR00:VS:A4-C0-CORE,Lee2019_MI,RIEMANNIAN,A4-C1-LONG-3P5S,6,100,0.47000000000000003,0.44999999999999996,0.020000000000000073
P02-A4-Lee2019_MI-RIEMANNIAN-A4-C2-MULTI-HARD-VOTE-P01-L1-LOW-CAL-OFFICIAL-R2:8_PER_CLASS-MR00:VS:A4-C0-CORE,Lee2019_MI,RIEMANNIAN,A4-C2-MULTI-HARD-VOTE,15,100,0.51,0.51,0.0
P02-A4-Lee2019_MI-RIEMANNIAN-A4-C2-MULTI-HARD-VOTE-P01-L1-LOW-CAL-OFFICIAL-R2:8_PER_CLASS-MR00:VS:A4-C0-CORE,Lee2019_MI,RIEMANNIAN,A4-C2-MULTI-HARD-VOTE,19,100,0.56,0.56,0.0
P02-A4-Lee2019_MI-RIEMANNIAN-A4-C2-MULTI-HARD-VOTE-P01-L1-LOW-CAL-OFFICIAL-R2:8_PER_CLASS-MR00:VS:A4-C0-CORE,Lee2019_MI,RIEMANNIAN,A4-C2-MULTI-HARD-VOTE,3,100,0.54,0.5900000000000001,-0.050000000000000044
P02-A4-Lee2019_MI-RIEMANNIAN-A4-C2-MULTI-HARD-VOTE-P01-L1-LOW-CAL-OFFICIAL-R2:8_PER_CLASS-MR00:VS:A4-C0-CORE,Lee2019_MI,RIEMANNIAN,A4-C2-MULTI-HARD-VOTE,30,100,0.5,0.5,0.0
P02-A4-Lee2019_MI-RIEMANNIAN-A4-C2-MULTI-HARD-VOTE-P01-L1-LOW-CAL-OFFICIAL-R2:8_PER_CLASS-MR00:VS:A4-C0-CORE,Lee2019_MI,RIEMANNIAN,A4-C2-MULTI-HARD-VOTE,36,100,0.63,0.6,0.030000000000000027
P02-A4-Lee2019_MI-RIEMANNIAN-A4-C2-MULTI-HARD-VOTE-P01-L1-LOW-CAL-OFFICIAL-R2:8_PER_CLASS-MR00:VS:A4-C0-CORE,Lee2019_MI,RIEMANNIAN,A4-C2-MULTI-HARD-VOTE,6,100,0.48,0.44999999999999996,0.030000000000000027
P02-A4-Lee2019_MI-RIEMANNIAN-A4-C3-MULTI-PROB-AVG-P01-L1-LOW-CAL-OFFICIAL-R2:8_PER_CLASS-MR00:VS:A4-C0-CORE,Lee2019_MI,RIEMANNIAN,A4-C3-MULTI-PROB-AVG,15,100,0.51,0.51,0.0
P02-A4-Lee2019_MI-RIEMANNIAN-A4-C3-MULTI-PROB-AVG-P01-L1-LOW-CAL-OFFICIAL-R2:8_PER_CLASS-MR00:VS:A4-C0-CORE,Lee2019_MI,RIEMANNIAN,A4-C3-MULTI-PROB-AVG,19,100,0.55,0.56,-0.010000000000000009
P02-A4-Lee2019_MI-RIEMANNIAN-A4-C3-MULTI-PROB-AVG-P01-L1-LOW-CAL-OFFICIAL-R2:8_PER_CLASS-MR00:VS:A4-C0-CORE,Lee2019_MI,RIEMANNIAN,A4-C3-MULTI-PROB-AVG,3,100,0.58,0.5900000000000001,-0.01000000000000012
P02-A4-Lee2019_MI-RIEMANNIAN-A4-C3-MULTI-PROB-AVG-P01-L1-LOW-CAL-OFFICIAL-R2:8_PER_CLASS-MR00:VS:A4-C0-CORE,Lee2019_MI,RIEMANNIAN,A4-C3-MULTI-PROB-AVG,30,100,0.5,0.5,0.0
P02-A4-Lee2019_MI-RIEMANNIAN-A4-C3-MULTI-PROB-AVG-P01-L1-LOW-CAL-OFFICIAL-R2:8_PER_CLASS-MR00:VS:A4-C0-CORE,Lee2019_MI,RIEMANNIAN,A4-C3-MULTI-PROB-AVG,36,100,0.64,0.6,0.040000000000000036
P02-A4-Lee2019_MI-RIEMANNIAN-A4-C3-MULTI-PROB-AVG-P01-L1-LOW-CAL-OFFICIAL-R2:8_PER_CLASS-MR00:VS:A4-C0-CORE,Lee2019_MI,RIEMANNIAN,A4-C3-MULTI-PROB-AVG,6,100,0.5,0.44999999999999996,0.050000000000000044
P02-A4-Lee2019_MI-NEURAL-A4-C1-LONG-3P5S-P01-L1-LOW-CAL-OFFICIAL-R2:8_PER_CLASS-MR00:VS:A4-C0-CORE,Lee2019_MI,NEURAL,A4-C1-LONG-3P5S,15,100,0.5,0.5700000000000001,-0.07000000000000006
P02-A4-Lee2019_MI-NEURAL-A4-C1-LONG-3P5S-P01-L1-LOW-CAL-OFFICIAL-R2:8_PER_CLASS-MR00:VS:A4-C0-CORE,Lee2019_MI,NEURAL,A4-C1-LONG-3P5S,19,100,0.5,0.56,-0.06000000000000005
P02-A4-Lee2019_MI-NEURAL-A4-C1-LONG-3P5S-P01-L1-LOW-CAL-OFFICIAL-R2:8_PER_CLASS-MR00:VS:A4-C0-CORE,Lee2019_MI,NEURAL,A4-C1-LONG-3P5S,3,100,0.53,0.5,0.030000000000000027
P02-A4-Lee2019_MI-NEURAL-A4-C1-LONG-3P5S-P01-L1-LOW-CAL-OFFICIAL-R2:8_PER_CLASS-MR00:VS:A4-C0-CORE,Lee2019_MI,NEURAL,A4-C1-LONG-3P5S,30,100,0.51,0.54,-0.030000000000000027
P02-A4-Lee2019_MI-NEURAL-A4-C1-LONG-3P5S-P01-L1-LOW-CAL-OFFICIAL-R2:8_PER_CLASS-MR00:VS:A4-C0-CORE,Lee2019_MI,NEURAL,A4-C1-LONG-3P5S,36,100,0.51,0.5599999999999999,-0.04999999999999993
P02-A4-Lee2019_MI-NEURAL-A4-C1-LONG-3P5S-P01-L1-LOW-CAL-OFFICIAL-R2:8_PER_CLASS-MR00:VS:A4-C0-CORE,Lee2019_MI,NEURAL,A4-C1-LONG-3P5S,6,100,0.5,0.51,-0.010000000000000009
P02-A4-Lee2019_MI-NEURAL-A4-C2-MULTI-HARD-VOTE-P01-L1-LOW-CAL-OFFICIAL-R2:8_PER_CLASS-MR00:VS:A4-C0-CORE,Lee2019_MI,NEURAL,A4-C2-MULTI-HARD-VOTE,15,100,0.54,0.5700000000000001,-0.030000000000000027
P02-A4-Lee2019_MI-NEURAL-A4-C2-MULTI-HARD-VOTE-P01-L1-LOW-CAL-OFFICIAL-R2:8_PER_CLASS-MR00:VS:A4-C0-CORE,Lee2019_MI,NEURAL,A4-C2-MULTI-HARD-VOTE,19,100,0.53,0.56,-0.030000000000000027
P02-A4-Lee2019_MI-NEURAL-A4-C2-MULTI-HARD-VOTE-P01-L1-LOW-CAL-OFFICIAL-R2:8_PER_CLASS-MR00:VS:A4-C0-CORE,Lee2019_MI,NEURAL,A4-C2-MULTI-HARD-VOTE,3,100,0.53,0.5,0.030000000000000027
P02-A4-Lee2019_MI-NEURAL-A4-C2-MULTI-HARD-VOTE-P01-L1-LOW-CAL-OFFICIAL-R2:8_PER_CLASS-MR00:VS:A4-C0-CORE,Lee2019_MI,NEURAL,A4-C2-MULTI-HARD-VOTE,30,100,0.5,0.54,-0.040000000000000036
P02-A4-Lee2019_MI-NEURAL-A4-C2-MULTI-HARD-VOTE-P01-L1-LOW-CAL-OFFICIAL-R2:8_PER_CLASS-MR00:VS:A4-C0-CORE,Lee2019_MI,NEURAL,A4-C2-MULTI-HARD-VOTE,36,100,0.61,0.5599999999999999,0.050000000000000044
P02-A4-Lee2019_MI-NEURAL-A4-C2-MULTI-HARD-VOTE-P01-L1-LOW-CAL-OFFICIAL-R2:8_PER_CLASS-MR00:VS:A4-C0-CORE,Lee2019_MI,NEURAL,A4-C2-MULTI-HARD-VOTE,6,100,0.49,0.51,-0.020000000000000018
P02-A4-Lee2019_MI-NEURAL-A4-C3-MULTI-PROB-AVG-P01-L1-LOW-CAL-OFFICIAL-R2:8_PER_CLASS-MR00:VS:A4-C0-CORE,Lee2019_MI,NEURAL,A4-C3-MULTI-PROB-AVG,15,100,0.54,0.5700000000000001,-0.030000000000000027
P02-A4-Lee2019_MI-NEURAL-A4-C3-MULTI-PROB-AVG-P01-L1-LOW-CAL-OFFICIAL-R2:8_PER_CLASS-MR00:VS:A4-C0-CORE,Lee2019_MI,NEURAL,A4-C3-MULTI-PROB-AVG,19,100,0.54,0.56,-0.020000000000000018
P02-A4-Lee2019_MI-NEURAL-A4-C3-MULTI-PROB-AVG-P01-L1-LOW-CAL-OFFICIAL-R2:8_PER_CLASS-MR00:VS:A4-C0-CORE,Lee2019_MI,NEURAL,A4-C3-MULTI-PROB-AVG,3,100,0.52,0.5,0.020000000000000018
P02-A4-Lee2019_MI-NEURAL-A4-C3-MULTI-PROB-AVG-P01-L1-LOW-CAL-OFFICIAL-R2:8_PER_CLASS-MR00:VS:A4-C0-CORE,Lee2019_MI,NEURAL,A4-C3-MULTI-PROB-AVG,30,100,0.5,0.54,-0.040000000000000036
P02-A4-Lee2019_MI-NEURAL-A4-C3-MULTI-PROB-AVG-P01-L1-LOW-CAL-OFFICIAL-R2:8_PER_CLASS-MR00:VS:A4-C0-CORE,Lee2019_MI,NEURAL,A4-C3-MULTI-PROB-AVG,36,100,0.61,0.5599999999999999,0.050000000000000044
P02-A4-Lee2019_MI-NEURAL-A4-C3-MULTI-PROB-AVG-P01-L1-LOW-CAL-OFFICIAL-R2:8_PER_CLASS-MR00:VS:A4-C0-CORE,Lee2019_MI,NEURAL,A4-C3-MULTI-PROB-AVG,6,100,0.47000000000000003,0.51,-0.03999999999999998
P02-A4-Lee2019_MI-SSL-A4-C2-MULTI-HARD-VOTE-P01-L1-LOW-CAL-OFFICIAL-R2:8_PER_CLASS-MR00:VS:A4-C0-CORE,Lee2019_MI,SSL,A4-C2-MULTI-HARD-VOTE,15,100,0.55,0.47,0.08000000000000007
P02-A4-Lee2019_MI-SSL-A4-C2-MULTI-HARD-VOTE-P01-L1-LOW-CAL-OFFICIAL-R2:8_PER_CLASS-MR00:VS:A4-C0-CORE,Lee2019_MI,SSL,A4-C2-MULTI-HARD-VOTE,19,100,0.52,0.5,0.020000000000000018
P02-A4-Lee2019_MI-SSL-A4-C2-MULTI-HARD-VOTE-P01-L1-LOW-CAL-OFFICIAL-R2:8_PER_CLASS-MR00:VS:A4-C0-CORE,Lee2019_MI,SSL,A4-C2-MULTI-HARD-VOTE,3,100,0.51,0.58,-0.06999999999999995
P02-A4-Lee2019_MI-SSL-A4-C2-MULTI-HARD-VOTE-P01-L1-LOW-CAL-OFFICIAL-R2:8_PER_CLASS-MR00:VS:A4-C0-CORE,Lee2019_MI,SSL,A4-C2-MULTI-HARD-VOTE,30,100,0.5,0.47000000000000003,0.02999999999999997
P02-A4-Lee2019_MI-SSL-A4-C2-MULTI-HARD-VOTE-P01-L1-LOW-CAL-OFFICIAL-R2:8_PER_CLASS-MR00:VS:A4-C0-CORE,Lee2019_MI,SSL,A4-C2-MULTI-HARD-VOTE,36,100,0.45,0.42,0.030000000000000027
P02-A4-Lee2019_MI-SSL-A4-C2-MULTI-HARD-VOTE-P01-L1-LOW-CAL-OFFICIAL-R2:8_PER_CLASS-MR00:VS:A4-C0-CORE,Lee2019_MI,SSL,A4-C2-MULTI-HARD-VOTE,6,100,0.5800000000000001,0.56,0.020000000000000018
P02-A4-Lee2019_MI-SSL-A4-C3-MULTI-PROB-AVG-P01-L1-LOW-CAL-OFFICIAL-R2:8_PER_CLASS-MR00:VS:A4-C0-CORE,Lee2019_MI,SSL,A4-C3-MULTI-PROB-AVG,15,100,0.56,0.47,0.09000000000000008
P02-A4-Lee2019_MI-SSL-A4-C3-MULTI-PROB-AVG-P01-L1-LOW-CAL-OFFICIAL-R2:8_PER_CLASS-MR00:VS:A4-C0-CORE,Lee2019_MI,SSL,A4-C3-MULTI-PROB-AVG,19,100,0.51,0.5,0.010000000000000009
P02-A4-Lee2019_MI-SSL-A4-C3-MULTI-PROB-AVG-P01-L1-LOW-CAL-OFFICIAL-R2:8_PER_CLASS-MR00:VS:A4-C0-CORE,Lee2019_MI,SSL,A4-C3-MULTI-PROB-AVG,3,100,0.53,0.58,-0.04999999999999993
P02-A4-Lee2019_MI-SSL-A4-C3-MULTI-PROB-AVG-P01-L1-LOW-CAL-OFFICIAL-R2:8_PER_CLASS-MR00:VS:A4-C0-CORE,Lee2019_MI,SSL,A4-C3-MULTI-PROB-AVG,30,100,0.49,0.47000000000000003,0.019999999999999962
P02-A4-Lee2019_MI-SSL-A4-C3-MULTI-PROB-AVG-P01-L1-LOW-CAL-OFFICIAL-R2:8_PER_CLASS-MR00:VS:A4-C0-CORE,Lee2019_MI,SSL,A4-C3-MULTI-PROB-AVG,36,100,0.49,0.42,0.07
P02-A4-Lee2019_MI-SSL-A4-C3-MULTI-PROB-AVG-P01-L1-LOW-CAL-OFFICIAL-R2:8_PER_CLASS-MR00:VS:A4-C0-CORE,Lee2019_MI,SSL,A4-C3-MULTI-PROB-AVG,6,100,0.61,0.56,0.04999999999999993
P02-A4-Lee2019_MI-CLASSICAL-A4-C1-LONG-3P5S-P01-L1-LOW-CAL-OFFICIAL-R2:16_PER_CLASS-MR00:VS:A4-C0-CORE,Lee2019_MI,CLASSICAL,A4-C1-LONG-3P5S,15,100,0.48,0.51,-0.030000000000000027
P02-A4-Lee2019_MI-CLASSICAL-A4-C1-LONG-3P5S-P01-L1-LOW-CAL-OFFICIAL-R2:16_PER_CLASS-MR00:VS:A4-C0-CORE,Lee2019_MI,CLASSICAL,A4-C1-LONG-3P5S,19,100,0.56,0.56,0.0
P02-A4-Lee2019_MI-CLASSICAL-A4-C1-LONG-3P5S-P01-L1-LOW-CAL-OFFICIAL-R2:16_PER_CLASS-MR00:VS:A4-C0-CORE,Lee2019_MI,CLASSICAL,A4-C1-LONG-3P5S,3,100,0.5,0.7,-0.19999999999999996
P02-A4-Lee2019_MI-CLASSICAL-A4-C1-LONG-3P5S-P01-L1-LOW-CAL-OFFICIAL-R2:16_PER_CLASS-MR00:VS:A4-C0-CORE,Lee2019_MI,CLASSICAL,A4-C1-LONG-3P5S,30,100,0.54,0.53,0.010000000000000009
P02-A4-Lee2019_MI-CLASSICAL-A4-C1-LONG-3P5S-P01-L1-LOW-CAL-OFFICIAL-R2:16_PER_CLASS-MR00:VS:A4-C0-CORE,Lee2019_MI,CLASSICAL,A4-C1-LONG-3P5S,36,100,0.5,0.5,0.0
P02-A4-Lee2019_MI-CLASSICAL-A4-C1-LONG-3P5S-P01-L1-LOW-CAL-OFFICIAL-R2:16_PER_CLASS-MR00:VS:A4-C0-CORE,Lee2019_MI,CLASSICAL,A4-C1-LONG-3P5S,6,100,0.7,0.6,0.09999999999999998
P02-A4-Lee2019_MI-CLASSICAL-A4-C2-MULTI-HARD-VOTE-P01-L1-LOW-CAL-OFFICIAL-R2:16_PER_CLASS-MR00:VS:A4-C0-CORE,Lee2019_MI,CLASSICAL,A4-C2-MULTI-HARD-VOTE,15,100,0.5,0.51,-0.010000000000000009
P02-A4-Lee2019_MI-CLASSICAL-A4-C2-MULTI-HARD-VOTE-P01-L1-LOW-CAL-OFFICIAL-R2:16_PER_CLASS-MR00:VS:A4-C0-CORE,Lee2019_MI,CLASSICAL,A4-C2-MULTI-HARD-VOTE,19,100,0.52,0.56,-0.040000000000000036
P02-A4-Lee2019_MI-CLASSICAL-A4-C2-MULTI-HARD-VOTE-P01-L1-LOW-CAL-OFFICIAL-R2:16_PER_CLASS-MR00:VS:A4-C0-CORE,Lee2019_MI,CLASSICAL,A4-C2-MULTI-HARD-VOTE,3,100,0.5,0.7,-0.19999999999999996
P02-A4-Lee2019_MI-CLASSICAL-A4-C2-MULTI-HARD-VOTE-P01-L1-LOW-CAL-OFFICIAL-R2:16_PER_CLASS-MR00:VS:A4-C0-CORE,Lee2019_MI,CLASSICAL,A4-C2-MULTI-HARD-VOTE,30,100,0.46,0.53,-0.07
P02-A4-Lee2019_MI-CLASSICAL-A4-C2-MULTI-HARD-VOTE-P01-L1-LOW-CAL-OFFICIAL-R2:16_PER_CLASS-MR00:VS:A4-C0-CORE,Lee2019_MI,CLASSICAL,A4-C2-MULTI-HARD-VOTE,36,100,0.51,0.5,0.010000000000000009
P02-A4-Lee2019_MI-CLASSICAL-A4-C2-MULTI-HARD-VOTE-P01-L1-LOW-CAL-OFFICIAL-R2:16_PER_CLASS-MR00:VS:A4-C0-CORE,Lee2019_MI,CLASSICAL,A4-C2-MULTI-HARD-VOTE,6,100,0.61,0.6,0.010000000000000009
P02-A4-Lee2019_MI-CLASSICAL-A4-C3-MULTI-PROB-AVG-P01-L1-LOW-CAL-OFFICIAL-R2:16_PER_CLASS-MR00:VS:A4-C0-CORE,Lee2019_MI,CLASSICAL,A4-C3-MULTI-PROB-AVG,15,100,0.5,0.51,-0.010000000000000009
P02-A4-Lee2019_MI-CLASSICAL-A4-C3-MULTI-PROB-AVG-P01-L1-LOW-CAL-OFFICIAL-R2:16_PER_CLASS-MR00:VS:A4-C0-CORE,Lee2019_MI,CLASSICAL,A4-C3-MULTI-PROB-AVG,19,100,0.51,0.56,-0.050000000000000044
P02-A4-Lee2019_MI-CLASSICAL-A4-C3-MULTI-PROB-AVG-P01-L1-LOW-CAL-OFFICIAL-R2:16_PER_CLASS-MR00:VS:A4-C0-CORE,Lee2019_MI,CLASSICAL,A4-C3-MULTI-PROB-AVG,3,100,0.5,0.7,-0.19999999999999996
P02-A4-Lee2019_MI-CLASSICAL-A4-C3-MULTI-PROB-AVG-P01-L1-LOW-CAL-OFFICIAL-R2:16_PER_CLASS-MR00:VS:A4-C0-CORE,Lee2019_MI,CLASSICAL,A4-C3-MULTI-PROB-AVG,30,100,0.38,0.53,-0.15000000000000002
P02-A4-Lee2019_MI-CLASSICAL-A4-C3-MULTI-PROB-AVG-P01-L1-LOW-CAL-OFFICIAL-R2:16_PER_CLASS-MR00:VS:A4-C0-CORE,Lee2019_MI,CLASSICAL,A4-C3-MULTI-PROB-AVG,36,100,0.51,0.5,0.010000000000000009
P02-A4-Lee2019_MI-CLASSICAL-A4-C3-MULTI-PROB-AVG-P01-L1-LOW-CAL-OFFICIAL-R2:16_PER_CLASS-MR00:VS:A4-C0-CORE,Lee2019_MI,CLASSICAL,A4-C3-MULTI-PROB-AVG,6,100,0.63,0.6,0.030000000000000027
P02-A4-Lee2019_MI-RIEMANNIAN-A4-C1-LONG-3P5S-P01-L1-LOW-CAL-OFFICIAL-R2:16_PER_CLASS-MR00:VS:A4-C0-CORE,Lee2019_MI,RIEMANNIAN,A4-C1-LONG-3P5S,15,100,0.6100000000000001,0.6599999999999999,-0.04999999999999982
P02-A4-Lee2019_MI-RIEMANNIAN-A4-C1-LONG-3P5S-P01-L1-LOW-CAL-OFFICIAL-R2:16_PER_CLASS-MR00:VS:A4-C0-CORE,Lee2019_MI,RIEMANNIAN,A4-C1-LONG-3P5S,19,100,0.6,0.57,0.030000000000000027
P02-A4-Lee2019_MI-RIEMANNIAN-A4-C1-LONG-3P5S-P01-L1-LOW-CAL-OFFICIAL-R2:16_PER_CLASS-MR00:VS:A4-C0-CORE,Lee2019_MI,RIEMANNIAN,A4-C1-LONG-3P5S,3,100,0.65,0.57,0.08000000000000007
P02-A4-Lee2019_MI-RIEMANNIAN-A4-C1-LONG-3P5S-P01-L1-LOW-CAL-OFFICIAL-R2:16_PER_CLASS-MR00:VS:A4-C0-CORE,Lee2019_MI,RIEMANNIAN,A4-C1-LONG-3P5S,30,100,0.5,0.5,0.0
P02-A4-Lee2019_MI-RIEMANNIAN-A4-C1-LONG-3P5S-P01-L1-LOW-CAL-OFFICIAL-R2:16_PER_CLASS-MR00:VS:A4-C0-CORE,Lee2019_MI,RIEMANNIAN,A4-C1-LONG-3P5S,36,100,0.6599999999999999,0.62,0.039999999999999925
P02-A4-Lee2019_MI-RIEMANNIAN-A4-C1-LONG-3P5S-P01-L1-LOW-CAL-OFFICIAL-R2:16_PER_CLASS-MR00:VS:A4-C0-CORE,Lee2019_MI,RIEMANNIAN,A4-C1-LONG-3P5S,6,100,0.48,0.5,-0.020000000000000018
P02-A4-Lee2019_MI-RIEMANNIAN-A4-C2-MULTI-HARD-VOTE-P01-L1-LOW-CAL-OFFICIAL-R2:16_PER_CLASS-MR00:VS:A4-C0-CORE,Lee2019_MI,RIEMANNIAN,A4-C2-MULTI-HARD-VOTE,15,100,0.65,0.6599999999999999,-0.009999999999999898
P02-A4-Lee2019_MI-RIEMANNIAN-A4-C2-MULTI-HARD-VOTE-P01-L1-LOW-CAL-OFFICIAL-R2:16_PER_CLASS-MR00:VS:A4-C0-CORE,Lee2019_MI,RIEMANNIAN,A4-C2-MULTI-HARD-VOTE,19,100,0.57,0.57,0.0
P02-A4-Lee2019_MI-RIEMANNIAN-A4-C2-MULTI-HARD-VOTE-P01-L1-LOW-CAL-OFFICIAL-R2:16_PER_CLASS-MR00:VS:A4-C0-CORE,Lee2019_MI,RIEMANNIAN,A4-C2-MULTI-HARD-VOTE,3,100,0.62,0.57,0.050000000000000044
P02-A4-Lee2019_MI-RIEMANNIAN-A4-C2-MULTI-HARD-VOTE-P01-L1-LOW-CAL-OFFICIAL-R2:16_PER_CLASS-MR00:VS:A4-C0-CORE,Lee2019_MI,RIEMANNIAN,A4-C2-MULTI-HARD-VOTE,30,100,0.5,0.5,0.0
P02-A4-Lee2019_MI-RIEMANNIAN-A4-C2-MULTI-HARD-VOTE-P01-L1-LOW-CAL-OFFICIAL-R2:16_PER_CLASS-MR00:VS:A4-C0-CORE,Lee2019_MI,RIEMANNIAN,A4-C2-MULTI-HARD-VOTE,36,100,0.63,0.62,0.010000000000000009
P02-A4-Lee2019_MI-RIEMANNIAN-A4-C2-MULTI-HARD-VOTE-P01-L1-LOW-CAL-OFFICIAL-R2:16_PER_CLASS-MR00:VS:A4-C0-CORE,Lee2019_MI,RIEMANNIAN,A4-C2-MULTI-HARD-VOTE,6,100,0.51,0.5,0.010000000000000009
P02-A4-Lee2019_MI-RIEMANNIAN-A4-C3-MULTI-PROB-AVG-P01-L1-LOW-CAL-OFFICIAL-R2:16_PER_CLASS-MR00:VS:A4-C0-CORE,Lee2019_MI,RIEMANNIAN,A4-C3-MULTI-PROB-AVG,15,100,0.6699999999999999,0.6599999999999999,0.010000000000000009
P02-A4-Lee2019_MI-RIEMANNIAN-A4-C3-MULTI-PROB-AVG-P01-L1-LOW-CAL-OFFICIAL-R2:16_PER_CLASS-MR00:VS:A4-C0-CORE,Lee2019_MI,RIEMANNIAN,A4-C3-MULTI-PROB-AVG,19,100,0.55,0.57,-0.019999999999999907
P02-A4-Lee2019_MI-RIEMANNIAN-A4-C3-MULTI-PROB-AVG-P01-L1-LOW-CAL-OFFICIAL-R2:16_PER_CLASS-MR00:VS:A4-C0-CORE,Lee2019_MI,RIEMANNIAN,A4-C3-MULTI-PROB-AVG,3,100,0.64,0.57,0.07000000000000006
P02-A4-Lee2019_MI-RIEMANNIAN-A4-C3-MULTI-PROB-AVG-P01-L1-LOW-CAL-OFFICIAL-R2:16_PER_CLASS-MR00:VS:A4-C0-CORE,Lee2019_MI,RIEMANNIAN,A4-C3-MULTI-PROB-AVG,30,100,0.5,0.5,0.0
P02-A4-Lee2019_MI-RIEMANNIAN-A4-C3-MULTI-PROB-AVG-P01-L1-LOW-CAL-OFFICIAL-R2:16_PER_CLASS-MR00:VS:A4-C0-CORE,Lee2019_MI,RIEMANNIAN,A4-C3-MULTI-PROB-AVG,36,100,0.6900000000000001,0.62,0.07000000000000006
P02-A4-Lee2019_MI-RIEMANNIAN-A4-C3-MULTI-PROB-AVG-P01-L1-LOW-CAL-OFFICIAL-R2:16_PER_CLASS-MR00:VS:A4-C0-CORE,Lee2019_MI,RIEMANNIAN,A4-C3-MULTI-PROB-AVG,6,100,0.54,0.5,0.040000000000000036
P02-A4-Lee2019_MI-CLASSICAL-A4-C1-LONG-3P5S-P01-L1-LOW-CAL-OFFICIAL-R2:32_PER_CLASS-MR00:VS:A4-C0-CORE,Lee2019_MI,CLASSICAL,A4-C1-LONG-3P5S,15,100,0.48000000000000004,0.49,-0.009999999999999953
P02-A4-Lee2019_MI-CLASSICAL-A4-C1-LONG-3P5S-P01-L1-LOW-CAL-OFFICIAL-R2:32_PER_CLASS-MR00:VS:A4-C0-CORE,Lee2019_MI,CLASSICAL,A4-C1-LONG-3P5S,19,100,0.69,0.6,0.08999999999999997
P02-A4-Lee2019_MI-CLASSICAL-A4-C1-LONG-3P5S-P01-L1-LOW-CAL-OFFICIAL-R2:32_PER_CLASS-MR00:VS:A4-C0-CORE,Lee2019_MI,CLASSICAL,A4-C1-LONG-3P5S,3,100,0.5,0.5,0.0
P02-A4-Lee2019_MI-CLASSICAL-A4-C1-LONG-3P5S-P01-L1-LOW-CAL-OFFICIAL-R2:32_PER_CLASS-MR00:VS:A4-C0-CORE,Lee2019_MI,CLASSICAL,A4-C1-LONG-3P5S,30,100,0.59,0.5,0.08999999999999997
P02-A4-Lee2019_MI-CLASSICAL-A4-C1-LONG-3P5S-P01-L1-LOW-CAL-OFFICIAL-R2:32_PER_CLASS-MR00:VS:A4-C0-CORE,Lee2019_MI,CLASSICAL,A4-C1-LONG-3P5S,36,100,0.5,0.51,-0.010000000000000009
P02-A4-Lee2019_MI-CLASSICAL-A4-C1-LONG-3P5S-P01-L1-LOW-CAL-OFFICIAL-R2:32_PER_CLASS-MR00:VS:A4-C0-CORE,Lee2019_MI,CLASSICAL,A4-C1-LONG-3P5S,6,100,0.51,0.51,0.0
P02-A4-Lee2019_MI-CLASSICAL-A4-C2-MULTI-HARD-VOTE-P01-L1-LOW-CAL-OFFICIAL-R2:32_PER_CLASS-MR00:VS:A4-C0-CORE,Lee2019_MI,CLASSICAL,A4-C2-MULTI-HARD-VOTE,15,100,0.51,0.49,0.020000000000000018
P02-A4-Lee2019_MI-CLASSICAL-A4-C2-MULTI-HARD-VOTE-P01-L1-LOW-CAL-OFFICIAL-R2:32_PER_CLASS-MR00:VS:A4-C0-CORE,Lee2019_MI,CLASSICAL,A4-C2-MULTI-HARD-VOTE,19,100,0.58,0.6,-0.020000000000000018
P02-A4-Lee2019_MI-CLASSICAL-A4-C2-MULTI-HARD-VOTE-P01-L1-LOW-CAL-OFFICIAL-R2:32_PER_CLASS-MR00:VS:A4-C0-CORE,Lee2019_MI,CLASSICAL,A4-C2-MULTI-HARD-VOTE,3,100,0.5,0.5,0.0
P02-A4-Lee2019_MI-CLASSICAL-A4-C2-MULTI-HARD-VOTE-P01-L1-LOW-CAL-OFFICIAL-R2:32_PER_CLASS-MR00:VS:A4-C0-CORE,Lee2019_MI,CLASSICAL,A4-C2-MULTI-HARD-VOTE,30,100,0.5,0.5,0.0
P02-A4-Lee2019_MI-CLASSICAL-A4-C2-MULTI-HARD-VOTE-P01-L1-LOW-CAL-OFFICIAL-R2:32_PER_CLASS-MR00:VS:A4-C0-CORE,Lee2019_MI,CLASSICAL,A4-C2-MULTI-HARD-VOTE,36,100,0.52,0.51,0.010000000000000009
P02-A4-Lee2019_MI-CLASSICAL-A4-C2-MULTI-HARD-VOTE-P01-L1-LOW-CAL-OFFICIAL-R2:32_PER_CLASS-MR00:VS:A4-C0-CORE,Lee2019_MI,CLASSICAL,A4-C2-MULTI-HARD-VOTE,6,100,0.54,0.51,0.030000000000000027
P02-A4-Lee2019_MI-CLASSICAL-A4-C3-MULTI-PROB-AVG-P01-L1-LOW-CAL-OFFICIAL-R2:32_PER_CLASS-MR00:VS:A4-C0-CORE,Lee2019_MI,CLASSICAL,A4-C3-MULTI-PROB-AVG,15,100,0.51,0.49,0.020000000000000018
P02-A4-Lee2019_MI-CLASSICAL-A4-C3-MULTI-PROB-AVG-P01-L1-LOW-CAL-OFFICIAL-R2:32_PER_CLASS-MR00:VS:A4-C0-CORE,Lee2019_MI,CLASSICAL,A4-C3-MULTI-PROB-AVG,19,100,0.61,0.6,0.010000000000000009
P02-A4-Lee2019_MI-CLASSICAL-A4-C3-MULTI-PROB-AVG-P01-L1-LOW-CAL-OFFICIAL-R2:32_PER_CLASS-MR00:VS:A4-C0-CORE,Lee2019_MI,CLASSICAL,A4-C3-MULTI-PROB-AVG,3,100,0.5,0.5,0.0
P02-A4-Lee2019_MI-CLASSICAL-A4-C3-MULTI-PROB-AVG-P01-L1-LOW-CAL-OFFICIAL-R2:32_PER_CLASS-MR00:VS:A4-C0-CORE,Lee2019_MI,CLASSICAL,A4-C3-MULTI-PROB-AVG,30,100,0.5,0.5,0.0
P02-A4-Lee2019_MI-CLASSICAL-A4-C3-MULTI-PROB-AVG-P01-L1-LOW-CAL-OFFICIAL-R2:32_PER_CLASS-MR00:VS:A4-C0-CORE,Lee2019_MI,CLASSICAL,A4-C3-MULTI-PROB-AVG,36,100,0.51,0.51,0.0
P02-A4-Lee2019_MI-CLASSICAL-A4-C3-MULTI-PROB-AVG-P01-L1-LOW-CAL-OFFICIAL-R2:32_PER_CLASS-MR00:VS:A4-C0-CORE,Lee2019_MI,CLASSICAL,A4-C3-MULTI-PROB-AVG,6,100,0.53,0.51,0.020000000000000018
P02-A4-Lee2019_MI-RIEMANNIAN-A4-C1-LONG-3P5S-P01-L1-LOW-CAL-OFFICIAL-R2:32_PER_CLASS-MR00:VS:A4-C0-CORE,Lee2019_MI,RIEMANNIAN,A4-C1-LONG-3P5S,15,100,0.49,0.48,0.010000000000000009
P02-A4-Lee2019_MI-RIEMANNIAN-A4-C1-LONG-3P5S-P01-L1-LOW-CAL-OFFICIAL-R2:32_PER_CLASS-MR00:VS:A4-C0-CORE,Lee2019_MI,RIEMANNIAN,A4-C1-LONG-3P5S,19,100,0.62,0.63,-0.010000000000000009
P02-A4-Lee2019_MI-RIEMANNIAN-A4-C1-LONG-3P5S-P01-L1-LOW-CAL-OFFICIAL-R2:32_PER_CLASS-MR00:VS:A4-C0-CORE,Lee2019_MI,RIEMANNIAN,A4-C1-LONG-3P5S,3,100,0.5,0.5,0.0
P02-A4-Lee2019_MI-RIEMANNIAN-A4-C1-LONG-3P5S-P01-L1-LOW-CAL-OFFICIAL-R2:32_PER_CLASS-MR00:VS:A4-C0-CORE,Lee2019_MI,RIEMANNIAN,A4-C1-LONG-3P5S,30,100,0.52,0.52,0.0
P02-A4-Lee2019_MI-RIEMANNIAN-A4-C1-LONG-3P5S-P01-L1-LOW-CAL-OFFICIAL-R2:32_PER_CLASS-MR00:VS:A4-C0-CORE,Lee2019_MI,RIEMANNIAN,A4-C1-LONG-3P5S,36,100,0.5,0.51,-0.010000000000000009
P02-A4-Lee2019_MI-RIEMANNIAN-A4-C1-LONG-3P5S-P01-L1-LOW-CAL-OFFICIAL-R2:32_PER_CLASS-MR00:VS:A4-C0-CORE,Lee2019_MI,RIEMANNIAN,A4-C1-LONG-3P5S,6,100,0.51,0.53,-0.020000000000000018
P02-A4-Lee2019_MI-RIEMANNIAN-A4-C2-MULTI-HARD-VOTE-P01-L1-LOW-CAL-OFFICIAL-R2:32_PER_CLASS-MR00:VS:A4-C0-CORE,Lee2019_MI,RIEMANNIAN,A4-C2-MULTI-HARD-VOTE,15,100,0.52,0.48,0.040000000000000036
P02-A4-Lee2019_MI-RIEMANNIAN-A4-C2-MULTI-HARD-VOTE-P01-L1-LOW-CAL-OFFICIAL-R2:32_PER_CLASS-MR00:VS:A4-C0-CORE,Lee2019_MI,RIEMANNIAN,A4-C2-MULTI-HARD-VOTE,19,100,0.63,0.63,0.0
P02-A4-Lee2019_MI-RIEMANNIAN-A4-C2-MULTI-HARD-VOTE-P01-L1-LOW-CAL-OFFICIAL-R2:32_PER_CLASS-MR00:VS:A4-C0-CORE,Lee2019_MI,RIEMANNIAN,A4-C2-MULTI-HARD-VOTE,3,100,0.5,0.5,0.0
P02-A4-Lee2019_MI-RIEMANNIAN-A4-C2-MULTI-HARD-VOTE-P01-L1-LOW-CAL-OFFICIAL-R2:32_PER_CLASS-MR00:VS:A4-C0-CORE,Lee2019_MI,RIEMANNIAN,A4-C2-MULTI-HARD-VOTE,30,100,0.5,0.52,-0.020000000000000018
P02-A4-Lee2019_MI-RIEMANNIAN-A4-C2-MULTI-HARD-VOTE-P01-L1-LOW-CAL-OFFICIAL-R2:32_PER_CLASS-MR00:VS:A4-C0-CORE,Lee2019_MI,RIEMANNIAN,A4-C2-MULTI-HARD-VOTE,36,100,0.53,0.51,0.020000000000000018
P02-A4-Lee2019_MI-RIEMANNIAN-A4-C2-MULTI-HARD-VOTE-P01-L1-LOW-CAL-OFFICIAL-R2:32_PER_CLASS-MR00:VS:A4-C0-CORE,Lee2019_MI,RIEMANNIAN,A4-C2-MULTI-HARD-VOTE,6,100,0.49,0.53,-0.040000000000000036
P02-A4-Lee2019_MI-RIEMANNIAN-A4-C3-MULTI-PROB-AVG-P01-L1-LOW-CAL-OFFICIAL-R2:32_PER_CLASS-MR00:VS:A4-C0-CORE,Lee2019_MI,RIEMANNIAN,A4-C3-MULTI-PROB-AVG,15,100,0.51,0.48,0.030000000000000027
P02-A4-Lee2019_MI-RIEMANNIAN-A4-C3-MULTI-PROB-AVG-P01-L1-LOW-CAL-OFFICIAL-R2:32_PER_CLASS-MR00:VS:A4-C0-CORE,Lee2019_MI,RIEMANNIAN,A4-C3-MULTI-PROB-AVG,19,100,0.66,0.63,0.030000000000000027
P02-A4-Lee2019_MI-RIEMANNIAN-A4-C3-MULTI-PROB-AVG-P01-L1-LOW-CAL-OFFICIAL-R2:32_PER_CLASS-MR00:VS:A4-C0-CORE,Lee2019_MI,RIEMANNIAN,A4-C3-MULTI-PROB-AVG,3,100,0.5,0.5,0.0
P02-A4-Lee2019_MI-RIEMANNIAN-A4-C3-MULTI-PROB-AVG-P01-L1-LOW-CAL-OFFICIAL-R2:32_PER_CLASS-MR00:VS:A4-C0-CORE,Lee2019_MI,RIEMANNIAN,A4-C3-MULTI-PROB-AVG,30,100,0.48,0.52,-0.040000000000000036
P02-A4-Lee2019_MI-RIEMANNIAN-A4-C3-MULTI-PROB-AVG-P01-L1-LOW-CAL-OFFICIAL-R2:32_PER_CLASS-MR00:VS:A4-C0-CORE,Lee2019_MI,RIEMANNIAN,A4-C3-MULTI-PROB-AVG,36,100,0.51,0.51,0.0
P02-A4-Lee2019_MI-RIEMANNIAN-A4-C3-MULTI-PROB-AVG-P01-L1-LOW-CAL-OFFICIAL-R2:32_PER_CLASS-MR00:VS:A4-C0-CORE,Lee2019_MI,RIEMANNIAN,A4-C3-MULTI-PROB-AVG,6,100,0.5,0.53,-0.030000000000000027
