run_cell_id,dataset_id,branch_id,condition_id,budget_id,model_repeat_index,subject_id,session_id,n,BACC,F1_MACRO,ACC,ROC_AUC
P02-A0-PhysioNetMI-SAN-MAJ-FULL_TRAIN-MR00,PhysioNetMI,SAN-MAJ,A0-RAW-ACCEPT-ALL,FULL_TRAIN,0,6,0,45,0.5,0.34782608695652173,0.5333333333333333,
P02-A0-PhysioNetMI-SAN-MAJ-FULL_TRAIN-MR00,PhysioNetMI,SAN-MAJ,A0-RAW-ACCEPT-ALL,FULL_TRAIN,0,27,0,45,0.5,0.3382352941176471,0.5111111111111111,
P02-A0-PhysioNetMI-SAN-MAJ-FULL_TRAIN-MR00,PhysioNetMI,SAN-MAJ,A0-RAW-ACCEPT-ALL,FULL_TRAIN,0,39,0,45,0.5,0.3382352941176471,0.5111111111111111,
P02-A0-PhysioNetMI-SAN-MAJ-FULL_TRAIN-MR00,PhysioNetMI,SAN-MAJ,A0-RAW-ACCEPT-ALL,FULL_TRAIN,0,40,0,45,0.5,0.3181818181818182,0.4666666666666667,
P02-A0-PhysioNetMI-SAN-MAJ-FULL_TRAIN-MR00,PhysioNetMI,SAN-MAJ,A0-RAW-ACCEPT-ALL,FULL_TRAIN,0,47,0,45,0.5,0.34782608695652173,0.5333333333333333,
P02-A0-PhysioNetMI-SAN-MAJ-FULL_TRAIN-MR00,PhysioNetMI,SAN-MAJ,A0-RAW-ACCEPT-ALL,FULL_TRAIN,0,48,0,45,0.5,0.3283582089552239,0.4888888888888889,
P02-A0-PhysioNetMI-SAN-MAJ-FULL_TRAIN-MR00,PhysioNetMI,SAN-MAJ,A0-RAW-ACCEPT-ALL,FULL_TRAIN,0,57,0,45,0.5,0.34782608695652173,0.5333333333333333,
P02-A0-PhysioNetMI-SAN-MAJ-FULL_TRAIN-MR00,PhysioNetMI,SAN-MAJ,A0-RAW-ACCEPT-ALL,FULL_TRAIN,0,71,0,45,0.5,0.3283582089552239,0.4888888888888889,
P02-A0-PhysioNetMI-SAN-MAJ-FULL_TRAIN-MR00,PhysioNetMI,SAN-MAJ,A0-RAW-ACCEPT-ALL,FULL_TRAIN,0,93,0,45,0.5,0.3382352941176471,0.5111111111111111,
P02-A0-PhysioNetMI-SAN-MAJ-FULL_TRAIN-MR00,PhysioNetMI,SAN-MAJ,A0-RAW-ACCEPT-ALL,FULL_TRAIN,0,98,0,45,0.5,0.3382352941176471,0.5111111111111111,
P02-A0-PhysioNetMI-SAN-MAJ-FULL_TRAIN-MR00,PhysioNetMI,SAN-MAJ,A0-RAW-ACCEPT-ALL,FULL_TRAIN,0,107,0,45,0.5,0.34782608695652173,0.5333333333333333,
P02-A0-BNCI2014_001-SAN-MAJ-FULL_TRAIN-MR00,BNCI2014_001,SAN-MAJ,A0-RAW-ACCEPT-ALL,FULL_TRAIN,0,7,0train,144,0.5,0.3333333333333333,0.5,
P02-A0-BNCI2014_001-SAN-MAJ-FULL_TRAIN-MR00,BNCI2014_001,SAN-MAJ,A0-RAW-ACCEPT-ALL,FULL_TRAIN,0,7,1test,144,0.5,0.3333333333333333,0.5,
P02-A0-Lee2019_MI-SAN-MAJ-FULL_TRAIN-MR00,Lee2019_MI,SAN-MAJ,A0-RAW-ACCEPT-ALL,FULL_TRAIN,0,3,1,100,0.5,0.3333333333333333,0.5,
P02-A0-Lee2019_MI-SAN-MAJ-FULL_TRAIN-MR00,Lee2019_MI,SAN-MAJ,A0-RAW-ACCEPT-ALL,FULL_TRAIN,0,6,1,100,0.5,0.3333333333333333,0.5,
P02-A0-Lee2019_MI-SAN-MAJ-FULL_TRAIN-MR00,Lee2019_MI,SAN-MAJ,A0-RAW-ACCEPT-ALL,FULL_TRAIN,0,15,1,100,0.5,0.3333333333333333,0.5,
P02-A0-Lee2019_MI-SAN-MAJ-FULL_TRAIN-MR00,Lee2019_MI,SAN-MAJ,A0-RAW-ACCEPT-ALL,FULL_TRAIN,0,19,1,100,0.5,0.3333333333333333,0.5,
P02-A0-Lee2019_MI-SAN-MAJ-FULL_TRAIN-MR00,Lee2019_MI,SAN-MAJ,A0-RAW-ACCEPT-ALL,FULL_TRAIN,0,30,1,100,0.5,0.3333333333333333,0.5,
P02-A0-Lee2019_MI-SAN-MAJ-FULL_TRAIN-MR00,Lee2019_MI,SAN-MAJ,A0-RAW-ACCEPT-ALL,FULL_TRAIN,0,36,1,100,0.5,0.3333333333333333,0.5,
P02-A0-PhysioNetMI-SAN-STRAT-FULL_TRAIN-MR00,PhysioNetMI,SAN-STRAT,A0-RAW-ACCEPT-ALL,FULL_TRAIN,0,6,0,45,0.5535714285714286,0.5535714285714286,0.5555555555555556,0.5
P02-A0-PhysioNetMI-SAN-STRAT-FULL_TRAIN-MR00,PhysioNetMI,SAN-STRAT,A0-RAW-ACCEPT-ALL,FULL_TRAIN,0,27,0,45,0.6007905138339921,0.599802371541502,0.6,0.5
P02-A0-PhysioNetMI-SAN-STRAT-FULL_TRAIN-MR00,PhysioNetMI,SAN-STRAT,A0-RAW-ACCEPT-ALL,FULL_TRAIN,0,39,0,45,0.40019762845849804,0.4,0.4,0.5
P02-A0-PhysioNetMI-SAN-STRAT-FULL_TRAIN-MR00,PhysioNetMI,SAN-STRAT,A0-RAW-ACCEPT-ALL,FULL_TRAIN,0,40,0,45,0.48511904761904756,0.48481831757093086,0.4888888888888889,0.5
P02-A0-PhysioNetMI-SAN-STRAT-FULL_TRAIN-MR00,PhysioNetMI,SAN-STRAT,A0-RAW-ACCEPT-ALL,FULL_TRAIN,0,47,0,45,0.5595238095238095,0.5553359683794465,0.5555555555555556,0.5
P02-A0-PhysioNetMI-SAN-STRAT-FULL_TRAIN-MR00,PhysioNetMI,SAN-STRAT,A0-RAW-ACCEPT-ALL,FULL_TRAIN,0,48,0,45,0.5770750988142292,0.5769421078673924,0.5777777777777777,0.5
P02-A0-PhysioNetMI-SAN-STRAT-FULL_TRAIN-MR00,PhysioNetMI,SAN-STRAT,A0-RAW-ACCEPT-ALL,FULL_TRAIN,0,57,0,45,0.5595238095238095,0.5553359683794465,0.5555555555555556,0.5
P02-A0-PhysioNetMI-SAN-STRAT-FULL_TRAIN-MR00,PhysioNetMI,SAN-STRAT,A0-RAW-ACCEPT-ALL,FULL_TRAIN,0,71,0,45,0.4654150197628458,0.4642857142857143,0.4666666666666667,0.5
P02-A0-PhysioNetMI-SAN-STRAT-FULL_TRAIN-MR00,PhysioNetMI,SAN-STRAT,A0-RAW-ACCEPT-ALL,FULL_TRAIN,0,93,0,45,0.5335968379446641,0.5333333333333333,0.5333333333333333,0.5
P02-A0-PhysioNetMI-SAN-STRAT-FULL_TRAIN-MR00,PhysioNetMI,SAN-STRAT,A0-RAW-ACCEPT-ALL,FULL_TRAIN,0,98,0,45,0.4891304347826087,0.4888888888888889,0.4888888888888889,0.5
P02-A0-PhysioNetMI-SAN-STRAT-FULL_TRAIN-MR00,PhysioNetMI,SAN-STRAT,A0-RAW-ACCEPT-ALL,FULL_TRAIN,0,107,0,45,0.37202380952380953,0.37,0.37777777777777777,0.5
P02-A0-PhysioNetMI-SAN-STRAT-FULL_TRAIN-MR01,PhysioNetMI,SAN-STRAT,A0-RAW-ACCEPT-ALL,FULL_TRAIN,1,6,0,45,0.3333333333333333,0.3330039525691699,0.3333333333333333,0.5
P02-A0-PhysioNetMI-SAN-STRAT-FULL_TRAIN-MR01,PhysioNetMI,SAN-STRAT,A0-RAW-ACCEPT-ALL,FULL_TRAIN,1,27,0,45,0.42292490118577075,0.42193675889328064,0.4222222222222222,0.5
P02-A0-PhysioNetMI-SAN-STRAT-FULL_TRAIN-MR01,PhysioNetMI,SAN-STRAT,A0-RAW-ACCEPT-ALL,FULL_TRAIN,1,39,0,45,0.6037549407114624,0.590080971659919,0.6,0.5
P02-A0-PhysioNetMI-SAN-STRAT-FULL_TRAIN-MR01,PhysioNetMI,SAN-STRAT,A0-RAW-ACCEPT-ALL,FULL_TRAIN,1,40,0,45,0.6220238095238095,0.6214745175655616,0.6222222222222222,0.5
P02-A0-PhysioNetMI-SAN-STRAT-FULL_TRAIN-MR01,PhysioNetMI,SAN-STRAT,A0-RAW-ACCEPT-ALL,FULL_TRAIN,1,47,0,45,0.5327380952380952,0.5324096981692232,0.5333333333333333,0.5
P02-A0-PhysioNetMI-SAN-STRAT-FULL_TRAIN-MR01,PhysioNetMI,SAN-STRAT,A0-RAW-ACCEPT-ALL,FULL_TRAIN,1,48,0,45,0.6017786561264822,0.5982142857142857,0.6,0.5
P02-A0-PhysioNetMI-SAN-STRAT-FULL_TRAIN-MR01,PhysioNetMI,SAN-STRAT,A0-RAW-ACCEPT-ALL,FULL_TRAIN,1,57,0,45,0.5029761904761905,0.4722080571137175,0.4888888888888889,0.5
P02-A0-PhysioNetMI-SAN-STRAT-FULL_TRAIN-MR01,PhysioNetMI,SAN-STRAT,A0-RAW-ACCEPT-ALL,FULL_TRAIN,1,71,0,45,0.5098814229249011,0.5089285714285714,0.5111111111111111,0.5
P02-A0-PhysioNetMI-SAN-STRAT-FULL_TRAIN-MR01,PhysioNetMI,SAN-STRAT,A0-RAW-ACCEPT-ALL,FULL_TRAIN,1,93,0,45,0.6432806324110671,0.6428571428571428,0.6444444444444445,0.5
P02-A0-PhysioNetMI-SAN-STRAT-FULL_TRAIN-MR01,PhysioNetMI,SAN-STRAT,A0-RAW-ACCEPT-ALL,FULL_TRAIN,1,98,0,45,0.6017786561264822,0.5982142857142857,0.6,0.5
P02-A0-PhysioNetMI-SAN-STRAT-FULL_TRAIN-MR01,PhysioNetMI,SAN-STRAT,A0-RAW-ACCEPT-ALL,FULL_TRAIN,1,107,0,45,0.5952380952380952,0.595,0.6,0.5
P02-A0-PhysioNetMI-SAN-STRAT-FULL_TRAIN-MR02,PhysioNetMI,SAN-STRAT,A0-RAW-ACCEPT-ALL,FULL_TRAIN,2,6,0,45,0.40476190476190477,0.39881246907471546,0.4,0.5
P02-A0-PhysioNetMI-SAN-STRAT-FULL_TRAIN-MR02,PhysioNetMI,SAN-STRAT,A0-RAW-ACCEPT-ALL,FULL_TRAIN,2,27,0,45,0.558300395256917,0.55,0.5555555555555556,0.5
P02-A0-PhysioNetMI-SAN-STRAT-FULL_TRAIN-MR02,PhysioNetMI,SAN-STRAT,A0-RAW-ACCEPT-ALL,FULL_TRAIN,2,39,0,45,0.491106719367589,0.48481831757093086,0.4888888888888889,0.5
P02-A0-PhysioNetMI-SAN-STRAT-FULL_TRAIN-MR02,PhysioNetMI,SAN-STRAT,A0-RAW-ACCEPT-ALL,FULL_TRAIN,2,40,0,45,0.4910714285714286,0.4888888888888889,0.4888888888888889,0.5
P02-A0-PhysioNetMI-SAN-STRAT-FULL_TRAIN-MR02,PhysioNetMI,SAN-STRAT,A0-RAW-ACCEPT-ALL,FULL_TRAIN,2,47,0,45,0.6011904761904763,0.599802371541502,0.6,0.5
P02-A0-PhysioNetMI-SAN-STRAT-FULL_TRAIN-MR02,PhysioNetMI,SAN-STRAT,A0-RAW-ACCEPT-ALL,FULL_TRAIN,2,48,0,45,0.5108695652173914,0.5108695652173914,0.5111111111111111,0.5
P02-A0-PhysioNetMI-SAN-STRAT-FULL_TRAIN-MR02,PhysioNetMI,SAN-STRAT,A0-RAW-ACCEPT-ALL,FULL_TRAIN,2,57,0,45,0.6041666666666666,0.599802371541502,0.6,0.5
P02-A0-PhysioNetMI-SAN-STRAT-FULL_TRAIN-MR02,PhysioNetMI,SAN-STRAT,A0-RAW-ACCEPT-ALL,FULL_TRAIN,2,71,0,45,0.48814229249011853,0.48787728847105394,0.4888888888888889,0.5
P02-A0-PhysioNetMI-SAN-STRAT-FULL_TRAIN-MR02,PhysioNetMI,SAN-STRAT,A0-RAW-ACCEPT-ALL,FULL_TRAIN,2,93,0,45,0.6482213438735178,0.6356275303643725,0.6444444444444445,0.5
P02-A0-PhysioNetMI-SAN-STRAT-FULL_TRAIN-MR02,PhysioNetMI,SAN-STRAT,A0-RAW-ACCEPT-ALL,FULL_TRAIN,2,98,0,45,0.46739130434782605,0.46640316205533594,0.4666666666666667,0.5
P02-A0-PhysioNetMI-SAN-STRAT-FULL_TRAIN-MR02,PhysioNetMI,SAN-STRAT,A0-RAW-ACCEPT-ALL,FULL_TRAIN,2,107,0,45,0.4255952380952381,0.42193675889328064,0.4222222222222222,0.5
P02-A0-PhysioNetMI-SAN-STRAT-FULL_TRAIN-MR03,PhysioNetMI,SAN-STRAT,A0-RAW-ACCEPT-ALL,FULL_TRAIN,3,6,0,45,0.5297619047619048,0.5296167247386759,0.5333333333333333,0.5
P02-A0-PhysioNetMI-SAN-STRAT-FULL_TRAIN-MR03,PhysioNetMI,SAN-STRAT,A0-RAW-ACCEPT-ALL,FULL_TRAIN,3,27,0,45,0.5098814229249011,0.5089285714285714,0.5111111111111111,0.5
P02-A0-PhysioNetMI-SAN-STRAT-FULL_TRAIN-MR03,PhysioNetMI,SAN-STRAT,A0-RAW-ACCEPT-ALL,FULL_TRAIN,3,39,0,45,0.5108695652173914,0.5108695652173914,0.5111111111111111,0.5
P02-A0-PhysioNetMI-SAN-STRAT-FULL_TRAIN-MR03,PhysioNetMI,SAN-STRAT,A0-RAW-ACCEPT-ALL,FULL_TRAIN,3,40,0,45,0.5744047619047619,0.5744151319064211,0.5777777777777777,0.5
P02-A0-PhysioNetMI-SAN-STRAT-FULL_TRAIN-MR03,PhysioNetMI,SAN-STRAT,A0-RAW-ACCEPT-ALL,FULL_TRAIN,3,47,0,45,0.5327380952380952,0.5324096981692232,0.5333333333333333,0.5
P02-A0-PhysioNetMI-SAN-STRAT-FULL_TRAIN-MR03,PhysioNetMI,SAN-STRAT,A0-RAW-ACCEPT-ALL,FULL_TRAIN,3,48,0,45,0.5345849802371542,0.5324096981692232,0.5333333333333333,0.5
P02-A0-PhysioNetMI-SAN-STRAT-FULL_TRAIN-MR03,PhysioNetMI,SAN-STRAT,A0-RAW-ACCEPT-ALL,FULL_TRAIN,3,57,0,45,0.3333333333333333,0.3330039525691699,0.3333333333333333,0.5
P02-A0-PhysioNetMI-SAN-STRAT-FULL_TRAIN-MR03,PhysioNetMI,SAN-STRAT,A0-RAW-ACCEPT-ALL,FULL_TRAIN,3,71,0,45,0.4654150197628458,0.4642857142857143,0.4666666666666667,0.5
P02-A0-PhysioNetMI-SAN-STRAT-FULL_TRAIN-MR03,PhysioNetMI,SAN-STRAT,A0-RAW-ACCEPT-ALL,FULL_TRAIN,3,93,0,45,0.5780632411067194,0.5777777777777777,0.5777777777777777,0.5
P02-A0-PhysioNetMI-SAN-STRAT-FULL_TRAIN-MR03,PhysioNetMI,SAN-STRAT,A0-RAW-ACCEPT-ALL,FULL_TRAIN,3,98,0,45,0.5968379446640316,0.590080971659919,0.6,0.5
P02-A0-PhysioNetMI-SAN-STRAT-FULL_TRAIN-MR03,PhysioNetMI,SAN-STRAT,A0-RAW-ACCEPT-ALL,FULL_TRAIN,3,107,0,45,0.44047619047619047,0.44001991040318567,0.4444444444444444,0.5
P02-A0-PhysioNetMI-SAN-STRAT-FULL_TRAIN-MR04,PhysioNetMI,SAN-STRAT,A0-RAW-ACCEPT-ALL,FULL_TRAIN,4,6,0,45,0.5952380952380952,0.595,0.6,0.5
P02-A0-PhysioNetMI-SAN-STRAT-FULL_TRAIN-MR04,PhysioNetMI,SAN-STRAT,A0-RAW-ACCEPT-ALL,FULL_TRAIN,4,27,0,45,0.46739130434782605,0.46640316205533594,0.4666666666666667,0.5
P02-A0-PhysioNetMI-SAN-STRAT-FULL_TRAIN-MR04,PhysioNetMI,SAN-STRAT,A0-RAW-ACCEPT-ALL,FULL_TRAIN,4,39,0,45,0.5316205533596838,0.5296167247386759,0.5333333333333333,0.5
P02-A0-PhysioNetMI-SAN-STRAT-FULL_TRAIN-MR04,PhysioNetMI,SAN-STRAT,A0-RAW-ACCEPT-ALL,FULL_TRAIN,4,40,0,45,0.6577380952380952,0.6557878633350331,0.6666666666666666,0.5
P02-A0-PhysioNetMI-SAN-STRAT-FULL_TRAIN-MR04,PhysioNetMI,SAN-STRAT,A0-RAW-ACCEPT-ALL,FULL_TRAIN,4,47,0,45,0.4880952380952381,0.48787728847105394,0.4888888888888889,0.5
P02-A0-PhysioNetMI-SAN-STRAT-FULL_TRAIN-MR04,PhysioNetMI,SAN-STRAT,A0-RAW-ACCEPT-ALL,FULL_TRAIN,4,48,0,45,0.491106719367589,0.48481831757093086,0.4888888888888889,0.5
P02-A0-PhysioNetMI-SAN-STRAT-FULL_TRAIN-MR04,PhysioNetMI,SAN-STRAT,A0-RAW-ACCEPT-ALL,FULL_TRAIN,4,57,0,45,0.46726190476190477,0.46640316205533594,0.4666666666666667,0.5
P02-A0-PhysioNetMI-SAN-STRAT-FULL_TRAIN-MR04,PhysioNetMI,SAN-STRAT,A0-RAW-ACCEPT-ALL,FULL_TRAIN,4,71,0,45,0.6215415019762847,0.6214745175655616,0.6222222222222222,0.5
P02-A0-PhysioNetMI-SAN-STRAT-FULL_TRAIN-MR04,PhysioNetMI,SAN-STRAT,A0-RAW-ACCEPT-ALL,FULL_TRAIN,4,93,0,45,0.5978260869565217,0.595,0.6,0.5
P02-A0-PhysioNetMI-SAN-STRAT-FULL_TRAIN-MR04,PhysioNetMI,SAN-STRAT,A0-RAW-ACCEPT-ALL,FULL_TRAIN,4,98,0,45,0.37648221343873517,0.375,0.37777777777777777,0.5
P02-A0-PhysioNetMI-SAN-STRAT-FULL_TRAIN-MR04,PhysioNetMI,SAN-STRAT,A0-RAW-ACCEPT-ALL,FULL_TRAIN,4,107,0,45,0.6160714285714286,0.6153846153846154,0.6222222222222222,0.5
P02-A0-PhysioNetMI-SAN-STRAT-FULL_TRAIN-MR05,PhysioNetMI,SAN-STRAT,A0-RAW-ACCEPT-ALL,FULL_TRAIN,5,6,0,45,0.5029761904761905,0.4989878542510121,0.5111111111111111,0.5
P02-A0-PhysioNetMI-SAN-STRAT-FULL_TRAIN-MR05,PhysioNetMI,SAN-STRAT,A0-RAW-ACCEPT-ALL,FULL_TRAIN,5,27,0,45,0.42193675889328064,0.42193675889328064,0.4222222222222222,0.5
P02-A0-PhysioNetMI-SAN-STRAT-FULL_TRAIN-MR05,PhysioNetMI,SAN-STRAT,A0-RAW-ACCEPT-ALL,FULL_TRAIN,5,39,0,45,0.4891304347826087,0.4888888888888889,0.4888888888888889,0.5
P02-A0-PhysioNetMI-SAN-STRAT-FULL_TRAIN-MR05,PhysioNetMI,SAN-STRAT,A0-RAW-ACCEPT-ALL,FULL_TRAIN,5,40,0,45,0.6458333333333333,0.6442687747035574,0.6444444444444445,0.5
P02-A0-PhysioNetMI-SAN-STRAT-FULL_TRAIN-MR05,PhysioNetMI,SAN-STRAT,A0-RAW-ACCEPT-ALL,FULL_TRAIN,5,47,0,45,0.5327380952380952,0.5324096981692232,0.5333333333333333,0.5
P02-A0-PhysioNetMI-SAN-STRAT-FULL_TRAIN-MR05,PhysioNetMI,SAN-STRAT,A0-RAW-ACCEPT-ALL,FULL_TRAIN,5,48,0,45,0.46936758893280633,0.46,0.4666666666666667,0.5
P02-A0-PhysioNetMI-SAN-STRAT-FULL_TRAIN-MR05,PhysioNetMI,SAN-STRAT,A0-RAW-ACCEPT-ALL,FULL_TRAIN,5,57,0,45,0.3630952380952381,0.3504230960676954,0.35555555555555557,0.5
P02-A0-PhysioNetMI-SAN-STRAT-FULL_TRAIN-MR05,PhysioNetMI,SAN-STRAT,A0-RAW-ACCEPT-ALL,FULL_TRAIN,5,71,0,45,0.3102766798418972,0.30974764967837703,0.3111111111111111,0.5
P02-A0-PhysioNetMI-SAN-STRAT-FULL_TRAIN-MR05,PhysioNetMI,SAN-STRAT,A0-RAW-ACCEPT-ALL,FULL_TRAIN,5,93,0,45,0.5770750988142292,0.5769421078673924,0.5777777777777777,0.5
P02-A0-PhysioNetMI-SAN-STRAT-FULL_TRAIN-MR05,PhysioNetMI,SAN-STRAT,A0-RAW-ACCEPT-ALL,FULL_TRAIN,5,98,0,45,0.46640316205533594,0.46640316205533594,0.4666666666666667,0.5
P02-A0-PhysioNetMI-SAN-STRAT-FULL_TRAIN-MR05,PhysioNetMI,SAN-STRAT,A0-RAW-ACCEPT-ALL,FULL_TRAIN,5,107,0,45,0.4642857142857143,0.4642857142857143,0.4666666666666667,0.5
P02-A0-PhysioNetMI-SAN-STRAT-FULL_TRAIN-MR06,PhysioNetMI,SAN-STRAT,A0-RAW-ACCEPT-ALL,FULL_TRAIN,6,6,0,45,0.4226190476190476,0.42193675889328064,0.4222222222222222,0.5
P02-A0-PhysioNetMI-SAN-STRAT-FULL_TRAIN-MR06,PhysioNetMI,SAN-STRAT,A0-RAW-ACCEPT-ALL,FULL_TRAIN,6,27,0,45,0.46837944664031617,0.4642857142857143,0.4666666666666667,0.5
P02-A0-PhysioNetMI-SAN-STRAT-FULL_TRAIN-MR06,PhysioNetMI,SAN-STRAT,A0-RAW-ACCEPT-ALL,FULL_TRAIN,6,39,0,45,0.46837944664031617,0.4642857142857143,0.4666666666666667,0.5
P02-A0-PhysioNetMI-SAN-STRAT-FULL_TRAIN-MR06,PhysioNetMI,SAN-STRAT,A0-RAW-ACCEPT-ALL,FULL_TRAIN,6,40,0,45,0.49404761904761907,0.48787728847105394,0.4888888888888889,0.5
P02-A0-PhysioNetMI-SAN-STRAT-FULL_TRAIN-MR06,PhysioNetMI,SAN-STRAT,A0-RAW-ACCEPT-ALL,FULL_TRAIN,6,47,0,45,0.6190476190476191,0.6192135390741662,0.6222222222222222,0.5
P02-A0-PhysioNetMI-SAN-STRAT-FULL_TRAIN-MR06,PhysioNetMI,SAN-STRAT,A0-RAW-ACCEPT-ALL,FULL_TRAIN,6,48,0,45,0.5553359683794465,0.5553359683794465,0.5555555555555556,0.5
P02-A0-PhysioNetMI-SAN-STRAT-FULL_TRAIN-MR06,PhysioNetMI,SAN-STRAT,A0-RAW-ACCEPT-ALL,FULL_TRAIN,6,57,0,45,0.5773809523809523,0.5769421078673924,0.5777777777777777,0.5
P02-A0-PhysioNetMI-SAN-STRAT-FULL_TRAIN-MR06,PhysioNetMI,SAN-STRAT,A0-RAW-ACCEPT-ALL,FULL_TRAIN,6,71,0,45,0.4871541501976284,0.48481831757093086,0.4888888888888889,0.5
P02-A0-PhysioNetMI-SAN-STRAT-FULL_TRAIN-MR06,PhysioNetMI,SAN-STRAT,A0-RAW-ACCEPT-ALL,FULL_TRAIN,6,93,0,45,0.5760869565217391,0.5744151319064211,0.5777777777777777,0.5
P02-A0-PhysioNetMI-SAN-STRAT-FULL_TRAIN-MR06,PhysioNetMI,SAN-STRAT,A0-RAW-ACCEPT-ALL,FULL_TRAIN,6,98,0,45,0.46936758893280633,0.46,0.4666666666666667,0.5
P02-A0-PhysioNetMI-SAN-STRAT-FULL_TRAIN-MR06,PhysioNetMI,SAN-STRAT,A0-RAW-ACCEPT-ALL,FULL_TRAIN,6,107,0,45,0.4613095238095238,0.46,0.4666666666666667,0.5
P02-A0-PhysioNetMI-SAN-STRAT-FULL_TRAIN-MR07,PhysioNetMI,SAN-STRAT,A0-RAW-ACCEPT-ALL,FULL_TRAIN,7,6,0,45,0.46726190476190477,0.46640316205533594,0.4666666666666667,0.5
P02-A0-PhysioNetMI-SAN-STRAT-FULL_TRAIN-MR07,PhysioNetMI,SAN-STRAT,A0-RAW-ACCEPT-ALL,FULL_TRAIN,7,27,0,45,0.4644268774703557,0.46,0.4666666666666667,0.5
P02-A0-PhysioNetMI-SAN-STRAT-FULL_TRAIN-MR07,PhysioNetMI,SAN-STRAT,A0-RAW-ACCEPT-ALL,FULL_TRAIN,7,39,0,45,0.5118577075098814,0.5108695652173914,0.5111111111111111,0.5
P02-A0-PhysioNetMI-SAN-STRAT-FULL_TRAIN-MR07,PhysioNetMI,SAN-STRAT,A0-RAW-ACCEPT-ALL,FULL_TRAIN,7,40,0,45,0.5535714285714286,0.5535714285714286,0.5555555555555556,0.5
P02-A0-PhysioNetMI-SAN-STRAT-FULL_TRAIN-MR07,PhysioNetMI,SAN-STRAT,A0-RAW-ACCEPT-ALL,FULL_TRAIN,7,47,0,45,0.5327380952380952,0.5324096981692232,0.5333333333333333,0.5
P02-A0-PhysioNetMI-SAN-STRAT-FULL_TRAIN-MR07,PhysioNetMI,SAN-STRAT,A0-RAW-ACCEPT-ALL,FULL_TRAIN,7,48,0,45,0.4624505928853755,0.4444444444444444,0.4666666666666667,0.5
P02-A0-PhysioNetMI-SAN-STRAT-FULL_TRAIN-MR07,PhysioNetMI,SAN-STRAT,A0-RAW-ACCEPT-ALL,FULL_TRAIN,7,57,0,45,0.6041666666666666,0.599802371541502,0.6,0.5
P02-A0-PhysioNetMI-SAN-STRAT-FULL_TRAIN-MR07,PhysioNetMI,SAN-STRAT,A0-RAW-ACCEPT-ALL,FULL_TRAIN,7,71,0,45,0.5326086956521738,0.5324096981692232,0.5333333333333333,0.5
P02-A0-PhysioNetMI-SAN-STRAT-FULL_TRAIN-MR07,PhysioNetMI,SAN-STRAT,A0-RAW-ACCEPT-ALL,FULL_TRAIN,7,93,0,45,0.49011857707509876,0.48787728847105394,0.4888888888888889,0.5
P02-A0-PhysioNetMI-SAN-STRAT-FULL_TRAIN-MR07,PhysioNetMI,SAN-STRAT,A0-RAW-ACCEPT-ALL,FULL_TRAIN,7,98,0,45,0.4654150197628458,0.4642857142857143,0.4666666666666667,0.5
P02-A0-PhysioNetMI-SAN-STRAT-FULL_TRAIN-MR07,PhysioNetMI,SAN-STRAT,A0-RAW-ACCEPT-ALL,FULL_TRAIN,7,107,0,45,0.4732142857142857,0.4642857142857143,0.4666666666666667,0.5
P02-A0-PhysioNetMI-SAN-STRAT-FULL_TRAIN-MR08,PhysioNetMI,SAN-STRAT,A0-RAW-ACCEPT-ALL,FULL_TRAIN,8,6,0,45,0.37202380952380953,0.37,0.37777777777777777,0.5
P02-A0-PhysioNetMI-SAN-STRAT-FULL_TRAIN-MR08,PhysioNetMI,SAN-STRAT,A0-RAW-ACCEPT-ALL,FULL_TRAIN,8,27,0,45,0.5988142292490118,0.5982142857142857,0.6,0.5
P02-A0-PhysioNetMI-SAN-STRAT-FULL_TRAIN-MR08,PhysioNetMI,SAN-STRAT,A0-RAW-ACCEPT-ALL,FULL_TRAIN,8,39,0,45,0.44367588932806323,0.44334487877288475,0.4444444444444444,0.5
P02-A0-PhysioNetMI-SAN-STRAT-FULL_TRAIN-MR08,PhysioNetMI,SAN-STRAT,A0-RAW-ACCEPT-ALL,FULL_TRAIN,8,40,0,45,0.5565476190476191,0.5553359683794465,0.5555555555555556,0.5
P02-A0-PhysioNetMI-SAN-STRAT-FULL_TRAIN-MR08,PhysioNetMI,SAN-STRAT,A0-RAW-ACCEPT-ALL,FULL_TRAIN,8,47,0,45,0.5982142857142857,0.5982142857142857,0.6,0.5
P02-A0-PhysioNetMI-SAN-STRAT-FULL_TRAIN-MR08,PhysioNetMI,SAN-STRAT,A0-RAW-ACCEPT-ALL,FULL_TRAIN,8,48,0,45,0.49011857707509876,0.48787728847105394,0.4888888888888889,0.5
P02-A0-PhysioNetMI-SAN-STRAT-FULL_TRAIN-MR08,PhysioNetMI,SAN-STRAT,A0-RAW-ACCEPT-ALL,FULL_TRAIN,8,57,0,45,0.4017857142857143,0.4,0.4,0.5
P02-A0-PhysioNetMI-SAN-STRAT-FULL_TRAIN-MR08,PhysioNetMI,SAN-STRAT,A0-RAW-ACCEPT-ALL,FULL_TRAIN,8,71,0,45,0.5553359683794465,0.5553359683794465,0.5555555555555556,0.5
P02-A0-PhysioNetMI-SAN-STRAT-FULL_TRAIN-MR08,PhysioNetMI,SAN-STRAT,A0-RAW-ACCEPT-ALL,FULL_TRAIN,8,93,0,45,0.491106719367589,0.48481831757093086,0.4888888888888889,0.5
P02-A0-PhysioNetMI-SAN-STRAT-FULL_TRAIN-MR08,PhysioNetMI,SAN-STRAT,A0-RAW-ACCEPT-ALL,FULL_TRAIN,8,98,0,45,0.3300395256916996,0.3168016194331984,0.3333333333333333,0.5
P02-A0-PhysioNetMI-SAN-STRAT-FULL_TRAIN-MR08,PhysioNetMI,SAN-STRAT,A0-RAW-ACCEPT-ALL,FULL_TRAIN,8,107,0,45,0.49702380952380953,0.48481831757093086,0.4888888888888889,0.5
P02-A0-PhysioNetMI-SAN-STRAT-FULL_TRAIN-MR09,PhysioNetMI,SAN-STRAT,A0-RAW-ACCEPT-ALL,FULL_TRAIN,9,6,0,45,0.5357142857142857,0.5333333333333333,0.5333333333333333,0.5
P02-A0-PhysioNetMI-SAN-STRAT-FULL_TRAIN-MR09,PhysioNetMI,SAN-STRAT,A0-RAW-ACCEPT-ALL,FULL_TRAIN,9,27,0,45,0.491106719367589,0.48481831757093086,0.4888888888888889,0.5
P02-A0-PhysioNetMI-SAN-STRAT-FULL_TRAIN-MR09,PhysioNetMI,SAN-STRAT,A0-RAW-ACCEPT-ALL,FULL_TRAIN,9,39,0,45,0.5335968379446641,0.5333333333333333,0.5333333333333333,0.5
P02-A0-PhysioNetMI-SAN-STRAT-FULL_TRAIN-MR09,PhysioNetMI,SAN-STRAT,A0-RAW-ACCEPT-ALL,FULL_TRAIN,9,40,0,45,0.5952380952380952,0.595,0.6,0.5
P02-A0-PhysioNetMI-SAN-STRAT-FULL_TRAIN-MR09,PhysioNetMI,SAN-STRAT,A0-RAW-ACCEPT-ALL,FULL_TRAIN,9,47,0,45,0.40476190476190477,0.39881246907471546,0.4,0.5
P02-A0-PhysioNetMI-SAN-STRAT-FULL_TRAIN-MR09,PhysioNetMI,SAN-STRAT,A0-RAW-ACCEPT-ALL,FULL_TRAIN,9,48,0,45,0.5790513833992095,0.5769421078673924,0.5777777777777777,0.5
P02-A0-PhysioNetMI-SAN-STRAT-FULL_TRAIN-MR09,PhysioNetMI,SAN-STRAT,A0-RAW-ACCEPT-ALL,FULL_TRAIN,9,57,0,45,0.49404761904761907,0.48787728847105394,0.4888888888888889,0.5
P02-A0-PhysioNetMI-SAN-STRAT-FULL_TRAIN-MR09,PhysioNetMI,SAN-STRAT,A0-RAW-ACCEPT-ALL,FULL_TRAIN,9,71,0,45,0.5316205533596838,0.5296167247386759,0.5333333333333333,0.5
P02-A0-PhysioNetMI-SAN-STRAT-FULL_TRAIN-MR09,PhysioNetMI,SAN-STRAT,A0-RAW-ACCEPT-ALL,FULL_TRAIN,9,93,0,45,0.4199604743083004,0.415,0.4222222222222222,0.5
P02-A0-PhysioNetMI-SAN-STRAT-FULL_TRAIN-MR09,PhysioNetMI,SAN-STRAT,A0-RAW-ACCEPT-ALL,FULL_TRAIN,9,98,0,45,0.5108695652173914,0.5108695652173914,0.5111111111111111,0.5
P02-A0-PhysioNetMI-SAN-STRAT-FULL_TRAIN-MR09,PhysioNetMI,SAN-STRAT,A0-RAW-ACCEPT-ALL,FULL_TRAIN,9,107,0,45,0.46726190476190477,0.46640316205533594,0.4666666666666667,0.5
P02-A0-PhysioNetMI-SAN-STRAT-FULL_TRAIN-MR10,PhysioNetMI,SAN-STRAT,A0-RAW-ACCEPT-ALL,FULL_TRAIN,10,6,0,45,0.46726190476190477,0.46640316205533594,0.4666666666666667,0.5
P02-A0-PhysioNetMI-SAN-STRAT-FULL_TRAIN-MR10,PhysioNetMI,SAN-STRAT,A0-RAW-ACCEPT-ALL,FULL_TRAIN,10,27,0,45,0.5760869565217391,0.5744151319064211,0.5777777777777777,0.5
P02-A0-PhysioNetMI-SAN-STRAT-FULL_TRAIN-MR10,PhysioNetMI,SAN-STRAT,A0-RAW-ACCEPT-ALL,FULL_TRAIN,10,39,0,45,0.4209486166007905,0.4196428571428571,0.4222222222222222,0.5
P02-A0-PhysioNetMI-SAN-STRAT-FULL_TRAIN-MR10,PhysioNetMI,SAN-STRAT,A0-RAW-ACCEPT-ALL,FULL_TRAIN,10,40,0,45,0.4464285714285714,0.4444444444444444,0.4444444444444444,0.5
P02-A0-PhysioNetMI-SAN-STRAT-FULL_TRAIN-MR10,PhysioNetMI,SAN-STRAT,A0-RAW-ACCEPT-ALL,FULL_TRAIN,10,47,0,45,0.5267857142857143,0.5248868778280543,0.5333333333333333,0.5
P02-A0-PhysioNetMI-SAN-STRAT-FULL_TRAIN-MR10,PhysioNetMI,SAN-STRAT,A0-RAW-ACCEPT-ALL,FULL_TRAIN,10,48,0,45,0.35671936758893286,0.3542800593765463,0.35555555555555557,0.5
P02-A0-PhysioNetMI-SAN-STRAT-FULL_TRAIN-MR10,PhysioNetMI,SAN-STRAT,A0-RAW-ACCEPT-ALL,FULL_TRAIN,10,57,0,45,0.44345238095238093,0.44334487877288475,0.4444444444444444,0.5
P02-A0-PhysioNetMI-SAN-STRAT-FULL_TRAIN-MR10,PhysioNetMI,SAN-STRAT,A0-RAW-ACCEPT-ALL,FULL_TRAIN,10,71,0,45,0.3320158102766798,0.33035714285714285,0.3333333333333333,0.5
P02-A0-PhysioNetMI-SAN-STRAT-FULL_TRAIN-MR10,PhysioNetMI,SAN-STRAT,A0-RAW-ACCEPT-ALL,FULL_TRAIN,10,93,0,45,0.6017786561264822,0.5982142857142857,0.6,0.5
P02-A0-PhysioNetMI-SAN-STRAT-FULL_TRAIN-MR10,PhysioNetMI,SAN-STRAT,A0-RAW-ACCEPT-ALL,FULL_TRAIN,10,98,0,45,0.5563241106719368,0.5553359683794465,0.5555555555555556,0.5
P02-A0-PhysioNetMI-SAN-STRAT-FULL_TRAIN-MR10,PhysioNetMI,SAN-STRAT,A0-RAW-ACCEPT-ALL,FULL_TRAIN,10,107,0,45,0.5505952380952381,0.55,0.5555555555555556,0.5
P02-A0-PhysioNetMI-SAN-STRAT-FULL_TRAIN-MR11,PhysioNetMI,SAN-STRAT,A0-RAW-ACCEPT-ALL,FULL_TRAIN,11,6,0,45,0.5148809523809523,0.5108695652173914,0.5111111111111111,0.5
P02-A0-PhysioNetMI-SAN-STRAT-FULL_TRAIN-MR11,PhysioNetMI,SAN-STRAT,A0-RAW-ACCEPT-ALL,FULL_TRAIN,11,27,0,45,0.5592885375494071,0.5445344129554656,0.5555555555555556,0.5
P02-A0-PhysioNetMI-SAN-STRAT-FULL_TRAIN-MR11,PhysioNetMI,SAN-STRAT,A0-RAW-ACCEPT-ALL,FULL_TRAIN,11,39,0,45,0.5108695652173914,0.5108695652173914,0.5111111111111111,0.5
P02-A0-PhysioNetMI-SAN-STRAT-FULL_TRAIN-MR11,PhysioNetMI,SAN-STRAT,A0-RAW-ACCEPT-ALL,FULL_TRAIN,11,40,0,45,0.5357142857142857,0.5333333333333333,0.5333333333333333,0.5
P02-A0-PhysioNetMI-SAN-STRAT-FULL_TRAIN-MR11,PhysioNetMI,SAN-STRAT,A0-RAW-ACCEPT-ALL,FULL_TRAIN,11,47,0,45,0.5625,0.5535714285714286,0.5555555555555556,0.5
P02-A0-PhysioNetMI-SAN-STRAT-FULL_TRAIN-MR11,PhysioNetMI,SAN-STRAT,A0-RAW-ACCEPT-ALL,FULL_TRAIN,11,48,0,45,0.42391304347826086,0.4196428571428571,0.4222222222222222,0.5
P02-A0-PhysioNetMI-SAN-STRAT-FULL_TRAIN-MR11,PhysioNetMI,SAN-STRAT,A0-RAW-ACCEPT-ALL,FULL_TRAIN,11,57,0,45,0.39880952380952384,0.39881246907471546,0.4,0.5
P02-A0-PhysioNetMI-SAN-STRAT-FULL_TRAIN-MR11,PhysioNetMI,SAN-STRAT,A0-RAW-ACCEPT-ALL,FULL_TRAIN,11,71,0,45,0.5335968379446641,0.5333333333333333,0.5333333333333333,0.5
P02-A0-PhysioNetMI-SAN-STRAT-FULL_TRAIN-MR11,PhysioNetMI,SAN-STRAT,A0-RAW-ACCEPT-ALL,FULL_TRAIN,11,93,0,45,0.48616600790513836,0.4796380090497738,0.4888888888888889,0.5
P02-A0-PhysioNetMI-SAN-STRAT-FULL_TRAIN-MR11,PhysioNetMI,SAN-STRAT,A0-RAW-ACCEPT-ALL,FULL_TRAIN,11,98,0,45,0.5335968379446641,0.5333333333333333,0.5333333333333333,0.5
P02-A0-PhysioNetMI-SAN-STRAT-FULL_TRAIN-MR11,PhysioNetMI,SAN-STRAT,A0-RAW-ACCEPT-ALL,FULL_TRAIN,11,107,0,45,0.3482142857142857,0.3438914027149321,0.35555555555555557,0.5
P02-A0-PhysioNetMI-SAN-STRAT-FULL_TRAIN-MR12,PhysioNetMI,SAN-STRAT,A0-RAW-ACCEPT-ALL,FULL_TRAIN,12,6,0,45,0.4880952380952381,0.48787728847105394,0.4888888888888889,0.5
P02-A0-PhysioNetMI-SAN-STRAT-FULL_TRAIN-MR12,PhysioNetMI,SAN-STRAT,A0-RAW-ACCEPT-ALL,FULL_TRAIN,12,27,0,45,0.5553359683794465,0.5553359683794465,0.5555555555555556,0.5
P02-A0-PhysioNetMI-SAN-STRAT-FULL_TRAIN-MR12,PhysioNetMI,SAN-STRAT,A0-RAW-ACCEPT-ALL,FULL_TRAIN,12,39,0,45,0.5326086956521738,0.5324096981692232,0.5333333333333333,0.5
P02-A0-PhysioNetMI-SAN-STRAT-FULL_TRAIN-MR12,PhysioNetMI,SAN-STRAT,A0-RAW-ACCEPT-ALL,FULL_TRAIN,12,40,0,45,0.3839285714285714,0.375,0.37777777777777777,0.5
P02-A0-PhysioNetMI-SAN-STRAT-FULL_TRAIN-MR12,PhysioNetMI,SAN-STRAT,A0-RAW-ACCEPT-ALL,FULL_TRAIN,12,47,0,45,0.5833333333333333,0.5769421078673924,0.5777777777777777,0.5
P02-A0-PhysioNetMI-SAN-STRAT-FULL_TRAIN-MR12,PhysioNetMI,SAN-STRAT,A0-RAW-ACCEPT-ALL,FULL_TRAIN,12,48,0,45,0.48814229249011853,0.48787728847105394,0.4888888888888889,0.5
P02-A0-PhysioNetMI-SAN-STRAT-FULL_TRAIN-MR12,PhysioNetMI,SAN-STRAT,A0-RAW-ACCEPT-ALL,FULL_TRAIN,12,57,0,45,0.5803571428571428,0.5777777777777777,0.5777777777777777,0.5
P02-A0-PhysioNetMI-SAN-STRAT-FULL_TRAIN-MR12,PhysioNetMI,SAN-STRAT,A0-RAW-ACCEPT-ALL,FULL_TRAIN,12,71,0,45,0.4209486166007905,0.4196428571428571,0.4222222222222222,0.5
P02-A0-PhysioNetMI-SAN-STRAT-FULL_TRAIN-MR12,PhysioNetMI,SAN-STRAT,A0-RAW-ACCEPT-ALL,FULL_TRAIN,12,93,0,45,0.6907114624505929,0.6875,0.6888888888888889,0.5
P02-A0-PhysioNetMI-SAN-STRAT-FULL_TRAIN-MR12,PhysioNetMI,SAN-STRAT,A0-RAW-ACCEPT-ALL,FULL_TRAIN,12,98,0,45,0.5098814229249011,0.5089285714285714,0.5111111111111111,0.5
P02-A0-PhysioNetMI-SAN-STRAT-FULL_TRAIN-MR12,PhysioNetMI,SAN-STRAT,A0-RAW-ACCEPT-ALL,FULL_TRAIN,12,107,0,45,0.5386904761904762,0.5324096981692232,0.5333333333333333,0.5
P02-A0-PhysioNetMI-SAN-STRAT-FULL_TRAIN-MR13,PhysioNetMI,SAN-STRAT,A0-RAW-ACCEPT-ALL,FULL_TRAIN,13,6,0,45,0.5833333333333333,0.5769421078673924,0.5777777777777777,0.5
P02-A0-PhysioNetMI-SAN-STRAT-FULL_TRAIN-MR13,PhysioNetMI,SAN-STRAT,A0-RAW-ACCEPT-ALL,FULL_TRAIN,13,27,0,45,0.44466403162055335,0.4444444444444444,0.4444444444444444,0.5
P02-A0-PhysioNetMI-SAN-STRAT-FULL_TRAIN-MR13,PhysioNetMI,SAN-STRAT,A0-RAW-ACCEPT-ALL,FULL_TRAIN,13,39,0,45,0.39920948616600793,0.39881246907471546,0.4,0.5
P02-A0-PhysioNetMI-SAN-STRAT-FULL_TRAIN-MR13,PhysioNetMI,SAN-STRAT,A0-RAW-ACCEPT-ALL,FULL_TRAIN,13,40,0,45,0.6488095238095238,0.6442687747035574,0.6444444444444445,0.5
P02-A0-PhysioNetMI-SAN-STRAT-FULL_TRAIN-MR13,PhysioNetMI,SAN-STRAT,A0-RAW-ACCEPT-ALL,FULL_TRAIN,13,47,0,45,0.5267857142857143,0.5248868778280543,0.5333333333333333,0.5
P02-A0-PhysioNetMI-SAN-STRAT-FULL_TRAIN-MR13,PhysioNetMI,SAN-STRAT,A0-RAW-ACCEPT-ALL,FULL_TRAIN,13,48,0,45,0.5523715415019763,0.5445344129554656,0.5555555555555556,0.5
P02-A0-PhysioNetMI-SAN-STRAT-FULL_TRAIN-MR13,PhysioNetMI,SAN-STRAT,A0-RAW-ACCEPT-ALL,FULL_TRAIN,13,57,0,45,0.44047619047619047,0.44001991040318567,0.4444444444444444,0.5
P02-A0-PhysioNetMI-SAN-STRAT-FULL_TRAIN-MR13,PhysioNetMI,SAN-STRAT,A0-RAW-ACCEPT-ALL,FULL_TRAIN,13,71,0,45,0.4209486166007905,0.4196428571428571,0.4222222222222222,0.5
P02-A0-PhysioNetMI-SAN-STRAT-FULL_TRAIN-MR13,PhysioNetMI,SAN-STRAT,A0-RAW-ACCEPT-ALL,FULL_TRAIN,13,93,0,45,0.46739130434782605,0.46640316205533594,0.4666666666666667,0.5
P02-A0-PhysioNetMI-SAN-STRAT-FULL_TRAIN-MR13,PhysioNetMI,SAN-STRAT,A0-RAW-ACCEPT-ALL,FULL_TRAIN,13,98,0,45,0.5118577075098814,0.5108695652173914,0.5111111111111111,0.5
P02-A0-PhysioNetMI-SAN-STRAT-FULL_TRAIN-MR13,PhysioNetMI,SAN-STRAT,A0-RAW-ACCEPT-ALL,FULL_TRAIN,13,107,0,45,0.4613095238095238,0.46,0.4666666666666667,0.5
P02-A0-PhysioNetMI-SAN-STRAT-FULL_TRAIN-MR14,PhysioNetMI,SAN-STRAT,A0-RAW-ACCEPT-ALL,FULL_TRAIN,14,6,0,45,0.5208333333333333,0.505,0.5111111111111111,0.5
P02-A0-PhysioNetMI-SAN-STRAT-FULL_TRAIN-MR14,PhysioNetMI,SAN-STRAT,A0-RAW-ACCEPT-ALL,FULL_TRAIN,14,27,0,45,0.48814229249011853,0.48787728847105394,0.4888888888888889,0.5
P02-A0-PhysioNetMI-SAN-STRAT-FULL_TRAIN-MR14,PhysioNetMI,SAN-STRAT,A0-RAW-ACCEPT-ALL,FULL_TRAIN,14,39,0,45,0.5335968379446641,0.5333333333333333,0.5333333333333333,0.5
P02-A0-PhysioNetMI-SAN-STRAT-FULL_TRAIN-MR14,PhysioNetMI,SAN-STRAT,A0-RAW-ACCEPT-ALL,FULL_TRAIN,14,40,0,45,0.5773809523809523,0.5769421078673924,0.5777777777777777,0.5
P02-A0-PhysioNetMI-SAN-STRAT-FULL_TRAIN-MR14,PhysioNetMI,SAN-STRAT,A0-RAW-ACCEPT-ALL,FULL_TRAIN,14,47,0,45,0.39285714285714285,0.3891402714932127,0.4,0.5
P02-A0-PhysioNetMI-SAN-STRAT-FULL_TRAIN-MR14,PhysioNetMI,SAN-STRAT,A0-RAW-ACCEPT-ALL,FULL_TRAIN,14,48,0,45,0.44367588932806323,0.44334487877288475,0.4444444444444444,0.5
P02-A0-PhysioNetMI-SAN-STRAT-FULL_TRAIN-MR14,PhysioNetMI,SAN-STRAT,A0-RAW-ACCEPT-ALL,FULL_TRAIN,14,57,0,45,0.41666666666666663,0.415,0.4222222222222222,0.5
P02-A0-PhysioNetMI-SAN-STRAT-FULL_TRAIN-MR14,PhysioNetMI,SAN-STRAT,A0-RAW-ACCEPT-ALL,FULL_TRAIN,14,71,0,45,0.33794466403162055,0.3055555555555555,0.3333333333333333,0.5
P02-A0-PhysioNetMI-SAN-STRAT-FULL_TRAIN-MR14,PhysioNetMI,SAN-STRAT,A0-RAW-ACCEPT-ALL,FULL_TRAIN,14,93,0,45,0.44466403162055335,0.4444444444444444,0.4444444444444444,0.5
P02-A0-PhysioNetMI-SAN-STRAT-FULL_TRAIN-MR14,PhysioNetMI,SAN-STRAT,A0-RAW-ACCEPT-ALL,FULL_TRAIN,14,98,0,45,0.44367588932806323,0.44334487877288475,0.4444444444444444,0.5
P02-A0-PhysioNetMI-SAN-STRAT-FULL_TRAIN-MR14,PhysioNetMI,SAN-STRAT,A0-RAW-ACCEPT-ALL,FULL_TRAIN,14,107,0,45,0.4880952380952381,0.48787728847105394,0.4888888888888889,0.5
P02-A0-PhysioNetMI-SAN-STRAT-FULL_TRAIN-MR15,PhysioNetMI,SAN-STRAT,A0-RAW-ACCEPT-ALL,FULL_TRAIN,15,6,0,45,0.5148809523809523,0.5108695652173914,0.5111111111111111,0.5
P02-A0-PhysioNetMI-SAN-STRAT-FULL_TRAIN-MR15,PhysioNetMI,SAN-STRAT,A0-RAW-ACCEPT-ALL,FULL_TRAIN,15,27,0,45,0.39723320158102765,0.3891402714932127,0.4,0.5
P02-A0-PhysioNetMI-SAN-STRAT-FULL_TRAIN-MR15,PhysioNetMI,SAN-STRAT,A0-RAW-ACCEPT-ALL,FULL_TRAIN,15,39,0,45,0.5326086956521738,0.5324096981692232,0.5333333333333333,0.5
P02-A0-PhysioNetMI-SAN-STRAT-FULL_TRAIN-MR15,PhysioNetMI,SAN-STRAT,A0-RAW-ACCEPT-ALL,FULL_TRAIN,15,40,0,45,0.5297619047619048,0.5296167247386759,0.5333333333333333,0.5
P02-A0-PhysioNetMI-SAN-STRAT-FULL_TRAIN-MR15,PhysioNetMI,SAN-STRAT,A0-RAW-ACCEPT-ALL,FULL_TRAIN,15,47,0,45,0.6488095238095238,0.6442687747035574,0.6444444444444445,0.5
P02-A0-PhysioNetMI-SAN-STRAT-FULL_TRAIN-MR15,PhysioNetMI,SAN-STRAT,A0-RAW-ACCEPT-ALL,FULL_TRAIN,15,48,0,45,0.4654150197628458,0.4642857142857143,0.4666666666666667,0.5
P02-A0-PhysioNetMI-SAN-STRAT-FULL_TRAIN-MR15,PhysioNetMI,SAN-STRAT,A0-RAW-ACCEPT-ALL,FULL_TRAIN,15,57,0,45,0.6369047619047619,0.6356275303643725,0.6444444444444445,0.5
P02-A0-PhysioNetMI-SAN-STRAT-FULL_TRAIN-MR15,PhysioNetMI,SAN-STRAT,A0-RAW-ACCEPT-ALL,FULL_TRAIN,15,71,0,45,0.5326086956521738,0.5324096981692232,0.5333333333333333,0.5
P02-A0-PhysioNetMI-SAN-STRAT-FULL_TRAIN-MR15,PhysioNetMI,SAN-STRAT,A0-RAW-ACCEPT-ALL,FULL_TRAIN,15,93,0,45,0.46739130434782605,0.46640316205533594,0.4666666666666667,0.5
P02-A0-PhysioNetMI-SAN-STRAT-FULL_TRAIN-MR15,PhysioNetMI,SAN-STRAT,A0-RAW-ACCEPT-ALL,FULL_TRAIN,15,98,0,45,0.5326086956521738,0.5324096981692232,0.5333333333333333,0.5
P02-A0-PhysioNetMI-SAN-STRAT-FULL_TRAIN-MR15,PhysioNetMI,SAN-STRAT,A0-RAW-ACCEPT-ALL,FULL_TRAIN,15,107,0,45,0.5386904761904762,0.5324096981692232,0.5333333333333333,0.5
P02-A0-PhysioNetMI-SAN-STRAT-FULL_TRAIN-MR16,PhysioNetMI,SAN-STRAT,A0-RAW-ACCEPT-ALL,FULL_TRAIN,16,6,0,45,0.5119047619047619,0.5108695652173914,0.5111111111111111,0.5
P02-A0-PhysioNetMI-SAN-STRAT-FULL_TRAIN-MR16,PhysioNetMI,SAN-STRAT,A0-RAW-ACCEPT-ALL,FULL_TRAIN,16,27,0,45,0.5335968379446641,0.5333333333333333,0.5333333333333333,0.5
P02-A0-PhysioNetMI-SAN-STRAT-FULL_TRAIN-MR16,PhysioNetMI,SAN-STRAT,A0-RAW-ACCEPT-ALL,FULL_TRAIN,16,39,0,45,0.5128458498023716,0.5089285714285714,0.5111111111111111,0.5
P02-A0-PhysioNetMI-SAN-STRAT-FULL_TRAIN-MR16,PhysioNetMI,SAN-STRAT,A0-RAW-ACCEPT-ALL,FULL_TRAIN,16,40,0,45,0.5892857142857143,0.5833333333333333,0.6,0.5
P02-A0-PhysioNetMI-SAN-STRAT-FULL_TRAIN-MR16,PhysioNetMI,SAN-STRAT,A0-RAW-ACCEPT-ALL,FULL_TRAIN,16,47,0,45,0.6011904761904763,0.599802371541502,0.6,0.5
P02-A0-PhysioNetMI-SAN-STRAT-FULL_TRAIN-MR16,PhysioNetMI,SAN-STRAT,A0-RAW-ACCEPT-ALL,FULL_TRAIN,16,48,0,45,0.6007905138339921,0.599802371541502,0.6,0.5
P02-A0-PhysioNetMI-SAN-STRAT-FULL_TRAIN-MR16,PhysioNetMI,SAN-STRAT,A0-RAW-ACCEPT-ALL,FULL_TRAIN,16,57,0,45,0.4613095238095238,0.46,0.4666666666666667,0.5
P02-A0-PhysioNetMI-SAN-STRAT-FULL_TRAIN-MR16,PhysioNetMI,SAN-STRAT,A0-RAW-ACCEPT-ALL,FULL_TRAIN,16,71,0,45,0.40118577075098816,0.39881246907471546,0.4,0.5
P02-A0-PhysioNetMI-SAN-STRAT-FULL_TRAIN-MR16,PhysioNetMI,SAN-STRAT,A0-RAW-ACCEPT-ALL,FULL_TRAIN,16,93,0,45,0.5800395256916996,0.5744151319064211,0.5777777777777777,0.5
P02-A0-PhysioNetMI-SAN-STRAT-FULL_TRAIN-MR16,PhysioNetMI,SAN-STRAT,A0-RAW-ACCEPT-ALL,FULL_TRAIN,16,98,0,45,0.4891304347826087,0.4888888888888889,0.4888888888888889,0.5
P02-A0-PhysioNetMI-SAN-STRAT-FULL_TRAIN-MR16,PhysioNetMI,SAN-STRAT,A0-RAW-ACCEPT-ALL,FULL_TRAIN,16,107,0,45,0.48511904761904756,0.48481831757093086,0.4888888888888889,0.5
P02-A0-PhysioNetMI-SAN-STRAT-FULL_TRAIN-MR17,PhysioNetMI,SAN-STRAT,A0-RAW-ACCEPT-ALL,FULL_TRAIN,17,6,0,45,0.5357142857142857,0.5333333333333333,0.5333333333333333,0.5
P02-A0-PhysioNetMI-SAN-STRAT-FULL_TRAIN-MR17,PhysioNetMI,SAN-STRAT,A0-RAW-ACCEPT-ALL,FULL_TRAIN,17,27,0,45,0.5553359683794465,0.5553359683794465,0.5555555555555556,0.5
P02-A0-PhysioNetMI-SAN-STRAT-FULL_TRAIN-MR17,PhysioNetMI,SAN-STRAT,A0-RAW-ACCEPT-ALL,FULL_TRAIN,17,39,0,45,0.6195652173913043,0.6153846153846154,0.6222222222222222,0.5
P02-A0-PhysioNetMI-SAN-STRAT-FULL_TRAIN-MR17,PhysioNetMI,SAN-STRAT,A0-RAW-ACCEPT-ALL,FULL_TRAIN,17,40,0,45,0.5535714285714286,0.5535714285714286,0.5555555555555556,0.5
P02-A0-PhysioNetMI-SAN-STRAT-FULL_TRAIN-MR17,PhysioNetMI,SAN-STRAT,A0-RAW-ACCEPT-ALL,FULL_TRAIN,17,47,0,45,0.5148809523809523,0.5108695652173914,0.5111111111111111,0.5
P02-A0-PhysioNetMI-SAN-STRAT-FULL_TRAIN-MR17,PhysioNetMI,SAN-STRAT,A0-RAW-ACCEPT-ALL,FULL_TRAIN,17,48,0,45,0.5098814229249011,0.5089285714285714,0.5111111111111111,0.5
P02-A0-PhysioNetMI-SAN-STRAT-FULL_TRAIN-MR17,PhysioNetMI,SAN-STRAT,A0-RAW-ACCEPT-ALL,FULL_TRAIN,17,57,0,45,0.5803571428571428,0.5777777777777777,0.5777777777777777,0.5
P02-A0-PhysioNetMI-SAN-STRAT-FULL_TRAIN-MR17,PhysioNetMI,SAN-STRAT,A0-RAW-ACCEPT-ALL,FULL_TRAIN,17,71,0,45,0.4426877470355731,0.44001991040318567,0.4444444444444444,0.5
P02-A0-PhysioNetMI-SAN-STRAT-FULL_TRAIN-MR17,PhysioNetMI,SAN-STRAT,A0-RAW-ACCEPT-ALL,FULL_TRAIN,17,93,0,45,0.5543478260869565,0.5535714285714286,0.5555555555555556,0.5
P02-A0-PhysioNetMI-SAN-STRAT-FULL_TRAIN-MR17,PhysioNetMI,SAN-STRAT,A0-RAW-ACCEPT-ALL,FULL_TRAIN,17,98,0,45,0.5543478260869565,0.5535714285714286,0.5555555555555556,0.5
P02-A0-PhysioNetMI-SAN-STRAT-FULL_TRAIN-MR17,PhysioNetMI,SAN-STRAT,A0-RAW-ACCEPT-ALL,FULL_TRAIN,17,107,0,45,0.49404761904761907,0.48787728847105394,0.4888888888888889,0.5
P02-A0-PhysioNetMI-SAN-STRAT-FULL_TRAIN-MR18,PhysioNetMI,SAN-STRAT,A0-RAW-ACCEPT-ALL,FULL_TRAIN,18,6,0,45,0.5625,0.5535714285714286,0.5555555555555556,0.5
P02-A0-PhysioNetMI-SAN-STRAT-FULL_TRAIN-MR18,PhysioNetMI,SAN-STRAT,A0-RAW-ACCEPT-ALL,FULL_TRAIN,18,27,0,45,0.5138339920948617,0.505,0.5111111111111111,0.5
P02-A0-PhysioNetMI-SAN-STRAT-FULL_TRAIN-MR18,PhysioNetMI,SAN-STRAT,A0-RAW-ACCEPT-ALL,FULL_TRAIN,18,39,0,45,0.4851778656126482,0.4722080571137175,0.4888888888888889,0.5
P02-A0-PhysioNetMI-SAN-STRAT-FULL_TRAIN-MR18,PhysioNetMI,SAN-STRAT,A0-RAW-ACCEPT-ALL,FULL_TRAIN,18,40,0,45,0.4613095238095238,0.46,0.4666666666666667,0.5
P02-A0-PhysioNetMI-SAN-STRAT-FULL_TRAIN-MR18,PhysioNetMI,SAN-STRAT,A0-RAW-ACCEPT-ALL,FULL_TRAIN,18,47,0,45,0.3273809523809524,0.325,0.3333333333333333,0.5
P02-A0-PhysioNetMI-SAN-STRAT-FULL_TRAIN-MR18,PhysioNetMI,SAN-STRAT,A0-RAW-ACCEPT-ALL,FULL_TRAIN,18,48,0,45,0.6235177865612648,0.6214745175655616,0.6222222222222222,0.5
P02-A0-PhysioNetMI-SAN-STRAT-FULL_TRAIN-MR18,PhysioNetMI,SAN-STRAT,A0-RAW-ACCEPT-ALL,FULL_TRAIN,18,57,0,45,0.5148809523809523,0.5108695652173914,0.5111111111111111,0.5
P02-A0-PhysioNetMI-SAN-STRAT-FULL_TRAIN-MR18,PhysioNetMI,SAN-STRAT,A0-RAW-ACCEPT-ALL,FULL_TRAIN,18,71,0,45,0.4654150197628458,0.4642857142857143,0.4666666666666667,0.5
P02-A0-PhysioNetMI-SAN-STRAT-FULL_TRAIN-MR18,PhysioNetMI,SAN-STRAT,A0-RAW-ACCEPT-ALL,FULL_TRAIN,18,93,0,45,0.5345849802371542,0.5324096981692232,0.5333333333333333,0.5
P02-A0-PhysioNetMI-SAN-STRAT-FULL_TRAIN-MR18,PhysioNetMI,SAN-STRAT,A0-RAW-ACCEPT-ALL,FULL_TRAIN,18,98,0,45,0.5306324110671937,0.5248868778280543,0.5333333333333333,0.5
P02-A0-PhysioNetMI-SAN-STRAT-FULL_TRAIN-MR18,PhysioNetMI,SAN-STRAT,A0-RAW-ACCEPT-ALL,FULL_TRAIN,18,107,0,45,0.4017857142857143,0.4,0.4,0.5
P02-A0-PhysioNetMI-SAN-STRAT-FULL_TRAIN-MR19,PhysioNetMI,SAN-STRAT,A0-RAW-ACCEPT-ALL,FULL_TRAIN,19,6,0,45,0.4196428571428571,0.4196428571428571,0.4222222222222222,0.5
P02-A0-PhysioNetMI-SAN-STRAT-FULL_TRAIN-MR19,PhysioNetMI,SAN-STRAT,A0-RAW-ACCEPT-ALL,FULL_TRAIN,19,27,0,45,0.6482213438735178,0.6356275303643725,0.6444444444444445,0.5
P02-A0-PhysioNetMI-SAN-STRAT-FULL_TRAIN-MR19,PhysioNetMI,SAN-STRAT,A0-RAW-ACCEPT-ALL,FULL_TRAIN,19,39,0,45,0.6215415019762847,0.6214745175655616,0.6222222222222222,0.5
P02-A0-PhysioNetMI-SAN-STRAT-FULL_TRAIN-MR19,PhysioNetMI,SAN-STRAT,A0-RAW-ACCEPT-ALL,FULL_TRAIN,19,40,0,45,0.5625,0.5535714285714286,0.5555555555555556,0.5
P02-A0-PhysioNetMI-SAN-STRAT-FULL_TRAIN-MR19,PhysioNetMI,SAN-STRAT,A0-RAW-ACCEPT-ALL,FULL_TRAIN,19,47,0,45,0.5833333333333333,0.5769421078673924,0.5777777777777777,0.5
P02-A0-PhysioNetMI-SAN-STRAT-FULL_TRAIN-MR19,PhysioNetMI,SAN-STRAT,A0-RAW-ACCEPT-ALL,FULL_TRAIN,19,48,0,45,0.5335968379446641,0.5333333333333333,0.5333333333333333,0.5
P02-A0-PhysioNetMI-SAN-STRAT-FULL_TRAIN-MR19,PhysioNetMI,SAN-STRAT,A0-RAW-ACCEPT-ALL,FULL_TRAIN,19,57,0,45,0.5059523809523809,0.505,0.5111111111111111,0.5
P02-A0-PhysioNetMI-SAN-STRAT-FULL_TRAIN-MR19,PhysioNetMI,SAN-STRAT,A0-RAW-ACCEPT-ALL,FULL_TRAIN,19,71,0,45,0.4871541501976284,0.48481831757093086,0.4888888888888889,0.5
P02-A0-PhysioNetMI-SAN-STRAT-FULL_TRAIN-MR19,PhysioNetMI,SAN-STRAT,A0-RAW-ACCEPT-ALL,FULL_TRAIN,19,93,0,45,0.39624505928853754,0.38041815400305967,0.4,0.5
P02-A0-PhysioNetMI-SAN-STRAT-FULL_TRAIN-MR19,PhysioNetMI,SAN-STRAT,A0-RAW-ACCEPT-ALL,FULL_TRAIN,19,98,0,45,0.4644268774703557,0.46,0.4666666666666667,0.5
P02-A0-PhysioNetMI-SAN-STRAT-FULL_TRAIN-MR19,PhysioNetMI,SAN-STRAT,A0-RAW-ACCEPT-ALL,FULL_TRAIN,19,107,0,45,0.5803571428571428,0.5777777777777777,0.5777777777777777,0.5
P02-A0-BNCI2014_001-SAN-STRAT-FULL_TRAIN-MR00,BNCI2014_001,SAN-STRAT,A0-RAW-ACCEPT-ALL,FULL_TRAIN,0,7,0train,144,0.5694444444444444,0.568695652173913,0.5694444444444444,0.5
P02-A0-BNCI2014_001-SAN-STRAT-FULL_TRAIN-MR00,BNCI2014_001,SAN-STRAT,A0-RAW-ACCEPT-ALL,FULL_TRAIN,0,7,1test,144,0.4930555555555556,0.49106753812636167,0.4930555555555556,0.5
P02-A0-BNCI2014_001-SAN-STRAT-FULL_TRAIN-MR01,BNCI2014_001,SAN-STRAT,A0-RAW-ACCEPT-ALL,FULL_TRAIN,1,7,0train,144,0.5347222222222222,0.534160590990295,0.5347222222222222,0.5
P02-A0-BNCI2014_001-SAN-STRAT-FULL_TRAIN-MR01,BNCI2014_001,SAN-STRAT,A0-RAW-ACCEPT-ALL,FULL_TRAIN,1,7,1test,144,0.4722222222222222,0.471304347826087,0.4722222222222222,0.5
P02-A0-BNCI2014_001-SAN-STRAT-FULL_TRAIN-MR02,BNCI2014_001,SAN-STRAT,A0-RAW-ACCEPT-ALL,FULL_TRAIN,2,7,0train,144,0.5,0.49961389961389957,0.5,0.5
P02-A0-BNCI2014_001-SAN-STRAT-FULL_TRAIN-MR02,BNCI2014_001,SAN-STRAT,A0-RAW-ACCEPT-ALL,FULL_TRAIN,2,7,1test,144,0.5277777777777778,0.5274131274131274,0.5277777777777778,0.5
P02-A0-BNCI2014_001-SAN-STRAT-FULL_TRAIN-MR03,BNCI2014_001,SAN-STRAT,A0-RAW-ACCEPT-ALL,FULL_TRAIN,3,7,0train,144,0.5763888888888888,0.5762049500651325,0.5763888888888888,0.5
P02-A0-BNCI2014_001-SAN-STRAT-FULL_TRAIN-MR03,BNCI2014_001,SAN-STRAT,A0-RAW-ACCEPT-ALL,FULL_TRAIN,3,7,1test,144,0.47916666666666663,0.47914154810706533,0.4791666666666667,0.5
P02-A0-BNCI2014_001-SAN-STRAT-FULL_TRAIN-MR04,BNCI2014_001,SAN-STRAT,A0-RAW-ACCEPT-ALL,FULL_TRAIN,4,7,0train,144,0.4583333333333333,0.4582288250048234,0.4583333333333333,0.5
P02-A0-BNCI2014_001-SAN-STRAT-FULL_TRAIN-MR04,BNCI2014_001,SAN-STRAT,A0-RAW-ACCEPT-ALL,FULL_TRAIN,4,7,1test,144,0.4444444444444444,0.4444444444444444,0.4444444444444444,0.5
P02-A0-BNCI2014_001-SAN-STRAT-FULL_TRAIN-MR05,BNCI2014_001,SAN-STRAT,A0-RAW-ACCEPT-ALL,FULL_TRAIN,5,7,0train,144,0.5138888888888888,0.5137950993633031,0.5138888888888888,0.5
P02-A0-BNCI2014_001-SAN-STRAT-FULL_TRAIN-MR05,BNCI2014_001,SAN-STRAT,A0-RAW-ACCEPT-ALL,FULL_TRAIN,5,7,1test,144,0.4861111111111111,0.4860119621840633,0.4861111111111111,0.5
P02-A0-BNCI2014_001-SAN-STRAT-FULL_TRAIN-MR06,BNCI2014_001,SAN-STRAT,A0-RAW-ACCEPT-ALL,FULL_TRAIN,6,7,0train,144,0.5,0.4991304347826087,0.5,0.5
P02-A0-BNCI2014_001-SAN-STRAT-FULL_TRAIN-MR06,BNCI2014_001,SAN-STRAT,A0-RAW-ACCEPT-ALL,FULL_TRAIN,6,7,1test,144,0.5763888888888888,0.5729080565955171,0.5763888888888888,0.5
P02-A0-BNCI2014_001-SAN-STRAT-FULL_TRAIN-MR07,BNCI2014_001,SAN-STRAT,A0-RAW-ACCEPT-ALL,FULL_TRAIN,7,7,0train,144,0.5,0.4952288218111003,0.5,0.5
P02-A0-BNCI2014_001-SAN-STRAT-FULL_TRAIN-MR07,BNCI2014_001,SAN-STRAT,A0-RAW-ACCEPT-ALL,FULL_TRAIN,7,7,1test,144,0.47916666666666663,0.47894051237516283,0.4791666666666667,0.5
P02-A0-BNCI2014_001-SAN-STRAT-FULL_TRAIN-MR08,BNCI2014_001,SAN-STRAT,A0-RAW-ACCEPT-ALL,FULL_TRAIN,8,7,0train,144,0.5,0.4991304347826087,0.5,0.5
P02-A0-BNCI2014_001-SAN-STRAT-FULL_TRAIN-MR08,BNCI2014_001,SAN-STRAT,A0-RAW-ACCEPT-ALL,FULL_TRAIN,8,7,1test,144,0.5416666666666667,0.5394456289978677,0.5416666666666666,0.5
P02-A0-BNCI2014_001-SAN-STRAT-FULL_TRAIN-MR09,BNCI2014_001,SAN-STRAT,A0-RAW-ACCEPT-ALL,FULL_TRAIN,9,7,0train,144,0.4930555555555555,0.49283543204515845,0.4930555555555556,0.5
P02-A0-BNCI2014_001-SAN-STRAT-FULL_TRAIN-MR09,BNCI2014_001,SAN-STRAT,A0-RAW-ACCEPT-ALL,FULL_TRAIN,9,7,1test,144,0.5486111111111112,0.5484151107251412,0.5486111111111112,0.5
P02-A0-BNCI2014_001-SAN-STRAT-FULL_TRAIN-MR10,BNCI2014_001,SAN-STRAT,A0-RAW-ACCEPT-ALL,FULL_TRAIN,10,7,0train,144,0.5555555555555556,0.5555555555555556,0.5555555555555556,0.5
P02-A0-BNCI2014_001-SAN-STRAT-FULL_TRAIN-MR10,BNCI2014_001,SAN-STRAT,A0-RAW-ACCEPT-ALL,FULL_TRAIN,10,7,1test,144,0.5,0.49961389961389957,0.5,0.5
P02-A0-BNCI2014_001-SAN-STRAT-FULL_TRAIN-MR11,BNCI2014_001,SAN-STRAT,A0-RAW-ACCEPT-ALL,FULL_TRAIN,11,7,0train,144,0.4652777777777778,0.46504559270516715,0.4652777777777778,0.5
P02-A0-BNCI2014_001-SAN-STRAT-FULL_TRAIN-MR11,BNCI2014_001,SAN-STRAT,A0-RAW-ACCEPT-ALL,FULL_TRAIN,11,7,1test,144,0.5208333333333334,0.5202549369900054,0.5208333333333334,0.5
P02-A0-BNCI2014_001-SAN-STRAT-FULL_TRAIN-MR12,BNCI2014_001,SAN-STRAT,A0-RAW-ACCEPT-ALL,FULL_TRAIN,12,7,0train,144,0.4444444444444444,0.44272445820433437,0.4444444444444444,0.5
P02-A0-BNCI2014_001-SAN-STRAT-FULL_TRAIN-MR12,BNCI2014_001,SAN-STRAT,A0-RAW-ACCEPT-ALL,FULL_TRAIN,12,7,1test,144,0.4652777777777778,0.46463232098884655,0.4652777777777778,0.5
P02-A0-BNCI2014_001-SAN-STRAT-FULL_TRAIN-MR13,BNCI2014_001,SAN-STRAT,A0-RAW-ACCEPT-ALL,FULL_TRAIN,13,7,0train,144,0.45138888888888884,0.4492374727668845,0.4513888888888889,0.5
P02-A0-BNCI2014_001-SAN-STRAT-FULL_TRAIN-MR13,BNCI2014_001,SAN-STRAT,A0-RAW-ACCEPT-ALL,FULL_TRAIN,13,7,1test,144,0.4375,0.43725575336517586,0.4375,0.5
P02-A0-BNCI2014_001-SAN-STRAT-FULL_TRAIN-MR14,BNCI2014_001,SAN-STRAT,A0-RAW-ACCEPT-ALL,FULL_TRAIN,14,7,0train,144,0.5138888888888888,0.5137950993633031,0.5138888888888888,0.5
P02-A0-BNCI2014_001-SAN-STRAT-FULL_TRAIN-MR14,BNCI2014_001,SAN-STRAT,A0-RAW-ACCEPT-ALL,FULL_TRAIN,14,7,1test,144,0.375,0.37487941346710396,0.375,0.5
P02-A0-BNCI2014_001-SAN-STRAT-FULL_TRAIN-MR15,BNCI2014_001,SAN-STRAT,A0-RAW-ACCEPT-ALL,FULL_TRAIN,15,7,0train,144,0.5416666666666666,0.5413127413127413,0.5416666666666666,0.5
P02-A0-BNCI2014_001-SAN-STRAT-FULL_TRAIN-MR15,BNCI2014_001,SAN-STRAT,A0-RAW-ACCEPT-ALL,FULL_TRAIN,15,7,1test,144,0.5347222222222222,0.5336201479189829,0.5347222222222222,0.5
P02-A0-BNCI2014_001-SAN-STRAT-FULL_TRAIN-MR16,BNCI2014_001,SAN-STRAT,A0-RAW-ACCEPT-ALL,FULL_TRAIN,16,7,0train,144,0.4722222222222222,0.47212039359444335,0.4722222222222222,0.5
P02-A0-BNCI2014_001-SAN-STRAT-FULL_TRAIN-MR16,BNCI2014_001,SAN-STRAT,A0-RAW-ACCEPT-ALL,FULL_TRAIN,16,7,1test,144,0.5416666666666667,0.5415782365425429,0.5416666666666666,0.5
P02-A0-BNCI2014_001-SAN-STRAT-FULL_TRAIN-MR17,BNCI2014_001,SAN-STRAT,A0-RAW-ACCEPT-ALL,FULL_TRAIN,17,7,0train,144,0.4513888888888889,0.4507266669885568,0.4513888888888889,0.5
P02-A0-BNCI2014_001-SAN-STRAT-FULL_TRAIN-MR17,BNCI2014_001,SAN-STRAT,A0-RAW-ACCEPT-ALL,FULL_TRAIN,17,7,1test,144,0.5,0.5,0.5,0.5
P02-A0-BNCI2014_001-SAN-STRAT-FULL_TRAIN-MR18,BNCI2014_001,SAN-STRAT,A0-RAW-ACCEPT-ALL,FULL_TRAIN,18,7,0train,144,0.4097222222222222,0.4083240682554261,0.4097222222222222,0.5
P02-A0-BNCI2014_001-SAN-STRAT-FULL_TRAIN-MR18,BNCI2014_001,SAN-STRAT,A0-RAW-ACCEPT-ALL,FULL_TRAIN,18,7,1test,144,0.4791666666666667,0.4779330014018466,0.4791666666666667,0.5
P02-A0-BNCI2014_001-SAN-STRAT-FULL_TRAIN-MR19,BNCI2014_001,SAN-STRAT,A0-RAW-ACCEPT-ALL,FULL_TRAIN,19,7,0train,144,0.5902777777777778,0.5902580178442247,0.5902777777777778,0.5
P02-A0-BNCI2014_001-SAN-STRAT-FULL_TRAIN-MR19,BNCI2014_001,SAN-STRAT,A0-RAW-ACCEPT-ALL,FULL_TRAIN,19,7,1test,144,0.4861111111111111,0.4860119621840633,0.4861111111111111,0.5
P02-A0-Lee2019_MI-SAN-STRAT-FULL_TRAIN-MR00,Lee2019_MI,SAN-STRAT,A0-RAW-ACCEPT-ALL,FULL_TRAIN,0,3,1,100,0.48,0.4781212364512244,0.48,0.5
P02-A0-Lee2019_MI-SAN-STRAT-FULL_TRAIN-MR00,Lee2019_MI,SAN-STRAT,A0-RAW-ACCEPT-ALL,FULL_TRAIN,0,6,1,100,0.5,0.49979991996798717,0.5,0.5
P02-A0-Lee2019_MI-SAN-STRAT-FULL_TRAIN-MR00,Lee2019_MI,SAN-STRAT,A0-RAW-ACCEPT-ALL,FULL_TRAIN,0,15,1,100,0.51,0.5075871771681237,0.51,0.5
P02-A0-Lee2019_MI-SAN-STRAT-FULL_TRAIN-MR00,Lee2019_MI,SAN-STRAT,A0-RAW-ACCEPT-ALL,FULL_TRAIN,0,19,1,100,0.45999999999999996,0.45978391356542614,0.46,0.5
P02-A0-Lee2019_MI-SAN-STRAT-FULL_TRAIN-MR00,Lee2019_MI,SAN-STRAT,A0-RAW-ACCEPT-ALL,FULL_TRAIN,0,30,1,100,0.51,0.5039983804028747,0.51,0.5
P02-A0-Lee2019_MI-SAN-STRAT-FULL_TRAIN-MR00,Lee2019_MI,SAN-STRAT,A0-RAW-ACCEPT-ALL,FULL_TRAIN,0,36,1,100,0.55,0.54995499549955,0.55,0.5
P02-A0-Lee2019_MI-SAN-STRAT-FULL_TRAIN-MR01,Lee2019_MI,SAN-STRAT,A0-RAW-ACCEPT-ALL,FULL_TRAIN,1,3,1,100,0.5700000000000001,0.5696126513862476,0.57,0.5
P02-A0-Lee2019_MI-SAN-STRAT-FULL_TRAIN-MR01,Lee2019_MI,SAN-STRAT,A0-RAW-ACCEPT-ALL,FULL_TRAIN,1,6,1,100,0.47,0.468671679197995,0.47,0.5
P02-A0-Lee2019_MI-SAN-STRAT-FULL_TRAIN-MR01,Lee2019_MI,SAN-STRAT,A0-RAW-ACCEPT-ALL,FULL_TRAIN,1,15,1,100,0.54,0.5332792207792207,0.54,0.5
P02-A0-Lee2019_MI-SAN-STRAT-FULL_TRAIN-MR01,Lee2019_MI,SAN-STRAT,A0-RAW-ACCEPT-ALL,FULL_TRAIN,1,19,1,100,0.44,0.4391025641025641,0.44,0.5
P02-A0-Lee2019_MI-SAN-STRAT-FULL_TRAIN-MR01,Lee2019_MI,SAN-STRAT,A0-RAW-ACCEPT-ALL,FULL_TRAIN,1,30,1,100,0.54,0.5398159263705482,0.54,0.5
P02-A0-Lee2019_MI-SAN-STRAT-FULL_TRAIN-MR01,Lee2019_MI,SAN-STRAT,A0-RAW-ACCEPT-ALL,FULL_TRAIN,1,36,1,100,0.52,0.5073891625615763,0.52,0.5
P02-A0-Lee2019_MI-SAN-STRAT-FULL_TRAIN-MR02,Lee2019_MI,SAN-STRAT,A0-RAW-ACCEPT-ALL,FULL_TRAIN,2,3,1,100,0.55,0.54995499549955,0.55,0.5
P02-A0-Lee2019_MI-SAN-STRAT-FULL_TRAIN-MR02,Lee2019_MI,SAN-STRAT,A0-RAW-ACCEPT-ALL,FULL_TRAIN,2,6,1,100,0.52,0.5198079231692677,0.52,0.5
P02-A0-Lee2019_MI-SAN-STRAT-FULL_TRAIN-MR02,Lee2019_MI,SAN-STRAT,A0-RAW-ACCEPT-ALL,FULL_TRAIN,2,15,1,100,0.48,0.4797919167667067,0.48,0.5
P02-A0-Lee2019_MI-SAN-STRAT-FULL_TRAIN-MR02,Lee2019_MI,SAN-STRAT,A0-RAW-ACCEPT-ALL,FULL_TRAIN,2,19,1,100,0.5,0.49979991996798717,0.5,0.5
P02-A0-Lee2019_MI-SAN-STRAT-FULL_TRAIN-MR02,Lee2019_MI,SAN-STRAT,A0-RAW-ACCEPT-ALL,FULL_TRAIN,2,30,1,100,0.48000000000000004,0.47665056360708535,0.48,0.5
P02-A0-Lee2019_MI-SAN-STRAT-FULL_TRAIN-MR02,Lee2019_MI,SAN-STRAT,A0-RAW-ACCEPT-ALL,FULL_TRAIN,2,36,1,100,0.45,0.44550861982054646,0.45,0.5
P02-A0-Lee2019_MI-SAN-STRAT-FULL_TRAIN-MR03,Lee2019_MI,SAN-STRAT,A0-RAW-ACCEPT-ALL,FULL_TRAIN,3,3,1,100,0.53,0.52995299529953,0.53,0.5
P02-A0-Lee2019_MI-SAN-STRAT-FULL_TRAIN-MR03,Lee2019_MI,SAN-STRAT,A0-RAW-ACCEPT-ALL,FULL_TRAIN,3,6,1,100,0.45999999999999996,0.4591346153846154,0.46,0.5
P02-A0-Lee2019_MI-SAN-STRAT-FULL_TRAIN-MR03,Lee2019_MI,SAN-STRAT,A0-RAW-ACCEPT-ALL,FULL_TRAIN,3,15,1,100,0.49,0.4895405865278751,0.49,0.5
P02-A0-Lee2019_MI-SAN-STRAT-FULL_TRAIN-MR03,Lee2019_MI,SAN-STRAT,A0-RAW-ACCEPT-ALL,FULL_TRAIN,3,19,1,100,0.5,0.4967793880837359,0.5,0.5
P02-A0-Lee2019_MI-SAN-STRAT-FULL_TRAIN-MR03,Lee2019_MI,SAN-STRAT,A0-RAW-ACCEPT-ALL,FULL_TRAIN,3,30,1,100,0.51,0.50995099509951,0.51,0.5
P02-A0-Lee2019_MI-SAN-STRAT-FULL_TRAIN-MR03,Lee2019_MI,SAN-STRAT,A0-RAW-ACCEPT-ALL,FULL_TRAIN,3,36,1,100,0.52,0.5169082125603865,0.52,0.5
P02-A0-Lee2019_MI-SAN-STRAT-FULL_TRAIN-MR04,Lee2019_MI,SAN-STRAT,A0-RAW-ACCEPT-ALL,FULL_TRAIN,4,3,1,100,0.47,0.46994699469946993,0.47,0.5
P02-A0-Lee2019_MI-SAN-STRAT-FULL_TRAIN-MR04,Lee2019_MI,SAN-STRAT,A0-RAW-ACCEPT-ALL,FULL_TRAIN,4,6,1,100,0.51,0.5095586027424682,0.51,0.5
P02-A0-Lee2019_MI-SAN-STRAT-FULL_TRAIN-MR04,Lee2019_MI,SAN-STRAT,A0-RAW-ACCEPT-ALL,FULL_TRAIN,4,15,1,100,0.5700000000000001,0.5696126513862476,0.57,0.5
P02-A0-Lee2019_MI-SAN-STRAT-FULL_TRAIN-MR04,Lee2019_MI,SAN-STRAT,A0-RAW-ACCEPT-ALL,FULL_TRAIN,4,19,1,100,0.53,0.5261619114830124,0.53,0.5
P02-A0-Lee2019_MI-SAN-STRAT-FULL_TRAIN-MR04,Lee2019_MI,SAN-STRAT,A0-RAW-ACCEPT-ALL,FULL_TRAIN,4,30,1,100,0.6,0.5998399359743898,0.6,0.5
P02-A0-Lee2019_MI-SAN-STRAT-FULL_TRAIN-MR04,Lee2019_MI,SAN-STRAT,A0-RAW-ACCEPT-ALL,FULL_TRAIN,4,36,1,100,0.49,0.48994899489948995,0.49,0.5
P02-A0-Lee2019_MI-SAN-STRAT-FULL_TRAIN-MR05,Lee2019_MI,SAN-STRAT,A0-RAW-ACCEPT-ALL,FULL_TRAIN,5,3,1,100,0.52,0.5198079231692677,0.52,0.5
P02-A0-Lee2019_MI-SAN-STRAT-FULL_TRAIN-MR05,Lee2019_MI,SAN-STRAT,A0-RAW-ACCEPT-ALL,FULL_TRAIN,5,6,1,100,0.48000000000000004,0.47665056360708535,0.48,0.5
P02-A0-Lee2019_MI-SAN-STRAT-FULL_TRAIN-MR05,Lee2019_MI,SAN-STRAT,A0-RAW-ACCEPT-ALL,FULL_TRAIN,5,15,1,100,0.53,0.52995299529953,0.53,0.5
P02-A0-Lee2019_MI-SAN-STRAT-FULL_TRAIN-MR05,Lee2019_MI,SAN-STRAT,A0-RAW-ACCEPT-ALL,FULL_TRAIN,5,19,1,100,0.45999999999999996,0.45978391356542614,0.46,0.5
P02-A0-Lee2019_MI-SAN-STRAT-FULL_TRAIN-MR05,Lee2019_MI,SAN-STRAT,A0-RAW-ACCEPT-ALL,FULL_TRAIN,5,30,1,100,0.53,0.5276856597326902,0.53,0.5
P02-A0-Lee2019_MI-SAN-STRAT-FULL_TRAIN-MR05,Lee2019_MI,SAN-STRAT,A0-RAW-ACCEPT-ALL,FULL_TRAIN,5,36,1,100,0.49,0.48872180451127817,0.49,0.5
P02-A0-Lee2019_MI-SAN-STRAT-FULL_TRAIN-MR06,Lee2019_MI,SAN-STRAT,A0-RAW-ACCEPT-ALL,FULL_TRAIN,6,3,1,100,0.61,0.60996099609961,0.61,0.5
P02-A0-Lee2019_MI-SAN-STRAT-FULL_TRAIN-MR06,Lee2019_MI,SAN-STRAT,A0-RAW-ACCEPT-ALL,FULL_TRAIN,6,6,1,100,0.45,0.44862155388471175,0.45,0.5
P02-A0-Lee2019_MI-SAN-STRAT-FULL_TRAIN-MR06,Lee2019_MI,SAN-STRAT,A0-RAW-ACCEPT-ALL,FULL_TRAIN,6,15,1,100,0.55,0.5495946351716545,0.55,0.5
P02-A0-Lee2019_MI-SAN-STRAT-FULL_TRAIN-MR06,Lee2019_MI,SAN-STRAT,A0-RAW-ACCEPT-ALL,FULL_TRAIN,6,19,1,100,0.54,0.5392628205128205,0.54,0.5
P02-A0-Lee2019_MI-SAN-STRAT-FULL_TRAIN-MR06,Lee2019_MI,SAN-STRAT,A0-RAW-ACCEPT-ALL,FULL_TRAIN,6,30,1,100,0.54,0.5398159263705482,0.54,0.5
P02-A0-Lee2019_MI-SAN-STRAT-FULL_TRAIN-MR06,Lee2019_MI,SAN-STRAT,A0-RAW-ACCEPT-ALL,FULL_TRAIN,6,36,1,100,0.45999999999999996,0.45978391356542614,0.46,0.5
P02-A0-Lee2019_MI-SAN-STRAT-FULL_TRAIN-MR07,Lee2019_MI,SAN-STRAT,A0-RAW-ACCEPT-ALL,FULL_TRAIN,7,3,1,100,0.45,0.4499449944994499,0.45,0.5
P02-A0-Lee2019_MI-SAN-STRAT-FULL_TRAIN-MR07,Lee2019_MI,SAN-STRAT,A0-RAW-ACCEPT-ALL,FULL_TRAIN,7,6,1,100,0.47,0.468671679197995,0.47,0.5
P02-A0-Lee2019_MI-SAN-STRAT-FULL_TRAIN-MR07,Lee2019_MI,SAN-STRAT,A0-RAW-ACCEPT-ALL,FULL_TRAIN,7,15,1,100,0.55,0.5488721804511278,0.55,0.5
P02-A0-Lee2019_MI-SAN-STRAT-FULL_TRAIN-MR07,Lee2019_MI,SAN-STRAT,A0-RAW-ACCEPT-ALL,FULL_TRAIN,7,19,1,100,0.48,0.48,0.48,0.5
P02-A0-Lee2019_MI-SAN-STRAT-FULL_TRAIN-MR07,Lee2019_MI,SAN-STRAT,A0-RAW-ACCEPT-ALL,FULL_TRAIN,7,30,1,100,0.48,0.47916666666666663,0.48,0.5
P02-A0-Lee2019_MI-SAN-STRAT-FULL_TRAIN-MR07,Lee2019_MI,SAN-STRAT,A0-RAW-ACCEPT-ALL,FULL_TRAIN,7,36,1,100,0.54,0.5392628205128205,0.54,0.5
P02-A0-Lee2019_MI-SAN-STRAT-FULL_TRAIN-MR08,Lee2019_MI,SAN-STRAT,A0-RAW-ACCEPT-ALL,FULL_TRAIN,8,3,1,100,0.47,0.46952257031328193,0.47,0.5
P02-A0-Lee2019_MI-SAN-STRAT-FULL_TRAIN-MR08,Lee2019_MI,SAN-STRAT,A0-RAW-ACCEPT-ALL,FULL_TRAIN,8,6,1,100,0.47,0.468671679197995,0.47,0.5
P02-A0-Lee2019_MI-SAN-STRAT-FULL_TRAIN-MR08,Lee2019_MI,SAN-STRAT,A0-RAW-ACCEPT-ALL,FULL_TRAIN,8,15,1,100,0.42,0.42,0.42,0.5
P02-A0-Lee2019_MI-SAN-STRAT-FULL_TRAIN-MR08,Lee2019_MI,SAN-STRAT,A0-RAW-ACCEPT-ALL,FULL_TRAIN,8,19,1,100,0.49,0.4895405865278751,0.49,0.5
P02-A0-Lee2019_MI-SAN-STRAT-FULL_TRAIN-MR08,Lee2019_MI,SAN-STRAT,A0-RAW-ACCEPT-ALL,FULL_TRAIN,8,30,1,100,0.47,0.46994699469946993,0.47,0.5
P02-A0-Lee2019_MI-SAN-STRAT-FULL_TRAIN-MR08,Lee2019_MI,SAN-STRAT,A0-RAW-ACCEPT-ALL,FULL_TRAIN,8,36,1,100,0.51,0.5075871771681237,0.51,0.5
P02-A0-Lee2019_MI-SAN-STRAT-FULL_TRAIN-MR09,Lee2019_MI,SAN-STRAT,A0-RAW-ACCEPT-ALL,FULL_TRAIN,9,3,1,100,0.47,0.46994699469946993,0.47,0.5
P02-A0-Lee2019_MI-SAN-STRAT-FULL_TRAIN-MR09,Lee2019_MI,SAN-STRAT,A0-RAW-ACCEPT-ALL,FULL_TRAIN,9,6,1,100,0.55,0.5396419437340154,0.55,0.5
P02-A0-Lee2019_MI-SAN-STRAT-FULL_TRAIN-MR09,Lee2019_MI,SAN-STRAT,A0-RAW-ACCEPT-ALL,FULL_TRAIN,9,15,1,100,0.49,0.4858352656517794,0.49,0.5
P02-A0-Lee2019_MI-SAN-STRAT-FULL_TRAIN-MR09,Lee2019_MI,SAN-STRAT,A0-RAW-ACCEPT-ALL,FULL_TRAIN,9,19,1,100,0.44,0.4363929146537842,0.44,0.5
P02-A0-Lee2019_MI-SAN-STRAT-FULL_TRAIN-MR09,Lee2019_MI,SAN-STRAT,A0-RAW-ACCEPT-ALL,FULL_TRAIN,9,30,1,100,0.5700000000000001,0.5696126513862476,0.57,0.5
P02-A0-Lee2019_MI-SAN-STRAT-FULL_TRAIN-MR09,Lee2019_MI,SAN-STRAT,A0-RAW-ACCEPT-ALL,FULL_TRAIN,9,36,1,100,0.44,0.43977591036414565,0.44,0.5
P02-A0-Lee2019_MI-SAN-STRAT-FULL_TRAIN-MR10,Lee2019_MI,SAN-STRAT,A0-RAW-ACCEPT-ALL,FULL_TRAIN,10,3,1,100,0.43,0.42994299429942995,0.43,0.5
P02-A0-Lee2019_MI-SAN-STRAT-FULL_TRAIN-MR10,Lee2019_MI,SAN-STRAT,A0-RAW-ACCEPT-ALL,FULL_TRAIN,10,6,1,100,0.5,0.49979991996798717,0.5,0.5
P02-A0-Lee2019_MI-SAN-STRAT-FULL_TRAIN-MR10,Lee2019_MI,SAN-STRAT,A0-RAW-ACCEPT-ALL,FULL_TRAIN,10,15,1,100,0.59,0.5899589958995899,0.59,0.5
P02-A0-Lee2019_MI-SAN-STRAT-FULL_TRAIN-MR10,Lee2019_MI,SAN-STRAT,A0-RAW-ACCEPT-ALL,FULL_TRAIN,10,19,1,100,0.52,0.5198079231692677,0.52,0.5
P02-A0-Lee2019_MI-SAN-STRAT-FULL_TRAIN-MR10,Lee2019_MI,SAN-STRAT,A0-RAW-ACCEPT-ALL,FULL_TRAIN,10,30,1,100,0.5800000000000001,0.5757575757575757,0.58,0.5
P02-A0-Lee2019_MI-SAN-STRAT-FULL_TRAIN-MR10,Lee2019_MI,SAN-STRAT,A0-RAW-ACCEPT-ALL,FULL_TRAIN,10,36,1,100,0.49,0.48872180451127817,0.49,0.5
P02-A0-Lee2019_MI-SAN-STRAT-FULL_TRAIN-MR11,Lee2019_MI,SAN-STRAT,A0-RAW-ACCEPT-ALL,FULL_TRAIN,11,3,1,100,0.49,0.48748869460355737,0.49,0.5
P02-A0-Lee2019_MI-SAN-STRAT-FULL_TRAIN-MR11,Lee2019_MI,SAN-STRAT,A0-RAW-ACCEPT-ALL,FULL_TRAIN,11,6,1,100,0.54,0.5392628205128205,0.54,0.5
P02-A0-Lee2019_MI-SAN-STRAT-FULL_TRAIN-MR11,Lee2019_MI,SAN-STRAT,A0-RAW-ACCEPT-ALL,FULL_TRAIN,11,15,1,100,0.52,0.5198079231692677,0.52,0.5
P02-A0-Lee2019_MI-SAN-STRAT-FULL_TRAIN-MR11,Lee2019_MI,SAN-STRAT,A0-RAW-ACCEPT-ALL,FULL_TRAIN,11,19,1,100,0.5800000000000001,0.5784825371336813,0.58,0.5
P02-A0-Lee2019_MI-SAN-STRAT-FULL_TRAIN-MR11,Lee2019_MI,SAN-STRAT,A0-RAW-ACCEPT-ALL,FULL_TRAIN,11,30,1,100,0.47,0.46994699469946993,0.47,0.5
P02-A0-Lee2019_MI-SAN-STRAT-FULL_TRAIN-MR11,Lee2019_MI,SAN-STRAT,A0-RAW-ACCEPT-ALL,FULL_TRAIN,11,36,1,100,0.51,0.5039983804028747,0.51,0.5
P02-A0-Lee2019_MI-SAN-STRAT-FULL_TRAIN-MR12,Lee2019_MI,SAN-STRAT,A0-RAW-ACCEPT-ALL,FULL_TRAIN,12,3,1,100,0.47,0.46994699469946993,0.47,0.5
P02-A0-Lee2019_MI-SAN-STRAT-FULL_TRAIN-MR12,Lee2019_MI,SAN-STRAT,A0-RAW-ACCEPT-ALL,FULL_TRAIN,12,6,1,100,0.43000000000000005,0.42534529690492995,0.43,0.5
P02-A0-Lee2019_MI-SAN-STRAT-FULL_TRAIN-MR12,Lee2019_MI,SAN-STRAT,A0-RAW-ACCEPT-ALL,FULL_TRAIN,12,15,1,100,0.5,0.49919871794871795,0.5,0.5
P02-A0-Lee2019_MI-SAN-STRAT-FULL_TRAIN-MR12,Lee2019_MI,SAN-STRAT,A0-RAW-ACCEPT-ALL,FULL_TRAIN,12,19,1,100,0.5700000000000001,0.5696126513862476,0.57,0.5
P02-A0-Lee2019_MI-SAN-STRAT-FULL_TRAIN-MR12,Lee2019_MI,SAN-STRAT,A0-RAW-ACCEPT-ALL,FULL_TRAIN,12,30,1,100,0.5,0.4981934965877158,0.5,0.5
P02-A0-Lee2019_MI-SAN-STRAT-FULL_TRAIN-MR12,Lee2019_MI,SAN-STRAT,A0-RAW-ACCEPT-ALL,FULL_TRAIN,12,36,1,100,0.41000000000000003,0.4070947643452919,0.41,0.5
P02-A0-Lee2019_MI-SAN-STRAT-FULL_TRAIN-MR13,Lee2019_MI,SAN-STRAT,A0-RAW-ACCEPT-ALL,FULL_TRAIN,13,3,1,100,0.47,0.468671679197995,0.47,0.5
P02-A0-Lee2019_MI-SAN-STRAT-FULL_TRAIN-MR13,Lee2019_MI,SAN-STRAT,A0-RAW-ACCEPT-ALL,FULL_TRAIN,13,6,1,100,0.5,0.49979991996798717,0.5,0.5
P02-A0-Lee2019_MI-SAN-STRAT-FULL_TRAIN-MR13,Lee2019_MI,SAN-STRAT,A0-RAW-ACCEPT-ALL,FULL_TRAIN,13,15,1,100,0.49,0.48994899489948995,0.49,0.5
P02-A0-Lee2019_MI-SAN-STRAT-FULL_TRAIN-MR13,Lee2019_MI,SAN-STRAT,A0-RAW-ACCEPT-ALL,FULL_TRAIN,13,19,1,100,0.51,0.50995099509951,0.51,0.5
P02-A0-Lee2019_MI-SAN-STRAT-FULL_TRAIN-MR13,Lee2019_MI,SAN-STRAT,A0-RAW-ACCEPT-ALL,FULL_TRAIN,13,30,1,100,0.55,0.5495946351716545,0.55,0.5
P02-A0-Lee2019_MI-SAN-STRAT-FULL_TRAIN-MR13,Lee2019_MI,SAN-STRAT,A0-RAW-ACCEPT-ALL,FULL_TRAIN,13,36,1,100,0.49,0.48872180451127817,0.49,0.5
P02-A0-Lee2019_MI-SAN-STRAT-FULL_TRAIN-MR14,Lee2019_MI,SAN-STRAT,A0-RAW-ACCEPT-ALL,FULL_TRAIN,14,3,1,100,0.45999999999999996,0.45978391356542614,0.46,0.5
P02-A0-Lee2019_MI-SAN-STRAT-FULL_TRAIN-MR14,Lee2019_MI,SAN-STRAT,A0-RAW-ACCEPT-ALL,FULL_TRAIN,14,6,1,100,0.55,0.54995499549955,0.55,0.5
P02-A0-Lee2019_MI-SAN-STRAT-FULL_TRAIN-MR14,Lee2019_MI,SAN-STRAT,A0-RAW-ACCEPT-ALL,FULL_TRAIN,14,15,1,100,0.5700000000000001,0.567882624861823,0.57,0.5
P02-A0-Lee2019_MI-SAN-STRAT-FULL_TRAIN-MR14,Lee2019_MI,SAN-STRAT,A0-RAW-ACCEPT-ALL,FULL_TRAIN,14,19,1,100,0.45,0.44550861982054646,0.45,0.5
P02-A0-Lee2019_MI-SAN-STRAT-FULL_TRAIN-MR14,Lee2019_MI,SAN-STRAT,A0-RAW-ACCEPT-ALL,FULL_TRAIN,14,30,1,100,0.5800000000000001,0.5798319327731092,0.58,0.5
P02-A0-Lee2019_MI-SAN-STRAT-FULL_TRAIN-MR14,Lee2019_MI,SAN-STRAT,A0-RAW-ACCEPT-ALL,FULL_TRAIN,14,36,1,100,0.45,0.44862155388471175,0.45,0.5
P02-A0-Lee2019_MI-SAN-STRAT-FULL_TRAIN-MR15,Lee2019_MI,SAN-STRAT,A0-RAW-ACCEPT-ALL,FULL_TRAIN,15,3,1,100,0.54,0.5392628205128205,0.54,0.5
P02-A0-Lee2019_MI-SAN-STRAT-FULL_TRAIN-MR15,Lee2019_MI,SAN-STRAT,A0-RAW-ACCEPT-ALL,FULL_TRAIN,15,6,1,100,0.52,0.5198079231692677,0.52,0.5
P02-A0-Lee2019_MI-SAN-STRAT-FULL_TRAIN-MR15,Lee2019_MI,SAN-STRAT,A0-RAW-ACCEPT-ALL,FULL_TRAIN,15,15,1,100,0.5700000000000001,0.567882624861823,0.57,0.5
P02-A0-Lee2019_MI-SAN-STRAT-FULL_TRAIN-MR15,Lee2019_MI,SAN-STRAT,A0-RAW-ACCEPT-ALL,FULL_TRAIN,15,19,1,100,0.48,0.4797919167667067,0.48,0.5
P02-A0-Lee2019_MI-SAN-STRAT-FULL_TRAIN-MR15,Lee2019_MI,SAN-STRAT,A0-RAW-ACCEPT-ALL,FULL_TRAIN,15,30,1,100,0.51,0.5059985885673959,0.51,0.5
P02-A0-Lee2019_MI-SAN-STRAT-FULL_TRAIN-MR15,Lee2019_MI,SAN-STRAT,A0-RAW-ACCEPT-ALL,FULL_TRAIN,15,36,1,100,0.54,0.5392628205128205,0.54,0.5
P02-A0-Lee2019_MI-SAN-STRAT-FULL_TRAIN-MR16,Lee2019_MI,SAN-STRAT,A0-RAW-ACCEPT-ALL,FULL_TRAIN,16,3,1,100,0.5,0.4981934965877158,0.5,0.5
P02-A0-Lee2019_MI-SAN-STRAT-FULL_TRAIN-MR16,Lee2019_MI,SAN-STRAT,A0-RAW-ACCEPT-ALL,FULL_TRAIN,16,6,1,100,0.54,0.5383380168606985,0.54,0.5
P02-A0-Lee2019_MI-SAN-STRAT-FULL_TRAIN-MR16,Lee2019_MI,SAN-STRAT,A0-RAW-ACCEPT-ALL,FULL_TRAIN,16,15,1,100,0.51,0.50995099509951,0.51,0.5
P02-A0-Lee2019_MI-SAN-STRAT-FULL_TRAIN-MR16,Lee2019_MI,SAN-STRAT,A0-RAW-ACCEPT-ALL,FULL_TRAIN,16,19,1,100,0.43,0.42994299429942995,0.43,0.5
P02-A0-Lee2019_MI-SAN-STRAT-FULL_TRAIN-MR16,Lee2019_MI,SAN-STRAT,A0-RAW-ACCEPT-ALL,FULL_TRAIN,16,30,1,100,0.45,0.44862155388471175,0.45,0.5
P02-A0-Lee2019_MI-SAN-STRAT-FULL_TRAIN-MR16,Lee2019_MI,SAN-STRAT,A0-RAW-ACCEPT-ALL,FULL_TRAIN,16,36,1,100,0.52,0.5192307692307692,0.52,0.5
P02-A0-Lee2019_MI-SAN-STRAT-FULL_TRAIN-MR17,Lee2019_MI,SAN-STRAT,A0-RAW-ACCEPT-ALL,FULL_TRAIN,17,3,1,100,0.52,0.5151515151515151,0.52,0.5
P02-A0-Lee2019_MI-SAN-STRAT-FULL_TRAIN-MR17,Lee2019_MI,SAN-STRAT,A0-RAW-ACCEPT-ALL,FULL_TRAIN,17,6,1,100,0.49,0.4895405865278751,0.49,0.5
P02-A0-Lee2019_MI-SAN-STRAT-FULL_TRAIN-MR17,Lee2019_MI,SAN-STRAT,A0-RAW-ACCEPT-ALL,FULL_TRAIN,17,15,1,100,0.5900000000000001,0.5879811074263892,0.59,0.5
P02-A0-Lee2019_MI-SAN-STRAT-FULL_TRAIN-MR17,Lee2019_MI,SAN-STRAT,A0-RAW-ACCEPT-ALL,FULL_TRAIN,17,19,1,100,0.64,0.6398559423769508,0.64,0.5
P02-A0-Lee2019_MI-SAN-STRAT-FULL_TRAIN-MR17,Lee2019_MI,SAN-STRAT,A0-RAW-ACCEPT-ALL,FULL_TRAIN,17,30,1,100,0.52,0.5192307692307692,0.52,0.5
P02-A0-Lee2019_MI-SAN-STRAT-FULL_TRAIN-MR17,Lee2019_MI,SAN-STRAT,A0-RAW-ACCEPT-ALL,FULL_TRAIN,17,36,1,100,0.49,0.4858352656517794,0.49,0.5
P02-A0-Lee2019_MI-SAN-STRAT-FULL_TRAIN-MR18,Lee2019_MI,SAN-STRAT,A0-RAW-ACCEPT-ALL,FULL_TRAIN,18,3,1,100,0.5,0.49919871794871795,0.5,0.5
P02-A0-Lee2019_MI-SAN-STRAT-FULL_TRAIN-MR18,Lee2019_MI,SAN-STRAT,A0-RAW-ACCEPT-ALL,FULL_TRAIN,18,6,1,100,0.51,0.50995099509951,0.51,0.5
P02-A0-Lee2019_MI-SAN-STRAT-FULL_TRAIN-MR18,Lee2019_MI,SAN-STRAT,A0-RAW-ACCEPT-ALL,FULL_TRAIN,18,15,1,100,0.56,0.5598239295718287,0.56,0.5
P02-A0-Lee2019_MI-SAN-STRAT-FULL_TRAIN-MR18,Lee2019_MI,SAN-STRAT,A0-RAW-ACCEPT-ALL,FULL_TRAIN,18,19,1,100,0.45999999999999996,0.45978391356542614,0.46,0.5
P02-A0-Lee2019_MI-SAN-STRAT-FULL_TRAIN-MR18,Lee2019_MI,SAN-STRAT,A0-RAW-ACCEPT-ALL,FULL_TRAIN,18,30,1,100,0.53,0.52995299529953,0.53,0.5
P02-A0-Lee2019_MI-SAN-STRAT-FULL_TRAIN-MR18,Lee2019_MI,SAN-STRAT,A0-RAW-ACCEPT-ALL,FULL_TRAIN,18,36,1,100,0.45,0.4472917294744247,0.45,0.5
P02-A0-Lee2019_MI-SAN-STRAT-FULL_TRAIN-MR19,Lee2019_MI,SAN-STRAT,A0-RAW-ACCEPT-ALL,FULL_TRAIN,19,3,1,100,0.45,0.44550861982054646,0.45,0.5
P02-A0-Lee2019_MI-SAN-STRAT-FULL_TRAIN-MR19,Lee2019_MI,SAN-STRAT,A0-RAW-ACCEPT-ALL,FULL_TRAIN,19,6,1,100,0.54,0.5398159263705482,0.54,0.5
P02-A0-Lee2019_MI-SAN-STRAT-FULL_TRAIN-MR19,Lee2019_MI,SAN-STRAT,A0-RAW-ACCEPT-ALL,FULL_TRAIN,19,15,1,100,0.5,0.4981934965877158,0.5,0.5
P02-A0-Lee2019_MI-SAN-STRAT-FULL_TRAIN-MR19,Lee2019_MI,SAN-STRAT,A0-RAW-ACCEPT-ALL,FULL_TRAIN,19,19,1,100,0.52,0.5198079231692677,0.52,0.5
P02-A0-Lee2019_MI-SAN-STRAT-FULL_TRAIN-MR19,Lee2019_MI,SAN-STRAT,A0-RAW-ACCEPT-ALL,FULL_TRAIN,19,30,1,100,0.64,0.64,0.64,0.5
P02-A0-Lee2019_MI-SAN-STRAT-FULL_TRAIN-MR19,Lee2019_MI,SAN-STRAT,A0-RAW-ACCEPT-ALL,FULL_TRAIN,19,36,1,100,0.48,0.4747474747474747,0.48,0.5
P02-A0-PhysioNetMI-SAN-PERM-FULL_TRAIN-MR00-PR000,PhysioNetMI,SAN-PERM,A0-RAW-ACCEPT-ALL,FULL_TRAIN,0,6,0,45,0.5208333333333334,0.3630769230769231,0.4888888888888889,0.5337301587301587
P02-A0-PhysioNetMI-SAN-PERM-FULL_TRAIN-MR00-PR000,PhysioNetMI,SAN-PERM,A0-RAW-ACCEPT-ALL,FULL_TRAIN,0,27,0,45,0.48320158102766797,0.44976076555023925,0.4888888888888889,0.4288537549407115
P02-A0-PhysioNetMI-SAN-PERM-FULL_TRAIN-MR00-PR000,PhysioNetMI,SAN-PERM,A0-RAW-ACCEPT-ALL,FULL_TRAIN,0,39,0,45,0.45750988142292487,0.35096153846153844,0.4666666666666667,0.2845849802371542
P02-A0-PhysioNetMI-SAN-PERM-FULL_TRAIN-MR00-PR000,PhysioNetMI,SAN-PERM,A0-RAW-ACCEPT-ALL,FULL_TRAIN,0,40,0,45,0.5,0.3181818181818182,0.4666666666666667,0.3511904761904762
P02-A0-PhysioNetMI-SAN-PERM-FULL_TRAIN-MR00-PR000,PhysioNetMI,SAN-PERM,A0-RAW-ACCEPT-ALL,FULL_TRAIN,0,47,0,45,0.4613095238095238,0.46,0.4666666666666667,0.4861111111111111
P02-A0-PhysioNetMI-SAN-PERM-FULL_TRAIN-MR00-PR000,PhysioNetMI,SAN-PERM,A0-RAW-ACCEPT-ALL,FULL_TRAIN,0,48,0,45,0.5049407114624506,0.4665948275862069,0.5111111111111111,0.5217391304347827
P02-A0-PhysioNetMI-SAN-PERM-FULL_TRAIN-MR00-PR000,PhysioNetMI,SAN-PERM,A0-RAW-ACCEPT-ALL,FULL_TRAIN,0,57,0,45,0.5416666666666666,0.4050480769230769,0.5111111111111111,0.5059523809523809
P02-A0-PhysioNetMI-SAN-PERM-FULL_TRAIN-MR00-PR000,PhysioNetMI,SAN-PERM,A0-RAW-ACCEPT-ALL,FULL_TRAIN,0,71,0,45,0.5385375494071146,0.509090909090909,0.5333333333333333,0.5731225296442688
P02-A0-PhysioNetMI-SAN-PERM-FULL_TRAIN-MR00-PR000,PhysioNetMI,SAN-PERM,A0-RAW-ACCEPT-ALL,FULL_TRAIN,0,93,0,45,0.5,0.3382352941176471,0.5111111111111111,0.6403162055335969
P02-A0-PhysioNetMI-SAN-PERM-FULL_TRAIN-MR00-PR000,PhysioNetMI,SAN-PERM,A0-RAW-ACCEPT-ALL,FULL_TRAIN,0,98,0,45,0.48221343873517786,0.434117003827228,0.4888888888888889,0.42292490118577075
P02-A0-PhysioNetMI-SAN-PERM-FULL_TRAIN-MR00-PR000,PhysioNetMI,SAN-PERM,A0-RAW-ACCEPT-ALL,FULL_TRAIN,0,107,0,45,0.46130952380952384,0.3630769230769231,0.4888888888888889,0.36706349206349204
P02-A0-PhysioNetMI-SAN-PERM-FULL_TRAIN-MR00-PR001,PhysioNetMI,SAN-PERM,A0-RAW-ACCEPT-ALL,FULL_TRAIN,0,6,0,45,0.5029761904761905,0.4989878542510121,0.5111111111111111,0.49603174603174605
P02-A0-PhysioNetMI-SAN-PERM-FULL_TRAIN-MR00-PR001,PhysioNetMI,SAN-PERM,A0-RAW-ACCEPT-ALL,FULL_TRAIN,0,27,0,45,0.4782608695652174,0.3283582089552239,0.4888888888888889,0.4545454545454546
P02-A0-PhysioNetMI-SAN-PERM-FULL_TRAIN-MR00-PR001,PhysioNetMI,SAN-PERM,A0-RAW-ACCEPT-ALL,FULL_TRAIN,0,39,0,45,0.4486166007905138,0.4263131055583886,0.4444444444444444,0.5256916996047432
P02-A0-PhysioNetMI-SAN-PERM-FULL_TRAIN-MR00-PR001,PhysioNetMI,SAN-PERM,A0-RAW-ACCEPT-ALL,FULL_TRAIN,0,40,0,45,0.5,0.34782608695652173,0.5333333333333333,0.4702380952380953
P02-A0-PhysioNetMI-SAN-PERM-FULL_TRAIN-MR00-PR001,PhysioNetMI,SAN-PERM,A0-RAW-ACCEPT-ALL,FULL_TRAIN,0,47,0,45,0.5,0.34782608695652173,0.5333333333333333,0.4186507936507936
P02-A0-PhysioNetMI-SAN-PERM-FULL_TRAIN-MR00-PR001,PhysioNetMI,SAN-PERM,A0-RAW-ACCEPT-ALL,FULL_TRAIN,0,48,0,45,0.4209486166007905,0.4196428571428571,0.4222222222222222,0.46442687747035577
P02-A0-PhysioNetMI-SAN-PERM-FULL_TRAIN-MR00-PR001,PhysioNetMI,SAN-PERM,A0-RAW-ACCEPT-ALL,FULL_TRAIN,0,57,0,45,0.5,0.4907407407407407,0.5111111111111111,0.42658730158730157
P02-A0-PhysioNetMI-SAN-PERM-FULL_TRAIN-MR00-PR001,PhysioNetMI,SAN-PERM,A0-RAW-ACCEPT-ALL,FULL_TRAIN,0,71,0,45,0.5128458498023716,0.5089285714285714,0.5111111111111111,0.5079051383399209
P02-A0-PhysioNetMI-SAN-PERM-FULL_TRAIN-MR00-PR001,PhysioNetMI,SAN-PERM,A0-RAW-ACCEPT-ALL,FULL_TRAIN,0,93,0,45,0.4535573122529644,0.3386243386243386,0.4444444444444444,0.5316205533596838
P02-A0-PhysioNetMI-SAN-PERM-FULL_TRAIN-MR00-PR001,PhysioNetMI,SAN-PERM,A0-RAW-ACCEPT-ALL,FULL_TRAIN,0,98,0,45,0.48023715415019763,0.3915343915343915,0.4888888888888889,0.40513833992094866
P02-A0-PhysioNetMI-SAN-PERM-FULL_TRAIN-MR00-PR001,PhysioNetMI,SAN-PERM,A0-RAW-ACCEPT-ALL,FULL_TRAIN,0,107,0,45,0.4821428571428571,0.375,0.5111111111111111,0.5238095238095237
P02-A0-PhysioNetMI-SAN-PERM-FULL_TRAIN-MR00-PR002,PhysioNetMI,SAN-PERM,A0-RAW-ACCEPT-ALL,FULL_TRAIN,0,6,0,45,0.4791666666666667,0.3382352941176471,0.5111111111111111,0.48611111111111105
P02-A0-PhysioNetMI-SAN-PERM-FULL_TRAIN-MR00-PR002,PhysioNetMI,SAN-PERM,A0-RAW-ACCEPT-ALL,FULL_TRAIN,0,27,0,45,0.46047430830039526,0.41810344827586204,0.4666666666666667,0.4782608695652174
P02-A0-PhysioNetMI-SAN-PERM-FULL_TRAIN-MR00-PR002,PhysioNetMI,SAN-PERM,A0-RAW-ACCEPT-ALL,FULL_TRAIN,0,39,0,45,0.5,0.3382352941176471,0.5111111111111111,0.49604743083003955
P02-A0-PhysioNetMI-SAN-PERM-FULL_TRAIN-MR00-PR002,PhysioNetMI,SAN-PERM,A0-RAW-ACCEPT-ALL,FULL_TRAIN,0,40,0,45,0.5,0.3181818181818182,0.4666666666666667,0.33333333333333337
P02-A0-PhysioNetMI-SAN-PERM-FULL_TRAIN-MR00-PR002,PhysioNetMI,SAN-PERM,A0-RAW-ACCEPT-ALL,FULL_TRAIN,0,47,0,45,0.5208333333333334,0.3630769230769231,0.4888888888888889,0.6190476190476191
P02-A0-PhysioNetMI-SAN-PERM-FULL_TRAIN-MR00-PR002,PhysioNetMI,SAN-PERM,A0-RAW-ACCEPT-ALL,FULL_TRAIN,0,48,0,45,0.5,0.3283582089552239,0.4888888888888889,0.46442687747035577
P02-A0-PhysioNetMI-SAN-PERM-FULL_TRAIN-MR00-PR002,PhysioNetMI,SAN-PERM,A0-RAW-ACCEPT-ALL,FULL_TRAIN,0,57,0,45,0.4791666666666667,0.3382352941176471,0.5111111111111111,0.5119047619047619
P02-A0-PhysioNetMI-SAN-PERM-FULL_TRAIN-MR00-PR002,PhysioNetMI,SAN-PERM,A0-RAW-ACCEPT-ALL,FULL_TRAIN,0,71,0,45,0.47035573122529645,0.45344129554655865,0.4666666666666667,0.45849802371541504
P02-A0-PhysioNetMI-SAN-PERM-FULL_TRAIN-MR00-PR002,PhysioNetMI,SAN-PERM,A0-RAW-ACCEPT-ALL,FULL_TRAIN,0,93,0,45,0.5365612648221344,0.5248868778280543,0.5333333333333333,0.48023715415019763
P02-A0-PhysioNetMI-SAN-PERM-FULL_TRAIN-MR00-PR002,PhysioNetMI,SAN-PERM,A0-RAW-ACCEPT-ALL,FULL_TRAIN,0,98,0,45,0.5,0.3283582089552239,0.4888888888888889,0.5098814229249011
P02-A0-PhysioNetMI-SAN-PERM-FULL_TRAIN-MR00-PR002,PhysioNetMI,SAN-PERM,A0-RAW-ACCEPT-ALL,FULL_TRAIN,0,107,0,45,0.5386904761904762,0.5150862068965517,0.5555555555555556,0.4365079365079365
P02-A0-PhysioNetMI-SAN-PERM-FULL_TRAIN-MR00-PR003,PhysioNetMI,SAN-PERM,A0-RAW-ACCEPT-ALL,FULL_TRAIN,0,6,0,45,0.5,0.4796380090497738,0.4888888888888889,0.5773809523809523
P02-A0-PhysioNetMI-SAN-PERM-FULL_TRAIN-MR00-PR003,PhysioNetMI,SAN-PERM,A0-RAW-ACCEPT-ALL,FULL_TRAIN,0,27,0,45,0.5069169960474308,0.4907407407407407,0.5111111111111111,0.5711462450592886
P02-A0-PhysioNetMI-SAN-PERM-FULL_TRAIN-MR00-PR003,PhysioNetMI,SAN-PERM,A0-RAW-ACCEPT-ALL,FULL_TRAIN,0,39,0,45,0.525691699604743,0.465799886941775,0.5333333333333333,0.4881422924901186
P02-A0-PhysioNetMI-SAN-PERM-FULL_TRAIN-MR00-PR003,PhysioNetMI,SAN-PERM,A0-RAW-ACCEPT-ALL,FULL_TRAIN,0,40,0,45,0.5,0.34782608695652173,0.5333333333333333,0.4285714285714286
P02-A0-PhysioNetMI-SAN-PERM-FULL_TRAIN-MR00-PR003,PhysioNetMI,SAN-PERM,A0-RAW-ACCEPT-ALL,FULL_TRAIN,0,47,0,45,0.5,0.3181818181818182,0.4666666666666667,0.49603174603174605
P02-A0-PhysioNetMI-SAN-PERM-FULL_TRAIN-MR00-PR003,PhysioNetMI,SAN-PERM,A0-RAW-ACCEPT-ALL,FULL_TRAIN,0,48,0,45,0.43675889328063244,0.3640474844544941,0.4444444444444444,0.46640316205533594
P02-A0-PhysioNetMI-SAN-PERM-FULL_TRAIN-MR00-PR003,PhysioNetMI,SAN-PERM,A0-RAW-ACCEPT-ALL,FULL_TRAIN,0,57,0,45,0.43452380952380953,0.40789473684210525,0.4222222222222222,0.4384920634920635
P02-A0-PhysioNetMI-SAN-PERM-FULL_TRAIN-MR00-PR003,PhysioNetMI,SAN-PERM,A0-RAW-ACCEPT-ALL,FULL_TRAIN,0,71,0,45,0.5217391304347826,0.375,0.5111111111111111,0.5138339920948616
P02-A0-PhysioNetMI-SAN-PERM-FULL_TRAIN-MR00-PR003,PhysioNetMI,SAN-PERM,A0-RAW-ACCEPT-ALL,FULL_TRAIN,0,93,0,45,0.5405138339920948,0.4833242208857299,0.5333333333333333,0.6027667984189723
P02-A0-PhysioNetMI-SAN-PERM-FULL_TRAIN-MR00-PR003,PhysioNetMI,SAN-PERM,A0-RAW-ACCEPT-ALL,FULL_TRAIN,0,98,0,45,0.5247035573122529,0.4444444444444444,0.5333333333333333,0.424901185770751
P02-A0-PhysioNetMI-SAN-PERM-FULL_TRAIN-MR00-PR003,PhysioNetMI,SAN-PERM,A0-RAW-ACCEPT-ALL,FULL_TRAIN,0,107,0,45,0.5,0.3181818181818182,0.4666666666666667,0.5218253968253969
P02-A0-PhysioNetMI-SAN-PERM-FULL_TRAIN-MR00-PR004,PhysioNetMI,SAN-PERM,A0-RAW-ACCEPT-ALL,FULL_TRAIN,0,6,0,45,0.44047619047619047,0.35096153846153844,0.4666666666666667,0.3472222222222222
P02-A0-PhysioNetMI-SAN-PERM-FULL_TRAIN-MR00-PR004,PhysioNetMI,SAN-PERM,A0-RAW-ACCEPT-ALL,FULL_TRAIN,0,27,0,45,0.31521739130434784,0.28862825089240185,0.3111111111111111,0.3142292490118577
P02-A0-PhysioNetMI-SAN-PERM-FULL_TRAIN-MR00-PR004,PhysioNetMI,SAN-PERM,A0-RAW-ACCEPT-ALL,FULL_TRAIN,0,39,0,45,0.5721343873517787,0.5454545454545454,0.5777777777777777,0.48418972332015814
P02-A0-PhysioNetMI-SAN-PERM-FULL_TRAIN-MR00-PR004,PhysioNetMI,SAN-PERM,A0-RAW-ACCEPT-ALL,FULL_TRAIN,0,40,0,45,0.5,0.3181818181818182,0.4666666666666667,0.4047619047619048
P02-A0-PhysioNetMI-SAN-PERM-FULL_TRAIN-MR00-PR004,PhysioNetMI,SAN-PERM,A0-RAW-ACCEPT-ALL,FULL_TRAIN,0,47,0,45,0.5,0.34782608695652173,0.5333333333333333,0.5
P02-A0-PhysioNetMI-SAN-PERM-FULL_TRAIN-MR00-PR004,PhysioNetMI,SAN-PERM,A0-RAW-ACCEPT-ALL,FULL_TRAIN,0,48,0,45,0.5,0.3283582089552239,0.4888888888888889,0.41304347826086957
P02-A0-PhysioNetMI-SAN-PERM-FULL_TRAIN-MR00-PR004,PhysioNetMI,SAN-PERM,A0-RAW-ACCEPT-ALL,FULL_TRAIN,0,57,0,45,0.5297619047619048,0.4591346153846154,0.5555555555555556,0.5357142857142857
P02-A0-PhysioNetMI-SAN-PERM-FULL_TRAIN-MR00-PR004,PhysioNetMI,SAN-PERM,A0-RAW-ACCEPT-ALL,FULL_TRAIN,0,71,0,45,0.5,0.3382352941176471,0.5111111111111111,0.4505928853754941
P02-A0-PhysioNetMI-SAN-PERM-FULL_TRAIN-MR00-PR004,PhysioNetMI,SAN-PERM,A0-RAW-ACCEPT-ALL,FULL_TRAIN,0,93,0,45,0.5,0.3382352941176471,0.5111111111111111,0.525691699604743
P02-A0-PhysioNetMI-SAN-PERM-FULL_TRAIN-MR00-PR004,PhysioNetMI,SAN-PERM,A0-RAW-ACCEPT-ALL,FULL_TRAIN,0,98,0,45,0.5592885375494071,0.5445344129554656,0.5555555555555556,0.5434782608695652
P02-A0-PhysioNetMI-SAN-PERM-FULL_TRAIN-MR00-PR004,PhysioNetMI,SAN-PERM,A0-RAW-ACCEPT-ALL,FULL_TRAIN,0,107,0,45,0.5029761904761905,0.3867618429591174,0.5333333333333333,0.4523809523809524
P02-A0-PhysioNetMI-SAN-PERM-FULL_TRAIN-MR00-PR005,PhysioNetMI,SAN-PERM,A0-RAW-ACCEPT-ALL,FULL_TRAIN,0,6,0,45,0.44047619047619047,0.35096153846153844,0.4666666666666667,0.45039682539682535
P02-A0-PhysioNetMI-SAN-PERM-FULL_TRAIN-MR00-PR005,PhysioNetMI,SAN-PERM,A0-RAW-ACCEPT-ALL,FULL_TRAIN,0,27,0,45,0.42193675889328064,0.42193675889328064,0.4222222222222222,0.3695652173913043
P02-A0-PhysioNetMI-SAN-PERM-FULL_TRAIN-MR00-PR005,PhysioNetMI,SAN-PERM,A0-RAW-ACCEPT-ALL,FULL_TRAIN,0,39,0,45,0.5,0.3382352941176471,0.5111111111111111,0.6086956521739131
P02-A0-PhysioNetMI-SAN-PERM-FULL_TRAIN-MR00-PR005,PhysioNetMI,SAN-PERM,A0-RAW-ACCEPT-ALL,FULL_TRAIN,0,40,0,45,0.5,0.34782608695652173,0.5333333333333333,0.49404761904761907
P02-A0-PhysioNetMI-SAN-PERM-FULL_TRAIN-MR00-PR005,PhysioNetMI,SAN-PERM,A0-RAW-ACCEPT-ALL,FULL_TRAIN,0,47,0,45,0.5178571428571428,0.3915343915343915,0.4888888888888889,0.5158730158730158
P02-A0-PhysioNetMI-SAN-PERM-FULL_TRAIN-MR00-PR005,PhysioNetMI,SAN-PERM,A0-RAW-ACCEPT-ALL,FULL_TRAIN,0,48,0,45,0.5,0.3283582089552239,0.4888888888888889,0.5118577075098814
P02-A0-PhysioNetMI-SAN-PERM-FULL_TRAIN-MR00-PR005,PhysioNetMI,SAN-PERM,A0-RAW-ACCEPT-ALL,FULL_TRAIN,0,57,0,45,0.45833333333333337,0.45344129554655865,0.4666666666666667,0.46031746031746035
P02-A0-PhysioNetMI-SAN-PERM-FULL_TRAIN-MR00-PR005,PhysioNetMI,SAN-PERM,A0-RAW-ACCEPT-ALL,FULL_TRAIN,0,71,0,45,0.42193675889328064,0.42193675889328064,0.4222222222222222,0.5197628458498024
P02-A0-PhysioNetMI-SAN-PERM-FULL_TRAIN-MR00-PR005,PhysioNetMI,SAN-PERM,A0-RAW-ACCEPT-ALL,FULL_TRAIN,0,93,0,45,0.4713438735177865,0.4444444444444444,0.4666666666666667,0.5039525691699605
P02-A0-PhysioNetMI-SAN-PERM-FULL_TRAIN-MR00-PR005,PhysioNetMI,SAN-PERM,A0-RAW-ACCEPT-ALL,FULL_TRAIN,0,98,0,45,0.4940711462450593,0.4623376623376623,0.4888888888888889,0.4920948616600791
P02-A0-PhysioNetMI-SAN-PERM-FULL_TRAIN-MR00-PR005,PhysioNetMI,SAN-PERM,A0-RAW-ACCEPT-ALL,FULL_TRAIN,0,107,0,45,0.5982142857142857,0.5982142857142857,0.6,0.5456349206349206
P02-A0-PhysioNetMI-SAN-PERM-FULL_TRAIN-MR00-PR006,PhysioNetMI,SAN-PERM,A0-RAW-ACCEPT-ALL,FULL_TRAIN,0,6,0,45,0.5208333333333334,0.3630769230769231,0.4888888888888889,0.4186507936507936
P02-A0-PhysioNetMI-SAN-PERM-FULL_TRAIN-MR00-PR006,PhysioNetMI,SAN-PERM,A0-RAW-ACCEPT-ALL,FULL_TRAIN,0,27,0,45,0.42391304347826086,0.4196428571428571,0.4222222222222222,0.3537549407114625
P02-A0-PhysioNetMI-SAN-PERM-FULL_TRAIN-MR00-PR006,PhysioNetMI,SAN-PERM,A0-RAW-ACCEPT-ALL,FULL_TRAIN,0,39,0,45,0.5820158102766798,0.5639979602243753,0.5777777777777777,0.5118577075098815
P02-A0-PhysioNetMI-SAN-PERM-FULL_TRAIN-MR00-PR006,PhysioNetMI,SAN-PERM,A0-RAW-ACCEPT-ALL,FULL_TRAIN,0,40,0,45,0.42857142857142855,0.4019138755980861,0.4444444444444444,0.4027777777777778
P02-A0-PhysioNetMI-SAN-PERM-FULL_TRAIN-MR00-PR006,PhysioNetMI,SAN-PERM,A0-RAW-ACCEPT-ALL,FULL_TRAIN,0,47,0,45,0.46726190476190477,0.41492368569813454,0.4888888888888889,0.4007936507936508
P02-A0-PhysioNetMI-SAN-PERM-FULL_TRAIN-MR00-PR006,PhysioNetMI,SAN-PERM,A0-RAW-ACCEPT-ALL,FULL_TRAIN,0,48,0,45,0.5790513833992095,0.5769421078673924,0.5777777777777777,0.6027667984189723
P02-A0-PhysioNetMI-SAN-PERM-FULL_TRAIN-MR00-PR006,PhysioNetMI,SAN-PERM,A0-RAW-ACCEPT-ALL,FULL_TRAIN,0,57,0,45,0.5238095238095238,0.39839572192513373,0.5555555555555556,0.42460317460317454
P02-A0-PhysioNetMI-SAN-PERM-FULL_TRAIN-MR00-PR006,PhysioNetMI,SAN-PERM,A0-RAW-ACCEPT-ALL,FULL_TRAIN,0,71,0,45,0.3715415019762846,0.32112068965517243,0.37777777777777777,0.40909090909090906
P02-A0-PhysioNetMI-SAN-PERM-FULL_TRAIN-MR00-PR006,PhysioNetMI,SAN-PERM,A0-RAW-ACCEPT-ALL,FULL_TRAIN,0,93,0,45,0.5,0.3382352941176471,0.5111111111111111,0.4644268774703558
P02-A0-PhysioNetMI-SAN-PERM-FULL_TRAIN-MR00-PR006,PhysioNetMI,SAN-PERM,A0-RAW-ACCEPT-ALL,FULL_TRAIN,0,98,0,45,0.5118577075098814,0.5108695652173914,0.5111111111111111,0.466403162055336
P02-A0-PhysioNetMI-SAN-PERM-FULL_TRAIN-MR00-PR006,PhysioNetMI,SAN-PERM,A0-RAW-ACCEPT-ALL,FULL_TRAIN,0,107,0,45,0.5,0.34782608695652173,0.5333333333333333,0.42857142857142855
P02-A0-PhysioNetMI-SAN-PERM-FULL_TRAIN-MR00-PR007,PhysioNetMI,SAN-PERM,A0-RAW-ACCEPT-ALL,FULL_TRAIN,0,6,0,45,0.5,0.34782608695652173,0.5333333333333333,0.41666666666666663
P02-A0-PhysioNetMI-SAN-PERM-FULL_TRAIN-MR00-PR007,PhysioNetMI,SAN-PERM,A0-RAW-ACCEPT-ALL,FULL_TRAIN,0,27,0,45,0.541501976284585,0.465799886941775,0.5333333333333333,0.5849802371541503
P02-A0-PhysioNetMI-SAN-PERM-FULL_TRAIN-MR00-PR007,PhysioNetMI,SAN-PERM,A0-RAW-ACCEPT-ALL,FULL_TRAIN,0,39,0,45,0.5316205533596838,0.5296167247386759,0.5333333333333333,0.5711462450592886
P02-A0-PhysioNetMI-SAN-PERM-FULL_TRAIN-MR00-PR007,PhysioNetMI,SAN-PERM,A0-RAW-ACCEPT-ALL,FULL_TRAIN,0,40,0,45,0.5,0.34782608695652173,0.5333333333333333,0.5376984126984128
P02-A0-PhysioNetMI-SAN-PERM-FULL_TRAIN-MR00-PR007,PhysioNetMI,SAN-PERM,A0-RAW-ACCEPT-ALL,FULL_TRAIN,0,47,0,45,0.5029761904761905,0.3867618429591174,0.5333333333333333,0.4543650793650794
P02-A0-PhysioNetMI-SAN-PERM-FULL_TRAIN-MR00-PR007,PhysioNetMI,SAN-PERM,A0-RAW-ACCEPT-ALL,FULL_TRAIN,0,48,0,45,0.46936758893280633,0.46,0.4666666666666667,0.48221343873517786
P02-A0-PhysioNetMI-SAN-PERM-FULL_TRAIN-MR00-PR007,PhysioNetMI,SAN-PERM,A0-RAW-ACCEPT-ALL,FULL_TRAIN,0,57,0,45,0.47916666666666663,0.4722080571137175,0.4888888888888889,0.5337301587301588
P02-A0-PhysioNetMI-SAN-PERM-FULL_TRAIN-MR00-PR007,PhysioNetMI,SAN-PERM,A0-RAW-ACCEPT-ALL,FULL_TRAIN,0,71,0,45,0.47035573122529645,0.45344129554655865,0.4666666666666667,0.49604743083003955
P02-A0-PhysioNetMI-SAN-PERM-FULL_TRAIN-MR00-PR007,PhysioNetMI,SAN-PERM,A0-RAW-ACCEPT-ALL,FULL_TRAIN,0,93,0,45,0.6284584980237153,0.5933014354066986,0.6222222222222222,0.6679841897233202
P02-A0-PhysioNetMI-SAN-PERM-FULL_TRAIN-MR00-PR007,PhysioNetMI,SAN-PERM,A0-RAW-ACCEPT-ALL,FULL_TRAIN,0,98,0,45,0.5,0.3382352941176471,0.5111111111111111,0.4466403162055336
P02-A0-PhysioNetMI-SAN-PERM-FULL_TRAIN-MR00-PR007,PhysioNetMI,SAN-PERM,A0-RAW-ACCEPT-ALL,FULL_TRAIN,0,107,0,45,0.47619047619047616,0.4623376623376623,0.4888888888888889,0.5119047619047619
P02-A0-PhysioNetMI-SAN-PERM-FULL_TRAIN-MR00-PR008,PhysioNetMI,SAN-PERM,A0-RAW-ACCEPT-ALL,FULL_TRAIN,0,6,0,45,0.4970238095238095,0.35096153846153844,0.4666666666666667,0.5257936507936508
P02-A0-PhysioNetMI-SAN-PERM-FULL_TRAIN-MR00-PR008,PhysioNetMI,SAN-PERM,A0-RAW-ACCEPT-ALL,FULL_TRAIN,0,27,0,45,0.3606719367588933,0.3220779220779221,0.35555555555555557,0.39328063241106714
P02-A0-PhysioNetMI-SAN-PERM-FULL_TRAIN-MR00-PR008,PhysioNetMI,SAN-PERM,A0-RAW-ACCEPT-ALL,FULL_TRAIN,0,39,0,45,0.40118577075098816,0.39881246907471546,0.4,0.45849802371541504
P02-A0-PhysioNetMI-SAN-PERM-FULL_TRAIN-MR00-PR008,PhysioNetMI,SAN-PERM,A0-RAW-ACCEPT-ALL,FULL_TRAIN,0,40,0,45,0.47619047619047616,0.3076923076923077,0.4444444444444444,0.4186507936507937
P02-A0-PhysioNetMI-SAN-PERM-FULL_TRAIN-MR00-PR008,PhysioNetMI,SAN-PERM,A0-RAW-ACCEPT-ALL,FULL_TRAIN,0,47,0,45,0.4583333333333333,0.3283582089552239,0.4888888888888889,0.5317460317460317
P02-A0-PhysioNetMI-SAN-PERM-FULL_TRAIN-MR00-PR008,PhysioNetMI,SAN-PERM,A0-RAW-ACCEPT-ALL,FULL_TRAIN,0,48,0,45,0.5266798418972332,0.4833242208857299,0.5333333333333333,0.5671936758893281
P02-A0-PhysioNetMI-SAN-PERM-FULL_TRAIN-MR00-PR008,PhysioNetMI,SAN-PERM,A0-RAW-ACCEPT-ALL,FULL_TRAIN,0,57,0,45,0.5238095238095238,0.39839572192513373,0.5555555555555556,0.4246031746031746
P02-A0-PhysioNetMI-SAN-PERM-FULL_TRAIN-MR00-PR008,PhysioNetMI,SAN-PERM,A0-RAW-ACCEPT-ALL,FULL_TRAIN,0,71,0,45,0.45750988142292487,0.35096153846153844,0.4666666666666667,0.5237154150197628
P02-A0-PhysioNetMI-SAN-PERM-FULL_TRAIN-MR00-PR008,PhysioNetMI,SAN-PERM,A0-RAW-ACCEPT-ALL,FULL_TRAIN,0,93,0,45,0.5,0.3382352941176471,0.5111111111111111,0.7747035573122529
P02-A0-PhysioNetMI-SAN-PERM-FULL_TRAIN-MR00-PR008,PhysioNetMI,SAN-PERM,A0-RAW-ACCEPT-ALL,FULL_TRAIN,0,98,0,45,0.591897233201581,0.533410138248848,0.6,0.6383399209486166
P02-A0-PhysioNetMI-SAN-PERM-FULL_TRAIN-MR00-PR008,PhysioNetMI,SAN-PERM,A0-RAW-ACCEPT-ALL,FULL_TRAIN,0,107,0,45,0.38095238095238093,0.26229508196721313,0.35555555555555557,0.46825396825396826
P02-A0-PhysioNetMI-SAN-PERM-FULL_TRAIN-MR00-PR009,PhysioNetMI,SAN-PERM,A0-RAW-ACCEPT-ALL,FULL_TRAIN,0,6,0,45,0.5535714285714286,0.49760765550239233,0.5333333333333333,0.5277777777777778
P02-A0-PhysioNetMI-SAN-PERM-FULL_TRAIN-MR00-PR009,PhysioNetMI,SAN-PERM,A0-RAW-ACCEPT-ALL,FULL_TRAIN,0,27,0,45,0.5286561264822134,0.509090909090909,0.5333333333333333,0.5158102766798418
P02-A0-PhysioNetMI-SAN-PERM-FULL_TRAIN-MR00-PR009,PhysioNetMI,SAN-PERM,A0-RAW-ACCEPT-ALL,FULL_TRAIN,0,39,0,45,0.5760869565217391,0.5744151319064211,0.5777777777777777,0.5671936758893281
P02-A0-PhysioNetMI-SAN-PERM-FULL_TRAIN-MR00-PR009,PhysioNetMI,SAN-PERM,A0-RAW-ACCEPT-ALL,FULL_TRAIN,0,40,0,45,0.5,0.34782608695652173,0.5333333333333333,0.4920634920634921
P02-A0-PhysioNetMI-SAN-PERM-FULL_TRAIN-MR00-PR009,PhysioNetMI,SAN-PERM,A0-RAW-ACCEPT-ALL,FULL_TRAIN,0,47,0,45,0.5148809523809523,0.5108695652173914,0.5111111111111111,0.5178571428571428
P02-A0-PhysioNetMI-SAN-PERM-FULL_TRAIN-MR00-PR009,PhysioNetMI,SAN-PERM,A0-RAW-ACCEPT-ALL,FULL_TRAIN,0,48,0,45,0.5,0.3283582089552239,0.4888888888888889,0.4980237154150198
P02-A0-PhysioNetMI-SAN-PERM-FULL_TRAIN-MR00-PR009,PhysioNetMI,SAN-PERM,A0-RAW-ACCEPT-ALL,FULL_TRAIN,0,57,0,45,0.5535714285714286,0.4973544973544973,0.5777777777777777,0.5654761904761905
P02-A0-PhysioNetMI-SAN-PERM-FULL_TRAIN-MR00-PR009,PhysioNetMI,SAN-PERM,A0-RAW-ACCEPT-ALL,FULL_TRAIN,0,71,0,45,0.4723320158102767,0.4327731092436975,0.4666666666666667,0.4505928853754941
P02-A0-PhysioNetMI-SAN-PERM-FULL_TRAIN-MR00-PR009,PhysioNetMI,SAN-PERM,A0-RAW-ACCEPT-ALL,FULL_TRAIN,0,93,0,45,0.4762845849802371,0.35096153846153844,0.4666666666666667,0.46640316205533594
P02-A0-PhysioNetMI-SAN-PERM-FULL_TRAIN-MR00-PR009,PhysioNetMI,SAN-PERM,A0-RAW-ACCEPT-ALL,FULL_TRAIN,0,98,0,45,0.4357707509881423,0.3386243386243386,0.4444444444444444,0.5019762845849802
P02-A0-PhysioNetMI-SAN-PERM-FULL_TRAIN-MR00-PR009,PhysioNetMI,SAN-PERM,A0-RAW-ACCEPT-ALL,FULL_TRAIN,0,107,0,45,0.5238095238095238,0.39839572192513373,0.5555555555555556,0.4623015873015873
P02-A0-PhysioNetMI-SAN-PERM-FULL_TRAIN-MR00-PR010,PhysioNetMI,SAN-PERM,A0-RAW-ACCEPT-ALL,FULL_TRAIN,0,6,0,45,0.47916666666666663,0.45344129554655865,0.4666666666666667,0.47619047619047616
P02-A0-PhysioNetMI-SAN-PERM-FULL_TRAIN-MR00-PR010,PhysioNetMI,SAN-PERM,A0-RAW-ACCEPT-ALL,FULL_TRAIN,0,27,0,45,0.6205533596837944,0.6192135390741662,0.6222222222222222,0.6383399209486166
P02-A0-PhysioNetMI-SAN-PERM-FULL_TRAIN-MR00-PR010,PhysioNetMI,SAN-PERM,A0-RAW-ACCEPT-ALL,FULL_TRAIN,0,39,0,45,0.45256916996047436,0.3640474844544941,0.4444444444444444,0.4920948616600791
P02-A0-PhysioNetMI-SAN-PERM-FULL_TRAIN-MR00-PR010,PhysioNetMI,SAN-PERM,A0-RAW-ACCEPT-ALL,FULL_TRAIN,0,40,0,45,0.5,0.3181818181818182,0.4666666666666667,0.6805555555555556
P02-A0-PhysioNetMI-SAN-PERM-FULL_TRAIN-MR00-PR010,PhysioNetMI,SAN-PERM,A0-RAW-ACCEPT-ALL,FULL_TRAIN,0,47,0,45,0.5238095238095238,0.39839572192513373,0.5555555555555556,0.6190476190476191
P02-A0-PhysioNetMI-SAN-PERM-FULL_TRAIN-MR00-PR010,PhysioNetMI,SAN-PERM,A0-RAW-ACCEPT-ALL,FULL_TRAIN,0,48,0,45,0.48616600790513836,0.4796380090497738,0.4888888888888889,0.4960474308300395
P02-A0-PhysioNetMI-SAN-PERM-FULL_TRAIN-MR00-PR010,PhysioNetMI,SAN-PERM,A0-RAW-ACCEPT-ALL,FULL_TRAIN,0,57,0,45,0.5148809523809523,0.4833242208857299,0.5333333333333333,0.4900793650793651
P02-A0-PhysioNetMI-SAN-PERM-FULL_TRAIN-MR00-PR010,PhysioNetMI,SAN-PERM,A0-RAW-ACCEPT-ALL,FULL_TRAIN,0,71,0,45,0.5128458498023716,0.5089285714285714,0.5111111111111111,0.4762845849802371
P02-A0-PhysioNetMI-SAN-PERM-FULL_TRAIN-MR00-PR010,PhysioNetMI,SAN-PERM,A0-RAW-ACCEPT-ALL,FULL_TRAIN,0,93,0,45,0.6235177865612648,0.6214745175655616,0.6222222222222222,0.6462450592885375
P02-A0-PhysioNetMI-SAN-PERM-FULL_TRAIN-MR00-PR010,PhysioNetMI,SAN-PERM,A0-RAW-ACCEPT-ALL,FULL_TRAIN,0,98,0,45,0.5,0.3283582089552239,0.4888888888888889,0.5079051383399209
P02-A0-PhysioNetMI-SAN-PERM-FULL_TRAIN-MR00-PR010,PhysioNetMI,SAN-PERM,A0-RAW-ACCEPT-ALL,FULL_TRAIN,0,107,0,45,0.5029761904761905,0.4722080571137175,0.4888888888888889,0.4920634920634921
P02-A0-PhysioNetMI-SAN-PERM-FULL_TRAIN-MR00-PR011,PhysioNetMI,SAN-PERM,A0-RAW-ACCEPT-ALL,FULL_TRAIN,0,6,0,45,0.5,0.34782608695652173,0.5333333333333333,0.4861111111111111
P02-A0-PhysioNetMI-SAN-PERM-FULL_TRAIN-MR00-PR011,PhysioNetMI,SAN-PERM,A0-RAW-ACCEPT-ALL,FULL_TRAIN,0,27,0,45,0.4940711462450593,0.4623376623376623,0.4888888888888889,0.525691699604743
P02-A0-PhysioNetMI-SAN-PERM-FULL_TRAIN-MR00-PR011,PhysioNetMI,SAN-PERM,A0-RAW-ACCEPT-ALL,FULL_TRAIN,0,39,0,45,0.48616600790513836,0.4796380090497738,0.4888888888888889,0.5731225296442688
P02-A0-PhysioNetMI-SAN-PERM-FULL_TRAIN-MR00-PR011,PhysioNetMI,SAN-PERM,A0-RAW-ACCEPT-ALL,FULL_TRAIN,0,40,0,45,0.5,0.34782608695652173,0.5333333333333333,0.44642857142857145
P02-A0-PhysioNetMI-SAN-PERM-FULL_TRAIN-MR00-PR011,PhysioNetMI,SAN-PERM,A0-RAW-ACCEPT-ALL,FULL_TRAIN,0,47,0,45,0.5,0.34782608695652173,0.5333333333333333,0.4166666666666667
P02-A0-PhysioNetMI-SAN-PERM-FULL_TRAIN-MR00-PR011,PhysioNetMI,SAN-PERM,A0-RAW-ACCEPT-ALL,FULL_TRAIN,0,48,0,45,0.44565217391304346,0.44334487877288475,0.4444444444444444,0.4782608695652174
P02-A0-PhysioNetMI-SAN-PERM-FULL_TRAIN-MR00-PR011,PhysioNetMI,SAN-PERM,A0-RAW-ACCEPT-ALL,FULL_TRAIN,0,57,0,45,0.45238095238095233,0.44001991040318567,0.4444444444444444,0.4384920634920635
P02-A0-PhysioNetMI-SAN-PERM-FULL_TRAIN-MR00-PR011,PhysioNetMI,SAN-PERM,A0-RAW-ACCEPT-ALL,FULL_TRAIN,0,71,0,45,0.491106719367589,0.48481831757093086,0.4888888888888889,0.4565217391304348
P02-A0-PhysioNetMI-SAN-PERM-FULL_TRAIN-MR00-PR011,PhysioNetMI,SAN-PERM,A0-RAW-ACCEPT-ALL,FULL_TRAIN,0,93,0,45,0.6017786561264822,0.5982142857142857,0.6,0.6976284584980237
P02-A0-PhysioNetMI-SAN-PERM-FULL_TRAIN-MR00-PR011,PhysioNetMI,SAN-PERM,A0-RAW-ACCEPT-ALL,FULL_TRAIN,0,98,0,45,0.5,0.3382352941176471,0.5111111111111111,0.40118577075098816
P02-A0-PhysioNetMI-SAN-PERM-FULL_TRAIN-MR00-PR011,PhysioNetMI,SAN-PERM,A0-RAW-ACCEPT-ALL,FULL_TRAIN,0,107,0,45,0.5386904761904762,0.5150862068965517,0.5555555555555556,0.5734126984126984
P02-A0-PhysioNetMI-SAN-PERM-FULL_TRAIN-MR00-PR012,PhysioNetMI,SAN-PERM,A0-RAW-ACCEPT-ALL,FULL_TRAIN,0,6,0,45,0.4791666666666667,0.3382352941176471,0.5111111111111111,0.488095238095238
P02-A0-PhysioNetMI-SAN-PERM-FULL_TRAIN-MR00-PR012,PhysioNetMI,SAN-PERM,A0-RAW-ACCEPT-ALL,FULL_TRAIN,0,27,0,45,0.5118577075098814,0.5108695652173914,0.5111111111111111,0.5098814229249011
P02-A0-PhysioNetMI-SAN-PERM-FULL_TRAIN-MR00-PR012,PhysioNetMI,SAN-PERM,A0-RAW-ACCEPT-ALL,FULL_TRAIN,0,39,0,45,0.5938735177865613,0.5635775862068966,0.6,0.49209486166007904
P02-A0-PhysioNetMI-SAN-PERM-FULL_TRAIN-MR00-PR012,PhysioNetMI,SAN-PERM,A0-RAW-ACCEPT-ALL,FULL_TRAIN,0,40,0,45,0.4494047619047619,0.44334487877288475,0.4444444444444444,0.5119047619047619
P02-A0-PhysioNetMI-SAN-PERM-FULL_TRAIN-MR00-PR012,PhysioNetMI,SAN-PERM,A0-RAW-ACCEPT-ALL,FULL_TRAIN,0,47,0,45,0.5,0.34782608695652173,0.5333333333333333,0.5753968253968255
P02-A0-PhysioNetMI-SAN-PERM-FULL_TRAIN-MR00-PR012,PhysioNetMI,SAN-PERM,A0-RAW-ACCEPT-ALL,FULL_TRAIN,0,48,0,45,0.5138339920948617,0.505,0.5111111111111111,0.49407114624505927
P02-A0-PhysioNetMI-SAN-PERM-FULL_TRAIN-MR00-PR012,PhysioNetMI,SAN-PERM,A0-RAW-ACCEPT-ALL,FULL_TRAIN,0,57,0,45,0.3958333333333333,0.39522150323544053,0.4,0.44642857142857145
P02-A0-PhysioNetMI-SAN-PERM-FULL_TRAIN-MR00-PR012,PhysioNetMI,SAN-PERM,A0-RAW-ACCEPT-ALL,FULL_TRAIN,0,71,0,45,0.4397233201581028,0.41558441558441556,0.4444444444444444,0.34782608695652173
P02-A0-PhysioNetMI-SAN-PERM-FULL_TRAIN-MR00-PR012,PhysioNetMI,SAN-PERM,A0-RAW-ACCEPT-ALL,FULL_TRAIN,0,93,0,45,0.5009881422924901,0.375,0.5111111111111111,0.5889328063241107
P02-A0-PhysioNetMI-SAN-PERM-FULL_TRAIN-MR00-PR012,PhysioNetMI,SAN-PERM,A0-RAW-ACCEPT-ALL,FULL_TRAIN,0,98,0,45,0.47035573122529645,0.45344129554655865,0.4666666666666667,0.43873517786561267
P02-A0-PhysioNetMI-SAN-PERM-FULL_TRAIN-MR00-PR012,PhysioNetMI,SAN-PERM,A0-RAW-ACCEPT-ALL,FULL_TRAIN,0,107,0,45,0.5,0.34782608695652173,0.5333333333333333,0.6249999999999999
P02-A0-PhysioNetMI-SAN-PERM-FULL_TRAIN-MR00-PR013,PhysioNetMI,SAN-PERM,A0-RAW-ACCEPT-ALL,FULL_TRAIN,0,6,0,45,0.5,0.34782608695652173,0.5333333333333333,0.3968253968253968
P02-A0-PhysioNetMI-SAN-PERM-FULL_TRAIN-MR00-PR013,PhysioNetMI,SAN-PERM,A0-RAW-ACCEPT-ALL,FULL_TRAIN,0,27,0,45,0.558300395256917,0.55,0.5555555555555556,0.5533596837944664
P02-A0-PhysioNetMI-SAN-PERM-FULL_TRAIN-MR00-PR013,PhysioNetMI,SAN-PERM,A0-RAW-ACCEPT-ALL,FULL_TRAIN,0,39,0,45,0.5365612648221344,0.5248868778280543,0.5333333333333333,0.5810276679841897
P02-A0-PhysioNetMI-SAN-PERM-FULL_TRAIN-MR00-PR013,PhysioNetMI,SAN-PERM,A0-RAW-ACCEPT-ALL,FULL_TRAIN,0,40,0,45,0.5446428571428572,0.537037037037037,0.5555555555555556,0.5555555555555556
P02-A0-PhysioNetMI-SAN-PERM-FULL_TRAIN-MR00-PR013,PhysioNetMI,SAN-PERM,A0-RAW-ACCEPT-ALL,FULL_TRAIN,0,47,0,45,0.5,0.34782608695652173,0.5333333333333333,0.5079365079365079
P02-A0-PhysioNetMI-SAN-PERM-FULL_TRAIN-MR00-PR013,PhysioNetMI,SAN-PERM,A0-RAW-ACCEPT-ALL,FULL_TRAIN,0,48,0,45,0.575098814229249,0.5701357466063348,0.5777777777777777,0.5691699604743083
P02-A0-PhysioNetMI-SAN-PERM-FULL_TRAIN-MR00-PR013,PhysioNetMI,SAN-PERM,A0-RAW-ACCEPT-ALL,FULL_TRAIN,0,57,0,45,0.5208333333333334,0.509090909090909,0.5333333333333333,0.503968253968254
P02-A0-PhysioNetMI-SAN-PERM-FULL_TRAIN-MR00-PR013,PhysioNetMI,SAN-PERM,A0-RAW-ACCEPT-ALL,FULL_TRAIN,0,71,0,45,0.5306324110671937,0.5248868778280543,0.5333333333333333,0.5533596837944664
P02-A0-PhysioNetMI-SAN-PERM-FULL_TRAIN-MR00-PR013,PhysioNetMI,SAN-PERM,A0-RAW-ACCEPT-ALL,FULL_TRAIN,0,93,0,45,0.5,0.3283582089552239,0.4888888888888889,0.6719367588932806
P02-A0-PhysioNetMI-SAN-PERM-FULL_TRAIN-MR00-PR013,PhysioNetMI,SAN-PERM,A0-RAW-ACCEPT-ALL,FULL_TRAIN,0,98,0,45,0.5187747035573123,0.44999999999999996,0.5111111111111111,0.40909090909090906
P02-A0-PhysioNetMI-SAN-PERM-FULL_TRAIN-MR00-PR013,PhysioNetMI,SAN-PERM,A0-RAW-ACCEPT-ALL,FULL_TRAIN,0,107,0,45,0.5,0.34782608695652173,0.5333333333333333,0.5932539682539683
P02-A0-PhysioNetMI-SAN-PERM-FULL_TRAIN-MR00-PR014,PhysioNetMI,SAN-PERM,A0-RAW-ACCEPT-ALL,FULL_TRAIN,0,6,0,45,0.5267857142857143,0.5248868778280543,0.5333333333333333,0.5396825396825397
P02-A0-PhysioNetMI-SAN-PERM-FULL_TRAIN-MR00-PR014,PhysioNetMI,SAN-PERM,A0-RAW-ACCEPT-ALL,FULL_TRAIN,0,27,0,45,0.5938735177865613,0.5635775862068966,0.6,0.5612648221343874
P02-A0-PhysioNetMI-SAN-PERM-FULL_TRAIN-MR00-PR014,PhysioNetMI,SAN-PERM,A0-RAW-ACCEPT-ALL,FULL_TRAIN,0,39,0,45,0.5,0.3283582089552239,0.4888888888888889,0.40118577075098816
P02-A0-PhysioNetMI-SAN-PERM-FULL_TRAIN-MR00-PR014,PhysioNetMI,SAN-PERM,A0-RAW-ACCEPT-ALL,FULL_TRAIN,0,40,0,45,0.5,0.34782608695652173,0.5333333333333333,0.3849206349206349
P02-A0-PhysioNetMI-SAN-PERM-FULL_TRAIN-MR00-PR014,PhysioNetMI,SAN-PERM,A0-RAW-ACCEPT-ALL,FULL_TRAIN,0,47,0,45,0.5,0.34782608695652173,0.5333333333333333,0.494047619047619
P02-A0-PhysioNetMI-SAN-PERM-FULL_TRAIN-MR00-PR014,PhysioNetMI,SAN-PERM,A0-RAW-ACCEPT-ALL,FULL_TRAIN,0,48,0,45,0.5,0.3382352941176471,0.5111111111111111,0.466403162055336
P02-A0-PhysioNetMI-SAN-PERM-FULL_TRAIN-MR00-PR014,PhysioNetMI,SAN-PERM,A0-RAW-ACCEPT-ALL,FULL_TRAIN,0,57,0,45,0.5,0.3181818181818182,0.4666666666666667,0.5773809523809523
P02-A0-PhysioNetMI-SAN-PERM-FULL_TRAIN-MR00-PR014,PhysioNetMI,SAN-PERM,A0-RAW-ACCEPT-ALL,FULL_TRAIN,0,71,0,45,0.45256916996047436,0.3640474844544941,0.4444444444444444,0.3359683794466403
P02-A0-PhysioNetMI-SAN-PERM-FULL_TRAIN-MR00-PR014,PhysioNetMI,SAN-PERM,A0-RAW-ACCEPT-ALL,FULL_TRAIN,0,93,0,45,0.4377470355731225,0.3849097867687261,0.4444444444444444,0.43083003952569177
P02-A0-PhysioNetMI-SAN-PERM-FULL_TRAIN-MR00-PR014,PhysioNetMI,SAN-PERM,A0-RAW-ACCEPT-ALL,FULL_TRAIN,0,98,0,45,0.47924901185770746,0.3630769230769231,0.4888888888888889,0.41501976284584974
P02-A0-PhysioNetMI-SAN-PERM-FULL_TRAIN-MR00-PR014,PhysioNetMI,SAN-PERM,A0-RAW-ACCEPT-ALL,FULL_TRAIN,0,107,0,45,0.5,0.3181818181818182,0.4666666666666667,0.39285714285714285
P02-A0-PhysioNetMI-SAN-PERM-FULL_TRAIN-MR00-PR015,PhysioNetMI,SAN-PERM,A0-RAW-ACCEPT-ALL,FULL_TRAIN,0,6,0,45,0.5,0.3181818181818182,0.4666666666666667,0.5634920634920635
P02-A0-PhysioNetMI-SAN-PERM-FULL_TRAIN-MR00-PR015,PhysioNetMI,SAN-PERM,A0-RAW-ACCEPT-ALL,FULL_TRAIN,0,27,0,45,0.5,0.3283582089552239,0.4888888888888889,0.4347826086956522
P02-A0-PhysioNetMI-SAN-PERM-FULL_TRAIN-MR00-PR015,PhysioNetMI,SAN-PERM,A0-RAW-ACCEPT-ALL,FULL_TRAIN,0,39,0,45,0.4723320158102767,0.4327731092436975,0.4666666666666667,0.49209486166007904
P02-A0-PhysioNetMI-SAN-PERM-FULL_TRAIN-MR00-PR015,PhysioNetMI,SAN-PERM,A0-RAW-ACCEPT-ALL,FULL_TRAIN,0,40,0,45,0.5,0.34782608695652173,0.5333333333333333,0.6646825396825398
P02-A0-PhysioNetMI-SAN-PERM-FULL_TRAIN-MR00-PR015,PhysioNetMI,SAN-PERM,A0-RAW-ACCEPT-ALL,FULL_TRAIN,0,47,0,45,0.4851190476190476,0.4050480769230769,0.5111111111111111,0.4246031746031746
P02-A0-PhysioNetMI-SAN-PERM-FULL_TRAIN-MR00-PR015,PhysioNetMI,SAN-PERM,A0-RAW-ACCEPT-ALL,FULL_TRAIN,0,48,0,45,0.5227272727272727,0.3867618429591174,0.5333333333333333,0.5355731225296443
P02-A0-PhysioNetMI-SAN-PERM-FULL_TRAIN-MR00-PR015,PhysioNetMI,SAN-PERM,A0-RAW-ACCEPT-ALL,FULL_TRAIN,0,57,0,45,0.5714285714285714,0.537037037037037,0.5555555555555556,0.5813492063492064
P02-A0-PhysioNetMI-SAN-PERM-FULL_TRAIN-MR00-PR015,PhysioNetMI,SAN-PERM,A0-RAW-ACCEPT-ALL,FULL_TRAIN,0,71,0,45,0.49011857707509876,0.48787728847105394,0.4888888888888889,0.5731225296442688
P02-A0-PhysioNetMI-SAN-PERM-FULL_TRAIN-MR00-PR015,PhysioNetMI,SAN-PERM,A0-RAW-ACCEPT-ALL,FULL_TRAIN,0,93,0,45,0.5237154150197628,0.4184615384615385,0.5333333333333333,0.5849802371541503
P02-A0-PhysioNetMI-SAN-PERM-FULL_TRAIN-MR00-PR015,PhysioNetMI,SAN-PERM,A0-RAW-ACCEPT-ALL,FULL_TRAIN,0,98,0,45,0.44664031620553357,0.44001991040318567,0.4444444444444444,0.507905138339921
P02-A0-PhysioNetMI-SAN-PERM-FULL_TRAIN-MR00-PR015,PhysioNetMI,SAN-PERM,A0-RAW-ACCEPT-ALL,FULL_TRAIN,0,107,0,45,0.44345238095238093,0.44334487877288475,0.4444444444444444,0.49007936507936506
P02-A0-PhysioNetMI-SAN-PERM-FULL_TRAIN-MR00-PR016,PhysioNetMI,SAN-PERM,A0-RAW-ACCEPT-ALL,FULL_TRAIN,0,6,0,45,0.5267857142857143,0.4318181818181818,0.5555555555555556,0.41865079365079366
P02-A0-PhysioNetMI-SAN-PERM-FULL_TRAIN-MR00-PR016,PhysioNetMI,SAN-PERM,A0-RAW-ACCEPT-ALL,FULL_TRAIN,0,27,0,45,0.3606719367588933,0.3220779220779221,0.35555555555555557,0.30632411067193677
P02-A0-PhysioNetMI-SAN-PERM-FULL_TRAIN-MR00-PR016,PhysioNetMI,SAN-PERM,A0-RAW-ACCEPT-ALL,FULL_TRAIN,0,39,0,45,0.42292490118577075,0.42193675889328064,0.4222222222222222,0.4743083003952569
P02-A0-PhysioNetMI-SAN-PERM-FULL_TRAIN-MR00-PR016,PhysioNetMI,SAN-PERM,A0-RAW-ACCEPT-ALL,FULL_TRAIN,0,40,0,45,0.5,0.34782608695652173,0.5333333333333333,0.646825396825397
P02-A0-PhysioNetMI-SAN-PERM-FULL_TRAIN-MR00-PR016,PhysioNetMI,SAN-PERM,A0-RAW-ACCEPT-ALL,FULL_TRAIN,0,47,0,45,0.5565476190476191,0.5166760881854155,0.5777777777777777,0.5218253968253969
P02-A0-PhysioNetMI-SAN-PERM-FULL_TRAIN-MR00-PR016,PhysioNetMI,SAN-PERM,A0-RAW-ACCEPT-ALL,FULL_TRAIN,0,48,0,45,0.5859683794466404,0.5166760881854155,0.5777777777777777,0.6047430830039525
P02-A0-PhysioNetMI-SAN-PERM-FULL_TRAIN-MR00-PR016,PhysioNetMI,SAN-PERM,A0-RAW-ACCEPT-ALL,FULL_TRAIN,0,57,0,45,0.5029761904761905,0.3867618429591174,0.5333333333333333,0.5297619047619048
P02-A0-PhysioNetMI-SAN-PERM-FULL_TRAIN-MR00-PR016,PhysioNetMI,SAN-PERM,A0-RAW-ACCEPT-ALL,FULL_TRAIN,0,71,0,45,0.5,0.3382352941176471,0.5111111111111111,0.6640316205533597
P02-A0-PhysioNetMI-SAN-PERM-FULL_TRAIN-MR00-PR016,PhysioNetMI,SAN-PERM,A0-RAW-ACCEPT-ALL,FULL_TRAIN,0,93,0,45,0.5316205533596838,0.5296167247386759,0.5333333333333333,0.541501976284585
P02-A0-PhysioNetMI-SAN-PERM-FULL_TRAIN-MR00-PR016,PhysioNetMI,SAN-PERM,A0-RAW-ACCEPT-ALL,FULL_TRAIN,0,98,0,45,0.48814229249011853,0.48787728847105394,0.4888888888888889,0.5553359683794467
P02-A0-PhysioNetMI-SAN-PERM-FULL_TRAIN-MR00-PR016,PhysioNetMI,SAN-PERM,A0-RAW-ACCEPT-ALL,FULL_TRAIN,0,107,0,45,0.47916666666666663,0.4722080571137175,0.4888888888888889,0.4444444444444444
P02-A0-PhysioNetMI-SAN-PERM-FULL_TRAIN-MR00-PR017,PhysioNetMI,SAN-PERM,A0-RAW-ACCEPT-ALL,FULL_TRAIN,0,6,0,45,0.5,0.3181818181818182,0.4666666666666667,0.5892857142857143
P02-A0-PhysioNetMI-SAN-PERM-FULL_TRAIN-MR00-PR017,PhysioNetMI,SAN-PERM,A0-RAW-ACCEPT-ALL,FULL_TRAIN,0,27,0,45,0.5059288537549407,0.48004201680672265,0.5111111111111111,0.44664031620553357
P02-A0-PhysioNetMI-SAN-PERM-FULL_TRAIN-MR00-PR017,PhysioNetMI,SAN-PERM,A0-RAW-ACCEPT-ALL,FULL_TRAIN,0,39,0,45,0.5,0.3382352941176471,0.5111111111111111,0.616600790513834
P02-A0-PhysioNetMI-SAN-PERM-FULL_TRAIN-MR00-PR017,PhysioNetMI,SAN-PERM,A0-RAW-ACCEPT-ALL,FULL_TRAIN,0,40,0,45,0.5208333333333334,0.3630769230769231,0.4888888888888889,0.46626984126984133
P02-A0-PhysioNetMI-SAN-PERM-FULL_TRAIN-MR00-PR017,PhysioNetMI,SAN-PERM,A0-RAW-ACCEPT-ALL,FULL_TRAIN,0,47,0,45,0.5,0.3181818181818182,0.4666666666666667,0.5
P02-A0-PhysioNetMI-SAN-PERM-FULL_TRAIN-MR00-PR017,PhysioNetMI,SAN-PERM,A0-RAW-ACCEPT-ALL,FULL_TRAIN,0,48,0,45,0.5,0.3283582089552239,0.4888888888888889,0.5770750988142292
P02-A0-PhysioNetMI-SAN-PERM-FULL_TRAIN-MR00-PR017,PhysioNetMI,SAN-PERM,A0-RAW-ACCEPT-ALL,FULL_TRAIN,0,57,0,45,0.5,0.3181818181818182,0.4666666666666667,0.5317460317460317
P02-A0-PhysioNetMI-SAN-PERM-FULL_TRAIN-MR00-PR017,PhysioNetMI,SAN-PERM,A0-RAW-ACCEPT-ALL,FULL_TRAIN,0,71,0,45,0.47035573122529645,0.45344129554655865,0.4666666666666667,0.41106719367588934
P02-A0-PhysioNetMI-SAN-PERM-FULL_TRAIN-MR00-PR017,PhysioNetMI,SAN-PERM,A0-RAW-ACCEPT-ALL,FULL_TRAIN,0,93,0,45,0.37944664031620556,0.375,0.37777777777777777,0.308300395256917
P02-A0-PhysioNetMI-SAN-PERM-FULL_TRAIN-MR00-PR017,PhysioNetMI,SAN-PERM,A0-RAW-ACCEPT-ALL,FULL_TRAIN,0,98,0,45,0.5029644268774703,0.42972350230414746,0.5111111111111111,0.5039525691699605
P02-A0-PhysioNetMI-SAN-PERM-FULL_TRAIN-MR00-PR017,PhysioNetMI,SAN-PERM,A0-RAW-ACCEPT-ALL,FULL_TRAIN,0,107,0,45,0.4553571428571429,0.4343891402714932,0.4444444444444444,0.40476190476190477
P02-A0-PhysioNetMI-SAN-PERM-FULL_TRAIN-MR00-PR018,PhysioNetMI,SAN-PERM,A0-RAW-ACCEPT-ALL,FULL_TRAIN,0,6,0,45,0.5,0.34782608695652173,0.5333333333333333,0.41865079365079366
P02-A0-PhysioNetMI-SAN-PERM-FULL_TRAIN-MR00-PR018,PhysioNetMI,SAN-PERM,A0-RAW-ACCEPT-ALL,FULL_TRAIN,0,27,0,45,0.5,0.3283582089552239,0.4888888888888889,0.6837944664031621
P02-A0-PhysioNetMI-SAN-PERM-FULL_TRAIN-MR00-PR018,PhysioNetMI,SAN-PERM,A0-RAW-ACCEPT-ALL,FULL_TRAIN,0,39,0,45,0.4772727272727273,0.3181818181818182,0.4666666666666667,0.5454545454545454
P02-A0-PhysioNetMI-SAN-PERM-FULL_TRAIN-MR00-PR018,PhysioNetMI,SAN-PERM,A0-RAW-ACCEPT-ALL,FULL_TRAIN,0,40,0,45,0.5952380952380952,0.5292307692307693,0.6222222222222222,0.5436507936507937
P02-A0-PhysioNetMI-SAN-PERM-FULL_TRAIN-MR00-PR018,PhysioNetMI,SAN-PERM,A0-RAW-ACCEPT-ALL,FULL_TRAIN,0,47,0,45,0.5,0.34782608695652173,0.5333333333333333,0.376984126984127
P02-A0-PhysioNetMI-SAN-PERM-FULL_TRAIN-MR00-PR018,PhysioNetMI,SAN-PERM,A0-RAW-ACCEPT-ALL,FULL_TRAIN,0,48,0,45,0.42391304347826086,0.4196428571428571,0.4222222222222222,0.3241106719367589
P02-A0-PhysioNetMI-SAN-PERM-FULL_TRAIN-MR00-PR018,PhysioNetMI,SAN-PERM,A0-RAW-ACCEPT-ALL,FULL_TRAIN,0,57,0,45,0.48511904761904756,0.48481831757093086,0.4888888888888889,0.498015873015873
P02-A0-PhysioNetMI-SAN-PERM-FULL_TRAIN-MR00-PR018,PhysioNetMI,SAN-PERM,A0-RAW-ACCEPT-ALL,FULL_TRAIN,0,71,0,45,0.5,0.3382352941176471,0.5111111111111111,0.43280632411067194
P02-A0-PhysioNetMI-SAN-PERM-FULL_TRAIN-MR00-PR018,PhysioNetMI,SAN-PERM,A0-RAW-ACCEPT-ALL,FULL_TRAIN,0,93,0,45,0.5207509881422925,0.4050480769230769,0.5111111111111111,0.5138339920948617
P02-A0-PhysioNetMI-SAN-PERM-FULL_TRAIN-MR00-PR018,PhysioNetMI,SAN-PERM,A0-RAW-ACCEPT-ALL,FULL_TRAIN,0,98,0,45,0.5711462450592886,0.5325314379442319,0.5777777777777777,0.5909090909090909
P02-A0-PhysioNetMI-SAN-PERM-FULL_TRAIN-MR00-PR018,PhysioNetMI,SAN-PERM,A0-RAW-ACCEPT-ALL,FULL_TRAIN,0,107,0,45,0.43452380952380953,0.4263131055583886,0.4444444444444444,0.39682539682539686
P02-A0-PhysioNetMI-SAN-PERM-FULL_TRAIN-MR00-PR019,PhysioNetMI,SAN-PERM,A0-RAW-ACCEPT-ALL,FULL_TRAIN,0,6,0,45,0.5,0.34782608695652173,0.5333333333333333,0.5337301587301587
P02-A0-PhysioNetMI-SAN-PERM-FULL_TRAIN-MR00-PR019,PhysioNetMI,SAN-PERM,A0-RAW-ACCEPT-ALL,FULL_TRAIN,0,27,0,45,0.43478260869565216,0.3076923076923077,0.4444444444444444,0.5652173913043479
P02-A0-PhysioNetMI-SAN-PERM-FULL_TRAIN-MR00-PR019,PhysioNetMI,SAN-PERM,A0-RAW-ACCEPT-ALL,FULL_TRAIN,0,39,0,45,0.4199604743083004,0.415,0.4222222222222222,0.42292490118577075
P02-A0-PhysioNetMI-SAN-PERM-FULL_TRAIN-MR00-PR019,PhysioNetMI,SAN-PERM,A0-RAW-ACCEPT-ALL,FULL_TRAIN,0,40,0,45,0.5267857142857143,0.4907407407407407,0.5111111111111111,0.5198412698412699
P02-A0-PhysioNetMI-SAN-PERM-FULL_TRAIN-MR00-PR019,PhysioNetMI,SAN-PERM,A0-RAW-ACCEPT-ALL,FULL_TRAIN,0,47,0,45,0.44345238095238093,0.36961206896551724,0.4222222222222222,0.4365079365079365
P02-A0-PhysioNetMI-SAN-PERM-FULL_TRAIN-MR00-PR019,PhysioNetMI,SAN-PERM,A0-RAW-ACCEPT-ALL,FULL_TRAIN,0,48,0,45,0.4723320158102767,0.4327731092436975,0.4666666666666667,0.4367588932806324
P02-A0-PhysioNetMI-SAN-PERM-FULL_TRAIN-MR00-PR019,PhysioNetMI,SAN-PERM,A0-RAW-ACCEPT-ALL,FULL_TRAIN,0,57,0,45,0.4851190476190476,0.4050480769230769,0.5111111111111111,0.4821428571428571
P02-A0-PhysioNetMI-SAN-PERM-FULL_TRAIN-MR00-PR019,PhysioNetMI,SAN-PERM,A0-RAW-ACCEPT-ALL,FULL_TRAIN,0,71,0,45,0.40810276679841895,0.3131712832108536,0.4,0.43478260869565216
P02-A0-PhysioNetMI-SAN-PERM-FULL_TRAIN-MR00-PR019,PhysioNetMI,SAN-PERM,A0-RAW-ACCEPT-ALL,FULL_TRAIN,0,93,0,45,0.5088932806324111,0.505,0.5111111111111111,0.5019762845849802
P02-A0-PhysioNetMI-SAN-PERM-FULL_TRAIN-MR00-PR019,PhysioNetMI,SAN-PERM,A0-RAW-ACCEPT-ALL,FULL_TRAIN,0,98,0,45,0.37450592885375494,0.36234817813765186,0.37777777777777777,0.4189723320158103
P02-A0-PhysioNetMI-SAN-PERM-FULL_TRAIN-MR00-PR019,PhysioNetMI,SAN-PERM,A0-RAW-ACCEPT-ALL,FULL_TRAIN,0,107,0,45,0.4732142857142857,0.3386243386243386,0.4444444444444444,0.5496031746031746
P02-A0-PhysioNetMI-SAN-PERM-FULL_TRAIN-MR00-PR020,PhysioNetMI,SAN-PERM,A0-RAW-ACCEPT-ALL,FULL_TRAIN,0,6,0,45,0.5029761904761905,0.3867618429591174,0.5333333333333333,0.5059523809523809
P02-A0-PhysioNetMI-SAN-PERM-FULL_TRAIN-MR00-PR020,PhysioNetMI,SAN-PERM,A0-RAW-ACCEPT-ALL,FULL_TRAIN,0,27,0,45,0.5227272727272727,0.3867618429591174,0.5333333333333333,0.4980237154150198
P02-A0-PhysioNetMI-SAN-PERM-FULL_TRAIN-MR00-PR020,PhysioNetMI,SAN-PERM,A0-RAW-ACCEPT-ALL,FULL_TRAIN,0,39,0,45,0.5,0.3382352941176471,0.5111111111111111,0.5553359683794467
P02-A0-PhysioNetMI-SAN-PERM-FULL_TRAIN-MR00-PR020,PhysioNetMI,SAN-PERM,A0-RAW-ACCEPT-ALL,FULL_TRAIN,0,40,0,45,0.5208333333333334,0.3630769230769231,0.4888888888888889,0.5515873015873016
P02-A0-PhysioNetMI-SAN-PERM-FULL_TRAIN-MR00-PR020,PhysioNetMI,SAN-PERM,A0-RAW-ACCEPT-ALL,FULL_TRAIN,0,47,0,45,0.5,0.3181818181818182,0.4666666666666667,0.44841269841269843
P02-A0-PhysioNetMI-SAN-PERM-FULL_TRAIN-MR00-PR020,PhysioNetMI,SAN-PERM,A0-RAW-ACCEPT-ALL,FULL_TRAIN,0,48,0,45,0.5,0.3283582089552239,0.4888888888888889,0.5671936758893281
P02-A0-PhysioNetMI-SAN-PERM-FULL_TRAIN-MR00-PR020,PhysioNetMI,SAN-PERM,A0-RAW-ACCEPT-ALL,FULL_TRAIN,0,57,0,45,0.5238095238095238,0.39839572192513373,0.5555555555555556,0.4246031746031746
P02-A0-PhysioNetMI-SAN-PERM-FULL_TRAIN-MR00-PR020,PhysioNetMI,SAN-PERM,A0-RAW-ACCEPT-ALL,FULL_TRAIN,0,71,0,45,0.4772727272727273,0.3181818181818182,0.4666666666666667,0.43280632411067194
P02-A0-PhysioNetMI-SAN-PERM-FULL_TRAIN-MR00-PR020,PhysioNetMI,SAN-PERM,A0-RAW-ACCEPT-ALL,FULL_TRAIN,0,93,0,45,0.40118577075098816,0.39881246907471546,0.4,0.34782608695652173
P02-A0-PhysioNetMI-SAN-PERM-FULL_TRAIN-MR00-PR020,PhysioNetMI,SAN-PERM,A0-RAW-ACCEPT-ALL,FULL_TRAIN,0,98,0,45,0.4634387351778656,0.45344129554655865,0.4666666666666667,0.4328063241106719
P02-A0-PhysioNetMI-SAN-PERM-FULL_TRAIN-MR00-PR020,PhysioNetMI,SAN-PERM,A0-RAW-ACCEPT-ALL,FULL_TRAIN,0,107,0,45,0.47619047619047616,0.3076923076923077,0.4444444444444444,0.5317460317460317
P02-A0-PhysioNetMI-SAN-PERM-FULL_TRAIN-MR00-PR021,PhysioNetMI,SAN-PERM,A0-RAW-ACCEPT-ALL,FULL_TRAIN,0,6,0,45,0.5,0.3181818181818182,0.4666666666666667,0.6349206349206349
P02-A0-PhysioNetMI-SAN-PERM-FULL_TRAIN-MR00-PR021,PhysioNetMI,SAN-PERM,A0-RAW-ACCEPT-ALL,FULL_TRAIN,0,27,0,45,0.47430830039525695,0.4,0.4666666666666667,0.3695652173913044
P02-A0-PhysioNetMI-SAN-PERM-FULL_TRAIN-MR00-PR021,PhysioNetMI,SAN-PERM,A0-RAW-ACCEPT-ALL,FULL_TRAIN,0,39,0,45,0.5,0.3382352941176471,0.5111111111111111,0.5217391304347826
P02-A0-PhysioNetMI-SAN-PERM-FULL_TRAIN-MR00-PR021,PhysioNetMI,SAN-PERM,A0-RAW-ACCEPT-ALL,FULL_TRAIN,0,40,0,45,0.5,0.3181818181818182,0.4666666666666667,0.5436507936507937
P02-A0-PhysioNetMI-SAN-PERM-FULL_TRAIN-MR00-PR021,PhysioNetMI,SAN-PERM,A0-RAW-ACCEPT-ALL,FULL_TRAIN,0,47,0,45,0.45238095238095233,0.4327731092436975,0.4666666666666667,0.48412698412698413
P02-A0-PhysioNetMI-SAN-PERM-FULL_TRAIN-MR00-PR021,PhysioNetMI,SAN-PERM,A0-RAW-ACCEPT-ALL,FULL_TRAIN,0,48,0,45,0.5,0.3283582089552239,0.4888888888888889,0.6679841897233201
P02-A0-PhysioNetMI-SAN-PERM-FULL_TRAIN-MR00-PR021,PhysioNetMI,SAN-PERM,A0-RAW-ACCEPT-ALL,FULL_TRAIN,0,57,0,45,0.5,0.34782608695652173,0.5333333333333333,0.43452380952380953
P02-A0-PhysioNetMI-SAN-PERM-FULL_TRAIN-MR00-PR021,PhysioNetMI,SAN-PERM,A0-RAW-ACCEPT-ALL,FULL_TRAIN,0,71,0,45,0.5108695652173914,0.5108695652173914,0.5111111111111111,0.5177865612648221
P02-A0-PhysioNetMI-SAN-PERM-FULL_TRAIN-MR00-PR021,PhysioNetMI,SAN-PERM,A0-RAW-ACCEPT-ALL,FULL_TRAIN,0,93,0,45,0.5,0.3382352941176471,0.5111111111111111,0.6936758893280632
P02-A0-PhysioNetMI-SAN-PERM-FULL_TRAIN-MR00-PR021,PhysioNetMI,SAN-PERM,A0-RAW-ACCEPT-ALL,FULL_TRAIN,0,98,0,45,0.5316205533596838,0.5296167247386759,0.5333333333333333,0.5237154150197628
P02-A0-PhysioNetMI-SAN-PERM-FULL_TRAIN-MR00-PR021,PhysioNetMI,SAN-PERM,A0-RAW-ACCEPT-ALL,FULL_TRAIN,0,107,0,45,0.5,0.34782608695652173,0.5333333333333333,0.5813492063492063
P02-A0-PhysioNetMI-SAN-PERM-FULL_TRAIN-MR00-PR022,PhysioNetMI,SAN-PERM,A0-RAW-ACCEPT-ALL,FULL_TRAIN,0,6,0,45,0.45833333333333337,0.45344129554655865,0.4666666666666667,0.4384920634920635
P02-A0-PhysioNetMI-SAN-PERM-FULL_TRAIN-MR00-PR022,PhysioNetMI,SAN-PERM,A0-RAW-ACCEPT-ALL,FULL_TRAIN,0,27,0,45,0.4061264822134387,0.354066985645933,0.4,0.39920948616600793
P02-A0-PhysioNetMI-SAN-PERM-FULL_TRAIN-MR00-PR022,PhysioNetMI,SAN-PERM,A0-RAW-ACCEPT-ALL,FULL_TRAIN,0,39,0,45,0.5474308300395256,0.48156682027649766,0.5555555555555556,0.5256916996047432
P02-A0-PhysioNetMI-SAN-PERM-FULL_TRAIN-MR00-PR022,PhysioNetMI,SAN-PERM,A0-RAW-ACCEPT-ALL,FULL_TRAIN,0,40,0,45,0.5833333333333334,0.48156682027649766,0.5555555555555556,0.5436507936507937
P02-A0-PhysioNetMI-SAN-PERM-FULL_TRAIN-MR00-PR022,PhysioNetMI,SAN-PERM,A0-RAW-ACCEPT-ALL,FULL_TRAIN,0,47,0,45,0.4791666666666667,0.3382352941176471,0.5111111111111111,0.611111111111111
P02-A0-PhysioNetMI-SAN-PERM-FULL_TRAIN-MR00-PR022,PhysioNetMI,SAN-PERM,A0-RAW-ACCEPT-ALL,FULL_TRAIN,0,48,0,45,0.5,0.3283582089552239,0.4888888888888889,0.4051383399209486
P02-A0-PhysioNetMI-SAN-PERM-FULL_TRAIN-MR00-PR022,PhysioNetMI,SAN-PERM,A0-RAW-ACCEPT-ALL,FULL_TRAIN,0,57,0,45,0.4494047619047619,0.41810344827586204,0.4666666666666667,0.5198412698412699
P02-A0-PhysioNetMI-SAN-PERM-FULL_TRAIN-MR00-PR022,PhysioNetMI,SAN-PERM,A0-RAW-ACCEPT-ALL,FULL_TRAIN,0,71,0,45,0.5335968379446641,0.5333333333333333,0.5333333333333333,0.5177865612648221
P02-A0-PhysioNetMI-SAN-PERM-FULL_TRAIN-MR00-PR022,PhysioNetMI,SAN-PERM,A0-RAW-ACCEPT-ALL,FULL_TRAIN,0,93,0,45,0.5276679841897234,0.49760765550239233,0.5333333333333333,0.5039525691699605
P02-A0-PhysioNetMI-SAN-PERM-FULL_TRAIN-MR00-PR022,PhysioNetMI,SAN-PERM,A0-RAW-ACCEPT-ALL,FULL_TRAIN,0,98,0,45,0.49011857707509876,0.48787728847105394,0.4888888888888889,0.557312252964427
P02-A0-PhysioNetMI-SAN-PERM-FULL_TRAIN-MR00-PR022,PhysioNetMI,SAN-PERM,A0-RAW-ACCEPT-ALL,FULL_TRAIN,0,107,0,45,0.5,0.34782608695652173,0.5333333333333333,0.5634920634920635
P02-A0-PhysioNetMI-SAN-PERM-FULL_TRAIN-MR00-PR023,PhysioNetMI,SAN-PERM,A0-RAW-ACCEPT-ALL,FULL_TRAIN,0,6,0,45,0.4970238095238095,0.35096153846153844,0.4666666666666667,0.4861111111111111
P02-A0-PhysioNetMI-SAN-PERM-FULL_TRAIN-MR00-PR023,PhysioNetMI,SAN-PERM,A0-RAW-ACCEPT-ALL,FULL_TRAIN,0,27,0,45,0.42391304347826086,0.4196428571428571,0.4222222222222222,0.38537549407114624
P02-A0-PhysioNetMI-SAN-PERM-FULL_TRAIN-MR00-PR023,PhysioNetMI,SAN-PERM,A0-RAW-ACCEPT-ALL,FULL_TRAIN,0,39,0,45,0.4713438735177865,0.4444444444444444,0.4666666666666667,0.44664031620553357
P02-A0-PhysioNetMI-SAN-PERM-FULL_TRAIN-MR00-PR023,PhysioNetMI,SAN-PERM,A0-RAW-ACCEPT-ALL,FULL_TRAIN,0,40,0,45,0.5,0.34782608695652173,0.5333333333333333,0.3373015873015873
P02-A0-PhysioNetMI-SAN-PERM-FULL_TRAIN-MR00-PR023,PhysioNetMI,SAN-PERM,A0-RAW-ACCEPT-ALL,FULL_TRAIN,0,47,0,45,0.5059523809523809,0.4184615384615385,0.5333333333333333,0.3769841269841269
P02-A0-PhysioNetMI-SAN-PERM-FULL_TRAIN-MR00-PR023,PhysioNetMI,SAN-PERM,A0-RAW-ACCEPT-ALL,FULL_TRAIN,0,48,0,45,0.5701581027667983,0.5166760881854155,0.5777777777777777,0.49011857707509887
P02-A0-PhysioNetMI-SAN-PERM-FULL_TRAIN-MR00-PR023,PhysioNetMI,SAN-PERM,A0-RAW-ACCEPT-ALL,FULL_TRAIN,0,57,0,45,0.47916666666666663,0.4722080571137175,0.4888888888888889,0.490079365079365
P02-A0-PhysioNetMI-SAN-PERM-FULL_TRAIN-MR00-PR023,PhysioNetMI,SAN-PERM,A0-RAW-ACCEPT-ALL,FULL_TRAIN,0,71,0,45,0.5859683794466404,0.5166760881854155,0.5777777777777777,0.5889328063241106
P02-A0-PhysioNetMI-SAN-PERM-FULL_TRAIN-MR00-PR023,PhysioNetMI,SAN-PERM,A0-RAW-ACCEPT-ALL,FULL_TRAIN,0,93,0,45,0.591897233201581,0.533410138248848,0.6,0.66600790513834
P02-A0-PhysioNetMI-SAN-PERM-FULL_TRAIN-MR00-PR023,PhysioNetMI,SAN-PERM,A0-RAW-ACCEPT-ALL,FULL_TRAIN,0,98,0,45,0.5,0.3382352941176471,0.5111111111111111,0.5177865612648223
P02-A0-PhysioNetMI-SAN-PERM-FULL_TRAIN-MR00-PR023,PhysioNetMI,SAN-PERM,A0-RAW-ACCEPT-ALL,FULL_TRAIN,0,107,0,45,0.5,0.34782608695652173,0.5333333333333333,0.46825396825396826
P02-A0-PhysioNetMI-SAN-PERM-FULL_TRAIN-MR00-PR024,PhysioNetMI,SAN-PERM,A0-RAW-ACCEPT-ALL,FULL_TRAIN,0,6,0,45,0.44345238095238093,0.36961206896551724,0.4222222222222222,0.4384920634920635
P02-A0-PhysioNetMI-SAN-PERM-FULL_TRAIN-MR00-PR024,PhysioNetMI,SAN-PERM,A0-RAW-ACCEPT-ALL,FULL_TRAIN,0,27,0,45,0.642292490118577,0.64,0.6444444444444445,0.5869565217391305
P02-A0-PhysioNetMI-SAN-PERM-FULL_TRAIN-MR00-PR024,PhysioNetMI,SAN-PERM,A0-RAW-ACCEPT-ALL,FULL_TRAIN,0,39,0,45,0.5227272727272727,0.3867618429591174,0.5333333333333333,0.43873517786561267
P02-A0-PhysioNetMI-SAN-PERM-FULL_TRAIN-MR00-PR024,PhysioNetMI,SAN-PERM,A0-RAW-ACCEPT-ALL,FULL_TRAIN,0,40,0,45,0.4970238095238095,0.35096153846153844,0.4666666666666667,0.5793650793650793
P02-A0-PhysioNetMI-SAN-PERM-FULL_TRAIN-MR00-PR024,PhysioNetMI,SAN-PERM,A0-RAW-ACCEPT-ALL,FULL_TRAIN,0,47,0,45,0.5,0.3181818181818182,0.4666666666666667,0.5654761904761905
P02-A0-PhysioNetMI-SAN-PERM-FULL_TRAIN-MR00-PR024,PhysioNetMI,SAN-PERM,A0-RAW-ACCEPT-ALL,FULL_TRAIN,0,48,0,45,0.5217391304347826,0.375,0.5111111111111111,0.4762845849802372
P02-A0-PhysioNetMI-SAN-PERM-FULL_TRAIN-MR00-PR024,PhysioNetMI,SAN-PERM,A0-RAW-ACCEPT-ALL,FULL_TRAIN,0,57,0,45,0.5089285714285714,0.4444444444444444,0.5333333333333333,0.498015873015873
P02-A0-PhysioNetMI-SAN-PERM-FULL_TRAIN-MR00-PR024,PhysioNetMI,SAN-PERM,A0-RAW-ACCEPT-ALL,FULL_TRAIN,0,71,0,45,0.5602766798418972,0.537037037037037,0.5555555555555556,0.5197628458498024
P02-A0-PhysioNetMI-SAN-PERM-FULL_TRAIN-MR00-PR024,PhysioNetMI,SAN-PERM,A0-RAW-ACCEPT-ALL,FULL_TRAIN,0,93,0,45,0.5227272727272727,0.3867618429591174,0.5333333333333333,0.4723320158102766
P02-A0-PhysioNetMI-SAN-PERM-FULL_TRAIN-MR00-PR024,PhysioNetMI,SAN-PERM,A0-RAW-ACCEPT-ALL,FULL_TRAIN,0,98,0,45,0.5503952569169961,0.5273109243697479,0.5555555555555556,0.5434782608695652
P02-A0-PhysioNetMI-SAN-PERM-FULL_TRAIN-MR00-PR024,PhysioNetMI,SAN-PERM,A0-RAW-ACCEPT-ALL,FULL_TRAIN,0,107,0,45,0.44047619047619047,0.44001991040318567,0.4444444444444444,0.37896825396825395
P02-A0-PhysioNetMI-SAN-PERM-FULL_TRAIN-MR00-PR025,PhysioNetMI,SAN-PERM,A0-RAW-ACCEPT-ALL,FULL_TRAIN,0,6,0,45,0.45833333333333337,0.45344129554655865,0.4666666666666667,0.4583333333333333
P02-A0-PhysioNetMI-SAN-PERM-FULL_TRAIN-MR00-PR025,PhysioNetMI,SAN-PERM,A0-RAW-ACCEPT-ALL,FULL_TRAIN,0,27,0,45,0.6037549407114624,0.590080971659919,0.6,0.6146245059288538
P02-A0-PhysioNetMI-SAN-PERM-FULL_TRAIN-MR00-PR025,PhysioNetMI,SAN-PERM,A0-RAW-ACCEPT-ALL,FULL_TRAIN,0,39,0,45,0.39920948616600793,0.39881246907471546,0.4,0.48418972332015814
P02-A0-PhysioNetMI-SAN-PERM-FULL_TRAIN-MR00-PR025,PhysioNetMI,SAN-PERM,A0-RAW-ACCEPT-ALL,FULL_TRAIN,0,40,0,45,0.5,0.3181818181818182,0.4666666666666667,0.4761904761904762
P02-A0-PhysioNetMI-SAN-PERM-FULL_TRAIN-MR00-PR025,PhysioNetMI,SAN-PERM,A0-RAW-ACCEPT-ALL,FULL_TRAIN,0,47,0,45,0.5505952380952381,0.55,0.5555555555555556,0.5119047619047619
P02-A0-PhysioNetMI-SAN-PERM-FULL_TRAIN-MR00-PR025,PhysioNetMI,SAN-PERM,A0-RAW-ACCEPT-ALL,FULL_TRAIN,0,48,0,45,0.37747035573122534,0.37747035573122534,0.37777777777777777,0.424901185770751
P02-A0-PhysioNetMI-SAN-PERM-FULL_TRAIN-MR00-PR025,PhysioNetMI,SAN-PERM,A0-RAW-ACCEPT-ALL,FULL_TRAIN,0,57,0,45,0.4791666666666667,0.3382352941176471,0.5111111111111111,0.4206349206349206
P02-A0-PhysioNetMI-SAN-PERM-FULL_TRAIN-MR00-PR025,PhysioNetMI,SAN-PERM,A0-RAW-ACCEPT-ALL,FULL_TRAIN,0,71,0,45,0.5958498023715415,0.5833333333333333,0.6,0.48221343873517786
P02-A0-PhysioNetMI-SAN-PERM-FULL_TRAIN-MR00-PR025,PhysioNetMI,SAN-PERM,A0-RAW-ACCEPT-ALL,FULL_TRAIN,0,93,0,45,0.599802371541502,0.599802371541502,0.6,0.6007905138339922
P02-A0-PhysioNetMI-SAN-PERM-FULL_TRAIN-MR00-PR025,PhysioNetMI,SAN-PERM,A0-RAW-ACCEPT-ALL,FULL_TRAIN,0,98,0,45,0.5424901185770751,0.4444444444444444,0.5333333333333333,0.5059288537549407
P02-A0-PhysioNetMI-SAN-PERM-FULL_TRAIN-MR00-PR025,PhysioNetMI,SAN-PERM,A0-RAW-ACCEPT-ALL,FULL_TRAIN,0,107,0,45,0.4375,0.39814814814814814,0.4222222222222222,0.4365079365079365
P02-A0-PhysioNetMI-SAN-PERM-FULL_TRAIN-MR00-PR026,PhysioNetMI,SAN-PERM,A0-RAW-ACCEPT-ALL,FULL_TRAIN,0,6,0,45,0.5,0.34782608695652173,0.5333333333333333,0.45833333333333326
P02-A0-PhysioNetMI-SAN-PERM-FULL_TRAIN-MR00-PR026,PhysioNetMI,SAN-PERM,A0-RAW-ACCEPT-ALL,FULL_TRAIN,0,27,0,45,0.6403162055335968,0.6296296296296297,0.6444444444444445,0.5889328063241107
P02-A0-PhysioNetMI-SAN-PERM-FULL_TRAIN-MR00-PR026,PhysioNetMI,SAN-PERM,A0-RAW-ACCEPT-ALL,FULL_TRAIN,0,39,0,45,0.5424901185770751,0.4444444444444444,0.5333333333333333,0.5652173913043479
P02-A0-PhysioNetMI-SAN-PERM-FULL_TRAIN-MR00-PR026,PhysioNetMI,SAN-PERM,A0-RAW-ACCEPT-ALL,FULL_TRAIN,0,40,0,45,0.5505952380952381,0.509090909090909,0.5333333333333333,0.6031746031746033
P02-A0-PhysioNetMI-SAN-PERM-FULL_TRAIN-MR00-PR026,PhysioNetMI,SAN-PERM,A0-RAW-ACCEPT-ALL,FULL_TRAIN,0,47,0,45,0.5833333333333334,0.48156682027649766,0.5555555555555556,0.7043650793650793
P02-A0-PhysioNetMI-SAN-PERM-FULL_TRAIN-MR00-PR026,PhysioNetMI,SAN-PERM,A0-RAW-ACCEPT-ALL,FULL_TRAIN,0,48,0,45,0.3695652173913043,0.27419354838709675,0.37777777777777777,0.2588932806324111
P02-A0-PhysioNetMI-SAN-PERM-FULL_TRAIN-MR00-PR026,PhysioNetMI,SAN-PERM,A0-RAW-ACCEPT-ALL,FULL_TRAIN,0,57,0,45,0.5059523809523809,0.4184615384615385,0.5333333333333333,0.43452380952380953
P02-A0-PhysioNetMI-SAN-PERM-FULL_TRAIN-MR00-PR026,PhysioNetMI,SAN-PERM,A0-RAW-ACCEPT-ALL,FULL_TRAIN,0,71,0,45,0.37648221343873517,0.375,0.37777777777777777,0.2727272727272727
P02-A0-PhysioNetMI-SAN-PERM-FULL_TRAIN-MR00-PR026,PhysioNetMI,SAN-PERM,A0-RAW-ACCEPT-ALL,FULL_TRAIN,0,93,0,45,0.31225296442687744,0.30974764967837703,0.3111111111111111,0.30237154150197626
P02-A0-PhysioNetMI-SAN-PERM-FULL_TRAIN-MR00-PR026,PhysioNetMI,SAN-PERM,A0-RAW-ACCEPT-ALL,FULL_TRAIN,0,98,0,45,0.5,0.3283582089552239,0.4888888888888889,0.40909090909090917
P02-A0-PhysioNetMI-SAN-PERM-FULL_TRAIN-MR00-PR026,PhysioNetMI,SAN-PERM,A0-RAW-ACCEPT-ALL,FULL_TRAIN,0,107,0,45,0.5952380952380952,0.595,0.6,0.5297619047619047
P02-A0-PhysioNetMI-SAN-PERM-FULL_TRAIN-MR00-PR027,PhysioNetMI,SAN-PERM,A0-RAW-ACCEPT-ALL,FULL_TRAIN,0,6,0,45,0.4821428571428571,0.375,0.5111111111111111,0.43253968253968256
P02-A0-PhysioNetMI-SAN-PERM-FULL_TRAIN-MR00-PR027,PhysioNetMI,SAN-PERM,A0-RAW-ACCEPT-ALL,FULL_TRAIN,0,27,0,45,0.45256916996047436,0.3640474844544941,0.4444444444444444,0.3616600790513834
P02-A0-PhysioNetMI-SAN-PERM-FULL_TRAIN-MR00-PR027,PhysioNetMI,SAN-PERM,A0-RAW-ACCEPT-ALL,FULL_TRAIN,0,39,0,45,0.5049407114624506,0.4665948275862069,0.5111111111111111,0.5276679841897234
P02-A0-PhysioNetMI-SAN-PERM-FULL_TRAIN-MR00-PR027,PhysioNetMI,SAN-PERM,A0-RAW-ACCEPT-ALL,FULL_TRAIN,0,40,0,45,0.47916666666666663,0.4722080571137175,0.4888888888888889,0.4642857142857143
P02-A0-PhysioNetMI-SAN-PERM-FULL_TRAIN-MR00-PR027,PhysioNetMI,SAN-PERM,A0-RAW-ACCEPT-ALL,FULL_TRAIN,0,47,0,45,0.6904761904761905,0.6887351778656126,0.6888888888888889,0.6388888888888888
P02-A0-PhysioNetMI-SAN-PERM-FULL_TRAIN-MR00-PR027,PhysioNetMI,SAN-PERM,A0-RAW-ACCEPT-ALL,FULL_TRAIN,0,48,0,45,0.5,0.3283582089552239,0.4888888888888889,0.43478260869565216
P02-A0-PhysioNetMI-SAN-PERM-FULL_TRAIN-MR00-PR027,PhysioNetMI,SAN-PERM,A0-RAW-ACCEPT-ALL,FULL_TRAIN,0,57,0,45,0.45238095238095233,0.4327731092436975,0.4666666666666667,0.5535714285714286
P02-A0-PhysioNetMI-SAN-PERM-FULL_TRAIN-MR00-PR027,PhysioNetMI,SAN-PERM,A0-RAW-ACCEPT-ALL,FULL_TRAIN,0,71,0,45,0.5,0.3283582089552239,0.4888888888888889,0.5316205533596838
P02-A0-PhysioNetMI-SAN-PERM-FULL_TRAIN-MR00-PR027,PhysioNetMI,SAN-PERM,A0-RAW-ACCEPT-ALL,FULL_TRAIN,0,93,0,45,0.4713438735177865,0.4444444444444444,0.4666666666666667,0.45059288537549413
P02-A0-PhysioNetMI-SAN-PERM-FULL_TRAIN-MR00-PR027,PhysioNetMI,SAN-PERM,A0-RAW-ACCEPT-ALL,FULL_TRAIN,0,98,0,45,0.49703557312252966,0.41492368569813454,0.4888888888888889,0.45849802371541504
P02-A0-PhysioNetMI-SAN-PERM-FULL_TRAIN-MR00-PR027,PhysioNetMI,SAN-PERM,A0-RAW-ACCEPT-ALL,FULL_TRAIN,0,107,0,45,0.5,0.34782608695652173,0.5333333333333333,0.4742063492063492
P02-A0-PhysioNetMI-SAN-PERM-FULL_TRAIN-MR00-PR028,PhysioNetMI,SAN-PERM,A0-RAW-ACCEPT-ALL,FULL_TRAIN,0,6,0,45,0.5,0.34782608695652173,0.5333333333333333,0.4523809523809524
P02-A0-PhysioNetMI-SAN-PERM-FULL_TRAIN-MR00-PR028,PhysioNetMI,SAN-PERM,A0-RAW-ACCEPT-ALL,FULL_TRAIN,0,27,0,45,0.5197628458498024,0.42972350230414746,0.5111111111111111,0.5316205533596838
P02-A0-PhysioNetMI-SAN-PERM-FULL_TRAIN-MR00-PR028,PhysioNetMI,SAN-PERM,A0-RAW-ACCEPT-ALL,FULL_TRAIN,0,39,0,45,0.5326086956521738,0.5324096981692232,0.5333333333333333,0.5691699604743083
P02-A0-PhysioNetMI-SAN-PERM-FULL_TRAIN-MR00-PR028,PhysioNetMI,SAN-PERM,A0-RAW-ACCEPT-ALL,FULL_TRAIN,0,40,0,45,0.5,0.34782608695652173,0.5333333333333333,0.43253968253968256
P02-A0-PhysioNetMI-SAN-PERM-FULL_TRAIN-MR00-PR028,PhysioNetMI,SAN-PERM,A0-RAW-ACCEPT-ALL,FULL_TRAIN,0,47,0,45,0.5,0.34782608695652173,0.5333333333333333,0.626984126984127
P02-A0-PhysioNetMI-SAN-PERM-FULL_TRAIN-MR00-PR028,PhysioNetMI,SAN-PERM,A0-RAW-ACCEPT-ALL,FULL_TRAIN,0,48,0,45,0.49308300395256915,0.4722080571137175,0.4888888888888889,0.5019762845849802
P02-A0-PhysioNetMI-SAN-PERM-FULL_TRAIN-MR00-PR028,PhysioNetMI,SAN-PERM,A0-RAW-ACCEPT-ALL,FULL_TRAIN,0,57,0,45,0.5,0.3181818181818182,0.4666666666666667,0.49206349206349204
P02-A0-PhysioNetMI-SAN-PERM-FULL_TRAIN-MR00-PR028,PhysioNetMI,SAN-PERM,A0-RAW-ACCEPT-ALL,FULL_TRAIN,0,71,0,45,0.5355731225296443,0.5296167247386759,0.5333333333333333,0.46640316205533594
P02-A0-PhysioNetMI-SAN-PERM-FULL_TRAIN-MR00-PR028,PhysioNetMI,SAN-PERM,A0-RAW-ACCEPT-ALL,FULL_TRAIN,0,93,0,45,0.5187747035573123,0.44999999999999996,0.5111111111111111,0.5968379446640316
P02-A0-PhysioNetMI-SAN-PERM-FULL_TRAIN-MR00-PR028,PhysioNetMI,SAN-PERM,A0-RAW-ACCEPT-ALL,FULL_TRAIN,0,98,0,45,0.5,0.3382352941176471,0.5111111111111111,0.47035573122529645
P02-A0-PhysioNetMI-SAN-PERM-FULL_TRAIN-MR00-PR028,PhysioNetMI,SAN-PERM,A0-RAW-ACCEPT-ALL,FULL_TRAIN,0,107,0,45,0.5178571428571428,0.3915343915343915,0.4888888888888889,0.6190476190476191
P02-A0-PhysioNetMI-SAN-PERM-FULL_TRAIN-MR00-PR029,PhysioNetMI,SAN-PERM,A0-RAW-ACCEPT-ALL,FULL_TRAIN,0,6,0,45,0.4732142857142857,0.44976076555023925,0.4888888888888889,0.47023809523809523
P02-A0-PhysioNetMI-SAN-PERM-FULL_TRAIN-MR00-PR029,PhysioNetMI,SAN-PERM,A0-RAW-ACCEPT-ALL,FULL_TRAIN,0,27,0,45,0.5088932806324111,0.505,0.5111111111111111,0.5296442687747035
P02-A0-PhysioNetMI-SAN-PERM-FULL_TRAIN-MR00-PR029,PhysioNetMI,SAN-PERM,A0-RAW-ACCEPT-ALL,FULL_TRAIN,0,39,0,45,0.40217391304347827,0.39522150323544053,0.4,0.40118577075098816
P02-A0-PhysioNetMI-SAN-PERM-FULL_TRAIN-MR00-PR029,PhysioNetMI,SAN-PERM,A0-RAW-ACCEPT-ALL,FULL_TRAIN,0,40,0,45,0.4166666666666667,0.3076923076923077,0.4444444444444444,0.32142857142857145
P02-A0-PhysioNetMI-SAN-PERM-FULL_TRAIN-MR00-PR029,PhysioNetMI,SAN-PERM,A0-RAW-ACCEPT-ALL,FULL_TRAIN,0,47,0,45,0.4791666666666667,0.3382352941176471,0.5111111111111111,0.4087301587301587
P02-A0-PhysioNetMI-SAN-PERM-FULL_TRAIN-MR00-PR029,PhysioNetMI,SAN-PERM,A0-RAW-ACCEPT-ALL,FULL_TRAIN,0,48,0,45,0.5148221343873518,0.4989878542510121,0.5111111111111111,0.43083003952569177
P02-A0-PhysioNetMI-SAN-PERM-FULL_TRAIN-MR00-PR029,PhysioNetMI,SAN-PERM,A0-RAW-ACCEPT-ALL,FULL_TRAIN,0,57,0,45,0.4583333333333333,0.3283582089552239,0.4888888888888889,0.5674603174603174
P02-A0-PhysioNetMI-SAN-PERM-FULL_TRAIN-MR00-PR029,PhysioNetMI,SAN-PERM,A0-RAW-ACCEPT-ALL,FULL_TRAIN,0,71,0,45,0.48023715415019763,0.3915343915343915,0.4888888888888889,0.48814229249011853
P02-A0-PhysioNetMI-SAN-PERM-FULL_TRAIN-MR00-PR029,PhysioNetMI,SAN-PERM,A0-RAW-ACCEPT-ALL,FULL_TRAIN,0,93,0,45,0.37845849802371545,0.37747035573122534,0.37777777777777777,0.2845849802371541
P02-A0-PhysioNetMI-SAN-PERM-FULL_TRAIN-MR00-PR029,PhysioNetMI,SAN-PERM,A0-RAW-ACCEPT-ALL,FULL_TRAIN,0,98,0,45,0.4990118577075099,0.3630769230769231,0.4888888888888889,0.37747035573122534
P02-A0-PhysioNetMI-SAN-PERM-FULL_TRAIN-MR00-PR029,PhysioNetMI,SAN-PERM,A0-RAW-ACCEPT-ALL,FULL_TRAIN,0,107,0,45,0.5565476190476191,0.5166760881854155,0.5777777777777777,0.5257936507936508
P02-A0-PhysioNetMI-SAN-PERM-FULL_TRAIN-MR00-PR030,PhysioNetMI,SAN-PERM,A0-RAW-ACCEPT-ALL,FULL_TRAIN,0,6,0,45,0.5,0.3181818181818182,0.4666666666666667,0.5277777777777778
P02-A0-PhysioNetMI-SAN-PERM-FULL_TRAIN-MR00-PR030,PhysioNetMI,SAN-PERM,A0-RAW-ACCEPT-ALL,FULL_TRAIN,0,27,0,45,0.5128458498023716,0.5089285714285714,0.5111111111111111,0.4861660079051383
P02-A0-PhysioNetMI-SAN-PERM-FULL_TRAIN-MR00-PR030,PhysioNetMI,SAN-PERM,A0-RAW-ACCEPT-ALL,FULL_TRAIN,0,39,0,45,0.5839920948616601,0.5454545454545454,0.5777777777777777,0.5019762845849802
P02-A0-PhysioNetMI-SAN-PERM-FULL_TRAIN-MR00-PR030,PhysioNetMI,SAN-PERM,A0-RAW-ACCEPT-ALL,FULL_TRAIN,0,40,0,45,0.4107142857142857,0.3891402714932127,0.4,0.3650793650793651
P02-A0-PhysioNetMI-SAN-PERM-FULL_TRAIN-MR00-PR030,PhysioNetMI,SAN-PERM,A0-RAW-ACCEPT-ALL,FULL_TRAIN,0,47,0,45,0.5,0.34782608695652173,0.5333333333333333,0.4087301587301587
P02-A0-PhysioNetMI-SAN-PERM-FULL_TRAIN-MR00-PR030,PhysioNetMI,SAN-PERM,A0-RAW-ACCEPT-ALL,FULL_TRAIN,0,48,0,45,0.5,0.3382352941176471,0.5111111111111111,0.5217391304347826
P02-A0-PhysioNetMI-SAN-PERM-FULL_TRAIN-MR00-PR030,PhysioNetMI,SAN-PERM,A0-RAW-ACCEPT-ALL,FULL_TRAIN,0,57,0,45,0.5178571428571428,0.3915343915343915,0.4888888888888889,0.4563492063492064
P02-A0-PhysioNetMI-SAN-PERM-FULL_TRAIN-MR00-PR030,PhysioNetMI,SAN-PERM,A0-RAW-ACCEPT-ALL,FULL_TRAIN,0,71,0,45,0.40810276679841895,0.3131712832108536,0.4,0.4743083003952569
P02-A0-PhysioNetMI-SAN-PERM-FULL_TRAIN-MR00-PR030,PhysioNetMI,SAN-PERM,A0-RAW-ACCEPT-ALL,FULL_TRAIN,0,93,0,45,0.5,0.3382352941176471,0.5111111111111111,0.37351778656126483
P02-A0-PhysioNetMI-SAN-PERM-FULL_TRAIN-MR00-PR030,PhysioNetMI,SAN-PERM,A0-RAW-ACCEPT-ALL,FULL_TRAIN,0,98,0,45,0.5,0.3382352941176471,0.5111111111111111,0.4901185770750988
P02-A0-PhysioNetMI-SAN-PERM-FULL_TRAIN-MR00-PR030,PhysioNetMI,SAN-PERM,A0-RAW-ACCEPT-ALL,FULL_TRAIN,0,107,0,45,0.43452380952380953,0.40789473684210525,0.4222222222222222,0.49404761904761907
P02-A0-PhysioNetMI-SAN-PERM-FULL_TRAIN-MR00-PR031,PhysioNetMI,SAN-PERM,A0-RAW-ACCEPT-ALL,FULL_TRAIN,0,6,0,45,0.5,0.34782608695652173,0.5333333333333333,0.41865079365079366
P02-A0-PhysioNetMI-SAN-PERM-FULL_TRAIN-MR00-PR031,PhysioNetMI,SAN-PERM,A0-RAW-ACCEPT-ALL,FULL_TRAIN,0,27,0,45,0.4950592885375494,0.44976076555023925,0.4888888888888889,0.49604743083003955
P02-A0-PhysioNetMI-SAN-PERM-FULL_TRAIN-MR00-PR031,PhysioNetMI,SAN-PERM,A0-RAW-ACCEPT-ALL,FULL_TRAIN,0,39,0,45,0.40810276679841895,0.3131712832108536,0.4,0.42094861660079047
P02-A0-PhysioNetMI-SAN-PERM-FULL_TRAIN-MR00-PR031,PhysioNetMI,SAN-PERM,A0-RAW-ACCEPT-ALL,FULL_TRAIN,0,40,0,45,0.5,0.34782608695652173,0.5333333333333333,0.3035714285714286
P02-A0-PhysioNetMI-SAN-PERM-FULL_TRAIN-MR00-PR031,PhysioNetMI,SAN-PERM,A0-RAW-ACCEPT-ALL,FULL_TRAIN,0,47,0,45,0.5,0.34782608695652173,0.5333333333333333,0.4226190476190476
P02-A0-PhysioNetMI-SAN-PERM-FULL_TRAIN-MR00-PR031,PhysioNetMI,SAN-PERM,A0-RAW-ACCEPT-ALL,FULL_TRAIN,0,48,0,45,0.42391304347826086,0.4196428571428571,0.4222222222222222,0.38735177865612647
P02-A0-PhysioNetMI-SAN-PERM-FULL_TRAIN-MR00-PR031,PhysioNetMI,SAN-PERM,A0-RAW-ACCEPT-ALL,FULL_TRAIN,0,57,0,45,0.5267857142857143,0.4318181818181818,0.5555555555555556,0.5416666666666666
P02-A0-PhysioNetMI-SAN-PERM-FULL_TRAIN-MR00-PR031,PhysioNetMI,SAN-PERM,A0-RAW-ACCEPT-ALL,FULL_TRAIN,0,71,0,45,0.5088932806324111,0.505,0.5111111111111111,0.49604743083003955
P02-A0-PhysioNetMI-SAN-PERM-FULL_TRAIN-MR00-PR031,PhysioNetMI,SAN-PERM,A0-RAW-ACCEPT-ALL,FULL_TRAIN,0,93,0,45,0.4782608695652174,0.3283582089552239,0.4888888888888889,0.3379446640316206
P02-A0-PhysioNetMI-SAN-PERM-FULL_TRAIN-MR00-PR031,PhysioNetMI,SAN-PERM,A0-RAW-ACCEPT-ALL,FULL_TRAIN,0,98,0,45,0.39229249011857703,0.3131712832108536,0.4,0.4446640316205533
P02-A0-PhysioNetMI-SAN-PERM-FULL_TRAIN-MR00-PR031,PhysioNetMI,SAN-PERM,A0-RAW-ACCEPT-ALL,FULL_TRAIN,0,107,0,45,0.4732142857142857,0.3386243386243386,0.4444444444444444,0.40079365079365076
P02-A0-PhysioNetMI-SAN-PERM-FULL_TRAIN-MR00-PR032,PhysioNetMI,SAN-PERM,A0-RAW-ACCEPT-ALL,FULL_TRAIN,0,6,0,45,0.5,0.34782608695652173,0.5333333333333333,0.5634920634920635
P02-A0-PhysioNetMI-SAN-PERM-FULL_TRAIN-MR00-PR032,PhysioNetMI,SAN-PERM,A0-RAW-ACCEPT-ALL,FULL_TRAIN,0,27,0,45,0.5266798418972332,0.4833242208857299,0.5333333333333333,0.5849802371541502
P02-A0-PhysioNetMI-SAN-PERM-FULL_TRAIN-MR00-PR032,PhysioNetMI,SAN-PERM,A0-RAW-ACCEPT-ALL,FULL_TRAIN,0,39,0,45,0.5217391304347826,0.375,0.5111111111111111,0.49604743083003955
P02-A0-PhysioNetMI-SAN-PERM-FULL_TRAIN-MR00-PR032,PhysioNetMI,SAN-PERM,A0-RAW-ACCEPT-ALL,FULL_TRAIN,0,40,0,45,0.5416666666666666,0.4050480769230769,0.5111111111111111,0.4801587301587302
P02-A0-PhysioNetMI-SAN-PERM-FULL_TRAIN-MR00-PR032,PhysioNetMI,SAN-PERM,A0-RAW-ACCEPT-ALL,FULL_TRAIN,0,47,0,45,0.5,0.34782608695652173,0.5333333333333333,0.5853174603174602
P02-A0-PhysioNetMI-SAN-PERM-FULL_TRAIN-MR00-PR032,PhysioNetMI,SAN-PERM,A0-RAW-ACCEPT-ALL,FULL_TRAIN,0,48,0,45,0.4782608695652174,0.3283582089552239,0.4888888888888889,0.22134387351778656
P02-A0-PhysioNetMI-SAN-PERM-FULL_TRAIN-MR00-PR032,PhysioNetMI,SAN-PERM,A0-RAW-ACCEPT-ALL,FULL_TRAIN,0,57,0,45,0.45238095238095233,0.44001991040318567,0.4444444444444444,0.5178571428571428
P02-A0-PhysioNetMI-SAN-PERM-FULL_TRAIN-MR00-PR032,PhysioNetMI,SAN-PERM,A0-RAW-ACCEPT-ALL,FULL_TRAIN,0,71,0,45,0.48023715415019763,0.3915343915343915,0.4888888888888889,0.5355731225296443
P02-A0-PhysioNetMI-SAN-PERM-FULL_TRAIN-MR00-PR032,PhysioNetMI,SAN-PERM,A0-RAW-ACCEPT-ALL,FULL_TRAIN,0,93,0,45,0.6037549407114624,0.590080971659919,0.6,0.4505928853754941
P02-A0-PhysioNetMI-SAN-PERM-FULL_TRAIN-MR00-PR032,PhysioNetMI,SAN-PERM,A0-RAW-ACCEPT-ALL,FULL_TRAIN,0,98,0,45,0.5148221343873518,0.4989878542510121,0.5111111111111111,0.492094861660079
P02-A0-PhysioNetMI-SAN-PERM-FULL_TRAIN-MR00-PR032,PhysioNetMI,SAN-PERM,A0-RAW-ACCEPT-ALL,FULL_TRAIN,0,107,0,45,0.5,0.3181818181818182,0.4666666666666667,0.7182539682539681
P02-A0-PhysioNetMI-SAN-PERM-FULL_TRAIN-MR00-PR033,PhysioNetMI,SAN-PERM,A0-RAW-ACCEPT-ALL,FULL_TRAIN,0,6,0,45,0.5059523809523809,0.4184615384615385,0.5333333333333333,0.46428571428571425
P02-A0-PhysioNetMI-SAN-PERM-FULL_TRAIN-MR00-PR033,PhysioNetMI,SAN-PERM,A0-RAW-ACCEPT-ALL,FULL_TRAIN,0,27,0,45,0.5128458498023716,0.5089285714285714,0.5111111111111111,0.5513833992094862
P02-A0-PhysioNetMI-SAN-PERM-FULL_TRAIN-MR00-PR033,PhysioNetMI,SAN-PERM,A0-RAW-ACCEPT-ALL,FULL_TRAIN,0,39,0,45,0.4762845849802371,0.35096153846153844,0.4666666666666667,0.4960474308300395
P02-A0-PhysioNetMI-SAN-PERM-FULL_TRAIN-MR00-PR033,PhysioNetMI,SAN-PERM,A0-RAW-ACCEPT-ALL,FULL_TRAIN,0,40,0,45,0.5089285714285714,0.4444444444444444,0.5333333333333333,0.5476190476190477
P02-A0-PhysioNetMI-SAN-PERM-FULL_TRAIN-MR00-PR033,PhysioNetMI,SAN-PERM,A0-RAW-ACCEPT-ALL,FULL_TRAIN,0,47,0,45,0.5,0.34782608695652173,0.5333333333333333,0.5099206349206349
P02-A0-PhysioNetMI-SAN-PERM-FULL_TRAIN-MR00-PR033,PhysioNetMI,SAN-PERM,A0-RAW-ACCEPT-ALL,FULL_TRAIN,0,48,0,45,0.40019762845849804,0.4,0.4,0.3932806324110672
P02-A0-PhysioNetMI-SAN-PERM-FULL_TRAIN-MR00-PR033,PhysioNetMI,SAN-PERM,A0-RAW-ACCEPT-ALL,FULL_TRAIN,0,57,0,45,0.48809523809523814,0.42972350230414746,0.5111111111111111,0.49999999999999994
P02-A0-PhysioNetMI-SAN-PERM-FULL_TRAIN-MR00-PR033,PhysioNetMI,SAN-PERM,A0-RAW-ACCEPT-ALL,FULL_TRAIN,0,71,0,45,0.4407114624505929,0.4263131055583886,0.4444444444444444,0.37351778656126483
P02-A0-PhysioNetMI-SAN-PERM-FULL_TRAIN-MR00-PR033,PhysioNetMI,SAN-PERM,A0-RAW-ACCEPT-ALL,FULL_TRAIN,0,93,0,45,0.4535573122529644,0.3386243386243386,0.4444444444444444,0.21541501976284583
P02-A0-PhysioNetMI-SAN-PERM-FULL_TRAIN-MR00-PR033,PhysioNetMI,SAN-PERM,A0-RAW-ACCEPT-ALL,FULL_TRAIN,0,98,0,45,0.37747035573122534,0.37747035573122534,0.37777777777777777,0.38537549407114624
P02-A0-PhysioNetMI-SAN-PERM-FULL_TRAIN-MR00-PR033,PhysioNetMI,SAN-PERM,A0-RAW-ACCEPT-ALL,FULL_TRAIN,0,107,0,45,0.5386904761904762,0.5150862068965517,0.5555555555555556,0.5059523809523809
P02-A0-PhysioNetMI-SAN-PERM-FULL_TRAIN-MR00-PR034,PhysioNetMI,SAN-PERM,A0-RAW-ACCEPT-ALL,FULL_TRAIN,0,6,0,45,0.5,0.34782608695652173,0.5333333333333333,0.37301587301587297
P02-A0-PhysioNetMI-SAN-PERM-FULL_TRAIN-MR00-PR034,PhysioNetMI,SAN-PERM,A0-RAW-ACCEPT-ALL,FULL_TRAIN,0,27,0,45,0.4772727272727273,0.3181818181818182,0.4666666666666667,0.48418972332015814
P02-A0-PhysioNetMI-SAN-PERM-FULL_TRAIN-MR00-PR034,PhysioNetMI,SAN-PERM,A0-RAW-ACCEPT-ALL,FULL_TRAIN,0,39,0,45,0.4515810276679842,0.3849097867687261,0.4444444444444444,0.46640316205533594
P02-A0-PhysioNetMI-SAN-PERM-FULL_TRAIN-MR00-PR034,PhysioNetMI,SAN-PERM,A0-RAW-ACCEPT-ALL,FULL_TRAIN,0,40,0,45,0.4791666666666667,0.3382352941176471,0.5111111111111111,0.4841269841269842
P02-A0-PhysioNetMI-SAN-PERM-FULL_TRAIN-MR00-PR034,PhysioNetMI,SAN-PERM,A0-RAW-ACCEPT-ALL,FULL_TRAIN,0,47,0,45,0.5148809523809523,0.5108695652173914,0.5111111111111111,0.5753968253968254
P02-A0-PhysioNetMI-SAN-PERM-FULL_TRAIN-MR00-PR034,PhysioNetMI,SAN-PERM,A0-RAW-ACCEPT-ALL,FULL_TRAIN,0,48,0,45,0.5,0.3283582089552239,0.4888888888888889,0.383399209486166
P02-A0-PhysioNetMI-SAN-PERM-FULL_TRAIN-MR00-PR034,PhysioNetMI,SAN-PERM,A0-RAW-ACCEPT-ALL,FULL_TRAIN,0,57,0,45,0.47916666666666663,0.4722080571137175,0.4888888888888889,0.43650793650793646
P02-A0-PhysioNetMI-SAN-PERM-FULL_TRAIN-MR00-PR034,PhysioNetMI,SAN-PERM,A0-RAW-ACCEPT-ALL,FULL_TRAIN,0,71,0,45,0.49209486166007904,0.4796380090497738,0.4888888888888889,0.4604743083003953
P02-A0-PhysioNetMI-SAN-PERM-FULL_TRAIN-MR00-PR034,PhysioNetMI,SAN-PERM,A0-RAW-ACCEPT-ALL,FULL_TRAIN,0,93,0,45,0.5,0.3283582089552239,0.4888888888888889,0.4090909090909091
P02-A0-PhysioNetMI-SAN-PERM-FULL_TRAIN-MR00-PR034,PhysioNetMI,SAN-PERM,A0-RAW-ACCEPT-ALL,FULL_TRAIN,0,98,0,45,0.4268774703557312,0.39814814814814814,0.4222222222222222,0.45059288537549413
P02-A0-PhysioNetMI-SAN-PERM-FULL_TRAIN-MR00-PR034,PhysioNetMI,SAN-PERM,A0-RAW-ACCEPT-ALL,FULL_TRAIN,0,107,0,45,0.5565476190476191,0.5166760881854155,0.5777777777777777,0.5059523809523809
P02-A0-PhysioNetMI-SAN-PERM-FULL_TRAIN-MR00-PR035,PhysioNetMI,SAN-PERM,A0-RAW-ACCEPT-ALL,FULL_TRAIN,0,6,0,45,0.5178571428571429,0.5089285714285714,0.5111111111111111,0.5357142857142857
P02-A0-PhysioNetMI-SAN-PERM-FULL_TRAIN-MR00-PR035,PhysioNetMI,SAN-PERM,A0-RAW-ACCEPT-ALL,FULL_TRAIN,0,27,0,45,0.44565217391304346,0.44334487877288475,0.4444444444444444,0.46640316205533594
P02-A0-PhysioNetMI-SAN-PERM-FULL_TRAIN-MR00-PR035,PhysioNetMI,SAN-PERM,A0-RAW-ACCEPT-ALL,FULL_TRAIN,0,39,0,45,0.5,0.3382352941176471,0.5111111111111111,0.5652173913043479
P02-A0-PhysioNetMI-SAN-PERM-FULL_TRAIN-MR00-PR035,PhysioNetMI,SAN-PERM,A0-RAW-ACCEPT-ALL,FULL_TRAIN,0,40,0,45,0.4821428571428571,0.375,0.5111111111111111,0.49603174603174605
P02-A0-PhysioNetMI-SAN-PERM-FULL_TRAIN-MR00-PR035,PhysioNetMI,SAN-PERM,A0-RAW-ACCEPT-ALL,FULL_TRAIN,0,47,0,45,0.5178571428571429,0.5089285714285714,0.5111111111111111,0.44246031746031744
P02-A0-PhysioNetMI-SAN-PERM-FULL_TRAIN-MR00-PR035,PhysioNetMI,SAN-PERM,A0-RAW-ACCEPT-ALL,FULL_TRAIN,0,48,0,45,0.5217391304347826,0.375,0.5111111111111111,0.6442687747035574
P02-A0-PhysioNetMI-SAN-PERM-FULL_TRAIN-MR00-PR035,PhysioNetMI,SAN-PERM,A0-RAW-ACCEPT-ALL,FULL_TRAIN,0,57,0,45,0.4375,0.39814814814814814,0.4222222222222222,0.5218253968253969
P02-A0-PhysioNetMI-SAN-PERM-FULL_TRAIN-MR00-PR035,PhysioNetMI,SAN-PERM,A0-RAW-ACCEPT-ALL,FULL_TRAIN,0,71,0,45,0.5227272727272727,0.3867618429591174,0.5333333333333333,0.5652173913043478
P02-A0-PhysioNetMI-SAN-PERM-FULL_TRAIN-MR00-PR035,PhysioNetMI,SAN-PERM,A0-RAW-ACCEPT-ALL,FULL_TRAIN,0,93,0,45,0.5405138339920948,0.4833242208857299,0.5333333333333333,0.47233201581027673
P02-A0-PhysioNetMI-SAN-PERM-FULL_TRAIN-MR00-PR035,PhysioNetMI,SAN-PERM,A0-RAW-ACCEPT-ALL,FULL_TRAIN,0,98,0,45,0.45454545454545453,0.3076923076923077,0.4444444444444444,0.45849802371541504
P02-A0-PhysioNetMI-SAN-PERM-FULL_TRAIN-MR00-PR035,PhysioNetMI,SAN-PERM,A0-RAW-ACCEPT-ALL,FULL_TRAIN,0,107,0,45,0.6517857142857143,0.6411483253588517,0.6666666666666666,0.7242063492063491
P02-A0-PhysioNetMI-SAN-PERM-FULL_TRAIN-MR00-PR036,PhysioNetMI,SAN-PERM,A0-RAW-ACCEPT-ALL,FULL_TRAIN,0,6,0,45,0.48809523809523814,0.42972350230414746,0.5111111111111111,0.498015873015873
P02-A0-PhysioNetMI-SAN-PERM-FULL_TRAIN-MR00-PR036,PhysioNetMI,SAN-PERM,A0-RAW-ACCEPT-ALL,FULL_TRAIN,0,27,0,45,0.5355731225296443,0.5296167247386759,0.5333333333333333,0.5118577075098814
P02-A0-PhysioNetMI-SAN-PERM-FULL_TRAIN-MR00-PR036,PhysioNetMI,SAN-PERM,A0-RAW-ACCEPT-ALL,FULL_TRAIN,0,39,0,45,0.5187747035573123,0.44999999999999996,0.5111111111111111,0.40909090909090906
P02-A0-PhysioNetMI-SAN-PERM-FULL_TRAIN-MR00-PR036,PhysioNetMI,SAN-PERM,A0-RAW-ACCEPT-ALL,FULL_TRAIN,0,40,0,45,0.40476190476190477,0.27419354838709675,0.37777777777777777,0.5396825396825397
P02-A0-PhysioNetMI-SAN-PERM-FULL_TRAIN-MR00-PR036,PhysioNetMI,SAN-PERM,A0-RAW-ACCEPT-ALL,FULL_TRAIN,0,47,0,45,0.6011904761904762,0.5325314379442319,0.5777777777777777,0.494047619047619
P02-A0-PhysioNetMI-SAN-PERM-FULL_TRAIN-MR00-PR036,PhysioNetMI,SAN-PERM,A0-RAW-ACCEPT-ALL,FULL_TRAIN,0,48,0,45,0.5039525691699605,0.44999999999999996,0.5111111111111111,0.5256916996047432
P02-A0-PhysioNetMI-SAN-PERM-FULL_TRAIN-MR00-PR036,PhysioNetMI,SAN-PERM,A0-RAW-ACCEPT-ALL,FULL_TRAIN,0,57,0,45,0.5,0.4907407407407407,0.5111111111111111,0.498015873015873
P02-A0-PhysioNetMI-SAN-PERM-FULL_TRAIN-MR00-PR036,PhysioNetMI,SAN-PERM,A0-RAW-ACCEPT-ALL,FULL_TRAIN,0,71,0,45,0.558300395256917,0.55,0.5555555555555556,0.5869565217391305
P02-A0-PhysioNetMI-SAN-PERM-FULL_TRAIN-MR00-PR036,PhysioNetMI,SAN-PERM,A0-RAW-ACCEPT-ALL,FULL_TRAIN,0,93,0,45,0.607707509881423,0.55,0.6,0.7015810276679841
P02-A0-PhysioNetMI-SAN-PERM-FULL_TRAIN-MR00-PR036,PhysioNetMI,SAN-PERM,A0-RAW-ACCEPT-ALL,FULL_TRAIN,0,98,0,45,0.5128458498023716,0.5089285714285714,0.5111111111111111,0.4980237154150198
P02-A0-PhysioNetMI-SAN-PERM-FULL_TRAIN-MR00-PR036,PhysioNetMI,SAN-PERM,A0-RAW-ACCEPT-ALL,FULL_TRAIN,0,107,0,45,0.4791666666666667,0.3382352941176471,0.5111111111111111,0.5813492063492064
P02-A0-PhysioNetMI-SAN-PERM-FULL_TRAIN-MR00-PR037,PhysioNetMI,SAN-PERM,A0-RAW-ACCEPT-ALL,FULL_TRAIN,0,6,0,45,0.5208333333333334,0.3630769230769231,0.4888888888888889,0.4761904761904762
P02-A0-PhysioNetMI-SAN-PERM-FULL_TRAIN-MR00-PR037,PhysioNetMI,SAN-PERM,A0-RAW-ACCEPT-ALL,FULL_TRAIN,0,27,0,45,0.43873517786561267,0.4019138755980861,0.4444444444444444,0.40118577075098816
P02-A0-PhysioNetMI-SAN-PERM-FULL_TRAIN-MR00-PR037,PhysioNetMI,SAN-PERM,A0-RAW-ACCEPT-ALL,FULL_TRAIN,0,39,0,45,0.5,0.3382352941176471,0.5111111111111111,0.3754940711462451
P02-A0-PhysioNetMI-SAN-PERM-FULL_TRAIN-MR00-PR037,PhysioNetMI,SAN-PERM,A0-RAW-ACCEPT-ALL,FULL_TRAIN,0,40,0,45,0.5,0.3181818181818182,0.4666666666666667,0.4444444444444444
P02-A0-PhysioNetMI-SAN-PERM-FULL_TRAIN-MR00-PR037,PhysioNetMI,SAN-PERM,A0-RAW-ACCEPT-ALL,FULL_TRAIN,0,47,0,45,0.5,0.34782608695652173,0.5333333333333333,0.40079365079365076
P02-A0-PhysioNetMI-SAN-PERM-FULL_TRAIN-MR00-PR037,PhysioNetMI,SAN-PERM,A0-RAW-ACCEPT-ALL,FULL_TRAIN,0,48,0,45,0.4535573122529644,0.3386243386243386,0.4444444444444444,0.32806324110671936
P02-A0-PhysioNetMI-SAN-PERM-FULL_TRAIN-MR00-PR037,PhysioNetMI,SAN-PERM,A0-RAW-ACCEPT-ALL,FULL_TRAIN,0,57,0,45,0.49702380952380953,0.48481831757093086,0.4888888888888889,0.45436507936507936
P02-A0-PhysioNetMI-SAN-PERM-FULL_TRAIN-MR00-PR037,PhysioNetMI,SAN-PERM,A0-RAW-ACCEPT-ALL,FULL_TRAIN,0,71,0,45,0.6156126482213439,0.5817386550027337,0.6222222222222222,0.6679841897233202
P02-A0-PhysioNetMI-SAN-PERM-FULL_TRAIN-MR00-PR037,PhysioNetMI,SAN-PERM,A0-RAW-ACCEPT-ALL,FULL_TRAIN,0,93,0,45,0.5,0.3382352941176471,0.5111111111111111,0.26877470355731226
P02-A0-PhysioNetMI-SAN-PERM-FULL_TRAIN-MR00-PR037,PhysioNetMI,SAN-PERM,A0-RAW-ACCEPT-ALL,FULL_TRAIN,0,98,0,45,0.4614624505928854,0.4327731092436975,0.4666666666666667,0.5533596837944664
P02-A0-PhysioNetMI-SAN-PERM-FULL_TRAIN-MR00-PR037,PhysioNetMI,SAN-PERM,A0-RAW-ACCEPT-ALL,FULL_TRAIN,0,107,0,45,0.4136904761904762,0.38041815400305967,0.4,0.4623015873015872
P02-A0-PhysioNetMI-SAN-PERM-FULL_TRAIN-MR00-PR038,PhysioNetMI,SAN-PERM,A0-RAW-ACCEPT-ALL,FULL_TRAIN,0,6,0,45,0.5,0.3181818181818182,0.4666666666666667,0.46825396825396826
P02-A0-PhysioNetMI-SAN-PERM-FULL_TRAIN-MR00-PR038,PhysioNetMI,SAN-PERM,A0-RAW-ACCEPT-ALL,FULL_TRAIN,0,27,0,45,0.4268774703557312,0.39814814814814814,0.4222222222222222,0.3675889328063241
P02-A0-PhysioNetMI-SAN-PERM-FULL_TRAIN-MR00-PR038,PhysioNetMI,SAN-PERM,A0-RAW-ACCEPT-ALL,FULL_TRAIN,0,39,0,45,0.5,0.3382352941176471,0.5111111111111111,0.4762845849802372
P02-A0-PhysioNetMI-SAN-PERM-FULL_TRAIN-MR00-PR038,PhysioNetMI,SAN-PERM,A0-RAW-ACCEPT-ALL,FULL_TRAIN,0,40,0,45,0.5,0.3181818181818182,0.4666666666666667,0.4365079365079365
P02-A0-PhysioNetMI-SAN-PERM-FULL_TRAIN-MR00-PR038,PhysioNetMI,SAN-PERM,A0-RAW-ACCEPT-ALL,FULL_TRAIN,0,47,0,45,0.5416666666666666,0.4050480769230769,0.5111111111111111,0.5615079365079365
P02-A0-PhysioNetMI-SAN-PERM-FULL_TRAIN-MR00-PR038,PhysioNetMI,SAN-PERM,A0-RAW-ACCEPT-ALL,FULL_TRAIN,0,48,0,45,0.691699604743083,0.685,0.6888888888888889,0.7411067193675889
P02-A0-PhysioNetMI-SAN-PERM-FULL_TRAIN-MR00-PR038,PhysioNetMI,SAN-PERM,A0-RAW-ACCEPT-ALL,FULL_TRAIN,0,57,0,45,0.5089285714285714,0.44976076555023925,0.4888888888888889,0.44841269841269843
P02-A0-PhysioNetMI-SAN-PERM-FULL_TRAIN-MR00-PR038,PhysioNetMI,SAN-PERM,A0-RAW-ACCEPT-ALL,FULL_TRAIN,0,71,0,45,0.5326086956521738,0.5324096981692232,0.5333333333333333,0.5513833992094862
P02-A0-PhysioNetMI-SAN-PERM-FULL_TRAIN-MR00-PR038,PhysioNetMI,SAN-PERM,A0-RAW-ACCEPT-ALL,FULL_TRAIN,0,93,0,45,0.5,0.3382352941176471,0.5111111111111111,0.7233201581027668
P02-A0-PhysioNetMI-SAN-PERM-FULL_TRAIN-MR00-PR038,PhysioNetMI,SAN-PERM,A0-RAW-ACCEPT-ALL,FULL_TRAIN,0,98,0,45,0.5859683794466404,0.5166760881854155,0.5777777777777777,0.5533596837944664
P02-A0-PhysioNetMI-SAN-PERM-FULL_TRAIN-MR00-PR038,PhysioNetMI,SAN-PERM,A0-RAW-ACCEPT-ALL,FULL_TRAIN,0,107,0,45,0.46130952380952384,0.41558441558441556,0.4444444444444444,0.5119047619047619
P02-A0-PhysioNetMI-SAN-PERM-FULL_TRAIN-MR00-PR039,PhysioNetMI,SAN-PERM,A0-RAW-ACCEPT-ALL,FULL_TRAIN,0,6,0,45,0.5,0.3181818181818182,0.4666666666666667,0.4861111111111111
P02-A0-PhysioNetMI-SAN-PERM-FULL_TRAIN-MR00-PR039,PhysioNetMI,SAN-PERM,A0-RAW-ACCEPT-ALL,FULL_TRAIN,0,27,0,45,0.4209486166007905,0.4196428571428571,0.4222222222222222,0.38537549407114624
P02-A0-PhysioNetMI-SAN-PERM-FULL_TRAIN-MR00-PR039,PhysioNetMI,SAN-PERM,A0-RAW-ACCEPT-ALL,FULL_TRAIN,0,39,0,45,0.5217391304347826,0.375,0.5111111111111111,0.4703557312252965
P02-A0-PhysioNetMI-SAN-PERM-FULL_TRAIN-MR00-PR039,PhysioNetMI,SAN-PERM,A0-RAW-ACCEPT-ALL,FULL_TRAIN,0,40,0,45,0.5,0.34782608695652173,0.5333333333333333,0.48611111111111105
P02-A0-PhysioNetMI-SAN-PERM-FULL_TRAIN-MR00-PR039,PhysioNetMI,SAN-PERM,A0-RAW-ACCEPT-ALL,FULL_TRAIN,0,47,0,45,0.4791666666666667,0.3382352941176471,0.5111111111111111,0.6547619047619048
P02-A0-PhysioNetMI-SAN-PERM-FULL_TRAIN-MR00-PR039,PhysioNetMI,SAN-PERM,A0-RAW-ACCEPT-ALL,FULL_TRAIN,0,48,0,45,0.3547430830039526,0.3542800593765463,0.35555555555555557,0.2707509881422925
P02-A0-PhysioNetMI-SAN-PERM-FULL_TRAIN-MR00-PR039,PhysioNetMI,SAN-PERM,A0-RAW-ACCEPT-ALL,FULL_TRAIN,0,57,0,45,0.47916666666666663,0.4722080571137175,0.4888888888888889,0.43253968253968256
P02-A0-PhysioNetMI-SAN-PERM-FULL_TRAIN-MR00-PR039,PhysioNetMI,SAN-PERM,A0-RAW-ACCEPT-ALL,FULL_TRAIN,0,71,0,45,0.5780632411067194,0.5777777777777777,0.5777777777777777,0.6007905138339922
P02-A0-PhysioNetMI-SAN-PERM-FULL_TRAIN-MR00-PR039,PhysioNetMI,SAN-PERM,A0-RAW-ACCEPT-ALL,FULL_TRAIN,0,93,0,45,0.4496047430830039,0.41558441558441556,0.4444444444444444,0.5138339920948616
P02-A0-PhysioNetMI-SAN-PERM-FULL_TRAIN-MR00-PR039,PhysioNetMI,SAN-PERM,A0-RAW-ACCEPT-ALL,FULL_TRAIN,0,98,0,45,0.5474308300395256,0.48156682027649766,0.5555555555555556,0.6027667984189723
P02-A0-PhysioNetMI-SAN-PERM-FULL_TRAIN-MR00-PR039,PhysioNetMI,SAN-PERM,A0-RAW-ACCEPT-ALL,FULL_TRAIN,0,107,0,45,0.5505952380952381,0.55,0.5555555555555556,0.5257936507936508
P02-A0-PhysioNetMI-SAN-PERM-FULL_TRAIN-MR00-PR040,PhysioNetMI,SAN-PERM,A0-RAW-ACCEPT-ALL,FULL_TRAIN,0,6,0,45,0.5386904761904762,0.42972350230414746,0.5111111111111111,0.5714285714285714
P02-A0-PhysioNetMI-SAN-PERM-FULL_TRAIN-MR00-PR040,PhysioNetMI,SAN-PERM,A0-RAW-ACCEPT-ALL,FULL_TRAIN,0,27,0,45,0.5266798418972332,0.4833242208857299,0.5333333333333333,0.5434782608695652
P02-A0-PhysioNetMI-SAN-PERM-FULL_TRAIN-MR00-PR040,PhysioNetMI,SAN-PERM,A0-RAW-ACCEPT-ALL,FULL_TRAIN,0,39,0,45,0.42292490118577075,0.42193675889328064,0.4222222222222222,0.45849802371541504
P02-A0-PhysioNetMI-SAN-PERM-FULL_TRAIN-MR00-PR040,PhysioNetMI,SAN-PERM,A0-RAW-ACCEPT-ALL,FULL_TRAIN,0,40,0,45,0.5,0.3181818181818182,0.4666666666666667,0.5912698412698413
P02-A0-PhysioNetMI-SAN-PERM-FULL_TRAIN-MR00-PR040,PhysioNetMI,SAN-PERM,A0-RAW-ACCEPT-ALL,FULL_TRAIN,0,47,0,45,0.41666666666666663,0.3688311688311688,0.4,0.47222222222222215
P02-A0-PhysioNetMI-SAN-PERM-FULL_TRAIN-MR00-PR040,PhysioNetMI,SAN-PERM,A0-RAW-ACCEPT-ALL,FULL_TRAIN,0,48,0,45,0.4871541501976284,0.48481831757093086,0.4888888888888889,0.5059288537549407
P02-A0-PhysioNetMI-SAN-PERM-FULL_TRAIN-MR00-PR040,PhysioNetMI,SAN-PERM,A0-RAW-ACCEPT-ALL,FULL_TRAIN,0,57,0,45,0.49702380952380953,0.48481831757093086,0.4888888888888889,0.5277777777777778
P02-A0-PhysioNetMI-SAN-PERM-FULL_TRAIN-MR00-PR040,PhysioNetMI,SAN-PERM,A0-RAW-ACCEPT-ALL,FULL_TRAIN,0,71,0,45,0.5079051383399209,0.4989878542510121,0.5111111111111111,0.5118577075098815
P02-A0-PhysioNetMI-SAN-PERM-FULL_TRAIN-MR00-PR040,PhysioNetMI,SAN-PERM,A0-RAW-ACCEPT-ALL,FULL_TRAIN,0,93,0,45,0.4782608695652174,0.3283582089552239,0.4888888888888889,0.424901185770751
P02-A0-PhysioNetMI-SAN-PERM-FULL_TRAIN-MR00-PR040,PhysioNetMI,SAN-PERM,A0-RAW-ACCEPT-ALL,FULL_TRAIN,0,98,0,45,0.47529644268774707,0.37788018433179726,0.4666666666666667,0.5296442687747036
P02-A0-PhysioNetMI-SAN-PERM-FULL_TRAIN-MR00-PR040,PhysioNetMI,SAN-PERM,A0-RAW-ACCEPT-ALL,FULL_TRAIN,0,107,0,45,0.46726190476190477,0.3849097867687261,0.4444444444444444,0.4146825396825397
P02-A0-PhysioNetMI-SAN-PERM-FULL_TRAIN-MR00-PR041,PhysioNetMI,SAN-PERM,A0-RAW-ACCEPT-ALL,FULL_TRAIN,0,6,0,45,0.5,0.34782608695652173,0.5333333333333333,0.49007936507936506
P02-A0-PhysioNetMI-SAN-PERM-FULL_TRAIN-MR00-PR041,PhysioNetMI,SAN-PERM,A0-RAW-ACCEPT-ALL,FULL_TRAIN,0,27,0,45,0.5108695652173914,0.5108695652173914,0.5111111111111111,0.5019762845849802
P02-A0-PhysioNetMI-SAN-PERM-FULL_TRAIN-MR00-PR041,PhysioNetMI,SAN-PERM,A0-RAW-ACCEPT-ALL,FULL_TRAIN,0,39,0,45,0.5375494071146245,0.5181030086690463,0.5333333333333333,0.5454545454545454
P02-A0-PhysioNetMI-SAN-PERM-FULL_TRAIN-MR00-PR041,PhysioNetMI,SAN-PERM,A0-RAW-ACCEPT-ALL,FULL_TRAIN,0,40,0,45,0.5,0.34782608695652173,0.5333333333333333,0.3154761904761905
P02-A0-PhysioNetMI-SAN-PERM-FULL_TRAIN-MR00-PR041,PhysioNetMI,SAN-PERM,A0-RAW-ACCEPT-ALL,FULL_TRAIN,0,47,0,45,0.5,0.34782608695652173,0.5333333333333333,0.39484126984126977
P02-A0-PhysioNetMI-SAN-PERM-FULL_TRAIN-MR00-PR041,PhysioNetMI,SAN-PERM,A0-RAW-ACCEPT-ALL,FULL_TRAIN,0,48,0,45,0.49308300395256915,0.4722080571137175,0.4888888888888889,0.4209486166007905
P02-A0-PhysioNetMI-SAN-PERM-FULL_TRAIN-MR00-PR041,PhysioNetMI,SAN-PERM,A0-RAW-ACCEPT-ALL,FULL_TRAIN,0,57,0,45,0.47916666666666663,0.4722080571137175,0.4888888888888889,0.4702380952380952
P02-A0-PhysioNetMI-SAN-PERM-FULL_TRAIN-MR00-PR041,PhysioNetMI,SAN-PERM,A0-RAW-ACCEPT-ALL,FULL_TRAIN,0,71,0,45,0.49209486166007904,0.4796380090497738,0.4888888888888889,0.4940711462450593
P02-A0-PhysioNetMI-SAN-PERM-FULL_TRAIN-MR00-PR041,PhysioNetMI,SAN-PERM,A0-RAW-ACCEPT-ALL,FULL_TRAIN,0,93,0,45,0.5,0.3283582089552239,0.4888888888888889,0.6027667984189723
P02-A0-PhysioNetMI-SAN-PERM-FULL_TRAIN-MR00-PR041,PhysioNetMI,SAN-PERM,A0-RAW-ACCEPT-ALL,FULL_TRAIN,0,98,0,45,0.43675889328063244,0.3640474844544941,0.4444444444444444,0.399209486166008
P02-A0-PhysioNetMI-SAN-PERM-FULL_TRAIN-MR00-PR041,PhysioNetMI,SAN-PERM,A0-RAW-ACCEPT-ALL,FULL_TRAIN,0,107,0,45,0.5625,0.5454545454545454,0.5777777777777777,0.5555555555555556
P02-A0-PhysioNetMI-SAN-PERM-FULL_TRAIN-MR00-PR042,PhysioNetMI,SAN-PERM,A0-RAW-ACCEPT-ALL,FULL_TRAIN,0,6,0,45,0.5238095238095237,0.5181030086690463,0.5333333333333333,0.5357142857142858
P02-A0-PhysioNetMI-SAN-PERM-FULL_TRAIN-MR00-PR042,PhysioNetMI,SAN-PERM,A0-RAW-ACCEPT-ALL,FULL_TRAIN,0,27,0,45,0.5247035573122529,0.4444444444444444,0.5333333333333333,0.5909090909090909
P02-A0-PhysioNetMI-SAN-PERM-FULL_TRAIN-MR00-PR042,PhysioNetMI,SAN-PERM,A0-RAW-ACCEPT-ALL,FULL_TRAIN,0,39,0,45,0.43675889328063244,0.3640474844544941,0.4444444444444444,0.40316205533596833
P02-A0-PhysioNetMI-SAN-PERM-FULL_TRAIN-MR00-PR042,PhysioNetMI,SAN-PERM,A0-RAW-ACCEPT-ALL,FULL_TRAIN,0,40,0,45,0.5773809523809523,0.5769421078673924,0.5777777777777777,0.632936507936508
P02-A0-PhysioNetMI-SAN-PERM-FULL_TRAIN-MR00-PR042,PhysioNetMI,SAN-PERM,A0-RAW-ACCEPT-ALL,FULL_TRAIN,0,47,0,45,0.5178571428571428,0.3915343915343915,0.4888888888888889,0.490079365079365
P02-A0-PhysioNetMI-SAN-PERM-FULL_TRAIN-MR00-PR042,PhysioNetMI,SAN-PERM,A0-RAW-ACCEPT-ALL,FULL_TRAIN,0,48,0,45,0.5,0.3382352941176471,0.5111111111111111,0.3972332015810277
P02-A0-PhysioNetMI-SAN-PERM-FULL_TRAIN-MR00-PR042,PhysioNetMI,SAN-PERM,A0-RAW-ACCEPT-ALL,FULL_TRAIN,0,57,0,45,0.5059523809523809,0.505,0.5111111111111111,0.5079365079365079
P02-A0-PhysioNetMI-SAN-PERM-FULL_TRAIN-MR00-PR042,PhysioNetMI,SAN-PERM,A0-RAW-ACCEPT-ALL,FULL_TRAIN,0,71,0,45,0.4535573122529644,0.3386243386243386,0.4444444444444444,0.37154150197628455
P02-A0-PhysioNetMI-SAN-PERM-FULL_TRAIN-MR00-PR042,PhysioNetMI,SAN-PERM,A0-RAW-ACCEPT-ALL,FULL_TRAIN,0,93,0,45,0.5810276679841897,0.5701357466063348,0.5777777777777777,0.6482213438735178
P02-A0-PhysioNetMI-SAN-PERM-FULL_TRAIN-MR00-PR042,PhysioNetMI,SAN-PERM,A0-RAW-ACCEPT-ALL,FULL_TRAIN,0,98,0,45,0.5108695652173914,0.5108695652173914,0.5111111111111111,0.46047430830039526
P02-A0-PhysioNetMI-SAN-PERM-FULL_TRAIN-MR00-PR042,PhysioNetMI,SAN-PERM,A0-RAW-ACCEPT-ALL,FULL_TRAIN,0,107,0,45,0.40178571428571425,0.3,0.37777777777777777,0.46825396825396826
P02-A0-PhysioNetMI-SAN-PERM-FULL_TRAIN-MR00-PR043,PhysioNetMI,SAN-PERM,A0-RAW-ACCEPT-ALL,FULL_TRAIN,0,6,0,45,0.47916666666666663,0.45344129554655865,0.4666666666666667,0.5099206349206349
P02-A0-PhysioNetMI-SAN-PERM-FULL_TRAIN-MR00-PR043,PhysioNetMI,SAN-PERM,A0-RAW-ACCEPT-ALL,FULL_TRAIN,0,27,0,45,0.5741106719367589,0.5639979602243753,0.5777777777777777,0.6106719367588933
P02-A0-PhysioNetMI-SAN-PERM-FULL_TRAIN-MR00-PR043,PhysioNetMI,SAN-PERM,A0-RAW-ACCEPT-ALL,FULL_TRAIN,0,39,0,45,0.5701581027667983,0.5166760881854155,0.5777777777777777,0.5316205533596838
P02-A0-PhysioNetMI-SAN-PERM-FULL_TRAIN-MR00-PR043,PhysioNetMI,SAN-PERM,A0-RAW-ACCEPT-ALL,FULL_TRAIN,0,40,0,45,0.5059523809523809,0.4184615384615385,0.5333333333333333,0.5158730158730158
P02-A0-PhysioNetMI-SAN-PERM-FULL_TRAIN-MR00-PR043,PhysioNetMI,SAN-PERM,A0-RAW-ACCEPT-ALL,FULL_TRAIN,0,47,0,45,0.5,0.34782608695652173,0.5333333333333333,0.43253968253968256
P02-A0-PhysioNetMI-SAN-PERM-FULL_TRAIN-MR00-PR043,PhysioNetMI,SAN-PERM,A0-RAW-ACCEPT-ALL,FULL_TRAIN,0,48,0,45,0.6027667984189724,0.595,0.6,0.5711462450592886
P02-A0-PhysioNetMI-SAN-PERM-FULL_TRAIN-MR00-PR043,PhysioNetMI,SAN-PERM,A0-RAW-ACCEPT-ALL,FULL_TRAIN,0,57,0,45,0.5089285714285714,0.4444444444444444,0.5333333333333333,0.5238095238095237
P02-A0-PhysioNetMI-SAN-PERM-FULL_TRAIN-MR00-PR043,PhysioNetMI,SAN-PERM,A0-RAW-ACCEPT-ALL,FULL_TRAIN,0,71,0,45,0.4871541501976284,0.48481831757093086,0.4888888888888889,0.44664031620553357
P02-A0-PhysioNetMI-SAN-PERM-FULL_TRAIN-MR00-PR043,PhysioNetMI,SAN-PERM,A0-RAW-ACCEPT-ALL,FULL_TRAIN,0,93,0,45,0.5948616600790514,0.5745798319327731,0.6,0.7015810276679842
P02-A0-PhysioNetMI-SAN-PERM-FULL_TRAIN-MR00-PR043,PhysioNetMI,SAN-PERM,A0-RAW-ACCEPT-ALL,FULL_TRAIN,0,98,0,45,0.48122529644268774,0.41492368569813454,0.4888888888888889,0.44664031620553357
P02-A0-PhysioNetMI-SAN-PERM-FULL_TRAIN-MR00-PR043,PhysioNetMI,SAN-PERM,A0-RAW-ACCEPT-ALL,FULL_TRAIN,0,107,0,45,0.4583333333333333,0.3283582089552239,0.4888888888888889,0.47222222222222227
P02-A0-PhysioNetMI-SAN-PERM-FULL_TRAIN-MR00-PR044,PhysioNetMI,SAN-PERM,A0-RAW-ACCEPT-ALL,FULL_TRAIN,0,6,0,45,0.5,0.34782608695652173,0.5333333333333333,0.4642857142857143
P02-A0-PhysioNetMI-SAN-PERM-FULL_TRAIN-MR00-PR044,PhysioNetMI,SAN-PERM,A0-RAW-ACCEPT-ALL,FULL_TRAIN,0,27,0,45,0.5701581027667983,0.5166760881854155,0.5777777777777777,0.5691699604743082
P02-A0-PhysioNetMI-SAN-PERM-FULL_TRAIN-MR00-PR044,PhysioNetMI,SAN-PERM,A0-RAW-ACCEPT-ALL,FULL_TRAIN,0,39,0,45,0.5948616600790514,0.5745798319327731,0.6,0.6877470355731226
P02-A0-PhysioNetMI-SAN-PERM-FULL_TRAIN-MR00-PR044,PhysioNetMI,SAN-PERM,A0-RAW-ACCEPT-ALL,FULL_TRAIN,0,40,0,45,0.5,0.34782608695652173,0.5333333333333333,0.4126984126984128
P02-A0-PhysioNetMI-SAN-PERM-FULL_TRAIN-MR00-PR044,PhysioNetMI,SAN-PERM,A0-RAW-ACCEPT-ALL,FULL_TRAIN,0,47,0,45,0.5,0.34782608695652173,0.5333333333333333,0.45833333333333337
P02-A0-PhysioNetMI-SAN-PERM-FULL_TRAIN-MR00-PR044,PhysioNetMI,SAN-PERM,A0-RAW-ACCEPT-ALL,FULL_TRAIN,0,48,0,45,0.5,0.3382352941176471,0.5111111111111111,0.5355731225296443
P02-A0-PhysioNetMI-SAN-PERM-FULL_TRAIN-MR00-PR044,PhysioNetMI,SAN-PERM,A0-RAW-ACCEPT-ALL,FULL_TRAIN,0,57,0,45,0.5535714285714286,0.49760765550239233,0.5333333333333333,0.5337301587301587
P02-A0-PhysioNetMI-SAN-PERM-FULL_TRAIN-MR00-PR044,PhysioNetMI,SAN-PERM,A0-RAW-ACCEPT-ALL,FULL_TRAIN,0,71,0,45,0.5059288537549407,0.48004201680672265,0.5111111111111111,0.4644268774703557
P02-A0-PhysioNetMI-SAN-PERM-FULL_TRAIN-MR00-PR044,PhysioNetMI,SAN-PERM,A0-RAW-ACCEPT-ALL,FULL_TRAIN,0,93,0,45,0.42193675889328064,0.42193675889328064,0.4222222222222222,0.4624505928853755
P02-A0-PhysioNetMI-SAN-PERM-FULL_TRAIN-MR00-PR044,PhysioNetMI,SAN-PERM,A0-RAW-ACCEPT-ALL,FULL_TRAIN,0,98,0,45,0.5,0.3382352941176471,0.5111111111111111,0.4980237154150198
P02-A0-PhysioNetMI-SAN-PERM-FULL_TRAIN-MR00-PR044,PhysioNetMI,SAN-PERM,A0-RAW-ACCEPT-ALL,FULL_TRAIN,0,107,0,45,0.5803571428571428,0.55,0.6,0.6706349206349206
P02-A0-PhysioNetMI-SAN-PERM-FULL_TRAIN-MR00-PR045,PhysioNetMI,SAN-PERM,A0-RAW-ACCEPT-ALL,FULL_TRAIN,0,6,0,45,0.5208333333333334,0.3630769230769231,0.4888888888888889,0.5912698412698413
P02-A0-PhysioNetMI-SAN-PERM-FULL_TRAIN-MR00-PR045,PhysioNetMI,SAN-PERM,A0-RAW-ACCEPT-ALL,FULL_TRAIN,0,27,0,45,0.5,0.3382352941176471,0.5111111111111111,0.4209486166007905
P02-A0-PhysioNetMI-SAN-PERM-FULL_TRAIN-MR00-PR045,PhysioNetMI,SAN-PERM,A0-RAW-ACCEPT-ALL,FULL_TRAIN,0,39,0,45,0.5,0.3382352941176471,0.5111111111111111,0.5237154150197628
P02-A0-PhysioNetMI-SAN-PERM-FULL_TRAIN-MR00-PR045,PhysioNetMI,SAN-PERM,A0-RAW-ACCEPT-ALL,FULL_TRAIN,0,40,0,45,0.5,0.3181818181818182,0.4666666666666667,0.6031746031746033
P02-A0-PhysioNetMI-SAN-PERM-FULL_TRAIN-MR00-PR045,PhysioNetMI,SAN-PERM,A0-RAW-ACCEPT-ALL,FULL_TRAIN,0,47,0,45,0.5119047619047619,0.465799886941775,0.5333333333333333,0.35912698412698413
P02-A0-PhysioNetMI-SAN-PERM-FULL_TRAIN-MR00-PR045,PhysioNetMI,SAN-PERM,A0-RAW-ACCEPT-ALL,FULL_TRAIN,0,48,0,45,0.5,0.3283582089552239,0.4888888888888889,0.3695652173913044
P02-A0-PhysioNetMI-SAN-PERM-FULL_TRAIN-MR00-PR045,PhysioNetMI,SAN-PERM,A0-RAW-ACCEPT-ALL,FULL_TRAIN,0,57,0,45,0.5267857142857143,0.5248868778280543,0.5333333333333333,0.4642857142857143
P02-A0-PhysioNetMI-SAN-PERM-FULL_TRAIN-MR00-PR045,PhysioNetMI,SAN-PERM,A0-RAW-ACCEPT-ALL,FULL_TRAIN,0,71,0,45,0.558300395256917,0.55,0.5555555555555556,0.6521739130434783
P02-A0-PhysioNetMI-SAN-PERM-FULL_TRAIN-MR00-PR045,PhysioNetMI,SAN-PERM,A0-RAW-ACCEPT-ALL,FULL_TRAIN,0,93,0,45,0.5,0.3382352941176471,0.5111111111111111,0.549407114624506
P02-A0-PhysioNetMI-SAN-PERM-FULL_TRAIN-MR00-PR045,PhysioNetMI,SAN-PERM,A0-RAW-ACCEPT-ALL,FULL_TRAIN,0,98,0,45,0.6413043478260869,0.6356275303643725,0.6444444444444445,0.6324110671936759
P02-A0-PhysioNetMI-SAN-PERM-FULL_TRAIN-MR00-PR045,PhysioNetMI,SAN-PERM,A0-RAW-ACCEPT-ALL,FULL_TRAIN,0,107,0,45,0.5029761904761905,0.3867618429591174,0.5333333333333333,0.5376984126984127
P02-A0-PhysioNetMI-SAN-PERM-FULL_TRAIN-MR00-PR046,PhysioNetMI,SAN-PERM,A0-RAW-ACCEPT-ALL,FULL_TRAIN,0,6,0,45,0.5,0.34782608695652173,0.5333333333333333,0.4742063492063492
P02-A0-PhysioNetMI-SAN-PERM-FULL_TRAIN-MR00-PR046,PhysioNetMI,SAN-PERM,A0-RAW-ACCEPT-ALL,FULL_TRAIN,0,27,0,45,0.5,0.3382352941176471,0.5111111111111111,0.5395256916996047
P02-A0-PhysioNetMI-SAN-PERM-FULL_TRAIN-MR00-PR046,PhysioNetMI,SAN-PERM,A0-RAW-ACCEPT-ALL,FULL_TRAIN,0,39,0,45,0.5,0.3382352941176471,0.5111111111111111,0.5652173913043478
P02-A0-PhysioNetMI-SAN-PERM-FULL_TRAIN-MR00-PR046,PhysioNetMI,SAN-PERM,A0-RAW-ACCEPT-ALL,FULL_TRAIN,0,40,0,45,0.44047619047619047,0.35096153846153844,0.4666666666666667,0.4166666666666667
P02-A0-PhysioNetMI-SAN-PERM-FULL_TRAIN-MR00-PR046,PhysioNetMI,SAN-PERM,A0-RAW-ACCEPT-ALL,FULL_TRAIN,0,47,0,45,0.5,0.3181818181818182,0.4666666666666667,0.5753968253968254
P02-A0-PhysioNetMI-SAN-PERM-FULL_TRAIN-MR00-PR046,PhysioNetMI,SAN-PERM,A0-RAW-ACCEPT-ALL,FULL_TRAIN,0,48,0,45,0.5,0.3283582089552239,0.4888888888888889,0.41106719367588934
P02-A0-PhysioNetMI-SAN-PERM-FULL_TRAIN-MR00-PR046,PhysioNetMI,SAN-PERM,A0-RAW-ACCEPT-ALL,FULL_TRAIN,0,57,0,45,0.5238095238095238,0.39839572192513373,0.5555555555555556,0.4742063492063492
P02-A0-PhysioNetMI-SAN-PERM-FULL_TRAIN-MR00-PR046,PhysioNetMI,SAN-PERM,A0-RAW-ACCEPT-ALL,FULL_TRAIN,0,71,0,45,0.5177865612648221,0.4665948275862069,0.5111111111111111,0.47035573122529645
P02-A0-PhysioNetMI-SAN-PERM-FULL_TRAIN-MR00-PR046,PhysioNetMI,SAN-PERM,A0-RAW-ACCEPT-ALL,FULL_TRAIN,0,93,0,45,0.4980237154150198,0.3915343915343915,0.4888888888888889,0.5316205533596838
P02-A0-PhysioNetMI-SAN-PERM-FULL_TRAIN-MR00-PR046,PhysioNetMI,SAN-PERM,A0-RAW-ACCEPT-ALL,FULL_TRAIN,0,98,0,45,0.4940711462450593,0.4623376623376623,0.4888888888888889,0.4407114624505929
P02-A0-PhysioNetMI-SAN-PERM-FULL_TRAIN-MR00-PR046,PhysioNetMI,SAN-PERM,A0-RAW-ACCEPT-ALL,FULL_TRAIN,0,107,0,45,0.5386904761904762,0.5150862068965517,0.5555555555555556,0.5337301587301586
P02-A0-PhysioNetMI-SAN-PERM-FULL_TRAIN-MR00-PR047,PhysioNetMI,SAN-PERM,A0-RAW-ACCEPT-ALL,FULL_TRAIN,0,6,0,45,0.5148809523809523,0.4833242208857299,0.5333333333333333,0.5753968253968254
P02-A0-PhysioNetMI-SAN-PERM-FULL_TRAIN-MR00-PR047,PhysioNetMI,SAN-PERM,A0-RAW-ACCEPT-ALL,FULL_TRAIN,0,27,0,45,0.49011857707509876,0.48787728847105394,0.4888888888888889,0.5118577075098815
P02-A0-PhysioNetMI-SAN-PERM-FULL_TRAIN-MR00-PR047,PhysioNetMI,SAN-PERM,A0-RAW-ACCEPT-ALL,FULL_TRAIN,0,39,0,45,0.5464426877470356,0.4591346153846154,0.5555555555555556,0.5711462450592885
P02-A0-PhysioNetMI-SAN-PERM-FULL_TRAIN-MR00-PR047,PhysioNetMI,SAN-PERM,A0-RAW-ACCEPT-ALL,FULL_TRAIN,0,40,0,45,0.5416666666666666,0.5296167247386759,0.5333333333333333,0.4920634920634921
P02-A0-PhysioNetMI-SAN-PERM-FULL_TRAIN-MR00-PR047,PhysioNetMI,SAN-PERM,A0-RAW-ACCEPT-ALL,FULL_TRAIN,0,47,0,45,0.5744047619047619,0.5744151319064211,0.5777777777777777,0.5337301587301588
P02-A0-PhysioNetMI-SAN-PERM-FULL_TRAIN-MR00-PR047,PhysioNetMI,SAN-PERM,A0-RAW-ACCEPT-ALL,FULL_TRAIN,0,48,0,45,0.5,0.3283582089552239,0.4888888888888889,0.4980237154150198
P02-A0-PhysioNetMI-SAN-PERM-FULL_TRAIN-MR00-PR047,PhysioNetMI,SAN-PERM,A0-RAW-ACCEPT-ALL,FULL_TRAIN,0,57,0,45,0.5,0.34782608695652173,0.5333333333333333,0.5198412698412698
P02-A0-PhysioNetMI-SAN-PERM-FULL_TRAIN-MR00-PR047,PhysioNetMI,SAN-PERM,A0-RAW-ACCEPT-ALL,FULL_TRAIN,0,71,0,45,0.441699604743083,0.4343891402714932,0.4444444444444444,0.43083003952569165
P02-A0-PhysioNetMI-SAN-PERM-FULL_TRAIN-MR00-PR047,PhysioNetMI,SAN-PERM,A0-RAW-ACCEPT-ALL,FULL_TRAIN,0,93,0,45,0.5355731225296443,0.5296167247386759,0.5333333333333333,0.5395256916996047
P02-A0-PhysioNetMI-SAN-PERM-FULL_TRAIN-MR00-PR047,PhysioNetMI,SAN-PERM,A0-RAW-ACCEPT-ALL,FULL_TRAIN,0,98,0,45,0.4841897233201581,0.4623376623376623,0.4888888888888889,0.4762845849802372
P02-A0-PhysioNetMI-SAN-PERM-FULL_TRAIN-MR00-PR047,PhysioNetMI,SAN-PERM,A0-RAW-ACCEPT-ALL,FULL_TRAIN,0,107,0,45,0.47916666666666663,0.45344129554655865,0.4666666666666667,0.5198412698412698
P02-A0-PhysioNetMI-SAN-PERM-FULL_TRAIN-MR00-PR048,PhysioNetMI,SAN-PERM,A0-RAW-ACCEPT-ALL,FULL_TRAIN,0,6,0,45,0.5,0.34782608695652173,0.5333333333333333,0.4484126984126984
P02-A0-PhysioNetMI-SAN-PERM-FULL_TRAIN-MR00-PR048,PhysioNetMI,SAN-PERM,A0-RAW-ACCEPT-ALL,FULL_TRAIN,0,27,0,45,0.5513833992094861,0.537037037037037,0.5555555555555556,0.5612648221343874
P02-A0-PhysioNetMI-SAN-PERM-FULL_TRAIN-MR00-PR048,PhysioNetMI,SAN-PERM,A0-RAW-ACCEPT-ALL,FULL_TRAIN,0,39,0,45,0.5098814229249011,0.5089285714285714,0.5111111111111111,0.4644268774703557
P02-A0-PhysioNetMI-SAN-PERM-FULL_TRAIN-MR00-PR048,PhysioNetMI,SAN-PERM,A0-RAW-ACCEPT-ALL,FULL_TRAIN,0,40,0,45,0.37797619047619047,0.3131712832108536,0.4,0.3591269841269842
P02-A0-PhysioNetMI-SAN-PERM-FULL_TRAIN-MR00-PR048,PhysioNetMI,SAN-PERM,A0-RAW-ACCEPT-ALL,FULL_TRAIN,0,47,0,45,0.5,0.3181818181818182,0.4666666666666667,0.5555555555555555
P02-A0-PhysioNetMI-SAN-PERM-FULL_TRAIN-MR00-PR048,PhysioNetMI,SAN-PERM,A0-RAW-ACCEPT-ALL,FULL_TRAIN,0,48,0,45,0.35968379446640314,0.33452320244773076,0.35555555555555557,0.3675889328063241
P02-A0-PhysioNetMI-SAN-PERM-FULL_TRAIN-MR00-PR048,PhysioNetMI,SAN-PERM,A0-RAW-ACCEPT-ALL,FULL_TRAIN,0,57,0,45,0.4732142857142857,0.44976076555023925,0.4888888888888889,0.46031746031746035
P02-A0-PhysioNetMI-SAN-PERM-FULL_TRAIN-MR00-PR048,PhysioNetMI,SAN-PERM,A0-RAW-ACCEPT-ALL,FULL_TRAIN,0,71,0,45,0.3932806324110672,0.33570256971022416,0.4,0.5118577075098815
P02-A0-PhysioNetMI-SAN-PERM-FULL_TRAIN-MR00-PR048,PhysioNetMI,SAN-PERM,A0-RAW-ACCEPT-ALL,FULL_TRAIN,0,93,0,45,0.5405138339920948,0.4833242208857299,0.5333333333333333,0.4723320158102767
P02-A0-PhysioNetMI-SAN-PERM-FULL_TRAIN-MR00-PR048,PhysioNetMI,SAN-PERM,A0-RAW-ACCEPT-ALL,FULL_TRAIN,0,98,0,45,0.5,0.3283582089552239,0.4888888888888889,0.3913043478260869
P02-A0-PhysioNetMI-SAN-PERM-FULL_TRAIN-MR00-PR048,PhysioNetMI,SAN-PERM,A0-RAW-ACCEPT-ALL,FULL_TRAIN,0,107,0,45,0.5773809523809523,0.533410138248848,0.6,0.5099206349206349
P02-A0-PhysioNetMI-SAN-PERM-FULL_TRAIN-MR00-PR049,PhysioNetMI,SAN-PERM,A0-RAW-ACCEPT-ALL,FULL_TRAIN,0,6,0,45,0.6398809523809523,0.64,0.6444444444444445,0.6666666666666666
P02-A0-PhysioNetMI-SAN-PERM-FULL_TRAIN-MR00-PR049,PhysioNetMI,SAN-PERM,A0-RAW-ACCEPT-ALL,FULL_TRAIN,0,27,0,45,0.4031620553359684,0.3891402714932127,0.4,0.4881422924901186
P02-A0-PhysioNetMI-SAN-PERM-FULL_TRAIN-MR00-PR049,PhysioNetMI,SAN-PERM,A0-RAW-ACCEPT-ALL,FULL_TRAIN,0,39,0,45,0.5,0.3283582089552239,0.4888888888888889,0.5335968379446641
P02-A0-PhysioNetMI-SAN-PERM-FULL_TRAIN-MR00-PR049,PhysioNetMI,SAN-PERM,A0-RAW-ACCEPT-ALL,FULL_TRAIN,0,40,0,45,0.5,0.3181818181818182,0.4666666666666667,0.5972222222222222
P02-A0-PhysioNetMI-SAN-PERM-FULL_TRAIN-MR00-PR049,PhysioNetMI,SAN-PERM,A0-RAW-ACCEPT-ALL,FULL_TRAIN,0,47,0,45,0.46130952380952384,0.41558441558441556,0.4444444444444444,0.44047619047619047
P02-A0-PhysioNetMI-SAN-PERM-FULL_TRAIN-MR00-PR049,PhysioNetMI,SAN-PERM,A0-RAW-ACCEPT-ALL,FULL_TRAIN,0,48,0,45,0.5345849802371542,0.5324096981692232,0.5333333333333333,0.5889328063241106
P02-A0-PhysioNetMI-SAN-PERM-FULL_TRAIN-MR00-PR049,PhysioNetMI,SAN-PERM,A0-RAW-ACCEPT-ALL,FULL_TRAIN,0,57,0,45,0.5238095238095238,0.4989878542510121,0.5111111111111111,0.5694444444444444
P02-A0-PhysioNetMI-SAN-PERM-FULL_TRAIN-MR00-PR049,PhysioNetMI,SAN-PERM,A0-RAW-ACCEPT-ALL,FULL_TRAIN,0,71,0,45,0.6877470355731226,0.6875,0.6888888888888889,0.7193675889328064
P02-A0-PhysioNetMI-SAN-PERM-FULL_TRAIN-MR00-PR049,PhysioNetMI,SAN-PERM,A0-RAW-ACCEPT-ALL,FULL_TRAIN,0,93,0,45,0.7055335968379447,0.6889952153110048,0.7111111111111111,0.8972332015810276
P02-A0-PhysioNetMI-SAN-PERM-FULL_TRAIN-MR00-PR049,PhysioNetMI,SAN-PERM,A0-RAW-ACCEPT-ALL,FULL_TRAIN,0,98,0,45,0.5,0.3283582089552239,0.4888888888888889,0.6027667984189724
P02-A0-PhysioNetMI-SAN-PERM-FULL_TRAIN-MR00-PR049,PhysioNetMI,SAN-PERM,A0-RAW-ACCEPT-ALL,FULL_TRAIN,0,107,0,45,0.5238095238095237,0.5181030086690463,0.5333333333333333,0.501984126984127
P02-A0-PhysioNetMI-SAN-PERM-FULL_TRAIN-MR00-PR050,PhysioNetMI,SAN-PERM,A0-RAW-ACCEPT-ALL,FULL_TRAIN,0,6,0,45,0.4166666666666667,0.3076923076923077,0.4444444444444444,0.45634920634920634
P02-A0-PhysioNetMI-SAN-PERM-FULL_TRAIN-MR00-PR050,PhysioNetMI,SAN-PERM,A0-RAW-ACCEPT-ALL,FULL_TRAIN,0,27,0,45,0.5770750988142292,0.5769421078673924,0.5777777777777777,0.5158102766798418
P02-A0-PhysioNetMI-SAN-PERM-FULL_TRAIN-MR00-PR050,PhysioNetMI,SAN-PERM,A0-RAW-ACCEPT-ALL,FULL_TRAIN,0,39,0,45,0.5207509881422925,0.4050480769230769,0.5111111111111111,0.5652173913043478
P02-A0-PhysioNetMI-SAN-PERM-FULL_TRAIN-MR00-PR050,PhysioNetMI,SAN-PERM,A0-RAW-ACCEPT-ALL,FULL_TRAIN,0,40,0,45,0.5773809523809523,0.5150862068965517,0.5555555555555556,0.5277777777777778
P02-A0-PhysioNetMI-SAN-PERM-FULL_TRAIN-MR00-PR050,PhysioNetMI,SAN-PERM,A0-RAW-ACCEPT-ALL,FULL_TRAIN,0,47,0,45,0.5208333333333334,0.3630769230769231,0.4888888888888889,0.5138888888888888
P02-A0-PhysioNetMI-SAN-PERM-FULL_TRAIN-MR00-PR050,PhysioNetMI,SAN-PERM,A0-RAW-ACCEPT-ALL,FULL_TRAIN,0,48,0,45,0.44664031620553357,0.44001991040318567,0.4444444444444444,0.4347826086956521
P02-A0-PhysioNetMI-SAN-PERM-FULL_TRAIN-MR00-PR050,PhysioNetMI,SAN-PERM,A0-RAW-ACCEPT-ALL,FULL_TRAIN,0,57,0,45,0.5089285714285714,0.5089285714285714,0.5111111111111111,0.4781746031746032
P02-A0-PhysioNetMI-SAN-PERM-FULL_TRAIN-MR00-PR050,PhysioNetMI,SAN-PERM,A0-RAW-ACCEPT-ALL,FULL_TRAIN,0,71,0,45,0.5,0.3382352941176471,0.5111111111111111,0.6027667984189724
P02-A0-PhysioNetMI-SAN-PERM-FULL_TRAIN-MR00-PR050,PhysioNetMI,SAN-PERM,A0-RAW-ACCEPT-ALL,FULL_TRAIN,0,93,0,45,0.5158102766798419,0.4907407407407407,0.5111111111111111,0.5276679841897234
P02-A0-PhysioNetMI-SAN-PERM-FULL_TRAIN-MR00-PR050,PhysioNetMI,SAN-PERM,A0-RAW-ACCEPT-ALL,FULL_TRAIN,0,98,0,45,0.5,0.3283582089552239,0.4888888888888889,0.4288537549407115
P02-A0-PhysioNetMI-SAN-PERM-FULL_TRAIN-MR00-PR050,PhysioNetMI,SAN-PERM,A0-RAW-ACCEPT-ALL,FULL_TRAIN,0,107,0,45,0.5,0.34782608695652173,0.5333333333333333,0.45634920634920634
P02-A0-PhysioNetMI-SAN-PERM-FULL_TRAIN-MR00-PR051,PhysioNetMI,SAN-PERM,A0-RAW-ACCEPT-ALL,FULL_TRAIN,0,6,0,45,0.5,0.34782608695652173,0.5333333333333333,0.4404761904761905
P02-A0-PhysioNetMI-SAN-PERM-FULL_TRAIN-MR00-PR051,PhysioNetMI,SAN-PERM,A0-RAW-ACCEPT-ALL,FULL_TRAIN,0,27,0,45,0.5009881422924901,0.375,0.5111111111111111,0.5474308300395256
P02-A0-PhysioNetMI-SAN-PERM-FULL_TRAIN-MR00-PR051,PhysioNetMI,SAN-PERM,A0-RAW-ACCEPT-ALL,FULL_TRAIN,0,39,0,45,0.5,0.3382352941176471,0.5111111111111111,0.5454545454545454
P02-A0-PhysioNetMI-SAN-PERM-FULL_TRAIN-MR00-PR051,PhysioNetMI,SAN-PERM,A0-RAW-ACCEPT-ALL,FULL_TRAIN,0,40,0,45,0.5,0.34782608695652173,0.5333333333333333,0.3948412698412699
P02-A0-PhysioNetMI-SAN-PERM-FULL_TRAIN-MR00-PR051,PhysioNetMI,SAN-PERM,A0-RAW-ACCEPT-ALL,FULL_TRAIN,0,47,0,45,0.5,0.3181818181818182,0.4666666666666667,0.6071428571428571
P02-A0-PhysioNetMI-SAN-PERM-FULL_TRAIN-MR00-PR051,PhysioNetMI,SAN-PERM,A0-RAW-ACCEPT-ALL,FULL_TRAIN,0,48,0,45,0.5,0.3283582089552239,0.4888888888888889,0.38537549407114624
P02-A0-PhysioNetMI-SAN-PERM-FULL_TRAIN-MR00-PR051,PhysioNetMI,SAN-PERM,A0-RAW-ACCEPT-ALL,FULL_TRAIN,0,57,0,45,0.47916666666666663,0.4722080571137175,0.4888888888888889,0.4444444444444444
P02-A0-PhysioNetMI-SAN-PERM-FULL_TRAIN-MR00-PR051,PhysioNetMI,SAN-PERM,A0-RAW-ACCEPT-ALL,FULL_TRAIN,0,71,0,45,0.42984189723320154,0.35,0.4222222222222222,0.42885375494071143
P02-A0-PhysioNetMI-SAN-PERM-FULL_TRAIN-MR00-PR051,PhysioNetMI,SAN-PERM,A0-RAW-ACCEPT-ALL,FULL_TRAIN,0,93,0,45,0.4772727272727273,0.3181818181818182,0.4666666666666667,0.4308300395256917
P02-A0-PhysioNetMI-SAN-PERM-FULL_TRAIN-MR00-PR051,PhysioNetMI,SAN-PERM,A0-RAW-ACCEPT-ALL,FULL_TRAIN,0,98,0,45,0.37648221343873517,0.375,0.37777777777777777,0.40118577075098816
P02-A0-PhysioNetMI-SAN-PERM-FULL_TRAIN-MR00-PR051,PhysioNetMI,SAN-PERM,A0-RAW-ACCEPT-ALL,FULL_TRAIN,0,107,0,45,0.5863095238095237,0.5745798319327731,0.6,0.5575396825396826
P02-A0-PhysioNetMI-SAN-PERM-FULL_TRAIN-MR00-PR052,PhysioNetMI,SAN-PERM,A0-RAW-ACCEPT-ALL,FULL_TRAIN,0,6,0,45,0.4583333333333333,0.3283582089552239,0.4888888888888889,0.3333333333333333
P02-A0-PhysioNetMI-SAN-PERM-FULL_TRAIN-MR00-PR052,PhysioNetMI,SAN-PERM,A0-RAW-ACCEPT-ALL,FULL_TRAIN,0,27,0,45,0.48023715415019763,0.3915343915343915,0.4888888888888889,0.450592885375494
P02-A0-PhysioNetMI-SAN-PERM-FULL_TRAIN-MR00-PR052,PhysioNetMI,SAN-PERM,A0-RAW-ACCEPT-ALL,FULL_TRAIN,0,39,0,45,0.5,0.3382352941176471,0.5111111111111111,0.5770750988142292
P02-A0-PhysioNetMI-SAN-PERM-FULL_TRAIN-MR00-PR052,PhysioNetMI,SAN-PERM,A0-RAW-ACCEPT-ALL,FULL_TRAIN,0,40,0,45,0.5,0.3181818181818182,0.4666666666666667,0.5535714285714286
P02-A0-PhysioNetMI-SAN-PERM-FULL_TRAIN-MR00-PR052,PhysioNetMI,SAN-PERM,A0-RAW-ACCEPT-ALL,FULL_TRAIN,0,47,0,45,0.5,0.3181818181818182,0.4666666666666667,0.5714285714285714
P02-A0-PhysioNetMI-SAN-PERM-FULL_TRAIN-MR00-PR052,PhysioNetMI,SAN-PERM,A0-RAW-ACCEPT-ALL,FULL_TRAIN,0,48,0,45,0.5,0.3283582089552239,0.4888888888888889,0.48814229249011853
P02-A0-PhysioNetMI-SAN-PERM-FULL_TRAIN-MR00-PR052,PhysioNetMI,SAN-PERM,A0-RAW-ACCEPT-ALL,FULL_TRAIN,0,57,0,45,0.49404761904761907,0.4665948275862069,0.5111111111111111,0.498015873015873
P02-A0-PhysioNetMI-SAN-PERM-FULL_TRAIN-MR00-PR052,PhysioNetMI,SAN-PERM,A0-RAW-ACCEPT-ALL,FULL_TRAIN,0,71,0,45,0.5059288537549407,0.48004201680672265,0.5111111111111111,0.5849802371541502
P02-A0-PhysioNetMI-SAN-PERM-FULL_TRAIN-MR00-PR052,PhysioNetMI,SAN-PERM,A0-RAW-ACCEPT-ALL,FULL_TRAIN,0,93,0,45,0.4762845849802371,0.35096153846153844,0.4666666666666667,0.5138339920948617
P02-A0-PhysioNetMI-SAN-PERM-FULL_TRAIN-MR00-PR052,PhysioNetMI,SAN-PERM,A0-RAW-ACCEPT-ALL,FULL_TRAIN,0,98,0,45,0.4535573122529644,0.3386243386243386,0.4444444444444444,0.5711462450592886
P02-A0-PhysioNetMI-SAN-PERM-FULL_TRAIN-MR00-PR052,PhysioNetMI,SAN-PERM,A0-RAW-ACCEPT-ALL,FULL_TRAIN,0,107,0,45,0.5535714285714286,0.4973544973544973,0.5777777777777777,0.5119047619047619
P02-A0-PhysioNetMI-SAN-PERM-FULL_TRAIN-MR00-PR053,PhysioNetMI,SAN-PERM,A0-RAW-ACCEPT-ALL,FULL_TRAIN,0,6,0,45,0.5208333333333334,0.3630769230769231,0.4888888888888889,0.5496031746031745
P02-A0-PhysioNetMI-SAN-PERM-FULL_TRAIN-MR00-PR053,PhysioNetMI,SAN-PERM,A0-RAW-ACCEPT-ALL,FULL_TRAIN,0,27,0,45,0.46640316205533594,0.46640316205533594,0.4666666666666667,0.5197628458498024
P02-A0-PhysioNetMI-SAN-PERM-FULL_TRAIN-MR00-PR053,PhysioNetMI,SAN-PERM,A0-RAW-ACCEPT-ALL,FULL_TRAIN,0,39,0,45,0.5,0.3382352941176471,0.5111111111111111,0.6403162055335969
P02-A0-PhysioNetMI-SAN-PERM-FULL_TRAIN-MR00-PR053,PhysioNetMI,SAN-PERM,A0-RAW-ACCEPT-ALL,FULL_TRAIN,0,40,0,45,0.5327380952380952,0.4665948275862069,0.5111111111111111,0.5337301587301587
P02-A0-PhysioNetMI-SAN-PERM-FULL_TRAIN-MR00-PR053,PhysioNetMI,SAN-PERM,A0-RAW-ACCEPT-ALL,FULL_TRAIN,0,47,0,45,0.5952380952380952,0.5558441558441558,0.5777777777777777,0.5674603174603174
P02-A0-PhysioNetMI-SAN-PERM-FULL_TRAIN-MR00-PR053,PhysioNetMI,SAN-PERM,A0-RAW-ACCEPT-ALL,FULL_TRAIN,0,48,0,45,0.5217391304347826,0.375,0.5111111111111111,0.5533596837944664
P02-A0-PhysioNetMI-SAN-PERM-FULL_TRAIN-MR00-PR053,PhysioNetMI,SAN-PERM,A0-RAW-ACCEPT-ALL,FULL_TRAIN,0,57,0,45,0.47023809523809523,0.3640474844544941,0.4444444444444444,0.5337301587301587
P02-A0-PhysioNetMI-SAN-PERM-FULL_TRAIN-MR00-PR053,PhysioNetMI,SAN-PERM,A0-RAW-ACCEPT-ALL,FULL_TRAIN,0,71,0,45,0.5177865612648221,0.4665948275862069,0.5111111111111111,0.5553359683794467
P02-A0-PhysioNetMI-SAN-PERM-FULL_TRAIN-MR00-PR053,PhysioNetMI,SAN-PERM,A0-RAW-ACCEPT-ALL,FULL_TRAIN,0,93,0,45,0.424901185770751,0.415,0.4222222222222222,0.5237154150197628
P02-A0-PhysioNetMI-SAN-PERM-FULL_TRAIN-MR00-PR053,PhysioNetMI,SAN-PERM,A0-RAW-ACCEPT-ALL,FULL_TRAIN,0,98,0,45,0.5296442687747036,0.5181030086690463,0.5333333333333333,0.5790513833992095
P02-A0-PhysioNetMI-SAN-PERM-FULL_TRAIN-MR00-PR053,PhysioNetMI,SAN-PERM,A0-RAW-ACCEPT-ALL,FULL_TRAIN,0,107,0,45,0.48809523809523814,0.42972350230414746,0.5111111111111111,0.3888888888888889
P02-A0-PhysioNetMI-SAN-PERM-FULL_TRAIN-MR00-PR054,PhysioNetMI,SAN-PERM,A0-RAW-ACCEPT-ALL,FULL_TRAIN,0,6,0,45,0.5,0.3181818181818182,0.4666666666666667,0.5277777777777778
P02-A0-PhysioNetMI-SAN-PERM-FULL_TRAIN-MR00-PR054,PhysioNetMI,SAN-PERM,A0-RAW-ACCEPT-ALL,FULL_TRAIN,0,27,0,45,0.4140316205533597,0.326036866359447,0.4222222222222222,0.4268774703557312
P02-A0-PhysioNetMI-SAN-PERM-FULL_TRAIN-MR00-PR054,PhysioNetMI,SAN-PERM,A0-RAW-ACCEPT-ALL,FULL_TRAIN,0,39,0,45,0.5,0.3382352941176471,0.5111111111111111,0.4881422924901186
P02-A0-PhysioNetMI-SAN-PERM-FULL_TRAIN-MR00-PR054,PhysioNetMI,SAN-PERM,A0-RAW-ACCEPT-ALL,FULL_TRAIN,0,40,0,45,0.5148809523809523,0.41492368569813454,0.4888888888888889,0.4087301587301587
P02-A0-PhysioNetMI-SAN-PERM-FULL_TRAIN-MR00-PR054,PhysioNetMI,SAN-PERM,A0-RAW-ACCEPT-ALL,FULL_TRAIN,0,47,0,45,0.4970238095238095,0.35096153846153844,0.4666666666666667,0.623015873015873
P02-A0-PhysioNetMI-SAN-PERM-FULL_TRAIN-MR00-PR054,PhysioNetMI,SAN-PERM,A0-RAW-ACCEPT-ALL,FULL_TRAIN,0,48,0,45,0.5,0.3283582089552239,0.4888888888888889,0.4920948616600791
P02-A0-PhysioNetMI-SAN-PERM-FULL_TRAIN-MR00-PR054,PhysioNetMI,SAN-PERM,A0-RAW-ACCEPT-ALL,FULL_TRAIN,0,57,0,45,0.4821428571428571,0.375,0.5111111111111111,0.47817460317460314
P02-A0-PhysioNetMI-SAN-PERM-FULL_TRAIN-MR00-PR054,PhysioNetMI,SAN-PERM,A0-RAW-ACCEPT-ALL,FULL_TRAIN,0,71,0,45,0.5355731225296443,0.5296167247386759,0.5333333333333333,0.4644268774703557
P02-A0-PhysioNetMI-SAN-PERM-FULL_TRAIN-MR00-PR054,PhysioNetMI,SAN-PERM,A0-RAW-ACCEPT-ALL,FULL_TRAIN,0,93,0,45,0.43873517786561267,0.4019138755980861,0.4444444444444444,0.40711462450592883
P02-A0-PhysioNetMI-SAN-PERM-FULL_TRAIN-MR00-PR054,PhysioNetMI,SAN-PERM,A0-RAW-ACCEPT-ALL,FULL_TRAIN,0,98,0,45,0.47529644268774707,0.37788018433179726,0.4666666666666667,0.5118577075098815
P02-A0-PhysioNetMI-SAN-PERM-FULL_TRAIN-MR00-PR054,PhysioNetMI,SAN-PERM,A0-RAW-ACCEPT-ALL,FULL_TRAIN,0,107,0,45,0.43154761904761907,0.41558441558441556,0.4444444444444444,0.35912698412698413
P02-A0-PhysioNetMI-SAN-PERM-FULL_TRAIN-MR00-PR055,PhysioNetMI,SAN-PERM,A0-RAW-ACCEPT-ALL,FULL_TRAIN,0,6,0,45,0.5,0.3181818181818182,0.4666666666666667,0.513888888888889
P02-A0-PhysioNetMI-SAN-PERM-FULL_TRAIN-MR00-PR055,PhysioNetMI,SAN-PERM,A0-RAW-ACCEPT-ALL,FULL_TRAIN,0,27,0,45,0.49604743083003955,0.434117003827228,0.4888888888888889,0.3932806324110672
P02-A0-PhysioNetMI-SAN-PERM-FULL_TRAIN-MR00-PR055,PhysioNetMI,SAN-PERM,A0-RAW-ACCEPT-ALL,FULL_TRAIN,0,39,0,45,0.4624505928853755,0.4444444444444444,0.4666666666666667,0.4189723320158103
P02-A0-PhysioNetMI-SAN-PERM-FULL_TRAIN-MR00-PR055,PhysioNetMI,SAN-PERM,A0-RAW-ACCEPT-ALL,FULL_TRAIN,0,40,0,45,0.375,0.375,0.37777777777777777,0.36111111111111116
P02-A0-PhysioNetMI-SAN-PERM-FULL_TRAIN-MR00-PR055,PhysioNetMI,SAN-PERM,A0-RAW-ACCEPT-ALL,FULL_TRAIN,0,47,0,45,0.5,0.34782608695652173,0.5333333333333333,0.4087301587301587
P02-A0-PhysioNetMI-SAN-PERM-FULL_TRAIN-MR00-PR055,PhysioNetMI,SAN-PERM,A0-RAW-ACCEPT-ALL,FULL_TRAIN,0,48,0,45,0.43478260869565216,0.3076923076923077,0.4444444444444444,0.40118577075098816
P02-A0-PhysioNetMI-SAN-PERM-FULL_TRAIN-MR00-PR055,PhysioNetMI,SAN-PERM,A0-RAW-ACCEPT-ALL,FULL_TRAIN,0,57,0,45,0.5267857142857143,0.4907407407407407,0.5111111111111111,0.4900793650793651
P02-A0-PhysioNetMI-SAN-PERM-FULL_TRAIN-MR00-PR055,PhysioNetMI,SAN-PERM,A0-RAW-ACCEPT-ALL,FULL_TRAIN,0,71,0,45,0.5543478260869565,0.5535714285714286,0.5555555555555556,0.575098814229249
P02-A0-PhysioNetMI-SAN-PERM-FULL_TRAIN-MR00-PR055,PhysioNetMI,SAN-PERM,A0-RAW-ACCEPT-ALL,FULL_TRAIN,0,93,0,45,0.3725296442687747,0.3382352941176471,0.37777777777777777,0.2786561264822135
P02-A0-PhysioNetMI-SAN-PERM-FULL_TRAIN-MR00-PR055,PhysioNetMI,SAN-PERM,A0-RAW-ACCEPT-ALL,FULL_TRAIN,0,98,0,45,0.42391304347826086,0.4196428571428571,0.4222222222222222,0.37351778656126483
P02-A0-PhysioNetMI-SAN-PERM-FULL_TRAIN-MR00-PR055,PhysioNetMI,SAN-PERM,A0-RAW-ACCEPT-ALL,FULL_TRAIN,0,107,0,45,0.5654761904761905,0.55,0.5555555555555556,0.5257936507936507
P02-A0-PhysioNetMI-SAN-PERM-FULL_TRAIN-MR00-PR056,PhysioNetMI,SAN-PERM,A0-RAW-ACCEPT-ALL,FULL_TRAIN,0,6,0,45,0.4642857142857143,0.4642857142857143,0.4666666666666667,0.46230158730158727
P02-A0-PhysioNetMI-SAN-PERM-FULL_TRAIN-MR00-PR056,PhysioNetMI,SAN-PERM,A0-RAW-ACCEPT-ALL,FULL_TRAIN,0,27,0,45,0.4772727272727273,0.3181818181818182,0.4666666666666667,0.42885375494071143
P02-A0-PhysioNetMI-SAN-PERM-FULL_TRAIN-MR00-PR056,PhysioNetMI,SAN-PERM,A0-RAW-ACCEPT-ALL,FULL_TRAIN,0,39,0,45,0.5,0.3382352941176471,0.5111111111111111,0.4407114624505929
P02-A0-PhysioNetMI-SAN-PERM-FULL_TRAIN-MR00-PR056,PhysioNetMI,SAN-PERM,A0-RAW-ACCEPT-ALL,FULL_TRAIN,0,40,0,45,0.5,0.3181818181818182,0.4666666666666667,0.4484126984126984
P02-A0-PhysioNetMI-SAN-PERM-FULL_TRAIN-MR00-PR056,PhysioNetMI,SAN-PERM,A0-RAW-ACCEPT-ALL,FULL_TRAIN,0,47,0,45,0.5297619047619048,0.48004201680672265,0.5111111111111111,0.4642857142857143
P02-A0-PhysioNetMI-SAN-PERM-FULL_TRAIN-MR00-PR056,PhysioNetMI,SAN-PERM,A0-RAW-ACCEPT-ALL,FULL_TRAIN,0,48,0,45,0.5,0.3382352941176471,0.5111111111111111,0.5731225296442688
P02-A0-PhysioNetMI-SAN-PERM-FULL_TRAIN-MR00-PR056,PhysioNetMI,SAN-PERM,A0-RAW-ACCEPT-ALL,FULL_TRAIN,0,57,0,45,0.5,0.4796380090497738,0.4888888888888889,0.5456349206349206
P02-A0-PhysioNetMI-SAN-PERM-FULL_TRAIN-MR00-PR056,PhysioNetMI,SAN-PERM,A0-RAW-ACCEPT-ALL,FULL_TRAIN,0,71,0,45,0.49604743083003955,0.434117003827228,0.4888888888888889,0.533596837944664
P02-A0-PhysioNetMI-SAN-PERM-FULL_TRAIN-MR00-PR056,PhysioNetMI,SAN-PERM,A0-RAW-ACCEPT-ALL,FULL_TRAIN,0,93,0,45,0.5,0.3382352941176471,0.5111111111111111,0.5948616600790514
P02-A0-PhysioNetMI-SAN-PERM-FULL_TRAIN-MR00-PR056,PhysioNetMI,SAN-PERM,A0-RAW-ACCEPT-ALL,FULL_TRAIN,0,98,0,45,0.5691699604743083,0.4973544973544973,0.5777777777777777,0.5948616600790514
P02-A0-PhysioNetMI-SAN-PERM-FULL_TRAIN-MR00-PR056,PhysioNetMI,SAN-PERM,A0-RAW-ACCEPT-ALL,FULL_TRAIN,0,107,0,45,0.5297619047619048,0.5296167247386759,0.5333333333333333,0.6468253968253969
P02-A0-PhysioNetMI-SAN-PERM-FULL_TRAIN-MR00-PR057,PhysioNetMI,SAN-PERM,A0-RAW-ACCEPT-ALL,FULL_TRAIN,0,6,0,45,0.5,0.3181818181818182,0.4666666666666667,0.5357142857142858
P02-A0-PhysioNetMI-SAN-PERM-FULL_TRAIN-MR00-PR057,PhysioNetMI,SAN-PERM,A0-RAW-ACCEPT-ALL,FULL_TRAIN,0,27,0,45,0.5079051383399209,0.4989878542510121,0.5111111111111111,0.5098814229249012
P02-A0-PhysioNetMI-SAN-PERM-FULL_TRAIN-MR00-PR057,PhysioNetMI,SAN-PERM,A0-RAW-ACCEPT-ALL,FULL_TRAIN,0,39,0,45,0.5,0.3382352941176471,0.5111111111111111,0.5355731225296443
P02-A0-PhysioNetMI-SAN-PERM-FULL_TRAIN-MR00-PR057,PhysioNetMI,SAN-PERM,A0-RAW-ACCEPT-ALL,FULL_TRAIN,0,40,0,45,0.5,0.3181818181818182,0.4666666666666667,0.47420634920634924
P02-A0-PhysioNetMI-SAN-PERM-FULL_TRAIN-MR00-PR057,PhysioNetMI,SAN-PERM,A0-RAW-ACCEPT-ALL,FULL_TRAIN,0,47,0,45,0.41666666666666663,0.3688311688311688,0.4,0.4821428571428571
P02-A0-PhysioNetMI-SAN-PERM-FULL_TRAIN-MR00-PR057,PhysioNetMI,SAN-PERM,A0-RAW-ACCEPT-ALL,FULL_TRAIN,0,48,0,45,0.47529644268774707,0.37788018433179726,0.4666666666666667,0.42292490118577075
P02-A0-PhysioNetMI-SAN-PERM-FULL_TRAIN-MR00-PR057,PhysioNetMI,SAN-PERM,A0-RAW-ACCEPT-ALL,FULL_TRAIN,0,57,0,45,0.5119047619047619,0.5108695652173914,0.5111111111111111,0.503968253968254
P02-A0-PhysioNetMI-SAN-PERM-FULL_TRAIN-MR00-PR057,PhysioNetMI,SAN-PERM,A0-RAW-ACCEPT-ALL,FULL_TRAIN,0,71,0,45,0.4851778656126482,0.4722080571137175,0.4888888888888889,0.4031620553359684
P02-A0-PhysioNetMI-SAN-PERM-FULL_TRAIN-MR00-PR057,PhysioNetMI,SAN-PERM,A0-RAW-ACCEPT-ALL,FULL_TRAIN,0,93,0,45,0.3695652173913043,0.27419354838709675,0.37777777777777777,0.20948616600790512
P02-A0-PhysioNetMI-SAN-PERM-FULL_TRAIN-MR00-PR057,PhysioNetMI,SAN-PERM,A0-RAW-ACCEPT-ALL,FULL_TRAIN,0,98,0,45,0.4990118577075099,0.3630769230769231,0.4888888888888889,0.37351778656126483
P02-A0-PhysioNetMI-SAN-PERM-FULL_TRAIN-MR00-PR057,PhysioNetMI,SAN-PERM,A0-RAW-ACCEPT-ALL,FULL_TRAIN,0,107,0,45,0.5178571428571428,0.49760765550239233,0.5333333333333333,0.4801587301587301
P02-A0-PhysioNetMI-SAN-PERM-FULL_TRAIN-MR00-PR058,PhysioNetMI,SAN-PERM,A0-RAW-ACCEPT-ALL,FULL_TRAIN,0,6,0,45,0.5,0.34782608695652173,0.5333333333333333,0.49404761904761907
P02-A0-PhysioNetMI-SAN-PERM-FULL_TRAIN-MR00-PR058,PhysioNetMI,SAN-PERM,A0-RAW-ACCEPT-ALL,FULL_TRAIN,0,27,0,45,0.3616600790513834,0.3062200956937799,0.35555555555555557,0.4347826086956521
P02-A0-PhysioNetMI-SAN-PERM-FULL_TRAIN-MR00-PR058,PhysioNetMI,SAN-PERM,A0-RAW-ACCEPT-ALL,FULL_TRAIN,0,39,0,45,0.5978260869565217,0.595,0.6,0.5790513833992095
P02-A0-PhysioNetMI-SAN-PERM-FULL_TRAIN-MR00-PR058,PhysioNetMI,SAN-PERM,A0-RAW-ACCEPT-ALL,FULL_TRAIN,0,40,0,45,0.5,0.34782608695652173,0.5333333333333333,0.4325396825396825
P02-A0-PhysioNetMI-SAN-PERM-FULL_TRAIN-MR00-PR058,PhysioNetMI,SAN-PERM,A0-RAW-ACCEPT-ALL,FULL_TRAIN,0,47,0,45,0.5982142857142857,0.5454545454545454,0.5777777777777777,0.5515873015873015
P02-A0-PhysioNetMI-SAN-PERM-FULL_TRAIN-MR00-PR058,PhysioNetMI,SAN-PERM,A0-RAW-ACCEPT-ALL,FULL_TRAIN,0,48,0,45,0.5,0.3283582089552239,0.4888888888888889,0.6086956521739131
P02-A0-PhysioNetMI-SAN-PERM-FULL_TRAIN-MR00-PR058,PhysioNetMI,SAN-PERM,A0-RAW-ACCEPT-ALL,FULL_TRAIN,0,57,0,45,0.5,0.4907407407407407,0.5111111111111111,0.5694444444444444
P02-A0-PhysioNetMI-SAN-PERM-FULL_TRAIN-MR00-PR058,PhysioNetMI,SAN-PERM,A0-RAW-ACCEPT-ALL,FULL_TRAIN,0,71,0,45,0.441699604743083,0.4343891402714932,0.4444444444444444,0.49604743083003955
P02-A0-PhysioNetMI-SAN-PERM-FULL_TRAIN-MR00-PR058,PhysioNetMI,SAN-PERM,A0-RAW-ACCEPT-ALL,FULL_TRAIN,0,93,0,45,0.5839920948616601,0.5454545454545454,0.5777777777777777,0.5770750988142292
P02-A0-PhysioNetMI-SAN-PERM-FULL_TRAIN-MR00-PR058,PhysioNetMI,SAN-PERM,A0-RAW-ACCEPT-ALL,FULL_TRAIN,0,98,0,45,0.5039525691699605,0.44999999999999996,0.5111111111111111,0.5494071146245059
P02-A0-PhysioNetMI-SAN-PERM-FULL_TRAIN-MR00-PR058,PhysioNetMI,SAN-PERM,A0-RAW-ACCEPT-ALL,FULL_TRAIN,0,107,0,45,0.47916666666666663,0.4722080571137175,0.4888888888888889,0.48015873015873023
P02-A0-PhysioNetMI-SAN-PERM-FULL_TRAIN-MR00-PR059,PhysioNetMI,SAN-PERM,A0-RAW-ACCEPT-ALL,FULL_TRAIN,0,6,0,45,0.5565476190476191,0.5166760881854155,0.5777777777777777,0.47817460317460325
P02-A0-PhysioNetMI-SAN-PERM-FULL_TRAIN-MR00-PR059,PhysioNetMI,SAN-PERM,A0-RAW-ACCEPT-ALL,FULL_TRAIN,0,27,0,45,0.441699604743083,0.4343891402714932,0.4444444444444444,0.35177865612648224
P02-A0-PhysioNetMI-SAN-PERM-FULL_TRAIN-MR00-PR059,PhysioNetMI,SAN-PERM,A0-RAW-ACCEPT-ALL,FULL_TRAIN,0,39,0,45,0.4782608695652174,0.3283582089552239,0.4888888888888889,0.5652173913043479
P02-A0-PhysioNetMI-SAN-PERM-FULL_TRAIN-MR00-PR059,PhysioNetMI,SAN-PERM,A0-RAW-ACCEPT-ALL,FULL_TRAIN,0,40,0,45,0.47916666666666663,0.45344129554655865,0.4666666666666667,0.513888888888889
P02-A0-PhysioNetMI-SAN-PERM-FULL_TRAIN-MR00-PR059,PhysioNetMI,SAN-PERM,A0-RAW-ACCEPT-ALL,FULL_TRAIN,0,47,0,45,0.5,0.3181818181818182,0.4666666666666667,0.4365079365079365
P02-A0-PhysioNetMI-SAN-PERM-FULL_TRAIN-MR00-PR059,PhysioNetMI,SAN-PERM,A0-RAW-ACCEPT-ALL,FULL_TRAIN,0,48,0,45,0.5,0.3283582089552239,0.4888888888888889,0.5158102766798419
P02-A0-PhysioNetMI-SAN-PERM-FULL_TRAIN-MR00-PR059,PhysioNetMI,SAN-PERM,A0-RAW-ACCEPT-ALL,FULL_TRAIN,0,57,0,45,0.5089285714285714,0.4444444444444444,0.5333333333333333,0.501984126984127
P02-A0-PhysioNetMI-SAN-PERM-FULL_TRAIN-MR00-PR059,PhysioNetMI,SAN-PERM,A0-RAW-ACCEPT-ALL,FULL_TRAIN,0,71,0,45,0.4061264822134387,0.354066985645933,0.4,0.44466403162055335
P02-A0-PhysioNetMI-SAN-PERM-FULL_TRAIN-MR00-PR059,PhysioNetMI,SAN-PERM,A0-RAW-ACCEPT-ALL,FULL_TRAIN,0,93,0,45,0.4871541501976284,0.48481831757093086,0.4888888888888889,0.4525691699604743
P02-A0-PhysioNetMI-SAN-PERM-FULL_TRAIN-MR00-PR059,PhysioNetMI,SAN-PERM,A0-RAW-ACCEPT-ALL,FULL_TRAIN,0,98,0,45,0.5533596837944664,0.55,0.5555555555555556,0.5217391304347826
P02-A0-PhysioNetMI-SAN-PERM-FULL_TRAIN-MR00-PR059,PhysioNetMI,SAN-PERM,A0-RAW-ACCEPT-ALL,FULL_TRAIN,0,107,0,45,0.5,0.34782608695652173,0.5333333333333333,0.503968253968254
P02-A0-PhysioNetMI-SAN-PERM-FULL_TRAIN-MR00-PR060,PhysioNetMI,SAN-PERM,A0-RAW-ACCEPT-ALL,FULL_TRAIN,0,6,0,45,0.5,0.3181818181818182,0.4666666666666667,0.5813492063492063
P02-A0-PhysioNetMI-SAN-PERM-FULL_TRAIN-MR00-PR060,PhysioNetMI,SAN-PERM,A0-RAW-ACCEPT-ALL,FULL_TRAIN,0,27,0,45,0.34782608695652173,0.26229508196721313,0.35555555555555557,0.40118577075098816
P02-A0-PhysioNetMI-SAN-PERM-FULL_TRAIN-MR00-PR060,PhysioNetMI,SAN-PERM,A0-RAW-ACCEPT-ALL,FULL_TRAIN,0,39,0,45,0.45849802371541504,0.37788018433179726,0.4666666666666667,0.4841897233201581
P02-A0-PhysioNetMI-SAN-PERM-FULL_TRAIN-MR00-PR060,PhysioNetMI,SAN-PERM,A0-RAW-ACCEPT-ALL,FULL_TRAIN,0,40,0,45,0.4880952380952381,0.48787728847105394,0.4888888888888889,0.5119047619047619
P02-A0-PhysioNetMI-SAN-PERM-FULL_TRAIN-MR00-PR060,PhysioNetMI,SAN-PERM,A0-RAW-ACCEPT-ALL,FULL_TRAIN,0,47,0,45,0.5416666666666666,0.5273109243697479,0.5555555555555556,0.5376984126984127
P02-A0-PhysioNetMI-SAN-PERM-FULL_TRAIN-MR00-PR060,PhysioNetMI,SAN-PERM,A0-RAW-ACCEPT-ALL,FULL_TRAIN,0,48,0,45,0.5,0.3283582089552239,0.4888888888888889,0.5691699604743082
P02-A0-PhysioNetMI-SAN-PERM-FULL_TRAIN-MR00-PR060,PhysioNetMI,SAN-PERM,A0-RAW-ACCEPT-ALL,FULL_TRAIN,0,57,0,45,0.48511904761904756,0.48481831757093086,0.4888888888888889,0.4484126984126984
P02-A0-PhysioNetMI-SAN-PERM-FULL_TRAIN-MR00-PR060,PhysioNetMI,SAN-PERM,A0-RAW-ACCEPT-ALL,FULL_TRAIN,0,71,0,45,0.5197628458498024,0.42972350230414746,0.5111111111111111,0.6640316205533597
P02-A0-PhysioNetMI-SAN-PERM-FULL_TRAIN-MR00-PR060,PhysioNetMI,SAN-PERM,A0-RAW-ACCEPT-ALL,FULL_TRAIN,0,93,0,45,0.4762845849802371,0.35096153846153844,0.4666666666666667,0.40118577075098816
P02-A0-PhysioNetMI-SAN-PERM-FULL_TRAIN-MR00-PR060,PhysioNetMI,SAN-PERM,A0-RAW-ACCEPT-ALL,FULL_TRAIN,0,98,0,45,0.4772727272727273,0.3181818181818182,0.4666666666666667,0.4841897233201581
P02-A0-PhysioNetMI-SAN-PERM-FULL_TRAIN-MR00-PR060,PhysioNetMI,SAN-PERM,A0-RAW-ACCEPT-ALL,FULL_TRAIN,0,107,0,45,0.5565476190476191,0.5166760881854155,0.5777777777777777,0.498015873015873
P02-A0-PhysioNetMI-SAN-PERM-FULL_TRAIN-MR00-PR061,PhysioNetMI,SAN-PERM,A0-RAW-ACCEPT-ALL,FULL_TRAIN,0,6,0,45,0.5,0.34782608695652173,0.5333333333333333,0.47619047619047616
P02-A0-PhysioNetMI-SAN-PERM-FULL_TRAIN-MR00-PR061,PhysioNetMI,SAN-PERM,A0-RAW-ACCEPT-ALL,FULL_TRAIN,0,27,0,45,0.48320158102766797,0.44976076555023925,0.4888888888888889,0.4762845849802371
P02-A0-PhysioNetMI-SAN-PERM-FULL_TRAIN-MR00-PR061,PhysioNetMI,SAN-PERM,A0-RAW-ACCEPT-ALL,FULL_TRAIN,0,39,0,45,0.5247035573122529,0.4444444444444444,0.5333333333333333,0.4822134387351779
P02-A0-PhysioNetMI-SAN-PERM-FULL_TRAIN-MR00-PR061,PhysioNetMI,SAN-PERM,A0-RAW-ACCEPT-ALL,FULL_TRAIN,0,40,0,45,0.44345238095238093,0.44334487877288475,0.4444444444444444,0.44841269841269843
P02-A0-PhysioNetMI-SAN-PERM-FULL_TRAIN-MR00-PR061,PhysioNetMI,SAN-PERM,A0-RAW-ACCEPT-ALL,FULL_TRAIN,0,47,0,45,0.42857142857142855,0.4019138755980861,0.4444444444444444,0.369047619047619
P02-A0-PhysioNetMI-SAN-PERM-FULL_TRAIN-MR00-PR061,PhysioNetMI,SAN-PERM,A0-RAW-ACCEPT-ALL,FULL_TRAIN,0,48,0,45,0.5009881422924901,0.375,0.5111111111111111,0.4940711462450593
P02-A0-PhysioNetMI-SAN-PERM-FULL_TRAIN-MR00-PR061,PhysioNetMI,SAN-PERM,A0-RAW-ACCEPT-ALL,FULL_TRAIN,0,57,0,45,0.5386904761904762,0.5324096981692232,0.5333333333333333,0.5615079365079365
P02-A0-PhysioNetMI-SAN-PERM-FULL_TRAIN-MR00-PR061,PhysioNetMI,SAN-PERM,A0-RAW-ACCEPT-ALL,FULL_TRAIN,0,71,0,45,0.5780632411067194,0.5777777777777777,0.5777777777777777,0.5671936758893281
P02-A0-PhysioNetMI-SAN-PERM-FULL_TRAIN-MR00-PR061,PhysioNetMI,SAN-PERM,A0-RAW-ACCEPT-ALL,FULL_TRAIN,0,93,0,45,0.5533596837944664,0.55,0.5555555555555556,0.5494071146245059
P02-A0-PhysioNetMI-SAN-PERM-FULL_TRAIN-MR00-PR061,PhysioNetMI,SAN-PERM,A0-RAW-ACCEPT-ALL,FULL_TRAIN,0,98,0,45,0.5,0.3382352941176471,0.5111111111111111,0.5573122529644269
P02-A0-PhysioNetMI-SAN-PERM-FULL_TRAIN-MR00-PR061,PhysioNetMI,SAN-PERM,A0-RAW-ACCEPT-ALL,FULL_TRAIN,0,107,0,45,0.4851190476190476,0.4050480769230769,0.5111111111111111,0.48611111111111116
P02-A0-PhysioNetMI-SAN-PERM-FULL_TRAIN-MR00-PR062,PhysioNetMI,SAN-PERM,A0-RAW-ACCEPT-ALL,FULL_TRAIN,0,6,0,45,0.5,0.4796380090497738,0.4888888888888889,0.5059523809523809
P02-A0-PhysioNetMI-SAN-PERM-FULL_TRAIN-MR00-PR062,PhysioNetMI,SAN-PERM,A0-RAW-ACCEPT-ALL,FULL_TRAIN,0,27,0,45,0.5049407114624506,0.4665948275862069,0.5111111111111111,0.5118577075098815
P02-A0-PhysioNetMI-SAN-PERM-FULL_TRAIN-MR00-PR062,PhysioNetMI,SAN-PERM,A0-RAW-ACCEPT-ALL,FULL_TRAIN,0,39,0,45,0.5830039525691699,0.5558441558441558,0.5777777777777777,0.5355731225296443
P02-A0-PhysioNetMI-SAN-PERM-FULL_TRAIN-MR00-PR062,PhysioNetMI,SAN-PERM,A0-RAW-ACCEPT-ALL,FULL_TRAIN,0,40,0,45,0.4375,0.39814814814814814,0.4222222222222222,0.3670634920634921
P02-A0-PhysioNetMI-SAN-PERM-FULL_TRAIN-MR00-PR062,PhysioNetMI,SAN-PERM,A0-RAW-ACCEPT-ALL,FULL_TRAIN,0,47,0,45,0.46130952380952384,0.3630769230769231,0.4888888888888889,0.4246031746031746
P02-A0-PhysioNetMI-SAN-PERM-FULL_TRAIN-MR00-PR062,PhysioNetMI,SAN-PERM,A0-RAW-ACCEPT-ALL,FULL_TRAIN,0,48,0,45,0.5,0.3382352941176471,0.5111111111111111,0.5968379446640315
P02-A0-PhysioNetMI-SAN-PERM-FULL_TRAIN-MR00-PR062,PhysioNetMI,SAN-PERM,A0-RAW-ACCEPT-ALL,FULL_TRAIN,0,57,0,45,0.5029761904761905,0.4722080571137175,0.4888888888888889,0.5376984126984127
P02-A0-PhysioNetMI-SAN-PERM-FULL_TRAIN-MR00-PR062,PhysioNetMI,SAN-PERM,A0-RAW-ACCEPT-ALL,FULL_TRAIN,0,71,0,45,0.4762845849802371,0.35096153846153844,0.4666666666666667,0.549407114624506
P02-A0-PhysioNetMI-SAN-PERM-FULL_TRAIN-MR00-PR062,PhysioNetMI,SAN-PERM,A0-RAW-ACCEPT-ALL,FULL_TRAIN,0,93,0,45,0.5,0.3382352941176471,0.5111111111111111,0.41897233201581024
P02-A0-PhysioNetMI-SAN-PERM-FULL_TRAIN-MR00-PR062,PhysioNetMI,SAN-PERM,A0-RAW-ACCEPT-ALL,FULL_TRAIN,0,98,0,45,0.5,0.3382352941176471,0.5111111111111111,0.4347826086956522
P02-A0-PhysioNetMI-SAN-PERM-FULL_TRAIN-MR00-PR062,PhysioNetMI,SAN-PERM,A0-RAW-ACCEPT-ALL,FULL_TRAIN,0,107,0,45,0.5178571428571428,0.49760765550239233,0.5333333333333333,0.5773809523809524
P02-A0-PhysioNetMI-SAN-PERM-FULL_TRAIN-MR00-PR063,PhysioNetMI,SAN-PERM,A0-RAW-ACCEPT-ALL,FULL_TRAIN,0,6,0,45,0.5,0.34782608695652173,0.5333333333333333,0.4384920634920635
P02-A0-PhysioNetMI-SAN-PERM-FULL_TRAIN-MR00-PR063,PhysioNetMI,SAN-PERM,A0-RAW-ACCEPT-ALL,FULL_TRAIN,0,27,0,45,0.46640316205533594,0.46640316205533594,0.4666666666666667,0.49011857707509876
P02-A0-PhysioNetMI-SAN-PERM-FULL_TRAIN-MR00-PR063,PhysioNetMI,SAN-PERM,A0-RAW-ACCEPT-ALL,FULL_TRAIN,0,39,0,45,0.5,0.3382352941176471,0.5111111111111111,0.4901185770750988
P02-A0-PhysioNetMI-SAN-PERM-FULL_TRAIN-MR00-PR063,PhysioNetMI,SAN-PERM,A0-RAW-ACCEPT-ALL,FULL_TRAIN,0,40,0,45,0.5059523809523809,0.4623376623376623,0.4888888888888889,0.48214285714285715
P02-A0-PhysioNetMI-SAN-PERM-FULL_TRAIN-MR00-PR063,PhysioNetMI,SAN-PERM,A0-RAW-ACCEPT-ALL,FULL_TRAIN,0,47,0,45,0.5,0.3181818181818182,0.4666666666666667,0.5932539682539681
P02-A0-PhysioNetMI-SAN-PERM-FULL_TRAIN-MR00-PR063,PhysioNetMI,SAN-PERM,A0-RAW-ACCEPT-ALL,FULL_TRAIN,0,48,0,45,0.5,0.3283582089552239,0.4888888888888889,0.4110671936758893
P02-A0-PhysioNetMI-SAN-PERM-FULL_TRAIN-MR00-PR063,PhysioNetMI,SAN-PERM,A0-RAW-ACCEPT-ALL,FULL_TRAIN,0,57,0,45,0.5089285714285714,0.4444444444444444,0.5333333333333333,0.5515873015873016
P02-A0-PhysioNetMI-SAN-PERM-FULL_TRAIN-MR00-PR063,PhysioNetMI,SAN-PERM,A0-RAW-ACCEPT-ALL,FULL_TRAIN,0,71,0,45,0.4644268774703557,0.46,0.4666666666666667,0.4861660079051383
P02-A0-PhysioNetMI-SAN-PERM-FULL_TRAIN-MR00-PR063,PhysioNetMI,SAN-PERM,A0-RAW-ACCEPT-ALL,FULL_TRAIN,0,93,0,45,0.6729249011857708,0.6411483253588517,0.6666666666666666,0.6758893280632411
P02-A0-PhysioNetMI-SAN-PERM-FULL_TRAIN-MR00-PR063,PhysioNetMI,SAN-PERM,A0-RAW-ACCEPT-ALL,FULL_TRAIN,0,98,0,45,0.6432806324110671,0.6428571428571428,0.6444444444444445,0.6027667984189723
P02-A0-PhysioNetMI-SAN-PERM-FULL_TRAIN-MR00-PR063,PhysioNetMI,SAN-PERM,A0-RAW-ACCEPT-ALL,FULL_TRAIN,0,107,0,45,0.5803571428571428,0.55,0.6,0.49007936507936506
P02-A0-PhysioNetMI-SAN-PERM-FULL_TRAIN-MR00-PR064,PhysioNetMI,SAN-PERM,A0-RAW-ACCEPT-ALL,FULL_TRAIN,0,6,0,45,0.5,0.34782608695652173,0.5333333333333333,0.47023809523809523
P02-A0-PhysioNetMI-SAN-PERM-FULL_TRAIN-MR00-PR064,PhysioNetMI,SAN-PERM,A0-RAW-ACCEPT-ALL,FULL_TRAIN,0,27,0,45,0.4940711462450593,0.4623376623376623,0.4888888888888889,0.5197628458498024
P02-A0-PhysioNetMI-SAN-PERM-FULL_TRAIN-MR00-PR064,PhysioNetMI,SAN-PERM,A0-RAW-ACCEPT-ALL,FULL_TRAIN,0,39,0,45,0.5217391304347826,0.375,0.5111111111111111,0.6205533596837944
P02-A0-PhysioNetMI-SAN-PERM-FULL_TRAIN-MR00-PR064,PhysioNetMI,SAN-PERM,A0-RAW-ACCEPT-ALL,FULL_TRAIN,0,40,0,45,0.5476190476190476,0.5445344129554656,0.5555555555555556,0.5714285714285714
P02-A0-PhysioNetMI-SAN-PERM-FULL_TRAIN-MR00-PR064,PhysioNetMI,SAN-PERM,A0-RAW-ACCEPT-ALL,FULL_TRAIN,0,47,0,45,0.5,0.34782608695652173,0.5333333333333333,0.7003968253968254
P02-A0-PhysioNetMI-SAN-PERM-FULL_TRAIN-MR00-PR064,PhysioNetMI,SAN-PERM,A0-RAW-ACCEPT-ALL,FULL_TRAIN,0,48,0,45,0.5454545454545454,0.4318181818181818,0.5555555555555556,0.5731225296442688
P02-A0-PhysioNetMI-SAN-PERM-FULL_TRAIN-MR00-PR064,PhysioNetMI,SAN-PERM,A0-RAW-ACCEPT-ALL,FULL_TRAIN,0,57,0,45,0.4732142857142857,0.3386243386243386,0.4444444444444444,0.5396825396825395
P02-A0-PhysioNetMI-SAN-PERM-FULL_TRAIN-MR00-PR064,PhysioNetMI,SAN-PERM,A0-RAW-ACCEPT-ALL,FULL_TRAIN,0,71,0,45,0.6373517786561265,0.6,0.6444444444444445,0.6976284584980237
P02-A0-PhysioNetMI-SAN-PERM-FULL_TRAIN-MR00-PR064,PhysioNetMI,SAN-PERM,A0-RAW-ACCEPT-ALL,FULL_TRAIN,0,93,0,45,0.5523715415019763,0.5445344129554656,0.5555555555555556,0.6225296442687747
P02-A0-PhysioNetMI-SAN-PERM-FULL_TRAIN-MR00-PR064,PhysioNetMI,SAN-PERM,A0-RAW-ACCEPT-ALL,FULL_TRAIN,0,98,0,45,0.5,0.3382352941176471,0.5111111111111111,0.6739130434782609
P02-A0-PhysioNetMI-SAN-PERM-FULL_TRAIN-MR00-PR064,PhysioNetMI,SAN-PERM,A0-RAW-ACCEPT-ALL,FULL_TRAIN,0,107,0,45,0.47619047619047616,0.4623376623376623,0.4888888888888889,0.490079365079365
P02-A0-PhysioNetMI-SAN-PERM-FULL_TRAIN-MR00-PR065,PhysioNetMI,SAN-PERM,A0-RAW-ACCEPT-ALL,FULL_TRAIN,0,6,0,45,0.5,0.34782608695652173,0.5333333333333333,0.5138888888888888
P02-A0-PhysioNetMI-SAN-PERM-FULL_TRAIN-MR00-PR065,PhysioNetMI,SAN-PERM,A0-RAW-ACCEPT-ALL,FULL_TRAIN,0,27,0,45,0.642292490118577,0.64,0.6444444444444445,0.6620553359683794
P02-A0-PhysioNetMI-SAN-PERM-FULL_TRAIN-MR00-PR065,PhysioNetMI,SAN-PERM,A0-RAW-ACCEPT-ALL,FULL_TRAIN,0,39,0,45,0.5,0.3283582089552239,0.4888888888888889,0.48023715415019763
P02-A0-PhysioNetMI-SAN-PERM-FULL_TRAIN-MR00-PR065,PhysioNetMI,SAN-PERM,A0-RAW-ACCEPT-ALL,FULL_TRAIN,0,40,0,45,0.5148809523809523,0.41492368569813454,0.4888888888888889,0.6726190476190477
P02-A0-PhysioNetMI-SAN-PERM-FULL_TRAIN-MR00-PR065,PhysioNetMI,SAN-PERM,A0-RAW-ACCEPT-ALL,FULL_TRAIN,0,47,0,45,0.5,0.34782608695652173,0.5333333333333333,0.5436507936507936
P02-A0-PhysioNetMI-SAN-PERM-FULL_TRAIN-MR00-PR065,PhysioNetMI,SAN-PERM,A0-RAW-ACCEPT-ALL,FULL_TRAIN,0,48,0,45,0.5,0.3382352941176471,0.5111111111111111,0.3517786561264822
P02-A0-PhysioNetMI-SAN-PERM-FULL_TRAIN-MR00-PR065,PhysioNetMI,SAN-PERM,A0-RAW-ACCEPT-ALL,FULL_TRAIN,0,57,0,45,0.5,0.34782608695652173,0.5333333333333333,0.5436507936507937
P02-A0-PhysioNetMI-SAN-PERM-FULL_TRAIN-MR00-PR065,PhysioNetMI,SAN-PERM,A0-RAW-ACCEPT-ALL,FULL_TRAIN,0,71,0,45,0.5118577075098814,0.5108695652173914,0.5111111111111111,0.525691699604743
P02-A0-PhysioNetMI-SAN-PERM-FULL_TRAIN-MR00-PR065,PhysioNetMI,SAN-PERM,A0-RAW-ACCEPT-ALL,FULL_TRAIN,0,93,0,45,0.6215415019762847,0.6214745175655616,0.6222222222222222,0.6857707509881422
P02-A0-PhysioNetMI-SAN-PERM-FULL_TRAIN-MR00-PR065,PhysioNetMI,SAN-PERM,A0-RAW-ACCEPT-ALL,FULL_TRAIN,0,98,0,45,0.46936758893280633,0.46,0.4666666666666667,0.5138339920948617
P02-A0-PhysioNetMI-SAN-PERM-FULL_TRAIN-MR00-PR065,PhysioNetMI,SAN-PERM,A0-RAW-ACCEPT-ALL,FULL_TRAIN,0,107,0,45,0.5238095238095237,0.5181030086690463,0.5333333333333333,0.5119047619047619
P02-A0-PhysioNetMI-SAN-PERM-FULL_TRAIN-MR00-PR066,PhysioNetMI,SAN-PERM,A0-RAW-ACCEPT-ALL,FULL_TRAIN,0,6,0,45,0.47023809523809523,0.3640474844544941,0.4444444444444444,0.47619047619047616
P02-A0-PhysioNetMI-SAN-PERM-FULL_TRAIN-MR00-PR066,PhysioNetMI,SAN-PERM,A0-RAW-ACCEPT-ALL,FULL_TRAIN,0,27,0,45,0.5,0.3382352941176471,0.5111111111111111,0.4347826086956522
P02-A0-PhysioNetMI-SAN-PERM-FULL_TRAIN-MR00-PR066,PhysioNetMI,SAN-PERM,A0-RAW-ACCEPT-ALL,FULL_TRAIN,0,39,0,45,0.5,0.3382352941176471,0.5111111111111111,0.5118577075098815
P02-A0-PhysioNetMI-SAN-PERM-FULL_TRAIN-MR00-PR066,PhysioNetMI,SAN-PERM,A0-RAW-ACCEPT-ALL,FULL_TRAIN,0,40,0,45,0.5,0.3181818181818182,0.4666666666666667,0.5099206349206349
P02-A0-PhysioNetMI-SAN-PERM-FULL_TRAIN-MR00-PR066,PhysioNetMI,SAN-PERM,A0-RAW-ACCEPT-ALL,FULL_TRAIN,0,47,0,45,0.5,0.3181818181818182,0.4666666666666667,0.5476190476190477
P02-A0-PhysioNetMI-SAN-PERM-FULL_TRAIN-MR00-PR066,PhysioNetMI,SAN-PERM,A0-RAW-ACCEPT-ALL,FULL_TRAIN,0,48,0,45,0.5,0.3283582089552239,0.4888888888888889,0.46640316205533594
P02-A0-PhysioNetMI-SAN-PERM-FULL_TRAIN-MR00-PR066,PhysioNetMI,SAN-PERM,A0-RAW-ACCEPT-ALL,FULL_TRAIN,0,57,0,45,0.4821428571428571,0.375,0.5111111111111111,0.39087301587301587
P02-A0-PhysioNetMI-SAN-PERM-FULL_TRAIN-MR00-PR066,PhysioNetMI,SAN-PERM,A0-RAW-ACCEPT-ALL,FULL_TRAIN,0,71,0,45,0.5,0.3283582089552239,0.4888888888888889,0.4209486166007905
P02-A0-PhysioNetMI-SAN-PERM-FULL_TRAIN-MR00-PR066,PhysioNetMI,SAN-PERM,A0-RAW-ACCEPT-ALL,FULL_TRAIN,0,93,0,45,0.4634387351778656,0.45344129554655865,0.4666666666666667,0.3596837944664032
P02-A0-PhysioNetMI-SAN-PERM-FULL_TRAIN-MR00-PR066,PhysioNetMI,SAN-PERM,A0-RAW-ACCEPT-ALL,FULL_TRAIN,0,98,0,45,0.5,0.3283582089552239,0.4888888888888889,0.43280632411067194
P02-A0-PhysioNetMI-SAN-PERM-FULL_TRAIN-MR00-PR066,PhysioNetMI,SAN-PERM,A0-RAW-ACCEPT-ALL,FULL_TRAIN,0,107,0,45,0.4375,0.3181818181818182,0.4666666666666667,0.6924603174603174
P02-A0-PhysioNetMI-SAN-PERM-FULL_TRAIN-MR00-PR067,PhysioNetMI,SAN-PERM,A0-RAW-ACCEPT-ALL,FULL_TRAIN,0,6,0,45,0.4880952380952381,0.48787728847105394,0.4888888888888889,0.46031746031746035
P02-A0-PhysioNetMI-SAN-PERM-FULL_TRAIN-MR00-PR067,PhysioNetMI,SAN-PERM,A0-RAW-ACCEPT-ALL,FULL_TRAIN,0,27,0,45,0.38537549407114624,0.3,0.37777777777777777,0.424901185770751
P02-A0-PhysioNetMI-SAN-PERM-FULL_TRAIN-MR00-PR067,PhysioNetMI,SAN-PERM,A0-RAW-ACCEPT-ALL,FULL_TRAIN,0,39,0,45,0.5,0.3382352941176471,0.5111111111111111,0.3932806324110672
P02-A0-PhysioNetMI-SAN-PERM-FULL_TRAIN-MR00-PR067,PhysioNetMI,SAN-PERM,A0-RAW-ACCEPT-ALL,FULL_TRAIN,0,40,0,45,0.5208333333333333,0.505,0.5111111111111111,0.4801587301587301
P02-A0-PhysioNetMI-SAN-PERM-FULL_TRAIN-MR00-PR067,PhysioNetMI,SAN-PERM,A0-RAW-ACCEPT-ALL,FULL_TRAIN,0,47,0,45,0.5208333333333334,0.3630769230769231,0.4888888888888889,0.49603174603174605
P02-A0-PhysioNetMI-SAN-PERM-FULL_TRAIN-MR00-PR067,PhysioNetMI,SAN-PERM,A0-RAW-ACCEPT-ALL,FULL_TRAIN,0,48,0,45,0.5,0.3283582089552239,0.4888888888888889,0.47035573122529645
P02-A0-PhysioNetMI-SAN-PERM-FULL_TRAIN-MR00-PR067,PhysioNetMI,SAN-PERM,A0-RAW-ACCEPT-ALL,FULL_TRAIN,0,57,0,45,0.4821428571428571,0.375,0.5111111111111111,0.46825396825396826
P02-A0-PhysioNetMI-SAN-PERM-FULL_TRAIN-MR00-PR067,PhysioNetMI,SAN-PERM,A0-RAW-ACCEPT-ALL,FULL_TRAIN,0,71,0,45,0.5098814229249011,0.5089285714285714,0.5111111111111111,0.5296442687747036
P02-A0-PhysioNetMI-SAN-PERM-FULL_TRAIN-MR00-PR067,PhysioNetMI,SAN-PERM,A0-RAW-ACCEPT-ALL,FULL_TRAIN,0,93,0,45,0.5019762845849802,0.4050480769230769,0.5111111111111111,0.37154150197628455
P02-A0-PhysioNetMI-SAN-PERM-FULL_TRAIN-MR00-PR067,PhysioNetMI,SAN-PERM,A0-RAW-ACCEPT-ALL,FULL_TRAIN,0,98,0,45,0.5,0.3283582089552239,0.4888888888888889,0.47430830039525695
P02-A0-PhysioNetMI-SAN-PERM-FULL_TRAIN-MR00-PR067,PhysioNetMI,SAN-PERM,A0-RAW-ACCEPT-ALL,FULL_TRAIN,0,107,0,45,0.5,0.34782608695652173,0.5333333333333333,0.47817460317460314
P02-A0-PhysioNetMI-SAN-PERM-FULL_TRAIN-MR00-PR068,PhysioNetMI,SAN-PERM,A0-RAW-ACCEPT-ALL,FULL_TRAIN,0,6,0,45,0.4732142857142857,0.3386243386243386,0.4444444444444444,0.5178571428571428
P02-A0-PhysioNetMI-SAN-PERM-FULL_TRAIN-MR00-PR068,PhysioNetMI,SAN-PERM,A0-RAW-ACCEPT-ALL,FULL_TRAIN,0,27,0,45,0.5039525691699605,0.44999999999999996,0.5111111111111111,0.5098814229249011
P02-A0-PhysioNetMI-SAN-PERM-FULL_TRAIN-MR00-PR068,PhysioNetMI,SAN-PERM,A0-RAW-ACCEPT-ALL,FULL_TRAIN,0,39,0,45,0.4031620553359684,0.3891402714932127,0.4,0.39920948616600793
P02-A0-PhysioNetMI-SAN-PERM-FULL_TRAIN-MR00-PR068,PhysioNetMI,SAN-PERM,A0-RAW-ACCEPT-ALL,FULL_TRAIN,0,40,0,45,0.5,0.34782608695652173,0.5333333333333333,0.6150793650793651
P02-A0-PhysioNetMI-SAN-PERM-FULL_TRAIN-MR00-PR068,PhysioNetMI,SAN-PERM,A0-RAW-ACCEPT-ALL,FULL_TRAIN,0,47,0,45,0.5,0.34782608695652173,0.5333333333333333,0.47817460317460314
P02-A0-PhysioNetMI-SAN-PERM-FULL_TRAIN-MR00-PR068,PhysioNetMI,SAN-PERM,A0-RAW-ACCEPT-ALL,FULL_TRAIN,0,48,0,45,0.5,0.3382352941176471,0.5111111111111111,0.4841897233201581
P02-A0-PhysioNetMI-SAN-PERM-FULL_TRAIN-MR00-PR068,PhysioNetMI,SAN-PERM,A0-RAW-ACCEPT-ALL,FULL_TRAIN,0,57,0,45,0.5327380952380952,0.5324096981692232,0.5333333333333333,0.5476190476190477
P02-A0-PhysioNetMI-SAN-PERM-FULL_TRAIN-MR00-PR068,PhysioNetMI,SAN-PERM,A0-RAW-ACCEPT-ALL,FULL_TRAIN,0,71,0,45,0.5405138339920948,0.4833242208857299,0.5333333333333333,0.5197628458498024
P02-A0-PhysioNetMI-SAN-PERM-FULL_TRAIN-MR00-PR068,PhysioNetMI,SAN-PERM,A0-RAW-ACCEPT-ALL,FULL_TRAIN,0,93,0,45,0.6215415019762847,0.6214745175655616,0.6222222222222222,0.6818181818181819
P02-A0-PhysioNetMI-SAN-PERM-FULL_TRAIN-MR00-PR068,PhysioNetMI,SAN-PERM,A0-RAW-ACCEPT-ALL,FULL_TRAIN,0,98,0,45,0.4377470355731225,0.3849097867687261,0.4444444444444444,0.4110671936758893
P02-A0-PhysioNetMI-SAN-PERM-FULL_TRAIN-MR00-PR068,PhysioNetMI,SAN-PERM,A0-RAW-ACCEPT-ALL,FULL_TRAIN,0,107,0,45,0.39880952380952384,0.39881246907471546,0.4,0.4365079365079364
P02-A0-PhysioNetMI-SAN-PERM-FULL_TRAIN-MR00-PR069,PhysioNetMI,SAN-PERM,A0-RAW-ACCEPT-ALL,FULL_TRAIN,0,6,0,45,0.27976190476190477,0.24273329933707294,0.26666666666666666,0.19444444444444445
P02-A0-PhysioNetMI-SAN-PERM-FULL_TRAIN-MR00-PR069,PhysioNetMI,SAN-PERM,A0-RAW-ACCEPT-ALL,FULL_TRAIN,0,27,0,45,0.5375494071146245,0.5181030086690463,0.5333333333333333,0.5375494071146245
P02-A0-PhysioNetMI-SAN-PERM-FULL_TRAIN-MR00-PR069,PhysioNetMI,SAN-PERM,A0-RAW-ACCEPT-ALL,FULL_TRAIN,0,39,0,45,0.5207509881422925,0.4050480769230769,0.5111111111111111,0.5494071146245059
P02-A0-PhysioNetMI-SAN-PERM-FULL_TRAIN-MR00-PR069,PhysioNetMI,SAN-PERM,A0-RAW-ACCEPT-ALL,FULL_TRAIN,0,40,0,45,0.5178571428571429,0.5089285714285714,0.5111111111111111,0.5376984126984127
P02-A0-PhysioNetMI-SAN-PERM-FULL_TRAIN-MR00-PR069,PhysioNetMI,SAN-PERM,A0-RAW-ACCEPT-ALL,FULL_TRAIN,0,47,0,45,0.5,0.34782608695652173,0.5333333333333333,0.6666666666666667
P02-A0-PhysioNetMI-SAN-PERM-FULL_TRAIN-MR00-PR069,PhysioNetMI,SAN-PERM,A0-RAW-ACCEPT-ALL,FULL_TRAIN,0,48,0,45,0.5,0.3382352941176471,0.5111111111111111,0.592885375494071
P02-A0-PhysioNetMI-SAN-PERM-FULL_TRAIN-MR00-PR069,PhysioNetMI,SAN-PERM,A0-RAW-ACCEPT-ALL,FULL_TRAIN,0,57,0,45,0.49404761904761907,0.4665948275862069,0.5111111111111111,0.503968253968254
P02-A0-PhysioNetMI-SAN-PERM-FULL_TRAIN-MR00-PR069,PhysioNetMI,SAN-PERM,A0-RAW-ACCEPT-ALL,FULL_TRAIN,0,71,0,45,0.5207509881422925,0.4050480769230769,0.5111111111111111,0.383399209486166
P02-A0-PhysioNetMI-SAN-PERM-FULL_TRAIN-MR00-PR069,PhysioNetMI,SAN-PERM,A0-RAW-ACCEPT-ALL,FULL_TRAIN,0,93,0,45,0.5968379446640316,0.590080971659919,0.6,0.5494071146245059
P02-A0-PhysioNetMI-SAN-PERM-FULL_TRAIN-MR00-PR069,PhysioNetMI,SAN-PERM,A0-RAW-ACCEPT-ALL,FULL_TRAIN,0,98,0,45,0.4535573122529644,0.3386243386243386,0.4444444444444444,0.41304347826086957
P02-A0-PhysioNetMI-SAN-PERM-FULL_TRAIN-MR00-PR069,PhysioNetMI,SAN-PERM,A0-RAW-ACCEPT-ALL,FULL_TRAIN,0,107,0,45,0.5,0.34782608695652173,0.5333333333333333,0.5396825396825398
P02-A0-PhysioNetMI-SAN-PERM-FULL_TRAIN-MR00-PR070,PhysioNetMI,SAN-PERM,A0-RAW-ACCEPT-ALL,FULL_TRAIN,0,6,0,45,0.5,0.34782608695652173,0.5333333333333333,0.5357142857142857
P02-A0-PhysioNetMI-SAN-PERM-FULL_TRAIN-MR00-PR070,PhysioNetMI,SAN-PERM,A0-RAW-ACCEPT-ALL,FULL_TRAIN,0,27,0,45,0.45750988142292487,0.35096153846153844,0.4666666666666667,0.4940711462450593
P02-A0-PhysioNetMI-SAN-PERM-FULL_TRAIN-MR00-PR070,PhysioNetMI,SAN-PERM,A0-RAW-ACCEPT-ALL,FULL_TRAIN,0,39,0,45,0.47035573122529645,0.45344129554655865,0.4666666666666667,0.43280632411067194
P02-A0-PhysioNetMI-SAN-PERM-FULL_TRAIN-MR00-PR070,PhysioNetMI,SAN-PERM,A0-RAW-ACCEPT-ALL,FULL_TRAIN,0,40,0,45,0.5,0.3181818181818182,0.4666666666666667,0.5039682539682541
P02-A0-PhysioNetMI-SAN-PERM-FULL_TRAIN-MR00-PR070,PhysioNetMI,SAN-PERM,A0-RAW-ACCEPT-ALL,FULL_TRAIN,0,47,0,45,0.35119047619047616,0.3504230960676954,0.35555555555555557,0.36904761904761907
P02-A0-PhysioNetMI-SAN-PERM-FULL_TRAIN-MR00-PR070,PhysioNetMI,SAN-PERM,A0-RAW-ACCEPT-ALL,FULL_TRAIN,0,48,0,45,0.4851778656126482,0.4722080571137175,0.4888888888888889,0.5158102766798419
P02-A0-PhysioNetMI-SAN-PERM-FULL_TRAIN-MR00-PR070,PhysioNetMI,SAN-PERM,A0-RAW-ACCEPT-ALL,FULL_TRAIN,0,57,0,45,0.47619047619047616,0.4623376623376623,0.4888888888888889,0.4920634920634921
P02-A0-PhysioNetMI-SAN-PERM-FULL_TRAIN-MR00-PR070,PhysioNetMI,SAN-PERM,A0-RAW-ACCEPT-ALL,FULL_TRAIN,0,71,0,45,0.5197628458498024,0.42972350230414746,0.5111111111111111,0.5968379446640316
P02-A0-PhysioNetMI-SAN-PERM-FULL_TRAIN-MR00-PR070,PhysioNetMI,SAN-PERM,A0-RAW-ACCEPT-ALL,FULL_TRAIN,0,93,0,45,0.575098814229249,0.5701357466063348,0.5777777777777777,0.6541501976284585
P02-A0-PhysioNetMI-SAN-PERM-FULL_TRAIN-MR00-PR070,PhysioNetMI,SAN-PERM,A0-RAW-ACCEPT-ALL,FULL_TRAIN,0,98,0,45,0.5069169960474308,0.4907407407407407,0.5111111111111111,0.5039525691699606
P02-A0-PhysioNetMI-SAN-PERM-FULL_TRAIN-MR00-PR070,PhysioNetMI,SAN-PERM,A0-RAW-ACCEPT-ALL,FULL_TRAIN,0,107,0,45,0.40773809523809523,0.39522150323544053,0.4,0.42460317460317465
P02-A0-PhysioNetMI-SAN-PERM-FULL_TRAIN-MR00-PR071,PhysioNetMI,SAN-PERM,A0-RAW-ACCEPT-ALL,FULL_TRAIN,0,6,0,45,0.5148809523809523,0.4833242208857299,0.5333333333333333,0.46230158730158727
P02-A0-PhysioNetMI-SAN-PERM-FULL_TRAIN-MR00-PR071,PhysioNetMI,SAN-PERM,A0-RAW-ACCEPT-ALL,FULL_TRAIN,0,27,0,45,0.3804347826086957,0.37,0.37777777777777777,0.30039525691699603
P02-A0-PhysioNetMI-SAN-PERM-FULL_TRAIN-MR00-PR071,PhysioNetMI,SAN-PERM,A0-RAW-ACCEPT-ALL,FULL_TRAIN,0,39,0,45,0.5701581027667983,0.5166760881854155,0.5777777777777777,0.5928853754940712
P02-A0-PhysioNetMI-SAN-PERM-FULL_TRAIN-MR00-PR071,PhysioNetMI,SAN-PERM,A0-RAW-ACCEPT-ALL,FULL_TRAIN,0,40,0,45,0.5892857142857143,0.5833333333333333,0.6,0.5595238095238095
P02-A0-PhysioNetMI-SAN-PERM-FULL_TRAIN-MR00-PR071,PhysioNetMI,SAN-PERM,A0-RAW-ACCEPT-ALL,FULL_TRAIN,0,47,0,45,0.5476190476190477,0.445165476963011,0.5777777777777777,0.5753968253968254
P02-A0-PhysioNetMI-SAN-PERM-FULL_TRAIN-MR00-PR071,PhysioNetMI,SAN-PERM,A0-RAW-ACCEPT-ALL,FULL_TRAIN,0,48,0,45,0.516798418972332,0.48004201680672265,0.5111111111111111,0.5375494071146245
P02-A0-PhysioNetMI-SAN-PERM-FULL_TRAIN-MR00-PR071,PhysioNetMI,SAN-PERM,A0-RAW-ACCEPT-ALL,FULL_TRAIN,0,57,0,45,0.5089285714285714,0.5089285714285714,0.5111111111111111,0.5099206349206349
P02-A0-PhysioNetMI-SAN-PERM-FULL_TRAIN-MR00-PR071,PhysioNetMI,SAN-PERM,A0-RAW-ACCEPT-ALL,FULL_TRAIN,0,71,0,45,0.525691699604743,0.465799886941775,0.5333333333333333,0.5059288537549408
P02-A0-PhysioNetMI-SAN-PERM-FULL_TRAIN-MR00-PR071,PhysioNetMI,SAN-PERM,A0-RAW-ACCEPT-ALL,FULL_TRAIN,0,93,0,45,0.4515810276679842,0.3849097867687261,0.4444444444444444,0.3577075098814229
P02-A0-PhysioNetMI-SAN-PERM-FULL_TRAIN-MR00-PR071,PhysioNetMI,SAN-PERM,A0-RAW-ACCEPT-ALL,FULL_TRAIN,0,98,0,45,0.5,0.3382352941176471,0.5111111111111111,0.6304347826086957
P02-A0-PhysioNetMI-SAN-PERM-FULL_TRAIN-MR00-PR071,PhysioNetMI,SAN-PERM,A0-RAW-ACCEPT-ALL,FULL_TRAIN,0,107,0,45,0.5416666666666666,0.4050480769230769,0.5111111111111111,0.638888888888889
P02-A0-PhysioNetMI-SAN-PERM-FULL_TRAIN-MR00-PR072,PhysioNetMI,SAN-PERM,A0-RAW-ACCEPT-ALL,FULL_TRAIN,0,6,0,45,0.5148809523809523,0.41492368569813454,0.4888888888888889,0.5416666666666666
P02-A0-PhysioNetMI-SAN-PERM-FULL_TRAIN-MR00-PR072,PhysioNetMI,SAN-PERM,A0-RAW-ACCEPT-ALL,FULL_TRAIN,0,27,0,45,0.6225296442687747,0.6222222222222222,0.6222222222222222,0.6758893280632411
P02-A0-PhysioNetMI-SAN-PERM-FULL_TRAIN-MR00-PR072,PhysioNetMI,SAN-PERM,A0-RAW-ACCEPT-ALL,FULL_TRAIN,0,39,0,45,0.4772727272727273,0.3181818181818182,0.4666666666666667,0.4782608695652174
P02-A0-PhysioNetMI-SAN-PERM-FULL_TRAIN-MR00-PR072,PhysioNetMI,SAN-PERM,A0-RAW-ACCEPT-ALL,FULL_TRAIN,0,40,0,45,0.5,0.3181818181818182,0.4666666666666667,0.6031746031746031
P02-A0-PhysioNetMI-SAN-PERM-FULL_TRAIN-MR00-PR072,PhysioNetMI,SAN-PERM,A0-RAW-ACCEPT-ALL,FULL_TRAIN,0,47,0,45,0.5,0.34782608695652173,0.5333333333333333,0.4484126984126984
P02-A0-PhysioNetMI-SAN-PERM-FULL_TRAIN-MR00-PR072,PhysioNetMI,SAN-PERM,A0-RAW-ACCEPT-ALL,FULL_TRAIN,0,48,0,45,0.3735177865612648,0.35185185185185186,0.37777777777777777,0.35375494071146246
P02-A0-PhysioNetMI-SAN-PERM-FULL_TRAIN-MR00-PR072,PhysioNetMI,SAN-PERM,A0-RAW-ACCEPT-ALL,FULL_TRAIN,0,57,0,45,0.5773809523809523,0.533410138248848,0.6,0.5912698412698413
P02-A0-PhysioNetMI-SAN-PERM-FULL_TRAIN-MR00-PR072,PhysioNetMI,SAN-PERM,A0-RAW-ACCEPT-ALL,FULL_TRAIN,0,71,0,45,0.5029644268774703,0.42972350230414746,0.5111111111111111,0.5355731225296443
P02-A0-PhysioNetMI-SAN-PERM-FULL_TRAIN-MR00-PR072,PhysioNetMI,SAN-PERM,A0-RAW-ACCEPT-ALL,FULL_TRAIN,0,93,0,45,0.6264822134387352,0.6098929117797043,0.6222222222222222,0.6383399209486167
P02-A0-PhysioNetMI-SAN-PERM-FULL_TRAIN-MR00-PR072,PhysioNetMI,SAN-PERM,A0-RAW-ACCEPT-ALL,FULL_TRAIN,0,98,0,45,0.5978260869565217,0.595,0.6,0.5671936758893281
P02-A0-PhysioNetMI-SAN-PERM-FULL_TRAIN-MR00-PR072,PhysioNetMI,SAN-PERM,A0-RAW-ACCEPT-ALL,FULL_TRAIN,0,107,0,45,0.4851190476190476,0.4327731092436975,0.4666666666666667,0.46031746031746035
P02-A0-PhysioNetMI-SAN-PERM-FULL_TRAIN-MR00-PR073,PhysioNetMI,SAN-PERM,A0-RAW-ACCEPT-ALL,FULL_TRAIN,0,6,0,45,0.5,0.3181818181818182,0.4666666666666667,0.5595238095238094
P02-A0-PhysioNetMI-SAN-PERM-FULL_TRAIN-MR00-PR073,PhysioNetMI,SAN-PERM,A0-RAW-ACCEPT-ALL,FULL_TRAIN,0,27,0,45,0.5207509881422925,0.4050480769230769,0.5111111111111111,0.6897233201581028
P02-A0-PhysioNetMI-SAN-PERM-FULL_TRAIN-MR00-PR073,PhysioNetMI,SAN-PERM,A0-RAW-ACCEPT-ALL,FULL_TRAIN,0,39,0,45,0.5,0.3283582089552239,0.4888888888888889,0.44466403162055335
P02-A0-PhysioNetMI-SAN-PERM-FULL_TRAIN-MR00-PR073,PhysioNetMI,SAN-PERM,A0-RAW-ACCEPT-ALL,FULL_TRAIN,0,40,0,45,0.5,0.3181818181818182,0.4666666666666667,0.5
P02-A0-PhysioNetMI-SAN-PERM-FULL_TRAIN-MR00-PR073,PhysioNetMI,SAN-PERM,A0-RAW-ACCEPT-ALL,FULL_TRAIN,0,47,0,45,0.5,0.34782608695652173,0.5333333333333333,0.6111111111111112
P02-A0-PhysioNetMI-SAN-PERM-FULL_TRAIN-MR00-PR073,PhysioNetMI,SAN-PERM,A0-RAW-ACCEPT-ALL,FULL_TRAIN,0,48,0,45,0.5,0.3382352941176471,0.5111111111111111,0.5573122529644268
P02-A0-PhysioNetMI-SAN-PERM-FULL_TRAIN-MR00-PR073,PhysioNetMI,SAN-PERM,A0-RAW-ACCEPT-ALL,FULL_TRAIN,0,57,0,45,0.5208333333333333,0.505,0.5111111111111111,0.5714285714285714
P02-A0-PhysioNetMI-SAN-PERM-FULL_TRAIN-MR00-PR073,PhysioNetMI,SAN-PERM,A0-RAW-ACCEPT-ALL,FULL_TRAIN,0,71,0,45,0.5098814229249011,0.5089285714285714,0.5111111111111111,0.5316205533596837
P02-A0-PhysioNetMI-SAN-PERM-FULL_TRAIN-MR00-PR073,PhysioNetMI,SAN-PERM,A0-RAW-ACCEPT-ALL,FULL_TRAIN,0,93,0,45,0.5197628458498024,0.42972350230414746,0.5111111111111111,0.5098814229249012
P02-A0-PhysioNetMI-SAN-PERM-FULL_TRAIN-MR00-PR073,PhysioNetMI,SAN-PERM,A0-RAW-ACCEPT-ALL,FULL_TRAIN,0,98,0,45,0.4654150197628458,0.4642857142857143,0.4666666666666667,0.41699604743083
P02-A0-PhysioNetMI-SAN-PERM-FULL_TRAIN-MR00-PR073,PhysioNetMI,SAN-PERM,A0-RAW-ACCEPT-ALL,FULL_TRAIN,0,107,0,45,0.5267857142857143,0.4318181818181818,0.5555555555555556,0.43055555555555564
P02-A0-PhysioNetMI-SAN-PERM-FULL_TRAIN-MR00-PR074,PhysioNetMI,SAN-PERM,A0-RAW-ACCEPT-ALL,FULL_TRAIN,0,6,0,45,0.40773809523809523,0.38550420168067223,0.4222222222222222,0.43452380952380953
P02-A0-PhysioNetMI-SAN-PERM-FULL_TRAIN-MR00-PR074,PhysioNetMI,SAN-PERM,A0-RAW-ACCEPT-ALL,FULL_TRAIN,0,27,0,45,0.5108695652173914,0.5108695652173914,0.5111111111111111,0.549407114624506
P02-A0-PhysioNetMI-SAN-PERM-FULL_TRAIN-MR00-PR074,PhysioNetMI,SAN-PERM,A0-RAW-ACCEPT-ALL,FULL_TRAIN,0,39,0,45,0.516798418972332,0.48004201680672265,0.5111111111111111,0.4525691699604743
P02-A0-PhysioNetMI-SAN-PERM-FULL_TRAIN-MR00-PR074,PhysioNetMI,SAN-PERM,A0-RAW-ACCEPT-ALL,FULL_TRAIN,0,40,0,45,0.5565476190476191,0.5166760881854155,0.5777777777777777,0.6071428571428572
P02-A0-PhysioNetMI-SAN-PERM-FULL_TRAIN-MR00-PR074,PhysioNetMI,SAN-PERM,A0-RAW-ACCEPT-ALL,FULL_TRAIN,0,47,0,45,0.5,0.34782608695652173,0.5333333333333333,0.5734126984126984
P02-A0-PhysioNetMI-SAN-PERM-FULL_TRAIN-MR00-PR074,PhysioNetMI,SAN-PERM,A0-RAW-ACCEPT-ALL,FULL_TRAIN,0,48,0,45,0.5,0.3382352941176471,0.5111111111111111,0.24505928853754938
P02-A0-PhysioNetMI-SAN-PERM-FULL_TRAIN-MR00-PR074,PhysioNetMI,SAN-PERM,A0-RAW-ACCEPT-ALL,FULL_TRAIN,0,57,0,45,0.4851190476190476,0.4050480769230769,0.5111111111111111,0.41666666666666663
P02-A0-PhysioNetMI-SAN-PERM-FULL_TRAIN-MR00-PR074,PhysioNetMI,SAN-PERM,A0-RAW-ACCEPT-ALL,FULL_TRAIN,0,71,0,45,0.5,0.3382352941176471,0.5111111111111111,0.4189723320158103
P02-A0-PhysioNetMI-SAN-PERM-FULL_TRAIN-MR00-PR074,PhysioNetMI,SAN-PERM,A0-RAW-ACCEPT-ALL,FULL_TRAIN,0,93,0,45,0.47529644268774707,0.37788018433179726,0.4666666666666667,0.25889328063241107
P02-A0-PhysioNetMI-SAN-PERM-FULL_TRAIN-MR00-PR074,PhysioNetMI,SAN-PERM,A0-RAW-ACCEPT-ALL,FULL_TRAIN,0,98,0,45,0.48320158102766797,0.44976076555023925,0.4888888888888889,0.48616600790513836
P02-A0-PhysioNetMI-SAN-PERM-FULL_TRAIN-MR00-PR074,PhysioNetMI,SAN-PERM,A0-RAW-ACCEPT-ALL,FULL_TRAIN,0,107,0,45,0.49404761904761907,0.4665948275862069,0.5111111111111111,0.5119047619047619
P02-A0-PhysioNetMI-SAN-PERM-FULL_TRAIN-MR00-PR075,PhysioNetMI,SAN-PERM,A0-RAW-ACCEPT-ALL,FULL_TRAIN,0,6,0,45,0.49404761904761907,0.37788018433179726,0.4666666666666667,0.5396825396825397
P02-A0-PhysioNetMI-SAN-PERM-FULL_TRAIN-MR00-PR075,PhysioNetMI,SAN-PERM,A0-RAW-ACCEPT-ALL,FULL_TRAIN,0,27,0,45,0.48320158102766797,0.44976076555023925,0.4888888888888889,0.4031620553359684
P02-A0-PhysioNetMI-SAN-PERM-FULL_TRAIN-MR00-PR075,PhysioNetMI,SAN-PERM,A0-RAW-ACCEPT-ALL,FULL_TRAIN,0,39,0,45,0.5118577075098814,0.5108695652173914,0.5111111111111111,0.4703557312252965
P02-A0-PhysioNetMI-SAN-PERM-FULL_TRAIN-MR00-PR075,PhysioNetMI,SAN-PERM,A0-RAW-ACCEPT-ALL,FULL_TRAIN,0,40,0,45,0.5208333333333334,0.3630769230769231,0.4888888888888889,0.5654761904761905
P02-A0-PhysioNetMI-SAN-PERM-FULL_TRAIN-MR00-PR075,PhysioNetMI,SAN-PERM,A0-RAW-ACCEPT-ALL,FULL_TRAIN,0,47,0,45,0.5,0.3181818181818182,0.4666666666666667,0.6071428571428572
P02-A0-PhysioNetMI-SAN-PERM-FULL_TRAIN-MR00-PR075,PhysioNetMI,SAN-PERM,A0-RAW-ACCEPT-ALL,FULL_TRAIN,0,48,0,45,0.5849802371541502,0.5325314379442319,0.5777777777777777,0.6620553359683794
P02-A0-PhysioNetMI-SAN-PERM-FULL_TRAIN-MR00-PR075,PhysioNetMI,SAN-PERM,A0-RAW-ACCEPT-ALL,FULL_TRAIN,0,57,0,45,0.5178571428571429,0.5089285714285714,0.5111111111111111,0.49603174603174605
P02-A0-PhysioNetMI-SAN-PERM-FULL_TRAIN-MR00-PR075,PhysioNetMI,SAN-PERM,A0-RAW-ACCEPT-ALL,FULL_TRAIN,0,71,0,45,0.5098814229249011,0.5089285714285714,0.5111111111111111,0.5652173913043479
P02-A0-PhysioNetMI-SAN-PERM-FULL_TRAIN-MR00-PR075,PhysioNetMI,SAN-PERM,A0-RAW-ACCEPT-ALL,FULL_TRAIN,0,93,0,45,0.5,0.3382352941176471,0.5111111111111111,0.6027667984189724
P02-A0-PhysioNetMI-SAN-PERM-FULL_TRAIN-MR00-PR075,PhysioNetMI,SAN-PERM,A0-RAW-ACCEPT-ALL,FULL_TRAIN,0,98,0,45,0.5197628458498024,0.42972350230414746,0.5111111111111111,0.6403162055335968
P02-A0-PhysioNetMI-SAN-PERM-FULL_TRAIN-MR00-PR075,PhysioNetMI,SAN-PERM,A0-RAW-ACCEPT-ALL,FULL_TRAIN,0,107,0,45,0.4375,0.3181818181818182,0.4666666666666667,0.28968253968253965
P02-A0-PhysioNetMI-SAN-PERM-FULL_TRAIN-MR00-PR076,PhysioNetMI,SAN-PERM,A0-RAW-ACCEPT-ALL,FULL_TRAIN,0,6,0,45,0.49702380952380953,0.48004201680672265,0.5111111111111111,0.4087301587301587
P02-A0-PhysioNetMI-SAN-PERM-FULL_TRAIN-MR00-PR076,PhysioNetMI,SAN-PERM,A0-RAW-ACCEPT-ALL,FULL_TRAIN,0,27,0,45,0.6225296442687747,0.6222222222222222,0.6222222222222222,0.650197628458498
P02-A0-PhysioNetMI-SAN-PERM-FULL_TRAIN-MR00-PR076,PhysioNetMI,SAN-PERM,A0-RAW-ACCEPT-ALL,FULL_TRAIN,0,39,0,45,0.5,0.3283582089552239,0.4888888888888889,0.4545454545454546
P02-A0-PhysioNetMI-SAN-PERM-FULL_TRAIN-MR00-PR076,PhysioNetMI,SAN-PERM,A0-RAW-ACCEPT-ALL,FULL_TRAIN,0,40,0,45,0.4255952380952381,0.42193675889328064,0.4222222222222222,0.3948412698412698
P02-A0-PhysioNetMI-SAN-PERM-FULL_TRAIN-MR00-PR076,PhysioNetMI,SAN-PERM,A0-RAW-ACCEPT-ALL,FULL_TRAIN,0,47,0,45,0.5,0.34782608695652173,0.5333333333333333,0.45039682539682535
P02-A0-PhysioNetMI-SAN-PERM-FULL_TRAIN-MR00-PR076,PhysioNetMI,SAN-PERM,A0-RAW-ACCEPT-ALL,FULL_TRAIN,0,48,0,45,0.5,0.3382352941176471,0.5111111111111111,0.6086956521739131
P02-A0-PhysioNetMI-SAN-PERM-FULL_TRAIN-MR00-PR076,PhysioNetMI,SAN-PERM,A0-RAW-ACCEPT-ALL,FULL_TRAIN,0,57,0,45,0.5267857142857143,0.5248868778280543,0.5333333333333333,0.4801587301587301
P02-A0-PhysioNetMI-SAN-PERM-FULL_TRAIN-MR00-PR076,PhysioNetMI,SAN-PERM,A0-RAW-ACCEPT-ALL,FULL_TRAIN,0,71,0,45,0.5059288537549407,0.48004201680672265,0.5111111111111111,0.5059288537549407
P02-A0-PhysioNetMI-SAN-PERM-FULL_TRAIN-MR00-PR076,PhysioNetMI,SAN-PERM,A0-RAW-ACCEPT-ALL,FULL_TRAIN,0,93,0,45,0.5839920948616601,0.5454545454545454,0.5777777777777777,0.6719367588932806
P02-A0-PhysioNetMI-SAN-PERM-FULL_TRAIN-MR00-PR076,PhysioNetMI,SAN-PERM,A0-RAW-ACCEPT-ALL,FULL_TRAIN,0,98,0,45,0.5049407114624506,0.4665948275862069,0.5111111111111111,0.4189723320158103
P02-A0-PhysioNetMI-SAN-PERM-FULL_TRAIN-MR00-PR076,PhysioNetMI,SAN-PERM,A0-RAW-ACCEPT-ALL,FULL_TRAIN,0,107,0,45,0.5178571428571428,0.49760765550239233,0.5333333333333333,0.5575396825396826
P02-A0-PhysioNetMI-SAN-PERM-FULL_TRAIN-MR00-PR077,PhysioNetMI,SAN-PERM,A0-RAW-ACCEPT-ALL,FULL_TRAIN,0,6,0,45,0.5238095238095238,0.39839572192513373,0.5555555555555556,0.6547619047619048
P02-A0-PhysioNetMI-SAN-PERM-FULL_TRAIN-MR00-PR077,PhysioNetMI,SAN-PERM,A0-RAW-ACCEPT-ALL,FULL_TRAIN,0,27,0,45,0.48814229249011853,0.48787728847105394,0.4888888888888889,0.46640316205533594
P02-A0-PhysioNetMI-SAN-PERM-FULL_TRAIN-MR00-PR077,PhysioNetMI,SAN-PERM,A0-RAW-ACCEPT-ALL,FULL_TRAIN,0,39,0,45,0.525691699604743,0.465799886941775,0.5333333333333333,0.4822134387351779
P02-A0-PhysioNetMI-SAN-PERM-FULL_TRAIN-MR00-PR077,PhysioNetMI,SAN-PERM,A0-RAW-ACCEPT-ALL,FULL_TRAIN,0,40,0,45,0.5,0.34782608695652173,0.5333333333333333,0.3313492063492064
P02-A0-PhysioNetMI-SAN-PERM-FULL_TRAIN-MR00-PR077,PhysioNetMI,SAN-PERM,A0-RAW-ACCEPT-ALL,FULL_TRAIN,0,47,0,45,0.4791666666666667,0.3382352941176471,0.5111111111111111,0.4603174603174603
P02-A0-PhysioNetMI-SAN-PERM-FULL_TRAIN-MR00-PR077,PhysioNetMI,SAN-PERM,A0-RAW-ACCEPT-ALL,FULL_TRAIN,0,48,0,45,0.5790513833992095,0.5769421078673924,0.5777777777777777,0.650197628458498
P02-A0-PhysioNetMI-SAN-PERM-FULL_TRAIN-MR00-PR077,PhysioNetMI,SAN-PERM,A0-RAW-ACCEPT-ALL,FULL_TRAIN,0,57,0,45,0.5208333333333334,0.3630769230769231,0.4888888888888889,0.5416666666666666
P02-A0-PhysioNetMI-SAN-PERM-FULL_TRAIN-MR00-PR077,PhysioNetMI,SAN-PERM,A0-RAW-ACCEPT-ALL,FULL_TRAIN,0,71,0,45,0.4782608695652174,0.3283582089552239,0.4888888888888889,0.5869565217391305
P02-A0-PhysioNetMI-SAN-PERM-FULL_TRAIN-MR00-PR077,PhysioNetMI,SAN-PERM,A0-RAW-ACCEPT-ALL,FULL_TRAIN,0,93,0,45,0.5088932806324111,0.505,0.5111111111111111,0.5632411067193676
P02-A0-PhysioNetMI-SAN-PERM-FULL_TRAIN-MR00-PR077,PhysioNetMI,SAN-PERM,A0-RAW-ACCEPT-ALL,FULL_TRAIN,0,98,0,45,0.44565217391304346,0.44334487877288475,0.4444444444444444,0.4446640316205534
P02-A0-PhysioNetMI-SAN-PERM-FULL_TRAIN-MR00-PR077,PhysioNetMI,SAN-PERM,A0-RAW-ACCEPT-ALL,FULL_TRAIN,0,107,0,45,0.47023809523809523,0.3640474844544941,0.4444444444444444,0.43849206349206343
P02-A0-PhysioNetMI-SAN-PERM-FULL_TRAIN-MR00-PR078,PhysioNetMI,SAN-PERM,A0-RAW-ACCEPT-ALL,FULL_TRAIN,0,6,0,45,0.5,0.34782608695652173,0.5333333333333333,0.45833333333333337
P02-A0-PhysioNetMI-SAN-PERM-FULL_TRAIN-MR00-PR078,PhysioNetMI,SAN-PERM,A0-RAW-ACCEPT-ALL,FULL_TRAIN,0,27,0,45,0.5019762845849802,0.4050480769230769,0.5111111111111111,0.5098814229249011
P02-A0-PhysioNetMI-SAN-PERM-FULL_TRAIN-MR00-PR078,PhysioNetMI,SAN-PERM,A0-RAW-ACCEPT-ALL,FULL_TRAIN,0,39,0,45,0.47924901185770746,0.3630769230769231,0.4888888888888889,0.575098814229249
P02-A0-PhysioNetMI-SAN-PERM-FULL_TRAIN-MR00-PR078,PhysioNetMI,SAN-PERM,A0-RAW-ACCEPT-ALL,FULL_TRAIN,0,40,0,45,0.41369047619047616,0.40789473684210525,0.4222222222222222,0.4444444444444444
P02-A0-PhysioNetMI-SAN-PERM-FULL_TRAIN-MR00-PR078,PhysioNetMI,SAN-PERM,A0-RAW-ACCEPT-ALL,FULL_TRAIN,0,47,0,45,0.5416666666666666,0.4050480769230769,0.5111111111111111,0.5218253968253967
P02-A0-PhysioNetMI-SAN-PERM-FULL_TRAIN-MR00-PR078,PhysioNetMI,SAN-PERM,A0-RAW-ACCEPT-ALL,FULL_TRAIN,0,48,0,45,0.5424901185770751,0.4444444444444444,0.5333333333333333,0.5434782608695652
P02-A0-PhysioNetMI-SAN-PERM-FULL_TRAIN-MR00-PR078,PhysioNetMI,SAN-PERM,A0-RAW-ACCEPT-ALL,FULL_TRAIN,0,57,0,45,0.5535714285714286,0.5535714285714286,0.5555555555555556,0.5892857142857143
P02-A0-PhysioNetMI-SAN-PERM-FULL_TRAIN-MR00-PR078,PhysioNetMI,SAN-PERM,A0-RAW-ACCEPT-ALL,FULL_TRAIN,0,71,0,45,0.5385375494071146,0.509090909090909,0.5333333333333333,0.5573122529644269
P02-A0-PhysioNetMI-SAN-PERM-FULL_TRAIN-MR00-PR078,PhysioNetMI,SAN-PERM,A0-RAW-ACCEPT-ALL,FULL_TRAIN,0,93,0,45,0.5197628458498024,0.42972350230414746,0.5111111111111111,0.5731225296442688
P02-A0-PhysioNetMI-SAN-PERM-FULL_TRAIN-MR00-PR078,PhysioNetMI,SAN-PERM,A0-RAW-ACCEPT-ALL,FULL_TRAIN,0,98,0,45,0.4051383399209486,0.3688311688311688,0.4,0.4525691699604743
P02-A0-PhysioNetMI-SAN-PERM-FULL_TRAIN-MR00-PR078,PhysioNetMI,SAN-PERM,A0-RAW-ACCEPT-ALL,FULL_TRAIN,0,107,0,45,0.5744047619047619,0.5132211538461539,0.6,0.5218253968253969
P02-A0-PhysioNetMI-SAN-PERM-FULL_TRAIN-MR00-PR079,PhysioNetMI,SAN-PERM,A0-RAW-ACCEPT-ALL,FULL_TRAIN,0,6,0,45,0.5,0.34782608695652173,0.5333333333333333,0.5158730158730158
P02-A0-PhysioNetMI-SAN-PERM-FULL_TRAIN-MR00-PR079,PhysioNetMI,SAN-PERM,A0-RAW-ACCEPT-ALL,FULL_TRAIN,0,27,0,45,0.4624505928853755,0.4444444444444444,0.4666666666666667,0.5197628458498024
P02-A0-PhysioNetMI-SAN-PERM-FULL_TRAIN-MR00-PR079,PhysioNetMI,SAN-PERM,A0-RAW-ACCEPT-ALL,FULL_TRAIN,0,39,0,45,0.4772727272727273,0.3181818181818182,0.4666666666666667,0.4189723320158103
P02-A0-PhysioNetMI-SAN-PERM-FULL_TRAIN-MR00-PR079,PhysioNetMI,SAN-PERM,A0-RAW-ACCEPT-ALL,FULL_TRAIN,0,40,0,45,0.5238095238095238,0.39839572192513373,0.5555555555555556,0.513888888888889
P02-A0-PhysioNetMI-SAN-PERM-FULL_TRAIN-MR00-PR079,PhysioNetMI,SAN-PERM,A0-RAW-ACCEPT-ALL,FULL_TRAIN,0,47,0,45,0.2976190476190476,0.2753246753246753,0.3111111111111111,0.3392857142857143
P02-A0-PhysioNetMI-SAN-PERM-FULL_TRAIN-MR00-PR079,PhysioNetMI,SAN-PERM,A0-RAW-ACCEPT-ALL,FULL_TRAIN,0,48,0,45,0.5009881422924901,0.375,0.5111111111111111,0.4841897233201581
P02-A0-PhysioNetMI-SAN-PERM-FULL_TRAIN-MR00-PR079,PhysioNetMI,SAN-PERM,A0-RAW-ACCEPT-ALL,FULL_TRAIN,0,57,0,45,0.5267857142857143,0.5248868778280543,0.5333333333333333,0.5654761904761905
P02-A0-PhysioNetMI-SAN-PERM-FULL_TRAIN-MR00-PR079,PhysioNetMI,SAN-PERM,A0-RAW-ACCEPT-ALL,FULL_TRAIN,0,71,0,45,0.5138339920948617,0.505,0.5111111111111111,0.4841897233201581
P02-A0-PhysioNetMI-SAN-PERM-FULL_TRAIN-MR00-PR079,PhysioNetMI,SAN-PERM,A0-RAW-ACCEPT-ALL,FULL_TRAIN,0,93,0,45,0.5642292490118577,0.48156682027649766,0.5555555555555556,0.7134387351778656
P02-A0-PhysioNetMI-SAN-PERM-FULL_TRAIN-MR00-PR079,PhysioNetMI,SAN-PERM,A0-RAW-ACCEPT-ALL,FULL_TRAIN,0,98,0,45,0.5148221343873518,0.4989878542510121,0.5111111111111111,0.4426877470355731
P02-A0-PhysioNetMI-SAN-PERM-FULL_TRAIN-MR00-PR079,PhysioNetMI,SAN-PERM,A0-RAW-ACCEPT-ALL,FULL_TRAIN,0,107,0,45,0.5208333333333333,0.505,0.5111111111111111,0.5396825396825397
P02-A0-PhysioNetMI-SAN-PERM-FULL_TRAIN-MR00-PR080,PhysioNetMI,SAN-PERM,A0-RAW-ACCEPT-ALL,FULL_TRAIN,0,6,0,45,0.5208333333333334,0.509090909090909,0.5333333333333333,0.5833333333333333
P02-A0-PhysioNetMI-SAN-PERM-FULL_TRAIN-MR00-PR080,PhysioNetMI,SAN-PERM,A0-RAW-ACCEPT-ALL,FULL_TRAIN,0,27,0,45,0.47529644268774707,0.37788018433179726,0.4666666666666667,0.41501976284584985
P02-A0-PhysioNetMI-SAN-PERM-FULL_TRAIN-MR00-PR080,PhysioNetMI,SAN-PERM,A0-RAW-ACCEPT-ALL,FULL_TRAIN,0,39,0,45,0.5,0.3283582089552239,0.4888888888888889,0.4861660079051383
P02-A0-PhysioNetMI-SAN-PERM-FULL_TRAIN-MR00-PR080,PhysioNetMI,SAN-PERM,A0-RAW-ACCEPT-ALL,FULL_TRAIN,0,40,0,45,0.5178571428571429,0.5089285714285714,0.5111111111111111,0.5476190476190477
P02-A0-PhysioNetMI-SAN-PERM-FULL_TRAIN-MR00-PR080,PhysioNetMI,SAN-PERM,A0-RAW-ACCEPT-ALL,FULL_TRAIN,0,47,0,45,0.5,0.34782608695652173,0.5333333333333333,0.5297619047619049
P02-A0-PhysioNetMI-SAN-PERM-FULL_TRAIN-MR00-PR080,PhysioNetMI,SAN-PERM,A0-RAW-ACCEPT-ALL,FULL_TRAIN,0,48,0,45,0.5,0.3382352941176471,0.5111111111111111,0.5711462450592886
P02-A0-PhysioNetMI-SAN-PERM-FULL_TRAIN-MR00-PR080,PhysioNetMI,SAN-PERM,A0-RAW-ACCEPT-ALL,FULL_TRAIN,0,57,0,45,0.48511904761904756,0.48481831757093086,0.4888888888888889,0.5734126984126984
P02-A0-PhysioNetMI-SAN-PERM-FULL_TRAIN-MR00-PR080,PhysioNetMI,SAN-PERM,A0-RAW-ACCEPT-ALL,FULL_TRAIN,0,71,0,45,0.5711462450592886,0.5325314379442319,0.5777777777777777,0.6561264822134387
P02-A0-PhysioNetMI-SAN-PERM-FULL_TRAIN-MR00-PR080,PhysioNetMI,SAN-PERM,A0-RAW-ACCEPT-ALL,FULL_TRAIN,0,93,0,45,0.6818181818181819,0.65,0.6888888888888889,0.7569169960474308
P02-A0-PhysioNetMI-SAN-PERM-FULL_TRAIN-MR00-PR080,PhysioNetMI,SAN-PERM,A0-RAW-ACCEPT-ALL,FULL_TRAIN,0,98,0,45,0.5,0.3382352941176471,0.5111111111111111,0.5652173913043478
P02-A0-PhysioNetMI-SAN-PERM-FULL_TRAIN-MR00-PR080,PhysioNetMI,SAN-PERM,A0-RAW-ACCEPT-ALL,FULL_TRAIN,0,107,0,45,0.4375,0.39814814814814814,0.4222222222222222,0.5218253968253969
P02-A0-PhysioNetMI-SAN-PERM-FULL_TRAIN-MR00-PR081,PhysioNetMI,SAN-PERM,A0-RAW-ACCEPT-ALL,FULL_TRAIN,0,6,0,45,0.4880952380952381,0.48787728847105394,0.4888888888888889,0.4722222222222222
P02-A0-PhysioNetMI-SAN-PERM-FULL_TRAIN-MR00-PR081,PhysioNetMI,SAN-PERM,A0-RAW-ACCEPT-ALL,FULL_TRAIN,0,27,0,45,0.4841897233201581,0.4623376623376623,0.4888888888888889,0.4762845849802371
P02-A0-PhysioNetMI-SAN-PERM-FULL_TRAIN-MR00-PR081,PhysioNetMI,SAN-PERM,A0-RAW-ACCEPT-ALL,FULL_TRAIN,0,39,0,45,0.46837944664031617,0.4642857142857143,0.4666666666666667,0.46837944664031617
P02-A0-PhysioNetMI-SAN-PERM-FULL_TRAIN-MR00-PR081,PhysioNetMI,SAN-PERM,A0-RAW-ACCEPT-ALL,FULL_TRAIN,0,40,0,45,0.5,0.3181818181818182,0.4666666666666667,0.46031746031746035
P02-A0-PhysioNetMI-SAN-PERM-FULL_TRAIN-MR00-PR081,PhysioNetMI,SAN-PERM,A0-RAW-ACCEPT-ALL,FULL_TRAIN,0,47,0,45,0.46726190476190477,0.46640316205533594,0.4666666666666667,0.46031746031746035
P02-A0-PhysioNetMI-SAN-PERM-FULL_TRAIN-MR00-PR081,PhysioNetMI,SAN-PERM,A0-RAW-ACCEPT-ALL,FULL_TRAIN,0,48,0,45,0.5,0.3283582089552239,0.4888888888888889,0.4980237154150197
P02-A0-PhysioNetMI-SAN-PERM-FULL_TRAIN-MR00-PR081,PhysioNetMI,SAN-PERM,A0-RAW-ACCEPT-ALL,FULL_TRAIN,0,57,0,45,0.47916666666666663,0.4722080571137175,0.4888888888888889,0.44642857142857145
P02-A0-PhysioNetMI-SAN-PERM-FULL_TRAIN-MR00-PR081,PhysioNetMI,SAN-PERM,A0-RAW-ACCEPT-ALL,FULL_TRAIN,0,71,0,45,0.4871541501976284,0.48481831757093086,0.4888888888888889,0.5691699604743083
P02-A0-PhysioNetMI-SAN-PERM-FULL_TRAIN-MR00-PR081,PhysioNetMI,SAN-PERM,A0-RAW-ACCEPT-ALL,FULL_TRAIN,0,93,0,45,0.5,0.3283582089552239,0.4888888888888889,0.43873517786561267
P02-A0-PhysioNetMI-SAN-PERM-FULL_TRAIN-MR00-PR081,PhysioNetMI,SAN-PERM,A0-RAW-ACCEPT-ALL,FULL_TRAIN,0,98,0,45,0.49308300395256915,0.4722080571137175,0.4888888888888889,0.44664031620553357
P02-A0-PhysioNetMI-SAN-PERM-FULL_TRAIN-MR00-PR081,PhysioNetMI,SAN-PERM,A0-RAW-ACCEPT-ALL,FULL_TRAIN,0,107,0,45,0.5,0.34782608695652173,0.5333333333333333,0.5158730158730158
P02-A0-PhysioNetMI-SAN-PERM-FULL_TRAIN-MR00-PR082,PhysioNetMI,SAN-PERM,A0-RAW-ACCEPT-ALL,FULL_TRAIN,0,6,0,45,0.5,0.3181818181818182,0.4666666666666667,0.47817460317460314
P02-A0-PhysioNetMI-SAN-PERM-FULL_TRAIN-MR00-PR082,PhysioNetMI,SAN-PERM,A0-RAW-ACCEPT-ALL,FULL_TRAIN,0,27,0,45,0.4515810276679842,0.3849097867687261,0.4444444444444444,0.3438735177865612
P02-A0-PhysioNetMI-SAN-PERM-FULL_TRAIN-MR00-PR082,PhysioNetMI,SAN-PERM,A0-RAW-ACCEPT-ALL,FULL_TRAIN,0,39,0,45,0.5,0.3382352941176471,0.5111111111111111,0.47035573122529645
P02-A0-PhysioNetMI-SAN-PERM-FULL_TRAIN-MR00-PR082,PhysioNetMI,SAN-PERM,A0-RAW-ACCEPT-ALL,FULL_TRAIN,0,40,0,45,0.5,0.3181818181818182,0.4666666666666667,0.5793650793650794
P02-A0-PhysioNetMI-SAN-PERM-FULL_TRAIN-MR00-PR082,PhysioNetMI,SAN-PERM,A0-RAW-ACCEPT-ALL,FULL_TRAIN,0,47,0,45,0.5208333333333333,0.505,0.5111111111111111,0.5337301587301587
P02-A0-PhysioNetMI-SAN-PERM-FULL_TRAIN-MR00-PR082,PhysioNetMI,SAN-PERM,A0-RAW-ACCEPT-ALL,FULL_TRAIN,0,48,0,45,0.5217391304347826,0.375,0.5111111111111111,0.5750988142292489
P02-A0-PhysioNetMI-SAN-PERM-FULL_TRAIN-MR00-PR082,PhysioNetMI,SAN-PERM,A0-RAW-ACCEPT-ALL,FULL_TRAIN,0,57,0,45,0.48214285714285715,0.4796380090497738,0.4888888888888889,0.5555555555555555
P02-A0-PhysioNetMI-SAN-PERM-FULL_TRAIN-MR00-PR082,PhysioNetMI,SAN-PERM,A0-RAW-ACCEPT-ALL,FULL_TRAIN,0,71,0,45,0.491106719367589,0.48481831757093086,0.4888888888888889,0.4980237154150198
P02-A0-PhysioNetMI-SAN-PERM-FULL_TRAIN-MR00-PR082,PhysioNetMI,SAN-PERM,A0-RAW-ACCEPT-ALL,FULL_TRAIN,0,93,0,45,0.5,0.3382352941176471,0.5111111111111111,0.507905138339921
P02-A0-PhysioNetMI-SAN-PERM-FULL_TRAIN-MR00-PR082,PhysioNetMI,SAN-PERM,A0-RAW-ACCEPT-ALL,FULL_TRAIN,0,98,0,45,0.4733201581027668,0.41810344827586204,0.4666666666666667,0.5928853754940712
P02-A0-PhysioNetMI-SAN-PERM-FULL_TRAIN-MR00-PR082,PhysioNetMI,SAN-PERM,A0-RAW-ACCEPT-ALL,FULL_TRAIN,0,107,0,45,0.5119047619047619,0.465799886941775,0.5333333333333333,0.498015873015873
P02-A0-PhysioNetMI-SAN-PERM-FULL_TRAIN-MR00-PR083,PhysioNetMI,SAN-PERM,A0-RAW-ACCEPT-ALL,FULL_TRAIN,0,6,0,45,0.5089285714285714,0.5089285714285714,0.5111111111111111,0.498015873015873
P02-A0-PhysioNetMI-SAN-PERM-FULL_TRAIN-MR00-PR083,PhysioNetMI,SAN-PERM,A0-RAW-ACCEPT-ALL,FULL_TRAIN,0,27,0,45,0.4841897233201581,0.4623376623376623,0.4888888888888889,0.4347826086956522
P02-A0-PhysioNetMI-SAN-PERM-FULL_TRAIN-MR00-PR083,PhysioNetMI,SAN-PERM,A0-RAW-ACCEPT-ALL,FULL_TRAIN,0,39,0,45,0.5227272727272727,0.3867618429591174,0.5333333333333333,0.49604743083003955
P02-A0-PhysioNetMI-SAN-PERM-FULL_TRAIN-MR00-PR083,PhysioNetMI,SAN-PERM,A0-RAW-ACCEPT-ALL,FULL_TRAIN,0,40,0,45,0.40773809523809523,0.39522150323544053,0.4,0.4107142857142857
P02-A0-PhysioNetMI-SAN-PERM-FULL_TRAIN-MR00-PR083,PhysioNetMI,SAN-PERM,A0-RAW-ACCEPT-ALL,FULL_TRAIN,0,47,0,45,0.5,0.3181818181818182,0.4666666666666667,0.6468253968253969
P02-A0-PhysioNetMI-SAN-PERM-FULL_TRAIN-MR00-PR083,PhysioNetMI,SAN-PERM,A0-RAW-ACCEPT-ALL,FULL_TRAIN,0,48,0,45,0.5,0.3283582089552239,0.4888888888888889,0.47628458498023724
P02-A0-PhysioNetMI-SAN-PERM-FULL_TRAIN-MR00-PR083,PhysioNetMI,SAN-PERM,A0-RAW-ACCEPT-ALL,FULL_TRAIN,0,57,0,45,0.4791666666666667,0.3382352941176471,0.5111111111111111,0.5873015873015873
P02-A0-PhysioNetMI-SAN-PERM-FULL_TRAIN-MR00-PR083,PhysioNetMI,SAN-PERM,A0-RAW-ACCEPT-ALL,FULL_TRAIN,0,71,0,45,0.5,0.3283582089552239,0.4888888888888889,0.525691699604743
P02-A0-PhysioNetMI-SAN-PERM-FULL_TRAIN-MR00-PR083,PhysioNetMI,SAN-PERM,A0-RAW-ACCEPT-ALL,FULL_TRAIN,0,93,0,45,0.4782608695652174,0.3283582089552239,0.4888888888888889,0.2924901185770751
P02-A0-PhysioNetMI-SAN-PERM-FULL_TRAIN-MR00-PR083,PhysioNetMI,SAN-PERM,A0-RAW-ACCEPT-ALL,FULL_TRAIN,0,98,0,45,0.49308300395256915,0.4722080571137175,0.4888888888888889,0.5118577075098815
P02-A0-PhysioNetMI-SAN-PERM-FULL_TRAIN-MR00-PR083,PhysioNetMI,SAN-PERM,A0-RAW-ACCEPT-ALL,FULL_TRAIN,0,107,0,45,0.44642857142857145,0.35,0.4222222222222222,0.5218253968253967
P02-A0-PhysioNetMI-SAN-PERM-FULL_TRAIN-MR00-PR084,PhysioNetMI,SAN-PERM,A0-RAW-ACCEPT-ALL,FULL_TRAIN,0,6,0,45,0.6130952380952381,0.6098929117797043,0.6222222222222222,0.5674603174603174
P02-A0-PhysioNetMI-SAN-PERM-FULL_TRAIN-MR00-PR084,PhysioNetMI,SAN-PERM,A0-RAW-ACCEPT-ALL,FULL_TRAIN,0,27,0,45,0.5503952569169961,0.5273109243697479,0.5555555555555556,0.6462450592885376
P02-A0-PhysioNetMI-SAN-PERM-FULL_TRAIN-MR00-PR084,PhysioNetMI,SAN-PERM,A0-RAW-ACCEPT-ALL,FULL_TRAIN,0,39,0,45,0.47035573122529645,0.45344129554655865,0.4666666666666667,0.6007905138339921
P02-A0-PhysioNetMI-SAN-PERM-FULL_TRAIN-MR00-PR084,PhysioNetMI,SAN-PERM,A0-RAW-ACCEPT-ALL,FULL_TRAIN,0,40,0,45,0.5,0.3181818181818182,0.4666666666666667,0.48611111111111116
P02-A0-PhysioNetMI-SAN-PERM-FULL_TRAIN-MR00-PR084,PhysioNetMI,SAN-PERM,A0-RAW-ACCEPT-ALL,FULL_TRAIN,0,47,0,45,0.5,0.34782608695652173,0.5333333333333333,0.5317460317460316
P02-A0-PhysioNetMI-SAN-PERM-FULL_TRAIN-MR00-PR084,PhysioNetMI,SAN-PERM,A0-RAW-ACCEPT-ALL,FULL_TRAIN,0,48,0,45,0.43478260869565216,0.3076923076923077,0.4444444444444444,0.5612648221343873
P02-A0-PhysioNetMI-SAN-PERM-FULL_TRAIN-MR00-PR084,PhysioNetMI,SAN-PERM,A0-RAW-ACCEPT-ALL,FULL_TRAIN,0,57,0,45,0.5208333333333333,0.505,0.5111111111111111,0.5178571428571428
P02-A0-PhysioNetMI-SAN-PERM-FULL_TRAIN-MR00-PR084,PhysioNetMI,SAN-PERM,A0-RAW-ACCEPT-ALL,FULL_TRAIN,0,71,0,45,0.5237154150197628,0.4184615384615385,0.5333333333333333,0.4545454545454546
P02-A0-PhysioNetMI-SAN-PERM-FULL_TRAIN-MR00-PR084,PhysioNetMI,SAN-PERM,A0-RAW-ACCEPT-ALL,FULL_TRAIN,0,93,0,45,0.5,0.3382352941176471,0.5111111111111111,0.5375494071146245
P02-A0-PhysioNetMI-SAN-PERM-FULL_TRAIN-MR00-PR084,PhysioNetMI,SAN-PERM,A0-RAW-ACCEPT-ALL,FULL_TRAIN,0,98,0,45,0.48023715415019763,0.3915343915343915,0.4888888888888889,0.47035573122529645
P02-A0-PhysioNetMI-SAN-PERM-FULL_TRAIN-MR00-PR084,PhysioNetMI,SAN-PERM,A0-RAW-ACCEPT-ALL,FULL_TRAIN,0,107,0,45,0.43452380952380953,0.40789473684210525,0.4222222222222222,0.5277777777777777
P02-A0-PhysioNetMI-SAN-PERM-FULL_TRAIN-MR00-PR085,PhysioNetMI,SAN-PERM,A0-RAW-ACCEPT-ALL,FULL_TRAIN,0,6,0,45,0.5327380952380952,0.4665948275862069,0.5111111111111111,0.5575396825396826
P02-A0-PhysioNetMI-SAN-PERM-FULL_TRAIN-MR00-PR085,PhysioNetMI,SAN-PERM,A0-RAW-ACCEPT-ALL,FULL_TRAIN,0,27,0,45,0.48122529644268774,0.41492368569813454,0.4888888888888889,0.5138339920948617
P02-A0-PhysioNetMI-SAN-PERM-FULL_TRAIN-MR00-PR085,PhysioNetMI,SAN-PERM,A0-RAW-ACCEPT-ALL,FULL_TRAIN,0,39,0,45,0.5,0.3382352941176471,0.5111111111111111,0.39723320158102765
P02-A0-PhysioNetMI-SAN-PERM-FULL_TRAIN-MR00-PR085,PhysioNetMI,SAN-PERM,A0-RAW-ACCEPT-ALL,FULL_TRAIN,0,40,0,45,0.5,0.3181818181818182,0.4666666666666667,0.4841269841269841
P02-A0-PhysioNetMI-SAN-PERM-FULL_TRAIN-MR00-PR085,PhysioNetMI,SAN-PERM,A0-RAW-ACCEPT-ALL,FULL_TRAIN,0,47,0,45,0.41964285714285715,0.354066985645933,0.4,0.3293650793650793
P02-A0-PhysioNetMI-SAN-PERM-FULL_TRAIN-MR00-PR085,PhysioNetMI,SAN-PERM,A0-RAW-ACCEPT-ALL,FULL_TRAIN,0,48,0,45,0.5029644268774703,0.42972350230414746,0.5111111111111111,0.5276679841897233
P02-A0-PhysioNetMI-SAN-PERM-FULL_TRAIN-MR00-PR085,PhysioNetMI,SAN-PERM,A0-RAW-ACCEPT-ALL,FULL_TRAIN,0,57,0,45,0.4494047619047619,0.44334487877288475,0.4444444444444444,0.42658730158730157
P02-A0-PhysioNetMI-SAN-PERM-FULL_TRAIN-MR00-PR085,PhysioNetMI,SAN-PERM,A0-RAW-ACCEPT-ALL,FULL_TRAIN,0,71,0,45,0.5573122529644269,0.5535714285714286,0.5555555555555556,0.5079051383399209
P02-A0-PhysioNetMI-SAN-PERM-FULL_TRAIN-MR00-PR085,PhysioNetMI,SAN-PERM,A0-RAW-ACCEPT-ALL,FULL_TRAIN,0,93,0,45,0.5247035573122529,0.4444444444444444,0.5333333333333333,0.6047430830039525
P02-A0-PhysioNetMI-SAN-PERM-FULL_TRAIN-MR00-PR085,PhysioNetMI,SAN-PERM,A0-RAW-ACCEPT-ALL,FULL_TRAIN,0,98,0,45,0.49308300395256915,0.4722080571137175,0.4888888888888889,0.5
P02-A0-PhysioNetMI-SAN-PERM-FULL_TRAIN-MR00-PR085,PhysioNetMI,SAN-PERM,A0-RAW-ACCEPT-ALL,FULL_TRAIN,0,107,0,45,0.4494047619047619,0.44334487877288475,0.4444444444444444,0.45238095238095233
P02-A0-PhysioNetMI-SAN-PERM-FULL_TRAIN-MR00-PR086,PhysioNetMI,SAN-PERM,A0-RAW-ACCEPT-ALL,FULL_TRAIN,0,6,0,45,0.5,0.34782608695652173,0.5333333333333333,0.501984126984127
P02-A0-PhysioNetMI-SAN-PERM-FULL_TRAIN-MR00-PR086,PhysioNetMI,SAN-PERM,A0-RAW-ACCEPT-ALL,FULL_TRAIN,0,27,0,45,0.46047430830039526,0.41810344827586204,0.4666666666666667,0.5434782608695652
P02-A0-PhysioNetMI-SAN-PERM-FULL_TRAIN-MR00-PR086,PhysioNetMI,SAN-PERM,A0-RAW-ACCEPT-ALL,FULL_TRAIN,0,39,0,45,0.5958498023715415,0.5833333333333333,0.6,0.5573122529644269
P02-A0-PhysioNetMI-SAN-PERM-FULL_TRAIN-MR00-PR086,PhysioNetMI,SAN-PERM,A0-RAW-ACCEPT-ALL,FULL_TRAIN,0,40,0,45,0.4970238095238095,0.35096153846153844,0.4666666666666667,0.6547619047619048
P02-A0-PhysioNetMI-SAN-PERM-FULL_TRAIN-MR00-PR086,PhysioNetMI,SAN-PERM,A0-RAW-ACCEPT-ALL,FULL_TRAIN,0,47,0,45,0.4464285714285714,0.4,0.4666666666666667,0.44841269841269843
P02-A0-PhysioNetMI-SAN-PERM-FULL_TRAIN-MR00-PR086,PhysioNetMI,SAN-PERM,A0-RAW-ACCEPT-ALL,FULL_TRAIN,0,48,0,45,0.491106719367589,0.48481831757093086,0.4888888888888889,0.4940711462450593
P02-A0-PhysioNetMI-SAN-PERM-FULL_TRAIN-MR00-PR086,PhysioNetMI,SAN-PERM,A0-RAW-ACCEPT-ALL,FULL_TRAIN,0,57,0,45,0.5,0.4796380090497738,0.4888888888888889,0.4742063492063492
P02-A0-PhysioNetMI-SAN-PERM-FULL_TRAIN-MR00-PR086,PhysioNetMI,SAN-PERM,A0-RAW-ACCEPT-ALL,FULL_TRAIN,0,71,0,45,0.4713438735177865,0.4444444444444444,0.4666666666666667,0.5434782608695652
P02-A0-PhysioNetMI-SAN-PERM-FULL_TRAIN-MR00-PR086,PhysioNetMI,SAN-PERM,A0-RAW-ACCEPT-ALL,FULL_TRAIN,0,93,0,45,0.48023715415019763,0.3915343915343915,0.4888888888888889,0.424901185770751
P02-A0-PhysioNetMI-SAN-PERM-FULL_TRAIN-MR00-PR086,PhysioNetMI,SAN-PERM,A0-RAW-ACCEPT-ALL,FULL_TRAIN,0,98,0,45,0.5177865612648221,0.4665948275862069,0.5111111111111111,0.49604743083003955
P02-A0-PhysioNetMI-SAN-PERM-FULL_TRAIN-MR00-PR086,PhysioNetMI,SAN-PERM,A0-RAW-ACCEPT-ALL,FULL_TRAIN,0,107,0,45,0.4821428571428571,0.375,0.5111111111111111,0.45039682539682546
P02-A0-PhysioNetMI-SAN-PERM-FULL_TRAIN-MR00-PR087,PhysioNetMI,SAN-PERM,A0-RAW-ACCEPT-ALL,FULL_TRAIN,0,6,0,45,0.5773809523809523,0.5769421078673924,0.5777777777777777,0.6428571428571428
P02-A0-PhysioNetMI-SAN-PERM-FULL_TRAIN-MR00-PR087,PhysioNetMI,SAN-PERM,A0-RAW-ACCEPT-ALL,FULL_TRAIN,0,27,0,45,0.5,0.3382352941176471,0.5111111111111111,0.5474308300395256
P02-A0-PhysioNetMI-SAN-PERM-FULL_TRAIN-MR00-PR087,PhysioNetMI,SAN-PERM,A0-RAW-ACCEPT-ALL,FULL_TRAIN,0,39,0,45,0.5,0.3382352941176471,0.5111111111111111,0.4505928853754941
P02-A0-PhysioNetMI-SAN-PERM-FULL_TRAIN-MR00-PR087,PhysioNetMI,SAN-PERM,A0-RAW-ACCEPT-ALL,FULL_TRAIN,0,40,0,45,0.5,0.3181818181818182,0.4666666666666667,0.45238095238095244
P02-A0-PhysioNetMI-SAN-PERM-FULL_TRAIN-MR00-PR087,PhysioNetMI,SAN-PERM,A0-RAW-ACCEPT-ALL,FULL_TRAIN,0,47,0,45,0.5,0.3181818181818182,0.4666666666666667,0.511904761904762
P02-A0-PhysioNetMI-SAN-PERM-FULL_TRAIN-MR00-PR087,PhysioNetMI,SAN-PERM,A0-RAW-ACCEPT-ALL,FULL_TRAIN,0,48,0,45,0.5,0.3283582089552239,0.4888888888888889,0.5553359683794467
P02-A0-PhysioNetMI-SAN-PERM-FULL_TRAIN-MR00-PR087,PhysioNetMI,SAN-PERM,A0-RAW-ACCEPT-ALL,FULL_TRAIN,0,57,0,45,0.5,0.34782608695652173,0.5333333333333333,0.46428571428571425
P02-A0-PhysioNetMI-SAN-PERM-FULL_TRAIN-MR00-PR087,PhysioNetMI,SAN-PERM,A0-RAW-ACCEPT-ALL,FULL_TRAIN,0,71,0,45,0.5,0.3283582089552239,0.4888888888888889,0.41897233201581024
P02-A0-PhysioNetMI-SAN-PERM-FULL_TRAIN-MR00-PR087,PhysioNetMI,SAN-PERM,A0-RAW-ACCEPT-ALL,FULL_TRAIN,0,93,0,45,0.41897233201581024,0.40789473684210525,0.4222222222222222,0.4110671936758893
P02-A0-PhysioNetMI-SAN-PERM-FULL_TRAIN-MR00-PR087,PhysioNetMI,SAN-PERM,A0-RAW-ACCEPT-ALL,FULL_TRAIN,0,98,0,45,0.5533596837944664,0.55,0.5555555555555556,0.5177865612648221
P02-A0-PhysioNetMI-SAN-PERM-FULL_TRAIN-MR00-PR087,PhysioNetMI,SAN-PERM,A0-RAW-ACCEPT-ALL,FULL_TRAIN,0,107,0,45,0.47619047619047616,0.3076923076923077,0.4444444444444444,0.4484126984126984
P02-A0-PhysioNetMI-SAN-PERM-FULL_TRAIN-MR00-PR088,PhysioNetMI,SAN-PERM,A0-RAW-ACCEPT-ALL,FULL_TRAIN,0,6,0,45,0.5,0.34782608695652173,0.5333333333333333,0.490079365079365
P02-A0-PhysioNetMI-SAN-PERM-FULL_TRAIN-MR00-PR088,PhysioNetMI,SAN-PERM,A0-RAW-ACCEPT-ALL,FULL_TRAIN,0,27,0,45,0.5009881422924901,0.375,0.5111111111111111,0.5316205533596838
P02-A0-PhysioNetMI-SAN-PERM-FULL_TRAIN-MR00-PR088,PhysioNetMI,SAN-PERM,A0-RAW-ACCEPT-ALL,FULL_TRAIN,0,39,0,45,0.4990118577075099,0.3630769230769231,0.4888888888888889,0.6185770750988143
P02-A0-PhysioNetMI-SAN-PERM-FULL_TRAIN-MR00-PR088,PhysioNetMI,SAN-PERM,A0-RAW-ACCEPT-ALL,FULL_TRAIN,0,40,0,45,0.5,0.34782608695652173,0.5333333333333333,0.4742063492063492
P02-A0-PhysioNetMI-SAN-PERM-FULL_TRAIN-MR00-PR088,PhysioNetMI,SAN-PERM,A0-RAW-ACCEPT-ALL,FULL_TRAIN,0,47,0,45,0.4583333333333333,0.3283582089552239,0.4888888888888889,0.617063492063492
P02-A0-PhysioNetMI-SAN-PERM-FULL_TRAIN-MR00-PR088,PhysioNetMI,SAN-PERM,A0-RAW-ACCEPT-ALL,FULL_TRAIN,0,48,0,45,0.37944664031620556,0.375,0.37777777777777777,0.32015810276679846
P02-A0-PhysioNetMI-SAN-PERM-FULL_TRAIN-MR00-PR088,PhysioNetMI,SAN-PERM,A0-RAW-ACCEPT-ALL,FULL_TRAIN,0,57,0,45,0.5,0.4907407407407407,0.5111111111111111,0.4662698412698413
P02-A0-PhysioNetMI-SAN-PERM-FULL_TRAIN-MR00-PR088,PhysioNetMI,SAN-PERM,A0-RAW-ACCEPT-ALL,FULL_TRAIN,0,71,0,45,0.49209486166007904,0.4796380090497738,0.4888888888888889,0.47233201581027673
P02-A0-PhysioNetMI-SAN-PERM-FULL_TRAIN-MR00-PR088,PhysioNetMI,SAN-PERM,A0-RAW-ACCEPT-ALL,FULL_TRAIN,0,93,0,45,0.5,0.3283582089552239,0.4888888888888889,0.5395256916996047
P02-A0-PhysioNetMI-SAN-PERM-FULL_TRAIN-MR00-PR088,PhysioNetMI,SAN-PERM,A0-RAW-ACCEPT-ALL,FULL_TRAIN,0,98,0,45,0.4782608695652174,0.3283582089552239,0.4888888888888889,0.4249011857707509
P02-A0-PhysioNetMI-SAN-PERM-FULL_TRAIN-MR00-PR088,PhysioNetMI,SAN-PERM,A0-RAW-ACCEPT-ALL,FULL_TRAIN,0,107,0,45,0.5863095238095237,0.5745798319327731,0.6,0.5773809523809523
P02-A0-PhysioNetMI-SAN-PERM-FULL_TRAIN-MR00-PR089,PhysioNetMI,SAN-PERM,A0-RAW-ACCEPT-ALL,FULL_TRAIN,0,6,0,45,0.5,0.34782608695652173,0.5333333333333333,0.47817460317460325
P02-A0-PhysioNetMI-SAN-PERM-FULL_TRAIN-MR00-PR089,PhysioNetMI,SAN-PERM,A0-RAW-ACCEPT-ALL,FULL_TRAIN,0,27,0,45,0.599802371541502,0.599802371541502,0.6,0.5454545454545454
P02-A0-PhysioNetMI-SAN-PERM-FULL_TRAIN-MR00-PR089,PhysioNetMI,SAN-PERM,A0-RAW-ACCEPT-ALL,FULL_TRAIN,0,39,0,45,0.5,0.3283582089552239,0.4888888888888889,0.4861660079051384
P02-A0-PhysioNetMI-SAN-PERM-FULL_TRAIN-MR00-PR089,PhysioNetMI,SAN-PERM,A0-RAW-ACCEPT-ALL,FULL_TRAIN,0,40,0,45,0.4970238095238095,0.35096153846153844,0.4666666666666667,0.5496031746031746
P02-A0-PhysioNetMI-SAN-PERM-FULL_TRAIN-MR00-PR089,PhysioNetMI,SAN-PERM,A0-RAW-ACCEPT-ALL,FULL_TRAIN,0,47,0,45,0.5267857142857143,0.4318181818181818,0.5555555555555556,0.3492063492063492
P02-A0-PhysioNetMI-SAN-PERM-FULL_TRAIN-MR00-PR089,PhysioNetMI,SAN-PERM,A0-RAW-ACCEPT-ALL,FULL_TRAIN,0,48,0,45,0.5454545454545454,0.4318181818181818,0.5555555555555556,0.5810276679841897
P02-A0-PhysioNetMI-SAN-PERM-FULL_TRAIN-MR00-PR089,PhysioNetMI,SAN-PERM,A0-RAW-ACCEPT-ALL,FULL_TRAIN,0,57,0,45,0.5,0.4907407407407407,0.5111111111111111,0.5456349206349207
P02-A0-PhysioNetMI-SAN-PERM-FULL_TRAIN-MR00-PR089,PhysioNetMI,SAN-PERM,A0-RAW-ACCEPT-ALL,FULL_TRAIN,0,71,0,45,0.47430830039525695,0.4,0.4666666666666667,0.5711462450592886
P02-A0-PhysioNetMI-SAN-PERM-FULL_TRAIN-MR00-PR089,PhysioNetMI,SAN-PERM,A0-RAW-ACCEPT-ALL,FULL_TRAIN,0,93,0,45,0.6887351778656126,0.6887351778656126,0.6888888888888889,0.6640316205533596
P02-A0-PhysioNetMI-SAN-PERM-FULL_TRAIN-MR00-PR089,PhysioNetMI,SAN-PERM,A0-RAW-ACCEPT-ALL,FULL_TRAIN,0,98,0,45,0.4614624505928854,0.4327731092436975,0.4666666666666667,0.4683794466403162
P02-A0-PhysioNetMI-SAN-PERM-FULL_TRAIN-MR00-PR089,PhysioNetMI,SAN-PERM,A0-RAW-ACCEPT-ALL,FULL_TRAIN,0,107,0,45,0.4583333333333333,0.3283582089552239,0.4888888888888889,0.5337301587301587
P02-A0-PhysioNetMI-SAN-PERM-FULL_TRAIN-MR00-PR090,PhysioNetMI,SAN-PERM,A0-RAW-ACCEPT-ALL,FULL_TRAIN,0,6,0,45,0.5,0.4907407407407407,0.5111111111111111,0.45436507936507936
P02-A0-PhysioNetMI-SAN-PERM-FULL_TRAIN-MR00-PR090,PhysioNetMI,SAN-PERM,A0-RAW-ACCEPT-ALL,FULL_TRAIN,0,27,0,45,0.4782608695652174,0.3283582089552239,0.4888888888888889,0.5316205533596838
P02-A0-PhysioNetMI-SAN-PERM-FULL_TRAIN-MR00-PR090,PhysioNetMI,SAN-PERM,A0-RAW-ACCEPT-ALL,FULL_TRAIN,0,39,0,45,0.525691699604743,0.465799886941775,0.5333333333333333,0.48023715415019763
P02-A0-PhysioNetMI-SAN-PERM-FULL_TRAIN-MR00-PR090,PhysioNetMI,SAN-PERM,A0-RAW-ACCEPT-ALL,FULL_TRAIN,0,40,0,45,0.47619047619047616,0.3076923076923077,0.4444444444444444,0.4305555555555556
P02-A0-PhysioNetMI-SAN-PERM-FULL_TRAIN-MR00-PR090,PhysioNetMI,SAN-PERM,A0-RAW-ACCEPT-ALL,FULL_TRAIN,0,47,0,45,0.4791666666666667,0.3382352941176471,0.5111111111111111,0.4365079365079365
P02-A0-PhysioNetMI-SAN-PERM-FULL_TRAIN-MR00-PR090,PhysioNetMI,SAN-PERM,A0-RAW-ACCEPT-ALL,FULL_TRAIN,0,48,0,45,0.4515810276679842,0.3849097867687261,0.4444444444444444,0.4288537549407115
P02-A0-PhysioNetMI-SAN-PERM-FULL_TRAIN-MR00-PR090,PhysioNetMI,SAN-PERM,A0-RAW-ACCEPT-ALL,FULL_TRAIN,0,57,0,45,0.42857142857142855,0.2857142857142857,0.4,0.47619047619047616
P02-A0-PhysioNetMI-SAN-PERM-FULL_TRAIN-MR00-PR090,PhysioNetMI,SAN-PERM,A0-RAW-ACCEPT-ALL,FULL_TRAIN,0,71,0,45,0.47529644268774707,0.37788018433179726,0.4666666666666667,0.4980237154150198
P02-A0-PhysioNetMI-SAN-PERM-FULL_TRAIN-MR00-PR090,PhysioNetMI,SAN-PERM,A0-RAW-ACCEPT-ALL,FULL_TRAIN,0,93,0,45,0.4782608695652174,0.3283582089552239,0.4888888888888889,0.37549407114624506
P02-A0-PhysioNetMI-SAN-PERM-FULL_TRAIN-MR00-PR090,PhysioNetMI,SAN-PERM,A0-RAW-ACCEPT-ALL,FULL_TRAIN,0,98,0,45,0.5187747035573123,0.44999999999999996,0.5111111111111111,0.42292490118577075
P02-A0-PhysioNetMI-SAN-PERM-FULL_TRAIN-MR00-PR090,PhysioNetMI,SAN-PERM,A0-RAW-ACCEPT-ALL,FULL_TRAIN,0,107,0,45,0.41964285714285715,0.354066985645933,0.4,0.4444444444444445
P02-A0-PhysioNetMI-SAN-PERM-FULL_TRAIN-MR00-PR091,PhysioNetMI,SAN-PERM,A0-RAW-ACCEPT-ALL,FULL_TRAIN,0,6,0,45,0.4523809523809524,0.296875,0.4222222222222222,0.4682539682539682
P02-A0-PhysioNetMI-SAN-PERM-FULL_TRAIN-MR00-PR091,PhysioNetMI,SAN-PERM,A0-RAW-ACCEPT-ALL,FULL_TRAIN,0,27,0,45,0.3616600790513834,0.3062200956937799,0.35555555555555557,0.48221343873517786
P02-A0-PhysioNetMI-SAN-PERM-FULL_TRAIN-MR00-PR091,PhysioNetMI,SAN-PERM,A0-RAW-ACCEPT-ALL,FULL_TRAIN,0,39,0,45,0.5602766798418972,0.537037037037037,0.5555555555555556,0.5296442687747036
P02-A0-PhysioNetMI-SAN-PERM-FULL_TRAIN-MR00-PR091,PhysioNetMI,SAN-PERM,A0-RAW-ACCEPT-ALL,FULL_TRAIN,0,40,0,45,0.5,0.34782608695652173,0.5333333333333333,0.5376984126984127
P02-A0-PhysioNetMI-SAN-PERM-FULL_TRAIN-MR00-PR091,PhysioNetMI,SAN-PERM,A0-RAW-ACCEPT-ALL,FULL_TRAIN,0,47,0,45,0.5,0.34782608695652173,0.5333333333333333,0.628968253968254
P02-A0-PhysioNetMI-SAN-PERM-FULL_TRAIN-MR00-PR091,PhysioNetMI,SAN-PERM,A0-RAW-ACCEPT-ALL,FULL_TRAIN,0,48,0,45,0.5019762845849802,0.4050480769230769,0.5111111111111111,0.47628458498023707
P02-A0-PhysioNetMI-SAN-PERM-FULL_TRAIN-MR00-PR091,PhysioNetMI,SAN-PERM,A0-RAW-ACCEPT-ALL,FULL_TRAIN,0,57,0,45,0.45535714285714285,0.4444444444444444,0.4666666666666667,0.5059523809523809
P02-A0-PhysioNetMI-SAN-PERM-FULL_TRAIN-MR00-PR091,PhysioNetMI,SAN-PERM,A0-RAW-ACCEPT-ALL,FULL_TRAIN,0,71,0,45,0.5009881422924901,0.375,0.5111111111111111,0.5059288537549407
P02-A0-PhysioNetMI-SAN-PERM-FULL_TRAIN-MR00-PR091,PhysioNetMI,SAN-PERM,A0-RAW-ACCEPT-ALL,FULL_TRAIN,0,93,0,45,0.4308300395256917,0.326036866359447,0.4222222222222222,0.30434782608695654
P02-A0-PhysioNetMI-SAN-PERM-FULL_TRAIN-MR00-PR091,PhysioNetMI,SAN-PERM,A0-RAW-ACCEPT-ALL,FULL_TRAIN,0,98,0,45,0.47924901185770746,0.3630769230769231,0.4888888888888889,0.5909090909090909
P02-A0-PhysioNetMI-SAN-PERM-FULL_TRAIN-MR00-PR091,PhysioNetMI,SAN-PERM,A0-RAW-ACCEPT-ALL,FULL_TRAIN,0,107,0,45,0.5327380952380952,0.4665948275862069,0.5111111111111111,0.45833333333333326
P02-A0-PhysioNetMI-SAN-PERM-FULL_TRAIN-MR00-PR092,PhysioNetMI,SAN-PERM,A0-RAW-ACCEPT-ALL,FULL_TRAIN,0,6,0,45,0.5654761904761905,0.5558441558441558,0.5777777777777777,0.503968253968254
P02-A0-PhysioNetMI-SAN-PERM-FULL_TRAIN-MR00-PR092,PhysioNetMI,SAN-PERM,A0-RAW-ACCEPT-ALL,FULL_TRAIN,0,27,0,45,0.5612648221343874,0.5273109243697479,0.5555555555555556,0.5988142292490118
P02-A0-PhysioNetMI-SAN-PERM-FULL_TRAIN-MR00-PR092,PhysioNetMI,SAN-PERM,A0-RAW-ACCEPT-ALL,FULL_TRAIN,0,39,0,45,0.5,0.3283582089552239,0.4888888888888889,0.4525691699604743
P02-A0-PhysioNetMI-SAN-PERM-FULL_TRAIN-MR00-PR092,PhysioNetMI,SAN-PERM,A0-RAW-ACCEPT-ALL,FULL_TRAIN,0,40,0,45,0.6398809523809523,0.6025974025974026,0.6222222222222222,0.6825396825396827
P02-A0-PhysioNetMI-SAN-PERM-FULL_TRAIN-MR00-PR092,PhysioNetMI,SAN-PERM,A0-RAW-ACCEPT-ALL,FULL_TRAIN,0,47,0,45,0.5,0.34782608695652173,0.5333333333333333,0.4285714285714286
P02-A0-PhysioNetMI-SAN-PERM-FULL_TRAIN-MR00-PR092,PhysioNetMI,SAN-PERM,A0-RAW-ACCEPT-ALL,FULL_TRAIN,0,48,0,45,0.5,0.3382352941176471,0.5111111111111111,0.49209486166007904
P02-A0-PhysioNetMI-SAN-PERM-FULL_TRAIN-MR00-PR092,PhysioNetMI,SAN-PERM,A0-RAW-ACCEPT-ALL,FULL_TRAIN,0,57,0,45,0.5178571428571428,0.3915343915343915,0.4888888888888889,0.5496031746031746
P02-A0-PhysioNetMI-SAN-PERM-FULL_TRAIN-MR00-PR092,PhysioNetMI,SAN-PERM,A0-RAW-ACCEPT-ALL,FULL_TRAIN,0,71,0,45,0.5790513833992095,0.5769421078673924,0.5777777777777777,0.5395256916996047
P02-A0-PhysioNetMI-SAN-PERM-FULL_TRAIN-MR00-PR092,PhysioNetMI,SAN-PERM,A0-RAW-ACCEPT-ALL,FULL_TRAIN,0,93,0,45,0.5523715415019763,0.5445344129554656,0.5555555555555556,0.6363636363636364
P02-A0-PhysioNetMI-SAN-PERM-FULL_TRAIN-MR00-PR092,PhysioNetMI,SAN-PERM,A0-RAW-ACCEPT-ALL,FULL_TRAIN,0,98,0,45,0.5464426877470356,0.4591346153846154,0.5555555555555556,0.517786561264822
P02-A0-PhysioNetMI-SAN-PERM-FULL_TRAIN-MR00-PR092,PhysioNetMI,SAN-PERM,A0-RAW-ACCEPT-ALL,FULL_TRAIN,0,107,0,45,0.3511904761904762,0.29096638655462187,0.3333333333333333,0.3492063492063492
P02-A0-PhysioNetMI-SAN-PERM-FULL_TRAIN-MR00-PR093,PhysioNetMI,SAN-PERM,A0-RAW-ACCEPT-ALL,FULL_TRAIN,0,6,0,45,0.49404761904761907,0.48787728847105394,0.4888888888888889,0.45634920634920634
P02-A0-PhysioNetMI-SAN-PERM-FULL_TRAIN-MR00-PR093,PhysioNetMI,SAN-PERM,A0-RAW-ACCEPT-ALL,FULL_TRAIN,0,27,0,45,0.5375494071146245,0.5181030086690463,0.5333333333333333,0.5395256916996047
P02-A0-PhysioNetMI-SAN-PERM-FULL_TRAIN-MR00-PR093,PhysioNetMI,SAN-PERM,A0-RAW-ACCEPT-ALL,FULL_TRAIN,0,39,0,45,0.5375494071146245,0.5181030086690463,0.5333333333333333,0.4683794466403162
P02-A0-PhysioNetMI-SAN-PERM-FULL_TRAIN-MR00-PR093,PhysioNetMI,SAN-PERM,A0-RAW-ACCEPT-ALL,FULL_TRAIN,0,40,0,45,0.5,0.3181818181818182,0.4666666666666667,0.4900793650793651
P02-A0-PhysioNetMI-SAN-PERM-FULL_TRAIN-MR00-PR093,PhysioNetMI,SAN-PERM,A0-RAW-ACCEPT-ALL,FULL_TRAIN,0,47,0,45,0.5,0.34782608695652173,0.5333333333333333,0.4523809523809524
P02-A0-PhysioNetMI-SAN-PERM-FULL_TRAIN-MR00-PR093,PhysioNetMI,SAN-PERM,A0-RAW-ACCEPT-ALL,FULL_TRAIN,0,48,0,45,0.4150197628458498,0.35,0.4222222222222222,0.3241106719367589
P02-A0-PhysioNetMI-SAN-PERM-FULL_TRAIN-MR00-PR093,PhysioNetMI,SAN-PERM,A0-RAW-ACCEPT-ALL,FULL_TRAIN,0,57,0,45,0.5446428571428572,0.5248868778280543,0.5333333333333333,0.5337301587301587
P02-A0-PhysioNetMI-SAN-PERM-FULL_TRAIN-MR00-PR093,PhysioNetMI,SAN-PERM,A0-RAW-ACCEPT-ALL,FULL_TRAIN,0,71,0,45,0.5019762845849802,0.4050480769230769,0.5111111111111111,0.4743083003952569
P02-A0-PhysioNetMI-SAN-PERM-FULL_TRAIN-MR00-PR093,PhysioNetMI,SAN-PERM,A0-RAW-ACCEPT-ALL,FULL_TRAIN,0,93,0,45,0.5019762845849802,0.4050480769230769,0.5111111111111111,0.3616600790513834
P02-A0-PhysioNetMI-SAN-PERM-FULL_TRAIN-MR00-PR093,PhysioNetMI,SAN-PERM,A0-RAW-ACCEPT-ALL,FULL_TRAIN,0,98,0,45,0.5,0.3283582089552239,0.4888888888888889,0.4644268774703557
P02-A0-PhysioNetMI-SAN-PERM-FULL_TRAIN-MR00-PR093,PhysioNetMI,SAN-PERM,A0-RAW-ACCEPT-ALL,FULL_TRAIN,0,107,0,45,0.42559523809523814,0.3849097867687261,0.4444444444444444,0.39285714285714285
P02-A0-PhysioNetMI-SAN-PERM-FULL_TRAIN-MR00-PR094,PhysioNetMI,SAN-PERM,A0-RAW-ACCEPT-ALL,FULL_TRAIN,0,6,0,45,0.49404761904761907,0.48787728847105394,0.4888888888888889,0.5218253968253969
P02-A0-PhysioNetMI-SAN-PERM-FULL_TRAIN-MR00-PR094,PhysioNetMI,SAN-PERM,A0-RAW-ACCEPT-ALL,FULL_TRAIN,0,27,0,45,0.5454545454545454,0.4318181818181818,0.5555555555555556,0.658102766798419
P02-A0-PhysioNetMI-SAN-PERM-FULL_TRAIN-MR00-PR094,PhysioNetMI,SAN-PERM,A0-RAW-ACCEPT-ALL,FULL_TRAIN,0,39,0,45,0.4505928853754941,0.4019138755980861,0.4444444444444444,0.5335968379446641
P02-A0-PhysioNetMI-SAN-PERM-FULL_TRAIN-MR00-PR094,PhysioNetMI,SAN-PERM,A0-RAW-ACCEPT-ALL,FULL_TRAIN,0,40,0,45,0.47619047619047616,0.46,0.4666666666666667,0.5456349206349207
P02-A0-PhysioNetMI-SAN-PERM-FULL_TRAIN-MR00-PR094,PhysioNetMI,SAN-PERM,A0-RAW-ACCEPT-ALL,FULL_TRAIN,0,47,0,45,0.4583333333333333,0.3283582089552239,0.4888888888888889,0.5912698412698413
P02-A0-PhysioNetMI-SAN-PERM-FULL_TRAIN-MR00-PR094,PhysioNetMI,SAN-PERM,A0-RAW-ACCEPT-ALL,FULL_TRAIN,0,48,0,45,0.5069169960474308,0.4907407407407407,0.5111111111111111,0.4545454545454546
P02-A0-PhysioNetMI-SAN-PERM-FULL_TRAIN-MR00-PR094,PhysioNetMI,SAN-PERM,A0-RAW-ACCEPT-ALL,FULL_TRAIN,0,57,0,45,0.4285714285714286,0.4196428571428571,0.4222222222222222,0.35714285714285715
P02-A0-PhysioNetMI-SAN-PERM-FULL_TRAIN-MR00-PR094,PhysioNetMI,SAN-PERM,A0-RAW-ACCEPT-ALL,FULL_TRAIN,0,71,0,45,0.5138339920948617,0.505,0.5111111111111111,0.5217391304347827
P02-A0-PhysioNetMI-SAN-PERM-FULL_TRAIN-MR00-PR094,PhysioNetMI,SAN-PERM,A0-RAW-ACCEPT-ALL,FULL_TRAIN,0,93,0,45,0.4496047430830039,0.41558441558441556,0.4444444444444444,0.4347826086956522
P02-A0-PhysioNetMI-SAN-PERM-FULL_TRAIN-MR00-PR094,PhysioNetMI,SAN-PERM,A0-RAW-ACCEPT-ALL,FULL_TRAIN,0,98,0,45,0.4980237154150198,0.3915343915343915,0.4888888888888889,0.4347826086956522
P02-A0-PhysioNetMI-SAN-PERM-FULL_TRAIN-MR00-PR094,PhysioNetMI,SAN-PERM,A0-RAW-ACCEPT-ALL,FULL_TRAIN,0,107,0,45,0.6636904761904763,0.6640119462419114,0.6666666666666666,0.5873015873015873
P02-A0-PhysioNetMI-SAN-PERM-FULL_TRAIN-MR00-PR095,PhysioNetMI,SAN-PERM,A0-RAW-ACCEPT-ALL,FULL_TRAIN,0,6,0,45,0.5505952380952381,0.55,0.5555555555555556,0.6507936507936508
P02-A0-PhysioNetMI-SAN-PERM-FULL_TRAIN-MR00-PR095,PhysioNetMI,SAN-PERM,A0-RAW-ACCEPT-ALL,FULL_TRAIN,0,27,0,45,0.5049407114624506,0.4665948275862069,0.5111111111111111,0.5
P02-A0-PhysioNetMI-SAN-PERM-FULL_TRAIN-MR00-PR095,PhysioNetMI,SAN-PERM,A0-RAW-ACCEPT-ALL,FULL_TRAIN,0,39,0,45,0.5,0.3382352941176471,0.5111111111111111,0.5019762845849802
P02-A0-PhysioNetMI-SAN-PERM-FULL_TRAIN-MR00-PR095,PhysioNetMI,SAN-PERM,A0-RAW-ACCEPT-ALL,FULL_TRAIN,0,40,0,45,0.5059523809523809,0.505,0.5111111111111111,0.4285714285714286
P02-A0-PhysioNetMI-SAN-PERM-FULL_TRAIN-MR00-PR095,PhysioNetMI,SAN-PERM,A0-RAW-ACCEPT-ALL,FULL_TRAIN,0,47,0,45,0.5178571428571428,0.3915343915343915,0.4888888888888889,0.6488095238095237
P02-A0-PhysioNetMI-SAN-PERM-FULL_TRAIN-MR00-PR095,PhysioNetMI,SAN-PERM,A0-RAW-ACCEPT-ALL,FULL_TRAIN,0,48,0,45,0.4990118577075099,0.3630769230769231,0.4888888888888889,0.5118577075098814
P02-A0-PhysioNetMI-SAN-PERM-FULL_TRAIN-MR00-PR095,PhysioNetMI,SAN-PERM,A0-RAW-ACCEPT-ALL,FULL_TRAIN,0,57,0,45,0.49702380952380953,0.48004201680672265,0.5111111111111111,0.494047619047619
P02-A0-PhysioNetMI-SAN-PERM-FULL_TRAIN-MR00-PR095,PhysioNetMI,SAN-PERM,A0-RAW-ACCEPT-ALL,FULL_TRAIN,0,71,0,45,0.5128458498023716,0.5089285714285714,0.5111111111111111,0.4901185770750988
P02-A0-PhysioNetMI-SAN-PERM-FULL_TRAIN-MR00-PR095,PhysioNetMI,SAN-PERM,A0-RAW-ACCEPT-ALL,FULL_TRAIN,0,93,0,45,0.4990118577075099,0.3630769230769231,0.4888888888888889,0.6205533596837944
P02-A0-PhysioNetMI-SAN-PERM-FULL_TRAIN-MR00-PR095,PhysioNetMI,SAN-PERM,A0-RAW-ACCEPT-ALL,FULL_TRAIN,0,98,0,45,0.5365612648221344,0.5248868778280543,0.5333333333333333,0.48023715415019763
P02-A0-PhysioNetMI-SAN-PERM-FULL_TRAIN-MR00-PR095,PhysioNetMI,SAN-PERM,A0-RAW-ACCEPT-ALL,FULL_TRAIN,0,107,0,45,0.4791666666666667,0.3382352941176471,0.5111111111111111,0.3928571428571428
P02-A0-PhysioNetMI-SAN-PERM-FULL_TRAIN-MR00-PR096,PhysioNetMI,SAN-PERM,A0-RAW-ACCEPT-ALL,FULL_TRAIN,0,6,0,45,0.5416666666666666,0.4050480769230769,0.5111111111111111,0.623015873015873
P02-A0-PhysioNetMI-SAN-PERM-FULL_TRAIN-MR00-PR096,PhysioNetMI,SAN-PERM,A0-RAW-ACCEPT-ALL,FULL_TRAIN,0,27,0,45,0.47035573122529645,0.45344129554655865,0.4666666666666667,0.4980237154150198
P02-A0-PhysioNetMI-SAN-PERM-FULL_TRAIN-MR00-PR096,PhysioNetMI,SAN-PERM,A0-RAW-ACCEPT-ALL,FULL_TRAIN,0,39,0,45,0.5227272727272727,0.3867618429591174,0.5333333333333333,0.48616600790513836
P02-A0-PhysioNetMI-SAN-PERM-FULL_TRAIN-MR00-PR096,PhysioNetMI,SAN-PERM,A0-RAW-ACCEPT-ALL,FULL_TRAIN,0,40,0,45,0.5238095238095238,0.4989878542510121,0.5111111111111111,0.5059523809523809
P02-A0-PhysioNetMI-SAN-PERM-FULL_TRAIN-MR00-PR096,PhysioNetMI,SAN-PERM,A0-RAW-ACCEPT-ALL,FULL_TRAIN,0,47,0,45,0.6369047619047619,0.6098929117797043,0.6222222222222222,0.625
P02-A0-PhysioNetMI-SAN-PERM-FULL_TRAIN-MR00-PR096,PhysioNetMI,SAN-PERM,A0-RAW-ACCEPT-ALL,FULL_TRAIN,0,48,0,45,0.5207509881422925,0.4050480769230769,0.5111111111111111,0.5276679841897234
P02-A0-PhysioNetMI-SAN-PERM-FULL_TRAIN-MR00-PR096,PhysioNetMI,SAN-PERM,A0-RAW-ACCEPT-ALL,FULL_TRAIN,0,57,0,45,0.5565476190476191,0.5553359683794465,0.5555555555555556,0.5138888888888888
P02-A0-PhysioNetMI-SAN-PERM-FULL_TRAIN-MR00-PR096,PhysioNetMI,SAN-PERM,A0-RAW-ACCEPT-ALL,FULL_TRAIN,0,71,0,45,0.5029644268774703,0.42972350230414746,0.5111111111111111,0.6343873517786561
P02-A0-PhysioNetMI-SAN-PERM-FULL_TRAIN-MR00-PR096,PhysioNetMI,SAN-PERM,A0-RAW-ACCEPT-ALL,FULL_TRAIN,0,93,0,45,0.5069169960474308,0.4907407407407407,0.5111111111111111,0.5790513833992095
P02-A0-PhysioNetMI-SAN-PERM-FULL_TRAIN-MR00-PR096,PhysioNetMI,SAN-PERM,A0-RAW-ACCEPT-ALL,FULL_TRAIN,0,98,0,45,0.5266798418972332,0.4833242208857299,0.5333333333333333,0.6106719367588933
P02-A0-PhysioNetMI-SAN-PERM-FULL_TRAIN-MR00-PR096,PhysioNetMI,SAN-PERM,A0-RAW-ACCEPT-ALL,FULL_TRAIN,0,107,0,45,0.5386904761904762,0.5150862068965517,0.5555555555555556,0.5416666666666666
P02-A0-PhysioNetMI-SAN-PERM-FULL_TRAIN-MR00-PR097,PhysioNetMI,SAN-PERM,A0-RAW-ACCEPT-ALL,FULL_TRAIN,0,6,0,45,0.5476190476190476,0.5181030086690463,0.5333333333333333,0.5575396825396826
P02-A0-PhysioNetMI-SAN-PERM-FULL_TRAIN-MR00-PR097,PhysioNetMI,SAN-PERM,A0-RAW-ACCEPT-ALL,FULL_TRAIN,0,27,0,45,0.4782608695652174,0.3283582089552239,0.4888888888888889,0.46047430830039526
P02-A0-PhysioNetMI-SAN-PERM-FULL_TRAIN-MR00-PR097,PhysioNetMI,SAN-PERM,A0-RAW-ACCEPT-ALL,FULL_TRAIN,0,39,0,45,0.5,0.3382352941176471,0.5111111111111111,0.4782608695652174
P02-A0-PhysioNetMI-SAN-PERM-FULL_TRAIN-MR00-PR097,PhysioNetMI,SAN-PERM,A0-RAW-ACCEPT-ALL,FULL_TRAIN,0,40,0,45,0.5,0.3181818181818182,0.4666666666666667,0.5238095238095238
P02-A0-PhysioNetMI-SAN-PERM-FULL_TRAIN-MR00-PR097,PhysioNetMI,SAN-PERM,A0-RAW-ACCEPT-ALL,FULL_TRAIN,0,47,0,45,0.5238095238095238,0.4989878542510121,0.5111111111111111,0.47023809523809523
P02-A0-PhysioNetMI-SAN-PERM-FULL_TRAIN-MR00-PR097,PhysioNetMI,SAN-PERM,A0-RAW-ACCEPT-ALL,FULL_TRAIN,0,48,0,45,0.358695652173913,0.3438914027149321,0.35555555555555557,0.2707509881422925
P02-A0-PhysioNetMI-SAN-PERM-FULL_TRAIN-MR00-PR097,PhysioNetMI,SAN-PERM,A0-RAW-ACCEPT-ALL,FULL_TRAIN,0,57,0,45,0.46130952380952384,0.3630769230769231,0.4888888888888889,0.3492063492063492
P02-A0-PhysioNetMI-SAN-PERM-FULL_TRAIN-MR00-PR097,PhysioNetMI,SAN-PERM,A0-RAW-ACCEPT-ALL,FULL_TRAIN,0,71,0,45,0.45256916996047436,0.3640474844544941,0.4444444444444444,0.4723320158102767
P02-A0-PhysioNetMI-SAN-PERM-FULL_TRAIN-MR00-PR097,PhysioNetMI,SAN-PERM,A0-RAW-ACCEPT-ALL,FULL_TRAIN,0,93,0,45,0.5039525691699605,0.44999999999999996,0.5111111111111111,0.3992094861660079
P02-A0-PhysioNetMI-SAN-PERM-FULL_TRAIN-MR00-PR097,PhysioNetMI,SAN-PERM,A0-RAW-ACCEPT-ALL,FULL_TRAIN,0,98,0,45,0.491106719367589,0.48481831757093086,0.4888888888888889,0.4604743083003952
P02-A0-PhysioNetMI-SAN-PERM-FULL_TRAIN-MR00-PR097,PhysioNetMI,SAN-PERM,A0-RAW-ACCEPT-ALL,FULL_TRAIN,0,107,0,45,0.45238095238095233,0.4327731092436975,0.4666666666666667,0.4186507936507936
P02-A0-PhysioNetMI-SAN-PERM-FULL_TRAIN-MR00-PR098,PhysioNetMI,SAN-PERM,A0-RAW-ACCEPT-ALL,FULL_TRAIN,0,6,0,45,0.5,0.3181818181818182,0.4666666666666667,0.498015873015873
P02-A0-PhysioNetMI-SAN-PERM-FULL_TRAIN-MR00-PR098,PhysioNetMI,SAN-PERM,A0-RAW-ACCEPT-ALL,FULL_TRAIN,0,27,0,45,0.4762845849802371,0.35096153846153844,0.4666666666666667,0.46837944664031617
P02-A0-PhysioNetMI-SAN-PERM-FULL_TRAIN-MR00-PR098,PhysioNetMI,SAN-PERM,A0-RAW-ACCEPT-ALL,FULL_TRAIN,0,39,0,45,0.5,0.3283582089552239,0.4888888888888889,0.34980237154150196
P02-A0-PhysioNetMI-SAN-PERM-FULL_TRAIN-MR00-PR098,PhysioNetMI,SAN-PERM,A0-RAW-ACCEPT-ALL,FULL_TRAIN,0,40,0,45,0.5505952380952381,0.509090909090909,0.5333333333333333,0.4841269841269842
P02-A0-PhysioNetMI-SAN-PERM-FULL_TRAIN-MR00-PR098,PhysioNetMI,SAN-PERM,A0-RAW-ACCEPT-ALL,FULL_TRAIN,0,47,0,45,0.5,0.34782608695652173,0.5333333333333333,0.3611111111111111
P02-A0-PhysioNetMI-SAN-PERM-FULL_TRAIN-MR00-PR098,PhysioNetMI,SAN-PERM,A0-RAW-ACCEPT-ALL,FULL_TRAIN,0,48,0,45,0.4782608695652174,0.3283582089552239,0.4888888888888889,0.458498023715415
P02-A0-PhysioNetMI-SAN-PERM-FULL_TRAIN-MR00-PR098,PhysioNetMI,SAN-PERM,A0-RAW-ACCEPT-ALL,FULL_TRAIN,0,57,0,45,0.5,0.3181818181818182,0.4666666666666667,0.5138888888888888
P02-A0-PhysioNetMI-SAN-PERM-FULL_TRAIN-MR00-PR098,PhysioNetMI,SAN-PERM,A0-RAW-ACCEPT-ALL,FULL_TRAIN,0,71,0,45,0.4841897233201581,0.4623376623376623,0.4888888888888889,0.541501976284585
P02-A0-PhysioNetMI-SAN-PERM-FULL_TRAIN-MR00-PR098,PhysioNetMI,SAN-PERM,A0-RAW-ACCEPT-ALL,FULL_TRAIN,0,93,0,45,0.5049407114624506,0.4665948275862069,0.5111111111111111,0.507905138339921
P02-A0-PhysioNetMI-SAN-PERM-FULL_TRAIN-MR00-PR098,PhysioNetMI,SAN-PERM,A0-RAW-ACCEPT-ALL,FULL_TRAIN,0,98,0,45,0.5731225296442688,0.5558441558441558,0.5777777777777777,0.6047430830039526
P02-A0-PhysioNetMI-SAN-PERM-FULL_TRAIN-MR00-PR098,PhysioNetMI,SAN-PERM,A0-RAW-ACCEPT-ALL,FULL_TRAIN,0,107,0,45,0.5565476190476191,0.5166760881854155,0.5777777777777777,0.5297619047619047
P02-A0-PhysioNetMI-SAN-PERM-FULL_TRAIN-MR00-PR099,PhysioNetMI,SAN-PERM,A0-RAW-ACCEPT-ALL,FULL_TRAIN,0,6,0,45,0.5,0.34782608695652173,0.5333333333333333,0.5317460317460317
P02-A0-PhysioNetMI-SAN-PERM-FULL_TRAIN-MR00-PR099,PhysioNetMI,SAN-PERM,A0-RAW-ACCEPT-ALL,FULL_TRAIN,0,27,0,45,0.5642292490118577,0.48156682027649766,0.5555555555555556,0.5098814229249012
P02-A0-PhysioNetMI-SAN-PERM-FULL_TRAIN-MR00-PR099,PhysioNetMI,SAN-PERM,A0-RAW-ACCEPT-ALL,FULL_TRAIN,0,39,0,45,0.5345849802371542,0.5324096981692232,0.5333333333333333,0.5731225296442688
P02-A0-PhysioNetMI-SAN-PERM-FULL_TRAIN-MR00-PR099,PhysioNetMI,SAN-PERM,A0-RAW-ACCEPT-ALL,FULL_TRAIN,0,40,0,45,0.4791666666666667,0.3382352941176471,0.5111111111111111,0.3928571428571429
P02-A0-PhysioNetMI-SAN-PERM-FULL_TRAIN-MR00-PR099,PhysioNetMI,SAN-PERM,A0-RAW-ACCEPT-ALL,FULL_TRAIN,0,47,0,45,0.5,0.3181818181818182,0.4666666666666667,0.5595238095238095
P02-A0-PhysioNetMI-SAN-PERM-FULL_TRAIN-MR00-PR099,PhysioNetMI,SAN-PERM,A0-RAW-ACCEPT-ALL,FULL_TRAIN,0,48,0,45,0.4723320158102767,0.4327731092436975,0.4666666666666667,0.4822134387351779
P02-A0-PhysioNetMI-SAN-PERM-FULL_TRAIN-MR00-PR099,PhysioNetMI,SAN-PERM,A0-RAW-ACCEPT-ALL,FULL_TRAIN,0,57,0,45,0.5059523809523809,0.505,0.5111111111111111,0.47817460317460314
P02-A0-PhysioNetMI-SAN-PERM-FULL_TRAIN-MR00-PR099,PhysioNetMI,SAN-PERM,A0-RAW-ACCEPT-ALL,FULL_TRAIN,0,71,0,45,0.4644268774703557,0.46,0.4666666666666667,0.40711462450592883
P02-A0-PhysioNetMI-SAN-PERM-FULL_TRAIN-MR00-PR099,PhysioNetMI,SAN-PERM,A0-RAW-ACCEPT-ALL,FULL_TRAIN,0,93,0,45,0.4713438735177865,0.4444444444444444,0.4666666666666667,0.4683794466403163
P02-A0-PhysioNetMI-SAN-PERM-FULL_TRAIN-MR00-PR099,PhysioNetMI,SAN-PERM,A0-RAW-ACCEPT-ALL,FULL_TRAIN,0,98,0,45,0.42193675889328064,0.42193675889328064,0.4222222222222222,0.3695652173913044
P02-A0-PhysioNetMI-SAN-PERM-FULL_TRAIN-MR00-PR099,PhysioNetMI,SAN-PERM,A0-RAW-ACCEPT-ALL,FULL_TRAIN,0,107,0,45,0.6130952380952381,0.6098929117797043,0.6222222222222222,0.5535714285714285
P02-A0-BNCI2014_001-SAN-PERM-FULL_TRAIN-MR00-PR000,BNCI2014_001,SAN-PERM,A0-RAW-ACCEPT-ALL,FULL_TRAIN,0,7,0train,144,0.45138888888888884,0.4247281921618205,0.4513888888888889,0.4270833333333333
P02-A0-BNCI2014_001-SAN-PERM-FULL_TRAIN-MR00-PR000,BNCI2014_001,SAN-PERM,A0-RAW-ACCEPT-ALL,FULL_TRAIN,0,7,1test,144,0.5069444444444444,0.36,0.5069444444444444,0.5302854938271604
P02-A0-BNCI2014_001-SAN-PERM-FULL_TRAIN-MR00-PR001,BNCI2014_001,SAN-PERM,A0-RAW-ACCEPT-ALL,FULL_TRAIN,0,7,0train,144,0.4861111111111111,0.3596153846153846,0.4861111111111111,0.4396219135802469
P02-A0-BNCI2014_001-SAN-PERM-FULL_TRAIN-MR00-PR001,BNCI2014_001,SAN-PERM,A0-RAW-ACCEPT-ALL,FULL_TRAIN,0,7,1test,144,0.5347222222222222,0.4552537970752639,0.5347222222222222,0.5260416666666667
P02-A0-BNCI2014_001-SAN-PERM-FULL_TRAIN-MR00-PR002,BNCI2014_001,SAN-PERM,A0-RAW-ACCEPT-ALL,FULL_TRAIN,0,7,0train,144,0.5763888888888888,0.5704015258962194,0.5763888888888888,0.5812114197530863
P02-A0-BNCI2014_001-SAN-PERM-FULL_TRAIN-MR00-PR002,BNCI2014_001,SAN-PERM,A0-RAW-ACCEPT-ALL,FULL_TRAIN,0,7,1test,144,0.5,0.42502218278615794,0.5,0.6383101851851852
P02-A0-BNCI2014_001-SAN-PERM-FULL_TRAIN-MR00-PR003,BNCI2014_001,SAN-PERM,A0-RAW-ACCEPT-ALL,FULL_TRAIN,0,7,0train,144,0.5,0.3333333333333333,0.5,0.6124614197530864
P02-A0-BNCI2014_001-SAN-PERM-FULL_TRAIN-MR00-PR003,BNCI2014_001,SAN-PERM,A0-RAW-ACCEPT-ALL,FULL_TRAIN,0,7,1test,144,0.5,0.3333333333333333,0.5,0.6946373456790124
P02-A0-BNCI2014_001-SAN-PERM-FULL_TRAIN-MR00-PR004,BNCI2014_001,SAN-PERM,A0-RAW-ACCEPT-ALL,FULL_TRAIN,0,7,0train,144,0.41666666666666663,0.36789297658862874,0.4166666666666667,0.3676697530864198
P02-A0-BNCI2014_001-SAN-PERM-FULL_TRAIN-MR00-PR004,BNCI2014_001,SAN-PERM,A0-RAW-ACCEPT-ALL,FULL_TRAIN,0,7,1test,144,0.4652777777777778,0.4274797335674084,0.4652777777777778,0.37750771604938277
P02-A0-BNCI2014_001-SAN-PERM-FULL_TRAIN-MR00-PR005,BNCI2014_001,SAN-PERM,A0-RAW-ACCEPT-ALL,FULL_TRAIN,0,7,0train,144,0.5,0.3333333333333333,0.5,0.4772376543209876
P02-A0-BNCI2014_001-SAN-PERM-FULL_TRAIN-MR00-PR005,BNCI2014_001,SAN-PERM,A0-RAW-ACCEPT-ALL,FULL_TRAIN,0,7,1test,144,0.5,0.3333333333333333,0.5,0.570408950617284
P02-A0-BNCI2014_001-SAN-PERM-FULL_TRAIN-MR00-PR006,BNCI2014_001,SAN-PERM,A0-RAW-ACCEPT-ALL,FULL_TRAIN,0,7,0train,144,0.5,0.4952288218111003,0.5,0.49768518518518523
P02-A0-BNCI2014_001-SAN-PERM-FULL_TRAIN-MR00-PR006,BNCI2014_001,SAN-PERM,A0-RAW-ACCEPT-ALL,FULL_TRAIN,0,7,1test,144,0.5208333333333334,0.5189542483660131,0.5208333333333334,0.546875
P02-A0-BNCI2014_001-SAN-PERM-FULL_TRAIN-MR00-PR007,BNCI2014_001,SAN-PERM,A0-RAW-ACCEPT-ALL,FULL_TRAIN,0,7,0train,144,0.5763888888888888,0.571741992101799,0.5763888888888888,0.560570987654321
P02-A0-BNCI2014_001-SAN-PERM-FULL_TRAIN-MR00-PR007,BNCI2014_001,SAN-PERM,A0-RAW-ACCEPT-ALL,FULL_TRAIN,0,7,1test,144,0.4930555555555556,0.46495648190563443,0.4930555555555556,0.4666280864197531
P02-A0-BNCI2014_001-SAN-PERM-FULL_TRAIN-MR00-PR008,BNCI2014_001,SAN-PERM,A0-RAW-ACCEPT-ALL,FULL_TRAIN,0,7,0train,144,0.5,0.3333333333333333,0.5,0.45775462962962965
P02-A0-BNCI2014_001-SAN-PERM-FULL_TRAIN-MR00-PR008,BNCI2014_001,SAN-PERM,A0-RAW-ACCEPT-ALL,FULL_TRAIN,0,7,1test,144,0.5,0.4984520123839009,0.5,0.5594135802469136
P02-A0-BNCI2014_001-SAN-PERM-FULL_TRAIN-MR00-PR009,BNCI2014_001,SAN-PERM,A0-RAW-ACCEPT-ALL,FULL_TRAIN,0,7,0train,144,0.5277777777777778,0.44363636363636366,0.5277777777777778,0.611111111111111
P02-A0-BNCI2014_001-SAN-PERM-FULL_TRAIN-MR00-PR009,BNCI2014_001,SAN-PERM,A0-RAW-ACCEPT-ALL,FULL_TRAIN,0,7,1test,144,0.548611111111111,0.47788252356780275,0.5486111111111112,0.5424382716049383
P02-A0-BNCI2014_001-SAN-PERM-FULL_TRAIN-MR00-PR010,BNCI2014_001,SAN-PERM,A0-RAW-ACCEPT-ALL,FULL_TRAIN,0,7,0train,144,0.4930555555555555,0.3419718309859155,0.4930555555555556,0.4554398148148148
P02-A0-BNCI2014_001-SAN-PERM-FULL_TRAIN-MR00-PR010,BNCI2014_001,SAN-PERM,A0-RAW-ACCEPT-ALL,FULL_TRAIN,0,7,1test,144,0.4652777777777778,0.3175355450236967,0.4652777777777778,0.31558641975308643
P02-A0-BNCI2014_001-SAN-PERM-FULL_TRAIN-MR00-PR011,BNCI2014_001,SAN-PERM,A0-RAW-ACCEPT-ALL,FULL_TRAIN,0,7,0train,144,0.4930555555555556,0.49303110682421025,0.4930555555555556,0.4930555555555556
P02-A0-BNCI2014_001-SAN-PERM-FULL_TRAIN-MR00-PR011,BNCI2014_001,SAN-PERM,A0-RAW-ACCEPT-ALL,FULL_TRAIN,0,7,1test,144,0.5763888888888888,0.5209162803381511,0.5763888888888888,0.6109182098765432
P02-A0-BNCI2014_001-SAN-PERM-FULL_TRAIN-MR00-PR012,BNCI2014_001,SAN-PERM,A0-RAW-ACCEPT-ALL,FULL_TRAIN,0,7,0train,144,0.5763888888888888,0.5632241062105315,0.5763888888888888,0.5503472222222222
P02-A0-BNCI2014_001-SAN-PERM-FULL_TRAIN-MR00-PR012,BNCI2014_001,SAN-PERM,A0-RAW-ACCEPT-ALL,FULL_TRAIN,0,7,1test,144,0.4930555555555556,0.48589035066268893,0.4930555555555556,0.5225694444444444
P02-A0-BNCI2014_001-SAN-PERM-FULL_TRAIN-MR00-PR013,BNCI2014_001,SAN-PERM,A0-RAW-ACCEPT-ALL,FULL_TRAIN,0,7,0train,144,0.4652777777777778,0.4229508196721311,0.4652777777777778,0.4209104938271605
P02-A0-BNCI2014_001-SAN-PERM-FULL_TRAIN-MR00-PR013,BNCI2014_001,SAN-PERM,A0-RAW-ACCEPT-ALL,FULL_TRAIN,0,7,1test,144,0.5069444444444444,0.48897885739991,0.5069444444444444,0.5106095679012346
P02-A0-BNCI2014_001-SAN-PERM-FULL_TRAIN-MR00-PR014,BNCI2014_001,SAN-PERM,A0-RAW-ACCEPT-ALL,FULL_TRAIN,0,7,0train,144,0.5,0.3452892144480929,0.5,0.6205632716049383
P02-A0-BNCI2014_001-SAN-PERM-FULL_TRAIN-MR00-PR014,BNCI2014_001,SAN-PERM,A0-RAW-ACCEPT-ALL,FULL_TRAIN,0,7,1test,144,0.4930555555555556,0.4684197218710493,0.4930555555555556,0.5229552469135803
P02-A0-BNCI2014_001-SAN-PERM-FULL_TRAIN-MR00-PR015,BNCI2014_001,SAN-PERM,A0-RAW-ACCEPT-ALL,FULL_TRAIN,0,7,0train,144,0.4861111111111111,0.4627949183303085,0.4861111111111111,0.47434413580246915
P02-A0-BNCI2014_001-SAN-PERM-FULL_TRAIN-MR00-PR015,BNCI2014_001,SAN-PERM,A0-RAW-ACCEPT-ALL,FULL_TRAIN,0,7,1test,144,0.4375,0.42954956717366855,0.4375,0.4079861111111111
P02-A0-BNCI2014_001-SAN-PERM-FULL_TRAIN-MR00-PR016,BNCI2014_001,SAN-PERM,A0-RAW-ACCEPT-ALL,FULL_TRAIN,0,7,0train,144,0.4722222222222222,0.45148356054530875,0.4722222222222222,0.4533179012345679
P02-A0-BNCI2014_001-SAN-PERM-FULL_TRAIN-MR00-PR016,BNCI2014_001,SAN-PERM,A0-RAW-ACCEPT-ALL,FULL_TRAIN,0,7,1test,144,0.4444444444444444,0.4443372564152035,0.4444444444444444,0.44714506172839497
P02-A0-BNCI2014_001-SAN-PERM-FULL_TRAIN-MR00-PR017,BNCI2014_001,SAN-PERM,A0-RAW-ACCEPT-ALL,FULL_TRAIN,0,7,0train,144,0.5138888888888888,0.5104895104895105,0.5138888888888888,0.49074074074074076
P02-A0-BNCI2014_001-SAN-PERM-FULL_TRAIN-MR00-PR017,BNCI2014_001,SAN-PERM,A0-RAW-ACCEPT-ALL,FULL_TRAIN,0,7,1test,144,0.6666666666666667,0.6650513665439038,0.6666666666666666,0.7366898148148149
P02-A0-BNCI2014_001-SAN-PERM-FULL_TRAIN-MR00-PR018,BNCI2014_001,SAN-PERM,A0-RAW-ACCEPT-ALL,FULL_TRAIN,0,7,0train,144,0.5347222222222222,0.5319912684938152,0.5347222222222222,0.5652006172839507
P02-A0-BNCI2014_001-SAN-PERM-FULL_TRAIN-MR00-PR018,BNCI2014_001,SAN-PERM,A0-RAW-ACCEPT-ALL,FULL_TRAIN,0,7,1test,144,0.4722222222222222,0.4178723404255319,0.4722222222222222,0.47106481481481477
P02-A0-BNCI2014_001-SAN-PERM-FULL_TRAIN-MR00-PR019,BNCI2014_001,SAN-PERM,A0-RAW-ACCEPT-ALL,FULL_TRAIN,0,7,0train,144,0.4513888888888889,0.43433941623986877,0.4513888888888889,0.4525462962962963
P02-A0-BNCI2014_001-SAN-PERM-FULL_TRAIN-MR00-PR019,BNCI2014_001,SAN-PERM,A0-RAW-ACCEPT-ALL,FULL_TRAIN,0,7,1test,144,0.5763888888888888,0.5529088410444343,0.5763888888888888,0.6365740740740742
P02-A0-BNCI2014_001-SAN-PERM-FULL_TRAIN-MR00-PR020,BNCI2014_001,SAN-PERM,A0-RAW-ACCEPT-ALL,FULL_TRAIN,0,7,0train,144,0.4861111111111111,0.36916883731944117,0.4861111111111111,0.5069444444444445
P02-A0-BNCI2014_001-SAN-PERM-FULL_TRAIN-MR00-PR020,BNCI2014_001,SAN-PERM,A0-RAW-ACCEPT-ALL,FULL_TRAIN,0,7,1test,144,0.5,0.3333333333333333,0.5,0.6103395061728396
P02-A0-BNCI2014_001-SAN-PERM-FULL_TRAIN-MR00-PR021,BNCI2014_001,SAN-PERM,A0-RAW-ACCEPT-ALL,FULL_TRAIN,0,7,0train,144,0.6041666666666667,0.5654153650659184,0.6041666666666666,0.660108024691358
P02-A0-BNCI2014_001-SAN-PERM-FULL_TRAIN-MR00-PR021,BNCI2014_001,SAN-PERM,A0-RAW-ACCEPT-ALL,FULL_TRAIN,0,7,1test,144,0.6041666666666667,0.5998244844229925,0.6041666666666666,0.6226851851851851
P02-A0-BNCI2014_001-SAN-PERM-FULL_TRAIN-MR00-PR022,BNCI2014_001,SAN-PERM,A0-RAW-ACCEPT-ALL,FULL_TRAIN,0,7,0train,144,0.5277777777777778,0.4838709677419355,0.5277777777777778,0.5869984567901234
P02-A0-BNCI2014_001-SAN-PERM-FULL_TRAIN-MR00-PR022,BNCI2014_001,SAN-PERM,A0-RAW-ACCEPT-ALL,FULL_TRAIN,0,7,1test,144,0.4513888888888889,0.4416687116564417,0.4513888888888889,0.46990740740740744
P02-A0-BNCI2014_001-SAN-PERM-FULL_TRAIN-MR00-PR023,BNCI2014_001,SAN-PERM,A0-RAW-ACCEPT-ALL,FULL_TRAIN,0,7,0train,144,0.5833333333333333,0.5692921236291126,0.5833333333333334,0.603587962962963
P02-A0-BNCI2014_001-SAN-PERM-FULL_TRAIN-MR00-PR023,BNCI2014_001,SAN-PERM,A0-RAW-ACCEPT-ALL,FULL_TRAIN,0,7,1test,144,0.5,0.3452892144480929,0.5,0.4577546296296296
P02-A0-BNCI2014_001-SAN-PERM-FULL_TRAIN-MR00-PR024,BNCI2014_001,SAN-PERM,A0-RAW-ACCEPT-ALL,FULL_TRAIN,0,7,0train,144,0.5625,0.5315743274642433,0.5625,0.5534336419753086
P02-A0-BNCI2014_001-SAN-PERM-FULL_TRAIN-MR00-PR024,BNCI2014_001,SAN-PERM,A0-RAW-ACCEPT-ALL,FULL_TRAIN,0,7,1test,144,0.5208333333333333,0.49074880836451235,0.5208333333333334,0.5163966049382716
P02-A0-BNCI2014_001-SAN-PERM-FULL_TRAIN-MR00-PR025,BNCI2014_001,SAN-PERM,A0-RAW-ACCEPT-ALL,FULL_TRAIN,0,7,0train,144,0.5,0.4704800817160368,0.5,0.4886188271604938
P02-A0-BNCI2014_001-SAN-PERM-FULL_TRAIN-MR00-PR025,BNCI2014_001,SAN-PERM,A0-RAW-ACCEPT-ALL,FULL_TRAIN,0,7,1test,144,0.42361111111111116,0.40260908681961316,0.4236111111111111,0.4241898148148148
P02-A0-BNCI2014_001-SAN-PERM-FULL_TRAIN-MR00-PR026,BNCI2014_001,SAN-PERM,A0-RAW-ACCEPT-ALL,FULL_TRAIN,0,7,0train,144,0.5,0.3333333333333333,0.5,0.5243055555555556
P02-A0-BNCI2014_001-SAN-PERM-FULL_TRAIN-MR00-PR026,BNCI2014_001,SAN-PERM,A0-RAW-ACCEPT-ALL,FULL_TRAIN,0,7,1test,144,0.5069444444444444,0.34858235106721885,0.5069444444444444,0.5217978395061729
P02-A0-BNCI2014_001-SAN-PERM-FULL_TRAIN-MR00-PR027,BNCI2014_001,SAN-PERM,A0-RAW-ACCEPT-ALL,FULL_TRAIN,0,7,0train,144,0.5069444444444444,0.5028929839062576,0.5069444444444444,0.498070987654321
P02-A0-BNCI2014_001-SAN-PERM-FULL_TRAIN-MR00-PR027,BNCI2014_001,SAN-PERM,A0-RAW-ACCEPT-ALL,FULL_TRAIN,0,7,1test,144,0.4861111111111111,0.32710280373831774,0.4861111111111111,0.3200231481481482
P02-A0-BNCI2014_001-SAN-PERM-FULL_TRAIN-MR00-PR028,BNCI2014_001,SAN-PERM,A0-RAW-ACCEPT-ALL,FULL_TRAIN,0,7,0train,144,0.5972222222222222,0.5734422880490296,0.5972222222222222,0.6271219135802469
P02-A0-BNCI2014_001-SAN-PERM-FULL_TRAIN-MR00-PR028,BNCI2014_001,SAN-PERM,A0-RAW-ACCEPT-ALL,FULL_TRAIN,0,7,1test,144,0.4722222222222222,0.39986839219127,0.4722222222222222,0.4741512345679012
P02-A0-BNCI2014_001-SAN-PERM-FULL_TRAIN-MR00-PR029,BNCI2014_001,SAN-PERM,A0-RAW-ACCEPT-ALL,FULL_TRAIN,0,7,0train,144,0.5347222222222222,0.4329709080223333,0.5347222222222222,0.5306712962962963
P02-A0-BNCI2014_001-SAN-PERM-FULL_TRAIN-MR00-PR029,BNCI2014_001,SAN-PERM,A0-RAW-ACCEPT-ALL,FULL_TRAIN,0,7,1test,144,0.5069444444444444,0.3807764520622615,0.5069444444444444,0.5493827160493827
P02-A0-BNCI2014_001-SAN-PERM-FULL_TRAIN-MR00-PR030,BNCI2014_001,SAN-PERM,A0-RAW-ACCEPT-ALL,FULL_TRAIN,0,7,0train,144,0.4375,0.42527716186252773,0.4375,0.42187499999999994
P02-A0-BNCI2014_001-SAN-PERM-FULL_TRAIN-MR00-PR030,BNCI2014_001,SAN-PERM,A0-RAW-ACCEPT-ALL,FULL_TRAIN,0,7,1test,144,0.4513888888888889,0.3407128368588815,0.4513888888888889,0.5005787037037037
P02-A0-BNCI2014_001-SAN-PERM-FULL_TRAIN-MR00-PR031,BNCI2014_001,SAN-PERM,A0-RAW-ACCEPT-ALL,FULL_TRAIN,0,7,0train,144,0.4930555555555556,0.37305421363392377,0.4930555555555556,0.49324845679012347
P02-A0-BNCI2014_001-SAN-PERM-FULL_TRAIN-MR00-PR031,BNCI2014_001,SAN-PERM,A0-RAW-ACCEPT-ALL,FULL_TRAIN,0,7,1test,144,0.5416666666666667,0.48958109559613316,0.5416666666666666,0.6080246913580247
P02-A0-BNCI2014_001-SAN-PERM-FULL_TRAIN-MR00-PR032,BNCI2014_001,SAN-PERM,A0-RAW-ACCEPT-ALL,FULL_TRAIN,0,7,0train,144,0.4583333333333333,0.325,0.4583333333333333,0.4432870370370371
P02-A0-BNCI2014_001-SAN-PERM-FULL_TRAIN-MR00-PR032,BNCI2014_001,SAN-PERM,A0-RAW-ACCEPT-ALL,FULL_TRAIN,0,7,1test,144,0.4930555555555556,0.48589035066268893,0.4930555555555556,0.45756172839506165
P02-A0-BNCI2014_001-SAN-PERM-FULL_TRAIN-MR00-PR033,BNCI2014_001,SAN-PERM,A0-RAW-ACCEPT-ALL,FULL_TRAIN,0,7,0train,144,0.5347222222222222,0.5308990129819614,0.5347222222222222,0.5192901234567902
P02-A0-BNCI2014_001-SAN-PERM-FULL_TRAIN-MR00-PR033,BNCI2014_001,SAN-PERM,A0-RAW-ACCEPT-ALL,FULL_TRAIN,0,7,1test,144,0.5,0.49650349650349646,0.5,0.4878472222222222
P02-A0-BNCI2014_001-SAN-PERM-FULL_TRAIN-MR00-PR034,BNCI2014_001,SAN-PERM,A0-RAW-ACCEPT-ALL,FULL_TRAIN,0,7,0train,144,0.5763888888888888,0.5762049500651325,0.5763888888888888,0.6074459876543209
P02-A0-BNCI2014_001-SAN-PERM-FULL_TRAIN-MR00-PR034,BNCI2014_001,SAN-PERM,A0-RAW-ACCEPT-ALL,FULL_TRAIN,0,7,1test,144,0.5694444444444444,0.568695652173913,0.5694444444444444,0.5883487654320988
P02-A0-BNCI2014_001-SAN-PERM-FULL_TRAIN-MR00-PR035,BNCI2014_001,SAN-PERM,A0-RAW-ACCEPT-ALL,FULL_TRAIN,0,7,0train,144,0.45833333333333337,0.45791505791505793,0.4583333333333333,0.4955632716049383
P02-A0-BNCI2014_001-SAN-PERM-FULL_TRAIN-MR00-PR035,BNCI2014_001,SAN-PERM,A0-RAW-ACCEPT-ALL,FULL_TRAIN,0,7,1test,144,0.4791666666666667,0.47345326897762174,0.4791666666666667,0.4438657407407407
P02-A0-BNCI2014_001-SAN-PERM-FULL_TRAIN-MR00-PR036,BNCI2014_001,SAN-PERM,A0-RAW-ACCEPT-ALL,FULL_TRAIN,0,7,0train,144,0.45138888888888884,0.4436347630459236,0.4513888888888889,0.44540895061728397
P02-A0-BNCI2014_001-SAN-PERM-FULL_TRAIN-MR00-PR036,BNCI2014_001,SAN-PERM,A0-RAW-ACCEPT-ALL,FULL_TRAIN,0,7,1test,144,0.4097222222222222,0.4096937545213407,0.4097222222222222,0.4016203703703704
P02-A0-BNCI2014_001-SAN-PERM-FULL_TRAIN-MR00-PR037,BNCI2014_001,SAN-PERM,A0-RAW-ACCEPT-ALL,FULL_TRAIN,0,7,0train,144,0.5069444444444444,0.3707145934634086,0.5069444444444444,0.5621141975308642
P02-A0-BNCI2014_001-SAN-PERM-FULL_TRAIN-MR00-PR037,BNCI2014_001,SAN-PERM,A0-RAW-ACCEPT-ALL,FULL_TRAIN,0,7,1test,144,0.4930555555555555,0.38219218336761684,0.4930555555555556,0.498070987654321
P02-A0-BNCI2014_001-SAN-PERM-FULL_TRAIN-MR00-PR038,BNCI2014_001,SAN-PERM,A0-RAW-ACCEPT-ALL,FULL_TRAIN,0,7,0train,144,0.4375,0.3977384210254557,0.4375,0.41628086419753085
P02-A0-BNCI2014_001-SAN-PERM-FULL_TRAIN-MR00-PR038,BNCI2014_001,SAN-PERM,A0-RAW-ACCEPT-ALL,FULL_TRAIN,0,7,1test,144,0.4513888888888889,0.41694428783763005,0.4513888888888889,0.4243827160493827
P02-A0-BNCI2014_001-SAN-PERM-FULL_TRAIN-MR00-PR039,BNCI2014_001,SAN-PERM,A0-RAW-ACCEPT-ALL,FULL_TRAIN,0,7,0train,144,0.4236111111111111,0.3548874615426135,0.4236111111111111,0.32735339506172845
P02-A0-BNCI2014_001-SAN-PERM-FULL_TRAIN-MR00-PR039,BNCI2014_001,SAN-PERM,A0-RAW-ACCEPT-ALL,FULL_TRAIN,0,7,1test,144,0.3819444444444445,0.3627368107006116,0.3819444444444444,0.3256172839506173
P02-A0-BNCI2014_001-SAN-PERM-FULL_TRAIN-MR00-PR040,BNCI2014_001,SAN-PERM,A0-RAW-ACCEPT-ALL,FULL_TRAIN,0,7,0train,144,0.4930555555555556,0.46122700015375945,0.4930555555555556,0.4083719135802469
P02-A0-BNCI2014_001-SAN-PERM-FULL_TRAIN-MR00-PR040,BNCI2014_001,SAN-PERM,A0-RAW-ACCEPT-ALL,FULL_TRAIN,0,7,1test,144,0.4930555555555556,0.35298824398350465,0.4930555555555556,0.47916666666666674
P02-A0-BNCI2014_001-SAN-PERM-FULL_TRAIN-MR00-PR041,BNCI2014_001,SAN-PERM,A0-RAW-ACCEPT-ALL,FULL_TRAIN,0,7,0train,144,0.47916666666666663,0.446466096048383,0.4791666666666667,0.38522376543209874
P02-A0-BNCI2014_001-SAN-PERM-FULL_TRAIN-MR00-PR041,BNCI2014_001,SAN-PERM,A0-RAW-ACCEPT-ALL,FULL_TRAIN,0,7,1test,144,0.4375,0.41700404858299595,0.4375,0.4232253086419753
P02-A0-BNCI2014_001-SAN-PERM-FULL_TRAIN-MR00-PR042,BNCI2014_001,SAN-PERM,A0-RAW-ACCEPT-ALL,FULL_TRAIN,0,7,0train,144,0.4791666666666667,0.3458906183756284,0.4791666666666667,0.4305555555555555
P02-A0-BNCI2014_001-SAN-PERM-FULL_TRAIN-MR00-PR042,BNCI2014_001,SAN-PERM,A0-RAW-ACCEPT-ALL,FULL_TRAIN,0,7,1test,144,0.5,0.4314542662864663,0.5,0.46045524691358025
P02-A0-BNCI2014_001-SAN-PERM-FULL_TRAIN-MR00-PR043,BNCI2014_001,SAN-PERM,A0-RAW-ACCEPT-ALL,FULL_TRAIN,0,7,0train,144,0.5486111111111112,0.504421030338328,0.5486111111111112,0.6024305555555556
P02-A0-BNCI2014_001-SAN-PERM-FULL_TRAIN-MR00-PR043,BNCI2014_001,SAN-PERM,A0-RAW-ACCEPT-ALL,FULL_TRAIN,0,7,1test,144,0.5347222222222222,0.526478527607362,0.5347222222222222,0.5638503086419753
P02-A0-BNCI2014_001-SAN-PERM-FULL_TRAIN-MR00-PR044,BNCI2014_001,SAN-PERM,A0-RAW-ACCEPT-ALL,FULL_TRAIN,0,7,0train,144,0.5,0.36703296703296706,0.5,0.519675925925926
P02-A0-BNCI2014_001-SAN-PERM-FULL_TRAIN-MR00-PR044,BNCI2014_001,SAN-PERM,A0-RAW-ACCEPT-ALL,FULL_TRAIN,0,7,1test,144,0.4722222222222222,0.3930789707187223,0.4722222222222222,0.48996913580246915
P02-A0-BNCI2014_001-SAN-PERM-FULL_TRAIN-MR00-PR045,BNCI2014_001,SAN-PERM,A0-RAW-ACCEPT-ALL,FULL_TRAIN,0,7,0train,144,0.5069444444444444,0.34858235106721885,0.5069444444444444,0.5129243827160493
P02-A0-BNCI2014_001-SAN-PERM-FULL_TRAIN-MR00-PR045,BNCI2014_001,SAN-PERM,A0-RAW-ACCEPT-ALL,FULL_TRAIN,0,7,1test,144,0.4722222222222222,0.459608927513332,0.4722222222222222,0.4484953703703704
P02-A0-BNCI2014_001-SAN-PERM-FULL_TRAIN-MR00-PR046,BNCI2014_001,SAN-PERM,A0-RAW-ACCEPT-ALL,FULL_TRAIN,0,7,0train,144,0.5277777777777778,0.4363343311075294,0.5277777777777778,0.6080246913580247
P02-A0-BNCI2014_001-SAN-PERM-FULL_TRAIN-MR00-PR046,BNCI2014_001,SAN-PERM,A0-RAW-ACCEPT-ALL,FULL_TRAIN,0,7,1test,144,0.4930555555555556,0.48589035066268893,0.4930555555555556,0.4479166666666667
P02-A0-BNCI2014_001-SAN-PERM-FULL_TRAIN-MR00-PR047,BNCI2014_001,SAN-PERM,A0-RAW-ACCEPT-ALL,FULL_TRAIN,0,7,0train,144,0.5,0.49757704981585577,0.5,0.4895833333333333
P02-A0-BNCI2014_001-SAN-PERM-FULL_TRAIN-MR00-PR047,BNCI2014_001,SAN-PERM,A0-RAW-ACCEPT-ALL,FULL_TRAIN,0,7,1test,144,0.5138888888888888,0.4272727272727273,0.5138888888888888,0.5657793209876544
P02-A0-BNCI2014_001-SAN-PERM-FULL_TRAIN-MR00-PR048,BNCI2014_001,SAN-PERM,A0-RAW-ACCEPT-ALL,FULL_TRAIN,0,7,0train,144,0.3888888888888889,0.3846153846153846,0.3888888888888889,0.3912037037037037
P02-A0-BNCI2014_001-SAN-PERM-FULL_TRAIN-MR00-PR048,BNCI2014_001,SAN-PERM,A0-RAW-ACCEPT-ALL,FULL_TRAIN,0,7,1test,144,0.5069444444444444,0.5015357612988153,0.5069444444444444,0.46064814814814814
P02-A0-BNCI2014_001-SAN-PERM-FULL_TRAIN-MR00-PR049,BNCI2014_001,SAN-PERM,A0-RAW-ACCEPT-ALL,FULL_TRAIN,0,7,0train,144,0.47916666666666663,0.4109626397600218,0.4791666666666667,0.498070987654321
P02-A0-BNCI2014_001-SAN-PERM-FULL_TRAIN-MR00-PR049,BNCI2014_001,SAN-PERM,A0-RAW-ACCEPT-ALL,FULL_TRAIN,0,7,1test,144,0.4930555555555556,0.49244362898942595,0.4930555555555556,0.5158179012345678
P02-A0-BNCI2014_001-SAN-PERM-FULL_TRAIN-MR00-PR050,BNCI2014_001,SAN-PERM,A0-RAW-ACCEPT-ALL,FULL_TRAIN,0,7,0train,144,0.5069444444444444,0.3707145934634086,0.5069444444444444,0.6494984567901235
P02-A0-BNCI2014_001-SAN-PERM-FULL_TRAIN-MR00-PR050,BNCI2014_001,SAN-PERM,A0-RAW-ACCEPT-ALL,FULL_TRAIN,0,7,1test,144,0.5069444444444444,0.36,0.5069444444444444,0.5100308641975309
P02-A0-BNCI2014_001-SAN-PERM-FULL_TRAIN-MR00-PR051,BNCI2014_001,SAN-PERM,A0-RAW-ACCEPT-ALL,FULL_TRAIN,0,7,0train,144,0.5208333333333334,0.5202549369900054,0.5208333333333334,0.5632716049382716
P02-A0-BNCI2014_001-SAN-PERM-FULL_TRAIN-MR00-PR051,BNCI2014_001,SAN-PERM,A0-RAW-ACCEPT-ALL,FULL_TRAIN,0,7,1test,144,0.625,0.6190476190476191,0.625,0.7065972222222222
P02-A0-BNCI2014_001-SAN-PERM-FULL_TRAIN-MR00-PR052,BNCI2014_001,SAN-PERM,A0-RAW-ACCEPT-ALL,FULL_TRAIN,0,7,0train,144,0.5347222222222222,0.46799007444168733,0.5347222222222222,0.5945216049382717
P02-A0-BNCI2014_001-SAN-PERM-FULL_TRAIN-MR00-PR052,BNCI2014_001,SAN-PERM,A0-RAW-ACCEPT-ALL,FULL_TRAIN,0,7,1test,144,0.4722222222222222,0.4671859785783836,0.4722222222222222,0.48032407407407407
P02-A0-BNCI2014_001-SAN-PERM-FULL_TRAIN-MR00-PR053,BNCI2014_001,SAN-PERM,A0-RAW-ACCEPT-ALL,FULL_TRAIN,0,7,0train,144,0.513888888888889,0.3743793445878848,0.5138888888888888,0.4529320987654321
P02-A0-BNCI2014_001-SAN-PERM-FULL_TRAIN-MR00-PR053,BNCI2014_001,SAN-PERM,A0-RAW-ACCEPT-ALL,FULL_TRAIN,0,7,1test,144,0.5416666666666666,0.5033444816053512,0.5416666666666666,0.6033950617283951
P02-A0-BNCI2014_001-SAN-PERM-FULL_TRAIN-MR00-PR054,BNCI2014_001,SAN-PERM,A0-RAW-ACCEPT-ALL,FULL_TRAIN,0,7,0train,144,0.5,0.3333333333333333,0.5,0.40219907407407407
P02-A0-BNCI2014_001-SAN-PERM-FULL_TRAIN-MR00-PR054,BNCI2014_001,SAN-PERM,A0-RAW-ACCEPT-ALL,FULL_TRAIN,0,7,1test,144,0.4583333333333333,0.3445378151260504,0.4583333333333333,0.3070987654320988
P02-A0-BNCI2014_001-SAN-PERM-FULL_TRAIN-MR00-PR055,BNCI2014_001,SAN-PERM,A0-RAW-ACCEPT-ALL,FULL_TRAIN,0,7,0train,144,0.4861111111111111,0.3494505494505495,0.4861111111111111,0.5208333333333333
P02-A0-BNCI2014_001-SAN-PERM-FULL_TRAIN-MR00-PR055,BNCI2014_001,SAN-PERM,A0-RAW-ACCEPT-ALL,FULL_TRAIN,0,7,1test,144,0.5208333333333334,0.4160446664707611,0.5208333333333334,0.43364197530864207
P02-A0-BNCI2014_001-SAN-PERM-FULL_TRAIN-MR00-PR056,BNCI2014_001,SAN-PERM,A0-RAW-ACCEPT-ALL,FULL_TRAIN,0,7,0train,144,0.4722222222222222,0.39986839219127,0.4722222222222222,0.38831018518518523
P02-A0-BNCI2014_001-SAN-PERM-FULL_TRAIN-MR00-PR056,BNCI2014_001,SAN-PERM,A0-RAW-ACCEPT-ALL,FULL_TRAIN,0,7,1test,144,0.5069444444444444,0.5028929839062576,0.5069444444444444,0.5557484567901234
P02-A0-BNCI2014_001-SAN-PERM-FULL_TRAIN-MR00-PR057,BNCI2014_001,SAN-PERM,A0-RAW-ACCEPT-ALL,FULL_TRAIN,0,7,0train,144,0.5138888888888888,0.5,0.5138888888888888,0.5094521604938271
P02-A0-BNCI2014_001-SAN-PERM-FULL_TRAIN-MR00-PR057,BNCI2014_001,SAN-PERM,A0-RAW-ACCEPT-ALL,FULL_TRAIN,0,7,1test,144,0.4375,0.43529411764705883,0.4375,0.40162037037037035
P02-A0-BNCI2014_001-SAN-PERM-FULL_TRAIN-MR00-PR058,BNCI2014_001,SAN-PERM,A0-RAW-ACCEPT-ALL,FULL_TRAIN,0,7,0train,144,0.4930555555555555,0.49283543204515845,0.4930555555555556,0.5277777777777778
P02-A0-BNCI2014_001-SAN-PERM-FULL_TRAIN-MR00-PR058,BNCI2014_001,SAN-PERM,A0-RAW-ACCEPT-ALL,FULL_TRAIN,0,7,1test,144,0.6875,0.686759800841108,0.6875,0.755787037037037
P02-A0-BNCI2014_001-SAN-PERM-FULL_TRAIN-MR00-PR059,BNCI2014_001,SAN-PERM,A0-RAW-ACCEPT-ALL,FULL_TRAIN,0,7,0train,144,0.4097222222222222,0.40137917542915835,0.4097222222222222,0.3856095679012346
P02-A0-BNCI2014_001-SAN-PERM-FULL_TRAIN-MR00-PR059,BNCI2014_001,SAN-PERM,A0-RAW-ACCEPT-ALL,FULL_TRAIN,0,7,1test,144,0.5138888888888888,0.4814814814814815,0.5138888888888888,0.5615354938271606
P02-A0-BNCI2014_001-SAN-PERM-FULL_TRAIN-MR00-PR060,BNCI2014_001,SAN-PERM,A0-RAW-ACCEPT-ALL,FULL_TRAIN,0,7,0train,144,0.39583333333333337,0.3531264522125265,0.3958333333333333,0.4060570987654321
P02-A0-BNCI2014_001-SAN-PERM-FULL_TRAIN-MR00-PR060,BNCI2014_001,SAN-PERM,A0-RAW-ACCEPT-ALL,FULL_TRAIN,0,7,1test,144,0.47916666666666663,0.33526189450360067,0.4791666666666667,0.42766203703703703
P02-A0-BNCI2014_001-SAN-PERM-FULL_TRAIN-MR00-PR061,BNCI2014_001,SAN-PERM,A0-RAW-ACCEPT-ALL,FULL_TRAIN,0,7,0train,144,0.5069444444444444,0.34858235106721885,0.5069444444444444,0.42245370370370366
P02-A0-BNCI2014_001-SAN-PERM-FULL_TRAIN-MR00-PR061,BNCI2014_001,SAN-PERM,A0-RAW-ACCEPT-ALL,FULL_TRAIN,0,7,1test,144,0.4861111111111111,0.3386295928500496,0.4861111111111111,0.37191358024691357
P02-A0-BNCI2014_001-SAN-PERM-FULL_TRAIN-MR00-PR062,BNCI2014_001,SAN-PERM,A0-RAW-ACCEPT-ALL,FULL_TRAIN,0,7,0train,144,0.47916666666666663,0.47914154810706533,0.4791666666666667,0.4546682098765432
P02-A0-BNCI2014_001-SAN-PERM-FULL_TRAIN-MR00-PR062,BNCI2014_001,SAN-PERM,A0-RAW-ACCEPT-ALL,FULL_TRAIN,0,7,1test,144,0.3263888888888889,0.3168680001956277,0.3263888888888889,0.28530092592592593
P02-A0-BNCI2014_001-SAN-PERM-FULL_TRAIN-MR00-PR063,BNCI2014_001,SAN-PERM,A0-RAW-ACCEPT-ALL,FULL_TRAIN,0,7,0train,144,0.4444444444444444,0.3682825180960737,0.4444444444444444,0.4349922839506173
P02-A0-BNCI2014_001-SAN-PERM-FULL_TRAIN-MR00-PR063,BNCI2014_001,SAN-PERM,A0-RAW-ACCEPT-ALL,FULL_TRAIN,0,7,1test,144,0.4722222222222222,0.3521193464361828,0.4722222222222222,0.5065586419753086
P02-A0-BNCI2014_001-SAN-PERM-FULL_TRAIN-MR00-PR064,BNCI2014_001,SAN-PERM,A0-RAW-ACCEPT-ALL,FULL_TRAIN,0,7,0train,144,0.4861111111111111,0.4796875,0.4861111111111111,0.4614197530864197
P02-A0-BNCI2014_001-SAN-PERM-FULL_TRAIN-MR00-PR064,BNCI2014_001,SAN-PERM,A0-RAW-ACCEPT-ALL,FULL_TRAIN,0,7,1test,144,0.4861111111111111,0.43833017077798864,0.4861111111111111,0.49440586419753085
P02-A0-BNCI2014_001-SAN-PERM-FULL_TRAIN-MR00-PR065,BNCI2014_001,SAN-PERM,A0-RAW-ACCEPT-ALL,FULL_TRAIN,0,7,0train,144,0.4930555555555555,0.3419718309859155,0.4930555555555556,0.42245370370370366
P02-A0-BNCI2014_001-SAN-PERM-FULL_TRAIN-MR00-PR065,BNCI2014_001,SAN-PERM,A0-RAW-ACCEPT-ALL,FULL_TRAIN,0,7,1test,144,0.4930555555555556,0.35298824398350465,0.4930555555555556,0.5534336419753086
P02-A0-BNCI2014_001-SAN-PERM-FULL_TRAIN-MR00-PR066,BNCI2014_001,SAN-PERM,A0-RAW-ACCEPT-ALL,FULL_TRAIN,0,7,0train,144,0.4791666666666667,0.4761096289109871,0.4791666666666667,0.42206790123456794
P02-A0-BNCI2014_001-SAN-PERM-FULL_TRAIN-MR00-PR066,BNCI2014_001,SAN-PERM,A0-RAW-ACCEPT-ALL,FULL_TRAIN,0,7,1test,144,0.5416666666666666,0.5178571428571428,0.5416666666666666,0.5848765432098766
P02-A0-BNCI2014_001-SAN-PERM-FULL_TRAIN-MR00-PR067,BNCI2014_001,SAN-PERM,A0-RAW-ACCEPT-ALL,FULL_TRAIN,0,7,0train,144,0.5,0.3333333333333333,0.5,0.43364197530864196
P02-A0-BNCI2014_001-SAN-PERM-FULL_TRAIN-MR00-PR067,BNCI2014_001,SAN-PERM,A0-RAW-ACCEPT-ALL,FULL_TRAIN,0,7,1test,144,0.5,0.3333333333333333,0.5,0.5048225308641975
P02-A0-BNCI2014_001-SAN-PERM-FULL_TRAIN-MR00-PR068,BNCI2014_001,SAN-PERM,A0-RAW-ACCEPT-ALL,FULL_TRAIN,0,7,0train,144,0.48611111111111116,0.41566132923886817,0.4861111111111111,0.5424382716049382
P02-A0-BNCI2014_001-SAN-PERM-FULL_TRAIN-MR00-PR068,BNCI2014_001,SAN-PERM,A0-RAW-ACCEPT-ALL,FULL_TRAIN,0,7,1test,144,0.5,0.49650349650349646,0.5,0.5069444444444444
P02-A0-BNCI2014_001-SAN-PERM-FULL_TRAIN-MR00-PR069,BNCI2014_001,SAN-PERM,A0-RAW-ACCEPT-ALL,FULL_TRAIN,0,7,0train,144,0.5,0.3333333333333333,0.5,0.5478395061728395
P02-A0-BNCI2014_001-SAN-PERM-FULL_TRAIN-MR00-PR069,BNCI2014_001,SAN-PERM,A0-RAW-ACCEPT-ALL,FULL_TRAIN,0,7,1test,144,0.5069444444444444,0.34858235106721885,0.5069444444444444,0.5393518518518519
P02-A0-BNCI2014_001-SAN-PERM-FULL_TRAIN-MR00-PR070,BNCI2014_001,SAN-PERM,A0-RAW-ACCEPT-ALL,FULL_TRAIN,0,7,0train,144,0.5138888888888888,0.3846153846153846,0.5138888888888888,0.5231481481481481
P02-A0-BNCI2014_001-SAN-PERM-FULL_TRAIN-MR00-PR070,BNCI2014_001,SAN-PERM,A0-RAW-ACCEPT-ALL,FULL_TRAIN,0,7,1test,144,0.5902777777777778,0.5902580178442247,0.5902777777777778,0.6280864197530864
P02-A0-BNCI2014_001-SAN-PERM-FULL_TRAIN-MR00-PR071,BNCI2014_001,SAN-PERM,A0-RAW-ACCEPT-ALL,FULL_TRAIN,0,7,0train,144,0.4930555555555555,0.3633335352189449,0.4930555555555556,0.48804012345679015
P02-A0-BNCI2014_001-SAN-PERM-FULL_TRAIN-MR00-PR071,BNCI2014_001,SAN-PERM,A0-RAW-ACCEPT-ALL,FULL_TRAIN,0,7,1test,144,0.4930555555555556,0.3302325581395349,0.4930555555555556,0.5183256172839507
P02-A0-BNCI2014_001-SAN-PERM-FULL_TRAIN-MR00-PR072,BNCI2014_001,SAN-PERM,A0-RAW-ACCEPT-ALL,FULL_TRAIN,0,7,0train,144,0.5,0.3333333333333333,0.5,0.5625
P02-A0-BNCI2014_001-SAN-PERM-FULL_TRAIN-MR00-PR072,BNCI2014_001,SAN-PERM,A0-RAW-ACCEPT-ALL,FULL_TRAIN,0,7,1test,144,0.5069444444444444,0.34858235106721885,0.5069444444444444,0.609375
P02-A0-BNCI2014_001-SAN-PERM-FULL_TRAIN-MR00-PR073,BNCI2014_001,SAN-PERM,A0-RAW-ACCEPT-ALL,FULL_TRAIN,0,7,0train,144,0.4930555555555556,0.3302325581395349,0.4930555555555556,0.4809027777777778
P02-A0-BNCI2014_001-SAN-PERM-FULL_TRAIN-MR00-PR073,BNCI2014_001,SAN-PERM,A0-RAW-ACCEPT-ALL,FULL_TRAIN,0,7,1test,144,0.5138888888888888,0.4272727272727273,0.5138888888888888,0.46141975308641975
P02-A0-BNCI2014_001-SAN-PERM-FULL_TRAIN-MR00-PR074,BNCI2014_001,SAN-PERM,A0-RAW-ACCEPT-ALL,FULL_TRAIN,0,7,0train,144,0.5,0.35650446871896724,0.5,0.4949845679012346
P02-A0-BNCI2014_001-SAN-PERM-FULL_TRAIN-MR00-PR074,BNCI2014_001,SAN-PERM,A0-RAW-ACCEPT-ALL,FULL_TRAIN,0,7,1test,144,0.3541666666666667,0.30304449648711945,0.3541666666666667,0.20910493827160492
P02-A0-BNCI2014_001-SAN-PERM-FULL_TRAIN-MR00-PR075,BNCI2014_001,SAN-PERM,A0-RAW-ACCEPT-ALL,FULL_TRAIN,0,7,0train,144,0.4583333333333333,0.3618181818181818,0.4583333333333333,0.46469907407407407
P02-A0-BNCI2014_001-SAN-PERM-FULL_TRAIN-MR00-PR075,BNCI2014_001,SAN-PERM,A0-RAW-ACCEPT-ALL,FULL_TRAIN,0,7,1test,144,0.5069444444444444,0.36,0.5069444444444444,0.4346064814814815
P02-A0-BNCI2014_001-SAN-PERM-FULL_TRAIN-MR00-PR076,BNCI2014_001,SAN-PERM,A0-RAW-ACCEPT-ALL,FULL_TRAIN,0,7,0train,144,0.5069444444444444,0.3807764520622615,0.5069444444444444,0.5787037037037037
P02-A0-BNCI2014_001-SAN-PERM-FULL_TRAIN-MR00-PR076,BNCI2014_001,SAN-PERM,A0-RAW-ACCEPT-ALL,FULL_TRAIN,0,7,1test,144,0.4861111111111111,0.4796875,0.4861111111111111,0.48919753086419754
P02-A0-BNCI2014_001-SAN-PERM-FULL_TRAIN-MR00-PR077,BNCI2014_001,SAN-PERM,A0-RAW-ACCEPT-ALL,FULL_TRAIN,0,7,0train,144,0.5208333333333333,0.43180648481729283,0.5208333333333334,0.5138888888888888
P02-A0-BNCI2014_001-SAN-PERM-FULL_TRAIN-MR00-PR077,BNCI2014_001,SAN-PERM,A0-RAW-ACCEPT-ALL,FULL_TRAIN,0,7,1test,144,0.6041666666666667,0.5918651484262345,0.6041666666666666,0.6045524691358024
P02-A0-BNCI2014_001-SAN-PERM-FULL_TRAIN-MR00-PR078,BNCI2014_001,SAN-PERM,A0-RAW-ACCEPT-ALL,FULL_TRAIN,0,7,0train,144,0.4652777777777778,0.4074074074074074,0.4652777777777778,0.5217978395061729
P02-A0-BNCI2014_001-SAN-PERM-FULL_TRAIN-MR00-PR078,BNCI2014_001,SAN-PERM,A0-RAW-ACCEPT-ALL,FULL_TRAIN,0,7,1test,144,0.5208333333333334,0.42416690814256736,0.5208333333333334,0.6143904320987654
P02-A0-BNCI2014_001-SAN-PERM-FULL_TRAIN-MR00-PR079,BNCI2014_001,SAN-PERM,A0-RAW-ACCEPT-ALL,FULL_TRAIN,0,7,0train,144,0.5347222222222222,0.4552537970752639,0.5347222222222222,0.5148533950617284
P02-A0-BNCI2014_001-SAN-PERM-FULL_TRAIN-MR00-PR079,BNCI2014_001,SAN-PERM,A0-RAW-ACCEPT-ALL,FULL_TRAIN,0,7,1test,144,0.7083333333333333,0.7078260869565217,0.7083333333333334,0.7393904320987654
P02-A0-BNCI2014_001-SAN-PERM-FULL_TRAIN-MR00-PR080,BNCI2014_001,SAN-PERM,A0-RAW-ACCEPT-ALL,FULL_TRAIN,0,7,0train,144,0.5555555555555556,0.5050483351235231,0.5555555555555556,0.6070601851851851
P02-A0-BNCI2014_001-SAN-PERM-FULL_TRAIN-MR00-PR080,BNCI2014_001,SAN-PERM,A0-RAW-ACCEPT-ALL,FULL_TRAIN,0,7,1test,144,0.4861111111111111,0.4431438127090301,0.4861111111111111,0.5943287037037036
P02-A0-BNCI2014_001-SAN-PERM-FULL_TRAIN-MR00-PR081,BNCI2014_001,SAN-PERM,A0-RAW-ACCEPT-ALL,FULL_TRAIN,0,7,0train,144,0.548611111111111,0.4895009544586856,0.5486111111111112,0.566358024691358
P02-A0-BNCI2014_001-SAN-PERM-FULL_TRAIN-MR00-PR081,BNCI2014_001,SAN-PERM,A0-RAW-ACCEPT-ALL,FULL_TRAIN,0,7,1test,144,0.45138888888888884,0.4247281921618205,0.4513888888888889,0.4864969135802469
P02-A0-BNCI2014_001-SAN-PERM-FULL_TRAIN-MR00-PR082,BNCI2014_001,SAN-PERM,A0-RAW-ACCEPT-ALL,FULL_TRAIN,0,7,0train,144,0.4236111111111111,0.3916628492899679,0.4236111111111111,0.36651234567901236
P02-A0-BNCI2014_001-SAN-PERM-FULL_TRAIN-MR00-PR082,BNCI2014_001,SAN-PERM,A0-RAW-ACCEPT-ALL,FULL_TRAIN,0,7,1test,144,0.4375,0.41700404858299595,0.4375,0.35551697530864196
P02-A0-BNCI2014_001-SAN-PERM-FULL_TRAIN-MR00-PR083,BNCI2014_001,SAN-PERM,A0-RAW-ACCEPT-ALL,FULL_TRAIN,0,7,0train,144,0.47222222222222227,0.3781818181818182,0.4722222222222222,0.5115740740740742
P02-A0-BNCI2014_001-SAN-PERM-FULL_TRAIN-MR00-PR083,BNCI2014_001,SAN-PERM,A0-RAW-ACCEPT-ALL,FULL_TRAIN,0,7,1test,144,0.47916666666666663,0.33526189450360067,0.4791666666666667,0.6494984567901235
P02-A0-BNCI2014_001-SAN-PERM-FULL_TRAIN-MR00-PR084,BNCI2014_001,SAN-PERM,A0-RAW-ACCEPT-ALL,FULL_TRAIN,0,7,0train,144,0.4930555555555556,0.49106753812636167,0.4930555555555556,0.4591049382716049
P02-A0-BNCI2014_001-SAN-PERM-FULL_TRAIN-MR00-PR084,BNCI2014_001,SAN-PERM,A0-RAW-ACCEPT-ALL,FULL_TRAIN,0,7,1test,144,0.5347222222222222,0.5296182536200088,0.5347222222222222,0.5688657407407407
P02-A0-BNCI2014_001-SAN-PERM-FULL_TRAIN-MR00-PR085,BNCI2014_001,SAN-PERM,A0-RAW-ACCEPT-ALL,FULL_TRAIN,0,7,0train,144,0.5,0.3333333333333333,0.5,0.3580246913580247
P02-A0-BNCI2014_001-SAN-PERM-FULL_TRAIN-MR00-PR085,BNCI2014_001,SAN-PERM,A0-RAW-ACCEPT-ALL,FULL_TRAIN,0,7,1test,144,0.5,0.3862183282026995,0.5,0.5640432098765431
P02-A0-BNCI2014_001-SAN-PERM-FULL_TRAIN-MR00-PR086,BNCI2014_001,SAN-PERM,A0-RAW-ACCEPT-ALL,FULL_TRAIN,0,7,0train,144,0.5208333333333334,0.3780281690140845,0.5208333333333334,0.49961419753086417
P02-A0-BNCI2014_001-SAN-PERM-FULL_TRAIN-MR00-PR086,BNCI2014_001,SAN-PERM,A0-RAW-ACCEPT-ALL,FULL_TRAIN,0,7,1test,144,0.4652777777777778,0.4229508196721311,0.4652777777777778,0.4760802469135803
P02-A0-BNCI2014_001-SAN-PERM-FULL_TRAIN-MR00-PR087,BNCI2014_001,SAN-PERM,A0-RAW-ACCEPT-ALL,FULL_TRAIN,0,7,0train,144,0.4027777777777778,0.39988369839116106,0.4027777777777778,0.4506172839506173
P02-A0-BNCI2014_001-SAN-PERM-FULL_TRAIN-MR00-PR087,BNCI2014_001,SAN-PERM,A0-RAW-ACCEPT-ALL,FULL_TRAIN,0,7,1test,144,0.4652777777777778,0.45580368098159507,0.4652777777777778,0.46431327160493824
P02-A0-BNCI2014_001-SAN-PERM-FULL_TRAIN-MR00-PR088,BNCI2014_001,SAN-PERM,A0-RAW-ACCEPT-ALL,FULL_TRAIN,0,7,0train,144,0.5347222222222222,0.526478527607362,0.5347222222222222,0.5451388888888888
P02-A0-BNCI2014_001-SAN-PERM-FULL_TRAIN-MR00-PR088,BNCI2014_001,SAN-PERM,A0-RAW-ACCEPT-ALL,FULL_TRAIN,0,7,1test,144,0.5694444444444444,0.5251063829787235,0.5694444444444444,0.5972222222222222
P02-A0-BNCI2014_001-SAN-PERM-FULL_TRAIN-MR00-PR089,BNCI2014_001,SAN-PERM,A0-RAW-ACCEPT-ALL,FULL_TRAIN,0,7,0train,144,0.5347222222222222,0.5345201910551455,0.5347222222222222,0.5210262345679012
P02-A0-BNCI2014_001-SAN-PERM-FULL_TRAIN-MR00-PR089,BNCI2014_001,SAN-PERM,A0-RAW-ACCEPT-ALL,FULL_TRAIN,0,7,1test,144,0.5,0.3333333333333333,0.5,0.4837962962962963
P02-A0-BNCI2014_001-SAN-PERM-FULL_TRAIN-MR00-PR090,BNCI2014_001,SAN-PERM,A0-RAW-ACCEPT-ALL,FULL_TRAIN,0,7,0train,144,0.5277777777777778,0.42031730996921624,0.5277777777777778,0.5001929012345678
P02-A0-BNCI2014_001-SAN-PERM-FULL_TRAIN-MR00-PR090,BNCI2014_001,SAN-PERM,A0-RAW-ACCEPT-ALL,FULL_TRAIN,0,7,1test,144,0.5277777777777778,0.42031730996921624,0.5277777777777778,0.6591435185185185
P02-A0-BNCI2014_001-SAN-PERM-FULL_TRAIN-MR00-PR091,BNCI2014_001,SAN-PERM,A0-RAW-ACCEPT-ALL,FULL_TRAIN,0,7,0train,144,0.4930555555555556,0.4064705550223025,0.4930555555555556,0.5700231481481481
P02-A0-BNCI2014_001-SAN-PERM-FULL_TRAIN-MR00-PR091,BNCI2014_001,SAN-PERM,A0-RAW-ACCEPT-ALL,FULL_TRAIN,0,7,1test,144,0.5555555555555556,0.5449338336954375,0.5555555555555556,0.5653935185185185
P02-A0-BNCI2014_001-SAN-PERM-FULL_TRAIN-MR00-PR092,BNCI2014_001,SAN-PERM,A0-RAW-ACCEPT-ALL,FULL_TRAIN,0,7,0train,144,0.5416666666666667,0.4990512333965844,0.5416666666666666,0.5567129629629629
P02-A0-BNCI2014_001-SAN-PERM-FULL_TRAIN-MR00-PR092,BNCI2014_001,SAN-PERM,A0-RAW-ACCEPT-ALL,FULL_TRAIN,0,7,1test,144,0.5069444444444444,0.4679156908665105,0.5069444444444444,0.548804012345679
P02-A0-BNCI2014_001-SAN-PERM-FULL_TRAIN-MR00-PR093,BNCI2014_001,SAN-PERM,A0-RAW-ACCEPT-ALL,FULL_TRAIN,0,7,0train,144,0.5208333333333333,0.43180648481729283,0.5208333333333334,0.5302854938271605
P02-A0-BNCI2014_001-SAN-PERM-FULL_TRAIN-MR00-PR093,BNCI2014_001,SAN-PERM,A0-RAW-ACCEPT-ALL,FULL_TRAIN,0,7,1test,144,0.5833333333333334,0.5616883116883117,0.5833333333333334,0.5696373456790124
P02-A0-BNCI2014_001-SAN-PERM-FULL_TRAIN-MR00-PR094,BNCI2014_001,SAN-PERM,A0-RAW-ACCEPT-ALL,FULL_TRAIN,0,7,0train,144,0.5,0.49375,0.5,0.4984567901234568
P02-A0-BNCI2014_001-SAN-PERM-FULL_TRAIN-MR00-PR094,BNCI2014_001,SAN-PERM,A0-RAW-ACCEPT-ALL,FULL_TRAIN,0,7,1test,144,0.5625,0.5350315206806417,0.5625,0.6327160493827161
P02-A0-BNCI2014_001-SAN-PERM-FULL_TRAIN-MR00-PR095,BNCI2014_001,SAN-PERM,A0-RAW-ACCEPT-ALL,FULL_TRAIN,0,7,0train,144,0.5208333333333333,0.43180648481729283,0.5208333333333334,0.5941358024691358
P02-A0-BNCI2014_001-SAN-PERM-FULL_TRAIN-MR00-PR095,BNCI2014_001,SAN-PERM,A0-RAW-ACCEPT-ALL,FULL_TRAIN,0,7,1test,144,0.5416666666666666,0.4729370008873114,0.5416666666666666,0.566358024691358
P02-A0-BNCI2014_001-SAN-PERM-FULL_TRAIN-MR00-PR096,BNCI2014_001,SAN-PERM,A0-RAW-ACCEPT-ALL,FULL_TRAIN,0,7,0train,144,0.5,0.45351043643263755,0.5,0.46643518518518523
P02-A0-BNCI2014_001-SAN-PERM-FULL_TRAIN-MR00-PR096,BNCI2014_001,SAN-PERM,A0-RAW-ACCEPT-ALL,FULL_TRAIN,0,7,1test,144,0.5625,0.5350315206806417,0.5625,0.5555555555555556
P02-A0-BNCI2014_001-SAN-PERM-FULL_TRAIN-MR00-PR097,BNCI2014_001,SAN-PERM,A0-RAW-ACCEPT-ALL,FULL_TRAIN,0,7,0train,144,0.5555555555555556,0.49462601447685894,0.5555555555555556,0.6240354938271605
P02-A0-BNCI2014_001-SAN-PERM-FULL_TRAIN-MR00-PR097,BNCI2014_001,SAN-PERM,A0-RAW-ACCEPT-ALL,FULL_TRAIN,0,7,1test,144,0.5208333333333334,0.4637016246559076,0.5208333333333334,0.5511188271604939
P02-A0-BNCI2014_001-SAN-PERM-FULL_TRAIN-MR00-PR098,BNCI2014_001,SAN-PERM,A0-RAW-ACCEPT-ALL,FULL_TRAIN,0,7,0train,144,0.45833333333333337,0.4453881098163145,0.4583333333333333,0.43672839506172834
P02-A0-BNCI2014_001-SAN-PERM-FULL_TRAIN-MR00-PR098,BNCI2014_001,SAN-PERM,A0-RAW-ACCEPT-ALL,FULL_TRAIN,0,7,1test,144,0.38888888888888884,0.38699690402476783,0.3888888888888889,0.3939043209876543
P02-A0-BNCI2014_001-SAN-PERM-FULL_TRAIN-MR00-PR099,BNCI2014_001,SAN-PERM,A0-RAW-ACCEPT-ALL,FULL_TRAIN,0,7,0train,144,0.6111111111111112,0.5881511746680286,0.6111111111111112,0.6919367283950617
P02-A0-BNCI2014_001-SAN-PERM-FULL_TRAIN-MR00-PR099,BNCI2014_001,SAN-PERM,A0-RAW-ACCEPT-ALL,FULL_TRAIN,0,7,1test,144,0.6180555555555556,0.6180371352785146,0.6180555555555556,0.6228780864197532
P02-A0-Lee2019_MI-SAN-PERM-FULL_TRAIN-MR00-PR000,Lee2019_MI,SAN-PERM,A0-RAW-ACCEPT-ALL,FULL_TRAIN,0,3,1,100,0.5,0.3333333333333333,0.5,0.462
P02-A0-Lee2019_MI-SAN-PERM-FULL_TRAIN-MR00-PR000,Lee2019_MI,SAN-PERM,A0-RAW-ACCEPT-ALL,FULL_TRAIN,0,6,1,100,0.5,0.4255514705882353,0.5,0.5736
P02-A0-Lee2019_MI-SAN-PERM-FULL_TRAIN-MR00-PR000,Lee2019_MI,SAN-PERM,A0-RAW-ACCEPT-ALL,FULL_TRAIN,0,15,1,100,0.47,0.3197278911564626,0.47,0.378
P02-A0-Lee2019_MI-SAN-PERM-FULL_TRAIN-MR00-PR000,Lee2019_MI,SAN-PERM,A0-RAW-ACCEPT-ALL,FULL_TRAIN,0,19,1,100,0.5,0.47456914670029426,0.5,0.4644
P02-A0-Lee2019_MI-SAN-PERM-FULL_TRAIN-MR00-PR000,Lee2019_MI,SAN-PERM,A0-RAW-ACCEPT-ALL,FULL_TRAIN,0,30,1,100,0.5,0.3333333333333333,0.5,0.634
P02-A0-Lee2019_MI-SAN-PERM-FULL_TRAIN-MR00-PR000,Lee2019_MI,SAN-PERM,A0-RAW-ACCEPT-ALL,FULL_TRAIN,0,36,1,100,0.52,0.37629937629937626,0.52,0.4748
P02-A0-Lee2019_MI-SAN-PERM-FULL_TRAIN-MR00-PR001,Lee2019_MI,SAN-PERM,A0-RAW-ACCEPT-ALL,FULL_TRAIN,0,3,1,100,0.49,0.3869455463397043,0.49,0.38880000000000003
P02-A0-Lee2019_MI-SAN-PERM-FULL_TRAIN-MR00-PR001,Lee2019_MI,SAN-PERM,A0-RAW-ACCEPT-ALL,FULL_TRAIN,0,6,1,100,0.55,0.5366079703429101,0.55,0.5416
P02-A0-Lee2019_MI-SAN-PERM-FULL_TRAIN-MR00-PR001,Lee2019_MI,SAN-PERM,A0-RAW-ACCEPT-ALL,FULL_TRAIN,0,15,1,100,0.5,0.3333333333333333,0.5,0.5284
P02-A0-Lee2019_MI-SAN-PERM-FULL_TRAIN-MR00-PR001,Lee2019_MI,SAN-PERM,A0-RAW-ACCEPT-ALL,FULL_TRAIN,0,19,1,100,0.51,0.47733333333333333,0.51,0.5412
P02-A0-Lee2019_MI-SAN-PERM-FULL_TRAIN-MR00-PR001,Lee2019_MI,SAN-PERM,A0-RAW-ACCEPT-ALL,FULL_TRAIN,0,30,1,100,0.54,0.46236559139784944,0.54,0.578
P02-A0-Lee2019_MI-SAN-PERM-FULL_TRAIN-MR00-PR001,Lee2019_MI,SAN-PERM,A0-RAW-ACCEPT-ALL,FULL_TRAIN,0,36,1,100,0.5,0.4949494949494949,0.5,0.502
P02-A0-Lee2019_MI-SAN-PERM-FULL_TRAIN-MR00-PR002,Lee2019_MI,SAN-PERM,A0-RAW-ACCEPT-ALL,FULL_TRAIN,0,3,1,100,0.44,0.43797671617824163,0.44,0.44320000000000004
P02-A0-Lee2019_MI-SAN-PERM-FULL_TRAIN-MR00-PR002,Lee2019_MI,SAN-PERM,A0-RAW-ACCEPT-ALL,FULL_TRAIN,0,6,1,100,0.48,0.3922393641888733,0.48,0.4896
P02-A0-Lee2019_MI-SAN-PERM-FULL_TRAIN-MR00-PR002,Lee2019_MI,SAN-PERM,A0-RAW-ACCEPT-ALL,FULL_TRAIN,0,15,1,100,0.5,0.3333333333333333,0.5,0.5236
P02-A0-Lee2019_MI-SAN-PERM-FULL_TRAIN-MR00-PR002,Lee2019_MI,SAN-PERM,A0-RAW-ACCEPT-ALL,FULL_TRAIN,0,19,1,100,0.45,0.4499449944994499,0.45,0.5007999999999999
P02-A0-Lee2019_MI-SAN-PERM-FULL_TRAIN-MR00-PR002,Lee2019_MI,SAN-PERM,A0-RAW-ACCEPT-ALL,FULL_TRAIN,0,30,1,100,0.49,0.3453985367731998,0.49,0.4104
P02-A0-Lee2019_MI-SAN-PERM-FULL_TRAIN-MR00-PR002,Lee2019_MI,SAN-PERM,A0-RAW-ACCEPT-ALL,FULL_TRAIN,0,36,1,100,0.5,0.3333333333333333,0.5,0.21680000000000002
P02-A0-Lee2019_MI-SAN-PERM-FULL_TRAIN-MR00-PR003,Lee2019_MI,SAN-PERM,A0-RAW-ACCEPT-ALL,FULL_TRAIN,0,3,1,100,0.45999999999999996,0.42084942084942084,0.46,0.498
P02-A0-Lee2019_MI-SAN-PERM-FULL_TRAIN-MR00-PR003,Lee2019_MI,SAN-PERM,A0-RAW-ACCEPT-ALL,FULL_TRAIN,0,6,1,100,0.48,0.3686255463817387,0.48,0.5052
P02-A0-Lee2019_MI-SAN-PERM-FULL_TRAIN-MR00-PR003,Lee2019_MI,SAN-PERM,A0-RAW-ACCEPT-ALL,FULL_TRAIN,0,15,1,100,0.49,0.4276736617663562,0.49,0.5304
P02-A0-Lee2019_MI-SAN-PERM-FULL_TRAIN-MR00-PR003,Lee2019_MI,SAN-PERM,A0-RAW-ACCEPT-ALL,FULL_TRAIN,0,19,1,100,0.52,0.4485294117647059,0.52,0.5196
P02-A0-Lee2019_MI-SAN-PERM-FULL_TRAIN-MR00-PR003,Lee2019_MI,SAN-PERM,A0-RAW-ACCEPT-ALL,FULL_TRAIN,0,30,1,100,0.5,0.3333333333333333,0.5,0.5339999999999999
P02-A0-Lee2019_MI-SAN-PERM-FULL_TRAIN-MR00-PR003,Lee2019_MI,SAN-PERM,A0-RAW-ACCEPT-ALL,FULL_TRAIN,0,36,1,100,0.54,0.46236559139784944,0.54,0.49839999999999995
P02-A0-Lee2019_MI-SAN-PERM-FULL_TRAIN-MR00-PR004,Lee2019_MI,SAN-PERM,A0-RAW-ACCEPT-ALL,FULL_TRAIN,0,3,1,100,0.43,0.3006993006993007,0.43,0.19679999999999997
P02-A0-Lee2019_MI-SAN-PERM-FULL_TRAIN-MR00-PR004,Lee2019_MI,SAN-PERM,A0-RAW-ACCEPT-ALL,FULL_TRAIN,0,6,1,100,0.4,0.3694829760403531,0.4,0.37120000000000003
P02-A0-Lee2019_MI-SAN-PERM-FULL_TRAIN-MR00-PR004,Lee2019_MI,SAN-PERM,A0-RAW-ACCEPT-ALL,FULL_TRAIN,0,15,1,100,0.5,0.3333333333333333,0.5,0.5104
P02-A0-Lee2019_MI-SAN-PERM-FULL_TRAIN-MR00-PR004,Lee2019_MI,SAN-PERM,A0-RAW-ACCEPT-ALL,FULL_TRAIN,0,19,1,100,0.38,0.37600644122383253,0.38,0.3052
P02-A0-Lee2019_MI-SAN-PERM-FULL_TRAIN-MR00-PR004,Lee2019_MI,SAN-PERM,A0-RAW-ACCEPT-ALL,FULL_TRAIN,0,30,1,100,0.49,0.44317065181788406,0.49,0.49760000000000004
P02-A0-Lee2019_MI-SAN-PERM-FULL_TRAIN-MR00-PR004,Lee2019_MI,SAN-PERM,A0-RAW-ACCEPT-ALL,FULL_TRAIN,0,36,1,100,0.19,0.18796992481203006,0.19,0.09360000000000002
P02-A0-Lee2019_MI-SAN-PERM-FULL_TRAIN-MR00-PR005,Lee2019_MI,SAN-PERM,A0-RAW-ACCEPT-ALL,FULL_TRAIN,0,3,1,100,0.52,0.49558638083228246,0.52,0.48919999999999997
P02-A0-Lee2019_MI-SAN-PERM-FULL_TRAIN-MR00-PR005,Lee2019_MI,SAN-PERM,A0-RAW-ACCEPT-ALL,FULL_TRAIN,0,6,1,100,0.52,0.39117199391172,0.52,0.512
P02-A0-Lee2019_MI-SAN-PERM-FULL_TRAIN-MR00-PR005,Lee2019_MI,SAN-PERM,A0-RAW-ACCEPT-ALL,FULL_TRAIN,0,15,1,100,0.5,0.3333333333333333,0.5,0.5492
P02-A0-Lee2019_MI-SAN-PERM-FULL_TRAIN-MR00-PR005,Lee2019_MI,SAN-PERM,A0-RAW-ACCEPT-ALL,FULL_TRAIN,0,19,1,100,0.45999999999999996,0.44581280788177335,0.46,0.4507999999999999
P02-A0-Lee2019_MI-SAN-PERM-FULL_TRAIN-MR00-PR005,Lee2019_MI,SAN-PERM,A0-RAW-ACCEPT-ALL,FULL_TRAIN,0,30,1,100,0.49,0.4498975299320462,0.49,0.5284
P02-A0-Lee2019_MI-SAN-PERM-FULL_TRAIN-MR00-PR005,Lee2019_MI,SAN-PERM,A0-RAW-ACCEPT-ALL,FULL_TRAIN,0,36,1,100,0.51,0.43227899432278993,0.51,0.5012
P02-A0-Lee2019_MI-SAN-PERM-FULL_TRAIN-MR00-PR006,Lee2019_MI,SAN-PERM,A0-RAW-ACCEPT-ALL,FULL_TRAIN,0,3,1,100,0.49,0.4357782940590773,0.49,0.4288
P02-A0-Lee2019_MI-SAN-PERM-FULL_TRAIN-MR00-PR006,Lee2019_MI,SAN-PERM,A0-RAW-ACCEPT-ALL,FULL_TRAIN,0,6,1,100,0.55,0.4950061721467849,0.55,0.554
P02-A0-Lee2019_MI-SAN-PERM-FULL_TRAIN-MR00-PR006,Lee2019_MI,SAN-PERM,A0-RAW-ACCEPT-ALL,FULL_TRAIN,0,15,1,100,0.5,0.3333333333333333,0.5,0.5167999999999999
P02-A0-Lee2019_MI-SAN-PERM-FULL_TRAIN-MR00-PR006,Lee2019_MI,SAN-PERM,A0-RAW-ACCEPT-ALL,FULL_TRAIN,0,19,1,100,0.57,0.5601023017902813,0.57,0.5796000000000001
P02-A0-Lee2019_MI-SAN-PERM-FULL_TRAIN-MR00-PR006,Lee2019_MI,SAN-PERM,A0-RAW-ACCEPT-ALL,FULL_TRAIN,0,30,1,100,0.47,0.3629041952157711,0.47,0.35520000000000007
P02-A0-Lee2019_MI-SAN-PERM-FULL_TRAIN-MR00-PR006,Lee2019_MI,SAN-PERM,A0-RAW-ACCEPT-ALL,FULL_TRAIN,0,36,1,100,0.30000000000000004,0.29971988795518206,0.3,0.23160000000000003
P02-A0-Lee2019_MI-SAN-PERM-FULL_TRAIN-MR00-PR007,Lee2019_MI,SAN-PERM,A0-RAW-ACCEPT-ALL,FULL_TRAIN,0,3,1,100,0.5,0.3333333333333333,0.5,0.3732
P02-A0-Lee2019_MI-SAN-PERM-FULL_TRAIN-MR00-PR007,Lee2019_MI,SAN-PERM,A0-RAW-ACCEPT-ALL,FULL_TRAIN,0,6,1,100,0.51,0.47733333333333333,0.51,0.4768
P02-A0-Lee2019_MI-SAN-PERM-FULL_TRAIN-MR00-PR007,Lee2019_MI,SAN-PERM,A0-RAW-ACCEPT-ALL,FULL_TRAIN,0,15,1,100,0.47,0.3197278911564626,0.47,0.42239999999999994
P02-A0-Lee2019_MI-SAN-PERM-FULL_TRAIN-MR00-PR007,Lee2019_MI,SAN-PERM,A0-RAW-ACCEPT-ALL,FULL_TRAIN,0,19,1,100,0.49,0.4708994708994709,0.49,0.5168
P02-A0-Lee2019_MI-SAN-PERM-FULL_TRAIN-MR00-PR007,Lee2019_MI,SAN-PERM,A0-RAW-ACCEPT-ALL,FULL_TRAIN,0,30,1,100,0.53,0.4350282485875706,0.53,0.48200000000000004
P02-A0-Lee2019_MI-SAN-PERM-FULL_TRAIN-MR00-PR007,Lee2019_MI,SAN-PERM,A0-RAW-ACCEPT-ALL,FULL_TRAIN,0,36,1,100,0.35,0.3350383631713555,0.35,0.2696
P02-A0-Lee2019_MI-SAN-PERM-FULL_TRAIN-MR00-PR008,Lee2019_MI,SAN-PERM,A0-RAW-ACCEPT-ALL,FULL_TRAIN,0,3,1,100,0.5,0.3333333333333333,0.5,0.4891999999999999
P02-A0-Lee2019_MI-SAN-PERM-FULL_TRAIN-MR00-PR008,Lee2019_MI,SAN-PERM,A0-RAW-ACCEPT-ALL,FULL_TRAIN,0,6,1,100,0.47,0.42832488404702834,0.47,0.5107999999999999
P02-A0-Lee2019_MI-SAN-PERM-FULL_TRAIN-MR00-PR008,Lee2019_MI,SAN-PERM,A0-RAW-ACCEPT-ALL,FULL_TRAIN,0,15,1,100,0.49,0.3605015673981191,0.49,0.5124
P02-A0-Lee2019_MI-SAN-PERM-FULL_TRAIN-MR00-PR008,Lee2019_MI,SAN-PERM,A0-RAW-ACCEPT-ALL,FULL_TRAIN,0,19,1,100,0.51,0.4873940788785438,0.51,0.5184
P02-A0-Lee2019_MI-SAN-PERM-FULL_TRAIN-MR00-PR008,Lee2019_MI,SAN-PERM,A0-RAW-ACCEPT-ALL,FULL_TRAIN,0,30,1,100,0.49,0.3288590604026846,0.49,0.5332
P02-A0-Lee2019_MI-SAN-PERM-FULL_TRAIN-MR00-PR008,Lee2019_MI,SAN-PERM,A0-RAW-ACCEPT-ALL,FULL_TRAIN,0,36,1,100,0.51,0.3551783129359126,0.51,0.5711999999999999
P02-A0-Lee2019_MI-SAN-PERM-FULL_TRAIN-MR00-PR009,Lee2019_MI,SAN-PERM,A0-RAW-ACCEPT-ALL,FULL_TRAIN,0,3,1,100,0.51,0.3551783129359126,0.51,0.38680000000000003
P02-A0-Lee2019_MI-SAN-PERM-FULL_TRAIN-MR00-PR009,Lee2019_MI,SAN-PERM,A0-RAW-ACCEPT-ALL,FULL_TRAIN,0,6,1,100,0.49,0.4615140956604371,0.49,0.4624
P02-A0-Lee2019_MI-SAN-PERM-FULL_TRAIN-MR00-PR009,Lee2019_MI,SAN-PERM,A0-RAW-ACCEPT-ALL,FULL_TRAIN,0,15,1,100,0.54,0.4295634920634921,0.54,0.6044
P02-A0-Lee2019_MI-SAN-PERM-FULL_TRAIN-MR00-PR009,Lee2019_MI,SAN-PERM,A0-RAW-ACCEPT-ALL,FULL_TRAIN,0,19,1,100,0.51,0.45790463546852533,0.51,0.5588
P02-A0-Lee2019_MI-SAN-PERM-FULL_TRAIN-MR00-PR009,Lee2019_MI,SAN-PERM,A0-RAW-ACCEPT-ALL,FULL_TRAIN,0,30,1,100,0.5,0.3333333333333333,0.5,0.49560000000000004
P02-A0-Lee2019_MI-SAN-PERM-FULL_TRAIN-MR00-PR009,Lee2019_MI,SAN-PERM,A0-RAW-ACCEPT-ALL,FULL_TRAIN,0,36,1,100,0.46,0.33035714285714285,0.46,0.1628
P02-A0-Lee2019_MI-SAN-PERM-FULL_TRAIN-MR00-PR010,Lee2019_MI,SAN-PERM,A0-RAW-ACCEPT-ALL,FULL_TRAIN,0,3,1,100,0.5,0.3503118503118503,0.5,0.4748
P02-A0-Lee2019_MI-SAN-PERM-FULL_TRAIN-MR00-PR010,Lee2019_MI,SAN-PERM,A0-RAW-ACCEPT-ALL,FULL_TRAIN,0,6,1,100,0.48,0.47916666666666663,0.48,0.4624
P02-A0-Lee2019_MI-SAN-PERM-FULL_TRAIN-MR00-PR010,Lee2019_MI,SAN-PERM,A0-RAW-ACCEPT-ALL,FULL_TRAIN,0,15,1,100,0.39,0.3884711779448622,0.39,0.36560000000000004
P02-A0-Lee2019_MI-SAN-PERM-FULL_TRAIN-MR00-PR010,Lee2019_MI,SAN-PERM,A0-RAW-ACCEPT-ALL,FULL_TRAIN,0,19,1,100,0.47,0.4213342067911344,0.47,0.5276
P02-A0-Lee2019_MI-SAN-PERM-FULL_TRAIN-MR00-PR010,Lee2019_MI,SAN-PERM,A0-RAW-ACCEPT-ALL,FULL_TRAIN,0,30,1,100,0.55,0.5444883085332524,0.55,0.5436
P02-A0-Lee2019_MI-SAN-PERM-FULL_TRAIN-MR00-PR010,Lee2019_MI,SAN-PERM,A0-RAW-ACCEPT-ALL,FULL_TRAIN,0,36,1,100,0.48,0.4120307553143374,0.48,0.48479999999999995
P02-A0-Lee2019_MI-SAN-PERM-FULL_TRAIN-MR00-PR011,Lee2019_MI,SAN-PERM,A0-RAW-ACCEPT-ALL,FULL_TRAIN,0,3,1,100,0.49,0.3453985367731998,0.49,0.5124000000000001
P02-A0-Lee2019_MI-SAN-PERM-FULL_TRAIN-MR00-PR011,Lee2019_MI,SAN-PERM,A0-RAW-ACCEPT-ALL,FULL_TRAIN,0,6,1,100,0.51,0.5059985885673959,0.51,0.5504
P02-A0-Lee2019_MI-SAN-PERM-FULL_TRAIN-MR00-PR011,Lee2019_MI,SAN-PERM,A0-RAW-ACCEPT-ALL,FULL_TRAIN,0,15,1,100,0.5,0.3333333333333333,0.5,0.44079999999999997
P02-A0-Lee2019_MI-SAN-PERM-FULL_TRAIN-MR00-PR011,Lee2019_MI,SAN-PERM,A0-RAW-ACCEPT-ALL,FULL_TRAIN,0,19,1,100,0.48,0.4025735294117647,0.48,0.4832
P02-A0-Lee2019_MI-SAN-PERM-FULL_TRAIN-MR00-PR011,Lee2019_MI,SAN-PERM,A0-RAW-ACCEPT-ALL,FULL_TRAIN,0,30,1,100,0.51,0.3551783129359126,0.51,0.4288
P02-A0-Lee2019_MI-SAN-PERM-FULL_TRAIN-MR00-PR011,Lee2019_MI,SAN-PERM,A0-RAW-ACCEPT-ALL,FULL_TRAIN,0,36,1,100,0.56,0.5331069609507639,0.56,0.5036
P02-A0-Lee2019_MI-SAN-PERM-FULL_TRAIN-MR00-PR012,Lee2019_MI,SAN-PERM,A0-RAW-ACCEPT-ALL,FULL_TRAIN,0,3,1,100,0.51,0.45790463546852533,0.51,0.46599999999999997
P02-A0-Lee2019_MI-SAN-PERM-FULL_TRAIN-MR00-PR012,Lee2019_MI,SAN-PERM,A0-RAW-ACCEPT-ALL,FULL_TRAIN,0,6,1,100,0.45,0.44550861982054646,0.45,0.3956
P02-A0-Lee2019_MI-SAN-PERM-FULL_TRAIN-MR00-PR012,Lee2019_MI,SAN-PERM,A0-RAW-ACCEPT-ALL,FULL_TRAIN,0,15,1,100,0.5,0.3333333333333333,0.5,0.5648
P02-A0-Lee2019_MI-SAN-PERM-FULL_TRAIN-MR00-PR012,Lee2019_MI,SAN-PERM,A0-RAW-ACCEPT-ALL,FULL_TRAIN,0,19,1,100,0.59,0.5670995670995671,0.59,0.5988
P02-A0-Lee2019_MI-SAN-PERM-FULL_TRAIN-MR00-PR012,Lee2019_MI,SAN-PERM,A0-RAW-ACCEPT-ALL,FULL_TRAIN,0,30,1,100,0.53,0.4233836339099497,0.53,0.5456
P02-A0-Lee2019_MI-SAN-PERM-FULL_TRAIN-MR00-PR012,Lee2019_MI,SAN-PERM,A0-RAW-ACCEPT-ALL,FULL_TRAIN,0,36,1,100,0.53,0.5037482842360892,0.53,0.5212
P02-A0-Lee2019_MI-SAN-PERM-FULL_TRAIN-MR00-PR013,Lee2019_MI,SAN-PERM,A0-RAW-ACCEPT-ALL,FULL_TRAIN,0,3,1,100,0.48,0.32432432432432434,0.48,0.5124
P02-A0-Lee2019_MI-SAN-PERM-FULL_TRAIN-MR00-PR013,Lee2019_MI,SAN-PERM,A0-RAW-ACCEPT-ALL,FULL_TRAIN,0,6,1,100,0.49,0.4895405865278751,0.49,0.4892
P02-A0-Lee2019_MI-SAN-PERM-FULL_TRAIN-MR00-PR013,Lee2019_MI,SAN-PERM,A0-RAW-ACCEPT-ALL,FULL_TRAIN,0,15,1,100,0.5,0.3333333333333333,0.5,0.41
P02-A0-Lee2019_MI-SAN-PERM-FULL_TRAIN-MR00-PR013,Lee2019_MI,SAN-PERM,A0-RAW-ACCEPT-ALL,FULL_TRAIN,0,19,1,100,0.5,0.4429590017825312,0.5,0.4624
P02-A0-Lee2019_MI-SAN-PERM-FULL_TRAIN-MR00-PR013,Lee2019_MI,SAN-PERM,A0-RAW-ACCEPT-ALL,FULL_TRAIN,0,30,1,100,0.5,0.3333333333333333,0.5,0.524
P02-A0-Lee2019_MI-SAN-PERM-FULL_TRAIN-MR00-PR013,Lee2019_MI,SAN-PERM,A0-RAW-ACCEPT-ALL,FULL_TRAIN,0,36,1,100,0.74,0.7362012987012987,0.74,0.8608000000000001
P02-A0-Lee2019_MI-SAN-PERM-FULL_TRAIN-MR00-PR014,Lee2019_MI,SAN-PERM,A0-RAW-ACCEPT-ALL,FULL_TRAIN,0,3,1,100,0.48,0.4025735294117647,0.48,0.48119999999999996
P02-A0-Lee2019_MI-SAN-PERM-FULL_TRAIN-MR00-PR014,Lee2019_MI,SAN-PERM,A0-RAW-ACCEPT-ALL,FULL_TRAIN,0,6,1,100,0.47,0.42832488404702834,0.47,0.5327999999999999
P02-A0-Lee2019_MI-SAN-PERM-FULL_TRAIN-MR00-PR014,Lee2019_MI,SAN-PERM,A0-RAW-ACCEPT-ALL,FULL_TRAIN,0,15,1,100,0.51,0.3551783129359126,0.51,0.624
P02-A0-Lee2019_MI-SAN-PERM-FULL_TRAIN-MR00-PR014,Lee2019_MI,SAN-PERM,A0-RAW-ACCEPT-ALL,FULL_TRAIN,0,19,1,100,0.54,0.5398159263705482,0.54,0.5672000000000001
P02-A0-Lee2019_MI-SAN-PERM-FULL_TRAIN-MR00-PR014,Lee2019_MI,SAN-PERM,A0-RAW-ACCEPT-ALL,FULL_TRAIN,0,30,1,100,0.5,0.3333333333333333,0.5,0.4856
P02-A0-Lee2019_MI-SAN-PERM-FULL_TRAIN-MR00-PR014,Lee2019_MI,SAN-PERM,A0-RAW-ACCEPT-ALL,FULL_TRAIN,0,36,1,100,0.49,0.3288590604026846,0.49,0.5212
P02-A0-Lee2019_MI-SAN-PERM-FULL_TRAIN-MR00-PR015,Lee2019_MI,SAN-PERM,A0-RAW-ACCEPT-ALL,FULL_TRAIN,0,3,1,100,0.5,0.3333333333333333,0.5,0.4672
P02-A0-Lee2019_MI-SAN-PERM-FULL_TRAIN-MR00-PR015,Lee2019_MI,SAN-PERM,A0-RAW-ACCEPT-ALL,FULL_TRAIN,0,6,1,100,0.48,0.32432432432432434,0.48,0.5144
P02-A0-Lee2019_MI-SAN-PERM-FULL_TRAIN-MR00-PR015,Lee2019_MI,SAN-PERM,A0-RAW-ACCEPT-ALL,FULL_TRAIN,0,15,1,100,0.5,0.3333333333333333,0.5,0.37039999999999995
P02-A0-Lee2019_MI-SAN-PERM-FULL_TRAIN-MR00-PR015,Lee2019_MI,SAN-PERM,A0-RAW-ACCEPT-ALL,FULL_TRAIN,0,19,1,100,0.44000000000000006,0.40577249575551777,0.44,0.4476
P02-A0-Lee2019_MI-SAN-PERM-FULL_TRAIN-MR00-PR015,Lee2019_MI,SAN-PERM,A0-RAW-ACCEPT-ALL,FULL_TRAIN,0,30,1,100,0.5,0.3333333333333333,0.5,0.4792
P02-A0-Lee2019_MI-SAN-PERM-FULL_TRAIN-MR00-PR015,Lee2019_MI,SAN-PERM,A0-RAW-ACCEPT-ALL,FULL_TRAIN,0,36,1,100,0.48000000000000004,0.3551587301587301,0.48,0.37360000000000004
P02-A0-Lee2019_MI-SAN-PERM-FULL_TRAIN-MR00-PR016,Lee2019_MI,SAN-PERM,A0-RAW-ACCEPT-ALL,FULL_TRAIN,0,3,1,100,0.51,0.47733333333333333,0.51,0.5236
P02-A0-Lee2019_MI-SAN-PERM-FULL_TRAIN-MR00-PR016,Lee2019_MI,SAN-PERM,A0-RAW-ACCEPT-ALL,FULL_TRAIN,0,6,1,100,0.52,0.5192307692307692,0.52,0.4988
P02-A0-Lee2019_MI-SAN-PERM-FULL_TRAIN-MR00-PR016,Lee2019_MI,SAN-PERM,A0-RAW-ACCEPT-ALL,FULL_TRAIN,0,15,1,100,0.5,0.3333333333333333,0.5,0.3892
P02-A0-Lee2019_MI-SAN-PERM-FULL_TRAIN-MR00-PR016,Lee2019_MI,SAN-PERM,A0-RAW-ACCEPT-ALL,FULL_TRAIN,0,19,1,100,0.53,0.4106583072100314,0.53,0.5316
P02-A0-Lee2019_MI-SAN-PERM-FULL_TRAIN-MR00-PR016,Lee2019_MI,SAN-PERM,A0-RAW-ACCEPT-ALL,FULL_TRAIN,0,30,1,100,0.5700000000000001,0.5501621508525996,0.57,0.5544
P02-A0-Lee2019_MI-SAN-PERM-FULL_TRAIN-MR00-PR016,Lee2019_MI,SAN-PERM,A0-RAW-ACCEPT-ALL,FULL_TRAIN,0,36,1,100,0.52,0.5104039167686658,0.52,0.48040000000000005
P02-A0-Lee2019_MI-SAN-PERM-FULL_TRAIN-MR00-PR017,Lee2019_MI,SAN-PERM,A0-RAW-ACCEPT-ALL,FULL_TRAIN,0,3,1,100,0.49,0.3288590604026846,0.49,0.3508
P02-A0-Lee2019_MI-SAN-PERM-FULL_TRAIN-MR00-PR017,Lee2019_MI,SAN-PERM,A0-RAW-ACCEPT-ALL,FULL_TRAIN,0,6,1,100,0.52,0.43899018232819076,0.52,0.49039999999999995
P02-A0-Lee2019_MI-SAN-PERM-FULL_TRAIN-MR00-PR017,Lee2019_MI,SAN-PERM,A0-RAW-ACCEPT-ALL,FULL_TRAIN,0,15,1,100,0.51,0.3710691823899371,0.51,0.524
P02-A0-Lee2019_MI-SAN-PERM-FULL_TRAIN-MR00-PR017,Lee2019_MI,SAN-PERM,A0-RAW-ACCEPT-ALL,FULL_TRAIN,0,19,1,100,0.5,0.3333333333333333,0.5,0.5231999999999999
P02-A0-Lee2019_MI-SAN-PERM-FULL_TRAIN-MR00-PR017,Lee2019_MI,SAN-PERM,A0-RAW-ACCEPT-ALL,FULL_TRAIN,0,30,1,100,0.48,0.3686255463817387,0.48,0.5464000000000001
P02-A0-Lee2019_MI-SAN-PERM-FULL_TRAIN-MR00-PR017,Lee2019_MI,SAN-PERM,A0-RAW-ACCEPT-ALL,FULL_TRAIN,0,36,1,100,0.5,0.3503118503118503,0.5,0.37040000000000006
P02-A0-Lee2019_MI-SAN-PERM-FULL_TRAIN-MR00-PR018,Lee2019_MI,SAN-PERM,A0-RAW-ACCEPT-ALL,FULL_TRAIN,0,3,1,100,0.6599999999999999,0.6263736263736264,0.66,0.8563999999999999
P02-A0-Lee2019_MI-SAN-PERM-FULL_TRAIN-MR00-PR018,Lee2019_MI,SAN-PERM,A0-RAW-ACCEPT-ALL,FULL_TRAIN,0,6,1,100,0.62,0.5766488413547237,0.62,0.6172
P02-A0-Lee2019_MI-SAN-PERM-FULL_TRAIN-MR00-PR018,Lee2019_MI,SAN-PERM,A0-RAW-ACCEPT-ALL,FULL_TRAIN,0,15,1,100,0.5,0.3333333333333333,0.5,0.4704
P02-A0-Lee2019_MI-SAN-PERM-FULL_TRAIN-MR00-PR018,Lee2019_MI,SAN-PERM,A0-RAW-ACCEPT-ALL,FULL_TRAIN,0,19,1,100,0.66,0.6427070197562001,0.66,0.7
P02-A0-Lee2019_MI-SAN-PERM-FULL_TRAIN-MR00-PR018,Lee2019_MI,SAN-PERM,A0-RAW-ACCEPT-ALL,FULL_TRAIN,0,30,1,100,0.53,0.4233836339099497,0.53,0.5464
P02-A0-Lee2019_MI-SAN-PERM-FULL_TRAIN-MR00-PR018,Lee2019_MI,SAN-PERM,A0-RAW-ACCEPT-ALL,FULL_TRAIN,0,36,1,100,0.64,0.609375,0.64,0.8728
P02-A0-Lee2019_MI-SAN-PERM-FULL_TRAIN-MR00-PR019,Lee2019_MI,SAN-PERM,A0-RAW-ACCEPT-ALL,FULL_TRAIN,0,3,1,100,0.51,0.4221016629319495,0.51,0.5708
P02-A0-Lee2019_MI-SAN-PERM-FULL_TRAIN-MR00-PR019,Lee2019_MI,SAN-PERM,A0-RAW-ACCEPT-ALL,FULL_TRAIN,0,6,1,100,0.51,0.3710691823899371,0.51,0.4828
P02-A0-Lee2019_MI-SAN-PERM-FULL_TRAIN-MR00-PR019,Lee2019_MI,SAN-PERM,A0-RAW-ACCEPT-ALL,FULL_TRAIN,0,15,1,100,0.52,0.39117199391172,0.52,0.53
P02-A0-Lee2019_MI-SAN-PERM-FULL_TRAIN-MR00-PR019,Lee2019_MI,SAN-PERM,A0-RAW-ACCEPT-ALL,FULL_TRAIN,0,19,1,100,0.43,0.4285714285714286,0.43,0.3927999999999999
P02-A0-Lee2019_MI-SAN-PERM-FULL_TRAIN-MR00-PR019,Lee2019_MI,SAN-PERM,A0-RAW-ACCEPT-ALL,FULL_TRAIN,0,30,1,100,0.49,0.48748869460355737,0.49,0.4528
P02-A0-Lee2019_MI-SAN-PERM-FULL_TRAIN-MR00-PR019,Lee2019_MI,SAN-PERM,A0-RAW-ACCEPT-ALL,FULL_TRAIN,0,36,1,100,0.5,0.3333333333333333,0.5,0.36319999999999997
P02-A0-Lee2019_MI-SAN-PERM-FULL_TRAIN-MR00-PR020,Lee2019_MI,SAN-PERM,A0-RAW-ACCEPT-ALL,FULL_TRAIN,0,3,1,100,0.5499999999999999,0.4692770373864843,0.55,0.6292000000000001
P02-A0-Lee2019_MI-SAN-PERM-FULL_TRAIN-MR00-PR020,Lee2019_MI,SAN-PERM,A0-RAW-ACCEPT-ALL,FULL_TRAIN,0,6,1,100,0.61,0.6032956972841013,0.61,0.6124
P02-A0-Lee2019_MI-SAN-PERM-FULL_TRAIN-MR00-PR020,Lee2019_MI,SAN-PERM,A0-RAW-ACCEPT-ALL,FULL_TRAIN,0,15,1,100,0.4,0.3489583333333333,0.4,0.4708
P02-A0-Lee2019_MI-SAN-PERM-FULL_TRAIN-MR00-PR020,Lee2019_MI,SAN-PERM,A0-RAW-ACCEPT-ALL,FULL_TRAIN,0,19,1,100,0.54,0.44147644487615345,0.54,0.518
P02-A0-Lee2019_MI-SAN-PERM-FULL_TRAIN-MR00-PR020,Lee2019_MI,SAN-PERM,A0-RAW-ACCEPT-ALL,FULL_TRAIN,0,30,1,100,0.5,0.3333333333333333,0.5,0.5007999999999999
P02-A0-Lee2019_MI-SAN-PERM-FULL_TRAIN-MR00-PR020,Lee2019_MI,SAN-PERM,A0-RAW-ACCEPT-ALL,FULL_TRAIN,0,36,1,100,0.85,0.8481627695110842,0.85,0.952
P02-A0-Lee2019_MI-SAN-PERM-FULL_TRAIN-MR00-PR021,Lee2019_MI,SAN-PERM,A0-RAW-ACCEPT-ALL,FULL_TRAIN,0,3,1,100,0.53,0.4554512802687985,0.53,0.472
P02-A0-Lee2019_MI-SAN-PERM-FULL_TRAIN-MR00-PR021,Lee2019_MI,SAN-PERM,A0-RAW-ACCEPT-ALL,FULL_TRAIN,0,6,1,100,0.54,0.5008680555555556,0.54,0.5076
P02-A0-Lee2019_MI-SAN-PERM-FULL_TRAIN-MR00-PR021,Lee2019_MI,SAN-PERM,A0-RAW-ACCEPT-ALL,FULL_TRAIN,0,15,1,100,0.52,0.37629937629937626,0.52,0.5864
P02-A0-Lee2019_MI-SAN-PERM-FULL_TRAIN-MR00-PR021,Lee2019_MI,SAN-PERM,A0-RAW-ACCEPT-ALL,FULL_TRAIN,0,19,1,100,0.55,0.54995499549955,0.55,0.5731999999999999
P02-A0-Lee2019_MI-SAN-PERM-FULL_TRAIN-MR00-PR021,Lee2019_MI,SAN-PERM,A0-RAW-ACCEPT-ALL,FULL_TRAIN,0,30,1,100,0.5,0.3333333333333333,0.5,0.4732
P02-A0-Lee2019_MI-SAN-PERM-FULL_TRAIN-MR00-PR021,Lee2019_MI,SAN-PERM,A0-RAW-ACCEPT-ALL,FULL_TRAIN,0,36,1,100,0.49,0.3985139757046821,0.49,0.4624
P02-A0-Lee2019_MI-SAN-PERM-FULL_TRAIN-MR00-PR022,Lee2019_MI,SAN-PERM,A0-RAW-ACCEPT-ALL,FULL_TRAIN,0,3,1,100,0.63,0.6254681647940075,0.63,0.6988
P02-A0-Lee2019_MI-SAN-PERM-FULL_TRAIN-MR00-PR022,Lee2019_MI,SAN-PERM,A0-RAW-ACCEPT-ALL,FULL_TRAIN,0,6,1,100,0.5700000000000001,0.5242836596968692,0.57,0.6436000000000002
P02-A0-Lee2019_MI-SAN-PERM-FULL_TRAIN-MR00-PR022,Lee2019_MI,SAN-PERM,A0-RAW-ACCEPT-ALL,FULL_TRAIN,0,15,1,100,0.52,0.37629937629937626,0.52,0.604
P02-A0-Lee2019_MI-SAN-PERM-FULL_TRAIN-MR00-PR022,Lee2019_MI,SAN-PERM,A0-RAW-ACCEPT-ALL,FULL_TRAIN,0,19,1,100,0.58,0.5174632352941176,0.58,0.6452
P02-A0-Lee2019_MI-SAN-PERM-FULL_TRAIN-MR00-PR022,Lee2019_MI,SAN-PERM,A0-RAW-ACCEPT-ALL,FULL_TRAIN,0,30,1,100,0.5,0.36580416032470825,0.5,0.5116
P02-A0-Lee2019_MI-SAN-PERM-FULL_TRAIN-MR00-PR022,Lee2019_MI,SAN-PERM,A0-RAW-ACCEPT-ALL,FULL_TRAIN,0,36,1,100,0.76,0.7477931904161412,0.76,0.9152
P02-A0-Lee2019_MI-SAN-PERM-FULL_TRAIN-MR00-PR023,Lee2019_MI,SAN-PERM,A0-RAW-ACCEPT-ALL,FULL_TRAIN,0,3,1,100,0.5,0.3503118503118503,0.5,0.508
P02-A0-Lee2019_MI-SAN-PERM-FULL_TRAIN-MR00-PR023,Lee2019_MI,SAN-PERM,A0-RAW-ACCEPT-ALL,FULL_TRAIN,0,6,1,100,0.49,0.483753416337686,0.49,0.4988
P02-A0-Lee2019_MI-SAN-PERM-FULL_TRAIN-MR00-PR023,Lee2019_MI,SAN-PERM,A0-RAW-ACCEPT-ALL,FULL_TRAIN,0,15,1,100,0.5,0.3333333333333333,0.5,0.47559999999999997
P02-A0-Lee2019_MI-SAN-PERM-FULL_TRAIN-MR00-PR023,Lee2019_MI,SAN-PERM,A0-RAW-ACCEPT-ALL,FULL_TRAIN,0,19,1,100,0.53,0.39673982800667434,0.53,0.5287999999999999
P02-A0-Lee2019_MI-SAN-PERM-FULL_TRAIN-MR00-PR023,Lee2019_MI,SAN-PERM,A0-RAW-ACCEPT-ALL,FULL_TRAIN,0,30,1,100,0.5,0.3333333333333333,0.5,0.5115999999999999
P02-A0-Lee2019_MI-SAN-PERM-FULL_TRAIN-MR00-PR023,Lee2019_MI,SAN-PERM,A0-RAW-ACCEPT-ALL,FULL_TRAIN,0,36,1,100,0.63,0.6189887756152817,0.63,0.6644
P02-A0-Lee2019_MI-SAN-PERM-FULL_TRAIN-MR00-PR024,Lee2019_MI,SAN-PERM,A0-RAW-ACCEPT-ALL,FULL_TRAIN,0,3,1,100,0.51,0.38557993730407525,0.51,0.51
P02-A0-Lee2019_MI-SAN-PERM-FULL_TRAIN-MR00-PR024,Lee2019_MI,SAN-PERM,A0-RAW-ACCEPT-ALL,FULL_TRAIN,0,6,1,100,0.52,0.37629937629937626,0.52,0.7587999999999999
P02-A0-Lee2019_MI-SAN-PERM-FULL_TRAIN-MR00-PR024,Lee2019_MI,SAN-PERM,A0-RAW-ACCEPT-ALL,FULL_TRAIN,0,15,1,100,0.53,0.4456893501592169,0.53,0.5756
P02-A0-Lee2019_MI-SAN-PERM-FULL_TRAIN-MR00-PR024,Lee2019_MI,SAN-PERM,A0-RAW-ACCEPT-ALL,FULL_TRAIN,0,19,1,100,0.53,0.4554512802687985,0.53,0.5608
P02-A0-Lee2019_MI-SAN-PERM-FULL_TRAIN-MR00-PR024,Lee2019_MI,SAN-PERM,A0-RAW-ACCEPT-ALL,FULL_TRAIN,0,30,1,100,0.45,0.338862844091838,0.45,0.39480000000000004
P02-A0-Lee2019_MI-SAN-PERM-FULL_TRAIN-MR00-PR024,Lee2019_MI,SAN-PERM,A0-RAW-ACCEPT-ALL,FULL_TRAIN,0,36,1,100,0.52,0.5104039167686658,0.52,0.4624000000000001
P02-A0-Lee2019_MI-SAN-PERM-FULL_TRAIN-MR00-PR025,Lee2019_MI,SAN-PERM,A0-RAW-ACCEPT-ALL,FULL_TRAIN,0,3,1,100,0.49,0.3453985367731998,0.49,0.47919999999999996
P02-A0-Lee2019_MI-SAN-PERM-FULL_TRAIN-MR00-PR025,Lee2019_MI,SAN-PERM,A0-RAW-ACCEPT-ALL,FULL_TRAIN,0,6,1,100,0.42000000000000004,0.411525974025974,0.42,0.42040000000000005
P02-A0-Lee2019_MI-SAN-PERM-FULL_TRAIN-MR00-PR025,Lee2019_MI,SAN-PERM,A0-RAW-ACCEPT-ALL,FULL_TRAIN,0,15,1,100,0.44,0.44,0.44,0.36799999999999994
P02-A0-Lee2019_MI-SAN-PERM-FULL_TRAIN-MR00-PR025,Lee2019_MI,SAN-PERM,A0-RAW-ACCEPT-ALL,FULL_TRAIN,0,19,1,100,0.4,0.3939393939393939,0.4,0.33640000000000003
P02-A0-Lee2019_MI-SAN-PERM-FULL_TRAIN-MR00-PR025,Lee2019_MI,SAN-PERM,A0-RAW-ACCEPT-ALL,FULL_TRAIN,0,30,1,100,0.5,0.4832575444398512,0.5,0.49
P02-A0-Lee2019_MI-SAN-PERM-FULL_TRAIN-MR00-PR025,Lee2019_MI,SAN-PERM,A0-RAW-ACCEPT-ALL,FULL_TRAIN,0,36,1,100,0.48000000000000004,0.3551587301587301,0.48,0.44120000000000004
P02-A0-Lee2019_MI-SAN-PERM-FULL_TRAIN-MR00-PR026,Lee2019_MI,SAN-PERM,A0-RAW-ACCEPT-ALL,FULL_TRAIN,0,3,1,100,0.51,0.3551783129359126,0.51,0.3904
P02-A0-Lee2019_MI-SAN-PERM-FULL_TRAIN-MR00-PR026,Lee2019_MI,SAN-PERM,A0-RAW-ACCEPT-ALL,FULL_TRAIN,0,6,1,100,0.48,0.4120307553143374,0.48,0.44919999999999993
P02-A0-Lee2019_MI-SAN-PERM-FULL_TRAIN-MR00-PR026,Lee2019_MI,SAN-PERM,A0-RAW-ACCEPT-ALL,FULL_TRAIN,0,15,1,100,0.56,0.5571658615136876,0.56,0.6252
P02-A0-Lee2019_MI-SAN-PERM-FULL_TRAIN-MR00-PR026,Lee2019_MI,SAN-PERM,A0-RAW-ACCEPT-ALL,FULL_TRAIN,0,19,1,100,0.51,0.47147017581706396,0.51,0.6244
P02-A0-Lee2019_MI-SAN-PERM-FULL_TRAIN-MR00-PR026,Lee2019_MI,SAN-PERM,A0-RAW-ACCEPT-ALL,FULL_TRAIN,0,30,1,100,0.5,0.4949494949494949,0.5,0.5212
P02-A0-Lee2019_MI-SAN-PERM-FULL_TRAIN-MR00-PR026,Lee2019_MI,SAN-PERM,A0-RAW-ACCEPT-ALL,FULL_TRAIN,0,36,1,100,0.66,0.6458333333333333,0.66,0.7176
P02-A0-Lee2019_MI-SAN-PERM-FULL_TRAIN-MR00-PR027,Lee2019_MI,SAN-PERM,A0-RAW-ACCEPT-ALL,FULL_TRAIN,0,3,1,100,0.47,0.3859344224307728,0.47,0.418
P02-A0-Lee2019_MI-SAN-PERM-FULL_TRAIN-MR00-PR027,Lee2019_MI,SAN-PERM,A0-RAW-ACCEPT-ALL,FULL_TRAIN,0,6,1,100,0.53,0.5261619114830124,0.53,0.5276000000000001
P02-A0-Lee2019_MI-SAN-PERM-FULL_TRAIN-MR00-PR027,Lee2019_MI,SAN-PERM,A0-RAW-ACCEPT-ALL,FULL_TRAIN,0,15,1,100,0.5,0.3333333333333333,0.5,0.49839999999999995
P02-A0-Lee2019_MI-SAN-PERM-FULL_TRAIN-MR00-PR027,Lee2019_MI,SAN-PERM,A0-RAW-ACCEPT-ALL,FULL_TRAIN,0,19,1,100,0.54,0.5308037535699714,0.54,0.5748
P02-A0-Lee2019_MI-SAN-PERM-FULL_TRAIN-MR00-PR027,Lee2019_MI,SAN-PERM,A0-RAW-ACCEPT-ALL,FULL_TRAIN,0,30,1,100,0.51,0.45011783189316573,0.51,0.5124
P02-A0-Lee2019_MI-SAN-PERM-FULL_TRAIN-MR00-PR027,Lee2019_MI,SAN-PERM,A0-RAW-ACCEPT-ALL,FULL_TRAIN,0,36,1,100,0.54,0.54,0.54,0.5332
P02-A0-Lee2019_MI-SAN-PERM-FULL_TRAIN-MR00-PR028,Lee2019_MI,SAN-PERM,A0-RAW-ACCEPT-ALL,FULL_TRAIN,0,3,1,100,0.44999999999999996,0.35133860125014743,0.45,0.4324
P02-A0-Lee2019_MI-SAN-PERM-FULL_TRAIN-MR00-PR028,Lee2019_MI,SAN-PERM,A0-RAW-ACCEPT-ALL,FULL_TRAIN,0,6,1,100,0.36,0.355877616747182,0.36,0.3712
P02-A0-Lee2019_MI-SAN-PERM-FULL_TRAIN-MR00-PR028,Lee2019_MI,SAN-PERM,A0-RAW-ACCEPT-ALL,FULL_TRAIN,0,15,1,100,0.53,0.5242433444680635,0.53,0.5476
P02-A0-Lee2019_MI-SAN-PERM-FULL_TRAIN-MR00-PR028,Lee2019_MI,SAN-PERM,A0-RAW-ACCEPT-ALL,FULL_TRAIN,0,19,1,100,0.43000000000000005,0.39816281279695914,0.43,0.3972
P02-A0-Lee2019_MI-SAN-PERM-FULL_TRAIN-MR00-PR028,Lee2019_MI,SAN-PERM,A0-RAW-ACCEPT-ALL,FULL_TRAIN,0,30,1,100,0.43000000000000005,0.42301852414211966,0.43,0.42360000000000003
P02-A0-Lee2019_MI-SAN-PERM-FULL_TRAIN-MR00-PR028,Lee2019_MI,SAN-PERM,A0-RAW-ACCEPT-ALL,FULL_TRAIN,0,36,1,100,0.36,0.36,0.36,0.3612
P02-A0-Lee2019_MI-SAN-PERM-FULL_TRAIN-MR00-PR029,Lee2019_MI,SAN-PERM,A0-RAW-ACCEPT-ALL,FULL_TRAIN,0,3,1,100,0.51,0.3710691823899371,0.51,0.5016
P02-A0-Lee2019_MI-SAN-PERM-FULL_TRAIN-MR00-PR029,Lee2019_MI,SAN-PERM,A0-RAW-ACCEPT-ALL,FULL_TRAIN,0,6,1,100,0.48000000000000004,0.4206773618538324,0.48,0.3972
P02-A0-Lee2019_MI-SAN-PERM-FULL_TRAIN-MR00-PR029,Lee2019_MI,SAN-PERM,A0-RAW-ACCEPT-ALL,FULL_TRAIN,0,15,1,100,0.49,0.3288590604026846,0.49,0.3856
P02-A0-Lee2019_MI-SAN-PERM-FULL_TRAIN-MR00-PR029,Lee2019_MI,SAN-PERM,A0-RAW-ACCEPT-ALL,FULL_TRAIN,0,19,1,100,0.5,0.4949494949494949,0.5,0.52
P02-A0-Lee2019_MI-SAN-PERM-FULL_TRAIN-MR00-PR029,Lee2019_MI,SAN-PERM,A0-RAW-ACCEPT-ALL,FULL_TRAIN,0,30,1,100,0.49,0.3288590604026846,0.49,0.3756
P02-A0-Lee2019_MI-SAN-PERM-FULL_TRAIN-MR00-PR029,Lee2019_MI,SAN-PERM,A0-RAW-ACCEPT-ALL,FULL_TRAIN,0,36,1,100,0.53,0.4350282485875706,0.53,0.8552000000000001
P02-A0-Lee2019_MI-SAN-PERM-FULL_TRAIN-MR00-PR030,Lee2019_MI,SAN-PERM,A0-RAW-ACCEPT-ALL,FULL_TRAIN,0,3,1,100,0.46,0.3150684931506849,0.46,0.5032
P02-A0-Lee2019_MI-SAN-PERM-FULL_TRAIN-MR00-PR030,Lee2019_MI,SAN-PERM,A0-RAW-ACCEPT-ALL,FULL_TRAIN,0,6,1,100,0.41000000000000003,0.4027735600769309,0.41,0.41359999999999997
P02-A0-Lee2019_MI-SAN-PERM-FULL_TRAIN-MR00-PR030,Lee2019_MI,SAN-PERM,A0-RAW-ACCEPT-ALL,FULL_TRAIN,0,15,1,100,0.5,0.3333333333333333,0.5,0.5611999999999999
P02-A0-Lee2019_MI-SAN-PERM-FULL_TRAIN-MR00-PR030,Lee2019_MI,SAN-PERM,A0-RAW-ACCEPT-ALL,FULL_TRAIN,0,19,1,100,0.52,0.4171928120446819,0.52,0.4256
P02-A0-Lee2019_MI-SAN-PERM-FULL_TRAIN-MR00-PR030,Lee2019_MI,SAN-PERM,A0-RAW-ACCEPT-ALL,FULL_TRAIN,0,30,1,100,0.52,0.49558638083228246,0.52,0.5156000000000001
P02-A0-Lee2019_MI-SAN-PERM-FULL_TRAIN-MR00-PR030,Lee2019_MI,SAN-PERM,A0-RAW-ACCEPT-ALL,FULL_TRAIN,0,36,1,100,0.5900000000000001,0.5710848415106182,0.59,0.5956
P02-A0-Lee2019_MI-SAN-PERM-FULL_TRAIN-MR00-PR031,Lee2019_MI,SAN-PERM,A0-RAW-ACCEPT-ALL,FULL_TRAIN,0,3,1,100,0.5,0.3333333333333333,0.5,0.524
P02-A0-Lee2019_MI-SAN-PERM-FULL_TRAIN-MR00-PR031,Lee2019_MI,SAN-PERM,A0-RAW-ACCEPT-ALL,FULL_TRAIN,0,6,1,100,0.51,0.45011783189316573,0.51,0.454
P02-A0-Lee2019_MI-SAN-PERM-FULL_TRAIN-MR00-PR031,Lee2019_MI,SAN-PERM,A0-RAW-ACCEPT-ALL,FULL_TRAIN,0,15,1,100,0.51,0.5015766453056658,0.51,0.5624
P02-A0-Lee2019_MI-SAN-PERM-FULL_TRAIN-MR00-PR031,Lee2019_MI,SAN-PERM,A0-RAW-ACCEPT-ALL,FULL_TRAIN,0,19,1,100,0.5,0.45054945054945056,0.5,0.5424
P02-A0-Lee2019_MI-SAN-PERM-FULL_TRAIN-MR00-PR031,Lee2019_MI,SAN-PERM,A0-RAW-ACCEPT-ALL,FULL_TRAIN,0,30,1,100,0.5,0.3333333333333333,0.5,0.5619999999999999
P02-A0-Lee2019_MI-SAN-PERM-FULL_TRAIN-MR00-PR031,Lee2019_MI,SAN-PERM,A0-RAW-ACCEPT-ALL,FULL_TRAIN,0,36,1,100,0.5,0.3333333333333333,0.5,0.3872
P02-A0-Lee2019_MI-SAN-PERM-FULL_TRAIN-MR00-PR032,Lee2019_MI,SAN-PERM,A0-RAW-ACCEPT-ALL,FULL_TRAIN,0,3,1,100,0.5,0.3333333333333333,0.5,0.47200000000000003
P02-A0-Lee2019_MI-SAN-PERM-FULL_TRAIN-MR00-PR032,Lee2019_MI,SAN-PERM,A0-RAW-ACCEPT-ALL,FULL_TRAIN,0,6,1,100,0.56,0.4944852941176471,0.56,0.5344
P02-A0-Lee2019_MI-SAN-PERM-FULL_TRAIN-MR00-PR032,Lee2019_MI,SAN-PERM,A0-RAW-ACCEPT-ALL,FULL_TRAIN,0,15,1,100,0.41000000000000003,0.37704571850913315,0.41,0.39359999999999995
P02-A0-Lee2019_MI-SAN-PERM-FULL_TRAIN-MR00-PR032,Lee2019_MI,SAN-PERM,A0-RAW-ACCEPT-ALL,FULL_TRAIN,0,19,1,100,0.54,0.5008680555555556,0.54,0.5396000000000001
P02-A0-Lee2019_MI-SAN-PERM-FULL_TRAIN-MR00-PR032,Lee2019_MI,SAN-PERM,A0-RAW-ACCEPT-ALL,FULL_TRAIN,0,30,1,100,0.5,0.3503118503118503,0.5,0.5704
P02-A0-Lee2019_MI-SAN-PERM-FULL_TRAIN-MR00-PR032,Lee2019_MI,SAN-PERM,A0-RAW-ACCEPT-ALL,FULL_TRAIN,0,36,1,100,0.52,0.43899018232819076,0.52,0.5556000000000001
P02-A0-Lee2019_MI-SAN-PERM-FULL_TRAIN-MR00-PR033,Lee2019_MI,SAN-PERM,A0-RAW-ACCEPT-ALL,FULL_TRAIN,0,3,1,100,0.54,0.54,0.54,0.6043999999999999
P02-A0-Lee2019_MI-SAN-PERM-FULL_TRAIN-MR00-PR033,Lee2019_MI,SAN-PERM,A0-RAW-ACCEPT-ALL,FULL_TRAIN,0,6,1,100,0.55,0.5477841422972565,0.55,0.6032
P02-A0-Lee2019_MI-SAN-PERM-FULL_TRAIN-MR00-PR033,Lee2019_MI,SAN-PERM,A0-RAW-ACCEPT-ALL,FULL_TRAIN,0,15,1,100,0.5,0.3333333333333333,0.5,0.34280000000000005
P02-A0-Lee2019_MI-SAN-PERM-FULL_TRAIN-MR00-PR033,Lee2019_MI,SAN-PERM,A0-RAW-ACCEPT-ALL,FULL_TRAIN,0,19,1,100,0.51,0.5095586027424682,0.51,0.5227999999999999
P02-A0-Lee2019_MI-SAN-PERM-FULL_TRAIN-MR00-PR033,Lee2019_MI,SAN-PERM,A0-RAW-ACCEPT-ALL,FULL_TRAIN,0,30,1,100,0.5,0.3333333333333333,0.5,0.4036
P02-A0-Lee2019_MI-SAN-PERM-FULL_TRAIN-MR00-PR033,Lee2019_MI,SAN-PERM,A0-RAW-ACCEPT-ALL,FULL_TRAIN,0,36,1,100,0.9,0.898989898989899,0.9,0.9968
P02-A0-Lee2019_MI-SAN-PERM-FULL_TRAIN-MR00-PR034,Lee2019_MI,SAN-PERM,A0-RAW-ACCEPT-ALL,FULL_TRAIN,0,3,1,100,0.5,0.3333333333333333,0.5,0.626
P02-A0-Lee2019_MI-SAN-PERM-FULL_TRAIN-MR00-PR034,Lee2019_MI,SAN-PERM,A0-RAW-ACCEPT-ALL,FULL_TRAIN,0,6,1,100,0.5800000000000001,0.5384615384615385,0.58,0.5512
P02-A0-Lee2019_MI-SAN-PERM-FULL_TRAIN-MR00-PR034,Lee2019_MI,SAN-PERM,A0-RAW-ACCEPT-ALL,FULL_TRAIN,0,15,1,100,0.51,0.3551783129359126,0.51,0.5871999999999999
P02-A0-Lee2019_MI-SAN-PERM-FULL_TRAIN-MR00-PR034,Lee2019_MI,SAN-PERM,A0-RAW-ACCEPT-ALL,FULL_TRAIN,0,19,1,100,0.52,0.4171928120446819,0.52,0.5668
P02-A0-Lee2019_MI-SAN-PERM-FULL_TRAIN-MR00-PR034,Lee2019_MI,SAN-PERM,A0-RAW-ACCEPT-ALL,FULL_TRAIN,0,30,1,100,0.54,0.5308037535699714,0.54,0.5776
P02-A0-Lee2019_MI-SAN-PERM-FULL_TRAIN-MR00-PR034,Lee2019_MI,SAN-PERM,A0-RAW-ACCEPT-ALL,FULL_TRAIN,0,36,1,100,0.66,0.6212121212121212,0.66,0.9468
P02-A0-Lee2019_MI-SAN-PERM-FULL_TRAIN-MR00-PR035,Lee2019_MI,SAN-PERM,A0-RAW-ACCEPT-ALL,FULL_TRAIN,0,3,1,100,0.5,0.3333333333333333,0.5,0.5224
P02-A0-Lee2019_MI-SAN-PERM-FULL_TRAIN-MR00-PR035,Lee2019_MI,SAN-PERM,A0-RAW-ACCEPT-ALL,FULL_TRAIN,0,6,1,100,0.43,0.42719324690985827,0.43,0.4204
P02-A0-Lee2019_MI-SAN-PERM-FULL_TRAIN-MR00-PR035,Lee2019_MI,SAN-PERM,A0-RAW-ACCEPT-ALL,FULL_TRAIN,0,15,1,100,0.46,0.3150684931506849,0.46,0.3288
P02-A0-Lee2019_MI-SAN-PERM-FULL_TRAIN-MR00-PR035,Lee2019_MI,SAN-PERM,A0-RAW-ACCEPT-ALL,FULL_TRAIN,0,19,1,100,0.53,0.4986666666666667,0.53,0.534
P02-A0-Lee2019_MI-SAN-PERM-FULL_TRAIN-MR00-PR035,Lee2019_MI,SAN-PERM,A0-RAW-ACCEPT-ALL,FULL_TRAIN,0,30,1,100,0.5,0.3503118503118503,0.5,0.5199999999999999
P02-A0-Lee2019_MI-SAN-PERM-FULL_TRAIN-MR00-PR035,Lee2019_MI,SAN-PERM,A0-RAW-ACCEPT-ALL,FULL_TRAIN,0,36,1,100,0.59,0.5849782366636299,0.59,0.5596
P02-A0-Lee2019_MI-SAN-PERM-FULL_TRAIN-MR00-PR036,Lee2019_MI,SAN-PERM,A0-RAW-ACCEPT-ALL,FULL_TRAIN,0,3,1,100,0.5,0.3333333333333333,0.5,0.5127999999999999
P02-A0-Lee2019_MI-SAN-PERM-FULL_TRAIN-MR00-PR036,Lee2019_MI,SAN-PERM,A0-RAW-ACCEPT-ALL,FULL_TRAIN,0,6,1,100,0.52,0.5192307692307692,0.52,0.5272
P02-A0-Lee2019_MI-SAN-PERM-FULL_TRAIN-MR00-PR036,Lee2019_MI,SAN-PERM,A0-RAW-ACCEPT-ALL,FULL_TRAIN,0,15,1,100,0.45,0.3103448275862069,0.45,0.39359999999999995
P02-A0-Lee2019_MI-SAN-PERM-FULL_TRAIN-MR00-PR036,Lee2019_MI,SAN-PERM,A0-RAW-ACCEPT-ALL,FULL_TRAIN,0,19,1,100,0.52,0.4171928120446819,0.52,0.4584
P02-A0-Lee2019_MI-SAN-PERM-FULL_TRAIN-MR00-PR036,Lee2019_MI,SAN-PERM,A0-RAW-ACCEPT-ALL,FULL_TRAIN,0,30,1,100,0.5,0.3333333333333333,0.5,0.5491999999999999
P02-A0-Lee2019_MI-SAN-PERM-FULL_TRAIN-MR00-PR036,Lee2019_MI,SAN-PERM,A0-RAW-ACCEPT-ALL,FULL_TRAIN,0,36,1,100,0.64,0.6305418719211823,0.64,0.6491999999999999
P02-A0-Lee2019_MI-SAN-PERM-FULL_TRAIN-MR00-PR037,Lee2019_MI,SAN-PERM,A0-RAW-ACCEPT-ALL,FULL_TRAIN,0,3,1,100,0.5,0.415614773258532,0.5,0.5196
P02-A0-Lee2019_MI-SAN-PERM-FULL_TRAIN-MR00-PR037,Lee2019_MI,SAN-PERM,A0-RAW-ACCEPT-ALL,FULL_TRAIN,0,6,1,100,0.49,0.4812328349099786,0.49,0.5207999999999999
P02-A0-Lee2019_MI-SAN-PERM-FULL_TRAIN-MR00-PR037,Lee2019_MI,SAN-PERM,A0-RAW-ACCEPT-ALL,FULL_TRAIN,0,15,1,100,0.57,0.562608076492727,0.57,0.618
P02-A0-Lee2019_MI-SAN-PERM-FULL_TRAIN-MR00-PR037,Lee2019_MI,SAN-PERM,A0-RAW-ACCEPT-ALL,FULL_TRAIN,0,19,1,100,0.58,0.58,0.58,0.5612
P02-A0-Lee2019_MI-SAN-PERM-FULL_TRAIN-MR00-PR037,Lee2019_MI,SAN-PERM,A0-RAW-ACCEPT-ALL,FULL_TRAIN,0,30,1,100,0.51,0.47733333333333333,0.51,0.5484
P02-A0-Lee2019_MI-SAN-PERM-FULL_TRAIN-MR00-PR037,Lee2019_MI,SAN-PERM,A0-RAW-ACCEPT-ALL,FULL_TRAIN,0,36,1,100,0.45999999999999996,0.4269949066213922,0.46,0.47359999999999997
P02-A0-Lee2019_MI-SAN-PERM-FULL_TRAIN-MR00-PR038,Lee2019_MI,SAN-PERM,A0-RAW-ACCEPT-ALL,FULL_TRAIN,0,3,1,100,0.51,0.3551783129359126,0.51,0.4948
P02-A0-Lee2019_MI-SAN-PERM-FULL_TRAIN-MR00-PR038,Lee2019_MI,SAN-PERM,A0-RAW-ACCEPT-ALL,FULL_TRAIN,0,6,1,100,0.53,0.5295766189570613,0.53,0.5188
P02-A0-Lee2019_MI-SAN-PERM-FULL_TRAIN-MR00-PR038,Lee2019_MI,SAN-PERM,A0-RAW-ACCEPT-ALL,FULL_TRAIN,0,15,1,100,0.48,0.34043632673769664,0.48,0.4476
P02-A0-Lee2019_MI-SAN-PERM-FULL_TRAIN-MR00-PR038,Lee2019_MI,SAN-PERM,A0-RAW-ACCEPT-ALL,FULL_TRAIN,0,19,1,100,0.54,0.54,0.54,0.5864
P02-A0-Lee2019_MI-SAN-PERM-FULL_TRAIN-MR00-PR038,Lee2019_MI,SAN-PERM,A0-RAW-ACCEPT-ALL,FULL_TRAIN,0,30,1,100,0.54,0.4875222816399287,0.54,0.5252
P02-A0-Lee2019_MI-SAN-PERM-FULL_TRAIN-MR00-PR038,Lee2019_MI,SAN-PERM,A0-RAW-ACCEPT-ALL,FULL_TRAIN,0,36,1,100,0.5,0.3333333333333333,0.5,0.6240000000000001
P02-A0-Lee2019_MI-SAN-PERM-FULL_TRAIN-MR00-PR039,Lee2019_MI,SAN-PERM,A0-RAW-ACCEPT-ALL,FULL_TRAIN,0,3,1,100,0.5,0.3333333333333333,0.5,0.47
P02-A0-Lee2019_MI-SAN-PERM-FULL_TRAIN-MR00-PR039,Lee2019_MI,SAN-PERM,A0-RAW-ACCEPT-ALL,FULL_TRAIN,0,6,1,100,0.49,0.3453985367731998,0.49,0.5007999999999999
P02-A0-Lee2019_MI-SAN-PERM-FULL_TRAIN-MR00-PR039,Lee2019_MI,SAN-PERM,A0-RAW-ACCEPT-ALL,FULL_TRAIN,0,15,1,100,0.5,0.3333333333333333,0.5,0.39959999999999996
P02-A0-Lee2019_MI-SAN-PERM-FULL_TRAIN-MR00-PR039,Lee2019_MI,SAN-PERM,A0-RAW-ACCEPT-ALL,FULL_TRAIN,0,19,1,100,0.5,0.36580416032470825,0.5,0.46240000000000003
P02-A0-Lee2019_MI-SAN-PERM-FULL_TRAIN-MR00-PR039,Lee2019_MI,SAN-PERM,A0-RAW-ACCEPT-ALL,FULL_TRAIN,0,30,1,100,0.5,0.3333333333333333,0.5,0.5244
P02-A0-Lee2019_MI-SAN-PERM-FULL_TRAIN-MR00-PR039,Lee2019_MI,SAN-PERM,A0-RAW-ACCEPT-ALL,FULL_TRAIN,0,36,1,100,0.5,0.3333333333333333,0.5,0.6856
P02-A0-Lee2019_MI-SAN-PERM-FULL_TRAIN-MR00-PR040,Lee2019_MI,SAN-PERM,A0-RAW-ACCEPT-ALL,FULL_TRAIN,0,3,1,100,0.5,0.3333333333333333,0.5,0.4408000000000001
P02-A0-Lee2019_MI-SAN-PERM-FULL_TRAIN-MR00-PR040,Lee2019_MI,SAN-PERM,A0-RAW-ACCEPT-ALL,FULL_TRAIN,0,6,1,100,0.52,0.5,0.52,0.4976
P02-A0-Lee2019_MI-SAN-PERM-FULL_TRAIN-MR00-PR040,Lee2019_MI,SAN-PERM,A0-RAW-ACCEPT-ALL,FULL_TRAIN,0,15,1,100,0.45,0.3732193732193732,0.45,0.30879999999999996
P02-A0-Lee2019_MI-SAN-PERM-FULL_TRAIN-MR00-PR040,Lee2019_MI,SAN-PERM,A0-RAW-ACCEPT-ALL,FULL_TRAIN,0,19,1,100,0.47,0.3859344224307728,0.47,0.5579999999999999
P02-A0-Lee2019_MI-SAN-PERM-FULL_TRAIN-MR00-PR040,Lee2019_MI,SAN-PERM,A0-RAW-ACCEPT-ALL,FULL_TRAIN,0,30,1,100,0.5,0.3333333333333333,0.5,0.38760000000000006
P02-A0-Lee2019_MI-SAN-PERM-FULL_TRAIN-MR00-PR040,Lee2019_MI,SAN-PERM,A0-RAW-ACCEPT-ALL,FULL_TRAIN,0,36,1,100,0.56,0.5535714285714286,0.56,0.5692
P02-A0-Lee2019_MI-SAN-PERM-FULL_TRAIN-MR00-PR041,Lee2019_MI,SAN-PERM,A0-RAW-ACCEPT-ALL,FULL_TRAIN,0,3,1,100,0.5,0.3333333333333333,0.5,0.5036
P02-A0-Lee2019_MI-SAN-PERM-FULL_TRAIN-MR00-PR041,Lee2019_MI,SAN-PERM,A0-RAW-ACCEPT-ALL,FULL_TRAIN,0,6,1,100,0.49,0.3985139757046821,0.49,0.5156
P02-A0-Lee2019_MI-SAN-PERM-FULL_TRAIN-MR00-PR041,Lee2019_MI,SAN-PERM,A0-RAW-ACCEPT-ALL,FULL_TRAIN,0,15,1,100,0.42,0.39583333333333337,0.42,0.386
P02-A0-Lee2019_MI-SAN-PERM-FULL_TRAIN-MR00-PR041,Lee2019_MI,SAN-PERM,A0-RAW-ACCEPT-ALL,FULL_TRAIN,0,19,1,100,0.52,0.45725915875169604,0.52,0.496
P02-A0-Lee2019_MI-SAN-PERM-FULL_TRAIN-MR00-PR041,Lee2019_MI,SAN-PERM,A0-RAW-ACCEPT-ALL,FULL_TRAIN,0,30,1,100,0.5,0.3333333333333333,0.5,0.554
P02-A0-Lee2019_MI-SAN-PERM-FULL_TRAIN-MR00-PR041,Lee2019_MI,SAN-PERM,A0-RAW-ACCEPT-ALL,FULL_TRAIN,0,36,1,100,0.53,0.5123975516132379,0.53,0.5007999999999999
P02-A0-Lee2019_MI-SAN-PERM-FULL_TRAIN-MR00-PR042,Lee2019_MI,SAN-PERM,A0-RAW-ACCEPT-ALL,FULL_TRAIN,0,3,1,100,0.5,0.3333333333333333,0.5,0.6948
P02-A0-Lee2019_MI-SAN-PERM-FULL_TRAIN-MR00-PR042,Lee2019_MI,SAN-PERM,A0-RAW-ACCEPT-ALL,FULL_TRAIN,0,6,1,100,0.5800000000000001,0.5798319327731092,0.58,0.6324
P02-A0-Lee2019_MI-SAN-PERM-FULL_TRAIN-MR00-PR042,Lee2019_MI,SAN-PERM,A0-RAW-ACCEPT-ALL,FULL_TRAIN,0,15,1,100,0.55,0.4950061721467849,0.55,0.5855999999999999
P02-A0-Lee2019_MI-SAN-PERM-FULL_TRAIN-MR00-PR042,Lee2019_MI,SAN-PERM,A0-RAW-ACCEPT-ALL,FULL_TRAIN,0,19,1,100,0.52,0.37629937629937626,0.52,0.6216
P02-A0-Lee2019_MI-SAN-PERM-FULL_TRAIN-MR00-PR042,Lee2019_MI,SAN-PERM,A0-RAW-ACCEPT-ALL,FULL_TRAIN,0,30,1,100,0.49,0.4357782940590773,0.49,0.4852
P02-A0-Lee2019_MI-SAN-PERM-FULL_TRAIN-MR00-PR042,Lee2019_MI,SAN-PERM,A0-RAW-ACCEPT-ALL,FULL_TRAIN,0,36,1,100,0.7,0.6744791666666667,0.7,0.894
P02-A0-Lee2019_MI-SAN-PERM-FULL_TRAIN-MR00-PR043,Lee2019_MI,SAN-PERM,A0-RAW-ACCEPT-ALL,FULL_TRAIN,0,3,1,100,0.51,0.5059985885673959,0.51,0.5224
P02-A0-Lee2019_MI-SAN-PERM-FULL_TRAIN-MR00-PR043,Lee2019_MI,SAN-PERM,A0-RAW-ACCEPT-ALL,FULL_TRAIN,0,6,1,100,0.51,0.38557993730407525,0.51,0.4556
P02-A0-Lee2019_MI-SAN-PERM-FULL_TRAIN-MR00-PR043,Lee2019_MI,SAN-PERM,A0-RAW-ACCEPT-ALL,FULL_TRAIN,0,15,1,100,0.51,0.3551783129359126,0.51,0.662
P02-A0-Lee2019_MI-SAN-PERM-FULL_TRAIN-MR00-PR043,Lee2019_MI,SAN-PERM,A0-RAW-ACCEPT-ALL,FULL_TRAIN,0,19,1,100,0.51,0.3551783129359126,0.51,0.478
P02-A0-Lee2019_MI-SAN-PERM-FULL_TRAIN-MR00-PR043,Lee2019_MI,SAN-PERM,A0-RAW-ACCEPT-ALL,FULL_TRAIN,0,30,1,100,0.56,0.46576007770762506,0.56,0.5783999999999999
P02-A0-Lee2019_MI-SAN-PERM-FULL_TRAIN-MR00-PR043,Lee2019_MI,SAN-PERM,A0-RAW-ACCEPT-ALL,FULL_TRAIN,0,36,1,100,0.56,0.5024875621890548,0.56,0.636
P02-A0-Lee2019_MI-SAN-PERM-FULL_TRAIN-MR00-PR044,Lee2019_MI,SAN-PERM,A0-RAW-ACCEPT-ALL,FULL_TRAIN,0,3,1,100,0.48,0.4357638888888889,0.48,0.49119999999999997
P02-A0-Lee2019_MI-SAN-PERM-FULL_TRAIN-MR00-PR044,Lee2019_MI,SAN-PERM,A0-RAW-ACCEPT-ALL,FULL_TRAIN,0,6,1,100,0.51,0.39884676726781987,0.51,0.48719999999999997
P02-A0-Lee2019_MI-SAN-PERM-FULL_TRAIN-MR00-PR044,Lee2019_MI,SAN-PERM,A0-RAW-ACCEPT-ALL,FULL_TRAIN,0,15,1,100,0.48,0.32432432432432434,0.48,0.45640000000000003
P02-A0-Lee2019_MI-SAN-PERM-FULL_TRAIN-MR00-PR044,Lee2019_MI,SAN-PERM,A0-RAW-ACCEPT-ALL,FULL_TRAIN,0,19,1,100,0.49,0.3453985367731998,0.49,0.4736
P02-A0-Lee2019_MI-SAN-PERM-FULL_TRAIN-MR00-PR044,Lee2019_MI,SAN-PERM,A0-RAW-ACCEPT-ALL,FULL_TRAIN,0,30,1,100,0.52,0.49066213921901525,0.52,0.4836
P02-A0-Lee2019_MI-SAN-PERM-FULL_TRAIN-MR00-PR044,Lee2019_MI,SAN-PERM,A0-RAW-ACCEPT-ALL,FULL_TRAIN,0,36,1,100,0.6,0.5404411764705883,0.6,0.7115999999999999
P02-A0-Lee2019_MI-SAN-PERM-FULL_TRAIN-MR00-PR045,Lee2019_MI,SAN-PERM,A0-RAW-ACCEPT-ALL,FULL_TRAIN,0,3,1,100,0.5599999999999999,0.5280995280995281,0.56,0.5452
P02-A0-Lee2019_MI-SAN-PERM-FULL_TRAIN-MR00-PR045,Lee2019_MI,SAN-PERM,A0-RAW-ACCEPT-ALL,FULL_TRAIN,0,6,1,100,0.48000000000000004,0.4583333333333333,0.48,0.4796
P02-A0-Lee2019_MI-SAN-PERM-FULL_TRAIN-MR00-PR045,Lee2019_MI,SAN-PERM,A0-RAW-ACCEPT-ALL,FULL_TRAIN,0,15,1,100,0.47,0.3197278911564626,0.47,0.34800000000000003
P02-A0-Lee2019_MI-SAN-PERM-FULL_TRAIN-MR00-PR045,Lee2019_MI,SAN-PERM,A0-RAW-ACCEPT-ALL,FULL_TRAIN,0,19,1,100,0.45,0.4472917294744247,0.45,0.44960000000000006
P02-A0-Lee2019_MI-SAN-PERM-FULL_TRAIN-MR00-PR045,Lee2019_MI,SAN-PERM,A0-RAW-ACCEPT-ALL,FULL_TRAIN,0,30,1,100,0.54,0.5279146141215106,0.54,0.5184
P02-A0-Lee2019_MI-SAN-PERM-FULL_TRAIN-MR00-PR045,Lee2019_MI,SAN-PERM,A0-RAW-ACCEPT-ALL,FULL_TRAIN,0,36,1,100,0.58,0.4900437105390966,0.58,0.8324000000000001
P02-A0-Lee2019_MI-SAN-PERM-FULL_TRAIN-MR00-PR046,Lee2019_MI,SAN-PERM,A0-RAW-ACCEPT-ALL,FULL_TRAIN,0,3,1,100,0.5,0.3333333333333333,0.5,0.45720000000000005
P02-A0-Lee2019_MI-SAN-PERM-FULL_TRAIN-MR00-PR046,Lee2019_MI,SAN-PERM,A0-RAW-ACCEPT-ALL,FULL_TRAIN,0,6,1,100,0.49,0.3743099006256901,0.49,0.5619999999999999
P02-A0-Lee2019_MI-SAN-PERM-FULL_TRAIN-MR00-PR046,Lee2019_MI,SAN-PERM,A0-RAW-ACCEPT-ALL,FULL_TRAIN,0,15,1,100,0.5,0.3333333333333333,0.5,0.5035999999999999
P02-A0-Lee2019_MI-SAN-PERM-FULL_TRAIN-MR00-PR046,Lee2019_MI,SAN-PERM,A0-RAW-ACCEPT-ALL,FULL_TRAIN,0,19,1,100,0.44,0.36680235187697874,0.44,0.4616
P02-A0-Lee2019_MI-SAN-PERM-FULL_TRAIN-MR00-PR046,Lee2019_MI,SAN-PERM,A0-RAW-ACCEPT-ALL,FULL_TRAIN,0,30,1,100,0.46,0.3443419135502671,0.46,0.5468
P02-A0-Lee2019_MI-SAN-PERM-FULL_TRAIN-MR00-PR046,Lee2019_MI,SAN-PERM,A0-RAW-ACCEPT-ALL,FULL_TRAIN,0,36,1,100,0.58,0.5,0.58,0.8148000000000001
P02-A0-Lee2019_MI-SAN-PERM-FULL_TRAIN-MR00-PR047,Lee2019_MI,SAN-PERM,A0-RAW-ACCEPT-ALL,FULL_TRAIN,0,3,1,100,0.5,0.37996031746031744,0.5,0.46959999999999996
P02-A0-Lee2019_MI-SAN-PERM-FULL_TRAIN-MR00-PR047,Lee2019_MI,SAN-PERM,A0-RAW-ACCEPT-ALL,FULL_TRAIN,0,6,1,100,0.5,0.36580416032470825,0.5,0.5392
P02-A0-Lee2019_MI-SAN-PERM-FULL_TRAIN-MR00-PR047,Lee2019_MI,SAN-PERM,A0-RAW-ACCEPT-ALL,FULL_TRAIN,0,15,1,100,0.41,0.39244156111625994,0.41,0.406
P02-A0-Lee2019_MI-SAN-PERM-FULL_TRAIN-MR00-PR047,Lee2019_MI,SAN-PERM,A0-RAW-ACCEPT-ALL,FULL_TRAIN,0,19,1,100,0.45,0.3994977617643848,0.45,0.4568
P02-A0-Lee2019_MI-SAN-PERM-FULL_TRAIN-MR00-PR047,Lee2019_MI,SAN-PERM,A0-RAW-ACCEPT-ALL,FULL_TRAIN,0,30,1,100,0.5,0.3333333333333333,0.5,0.5128
P02-A0-Lee2019_MI-SAN-PERM-FULL_TRAIN-MR00-PR047,Lee2019_MI,SAN-PERM,A0-RAW-ACCEPT-ALL,FULL_TRAIN,0,36,1,100,0.43,0.3148214929679048,0.43,0.12160000000000003
P02-A0-Lee2019_MI-SAN-PERM-FULL_TRAIN-MR00-PR048,Lee2019_MI,SAN-PERM,A0-RAW-ACCEPT-ALL,FULL_TRAIN,0,3,1,100,0.51,0.38557993730407525,0.51,0.4284
P02-A0-Lee2019_MI-SAN-PERM-FULL_TRAIN-MR00-PR048,Lee2019_MI,SAN-PERM,A0-RAW-ACCEPT-ALL,FULL_TRAIN,0,6,1,100,0.52,0.5169082125603865,0.52,0.49559999999999993
P02-A0-Lee2019_MI-SAN-PERM-FULL_TRAIN-MR00-PR048,Lee2019_MI,SAN-PERM,A0-RAW-ACCEPT-ALL,FULL_TRAIN,0,15,1,100,0.62,0.5876736111111112,0.62,0.6476000000000001
P02-A0-Lee2019_MI-SAN-PERM-FULL_TRAIN-MR00-PR048,Lee2019_MI,SAN-PERM,A0-RAW-ACCEPT-ALL,FULL_TRAIN,0,19,1,100,0.5,0.4429590017825312,0.5,0.5556
P02-A0-Lee2019_MI-SAN-PERM-FULL_TRAIN-MR00-PR048,Lee2019_MI,SAN-PERM,A0-RAW-ACCEPT-ALL,FULL_TRAIN,0,30,1,100,0.47,0.4213342067911344,0.47,0.40559999999999996
P02-A0-Lee2019_MI-SAN-PERM-FULL_TRAIN-MR00-PR048,Lee2019_MI,SAN-PERM,A0-RAW-ACCEPT-ALL,FULL_TRAIN,0,36,1,100,0.29000000000000004,0.24266666666666667,0.29,0.2052
P02-A0-Lee2019_MI-SAN-PERM-FULL_TRAIN-MR00-PR049,Lee2019_MI,SAN-PERM,A0-RAW-ACCEPT-ALL,FULL_TRAIN,0,3,1,100,0.41,0.39244156111625994,0.41,0.4764
P02-A0-Lee2019_MI-SAN-PERM-FULL_TRAIN-MR00-PR049,Lee2019_MI,SAN-PERM,A0-RAW-ACCEPT-ALL,FULL_TRAIN,0,6,1,100,0.5,0.36580416032470825,0.5,0.37520000000000003
P02-A0-Lee2019_MI-SAN-PERM-FULL_TRAIN-MR00-PR049,Lee2019_MI,SAN-PERM,A0-RAW-ACCEPT-ALL,FULL_TRAIN,0,15,1,100,0.54,0.45238095238095233,0.54,0.5284
P02-A0-Lee2019_MI-SAN-PERM-FULL_TRAIN-MR00-PR049,Lee2019_MI,SAN-PERM,A0-RAW-ACCEPT-ALL,FULL_TRAIN,0,19,1,100,0.45999999999999996,0.45978391356542614,0.46,0.4504
P02-A0-Lee2019_MI-SAN-PERM-FULL_TRAIN-MR00-PR049,Lee2019_MI,SAN-PERM,A0-RAW-ACCEPT-ALL,FULL_TRAIN,0,30,1,100,0.55,0.54226426609704,0.55,0.5672
P02-A0-Lee2019_MI-SAN-PERM-FULL_TRAIN-MR00-PR049,Lee2019_MI,SAN-PERM,A0-RAW-ACCEPT-ALL,FULL_TRAIN,0,36,1,100,0.51,0.5059985885673959,0.51,0.532
P02-A0-Lee2019_MI-SAN-PERM-FULL_TRAIN-MR00-PR050,Lee2019_MI,SAN-PERM,A0-RAW-ACCEPT-ALL,FULL_TRAIN,0,3,1,100,0.5,0.3333333333333333,0.5,0.7272
P02-A0-Lee2019_MI-SAN-PERM-FULL_TRAIN-MR00-PR050,Lee2019_MI,SAN-PERM,A0-RAW-ACCEPT-ALL,FULL_TRAIN,0,6,1,100,0.51,0.4916485112563544,0.51,0.5056
P02-A0-Lee2019_MI-SAN-PERM-FULL_TRAIN-MR00-PR050,Lee2019_MI,SAN-PERM,A0-RAW-ACCEPT-ALL,FULL_TRAIN,0,15,1,100,0.51,0.3551783129359126,0.51,0.5964
P02-A0-Lee2019_MI-SAN-PERM-FULL_TRAIN-MR00-PR050,Lee2019_MI,SAN-PERM,A0-RAW-ACCEPT-ALL,FULL_TRAIN,0,19,1,100,0.52,0.37629937629937626,0.52,0.6459999999999999
P02-A0-Lee2019_MI-SAN-PERM-FULL_TRAIN-MR00-PR050,Lee2019_MI,SAN-PERM,A0-RAW-ACCEPT-ALL,FULL_TRAIN,0,30,1,100,0.5,0.3333333333333333,0.5,0.4864
P02-A0-Lee2019_MI-SAN-PERM-FULL_TRAIN-MR00-PR050,Lee2019_MI,SAN-PERM,A0-RAW-ACCEPT-ALL,FULL_TRAIN,0,36,1,100,0.74,0.7291666666666667,0.74,0.9016
P02-A0-Lee2019_MI-SAN-PERM-FULL_TRAIN-MR00-PR051,Lee2019_MI,SAN-PERM,A0-RAW-ACCEPT-ALL,FULL_TRAIN,0,3,1,100,0.52,0.4725274725274725,0.52,0.48719999999999997
P02-A0-Lee2019_MI-SAN-PERM-FULL_TRAIN-MR00-PR051,Lee2019_MI,SAN-PERM,A0-RAW-ACCEPT-ALL,FULL_TRAIN,0,6,1,100,0.5700000000000001,0.5174503422735944,0.57,0.6032
P02-A0-Lee2019_MI-SAN-PERM-FULL_TRAIN-MR00-PR051,Lee2019_MI,SAN-PERM,A0-RAW-ACCEPT-ALL,FULL_TRAIN,0,15,1,100,0.5,0.3333333333333333,0.5,0.3879999999999999
P02-A0-Lee2019_MI-SAN-PERM-FULL_TRAIN-MR00-PR051,Lee2019_MI,SAN-PERM,A0-RAW-ACCEPT-ALL,FULL_TRAIN,0,19,1,100,0.56,0.5571658615136876,0.56,0.5484
P02-A0-Lee2019_MI-SAN-PERM-FULL_TRAIN-MR00-PR051,Lee2019_MI,SAN-PERM,A0-RAW-ACCEPT-ALL,FULL_TRAIN,0,30,1,100,0.5,0.3333333333333333,0.5,0.33
P02-A0-Lee2019_MI-SAN-PERM-FULL_TRAIN-MR00-PR051,Lee2019_MI,SAN-PERM,A0-RAW-ACCEPT-ALL,FULL_TRAIN,0,36,1,100,0.45,0.3252361673414305,0.45,0.3504
P02-A0-Lee2019_MI-SAN-PERM-FULL_TRAIN-MR00-PR052,Lee2019_MI,SAN-PERM,A0-RAW-ACCEPT-ALL,FULL_TRAIN,0,3,1,100,0.5,0.3333333333333333,0.5,0.6039999999999999
P02-A0-Lee2019_MI-SAN-PERM-FULL_TRAIN-MR00-PR052,Lee2019_MI,SAN-PERM,A0-RAW-ACCEPT-ALL,FULL_TRAIN,0,6,1,100,0.52,0.5182657567242072,0.52,0.5064
P02-A0-Lee2019_MI-SAN-PERM-FULL_TRAIN-MR00-PR052,Lee2019_MI,SAN-PERM,A0-RAW-ACCEPT-ALL,FULL_TRAIN,0,15,1,100,0.54,0.4875222816399287,0.54,0.5704
P02-A0-Lee2019_MI-SAN-PERM-FULL_TRAIN-MR00-PR052,Lee2019_MI,SAN-PERM,A0-RAW-ACCEPT-ALL,FULL_TRAIN,0,19,1,100,0.5,0.3503118503118503,0.5,0.5112
P02-A0-Lee2019_MI-SAN-PERM-FULL_TRAIN-MR00-PR052,Lee2019_MI,SAN-PERM,A0-RAW-ACCEPT-ALL,FULL_TRAIN,0,30,1,100,0.47,0.46994699469946993,0.47,0.492
P02-A0-Lee2019_MI-SAN-PERM-FULL_TRAIN-MR00-PR052,Lee2019_MI,SAN-PERM,A0-RAW-ACCEPT-ALL,FULL_TRAIN,0,36,1,100,0.5800000000000001,0.5757575757575757,0.58,0.602
P02-A0-Lee2019_MI-SAN-PERM-FULL_TRAIN-MR00-PR053,Lee2019_MI,SAN-PERM,A0-RAW-ACCEPT-ALL,FULL_TRAIN,0,3,1,100,0.56,0.45436507936507936,0.56,0.804
P02-A0-Lee2019_MI-SAN-PERM-FULL_TRAIN-MR00-PR053,Lee2019_MI,SAN-PERM,A0-RAW-ACCEPT-ALL,FULL_TRAIN,0,6,1,100,0.58,0.5495495495495495,0.58,0.5087999999999999
P02-A0-Lee2019_MI-SAN-PERM-FULL_TRAIN-MR00-PR053,Lee2019_MI,SAN-PERM,A0-RAW-ACCEPT-ALL,FULL_TRAIN,0,15,1,100,0.52,0.37629937629937626,0.52,0.56
P02-A0-Lee2019_MI-SAN-PERM-FULL_TRAIN-MR00-PR053,Lee2019_MI,SAN-PERM,A0-RAW-ACCEPT-ALL,FULL_TRAIN,0,19,1,100,0.45999999999999996,0.4591346153846154,0.46,0.48760000000000003
P02-A0-Lee2019_MI-SAN-PERM-FULL_TRAIN-MR00-PR053,Lee2019_MI,SAN-PERM,A0-RAW-ACCEPT-ALL,FULL_TRAIN,0,30,1,100,0.46,0.39839572192513373,0.46,0.3932
P02-A0-Lee2019_MI-SAN-PERM-FULL_TRAIN-MR00-PR053,Lee2019_MI,SAN-PERM,A0-RAW-ACCEPT-ALL,FULL_TRAIN,0,36,1,100,0.62,0.5766488413547237,0.62,0.8988
P02-A0-Lee2019_MI-SAN-PERM-FULL_TRAIN-MR00-PR054,Lee2019_MI,SAN-PERM,A0-RAW-ACCEPT-ALL,FULL_TRAIN,0,3,1,100,0.47,0.4578005115089514,0.47,0.4956
P02-A0-Lee2019_MI-SAN-PERM-FULL_TRAIN-MR00-PR054,Lee2019_MI,SAN-PERM,A0-RAW-ACCEPT-ALL,FULL_TRAIN,0,6,1,100,0.55,0.5366079703429101,0.55,0.5024
P02-A0-Lee2019_MI-SAN-PERM-FULL_TRAIN-MR00-PR054,Lee2019_MI,SAN-PERM,A0-RAW-ACCEPT-ALL,FULL_TRAIN,0,15,1,100,0.5,0.3333333333333333,0.5,0.6144000000000001
P02-A0-Lee2019_MI-SAN-PERM-FULL_TRAIN-MR00-PR054,Lee2019_MI,SAN-PERM,A0-RAW-ACCEPT-ALL,FULL_TRAIN,0,19,1,100,0.49,0.4895405865278751,0.49,0.44239999999999996
P02-A0-Lee2019_MI-SAN-PERM-FULL_TRAIN-MR00-PR054,Lee2019_MI,SAN-PERM,A0-RAW-ACCEPT-ALL,FULL_TRAIN,0,30,1,100,0.5,0.3333333333333333,0.5,0.4192
P02-A0-Lee2019_MI-SAN-PERM-FULL_TRAIN-MR00-PR054,Lee2019_MI,SAN-PERM,A0-RAW-ACCEPT-ALL,FULL_TRAIN,0,36,1,100,0.61,0.6096486838154338,0.61,0.6732000000000001
P02-A0-Lee2019_MI-SAN-PERM-FULL_TRAIN-MR00-PR055,Lee2019_MI,SAN-PERM,A0-RAW-ACCEPT-ALL,FULL_TRAIN,0,3,1,100,0.47,0.3197278911564626,0.47,0.47039999999999993
P02-A0-Lee2019_MI-SAN-PERM-FULL_TRAIN-MR00-PR055,Lee2019_MI,SAN-PERM,A0-RAW-ACCEPT-ALL,FULL_TRAIN,0,6,1,100,0.47,0.4403970013726111,0.47,0.3676
P02-A0-Lee2019_MI-SAN-PERM-FULL_TRAIN-MR00-PR055,Lee2019_MI,SAN-PERM,A0-RAW-ACCEPT-ALL,FULL_TRAIN,0,15,1,100,0.52,0.37629937629937626,0.52,0.6208
P02-A0-Lee2019_MI-SAN-PERM-FULL_TRAIN-MR00-PR055,Lee2019_MI,SAN-PERM,A0-RAW-ACCEPT-ALL,FULL_TRAIN,0,19,1,100,0.5,0.3333333333333333,0.5,0.5156000000000001
P02-A0-Lee2019_MI-SAN-PERM-FULL_TRAIN-MR00-PR055,Lee2019_MI,SAN-PERM,A0-RAW-ACCEPT-ALL,FULL_TRAIN,0,30,1,100,0.5,0.3503118503118503,0.5,0.4968
P02-A0-Lee2019_MI-SAN-PERM-FULL_TRAIN-MR00-PR055,Lee2019_MI,SAN-PERM,A0-RAW-ACCEPT-ALL,FULL_TRAIN,0,36,1,100,0.43,0.4168797953964194,0.43,0.3968
P02-A0-Lee2019_MI-SAN-PERM-FULL_TRAIN-MR00-PR056,Lee2019_MI,SAN-PERM,A0-RAW-ACCEPT-ALL,FULL_TRAIN,0,3,1,100,0.51,0.3551783129359126,0.51,0.374
P02-A0-Lee2019_MI-SAN-PERM-FULL_TRAIN-MR00-PR056,Lee2019_MI,SAN-PERM,A0-RAW-ACCEPT-ALL,FULL_TRAIN,0,6,1,100,0.53,0.4350282485875706,0.53,0.4832
P02-A0-Lee2019_MI-SAN-PERM-FULL_TRAIN-MR00-PR056,Lee2019_MI,SAN-PERM,A0-RAW-ACCEPT-ALL,FULL_TRAIN,0,15,1,100,0.5,0.3333333333333333,0.5,0.3904
P02-A0-Lee2019_MI-SAN-PERM-FULL_TRAIN-MR00-PR056,Lee2019_MI,SAN-PERM,A0-RAW-ACCEPT-ALL,FULL_TRAIN,0,19,1,100,0.45,0.338862844091838,0.45,0.402
P02-A0-Lee2019_MI-SAN-PERM-FULL_TRAIN-MR00-PR056,Lee2019_MI,SAN-PERM,A0-RAW-ACCEPT-ALL,FULL_TRAIN,0,30,1,100,0.45999999999999996,0.3795955882352941,0.46,0.5504
P02-A0-Lee2019_MI-SAN-PERM-FULL_TRAIN-MR00-PR056,Lee2019_MI,SAN-PERM,A0-RAW-ACCEPT-ALL,FULL_TRAIN,0,36,1,100,0.5,0.3333333333333333,0.5,0.3392
P02-A0-Lee2019_MI-SAN-PERM-FULL_TRAIN-MR00-PR057,Lee2019_MI,SAN-PERM,A0-RAW-ACCEPT-ALL,FULL_TRAIN,0,3,1,100,0.41000000000000003,0.37704571850913315,0.41,0.3572000000000001
P02-A0-Lee2019_MI-SAN-PERM-FULL_TRAIN-MR00-PR057,Lee2019_MI,SAN-PERM,A0-RAW-ACCEPT-ALL,FULL_TRAIN,0,6,1,100,0.5,0.4574652777777778,0.5,0.41400000000000003
P02-A0-Lee2019_MI-SAN-PERM-FULL_TRAIN-MR00-PR057,Lee2019_MI,SAN-PERM,A0-RAW-ACCEPT-ALL,FULL_TRAIN,0,15,1,100,0.5,0.3333333333333333,0.5,0.5471999999999999
P02-A0-Lee2019_MI-SAN-PERM-FULL_TRAIN-MR00-PR057,Lee2019_MI,SAN-PERM,A0-RAW-ACCEPT-ALL,FULL_TRAIN,0,19,1,100,0.42000000000000004,0.4084047327621379,0.42,0.36920000000000003
P02-A0-Lee2019_MI-SAN-PERM-FULL_TRAIN-MR00-PR057,Lee2019_MI,SAN-PERM,A0-RAW-ACCEPT-ALL,FULL_TRAIN,0,30,1,100,0.47,0.3749262884774148,0.47,0.48
P02-A0-Lee2019_MI-SAN-PERM-FULL_TRAIN-MR00-PR057,Lee2019_MI,SAN-PERM,A0-RAW-ACCEPT-ALL,FULL_TRAIN,0,36,1,100,0.31,0.30827067669172936,0.31,0.20120000000000002
P02-A0-Lee2019_MI-SAN-PERM-FULL_TRAIN-MR00-PR058,Lee2019_MI,SAN-PERM,A0-RAW-ACCEPT-ALL,FULL_TRAIN,0,3,1,100,0.46,0.46,0.46,0.41200000000000003
P02-A0-Lee2019_MI-SAN-PERM-FULL_TRAIN-MR00-PR058,Lee2019_MI,SAN-PERM,A0-RAW-ACCEPT-ALL,FULL_TRAIN,0,6,1,100,0.43,0.42719324690985827,0.43,0.46799999999999997
P02-A0-Lee2019_MI-SAN-PERM-FULL_TRAIN-MR00-PR058,Lee2019_MI,SAN-PERM,A0-RAW-ACCEPT-ALL,FULL_TRAIN,0,15,1,100,0.52,0.37629937629937626,0.52,0.6616
P02-A0-Lee2019_MI-SAN-PERM-FULL_TRAIN-MR00-PR058,Lee2019_MI,SAN-PERM,A0-RAW-ACCEPT-ALL,FULL_TRAIN,0,19,1,100,0.51,0.45790463546852533,0.51,0.5324
P02-A0-Lee2019_MI-SAN-PERM-FULL_TRAIN-MR00-PR058,Lee2019_MI,SAN-PERM,A0-RAW-ACCEPT-ALL,FULL_TRAIN,0,30,1,100,0.5,0.3333333333333333,0.5,0.6444
P02-A0-Lee2019_MI-SAN-PERM-FULL_TRAIN-MR00-PR058,Lee2019_MI,SAN-PERM,A0-RAW-ACCEPT-ALL,FULL_TRAIN,0,36,1,100,0.41,0.2907801418439716,0.41,0.2872
P02-A0-Lee2019_MI-SAN-PERM-FULL_TRAIN-MR00-PR059,Lee2019_MI,SAN-PERM,A0-RAW-ACCEPT-ALL,FULL_TRAIN,0,3,1,100,0.5,0.3333333333333333,0.5,0.5224
P02-A0-Lee2019_MI-SAN-PERM-FULL_TRAIN-MR00-PR059,Lee2019_MI,SAN-PERM,A0-RAW-ACCEPT-ALL,FULL_TRAIN,0,6,1,100,0.47000000000000003,0.46567194273616297,0.47,0.4676
P02-A0-Lee2019_MI-SAN-PERM-FULL_TRAIN-MR00-PR059,Lee2019_MI,SAN-PERM,A0-RAW-ACCEPT-ALL,FULL_TRAIN,0,15,1,100,0.48,0.32432432432432434,0.48,0.38520000000000004
P02-A0-Lee2019_MI-SAN-PERM-FULL_TRAIN-MR00-PR059,Lee2019_MI,SAN-PERM,A0-RAW-ACCEPT-ALL,FULL_TRAIN,0,19,1,100,0.48,0.34043632673769664,0.48,0.5056
P02-A0-Lee2019_MI-SAN-PERM-FULL_TRAIN-MR00-PR059,Lee2019_MI,SAN-PERM,A0-RAW-ACCEPT-ALL,FULL_TRAIN,0,30,1,100,0.5,0.3333333333333333,0.5,0.4864
P02-A0-Lee2019_MI-SAN-PERM-FULL_TRAIN-MR00-PR059,Lee2019_MI,SAN-PERM,A0-RAW-ACCEPT-ALL,FULL_TRAIN,0,36,1,100,0.55,0.4479205005520795,0.55,0.7052
P02-A0-Lee2019_MI-SAN-PERM-FULL_TRAIN-MR00-PR060,Lee2019_MI,SAN-PERM,A0-RAW-ACCEPT-ALL,FULL_TRAIN,0,3,1,100,0.5800000000000001,0.5320855614973261,0.58,0.5188000000000001
P02-A0-Lee2019_MI-SAN-PERM-FULL_TRAIN-MR00-PR060,Lee2019_MI,SAN-PERM,A0-RAW-ACCEPT-ALL,FULL_TRAIN,0,6,1,100,0.51,0.45011783189316573,0.51,0.4888
P02-A0-Lee2019_MI-SAN-PERM-FULL_TRAIN-MR00-PR060,Lee2019_MI,SAN-PERM,A0-RAW-ACCEPT-ALL,FULL_TRAIN,0,15,1,100,0.43999999999999995,0.3993993993993994,0.44,0.4404
P02-A0-Lee2019_MI-SAN-PERM-FULL_TRAIN-MR00-PR060,Lee2019_MI,SAN-PERM,A0-RAW-ACCEPT-ALL,FULL_TRAIN,0,19,1,100,0.51,0.4987212276214834,0.51,0.46199999999999997
P02-A0-Lee2019_MI-SAN-PERM-FULL_TRAIN-MR00-PR060,Lee2019_MI,SAN-PERM,A0-RAW-ACCEPT-ALL,FULL_TRAIN,0,30,1,100,0.6,0.570999570999571,0.6,0.6551999999999999
P02-A0-Lee2019_MI-SAN-PERM-FULL_TRAIN-MR00-PR060,Lee2019_MI,SAN-PERM,A0-RAW-ACCEPT-ALL,FULL_TRAIN,0,36,1,100,0.51,0.3551783129359126,0.51,0.8048000000000002
P02-A0-Lee2019_MI-SAN-PERM-FULL_TRAIN-MR00-PR061,Lee2019_MI,SAN-PERM,A0-RAW-ACCEPT-ALL,FULL_TRAIN,0,3,1,100,0.5,0.3333333333333333,0.5,0.48560000000000003
P02-A0-Lee2019_MI-SAN-PERM-FULL_TRAIN-MR00-PR061,Lee2019_MI,SAN-PERM,A0-RAW-ACCEPT-ALL,FULL_TRAIN,0,6,1,100,0.49,0.4858352656517794,0.49,0.5047999999999999
P02-A0-Lee2019_MI-SAN-PERM-FULL_TRAIN-MR00-PR061,Lee2019_MI,SAN-PERM,A0-RAW-ACCEPT-ALL,FULL_TRAIN,0,15,1,100,0.5900000000000001,0.539894512400404,0.59,0.6192
P02-A0-Lee2019_MI-SAN-PERM-FULL_TRAIN-MR00-PR061,Lee2019_MI,SAN-PERM,A0-RAW-ACCEPT-ALL,FULL_TRAIN,0,19,1,100,0.6,0.5941558441558441,0.6,0.6032
P02-A0-Lee2019_MI-SAN-PERM-FULL_TRAIN-MR00-PR061,Lee2019_MI,SAN-PERM,A0-RAW-ACCEPT-ALL,FULL_TRAIN,0,30,1,100,0.5,0.3333333333333333,0.5,0.5720000000000001
P02-A0-Lee2019_MI-SAN-PERM-FULL_TRAIN-MR00-PR061,Lee2019_MI,SAN-PERM,A0-RAW-ACCEPT-ALL,FULL_TRAIN,0,36,1,100,0.43000000000000005,0.42301852414211966,0.43,0.3428
P02-A0-Lee2019_MI-SAN-PERM-FULL_TRAIN-MR00-PR062,Lee2019_MI,SAN-PERM,A0-RAW-ACCEPT-ALL,FULL_TRAIN,0,3,1,100,0.5,0.3333333333333333,0.5,0.5424
P02-A0-Lee2019_MI-SAN-PERM-FULL_TRAIN-MR00-PR062,Lee2019_MI,SAN-PERM,A0-RAW-ACCEPT-ALL,FULL_TRAIN,0,6,1,100,0.49,0.3288590604026846,0.49,0.5576
P02-A0-Lee2019_MI-SAN-PERM-FULL_TRAIN-MR00-PR062,Lee2019_MI,SAN-PERM,A0-RAW-ACCEPT-ALL,FULL_TRAIN,0,15,1,100,0.48,0.32432432432432434,0.48,0.40800000000000003
P02-A0-Lee2019_MI-SAN-PERM-FULL_TRAIN-MR00-PR062,Lee2019_MI,SAN-PERM,A0-RAW-ACCEPT-ALL,FULL_TRAIN,0,19,1,100,0.5,0.3333333333333333,0.5,0.5444
P02-A0-Lee2019_MI-SAN-PERM-FULL_TRAIN-MR00-PR062,Lee2019_MI,SAN-PERM,A0-RAW-ACCEPT-ALL,FULL_TRAIN,0,30,1,100,0.52,0.4652406417112299,0.52,0.5768
P02-A0-Lee2019_MI-SAN-PERM-FULL_TRAIN-MR00-PR062,Lee2019_MI,SAN-PERM,A0-RAW-ACCEPT-ALL,FULL_TRAIN,0,36,1,100,0.64,0.6376811594202898,0.64,0.7068
P02-A0-Lee2019_MI-SAN-PERM-FULL_TRAIN-MR00-PR063,Lee2019_MI,SAN-PERM,A0-RAW-ACCEPT-ALL,FULL_TRAIN,0,3,1,100,0.5,0.3333333333333333,0.5,0.4996
P02-A0-Lee2019_MI-SAN-PERM-FULL_TRAIN-MR00-PR063,Lee2019_MI,SAN-PERM,A0-RAW-ACCEPT-ALL,FULL_TRAIN,0,6,1,100,0.53,0.5191815856777494,0.53,0.5656
P02-A0-Lee2019_MI-SAN-PERM-FULL_TRAIN-MR00-PR063,Lee2019_MI,SAN-PERM,A0-RAW-ACCEPT-ALL,FULL_TRAIN,0,15,1,100,0.56,0.5225694444444444,0.56,0.6116
P02-A0-Lee2019_MI-SAN-PERM-FULL_TRAIN-MR00-PR063,Lee2019_MI,SAN-PERM,A0-RAW-ACCEPT-ALL,FULL_TRAIN,0,19,1,100,0.56,0.5024875621890548,0.56,0.5732
P02-A0-Lee2019_MI-SAN-PERM-FULL_TRAIN-MR00-PR063,Lee2019_MI,SAN-PERM,A0-RAW-ACCEPT-ALL,FULL_TRAIN,0,30,1,100,0.51,0.39884676726781987,0.51,0.5831999999999999
P02-A0-Lee2019_MI-SAN-PERM-FULL_TRAIN-MR00-PR063,Lee2019_MI,SAN-PERM,A0-RAW-ACCEPT-ALL,FULL_TRAIN,0,36,1,100,0.43,0.42719324690985827,0.43,0.38199999999999995
P02-A0-Lee2019_MI-SAN-PERM-FULL_TRAIN-MR00-PR064,Lee2019_MI,SAN-PERM,A0-RAW-ACCEPT-ALL,FULL_TRAIN,0,3,1,100,0.45,0.44862155388471175,0.45,0.4452
P02-A0-Lee2019_MI-SAN-PERM-FULL_TRAIN-MR00-PR064,Lee2019_MI,SAN-PERM,A0-RAW-ACCEPT-ALL,FULL_TRAIN,0,6,1,100,0.5,0.3333333333333333,0.5,0.5136000000000001
P02-A0-Lee2019_MI-SAN-PERM-FULL_TRAIN-MR00-PR064,Lee2019_MI,SAN-PERM,A0-RAW-ACCEPT-ALL,FULL_TRAIN,0,15,1,100,0.5,0.3333333333333333,0.5,0.4776
P02-A0-Lee2019_MI-SAN-PERM-FULL_TRAIN-MR00-PR064,Lee2019_MI,SAN-PERM,A0-RAW-ACCEPT-ALL,FULL_TRAIN,0,19,1,100,0.51,0.47733333333333333,0.51,0.5671999999999999
P02-A0-Lee2019_MI-SAN-PERM-FULL_TRAIN-MR00-PR064,Lee2019_MI,SAN-PERM,A0-RAW-ACCEPT-ALL,FULL_TRAIN,0,30,1,100,0.57,0.5361881134721174,0.57,0.5636
P02-A0-Lee2019_MI-SAN-PERM-FULL_TRAIN-MR00-PR064,Lee2019_MI,SAN-PERM,A0-RAW-ACCEPT-ALL,FULL_TRAIN,0,36,1,100,0.5,0.3333333333333333,0.5,0.6304
P02-A0-Lee2019_MI-SAN-PERM-FULL_TRAIN-MR00-PR065,Lee2019_MI,SAN-PERM,A0-RAW-ACCEPT-ALL,FULL_TRAIN,0,3,1,100,0.52,0.52,0.52,0.5007999999999999
P02-A0-Lee2019_MI-SAN-PERM-FULL_TRAIN-MR00-PR065,Lee2019_MI,SAN-PERM,A0-RAW-ACCEPT-ALL,FULL_TRAIN,0,6,1,100,0.38,0.2989597467209407,0.38,0.2512
P02-A0-Lee2019_MI-SAN-PERM-FULL_TRAIN-MR00-PR065,Lee2019_MI,SAN-PERM,A0-RAW-ACCEPT-ALL,FULL_TRAIN,0,15,1,100,0.5,0.3333333333333333,0.5,0.6328
P02-A0-Lee2019_MI-SAN-PERM-FULL_TRAIN-MR00-PR065,Lee2019_MI,SAN-PERM,A0-RAW-ACCEPT-ALL,FULL_TRAIN,0,19,1,100,0.54,0.4295634920634921,0.54,0.5608
P02-A0-Lee2019_MI-SAN-PERM-FULL_TRAIN-MR00-PR065,Lee2019_MI,SAN-PERM,A0-RAW-ACCEPT-ALL,FULL_TRAIN,0,30,1,100,0.44,0.3846153846153846,0.44,0.48160000000000003
P02-A0-Lee2019_MI-SAN-PERM-FULL_TRAIN-MR00-PR065,Lee2019_MI,SAN-PERM,A0-RAW-ACCEPT-ALL,FULL_TRAIN,0,36,1,100,0.5,0.39290917921321034,0.5,0.6231999999999999
P02-A0-Lee2019_MI-SAN-PERM-FULL_TRAIN-MR00-PR066,Lee2019_MI,SAN-PERM,A0-RAW-ACCEPT-ALL,FULL_TRAIN,0,3,1,100,0.49,0.3288590604026846,0.49,0.3808
P02-A0-Lee2019_MI-SAN-PERM-FULL_TRAIN-MR00-PR066,Lee2019_MI,SAN-PERM,A0-RAW-ACCEPT-ALL,FULL_TRAIN,0,6,1,100,0.5,0.36580416032470825,0.5,0.4896
P02-A0-Lee2019_MI-SAN-PERM-FULL_TRAIN-MR00-PR066,Lee2019_MI,SAN-PERM,A0-RAW-ACCEPT-ALL,FULL_TRAIN,0,15,1,100,0.5,0.3503118503118503,0.5,0.5860000000000001
P02-A0-Lee2019_MI-SAN-PERM-FULL_TRAIN-MR00-PR066,Lee2019_MI,SAN-PERM,A0-RAW-ACCEPT-ALL,FULL_TRAIN,0,19,1,100,0.45999999999999996,0.3688639551192146,0.46,0.4112
P02-A0-Lee2019_MI-SAN-PERM-FULL_TRAIN-MR00-PR066,Lee2019_MI,SAN-PERM,A0-RAW-ACCEPT-ALL,FULL_TRAIN,0,30,1,100,0.53,0.4986666666666667,0.53,0.5104
P02-A0-Lee2019_MI-SAN-PERM-FULL_TRAIN-MR00-PR066,Lee2019_MI,SAN-PERM,A0-RAW-ACCEPT-ALL,FULL_TRAIN,0,36,1,100,0.49,0.3453985367731998,0.49,0.4472
P02-A0-Lee2019_MI-SAN-PERM-FULL_TRAIN-MR00-PR067,Lee2019_MI,SAN-PERM,A0-RAW-ACCEPT-ALL,FULL_TRAIN,0,3,1,100,0.5,0.3333333333333333,0.5,0.6112
P02-A0-Lee2019_MI-SAN-PERM-FULL_TRAIN-MR00-PR067,Lee2019_MI,SAN-PERM,A0-RAW-ACCEPT-ALL,FULL_TRAIN,0,6,1,100,0.53,0.52995299529953,0.53,0.5280000000000001
P02-A0-Lee2019_MI-SAN-PERM-FULL_TRAIN-MR00-PR067,Lee2019_MI,SAN-PERM,A0-RAW-ACCEPT-ALL,FULL_TRAIN,0,15,1,100,0.42,0.3441881501582994,0.42,0.4284
P02-A0-Lee2019_MI-SAN-PERM-FULL_TRAIN-MR00-PR067,Lee2019_MI,SAN-PERM,A0-RAW-ACCEPT-ALL,FULL_TRAIN,0,19,1,100,0.5900000000000001,0.5866518802298619,0.59,0.6527999999999999
P02-A0-Lee2019_MI-SAN-PERM-FULL_TRAIN-MR00-PR067,Lee2019_MI,SAN-PERM,A0-RAW-ACCEPT-ALL,FULL_TRAIN,0,30,1,100,0.5,0.3333333333333333,0.5,0.5216000000000001
P02-A0-Lee2019_MI-SAN-PERM-FULL_TRAIN-MR00-PR067,Lee2019_MI,SAN-PERM,A0-RAW-ACCEPT-ALL,FULL_TRAIN,0,36,1,100,0.8899999999999999,0.8897243107769424,0.89,0.9768
P02-A0-Lee2019_MI-SAN-PERM-FULL_TRAIN-MR00-PR068,Lee2019_MI,SAN-PERM,A0-RAW-ACCEPT-ALL,FULL_TRAIN,0,3,1,100,0.53,0.4106583072100314,0.53,0.3932
P02-A0-Lee2019_MI-SAN-PERM-FULL_TRAIN-MR00-PR068,Lee2019_MI,SAN-PERM,A0-RAW-ACCEPT-ALL,FULL_TRAIN,0,6,1,100,0.5,0.415614773258532,0.5,0.5187999999999999
P02-A0-Lee2019_MI-SAN-PERM-FULL_TRAIN-MR00-PR068,Lee2019_MI,SAN-PERM,A0-RAW-ACCEPT-ALL,FULL_TRAIN,0,15,1,100,0.5800000000000001,0.5586380832282472,0.58,0.5544
P02-A0-Lee2019_MI-SAN-PERM-FULL_TRAIN-MR00-PR068,Lee2019_MI,SAN-PERM,A0-RAW-ACCEPT-ALL,FULL_TRAIN,0,19,1,100,0.53,0.5276856597326902,0.53,0.5728
P02-A0-Lee2019_MI-SAN-PERM-FULL_TRAIN-MR00-PR068,Lee2019_MI,SAN-PERM,A0-RAW-ACCEPT-ALL,FULL_TRAIN,0,30,1,100,0.46,0.33035714285714285,0.46,0.45280000000000004
P02-A0-Lee2019_MI-SAN-PERM-FULL_TRAIN-MR00-PR068,Lee2019_MI,SAN-PERM,A0-RAW-ACCEPT-ALL,FULL_TRAIN,0,36,1,100,0.48,0.4357638888888889,0.48,0.40399999999999997
P02-A0-Lee2019_MI-SAN-PERM-FULL_TRAIN-MR00-PR069,Lee2019_MI,SAN-PERM,A0-RAW-ACCEPT-ALL,FULL_TRAIN,0,3,1,100,0.5,0.3333333333333333,0.5,0.47559999999999997
P02-A0-Lee2019_MI-SAN-PERM-FULL_TRAIN-MR00-PR069,Lee2019_MI,SAN-PERM,A0-RAW-ACCEPT-ALL,FULL_TRAIN,0,6,1,100,0.5,0.48686371100164205,0.5,0.5336
P02-A0-Lee2019_MI-SAN-PERM-FULL_TRAIN-MR00-PR069,Lee2019_MI,SAN-PERM,A0-RAW-ACCEPT-ALL,FULL_TRAIN,0,15,1,100,0.59,0.5829518868884143,0.59,0.6364000000000001
P02-A0-Lee2019_MI-SAN-PERM-FULL_TRAIN-MR00-PR069,Lee2019_MI,SAN-PERM,A0-RAW-ACCEPT-ALL,FULL_TRAIN,0,19,1,100,0.5,0.40476190476190477,0.5,0.5816
P02-A0-Lee2019_MI-SAN-PERM-FULL_TRAIN-MR00-PR069,Lee2019_MI,SAN-PERM,A0-RAW-ACCEPT-ALL,FULL_TRAIN,0,30,1,100,0.5,0.3333333333333333,0.5,0.4964
P02-A0-Lee2019_MI-SAN-PERM-FULL_TRAIN-MR00-PR069,Lee2019_MI,SAN-PERM,A0-RAW-ACCEPT-ALL,FULL_TRAIN,0,36,1,100,0.45999999999999996,0.42084942084942084,0.46,0.406
P02-A0-Lee2019_MI-SAN-PERM-FULL_TRAIN-MR00-PR070,Lee2019_MI,SAN-PERM,A0-RAW-ACCEPT-ALL,FULL_TRAIN,0,3,1,100,0.45,0.3915256112401814,0.45,0.46760000000000007
P02-A0-Lee2019_MI-SAN-PERM-FULL_TRAIN-MR00-PR070,Lee2019_MI,SAN-PERM,A0-RAW-ACCEPT-ALL,FULL_TRAIN,0,6,1,100,0.44999999999999996,0.4373401534526854,0.45,0.40080000000000005
P02-A0-Lee2019_MI-SAN-PERM-FULL_TRAIN-MR00-PR070,Lee2019_MI,SAN-PERM,A0-RAW-ACCEPT-ALL,FULL_TRAIN,0,15,1,100,0.43,0.3851795922769928,0.43,0.3788
P02-A0-Lee2019_MI-SAN-PERM-FULL_TRAIN-MR00-PR070,Lee2019_MI,SAN-PERM,A0-RAW-ACCEPT-ALL,FULL_TRAIN,0,19,1,100,0.38,0.3676050591595267,0.38,0.2988
P02-A0-Lee2019_MI-SAN-PERM-FULL_TRAIN-MR00-PR070,Lee2019_MI,SAN-PERM,A0-RAW-ACCEPT-ALL,FULL_TRAIN,0,30,1,100,0.51,0.5059985885673959,0.51,0.5032
P02-A0-Lee2019_MI-SAN-PERM-FULL_TRAIN-MR00-PR070,Lee2019_MI,SAN-PERM,A0-RAW-ACCEPT-ALL,FULL_TRAIN,0,36,1,100,0.38,0.37600644122383253,0.38,0.36879999999999996
P02-A0-Lee2019_MI-SAN-PERM-FULL_TRAIN-MR00-PR071,Lee2019_MI,SAN-PERM,A0-RAW-ACCEPT-ALL,FULL_TRAIN,0,3,1,100,0.55,0.5463252343986289,0.55,0.63
P02-A0-Lee2019_MI-SAN-PERM-FULL_TRAIN-MR00-PR071,Lee2019_MI,SAN-PERM,A0-RAW-ACCEPT-ALL,FULL_TRAIN,0,6,1,100,0.52,0.49066213921901525,0.52,0.5364
P02-A0-Lee2019_MI-SAN-PERM-FULL_TRAIN-MR00-PR071,Lee2019_MI,SAN-PERM,A0-RAW-ACCEPT-ALL,FULL_TRAIN,0,15,1,100,0.47,0.42832488404702834,0.47,0.45239999999999997
P02-A0-Lee2019_MI-SAN-PERM-FULL_TRAIN-MR00-PR071,Lee2019_MI,SAN-PERM,A0-RAW-ACCEPT-ALL,FULL_TRAIN,0,19,1,100,0.53,0.4643874643874644,0.53,0.6172000000000001
P02-A0-Lee2019_MI-SAN-PERM-FULL_TRAIN-MR00-PR071,Lee2019_MI,SAN-PERM,A0-RAW-ACCEPT-ALL,FULL_TRAIN,0,30,1,100,0.49,0.3288590604026846,0.49,0.6156000000000001
P02-A0-Lee2019_MI-SAN-PERM-FULL_TRAIN-MR00-PR071,Lee2019_MI,SAN-PERM,A0-RAW-ACCEPT-ALL,FULL_TRAIN,0,36,1,100,0.9099999999999999,0.9095568284594513,0.91,0.9636
P02-A0-Lee2019_MI-SAN-PERM-FULL_TRAIN-MR00-PR072,Lee2019_MI,SAN-PERM,A0-RAW-ACCEPT-ALL,FULL_TRAIN,0,3,1,100,0.48,0.3686255463817387,0.48,0.4956
P02-A0-Lee2019_MI-SAN-PERM-FULL_TRAIN-MR00-PR072,Lee2019_MI,SAN-PERM,A0-RAW-ACCEPT-ALL,FULL_TRAIN,0,6,1,100,0.53,0.5276856597326902,0.53,0.554
P02-A0-Lee2019_MI-SAN-PERM-FULL_TRAIN-MR00-PR072,Lee2019_MI,SAN-PERM,A0-RAW-ACCEPT-ALL,FULL_TRAIN,0,15,1,100,0.53,0.39673982800667434,0.53,0.5644
P02-A0-Lee2019_MI-SAN-PERM-FULL_TRAIN-MR00-PR072,Lee2019_MI,SAN-PERM,A0-RAW-ACCEPT-ALL,FULL_TRAIN,0,19,1,100,0.46,0.44191814799503926,0.46,0.4612
P02-A0-Lee2019_MI-SAN-PERM-FULL_TRAIN-MR00-PR072,Lee2019_MI,SAN-PERM,A0-RAW-ACCEPT-ALL,FULL_TRAIN,0,30,1,100,0.5,0.3333333333333333,0.5,0.5900000000000001
P02-A0-Lee2019_MI-SAN-PERM-FULL_TRAIN-MR00-PR072,Lee2019_MI,SAN-PERM,A0-RAW-ACCEPT-ALL,FULL_TRAIN,0,36,1,100,0.45,0.38278532151273703,0.45,0.42
P02-A0-Lee2019_MI-SAN-PERM-FULL_TRAIN-MR00-PR073,Lee2019_MI,SAN-PERM,A0-RAW-ACCEPT-ALL,FULL_TRAIN,0,3,1,100,0.47,0.4578005115089514,0.47,0.4104
P02-A0-Lee2019_MI-SAN-PERM-FULL_TRAIN-MR00-PR073,Lee2019_MI,SAN-PERM,A0-RAW-ACCEPT-ALL,FULL_TRAIN,0,6,1,100,0.59,0.5805626598465473,0.59,0.6436
P02-A0-Lee2019_MI-SAN-PERM-FULL_TRAIN-MR00-PR073,Lee2019_MI,SAN-PERM,A0-RAW-ACCEPT-ALL,FULL_TRAIN,0,15,1,100,0.5,0.3333333333333333,0.5,0.49119999999999997
P02-A0-Lee2019_MI-SAN-PERM-FULL_TRAIN-MR00-PR073,Lee2019_MI,SAN-PERM,A0-RAW-ACCEPT-ALL,FULL_TRAIN,0,19,1,100,0.5,0.3333333333333333,0.5,0.5036
P02-A0-Lee2019_MI-SAN-PERM-FULL_TRAIN-MR00-PR073,Lee2019_MI,SAN-PERM,A0-RAW-ACCEPT-ALL,FULL_TRAIN,0,30,1,100,0.59,0.5670995670995671,0.59,0.6548
P02-A0-Lee2019_MI-SAN-PERM-FULL_TRAIN-MR00-PR073,Lee2019_MI,SAN-PERM,A0-RAW-ACCEPT-ALL,FULL_TRAIN,0,36,1,100,0.43,0.3504273504273504,0.43,0.41759999999999997
P02-A0-Lee2019_MI-SAN-PERM-FULL_TRAIN-MR00-PR074,Lee2019_MI,SAN-PERM,A0-RAW-ACCEPT-ALL,FULL_TRAIN,0,3,1,100,0.51,0.45011783189316573,0.51,0.47000000000000003
P02-A0-Lee2019_MI-SAN-PERM-FULL_TRAIN-MR00-PR074,Lee2019_MI,SAN-PERM,A0-RAW-ACCEPT-ALL,FULL_TRAIN,0,6,1,100,0.5,0.4255514705882353,0.5,0.48879999999999996
P02-A0-Lee2019_MI-SAN-PERM-FULL_TRAIN-MR00-PR074,Lee2019_MI,SAN-PERM,A0-RAW-ACCEPT-ALL,FULL_TRAIN,0,15,1,100,0.53,0.4233836339099497,0.53,0.5484
P02-A0-Lee2019_MI-SAN-PERM-FULL_TRAIN-MR00-PR074,Lee2019_MI,SAN-PERM,A0-RAW-ACCEPT-ALL,FULL_TRAIN,0,19,1,100,0.5,0.49979991996798717,0.5,0.5232
P02-A0-Lee2019_MI-SAN-PERM-FULL_TRAIN-MR00-PR074,Lee2019_MI,SAN-PERM,A0-RAW-ACCEPT-ALL,FULL_TRAIN,0,30,1,100,0.5599999999999999,0.5512035903712771,0.56,0.5628
P02-A0-Lee2019_MI-SAN-PERM-FULL_TRAIN-MR00-PR074,Lee2019_MI,SAN-PERM,A0-RAW-ACCEPT-ALL,FULL_TRAIN,0,36,1,100,0.5,0.3503118503118503,0.5,0.5044
P02-A0-Lee2019_MI-SAN-PERM-FULL_TRAIN-MR00-PR075,Lee2019_MI,SAN-PERM,A0-RAW-ACCEPT-ALL,FULL_TRAIN,0,3,1,100,0.5,0.4574652777777778,0.5,0.4596
P02-A0-Lee2019_MI-SAN-PERM-FULL_TRAIN-MR00-PR075,Lee2019_MI,SAN-PERM,A0-RAW-ACCEPT-ALL,FULL_TRAIN,0,6,1,100,0.56,0.4944852941176471,0.56,0.5008
P02-A0-Lee2019_MI-SAN-PERM-FULL_TRAIN-MR00-PR075,Lee2019_MI,SAN-PERM,A0-RAW-ACCEPT-ALL,FULL_TRAIN,0,15,1,100,0.49,0.3605015673981191,0.49,0.4996
P02-A0-Lee2019_MI-SAN-PERM-FULL_TRAIN-MR00-PR075,Lee2019_MI,SAN-PERM,A0-RAW-ACCEPT-ALL,FULL_TRAIN,0,19,1,100,0.46,0.4375,0.46,0.4224
P02-A0-Lee2019_MI-SAN-PERM-FULL_TRAIN-MR00-PR075,Lee2019_MI,SAN-PERM,A0-RAW-ACCEPT-ALL,FULL_TRAIN,0,30,1,100,0.44999999999999996,0.36276213648476424,0.45,0.4732
P02-A0-Lee2019_MI-SAN-PERM-FULL_TRAIN-MR00-PR075,Lee2019_MI,SAN-PERM,A0-RAW-ACCEPT-ALL,FULL_TRAIN,0,36,1,100,0.5,0.3333333333333333,0.5,0.37120000000000003
P02-A0-Lee2019_MI-SAN-PERM-FULL_TRAIN-MR00-PR076,Lee2019_MI,SAN-PERM,A0-RAW-ACCEPT-ALL,FULL_TRAIN,0,3,1,100,0.52,0.37629937629937626,0.52,0.5576000000000001
P02-A0-Lee2019_MI-SAN-PERM-FULL_TRAIN-MR00-PR076,Lee2019_MI,SAN-PERM,A0-RAW-ACCEPT-ALL,FULL_TRAIN,0,6,1,100,0.54,0.47987336047037543,0.54,0.6524
P02-A0-Lee2019_MI-SAN-PERM-FULL_TRAIN-MR00-PR076,Lee2019_MI,SAN-PERM,A0-RAW-ACCEPT-ALL,FULL_TRAIN,0,15,1,100,0.5,0.3333333333333333,0.5,0.46399999999999997
P02-A0-Lee2019_MI-SAN-PERM-FULL_TRAIN-MR00-PR076,Lee2019_MI,SAN-PERM,A0-RAW-ACCEPT-ALL,FULL_TRAIN,0,19,1,100,0.5,0.3503118503118503,0.5,0.5915999999999999
P02-A0-Lee2019_MI-SAN-PERM-FULL_TRAIN-MR00-PR076,Lee2019_MI,SAN-PERM,A0-RAW-ACCEPT-ALL,FULL_TRAIN,0,30,1,100,0.54,0.5008680555555556,0.54,0.556
P02-A0-Lee2019_MI-SAN-PERM-FULL_TRAIN-MR00-PR076,Lee2019_MI,SAN-PERM,A0-RAW-ACCEPT-ALL,FULL_TRAIN,0,36,1,100,0.55,0.5366079703429101,0.55,0.7256
P02-A0-Lee2019_MI-SAN-PERM-FULL_TRAIN-MR00-PR077,Lee2019_MI,SAN-PERM,A0-RAW-ACCEPT-ALL,FULL_TRAIN,0,3,1,100,0.5,0.3333333333333333,0.5,0.43360000000000004
P02-A0-Lee2019_MI-SAN-PERM-FULL_TRAIN-MR00-PR077,Lee2019_MI,SAN-PERM,A0-RAW-ACCEPT-ALL,FULL_TRAIN,0,6,1,100,0.56,0.537620849096259,0.56,0.6295999999999999
P02-A0-Lee2019_MI-SAN-PERM-FULL_TRAIN-MR00-PR077,Lee2019_MI,SAN-PERM,A0-RAW-ACCEPT-ALL,FULL_TRAIN,0,15,1,100,0.48000000000000004,0.4583333333333333,0.48,0.4276
P02-A0-Lee2019_MI-SAN-PERM-FULL_TRAIN-MR00-PR077,Lee2019_MI,SAN-PERM,A0-RAW-ACCEPT-ALL,FULL_TRAIN,0,19,1,100,0.48,0.4120307553143374,0.48,0.4312
P02-A0-Lee2019_MI-SAN-PERM-FULL_TRAIN-MR00-PR077,Lee2019_MI,SAN-PERM,A0-RAW-ACCEPT-ALL,FULL_TRAIN,0,30,1,100,0.49,0.3288590604026846,0.49,0.6023999999999999
P02-A0-Lee2019_MI-SAN-PERM-FULL_TRAIN-MR00-PR077,Lee2019_MI,SAN-PERM,A0-RAW-ACCEPT-ALL,FULL_TRAIN,0,36,1,100,0.5,0.3333333333333333,0.5,0.4835999999999999
P02-A0-Lee2019_MI-SAN-PERM-FULL_TRAIN-MR00-PR078,Lee2019_MI,SAN-PERM,A0-RAW-ACCEPT-ALL,FULL_TRAIN,0,3,1,100,0.49,0.3288590604026846,0.49,0.4208
P02-A0-Lee2019_MI-SAN-PERM-FULL_TRAIN-MR00-PR078,Lee2019_MI,SAN-PERM,A0-RAW-ACCEPT-ALL,FULL_TRAIN,0,6,1,100,0.53,0.5219204557013528,0.53,0.5228
P02-A0-Lee2019_MI-SAN-PERM-FULL_TRAIN-MR00-PR078,Lee2019_MI,SAN-PERM,A0-RAW-ACCEPT-ALL,FULL_TRAIN,0,15,1,100,0.52,0.4171928120446819,0.52,0.5636
P02-A0-Lee2019_MI-SAN-PERM-FULL_TRAIN-MR00-PR078,Lee2019_MI,SAN-PERM,A0-RAW-ACCEPT-ALL,FULL_TRAIN,0,19,1,100,0.45,0.43363196375244567,0.45,0.41240000000000004
P02-A0-Lee2019_MI-SAN-PERM-FULL_TRAIN-MR00-PR078,Lee2019_MI,SAN-PERM,A0-RAW-ACCEPT-ALL,FULL_TRAIN,0,30,1,100,0.48,0.32432432432432434,0.48,0.46719999999999995
P02-A0-Lee2019_MI-SAN-PERM-FULL_TRAIN-MR00-PR078,Lee2019_MI,SAN-PERM,A0-RAW-ACCEPT-ALL,FULL_TRAIN,0,36,1,100,0.33999999999999997,0.299660441426146,0.34,0.23399999999999999
P02-A0-Lee2019_MI-SAN-PERM-FULL_TRAIN-MR00-PR079,Lee2019_MI,SAN-PERM,A0-RAW-ACCEPT-ALL,FULL_TRAIN,0,3,1,100,0.51,0.3551783129359126,0.51,0.4224
P02-A0-Lee2019_MI-SAN-PERM-FULL_TRAIN-MR00-PR079,Lee2019_MI,SAN-PERM,A0-RAW-ACCEPT-ALL,FULL_TRAIN,0,6,1,100,0.47,0.4578005115089514,0.47,0.4512
P02-A0-Lee2019_MI-SAN-PERM-FULL_TRAIN-MR00-PR079,Lee2019_MI,SAN-PERM,A0-RAW-ACCEPT-ALL,FULL_TRAIN,0,15,1,100,0.51,0.3551783129359126,0.51,0.45680000000000004
P02-A0-Lee2019_MI-SAN-PERM-FULL_TRAIN-MR00-PR079,Lee2019_MI,SAN-PERM,A0-RAW-ACCEPT-ALL,FULL_TRAIN,0,19,1,100,0.48000000000000004,0.4206773618538324,0.48,0.3792
P02-A0-Lee2019_MI-SAN-PERM-FULL_TRAIN-MR00-PR079,Lee2019_MI,SAN-PERM,A0-RAW-ACCEPT-ALL,FULL_TRAIN,0,30,1,100,0.5,0.3333333333333333,0.5,0.478
P02-A0-Lee2019_MI-SAN-PERM-FULL_TRAIN-MR00-PR079,Lee2019_MI,SAN-PERM,A0-RAW-ACCEPT-ALL,FULL_TRAIN,0,36,1,100,0.5,0.3333333333333333,0.5,0.2184
P02-A0-Lee2019_MI-SAN-PERM-FULL_TRAIN-MR00-PR080,Lee2019_MI,SAN-PERM,A0-RAW-ACCEPT-ALL,FULL_TRAIN,0,3,1,100,0.47,0.4213342067911344,0.47,0.4592
P02-A0-Lee2019_MI-SAN-PERM-FULL_TRAIN-MR00-PR080,Lee2019_MI,SAN-PERM,A0-RAW-ACCEPT-ALL,FULL_TRAIN,0,6,1,100,0.44000000000000006,0.4318181818181818,0.44,0.39799999999999996
P02-A0-Lee2019_MI-SAN-PERM-FULL_TRAIN-MR00-PR080,Lee2019_MI,SAN-PERM,A0-RAW-ACCEPT-ALL,FULL_TRAIN,0,15,1,100,0.49,0.3288590604026846,0.49,0.4232
P02-A0-Lee2019_MI-SAN-PERM-FULL_TRAIN-MR00-PR080,Lee2019_MI,SAN-PERM,A0-RAW-ACCEPT-ALL,FULL_TRAIN,0,19,1,100,0.48,0.42857142857142855,0.48,0.478
P02-A0-Lee2019_MI-SAN-PERM-FULL_TRAIN-MR00-PR080,Lee2019_MI,SAN-PERM,A0-RAW-ACCEPT-ALL,FULL_TRAIN,0,30,1,100,0.49,0.3288590604026846,0.49,0.47719999999999996
P02-A0-Lee2019_MI-SAN-PERM-FULL_TRAIN-MR00-PR080,Lee2019_MI,SAN-PERM,A0-RAW-ACCEPT-ALL,FULL_TRAIN,0,36,1,100,0.5,0.3333333333333333,0.5,0.3652
P02-A0-Lee2019_MI-SAN-PERM-FULL_TRAIN-MR00-PR081,Lee2019_MI,SAN-PERM,A0-RAW-ACCEPT-ALL,FULL_TRAIN,0,3,1,100,0.51,0.3551783129359126,0.51,0.558
P02-A0-Lee2019_MI-SAN-PERM-FULL_TRAIN-MR00-PR081,Lee2019_MI,SAN-PERM,A0-RAW-ACCEPT-ALL,FULL_TRAIN,0,6,1,100,0.53,0.4800309768779732,0.53,0.5700000000000001
P02-A0-Lee2019_MI-SAN-PERM-FULL_TRAIN-MR00-PR081,Lee2019_MI,SAN-PERM,A0-RAW-ACCEPT-ALL,FULL_TRAIN,0,15,1,100,0.48000000000000004,0.4583333333333333,0.48,0.42439999999999994
P02-A0-Lee2019_MI-SAN-PERM-FULL_TRAIN-MR00-PR081,Lee2019_MI,SAN-PERM,A0-RAW-ACCEPT-ALL,FULL_TRAIN,0,19,1,100,0.45000000000000007,0.44326348820730843,0.45,0.4416
P02-A0-Lee2019_MI-SAN-PERM-FULL_TRAIN-MR00-PR081,Lee2019_MI,SAN-PERM,A0-RAW-ACCEPT-ALL,FULL_TRAIN,0,30,1,100,0.5,0.47456914670029426,0.5,0.4895999999999999
P02-A0-Lee2019_MI-SAN-PERM-FULL_TRAIN-MR00-PR081,Lee2019_MI,SAN-PERM,A0-RAW-ACCEPT-ALL,FULL_TRAIN,0,36,1,100,0.39,0.3154528111323084,0.39,0.2716
P02-A0-Lee2019_MI-SAN-PERM-FULL_TRAIN-MR00-PR082,Lee2019_MI,SAN-PERM,A0-RAW-ACCEPT-ALL,FULL_TRAIN,0,3,1,100,0.5,0.3333333333333333,0.5,0.454
P02-A0-Lee2019_MI-SAN-PERM-FULL_TRAIN-MR00-PR082,Lee2019_MI,SAN-PERM,A0-RAW-ACCEPT-ALL,FULL_TRAIN,0,6,1,100,0.5,0.4574652777777778,0.5,0.5192
P02-A0-Lee2019_MI-SAN-PERM-FULL_TRAIN-MR00-PR082,Lee2019_MI,SAN-PERM,A0-RAW-ACCEPT-ALL,FULL_TRAIN,0,15,1,100,0.55,0.47862356621480706,0.55,0.6068000000000001
P02-A0-Lee2019_MI-SAN-PERM-FULL_TRAIN-MR00-PR082,Lee2019_MI,SAN-PERM,A0-RAW-ACCEPT-ALL,FULL_TRAIN,0,19,1,100,0.47,0.3859344224307728,0.47,0.5136000000000001
P02-A0-Lee2019_MI-SAN-PERM-FULL_TRAIN-MR00-PR082,Lee2019_MI,SAN-PERM,A0-RAW-ACCEPT-ALL,FULL_TRAIN,0,30,1,100,0.5,0.3333333333333333,0.5,0.41400000000000003
P02-A0-Lee2019_MI-SAN-PERM-FULL_TRAIN-MR00-PR082,Lee2019_MI,SAN-PERM,A0-RAW-ACCEPT-ALL,FULL_TRAIN,0,36,1,100,0.32,0.2916666666666667,0.32,0.262
P02-A0-Lee2019_MI-SAN-PERM-FULL_TRAIN-MR00-PR083,Lee2019_MI,SAN-PERM,A0-RAW-ACCEPT-ALL,FULL_TRAIN,0,3,1,100,0.56,0.5452666391070691,0.56,0.576
P02-A0-Lee2019_MI-SAN-PERM-FULL_TRAIN-MR00-PR083,Lee2019_MI,SAN-PERM,A0-RAW-ACCEPT-ALL,FULL_TRAIN,0,6,1,100,0.53,0.4554512802687985,0.53,0.5912000000000001
P02-A0-Lee2019_MI-SAN-PERM-FULL_TRAIN-MR00-PR083,Lee2019_MI,SAN-PERM,A0-RAW-ACCEPT-ALL,FULL_TRAIN,0,15,1,100,0.47,0.43466666666666665,0.47,0.4688
P02-A0-Lee2019_MI-SAN-PERM-FULL_TRAIN-MR00-PR083,Lee2019_MI,SAN-PERM,A0-RAW-ACCEPT-ALL,FULL_TRAIN,0,19,1,100,0.44999999999999996,0.4405452141186044,0.45,0.4424
P02-A0-Lee2019_MI-SAN-PERM-FULL_TRAIN-MR00-PR083,Lee2019_MI,SAN-PERM,A0-RAW-ACCEPT-ALL,FULL_TRAIN,0,30,1,100,0.5,0.3333333333333333,0.5,0.6172
P02-A0-Lee2019_MI-SAN-PERM-FULL_TRAIN-MR00-PR083,Lee2019_MI,SAN-PERM,A0-RAW-ACCEPT-ALL,FULL_TRAIN,0,36,1,100,0.5,0.3333333333333333,0.5,0.5548
P02-A0-Lee2019_MI-SAN-PERM-FULL_TRAIN-MR00-PR084,Lee2019_MI,SAN-PERM,A0-RAW-ACCEPT-ALL,FULL_TRAIN,0,3,1,100,0.5,0.3333333333333333,0.5,0.5776
P02-A0-Lee2019_MI-SAN-PERM-FULL_TRAIN-MR00-PR084,Lee2019_MI,SAN-PERM,A0-RAW-ACCEPT-ALL,FULL_TRAIN,0,6,1,100,0.53,0.52995299529953,0.53,0.5652
P02-A0-Lee2019_MI-SAN-PERM-FULL_TRAIN-MR00-PR084,Lee2019_MI,SAN-PERM,A0-RAW-ACCEPT-ALL,FULL_TRAIN,0,15,1,100,0.46,0.3150684931506849,0.46,0.5756000000000001
P02-A0-Lee2019_MI-SAN-PERM-FULL_TRAIN-MR00-PR084,Lee2019_MI,SAN-PERM,A0-RAW-ACCEPT-ALL,FULL_TRAIN,0,19,1,100,0.52,0.37629937629937626,0.52,0.6964
P02-A0-Lee2019_MI-SAN-PERM-FULL_TRAIN-MR00-PR084,Lee2019_MI,SAN-PERM,A0-RAW-ACCEPT-ALL,FULL_TRAIN,0,30,1,100,0.49,0.3869455463397043,0.49,0.49279999999999996
P02-A0-Lee2019_MI-SAN-PERM-FULL_TRAIN-MR00-PR084,Lee2019_MI,SAN-PERM,A0-RAW-ACCEPT-ALL,FULL_TRAIN,0,36,1,100,0.62,0.614448051948052,0.62,0.658
P02-A0-Lee2019_MI-SAN-PERM-FULL_TRAIN-MR00-PR085,Lee2019_MI,SAN-PERM,A0-RAW-ACCEPT-ALL,FULL_TRAIN,0,3,1,100,0.48,0.34043632673769664,0.48,0.484
P02-A0-Lee2019_MI-SAN-PERM-FULL_TRAIN-MR00-PR085,Lee2019_MI,SAN-PERM,A0-RAW-ACCEPT-ALL,FULL_TRAIN,0,6,1,100,0.53,0.4233836339099497,0.53,0.5651999999999999
P02-A0-Lee2019_MI-SAN-PERM-FULL_TRAIN-MR00-PR085,Lee2019_MI,SAN-PERM,A0-RAW-ACCEPT-ALL,FULL_TRAIN,0,15,1,100,0.48,0.32432432432432434,0.48,0.28040000000000004
P02-A0-Lee2019_MI-SAN-PERM-FULL_TRAIN-MR00-PR085,Lee2019_MI,SAN-PERM,A0-RAW-ACCEPT-ALL,FULL_TRAIN,0,19,1,100,0.38,0.3186813186813187,0.38,0.24920000000000003
P02-A0-Lee2019_MI-SAN-PERM-FULL_TRAIN-MR00-PR085,Lee2019_MI,SAN-PERM,A0-RAW-ACCEPT-ALL,FULL_TRAIN,0,30,1,100,0.48,0.32432432432432434,0.48,0.5164
P02-A0-Lee2019_MI-SAN-PERM-FULL_TRAIN-MR00-PR085,Lee2019_MI,SAN-PERM,A0-RAW-ACCEPT-ALL,FULL_TRAIN,0,36,1,100,0.3,0.26439680538041194,0.3,0.19680000000000003
P02-A0-Lee2019_MI-SAN-PERM-FULL_TRAIN-MR00-PR086,Lee2019_MI,SAN-PERM,A0-RAW-ACCEPT-ALL,FULL_TRAIN,0,3,1,100,0.53,0.4350282485875706,0.53,0.4912
P02-A0-Lee2019_MI-SAN-PERM-FULL_TRAIN-MR00-PR086,Lee2019_MI,SAN-PERM,A0-RAW-ACCEPT-ALL,FULL_TRAIN,0,6,1,100,0.5499999999999999,0.4692770373864843,0.55,0.5824
P02-A0-Lee2019_MI-SAN-PERM-FULL_TRAIN-MR00-PR086,Lee2019_MI,SAN-PERM,A0-RAW-ACCEPT-ALL,FULL_TRAIN,0,15,1,100,0.56,0.45436507936507936,0.56,0.6628000000000001
P02-A0-Lee2019_MI-SAN-PERM-FULL_TRAIN-MR00-PR086,Lee2019_MI,SAN-PERM,A0-RAW-ACCEPT-ALL,FULL_TRAIN,0,19,1,100,0.49,0.4276736617663562,0.49,0.494
P02-A0-Lee2019_MI-SAN-PERM-FULL_TRAIN-MR00-PR086,Lee2019_MI,SAN-PERM,A0-RAW-ACCEPT-ALL,FULL_TRAIN,0,30,1,100,0.5,0.3333333333333333,0.5,0.5604
P02-A0-Lee2019_MI-SAN-PERM-FULL_TRAIN-MR00-PR086,Lee2019_MI,SAN-PERM,A0-RAW-ACCEPT-ALL,FULL_TRAIN,0,36,1,100,0.4,0.3564993564993565,0.4,0.34080000000000005
P02-A0-Lee2019_MI-SAN-PERM-FULL_TRAIN-MR00-PR087,Lee2019_MI,SAN-PERM,A0-RAW-ACCEPT-ALL,FULL_TRAIN,0,3,1,100,0.5,0.3333333333333333,0.5,0.5276000000000001
P02-A0-Lee2019_MI-SAN-PERM-FULL_TRAIN-MR00-PR087,Lee2019_MI,SAN-PERM,A0-RAW-ACCEPT-ALL,FULL_TRAIN,0,6,1,100,0.47,0.4578005115089514,0.47,0.41400000000000003
P02-A0-Lee2019_MI-SAN-PERM-FULL_TRAIN-MR00-PR087,Lee2019_MI,SAN-PERM,A0-RAW-ACCEPT-ALL,FULL_TRAIN,0,15,1,100,0.62,0.5703301673450927,0.62,0.5924
P02-A0-Lee2019_MI-SAN-PERM-FULL_TRAIN-MR00-PR087,Lee2019_MI,SAN-PERM,A0-RAW-ACCEPT-ALL,FULL_TRAIN,0,19,1,100,0.51,0.39884676726781987,0.51,0.46679999999999994
P02-A0-Lee2019_MI-SAN-PERM-FULL_TRAIN-MR00-PR087,Lee2019_MI,SAN-PERM,A0-RAW-ACCEPT-ALL,FULL_TRAIN,0,30,1,100,0.5,0.3333333333333333,0.5,0.5484
P02-A0-Lee2019_MI-SAN-PERM-FULL_TRAIN-MR00-PR087,Lee2019_MI,SAN-PERM,A0-RAW-ACCEPT-ALL,FULL_TRAIN,0,36,1,100,0.48,0.32432432432432434,0.48,0.1244
P02-A0-Lee2019_MI-SAN-PERM-FULL_TRAIN-MR00-PR088,Lee2019_MI,SAN-PERM,A0-RAW-ACCEPT-ALL,FULL_TRAIN,0,3,1,100,0.49,0.3288590604026846,0.49,0.5288
P02-A0-Lee2019_MI-SAN-PERM-FULL_TRAIN-MR00-PR088,Lee2019_MI,SAN-PERM,A0-RAW-ACCEPT-ALL,FULL_TRAIN,0,6,1,100,0.48,0.3686255463817387,0.48,0.43800000000000006
P02-A0-Lee2019_MI-SAN-PERM-FULL_TRAIN-MR00-PR088,Lee2019_MI,SAN-PERM,A0-RAW-ACCEPT-ALL,FULL_TRAIN,0,15,1,100,0.5,0.3333333333333333,0.5,0.4416
P02-A0-Lee2019_MI-SAN-PERM-FULL_TRAIN-MR00-PR088,Lee2019_MI,SAN-PERM,A0-RAW-ACCEPT-ALL,FULL_TRAIN,0,19,1,100,0.49,0.48872180451127817,0.49,0.4344
P02-A0-Lee2019_MI-SAN-PERM-FULL_TRAIN-MR00-PR088,Lee2019_MI,SAN-PERM,A0-RAW-ACCEPT-ALL,FULL_TRAIN,0,30,1,100,0.5,0.3333333333333333,0.5,0.5367999999999999
P02-A0-Lee2019_MI-SAN-PERM-FULL_TRAIN-MR00-PR088,Lee2019_MI,SAN-PERM,A0-RAW-ACCEPT-ALL,FULL_TRAIN,0,36,1,100,0.45,0.3103448275862069,0.45,0.3392
P02-A0-Lee2019_MI-SAN-PERM-FULL_TRAIN-MR00-PR089,Lee2019_MI,SAN-PERM,A0-RAW-ACCEPT-ALL,FULL_TRAIN,0,3,1,100,0.48,0.45355191256830596,0.48,0.48639999999999994
P02-A0-Lee2019_MI-SAN-PERM-FULL_TRAIN-MR00-PR089,Lee2019_MI,SAN-PERM,A0-RAW-ACCEPT-ALL,FULL_TRAIN,0,6,1,100,0.53,0.4800309768779732,0.53,0.5436
P02-A0-Lee2019_MI-SAN-PERM-FULL_TRAIN-MR00-PR089,Lee2019_MI,SAN-PERM,A0-RAW-ACCEPT-ALL,FULL_TRAIN,0,15,1,100,0.51,0.3551783129359126,0.51,0.6539999999999999
P02-A0-Lee2019_MI-SAN-PERM-FULL_TRAIN-MR00-PR089,Lee2019_MI,SAN-PERM,A0-RAW-ACCEPT-ALL,FULL_TRAIN,0,19,1,100,0.56,0.5452666391070691,0.56,0.6527999999999999
P02-A0-Lee2019_MI-SAN-PERM-FULL_TRAIN-MR00-PR089,Lee2019_MI,SAN-PERM,A0-RAW-ACCEPT-ALL,FULL_TRAIN,0,30,1,100,0.5499999999999999,0.4692770373864843,0.55,0.5272
P02-A0-Lee2019_MI-SAN-PERM-FULL_TRAIN-MR00-PR089,Lee2019_MI,SAN-PERM,A0-RAW-ACCEPT-ALL,FULL_TRAIN,0,36,1,100,0.53,0.5191815856777494,0.53,0.5012000000000001
P02-A0-Lee2019_MI-SAN-PERM-FULL_TRAIN-MR00-PR090,Lee2019_MI,SAN-PERM,A0-RAW-ACCEPT-ALL,FULL_TRAIN,0,3,1,100,0.5,0.3333333333333333,0.5,0.5276
P02-A0-Lee2019_MI-SAN-PERM-FULL_TRAIN-MR00-PR090,Lee2019_MI,SAN-PERM,A0-RAW-ACCEPT-ALL,FULL_TRAIN,0,6,1,100,0.49,0.47482236638863146,0.49,0.5512
P02-A0-Lee2019_MI-SAN-PERM-FULL_TRAIN-MR00-PR090,Lee2019_MI,SAN-PERM,A0-RAW-ACCEPT-ALL,FULL_TRAIN,0,15,1,100,0.5,0.46943972835314096,0.5,0.5284
P02-A0-Lee2019_MI-SAN-PERM-FULL_TRAIN-MR00-PR090,Lee2019_MI,SAN-PERM,A0-RAW-ACCEPT-ALL,FULL_TRAIN,0,19,1,100,0.5900000000000001,0.5866518802298619,0.59,0.5764
P02-A0-Lee2019_MI-SAN-PERM-FULL_TRAIN-MR00-PR090,Lee2019_MI,SAN-PERM,A0-RAW-ACCEPT-ALL,FULL_TRAIN,0,30,1,100,0.43,0.4130367624343528,0.43,0.4836
P02-A0-Lee2019_MI-SAN-PERM-FULL_TRAIN-MR00-PR090,Lee2019_MI,SAN-PERM,A0-RAW-ACCEPT-ALL,FULL_TRAIN,0,36,1,100,0.42,0.39583333333333337,0.42,0.37920000000000004
P02-A0-Lee2019_MI-SAN-PERM-FULL_TRAIN-MR00-PR091,Lee2019_MI,SAN-PERM,A0-RAW-ACCEPT-ALL,FULL_TRAIN,0,3,1,100,0.54,0.5353535353535354,0.54,0.5676
P02-A0-Lee2019_MI-SAN-PERM-FULL_TRAIN-MR00-PR091,Lee2019_MI,SAN-PERM,A0-RAW-ACCEPT-ALL,FULL_TRAIN,0,6,1,100,0.51,0.43227899432278993,0.51,0.5392000000000001
P02-A0-Lee2019_MI-SAN-PERM-FULL_TRAIN-MR00-PR091,Lee2019_MI,SAN-PERM,A0-RAW-ACCEPT-ALL,FULL_TRAIN,0,15,1,100,0.51,0.45790463546852533,0.51,0.5496000000000001
P02-A0-Lee2019_MI-SAN-PERM-FULL_TRAIN-MR00-PR091,Lee2019_MI,SAN-PERM,A0-RAW-ACCEPT-ALL,FULL_TRAIN,0,19,1,100,0.55,0.529239460194581,0.55,0.5864
P02-A0-Lee2019_MI-SAN-PERM-FULL_TRAIN-MR00-PR091,Lee2019_MI,SAN-PERM,A0-RAW-ACCEPT-ALL,FULL_TRAIN,0,30,1,100,0.44,0.4252873563218391,0.44,0.4396
P02-A0-Lee2019_MI-SAN-PERM-FULL_TRAIN-MR00-PR091,Lee2019_MI,SAN-PERM,A0-RAW-ACCEPT-ALL,FULL_TRAIN,0,36,1,100,0.78,0.7796474358974359,0.78,0.8351999999999999
P02-A0-Lee2019_MI-SAN-PERM-FULL_TRAIN-MR00-PR092,Lee2019_MI,SAN-PERM,A0-RAW-ACCEPT-ALL,FULL_TRAIN,0,3,1,100,0.5,0.3333333333333333,0.5,0.3964
P02-A0-Lee2019_MI-SAN-PERM-FULL_TRAIN-MR00-PR092,Lee2019_MI,SAN-PERM,A0-RAW-ACCEPT-ALL,FULL_TRAIN,0,6,1,100,0.44000000000000006,0.40577249575551777,0.44,0.45159999999999995
P02-A0-Lee2019_MI-SAN-PERM-FULL_TRAIN-MR00-PR092,Lee2019_MI,SAN-PERM,A0-RAW-ACCEPT-ALL,FULL_TRAIN,0,15,1,100,0.49,0.3453985367731998,0.49,0.37
P02-A0-Lee2019_MI-SAN-PERM-FULL_TRAIN-MR00-PR092,Lee2019_MI,SAN-PERM,A0-RAW-ACCEPT-ALL,FULL_TRAIN,0,19,1,100,0.45999999999999996,0.35714285714285715,0.46,0.474
P02-A0-Lee2019_MI-SAN-PERM-FULL_TRAIN-MR00-PR092,Lee2019_MI,SAN-PERM,A0-RAW-ACCEPT-ALL,FULL_TRAIN,0,30,1,100,0.5,0.3333333333333333,0.5,0.5884
P02-A0-Lee2019_MI-SAN-PERM-FULL_TRAIN-MR00-PR092,Lee2019_MI,SAN-PERM,A0-RAW-ACCEPT-ALL,FULL_TRAIN,0,36,1,100,0.5,0.3333333333333333,0.5,0.5184
P02-A0-Lee2019_MI-SAN-PERM-FULL_TRAIN-MR00-PR093,Lee2019_MI,SAN-PERM,A0-RAW-ACCEPT-ALL,FULL_TRAIN,0,3,1,100,0.56,0.5098039215686274,0.56,0.5963999999999999
P02-A0-Lee2019_MI-SAN-PERM-FULL_TRAIN-MR00-PR093,Lee2019_MI,SAN-PERM,A0-RAW-ACCEPT-ALL,FULL_TRAIN,0,6,1,100,0.5599999999999999,0.5512035903712771,0.56,0.5711999999999999
P02-A0-Lee2019_MI-SAN-PERM-FULL_TRAIN-MR00-PR093,Lee2019_MI,SAN-PERM,A0-RAW-ACCEPT-ALL,FULL_TRAIN,0,15,1,100,0.49,0.4188034188034188,0.49,0.4352
P02-A0-Lee2019_MI-SAN-PERM-FULL_TRAIN-MR00-PR093,Lee2019_MI,SAN-PERM,A0-RAW-ACCEPT-ALL,FULL_TRAIN,0,19,1,100,0.53,0.4350282485875706,0.53,0.5803999999999999
P02-A0-Lee2019_MI-SAN-PERM-FULL_TRAIN-MR00-PR093,Lee2019_MI,SAN-PERM,A0-RAW-ACCEPT-ALL,FULL_TRAIN,0,30,1,100,0.53,0.4106583072100314,0.53,0.5464
P02-A0-Lee2019_MI-SAN-PERM-FULL_TRAIN-MR00-PR093,Lee2019_MI,SAN-PERM,A0-RAW-ACCEPT-ALL,FULL_TRAIN,0,36,1,100,0.8500000000000001,0.849624060150376,0.85,0.9092
P02-A0-Lee2019_MI-SAN-PERM-FULL_TRAIN-MR00-PR094,Lee2019_MI,SAN-PERM,A0-RAW-ACCEPT-ALL,FULL_TRAIN,0,3,1,100,0.4,0.3215739484396201,0.4,0.35760000000000003
P02-A0-Lee2019_MI-SAN-PERM-FULL_TRAIN-MR00-PR094,Lee2019_MI,SAN-PERM,A0-RAW-ACCEPT-ALL,FULL_TRAIN,0,6,1,100,0.52,0.4285714285714286,0.52,0.5356000000000001
P02-A0-Lee2019_MI-SAN-PERM-FULL_TRAIN-MR00-PR094,Lee2019_MI,SAN-PERM,A0-RAW-ACCEPT-ALL,FULL_TRAIN,0,15,1,100,0.52,0.5073891625615763,0.52,0.562
P02-A0-Lee2019_MI-SAN-PERM-FULL_TRAIN-MR00-PR094,Lee2019_MI,SAN-PERM,A0-RAW-ACCEPT-ALL,FULL_TRAIN,0,19,1,100,0.55,0.48717948717948717,0.55,0.5167999999999999
P02-A0-Lee2019_MI-SAN-PERM-FULL_TRAIN-MR00-PR094,Lee2019_MI,SAN-PERM,A0-RAW-ACCEPT-ALL,FULL_TRAIN,0,30,1,100,0.5,0.3333333333333333,0.5,0.5227999999999999
P02-A0-Lee2019_MI-SAN-PERM-FULL_TRAIN-MR00-PR094,Lee2019_MI,SAN-PERM,A0-RAW-ACCEPT-ALL,FULL_TRAIN,0,36,1,100,0.48,0.34043632673769664,0.48,0.4104
P02-A0-Lee2019_MI-SAN-PERM-FULL_TRAIN-MR00-PR095,Lee2019_MI,SAN-PERM,A0-RAW-ACCEPT-ALL,FULL_TRAIN,0,3,1,100,0.5,0.3503118503118503,0.5,0.4724
P02-A0-Lee2019_MI-SAN-PERM-FULL_TRAIN-MR00-PR095,Lee2019_MI,SAN-PERM,A0-RAW-ACCEPT-ALL,FULL_TRAIN,0,6,1,100,0.48000000000000004,0.4583333333333333,0.48,0.504
P02-A0-Lee2019_MI-SAN-PERM-FULL_TRAIN-MR00-PR095,Lee2019_MI,SAN-PERM,A0-RAW-ACCEPT-ALL,FULL_TRAIN,0,15,1,100,0.5,0.3333333333333333,0.5,0.3952
P02-A0-Lee2019_MI-SAN-PERM-FULL_TRAIN-MR00-PR095,Lee2019_MI,SAN-PERM,A0-RAW-ACCEPT-ALL,FULL_TRAIN,0,19,1,100,0.47,0.3749262884774148,0.47,0.39239999999999997
P02-A0-Lee2019_MI-SAN-PERM-FULL_TRAIN-MR00-PR095,Lee2019_MI,SAN-PERM,A0-RAW-ACCEPT-ALL,FULL_TRAIN,0,30,1,100,0.49,0.46647138822052514,0.49,0.4888
P02-A0-Lee2019_MI-SAN-PERM-FULL_TRAIN-MR00-PR095,Lee2019_MI,SAN-PERM,A0-RAW-ACCEPT-ALL,FULL_TRAIN,0,36,1,100,0.52,0.49558638083228246,0.52,0.5347999999999999
P02-A0-Lee2019_MI-SAN-PERM-FULL_TRAIN-MR00-PR096,Lee2019_MI,SAN-PERM,A0-RAW-ACCEPT-ALL,FULL_TRAIN,0,3,1,100,0.45,0.3915256112401814,0.45,0.4748
P02-A0-Lee2019_MI-SAN-PERM-FULL_TRAIN-MR00-PR096,Lee2019_MI,SAN-PERM,A0-RAW-ACCEPT-ALL,FULL_TRAIN,0,6,1,100,0.41,0.35582487171088545,0.41,0.3268
P02-A0-Lee2019_MI-SAN-PERM-FULL_TRAIN-MR00-PR096,Lee2019_MI,SAN-PERM,A0-RAW-ACCEPT-ALL,FULL_TRAIN,0,15,1,100,0.48,0.32432432432432434,0.48,0.3472
P02-A0-Lee2019_MI-SAN-PERM-FULL_TRAIN-MR00-PR096,Lee2019_MI,SAN-PERM,A0-RAW-ACCEPT-ALL,FULL_TRAIN,0,19,1,100,0.49,0.4895405865278751,0.49,0.4344
P02-A0-Lee2019_MI-SAN-PERM-FULL_TRAIN-MR00-PR096,Lee2019_MI,SAN-PERM,A0-RAW-ACCEPT-ALL,FULL_TRAIN,0,30,1,100,0.5,0.3333333333333333,0.5,0.3863999999999999
P02-A0-Lee2019_MI-SAN-PERM-FULL_TRAIN-MR00-PR096,Lee2019_MI,SAN-PERM,A0-RAW-ACCEPT-ALL,FULL_TRAIN,0,36,1,100,0.5,0.3333333333333333,0.5,0.4104
P02-A0-Lee2019_MI-SAN-PERM-FULL_TRAIN-MR00-PR097,Lee2019_MI,SAN-PERM,A0-RAW-ACCEPT-ALL,FULL_TRAIN,0,3,1,100,0.51,0.47733333333333333,0.51,0.5844
P02-A0-Lee2019_MI-SAN-PERM-FULL_TRAIN-MR00-PR097,Lee2019_MI,SAN-PERM,A0-RAW-ACCEPT-ALL,FULL_TRAIN,0,6,1,100,0.55,0.5331465919701214,0.55,0.5571999999999999
P02-A0-Lee2019_MI-SAN-PERM-FULL_TRAIN-MR00-PR097,Lee2019_MI,SAN-PERM,A0-RAW-ACCEPT-ALL,FULL_TRAIN,0,15,1,100,0.51,0.3551783129359126,0.51,0.45359999999999995
P02-A0-Lee2019_MI-SAN-PERM-FULL_TRAIN-MR00-PR097,Lee2019_MI,SAN-PERM,A0-RAW-ACCEPT-ALL,FULL_TRAIN,0,19,1,100,0.45,0.44550861982054646,0.45,0.38599999999999995
P02-A0-Lee2019_MI-SAN-PERM-FULL_TRAIN-MR00-PR097,Lee2019_MI,SAN-PERM,A0-RAW-ACCEPT-ALL,FULL_TRAIN,0,30,1,100,0.54,0.44147644487615345,0.54,0.6488
P02-A0-Lee2019_MI-SAN-PERM-FULL_TRAIN-MR00-PR097,Lee2019_MI,SAN-PERM,A0-RAW-ACCEPT-ALL,FULL_TRAIN,0,36,1,100,0.5,0.3333333333333333,0.5,0.25560000000000005
P02-A0-Lee2019_MI-SAN-PERM-FULL_TRAIN-MR00-PR098,Lee2019_MI,SAN-PERM,A0-RAW-ACCEPT-ALL,FULL_TRAIN,0,3,1,100,0.44999999999999996,0.35133860125014743,0.45,0.45959999999999995
P02-A0-Lee2019_MI-SAN-PERM-FULL_TRAIN-MR00-PR098,Lee2019_MI,SAN-PERM,A0-RAW-ACCEPT-ALL,FULL_TRAIN,0,6,1,100,0.43,0.32775091402288004,0.43,0.47200000000000003
P02-A0-Lee2019_MI-SAN-PERM-FULL_TRAIN-MR00-PR098,Lee2019_MI,SAN-PERM,A0-RAW-ACCEPT-ALL,FULL_TRAIN,0,15,1,100,0.49,0.3288590604026846,0.49,0.3804
P02-A0-Lee2019_MI-SAN-PERM-FULL_TRAIN-MR00-PR098,Lee2019_MI,SAN-PERM,A0-RAW-ACCEPT-ALL,FULL_TRAIN,0,19,1,100,0.5,0.4791666666666667,0.5,0.5416000000000001
P02-A0-Lee2019_MI-SAN-PERM-FULL_TRAIN-MR00-PR098,Lee2019_MI,SAN-PERM,A0-RAW-ACCEPT-ALL,FULL_TRAIN,0,30,1,100,0.5,0.3503118503118503,0.5,0.41759999999999997
P02-A0-Lee2019_MI-SAN-PERM-FULL_TRAIN-MR00-PR098,Lee2019_MI,SAN-PERM,A0-RAW-ACCEPT-ALL,FULL_TRAIN,0,36,1,100,0.55,0.4590695997115038,0.55,0.5736
P02-A0-Lee2019_MI-SAN-PERM-FULL_TRAIN-MR00-PR099,Lee2019_MI,SAN-PERM,A0-RAW-ACCEPT-ALL,FULL_TRAIN,0,3,1,100,0.5800000000000001,0.565936337329475,0.58,0.5860000000000001
P02-A0-Lee2019_MI-SAN-PERM-FULL_TRAIN-MR00-PR099,Lee2019_MI,SAN-PERM,A0-RAW-ACCEPT-ALL,FULL_TRAIN,0,6,1,100,0.47,0.396011396011396,0.47,0.49839999999999995
P02-A0-Lee2019_MI-SAN-PERM-FULL_TRAIN-MR00-PR099,Lee2019_MI,SAN-PERM,A0-RAW-ACCEPT-ALL,FULL_TRAIN,0,15,1,100,0.54,0.4295634920634921,0.54,0.5728
P02-A0-Lee2019_MI-SAN-PERM-FULL_TRAIN-MR00-PR099,Lee2019_MI,SAN-PERM,A0-RAW-ACCEPT-ALL,FULL_TRAIN,0,19,1,100,0.54,0.5166036149642708,0.54,0.5604
P02-A0-Lee2019_MI-SAN-PERM-FULL_TRAIN-MR00-PR099,Lee2019_MI,SAN-PERM,A0-RAW-ACCEPT-ALL,FULL_TRAIN,0,30,1,100,0.5,0.49979991996798717,0.5,0.5136000000000001
P02-A0-Lee2019_MI-SAN-PERM-FULL_TRAIN-MR00-PR099,Lee2019_MI,SAN-PERM,A0-RAW-ACCEPT-ALL,FULL_TRAIN,0,36,1,100,0.63,0.5847828526540231,0.63,0.9396
P02-A0-PhysioNetMI-SAN-PRIOR-FULL_TRAIN-MR00,PhysioNetMI,SAN-PRIOR,A0-RAW-ACCEPT-ALL,FULL_TRAIN,0,6,0,45,0.5,0.34782608695652173,0.5333333333333333,0.5
P02-A0-PhysioNetMI-SAN-PRIOR-FULL_TRAIN-MR00,PhysioNetMI,SAN-PRIOR,A0-RAW-ACCEPT-ALL,FULL_TRAIN,0,27,0,45,0.5,0.3382352941176471,0.5111111111111111,0.5
P02-A0-PhysioNetMI-SAN-PRIOR-FULL_TRAIN-MR00,PhysioNetMI,SAN-PRIOR,A0-RAW-ACCEPT-ALL,FULL_TRAIN,0,39,0,45,0.5,0.3382352941176471,0.5111111111111111,0.5
P02-A0-PhysioNetMI-SAN-PRIOR-FULL_TRAIN-MR00,PhysioNetMI,SAN-PRIOR,A0-RAW-ACCEPT-ALL,FULL_TRAIN,0,40,0,45,0.5,0.3181818181818182,0.4666666666666667,0.5
P02-A0-PhysioNetMI-SAN-PRIOR-FULL_TRAIN-MR00,PhysioNetMI,SAN-PRIOR,A0-RAW-ACCEPT-ALL,FULL_TRAIN,0,47,0,45,0.5,0.34782608695652173,0.5333333333333333,0.5
P02-A0-PhysioNetMI-SAN-PRIOR-FULL_TRAIN-MR00,PhysioNetMI,SAN-PRIOR,A0-RAW-ACCEPT-ALL,FULL_TRAIN,0,48,0,45,0.5,0.3283582089552239,0.4888888888888889,0.5
P02-A0-PhysioNetMI-SAN-PRIOR-FULL_TRAIN-MR00,PhysioNetMI,SAN-PRIOR,A0-RAW-ACCEPT-ALL,FULL_TRAIN,0,57,0,45,0.5,0.34782608695652173,0.5333333333333333,0.5
P02-A0-PhysioNetMI-SAN-PRIOR-FULL_TRAIN-MR00,PhysioNetMI,SAN-PRIOR,A0-RAW-ACCEPT-ALL,FULL_TRAIN,0,71,0,45,0.5,0.3283582089552239,0.4888888888888889,0.5
P02-A0-PhysioNetMI-SAN-PRIOR-FULL_TRAIN-MR00,PhysioNetMI,SAN-PRIOR,A0-RAW-ACCEPT-ALL,FULL_TRAIN,0,93,0,45,0.5,0.3382352941176471,0.5111111111111111,0.5
P02-A0-PhysioNetMI-SAN-PRIOR-FULL_TRAIN-MR00,PhysioNetMI,SAN-PRIOR,A0-RAW-ACCEPT-ALL,FULL_TRAIN,0,98,0,45,0.5,0.3382352941176471,0.5111111111111111,0.5
P02-A0-PhysioNetMI-SAN-PRIOR-FULL_TRAIN-MR00,PhysioNetMI,SAN-PRIOR,A0-RAW-ACCEPT-ALL,FULL_TRAIN,0,107,0,45,0.5,0.34782608695652173,0.5333333333333333,0.5
P02-A0-BNCI2014_001-SAN-PRIOR-FULL_TRAIN-MR00,BNCI2014_001,SAN-PRIOR,A0-RAW-ACCEPT-ALL,FULL_TRAIN,0,7,0train,144,0.5,0.3333333333333333,0.5,0.5
P02-A0-BNCI2014_001-SAN-PRIOR-FULL_TRAIN-MR00,BNCI2014_001,SAN-PRIOR,A0-RAW-ACCEPT-ALL,FULL_TRAIN,0,7,1test,144,0.5,0.3333333333333333,0.5,0.5
P02-A0-Lee2019_MI-SAN-PRIOR-FULL_TRAIN-MR00,Lee2019_MI,SAN-PRIOR,A0-RAW-ACCEPT-ALL,FULL_TRAIN,0,3,1,100,0.5,0.3333333333333333,0.5,0.5
P02-A0-Lee2019_MI-SAN-PRIOR-FULL_TRAIN-MR00,Lee2019_MI,SAN-PRIOR,A0-RAW-ACCEPT-ALL,FULL_TRAIN,0,6,1,100,0.5,0.3333333333333333,0.5,0.5
P02-A0-Lee2019_MI-SAN-PRIOR-FULL_TRAIN-MR00,Lee2019_MI,SAN-PRIOR,A0-RAW-ACCEPT-ALL,FULL_TRAIN,0,15,1,100,0.5,0.3333333333333333,0.5,0.5
P02-A0-Lee2019_MI-SAN-PRIOR-FULL_TRAIN-MR00,Lee2019_MI,SAN-PRIOR,A0-RAW-ACCEPT-ALL,FULL_TRAIN,0,19,1,100,0.5,0.3333333333333333,0.5,0.5
P02-A0-Lee2019_MI-SAN-PRIOR-FULL_TRAIN-MR00,Lee2019_MI,SAN-PRIOR,A0-RAW-ACCEPT-ALL,FULL_TRAIN,0,30,1,100,0.5,0.3333333333333333,0.5,0.5
P02-A0-Lee2019_MI-SAN-PRIOR-FULL_TRAIN-MR00,Lee2019_MI,SAN-PRIOR,A0-RAW-ACCEPT-ALL,FULL_TRAIN,0,36,1,100,0.5,0.3333333333333333,0.5,0.5
P02-A0-PhysioNetMI-DIAG-LOGVAR-FULL_TRAIN-MR00,PhysioNetMI,DIAG-LOGVAR,A0-RAW-ACCEPT-ALL,FULL_TRAIN,0,6,0,45,0.5,0.34782608695652173,0.5333333333333333,0.5297619047619048
P02-A0-PhysioNetMI-DIAG-LOGVAR-FULL_TRAIN-MR00,PhysioNetMI,DIAG-LOGVAR,A0-RAW-ACCEPT-ALL,FULL_TRAIN,0,27,0,45,0.6383399209486166,0.6120689655172413,0.6444444444444445,0.6403162055335969
P02-A0-PhysioNetMI-DIAG-LOGVAR-FULL_TRAIN-MR00,PhysioNetMI,DIAG-LOGVAR,A0-RAW-ACCEPT-ALL,FULL_TRAIN,0,39,0,45,0.5355731225296443,0.5296167247386759,0.5333333333333333,0.5513833992094862
P02-A0-PhysioNetMI-DIAG-LOGVAR-FULL_TRAIN-MR00,PhysioNetMI,DIAG-LOGVAR,A0-RAW-ACCEPT-ALL,FULL_TRAIN,0,40,0,45,0.5,0.3181818181818182,0.4666666666666667,0.6527777777777779
P02-A0-PhysioNetMI-DIAG-LOGVAR-FULL_TRAIN-MR00,PhysioNetMI,DIAG-LOGVAR,A0-RAW-ACCEPT-ALL,FULL_TRAIN,0,47,0,45,0.5,0.34782608695652173,0.5333333333333333,0.5813492063492064
P02-A0-PhysioNetMI-DIAG-LOGVAR-FULL_TRAIN-MR00,PhysioNetMI,DIAG-LOGVAR,A0-RAW-ACCEPT-ALL,FULL_TRAIN,0,48,0,45,0.7302371541501976,0.7267206477732794,0.7333333333333333,0.8260869565217391
P02-A0-PhysioNetMI-DIAG-LOGVAR-FULL_TRAIN-MR00,PhysioNetMI,DIAG-LOGVAR,A0-RAW-ACCEPT-ALL,FULL_TRAIN,0,57,0,45,0.6398809523809523,0.64,0.6444444444444445,0.6329365079365079
P02-A0-PhysioNetMI-DIAG-LOGVAR-FULL_TRAIN-MR00,PhysioNetMI,DIAG-LOGVAR,A0-RAW-ACCEPT-ALL,FULL_TRAIN,0,71,0,45,0.45454545454545453,0.3076923076923077,0.4444444444444444,0.6264822134387352
P02-A0-PhysioNetMI-DIAG-LOGVAR-FULL_TRAIN-MR00,PhysioNetMI,DIAG-LOGVAR,A0-RAW-ACCEPT-ALL,FULL_TRAIN,0,93,0,45,0.5,0.3382352941176471,0.5111111111111111,0.7905138339920947
P02-A0-PhysioNetMI-DIAG-LOGVAR-FULL_TRAIN-MR00,PhysioNetMI,DIAG-LOGVAR,A0-RAW-ACCEPT-ALL,FULL_TRAIN,0,98,0,45,0.5237154150197628,0.4184615384615385,0.5333333333333333,0.4861660079051383
P02-A0-PhysioNetMI-DIAG-LOGVAR-FULL_TRAIN-MR00,PhysioNetMI,DIAG-LOGVAR,A0-RAW-ACCEPT-ALL,FULL_TRAIN,0,107,0,45,0.5178571428571429,0.5089285714285714,0.5111111111111111,0.5753968253968255
P02-A0-BNCI2014_001-DIAG-LOGVAR-FULL_TRAIN-MR00,BNCI2014_001,DIAG-LOGVAR,A0-RAW-ACCEPT-ALL,FULL_TRAIN,0,7,0train,144,0.5,0.3333333333333333,0.5,0.5069444444444445
P02-A0-BNCI2014_001-DIAG-LOGVAR-FULL_TRAIN-MR00,BNCI2014_001,DIAG-LOGVAR,A0-RAW-ACCEPT-ALL,FULL_TRAIN,0,7,1test,144,0.5,0.3333333333333333,0.5,0.6352237654320988
P02-A0-Lee2019_MI-DIAG-LOGVAR-FULL_TRAIN-MR00,Lee2019_MI,DIAG-LOGVAR,A0-RAW-ACCEPT-ALL,FULL_TRAIN,0,3,1,100,0.6,0.586606035551881,0.6,0.5468000000000001
P02-A0-Lee2019_MI-DIAG-LOGVAR-FULL_TRAIN-MR00,Lee2019_MI,DIAG-LOGVAR,A0-RAW-ACCEPT-ALL,FULL_TRAIN,0,6,1,100,0.49,0.3288590604026846,0.49,0.2888
P02-A0-Lee2019_MI-DIAG-LOGVAR-FULL_TRAIN-MR00,Lee2019_MI,DIAG-LOGVAR,A0-RAW-ACCEPT-ALL,FULL_TRAIN,0,15,1,100,0.52,0.4285714285714286,0.52,0.6880000000000001
P02-A0-Lee2019_MI-DIAG-LOGVAR-FULL_TRAIN-MR00,Lee2019_MI,DIAG-LOGVAR,A0-RAW-ACCEPT-ALL,FULL_TRAIN,0,19,1,100,0.6599999999999999,0.6510673234811166,0.66,0.712
P02-A0-Lee2019_MI-DIAG-LOGVAR-FULL_TRAIN-MR00,Lee2019_MI,DIAG-LOGVAR,A0-RAW-ACCEPT-ALL,FULL_TRAIN,0,30,1,100,0.61,0.5793334052421529,0.61,0.6828
P02-A0-Lee2019_MI-DIAG-LOGVAR-FULL_TRAIN-MR00,Lee2019_MI,DIAG-LOGVAR,A0-RAW-ACCEPT-ALL,FULL_TRAIN,0,36,1,100,0.81,0.8028841166096068,0.81,0.9627999999999999
P02-A0-PhysioNetMI-CLS-CSP-LDA-FULL_TRAIN-MR00,PhysioNetMI,CLS-CSP-LDA,A0-RAW-ACCEPT-ALL,FULL_TRAIN,0,6,0,45,0.47916666666666663,0.4722080571137175,0.4888888888888889,0.4682539682539683
P02-A0-PhysioNetMI-CLS-CSP-LDA-FULL_TRAIN-MR00,PhysioNetMI,CLS-CSP-LDA,A0-RAW-ACCEPT-ALL,FULL_TRAIN,0,27,0,45,0.5424901185770751,0.4444444444444444,0.5333333333333333,0.6521739130434783
P02-A0-PhysioNetMI-CLS-CSP-LDA-FULL_TRAIN-MR00,PhysioNetMI,CLS-CSP-LDA,A0-RAW-ACCEPT-ALL,FULL_TRAIN,0,39,0,45,0.4634387351778656,0.45344129554655865,0.4666666666666667,0.41304347826086957
P02-A0-PhysioNetMI-CLS-CSP-LDA-FULL_TRAIN-MR00,PhysioNetMI,CLS-CSP-LDA,A0-RAW-ACCEPT-ALL,FULL_TRAIN,0,40,0,45,0.47619047619047616,0.3076923076923077,0.4444444444444444,0.6011904761904762
P02-A0-PhysioNetMI-CLS-CSP-LDA-FULL_TRAIN-MR00,PhysioNetMI,CLS-CSP-LDA,A0-RAW-ACCEPT-ALL,FULL_TRAIN,0,47,0,45,0.5178571428571428,0.3915343915343915,0.4888888888888889,0.5317460317460317
P02-A0-PhysioNetMI-CLS-CSP-LDA-FULL_TRAIN-MR00,PhysioNetMI,CLS-CSP-LDA,A0-RAW-ACCEPT-ALL,FULL_TRAIN,0,48,0,45,0.6926877470355731,0.6811740890688258,0.6888888888888889,0.6818181818181818
P02-A0-PhysioNetMI-CLS-CSP-LDA-FULL_TRAIN-MR00,PhysioNetMI,CLS-CSP-LDA,A0-RAW-ACCEPT-ALL,FULL_TRAIN,0,57,0,45,0.5803571428571428,0.5,0.5555555555555556,0.6567460317460317
P02-A0-PhysioNetMI-CLS-CSP-LDA-FULL_TRAIN-MR00,PhysioNetMI,CLS-CSP-LDA,A0-RAW-ACCEPT-ALL,FULL_TRAIN,0,71,0,45,0.8675889328063241,0.866600790513834,0.8666666666666667,0.9189723320158103
P02-A0-PhysioNetMI-CLS-CSP-LDA-FULL_TRAIN-MR00,PhysioNetMI,CLS-CSP-LDA,A0-RAW-ACCEPT-ALL,FULL_TRAIN,0,93,0,45,0.825098814229249,0.8200000000000001,0.8222222222222222,0.9367588932806323
P02-A0-PhysioNetMI-CLS-CSP-LDA-FULL_TRAIN-MR00,PhysioNetMI,CLS-CSP-LDA,A0-RAW-ACCEPT-ALL,FULL_TRAIN,0,98,0,45,0.44466403162055335,0.4444444444444444,0.4444444444444444,0.4861660079051383
P02-A0-PhysioNetMI-CLS-CSP-LDA-FULL_TRAIN-MR00,PhysioNetMI,CLS-CSP-LDA,A0-RAW-ACCEPT-ALL,FULL_TRAIN,0,107,0,45,0.6666666666666666,0.6120689655172413,0.6444444444444445,0.6567460317460317
P02-A0-PhysioNetMI-CLS-CSP-LDA-P01-L1-LOW-CAL-OFFICIAL-R2:2_PER_CLASS-MR00,PhysioNetMI,CLS-CSP-LDA,A0-RAW-ACCEPT-ALL,P01-L1-LOW-CAL-OFFICIAL-R2:2_PER_CLASS,0,6,0,45,0.5,0.34782608695652173,0.5333333333333333,0.4126984126984127
P02-A0-PhysioNetMI-CLS-CSP-LDA-P01-L1-LOW-CAL-OFFICIAL-R2:2_PER_CLASS-MR00,PhysioNetMI,CLS-CSP-LDA,A0-RAW-ACCEPT-ALL,P01-L1-LOW-CAL-OFFICIAL-R2:2_PER_CLASS,0,27,0,45,0.5395256916996047,0.49760765550239233,0.5333333333333333,0.6541501976284585
P02-A0-PhysioNetMI-CLS-CSP-LDA-P01-L1-LOW-CAL-OFFICIAL-R2:2_PER_CLASS-MR00,PhysioNetMI,CLS-CSP-LDA,A0-RAW-ACCEPT-ALL,P01-L1-LOW-CAL-OFFICIAL-R2:2_PER_CLASS,0,39,0,45,0.5711462450592886,0.5325314379442319,0.5777777777777777,0.5256916996047432
P02-A0-PhysioNetMI-CLS-CSP-LDA-P01-L1-LOW-CAL-OFFICIAL-R2:2_PER_CLASS-MR00,PhysioNetMI,CLS-CSP-LDA,A0-RAW-ACCEPT-ALL,P01-L1-LOW-CAL-OFFICIAL-R2:2_PER_CLASS,0,40,0,45,0.5059523809523809,0.4184615384615385,0.5333333333333333,0.4146825396825397
P02-A0-PhysioNetMI-CLS-CSP-LDA-P01-L1-LOW-CAL-OFFICIAL-R2:2_PER_CLASS-MR00,PhysioNetMI,CLS-CSP-LDA,A0-RAW-ACCEPT-ALL,P01-L1-LOW-CAL-OFFICIAL-R2:2_PER_CLASS,0,47,0,45,0.5,0.34782608695652173,0.5333333333333333,0.5357142857142858
P02-A0-PhysioNetMI-CLS-CSP-LDA-P01-L1-LOW-CAL-OFFICIAL-R2:2_PER_CLASS-MR00,PhysioNetMI,CLS-CSP-LDA,A0-RAW-ACCEPT-ALL,P01-L1-LOW-CAL-OFFICIAL-R2:2_PER_CLASS,0,48,0,45,0.5691699604743083,0.4973544973544973,0.5777777777777777,0.6403162055335968
P02-A0-PhysioNetMI-CLS-CSP-LDA-P01-L1-LOW-CAL-OFFICIAL-R2:2_PER_CLASS-MR00,PhysioNetMI,CLS-CSP-LDA,A0-RAW-ACCEPT-ALL,P01-L1-LOW-CAL-OFFICIAL-R2:2_PER_CLASS,0,57,0,45,0.49702380952380953,0.48004201680672265,0.5111111111111111,0.5634920634920635
P02-A0-PhysioNetMI-CLS-CSP-LDA-P01-L1-LOW-CAL-OFFICIAL-R2:2_PER_CLASS-MR00,PhysioNetMI,CLS-CSP-LDA,A0-RAW-ACCEPT-ALL,P01-L1-LOW-CAL-OFFICIAL-R2:2_PER_CLASS,0,71,0,45,0.47035573122529645,0.45344129554655865,0.4666666666666667,0.4980237154150198
P02-A0-PhysioNetMI-CLS-CSP-LDA-P01-L1-LOW-CAL-OFFICIAL-R2:2_PER_CLASS-MR00,PhysioNetMI,CLS-CSP-LDA,A0-RAW-ACCEPT-ALL,P01-L1-LOW-CAL-OFFICIAL-R2:2_PER_CLASS,0,93,0,45,0.75,0.7368421052631579,0.7555555555555555,0.733201581027668
P02-A0-PhysioNetMI-CLS-CSP-LDA-P01-L1-LOW-CAL-OFFICIAL-R2:2_PER_CLASS-MR00,PhysioNetMI,CLS-CSP-LDA,A0-RAW-ACCEPT-ALL,P01-L1-LOW-CAL-OFFICIAL-R2:2_PER_CLASS,0,98,0,45,0.5,0.3382352941176471,0.5111111111111111,0.5395256916996047
P02-A0-PhysioNetMI-CLS-CSP-LDA-P01-L1-LOW-CAL-OFFICIAL-R2:2_PER_CLASS-MR00,PhysioNetMI,CLS-CSP-LDA,A0-RAW-ACCEPT-ALL,P01-L1-LOW-CAL-OFFICIAL-R2:2_PER_CLASS,0,107,0,45,0.4791666666666667,0.3382352941176471,0.5111111111111111,0.4801587301587301
P02-A0-PhysioNetMI-CLS-CSP-LDA-P01-L1-LOW-CAL-OFFICIAL-R2:4_PER_CLASS-MR00,PhysioNetMI,CLS-CSP-LDA,A0-RAW-ACCEPT-ALL,P01-L1-LOW-CAL-OFFICIAL-R2:4_PER_CLASS,0,6,0,45,0.5,0.3181818181818182,0.4666666666666667,0.5257936507936508
P02-A0-PhysioNetMI-CLS-CSP-LDA-P01-L1-LOW-CAL-OFFICIAL-R2:4_PER_CLASS-MR00,PhysioNetMI,CLS-CSP-LDA,A0-RAW-ACCEPT-ALL,P01-L1-LOW-CAL-OFFICIAL-R2:4_PER_CLASS,0,27,0,45,0.5,0.3283582089552239,0.4888888888888889,0.43280632411067194
P02-A0-PhysioNetMI-CLS-CSP-LDA-P01-L1-LOW-CAL-OFFICIAL-R2:4_PER_CLASS-MR00,PhysioNetMI,CLS-CSP-LDA,A0-RAW-ACCEPT-ALL,P01-L1-LOW-CAL-OFFICIAL-R2:4_PER_CLASS,0,39,0,45,0.5,0.3283582089552239,0.4888888888888889,0.4624505928853755
P02-A0-PhysioNetMI-CLS-CSP-LDA-P01-L1-LOW-CAL-OFFICIAL-R2:4_PER_CLASS-MR00,PhysioNetMI,CLS-CSP-LDA,A0-RAW-ACCEPT-ALL,P01-L1-LOW-CAL-OFFICIAL-R2:4_PER_CLASS,0,40,0,45,0.5,0.34782608695652173,0.5333333333333333,0.5277777777777778
P02-A0-PhysioNetMI-CLS-CSP-LDA-P01-L1-LOW-CAL-OFFICIAL-R2:4_PER_CLASS-MR00,PhysioNetMI,CLS-CSP-LDA,A0-RAW-ACCEPT-ALL,P01-L1-LOW-CAL-OFFICIAL-R2:4_PER_CLASS,0,47,0,45,0.5,0.34782608695652173,0.5333333333333333,0.5337301587301587
P02-A0-PhysioNetMI-CLS-CSP-LDA-P01-L1-LOW-CAL-OFFICIAL-R2:4_PER_CLASS-MR00,PhysioNetMI,CLS-CSP-LDA,A0-RAW-ACCEPT-ALL,P01-L1-LOW-CAL-OFFICIAL-R2:4_PER_CLASS,0,48,0,45,0.5,0.3382352941176471,0.5111111111111111,0.46442687747035577
P02-A0-PhysioNetMI-CLS-CSP-LDA-P01-L1-LOW-CAL-OFFICIAL-R2:4_PER_CLASS-MR00,PhysioNetMI,CLS-CSP-LDA,A0-RAW-ACCEPT-ALL,P01-L1-LOW-CAL-OFFICIAL-R2:4_PER_CLASS,0,57,0,45,0.5,0.3181818181818182,0.4666666666666667,0.5119047619047619
P02-A0-PhysioNetMI-CLS-CSP-LDA-P01-L1-LOW-CAL-OFFICIAL-R2:4_PER_CLASS-MR00,PhysioNetMI,CLS-CSP-LDA,A0-RAW-ACCEPT-ALL,P01-L1-LOW-CAL-OFFICIAL-R2:4_PER_CLASS,0,71,0,45,0.5,0.3382352941176471,0.5111111111111111,0.5197628458498024
P02-A0-PhysioNetMI-CLS-CSP-LDA-P01-L1-LOW-CAL-OFFICIAL-R2:4_PER_CLASS-MR00,PhysioNetMI,CLS-CSP-LDA,A0-RAW-ACCEPT-ALL,P01-L1-LOW-CAL-OFFICIAL-R2:4_PER_CLASS,0,93,0,45,0.5029644268774703,0.42972350230414746,0.5111111111111111,0.466403162055336
P02-A0-PhysioNetMI-CLS-CSP-LDA-P01-L1-LOW-CAL-OFFICIAL-R2:4_PER_CLASS-MR00,PhysioNetMI,CLS-CSP-LDA,A0-RAW-ACCEPT-ALL,P01-L1-LOW-CAL-OFFICIAL-R2:4_PER_CLASS,0,98,0,45,0.5,0.3283582089552239,0.4888888888888889,0.466403162055336
P02-A0-PhysioNetMI-CLS-CSP-LDA-P01-L1-LOW-CAL-OFFICIAL-R2:4_PER_CLASS-MR00,PhysioNetMI,CLS-CSP-LDA,A0-RAW-ACCEPT-ALL,P01-L1-LOW-CAL-OFFICIAL-R2:4_PER_CLASS,0,107,0,45,0.46428571428571425,0.4019138755980861,0.4444444444444444,0.5178571428571428
P02-A0-PhysioNetMI-CLS-CSP-LDA-P01-L1-LOW-CAL-OFFICIAL-R2:8_PER_CLASS-MR00,PhysioNetMI,CLS-CSP-LDA,A0-RAW-ACCEPT-ALL,P01-L1-LOW-CAL-OFFICIAL-R2:8_PER_CLASS,0,6,0,45,0.5119047619047619,0.5108695652173914,0.5111111111111111,0.4384920634920635
P02-A0-PhysioNetMI-CLS-CSP-LDA-P01-L1-LOW-CAL-OFFICIAL-R2:8_PER_CLASS-MR00,PhysioNetMI,CLS-CSP-LDA,A0-RAW-ACCEPT-ALL,P01-L1-LOW-CAL-OFFICIAL-R2:8_PER_CLASS,0,27,0,45,0.607707509881423,0.55,0.6,0.6936758893280632
P02-A0-PhysioNetMI-CLS-CSP-LDA-P01-L1-LOW-CAL-OFFICIAL-R2:8_PER_CLASS-MR00,PhysioNetMI,CLS-CSP-LDA,A0-RAW-ACCEPT-ALL,P01-L1-LOW-CAL-OFFICIAL-R2:8_PER_CLASS,0,39,0,45,0.5,0.3283582089552239,0.4888888888888889,0.4723320158102767
P02-A0-PhysioNetMI-CLS-CSP-LDA-P01-L1-LOW-CAL-OFFICIAL-R2:8_PER_CLASS-MR00,PhysioNetMI,CLS-CSP-LDA,A0-RAW-ACCEPT-ALL,P01-L1-LOW-CAL-OFFICIAL-R2:8_PER_CLASS,0,40,0,45,0.5,0.34782608695652173,0.5333333333333333,0.5436507936507936
P02-A0-PhysioNetMI-CLS-CSP-LDA-P01-L1-LOW-CAL-OFFICIAL-R2:8_PER_CLASS-MR00,PhysioNetMI,CLS-CSP-LDA,A0-RAW-ACCEPT-ALL,P01-L1-LOW-CAL-OFFICIAL-R2:8_PER_CLASS,0,47,0,45,0.5,0.34782608695652173,0.5333333333333333,0.41666666666666674
P02-A0-PhysioNetMI-CLS-CSP-LDA-P01-L1-LOW-CAL-OFFICIAL-R2:8_PER_CLASS-MR00,PhysioNetMI,CLS-CSP-LDA,A0-RAW-ACCEPT-ALL,P01-L1-LOW-CAL-OFFICIAL-R2:8_PER_CLASS,0,48,0,45,0.5,0.3382352941176471,0.5111111111111111,0.6047430830039526
P02-A0-PhysioNetMI-CLS-CSP-LDA-P01-L1-LOW-CAL-OFFICIAL-R2:8_PER_CLASS-MR00,PhysioNetMI,CLS-CSP-LDA,A0-RAW-ACCEPT-ALL,P01-L1-LOW-CAL-OFFICIAL-R2:8_PER_CLASS,0,57,0,45,0.5119047619047619,0.434117003827228,0.4888888888888889,0.498015873015873
P02-A0-PhysioNetMI-CLS-CSP-LDA-P01-L1-LOW-CAL-OFFICIAL-R2:8_PER_CLASS-MR00,PhysioNetMI,CLS-CSP-LDA,A0-RAW-ACCEPT-ALL,P01-L1-LOW-CAL-OFFICIAL-R2:8_PER_CLASS,0,71,0,45,0.4496047430830039,0.41558441558441556,0.4444444444444444,0.4110671936758893
P02-A0-PhysioNetMI-CLS-CSP-LDA-P01-L1-LOW-CAL-OFFICIAL-R2:8_PER_CLASS-MR00,PhysioNetMI,CLS-CSP-LDA,A0-RAW-ACCEPT-ALL,P01-L1-LOW-CAL-OFFICIAL-R2:8_PER_CLASS,0,93,0,45,0.5,0.3382352941176471,0.5111111111111111,0.5928853754940712
P02-A0-PhysioNetMI-CLS-CSP-LDA-P01-L1-LOW-CAL-OFFICIAL-R2:8_PER_CLASS-MR00,PhysioNetMI,CLS-CSP-LDA,A0-RAW-ACCEPT-ALL,P01-L1-LOW-CAL-OFFICIAL-R2:8_PER_CLASS,0,98,0,45,0.5227272727272727,0.3867618429591174,0.5333333333333333,0.40909090909090906
P02-A0-PhysioNetMI-CLS-CSP-LDA-P01-L1-LOW-CAL-OFFICIAL-R2:8_PER_CLASS-MR00,PhysioNetMI,CLS-CSP-LDA,A0-RAW-ACCEPT-ALL,P01-L1-LOW-CAL-OFFICIAL-R2:8_PER_CLASS,0,107,0,45,0.5059523809523809,0.505,0.5111111111111111,0.4821428571428571
P02-A0-PhysioNetMI-CLS-CSP-LDA-P01-L1-LOW-CAL-OFFICIAL-R2:16_PER_CLASS-MR00,PhysioNetMI,CLS-CSP-LDA,A0-RAW-ACCEPT-ALL,P01-L1-LOW-CAL-OFFICIAL-R2:16_PER_CLASS,0,6,0,45,0.5297619047619048,0.4591346153846154,0.5555555555555556,0.4226190476190476
P02-A0-PhysioNetMI-CLS-CSP-LDA-P01-L1-LOW-CAL-OFFICIAL-R2:16_PER_CLASS-MR00,PhysioNetMI,CLS-CSP-LDA,A0-RAW-ACCEPT-ALL,P01-L1-LOW-CAL-OFFICIAL-R2:16_PER_CLASS,0,27,0,45,0.5978260869565217,0.595,0.6,0.725296442687747
P02-A0-PhysioNetMI-CLS-CSP-LDA-P01-L1-LOW-CAL-OFFICIAL-R2:16_PER_CLASS-MR00,PhysioNetMI,CLS-CSP-LDA,A0-RAW-ACCEPT-ALL,P01-L1-LOW-CAL-OFFICIAL-R2:16_PER_CLASS,0,39,0,45,0.558300395256917,0.55,0.5555555555555556,0.5553359683794465
P02-A0-PhysioNetMI-CLS-CSP-LDA-P01-L1-LOW-CAL-OFFICIAL-R2:16_PER_CLASS-MR00,PhysioNetMI,CLS-CSP-LDA,A0-RAW-ACCEPT-ALL,P01-L1-LOW-CAL-OFFICIAL-R2:16_PER_CLASS,0,40,0,45,0.5,0.3181818181818182,0.4666666666666667,0.5912698412698413
P02-A0-PhysioNetMI-CLS-CSP-LDA-P01-L1-LOW-CAL-OFFICIAL-R2:16_PER_CLASS-MR00,PhysioNetMI,CLS-CSP-LDA,A0-RAW-ACCEPT-ALL,P01-L1-LOW-CAL-OFFICIAL-R2:16_PER_CLASS,0,47,0,45,0.5,0.34782608695652173,0.5333333333333333,0.3492063492063492
P02-A0-PhysioNetMI-CLS-CSP-LDA-P01-L1-LOW-CAL-OFFICIAL-R2:16_PER_CLASS-MR00,PhysioNetMI,CLS-CSP-LDA,A0-RAW-ACCEPT-ALL,P01-L1-LOW-CAL-OFFICIAL-R2:16_PER_CLASS,0,48,0,45,0.48122529644268774,0.41492368569813454,0.4888888888888889,0.5928853754940712
P02-A0-PhysioNetMI-CLS-CSP-LDA-P01-L1-LOW-CAL-OFFICIAL-R2:16_PER_CLASS-MR00,PhysioNetMI,CLS-CSP-LDA,A0-RAW-ACCEPT-ALL,P01-L1-LOW-CAL-OFFICIAL-R2:16_PER_CLASS,0,57,0,45,0.5476190476190476,0.5445344129554656,0.5555555555555556,0.5694444444444444
P02-A0-PhysioNetMI-CLS-CSP-LDA-P01-L1-LOW-CAL-OFFICIAL-R2:16_PER_CLASS-MR00,PhysioNetMI,CLS-CSP-LDA,A0-RAW-ACCEPT-ALL,P01-L1-LOW-CAL-OFFICIAL-R2:16_PER_CLASS,0,71,0,45,0.5405138339920948,0.4833242208857299,0.5333333333333333,0.5316205533596838
P02-A0-PhysioNetMI-CLS-CSP-LDA-P01-L1-LOW-CAL-OFFICIAL-R2:16_PER_CLASS-MR00,PhysioNetMI,CLS-CSP-LDA,A0-RAW-ACCEPT-ALL,P01-L1-LOW-CAL-OFFICIAL-R2:16_PER_CLASS,0,93,0,45,0.5,0.3382352941176471,0.5111111111111111,0.5573122529644269
P02-A0-PhysioNetMI-CLS-CSP-LDA-P01-L1-LOW-CAL-OFFICIAL-R2:16_PER_CLASS-MR00,PhysioNetMI,CLS-CSP-LDA,A0-RAW-ACCEPT-ALL,P01-L1-LOW-CAL-OFFICIAL-R2:16_PER_CLASS,0,98,0,45,0.5,0.3382352941176471,0.5111111111111111,0.6086956521739131
P02-A0-PhysioNetMI-CLS-CSP-LDA-P01-L1-LOW-CAL-OFFICIAL-R2:16_PER_CLASS-MR00,PhysioNetMI,CLS-CSP-LDA,A0-RAW-ACCEPT-ALL,P01-L1-LOW-CAL-OFFICIAL-R2:16_PER_CLASS,0,107,0,45,0.5386904761904762,0.5150862068965517,0.5555555555555556,0.5
P02-A0-PhysioNetMI-CLS-CSP-LDA-P01-L1-LOW-CAL-OFFICIAL-R2:32_PER_CLASS-MR00,PhysioNetMI,CLS-CSP-LDA,A0-RAW-ACCEPT-ALL,P01-L1-LOW-CAL-OFFICIAL-R2:32_PER_CLASS,0,6,0,45,0.4791666666666667,0.3382352941176471,0.5111111111111111,0.4722222222222222
P02-A0-PhysioNetMI-CLS-CSP-LDA-P01-L1-LOW-CAL-OFFICIAL-R2:32_PER_CLASS-MR00,PhysioNetMI,CLS-CSP-LDA,A0-RAW-ACCEPT-ALL,P01-L1-LOW-CAL-OFFICIAL-R2:32_PER_CLASS,0,27,0,45,0.4990118577075099,0.3630769230769231,0.4888888888888889,0.658102766798419
P02-A0-PhysioNetMI-CLS-CSP-LDA-P01-L1-LOW-CAL-OFFICIAL-R2:32_PER_CLASS-MR00,PhysioNetMI,CLS-CSP-LDA,A0-RAW-ACCEPT-ALL,P01-L1-LOW-CAL-OFFICIAL-R2:32_PER_CLASS,0,39,0,45,0.5642292490118577,0.48156682027649766,0.5555555555555556,0.5079051383399209
P02-A0-PhysioNetMI-CLS-CSP-LDA-P01-L1-LOW-CAL-OFFICIAL-R2:32_PER_CLASS-MR00,PhysioNetMI,CLS-CSP-LDA,A0-RAW-ACCEPT-ALL,P01-L1-LOW-CAL-OFFICIAL-R2:32_PER_CLASS,0,40,0,45,0.5059523809523809,0.4184615384615385,0.5333333333333333,0.4285714285714286
P02-A0-PhysioNetMI-CLS-CSP-LDA-P01-L1-LOW-CAL-OFFICIAL-R2:32_PER_CLASS-MR00,PhysioNetMI,CLS-CSP-LDA,A0-RAW-ACCEPT-ALL,P01-L1-LOW-CAL-OFFICIAL-R2:32_PER_CLASS,0,47,0,45,0.5,0.34782608695652173,0.5333333333333333,0.35714285714285715
P02-A0-PhysioNetMI-CLS-CSP-LDA-P01-L1-LOW-CAL-OFFICIAL-R2:32_PER_CLASS-MR00,PhysioNetMI,CLS-CSP-LDA,A0-RAW-ACCEPT-ALL,P01-L1-LOW-CAL-OFFICIAL-R2:32_PER_CLASS,0,48,0,45,0.4614624505928854,0.4327731092436975,0.4666666666666667,0.28260869565217395
P02-A0-PhysioNetMI-CLS-CSP-LDA-P01-L1-LOW-CAL-OFFICIAL-R2:32_PER_CLASS-MR00,PhysioNetMI,CLS-CSP-LDA,A0-RAW-ACCEPT-ALL,P01-L1-LOW-CAL-OFFICIAL-R2:32_PER_CLASS,0,57,0,45,0.4970238095238095,0.35096153846153844,0.4666666666666667,0.5277777777777778
P02-A0-PhysioNetMI-CLS-CSP-LDA-P01-L1-LOW-CAL-OFFICIAL-R2:32_PER_CLASS-MR00,PhysioNetMI,CLS-CSP-LDA,A0-RAW-ACCEPT-ALL,P01-L1-LOW-CAL-OFFICIAL-R2:32_PER_CLASS,0,71,0,45,0.5158102766798419,0.4907407407407407,0.5111111111111111,0.41699604743082996
P02-A0-PhysioNetMI-CLS-CSP-LDA-P01-L1-LOW-CAL-OFFICIAL-R2:32_PER_CLASS-MR00,PhysioNetMI,CLS-CSP-LDA,A0-RAW-ACCEPT-ALL,P01-L1-LOW-CAL-OFFICIAL-R2:32_PER_CLASS,0,93,0,45,0.4515810276679842,0.3849097867687261,0.4444444444444444,0.458498023715415
P02-A0-PhysioNetMI-CLS-CSP-LDA-P01-L1-LOW-CAL-OFFICIAL-R2:32_PER_CLASS-MR00,PhysioNetMI,CLS-CSP-LDA,A0-RAW-ACCEPT-ALL,P01-L1-LOW-CAL-OFFICIAL-R2:32_PER_CLASS,0,98,0,45,0.5,0.3382352941176471,0.5111111111111111,0.4940711462450593
P02-A0-PhysioNetMI-CLS-CSP-LDA-P01-L1-LOW-CAL-OFFICIAL-R2:32_PER_CLASS-MR00,PhysioNetMI,CLS-CSP-LDA,A0-RAW-ACCEPT-ALL,P01-L1-LOW-CAL-OFFICIAL-R2:32_PER_CLASS,0,107,0,45,0.5,0.4907407407407407,0.5111111111111111,0.5297619047619048
P02-A0-BNCI2014_001-CLS-CSP-LDA-FULL_TRAIN-MR00,BNCI2014_001,CLS-CSP-LDA,A0-RAW-ACCEPT-ALL,FULL_TRAIN,0,7,0train,144,0.6597222222222222,0.6523281596452328,0.6597222222222222,0.6782407407407407
P02-A0-BNCI2014_001-CLS-CSP-LDA-FULL_TRAIN-MR00,BNCI2014_001,CLS-CSP-LDA,A0-RAW-ACCEPT-ALL,FULL_TRAIN,0,7,1test,144,0.6180555555555556,0.608056614044638,0.6180555555555556,0.6807484567901234
P02-A0-BNCI2014_001-CLS-CSP-LDA-P01-L1-LOW-CAL-OFFICIAL-R2:2_PER_CLASS-MR00,BNCI2014_001,CLS-CSP-LDA,A0-RAW-ACCEPT-ALL,P01-L1-LOW-CAL-OFFICIAL-R2:2_PER_CLASS,0,7,0train,144,0.5347222222222222,0.526478527607362,0.5347222222222222,0.5636574074074074
P02-A0-BNCI2014_001-CLS-CSP-LDA-P01-L1-LOW-CAL-OFFICIAL-R2:2_PER_CLASS-MR00,BNCI2014_001,CLS-CSP-LDA,A0-RAW-ACCEPT-ALL,P01-L1-LOW-CAL-OFFICIAL-R2:2_PER_CLASS,0,7,1test,144,0.5208333333333333,0.5059420217791258,0.5208333333333334,0.5497685185185185
P02-A0-BNCI2014_001-CLS-CSP-LDA-P01-L1-LOW-CAL-OFFICIAL-R2:4_PER_CLASS-MR00,BNCI2014_001,CLS-CSP-LDA,A0-RAW-ACCEPT-ALL,P01-L1-LOW-CAL-OFFICIAL-R2:4_PER_CLASS,0,7,0train,144,0.6180555555555556,0.6097560975609756,0.6180555555555556,0.6768904320987654
P02-A0-BNCI2014_001-CLS-CSP-LDA-P01-L1-LOW-CAL-OFFICIAL-R2:4_PER_CLASS-MR00,BNCI2014_001,CLS-CSP-LDA,A0-RAW-ACCEPT-ALL,P01-L1-LOW-CAL-OFFICIAL-R2:4_PER_CLASS,0,7,1test,144,0.5902777777777778,0.5613156400061962,0.5902777777777778,0.6720679012345678
P02-A0-BNCI2014_001-CLS-CSP-LDA-P01-L1-LOW-CAL-OFFICIAL-R2:8_PER_CLASS-MR00,BNCI2014_001,CLS-CSP-LDA,A0-RAW-ACCEPT-ALL,P01-L1-LOW-CAL-OFFICIAL-R2:8_PER_CLASS,0,7,0train,144,0.47916666666666663,0.4678492239467849,0.4791666666666667,0.4926697530864198
P02-A0-BNCI2014_001-CLS-CSP-LDA-P01-L1-LOW-CAL-OFFICIAL-R2:8_PER_CLASS-MR00,BNCI2014_001,CLS-CSP-LDA,A0-RAW-ACCEPT-ALL,P01-L1-LOW-CAL-OFFICIAL-R2:8_PER_CLASS,0,7,1test,144,0.4930555555555555,0.3988677303139475,0.4930555555555556,0.41724537037037035
P02-A0-BNCI2014_001-CLS-CSP-LDA-P01-L1-LOW-CAL-OFFICIAL-R2:16_PER_CLASS-MR00,BNCI2014_001,CLS-CSP-LDA,A0-RAW-ACCEPT-ALL,P01-L1-LOW-CAL-OFFICIAL-R2:16_PER_CLASS,0,7,0train,144,0.5486111111111112,0.504421030338328,0.5486111111111112,0.529513888888889
P02-A0-BNCI2014_001-CLS-CSP-LDA-P01-L1-LOW-CAL-OFFICIAL-R2:16_PER_CLASS-MR00,BNCI2014_001,CLS-CSP-LDA,A0-RAW-ACCEPT-ALL,P01-L1-LOW-CAL-OFFICIAL-R2:16_PER_CLASS,0,7,1test,144,0.5069444444444444,0.3902308105206656,0.5069444444444444,0.4720293209876543
P02-A0-BNCI2014_001-CLS-CSP-LDA-P01-L1-LOW-CAL-OFFICIAL-R2:32_PER_CLASS-MR00,BNCI2014_001,CLS-CSP-LDA,A0-RAW-ACCEPT-ALL,P01-L1-LOW-CAL-OFFICIAL-R2:32_PER_CLASS,0,7,0train,144,0.5069444444444444,0.36,0.5069444444444444,0.4984567901234568
P02-A0-BNCI2014_001-CLS-CSP-LDA-P01-L1-LOW-CAL-OFFICIAL-R2:32_PER_CLASS-MR00,BNCI2014_001,CLS-CSP-LDA,A0-RAW-ACCEPT-ALL,P01-L1-LOW-CAL-OFFICIAL-R2:32_PER_CLASS,0,7,1test,144,0.4861111111111111,0.3386295928500496,0.4861111111111111,0.4486882716049383
P02-A0-Lee2019_MI-CLS-CSP-LDA-FULL_TRAIN-MR00,Lee2019_MI,CLS-CSP-LDA,A0-RAW-ACCEPT-ALL,FULL_TRAIN,0,3,1,100,0.81,0.8084484323016433,0.81,0.9144
P02-A0-Lee2019_MI-CLS-CSP-LDA-FULL_TRAIN-MR00,Lee2019_MI,CLS-CSP-LDA,A0-RAW-ACCEPT-ALL,FULL_TRAIN,0,6,1,100,0.6,0.5404411764705883,0.6,0.7136
P02-A0-Lee2019_MI-CLS-CSP-LDA-FULL_TRAIN-MR00,Lee2019_MI,CLS-CSP-LDA,A0-RAW-ACCEPT-ALL,FULL_TRAIN,0,15,1,100,0.5,0.3333333333333333,0.5,0.628
P02-A0-Lee2019_MI-CLS-CSP-LDA-FULL_TRAIN-MR00,Lee2019_MI,CLS-CSP-LDA,A0-RAW-ACCEPT-ALL,FULL_TRAIN,0,19,1,100,0.8,0.7987117552334944,0.8,0.8768
P02-A0-Lee2019_MI-CLS-CSP-LDA-FULL_TRAIN-MR00,Lee2019_MI,CLS-CSP-LDA,A0-RAW-ACCEPT-ALL,FULL_TRAIN,0,30,1,100,0.59,0.5071523019593701,0.59,0.7112
P02-A0-Lee2019_MI-CLS-CSP-LDA-FULL_TRAIN-MR00,Lee2019_MI,CLS-CSP-LDA,A0-RAW-ACCEPT-ALL,FULL_TRAIN,0,36,1,100,0.99,0.9899989998999901,0.99,0.9995999999999999
P02-A0-Lee2019_MI-CLS-CSP-LDA-P01-L1-LOW-CAL-OFFICIAL-R2:2_PER_CLASS-MR00,Lee2019_MI,CLS-CSP-LDA,A0-RAW-ACCEPT-ALL,P01-L1-LOW-CAL-OFFICIAL-R2:2_PER_CLASS,0,3,1,100,0.5,0.3333333333333333,0.5,0.44600000000000006
P02-A0-Lee2019_MI-CLS-CSP-LDA-P01-L1-LOW-CAL-OFFICIAL-R2:2_PER_CLASS-MR00,Lee2019_MI,CLS-CSP-LDA,A0-RAW-ACCEPT-ALL,P01-L1-LOW-CAL-OFFICIAL-R2:2_PER_CLASS,0,6,1,100,0.5,0.3333333333333333,0.5,0.486
P02-A0-Lee2019_MI-CLS-CSP-LDA-P01-L1-LOW-CAL-OFFICIAL-R2:2_PER_CLASS-MR00,Lee2019_MI,CLS-CSP-LDA,A0-RAW-ACCEPT-ALL,P01-L1-LOW-CAL-OFFICIAL-R2:2_PER_CLASS,0,15,1,100,0.5,0.3333333333333333,0.5,0.31200000000000006
P02-A0-Lee2019_MI-CLS-CSP-LDA-P01-L1-LOW-CAL-OFFICIAL-R2:2_PER_CLASS-MR00,Lee2019_MI,CLS-CSP-LDA,A0-RAW-ACCEPT-ALL,P01-L1-LOW-CAL-OFFICIAL-R2:2_PER_CLASS,0,19,1,100,0.5,0.3333333333333333,0.5,0.4636
P02-A0-Lee2019_MI-CLS-CSP-LDA-P01-L1-LOW-CAL-OFFICIAL-R2:2_PER_CLASS-MR00,Lee2019_MI,CLS-CSP-LDA,A0-RAW-ACCEPT-ALL,P01-L1-LOW-CAL-OFFICIAL-R2:2_PER_CLASS,0,30,1,100,0.5,0.3333333333333333,0.5,0.518
P02-A0-Lee2019_MI-CLS-CSP-LDA-P01-L1-LOW-CAL-OFFICIAL-R2:2_PER_CLASS-MR00,Lee2019_MI,CLS-CSP-LDA,A0-RAW-ACCEPT-ALL,P01-L1-LOW-CAL-OFFICIAL-R2:2_PER_CLASS,0,36,1,100,0.5,0.3333333333333333,0.5,0.54
P02-A0-Lee2019_MI-CLS-CSP-LDA-P01-L1-LOW-CAL-OFFICIAL-R2:4_PER_CLASS-MR00,Lee2019_MI,CLS-CSP-LDA,A0-RAW-ACCEPT-ALL,P01-L1-LOW-CAL-OFFICIAL-R2:4_PER_CLASS,0,3,1,100,0.5,0.3333333333333333,0.5,0.4188
P02-A0-Lee2019_MI-CLS-CSP-LDA-P01-L1-LOW-CAL-OFFICIAL-R2:4_PER_CLASS-MR00,Lee2019_MI,CLS-CSP-LDA,A0-RAW-ACCEPT-ALL,P01-L1-LOW-CAL-OFFICIAL-R2:4_PER_CLASS,0,6,1,100,0.5,0.37996031746031744,0.5,0.47959999999999997
P02-A0-Lee2019_MI-CLS-CSP-LDA-P01-L1-LOW-CAL-OFFICIAL-R2:4_PER_CLASS-MR00,Lee2019_MI,CLS-CSP-LDA,A0-RAW-ACCEPT-ALL,P01-L1-LOW-CAL-OFFICIAL-R2:4_PER_CLASS,0,15,1,100,0.5,0.3333333333333333,0.5,0.37959999999999994
P02-A0-Lee2019_MI-CLS-CSP-LDA-P01-L1-LOW-CAL-OFFICIAL-R2:4_PER_CLASS-MR00,Lee2019_MI,CLS-CSP-LDA,A0-RAW-ACCEPT-ALL,P01-L1-LOW-CAL-OFFICIAL-R2:4_PER_CLASS,0,19,1,100,0.5,0.3333333333333333,0.5,0.5136000000000001
P02-A0-Lee2019_MI-CLS-CSP-LDA-P01-L1-LOW-CAL-OFFICIAL-R2:4_PER_CLASS-MR00,Lee2019_MI,CLS-CSP-LDA,A0-RAW-ACCEPT-ALL,P01-L1-LOW-CAL-OFFICIAL-R2:4_PER_CLASS,0,30,1,100,0.48,0.4120307553143374,0.48,0.54
P02-A0-Lee2019_MI-CLS-CSP-LDA-P01-L1-LOW-CAL-OFFICIAL-R2:4_PER_CLASS-MR00,Lee2019_MI,CLS-CSP-LDA,A0-RAW-ACCEPT-ALL,P01-L1-LOW-CAL-OFFICIAL-R2:4_PER_CLASS,0,36,1,100,0.5,0.3333333333333333,0.5,0.4676
P02-A0-Lee2019_MI-CLS-CSP-LDA-P01-L1-LOW-CAL-OFFICIAL-R2:8_PER_CLASS-MR00,Lee2019_MI,CLS-CSP-LDA,A0-RAW-ACCEPT-ALL,P01-L1-LOW-CAL-OFFICIAL-R2:8_PER_CLASS,0,3,1,100,0.5,0.3503118503118503,0.5,0.4172
P02-A0-Lee2019_MI-CLS-CSP-LDA-P01-L1-LOW-CAL-OFFICIAL-R2:8_PER_CLASS-MR00,Lee2019_MI,CLS-CSP-LDA,A0-RAW-ACCEPT-ALL,P01-L1-LOW-CAL-OFFICIAL-R2:8_PER_CLASS,0,6,1,100,0.45,0.4294013901857039,0.45,0.4156
P02-A0-Lee2019_MI-CLS-CSP-LDA-P01-L1-LOW-CAL-OFFICIAL-R2:8_PER_CLASS-MR00,Lee2019_MI,CLS-CSP-LDA,A0-RAW-ACCEPT-ALL,P01-L1-LOW-CAL-OFFICIAL-R2:8_PER_CLASS,0,15,1,100,0.45999999999999996,0.44581280788177335,0.46,0.4496
P02-A0-Lee2019_MI-CLS-CSP-LDA-P01-L1-LOW-CAL-OFFICIAL-R2:8_PER_CLASS-MR00,Lee2019_MI,CLS-CSP-LDA,A0-RAW-ACCEPT-ALL,P01-L1-LOW-CAL-OFFICIAL-R2:8_PER_CLASS,0,19,1,100,0.53,0.5037482842360892,0.53,0.5660000000000001
P02-A0-Lee2019_MI-CLS-CSP-LDA-P01-L1-LOW-CAL-OFFICIAL-R2:8_PER_CLASS-MR00,Lee2019_MI,CLS-CSP-LDA,A0-RAW-ACCEPT-ALL,P01-L1-LOW-CAL-OFFICIAL-R2:8_PER_CLASS,0,30,1,100,0.46,0.4565217391304348,0.46,0.4624
P02-A0-Lee2019_MI-CLS-CSP-LDA-P01-L1-LOW-CAL-OFFICIAL-R2:8_PER_CLASS-MR00,Lee2019_MI,CLS-CSP-LDA,A0-RAW-ACCEPT-ALL,P01-L1-LOW-CAL-OFFICIAL-R2:8_PER_CLASS,0,36,1,100,0.37,0.3030202456023896,0.37,0.3024
P02-A0-Lee2019_MI-CLS-CSP-LDA-P01-L1-LOW-CAL-OFFICIAL-R2:16_PER_CLASS-MR00,Lee2019_MI,CLS-CSP-LDA,A0-RAW-ACCEPT-ALL,P01-L1-LOW-CAL-OFFICIAL-R2:16_PER_CLASS,0,3,1,100,0.7,0.696969696969697,0.7,0.7864
P02-A0-Lee2019_MI-CLS-CSP-LDA-P01-L1-LOW-CAL-OFFICIAL-R2:16_PER_CLASS-MR00,Lee2019_MI,CLS-CSP-LDA,A0-RAW-ACCEPT-ALL,P01-L1-LOW-CAL-OFFICIAL-R2:16_PER_CLASS,0,6,1,100,0.6,0.5659722222222222,0.6,0.7559999999999999
P02-A0-Lee2019_MI-CLS-CSP-LDA-P01-L1-LOW-CAL-OFFICIAL-R2:16_PER_CLASS-MR00,Lee2019_MI,CLS-CSP-LDA,A0-RAW-ACCEPT-ALL,P01-L1-LOW-CAL-OFFICIAL-R2:16_PER_CLASS,0,15,1,100,0.51,0.39884676726781987,0.51,0.39280000000000004
P02-A0-Lee2019_MI-CLS-CSP-LDA-P01-L1-LOW-CAL-OFFICIAL-R2:16_PER_CLASS-MR00,Lee2019_MI,CLS-CSP-LDA,A0-RAW-ACCEPT-ALL,P01-L1-LOW-CAL-OFFICIAL-R2:16_PER_CLASS,0,19,1,100,0.56,0.5024875621890548,0.56,0.7004
P02-A0-Lee2019_MI-CLS-CSP-LDA-P01-L1-LOW-CAL-OFFICIAL-R2:16_PER_CLASS-MR00,Lee2019_MI,CLS-CSP-LDA,A0-RAW-ACCEPT-ALL,P01-L1-LOW-CAL-OFFICIAL-R2:16_PER_CLASS,0,30,1,100,0.53,0.4643874643874644,0.53,0.4564
P02-A0-Lee2019_MI-CLS-CSP-LDA-P01-L1-LOW-CAL-OFFICIAL-R2:16_PER_CLASS-MR00,Lee2019_MI,CLS-CSP-LDA,A0-RAW-ACCEPT-ALL,P01-L1-LOW-CAL-OFFICIAL-R2:16_PER_CLASS,0,36,1,100,0.5,0.3333333333333333,0.5,0.8151999999999999
P02-A0-Lee2019_MI-CLS-CSP-LDA-P01-L1-LOW-CAL-OFFICIAL-R2:32_PER_CLASS-MR00,Lee2019_MI,CLS-CSP-LDA,A0-RAW-ACCEPT-ALL,P01-L1-LOW-CAL-OFFICIAL-R2:32_PER_CLASS,0,3,1,100,0.5,0.3333333333333333,0.5,0.6584
P02-A0-Lee2019_MI-CLS-CSP-LDA-P01-L1-LOW-CAL-OFFICIAL-R2:32_PER_CLASS-MR00,Lee2019_MI,CLS-CSP-LDA,A0-RAW-ACCEPT-ALL,P01-L1-LOW-CAL-OFFICIAL-R2:32_PER_CLASS,0,6,1,100,0.51,0.3710691823899371,0.51,0.692
P02-A0-Lee2019_MI-CLS-CSP-LDA-P01-L1-LOW-CAL-OFFICIAL-R2:32_PER_CLASS-MR00,Lee2019_MI,CLS-CSP-LDA,A0-RAW-ACCEPT-ALL,P01-L1-LOW-CAL-OFFICIAL-R2:32_PER_CLASS,0,15,1,100,0.49,0.3453985367731998,0.49,0.422
P02-A0-Lee2019_MI-CLS-CSP-LDA-P01-L1-LOW-CAL-OFFICIAL-R2:32_PER_CLASS-MR00,Lee2019_MI,CLS-CSP-LDA,A0-RAW-ACCEPT-ALL,P01-L1-LOW-CAL-OFFICIAL-R2:32_PER_CLASS,0,19,1,100,0.6,0.595959595959596,0.6,0.6148
P02-A0-Lee2019_MI-CLS-CSP-LDA-P01-L1-LOW-CAL-OFFICIAL-R2:32_PER_CLASS-MR00,Lee2019_MI,CLS-CSP-LDA,A0-RAW-ACCEPT-ALL,P01-L1-LOW-CAL-OFFICIAL-R2:32_PER_CLASS,0,30,1,100,0.5,0.3333333333333333,0.5,0.5187999999999999
P02-A0-Lee2019_MI-CLS-CSP-LDA-P01-L1-LOW-CAL-OFFICIAL-R2:32_PER_CLASS-MR00,Lee2019_MI,CLS-CSP-LDA,A0-RAW-ACCEPT-ALL,P01-L1-LOW-CAL-OFFICIAL-R2:32_PER_CLASS,0,36,1,100,0.51,0.3551783129359126,0.51,0.8408
P02-A0-PhysioNetMI-CLS-FBCSP-LR-FULL_TRAIN-MR00,PhysioNetMI,CLS-FBCSP-LR,A0-RAW-ACCEPT-ALL,FULL_TRAIN,0,6,0,45,0.43154761904761907,0.41558441558441556,0.4444444444444444,0.45238095238095233
P02-A0-PhysioNetMI-CLS-FBCSP-LR-FULL_TRAIN-MR00,PhysioNetMI,CLS-FBCSP-LR,A0-RAW-ACCEPT-ALL,FULL_TRAIN,0,27,0,45,0.4990118577075099,0.3630769230769231,0.4888888888888889,0.5592885375494072
P02-A0-PhysioNetMI-CLS-FBCSP-LR-FULL_TRAIN-MR00,PhysioNetMI,CLS-FBCSP-LR,A0-RAW-ACCEPT-ALL,FULL_TRAIN,0,39,0,45,0.4209486166007905,0.4196428571428571,0.4222222222222222,0.4980237154150198
P02-A0-PhysioNetMI-CLS-FBCSP-LR-FULL_TRAIN-MR00,PhysioNetMI,CLS-FBCSP-LR,A0-RAW-ACCEPT-ALL,FULL_TRAIN,0,40,0,45,0.5416666666666666,0.5296167247386759,0.5333333333333333,0.6031746031746033
P02-A0-PhysioNetMI-CLS-FBCSP-LR-FULL_TRAIN-MR00,PhysioNetMI,CLS-FBCSP-LR,A0-RAW-ACCEPT-ALL,FULL_TRAIN,0,47,0,45,0.6398809523809523,0.6025974025974026,0.6222222222222222,0.6884920634920635
P02-A0-PhysioNetMI-CLS-FBCSP-LR-FULL_TRAIN-MR00,PhysioNetMI,CLS-FBCSP-LR,A0-RAW-ACCEPT-ALL,FULL_TRAIN,0,48,0,45,0.5859683794466404,0.5166760881854155,0.5777777777777777,0.6462450592885376
P02-A0-PhysioNetMI-CLS-FBCSP-LR-FULL_TRAIN-MR00,PhysioNetMI,CLS-FBCSP-LR,A0-RAW-ACCEPT-ALL,FULL_TRAIN,0,57,0,45,0.5476190476190476,0.5181030086690463,0.5333333333333333,0.6468253968253969
P02-A0-PhysioNetMI-CLS-FBCSP-LR-FULL_TRAIN-MR00,PhysioNetMI,CLS-FBCSP-LR,A0-RAW-ACCEPT-ALL,FULL_TRAIN,0,71,0,45,0.6739130434782609,0.6309458720612356,0.6666666666666666,0.8873517786561265
P02-A0-PhysioNetMI-CLS-FBCSP-LR-FULL_TRAIN-MR00,PhysioNetMI,CLS-FBCSP-LR,A0-RAW-ACCEPT-ALL,FULL_TRAIN,0,93,0,45,0.8448616600790514,0.8444444444444444,0.8444444444444444,0.9347826086956522
P02-A0-PhysioNetMI-CLS-FBCSP-LR-FULL_TRAIN-MR00,PhysioNetMI,CLS-FBCSP-LR,A0-RAW-ACCEPT-ALL,FULL_TRAIN,0,98,0,45,0.46936758893280633,0.46,0.4666666666666667,0.48221343873517786
P02-A0-PhysioNetMI-CLS-FBCSP-LR-FULL_TRAIN-MR00,PhysioNetMI,CLS-FBCSP-LR,A0-RAW-ACCEPT-ALL,FULL_TRAIN,0,107,0,45,0.5535714285714286,0.5535714285714286,0.5555555555555556,0.5257936507936508
P02-A0-BNCI2014_001-CLS-FBCSP-LR-FULL_TRAIN-MR00,BNCI2014_001,CLS-FBCSP-LR,A0-RAW-ACCEPT-ALL,FULL_TRAIN,0,7,0train,144,0.5833333333333333,0.5751376868607396,0.5833333333333334,0.6213348765432098
P02-A0-BNCI2014_001-CLS-FBCSP-LR-FULL_TRAIN-MR00,BNCI2014_001,CLS-FBCSP-LR,A0-RAW-ACCEPT-ALL,FULL_TRAIN,0,7,1test,144,0.6736111111111112,0.6678282208588957,0.6736111111111112,0.7484567901234569
P02-A0-Lee2019_MI-CLS-FBCSP-LR-FULL_TRAIN-MR00,Lee2019_MI,CLS-FBCSP-LR,A0-RAW-ACCEPT-ALL,FULL_TRAIN,0,3,1,100,0.87,0.8698828946051447,0.87,0.9571999999999999
P02-A0-Lee2019_MI-CLS-FBCSP-LR-FULL_TRAIN-MR00,Lee2019_MI,CLS-FBCSP-LR,A0-RAW-ACCEPT-ALL,FULL_TRAIN,0,6,1,100,0.54,0.4165398274987316,0.54,0.8015999999999999
P02-A0-Lee2019_MI-CLS-FBCSP-LR-FULL_TRAIN-MR00,Lee2019_MI,CLS-FBCSP-LR,A0-RAW-ACCEPT-ALL,FULL_TRAIN,0,15,1,100,0.49,0.3985139757046821,0.49,0.51
P02-A0-Lee2019_MI-CLS-FBCSP-LR-FULL_TRAIN-MR00,Lee2019_MI,CLS-FBCSP-LR,A0-RAW-ACCEPT-ALL,FULL_TRAIN,0,19,1,100,0.69,0.6892230576441103,0.69,0.7756000000000001
P02-A0-Lee2019_MI-CLS-FBCSP-LR-FULL_TRAIN-MR00,Lee2019_MI,CLS-FBCSP-LR,A0-RAW-ACCEPT-ALL,FULL_TRAIN,0,30,1,100,0.7,0.6899545266639107,0.7,0.8171999999999999
P02-A0-Lee2019_MI-CLS-FBCSP-LR-FULL_TRAIN-MR00,Lee2019_MI,CLS-FBCSP-LR,A0-RAW-ACCEPT-ALL,FULL_TRAIN,0,36,1,100,0.63,0.5713127099988413,0.63,0.9356
P02-A0-PhysioNetMI-RIE-TS-LR-FULL_TRAIN-MR00,PhysioNetMI,RIE-TS-LR,A0-RAW-ACCEPT-ALL,FULL_TRAIN,0,6,0,45,0.5267857142857143,0.4907407407407407,0.5111111111111111,0.5158730158730159
P02-A0-PhysioNetMI-RIE-TS-LR-FULL_TRAIN-MR00,PhysioNetMI,RIE-TS-LR,A0-RAW-ACCEPT-ALL,FULL_TRAIN,0,27,0,45,0.5098814229249011,0.5089285714285714,0.5111111111111111,0.5177865612648221
P02-A0-PhysioNetMI-RIE-TS-LR-FULL_TRAIN-MR00,PhysioNetMI,RIE-TS-LR,A0-RAW-ACCEPT-ALL,FULL_TRAIN,0,39,0,45,0.5622529644268774,0.5150862068965517,0.5555555555555556,0.5988142292490118
P02-A0-PhysioNetMI-RIE-TS-LR-FULL_TRAIN-MR00,PhysioNetMI,RIE-TS-LR,A0-RAW-ACCEPT-ALL,FULL_TRAIN,0,40,0,45,0.5773809523809523,0.5769421078673924,0.5777777777777777,0.6111111111111112
P02-A0-PhysioNetMI-RIE-TS-LR-FULL_TRAIN-MR00,PhysioNetMI,RIE-TS-LR,A0-RAW-ACCEPT-ALL,FULL_TRAIN,0,47,0,45,0.5535714285714286,0.5535714285714286,0.5555555555555556,0.6051587301587302
P02-A0-PhysioNetMI-RIE-TS-LR-FULL_TRAIN-MR00,PhysioNetMI,RIE-TS-LR,A0-RAW-ACCEPT-ALL,FULL_TRAIN,0,48,0,45,0.7579051383399209,0.7536087605774017,0.7555555555555555,0.7984189723320159
P02-A0-PhysioNetMI-RIE-TS-LR-FULL_TRAIN-MR00,PhysioNetMI,RIE-TS-LR,A0-RAW-ACCEPT-ALL,FULL_TRAIN,0,57,0,45,0.6815476190476191,0.6811740890688258,0.6888888888888889,0.7738095238095238
P02-A0-PhysioNetMI-RIE-TS-LR-FULL_TRAIN-MR00,PhysioNetMI,RIE-TS-LR,A0-RAW-ACCEPT-ALL,FULL_TRAIN,0,71,0,45,0.6086956521739131,0.533410138248848,0.6,0.9367588932806323
P02-A0-PhysioNetMI-RIE-TS-LR-FULL_TRAIN-MR00,PhysioNetMI,RIE-TS-LR,A0-RAW-ACCEPT-ALL,FULL_TRAIN,0,93,0,45,0.8883399209486166,0.8886689757545769,0.8888888888888888,0.9209486166007905
P02-A0-PhysioNetMI-RIE-TS-LR-FULL_TRAIN-MR00,PhysioNetMI,RIE-TS-LR,A0-RAW-ACCEPT-ALL,FULL_TRAIN,0,98,0,45,0.5553359683794465,0.5553359683794465,0.5555555555555556,0.6047430830039526
P02-A0-PhysioNetMI-RIE-TS-LR-FULL_TRAIN-MR00,PhysioNetMI,RIE-TS-LR,A0-RAW-ACCEPT-ALL,FULL_TRAIN,0,107,0,45,0.5238095238095238,0.39839572192513373,0.5555555555555556,0.7857142857142857
P02-A0-PhysioNetMI-RIE-TS-LR-P01-L1-LOW-CAL-OFFICIAL-R2:1_PER_CLASS-MR00,PhysioNetMI,RIE-TS-LR,A0-RAW-ACCEPT-ALL,P01-L1-LOW-CAL-OFFICIAL-R2:1_PER_CLASS,0,6,0,45,0.5,0.3181818181818182,0.4666666666666667,0.4880952380952381
P02-A0-PhysioNetMI-RIE-TS-LR-P01-L1-LOW-CAL-OFFICIAL-R2:1_PER_CLASS-MR00,PhysioNetMI,RIE-TS-LR,A0-RAW-ACCEPT-ALL,P01-L1-LOW-CAL-OFFICIAL-R2:1_PER_CLASS,0,27,0,45,0.5,0.3283582089552239,0.4888888888888889,0.5553359683794467
P02-A0-PhysioNetMI-RIE-TS-LR-P01-L1-LOW-CAL-OFFICIAL-R2:1_PER_CLASS-MR00,PhysioNetMI,RIE-TS-LR,A0-RAW-ACCEPT-ALL,P01-L1-LOW-CAL-OFFICIAL-R2:1_PER_CLASS,0,39,0,45,0.5,0.3283582089552239,0.4888888888888889,0.42490118577075103
P02-A0-PhysioNetMI-RIE-TS-LR-P01-L1-LOW-CAL-OFFICIAL-R2:1_PER_CLASS-MR00,PhysioNetMI,RIE-TS-LR,A0-RAW-ACCEPT-ALL,P01-L1-LOW-CAL-OFFICIAL-R2:1_PER_CLASS,0,40,0,45,0.5,0.34782608695652173,0.5333333333333333,0.5099206349206349
P02-A0-PhysioNetMI-RIE-TS-LR-P01-L1-LOW-CAL-OFFICIAL-R2:1_PER_CLASS-MR00,PhysioNetMI,RIE-TS-LR,A0-RAW-ACCEPT-ALL,P01-L1-LOW-CAL-OFFICIAL-R2:1_PER_CLASS,0,47,0,45,0.5,0.34782608695652173,0.5333333333333333,0.3273809523809524
P02-A0-PhysioNetMI-RIE-TS-LR-P01-L1-LOW-CAL-OFFICIAL-R2:1_PER_CLASS-MR00,PhysioNetMI,RIE-TS-LR,A0-RAW-ACCEPT-ALL,P01-L1-LOW-CAL-OFFICIAL-R2:1_PER_CLASS,0,48,0,45,0.5,0.3382352941176471,0.5111111111111111,0.3972332015810277
P02-A0-PhysioNetMI-RIE-TS-LR-P01-L1-LOW-CAL-OFFICIAL-R2:1_PER_CLASS-MR00,PhysioNetMI,RIE-TS-LR,A0-RAW-ACCEPT-ALL,P01-L1-LOW-CAL-OFFICIAL-R2:1_PER_CLASS,0,57,0,45,0.5,0.3181818181818182,0.4666666666666667,0.5178571428571428
P02-A0-PhysioNetMI-RIE-TS-LR-P01-L1-LOW-CAL-OFFICIAL-R2:1_PER_CLASS-MR00,PhysioNetMI,RIE-TS-LR,A0-RAW-ACCEPT-ALL,P01-L1-LOW-CAL-OFFICIAL-R2:1_PER_CLASS,0,71,0,45,0.5,0.3382352941176471,0.5111111111111111,0.47430830039525684
P02-A0-PhysioNetMI-RIE-TS-LR-P01-L1-LOW-CAL-OFFICIAL-R2:1_PER_CLASS-MR00,PhysioNetMI,RIE-TS-LR,A0-RAW-ACCEPT-ALL,P01-L1-LOW-CAL-OFFICIAL-R2:1_PER_CLASS,0,93,0,45,0.5652173913043478,0.4591346153846154,0.5555555555555556,0.5454545454545454
P02-A0-PhysioNetMI-RIE-TS-LR-P01-L1-LOW-CAL-OFFICIAL-R2:1_PER_CLASS-MR00,PhysioNetMI,RIE-TS-LR,A0-RAW-ACCEPT-ALL,P01-L1-LOW-CAL-OFFICIAL-R2:1_PER_CLASS,0,98,0,45,0.5335968379446641,0.5333333333333333,0.5333333333333333,0.49407114624505927
P02-A0-PhysioNetMI-RIE-TS-LR-P01-L1-LOW-CAL-OFFICIAL-R2:1_PER_CLASS-MR00,PhysioNetMI,RIE-TS-LR,A0-RAW-ACCEPT-ALL,P01-L1-LOW-CAL-OFFICIAL-R2:1_PER_CLASS,0,107,0,45,0.5,0.3181818181818182,0.4666666666666667,0.4503968253968254
P02-A0-PhysioNetMI-RIE-TS-LR-P01-L1-LOW-CAL-OFFICIAL-R2:2_PER_CLASS-MR00,PhysioNetMI,RIE-TS-LR,A0-RAW-ACCEPT-ALL,P01-L1-LOW-CAL-OFFICIAL-R2:2_PER_CLASS,0,6,0,45,0.5,0.34782608695652173,0.5333333333333333,0.4801587301587301
P02-A0-PhysioNetMI-RIE-TS-LR-P01-L1-LOW-CAL-OFFICIAL-R2:2_PER_CLASS-MR00,PhysioNetMI,RIE-TS-LR,A0-RAW-ACCEPT-ALL,P01-L1-LOW-CAL-OFFICIAL-R2:2_PER_CLASS,0,27,0,45,0.5,0.3382352941176471,0.5111111111111111,0.6422924901185771
P02-A0-PhysioNetMI-RIE-TS-LR-P01-L1-LOW-CAL-OFFICIAL-R2:2_PER_CLASS-MR00,PhysioNetMI,RIE-TS-LR,A0-RAW-ACCEPT-ALL,P01-L1-LOW-CAL-OFFICIAL-R2:2_PER_CLASS,0,39,0,45,0.5,0.3382352941176471,0.5111111111111111,0.5217391304347826
P02-A0-PhysioNetMI-RIE-TS-LR-P01-L1-LOW-CAL-OFFICIAL-R2:2_PER_CLASS-MR00,PhysioNetMI,RIE-TS-LR,A0-RAW-ACCEPT-ALL,P01-L1-LOW-CAL-OFFICIAL-R2:2_PER_CLASS,0,40,0,45,0.5,0.3181818181818182,0.4666666666666667,0.5238095238095238
P02-A0-PhysioNetMI-RIE-TS-LR-P01-L1-LOW-CAL-OFFICIAL-R2:2_PER_CLASS-MR00,PhysioNetMI,RIE-TS-LR,A0-RAW-ACCEPT-ALL,P01-L1-LOW-CAL-OFFICIAL-R2:2_PER_CLASS,0,47,0,45,0.5,0.34782608695652173,0.5333333333333333,0.503968253968254
P02-A0-PhysioNetMI-RIE-TS-LR-P01-L1-LOW-CAL-OFFICIAL-R2:2_PER_CLASS-MR00,PhysioNetMI,RIE-TS-LR,A0-RAW-ACCEPT-ALL,P01-L1-LOW-CAL-OFFICIAL-R2:2_PER_CLASS,0,48,0,45,0.5,0.3283582089552239,0.4888888888888889,0.3972332015810277
P02-A0-PhysioNetMI-RIE-TS-LR-P01-L1-LOW-CAL-OFFICIAL-R2:2_PER_CLASS-MR00,PhysioNetMI,RIE-TS-LR,A0-RAW-ACCEPT-ALL,P01-L1-LOW-CAL-OFFICIAL-R2:2_PER_CLASS,0,57,0,45,0.5,0.34782608695652173,0.5333333333333333,0.5357142857142856
P02-A0-PhysioNetMI-RIE-TS-LR-P01-L1-LOW-CAL-OFFICIAL-R2:2_PER_CLASS-MR00,PhysioNetMI,RIE-TS-LR,A0-RAW-ACCEPT-ALL,P01-L1-LOW-CAL-OFFICIAL-R2:2_PER_CLASS,0,71,0,45,0.5,0.3283582089552239,0.4888888888888889,0.27865612648221344
P02-A0-PhysioNetMI-RIE-TS-LR-P01-L1-LOW-CAL-OFFICIAL-R2:2_PER_CLASS-MR00,PhysioNetMI,RIE-TS-LR,A0-RAW-ACCEPT-ALL,P01-L1-LOW-CAL-OFFICIAL-R2:2_PER_CLASS,0,93,0,45,0.5,0.3382352941176471,0.5111111111111111,0.5928853754940712
P02-A0-PhysioNetMI-RIE-TS-LR-P01-L1-LOW-CAL-OFFICIAL-R2:2_PER_CLASS-MR00,PhysioNetMI,RIE-TS-LR,A0-RAW-ACCEPT-ALL,P01-L1-LOW-CAL-OFFICIAL-R2:2_PER_CLASS,0,98,0,45,0.5,0.3382352941176471,0.5111111111111111,0.5197628458498024
P02-A0-PhysioNetMI-RIE-TS-LR-P01-L1-LOW-CAL-OFFICIAL-R2:2_PER_CLASS-MR00,PhysioNetMI,RIE-TS-LR,A0-RAW-ACCEPT-ALL,P01-L1-LOW-CAL-OFFICIAL-R2:2_PER_CLASS,0,107,0,45,0.5,0.34782608695652173,0.5333333333333333,0.4246031746031746
P02-A0-PhysioNetMI-RIE-TS-LR-P01-L1-LOW-CAL-OFFICIAL-R2:4_PER_CLASS-MR00,PhysioNetMI,RIE-TS-LR,A0-RAW-ACCEPT-ALL,P01-L1-LOW-CAL-OFFICIAL-R2:4_PER_CLASS,0,6,0,45,0.5178571428571428,0.3915343915343915,0.4888888888888889,0.49603174603174605
P02-A0-PhysioNetMI-RIE-TS-LR-P01-L1-LOW-CAL-OFFICIAL-R2:4_PER_CLASS-MR00,PhysioNetMI,RIE-TS-LR,A0-RAW-ACCEPT-ALL,P01-L1-LOW-CAL-OFFICIAL-R2:4_PER_CLASS,0,27,0,45,0.5,0.3283582089552239,0.4888888888888889,0.43083003952569165
P02-A0-PhysioNetMI-RIE-TS-LR-P01-L1-LOW-CAL-OFFICIAL-R2:4_PER_CLASS-MR00,PhysioNetMI,RIE-TS-LR,A0-RAW-ACCEPT-ALL,P01-L1-LOW-CAL-OFFICIAL-R2:4_PER_CLASS,0,39,0,45,0.5,0.3283582089552239,0.4888888888888889,0.4861660079051383
P02-A0-PhysioNetMI-RIE-TS-LR-P01-L1-LOW-CAL-OFFICIAL-R2:4_PER_CLASS-MR00,PhysioNetMI,RIE-TS-LR,A0-RAW-ACCEPT-ALL,P01-L1-LOW-CAL-OFFICIAL-R2:4_PER_CLASS,0,40,0,45,0.5,0.34782608695652173,0.5333333333333333,0.48809523809523814
P02-A0-PhysioNetMI-RIE-TS-LR-P01-L1-LOW-CAL-OFFICIAL-R2:4_PER_CLASS-MR00,PhysioNetMI,RIE-TS-LR,A0-RAW-ACCEPT-ALL,P01-L1-LOW-CAL-OFFICIAL-R2:4_PER_CLASS,0,47,0,45,0.5,0.34782608695652173,0.5333333333333333,0.5119047619047619
P02-A0-PhysioNetMI-RIE-TS-LR-P01-L1-LOW-CAL-OFFICIAL-R2:4_PER_CLASS-MR00,PhysioNetMI,RIE-TS-LR,A0-RAW-ACCEPT-ALL,P01-L1-LOW-CAL-OFFICIAL-R2:4_PER_CLASS,0,48,0,45,0.5,0.3382352941176471,0.5111111111111111,0.6225296442687748
P02-A0-PhysioNetMI-RIE-TS-LR-P01-L1-LOW-CAL-OFFICIAL-R2:4_PER_CLASS-MR00,PhysioNetMI,RIE-TS-LR,A0-RAW-ACCEPT-ALL,P01-L1-LOW-CAL-OFFICIAL-R2:4_PER_CLASS,0,57,0,45,0.5,0.3181818181818182,0.4666666666666667,0.5753968253968255
P02-A0-PhysioNetMI-RIE-TS-LR-P01-L1-LOW-CAL-OFFICIAL-R2:4_PER_CLASS-MR00,PhysioNetMI,RIE-TS-LR,A0-RAW-ACCEPT-ALL,P01-L1-LOW-CAL-OFFICIAL-R2:4_PER_CLASS,0,71,0,45,0.5296442687747036,0.5181030086690463,0.5333333333333333,0.541501976284585
P02-A0-PhysioNetMI-RIE-TS-LR-P01-L1-LOW-CAL-OFFICIAL-R2:4_PER_CLASS-MR00,PhysioNetMI,RIE-TS-LR,A0-RAW-ACCEPT-ALL,P01-L1-LOW-CAL-OFFICIAL-R2:4_PER_CLASS,0,93,0,45,0.5,0.3382352941176471,0.5111111111111111,0.6482213438735178
P02-A0-PhysioNetMI-RIE-TS-LR-P01-L1-LOW-CAL-OFFICIAL-R2:4_PER_CLASS-MR00,PhysioNetMI,RIE-TS-LR,A0-RAW-ACCEPT-ALL,P01-L1-LOW-CAL-OFFICIAL-R2:4_PER_CLASS,0,98,0,45,0.5,0.3382352941176471,0.5111111111111111,0.5296442687747035
P02-A0-PhysioNetMI-RIE-TS-LR-P01-L1-LOW-CAL-OFFICIAL-R2:4_PER_CLASS-MR00,PhysioNetMI,RIE-TS-LR,A0-RAW-ACCEPT-ALL,P01-L1-LOW-CAL-OFFICIAL-R2:4_PER_CLASS,0,107,0,45,0.5059523809523809,0.4184615384615385,0.5333333333333333,0.5
P02-A0-PhysioNetMI-RIE-TS-LR-P01-L1-LOW-CAL-OFFICIAL-R2:8_PER_CLASS-MR00,PhysioNetMI,RIE-TS-LR,A0-RAW-ACCEPT-ALL,P01-L1-LOW-CAL-OFFICIAL-R2:8_PER_CLASS,0,6,0,45,0.5089285714285714,0.4444444444444444,0.5333333333333333,0.49404761904761907
P02-A0-PhysioNetMI-RIE-TS-LR-P01-L1-LOW-CAL-OFFICIAL-R2:8_PER_CLASS-MR00,PhysioNetMI,RIE-TS-LR,A0-RAW-ACCEPT-ALL,P01-L1-LOW-CAL-OFFICIAL-R2:8_PER_CLASS,0,27,0,45,0.5207509881422925,0.4050480769230769,0.5111111111111111,0.6225296442687748
P02-A0-PhysioNetMI-RIE-TS-LR-P01-L1-LOW-CAL-OFFICIAL-R2:8_PER_CLASS-MR00,PhysioNetMI,RIE-TS-LR,A0-RAW-ACCEPT-ALL,P01-L1-LOW-CAL-OFFICIAL-R2:8_PER_CLASS,0,39,0,45,0.4308300395256917,0.326036866359447,0.4222222222222222,0.3774703557312253
P02-A0-PhysioNetMI-RIE-TS-LR-P01-L1-LOW-CAL-OFFICIAL-R2:8_PER_CLASS-MR00,PhysioNetMI,RIE-TS-LR,A0-RAW-ACCEPT-ALL,P01-L1-LOW-CAL-OFFICIAL-R2:8_PER_CLASS,0,40,0,45,0.5,0.3181818181818182,0.4666666666666667,0.46825396825396826
P02-A0-PhysioNetMI-RIE-TS-LR-P01-L1-LOW-CAL-OFFICIAL-R2:8_PER_CLASS-MR00,PhysioNetMI,RIE-TS-LR,A0-RAW-ACCEPT-ALL,P01-L1-LOW-CAL-OFFICIAL-R2:8_PER_CLASS,0,47,0,45,0.5,0.34782608695652173,0.5333333333333333,0.4900793650793651
P02-A0-PhysioNetMI-RIE-TS-LR-P01-L1-LOW-CAL-OFFICIAL-R2:8_PER_CLASS-MR00,PhysioNetMI,RIE-TS-LR,A0-RAW-ACCEPT-ALL,P01-L1-LOW-CAL-OFFICIAL-R2:8_PER_CLASS,0,48,0,45,0.5,0.3382352941176471,0.5111111111111111,0.6521739130434783
P02-A0-PhysioNetMI-RIE-TS-LR-P01-L1-LOW-CAL-OFFICIAL-R2:8_PER_CLASS-MR00,PhysioNetMI,RIE-TS-LR,A0-RAW-ACCEPT-ALL,P01-L1-LOW-CAL-OFFICIAL-R2:8_PER_CLASS,0,57,0,45,0.5,0.3181818181818182,0.4666666666666667,0.5734126984126984
P02-A0-PhysioNetMI-RIE-TS-LR-P01-L1-LOW-CAL-OFFICIAL-R2:8_PER_CLASS-MR00,PhysioNetMI,RIE-TS-LR,A0-RAW-ACCEPT-ALL,P01-L1-LOW-CAL-OFFICIAL-R2:8_PER_CLASS,0,71,0,45,0.5573122529644269,0.5535714285714286,0.5555555555555556,0.5217391304347826
P02-A0-PhysioNetMI-RIE-TS-LR-P01-L1-LOW-CAL-OFFICIAL-R2:8_PER_CLASS-MR00,PhysioNetMI,RIE-TS-LR,A0-RAW-ACCEPT-ALL,P01-L1-LOW-CAL-OFFICIAL-R2:8_PER_CLASS,0,93,0,45,0.5,0.3382352941176471,0.5111111111111111,0.6699604743083004
P02-A0-PhysioNetMI-RIE-TS-LR-P01-L1-LOW-CAL-OFFICIAL-R2:8_PER_CLASS-MR00,PhysioNetMI,RIE-TS-LR,A0-RAW-ACCEPT-ALL,P01-L1-LOW-CAL-OFFICIAL-R2:8_PER_CLASS,0,98,0,45,0.48320158102766797,0.44976076555023925,0.4888888888888889,0.49209486166007904
P02-A0-PhysioNetMI-RIE-TS-LR-P01-L1-LOW-CAL-OFFICIAL-R2:8_PER_CLASS-MR00,PhysioNetMI,RIE-TS-LR,A0-RAW-ACCEPT-ALL,P01-L1-LOW-CAL-OFFICIAL-R2:8_PER_CLASS,0,107,0,45,0.5267857142857143,0.5248868778280543,0.5333333333333333,0.4484126984126984
P02-A0-PhysioNetMI-RIE-TS-LR-P01-L1-LOW-CAL-OFFICIAL-R2:16_PER_CLASS-MR00,PhysioNetMI,RIE-TS-LR,A0-RAW-ACCEPT-ALL,P01-L1-LOW-CAL-OFFICIAL-R2:16_PER_CLASS,0,6,0,45,0.5,0.34782608695652173,0.5333333333333333,0.5
P02-A0-PhysioNetMI-RIE-TS-LR-P01-L1-LOW-CAL-OFFICIAL-R2:16_PER_CLASS-MR00,PhysioNetMI,RIE-TS-LR,A0-RAW-ACCEPT-ALL,P01-L1-LOW-CAL-OFFICIAL-R2:16_PER_CLASS,0,27,0,45,0.6245059288537549,0.6192135390741662,0.6222222222222222,0.6264822134387352
P02-A0-PhysioNetMI-RIE-TS-LR-P01-L1-LOW-CAL-OFFICIAL-R2:16_PER_CLASS-MR00,PhysioNetMI,RIE-TS-LR,A0-RAW-ACCEPT-ALL,P01-L1-LOW-CAL-OFFICIAL-R2:16_PER_CLASS,0,39,0,45,0.41897233201581024,0.40789473684210525,0.4222222222222222,0.3814229249011858
P02-A0-PhysioNetMI-RIE-TS-LR-P01-L1-LOW-CAL-OFFICIAL-R2:16_PER_CLASS-MR00,PhysioNetMI,RIE-TS-LR,A0-RAW-ACCEPT-ALL,P01-L1-LOW-CAL-OFFICIAL-R2:16_PER_CLASS,0,40,0,45,0.5,0.3181818181818182,0.4666666666666667,0.45238095238095233
P02-A0-PhysioNetMI-RIE-TS-LR-P01-L1-LOW-CAL-OFFICIAL-R2:16_PER_CLASS-MR00,PhysioNetMI,RIE-TS-LR,A0-RAW-ACCEPT-ALL,P01-L1-LOW-CAL-OFFICIAL-R2:16_PER_CLASS,0,47,0,45,0.5,0.34782608695652173,0.5333333333333333,0.45238095238095233
P02-A0-PhysioNetMI-RIE-TS-LR-P01-L1-LOW-CAL-OFFICIAL-R2:16_PER_CLASS-MR00,PhysioNetMI,RIE-TS-LR,A0-RAW-ACCEPT-ALL,P01-L1-LOW-CAL-OFFICIAL-R2:16_PER_CLASS,0,48,0,45,0.6403162055335968,0.6296296296296297,0.6444444444444445,0.782608695652174
P02-A0-PhysioNetMI-RIE-TS-LR-P01-L1-LOW-CAL-OFFICIAL-R2:16_PER_CLASS-MR00,PhysioNetMI,RIE-TS-LR,A0-RAW-ACCEPT-ALL,P01-L1-LOW-CAL-OFFICIAL-R2:16_PER_CLASS,0,57,0,45,0.47619047619047616,0.3076923076923077,0.4444444444444444,0.5694444444444444
P02-A0-PhysioNetMI-RIE-TS-LR-P01-L1-LOW-CAL-OFFICIAL-R2:16_PER_CLASS-MR00,PhysioNetMI,RIE-TS-LR,A0-RAW-ACCEPT-ALL,P01-L1-LOW-CAL-OFFICIAL-R2:16_PER_CLASS,0,71,0,45,0.6719367588932806,0.6493506493506493,0.6666666666666666,0.7292490118577075
P02-A0-PhysioNetMI-RIE-TS-LR-P01-L1-LOW-CAL-OFFICIAL-R2:16_PER_CLASS-MR00,PhysioNetMI,RIE-TS-LR,A0-RAW-ACCEPT-ALL,P01-L1-LOW-CAL-OFFICIAL-R2:16_PER_CLASS,0,93,0,45,0.5869565217391304,0.4973544973544973,0.5777777777777777,0.8043478260869565
P02-A0-PhysioNetMI-RIE-TS-LR-P01-L1-LOW-CAL-OFFICIAL-R2:16_PER_CLASS-MR00,PhysioNetMI,RIE-TS-LR,A0-RAW-ACCEPT-ALL,P01-L1-LOW-CAL-OFFICIAL-R2:16_PER_CLASS,0,98,0,45,0.5988142292490118,0.5982142857142857,0.6,0.5770750988142292
P02-A0-PhysioNetMI-RIE-TS-LR-P01-L1-LOW-CAL-OFFICIAL-R2:16_PER_CLASS-MR00,PhysioNetMI,RIE-TS-LR,A0-RAW-ACCEPT-ALL,P01-L1-LOW-CAL-OFFICIAL-R2:16_PER_CLASS,0,107,0,45,0.5416666666666666,0.5296167247386759,0.5333333333333333,0.5257936507936507
P02-A0-PhysioNetMI-RIE-TS-LR-P01-L1-LOW-CAL-OFFICIAL-R2:32_PER_CLASS-MR00,PhysioNetMI,RIE-TS-LR,A0-RAW-ACCEPT-ALL,P01-L1-LOW-CAL-OFFICIAL-R2:32_PER_CLASS,0,6,0,45,0.5773809523809523,0.5769421078673924,0.5777777777777777,0.5634920634920635
P02-A0-PhysioNetMI-RIE-TS-LR-P01-L1-LOW-CAL-OFFICIAL-R2:32_PER_CLASS-MR00,PhysioNetMI,RIE-TS-LR,A0-RAW-ACCEPT-ALL,P01-L1-LOW-CAL-OFFICIAL-R2:32_PER_CLASS,0,27,0,45,0.4980237154150198,0.3915343915343915,0.4888888888888889,0.5770750988142292
P02-A0-PhysioNetMI-RIE-TS-LR-P01-L1-LOW-CAL-OFFICIAL-R2:32_PER_CLASS-MR00,PhysioNetMI,RIE-TS-LR,A0-RAW-ACCEPT-ALL,P01-L1-LOW-CAL-OFFICIAL-R2:32_PER_CLASS,0,39,0,45,0.47529644268774707,0.37788018433179726,0.4666666666666667,0.43478260869565216
P02-A0-PhysioNetMI-RIE-TS-LR-P01-L1-LOW-CAL-OFFICIAL-R2:32_PER_CLASS-MR00,PhysioNetMI,RIE-TS-LR,A0-RAW-ACCEPT-ALL,P01-L1-LOW-CAL-OFFICIAL-R2:32_PER_CLASS,0,40,0,45,0.40773809523809523,0.38550420168067223,0.4222222222222222,0.4345238095238096
P02-A0-PhysioNetMI-RIE-TS-LR-P01-L1-LOW-CAL-OFFICIAL-R2:32_PER_CLASS-MR00,PhysioNetMI,RIE-TS-LR,A0-RAW-ACCEPT-ALL,P01-L1-LOW-CAL-OFFICIAL-R2:32_PER_CLASS,0,47,0,45,0.4107142857142857,0.39814814814814814,0.4222222222222222,0.3928571428571428
P02-A0-PhysioNetMI-RIE-TS-LR-P01-L1-LOW-CAL-OFFICIAL-R2:32_PER_CLASS-MR00,PhysioNetMI,RIE-TS-LR,A0-RAW-ACCEPT-ALL,P01-L1-LOW-CAL-OFFICIAL-R2:32_PER_CLASS,0,48,0,45,0.6946640316205533,0.6691176470588236,0.6888888888888889,0.7509881422924901
P02-A0-PhysioNetMI-RIE-TS-LR-P01-L1-LOW-CAL-OFFICIAL-R2:32_PER_CLASS-MR00,PhysioNetMI,RIE-TS-LR,A0-RAW-ACCEPT-ALL,P01-L1-LOW-CAL-OFFICIAL-R2:32_PER_CLASS,0,57,0,45,0.5,0.3181818181818182,0.4666666666666667,0.5416666666666666
P02-A0-PhysioNetMI-RIE-TS-LR-P01-L1-LOW-CAL-OFFICIAL-R2:32_PER_CLASS-MR00,PhysioNetMI,RIE-TS-LR,A0-RAW-ACCEPT-ALL,P01-L1-LOW-CAL-OFFICIAL-R2:32_PER_CLASS,0,71,0,45,0.5701581027667983,0.5166760881854155,0.5777777777777777,0.8478260869565217
P02-A0-PhysioNetMI-RIE-TS-LR-P01-L1-LOW-CAL-OFFICIAL-R2:32_PER_CLASS-MR00,PhysioNetMI,RIE-TS-LR,A0-RAW-ACCEPT-ALL,P01-L1-LOW-CAL-OFFICIAL-R2:32_PER_CLASS,0,93,0,45,0.6511857707509882,0.6120689655172413,0.6444444444444445,0.7134387351778656
P02-A0-PhysioNetMI-RIE-TS-LR-P01-L1-LOW-CAL-OFFICIAL-R2:32_PER_CLASS-MR00,PhysioNetMI,RIE-TS-LR,A0-RAW-ACCEPT-ALL,P01-L1-LOW-CAL-OFFICIAL-R2:32_PER_CLASS,0,98,0,45,0.5138339920948617,0.505,0.5111111111111111,0.6146245059288538
P02-A0-PhysioNetMI-RIE-TS-LR-P01-L1-LOW-CAL-OFFICIAL-R2:32_PER_CLASS-MR00,PhysioNetMI,RIE-TS-LR,A0-RAW-ACCEPT-ALL,P01-L1-LOW-CAL-OFFICIAL-R2:32_PER_CLASS,0,107,0,45,0.44345238095238093,0.36961206896551724,0.4222222222222222,0.5396825396825398
P02-A0-BNCI2014_001-RIE-TS-LR-FULL_TRAIN-MR00,BNCI2014_001,RIE-TS-LR,A0-RAW-ACCEPT-ALL,FULL_TRAIN,0,7,0train,144,0.5763888888888888,0.5209162803381511,0.5763888888888888,0.6685956790123456
P02-A0-BNCI2014_001-RIE-TS-LR-FULL_TRAIN-MR00,BNCI2014_001,RIE-TS-LR,A0-RAW-ACCEPT-ALL,FULL_TRAIN,0,7,1test,144,0.6527777777777778,0.6410767696909272,0.6527777777777778,0.734375
P02-A0-BNCI2014_001-RIE-TS-LR-P01-L1-LOW-CAL-OFFICIAL-R2:1_PER_CLASS-MR00,BNCI2014_001,RIE-TS-LR,A0-RAW-ACCEPT-ALL,P01-L1-LOW-CAL-OFFICIAL-R2:1_PER_CLASS,0,7,0train,144,0.5208333333333333,0.43180648481729283,0.5208333333333334,0.6392746913580247
P02-A0-BNCI2014_001-RIE-TS-LR-P01-L1-LOW-CAL-OFFICIAL-R2:1_PER_CLASS-MR00,BNCI2014_001,RIE-TS-LR,A0-RAW-ACCEPT-ALL,P01-L1-LOW-CAL-OFFICIAL-R2:1_PER_CLASS,0,7,1test,144,0.5625,0.5607843137254902,0.5625,0.5530478395061728
P02-A0-BNCI2014_001-RIE-TS-LR-P01-L1-LOW-CAL-OFFICIAL-R2:2_PER_CLASS-MR00,BNCI2014_001,RIE-TS-LR,A0-RAW-ACCEPT-ALL,P01-L1-LOW-CAL-OFFICIAL-R2:2_PER_CLASS,0,7,0train,144,0.6041666666666667,0.5998244844229925,0.6041666666666666,0.6201774691358025
P02-A0-BNCI2014_001-RIE-TS-LR-P01-L1-LOW-CAL-OFFICIAL-R2:2_PER_CLASS-MR00,BNCI2014_001,RIE-TS-LR,A0-RAW-ACCEPT-ALL,P01-L1-LOW-CAL-OFFICIAL-R2:2_PER_CLASS,0,7,1test,144,0.5208333333333333,0.482903981264637,0.5208333333333334,0.5862268518518517
P02-A0-BNCI2014_001-RIE-TS-LR-P01-L1-LOW-CAL-OFFICIAL-R2:4_PER_CLASS-MR00,BNCI2014_001,RIE-TS-LR,A0-RAW-ACCEPT-ALL,P01-L1-LOW-CAL-OFFICIAL-R2:4_PER_CLASS,0,7,0train,144,0.5763888888888888,0.5305435305435305,0.5763888888888888,0.6649305555555556
P02-A0-BNCI2014_001-RIE-TS-LR-P01-L1-LOW-CAL-OFFICIAL-R2:4_PER_CLASS-MR00,BNCI2014_001,RIE-TS-LR,A0-RAW-ACCEPT-ALL,P01-L1-LOW-CAL-OFFICIAL-R2:4_PER_CLASS,0,7,1test,144,0.6041666666666666,0.6036888609917435,0.6041666666666666,0.6593364197530864
P02-A0-BNCI2014_001-RIE-TS-LR-P01-L1-LOW-CAL-OFFICIAL-R2:8_PER_CLASS-MR00,BNCI2014_001,RIE-TS-LR,A0-RAW-ACCEPT-ALL,P01-L1-LOW-CAL-OFFICIAL-R2:8_PER_CLASS,0,7,0train,144,0.4930555555555556,0.4874945151382185,0.4930555555555556,0.48668981481481477
P02-A0-BNCI2014_001-RIE-TS-LR-P01-L1-LOW-CAL-OFFICIAL-R2:8_PER_CLASS-MR00,BNCI2014_001,RIE-TS-LR,A0-RAW-ACCEPT-ALL,P01-L1-LOW-CAL-OFFICIAL-R2:8_PER_CLASS,0,7,1test,144,0.4791666666666667,0.4699386503067485,0.4791666666666667,0.48167438271604945
P02-A0-BNCI2014_001-RIE-TS-LR-P01-L1-LOW-CAL-OFFICIAL-R2:16_PER_CLASS-MR00,BNCI2014_001,RIE-TS-LR,A0-RAW-ACCEPT-ALL,P01-L1-LOW-CAL-OFFICIAL-R2:16_PER_CLASS,0,7,0train,144,0.5416666666666666,0.5033444816053512,0.5416666666666666,0.5835262345679012
P02-A0-BNCI2014_001-RIE-TS-LR-P01-L1-LOW-CAL-OFFICIAL-R2:16_PER_CLASS-MR00,BNCI2014_001,RIE-TS-LR,A0-RAW-ACCEPT-ALL,P01-L1-LOW-CAL-OFFICIAL-R2:16_PER_CLASS,0,7,1test,144,0.5,0.36703296703296706,0.5,0.5634645061728395
P02-A0-BNCI2014_001-RIE-TS-LR-P01-L1-LOW-CAL-OFFICIAL-R2:32_PER_CLASS-MR00,BNCI2014_001,RIE-TS-LR,A0-RAW-ACCEPT-ALL,P01-L1-LOW-CAL-OFFICIAL-R2:32_PER_CLASS,0,7,0train,144,0.5277777777777778,0.5274131274131274,0.5277777777777778,0.5657793209876544
P02-A0-BNCI2014_001-RIE-TS-LR-P01-L1-LOW-CAL-OFFICIAL-R2:32_PER_CLASS-MR00,BNCI2014_001,RIE-TS-LR,A0-RAW-ACCEPT-ALL,P01-L1-LOW-CAL-OFFICIAL-R2:32_PER_CLASS,0,7,1test,144,0.5138888888888888,0.4032678190859579,0.5138888888888888,0.49999999999999994
P02-A0-Lee2019_MI-RIE-TS-LR-FULL_TRAIN-MR00,Lee2019_MI,RIE-TS-LR,A0-RAW-ACCEPT-ALL,FULL_TRAIN,0,3,1,100,0.8799999999999999,0.8795664391810518,0.88,0.9735999999999999
P02-A0-Lee2019_MI-RIE-TS-LR-FULL_TRAIN-MR00,Lee2019_MI,RIE-TS-LR,A0-RAW-ACCEPT-ALL,FULL_TRAIN,0,6,1,100,0.51,0.38557993730407525,0.51,0.6608
P02-A0-Lee2019_MI-RIE-TS-LR-FULL_TRAIN-MR00,Lee2019_MI,RIE-TS-LR,A0-RAW-ACCEPT-ALL,FULL_TRAIN,0,15,1,100,0.69,0.6693333333333333,0.69,0.8564
P02-A0-Lee2019_MI-RIE-TS-LR-FULL_TRAIN-MR00,Lee2019_MI,RIE-TS-LR,A0-RAW-ACCEPT-ALL,FULL_TRAIN,0,19,1,100,0.87,0.8693598633303186,0.87,0.9492
P02-A0-Lee2019_MI-RIE-TS-LR-FULL_TRAIN-MR00,Lee2019_MI,RIE-TS-LR,A0-RAW-ACCEPT-ALL,FULL_TRAIN,0,30,1,100,0.53,0.39673982800667434,0.53,0.6796000000000001
P02-A0-Lee2019_MI-RIE-TS-LR-FULL_TRAIN-MR00,Lee2019_MI,RIE-TS-LR,A0-RAW-ACCEPT-ALL,FULL_TRAIN,0,36,1,100,1.0,1.0,1.0,1.0
P02-A0-Lee2019_MI-RIE-TS-LR-P01-L1-LOW-CAL-OFFICIAL-R2:1_PER_CLASS-MR00,Lee2019_MI,RIE-TS-LR,A0-RAW-ACCEPT-ALL,P01-L1-LOW-CAL-OFFICIAL-R2:1_PER_CLASS,0,3,1,100,0.53,0.4350282485875706,0.53,0.5004
P02-A0-Lee2019_MI-RIE-TS-LR-P01-L1-LOW-CAL-OFFICIAL-R2:1_PER_CLASS-MR00,Lee2019_MI,RIE-TS-LR,A0-RAW-ACCEPT-ALL,P01-L1-LOW-CAL-OFFICIAL-R2:1_PER_CLASS,0,6,1,100,0.48,0.38095238095238093,0.48,0.5152
P02-A0-Lee2019_MI-RIE-TS-LR-P01-L1-LOW-CAL-OFFICIAL-R2:1_PER_CLASS-MR00,Lee2019_MI,RIE-TS-LR,A0-RAW-ACCEPT-ALL,P01-L1-LOW-CAL-OFFICIAL-R2:1_PER_CLASS,0,15,1,100,0.5,0.3333333333333333,0.5,0.518
P02-A0-Lee2019_MI-RIE-TS-LR-P01-L1-LOW-CAL-OFFICIAL-R2:1_PER_CLASS-MR00,Lee2019_MI,RIE-TS-LR,A0-RAW-ACCEPT-ALL,P01-L1-LOW-CAL-OFFICIAL-R2:1_PER_CLASS,0,19,1,100,0.52,0.39117199391172,0.52,0.4972
P02-A0-Lee2019_MI-RIE-TS-LR-P01-L1-LOW-CAL-OFFICIAL-R2:1_PER_CLASS-MR00,Lee2019_MI,RIE-TS-LR,A0-RAW-ACCEPT-ALL,P01-L1-LOW-CAL-OFFICIAL-R2:1_PER_CLASS,0,30,1,100,0.45,0.338862844091838,0.45,0.5464
P02-A0-Lee2019_MI-RIE-TS-LR-P01-L1-LOW-CAL-OFFICIAL-R2:1_PER_CLASS-MR00,Lee2019_MI,RIE-TS-LR,A0-RAW-ACCEPT-ALL,P01-L1-LOW-CAL-OFFICIAL-R2:1_PER_CLASS,0,36,1,100,0.53,0.39673982800667434,0.53,0.7096
P02-A0-Lee2019_MI-RIE-TS-LR-P01-L1-LOW-CAL-OFFICIAL-R2:2_PER_CLASS-MR00,Lee2019_MI,RIE-TS-LR,A0-RAW-ACCEPT-ALL,P01-L1-LOW-CAL-OFFICIAL-R2:2_PER_CLASS,0,3,1,100,0.5,0.3333333333333333,0.5,0.5028
P02-A0-Lee2019_MI-RIE-TS-LR-P01-L1-LOW-CAL-OFFICIAL-R2:2_PER_CLASS-MR00,Lee2019_MI,RIE-TS-LR,A0-RAW-ACCEPT-ALL,P01-L1-LOW-CAL-OFFICIAL-R2:2_PER_CLASS,0,6,1,100,0.5,0.3333333333333333,0.5,0.45560000000000006
P02-A0-Lee2019_MI-RIE-TS-LR-P01-L1-LOW-CAL-OFFICIAL-R2:2_PER_CLASS-MR00,Lee2019_MI,RIE-TS-LR,A0-RAW-ACCEPT-ALL,P01-L1-LOW-CAL-OFFICIAL-R2:2_PER_CLASS,0,15,1,100,0.45,0.3732193732193732,0.45,0.35760000000000003
P02-A0-Lee2019_MI-RIE-TS-LR-P01-L1-LOW-CAL-OFFICIAL-R2:2_PER_CLASS-MR00,Lee2019_MI,RIE-TS-LR,A0-RAW-ACCEPT-ALL,P01-L1-LOW-CAL-OFFICIAL-R2:2_PER_CLASS,0,19,1,100,0.51,0.3551783129359126,0.51,0.4736
P02-A0-Lee2019_MI-RIE-TS-LR-P01-L1-LOW-CAL-OFFICIAL-R2:2_PER_CLASS-MR00,Lee2019_MI,RIE-TS-LR,A0-RAW-ACCEPT-ALL,P01-L1-LOW-CAL-OFFICIAL-R2:2_PER_CLASS,0,30,1,100,0.5,0.3333333333333333,0.5,0.4644
P02-A0-Lee2019_MI-RIE-TS-LR-P01-L1-LOW-CAL-OFFICIAL-R2:2_PER_CLASS-MR00,Lee2019_MI,RIE-TS-LR,A0-RAW-ACCEPT-ALL,P01-L1-LOW-CAL-OFFICIAL-R2:2_PER_CLASS,0,36,1,100,0.5,0.3333333333333333,0.5,0.7076000000000001
P02-A0-Lee2019_MI-RIE-TS-LR-P01-L1-LOW-CAL-OFFICIAL-R2:4_PER_CLASS-MR00,Lee2019_MI,RIE-TS-LR,A0-RAW-ACCEPT-ALL,P01-L1-LOW-CAL-OFFICIAL-R2:4_PER_CLASS,0,3,1,100,0.5,0.3333333333333333,0.5,0.4888
P02-A0-Lee2019_MI-RIE-TS-LR-P01-L1-LOW-CAL-OFFICIAL-R2:4_PER_CLASS-MR00,Lee2019_MI,RIE-TS-LR,A0-RAW-ACCEPT-ALL,P01-L1-LOW-CAL-OFFICIAL-R2:4_PER_CLASS,0,6,1,100,0.52,0.40476190476190477,0.52,0.47759999999999997
P02-A0-Lee2019_MI-RIE-TS-LR-P01-L1-LOW-CAL-OFFICIAL-R2:4_PER_CLASS-MR00,Lee2019_MI,RIE-TS-LR,A0-RAW-ACCEPT-ALL,P01-L1-LOW-CAL-OFFICIAL-R2:4_PER_CLASS,0,15,1,100,0.45999999999999996,0.4140625,0.46,0.38480000000000003
P02-A0-Lee2019_MI-RIE-TS-LR-P01-L1-LOW-CAL-OFFICIAL-R2:4_PER_CLASS-MR00,Lee2019_MI,RIE-TS-LR,A0-RAW-ACCEPT-ALL,P01-L1-LOW-CAL-OFFICIAL-R2:4_PER_CLASS,0,19,1,100,0.52,0.40476190476190477,0.52,0.4532
P02-A0-Lee2019_MI-RIE-TS-LR-P01-L1-LOW-CAL-OFFICIAL-R2:4_PER_CLASS-MR00,Lee2019_MI,RIE-TS-LR,A0-RAW-ACCEPT-ALL,P01-L1-LOW-CAL-OFFICIAL-R2:4_PER_CLASS,0,30,1,100,0.49,0.3288590604026846,0.49,0.5027999999999999
P02-A0-Lee2019_MI-RIE-TS-LR-P01-L1-LOW-CAL-OFFICIAL-R2:4_PER_CLASS-MR00,Lee2019_MI,RIE-TS-LR,A0-RAW-ACCEPT-ALL,P01-L1-LOW-CAL-OFFICIAL-R2:4_PER_CLASS,0,36,1,100,0.5,0.3333333333333333,0.5,0.6228
P02-A0-Lee2019_MI-RIE-TS-LR-P01-L1-LOW-CAL-OFFICIAL-R2:8_PER_CLASS-MR00,Lee2019_MI,RIE-TS-LR,A0-RAW-ACCEPT-ALL,P01-L1-LOW-CAL-OFFICIAL-R2:8_PER_CLASS,0,3,1,100,0.5900000000000001,0.5879811074263892,0.59,0.6476000000000001
P02-A0-Lee2019_MI-RIE-TS-LR-P01-L1-LOW-CAL-OFFICIAL-R2:8_PER_CLASS-MR00,Lee2019_MI,RIE-TS-LR,A0-RAW-ACCEPT-ALL,P01-L1-LOW-CAL-OFFICIAL-R2:8_PER_CLASS,0,6,1,100,0.44999999999999996,0.4373401534526854,0.45,0.5044
P02-A0-Lee2019_MI-RIE-TS-LR-P01-L1-LOW-CAL-OFFICIAL-R2:8_PER_CLASS-MR00,Lee2019_MI,RIE-TS-LR,A0-RAW-ACCEPT-ALL,P01-L1-LOW-CAL-OFFICIAL-R2:8_PER_CLASS,0,15,1,100,0.51,0.3551783129359126,0.51,0.6488
P02-A0-Lee2019_MI-RIE-TS-LR-P01-L1-LOW-CAL-OFFICIAL-R2:8_PER_CLASS-MR00,Lee2019_MI,RIE-TS-LR,A0-RAW-ACCEPT-ALL,P01-L1-LOW-CAL-OFFICIAL-R2:8_PER_CLASS,0,19,1,100,0.56,0.5452666391070691,0.56,0.62
P02-A0-Lee2019_MI-RIE-TS-LR-P01-L1-LOW-CAL-OFFICIAL-R2:8_PER_CLASS-MR00,Lee2019_MI,RIE-TS-LR,A0-RAW-ACCEPT-ALL,P01-L1-LOW-CAL-OFFICIAL-R2:8_PER_CLASS,0,30,1,100,0.5,0.3333333333333333,0.5,0.44360000000000005
P02-A0-Lee2019_MI-RIE-TS-LR-P01-L1-LOW-CAL-OFFICIAL-R2:8_PER_CLASS-MR00,Lee2019_MI,RIE-TS-LR,A0-RAW-ACCEPT-ALL,P01-L1-LOW-CAL-OFFICIAL-R2:8_PER_CLASS,0,36,1,100,0.6,0.595959595959596,0.6,0.7248
P02-A0-Lee2019_MI-RIE-TS-LR-P01-L1-LOW-CAL-OFFICIAL-R2:16_PER_CLASS-MR00,Lee2019_MI,RIE-TS-LR,A0-RAW-ACCEPT-ALL,P01-L1-LOW-CAL-OFFICIAL-R2:16_PER_CLASS,0,3,1,100,0.57,0.483110950835437,0.57,0.7180000000000001
P02-A0-Lee2019_MI-RIE-TS-LR-P01-L1-LOW-CAL-OFFICIAL-R2:16_PER_CLASS-MR00,Lee2019_MI,RIE-TS-LR,A0-RAW-ACCEPT-ALL,P01-L1-LOW-CAL-OFFICIAL-R2:16_PER_CLASS,0,6,1,100,0.5,0.4981934965877158,0.5,0.5187999999999999
P02-A0-Lee2019_MI-RIE-TS-LR-P01-L1-LOW-CAL-OFFICIAL-R2:16_PER_CLASS-MR00,Lee2019_MI,RIE-TS-LR,A0-RAW-ACCEPT-ALL,P01-L1-LOW-CAL-OFFICIAL-R2:16_PER_CLASS,0,15,1,100,0.6599999999999999,0.6594551282051282,0.66,0.7091999999999999
P02-A0-Lee2019_MI-RIE-TS-LR-P01-L1-LOW-CAL-OFFICIAL-R2:16_PER_CLASS-MR00,Lee2019_MI,RIE-TS-LR,A0-RAW-ACCEPT-ALL,P01-L1-LOW-CAL-OFFICIAL-R2:16_PER_CLASS,0,19,1,100,0.57,0.49286472461375164,0.57,0.6788
P02-A0-Lee2019_MI-RIE-TS-LR-P01-L1-LOW-CAL-OFFICIAL-R2:16_PER_CLASS-MR00,Lee2019_MI,RIE-TS-LR,A0-RAW-ACCEPT-ALL,P01-L1-LOW-CAL-OFFICIAL-R2:16_PER_CLASS,0,30,1,100,0.5,0.3333333333333333,0.5,0.46680000000000005
P02-A0-Lee2019_MI-RIE-TS-LR-P01-L1-LOW-CAL-OFFICIAL-R2:16_PER_CLASS-MR00,Lee2019_MI,RIE-TS-LR,A0-RAW-ACCEPT-ALL,P01-L1-LOW-CAL-OFFICIAL-R2:16_PER_CLASS,0,36,1,100,0.62,0.5634191176470589,0.62,0.8776
P02-A0-Lee2019_MI-RIE-TS-LR-P01-L1-LOW-CAL-OFFICIAL-R2:32_PER_CLASS-MR00,Lee2019_MI,RIE-TS-LR,A0-RAW-ACCEPT-ALL,P01-L1-LOW-CAL-OFFICIAL-R2:32_PER_CLASS,0,3,1,100,0.5,0.3333333333333333,0.5,0.6964000000000001
P02-A0-Lee2019_MI-RIE-TS-LR-P01-L1-LOW-CAL-OFFICIAL-R2:32_PER_CLASS-MR00,Lee2019_MI,RIE-TS-LR,A0-RAW-ACCEPT-ALL,P01-L1-LOW-CAL-OFFICIAL-R2:32_PER_CLASS,0,6,1,100,0.53,0.4643874643874644,0.53,0.5264
P02-A0-Lee2019_MI-RIE-TS-LR-P01-L1-LOW-CAL-OFFICIAL-R2:32_PER_CLASS-MR00,Lee2019_MI,RIE-TS-LR,A0-RAW-ACCEPT-ALL,P01-L1-LOW-CAL-OFFICIAL-R2:32_PER_CLASS,0,15,1,100,0.48,0.32432432432432434,0.48,0.6136
P02-A0-Lee2019_MI-RIE-TS-LR-P01-L1-LOW-CAL-OFFICIAL-R2:32_PER_CLASS-MR00,Lee2019_MI,RIE-TS-LR,A0-RAW-ACCEPT-ALL,P01-L1-LOW-CAL-OFFICIAL-R2:32_PER_CLASS,0,19,1,100,0.63,0.6093337556752191,0.63,0.7011999999999999
P02-A0-Lee2019_MI-RIE-TS-LR-P01-L1-LOW-CAL-OFFICIAL-R2:32_PER_CLASS-MR00,Lee2019_MI,RIE-TS-LR,A0-RAW-ACCEPT-ALL,P01-L1-LOW-CAL-OFFICIAL-R2:32_PER_CLASS,0,30,1,100,0.52,0.40476190476190477,0.52,0.5092
P02-A0-Lee2019_MI-RIE-TS-LR-P01-L1-LOW-CAL-OFFICIAL-R2:32_PER_CLASS-MR00,Lee2019_MI,RIE-TS-LR,A0-RAW-ACCEPT-ALL,P01-L1-LOW-CAL-OFFICIAL-R2:32_PER_CLASS,0,36,1,100,0.51,0.3551783129359126,0.51,0.9368000000000001
P02-A0-PhysioNetMI-RIE-EA-TS-FULL_TRAIN-MR00,PhysioNetMI,RIE-EA-TS,A0-RAW-ACCEPT-ALL,FULL_TRAIN,0,6,0,45,0.5059523809523809,0.4623376623376623,0.4888888888888889,0.49404761904761907
P02-A0-PhysioNetMI-RIE-EA-TS-FULL_TRAIN-MR00,PhysioNetMI,RIE-EA-TS,A0-RAW-ACCEPT-ALL,FULL_TRAIN,0,27,0,45,0.5533596837944664,0.55,0.5555555555555556,0.5118577075098815
P02-A0-PhysioNetMI-RIE-EA-TS-FULL_TRAIN-MR00,PhysioNetMI,RIE-EA-TS,A0-RAW-ACCEPT-ALL,FULL_TRAIN,0,39,0,45,0.5612648221343874,0.5273109243697479,0.5555555555555556,0.5889328063241106
P02-A0-PhysioNetMI-RIE-EA-TS-FULL_TRAIN-MR00,PhysioNetMI,RIE-EA-TS,A0-RAW-ACCEPT-ALL,FULL_TRAIN,0,40,0,45,0.6011904761904763,0.599802371541502,0.6,0.6051587301587302
P02-A0-PhysioNetMI-RIE-EA-TS-FULL_TRAIN-MR00,PhysioNetMI,RIE-EA-TS,A0-RAW-ACCEPT-ALL,FULL_TRAIN,0,47,0,45,0.5327380952380952,0.5324096981692232,0.5333333333333333,0.5892857142857142
P02-A0-PhysioNetMI-RIE-EA-TS-FULL_TRAIN-MR00,PhysioNetMI,RIE-EA-TS,A0-RAW-ACCEPT-ALL,FULL_TRAIN,0,48,0,45,0.7579051383399209,0.7536087605774017,0.7555555555555555,0.8122529644268774
P02-A0-PhysioNetMI-RIE-EA-TS-FULL_TRAIN-MR00,PhysioNetMI,RIE-EA-TS,A0-RAW-ACCEPT-ALL,FULL_TRAIN,0,57,0,45,0.6845238095238095,0.685,0.6888888888888889,0.7817460317460317
P02-A0-PhysioNetMI-RIE-EA-TS-FULL_TRAIN-MR00,PhysioNetMI,RIE-EA-TS,A0-RAW-ACCEPT-ALL,FULL_TRAIN,0,71,0,45,0.6086956521739131,0.533410138248848,0.6,0.9407114624505928
P02-A0-PhysioNetMI-RIE-EA-TS-FULL_TRAIN-MR00,PhysioNetMI,RIE-EA-TS,A0-RAW-ACCEPT-ALL,FULL_TRAIN,0,93,0,45,0.8883399209486166,0.8886689757545769,0.8888888888888888,0.9169960474308301
P02-A0-PhysioNetMI-RIE-EA-TS-FULL_TRAIN-MR00,PhysioNetMI,RIE-EA-TS,A0-RAW-ACCEPT-ALL,FULL_TRAIN,0,98,0,45,0.5563241106719368,0.5553359683794465,0.5555555555555556,0.6007905138339922
P02-A0-PhysioNetMI-RIE-EA-TS-FULL_TRAIN-MR00,PhysioNetMI,RIE-EA-TS,A0-RAW-ACCEPT-ALL,FULL_TRAIN,0,107,0,45,0.5476190476190477,0.445165476963011,0.5777777777777777,0.7956349206349207
P02-A0-BNCI2014_001-RIE-EA-TS-FULL_TRAIN-MR00,BNCI2014_001,RIE-EA-TS,A0-RAW-ACCEPT-ALL,FULL_TRAIN,0,7,0train,144,0.5694444444444444,0.515625,0.5694444444444444,0.6684027777777777
P02-A0-BNCI2014_001-RIE-EA-TS-FULL_TRAIN-MR00,BNCI2014_001,RIE-EA-TS,A0-RAW-ACCEPT-ALL,FULL_TRAIN,0,7,1test,144,0.6527777777777778,0.6410767696909272,0.6527777777777778,0.7351466049382716
P02-A0-Lee2019_MI-RIE-EA-TS-FULL_TRAIN-MR00,Lee2019_MI,RIE-EA-TS,A0-RAW-ACCEPT-ALL,FULL_TRAIN,0,3,1,100,0.8899999999999999,0.8894583458948849,0.89,0.9735999999999999
P02-A0-Lee2019_MI-RIE-EA-TS-FULL_TRAIN-MR00,Lee2019_MI,RIE-EA-TS,A0-RAW-ACCEPT-ALL,FULL_TRAIN,0,6,1,100,0.53,0.4233836339099497,0.53,0.6616000000000001
P02-A0-Lee2019_MI-RIE-EA-TS-FULL_TRAIN-MR00,Lee2019_MI,RIE-EA-TS,A0-RAW-ACCEPT-ALL,FULL_TRAIN,0,15,1,100,0.69,0.6756982948007113,0.69,0.8588
P02-A0-Lee2019_MI-RIE-EA-TS-FULL_TRAIN-MR00,Lee2019_MI,RIE-EA-TS,A0-RAW-ACCEPT-ALL,FULL_TRAIN,0,19,1,100,0.87,0.8693598633303186,0.87,0.9503999999999999
P02-A0-Lee2019_MI-RIE-EA-TS-FULL_TRAIN-MR00,Lee2019_MI,RIE-EA-TS,A0-RAW-ACCEPT-ALL,FULL_TRAIN,0,30,1,100,0.53,0.39673982800667434,0.53,0.676
P02-A0-Lee2019_MI-RIE-EA-TS-FULL_TRAIN-MR00,Lee2019_MI,RIE-EA-TS,A0-RAW-ACCEPT-ALL,FULL_TRAIN,0,36,1,100,1.0,1.0,1.0,1.0
P02-A0-PhysioNetMI-RIE-MDM-FULL_TRAIN-MR00,PhysioNetMI,RIE-MDM,A0-RAW-ACCEPT-ALL,FULL_TRAIN,0,6,0,45,0.5089285714285714,0.4444444444444444,0.5333333333333333,0.5
P02-A0-PhysioNetMI-RIE-MDM-FULL_TRAIN-MR00,PhysioNetMI,RIE-MDM,A0-RAW-ACCEPT-ALL,FULL_TRAIN,0,27,0,45,0.5,0.3283582089552239,0.4888888888888889,0.5810276679841897
P02-A0-PhysioNetMI-RIE-MDM-FULL_TRAIN-MR00,PhysioNetMI,RIE-MDM,A0-RAW-ACCEPT-ALL,FULL_TRAIN,0,39,0,45,0.5,0.3283582089552239,0.4888888888888889,0.5553359683794467
P02-A0-PhysioNetMI-RIE-MDM-FULL_TRAIN-MR00,PhysioNetMI,RIE-MDM,A0-RAW-ACCEPT-ALL,FULL_TRAIN,0,40,0,45,0.5,0.34782608695652173,0.5333333333333333,0.6051587301587302
P02-A0-PhysioNetMI-RIE-MDM-FULL_TRAIN-MR00,PhysioNetMI,RIE-MDM,A0-RAW-ACCEPT-ALL,FULL_TRAIN,0,47,0,45,0.5,0.34782608695652173,0.5333333333333333,0.5119047619047619
P02-A0-PhysioNetMI-RIE-MDM-FULL_TRAIN-MR00,PhysioNetMI,RIE-MDM,A0-RAW-ACCEPT-ALL,FULL_TRAIN,0,48,0,45,0.5,0.3382352941176471,0.5111111111111111,0.8142292490118578
P02-A0-PhysioNetMI-RIE-MDM-FULL_TRAIN-MR00,PhysioNetMI,RIE-MDM,A0-RAW-ACCEPT-ALL,FULL_TRAIN,0,57,0,45,0.5,0.3181818181818182,0.4666666666666667,0.628968253968254
P02-A0-PhysioNetMI-RIE-MDM-FULL_TRAIN-MR00,PhysioNetMI,RIE-MDM,A0-RAW-ACCEPT-ALL,FULL_TRAIN,0,71,0,45,0.6383399209486166,0.6120689655172413,0.6444444444444445,0.6521739130434783
P02-A0-PhysioNetMI-RIE-MDM-FULL_TRAIN-MR00,PhysioNetMI,RIE-MDM,A0-RAW-ACCEPT-ALL,FULL_TRAIN,0,93,0,45,0.5454545454545454,0.4318181818181818,0.5555555555555556,0.9031620553359685
P02-A0-PhysioNetMI-RIE-MDM-FULL_TRAIN-MR00,PhysioNetMI,RIE-MDM,A0-RAW-ACCEPT-ALL,FULL_TRAIN,0,98,0,45,0.5,0.3382352941176471,0.5111111111111111,0.5889328063241107
P02-A0-PhysioNetMI-RIE-MDM-FULL_TRAIN-MR00,PhysioNetMI,RIE-MDM,A0-RAW-ACCEPT-ALL,FULL_TRAIN,0,107,0,45,0.41666666666666663,0.3688311688311688,0.4,0.5496031746031745
P02-A0-BNCI2014_001-RIE-MDM-FULL_TRAIN-MR00,BNCI2014_001,RIE-MDM,A0-RAW-ACCEPT-ALL,FULL_TRAIN,0,7,0train,144,0.5,0.3333333333333333,0.5,0.7341820987654321
P02-A0-BNCI2014_001-RIE-MDM-FULL_TRAIN-MR00,BNCI2014_001,RIE-MDM,A0-RAW-ACCEPT-ALL,FULL_TRAIN,0,7,1test,144,0.5277777777777778,0.4115384615384616,0.5277777777777778,0.7175925925925926
P02-A0-Lee2019_MI-RIE-MDM-FULL_TRAIN-MR00,Lee2019_MI,RIE-MDM,A0-RAW-ACCEPT-ALL,FULL_TRAIN,0,3,1,100,0.61,0.5555555555555556,0.61,0.7648
P02-A0-Lee2019_MI-RIE-MDM-FULL_TRAIN-MR00,Lee2019_MI,RIE-MDM,A0-RAW-ACCEPT-ALL,FULL_TRAIN,0,6,1,100,0.49,0.3288590604026846,0.49,0.6232
P02-A0-Lee2019_MI-RIE-MDM-FULL_TRAIN-MR00,Lee2019_MI,RIE-MDM,A0-RAW-ACCEPT-ALL,FULL_TRAIN,0,15,1,100,0.76,0.76,0.76,0.836
P02-A0-Lee2019_MI-RIE-MDM-FULL_TRAIN-MR00,Lee2019_MI,RIE-MDM,A0-RAW-ACCEPT-ALL,FULL_TRAIN,0,19,1,100,0.65,0.612789025334661,0.65,0.8064000000000001
P02-A0-Lee2019_MI-RIE-MDM-FULL_TRAIN-MR00,Lee2019_MI,RIE-MDM,A0-RAW-ACCEPT-ALL,FULL_TRAIN,0,30,1,100,0.54,0.44147644487615345,0.54,0.6636
P02-A0-Lee2019_MI-RIE-MDM-FULL_TRAIN-MR00,Lee2019_MI,RIE-MDM,A0-RAW-ACCEPT-ALL,FULL_TRAIN,0,36,1,100,0.63,0.5713127099988413,0.63,0.9864
P02-A0-PhysioNetMI-DNN-EEGNET-FULL_TRAIN-MR00,PhysioNetMI,DNN-EEGNET,A0-RAW-ACCEPT-ALL,FULL_TRAIN,0,6,0,45,0.5625,0.5454545454545454,0.5777777777777777,0.5376984126984127
P02-A0-PhysioNetMI-DNN-EEGNET-FULL_TRAIN-MR00,PhysioNetMI,DNN-EEGNET,A0-RAW-ACCEPT-ALL,FULL_TRAIN,0,27,0,45,0.5810276679841897,0.5701357466063348,0.5777777777777777,0.6225296442687747
P02-A0-PhysioNetMI-DNN-EEGNET-FULL_TRAIN-MR00,PhysioNetMI,DNN-EEGNET,A0-RAW-ACCEPT-ALL,FULL_TRAIN,0,39,0,45,0.6047430830039526,0.5833333333333333,0.6,0.6343873517786561
P02-A0-PhysioNetMI-DNN-EEGNET-FULL_TRAIN-MR00,PhysioNetMI,DNN-EEGNET,A0-RAW-ACCEPT-ALL,FULL_TRAIN,0,40,0,45,0.49404761904761907,0.48787728847105394,0.4888888888888889,0.5972222222222222
P02-A0-PhysioNetMI-DNN-EEGNET-FULL_TRAIN-MR00,PhysioNetMI,DNN-EEGNET,A0-RAW-ACCEPT-ALL,FULL_TRAIN,0,47,0,45,0.5297619047619048,0.4591346153846154,0.5555555555555556,0.5257936507936508
P02-A0-PhysioNetMI-DNN-EEGNET-FULL_TRAIN-MR00,PhysioNetMI,DNN-EEGNET,A0-RAW-ACCEPT-ALL,FULL_TRAIN,0,48,0,45,0.8260869565217391,0.8178137651821862,0.8222222222222222,0.8656126482213439
P02-A0-PhysioNetMI-DNN-EEGNET-FULL_TRAIN-MR00,PhysioNetMI,DNN-EEGNET,A0-RAW-ACCEPT-ALL,FULL_TRAIN,0,57,0,45,0.5982142857142857,0.5982142857142857,0.6,0.6825396825396824
P02-A0-PhysioNetMI-DNN-EEGNET-FULL_TRAIN-MR00,PhysioNetMI,DNN-EEGNET,A0-RAW-ACCEPT-ALL,FULL_TRAIN,0,71,0,45,0.8695652173913043,0.865,0.8666666666666667,0.9940711462450593
P02-A0-PhysioNetMI-DNN-EEGNET-FULL_TRAIN-MR00,PhysioNetMI,DNN-EEGNET,A0-RAW-ACCEPT-ALL,FULL_TRAIN,0,93,0,45,0.8873517786561265,0.8880039820806371,0.8888888888888888,0.9802371541501976
P02-A0-PhysioNetMI-DNN-EEGNET-FULL_TRAIN-MR00,PhysioNetMI,DNN-EEGNET,A0-RAW-ACCEPT-ALL,FULL_TRAIN,0,98,0,45,0.5088932806324111,0.505,0.5111111111111111,0.5612648221343874
P02-A0-PhysioNetMI-DNN-EEGNET-FULL_TRAIN-MR00,PhysioNetMI,DNN-EEGNET,A0-RAW-ACCEPT-ALL,FULL_TRAIN,0,107,0,45,0.6041666666666666,0.5817386550027337,0.6222222222222222,0.75
P02-A0-PhysioNetMI-DNN-EEGNET-FULL_TRAIN-MR01,PhysioNetMI,DNN-EEGNET,A0-RAW-ACCEPT-ALL,FULL_TRAIN,1,6,0,45,0.4880952380952381,0.48787728847105394,0.4888888888888889,0.5099206349206349
P02-A0-PhysioNetMI-DNN-EEGNET-FULL_TRAIN-MR01,PhysioNetMI,DNN-EEGNET,A0-RAW-ACCEPT-ALL,FULL_TRAIN,1,27,0,45,0.5810276679841897,0.5701357466063348,0.5777777777777777,0.6541501976284585
P02-A0-PhysioNetMI-DNN-EEGNET-FULL_TRAIN-MR01,PhysioNetMI,DNN-EEGNET,A0-RAW-ACCEPT-ALL,FULL_TRAIN,1,39,0,45,0.6007905138339921,0.599802371541502,0.6,0.6106719367588933
P02-A0-PhysioNetMI-DNN-EEGNET-FULL_TRAIN-MR01,PhysioNetMI,DNN-EEGNET,A0-RAW-ACCEPT-ALL,FULL_TRAIN,1,40,0,45,0.5297619047619048,0.5296167247386759,0.5333333333333333,0.5496031746031746
P02-A0-PhysioNetMI-DNN-EEGNET-FULL_TRAIN-MR01,PhysioNetMI,DNN-EEGNET,A0-RAW-ACCEPT-ALL,FULL_TRAIN,1,47,0,45,0.5,0.4796380090497738,0.4888888888888889,0.5297619047619048
P02-A0-PhysioNetMI-DNN-EEGNET-FULL_TRAIN-MR01,PhysioNetMI,DNN-EEGNET,A0-RAW-ACCEPT-ALL,FULL_TRAIN,1,48,0,45,0.7381422924901186,0.7222222222222222,0.7333333333333333,0.7806324110671937
P02-A0-PhysioNetMI-DNN-EEGNET-FULL_TRAIN-MR01,PhysioNetMI,DNN-EEGNET,A0-RAW-ACCEPT-ALL,FULL_TRAIN,1,57,0,45,0.6130952380952381,0.6098929117797043,0.6222222222222222,0.7261904761904762
P02-A0-PhysioNetMI-DNN-EEGNET-FULL_TRAIN-MR01,PhysioNetMI,DNN-EEGNET,A0-RAW-ACCEPT-ALL,FULL_TRAIN,1,71,0,45,0.8478260869565217,0.8416289592760181,0.8444444444444444,0.9802371541501976
P02-A0-PhysioNetMI-DNN-EEGNET-FULL_TRAIN-MR01,PhysioNetMI,DNN-EEGNET,A0-RAW-ACCEPT-ALL,FULL_TRAIN,1,93,0,45,0.8003952569169961,0.8,0.8,0.8952569169960475
P02-A0-PhysioNetMI-DNN-EEGNET-FULL_TRAIN-MR01,PhysioNetMI,DNN-EEGNET,A0-RAW-ACCEPT-ALL,FULL_TRAIN,1,98,0,45,0.5731225296442688,0.5558441558441558,0.5777777777777777,0.5770750988142292
P02-A0-PhysioNetMI-DNN-EEGNET-FULL_TRAIN-MR01,PhysioNetMI,DNN-EEGNET,A0-RAW-ACCEPT-ALL,FULL_TRAIN,1,107,0,45,0.6636904761904763,0.6640119462419114,0.6666666666666666,0.6626984126984127
P02-A0-PhysioNetMI-DNN-EEGNET-FULL_TRAIN-MR02,PhysioNetMI,DNN-EEGNET,A0-RAW-ACCEPT-ALL,FULL_TRAIN,2,6,0,45,0.48809523809523814,0.42972350230414746,0.5111111111111111,0.5416666666666666
P02-A0-PhysioNetMI-DNN-EEGNET-FULL_TRAIN-MR02,PhysioNetMI,DNN-EEGNET,A0-RAW-ACCEPT-ALL,FULL_TRAIN,2,27,0,45,0.5158102766798419,0.4907407407407407,0.5111111111111111,0.6403162055335969
P02-A0-PhysioNetMI-DNN-EEGNET-FULL_TRAIN-MR02,PhysioNetMI,DNN-EEGNET,A0-RAW-ACCEPT-ALL,FULL_TRAIN,2,39,0,45,0.5563241106719368,0.5553359683794465,0.5555555555555556,0.5533596837944664
P02-A0-PhysioNetMI-DNN-EEGNET-FULL_TRAIN-MR02,PhysioNetMI,DNN-EEGNET,A0-RAW-ACCEPT-ALL,FULL_TRAIN,2,40,0,45,0.48214285714285715,0.4444444444444444,0.4666666666666667,0.513888888888889
P02-A0-PhysioNetMI-DNN-EEGNET-FULL_TRAIN-MR02,PhysioNetMI,DNN-EEGNET,A0-RAW-ACCEPT-ALL,FULL_TRAIN,2,47,0,45,0.5297619047619048,0.4591346153846154,0.5555555555555556,0.5674603174603174
P02-A0-PhysioNetMI-DNN-EEGNET-FULL_TRAIN-MR02,PhysioNetMI,DNN-EEGNET,A0-RAW-ACCEPT-ALL,FULL_TRAIN,2,48,0,45,0.7608695652173914,0.7428571428571429,0.7555555555555555,0.8438735177865613
P02-A0-PhysioNetMI-DNN-EEGNET-FULL_TRAIN-MR02,PhysioNetMI,DNN-EEGNET,A0-RAW-ACCEPT-ALL,FULL_TRAIN,2,57,0,45,0.6666666666666666,0.6660069272637308,0.6666666666666666,0.7341269841269841
P02-A0-PhysioNetMI-DNN-EEGNET-FULL_TRAIN-MR02,PhysioNetMI,DNN-EEGNET,A0-RAW-ACCEPT-ALL,FULL_TRAIN,2,71,0,45,0.7826086956521738,0.7685185185185185,0.7777777777777778,0.9822134387351779
P02-A0-PhysioNetMI-DNN-EEGNET-FULL_TRAIN-MR02,PhysioNetMI,DNN-EEGNET,A0-RAW-ACCEPT-ALL,FULL_TRAIN,2,93,0,45,0.8211462450592886,0.8214285714285714,0.8222222222222222,0.924901185770751
P02-A0-PhysioNetMI-DNN-EEGNET-FULL_TRAIN-MR02,PhysioNetMI,DNN-EEGNET,A0-RAW-ACCEPT-ALL,FULL_TRAIN,2,98,0,45,0.48320158102766797,0.44976076555023925,0.4888888888888889,0.5632411067193677
P02-A0-PhysioNetMI-DNN-EEGNET-FULL_TRAIN-MR02,PhysioNetMI,DNN-EEGNET,A0-RAW-ACCEPT-ALL,FULL_TRAIN,2,107,0,45,0.5625,0.5454545454545454,0.5777777777777777,0.6527777777777778
P02-A0-PhysioNetMI-DNN-EEGNET-FULL_TRAIN-MR03,PhysioNetMI,DNN-EEGNET,A0-RAW-ACCEPT-ALL,FULL_TRAIN,3,6,0,45,0.5446428571428572,0.537037037037037,0.5555555555555556,0.5158730158730158
P02-A0-PhysioNetMI-DNN-EEGNET-FULL_TRAIN-MR03,PhysioNetMI,DNN-EEGNET,A0-RAW-ACCEPT-ALL,FULL_TRAIN,3,27,0,45,0.5820158102766798,0.5639979602243753,0.5777777777777777,0.6027667984189724
P02-A0-PhysioNetMI-DNN-EEGNET-FULL_TRAIN-MR03,PhysioNetMI,DNN-EEGNET,A0-RAW-ACCEPT-ALL,FULL_TRAIN,3,39,0,45,0.6225296442687747,0.6222222222222222,0.6222222222222222,0.5810276679841897
P02-A0-PhysioNetMI-DNN-EEGNET-FULL_TRAIN-MR03,PhysioNetMI,DNN-EEGNET,A0-RAW-ACCEPT-ALL,FULL_TRAIN,3,40,0,45,0.6190476190476191,0.6192135390741662,0.6222222222222222,0.628968253968254
P02-A0-PhysioNetMI-DNN-EEGNET-FULL_TRAIN-MR03,PhysioNetMI,DNN-EEGNET,A0-RAW-ACCEPT-ALL,FULL_TRAIN,3,47,0,45,0.47023809523809523,0.434117003827228,0.4888888888888889,0.5555555555555556
P02-A0-PhysioNetMI-DNN-EEGNET-FULL_TRAIN-MR03,PhysioNetMI,DNN-EEGNET,A0-RAW-ACCEPT-ALL,FULL_TRAIN,3,48,0,45,0.7598814229249011,0.7475777664456911,0.7555555555555555,0.7905138339920948
P02-A0-PhysioNetMI-DNN-EEGNET-FULL_TRAIN-MR03,PhysioNetMI,DNN-EEGNET,A0-RAW-ACCEPT-ALL,FULL_TRAIN,3,57,0,45,0.6309523809523809,0.6192135390741662,0.6222222222222222,0.7539682539682538
P02-A0-PhysioNetMI-DNN-EEGNET-FULL_TRAIN-MR03,PhysioNetMI,DNN-EEGNET,A0-RAW-ACCEPT-ALL,FULL_TRAIN,3,71,0,45,0.8695652173913043,0.865,0.8666666666666667,0.9565217391304348
P02-A0-PhysioNetMI-DNN-EEGNET-FULL_TRAIN-MR03,PhysioNetMI,DNN-EEGNET,A0-RAW-ACCEPT-ALL,FULL_TRAIN,3,93,0,45,0.8013833992094861,0.7996041563582384,0.8,0.9130434782608696
P02-A0-PhysioNetMI-DNN-EEGNET-FULL_TRAIN-MR03,PhysioNetMI,DNN-EEGNET,A0-RAW-ACCEPT-ALL,FULL_TRAIN,3,98,0,45,0.5948616600790514,0.5745798319327731,0.6,0.6442687747035574
P02-A0-PhysioNetMI-DNN-EEGNET-FULL_TRAIN-MR03,PhysioNetMI,DNN-EEGNET,A0-RAW-ACCEPT-ALL,FULL_TRAIN,3,107,0,45,0.5327380952380952,0.5324096981692232,0.5333333333333333,0.5972222222222222
P02-A0-PhysioNetMI-DNN-EEGNET-FULL_TRAIN-MR04,PhysioNetMI,DNN-EEGNET,A0-RAW-ACCEPT-ALL,FULL_TRAIN,4,6,0,45,0.48511904761904756,0.48481831757093086,0.4888888888888889,0.5337301587301587
P02-A0-PhysioNetMI-DNN-EEGNET-FULL_TRAIN-MR04,PhysioNetMI,DNN-EEGNET,A0-RAW-ACCEPT-ALL,FULL_TRAIN,4,27,0,45,0.6057312252964426,0.5745798319327731,0.6,0.733201581027668
P02-A0-PhysioNetMI-DNN-EEGNET-FULL_TRAIN-MR04,PhysioNetMI,DNN-EEGNET,A0-RAW-ACCEPT-ALL,FULL_TRAIN,4,39,0,45,0.6254940711462451,0.6153846153846154,0.6222222222222222,0.5948616600790515
P02-A0-PhysioNetMI-DNN-EEGNET-FULL_TRAIN-MR04,PhysioNetMI,DNN-EEGNET,A0-RAW-ACCEPT-ALL,FULL_TRAIN,4,40,0,45,0.5357142857142857,0.5333333333333333,0.5333333333333333,0.5297619047619048
P02-A0-PhysioNetMI-DNN-EEGNET-FULL_TRAIN-MR04,PhysioNetMI,DNN-EEGNET,A0-RAW-ACCEPT-ALL,FULL_TRAIN,4,47,0,45,0.5119047619047619,0.465799886941775,0.5333333333333333,0.5218253968253967
P02-A0-PhysioNetMI-DNN-EEGNET-FULL_TRAIN-MR04,PhysioNetMI,DNN-EEGNET,A0-RAW-ACCEPT-ALL,FULL_TRAIN,4,48,0,45,0.7371541501976284,0.7267206477732794,0.7333333333333333,0.8379446640316206
P02-A0-PhysioNetMI-DNN-EEGNET-FULL_TRAIN-MR04,PhysioNetMI,DNN-EEGNET,A0-RAW-ACCEPT-ALL,FULL_TRAIN,4,57,0,45,0.6428571428571428,0.6428571428571428,0.6444444444444445,0.7162698412698413
P02-A0-PhysioNetMI-DNN-EEGNET-FULL_TRAIN-MR04,PhysioNetMI,DNN-EEGNET,A0-RAW-ACCEPT-ALL,FULL_TRAIN,4,71,0,45,0.8043478260869565,0.7934727180010199,0.8,0.9822134387351777
P02-A0-PhysioNetMI-DNN-EEGNET-FULL_TRAIN-MR04,PhysioNetMI,DNN-EEGNET,A0-RAW-ACCEPT-ALL,FULL_TRAIN,4,93,0,45,0.8458498023715415,0.8441365660564077,0.8444444444444444,0.9525691699604744
P02-A0-PhysioNetMI-DNN-EEGNET-FULL_TRAIN-MR04,PhysioNetMI,DNN-EEGNET,A0-RAW-ACCEPT-ALL,FULL_TRAIN,4,98,0,45,0.5098814229249011,0.5089285714285714,0.5111111111111111,0.616600790513834
P02-A0-PhysioNetMI-DNN-EEGNET-FULL_TRAIN-MR04,PhysioNetMI,DNN-EEGNET,A0-RAW-ACCEPT-ALL,FULL_TRAIN,4,107,0,45,0.5297619047619048,0.4591346153846154,0.5555555555555556,0.7142857142857143
P02-A0-PhysioNetMI-DNN-EEGNET-P01-L1-LOW-CAL-OFFICIAL-R2:1_PER_CLASS-MR00,PhysioNetMI,DNN-EEGNET,A0-RAW-ACCEPT-ALL,P01-L1-LOW-CAL-OFFICIAL-R2:1_PER_CLASS,0,6,0,45,0.5089285714285714,0.4444444444444444,0.5333333333333333,0.5416666666666666
P02-A0-PhysioNetMI-DNN-EEGNET-P01-L1-LOW-CAL-OFFICIAL-R2:1_PER_CLASS-MR00,PhysioNetMI,DNN-EEGNET,A0-RAW-ACCEPT-ALL,P01-L1-LOW-CAL-OFFICIAL-R2:1_PER_CLASS,0,27,0,45,0.4841897233201581,0.4623376623376623,0.4888888888888889,0.45454545454545453
P02-A0-PhysioNetMI-DNN-EEGNET-P01-L1-LOW-CAL-OFFICIAL-R2:1_PER_CLASS-MR00,PhysioNetMI,DNN-EEGNET,A0-RAW-ACCEPT-ALL,P01-L1-LOW-CAL-OFFICIAL-R2:1_PER_CLASS,0,39,0,45,0.3330039525691699,0.3330039525691699,0.3333333333333333,0.38537549407114624
P02-A0-PhysioNetMI-DNN-EEGNET-P01-L1-LOW-CAL-OFFICIAL-R2:1_PER_CLASS-MR00,PhysioNetMI,DNN-EEGNET,A0-RAW-ACCEPT-ALL,P01-L1-LOW-CAL-OFFICIAL-R2:1_PER_CLASS,0,40,0,45,0.5178571428571428,0.3915343915343915,0.4888888888888889,0.4920634920634921
P02-A0-PhysioNetMI-DNN-EEGNET-P01-L1-LOW-CAL-OFFICIAL-R2:1_PER_CLASS-MR00,PhysioNetMI,DNN-EEGNET,A0-RAW-ACCEPT-ALL,P01-L1-LOW-CAL-OFFICIAL-R2:1_PER_CLASS,0,47,0,45,0.5,0.34782608695652173,0.5333333333333333,0.3234126984126984
P02-A0-PhysioNetMI-DNN-EEGNET-P01-L1-LOW-CAL-OFFICIAL-R2:1_PER_CLASS-MR00,PhysioNetMI,DNN-EEGNET,A0-RAW-ACCEPT-ALL,P01-L1-LOW-CAL-OFFICIAL-R2:1_PER_CLASS,0,48,0,45,0.48023715415019763,0.3915343915343915,0.4888888888888889,0.5415019762845851
P02-A0-PhysioNetMI-DNN-EEGNET-P01-L1-LOW-CAL-OFFICIAL-R2:1_PER_CLASS-MR00,PhysioNetMI,DNN-EEGNET,A0-RAW-ACCEPT-ALL,P01-L1-LOW-CAL-OFFICIAL-R2:1_PER_CLASS,0,57,0,45,0.49702380952380953,0.48004201680672265,0.5111111111111111,0.5119047619047619
P02-A0-PhysioNetMI-DNN-EEGNET-P01-L1-LOW-CAL-OFFICIAL-R2:1_PER_CLASS-MR00,PhysioNetMI,DNN-EEGNET,A0-RAW-ACCEPT-ALL,P01-L1-LOW-CAL-OFFICIAL-R2:1_PER_CLASS,0,71,0,45,0.5405138339920948,0.4833242208857299,0.5333333333333333,0.4940711462450593
P02-A0-PhysioNetMI-DNN-EEGNET-P01-L1-LOW-CAL-OFFICIAL-R2:1_PER_CLASS-MR00,PhysioNetMI,DNN-EEGNET,A0-RAW-ACCEPT-ALL,P01-L1-LOW-CAL-OFFICIAL-R2:1_PER_CLASS,0,93,0,45,0.5,0.3382352941176471,0.5111111111111111,0.3794466403162055
P02-A0-PhysioNetMI-DNN-EEGNET-P01-L1-LOW-CAL-OFFICIAL-R2:1_PER_CLASS-MR00,PhysioNetMI,DNN-EEGNET,A0-RAW-ACCEPT-ALL,P01-L1-LOW-CAL-OFFICIAL-R2:1_PER_CLASS,0,98,0,45,0.5009881422924901,0.375,0.5111111111111111,0.37944664031620556
P02-A0-PhysioNetMI-DNN-EEGNET-P01-L1-LOW-CAL-OFFICIAL-R2:1_PER_CLASS-MR00,PhysioNetMI,DNN-EEGNET,A0-RAW-ACCEPT-ALL,P01-L1-LOW-CAL-OFFICIAL-R2:1_PER_CLASS,0,107,0,45,0.38988095238095233,0.38041815400305967,0.4,0.46825396825396826
P02-A0-PhysioNetMI-DNN-EEGNET-P01-L1-LOW-CAL-OFFICIAL-R2:1_PER_CLASS-MR01,PhysioNetMI,DNN-EEGNET,A0-RAW-ACCEPT-ALL,P01-L1-LOW-CAL-OFFICIAL-R2:1_PER_CLASS,1,6,0,45,0.46428571428571425,0.4019138755980861,0.4444444444444444,0.5178571428571428
P02-A0-PhysioNetMI-DNN-EEGNET-P01-L1-LOW-CAL-OFFICIAL-R2:1_PER_CLASS-MR01,PhysioNetMI,DNN-EEGNET,A0-RAW-ACCEPT-ALL,P01-L1-LOW-CAL-OFFICIAL-R2:1_PER_CLASS,1,27,0,45,0.5602766798418972,0.537037037037037,0.5555555555555556,0.6205533596837944
P02-A0-PhysioNetMI-DNN-EEGNET-P01-L1-LOW-CAL-OFFICIAL-R2:1_PER_CLASS-MR01,PhysioNetMI,DNN-EEGNET,A0-RAW-ACCEPT-ALL,P01-L1-LOW-CAL-OFFICIAL-R2:1_PER_CLASS,1,39,0,45,0.45256916996047436,0.3640474844544941,0.4444444444444444,0.31620553359683795
P02-A0-PhysioNetMI-DNN-EEGNET-P01-L1-LOW-CAL-OFFICIAL-R2:1_PER_CLASS-MR01,PhysioNetMI,DNN-EEGNET,A0-RAW-ACCEPT-ALL,P01-L1-LOW-CAL-OFFICIAL-R2:1_PER_CLASS,1,40,0,45,0.5357142857142857,0.5,0.5555555555555556,0.48214285714285715
P02-A0-PhysioNetMI-DNN-EEGNET-P01-L1-LOW-CAL-OFFICIAL-R2:1_PER_CLASS-MR01,PhysioNetMI,DNN-EEGNET,A0-RAW-ACCEPT-ALL,P01-L1-LOW-CAL-OFFICIAL-R2:1_PER_CLASS,1,47,0,45,0.5416666666666666,0.4050480769230769,0.5111111111111111,0.40674603174603174
P02-A0-PhysioNetMI-DNN-EEGNET-P01-L1-LOW-CAL-OFFICIAL-R2:1_PER_CLASS-MR01,PhysioNetMI,DNN-EEGNET,A0-RAW-ACCEPT-ALL,P01-L1-LOW-CAL-OFFICIAL-R2:1_PER_CLASS,1,48,0,45,0.37450592885375494,0.36234817813765186,0.37777777777777777,0.27075098814229254
P02-A0-PhysioNetMI-DNN-EEGNET-P01-L1-LOW-CAL-OFFICIAL-R2:1_PER_CLASS-MR01,PhysioNetMI,DNN-EEGNET,A0-RAW-ACCEPT-ALL,P01-L1-LOW-CAL-OFFICIAL-R2:1_PER_CLASS,1,57,0,45,0.4880952380952381,0.41810344827586204,0.4666666666666667,0.5297619047619048
P02-A0-PhysioNetMI-DNN-EEGNET-P01-L1-LOW-CAL-OFFICIAL-R2:1_PER_CLASS-MR01,PhysioNetMI,DNN-EEGNET,A0-RAW-ACCEPT-ALL,P01-L1-LOW-CAL-OFFICIAL-R2:1_PER_CLASS,1,71,0,45,0.43873517786561267,0.4019138755980861,0.4444444444444444,0.45454545454545453
P02-A0-PhysioNetMI-DNN-EEGNET-P01-L1-LOW-CAL-OFFICIAL-R2:1_PER_CLASS-MR01,PhysioNetMI,DNN-EEGNET,A0-RAW-ACCEPT-ALL,P01-L1-LOW-CAL-OFFICIAL-R2:1_PER_CLASS,1,93,0,45,0.5849802371541502,0.5325314379442319,0.5777777777777777,0.5217391304347826
P02-A0-PhysioNetMI-DNN-EEGNET-P01-L1-LOW-CAL-OFFICIAL-R2:1_PER_CLASS-MR01,PhysioNetMI,DNN-EEGNET,A0-RAW-ACCEPT-ALL,P01-L1-LOW-CAL-OFFICIAL-R2:1_PER_CLASS,1,98,0,45,0.4496047430830039,0.41558441558441556,0.4444444444444444,0.49407114624505927
P02-A0-PhysioNetMI-DNN-EEGNET-P01-L1-LOW-CAL-OFFICIAL-R2:1_PER_CLASS-MR01,PhysioNetMI,DNN-EEGNET,A0-RAW-ACCEPT-ALL,P01-L1-LOW-CAL-OFFICIAL-R2:1_PER_CLASS,1,107,0,45,0.5386904761904762,0.5324096981692232,0.5333333333333333,0.5535714285714286
P02-A0-PhysioNetMI-DNN-EEGNET-P01-L1-LOW-CAL-OFFICIAL-R2:1_PER_CLASS-MR02,PhysioNetMI,DNN-EEGNET,A0-RAW-ACCEPT-ALL,P01-L1-LOW-CAL-OFFICIAL-R2:1_PER_CLASS,2,6,0,45,0.4732142857142857,0.44976076555023925,0.4888888888888889,0.43253968253968256
P02-A0-PhysioNetMI-DNN-EEGNET-P01-L1-LOW-CAL-OFFICIAL-R2:1_PER_CLASS-MR02,PhysioNetMI,DNN-EEGNET,A0-RAW-ACCEPT-ALL,P01-L1-LOW-CAL-OFFICIAL-R2:1_PER_CLASS,2,27,0,45,0.6393280632411067,0.6218487394957983,0.6444444444444445,0.6521739130434783
P02-A0-PhysioNetMI-DNN-EEGNET-P01-L1-LOW-CAL-OFFICIAL-R2:1_PER_CLASS-MR02,PhysioNetMI,DNN-EEGNET,A0-RAW-ACCEPT-ALL,P01-L1-LOW-CAL-OFFICIAL-R2:1_PER_CLASS,2,39,0,45,0.4278656126482213,0.38550420168067223,0.4222222222222222,0.36166007905138337
P02-A0-PhysioNetMI-DNN-EEGNET-P01-L1-LOW-CAL-OFFICIAL-R2:1_PER_CLASS-MR02,PhysioNetMI,DNN-EEGNET,A0-RAW-ACCEPT-ALL,P01-L1-LOW-CAL-OFFICIAL-R2:1_PER_CLASS,2,40,0,45,0.4523809523809524,0.296875,0.4222222222222222,0.41269841269841273
P02-A0-PhysioNetMI-DNN-EEGNET-P01-L1-LOW-CAL-OFFICIAL-R2:1_PER_CLASS-MR02,PhysioNetMI,DNN-EEGNET,A0-RAW-ACCEPT-ALL,P01-L1-LOW-CAL-OFFICIAL-R2:1_PER_CLASS,2,47,0,45,0.5,0.34782608695652173,0.5333333333333333,0.4007936507936508
P02-A0-PhysioNetMI-DNN-EEGNET-P01-L1-LOW-CAL-OFFICIAL-R2:1_PER_CLASS-MR02,PhysioNetMI,DNN-EEGNET,A0-RAW-ACCEPT-ALL,P01-L1-LOW-CAL-OFFICIAL-R2:1_PER_CLASS,2,48,0,45,0.5227272727272727,0.3867618429591174,0.5333333333333333,0.4169960474308301
P02-A0-PhysioNetMI-DNN-EEGNET-P01-L1-LOW-CAL-OFFICIAL-R2:1_PER_CLASS-MR02,PhysioNetMI,DNN-EEGNET,A0-RAW-ACCEPT-ALL,P01-L1-LOW-CAL-OFFICIAL-R2:1_PER_CLASS,2,57,0,45,0.4553571428571429,0.4343891402714932,0.4444444444444444,0.45238095238095233
P02-A0-PhysioNetMI-DNN-EEGNET-P01-L1-LOW-CAL-OFFICIAL-R2:1_PER_CLASS-MR02,PhysioNetMI,DNN-EEGNET,A0-RAW-ACCEPT-ALL,P01-L1-LOW-CAL-OFFICIAL-R2:1_PER_CLASS,2,71,0,45,0.47035573122529645,0.45344129554655865,0.4666666666666667,0.46640316205533594
P02-A0-PhysioNetMI-DNN-EEGNET-P01-L1-LOW-CAL-OFFICIAL-R2:1_PER_CLASS-MR02,PhysioNetMI,DNN-EEGNET,A0-RAW-ACCEPT-ALL,P01-L1-LOW-CAL-OFFICIAL-R2:1_PER_CLASS,2,93,0,45,0.5,0.3382352941176471,0.5111111111111111,0.3695652173913044
P02-A0-PhysioNetMI-DNN-EEGNET-P01-L1-LOW-CAL-OFFICIAL-R2:1_PER_CLASS-MR02,PhysioNetMI,DNN-EEGNET,A0-RAW-ACCEPT-ALL,P01-L1-LOW-CAL-OFFICIAL-R2:1_PER_CLASS,2,98,0,45,0.5,0.3382352941176471,0.5111111111111111,0.5098814229249011
P02-A0-PhysioNetMI-DNN-EEGNET-P01-L1-LOW-CAL-OFFICIAL-R2:1_PER_CLASS-MR02,PhysioNetMI,DNN-EEGNET,A0-RAW-ACCEPT-ALL,P01-L1-LOW-CAL-OFFICIAL-R2:1_PER_CLASS,2,107,0,45,0.4464285714285714,0.4,0.4666666666666667,0.373015873015873
P02-A0-PhysioNetMI-DNN-EEGNET-P01-L1-LOW-CAL-OFFICIAL-R2:1_PER_CLASS-MR03,PhysioNetMI,DNN-EEGNET,A0-RAW-ACCEPT-ALL,P01-L1-LOW-CAL-OFFICIAL-R2:1_PER_CLASS,3,6,0,45,0.5119047619047619,0.5108695652173914,0.5111111111111111,0.513888888888889
P02-A0-PhysioNetMI-DNN-EEGNET-P01-L1-LOW-CAL-OFFICIAL-R2:1_PER_CLASS-MR03,PhysioNetMI,DNN-EEGNET,A0-RAW-ACCEPT-ALL,P01-L1-LOW-CAL-OFFICIAL-R2:1_PER_CLASS,3,27,0,45,0.5138339920948617,0.505,0.5111111111111111,0.5039525691699605
P02-A0-PhysioNetMI-DNN-EEGNET-P01-L1-LOW-CAL-OFFICIAL-R2:1_PER_CLASS-MR03,PhysioNetMI,DNN-EEGNET,A0-RAW-ACCEPT-ALL,P01-L1-LOW-CAL-OFFICIAL-R2:1_PER_CLASS,3,39,0,45,0.5,0.3283582089552239,0.4888888888888889,0.43675889328063244
P02-A0-PhysioNetMI-DNN-EEGNET-P01-L1-LOW-CAL-OFFICIAL-R2:1_PER_CLASS-MR03,PhysioNetMI,DNN-EEGNET,A0-RAW-ACCEPT-ALL,P01-L1-LOW-CAL-OFFICIAL-R2:1_PER_CLASS,3,40,0,45,0.5,0.3181818181818182,0.4666666666666667,0.5238095238095237
P02-A0-PhysioNetMI-DNN-EEGNET-P01-L1-LOW-CAL-OFFICIAL-R2:1_PER_CLASS-MR03,PhysioNetMI,DNN-EEGNET,A0-RAW-ACCEPT-ALL,P01-L1-LOW-CAL-OFFICIAL-R2:1_PER_CLASS,3,47,0,45,0.5,0.34782608695652173,0.5333333333333333,0.3194444444444445
P02-A0-PhysioNetMI-DNN-EEGNET-P01-L1-LOW-CAL-OFFICIAL-R2:1_PER_CLASS-MR03,PhysioNetMI,DNN-EEGNET,A0-RAW-ACCEPT-ALL,P01-L1-LOW-CAL-OFFICIAL-R2:1_PER_CLASS,3,48,0,45,0.5,0.3382352941176471,0.5111111111111111,0.38339920948616607
P02-A0-PhysioNetMI-DNN-EEGNET-P01-L1-LOW-CAL-OFFICIAL-R2:1_PER_CLASS-MR03,PhysioNetMI,DNN-EEGNET,A0-RAW-ACCEPT-ALL,P01-L1-LOW-CAL-OFFICIAL-R2:1_PER_CLASS,3,57,0,45,0.5416666666666666,0.4050480769230769,0.5111111111111111,0.5099206349206349
P02-A0-PhysioNetMI-DNN-EEGNET-P01-L1-LOW-CAL-OFFICIAL-R2:1_PER_CLASS-MR03,PhysioNetMI,DNN-EEGNET,A0-RAW-ACCEPT-ALL,P01-L1-LOW-CAL-OFFICIAL-R2:1_PER_CLASS,3,71,0,45,0.5345849802371542,0.5324096981692232,0.5333333333333333,0.4881422924901186
P02-A0-PhysioNetMI-DNN-EEGNET-P01-L1-LOW-CAL-OFFICIAL-R2:1_PER_CLASS-MR03,PhysioNetMI,DNN-EEGNET,A0-RAW-ACCEPT-ALL,P01-L1-LOW-CAL-OFFICIAL-R2:1_PER_CLASS,3,93,0,45,0.5,0.3382352941176471,0.5111111111111111,0.5968379446640316
P02-A0-PhysioNetMI-DNN-EEGNET-P01-L1-LOW-CAL-OFFICIAL-R2:1_PER_CLASS-MR03,PhysioNetMI,DNN-EEGNET,A0-RAW-ACCEPT-ALL,P01-L1-LOW-CAL-OFFICIAL-R2:1_PER_CLASS,3,98,0,45,0.5,0.3382352941176471,0.5111111111111111,0.49011857707509887
P02-A0-PhysioNetMI-DNN-EEGNET-P01-L1-LOW-CAL-OFFICIAL-R2:1_PER_CLASS-MR03,PhysioNetMI,DNN-EEGNET,A0-RAW-ACCEPT-ALL,P01-L1-LOW-CAL-OFFICIAL-R2:1_PER_CLASS,3,107,0,45,0.5,0.4796380090497738,0.4888888888888889,0.5079365079365079
P02-A0-PhysioNetMI-DNN-EEGNET-P01-L1-LOW-CAL-OFFICIAL-R2:1_PER_CLASS-MR04,PhysioNetMI,DNN-EEGNET,A0-RAW-ACCEPT-ALL,P01-L1-LOW-CAL-OFFICIAL-R2:1_PER_CLASS,4,6,0,45,0.5148809523809523,0.5108695652173914,0.5111111111111111,0.5059523809523809
P02-A0-PhysioNetMI-DNN-EEGNET-P01-L1-LOW-CAL-OFFICIAL-R2:1_PER_CLASS-MR04,PhysioNetMI,DNN-EEGNET,A0-RAW-ACCEPT-ALL,P01-L1-LOW-CAL-OFFICIAL-R2:1_PER_CLASS,4,27,0,45,0.5800395256916996,0.5744151319064211,0.5777777777777777,0.6146245059288538
P02-A0-PhysioNetMI-DNN-EEGNET-P01-L1-LOW-CAL-OFFICIAL-R2:1_PER_CLASS-MR04,PhysioNetMI,DNN-EEGNET,A0-RAW-ACCEPT-ALL,P01-L1-LOW-CAL-OFFICIAL-R2:1_PER_CLASS,4,39,0,45,0.44664031620553357,0.44001991040318567,0.4444444444444444,0.48616600790513836
P02-A0-PhysioNetMI-DNN-EEGNET-P01-L1-LOW-CAL-OFFICIAL-R2:1_PER_CLASS-MR04,PhysioNetMI,DNN-EEGNET,A0-RAW-ACCEPT-ALL,P01-L1-LOW-CAL-OFFICIAL-R2:1_PER_CLASS,4,40,0,45,0.5119047619047619,0.5108695652173914,0.5111111111111111,0.4920634920634921
P02-A0-PhysioNetMI-DNN-EEGNET-P01-L1-LOW-CAL-OFFICIAL-R2:1_PER_CLASS-MR04,PhysioNetMI,DNN-EEGNET,A0-RAW-ACCEPT-ALL,P01-L1-LOW-CAL-OFFICIAL-R2:1_PER_CLASS,4,47,0,45,0.4226190476190476,0.3640474844544941,0.4444444444444444,0.4801587301587302
P02-A0-PhysioNetMI-DNN-EEGNET-P01-L1-LOW-CAL-OFFICIAL-R2:1_PER_CLASS-MR04,PhysioNetMI,DNN-EEGNET,A0-RAW-ACCEPT-ALL,P01-L1-LOW-CAL-OFFICIAL-R2:1_PER_CLASS,4,48,0,45,0.5731225296442688,0.5558441558441558,0.5777777777777777,0.5019762845849802
P02-A0-PhysioNetMI-DNN-EEGNET-P01-L1-LOW-CAL-OFFICIAL-R2:1_PER_CLASS-MR04,PhysioNetMI,DNN-EEGNET,A0-RAW-ACCEPT-ALL,P01-L1-LOW-CAL-OFFICIAL-R2:1_PER_CLASS,4,57,0,45,0.43452380952380953,0.40789473684210525,0.4222222222222222,0.3551587301587301
P02-A0-PhysioNetMI-DNN-EEGNET-P01-L1-LOW-CAL-OFFICIAL-R2:1_PER_CLASS-MR04,PhysioNetMI,DNN-EEGNET,A0-RAW-ACCEPT-ALL,P01-L1-LOW-CAL-OFFICIAL-R2:1_PER_CLASS,4,71,0,45,0.5088932806324111,0.505,0.5111111111111111,0.49407114624505927
P02-A0-PhysioNetMI-DNN-EEGNET-P01-L1-LOW-CAL-OFFICIAL-R2:1_PER_CLASS-MR04,PhysioNetMI,DNN-EEGNET,A0-RAW-ACCEPT-ALL,P01-L1-LOW-CAL-OFFICIAL-R2:1_PER_CLASS,4,93,0,45,0.4851778656126482,0.4722080571137175,0.4888888888888889,0.5691699604743083
P02-A0-PhysioNetMI-DNN-EEGNET-P01-L1-LOW-CAL-OFFICIAL-R2:1_PER_CLASS-MR04,PhysioNetMI,DNN-EEGNET,A0-RAW-ACCEPT-ALL,P01-L1-LOW-CAL-OFFICIAL-R2:1_PER_CLASS,4,98,0,45,0.48320158102766797,0.44976076555023925,0.4888888888888889,0.5928853754940712
P02-A0-PhysioNetMI-DNN-EEGNET-P01-L1-LOW-CAL-OFFICIAL-R2:1_PER_CLASS-MR04,PhysioNetMI,DNN-EEGNET,A0-RAW-ACCEPT-ALL,P01-L1-LOW-CAL-OFFICIAL-R2:1_PER_CLASS,4,107,0,45,0.40773809523809523,0.39522150323544053,0.4,0.4861111111111111
P02-A0-PhysioNetMI-DNN-EEGNET-P01-L1-LOW-CAL-OFFICIAL-R2:2_PER_CLASS-MR00,PhysioNetMI,DNN-EEGNET,A0-RAW-ACCEPT-ALL,P01-L1-LOW-CAL-OFFICIAL-R2:2_PER_CLASS,0,6,0,45,0.5148809523809523,0.41492368569813454,0.4888888888888889,0.4920634920634921
P02-A0-PhysioNetMI-DNN-EEGNET-P01-L1-LOW-CAL-OFFICIAL-R2:2_PER_CLASS-MR00,PhysioNetMI,DNN-EEGNET,A0-RAW-ACCEPT-ALL,P01-L1-LOW-CAL-OFFICIAL-R2:2_PER_CLASS,0,27,0,45,0.5187747035573123,0.44999999999999996,0.5111111111111111,0.5217391304347826
P02-A0-PhysioNetMI-DNN-EEGNET-P01-L1-LOW-CAL-OFFICIAL-R2:2_PER_CLASS-MR00,PhysioNetMI,DNN-EEGNET,A0-RAW-ACCEPT-ALL,P01-L1-LOW-CAL-OFFICIAL-R2:2_PER_CLASS,0,39,0,45,0.5217391304347826,0.375,0.5111111111111111,0.4604743083003952
P02-A0-PhysioNetMI-DNN-EEGNET-P01-L1-LOW-CAL-OFFICIAL-R2:2_PER_CLASS-MR00,PhysioNetMI,DNN-EEGNET,A0-RAW-ACCEPT-ALL,P01-L1-LOW-CAL-OFFICIAL-R2:2_PER_CLASS,0,40,0,45,0.5416666666666666,0.4050480769230769,0.5111111111111111,0.4880952380952381
P02-A0-PhysioNetMI-DNN-EEGNET-P01-L1-LOW-CAL-OFFICIAL-R2:2_PER_CLASS-MR00,PhysioNetMI,DNN-EEGNET,A0-RAW-ACCEPT-ALL,P01-L1-LOW-CAL-OFFICIAL-R2:2_PER_CLASS,0,47,0,45,0.5,0.34782608695652173,0.5333333333333333,0.36309523809523814
P02-A0-PhysioNetMI-DNN-EEGNET-P01-L1-LOW-CAL-OFFICIAL-R2:2_PER_CLASS-MR00,PhysioNetMI,DNN-EEGNET,A0-RAW-ACCEPT-ALL,P01-L1-LOW-CAL-OFFICIAL-R2:2_PER_CLASS,0,48,0,45,0.5,0.3382352941176471,0.5111111111111111,0.349802371541502
P02-A0-PhysioNetMI-DNN-EEGNET-P01-L1-LOW-CAL-OFFICIAL-R2:2_PER_CLASS-MR00,PhysioNetMI,DNN-EEGNET,A0-RAW-ACCEPT-ALL,P01-L1-LOW-CAL-OFFICIAL-R2:2_PER_CLASS,0,57,0,45,0.46726190476190477,0.3849097867687261,0.4444444444444444,0.5297619047619048
P02-A0-PhysioNetMI-DNN-EEGNET-P01-L1-LOW-CAL-OFFICIAL-R2:2_PER_CLASS-MR00,PhysioNetMI,DNN-EEGNET,A0-RAW-ACCEPT-ALL,P01-L1-LOW-CAL-OFFICIAL-R2:2_PER_CLASS,0,71,0,45,0.5088932806324111,0.505,0.5111111111111111,0.424901185770751
P02-A0-PhysioNetMI-DNN-EEGNET-P01-L1-LOW-CAL-OFFICIAL-R2:2_PER_CLASS-MR00,PhysioNetMI,DNN-EEGNET,A0-RAW-ACCEPT-ALL,P01-L1-LOW-CAL-OFFICIAL-R2:2_PER_CLASS,0,93,0,45,0.5,0.3382352941176471,0.5111111111111111,0.48023715415019763
P02-A0-PhysioNetMI-DNN-EEGNET-P01-L1-LOW-CAL-OFFICIAL-R2:2_PER_CLASS-MR00,PhysioNetMI,DNN-EEGNET,A0-RAW-ACCEPT-ALL,P01-L1-LOW-CAL-OFFICIAL-R2:2_PER_CLASS,0,98,0,45,0.4782608695652174,0.3283582089552239,0.4888888888888889,0.41106719367588934
P02-A0-PhysioNetMI-DNN-EEGNET-P01-L1-LOW-CAL-OFFICIAL-R2:2_PER_CLASS-MR00,PhysioNetMI,DNN-EEGNET,A0-RAW-ACCEPT-ALL,P01-L1-LOW-CAL-OFFICIAL-R2:2_PER_CLASS,0,107,0,45,0.47619047619047616,0.46,0.4666666666666667,0.4841269841269842
P02-A0-PhysioNetMI-DNN-EEGNET-P01-L1-LOW-CAL-OFFICIAL-R2:2_PER_CLASS-MR01,PhysioNetMI,DNN-EEGNET,A0-RAW-ACCEPT-ALL,P01-L1-LOW-CAL-OFFICIAL-R2:2_PER_CLASS,1,6,0,45,0.4553571428571429,0.4343891402714932,0.4444444444444444,0.4503968253968254
P02-A0-PhysioNetMI-DNN-EEGNET-P01-L1-LOW-CAL-OFFICIAL-R2:2_PER_CLASS-MR01,PhysioNetMI,DNN-EEGNET,A0-RAW-ACCEPT-ALL,P01-L1-LOW-CAL-OFFICIAL-R2:2_PER_CLASS,1,27,0,45,0.46837944664031617,0.4642857142857143,0.4666666666666667,0.4940711462450593
P02-A0-PhysioNetMI-DNN-EEGNET-P01-L1-LOW-CAL-OFFICIAL-R2:2_PER_CLASS-MR01,PhysioNetMI,DNN-EEGNET,A0-RAW-ACCEPT-ALL,P01-L1-LOW-CAL-OFFICIAL-R2:2_PER_CLASS,1,39,0,45,0.3606719367588933,0.3220779220779221,0.35555555555555557,0.3339920948616601
P02-A0-PhysioNetMI-DNN-EEGNET-P01-L1-LOW-CAL-OFFICIAL-R2:2_PER_CLASS-MR01,PhysioNetMI,DNN-EEGNET,A0-RAW-ACCEPT-ALL,P01-L1-LOW-CAL-OFFICIAL-R2:2_PER_CLASS,1,40,0,45,0.5,0.3181818181818182,0.4666666666666667,0.4047619047619048
P02-A0-PhysioNetMI-DNN-EEGNET-P01-L1-LOW-CAL-OFFICIAL-R2:2_PER_CLASS-MR01,PhysioNetMI,DNN-EEGNET,A0-RAW-ACCEPT-ALL,P01-L1-LOW-CAL-OFFICIAL-R2:2_PER_CLASS,1,47,0,45,0.5,0.34782608695652173,0.5333333333333333,0.4345238095238095
P02-A0-PhysioNetMI-DNN-EEGNET-P01-L1-LOW-CAL-OFFICIAL-R2:2_PER_CLASS-MR01,PhysioNetMI,DNN-EEGNET,A0-RAW-ACCEPT-ALL,P01-L1-LOW-CAL-OFFICIAL-R2:2_PER_CLASS,1,48,0,45,0.5,0.3382352941176471,0.5111111111111111,0.48616600790513836
P02-A0-PhysioNetMI-DNN-EEGNET-P01-L1-LOW-CAL-OFFICIAL-R2:2_PER_CLASS-MR01,PhysioNetMI,DNN-EEGNET,A0-RAW-ACCEPT-ALL,P01-L1-LOW-CAL-OFFICIAL-R2:2_PER_CLASS,1,57,0,45,0.5178571428571429,0.5089285714285714,0.5111111111111111,0.5654761904761905
P02-A0-PhysioNetMI-DNN-EEGNET-P01-L1-LOW-CAL-OFFICIAL-R2:2_PER_CLASS-MR01,PhysioNetMI,DNN-EEGNET,A0-RAW-ACCEPT-ALL,P01-L1-LOW-CAL-OFFICIAL-R2:2_PER_CLASS,1,71,0,45,0.49308300395256915,0.4722080571137175,0.4888888888888889,0.49604743083003955
P02-A0-PhysioNetMI-DNN-EEGNET-P01-L1-LOW-CAL-OFFICIAL-R2:2_PER_CLASS-MR01,PhysioNetMI,DNN-EEGNET,A0-RAW-ACCEPT-ALL,P01-L1-LOW-CAL-OFFICIAL-R2:2_PER_CLASS,1,93,0,45,0.5,0.3382352941176471,0.5111111111111111,0.5296442687747036
P02-A0-PhysioNetMI-DNN-EEGNET-P01-L1-LOW-CAL-OFFICIAL-R2:2_PER_CLASS-MR01,PhysioNetMI,DNN-EEGNET,A0-RAW-ACCEPT-ALL,P01-L1-LOW-CAL-OFFICIAL-R2:2_PER_CLASS,1,98,0,45,0.5,0.3382352941176471,0.5111111111111111,0.42292490118577075
P02-A0-PhysioNetMI-DNN-EEGNET-P01-L1-LOW-CAL-OFFICIAL-R2:2_PER_CLASS-MR01,PhysioNetMI,DNN-EEGNET,A0-RAW-ACCEPT-ALL,P01-L1-LOW-CAL-OFFICIAL-R2:2_PER_CLASS,1,107,0,45,0.47023809523809523,0.434117003827228,0.4888888888888889,0.4365079365079365
P02-A0-PhysioNetMI-DNN-EEGNET-P01-L1-LOW-CAL-OFFICIAL-R2:2_PER_CLASS-MR02,PhysioNetMI,DNN-EEGNET,A0-RAW-ACCEPT-ALL,P01-L1-LOW-CAL-OFFICIAL-R2:2_PER_CLASS,2,6,0,45,0.5476190476190476,0.5445344129554656,0.5555555555555556,0.5099206349206349
P02-A0-PhysioNetMI-DNN-EEGNET-P01-L1-LOW-CAL-OFFICIAL-R2:2_PER_CLASS-MR02,PhysioNetMI,DNN-EEGNET,A0-RAW-ACCEPT-ALL,P01-L1-LOW-CAL-OFFICIAL-R2:2_PER_CLASS,2,27,0,45,0.5148221343873518,0.4989878542510121,0.5111111111111111,0.5158102766798419
P02-A0-PhysioNetMI-DNN-EEGNET-P01-L1-LOW-CAL-OFFICIAL-R2:2_PER_CLASS-MR02,PhysioNetMI,DNN-EEGNET,A0-RAW-ACCEPT-ALL,P01-L1-LOW-CAL-OFFICIAL-R2:2_PER_CLASS,2,39,0,45,0.5,0.3283582089552239,0.4888888888888889,0.46047430830039526
P02-A0-PhysioNetMI-DNN-EEGNET-P01-L1-LOW-CAL-OFFICIAL-R2:2_PER_CLASS-MR02,PhysioNetMI,DNN-EEGNET,A0-RAW-ACCEPT-ALL,P01-L1-LOW-CAL-OFFICIAL-R2:2_PER_CLASS,2,40,0,45,0.5,0.3181818181818182,0.4666666666666667,0.5317460317460317
P02-A0-PhysioNetMI-DNN-EEGNET-P01-L1-LOW-CAL-OFFICIAL-R2:2_PER_CLASS-MR02,PhysioNetMI,DNN-EEGNET,A0-RAW-ACCEPT-ALL,P01-L1-LOW-CAL-OFFICIAL-R2:2_PER_CLASS,2,47,0,45,0.5,0.34782608695652173,0.5333333333333333,0.4166666666666667
P02-A0-PhysioNetMI-DNN-EEGNET-P01-L1-LOW-CAL-OFFICIAL-R2:2_PER_CLASS-MR02,PhysioNetMI,DNN-EEGNET,A0-RAW-ACCEPT-ALL,P01-L1-LOW-CAL-OFFICIAL-R2:2_PER_CLASS,2,48,0,45,0.5,0.3382352941176471,0.5111111111111111,0.424901185770751
P02-A0-PhysioNetMI-DNN-EEGNET-P01-L1-LOW-CAL-OFFICIAL-R2:2_PER_CLASS-MR02,PhysioNetMI,DNN-EEGNET,A0-RAW-ACCEPT-ALL,P01-L1-LOW-CAL-OFFICIAL-R2:2_PER_CLASS,2,57,0,45,0.5208333333333333,0.505,0.5111111111111111,0.5158730158730158
P02-A0-PhysioNetMI-DNN-EEGNET-P01-L1-LOW-CAL-OFFICIAL-R2:2_PER_CLASS-MR02,PhysioNetMI,DNN-EEGNET,A0-RAW-ACCEPT-ALL,P01-L1-LOW-CAL-OFFICIAL-R2:2_PER_CLASS,2,71,0,45,0.5148221343873518,0.4989878542510121,0.5111111111111111,0.5256916996047432
P02-A0-PhysioNetMI-DNN-EEGNET-P01-L1-LOW-CAL-OFFICIAL-R2:2_PER_CLASS-MR02,PhysioNetMI,DNN-EEGNET,A0-RAW-ACCEPT-ALL,P01-L1-LOW-CAL-OFFICIAL-R2:2_PER_CLASS,2,93,0,45,0.5,0.3382352941176471,0.5111111111111111,0.5573122529644269
P02-A0-PhysioNetMI-DNN-EEGNET-P01-L1-LOW-CAL-OFFICIAL-R2:2_PER_CLASS-MR02,PhysioNetMI,DNN-EEGNET,A0-RAW-ACCEPT-ALL,P01-L1-LOW-CAL-OFFICIAL-R2:2_PER_CLASS,2,98,0,45,0.5,0.3382352941176471,0.5111111111111111,0.5118577075098814
P02-A0-PhysioNetMI-DNN-EEGNET-P01-L1-LOW-CAL-OFFICIAL-R2:2_PER_CLASS-MR02,PhysioNetMI,DNN-EEGNET,A0-RAW-ACCEPT-ALL,P01-L1-LOW-CAL-OFFICIAL-R2:2_PER_CLASS,2,107,0,45,0.46726190476190477,0.46640316205533594,0.4666666666666667,0.4821428571428572
P02-A0-PhysioNetMI-DNN-EEGNET-P01-L1-LOW-CAL-OFFICIAL-R2:2_PER_CLASS-MR03,PhysioNetMI,DNN-EEGNET,A0-RAW-ACCEPT-ALL,P01-L1-LOW-CAL-OFFICIAL-R2:2_PER_CLASS,3,6,0,45,0.5595238095238095,0.465799886941775,0.5333333333333333,0.5337301587301587
P02-A0-PhysioNetMI-DNN-EEGNET-P01-L1-LOW-CAL-OFFICIAL-R2:2_PER_CLASS-MR03,PhysioNetMI,DNN-EEGNET,A0-RAW-ACCEPT-ALL,P01-L1-LOW-CAL-OFFICIAL-R2:2_PER_CLASS,3,27,0,45,0.4990118577075099,0.3630769230769231,0.4888888888888889,0.5454545454545454
P02-A0-PhysioNetMI-DNN-EEGNET-P01-L1-LOW-CAL-OFFICIAL-R2:2_PER_CLASS-MR03,PhysioNetMI,DNN-EEGNET,A0-RAW-ACCEPT-ALL,P01-L1-LOW-CAL-OFFICIAL-R2:2_PER_CLASS,3,39,0,45,0.5,0.3283582089552239,0.4888888888888889,0.4318181818181818
P02-A0-PhysioNetMI-DNN-EEGNET-P01-L1-LOW-CAL-OFFICIAL-R2:2_PER_CLASS-MR03,PhysioNetMI,DNN-EEGNET,A0-RAW-ACCEPT-ALL,P01-L1-LOW-CAL-OFFICIAL-R2:2_PER_CLASS,3,40,0,45,0.4970238095238095,0.35096153846153844,0.4666666666666667,0.5079365079365079
P02-A0-PhysioNetMI-DNN-EEGNET-P01-L1-LOW-CAL-OFFICIAL-R2:2_PER_CLASS-MR03,PhysioNetMI,DNN-EEGNET,A0-RAW-ACCEPT-ALL,P01-L1-LOW-CAL-OFFICIAL-R2:2_PER_CLASS,3,47,0,45,0.5,0.34782608695652173,0.5333333333333333,0.46825396825396826
P02-A0-PhysioNetMI-DNN-EEGNET-P01-L1-LOW-CAL-OFFICIAL-R2:2_PER_CLASS-MR03,PhysioNetMI,DNN-EEGNET,A0-RAW-ACCEPT-ALL,P01-L1-LOW-CAL-OFFICIAL-R2:2_PER_CLASS,3,48,0,45,0.5,0.3382352941176471,0.5111111111111111,0.4644268774703557
P02-A0-PhysioNetMI-DNN-EEGNET-P01-L1-LOW-CAL-OFFICIAL-R2:2_PER_CLASS-MR03,PhysioNetMI,DNN-EEGNET,A0-RAW-ACCEPT-ALL,P01-L1-LOW-CAL-OFFICIAL-R2:2_PER_CLASS,3,57,0,45,0.47916666666666663,0.45344129554655865,0.4666666666666667,0.5724206349206349
P02-A0-PhysioNetMI-DNN-EEGNET-P01-L1-LOW-CAL-OFFICIAL-R2:2_PER_CLASS-MR03,PhysioNetMI,DNN-EEGNET,A0-RAW-ACCEPT-ALL,P01-L1-LOW-CAL-OFFICIAL-R2:2_PER_CLASS,3,71,0,45,0.5098814229249011,0.5089285714285714,0.5111111111111111,0.49604743083003955
P02-A0-PhysioNetMI-DNN-EEGNET-P01-L1-LOW-CAL-OFFICIAL-R2:2_PER_CLASS-MR03,PhysioNetMI,DNN-EEGNET,A0-RAW-ACCEPT-ALL,P01-L1-LOW-CAL-OFFICIAL-R2:2_PER_CLASS,3,93,0,45,0.5,0.3382352941176471,0.5111111111111111,0.4545454545454546
P02-A0-PhysioNetMI-DNN-EEGNET-P01-L1-LOW-CAL-OFFICIAL-R2:2_PER_CLASS-MR03,PhysioNetMI,DNN-EEGNET,A0-RAW-ACCEPT-ALL,P01-L1-LOW-CAL-OFFICIAL-R2:2_PER_CLASS,3,98,0,45,0.5,0.3382352941176471,0.5111111111111111,0.49604743083003955
P02-A0-PhysioNetMI-DNN-EEGNET-P01-L1-LOW-CAL-OFFICIAL-R2:2_PER_CLASS-MR03,PhysioNetMI,DNN-EEGNET,A0-RAW-ACCEPT-ALL,P01-L1-LOW-CAL-OFFICIAL-R2:2_PER_CLASS,3,107,0,45,0.4553571428571429,0.4343891402714932,0.4444444444444444,0.5119047619047619
P02-A0-PhysioNetMI-DNN-EEGNET-P01-L1-LOW-CAL-OFFICIAL-R2:2_PER_CLASS-MR04,PhysioNetMI,DNN-EEGNET,A0-RAW-ACCEPT-ALL,P01-L1-LOW-CAL-OFFICIAL-R2:2_PER_CLASS,4,6,0,45,0.5178571428571429,0.5089285714285714,0.5111111111111111,0.5188492063492064
P02-A0-PhysioNetMI-DNN-EEGNET-P01-L1-LOW-CAL-OFFICIAL-R2:2_PER_CLASS-MR04,PhysioNetMI,DNN-EEGNET,A0-RAW-ACCEPT-ALL,P01-L1-LOW-CAL-OFFICIAL-R2:2_PER_CLASS,4,27,0,45,0.6017786561264822,0.5982142857142857,0.6,0.5316205533596838
P02-A0-PhysioNetMI-DNN-EEGNET-P01-L1-LOW-CAL-OFFICIAL-R2:2_PER_CLASS-MR04,PhysioNetMI,DNN-EEGNET,A0-RAW-ACCEPT-ALL,P01-L1-LOW-CAL-OFFICIAL-R2:2_PER_CLASS,4,39,0,45,0.4268774703557312,0.39814814814814814,0.4222222222222222,0.4268774703557312
P02-A0-PhysioNetMI-DNN-EEGNET-P01-L1-LOW-CAL-OFFICIAL-R2:2_PER_CLASS-MR04,PhysioNetMI,DNN-EEGNET,A0-RAW-ACCEPT-ALL,P01-L1-LOW-CAL-OFFICIAL-R2:2_PER_CLASS,4,40,0,45,0.5,0.3181818181818182,0.4666666666666667,0.38293650793650796
P02-A0-PhysioNetMI-DNN-EEGNET-P01-L1-LOW-CAL-OFFICIAL-R2:2_PER_CLASS-MR04,PhysioNetMI,DNN-EEGNET,A0-RAW-ACCEPT-ALL,P01-L1-LOW-CAL-OFFICIAL-R2:2_PER_CLASS,4,47,0,45,0.5,0.34782608695652173,0.5333333333333333,0.3670634920634921
P02-A0-PhysioNetMI-DNN-EEGNET-P01-L1-LOW-CAL-OFFICIAL-R2:2_PER_CLASS-MR04,PhysioNetMI,DNN-EEGNET,A0-RAW-ACCEPT-ALL,P01-L1-LOW-CAL-OFFICIAL-R2:2_PER_CLASS,4,48,0,45,0.5,0.3382352941176471,0.5111111111111111,0.42885375494071143
P02-A0-PhysioNetMI-DNN-EEGNET-P01-L1-LOW-CAL-OFFICIAL-R2:2_PER_CLASS-MR04,PhysioNetMI,DNN-EEGNET,A0-RAW-ACCEPT-ALL,P01-L1-LOW-CAL-OFFICIAL-R2:2_PER_CLASS,4,57,0,45,0.5208333333333333,0.505,0.5111111111111111,0.5515873015873016
P02-A0-PhysioNetMI-DNN-EEGNET-P01-L1-LOW-CAL-OFFICIAL-R2:2_PER_CLASS-MR04,PhysioNetMI,DNN-EEGNET,A0-RAW-ACCEPT-ALL,P01-L1-LOW-CAL-OFFICIAL-R2:2_PER_CLASS,4,71,0,45,0.5365612648221344,0.5248868778280543,0.5333333333333333,0.5098814229249011
P02-A0-PhysioNetMI-DNN-EEGNET-P01-L1-LOW-CAL-OFFICIAL-R2:2_PER_CLASS-MR04,PhysioNetMI,DNN-EEGNET,A0-RAW-ACCEPT-ALL,P01-L1-LOW-CAL-OFFICIAL-R2:2_PER_CLASS,4,93,0,45,0.5,0.3382352941176471,0.5111111111111111,0.5573122529644269
P02-A0-PhysioNetMI-DNN-EEGNET-P01-L1-LOW-CAL-OFFICIAL-R2:2_PER_CLASS-MR04,PhysioNetMI,DNN-EEGNET,A0-RAW-ACCEPT-ALL,P01-L1-LOW-CAL-OFFICIAL-R2:2_PER_CLASS,4,98,0,45,0.5,0.3382352941176471,0.5111111111111111,0.44861660079051385
P02-A0-PhysioNetMI-DNN-EEGNET-P01-L1-LOW-CAL-OFFICIAL-R2:2_PER_CLASS-MR04,PhysioNetMI,DNN-EEGNET,A0-RAW-ACCEPT-ALL,P01-L1-LOW-CAL-OFFICIAL-R2:2_PER_CLASS,4,107,0,45,0.45535714285714285,0.4444444444444444,0.4666666666666667,0.46825396825396826
P02-A0-PhysioNetMI-DNN-EEGNET-P01-L1-LOW-CAL-OFFICIAL-R2:4_PER_CLASS-MR00,PhysioNetMI,DNN-EEGNET,A0-RAW-ACCEPT-ALL,P01-L1-LOW-CAL-OFFICIAL-R2:4_PER_CLASS,0,6,0,45,0.41666666666666663,0.415,0.4222222222222222,0.501984126984127
P02-A0-PhysioNetMI-DNN-EEGNET-P01-L1-LOW-CAL-OFFICIAL-R2:4_PER_CLASS-MR00,PhysioNetMI,DNN-EEGNET,A0-RAW-ACCEPT-ALL,P01-L1-LOW-CAL-OFFICIAL-R2:4_PER_CLASS,0,27,0,45,0.5721343873517787,0.5454545454545454,0.5777777777777777,0.5671936758893281
P02-A0-PhysioNetMI-DNN-EEGNET-P01-L1-LOW-CAL-OFFICIAL-R2:4_PER_CLASS-MR00,PhysioNetMI,DNN-EEGNET,A0-RAW-ACCEPT-ALL,P01-L1-LOW-CAL-OFFICIAL-R2:4_PER_CLASS,0,39,0,45,0.49604743083003955,0.434117003827228,0.4888888888888889,0.4426877470355731
P02-A0-PhysioNetMI-DNN-EEGNET-P01-L1-LOW-CAL-OFFICIAL-R2:4_PER_CLASS-MR00,PhysioNetMI,DNN-EEGNET,A0-RAW-ACCEPT-ALL,P01-L1-LOW-CAL-OFFICIAL-R2:4_PER_CLASS,0,40,0,45,0.4970238095238095,0.35096153846153844,0.4666666666666667,0.42658730158730157
P02-A0-PhysioNetMI-DNN-EEGNET-P01-L1-LOW-CAL-OFFICIAL-R2:4_PER_CLASS-MR00,PhysioNetMI,DNN-EEGNET,A0-RAW-ACCEPT-ALL,P01-L1-LOW-CAL-OFFICIAL-R2:4_PER_CLASS,0,47,0,45,0.5,0.34782608695652173,0.5333333333333333,0.4186507936507936
P02-A0-PhysioNetMI-DNN-EEGNET-P01-L1-LOW-CAL-OFFICIAL-R2:4_PER_CLASS-MR00,PhysioNetMI,DNN-EEGNET,A0-RAW-ACCEPT-ALL,P01-L1-LOW-CAL-OFFICIAL-R2:4_PER_CLASS,0,48,0,45,0.5,0.3382352941176471,0.5111111111111111,0.43675889328063244
P02-A0-PhysioNetMI-DNN-EEGNET-P01-L1-LOW-CAL-OFFICIAL-R2:4_PER_CLASS-MR00,PhysioNetMI,DNN-EEGNET,A0-RAW-ACCEPT-ALL,P01-L1-LOW-CAL-OFFICIAL-R2:4_PER_CLASS,0,57,0,45,0.4732142857142857,0.4642857142857143,0.4666666666666667,0.5555555555555555
P02-A0-PhysioNetMI-DNN-EEGNET-P01-L1-LOW-CAL-OFFICIAL-R2:4_PER_CLASS-MR00,PhysioNetMI,DNN-EEGNET,A0-RAW-ACCEPT-ALL,P01-L1-LOW-CAL-OFFICIAL-R2:4_PER_CLASS,0,71,0,45,0.4318181818181818,0.296875,0.4222222222222222,0.5098814229249012
P02-A0-PhysioNetMI-DNN-EEGNET-P01-L1-LOW-CAL-OFFICIAL-R2:4_PER_CLASS-MR00,PhysioNetMI,DNN-EEGNET,A0-RAW-ACCEPT-ALL,P01-L1-LOW-CAL-OFFICIAL-R2:4_PER_CLASS,0,93,0,45,0.5,0.3382352941176471,0.5111111111111111,0.541501976284585
P02-A0-PhysioNetMI-DNN-EEGNET-P01-L1-LOW-CAL-OFFICIAL-R2:4_PER_CLASS-MR00,PhysioNetMI,DNN-EEGNET,A0-RAW-ACCEPT-ALL,P01-L1-LOW-CAL-OFFICIAL-R2:4_PER_CLASS,0,98,0,45,0.5,0.3382352941176471,0.5111111111111111,0.4426877470355731
P02-A0-PhysioNetMI-DNN-EEGNET-P01-L1-LOW-CAL-OFFICIAL-R2:4_PER_CLASS-MR00,PhysioNetMI,DNN-EEGNET,A0-RAW-ACCEPT-ALL,P01-L1-LOW-CAL-OFFICIAL-R2:4_PER_CLASS,0,107,0,45,0.5,0.34782608695652173,0.5333333333333333,0.5357142857142857
P02-A0-PhysioNetMI-DNN-EEGNET-P01-L1-LOW-CAL-OFFICIAL-R2:4_PER_CLASS-MR01,PhysioNetMI,DNN-EEGNET,A0-RAW-ACCEPT-ALL,P01-L1-LOW-CAL-OFFICIAL-R2:4_PER_CLASS,1,6,0,45,0.47023809523809523,0.46640316205533594,0.4666666666666667,0.4890873015873016
P02-A0-PhysioNetMI-DNN-EEGNET-P01-L1-LOW-CAL-OFFICIAL-R2:4_PER_CLASS-MR01,PhysioNetMI,DNN-EEGNET,A0-RAW-ACCEPT-ALL,P01-L1-LOW-CAL-OFFICIAL-R2:4_PER_CLASS,1,27,0,45,0.5128458498023716,0.5089285714285714,0.5111111111111111,0.45849802371541504
P02-A0-PhysioNetMI-DNN-EEGNET-P01-L1-LOW-CAL-OFFICIAL-R2:4_PER_CLASS-MR01,PhysioNetMI,DNN-EEGNET,A0-RAW-ACCEPT-ALL,P01-L1-LOW-CAL-OFFICIAL-R2:4_PER_CLASS,1,39,0,45,0.5,0.3283582089552239,0.4888888888888889,0.3972332015810277
P02-A0-PhysioNetMI-DNN-EEGNET-P01-L1-LOW-CAL-OFFICIAL-R2:4_PER_CLASS-MR01,PhysioNetMI,DNN-EEGNET,A0-RAW-ACCEPT-ALL,P01-L1-LOW-CAL-OFFICIAL-R2:4_PER_CLASS,1,40,0,45,0.47023809523809523,0.3640474844544941,0.4444444444444444,0.501984126984127
P02-A0-PhysioNetMI-DNN-EEGNET-P01-L1-LOW-CAL-OFFICIAL-R2:4_PER_CLASS-MR01,PhysioNetMI,DNN-EEGNET,A0-RAW-ACCEPT-ALL,P01-L1-LOW-CAL-OFFICIAL-R2:4_PER_CLASS,1,47,0,45,0.5,0.34782608695652173,0.5333333333333333,0.3452380952380952
P02-A0-PhysioNetMI-DNN-EEGNET-P01-L1-LOW-CAL-OFFICIAL-R2:4_PER_CLASS-MR01,PhysioNetMI,DNN-EEGNET,A0-RAW-ACCEPT-ALL,P01-L1-LOW-CAL-OFFICIAL-R2:4_PER_CLASS,1,48,0,45,0.5,0.3382352941176471,0.5111111111111111,0.38339920948616607
P02-A0-PhysioNetMI-DNN-EEGNET-P01-L1-LOW-CAL-OFFICIAL-R2:4_PER_CLASS-MR01,PhysioNetMI,DNN-EEGNET,A0-RAW-ACCEPT-ALL,P01-L1-LOW-CAL-OFFICIAL-R2:4_PER_CLASS,1,57,0,45,0.47916666666666663,0.45344129554655865,0.4666666666666667,0.5525793650793651
P02-A0-PhysioNetMI-DNN-EEGNET-P01-L1-LOW-CAL-OFFICIAL-R2:4_PER_CLASS-MR01,PhysioNetMI,DNN-EEGNET,A0-RAW-ACCEPT-ALL,P01-L1-LOW-CAL-OFFICIAL-R2:4_PER_CLASS,1,71,0,45,0.49308300395256915,0.4722080571137175,0.4888888888888889,0.4901185770750988
P02-A0-PhysioNetMI-DNN-EEGNET-P01-L1-LOW-CAL-OFFICIAL-R2:4_PER_CLASS-MR01,PhysioNetMI,DNN-EEGNET,A0-RAW-ACCEPT-ALL,P01-L1-LOW-CAL-OFFICIAL-R2:4_PER_CLASS,1,93,0,45,0.5,0.3382352941176471,0.5111111111111111,0.5375494071146245
P02-A0-PhysioNetMI-DNN-EEGNET-P01-L1-LOW-CAL-OFFICIAL-R2:4_PER_CLASS-MR01,PhysioNetMI,DNN-EEGNET,A0-RAW-ACCEPT-ALL,P01-L1-LOW-CAL-OFFICIAL-R2:4_PER_CLASS,1,98,0,45,0.5,0.3382352941176471,0.5111111111111111,0.5375494071146245
P02-A0-PhysioNetMI-DNN-EEGNET-P01-L1-LOW-CAL-OFFICIAL-R2:4_PER_CLASS-MR01,PhysioNetMI,DNN-EEGNET,A0-RAW-ACCEPT-ALL,P01-L1-LOW-CAL-OFFICIAL-R2:4_PER_CLASS,1,107,0,45,0.48809523809523814,0.42972350230414746,0.5111111111111111,0.48611111111111116
P02-A0-PhysioNetMI-DNN-EEGNET-P01-L1-LOW-CAL-OFFICIAL-R2:4_PER_CLASS-MR02,PhysioNetMI,DNN-EEGNET,A0-RAW-ACCEPT-ALL,P01-L1-LOW-CAL-OFFICIAL-R2:4_PER_CLASS,2,6,0,45,0.5,0.4796380090497738,0.4888888888888889,0.501984126984127
P02-A0-PhysioNetMI-DNN-EEGNET-P01-L1-LOW-CAL-OFFICIAL-R2:4_PER_CLASS-MR02,PhysioNetMI,DNN-EEGNET,A0-RAW-ACCEPT-ALL,P01-L1-LOW-CAL-OFFICIAL-R2:4_PER_CLASS,2,27,0,45,0.4990118577075099,0.3630769230769231,0.4888888888888889,0.5612648221343873
P02-A0-PhysioNetMI-DNN-EEGNET-P01-L1-LOW-CAL-OFFICIAL-R2:4_PER_CLASS-MR02,PhysioNetMI,DNN-EEGNET,A0-RAW-ACCEPT-ALL,P01-L1-LOW-CAL-OFFICIAL-R2:4_PER_CLASS,2,39,0,45,0.5,0.3283582089552239,0.4888888888888889,0.4525691699604743
P02-A0-PhysioNetMI-DNN-EEGNET-P01-L1-LOW-CAL-OFFICIAL-R2:4_PER_CLASS-MR02,PhysioNetMI,DNN-EEGNET,A0-RAW-ACCEPT-ALL,P01-L1-LOW-CAL-OFFICIAL-R2:4_PER_CLASS,2,40,0,45,0.41964285714285715,0.354066985645933,0.4,0.6051587301587302
P02-A0-PhysioNetMI-DNN-EEGNET-P01-L1-LOW-CAL-OFFICIAL-R2:4_PER_CLASS-MR02,PhysioNetMI,DNN-EEGNET,A0-RAW-ACCEPT-ALL,P01-L1-LOW-CAL-OFFICIAL-R2:4_PER_CLASS,2,47,0,45,0.5,0.34782608695652173,0.5333333333333333,0.3174603174603175
P02-A0-PhysioNetMI-DNN-EEGNET-P01-L1-LOW-CAL-OFFICIAL-R2:4_PER_CLASS-MR02,PhysioNetMI,DNN-EEGNET,A0-RAW-ACCEPT-ALL,P01-L1-LOW-CAL-OFFICIAL-R2:4_PER_CLASS,2,48,0,45,0.5,0.3382352941176471,0.5111111111111111,0.4199604743083004
P02-A0-PhysioNetMI-DNN-EEGNET-P01-L1-LOW-CAL-OFFICIAL-R2:4_PER_CLASS-MR02,PhysioNetMI,DNN-EEGNET,A0-RAW-ACCEPT-ALL,P01-L1-LOW-CAL-OFFICIAL-R2:4_PER_CLASS,2,57,0,45,0.5208333333333333,0.505,0.5111111111111111,0.5595238095238095
P02-A0-PhysioNetMI-DNN-EEGNET-P01-L1-LOW-CAL-OFFICIAL-R2:4_PER_CLASS-MR02,PhysioNetMI,DNN-EEGNET,A0-RAW-ACCEPT-ALL,P01-L1-LOW-CAL-OFFICIAL-R2:4_PER_CLASS,2,71,0,45,0.5355731225296443,0.5296167247386759,0.5333333333333333,0.47826086956521746
P02-A0-PhysioNetMI-DNN-EEGNET-P01-L1-LOW-CAL-OFFICIAL-R2:4_PER_CLASS-MR02,PhysioNetMI,DNN-EEGNET,A0-RAW-ACCEPT-ALL,P01-L1-LOW-CAL-OFFICIAL-R2:4_PER_CLASS,2,93,0,45,0.5,0.3382352941176471,0.5111111111111111,0.5790513833992095
P02-A0-PhysioNetMI-DNN-EEGNET-P01-L1-LOW-CAL-OFFICIAL-R2:4_PER_CLASS-MR02,PhysioNetMI,DNN-EEGNET,A0-RAW-ACCEPT-ALL,P01-L1-LOW-CAL-OFFICIAL-R2:4_PER_CLASS,2,98,0,45,0.5,0.3382352941176471,0.5111111111111111,0.4051383399209486
P02-A0-PhysioNetMI-DNN-EEGNET-P01-L1-LOW-CAL-OFFICIAL-R2:4_PER_CLASS-MR02,PhysioNetMI,DNN-EEGNET,A0-RAW-ACCEPT-ALL,P01-L1-LOW-CAL-OFFICIAL-R2:4_PER_CLASS,2,107,0,45,0.5297619047619048,0.5296167247386759,0.5333333333333333,0.503968253968254
P02-A0-PhysioNetMI-DNN-EEGNET-P01-L1-LOW-CAL-OFFICIAL-R2:4_PER_CLASS-MR03,PhysioNetMI,DNN-EEGNET,A0-RAW-ACCEPT-ALL,P01-L1-LOW-CAL-OFFICIAL-R2:4_PER_CLASS,3,6,0,45,0.5208333333333333,0.505,0.5111111111111111,0.4563492063492063
P02-A0-PhysioNetMI-DNN-EEGNET-P01-L1-LOW-CAL-OFFICIAL-R2:4_PER_CLASS-MR03,PhysioNetMI,DNN-EEGNET,A0-RAW-ACCEPT-ALL,P01-L1-LOW-CAL-OFFICIAL-R2:4_PER_CLASS,3,27,0,45,0.5158102766798419,0.4907407407407407,0.5111111111111111,0.466403162055336
P02-A0-PhysioNetMI-DNN-EEGNET-P01-L1-LOW-CAL-OFFICIAL-R2:4_PER_CLASS-MR03,PhysioNetMI,DNN-EEGNET,A0-RAW-ACCEPT-ALL,P01-L1-LOW-CAL-OFFICIAL-R2:4_PER_CLASS,3,39,0,45,0.5,0.3283582089552239,0.4888888888888889,0.4782608695652174
P02-A0-PhysioNetMI-DNN-EEGNET-P01-L1-LOW-CAL-OFFICIAL-R2:4_PER_CLASS-MR03,PhysioNetMI,DNN-EEGNET,A0-RAW-ACCEPT-ALL,P01-L1-LOW-CAL-OFFICIAL-R2:4_PER_CLASS,3,40,0,45,0.47023809523809523,0.3640474844544941,0.4444444444444444,0.4920634920634921
P02-A0-PhysioNetMI-DNN-EEGNET-P01-L1-LOW-CAL-OFFICIAL-R2:4_PER_CLASS-MR03,PhysioNetMI,DNN-EEGNET,A0-RAW-ACCEPT-ALL,P01-L1-LOW-CAL-OFFICIAL-R2:4_PER_CLASS,3,47,0,45,0.5,0.34782608695652173,0.5333333333333333,0.48214285714285715
P02-A0-PhysioNetMI-DNN-EEGNET-P01-L1-LOW-CAL-OFFICIAL-R2:4_PER_CLASS-MR03,PhysioNetMI,DNN-EEGNET,A0-RAW-ACCEPT-ALL,P01-L1-LOW-CAL-OFFICIAL-R2:4_PER_CLASS,3,48,0,45,0.5,0.3382352941176471,0.5111111111111111,0.3932806324110672
P02-A0-PhysioNetMI-DNN-EEGNET-P01-L1-LOW-CAL-OFFICIAL-R2:4_PER_CLASS-MR03,PhysioNetMI,DNN-EEGNET,A0-RAW-ACCEPT-ALL,P01-L1-LOW-CAL-OFFICIAL-R2:4_PER_CLASS,3,57,0,45,0.5535714285714286,0.49760765550239233,0.5333333333333333,0.5376984126984127
P02-A0-PhysioNetMI-DNN-EEGNET-P01-L1-LOW-CAL-OFFICIAL-R2:4_PER_CLASS-MR03,PhysioNetMI,DNN-EEGNET,A0-RAW-ACCEPT-ALL,P01-L1-LOW-CAL-OFFICIAL-R2:4_PER_CLASS,3,71,0,45,0.46837944664031617,0.4642857142857143,0.4666666666666667,0.4920948616600791
P02-A0-PhysioNetMI-DNN-EEGNET-P01-L1-LOW-CAL-OFFICIAL-R2:4_PER_CLASS-MR03,PhysioNetMI,DNN-EEGNET,A0-RAW-ACCEPT-ALL,P01-L1-LOW-CAL-OFFICIAL-R2:4_PER_CLASS,3,93,0,45,0.5,0.3382352941176471,0.5111111111111111,0.4980237154150198
P02-A0-PhysioNetMI-DNN-EEGNET-P01-L1-LOW-CAL-OFFICIAL-R2:4_PER_CLASS-MR03,PhysioNetMI,DNN-EEGNET,A0-RAW-ACCEPT-ALL,P01-L1-LOW-CAL-OFFICIAL-R2:4_PER_CLASS,3,98,0,45,0.5,0.3382352941176471,0.5111111111111111,0.4980237154150198
P02-A0-PhysioNetMI-DNN-EEGNET-P01-L1-LOW-CAL-OFFICIAL-R2:4_PER_CLASS-MR03,PhysioNetMI,DNN-EEGNET,A0-RAW-ACCEPT-ALL,P01-L1-LOW-CAL-OFFICIAL-R2:4_PER_CLASS,3,107,0,45,0.46726190476190477,0.46640316205533594,0.4666666666666667,0.48412698412698413
P02-A0-PhysioNetMI-DNN-EEGNET-P01-L1-LOW-CAL-OFFICIAL-R2:4_PER_CLASS-MR04,PhysioNetMI,DNN-EEGNET,A0-RAW-ACCEPT-ALL,P01-L1-LOW-CAL-OFFICIAL-R2:4_PER_CLASS,4,6,0,45,0.5535714285714286,0.5535714285714286,0.5555555555555556,0.5059523809523809
P02-A0-PhysioNetMI-DNN-EEGNET-P01-L1-LOW-CAL-OFFICIAL-R2:4_PER_CLASS-MR04,PhysioNetMI,DNN-EEGNET,A0-RAW-ACCEPT-ALL,P01-L1-LOW-CAL-OFFICIAL-R2:4_PER_CLASS,4,27,0,45,0.6027667984189724,0.595,0.6,0.616600790513834
P02-A0-PhysioNetMI-DNN-EEGNET-P01-L1-LOW-CAL-OFFICIAL-R2:4_PER_CLASS-MR04,PhysioNetMI,DNN-EEGNET,A0-RAW-ACCEPT-ALL,P01-L1-LOW-CAL-OFFICIAL-R2:4_PER_CLASS,4,39,0,45,0.45454545454545453,0.3076923076923077,0.4444444444444444,0.46047430830039526
P02-A0-PhysioNetMI-DNN-EEGNET-P01-L1-LOW-CAL-OFFICIAL-R2:4_PER_CLASS-MR04,PhysioNetMI,DNN-EEGNET,A0-RAW-ACCEPT-ALL,P01-L1-LOW-CAL-OFFICIAL-R2:4_PER_CLASS,4,40,0,45,0.47619047619047616,0.3076923076923077,0.4444444444444444,0.48412698412698413
P02-A0-PhysioNetMI-DNN-EEGNET-P01-L1-LOW-CAL-OFFICIAL-R2:4_PER_CLASS-MR04,PhysioNetMI,DNN-EEGNET,A0-RAW-ACCEPT-ALL,P01-L1-LOW-CAL-OFFICIAL-R2:4_PER_CLASS,4,47,0,45,0.5,0.34782608695652173,0.5333333333333333,0.3373015873015873
P02-A0-PhysioNetMI-DNN-EEGNET-P01-L1-LOW-CAL-OFFICIAL-R2:4_PER_CLASS-MR04,PhysioNetMI,DNN-EEGNET,A0-RAW-ACCEPT-ALL,P01-L1-LOW-CAL-OFFICIAL-R2:4_PER_CLASS,4,48,0,45,0.5,0.3382352941176471,0.5111111111111111,0.3675889328063241
P02-A0-PhysioNetMI-DNN-EEGNET-P01-L1-LOW-CAL-OFFICIAL-R2:4_PER_CLASS-MR04,PhysioNetMI,DNN-EEGNET,A0-RAW-ACCEPT-ALL,P01-L1-LOW-CAL-OFFICIAL-R2:4_PER_CLASS,4,57,0,45,0.5208333333333333,0.505,0.5111111111111111,0.5496031746031746
P02-A0-PhysioNetMI-DNN-EEGNET-P01-L1-LOW-CAL-OFFICIAL-R2:4_PER_CLASS-MR04,PhysioNetMI,DNN-EEGNET,A0-RAW-ACCEPT-ALL,P01-L1-LOW-CAL-OFFICIAL-R2:4_PER_CLASS,4,71,0,45,0.4723320158102767,0.4327731092436975,0.4666666666666667,0.5019762845849801
P02-A0-PhysioNetMI-DNN-EEGNET-P01-L1-LOW-CAL-OFFICIAL-R2:4_PER_CLASS-MR04,PhysioNetMI,DNN-EEGNET,A0-RAW-ACCEPT-ALL,P01-L1-LOW-CAL-OFFICIAL-R2:4_PER_CLASS,4,93,0,45,0.5,0.3382352941176471,0.5111111111111111,0.49604743083003955
P02-A0-PhysioNetMI-DNN-EEGNET-P01-L1-LOW-CAL-OFFICIAL-R2:4_PER_CLASS-MR04,PhysioNetMI,DNN-EEGNET,A0-RAW-ACCEPT-ALL,P01-L1-LOW-CAL-OFFICIAL-R2:4_PER_CLASS,4,98,0,45,0.5,0.3382352941176471,0.5111111111111111,0.43873517786561267
P02-A0-PhysioNetMI-DNN-EEGNET-P01-L1-LOW-CAL-OFFICIAL-R2:4_PER_CLASS-MR04,PhysioNetMI,DNN-EEGNET,A0-RAW-ACCEPT-ALL,P01-L1-LOW-CAL-OFFICIAL-R2:4_PER_CLASS,4,107,0,45,0.5238095238095238,0.39839572192513373,0.5555555555555556,0.46428571428571425
P02-A0-PhysioNetMI-DNN-EEGNET-P01-L1-LOW-CAL-OFFICIAL-R2:8_PER_CLASS-MR00,PhysioNetMI,DNN-EEGNET,A0-RAW-ACCEPT-ALL,P01-L1-LOW-CAL-OFFICIAL-R2:8_PER_CLASS,0,6,0,45,0.5,0.34782608695652173,0.5333333333333333,0.5059523809523809
P02-A0-PhysioNetMI-DNN-EEGNET-P01-L1-LOW-CAL-OFFICIAL-R2:8_PER_CLASS-MR00,PhysioNetMI,DNN-EEGNET,A0-RAW-ACCEPT-ALL,P01-L1-LOW-CAL-OFFICIAL-R2:8_PER_CLASS,0,27,0,45,0.5,0.3382352941176471,0.5111111111111111,0.6126482213438735
P02-A0-PhysioNetMI-DNN-EEGNET-P01-L1-LOW-CAL-OFFICIAL-R2:8_PER_CLASS-MR00,PhysioNetMI,DNN-EEGNET,A0-RAW-ACCEPT-ALL,P01-L1-LOW-CAL-OFFICIAL-R2:8_PER_CLASS,0,39,0,45,0.5,0.3382352941176471,0.5111111111111111,0.48023715415019763
P02-A0-PhysioNetMI-DNN-EEGNET-P01-L1-LOW-CAL-OFFICIAL-R2:8_PER_CLASS-MR00,PhysioNetMI,DNN-EEGNET,A0-RAW-ACCEPT-ALL,P01-L1-LOW-CAL-OFFICIAL-R2:8_PER_CLASS,0,40,0,45,0.5,0.3181818181818182,0.4666666666666667,0.5128968253968254
P02-A0-PhysioNetMI-DNN-EEGNET-P01-L1-LOW-CAL-OFFICIAL-R2:8_PER_CLASS-MR00,PhysioNetMI,DNN-EEGNET,A0-RAW-ACCEPT-ALL,P01-L1-LOW-CAL-OFFICIAL-R2:8_PER_CLASS,0,47,0,45,0.5,0.34782608695652173,0.5333333333333333,0.3829365079365079
P02-A0-PhysioNetMI-DNN-EEGNET-P01-L1-LOW-CAL-OFFICIAL-R2:8_PER_CLASS-MR00,PhysioNetMI,DNN-EEGNET,A0-RAW-ACCEPT-ALL,P01-L1-LOW-CAL-OFFICIAL-R2:8_PER_CLASS,0,48,0,45,0.5,0.3283582089552239,0.4888888888888889,0.4486166007905138
P02-A0-PhysioNetMI-DNN-EEGNET-P01-L1-LOW-CAL-OFFICIAL-R2:8_PER_CLASS-MR00,PhysioNetMI,DNN-EEGNET,A0-RAW-ACCEPT-ALL,P01-L1-LOW-CAL-OFFICIAL-R2:8_PER_CLASS,0,57,0,45,0.5,0.34782608695652173,0.5333333333333333,0.5337301587301587
P02-A0-PhysioNetMI-DNN-EEGNET-P01-L1-LOW-CAL-OFFICIAL-R2:8_PER_CLASS-MR00,PhysioNetMI,DNN-EEGNET,A0-RAW-ACCEPT-ALL,P01-L1-LOW-CAL-OFFICIAL-R2:8_PER_CLASS,0,71,0,45,0.5,0.3283582089552239,0.4888888888888889,0.4565217391304348
P02-A0-PhysioNetMI-DNN-EEGNET-P01-L1-LOW-CAL-OFFICIAL-R2:8_PER_CLASS-MR00,PhysioNetMI,DNN-EEGNET,A0-RAW-ACCEPT-ALL,P01-L1-LOW-CAL-OFFICIAL-R2:8_PER_CLASS,0,93,0,45,0.5,0.3382352941176471,0.5111111111111111,0.7193675889328064
P02-A0-PhysioNetMI-DNN-EEGNET-P01-L1-LOW-CAL-OFFICIAL-R2:8_PER_CLASS-MR00,PhysioNetMI,DNN-EEGNET,A0-RAW-ACCEPT-ALL,P01-L1-LOW-CAL-OFFICIAL-R2:8_PER_CLASS,0,98,0,45,0.5,0.3382352941176471,0.5111111111111111,0.541501976284585
P02-A0-PhysioNetMI-DNN-EEGNET-P01-L1-LOW-CAL-OFFICIAL-R2:8_PER_CLASS-MR00,PhysioNetMI,DNN-EEGNET,A0-RAW-ACCEPT-ALL,P01-L1-LOW-CAL-OFFICIAL-R2:8_PER_CLASS,0,107,0,45,0.5,0.34782608695652173,0.5333333333333333,0.5138888888888888
P02-A0-PhysioNetMI-DNN-EEGNET-P01-L1-LOW-CAL-OFFICIAL-R2:8_PER_CLASS-MR01,PhysioNetMI,DNN-EEGNET,A0-RAW-ACCEPT-ALL,P01-L1-LOW-CAL-OFFICIAL-R2:8_PER_CLASS,1,6,0,45,0.5,0.34782608695652173,0.5333333333333333,0.48611111111111105
P02-A0-PhysioNetMI-DNN-EEGNET-P01-L1-LOW-CAL-OFFICIAL-R2:8_PER_CLASS-MR01,PhysioNetMI,DNN-EEGNET,A0-RAW-ACCEPT-ALL,P01-L1-LOW-CAL-OFFICIAL-R2:8_PER_CLASS,1,27,0,45,0.5,0.3382352941176471,0.5111111111111111,0.6442687747035574
P02-A0-PhysioNetMI-DNN-EEGNET-P01-L1-LOW-CAL-OFFICIAL-R2:8_PER_CLASS-MR01,PhysioNetMI,DNN-EEGNET,A0-RAW-ACCEPT-ALL,P01-L1-LOW-CAL-OFFICIAL-R2:8_PER_CLASS,1,39,0,45,0.5,0.3382352941176471,0.5111111111111111,0.4110671936758893
P02-A0-PhysioNetMI-DNN-EEGNET-P01-L1-LOW-CAL-OFFICIAL-R2:8_PER_CLASS-MR01,PhysioNetMI,DNN-EEGNET,A0-RAW-ACCEPT-ALL,P01-L1-LOW-CAL-OFFICIAL-R2:8_PER_CLASS,1,40,0,45,0.5,0.3181818181818182,0.4666666666666667,0.4662698412698412
P02-A0-PhysioNetMI-DNN-EEGNET-P01-L1-LOW-CAL-OFFICIAL-R2:8_PER_CLASS-MR01,PhysioNetMI,DNN-EEGNET,A0-RAW-ACCEPT-ALL,P01-L1-LOW-CAL-OFFICIAL-R2:8_PER_CLASS,1,47,0,45,0.5,0.34782608695652173,0.5333333333333333,0.3968253968253968
P02-A0-PhysioNetMI-DNN-EEGNET-P01-L1-LOW-CAL-OFFICIAL-R2:8_PER_CLASS-MR01,PhysioNetMI,DNN-EEGNET,A0-RAW-ACCEPT-ALL,P01-L1-LOW-CAL-OFFICIAL-R2:8_PER_CLASS,1,48,0,45,0.5335968379446641,0.5333333333333333,0.5333333333333333,0.4328063241106719
P02-A0-PhysioNetMI-DNN-EEGNET-P01-L1-LOW-CAL-OFFICIAL-R2:8_PER_CLASS-MR01,PhysioNetMI,DNN-EEGNET,A0-RAW-ACCEPT-ALL,P01-L1-LOW-CAL-OFFICIAL-R2:8_PER_CLASS,1,57,0,45,0.5,0.34782608695652173,0.5333333333333333,0.5178571428571428
P02-A0-PhysioNetMI-DNN-EEGNET-P01-L1-LOW-CAL-OFFICIAL-R2:8_PER_CLASS-MR01,PhysioNetMI,DNN-EEGNET,A0-RAW-ACCEPT-ALL,P01-L1-LOW-CAL-OFFICIAL-R2:8_PER_CLASS,1,71,0,45,0.5,0.3283582089552239,0.4888888888888889,0.5039525691699605
P02-A0-PhysioNetMI-DNN-EEGNET-P01-L1-LOW-CAL-OFFICIAL-R2:8_PER_CLASS-MR01,PhysioNetMI,DNN-EEGNET,A0-RAW-ACCEPT-ALL,P01-L1-LOW-CAL-OFFICIAL-R2:8_PER_CLASS,1,93,0,45,0.5,0.3382352941176471,0.5111111111111111,0.6007905138339922
P02-A0-PhysioNetMI-DNN-EEGNET-P01-L1-LOW-CAL-OFFICIAL-R2:8_PER_CLASS-MR01,PhysioNetMI,DNN-EEGNET,A0-RAW-ACCEPT-ALL,P01-L1-LOW-CAL-OFFICIAL-R2:8_PER_CLASS,1,98,0,45,0.5,0.3382352941176471,0.5111111111111111,0.47430830039525695
P02-A0-PhysioNetMI-DNN-EEGNET-P01-L1-LOW-CAL-OFFICIAL-R2:8_PER_CLASS-MR01,PhysioNetMI,DNN-EEGNET,A0-RAW-ACCEPT-ALL,P01-L1-LOW-CAL-OFFICIAL-R2:8_PER_CLASS,1,107,0,45,0.5,0.34782608695652173,0.5333333333333333,0.46428571428571425
P02-A0-PhysioNetMI-DNN-EEGNET-P01-L1-LOW-CAL-OFFICIAL-R2:8_PER_CLASS-MR02,PhysioNetMI,DNN-EEGNET,A0-RAW-ACCEPT-ALL,P01-L1-LOW-CAL-OFFICIAL-R2:8_PER_CLASS,2,6,0,45,0.4851190476190476,0.4050480769230769,0.5111111111111111,0.42063492063492064
P02-A0-PhysioNetMI-DNN-EEGNET-P01-L1-LOW-CAL-OFFICIAL-R2:8_PER_CLASS-MR02,PhysioNetMI,DNN-EEGNET,A0-RAW-ACCEPT-ALL,P01-L1-LOW-CAL-OFFICIAL-R2:8_PER_CLASS,2,27,0,45,0.5335968379446641,0.5333333333333333,0.5333333333333333,0.48023715415019763
P02-A0-PhysioNetMI-DNN-EEGNET-P01-L1-LOW-CAL-OFFICIAL-R2:8_PER_CLASS-MR02,PhysioNetMI,DNN-EEGNET,A0-RAW-ACCEPT-ALL,P01-L1-LOW-CAL-OFFICIAL-R2:8_PER_CLASS,2,39,0,45,0.4288537549407115,0.36961206896551724,0.4222222222222222,0.43280632411067194
P02-A0-PhysioNetMI-DNN-EEGNET-P01-L1-LOW-CAL-OFFICIAL-R2:8_PER_CLASS-MR02,PhysioNetMI,DNN-EEGNET,A0-RAW-ACCEPT-ALL,P01-L1-LOW-CAL-OFFICIAL-R2:8_PER_CLASS,2,40,0,45,0.47619047619047616,0.3076923076923077,0.4444444444444444,0.5595238095238095
P02-A0-PhysioNetMI-DNN-EEGNET-P01-L1-LOW-CAL-OFFICIAL-R2:8_PER_CLASS-MR02,PhysioNetMI,DNN-EEGNET,A0-RAW-ACCEPT-ALL,P01-L1-LOW-CAL-OFFICIAL-R2:8_PER_CLASS,2,47,0,45,0.5,0.34782608695652173,0.5333333333333333,0.36904761904761907
P02-A0-PhysioNetMI-DNN-EEGNET-P01-L1-LOW-CAL-OFFICIAL-R2:8_PER_CLASS-MR02,PhysioNetMI,DNN-EEGNET,A0-RAW-ACCEPT-ALL,P01-L1-LOW-CAL-OFFICIAL-R2:8_PER_CLASS,2,48,0,45,0.5,0.3382352941176471,0.5111111111111111,0.45256916996047436
P02-A0-PhysioNetMI-DNN-EEGNET-P01-L1-LOW-CAL-OFFICIAL-R2:8_PER_CLASS-MR02,PhysioNetMI,DNN-EEGNET,A0-RAW-ACCEPT-ALL,P01-L1-LOW-CAL-OFFICIAL-R2:8_PER_CLASS,2,57,0,45,0.49404761904761907,0.4665948275862069,0.5111111111111111,0.4642857142857143
P02-A0-PhysioNetMI-DNN-EEGNET-P01-L1-LOW-CAL-OFFICIAL-R2:8_PER_CLASS-MR02,PhysioNetMI,DNN-EEGNET,A0-RAW-ACCEPT-ALL,P01-L1-LOW-CAL-OFFICIAL-R2:8_PER_CLASS,2,71,0,45,0.4505928853754941,0.4019138755980861,0.4444444444444444,0.5
P02-A0-PhysioNetMI-DNN-EEGNET-P01-L1-LOW-CAL-OFFICIAL-R2:8_PER_CLASS-MR02,PhysioNetMI,DNN-EEGNET,A0-RAW-ACCEPT-ALL,P01-L1-LOW-CAL-OFFICIAL-R2:8_PER_CLASS,2,93,0,45,0.5,0.3382352941176471,0.5111111111111111,0.5177865612648221
P02-A0-PhysioNetMI-DNN-EEGNET-P01-L1-LOW-CAL-OFFICIAL-R2:8_PER_CLASS-MR02,PhysioNetMI,DNN-EEGNET,A0-RAW-ACCEPT-ALL,P01-L1-LOW-CAL-OFFICIAL-R2:8_PER_CLASS,2,98,0,45,0.5,0.3382352941176471,0.5111111111111111,0.5118577075098814
P02-A0-PhysioNetMI-DNN-EEGNET-P01-L1-LOW-CAL-OFFICIAL-R2:8_PER_CLASS-MR02,PhysioNetMI,DNN-EEGNET,A0-RAW-ACCEPT-ALL,P01-L1-LOW-CAL-OFFICIAL-R2:8_PER_CLASS,2,107,0,45,0.4910714285714286,0.4888888888888889,0.4888888888888889,0.4623015873015873
P02-A0-PhysioNetMI-DNN-EEGNET-P01-L1-LOW-CAL-OFFICIAL-R2:8_PER_CLASS-MR03,PhysioNetMI,DNN-EEGNET,A0-RAW-ACCEPT-ALL,P01-L1-LOW-CAL-OFFICIAL-R2:8_PER_CLASS,3,6,0,45,0.5148809523809523,0.5108695652173914,0.5111111111111111,0.5257936507936508
P02-A0-PhysioNetMI-DNN-EEGNET-P01-L1-LOW-CAL-OFFICIAL-R2:8_PER_CLASS-MR03,PhysioNetMI,DNN-EEGNET,A0-RAW-ACCEPT-ALL,P01-L1-LOW-CAL-OFFICIAL-R2:8_PER_CLASS,3,27,0,45,0.5177865612648221,0.4665948275862069,0.5111111111111111,0.48616600790513836
P02-A0-PhysioNetMI-DNN-EEGNET-P01-L1-LOW-CAL-OFFICIAL-R2:8_PER_CLASS-MR03,PhysioNetMI,DNN-EEGNET,A0-RAW-ACCEPT-ALL,P01-L1-LOW-CAL-OFFICIAL-R2:8_PER_CLASS,3,39,0,45,0.5,0.3283582089552239,0.4888888888888889,0.36363636363636365
P02-A0-PhysioNetMI-DNN-EEGNET-P01-L1-LOW-CAL-OFFICIAL-R2:8_PER_CLASS-MR03,PhysioNetMI,DNN-EEGNET,A0-RAW-ACCEPT-ALL,P01-L1-LOW-CAL-OFFICIAL-R2:8_PER_CLASS,3,40,0,45,0.5178571428571428,0.3915343915343915,0.4888888888888889,0.6170634920634921
P02-A0-PhysioNetMI-DNN-EEGNET-P01-L1-LOW-CAL-OFFICIAL-R2:8_PER_CLASS-MR03,PhysioNetMI,DNN-EEGNET,A0-RAW-ACCEPT-ALL,P01-L1-LOW-CAL-OFFICIAL-R2:8_PER_CLASS,3,47,0,45,0.5,0.34782608695652173,0.5333333333333333,0.46230158730158727
P02-A0-PhysioNetMI-DNN-EEGNET-P01-L1-LOW-CAL-OFFICIAL-R2:8_PER_CLASS-MR03,PhysioNetMI,DNN-EEGNET,A0-RAW-ACCEPT-ALL,P01-L1-LOW-CAL-OFFICIAL-R2:8_PER_CLASS,3,48,0,45,0.5,0.3382352941176471,0.5111111111111111,0.4683794466403162
P02-A0-PhysioNetMI-DNN-EEGNET-P01-L1-LOW-CAL-OFFICIAL-R2:8_PER_CLASS-MR03,PhysioNetMI,DNN-EEGNET,A0-RAW-ACCEPT-ALL,P01-L1-LOW-CAL-OFFICIAL-R2:8_PER_CLASS,3,57,0,45,0.5208333333333334,0.3630769230769231,0.4888888888888889,0.6071428571428571
P02-A0-PhysioNetMI-DNN-EEGNET-P01-L1-LOW-CAL-OFFICIAL-R2:8_PER_CLASS-MR03,PhysioNetMI,DNN-EEGNET,A0-RAW-ACCEPT-ALL,P01-L1-LOW-CAL-OFFICIAL-R2:8_PER_CLASS,3,71,0,45,0.49011857707509876,0.48787728847105394,0.4888888888888889,0.5177865612648221
P02-A0-PhysioNetMI-DNN-EEGNET-P01-L1-LOW-CAL-OFFICIAL-R2:8_PER_CLASS-MR03,PhysioNetMI,DNN-EEGNET,A0-RAW-ACCEPT-ALL,P01-L1-LOW-CAL-OFFICIAL-R2:8_PER_CLASS,3,93,0,45,0.5,0.3382352941176471,0.5111111111111111,0.624505928853755
P02-A0-PhysioNetMI-DNN-EEGNET-P01-L1-LOW-CAL-OFFICIAL-R2:8_PER_CLASS-MR03,PhysioNetMI,DNN-EEGNET,A0-RAW-ACCEPT-ALL,P01-L1-LOW-CAL-OFFICIAL-R2:8_PER_CLASS,3,98,0,45,0.5,0.3382352941176471,0.5111111111111111,0.46640316205533594
P02-A0-PhysioNetMI-DNN-EEGNET-P01-L1-LOW-CAL-OFFICIAL-R2:8_PER_CLASS-MR03,PhysioNetMI,DNN-EEGNET,A0-RAW-ACCEPT-ALL,P01-L1-LOW-CAL-OFFICIAL-R2:8_PER_CLASS,3,107,0,45,0.5267857142857143,0.4318181818181818,0.5555555555555556,0.4821428571428572
P02-A0-PhysioNetMI-DNN-EEGNET-P01-L1-LOW-CAL-OFFICIAL-R2:8_PER_CLASS-MR04,PhysioNetMI,DNN-EEGNET,A0-RAW-ACCEPT-ALL,P01-L1-LOW-CAL-OFFICIAL-R2:8_PER_CLASS,4,6,0,45,0.47023809523809523,0.46640316205533594,0.4666666666666667,0.4384920634920635
P02-A0-PhysioNetMI-DNN-EEGNET-P01-L1-LOW-CAL-OFFICIAL-R2:8_PER_CLASS-MR04,PhysioNetMI,DNN-EEGNET,A0-RAW-ACCEPT-ALL,P01-L1-LOW-CAL-OFFICIAL-R2:8_PER_CLASS,4,27,0,45,0.49604743083003955,0.434117003827228,0.4888888888888889,0.4723320158102767
P02-A0-PhysioNetMI-DNN-EEGNET-P01-L1-LOW-CAL-OFFICIAL-R2:8_PER_CLASS-MR04,PhysioNetMI,DNN-EEGNET,A0-RAW-ACCEPT-ALL,P01-L1-LOW-CAL-OFFICIAL-R2:8_PER_CLASS,4,39,0,45,0.4772727272727273,0.3181818181818182,0.4666666666666667,0.391304347826087
P02-A0-PhysioNetMI-DNN-EEGNET-P01-L1-LOW-CAL-OFFICIAL-R2:8_PER_CLASS-MR04,PhysioNetMI,DNN-EEGNET,A0-RAW-ACCEPT-ALL,P01-L1-LOW-CAL-OFFICIAL-R2:8_PER_CLASS,4,40,0,45,0.49404761904761907,0.37788018433179726,0.4666666666666667,0.5535714285714286
P02-A0-PhysioNetMI-DNN-EEGNET-P01-L1-LOW-CAL-OFFICIAL-R2:8_PER_CLASS-MR04,PhysioNetMI,DNN-EEGNET,A0-RAW-ACCEPT-ALL,P01-L1-LOW-CAL-OFFICIAL-R2:8_PER_CLASS,4,47,0,45,0.5,0.34782608695652173,0.5333333333333333,0.33134920634920634
P02-A0-PhysioNetMI-DNN-EEGNET-P01-L1-LOW-CAL-OFFICIAL-R2:8_PER_CLASS-MR04,PhysioNetMI,DNN-EEGNET,A0-RAW-ACCEPT-ALL,P01-L1-LOW-CAL-OFFICIAL-R2:8_PER_CLASS,4,48,0,45,0.5,0.3382352941176471,0.5111111111111111,0.5079051383399209
P02-A0-PhysioNetMI-DNN-EEGNET-P01-L1-LOW-CAL-OFFICIAL-R2:8_PER_CLASS-MR04,PhysioNetMI,DNN-EEGNET,A0-RAW-ACCEPT-ALL,P01-L1-LOW-CAL-OFFICIAL-R2:8_PER_CLASS,4,57,0,45,0.47619047619047616,0.46,0.4666666666666667,0.5515873015873015
P02-A0-PhysioNetMI-DNN-EEGNET-P01-L1-LOW-CAL-OFFICIAL-R2:8_PER_CLASS-MR04,PhysioNetMI,DNN-EEGNET,A0-RAW-ACCEPT-ALL,P01-L1-LOW-CAL-OFFICIAL-R2:8_PER_CLASS,4,71,0,45,0.49308300395256915,0.4722080571137175,0.4888888888888889,0.5
P02-A0-PhysioNetMI-DNN-EEGNET-P01-L1-LOW-CAL-OFFICIAL-R2:8_PER_CLASS-MR04,PhysioNetMI,DNN-EEGNET,A0-RAW-ACCEPT-ALL,P01-L1-LOW-CAL-OFFICIAL-R2:8_PER_CLASS,4,93,0,45,0.5,0.3382352941176471,0.5111111111111111,0.5849802371541502
P02-A0-PhysioNetMI-DNN-EEGNET-P01-L1-LOW-CAL-OFFICIAL-R2:8_PER_CLASS-MR04,PhysioNetMI,DNN-EEGNET,A0-RAW-ACCEPT-ALL,P01-L1-LOW-CAL-OFFICIAL-R2:8_PER_CLASS,4,98,0,45,0.5,0.3382352941176471,0.5111111111111111,0.525691699604743
P02-A0-PhysioNetMI-DNN-EEGNET-P01-L1-LOW-CAL-OFFICIAL-R2:8_PER_CLASS-MR04,PhysioNetMI,DNN-EEGNET,A0-RAW-ACCEPT-ALL,P01-L1-LOW-CAL-OFFICIAL-R2:8_PER_CLASS,4,107,0,45,0.4196428571428571,0.4196428571428571,0.4222222222222222,0.40476190476190477
P02-A0-PhysioNetMI-DNN-EEGNET-P01-L1-LOW-CAL-OFFICIAL-R2:16_PER_CLASS-MR00,PhysioNetMI,DNN-EEGNET,A0-RAW-ACCEPT-ALL,P01-L1-LOW-CAL-OFFICIAL-R2:16_PER_CLASS,0,6,0,45,0.5476190476190477,0.445165476963011,0.5777777777777777,0.5555555555555555
P02-A0-PhysioNetMI-DNN-EEGNET-P01-L1-LOW-CAL-OFFICIAL-R2:16_PER_CLASS-MR00,PhysioNetMI,DNN-EEGNET,A0-RAW-ACCEPT-ALL,P01-L1-LOW-CAL-OFFICIAL-R2:16_PER_CLASS,0,27,0,45,0.6620553359683794,0.6493506493506493,0.6666666666666666,0.6462450592885375
P02-A0-PhysioNetMI-DNN-EEGNET-P01-L1-LOW-CAL-OFFICIAL-R2:16_PER_CLASS-MR00,PhysioNetMI,DNN-EEGNET,A0-RAW-ACCEPT-ALL,P01-L1-LOW-CAL-OFFICIAL-R2:16_PER_CLASS,0,39,0,45,0.4762845849802371,0.35096153846153844,0.4666666666666667,0.5592885375494071
P02-A0-PhysioNetMI-DNN-EEGNET-P01-L1-LOW-CAL-OFFICIAL-R2:16_PER_CLASS-MR00,PhysioNetMI,DNN-EEGNET,A0-RAW-ACCEPT-ALL,P01-L1-LOW-CAL-OFFICIAL-R2:16_PER_CLASS,0,40,0,45,0.4970238095238095,0.35096153846153844,0.4666666666666667,0.48611111111111116
P02-A0-PhysioNetMI-DNN-EEGNET-P01-L1-LOW-CAL-OFFICIAL-R2:16_PER_CLASS-MR00,PhysioNetMI,DNN-EEGNET,A0-RAW-ACCEPT-ALL,P01-L1-LOW-CAL-OFFICIAL-R2:16_PER_CLASS,0,47,0,45,0.5,0.34782608695652173,0.5333333333333333,0.46825396825396826
P02-A0-PhysioNetMI-DNN-EEGNET-P01-L1-LOW-CAL-OFFICIAL-R2:16_PER_CLASS-MR00,PhysioNetMI,DNN-EEGNET,A0-RAW-ACCEPT-ALL,P01-L1-LOW-CAL-OFFICIAL-R2:16_PER_CLASS,0,48,0,45,0.5,0.3382352941176471,0.5111111111111111,0.5276679841897234
P02-A0-PhysioNetMI-DNN-EEGNET-P01-L1-LOW-CAL-OFFICIAL-R2:16_PER_CLASS-MR00,PhysioNetMI,DNN-EEGNET,A0-RAW-ACCEPT-ALL,P01-L1-LOW-CAL-OFFICIAL-R2:16_PER_CLASS,0,57,0,45,0.5803571428571428,0.5777777777777777,0.5777777777777777,0.628968253968254
P02-A0-PhysioNetMI-DNN-EEGNET-P01-L1-LOW-CAL-OFFICIAL-R2:16_PER_CLASS-MR00,PhysioNetMI,DNN-EEGNET,A0-RAW-ACCEPT-ALL,P01-L1-LOW-CAL-OFFICIAL-R2:16_PER_CLASS,0,71,0,45,0.4772727272727273,0.3181818181818182,0.4666666666666667,0.6600790513833993
P02-A0-PhysioNetMI-DNN-EEGNET-P01-L1-LOW-CAL-OFFICIAL-R2:16_PER_CLASS-MR00,PhysioNetMI,DNN-EEGNET,A0-RAW-ACCEPT-ALL,P01-L1-LOW-CAL-OFFICIAL-R2:16_PER_CLASS,0,93,0,45,0.5909090909090909,0.5132211538461539,0.6,0.841897233201581
P02-A0-PhysioNetMI-DNN-EEGNET-P01-L1-LOW-CAL-OFFICIAL-R2:16_PER_CLASS-MR00,PhysioNetMI,DNN-EEGNET,A0-RAW-ACCEPT-ALL,P01-L1-LOW-CAL-OFFICIAL-R2:16_PER_CLASS,0,98,0,45,0.5227272727272727,0.3867618429591174,0.5333333333333333,0.7252964426877471
P02-A0-PhysioNetMI-DNN-EEGNET-P01-L1-LOW-CAL-OFFICIAL-R2:16_PER_CLASS-MR00,PhysioNetMI,DNN-EEGNET,A0-RAW-ACCEPT-ALL,P01-L1-LOW-CAL-OFFICIAL-R2:16_PER_CLASS,0,107,0,45,0.4821428571428571,0.375,0.5111111111111111,0.5059523809523809
P02-A0-PhysioNetMI-DNN-EEGNET-P01-L1-LOW-CAL-OFFICIAL-R2:16_PER_CLASS-MR01,PhysioNetMI,DNN-EEGNET,A0-RAW-ACCEPT-ALL,P01-L1-LOW-CAL-OFFICIAL-R2:16_PER_CLASS,1,6,0,45,0.5,0.34782608695652173,0.5333333333333333,0.5436507936507936
P02-A0-PhysioNetMI-DNN-EEGNET-P01-L1-LOW-CAL-OFFICIAL-R2:16_PER_CLASS-MR01,PhysioNetMI,DNN-EEGNET,A0-RAW-ACCEPT-ALL,P01-L1-LOW-CAL-OFFICIAL-R2:16_PER_CLASS,1,27,0,45,0.42292490118577075,0.42193675889328064,0.4222222222222222,0.5098814229249011
P02-A0-PhysioNetMI-DNN-EEGNET-P01-L1-LOW-CAL-OFFICIAL-R2:16_PER_CLASS-MR01,PhysioNetMI,DNN-EEGNET,A0-RAW-ACCEPT-ALL,P01-L1-LOW-CAL-OFFICIAL-R2:16_PER_CLASS,1,39,0,45,0.5424901185770751,0.4444444444444444,0.5333333333333333,0.3241106719367589
P02-A0-PhysioNetMI-DNN-EEGNET-P01-L1-LOW-CAL-OFFICIAL-R2:16_PER_CLASS-MR01,PhysioNetMI,DNN-EEGNET,A0-RAW-ACCEPT-ALL,P01-L1-LOW-CAL-OFFICIAL-R2:16_PER_CLASS,1,40,0,45,0.47023809523809523,0.3640474844544941,0.4444444444444444,0.6507936507936508
P02-A0-PhysioNetMI-DNN-EEGNET-P01-L1-LOW-CAL-OFFICIAL-R2:16_PER_CLASS-MR01,PhysioNetMI,DNN-EEGNET,A0-RAW-ACCEPT-ALL,P01-L1-LOW-CAL-OFFICIAL-R2:16_PER_CLASS,1,47,0,45,0.5,0.34782608695652173,0.5333333333333333,0.4484126984126984
P02-A0-PhysioNetMI-DNN-EEGNET-P01-L1-LOW-CAL-OFFICIAL-R2:16_PER_CLASS-MR01,PhysioNetMI,DNN-EEGNET,A0-RAW-ACCEPT-ALL,P01-L1-LOW-CAL-OFFICIAL-R2:16_PER_CLASS,1,48,0,45,0.5227272727272727,0.3867618429591174,0.5333333333333333,0.491106719367589
P02-A0-PhysioNetMI-DNN-EEGNET-P01-L1-LOW-CAL-OFFICIAL-R2:16_PER_CLASS-MR01,PhysioNetMI,DNN-EEGNET,A0-RAW-ACCEPT-ALL,P01-L1-LOW-CAL-OFFICIAL-R2:16_PER_CLASS,1,57,0,45,0.4732142857142857,0.44976076555023925,0.4888888888888889,0.4345238095238095
P02-A0-PhysioNetMI-DNN-EEGNET-P01-L1-LOW-CAL-OFFICIAL-R2:16_PER_CLASS-MR01,PhysioNetMI,DNN-EEGNET,A0-RAW-ACCEPT-ALL,P01-L1-LOW-CAL-OFFICIAL-R2:16_PER_CLASS,1,71,0,45,0.47529644268774707,0.37788018433179726,0.4666666666666667,0.5513833992094862
P02-A0-PhysioNetMI-DNN-EEGNET-P01-L1-LOW-CAL-OFFICIAL-R2:16_PER_CLASS-MR01,PhysioNetMI,DNN-EEGNET,A0-RAW-ACCEPT-ALL,P01-L1-LOW-CAL-OFFICIAL-R2:16_PER_CLASS,1,93,0,45,0.7055335968379447,0.6889952153110048,0.7111111111111111,0.8300395256916996
P02-A0-PhysioNetMI-DNN-EEGNET-P01-L1-LOW-CAL-OFFICIAL-R2:16_PER_CLASS-MR01,PhysioNetMI,DNN-EEGNET,A0-RAW-ACCEPT-ALL,P01-L1-LOW-CAL-OFFICIAL-R2:16_PER_CLASS,1,98,0,45,0.5681818181818181,0.47384615384615386,0.5777777777777777,0.5612648221343874
P02-A0-PhysioNetMI-DNN-EEGNET-P01-L1-LOW-CAL-OFFICIAL-R2:16_PER_CLASS-MR01,PhysioNetMI,DNN-EEGNET,A0-RAW-ACCEPT-ALL,P01-L1-LOW-CAL-OFFICIAL-R2:16_PER_CLASS,1,107,0,45,0.5803571428571428,0.5777777777777777,0.5777777777777777,0.490079365079365
P02-A0-PhysioNetMI-DNN-EEGNET-P01-L1-LOW-CAL-OFFICIAL-R2:16_PER_CLASS-MR02,PhysioNetMI,DNN-EEGNET,A0-RAW-ACCEPT-ALL,P01-L1-LOW-CAL-OFFICIAL-R2:16_PER_CLASS,2,6,0,45,0.5238095238095238,0.39839572192513373,0.5555555555555556,0.5496031746031746
P02-A0-PhysioNetMI-DNN-EEGNET-P01-L1-LOW-CAL-OFFICIAL-R2:16_PER_CLASS-MR02,PhysioNetMI,DNN-EEGNET,A0-RAW-ACCEPT-ALL,P01-L1-LOW-CAL-OFFICIAL-R2:16_PER_CLASS,2,27,0,45,0.5988142292490118,0.5982142857142857,0.6,0.6067193675889327
P02-A0-PhysioNetMI-DNN-EEGNET-P01-L1-LOW-CAL-OFFICIAL-R2:16_PER_CLASS-MR02,PhysioNetMI,DNN-EEGNET,A0-RAW-ACCEPT-ALL,P01-L1-LOW-CAL-OFFICIAL-R2:16_PER_CLASS,2,39,0,45,0.5434782608695652,0.4184615384615385,0.5333333333333333,0.4624505928853755
P02-A0-PhysioNetMI-DNN-EEGNET-P01-L1-LOW-CAL-OFFICIAL-R2:16_PER_CLASS-MR02,PhysioNetMI,DNN-EEGNET,A0-RAW-ACCEPT-ALL,P01-L1-LOW-CAL-OFFICIAL-R2:16_PER_CLASS,2,40,0,45,0.5,0.3181818181818182,0.4666666666666667,0.5654761904761905
P02-A0-PhysioNetMI-DNN-EEGNET-P01-L1-LOW-CAL-OFFICIAL-R2:16_PER_CLASS-MR02,PhysioNetMI,DNN-EEGNET,A0-RAW-ACCEPT-ALL,P01-L1-LOW-CAL-OFFICIAL-R2:16_PER_CLASS,2,47,0,45,0.5,0.34782608695652173,0.5333333333333333,0.373015873015873
P02-A0-PhysioNetMI-DNN-EEGNET-P01-L1-LOW-CAL-OFFICIAL-R2:16_PER_CLASS-MR02,PhysioNetMI,DNN-EEGNET,A0-RAW-ACCEPT-ALL,P01-L1-LOW-CAL-OFFICIAL-R2:16_PER_CLASS,2,48,0,45,0.5,0.3382352941176471,0.5111111111111111,0.5909090909090908
P02-A0-PhysioNetMI-DNN-EEGNET-P01-L1-LOW-CAL-OFFICIAL-R2:16_PER_CLASS-MR02,PhysioNetMI,DNN-EEGNET,A0-RAW-ACCEPT-ALL,P01-L1-LOW-CAL-OFFICIAL-R2:16_PER_CLASS,2,57,0,45,0.6101190476190476,0.6025974025974026,0.6222222222222222,0.6785714285714286
P02-A0-PhysioNetMI-DNN-EEGNET-P01-L1-LOW-CAL-OFFICIAL-R2:16_PER_CLASS-MR02,PhysioNetMI,DNN-EEGNET,A0-RAW-ACCEPT-ALL,P01-L1-LOW-CAL-OFFICIAL-R2:16_PER_CLASS,2,71,0,45,0.4762845849802371,0.35096153846153844,0.4666666666666667,0.4268774703557312
P02-A0-PhysioNetMI-DNN-EEGNET-P01-L1-LOW-CAL-OFFICIAL-R2:16_PER_CLASS-MR02,PhysioNetMI,DNN-EEGNET,A0-RAW-ACCEPT-ALL,P01-L1-LOW-CAL-OFFICIAL-R2:16_PER_CLASS,2,93,0,45,0.5454545454545454,0.4318181818181818,0.5555555555555556,0.8102766798418972
P02-A0-PhysioNetMI-DNN-EEGNET-P01-L1-LOW-CAL-OFFICIAL-R2:16_PER_CLASS-MR02,PhysioNetMI,DNN-EEGNET,A0-RAW-ACCEPT-ALL,P01-L1-LOW-CAL-OFFICIAL-R2:16_PER_CLASS,2,98,0,45,0.5,0.3382352941176471,0.5111111111111111,0.6620553359683794
P02-A0-PhysioNetMI-DNN-EEGNET-P01-L1-LOW-CAL-OFFICIAL-R2:16_PER_CLASS-MR02,PhysioNetMI,DNN-EEGNET,A0-RAW-ACCEPT-ALL,P01-L1-LOW-CAL-OFFICIAL-R2:16_PER_CLASS,2,107,0,45,0.4791666666666667,0.3382352941176471,0.5111111111111111,0.46031746031746035
P02-A0-PhysioNetMI-DNN-EEGNET-P01-L1-LOW-CAL-OFFICIAL-R2:16_PER_CLASS-MR03,PhysioNetMI,DNN-EEGNET,A0-RAW-ACCEPT-ALL,P01-L1-LOW-CAL-OFFICIAL-R2:16_PER_CLASS,3,6,0,45,0.5,0.34782608695652173,0.5333333333333333,0.39880952380952384
P02-A0-PhysioNetMI-DNN-EEGNET-P01-L1-LOW-CAL-OFFICIAL-R2:16_PER_CLASS-MR03,PhysioNetMI,DNN-EEGNET,A0-RAW-ACCEPT-ALL,P01-L1-LOW-CAL-OFFICIAL-R2:16_PER_CLASS,3,27,0,45,0.5138339920948617,0.505,0.5111111111111111,0.5316205533596838
P02-A0-PhysioNetMI-DNN-EEGNET-P01-L1-LOW-CAL-OFFICIAL-R2:16_PER_CLASS-MR03,PhysioNetMI,DNN-EEGNET,A0-RAW-ACCEPT-ALL,P01-L1-LOW-CAL-OFFICIAL-R2:16_PER_CLASS,3,39,0,45,0.4762845849802371,0.35096153846153844,0.4666666666666667,0.5217391304347825
P02-A0-PhysioNetMI-DNN-EEGNET-P01-L1-LOW-CAL-OFFICIAL-R2:16_PER_CLASS-MR03,PhysioNetMI,DNN-EEGNET,A0-RAW-ACCEPT-ALL,P01-L1-LOW-CAL-OFFICIAL-R2:16_PER_CLASS,3,40,0,45,0.4880952380952381,0.41810344827586204,0.4666666666666667,0.5119047619047619
P02-A0-PhysioNetMI-DNN-EEGNET-P01-L1-LOW-CAL-OFFICIAL-R2:16_PER_CLASS-MR03,PhysioNetMI,DNN-EEGNET,A0-RAW-ACCEPT-ALL,P01-L1-LOW-CAL-OFFICIAL-R2:16_PER_CLASS,3,47,0,45,0.5,0.34782608695652173,0.5333333333333333,0.5317460317460317
P02-A0-PhysioNetMI-DNN-EEGNET-P01-L1-LOW-CAL-OFFICIAL-R2:16_PER_CLASS-MR03,PhysioNetMI,DNN-EEGNET,A0-RAW-ACCEPT-ALL,P01-L1-LOW-CAL-OFFICIAL-R2:16_PER_CLASS,3,48,0,45,0.5,0.3382352941176471,0.5111111111111111,0.600790513833992
P02-A0-PhysioNetMI-DNN-EEGNET-P01-L1-LOW-CAL-OFFICIAL-R2:16_PER_CLASS-MR03,PhysioNetMI,DNN-EEGNET,A0-RAW-ACCEPT-ALL,P01-L1-LOW-CAL-OFFICIAL-R2:16_PER_CLASS,3,57,0,45,0.5952380952380952,0.595,0.6,0.6051587301587301
P02-A0-PhysioNetMI-DNN-EEGNET-P01-L1-LOW-CAL-OFFICIAL-R2:16_PER_CLASS-MR03,PhysioNetMI,DNN-EEGNET,A0-RAW-ACCEPT-ALL,P01-L1-LOW-CAL-OFFICIAL-R2:16_PER_CLASS,3,71,0,45,0.5395256916996047,0.49760765550239233,0.5333333333333333,0.575098814229249
P02-A0-PhysioNetMI-DNN-EEGNET-P01-L1-LOW-CAL-OFFICIAL-R2:16_PER_CLASS-MR03,PhysioNetMI,DNN-EEGNET,A0-RAW-ACCEPT-ALL,P01-L1-LOW-CAL-OFFICIAL-R2:16_PER_CLASS,3,93,0,45,0.5681818181818181,0.47384615384615386,0.5777777777777777,0.8537549407114625
P02-A0-PhysioNetMI-DNN-EEGNET-P01-L1-LOW-CAL-OFFICIAL-R2:16_PER_CLASS-MR03,PhysioNetMI,DNN-EEGNET,A0-RAW-ACCEPT-ALL,P01-L1-LOW-CAL-OFFICIAL-R2:16_PER_CLASS,3,98,0,45,0.5,0.3382352941176471,0.5111111111111111,0.6086956521739131
P02-A0-PhysioNetMI-DNN-EEGNET-P01-L1-LOW-CAL-OFFICIAL-R2:16_PER_CLASS-MR03,PhysioNetMI,DNN-EEGNET,A0-RAW-ACCEPT-ALL,P01-L1-LOW-CAL-OFFICIAL-R2:16_PER_CLASS,3,107,0,45,0.49404761904761907,0.48787728847105394,0.4888888888888889,0.38690476190476186
P02-A0-PhysioNetMI-DNN-EEGNET-P01-L1-LOW-CAL-OFFICIAL-R2:16_PER_CLASS-MR04,PhysioNetMI,DNN-EEGNET,A0-RAW-ACCEPT-ALL,P01-L1-LOW-CAL-OFFICIAL-R2:16_PER_CLASS,4,6,0,45,0.5416666666666666,0.5273109243697479,0.5555555555555556,0.5595238095238095
P02-A0-PhysioNetMI-DNN-EEGNET-P01-L1-LOW-CAL-OFFICIAL-R2:16_PER_CLASS-MR04,PhysioNetMI,DNN-EEGNET,A0-RAW-ACCEPT-ALL,P01-L1-LOW-CAL-OFFICIAL-R2:16_PER_CLASS,4,27,0,45,0.575098814229249,0.5701357466063348,0.5777777777777777,0.549407114624506
P02-A0-PhysioNetMI-DNN-EEGNET-P01-L1-LOW-CAL-OFFICIAL-R2:16_PER_CLASS-MR04,PhysioNetMI,DNN-EEGNET,A0-RAW-ACCEPT-ALL,P01-L1-LOW-CAL-OFFICIAL-R2:16_PER_CLASS,4,39,0,45,0.5434782608695652,0.4184615384615385,0.5333333333333333,0.549407114624506
P02-A0-PhysioNetMI-DNN-EEGNET-P01-L1-LOW-CAL-OFFICIAL-R2:16_PER_CLASS-MR04,PhysioNetMI,DNN-EEGNET,A0-RAW-ACCEPT-ALL,P01-L1-LOW-CAL-OFFICIAL-R2:16_PER_CLASS,4,40,0,45,0.5,0.3181818181818182,0.4666666666666667,0.5238095238095238
P02-A0-PhysioNetMI-DNN-EEGNET-P01-L1-LOW-CAL-OFFICIAL-R2:16_PER_CLASS-MR04,PhysioNetMI,DNN-EEGNET,A0-RAW-ACCEPT-ALL,P01-L1-LOW-CAL-OFFICIAL-R2:16_PER_CLASS,4,47,0,45,0.5,0.34782608695652173,0.5333333333333333,0.33531746031746035
P02-A0-PhysioNetMI-DNN-EEGNET-P01-L1-LOW-CAL-OFFICIAL-R2:16_PER_CLASS-MR04,PhysioNetMI,DNN-EEGNET,A0-RAW-ACCEPT-ALL,P01-L1-LOW-CAL-OFFICIAL-R2:16_PER_CLASS,4,48,0,45,0.5,0.3382352941176471,0.5111111111111111,0.5138339920948616
P02-A0-PhysioNetMI-DNN-EEGNET-P01-L1-LOW-CAL-OFFICIAL-R2:16_PER_CLASS-MR04,PhysioNetMI,DNN-EEGNET,A0-RAW-ACCEPT-ALL,P01-L1-LOW-CAL-OFFICIAL-R2:16_PER_CLASS,4,57,0,45,0.6071428571428572,0.5982142857142857,0.6,0.5932539682539683
P02-A0-PhysioNetMI-DNN-EEGNET-P01-L1-LOW-CAL-OFFICIAL-R2:16_PER_CLASS-MR04,PhysioNetMI,DNN-EEGNET,A0-RAW-ACCEPT-ALL,P01-L1-LOW-CAL-OFFICIAL-R2:16_PER_CLASS,4,71,0,45,0.45454545454545453,0.3076923076923077,0.4444444444444444,0.4486166007905139
P02-A0-PhysioNetMI-DNN-EEGNET-P01-L1-LOW-CAL-OFFICIAL-R2:16_PER_CLASS-MR04,PhysioNetMI,DNN-EEGNET,A0-RAW-ACCEPT-ALL,P01-L1-LOW-CAL-OFFICIAL-R2:16_PER_CLASS,4,93,0,45,0.5909090909090909,0.5132211538461539,0.6,0.8122529644268776
P02-A0-PhysioNetMI-DNN-EEGNET-P01-L1-LOW-CAL-OFFICIAL-R2:16_PER_CLASS-MR04,PhysioNetMI,DNN-EEGNET,A0-RAW-ACCEPT-ALL,P01-L1-LOW-CAL-OFFICIAL-R2:16_PER_CLASS,4,98,0,45,0.5,0.3382352941176471,0.5111111111111111,0.541501976284585
P02-A0-PhysioNetMI-DNN-EEGNET-P01-L1-LOW-CAL-OFFICIAL-R2:16_PER_CLASS-MR04,PhysioNetMI,DNN-EEGNET,A0-RAW-ACCEPT-ALL,P01-L1-LOW-CAL-OFFICIAL-R2:16_PER_CLASS,4,107,0,45,0.44047619047619047,0.35096153846153844,0.4666666666666667,0.41468253968253965
P02-A0-PhysioNetMI-DNN-EEGNET-P01-L1-LOW-CAL-OFFICIAL-R2:32_PER_CLASS-MR00,PhysioNetMI,DNN-EEGNET,A0-RAW-ACCEPT-ALL,P01-L1-LOW-CAL-OFFICIAL-R2:32_PER_CLASS,0,6,0,45,0.5833333333333334,0.5635775862068966,0.6,0.5555555555555555
P02-A0-PhysioNetMI-DNN-EEGNET-P01-L1-LOW-CAL-OFFICIAL-R2:32_PER_CLASS-MR00,PhysioNetMI,DNN-EEGNET,A0-RAW-ACCEPT-ALL,P01-L1-LOW-CAL-OFFICIAL-R2:32_PER_CLASS,0,27,0,45,0.44466403162055335,0.4444444444444444,0.4444444444444444,0.5118577075098815
P02-A0-PhysioNetMI-DNN-EEGNET-P01-L1-LOW-CAL-OFFICIAL-R2:32_PER_CLASS-MR00,PhysioNetMI,DNN-EEGNET,A0-RAW-ACCEPT-ALL,P01-L1-LOW-CAL-OFFICIAL-R2:32_PER_CLASS,0,39,0,45,0.4762845849802371,0.35096153846153844,0.4666666666666667,0.4762845849802372
P02-A0-PhysioNetMI-DNN-EEGNET-P01-L1-LOW-CAL-OFFICIAL-R2:32_PER_CLASS-MR00,PhysioNetMI,DNN-EEGNET,A0-RAW-ACCEPT-ALL,P01-L1-LOW-CAL-OFFICIAL-R2:32_PER_CLASS,0,40,0,45,0.4553571428571429,0.4343891402714932,0.4444444444444444,0.47420634920634924
P02-A0-PhysioNetMI-DNN-EEGNET-P01-L1-LOW-CAL-OFFICIAL-R2:32_PER_CLASS-MR00,PhysioNetMI,DNN-EEGNET,A0-RAW-ACCEPT-ALL,P01-L1-LOW-CAL-OFFICIAL-R2:32_PER_CLASS,0,47,0,45,0.5386904761904762,0.42972350230414746,0.5111111111111111,0.49603174603174605
P02-A0-PhysioNetMI-DNN-EEGNET-P01-L1-LOW-CAL-OFFICIAL-R2:32_PER_CLASS-MR00,PhysioNetMI,DNN-EEGNET,A0-RAW-ACCEPT-ALL,P01-L1-LOW-CAL-OFFICIAL-R2:32_PER_CLASS,0,48,0,45,0.599802371541502,0.599802371541502,0.6,0.6205533596837944
P02-A0-PhysioNetMI-DNN-EEGNET-P01-L1-LOW-CAL-OFFICIAL-R2:32_PER_CLASS-MR00,PhysioNetMI,DNN-EEGNET,A0-RAW-ACCEPT-ALL,P01-L1-LOW-CAL-OFFICIAL-R2:32_PER_CLASS,0,57,0,45,0.3601190476190476,0.3542800593765463,0.35555555555555557,0.35119047619047616
P02-A0-PhysioNetMI-DNN-EEGNET-P01-L1-LOW-CAL-OFFICIAL-R2:32_PER_CLASS-MR00,PhysioNetMI,DNN-EEGNET,A0-RAW-ACCEPT-ALL,P01-L1-LOW-CAL-OFFICIAL-R2:32_PER_CLASS,0,71,0,45,0.5316205533596838,0.5296167247386759,0.5333333333333333,0.6541501976284585
P02-A0-PhysioNetMI-DNN-EEGNET-P01-L1-LOW-CAL-OFFICIAL-R2:32_PER_CLASS-MR00,PhysioNetMI,DNN-EEGNET,A0-RAW-ACCEPT-ALL,P01-L1-LOW-CAL-OFFICIAL-R2:32_PER_CLASS,0,93,0,45,0.6739130434782609,0.6309458720612356,0.6666666666666666,0.8201581027667985
P02-A0-PhysioNetMI-DNN-EEGNET-P01-L1-LOW-CAL-OFFICIAL-R2:32_PER_CLASS-MR00,PhysioNetMI,DNN-EEGNET,A0-RAW-ACCEPT-ALL,P01-L1-LOW-CAL-OFFICIAL-R2:32_PER_CLASS,0,98,0,45,0.5780632411067194,0.5777777777777777,0.5777777777777777,0.5869565217391305
P02-A0-PhysioNetMI-DNN-EEGNET-P01-L1-LOW-CAL-OFFICIAL-R2:32_PER_CLASS-MR00,PhysioNetMI,DNN-EEGNET,A0-RAW-ACCEPT-ALL,P01-L1-LOW-CAL-OFFICIAL-R2:32_PER_CLASS,0,107,0,45,0.5029761904761905,0.4722080571137175,0.4888888888888889,0.4206349206349206
P02-A0-PhysioNetMI-DNN-EEGNET-P01-L1-LOW-CAL-OFFICIAL-R2:32_PER_CLASS-MR01,PhysioNetMI,DNN-EEGNET,A0-RAW-ACCEPT-ALL,P01-L1-LOW-CAL-OFFICIAL-R2:32_PER_CLASS,1,6,0,45,0.5416666666666666,0.5296167247386759,0.5333333333333333,0.5059523809523809
P02-A0-PhysioNetMI-DNN-EEGNET-P01-L1-LOW-CAL-OFFICIAL-R2:32_PER_CLASS-MR01,PhysioNetMI,DNN-EEGNET,A0-RAW-ACCEPT-ALL,P01-L1-LOW-CAL-OFFICIAL-R2:32_PER_CLASS,1,27,0,45,0.5355731225296443,0.5296167247386759,0.5333333333333333,0.5158102766798419
P02-A0-PhysioNetMI-DNN-EEGNET-P01-L1-LOW-CAL-OFFICIAL-R2:32_PER_CLASS-MR01,PhysioNetMI,DNN-EEGNET,A0-RAW-ACCEPT-ALL,P01-L1-LOW-CAL-OFFICIAL-R2:32_PER_CLASS,1,39,0,45,0.5,0.3283582089552239,0.4888888888888889,0.5395256916996047
P02-A0-PhysioNetMI-DNN-EEGNET-P01-L1-LOW-CAL-OFFICIAL-R2:32_PER_CLASS-MR01,PhysioNetMI,DNN-EEGNET,A0-RAW-ACCEPT-ALL,P01-L1-LOW-CAL-OFFICIAL-R2:32_PER_CLASS,1,40,0,45,0.47916666666666663,0.45344129554655865,0.4666666666666667,0.41269841269841273
P02-A0-PhysioNetMI-DNN-EEGNET-P01-L1-LOW-CAL-OFFICIAL-R2:32_PER_CLASS-MR01,PhysioNetMI,DNN-EEGNET,A0-RAW-ACCEPT-ALL,P01-L1-LOW-CAL-OFFICIAL-R2:32_PER_CLASS,1,47,0,45,0.5565476190476191,0.5166760881854155,0.5777777777777777,0.5972222222222222
P02-A0-PhysioNetMI-DNN-EEGNET-P01-L1-LOW-CAL-OFFICIAL-R2:32_PER_CLASS-MR01,PhysioNetMI,DNN-EEGNET,A0-RAW-ACCEPT-ALL,P01-L1-LOW-CAL-OFFICIAL-R2:32_PER_CLASS,1,48,0,45,0.5128458498023716,0.5089285714285714,0.5111111111111111,0.5612648221343873
P02-A0-PhysioNetMI-DNN-EEGNET-P01-L1-LOW-CAL-OFFICIAL-R2:32_PER_CLASS-MR01,PhysioNetMI,DNN-EEGNET,A0-RAW-ACCEPT-ALL,P01-L1-LOW-CAL-OFFICIAL-R2:32_PER_CLASS,1,57,0,45,0.5744047619047619,0.5273109243697479,0.5555555555555556,0.5535714285714286
P02-A0-PhysioNetMI-DNN-EEGNET-P01-L1-LOW-CAL-OFFICIAL-R2:32_PER_CLASS-MR01,PhysioNetMI,DNN-EEGNET,A0-RAW-ACCEPT-ALL,P01-L1-LOW-CAL-OFFICIAL-R2:32_PER_CLASS,1,71,0,45,0.6156126482213439,0.5817386550027337,0.6222222222222222,0.7351778656126482
P02-A0-PhysioNetMI-DNN-EEGNET-P01-L1-LOW-CAL-OFFICIAL-R2:32_PER_CLASS-MR01,PhysioNetMI,DNN-EEGNET,A0-RAW-ACCEPT-ALL,P01-L1-LOW-CAL-OFFICIAL-R2:32_PER_CLASS,1,93,0,45,0.6027667984189724,0.595,0.6,0.7588932806324111
P02-A0-PhysioNetMI-DNN-EEGNET-P01-L1-LOW-CAL-OFFICIAL-R2:32_PER_CLASS-MR01,PhysioNetMI,DNN-EEGNET,A0-RAW-ACCEPT-ALL,P01-L1-LOW-CAL-OFFICIAL-R2:32_PER_CLASS,1,98,0,45,0.6413043478260869,0.6356275303643725,0.6444444444444445,0.616600790513834
P02-A0-PhysioNetMI-DNN-EEGNET-P01-L1-LOW-CAL-OFFICIAL-R2:32_PER_CLASS-MR01,PhysioNetMI,DNN-EEGNET,A0-RAW-ACCEPT-ALL,P01-L1-LOW-CAL-OFFICIAL-R2:32_PER_CLASS,1,107,0,45,0.47916666666666663,0.4722080571137175,0.4888888888888889,0.49206349206349204
P02-A0-PhysioNetMI-DNN-EEGNET-P01-L1-LOW-CAL-OFFICIAL-R2:32_PER_CLASS-MR02,PhysioNetMI,DNN-EEGNET,A0-RAW-ACCEPT-ALL,P01-L1-LOW-CAL-OFFICIAL-R2:32_PER_CLASS,2,6,0,45,0.5238095238095238,0.4989878542510121,0.5111111111111111,0.5238095238095237
P02-A0-PhysioNetMI-DNN-EEGNET-P01-L1-LOW-CAL-OFFICIAL-R2:32_PER_CLASS-MR02,PhysioNetMI,DNN-EEGNET,A0-RAW-ACCEPT-ALL,P01-L1-LOW-CAL-OFFICIAL-R2:32_PER_CLASS,2,27,0,45,0.4871541501976284,0.48481831757093086,0.4888888888888889,0.44466403162055335
P02-A0-PhysioNetMI-DNN-EEGNET-P01-L1-LOW-CAL-OFFICIAL-R2:32_PER_CLASS-MR02,PhysioNetMI,DNN-EEGNET,A0-RAW-ACCEPT-ALL,P01-L1-LOW-CAL-OFFICIAL-R2:32_PER_CLASS,2,39,0,45,0.42984189723320154,0.35,0.4222222222222222,0.43873517786561267
P02-A0-PhysioNetMI-DNN-EEGNET-P01-L1-LOW-CAL-OFFICIAL-R2:32_PER_CLASS-MR02,PhysioNetMI,DNN-EEGNET,A0-RAW-ACCEPT-ALL,P01-L1-LOW-CAL-OFFICIAL-R2:32_PER_CLASS,2,40,0,45,0.5357142857142857,0.5,0.5555555555555556,0.6428571428571429
P02-A0-PhysioNetMI-DNN-EEGNET-P01-L1-LOW-CAL-OFFICIAL-R2:32_PER_CLASS-MR02,PhysioNetMI,DNN-EEGNET,A0-RAW-ACCEPT-ALL,P01-L1-LOW-CAL-OFFICIAL-R2:32_PER_CLASS,2,47,0,45,0.5922619047619048,0.5639979602243753,0.5777777777777777,0.5257936507936508
P02-A0-PhysioNetMI-DNN-EEGNET-P01-L1-LOW-CAL-OFFICIAL-R2:32_PER_CLASS-MR02,PhysioNetMI,DNN-EEGNET,A0-RAW-ACCEPT-ALL,P01-L1-LOW-CAL-OFFICIAL-R2:32_PER_CLASS,2,48,0,45,0.5059288537549407,0.48004201680672265,0.5111111111111111,0.43478260869565216
P02-A0-PhysioNetMI-DNN-EEGNET-P01-L1-LOW-CAL-OFFICIAL-R2:32_PER_CLASS-MR02,PhysioNetMI,DNN-EEGNET,A0-RAW-ACCEPT-ALL,P01-L1-LOW-CAL-OFFICIAL-R2:32_PER_CLASS,2,57,0,45,0.4464285714285714,0.4444444444444444,0.4444444444444444,0.4285714285714286
P02-A0-PhysioNetMI-DNN-EEGNET-P01-L1-LOW-CAL-OFFICIAL-R2:32_PER_CLASS-MR02,PhysioNetMI,DNN-EEGNET,A0-RAW-ACCEPT-ALL,P01-L1-LOW-CAL-OFFICIAL-R2:32_PER_CLASS,2,71,0,45,0.5701581027667983,0.5166760881854155,0.5777777777777777,0.6699604743083004
P02-A0-PhysioNetMI-DNN-EEGNET-P01-L1-LOW-CAL-OFFICIAL-R2:32_PER_CLASS-MR02,PhysioNetMI,DNN-EEGNET,A0-RAW-ACCEPT-ALL,P01-L1-LOW-CAL-OFFICIAL-R2:32_PER_CLASS,2,93,0,45,0.6729249011857708,0.6411483253588517,0.6666666666666666,0.8695652173913043
P02-A0-PhysioNetMI-DNN-EEGNET-P01-L1-LOW-CAL-OFFICIAL-R2:32_PER_CLASS-MR02,PhysioNetMI,DNN-EEGNET,A0-RAW-ACCEPT-ALL,P01-L1-LOW-CAL-OFFICIAL-R2:32_PER_CLASS,2,98,0,45,0.5138339920948617,0.505,0.5111111111111111,0.5691699604743082
P02-A0-PhysioNetMI-DNN-EEGNET-P01-L1-LOW-CAL-OFFICIAL-R2:32_PER_CLASS-MR02,PhysioNetMI,DNN-EEGNET,A0-RAW-ACCEPT-ALL,P01-L1-LOW-CAL-OFFICIAL-R2:32_PER_CLASS,2,107,0,45,0.4970238095238095,0.35096153846153844,0.4666666666666667,0.4087301587301587
P02-A0-PhysioNetMI-DNN-EEGNET-P01-L1-LOW-CAL-OFFICIAL-R2:32_PER_CLASS-MR03,PhysioNetMI,DNN-EEGNET,A0-RAW-ACCEPT-ALL,P01-L1-LOW-CAL-OFFICIAL-R2:32_PER_CLASS,3,6,0,45,0.4107142857142857,0.3891402714932127,0.4,0.376984126984127
P02-A0-PhysioNetMI-DNN-EEGNET-P01-L1-LOW-CAL-OFFICIAL-R2:32_PER_CLASS-MR03,PhysioNetMI,DNN-EEGNET,A0-RAW-ACCEPT-ALL,P01-L1-LOW-CAL-OFFICIAL-R2:32_PER_CLASS,3,27,0,45,0.5059288537549407,0.48004201680672265,0.5111111111111111,0.47430830039525695
P02-A0-PhysioNetMI-DNN-EEGNET-P01-L1-LOW-CAL-OFFICIAL-R2:32_PER_CLASS-MR03,PhysioNetMI,DNN-EEGNET,A0-RAW-ACCEPT-ALL,P01-L1-LOW-CAL-OFFICIAL-R2:32_PER_CLASS,3,39,0,45,0.49604743083003955,0.434117003827228,0.4888888888888889,0.5889328063241107
P02-A0-PhysioNetMI-DNN-EEGNET-P01-L1-LOW-CAL-OFFICIAL-R2:32_PER_CLASS-MR03,PhysioNetMI,DNN-EEGNET,A0-RAW-ACCEPT-ALL,P01-L1-LOW-CAL-OFFICIAL-R2:32_PER_CLASS,3,40,0,45,0.5446428571428572,0.5248868778280543,0.5333333333333333,0.5376984126984127
P02-A0-PhysioNetMI-DNN-EEGNET-P01-L1-LOW-CAL-OFFICIAL-R2:32_PER_CLASS-MR03,PhysioNetMI,DNN-EEGNET,A0-RAW-ACCEPT-ALL,P01-L1-LOW-CAL-OFFICIAL-R2:32_PER_CLASS,3,47,0,45,0.5714285714285714,0.48863636363636365,0.6,0.5595238095238095
P02-A0-PhysioNetMI-DNN-EEGNET-P01-L1-LOW-CAL-OFFICIAL-R2:32_PER_CLASS-MR03,PhysioNetMI,DNN-EEGNET,A0-RAW-ACCEPT-ALL,P01-L1-LOW-CAL-OFFICIAL-R2:32_PER_CLASS,3,48,0,45,0.5108695652173914,0.5108695652173914,0.5111111111111111,0.4505928853754941
P02-A0-PhysioNetMI-DNN-EEGNET-P01-L1-LOW-CAL-OFFICIAL-R2:32_PER_CLASS-MR03,PhysioNetMI,DNN-EEGNET,A0-RAW-ACCEPT-ALL,P01-L1-LOW-CAL-OFFICIAL-R2:32_PER_CLASS,3,57,0,45,0.4494047619047619,0.44334487877288475,0.4444444444444444,0.41071428571428575
P02-A0-PhysioNetMI-DNN-EEGNET-P01-L1-LOW-CAL-OFFICIAL-R2:32_PER_CLASS-MR03,PhysioNetMI,DNN-EEGNET,A0-RAW-ACCEPT-ALL,P01-L1-LOW-CAL-OFFICIAL-R2:32_PER_CLASS,3,71,0,45,0.5968379446640316,0.590080971659919,0.6,0.6363636363636364
P02-A0-PhysioNetMI-DNN-EEGNET-P01-L1-LOW-CAL-OFFICIAL-R2:32_PER_CLASS-MR03,PhysioNetMI,DNN-EEGNET,A0-RAW-ACCEPT-ALL,P01-L1-LOW-CAL-OFFICIAL-R2:32_PER_CLASS,3,93,0,45,0.6205533596837944,0.6192135390741662,0.6222222222222222,0.782608695652174
P02-A0-PhysioNetMI-DNN-EEGNET-P01-L1-LOW-CAL-OFFICIAL-R2:32_PER_CLASS-MR03,PhysioNetMI,DNN-EEGNET,A0-RAW-ACCEPT-ALL,P01-L1-LOW-CAL-OFFICIAL-R2:32_PER_CLASS,3,98,0,45,0.5909090909090909,0.5132211538461539,0.6,0.6027667984189724
P02-A0-PhysioNetMI-DNN-EEGNET-P01-L1-LOW-CAL-OFFICIAL-R2:32_PER_CLASS-MR03,PhysioNetMI,DNN-EEGNET,A0-RAW-ACCEPT-ALL,P01-L1-LOW-CAL-OFFICIAL-R2:32_PER_CLASS,3,107,0,45,0.4851190476190476,0.4327731092436975,0.4666666666666667,0.494047619047619
P02-A0-PhysioNetMI-DNN-EEGNET-P01-L1-LOW-CAL-OFFICIAL-R2:32_PER_CLASS-MR04,PhysioNetMI,DNN-EEGNET,A0-RAW-ACCEPT-ALL,P01-L1-LOW-CAL-OFFICIAL-R2:32_PER_CLASS,4,6,0,45,0.5,0.34782608695652173,0.5333333333333333,0.49404761904761907
P02-A0-PhysioNetMI-DNN-EEGNET-P01-L1-LOW-CAL-OFFICIAL-R2:32_PER_CLASS-MR04,PhysioNetMI,DNN-EEGNET,A0-RAW-ACCEPT-ALL,P01-L1-LOW-CAL-OFFICIAL-R2:32_PER_CLASS,4,27,0,45,0.5622529644268774,0.5150862068965517,0.5555555555555556,0.5968379446640316
P02-A0-PhysioNetMI-DNN-EEGNET-P01-L1-LOW-CAL-OFFICIAL-R2:32_PER_CLASS-MR04,PhysioNetMI,DNN-EEGNET,A0-RAW-ACCEPT-ALL,P01-L1-LOW-CAL-OFFICIAL-R2:32_PER_CLASS,4,39,0,45,0.3626482213438735,0.2864953526517222,0.35555555555555557,0.2490118577075099
P02-A0-PhysioNetMI-DNN-EEGNET-P01-L1-LOW-CAL-OFFICIAL-R2:32_PER_CLASS-MR04,PhysioNetMI,DNN-EEGNET,A0-RAW-ACCEPT-ALL,P01-L1-LOW-CAL-OFFICIAL-R2:32_PER_CLASS,4,40,0,45,0.5059523809523809,0.4184615384615385,0.5333333333333333,0.625
P02-A0-PhysioNetMI-DNN-EEGNET-P01-L1-LOW-CAL-OFFICIAL-R2:32_PER_CLASS-MR04,PhysioNetMI,DNN-EEGNET,A0-RAW-ACCEPT-ALL,P01-L1-LOW-CAL-OFFICIAL-R2:32_PER_CLASS,4,47,0,45,0.5238095238095238,0.39839572192513373,0.5555555555555556,0.7420634920634921
P02-A0-PhysioNetMI-DNN-EEGNET-P01-L1-LOW-CAL-OFFICIAL-R2:32_PER_CLASS-MR04,PhysioNetMI,DNN-EEGNET,A0-RAW-ACCEPT-ALL,P01-L1-LOW-CAL-OFFICIAL-R2:32_PER_CLASS,4,48,0,45,0.5088932806324111,0.505,0.5111111111111111,0.5830039525691699
P02-A0-PhysioNetMI-DNN-EEGNET-P01-L1-LOW-CAL-OFFICIAL-R2:32_PER_CLASS-MR04,PhysioNetMI,DNN-EEGNET,A0-RAW-ACCEPT-ALL,P01-L1-LOW-CAL-OFFICIAL-R2:32_PER_CLASS,4,57,0,45,0.4732142857142857,0.44976076555023925,0.4888888888888889,0.5
P02-A0-PhysioNetMI-DNN-EEGNET-P01-L1-LOW-CAL-OFFICIAL-R2:32_PER_CLASS-MR04,PhysioNetMI,DNN-EEGNET,A0-RAW-ACCEPT-ALL,P01-L1-LOW-CAL-OFFICIAL-R2:32_PER_CLASS,4,71,0,45,0.5286561264822134,0.509090909090909,0.5333333333333333,0.650197628458498
P02-A0-PhysioNetMI-DNN-EEGNET-P01-L1-LOW-CAL-OFFICIAL-R2:32_PER_CLASS-MR04,PhysioNetMI,DNN-EEGNET,A0-RAW-ACCEPT-ALL,P01-L1-LOW-CAL-OFFICIAL-R2:32_PER_CLASS,4,93,0,45,0.5207509881422925,0.4050480769230769,0.5111111111111111,0.849802371541502
P02-A0-PhysioNetMI-DNN-EEGNET-P01-L1-LOW-CAL-OFFICIAL-R2:32_PER_CLASS-MR04,PhysioNetMI,DNN-EEGNET,A0-RAW-ACCEPT-ALL,P01-L1-LOW-CAL-OFFICIAL-R2:32_PER_CLASS,4,98,0,45,0.5948616600790514,0.5745798319327731,0.6,0.5474308300395256
P02-A0-PhysioNetMI-DNN-EEGNET-P01-L1-LOW-CAL-OFFICIAL-R2:32_PER_CLASS-MR04,PhysioNetMI,DNN-EEGNET,A0-RAW-ACCEPT-ALL,P01-L1-LOW-CAL-OFFICIAL-R2:32_PER_CLASS,4,107,0,45,0.46428571428571425,0.4019138755980861,0.4444444444444444,0.42658730158730157
P02-A0-BNCI2014_001-DNN-EEGNET-FULL_TRAIN-MR00,BNCI2014_001,DNN-EEGNET,A0-RAW-ACCEPT-ALL,FULL_TRAIN,0,7,0train,144,0.6597222222222222,0.6536932515337424,0.6597222222222222,0.6847993827160493
P02-A0-BNCI2014_001-DNN-EEGNET-FULL_TRAIN-MR00,BNCI2014_001,DNN-EEGNET,A0-RAW-ACCEPT-ALL,FULL_TRAIN,0,7,1test,144,0.6319444444444444,0.592111592111592,0.6319444444444444,0.7208719135802469
P02-A0-BNCI2014_001-DNN-EEGNET-FULL_TRAIN-MR01,BNCI2014_001,DNN-EEGNET,A0-RAW-ACCEPT-ALL,FULL_TRAIN,1,7,0train,144,0.6041666666666667,0.5918651484262345,0.6041666666666666,0.6263503086419754
P02-A0-BNCI2014_001-DNN-EEGNET-FULL_TRAIN-MR01,BNCI2014_001,DNN-EEGNET,A0-RAW-ACCEPT-ALL,FULL_TRAIN,1,7,1test,144,0.5902777777777778,0.5366239432778839,0.5902777777777778,0.6809413580246912
P02-A0-BNCI2014_001-DNN-EEGNET-FULL_TRAIN-MR02,BNCI2014_001,DNN-EEGNET,A0-RAW-ACCEPT-ALL,FULL_TRAIN,2,7,0train,144,0.5833333333333333,0.5832529423114027,0.5833333333333334,0.6195987654320988
P02-A0-BNCI2014_001-DNN-EEGNET-FULL_TRAIN-MR02,BNCI2014_001,DNN-EEGNET,A0-RAW-ACCEPT-ALL,FULL_TRAIN,2,7,1test,144,0.625,0.6,0.625,0.6493055555555556
P02-A0-BNCI2014_001-DNN-EEGNET-FULL_TRAIN-MR03,BNCI2014_001,DNN-EEGNET,A0-RAW-ACCEPT-ALL,FULL_TRAIN,3,7,0train,144,0.6458333333333334,0.6444444444444444,0.6458333333333334,0.7038966049382717
P02-A0-BNCI2014_001-DNN-EEGNET-FULL_TRAIN-MR03,BNCI2014_001,DNN-EEGNET,A0-RAW-ACCEPT-ALL,FULL_TRAIN,3,7,1test,144,0.6458333333333334,0.6262024736601008,0.6458333333333334,0.7212577160493826
P02-A0-BNCI2014_001-DNN-EEGNET-FULL_TRAIN-MR04,BNCI2014_001,DNN-EEGNET,A0-RAW-ACCEPT-ALL,FULL_TRAIN,4,7,0train,144,0.4861111111111111,0.4852173913043478,0.4861111111111111,0.503858024691358
P02-A0-BNCI2014_001-DNN-EEGNET-FULL_TRAIN-MR04,BNCI2014_001,DNN-EEGNET,A0-RAW-ACCEPT-ALL,FULL_TRAIN,4,7,1test,144,0.6180555555555556,0.6041385515069726,0.6180555555555556,0.6186342592592592
P02-A0-BNCI2014_001-DNN-EEGNET-P01-L1-LOW-CAL-OFFICIAL-R2:1_PER_CLASS-MR00,BNCI2014_001,DNN-EEGNET,A0-RAW-ACCEPT-ALL,P01-L1-LOW-CAL-OFFICIAL-R2:1_PER_CLASS,0,7,0train,144,0.5,0.35650446871896724,0.5,0.6215277777777778
P02-A0-BNCI2014_001-DNN-EEGNET-P01-L1-LOW-CAL-OFFICIAL-R2:1_PER_CLASS-MR00,BNCI2014_001,DNN-EEGNET,A0-RAW-ACCEPT-ALL,P01-L1-LOW-CAL-OFFICIAL-R2:1_PER_CLASS,0,7,1test,144,0.5,0.4704800817160368,0.5,0.4847608024691358
P02-A0-BNCI2014_001-DNN-EEGNET-P01-L1-LOW-CAL-OFFICIAL-R2:1_PER_CLASS-MR01,BNCI2014_001,DNN-EEGNET,A0-RAW-ACCEPT-ALL,P01-L1-LOW-CAL-OFFICIAL-R2:1_PER_CLASS,1,7,0train,144,0.5833333333333333,0.5521459672403068,0.5833333333333334,0.6489197530864197
P02-A0-BNCI2014_001-DNN-EEGNET-P01-L1-LOW-CAL-OFFICIAL-R2:1_PER_CLASS-MR01,BNCI2014_001,DNN-EEGNET,A0-RAW-ACCEPT-ALL,P01-L1-LOW-CAL-OFFICIAL-R2:1_PER_CLASS,1,7,1test,144,0.513888888888889,0.48863636363636365,0.5138888888888888,0.5086805555555556
P02-A0-BNCI2014_001-DNN-EEGNET-P01-L1-LOW-CAL-OFFICIAL-R2:1_PER_CLASS-MR02,BNCI2014_001,DNN-EEGNET,A0-RAW-ACCEPT-ALL,P01-L1-LOW-CAL-OFFICIAL-R2:1_PER_CLASS,2,7,0train,144,0.5,0.3452892144480929,0.5,0.6059027777777778
P02-A0-BNCI2014_001-DNN-EEGNET-P01-L1-LOW-CAL-OFFICIAL-R2:1_PER_CLASS-MR02,BNCI2014_001,DNN-EEGNET,A0-RAW-ACCEPT-ALL,P01-L1-LOW-CAL-OFFICIAL-R2:1_PER_CLASS,2,7,1test,144,0.5,0.42502218278615794,0.5,0.45216049382716045
P02-A0-BNCI2014_001-DNN-EEGNET-P01-L1-LOW-CAL-OFFICIAL-R2:1_PER_CLASS-MR03,BNCI2014_001,DNN-EEGNET,A0-RAW-ACCEPT-ALL,P01-L1-LOW-CAL-OFFICIAL-R2:1_PER_CLASS,3,7,0train,144,0.5069444444444444,0.34858235106721885,0.5069444444444444,0.6467978395061729
P02-A0-BNCI2014_001-DNN-EEGNET-P01-L1-LOW-CAL-OFFICIAL-R2:1_PER_CLASS-MR03,BNCI2014_001,DNN-EEGNET,A0-RAW-ACCEPT-ALL,P01-L1-LOW-CAL-OFFICIAL-R2:1_PER_CLASS,3,7,1test,144,0.5277777777777778,0.4838709677419355,0.5277777777777778,0.4915123456790123
P02-A0-BNCI2014_001-DNN-EEGNET-P01-L1-LOW-CAL-OFFICIAL-R2:1_PER_CLASS-MR04,BNCI2014_001,DNN-EEGNET,A0-RAW-ACCEPT-ALL,P01-L1-LOW-CAL-OFFICIAL-R2:1_PER_CLASS,4,7,0train,144,0.6111111111111112,0.5980059820538385,0.6111111111111112,0.6813271604938272
P02-A0-BNCI2014_001-DNN-EEGNET-P01-L1-LOW-CAL-OFFICIAL-R2:1_PER_CLASS-MR04,BNCI2014_001,DNN-EEGNET,A0-RAW-ACCEPT-ALL,P01-L1-LOW-CAL-OFFICIAL-R2:1_PER_CLASS,4,7,1test,144,0.5,0.4314542662864663,0.5,0.529320987654321
P02-A0-BNCI2014_001-DNN-EEGNET-P01-L1-LOW-CAL-OFFICIAL-R2:2_PER_CLASS-MR00,BNCI2014_001,DNN-EEGNET,A0-RAW-ACCEPT-ALL,P01-L1-LOW-CAL-OFFICIAL-R2:2_PER_CLASS,0,7,0train,144,0.5416666666666666,0.4729370008873114,0.5416666666666666,0.5007716049382716
P02-A0-BNCI2014_001-DNN-EEGNET-P01-L1-LOW-CAL-OFFICIAL-R2:2_PER_CLASS-MR00,BNCI2014_001,DNN-EEGNET,A0-RAW-ACCEPT-ALL,P01-L1-LOW-CAL-OFFICIAL-R2:2_PER_CLASS,0,7,1test,144,0.5069444444444444,0.48298356510745893,0.5069444444444444,0.49749228395061734
P02-A0-BNCI2014_001-DNN-EEGNET-P01-L1-LOW-CAL-OFFICIAL-R2:2_PER_CLASS-MR01,BNCI2014_001,DNN-EEGNET,A0-RAW-ACCEPT-ALL,P01-L1-LOW-CAL-OFFICIAL-R2:2_PER_CLASS,1,7,0train,144,0.5069444444444444,0.34858235106721885,0.5069444444444444,0.6118827160493827
P02-A0-BNCI2014_001-DNN-EEGNET-P01-L1-LOW-CAL-OFFICIAL-R2:2_PER_CLASS-MR01,BNCI2014_001,DNN-EEGNET,A0-RAW-ACCEPT-ALL,P01-L1-LOW-CAL-OFFICIAL-R2:2_PER_CLASS,1,7,1test,144,0.5208333333333333,0.43180648481729283,0.5208333333333334,0.5580632716049382
P02-A0-BNCI2014_001-DNN-EEGNET-P01-L1-LOW-CAL-OFFICIAL-R2:2_PER_CLASS-MR02,BNCI2014_001,DNN-EEGNET,A0-RAW-ACCEPT-ALL,P01-L1-LOW-CAL-OFFICIAL-R2:2_PER_CLASS,2,7,0train,144,0.5625,0.5440060316662478,0.5625,0.5354938271604938
P02-A0-BNCI2014_001-DNN-EEGNET-P01-L1-LOW-CAL-OFFICIAL-R2:2_PER_CLASS-MR02,BNCI2014_001,DNN-EEGNET,A0-RAW-ACCEPT-ALL,P01-L1-LOW-CAL-OFFICIAL-R2:2_PER_CLASS,2,7,1test,144,0.4930555555555555,0.49283543204515845,0.4930555555555556,0.46701388888888895
P02-A0-BNCI2014_001-DNN-EEGNET-P01-L1-LOW-CAL-OFFICIAL-R2:2_PER_CLASS-MR03,BNCI2014_001,DNN-EEGNET,A0-RAW-ACCEPT-ALL,P01-L1-LOW-CAL-OFFICIAL-R2:2_PER_CLASS,3,7,0train,144,0.5277777777777778,0.4791489361702128,0.5277777777777778,0.634645061728395
P02-A0-BNCI2014_001-DNN-EEGNET-P01-L1-LOW-CAL-OFFICIAL-R2:2_PER_CLASS-MR03,BNCI2014_001,DNN-EEGNET,A0-RAW-ACCEPT-ALL,P01-L1-LOW-CAL-OFFICIAL-R2:2_PER_CLASS,3,7,1test,144,0.5486111111111112,0.5388026607538803,0.5486111111111112,0.6018518518518519
P02-A0-BNCI2014_001-DNN-EEGNET-P01-L1-LOW-CAL-OFFICIAL-R2:2_PER_CLASS-MR04,BNCI2014_001,DNN-EEGNET,A0-RAW-ACCEPT-ALL,P01-L1-LOW-CAL-OFFICIAL-R2:2_PER_CLASS,4,7,0train,144,0.5625,0.5465587044534412,0.5625,0.5841049382716049
P02-A0-BNCI2014_001-DNN-EEGNET-P01-L1-LOW-CAL-OFFICIAL-R2:2_PER_CLASS-MR04,BNCI2014_001,DNN-EEGNET,A0-RAW-ACCEPT-ALL,P01-L1-LOW-CAL-OFFICIAL-R2:2_PER_CLASS,4,7,1test,144,0.47916666666666663,0.4678492239467849,0.4791666666666667,0.47743055555555547
P02-A0-BNCI2014_001-DNN-EEGNET-P01-L1-LOW-CAL-OFFICIAL-R2:4_PER_CLASS-MR00,BNCI2014_001,DNN-EEGNET,A0-RAW-ACCEPT-ALL,P01-L1-LOW-CAL-OFFICIAL-R2:4_PER_CLASS,0,7,0train,144,0.5763888888888888,0.5349181977021231,0.5763888888888888,0.6305941358024693
P02-A0-BNCI2014_001-DNN-EEGNET-P01-L1-LOW-CAL-OFFICIAL-R2:4_PER_CLASS-MR00,BNCI2014_001,DNN-EEGNET,A0-RAW-ACCEPT-ALL,P01-L1-LOW-CAL-OFFICIAL-R2:4_PER_CLASS,0,7,1test,144,0.5902777777777778,0.5902580178442247,0.5902777777777778,0.597608024691358
P02-A0-BNCI2014_001-DNN-EEGNET-P01-L1-LOW-CAL-OFFICIAL-R2:4_PER_CLASS-MR01,BNCI2014_001,DNN-EEGNET,A0-RAW-ACCEPT-ALL,P01-L1-LOW-CAL-OFFICIAL-R2:4_PER_CLASS,1,7,0train,144,0.5069444444444444,0.3807764520622615,0.5069444444444444,0.6190200617283951
P02-A0-BNCI2014_001-DNN-EEGNET-P01-L1-LOW-CAL-OFFICIAL-R2:4_PER_CLASS-MR01,BNCI2014_001,DNN-EEGNET,A0-RAW-ACCEPT-ALL,P01-L1-LOW-CAL-OFFICIAL-R2:4_PER_CLASS,1,7,1test,144,0.5555555555555556,0.5449338336954375,0.5555555555555556,0.52758487654321
P02-A0-BNCI2014_001-DNN-EEGNET-P01-L1-LOW-CAL-OFFICIAL-R2:4_PER_CLASS-MR02,BNCI2014_001,DNN-EEGNET,A0-RAW-ACCEPT-ALL,P01-L1-LOW-CAL-OFFICIAL-R2:4_PER_CLASS,2,7,0train,144,0.4930555555555555,0.432611863766395,0.4930555555555556,0.46334876543209874
P02-A0-BNCI2014_001-DNN-EEGNET-P01-L1-LOW-CAL-OFFICIAL-R2:4_PER_CLASS-MR02,BNCI2014_001,DNN-EEGNET,A0-RAW-ACCEPT-ALL,P01-L1-LOW-CAL-OFFICIAL-R2:4_PER_CLASS,2,7,1test,144,0.5416666666666667,0.48958109559613316,0.5416666666666666,0.5239197530864197
P02-A0-BNCI2014_001-DNN-EEGNET-P01-L1-LOW-CAL-OFFICIAL-R2:4_PER_CLASS-MR03,BNCI2014_001,DNN-EEGNET,A0-RAW-ACCEPT-ALL,P01-L1-LOW-CAL-OFFICIAL-R2:4_PER_CLASS,3,7,0train,144,0.5555555555555556,0.5293156281920327,0.5555555555555556,0.5806327160493827
P02-A0-BNCI2014_001-DNN-EEGNET-P01-L1-LOW-CAL-OFFICIAL-R2:4_PER_CLASS-MR03,BNCI2014_001,DNN-EEGNET,A0-RAW-ACCEPT-ALL,P01-L1-LOW-CAL-OFFICIAL-R2:4_PER_CLASS,3,7,1test,144,0.5625,0.5563163300239644,0.5625,0.595871913580247
P02-A0-BNCI2014_001-DNN-EEGNET-P01-L1-LOW-CAL-OFFICIAL-R2:4_PER_CLASS-MR04,BNCI2014_001,DNN-EEGNET,A0-RAW-ACCEPT-ALL,P01-L1-LOW-CAL-OFFICIAL-R2:4_PER_CLASS,4,7,0train,144,0.46527777777777773,0.41292952824694235,0.4652777777777778,0.5256558641975309
P02-A0-BNCI2014_001-DNN-EEGNET-P01-L1-LOW-CAL-OFFICIAL-R2:4_PER_CLASS-MR04,BNCI2014_001,DNN-EEGNET,A0-RAW-ACCEPT-ALL,P01-L1-LOW-CAL-OFFICIAL-R2:4_PER_CLASS,4,7,1test,144,0.5069444444444444,0.4759879042591359,0.5069444444444444,0.5069444444444444
P02-A0-BNCI2014_001-DNN-EEGNET-P01-L1-LOW-CAL-OFFICIAL-R2:8_PER_CLASS-MR00,BNCI2014_001,DNN-EEGNET,A0-RAW-ACCEPT-ALL,P01-L1-LOW-CAL-OFFICIAL-R2:8_PER_CLASS,0,7,0train,144,0.5069444444444444,0.47961520842876776,0.5069444444444444,0.5667438271604939
P02-A0-BNCI2014_001-DNN-EEGNET-P01-L1-LOW-CAL-OFFICIAL-R2:8_PER_CLASS-MR00,BNCI2014_001,DNN-EEGNET,A0-RAW-ACCEPT-ALL,P01-L1-LOW-CAL-OFFICIAL-R2:8_PER_CLASS,0,7,1test,144,0.4722222222222222,0.4618410700236035,0.4722222222222222,0.47357253086419754
P02-A0-BNCI2014_001-DNN-EEGNET-P01-L1-LOW-CAL-OFFICIAL-R2:8_PER_CLASS-MR01,BNCI2014_001,DNN-EEGNET,A0-RAW-ACCEPT-ALL,P01-L1-LOW-CAL-OFFICIAL-R2:8_PER_CLASS,1,7,0train,144,0.5902777777777778,0.5900998697351281,0.5902777777777778,0.6136188271604939
P02-A0-BNCI2014_001-DNN-EEGNET-P01-L1-LOW-CAL-OFFICIAL-R2:8_PER_CLASS-MR01,BNCI2014_001,DNN-EEGNET,A0-RAW-ACCEPT-ALL,P01-L1-LOW-CAL-OFFICIAL-R2:8_PER_CLASS,1,7,1test,144,0.4930555555555556,0.39078527962909304,0.4930555555555556,0.5503472222222221
P02-A0-BNCI2014_001-DNN-EEGNET-P01-L1-LOW-CAL-OFFICIAL-R2:8_PER_CLASS-MR02,BNCI2014_001,DNN-EEGNET,A0-RAW-ACCEPT-ALL,P01-L1-LOW-CAL-OFFICIAL-R2:8_PER_CLASS,2,7,0train,144,0.5972222222222222,0.5933787731256086,0.5972222222222222,0.6556712962962963
P02-A0-BNCI2014_001-DNN-EEGNET-P01-L1-LOW-CAL-OFFICIAL-R2:8_PER_CLASS-MR02,BNCI2014_001,DNN-EEGNET,A0-RAW-ACCEPT-ALL,P01-L1-LOW-CAL-OFFICIAL-R2:8_PER_CLASS,2,7,1test,144,0.5,0.4181818181818182,0.5,0.5972222222222222
P02-A0-BNCI2014_001-DNN-EEGNET-P01-L1-LOW-CAL-OFFICIAL-R2:8_PER_CLASS-MR03,BNCI2014_001,DNN-EEGNET,A0-RAW-ACCEPT-ALL,P01-L1-LOW-CAL-OFFICIAL-R2:8_PER_CLASS,3,7,0train,144,0.5347222222222222,0.4792465051006639,0.5347222222222222,0.6006944444444444
P02-A0-BNCI2014_001-DNN-EEGNET-P01-L1-LOW-CAL-OFFICIAL-R2:8_PER_CLASS-MR03,BNCI2014_001,DNN-EEGNET,A0-RAW-ACCEPT-ALL,P01-L1-LOW-CAL-OFFICIAL-R2:8_PER_CLASS,3,7,1test,144,0.5277777777777778,0.4363343311075294,0.5277777777777778,0.5752314814814815
P02-A0-BNCI2014_001-DNN-EEGNET-P01-L1-LOW-CAL-OFFICIAL-R2:8_PER_CLASS-MR04,BNCI2014_001,DNN-EEGNET,A0-RAW-ACCEPT-ALL,P01-L1-LOW-CAL-OFFICIAL-R2:8_PER_CLASS,4,7,0train,144,0.6388888888888888,0.630258739877543,0.6388888888888888,0.6450617283950617
P02-A0-BNCI2014_001-DNN-EEGNET-P01-L1-LOW-CAL-OFFICIAL-R2:8_PER_CLASS-MR04,BNCI2014_001,DNN-EEGNET,A0-RAW-ACCEPT-ALL,P01-L1-LOW-CAL-OFFICIAL-R2:8_PER_CLASS,4,7,1test,144,0.5555555555555556,0.5293156281920327,0.5555555555555556,0.5584490740740741
P02-A0-BNCI2014_001-DNN-EEGNET-P01-L1-LOW-CAL-OFFICIAL-R2:16_PER_CLASS-MR00,BNCI2014_001,DNN-EEGNET,A0-RAW-ACCEPT-ALL,P01-L1-LOW-CAL-OFFICIAL-R2:16_PER_CLASS,0,7,0train,144,0.5763888888888888,0.555802781289507,0.5763888888888888,0.6053240740740741
P02-A0-BNCI2014_001-DNN-EEGNET-P01-L1-LOW-CAL-OFFICIAL-R2:16_PER_CLASS-MR00,BNCI2014_001,DNN-EEGNET,A0-RAW-ACCEPT-ALL,P01-L1-LOW-CAL-OFFICIAL-R2:16_PER_CLASS,0,7,1test,144,0.5069444444444444,0.34858235106721885,0.5069444444444444,0.531346450617284
P02-A0-BNCI2014_001-DNN-EEGNET-P01-L1-LOW-CAL-OFFICIAL-R2:16_PER_CLASS-MR01,BNCI2014_001,DNN-EEGNET,A0-RAW-ACCEPT-ALL,P01-L1-LOW-CAL-OFFICIAL-R2:16_PER_CLASS,1,7,0train,144,0.6180555555555556,0.6097560975609756,0.6180555555555556,0.6396604938271604
P02-A0-BNCI2014_001-DNN-EEGNET-P01-L1-LOW-CAL-OFFICIAL-R2:16_PER_CLASS-MR01,BNCI2014_001,DNN-EEGNET,A0-RAW-ACCEPT-ALL,P01-L1-LOW-CAL-OFFICIAL-R2:16_PER_CLASS,1,7,1test,144,0.5069444444444444,0.3807764520622615,0.5069444444444444,0.5255594135802468
P02-A0-BNCI2014_001-DNN-EEGNET-P01-L1-LOW-CAL-OFFICIAL-R2:16_PER_CLASS-MR02,BNCI2014_001,DNN-EEGNET,A0-RAW-ACCEPT-ALL,P01-L1-LOW-CAL-OFFICIAL-R2:16_PER_CLASS,2,7,0train,144,0.6111111111111112,0.5820029027576197,0.6111111111111112,0.6500771604938272
P02-A0-BNCI2014_001-DNN-EEGNET-P01-L1-LOW-CAL-OFFICIAL-R2:16_PER_CLASS-MR02,BNCI2014_001,DNN-EEGNET,A0-RAW-ACCEPT-ALL,P01-L1-LOW-CAL-OFFICIAL-R2:16_PER_CLASS,2,7,1test,144,0.5555555555555556,0.5293156281920327,0.5555555555555556,0.5675154320987653
P02-A0-BNCI2014_001-DNN-EEGNET-P01-L1-LOW-CAL-OFFICIAL-R2:16_PER_CLASS-MR03,BNCI2014_001,DNN-EEGNET,A0-RAW-ACCEPT-ALL,P01-L1-LOW-CAL-OFFICIAL-R2:16_PER_CLASS,3,7,0train,144,0.6527777777777778,0.6494644595910419,0.6527777777777778,0.6658950617283951
P02-A0-BNCI2014_001-DNN-EEGNET-P01-L1-LOW-CAL-OFFICIAL-R2:16_PER_CLASS-MR03,BNCI2014_001,DNN-EEGNET,A0-RAW-ACCEPT-ALL,P01-L1-LOW-CAL-OFFICIAL-R2:16_PER_CLASS,3,7,1test,144,0.513888888888889,0.4472472033340644,0.5138888888888888,0.5650077160493827
P02-A0-BNCI2014_001-DNN-EEGNET-P01-L1-LOW-CAL-OFFICIAL-R2:16_PER_CLASS-MR04,BNCI2014_001,DNN-EEGNET,A0-RAW-ACCEPT-ALL,P01-L1-LOW-CAL-OFFICIAL-R2:16_PER_CLASS,4,7,0train,144,0.6180555555555556,0.6178897090751194,0.6180555555555556,0.6440972222222221
P02-A0-BNCI2014_001-DNN-EEGNET-P01-L1-LOW-CAL-OFFICIAL-R2:16_PER_CLASS-MR04,BNCI2014_001,DNN-EEGNET,A0-RAW-ACCEPT-ALL,P01-L1-LOW-CAL-OFFICIAL-R2:16_PER_CLASS,4,7,1test,144,0.5277777777777778,0.46304014038166263,0.5277777777777778,0.5526620370370371
P02-A0-BNCI2014_001-DNN-EEGNET-P01-L1-LOW-CAL-OFFICIAL-R2:32_PER_CLASS-MR00,BNCI2014_001,DNN-EEGNET,A0-RAW-ACCEPT-ALL,P01-L1-LOW-CAL-OFFICIAL-R2:32_PER_CLASS,0,7,0train,144,0.5347222222222222,0.5246119733924612,0.5347222222222222,0.5754243827160493
P02-A0-BNCI2014_001-DNN-EEGNET-P01-L1-LOW-CAL-OFFICIAL-R2:32_PER_CLASS-MR00,BNCI2014_001,DNN-EEGNET,A0-RAW-ACCEPT-ALL,P01-L1-LOW-CAL-OFFICIAL-R2:32_PER_CLASS,0,7,1test,144,0.41666666666666663,0.3970089730807577,0.4166666666666667,0.48013117283950624
P02-A0-BNCI2014_001-DNN-EEGNET-P01-L1-LOW-CAL-OFFICIAL-R2:32_PER_CLASS-MR01,BNCI2014_001,DNN-EEGNET,A0-RAW-ACCEPT-ALL,P01-L1-LOW-CAL-OFFICIAL-R2:32_PER_CLASS,1,7,0train,144,0.5972222222222222,0.5892997639653816,0.5972222222222222,0.5927854938271604
P02-A0-BNCI2014_001-DNN-EEGNET-P01-L1-LOW-CAL-OFFICIAL-R2:32_PER_CLASS-MR01,BNCI2014_001,DNN-EEGNET,A0-RAW-ACCEPT-ALL,P01-L1-LOW-CAL-OFFICIAL-R2:32_PER_CLASS,1,7,1test,144,0.5208333333333333,0.5059420217791258,0.5208333333333334,0.4945987654320988
P02-A0-BNCI2014_001-DNN-EEGNET-P01-L1-LOW-CAL-OFFICIAL-R2:32_PER_CLASS-MR02,BNCI2014_001,DNN-EEGNET,A0-RAW-ACCEPT-ALL,P01-L1-LOW-CAL-OFFICIAL-R2:32_PER_CLASS,2,7,0train,144,0.5347222222222222,0.526478527607362,0.5347222222222222,0.5922067901234568
P02-A0-BNCI2014_001-DNN-EEGNET-P01-L1-LOW-CAL-OFFICIAL-R2:32_PER_CLASS-MR02,BNCI2014_001,DNN-EEGNET,A0-RAW-ACCEPT-ALL,P01-L1-LOW-CAL-OFFICIAL-R2:32_PER_CLASS,2,7,1test,144,0.4652777777777778,0.4074074074074074,0.4652777777777778,0.47492283950617287
P02-A0-BNCI2014_001-DNN-EEGNET-P01-L1-LOW-CAL-OFFICIAL-R2:32_PER_CLASS-MR03,BNCI2014_001,DNN-EEGNET,A0-RAW-ACCEPT-ALL,P01-L1-LOW-CAL-OFFICIAL-R2:32_PER_CLASS,3,7,0train,144,0.5277777777777778,0.4791489361702128,0.5277777777777778,0.5711805555555556
P02-A0-BNCI2014_001-DNN-EEGNET-P01-L1-LOW-CAL-OFFICIAL-R2:32_PER_CLASS-MR03,BNCI2014_001,DNN-EEGNET,A0-RAW-ACCEPT-ALL,P01-L1-LOW-CAL-OFFICIAL-R2:32_PER_CLASS,3,7,1test,144,0.4861111111111111,0.37815126050420167,0.4861111111111111,0.4816743827160494
P02-A0-BNCI2014_001-DNN-EEGNET-P01-L1-LOW-CAL-OFFICIAL-R2:32_PER_CLASS-MR04,BNCI2014_001,DNN-EEGNET,A0-RAW-ACCEPT-ALL,P01-L1-LOW-CAL-OFFICIAL-R2:32_PER_CLASS,4,7,0train,144,0.5,0.48035284683239776,0.5,0.5283564814814815
P02-A0-BNCI2014_001-DNN-EEGNET-P01-L1-LOW-CAL-OFFICIAL-R2:32_PER_CLASS-MR04,BNCI2014_001,DNN-EEGNET,A0-RAW-ACCEPT-ALL,P01-L1-LOW-CAL-OFFICIAL-R2:32_PER_CLASS,4,7,1test,144,0.4930555555555556,0.47162603669263636,0.4930555555555556,0.4972993827160494
P02-A0-Lee2019_MI-DNN-EEGNET-FULL_TRAIN-MR00,Lee2019_MI,DNN-EEGNET,A0-RAW-ACCEPT-ALL,FULL_TRAIN,0,3,1,100,0.87,0.8698828946051447,0.87,0.944
P02-A0-Lee2019_MI-DNN-EEGNET-FULL_TRAIN-MR00,Lee2019_MI,DNN-EEGNET,A0-RAW-ACCEPT-ALL,FULL_TRAIN,0,6,1,100,0.59,0.5327635327635327,0.59,0.8043999999999999
P02-A0-Lee2019_MI-DNN-EEGNET-FULL_TRAIN-MR00,Lee2019_MI,DNN-EEGNET,A0-RAW-ACCEPT-ALL,FULL_TRAIN,0,15,1,100,0.5,0.39290917921321034,0.5,0.4652
P02-A0-Lee2019_MI-DNN-EEGNET-FULL_TRAIN-MR00,Lee2019_MI,DNN-EEGNET,A0-RAW-ACCEPT-ALL,FULL_TRAIN,0,19,1,100,0.81,0.8090644156366193,0.81,0.898
P02-A0-Lee2019_MI-DNN-EEGNET-FULL_TRAIN-MR00,Lee2019_MI,DNN-EEGNET,A0-RAW-ACCEPT-ALL,FULL_TRAIN,0,30,1,100,0.6699999999999999,0.6697027324592133,0.67,0.7292
P02-A0-Lee2019_MI-DNN-EEGNET-FULL_TRAIN-MR00,Lee2019_MI,DNN-EEGNET,A0-RAW-ACCEPT-ALL,FULL_TRAIN,0,36,1,100,0.99,0.9899989998999901,0.99,1.0
P02-A0-Lee2019_MI-DNN-EEGNET-FULL_TRAIN-MR01,Lee2019_MI,DNN-EEGNET,A0-RAW-ACCEPT-ALL,FULL_TRAIN,1,3,1,100,0.87,0.8693598633303186,0.87,0.9596
P02-A0-Lee2019_MI-DNN-EEGNET-FULL_TRAIN-MR01,Lee2019_MI,DNN-EEGNET,A0-RAW-ACCEPT-ALL,FULL_TRAIN,1,6,1,100,0.61,0.5555555555555556,0.61,0.8196000000000001
P02-A0-Lee2019_MI-DNN-EEGNET-FULL_TRAIN-MR01,Lee2019_MI,DNN-EEGNET,A0-RAW-ACCEPT-ALL,FULL_TRAIN,1,15,1,100,0.53,0.5261619114830124,0.53,0.5064
P02-A0-Lee2019_MI-DNN-EEGNET-FULL_TRAIN-MR01,Lee2019_MI,DNN-EEGNET,A0-RAW-ACCEPT-ALL,FULL_TRAIN,1,19,1,100,0.81,0.8098288459613652,0.81,0.8864
P02-A0-Lee2019_MI-DNN-EEGNET-FULL_TRAIN-MR01,Lee2019_MI,DNN-EEGNET,A0-RAW-ACCEPT-ALL,FULL_TRAIN,1,30,1,100,0.63,0.6254681647940075,0.63,0.698
P02-A0-Lee2019_MI-DNN-EEGNET-FULL_TRAIN-MR01,Lee2019_MI,DNN-EEGNET,A0-RAW-ACCEPT-ALL,FULL_TRAIN,1,36,1,100,0.96,0.9599358974358975,0.96,1.0
P02-A0-Lee2019_MI-DNN-EEGNET-FULL_TRAIN-MR02,Lee2019_MI,DNN-EEGNET,A0-RAW-ACCEPT-ALL,FULL_TRAIN,2,3,1,100,0.87,0.8699869986998701,0.87,0.96
P02-A0-Lee2019_MI-DNN-EEGNET-FULL_TRAIN-MR02,Lee2019_MI,DNN-EEGNET,A0-RAW-ACCEPT-ALL,FULL_TRAIN,2,6,1,100,0.6599999999999999,0.6310763888888888,0.66,0.79
P02-A0-Lee2019_MI-DNN-EEGNET-FULL_TRAIN-MR02,Lee2019_MI,DNN-EEGNET,A0-RAW-ACCEPT-ALL,FULL_TRAIN,2,15,1,100,0.47,0.468671679197995,0.47,0.5124000000000001
P02-A0-Lee2019_MI-DNN-EEGNET-FULL_TRAIN-MR02,Lee2019_MI,DNN-EEGNET,A0-RAW-ACCEPT-ALL,FULL_TRAIN,2,19,1,100,0.78,0.7777777777777778,0.78,0.8744
P02-A0-Lee2019_MI-DNN-EEGNET-FULL_TRAIN-MR02,Lee2019_MI,DNN-EEGNET,A0-RAW-ACCEPT-ALL,FULL_TRAIN,2,30,1,100,0.69,0.6899689968996899,0.69,0.7167999999999999
P02-A0-Lee2019_MI-DNN-EEGNET-FULL_TRAIN-MR02,Lee2019_MI,DNN-EEGNET,A0-RAW-ACCEPT-ALL,FULL_TRAIN,2,36,1,100,0.96,0.9599358974358975,0.96,0.9995999999999999
P02-A0-Lee2019_MI-DNN-EEGNET-FULL_TRAIN-MR03,Lee2019_MI,DNN-EEGNET,A0-RAW-ACCEPT-ALL,FULL_TRAIN,3,3,1,100,0.86,0.859775641025641,0.86,0.946
P02-A0-Lee2019_MI-DNN-EEGNET-FULL_TRAIN-MR03,Lee2019_MI,DNN-EEGNET,A0-RAW-ACCEPT-ALL,FULL_TRAIN,3,6,1,100,0.71,0.6991389148251893,0.71,0.8052
P02-A0-Lee2019_MI-DNN-EEGNET-FULL_TRAIN-MR03,Lee2019_MI,DNN-EEGNET,A0-RAW-ACCEPT-ALL,FULL_TRAIN,3,15,1,100,0.53,0.4554512802687985,0.53,0.524
P02-A0-Lee2019_MI-DNN-EEGNET-FULL_TRAIN-MR03,Lee2019_MI,DNN-EEGNET,A0-RAW-ACCEPT-ALL,FULL_TRAIN,3,19,1,100,0.8300000000000001,0.8286117552172598,0.83,0.8992000000000001
P02-A0-Lee2019_MI-DNN-EEGNET-FULL_TRAIN-MR03,Lee2019_MI,DNN-EEGNET,A0-RAW-ACCEPT-ALL,FULL_TRAIN,3,30,1,100,0.62,0.5824175824175825,0.62,0.7283999999999999
P02-A0-Lee2019_MI-DNN-EEGNET-FULL_TRAIN-MR03,Lee2019_MI,DNN-EEGNET,A0-RAW-ACCEPT-ALL,FULL_TRAIN,3,36,1,100,0.99,0.9899989998999901,0.99,1.0
P02-A0-Lee2019_MI-DNN-EEGNET-FULL_TRAIN-MR04,Lee2019_MI,DNN-EEGNET,A0-RAW-ACCEPT-ALL,FULL_TRAIN,4,3,1,100,0.9,0.9,0.9,0.966
P02-A0-Lee2019_MI-DNN-EEGNET-FULL_TRAIN-MR04,Lee2019_MI,DNN-EEGNET,A0-RAW-ACCEPT-ALL,FULL_TRAIN,4,6,1,100,0.6699999999999999,0.6440513428972063,0.67,0.7779999999999999
P02-A0-Lee2019_MI-DNN-EEGNET-FULL_TRAIN-MR04,Lee2019_MI,DNN-EEGNET,A0-RAW-ACCEPT-ALL,FULL_TRAIN,4,15,1,100,0.47,0.3197278911564626,0.47,0.40719999999999995
P02-A0-Lee2019_MI-DNN-EEGNET-FULL_TRAIN-MR04,Lee2019_MI,DNN-EEGNET,A0-RAW-ACCEPT-ALL,FULL_TRAIN,4,19,1,100,0.78,0.7756017951856384,0.78,0.8764
P02-A0-Lee2019_MI-DNN-EEGNET-FULL_TRAIN-MR04,Lee2019_MI,DNN-EEGNET,A0-RAW-ACCEPT-ALL,FULL_TRAIN,4,30,1,100,0.62,0.6124031007751938,0.62,0.6788000000000001
P02-A0-Lee2019_MI-DNN-EEGNET-FULL_TRAIN-MR04,Lee2019_MI,DNN-EEGNET,A0-RAW-ACCEPT-ALL,FULL_TRAIN,4,36,1,100,1.0,1.0,1.0,1.0
P02-A0-Lee2019_MI-DNN-EEGNET-P01-L1-LOW-CAL-OFFICIAL-R2:1_PER_CLASS-MR00,Lee2019_MI,DNN-EEGNET,A0-RAW-ACCEPT-ALL,P01-L1-LOW-CAL-OFFICIAL-R2:1_PER_CLASS,0,3,1,100,0.47,0.4403970013726111,0.47,0.45239999999999997
P02-A0-Lee2019_MI-DNN-EEGNET-P01-L1-LOW-CAL-OFFICIAL-R2:1_PER_CLASS-MR00,Lee2019_MI,DNN-EEGNET,A0-RAW-ACCEPT-ALL,P01-L1-LOW-CAL-OFFICIAL-R2:1_PER_CLASS,0,6,1,100,0.5700000000000001,0.5501621508525996,0.57,0.5364
P02-A0-Lee2019_MI-DNN-EEGNET-P01-L1-LOW-CAL-OFFICIAL-R2:1_PER_CLASS-MR00,Lee2019_MI,DNN-EEGNET,A0-RAW-ACCEPT-ALL,P01-L1-LOW-CAL-OFFICIAL-R2:1_PER_CLASS,0,15,1,100,0.51,0.5015766453056658,0.51,0.5379999999999999
P02-A0-Lee2019_MI-DNN-EEGNET-P01-L1-LOW-CAL-OFFICIAL-R2:1_PER_CLASS-MR00,Lee2019_MI,DNN-EEGNET,A0-RAW-ACCEPT-ALL,P01-L1-LOW-CAL-OFFICIAL-R2:1_PER_CLASS,0,19,1,100,0.54,0.5383380168606985,0.54,0.5476
P02-A0-Lee2019_MI-DNN-EEGNET-P01-L1-LOW-CAL-OFFICIAL-R2:1_PER_CLASS-MR00,Lee2019_MI,DNN-EEGNET,A0-RAW-ACCEPT-ALL,P01-L1-LOW-CAL-OFFICIAL-R2:1_PER_CLASS,0,30,1,100,0.53,0.5261619114830124,0.53,0.5204
P02-A0-Lee2019_MI-DNN-EEGNET-P01-L1-LOW-CAL-OFFICIAL-R2:1_PER_CLASS-MR00,Lee2019_MI,DNN-EEGNET,A0-RAW-ACCEPT-ALL,P01-L1-LOW-CAL-OFFICIAL-R2:1_PER_CLASS,0,36,1,100,0.5,0.48686371100164205,0.5,0.5224
P02-A0-Lee2019_MI-DNN-EEGNET-P01-L1-LOW-CAL-OFFICIAL-R2:1_PER_CLASS-MR01,Lee2019_MI,DNN-EEGNET,A0-RAW-ACCEPT-ALL,P01-L1-LOW-CAL-OFFICIAL-R2:1_PER_CLASS,1,3,1,100,0.47000000000000003,0.4136519526496294,0.47,0.45640000000000003
P02-A0-Lee2019_MI-DNN-EEGNET-P01-L1-LOW-CAL-OFFICIAL-R2:1_PER_CLASS-MR01,Lee2019_MI,DNN-EEGNET,A0-RAW-ACCEPT-ALL,P01-L1-LOW-CAL-OFFICIAL-R2:1_PER_CLASS,1,6,1,100,0.5,0.3333333333333333,0.5,0.5344000000000001
P02-A0-Lee2019_MI-DNN-EEGNET-P01-L1-LOW-CAL-OFFICIAL-R2:1_PER_CLASS-MR01,Lee2019_MI,DNN-EEGNET,A0-RAW-ACCEPT-ALL,P01-L1-LOW-CAL-OFFICIAL-R2:1_PER_CLASS,1,15,1,100,0.54,0.44147644487615345,0.54,0.6392
P02-A0-Lee2019_MI-DNN-EEGNET-P01-L1-LOW-CAL-OFFICIAL-R2:1_PER_CLASS-MR01,Lee2019_MI,DNN-EEGNET,A0-RAW-ACCEPT-ALL,P01-L1-LOW-CAL-OFFICIAL-R2:1_PER_CLASS,1,19,1,100,0.5,0.3333333333333333,0.5,0.518
P02-A0-Lee2019_MI-DNN-EEGNET-P01-L1-LOW-CAL-OFFICIAL-R2:1_PER_CLASS-MR01,Lee2019_MI,DNN-EEGNET,A0-RAW-ACCEPT-ALL,P01-L1-LOW-CAL-OFFICIAL-R2:1_PER_CLASS,1,30,1,100,0.5700000000000001,0.567882624861823,0.57,0.5944
P02-A0-Lee2019_MI-DNN-EEGNET-P01-L1-LOW-CAL-OFFICIAL-R2:1_PER_CLASS-MR01,Lee2019_MI,DNN-EEGNET,A0-RAW-ACCEPT-ALL,P01-L1-LOW-CAL-OFFICIAL-R2:1_PER_CLASS,1,36,1,100,0.49,0.3288590604026846,0.49,0.4024
P02-A0-Lee2019_MI-DNN-EEGNET-P01-L1-LOW-CAL-OFFICIAL-R2:1_PER_CLASS-MR02,Lee2019_MI,DNN-EEGNET,A0-RAW-ACCEPT-ALL,P01-L1-LOW-CAL-OFFICIAL-R2:1_PER_CLASS,2,3,1,100,0.55,0.5444883085332524,0.55,0.5584
P02-A0-Lee2019_MI-DNN-EEGNET-P01-L1-LOW-CAL-OFFICIAL-R2:1_PER_CLASS-MR02,Lee2019_MI,DNN-EEGNET,A0-RAW-ACCEPT-ALL,P01-L1-LOW-CAL-OFFICIAL-R2:1_PER_CLASS,2,6,1,100,0.38,0.37900641025641024,0.38,0.3184
P02-A0-Lee2019_MI-DNN-EEGNET-P01-L1-LOW-CAL-OFFICIAL-R2:1_PER_CLASS-MR02,Lee2019_MI,DNN-EEGNET,A0-RAW-ACCEPT-ALL,P01-L1-LOW-CAL-OFFICIAL-R2:1_PER_CLASS,2,15,1,100,0.54,0.5166036149642708,0.54,0.6152000000000001
P02-A0-Lee2019_MI-DNN-EEGNET-P01-L1-LOW-CAL-OFFICIAL-R2:1_PER_CLASS-MR02,Lee2019_MI,DNN-EEGNET,A0-RAW-ACCEPT-ALL,P01-L1-LOW-CAL-OFFICIAL-R2:1_PER_CLASS,2,19,1,100,0.41000000000000003,0.38278062558845066,0.41,0.39199999999999996
P02-A0-Lee2019_MI-DNN-EEGNET-P01-L1-LOW-CAL-OFFICIAL-R2:1_PER_CLASS-MR02,Lee2019_MI,DNN-EEGNET,A0-RAW-ACCEPT-ALL,P01-L1-LOW-CAL-OFFICIAL-R2:1_PER_CLASS,2,30,1,100,0.55,0.5444883085332524,0.55,0.5444
P02-A0-Lee2019_MI-DNN-EEGNET-P01-L1-LOW-CAL-OFFICIAL-R2:1_PER_CLASS-MR02,Lee2019_MI,DNN-EEGNET,A0-RAW-ACCEPT-ALL,P01-L1-LOW-CAL-OFFICIAL-R2:1_PER_CLASS,2,36,1,100,0.54,0.5308037535699714,0.54,0.5152
P02-A0-Lee2019_MI-DNN-EEGNET-P01-L1-LOW-CAL-OFFICIAL-R2:1_PER_CLASS-MR03,Lee2019_MI,DNN-EEGNET,A0-RAW-ACCEPT-ALL,P01-L1-LOW-CAL-OFFICIAL-R2:1_PER_CLASS,3,3,1,100,0.59,0.5327635327635327,0.59,0.6142
P02-A0-Lee2019_MI-DNN-EEGNET-P01-L1-LOW-CAL-OFFICIAL-R2:1_PER_CLASS-MR03,Lee2019_MI,DNN-EEGNET,A0-RAW-ACCEPT-ALL,P01-L1-LOW-CAL-OFFICIAL-R2:1_PER_CLASS,3,6,1,100,0.54,0.5332792207792207,0.54,0.5056
P02-A0-Lee2019_MI-DNN-EEGNET-P01-L1-LOW-CAL-OFFICIAL-R2:1_PER_CLASS-MR03,Lee2019_MI,DNN-EEGNET,A0-RAW-ACCEPT-ALL,P01-L1-LOW-CAL-OFFICIAL-R2:1_PER_CLASS,3,15,1,100,0.63,0.6236395076797885,0.63,0.6404
P02-A0-Lee2019_MI-DNN-EEGNET-P01-L1-LOW-CAL-OFFICIAL-R2:1_PER_CLASS-MR03,Lee2019_MI,DNN-EEGNET,A0-RAW-ACCEPT-ALL,P01-L1-LOW-CAL-OFFICIAL-R2:1_PER_CLASS,3,19,1,100,0.51,0.45011783189316573,0.51,0.452
P02-A0-Lee2019_MI-DNN-EEGNET-P01-L1-LOW-CAL-OFFICIAL-R2:1_PER_CLASS-MR03,Lee2019_MI,DNN-EEGNET,A0-RAW-ACCEPT-ALL,P01-L1-LOW-CAL-OFFICIAL-R2:1_PER_CLASS,3,30,1,100,0.43000000000000005,0.392,0.43,0.44439999999999996
P02-A0-Lee2019_MI-DNN-EEGNET-P01-L1-LOW-CAL-OFFICIAL-R2:1_PER_CLASS-MR03,Lee2019_MI,DNN-EEGNET,A0-RAW-ACCEPT-ALL,P01-L1-LOW-CAL-OFFICIAL-R2:1_PER_CLASS,3,36,1,100,0.55,0.5495946351716545,0.55,0.5127999999999999
P02-A0-Lee2019_MI-DNN-EEGNET-P01-L1-LOW-CAL-OFFICIAL-R2:1_PER_CLASS-MR04,Lee2019_MI,DNN-EEGNET,A0-RAW-ACCEPT-ALL,P01-L1-LOW-CAL-OFFICIAL-R2:1_PER_CLASS,4,3,1,100,0.56,0.56,0.56,0.5648
P02-A0-Lee2019_MI-DNN-EEGNET-P01-L1-LOW-CAL-OFFICIAL-R2:1_PER_CLASS-MR04,Lee2019_MI,DNN-EEGNET,A0-RAW-ACCEPT-ALL,P01-L1-LOW-CAL-OFFICIAL-R2:1_PER_CLASS,4,6,1,100,0.49,0.483753416337686,0.49,0.496
P02-A0-Lee2019_MI-DNN-EEGNET-P01-L1-LOW-CAL-OFFICIAL-R2:1_PER_CLASS-MR04,Lee2019_MI,DNN-EEGNET,A0-RAW-ACCEPT-ALL,P01-L1-LOW-CAL-OFFICIAL-R2:1_PER_CLASS,4,15,1,100,0.6799999999999999,0.6798719487795117,0.68,0.7176
P02-A0-Lee2019_MI-DNN-EEGNET-P01-L1-LOW-CAL-OFFICIAL-R2:1_PER_CLASS-MR04,Lee2019_MI,DNN-EEGNET,A0-RAW-ACCEPT-ALL,P01-L1-LOW-CAL-OFFICIAL-R2:1_PER_CLASS,4,19,1,100,0.52,0.4851994851994852,0.52,0.5551999999999999
P02-A0-Lee2019_MI-DNN-EEGNET-P01-L1-LOW-CAL-OFFICIAL-R2:1_PER_CLASS-MR04,Lee2019_MI,DNN-EEGNET,A0-RAW-ACCEPT-ALL,P01-L1-LOW-CAL-OFFICIAL-R2:1_PER_CLASS,4,30,1,100,0.5,0.3333333333333333,0.5,0.5112
P02-A0-Lee2019_MI-DNN-EEGNET-P01-L1-LOW-CAL-OFFICIAL-R2:1_PER_CLASS-MR04,Lee2019_MI,DNN-EEGNET,A0-RAW-ACCEPT-ALL,P01-L1-LOW-CAL-OFFICIAL-R2:1_PER_CLASS,4,36,1,100,0.6599999999999999,0.6578099838969405,0.66,0.6988
P02-A0-Lee2019_MI-DNN-EEGNET-P01-L1-LOW-CAL-OFFICIAL-R2:2_PER_CLASS-MR00,Lee2019_MI,DNN-EEGNET,A0-RAW-ACCEPT-ALL,P01-L1-LOW-CAL-OFFICIAL-R2:2_PER_CLASS,0,3,1,100,0.51,0.3551783129359126,0.51,0.4884
P02-A0-Lee2019_MI-DNN-EEGNET-P01-L1-LOW-CAL-OFFICIAL-R2:2_PER_CLASS-MR00,Lee2019_MI,DNN-EEGNET,A0-RAW-ACCEPT-ALL,P01-L1-LOW-CAL-OFFICIAL-R2:2_PER_CLASS,0,6,1,100,0.5,0.3333333333333333,0.5,0.5032
P02-A0-Lee2019_MI-DNN-EEGNET-P01-L1-LOW-CAL-OFFICIAL-R2:2_PER_CLASS-MR00,Lee2019_MI,DNN-EEGNET,A0-RAW-ACCEPT-ALL,P01-L1-LOW-CAL-OFFICIAL-R2:2_PER_CLASS,0,15,1,100,0.5,0.3333333333333333,0.5,0.47559999999999997
P02-A0-Lee2019_MI-DNN-EEGNET-P01-L1-LOW-CAL-OFFICIAL-R2:2_PER_CLASS-MR00,Lee2019_MI,DNN-EEGNET,A0-RAW-ACCEPT-ALL,P01-L1-LOW-CAL-OFFICIAL-R2:2_PER_CLASS,0,19,1,100,0.5,0.3333333333333333,0.5,0.4612
P02-A0-Lee2019_MI-DNN-EEGNET-P01-L1-LOW-CAL-OFFICIAL-R2:2_PER_CLASS-MR00,Lee2019_MI,DNN-EEGNET,A0-RAW-ACCEPT-ALL,P01-L1-LOW-CAL-OFFICIAL-R2:2_PER_CLASS,0,30,1,100,0.5,0.3333333333333333,0.5,0.4744
P02-A0-Lee2019_MI-DNN-EEGNET-P01-L1-LOW-CAL-OFFICIAL-R2:2_PER_CLASS-MR00,Lee2019_MI,DNN-EEGNET,A0-RAW-ACCEPT-ALL,P01-L1-LOW-CAL-OFFICIAL-R2:2_PER_CLASS,0,36,1,100,0.5,0.3333333333333333,0.5,0.552
P02-A0-Lee2019_MI-DNN-EEGNET-P01-L1-LOW-CAL-OFFICIAL-R2:2_PER_CLASS-MR01,Lee2019_MI,DNN-EEGNET,A0-RAW-ACCEPT-ALL,P01-L1-LOW-CAL-OFFICIAL-R2:2_PER_CLASS,1,3,1,100,0.5,0.4981934965877158,0.5,0.5488
P02-A0-Lee2019_MI-DNN-EEGNET-P01-L1-LOW-CAL-OFFICIAL-R2:2_PER_CLASS-MR01,Lee2019_MI,DNN-EEGNET,A0-RAW-ACCEPT-ALL,P01-L1-LOW-CAL-OFFICIAL-R2:2_PER_CLASS,1,6,1,100,0.5,0.3333333333333333,0.5,0.4788
P02-A0-Lee2019_MI-DNN-EEGNET-P01-L1-LOW-CAL-OFFICIAL-R2:2_PER_CLASS-MR01,Lee2019_MI,DNN-EEGNET,A0-RAW-ACCEPT-ALL,P01-L1-LOW-CAL-OFFICIAL-R2:2_PER_CLASS,1,15,1,100,0.55,0.4479205005520795,0.55,0.5624
P02-A0-Lee2019_MI-DNN-EEGNET-P01-L1-LOW-CAL-OFFICIAL-R2:2_PER_CLASS-MR01,Lee2019_MI,DNN-EEGNET,A0-RAW-ACCEPT-ALL,P01-L1-LOW-CAL-OFFICIAL-R2:2_PER_CLASS,1,19,1,100,0.49,0.3288590604026846,0.49,0.5276000000000001
P02-A0-Lee2019_MI-DNN-EEGNET-P01-L1-LOW-CAL-OFFICIAL-R2:2_PER_CLASS-MR01,Lee2019_MI,DNN-EEGNET,A0-RAW-ACCEPT-ALL,P01-L1-LOW-CAL-OFFICIAL-R2:2_PER_CLASS,1,30,1,100,0.5,0.3333333333333333,0.5,0.5552
P02-A0-Lee2019_MI-DNN-EEGNET-P01-L1-LOW-CAL-OFFICIAL-R2:2_PER_CLASS-MR01,Lee2019_MI,DNN-EEGNET,A0-RAW-ACCEPT-ALL,P01-L1-LOW-CAL-OFFICIAL-R2:2_PER_CLASS,1,36,1,100,0.56,0.4944852941176471,0.56,0.7816
P02-A0-Lee2019_MI-DNN-EEGNET-P01-L1-LOW-CAL-OFFICIAL-R2:2_PER_CLASS-MR02,Lee2019_MI,DNN-EEGNET,A0-RAW-ACCEPT-ALL,P01-L1-LOW-CAL-OFFICIAL-R2:2_PER_CLASS,2,3,1,100,0.47,0.46994699469946993,0.47,0.4688
P02-A0-Lee2019_MI-DNN-EEGNET-P01-L1-LOW-CAL-OFFICIAL-R2:2_PER_CLASS-MR02,Lee2019_MI,DNN-EEGNET,A0-RAW-ACCEPT-ALL,P01-L1-LOW-CAL-OFFICIAL-R2:2_PER_CLASS,2,6,1,100,0.53,0.4986666666666667,0.53,0.5236000000000001
P02-A0-Lee2019_MI-DNN-EEGNET-P01-L1-LOW-CAL-OFFICIAL-R2:2_PER_CLASS-MR02,Lee2019_MI,DNN-EEGNET,A0-RAW-ACCEPT-ALL,P01-L1-LOW-CAL-OFFICIAL-R2:2_PER_CLASS,2,15,1,100,0.43000000000000005,0.39816281279695914,0.43,0.466
P02-A0-Lee2019_MI-DNN-EEGNET-P01-L1-LOW-CAL-OFFICIAL-R2:2_PER_CLASS-MR02,Lee2019_MI,DNN-EEGNET,A0-RAW-ACCEPT-ALL,P01-L1-LOW-CAL-OFFICIAL-R2:2_PER_CLASS,2,19,1,100,0.52,0.4851994851994852,0.52,0.49679999999999996
P02-A0-Lee2019_MI-DNN-EEGNET-P01-L1-LOW-CAL-OFFICIAL-R2:2_PER_CLASS-MR02,Lee2019_MI,DNN-EEGNET,A0-RAW-ACCEPT-ALL,P01-L1-LOW-CAL-OFFICIAL-R2:2_PER_CLASS,2,30,1,100,0.43,0.3504273504273504,0.43,0.504
P02-A0-Lee2019_MI-DNN-EEGNET-P01-L1-LOW-CAL-OFFICIAL-R2:2_PER_CLASS-MR02,Lee2019_MI,DNN-EEGNET,A0-RAW-ACCEPT-ALL,P01-L1-LOW-CAL-OFFICIAL-R2:2_PER_CLASS,2,36,1,100,0.4,0.3880048959608323,0.4,0.3696
P02-A0-Lee2019_MI-DNN-EEGNET-P01-L1-LOW-CAL-OFFICIAL-R2:2_PER_CLASS-MR03,Lee2019_MI,DNN-EEGNET,A0-RAW-ACCEPT-ALL,P01-L1-LOW-CAL-OFFICIAL-R2:2_PER_CLASS,3,3,1,100,0.45999999999999996,0.3795955882352941,0.46,0.5488
P02-A0-Lee2019_MI-DNN-EEGNET-P01-L1-LOW-CAL-OFFICIAL-R2:2_PER_CLASS-MR03,Lee2019_MI,DNN-EEGNET,A0-RAW-ACCEPT-ALL,P01-L1-LOW-CAL-OFFICIAL-R2:2_PER_CLASS,3,6,1,100,0.48,0.44821731748726656,0.48,0.5012
P02-A0-Lee2019_MI-DNN-EEGNET-P01-L1-LOW-CAL-OFFICIAL-R2:2_PER_CLASS-MR03,Lee2019_MI,DNN-EEGNET,A0-RAW-ACCEPT-ALL,P01-L1-LOW-CAL-OFFICIAL-R2:2_PER_CLASS,3,15,1,100,0.56,0.5098039215686274,0.56,0.5688
P02-A0-Lee2019_MI-DNN-EEGNET-P01-L1-LOW-CAL-OFFICIAL-R2:2_PER_CLASS-MR03,Lee2019_MI,DNN-EEGNET,A0-RAW-ACCEPT-ALL,P01-L1-LOW-CAL-OFFICIAL-R2:2_PER_CLASS,3,19,1,100,0.5,0.4832575444398512,0.5,0.4592
P02-A0-Lee2019_MI-DNN-EEGNET-P01-L1-LOW-CAL-OFFICIAL-R2:2_PER_CLASS-MR03,Lee2019_MI,DNN-EEGNET,A0-RAW-ACCEPT-ALL,P01-L1-LOW-CAL-OFFICIAL-R2:2_PER_CLASS,3,30,1,100,0.56,0.5164835164835164,0.56,0.55
P02-A0-Lee2019_MI-DNN-EEGNET-P01-L1-LOW-CAL-OFFICIAL-R2:2_PER_CLASS-MR03,Lee2019_MI,DNN-EEGNET,A0-RAW-ACCEPT-ALL,P01-L1-LOW-CAL-OFFICIAL-R2:2_PER_CLASS,3,36,1,100,0.47,0.3629041952157711,0.47,0.38000000000000006
P02-A0-Lee2019_MI-DNN-EEGNET-P01-L1-LOW-CAL-OFFICIAL-R2:2_PER_CLASS-MR04,Lee2019_MI,DNN-EEGNET,A0-RAW-ACCEPT-ALL,P01-L1-LOW-CAL-OFFICIAL-R2:2_PER_CLASS,4,3,1,100,0.47,0.4542271650705386,0.47,0.44399999999999995
P02-A0-Lee2019_MI-DNN-EEGNET-P01-L1-LOW-CAL-OFFICIAL-R2:2_PER_CLASS-MR04,Lee2019_MI,DNN-EEGNET,A0-RAW-ACCEPT-ALL,P01-L1-LOW-CAL-OFFICIAL-R2:2_PER_CLASS,4,6,1,100,0.51,0.4221016629319495,0.51,0.38839999999999997
P02-A0-Lee2019_MI-DNN-EEGNET-P01-L1-LOW-CAL-OFFICIAL-R2:2_PER_CLASS-MR04,Lee2019_MI,DNN-EEGNET,A0-RAW-ACCEPT-ALL,P01-L1-LOW-CAL-OFFICIAL-R2:2_PER_CLASS,4,15,1,100,0.55,0.4357366771159875,0.55,0.6748000000000001
P02-A0-Lee2019_MI-DNN-EEGNET-P01-L1-LOW-CAL-OFFICIAL-R2:2_PER_CLASS-MR04,Lee2019_MI,DNN-EEGNET,A0-RAW-ACCEPT-ALL,P01-L1-LOW-CAL-OFFICIAL-R2:2_PER_CLASS,4,19,1,100,0.49,0.3288590604026846,0.49,0.5212
P02-A0-Lee2019_MI-DNN-EEGNET-P01-L1-LOW-CAL-OFFICIAL-R2:2_PER_CLASS-MR04,Lee2019_MI,DNN-EEGNET,A0-RAW-ACCEPT-ALL,P01-L1-LOW-CAL-OFFICIAL-R2:2_PER_CLASS,4,30,1,100,0.5,0.3333333333333333,0.5,0.5955999999999999
P02-A0-Lee2019_MI-DNN-EEGNET-P01-L1-LOW-CAL-OFFICIAL-R2:2_PER_CLASS-MR04,Lee2019_MI,DNN-EEGNET,A0-RAW-ACCEPT-ALL,P01-L1-LOW-CAL-OFFICIAL-R2:2_PER_CLASS,4,36,1,100,0.51,0.4221016629319495,0.51,0.6203999999999998
P02-A0-Lee2019_MI-DNN-EEGNET-P01-L1-LOW-CAL-OFFICIAL-R2:4_PER_CLASS-MR00,Lee2019_MI,DNN-EEGNET,A0-RAW-ACCEPT-ALL,P01-L1-LOW-CAL-OFFICIAL-R2:4_PER_CLASS,0,3,1,100,0.5,0.3333333333333333,0.5,0.4716
P02-A0-Lee2019_MI-DNN-EEGNET-P01-L1-LOW-CAL-OFFICIAL-R2:4_PER_CLASS-MR00,Lee2019_MI,DNN-EEGNET,A0-RAW-ACCEPT-ALL,P01-L1-LOW-CAL-OFFICIAL-R2:4_PER_CLASS,0,6,1,100,0.51,0.5015766453056658,0.51,0.4876
P02-A0-Lee2019_MI-DNN-EEGNET-P01-L1-LOW-CAL-OFFICIAL-R2:4_PER_CLASS-MR00,Lee2019_MI,DNN-EEGNET,A0-RAW-ACCEPT-ALL,P01-L1-LOW-CAL-OFFICIAL-R2:4_PER_CLASS,0,15,1,100,0.45,0.44862155388471175,0.45,0.37639999999999996
P02-A0-Lee2019_MI-DNN-EEGNET-P01-L1-LOW-CAL-OFFICIAL-R2:4_PER_CLASS-MR00,Lee2019_MI,DNN-EEGNET,A0-RAW-ACCEPT-ALL,P01-L1-LOW-CAL-OFFICIAL-R2:4_PER_CLASS,0,19,1,100,0.45999999999999996,0.35714285714285715,0.46,0.4524
P02-A0-Lee2019_MI-DNN-EEGNET-P01-L1-LOW-CAL-OFFICIAL-R2:4_PER_CLASS-MR00,Lee2019_MI,DNN-EEGNET,A0-RAW-ACCEPT-ALL,P01-L1-LOW-CAL-OFFICIAL-R2:4_PER_CLASS,0,30,1,100,0.52,0.5151515151515151,0.52,0.5688
P02-A0-Lee2019_MI-DNN-EEGNET-P01-L1-LOW-CAL-OFFICIAL-R2:4_PER_CLASS-MR00,Lee2019_MI,DNN-EEGNET,A0-RAW-ACCEPT-ALL,P01-L1-LOW-CAL-OFFICIAL-R2:4_PER_CLASS,0,36,1,100,0.6,0.5324918186068257,0.6,0.676
P02-A0-Lee2019_MI-DNN-EEGNET-P01-L1-LOW-CAL-OFFICIAL-R2:4_PER_CLASS-MR01,Lee2019_MI,DNN-EEGNET,A0-RAW-ACCEPT-ALL,P01-L1-LOW-CAL-OFFICIAL-R2:4_PER_CLASS,1,3,1,100,0.5,0.3503118503118503,0.5,0.526
P02-A0-Lee2019_MI-DNN-EEGNET-P01-L1-LOW-CAL-OFFICIAL-R2:4_PER_CLASS-MR01,Lee2019_MI,DNN-EEGNET,A0-RAW-ACCEPT-ALL,P01-L1-LOW-CAL-OFFICIAL-R2:4_PER_CLASS,1,6,1,100,0.55,0.4479205005520795,0.55,0.4948
P02-A0-Lee2019_MI-DNN-EEGNET-P01-L1-LOW-CAL-OFFICIAL-R2:4_PER_CLASS-MR01,Lee2019_MI,DNN-EEGNET,A0-RAW-ACCEPT-ALL,P01-L1-LOW-CAL-OFFICIAL-R2:4_PER_CLASS,1,15,1,100,0.48,0.4025735294117647,0.48,0.42279999999999995
P02-A0-Lee2019_MI-DNN-EEGNET-P01-L1-LOW-CAL-OFFICIAL-R2:4_PER_CLASS-MR01,Lee2019_MI,DNN-EEGNET,A0-RAW-ACCEPT-ALL,P01-L1-LOW-CAL-OFFICIAL-R2:4_PER_CLASS,1,19,1,100,0.48,0.32432432432432434,0.48,0.5104
P02-A0-Lee2019_MI-DNN-EEGNET-P01-L1-LOW-CAL-OFFICIAL-R2:4_PER_CLASS-MR01,Lee2019_MI,DNN-EEGNET,A0-RAW-ACCEPT-ALL,P01-L1-LOW-CAL-OFFICIAL-R2:4_PER_CLASS,1,30,1,100,0.51,0.3551783129359126,0.51,0.6264
P02-A0-Lee2019_MI-DNN-EEGNET-P01-L1-LOW-CAL-OFFICIAL-R2:4_PER_CLASS-MR01,Lee2019_MI,DNN-EEGNET,A0-RAW-ACCEPT-ALL,P01-L1-LOW-CAL-OFFICIAL-R2:4_PER_CLASS,1,36,1,100,0.61,0.5793334052421529,0.61,0.7624
P02-A0-Lee2019_MI-DNN-EEGNET-P01-L1-LOW-CAL-OFFICIAL-R2:4_PER_CLASS-MR02,Lee2019_MI,DNN-EEGNET,A0-RAW-ACCEPT-ALL,P01-L1-LOW-CAL-OFFICIAL-R2:4_PER_CLASS,2,3,1,100,0.5,0.3333333333333333,0.5,0.5152
P02-A0-Lee2019_MI-DNN-EEGNET-P01-L1-LOW-CAL-OFFICIAL-R2:4_PER_CLASS-MR02,Lee2019_MI,DNN-EEGNET,A0-RAW-ACCEPT-ALL,P01-L1-LOW-CAL-OFFICIAL-R2:4_PER_CLASS,2,6,1,100,0.5,0.46943972835314096,0.5,0.5044
P02-A0-Lee2019_MI-DNN-EEGNET-P01-L1-LOW-CAL-OFFICIAL-R2:4_PER_CLASS-MR02,Lee2019_MI,DNN-EEGNET,A0-RAW-ACCEPT-ALL,P01-L1-LOW-CAL-OFFICIAL-R2:4_PER_CLASS,2,15,1,100,0.48,0.44821731748726656,0.48,0.5116
P02-A0-Lee2019_MI-DNN-EEGNET-P01-L1-LOW-CAL-OFFICIAL-R2:4_PER_CLASS-MR02,Lee2019_MI,DNN-EEGNET,A0-RAW-ACCEPT-ALL,P01-L1-LOW-CAL-OFFICIAL-R2:4_PER_CLASS,2,19,1,100,0.55,0.47862356621480706,0.55,0.5588
P02-A0-Lee2019_MI-DNN-EEGNET-P01-L1-LOW-CAL-OFFICIAL-R2:4_PER_CLASS-MR02,Lee2019_MI,DNN-EEGNET,A0-RAW-ACCEPT-ALL,P01-L1-LOW-CAL-OFFICIAL-R2:4_PER_CLASS,2,30,1,100,0.6599999999999999,0.6510673234811166,0.66,0.6372
P02-A0-Lee2019_MI-DNN-EEGNET-P01-L1-LOW-CAL-OFFICIAL-R2:4_PER_CLASS-MR02,Lee2019_MI,DNN-EEGNET,A0-RAW-ACCEPT-ALL,P01-L1-LOW-CAL-OFFICIAL-R2:4_PER_CLASS,2,36,1,100,0.7,0.6956168831168831,0.7,0.7936
P02-A0-Lee2019_MI-DNN-EEGNET-P01-L1-LOW-CAL-OFFICIAL-R2:4_PER_CLASS-MR03,Lee2019_MI,DNN-EEGNET,A0-RAW-ACCEPT-ALL,P01-L1-LOW-CAL-OFFICIAL-R2:4_PER_CLASS,3,3,1,100,0.49,0.3288590604026846,0.49,0.4808
P02-A0-Lee2019_MI-DNN-EEGNET-P01-L1-LOW-CAL-OFFICIAL-R2:4_PER_CLASS-MR03,Lee2019_MI,DNN-EEGNET,A0-RAW-ACCEPT-ALL,P01-L1-LOW-CAL-OFFICIAL-R2:4_PER_CLASS,3,6,1,100,0.51,0.4221016629319495,0.51,0.45999999999999996
P02-A0-Lee2019_MI-DNN-EEGNET-P01-L1-LOW-CAL-OFFICIAL-R2:4_PER_CLASS-MR03,Lee2019_MI,DNN-EEGNET,A0-RAW-ACCEPT-ALL,P01-L1-LOW-CAL-OFFICIAL-R2:4_PER_CLASS,3,15,1,100,0.52,0.39117199391172,0.52,0.49079999999999996
P02-A0-Lee2019_MI-DNN-EEGNET-P01-L1-LOW-CAL-OFFICIAL-R2:4_PER_CLASS-MR03,Lee2019_MI,DNN-EEGNET,A0-RAW-ACCEPT-ALL,P01-L1-LOW-CAL-OFFICIAL-R2:4_PER_CLASS,3,19,1,100,0.47,0.3197278911564626,0.47,0.49639999999999995
P02-A0-Lee2019_MI-DNN-EEGNET-P01-L1-LOW-CAL-OFFICIAL-R2:4_PER_CLASS-MR03,Lee2019_MI,DNN-EEGNET,A0-RAW-ACCEPT-ALL,P01-L1-LOW-CAL-OFFICIAL-R2:4_PER_CLASS,3,30,1,100,0.52,0.37629937629937626,0.52,0.618
P02-A0-Lee2019_MI-DNN-EEGNET-P01-L1-LOW-CAL-OFFICIAL-R2:4_PER_CLASS-MR03,Lee2019_MI,DNN-EEGNET,A0-RAW-ACCEPT-ALL,P01-L1-LOW-CAL-OFFICIAL-R2:4_PER_CLASS,3,36,1,100,0.62,0.6124031007751938,0.62,0.6124
P02-A0-Lee2019_MI-DNN-EEGNET-P01-L1-LOW-CAL-OFFICIAL-R2:4_PER_CLASS-MR04,Lee2019_MI,DNN-EEGNET,A0-RAW-ACCEPT-ALL,P01-L1-LOW-CAL-OFFICIAL-R2:4_PER_CLASS,4,3,1,100,0.5,0.3503118503118503,0.5,0.45120000000000005
P02-A0-Lee2019_MI-DNN-EEGNET-P01-L1-LOW-CAL-OFFICIAL-R2:4_PER_CLASS-MR04,Lee2019_MI,DNN-EEGNET,A0-RAW-ACCEPT-ALL,P01-L1-LOW-CAL-OFFICIAL-R2:4_PER_CLASS,4,6,1,100,0.54,0.45238095238095233,0.54,0.48919999999999997
P02-A0-Lee2019_MI-DNN-EEGNET-P01-L1-LOW-CAL-OFFICIAL-R2:4_PER_CLASS-MR04,Lee2019_MI,DNN-EEGNET,A0-RAW-ACCEPT-ALL,P01-L1-LOW-CAL-OFFICIAL-R2:4_PER_CLASS,4,15,1,100,0.49,0.4188034188034188,0.49,0.4588
P02-A0-Lee2019_MI-DNN-EEGNET-P01-L1-LOW-CAL-OFFICIAL-R2:4_PER_CLASS-MR04,Lee2019_MI,DNN-EEGNET,A0-RAW-ACCEPT-ALL,P01-L1-LOW-CAL-OFFICIAL-R2:4_PER_CLASS,4,19,1,100,0.48,0.32432432432432434,0.48,0.4392
P02-A0-Lee2019_MI-DNN-EEGNET-P01-L1-LOW-CAL-OFFICIAL-R2:4_PER_CLASS-MR04,Lee2019_MI,DNN-EEGNET,A0-RAW-ACCEPT-ALL,P01-L1-LOW-CAL-OFFICIAL-R2:4_PER_CLASS,4,30,1,100,0.52,0.37629937629937626,0.52,0.6016
P02-A0-Lee2019_MI-DNN-EEGNET-P01-L1-LOW-CAL-OFFICIAL-R2:4_PER_CLASS-MR04,Lee2019_MI,DNN-EEGNET,A0-RAW-ACCEPT-ALL,P01-L1-LOW-CAL-OFFICIAL-R2:4_PER_CLASS,4,36,1,100,0.51,0.43227899432278993,0.51,0.662
P02-A0-Lee2019_MI-DNN-EEGNET-P01-L1-LOW-CAL-OFFICIAL-R2:8_PER_CLASS-MR00,Lee2019_MI,DNN-EEGNET,A0-RAW-ACCEPT-ALL,P01-L1-LOW-CAL-OFFICIAL-R2:8_PER_CLASS,0,3,1,100,0.5,0.3333333333333333,0.5,0.6444000000000001
P02-A0-Lee2019_MI-DNN-EEGNET-P01-L1-LOW-CAL-OFFICIAL-R2:8_PER_CLASS-MR00,Lee2019_MI,DNN-EEGNET,A0-RAW-ACCEPT-ALL,P01-L1-LOW-CAL-OFFICIAL-R2:8_PER_CLASS,0,6,1,100,0.51,0.48263118994826315,0.51,0.5476
P02-A0-Lee2019_MI-DNN-EEGNET-P01-L1-LOW-CAL-OFFICIAL-R2:8_PER_CLASS-MR00,Lee2019_MI,DNN-EEGNET,A0-RAW-ACCEPT-ALL,P01-L1-LOW-CAL-OFFICIAL-R2:8_PER_CLASS,0,15,1,100,0.5700000000000001,0.4724573671942093,0.57,0.6872
P02-A0-Lee2019_MI-DNN-EEGNET-P01-L1-LOW-CAL-OFFICIAL-R2:8_PER_CLASS-MR00,Lee2019_MI,DNN-EEGNET,A0-RAW-ACCEPT-ALL,P01-L1-LOW-CAL-OFFICIAL-R2:8_PER_CLASS,0,19,1,100,0.56,0.46576007770762506,0.56,0.5912
P02-A0-Lee2019_MI-DNN-EEGNET-P01-L1-LOW-CAL-OFFICIAL-R2:8_PER_CLASS-MR00,Lee2019_MI,DNN-EEGNET,A0-RAW-ACCEPT-ALL,P01-L1-LOW-CAL-OFFICIAL-R2:8_PER_CLASS,0,30,1,100,0.54,0.47150735294117646,0.54,0.4804
P02-A0-Lee2019_MI-DNN-EEGNET-P01-L1-LOW-CAL-OFFICIAL-R2:8_PER_CLASS-MR00,Lee2019_MI,DNN-EEGNET,A0-RAW-ACCEPT-ALL,P01-L1-LOW-CAL-OFFICIAL-R2:8_PER_CLASS,0,36,1,100,0.5599999999999999,0.48574100046750823,0.56,0.6264
P02-A0-Lee2019_MI-DNN-EEGNET-P01-L1-LOW-CAL-OFFICIAL-R2:8_PER_CLASS-MR01,Lee2019_MI,DNN-EEGNET,A0-RAW-ACCEPT-ALL,P01-L1-LOW-CAL-OFFICIAL-R2:8_PER_CLASS,1,3,1,100,0.55,0.4479205005520795,0.55,0.6808
P02-A0-Lee2019_MI-DNN-EEGNET-P01-L1-LOW-CAL-OFFICIAL-R2:8_PER_CLASS-MR01,Lee2019_MI,DNN-EEGNET,A0-RAW-ACCEPT-ALL,P01-L1-LOW-CAL-OFFICIAL-R2:8_PER_CLASS,1,6,1,100,0.52,0.4285714285714286,0.52,0.566
P02-A0-Lee2019_MI-DNN-EEGNET-P01-L1-LOW-CAL-OFFICIAL-R2:8_PER_CLASS-MR01,Lee2019_MI,DNN-EEGNET,A0-RAW-ACCEPT-ALL,P01-L1-LOW-CAL-OFFICIAL-R2:8_PER_CLASS,1,15,1,100,0.51,0.3551783129359126,0.51,0.6438
P02-A0-Lee2019_MI-DNN-EEGNET-P01-L1-LOW-CAL-OFFICIAL-R2:8_PER_CLASS-MR01,Lee2019_MI,DNN-EEGNET,A0-RAW-ACCEPT-ALL,P01-L1-LOW-CAL-OFFICIAL-R2:8_PER_CLASS,1,19,1,100,0.54,0.44147644487615345,0.54,0.6768
P02-A0-Lee2019_MI-DNN-EEGNET-P01-L1-LOW-CAL-OFFICIAL-R2:8_PER_CLASS-MR01,Lee2019_MI,DNN-EEGNET,A0-RAW-ACCEPT-ALL,P01-L1-LOW-CAL-OFFICIAL-R2:8_PER_CLASS,1,30,1,100,0.5,0.3333333333333333,0.5,0.46359999999999996
P02-A0-Lee2019_MI-DNN-EEGNET-P01-L1-LOW-CAL-OFFICIAL-R2:8_PER_CLASS-MR01,Lee2019_MI,DNN-EEGNET,A0-RAW-ACCEPT-ALL,P01-L1-LOW-CAL-OFFICIAL-R2:8_PER_CLASS,1,36,1,100,0.6200000000000001,0.6186270574066639,0.62,0.68
P02-A0-Lee2019_MI-DNN-EEGNET-P01-L1-LOW-CAL-OFFICIAL-R2:8_PER_CLASS-MR02,Lee2019_MI,DNN-EEGNET,A0-RAW-ACCEPT-ALL,P01-L1-LOW-CAL-OFFICIAL-R2:8_PER_CLASS,2,3,1,100,0.53,0.4106583072100314,0.53,0.6148
P02-A0-Lee2019_MI-DNN-EEGNET-P01-L1-LOW-CAL-OFFICIAL-R2:8_PER_CLASS-MR02,Lee2019_MI,DNN-EEGNET,A0-RAW-ACCEPT-ALL,P01-L1-LOW-CAL-OFFICIAL-R2:8_PER_CLASS,2,6,1,100,0.51,0.39884676726781987,0.51,0.6160000000000001
P02-A0-Lee2019_MI-DNN-EEGNET-P01-L1-LOW-CAL-OFFICIAL-R2:8_PER_CLASS-MR02,Lee2019_MI,DNN-EEGNET,A0-RAW-ACCEPT-ALL,P01-L1-LOW-CAL-OFFICIAL-R2:8_PER_CLASS,2,15,1,100,0.51,0.3551783129359126,0.51,0.672
P02-A0-Lee2019_MI-DNN-EEGNET-P01-L1-LOW-CAL-OFFICIAL-R2:8_PER_CLASS-MR02,Lee2019_MI,DNN-EEGNET,A0-RAW-ACCEPT-ALL,P01-L1-LOW-CAL-OFFICIAL-R2:8_PER_CLASS,2,19,1,100,0.51,0.45011783189316573,0.51,0.5992
P02-A0-Lee2019_MI-DNN-EEGNET-P01-L1-LOW-CAL-OFFICIAL-R2:8_PER_CLASS-MR02,Lee2019_MI,DNN-EEGNET,A0-RAW-ACCEPT-ALL,P01-L1-LOW-CAL-OFFICIAL-R2:8_PER_CLASS,2,30,1,100,0.5,0.3333333333333333,0.5,0.6320000000000001
P02-A0-Lee2019_MI-DNN-EEGNET-P01-L1-LOW-CAL-OFFICIAL-R2:8_PER_CLASS-MR02,Lee2019_MI,DNN-EEGNET,A0-RAW-ACCEPT-ALL,P01-L1-LOW-CAL-OFFICIAL-R2:8_PER_CLASS,2,36,1,100,0.48,0.45355191256830596,0.48,0.5187999999999999
P02-A0-Lee2019_MI-DNN-EEGNET-P01-L1-LOW-CAL-OFFICIAL-R2:8_PER_CLASS-MR03,Lee2019_MI,DNN-EEGNET,A0-RAW-ACCEPT-ALL,P01-L1-LOW-CAL-OFFICIAL-R2:8_PER_CLASS,3,3,1,100,0.52,0.4285714285714286,0.52,0.47319999999999995
P02-A0-Lee2019_MI-DNN-EEGNET-P01-L1-LOW-CAL-OFFICIAL-R2:8_PER_CLASS-MR03,Lee2019_MI,DNN-EEGNET,A0-RAW-ACCEPT-ALL,P01-L1-LOW-CAL-OFFICIAL-R2:8_PER_CLASS,3,6,1,100,0.45,0.3994977617643848,0.45,0.5316
P02-A0-Lee2019_MI-DNN-EEGNET-P01-L1-LOW-CAL-OFFICIAL-R2:8_PER_CLASS-MR03,Lee2019_MI,DNN-EEGNET,A0-RAW-ACCEPT-ALL,P01-L1-LOW-CAL-OFFICIAL-R2:8_PER_CLASS,3,15,1,100,0.51,0.3551783129359126,0.51,0.5775999999999999
P02-A0-Lee2019_MI-DNN-EEGNET-P01-L1-LOW-CAL-OFFICIAL-R2:8_PER_CLASS-MR03,Lee2019_MI,DNN-EEGNET,A0-RAW-ACCEPT-ALL,P01-L1-LOW-CAL-OFFICIAL-R2:8_PER_CLASS,3,19,1,100,0.51,0.4873940788785438,0.51,0.5392
P02-A0-Lee2019_MI-DNN-EEGNET-P01-L1-LOW-CAL-OFFICIAL-R2:8_PER_CLASS-MR03,Lee2019_MI,DNN-EEGNET,A0-RAW-ACCEPT-ALL,P01-L1-LOW-CAL-OFFICIAL-R2:8_PER_CLASS,3,30,1,100,0.5,0.4949494949494949,0.5,0.46079999999999993
P02-A0-Lee2019_MI-DNN-EEGNET-P01-L1-LOW-CAL-OFFICIAL-R2:8_PER_CLASS-MR03,Lee2019_MI,DNN-EEGNET,A0-RAW-ACCEPT-ALL,P01-L1-LOW-CAL-OFFICIAL-R2:8_PER_CLASS,3,36,1,100,0.48,0.4357638888888889,0.48,0.5032
P02-A0-Lee2019_MI-DNN-EEGNET-P01-L1-LOW-CAL-OFFICIAL-R2:8_PER_CLASS-MR04,Lee2019_MI,DNN-EEGNET,A0-RAW-ACCEPT-ALL,P01-L1-LOW-CAL-OFFICIAL-R2:8_PER_CLASS,4,3,1,100,0.51,0.3551783129359126,0.51,0.5694
P02-A0-Lee2019_MI-DNN-EEGNET-P01-L1-LOW-CAL-OFFICIAL-R2:8_PER_CLASS-MR04,Lee2019_MI,DNN-EEGNET,A0-RAW-ACCEPT-ALL,P01-L1-LOW-CAL-OFFICIAL-R2:8_PER_CLASS,4,6,1,100,0.51,0.5075871771681237,0.51,0.528
P02-A0-Lee2019_MI-DNN-EEGNET-P01-L1-LOW-CAL-OFFICIAL-R2:8_PER_CLASS-MR04,Lee2019_MI,DNN-EEGNET,A0-RAW-ACCEPT-ALL,P01-L1-LOW-CAL-OFFICIAL-R2:8_PER_CLASS,4,15,1,100,0.55,0.4357366771159875,0.55,0.6308
P02-A0-Lee2019_MI-DNN-EEGNET-P01-L1-LOW-CAL-OFFICIAL-R2:8_PER_CLASS-MR04,Lee2019_MI,DNN-EEGNET,A0-RAW-ACCEPT-ALL,P01-L1-LOW-CAL-OFFICIAL-R2:8_PER_CLASS,4,19,1,100,0.54,0.47150735294117646,0.54,0.6164
P02-A0-Lee2019_MI-DNN-EEGNET-P01-L1-LOW-CAL-OFFICIAL-R2:8_PER_CLASS-MR04,Lee2019_MI,DNN-EEGNET,A0-RAW-ACCEPT-ALL,P01-L1-LOW-CAL-OFFICIAL-R2:8_PER_CLASS,4,30,1,100,0.53,0.4106583072100314,0.53,0.4272
P02-A0-Lee2019_MI-DNN-EEGNET-P01-L1-LOW-CAL-OFFICIAL-R2:8_PER_CLASS-MR04,Lee2019_MI,DNN-EEGNET,A0-RAW-ACCEPT-ALL,P01-L1-LOW-CAL-OFFICIAL-R2:8_PER_CLASS,4,36,1,100,0.55,0.4357366771159875,0.55,0.7236
P02-A0-Lee2019_MI-DNN-EEGNET-P01-L1-LOW-CAL-OFFICIAL-R2:16_PER_CLASS-MR00,Lee2019_MI,DNN-EEGNET,A0-RAW-ACCEPT-ALL,P01-L1-LOW-CAL-OFFICIAL-R2:16_PER_CLASS,0,3,1,100,0.48,0.47916666666666663,0.48,0.49879999999999997
P02-A0-Lee2019_MI-DNN-EEGNET-P01-L1-LOW-CAL-OFFICIAL-R2:16_PER_CLASS-MR00,Lee2019_MI,DNN-EEGNET,A0-RAW-ACCEPT-ALL,P01-L1-LOW-CAL-OFFICIAL-R2:16_PER_CLASS,0,6,1,100,0.51,0.48263118994826315,0.51,0.4676
P02-A0-Lee2019_MI-DNN-EEGNET-P01-L1-LOW-CAL-OFFICIAL-R2:16_PER_CLASS-MR00,Lee2019_MI,DNN-EEGNET,A0-RAW-ACCEPT-ALL,P01-L1-LOW-CAL-OFFICIAL-R2:16_PER_CLASS,0,15,1,100,0.5,0.4832575444398512,0.5,0.4888
P02-A0-Lee2019_MI-DNN-EEGNET-P01-L1-LOW-CAL-OFFICIAL-R2:16_PER_CLASS-MR00,Lee2019_MI,DNN-EEGNET,A0-RAW-ACCEPT-ALL,P01-L1-LOW-CAL-OFFICIAL-R2:16_PER_CLASS,0,19,1,100,0.5,0.4429590017825312,0.5,0.524
P02-A0-Lee2019_MI-DNN-EEGNET-P01-L1-LOW-CAL-OFFICIAL-R2:16_PER_CLASS-MR00,Lee2019_MI,DNN-EEGNET,A0-RAW-ACCEPT-ALL,P01-L1-LOW-CAL-OFFICIAL-R2:16_PER_CLASS,0,30,1,100,0.5,0.45054945054945056,0.5,0.4872
P02-A0-Lee2019_MI-DNN-EEGNET-P01-L1-LOW-CAL-OFFICIAL-R2:16_PER_CLASS-MR00,Lee2019_MI,DNN-EEGNET,A0-RAW-ACCEPT-ALL,P01-L1-LOW-CAL-OFFICIAL-R2:16_PER_CLASS,0,36,1,100,0.5800000000000001,0.5384615384615385,0.58,0.5912
P02-A0-Lee2019_MI-DNN-EEGNET-P01-L1-LOW-CAL-OFFICIAL-R2:16_PER_CLASS-MR01,Lee2019_MI,DNN-EEGNET,A0-RAW-ACCEPT-ALL,P01-L1-LOW-CAL-OFFICIAL-R2:16_PER_CLASS,1,3,1,100,0.5,0.3333333333333333,0.5,0.4412
P02-A0-Lee2019_MI-DNN-EEGNET-P01-L1-LOW-CAL-OFFICIAL-R2:16_PER_CLASS-MR01,Lee2019_MI,DNN-EEGNET,A0-RAW-ACCEPT-ALL,P01-L1-LOW-CAL-OFFICIAL-R2:16_PER_CLASS,1,6,1,100,0.44999999999999996,0.44950455409868884,0.45,0.4708
P02-A0-Lee2019_MI-DNN-EEGNET-P01-L1-LOW-CAL-OFFICIAL-R2:16_PER_CLASS-MR01,Lee2019_MI,DNN-EEGNET,A0-RAW-ACCEPT-ALL,P01-L1-LOW-CAL-OFFICIAL-R2:16_PER_CLASS,1,15,1,100,0.47,0.3749262884774148,0.47,0.452
P02-A0-Lee2019_MI-DNN-EEGNET-P01-L1-LOW-CAL-OFFICIAL-R2:16_PER_CLASS-MR01,Lee2019_MI,DNN-EEGNET,A0-RAW-ACCEPT-ALL,P01-L1-LOW-CAL-OFFICIAL-R2:16_PER_CLASS,1,19,1,100,0.43,0.42719324690985827,0.43,0.4168
P02-A0-Lee2019_MI-DNN-EEGNET-P01-L1-LOW-CAL-OFFICIAL-R2:16_PER_CLASS-MR01,Lee2019_MI,DNN-EEGNET,A0-RAW-ACCEPT-ALL,P01-L1-LOW-CAL-OFFICIAL-R2:16_PER_CLASS,1,30,1,100,0.5,0.37996031746031744,0.5,0.5551999999999999
P02-A0-Lee2019_MI-DNN-EEGNET-P01-L1-LOW-CAL-OFFICIAL-R2:16_PER_CLASS-MR01,Lee2019_MI,DNN-EEGNET,A0-RAW-ACCEPT-ALL,P01-L1-LOW-CAL-OFFICIAL-R2:16_PER_CLASS,1,36,1,100,0.51,0.3551783129359126,0.51,0.6776
P02-A0-Lee2019_MI-DNN-EEGNET-P01-L1-LOW-CAL-OFFICIAL-R2:16_PER_CLASS-MR02,Lee2019_MI,DNN-EEGNET,A0-RAW-ACCEPT-ALL,P01-L1-LOW-CAL-OFFICIAL-R2:16_PER_CLASS,2,3,1,100,0.54,0.45238095238095233,0.54,0.6022
P02-A0-Lee2019_MI-DNN-EEGNET-P01-L1-LOW-CAL-OFFICIAL-R2:16_PER_CLASS-MR02,Lee2019_MI,DNN-EEGNET,A0-RAW-ACCEPT-ALL,P01-L1-LOW-CAL-OFFICIAL-R2:16_PER_CLASS,2,6,1,100,0.54,0.5353535353535354,0.54,0.5644
P02-A0-Lee2019_MI-DNN-EEGNET-P01-L1-LOW-CAL-OFFICIAL-R2:16_PER_CLASS-MR02,Lee2019_MI,DNN-EEGNET,A0-RAW-ACCEPT-ALL,P01-L1-LOW-CAL-OFFICIAL-R2:16_PER_CLASS,2,15,1,100,0.46,0.4065934065934066,0.46,0.4808
P02-A0-Lee2019_MI-DNN-EEGNET-P01-L1-LOW-CAL-OFFICIAL-R2:16_PER_CLASS-MR02,Lee2019_MI,DNN-EEGNET,A0-RAW-ACCEPT-ALL,P01-L1-LOW-CAL-OFFICIAL-R2:16_PER_CLASS,2,19,1,100,0.54,0.4875222816399287,0.54,0.6204000000000001
P02-A0-Lee2019_MI-DNN-EEGNET-P01-L1-LOW-CAL-OFFICIAL-R2:16_PER_CLASS-MR02,Lee2019_MI,DNN-EEGNET,A0-RAW-ACCEPT-ALL,P01-L1-LOW-CAL-OFFICIAL-R2:16_PER_CLASS,2,30,1,100,0.53,0.48684354187138335,0.53,0.5012000000000001
P02-A0-Lee2019_MI-DNN-EEGNET-P01-L1-LOW-CAL-OFFICIAL-R2:16_PER_CLASS-MR02,Lee2019_MI,DNN-EEGNET,A0-RAW-ACCEPT-ALL,P01-L1-LOW-CAL-OFFICIAL-R2:16_PER_CLASS,2,36,1,100,0.51,0.3710691823899371,0.51,0.552
P02-A0-Lee2019_MI-DNN-EEGNET-P01-L1-LOW-CAL-OFFICIAL-R2:16_PER_CLASS-MR03,Lee2019_MI,DNN-EEGNET,A0-RAW-ACCEPT-ALL,P01-L1-LOW-CAL-OFFICIAL-R2:16_PER_CLASS,3,3,1,100,0.45,0.38278532151273703,0.45,0.4264
P02-A0-Lee2019_MI-DNN-EEGNET-P01-L1-LOW-CAL-OFFICIAL-R2:16_PER_CLASS-MR03,Lee2019_MI,DNN-EEGNET,A0-RAW-ACCEPT-ALL,P01-L1-LOW-CAL-OFFICIAL-R2:16_PER_CLASS,3,6,1,100,0.37,0.36228363194655333,0.37,0.3836
P02-A0-Lee2019_MI-DNN-EEGNET-P01-L1-LOW-CAL-OFFICIAL-R2:16_PER_CLASS-MR03,Lee2019_MI,DNN-EEGNET,A0-RAW-ACCEPT-ALL,P01-L1-LOW-CAL-OFFICIAL-R2:16_PER_CLASS,3,15,1,100,0.5,0.5,0.5,0.47800000000000004
P02-A0-Lee2019_MI-DNN-EEGNET-P01-L1-LOW-CAL-OFFICIAL-R2:16_PER_CLASS-MR03,Lee2019_MI,DNN-EEGNET,A0-RAW-ACCEPT-ALL,P01-L1-LOW-CAL-OFFICIAL-R2:16_PER_CLASS,3,19,1,100,0.44,0.3846153846153846,0.44,0.422
P02-A0-Lee2019_MI-DNN-EEGNET-P01-L1-LOW-CAL-OFFICIAL-R2:16_PER_CLASS-MR03,Lee2019_MI,DNN-EEGNET,A0-RAW-ACCEPT-ALL,P01-L1-LOW-CAL-OFFICIAL-R2:16_PER_CLASS,3,30,1,100,0.51,0.47147017581706396,0.51,0.46399999999999997
P02-A0-Lee2019_MI-DNN-EEGNET-P01-L1-LOW-CAL-OFFICIAL-R2:16_PER_CLASS-MR03,Lee2019_MI,DNN-EEGNET,A0-RAW-ACCEPT-ALL,P01-L1-LOW-CAL-OFFICIAL-R2:16_PER_CLASS,3,36,1,100,0.6,0.5941558441558441,0.6,0.652
P02-A0-Lee2019_MI-DNN-EEGNET-P01-L1-LOW-CAL-OFFICIAL-R2:16_PER_CLASS-MR04,Lee2019_MI,DNN-EEGNET,A0-RAW-ACCEPT-ALL,P01-L1-LOW-CAL-OFFICIAL-R2:16_PER_CLASS,4,3,1,100,0.5,0.3333333333333333,0.5,0.7063999999999999
P02-A0-Lee2019_MI-DNN-EEGNET-P01-L1-LOW-CAL-OFFICIAL-R2:16_PER_CLASS-MR04,Lee2019_MI,DNN-EEGNET,A0-RAW-ACCEPT-ALL,P01-L1-LOW-CAL-OFFICIAL-R2:16_PER_CLASS,4,6,1,100,0.51,0.4109868974636375,0.51,0.5428
P02-A0-Lee2019_MI-DNN-EEGNET-P01-L1-LOW-CAL-OFFICIAL-R2:16_PER_CLASS-MR04,Lee2019_MI,DNN-EEGNET,A0-RAW-ACCEPT-ALL,P01-L1-LOW-CAL-OFFICIAL-R2:16_PER_CLASS,4,15,1,100,0.45999999999999996,0.3688639551192146,0.46,0.4676
P02-A0-Lee2019_MI-DNN-EEGNET-P01-L1-LOW-CAL-OFFICIAL-R2:16_PER_CLASS-MR04,Lee2019_MI,DNN-EEGNET,A0-RAW-ACCEPT-ALL,P01-L1-LOW-CAL-OFFICIAL-R2:16_PER_CLASS,4,19,1,100,0.53,0.52995299529953,0.53,0.5148
P02-A0-Lee2019_MI-DNN-EEGNET-P01-L1-LOW-CAL-OFFICIAL-R2:16_PER_CLASS-MR04,Lee2019_MI,DNN-EEGNET,A0-RAW-ACCEPT-ALL,P01-L1-LOW-CAL-OFFICIAL-R2:16_PER_CLASS,4,30,1,100,0.5,0.3333333333333333,0.5,0.514
P02-A0-Lee2019_MI-DNN-EEGNET-P01-L1-LOW-CAL-OFFICIAL-R2:16_PER_CLASS-MR04,Lee2019_MI,DNN-EEGNET,A0-RAW-ACCEPT-ALL,P01-L1-LOW-CAL-OFFICIAL-R2:16_PER_CLASS,4,36,1,100,0.52,0.39117199391172,0.52,0.798
P02-A0-Lee2019_MI-DNN-EEGNET-P01-L1-LOW-CAL-OFFICIAL-R2:32_PER_CLASS-MR00,Lee2019_MI,DNN-EEGNET,A0-RAW-ACCEPT-ALL,P01-L1-LOW-CAL-OFFICIAL-R2:32_PER_CLASS,0,3,1,100,0.5,0.3333333333333333,0.5,0.5836
P02-A0-Lee2019_MI-DNN-EEGNET-P01-L1-LOW-CAL-OFFICIAL-R2:32_PER_CLASS-MR00,Lee2019_MI,DNN-EEGNET,A0-RAW-ACCEPT-ALL,P01-L1-LOW-CAL-OFFICIAL-R2:32_PER_CLASS,0,6,1,100,0.58,0.5495495495495495,0.58,0.6360000000000001
P02-A0-Lee2019_MI-DNN-EEGNET-P01-L1-LOW-CAL-OFFICIAL-R2:32_PER_CLASS-MR00,Lee2019_MI,DNN-EEGNET,A0-RAW-ACCEPT-ALL,P01-L1-LOW-CAL-OFFICIAL-R2:32_PER_CLASS,0,15,1,100,0.48,0.42857142857142855,0.48,0.44039999999999996
P02-A0-Lee2019_MI-DNN-EEGNET-P01-L1-LOW-CAL-OFFICIAL-R2:32_PER_CLASS-MR00,Lee2019_MI,DNN-EEGNET,A0-RAW-ACCEPT-ALL,P01-L1-LOW-CAL-OFFICIAL-R2:32_PER_CLASS,0,19,1,100,0.45999999999999996,0.3795955882352941,0.46,0.5068
P02-A0-Lee2019_MI-DNN-EEGNET-P01-L1-LOW-CAL-OFFICIAL-R2:32_PER_CLASS-MR00,Lee2019_MI,DNN-EEGNET,A0-RAW-ACCEPT-ALL,P01-L1-LOW-CAL-OFFICIAL-R2:32_PER_CLASS,0,30,1,100,0.52,0.4851994851994852,0.52,0.5484
P02-A0-Lee2019_MI-DNN-EEGNET-P01-L1-LOW-CAL-OFFICIAL-R2:32_PER_CLASS-MR00,Lee2019_MI,DNN-EEGNET,A0-RAW-ACCEPT-ALL,P01-L1-LOW-CAL-OFFICIAL-R2:32_PER_CLASS,0,36,1,100,0.74,0.7395833333333333,0.74,0.8124
P02-A0-Lee2019_MI-DNN-EEGNET-P01-L1-LOW-CAL-OFFICIAL-R2:32_PER_CLASS-MR01,Lee2019_MI,DNN-EEGNET,A0-RAW-ACCEPT-ALL,P01-L1-LOW-CAL-OFFICIAL-R2:32_PER_CLASS,1,3,1,100,0.5,0.4255514705882353,0.5,0.4948
P02-A0-Lee2019_MI-DNN-EEGNET-P01-L1-LOW-CAL-OFFICIAL-R2:32_PER_CLASS-MR01,Lee2019_MI,DNN-EEGNET,A0-RAW-ACCEPT-ALL,P01-L1-LOW-CAL-OFFICIAL-R2:32_PER_CLASS,1,6,1,100,0.49,0.3288590604026846,0.49,0.5636
P02-A0-Lee2019_MI-DNN-EEGNET-P01-L1-LOW-CAL-OFFICIAL-R2:32_PER_CLASS-MR01,Lee2019_MI,DNN-EEGNET,A0-RAW-ACCEPT-ALL,P01-L1-LOW-CAL-OFFICIAL-R2:32_PER_CLASS,1,15,1,100,0.52,0.40476190476190477,0.52,0.5004
P02-A0-Lee2019_MI-DNN-EEGNET-P01-L1-LOW-CAL-OFFICIAL-R2:32_PER_CLASS-MR01,Lee2019_MI,DNN-EEGNET,A0-RAW-ACCEPT-ALL,P01-L1-LOW-CAL-OFFICIAL-R2:32_PER_CLASS,1,19,1,100,0.5,0.3333333333333333,0.5,0.566
P02-A0-Lee2019_MI-DNN-EEGNET-P01-L1-LOW-CAL-OFFICIAL-R2:32_PER_CLASS-MR01,Lee2019_MI,DNN-EEGNET,A0-RAW-ACCEPT-ALL,P01-L1-LOW-CAL-OFFICIAL-R2:32_PER_CLASS,1,30,1,100,0.49,0.3288590604026846,0.49,0.5264
P02-A0-Lee2019_MI-DNN-EEGNET-P01-L1-LOW-CAL-OFFICIAL-R2:32_PER_CLASS-MR01,Lee2019_MI,DNN-EEGNET,A0-RAW-ACCEPT-ALL,P01-L1-LOW-CAL-OFFICIAL-R2:32_PER_CLASS,1,36,1,100,0.51,0.3551783129359126,0.51,0.8476
P02-A0-Lee2019_MI-DNN-EEGNET-P01-L1-LOW-CAL-OFFICIAL-R2:32_PER_CLASS-MR02,Lee2019_MI,DNN-EEGNET,A0-RAW-ACCEPT-ALL,P01-L1-LOW-CAL-OFFICIAL-R2:32_PER_CLASS,2,3,1,100,0.5599999999999999,0.5280995280995281,0.56,0.5648
P02-A0-Lee2019_MI-DNN-EEGNET-P01-L1-LOW-CAL-OFFICIAL-R2:32_PER_CLASS-MR02,Lee2019_MI,DNN-EEGNET,A0-RAW-ACCEPT-ALL,P01-L1-LOW-CAL-OFFICIAL-R2:32_PER_CLASS,2,6,1,100,0.5700000000000001,0.5696126513862476,0.57,0.5948
P02-A0-Lee2019_MI-DNN-EEGNET-P01-L1-LOW-CAL-OFFICIAL-R2:32_PER_CLASS-MR02,Lee2019_MI,DNN-EEGNET,A0-RAW-ACCEPT-ALL,P01-L1-LOW-CAL-OFFICIAL-R2:32_PER_CLASS,2,15,1,100,0.5,0.3503118503118503,0.5,0.486
P02-A0-Lee2019_MI-DNN-EEGNET-P01-L1-LOW-CAL-OFFICIAL-R2:32_PER_CLASS-MR02,Lee2019_MI,DNN-EEGNET,A0-RAW-ACCEPT-ALL,P01-L1-LOW-CAL-OFFICIAL-R2:32_PER_CLASS,2,19,1,100,0.6,0.5920032639738881,0.6,0.604
P02-A0-Lee2019_MI-DNN-EEGNET-P01-L1-LOW-CAL-OFFICIAL-R2:32_PER_CLASS-MR02,Lee2019_MI,DNN-EEGNET,A0-RAW-ACCEPT-ALL,P01-L1-LOW-CAL-OFFICIAL-R2:32_PER_CLASS,2,30,1,100,0.45999999999999996,0.4140625,0.46,0.45759999999999995
P02-A0-Lee2019_MI-DNN-EEGNET-P01-L1-LOW-CAL-OFFICIAL-R2:32_PER_CLASS-MR02,Lee2019_MI,DNN-EEGNET,A0-RAW-ACCEPT-ALL,P01-L1-LOW-CAL-OFFICIAL-R2:32_PER_CLASS,2,36,1,100,0.6000000000000001,0.554367201426025,0.6,0.6376
P02-A0-Lee2019_MI-DNN-EEGNET-P01-L1-LOW-CAL-OFFICIAL-R2:32_PER_CLASS-MR03,Lee2019_MI,DNN-EEGNET,A0-RAW-ACCEPT-ALL,P01-L1-LOW-CAL-OFFICIAL-R2:32_PER_CLASS,3,3,1,100,0.54,0.5332792207792207,0.54,0.504
P02-A0-Lee2019_MI-DNN-EEGNET-P01-L1-LOW-CAL-OFFICIAL-R2:32_PER_CLASS-MR03,Lee2019_MI,DNN-EEGNET,A0-RAW-ACCEPT-ALL,P01-L1-LOW-CAL-OFFICIAL-R2:32_PER_CLASS,3,6,1,100,0.5,0.3333333333333333,0.5,0.476
P02-A0-Lee2019_MI-DNN-EEGNET-P01-L1-LOW-CAL-OFFICIAL-R2:32_PER_CLASS-MR03,Lee2019_MI,DNN-EEGNET,A0-RAW-ACCEPT-ALL,P01-L1-LOW-CAL-OFFICIAL-R2:32_PER_CLASS,3,15,1,100,0.54,0.5008680555555556,0.54,0.5568000000000001
P02-A0-Lee2019_MI-DNN-EEGNET-P01-L1-LOW-CAL-OFFICIAL-R2:32_PER_CLASS-MR03,Lee2019_MI,DNN-EEGNET,A0-RAW-ACCEPT-ALL,P01-L1-LOW-CAL-OFFICIAL-R2:32_PER_CLASS,3,19,1,100,0.5,0.3333333333333333,0.5,0.6671999999999999
P02-A0-Lee2019_MI-DNN-EEGNET-P01-L1-LOW-CAL-OFFICIAL-R2:32_PER_CLASS-MR03,Lee2019_MI,DNN-EEGNET,A0-RAW-ACCEPT-ALL,P01-L1-LOW-CAL-OFFICIAL-R2:32_PER_CLASS,3,30,1,100,0.5,0.3333333333333333,0.5,0.42040000000000005
P02-A0-Lee2019_MI-DNN-EEGNET-P01-L1-LOW-CAL-OFFICIAL-R2:32_PER_CLASS-MR03,Lee2019_MI,DNN-EEGNET,A0-RAW-ACCEPT-ALL,P01-L1-LOW-CAL-OFFICIAL-R2:32_PER_CLASS,3,36,1,100,0.5,0.3333333333333333,0.5,0.7303999999999999
P02-A0-Lee2019_MI-DNN-EEGNET-P01-L1-LOW-CAL-OFFICIAL-R2:32_PER_CLASS-MR04,Lee2019_MI,DNN-EEGNET,A0-RAW-ACCEPT-ALL,P01-L1-LOW-CAL-OFFICIAL-R2:32_PER_CLASS,4,3,1,100,0.48,0.47916666666666663,0.48,0.4804
P02-A0-Lee2019_MI-DNN-EEGNET-P01-L1-LOW-CAL-OFFICIAL-R2:32_PER_CLASS-MR04,Lee2019_MI,DNN-EEGNET,A0-RAW-ACCEPT-ALL,P01-L1-LOW-CAL-OFFICIAL-R2:32_PER_CLASS,4,6,1,100,0.54,0.5066495066495067,0.54,0.6088
P02-A0-Lee2019_MI-DNN-EEGNET-P01-L1-LOW-CAL-OFFICIAL-R2:32_PER_CLASS-MR04,Lee2019_MI,DNN-EEGNET,A0-RAW-ACCEPT-ALL,P01-L1-LOW-CAL-OFFICIAL-R2:32_PER_CLASS,4,15,1,100,0.4,0.3215739484396201,0.4,0.37439999999999996
P02-A0-Lee2019_MI-DNN-EEGNET-P01-L1-LOW-CAL-OFFICIAL-R2:32_PER_CLASS-MR04,Lee2019_MI,DNN-EEGNET,A0-RAW-ACCEPT-ALL,P01-L1-LOW-CAL-OFFICIAL-R2:32_PER_CLASS,4,19,1,100,0.51,0.3710691823899371,0.51,0.5884
P02-A0-Lee2019_MI-DNN-EEGNET-P01-L1-LOW-CAL-OFFICIAL-R2:32_PER_CLASS-MR04,Lee2019_MI,DNN-EEGNET,A0-RAW-ACCEPT-ALL,P01-L1-LOW-CAL-OFFICIAL-R2:32_PER_CLASS,4,30,1,100,0.5700000000000001,0.5696126513862476,0.57,0.6024
P02-A0-Lee2019_MI-DNN-EEGNET-P01-L1-LOW-CAL-OFFICIAL-R2:32_PER_CLASS-MR04,Lee2019_MI,DNN-EEGNET,A0-RAW-ACCEPT-ALL,P01-L1-LOW-CAL-OFFICIAL-R2:32_PER_CLASS,4,36,1,100,0.52,0.5182657567242072,0.52,0.5688
P02-A0-PhysioNetMI-DNN-FBCNET-FULL_TRAIN-MR00,PhysioNetMI,DNN-FBCNET,A0-RAW-ACCEPT-ALL,FULL_TRAIN,0,6,0,45,0.5446428571428572,0.5248868778280543,0.5333333333333333,0.6051587301587302
P02-A0-PhysioNetMI-DNN-FBCNET-FULL_TRAIN-MR00,PhysioNetMI,DNN-FBCNET,A0-RAW-ACCEPT-ALL,FULL_TRAIN,0,27,0,45,0.49703557312252966,0.41492368569813454,0.4888888888888889,0.5592885375494071
P02-A0-PhysioNetMI-DNN-FBCNET-FULL_TRAIN-MR00,PhysioNetMI,DNN-FBCNET,A0-RAW-ACCEPT-ALL,FULL_TRAIN,0,39,0,45,0.5217391304347826,0.375,0.5111111111111111,0.5691699604743083
P02-A0-PhysioNetMI-DNN-FBCNET-FULL_TRAIN-MR00,PhysioNetMI,DNN-FBCNET,A0-RAW-ACCEPT-ALL,FULL_TRAIN,0,40,0,45,0.5208333333333334,0.509090909090909,0.5333333333333333,0.5992063492063492
P02-A0-PhysioNetMI-DNN-FBCNET-FULL_TRAIN-MR00,PhysioNetMI,DNN-FBCNET,A0-RAW-ACCEPT-ALL,FULL_TRAIN,0,47,0,45,0.4821428571428571,0.375,0.5111111111111111,0.6309523809523809
P02-A0-PhysioNetMI-DNN-FBCNET-FULL_TRAIN-MR00,PhysioNetMI,DNN-FBCNET,A0-RAW-ACCEPT-ALL,FULL_TRAIN,0,48,0,45,0.7796442687747036,0.7767857142857142,0.7777777777777778,0.8814229249011857
P02-A0-PhysioNetMI-DNN-FBCNET-FULL_TRAIN-MR00,PhysioNetMI,DNN-FBCNET,A0-RAW-ACCEPT-ALL,FULL_TRAIN,0,57,0,45,0.46130952380952384,0.41558441558441556,0.4444444444444444,0.626984126984127
P02-A0-PhysioNetMI-DNN-FBCNET-FULL_TRAIN-MR00,PhysioNetMI,DNN-FBCNET,A0-RAW-ACCEPT-ALL,FULL_TRAIN,0,71,0,45,0.8033596837944664,0.7963800904977376,0.8,0.9150197628458497
P02-A0-PhysioNetMI-DNN-FBCNET-FULL_TRAIN-MR00,PhysioNetMI,DNN-FBCNET,A0-RAW-ACCEPT-ALL,FULL_TRAIN,0,93,0,45,0.8201581027667983,0.8200000000000001,0.8222222222222222,0.9308300395256918
P02-A0-PhysioNetMI-DNN-FBCNET-FULL_TRAIN-MR00,PhysioNetMI,DNN-FBCNET,A0-RAW-ACCEPT-ALL,FULL_TRAIN,0,98,0,45,0.5523715415019763,0.5445344129554656,0.5555555555555556,0.6324110671936759
P02-A0-PhysioNetMI-DNN-FBCNET-FULL_TRAIN-MR00,PhysioNetMI,DNN-FBCNET,A0-RAW-ACCEPT-ALL,FULL_TRAIN,0,107,0,45,0.5595238095238095,0.5553359683794465,0.5555555555555556,0.626984126984127
P02-A0-PhysioNetMI-DNN-FBCNET-FULL_TRAIN-MR01,PhysioNetMI,DNN-FBCNET,A0-RAW-ACCEPT-ALL,FULL_TRAIN,1,6,0,45,0.5089285714285714,0.44976076555023925,0.4888888888888889,0.6289682539682538
P02-A0-PhysioNetMI-DNN-FBCNET-FULL_TRAIN-MR01,PhysioNetMI,DNN-FBCNET,A0-RAW-ACCEPT-ALL,FULL_TRAIN,1,27,0,45,0.49604743083003955,0.434117003827228,0.4888888888888889,0.5513833992094862
P02-A0-PhysioNetMI-DNN-FBCNET-FULL_TRAIN-MR01,PhysioNetMI,DNN-FBCNET,A0-RAW-ACCEPT-ALL,FULL_TRAIN,1,39,0,45,0.5217391304347826,0.375,0.5111111111111111,0.6067193675889327
P02-A0-PhysioNetMI-DNN-FBCNET-FULL_TRAIN-MR01,PhysioNetMI,DNN-FBCNET,A0-RAW-ACCEPT-ALL,FULL_TRAIN,1,40,0,45,0.5327380952380952,0.48156682027649766,0.5555555555555556,0.6111111111111112
P02-A0-PhysioNetMI-DNN-FBCNET-FULL_TRAIN-MR01,PhysioNetMI,DNN-FBCNET,A0-RAW-ACCEPT-ALL,FULL_TRAIN,1,47,0,45,0.5892857142857143,0.5833333333333333,0.6,0.634920634920635
P02-A0-PhysioNetMI-DNN-FBCNET-FULL_TRAIN-MR01,PhysioNetMI,DNN-FBCNET,A0-RAW-ACCEPT-ALL,FULL_TRAIN,1,48,0,45,0.8013833992094861,0.7996041563582384,0.8,0.9130434782608695
P02-A0-PhysioNetMI-DNN-FBCNET-FULL_TRAIN-MR01,PhysioNetMI,DNN-FBCNET,A0-RAW-ACCEPT-ALL,FULL_TRAIN,1,57,0,45,0.5684523809523809,0.5445344129554656,0.5555555555555556,0.6785714285714286
P02-A0-PhysioNetMI-DNN-FBCNET-FULL_TRAIN-MR01,PhysioNetMI,DNN-FBCNET,A0-RAW-ACCEPT-ALL,FULL_TRAIN,1,71,0,45,0.8241106719367588,0.8214285714285714,0.8222222222222222,0.9268774703557312
P02-A0-PhysioNetMI-DNN-FBCNET-FULL_TRAIN-MR01,PhysioNetMI,DNN-FBCNET,A0-RAW-ACCEPT-ALL,FULL_TRAIN,1,93,0,45,0.825098814229249,0.8200000000000001,0.8222222222222222,0.9565217391304348
P02-A0-PhysioNetMI-DNN-FBCNET-FULL_TRAIN-MR01,PhysioNetMI,DNN-FBCNET,A0-RAW-ACCEPT-ALL,FULL_TRAIN,1,98,0,45,0.5790513833992095,0.5769421078673924,0.5777777777777777,0.5889328063241107
P02-A0-PhysioNetMI-DNN-FBCNET-FULL_TRAIN-MR01,PhysioNetMI,DNN-FBCNET,A0-RAW-ACCEPT-ALL,FULL_TRAIN,1,107,0,45,0.5059523809523809,0.4623376623376623,0.4888888888888889,0.5753968253968254
P02-A0-PhysioNetMI-DNN-FBCNET-FULL_TRAIN-MR02,PhysioNetMI,DNN-FBCNET,A0-RAW-ACCEPT-ALL,FULL_TRAIN,2,6,0,45,0.6011904761904763,0.599802371541502,0.6,0.5932539682539681
P02-A0-PhysioNetMI-DNN-FBCNET-FULL_TRAIN-MR02,PhysioNetMI,DNN-FBCNET,A0-RAW-ACCEPT-ALL,FULL_TRAIN,2,27,0,45,0.49209486166007904,0.4796380090497738,0.4888888888888889,0.5296442687747036
P02-A0-PhysioNetMI-DNN-FBCNET-FULL_TRAIN-MR02,PhysioNetMI,DNN-FBCNET,A0-RAW-ACCEPT-ALL,FULL_TRAIN,2,39,0,45,0.5424901185770751,0.4444444444444444,0.5333333333333333,0.6719367588932806
P02-A0-PhysioNetMI-DNN-FBCNET-FULL_TRAIN-MR02,PhysioNetMI,DNN-FBCNET,A0-RAW-ACCEPT-ALL,FULL_TRAIN,2,40,0,45,0.5654761904761905,0.5558441558441558,0.5777777777777777,0.6249999999999999
P02-A0-PhysioNetMI-DNN-FBCNET-FULL_TRAIN-MR02,PhysioNetMI,DNN-FBCNET,A0-RAW-ACCEPT-ALL,FULL_TRAIN,2,47,0,45,0.6279761904761905,0.6214745175655616,0.6222222222222222,0.628968253968254
P02-A0-PhysioNetMI-DNN-FBCNET-FULL_TRAIN-MR02,PhysioNetMI,DNN-FBCNET,A0-RAW-ACCEPT-ALL,FULL_TRAIN,2,48,0,45,0.7588932806324111,0.751131221719457,0.7555555555555555,0.9051383399209485
P02-A0-PhysioNetMI-DNN-FBCNET-FULL_TRAIN-MR02,PhysioNetMI,DNN-FBCNET,A0-RAW-ACCEPT-ALL,FULL_TRAIN,2,57,0,45,0.5982142857142857,0.5982142857142857,0.6,0.6190476190476191
P02-A0-PhysioNetMI-DNN-FBCNET-FULL_TRAIN-MR02,PhysioNetMI,DNN-FBCNET,A0-RAW-ACCEPT-ALL,FULL_TRAIN,2,71,0,45,0.8043478260869565,0.7934727180010199,0.8,0.9209486166007905
P02-A0-PhysioNetMI-DNN-FBCNET-FULL_TRAIN-MR02,PhysioNetMI,DNN-FBCNET,A0-RAW-ACCEPT-ALL,FULL_TRAIN,2,93,0,45,0.8033596837944664,0.7963800904977376,0.8,0.9545454545454546
P02-A0-PhysioNetMI-DNN-FBCNET-FULL_TRAIN-MR02,PhysioNetMI,DNN-FBCNET,A0-RAW-ACCEPT-ALL,FULL_TRAIN,2,98,0,45,0.5770750988142292,0.5769421078673924,0.5777777777777777,0.634387351778656
P02-A0-PhysioNetMI-DNN-FBCNET-FULL_TRAIN-MR02,PhysioNetMI,DNN-FBCNET,A0-RAW-ACCEPT-ALL,FULL_TRAIN,2,107,0,45,0.5684523809523809,0.5445344129554656,0.5555555555555556,0.6904761904761905
P02-A0-PhysioNetMI-DNN-FBCNET-FULL_TRAIN-MR03,PhysioNetMI,DNN-FBCNET,A0-RAW-ACCEPT-ALL,FULL_TRAIN,3,6,0,45,0.5714285714285714,0.5701357466063348,0.5777777777777777,0.5793650793650794
P02-A0-PhysioNetMI-DNN-FBCNET-FULL_TRAIN-MR03,PhysioNetMI,DNN-FBCNET,A0-RAW-ACCEPT-ALL,FULL_TRAIN,3,27,0,45,0.4041501976284585,0.38041815400305967,0.4,0.5276679841897233
P02-A0-PhysioNetMI-DNN-FBCNET-FULL_TRAIN-MR03,PhysioNetMI,DNN-FBCNET,A0-RAW-ACCEPT-ALL,FULL_TRAIN,3,39,0,45,0.5217391304347826,0.375,0.5111111111111111,0.6185770750988142
P02-A0-PhysioNetMI-DNN-FBCNET-FULL_TRAIN-MR03,PhysioNetMI,DNN-FBCNET,A0-RAW-ACCEPT-ALL,FULL_TRAIN,3,40,0,45,0.5892857142857143,0.5833333333333333,0.6,0.6031746031746031
P02-A0-PhysioNetMI-DNN-FBCNET-FULL_TRAIN-MR03,PhysioNetMI,DNN-FBCNET,A0-RAW-ACCEPT-ALL,FULL_TRAIN,3,47,0,45,0.5565476190476191,0.5166760881854155,0.5777777777777777,0.625
P02-A0-PhysioNetMI-DNN-FBCNET-FULL_TRAIN-MR03,PhysioNetMI,DNN-FBCNET,A0-RAW-ACCEPT-ALL,FULL_TRAIN,3,48,0,45,0.825098814229249,0.8200000000000001,0.8222222222222222,0.8774703557312253
P02-A0-PhysioNetMI-DNN-FBCNET-FULL_TRAIN-MR03,PhysioNetMI,DNN-FBCNET,A0-RAW-ACCEPT-ALL,FULL_TRAIN,3,57,0,45,0.6398809523809523,0.64,0.6444444444444445,0.7162698412698413
P02-A0-PhysioNetMI-DNN-FBCNET-FULL_TRAIN-MR03,PhysioNetMI,DNN-FBCNET,A0-RAW-ACCEPT-ALL,FULL_TRAIN,3,71,0,45,0.8260869565217391,0.8178137651821862,0.8222222222222222,0.9328063241106719
P02-A0-PhysioNetMI-DNN-FBCNET-FULL_TRAIN-MR03,PhysioNetMI,DNN-FBCNET,A0-RAW-ACCEPT-ALL,FULL_TRAIN,3,93,0,45,0.866600790513834,0.866600790513834,0.8666666666666667,0.958498023715415
P02-A0-PhysioNetMI-DNN-FBCNET-FULL_TRAIN-MR03,PhysioNetMI,DNN-FBCNET,A0-RAW-ACCEPT-ALL,FULL_TRAIN,3,98,0,45,0.5513833992094861,0.537037037037037,0.5555555555555556,0.650197628458498
P02-A0-PhysioNetMI-DNN-FBCNET-FULL_TRAIN-MR03,PhysioNetMI,DNN-FBCNET,A0-RAW-ACCEPT-ALL,FULL_TRAIN,3,107,0,45,0.5386904761904762,0.5324096981692232,0.5333333333333333,0.6408730158730158
P02-A0-PhysioNetMI-DNN-FBCNET-FULL_TRAIN-MR04,PhysioNetMI,DNN-FBCNET,A0-RAW-ACCEPT-ALL,FULL_TRAIN,4,6,0,45,0.5714285714285714,0.5701357466063348,0.5777777777777777,0.5753968253968254
P02-A0-PhysioNetMI-DNN-FBCNET-FULL_TRAIN-MR04,PhysioNetMI,DNN-FBCNET,A0-RAW-ACCEPT-ALL,FULL_TRAIN,4,27,0,45,0.49209486166007904,0.4796380090497738,0.4888888888888889,0.5474308300395256
P02-A0-PhysioNetMI-DNN-FBCNET-FULL_TRAIN-MR04,PhysioNetMI,DNN-FBCNET,A0-RAW-ACCEPT-ALL,FULL_TRAIN,4,39,0,45,0.47529644268774707,0.37788018433179726,0.4666666666666667,0.6936758893280632
P02-A0-PhysioNetMI-DNN-FBCNET-FULL_TRAIN-MR04,PhysioNetMI,DNN-FBCNET,A0-RAW-ACCEPT-ALL,FULL_TRAIN,4,40,0,45,0.48214285714285715,0.4796380090497738,0.4888888888888889,0.5892857142857143
P02-A0-PhysioNetMI-DNN-FBCNET-FULL_TRAIN-MR04,PhysioNetMI,DNN-FBCNET,A0-RAW-ACCEPT-ALL,FULL_TRAIN,4,47,0,45,0.6101190476190476,0.6025974025974026,0.6222222222222222,0.6150793650793651
P02-A0-PhysioNetMI-DNN-FBCNET-FULL_TRAIN-MR04,PhysioNetMI,DNN-FBCNET,A0-RAW-ACCEPT-ALL,FULL_TRAIN,4,48,0,45,0.7579051383399209,0.7536087605774017,0.7555555555555555,0.8458498023715415
P02-A0-PhysioNetMI-DNN-FBCNET-FULL_TRAIN-MR04,PhysioNetMI,DNN-FBCNET,A0-RAW-ACCEPT-ALL,FULL_TRAIN,4,57,0,45,0.6428571428571428,0.6428571428571428,0.6444444444444445,0.6785714285714287
P02-A0-PhysioNetMI-DNN-FBCNET-FULL_TRAIN-MR04,PhysioNetMI,DNN-FBCNET,A0-RAW-ACCEPT-ALL,FULL_TRAIN,4,71,0,45,0.8043478260869565,0.7934727180010199,0.8,0.9328063241106719
P02-A0-PhysioNetMI-DNN-FBCNET-FULL_TRAIN-MR04,PhysioNetMI,DNN-FBCNET,A0-RAW-ACCEPT-ALL,FULL_TRAIN,4,93,0,45,0.866600790513834,0.866600790513834,0.8666666666666667,0.9328063241106719
P02-A0-PhysioNetMI-DNN-FBCNET-FULL_TRAIN-MR04,PhysioNetMI,DNN-FBCNET,A0-RAW-ACCEPT-ALL,FULL_TRAIN,4,98,0,45,0.5513833992094861,0.537037037037037,0.5555555555555556,0.7055335968379447
P02-A0-PhysioNetMI-DNN-FBCNET-FULL_TRAIN-MR04,PhysioNetMI,DNN-FBCNET,A0-RAW-ACCEPT-ALL,FULL_TRAIN,4,107,0,45,0.6190476190476191,0.6192135390741662,0.6222222222222222,0.6646825396825397
P02-A0-BNCI2014_001-DNN-FBCNET-FULL_TRAIN-MR00,BNCI2014_001,DNN-FBCNET,A0-RAW-ACCEPT-ALL,FULL_TRAIN,0,7,0train,144,0.4305555555555555,0.4234375,0.4305555555555556,0.38522376543209874
P02-A0-BNCI2014_001-DNN-FBCNET-FULL_TRAIN-MR00,BNCI2014_001,DNN-FBCNET,A0-RAW-ACCEPT-ALL,FULL_TRAIN,0,7,1test,144,0.5138888888888888,0.5061728395061729,0.5138888888888888,0.5401234567901234
P02-A0-BNCI2014_001-DNN-FBCNET-FULL_TRAIN-MR01,BNCI2014_001,DNN-FBCNET,A0-RAW-ACCEPT-ALL,FULL_TRAIN,1,7,0train,144,0.4097222222222222,0.40324703817463803,0.4097222222222222,0.36940586419753085
P02-A0-BNCI2014_001-DNN-FBCNET-FULL_TRAIN-MR01,BNCI2014_001,DNN-FBCNET,A0-RAW-ACCEPT-ALL,FULL_TRAIN,1,7,1test,144,0.5486111111111112,0.5367941802345721,0.5486111111111112,0.5588348765432098
P02-A0-BNCI2014_001-DNN-FBCNET-FULL_TRAIN-MR02,BNCI2014_001,DNN-FBCNET,A0-RAW-ACCEPT-ALL,FULL_TRAIN,2,7,0train,144,0.4583333333333333,0.4582288250048234,0.4583333333333333,0.3939043209876544
P02-A0-BNCI2014_001-DNN-FBCNET-FULL_TRAIN-MR02,BNCI2014_001,DNN-FBCNET,A0-RAW-ACCEPT-ALL,FULL_TRAIN,2,7,1test,144,0.5208333333333334,0.47856205720283396,0.5208333333333334,0.532986111111111
P02-A0-BNCI2014_001-DNN-FBCNET-FULL_TRAIN-MR03,BNCI2014_001,DNN-FBCNET,A0-RAW-ACCEPT-ALL,FULL_TRAIN,3,7,0train,144,0.4305555555555556,0.4169464744222793,0.4305555555555556,0.3973765432098766
P02-A0-BNCI2014_001-DNN-FBCNET-FULL_TRAIN-MR03,BNCI2014_001,DNN-FBCNET,A0-RAW-ACCEPT-ALL,FULL_TRAIN,3,7,1test,144,0.5208333333333334,0.5168959984441095,0.5208333333333334,0.5584490740740741
P02-A0-BNCI2014_001-DNN-FBCNET-FULL_TRAIN-MR04,BNCI2014_001,DNN-FBCNET,A0-RAW-ACCEPT-ALL,FULL_TRAIN,4,7,0train,144,0.4305555555555556,0.4193548387096774,0.4305555555555556,0.4112654320987655
P02-A0-BNCI2014_001-DNN-FBCNET-FULL_TRAIN-MR04,BNCI2014_001,DNN-FBCNET,A0-RAW-ACCEPT-ALL,FULL_TRAIN,4,7,1test,144,0.5416666666666667,0.5359375,0.5416666666666666,0.5443672839506172
P02-A0-Lee2019_MI-DNN-FBCNET-FULL_TRAIN-MR00,Lee2019_MI,DNN-FBCNET,A0-RAW-ACCEPT-ALL,FULL_TRAIN,0,3,1,100,0.8,0.797979797979798,0.8,0.8696
P02-A0-Lee2019_MI-DNN-FBCNET-FULL_TRAIN-MR00,Lee2019_MI,DNN-FBCNET,A0-RAW-ACCEPT-ALL,FULL_TRAIN,0,6,1,100,0.55,0.5021573182874212,0.55,0.7075999999999999
P02-A0-Lee2019_MI-DNN-FBCNET-FULL_TRAIN-MR00,Lee2019_MI,DNN-FBCNET,A0-RAW-ACCEPT-ALL,FULL_TRAIN,0,15,1,100,0.5800000000000001,0.5784825371336813,0.58,0.6336
P02-A0-Lee2019_MI-DNN-FBCNET-FULL_TRAIN-MR00,Lee2019_MI,DNN-FBCNET,A0-RAW-ACCEPT-ALL,FULL_TRAIN,0,19,1,100,0.76,0.7552019583843329,0.76,0.8892
P02-A0-Lee2019_MI-DNN-FBCNET-FULL_TRAIN-MR00,Lee2019_MI,DNN-FBCNET,A0-RAW-ACCEPT-ALL,FULL_TRAIN,0,30,1,100,0.6799999999999999,0.6736026111791106,0.68,0.7752
P02-A0-Lee2019_MI-DNN-FBCNET-FULL_TRAIN-MR00,Lee2019_MI,DNN-FBCNET,A0-RAW-ACCEPT-ALL,FULL_TRAIN,0,36,1,100,0.99,0.9899989998999901,0.99,1.0
P02-A0-Lee2019_MI-DNN-FBCNET-FULL_TRAIN-MR01,Lee2019_MI,DNN-FBCNET,A0-RAW-ACCEPT-ALL,FULL_TRAIN,1,3,1,100,0.8300000000000001,0.8249407887962105,0.83,0.9524
P02-A0-Lee2019_MI-DNN-FBCNET-FULL_TRAIN-MR01,Lee2019_MI,DNN-FBCNET,A0-RAW-ACCEPT-ALL,FULL_TRAIN,1,6,1,100,0.5700000000000001,0.50997150997151,0.57,0.7572000000000001
P02-A0-Lee2019_MI-DNN-FBCNET-FULL_TRAIN-MR01,Lee2019_MI,DNN-FBCNET,A0-RAW-ACCEPT-ALL,FULL_TRAIN,1,15,1,100,0.52,0.45725915875169604,0.52,0.5556
P02-A0-Lee2019_MI-DNN-FBCNET-FULL_TRAIN-MR01,Lee2019_MI,DNN-FBCNET,A0-RAW-ACCEPT-ALL,FULL_TRAIN,1,19,1,100,0.75,0.7333333333333334,0.75,0.8756
P02-A0-Lee2019_MI-DNN-FBCNET-FULL_TRAIN-MR01,Lee2019_MI,DNN-FBCNET,A0-RAW-ACCEPT-ALL,FULL_TRAIN,1,30,1,100,0.62,0.5967741935483871,0.62,0.728
P02-A0-Lee2019_MI-DNN-FBCNET-FULL_TRAIN-MR01,Lee2019_MI,DNN-FBCNET,A0-RAW-ACCEPT-ALL,FULL_TRAIN,1,36,1,100,0.99,0.9899989998999901,0.99,1.0
P02-A0-Lee2019_MI-DNN-FBCNET-FULL_TRAIN-MR02,Lee2019_MI,DNN-FBCNET,A0-RAW-ACCEPT-ALL,FULL_TRAIN,2,3,1,100,0.88,0.8798076923076923,0.88,0.9380000000000001
P02-A0-Lee2019_MI-DNN-FBCNET-FULL_TRAIN-MR02,Lee2019_MI,DNN-FBCNET,A0-RAW-ACCEPT-ALL,FULL_TRAIN,2,6,1,100,0.58,0.5091164095371669,0.58,0.7656000000000001
P02-A0-Lee2019_MI-DNN-FBCNET-FULL_TRAIN-MR02,Lee2019_MI,DNN-FBCNET,A0-RAW-ACCEPT-ALL,FULL_TRAIN,2,15,1,100,0.56,0.5024875621890548,0.56,0.5976
P02-A0-Lee2019_MI-DNN-FBCNET-FULL_TRAIN-MR02,Lee2019_MI,DNN-FBCNET,A0-RAW-ACCEPT-ALL,FULL_TRAIN,2,19,1,100,0.73,0.712,0.73,0.8728
P02-A0-Lee2019_MI-DNN-FBCNET-FULL_TRAIN-MR02,Lee2019_MI,DNN-FBCNET,A0-RAW-ACCEPT-ALL,FULL_TRAIN,2,30,1,100,0.6599999999999999,0.6587715776796468,0.66,0.7360000000000001
P02-A0-Lee2019_MI-DNN-FBCNET-FULL_TRAIN-MR02,Lee2019_MI,DNN-FBCNET,A0-RAW-ACCEPT-ALL,FULL_TRAIN,2,36,1,100,0.94,0.9397832195905259,0.94,1.0
P02-A0-Lee2019_MI-DNN-FBCNET-FULL_TRAIN-MR03,Lee2019_MI,DNN-FBCNET,A0-RAW-ACCEPT-ALL,FULL_TRAIN,3,3,1,100,0.79,0.7803117480908045,0.79,0.9356
P02-A0-Lee2019_MI-DNN-FBCNET-FULL_TRAIN-MR03,Lee2019_MI,DNN-FBCNET,A0-RAW-ACCEPT-ALL,FULL_TRAIN,3,6,1,100,0.6,0.570999570999571,0.6,0.7624
P02-A0-Lee2019_MI-DNN-FBCNET-FULL_TRAIN-MR03,Lee2019_MI,DNN-FBCNET,A0-RAW-ACCEPT-ALL,FULL_TRAIN,3,15,1,100,0.52,0.4652406417112299,0.52,0.5336
P02-A0-Lee2019_MI-DNN-FBCNET-FULL_TRAIN-MR03,Lee2019_MI,DNN-FBCNET,A0-RAW-ACCEPT-ALL,FULL_TRAIN,3,19,1,100,0.81,0.8090644156366193,0.81,0.8612
P02-A0-Lee2019_MI-DNN-FBCNET-FULL_TRAIN-MR03,Lee2019_MI,DNN-FBCNET,A0-RAW-ACCEPT-ALL,FULL_TRAIN,3,30,1,100,0.54,0.4295634920634921,0.54,0.7476
P02-A0-Lee2019_MI-DNN-FBCNET-FULL_TRAIN-MR03,Lee2019_MI,DNN-FBCNET,A0-RAW-ACCEPT-ALL,FULL_TRAIN,3,36,1,100,1.0,1.0,1.0,1.0
P02-A0-Lee2019_MI-DNN-FBCNET-FULL_TRAIN-MR04,Lee2019_MI,DNN-FBCNET,A0-RAW-ACCEPT-ALL,FULL_TRAIN,4,3,1,100,0.84,0.8376623376623377,0.84,0.932
P02-A0-Lee2019_MI-DNN-FBCNET-FULL_TRAIN-MR04,Lee2019_MI,DNN-FBCNET,A0-RAW-ACCEPT-ALL,FULL_TRAIN,4,6,1,100,0.5700000000000001,0.50997150997151,0.57,0.7435999999999999
P02-A0-Lee2019_MI-DNN-FBCNET-FULL_TRAIN-MR04,Lee2019_MI,DNN-FBCNET,A0-RAW-ACCEPT-ALL,FULL_TRAIN,4,15,1,100,0.5700000000000001,0.5174503422735944,0.57,0.6759999999999999
P02-A0-Lee2019_MI-DNN-FBCNET-FULL_TRAIN-MR04,Lee2019_MI,DNN-FBCNET,A0-RAW-ACCEPT-ALL,FULL_TRAIN,4,19,1,100,0.74,0.7241086587436333,0.74,0.9004
P02-A0-Lee2019_MI-DNN-FBCNET-FULL_TRAIN-MR04,Lee2019_MI,DNN-FBCNET,A0-RAW-ACCEPT-ALL,FULL_TRAIN,4,30,1,100,0.62,0.6175523349436394,0.62,0.7284
P02-A0-Lee2019_MI-DNN-FBCNET-FULL_TRAIN-MR04,Lee2019_MI,DNN-FBCNET,A0-RAW-ACCEPT-ALL,FULL_TRAIN,4,36,1,100,0.98,0.98,0.98,0.9995999999999999
P02-A0-PhysioNetMI-DNN-SEQ-FULL_TRAIN-MR00,PhysioNetMI,DNN-SEQ,A0-RAW-ACCEPT-ALL,FULL_TRAIN,0,6,0,45,0.48809523809523814,0.42972350230414746,0.5111111111111111,0.5952380952380951
P02-A0-PhysioNetMI-DNN-SEQ-FULL_TRAIN-MR00,PhysioNetMI,DNN-SEQ,A0-RAW-ACCEPT-ALL,FULL_TRAIN,0,27,0,45,0.6007905138339921,0.599802371541502,0.6,0.6758893280632412
P02-A0-PhysioNetMI-DNN-SEQ-FULL_TRAIN-MR00,PhysioNetMI,DNN-SEQ,A0-RAW-ACCEPT-ALL,FULL_TRAIN,0,39,0,45,0.7075098814229248,0.7016828148903621,0.7111111111111111,0.6818181818181819
P02-A0-PhysioNetMI-DNN-SEQ-FULL_TRAIN-MR00,PhysioNetMI,DNN-SEQ,A0-RAW-ACCEPT-ALL,FULL_TRAIN,0,40,0,45,0.5982142857142857,0.5982142857142857,0.6,0.5456349206349207
P02-A0-PhysioNetMI-DNN-SEQ-FULL_TRAIN-MR00,PhysioNetMI,DNN-SEQ,A0-RAW-ACCEPT-ALL,FULL_TRAIN,0,47,0,45,0.5238095238095237,0.5181030086690463,0.5333333333333333,0.5813492063492063
P02-A0-PhysioNetMI-DNN-SEQ-FULL_TRAIN-MR00,PhysioNetMI,DNN-SEQ,A0-RAW-ACCEPT-ALL,FULL_TRAIN,0,48,0,45,0.7806324110671936,0.775,0.7777777777777778,0.901185770750988
P02-A0-PhysioNetMI-DNN-SEQ-FULL_TRAIN-MR00,PhysioNetMI,DNN-SEQ,A0-RAW-ACCEPT-ALL,FULL_TRAIN,0,57,0,45,0.6130952380952381,0.6098929117797043,0.6222222222222222,0.6170634920634921
P02-A0-PhysioNetMI-DNN-SEQ-FULL_TRAIN-MR00,PhysioNetMI,DNN-SEQ,A0-RAW-ACCEPT-ALL,FULL_TRAIN,0,71,0,45,0.9337944664031621,0.9333333333333333,0.9333333333333333,0.9644268774703557
P02-A0-PhysioNetMI-DNN-SEQ-FULL_TRAIN-MR00,PhysioNetMI,DNN-SEQ,A0-RAW-ACCEPT-ALL,FULL_TRAIN,0,93,0,45,0.7796442687747036,0.7767857142857142,0.7777777777777778,0.9249011857707511
P02-A0-PhysioNetMI-DNN-SEQ-FULL_TRAIN-MR00,PhysioNetMI,DNN-SEQ,A0-RAW-ACCEPT-ALL,FULL_TRAIN,0,98,0,45,0.6205533596837944,0.6192135390741662,0.6222222222222222,0.6007905138339921
P02-A0-PhysioNetMI-DNN-SEQ-FULL_TRAIN-MR00,PhysioNetMI,DNN-SEQ,A0-RAW-ACCEPT-ALL,FULL_TRAIN,0,107,0,45,0.6458333333333333,0.6442687747035574,0.6444444444444445,0.6488095238095238
P02-A0-PhysioNetMI-DNN-SEQ-FULL_TRAIN-MR01,PhysioNetMI,DNN-SEQ,A0-RAW-ACCEPT-ALL,FULL_TRAIN,1,6,0,45,0.5089285714285714,0.4444444444444444,0.5333333333333333,0.5317460317460317
P02-A0-PhysioNetMI-DNN-SEQ-FULL_TRAIN-MR01,PhysioNetMI,DNN-SEQ,A0-RAW-ACCEPT-ALL,FULL_TRAIN,1,27,0,45,0.6017786561264822,0.5982142857142857,0.6,0.7193675889328064
P02-A0-PhysioNetMI-DNN-SEQ-FULL_TRAIN-MR01,PhysioNetMI,DNN-SEQ,A0-RAW-ACCEPT-ALL,FULL_TRAIN,1,39,0,45,0.5770750988142292,0.5769421078673924,0.5777777777777777,0.6106719367588933
P02-A0-PhysioNetMI-DNN-SEQ-FULL_TRAIN-MR01,PhysioNetMI,DNN-SEQ,A0-RAW-ACCEPT-ALL,FULL_TRAIN,1,40,0,45,0.5446428571428572,0.537037037037037,0.5555555555555556,0.5873015873015873
P02-A0-PhysioNetMI-DNN-SEQ-FULL_TRAIN-MR01,PhysioNetMI,DNN-SEQ,A0-RAW-ACCEPT-ALL,FULL_TRAIN,1,47,0,45,0.49107142857142855,0.44999999999999996,0.5111111111111111,0.5535714285714286
P02-A0-PhysioNetMI-DNN-SEQ-FULL_TRAIN-MR01,PhysioNetMI,DNN-SEQ,A0-RAW-ACCEPT-ALL,FULL_TRAIN,1,48,0,45,0.7588932806324111,0.751131221719457,0.7555555555555555,0.9090909090909092
P02-A0-PhysioNetMI-DNN-SEQ-FULL_TRAIN-MR01,PhysioNetMI,DNN-SEQ,A0-RAW-ACCEPT-ALL,FULL_TRAIN,1,57,0,45,0.5238095238095237,0.5181030086690463,0.5333333333333333,0.5813492063492063
P02-A0-PhysioNetMI-DNN-SEQ-FULL_TRAIN-MR01,PhysioNetMI,DNN-SEQ,A0-RAW-ACCEPT-ALL,FULL_TRAIN,1,71,0,45,0.9120553359683794,0.9110671936758893,0.9111111111111111,0.9525691699604744
P02-A0-PhysioNetMI-DNN-SEQ-FULL_TRAIN-MR01,PhysioNetMI,DNN-SEQ,A0-RAW-ACCEPT-ALL,FULL_TRAIN,1,93,0,45,0.8023715415019763,0.7984071677451469,0.8,0.9308300395256917
P02-A0-PhysioNetMI-DNN-SEQ-FULL_TRAIN-MR01,PhysioNetMI,DNN-SEQ,A0-RAW-ACCEPT-ALL,FULL_TRAIN,1,98,0,45,0.5316205533596838,0.5296167247386759,0.5333333333333333,0.5968379446640316
P02-A0-PhysioNetMI-DNN-SEQ-FULL_TRAIN-MR01,PhysioNetMI,DNN-SEQ,A0-RAW-ACCEPT-ALL,FULL_TRAIN,1,107,0,45,0.5357142857142857,0.5,0.5555555555555556,0.5952380952380952
P02-A0-PhysioNetMI-DNN-SEQ-FULL_TRAIN-MR02,PhysioNetMI,DNN-SEQ,A0-RAW-ACCEPT-ALL,FULL_TRAIN,2,6,0,45,0.5565476190476191,0.5166760881854155,0.5777777777777777,0.6031746031746033
P02-A0-PhysioNetMI-DNN-SEQ-FULL_TRAIN-MR02,PhysioNetMI,DNN-SEQ,A0-RAW-ACCEPT-ALL,FULL_TRAIN,2,27,0,45,0.6462450592885376,0.6428571428571428,0.6444444444444445,0.6620553359683795
P02-A0-PhysioNetMI-DNN-SEQ-FULL_TRAIN-MR02,PhysioNetMI,DNN-SEQ,A0-RAW-ACCEPT-ALL,FULL_TRAIN,2,39,0,45,0.5988142292490118,0.5982142857142857,0.6,0.5849802371541503
P02-A0-PhysioNetMI-DNN-SEQ-FULL_TRAIN-MR02,PhysioNetMI,DNN-SEQ,A0-RAW-ACCEPT-ALL,FULL_TRAIN,2,40,0,45,0.5505952380952381,0.55,0.5555555555555556,0.5436507936507937
P02-A0-PhysioNetMI-DNN-SEQ-FULL_TRAIN-MR02,PhysioNetMI,DNN-SEQ,A0-RAW-ACCEPT-ALL,FULL_TRAIN,2,47,0,45,0.5178571428571428,0.49760765550239233,0.5333333333333333,0.5337301587301587
P02-A0-PhysioNetMI-DNN-SEQ-FULL_TRAIN-MR02,PhysioNetMI,DNN-SEQ,A0-RAW-ACCEPT-ALL,FULL_TRAIN,2,48,0,45,0.8033596837944664,0.7963800904977376,0.8,0.9051383399209485
P02-A0-PhysioNetMI-DNN-SEQ-FULL_TRAIN-MR02,PhysioNetMI,DNN-SEQ,A0-RAW-ACCEPT-ALL,FULL_TRAIN,2,57,0,45,0.6160714285714286,0.6153846153846154,0.6222222222222222,0.6408730158730158
P02-A0-PhysioNetMI-DNN-SEQ-FULL_TRAIN-MR02,PhysioNetMI,DNN-SEQ,A0-RAW-ACCEPT-ALL,FULL_TRAIN,2,71,0,45,0.9337944664031621,0.9333333333333333,0.9333333333333333,0.9565217391304348
P02-A0-PhysioNetMI-DNN-SEQ-FULL_TRAIN-MR02,PhysioNetMI,DNN-SEQ,A0-RAW-ACCEPT-ALL,FULL_TRAIN,2,93,0,45,0.8231225296442688,0.8221343873517787,0.8222222222222222,0.9426877470355732
P02-A0-PhysioNetMI-DNN-SEQ-FULL_TRAIN-MR02,PhysioNetMI,DNN-SEQ,A0-RAW-ACCEPT-ALL,FULL_TRAIN,2,98,0,45,0.5533596837944664,0.55,0.5555555555555556,0.6126482213438735
P02-A0-PhysioNetMI-DNN-SEQ-FULL_TRAIN-MR02,PhysioNetMI,DNN-SEQ,A0-RAW-ACCEPT-ALL,FULL_TRAIN,2,107,0,45,0.5208333333333334,0.509090909090909,0.5333333333333333,0.6527777777777778
P02-A0-PhysioNetMI-DNN-SEQ-FULL_TRAIN-MR03,PhysioNetMI,DNN-SEQ,A0-RAW-ACCEPT-ALL,FULL_TRAIN,3,6,0,45,0.5357142857142857,0.5,0.5555555555555556,0.6150793650793651
P02-A0-PhysioNetMI-DNN-SEQ-FULL_TRAIN-MR03,PhysioNetMI,DNN-SEQ,A0-RAW-ACCEPT-ALL,FULL_TRAIN,3,27,0,45,0.6017786561264822,0.5982142857142857,0.6,0.6719367588932806
P02-A0-PhysioNetMI-DNN-SEQ-FULL_TRAIN-MR03,PhysioNetMI,DNN-SEQ,A0-RAW-ACCEPT-ALL,FULL_TRAIN,3,39,0,45,0.6195652173913043,0.6153846153846154,0.6222222222222222,0.6304347826086957
P02-A0-PhysioNetMI-DNN-SEQ-FULL_TRAIN-MR03,PhysioNetMI,DNN-SEQ,A0-RAW-ACCEPT-ALL,FULL_TRAIN,3,40,0,45,0.5357142857142857,0.5333333333333333,0.5333333333333333,0.5257936507936508
P02-A0-PhysioNetMI-DNN-SEQ-FULL_TRAIN-MR03,PhysioNetMI,DNN-SEQ,A0-RAW-ACCEPT-ALL,FULL_TRAIN,3,47,0,45,0.5446428571428572,0.537037037037037,0.5555555555555556,0.5416666666666666
P02-A0-PhysioNetMI-DNN-SEQ-FULL_TRAIN-MR03,PhysioNetMI,DNN-SEQ,A0-RAW-ACCEPT-ALL,FULL_TRAIN,3,48,0,45,0.8468379446640316,0.8432055749128919,0.8444444444444444,0.9209486166007905
P02-A0-PhysioNetMI-DNN-SEQ-FULL_TRAIN-MR03,PhysioNetMI,DNN-SEQ,A0-RAW-ACCEPT-ALL,FULL_TRAIN,3,57,0,45,0.5684523809523809,0.5639979602243753,0.5777777777777777,0.6071428571428571
P02-A0-PhysioNetMI-DNN-SEQ-FULL_TRAIN-MR03,PhysioNetMI,DNN-SEQ,A0-RAW-ACCEPT-ALL,FULL_TRAIN,3,71,0,45,0.9337944664031621,0.9333333333333333,0.9333333333333333,0.9565217391304348
P02-A0-PhysioNetMI-DNN-SEQ-FULL_TRAIN-MR03,PhysioNetMI,DNN-SEQ,A0-RAW-ACCEPT-ALL,FULL_TRAIN,3,93,0,45,0.8023715415019763,0.7984071677451469,0.8,0.9169960474308301
P02-A0-PhysioNetMI-DNN-SEQ-FULL_TRAIN-MR03,PhysioNetMI,DNN-SEQ,A0-RAW-ACCEPT-ALL,FULL_TRAIN,3,98,0,45,0.5770750988142292,0.5769421078673924,0.5777777777777777,0.6086956521739131
P02-A0-PhysioNetMI-DNN-SEQ-FULL_TRAIN-MR03,PhysioNetMI,DNN-SEQ,A0-RAW-ACCEPT-ALL,FULL_TRAIN,3,107,0,45,0.6190476190476191,0.6192135390741662,0.6222222222222222,0.6567460317460317
P02-A0-PhysioNetMI-DNN-SEQ-FULL_TRAIN-MR04,PhysioNetMI,DNN-SEQ,A0-RAW-ACCEPT-ALL,FULL_TRAIN,4,6,0,45,0.5833333333333334,0.5635775862068966,0.6,0.619047619047619
P02-A0-PhysioNetMI-DNN-SEQ-FULL_TRAIN-MR04,PhysioNetMI,DNN-SEQ,A0-RAW-ACCEPT-ALL,FULL_TRAIN,4,27,0,45,0.6679841897233202,0.6660069272637308,0.6666666666666666,0.6778656126482213
P02-A0-PhysioNetMI-DNN-SEQ-FULL_TRAIN-MR04,PhysioNetMI,DNN-SEQ,A0-RAW-ACCEPT-ALL,FULL_TRAIN,4,39,0,45,0.6442687747035574,0.6442687747035574,0.6444444444444445,0.6600790513833993
P02-A0-PhysioNetMI-DNN-SEQ-FULL_TRAIN-MR04,PhysioNetMI,DNN-SEQ,A0-RAW-ACCEPT-ALL,FULL_TRAIN,4,40,0,45,0.5535714285714286,0.5535714285714286,0.5555555555555556,0.5297619047619048
P02-A0-PhysioNetMI-DNN-SEQ-FULL_TRAIN-MR04,PhysioNetMI,DNN-SEQ,A0-RAW-ACCEPT-ALL,FULL_TRAIN,4,47,0,45,0.5029761904761905,0.4989878542510121,0.5111111111111111,0.5317460317460317
P02-A0-PhysioNetMI-DNN-SEQ-FULL_TRAIN-MR04,PhysioNetMI,DNN-SEQ,A0-RAW-ACCEPT-ALL,FULL_TRAIN,4,48,0,45,0.8458498023715415,0.8441365660564077,0.8444444444444444,0.9268774703557312
P02-A0-PhysioNetMI-DNN-SEQ-FULL_TRAIN-MR04,PhysioNetMI,DNN-SEQ,A0-RAW-ACCEPT-ALL,FULL_TRAIN,4,57,0,45,0.5684523809523809,0.5639979602243753,0.5777777777777777,0.5833333333333333
P02-A0-PhysioNetMI-DNN-SEQ-FULL_TRAIN-MR04,PhysioNetMI,DNN-SEQ,A0-RAW-ACCEPT-ALL,FULL_TRAIN,4,71,0,45,0.9337944664031621,0.9333333333333333,0.9333333333333333,0.9723320158102766
P02-A0-PhysioNetMI-DNN-SEQ-FULL_TRAIN-MR04,PhysioNetMI,DNN-SEQ,A0-RAW-ACCEPT-ALL,FULL_TRAIN,4,93,0,45,0.8241106719367588,0.8214285714285714,0.8222222222222222,0.9229249011857708
P02-A0-PhysioNetMI-DNN-SEQ-FULL_TRAIN-MR04,PhysioNetMI,DNN-SEQ,A0-RAW-ACCEPT-ALL,FULL_TRAIN,4,98,0,45,0.5553359683794465,0.5553359683794465,0.5555555555555556,0.5652173913043478
P02-A0-PhysioNetMI-DNN-SEQ-FULL_TRAIN-MR04,PhysioNetMI,DNN-SEQ,A0-RAW-ACCEPT-ALL,FULL_TRAIN,4,107,0,45,0.6696428571428572,0.6666666666666666,0.6666666666666666,0.6349206349206349
P02-A0-BNCI2014_001-DNN-SEQ-FULL_TRAIN-MR00,BNCI2014_001,DNN-SEQ,A0-RAW-ACCEPT-ALL,FULL_TRAIN,0,7,0train,144,0.5347222222222222,0.5150540336768032,0.5347222222222222,0.5279706790123457
P02-A0-BNCI2014_001-DNN-SEQ-FULL_TRAIN-MR00,BNCI2014_001,DNN-SEQ,A0-RAW-ACCEPT-ALL,FULL_TRAIN,0,7,1test,144,0.5625,0.5614637211775511,0.5625,0.5893132716049383
P02-A0-BNCI2014_001-DNN-SEQ-FULL_TRAIN-MR01,BNCI2014_001,DNN-SEQ,A0-RAW-ACCEPT-ALL,FULL_TRAIN,1,7,0train,144,0.5138888888888888,0.5061728395061729,0.5138888888888888,0.5046296296296297
P02-A0-BNCI2014_001-DNN-SEQ-FULL_TRAIN-MR01,BNCI2014_001,DNN-SEQ,A0-RAW-ACCEPT-ALL,FULL_TRAIN,1,7,1test,144,0.5486111111111112,0.5436594997806055,0.5486111111111112,0.5848765432098766
P02-A0-BNCI2014_001-DNN-SEQ-FULL_TRAIN-MR02,BNCI2014_001,DNN-SEQ,A0-RAW-ACCEPT-ALL,FULL_TRAIN,2,7,0train,144,0.5,0.49016522423288755,0.5,0.525270061728395
P02-A0-BNCI2014_001-DNN-SEQ-FULL_TRAIN-MR02,BNCI2014_001,DNN-SEQ,A0-RAW-ACCEPT-ALL,FULL_TRAIN,2,7,1test,144,0.5625,0.538250114521301,0.5625,0.5989583333333333
P02-A0-BNCI2014_001-DNN-SEQ-FULL_TRAIN-MR03,BNCI2014_001,DNN-SEQ,A0-RAW-ACCEPT-ALL,FULL_TRAIN,3,7,0train,144,0.4722222222222222,0.46384479717813054,0.4722222222222222,0.49594907407407407
P02-A0-BNCI2014_001-DNN-SEQ-FULL_TRAIN-MR03,BNCI2014_001,DNN-SEQ,A0-RAW-ACCEPT-ALL,FULL_TRAIN,3,7,1test,144,0.5416666666666666,0.5372930866601753,0.5416666666666666,0.5675154320987654
P02-A0-BNCI2014_001-DNN-SEQ-FULL_TRAIN-MR04,BNCI2014_001,DNN-SEQ,A0-RAW-ACCEPT-ALL,FULL_TRAIN,4,7,0train,144,0.5,0.4857142857142857,0.5,0.5007716049382716
P02-A0-BNCI2014_001-DNN-SEQ-FULL_TRAIN-MR04,BNCI2014_001,DNN-SEQ,A0-RAW-ACCEPT-ALL,FULL_TRAIN,4,7,1test,144,0.5416666666666666,0.5413127413127413,0.5416666666666666,0.5869984567901235
P02-A0-Lee2019_MI-DNN-SEQ-FULL_TRAIN-MR00,Lee2019_MI,DNN-SEQ,A0-RAW-ACCEPT-ALL,FULL_TRAIN,0,3,1,100,0.96,0.959983993597439,0.96,0.9836
P02-A0-Lee2019_MI-DNN-SEQ-FULL_TRAIN-MR00,Lee2019_MI,DNN-SEQ,A0-RAW-ACCEPT-ALL,FULL_TRAIN,0,6,1,100,0.72,0.7028862478777589,0.72,0.8535999999999999
P02-A0-Lee2019_MI-DNN-SEQ-FULL_TRAIN-MR00,Lee2019_MI,DNN-SEQ,A0-RAW-ACCEPT-ALL,FULL_TRAIN,0,15,1,100,0.75,0.74997499749975,0.75,0.8320000000000001
P02-A0-Lee2019_MI-DNN-SEQ-FULL_TRAIN-MR00,Lee2019_MI,DNN-SEQ,A0-RAW-ACCEPT-ALL,FULL_TRAIN,0,19,1,100,0.76,0.7536945812807883,0.76,0.8687999999999999
P02-A0-Lee2019_MI-DNN-SEQ-FULL_TRAIN-MR00,Lee2019_MI,DNN-SEQ,A0-RAW-ACCEPT-ALL,FULL_TRAIN,0,30,1,100,0.71,0.6938021328265231,0.71,0.8116
P02-A0-Lee2019_MI-DNN-SEQ-FULL_TRAIN-MR00,Lee2019_MI,DNN-SEQ,A0-RAW-ACCEPT-ALL,FULL_TRAIN,0,36,1,100,0.97,0.9699729756781104,0.97,0.9987999999999999
P02-A0-Lee2019_MI-DNN-SEQ-FULL_TRAIN-MR01,Lee2019_MI,DNN-SEQ,A0-RAW-ACCEPT-ALL,FULL_TRAIN,1,3,1,100,0.96,0.959983993597439,0.96,0.9912
P02-A0-Lee2019_MI-DNN-SEQ-FULL_TRAIN-MR01,Lee2019_MI,DNN-SEQ,A0-RAW-ACCEPT-ALL,FULL_TRAIN,1,6,1,100,0.77,0.7613860358958398,0.77,0.87
P02-A0-Lee2019_MI-DNN-SEQ-FULL_TRAIN-MR01,Lee2019_MI,DNN-SEQ,A0-RAW-ACCEPT-ALL,FULL_TRAIN,1,15,1,100,0.64,0.6347402597402598,0.64,0.7856
P02-A0-Lee2019_MI-DNN-SEQ-FULL_TRAIN-MR01,Lee2019_MI,DNN-SEQ,A0-RAW-ACCEPT-ALL,FULL_TRAIN,1,19,1,100,0.75,0.742559983523839,0.75,0.86
P02-A0-Lee2019_MI-DNN-SEQ-FULL_TRAIN-MR01,Lee2019_MI,DNN-SEQ,A0-RAW-ACCEPT-ALL,FULL_TRAIN,1,30,1,100,0.75,0.7497747973175859,0.75,0.8072
P02-A0-Lee2019_MI-DNN-SEQ-FULL_TRAIN-MR01,Lee2019_MI,DNN-SEQ,A0-RAW-ACCEPT-ALL,FULL_TRAIN,1,36,1,100,0.98,0.9799919967987194,0.98,0.9992
P02-A0-Lee2019_MI-DNN-SEQ-FULL_TRAIN-MR02,Lee2019_MI,DNN-SEQ,A0-RAW-ACCEPT-ALL,FULL_TRAIN,2,3,1,100,0.94,0.9399038461538461,0.94,0.9888
P02-A0-Lee2019_MI-DNN-SEQ-FULL_TRAIN-MR02,Lee2019_MI,DNN-SEQ,A0-RAW-ACCEPT-ALL,FULL_TRAIN,2,6,1,100,0.74,0.7267759562841529,0.74,0.8844000000000001
P02-A0-Lee2019_MI-DNN-SEQ-FULL_TRAIN-MR02,Lee2019_MI,DNN-SEQ,A0-RAW-ACCEPT-ALL,FULL_TRAIN,2,15,1,100,0.72,0.719551282051282,0.72,0.7676
P02-A0-Lee2019_MI-DNN-SEQ-FULL_TRAIN-MR02,Lee2019_MI,DNN-SEQ,A0-RAW-ACCEPT-ALL,FULL_TRAIN,2,19,1,100,0.71,0.7013695808876532,0.71,0.862
P02-A0-Lee2019_MI-DNN-SEQ-FULL_TRAIN-MR02,Lee2019_MI,DNN-SEQ,A0-RAW-ACCEPT-ALL,FULL_TRAIN,2,30,1,100,0.73,0.7237851662404092,0.73,0.8092
P02-A0-Lee2019_MI-DNN-SEQ-FULL_TRAIN-MR02,Lee2019_MI,DNN-SEQ,A0-RAW-ACCEPT-ALL,FULL_TRAIN,2,36,1,100,0.97,0.96999699969997,0.97,0.9987999999999999
P02-A0-Lee2019_MI-DNN-SEQ-FULL_TRAIN-MR03,Lee2019_MI,DNN-SEQ,A0-RAW-ACCEPT-ALL,FULL_TRAIN,3,3,1,100,0.9299999999999999,0.9298245614035088,0.93,0.9887999999999999
P02-A0-Lee2019_MI-DNN-SEQ-FULL_TRAIN-MR03,Lee2019_MI,DNN-SEQ,A0-RAW-ACCEPT-ALL,FULL_TRAIN,3,6,1,100,0.76,0.7477931904161412,0.76,0.8896
P02-A0-Lee2019_MI-DNN-SEQ-FULL_TRAIN-MR03,Lee2019_MI,DNN-SEQ,A0-RAW-ACCEPT-ALL,FULL_TRAIN,3,15,1,100,0.55,0.4357366771159875,0.55,0.6868
P02-A0-Lee2019_MI-DNN-SEQ-FULL_TRAIN-MR03,Lee2019_MI,DNN-SEQ,A0-RAW-ACCEPT-ALL,FULL_TRAIN,3,19,1,100,0.73,0.7277951406391774,0.73,0.8436
P02-A0-Lee2019_MI-DNN-SEQ-FULL_TRAIN-MR03,Lee2019_MI,DNN-SEQ,A0-RAW-ACCEPT-ALL,FULL_TRAIN,3,30,1,100,0.61,0.5481404240528328,0.61,0.8072
P02-A0-Lee2019_MI-DNN-SEQ-FULL_TRAIN-MR03,Lee2019_MI,DNN-SEQ,A0-RAW-ACCEPT-ALL,FULL_TRAIN,3,36,1,100,0.94,0.9399038461538461,0.94,0.9956
P02-A0-Lee2019_MI-DNN-SEQ-FULL_TRAIN-MR04,Lee2019_MI,DNN-SEQ,A0-RAW-ACCEPT-ALL,FULL_TRAIN,4,3,1,100,0.96,0.959983993597439,0.96,0.988
P02-A0-Lee2019_MI-DNN-SEQ-FULL_TRAIN-MR04,Lee2019_MI,DNN-SEQ,A0-RAW-ACCEPT-ALL,FULL_TRAIN,4,6,1,100,0.74,0.7241086587436333,0.74,0.8792
P02-A0-Lee2019_MI-DNN-SEQ-FULL_TRAIN-MR04,Lee2019_MI,DNN-SEQ,A0-RAW-ACCEPT-ALL,FULL_TRAIN,4,15,1,100,0.65,0.64996499649965,0.65,0.7596
P02-A0-Lee2019_MI-DNN-SEQ-FULL_TRAIN-MR04,Lee2019_MI,DNN-SEQ,A0-RAW-ACCEPT-ALL,FULL_TRAIN,4,19,1,100,0.75,0.7442455242966752,0.75,0.8632000000000001
P02-A0-Lee2019_MI-DNN-SEQ-FULL_TRAIN-MR04,Lee2019_MI,DNN-SEQ,A0-RAW-ACCEPT-ALL,FULL_TRAIN,4,30,1,100,0.74,0.7373737373737375,0.74,0.8276
P02-A0-Lee2019_MI-DNN-SEQ-FULL_TRAIN-MR04,Lee2019_MI,DNN-SEQ,A0-RAW-ACCEPT-ALL,FULL_TRAIN,4,36,1,100,0.96,0.959983993597439,0.96,0.9976
P02-A0-PhysioNetMI-SSL-CBRAMOD-FULL_TRAIN-MR00,PhysioNetMI,SSL-CBRAMOD,A0-RAW-ACCEPT-ALL,FULL_TRAIN,0,6,0,45,0.4910714285714286,0.4888888888888889,0.4888888888888889,0.5238095238095237
P02-A0-PhysioNetMI-SSL-CBRAMOD-FULL_TRAIN-MR00,PhysioNetMI,SSL-CBRAMOD,A0-RAW-ACCEPT-ALL,FULL_TRAIN,0,27,0,45,0.6462450592885376,0.6428571428571428,0.6444444444444445,0.699604743083004
P02-A0-PhysioNetMI-SSL-CBRAMOD-FULL_TRAIN-MR00,PhysioNetMI,SSL-CBRAMOD,A0-RAW-ACCEPT-ALL,FULL_TRAIN,0,39,0,45,0.5553359683794465,0.5553359683794465,0.5555555555555556,0.5454545454545455
P02-A0-PhysioNetMI-SSL-CBRAMOD-FULL_TRAIN-MR00,PhysioNetMI,SSL-CBRAMOD,A0-RAW-ACCEPT-ALL,FULL_TRAIN,0,40,0,45,0.5476190476190476,0.5445344129554656,0.5555555555555556,0.44642857142857145
P02-A0-PhysioNetMI-SSL-CBRAMOD-FULL_TRAIN-MR00,PhysioNetMI,SSL-CBRAMOD,A0-RAW-ACCEPT-ALL,FULL_TRAIN,0,47,0,45,0.44047619047619047,0.44001991040318567,0.4444444444444444,0.48412698412698413
P02-A0-PhysioNetMI-SSL-CBRAMOD-FULL_TRAIN-MR00,PhysioNetMI,SSL-CBRAMOD,A0-RAW-ACCEPT-ALL,FULL_TRAIN,0,48,0,45,0.6215415019762847,0.6214745175655616,0.6222222222222222,0.7351778656126482
P02-A0-PhysioNetMI-SSL-CBRAMOD-FULL_TRAIN-MR00,PhysioNetMI,SSL-CBRAMOD,A0-RAW-ACCEPT-ALL,FULL_TRAIN,0,57,0,45,0.4494047619047619,0.44334487877288475,0.4444444444444444,0.4126984126984127
P02-A0-PhysioNetMI-SSL-CBRAMOD-FULL_TRAIN-MR00,PhysioNetMI,SSL-CBRAMOD,A0-RAW-ACCEPT-ALL,FULL_TRAIN,0,71,0,45,0.7124505928853755,0.7105393369619001,0.7111111111111111,0.7193675889328064
P02-A0-PhysioNetMI-SSL-CBRAMOD-FULL_TRAIN-MR00,PhysioNetMI,SSL-CBRAMOD,A0-RAW-ACCEPT-ALL,FULL_TRAIN,0,93,0,45,0.6452569169960474,0.6442687747035574,0.6444444444444445,0.6225296442687748
P02-A0-PhysioNetMI-SSL-CBRAMOD-FULL_TRAIN-MR00,PhysioNetMI,SSL-CBRAMOD,A0-RAW-ACCEPT-ALL,FULL_TRAIN,0,98,0,45,0.46837944664031617,0.4642857142857143,0.4666666666666667,0.4051383399209486
P02-A0-PhysioNetMI-SSL-CBRAMOD-FULL_TRAIN-MR00,PhysioNetMI,SSL-CBRAMOD,A0-RAW-ACCEPT-ALL,FULL_TRAIN,0,107,0,45,0.46726190476190477,0.46640316205533594,0.4666666666666667,0.48214285714285715
P02-A0-PhysioNetMI-SSL-CBRAMOD-FULL_TRAIN-MR01,PhysioNetMI,SSL-CBRAMOD,A0-RAW-ACCEPT-ALL,FULL_TRAIN,1,6,0,45,0.5208333333333333,0.505,0.5111111111111111,0.501984126984127
P02-A0-PhysioNetMI-SSL-CBRAMOD-FULL_TRAIN-MR01,PhysioNetMI,SSL-CBRAMOD,A0-RAW-ACCEPT-ALL,FULL_TRAIN,1,27,0,45,0.5810276679841897,0.5701357466063348,0.5777777777777777,0.6403162055335969
P02-A0-PhysioNetMI-SSL-CBRAMOD-FULL_TRAIN-MR01,PhysioNetMI,SSL-CBRAMOD,A0-RAW-ACCEPT-ALL,FULL_TRAIN,1,39,0,45,0.4723320158102767,0.4327731092436975,0.4666666666666667,0.43083003952569177
P02-A0-PhysioNetMI-SSL-CBRAMOD-FULL_TRAIN-MR01,PhysioNetMI,SSL-CBRAMOD,A0-RAW-ACCEPT-ALL,FULL_TRAIN,1,40,0,45,0.4880952380952381,0.48787728847105394,0.4888888888888889,0.49404761904761907
P02-A0-PhysioNetMI-SSL-CBRAMOD-FULL_TRAIN-MR01,PhysioNetMI,SSL-CBRAMOD,A0-RAW-ACCEPT-ALL,FULL_TRAIN,1,47,0,45,0.5029761904761905,0.4989878542510121,0.5111111111111111,0.48015873015873023
P02-A0-PhysioNetMI-SSL-CBRAMOD-FULL_TRAIN-MR01,PhysioNetMI,SSL-CBRAMOD,A0-RAW-ACCEPT-ALL,FULL_TRAIN,1,48,0,45,0.6877470355731226,0.6875,0.6888888888888889,0.6956521739130436
P02-A0-PhysioNetMI-SSL-CBRAMOD-FULL_TRAIN-MR01,PhysioNetMI,SSL-CBRAMOD,A0-RAW-ACCEPT-ALL,FULL_TRAIN,1,57,0,45,0.43154761904761907,0.415,0.4222222222222222,0.33134920634920634
P02-A0-PhysioNetMI-SSL-CBRAMOD-FULL_TRAIN-MR01,PhysioNetMI,SSL-CBRAMOD,A0-RAW-ACCEPT-ALL,FULL_TRAIN,1,71,0,45,0.6689723320158103,0.6640119462419114,0.6666666666666666,0.6837944664031621
P02-A0-PhysioNetMI-SSL-CBRAMOD-FULL_TRAIN-MR01,PhysioNetMI,SSL-CBRAMOD,A0-RAW-ACCEPT-ALL,FULL_TRAIN,1,93,0,45,0.5780632411067194,0.5777777777777777,0.5777777777777777,0.6324110671936759
P02-A0-PhysioNetMI-SSL-CBRAMOD-FULL_TRAIN-MR01,PhysioNetMI,SSL-CBRAMOD,A0-RAW-ACCEPT-ALL,FULL_TRAIN,1,98,0,45,0.44367588932806323,0.44334487877288475,0.4444444444444444,0.48418972332015814
P02-A0-PhysioNetMI-SSL-CBRAMOD-FULL_TRAIN-MR01,PhysioNetMI,SSL-CBRAMOD,A0-RAW-ACCEPT-ALL,FULL_TRAIN,1,107,0,45,0.5357142857142857,0.5333333333333333,0.5333333333333333,0.5
P02-A0-PhysioNetMI-SSL-CBRAMOD-FULL_TRAIN-MR02,PhysioNetMI,SSL-CBRAMOD,A0-RAW-ACCEPT-ALL,FULL_TRAIN,2,6,0,45,0.5208333333333333,0.505,0.5111111111111111,0.5138888888888888
P02-A0-PhysioNetMI-SSL-CBRAMOD-FULL_TRAIN-MR02,PhysioNetMI,SSL-CBRAMOD,A0-RAW-ACCEPT-ALL,FULL_TRAIN,2,27,0,45,0.5810276679841897,0.5701357466063348,0.5777777777777777,0.6620553359683795
P02-A0-PhysioNetMI-SSL-CBRAMOD-FULL_TRAIN-MR02,PhysioNetMI,SSL-CBRAMOD,A0-RAW-ACCEPT-ALL,FULL_TRAIN,2,39,0,45,0.5108695652173914,0.5108695652173914,0.5111111111111111,0.3913043478260869
P02-A0-PhysioNetMI-SSL-CBRAMOD-FULL_TRAIN-MR02,PhysioNetMI,SSL-CBRAMOD,A0-RAW-ACCEPT-ALL,FULL_TRAIN,2,40,0,45,0.5684523809523809,0.5639979602243753,0.5777777777777777,0.5595238095238095
P02-A0-PhysioNetMI-SSL-CBRAMOD-FULL_TRAIN-MR02,PhysioNetMI,SSL-CBRAMOD,A0-RAW-ACCEPT-ALL,FULL_TRAIN,2,47,0,45,0.4226190476190476,0.42193675889328064,0.4222222222222222,0.4662698412698413
P02-A0-PhysioNetMI-SSL-CBRAMOD-FULL_TRAIN-MR02,PhysioNetMI,SSL-CBRAMOD,A0-RAW-ACCEPT-ALL,FULL_TRAIN,2,48,0,45,0.7786561264822134,0.7776679841897234,0.7777777777777778,0.883399209486166
P02-A0-PhysioNetMI-SSL-CBRAMOD-FULL_TRAIN-MR02,PhysioNetMI,SSL-CBRAMOD,A0-RAW-ACCEPT-ALL,FULL_TRAIN,2,57,0,45,0.5654761904761905,0.55,0.5555555555555556,0.5158730158730159
P02-A0-PhysioNetMI-SSL-CBRAMOD-FULL_TRAIN-MR02,PhysioNetMI,SSL-CBRAMOD,A0-RAW-ACCEPT-ALL,FULL_TRAIN,2,71,0,45,0.7144268774703557,0.7058823529411764,0.7111111111111111,0.8201581027667985
P02-A0-PhysioNetMI-SSL-CBRAMOD-FULL_TRAIN-MR02,PhysioNetMI,SSL-CBRAMOD,A0-RAW-ACCEPT-ALL,FULL_TRAIN,2,93,0,45,0.6699604743083004,0.660633484162896,0.6666666666666666,0.8399209486166008
P02-A0-PhysioNetMI-SSL-CBRAMOD-FULL_TRAIN-MR02,PhysioNetMI,SSL-CBRAMOD,A0-RAW-ACCEPT-ALL,FULL_TRAIN,2,98,0,45,0.6037549407114624,0.590080971659919,0.6,0.46640316205533594
P02-A0-PhysioNetMI-SSL-CBRAMOD-FULL_TRAIN-MR02,PhysioNetMI,SSL-CBRAMOD,A0-RAW-ACCEPT-ALL,FULL_TRAIN,2,107,0,45,0.5,0.4907407407407407,0.5111111111111111,0.5476190476190477
P02-A0-PhysioNetMI-SSL-CBRAMOD-FULL_TRAIN-MR03,PhysioNetMI,SSL-CBRAMOD,A0-RAW-ACCEPT-ALL,FULL_TRAIN,3,6,0,45,0.47619047619047616,0.46,0.4666666666666667,0.48214285714285715
P02-A0-PhysioNetMI-SSL-CBRAMOD-FULL_TRAIN-MR03,PhysioNetMI,SSL-CBRAMOD,A0-RAW-ACCEPT-ALL,FULL_TRAIN,3,27,0,45,0.5760869565217391,0.5744151319064211,0.5777777777777777,0.5968379446640316
P02-A0-PhysioNetMI-SSL-CBRAMOD-FULL_TRAIN-MR03,PhysioNetMI,SSL-CBRAMOD,A0-RAW-ACCEPT-ALL,FULL_TRAIN,3,39,0,45,0.40118577075098816,0.39881246907471546,0.4,0.3458498023715415
P02-A0-PhysioNetMI-SSL-CBRAMOD-FULL_TRAIN-MR03,PhysioNetMI,SSL-CBRAMOD,A0-RAW-ACCEPT-ALL,FULL_TRAIN,3,40,0,45,0.46726190476190477,0.46640316205533594,0.4666666666666667,0.4900793650793651
P02-A0-PhysioNetMI-SSL-CBRAMOD-FULL_TRAIN-MR03,PhysioNetMI,SSL-CBRAMOD,A0-RAW-ACCEPT-ALL,FULL_TRAIN,3,47,0,45,0.4375,0.4343891402714932,0.4444444444444444,0.44047619047619047
P02-A0-PhysioNetMI-SSL-CBRAMOD-FULL_TRAIN-MR03,PhysioNetMI,SSL-CBRAMOD,A0-RAW-ACCEPT-ALL,FULL_TRAIN,3,48,0,45,0.6462450592885376,0.6428571428571428,0.6444444444444445,0.6798418972332017
P02-A0-PhysioNetMI-SSL-CBRAMOD-FULL_TRAIN-MR03,PhysioNetMI,SSL-CBRAMOD,A0-RAW-ACCEPT-ALL,FULL_TRAIN,3,57,0,45,0.39880952380952384,0.39881246907471546,0.4,0.3829365079365079
P02-A0-PhysioNetMI-SSL-CBRAMOD-FULL_TRAIN-MR03,PhysioNetMI,SSL-CBRAMOD,A0-RAW-ACCEPT-ALL,FULL_TRAIN,3,71,0,45,0.6037549407114624,0.590080971659919,0.6,0.7470355731225297
P02-A0-PhysioNetMI-SSL-CBRAMOD-FULL_TRAIN-MR03,PhysioNetMI,SSL-CBRAMOD,A0-RAW-ACCEPT-ALL,FULL_TRAIN,3,93,0,45,0.6452569169960474,0.6442687747035574,0.6444444444444445,0.691699604743083
P02-A0-PhysioNetMI-SSL-CBRAMOD-FULL_TRAIN-MR03,PhysioNetMI,SSL-CBRAMOD,A0-RAW-ACCEPT-ALL,FULL_TRAIN,3,98,0,45,0.4851778656126482,0.4722080571137175,0.4888888888888889,0.5158102766798419
P02-A0-PhysioNetMI-SSL-CBRAMOD-FULL_TRAIN-MR03,PhysioNetMI,SSL-CBRAMOD,A0-RAW-ACCEPT-ALL,FULL_TRAIN,3,107,0,45,0.4613095238095238,0.46,0.4666666666666667,0.44642857142857145
P02-A0-PhysioNetMI-SSL-CBRAMOD-FULL_TRAIN-MR04,PhysioNetMI,SSL-CBRAMOD,A0-RAW-ACCEPT-ALL,FULL_TRAIN,4,6,0,45,0.45238095238095233,0.44001991040318567,0.4444444444444444,0.49603174603174605
P02-A0-PhysioNetMI-SSL-CBRAMOD-FULL_TRAIN-MR04,PhysioNetMI,SSL-CBRAMOD,A0-RAW-ACCEPT-ALL,FULL_TRAIN,4,27,0,45,0.5563241106719368,0.5553359683794465,0.5555555555555556,0.6501976284584979
P02-A0-PhysioNetMI-SSL-CBRAMOD-FULL_TRAIN-MR04,PhysioNetMI,SSL-CBRAMOD,A0-RAW-ACCEPT-ALL,FULL_TRAIN,4,39,0,45,0.37648221343873517,0.375,0.37777777777777777,0.383399209486166
P02-A0-PhysioNetMI-SSL-CBRAMOD-FULL_TRAIN-MR04,PhysioNetMI,SSL-CBRAMOD,A0-RAW-ACCEPT-ALL,FULL_TRAIN,4,40,0,45,0.3958333333333333,0.39522150323544053,0.4,0.4186507936507936
P02-A0-PhysioNetMI-SSL-CBRAMOD-FULL_TRAIN-MR04,PhysioNetMI,SSL-CBRAMOD,A0-RAW-ACCEPT-ALL,FULL_TRAIN,4,47,0,45,0.4880952380952381,0.48787728847105394,0.4888888888888889,0.47619047619047616
P02-A0-PhysioNetMI-SSL-CBRAMOD-FULL_TRAIN-MR04,PhysioNetMI,SSL-CBRAMOD,A0-RAW-ACCEPT-ALL,FULL_TRAIN,4,48,0,45,0.6689723320158103,0.6640119462419114,0.6666666666666666,0.7865612648221344
P02-A0-PhysioNetMI-SSL-CBRAMOD-FULL_TRAIN-MR04,PhysioNetMI,SSL-CBRAMOD,A0-RAW-ACCEPT-ALL,FULL_TRAIN,4,57,0,45,0.5178571428571429,0.5089285714285714,0.5111111111111111,0.4603174603174603
P02-A0-PhysioNetMI-SSL-CBRAMOD-FULL_TRAIN-MR04,PhysioNetMI,SSL-CBRAMOD,A0-RAW-ACCEPT-ALL,FULL_TRAIN,4,71,0,45,0.7569169960474309,0.7550717466600693,0.7555555555555555,0.8300395256916996
P02-A0-PhysioNetMI-SSL-CBRAMOD-FULL_TRAIN-MR04,PhysioNetMI,SSL-CBRAMOD,A0-RAW-ACCEPT-ALL,FULL_TRAIN,4,93,0,45,0.7549407114624507,0.7550717466600693,0.7555555555555555,0.7786561264822134
P02-A0-PhysioNetMI-SSL-CBRAMOD-FULL_TRAIN-MR04,PhysioNetMI,SSL-CBRAMOD,A0-RAW-ACCEPT-ALL,FULL_TRAIN,4,98,0,45,0.5355731225296443,0.5296167247386759,0.5333333333333333,0.48221343873517786
P02-A0-PhysioNetMI-SSL-CBRAMOD-FULL_TRAIN-MR04,PhysioNetMI,SSL-CBRAMOD,A0-RAW-ACCEPT-ALL,FULL_TRAIN,4,107,0,45,0.48214285714285715,0.4796380090497738,0.4888888888888889,0.45436507936507936
P02-A0-PhysioNetMI-SSL-CBRAMOD-P01-L1-LOW-CAL-OFFICIAL-R2:1_PER_CLASS-MR00,PhysioNetMI,SSL-CBRAMOD,A0-RAW-ACCEPT-ALL,P01-L1-LOW-CAL-OFFICIAL-R2:1_PER_CLASS,0,6,0,45,0.5,0.34782608695652173,0.5333333333333333,0.5873015873015873
P02-A0-PhysioNetMI-SSL-CBRAMOD-P01-L1-LOW-CAL-OFFICIAL-R2:1_PER_CLASS-MR00,PhysioNetMI,SSL-CBRAMOD,A0-RAW-ACCEPT-ALL,P01-L1-LOW-CAL-OFFICIAL-R2:1_PER_CLASS,0,27,0,45,0.5464426877470356,0.4591346153846154,0.5555555555555556,0.5256916996047432
P02-A0-PhysioNetMI-SSL-CBRAMOD-P01-L1-LOW-CAL-OFFICIAL-R2:1_PER_CLASS-MR00,PhysioNetMI,SSL-CBRAMOD,A0-RAW-ACCEPT-ALL,P01-L1-LOW-CAL-OFFICIAL-R2:1_PER_CLASS,0,39,0,45,0.5247035573122529,0.4444444444444444,0.5333333333333333,0.4940711462450593
P02-A0-PhysioNetMI-SSL-CBRAMOD-P01-L1-LOW-CAL-OFFICIAL-R2:1_PER_CLASS-MR00,PhysioNetMI,SSL-CBRAMOD,A0-RAW-ACCEPT-ALL,P01-L1-LOW-CAL-OFFICIAL-R2:1_PER_CLASS,0,40,0,45,0.5208333333333334,0.3630769230769231,0.4888888888888889,0.47222222222222227
P02-A0-PhysioNetMI-SSL-CBRAMOD-P01-L1-LOW-CAL-OFFICIAL-R2:1_PER_CLASS-MR00,PhysioNetMI,SSL-CBRAMOD,A0-RAW-ACCEPT-ALL,P01-L1-LOW-CAL-OFFICIAL-R2:1_PER_CLASS,0,47,0,45,0.5,0.34782608695652173,0.5333333333333333,0.48412698412698413
P02-A0-PhysioNetMI-SSL-CBRAMOD-P01-L1-LOW-CAL-OFFICIAL-R2:1_PER_CLASS-MR00,PhysioNetMI,SSL-CBRAMOD,A0-RAW-ACCEPT-ALL,P01-L1-LOW-CAL-OFFICIAL-R2:1_PER_CLASS,0,48,0,45,0.4496047430830039,0.41558441558441556,0.4444444444444444,0.4169960474308301
P02-A0-PhysioNetMI-SSL-CBRAMOD-P01-L1-LOW-CAL-OFFICIAL-R2:1_PER_CLASS-MR00,PhysioNetMI,SSL-CBRAMOD,A0-RAW-ACCEPT-ALL,P01-L1-LOW-CAL-OFFICIAL-R2:1_PER_CLASS,0,57,0,45,0.4821428571428571,0.375,0.5111111111111111,0.5218253968253967
P02-A0-PhysioNetMI-SSL-CBRAMOD-P01-L1-LOW-CAL-OFFICIAL-R2:1_PER_CLASS-MR00,PhysioNetMI,SSL-CBRAMOD,A0-RAW-ACCEPT-ALL,P01-L1-LOW-CAL-OFFICIAL-R2:1_PER_CLASS,0,71,0,45,0.5,0.3283582089552239,0.4888888888888889,0.4347826086956521
P02-A0-PhysioNetMI-SSL-CBRAMOD-P01-L1-LOW-CAL-OFFICIAL-R2:1_PER_CLASS-MR00,PhysioNetMI,SSL-CBRAMOD,A0-RAW-ACCEPT-ALL,P01-L1-LOW-CAL-OFFICIAL-R2:1_PER_CLASS,0,93,0,45,0.45652173913043476,0.3181818181818182,0.4666666666666667,0.43478260869565216
P02-A0-PhysioNetMI-SSL-CBRAMOD-P01-L1-LOW-CAL-OFFICIAL-R2:1_PER_CLASS-MR00,PhysioNetMI,SSL-CBRAMOD,A0-RAW-ACCEPT-ALL,P01-L1-LOW-CAL-OFFICIAL-R2:1_PER_CLASS,0,98,0,45,0.525691699604743,0.465799886941775,0.5333333333333333,0.45849802371541504
P02-A0-PhysioNetMI-SSL-CBRAMOD-P01-L1-LOW-CAL-OFFICIAL-R2:1_PER_CLASS-MR00,PhysioNetMI,SSL-CBRAMOD,A0-RAW-ACCEPT-ALL,P01-L1-LOW-CAL-OFFICIAL-R2:1_PER_CLASS,0,107,0,45,0.44047619047619047,0.35096153846153844,0.4666666666666667,0.47023809523809523
P02-A0-PhysioNetMI-SSL-CBRAMOD-P01-L1-LOW-CAL-OFFICIAL-R2:1_PER_CLASS-MR01,PhysioNetMI,SSL-CBRAMOD,A0-RAW-ACCEPT-ALL,P01-L1-LOW-CAL-OFFICIAL-R2:1_PER_CLASS,1,6,0,45,0.5,0.34782608695652173,0.5333333333333333,0.6349206349206349
P02-A0-PhysioNetMI-SSL-CBRAMOD-P01-L1-LOW-CAL-OFFICIAL-R2:1_PER_CLASS-MR01,PhysioNetMI,SSL-CBRAMOD,A0-RAW-ACCEPT-ALL,P01-L1-LOW-CAL-OFFICIAL-R2:1_PER_CLASS,1,27,0,45,0.5019762845849802,0.4050480769230769,0.5111111111111111,0.5059288537549407
P02-A0-PhysioNetMI-SSL-CBRAMOD-P01-L1-LOW-CAL-OFFICIAL-R2:1_PER_CLASS-MR01,PhysioNetMI,SSL-CBRAMOD,A0-RAW-ACCEPT-ALL,P01-L1-LOW-CAL-OFFICIAL-R2:1_PER_CLASS,1,39,0,45,0.5009881422924901,0.375,0.5111111111111111,0.5454545454545454
P02-A0-PhysioNetMI-SSL-CBRAMOD-P01-L1-LOW-CAL-OFFICIAL-R2:1_PER_CLASS-MR01,PhysioNetMI,SSL-CBRAMOD,A0-RAW-ACCEPT-ALL,P01-L1-LOW-CAL-OFFICIAL-R2:1_PER_CLASS,1,40,0,45,0.4732142857142857,0.3386243386243386,0.4444444444444444,0.48412698412698413
P02-A0-PhysioNetMI-SSL-CBRAMOD-P01-L1-LOW-CAL-OFFICIAL-R2:1_PER_CLASS-MR01,PhysioNetMI,SSL-CBRAMOD,A0-RAW-ACCEPT-ALL,P01-L1-LOW-CAL-OFFICIAL-R2:1_PER_CLASS,1,47,0,45,0.5,0.34782608695652173,0.5333333333333333,0.3908730158730159
P02-A0-PhysioNetMI-SSL-CBRAMOD-P01-L1-LOW-CAL-OFFICIAL-R2:1_PER_CLASS-MR01,PhysioNetMI,SSL-CBRAMOD,A0-RAW-ACCEPT-ALL,P01-L1-LOW-CAL-OFFICIAL-R2:1_PER_CLASS,1,48,0,45,0.5187747035573123,0.44999999999999996,0.5111111111111111,0.4407114624505929
P02-A0-PhysioNetMI-SSL-CBRAMOD-P01-L1-LOW-CAL-OFFICIAL-R2:1_PER_CLASS-MR01,PhysioNetMI,SSL-CBRAMOD,A0-RAW-ACCEPT-ALL,P01-L1-LOW-CAL-OFFICIAL-R2:1_PER_CLASS,1,57,0,45,0.5,0.34782608695652173,0.5333333333333333,0.5992063492063492
P02-A0-PhysioNetMI-SSL-CBRAMOD-P01-L1-LOW-CAL-OFFICIAL-R2:1_PER_CLASS-MR01,PhysioNetMI,SSL-CBRAMOD,A0-RAW-ACCEPT-ALL,P01-L1-LOW-CAL-OFFICIAL-R2:1_PER_CLASS,1,71,0,45,0.4772727272727273,0.3181818181818182,0.4666666666666667,0.308300395256917
P02-A0-PhysioNetMI-SSL-CBRAMOD-P01-L1-LOW-CAL-OFFICIAL-R2:1_PER_CLASS-MR01,PhysioNetMI,SSL-CBRAMOD,A0-RAW-ACCEPT-ALL,P01-L1-LOW-CAL-OFFICIAL-R2:1_PER_CLASS,1,93,0,45,0.4357707509881423,0.3386243386243386,0.4444444444444444,0.40711462450592883
P02-A0-PhysioNetMI-SSL-CBRAMOD-P01-L1-LOW-CAL-OFFICIAL-R2:1_PER_CLASS-MR01,PhysioNetMI,SSL-CBRAMOD,A0-RAW-ACCEPT-ALL,P01-L1-LOW-CAL-OFFICIAL-R2:1_PER_CLASS,1,98,0,45,0.5247035573122529,0.4444444444444444,0.5333333333333333,0.49209486166007904
P02-A0-PhysioNetMI-SSL-CBRAMOD-P01-L1-LOW-CAL-OFFICIAL-R2:1_PER_CLASS-MR01,PhysioNetMI,SSL-CBRAMOD,A0-RAW-ACCEPT-ALL,P01-L1-LOW-CAL-OFFICIAL-R2:1_PER_CLASS,1,107,0,45,0.4821428571428571,0.375,0.5111111111111111,0.48809523809523814
P02-A0-PhysioNetMI-SSL-CBRAMOD-P01-L1-LOW-CAL-OFFICIAL-R2:1_PER_CLASS-MR02,PhysioNetMI,SSL-CBRAMOD,A0-RAW-ACCEPT-ALL,P01-L1-LOW-CAL-OFFICIAL-R2:1_PER_CLASS,2,6,0,45,0.49702380952380953,0.48481831757093086,0.4888888888888889,0.5376984126984127
P02-A0-PhysioNetMI-SSL-CBRAMOD-P01-L1-LOW-CAL-OFFICIAL-R2:1_PER_CLASS-MR02,PhysioNetMI,SSL-CBRAMOD,A0-RAW-ACCEPT-ALL,P01-L1-LOW-CAL-OFFICIAL-R2:1_PER_CLASS,2,27,0,45,0.5158102766798419,0.4907407407407407,0.5111111111111111,0.517786561264822
P02-A0-PhysioNetMI-SSL-CBRAMOD-P01-L1-LOW-CAL-OFFICIAL-R2:1_PER_CLASS-MR02,PhysioNetMI,SSL-CBRAMOD,A0-RAW-ACCEPT-ALL,P01-L1-LOW-CAL-OFFICIAL-R2:1_PER_CLASS,2,39,0,45,0.5118577075098814,0.5108695652173914,0.5111111111111111,0.5573122529644269
P02-A0-PhysioNetMI-SSL-CBRAMOD-P01-L1-LOW-CAL-OFFICIAL-R2:1_PER_CLASS-MR02,PhysioNetMI,SSL-CBRAMOD,A0-RAW-ACCEPT-ALL,P01-L1-LOW-CAL-OFFICIAL-R2:1_PER_CLASS,2,40,0,45,0.5744047619047619,0.5744151319064211,0.5777777777777777,0.5496031746031746
P02-A0-PhysioNetMI-SSL-CBRAMOD-P01-L1-LOW-CAL-OFFICIAL-R2:1_PER_CLASS-MR02,PhysioNetMI,SSL-CBRAMOD,A0-RAW-ACCEPT-ALL,P01-L1-LOW-CAL-OFFICIAL-R2:1_PER_CLASS,2,47,0,45,0.4196428571428571,0.4196428571428571,0.4222222222222222,0.40476190476190477
P02-A0-PhysioNetMI-SSL-CBRAMOD-P01-L1-LOW-CAL-OFFICIAL-R2:1_PER_CLASS-MR02,PhysioNetMI,SSL-CBRAMOD,A0-RAW-ACCEPT-ALL,P01-L1-LOW-CAL-OFFICIAL-R2:1_PER_CLASS,2,48,0,45,0.5098814229249011,0.5089285714285714,0.5111111111111111,0.5138339920948617
P02-A0-PhysioNetMI-SSL-CBRAMOD-P01-L1-LOW-CAL-OFFICIAL-R2:1_PER_CLASS-MR02,PhysioNetMI,SSL-CBRAMOD,A0-RAW-ACCEPT-ALL,P01-L1-LOW-CAL-OFFICIAL-R2:1_PER_CLASS,2,57,0,45,0.43154761904761907,0.415,0.4222222222222222,0.38095238095238093
P02-A0-PhysioNetMI-SSL-CBRAMOD-P01-L1-LOW-CAL-OFFICIAL-R2:1_PER_CLASS-MR02,PhysioNetMI,SSL-CBRAMOD,A0-RAW-ACCEPT-ALL,P01-L1-LOW-CAL-OFFICIAL-R2:1_PER_CLASS,2,71,0,45,0.5741106719367589,0.5639979602243753,0.5777777777777777,0.6027667984189723
P02-A0-PhysioNetMI-SSL-CBRAMOD-P01-L1-LOW-CAL-OFFICIAL-R2:1_PER_CLASS-MR02,PhysioNetMI,SSL-CBRAMOD,A0-RAW-ACCEPT-ALL,P01-L1-LOW-CAL-OFFICIAL-R2:1_PER_CLASS,2,93,0,45,0.491106719367589,0.48481831757093086,0.4888888888888889,0.48221343873517786
P02-A0-PhysioNetMI-SSL-CBRAMOD-P01-L1-LOW-CAL-OFFICIAL-R2:1_PER_CLASS-MR02,PhysioNetMI,SSL-CBRAMOD,A0-RAW-ACCEPT-ALL,P01-L1-LOW-CAL-OFFICIAL-R2:1_PER_CLASS,2,98,0,45,0.5355731225296443,0.5296167247386759,0.5333333333333333,0.5454545454545454
P02-A0-PhysioNetMI-SSL-CBRAMOD-P01-L1-LOW-CAL-OFFICIAL-R2:1_PER_CLASS-MR02,PhysioNetMI,SSL-CBRAMOD,A0-RAW-ACCEPT-ALL,P01-L1-LOW-CAL-OFFICIAL-R2:1_PER_CLASS,2,107,0,45,0.5654761904761905,0.55,0.5555555555555556,0.5476190476190477
P02-A0-PhysioNetMI-SSL-CBRAMOD-P01-L1-LOW-CAL-OFFICIAL-R2:1_PER_CLASS-MR03,PhysioNetMI,SSL-CBRAMOD,A0-RAW-ACCEPT-ALL,P01-L1-LOW-CAL-OFFICIAL-R2:1_PER_CLASS,3,6,0,45,0.5238095238095238,0.39839572192513373,0.5555555555555556,0.6825396825396824
P02-A0-PhysioNetMI-SSL-CBRAMOD-P01-L1-LOW-CAL-OFFICIAL-R2:1_PER_CLASS-MR03,PhysioNetMI,SSL-CBRAMOD,A0-RAW-ACCEPT-ALL,P01-L1-LOW-CAL-OFFICIAL-R2:1_PER_CLASS,3,27,0,45,0.5484189723320158,0.5,0.5555555555555556,0.5770750988142292
P02-A0-PhysioNetMI-SSL-CBRAMOD-P01-L1-LOW-CAL-OFFICIAL-R2:1_PER_CLASS-MR03,PhysioNetMI,SSL-CBRAMOD,A0-RAW-ACCEPT-ALL,P01-L1-LOW-CAL-OFFICIAL-R2:1_PER_CLASS,3,39,0,45,0.3952569169960475,0.3688311688311688,0.4,0.41699604743083
P02-A0-PhysioNetMI-SSL-CBRAMOD-P01-L1-LOW-CAL-OFFICIAL-R2:1_PER_CLASS-MR03,PhysioNetMI,SSL-CBRAMOD,A0-RAW-ACCEPT-ALL,P01-L1-LOW-CAL-OFFICIAL-R2:1_PER_CLASS,3,40,0,45,0.5119047619047619,0.434117003827228,0.4888888888888889,0.4642857142857143
P02-A0-PhysioNetMI-SSL-CBRAMOD-P01-L1-LOW-CAL-OFFICIAL-R2:1_PER_CLASS-MR03,PhysioNetMI,SSL-CBRAMOD,A0-RAW-ACCEPT-ALL,P01-L1-LOW-CAL-OFFICIAL-R2:1_PER_CLASS,3,47,0,45,0.5,0.34782608695652173,0.5333333333333333,0.37896825396825395
P02-A0-PhysioNetMI-SSL-CBRAMOD-P01-L1-LOW-CAL-OFFICIAL-R2:1_PER_CLASS-MR03,PhysioNetMI,SSL-CBRAMOD,A0-RAW-ACCEPT-ALL,P01-L1-LOW-CAL-OFFICIAL-R2:1_PER_CLASS,3,48,0,45,0.44466403162055335,0.4444444444444444,0.4444444444444444,0.41304347826086957
P02-A0-PhysioNetMI-SSL-CBRAMOD-P01-L1-LOW-CAL-OFFICIAL-R2:1_PER_CLASS-MR03,PhysioNetMI,SSL-CBRAMOD,A0-RAW-ACCEPT-ALL,P01-L1-LOW-CAL-OFFICIAL-R2:1_PER_CLASS,3,57,0,45,0.4642857142857143,0.3915343915343915,0.4888888888888889,0.4444444444444444
P02-A0-PhysioNetMI-SSL-CBRAMOD-P01-L1-LOW-CAL-OFFICIAL-R2:1_PER_CLASS-MR03,PhysioNetMI,SSL-CBRAMOD,A0-RAW-ACCEPT-ALL,P01-L1-LOW-CAL-OFFICIAL-R2:1_PER_CLASS,3,71,0,45,0.45256916996047436,0.3640474844544941,0.4444444444444444,0.3715415019762846
P02-A0-PhysioNetMI-SSL-CBRAMOD-P01-L1-LOW-CAL-OFFICIAL-R2:1_PER_CLASS-MR03,PhysioNetMI,SSL-CBRAMOD,A0-RAW-ACCEPT-ALL,P01-L1-LOW-CAL-OFFICIAL-R2:1_PER_CLASS,3,93,0,45,0.5454545454545454,0.4318181818181818,0.5555555555555556,0.4505928853754941
P02-A0-PhysioNetMI-SSL-CBRAMOD-P01-L1-LOW-CAL-OFFICIAL-R2:1_PER_CLASS-MR03,PhysioNetMI,SSL-CBRAMOD,A0-RAW-ACCEPT-ALL,P01-L1-LOW-CAL-OFFICIAL-R2:1_PER_CLASS,3,98,0,45,0.5484189723320158,0.5,0.5555555555555556,0.4901185770750988
P02-A0-PhysioNetMI-SSL-CBRAMOD-P01-L1-LOW-CAL-OFFICIAL-R2:1_PER_CLASS-MR03,PhysioNetMI,SSL-CBRAMOD,A0-RAW-ACCEPT-ALL,P01-L1-LOW-CAL-OFFICIAL-R2:1_PER_CLASS,3,107,0,45,0.47023809523809523,0.434117003827228,0.4888888888888889,0.43253968253968256
P02-A0-PhysioNetMI-SSL-CBRAMOD-P01-L1-LOW-CAL-OFFICIAL-R2:1_PER_CLASS-MR04,PhysioNetMI,SSL-CBRAMOD,A0-RAW-ACCEPT-ALL,P01-L1-LOW-CAL-OFFICIAL-R2:1_PER_CLASS,4,6,0,45,0.46726190476190477,0.41492368569813454,0.4888888888888889,0.503968253968254
P02-A0-PhysioNetMI-SSL-CBRAMOD-P01-L1-LOW-CAL-OFFICIAL-R2:1_PER_CLASS-MR04,PhysioNetMI,SSL-CBRAMOD,A0-RAW-ACCEPT-ALL,P01-L1-LOW-CAL-OFFICIAL-R2:1_PER_CLASS,4,27,0,45,0.4397233201581028,0.41558441558441556,0.4444444444444444,0.40118577075098816
P02-A0-PhysioNetMI-SSL-CBRAMOD-P01-L1-LOW-CAL-OFFICIAL-R2:1_PER_CLASS-MR04,PhysioNetMI,SSL-CBRAMOD,A0-RAW-ACCEPT-ALL,P01-L1-LOW-CAL-OFFICIAL-R2:1_PER_CLASS,4,39,0,45,0.5108695652173914,0.5108695652173914,0.5111111111111111,0.5276679841897233
P02-A0-PhysioNetMI-SSL-CBRAMOD-P01-L1-LOW-CAL-OFFICIAL-R2:1_PER_CLASS-MR04,PhysioNetMI,SSL-CBRAMOD,A0-RAW-ACCEPT-ALL,P01-L1-LOW-CAL-OFFICIAL-R2:1_PER_CLASS,4,40,0,45,0.6428571428571428,0.5933014354066986,0.6222222222222222,0.626984126984127
P02-A0-PhysioNetMI-SSL-CBRAMOD-P01-L1-LOW-CAL-OFFICIAL-R2:1_PER_CLASS-MR04,PhysioNetMI,SSL-CBRAMOD,A0-RAW-ACCEPT-ALL,P01-L1-LOW-CAL-OFFICIAL-R2:1_PER_CLASS,4,47,0,45,0.46130952380952384,0.3630769230769231,0.4888888888888889,0.4047619047619047
P02-A0-PhysioNetMI-SSL-CBRAMOD-P01-L1-LOW-CAL-OFFICIAL-R2:1_PER_CLASS-MR04,PhysioNetMI,SSL-CBRAMOD,A0-RAW-ACCEPT-ALL,P01-L1-LOW-CAL-OFFICIAL-R2:1_PER_CLASS,4,48,0,45,0.3982213438735178,0.39522150323544053,0.4,0.36561264822134387
P02-A0-PhysioNetMI-SSL-CBRAMOD-P01-L1-LOW-CAL-OFFICIAL-R2:1_PER_CLASS-MR04,PhysioNetMI,SSL-CBRAMOD,A0-RAW-ACCEPT-ALL,P01-L1-LOW-CAL-OFFICIAL-R2:1_PER_CLASS,4,57,0,45,0.41369047619047616,0.40789473684210525,0.4222222222222222,0.42063492063492064
P02-A0-PhysioNetMI-SSL-CBRAMOD-P01-L1-LOW-CAL-OFFICIAL-R2:1_PER_CLASS-MR04,PhysioNetMI,SSL-CBRAMOD,A0-RAW-ACCEPT-ALL,P01-L1-LOW-CAL-OFFICIAL-R2:1_PER_CLASS,4,71,0,45,0.4733201581027668,0.41810344827586204,0.4666666666666667,0.44071146245059284
P02-A0-PhysioNetMI-SSL-CBRAMOD-P01-L1-LOW-CAL-OFFICIAL-R2:1_PER_CLASS-MR04,PhysioNetMI,SSL-CBRAMOD,A0-RAW-ACCEPT-ALL,P01-L1-LOW-CAL-OFFICIAL-R2:1_PER_CLASS,4,93,0,45,0.48221343873517786,0.434117003827228,0.4888888888888889,0.46837944664031617
P02-A0-PhysioNetMI-SSL-CBRAMOD-P01-L1-LOW-CAL-OFFICIAL-R2:1_PER_CLASS-MR04,PhysioNetMI,SSL-CBRAMOD,A0-RAW-ACCEPT-ALL,P01-L1-LOW-CAL-OFFICIAL-R2:1_PER_CLASS,4,98,0,45,0.5029644268774703,0.42972350230414746,0.5111111111111111,0.45256916996047425
P02-A0-PhysioNetMI-SSL-CBRAMOD-P01-L1-LOW-CAL-OFFICIAL-R2:1_PER_CLASS-MR04,PhysioNetMI,SSL-CBRAMOD,A0-RAW-ACCEPT-ALL,P01-L1-LOW-CAL-OFFICIAL-R2:1_PER_CLASS,4,107,0,45,0.45238095238095233,0.4327731092436975,0.4666666666666667,0.47023809523809523
P02-A0-PhysioNetMI-SSL-CBRAMOD-P01-L1-LOW-CAL-OFFICIAL-R2:2_PER_CLASS-MR00,PhysioNetMI,SSL-CBRAMOD,A0-RAW-ACCEPT-ALL,P01-L1-LOW-CAL-OFFICIAL-R2:2_PER_CLASS,0,6,0,45,0.5,0.34782608695652173,0.5333333333333333,0.6666666666666666
P02-A0-PhysioNetMI-SSL-CBRAMOD-P01-L1-LOW-CAL-OFFICIAL-R2:2_PER_CLASS-MR00,PhysioNetMI,SSL-CBRAMOD,A0-RAW-ACCEPT-ALL,P01-L1-LOW-CAL-OFFICIAL-R2:2_PER_CLASS,0,27,0,45,0.5474308300395256,0.48156682027649766,0.5555555555555556,0.541501976284585
P02-A0-PhysioNetMI-SSL-CBRAMOD-P01-L1-LOW-CAL-OFFICIAL-R2:2_PER_CLASS-MR00,PhysioNetMI,SSL-CBRAMOD,A0-RAW-ACCEPT-ALL,P01-L1-LOW-CAL-OFFICIAL-R2:2_PER_CLASS,0,39,0,45,0.5,0.3382352941176471,0.5111111111111111,0.5474308300395256
P02-A0-PhysioNetMI-SSL-CBRAMOD-P01-L1-LOW-CAL-OFFICIAL-R2:2_PER_CLASS-MR00,PhysioNetMI,SSL-CBRAMOD,A0-RAW-ACCEPT-ALL,P01-L1-LOW-CAL-OFFICIAL-R2:2_PER_CLASS,0,40,0,45,0.5,0.3181818181818182,0.4666666666666667,0.5615079365079365
P02-A0-PhysioNetMI-SSL-CBRAMOD-P01-L1-LOW-CAL-OFFICIAL-R2:2_PER_CLASS-MR00,PhysioNetMI,SSL-CBRAMOD,A0-RAW-ACCEPT-ALL,P01-L1-LOW-CAL-OFFICIAL-R2:2_PER_CLASS,0,47,0,45,0.5,0.34782608695652173,0.5333333333333333,0.4007936507936508
P02-A0-PhysioNetMI-SSL-CBRAMOD-P01-L1-LOW-CAL-OFFICIAL-R2:2_PER_CLASS-MR00,PhysioNetMI,SSL-CBRAMOD,A0-RAW-ACCEPT-ALL,P01-L1-LOW-CAL-OFFICIAL-R2:2_PER_CLASS,0,48,0,45,0.607707509881423,0.55,0.6,0.5691699604743083
P02-A0-PhysioNetMI-SSL-CBRAMOD-P01-L1-LOW-CAL-OFFICIAL-R2:2_PER_CLASS-MR00,PhysioNetMI,SSL-CBRAMOD,A0-RAW-ACCEPT-ALL,P01-L1-LOW-CAL-OFFICIAL-R2:2_PER_CLASS,0,57,0,45,0.5,0.34782608695652173,0.5333333333333333,0.5158730158730158
P02-A0-PhysioNetMI-SSL-CBRAMOD-P01-L1-LOW-CAL-OFFICIAL-R2:2_PER_CLASS-MR00,PhysioNetMI,SSL-CBRAMOD,A0-RAW-ACCEPT-ALL,P01-L1-LOW-CAL-OFFICIAL-R2:2_PER_CLASS,0,71,0,45,0.5,0.3283582089552239,0.4888888888888889,0.43280632411067194
P02-A0-PhysioNetMI-SSL-CBRAMOD-P01-L1-LOW-CAL-OFFICIAL-R2:2_PER_CLASS-MR00,PhysioNetMI,SSL-CBRAMOD,A0-RAW-ACCEPT-ALL,P01-L1-LOW-CAL-OFFICIAL-R2:2_PER_CLASS,0,93,0,45,0.5,0.3382352941176471,0.5111111111111111,0.6837944664031621
P02-A0-PhysioNetMI-SSL-CBRAMOD-P01-L1-LOW-CAL-OFFICIAL-R2:2_PER_CLASS-MR00,PhysioNetMI,SSL-CBRAMOD,A0-RAW-ACCEPT-ALL,P01-L1-LOW-CAL-OFFICIAL-R2:2_PER_CLASS,0,98,0,45,0.4782608695652174,0.3283582089552239,0.4888888888888889,0.507905138339921
P02-A0-PhysioNetMI-SSL-CBRAMOD-P01-L1-LOW-CAL-OFFICIAL-R2:2_PER_CLASS-MR00,PhysioNetMI,SSL-CBRAMOD,A0-RAW-ACCEPT-ALL,P01-L1-LOW-CAL-OFFICIAL-R2:2_PER_CLASS,0,107,0,45,0.46130952380952384,0.3630769230769231,0.4888888888888889,0.6031746031746033
P02-A0-PhysioNetMI-SSL-CBRAMOD-P01-L1-LOW-CAL-OFFICIAL-R2:2_PER_CLASS-MR01,PhysioNetMI,SSL-CBRAMOD,A0-RAW-ACCEPT-ALL,P01-L1-LOW-CAL-OFFICIAL-R2:2_PER_CLASS,1,6,0,45,0.5029761904761905,0.3867618429591174,0.5333333333333333,0.6865079365079365
P02-A0-PhysioNetMI-SSL-CBRAMOD-P01-L1-LOW-CAL-OFFICIAL-R2:2_PER_CLASS-MR01,PhysioNetMI,SSL-CBRAMOD,A0-RAW-ACCEPT-ALL,P01-L1-LOW-CAL-OFFICIAL-R2:2_PER_CLASS,1,27,0,45,0.5503952569169961,0.5273109243697479,0.5555555555555556,0.5079051383399209
P02-A0-PhysioNetMI-SSL-CBRAMOD-P01-L1-LOW-CAL-OFFICIAL-R2:2_PER_CLASS-MR01,PhysioNetMI,SSL-CBRAMOD,A0-RAW-ACCEPT-ALL,P01-L1-LOW-CAL-OFFICIAL-R2:2_PER_CLASS,1,39,0,45,0.525691699604743,0.465799886941775,0.5333333333333333,0.5830039525691699
P02-A0-PhysioNetMI-SSL-CBRAMOD-P01-L1-LOW-CAL-OFFICIAL-R2:2_PER_CLASS-MR01,PhysioNetMI,SSL-CBRAMOD,A0-RAW-ACCEPT-ALL,P01-L1-LOW-CAL-OFFICIAL-R2:2_PER_CLASS,1,40,0,45,0.4880952380952381,0.41810344827586204,0.4666666666666667,0.5456349206349207
P02-A0-PhysioNetMI-SSL-CBRAMOD-P01-L1-LOW-CAL-OFFICIAL-R2:2_PER_CLASS-MR01,PhysioNetMI,SSL-CBRAMOD,A0-RAW-ACCEPT-ALL,P01-L1-LOW-CAL-OFFICIAL-R2:2_PER_CLASS,1,47,0,45,0.4196428571428571,0.3386243386243386,0.4444444444444444,0.373015873015873
P02-A0-PhysioNetMI-SSL-CBRAMOD-P01-L1-LOW-CAL-OFFICIAL-R2:2_PER_CLASS-MR01,PhysioNetMI,SSL-CBRAMOD,A0-RAW-ACCEPT-ALL,P01-L1-LOW-CAL-OFFICIAL-R2:2_PER_CLASS,1,48,0,45,0.5839920948616601,0.5454545454545454,0.5777777777777777,0.4387351778656126
P02-A0-PhysioNetMI-SSL-CBRAMOD-P01-L1-LOW-CAL-OFFICIAL-R2:2_PER_CLASS-MR01,PhysioNetMI,SSL-CBRAMOD,A0-RAW-ACCEPT-ALL,P01-L1-LOW-CAL-OFFICIAL-R2:2_PER_CLASS,1,57,0,45,0.4821428571428571,0.375,0.5111111111111111,0.42063492063492064
P02-A0-PhysioNetMI-SSL-CBRAMOD-P01-L1-LOW-CAL-OFFICIAL-R2:2_PER_CLASS-MR01,PhysioNetMI,SSL-CBRAMOD,A0-RAW-ACCEPT-ALL,P01-L1-LOW-CAL-OFFICIAL-R2:2_PER_CLASS,1,71,0,45,0.3616600790513834,0.3062200956937799,0.35555555555555557,0.3577075098814229
P02-A0-PhysioNetMI-SSL-CBRAMOD-P01-L1-LOW-CAL-OFFICIAL-R2:2_PER_CLASS-MR01,PhysioNetMI,SSL-CBRAMOD,A0-RAW-ACCEPT-ALL,P01-L1-LOW-CAL-OFFICIAL-R2:2_PER_CLASS,1,93,0,45,0.4782608695652174,0.3283582089552239,0.4888888888888889,0.5968379446640316
P02-A0-PhysioNetMI-SSL-CBRAMOD-P01-L1-LOW-CAL-OFFICIAL-R2:2_PER_CLASS-MR01,PhysioNetMI,SSL-CBRAMOD,A0-RAW-ACCEPT-ALL,P01-L1-LOW-CAL-OFFICIAL-R2:2_PER_CLASS,1,98,0,45,0.5474308300395256,0.48156682027649766,0.5555555555555556,0.5671936758893281
P02-A0-PhysioNetMI-SSL-CBRAMOD-P01-L1-LOW-CAL-OFFICIAL-R2:2_PER_CLASS-MR01,PhysioNetMI,SSL-CBRAMOD,A0-RAW-ACCEPT-ALL,P01-L1-LOW-CAL-OFFICIAL-R2:2_PER_CLASS,1,107,0,45,0.47023809523809523,0.434117003827228,0.4888888888888889,0.5595238095238095
P02-A0-PhysioNetMI-SSL-CBRAMOD-P01-L1-LOW-CAL-OFFICIAL-R2:2_PER_CLASS-MR02,PhysioNetMI,SSL-CBRAMOD,A0-RAW-ACCEPT-ALL,P01-L1-LOW-CAL-OFFICIAL-R2:2_PER_CLASS,2,6,0,45,0.5,0.34782608695652173,0.5333333333333333,0.6587301587301587
P02-A0-PhysioNetMI-SSL-CBRAMOD-P01-L1-LOW-CAL-OFFICIAL-R2:2_PER_CLASS-MR02,PhysioNetMI,SSL-CBRAMOD,A0-RAW-ACCEPT-ALL,P01-L1-LOW-CAL-OFFICIAL-R2:2_PER_CLASS,2,27,0,45,0.5523715415019763,0.5445344129554656,0.5555555555555556,0.5395256916996047
P02-A0-PhysioNetMI-SSL-CBRAMOD-P01-L1-LOW-CAL-OFFICIAL-R2:2_PER_CLASS-MR02,PhysioNetMI,SSL-CBRAMOD,A0-RAW-ACCEPT-ALL,P01-L1-LOW-CAL-OFFICIAL-R2:2_PER_CLASS,2,39,0,45,0.48122529644268774,0.41492368569813454,0.4888888888888889,0.4209486166007905
P02-A0-PhysioNetMI-SSL-CBRAMOD-P01-L1-LOW-CAL-OFFICIAL-R2:2_PER_CLASS-MR02,PhysioNetMI,SSL-CBRAMOD,A0-RAW-ACCEPT-ALL,P01-L1-LOW-CAL-OFFICIAL-R2:2_PER_CLASS,2,40,0,45,0.5148809523809523,0.41492368569813454,0.4888888888888889,0.5277777777777778
P02-A0-PhysioNetMI-SSL-CBRAMOD-P01-L1-LOW-CAL-OFFICIAL-R2:2_PER_CLASS-MR02,PhysioNetMI,SSL-CBRAMOD,A0-RAW-ACCEPT-ALL,P01-L1-LOW-CAL-OFFICIAL-R2:2_PER_CLASS,2,47,0,45,0.44047619047619047,0.35096153846153844,0.4666666666666667,0.3412698412698413
P02-A0-PhysioNetMI-SSL-CBRAMOD-P01-L1-LOW-CAL-OFFICIAL-R2:2_PER_CLASS-MR02,PhysioNetMI,SSL-CBRAMOD,A0-RAW-ACCEPT-ALL,P01-L1-LOW-CAL-OFFICIAL-R2:2_PER_CLASS,2,48,0,45,0.5158102766798419,0.4907407407407407,0.5111111111111111,0.5553359683794467
P02-A0-PhysioNetMI-SSL-CBRAMOD-P01-L1-LOW-CAL-OFFICIAL-R2:2_PER_CLASS-MR02,PhysioNetMI,SSL-CBRAMOD,A0-RAW-ACCEPT-ALL,P01-L1-LOW-CAL-OFFICIAL-R2:2_PER_CLASS,2,57,0,45,0.46130952380952384,0.3630769230769231,0.4888888888888889,0.48809523809523814
P02-A0-PhysioNetMI-SSL-CBRAMOD-P01-L1-LOW-CAL-OFFICIAL-R2:2_PER_CLASS-MR02,PhysioNetMI,SSL-CBRAMOD,A0-RAW-ACCEPT-ALL,P01-L1-LOW-CAL-OFFICIAL-R2:2_PER_CLASS,2,71,0,45,0.45256916996047436,0.3640474844544941,0.4444444444444444,0.4505928853754941
P02-A0-PhysioNetMI-SSL-CBRAMOD-P01-L1-LOW-CAL-OFFICIAL-R2:2_PER_CLASS-MR02,PhysioNetMI,SSL-CBRAMOD,A0-RAW-ACCEPT-ALL,P01-L1-LOW-CAL-OFFICIAL-R2:2_PER_CLASS,2,93,0,45,0.5,0.3382352941176471,0.5111111111111111,0.6363636363636364
P02-A0-PhysioNetMI-SSL-CBRAMOD-P01-L1-LOW-CAL-OFFICIAL-R2:2_PER_CLASS-MR02,PhysioNetMI,SSL-CBRAMOD,A0-RAW-ACCEPT-ALL,P01-L1-LOW-CAL-OFFICIAL-R2:2_PER_CLASS,2,98,0,45,0.6156126482213439,0.5817386550027337,0.6222222222222222,0.541501976284585
P02-A0-PhysioNetMI-SSL-CBRAMOD-P01-L1-LOW-CAL-OFFICIAL-R2:2_PER_CLASS-MR02,PhysioNetMI,SSL-CBRAMOD,A0-RAW-ACCEPT-ALL,P01-L1-LOW-CAL-OFFICIAL-R2:2_PER_CLASS,2,107,0,45,0.47023809523809523,0.434117003827228,0.4888888888888889,0.5416666666666667
P02-A0-PhysioNetMI-SSL-CBRAMOD-P01-L1-LOW-CAL-OFFICIAL-R2:2_PER_CLASS-MR03,PhysioNetMI,SSL-CBRAMOD,A0-RAW-ACCEPT-ALL,P01-L1-LOW-CAL-OFFICIAL-R2:2_PER_CLASS,3,6,0,45,0.4851190476190476,0.4050480769230769,0.5111111111111111,0.5317460317460316
P02-A0-PhysioNetMI-SSL-CBRAMOD-P01-L1-LOW-CAL-OFFICIAL-R2:2_PER_CLASS-MR03,PhysioNetMI,SSL-CBRAMOD,A0-RAW-ACCEPT-ALL,P01-L1-LOW-CAL-OFFICIAL-R2:2_PER_CLASS,3,27,0,45,0.4891304347826087,0.4888888888888889,0.4888888888888889,0.4624505928853755
P02-A0-PhysioNetMI-SSL-CBRAMOD-P01-L1-LOW-CAL-OFFICIAL-R2:2_PER_CLASS-MR03,PhysioNetMI,SSL-CBRAMOD,A0-RAW-ACCEPT-ALL,P01-L1-LOW-CAL-OFFICIAL-R2:2_PER_CLASS,3,39,0,45,0.46640316205533594,0.46640316205533594,0.4666666666666667,0.5434782608695652
P02-A0-PhysioNetMI-SSL-CBRAMOD-P01-L1-LOW-CAL-OFFICIAL-R2:2_PER_CLASS-MR03,PhysioNetMI,SSL-CBRAMOD,A0-RAW-ACCEPT-ALL,P01-L1-LOW-CAL-OFFICIAL-R2:2_PER_CLASS,3,40,0,45,0.49404761904761907,0.48787728847105394,0.4888888888888889,0.498015873015873
P02-A0-PhysioNetMI-SSL-CBRAMOD-P01-L1-LOW-CAL-OFFICIAL-R2:2_PER_CLASS-MR03,PhysioNetMI,SSL-CBRAMOD,A0-RAW-ACCEPT-ALL,P01-L1-LOW-CAL-OFFICIAL-R2:2_PER_CLASS,3,47,0,45,0.4017857142857143,0.35,0.4222222222222222,0.4226190476190476
P02-A0-PhysioNetMI-SSL-CBRAMOD-P01-L1-LOW-CAL-OFFICIAL-R2:2_PER_CLASS-MR03,PhysioNetMI,SSL-CBRAMOD,A0-RAW-ACCEPT-ALL,P01-L1-LOW-CAL-OFFICIAL-R2:2_PER_CLASS,3,48,0,45,0.4654150197628458,0.4642857142857143,0.4666666666666667,0.46640316205533594
P02-A0-PhysioNetMI-SSL-CBRAMOD-P01-L1-LOW-CAL-OFFICIAL-R2:2_PER_CLASS-MR03,PhysioNetMI,SSL-CBRAMOD,A0-RAW-ACCEPT-ALL,P01-L1-LOW-CAL-OFFICIAL-R2:2_PER_CLASS,3,57,0,45,0.48214285714285715,0.4796380090497738,0.4888888888888889,0.5079365079365079
P02-A0-PhysioNetMI-SSL-CBRAMOD-P01-L1-LOW-CAL-OFFICIAL-R2:2_PER_CLASS-MR03,PhysioNetMI,SSL-CBRAMOD,A0-RAW-ACCEPT-ALL,P01-L1-LOW-CAL-OFFICIAL-R2:2_PER_CLASS,3,71,0,45,0.5138339920948617,0.505,0.5111111111111111,0.4189723320158103
P02-A0-PhysioNetMI-SSL-CBRAMOD-P01-L1-LOW-CAL-OFFICIAL-R2:2_PER_CLASS-MR03,PhysioNetMI,SSL-CBRAMOD,A0-RAW-ACCEPT-ALL,P01-L1-LOW-CAL-OFFICIAL-R2:2_PER_CLASS,3,93,0,45,0.6195652173913043,0.6153846153846154,0.6222222222222222,0.6185770750988143
P02-A0-PhysioNetMI-SSL-CBRAMOD-P01-L1-LOW-CAL-OFFICIAL-R2:2_PER_CLASS-MR03,PhysioNetMI,SSL-CBRAMOD,A0-RAW-ACCEPT-ALL,P01-L1-LOW-CAL-OFFICIAL-R2:2_PER_CLASS,3,98,0,45,0.5523715415019763,0.5445344129554656,0.5555555555555556,0.49604743083003955
P02-A0-PhysioNetMI-SSL-CBRAMOD-P01-L1-LOW-CAL-OFFICIAL-R2:2_PER_CLASS-MR03,PhysioNetMI,SSL-CBRAMOD,A0-RAW-ACCEPT-ALL,P01-L1-LOW-CAL-OFFICIAL-R2:2_PER_CLASS,3,107,0,45,0.6160714285714286,0.6153846153846154,0.6222222222222222,0.6011904761904762
P02-A0-PhysioNetMI-SSL-CBRAMOD-P01-L1-LOW-CAL-OFFICIAL-R2:2_PER_CLASS-MR04,PhysioNetMI,SSL-CBRAMOD,A0-RAW-ACCEPT-ALL,P01-L1-LOW-CAL-OFFICIAL-R2:2_PER_CLASS,4,6,0,45,0.5744047619047619,0.5132211538461539,0.6,0.5416666666666666
P02-A0-PhysioNetMI-SSL-CBRAMOD-P01-L1-LOW-CAL-OFFICIAL-R2:2_PER_CLASS-MR04,PhysioNetMI,SSL-CBRAMOD,A0-RAW-ACCEPT-ALL,P01-L1-LOW-CAL-OFFICIAL-R2:2_PER_CLASS,4,27,0,45,0.4644268774703557,0.46,0.4666666666666667,0.5079051383399209
P02-A0-PhysioNetMI-SSL-CBRAMOD-P01-L1-LOW-CAL-OFFICIAL-R2:2_PER_CLASS-MR04,PhysioNetMI,SSL-CBRAMOD,A0-RAW-ACCEPT-ALL,P01-L1-LOW-CAL-OFFICIAL-R2:2_PER_CLASS,4,39,0,45,0.5108695652173914,0.5108695652173914,0.5111111111111111,0.46837944664031617
P02-A0-PhysioNetMI-SSL-CBRAMOD-P01-L1-LOW-CAL-OFFICIAL-R2:2_PER_CLASS-MR04,PhysioNetMI,SSL-CBRAMOD,A0-RAW-ACCEPT-ALL,P01-L1-LOW-CAL-OFFICIAL-R2:2_PER_CLASS,4,40,0,45,0.5863095238095238,0.5744151319064211,0.5777777777777777,0.632936507936508
P02-A0-PhysioNetMI-SSL-CBRAMOD-P01-L1-LOW-CAL-OFFICIAL-R2:2_PER_CLASS-MR04,PhysioNetMI,SSL-CBRAMOD,A0-RAW-ACCEPT-ALL,P01-L1-LOW-CAL-OFFICIAL-R2:2_PER_CLASS,4,47,0,45,0.39880952380952384,0.326036866359447,0.4222222222222222,0.376984126984127
P02-A0-PhysioNetMI-SSL-CBRAMOD-P01-L1-LOW-CAL-OFFICIAL-R2:2_PER_CLASS-MR04,PhysioNetMI,SSL-CBRAMOD,A0-RAW-ACCEPT-ALL,P01-L1-LOW-CAL-OFFICIAL-R2:2_PER_CLASS,4,48,0,45,0.5108695652173914,0.5108695652173914,0.5111111111111111,0.541501976284585
P02-A0-PhysioNetMI-SSL-CBRAMOD-P01-L1-LOW-CAL-OFFICIAL-R2:2_PER_CLASS-MR04,PhysioNetMI,SSL-CBRAMOD,A0-RAW-ACCEPT-ALL,P01-L1-LOW-CAL-OFFICIAL-R2:2_PER_CLASS,4,57,0,45,0.38988095238095233,0.38041815400305967,0.4,0.3353174603174603
P02-A0-PhysioNetMI-SSL-CBRAMOD-P01-L1-LOW-CAL-OFFICIAL-R2:2_PER_CLASS-MR04,PhysioNetMI,SSL-CBRAMOD,A0-RAW-ACCEPT-ALL,P01-L1-LOW-CAL-OFFICIAL-R2:2_PER_CLASS,4,71,0,45,0.40217391304347827,0.39522150323544053,0.4,0.40118577075098816
P02-A0-PhysioNetMI-SSL-CBRAMOD-P01-L1-LOW-CAL-OFFICIAL-R2:2_PER_CLASS-MR04,PhysioNetMI,SSL-CBRAMOD,A0-RAW-ACCEPT-ALL,P01-L1-LOW-CAL-OFFICIAL-R2:2_PER_CLASS,4,93,0,45,0.5701581027667983,0.5166760881854155,0.5777777777777777,0.624505928853755
P02-A0-PhysioNetMI-SSL-CBRAMOD-P01-L1-LOW-CAL-OFFICIAL-R2:2_PER_CLASS-MR04,PhysioNetMI,SSL-CBRAMOD,A0-RAW-ACCEPT-ALL,P01-L1-LOW-CAL-OFFICIAL-R2:2_PER_CLASS,4,98,0,45,0.5494071146245059,0.5150862068965517,0.5555555555555556,0.5553359683794467
P02-A0-PhysioNetMI-SSL-CBRAMOD-P01-L1-LOW-CAL-OFFICIAL-R2:2_PER_CLASS-MR04,PhysioNetMI,SSL-CBRAMOD,A0-RAW-ACCEPT-ALL,P01-L1-LOW-CAL-OFFICIAL-R2:2_PER_CLASS,4,107,0,45,0.5744047619047619,0.5744151319064211,0.5777777777777777,0.5634920634920635
P02-A0-PhysioNetMI-SSL-CBRAMOD-P01-L1-LOW-CAL-OFFICIAL-R2:4_PER_CLASS-MR00,PhysioNetMI,SSL-CBRAMOD,A0-RAW-ACCEPT-ALL,P01-L1-LOW-CAL-OFFICIAL-R2:4_PER_CLASS,0,6,0,45,0.5952380952380952,0.5292307692307693,0.6222222222222222,0.5476190476190476
P02-A0-PhysioNetMI-SSL-CBRAMOD-P01-L1-LOW-CAL-OFFICIAL-R2:4_PER_CLASS-MR00,PhysioNetMI,SSL-CBRAMOD,A0-RAW-ACCEPT-ALL,P01-L1-LOW-CAL-OFFICIAL-R2:4_PER_CLASS,0,27,0,45,0.4841897233201581,0.4623376623376623,0.4888888888888889,0.5197628458498024
P02-A0-PhysioNetMI-SSL-CBRAMOD-P01-L1-LOW-CAL-OFFICIAL-R2:4_PER_CLASS-MR00,PhysioNetMI,SSL-CBRAMOD,A0-RAW-ACCEPT-ALL,P01-L1-LOW-CAL-OFFICIAL-R2:4_PER_CLASS,0,39,0,45,0.4841897233201581,0.4623376623376623,0.4888888888888889,0.4268774703557312
P02-A0-PhysioNetMI-SSL-CBRAMOD-P01-L1-LOW-CAL-OFFICIAL-R2:4_PER_CLASS-MR00,PhysioNetMI,SSL-CBRAMOD,A0-RAW-ACCEPT-ALL,P01-L1-LOW-CAL-OFFICIAL-R2:4_PER_CLASS,0,40,0,45,0.47023809523809523,0.3640474844544941,0.4444444444444444,0.49404761904761907
P02-A0-PhysioNetMI-SSL-CBRAMOD-P01-L1-LOW-CAL-OFFICIAL-R2:4_PER_CLASS-MR00,PhysioNetMI,SSL-CBRAMOD,A0-RAW-ACCEPT-ALL,P01-L1-LOW-CAL-OFFICIAL-R2:4_PER_CLASS,0,47,0,45,0.4375,0.3181818181818182,0.4666666666666667,0.4345238095238095
P02-A0-PhysioNetMI-SSL-CBRAMOD-P01-L1-LOW-CAL-OFFICIAL-R2:4_PER_CLASS-MR00,PhysioNetMI,SSL-CBRAMOD,A0-RAW-ACCEPT-ALL,P01-L1-LOW-CAL-OFFICIAL-R2:4_PER_CLASS,0,48,0,45,0.44664031620553357,0.44001991040318567,0.4444444444444444,0.4545454545454546
P02-A0-PhysioNetMI-SSL-CBRAMOD-P01-L1-LOW-CAL-OFFICIAL-R2:4_PER_CLASS-MR00,PhysioNetMI,SSL-CBRAMOD,A0-RAW-ACCEPT-ALL,P01-L1-LOW-CAL-OFFICIAL-R2:4_PER_CLASS,0,57,0,45,0.5505952380952381,0.55,0.5555555555555556,0.5535714285714285
P02-A0-PhysioNetMI-SSL-CBRAMOD-P01-L1-LOW-CAL-OFFICIAL-R2:4_PER_CLASS-MR00,PhysioNetMI,SSL-CBRAMOD,A0-RAW-ACCEPT-ALL,P01-L1-LOW-CAL-OFFICIAL-R2:4_PER_CLASS,0,71,0,45,0.35968379446640314,0.33452320244773076,0.35555555555555557,0.3952569169960475
P02-A0-PhysioNetMI-SSL-CBRAMOD-P01-L1-LOW-CAL-OFFICIAL-R2:4_PER_CLASS-MR00,PhysioNetMI,SSL-CBRAMOD,A0-RAW-ACCEPT-ALL,P01-L1-LOW-CAL-OFFICIAL-R2:4_PER_CLASS,0,93,0,45,0.5,0.3382352941176471,0.5111111111111111,0.6007905138339921
P02-A0-PhysioNetMI-SSL-CBRAMOD-P01-L1-LOW-CAL-OFFICIAL-R2:4_PER_CLASS-MR00,PhysioNetMI,SSL-CBRAMOD,A0-RAW-ACCEPT-ALL,P01-L1-LOW-CAL-OFFICIAL-R2:4_PER_CLASS,0,98,0,45,0.5701581027667983,0.5166760881854155,0.5777777777777777,0.5790513833992095
P02-A0-PhysioNetMI-SSL-CBRAMOD-P01-L1-LOW-CAL-OFFICIAL-R2:4_PER_CLASS-MR00,PhysioNetMI,SSL-CBRAMOD,A0-RAW-ACCEPT-ALL,P01-L1-LOW-CAL-OFFICIAL-R2:4_PER_CLASS,0,107,0,45,0.49404761904761907,0.4665948275862069,0.5111111111111111,0.5396825396825397
P02-A0-PhysioNetMI-SSL-CBRAMOD-P01-L1-LOW-CAL-OFFICIAL-R2:4_PER_CLASS-MR01,PhysioNetMI,SSL-CBRAMOD,A0-RAW-ACCEPT-ALL,P01-L1-LOW-CAL-OFFICIAL-R2:4_PER_CLASS,1,6,0,45,0.5714285714285714,0.48863636363636365,0.6,0.5297619047619048
P02-A0-PhysioNetMI-SSL-CBRAMOD-P01-L1-LOW-CAL-OFFICIAL-R2:4_PER_CLASS-MR01,PhysioNetMI,SSL-CBRAMOD,A0-RAW-ACCEPT-ALL,P01-L1-LOW-CAL-OFFICIAL-R2:4_PER_CLASS,1,27,0,45,0.5069169960474308,0.4907407407407407,0.5111111111111111,0.5375494071146245
P02-A0-PhysioNetMI-SSL-CBRAMOD-P01-L1-LOW-CAL-OFFICIAL-R2:4_PER_CLASS-MR01,PhysioNetMI,SSL-CBRAMOD,A0-RAW-ACCEPT-ALL,P01-L1-LOW-CAL-OFFICIAL-R2:4_PER_CLASS,1,39,0,45,0.4624505928853755,0.4444444444444444,0.4666666666666667,0.49407114624505927
P02-A0-PhysioNetMI-SSL-CBRAMOD-P01-L1-LOW-CAL-OFFICIAL-R2:4_PER_CLASS-MR01,PhysioNetMI,SSL-CBRAMOD,A0-RAW-ACCEPT-ALL,P01-L1-LOW-CAL-OFFICIAL-R2:4_PER_CLASS,1,40,0,45,0.5119047619047619,0.434117003827228,0.4888888888888889,0.5238095238095238
P02-A0-PhysioNetMI-SSL-CBRAMOD-P01-L1-LOW-CAL-OFFICIAL-R2:4_PER_CLASS-MR01,PhysioNetMI,SSL-CBRAMOD,A0-RAW-ACCEPT-ALL,P01-L1-LOW-CAL-OFFICIAL-R2:4_PER_CLASS,1,47,0,45,0.39880952380952384,0.326036866359447,0.4222222222222222,0.3928571428571428
P02-A0-PhysioNetMI-SSL-CBRAMOD-P01-L1-LOW-CAL-OFFICIAL-R2:4_PER_CLASS-MR01,PhysioNetMI,SSL-CBRAMOD,A0-RAW-ACCEPT-ALL,P01-L1-LOW-CAL-OFFICIAL-R2:4_PER_CLASS,1,48,0,45,0.44762845849802374,0.4343891402714932,0.4444444444444444,0.450592885375494
P02-A0-PhysioNetMI-SSL-CBRAMOD-P01-L1-LOW-CAL-OFFICIAL-R2:4_PER_CLASS-MR01,PhysioNetMI,SSL-CBRAMOD,A0-RAW-ACCEPT-ALL,P01-L1-LOW-CAL-OFFICIAL-R2:4_PER_CLASS,1,57,0,45,0.5922619047619048,0.590080971659919,0.6,0.5436507936507937
P02-A0-PhysioNetMI-SSL-CBRAMOD-P01-L1-LOW-CAL-OFFICIAL-R2:4_PER_CLASS-MR01,PhysioNetMI,SSL-CBRAMOD,A0-RAW-ACCEPT-ALL,P01-L1-LOW-CAL-OFFICIAL-R2:4_PER_CLASS,1,71,0,45,0.4258893280632411,0.40789473684210525,0.4222222222222222,0.4169960474308301
P02-A0-PhysioNetMI-SSL-CBRAMOD-P01-L1-LOW-CAL-OFFICIAL-R2:4_PER_CLASS-MR01,PhysioNetMI,SSL-CBRAMOD,A0-RAW-ACCEPT-ALL,P01-L1-LOW-CAL-OFFICIAL-R2:4_PER_CLASS,1,93,0,45,0.5237154150197628,0.4184615384615385,0.5333333333333333,0.5909090909090908
P02-A0-PhysioNetMI-SSL-CBRAMOD-P01-L1-LOW-CAL-OFFICIAL-R2:4_PER_CLASS-MR01,PhysioNetMI,SSL-CBRAMOD,A0-RAW-ACCEPT-ALL,P01-L1-LOW-CAL-OFFICIAL-R2:4_PER_CLASS,1,98,0,45,0.5484189723320158,0.5,0.5555555555555556,0.6086956521739131
P02-A0-PhysioNetMI-SSL-CBRAMOD-P01-L1-LOW-CAL-OFFICIAL-R2:4_PER_CLASS-MR01,PhysioNetMI,SSL-CBRAMOD,A0-RAW-ACCEPT-ALL,P01-L1-LOW-CAL-OFFICIAL-R2:4_PER_CLASS,1,107,0,45,0.5714285714285714,0.5701357466063348,0.5777777777777777,0.5535714285714286
P02-A0-PhysioNetMI-SSL-CBRAMOD-P01-L1-LOW-CAL-OFFICIAL-R2:4_PER_CLASS-MR02,PhysioNetMI,SSL-CBRAMOD,A0-RAW-ACCEPT-ALL,P01-L1-LOW-CAL-OFFICIAL-R2:4_PER_CLASS,2,6,0,45,0.5476190476190476,0.5445344129554656,0.5555555555555556,0.5932539682539681
P02-A0-PhysioNetMI-SSL-CBRAMOD-P01-L1-LOW-CAL-OFFICIAL-R2:4_PER_CLASS-MR02,PhysioNetMI,SSL-CBRAMOD,A0-RAW-ACCEPT-ALL,P01-L1-LOW-CAL-OFFICIAL-R2:4_PER_CLASS,2,27,0,45,0.5296442687747036,0.5181030086690463,0.5333333333333333,0.4841897233201581
P02-A0-PhysioNetMI-SSL-CBRAMOD-P01-L1-LOW-CAL-OFFICIAL-R2:4_PER_CLASS-MR02,PhysioNetMI,SSL-CBRAMOD,A0-RAW-ACCEPT-ALL,P01-L1-LOW-CAL-OFFICIAL-R2:4_PER_CLASS,2,39,0,45,0.6017786561264822,0.5982142857142857,0.6,0.6086956521739131
P02-A0-PhysioNetMI-SSL-CBRAMOD-P01-L1-LOW-CAL-OFFICIAL-R2:4_PER_CLASS-MR02,PhysioNetMI,SSL-CBRAMOD,A0-RAW-ACCEPT-ALL,P01-L1-LOW-CAL-OFFICIAL-R2:4_PER_CLASS,2,40,0,45,0.5178571428571429,0.5089285714285714,0.5111111111111111,0.46031746031746035
P02-A0-PhysioNetMI-SSL-CBRAMOD-P01-L1-LOW-CAL-OFFICIAL-R2:4_PER_CLASS-MR02,PhysioNetMI,SSL-CBRAMOD,A0-RAW-ACCEPT-ALL,P01-L1-LOW-CAL-OFFICIAL-R2:4_PER_CLASS,2,47,0,45,0.3958333333333333,0.39522150323544053,0.4,0.4265873015873016
P02-A0-PhysioNetMI-SSL-CBRAMOD-P01-L1-LOW-CAL-OFFICIAL-R2:4_PER_CLASS-MR02,PhysioNetMI,SSL-CBRAMOD,A0-RAW-ACCEPT-ALL,P01-L1-LOW-CAL-OFFICIAL-R2:4_PER_CLASS,2,48,0,45,0.441699604743083,0.4343891402714932,0.4444444444444444,0.4387351778656126
P02-A0-PhysioNetMI-SSL-CBRAMOD-P01-L1-LOW-CAL-OFFICIAL-R2:4_PER_CLASS-MR02,PhysioNetMI,SSL-CBRAMOD,A0-RAW-ACCEPT-ALL,P01-L1-LOW-CAL-OFFICIAL-R2:4_PER_CLASS,2,57,0,45,0.5119047619047619,0.5108695652173914,0.5111111111111111,0.5257936507936508
P02-A0-PhysioNetMI-SSL-CBRAMOD-P01-L1-LOW-CAL-OFFICIAL-R2:4_PER_CLASS-MR02,PhysioNetMI,SSL-CBRAMOD,A0-RAW-ACCEPT-ALL,P01-L1-LOW-CAL-OFFICIAL-R2:4_PER_CLASS,2,71,0,45,0.491106719367589,0.48481831757093086,0.4888888888888889,0.5
P02-A0-PhysioNetMI-SSL-CBRAMOD-P01-L1-LOW-CAL-OFFICIAL-R2:4_PER_CLASS-MR02,PhysioNetMI,SSL-CBRAMOD,A0-RAW-ACCEPT-ALL,P01-L1-LOW-CAL-OFFICIAL-R2:4_PER_CLASS,2,93,0,45,0.48814229249011853,0.48787728847105394,0.4888888888888889,0.46640316205533594
P02-A0-PhysioNetMI-SSL-CBRAMOD-P01-L1-LOW-CAL-OFFICIAL-R2:4_PER_CLASS-MR02,PhysioNetMI,SSL-CBRAMOD,A0-RAW-ACCEPT-ALL,P01-L1-LOW-CAL-OFFICIAL-R2:4_PER_CLASS,2,98,0,45,0.4644268774703557,0.46,0.4666666666666667,0.41501976284584985
P02-A0-PhysioNetMI-SSL-CBRAMOD-P01-L1-LOW-CAL-OFFICIAL-R2:4_PER_CLASS-MR02,PhysioNetMI,SSL-CBRAMOD,A0-RAW-ACCEPT-ALL,P01-L1-LOW-CAL-OFFICIAL-R2:4_PER_CLASS,2,107,0,45,0.6458333333333333,0.6442687747035574,0.6444444444444445,0.7202380952380952
P02-A0-PhysioNetMI-SSL-CBRAMOD-P01-L1-LOW-CAL-OFFICIAL-R2:4_PER_CLASS-MR03,PhysioNetMI,SSL-CBRAMOD,A0-RAW-ACCEPT-ALL,P01-L1-LOW-CAL-OFFICIAL-R2:4_PER_CLASS,3,6,0,45,0.4494047619047619,0.44334487877288475,0.4444444444444444,0.4285714285714286
P02-A0-PhysioNetMI-SSL-CBRAMOD-P01-L1-LOW-CAL-OFFICIAL-R2:4_PER_CLASS-MR03,PhysioNetMI,SSL-CBRAMOD,A0-RAW-ACCEPT-ALL,P01-L1-LOW-CAL-OFFICIAL-R2:4_PER_CLASS,3,27,0,45,0.46837944664031617,0.4642857142857143,0.4666666666666667,0.4762845849802371
P02-A0-PhysioNetMI-SSL-CBRAMOD-P01-L1-LOW-CAL-OFFICIAL-R2:4_PER_CLASS-MR03,PhysioNetMI,SSL-CBRAMOD,A0-RAW-ACCEPT-ALL,P01-L1-LOW-CAL-OFFICIAL-R2:4_PER_CLASS,3,39,0,45,0.5375494071146245,0.5181030086690463,0.5333333333333333,0.5177865612648221
P02-A0-PhysioNetMI-SSL-CBRAMOD-P01-L1-LOW-CAL-OFFICIAL-R2:4_PER_CLASS-MR03,PhysioNetMI,SSL-CBRAMOD,A0-RAW-ACCEPT-ALL,P01-L1-LOW-CAL-OFFICIAL-R2:4_PER_CLASS,3,40,0,45,0.5148809523809523,0.5108695652173914,0.5111111111111111,0.49404761904761907
P02-A0-PhysioNetMI-SSL-CBRAMOD-P01-L1-LOW-CAL-OFFICIAL-R2:4_PER_CLASS-MR03,PhysioNetMI,SSL-CBRAMOD,A0-RAW-ACCEPT-ALL,P01-L1-LOW-CAL-OFFICIAL-R2:4_PER_CLASS,3,47,0,45,0.4910714285714286,0.4888888888888889,0.4888888888888889,0.503968253968254
P02-A0-PhysioNetMI-SSL-CBRAMOD-P01-L1-LOW-CAL-OFFICIAL-R2:4_PER_CLASS-MR03,PhysioNetMI,SSL-CBRAMOD,A0-RAW-ACCEPT-ALL,P01-L1-LOW-CAL-OFFICIAL-R2:4_PER_CLASS,3,48,0,45,0.5326086956521738,0.5324096981692232,0.5333333333333333,0.5059288537549407
P02-A0-PhysioNetMI-SSL-CBRAMOD-P01-L1-LOW-CAL-OFFICIAL-R2:4_PER_CLASS-MR03,PhysioNetMI,SSL-CBRAMOD,A0-RAW-ACCEPT-ALL,P01-L1-LOW-CAL-OFFICIAL-R2:4_PER_CLASS,3,57,0,45,0.31845238095238093,0.3056246888999502,0.3111111111111111,0.3611111111111111
P02-A0-PhysioNetMI-SSL-CBRAMOD-P01-L1-LOW-CAL-OFFICIAL-R2:4_PER_CLASS-MR03,PhysioNetMI,SSL-CBRAMOD,A0-RAW-ACCEPT-ALL,P01-L1-LOW-CAL-OFFICIAL-R2:4_PER_CLASS,3,71,0,45,0.4644268774703557,0.46,0.4666666666666667,0.44466403162055335
P02-A0-PhysioNetMI-SSL-CBRAMOD-P01-L1-LOW-CAL-OFFICIAL-R2:4_PER_CLASS-MR03,PhysioNetMI,SSL-CBRAMOD,A0-RAW-ACCEPT-ALL,P01-L1-LOW-CAL-OFFICIAL-R2:4_PER_CLASS,3,93,0,45,0.4486166007905138,0.4263131055583886,0.4444444444444444,0.4525691699604743
P02-A0-PhysioNetMI-SSL-CBRAMOD-P01-L1-LOW-CAL-OFFICIAL-R2:4_PER_CLASS-MR03,PhysioNetMI,SSL-CBRAMOD,A0-RAW-ACCEPT-ALL,P01-L1-LOW-CAL-OFFICIAL-R2:4_PER_CLASS,3,98,0,45,0.48814229249011853,0.48787728847105394,0.4888888888888889,0.48221343873517786
P02-A0-PhysioNetMI-SSL-CBRAMOD-P01-L1-LOW-CAL-OFFICIAL-R2:4_PER_CLASS-MR03,PhysioNetMI,SSL-CBRAMOD,A0-RAW-ACCEPT-ALL,P01-L1-LOW-CAL-OFFICIAL-R2:4_PER_CLASS,3,107,0,45,0.5684523809523809,0.5445344129554656,0.5555555555555556,0.6408730158730158
P02-A0-PhysioNetMI-SSL-CBRAMOD-P01-L1-LOW-CAL-OFFICIAL-R2:4_PER_CLASS-MR04,PhysioNetMI,SSL-CBRAMOD,A0-RAW-ACCEPT-ALL,P01-L1-LOW-CAL-OFFICIAL-R2:4_PER_CLASS,4,6,0,45,0.5505952380952381,0.47384615384615386,0.5777777777777777,0.5357142857142857
P02-A0-PhysioNetMI-SSL-CBRAMOD-P01-L1-LOW-CAL-OFFICIAL-R2:4_PER_CLASS-MR04,PhysioNetMI,SSL-CBRAMOD,A0-RAW-ACCEPT-ALL,P01-L1-LOW-CAL-OFFICIAL-R2:4_PER_CLASS,4,27,0,45,0.5049407114624506,0.4665948275862069,0.5111111111111111,0.4624505928853755
P02-A0-PhysioNetMI-SSL-CBRAMOD-P01-L1-LOW-CAL-OFFICIAL-R2:4_PER_CLASS-MR04,PhysioNetMI,SSL-CBRAMOD,A0-RAW-ACCEPT-ALL,P01-L1-LOW-CAL-OFFICIAL-R2:4_PER_CLASS,4,39,0,45,0.5276679841897234,0.49760765550239233,0.5333333333333333,0.46640316205533594
P02-A0-PhysioNetMI-SSL-CBRAMOD-P01-L1-LOW-CAL-OFFICIAL-R2:4_PER_CLASS-MR04,PhysioNetMI,SSL-CBRAMOD,A0-RAW-ACCEPT-ALL,P01-L1-LOW-CAL-OFFICIAL-R2:4_PER_CLASS,4,40,0,45,0.4732142857142857,0.3386243386243386,0.4444444444444444,0.4226190476190476
P02-A0-PhysioNetMI-SSL-CBRAMOD-P01-L1-LOW-CAL-OFFICIAL-R2:4_PER_CLASS-MR04,PhysioNetMI,SSL-CBRAMOD,A0-RAW-ACCEPT-ALL,P01-L1-LOW-CAL-OFFICIAL-R2:4_PER_CLASS,4,47,0,45,0.4166666666666667,0.3076923076923077,0.4444444444444444,0.4265873015873016
P02-A0-PhysioNetMI-SSL-CBRAMOD-P01-L1-LOW-CAL-OFFICIAL-R2:4_PER_CLASS-MR04,PhysioNetMI,SSL-CBRAMOD,A0-RAW-ACCEPT-ALL,P01-L1-LOW-CAL-OFFICIAL-R2:4_PER_CLASS,4,48,0,45,0.4031620553359684,0.3891402714932127,0.4,0.35177865612648224
P02-A0-PhysioNetMI-SSL-CBRAMOD-P01-L1-LOW-CAL-OFFICIAL-R2:4_PER_CLASS-MR04,PhysioNetMI,SSL-CBRAMOD,A0-RAW-ACCEPT-ALL,P01-L1-LOW-CAL-OFFICIAL-R2:4_PER_CLASS,4,57,0,45,0.49404761904761907,0.4665948275862069,0.5111111111111111,0.47023809523809523
P02-A0-PhysioNetMI-SSL-CBRAMOD-P01-L1-LOW-CAL-OFFICIAL-R2:4_PER_CLASS-MR04,PhysioNetMI,SSL-CBRAMOD,A0-RAW-ACCEPT-ALL,P01-L1-LOW-CAL-OFFICIAL-R2:4_PER_CLASS,4,71,0,45,0.3626482213438735,0.2864953526517222,0.35555555555555557,0.3675889328063241
P02-A0-PhysioNetMI-SSL-CBRAMOD-P01-L1-LOW-CAL-OFFICIAL-R2:4_PER_CLASS-MR04,PhysioNetMI,SSL-CBRAMOD,A0-RAW-ACCEPT-ALL,P01-L1-LOW-CAL-OFFICIAL-R2:4_PER_CLASS,4,93,0,45,0.5454545454545454,0.4318181818181818,0.5555555555555556,0.6620553359683795
P02-A0-PhysioNetMI-SSL-CBRAMOD-P01-L1-LOW-CAL-OFFICIAL-R2:4_PER_CLASS-MR04,PhysioNetMI,SSL-CBRAMOD,A0-RAW-ACCEPT-ALL,P01-L1-LOW-CAL-OFFICIAL-R2:4_PER_CLASS,4,98,0,45,0.48023715415019763,0.3915343915343915,0.4888888888888889,0.492094861660079
P02-A0-PhysioNetMI-SSL-CBRAMOD-P01-L1-LOW-CAL-OFFICIAL-R2:4_PER_CLASS-MR04,PhysioNetMI,SSL-CBRAMOD,A0-RAW-ACCEPT-ALL,P01-L1-LOW-CAL-OFFICIAL-R2:4_PER_CLASS,4,107,0,45,0.5059523809523809,0.4184615384615385,0.5333333333333333,0.5634920634920635
P02-A0-PhysioNetMI-SSL-CBRAMOD-P01-L1-LOW-CAL-OFFICIAL-R2:8_PER_CLASS-MR00,PhysioNetMI,SSL-CBRAMOD,A0-RAW-ACCEPT-ALL,P01-L1-LOW-CAL-OFFICIAL-R2:8_PER_CLASS,0,6,0,45,0.5476190476190476,0.5181030086690463,0.5333333333333333,0.5833333333333334
P02-A0-PhysioNetMI-SSL-CBRAMOD-P01-L1-LOW-CAL-OFFICIAL-R2:8_PER_CLASS-MR00,PhysioNetMI,SSL-CBRAMOD,A0-RAW-ACCEPT-ALL,P01-L1-LOW-CAL-OFFICIAL-R2:8_PER_CLASS,0,27,0,45,0.5128458498023716,0.5089285714285714,0.5111111111111111,0.48616600790513836
P02-A0-PhysioNetMI-SSL-CBRAMOD-P01-L1-LOW-CAL-OFFICIAL-R2:8_PER_CLASS-MR00,PhysioNetMI,SSL-CBRAMOD,A0-RAW-ACCEPT-ALL,P01-L1-LOW-CAL-OFFICIAL-R2:8_PER_CLASS,0,39,0,45,0.47430830039525695,0.4,0.4666666666666667,0.3932806324110672
P02-A0-PhysioNetMI-SSL-CBRAMOD-P01-L1-LOW-CAL-OFFICIAL-R2:8_PER_CLASS-MR00,PhysioNetMI,SSL-CBRAMOD,A0-RAW-ACCEPT-ALL,P01-L1-LOW-CAL-OFFICIAL-R2:8_PER_CLASS,0,40,0,45,0.5982142857142857,0.5982142857142857,0.6,0.5357142857142857
P02-A0-PhysioNetMI-SSL-CBRAMOD-P01-L1-LOW-CAL-OFFICIAL-R2:8_PER_CLASS-MR00,PhysioNetMI,SSL-CBRAMOD,A0-RAW-ACCEPT-ALL,P01-L1-LOW-CAL-OFFICIAL-R2:8_PER_CLASS,0,47,0,45,0.46130952380952384,0.3630769230769231,0.4888888888888889,0.4027777777777778
P02-A0-PhysioNetMI-SSL-CBRAMOD-P01-L1-LOW-CAL-OFFICIAL-R2:8_PER_CLASS-MR00,PhysioNetMI,SSL-CBRAMOD,A0-RAW-ACCEPT-ALL,P01-L1-LOW-CAL-OFFICIAL-R2:8_PER_CLASS,0,48,0,45,0.46047430830039526,0.41810344827586204,0.4666666666666667,0.450592885375494
P02-A0-PhysioNetMI-SSL-CBRAMOD-P01-L1-LOW-CAL-OFFICIAL-R2:8_PER_CLASS-MR00,PhysioNetMI,SSL-CBRAMOD,A0-RAW-ACCEPT-ALL,P01-L1-LOW-CAL-OFFICIAL-R2:8_PER_CLASS,0,57,0,45,0.4851190476190476,0.4327731092436975,0.4666666666666667,0.4543650793650794
P02-A0-PhysioNetMI-SSL-CBRAMOD-P01-L1-LOW-CAL-OFFICIAL-R2:8_PER_CLASS-MR00,PhysioNetMI,SSL-CBRAMOD,A0-RAW-ACCEPT-ALL,P01-L1-LOW-CAL-OFFICIAL-R2:8_PER_CLASS,0,71,0,45,0.3932806324110672,0.33570256971022416,0.4,0.2865612648221344
P02-A0-PhysioNetMI-SSL-CBRAMOD-P01-L1-LOW-CAL-OFFICIAL-R2:8_PER_CLASS-MR00,PhysioNetMI,SSL-CBRAMOD,A0-RAW-ACCEPT-ALL,P01-L1-LOW-CAL-OFFICIAL-R2:8_PER_CLASS,0,93,0,45,0.5968379446640316,0.590080971659919,0.6,0.6719367588932806
P02-A0-PhysioNetMI-SSL-CBRAMOD-P01-L1-LOW-CAL-OFFICIAL-R2:8_PER_CLASS-MR00,PhysioNetMI,SSL-CBRAMOD,A0-RAW-ACCEPT-ALL,P01-L1-LOW-CAL-OFFICIAL-R2:8_PER_CLASS,0,98,0,45,0.4624505928853755,0.4444444444444444,0.4666666666666667,0.4288537549407115
P02-A0-PhysioNetMI-SSL-CBRAMOD-P01-L1-LOW-CAL-OFFICIAL-R2:8_PER_CLASS-MR00,PhysioNetMI,SSL-CBRAMOD,A0-RAW-ACCEPT-ALL,P01-L1-LOW-CAL-OFFICIAL-R2:8_PER_CLASS,0,107,0,45,0.5208333333333333,0.505,0.5111111111111111,0.6111111111111112
P02-A0-PhysioNetMI-SSL-CBRAMOD-P01-L1-LOW-CAL-OFFICIAL-R2:8_PER_CLASS-MR01,PhysioNetMI,SSL-CBRAMOD,A0-RAW-ACCEPT-ALL,P01-L1-LOW-CAL-OFFICIAL-R2:8_PER_CLASS,1,6,0,45,0.47023809523809523,0.46640316205533594,0.4666666666666667,0.4742063492063492
P02-A0-PhysioNetMI-SSL-CBRAMOD-P01-L1-LOW-CAL-OFFICIAL-R2:8_PER_CLASS-MR01,PhysioNetMI,SSL-CBRAMOD,A0-RAW-ACCEPT-ALL,P01-L1-LOW-CAL-OFFICIAL-R2:8_PER_CLASS,1,27,0,45,0.6235177865612648,0.6214745175655616,0.6222222222222222,0.5553359683794467
P02-A0-PhysioNetMI-SSL-CBRAMOD-P01-L1-LOW-CAL-OFFICIAL-R2:8_PER_CLASS-MR01,PhysioNetMI,SSL-CBRAMOD,A0-RAW-ACCEPT-ALL,P01-L1-LOW-CAL-OFFICIAL-R2:8_PER_CLASS,1,39,0,45,0.491106719367589,0.48481831757093086,0.4888888888888889,0.4644268774703557
P02-A0-PhysioNetMI-SSL-CBRAMOD-P01-L1-LOW-CAL-OFFICIAL-R2:8_PER_CLASS-MR01,PhysioNetMI,SSL-CBRAMOD,A0-RAW-ACCEPT-ALL,P01-L1-LOW-CAL-OFFICIAL-R2:8_PER_CLASS,1,40,0,45,0.40476190476190477,0.39881246907471546,0.4,0.3253968253968254
P02-A0-PhysioNetMI-SSL-CBRAMOD-P01-L1-LOW-CAL-OFFICIAL-R2:8_PER_CLASS-MR01,PhysioNetMI,SSL-CBRAMOD,A0-RAW-ACCEPT-ALL,P01-L1-LOW-CAL-OFFICIAL-R2:8_PER_CLASS,1,47,0,45,0.5446428571428572,0.5248868778280543,0.5333333333333333,0.4384920634920635
P02-A0-PhysioNetMI-SSL-CBRAMOD-P01-L1-LOW-CAL-OFFICIAL-R2:8_PER_CLASS-MR01,PhysioNetMI,SSL-CBRAMOD,A0-RAW-ACCEPT-ALL,P01-L1-LOW-CAL-OFFICIAL-R2:8_PER_CLASS,1,48,0,45,0.5543478260869565,0.5535714285714286,0.5555555555555556,0.5711462450592886
P02-A0-PhysioNetMI-SSL-CBRAMOD-P01-L1-LOW-CAL-OFFICIAL-R2:8_PER_CLASS-MR01,PhysioNetMI,SSL-CBRAMOD,A0-RAW-ACCEPT-ALL,P01-L1-LOW-CAL-OFFICIAL-R2:8_PER_CLASS,1,57,0,45,0.5059523809523809,0.505,0.5111111111111111,0.5158730158730158
P02-A0-PhysioNetMI-SSL-CBRAMOD-P01-L1-LOW-CAL-OFFICIAL-R2:8_PER_CLASS-MR01,PhysioNetMI,SSL-CBRAMOD,A0-RAW-ACCEPT-ALL,P01-L1-LOW-CAL-OFFICIAL-R2:8_PER_CLASS,1,71,0,45,0.441699604743083,0.4343891402714932,0.4444444444444444,0.41304347826086957
P02-A0-PhysioNetMI-SSL-CBRAMOD-P01-L1-LOW-CAL-OFFICIAL-R2:8_PER_CLASS-MR01,PhysioNetMI,SSL-CBRAMOD,A0-RAW-ACCEPT-ALL,P01-L1-LOW-CAL-OFFICIAL-R2:8_PER_CLASS,1,93,0,45,0.5573122529644269,0.5535714285714286,0.5555555555555556,0.6126482213438735
P02-A0-PhysioNetMI-SSL-CBRAMOD-P01-L1-LOW-CAL-OFFICIAL-R2:8_PER_CLASS-MR01,PhysioNetMI,SSL-CBRAMOD,A0-RAW-ACCEPT-ALL,P01-L1-LOW-CAL-OFFICIAL-R2:8_PER_CLASS,1,98,0,45,0.4891304347826087,0.4888888888888889,0.4888888888888889,0.42885375494071143
P02-A0-PhysioNetMI-SSL-CBRAMOD-P01-L1-LOW-CAL-OFFICIAL-R2:8_PER_CLASS-MR01,PhysioNetMI,SSL-CBRAMOD,A0-RAW-ACCEPT-ALL,P01-L1-LOW-CAL-OFFICIAL-R2:8_PER_CLASS,1,107,0,45,0.5357142857142857,0.5333333333333333,0.5333333333333333,0.5357142857142857
P02-A0-PhysioNetMI-SSL-CBRAMOD-P01-L1-LOW-CAL-OFFICIAL-R2:8_PER_CLASS-MR02,PhysioNetMI,SSL-CBRAMOD,A0-RAW-ACCEPT-ALL,P01-L1-LOW-CAL-OFFICIAL-R2:8_PER_CLASS,2,6,0,45,0.5029761904761905,0.4722080571137175,0.4888888888888889,0.5476190476190476
P02-A0-PhysioNetMI-SSL-CBRAMOD-P01-L1-LOW-CAL-OFFICIAL-R2:8_PER_CLASS-MR02,PhysioNetMI,SSL-CBRAMOD,A0-RAW-ACCEPT-ALL,P01-L1-LOW-CAL-OFFICIAL-R2:8_PER_CLASS,2,27,0,45,0.5365612648221344,0.5248868778280543,0.5333333333333333,0.46047430830039526
P02-A0-PhysioNetMI-SSL-CBRAMOD-P01-L1-LOW-CAL-OFFICIAL-R2:8_PER_CLASS-MR02,PhysioNetMI,SSL-CBRAMOD,A0-RAW-ACCEPT-ALL,P01-L1-LOW-CAL-OFFICIAL-R2:8_PER_CLASS,2,39,0,45,0.4733201581027668,0.41810344827586204,0.4666666666666667,0.4940711462450593
P02-A0-PhysioNetMI-SSL-CBRAMOD-P01-L1-LOW-CAL-OFFICIAL-R2:8_PER_CLASS-MR02,PhysioNetMI,SSL-CBRAMOD,A0-RAW-ACCEPT-ALL,P01-L1-LOW-CAL-OFFICIAL-R2:8_PER_CLASS,2,40,0,45,0.6041666666666666,0.599802371541502,0.6,0.5277777777777778
P02-A0-PhysioNetMI-SSL-CBRAMOD-P01-L1-LOW-CAL-OFFICIAL-R2:8_PER_CLASS-MR02,PhysioNetMI,SSL-CBRAMOD,A0-RAW-ACCEPT-ALL,P01-L1-LOW-CAL-OFFICIAL-R2:8_PER_CLASS,2,47,0,45,0.3958333333333333,0.296875,0.4222222222222222,0.4087301587301587
P02-A0-PhysioNetMI-SSL-CBRAMOD-P01-L1-LOW-CAL-OFFICIAL-R2:8_PER_CLASS-MR02,PhysioNetMI,SSL-CBRAMOD,A0-RAW-ACCEPT-ALL,P01-L1-LOW-CAL-OFFICIAL-R2:8_PER_CLASS,2,48,0,45,0.43873517786561267,0.4019138755980861,0.4444444444444444,0.45059288537549413
P02-A0-PhysioNetMI-SSL-CBRAMOD-P01-L1-LOW-CAL-OFFICIAL-R2:8_PER_CLASS-MR02,PhysioNetMI,SSL-CBRAMOD,A0-RAW-ACCEPT-ALL,P01-L1-LOW-CAL-OFFICIAL-R2:8_PER_CLASS,2,57,0,45,0.5059523809523809,0.4623376623376623,0.4888888888888889,0.503968253968254
P02-A0-PhysioNetMI-SSL-CBRAMOD-P01-L1-LOW-CAL-OFFICIAL-R2:8_PER_CLASS-MR02,PhysioNetMI,SSL-CBRAMOD,A0-RAW-ACCEPT-ALL,P01-L1-LOW-CAL-OFFICIAL-R2:8_PER_CLASS,2,71,0,45,0.3942687747035573,0.354066985645933,0.4,0.2924901185770751
P02-A0-PhysioNetMI-SSL-CBRAMOD-P01-L1-LOW-CAL-OFFICIAL-R2:8_PER_CLASS-MR02,PhysioNetMI,SSL-CBRAMOD,A0-RAW-ACCEPT-ALL,P01-L1-LOW-CAL-OFFICIAL-R2:8_PER_CLASS,2,93,0,45,0.616600790513834,0.5933014354066986,0.6222222222222222,0.717391304347826
P02-A0-PhysioNetMI-SSL-CBRAMOD-P01-L1-LOW-CAL-OFFICIAL-R2:8_PER_CLASS-MR02,PhysioNetMI,SSL-CBRAMOD,A0-RAW-ACCEPT-ALL,P01-L1-LOW-CAL-OFFICIAL-R2:8_PER_CLASS,2,98,0,45,0.4624505928853755,0.4444444444444444,0.4666666666666667,0.44466403162055335
P02-A0-PhysioNetMI-SSL-CBRAMOD-P01-L1-LOW-CAL-OFFICIAL-R2:8_PER_CLASS-MR02,PhysioNetMI,SSL-CBRAMOD,A0-RAW-ACCEPT-ALL,P01-L1-LOW-CAL-OFFICIAL-R2:8_PER_CLASS,2,107,0,45,0.6071428571428572,0.5982142857142857,0.6,0.6587301587301587
P02-A0-PhysioNetMI-SSL-CBRAMOD-P01-L1-LOW-CAL-OFFICIAL-R2:8_PER_CLASS-MR03,PhysioNetMI,SSL-CBRAMOD,A0-RAW-ACCEPT-ALL,P01-L1-LOW-CAL-OFFICIAL-R2:8_PER_CLASS,3,6,0,45,0.5297619047619048,0.48004201680672265,0.5111111111111111,0.5813492063492064
P02-A0-PhysioNetMI-SSL-CBRAMOD-P01-L1-LOW-CAL-OFFICIAL-R2:8_PER_CLASS-MR03,PhysioNetMI,SSL-CBRAMOD,A0-RAW-ACCEPT-ALL,P01-L1-LOW-CAL-OFFICIAL-R2:8_PER_CLASS,3,27,0,45,0.5187747035573123,0.44999999999999996,0.5111111111111111,0.46837944664031617
P02-A0-PhysioNetMI-SSL-CBRAMOD-P01-L1-LOW-CAL-OFFICIAL-R2:8_PER_CLASS-MR03,PhysioNetMI,SSL-CBRAMOD,A0-RAW-ACCEPT-ALL,P01-L1-LOW-CAL-OFFICIAL-R2:8_PER_CLASS,3,39,0,45,0.4762845849802371,0.35096153846153844,0.4666666666666667,0.391304347826087
P02-A0-PhysioNetMI-SSL-CBRAMOD-P01-L1-LOW-CAL-OFFICIAL-R2:8_PER_CLASS-MR03,PhysioNetMI,SSL-CBRAMOD,A0-RAW-ACCEPT-ALL,P01-L1-LOW-CAL-OFFICIAL-R2:8_PER_CLASS,3,40,0,45,0.5386904761904762,0.5150862068965517,0.5555555555555556,0.501984126984127
P02-A0-PhysioNetMI-SSL-CBRAMOD-P01-L1-LOW-CAL-OFFICIAL-R2:8_PER_CLASS-MR03,PhysioNetMI,SSL-CBRAMOD,A0-RAW-ACCEPT-ALL,P01-L1-LOW-CAL-OFFICIAL-R2:8_PER_CLASS,3,47,0,45,0.4196428571428571,0.3386243386243386,0.4444444444444444,0.38690476190476186
P02-A0-PhysioNetMI-SSL-CBRAMOD-P01-L1-LOW-CAL-OFFICIAL-R2:8_PER_CLASS-MR03,PhysioNetMI,SSL-CBRAMOD,A0-RAW-ACCEPT-ALL,P01-L1-LOW-CAL-OFFICIAL-R2:8_PER_CLASS,3,48,0,45,0.5009881422924901,0.375,0.5111111111111111,0.4723320158102767
P02-A0-PhysioNetMI-SSL-CBRAMOD-P01-L1-LOW-CAL-OFFICIAL-R2:8_PER_CLASS-MR03,PhysioNetMI,SSL-CBRAMOD,A0-RAW-ACCEPT-ALL,P01-L1-LOW-CAL-OFFICIAL-R2:8_PER_CLASS,3,57,0,45,0.5178571428571428,0.3915343915343915,0.4888888888888889,0.5535714285714285
P02-A0-PhysioNetMI-SSL-CBRAMOD-P01-L1-LOW-CAL-OFFICIAL-R2:8_PER_CLASS-MR03,PhysioNetMI,SSL-CBRAMOD,A0-RAW-ACCEPT-ALL,P01-L1-LOW-CAL-OFFICIAL-R2:8_PER_CLASS,3,71,0,45,0.45849802371541504,0.37788018433179726,0.4666666666666667,0.3320158102766798
P02-A0-PhysioNetMI-SSL-CBRAMOD-P01-L1-LOW-CAL-OFFICIAL-R2:8_PER_CLASS-MR03,PhysioNetMI,SSL-CBRAMOD,A0-RAW-ACCEPT-ALL,P01-L1-LOW-CAL-OFFICIAL-R2:8_PER_CLASS,3,93,0,45,0.6877470355731226,0.6875,0.6888888888888889,0.7351778656126483
P02-A0-PhysioNetMI-SSL-CBRAMOD-P01-L1-LOW-CAL-OFFICIAL-R2:8_PER_CLASS-MR03,PhysioNetMI,SSL-CBRAMOD,A0-RAW-ACCEPT-ALL,P01-L1-LOW-CAL-OFFICIAL-R2:8_PER_CLASS,3,98,0,45,0.4426877470355731,0.44001991040318567,0.4444444444444444,0.44268774703557306
P02-A0-PhysioNetMI-SSL-CBRAMOD-P01-L1-LOW-CAL-OFFICIAL-R2:8_PER_CLASS-MR03,PhysioNetMI,SSL-CBRAMOD,A0-RAW-ACCEPT-ALL,P01-L1-LOW-CAL-OFFICIAL-R2:8_PER_CLASS,3,107,0,45,0.44345238095238093,0.36961206896551724,0.4222222222222222,0.6111111111111112
P02-A0-PhysioNetMI-SSL-CBRAMOD-P01-L1-LOW-CAL-OFFICIAL-R2:8_PER_CLASS-MR04,PhysioNetMI,SSL-CBRAMOD,A0-RAW-ACCEPT-ALL,P01-L1-LOW-CAL-OFFICIAL-R2:8_PER_CLASS,4,6,0,45,0.5892857142857143,0.5833333333333333,0.6,0.5853174603174603
P02-A0-PhysioNetMI-SSL-CBRAMOD-P01-L1-LOW-CAL-OFFICIAL-R2:8_PER_CLASS-MR04,PhysioNetMI,SSL-CBRAMOD,A0-RAW-ACCEPT-ALL,P01-L1-LOW-CAL-OFFICIAL-R2:8_PER_CLASS,4,27,0,45,0.4871541501976284,0.48481831757093086,0.4888888888888889,0.43083003952569177
P02-A0-PhysioNetMI-SSL-CBRAMOD-P01-L1-LOW-CAL-OFFICIAL-R2:8_PER_CLASS-MR04,PhysioNetMI,SSL-CBRAMOD,A0-RAW-ACCEPT-ALL,P01-L1-LOW-CAL-OFFICIAL-R2:8_PER_CLASS,4,39,0,45,0.44565217391304346,0.44334487877288475,0.4444444444444444,0.450592885375494
P02-A0-PhysioNetMI-SSL-CBRAMOD-P01-L1-LOW-CAL-OFFICIAL-R2:8_PER_CLASS-MR04,PhysioNetMI,SSL-CBRAMOD,A0-RAW-ACCEPT-ALL,P01-L1-LOW-CAL-OFFICIAL-R2:8_PER_CLASS,4,40,0,45,0.46428571428571425,0.4019138755980861,0.4444444444444444,0.48015873015873023
P02-A0-PhysioNetMI-SSL-CBRAMOD-P01-L1-LOW-CAL-OFFICIAL-R2:8_PER_CLASS-MR04,PhysioNetMI,SSL-CBRAMOD,A0-RAW-ACCEPT-ALL,P01-L1-LOW-CAL-OFFICIAL-R2:8_PER_CLASS,4,47,0,45,0.5029761904761905,0.3867618429591174,0.5333333333333333,0.39880952380952384
P02-A0-PhysioNetMI-SSL-CBRAMOD-P01-L1-LOW-CAL-OFFICIAL-R2:8_PER_CLASS-MR04,PhysioNetMI,SSL-CBRAMOD,A0-RAW-ACCEPT-ALL,P01-L1-LOW-CAL-OFFICIAL-R2:8_PER_CLASS,4,48,0,45,0.46640316205533594,0.46640316205533594,0.4666666666666667,0.40118577075098816
P02-A0-PhysioNetMI-SSL-CBRAMOD-P01-L1-LOW-CAL-OFFICIAL-R2:8_PER_CLASS-MR04,PhysioNetMI,SSL-CBRAMOD,A0-RAW-ACCEPT-ALL,P01-L1-LOW-CAL-OFFICIAL-R2:8_PER_CLASS,4,57,0,45,0.5595238095238095,0.5553359683794465,0.5555555555555556,0.5575396825396826
P02-A0-PhysioNetMI-SSL-CBRAMOD-P01-L1-LOW-CAL-OFFICIAL-R2:8_PER_CLASS-MR04,PhysioNetMI,SSL-CBRAMOD,A0-RAW-ACCEPT-ALL,P01-L1-LOW-CAL-OFFICIAL-R2:8_PER_CLASS,4,71,0,45,0.3577075098814229,0.3504230960676954,0.35555555555555557,0.3221343873517787
P02-A0-PhysioNetMI-SSL-CBRAMOD-P01-L1-LOW-CAL-OFFICIAL-R2:8_PER_CLASS-MR04,PhysioNetMI,SSL-CBRAMOD,A0-RAW-ACCEPT-ALL,P01-L1-LOW-CAL-OFFICIAL-R2:8_PER_CLASS,4,93,0,45,0.591897233201581,0.533410138248848,0.6,0.6699604743083004
P02-A0-PhysioNetMI-SSL-CBRAMOD-P01-L1-LOW-CAL-OFFICIAL-R2:8_PER_CLASS-MR04,PhysioNetMI,SSL-CBRAMOD,A0-RAW-ACCEPT-ALL,P01-L1-LOW-CAL-OFFICIAL-R2:8_PER_CLASS,4,98,0,45,0.48320158102766797,0.44976076555023925,0.4888888888888889,0.42885375494071143
P02-A0-PhysioNetMI-SSL-CBRAMOD-P01-L1-LOW-CAL-OFFICIAL-R2:8_PER_CLASS-MR04,PhysioNetMI,SSL-CBRAMOD,A0-RAW-ACCEPT-ALL,P01-L1-LOW-CAL-OFFICIAL-R2:8_PER_CLASS,4,107,0,45,0.6011904761904763,0.599802371541502,0.6,0.611111111111111
P02-A0-PhysioNetMI-SSL-CBRAMOD-P01-L1-LOW-CAL-OFFICIAL-R2:16_PER_CLASS-MR00,PhysioNetMI,SSL-CBRAMOD,A0-RAW-ACCEPT-ALL,P01-L1-LOW-CAL-OFFICIAL-R2:16_PER_CLASS,0,6,0,45,0.6041666666666666,0.5817386550027337,0.6222222222222222,0.5595238095238095
P02-A0-PhysioNetMI-SSL-CBRAMOD-P01-L1-LOW-CAL-OFFICIAL-R2:16_PER_CLASS-MR00,PhysioNetMI,SSL-CBRAMOD,A0-RAW-ACCEPT-ALL,P01-L1-LOW-CAL-OFFICIAL-R2:16_PER_CLASS,0,27,0,45,0.5543478260869565,0.5535714285714286,0.5555555555555556,0.4841897233201581
P02-A0-PhysioNetMI-SSL-CBRAMOD-P01-L1-LOW-CAL-OFFICIAL-R2:16_PER_CLASS-MR00,PhysioNetMI,SSL-CBRAMOD,A0-RAW-ACCEPT-ALL,P01-L1-LOW-CAL-OFFICIAL-R2:16_PER_CLASS,0,39,0,45,0.5503952569169961,0.5273109243697479,0.5555555555555556,0.4644268774703557
P02-A0-PhysioNetMI-SSL-CBRAMOD-P01-L1-LOW-CAL-OFFICIAL-R2:16_PER_CLASS-MR00,PhysioNetMI,SSL-CBRAMOD,A0-RAW-ACCEPT-ALL,P01-L1-LOW-CAL-OFFICIAL-R2:16_PER_CLASS,0,40,0,45,0.5446428571428572,0.5248868778280543,0.5333333333333333,0.6428571428571429
P02-A0-PhysioNetMI-SSL-CBRAMOD-P01-L1-LOW-CAL-OFFICIAL-R2:16_PER_CLASS-MR00,PhysioNetMI,SSL-CBRAMOD,A0-RAW-ACCEPT-ALL,P01-L1-LOW-CAL-OFFICIAL-R2:16_PER_CLASS,0,47,0,45,0.49702380952380953,0.48004201680672265,0.5111111111111111,0.48412698412698413
P02-A0-PhysioNetMI-SSL-CBRAMOD-P01-L1-LOW-CAL-OFFICIAL-R2:16_PER_CLASS-MR00,PhysioNetMI,SSL-CBRAMOD,A0-RAW-ACCEPT-ALL,P01-L1-LOW-CAL-OFFICIAL-R2:16_PER_CLASS,0,48,0,45,0.4940711462450593,0.4623376623376623,0.4888888888888889,0.3972332015810277
P02-A0-PhysioNetMI-SSL-CBRAMOD-P01-L1-LOW-CAL-OFFICIAL-R2:16_PER_CLASS-MR00,PhysioNetMI,SSL-CBRAMOD,A0-RAW-ACCEPT-ALL,P01-L1-LOW-CAL-OFFICIAL-R2:16_PER_CLASS,0,57,0,45,0.5386904761904762,0.5150862068965517,0.5555555555555556,0.46428571428571425
P02-A0-PhysioNetMI-SSL-CBRAMOD-P01-L1-LOW-CAL-OFFICIAL-R2:16_PER_CLASS-MR00,PhysioNetMI,SSL-CBRAMOD,A0-RAW-ACCEPT-ALL,P01-L1-LOW-CAL-OFFICIAL-R2:16_PER_CLASS,0,71,0,45,0.46936758893280633,0.46,0.4666666666666667,0.46442687747035577
P02-A0-PhysioNetMI-SSL-CBRAMOD-P01-L1-LOW-CAL-OFFICIAL-R2:16_PER_CLASS-MR00,PhysioNetMI,SSL-CBRAMOD,A0-RAW-ACCEPT-ALL,P01-L1-LOW-CAL-OFFICIAL-R2:16_PER_CLASS,0,93,0,45,0.5484189723320158,0.5,0.5555555555555556,0.5849802371541502
P02-A0-PhysioNetMI-SSL-CBRAMOD-P01-L1-LOW-CAL-OFFICIAL-R2:16_PER_CLASS-MR00,PhysioNetMI,SSL-CBRAMOD,A0-RAW-ACCEPT-ALL,P01-L1-LOW-CAL-OFFICIAL-R2:16_PER_CLASS,0,98,0,45,0.4397233201581028,0.41558441558441556,0.4444444444444444,0.45454545454545453
P02-A0-PhysioNetMI-SSL-CBRAMOD-P01-L1-LOW-CAL-OFFICIAL-R2:16_PER_CLASS-MR00,PhysioNetMI,SSL-CBRAMOD,A0-RAW-ACCEPT-ALL,P01-L1-LOW-CAL-OFFICIAL-R2:16_PER_CLASS,0,107,0,45,0.49702380952380953,0.48004201680672265,0.5111111111111111,0.6746031746031746
P02-A0-PhysioNetMI-SSL-CBRAMOD-P01-L1-LOW-CAL-OFFICIAL-R2:16_PER_CLASS-MR01,PhysioNetMI,SSL-CBRAMOD,A0-RAW-ACCEPT-ALL,P01-L1-LOW-CAL-OFFICIAL-R2:16_PER_CLASS,1,6,0,45,0.5416666666666666,0.5296167247386759,0.5333333333333333,0.5674603174603174
P02-A0-PhysioNetMI-SSL-CBRAMOD-P01-L1-LOW-CAL-OFFICIAL-R2:16_PER_CLASS-MR01,PhysioNetMI,SSL-CBRAMOD,A0-RAW-ACCEPT-ALL,P01-L1-LOW-CAL-OFFICIAL-R2:16_PER_CLASS,1,27,0,45,0.46739130434782605,0.46640316205533594,0.4666666666666667,0.4565217391304348
P02-A0-PhysioNetMI-SSL-CBRAMOD-P01-L1-LOW-CAL-OFFICIAL-R2:16_PER_CLASS-MR01,PhysioNetMI,SSL-CBRAMOD,A0-RAW-ACCEPT-ALL,P01-L1-LOW-CAL-OFFICIAL-R2:16_PER_CLASS,1,39,0,45,0.3547430830039526,0.3542800593765463,0.35555555555555557,0.44071146245059284
P02-A0-PhysioNetMI-SSL-CBRAMOD-P01-L1-LOW-CAL-OFFICIAL-R2:16_PER_CLASS-MR01,PhysioNetMI,SSL-CBRAMOD,A0-RAW-ACCEPT-ALL,P01-L1-LOW-CAL-OFFICIAL-R2:16_PER_CLASS,1,40,0,45,0.5952380952380952,0.595,0.6,0.6111111111111112
P02-A0-PhysioNetMI-SSL-CBRAMOD-P01-L1-LOW-CAL-OFFICIAL-R2:16_PER_CLASS-MR01,PhysioNetMI,SSL-CBRAMOD,A0-RAW-ACCEPT-ALL,P01-L1-LOW-CAL-OFFICIAL-R2:16_PER_CLASS,1,47,0,45,0.41369047619047616,0.40789473684210525,0.4222222222222222,0.45436507936507936
P02-A0-PhysioNetMI-SSL-CBRAMOD-P01-L1-LOW-CAL-OFFICIAL-R2:16_PER_CLASS-MR01,PhysioNetMI,SSL-CBRAMOD,A0-RAW-ACCEPT-ALL,P01-L1-LOW-CAL-OFFICIAL-R2:16_PER_CLASS,1,48,0,45,0.4209486166007905,0.4196428571428571,0.4222222222222222,0.3952569169960474
P02-A0-PhysioNetMI-SSL-CBRAMOD-P01-L1-LOW-CAL-OFFICIAL-R2:16_PER_CLASS-MR01,PhysioNetMI,SSL-CBRAMOD,A0-RAW-ACCEPT-ALL,P01-L1-LOW-CAL-OFFICIAL-R2:16_PER_CLASS,1,57,0,45,0.5833333333333333,0.5769421078673924,0.5777777777777777,0.5873015873015872
P02-A0-PhysioNetMI-SSL-CBRAMOD-P01-L1-LOW-CAL-OFFICIAL-R2:16_PER_CLASS-MR01,PhysioNetMI,SSL-CBRAMOD,A0-RAW-ACCEPT-ALL,P01-L1-LOW-CAL-OFFICIAL-R2:16_PER_CLASS,1,71,0,45,0.441699604743083,0.4343891402714932,0.4444444444444444,0.4110671936758893
P02-A0-PhysioNetMI-SSL-CBRAMOD-P01-L1-LOW-CAL-OFFICIAL-R2:16_PER_CLASS-MR01,PhysioNetMI,SSL-CBRAMOD,A0-RAW-ACCEPT-ALL,P01-L1-LOW-CAL-OFFICIAL-R2:16_PER_CLASS,1,93,0,45,0.5978260869565217,0.595,0.6,0.6007905138339921
P02-A0-PhysioNetMI-SSL-CBRAMOD-P01-L1-LOW-CAL-OFFICIAL-R2:16_PER_CLASS-MR01,PhysioNetMI,SSL-CBRAMOD,A0-RAW-ACCEPT-ALL,P01-L1-LOW-CAL-OFFICIAL-R2:16_PER_CLASS,1,98,0,45,0.5543478260869565,0.5535714285714286,0.5555555555555556,0.5197628458498024
P02-A0-PhysioNetMI-SSL-CBRAMOD-P01-L1-LOW-CAL-OFFICIAL-R2:16_PER_CLASS-MR01,PhysioNetMI,SSL-CBRAMOD,A0-RAW-ACCEPT-ALL,P01-L1-LOW-CAL-OFFICIAL-R2:16_PER_CLASS,1,107,0,45,0.5297619047619048,0.5296167247386759,0.5333333333333333,0.6448412698412699
P02-A0-PhysioNetMI-SSL-CBRAMOD-P01-L1-LOW-CAL-OFFICIAL-R2:16_PER_CLASS-MR02,PhysioNetMI,SSL-CBRAMOD,A0-RAW-ACCEPT-ALL,P01-L1-LOW-CAL-OFFICIAL-R2:16_PER_CLASS,2,6,0,45,0.5714285714285714,0.5701357466063348,0.5777777777777777,0.5337301587301587
P02-A0-PhysioNetMI-SSL-CBRAMOD-P01-L1-LOW-CAL-OFFICIAL-R2:16_PER_CLASS-MR02,PhysioNetMI,SSL-CBRAMOD,A0-RAW-ACCEPT-ALL,P01-L1-LOW-CAL-OFFICIAL-R2:16_PER_CLASS,2,27,0,45,0.5335968379446641,0.5333333333333333,0.5333333333333333,0.49209486166007904
P02-A0-PhysioNetMI-SSL-CBRAMOD-P01-L1-LOW-CAL-OFFICIAL-R2:16_PER_CLASS-MR02,PhysioNetMI,SSL-CBRAMOD,A0-RAW-ACCEPT-ALL,P01-L1-LOW-CAL-OFFICIAL-R2:16_PER_CLASS,2,39,0,45,0.4426877470355731,0.44001991040318567,0.4444444444444444,0.44466403162055346
P02-A0-PhysioNetMI-SSL-CBRAMOD-P01-L1-LOW-CAL-OFFICIAL-R2:16_PER_CLASS-MR02,PhysioNetMI,SSL-CBRAMOD,A0-RAW-ACCEPT-ALL,P01-L1-LOW-CAL-OFFICIAL-R2:16_PER_CLASS,2,40,0,45,0.6011904761904763,0.599802371541502,0.6,0.623015873015873
P02-A0-PhysioNetMI-SSL-CBRAMOD-P01-L1-LOW-CAL-OFFICIAL-R2:16_PER_CLASS-MR02,PhysioNetMI,SSL-CBRAMOD,A0-RAW-ACCEPT-ALL,P01-L1-LOW-CAL-OFFICIAL-R2:16_PER_CLASS,2,47,0,45,0.43452380952380953,0.4263131055583886,0.4444444444444444,0.48412698412698413
P02-A0-PhysioNetMI-SSL-CBRAMOD-P01-L1-LOW-CAL-OFFICIAL-R2:16_PER_CLASS-MR02,PhysioNetMI,SSL-CBRAMOD,A0-RAW-ACCEPT-ALL,P01-L1-LOW-CAL-OFFICIAL-R2:16_PER_CLASS,2,48,0,45,0.49011857707509876,0.48787728847105394,0.4888888888888889,0.38142292490118573
P02-A0-PhysioNetMI-SSL-CBRAMOD-P01-L1-LOW-CAL-OFFICIAL-R2:16_PER_CLASS-MR02,PhysioNetMI,SSL-CBRAMOD,A0-RAW-ACCEPT-ALL,P01-L1-LOW-CAL-OFFICIAL-R2:16_PER_CLASS,2,57,0,45,0.5625,0.5535714285714286,0.5555555555555556,0.5654761904761905
P02-A0-PhysioNetMI-SSL-CBRAMOD-P01-L1-LOW-CAL-OFFICIAL-R2:16_PER_CLASS-MR02,PhysioNetMI,SSL-CBRAMOD,A0-RAW-ACCEPT-ALL,P01-L1-LOW-CAL-OFFICIAL-R2:16_PER_CLASS,2,71,0,45,0.37747035573122534,0.37747035573122534,0.37777777777777777,0.41501976284584985
P02-A0-PhysioNetMI-SSL-CBRAMOD-P01-L1-LOW-CAL-OFFICIAL-R2:16_PER_CLASS-MR02,PhysioNetMI,SSL-CBRAMOD,A0-RAW-ACCEPT-ALL,P01-L1-LOW-CAL-OFFICIAL-R2:16_PER_CLASS,2,93,0,45,0.5968379446640316,0.590080971659919,0.6,0.6047430830039525
P02-A0-PhysioNetMI-SSL-CBRAMOD-P01-L1-LOW-CAL-OFFICIAL-R2:16_PER_CLASS-MR02,PhysioNetMI,SSL-CBRAMOD,A0-RAW-ACCEPT-ALL,P01-L1-LOW-CAL-OFFICIAL-R2:16_PER_CLASS,2,98,0,45,0.48616600790513836,0.4796380090497738,0.4888888888888889,0.5039525691699605
P02-A0-PhysioNetMI-SSL-CBRAMOD-P01-L1-LOW-CAL-OFFICIAL-R2:16_PER_CLASS-MR02,PhysioNetMI,SSL-CBRAMOD,A0-RAW-ACCEPT-ALL,P01-L1-LOW-CAL-OFFICIAL-R2:16_PER_CLASS,2,107,0,45,0.5505952380952381,0.55,0.5555555555555556,0.628968253968254
P02-A0-PhysioNetMI-SSL-CBRAMOD-P01-L1-LOW-CAL-OFFICIAL-R2:16_PER_CLASS-MR03,PhysioNetMI,SSL-CBRAMOD,A0-RAW-ACCEPT-ALL,P01-L1-LOW-CAL-OFFICIAL-R2:16_PER_CLASS,3,6,0,45,0.5059523809523809,0.505,0.5111111111111111,0.5337301587301588
P02-A0-PhysioNetMI-SSL-CBRAMOD-P01-L1-LOW-CAL-OFFICIAL-R2:16_PER_CLASS-MR03,PhysioNetMI,SSL-CBRAMOD,A0-RAW-ACCEPT-ALL,P01-L1-LOW-CAL-OFFICIAL-R2:16_PER_CLASS,3,27,0,45,0.4209486166007905,0.4196428571428571,0.4222222222222222,0.36561264822134387
P02-A0-PhysioNetMI-SSL-CBRAMOD-P01-L1-LOW-CAL-OFFICIAL-R2:16_PER_CLASS-MR03,PhysioNetMI,SSL-CBRAMOD,A0-RAW-ACCEPT-ALL,P01-L1-LOW-CAL-OFFICIAL-R2:16_PER_CLASS,3,39,0,45,0.4851778656126482,0.4722080571137175,0.4888888888888889,0.5434782608695652
P02-A0-PhysioNetMI-SSL-CBRAMOD-P01-L1-LOW-CAL-OFFICIAL-R2:16_PER_CLASS-MR03,PhysioNetMI,SSL-CBRAMOD,A0-RAW-ACCEPT-ALL,P01-L1-LOW-CAL-OFFICIAL-R2:16_PER_CLASS,3,40,0,45,0.4553571428571429,0.4343891402714932,0.4444444444444444,0.45634920634920634
P02-A0-PhysioNetMI-SSL-CBRAMOD-P01-L1-LOW-CAL-OFFICIAL-R2:16_PER_CLASS-MR03,PhysioNetMI,SSL-CBRAMOD,A0-RAW-ACCEPT-ALL,P01-L1-LOW-CAL-OFFICIAL-R2:16_PER_CLASS,3,47,0,45,0.45238095238095233,0.4327731092436975,0.4666666666666667,0.4087301587301587
P02-A0-PhysioNetMI-SSL-CBRAMOD-P01-L1-LOW-CAL-OFFICIAL-R2:16_PER_CLASS-MR03,PhysioNetMI,SSL-CBRAMOD,A0-RAW-ACCEPT-ALL,P01-L1-LOW-CAL-OFFICIAL-R2:16_PER_CLASS,3,48,0,45,0.38142292490118573,0.36234817813765186,0.37777777777777777,0.26877470355731226
P02-A0-PhysioNetMI-SSL-CBRAMOD-P01-L1-LOW-CAL-OFFICIAL-R2:16_PER_CLASS-MR03,PhysioNetMI,SSL-CBRAMOD,A0-RAW-ACCEPT-ALL,P01-L1-LOW-CAL-OFFICIAL-R2:16_PER_CLASS,3,57,0,45,0.6160714285714286,0.6153846153846154,0.6222222222222222,0.5773809523809524
P02-A0-PhysioNetMI-SSL-CBRAMOD-P01-L1-LOW-CAL-OFFICIAL-R2:16_PER_CLASS-MR03,PhysioNetMI,SSL-CBRAMOD,A0-RAW-ACCEPT-ALL,P01-L1-LOW-CAL-OFFICIAL-R2:16_PER_CLASS,3,71,0,45,0.44565217391304346,0.44334487877288475,0.4444444444444444,0.43083003952569165
P02-A0-PhysioNetMI-SSL-CBRAMOD-P01-L1-LOW-CAL-OFFICIAL-R2:16_PER_CLASS-MR03,PhysioNetMI,SSL-CBRAMOD,A0-RAW-ACCEPT-ALL,P01-L1-LOW-CAL-OFFICIAL-R2:16_PER_CLASS,3,93,0,45,0.5286561264822134,0.509090909090909,0.5333333333333333,0.5158102766798419
P02-A0-PhysioNetMI-SSL-CBRAMOD-P01-L1-LOW-CAL-OFFICIAL-R2:16_PER_CLASS-MR03,PhysioNetMI,SSL-CBRAMOD,A0-RAW-ACCEPT-ALL,P01-L1-LOW-CAL-OFFICIAL-R2:16_PER_CLASS,3,98,0,45,0.3735177865612648,0.35185185185185186,0.37777777777777777,0.36363636363636365
P02-A0-PhysioNetMI-SSL-CBRAMOD-P01-L1-LOW-CAL-OFFICIAL-R2:16_PER_CLASS-MR03,PhysioNetMI,SSL-CBRAMOD,A0-RAW-ACCEPT-ALL,P01-L1-LOW-CAL-OFFICIAL-R2:16_PER_CLASS,3,107,0,45,0.5059523809523809,0.505,0.5111111111111111,0.5376984126984127
P02-A0-PhysioNetMI-SSL-CBRAMOD-P01-L1-LOW-CAL-OFFICIAL-R2:16_PER_CLASS-MR04,PhysioNetMI,SSL-CBRAMOD,A0-RAW-ACCEPT-ALL,P01-L1-LOW-CAL-OFFICIAL-R2:16_PER_CLASS,4,6,0,45,0.4880952380952381,0.48787728847105394,0.4888888888888889,0.5257936507936507
P02-A0-PhysioNetMI-SSL-CBRAMOD-P01-L1-LOW-CAL-OFFICIAL-R2:16_PER_CLASS-MR04,PhysioNetMI,SSL-CBRAMOD,A0-RAW-ACCEPT-ALL,P01-L1-LOW-CAL-OFFICIAL-R2:16_PER_CLASS,4,27,0,45,0.5553359683794465,0.5553359683794465,0.5555555555555556,0.5474308300395256
P02-A0-PhysioNetMI-SSL-CBRAMOD-P01-L1-LOW-CAL-OFFICIAL-R2:16_PER_CLASS-MR04,PhysioNetMI,SSL-CBRAMOD,A0-RAW-ACCEPT-ALL,P01-L1-LOW-CAL-OFFICIAL-R2:16_PER_CLASS,4,39,0,45,0.44466403162055335,0.4444444444444444,0.4444444444444444,0.48221343873517786
P02-A0-PhysioNetMI-SSL-CBRAMOD-P01-L1-LOW-CAL-OFFICIAL-R2:16_PER_CLASS-MR04,PhysioNetMI,SSL-CBRAMOD,A0-RAW-ACCEPT-ALL,P01-L1-LOW-CAL-OFFICIAL-R2:16_PER_CLASS,4,40,0,45,0.6190476190476191,0.6192135390741662,0.6222222222222222,0.5892857142857143
P02-A0-PhysioNetMI-SSL-CBRAMOD-P01-L1-LOW-CAL-OFFICIAL-R2:16_PER_CLASS-MR04,PhysioNetMI,SSL-CBRAMOD,A0-RAW-ACCEPT-ALL,P01-L1-LOW-CAL-OFFICIAL-R2:16_PER_CLASS,4,47,0,45,0.4017857142857143,0.35,0.4222222222222222,0.4186507936507936
P02-A0-PhysioNetMI-SSL-CBRAMOD-P01-L1-LOW-CAL-OFFICIAL-R2:16_PER_CLASS-MR04,PhysioNetMI,SSL-CBRAMOD,A0-RAW-ACCEPT-ALL,P01-L1-LOW-CAL-OFFICIAL-R2:16_PER_CLASS,4,48,0,45,0.39723320158102765,0.3891402714932127,0.4,0.3142292490118577
P02-A0-PhysioNetMI-SSL-CBRAMOD-P01-L1-LOW-CAL-OFFICIAL-R2:16_PER_CLASS-MR04,PhysioNetMI,SSL-CBRAMOD,A0-RAW-ACCEPT-ALL,P01-L1-LOW-CAL-OFFICIAL-R2:16_PER_CLASS,4,57,0,45,0.6696428571428572,0.6666666666666666,0.6666666666666666,0.5674603174603174
P02-A0-PhysioNetMI-SSL-CBRAMOD-P01-L1-LOW-CAL-OFFICIAL-R2:16_PER_CLASS-MR04,PhysioNetMI,SSL-CBRAMOD,A0-RAW-ACCEPT-ALL,P01-L1-LOW-CAL-OFFICIAL-R2:16_PER_CLASS,4,71,0,45,0.5069169960474308,0.4907407407407407,0.5111111111111111,0.47826086956521735
P02-A0-PhysioNetMI-SSL-CBRAMOD-P01-L1-LOW-CAL-OFFICIAL-R2:16_PER_CLASS-MR04,PhysioNetMI,SSL-CBRAMOD,A0-RAW-ACCEPT-ALL,P01-L1-LOW-CAL-OFFICIAL-R2:16_PER_CLASS,4,93,0,45,0.5523715415019763,0.5445344129554656,0.5555555555555556,0.5731225296442688
P02-A0-PhysioNetMI-SSL-CBRAMOD-P01-L1-LOW-CAL-OFFICIAL-R2:16_PER_CLASS-MR04,PhysioNetMI,SSL-CBRAMOD,A0-RAW-ACCEPT-ALL,P01-L1-LOW-CAL-OFFICIAL-R2:16_PER_CLASS,4,98,0,45,0.4654150197628458,0.4642857142857143,0.4666666666666667,0.48221343873517786
P02-A0-PhysioNetMI-SSL-CBRAMOD-P01-L1-LOW-CAL-OFFICIAL-R2:16_PER_CLASS-MR04,PhysioNetMI,SSL-CBRAMOD,A0-RAW-ACCEPT-ALL,P01-L1-LOW-CAL-OFFICIAL-R2:16_PER_CLASS,4,107,0,45,0.6398809523809523,0.64,0.6444444444444445,0.7202380952380952
P02-A0-PhysioNetMI-SSL-CBRAMOD-P01-L1-LOW-CAL-OFFICIAL-R2:32_PER_CLASS-MR00,PhysioNetMI,SSL-CBRAMOD,A0-RAW-ACCEPT-ALL,P01-L1-LOW-CAL-OFFICIAL-R2:32_PER_CLASS,0,6,0,45,0.5833333333333333,0.5769421078673924,0.5777777777777777,0.6686507936507937
P02-A0-PhysioNetMI-SSL-CBRAMOD-P01-L1-LOW-CAL-OFFICIAL-R2:32_PER_CLASS-MR00,PhysioNetMI,SSL-CBRAMOD,A0-RAW-ACCEPT-ALL,P01-L1-LOW-CAL-OFFICIAL-R2:32_PER_CLASS,0,27,0,45,0.48814229249011853,0.48787728847105394,0.4888888888888889,0.4802371541501977
P02-A0-PhysioNetMI-SSL-CBRAMOD-P01-L1-LOW-CAL-OFFICIAL-R2:32_PER_CLASS-MR00,PhysioNetMI,SSL-CBRAMOD,A0-RAW-ACCEPT-ALL,P01-L1-LOW-CAL-OFFICIAL-R2:32_PER_CLASS,0,39,0,45,0.4891304347826087,0.4888888888888889,0.4888888888888889,0.4505928853754941
P02-A0-PhysioNetMI-SSL-CBRAMOD-P01-L1-LOW-CAL-OFFICIAL-R2:32_PER_CLASS-MR00,PhysioNetMI,SSL-CBRAMOD,A0-RAW-ACCEPT-ALL,P01-L1-LOW-CAL-OFFICIAL-R2:32_PER_CLASS,0,40,0,45,0.37797619047619047,0.37747035573122534,0.37777777777777777,0.4146825396825397
P02-A0-PhysioNetMI-SSL-CBRAMOD-P01-L1-LOW-CAL-OFFICIAL-R2:32_PER_CLASS-MR00,PhysioNetMI,SSL-CBRAMOD,A0-RAW-ACCEPT-ALL,P01-L1-LOW-CAL-OFFICIAL-R2:32_PER_CLASS,0,47,0,45,0.45833333333333337,0.45344129554655865,0.4666666666666667,0.503968253968254
P02-A0-PhysioNetMI-SSL-CBRAMOD-P01-L1-LOW-CAL-OFFICIAL-R2:32_PER_CLASS-MR00,PhysioNetMI,SSL-CBRAMOD,A0-RAW-ACCEPT-ALL,P01-L1-LOW-CAL-OFFICIAL-R2:32_PER_CLASS,0,48,0,45,0.37747035573122534,0.37747035573122534,0.37777777777777777,0.35375494071146246
P02-A0-PhysioNetMI-SSL-CBRAMOD-P01-L1-LOW-CAL-OFFICIAL-R2:32_PER_CLASS-MR00,PhysioNetMI,SSL-CBRAMOD,A0-RAW-ACCEPT-ALL,P01-L1-LOW-CAL-OFFICIAL-R2:32_PER_CLASS,0,57,0,45,0.4613095238095238,0.46,0.4666666666666667,0.48412698412698413
P02-A0-PhysioNetMI-SSL-CBRAMOD-P01-L1-LOW-CAL-OFFICIAL-R2:32_PER_CLASS-MR00,PhysioNetMI,SSL-CBRAMOD,A0-RAW-ACCEPT-ALL,P01-L1-LOW-CAL-OFFICIAL-R2:32_PER_CLASS,0,71,0,45,0.3735177865612648,0.35185185185185186,0.37777777777777777,0.40711462450592883
P02-A0-PhysioNetMI-SSL-CBRAMOD-P01-L1-LOW-CAL-OFFICIAL-R2:32_PER_CLASS-MR00,PhysioNetMI,SSL-CBRAMOD,A0-RAW-ACCEPT-ALL,P01-L1-LOW-CAL-OFFICIAL-R2:32_PER_CLASS,0,93,0,45,0.5326086956521738,0.5324096981692232,0.5333333333333333,0.5098814229249011
P02-A0-PhysioNetMI-SSL-CBRAMOD-P01-L1-LOW-CAL-OFFICIAL-R2:32_PER_CLASS-MR00,PhysioNetMI,SSL-CBRAMOD,A0-RAW-ACCEPT-ALL,P01-L1-LOW-CAL-OFFICIAL-R2:32_PER_CLASS,0,98,0,45,0.44565217391304346,0.44334487877288475,0.4444444444444444,0.5118577075098815
P02-A0-PhysioNetMI-SSL-CBRAMOD-P01-L1-LOW-CAL-OFFICIAL-R2:32_PER_CLASS-MR00,PhysioNetMI,SSL-CBRAMOD,A0-RAW-ACCEPT-ALL,P01-L1-LOW-CAL-OFFICIAL-R2:32_PER_CLASS,0,107,0,45,0.6011904761904763,0.599802371541502,0.6,0.6785714285714286
P02-A0-PhysioNetMI-SSL-CBRAMOD-P01-L1-LOW-CAL-OFFICIAL-R2:32_PER_CLASS-MR01,PhysioNetMI,SSL-CBRAMOD,A0-RAW-ACCEPT-ALL,P01-L1-LOW-CAL-OFFICIAL-R2:32_PER_CLASS,1,6,0,45,0.625,0.6222222222222222,0.6222222222222222,0.625
P02-A0-PhysioNetMI-SSL-CBRAMOD-P01-L1-LOW-CAL-OFFICIAL-R2:32_PER_CLASS-MR01,PhysioNetMI,SSL-CBRAMOD,A0-RAW-ACCEPT-ALL,P01-L1-LOW-CAL-OFFICIAL-R2:32_PER_CLASS,1,27,0,45,0.4891304347826087,0.4888888888888889,0.4888888888888889,0.466403162055336
P02-A0-PhysioNetMI-SSL-CBRAMOD-P01-L1-LOW-CAL-OFFICIAL-R2:32_PER_CLASS-MR01,PhysioNetMI,SSL-CBRAMOD,A0-RAW-ACCEPT-ALL,P01-L1-LOW-CAL-OFFICIAL-R2:32_PER_CLASS,1,39,0,45,0.44466403162055335,0.4444444444444444,0.4444444444444444,0.42292490118577075
P02-A0-PhysioNetMI-SSL-CBRAMOD-P01-L1-LOW-CAL-OFFICIAL-R2:32_PER_CLASS-MR01,PhysioNetMI,SSL-CBRAMOD,A0-RAW-ACCEPT-ALL,P01-L1-LOW-CAL-OFFICIAL-R2:32_PER_CLASS,1,40,0,45,0.4226190476190476,0.42193675889328064,0.4222222222222222,0.43253968253968256
P02-A0-PhysioNetMI-SSL-CBRAMOD-P01-L1-LOW-CAL-OFFICIAL-R2:32_PER_CLASS-MR01,PhysioNetMI,SSL-CBRAMOD,A0-RAW-ACCEPT-ALL,P01-L1-LOW-CAL-OFFICIAL-R2:32_PER_CLASS,1,47,0,45,0.4494047619047619,0.41810344827586204,0.4666666666666667,0.5079365079365079
P02-A0-PhysioNetMI-SSL-CBRAMOD-P01-L1-LOW-CAL-OFFICIAL-R2:32_PER_CLASS-MR01,PhysioNetMI,SSL-CBRAMOD,A0-RAW-ACCEPT-ALL,P01-L1-LOW-CAL-OFFICIAL-R2:32_PER_CLASS,1,48,0,45,0.42193675889328064,0.42193675889328064,0.4222222222222222,0.34189723320158105
P02-A0-PhysioNetMI-SSL-CBRAMOD-P01-L1-LOW-CAL-OFFICIAL-R2:32_PER_CLASS-MR01,PhysioNetMI,SSL-CBRAMOD,A0-RAW-ACCEPT-ALL,P01-L1-LOW-CAL-OFFICIAL-R2:32_PER_CLASS,1,57,0,45,0.5029761904761905,0.4989878542510121,0.5111111111111111,0.46230158730158727
P02-A0-PhysioNetMI-SSL-CBRAMOD-P01-L1-LOW-CAL-OFFICIAL-R2:32_PER_CLASS-MR01,PhysioNetMI,SSL-CBRAMOD,A0-RAW-ACCEPT-ALL,P01-L1-LOW-CAL-OFFICIAL-R2:32_PER_CLASS,1,71,0,45,0.308300395256917,0.2986425339366516,0.3111111111111111,0.31620553359683795
P02-A0-PhysioNetMI-SSL-CBRAMOD-P01-L1-LOW-CAL-OFFICIAL-R2:32_PER_CLASS-MR01,PhysioNetMI,SSL-CBRAMOD,A0-RAW-ACCEPT-ALL,P01-L1-LOW-CAL-OFFICIAL-R2:32_PER_CLASS,1,93,0,45,0.48616600790513836,0.4796380090497738,0.4888888888888889,0.5079051383399209
P02-A0-PhysioNetMI-SSL-CBRAMOD-P01-L1-LOW-CAL-OFFICIAL-R2:32_PER_CLASS-MR01,PhysioNetMI,SSL-CBRAMOD,A0-RAW-ACCEPT-ALL,P01-L1-LOW-CAL-OFFICIAL-R2:32_PER_CLASS,1,98,0,45,0.44565217391304346,0.44334487877288475,0.4444444444444444,0.541501976284585
P02-A0-PhysioNetMI-SSL-CBRAMOD-P01-L1-LOW-CAL-OFFICIAL-R2:32_PER_CLASS-MR01,PhysioNetMI,SSL-CBRAMOD,A0-RAW-ACCEPT-ALL,P01-L1-LOW-CAL-OFFICIAL-R2:32_PER_CLASS,1,107,0,45,0.7142857142857142,0.7111111111111111,0.7111111111111111,0.7142857142857143
P02-A0-PhysioNetMI-SSL-CBRAMOD-P01-L1-LOW-CAL-OFFICIAL-R2:32_PER_CLASS-MR02,PhysioNetMI,SSL-CBRAMOD,A0-RAW-ACCEPT-ALL,P01-L1-LOW-CAL-OFFICIAL-R2:32_PER_CLASS,2,6,0,45,0.5386904761904762,0.5324096981692232,0.5333333333333333,0.5853174603174602
P02-A0-PhysioNetMI-SSL-CBRAMOD-P01-L1-LOW-CAL-OFFICIAL-R2:32_PER_CLASS-MR02,PhysioNetMI,SSL-CBRAMOD,A0-RAW-ACCEPT-ALL,P01-L1-LOW-CAL-OFFICIAL-R2:32_PER_CLASS,2,27,0,45,0.5316205533596838,0.5296167247386759,0.5333333333333333,0.5573122529644269
P02-A0-PhysioNetMI-SSL-CBRAMOD-P01-L1-LOW-CAL-OFFICIAL-R2:32_PER_CLASS-MR02,PhysioNetMI,SSL-CBRAMOD,A0-RAW-ACCEPT-ALL,P01-L1-LOW-CAL-OFFICIAL-R2:32_PER_CLASS,2,39,0,45,0.4891304347826087,0.4888888888888889,0.4888888888888889,0.5
P02-A0-PhysioNetMI-SSL-CBRAMOD-P01-L1-LOW-CAL-OFFICIAL-R2:32_PER_CLASS-MR02,PhysioNetMI,SSL-CBRAMOD,A0-RAW-ACCEPT-ALL,P01-L1-LOW-CAL-OFFICIAL-R2:32_PER_CLASS,2,40,0,45,0.5297619047619048,0.5296167247386759,0.5333333333333333,0.5099206349206349
P02-A0-PhysioNetMI-SSL-CBRAMOD-P01-L1-LOW-CAL-OFFICIAL-R2:32_PER_CLASS-MR02,PhysioNetMI,SSL-CBRAMOD,A0-RAW-ACCEPT-ALL,P01-L1-LOW-CAL-OFFICIAL-R2:32_PER_CLASS,2,47,0,45,0.5,0.4907407407407407,0.5111111111111111,0.5099206349206349
P02-A0-PhysioNetMI-SSL-CBRAMOD-P01-L1-LOW-CAL-OFFICIAL-R2:32_PER_CLASS-MR02,PhysioNetMI,SSL-CBRAMOD,A0-RAW-ACCEPT-ALL,P01-L1-LOW-CAL-OFFICIAL-R2:32_PER_CLASS,2,48,0,45,0.44565217391304346,0.44334487877288475,0.4444444444444444,0.3814229249011858
P02-A0-PhysioNetMI-SSL-CBRAMOD-P01-L1-LOW-CAL-OFFICIAL-R2:32_PER_CLASS-MR02,PhysioNetMI,SSL-CBRAMOD,A0-RAW-ACCEPT-ALL,P01-L1-LOW-CAL-OFFICIAL-R2:32_PER_CLASS,2,57,0,45,0.5297619047619048,0.5296167247386759,0.5333333333333333,0.5674603174603174
P02-A0-PhysioNetMI-SSL-CBRAMOD-P01-L1-LOW-CAL-OFFICIAL-R2:32_PER_CLASS-MR02,PhysioNetMI,SSL-CBRAMOD,A0-RAW-ACCEPT-ALL,P01-L1-LOW-CAL-OFFICIAL-R2:32_PER_CLASS,2,71,0,45,0.3073122529644269,0.28862825089240185,0.3111111111111111,0.38932806324110675
P02-A0-PhysioNetMI-SSL-CBRAMOD-P01-L1-LOW-CAL-OFFICIAL-R2:32_PER_CLASS-MR02,PhysioNetMI,SSL-CBRAMOD,A0-RAW-ACCEPT-ALL,P01-L1-LOW-CAL-OFFICIAL-R2:32_PER_CLASS,2,93,0,45,0.48616600790513836,0.4796380090497738,0.4888888888888889,0.4980237154150198
P02-A0-PhysioNetMI-SSL-CBRAMOD-P01-L1-LOW-CAL-OFFICIAL-R2:32_PER_CLASS-MR02,PhysioNetMI,SSL-CBRAMOD,A0-RAW-ACCEPT-ALL,P01-L1-LOW-CAL-OFFICIAL-R2:32_PER_CLASS,2,98,0,45,0.46837944664031617,0.4642857142857143,0.4666666666666667,0.5494071146245059
P02-A0-PhysioNetMI-SSL-CBRAMOD-P01-L1-LOW-CAL-OFFICIAL-R2:32_PER_CLASS-MR02,PhysioNetMI,SSL-CBRAMOD,A0-RAW-ACCEPT-ALL,P01-L1-LOW-CAL-OFFICIAL-R2:32_PER_CLASS,2,107,0,45,0.6696428571428572,0.6666666666666666,0.6666666666666666,0.7142857142857143
P02-A0-PhysioNetMI-SSL-CBRAMOD-P01-L1-LOW-CAL-OFFICIAL-R2:32_PER_CLASS-MR03,PhysioNetMI,SSL-CBRAMOD,A0-RAW-ACCEPT-ALL,P01-L1-LOW-CAL-OFFICIAL-R2:32_PER_CLASS,3,6,0,45,0.5565476190476191,0.5553359683794465,0.5555555555555556,0.6329365079365079
P02-A0-PhysioNetMI-SSL-CBRAMOD-P01-L1-LOW-CAL-OFFICIAL-R2:32_PER_CLASS-MR03,PhysioNetMI,SSL-CBRAMOD,A0-RAW-ACCEPT-ALL,P01-L1-LOW-CAL-OFFICIAL-R2:32_PER_CLASS,3,27,0,45,0.5770750988142292,0.5769421078673924,0.5777777777777777,0.5474308300395256
P02-A0-PhysioNetMI-SSL-CBRAMOD-P01-L1-LOW-CAL-OFFICIAL-R2:32_PER_CLASS-MR03,PhysioNetMI,SSL-CBRAMOD,A0-RAW-ACCEPT-ALL,P01-L1-LOW-CAL-OFFICIAL-R2:32_PER_CLASS,3,39,0,45,0.42292490118577075,0.42193675889328064,0.4222222222222222,0.4644268774703557
P02-A0-PhysioNetMI-SSL-CBRAMOD-P01-L1-LOW-CAL-OFFICIAL-R2:32_PER_CLASS-MR03,PhysioNetMI,SSL-CBRAMOD,A0-RAW-ACCEPT-ALL,P01-L1-LOW-CAL-OFFICIAL-R2:32_PER_CLASS,3,40,0,45,0.46726190476190477,0.46640316205533594,0.4666666666666667,0.47023809523809523
P02-A0-PhysioNetMI-SSL-CBRAMOD-P01-L1-LOW-CAL-OFFICIAL-R2:32_PER_CLASS-MR03,PhysioNetMI,SSL-CBRAMOD,A0-RAW-ACCEPT-ALL,P01-L1-LOW-CAL-OFFICIAL-R2:32_PER_CLASS,3,47,0,45,0.43154761904761907,0.41558441558441556,0.4444444444444444,0.48611111111111116
P02-A0-PhysioNetMI-SSL-CBRAMOD-P01-L1-LOW-CAL-OFFICIAL-R2:32_PER_CLASS-MR03,PhysioNetMI,SSL-CBRAMOD,A0-RAW-ACCEPT-ALL,P01-L1-LOW-CAL-OFFICIAL-R2:32_PER_CLASS,3,48,0,45,0.42193675889328064,0.42193675889328064,0.4222222222222222,0.35968379446640314
P02-A0-PhysioNetMI-SSL-CBRAMOD-P01-L1-LOW-CAL-OFFICIAL-R2:32_PER_CLASS-MR03,PhysioNetMI,SSL-CBRAMOD,A0-RAW-ACCEPT-ALL,P01-L1-LOW-CAL-OFFICIAL-R2:32_PER_CLASS,3,57,0,45,0.5297619047619048,0.5296167247386759,0.5333333333333333,0.5119047619047619
P02-A0-PhysioNetMI-SSL-CBRAMOD-P01-L1-LOW-CAL-OFFICIAL-R2:32_PER_CLASS-MR03,PhysioNetMI,SSL-CBRAMOD,A0-RAW-ACCEPT-ALL,P01-L1-LOW-CAL-OFFICIAL-R2:32_PER_CLASS,3,71,0,45,0.35276679841897235,0.3438914027149321,0.35555555555555557,0.3102766798418972
P02-A0-PhysioNetMI-SSL-CBRAMOD-P01-L1-LOW-CAL-OFFICIAL-R2:32_PER_CLASS-MR03,PhysioNetMI,SSL-CBRAMOD,A0-RAW-ACCEPT-ALL,P01-L1-LOW-CAL-OFFICIAL-R2:32_PER_CLASS,3,93,0,45,0.5098814229249011,0.5089285714285714,0.5111111111111111,0.4980237154150198
P02-A0-PhysioNetMI-SSL-CBRAMOD-P01-L1-LOW-CAL-OFFICIAL-R2:32_PER_CLASS-MR03,PhysioNetMI,SSL-CBRAMOD,A0-RAW-ACCEPT-ALL,P01-L1-LOW-CAL-OFFICIAL-R2:32_PER_CLASS,3,98,0,45,0.44466403162055335,0.4444444444444444,0.4444444444444444,0.5533596837944665
P02-A0-PhysioNetMI-SSL-CBRAMOD-P01-L1-LOW-CAL-OFFICIAL-R2:32_PER_CLASS-MR03,PhysioNetMI,SSL-CBRAMOD,A0-RAW-ACCEPT-ALL,P01-L1-LOW-CAL-OFFICIAL-R2:32_PER_CLASS,3,107,0,45,0.6934523809523809,0.6887351778656126,0.6888888888888889,0.7281746031746031
P02-A0-PhysioNetMI-SSL-CBRAMOD-P01-L1-LOW-CAL-OFFICIAL-R2:32_PER_CLASS-MR04,PhysioNetMI,SSL-CBRAMOD,A0-RAW-ACCEPT-ALL,P01-L1-LOW-CAL-OFFICIAL-R2:32_PER_CLASS,4,6,0,45,0.6279761904761905,0.6214745175655616,0.6222222222222222,0.6428571428571428
P02-A0-PhysioNetMI-SSL-CBRAMOD-P01-L1-LOW-CAL-OFFICIAL-R2:32_PER_CLASS-MR04,PhysioNetMI,SSL-CBRAMOD,A0-RAW-ACCEPT-ALL,P01-L1-LOW-CAL-OFFICIAL-R2:32_PER_CLASS,4,27,0,45,0.44367588932806323,0.44334487877288475,0.4444444444444444,0.5197628458498024
P02-A0-PhysioNetMI-SSL-CBRAMOD-P01-L1-LOW-CAL-OFFICIAL-R2:32_PER_CLASS-MR04,PhysioNetMI,SSL-CBRAMOD,A0-RAW-ACCEPT-ALL,P01-L1-LOW-CAL-OFFICIAL-R2:32_PER_CLASS,4,39,0,45,0.44565217391304346,0.44334487877288475,0.4444444444444444,0.4565217391304348
P02-A0-PhysioNetMI-SSL-CBRAMOD-P01-L1-LOW-CAL-OFFICIAL-R2:32_PER_CLASS-MR04,PhysioNetMI,SSL-CBRAMOD,A0-RAW-ACCEPT-ALL,P01-L1-LOW-CAL-OFFICIAL-R2:32_PER_CLASS,4,40,0,45,0.4017857142857143,0.4,0.4,0.4623015873015873
P02-A0-PhysioNetMI-SSL-CBRAMOD-P01-L1-LOW-CAL-OFFICIAL-R2:32_PER_CLASS-MR04,PhysioNetMI,SSL-CBRAMOD,A0-RAW-ACCEPT-ALL,P01-L1-LOW-CAL-OFFICIAL-R2:32_PER_CLASS,4,47,0,45,0.49702380952380953,0.48004201680672265,0.5111111111111111,0.4920634920634921
P02-A0-PhysioNetMI-SSL-CBRAMOD-P01-L1-LOW-CAL-OFFICIAL-R2:32_PER_CLASS-MR04,PhysioNetMI,SSL-CBRAMOD,A0-RAW-ACCEPT-ALL,P01-L1-LOW-CAL-OFFICIAL-R2:32_PER_CLASS,4,48,0,45,0.37845849802371545,0.37747035573122534,0.37777777777777777,0.3992094861660078
P02-A0-PhysioNetMI-SSL-CBRAMOD-P01-L1-LOW-CAL-OFFICIAL-R2:32_PER_CLASS-MR04,PhysioNetMI,SSL-CBRAMOD,A0-RAW-ACCEPT-ALL,P01-L1-LOW-CAL-OFFICIAL-R2:32_PER_CLASS,4,57,0,45,0.47023809523809523,0.46640316205533594,0.4666666666666667,0.46825396825396826
P02-A0-PhysioNetMI-SSL-CBRAMOD-P01-L1-LOW-CAL-OFFICIAL-R2:32_PER_CLASS-MR04,PhysioNetMI,SSL-CBRAMOD,A0-RAW-ACCEPT-ALL,P01-L1-LOW-CAL-OFFICIAL-R2:32_PER_CLASS,4,71,0,45,0.3290513833992095,0.3055555555555555,0.3333333333333333,0.3438735177865613
P02-A0-PhysioNetMI-SSL-CBRAMOD-P01-L1-LOW-CAL-OFFICIAL-R2:32_PER_CLASS-MR04,PhysioNetMI,SSL-CBRAMOD,A0-RAW-ACCEPT-ALL,P01-L1-LOW-CAL-OFFICIAL-R2:32_PER_CLASS,4,93,0,45,0.4644268774703557,0.46,0.4666666666666667,0.48221343873517786
P02-A0-PhysioNetMI-SSL-CBRAMOD-P01-L1-LOW-CAL-OFFICIAL-R2:32_PER_CLASS-MR04,PhysioNetMI,SSL-CBRAMOD,A0-RAW-ACCEPT-ALL,P01-L1-LOW-CAL-OFFICIAL-R2:32_PER_CLASS,4,98,0,45,0.4891304347826087,0.4888888888888889,0.4888888888888889,0.5434782608695653
P02-A0-PhysioNetMI-SSL-CBRAMOD-P01-L1-LOW-CAL-OFFICIAL-R2:32_PER_CLASS-MR04,PhysioNetMI,SSL-CBRAMOD,A0-RAW-ACCEPT-ALL,P01-L1-LOW-CAL-OFFICIAL-R2:32_PER_CLASS,4,107,0,45,0.6934523809523809,0.6887351778656126,0.6888888888888889,0.7301587301587301
P02-A0-BNCI2014_001-SSL-CBRAMOD-FULL_TRAIN-MR00,BNCI2014_001,SSL-CBRAMOD,A0-RAW-ACCEPT-ALL,FULL_TRAIN,0,7,0train,144,0.5555555555555556,0.5324675324675324,0.5555555555555556,0.5466820987654322
P02-A0-BNCI2014_001-SSL-CBRAMOD-FULL_TRAIN-MR00,BNCI2014_001,SSL-CBRAMOD,A0-RAW-ACCEPT-ALL,FULL_TRAIN,0,7,1test,144,0.5694444444444444,0.5571428571428572,0.5694444444444444,0.6016589506172839
P02-A0-BNCI2014_001-SSL-CBRAMOD-FULL_TRAIN-MR01,BNCI2014_001,SSL-CBRAMOD,A0-RAW-ACCEPT-ALL,FULL_TRAIN,1,7,0train,144,0.5555555555555556,0.5142314990512333,0.5555555555555556,0.5889274691358024
P02-A0-BNCI2014_001-SSL-CBRAMOD-FULL_TRAIN-MR01,BNCI2014_001,SSL-CBRAMOD,A0-RAW-ACCEPT-ALL,FULL_TRAIN,1,7,1test,144,0.5347222222222222,0.5281459382794542,0.5347222222222222,0.5679012345679013
P02-A0-BNCI2014_001-SSL-CBRAMOD-FULL_TRAIN-MR02,BNCI2014_001,SSL-CBRAMOD,A0-RAW-ACCEPT-ALL,FULL_TRAIN,2,7,0train,144,0.5277777777777778,0.523271665043817,0.5277777777777778,0.5304783950617284
P02-A0-BNCI2014_001-SSL-CBRAMOD-FULL_TRAIN-MR02,BNCI2014_001,SSL-CBRAMOD,A0-RAW-ACCEPT-ALL,FULL_TRAIN,2,7,1test,144,0.5555555555555556,0.5485008818342152,0.5555555555555556,0.5896990740740741
P02-A0-BNCI2014_001-SSL-CBRAMOD-FULL_TRAIN-MR03,BNCI2014_001,SSL-CBRAMOD,A0-RAW-ACCEPT-ALL,FULL_TRAIN,3,7,0train,144,0.5277777777777778,0.4882943143812709,0.5277777777777778,0.550733024691358
P02-A0-BNCI2014_001-SSL-CBRAMOD-FULL_TRAIN-MR03,BNCI2014_001,SSL-CBRAMOD,A0-RAW-ACCEPT-ALL,FULL_TRAIN,3,7,1test,144,0.5486111111111112,0.5295300326715255,0.5486111111111112,0.5864197530864197
P02-A0-BNCI2014_001-SSL-CBRAMOD-FULL_TRAIN-MR04,BNCI2014_001,SSL-CBRAMOD,A0-RAW-ACCEPT-ALL,FULL_TRAIN,4,7,0train,144,0.5625,0.5465587044534412,0.5625,0.5657793209876544
P02-A0-BNCI2014_001-SSL-CBRAMOD-FULL_TRAIN-MR04,BNCI2014_001,SSL-CBRAMOD,A0-RAW-ACCEPT-ALL,FULL_TRAIN,4,7,1test,144,0.5694444444444444,0.5571428571428572,0.5694444444444444,0.6016589506172839
P02-A0-BNCI2014_001-SSL-CBRAMOD-P01-L1-LOW-CAL-OFFICIAL-R2:1_PER_CLASS-MR00,BNCI2014_001,SSL-CBRAMOD,A0-RAW-ACCEPT-ALL,P01-L1-LOW-CAL-OFFICIAL-R2:1_PER_CLASS,0,7,0train,144,0.4930555555555556,0.4797842331865195,0.4930555555555556,0.4349922839506173
P02-A0-BNCI2014_001-SSL-CBRAMOD-P01-L1-LOW-CAL-OFFICIAL-R2:1_PER_CLASS-MR00,BNCI2014_001,SSL-CBRAMOD,A0-RAW-ACCEPT-ALL,P01-L1-LOW-CAL-OFFICIAL-R2:1_PER_CLASS,0,7,1test,144,0.5416666666666667,0.5146067415730338,0.5416666666666666,0.5837191358024691
P02-A0-BNCI2014_001-SSL-CBRAMOD-P01-L1-LOW-CAL-OFFICIAL-R2:1_PER_CLASS-MR01,BNCI2014_001,SSL-CBRAMOD,A0-RAW-ACCEPT-ALL,P01-L1-LOW-CAL-OFFICIAL-R2:1_PER_CLASS,1,7,0train,144,0.5416666666666666,0.5178571428571428,0.5416666666666666,0.5497685185185185
P02-A0-BNCI2014_001-SSL-CBRAMOD-P01-L1-LOW-CAL-OFFICIAL-R2:1_PER_CLASS-MR01,BNCI2014_001,SSL-CBRAMOD,A0-RAW-ACCEPT-ALL,P01-L1-LOW-CAL-OFFICIAL-R2:1_PER_CLASS,1,7,1test,144,0.4791666666666667,0.4423503898383848,0.4791666666666667,0.5580632716049383
P02-A0-BNCI2014_001-SSL-CBRAMOD-P01-L1-LOW-CAL-OFFICIAL-R2:1_PER_CLASS-MR02,BNCI2014_001,SSL-CBRAMOD,A0-RAW-ACCEPT-ALL,P01-L1-LOW-CAL-OFFICIAL-R2:1_PER_CLASS,2,7,0train,144,0.4791666666666667,0.36526594181604466,0.4791666666666667,0.4969135802469136
P02-A0-BNCI2014_001-SSL-CBRAMOD-P01-L1-LOW-CAL-OFFICIAL-R2:1_PER_CLASS-MR02,BNCI2014_001,SSL-CBRAMOD,A0-RAW-ACCEPT-ALL,P01-L1-LOW-CAL-OFFICIAL-R2:1_PER_CLASS,2,7,1test,144,0.47222222222222227,0.3781818181818182,0.4722222222222222,0.5808256172839505
P02-A0-BNCI2014_001-SSL-CBRAMOD-P01-L1-LOW-CAL-OFFICIAL-R2:1_PER_CLASS-MR03,BNCI2014_001,SSL-CBRAMOD,A0-RAW-ACCEPT-ALL,P01-L1-LOW-CAL-OFFICIAL-R2:1_PER_CLASS,3,7,0train,144,0.4861111111111111,0.36916883731944117,0.4861111111111111,0.5123456790123457
P02-A0-BNCI2014_001-SSL-CBRAMOD-P01-L1-LOW-CAL-OFFICIAL-R2:1_PER_CLASS-MR03,BNCI2014_001,SSL-CBRAMOD,A0-RAW-ACCEPT-ALL,P01-L1-LOW-CAL-OFFICIAL-R2:1_PER_CLASS,3,7,1test,144,0.48611111111111116,0.40202020202020206,0.4861111111111111,0.5854552469135803
P02-A0-BNCI2014_001-SSL-CBRAMOD-P01-L1-LOW-CAL-OFFICIAL-R2:1_PER_CLASS-MR04,BNCI2014_001,SSL-CBRAMOD,A0-RAW-ACCEPT-ALL,P01-L1-LOW-CAL-OFFICIAL-R2:1_PER_CLASS,4,7,0train,144,0.5,0.3333333333333333,0.5,0.5162037037037037
P02-A0-BNCI2014_001-SSL-CBRAMOD-P01-L1-LOW-CAL-OFFICIAL-R2:1_PER_CLASS-MR04,BNCI2014_001,SSL-CBRAMOD,A0-RAW-ACCEPT-ALL,P01-L1-LOW-CAL-OFFICIAL-R2:1_PER_CLASS,4,7,1test,144,0.5,0.3333333333333333,0.5,0.58179012345679
P02-A0-BNCI2014_001-SSL-CBRAMOD-P01-L1-LOW-CAL-OFFICIAL-R2:2_PER_CLASS-MR00,BNCI2014_001,SSL-CBRAMOD,A0-RAW-ACCEPT-ALL,P01-L1-LOW-CAL-OFFICIAL-R2:2_PER_CLASS,0,7,0train,144,0.4444444444444444,0.3535353535353535,0.4444444444444444,0.4776234567901234
P02-A0-BNCI2014_001-SSL-CBRAMOD-P01-L1-LOW-CAL-OFFICIAL-R2:2_PER_CLASS-MR00,BNCI2014_001,SSL-CBRAMOD,A0-RAW-ACCEPT-ALL,P01-L1-LOW-CAL-OFFICIAL-R2:2_PER_CLASS,0,7,1test,144,0.5208333333333333,0.43180648481729283,0.5208333333333334,0.5345293209876543
P02-A0-BNCI2014_001-SSL-CBRAMOD-P01-L1-LOW-CAL-OFFICIAL-R2:2_PER_CLASS-MR01,BNCI2014_001,SSL-CBRAMOD,A0-RAW-ACCEPT-ALL,P01-L1-LOW-CAL-OFFICIAL-R2:2_PER_CLASS,1,7,0train,144,0.5138888888888888,0.36347562515786813,0.5138888888888888,0.4679783950617284
P02-A0-BNCI2014_001-SSL-CBRAMOD-P01-L1-LOW-CAL-OFFICIAL-R2:2_PER_CLASS-MR01,BNCI2014_001,SSL-CBRAMOD,A0-RAW-ACCEPT-ALL,P01-L1-LOW-CAL-OFFICIAL-R2:2_PER_CLASS,1,7,1test,144,0.4930555555555555,0.3419718309859155,0.4930555555555556,0.4845679012345679
P02-A0-BNCI2014_001-SSL-CBRAMOD-P01-L1-LOW-CAL-OFFICIAL-R2:2_PER_CLASS-MR02,BNCI2014_001,SSL-CBRAMOD,A0-RAW-ACCEPT-ALL,P01-L1-LOW-CAL-OFFICIAL-R2:2_PER_CLASS,2,7,0train,144,0.5069444444444444,0.4679156908665105,0.5069444444444444,0.5217978395061729
P02-A0-BNCI2014_001-SSL-CBRAMOD-P01-L1-LOW-CAL-OFFICIAL-R2:2_PER_CLASS-MR02,BNCI2014_001,SSL-CBRAMOD,A0-RAW-ACCEPT-ALL,P01-L1-LOW-CAL-OFFICIAL-R2:2_PER_CLASS,2,7,1test,144,0.4236111111111111,0.3916628492899679,0.4236111111111111,0.41030092592592593
P02-A0-BNCI2014_001-SSL-CBRAMOD-P01-L1-LOW-CAL-OFFICIAL-R2:2_PER_CLASS-MR03,BNCI2014_001,SSL-CBRAMOD,A0-RAW-ACCEPT-ALL,P01-L1-LOW-CAL-OFFICIAL-R2:2_PER_CLASS,3,7,0train,144,0.5347222222222222,0.534160590990295,0.5347222222222222,0.5115740740740741
P02-A0-BNCI2014_001-SSL-CBRAMOD-P01-L1-LOW-CAL-OFFICIAL-R2:2_PER_CLASS-MR03,BNCI2014_001,SSL-CBRAMOD,A0-RAW-ACCEPT-ALL,P01-L1-LOW-CAL-OFFICIAL-R2:2_PER_CLASS,3,7,1test,144,0.6111111111111112,0.6083916083916084,0.6111111111111112,0.6238425925925926
P02-A0-BNCI2014_001-SSL-CBRAMOD-P01-L1-LOW-CAL-OFFICIAL-R2:2_PER_CLASS-MR04,BNCI2014_001,SSL-CBRAMOD,A0-RAW-ACCEPT-ALL,P01-L1-LOW-CAL-OFFICIAL-R2:2_PER_CLASS,4,7,0train,144,0.5208333333333333,0.4457522173258214,0.5208333333333334,0.5497685185185185
P02-A0-BNCI2014_001-SSL-CBRAMOD-P01-L1-LOW-CAL-OFFICIAL-R2:2_PER_CLASS-MR04,BNCI2014_001,SSL-CBRAMOD,A0-RAW-ACCEPT-ALL,P01-L1-LOW-CAL-OFFICIAL-R2:2_PER_CLASS,4,7,1test,144,0.5,0.4314542662864663,0.5,0.6215277777777777
P02-A0-BNCI2014_001-SSL-CBRAMOD-P01-L1-LOW-CAL-OFFICIAL-R2:4_PER_CLASS-MR00,BNCI2014_001,SSL-CBRAMOD,A0-RAW-ACCEPT-ALL,P01-L1-LOW-CAL-OFFICIAL-R2:4_PER_CLASS,0,7,0train,144,0.5138888888888888,0.5137950993633031,0.5138888888888888,0.5353009259259259
P02-A0-BNCI2014_001-SSL-CBRAMOD-P01-L1-LOW-CAL-OFFICIAL-R2:4_PER_CLASS-MR00,BNCI2014_001,SSL-CBRAMOD,A0-RAW-ACCEPT-ALL,P01-L1-LOW-CAL-OFFICIAL-R2:4_PER_CLASS,0,7,1test,144,0.4930555555555555,0.49185478803113064,0.4930555555555556,0.5472608024691359
P02-A0-BNCI2014_001-SSL-CBRAMOD-P01-L1-LOW-CAL-OFFICIAL-R2:4_PER_CLASS-MR01,BNCI2014_001,SSL-CBRAMOD,A0-RAW-ACCEPT-ALL,P01-L1-LOW-CAL-OFFICIAL-R2:4_PER_CLASS,1,7,0train,144,0.5208333333333333,0.5206252713851498,0.5208333333333334,0.529320987654321
P02-A0-BNCI2014_001-SSL-CBRAMOD-P01-L1-LOW-CAL-OFFICIAL-R2:4_PER_CLASS-MR01,BNCI2014_001,SSL-CBRAMOD,A0-RAW-ACCEPT-ALL,P01-L1-LOW-CAL-OFFICIAL-R2:4_PER_CLASS,1,7,1test,144,0.5208333333333334,0.5202549369900054,0.5208333333333334,0.5486111111111112
P02-A0-BNCI2014_001-SSL-CBRAMOD-P01-L1-LOW-CAL-OFFICIAL-R2:4_PER_CLASS-MR02,BNCI2014_001,SSL-CBRAMOD,A0-RAW-ACCEPT-ALL,P01-L1-LOW-CAL-OFFICIAL-R2:4_PER_CLASS,2,7,0train,144,0.5138888888888888,0.5130434782608696,0.5138888888888888,0.5341435185185185
P02-A0-BNCI2014_001-SSL-CBRAMOD-P01-L1-LOW-CAL-OFFICIAL-R2:4_PER_CLASS-MR02,BNCI2014_001,SSL-CBRAMOD,A0-RAW-ACCEPT-ALL,P01-L1-LOW-CAL-OFFICIAL-R2:4_PER_CLASS,2,7,1test,144,0.5069444444444444,0.5069206655413552,0.5069444444444444,0.5163966049382716
P02-A0-BNCI2014_001-SSL-CBRAMOD-P01-L1-LOW-CAL-OFFICIAL-R2:4_PER_CLASS-MR03,BNCI2014_001,SSL-CBRAMOD,A0-RAW-ACCEPT-ALL,P01-L1-LOW-CAL-OFFICIAL-R2:4_PER_CLASS,3,7,0train,144,0.5416666666666666,0.5262213359920239,0.5416666666666666,0.5922067901234569
P02-A0-BNCI2014_001-SSL-CBRAMOD-P01-L1-LOW-CAL-OFFICIAL-R2:4_PER_CLASS-MR03,BNCI2014_001,SSL-CBRAMOD,A0-RAW-ACCEPT-ALL,P01-L1-LOW-CAL-OFFICIAL-R2:4_PER_CLASS,3,7,1test,144,0.4652777777777778,0.46401121477256246,0.4652777777777778,0.4537037037037037
P02-A0-BNCI2014_001-SSL-CBRAMOD-P01-L1-LOW-CAL-OFFICIAL-R2:4_PER_CLASS-MR04,BNCI2014_001,SSL-CBRAMOD,A0-RAW-ACCEPT-ALL,P01-L1-LOW-CAL-OFFICIAL-R2:4_PER_CLASS,4,7,0train,144,0.5208333333333333,0.482903981264637,0.5208333333333334,0.533179012345679
P02-A0-BNCI2014_001-SSL-CBRAMOD-P01-L1-LOW-CAL-OFFICIAL-R2:4_PER_CLASS-MR04,BNCI2014_001,SSL-CBRAMOD,A0-RAW-ACCEPT-ALL,P01-L1-LOW-CAL-OFFICIAL-R2:4_PER_CLASS,4,7,1test,144,0.48611111111111116,0.41566132923886817,0.4861111111111111,0.49787808641975306
P02-A0-BNCI2014_001-SSL-CBRAMOD-P01-L1-LOW-CAL-OFFICIAL-R2:8_PER_CLASS-MR00,BNCI2014_001,SSL-CBRAMOD,A0-RAW-ACCEPT-ALL,P01-L1-LOW-CAL-OFFICIAL-R2:8_PER_CLASS,0,7,0train,144,0.548611111111111,0.5449020275198133,0.5486111111111112,0.572337962962963
P02-A0-BNCI2014_001-SSL-CBRAMOD-P01-L1-LOW-CAL-OFFICIAL-R2:8_PER_CLASS-MR00,BNCI2014_001,SSL-CBRAMOD,A0-RAW-ACCEPT-ALL,P01-L1-LOW-CAL-OFFICIAL-R2:8_PER_CLASS,0,7,1test,144,0.5208333333333334,0.515577007459412,0.5208333333333334,0.5515046296296297
P02-A0-BNCI2014_001-SSL-CBRAMOD-P01-L1-LOW-CAL-OFFICIAL-R2:8_PER_CLASS-MR01,BNCI2014_001,SSL-CBRAMOD,A0-RAW-ACCEPT-ALL,P01-L1-LOW-CAL-OFFICIAL-R2:8_PER_CLASS,1,7,0train,144,0.5208333333333334,0.515577007459412,0.5208333333333334,0.5480324074074074
P02-A0-BNCI2014_001-SSL-CBRAMOD-P01-L1-LOW-CAL-OFFICIAL-R2:8_PER_CLASS-MR01,BNCI2014_001,SSL-CBRAMOD,A0-RAW-ACCEPT-ALL,P01-L1-LOW-CAL-OFFICIAL-R2:8_PER_CLASS,1,7,1test,144,0.5069444444444444,0.5063492829897156,0.5069444444444444,0.5241126543209877
P02-A0-BNCI2014_001-SSL-CBRAMOD-P01-L1-LOW-CAL-OFFICIAL-R2:8_PER_CLASS-MR02,BNCI2014_001,SSL-CBRAMOD,A0-RAW-ACCEPT-ALL,P01-L1-LOW-CAL-OFFICIAL-R2:8_PER_CLASS,2,7,0train,144,0.5,0.4831505483549352,0.5,0.47550154320987653
P02-A0-BNCI2014_001-SSL-CBRAMOD-P01-L1-LOW-CAL-OFFICIAL-R2:8_PER_CLASS-MR02,BNCI2014_001,SSL-CBRAMOD,A0-RAW-ACCEPT-ALL,P01-L1-LOW-CAL-OFFICIAL-R2:8_PER_CLASS,2,7,1test,144,0.5069444444444444,0.4982085889570552,0.5069444444444444,0.5138888888888888
P02-A0-BNCI2014_001-SSL-CBRAMOD-P01-L1-LOW-CAL-OFFICIAL-R2:8_PER_CLASS-MR03,BNCI2014_001,SSL-CBRAMOD,A0-RAW-ACCEPT-ALL,P01-L1-LOW-CAL-OFFICIAL-R2:8_PER_CLASS,3,7,0train,144,0.5277777777777778,0.5164921983014024,0.5277777777777778,0.5750385802469137
P02-A0-BNCI2014_001-SSL-CBRAMOD-P01-L1-LOW-CAL-OFFICIAL-R2:8_PER_CLASS-MR03,BNCI2014_001,SSL-CBRAMOD,A0-RAW-ACCEPT-ALL,P01-L1-LOW-CAL-OFFICIAL-R2:8_PER_CLASS,3,7,1test,144,0.5416666666666666,0.5262213359920239,0.5416666666666666,0.5252700617283951
P02-A0-BNCI2014_001-SSL-CBRAMOD-P01-L1-LOW-CAL-OFFICIAL-R2:8_PER_CLASS-MR04,BNCI2014_001,SSL-CBRAMOD,A0-RAW-ACCEPT-ALL,P01-L1-LOW-CAL-OFFICIAL-R2:8_PER_CLASS,4,7,0train,144,0.5208333333333333,0.5104212860310421,0.5208333333333334,0.5179398148148148
P02-A0-BNCI2014_001-SSL-CBRAMOD-P01-L1-LOW-CAL-OFFICIAL-R2:8_PER_CLASS-MR04,BNCI2014_001,SSL-CBRAMOD,A0-RAW-ACCEPT-ALL,P01-L1-LOW-CAL-OFFICIAL-R2:8_PER_CLASS,4,7,1test,144,0.5138888888888888,0.49750747756729813,0.5138888888888888,0.5073302469135803
P02-A0-BNCI2014_001-SSL-CBRAMOD-P01-L1-LOW-CAL-OFFICIAL-R2:16_PER_CLASS-MR00,BNCI2014_001,SSL-CBRAMOD,A0-RAW-ACCEPT-ALL,P01-L1-LOW-CAL-OFFICIAL-R2:16_PER_CLASS,0,7,0train,144,0.5347222222222222,0.5308990129819614,0.5347222222222222,0.5133101851851851
P02-A0-BNCI2014_001-SSL-CBRAMOD-P01-L1-LOW-CAL-OFFICIAL-R2:16_PER_CLASS-MR00,BNCI2014_001,SSL-CBRAMOD,A0-RAW-ACCEPT-ALL,P01-L1-LOW-CAL-OFFICIAL-R2:16_PER_CLASS,0,7,1test,144,0.5416666666666666,0.5343915343915344,0.5416666666666666,0.6037808641975309
P02-A0-BNCI2014_001-SSL-CBRAMOD-P01-L1-LOW-CAL-OFFICIAL-R2:16_PER_CLASS-MR01,BNCI2014_001,SSL-CBRAMOD,A0-RAW-ACCEPT-ALL,P01-L1-LOW-CAL-OFFICIAL-R2:16_PER_CLASS,1,7,0train,144,0.5486111111111112,0.5484151107251412,0.5486111111111112,0.5476466049382717
P02-A0-BNCI2014_001-SSL-CBRAMOD-P01-L1-LOW-CAL-OFFICIAL-R2:16_PER_CLASS-MR01,BNCI2014_001,SSL-CBRAMOD,A0-RAW-ACCEPT-ALL,P01-L1-LOW-CAL-OFFICIAL-R2:16_PER_CLASS,1,7,1test,144,0.5416666666666667,0.5408695652173914,0.5416666666666666,0.6082175925925926
P02-A0-BNCI2014_001-SSL-CBRAMOD-P01-L1-LOW-CAL-OFFICIAL-R2:16_PER_CLASS-MR02,BNCI2014_001,SSL-CBRAMOD,A0-RAW-ACCEPT-ALL,P01-L1-LOW-CAL-OFFICIAL-R2:16_PER_CLASS,2,7,0train,144,0.5138888888888888,0.5104895104895105,0.5138888888888888,0.5148533950617284
P02-A0-BNCI2014_001-SSL-CBRAMOD-P01-L1-LOW-CAL-OFFICIAL-R2:16_PER_CLASS-MR02,BNCI2014_001,SSL-CBRAMOD,A0-RAW-ACCEPT-ALL,P01-L1-LOW-CAL-OFFICIAL-R2:16_PER_CLASS,2,7,1test,144,0.5208333333333333,0.5180208585981081,0.5208333333333334,0.5515046296296297
P02-A0-BNCI2014_001-SSL-CBRAMOD-P01-L1-LOW-CAL-OFFICIAL-R2:16_PER_CLASS-MR03,BNCI2014_001,SSL-CBRAMOD,A0-RAW-ACCEPT-ALL,P01-L1-LOW-CAL-OFFICIAL-R2:16_PER_CLASS,3,7,0train,144,0.5277777777777777,0.5276866679529231,0.5277777777777778,0.5300925925925926
P02-A0-BNCI2014_001-SSL-CBRAMOD-P01-L1-LOW-CAL-OFFICIAL-R2:16_PER_CLASS-MR03,BNCI2014_001,SSL-CBRAMOD,A0-RAW-ACCEPT-ALL,P01-L1-LOW-CAL-OFFICIAL-R2:16_PER_CLASS,3,7,1test,144,0.5486111111111112,0.54858934169279,0.5486111111111112,0.5733024691358025
P02-A0-BNCI2014_001-SSL-CBRAMOD-P01-L1-LOW-CAL-OFFICIAL-R2:16_PER_CLASS-MR04,BNCI2014_001,SSL-CBRAMOD,A0-RAW-ACCEPT-ALL,P01-L1-LOW-CAL-OFFICIAL-R2:16_PER_CLASS,4,7,0train,144,0.4791666666666667,0.4379391100702576,0.4791666666666667,0.4610339506172839
P02-A0-BNCI2014_001-SSL-CBRAMOD-P01-L1-LOW-CAL-OFFICIAL-R2:16_PER_CLASS-MR04,BNCI2014_001,SSL-CBRAMOD,A0-RAW-ACCEPT-ALL,P01-L1-LOW-CAL-OFFICIAL-R2:16_PER_CLASS,4,7,1test,144,0.5208333333333334,0.4942739349519011,0.5208333333333334,0.5005787037037037
P02-A0-BNCI2014_001-SSL-CBRAMOD-P01-L1-LOW-CAL-OFFICIAL-R2:32_PER_CLASS-MR00,BNCI2014_001,SSL-CBRAMOD,A0-RAW-ACCEPT-ALL,P01-L1-LOW-CAL-OFFICIAL-R2:32_PER_CLASS,0,7,0train,144,0.5625,0.5607843137254902,0.5625,0.5613425925925927
P02-A0-BNCI2014_001-SSL-CBRAMOD-P01-L1-LOW-CAL-OFFICIAL-R2:32_PER_CLASS-MR00,BNCI2014_001,SSL-CBRAMOD,A0-RAW-ACCEPT-ALL,P01-L1-LOW-CAL-OFFICIAL-R2:32_PER_CLASS,0,7,1test,144,0.5,0.49961389961389957,0.5,0.5516975308641975
P02-A0-BNCI2014_001-SSL-CBRAMOD-P01-L1-LOW-CAL-OFFICIAL-R2:32_PER_CLASS-MR01,BNCI2014_001,SSL-CBRAMOD,A0-RAW-ACCEPT-ALL,P01-L1-LOW-CAL-OFFICIAL-R2:32_PER_CLASS,1,7,0train,144,0.5208333333333333,0.500578034682081,0.5208333333333334,0.5667438271604938
P02-A0-BNCI2014_001-SSL-CBRAMOD-P01-L1-LOW-CAL-OFFICIAL-R2:32_PER_CLASS-MR01,BNCI2014_001,SSL-CBRAMOD,A0-RAW-ACCEPT-ALL,P01-L1-LOW-CAL-OFFICIAL-R2:32_PER_CLASS,1,7,1test,144,0.5208333333333333,0.5059420217791258,0.5208333333333334,0.5680941358024691
P02-A0-BNCI2014_001-SSL-CBRAMOD-P01-L1-LOW-CAL-OFFICIAL-R2:32_PER_CLASS-MR02,BNCI2014_001,SSL-CBRAMOD,A0-RAW-ACCEPT-ALL,P01-L1-LOW-CAL-OFFICIAL-R2:32_PER_CLASS,2,7,0train,144,0.5069444444444444,0.48298356510745893,0.5069444444444444,0.5493827160493827
P02-A0-BNCI2014_001-SSL-CBRAMOD-P01-L1-LOW-CAL-OFFICIAL-R2:32_PER_CLASS-MR02,BNCI2014_001,SSL-CBRAMOD,A0-RAW-ACCEPT-ALL,P01-L1-LOW-CAL-OFFICIAL-R2:32_PER_CLASS,2,7,1test,144,0.48611111111111116,0.45941558441558444,0.4861111111111111,0.5316358024691358
P02-A0-BNCI2014_001-SSL-CBRAMOD-P01-L1-LOW-CAL-OFFICIAL-R2:32_PER_CLASS-MR03,BNCI2014_001,SSL-CBRAMOD,A0-RAW-ACCEPT-ALL,P01-L1-LOW-CAL-OFFICIAL-R2:32_PER_CLASS,3,7,0train,144,0.5069444444444444,0.4679156908665105,0.5069444444444444,0.5642361111111112
P02-A0-BNCI2014_001-SSL-CBRAMOD-P01-L1-LOW-CAL-OFFICIAL-R2:32_PER_CLASS-MR03,BNCI2014_001,SSL-CBRAMOD,A0-RAW-ACCEPT-ALL,P01-L1-LOW-CAL-OFFICIAL-R2:32_PER_CLASS,3,7,1test,144,0.513888888888889,0.48863636363636365,0.5138888888888888,0.5717592592592594
P02-A0-BNCI2014_001-SSL-CBRAMOD-P01-L1-LOW-CAL-OFFICIAL-R2:32_PER_CLASS-MR04,BNCI2014_001,SSL-CBRAMOD,A0-RAW-ACCEPT-ALL,P01-L1-LOW-CAL-OFFICIAL-R2:32_PER_CLASS,4,7,0train,144,0.5486111111111112,0.547541934548267,0.5486111111111112,0.5563271604938271
P02-A0-BNCI2014_001-SSL-CBRAMOD-P01-L1-LOW-CAL-OFFICIAL-R2:32_PER_CLASS-MR04,BNCI2014_001,SSL-CBRAMOD,A0-RAW-ACCEPT-ALL,P01-L1-LOW-CAL-OFFICIAL-R2:32_PER_CLASS,4,7,1test,144,0.5,0.4999035307736832,0.5,0.5549768518518519
P02-A0-Lee2019_MI-SSL-CBRAMOD-FULL_TRAIN-MR00,Lee2019_MI,SSL-CBRAMOD,A0-RAW-ACCEPT-ALL,FULL_TRAIN,0,3,1,100,0.78,0.7785829307568438,0.78,0.8808
P02-A0-Lee2019_MI-SSL-CBRAMOD-FULL_TRAIN-MR00,Lee2019_MI,SSL-CBRAMOD,A0-RAW-ACCEPT-ALL,FULL_TRAIN,0,6,1,100,0.55,0.5021573182874212,0.55,0.5704
P02-A0-Lee2019_MI-SSL-CBRAMOD-FULL_TRAIN-MR00,Lee2019_MI,SSL-CBRAMOD,A0-RAW-ACCEPT-ALL,FULL_TRAIN,0,15,1,100,0.55,0.4950061721467849,0.55,0.5608
P02-A0-Lee2019_MI-SSL-CBRAMOD-FULL_TRAIN-MR00,Lee2019_MI,SSL-CBRAMOD,A0-RAW-ACCEPT-ALL,FULL_TRAIN,0,19,1,100,0.8,0.7999199679871949,0.8,0.8852
P02-A0-Lee2019_MI-SSL-CBRAMOD-FULL_TRAIN-MR00,Lee2019_MI,SSL-CBRAMOD,A0-RAW-ACCEPT-ALL,FULL_TRAIN,0,30,1,100,0.53,0.52995299529953,0.53,0.5920000000000001
P02-A0-Lee2019_MI-SSL-CBRAMOD-FULL_TRAIN-MR00,Lee2019_MI,SSL-CBRAMOD,A0-RAW-ACCEPT-ALL,FULL_TRAIN,0,36,1,100,0.94,0.9397832195905259,0.94,0.9916
P02-A0-Lee2019_MI-SSL-CBRAMOD-FULL_TRAIN-MR01,Lee2019_MI,SSL-CBRAMOD,A0-RAW-ACCEPT-ALL,FULL_TRAIN,1,3,1,100,0.72,0.7159090909090908,0.72,0.8507999999999999
P02-A0-Lee2019_MI-SSL-CBRAMOD-FULL_TRAIN-MR01,Lee2019_MI,SSL-CBRAMOD,A0-RAW-ACCEPT-ALL,FULL_TRAIN,1,6,1,100,0.49,0.3743099006256901,0.49,0.5104000000000001
P02-A0-Lee2019_MI-SSL-CBRAMOD-FULL_TRAIN-MR01,Lee2019_MI,SSL-CBRAMOD,A0-RAW-ACCEPT-ALL,FULL_TRAIN,1,15,1,100,0.52,0.4285714285714286,0.52,0.5619999999999999
P02-A0-Lee2019_MI-SSL-CBRAMOD-FULL_TRAIN-MR01,Lee2019_MI,SSL-CBRAMOD,A0-RAW-ACCEPT-ALL,FULL_TRAIN,1,19,1,100,0.79,0.7898108297467721,0.79,0.872
P02-A0-Lee2019_MI-SSL-CBRAMOD-FULL_TRAIN-MR01,Lee2019_MI,SSL-CBRAMOD,A0-RAW-ACCEPT-ALL,FULL_TRAIN,1,30,1,100,0.54,0.47987336047037543,0.54,0.568
P02-A0-Lee2019_MI-SSL-CBRAMOD-FULL_TRAIN-MR01,Lee2019_MI,SSL-CBRAMOD,A0-RAW-ACCEPT-ALL,FULL_TRAIN,1,36,1,100,0.8300000000000001,0.8249407887962105,0.83,0.9944000000000001
P02-A0-Lee2019_MI-SSL-CBRAMOD-FULL_TRAIN-MR02,Lee2019_MI,SSL-CBRAMOD,A0-RAW-ACCEPT-ALL,FULL_TRAIN,2,3,1,100,0.81,0.8099809980998101,0.81,0.8724
P02-A0-Lee2019_MI-SSL-CBRAMOD-FULL_TRAIN-MR02,Lee2019_MI,SSL-CBRAMOD,A0-RAW-ACCEPT-ALL,FULL_TRAIN,2,6,1,100,0.55,0.529239460194581,0.55,0.6288
P02-A0-Lee2019_MI-SSL-CBRAMOD-FULL_TRAIN-MR02,Lee2019_MI,SSL-CBRAMOD,A0-RAW-ACCEPT-ALL,FULL_TRAIN,2,15,1,100,0.54,0.47150735294117646,0.54,0.5684
P02-A0-Lee2019_MI-SSL-CBRAMOD-FULL_TRAIN-MR02,Lee2019_MI,SSL-CBRAMOD,A0-RAW-ACCEPT-ALL,FULL_TRAIN,2,19,1,100,0.8300000000000001,0.8291628982011858,0.83,0.9084
P02-A0-Lee2019_MI-SSL-CBRAMOD-FULL_TRAIN-MR02,Lee2019_MI,SSL-CBRAMOD,A0-RAW-ACCEPT-ALL,FULL_TRAIN,2,30,1,100,0.55,0.5444883085332524,0.55,0.5780000000000001
P02-A0-Lee2019_MI-SSL-CBRAMOD-FULL_TRAIN-MR02,Lee2019_MI,SSL-CBRAMOD,A0-RAW-ACCEPT-ALL,FULL_TRAIN,2,36,1,100,0.95,0.9499549594635172,0.95,0.9852
P02-A0-Lee2019_MI-SSL-CBRAMOD-FULL_TRAIN-MR03,Lee2019_MI,SSL-CBRAMOD,A0-RAW-ACCEPT-ALL,FULL_TRAIN,3,3,1,100,0.75,0.7487689679429204,0.75,0.814
P02-A0-Lee2019_MI-SSL-CBRAMOD-FULL_TRAIN-MR03,Lee2019_MI,SSL-CBRAMOD,A0-RAW-ACCEPT-ALL,FULL_TRAIN,3,6,1,100,0.48000000000000004,0.4583333333333333,0.48,0.5824
P02-A0-Lee2019_MI-SSL-CBRAMOD-FULL_TRAIN-MR03,Lee2019_MI,SSL-CBRAMOD,A0-RAW-ACCEPT-ALL,FULL_TRAIN,3,15,1,100,0.53,0.4554512802687985,0.53,0.546
P02-A0-Lee2019_MI-SSL-CBRAMOD-FULL_TRAIN-MR03,Lee2019_MI,SSL-CBRAMOD,A0-RAW-ACCEPT-ALL,FULL_TRAIN,3,19,1,100,0.75,0.7479584635547938,0.75,0.8432000000000002
P02-A0-Lee2019_MI-SSL-CBRAMOD-FULL_TRAIN-MR03,Lee2019_MI,SSL-CBRAMOD,A0-RAW-ACCEPT-ALL,FULL_TRAIN,3,30,1,100,0.48000000000000004,0.47665056360708535,0.48,0.5196000000000001
P02-A0-Lee2019_MI-SSL-CBRAMOD-FULL_TRAIN-MR03,Lee2019_MI,SSL-CBRAMOD,A0-RAW-ACCEPT-ALL,FULL_TRAIN,3,36,1,100,0.88,0.8798076923076923,0.88,0.9591999999999999
P02-A0-Lee2019_MI-SSL-CBRAMOD-FULL_TRAIN-MR04,Lee2019_MI,SSL-CBRAMOD,A0-RAW-ACCEPT-ALL,FULL_TRAIN,4,3,1,100,0.7,0.6998799519807923,0.7,0.8072
P02-A0-Lee2019_MI-SSL-CBRAMOD-FULL_TRAIN-MR04,Lee2019_MI,SSL-CBRAMOD,A0-RAW-ACCEPT-ALL,FULL_TRAIN,4,6,1,100,0.6,0.595959595959596,0.6,0.5512
P02-A0-Lee2019_MI-SSL-CBRAMOD-FULL_TRAIN-MR04,Lee2019_MI,SSL-CBRAMOD,A0-RAW-ACCEPT-ALL,FULL_TRAIN,4,15,1,100,0.5,0.4574652777777778,0.5,0.528
P02-A0-Lee2019_MI-SSL-CBRAMOD-FULL_TRAIN-MR04,Lee2019_MI,SSL-CBRAMOD,A0-RAW-ACCEPT-ALL,FULL_TRAIN,4,19,1,100,0.77,0.7631551848419318,0.77,0.8672
P02-A0-Lee2019_MI-SSL-CBRAMOD-FULL_TRAIN-MR04,Lee2019_MI,SSL-CBRAMOD,A0-RAW-ACCEPT-ALL,FULL_TRAIN,4,30,1,100,0.47,0.4542271650705386,0.47,0.5068
P02-A0-Lee2019_MI-SSL-CBRAMOD-FULL_TRAIN-MR04,Lee2019_MI,SSL-CBRAMOD,A0-RAW-ACCEPT-ALL,FULL_TRAIN,4,36,1,100,0.86,0.8599439775910365,0.86,0.9624
P02-A0-Lee2019_MI-SSL-CBRAMOD-P01-L1-LOW-CAL-OFFICIAL-R2:1_PER_CLASS-MR00,Lee2019_MI,SSL-CBRAMOD,A0-RAW-ACCEPT-ALL,P01-L1-LOW-CAL-OFFICIAL-R2:1_PER_CLASS,0,3,1,100,0.54,0.5208333333333334,0.54,0.49599999999999994
P02-A0-Lee2019_MI-SSL-CBRAMOD-P01-L1-LOW-CAL-OFFICIAL-R2:1_PER_CLASS-MR00,Lee2019_MI,SSL-CBRAMOD,A0-RAW-ACCEPT-ALL,P01-L1-LOW-CAL-OFFICIAL-R2:1_PER_CLASS,0,6,1,100,0.48,0.4422994422994423,0.48,0.5052
P02-A0-Lee2019_MI-SSL-CBRAMOD-P01-L1-LOW-CAL-OFFICIAL-R2:1_PER_CLASS-MR00,Lee2019_MI,SSL-CBRAMOD,A0-RAW-ACCEPT-ALL,P01-L1-LOW-CAL-OFFICIAL-R2:1_PER_CLASS,0,15,1,100,0.5,0.4900040799673603,0.5,0.4748
P02-A0-Lee2019_MI-SSL-CBRAMOD-P01-L1-LOW-CAL-OFFICIAL-R2:1_PER_CLASS-MR00,Lee2019_MI,SSL-CBRAMOD,A0-RAW-ACCEPT-ALL,P01-L1-LOW-CAL-OFFICIAL-R2:1_PER_CLASS,0,19,1,100,0.54,0.5166036149642708,0.54,0.5104
P02-A0-Lee2019_MI-SSL-CBRAMOD-P01-L1-LOW-CAL-OFFICIAL-R2:1_PER_CLASS-MR00,Lee2019_MI,SSL-CBRAMOD,A0-RAW-ACCEPT-ALL,P01-L1-LOW-CAL-OFFICIAL-R2:1_PER_CLASS,0,30,1,100,0.5,0.43464495703301675,0.5,0.54
P02-A0-Lee2019_MI-SSL-CBRAMOD-P01-L1-LOW-CAL-OFFICIAL-R2:1_PER_CLASS-MR00,Lee2019_MI,SSL-CBRAMOD,A0-RAW-ACCEPT-ALL,P01-L1-LOW-CAL-OFFICIAL-R2:1_PER_CLASS,0,36,1,100,0.48,0.4724025974025974,0.48,0.5024
P02-A0-Lee2019_MI-SSL-CBRAMOD-P01-L1-LOW-CAL-OFFICIAL-R2:1_PER_CLASS-MR01,Lee2019_MI,SSL-CBRAMOD,A0-RAW-ACCEPT-ALL,P01-L1-LOW-CAL-OFFICIAL-R2:1_PER_CLASS,1,3,1,100,0.5,0.49269480519480524,0.5,0.5164000000000001
P02-A0-Lee2019_MI-SSL-CBRAMOD-P01-L1-LOW-CAL-OFFICIAL-R2:1_PER_CLASS-MR01,Lee2019_MI,SSL-CBRAMOD,A0-RAW-ACCEPT-ALL,P01-L1-LOW-CAL-OFFICIAL-R2:1_PER_CLASS,1,6,1,100,0.45999999999999996,0.45978391356542614,0.46,0.43119999999999997
P02-A0-Lee2019_MI-SSL-CBRAMOD-P01-L1-LOW-CAL-OFFICIAL-R2:1_PER_CLASS-MR01,Lee2019_MI,SSL-CBRAMOD,A0-RAW-ACCEPT-ALL,P01-L1-LOW-CAL-OFFICIAL-R2:1_PER_CLASS,1,15,1,100,0.42000000000000004,0.4190705128205128,0.42,0.3828
P02-A0-Lee2019_MI-SSL-CBRAMOD-P01-L1-LOW-CAL-OFFICIAL-R2:1_PER_CLASS-MR01,Lee2019_MI,SSL-CBRAMOD,A0-RAW-ACCEPT-ALL,P01-L1-LOW-CAL-OFFICIAL-R2:1_PER_CLASS,1,19,1,100,0.5700000000000001,0.568922305764411,0.57,0.5716
P02-A0-Lee2019_MI-SSL-CBRAMOD-P01-L1-LOW-CAL-OFFICIAL-R2:1_PER_CLASS-MR01,Lee2019_MI,SSL-CBRAMOD,A0-RAW-ACCEPT-ALL,P01-L1-LOW-CAL-OFFICIAL-R2:1_PER_CLASS,1,30,1,100,0.44999999999999996,0.44950455409868884,0.45,0.47
P02-A0-Lee2019_MI-SSL-CBRAMOD-P01-L1-LOW-CAL-OFFICIAL-R2:1_PER_CLASS-MR01,Lee2019_MI,SSL-CBRAMOD,A0-RAW-ACCEPT-ALL,P01-L1-LOW-CAL-OFFICIAL-R2:1_PER_CLASS,1,36,1,100,0.47,0.468671679197995,0.47,0.48
P02-A0-Lee2019_MI-SSL-CBRAMOD-P01-L1-LOW-CAL-OFFICIAL-R2:1_PER_CLASS-MR02,Lee2019_MI,SSL-CBRAMOD,A0-RAW-ACCEPT-ALL,P01-L1-LOW-CAL-OFFICIAL-R2:1_PER_CLASS,2,3,1,100,0.5,0.4791666666666667,0.5,0.47519999999999996
P02-A0-Lee2019_MI-SSL-CBRAMOD-P01-L1-LOW-CAL-OFFICIAL-R2:1_PER_CLASS-MR02,Lee2019_MI,SSL-CBRAMOD,A0-RAW-ACCEPT-ALL,P01-L1-LOW-CAL-OFFICIAL-R2:1_PER_CLASS,2,6,1,100,0.47,0.4542271650705386,0.47,0.48400000000000004
P02-A0-Lee2019_MI-SSL-CBRAMOD-P01-L1-LOW-CAL-OFFICIAL-R2:1_PER_CLASS-MR02,Lee2019_MI,SSL-CBRAMOD,A0-RAW-ACCEPT-ALL,P01-L1-LOW-CAL-OFFICIAL-R2:1_PER_CLASS,2,15,1,100,0.51,0.4987212276214834,0.51,0.47280000000000005
P02-A0-Lee2019_MI-SSL-CBRAMOD-P01-L1-LOW-CAL-OFFICIAL-R2:1_PER_CLASS-MR02,Lee2019_MI,SSL-CBRAMOD,A0-RAW-ACCEPT-ALL,P01-L1-LOW-CAL-OFFICIAL-R2:1_PER_CLASS,2,19,1,100,0.5,0.48686371100164205,0.5,0.5031999999999999
P02-A0-Lee2019_MI-SSL-CBRAMOD-P01-L1-LOW-CAL-OFFICIAL-R2:1_PER_CLASS-MR02,Lee2019_MI,SSL-CBRAMOD,A0-RAW-ACCEPT-ALL,P01-L1-LOW-CAL-OFFICIAL-R2:1_PER_CLASS,2,30,1,100,0.52,0.4851994851994852,0.52,0.5307999999999999
P02-A0-Lee2019_MI-SSL-CBRAMOD-P01-L1-LOW-CAL-OFFICIAL-R2:1_PER_CLASS-MR02,Lee2019_MI,SSL-CBRAMOD,A0-RAW-ACCEPT-ALL,P01-L1-LOW-CAL-OFFICIAL-R2:1_PER_CLASS,2,36,1,100,0.49,0.4858352656517794,0.49,0.5227999999999999
P02-A0-Lee2019_MI-SSL-CBRAMOD-P01-L1-LOW-CAL-OFFICIAL-R2:1_PER_CLASS-MR03,Lee2019_MI,SSL-CBRAMOD,A0-RAW-ACCEPT-ALL,P01-L1-LOW-CAL-OFFICIAL-R2:1_PER_CLASS,3,3,1,100,0.49,0.45599999999999996,0.49,0.4436
P02-A0-Lee2019_MI-SSL-CBRAMOD-P01-L1-LOW-CAL-OFFICIAL-R2:1_PER_CLASS-MR03,Lee2019_MI,SSL-CBRAMOD,A0-RAW-ACCEPT-ALL,P01-L1-LOW-CAL-OFFICIAL-R2:1_PER_CLASS,3,6,1,100,0.49,0.3985139757046821,0.49,0.5167999999999999
P02-A0-Lee2019_MI-SSL-CBRAMOD-P01-L1-LOW-CAL-OFFICIAL-R2:1_PER_CLASS-MR03,Lee2019_MI,SSL-CBRAMOD,A0-RAW-ACCEPT-ALL,P01-L1-LOW-CAL-OFFICIAL-R2:1_PER_CLASS,3,15,1,100,0.5,0.4832575444398512,0.5,0.45319999999999994
P02-A0-Lee2019_MI-SSL-CBRAMOD-P01-L1-LOW-CAL-OFFICIAL-R2:1_PER_CLASS-MR03,Lee2019_MI,SSL-CBRAMOD,A0-RAW-ACCEPT-ALL,P01-L1-LOW-CAL-OFFICIAL-R2:1_PER_CLASS,3,19,1,100,0.5800000000000001,0.5320855614973261,0.58,0.5076
P02-A0-Lee2019_MI-SSL-CBRAMOD-P01-L1-LOW-CAL-OFFICIAL-R2:1_PER_CLASS-MR03,Lee2019_MI,SSL-CBRAMOD,A0-RAW-ACCEPT-ALL,P01-L1-LOW-CAL-OFFICIAL-R2:1_PER_CLASS,3,30,1,100,0.51,0.38557993730407525,0.51,0.47479999999999994
P02-A0-Lee2019_MI-SSL-CBRAMOD-P01-L1-LOW-CAL-OFFICIAL-R2:1_PER_CLASS-MR03,Lee2019_MI,SSL-CBRAMOD,A0-RAW-ACCEPT-ALL,P01-L1-LOW-CAL-OFFICIAL-R2:1_PER_CLASS,3,36,1,100,0.5,0.46374946374946374,0.5,0.5307999999999999
P02-A0-Lee2019_MI-SSL-CBRAMOD-P01-L1-LOW-CAL-OFFICIAL-R2:1_PER_CLASS-MR04,Lee2019_MI,SSL-CBRAMOD,A0-RAW-ACCEPT-ALL,P01-L1-LOW-CAL-OFFICIAL-R2:1_PER_CLASS,4,3,1,100,0.48,0.4357638888888889,0.48,0.4516
P02-A0-Lee2019_MI-SSL-CBRAMOD-P01-L1-LOW-CAL-OFFICIAL-R2:1_PER_CLASS-MR04,Lee2019_MI,SSL-CBRAMOD,A0-RAW-ACCEPT-ALL,P01-L1-LOW-CAL-OFFICIAL-R2:1_PER_CLASS,4,6,1,100,0.5,0.39290917921321034,0.5,0.5056
P02-A0-Lee2019_MI-SSL-CBRAMOD-P01-L1-LOW-CAL-OFFICIAL-R2:1_PER_CLASS-MR04,Lee2019_MI,SSL-CBRAMOD,A0-RAW-ACCEPT-ALL,P01-L1-LOW-CAL-OFFICIAL-R2:1_PER_CLASS,4,15,1,100,0.54,0.5118845500848896,0.54,0.4564
P02-A0-Lee2019_MI-SSL-CBRAMOD-P01-L1-LOW-CAL-OFFICIAL-R2:1_PER_CLASS-MR04,Lee2019_MI,SSL-CBRAMOD,A0-RAW-ACCEPT-ALL,P01-L1-LOW-CAL-OFFICIAL-R2:1_PER_CLASS,4,19,1,100,0.5,0.4255514705882353,0.5,0.5576
P02-A0-Lee2019_MI-SSL-CBRAMOD-P01-L1-LOW-CAL-OFFICIAL-R2:1_PER_CLASS-MR04,Lee2019_MI,SSL-CBRAMOD,A0-RAW-ACCEPT-ALL,P01-L1-LOW-CAL-OFFICIAL-R2:1_PER_CLASS,4,30,1,100,0.53,0.4106583072100314,0.53,0.5327999999999999
P02-A0-Lee2019_MI-SSL-CBRAMOD-P01-L1-LOW-CAL-OFFICIAL-R2:1_PER_CLASS-MR04,Lee2019_MI,SSL-CBRAMOD,A0-RAW-ACCEPT-ALL,P01-L1-LOW-CAL-OFFICIAL-R2:1_PER_CLASS,4,36,1,100,0.56,0.537620849096259,0.56,0.5732
P02-A0-Lee2019_MI-SSL-CBRAMOD-P01-L1-LOW-CAL-OFFICIAL-R2:2_PER_CLASS-MR00,Lee2019_MI,SSL-CBRAMOD,A0-RAW-ACCEPT-ALL,P01-L1-LOW-CAL-OFFICIAL-R2:2_PER_CLASS,0,3,1,100,0.51,0.5095586027424682,0.51,0.48919999999999997
P02-A0-Lee2019_MI-SSL-CBRAMOD-P01-L1-LOW-CAL-OFFICIAL-R2:2_PER_CLASS-MR00,Lee2019_MI,SSL-CBRAMOD,A0-RAW-ACCEPT-ALL,P01-L1-LOW-CAL-OFFICIAL-R2:2_PER_CLASS,0,6,1,100,0.47,0.4542271650705386,0.47,0.5027999999999999
P02-A0-Lee2019_MI-SSL-CBRAMOD-P01-L1-LOW-CAL-OFFICIAL-R2:2_PER_CLASS-MR00,Lee2019_MI,SSL-CBRAMOD,A0-RAW-ACCEPT-ALL,P01-L1-LOW-CAL-OFFICIAL-R2:2_PER_CLASS,0,15,1,100,0.42000000000000004,0.41976790716286516,0.42,0.39759999999999995
P02-A0-Lee2019_MI-SSL-CBRAMOD-P01-L1-LOW-CAL-OFFICIAL-R2:2_PER_CLASS-MR00,Lee2019_MI,SSL-CBRAMOD,A0-RAW-ACCEPT-ALL,P01-L1-LOW-CAL-OFFICIAL-R2:2_PER_CLASS,0,19,1,100,0.51,0.49541756770672435,0.51,0.528
P02-A0-Lee2019_MI-SSL-CBRAMOD-P01-L1-LOW-CAL-OFFICIAL-R2:2_PER_CLASS-MR00,Lee2019_MI,SSL-CBRAMOD,A0-RAW-ACCEPT-ALL,P01-L1-LOW-CAL-OFFICIAL-R2:2_PER_CLASS,0,30,1,100,0.45999999999999996,0.45211038961038963,0.46,0.4968
P02-A0-Lee2019_MI-SSL-CBRAMOD-P01-L1-LOW-CAL-OFFICIAL-R2:2_PER_CLASS-MR00,Lee2019_MI,SSL-CBRAMOD,A0-RAW-ACCEPT-ALL,P01-L1-LOW-CAL-OFFICIAL-R2:2_PER_CLASS,0,36,1,100,0.46,0.44191814799503926,0.46,0.4904
P02-A0-Lee2019_MI-SSL-CBRAMOD-P01-L1-LOW-CAL-OFFICIAL-R2:2_PER_CLASS-MR01,Lee2019_MI,SSL-CBRAMOD,A0-RAW-ACCEPT-ALL,P01-L1-LOW-CAL-OFFICIAL-R2:2_PER_CLASS,1,3,1,100,0.44999999999999996,0.35133860125014743,0.45,0.484
P02-A0-Lee2019_MI-SSL-CBRAMOD-P01-L1-LOW-CAL-OFFICIAL-R2:2_PER_CLASS-MR01,Lee2019_MI,SSL-CBRAMOD,A0-RAW-ACCEPT-ALL,P01-L1-LOW-CAL-OFFICIAL-R2:2_PER_CLASS,1,6,1,100,0.51,0.3551783129359126,0.51,0.45239999999999997
P02-A0-Lee2019_MI-SSL-CBRAMOD-P01-L1-LOW-CAL-OFFICIAL-R2:2_PER_CLASS-MR01,Lee2019_MI,SSL-CBRAMOD,A0-RAW-ACCEPT-ALL,P01-L1-LOW-CAL-OFFICIAL-R2:2_PER_CLASS,1,15,1,100,0.51,0.43227899432278993,0.51,0.4016
P02-A0-Lee2019_MI-SSL-CBRAMOD-P01-L1-LOW-CAL-OFFICIAL-R2:2_PER_CLASS-MR01,Lee2019_MI,SSL-CBRAMOD,A0-RAW-ACCEPT-ALL,P01-L1-LOW-CAL-OFFICIAL-R2:2_PER_CLASS,1,19,1,100,0.48,0.38095238095238093,0.48,0.5032
P02-A0-Lee2019_MI-SSL-CBRAMOD-P01-L1-LOW-CAL-OFFICIAL-R2:2_PER_CLASS-MR01,Lee2019_MI,SSL-CBRAMOD,A0-RAW-ACCEPT-ALL,P01-L1-LOW-CAL-OFFICIAL-R2:2_PER_CLASS,1,30,1,100,0.5,0.3333333333333333,0.5,0.49400000000000005
P02-A0-Lee2019_MI-SSL-CBRAMOD-P01-L1-LOW-CAL-OFFICIAL-R2:2_PER_CLASS-MR01,Lee2019_MI,SSL-CBRAMOD,A0-RAW-ACCEPT-ALL,P01-L1-LOW-CAL-OFFICIAL-R2:2_PER_CLASS,1,36,1,100,0.48000000000000004,0.4206773618538324,0.48,0.502
P02-A0-Lee2019_MI-SSL-CBRAMOD-P01-L1-LOW-CAL-OFFICIAL-R2:2_PER_CLASS-MR02,Lee2019_MI,SSL-CBRAMOD,A0-RAW-ACCEPT-ALL,P01-L1-LOW-CAL-OFFICIAL-R2:2_PER_CLASS,2,3,1,100,0.4,0.4,0.4,0.4152
P02-A0-Lee2019_MI-SSL-CBRAMOD-P01-L1-LOW-CAL-OFFICIAL-R2:2_PER_CLASS-MR02,Lee2019_MI,SSL-CBRAMOD,A0-RAW-ACCEPT-ALL,P01-L1-LOW-CAL-OFFICIAL-R2:2_PER_CLASS,2,6,1,100,0.49,0.48748869460355737,0.49,0.5344
P02-A0-Lee2019_MI-SSL-CBRAMOD-P01-L1-LOW-CAL-OFFICIAL-R2:2_PER_CLASS-MR02,Lee2019_MI,SSL-CBRAMOD,A0-RAW-ACCEPT-ALL,P01-L1-LOW-CAL-OFFICIAL-R2:2_PER_CLASS,2,15,1,100,0.38,0.37094155844155846,0.38,0.3708
P02-A0-Lee2019_MI-SSL-CBRAMOD-P01-L1-LOW-CAL-OFFICIAL-R2:2_PER_CLASS-MR02,Lee2019_MI,SSL-CBRAMOD,A0-RAW-ACCEPT-ALL,P01-L1-LOW-CAL-OFFICIAL-R2:2_PER_CLASS,2,19,1,100,0.5900000000000001,0.5896306676008407,0.59,0.512
P02-A0-Lee2019_MI-SSL-CBRAMOD-P01-L1-LOW-CAL-OFFICIAL-R2:2_PER_CLASS-MR02,Lee2019_MI,SSL-CBRAMOD,A0-RAW-ACCEPT-ALL,P01-L1-LOW-CAL-OFFICIAL-R2:2_PER_CLASS,2,30,1,100,0.48,0.4781212364512244,0.48,0.522
P02-A0-Lee2019_MI-SSL-CBRAMOD-P01-L1-LOW-CAL-OFFICIAL-R2:2_PER_CLASS-MR02,Lee2019_MI,SSL-CBRAMOD,A0-RAW-ACCEPT-ALL,P01-L1-LOW-CAL-OFFICIAL-R2:2_PER_CLASS,2,36,1,100,0.47,0.468671679197995,0.47,0.4384
P02-A0-Lee2019_MI-SSL-CBRAMOD-P01-L1-LOW-CAL-OFFICIAL-R2:2_PER_CLASS-MR03,Lee2019_MI,SSL-CBRAMOD,A0-RAW-ACCEPT-ALL,P01-L1-LOW-CAL-OFFICIAL-R2:2_PER_CLASS,3,3,1,100,0.5,0.37996031746031744,0.5,0.4612
P02-A0-Lee2019_MI-SSL-CBRAMOD-P01-L1-LOW-CAL-OFFICIAL-R2:2_PER_CLASS-MR03,Lee2019_MI,SSL-CBRAMOD,A0-RAW-ACCEPT-ALL,P01-L1-LOW-CAL-OFFICIAL-R2:2_PER_CLASS,3,6,1,100,0.5,0.3333333333333333,0.5,0.46319999999999995
P02-A0-Lee2019_MI-SSL-CBRAMOD-P01-L1-LOW-CAL-OFFICIAL-R2:2_PER_CLASS-MR03,Lee2019_MI,SSL-CBRAMOD,A0-RAW-ACCEPT-ALL,P01-L1-LOW-CAL-OFFICIAL-R2:2_PER_CLASS,3,15,1,100,0.51,0.4109868974636375,0.51,0.37160000000000004
P02-A0-Lee2019_MI-SSL-CBRAMOD-P01-L1-LOW-CAL-OFFICIAL-R2:2_PER_CLASS-MR03,Lee2019_MI,SSL-CBRAMOD,A0-RAW-ACCEPT-ALL,P01-L1-LOW-CAL-OFFICIAL-R2:2_PER_CLASS,3,19,1,100,0.5,0.36580416032470825,0.5,0.5368
P02-A0-Lee2019_MI-SSL-CBRAMOD-P01-L1-LOW-CAL-OFFICIAL-R2:2_PER_CLASS-MR03,Lee2019_MI,SSL-CBRAMOD,A0-RAW-ACCEPT-ALL,P01-L1-LOW-CAL-OFFICIAL-R2:2_PER_CLASS,3,30,1,100,0.5,0.3333333333333333,0.5,0.4492
P02-A0-Lee2019_MI-SSL-CBRAMOD-P01-L1-LOW-CAL-OFFICIAL-R2:2_PER_CLASS-MR03,Lee2019_MI,SSL-CBRAMOD,A0-RAW-ACCEPT-ALL,P01-L1-LOW-CAL-OFFICIAL-R2:2_PER_CLASS,3,36,1,100,0.51,0.4109868974636375,0.51,0.5252
P02-A0-Lee2019_MI-SSL-CBRAMOD-P01-L1-LOW-CAL-OFFICIAL-R2:2_PER_CLASS-MR04,Lee2019_MI,SSL-CBRAMOD,A0-RAW-ACCEPT-ALL,P01-L1-LOW-CAL-OFFICIAL-R2:2_PER_CLASS,4,3,1,100,0.44999999999999996,0.35133860125014743,0.45,0.44680000000000003
P02-A0-Lee2019_MI-SSL-CBRAMOD-P01-L1-LOW-CAL-OFFICIAL-R2:2_PER_CLASS-MR04,Lee2019_MI,SSL-CBRAMOD,A0-RAW-ACCEPT-ALL,P01-L1-LOW-CAL-OFFICIAL-R2:2_PER_CLASS,4,6,1,100,0.49,0.3605015673981191,0.49,0.4292
P02-A0-Lee2019_MI-SSL-CBRAMOD-P01-L1-LOW-CAL-OFFICIAL-R2:2_PER_CLASS-MR04,Lee2019_MI,SSL-CBRAMOD,A0-RAW-ACCEPT-ALL,P01-L1-LOW-CAL-OFFICIAL-R2:2_PER_CLASS,4,15,1,100,0.49,0.3985139757046821,0.49,0.4088
P02-A0-Lee2019_MI-SSL-CBRAMOD-P01-L1-LOW-CAL-OFFICIAL-R2:2_PER_CLASS-MR04,Lee2019_MI,SSL-CBRAMOD,A0-RAW-ACCEPT-ALL,P01-L1-LOW-CAL-OFFICIAL-R2:2_PER_CLASS,4,19,1,100,0.48,0.3686255463817387,0.48,0.47040000000000004
P02-A0-Lee2019_MI-SSL-CBRAMOD-P01-L1-LOW-CAL-OFFICIAL-R2:2_PER_CLASS-MR04,Lee2019_MI,SSL-CBRAMOD,A0-RAW-ACCEPT-ALL,P01-L1-LOW-CAL-OFFICIAL-R2:2_PER_CLASS,4,30,1,100,0.49,0.3288590604026846,0.49,0.46399999999999997
P02-A0-Lee2019_MI-SSL-CBRAMOD-P01-L1-LOW-CAL-OFFICIAL-R2:2_PER_CLASS-MR04,Lee2019_MI,SSL-CBRAMOD,A0-RAW-ACCEPT-ALL,P01-L1-LOW-CAL-OFFICIAL-R2:2_PER_CLASS,4,36,1,100,0.53,0.4554512802687985,0.53,0.4364
P02-A0-Lee2019_MI-SSL-CBRAMOD-P01-L1-LOW-CAL-OFFICIAL-R2:4_PER_CLASS-MR00,Lee2019_MI,SSL-CBRAMOD,A0-RAW-ACCEPT-ALL,P01-L1-LOW-CAL-OFFICIAL-R2:4_PER_CLASS,0,3,1,100,0.52,0.49066213921901525,0.52,0.4736
P02-A0-Lee2019_MI-SSL-CBRAMOD-P01-L1-LOW-CAL-OFFICIAL-R2:4_PER_CLASS-MR00,Lee2019_MI,SSL-CBRAMOD,A0-RAW-ACCEPT-ALL,P01-L1-LOW-CAL-OFFICIAL-R2:4_PER_CLASS,0,6,1,100,0.49,0.4276736617663562,0.49,0.4928
P02-A0-Lee2019_MI-SSL-CBRAMOD-P01-L1-LOW-CAL-OFFICIAL-R2:4_PER_CLASS-MR00,Lee2019_MI,SSL-CBRAMOD,A0-RAW-ACCEPT-ALL,P01-L1-LOW-CAL-OFFICIAL-R2:4_PER_CLASS,0,15,1,100,0.5,0.4574652777777778,0.5,0.4464
P02-A0-Lee2019_MI-SSL-CBRAMOD-P01-L1-LOW-CAL-OFFICIAL-R2:4_PER_CLASS-MR00,Lee2019_MI,SSL-CBRAMOD,A0-RAW-ACCEPT-ALL,P01-L1-LOW-CAL-OFFICIAL-R2:4_PER_CLASS,0,19,1,100,0.54,0.47987336047037543,0.54,0.5628
P02-A0-Lee2019_MI-SSL-CBRAMOD-P01-L1-LOW-CAL-OFFICIAL-R2:4_PER_CLASS-MR00,Lee2019_MI,SSL-CBRAMOD,A0-RAW-ACCEPT-ALL,P01-L1-LOW-CAL-OFFICIAL-R2:4_PER_CLASS,0,30,1,100,0.46,0.33035714285714285,0.46,0.47640000000000005
P02-A0-Lee2019_MI-SSL-CBRAMOD-P01-L1-LOW-CAL-OFFICIAL-R2:4_PER_CLASS-MR00,Lee2019_MI,SSL-CBRAMOD,A0-RAW-ACCEPT-ALL,P01-L1-LOW-CAL-OFFICIAL-R2:4_PER_CLASS,0,36,1,100,0.46,0.43253467843631777,0.46,0.43479999999999996
P02-A0-Lee2019_MI-SSL-CBRAMOD-P01-L1-LOW-CAL-OFFICIAL-R2:4_PER_CLASS-MR01,Lee2019_MI,SSL-CBRAMOD,A0-RAW-ACCEPT-ALL,P01-L1-LOW-CAL-OFFICIAL-R2:4_PER_CLASS,1,3,1,100,0.54,0.5353535353535354,0.54,0.5512
P02-A0-Lee2019_MI-SSL-CBRAMOD-P01-L1-LOW-CAL-OFFICIAL-R2:4_PER_CLASS-MR01,Lee2019_MI,SSL-CBRAMOD,A0-RAW-ACCEPT-ALL,P01-L1-LOW-CAL-OFFICIAL-R2:4_PER_CLASS,1,6,1,100,0.49,0.4858352656517794,0.49,0.4976
P02-A0-Lee2019_MI-SSL-CBRAMOD-P01-L1-LOW-CAL-OFFICIAL-R2:4_PER_CLASS-MR01,Lee2019_MI,SSL-CBRAMOD,A0-RAW-ACCEPT-ALL,P01-L1-LOW-CAL-OFFICIAL-R2:4_PER_CLASS,1,15,1,100,0.45999999999999996,0.45978391356542614,0.46,0.4648
P02-A0-Lee2019_MI-SSL-CBRAMOD-P01-L1-LOW-CAL-OFFICIAL-R2:4_PER_CLASS-MR01,Lee2019_MI,SSL-CBRAMOD,A0-RAW-ACCEPT-ALL,P01-L1-LOW-CAL-OFFICIAL-R2:4_PER_CLASS,1,19,1,100,0.54,0.5353535353535354,0.54,0.5532
P02-A0-Lee2019_MI-SSL-CBRAMOD-P01-L1-LOW-CAL-OFFICIAL-R2:4_PER_CLASS-MR01,Lee2019_MI,SSL-CBRAMOD,A0-RAW-ACCEPT-ALL,P01-L1-LOW-CAL-OFFICIAL-R2:4_PER_CLASS,1,30,1,100,0.49,0.4895405865278751,0.49,0.4628
P02-A0-Lee2019_MI-SSL-CBRAMOD-P01-L1-LOW-CAL-OFFICIAL-R2:4_PER_CLASS-MR01,Lee2019_MI,SSL-CBRAMOD,A0-RAW-ACCEPT-ALL,P01-L1-LOW-CAL-OFFICIAL-R2:4_PER_CLASS,1,36,1,100,0.48,0.46960424316605465,0.48,0.4296
P02-A0-Lee2019_MI-SSL-CBRAMOD-P01-L1-LOW-CAL-OFFICIAL-R2:4_PER_CLASS-MR02,Lee2019_MI,SSL-CBRAMOD,A0-RAW-ACCEPT-ALL,P01-L1-LOW-CAL-OFFICIAL-R2:4_PER_CLASS,2,3,1,100,0.49,0.4895405865278751,0.49,0.5336000000000001
P02-A0-Lee2019_MI-SSL-CBRAMOD-P01-L1-LOW-CAL-OFFICIAL-R2:4_PER_CLASS-MR02,Lee2019_MI,SSL-CBRAMOD,A0-RAW-ACCEPT-ALL,P01-L1-LOW-CAL-OFFICIAL-R2:4_PER_CLASS,2,6,1,100,0.5,0.5,0.5,0.5156000000000001
P02-A0-Lee2019_MI-SSL-CBRAMOD-P01-L1-LOW-CAL-OFFICIAL-R2:4_PER_CLASS-MR02,Lee2019_MI,SSL-CBRAMOD,A0-RAW-ACCEPT-ALL,P01-L1-LOW-CAL-OFFICIAL-R2:4_PER_CLASS,2,15,1,100,0.46,0.45454545454545453,0.46,0.474
P02-A0-Lee2019_MI-SSL-CBRAMOD-P01-L1-LOW-CAL-OFFICIAL-R2:4_PER_CLASS-MR02,Lee2019_MI,SSL-CBRAMOD,A0-RAW-ACCEPT-ALL,P01-L1-LOW-CAL-OFFICIAL-R2:4_PER_CLASS,2,19,1,100,0.54,0.5398159263705482,0.54,0.5764
P02-A0-Lee2019_MI-SSL-CBRAMOD-P01-L1-LOW-CAL-OFFICIAL-R2:4_PER_CLASS-MR02,Lee2019_MI,SSL-CBRAMOD,A0-RAW-ACCEPT-ALL,P01-L1-LOW-CAL-OFFICIAL-R2:4_PER_CLASS,2,30,1,100,0.51,0.5075871771681237,0.51,0.504
P02-A0-Lee2019_MI-SSL-CBRAMOD-P01-L1-LOW-CAL-OFFICIAL-R2:4_PER_CLASS-MR02,Lee2019_MI,SSL-CBRAMOD,A0-RAW-ACCEPT-ALL,P01-L1-LOW-CAL-OFFICIAL-R2:4_PER_CLASS,2,36,1,100,0.48,0.47916666666666663,0.48,0.43879999999999997
P02-A0-Lee2019_MI-SSL-CBRAMOD-P01-L1-LOW-CAL-OFFICIAL-R2:4_PER_CLASS-MR03,Lee2019_MI,SSL-CBRAMOD,A0-RAW-ACCEPT-ALL,P01-L1-LOW-CAL-OFFICIAL-R2:4_PER_CLASS,3,3,1,100,0.58,0.5716034271725826,0.58,0.5648
P02-A0-Lee2019_MI-SSL-CBRAMOD-P01-L1-LOW-CAL-OFFICIAL-R2:4_PER_CLASS-MR03,Lee2019_MI,SSL-CBRAMOD,A0-RAW-ACCEPT-ALL,P01-L1-LOW-CAL-OFFICIAL-R2:4_PER_CLASS,3,6,1,100,0.42000000000000004,0.4084047327621379,0.42,0.39759999999999995
P02-A0-Lee2019_MI-SSL-CBRAMOD-P01-L1-LOW-CAL-OFFICIAL-R2:4_PER_CLASS-MR03,Lee2019_MI,SSL-CBRAMOD,A0-RAW-ACCEPT-ALL,P01-L1-LOW-CAL-OFFICIAL-R2:4_PER_CLASS,3,15,1,100,0.45,0.4294013901857039,0.45,0.4431999999999999
P02-A0-Lee2019_MI-SSL-CBRAMOD-P01-L1-LOW-CAL-OFFICIAL-R2:4_PER_CLASS-MR03,Lee2019_MI,SSL-CBRAMOD,A0-RAW-ACCEPT-ALL,P01-L1-LOW-CAL-OFFICIAL-R2:4_PER_CLASS,3,19,1,100,0.51,0.5059985885673959,0.51,0.5448
P02-A0-Lee2019_MI-SSL-CBRAMOD-P01-L1-LOW-CAL-OFFICIAL-R2:4_PER_CLASS-MR03,Lee2019_MI,SSL-CBRAMOD,A0-RAW-ACCEPT-ALL,P01-L1-LOW-CAL-OFFICIAL-R2:4_PER_CLASS,3,30,1,100,0.45,0.41927990708478513,0.45,0.4784
P02-A0-Lee2019_MI-SSL-CBRAMOD-P01-L1-LOW-CAL-OFFICIAL-R2:4_PER_CLASS-MR03,Lee2019_MI,SSL-CBRAMOD,A0-RAW-ACCEPT-ALL,P01-L1-LOW-CAL-OFFICIAL-R2:4_PER_CLASS,3,36,1,100,0.51,0.4916485112563544,0.51,0.5316
P02-A0-Lee2019_MI-SSL-CBRAMOD-P01-L1-LOW-CAL-OFFICIAL-R2:4_PER_CLASS-MR04,Lee2019_MI,SSL-CBRAMOD,A0-RAW-ACCEPT-ALL,P01-L1-LOW-CAL-OFFICIAL-R2:4_PER_CLASS,4,3,1,100,0.5,0.415614773258532,0.5,0.4868
P02-A0-Lee2019_MI-SSL-CBRAMOD-P01-L1-LOW-CAL-OFFICIAL-R2:4_PER_CLASS-MR04,Lee2019_MI,SSL-CBRAMOD,A0-RAW-ACCEPT-ALL,P01-L1-LOW-CAL-OFFICIAL-R2:4_PER_CLASS,4,6,1,100,0.48000000000000004,0.4206773618538324,0.48,0.478
P02-A0-Lee2019_MI-SSL-CBRAMOD-P01-L1-LOW-CAL-OFFICIAL-R2:4_PER_CLASS-MR04,Lee2019_MI,SSL-CBRAMOD,A0-RAW-ACCEPT-ALL,P01-L1-LOW-CAL-OFFICIAL-R2:4_PER_CLASS,4,15,1,100,0.49,0.3985139757046821,0.49,0.426
P02-A0-Lee2019_MI-SSL-CBRAMOD-P01-L1-LOW-CAL-OFFICIAL-R2:4_PER_CLASS-MR04,Lee2019_MI,SSL-CBRAMOD,A0-RAW-ACCEPT-ALL,P01-L1-LOW-CAL-OFFICIAL-R2:4_PER_CLASS,4,19,1,100,0.53,0.4456893501592169,0.53,0.4688
P02-A0-Lee2019_MI-SSL-CBRAMOD-P01-L1-LOW-CAL-OFFICIAL-R2:4_PER_CLASS-MR04,Lee2019_MI,SSL-CBRAMOD,A0-RAW-ACCEPT-ALL,P01-L1-LOW-CAL-OFFICIAL-R2:4_PER_CLASS,4,30,1,100,0.5,0.37996031746031744,0.5,0.47
P02-A0-Lee2019_MI-SSL-CBRAMOD-P01-L1-LOW-CAL-OFFICIAL-R2:4_PER_CLASS-MR04,Lee2019_MI,SSL-CBRAMOD,A0-RAW-ACCEPT-ALL,P01-L1-LOW-CAL-OFFICIAL-R2:4_PER_CLASS,4,36,1,100,0.5,0.415614773258532,0.5,0.4612
P02-A0-Lee2019_MI-SSL-CBRAMOD-P01-L1-LOW-CAL-OFFICIAL-R2:8_PER_CLASS-MR00,Lee2019_MI,SSL-CBRAMOD,A0-RAW-ACCEPT-ALL,P01-L1-LOW-CAL-OFFICIAL-R2:8_PER_CLASS,0,3,1,100,0.58,0.58,0.58,0.5808000000000001
P02-A0-Lee2019_MI-SSL-CBRAMOD-P01-L1-LOW-CAL-OFFICIAL-R2:8_PER_CLASS-MR00,Lee2019_MI,SSL-CBRAMOD,A0-RAW-ACCEPT-ALL,P01-L1-LOW-CAL-OFFICIAL-R2:8_PER_CLASS,0,6,1,100,0.56,0.5571658615136876,0.56,0.5976
P02-A0-Lee2019_MI-SSL-CBRAMOD-P01-L1-LOW-CAL-OFFICIAL-R2:8_PER_CLASS-MR00,Lee2019_MI,SSL-CBRAMOD,A0-RAW-ACCEPT-ALL,P01-L1-LOW-CAL-OFFICIAL-R2:8_PER_CLASS,0,15,1,100,0.47,0.46994699469946993,0.47,0.4768
P02-A0-Lee2019_MI-SSL-CBRAMOD-P01-L1-LOW-CAL-OFFICIAL-R2:8_PER_CLASS-MR00,Lee2019_MI,SSL-CBRAMOD,A0-RAW-ACCEPT-ALL,P01-L1-LOW-CAL-OFFICIAL-R2:8_PER_CLASS,0,19,1,100,0.5,0.4900040799673603,0.5,0.5204000000000001
P02-A0-Lee2019_MI-SSL-CBRAMOD-P01-L1-LOW-CAL-OFFICIAL-R2:8_PER_CLASS-MR00,Lee2019_MI,SSL-CBRAMOD,A0-RAW-ACCEPT-ALL,P01-L1-LOW-CAL-OFFICIAL-R2:8_PER_CLASS,0,30,1,100,0.47000000000000003,0.4052294916395466,0.47,0.4924
P02-A0-Lee2019_MI-SSL-CBRAMOD-P01-L1-LOW-CAL-OFFICIAL-R2:8_PER_CLASS-MR00,Lee2019_MI,SSL-CBRAMOD,A0-RAW-ACCEPT-ALL,P01-L1-LOW-CAL-OFFICIAL-R2:8_PER_CLASS,0,36,1,100,0.42,0.4179044560417503,0.42,0.4112
P02-A0-Lee2019_MI-SSL-CBRAMOD-P01-L1-LOW-CAL-OFFICIAL-R2:8_PER_CLASS-MR01,Lee2019_MI,SSL-CBRAMOD,A0-RAW-ACCEPT-ALL,P01-L1-LOW-CAL-OFFICIAL-R2:8_PER_CLASS,1,3,1,100,0.55,0.5463252343986289,0.55,0.5616
P02-A0-Lee2019_MI-SSL-CBRAMOD-P01-L1-LOW-CAL-OFFICIAL-R2:8_PER_CLASS-MR01,Lee2019_MI,SSL-CBRAMOD,A0-RAW-ACCEPT-ALL,P01-L1-LOW-CAL-OFFICIAL-R2:8_PER_CLASS,1,6,1,100,0.53,0.5219204557013528,0.53,0.5572
P02-A0-Lee2019_MI-SSL-CBRAMOD-P01-L1-LOW-CAL-OFFICIAL-R2:8_PER_CLASS-MR01,Lee2019_MI,SSL-CBRAMOD,A0-RAW-ACCEPT-ALL,P01-L1-LOW-CAL-OFFICIAL-R2:8_PER_CLASS,1,15,1,100,0.52,0.5182657567242072,0.52,0.516
P02-A0-Lee2019_MI-SSL-CBRAMOD-P01-L1-LOW-CAL-OFFICIAL-R2:8_PER_CLASS-MR01,Lee2019_MI,SSL-CBRAMOD,A0-RAW-ACCEPT-ALL,P01-L1-LOW-CAL-OFFICIAL-R2:8_PER_CLASS,1,19,1,100,0.54,0.5308037535699714,0.54,0.5148
P02-A0-Lee2019_MI-SSL-CBRAMOD-P01-L1-LOW-CAL-OFFICIAL-R2:8_PER_CLASS-MR01,Lee2019_MI,SSL-CBRAMOD,A0-RAW-ACCEPT-ALL,P01-L1-LOW-CAL-OFFICIAL-R2:8_PER_CLASS,1,30,1,100,0.52,0.4485294117647059,0.52,0.4568
P02-A0-Lee2019_MI-SSL-CBRAMOD-P01-L1-LOW-CAL-OFFICIAL-R2:8_PER_CLASS-MR01,Lee2019_MI,SSL-CBRAMOD,A0-RAW-ACCEPT-ALL,P01-L1-LOW-CAL-OFFICIAL-R2:8_PER_CLASS,1,36,1,100,0.46,0.44191814799503926,0.46,0.4296
P02-A0-Lee2019_MI-SSL-CBRAMOD-P01-L1-LOW-CAL-OFFICIAL-R2:8_PER_CLASS-MR02,Lee2019_MI,SSL-CBRAMOD,A0-RAW-ACCEPT-ALL,P01-L1-LOW-CAL-OFFICIAL-R2:8_PER_CLASS,2,3,1,100,0.5,0.49979991996798717,0.5,0.5072
P02-A0-Lee2019_MI-SSL-CBRAMOD-P01-L1-LOW-CAL-OFFICIAL-R2:8_PER_CLASS-MR02,Lee2019_MI,SSL-CBRAMOD,A0-RAW-ACCEPT-ALL,P01-L1-LOW-CAL-OFFICIAL-R2:8_PER_CLASS,2,6,1,100,0.5700000000000001,0.568922305764411,0.57,0.6092
P02-A0-Lee2019_MI-SSL-CBRAMOD-P01-L1-LOW-CAL-OFFICIAL-R2:8_PER_CLASS-MR02,Lee2019_MI,SSL-CBRAMOD,A0-RAW-ACCEPT-ALL,P01-L1-LOW-CAL-OFFICIAL-R2:8_PER_CLASS,2,15,1,100,0.5700000000000001,0.5696126513862476,0.57,0.524
P02-A0-Lee2019_MI-SSL-CBRAMOD-P01-L1-LOW-CAL-OFFICIAL-R2:8_PER_CLASS-MR02,Lee2019_MI,SSL-CBRAMOD,A0-RAW-ACCEPT-ALL,P01-L1-LOW-CAL-OFFICIAL-R2:8_PER_CLASS,2,19,1,100,0.53,0.5160127690248172,0.53,0.5444
P02-A0-Lee2019_MI-SSL-CBRAMOD-P01-L1-LOW-CAL-OFFICIAL-R2:8_PER_CLASS-MR02,Lee2019_MI,SSL-CBRAMOD,A0-RAW-ACCEPT-ALL,P01-L1-LOW-CAL-OFFICIAL-R2:8_PER_CLASS,2,30,1,100,0.44999999999999996,0.40675223816201056,0.45,0.4512
P02-A0-Lee2019_MI-SSL-CBRAMOD-P01-L1-LOW-CAL-OFFICIAL-R2:8_PER_CLASS-MR02,Lee2019_MI,SSL-CBRAMOD,A0-RAW-ACCEPT-ALL,P01-L1-LOW-CAL-OFFICIAL-R2:8_PER_CLASS,2,36,1,100,0.43000000000000005,0.42534529690492995,0.43,0.4164
P02-A0-Lee2019_MI-SSL-CBRAMOD-P01-L1-LOW-CAL-OFFICIAL-R2:8_PER_CLASS-MR03,Lee2019_MI,SSL-CBRAMOD,A0-RAW-ACCEPT-ALL,P01-L1-LOW-CAL-OFFICIAL-R2:8_PER_CLASS,3,3,1,100,0.48,0.47916666666666663,0.48,0.4728
P02-A0-Lee2019_MI-SSL-CBRAMOD-P01-L1-LOW-CAL-OFFICIAL-R2:8_PER_CLASS-MR03,Lee2019_MI,SSL-CBRAMOD,A0-RAW-ACCEPT-ALL,P01-L1-LOW-CAL-OFFICIAL-R2:8_PER_CLASS,3,6,1,100,0.51,0.5095586027424682,0.51,0.488
P02-A0-Lee2019_MI-SSL-CBRAMOD-P01-L1-LOW-CAL-OFFICIAL-R2:8_PER_CLASS-MR03,Lee2019_MI,SSL-CBRAMOD,A0-RAW-ACCEPT-ALL,P01-L1-LOW-CAL-OFFICIAL-R2:8_PER_CLASS,3,15,1,100,0.56,0.5535714285714286,0.56,0.5516000000000001
P02-A0-Lee2019_MI-SSL-CBRAMOD-P01-L1-LOW-CAL-OFFICIAL-R2:8_PER_CLASS-MR03,Lee2019_MI,SSL-CBRAMOD,A0-RAW-ACCEPT-ALL,P01-L1-LOW-CAL-OFFICIAL-R2:8_PER_CLASS,3,19,1,100,0.51,0.50995099509951,0.51,0.47839999999999994
P02-A0-Lee2019_MI-SSL-CBRAMOD-P01-L1-LOW-CAL-OFFICIAL-R2:8_PER_CLASS-MR03,Lee2019_MI,SSL-CBRAMOD,A0-RAW-ACCEPT-ALL,P01-L1-LOW-CAL-OFFICIAL-R2:8_PER_CLASS,3,30,1,100,0.52,0.5073891625615763,0.52,0.4964
P02-A0-Lee2019_MI-SSL-CBRAMOD-P01-L1-LOW-CAL-OFFICIAL-R2:8_PER_CLASS-MR03,Lee2019_MI,SSL-CBRAMOD,A0-RAW-ACCEPT-ALL,P01-L1-LOW-CAL-OFFICIAL-R2:8_PER_CLASS,3,36,1,100,0.44000000000000006,0.43434343434343436,0.44,0.4556
P02-A0-Lee2019_MI-SSL-CBRAMOD-P01-L1-LOW-CAL-OFFICIAL-R2:8_PER_CLASS-MR04,Lee2019_MI,SSL-CBRAMOD,A0-RAW-ACCEPT-ALL,P01-L1-LOW-CAL-OFFICIAL-R2:8_PER_CLASS,4,3,1,100,0.55,0.5331465919701214,0.55,0.5296000000000001
P02-A0-Lee2019_MI-SSL-CBRAMOD-P01-L1-LOW-CAL-OFFICIAL-R2:8_PER_CLASS-MR04,Lee2019_MI,SSL-CBRAMOD,A0-RAW-ACCEPT-ALL,P01-L1-LOW-CAL-OFFICIAL-R2:8_PER_CLASS,4,6,1,100,0.54,0.4875222816399287,0.54,0.6224
P02-A0-Lee2019_MI-SSL-CBRAMOD-P01-L1-LOW-CAL-OFFICIAL-R2:8_PER_CLASS-MR04,Lee2019_MI,SSL-CBRAMOD,A0-RAW-ACCEPT-ALL,P01-L1-LOW-CAL-OFFICIAL-R2:8_PER_CLASS,4,15,1,100,0.52,0.4725274725274725,0.52,0.5351999999999999
P02-A0-Lee2019_MI-SSL-CBRAMOD-P01-L1-LOW-CAL-OFFICIAL-R2:8_PER_CLASS-MR04,Lee2019_MI,SSL-CBRAMOD,A0-RAW-ACCEPT-ALL,P01-L1-LOW-CAL-OFFICIAL-R2:8_PER_CLASS,4,19,1,100,0.52,0.4652406417112299,0.52,0.5336000000000001
P02-A0-Lee2019_MI-SSL-CBRAMOD-P01-L1-LOW-CAL-OFFICIAL-R2:8_PER_CLASS-MR04,Lee2019_MI,SSL-CBRAMOD,A0-RAW-ACCEPT-ALL,P01-L1-LOW-CAL-OFFICIAL-R2:8_PER_CLASS,4,30,1,100,0.48000000000000004,0.3551587301587301,0.48,0.4988
P02-A0-Lee2019_MI-SSL-CBRAMOD-P01-L1-LOW-CAL-OFFICIAL-R2:8_PER_CLASS-MR04,Lee2019_MI,SSL-CBRAMOD,A0-RAW-ACCEPT-ALL,P01-L1-LOW-CAL-OFFICIAL-R2:8_PER_CLASS,4,36,1,100,0.52,0.4725274725274725,0.52,0.5024
P02-A0-Lee2019_MI-SSL-CBRAMOD-P01-L1-LOW-CAL-OFFICIAL-R2:16_PER_CLASS-MR00,Lee2019_MI,SSL-CBRAMOD,A0-RAW-ACCEPT-ALL,P01-L1-LOW-CAL-OFFICIAL-R2:16_PER_CLASS,0,3,1,100,0.5,0.4949494949494949,0.5,0.5204
P02-A0-Lee2019_MI-SSL-CBRAMOD-P01-L1-LOW-CAL-OFFICIAL-R2:16_PER_CLASS-MR00,Lee2019_MI,SSL-CBRAMOD,A0-RAW-ACCEPT-ALL,P01-L1-LOW-CAL-OFFICIAL-R2:16_PER_CLASS,0,6,1,100,0.53,0.52995299529953,0.53,0.518
P02-A0-Lee2019_MI-SSL-CBRAMOD-P01-L1-LOW-CAL-OFFICIAL-R2:16_PER_CLASS-MR00,Lee2019_MI,SSL-CBRAMOD,A0-RAW-ACCEPT-ALL,P01-L1-LOW-CAL-OFFICIAL-R2:16_PER_CLASS,0,15,1,100,0.5,0.4967793880837359,0.5,0.5156000000000001
P02-A0-Lee2019_MI-SSL-CBRAMOD-P01-L1-LOW-CAL-OFFICIAL-R2:16_PER_CLASS-MR00,Lee2019_MI,SSL-CBRAMOD,A0-RAW-ACCEPT-ALL,P01-L1-LOW-CAL-OFFICIAL-R2:16_PER_CLASS,0,19,1,100,0.48,0.48,0.48,0.5008
P02-A0-Lee2019_MI-SSL-CBRAMOD-P01-L1-LOW-CAL-OFFICIAL-R2:16_PER_CLASS-MR00,Lee2019_MI,SSL-CBRAMOD,A0-RAW-ACCEPT-ALL,P01-L1-LOW-CAL-OFFICIAL-R2:16_PER_CLASS,0,30,1,100,0.42000000000000004,0.41976790716286516,0.42,0.412
P02-A0-Lee2019_MI-SSL-CBRAMOD-P01-L1-LOW-CAL-OFFICIAL-R2:16_PER_CLASS-MR00,Lee2019_MI,SSL-CBRAMOD,A0-RAW-ACCEPT-ALL,P01-L1-LOW-CAL-OFFICIAL-R2:16_PER_CLASS,0,36,1,100,0.44999999999999996,0.44950455409868884,0.45,0.47919999999999996
P02-A0-Lee2019_MI-SSL-CBRAMOD-P01-L1-LOW-CAL-OFFICIAL-R2:16_PER_CLASS-MR01,Lee2019_MI,SSL-CBRAMOD,A0-RAW-ACCEPT-ALL,P01-L1-LOW-CAL-OFFICIAL-R2:16_PER_CLASS,1,3,1,100,0.53,0.5261619114830124,0.53,0.4884
P02-A0-Lee2019_MI-SSL-CBRAMOD-P01-L1-LOW-CAL-OFFICIAL-R2:16_PER_CLASS-MR01,Lee2019_MI,SSL-CBRAMOD,A0-RAW-ACCEPT-ALL,P01-L1-LOW-CAL-OFFICIAL-R2:16_PER_CLASS,1,6,1,100,0.51,0.5039983804028747,0.51,0.528
P02-A0-Lee2019_MI-SSL-CBRAMOD-P01-L1-LOW-CAL-OFFICIAL-R2:16_PER_CLASS-MR01,Lee2019_MI,SSL-CBRAMOD,A0-RAW-ACCEPT-ALL,P01-L1-LOW-CAL-OFFICIAL-R2:16_PER_CLASS,1,15,1,100,0.55,0.5495946351716545,0.55,0.5164
P02-A0-Lee2019_MI-SSL-CBRAMOD-P01-L1-LOW-CAL-OFFICIAL-R2:16_PER_CLASS-MR01,Lee2019_MI,SSL-CBRAMOD,A0-RAW-ACCEPT-ALL,P01-L1-LOW-CAL-OFFICIAL-R2:16_PER_CLASS,1,19,1,100,0.51,0.5087719298245614,0.51,0.4968000000000001
P02-A0-Lee2019_MI-SSL-CBRAMOD-P01-L1-LOW-CAL-OFFICIAL-R2:16_PER_CLASS-MR01,Lee2019_MI,SSL-CBRAMOD,A0-RAW-ACCEPT-ALL,P01-L1-LOW-CAL-OFFICIAL-R2:16_PER_CLASS,1,30,1,100,0.44,0.44,0.44,0.4324
P02-A0-Lee2019_MI-SSL-CBRAMOD-P01-L1-LOW-CAL-OFFICIAL-R2:16_PER_CLASS-MR01,Lee2019_MI,SSL-CBRAMOD,A0-RAW-ACCEPT-ALL,P01-L1-LOW-CAL-OFFICIAL-R2:16_PER_CLASS,1,36,1,100,0.46,0.46,0.46,0.47919999999999996
P02-A0-Lee2019_MI-SSL-CBRAMOD-P01-L1-LOW-CAL-OFFICIAL-R2:16_PER_CLASS-MR02,Lee2019_MI,SSL-CBRAMOD,A0-RAW-ACCEPT-ALL,P01-L1-LOW-CAL-OFFICIAL-R2:16_PER_CLASS,2,3,1,100,0.45,0.44550861982054646,0.45,0.4744
P02-A0-Lee2019_MI-SSL-CBRAMOD-P01-L1-LOW-CAL-OFFICIAL-R2:16_PER_CLASS-MR02,Lee2019_MI,SSL-CBRAMOD,A0-RAW-ACCEPT-ALL,P01-L1-LOW-CAL-OFFICIAL-R2:16_PER_CLASS,2,6,1,100,0.62,0.6193910256410255,0.62,0.5588000000000001
P02-A0-Lee2019_MI-SSL-CBRAMOD-P01-L1-LOW-CAL-OFFICIAL-R2:16_PER_CLASS-MR02,Lee2019_MI,SSL-CBRAMOD,A0-RAW-ACCEPT-ALL,P01-L1-LOW-CAL-OFFICIAL-R2:16_PER_CLASS,2,15,1,100,0.52,0.5198079231692677,0.52,0.4832
P02-A0-Lee2019_MI-SSL-CBRAMOD-P01-L1-LOW-CAL-OFFICIAL-R2:16_PER_CLASS-MR02,Lee2019_MI,SSL-CBRAMOD,A0-RAW-ACCEPT-ALL,P01-L1-LOW-CAL-OFFICIAL-R2:16_PER_CLASS,2,19,1,100,0.46,0.46,0.46,0.49319999999999997
P02-A0-Lee2019_MI-SSL-CBRAMOD-P01-L1-LOW-CAL-OFFICIAL-R2:16_PER_CLASS-MR02,Lee2019_MI,SSL-CBRAMOD,A0-RAW-ACCEPT-ALL,P01-L1-LOW-CAL-OFFICIAL-R2:16_PER_CLASS,2,30,1,100,0.51,0.5087719298245614,0.51,0.5324
P02-A0-Lee2019_MI-SSL-CBRAMOD-P01-L1-LOW-CAL-OFFICIAL-R2:16_PER_CLASS-MR02,Lee2019_MI,SSL-CBRAMOD,A0-RAW-ACCEPT-ALL,P01-L1-LOW-CAL-OFFICIAL-R2:16_PER_CLASS,2,36,1,100,0.48,0.46960424316605465,0.48,0.46799999999999997
P02-A0-Lee2019_MI-SSL-CBRAMOD-P01-L1-LOW-CAL-OFFICIAL-R2:16_PER_CLASS-MR03,Lee2019_MI,SSL-CBRAMOD,A0-RAW-ACCEPT-ALL,P01-L1-LOW-CAL-OFFICIAL-R2:16_PER_CLASS,3,3,1,100,0.48,0.46960424316605465,0.48,0.4908
P02-A0-Lee2019_MI-SSL-CBRAMOD-P01-L1-LOW-CAL-OFFICIAL-R2:16_PER_CLASS-MR03,Lee2019_MI,SSL-CBRAMOD,A0-RAW-ACCEPT-ALL,P01-L1-LOW-CAL-OFFICIAL-R2:16_PER_CLASS,3,6,1,100,0.5,0.4832575444398512,0.5,0.48240000000000005
P02-A0-Lee2019_MI-SSL-CBRAMOD-P01-L1-LOW-CAL-OFFICIAL-R2:16_PER_CLASS-MR03,Lee2019_MI,SSL-CBRAMOD,A0-RAW-ACCEPT-ALL,P01-L1-LOW-CAL-OFFICIAL-R2:16_PER_CLASS,3,15,1,100,0.44999999999999996,0.4373401534526854,0.45,0.4224
P02-A0-Lee2019_MI-SSL-CBRAMOD-P01-L1-LOW-CAL-OFFICIAL-R2:16_PER_CLASS-MR03,Lee2019_MI,SSL-CBRAMOD,A0-RAW-ACCEPT-ALL,P01-L1-LOW-CAL-OFFICIAL-R2:16_PER_CLASS,3,19,1,100,0.42000000000000004,0.3905002101723413,0.42,0.41879999999999995
P02-A0-Lee2019_MI-SSL-CBRAMOD-P01-L1-LOW-CAL-OFFICIAL-R2:16_PER_CLASS-MR03,Lee2019_MI,SSL-CBRAMOD,A0-RAW-ACCEPT-ALL,P01-L1-LOW-CAL-OFFICIAL-R2:16_PER_CLASS,3,30,1,100,0.44000000000000006,0.40577249575551777,0.44,0.4124
P02-A0-Lee2019_MI-SSL-CBRAMOD-P01-L1-LOW-CAL-OFFICIAL-R2:16_PER_CLASS-MR03,Lee2019_MI,SSL-CBRAMOD,A0-RAW-ACCEPT-ALL,P01-L1-LOW-CAL-OFFICIAL-R2:16_PER_CLASS,3,36,1,100,0.5,0.4791666666666667,0.5,0.5016
P02-A0-Lee2019_MI-SSL-CBRAMOD-P01-L1-LOW-CAL-OFFICIAL-R2:16_PER_CLASS-MR04,Lee2019_MI,SSL-CBRAMOD,A0-RAW-ACCEPT-ALL,P01-L1-LOW-CAL-OFFICIAL-R2:16_PER_CLASS,4,3,1,100,0.49,0.4812328349099786,0.49,0.49319999999999997
P02-A0-Lee2019_MI-SSL-CBRAMOD-P01-L1-LOW-CAL-OFFICIAL-R2:16_PER_CLASS-MR04,Lee2019_MI,SSL-CBRAMOD,A0-RAW-ACCEPT-ALL,P01-L1-LOW-CAL-OFFICIAL-R2:16_PER_CLASS,4,6,1,100,0.52,0.5073891625615763,0.52,0.5912
P02-A0-Lee2019_MI-SSL-CBRAMOD-P01-L1-LOW-CAL-OFFICIAL-R2:16_PER_CLASS-MR04,Lee2019_MI,SSL-CBRAMOD,A0-RAW-ACCEPT-ALL,P01-L1-LOW-CAL-OFFICIAL-R2:16_PER_CLASS,4,15,1,100,0.49,0.483753416337686,0.49,0.5048
P02-A0-Lee2019_MI-SSL-CBRAMOD-P01-L1-LOW-CAL-OFFICIAL-R2:16_PER_CLASS-MR04,Lee2019_MI,SSL-CBRAMOD,A0-RAW-ACCEPT-ALL,P01-L1-LOW-CAL-OFFICIAL-R2:16_PER_CLASS,4,19,1,100,0.47,0.4635084522724972,0.47,0.4384
P02-A0-Lee2019_MI-SSL-CBRAMOD-P01-L1-LOW-CAL-OFFICIAL-R2:16_PER_CLASS-MR04,Lee2019_MI,SSL-CBRAMOD,A0-RAW-ACCEPT-ALL,P01-L1-LOW-CAL-OFFICIAL-R2:16_PER_CLASS,4,30,1,100,0.44999999999999996,0.4405452141186044,0.45,0.43760000000000004
P02-A0-Lee2019_MI-SSL-CBRAMOD-P01-L1-LOW-CAL-OFFICIAL-R2:16_PER_CLASS-MR04,Lee2019_MI,SSL-CBRAMOD,A0-RAW-ACCEPT-ALL,P01-L1-LOW-CAL-OFFICIAL-R2:16_PER_CLASS,4,36,1,100,0.51,0.4916485112563544,0.51,0.47959999999999997
P02-A0-Lee2019_MI-SSL-CBRAMOD-P01-L1-LOW-CAL-OFFICIAL-R2:32_PER_CLASS-MR00,Lee2019_MI,SSL-CBRAMOD,A0-RAW-ACCEPT-ALL,P01-L1-LOW-CAL-OFFICIAL-R2:32_PER_CLASS,0,3,1,100,0.48000000000000004,0.47665056360708535,0.48,0.48799999999999993
P02-A0-Lee2019_MI-SSL-CBRAMOD-P01-L1-LOW-CAL-OFFICIAL-R2:32_PER_CLASS-MR00,Lee2019_MI,SSL-CBRAMOD,A0-RAW-ACCEPT-ALL,P01-L1-LOW-CAL-OFFICIAL-R2:32_PER_CLASS,0,6,1,100,0.54,0.5392628205128205,0.54,0.5868
P02-A0-Lee2019_MI-SSL-CBRAMOD-P01-L1-LOW-CAL-OFFICIAL-R2:32_PER_CLASS-MR00,Lee2019_MI,SSL-CBRAMOD,A0-RAW-ACCEPT-ALL,P01-L1-LOW-CAL-OFFICIAL-R2:32_PER_CLASS,0,15,1,100,0.53,0.5295766189570613,0.53,0.5424000000000001
P02-A0-Lee2019_MI-SSL-CBRAMOD-P01-L1-LOW-CAL-OFFICIAL-R2:32_PER_CLASS-MR00,Lee2019_MI,SSL-CBRAMOD,A0-RAW-ACCEPT-ALL,P01-L1-LOW-CAL-OFFICIAL-R2:32_PER_CLASS,0,19,1,100,0.52,0.5169082125603865,0.52,0.4996
P02-A0-Lee2019_MI-SSL-CBRAMOD-P01-L1-LOW-CAL-OFFICIAL-R2:32_PER_CLASS-MR00,Lee2019_MI,SSL-CBRAMOD,A0-RAW-ACCEPT-ALL,P01-L1-LOW-CAL-OFFICIAL-R2:32_PER_CLASS,0,30,1,100,0.5,0.4832575444398512,0.5,0.5016
P02-A0-Lee2019_MI-SSL-CBRAMOD-P01-L1-LOW-CAL-OFFICIAL-R2:32_PER_CLASS-MR00,Lee2019_MI,SSL-CBRAMOD,A0-RAW-ACCEPT-ALL,P01-L1-LOW-CAL-OFFICIAL-R2:32_PER_CLASS,0,36,1,100,0.48,0.48,0.48,0.5188
P02-A0-Lee2019_MI-SSL-CBRAMOD-P01-L1-LOW-CAL-OFFICIAL-R2:32_PER_CLASS-MR01,Lee2019_MI,SSL-CBRAMOD,A0-RAW-ACCEPT-ALL,P01-L1-LOW-CAL-OFFICIAL-R2:32_PER_CLASS,1,3,1,100,0.52,0.47916666666666663,0.52,0.4864
P02-A0-Lee2019_MI-SSL-CBRAMOD-P01-L1-LOW-CAL-OFFICIAL-R2:32_PER_CLASS-MR01,Lee2019_MI,SSL-CBRAMOD,A0-RAW-ACCEPT-ALL,P01-L1-LOW-CAL-OFFICIAL-R2:32_PER_CLASS,1,6,1,100,0.44999999999999996,0.4373401534526854,0.45,0.45680000000000004
P02-A0-Lee2019_MI-SSL-CBRAMOD-P01-L1-LOW-CAL-OFFICIAL-R2:32_PER_CLASS-MR01,Lee2019_MI,SSL-CBRAMOD,A0-RAW-ACCEPT-ALL,P01-L1-LOW-CAL-OFFICIAL-R2:32_PER_CLASS,1,15,1,100,0.5700000000000001,0.5647332725984411,0.57,0.542
P02-A0-Lee2019_MI-SSL-CBRAMOD-P01-L1-LOW-CAL-OFFICIAL-R2:32_PER_CLASS-MR01,Lee2019_MI,SSL-CBRAMOD,A0-RAW-ACCEPT-ALL,P01-L1-LOW-CAL-OFFICIAL-R2:32_PER_CLASS,1,19,1,100,0.42000000000000004,0.41414141414141414,0.42,0.4336
P02-A0-Lee2019_MI-SSL-CBRAMOD-P01-L1-LOW-CAL-OFFICIAL-R2:32_PER_CLASS-MR01,Lee2019_MI,SSL-CBRAMOD,A0-RAW-ACCEPT-ALL,P01-L1-LOW-CAL-OFFICIAL-R2:32_PER_CLASS,1,30,1,100,0.49,0.48748869460355737,0.49,0.4588
P02-A0-Lee2019_MI-SSL-CBRAMOD-P01-L1-LOW-CAL-OFFICIAL-R2:32_PER_CLASS-MR01,Lee2019_MI,SSL-CBRAMOD,A0-RAW-ACCEPT-ALL,P01-L1-LOW-CAL-OFFICIAL-R2:32_PER_CLASS,1,36,1,100,0.52,0.49066213921901525,0.52,0.5404
P02-A0-Lee2019_MI-SSL-CBRAMOD-P01-L1-LOW-CAL-OFFICIAL-R2:32_PER_CLASS-MR02,Lee2019_MI,SSL-CBRAMOD,A0-RAW-ACCEPT-ALL,P01-L1-LOW-CAL-OFFICIAL-R2:32_PER_CLASS,2,3,1,100,0.57,0.5413333333333333,0.57,0.5499999999999999
P02-A0-Lee2019_MI-SSL-CBRAMOD-P01-L1-LOW-CAL-OFFICIAL-R2:32_PER_CLASS-MR02,Lee2019_MI,SSL-CBRAMOD,A0-RAW-ACCEPT-ALL,P01-L1-LOW-CAL-OFFICIAL-R2:32_PER_CLASS,2,6,1,100,0.53,0.4725620020199753,0.53,0.5064
P02-A0-Lee2019_MI-SSL-CBRAMOD-P01-L1-LOW-CAL-OFFICIAL-R2:32_PER_CLASS-MR02,Lee2019_MI,SSL-CBRAMOD,A0-RAW-ACCEPT-ALL,P01-L1-LOW-CAL-OFFICIAL-R2:32_PER_CLASS,2,15,1,100,0.52,0.4851994851994852,0.52,0.5092
P02-A0-Lee2019_MI-SSL-CBRAMOD-P01-L1-LOW-CAL-OFFICIAL-R2:32_PER_CLASS-MR02,Lee2019_MI,SSL-CBRAMOD,A0-RAW-ACCEPT-ALL,P01-L1-LOW-CAL-OFFICIAL-R2:32_PER_CLASS,2,19,1,100,0.42000000000000004,0.3905002101723413,0.42,0.4148
P02-A0-Lee2019_MI-SSL-CBRAMOD-P01-L1-LOW-CAL-OFFICIAL-R2:32_PER_CLASS-MR02,Lee2019_MI,SSL-CBRAMOD,A0-RAW-ACCEPT-ALL,P01-L1-LOW-CAL-OFFICIAL-R2:32_PER_CLASS,2,30,1,100,0.57,0.5361881134721174,0.57,0.5675999999999999
P02-A0-Lee2019_MI-SSL-CBRAMOD-P01-L1-LOW-CAL-OFFICIAL-R2:32_PER_CLASS-MR02,Lee2019_MI,SSL-CBRAMOD,A0-RAW-ACCEPT-ALL,P01-L1-LOW-CAL-OFFICIAL-R2:32_PER_CLASS,2,36,1,100,0.51,0.4650070968446337,0.51,0.486
P02-A0-Lee2019_MI-SSL-CBRAMOD-P01-L1-LOW-CAL-OFFICIAL-R2:32_PER_CLASS-MR03,Lee2019_MI,SSL-CBRAMOD,A0-RAW-ACCEPT-ALL,P01-L1-LOW-CAL-OFFICIAL-R2:32_PER_CLASS,3,3,1,100,0.55,0.5495946351716545,0.55,0.538
P02-A0-Lee2019_MI-SSL-CBRAMOD-P01-L1-LOW-CAL-OFFICIAL-R2:32_PER_CLASS-MR03,Lee2019_MI,SSL-CBRAMOD,A0-RAW-ACCEPT-ALL,P01-L1-LOW-CAL-OFFICIAL-R2:32_PER_CLASS,3,6,1,100,0.45999999999999996,0.44920440636474906,0.46,0.45799999999999996
P02-A0-Lee2019_MI-SSL-CBRAMOD-P01-L1-LOW-CAL-OFFICIAL-R2:32_PER_CLASS-MR03,Lee2019_MI,SSL-CBRAMOD,A0-RAW-ACCEPT-ALL,P01-L1-LOW-CAL-OFFICIAL-R2:32_PER_CLASS,3,15,1,100,0.47,0.4542271650705386,0.47,0.546
P02-A0-Lee2019_MI-SSL-CBRAMOD-P01-L1-LOW-CAL-OFFICIAL-R2:32_PER_CLASS-MR03,Lee2019_MI,SSL-CBRAMOD,A0-RAW-ACCEPT-ALL,P01-L1-LOW-CAL-OFFICIAL-R2:32_PER_CLASS,3,19,1,100,0.38,0.37975190076030413,0.38,0.3724
P02-A0-Lee2019_MI-SSL-CBRAMOD-P01-L1-LOW-CAL-OFFICIAL-R2:32_PER_CLASS-MR03,Lee2019_MI,SSL-CBRAMOD,A0-RAW-ACCEPT-ALL,P01-L1-LOW-CAL-OFFICIAL-R2:32_PER_CLASS,3,30,1,100,0.47,0.46952257031328193,0.47,0.4772
P02-A0-Lee2019_MI-SSL-CBRAMOD-P01-L1-LOW-CAL-OFFICIAL-R2:32_PER_CLASS-MR03,Lee2019_MI,SSL-CBRAMOD,A0-RAW-ACCEPT-ALL,P01-L1-LOW-CAL-OFFICIAL-R2:32_PER_CLASS,3,36,1,100,0.44999999999999996,0.4373401534526854,0.45,0.48839999999999995
P02-A0-Lee2019_MI-SSL-CBRAMOD-P01-L1-LOW-CAL-OFFICIAL-R2:32_PER_CLASS-MR04,Lee2019_MI,SSL-CBRAMOD,A0-RAW-ACCEPT-ALL,P01-L1-LOW-CAL-OFFICIAL-R2:32_PER_CLASS,4,3,1,100,0.51,0.4987212276214834,0.51,0.5136
P02-A0-Lee2019_MI-SSL-CBRAMOD-P01-L1-LOW-CAL-OFFICIAL-R2:32_PER_CLASS-MR04,Lee2019_MI,SSL-CBRAMOD,A0-RAW-ACCEPT-ALL,P01-L1-LOW-CAL-OFFICIAL-R2:32_PER_CLASS,4,6,1,100,0.47000000000000003,0.46567194273616297,0.47,0.502
P02-A0-Lee2019_MI-SSL-CBRAMOD-P01-L1-LOW-CAL-OFFICIAL-R2:32_PER_CLASS-MR04,Lee2019_MI,SSL-CBRAMOD,A0-RAW-ACCEPT-ALL,P01-L1-LOW-CAL-OFFICIAL-R2:32_PER_CLASS,4,15,1,100,0.5900000000000001,0.5879811074263892,0.59,0.5616
P02-A0-Lee2019_MI-SSL-CBRAMOD-P01-L1-LOW-CAL-OFFICIAL-R2:32_PER_CLASS-MR04,Lee2019_MI,SSL-CBRAMOD,A0-RAW-ACCEPT-ALL,P01-L1-LOW-CAL-OFFICIAL-R2:32_PER_CLASS,4,19,1,100,0.41000000000000003,0.4070947643452919,0.41,0.4596
P02-A0-Lee2019_MI-SSL-CBRAMOD-P01-L1-LOW-CAL-OFFICIAL-R2:32_PER_CLASS-MR04,Lee2019_MI,SSL-CBRAMOD,A0-RAW-ACCEPT-ALL,P01-L1-LOW-CAL-OFFICIAL-R2:32_PER_CLASS,4,30,1,100,0.44,0.43797671617824163,0.44,0.42519999999999997
P02-A0-Lee2019_MI-SSL-CBRAMOD-P01-L1-LOW-CAL-OFFICIAL-R2:32_PER_CLASS-MR04,Lee2019_MI,SSL-CBRAMOD,A0-RAW-ACCEPT-ALL,P01-L1-LOW-CAL-OFFICIAL-R2:32_PER_CLASS,4,36,1,100,0.44,0.41666666666666663,0.44,0.43279999999999996
P02-A0-BNCI2014_001-CLS-CSP-LDA-P01-L1-LOW-CAL-OFFICIAL-R2:64_PER_CLASS-MR00,BNCI2014_001,CLS-CSP-LDA,A0-RAW-ACCEPT-ALL,P01-L1-LOW-CAL-OFFICIAL-R2:64_PER_CLASS,0,7,0train,144,0.5486111111111112,0.5422311341517093,0.5486111111111112,0.5559413580246914
P02-A0-BNCI2014_001-CLS-CSP-LDA-P01-L1-LOW-CAL-OFFICIAL-R2:64_PER_CLASS-MR00,BNCI2014_001,CLS-CSP-LDA,A0-RAW-ACCEPT-ALL,P01-L1-LOW-CAL-OFFICIAL-R2:64_PER_CLASS,0,7,1test,144,0.4861111111111111,0.3386295928500496,0.4861111111111111,0.5082947530864197
P02-A0-BNCI2014_001-DNN-EEGNET-P01-L1-LOW-CAL-OFFICIAL-R2:64_PER_CLASS-MR00,BNCI2014_001,DNN-EEGNET,A0-RAW-ACCEPT-ALL,P01-L1-LOW-CAL-OFFICIAL-R2:64_PER_CLASS,0,7,0train,144,0.47916666666666663,0.4678492239467849,0.4791666666666667,0.4519675925925926
P02-A0-BNCI2014_001-DNN-EEGNET-P01-L1-LOW-CAL-OFFICIAL-R2:64_PER_CLASS-MR00,BNCI2014_001,DNN-EEGNET,A0-RAW-ACCEPT-ALL,P01-L1-LOW-CAL-OFFICIAL-R2:64_PER_CLASS,0,7,1test,144,0.5555555555555556,0.5534018220585384,0.5555555555555556,0.48977623456790126
P02-A0-BNCI2014_001-DNN-EEGNET-P01-L1-LOW-CAL-OFFICIAL-R2:64_PER_CLASS-MR01,BNCI2014_001,DNN-EEGNET,A0-RAW-ACCEPT-ALL,P01-L1-LOW-CAL-OFFICIAL-R2:64_PER_CLASS,1,7,0train,144,0.5416666666666666,0.5343915343915344,0.5416666666666666,0.576388888888889
P02-A0-BNCI2014_001-DNN-EEGNET-P01-L1-LOW-CAL-OFFICIAL-R2:64_PER_CLASS-MR01,BNCI2014_001,DNN-EEGNET,A0-RAW-ACCEPT-ALL,P01-L1-LOW-CAL-OFFICIAL-R2:64_PER_CLASS,1,7,1test,144,0.5347222222222222,0.493676200472317,0.5347222222222222,0.5412808641975309
P02-A0-BNCI2014_001-DNN-EEGNET-P01-L1-LOW-CAL-OFFICIAL-R2:64_PER_CLASS-MR02,BNCI2014_001,DNN-EEGNET,A0-RAW-ACCEPT-ALL,P01-L1-LOW-CAL-OFFICIAL-R2:64_PER_CLASS,2,7,0train,144,0.5208333333333333,0.500578034682081,0.5208333333333334,0.5794753086419753
P02-A0-BNCI2014_001-DNN-EEGNET-P01-L1-LOW-CAL-OFFICIAL-R2:64_PER_CLASS-MR02,BNCI2014_001,DNN-EEGNET,A0-RAW-ACCEPT-ALL,P01-L1-LOW-CAL-OFFICIAL-R2:64_PER_CLASS,2,7,1test,144,0.5763888888888888,0.5729080565955171,0.5763888888888888,0.6062885802469137
P02-A0-BNCI2014_001-DNN-EEGNET-P01-L1-LOW-CAL-OFFICIAL-R2:64_PER_CLASS-MR03,BNCI2014_001,DNN-EEGNET,A0-RAW-ACCEPT-ALL,P01-L1-LOW-CAL-OFFICIAL-R2:64_PER_CLASS,3,7,0train,144,0.5138888888888888,0.47324414715719065,0.5138888888888888,0.5069444444444444
P02-A0-BNCI2014_001-DNN-EEGNET-P01-L1-LOW-CAL-OFFICIAL-R2:64_PER_CLASS-MR03,BNCI2014_001,DNN-EEGNET,A0-RAW-ACCEPT-ALL,P01-L1-LOW-CAL-OFFICIAL-R2:64_PER_CLASS,3,7,1test,144,0.5277777777777778,0.523271665043817,0.5277777777777778,0.48726851851851855
P02-A0-BNCI2014_001-DNN-EEGNET-P01-L1-LOW-CAL-OFFICIAL-R2:64_PER_CLASS-MR04,BNCI2014_001,DNN-EEGNET,A0-RAW-ACCEPT-ALL,P01-L1-LOW-CAL-OFFICIAL-R2:64_PER_CLASS,4,7,0train,144,0.5486111111111112,0.5128805620608899,0.5486111111111112,0.6116898148148149
P02-A0-BNCI2014_001-DNN-EEGNET-P01-L1-LOW-CAL-OFFICIAL-R2:64_PER_CLASS-MR04,BNCI2014_001,DNN-EEGNET,A0-RAW-ACCEPT-ALL,P01-L1-LOW-CAL-OFFICIAL-R2:64_PER_CLASS,4,7,1test,144,0.513888888888889,0.3743793445878848,0.5138888888888888,0.5360725308641976
P02-A0-BNCI2014_001-RIE-TS-LR-P01-L1-LOW-CAL-OFFICIAL-R2:64_PER_CLASS-MR00,BNCI2014_001,RIE-TS-LR,A0-RAW-ACCEPT-ALL,P01-L1-LOW-CAL-OFFICIAL-R2:64_PER_CLASS,0,7,0train,144,0.5069444444444444,0.4759879042591359,0.5069444444444444,0.4589120370370371
P02-A0-BNCI2014_001-RIE-TS-LR-P01-L1-LOW-CAL-OFFICIAL-R2:64_PER_CLASS-MR00,BNCI2014_001,RIE-TS-LR,A0-RAW-ACCEPT-ALL,P01-L1-LOW-CAL-OFFICIAL-R2:64_PER_CLASS,0,7,1test,144,0.5069444444444444,0.36,0.5069444444444444,0.5528549382716049
P02-A0-BNCI2014_001-SSL-CBRAMOD-P01-L1-LOW-CAL-OFFICIAL-R2:64_PER_CLASS-MR00,BNCI2014_001,SSL-CBRAMOD,A0-RAW-ACCEPT-ALL,P01-L1-LOW-CAL-OFFICIAL-R2:64_PER_CLASS,0,7,0train,144,0.5625,0.5619718989908744,0.5625,0.5690586419753086
P02-A0-BNCI2014_001-SSL-CBRAMOD-P01-L1-LOW-CAL-OFFICIAL-R2:64_PER_CLASS-MR00,BNCI2014_001,SSL-CBRAMOD,A0-RAW-ACCEPT-ALL,P01-L1-LOW-CAL-OFFICIAL-R2:64_PER_CLASS,0,7,1test,144,0.5069444444444444,0.5067303517151541,0.5069444444444444,0.4799382716049383
P02-A0-BNCI2014_001-SSL-CBRAMOD-P01-L1-LOW-CAL-OFFICIAL-R2:64_PER_CLASS-MR01,BNCI2014_001,SSL-CBRAMOD,A0-RAW-ACCEPT-ALL,P01-L1-LOW-CAL-OFFICIAL-R2:64_PER_CLASS,1,7,0train,144,0.5138888888888888,0.5137950993633031,0.5138888888888888,0.5335648148148149
P02-A0-BNCI2014_001-SSL-CBRAMOD-P01-L1-LOW-CAL-OFFICIAL-R2:64_PER_CLASS-MR01,BNCI2014_001,SSL-CBRAMOD,A0-RAW-ACCEPT-ALL,P01-L1-LOW-CAL-OFFICIAL-R2:64_PER_CLASS,1,7,1test,144,0.5138888888888888,0.5137950993633031,0.5138888888888888,0.4776234567901234
P02-A0-BNCI2014_001-SSL-CBRAMOD-P01-L1-LOW-CAL-OFFICIAL-R2:64_PER_CLASS-MR02,BNCI2014_001,SSL-CBRAMOD,A0-RAW-ACCEPT-ALL,P01-L1-LOW-CAL-OFFICIAL-R2:64_PER_CLASS,2,7,0train,144,0.5486111111111112,0.5468409586056644,0.5486111111111112,0.5603780864197531
P02-A0-BNCI2014_001-SSL-CBRAMOD-P01-L1-LOW-CAL-OFFICIAL-R2:64_PER_CLASS-MR02,BNCI2014_001,SSL-CBRAMOD,A0-RAW-ACCEPT-ALL,P01-L1-LOW-CAL-OFFICIAL-R2:64_PER_CLASS,2,7,1test,144,0.5277777777777778,0.5263157894736843,0.5277777777777778,0.5028935185185185
P02-A0-BNCI2014_001-SSL-CBRAMOD-P01-L1-LOW-CAL-OFFICIAL-R2:64_PER_CLASS-MR03,BNCI2014_001,SSL-CBRAMOD,A0-RAW-ACCEPT-ALL,P01-L1-LOW-CAL-OFFICIAL-R2:64_PER_CLASS,3,7,0train,144,0.5347222222222222,0.493676200472317,0.5347222222222222,0.5194830246913581
P02-A0-BNCI2014_001-SSL-CBRAMOD-P01-L1-LOW-CAL-OFFICIAL-R2:64_PER_CLASS-MR03,BNCI2014_001,SSL-CBRAMOD,A0-RAW-ACCEPT-ALL,P01-L1-LOW-CAL-OFFICIAL-R2:64_PER_CLASS,3,7,1test,144,0.4791666666666667,0.4379391100702576,0.4791666666666667,0.4839891975308642
P02-A0-BNCI2014_001-SSL-CBRAMOD-P01-L1-LOW-CAL-OFFICIAL-R2:64_PER_CLASS-MR04,BNCI2014_001,SSL-CBRAMOD,A0-RAW-ACCEPT-ALL,P01-L1-LOW-CAL-OFFICIAL-R2:64_PER_CLASS,4,7,0train,144,0.5,0.4999035307736832,0.5,0.5347222222222223
P02-A0-BNCI2014_001-SSL-CBRAMOD-P01-L1-LOW-CAL-OFFICIAL-R2:64_PER_CLASS-MR04,BNCI2014_001,SSL-CBRAMOD,A0-RAW-ACCEPT-ALL,P01-L1-LOW-CAL-OFFICIAL-R2:64_PER_CLASS,4,7,1test,144,0.4305555555555556,0.4287925696594427,0.4305555555555556,0.45003858024691357
P02-A0-Lee2019_MI-CLS-CSP-LDA-P01-L1-LOW-CAL-OFFICIAL-R2:64_PER_CLASS-MR00,Lee2019_MI,CLS-CSP-LDA,A0-RAW-ACCEPT-ALL,P01-L1-LOW-CAL-OFFICIAL-R2:64_PER_CLASS,0,3,1,100,0.5,0.3503118503118503,0.5,0.5404
P02-A0-Lee2019_MI-CLS-CSP-LDA-P01-L1-LOW-CAL-OFFICIAL-R2:64_PER_CLASS-MR00,Lee2019_MI,CLS-CSP-LDA,A0-RAW-ACCEPT-ALL,P01-L1-LOW-CAL-OFFICIAL-R2:64_PER_CLASS,0,6,1,100,0.54,0.5245969408846631,0.54,0.5112
P02-A0-Lee2019_MI-CLS-CSP-LDA-P01-L1-LOW-CAL-OFFICIAL-R2:64_PER_CLASS-MR00,Lee2019_MI,CLS-CSP-LDA,A0-RAW-ACCEPT-ALL,P01-L1-LOW-CAL-OFFICIAL-R2:64_PER_CLASS,0,15,1,100,0.55,0.4590695997115038,0.55,0.6176
P02-A0-Lee2019_MI-CLS-CSP-LDA-P01-L1-LOW-CAL-OFFICIAL-R2:64_PER_CLASS-MR00,Lee2019_MI,CLS-CSP-LDA,A0-RAW-ACCEPT-ALL,P01-L1-LOW-CAL-OFFICIAL-R2:64_PER_CLASS,0,19,1,100,0.56,0.537620849096259,0.56,0.6028
P02-A0-Lee2019_MI-CLS-CSP-LDA-P01-L1-LOW-CAL-OFFICIAL-R2:64_PER_CLASS-MR00,Lee2019_MI,CLS-CSP-LDA,A0-RAW-ACCEPT-ALL,P01-L1-LOW-CAL-OFFICIAL-R2:64_PER_CLASS,0,30,1,100,0.5,0.3333333333333333,0.5,0.5288
P02-A0-Lee2019_MI-CLS-CSP-LDA-P01-L1-LOW-CAL-OFFICIAL-R2:64_PER_CLASS-MR00,Lee2019_MI,CLS-CSP-LDA,A0-RAW-ACCEPT-ALL,P01-L1-LOW-CAL-OFFICIAL-R2:64_PER_CLASS,0,36,1,100,0.25,0.22191098661686898,0.25,0.2
P02-A0-Lee2019_MI-DNN-EEGNET-P01-L1-LOW-CAL-OFFICIAL-R2:64_PER_CLASS-MR00,Lee2019_MI,DNN-EEGNET,A0-RAW-ACCEPT-ALL,P01-L1-LOW-CAL-OFFICIAL-R2:64_PER_CLASS,0,3,1,100,0.5800000000000001,0.525101763907734,0.58,0.6832
P02-A0-Lee2019_MI-DNN-EEGNET-P01-L1-LOW-CAL-OFFICIAL-R2:64_PER_CLASS-MR00,Lee2019_MI,DNN-EEGNET,A0-RAW-ACCEPT-ALL,P01-L1-LOW-CAL-OFFICIAL-R2:64_PER_CLASS,0,6,1,100,0.66,0.6392190152801358,0.66,0.704
P02-A0-Lee2019_MI-DNN-EEGNET-P01-L1-LOW-CAL-OFFICIAL-R2:64_PER_CLASS-MR00,Lee2019_MI,DNN-EEGNET,A0-RAW-ACCEPT-ALL,P01-L1-LOW-CAL-OFFICIAL-R2:64_PER_CLASS,0,15,1,100,0.49,0.44317065181788406,0.49,0.5568
P02-A0-Lee2019_MI-DNN-EEGNET-P01-L1-LOW-CAL-OFFICIAL-R2:64_PER_CLASS-MR00,Lee2019_MI,DNN-EEGNET,A0-RAW-ACCEPT-ALL,P01-L1-LOW-CAL-OFFICIAL-R2:64_PER_CLASS,0,19,1,100,0.52,0.4851994851994852,0.52,0.5336
P02-A0-Lee2019_MI-DNN-EEGNET-P01-L1-LOW-CAL-OFFICIAL-R2:64_PER_CLASS-MR00,Lee2019_MI,DNN-EEGNET,A0-RAW-ACCEPT-ALL,P01-L1-LOW-CAL-OFFICIAL-R2:64_PER_CLASS,0,30,1,100,0.55,0.508679986898133,0.55,0.4644
P02-A0-Lee2019_MI-DNN-EEGNET-P01-L1-LOW-CAL-OFFICIAL-R2:64_PER_CLASS-MR00,Lee2019_MI,DNN-EEGNET,A0-RAW-ACCEPT-ALL,P01-L1-LOW-CAL-OFFICIAL-R2:64_PER_CLASS,0,36,1,100,0.6100000000000001,0.6080795899909557,0.61,0.6396000000000001
P02-A0-Lee2019_MI-DNN-EEGNET-P01-L1-LOW-CAL-OFFICIAL-R2:64_PER_CLASS-MR01,Lee2019_MI,DNN-EEGNET,A0-RAW-ACCEPT-ALL,P01-L1-LOW-CAL-OFFICIAL-R2:64_PER_CLASS,1,3,1,100,0.69,0.6783898744683059,0.69,0.7408
P02-A0-Lee2019_MI-DNN-EEGNET-P01-L1-LOW-CAL-OFFICIAL-R2:64_PER_CLASS-MR01,Lee2019_MI,DNN-EEGNET,A0-RAW-ACCEPT-ALL,P01-L1-LOW-CAL-OFFICIAL-R2:64_PER_CLASS,1,6,1,100,0.63,0.6053333333333333,0.63,0.6468
P02-A0-Lee2019_MI-DNN-EEGNET-P01-L1-LOW-CAL-OFFICIAL-R2:64_PER_CLASS-MR01,Lee2019_MI,DNN-EEGNET,A0-RAW-ACCEPT-ALL,P01-L1-LOW-CAL-OFFICIAL-R2:64_PER_CLASS,1,15,1,100,0.41,0.39244156111625994,0.41,0.37
P02-A0-Lee2019_MI-DNN-EEGNET-P01-L1-LOW-CAL-OFFICIAL-R2:64_PER_CLASS-MR01,Lee2019_MI,DNN-EEGNET,A0-RAW-ACCEPT-ALL,P01-L1-LOW-CAL-OFFICIAL-R2:64_PER_CLASS,1,19,1,100,0.53,0.4106583072100314,0.53,0.6212
P02-A0-Lee2019_MI-DNN-EEGNET-P01-L1-LOW-CAL-OFFICIAL-R2:64_PER_CLASS-MR01,Lee2019_MI,DNN-EEGNET,A0-RAW-ACCEPT-ALL,P01-L1-LOW-CAL-OFFICIAL-R2:64_PER_CLASS,1,30,1,100,0.53,0.4233836339099497,0.53,0.5067999999999999
P02-A0-Lee2019_MI-DNN-EEGNET-P01-L1-LOW-CAL-OFFICIAL-R2:64_PER_CLASS-MR01,Lee2019_MI,DNN-EEGNET,A0-RAW-ACCEPT-ALL,P01-L1-LOW-CAL-OFFICIAL-R2:64_PER_CLASS,1,36,1,100,0.69,0.6656239887822242,0.69,0.7804
P02-A0-Lee2019_MI-DNN-EEGNET-P01-L1-LOW-CAL-OFFICIAL-R2:64_PER_CLASS-MR02,Lee2019_MI,DNN-EEGNET,A0-RAW-ACCEPT-ALL,P01-L1-LOW-CAL-OFFICIAL-R2:64_PER_CLASS,2,3,1,100,0.66,0.6212121212121212,0.66,0.8331999999999999
P02-A0-Lee2019_MI-DNN-EEGNET-P01-L1-LOW-CAL-OFFICIAL-R2:64_PER_CLASS-MR02,Lee2019_MI,DNN-EEGNET,A0-RAW-ACCEPT-ALL,P01-L1-LOW-CAL-OFFICIAL-R2:64_PER_CLASS,2,6,1,100,0.61,0.5741893219783819,0.61,0.7307999999999999
P02-A0-Lee2019_MI-DNN-EEGNET-P01-L1-LOW-CAL-OFFICIAL-R2:64_PER_CLASS-MR02,Lee2019_MI,DNN-EEGNET,A0-RAW-ACCEPT-ALL,P01-L1-LOW-CAL-OFFICIAL-R2:64_PER_CLASS,2,15,1,100,0.49,0.3453985367731998,0.49,0.504
P02-A0-Lee2019_MI-DNN-EEGNET-P01-L1-LOW-CAL-OFFICIAL-R2:64_PER_CLASS-MR02,Lee2019_MI,DNN-EEGNET,A0-RAW-ACCEPT-ALL,P01-L1-LOW-CAL-OFFICIAL-R2:64_PER_CLASS,2,19,1,100,0.62,0.5558672276764843,0.62,0.7891999999999999
P02-A0-Lee2019_MI-DNN-EEGNET-P01-L1-LOW-CAL-OFFICIAL-R2:64_PER_CLASS-MR02,Lee2019_MI,DNN-EEGNET,A0-RAW-ACCEPT-ALL,P01-L1-LOW-CAL-OFFICIAL-R2:64_PER_CLASS,2,30,1,100,0.5,0.3333333333333333,0.5,0.5776000000000001
P02-A0-Lee2019_MI-DNN-EEGNET-P01-L1-LOW-CAL-OFFICIAL-R2:64_PER_CLASS-MR02,Lee2019_MI,DNN-EEGNET,A0-RAW-ACCEPT-ALL,P01-L1-LOW-CAL-OFFICIAL-R2:64_PER_CLASS,2,36,1,100,0.51,0.3551783129359126,0.51,0.7259999999999999
P02-A0-Lee2019_MI-DNN-EEGNET-P01-L1-LOW-CAL-OFFICIAL-R2:64_PER_CLASS-MR03,Lee2019_MI,DNN-EEGNET,A0-RAW-ACCEPT-ALL,P01-L1-LOW-CAL-OFFICIAL-R2:64_PER_CLASS,3,3,1,100,0.73,0.7237851662404092,0.73,0.8112
P02-A0-Lee2019_MI-DNN-EEGNET-P01-L1-LOW-CAL-OFFICIAL-R2:64_PER_CLASS-MR03,Lee2019_MI,DNN-EEGNET,A0-RAW-ACCEPT-ALL,P01-L1-LOW-CAL-OFFICIAL-R2:64_PER_CLASS,3,6,1,100,0.5800000000000001,0.5772946859903382,0.58,0.5652
P02-A0-Lee2019_MI-DNN-EEGNET-P01-L1-LOW-CAL-OFFICIAL-R2:64_PER_CLASS-MR03,Lee2019_MI,DNN-EEGNET,A0-RAW-ACCEPT-ALL,P01-L1-LOW-CAL-OFFICIAL-R2:64_PER_CLASS,3,15,1,100,0.51,0.3710691823899371,0.51,0.6152
P02-A0-Lee2019_MI-DNN-EEGNET-P01-L1-LOW-CAL-OFFICIAL-R2:64_PER_CLASS-MR03,Lee2019_MI,DNN-EEGNET,A0-RAW-ACCEPT-ALL,P01-L1-LOW-CAL-OFFICIAL-R2:64_PER_CLASS,3,19,1,100,0.54,0.45238095238095233,0.54,0.7048
P02-A0-Lee2019_MI-DNN-EEGNET-P01-L1-LOW-CAL-OFFICIAL-R2:64_PER_CLASS-MR03,Lee2019_MI,DNN-EEGNET,A0-RAW-ACCEPT-ALL,P01-L1-LOW-CAL-OFFICIAL-R2:64_PER_CLASS,3,30,1,100,0.52,0.43899018232819076,0.52,0.43799999999999994
P02-A0-Lee2019_MI-DNN-EEGNET-P01-L1-LOW-CAL-OFFICIAL-R2:64_PER_CLASS-MR03,Lee2019_MI,DNN-EEGNET,A0-RAW-ACCEPT-ALL,P01-L1-LOW-CAL-OFFICIAL-R2:64_PER_CLASS,3,36,1,100,0.53,0.4106583072100314,0.53,0.8082
P02-A0-Lee2019_MI-DNN-EEGNET-P01-L1-LOW-CAL-OFFICIAL-R2:64_PER_CLASS-MR04,Lee2019_MI,DNN-EEGNET,A0-RAW-ACCEPT-ALL,P01-L1-LOW-CAL-OFFICIAL-R2:64_PER_CLASS,4,3,1,100,0.5700000000000001,0.5242836596968692,0.57,0.6956
P02-A0-Lee2019_MI-DNN-EEGNET-P01-L1-LOW-CAL-OFFICIAL-R2:64_PER_CLASS-MR04,Lee2019_MI,DNN-EEGNET,A0-RAW-ACCEPT-ALL,P01-L1-LOW-CAL-OFFICIAL-R2:64_PER_CLASS,4,6,1,100,0.6000000000000001,0.5993589743589745,0.6,0.5960000000000001
P02-A0-Lee2019_MI-DNN-EEGNET-P01-L1-LOW-CAL-OFFICIAL-R2:64_PER_CLASS-MR04,Lee2019_MI,DNN-EEGNET,A0-RAW-ACCEPT-ALL,P01-L1-LOW-CAL-OFFICIAL-R2:64_PER_CLASS,4,15,1,100,0.52,0.47916666666666663,0.52,0.5896
P02-A0-Lee2019_MI-DNN-EEGNET-P01-L1-LOW-CAL-OFFICIAL-R2:64_PER_CLASS-MR04,Lee2019_MI,DNN-EEGNET,A0-RAW-ACCEPT-ALL,P01-L1-LOW-CAL-OFFICIAL-R2:64_PER_CLASS,4,19,1,100,0.49,0.3605015673981191,0.49,0.6295999999999999
P02-A0-Lee2019_MI-DNN-EEGNET-P01-L1-LOW-CAL-OFFICIAL-R2:64_PER_CLASS-MR04,Lee2019_MI,DNN-EEGNET,A0-RAW-ACCEPT-ALL,P01-L1-LOW-CAL-OFFICIAL-R2:64_PER_CLASS,4,30,1,100,0.53,0.4986666666666667,0.53,0.5024
P02-A0-Lee2019_MI-DNN-EEGNET-P01-L1-LOW-CAL-OFFICIAL-R2:64_PER_CLASS-MR04,Lee2019_MI,DNN-EEGNET,A0-RAW-ACCEPT-ALL,P01-L1-LOW-CAL-OFFICIAL-R2:64_PER_CLASS,4,36,1,100,0.58,0.5,0.58,0.7408
P02-A0-Lee2019_MI-RIE-TS-LR-P01-L1-LOW-CAL-OFFICIAL-R2:64_PER_CLASS-MR00,Lee2019_MI,RIE-TS-LR,A0-RAW-ACCEPT-ALL,P01-L1-LOW-CAL-OFFICIAL-R2:64_PER_CLASS,0,3,1,100,0.69,0.6570417081535569,0.69,0.9608
P02-A0-Lee2019_MI-RIE-TS-LR-P01-L1-LOW-CAL-OFFICIAL-R2:64_PER_CLASS-MR00,Lee2019_MI,RIE-TS-LR,A0-RAW-ACCEPT-ALL,P01-L1-LOW-CAL-OFFICIAL-R2:64_PER_CLASS,0,6,1,100,0.54,0.5398159263705482,0.54,0.5596
P02-A0-Lee2019_MI-RIE-TS-LR-P01-L1-LOW-CAL-OFFICIAL-R2:64_PER_CLASS-MR00,Lee2019_MI,RIE-TS-LR,A0-RAW-ACCEPT-ALL,P01-L1-LOW-CAL-OFFICIAL-R2:64_PER_CLASS,0,15,1,100,0.53,0.5123975516132379,0.53,0.602
P02-A0-Lee2019_MI-RIE-TS-LR-P01-L1-LOW-CAL-OFFICIAL-R2:64_PER_CLASS-MR00,Lee2019_MI,RIE-TS-LR,A0-RAW-ACCEPT-ALL,P01-L1-LOW-CAL-OFFICIAL-R2:64_PER_CLASS,0,19,1,100,0.69,0.6783898744683059,0.69,0.7988
P02-A0-Lee2019_MI-RIE-TS-LR-P01-L1-LOW-CAL-OFFICIAL-R2:64_PER_CLASS-MR00,Lee2019_MI,RIE-TS-LR,A0-RAW-ACCEPT-ALL,P01-L1-LOW-CAL-OFFICIAL-R2:64_PER_CLASS,0,30,1,100,0.5900000000000001,0.5889724310776943,0.59,0.6348
P02-A0-Lee2019_MI-RIE-TS-LR-P01-L1-LOW-CAL-OFFICIAL-R2:64_PER_CLASS-MR00,Lee2019_MI,RIE-TS-LR,A0-RAW-ACCEPT-ALL,P01-L1-LOW-CAL-OFFICIAL-R2:64_PER_CLASS,0,36,1,100,0.95,0.949874686716792,0.95,1.0
P02-A0-Lee2019_MI-SSL-CBRAMOD-P01-L1-LOW-CAL-OFFICIAL-R2:64_PER_CLASS-MR00,Lee2019_MI,SSL-CBRAMOD,A0-RAW-ACCEPT-ALL,P01-L1-LOW-CAL-OFFICIAL-R2:64_PER_CLASS,0,3,1,100,0.52,0.5192307692307692,0.52,0.5164
P02-A0-Lee2019_MI-SSL-CBRAMOD-P01-L1-LOW-CAL-OFFICIAL-R2:64_PER_CLASS-MR00,Lee2019_MI,SSL-CBRAMOD,A0-RAW-ACCEPT-ALL,P01-L1-LOW-CAL-OFFICIAL-R2:64_PER_CLASS,0,6,1,100,0.51,0.5075871771681237,0.51,0.5032000000000001
P02-A0-Lee2019_MI-SSL-CBRAMOD-P01-L1-LOW-CAL-OFFICIAL-R2:64_PER_CLASS-MR00,Lee2019_MI,SSL-CBRAMOD,A0-RAW-ACCEPT-ALL,P01-L1-LOW-CAL-OFFICIAL-R2:64_PER_CLASS,0,15,1,100,0.49,0.4895405865278751,0.49,0.5676
P02-A0-Lee2019_MI-SSL-CBRAMOD-P01-L1-LOW-CAL-OFFICIAL-R2:64_PER_CLASS-MR00,Lee2019_MI,SSL-CBRAMOD,A0-RAW-ACCEPT-ALL,P01-L1-LOW-CAL-OFFICIAL-R2:64_PER_CLASS,0,19,1,100,0.49,0.48994899489948995,0.49,0.4404
P02-A0-Lee2019_MI-SSL-CBRAMOD-P01-L1-LOW-CAL-OFFICIAL-R2:64_PER_CLASS-MR00,Lee2019_MI,SSL-CBRAMOD,A0-RAW-ACCEPT-ALL,P01-L1-LOW-CAL-OFFICIAL-R2:64_PER_CLASS,0,30,1,100,0.38,0.3676050591595267,0.38,0.42719999999999997
P02-A0-Lee2019_MI-SSL-CBRAMOD-P01-L1-LOW-CAL-OFFICIAL-R2:64_PER_CLASS-MR00,Lee2019_MI,SSL-CBRAMOD,A0-RAW-ACCEPT-ALL,P01-L1-LOW-CAL-OFFICIAL-R2:64_PER_CLASS,0,36,1,100,0.47,0.4578005115089514,0.47,0.5164
P02-A0-Lee2019_MI-SSL-CBRAMOD-P01-L1-LOW-CAL-OFFICIAL-R2:64_PER_CLASS-MR01,Lee2019_MI,SSL-CBRAMOD,A0-RAW-ACCEPT-ALL,P01-L1-LOW-CAL-OFFICIAL-R2:64_PER_CLASS,1,3,1,100,0.5,0.5,0.5,0.47520000000000007
P02-A0-Lee2019_MI-SSL-CBRAMOD-P01-L1-LOW-CAL-OFFICIAL-R2:64_PER_CLASS-MR01,Lee2019_MI,SSL-CBRAMOD,A0-RAW-ACCEPT-ALL,P01-L1-LOW-CAL-OFFICIAL-R2:64_PER_CLASS,1,6,1,100,0.54,0.5392628205128205,0.54,0.5196000000000001
P02-A0-Lee2019_MI-SSL-CBRAMOD-P01-L1-LOW-CAL-OFFICIAL-R2:64_PER_CLASS-MR01,Lee2019_MI,SSL-CBRAMOD,A0-RAW-ACCEPT-ALL,P01-L1-LOW-CAL-OFFICIAL-R2:64_PER_CLASS,1,15,1,100,0.52,0.5169082125603865,0.52,0.5384
P02-A0-Lee2019_MI-SSL-CBRAMOD-P01-L1-LOW-CAL-OFFICIAL-R2:64_PER_CLASS-MR01,Lee2019_MI,SSL-CBRAMOD,A0-RAW-ACCEPT-ALL,P01-L1-LOW-CAL-OFFICIAL-R2:64_PER_CLASS,1,19,1,100,0.46,0.4565217391304348,0.46,0.4356
P02-A0-Lee2019_MI-SSL-CBRAMOD-P01-L1-LOW-CAL-OFFICIAL-R2:64_PER_CLASS-MR01,Lee2019_MI,SSL-CBRAMOD,A0-RAW-ACCEPT-ALL,P01-L1-LOW-CAL-OFFICIAL-R2:64_PER_CLASS,1,30,1,100,0.48000000000000004,0.47665056360708535,0.48,0.486
P02-A0-Lee2019_MI-SSL-CBRAMOD-P01-L1-LOW-CAL-OFFICIAL-R2:64_PER_CLASS-MR01,Lee2019_MI,SSL-CBRAMOD,A0-RAW-ACCEPT-ALL,P01-L1-LOW-CAL-OFFICIAL-R2:64_PER_CLASS,1,36,1,100,0.45,0.4472917294744247,0.45,0.4632
P02-A0-Lee2019_MI-SSL-CBRAMOD-P01-L1-LOW-CAL-OFFICIAL-R2:64_PER_CLASS-MR02,Lee2019_MI,SSL-CBRAMOD,A0-RAW-ACCEPT-ALL,P01-L1-LOW-CAL-OFFICIAL-R2:64_PER_CLASS,2,3,1,100,0.49,0.4858352656517794,0.49,0.4808
P02-A0-Lee2019_MI-SSL-CBRAMOD-P01-L1-LOW-CAL-OFFICIAL-R2:64_PER_CLASS-MR02,Lee2019_MI,SSL-CBRAMOD,A0-RAW-ACCEPT-ALL,P01-L1-LOW-CAL-OFFICIAL-R2:64_PER_CLASS,2,6,1,100,0.5,0.5,0.5,0.4844
P02-A0-Lee2019_MI-SSL-CBRAMOD-P01-L1-LOW-CAL-OFFICIAL-R2:64_PER_CLASS-MR02,Lee2019_MI,SSL-CBRAMOD,A0-RAW-ACCEPT-ALL,P01-L1-LOW-CAL-OFFICIAL-R2:64_PER_CLASS,2,15,1,100,0.5800000000000001,0.5793269230769231,0.58,0.5896
P02-A0-Lee2019_MI-SSL-CBRAMOD-P01-L1-LOW-CAL-OFFICIAL-R2:64_PER_CLASS-MR02,Lee2019_MI,SSL-CBRAMOD,A0-RAW-ACCEPT-ALL,P01-L1-LOW-CAL-OFFICIAL-R2:64_PER_CLASS,2,19,1,100,0.48,0.4781212364512244,0.48,0.456
P02-A0-Lee2019_MI-SSL-CBRAMOD-P01-L1-LOW-CAL-OFFICIAL-R2:64_PER_CLASS-MR02,Lee2019_MI,SSL-CBRAMOD,A0-RAW-ACCEPT-ALL,P01-L1-LOW-CAL-OFFICIAL-R2:64_PER_CLASS,2,30,1,100,0.49,0.4812328349099786,0.49,0.4964
P02-A0-Lee2019_MI-SSL-CBRAMOD-P01-L1-LOW-CAL-OFFICIAL-R2:64_PER_CLASS-MR02,Lee2019_MI,SSL-CBRAMOD,A0-RAW-ACCEPT-ALL,P01-L1-LOW-CAL-OFFICIAL-R2:64_PER_CLASS,2,36,1,100,0.41000000000000003,0.40946852166950254,0.41,0.4456
P02-A0-Lee2019_MI-SSL-CBRAMOD-P01-L1-LOW-CAL-OFFICIAL-R2:64_PER_CLASS-MR03,Lee2019_MI,SSL-CBRAMOD,A0-RAW-ACCEPT-ALL,P01-L1-LOW-CAL-OFFICIAL-R2:64_PER_CLASS,3,3,1,100,0.46,0.44191814799503926,0.46,0.4632
P02-A0-Lee2019_MI-SSL-CBRAMOD-P01-L1-LOW-CAL-OFFICIAL-R2:64_PER_CLASS-MR03,Lee2019_MI,SSL-CBRAMOD,A0-RAW-ACCEPT-ALL,P01-L1-LOW-CAL-OFFICIAL-R2:64_PER_CLASS,3,6,1,100,0.54,0.5383380168606985,0.54,0.5192
P02-A0-Lee2019_MI-SSL-CBRAMOD-P01-L1-LOW-CAL-OFFICIAL-R2:64_PER_CLASS-MR03,Lee2019_MI,SSL-CBRAMOD,A0-RAW-ACCEPT-ALL,P01-L1-LOW-CAL-OFFICIAL-R2:64_PER_CLASS,3,15,1,100,0.53,0.5242433444680635,0.53,0.5771999999999999
P02-A0-Lee2019_MI-SSL-CBRAMOD-P01-L1-LOW-CAL-OFFICIAL-R2:64_PER_CLASS-MR03,Lee2019_MI,SSL-CBRAMOD,A0-RAW-ACCEPT-ALL,P01-L1-LOW-CAL-OFFICIAL-R2:64_PER_CLASS,3,19,1,100,0.46,0.44191814799503926,0.46,0.4544
P02-A0-Lee2019_MI-SSL-CBRAMOD-P01-L1-LOW-CAL-OFFICIAL-R2:64_PER_CLASS-MR03,Lee2019_MI,SSL-CBRAMOD,A0-RAW-ACCEPT-ALL,P01-L1-LOW-CAL-OFFICIAL-R2:64_PER_CLASS,3,30,1,100,0.49,0.44317065181788406,0.49,0.498
P02-A0-Lee2019_MI-SSL-CBRAMOD-P01-L1-LOW-CAL-OFFICIAL-R2:64_PER_CLASS-MR03,Lee2019_MI,SSL-CBRAMOD,A0-RAW-ACCEPT-ALL,P01-L1-LOW-CAL-OFFICIAL-R2:64_PER_CLASS,3,36,1,100,0.42,0.4179044560417503,0.42,0.4536
P02-A0-Lee2019_MI-SSL-CBRAMOD-P01-L1-LOW-CAL-OFFICIAL-R2:64_PER_CLASS-MR04,Lee2019_MI,SSL-CBRAMOD,A0-RAW-ACCEPT-ALL,P01-L1-LOW-CAL-OFFICIAL-R2:64_PER_CLASS,4,3,1,100,0.48,0.47916666666666663,0.48,0.4676
P02-A0-Lee2019_MI-SSL-CBRAMOD-P01-L1-LOW-CAL-OFFICIAL-R2:64_PER_CLASS-MR04,Lee2019_MI,SSL-CBRAMOD,A0-RAW-ACCEPT-ALL,P01-L1-LOW-CAL-OFFICIAL-R2:64_PER_CLASS,4,6,1,100,0.55,0.5488721804511278,0.55,0.536
P02-A0-Lee2019_MI-SSL-CBRAMOD-P01-L1-LOW-CAL-OFFICIAL-R2:64_PER_CLASS-MR04,Lee2019_MI,SSL-CBRAMOD,A0-RAW-ACCEPT-ALL,P01-L1-LOW-CAL-OFFICIAL-R2:64_PER_CLASS,4,15,1,100,0.5,0.49979991996798717,0.5,0.528
P02-A0-Lee2019_MI-SSL-CBRAMOD-P01-L1-LOW-CAL-OFFICIAL-R2:64_PER_CLASS-MR04,Lee2019_MI,SSL-CBRAMOD,A0-RAW-ACCEPT-ALL,P01-L1-LOW-CAL-OFFICIAL-R2:64_PER_CLASS,4,19,1,100,0.44999999999999996,0.44950455409868884,0.45,0.4216
P02-A0-Lee2019_MI-SSL-CBRAMOD-P01-L1-LOW-CAL-OFFICIAL-R2:64_PER_CLASS-MR04,Lee2019_MI,SSL-CBRAMOD,A0-RAW-ACCEPT-ALL,P01-L1-LOW-CAL-OFFICIAL-R2:64_PER_CLASS,4,30,1,100,0.4,0.3961352657004831,0.4,0.42160000000000003
P02-A0-Lee2019_MI-SSL-CBRAMOD-P01-L1-LOW-CAL-OFFICIAL-R2:64_PER_CLASS-MR04,Lee2019_MI,SSL-CBRAMOD,A0-RAW-ACCEPT-ALL,P01-L1-LOW-CAL-OFFICIAL-R2:64_PER_CLASS,4,36,1,100,0.5,0.4967793880837359,0.5,0.5204
P02-A0-PhysioNetMI-CLS-CSP-LDA-P01-L1-LOW-CAL-OFFICIAL-R2:64_PER_CLASS-MR00,PhysioNetMI,CLS-CSP-LDA,A0-RAW-ACCEPT-ALL,P01-L1-LOW-CAL-OFFICIAL-R2:64_PER_CLASS,0,6,0,45,0.49404761904761907,0.4665948275862069,0.5111111111111111,0.5436507936507936
P02-A0-PhysioNetMI-CLS-CSP-LDA-P01-L1-LOW-CAL-OFFICIAL-R2:64_PER_CLASS-MR00,PhysioNetMI,CLS-CSP-LDA,A0-RAW-ACCEPT-ALL,P01-L1-LOW-CAL-OFFICIAL-R2:64_PER_CLASS,0,27,0,45,0.5197628458498024,0.42972350230414746,0.5111111111111111,0.6007905138339922
P02-A0-PhysioNetMI-CLS-CSP-LDA-P01-L1-LOW-CAL-OFFICIAL-R2:64_PER_CLASS-MR00,PhysioNetMI,CLS-CSP-LDA,A0-RAW-ACCEPT-ALL,P01-L1-LOW-CAL-OFFICIAL-R2:64_PER_CLASS,0,39,0,45,0.4288537549407115,0.36961206896551724,0.4222222222222222,0.49011857707509887
P02-A0-PhysioNetMI-CLS-CSP-LDA-P01-L1-LOW-CAL-OFFICIAL-R2:64_PER_CLASS-MR00,PhysioNetMI,CLS-CSP-LDA,A0-RAW-ACCEPT-ALL,P01-L1-LOW-CAL-OFFICIAL-R2:64_PER_CLASS,0,40,0,45,0.5267857142857143,0.4318181818181818,0.5555555555555556,0.617063492063492
P02-A0-PhysioNetMI-CLS-CSP-LDA-P01-L1-LOW-CAL-OFFICIAL-R2:64_PER_CLASS-MR00,PhysioNetMI,CLS-CSP-LDA,A0-RAW-ACCEPT-ALL,P01-L1-LOW-CAL-OFFICIAL-R2:64_PER_CLASS,0,47,0,45,0.5,0.34782608695652173,0.5333333333333333,0.49801587301587297
P02-A0-PhysioNetMI-CLS-CSP-LDA-P01-L1-LOW-CAL-OFFICIAL-R2:64_PER_CLASS-MR00,PhysioNetMI,CLS-CSP-LDA,A0-RAW-ACCEPT-ALL,P01-L1-LOW-CAL-OFFICIAL-R2:64_PER_CLASS,0,48,0,45,0.5,0.3382352941176471,0.5111111111111111,0.5494071146245059
P02-A0-PhysioNetMI-CLS-CSP-LDA-P01-L1-LOW-CAL-OFFICIAL-R2:64_PER_CLASS-MR00,PhysioNetMI,CLS-CSP-LDA,A0-RAW-ACCEPT-ALL,P01-L1-LOW-CAL-OFFICIAL-R2:64_PER_CLASS,0,57,0,45,0.5267857142857143,0.4907407407407407,0.5111111111111111,0.5734126984126984
P02-A0-PhysioNetMI-CLS-CSP-LDA-P01-L1-LOW-CAL-OFFICIAL-R2:64_PER_CLASS-MR00,PhysioNetMI,CLS-CSP-LDA,A0-RAW-ACCEPT-ALL,P01-L1-LOW-CAL-OFFICIAL-R2:64_PER_CLASS,0,71,0,45,0.599802371541502,0.599802371541502,0.6,0.5513833992094862
P02-A0-PhysioNetMI-CLS-CSP-LDA-P01-L1-LOW-CAL-OFFICIAL-R2:64_PER_CLASS-MR00,PhysioNetMI,CLS-CSP-LDA,A0-RAW-ACCEPT-ALL,P01-L1-LOW-CAL-OFFICIAL-R2:64_PER_CLASS,0,93,0,45,0.5,0.3382352941176471,0.5111111111111111,0.6640316205533598
P02-A0-PhysioNetMI-CLS-CSP-LDA-P01-L1-LOW-CAL-OFFICIAL-R2:64_PER_CLASS-MR00,PhysioNetMI,CLS-CSP-LDA,A0-RAW-ACCEPT-ALL,P01-L1-LOW-CAL-OFFICIAL-R2:64_PER_CLASS,0,98,0,45,0.5009881422924901,0.375,0.5111111111111111,0.4565217391304348
P02-A0-PhysioNetMI-CLS-CSP-LDA-P01-L1-LOW-CAL-OFFICIAL-R2:64_PER_CLASS-MR00,PhysioNetMI,CLS-CSP-LDA,A0-RAW-ACCEPT-ALL,P01-L1-LOW-CAL-OFFICIAL-R2:64_PER_CLASS,0,107,0,45,0.49702380952380953,0.48481831757093086,0.4888888888888889,0.5595238095238095
P02-A0-PhysioNetMI-DNN-EEGNET-P01-L1-LOW-CAL-OFFICIAL-R2:64_PER_CLASS-MR00,PhysioNetMI,DNN-EEGNET,A0-RAW-ACCEPT-ALL,P01-L1-LOW-CAL-OFFICIAL-R2:64_PER_CLASS,0,6,0,45,0.5357142857142857,0.44999999999999996,0.5111111111111111,0.5436507936507936
P02-A0-PhysioNetMI-DNN-EEGNET-P01-L1-LOW-CAL-OFFICIAL-R2:64_PER_CLASS-MR00,PhysioNetMI,DNN-EEGNET,A0-RAW-ACCEPT-ALL,P01-L1-LOW-CAL-OFFICIAL-R2:64_PER_CLASS,0,27,0,45,0.4061264822134387,0.354066985645933,0.4,0.4505928853754941
P02-A0-PhysioNetMI-DNN-EEGNET-P01-L1-LOW-CAL-OFFICIAL-R2:64_PER_CLASS-MR00,PhysioNetMI,DNN-EEGNET,A0-RAW-ACCEPT-ALL,P01-L1-LOW-CAL-OFFICIAL-R2:64_PER_CLASS,0,39,0,45,0.6264822134387352,0.6098929117797043,0.6222222222222222,0.6620553359683794
P02-A0-PhysioNetMI-DNN-EEGNET-P01-L1-LOW-CAL-OFFICIAL-R2:64_PER_CLASS-MR00,PhysioNetMI,DNN-EEGNET,A0-RAW-ACCEPT-ALL,P01-L1-LOW-CAL-OFFICIAL-R2:64_PER_CLASS,0,40,0,45,0.46726190476190477,0.41492368569813454,0.4888888888888889,0.4384920634920635
P02-A0-PhysioNetMI-DNN-EEGNET-P01-L1-LOW-CAL-OFFICIAL-R2:64_PER_CLASS-MR00,PhysioNetMI,DNN-EEGNET,A0-RAW-ACCEPT-ALL,P01-L1-LOW-CAL-OFFICIAL-R2:64_PER_CLASS,0,47,0,45,0.48809523809523814,0.42972350230414746,0.5111111111111111,0.5892857142857143
P02-A0-PhysioNetMI-DNN-EEGNET-P01-L1-LOW-CAL-OFFICIAL-R2:64_PER_CLASS-MR00,PhysioNetMI,DNN-EEGNET,A0-RAW-ACCEPT-ALL,P01-L1-LOW-CAL-OFFICIAL-R2:64_PER_CLASS,0,48,0,45,0.6215415019762847,0.6214745175655616,0.6222222222222222,0.5928853754940712
P02-A0-PhysioNetMI-DNN-EEGNET-P01-L1-LOW-CAL-OFFICIAL-R2:64_PER_CLASS-MR00,PhysioNetMI,DNN-EEGNET,A0-RAW-ACCEPT-ALL,P01-L1-LOW-CAL-OFFICIAL-R2:64_PER_CLASS,0,57,0,45,0.5178571428571428,0.3915343915343915,0.4888888888888889,0.5317460317460317
P02-A0-PhysioNetMI-DNN-EEGNET-P01-L1-LOW-CAL-OFFICIAL-R2:64_PER_CLASS-MR00,PhysioNetMI,DNN-EEGNET,A0-RAW-ACCEPT-ALL,P01-L1-LOW-CAL-OFFICIAL-R2:64_PER_CLASS,0,71,0,45,0.48814229249011853,0.48787728847105394,0.4888888888888889,0.4980237154150198
P02-A0-PhysioNetMI-DNN-EEGNET-P01-L1-LOW-CAL-OFFICIAL-R2:64_PER_CLASS-MR00,PhysioNetMI,DNN-EEGNET,A0-RAW-ACCEPT-ALL,P01-L1-LOW-CAL-OFFICIAL-R2:64_PER_CLASS,0,93,0,45,0.45849802371541504,0.37788018433179726,0.4666666666666667,0.4762845849802371
P02-A0-PhysioNetMI-DNN-EEGNET-P01-L1-LOW-CAL-OFFICIAL-R2:64_PER_CLASS-MR00,PhysioNetMI,DNN-EEGNET,A0-RAW-ACCEPT-ALL,P01-L1-LOW-CAL-OFFICIAL-R2:64_PER_CLASS,0,98,0,45,0.46047430830039526,0.41810344827586204,0.4666666666666667,0.5039525691699605
P02-A0-PhysioNetMI-DNN-EEGNET-P01-L1-LOW-CAL-OFFICIAL-R2:64_PER_CLASS-MR00,PhysioNetMI,DNN-EEGNET,A0-RAW-ACCEPT-ALL,P01-L1-LOW-CAL-OFFICIAL-R2:64_PER_CLASS,0,107,0,45,0.5565476190476191,0.5553359683794465,0.5555555555555556,0.5555555555555555
P02-A0-PhysioNetMI-DNN-EEGNET-P01-L1-LOW-CAL-OFFICIAL-R2:64_PER_CLASS-MR01,PhysioNetMI,DNN-EEGNET,A0-RAW-ACCEPT-ALL,P01-L1-LOW-CAL-OFFICIAL-R2:64_PER_CLASS,1,6,0,45,0.38095238095238093,0.37747035573122534,0.37777777777777777,0.4226190476190476
P02-A0-PhysioNetMI-DNN-EEGNET-P01-L1-LOW-CAL-OFFICIAL-R2:64_PER_CLASS-MR01,PhysioNetMI,DNN-EEGNET,A0-RAW-ACCEPT-ALL,P01-L1-LOW-CAL-OFFICIAL-R2:64_PER_CLASS,1,27,0,45,0.49604743083003955,0.434117003827228,0.4888888888888889,0.466403162055336
P02-A0-PhysioNetMI-DNN-EEGNET-P01-L1-LOW-CAL-OFFICIAL-R2:64_PER_CLASS-MR01,PhysioNetMI,DNN-EEGNET,A0-RAW-ACCEPT-ALL,P01-L1-LOW-CAL-OFFICIAL-R2:64_PER_CLASS,1,39,0,45,0.4940711462450593,0.4623376623376623,0.4888888888888889,0.4980237154150198
P02-A0-PhysioNetMI-DNN-EEGNET-P01-L1-LOW-CAL-OFFICIAL-R2:64_PER_CLASS-MR01,PhysioNetMI,DNN-EEGNET,A0-RAW-ACCEPT-ALL,P01-L1-LOW-CAL-OFFICIAL-R2:64_PER_CLASS,1,40,0,45,0.4791666666666667,0.3382352941176471,0.5111111111111111,0.45238095238095244
P02-A0-PhysioNetMI-DNN-EEGNET-P01-L1-LOW-CAL-OFFICIAL-R2:64_PER_CLASS-MR01,PhysioNetMI,DNN-EEGNET,A0-RAW-ACCEPT-ALL,P01-L1-LOW-CAL-OFFICIAL-R2:64_PER_CLASS,1,47,0,45,0.47619047619047616,0.3076923076923077,0.4444444444444444,0.5138888888888888
P02-A0-PhysioNetMI-DNN-EEGNET-P01-L1-LOW-CAL-OFFICIAL-R2:64_PER_CLASS-MR01,PhysioNetMI,DNN-EEGNET,A0-RAW-ACCEPT-ALL,P01-L1-LOW-CAL-OFFICIAL-R2:64_PER_CLASS,1,48,0,45,0.6225296442687747,0.6222222222222222,0.6222222222222222,0.6561264822134387
P02-A0-PhysioNetMI-DNN-EEGNET-P01-L1-LOW-CAL-OFFICIAL-R2:64_PER_CLASS-MR01,PhysioNetMI,DNN-EEGNET,A0-RAW-ACCEPT-ALL,P01-L1-LOW-CAL-OFFICIAL-R2:64_PER_CLASS,1,57,0,45,0.44345238095238093,0.44334487877288475,0.4444444444444444,0.46825396825396826
P02-A0-PhysioNetMI-DNN-EEGNET-P01-L1-LOW-CAL-OFFICIAL-R2:64_PER_CLASS-MR01,PhysioNetMI,DNN-EEGNET,A0-RAW-ACCEPT-ALL,P01-L1-LOW-CAL-OFFICIAL-R2:64_PER_CLASS,1,71,0,45,0.6136363636363636,0.5502645502645502,0.6222222222222222,0.6185770750988142
P02-A0-PhysioNetMI-DNN-EEGNET-P01-L1-LOW-CAL-OFFICIAL-R2:64_PER_CLASS-MR01,PhysioNetMI,DNN-EEGNET,A0-RAW-ACCEPT-ALL,P01-L1-LOW-CAL-OFFICIAL-R2:64_PER_CLASS,1,93,0,45,0.5424901185770751,0.4444444444444444,0.5333333333333333,0.7924901185770752
P02-A0-PhysioNetMI-DNN-EEGNET-P01-L1-LOW-CAL-OFFICIAL-R2:64_PER_CLASS-MR01,PhysioNetMI,DNN-EEGNET,A0-RAW-ACCEPT-ALL,P01-L1-LOW-CAL-OFFICIAL-R2:64_PER_CLASS,1,98,0,45,0.5148221343873518,0.4989878542510121,0.5111111111111111,0.66600790513834
P02-A0-PhysioNetMI-DNN-EEGNET-P01-L1-LOW-CAL-OFFICIAL-R2:64_PER_CLASS-MR01,PhysioNetMI,DNN-EEGNET,A0-RAW-ACCEPT-ALL,P01-L1-LOW-CAL-OFFICIAL-R2:64_PER_CLASS,1,107,0,45,0.5,0.4796380090497738,0.4888888888888889,0.513888888888889
P02-A0-PhysioNetMI-DNN-EEGNET-P01-L1-LOW-CAL-OFFICIAL-R2:64_PER_CLASS-MR02,PhysioNetMI,DNN-EEGNET,A0-RAW-ACCEPT-ALL,P01-L1-LOW-CAL-OFFICIAL-R2:64_PER_CLASS,2,6,0,45,0.4970238095238095,0.35096153846153844,0.4666666666666667,0.5277777777777778
P02-A0-PhysioNetMI-DNN-EEGNET-P01-L1-LOW-CAL-OFFICIAL-R2:64_PER_CLASS-MR02,PhysioNetMI,DNN-EEGNET,A0-RAW-ACCEPT-ALL,P01-L1-LOW-CAL-OFFICIAL-R2:64_PER_CLASS,2,27,0,45,0.4288537549407115,0.36961206896551724,0.4222222222222222,0.41699604743083
P02-A0-PhysioNetMI-DNN-EEGNET-P01-L1-LOW-CAL-OFFICIAL-R2:64_PER_CLASS-MR02,PhysioNetMI,DNN-EEGNET,A0-RAW-ACCEPT-ALL,P01-L1-LOW-CAL-OFFICIAL-R2:64_PER_CLASS,2,39,0,45,0.4950592885375494,0.44976076555023925,0.4888888888888889,0.45652173913043476
P02-A0-PhysioNetMI-DNN-EEGNET-P01-L1-LOW-CAL-OFFICIAL-R2:64_PER_CLASS-MR02,PhysioNetMI,DNN-EEGNET,A0-RAW-ACCEPT-ALL,P01-L1-LOW-CAL-OFFICIAL-R2:64_PER_CLASS,2,40,0,45,0.4017857142857143,0.35,0.4222222222222222,0.4384920634920635
P02-A0-PhysioNetMI-DNN-EEGNET-P01-L1-LOW-CAL-OFFICIAL-R2:64_PER_CLASS-MR02,PhysioNetMI,DNN-EEGNET,A0-RAW-ACCEPT-ALL,P01-L1-LOW-CAL-OFFICIAL-R2:64_PER_CLASS,2,47,0,45,0.6101190476190476,0.595,0.6,0.6746031746031746
P02-A0-PhysioNetMI-DNN-EEGNET-P01-L1-LOW-CAL-OFFICIAL-R2:64_PER_CLASS-MR02,PhysioNetMI,DNN-EEGNET,A0-RAW-ACCEPT-ALL,P01-L1-LOW-CAL-OFFICIAL-R2:64_PER_CLASS,2,48,0,45,0.5810276679841897,0.5701357466063348,0.5777777777777777,0.691699604743083
P02-A0-PhysioNetMI-DNN-EEGNET-P01-L1-LOW-CAL-OFFICIAL-R2:64_PER_CLASS-MR02,PhysioNetMI,DNN-EEGNET,A0-RAW-ACCEPT-ALL,P01-L1-LOW-CAL-OFFICIAL-R2:64_PER_CLASS,2,57,0,45,0.5565476190476191,0.4833242208857299,0.5333333333333333,0.6071428571428572
P02-A0-PhysioNetMI-DNN-EEGNET-P01-L1-LOW-CAL-OFFICIAL-R2:64_PER_CLASS-MR02,PhysioNetMI,DNN-EEGNET,A0-RAW-ACCEPT-ALL,P01-L1-LOW-CAL-OFFICIAL-R2:64_PER_CLASS,2,71,0,45,0.616600790513834,0.5933014354066986,0.6222222222222222,0.6976284584980237
P02-A0-PhysioNetMI-DNN-EEGNET-P01-L1-LOW-CAL-OFFICIAL-R2:64_PER_CLASS-MR02,PhysioNetMI,DNN-EEGNET,A0-RAW-ACCEPT-ALL,P01-L1-LOW-CAL-OFFICIAL-R2:64_PER_CLASS,2,93,0,45,0.7154150197628458,0.7016828148903621,0.7111111111111111,0.7964426877470356
P02-A0-PhysioNetMI-DNN-EEGNET-P01-L1-LOW-CAL-OFFICIAL-R2:64_PER_CLASS-MR02,PhysioNetMI,DNN-EEGNET,A0-RAW-ACCEPT-ALL,P01-L1-LOW-CAL-OFFICIAL-R2:64_PER_CLASS,2,98,0,45,0.6264822134387352,0.6098929117797043,0.6222222222222222,0.6521739130434783
P02-A0-PhysioNetMI-DNN-EEGNET-P01-L1-LOW-CAL-OFFICIAL-R2:64_PER_CLASS-MR02,PhysioNetMI,DNN-EEGNET,A0-RAW-ACCEPT-ALL,P01-L1-LOW-CAL-OFFICIAL-R2:64_PER_CLASS,2,107,0,45,0.5297619047619048,0.4591346153846154,0.5555555555555556,0.6785714285714286
P02-A0-PhysioNetMI-DNN-EEGNET-P01-L1-LOW-CAL-OFFICIAL-R2:64_PER_CLASS-MR03,PhysioNetMI,DNN-EEGNET,A0-RAW-ACCEPT-ALL,P01-L1-LOW-CAL-OFFICIAL-R2:64_PER_CLASS,3,6,0,45,0.49404761904761907,0.48787728847105394,0.4888888888888889,0.5257936507936507
P02-A0-PhysioNetMI-DNN-EEGNET-P01-L1-LOW-CAL-OFFICIAL-R2:64_PER_CLASS-MR03,PhysioNetMI,DNN-EEGNET,A0-RAW-ACCEPT-ALL,P01-L1-LOW-CAL-OFFICIAL-R2:64_PER_CLASS,3,27,0,45,0.5770750988142292,0.5769421078673924,0.5777777777777777,0.5770750988142292
P02-A0-PhysioNetMI-DNN-EEGNET-P01-L1-LOW-CAL-OFFICIAL-R2:64_PER_CLASS-MR03,PhysioNetMI,DNN-EEGNET,A0-RAW-ACCEPT-ALL,P01-L1-LOW-CAL-OFFICIAL-R2:64_PER_CLASS,3,39,0,45,0.491106719367589,0.48481831757093086,0.4888888888888889,0.5138339920948617
P02-A0-PhysioNetMI-DNN-EEGNET-P01-L1-LOW-CAL-OFFICIAL-R2:64_PER_CLASS-MR03,PhysioNetMI,DNN-EEGNET,A0-RAW-ACCEPT-ALL,P01-L1-LOW-CAL-OFFICIAL-R2:64_PER_CLASS,3,40,0,45,0.5952380952380952,0.595,0.6,0.6428571428571428
P02-A0-PhysioNetMI-DNN-EEGNET-P01-L1-LOW-CAL-OFFICIAL-R2:64_PER_CLASS-MR03,PhysioNetMI,DNN-EEGNET,A0-RAW-ACCEPT-ALL,P01-L1-LOW-CAL-OFFICIAL-R2:64_PER_CLASS,3,47,0,45,0.44047619047619047,0.35096153846153844,0.4666666666666667,0.49603174603174605
P02-A0-PhysioNetMI-DNN-EEGNET-P01-L1-LOW-CAL-OFFICIAL-R2:64_PER_CLASS-MR03,PhysioNetMI,DNN-EEGNET,A0-RAW-ACCEPT-ALL,P01-L1-LOW-CAL-OFFICIAL-R2:64_PER_CLASS,3,48,0,45,0.5385375494071146,0.509090909090909,0.5333333333333333,0.5039525691699605
P02-A0-PhysioNetMI-DNN-EEGNET-P01-L1-LOW-CAL-OFFICIAL-R2:64_PER_CLASS-MR03,PhysioNetMI,DNN-EEGNET,A0-RAW-ACCEPT-ALL,P01-L1-LOW-CAL-OFFICIAL-R2:64_PER_CLASS,3,57,0,45,0.5059523809523809,0.4623376623376623,0.4888888888888889,0.5337301587301587
P02-A0-PhysioNetMI-DNN-EEGNET-P01-L1-LOW-CAL-OFFICIAL-R2:64_PER_CLASS-MR03,PhysioNetMI,DNN-EEGNET,A0-RAW-ACCEPT-ALL,P01-L1-LOW-CAL-OFFICIAL-R2:64_PER_CLASS,3,71,0,45,0.6640316205533596,0.660633484162896,0.6666666666666666,0.6640316205533597
P02-A0-PhysioNetMI-DNN-EEGNET-P01-L1-LOW-CAL-OFFICIAL-R2:64_PER_CLASS-MR03,PhysioNetMI,DNN-EEGNET,A0-RAW-ACCEPT-ALL,P01-L1-LOW-CAL-OFFICIAL-R2:64_PER_CLASS,3,93,0,45,0.5138339920948617,0.505,0.5111111111111111,0.5019762845849802
P02-A0-PhysioNetMI-DNN-EEGNET-P01-L1-LOW-CAL-OFFICIAL-R2:64_PER_CLASS-MR03,PhysioNetMI,DNN-EEGNET,A0-RAW-ACCEPT-ALL,P01-L1-LOW-CAL-OFFICIAL-R2:64_PER_CLASS,3,98,0,45,0.5148221343873518,0.4989878542510121,0.5111111111111111,0.5494071146245059
P02-A0-PhysioNetMI-DNN-EEGNET-P01-L1-LOW-CAL-OFFICIAL-R2:64_PER_CLASS-MR03,PhysioNetMI,DNN-EEGNET,A0-RAW-ACCEPT-ALL,P01-L1-LOW-CAL-OFFICIAL-R2:64_PER_CLASS,3,107,0,45,0.49702380952380953,0.48481831757093086,0.4888888888888889,0.4047619047619047
P02-A0-PhysioNetMI-DNN-EEGNET-P01-L1-LOW-CAL-OFFICIAL-R2:64_PER_CLASS-MR04,PhysioNetMI,DNN-EEGNET,A0-RAW-ACCEPT-ALL,P01-L1-LOW-CAL-OFFICIAL-R2:64_PER_CLASS,4,6,0,45,0.5178571428571428,0.49760765550239233,0.5333333333333333,0.5178571428571428
P02-A0-PhysioNetMI-DNN-EEGNET-P01-L1-LOW-CAL-OFFICIAL-R2:64_PER_CLASS-MR04,PhysioNetMI,DNN-EEGNET,A0-RAW-ACCEPT-ALL,P01-L1-LOW-CAL-OFFICIAL-R2:64_PER_CLASS,4,27,0,45,0.6709486166007905,0.6557878633350331,0.6666666666666666,0.6640316205533597
P02-A0-PhysioNetMI-DNN-EEGNET-P01-L1-LOW-CAL-OFFICIAL-R2:64_PER_CLASS-MR04,PhysioNetMI,DNN-EEGNET,A0-RAW-ACCEPT-ALL,P01-L1-LOW-CAL-OFFICIAL-R2:64_PER_CLASS,4,39,0,45,0.5800395256916996,0.5744151319064211,0.5777777777777777,0.5869565217391304
P02-A0-PhysioNetMI-DNN-EEGNET-P01-L1-LOW-CAL-OFFICIAL-R2:64_PER_CLASS-MR04,PhysioNetMI,DNN-EEGNET,A0-RAW-ACCEPT-ALL,P01-L1-LOW-CAL-OFFICIAL-R2:64_PER_CLASS,4,40,0,45,0.5982142857142857,0.5454545454545454,0.5777777777777777,0.47420634920634913
P02-A0-PhysioNetMI-DNN-EEGNET-P01-L1-LOW-CAL-OFFICIAL-R2:64_PER_CLASS-MR04,PhysioNetMI,DNN-EEGNET,A0-RAW-ACCEPT-ALL,P01-L1-LOW-CAL-OFFICIAL-R2:64_PER_CLASS,4,47,0,45,0.5,0.34782608695652173,0.5333333333333333,0.5178571428571429
P02-A0-PhysioNetMI-DNN-EEGNET-P01-L1-LOW-CAL-OFFICIAL-R2:64_PER_CLASS-MR04,PhysioNetMI,DNN-EEGNET,A0-RAW-ACCEPT-ALL,P01-L1-LOW-CAL-OFFICIAL-R2:64_PER_CLASS,4,48,0,45,0.5464426877470356,0.4591346153846154,0.5555555555555556,0.7865612648221344
P02-A0-PhysioNetMI-DNN-EEGNET-P01-L1-LOW-CAL-OFFICIAL-R2:64_PER_CLASS-MR04,PhysioNetMI,DNN-EEGNET,A0-RAW-ACCEPT-ALL,P01-L1-LOW-CAL-OFFICIAL-R2:64_PER_CLASS,4,57,0,45,0.4910714285714286,0.4888888888888889,0.4888888888888889,0.5198412698412699
P02-A0-PhysioNetMI-DNN-EEGNET-P01-L1-LOW-CAL-OFFICIAL-R2:64_PER_CLASS-MR04,PhysioNetMI,DNN-EEGNET,A0-RAW-ACCEPT-ALL,P01-L1-LOW-CAL-OFFICIAL-R2:64_PER_CLASS,4,71,0,45,0.516798418972332,0.48004201680672265,0.5111111111111111,0.541501976284585
P02-A0-PhysioNetMI-DNN-EEGNET-P01-L1-LOW-CAL-OFFICIAL-R2:64_PER_CLASS-MR04,PhysioNetMI,DNN-EEGNET,A0-RAW-ACCEPT-ALL,P01-L1-LOW-CAL-OFFICIAL-R2:64_PER_CLASS,4,93,0,45,0.6373517786561265,0.6,0.6444444444444445,0.8280632411067194
P02-A0-PhysioNetMI-DNN-EEGNET-P01-L1-LOW-CAL-OFFICIAL-R2:64_PER_CLASS-MR04,PhysioNetMI,DNN-EEGNET,A0-RAW-ACCEPT-ALL,P01-L1-LOW-CAL-OFFICIAL-R2:64_PER_CLASS,4,98,0,45,0.6146245059288538,0.567552289429056,0.6222222222222222,0.7055335968379446
P02-A0-PhysioNetMI-DNN-EEGNET-P01-L1-LOW-CAL-OFFICIAL-R2:64_PER_CLASS-MR04,PhysioNetMI,DNN-EEGNET,A0-RAW-ACCEPT-ALL,P01-L1-LOW-CAL-OFFICIAL-R2:64_PER_CLASS,4,107,0,45,0.5119047619047619,0.5108695652173914,0.5111111111111111,0.5436507936507937
P02-A0-PhysioNetMI-RIE-TS-LR-P01-L1-LOW-CAL-OFFICIAL-R2:64_PER_CLASS-MR00,PhysioNetMI,RIE-TS-LR,A0-RAW-ACCEPT-ALL,P01-L1-LOW-CAL-OFFICIAL-R2:64_PER_CLASS,0,6,0,45,0.5208333333333334,0.3630769230769231,0.4888888888888889,0.5277777777777778
P02-A0-PhysioNetMI-RIE-TS-LR-P01-L1-LOW-CAL-OFFICIAL-R2:64_PER_CLASS-MR00,PhysioNetMI,RIE-TS-LR,A0-RAW-ACCEPT-ALL,P01-L1-LOW-CAL-OFFICIAL-R2:64_PER_CLASS,0,27,0,45,0.5434782608695652,0.4184615384615385,0.5333333333333333,0.5790513833992095
P02-A0-PhysioNetMI-RIE-TS-LR-P01-L1-LOW-CAL-OFFICIAL-R2:64_PER_CLASS-MR00,PhysioNetMI,RIE-TS-LR,A0-RAW-ACCEPT-ALL,P01-L1-LOW-CAL-OFFICIAL-R2:64_PER_CLASS,0,39,0,45,0.40711462450592883,0.33570256971022416,0.4,0.41699604743083
P02-A0-PhysioNetMI-RIE-TS-LR-P01-L1-LOW-CAL-OFFICIAL-R2:64_PER_CLASS-MR00,PhysioNetMI,RIE-TS-LR,A0-RAW-ACCEPT-ALL,P01-L1-LOW-CAL-OFFICIAL-R2:64_PER_CLASS,0,40,0,45,0.45535714285714285,0.4444444444444444,0.4666666666666667,0.4702380952380953
P02-A0-PhysioNetMI-RIE-TS-LR-P01-L1-LOW-CAL-OFFICIAL-R2:64_PER_CLASS-MR00,PhysioNetMI,RIE-TS-LR,A0-RAW-ACCEPT-ALL,P01-L1-LOW-CAL-OFFICIAL-R2:64_PER_CLASS,0,47,0,45,0.5,0.34782608695652173,0.5333333333333333,0.43452380952380953
P02-A0-PhysioNetMI-RIE-TS-LR-P01-L1-LOW-CAL-OFFICIAL-R2:64_PER_CLASS-MR00,PhysioNetMI,RIE-TS-LR,A0-RAW-ACCEPT-ALL,P01-L1-LOW-CAL-OFFICIAL-R2:64_PER_CLASS,0,48,0,45,0.6887351778656126,0.6887351778656126,0.6888888888888889,0.7806324110671937
P02-A0-PhysioNetMI-RIE-TS-LR-P01-L1-LOW-CAL-OFFICIAL-R2:64_PER_CLASS-MR00,PhysioNetMI,RIE-TS-LR,A0-RAW-ACCEPT-ALL,P01-L1-LOW-CAL-OFFICIAL-R2:64_PER_CLASS,0,57,0,45,0.5803571428571428,0.5,0.5555555555555556,0.625
P02-A0-PhysioNetMI-RIE-TS-LR-P01-L1-LOW-CAL-OFFICIAL-R2:64_PER_CLASS-MR00,PhysioNetMI,RIE-TS-LR,A0-RAW-ACCEPT-ALL,P01-L1-LOW-CAL-OFFICIAL-R2:64_PER_CLASS,0,71,0,45,0.5,0.3382352941176471,0.5111111111111111,0.8280632411067194
P02-A0-PhysioNetMI-RIE-TS-LR-P01-L1-LOW-CAL-OFFICIAL-R2:64_PER_CLASS-MR00,PhysioNetMI,RIE-TS-LR,A0-RAW-ACCEPT-ALL,P01-L1-LOW-CAL-OFFICIAL-R2:64_PER_CLASS,0,93,0,45,0.6086956521739131,0.533410138248848,0.6,0.8478260869565217
P02-A0-PhysioNetMI-RIE-TS-LR-P01-L1-LOW-CAL-OFFICIAL-R2:64_PER_CLASS-MR00,PhysioNetMI,RIE-TS-LR,A0-RAW-ACCEPT-ALL,P01-L1-LOW-CAL-OFFICIAL-R2:64_PER_CLASS,0,98,0,45,0.5958498023715415,0.5833333333333333,0.6,0.6521739130434782
P02-A0-PhysioNetMI-RIE-TS-LR-P01-L1-LOW-CAL-OFFICIAL-R2:64_PER_CLASS-MR00,PhysioNetMI,RIE-TS-LR,A0-RAW-ACCEPT-ALL,P01-L1-LOW-CAL-OFFICIAL-R2:64_PER_CLASS,0,107,0,45,0.4642857142857143,0.3915343915343915,0.4888888888888889,0.4821428571428572
P02-A0-PhysioNetMI-SSL-CBRAMOD-P01-L1-LOW-CAL-OFFICIAL-R2:64_PER_CLASS-MR00,PhysioNetMI,SSL-CBRAMOD,A0-RAW-ACCEPT-ALL,P01-L1-LOW-CAL-OFFICIAL-R2:64_PER_CLASS,0,6,0,45,0.4970238095238095,0.35096153846153844,0.4666666666666667,0.6428571428571429
P02-A0-PhysioNetMI-SSL-CBRAMOD-P01-L1-LOW-CAL-OFFICIAL-R2:64_PER_CLASS-MR00,PhysioNetMI,SSL-CBRAMOD,A0-RAW-ACCEPT-ALL,P01-L1-LOW-CAL-OFFICIAL-R2:64_PER_CLASS,0,27,0,45,0.5385375494071146,0.509090909090909,0.5333333333333333,0.5375494071146245
P02-A0-PhysioNetMI-SSL-CBRAMOD-P01-L1-LOW-CAL-OFFICIAL-R2:64_PER_CLASS-MR00,PhysioNetMI,SSL-CBRAMOD,A0-RAW-ACCEPT-ALL,P01-L1-LOW-CAL-OFFICIAL-R2:64_PER_CLASS,0,39,0,45,0.5622529644268774,0.5150862068965517,0.5555555555555556,0.5632411067193676
P02-A0-PhysioNetMI-SSL-CBRAMOD-P01-L1-LOW-CAL-OFFICIAL-R2:64_PER_CLASS-MR00,PhysioNetMI,SSL-CBRAMOD,A0-RAW-ACCEPT-ALL,P01-L1-LOW-CAL-OFFICIAL-R2:64_PER_CLASS,0,40,0,45,0.41666666666666663,0.415,0.4222222222222222,0.29563492063492064
P02-A0-PhysioNetMI-SSL-CBRAMOD-P01-L1-LOW-CAL-OFFICIAL-R2:64_PER_CLASS-MR00,PhysioNetMI,SSL-CBRAMOD,A0-RAW-ACCEPT-ALL,P01-L1-LOW-CAL-OFFICIAL-R2:64_PER_CLASS,0,47,0,45,0.38095238095238093,0.37747035573122534,0.37777777777777777,0.3630952380952381
P02-A0-PhysioNetMI-SSL-CBRAMOD-P01-L1-LOW-CAL-OFFICIAL-R2:64_PER_CLASS-MR00,PhysioNetMI,SSL-CBRAMOD,A0-RAW-ACCEPT-ALL,P01-L1-LOW-CAL-OFFICIAL-R2:64_PER_CLASS,0,48,0,45,0.4377470355731225,0.3849097867687261,0.4444444444444444,0.3359683794466403
P02-A0-PhysioNetMI-SSL-CBRAMOD-P01-L1-LOW-CAL-OFFICIAL-R2:64_PER_CLASS-MR00,PhysioNetMI,SSL-CBRAMOD,A0-RAW-ACCEPT-ALL,P01-L1-LOW-CAL-OFFICIAL-R2:64_PER_CLASS,0,57,0,45,0.5119047619047619,0.434117003827228,0.4888888888888889,0.5138888888888888
P02-A0-PhysioNetMI-SSL-CBRAMOD-P01-L1-LOW-CAL-OFFICIAL-R2:64_PER_CLASS-MR00,PhysioNetMI,SSL-CBRAMOD,A0-RAW-ACCEPT-ALL,P01-L1-LOW-CAL-OFFICIAL-R2:64_PER_CLASS,0,71,0,45,0.48221343873517786,0.434117003827228,0.4888888888888889,0.4407114624505929
P02-A0-PhysioNetMI-SSL-CBRAMOD-P01-L1-LOW-CAL-OFFICIAL-R2:64_PER_CLASS-MR00,PhysioNetMI,SSL-CBRAMOD,A0-RAW-ACCEPT-ALL,P01-L1-LOW-CAL-OFFICIAL-R2:64_PER_CLASS,0,93,0,45,0.46837944664031617,0.4642857142857143,0.4666666666666667,0.46047430830039526
P02-A0-PhysioNetMI-SSL-CBRAMOD-P01-L1-LOW-CAL-OFFICIAL-R2:64_PER_CLASS-MR00,PhysioNetMI,SSL-CBRAMOD,A0-RAW-ACCEPT-ALL,P01-L1-LOW-CAL-OFFICIAL-R2:64_PER_CLASS,0,98,0,45,0.6037549407114624,0.590080971659919,0.6,0.5889328063241107
P02-A0-PhysioNetMI-SSL-CBRAMOD-P01-L1-LOW-CAL-OFFICIAL-R2:64_PER_CLASS-MR00,PhysioNetMI,SSL-CBRAMOD,A0-RAW-ACCEPT-ALL,P01-L1-LOW-CAL-OFFICIAL-R2:64_PER_CLASS,0,107,0,45,0.5267857142857143,0.4907407407407407,0.5111111111111111,0.48611111111111116
P02-A0-PhysioNetMI-SSL-CBRAMOD-P01-L1-LOW-CAL-OFFICIAL-R2:64_PER_CLASS-MR01,PhysioNetMI,SSL-CBRAMOD,A0-RAW-ACCEPT-ALL,P01-L1-LOW-CAL-OFFICIAL-R2:64_PER_CLASS,1,6,0,45,0.5565476190476191,0.5553359683794465,0.5555555555555556,0.5218253968253969
P02-A0-PhysioNetMI-SSL-CBRAMOD-P01-L1-LOW-CAL-OFFICIAL-R2:64_PER_CLASS-MR01,PhysioNetMI,SSL-CBRAMOD,A0-RAW-ACCEPT-ALL,P01-L1-LOW-CAL-OFFICIAL-R2:64_PER_CLASS,1,27,0,45,0.5563241106719368,0.5553359683794465,0.5555555555555556,0.5770750988142292
P02-A0-PhysioNetMI-SSL-CBRAMOD-P01-L1-LOW-CAL-OFFICIAL-R2:64_PER_CLASS-MR01,PhysioNetMI,SSL-CBRAMOD,A0-RAW-ACCEPT-ALL,P01-L1-LOW-CAL-OFFICIAL-R2:64_PER_CLASS,1,39,0,45,0.44367588932806323,0.44334487877288475,0.4444444444444444,0.4545454545454546
P02-A0-PhysioNetMI-SSL-CBRAMOD-P01-L1-LOW-CAL-OFFICIAL-R2:64_PER_CLASS-MR01,PhysioNetMI,SSL-CBRAMOD,A0-RAW-ACCEPT-ALL,P01-L1-LOW-CAL-OFFICIAL-R2:64_PER_CLASS,1,40,0,45,0.29166666666666663,0.2885375494071146,0.28888888888888886,0.21230158730158732
P02-A0-PhysioNetMI-SSL-CBRAMOD-P01-L1-LOW-CAL-OFFICIAL-R2:64_PER_CLASS-MR01,PhysioNetMI,SSL-CBRAMOD,A0-RAW-ACCEPT-ALL,P01-L1-LOW-CAL-OFFICIAL-R2:64_PER_CLASS,1,47,0,45,0.48511904761904756,0.48481831757093086,0.4888888888888889,0.4722222222222222
P02-A0-PhysioNetMI-SSL-CBRAMOD-P01-L1-LOW-CAL-OFFICIAL-R2:64_PER_CLASS-MR01,PhysioNetMI,SSL-CBRAMOD,A0-RAW-ACCEPT-ALL,P01-L1-LOW-CAL-OFFICIAL-R2:64_PER_CLASS,1,48,0,45,0.46739130434782605,0.46640316205533594,0.4666666666666667,0.46047430830039526
P02-A0-PhysioNetMI-SSL-CBRAMOD-P01-L1-LOW-CAL-OFFICIAL-R2:64_PER_CLASS-MR01,PhysioNetMI,SSL-CBRAMOD,A0-RAW-ACCEPT-ALL,P01-L1-LOW-CAL-OFFICIAL-R2:64_PER_CLASS,1,57,0,45,0.4732142857142857,0.4642857142857143,0.4666666666666667,0.4523809523809524
P02-A0-PhysioNetMI-SSL-CBRAMOD-P01-L1-LOW-CAL-OFFICIAL-R2:64_PER_CLASS-MR01,PhysioNetMI,SSL-CBRAMOD,A0-RAW-ACCEPT-ALL,P01-L1-LOW-CAL-OFFICIAL-R2:64_PER_CLASS,1,71,0,45,0.48814229249011853,0.48787728847105394,0.4888888888888889,0.41897233201581024
P02-A0-PhysioNetMI-SSL-CBRAMOD-P01-L1-LOW-CAL-OFFICIAL-R2:64_PER_CLASS-MR01,PhysioNetMI,SSL-CBRAMOD,A0-RAW-ACCEPT-ALL,P01-L1-LOW-CAL-OFFICIAL-R2:64_PER_CLASS,1,93,0,45,0.5780632411067194,0.5777777777777777,0.5777777777777777,0.5059288537549407
P02-A0-PhysioNetMI-SSL-CBRAMOD-P01-L1-LOW-CAL-OFFICIAL-R2:64_PER_CLASS-MR01,PhysioNetMI,SSL-CBRAMOD,A0-RAW-ACCEPT-ALL,P01-L1-LOW-CAL-OFFICIAL-R2:64_PER_CLASS,1,98,0,45,0.5553359683794465,0.5553359683794465,0.5555555555555556,0.5513833992094861
P02-A0-PhysioNetMI-SSL-CBRAMOD-P01-L1-LOW-CAL-OFFICIAL-R2:64_PER_CLASS-MR01,PhysioNetMI,SSL-CBRAMOD,A0-RAW-ACCEPT-ALL,P01-L1-LOW-CAL-OFFICIAL-R2:64_PER_CLASS,1,107,0,45,0.6130952380952381,0.590080971659919,0.6,0.5873015873015873
P02-A0-PhysioNetMI-SSL-CBRAMOD-P01-L1-LOW-CAL-OFFICIAL-R2:64_PER_CLASS-MR02,PhysioNetMI,SSL-CBRAMOD,A0-RAW-ACCEPT-ALL,P01-L1-LOW-CAL-OFFICIAL-R2:64_PER_CLASS,2,6,0,45,0.5386904761904762,0.5324096981692232,0.5333333333333333,0.5476190476190476
P02-A0-PhysioNetMI-SSL-CBRAMOD-P01-L1-LOW-CAL-OFFICIAL-R2:64_PER_CLASS-MR02,PhysioNetMI,SSL-CBRAMOD,A0-RAW-ACCEPT-ALL,P01-L1-LOW-CAL-OFFICIAL-R2:64_PER_CLASS,2,27,0,45,0.6037549407114624,0.590080971659919,0.6,0.6660079051383399
P02-A0-PhysioNetMI-SSL-CBRAMOD-P01-L1-LOW-CAL-OFFICIAL-R2:64_PER_CLASS-MR02,PhysioNetMI,SSL-CBRAMOD,A0-RAW-ACCEPT-ALL,P01-L1-LOW-CAL-OFFICIAL-R2:64_PER_CLASS,2,39,0,45,0.491106719367589,0.48481831757093086,0.4888888888888889,0.49604743083003955
P02-A0-PhysioNetMI-SSL-CBRAMOD-P01-L1-LOW-CAL-OFFICIAL-R2:64_PER_CLASS-MR02,PhysioNetMI,SSL-CBRAMOD,A0-RAW-ACCEPT-ALL,P01-L1-LOW-CAL-OFFICIAL-R2:64_PER_CLASS,2,40,0,45,0.41369047619047616,0.40789473684210525,0.4222222222222222,0.30952380952380953
P02-A0-PhysioNetMI-SSL-CBRAMOD-P01-L1-LOW-CAL-OFFICIAL-R2:64_PER_CLASS-MR02,PhysioNetMI,SSL-CBRAMOD,A0-RAW-ACCEPT-ALL,P01-L1-LOW-CAL-OFFICIAL-R2:64_PER_CLASS,2,47,0,45,0.4910714285714286,0.4888888888888889,0.4888888888888889,0.43253968253968256
P02-A0-PhysioNetMI-SSL-CBRAMOD-P01-L1-LOW-CAL-OFFICIAL-R2:64_PER_CLASS-MR02,PhysioNetMI,SSL-CBRAMOD,A0-RAW-ACCEPT-ALL,P01-L1-LOW-CAL-OFFICIAL-R2:64_PER_CLASS,2,48,0,45,0.5573122529644269,0.5535714285714286,0.5555555555555556,0.5019762845849801
P02-A0-PhysioNetMI-SSL-CBRAMOD-P01-L1-LOW-CAL-OFFICIAL-R2:64_PER_CLASS-MR02,PhysioNetMI,SSL-CBRAMOD,A0-RAW-ACCEPT-ALL,P01-L1-LOW-CAL-OFFICIAL-R2:64_PER_CLASS,2,57,0,45,0.43154761904761907,0.415,0.4222222222222222,0.4583333333333333
P02-A0-PhysioNetMI-SSL-CBRAMOD-P01-L1-LOW-CAL-OFFICIAL-R2:64_PER_CLASS-MR02,PhysioNetMI,SSL-CBRAMOD,A0-RAW-ACCEPT-ALL,P01-L1-LOW-CAL-OFFICIAL-R2:64_PER_CLASS,2,71,0,45,0.39920948616600793,0.39881246907471546,0.4,0.39328063241106714
P02-A0-PhysioNetMI-SSL-CBRAMOD-P01-L1-LOW-CAL-OFFICIAL-R2:64_PER_CLASS-MR02,PhysioNetMI,SSL-CBRAMOD,A0-RAW-ACCEPT-ALL,P01-L1-LOW-CAL-OFFICIAL-R2:64_PER_CLASS,2,93,0,45,0.42193675889328064,0.42193675889328064,0.4222222222222222,0.4367588932806324
P02-A0-PhysioNetMI-SSL-CBRAMOD-P01-L1-LOW-CAL-OFFICIAL-R2:64_PER_CLASS-MR02,PhysioNetMI,SSL-CBRAMOD,A0-RAW-ACCEPT-ALL,P01-L1-LOW-CAL-OFFICIAL-R2:64_PER_CLASS,2,98,0,45,0.5800395256916996,0.5744151319064211,0.5777777777777777,0.5810276679841897
P02-A0-PhysioNetMI-SSL-CBRAMOD-P01-L1-LOW-CAL-OFFICIAL-R2:64_PER_CLASS-MR02,PhysioNetMI,SSL-CBRAMOD,A0-RAW-ACCEPT-ALL,P01-L1-LOW-CAL-OFFICIAL-R2:64_PER_CLASS,2,107,0,45,0.6130952380952381,0.590080971659919,0.6,0.5892857142857143
P02-A0-PhysioNetMI-SSL-CBRAMOD-P01-L1-LOW-CAL-OFFICIAL-R2:64_PER_CLASS-MR03,PhysioNetMI,SSL-CBRAMOD,A0-RAW-ACCEPT-ALL,P01-L1-LOW-CAL-OFFICIAL-R2:64_PER_CLASS,3,6,0,45,0.5446428571428572,0.5248868778280543,0.5333333333333333,0.5396825396825397
P02-A0-PhysioNetMI-SSL-CBRAMOD-P01-L1-LOW-CAL-OFFICIAL-R2:64_PER_CLASS-MR03,PhysioNetMI,SSL-CBRAMOD,A0-RAW-ACCEPT-ALL,P01-L1-LOW-CAL-OFFICIAL-R2:64_PER_CLASS,3,27,0,45,0.5573122529644269,0.5535714285714286,0.5555555555555556,0.6086956521739131
P02-A0-PhysioNetMI-SSL-CBRAMOD-P01-L1-LOW-CAL-OFFICIAL-R2:64_PER_CLASS-MR03,PhysioNetMI,SSL-CBRAMOD,A0-RAW-ACCEPT-ALL,P01-L1-LOW-CAL-OFFICIAL-R2:64_PER_CLASS,3,39,0,45,0.491106719367589,0.48481831757093086,0.4888888888888889,0.4940711462450593
P02-A0-PhysioNetMI-SSL-CBRAMOD-P01-L1-LOW-CAL-OFFICIAL-R2:64_PER_CLASS-MR03,PhysioNetMI,SSL-CBRAMOD,A0-RAW-ACCEPT-ALL,P01-L1-LOW-CAL-OFFICIAL-R2:64_PER_CLASS,3,40,0,45,0.37797619047619047,0.37747035573122534,0.37777777777777777,0.27976190476190477
P02-A0-PhysioNetMI-SSL-CBRAMOD-P01-L1-LOW-CAL-OFFICIAL-R2:64_PER_CLASS-MR03,PhysioNetMI,SSL-CBRAMOD,A0-RAW-ACCEPT-ALL,P01-L1-LOW-CAL-OFFICIAL-R2:64_PER_CLASS,3,47,0,45,0.5119047619047619,0.5108695652173914,0.5111111111111111,0.4801587301587302
P02-A0-PhysioNetMI-SSL-CBRAMOD-P01-L1-LOW-CAL-OFFICIAL-R2:64_PER_CLASS-MR03,PhysioNetMI,SSL-CBRAMOD,A0-RAW-ACCEPT-ALL,P01-L1-LOW-CAL-OFFICIAL-R2:64_PER_CLASS,3,48,0,45,0.5345849802371542,0.5324096981692232,0.5333333333333333,0.49802371541501983
P02-A0-PhysioNetMI-SSL-CBRAMOD-P01-L1-LOW-CAL-OFFICIAL-R2:64_PER_CLASS-MR03,PhysioNetMI,SSL-CBRAMOD,A0-RAW-ACCEPT-ALL,P01-L1-LOW-CAL-OFFICIAL-R2:64_PER_CLASS,3,57,0,45,0.3601190476190476,0.3542800593765463,0.35555555555555557,0.37500000000000006
P02-A0-PhysioNetMI-SSL-CBRAMOD-P01-L1-LOW-CAL-OFFICIAL-R2:64_PER_CLASS-MR03,PhysioNetMI,SSL-CBRAMOD,A0-RAW-ACCEPT-ALL,P01-L1-LOW-CAL-OFFICIAL-R2:64_PER_CLASS,3,71,0,45,0.5088932806324111,0.505,0.5111111111111111,0.4604743083003953
P02-A0-PhysioNetMI-SSL-CBRAMOD-P01-L1-LOW-CAL-OFFICIAL-R2:64_PER_CLASS-MR03,PhysioNetMI,SSL-CBRAMOD,A0-RAW-ACCEPT-ALL,P01-L1-LOW-CAL-OFFICIAL-R2:64_PER_CLASS,3,93,0,45,0.40019762845849804,0.4,0.4,0.4624505928853755
P02-A0-PhysioNetMI-SSL-CBRAMOD-P01-L1-LOW-CAL-OFFICIAL-R2:64_PER_CLASS-MR03,PhysioNetMI,SSL-CBRAMOD,A0-RAW-ACCEPT-ALL,P01-L1-LOW-CAL-OFFICIAL-R2:64_PER_CLASS,3,98,0,45,0.6254940711462451,0.6153846153846154,0.6222222222222222,0.6225296442687747
P02-A0-PhysioNetMI-SSL-CBRAMOD-P01-L1-LOW-CAL-OFFICIAL-R2:64_PER_CLASS-MR03,PhysioNetMI,SSL-CBRAMOD,A0-RAW-ACCEPT-ALL,P01-L1-LOW-CAL-OFFICIAL-R2:64_PER_CLASS,3,107,0,45,0.6339285714285714,0.6153846153846154,0.6222222222222222,0.623015873015873
P02-A0-PhysioNetMI-SSL-CBRAMOD-P01-L1-LOW-CAL-OFFICIAL-R2:64_PER_CLASS-MR04,PhysioNetMI,SSL-CBRAMOD,A0-RAW-ACCEPT-ALL,P01-L1-LOW-CAL-OFFICIAL-R2:64_PER_CLASS,4,6,0,45,0.47023809523809523,0.46640316205533594,0.4666666666666667,0.5416666666666667
P02-A0-PhysioNetMI-SSL-CBRAMOD-P01-L1-LOW-CAL-OFFICIAL-R2:64_PER_CLASS-MR04,PhysioNetMI,SSL-CBRAMOD,A0-RAW-ACCEPT-ALL,P01-L1-LOW-CAL-OFFICIAL-R2:64_PER_CLASS,4,27,0,45,0.6017786561264822,0.5982142857142857,0.6,0.6600790513833993
P02-A0-PhysioNetMI-SSL-CBRAMOD-P01-L1-LOW-CAL-OFFICIAL-R2:64_PER_CLASS-MR04,PhysioNetMI,SSL-CBRAMOD,A0-RAW-ACCEPT-ALL,P01-L1-LOW-CAL-OFFICIAL-R2:64_PER_CLASS,4,39,0,45,0.491106719367589,0.48481831757093086,0.4888888888888889,0.5454545454545454
P02-A0-PhysioNetMI-SSL-CBRAMOD-P01-L1-LOW-CAL-OFFICIAL-R2:64_PER_CLASS-MR04,PhysioNetMI,SSL-CBRAMOD,A0-RAW-ACCEPT-ALL,P01-L1-LOW-CAL-OFFICIAL-R2:64_PER_CLASS,4,40,0,45,0.3273809523809524,0.325,0.3333333333333333,0.23015873015873017
P02-A0-PhysioNetMI-SSL-CBRAMOD-P01-L1-LOW-CAL-OFFICIAL-R2:64_PER_CLASS-MR04,PhysioNetMI,SSL-CBRAMOD,A0-RAW-ACCEPT-ALL,P01-L1-LOW-CAL-OFFICIAL-R2:64_PER_CLASS,4,47,0,45,0.4464285714285714,0.4444444444444444,0.4444444444444444,0.4424603174603175
P02-A0-PhysioNetMI-SSL-CBRAMOD-P01-L1-LOW-CAL-OFFICIAL-R2:64_PER_CLASS-MR04,PhysioNetMI,SSL-CBRAMOD,A0-RAW-ACCEPT-ALL,P01-L1-LOW-CAL-OFFICIAL-R2:64_PER_CLASS,4,48,0,45,0.5118577075098814,0.5108695652173914,0.5111111111111111,0.450592885375494
P02-A0-PhysioNetMI-SSL-CBRAMOD-P01-L1-LOW-CAL-OFFICIAL-R2:64_PER_CLASS-MR04,PhysioNetMI,SSL-CBRAMOD,A0-RAW-ACCEPT-ALL,P01-L1-LOW-CAL-OFFICIAL-R2:64_PER_CLASS,4,57,0,45,0.5446428571428572,0.5248868778280543,0.5333333333333333,0.5416666666666666
P02-A0-PhysioNetMI-SSL-CBRAMOD-P01-L1-LOW-CAL-OFFICIAL-R2:64_PER_CLASS-MR04,PhysioNetMI,SSL-CBRAMOD,A0-RAW-ACCEPT-ALL,P01-L1-LOW-CAL-OFFICIAL-R2:64_PER_CLASS,4,71,0,45,0.3330039525691699,0.3330039525691699,0.3333333333333333,0.3754940711462451
P02-A0-PhysioNetMI-SSL-CBRAMOD-P01-L1-LOW-CAL-OFFICIAL-R2:64_PER_CLASS-MR04,PhysioNetMI,SSL-CBRAMOD,A0-RAW-ACCEPT-ALL,P01-L1-LOW-CAL-OFFICIAL-R2:64_PER_CLASS,4,93,0,45,0.5553359683794465,0.5553359683794465,0.5555555555555556,0.45652173913043476
P02-A0-PhysioNetMI-SSL-CBRAMOD-P01-L1-LOW-CAL-OFFICIAL-R2:64_PER_CLASS-MR04,PhysioNetMI,SSL-CBRAMOD,A0-RAW-ACCEPT-ALL,P01-L1-LOW-CAL-OFFICIAL-R2:64_PER_CLASS,4,98,0,45,0.5355731225296443,0.5296167247386759,0.5333333333333333,0.5889328063241106
P02-A0-PhysioNetMI-SSL-CBRAMOD-P01-L1-LOW-CAL-OFFICIAL-R2:64_PER_CLASS-MR04,PhysioNetMI,SSL-CBRAMOD,A0-RAW-ACCEPT-ALL,P01-L1-LOW-CAL-OFFICIAL-R2:64_PER_CLASS,4,107,0,45,0.5446428571428572,0.5248868778280543,0.5333333333333333,0.5694444444444444
P02-A0-BNCI2014_001-CLS-CSP-LDA-P01-L1-LOW-CAL-OFFICIAL-R2:128_PER_CLASS-MR00,BNCI2014_001,CLS-CSP-LDA,A0-RAW-ACCEPT-ALL,P01-L1-LOW-CAL-OFFICIAL-R2:128_PER_CLASS,0,7,0train,144,0.5277777777777778,0.5244755244755245,0.5277777777777778,0.5275848765432098
P02-A0-BNCI2014_001-CLS-CSP-LDA-P01-L1-LOW-CAL-OFFICIAL-R2:128_PER_CLASS-MR00,BNCI2014_001,CLS-CSP-LDA,A0-RAW-ACCEPT-ALL,P01-L1-LOW-CAL-OFFICIAL-R2:128_PER_CLASS,0,7,1test,144,0.6041666666666666,0.5955654101995566,0.6041666666666666,0.6537422839506174
P02-A0-BNCI2014_001-DNN-EEGNET-P01-L1-LOW-CAL-OFFICIAL-R2:128_PER_CLASS-MR00,BNCI2014_001,DNN-EEGNET,A0-RAW-ACCEPT-ALL,P01-L1-LOW-CAL-OFFICIAL-R2:128_PER_CLASS,0,7,0train,144,0.6458333333333333,0.6381374722838138,0.6458333333333334,0.6685956790123456
P02-A0-BNCI2014_001-DNN-EEGNET-P01-L1-LOW-CAL-OFFICIAL-R2:128_PER_CLASS-MR00,BNCI2014_001,DNN-EEGNET,A0-RAW-ACCEPT-ALL,P01-L1-LOW-CAL-OFFICIAL-R2:128_PER_CLASS,0,7,1test,144,0.6041666666666666,0.5985719176407297,0.6041666666666666,0.6442901234567902
P02-A0-BNCI2014_001-DNN-EEGNET-P01-L1-LOW-CAL-OFFICIAL-R2:128_PER_CLASS-MR01,BNCI2014_001,DNN-EEGNET,A0-RAW-ACCEPT-ALL,P01-L1-LOW-CAL-OFFICIAL-R2:128_PER_CLASS,1,7,0train,144,0.6180555555555556,0.6112883435582822,0.6180555555555556,0.6699459876543209
P02-A0-BNCI2014_001-DNN-EEGNET-P01-L1-LOW-CAL-OFFICIAL-R2:128_PER_CLASS-MR01,BNCI2014_001,DNN-EEGNET,A0-RAW-ACCEPT-ALL,P01-L1-LOW-CAL-OFFICIAL-R2:128_PER_CLASS,1,7,1test,144,0.5833333333333333,0.5804195804195804,0.5833333333333334,0.6479552469135802
P02-A0-BNCI2014_001-DNN-EEGNET-P01-L1-LOW-CAL-OFFICIAL-R2:128_PER_CLASS-MR02,BNCI2014_001,DNN-EEGNET,A0-RAW-ACCEPT-ALL,P01-L1-LOW-CAL-OFFICIAL-R2:128_PER_CLASS,2,7,0train,144,0.5694444444444444,0.559154651392455,0.5694444444444444,0.6267361111111112
P02-A0-BNCI2014_001-DNN-EEGNET-P01-L1-LOW-CAL-OFFICIAL-R2:128_PER_CLASS-MR02,BNCI2014_001,DNN-EEGNET,A0-RAW-ACCEPT-ALL,P01-L1-LOW-CAL-OFFICIAL-R2:128_PER_CLASS,2,7,1test,144,0.5486111111111112,0.49975949975949974,0.5486111111111112,0.5927854938271605
P02-A0-BNCI2014_001-DNN-EEGNET-P01-L1-LOW-CAL-OFFICIAL-R2:128_PER_CLASS-MR03,BNCI2014_001,DNN-EEGNET,A0-RAW-ACCEPT-ALL,P01-L1-LOW-CAL-OFFICIAL-R2:128_PER_CLASS,3,7,0train,144,0.5972222222222222,0.5734422880490296,0.5972222222222222,0.6807484567901235
P02-A0-BNCI2014_001-DNN-EEGNET-P01-L1-LOW-CAL-OFFICIAL-R2:128_PER_CLASS-MR03,BNCI2014_001,DNN-EEGNET,A0-RAW-ACCEPT-ALL,P01-L1-LOW-CAL-OFFICIAL-R2:128_PER_CLASS,3,7,1test,144,0.5347222222222222,0.5246119733924612,0.5347222222222222,0.5632716049382716
P02-A0-BNCI2014_001-DNN-EEGNET-P01-L1-LOW-CAL-OFFICIAL-R2:128_PER_CLASS-MR04,BNCI2014_001,DNN-EEGNET,A0-RAW-ACCEPT-ALL,P01-L1-LOW-CAL-OFFICIAL-R2:128_PER_CLASS,4,7,0train,144,0.5833333333333334,0.5767195767195767,0.5833333333333334,0.6358024691358025
P02-A0-BNCI2014_001-DNN-EEGNET-P01-L1-LOW-CAL-OFFICIAL-R2:128_PER_CLASS-MR04,BNCI2014_001,DNN-EEGNET,A0-RAW-ACCEPT-ALL,P01-L1-LOW-CAL-OFFICIAL-R2:128_PER_CLASS,4,7,1test,144,0.6527777777777778,0.6521739130434783,0.6527777777777778,0.6913580246913581
P02-A0-BNCI2014_001-RIE-TS-LR-P01-L1-LOW-CAL-OFFICIAL-R2:128_PER_CLASS-MR00,BNCI2014_001,RIE-TS-LR,A0-RAW-ACCEPT-ALL,P01-L1-LOW-CAL-OFFICIAL-R2:128_PER_CLASS,0,7,0train,144,0.5694444444444444,0.5571428571428572,0.5694444444444444,0.5626929012345679
P02-A0-BNCI2014_001-RIE-TS-LR-P01-L1-LOW-CAL-OFFICIAL-R2:128_PER_CLASS-MR00,BNCI2014_001,RIE-TS-LR,A0-RAW-ACCEPT-ALL,P01-L1-LOW-CAL-OFFICIAL-R2:128_PER_CLASS,0,7,1test,144,0.5902777777777778,0.5753486279802069,0.5902777777777778,0.6587577160493826
P02-A0-BNCI2014_001-SSL-CBRAMOD-P01-L1-LOW-CAL-OFFICIAL-R2:128_PER_CLASS-MR00,BNCI2014_001,SSL-CBRAMOD,A0-RAW-ACCEPT-ALL,P01-L1-LOW-CAL-OFFICIAL-R2:128_PER_CLASS,0,7,0train,144,0.5069444444444444,0.5028929839062576,0.5069444444444444,0.5129243827160493
P02-A0-BNCI2014_001-SSL-CBRAMOD-P01-L1-LOW-CAL-OFFICIAL-R2:128_PER_CLASS-MR00,BNCI2014_001,SSL-CBRAMOD,A0-RAW-ACCEPT-ALL,P01-L1-LOW-CAL-OFFICIAL-R2:128_PER_CLASS,0,7,1test,144,0.4930555555555555,0.49185478803113064,0.4930555555555556,0.5273919753086419
P02-A0-BNCI2014_001-SSL-CBRAMOD-P01-L1-LOW-CAL-OFFICIAL-R2:128_PER_CLASS-MR01,BNCI2014_001,SSL-CBRAMOD,A0-RAW-ACCEPT-ALL,P01-L1-LOW-CAL-OFFICIAL-R2:128_PER_CLASS,1,7,0train,144,0.5277777777777778,0.523271665043817,0.5277777777777778,0.5430169753086419
P02-A0-BNCI2014_001-SSL-CBRAMOD-P01-L1-LOW-CAL-OFFICIAL-R2:128_PER_CLASS-MR01,BNCI2014_001,SSL-CBRAMOD,A0-RAW-ACCEPT-ALL,P01-L1-LOW-CAL-OFFICIAL-R2:128_PER_CLASS,1,7,1test,144,0.5694444444444444,0.568695652173913,0.5694444444444444,0.5534336419753086
P02-A0-BNCI2014_001-SSL-CBRAMOD-P01-L1-LOW-CAL-OFFICIAL-R2:128_PER_CLASS-MR02,BNCI2014_001,SSL-CBRAMOD,A0-RAW-ACCEPT-ALL,P01-L1-LOW-CAL-OFFICIAL-R2:128_PER_CLASS,2,7,0train,144,0.5486111111111112,0.5480662449905847,0.5486111111111112,0.5653935185185186
P02-A0-BNCI2014_001-SSL-CBRAMOD-P01-L1-LOW-CAL-OFFICIAL-R2:128_PER_CLASS-MR02,BNCI2014_001,SSL-CBRAMOD,A0-RAW-ACCEPT-ALL,P01-L1-LOW-CAL-OFFICIAL-R2:128_PER_CLASS,2,7,1test,144,0.4861111111111111,0.4860119621840633,0.4861111111111111,0.5138888888888888
P02-A0-BNCI2014_001-SSL-CBRAMOD-P01-L1-LOW-CAL-OFFICIAL-R2:128_PER_CLASS-MR03,BNCI2014_001,SSL-CBRAMOD,A0-RAW-ACCEPT-ALL,P01-L1-LOW-CAL-OFFICIAL-R2:128_PER_CLASS,3,7,0train,144,0.5972222222222222,0.5933787731256086,0.5972222222222222,0.6089891975308642
P02-A0-BNCI2014_001-SSL-CBRAMOD-P01-L1-LOW-CAL-OFFICIAL-R2:128_PER_CLASS-MR03,BNCI2014_001,SSL-CBRAMOD,A0-RAW-ACCEPT-ALL,P01-L1-LOW-CAL-OFFICIAL-R2:128_PER_CLASS,3,7,1test,144,0.5625,0.5607843137254902,0.5625,0.6082175925925926
P02-A0-BNCI2014_001-SSL-CBRAMOD-P01-L1-LOW-CAL-OFFICIAL-R2:128_PER_CLASS-MR04,BNCI2014_001,SSL-CBRAMOD,A0-RAW-ACCEPT-ALL,P01-L1-LOW-CAL-OFFICIAL-R2:128_PER_CLASS,4,7,0train,144,0.5208333333333334,0.5123435582822086,0.5208333333333334,0.5792824074074074
P02-A0-BNCI2014_001-SSL-CBRAMOD-P01-L1-LOW-CAL-OFFICIAL-R2:128_PER_CLASS-MR04,BNCI2014_001,SSL-CBRAMOD,A0-RAW-ACCEPT-ALL,P01-L1-LOW-CAL-OFFICIAL-R2:128_PER_CLASS,4,7,1test,144,0.5,0.4991304347826087,0.5,0.513888888888889
P02-A0-Lee2019_MI-CLS-CSP-LDA-P01-L1-LOW-CAL-OFFICIAL-R2:128_PER_CLASS-MR00,Lee2019_MI,CLS-CSP-LDA,A0-RAW-ACCEPT-ALL,P01-L1-LOW-CAL-OFFICIAL-R2:128_PER_CLASS,0,3,1,100,0.55,0.4357366771159875,0.55,0.7612
P02-A0-Lee2019_MI-CLS-CSP-LDA-P01-L1-LOW-CAL-OFFICIAL-R2:128_PER_CLASS-MR00,Lee2019_MI,CLS-CSP-LDA,A0-RAW-ACCEPT-ALL,P01-L1-LOW-CAL-OFFICIAL-R2:128_PER_CLASS,0,6,1,100,0.58,0.5091164095371669,0.58,0.638
P02-A0-Lee2019_MI-CLS-CSP-LDA-P01-L1-LOW-CAL-OFFICIAL-R2:128_PER_CLASS-MR00,Lee2019_MI,CLS-CSP-LDA,A0-RAW-ACCEPT-ALL,P01-L1-LOW-CAL-OFFICIAL-R2:128_PER_CLASS,0,15,1,100,0.49,0.3288590604026846,0.49,0.522
P02-A0-Lee2019_MI-CLS-CSP-LDA-P01-L1-LOW-CAL-OFFICIAL-R2:128_PER_CLASS-MR00,Lee2019_MI,CLS-CSP-LDA,A0-RAW-ACCEPT-ALL,P01-L1-LOW-CAL-OFFICIAL-R2:128_PER_CLASS,0,19,1,100,0.63,0.6269785260610949,0.63,0.6724
P02-A0-Lee2019_MI-CLS-CSP-LDA-P01-L1-LOW-CAL-OFFICIAL-R2:128_PER_CLASS-MR00,Lee2019_MI,CLS-CSP-LDA,A0-RAW-ACCEPT-ALL,P01-L1-LOW-CAL-OFFICIAL-R2:128_PER_CLASS,0,30,1,100,0.5,0.36580416032470825,0.5,0.5848
P02-A0-Lee2019_MI-CLS-CSP-LDA-P01-L1-LOW-CAL-OFFICIAL-R2:128_PER_CLASS-MR00,Lee2019_MI,CLS-CSP-LDA,A0-RAW-ACCEPT-ALL,P01-L1-LOW-CAL-OFFICIAL-R2:128_PER_CLASS,0,36,1,100,0.88,0.8782467532467533,0.88,0.994
P02-A0-Lee2019_MI-DNN-EEGNET-P01-L1-LOW-CAL-OFFICIAL-R2:128_PER_CLASS-MR00,Lee2019_MI,DNN-EEGNET,A0-RAW-ACCEPT-ALL,P01-L1-LOW-CAL-OFFICIAL-R2:128_PER_CLASS,0,3,1,100,0.74,0.7373737373737375,0.74,0.8396
P02-A0-Lee2019_MI-DNN-EEGNET-P01-L1-LOW-CAL-OFFICIAL-R2:128_PER_CLASS-MR00,Lee2019_MI,DNN-EEGNET,A0-RAW-ACCEPT-ALL,P01-L1-LOW-CAL-OFFICIAL-R2:128_PER_CLASS,0,6,1,100,0.6000000000000001,0.5974235104669887,0.6,0.6679999999999999
P02-A0-Lee2019_MI-DNN-EEGNET-P01-L1-LOW-CAL-OFFICIAL-R2:128_PER_CLASS-MR00,Lee2019_MI,DNN-EEGNET,A0-RAW-ACCEPT-ALL,P01-L1-LOW-CAL-OFFICIAL-R2:128_PER_CLASS,0,15,1,100,0.49,0.44317065181788406,0.49,0.4812
P02-A0-Lee2019_MI-DNN-EEGNET-P01-L1-LOW-CAL-OFFICIAL-R2:128_PER_CLASS-MR00,Lee2019_MI,DNN-EEGNET,A0-RAW-ACCEPT-ALL,P01-L1-LOW-CAL-OFFICIAL-R2:128_PER_CLASS,0,19,1,100,0.6499999999999999,0.6178622120318812,0.65,0.738
P02-A0-Lee2019_MI-DNN-EEGNET-P01-L1-LOW-CAL-OFFICIAL-R2:128_PER_CLASS-MR00,Lee2019_MI,DNN-EEGNET,A0-RAW-ACCEPT-ALL,P01-L1-LOW-CAL-OFFICIAL-R2:128_PER_CLASS,0,30,1,100,0.42000000000000004,0.411525974025974,0.42,0.4232
P02-A0-Lee2019_MI-DNN-EEGNET-P01-L1-LOW-CAL-OFFICIAL-R2:128_PER_CLASS-MR00,Lee2019_MI,DNN-EEGNET,A0-RAW-ACCEPT-ALL,P01-L1-LOW-CAL-OFFICIAL-R2:128_PER_CLASS,0,36,1,100,0.53,0.39673982800667434,0.53,0.9096
P02-A0-Lee2019_MI-DNN-EEGNET-P01-L1-LOW-CAL-OFFICIAL-R2:128_PER_CLASS-MR01,Lee2019_MI,DNN-EEGNET,A0-RAW-ACCEPT-ALL,P01-L1-LOW-CAL-OFFICIAL-R2:128_PER_CLASS,1,3,1,100,0.74,0.7390606182256123,0.74,0.8284
P02-A0-Lee2019_MI-DNN-EEGNET-P01-L1-LOW-CAL-OFFICIAL-R2:128_PER_CLASS-MR01,Lee2019_MI,DNN-EEGNET,A0-RAW-ACCEPT-ALL,P01-L1-LOW-CAL-OFFICIAL-R2:128_PER_CLASS,1,6,1,100,0.51,0.48263118994826315,0.51,0.5764
P02-A0-Lee2019_MI-DNN-EEGNET-P01-L1-LOW-CAL-OFFICIAL-R2:128_PER_CLASS-MR01,Lee2019_MI,DNN-EEGNET,A0-RAW-ACCEPT-ALL,P01-L1-LOW-CAL-OFFICIAL-R2:128_PER_CLASS,1,15,1,100,0.39,0.38945050545490945,0.39,0.4088
P02-A0-Lee2019_MI-DNN-EEGNET-P01-L1-LOW-CAL-OFFICIAL-R2:128_PER_CLASS-MR01,Lee2019_MI,DNN-EEGNET,A0-RAW-ACCEPT-ALL,P01-L1-LOW-CAL-OFFICIAL-R2:128_PER_CLASS,1,19,1,100,0.6100000000000001,0.6080795899909557,0.61,0.6528
P02-A0-Lee2019_MI-DNN-EEGNET-P01-L1-LOW-CAL-OFFICIAL-R2:128_PER_CLASS-MR01,Lee2019_MI,DNN-EEGNET,A0-RAW-ACCEPT-ALL,P01-L1-LOW-CAL-OFFICIAL-R2:128_PER_CLASS,1,30,1,100,0.48,0.42857142857142855,0.48,0.388
P02-A0-Lee2019_MI-DNN-EEGNET-P01-L1-LOW-CAL-OFFICIAL-R2:128_PER_CLASS-MR01,Lee2019_MI,DNN-EEGNET,A0-RAW-ACCEPT-ALL,P01-L1-LOW-CAL-OFFICIAL-R2:128_PER_CLASS,1,36,1,100,0.71,0.6906666666666667,0.71,0.798
P02-A0-Lee2019_MI-DNN-EEGNET-P01-L1-LOW-CAL-OFFICIAL-R2:128_PER_CLASS-MR02,Lee2019_MI,DNN-EEGNET,A0-RAW-ACCEPT-ALL,P01-L1-LOW-CAL-OFFICIAL-R2:128_PER_CLASS,2,3,1,100,0.71,0.7099709970997099,0.71,0.7892
P02-A0-Lee2019_MI-DNN-EEGNET-P01-L1-LOW-CAL-OFFICIAL-R2:128_PER_CLASS-MR02,Lee2019_MI,DNN-EEGNET,A0-RAW-ACCEPT-ALL,P01-L1-LOW-CAL-OFFICIAL-R2:128_PER_CLASS,2,6,1,100,0.5800000000000001,0.5793269230769231,0.58,0.6479999999999999
P02-A0-Lee2019_MI-DNN-EEGNET-P01-L1-LOW-CAL-OFFICIAL-R2:128_PER_CLASS-MR02,Lee2019_MI,DNN-EEGNET,A0-RAW-ACCEPT-ALL,P01-L1-LOW-CAL-OFFICIAL-R2:128_PER_CLASS,2,15,1,100,0.49,0.3453985367731998,0.49,0.40440000000000004
P02-A0-Lee2019_MI-DNN-EEGNET-P01-L1-LOW-CAL-OFFICIAL-R2:128_PER_CLASS-MR02,Lee2019_MI,DNN-EEGNET,A0-RAW-ACCEPT-ALL,P01-L1-LOW-CAL-OFFICIAL-R2:128_PER_CLASS,2,19,1,100,0.61,0.5983935742971888,0.61,0.6692
P02-A0-Lee2019_MI-DNN-EEGNET-P01-L1-LOW-CAL-OFFICIAL-R2:128_PER_CLASS-MR02,Lee2019_MI,DNN-EEGNET,A0-RAW-ACCEPT-ALL,P01-L1-LOW-CAL-OFFICIAL-R2:128_PER_CLASS,2,30,1,100,0.46,0.45454545454545453,0.46,0.4384
P02-A0-Lee2019_MI-DNN-EEGNET-P01-L1-LOW-CAL-OFFICIAL-R2:128_PER_CLASS-MR02,Lee2019_MI,DNN-EEGNET,A0-RAW-ACCEPT-ALL,P01-L1-LOW-CAL-OFFICIAL-R2:128_PER_CLASS,2,36,1,100,0.55,0.4479205005520795,0.55,0.7968
P02-A0-Lee2019_MI-DNN-EEGNET-P01-L1-LOW-CAL-OFFICIAL-R2:128_PER_CLASS-MR03,Lee2019_MI,DNN-EEGNET,A0-RAW-ACCEPT-ALL,P01-L1-LOW-CAL-OFFICIAL-R2:128_PER_CLASS,3,3,1,100,0.69,0.6807743795695603,0.69,0.7895999999999999
P02-A0-Lee2019_MI-DNN-EEGNET-P01-L1-LOW-CAL-OFFICIAL-R2:128_PER_CLASS-MR03,Lee2019_MI,DNN-EEGNET,A0-RAW-ACCEPT-ALL,P01-L1-LOW-CAL-OFFICIAL-R2:128_PER_CLASS,3,6,1,100,0.66,0.6353496353496353,0.66,0.7132
P02-A0-Lee2019_MI-DNN-EEGNET-P01-L1-LOW-CAL-OFFICIAL-R2:128_PER_CLASS-MR03,Lee2019_MI,DNN-EEGNET,A0-RAW-ACCEPT-ALL,P01-L1-LOW-CAL-OFFICIAL-R2:128_PER_CLASS,3,15,1,100,0.44,0.4391025641025641,0.44,0.4408
P02-A0-Lee2019_MI-DNN-EEGNET-P01-L1-LOW-CAL-OFFICIAL-R2:128_PER_CLASS-MR03,Lee2019_MI,DNN-EEGNET,A0-RAW-ACCEPT-ALL,P01-L1-LOW-CAL-OFFICIAL-R2:128_PER_CLASS,3,19,1,100,0.5700000000000001,0.5647332725984411,0.57,0.6204000000000001
P02-A0-Lee2019_MI-DNN-EEGNET-P01-L1-LOW-CAL-OFFICIAL-R2:128_PER_CLASS-MR03,Lee2019_MI,DNN-EEGNET,A0-RAW-ACCEPT-ALL,P01-L1-LOW-CAL-OFFICIAL-R2:128_PER_CLASS,3,30,1,100,0.53,0.5295766189570613,0.53,0.5344
P02-A0-Lee2019_MI-DNN-EEGNET-P01-L1-LOW-CAL-OFFICIAL-R2:128_PER_CLASS-MR03,Lee2019_MI,DNN-EEGNET,A0-RAW-ACCEPT-ALL,P01-L1-LOW-CAL-OFFICIAL-R2:128_PER_CLASS,3,36,1,100,0.64,0.5863970588235294,0.64,0.8188
P02-A0-Lee2019_MI-DNN-EEGNET-P01-L1-LOW-CAL-OFFICIAL-R2:128_PER_CLASS-MR04,Lee2019_MI,DNN-EEGNET,A0-RAW-ACCEPT-ALL,P01-L1-LOW-CAL-OFFICIAL-R2:128_PER_CLASS,4,3,1,100,0.73,0.7198879551820728,0.73,0.8251999999999999
P02-A0-Lee2019_MI-DNN-EEGNET-P01-L1-LOW-CAL-OFFICIAL-R2:128_PER_CLASS-MR04,Lee2019_MI,DNN-EEGNET,A0-RAW-ACCEPT-ALL,P01-L1-LOW-CAL-OFFICIAL-R2:128_PER_CLASS,4,6,1,100,0.63,0.6129302228266555,0.63,0.8
P02-A0-Lee2019_MI-DNN-EEGNET-P01-L1-LOW-CAL-OFFICIAL-R2:128_PER_CLASS-MR04,Lee2019_MI,DNN-EEGNET,A0-RAW-ACCEPT-ALL,P01-L1-LOW-CAL-OFFICIAL-R2:128_PER_CLASS,4,15,1,100,0.5800000000000001,0.5784825371336813,0.58,0.5616
P02-A0-Lee2019_MI-DNN-EEGNET-P01-L1-LOW-CAL-OFFICIAL-R2:128_PER_CLASS-MR04,Lee2019_MI,DNN-EEGNET,A0-RAW-ACCEPT-ALL,P01-L1-LOW-CAL-OFFICIAL-R2:128_PER_CLASS,4,19,1,100,0.54,0.5308037535699714,0.54,0.6344000000000001
P02-A0-Lee2019_MI-DNN-EEGNET-P01-L1-LOW-CAL-OFFICIAL-R2:128_PER_CLASS-MR04,Lee2019_MI,DNN-EEGNET,A0-RAW-ACCEPT-ALL,P01-L1-LOW-CAL-OFFICIAL-R2:128_PER_CLASS,4,30,1,100,0.45,0.44550861982054646,0.45,0.47080000000000005
P02-A0-Lee2019_MI-DNN-EEGNET-P01-L1-LOW-CAL-OFFICIAL-R2:128_PER_CLASS-MR04,Lee2019_MI,DNN-EEGNET,A0-RAW-ACCEPT-ALL,P01-L1-LOW-CAL-OFFICIAL-R2:128_PER_CLASS,4,36,1,100,0.53,0.39673982800667434,0.53,0.7679999999999999
P02-A0-Lee2019_MI-RIE-TS-LR-P01-L1-LOW-CAL-OFFICIAL-R2:128_PER_CLASS-MR00,Lee2019_MI,RIE-TS-LR,A0-RAW-ACCEPT-ALL,P01-L1-LOW-CAL-OFFICIAL-R2:128_PER_CLASS,0,3,1,100,0.8,0.7916666666666667,0.8,0.9768
P02-A0-Lee2019_MI-RIE-TS-LR-P01-L1-LOW-CAL-OFFICIAL-R2:128_PER_CLASS-MR00,Lee2019_MI,RIE-TS-LR,A0-RAW-ACCEPT-ALL,P01-L1-LOW-CAL-OFFICIAL-R2:128_PER_CLASS,0,6,1,100,0.51,0.3551783129359126,0.51,0.5864
P02-A0-Lee2019_MI-RIE-TS-LR-P01-L1-LOW-CAL-OFFICIAL-R2:128_PER_CLASS-MR00,Lee2019_MI,RIE-TS-LR,A0-RAW-ACCEPT-ALL,P01-L1-LOW-CAL-OFFICIAL-R2:128_PER_CLASS,0,15,1,100,0.62,0.6124031007751938,0.62,0.7051999999999999
P02-A0-Lee2019_MI-RIE-TS-LR-P01-L1-LOW-CAL-OFFICIAL-R2:128_PER_CLASS-MR00,Lee2019_MI,RIE-TS-LR,A0-RAW-ACCEPT-ALL,P01-L1-LOW-CAL-OFFICIAL-R2:128_PER_CLASS,0,19,1,100,0.72,0.7159090909090908,0.72,0.78
P02-A0-Lee2019_MI-RIE-TS-LR-P01-L1-LOW-CAL-OFFICIAL-R2:128_PER_CLASS-MR00,Lee2019_MI,RIE-TS-LR,A0-RAW-ACCEPT-ALL,P01-L1-LOW-CAL-OFFICIAL-R2:128_PER_CLASS,0,30,1,100,0.56,0.5225694444444444,0.56,0.6228
P02-A0-Lee2019_MI-RIE-TS-LR-P01-L1-LOW-CAL-OFFICIAL-R2:128_PER_CLASS-MR00,Lee2019_MI,RIE-TS-LR,A0-RAW-ACCEPT-ALL,P01-L1-LOW-CAL-OFFICIAL-R2:128_PER_CLASS,0,36,1,100,0.99,0.9899989998999901,0.99,1.0
P02-A0-Lee2019_MI-SSL-CBRAMOD-P01-L1-LOW-CAL-OFFICIAL-R2:128_PER_CLASS-MR00,Lee2019_MI,SSL-CBRAMOD,A0-RAW-ACCEPT-ALL,P01-L1-LOW-CAL-OFFICIAL-R2:128_PER_CLASS,0,3,1,100,0.54,0.537037037037037,0.54,0.5568
P02-A0-Lee2019_MI-SSL-CBRAMOD-P01-L1-LOW-CAL-OFFICIAL-R2:128_PER_CLASS-MR00,Lee2019_MI,SSL-CBRAMOD,A0-RAW-ACCEPT-ALL,P01-L1-LOW-CAL-OFFICIAL-R2:128_PER_CLASS,0,6,1,100,0.5800000000000001,0.5793269230769231,0.58,0.5880000000000001
P02-A0-Lee2019_MI-SSL-CBRAMOD-P01-L1-LOW-CAL-OFFICIAL-R2:128_PER_CLASS-MR00,Lee2019_MI,SSL-CBRAMOD,A0-RAW-ACCEPT-ALL,P01-L1-LOW-CAL-OFFICIAL-R2:128_PER_CLASS,0,15,1,100,0.55,0.5444883085332524,0.55,0.576
P02-A0-Lee2019_MI-SSL-CBRAMOD-P01-L1-LOW-CAL-OFFICIAL-R2:128_PER_CLASS-MR00,Lee2019_MI,SSL-CBRAMOD,A0-RAW-ACCEPT-ALL,P01-L1-LOW-CAL-OFFICIAL-R2:128_PER_CLASS,0,19,1,100,0.49,0.4858352656517794,0.49,0.5024
P02-A0-Lee2019_MI-SSL-CBRAMOD-P01-L1-LOW-CAL-OFFICIAL-R2:128_PER_CLASS-MR00,Lee2019_MI,SSL-CBRAMOD,A0-RAW-ACCEPT-ALL,P01-L1-LOW-CAL-OFFICIAL-R2:128_PER_CLASS,0,30,1,100,0.51,0.5059985885673959,0.51,0.5568
P02-A0-Lee2019_MI-SSL-CBRAMOD-P01-L1-LOW-CAL-OFFICIAL-R2:128_PER_CLASS-MR00,Lee2019_MI,SSL-CBRAMOD,A0-RAW-ACCEPT-ALL,P01-L1-LOW-CAL-OFFICIAL-R2:128_PER_CLASS,0,36,1,100,0.52,0.512987012987013,0.52,0.5548
P02-A0-Lee2019_MI-SSL-CBRAMOD-P01-L1-LOW-CAL-OFFICIAL-R2:128_PER_CLASS-MR01,Lee2019_MI,SSL-CBRAMOD,A0-RAW-ACCEPT-ALL,P01-L1-LOW-CAL-OFFICIAL-R2:128_PER_CLASS,1,3,1,100,0.49,0.48994899489948995,0.49,0.5064000000000001
P02-A0-Lee2019_MI-SSL-CBRAMOD-P01-L1-LOW-CAL-OFFICIAL-R2:128_PER_CLASS-MR01,Lee2019_MI,SSL-CBRAMOD,A0-RAW-ACCEPT-ALL,P01-L1-LOW-CAL-OFFICIAL-R2:128_PER_CLASS,1,6,1,100,0.52,0.5198079231692677,0.52,0.566
P02-A0-Lee2019_MI-SSL-CBRAMOD-P01-L1-LOW-CAL-OFFICIAL-R2:128_PER_CLASS-MR01,Lee2019_MI,SSL-CBRAMOD,A0-RAW-ACCEPT-ALL,P01-L1-LOW-CAL-OFFICIAL-R2:128_PER_CLASS,1,15,1,100,0.61,0.6052232007288187,0.61,0.6088
P02-A0-Lee2019_MI-SSL-CBRAMOD-P01-L1-LOW-CAL-OFFICIAL-R2:128_PER_CLASS-MR01,Lee2019_MI,SSL-CBRAMOD,A0-RAW-ACCEPT-ALL,P01-L1-LOW-CAL-OFFICIAL-R2:128_PER_CLASS,1,19,1,100,0.52,0.52,0.52,0.5056
P02-A0-Lee2019_MI-SSL-CBRAMOD-P01-L1-LOW-CAL-OFFICIAL-R2:128_PER_CLASS-MR01,Lee2019_MI,SSL-CBRAMOD,A0-RAW-ACCEPT-ALL,P01-L1-LOW-CAL-OFFICIAL-R2:128_PER_CLASS,1,30,1,100,0.53,0.5288220551378446,0.53,0.5439999999999999
P02-A0-Lee2019_MI-SSL-CBRAMOD-P01-L1-LOW-CAL-OFFICIAL-R2:128_PER_CLASS-MR01,Lee2019_MI,SSL-CBRAMOD,A0-RAW-ACCEPT-ALL,P01-L1-LOW-CAL-OFFICIAL-R2:128_PER_CLASS,1,36,1,100,0.56,0.5592948717948718,0.56,0.5696000000000001
P02-A0-Lee2019_MI-SSL-CBRAMOD-P01-L1-LOW-CAL-OFFICIAL-R2:128_PER_CLASS-MR02,Lee2019_MI,SSL-CBRAMOD,A0-RAW-ACCEPT-ALL,P01-L1-LOW-CAL-OFFICIAL-R2:128_PER_CLASS,2,3,1,100,0.45999999999999996,0.44581280788177335,0.46,0.4816
P02-A0-Lee2019_MI-SSL-CBRAMOD-P01-L1-LOW-CAL-OFFICIAL-R2:128_PER_CLASS-MR02,Lee2019_MI,SSL-CBRAMOD,A0-RAW-ACCEPT-ALL,P01-L1-LOW-CAL-OFFICIAL-R2:128_PER_CLASS,2,6,1,100,0.5900000000000001,0.5879811074263892,0.59,0.5932000000000001
P02-A0-Lee2019_MI-SSL-CBRAMOD-P01-L1-LOW-CAL-OFFICIAL-R2:128_PER_CLASS-MR02,Lee2019_MI,SSL-CBRAMOD,A0-RAW-ACCEPT-ALL,P01-L1-LOW-CAL-OFFICIAL-R2:128_PER_CLASS,2,15,1,100,0.49,0.45599999999999996,0.49,0.5288
P02-A0-Lee2019_MI-SSL-CBRAMOD-P01-L1-LOW-CAL-OFFICIAL-R2:128_PER_CLASS-MR02,Lee2019_MI,SSL-CBRAMOD,A0-RAW-ACCEPT-ALL,P01-L1-LOW-CAL-OFFICIAL-R2:128_PER_CLASS,2,19,1,100,0.48,0.47916666666666663,0.48,0.49999999999999994
P02-A0-Lee2019_MI-SSL-CBRAMOD-P01-L1-LOW-CAL-OFFICIAL-R2:128_PER_CLASS-MR02,Lee2019_MI,SSL-CBRAMOD,A0-RAW-ACCEPT-ALL,P01-L1-LOW-CAL-OFFICIAL-R2:128_PER_CLASS,2,30,1,100,0.51,0.50995099509951,0.51,0.5164
P02-A0-Lee2019_MI-SSL-CBRAMOD-P01-L1-LOW-CAL-OFFICIAL-R2:128_PER_CLASS-MR02,Lee2019_MI,SSL-CBRAMOD,A0-RAW-ACCEPT-ALL,P01-L1-LOW-CAL-OFFICIAL-R2:128_PER_CLASS,2,36,1,100,0.53,0.5276856597326902,0.53,0.5256
P02-A0-Lee2019_MI-SSL-CBRAMOD-P01-L1-LOW-CAL-OFFICIAL-R2:128_PER_CLASS-MR03,Lee2019_MI,SSL-CBRAMOD,A0-RAW-ACCEPT-ALL,P01-L1-LOW-CAL-OFFICIAL-R2:128_PER_CLASS,3,3,1,100,0.5,0.49979991996798717,0.5,0.5088
P02-A0-Lee2019_MI-SSL-CBRAMOD-P01-L1-LOW-CAL-OFFICIAL-R2:128_PER_CLASS-MR03,Lee2019_MI,SSL-CBRAMOD,A0-RAW-ACCEPT-ALL,P01-L1-LOW-CAL-OFFICIAL-R2:128_PER_CLASS,3,6,1,100,0.53,0.5288220551378446,0.53,0.5831999999999999
P02-A0-Lee2019_MI-SSL-CBRAMOD-P01-L1-LOW-CAL-OFFICIAL-R2:128_PER_CLASS-MR03,Lee2019_MI,SSL-CBRAMOD,A0-RAW-ACCEPT-ALL,P01-L1-LOW-CAL-OFFICIAL-R2:128_PER_CLASS,3,15,1,100,0.54,0.5398159263705482,0.54,0.5532
P02-A0-Lee2019_MI-SSL-CBRAMOD-P01-L1-LOW-CAL-OFFICIAL-R2:128_PER_CLASS-MR03,Lee2019_MI,SSL-CBRAMOD,A0-RAW-ACCEPT-ALL,P01-L1-LOW-CAL-OFFICIAL-R2:128_PER_CLASS,3,19,1,100,0.51,0.5015766453056658,0.51,0.47200000000000003
P02-A0-Lee2019_MI-SSL-CBRAMOD-P01-L1-LOW-CAL-OFFICIAL-R2:128_PER_CLASS-MR03,Lee2019_MI,SSL-CBRAMOD,A0-RAW-ACCEPT-ALL,P01-L1-LOW-CAL-OFFICIAL-R2:128_PER_CLASS,3,30,1,100,0.5700000000000001,0.5501621508525996,0.57,0.5896
P02-A0-Lee2019_MI-SSL-CBRAMOD-P01-L1-LOW-CAL-OFFICIAL-R2:128_PER_CLASS-MR03,Lee2019_MI,SSL-CBRAMOD,A0-RAW-ACCEPT-ALL,P01-L1-LOW-CAL-OFFICIAL-R2:128_PER_CLASS,3,36,1,100,0.55,0.5463252343986289,0.55,0.5788
P02-A0-Lee2019_MI-SSL-CBRAMOD-P01-L1-LOW-CAL-OFFICIAL-R2:128_PER_CLASS-MR04,Lee2019_MI,SSL-CBRAMOD,A0-RAW-ACCEPT-ALL,P01-L1-LOW-CAL-OFFICIAL-R2:128_PER_CLASS,4,3,1,100,0.54,0.5383380168606985,0.54,0.6164000000000001
P02-A0-Lee2019_MI-SSL-CBRAMOD-P01-L1-LOW-CAL-OFFICIAL-R2:128_PER_CLASS-MR04,Lee2019_MI,SSL-CBRAMOD,A0-RAW-ACCEPT-ALL,P01-L1-LOW-CAL-OFFICIAL-R2:128_PER_CLASS,4,6,1,100,0.56,0.5598239295718287,0.56,0.5416000000000001
P02-A0-Lee2019_MI-SSL-CBRAMOD-P01-L1-LOW-CAL-OFFICIAL-R2:128_PER_CLASS-MR04,Lee2019_MI,SSL-CBRAMOD,A0-RAW-ACCEPT-ALL,P01-L1-LOW-CAL-OFFICIAL-R2:128_PER_CLASS,4,15,1,100,0.56,0.5416666666666666,0.56,0.61
P02-A0-Lee2019_MI-SSL-CBRAMOD-P01-L1-LOW-CAL-OFFICIAL-R2:128_PER_CLASS-MR04,Lee2019_MI,SSL-CBRAMOD,A0-RAW-ACCEPT-ALL,P01-L1-LOW-CAL-OFFICIAL-R2:128_PER_CLASS,4,19,1,100,0.52,0.52,0.52,0.5564
P02-A0-Lee2019_MI-SSL-CBRAMOD-P01-L1-LOW-CAL-OFFICIAL-R2:128_PER_CLASS-MR04,Lee2019_MI,SSL-CBRAMOD,A0-RAW-ACCEPT-ALL,P01-L1-LOW-CAL-OFFICIAL-R2:128_PER_CLASS,4,30,1,100,0.55,0.5488721804511278,0.55,0.5864
P02-A0-Lee2019_MI-SSL-CBRAMOD-P01-L1-LOW-CAL-OFFICIAL-R2:128_PER_CLASS-MR04,Lee2019_MI,SSL-CBRAMOD,A0-RAW-ACCEPT-ALL,P01-L1-LOW-CAL-OFFICIAL-R2:128_PER_CLASS,4,36,1,100,0.63,0.6296667000300271,0.63,0.6948
P02-A0-PhysioNetMI-CLS-CSP-LDA-P01-L1-LOW-CAL-OFFICIAL-R2:128_PER_CLASS-MR00,PhysioNetMI,CLS-CSP-LDA,A0-RAW-ACCEPT-ALL,P01-L1-LOW-CAL-OFFICIAL-R2:128_PER_CLASS,0,6,0,45,0.3958333333333333,0.39522150323544053,0.4,0.42658730158730157
P02-A0-PhysioNetMI-CLS-CSP-LDA-P01-L1-LOW-CAL-OFFICIAL-R2:128_PER_CLASS-MR00,PhysioNetMI,CLS-CSP-LDA,A0-RAW-ACCEPT-ALL,P01-L1-LOW-CAL-OFFICIAL-R2:128_PER_CLASS,0,27,0,45,0.45454545454545453,0.3076923076923077,0.4444444444444444,0.45849802371541504
P02-A0-PhysioNetMI-CLS-CSP-LDA-P01-L1-LOW-CAL-OFFICIAL-R2:128_PER_CLASS-MR00,PhysioNetMI,CLS-CSP-LDA,A0-RAW-ACCEPT-ALL,P01-L1-LOW-CAL-OFFICIAL-R2:128_PER_CLASS,0,39,0,45,0.46837944664031617,0.4642857142857143,0.4666666666666667,0.41106719367588934
P02-A0-PhysioNetMI-CLS-CSP-LDA-P01-L1-LOW-CAL-OFFICIAL-R2:128_PER_CLASS-MR00,PhysioNetMI,CLS-CSP-LDA,A0-RAW-ACCEPT-ALL,P01-L1-LOW-CAL-OFFICIAL-R2:128_PER_CLASS,0,40,0,45,0.4196428571428571,0.3386243386243386,0.4444444444444444,0.4880952380952381
P02-A0-PhysioNetMI-CLS-CSP-LDA-P01-L1-LOW-CAL-OFFICIAL-R2:128_PER_CLASS-MR00,PhysioNetMI,CLS-CSP-LDA,A0-RAW-ACCEPT-ALL,P01-L1-LOW-CAL-OFFICIAL-R2:128_PER_CLASS,0,47,0,45,0.5,0.34782608695652173,0.5333333333333333,0.5218253968253967
P02-A0-PhysioNetMI-CLS-CSP-LDA-P01-L1-LOW-CAL-OFFICIAL-R2:128_PER_CLASS-MR00,PhysioNetMI,CLS-CSP-LDA,A0-RAW-ACCEPT-ALL,P01-L1-LOW-CAL-OFFICIAL-R2:128_PER_CLASS,0,48,0,45,0.5790513833992095,0.5769421078673924,0.5777777777777777,0.6304347826086957
P02-A0-PhysioNetMI-CLS-CSP-LDA-P01-L1-LOW-CAL-OFFICIAL-R2:128_PER_CLASS-MR00,PhysioNetMI,CLS-CSP-LDA,A0-RAW-ACCEPT-ALL,P01-L1-LOW-CAL-OFFICIAL-R2:128_PER_CLASS,0,57,0,45,0.6130952380952381,0.6098929117797043,0.6222222222222222,0.6547619047619048
P02-A0-PhysioNetMI-CLS-CSP-LDA-P01-L1-LOW-CAL-OFFICIAL-R2:128_PER_CLASS-MR00,PhysioNetMI,CLS-CSP-LDA,A0-RAW-ACCEPT-ALL,P01-L1-LOW-CAL-OFFICIAL-R2:128_PER_CLASS,0,71,0,45,0.5227272727272727,0.3867618429591174,0.5333333333333333,0.7411067193675889
P02-A0-PhysioNetMI-CLS-CSP-LDA-P01-L1-LOW-CAL-OFFICIAL-R2:128_PER_CLASS-MR00,PhysioNetMI,CLS-CSP-LDA,A0-RAW-ACCEPT-ALL,P01-L1-LOW-CAL-OFFICIAL-R2:128_PER_CLASS,0,93,0,45,0.6739130434782609,0.6309458720612356,0.6666666666666666,0.8814229249011858
P02-A0-PhysioNetMI-CLS-CSP-LDA-P01-L1-LOW-CAL-OFFICIAL-R2:128_PER_CLASS-MR00,PhysioNetMI,CLS-CSP-LDA,A0-RAW-ACCEPT-ALL,P01-L1-LOW-CAL-OFFICIAL-R2:128_PER_CLASS,0,98,0,45,0.591897233201581,0.533410138248848,0.6,0.6561264822134387
P02-A0-PhysioNetMI-CLS-CSP-LDA-P01-L1-LOW-CAL-OFFICIAL-R2:128_PER_CLASS-MR00,PhysioNetMI,CLS-CSP-LDA,A0-RAW-ACCEPT-ALL,P01-L1-LOW-CAL-OFFICIAL-R2:128_PER_CLASS,0,107,0,45,0.44642857142857145,0.35,0.4222222222222222,0.4722222222222222
P02-A0-PhysioNetMI-DNN-EEGNET-P01-L1-LOW-CAL-OFFICIAL-R2:128_PER_CLASS-MR00,PhysioNetMI,DNN-EEGNET,A0-RAW-ACCEPT-ALL,P01-L1-LOW-CAL-OFFICIAL-R2:128_PER_CLASS,0,6,0,45,0.5238095238095237,0.5181030086690463,0.5333333333333333,0.4801587301587301
P02-A0-PhysioNetMI-DNN-EEGNET-P01-L1-LOW-CAL-OFFICIAL-R2:128_PER_CLASS-MR00,PhysioNetMI,DNN-EEGNET,A0-RAW-ACCEPT-ALL,P01-L1-LOW-CAL-OFFICIAL-R2:128_PER_CLASS,0,27,0,45,0.5177865612648221,0.4665948275862069,0.5111111111111111,0.5316205533596838
P02-A0-PhysioNetMI-DNN-EEGNET-P01-L1-LOW-CAL-OFFICIAL-R2:128_PER_CLASS-MR00,PhysioNetMI,DNN-EEGNET,A0-RAW-ACCEPT-ALL,P01-L1-LOW-CAL-OFFICIAL-R2:128_PER_CLASS,0,39,0,45,0.558300395256917,0.55,0.5555555555555556,0.5869565217391304
P02-A0-PhysioNetMI-DNN-EEGNET-P01-L1-LOW-CAL-OFFICIAL-R2:128_PER_CLASS-MR00,PhysioNetMI,DNN-EEGNET,A0-RAW-ACCEPT-ALL,P01-L1-LOW-CAL-OFFICIAL-R2:128_PER_CLASS,0,40,0,45,0.5476190476190476,0.5181030086690463,0.5333333333333333,0.5496031746031746
P02-A0-PhysioNetMI-DNN-EEGNET-P01-L1-LOW-CAL-OFFICIAL-R2:128_PER_CLASS-MR00,PhysioNetMI,DNN-EEGNET,A0-RAW-ACCEPT-ALL,P01-L1-LOW-CAL-OFFICIAL-R2:128_PER_CLASS,0,47,0,45,0.5,0.34782608695652173,0.5333333333333333,0.6349206349206349
P02-A0-PhysioNetMI-DNN-EEGNET-P01-L1-LOW-CAL-OFFICIAL-R2:128_PER_CLASS-MR00,PhysioNetMI,DNN-EEGNET,A0-RAW-ACCEPT-ALL,P01-L1-LOW-CAL-OFFICIAL-R2:128_PER_CLASS,0,48,0,45,0.6847826086956521,0.6759259259259259,0.6888888888888889,0.6897233201581028
P02-A0-PhysioNetMI-DNN-EEGNET-P01-L1-LOW-CAL-OFFICIAL-R2:128_PER_CLASS-MR00,PhysioNetMI,DNN-EEGNET,A0-RAW-ACCEPT-ALL,P01-L1-LOW-CAL-OFFICIAL-R2:128_PER_CLASS,0,57,0,45,0.5089285714285714,0.44976076555023925,0.4888888888888889,0.5714285714285715
P02-A0-PhysioNetMI-DNN-EEGNET-P01-L1-LOW-CAL-OFFICIAL-R2:128_PER_CLASS-MR00,PhysioNetMI,DNN-EEGNET,A0-RAW-ACCEPT-ALL,P01-L1-LOW-CAL-OFFICIAL-R2:128_PER_CLASS,0,71,0,45,0.6027667984189724,0.595,0.6,0.7687747035573123
P02-A0-PhysioNetMI-DNN-EEGNET-P01-L1-LOW-CAL-OFFICIAL-R2:128_PER_CLASS-MR00,PhysioNetMI,DNN-EEGNET,A0-RAW-ACCEPT-ALL,P01-L1-LOW-CAL-OFFICIAL-R2:128_PER_CLASS,0,93,0,45,0.841897233201581,0.8416289592760181,0.8444444444444444,0.9229249011857708
P02-A0-PhysioNetMI-DNN-EEGNET-P01-L1-LOW-CAL-OFFICIAL-R2:128_PER_CLASS-MR00,PhysioNetMI,DNN-EEGNET,A0-RAW-ACCEPT-ALL,P01-L1-LOW-CAL-OFFICIAL-R2:128_PER_CLASS,0,98,0,45,0.5108695652173914,0.5108695652173914,0.5111111111111111,0.5454545454545454
P02-A0-PhysioNetMI-DNN-EEGNET-P01-L1-LOW-CAL-OFFICIAL-R2:128_PER_CLASS-MR00,PhysioNetMI,DNN-EEGNET,A0-RAW-ACCEPT-ALL,P01-L1-LOW-CAL-OFFICIAL-R2:128_PER_CLASS,0,107,0,45,0.43452380952380953,0.40789473684210525,0.4222222222222222,0.5218253968253969
P02-A0-PhysioNetMI-DNN-EEGNET-P01-L1-LOW-CAL-OFFICIAL-R2:128_PER_CLASS-MR01,PhysioNetMI,DNN-EEGNET,A0-RAW-ACCEPT-ALL,P01-L1-LOW-CAL-OFFICIAL-R2:128_PER_CLASS,1,6,0,45,0.5446428571428572,0.5248868778280543,0.5333333333333333,0.5694444444444444
P02-A0-PhysioNetMI-DNN-EEGNET-P01-L1-LOW-CAL-OFFICIAL-R2:128_PER_CLASS-MR01,PhysioNetMI,DNN-EEGNET,A0-RAW-ACCEPT-ALL,P01-L1-LOW-CAL-OFFICIAL-R2:128_PER_CLASS,1,27,0,45,0.5622529644268774,0.5150862068965517,0.5555555555555556,0.5691699604743082
P02-A0-PhysioNetMI-DNN-EEGNET-P01-L1-LOW-CAL-OFFICIAL-R2:128_PER_CLASS-MR01,PhysioNetMI,DNN-EEGNET,A0-RAW-ACCEPT-ALL,P01-L1-LOW-CAL-OFFICIAL-R2:128_PER_CLASS,1,39,0,45,0.5563241106719368,0.5553359683794465,0.5555555555555556,0.515810276679842
P02-A0-PhysioNetMI-DNN-EEGNET-P01-L1-LOW-CAL-OFFICIAL-R2:128_PER_CLASS-MR01,PhysioNetMI,DNN-EEGNET,A0-RAW-ACCEPT-ALL,P01-L1-LOW-CAL-OFFICIAL-R2:128_PER_CLASS,1,40,0,45,0.43452380952380953,0.4263131055583886,0.4444444444444444,0.41269841269841273
P02-A0-PhysioNetMI-DNN-EEGNET-P01-L1-LOW-CAL-OFFICIAL-R2:128_PER_CLASS-MR01,PhysioNetMI,DNN-EEGNET,A0-RAW-ACCEPT-ALL,P01-L1-LOW-CAL-OFFICIAL-R2:128_PER_CLASS,1,47,0,45,0.44940476190476186,0.326036866359447,0.4222222222222222,0.4007936507936508
P02-A0-PhysioNetMI-DNN-EEGNET-P01-L1-LOW-CAL-OFFICIAL-R2:128_PER_CLASS-MR01,PhysioNetMI,DNN-EEGNET,A0-RAW-ACCEPT-ALL,P01-L1-LOW-CAL-OFFICIAL-R2:128_PER_CLASS,1,48,0,45,0.6926877470355731,0.6811740890688258,0.6888888888888889,0.7154150197628458
P02-A0-PhysioNetMI-DNN-EEGNET-P01-L1-LOW-CAL-OFFICIAL-R2:128_PER_CLASS-MR01,PhysioNetMI,DNN-EEGNET,A0-RAW-ACCEPT-ALL,P01-L1-LOW-CAL-OFFICIAL-R2:128_PER_CLASS,1,57,0,45,0.5416666666666666,0.4050480769230769,0.5111111111111111,0.5496031746031745
P02-A0-PhysioNetMI-DNN-EEGNET-P01-L1-LOW-CAL-OFFICIAL-R2:128_PER_CLASS-MR01,PhysioNetMI,DNN-EEGNET,A0-RAW-ACCEPT-ALL,P01-L1-LOW-CAL-OFFICIAL-R2:128_PER_CLASS,1,71,0,45,0.5958498023715415,0.5833333333333333,0.6,0.7035573122529644
P02-A0-PhysioNetMI-DNN-EEGNET-P01-L1-LOW-CAL-OFFICIAL-R2:128_PER_CLASS-MR01,PhysioNetMI,DNN-EEGNET,A0-RAW-ACCEPT-ALL,P01-L1-LOW-CAL-OFFICIAL-R2:128_PER_CLASS,1,93,0,45,0.7598814229249011,0.7475777664456911,0.7555555555555555,0.8735177865612649
P02-A0-PhysioNetMI-DNN-EEGNET-P01-L1-LOW-CAL-OFFICIAL-R2:128_PER_CLASS-MR01,PhysioNetMI,DNN-EEGNET,A0-RAW-ACCEPT-ALL,P01-L1-LOW-CAL-OFFICIAL-R2:128_PER_CLASS,1,98,0,45,0.6432806324110671,0.6428571428571428,0.6444444444444445,0.5968379446640316
P02-A0-PhysioNetMI-DNN-EEGNET-P01-L1-LOW-CAL-OFFICIAL-R2:128_PER_CLASS-MR01,PhysioNetMI,DNN-EEGNET,A0-RAW-ACCEPT-ALL,P01-L1-LOW-CAL-OFFICIAL-R2:128_PER_CLASS,1,107,0,45,0.49702380952380953,0.48481831757093086,0.4888888888888889,0.49603174603174605
P02-A0-PhysioNetMI-DNN-EEGNET-P01-L1-LOW-CAL-OFFICIAL-R2:128_PER_CLASS-MR02,PhysioNetMI,DNN-EEGNET,A0-RAW-ACCEPT-ALL,P01-L1-LOW-CAL-OFFICIAL-R2:128_PER_CLASS,2,6,0,45,0.4970238095238095,0.35096153846153844,0.4666666666666667,0.4464285714285714
P02-A0-PhysioNetMI-DNN-EEGNET-P01-L1-LOW-CAL-OFFICIAL-R2:128_PER_CLASS-MR02,PhysioNetMI,DNN-EEGNET,A0-RAW-ACCEPT-ALL,P01-L1-LOW-CAL-OFFICIAL-R2:128_PER_CLASS,2,27,0,45,0.4990118577075099,0.3630769230769231,0.4888888888888889,0.5276679841897233
P02-A0-PhysioNetMI-DNN-EEGNET-P01-L1-LOW-CAL-OFFICIAL-R2:128_PER_CLASS-MR02,PhysioNetMI,DNN-EEGNET,A0-RAW-ACCEPT-ALL,P01-L1-LOW-CAL-OFFICIAL-R2:128_PER_CLASS,2,39,0,45,0.5642292490118577,0.48156682027649766,0.5555555555555556,0.624505928853755
P02-A0-PhysioNetMI-DNN-EEGNET-P01-L1-LOW-CAL-OFFICIAL-R2:128_PER_CLASS-MR02,PhysioNetMI,DNN-EEGNET,A0-RAW-ACCEPT-ALL,P01-L1-LOW-CAL-OFFICIAL-R2:128_PER_CLASS,2,40,0,45,0.46130952380952384,0.3630769230769231,0.4888888888888889,0.5376984126984128
P02-A0-PhysioNetMI-DNN-EEGNET-P01-L1-LOW-CAL-OFFICIAL-R2:128_PER_CLASS-MR02,PhysioNetMI,DNN-EEGNET,A0-RAW-ACCEPT-ALL,P01-L1-LOW-CAL-OFFICIAL-R2:128_PER_CLASS,2,47,0,45,0.37202380952380953,0.37,0.37777777777777777,0.376984126984127
P02-A0-PhysioNetMI-DNN-EEGNET-P01-L1-LOW-CAL-OFFICIAL-R2:128_PER_CLASS-MR02,PhysioNetMI,DNN-EEGNET,A0-RAW-ACCEPT-ALL,P01-L1-LOW-CAL-OFFICIAL-R2:128_PER_CLASS,2,48,0,45,0.7322134387351779,0.7321428571428572,0.7333333333333333,0.7272727272727273
P02-A0-PhysioNetMI-DNN-EEGNET-P01-L1-LOW-CAL-OFFICIAL-R2:128_PER_CLASS-MR02,PhysioNetMI,DNN-EEGNET,A0-RAW-ACCEPT-ALL,P01-L1-LOW-CAL-OFFICIAL-R2:128_PER_CLASS,2,57,0,45,0.5,0.3181818181818182,0.4666666666666667,0.5376984126984126
P02-A0-PhysioNetMI-DNN-EEGNET-P01-L1-LOW-CAL-OFFICIAL-R2:128_PER_CLASS-MR02,PhysioNetMI,DNN-EEGNET,A0-RAW-ACCEPT-ALL,P01-L1-LOW-CAL-OFFICIAL-R2:128_PER_CLASS,2,71,0,45,0.575098814229249,0.5701357466063348,0.5777777777777777,0.6758893280632411
P02-A0-PhysioNetMI-DNN-EEGNET-P01-L1-LOW-CAL-OFFICIAL-R2:128_PER_CLASS-MR02,PhysioNetMI,DNN-EEGNET,A0-RAW-ACCEPT-ALL,P01-L1-LOW-CAL-OFFICIAL-R2:128_PER_CLASS,2,93,0,45,0.650197628458498,0.6218487394957983,0.6444444444444445,0.8063241106719368
P02-A0-PhysioNetMI-DNN-EEGNET-P01-L1-LOW-CAL-OFFICIAL-R2:128_PER_CLASS-MR02,PhysioNetMI,DNN-EEGNET,A0-RAW-ACCEPT-ALL,P01-L1-LOW-CAL-OFFICIAL-R2:128_PER_CLASS,2,98,0,45,0.5148221343873518,0.4989878542510121,0.5111111111111111,0.5474308300395256
P02-A0-PhysioNetMI-DNN-EEGNET-P01-L1-LOW-CAL-OFFICIAL-R2:128_PER_CLASS-MR02,PhysioNetMI,DNN-EEGNET,A0-RAW-ACCEPT-ALL,P01-L1-LOW-CAL-OFFICIAL-R2:128_PER_CLASS,2,107,0,45,0.29166666666666663,0.2885375494071146,0.28888888888888886,0.21825396825396826
P02-A0-PhysioNetMI-DNN-EEGNET-P01-L1-LOW-CAL-OFFICIAL-R2:128_PER_CLASS-MR03,PhysioNetMI,DNN-EEGNET,A0-RAW-ACCEPT-ALL,P01-L1-LOW-CAL-OFFICIAL-R2:128_PER_CLASS,3,6,0,45,0.5773809523809523,0.5769421078673924,0.5777777777777777,0.5853174603174603
P02-A0-PhysioNetMI-DNN-EEGNET-P01-L1-LOW-CAL-OFFICIAL-R2:128_PER_CLASS-MR03,PhysioNetMI,DNN-EEGNET,A0-RAW-ACCEPT-ALL,P01-L1-LOW-CAL-OFFICIAL-R2:128_PER_CLASS,3,27,0,45,0.5306324110671937,0.5248868778280543,0.5333333333333333,0.5592885375494071
P02-A0-PhysioNetMI-DNN-EEGNET-P01-L1-LOW-CAL-OFFICIAL-R2:128_PER_CLASS-MR03,PhysioNetMI,DNN-EEGNET,A0-RAW-ACCEPT-ALL,P01-L1-LOW-CAL-OFFICIAL-R2:128_PER_CLASS,3,39,0,45,0.4150197628458498,0.35,0.4222222222222222,0.391304347826087
P02-A0-PhysioNetMI-DNN-EEGNET-P01-L1-LOW-CAL-OFFICIAL-R2:128_PER_CLASS-MR03,PhysioNetMI,DNN-EEGNET,A0-RAW-ACCEPT-ALL,P01-L1-LOW-CAL-OFFICIAL-R2:128_PER_CLASS,3,40,0,45,0.49107142857142855,0.4,0.4666666666666667,0.501984126984127
P02-A0-PhysioNetMI-DNN-EEGNET-P01-L1-LOW-CAL-OFFICIAL-R2:128_PER_CLASS-MR03,PhysioNetMI,DNN-EEGNET,A0-RAW-ACCEPT-ALL,P01-L1-LOW-CAL-OFFICIAL-R2:128_PER_CLASS,3,47,0,45,0.4523809523809524,0.296875,0.4222222222222222,0.4742063492063492
P02-A0-PhysioNetMI-DNN-EEGNET-P01-L1-LOW-CAL-OFFICIAL-R2:128_PER_CLASS-MR03,PhysioNetMI,DNN-EEGNET,A0-RAW-ACCEPT-ALL,P01-L1-LOW-CAL-OFFICIAL-R2:128_PER_CLASS,3,48,0,45,0.6472332015810276,0.64,0.6444444444444445,0.7213438735177866
P02-A0-PhysioNetMI-DNN-EEGNET-P01-L1-LOW-CAL-OFFICIAL-R2:128_PER_CLASS-MR03,PhysioNetMI,DNN-EEGNET,A0-RAW-ACCEPT-ALL,P01-L1-LOW-CAL-OFFICIAL-R2:128_PER_CLASS,3,57,0,45,0.3601190476190476,0.3542800593765463,0.35555555555555557,0.44047619047619047
P02-A0-PhysioNetMI-DNN-EEGNET-P01-L1-LOW-CAL-OFFICIAL-R2:128_PER_CLASS-MR03,PhysioNetMI,DNN-EEGNET,A0-RAW-ACCEPT-ALL,P01-L1-LOW-CAL-OFFICIAL-R2:128_PER_CLASS,3,71,0,45,0.6017786561264822,0.5982142857142857,0.6,0.6640316205533596
P02-A0-PhysioNetMI-DNN-EEGNET-P01-L1-LOW-CAL-OFFICIAL-R2:128_PER_CLASS-MR03,PhysioNetMI,DNN-EEGNET,A0-RAW-ACCEPT-ALL,P01-L1-LOW-CAL-OFFICIAL-R2:128_PER_CLASS,3,93,0,45,0.6205533596837944,0.6192135390741662,0.6222222222222222,0.6225296442687748
P02-A0-PhysioNetMI-DNN-EEGNET-P01-L1-LOW-CAL-OFFICIAL-R2:128_PER_CLASS-MR03,PhysioNetMI,DNN-EEGNET,A0-RAW-ACCEPT-ALL,P01-L1-LOW-CAL-OFFICIAL-R2:128_PER_CLASS,3,98,0,45,0.6650197628458498,0.6640119462419114,0.6666666666666666,0.7233201581027668
P02-A0-PhysioNetMI-DNN-EEGNET-P01-L1-LOW-CAL-OFFICIAL-R2:128_PER_CLASS-MR03,PhysioNetMI,DNN-EEGNET,A0-RAW-ACCEPT-ALL,P01-L1-LOW-CAL-OFFICIAL-R2:128_PER_CLASS,3,107,0,45,0.4732142857142857,0.4642857142857143,0.4666666666666667,0.5317460317460317
P02-A0-PhysioNetMI-DNN-EEGNET-P01-L1-LOW-CAL-OFFICIAL-R2:128_PER_CLASS-MR04,PhysioNetMI,DNN-EEGNET,A0-RAW-ACCEPT-ALL,P01-L1-LOW-CAL-OFFICIAL-R2:128_PER_CLASS,4,6,0,45,0.46726190476190477,0.3849097867687261,0.4444444444444444,0.5496031746031746
P02-A0-PhysioNetMI-DNN-EEGNET-P01-L1-LOW-CAL-OFFICIAL-R2:128_PER_CLASS-MR04,PhysioNetMI,DNN-EEGNET,A0-RAW-ACCEPT-ALL,P01-L1-LOW-CAL-OFFICIAL-R2:128_PER_CLASS,4,27,0,45,0.541501976284585,0.465799886941775,0.5333333333333333,0.6442687747035574
P02-A0-PhysioNetMI-DNN-EEGNET-P01-L1-LOW-CAL-OFFICIAL-R2:128_PER_CLASS-MR04,PhysioNetMI,DNN-EEGNET,A0-RAW-ACCEPT-ALL,P01-L1-LOW-CAL-OFFICIAL-R2:128_PER_CLASS,4,39,0,45,0.5830039525691699,0.5558441558441558,0.5777777777777777,0.6067193675889329
P02-A0-PhysioNetMI-DNN-EEGNET-P01-L1-LOW-CAL-OFFICIAL-R2:128_PER_CLASS-MR04,PhysioNetMI,DNN-EEGNET,A0-RAW-ACCEPT-ALL,P01-L1-LOW-CAL-OFFICIAL-R2:128_PER_CLASS,4,40,0,45,0.6785714285714286,0.6759259259259259,0.6888888888888889,0.7123015873015873
P02-A0-PhysioNetMI-DNN-EEGNET-P01-L1-LOW-CAL-OFFICIAL-R2:128_PER_CLASS-MR04,PhysioNetMI,DNN-EEGNET,A0-RAW-ACCEPT-ALL,P01-L1-LOW-CAL-OFFICIAL-R2:128_PER_CLASS,4,47,0,45,0.5744047619047619,0.5744151319064211,0.5777777777777777,0.5535714285714285
P02-A0-PhysioNetMI-DNN-EEGNET-P01-L1-LOW-CAL-OFFICIAL-R2:128_PER_CLASS-MR04,PhysioNetMI,DNN-EEGNET,A0-RAW-ACCEPT-ALL,P01-L1-LOW-CAL-OFFICIAL-R2:128_PER_CLASS,4,48,0,45,0.592885375494071,0.55,0.6,0.6541501976284585
P02-A0-PhysioNetMI-DNN-EEGNET-P01-L1-LOW-CAL-OFFICIAL-R2:128_PER_CLASS-MR04,PhysioNetMI,DNN-EEGNET,A0-RAW-ACCEPT-ALL,P01-L1-LOW-CAL-OFFICIAL-R2:128_PER_CLASS,4,57,0,45,0.5952380952380952,0.5558441558441558,0.5777777777777777,0.6388888888888888
P02-A0-PhysioNetMI-DNN-EEGNET-P01-L1-LOW-CAL-OFFICIAL-R2:128_PER_CLASS-MR04,PhysioNetMI,DNN-EEGNET,A0-RAW-ACCEPT-ALL,P01-L1-LOW-CAL-OFFICIAL-R2:128_PER_CLASS,4,71,0,45,0.6136363636363636,0.5502645502645502,0.6222222222222222,0.7450592885375494
P02-A0-PhysioNetMI-DNN-EEGNET-P01-L1-LOW-CAL-OFFICIAL-R2:128_PER_CLASS-MR04,PhysioNetMI,DNN-EEGNET,A0-RAW-ACCEPT-ALL,P01-L1-LOW-CAL-OFFICIAL-R2:128_PER_CLASS,4,93,0,45,0.6472332015810276,0.64,0.6444444444444445,0.7312252964426879
P02-A0-PhysioNetMI-DNN-EEGNET-P01-L1-LOW-CAL-OFFICIAL-R2:128_PER_CLASS-MR04,PhysioNetMI,DNN-EEGNET,A0-RAW-ACCEPT-ALL,P01-L1-LOW-CAL-OFFICIAL-R2:128_PER_CLASS,4,98,0,45,0.6462450592885376,0.6428571428571428,0.6444444444444445,0.7292490118577075
P02-A0-PhysioNetMI-DNN-EEGNET-P01-L1-LOW-CAL-OFFICIAL-R2:128_PER_CLASS-MR04,PhysioNetMI,DNN-EEGNET,A0-RAW-ACCEPT-ALL,P01-L1-LOW-CAL-OFFICIAL-R2:128_PER_CLASS,4,107,0,45,0.44940476190476186,0.326036866359447,0.4222222222222222,0.3869047619047619
P02-A0-PhysioNetMI-RIE-TS-LR-P01-L1-LOW-CAL-OFFICIAL-R2:128_PER_CLASS-MR00,PhysioNetMI,RIE-TS-LR,A0-RAW-ACCEPT-ALL,P01-L1-LOW-CAL-OFFICIAL-R2:128_PER_CLASS,0,6,0,45,0.5327380952380952,0.48156682027649766,0.5555555555555556,0.4880952380952381
P02-A0-PhysioNetMI-RIE-TS-LR-P01-L1-LOW-CAL-OFFICIAL-R2:128_PER_CLASS-MR00,PhysioNetMI,RIE-TS-LR,A0-RAW-ACCEPT-ALL,P01-L1-LOW-CAL-OFFICIAL-R2:128_PER_CLASS,0,27,0,45,0.5434782608695652,0.4184615384615385,0.5333333333333333,0.5592885375494071
P02-A0-PhysioNetMI-RIE-TS-LR-P01-L1-LOW-CAL-OFFICIAL-R2:128_PER_CLASS-MR00,PhysioNetMI,RIE-TS-LR,A0-RAW-ACCEPT-ALL,P01-L1-LOW-CAL-OFFICIAL-R2:128_PER_CLASS,0,39,0,45,0.4713438735177865,0.4444444444444444,0.4666666666666667,0.4624505928853755
P02-A0-PhysioNetMI-RIE-TS-LR-P01-L1-LOW-CAL-OFFICIAL-R2:128_PER_CLASS-MR00,PhysioNetMI,RIE-TS-LR,A0-RAW-ACCEPT-ALL,P01-L1-LOW-CAL-OFFICIAL-R2:128_PER_CLASS,0,40,0,45,0.5029761904761905,0.4989878542510121,0.5111111111111111,0.5654761904761905
P02-A0-PhysioNetMI-RIE-TS-LR-P01-L1-LOW-CAL-OFFICIAL-R2:128_PER_CLASS-MR00,PhysioNetMI,RIE-TS-LR,A0-RAW-ACCEPT-ALL,P01-L1-LOW-CAL-OFFICIAL-R2:128_PER_CLASS,0,47,0,45,0.5029761904761905,0.3867618429591174,0.5333333333333333,0.501984126984127
P02-A0-PhysioNetMI-RIE-TS-LR-P01-L1-LOW-CAL-OFFICIAL-R2:128_PER_CLASS-MR00,PhysioNetMI,RIE-TS-LR,A0-RAW-ACCEPT-ALL,P01-L1-LOW-CAL-OFFICIAL-R2:128_PER_CLASS,0,48,0,45,0.5869565217391304,0.4973544973544973,0.5777777777777777,0.741106719367589
P02-A0-PhysioNetMI-RIE-TS-LR-P01-L1-LOW-CAL-OFFICIAL-R2:128_PER_CLASS-MR00,PhysioNetMI,RIE-TS-LR,A0-RAW-ACCEPT-ALL,P01-L1-LOW-CAL-OFFICIAL-R2:128_PER_CLASS,0,57,0,45,0.5773809523809523,0.5150862068965517,0.5555555555555556,0.6765873015873016
P02-A0-PhysioNetMI-RIE-TS-LR-P01-L1-LOW-CAL-OFFICIAL-R2:128_PER_CLASS-MR00,PhysioNetMI,RIE-TS-LR,A0-RAW-ACCEPT-ALL,P01-L1-LOW-CAL-OFFICIAL-R2:128_PER_CLASS,0,71,0,45,0.5,0.3382352941176471,0.5111111111111111,0.8142292490118577
P02-A0-PhysioNetMI-RIE-TS-LR-P01-L1-LOW-CAL-OFFICIAL-R2:128_PER_CLASS-MR00,PhysioNetMI,RIE-TS-LR,A0-RAW-ACCEPT-ALL,P01-L1-LOW-CAL-OFFICIAL-R2:128_PER_CLASS,0,93,0,45,0.7124505928853755,0.7105393369619001,0.7111111111111111,0.8339920948616601
P02-A0-PhysioNetMI-RIE-TS-LR-P01-L1-LOW-CAL-OFFICIAL-R2:128_PER_CLASS-MR00,PhysioNetMI,RIE-TS-LR,A0-RAW-ACCEPT-ALL,P01-L1-LOW-CAL-OFFICIAL-R2:128_PER_CLASS,0,98,0,45,0.5681818181818181,0.47384615384615386,0.5777777777777777,0.6640316205533597
P02-A0-PhysioNetMI-RIE-TS-LR-P01-L1-LOW-CAL-OFFICIAL-R2:128_PER_CLASS-MR00,PhysioNetMI,RIE-TS-LR,A0-RAW-ACCEPT-ALL,P01-L1-LOW-CAL-OFFICIAL-R2:128_PER_CLASS,0,107,0,45,0.5386904761904762,0.5324096981692232,0.5333333333333333,0.5277777777777777
P02-A0-PhysioNetMI-SSL-CBRAMOD-P01-L1-LOW-CAL-OFFICIAL-R2:128_PER_CLASS-MR00,PhysioNetMI,SSL-CBRAMOD,A0-RAW-ACCEPT-ALL,P01-L1-LOW-CAL-OFFICIAL-R2:128_PER_CLASS,0,6,0,45,0.6160714285714286,0.6153846153846154,0.6222222222222222,0.6269841269841269
P02-A0-PhysioNetMI-SSL-CBRAMOD-P01-L1-LOW-CAL-OFFICIAL-R2:128_PER_CLASS-MR00,PhysioNetMI,SSL-CBRAMOD,A0-RAW-ACCEPT-ALL,P01-L1-LOW-CAL-OFFICIAL-R2:128_PER_CLASS,0,27,0,45,0.5563241106719368,0.5553359683794465,0.5555555555555556,0.549407114624506
P02-A0-PhysioNetMI-SSL-CBRAMOD-P01-L1-LOW-CAL-OFFICIAL-R2:128_PER_CLASS-MR00,PhysioNetMI,SSL-CBRAMOD,A0-RAW-ACCEPT-ALL,P01-L1-LOW-CAL-OFFICIAL-R2:128_PER_CLASS,0,39,0,45,0.4209486166007905,0.4196428571428571,0.4222222222222222,0.391304347826087
P02-A0-PhysioNetMI-SSL-CBRAMOD-P01-L1-LOW-CAL-OFFICIAL-R2:128_PER_CLASS-MR00,PhysioNetMI,SSL-CBRAMOD,A0-RAW-ACCEPT-ALL,P01-L1-LOW-CAL-OFFICIAL-R2:128_PER_CLASS,0,40,0,45,0.44047619047619047,0.44001991040318567,0.4444444444444444,0.4027777777777778
P02-A0-PhysioNetMI-SSL-CBRAMOD-P01-L1-LOW-CAL-OFFICIAL-R2:128_PER_CLASS-MR00,PhysioNetMI,SSL-CBRAMOD,A0-RAW-ACCEPT-ALL,P01-L1-LOW-CAL-OFFICIAL-R2:128_PER_CLASS,0,47,0,45,0.45833333333333337,0.45344129554655865,0.4666666666666667,0.5456349206349206
P02-A0-PhysioNetMI-SSL-CBRAMOD-P01-L1-LOW-CAL-OFFICIAL-R2:128_PER_CLASS-MR00,PhysioNetMI,SSL-CBRAMOD,A0-RAW-ACCEPT-ALL,P01-L1-LOW-CAL-OFFICIAL-R2:128_PER_CLASS,0,48,0,45,0.4723320158102767,0.4327731092436975,0.4666666666666667,0.4367588932806325
P02-A0-PhysioNetMI-SSL-CBRAMOD-P01-L1-LOW-CAL-OFFICIAL-R2:128_PER_CLASS-MR00,PhysioNetMI,SSL-CBRAMOD,A0-RAW-ACCEPT-ALL,P01-L1-LOW-CAL-OFFICIAL-R2:128_PER_CLASS,0,57,0,45,0.5238095238095237,0.5181030086690463,0.5333333333333333,0.43650793650793646
P02-A0-PhysioNetMI-SSL-CBRAMOD-P01-L1-LOW-CAL-OFFICIAL-R2:128_PER_CLASS-MR00,PhysioNetMI,SSL-CBRAMOD,A0-RAW-ACCEPT-ALL,P01-L1-LOW-CAL-OFFICIAL-R2:128_PER_CLASS,0,71,0,45,0.37944664031620556,0.375,0.37777777777777777,0.37747035573122534
P02-A0-PhysioNetMI-SSL-CBRAMOD-P01-L1-LOW-CAL-OFFICIAL-R2:128_PER_CLASS-MR00,PhysioNetMI,SSL-CBRAMOD,A0-RAW-ACCEPT-ALL,P01-L1-LOW-CAL-OFFICIAL-R2:128_PER_CLASS,0,93,0,45,0.46739130434782605,0.46640316205533594,0.4666666666666667,0.4604743083003952
P02-A0-PhysioNetMI-SSL-CBRAMOD-P01-L1-LOW-CAL-OFFICIAL-R2:128_PER_CLASS-MR00,PhysioNetMI,SSL-CBRAMOD,A0-RAW-ACCEPT-ALL,P01-L1-LOW-CAL-OFFICIAL-R2:128_PER_CLASS,0,98,0,45,0.5563241106719368,0.5553359683794465,0.5555555555555556,0.5276679841897233
P02-A0-PhysioNetMI-SSL-CBRAMOD-P01-L1-LOW-CAL-OFFICIAL-R2:128_PER_CLASS-MR00,PhysioNetMI,SSL-CBRAMOD,A0-RAW-ACCEPT-ALL,P01-L1-LOW-CAL-OFFICIAL-R2:128_PER_CLASS,0,107,0,45,0.5119047619047619,0.5108695652173914,0.5111111111111111,0.5456349206349207
P02-A0-PhysioNetMI-SSL-CBRAMOD-P01-L1-LOW-CAL-OFFICIAL-R2:128_PER_CLASS-MR01,PhysioNetMI,SSL-CBRAMOD,A0-RAW-ACCEPT-ALL,P01-L1-LOW-CAL-OFFICIAL-R2:128_PER_CLASS,1,6,0,45,0.6190476190476191,0.6192135390741662,0.6222222222222222,0.6130952380952381
P02-A0-PhysioNetMI-SSL-CBRAMOD-P01-L1-LOW-CAL-OFFICIAL-R2:128_PER_CLASS-MR01,PhysioNetMI,SSL-CBRAMOD,A0-RAW-ACCEPT-ALL,P01-L1-LOW-CAL-OFFICIAL-R2:128_PER_CLASS,1,27,0,45,0.49011857707509876,0.48787728847105394,0.4888888888888889,0.5019762845849802
P02-A0-PhysioNetMI-SSL-CBRAMOD-P01-L1-LOW-CAL-OFFICIAL-R2:128_PER_CLASS-MR01,PhysioNetMI,SSL-CBRAMOD,A0-RAW-ACCEPT-ALL,P01-L1-LOW-CAL-OFFICIAL-R2:128_PER_CLASS,1,39,0,45,0.4891304347826087,0.4888888888888889,0.4888888888888889,0.4486166007905139
P02-A0-PhysioNetMI-SSL-CBRAMOD-P01-L1-LOW-CAL-OFFICIAL-R2:128_PER_CLASS-MR01,PhysioNetMI,SSL-CBRAMOD,A0-RAW-ACCEPT-ALL,P01-L1-LOW-CAL-OFFICIAL-R2:128_PER_CLASS,1,40,0,45,0.5267857142857143,0.5248868778280543,0.5333333333333333,0.4563492063492064
P02-A0-PhysioNetMI-SSL-CBRAMOD-P01-L1-LOW-CAL-OFFICIAL-R2:128_PER_CLASS-MR01,PhysioNetMI,SSL-CBRAMOD,A0-RAW-ACCEPT-ALL,P01-L1-LOW-CAL-OFFICIAL-R2:128_PER_CLASS,1,47,0,45,0.5357142857142857,0.5333333333333333,0.5333333333333333,0.5138888888888888
P02-A0-PhysioNetMI-SSL-CBRAMOD-P01-L1-LOW-CAL-OFFICIAL-R2:128_PER_CLASS-MR01,PhysioNetMI,SSL-CBRAMOD,A0-RAW-ACCEPT-ALL,P01-L1-LOW-CAL-OFFICIAL-R2:128_PER_CLASS,1,48,0,45,0.5158102766798419,0.4907407407407407,0.5111111111111111,0.4743083003952569
P02-A0-PhysioNetMI-SSL-CBRAMOD-P01-L1-LOW-CAL-OFFICIAL-R2:128_PER_CLASS-MR01,PhysioNetMI,SSL-CBRAMOD,A0-RAW-ACCEPT-ALL,P01-L1-LOW-CAL-OFFICIAL-R2:128_PER_CLASS,1,57,0,45,0.5059523809523809,0.505,0.5111111111111111,0.42460317460317465
P02-A0-PhysioNetMI-SSL-CBRAMOD-P01-L1-LOW-CAL-OFFICIAL-R2:128_PER_CLASS-MR01,PhysioNetMI,SSL-CBRAMOD,A0-RAW-ACCEPT-ALL,P01-L1-LOW-CAL-OFFICIAL-R2:128_PER_CLASS,1,71,0,45,0.3349802371541502,0.33035714285714285,0.3333333333333333,0.40711462450592883
P02-A0-PhysioNetMI-SSL-CBRAMOD-P01-L1-LOW-CAL-OFFICIAL-R2:128_PER_CLASS-MR01,PhysioNetMI,SSL-CBRAMOD,A0-RAW-ACCEPT-ALL,P01-L1-LOW-CAL-OFFICIAL-R2:128_PER_CLASS,1,93,0,45,0.5553359683794465,0.5553359683794465,0.5555555555555556,0.5731225296442688
P02-A0-PhysioNetMI-SSL-CBRAMOD-P01-L1-LOW-CAL-OFFICIAL-R2:128_PER_CLASS-MR01,PhysioNetMI,SSL-CBRAMOD,A0-RAW-ACCEPT-ALL,P01-L1-LOW-CAL-OFFICIAL-R2:128_PER_CLASS,1,98,0,45,0.5553359683794465,0.5553359683794465,0.5555555555555556,0.6541501976284585
P02-A0-PhysioNetMI-SSL-CBRAMOD-P01-L1-LOW-CAL-OFFICIAL-R2:128_PER_CLASS-MR01,PhysioNetMI,SSL-CBRAMOD,A0-RAW-ACCEPT-ALL,P01-L1-LOW-CAL-OFFICIAL-R2:128_PER_CLASS,1,107,0,45,0.5565476190476191,0.5553359683794465,0.5555555555555556,0.6111111111111112
P02-A0-PhysioNetMI-SSL-CBRAMOD-P01-L1-LOW-CAL-OFFICIAL-R2:128_PER_CLASS-MR02,PhysioNetMI,SSL-CBRAMOD,A0-RAW-ACCEPT-ALL,P01-L1-LOW-CAL-OFFICIAL-R2:128_PER_CLASS,2,6,0,45,0.49107142857142855,0.44999999999999996,0.5111111111111111,0.6567460317460316
P02-A0-PhysioNetMI-SSL-CBRAMOD-P01-L1-LOW-CAL-OFFICIAL-R2:128_PER_CLASS-MR02,PhysioNetMI,SSL-CBRAMOD,A0-RAW-ACCEPT-ALL,P01-L1-LOW-CAL-OFFICIAL-R2:128_PER_CLASS,2,27,0,45,0.5345849802371542,0.5324096981692232,0.5333333333333333,0.5177865612648221
P02-A0-PhysioNetMI-SSL-CBRAMOD-P01-L1-LOW-CAL-OFFICIAL-R2:128_PER_CLASS-MR02,PhysioNetMI,SSL-CBRAMOD,A0-RAW-ACCEPT-ALL,P01-L1-LOW-CAL-OFFICIAL-R2:128_PER_CLASS,2,39,0,45,0.3547430830039526,0.3542800593765463,0.35555555555555557,0.3695652173913044
P02-A0-PhysioNetMI-SSL-CBRAMOD-P01-L1-LOW-CAL-OFFICIAL-R2:128_PER_CLASS-MR02,PhysioNetMI,SSL-CBRAMOD,A0-RAW-ACCEPT-ALL,P01-L1-LOW-CAL-OFFICIAL-R2:128_PER_CLASS,2,40,0,45,0.5029761904761905,0.4989878542510121,0.5111111111111111,0.5
P02-A0-PhysioNetMI-SSL-CBRAMOD-P01-L1-LOW-CAL-OFFICIAL-R2:128_PER_CLASS-MR02,PhysioNetMI,SSL-CBRAMOD,A0-RAW-ACCEPT-ALL,P01-L1-LOW-CAL-OFFICIAL-R2:128_PER_CLASS,2,47,0,45,0.5089285714285714,0.5089285714285714,0.5111111111111111,0.4583333333333333
P02-A0-PhysioNetMI-SSL-CBRAMOD-P01-L1-LOW-CAL-OFFICIAL-R2:128_PER_CLASS-MR02,PhysioNetMI,SSL-CBRAMOD,A0-RAW-ACCEPT-ALL,P01-L1-LOW-CAL-OFFICIAL-R2:128_PER_CLASS,2,48,0,45,0.4713438735177865,0.4444444444444444,0.4666666666666667,0.46640316205533594
P02-A0-PhysioNetMI-SSL-CBRAMOD-P01-L1-LOW-CAL-OFFICIAL-R2:128_PER_CLASS-MR02,PhysioNetMI,SSL-CBRAMOD,A0-RAW-ACCEPT-ALL,P01-L1-LOW-CAL-OFFICIAL-R2:128_PER_CLASS,2,57,0,45,0.46726190476190477,0.46640316205533594,0.4666666666666667,0.46031746031746024
P02-A0-PhysioNetMI-SSL-CBRAMOD-P01-L1-LOW-CAL-OFFICIAL-R2:128_PER_CLASS-MR02,PhysioNetMI,SSL-CBRAMOD,A0-RAW-ACCEPT-ALL,P01-L1-LOW-CAL-OFFICIAL-R2:128_PER_CLASS,2,71,0,45,0.3804347826086957,0.37,0.37777777777777777,0.34980237154150196
P02-A0-PhysioNetMI-SSL-CBRAMOD-P01-L1-LOW-CAL-OFFICIAL-R2:128_PER_CLASS-MR02,PhysioNetMI,SSL-CBRAMOD,A0-RAW-ACCEPT-ALL,P01-L1-LOW-CAL-OFFICIAL-R2:128_PER_CLASS,2,93,0,45,0.48814229249011853,0.48787728847105394,0.4888888888888889,0.5079051383399209
P02-A0-PhysioNetMI-SSL-CBRAMOD-P01-L1-LOW-CAL-OFFICIAL-R2:128_PER_CLASS-MR02,PhysioNetMI,SSL-CBRAMOD,A0-RAW-ACCEPT-ALL,P01-L1-LOW-CAL-OFFICIAL-R2:128_PER_CLASS,2,98,0,45,0.5533596837944664,0.55,0.5555555555555556,0.6027667984189724
P02-A0-PhysioNetMI-SSL-CBRAMOD-P01-L1-LOW-CAL-OFFICIAL-R2:128_PER_CLASS-MR02,PhysioNetMI,SSL-CBRAMOD,A0-RAW-ACCEPT-ALL,P01-L1-LOW-CAL-OFFICIAL-R2:128_PER_CLASS,2,107,0,45,0.5595238095238095,0.5553359683794465,0.5555555555555556,0.5694444444444444
P02-A0-PhysioNetMI-SSL-CBRAMOD-P01-L1-LOW-CAL-OFFICIAL-R2:128_PER_CLASS-MR03,PhysioNetMI,SSL-CBRAMOD,A0-RAW-ACCEPT-ALL,P01-L1-LOW-CAL-OFFICIAL-R2:128_PER_CLASS,3,6,0,45,0.6547619047619048,0.64,0.6444444444444445,0.6587301587301588
P02-A0-PhysioNetMI-SSL-CBRAMOD-P01-L1-LOW-CAL-OFFICIAL-R2:128_PER_CLASS-MR03,PhysioNetMI,SSL-CBRAMOD,A0-RAW-ACCEPT-ALL,P01-L1-LOW-CAL-OFFICIAL-R2:128_PER_CLASS,3,27,0,45,0.5158102766798419,0.4907407407407407,0.5111111111111111,0.48418972332015814
P02-A0-PhysioNetMI-SSL-CBRAMOD-P01-L1-LOW-CAL-OFFICIAL-R2:128_PER_CLASS-MR03,PhysioNetMI,SSL-CBRAMOD,A0-RAW-ACCEPT-ALL,P01-L1-LOW-CAL-OFFICIAL-R2:128_PER_CLASS,3,39,0,45,0.39920948616600793,0.39881246907471546,0.4,0.43280632411067194
P02-A0-PhysioNetMI-SSL-CBRAMOD-P01-L1-LOW-CAL-OFFICIAL-R2:128_PER_CLASS-MR03,PhysioNetMI,SSL-CBRAMOD,A0-RAW-ACCEPT-ALL,P01-L1-LOW-CAL-OFFICIAL-R2:128_PER_CLASS,3,40,0,45,0.49404761904761907,0.4665948275862069,0.5111111111111111,0.369047619047619
P02-A0-PhysioNetMI-SSL-CBRAMOD-P01-L1-LOW-CAL-OFFICIAL-R2:128_PER_CLASS-MR03,PhysioNetMI,SSL-CBRAMOD,A0-RAW-ACCEPT-ALL,P01-L1-LOW-CAL-OFFICIAL-R2:128_PER_CLASS,3,47,0,45,0.5029761904761905,0.4722080571137175,0.4888888888888889,0.46825396825396826
P02-A0-PhysioNetMI-SSL-CBRAMOD-P01-L1-LOW-CAL-OFFICIAL-R2:128_PER_CLASS-MR03,PhysioNetMI,SSL-CBRAMOD,A0-RAW-ACCEPT-ALL,P01-L1-LOW-CAL-OFFICIAL-R2:128_PER_CLASS,3,48,0,45,0.49209486166007904,0.4796380090497738,0.4888888888888889,0.4762845849802372
P02-A0-PhysioNetMI-SSL-CBRAMOD-P01-L1-LOW-CAL-OFFICIAL-R2:128_PER_CLASS-MR03,PhysioNetMI,SSL-CBRAMOD,A0-RAW-ACCEPT-ALL,P01-L1-LOW-CAL-OFFICIAL-R2:128_PER_CLASS,3,57,0,45,0.5416666666666666,0.5296167247386759,0.5333333333333333,0.4801587301587301
P02-A0-PhysioNetMI-SSL-CBRAMOD-P01-L1-LOW-CAL-OFFICIAL-R2:128_PER_CLASS-MR03,PhysioNetMI,SSL-CBRAMOD,A0-RAW-ACCEPT-ALL,P01-L1-LOW-CAL-OFFICIAL-R2:128_PER_CLASS,3,71,0,45,0.39723320158102765,0.3891402714932127,0.4,0.43675889328063244
P02-A0-PhysioNetMI-SSL-CBRAMOD-P01-L1-LOW-CAL-OFFICIAL-R2:128_PER_CLASS-MR03,PhysioNetMI,SSL-CBRAMOD,A0-RAW-ACCEPT-ALL,P01-L1-LOW-CAL-OFFICIAL-R2:128_PER_CLASS,3,93,0,45,0.5573122529644269,0.5535714285714286,0.5555555555555556,0.5118577075098814
P02-A0-PhysioNetMI-SSL-CBRAMOD-P01-L1-LOW-CAL-OFFICIAL-R2:128_PER_CLASS-MR03,PhysioNetMI,SSL-CBRAMOD,A0-RAW-ACCEPT-ALL,P01-L1-LOW-CAL-OFFICIAL-R2:128_PER_CLASS,3,98,0,45,0.5573122529644269,0.5535714285714286,0.5555555555555556,0.5256916996047432
P02-A0-PhysioNetMI-SSL-CBRAMOD-P01-L1-LOW-CAL-OFFICIAL-R2:128_PER_CLASS-MR03,PhysioNetMI,SSL-CBRAMOD,A0-RAW-ACCEPT-ALL,P01-L1-LOW-CAL-OFFICIAL-R2:128_PER_CLASS,3,107,0,45,0.5922619047619048,0.5639979602243753,0.5777777777777777,0.621031746031746
P02-A0-PhysioNetMI-SSL-CBRAMOD-P01-L1-LOW-CAL-OFFICIAL-R2:128_PER_CLASS-MR04,PhysioNetMI,SSL-CBRAMOD,A0-RAW-ACCEPT-ALL,P01-L1-LOW-CAL-OFFICIAL-R2:128_PER_CLASS,4,6,0,45,0.6845238095238095,0.685,0.6888888888888889,0.6765873015873016
P02-A0-PhysioNetMI-SSL-CBRAMOD-P01-L1-LOW-CAL-OFFICIAL-R2:128_PER_CLASS-MR04,PhysioNetMI,SSL-CBRAMOD,A0-RAW-ACCEPT-ALL,P01-L1-LOW-CAL-OFFICIAL-R2:128_PER_CLASS,4,27,0,45,0.6225296442687747,0.6222222222222222,0.6222222222222222,0.5533596837944664
P02-A0-PhysioNetMI-SSL-CBRAMOD-P01-L1-LOW-CAL-OFFICIAL-R2:128_PER_CLASS-MR04,PhysioNetMI,SSL-CBRAMOD,A0-RAW-ACCEPT-ALL,P01-L1-LOW-CAL-OFFICIAL-R2:128_PER_CLASS,4,39,0,45,0.35276679841897235,0.3438914027149321,0.35555555555555557,0.3320158102766798
P02-A0-PhysioNetMI-SSL-CBRAMOD-P01-L1-LOW-CAL-OFFICIAL-R2:128_PER_CLASS-MR04,PhysioNetMI,SSL-CBRAMOD,A0-RAW-ACCEPT-ALL,P01-L1-LOW-CAL-OFFICIAL-R2:128_PER_CLASS,4,40,0,45,0.4613095238095238,0.46,0.4666666666666667,0.376984126984127
P02-A0-PhysioNetMI-SSL-CBRAMOD-P01-L1-LOW-CAL-OFFICIAL-R2:128_PER_CLASS-MR04,PhysioNetMI,SSL-CBRAMOD,A0-RAW-ACCEPT-ALL,P01-L1-LOW-CAL-OFFICIAL-R2:128_PER_CLASS,4,47,0,45,0.5059523809523809,0.505,0.5111111111111111,0.4761904761904762
P02-A0-PhysioNetMI-SSL-CBRAMOD-P01-L1-LOW-CAL-OFFICIAL-R2:128_PER_CLASS-MR04,PhysioNetMI,SSL-CBRAMOD,A0-RAW-ACCEPT-ALL,P01-L1-LOW-CAL-OFFICIAL-R2:128_PER_CLASS,4,48,0,45,0.44762845849802374,0.4343891402714932,0.4444444444444444,0.43280632411067194
P02-A0-PhysioNetMI-SSL-CBRAMOD-P01-L1-LOW-CAL-OFFICIAL-R2:128_PER_CLASS-MR04,PhysioNetMI,SSL-CBRAMOD,A0-RAW-ACCEPT-ALL,P01-L1-LOW-CAL-OFFICIAL-R2:128_PER_CLASS,4,57,0,45,0.45833333333333337,0.45344129554655865,0.4666666666666667,0.4027777777777778
P02-A0-PhysioNetMI-SSL-CBRAMOD-P01-L1-LOW-CAL-OFFICIAL-R2:128_PER_CLASS-MR04,PhysioNetMI,SSL-CBRAMOD,A0-RAW-ACCEPT-ALL,P01-L1-LOW-CAL-OFFICIAL-R2:128_PER_CLASS,4,71,0,45,0.42292490118577075,0.42193675889328064,0.4222222222222222,0.4822134387351779
P02-A0-PhysioNetMI-SSL-CBRAMOD-P01-L1-LOW-CAL-OFFICIAL-R2:128_PER_CLASS-MR04,PhysioNetMI,SSL-CBRAMOD,A0-RAW-ACCEPT-ALL,P01-L1-LOW-CAL-OFFICIAL-R2:128_PER_CLASS,4,93,0,45,0.4644268774703557,0.46,0.4666666666666667,0.5533596837944664
P02-A0-PhysioNetMI-SSL-CBRAMOD-P01-L1-LOW-CAL-OFFICIAL-R2:128_PER_CLASS-MR04,PhysioNetMI,SSL-CBRAMOD,A0-RAW-ACCEPT-ALL,P01-L1-LOW-CAL-OFFICIAL-R2:128_PER_CLASS,4,98,0,45,0.5316205533596838,0.5296167247386759,0.5333333333333333,0.5830039525691699
P02-A0-PhysioNetMI-SSL-CBRAMOD-P01-L1-LOW-CAL-OFFICIAL-R2:128_PER_CLASS-MR04,PhysioNetMI,SSL-CBRAMOD,A0-RAW-ACCEPT-ALL,P01-L1-LOW-CAL-OFFICIAL-R2:128_PER_CLASS,4,107,0,45,0.5565476190476191,0.5553359683794465,0.5555555555555556,0.5734126984126984
P02-A0-BNCI2014_001-CLS-CSP-LDA-P01-L1-LOW-CAL-OFFICIAL-R2:256_PER_CLASS-MR00,BNCI2014_001,CLS-CSP-LDA,A0-RAW-ACCEPT-ALL,P01-L1-LOW-CAL-OFFICIAL-R2:256_PER_CLASS,0,7,0train,144,0.6319444444444444,0.6305010893246188,0.6319444444444444,0.6070601851851851
P02-A0-BNCI2014_001-CLS-CSP-LDA-P01-L1-LOW-CAL-OFFICIAL-R2:256_PER_CLASS-MR00,BNCI2014_001,CLS-CSP-LDA,A0-RAW-ACCEPT-ALL,P01-L1-LOW-CAL-OFFICIAL-R2:256_PER_CLASS,0,7,1test,144,0.625,0.6238390092879257,0.625,0.6157407407407407
P02-A0-BNCI2014_001-DNN-EEGNET-P01-L1-LOW-CAL-OFFICIAL-R2:256_PER_CLASS-MR00,BNCI2014_001,DNN-EEGNET,A0-RAW-ACCEPT-ALL,P01-L1-LOW-CAL-OFFICIAL-R2:256_PER_CLASS,0,7,0train,144,0.5694444444444444,0.562610229276896,0.5694444444444444,0.6234567901234568
P02-A0-BNCI2014_001-DNN-EEGNET-P01-L1-LOW-CAL-OFFICIAL-R2:256_PER_CLASS-MR00,BNCI2014_001,DNN-EEGNET,A0-RAW-ACCEPT-ALL,P01-L1-LOW-CAL-OFFICIAL-R2:256_PER_CLASS,0,7,1test,144,0.6111111111111112,0.6111111111111112,0.6111111111111112,0.640625
P02-A0-BNCI2014_001-DNN-EEGNET-P01-L1-LOW-CAL-OFFICIAL-R2:256_PER_CLASS-MR01,BNCI2014_001,DNN-EEGNET,A0-RAW-ACCEPT-ALL,P01-L1-LOW-CAL-OFFICIAL-R2:256_PER_CLASS,1,7,0train,144,0.6180555555555556,0.6138657305835893,0.6180555555555556,0.6537422839506174
P02-A0-BNCI2014_001-DNN-EEGNET-P01-L1-LOW-CAL-OFFICIAL-R2:256_PER_CLASS-MR01,BNCI2014_001,DNN-EEGNET,A0-RAW-ACCEPT-ALL,P01-L1-LOW-CAL-OFFICIAL-R2:256_PER_CLASS,1,7,1test,144,0.5833333333333333,0.5832529423114027,0.5833333333333334,0.6178626543209876
P02-A0-BNCI2014_001-DNN-EEGNET-P01-L1-LOW-CAL-OFFICIAL-R2:256_PER_CLASS-MR02,BNCI2014_001,DNN-EEGNET,A0-RAW-ACCEPT-ALL,P01-L1-LOW-CAL-OFFICIAL-R2:256_PER_CLASS,2,7,0train,144,0.548611111111111,0.4895009544586856,0.5486111111111112,0.6255787037037037
P02-A0-BNCI2014_001-DNN-EEGNET-P01-L1-LOW-CAL-OFFICIAL-R2:256_PER_CLASS-MR02,BNCI2014_001,DNN-EEGNET,A0-RAW-ACCEPT-ALL,P01-L1-LOW-CAL-OFFICIAL-R2:256_PER_CLASS,2,7,1test,144,0.5347222222222222,0.5018330149222905,0.5347222222222222,0.5486111111111112
P02-A0-BNCI2014_001-DNN-EEGNET-P01-L1-LOW-CAL-OFFICIAL-R2:256_PER_CLASS-MR03,BNCI2014_001,DNN-EEGNET,A0-RAW-ACCEPT-ALL,P01-L1-LOW-CAL-OFFICIAL-R2:256_PER_CLASS,3,7,0train,144,0.5694444444444444,0.5407407407407407,0.5694444444444444,0.6836419753086419
P02-A0-BNCI2014_001-DNN-EEGNET-P01-L1-LOW-CAL-OFFICIAL-R2:256_PER_CLASS-MR03,BNCI2014_001,DNN-EEGNET,A0-RAW-ACCEPT-ALL,P01-L1-LOW-CAL-OFFICIAL-R2:256_PER_CLASS,3,7,1test,144,0.5833333333333333,0.5587334014300306,0.5833333333333334,0.6275077160493826
P02-A0-BNCI2014_001-DNN-EEGNET-P01-L1-LOW-CAL-OFFICIAL-R2:256_PER_CLASS-MR04,BNCI2014_001,DNN-EEGNET,A0-RAW-ACCEPT-ALL,P01-L1-LOW-CAL-OFFICIAL-R2:256_PER_CLASS,4,7,0train,144,0.5763888888888888,0.5609536662168241,0.5763888888888888,0.6467978395061729
P02-A0-BNCI2014_001-DNN-EEGNET-P01-L1-LOW-CAL-OFFICIAL-R2:256_PER_CLASS-MR04,BNCI2014_001,DNN-EEGNET,A0-RAW-ACCEPT-ALL,P01-L1-LOW-CAL-OFFICIAL-R2:256_PER_CLASS,4,7,1test,144,0.5416666666666667,0.5285714285714286,0.5416666666666666,0.5877700617283951
P02-A0-BNCI2014_001-RIE-TS-LR-P01-L1-LOW-CAL-OFFICIAL-R2:256_PER_CLASS-MR00,BNCI2014_001,RIE-TS-LR,A0-RAW-ACCEPT-ALL,P01-L1-LOW-CAL-OFFICIAL-R2:256_PER_CLASS,0,7,0train,144,0.5277777777777778,0.5184893784421715,0.5277777777777778,0.5515046296296297
P02-A0-BNCI2014_001-RIE-TS-LR-P01-L1-LOW-CAL-OFFICIAL-R2:256_PER_CLASS-MR00,BNCI2014_001,RIE-TS-LR,A0-RAW-ACCEPT-ALL,P01-L1-LOW-CAL-OFFICIAL-R2:256_PER_CLASS,0,7,1test,144,0.5555555555555556,0.5183946488294314,0.5555555555555556,0.6157407407407408
P02-A0-BNCI2014_001-SSL-CBRAMOD-P01-L1-LOW-CAL-OFFICIAL-R2:256_PER_CLASS-MR00,BNCI2014_001,SSL-CBRAMOD,A0-RAW-ACCEPT-ALL,P01-L1-LOW-CAL-OFFICIAL-R2:256_PER_CLASS,0,7,0train,144,0.4652777777777778,0.46504559270516715,0.4652777777777778,0.4612268518518518
P02-A0-BNCI2014_001-SSL-CBRAMOD-P01-L1-LOW-CAL-OFFICIAL-R2:256_PER_CLASS-MR00,BNCI2014_001,SSL-CBRAMOD,A0-RAW-ACCEPT-ALL,P01-L1-LOW-CAL-OFFICIAL-R2:256_PER_CLASS,0,7,1test,144,0.4791666666666667,0.4779330014018466,0.4791666666666667,0.4733796296296296
P02-A0-BNCI2014_001-SSL-CBRAMOD-P01-L1-LOW-CAL-OFFICIAL-R2:256_PER_CLASS-MR01,BNCI2014_001,SSL-CBRAMOD,A0-RAW-ACCEPT-ALL,P01-L1-LOW-CAL-OFFICIAL-R2:256_PER_CLASS,1,7,0train,144,0.5069444444444444,0.5028929839062576,0.5069444444444444,0.48611111111111116
P02-A0-BNCI2014_001-SSL-CBRAMOD-P01-L1-LOW-CAL-OFFICIAL-R2:256_PER_CLASS-MR01,BNCI2014_001,SSL-CBRAMOD,A0-RAW-ACCEPT-ALL,P01-L1-LOW-CAL-OFFICIAL-R2:256_PER_CLASS,1,7,1test,144,0.5416666666666666,0.5384615384615384,0.5416666666666666,0.4984567901234568
P02-A0-BNCI2014_001-SSL-CBRAMOD-P01-L1-LOW-CAL-OFFICIAL-R2:256_PER_CLASS-MR02,BNCI2014_001,SSL-CBRAMOD,A0-RAW-ACCEPT-ALL,P01-L1-LOW-CAL-OFFICIAL-R2:256_PER_CLASS,2,7,0train,144,0.5277777777777777,0.5276866679529231,0.5277777777777778,0.5378086419753086
P02-A0-BNCI2014_001-SSL-CBRAMOD-P01-L1-LOW-CAL-OFFICIAL-R2:256_PER_CLASS-MR02,BNCI2014_001,SSL-CBRAMOD,A0-RAW-ACCEPT-ALL,P01-L1-LOW-CAL-OFFICIAL-R2:256_PER_CLASS,2,7,1test,144,0.5277777777777778,0.5274131274131274,0.5277777777777778,0.5042438271604939
P02-A0-BNCI2014_001-SSL-CBRAMOD-P01-L1-LOW-CAL-OFFICIAL-R2:256_PER_CLASS-MR03,BNCI2014_001,SSL-CBRAMOD,A0-RAW-ACCEPT-ALL,P01-L1-LOW-CAL-OFFICIAL-R2:256_PER_CLASS,3,7,0train,144,0.5208333333333334,0.5168959984441095,0.5208333333333334,0.5572916666666667
P02-A0-BNCI2014_001-SSL-CBRAMOD-P01-L1-LOW-CAL-OFFICIAL-R2:256_PER_CLASS-MR03,BNCI2014_001,SSL-CBRAMOD,A0-RAW-ACCEPT-ALL,P01-L1-LOW-CAL-OFFICIAL-R2:256_PER_CLASS,3,7,1test,144,0.5277777777777778,0.5263157894736843,0.5277777777777778,0.5246913580246914
P02-A0-BNCI2014_001-SSL-CBRAMOD-P01-L1-LOW-CAL-OFFICIAL-R2:256_PER_CLASS-MR04,BNCI2014_001,SSL-CBRAMOD,A0-RAW-ACCEPT-ALL,P01-L1-LOW-CAL-OFFICIAL-R2:256_PER_CLASS,4,7,0train,144,0.5763888888888888,0.5747276688453159,0.5763888888888888,0.5266203703703703
P02-A0-BNCI2014_001-SSL-CBRAMOD-P01-L1-LOW-CAL-OFFICIAL-R2:256_PER_CLASS-MR04,BNCI2014_001,SSL-CBRAMOD,A0-RAW-ACCEPT-ALL,P01-L1-LOW-CAL-OFFICIAL-R2:256_PER_CLASS,4,7,1test,144,0.5208333333333333,0.5196983612896988,0.5208333333333334,0.5198688271604939
P02-A0-Lee2019_MI-CLS-CSP-LDA-P01-L1-LOW-CAL-OFFICIAL-R2:256_PER_CLASS-MR00,Lee2019_MI,CLS-CSP-LDA,A0-RAW-ACCEPT-ALL,P01-L1-LOW-CAL-OFFICIAL-R2:256_PER_CLASS,0,3,1,100,0.6599999999999999,0.6594551282051282,0.66,0.7728
P02-A0-Lee2019_MI-CLS-CSP-LDA-P01-L1-LOW-CAL-OFFICIAL-R2:256_PER_CLASS-MR00,Lee2019_MI,CLS-CSP-LDA,A0-RAW-ACCEPT-ALL,P01-L1-LOW-CAL-OFFICIAL-R2:256_PER_CLASS,0,6,1,100,0.48000000000000004,0.3551587301587301,0.48,0.5947999999999999
P02-A0-Lee2019_MI-CLS-CSP-LDA-P01-L1-LOW-CAL-OFFICIAL-R2:256_PER_CLASS-MR00,Lee2019_MI,CLS-CSP-LDA,A0-RAW-ACCEPT-ALL,P01-L1-LOW-CAL-OFFICIAL-R2:256_PER_CLASS,0,15,1,100,0.49,0.3453985367731998,0.49,0.4356
P02-A0-Lee2019_MI-CLS-CSP-LDA-P01-L1-LOW-CAL-OFFICIAL-R2:256_PER_CLASS-MR00,Lee2019_MI,CLS-CSP-LDA,A0-RAW-ACCEPT-ALL,P01-L1-LOW-CAL-OFFICIAL-R2:256_PER_CLASS,0,19,1,100,0.64,0.5863970588235294,0.64,0.7732
P02-A0-Lee2019_MI-CLS-CSP-LDA-P01-L1-LOW-CAL-OFFICIAL-R2:256_PER_CLASS-MR00,Lee2019_MI,CLS-CSP-LDA,A0-RAW-ACCEPT-ALL,P01-L1-LOW-CAL-OFFICIAL-R2:256_PER_CLASS,0,30,1,100,0.55,0.4590695997115038,0.55,0.6736
P02-A0-Lee2019_MI-CLS-CSP-LDA-P01-L1-LOW-CAL-OFFICIAL-R2:256_PER_CLASS-MR00,Lee2019_MI,CLS-CSP-LDA,A0-RAW-ACCEPT-ALL,P01-L1-LOW-CAL-OFFICIAL-R2:256_PER_CLASS,0,36,1,100,0.9299999999999999,0.9296553110240177,0.93,0.9855999999999999
P02-A0-Lee2019_MI-DNN-EEGNET-P01-L1-LOW-CAL-OFFICIAL-R2:256_PER_CLASS-MR00,Lee2019_MI,DNN-EEGNET,A0-RAW-ACCEPT-ALL,P01-L1-LOW-CAL-OFFICIAL-R2:256_PER_CLASS,0,3,1,100,0.69,0.6615351020853806,0.69,0.8752
P02-A0-Lee2019_MI-DNN-EEGNET-P01-L1-LOW-CAL-OFFICIAL-R2:256_PER_CLASS-MR00,Lee2019_MI,DNN-EEGNET,A0-RAW-ACCEPT-ALL,P01-L1-LOW-CAL-OFFICIAL-R2:256_PER_CLASS,0,6,1,100,0.7,0.6782496782496783,0.7,0.8732
P02-A0-Lee2019_MI-DNN-EEGNET-P01-L1-LOW-CAL-OFFICIAL-R2:256_PER_CLASS-MR00,Lee2019_MI,DNN-EEGNET,A0-RAW-ACCEPT-ALL,P01-L1-LOW-CAL-OFFICIAL-R2:256_PER_CLASS,0,15,1,100,0.49,0.3288590604026846,0.49,0.4548
P02-A0-Lee2019_MI-DNN-EEGNET-P01-L1-LOW-CAL-OFFICIAL-R2:256_PER_CLASS-MR00,Lee2019_MI,DNN-EEGNET,A0-RAW-ACCEPT-ALL,P01-L1-LOW-CAL-OFFICIAL-R2:256_PER_CLASS,0,19,1,100,0.75,0.7442455242966752,0.75,0.8292
P02-A0-Lee2019_MI-DNN-EEGNET-P01-L1-LOW-CAL-OFFICIAL-R2:256_PER_CLASS-MR00,Lee2019_MI,DNN-EEGNET,A0-RAW-ACCEPT-ALL,P01-L1-LOW-CAL-OFFICIAL-R2:256_PER_CLASS,0,30,1,100,0.44999999999999996,0.44950455409868884,0.45,0.476
P02-A0-Lee2019_MI-DNN-EEGNET-P01-L1-LOW-CAL-OFFICIAL-R2:256_PER_CLASS-MR00,Lee2019_MI,DNN-EEGNET,A0-RAW-ACCEPT-ALL,P01-L1-LOW-CAL-OFFICIAL-R2:256_PER_CLASS,0,36,1,100,0.81,0.8043455874781176,0.81,0.98
P02-A0-Lee2019_MI-DNN-EEGNET-P01-L1-LOW-CAL-OFFICIAL-R2:256_PER_CLASS-MR01,Lee2019_MI,DNN-EEGNET,A0-RAW-ACCEPT-ALL,P01-L1-LOW-CAL-OFFICIAL-R2:256_PER_CLASS,1,3,1,100,0.69,0.6615351020853806,0.69,0.8947999999999999
P02-A0-Lee2019_MI-DNN-EEGNET-P01-L1-LOW-CAL-OFFICIAL-R2:256_PER_CLASS-MR01,Lee2019_MI,DNN-EEGNET,A0-RAW-ACCEPT-ALL,P01-L1-LOW-CAL-OFFICIAL-R2:256_PER_CLASS,1,6,1,100,0.6799999999999999,0.6567996567996568,0.68,0.8496
P02-A0-Lee2019_MI-DNN-EEGNET-P01-L1-LOW-CAL-OFFICIAL-R2:256_PER_CLASS-MR01,Lee2019_MI,DNN-EEGNET,A0-RAW-ACCEPT-ALL,P01-L1-LOW-CAL-OFFICIAL-R2:256_PER_CLASS,1,15,1,100,0.58,0.5442708333333334,0.58,0.508
P02-A0-Lee2019_MI-DNN-EEGNET-P01-L1-LOW-CAL-OFFICIAL-R2:256_PER_CLASS-MR01,Lee2019_MI,DNN-EEGNET,A0-RAW-ACCEPT-ALL,P01-L1-LOW-CAL-OFFICIAL-R2:256_PER_CLASS,1,19,1,100,0.6799999999999999,0.6715927750410509,0.68,0.7484
P02-A0-Lee2019_MI-DNN-EEGNET-P01-L1-LOW-CAL-OFFICIAL-R2:256_PER_CLASS-MR01,Lee2019_MI,DNN-EEGNET,A0-RAW-ACCEPT-ALL,P01-L1-LOW-CAL-OFFICIAL-R2:256_PER_CLASS,1,30,1,100,0.5,0.3503118503118503,0.5,0.5132
P02-A0-Lee2019_MI-DNN-EEGNET-P01-L1-LOW-CAL-OFFICIAL-R2:256_PER_CLASS-MR01,Lee2019_MI,DNN-EEGNET,A0-RAW-ACCEPT-ALL,P01-L1-LOW-CAL-OFFICIAL-R2:256_PER_CLASS,1,36,1,100,0.79,0.7863899908452854,0.79,0.9107999999999999
P02-A0-Lee2019_MI-DNN-EEGNET-P01-L1-LOW-CAL-OFFICIAL-R2:256_PER_CLASS-MR02,Lee2019_MI,DNN-EEGNET,A0-RAW-ACCEPT-ALL,P01-L1-LOW-CAL-OFFICIAL-R2:256_PER_CLASS,2,3,1,100,0.84,0.8376623376623377,0.84,0.9368000000000001
P02-A0-Lee2019_MI-DNN-EEGNET-P01-L1-LOW-CAL-OFFICIAL-R2:256_PER_CLASS-MR02,Lee2019_MI,DNN-EEGNET,A0-RAW-ACCEPT-ALL,P01-L1-LOW-CAL-OFFICIAL-R2:256_PER_CLASS,2,6,1,100,0.78,0.7799119647859143,0.78,0.8716
P02-A0-Lee2019_MI-DNN-EEGNET-P01-L1-LOW-CAL-OFFICIAL-R2:256_PER_CLASS-MR02,Lee2019_MI,DNN-EEGNET,A0-RAW-ACCEPT-ALL,P01-L1-LOW-CAL-OFFICIAL-R2:256_PER_CLASS,2,15,1,100,0.52,0.39117199391172,0.52,0.6876
P02-A0-Lee2019_MI-DNN-EEGNET-P01-L1-LOW-CAL-OFFICIAL-R2:256_PER_CLASS-MR02,Lee2019_MI,DNN-EEGNET,A0-RAW-ACCEPT-ALL,P01-L1-LOW-CAL-OFFICIAL-R2:256_PER_CLASS,2,19,1,100,0.72,0.7144022847817217,0.72,0.7924
P02-A0-Lee2019_MI-DNN-EEGNET-P01-L1-LOW-CAL-OFFICIAL-R2:256_PER_CLASS-MR02,Lee2019_MI,DNN-EEGNET,A0-RAW-ACCEPT-ALL,P01-L1-LOW-CAL-OFFICIAL-R2:256_PER_CLASS,2,30,1,100,0.5800000000000001,0.565936337329475,0.58,0.6388
P02-A0-Lee2019_MI-DNN-EEGNET-P01-L1-LOW-CAL-OFFICIAL-R2:256_PER_CLASS-MR02,Lee2019_MI,DNN-EEGNET,A0-RAW-ACCEPT-ALL,P01-L1-LOW-CAL-OFFICIAL-R2:256_PER_CLASS,2,36,1,100,0.9299999999999999,0.9299929992999301,0.93,0.97
P02-A0-Lee2019_MI-DNN-EEGNET-P01-L1-LOW-CAL-OFFICIAL-R2:256_PER_CLASS-MR03,Lee2019_MI,DNN-EEGNET,A0-RAW-ACCEPT-ALL,P01-L1-LOW-CAL-OFFICIAL-R2:256_PER_CLASS,3,3,1,100,0.8,0.797077922077922,0.8,0.8967999999999999
P02-A0-Lee2019_MI-DNN-EEGNET-P01-L1-LOW-CAL-OFFICIAL-R2:256_PER_CLASS-MR03,Lee2019_MI,DNN-EEGNET,A0-RAW-ACCEPT-ALL,P01-L1-LOW-CAL-OFFICIAL-R2:256_PER_CLASS,3,6,1,100,0.81,0.8056265984654731,0.81,0.8848
P02-A0-Lee2019_MI-DNN-EEGNET-P01-L1-LOW-CAL-OFFICIAL-R2:256_PER_CLASS-MR03,Lee2019_MI,DNN-EEGNET,A0-RAW-ACCEPT-ALL,P01-L1-LOW-CAL-OFFICIAL-R2:256_PER_CLASS,3,15,1,100,0.51,0.3551783129359126,0.51,0.48
P02-A0-Lee2019_MI-DNN-EEGNET-P01-L1-LOW-CAL-OFFICIAL-R2:256_PER_CLASS-MR03,Lee2019_MI,DNN-EEGNET,A0-RAW-ACCEPT-ALL,P01-L1-LOW-CAL-OFFICIAL-R2:256_PER_CLASS,3,19,1,100,0.72,0.7189883580891208,0.72,0.8348
P02-A0-Lee2019_MI-DNN-EEGNET-P01-L1-LOW-CAL-OFFICIAL-R2:256_PER_CLASS-MR03,Lee2019_MI,DNN-EEGNET,A0-RAW-ACCEPT-ALL,P01-L1-LOW-CAL-OFFICIAL-R2:256_PER_CLASS,3,30,1,100,0.6,0.5941558441558441,0.6,0.6507999999999999
P02-A0-Lee2019_MI-DNN-EEGNET-P01-L1-LOW-CAL-OFFICIAL-R2:256_PER_CLASS-MR03,Lee2019_MI,DNN-EEGNET,A0-RAW-ACCEPT-ALL,P01-L1-LOW-CAL-OFFICIAL-R2:256_PER_CLASS,3,36,1,100,0.65,0.6011396011396011,0.65,0.9544
P02-A0-Lee2019_MI-DNN-EEGNET-P01-L1-LOW-CAL-OFFICIAL-R2:256_PER_CLASS-MR04,Lee2019_MI,DNN-EEGNET,A0-RAW-ACCEPT-ALL,P01-L1-LOW-CAL-OFFICIAL-R2:256_PER_CLASS,4,3,1,100,0.74,0.7291666666666667,0.74,0.834
P02-A0-Lee2019_MI-DNN-EEGNET-P01-L1-LOW-CAL-OFFICIAL-R2:256_PER_CLASS-MR04,Lee2019_MI,DNN-EEGNET,A0-RAW-ACCEPT-ALL,P01-L1-LOW-CAL-OFFICIAL-R2:256_PER_CLASS,4,6,1,100,0.6,0.5477159656264134,0.6,0.7624
P02-A0-Lee2019_MI-DNN-EEGNET-P01-L1-LOW-CAL-OFFICIAL-R2:256_PER_CLASS-MR04,Lee2019_MI,DNN-EEGNET,A0-RAW-ACCEPT-ALL,P01-L1-LOW-CAL-OFFICIAL-R2:256_PER_CLASS,4,15,1,100,0.58,0.5495495495495495,0.58,0.6696
P02-A0-Lee2019_MI-DNN-EEGNET-P01-L1-LOW-CAL-OFFICIAL-R2:256_PER_CLASS-MR04,Lee2019_MI,DNN-EEGNET,A0-RAW-ACCEPT-ALL,P01-L1-LOW-CAL-OFFICIAL-R2:256_PER_CLASS,4,19,1,100,0.59,0.5577607593571352,0.59,0.7584
P02-A0-Lee2019_MI-DNN-EEGNET-P01-L1-LOW-CAL-OFFICIAL-R2:256_PER_CLASS-MR04,Lee2019_MI,DNN-EEGNET,A0-RAW-ACCEPT-ALL,P01-L1-LOW-CAL-OFFICIAL-R2:256_PER_CLASS,4,30,1,100,0.54,0.47150735294117646,0.54,0.5524
P02-A0-Lee2019_MI-DNN-EEGNET-P01-L1-LOW-CAL-OFFICIAL-R2:256_PER_CLASS-MR04,Lee2019_MI,DNN-EEGNET,A0-RAW-ACCEPT-ALL,P01-L1-LOW-CAL-OFFICIAL-R2:256_PER_CLASS,4,36,1,100,0.5700000000000001,0.4724573671942093,0.57,0.9328
P02-A0-Lee2019_MI-RIE-TS-LR-P01-L1-LOW-CAL-OFFICIAL-R2:256_PER_CLASS-MR00,Lee2019_MI,RIE-TS-LR,A0-RAW-ACCEPT-ALL,P01-L1-LOW-CAL-OFFICIAL-R2:256_PER_CLASS,0,3,1,100,0.86,0.8572011423908609,0.86,0.9828
P02-A0-Lee2019_MI-RIE-TS-LR-P01-L1-LOW-CAL-OFFICIAL-R2:256_PER_CLASS-MR00,Lee2019_MI,RIE-TS-LR,A0-RAW-ACCEPT-ALL,P01-L1-LOW-CAL-OFFICIAL-R2:256_PER_CLASS,0,6,1,100,0.52,0.39117199391172,0.52,0.6060000000000001
P02-A0-Lee2019_MI-RIE-TS-LR-P01-L1-LOW-CAL-OFFICIAL-R2:256_PER_CLASS-MR00,Lee2019_MI,RIE-TS-LR,A0-RAW-ACCEPT-ALL,P01-L1-LOW-CAL-OFFICIAL-R2:256_PER_CLASS,0,15,1,100,0.6799999999999999,0.6567996567996568,0.68,0.8071999999999999
P02-A0-Lee2019_MI-RIE-TS-LR-P01-L1-LOW-CAL-OFFICIAL-R2:256_PER_CLASS-MR00,Lee2019_MI,RIE-TS-LR,A0-RAW-ACCEPT-ALL,P01-L1-LOW-CAL-OFFICIAL-R2:256_PER_CLASS,0,19,1,100,0.71,0.7092731829573935,0.71,0.7984
P02-A0-Lee2019_MI-RIE-TS-LR-P01-L1-LOW-CAL-OFFICIAL-R2:256_PER_CLASS-MR00,Lee2019_MI,RIE-TS-LR,A0-RAW-ACCEPT-ALL,P01-L1-LOW-CAL-OFFICIAL-R2:256_PER_CLASS,0,30,1,100,0.5900000000000001,0.5464100011063171,0.59,0.7143999999999999
P02-A0-Lee2019_MI-RIE-TS-LR-P01-L1-LOW-CAL-OFFICIAL-R2:256_PER_CLASS-MR00,Lee2019_MI,RIE-TS-LR,A0-RAW-ACCEPT-ALL,P01-L1-LOW-CAL-OFFICIAL-R2:256_PER_CLASS,0,36,1,100,0.96,0.9599358974358975,0.96,1.0
P02-A0-Lee2019_MI-SSL-CBRAMOD-P01-L1-LOW-CAL-OFFICIAL-R2:256_PER_CLASS-MR00,Lee2019_MI,SSL-CBRAMOD,A0-RAW-ACCEPT-ALL,P01-L1-LOW-CAL-OFFICIAL-R2:256_PER_CLASS,0,3,1,100,0.58,0.5716034271725826,0.58,0.5684
P02-A0-Lee2019_MI-SSL-CBRAMOD-P01-L1-LOW-CAL-OFFICIAL-R2:256_PER_CLASS-MR00,Lee2019_MI,SSL-CBRAMOD,A0-RAW-ACCEPT-ALL,P01-L1-LOW-CAL-OFFICIAL-R2:256_PER_CLASS,0,6,1,100,0.55,0.5396419437340154,0.55,0.5428
P02-A0-Lee2019_MI-SSL-CBRAMOD-P01-L1-LOW-CAL-OFFICIAL-R2:256_PER_CLASS-MR00,Lee2019_MI,SSL-CBRAMOD,A0-RAW-ACCEPT-ALL,P01-L1-LOW-CAL-OFFICIAL-R2:256_PER_CLASS,0,15,1,100,0.55,0.5396419437340154,0.55,0.53
P02-A0-Lee2019_MI-SSL-CBRAMOD-P01-L1-LOW-CAL-OFFICIAL-R2:256_PER_CLASS-MR00,Lee2019_MI,SSL-CBRAMOD,A0-RAW-ACCEPT-ALL,P01-L1-LOW-CAL-OFFICIAL-R2:256_PER_CLASS,0,19,1,100,0.58,0.5716034271725826,0.58,0.6096
P02-A0-Lee2019_MI-SSL-CBRAMOD-P01-L1-LOW-CAL-OFFICIAL-R2:256_PER_CLASS-MR00,Lee2019_MI,SSL-CBRAMOD,A0-RAW-ACCEPT-ALL,P01-L1-LOW-CAL-OFFICIAL-R2:256_PER_CLASS,0,30,1,100,0.57,0.5413333333333333,0.57,0.6144000000000001
P02-A0-Lee2019_MI-SSL-CBRAMOD-P01-L1-LOW-CAL-OFFICIAL-R2:256_PER_CLASS-MR00,Lee2019_MI,SSL-CBRAMOD,A0-RAW-ACCEPT-ALL,P01-L1-LOW-CAL-OFFICIAL-R2:256_PER_CLASS,0,36,1,100,0.57,0.5413333333333333,0.57,0.6564
P02-A0-Lee2019_MI-SSL-CBRAMOD-P01-L1-LOW-CAL-OFFICIAL-R2:256_PER_CLASS-MR01,Lee2019_MI,SSL-CBRAMOD,A0-RAW-ACCEPT-ALL,P01-L1-LOW-CAL-OFFICIAL-R2:256_PER_CLASS,1,3,1,100,0.63,0.62996299629963,0.63,0.6652
P02-A0-Lee2019_MI-SSL-CBRAMOD-P01-L1-LOW-CAL-OFFICIAL-R2:256_PER_CLASS-MR01,Lee2019_MI,SSL-CBRAMOD,A0-RAW-ACCEPT-ALL,P01-L1-LOW-CAL-OFFICIAL-R2:256_PER_CLASS,1,6,1,100,0.44,0.4363929146537842,0.44,0.44240000000000007
P02-A0-Lee2019_MI-SSL-CBRAMOD-P01-L1-LOW-CAL-OFFICIAL-R2:256_PER_CLASS-MR01,Lee2019_MI,SSL-CBRAMOD,A0-RAW-ACCEPT-ALL,P01-L1-LOW-CAL-OFFICIAL-R2:256_PER_CLASS,1,15,1,100,0.58,0.5543293718166383,0.58,0.5535999999999999
P02-A0-Lee2019_MI-SSL-CBRAMOD-P01-L1-LOW-CAL-OFFICIAL-R2:256_PER_CLASS-MR01,Lee2019_MI,SSL-CBRAMOD,A0-RAW-ACCEPT-ALL,P01-L1-LOW-CAL-OFFICIAL-R2:256_PER_CLASS,1,19,1,100,0.61,0.6010230179028133,0.61,0.6180000000000001
P02-A0-Lee2019_MI-SSL-CBRAMOD-P01-L1-LOW-CAL-OFFICIAL-R2:256_PER_CLASS-MR01,Lee2019_MI,SSL-CBRAMOD,A0-RAW-ACCEPT-ALL,P01-L1-LOW-CAL-OFFICIAL-R2:256_PER_CLASS,1,30,1,100,0.53,0.5295766189570613,0.53,0.5788
P02-A0-Lee2019_MI-SSL-CBRAMOD-P01-L1-LOW-CAL-OFFICIAL-R2:256_PER_CLASS-MR01,Lee2019_MI,SSL-CBRAMOD,A0-RAW-ACCEPT-ALL,P01-L1-LOW-CAL-OFFICIAL-R2:256_PER_CLASS,1,36,1,100,0.59,0.5577607593571352,0.59,0.7104000000000001
P02-A0-Lee2019_MI-SSL-CBRAMOD-P01-L1-LOW-CAL-OFFICIAL-R2:256_PER_CLASS-MR02,Lee2019_MI,SSL-CBRAMOD,A0-RAW-ACCEPT-ALL,P01-L1-LOW-CAL-OFFICIAL-R2:256_PER_CLASS,2,3,1,100,0.65,0.6457131288591963,0.65,0.6784
P02-A0-Lee2019_MI-SSL-CBRAMOD-P01-L1-LOW-CAL-OFFICIAL-R2:256_PER_CLASS-MR02,Lee2019_MI,SSL-CBRAMOD,A0-RAW-ACCEPT-ALL,P01-L1-LOW-CAL-OFFICIAL-R2:256_PER_CLASS,2,6,1,100,0.47,0.468671679197995,0.47,0.45039999999999997
P02-A0-Lee2019_MI-SSL-CBRAMOD-P01-L1-LOW-CAL-OFFICIAL-R2:256_PER_CLASS-MR02,Lee2019_MI,SSL-CBRAMOD,A0-RAW-ACCEPT-ALL,P01-L1-LOW-CAL-OFFICIAL-R2:256_PER_CLASS,2,15,1,100,0.54,0.5245969408846631,0.54,0.5404
P02-A0-Lee2019_MI-SSL-CBRAMOD-P01-L1-LOW-CAL-OFFICIAL-R2:256_PER_CLASS-MR02,Lee2019_MI,SSL-CBRAMOD,A0-RAW-ACCEPT-ALL,P01-L1-LOW-CAL-OFFICIAL-R2:256_PER_CLASS,2,19,1,100,0.5700000000000001,0.567882624861823,0.57,0.5756
P02-A0-Lee2019_MI-SSL-CBRAMOD-P01-L1-LOW-CAL-OFFICIAL-R2:256_PER_CLASS-MR02,Lee2019_MI,SSL-CBRAMOD,A0-RAW-ACCEPT-ALL,P01-L1-LOW-CAL-OFFICIAL-R2:256_PER_CLASS,2,30,1,100,0.56,0.5592948717948718,0.56,0.6064
P02-A0-Lee2019_MI-SSL-CBRAMOD-P01-L1-LOW-CAL-OFFICIAL-R2:256_PER_CLASS-MR02,Lee2019_MI,SSL-CBRAMOD,A0-RAW-ACCEPT-ALL,P01-L1-LOW-CAL-OFFICIAL-R2:256_PER_CLASS,2,36,1,100,0.59,0.5805626598465473,0.59,0.6688000000000001
P02-A0-Lee2019_MI-SSL-CBRAMOD-P01-L1-LOW-CAL-OFFICIAL-R2:256_PER_CLASS-MR03,Lee2019_MI,SSL-CBRAMOD,A0-RAW-ACCEPT-ALL,P01-L1-LOW-CAL-OFFICIAL-R2:256_PER_CLASS,3,3,1,100,0.56,0.5571658615136876,0.56,0.6004
P02-A0-Lee2019_MI-SSL-CBRAMOD-P01-L1-LOW-CAL-OFFICIAL-R2:256_PER_CLASS-MR03,Lee2019_MI,SSL-CBRAMOD,A0-RAW-ACCEPT-ALL,P01-L1-LOW-CAL-OFFICIAL-R2:256_PER_CLASS,3,6,1,100,0.52,0.5,0.52,0.4968000000000001
P02-A0-Lee2019_MI-SSL-CBRAMOD-P01-L1-LOW-CAL-OFFICIAL-R2:256_PER_CLASS-MR03,Lee2019_MI,SSL-CBRAMOD,A0-RAW-ACCEPT-ALL,P01-L1-LOW-CAL-OFFICIAL-R2:256_PER_CLASS,3,15,1,100,0.5,0.46374946374946374,0.5,0.5284
P02-A0-Lee2019_MI-SSL-CBRAMOD-P01-L1-LOW-CAL-OFFICIAL-R2:256_PER_CLASS-MR03,Lee2019_MI,SSL-CBRAMOD,A0-RAW-ACCEPT-ALL,P01-L1-LOW-CAL-OFFICIAL-R2:256_PER_CLASS,3,19,1,100,0.57,0.5601023017902813,0.57,0.6003999999999999
P02-A0-Lee2019_MI-SSL-CBRAMOD-P01-L1-LOW-CAL-OFFICIAL-R2:256_PER_CLASS-MR03,Lee2019_MI,SSL-CBRAMOD,A0-RAW-ACCEPT-ALL,P01-L1-LOW-CAL-OFFICIAL-R2:256_PER_CLASS,3,30,1,100,0.5700000000000001,0.5664885573142454,0.57,0.5804
P02-A0-Lee2019_MI-SSL-CBRAMOD-P01-L1-LOW-CAL-OFFICIAL-R2:256_PER_CLASS-MR03,Lee2019_MI,SSL-CBRAMOD,A0-RAW-ACCEPT-ALL,P01-L1-LOW-CAL-OFFICIAL-R2:256_PER_CLASS,3,36,1,100,0.57,0.5361881134721174,0.57,0.6968
P02-A0-Lee2019_MI-SSL-CBRAMOD-P01-L1-LOW-CAL-OFFICIAL-R2:256_PER_CLASS-MR04,Lee2019_MI,SSL-CBRAMOD,A0-RAW-ACCEPT-ALL,P01-L1-LOW-CAL-OFFICIAL-R2:256_PER_CLASS,4,3,1,100,0.62,0.6193910256410255,0.62,0.6728000000000001
P02-A0-Lee2019_MI-SSL-CBRAMOD-P01-L1-LOW-CAL-OFFICIAL-R2:256_PER_CLASS-MR04,Lee2019_MI,SSL-CBRAMOD,A0-RAW-ACCEPT-ALL,P01-L1-LOW-CAL-OFFICIAL-R2:256_PER_CLASS,4,6,1,100,0.5,0.49269480519480524,0.5,0.47679999999999995
P02-A0-Lee2019_MI-SSL-CBRAMOD-P01-L1-LOW-CAL-OFFICIAL-R2:256_PER_CLASS-MR04,Lee2019_MI,SSL-CBRAMOD,A0-RAW-ACCEPT-ALL,P01-L1-LOW-CAL-OFFICIAL-R2:256_PER_CLASS,4,15,1,100,0.54,0.5245969408846631,0.54,0.5736
P02-A0-Lee2019_MI-SSL-CBRAMOD-P01-L1-LOW-CAL-OFFICIAL-R2:256_PER_CLASS-MR04,Lee2019_MI,SSL-CBRAMOD,A0-RAW-ACCEPT-ALL,P01-L1-LOW-CAL-OFFICIAL-R2:256_PER_CLASS,4,19,1,100,0.55,0.5396419437340154,0.55,0.54
P02-A0-Lee2019_MI-SSL-CBRAMOD-P01-L1-LOW-CAL-OFFICIAL-R2:256_PER_CLASS-MR04,Lee2019_MI,SSL-CBRAMOD,A0-RAW-ACCEPT-ALL,P01-L1-LOW-CAL-OFFICIAL-R2:256_PER_CLASS,4,30,1,100,0.56,0.56,0.56,0.626
P02-A0-Lee2019_MI-SSL-CBRAMOD-P01-L1-LOW-CAL-OFFICIAL-R2:256_PER_CLASS-MR04,Lee2019_MI,SSL-CBRAMOD,A0-RAW-ACCEPT-ALL,P01-L1-LOW-CAL-OFFICIAL-R2:256_PER_CLASS,4,36,1,100,0.56,0.5225694444444444,0.56,0.6859999999999999
P02-A0-PhysioNetMI-CLS-CSP-LDA-P01-L1-LOW-CAL-OFFICIAL-R2:256_PER_CLASS-MR00,PhysioNetMI,CLS-CSP-LDA,A0-RAW-ACCEPT-ALL,P01-L1-LOW-CAL-OFFICIAL-R2:256_PER_CLASS,0,6,0,45,0.4880952380952381,0.41810344827586204,0.4666666666666667,0.5734126984126984
P02-A0-PhysioNetMI-CLS-CSP-LDA-P01-L1-LOW-CAL-OFFICIAL-R2:256_PER_CLASS-MR00,PhysioNetMI,CLS-CSP-LDA,A0-RAW-ACCEPT-ALL,P01-L1-LOW-CAL-OFFICIAL-R2:256_PER_CLASS,0,27,0,45,0.49011857707509876,0.48787728847105394,0.4888888888888889,0.5790513833992095
P02-A0-PhysioNetMI-CLS-CSP-LDA-P01-L1-LOW-CAL-OFFICIAL-R2:256_PER_CLASS-MR00,PhysioNetMI,CLS-CSP-LDA,A0-RAW-ACCEPT-ALL,P01-L1-LOW-CAL-OFFICIAL-R2:256_PER_CLASS,0,39,0,45,0.5,0.3382352941176471,0.5111111111111111,0.5375494071146245
P02-A0-PhysioNetMI-CLS-CSP-LDA-P01-L1-LOW-CAL-OFFICIAL-R2:256_PER_CLASS-MR00,PhysioNetMI,CLS-CSP-LDA,A0-RAW-ACCEPT-ALL,P01-L1-LOW-CAL-OFFICIAL-R2:256_PER_CLASS,0,40,0,45,0.47619047619047616,0.4623376623376623,0.4888888888888889,0.47023809523809523
P02-A0-PhysioNetMI-CLS-CSP-LDA-P01-L1-LOW-CAL-OFFICIAL-R2:256_PER_CLASS-MR00,PhysioNetMI,CLS-CSP-LDA,A0-RAW-ACCEPT-ALL,P01-L1-LOW-CAL-OFFICIAL-R2:256_PER_CLASS,0,47,0,45,0.4732142857142857,0.4642857142857143,0.4666666666666667,0.45634920634920634
P02-A0-PhysioNetMI-CLS-CSP-LDA-P01-L1-LOW-CAL-OFFICIAL-R2:256_PER_CLASS-MR00,PhysioNetMI,CLS-CSP-LDA,A0-RAW-ACCEPT-ALL,P01-L1-LOW-CAL-OFFICIAL-R2:256_PER_CLASS,0,48,0,45,0.6462450592885376,0.6428571428571428,0.6444444444444445,0.6739130434782609
P02-A0-PhysioNetMI-CLS-CSP-LDA-P01-L1-LOW-CAL-OFFICIAL-R2:256_PER_CLASS-MR00,PhysioNetMI,CLS-CSP-LDA,A0-RAW-ACCEPT-ALL,P01-L1-LOW-CAL-OFFICIAL-R2:256_PER_CLASS,0,57,0,45,0.6369047619047619,0.6356275303643725,0.6444444444444445,0.638888888888889
P02-A0-PhysioNetMI-CLS-CSP-LDA-P01-L1-LOW-CAL-OFFICIAL-R2:256_PER_CLASS-MR00,PhysioNetMI,CLS-CSP-LDA,A0-RAW-ACCEPT-ALL,P01-L1-LOW-CAL-OFFICIAL-R2:256_PER_CLASS,0,71,0,45,0.6857707509881423,0.6811740890688258,0.6888888888888889,0.7154150197628459
P02-A0-PhysioNetMI-CLS-CSP-LDA-P01-L1-LOW-CAL-OFFICIAL-R2:256_PER_CLASS-MR00,PhysioNetMI,CLS-CSP-LDA,A0-RAW-ACCEPT-ALL,P01-L1-LOW-CAL-OFFICIAL-R2:256_PER_CLASS,0,93,0,45,0.7075098814229248,0.7016828148903621,0.7111111111111111,0.8557312252964427
P02-A0-PhysioNetMI-CLS-CSP-LDA-P01-L1-LOW-CAL-OFFICIAL-R2:256_PER_CLASS-MR00,PhysioNetMI,CLS-CSP-LDA,A0-RAW-ACCEPT-ALL,P01-L1-LOW-CAL-OFFICIAL-R2:256_PER_CLASS,0,98,0,45,0.5039525691699605,0.44999999999999996,0.5111111111111111,0.5790513833992095
P02-A0-PhysioNetMI-CLS-CSP-LDA-P01-L1-LOW-CAL-OFFICIAL-R2:256_PER_CLASS-MR00,PhysioNetMI,CLS-CSP-LDA,A0-RAW-ACCEPT-ALL,P01-L1-LOW-CAL-OFFICIAL-R2:256_PER_CLASS,0,107,0,45,0.5119047619047619,0.434117003827228,0.4888888888888889,0.5337301587301587
P02-A0-PhysioNetMI-DNN-EEGNET-P01-L1-LOW-CAL-OFFICIAL-R2:256_PER_CLASS-MR00,PhysioNetMI,DNN-EEGNET,A0-RAW-ACCEPT-ALL,P01-L1-LOW-CAL-OFFICIAL-R2:256_PER_CLASS,0,6,0,45,0.5089285714285714,0.44976076555023925,0.4888888888888889,0.4464285714285714
P02-A0-PhysioNetMI-DNN-EEGNET-P01-L1-LOW-CAL-OFFICIAL-R2:256_PER_CLASS-MR00,PhysioNetMI,DNN-EEGNET,A0-RAW-ACCEPT-ALL,P01-L1-LOW-CAL-OFFICIAL-R2:256_PER_CLASS,0,27,0,45,0.4051383399209486,0.3688311688311688,0.4,0.5138339920948617
P02-A0-PhysioNetMI-DNN-EEGNET-P01-L1-LOW-CAL-OFFICIAL-R2:256_PER_CLASS-MR00,PhysioNetMI,DNN-EEGNET,A0-RAW-ACCEPT-ALL,P01-L1-LOW-CAL-OFFICIAL-R2:256_PER_CLASS,0,39,0,45,0.5138339920948617,0.505,0.5111111111111111,0.5355731225296443
P02-A0-PhysioNetMI-DNN-EEGNET-P01-L1-LOW-CAL-OFFICIAL-R2:256_PER_CLASS-MR00,PhysioNetMI,DNN-EEGNET,A0-RAW-ACCEPT-ALL,P01-L1-LOW-CAL-OFFICIAL-R2:256_PER_CLASS,0,40,0,45,0.5595238095238095,0.5553359683794465,0.5555555555555556,0.6626984126984127
P02-A0-PhysioNetMI-DNN-EEGNET-P01-L1-LOW-CAL-OFFICIAL-R2:256_PER_CLASS-MR00,PhysioNetMI,DNN-EEGNET,A0-RAW-ACCEPT-ALL,P01-L1-LOW-CAL-OFFICIAL-R2:256_PER_CLASS,0,47,0,45,0.5,0.3181818181818182,0.4666666666666667,0.5992063492063492
P02-A0-PhysioNetMI-DNN-EEGNET-P01-L1-LOW-CAL-OFFICIAL-R2:256_PER_CLASS-MR00,PhysioNetMI,DNN-EEGNET,A0-RAW-ACCEPT-ALL,P01-L1-LOW-CAL-OFFICIAL-R2:256_PER_CLASS,0,48,0,45,0.6946640316205533,0.6691176470588236,0.6888888888888889,0.8280632411067194
P02-A0-PhysioNetMI-DNN-EEGNET-P01-L1-LOW-CAL-OFFICIAL-R2:256_PER_CLASS-MR00,PhysioNetMI,DNN-EEGNET,A0-RAW-ACCEPT-ALL,P01-L1-LOW-CAL-OFFICIAL-R2:256_PER_CLASS,0,57,0,45,0.6607142857142857,0.6296296296296297,0.6444444444444445,0.7599206349206349
P02-A0-PhysioNetMI-DNN-EEGNET-P01-L1-LOW-CAL-OFFICIAL-R2:256_PER_CLASS-MR00,PhysioNetMI,DNN-EEGNET,A0-RAW-ACCEPT-ALL,P01-L1-LOW-CAL-OFFICIAL-R2:256_PER_CLASS,0,71,0,45,0.691699604743083,0.685,0.6888888888888889,0.7529644268774703
P02-A0-PhysioNetMI-DNN-EEGNET-P01-L1-LOW-CAL-OFFICIAL-R2:256_PER_CLASS-MR00,PhysioNetMI,DNN-EEGNET,A0-RAW-ACCEPT-ALL,P01-L1-LOW-CAL-OFFICIAL-R2:256_PER_CLASS,0,93,0,45,0.6936758893280632,0.6759259259259259,0.6888888888888889,0.8893280632411068
P02-A0-PhysioNetMI-DNN-EEGNET-P01-L1-LOW-CAL-OFFICIAL-R2:256_PER_CLASS-MR00,PhysioNetMI,DNN-EEGNET,A0-RAW-ACCEPT-ALL,P01-L1-LOW-CAL-OFFICIAL-R2:256_PER_CLASS,0,98,0,45,0.5138339920948617,0.505,0.5111111111111111,0.525691699604743
P02-A0-PhysioNetMI-DNN-EEGNET-P01-L1-LOW-CAL-OFFICIAL-R2:256_PER_CLASS-MR00,PhysioNetMI,DNN-EEGNET,A0-RAW-ACCEPT-ALL,P01-L1-LOW-CAL-OFFICIAL-R2:256_PER_CLASS,0,107,0,45,0.46130952380952384,0.41558441558441556,0.4444444444444444,0.5257936507936508
P02-A0-PhysioNetMI-DNN-EEGNET-P01-L1-LOW-CAL-OFFICIAL-R2:256_PER_CLASS-MR01,PhysioNetMI,DNN-EEGNET,A0-RAW-ACCEPT-ALL,P01-L1-LOW-CAL-OFFICIAL-R2:256_PER_CLASS,1,6,0,45,0.5148809523809523,0.41492368569813454,0.4888888888888889,0.5357142857142858
P02-A0-PhysioNetMI-DNN-EEGNET-P01-L1-LOW-CAL-OFFICIAL-R2:256_PER_CLASS-MR01,PhysioNetMI,DNN-EEGNET,A0-RAW-ACCEPT-ALL,P01-L1-LOW-CAL-OFFICIAL-R2:256_PER_CLASS,1,27,0,45,0.5800395256916996,0.5744151319064211,0.5777777777777777,0.5849802371541502
P02-A0-PhysioNetMI-DNN-EEGNET-P01-L1-LOW-CAL-OFFICIAL-R2:256_PER_CLASS-MR01,PhysioNetMI,DNN-EEGNET,A0-RAW-ACCEPT-ALL,P01-L1-LOW-CAL-OFFICIAL-R2:256_PER_CLASS,1,39,0,45,0.6847826086956521,0.6759259259259259,0.6888888888888889,0.7905138339920948
P02-A0-PhysioNetMI-DNN-EEGNET-P01-L1-LOW-CAL-OFFICIAL-R2:256_PER_CLASS-MR01,PhysioNetMI,DNN-EEGNET,A0-RAW-ACCEPT-ALL,P01-L1-LOW-CAL-OFFICIAL-R2:256_PER_CLASS,1,40,0,45,0.5892857142857143,0.5701357466063348,0.5777777777777777,0.4900793650793651
P02-A0-PhysioNetMI-DNN-EEGNET-P01-L1-LOW-CAL-OFFICIAL-R2:256_PER_CLASS-MR01,PhysioNetMI,DNN-EEGNET,A0-RAW-ACCEPT-ALL,P01-L1-LOW-CAL-OFFICIAL-R2:256_PER_CLASS,1,47,0,45,0.5416666666666666,0.4050480769230769,0.5111111111111111,0.6428571428571428
P02-A0-PhysioNetMI-DNN-EEGNET-P01-L1-LOW-CAL-OFFICIAL-R2:256_PER_CLASS-MR01,PhysioNetMI,DNN-EEGNET,A0-RAW-ACCEPT-ALL,P01-L1-LOW-CAL-OFFICIAL-R2:256_PER_CLASS,1,48,0,45,0.7806324110671936,0.775,0.7777777777777778,0.8992094861660079
P02-A0-PhysioNetMI-DNN-EEGNET-P01-L1-LOW-CAL-OFFICIAL-R2:256_PER_CLASS-MR01,PhysioNetMI,DNN-EEGNET,A0-RAW-ACCEPT-ALL,P01-L1-LOW-CAL-OFFICIAL-R2:256_PER_CLASS,1,57,0,45,0.5982142857142857,0.5982142857142857,0.6,0.6408730158730159
P02-A0-PhysioNetMI-DNN-EEGNET-P01-L1-LOW-CAL-OFFICIAL-R2:256_PER_CLASS-MR01,PhysioNetMI,DNN-EEGNET,A0-RAW-ACCEPT-ALL,P01-L1-LOW-CAL-OFFICIAL-R2:256_PER_CLASS,1,71,0,45,0.7796442687747036,0.7767857142857142,0.7777777777777778,0.857707509881423
P02-A0-PhysioNetMI-DNN-EEGNET-P01-L1-LOW-CAL-OFFICIAL-R2:256_PER_CLASS-MR01,PhysioNetMI,DNN-EEGNET,A0-RAW-ACCEPT-ALL,P01-L1-LOW-CAL-OFFICIAL-R2:256_PER_CLASS,1,93,0,45,0.6511857707509882,0.6120689655172413,0.6444444444444445,0.8972332015810277
P02-A0-PhysioNetMI-DNN-EEGNET-P01-L1-LOW-CAL-OFFICIAL-R2:256_PER_CLASS-MR01,PhysioNetMI,DNN-EEGNET,A0-RAW-ACCEPT-ALL,P01-L1-LOW-CAL-OFFICIAL-R2:256_PER_CLASS,1,98,0,45,0.47430830039525695,0.4,0.4666666666666667,0.5553359683794465
P02-A0-PhysioNetMI-DNN-EEGNET-P01-L1-LOW-CAL-OFFICIAL-R2:256_PER_CLASS-MR01,PhysioNetMI,DNN-EEGNET,A0-RAW-ACCEPT-ALL,P01-L1-LOW-CAL-OFFICIAL-R2:256_PER_CLASS,1,107,0,45,0.5,0.4796380090497738,0.4888888888888889,0.6507936507936507
P02-A0-PhysioNetMI-DNN-EEGNET-P01-L1-LOW-CAL-OFFICIAL-R2:256_PER_CLASS-MR02,PhysioNetMI,DNN-EEGNET,A0-RAW-ACCEPT-ALL,P01-L1-LOW-CAL-OFFICIAL-R2:256_PER_CLASS,2,6,0,45,0.5208333333333333,0.505,0.5111111111111111,0.5714285714285714
P02-A0-PhysioNetMI-DNN-EEGNET-P01-L1-LOW-CAL-OFFICIAL-R2:256_PER_CLASS-MR02,PhysioNetMI,DNN-EEGNET,A0-RAW-ACCEPT-ALL,P01-L1-LOW-CAL-OFFICIAL-R2:256_PER_CLASS,2,27,0,45,0.4950592885375494,0.44976076555023925,0.4888888888888889,0.5474308300395258
P02-A0-PhysioNetMI-DNN-EEGNET-P01-L1-LOW-CAL-OFFICIAL-R2:256_PER_CLASS-MR02,PhysioNetMI,DNN-EEGNET,A0-RAW-ACCEPT-ALL,P01-L1-LOW-CAL-OFFICIAL-R2:256_PER_CLASS,2,39,0,45,0.5148221343873518,0.4989878542510121,0.5111111111111111,0.5849802371541502
P02-A0-PhysioNetMI-DNN-EEGNET-P01-L1-LOW-CAL-OFFICIAL-R2:256_PER_CLASS-MR02,PhysioNetMI,DNN-EEGNET,A0-RAW-ACCEPT-ALL,P01-L1-LOW-CAL-OFFICIAL-R2:256_PER_CLASS,2,40,0,45,0.5208333333333333,0.505,0.5111111111111111,0.5376984126984127
P02-A0-PhysioNetMI-DNN-EEGNET-P01-L1-LOW-CAL-OFFICIAL-R2:256_PER_CLASS-MR02,PhysioNetMI,DNN-EEGNET,A0-RAW-ACCEPT-ALL,P01-L1-LOW-CAL-OFFICIAL-R2:256_PER_CLASS,2,47,0,45,0.5208333333333334,0.3630769230769231,0.4888888888888889,0.5972222222222223
P02-A0-PhysioNetMI-DNN-EEGNET-P01-L1-LOW-CAL-OFFICIAL-R2:256_PER_CLASS-MR02,PhysioNetMI,DNN-EEGNET,A0-RAW-ACCEPT-ALL,P01-L1-LOW-CAL-OFFICIAL-R2:256_PER_CLASS,2,48,0,45,0.6709486166007905,0.6557878633350331,0.6666666666666666,0.7450592885375494
P02-A0-PhysioNetMI-DNN-EEGNET-P01-L1-LOW-CAL-OFFICIAL-R2:256_PER_CLASS-MR02,PhysioNetMI,DNN-EEGNET,A0-RAW-ACCEPT-ALL,P01-L1-LOW-CAL-OFFICIAL-R2:256_PER_CLASS,2,57,0,45,0.5416666666666666,0.4050480769230769,0.5111111111111111,0.5892857142857143
P02-A0-PhysioNetMI-DNN-EEGNET-P01-L1-LOW-CAL-OFFICIAL-R2:256_PER_CLASS-MR02,PhysioNetMI,DNN-EEGNET,A0-RAW-ACCEPT-ALL,P01-L1-LOW-CAL-OFFICIAL-R2:256_PER_CLASS,2,71,0,45,0.7292490118577075,0.7222222222222222,0.7333333333333333,0.8102766798418972
P02-A0-PhysioNetMI-DNN-EEGNET-P01-L1-LOW-CAL-OFFICIAL-R2:256_PER_CLASS-MR02,PhysioNetMI,DNN-EEGNET,A0-RAW-ACCEPT-ALL,P01-L1-LOW-CAL-OFFICIAL-R2:256_PER_CLASS,2,93,0,45,0.7588932806324111,0.751131221719457,0.7555555555555555,0.8992094861660079
P02-A0-PhysioNetMI-DNN-EEGNET-P01-L1-LOW-CAL-OFFICIAL-R2:256_PER_CLASS-MR02,PhysioNetMI,DNN-EEGNET,A0-RAW-ACCEPT-ALL,P01-L1-LOW-CAL-OFFICIAL-R2:256_PER_CLASS,2,98,0,45,0.5375494071146245,0.5181030086690463,0.5333333333333333,0.5770750988142292
P02-A0-PhysioNetMI-DNN-EEGNET-P01-L1-LOW-CAL-OFFICIAL-R2:256_PER_CLASS-MR02,PhysioNetMI,DNN-EEGNET,A0-RAW-ACCEPT-ALL,P01-L1-LOW-CAL-OFFICIAL-R2:256_PER_CLASS,2,107,0,45,0.44047619047619047,0.38550420168067223,0.4222222222222222,0.5674603174603174
P02-A0-PhysioNetMI-DNN-EEGNET-P01-L1-LOW-CAL-OFFICIAL-R2:256_PER_CLASS-MR03,PhysioNetMI,DNN-EEGNET,A0-RAW-ACCEPT-ALL,P01-L1-LOW-CAL-OFFICIAL-R2:256_PER_CLASS,3,6,0,45,0.5386904761904762,0.42972350230414746,0.5111111111111111,0.4583333333333333
P02-A0-PhysioNetMI-DNN-EEGNET-P01-L1-LOW-CAL-OFFICIAL-R2:256_PER_CLASS-MR03,PhysioNetMI,DNN-EEGNET,A0-RAW-ACCEPT-ALL,P01-L1-LOW-CAL-OFFICIAL-R2:256_PER_CLASS,3,27,0,45,0.4535573122529644,0.3386243386243386,0.4444444444444444,0.5612648221343873
P02-A0-PhysioNetMI-DNN-EEGNET-P01-L1-LOW-CAL-OFFICIAL-R2:256_PER_CLASS-MR03,PhysioNetMI,DNN-EEGNET,A0-RAW-ACCEPT-ALL,P01-L1-LOW-CAL-OFFICIAL-R2:256_PER_CLASS,3,39,0,45,0.4772727272727273,0.3181818181818182,0.4666666666666667,0.5118577075098815
P02-A0-PhysioNetMI-DNN-EEGNET-P01-L1-LOW-CAL-OFFICIAL-R2:256_PER_CLASS-MR03,PhysioNetMI,DNN-EEGNET,A0-RAW-ACCEPT-ALL,P01-L1-LOW-CAL-OFFICIAL-R2:256_PER_CLASS,3,40,0,45,0.5119047619047619,0.465799886941775,0.5333333333333333,0.4543650793650794
P02-A0-PhysioNetMI-DNN-EEGNET-P01-L1-LOW-CAL-OFFICIAL-R2:256_PER_CLASS-MR03,PhysioNetMI,DNN-EEGNET,A0-RAW-ACCEPT-ALL,P01-L1-LOW-CAL-OFFICIAL-R2:256_PER_CLASS,3,47,0,45,0.5,0.34782608695652173,0.5333333333333333,0.611111111111111
P02-A0-PhysioNetMI-DNN-EEGNET-P01-L1-LOW-CAL-OFFICIAL-R2:256_PER_CLASS-MR03,PhysioNetMI,DNN-EEGNET,A0-RAW-ACCEPT-ALL,P01-L1-LOW-CAL-OFFICIAL-R2:256_PER_CLASS,3,48,0,45,0.7519762845849802,0.7475777664456911,0.7555555555555555,0.808300395256917
P02-A0-PhysioNetMI-DNN-EEGNET-P01-L1-LOW-CAL-OFFICIAL-R2:256_PER_CLASS-MR03,PhysioNetMI,DNN-EEGNET,A0-RAW-ACCEPT-ALL,P01-L1-LOW-CAL-OFFICIAL-R2:256_PER_CLASS,3,57,0,45,0.47619047619047616,0.3076923076923077,0.4444444444444444,0.5813492063492063
P02-A0-PhysioNetMI-DNN-EEGNET-P01-L1-LOW-CAL-OFFICIAL-R2:256_PER_CLASS-MR03,PhysioNetMI,DNN-EEGNET,A0-RAW-ACCEPT-ALL,P01-L1-LOW-CAL-OFFICIAL-R2:256_PER_CLASS,3,71,0,45,0.6630434782608696,0.6557878633350331,0.6666666666666666,0.7015810276679842
P02-A0-PhysioNetMI-DNN-EEGNET-P01-L1-LOW-CAL-OFFICIAL-R2:256_PER_CLASS-MR03,PhysioNetMI,DNN-EEGNET,A0-RAW-ACCEPT-ALL,P01-L1-LOW-CAL-OFFICIAL-R2:256_PER_CLASS,3,93,0,45,0.7747035573122529,0.7722672064777327,0.7777777777777778,0.8142292490118577
P02-A0-PhysioNetMI-DNN-EEGNET-P01-L1-LOW-CAL-OFFICIAL-R2:256_PER_CLASS-MR03,PhysioNetMI,DNN-EEGNET,A0-RAW-ACCEPT-ALL,P01-L1-LOW-CAL-OFFICIAL-R2:256_PER_CLASS,3,98,0,45,0.46837944664031617,0.4642857142857143,0.4666666666666667,0.47430830039525695
P02-A0-PhysioNetMI-DNN-EEGNET-P01-L1-LOW-CAL-OFFICIAL-R2:256_PER_CLASS-MR03,PhysioNetMI,DNN-EEGNET,A0-RAW-ACCEPT-ALL,P01-L1-LOW-CAL-OFFICIAL-R2:256_PER_CLASS,3,107,0,45,0.47023809523809523,0.3640474844544941,0.4444444444444444,0.5257936507936508
P02-A0-PhysioNetMI-DNN-EEGNET-P01-L1-LOW-CAL-OFFICIAL-R2:256_PER_CLASS-MR04,PhysioNetMI,DNN-EEGNET,A0-RAW-ACCEPT-ALL,P01-L1-LOW-CAL-OFFICIAL-R2:256_PER_CLASS,4,6,0,45,0.5,0.4796380090497738,0.4888888888888889,0.5376984126984127
P02-A0-PhysioNetMI-DNN-EEGNET-P01-L1-LOW-CAL-OFFICIAL-R2:256_PER_CLASS-MR04,PhysioNetMI,DNN-EEGNET,A0-RAW-ACCEPT-ALL,P01-L1-LOW-CAL-OFFICIAL-R2:256_PER_CLASS,4,27,0,45,0.5158102766798419,0.4907407407407407,0.5111111111111111,0.5731225296442688
P02-A0-PhysioNetMI-DNN-EEGNET-P01-L1-LOW-CAL-OFFICIAL-R2:256_PER_CLASS-MR04,PhysioNetMI,DNN-EEGNET,A0-RAW-ACCEPT-ALL,P01-L1-LOW-CAL-OFFICIAL-R2:256_PER_CLASS,4,39,0,45,0.558300395256917,0.55,0.5555555555555556,0.5968379446640316
P02-A0-PhysioNetMI-DNN-EEGNET-P01-L1-LOW-CAL-OFFICIAL-R2:256_PER_CLASS-MR04,PhysioNetMI,DNN-EEGNET,A0-RAW-ACCEPT-ALL,P01-L1-LOW-CAL-OFFICIAL-R2:256_PER_CLASS,4,40,0,45,0.6101190476190476,0.595,0.6,0.6607142857142858
P02-A0-PhysioNetMI-DNN-EEGNET-P01-L1-LOW-CAL-OFFICIAL-R2:256_PER_CLASS-MR04,PhysioNetMI,DNN-EEGNET,A0-RAW-ACCEPT-ALL,P01-L1-LOW-CAL-OFFICIAL-R2:256_PER_CLASS,4,47,0,45,0.4821428571428571,0.375,0.5111111111111111,0.625
P02-A0-PhysioNetMI-DNN-EEGNET-P01-L1-LOW-CAL-OFFICIAL-R2:256_PER_CLASS-MR04,PhysioNetMI,DNN-EEGNET,A0-RAW-ACCEPT-ALL,P01-L1-LOW-CAL-OFFICIAL-R2:256_PER_CLASS,4,48,0,45,0.7361660079051384,0.73,0.7333333333333333,0.741106719367589
P02-A0-PhysioNetMI-DNN-EEGNET-P01-L1-LOW-CAL-OFFICIAL-R2:256_PER_CLASS-MR04,PhysioNetMI,DNN-EEGNET,A0-RAW-ACCEPT-ALL,P01-L1-LOW-CAL-OFFICIAL-R2:256_PER_CLASS,4,57,0,45,0.5089285714285714,0.44976076555023925,0.4888888888888889,0.5952380952380951
P02-A0-PhysioNetMI-DNN-EEGNET-P01-L1-LOW-CAL-OFFICIAL-R2:256_PER_CLASS-MR04,PhysioNetMI,DNN-EEGNET,A0-RAW-ACCEPT-ALL,P01-L1-LOW-CAL-OFFICIAL-R2:256_PER_CLASS,4,71,0,45,0.6699604743083004,0.660633484162896,0.6666666666666666,0.7529644268774703
P02-A0-PhysioNetMI-DNN-EEGNET-P01-L1-LOW-CAL-OFFICIAL-R2:256_PER_CLASS-MR04,PhysioNetMI,DNN-EEGNET,A0-RAW-ACCEPT-ALL,P01-L1-LOW-CAL-OFFICIAL-R2:256_PER_CLASS,4,93,0,45,0.8211462450592886,0.8214285714285714,0.8222222222222222,0.8774703557312254
P02-A0-PhysioNetMI-DNN-EEGNET-P01-L1-LOW-CAL-OFFICIAL-R2:256_PER_CLASS-MR04,PhysioNetMI,DNN-EEGNET,A0-RAW-ACCEPT-ALL,P01-L1-LOW-CAL-OFFICIAL-R2:256_PER_CLASS,4,98,0,45,0.48122529644268774,0.41492368569813454,0.4888888888888889,0.5118577075098815
P02-A0-PhysioNetMI-DNN-EEGNET-P01-L1-LOW-CAL-OFFICIAL-R2:256_PER_CLASS-MR04,PhysioNetMI,DNN-EEGNET,A0-RAW-ACCEPT-ALL,P01-L1-LOW-CAL-OFFICIAL-R2:256_PER_CLASS,4,107,0,45,0.4583333333333333,0.4263131055583886,0.4444444444444444,0.490079365079365
P02-A0-PhysioNetMI-RIE-TS-LR-P01-L1-LOW-CAL-OFFICIAL-R2:256_PER_CLASS-MR00,PhysioNetMI,RIE-TS-LR,A0-RAW-ACCEPT-ALL,P01-L1-LOW-CAL-OFFICIAL-R2:256_PER_CLASS,0,6,0,45,0.5416666666666666,0.4050480769230769,0.5111111111111111,0.48412698412698413
P02-A0-PhysioNetMI-RIE-TS-LR-P01-L1-LOW-CAL-OFFICIAL-R2:256_PER_CLASS-MR00,PhysioNetMI,RIE-TS-LR,A0-RAW-ACCEPT-ALL,P01-L1-LOW-CAL-OFFICIAL-R2:256_PER_CLASS,0,27,0,45,0.47035573122529645,0.45344129554655865,0.4666666666666667,0.5691699604743082
P02-A0-PhysioNetMI-RIE-TS-LR-P01-L1-LOW-CAL-OFFICIAL-R2:256_PER_CLASS-MR00,PhysioNetMI,RIE-TS-LR,A0-RAW-ACCEPT-ALL,P01-L1-LOW-CAL-OFFICIAL-R2:256_PER_CLASS,0,39,0,45,0.6205533596837944,0.6192135390741662,0.6222222222222222,0.6442687747035573
P02-A0-PhysioNetMI-RIE-TS-LR-P01-L1-LOW-CAL-OFFICIAL-R2:256_PER_CLASS-MR00,PhysioNetMI,RIE-TS-LR,A0-RAW-ACCEPT-ALL,P01-L1-LOW-CAL-OFFICIAL-R2:256_PER_CLASS,0,40,0,45,0.5,0.34782608695652173,0.5333333333333333,0.5456349206349207
P02-A0-PhysioNetMI-RIE-TS-LR-P01-L1-LOW-CAL-OFFICIAL-R2:256_PER_CLASS-MR00,PhysioNetMI,RIE-TS-LR,A0-RAW-ACCEPT-ALL,P01-L1-LOW-CAL-OFFICIAL-R2:256_PER_CLASS,0,47,0,45,0.5,0.34782608695652173,0.5333333333333333,0.5218253968253969
P02-A0-PhysioNetMI-RIE-TS-LR-P01-L1-LOW-CAL-OFFICIAL-R2:256_PER_CLASS-MR00,PhysioNetMI,RIE-TS-LR,A0-RAW-ACCEPT-ALL,P01-L1-LOW-CAL-OFFICIAL-R2:256_PER_CLASS,0,48,0,45,0.5,0.3283582089552239,0.4888888888888889,0.841897233201581
P02-A0-PhysioNetMI-RIE-TS-LR-P01-L1-LOW-CAL-OFFICIAL-R2:256_PER_CLASS-MR00,PhysioNetMI,RIE-TS-LR,A0-RAW-ACCEPT-ALL,P01-L1-LOW-CAL-OFFICIAL-R2:256_PER_CLASS,0,57,0,45,0.5267857142857143,0.4907407407407407,0.5111111111111111,0.6884920634920635
P02-A0-PhysioNetMI-RIE-TS-LR-P01-L1-LOW-CAL-OFFICIAL-R2:256_PER_CLASS-MR00,PhysioNetMI,RIE-TS-LR,A0-RAW-ACCEPT-ALL,P01-L1-LOW-CAL-OFFICIAL-R2:256_PER_CLASS,0,71,0,45,0.591897233201581,0.533410138248848,0.6,0.883399209486166
P02-A0-PhysioNetMI-RIE-TS-LR-P01-L1-LOW-CAL-OFFICIAL-R2:256_PER_CLASS-MR00,PhysioNetMI,RIE-TS-LR,A0-RAW-ACCEPT-ALL,P01-L1-LOW-CAL-OFFICIAL-R2:256_PER_CLASS,0,93,0,45,0.8241106719367588,0.8214285714285714,0.8222222222222222,0.9229249011857708
P02-A0-PhysioNetMI-RIE-TS-LR-P01-L1-LOW-CAL-OFFICIAL-R2:256_PER_CLASS-MR00,PhysioNetMI,RIE-TS-LR,A0-RAW-ACCEPT-ALL,P01-L1-LOW-CAL-OFFICIAL-R2:256_PER_CLASS,0,98,0,45,0.5543478260869565,0.5535714285714286,0.5555555555555556,0.6324110671936759
P02-A0-PhysioNetMI-RIE-TS-LR-P01-L1-LOW-CAL-OFFICIAL-R2:256_PER_CLASS-MR00,PhysioNetMI,RIE-TS-LR,A0-RAW-ACCEPT-ALL,P01-L1-LOW-CAL-OFFICIAL-R2:256_PER_CLASS,0,107,0,45,0.5386904761904762,0.5324096981692232,0.5333333333333333,0.5932539682539683
P02-A0-PhysioNetMI-SSL-CBRAMOD-P01-L1-LOW-CAL-OFFICIAL-R2:256_PER_CLASS-MR00,PhysioNetMI,SSL-CBRAMOD,A0-RAW-ACCEPT-ALL,P01-L1-LOW-CAL-OFFICIAL-R2:256_PER_CLASS,0,6,0,45,0.6428571428571428,0.6428571428571428,0.6444444444444445,0.6507936507936508
P02-A0-PhysioNetMI-SSL-CBRAMOD-P01-L1-LOW-CAL-OFFICIAL-R2:256_PER_CLASS-MR00,PhysioNetMI,SSL-CBRAMOD,A0-RAW-ACCEPT-ALL,P01-L1-LOW-CAL-OFFICIAL-R2:256_PER_CLASS,0,27,0,45,0.49604743083003955,0.434117003827228,0.4888888888888889,0.42292490118577075
P02-A0-PhysioNetMI-SSL-CBRAMOD-P01-L1-LOW-CAL-OFFICIAL-R2:256_PER_CLASS-MR00,PhysioNetMI,SSL-CBRAMOD,A0-RAW-ACCEPT-ALL,P01-L1-LOW-CAL-OFFICIAL-R2:256_PER_CLASS,0,39,0,45,0.48814229249011853,0.48787728847105394,0.4888888888888889,0.43280632411067194
P02-A0-PhysioNetMI-SSL-CBRAMOD-P01-L1-LOW-CAL-OFFICIAL-R2:256_PER_CLASS-MR00,PhysioNetMI,SSL-CBRAMOD,A0-RAW-ACCEPT-ALL,P01-L1-LOW-CAL-OFFICIAL-R2:256_PER_CLASS,0,40,0,45,0.40476190476190477,0.36961206896551724,0.4222222222222222,0.34325396825396826
P02-A0-PhysioNetMI-SSL-CBRAMOD-P01-L1-LOW-CAL-OFFICIAL-R2:256_PER_CLASS-MR00,PhysioNetMI,SSL-CBRAMOD,A0-RAW-ACCEPT-ALL,P01-L1-LOW-CAL-OFFICIAL-R2:256_PER_CLASS,0,47,0,45,0.4285714285714286,0.4196428571428571,0.4222222222222222,0.46031746031746035
P02-A0-PhysioNetMI-SSL-CBRAMOD-P01-L1-LOW-CAL-OFFICIAL-R2:256_PER_CLASS-MR00,PhysioNetMI,SSL-CBRAMOD,A0-RAW-ACCEPT-ALL,P01-L1-LOW-CAL-OFFICIAL-R2:256_PER_CLASS,0,48,0,45,0.6877470355731226,0.6875,0.6888888888888889,0.7015810276679842
P02-A0-PhysioNetMI-SSL-CBRAMOD-P01-L1-LOW-CAL-OFFICIAL-R2:256_PER_CLASS-MR00,PhysioNetMI,SSL-CBRAMOD,A0-RAW-ACCEPT-ALL,P01-L1-LOW-CAL-OFFICIAL-R2:256_PER_CLASS,0,57,0,45,0.5208333333333333,0.505,0.5111111111111111,0.4384920634920635
P02-A0-PhysioNetMI-SSL-CBRAMOD-P01-L1-LOW-CAL-OFFICIAL-R2:256_PER_CLASS-MR00,PhysioNetMI,SSL-CBRAMOD,A0-RAW-ACCEPT-ALL,P01-L1-LOW-CAL-OFFICIAL-R2:256_PER_CLASS,0,71,0,45,0.5326086956521738,0.5324096981692232,0.5333333333333333,0.5098814229249011
P02-A0-PhysioNetMI-SSL-CBRAMOD-P01-L1-LOW-CAL-OFFICIAL-R2:256_PER_CLASS-MR00,PhysioNetMI,SSL-CBRAMOD,A0-RAW-ACCEPT-ALL,P01-L1-LOW-CAL-OFFICIAL-R2:256_PER_CLASS,0,93,0,45,0.5128458498023716,0.5089285714285714,0.5111111111111111,0.5790513833992095
P02-A0-PhysioNetMI-SSL-CBRAMOD-P01-L1-LOW-CAL-OFFICIAL-R2:256_PER_CLASS-MR00,PhysioNetMI,SSL-CBRAMOD,A0-RAW-ACCEPT-ALL,P01-L1-LOW-CAL-OFFICIAL-R2:256_PER_CLASS,0,98,0,45,0.5355731225296443,0.5296167247386759,0.5333333333333333,0.5632411067193677
P02-A0-PhysioNetMI-SSL-CBRAMOD-P01-L1-LOW-CAL-OFFICIAL-R2:256_PER_CLASS-MR00,PhysioNetMI,SSL-CBRAMOD,A0-RAW-ACCEPT-ALL,P01-L1-LOW-CAL-OFFICIAL-R2:256_PER_CLASS,0,107,0,45,0.5714285714285714,0.537037037037037,0.5555555555555556,0.5753968253968254
P02-A0-PhysioNetMI-SSL-CBRAMOD-P01-L1-LOW-CAL-OFFICIAL-R2:256_PER_CLASS-MR01,PhysioNetMI,SSL-CBRAMOD,A0-RAW-ACCEPT-ALL,P01-L1-LOW-CAL-OFFICIAL-R2:256_PER_CLASS,1,6,0,45,0.5208333333333334,0.509090909090909,0.5333333333333333,0.5198412698412698
P02-A0-PhysioNetMI-SSL-CBRAMOD-P01-L1-LOW-CAL-OFFICIAL-R2:256_PER_CLASS-MR01,PhysioNetMI,SSL-CBRAMOD,A0-RAW-ACCEPT-ALL,P01-L1-LOW-CAL-OFFICIAL-R2:256_PER_CLASS,1,27,0,45,0.424901185770751,0.415,0.4222222222222222,0.3715415019762846
P02-A0-PhysioNetMI-SSL-CBRAMOD-P01-L1-LOW-CAL-OFFICIAL-R2:256_PER_CLASS-MR01,PhysioNetMI,SSL-CBRAMOD,A0-RAW-ACCEPT-ALL,P01-L1-LOW-CAL-OFFICIAL-R2:256_PER_CLASS,1,39,0,45,0.42193675889328064,0.42193675889328064,0.4222222222222222,0.4545454545454546
P02-A0-PhysioNetMI-SSL-CBRAMOD-P01-L1-LOW-CAL-OFFICIAL-R2:256_PER_CLASS-MR01,PhysioNetMI,SSL-CBRAMOD,A0-RAW-ACCEPT-ALL,P01-L1-LOW-CAL-OFFICIAL-R2:256_PER_CLASS,1,40,0,45,0.36904761904761907,0.36234817813765186,0.37777777777777777,0.3055555555555555
P02-A0-PhysioNetMI-SSL-CBRAMOD-P01-L1-LOW-CAL-OFFICIAL-R2:256_PER_CLASS-MR01,PhysioNetMI,SSL-CBRAMOD,A0-RAW-ACCEPT-ALL,P01-L1-LOW-CAL-OFFICIAL-R2:256_PER_CLASS,1,47,0,45,0.5744047619047619,0.5744151319064211,0.5777777777777777,0.5416666666666666
P02-A0-PhysioNetMI-SSL-CBRAMOD-P01-L1-LOW-CAL-OFFICIAL-R2:256_PER_CLASS-MR01,PhysioNetMI,SSL-CBRAMOD,A0-RAW-ACCEPT-ALL,P01-L1-LOW-CAL-OFFICIAL-R2:256_PER_CLASS,1,48,0,45,0.5128458498023716,0.5089285714285714,0.5111111111111111,0.5928853754940712
P02-A0-PhysioNetMI-SSL-CBRAMOD-P01-L1-LOW-CAL-OFFICIAL-R2:256_PER_CLASS-MR01,PhysioNetMI,SSL-CBRAMOD,A0-RAW-ACCEPT-ALL,P01-L1-LOW-CAL-OFFICIAL-R2:256_PER_CLASS,1,57,0,45,0.5297619047619048,0.5296167247386759,0.5333333333333333,0.45238095238095244
P02-A0-PhysioNetMI-SSL-CBRAMOD-P01-L1-LOW-CAL-OFFICIAL-R2:256_PER_CLASS-MR01,PhysioNetMI,SSL-CBRAMOD,A0-RAW-ACCEPT-ALL,P01-L1-LOW-CAL-OFFICIAL-R2:256_PER_CLASS,1,71,0,45,0.42391304347826086,0.4196428571428571,0.4222222222222222,0.43478260869565216
P02-A0-PhysioNetMI-SSL-CBRAMOD-P01-L1-LOW-CAL-OFFICIAL-R2:256_PER_CLASS-MR01,PhysioNetMI,SSL-CBRAMOD,A0-RAW-ACCEPT-ALL,P01-L1-LOW-CAL-OFFICIAL-R2:256_PER_CLASS,1,93,0,45,0.5780632411067194,0.5777777777777777,0.5777777777777777,0.6185770750988142
P02-A0-PhysioNetMI-SSL-CBRAMOD-P01-L1-LOW-CAL-OFFICIAL-R2:256_PER_CLASS-MR01,PhysioNetMI,SSL-CBRAMOD,A0-RAW-ACCEPT-ALL,P01-L1-LOW-CAL-OFFICIAL-R2:256_PER_CLASS,1,98,0,45,0.5345849802371542,0.5324096981692232,0.5333333333333333,0.5632411067193676
P02-A0-PhysioNetMI-SSL-CBRAMOD-P01-L1-LOW-CAL-OFFICIAL-R2:256_PER_CLASS-MR01,PhysioNetMI,SSL-CBRAMOD,A0-RAW-ACCEPT-ALL,P01-L1-LOW-CAL-OFFICIAL-R2:256_PER_CLASS,1,107,0,45,0.6071428571428572,0.5982142857142857,0.6,0.623015873015873
P02-A0-PhysioNetMI-SSL-CBRAMOD-P01-L1-LOW-CAL-OFFICIAL-R2:256_PER_CLASS-MR02,PhysioNetMI,SSL-CBRAMOD,A0-RAW-ACCEPT-ALL,P01-L1-LOW-CAL-OFFICIAL-R2:256_PER_CLASS,2,6,0,45,0.49404761904761907,0.4665948275862069,0.5111111111111111,0.5178571428571429
P02-A0-PhysioNetMI-SSL-CBRAMOD-P01-L1-LOW-CAL-OFFICIAL-R2:256_PER_CLASS-MR02,PhysioNetMI,SSL-CBRAMOD,A0-RAW-ACCEPT-ALL,P01-L1-LOW-CAL-OFFICIAL-R2:256_PER_CLASS,2,27,0,45,0.46837944664031617,0.4642857142857143,0.4666666666666667,0.41501976284584985
P02-A0-PhysioNetMI-SSL-CBRAMOD-P01-L1-LOW-CAL-OFFICIAL-R2:256_PER_CLASS-MR02,PhysioNetMI,SSL-CBRAMOD,A0-RAW-ACCEPT-ALL,P01-L1-LOW-CAL-OFFICIAL-R2:256_PER_CLASS,2,39,0,45,0.3735177865612648,0.35185185185185186,0.37777777777777777,0.36363636363636365
P02-A0-PhysioNetMI-SSL-CBRAMOD-P01-L1-LOW-CAL-OFFICIAL-R2:256_PER_CLASS-MR02,PhysioNetMI,SSL-CBRAMOD,A0-RAW-ACCEPT-ALL,P01-L1-LOW-CAL-OFFICIAL-R2:256_PER_CLASS,2,40,0,45,0.37797619047619047,0.37747035573122534,0.37777777777777777,0.36507936507936506
P02-A0-PhysioNetMI-SSL-CBRAMOD-P01-L1-LOW-CAL-OFFICIAL-R2:256_PER_CLASS-MR02,PhysioNetMI,SSL-CBRAMOD,A0-RAW-ACCEPT-ALL,P01-L1-LOW-CAL-OFFICIAL-R2:256_PER_CLASS,2,47,0,45,0.49107142857142855,0.44999999999999996,0.5111111111111111,0.5535714285714286
P02-A0-PhysioNetMI-SSL-CBRAMOD-P01-L1-LOW-CAL-OFFICIAL-R2:256_PER_CLASS-MR02,PhysioNetMI,SSL-CBRAMOD,A0-RAW-ACCEPT-ALL,P01-L1-LOW-CAL-OFFICIAL-R2:256_PER_CLASS,2,48,0,45,0.49604743083003955,0.434117003827228,0.4888888888888889,0.567193675889328
P02-A0-PhysioNetMI-SSL-CBRAMOD-P01-L1-LOW-CAL-OFFICIAL-R2:256_PER_CLASS-MR02,PhysioNetMI,SSL-CBRAMOD,A0-RAW-ACCEPT-ALL,P01-L1-LOW-CAL-OFFICIAL-R2:256_PER_CLASS,2,57,0,45,0.41666666666666663,0.415,0.4222222222222222,0.498015873015873
P02-A0-PhysioNetMI-SSL-CBRAMOD-P01-L1-LOW-CAL-OFFICIAL-R2:256_PER_CLASS-MR02,PhysioNetMI,SSL-CBRAMOD,A0-RAW-ACCEPT-ALL,P01-L1-LOW-CAL-OFFICIAL-R2:256_PER_CLASS,2,71,0,45,0.49308300395256915,0.4722080571137175,0.4888888888888889,0.44466403162055335
P02-A0-PhysioNetMI-SSL-CBRAMOD-P01-L1-LOW-CAL-OFFICIAL-R2:256_PER_CLASS-MR02,PhysioNetMI,SSL-CBRAMOD,A0-RAW-ACCEPT-ALL,P01-L1-LOW-CAL-OFFICIAL-R2:256_PER_CLASS,2,93,0,45,0.5978260869565217,0.595,0.6,0.5612648221343873
P02-A0-PhysioNetMI-SSL-CBRAMOD-P01-L1-LOW-CAL-OFFICIAL-R2:256_PER_CLASS-MR02,PhysioNetMI,SSL-CBRAMOD,A0-RAW-ACCEPT-ALL,P01-L1-LOW-CAL-OFFICIAL-R2:256_PER_CLASS,2,98,0,45,0.6185770750988142,0.6098929117797043,0.6222222222222222,0.650197628458498
P02-A0-PhysioNetMI-SSL-CBRAMOD-P01-L1-LOW-CAL-OFFICIAL-R2:256_PER_CLASS-MR02,PhysioNetMI,SSL-CBRAMOD,A0-RAW-ACCEPT-ALL,P01-L1-LOW-CAL-OFFICIAL-R2:256_PER_CLASS,2,107,0,45,0.5535714285714286,0.5535714285714286,0.5555555555555556,0.5496031746031745
P02-A0-PhysioNetMI-SSL-CBRAMOD-P01-L1-LOW-CAL-OFFICIAL-R2:256_PER_CLASS-MR03,PhysioNetMI,SSL-CBRAMOD,A0-RAW-ACCEPT-ALL,P01-L1-LOW-CAL-OFFICIAL-R2:256_PER_CLASS,3,6,0,45,0.5208333333333333,0.505,0.5111111111111111,0.5634920634920635
P02-A0-PhysioNetMI-SSL-CBRAMOD-P01-L1-LOW-CAL-OFFICIAL-R2:256_PER_CLASS-MR03,PhysioNetMI,SSL-CBRAMOD,A0-RAW-ACCEPT-ALL,P01-L1-LOW-CAL-OFFICIAL-R2:256_PER_CLASS,3,27,0,45,0.5148221343873518,0.4989878542510121,0.5111111111111111,0.4051383399209486
P02-A0-PhysioNetMI-SSL-CBRAMOD-P01-L1-LOW-CAL-OFFICIAL-R2:256_PER_CLASS-MR03,PhysioNetMI,SSL-CBRAMOD,A0-RAW-ACCEPT-ALL,P01-L1-LOW-CAL-OFFICIAL-R2:256_PER_CLASS,3,39,0,45,0.46837944664031617,0.4642857142857143,0.4666666666666667,0.42292490118577075
P02-A0-PhysioNetMI-SSL-CBRAMOD-P01-L1-LOW-CAL-OFFICIAL-R2:256_PER_CLASS-MR03,PhysioNetMI,SSL-CBRAMOD,A0-RAW-ACCEPT-ALL,P01-L1-LOW-CAL-OFFICIAL-R2:256_PER_CLASS,3,40,0,45,0.3571428571428571,0.3,0.37777777777777777,0.26388888888888895
P02-A0-PhysioNetMI-SSL-CBRAMOD-P01-L1-LOW-CAL-OFFICIAL-R2:256_PER_CLASS-MR03,PhysioNetMI,SSL-CBRAMOD,A0-RAW-ACCEPT-ALL,P01-L1-LOW-CAL-OFFICIAL-R2:256_PER_CLASS,3,47,0,45,0.5,0.4796380090497738,0.4888888888888889,0.4206349206349206
P02-A0-PhysioNetMI-SSL-CBRAMOD-P01-L1-LOW-CAL-OFFICIAL-R2:256_PER_CLASS-MR03,PhysioNetMI,SSL-CBRAMOD,A0-RAW-ACCEPT-ALL,P01-L1-LOW-CAL-OFFICIAL-R2:256_PER_CLASS,3,48,0,45,0.5553359683794465,0.5553359683794465,0.5555555555555556,0.6106719367588933
P02-A0-PhysioNetMI-SSL-CBRAMOD-P01-L1-LOW-CAL-OFFICIAL-R2:256_PER_CLASS-MR03,PhysioNetMI,SSL-CBRAMOD,A0-RAW-ACCEPT-ALL,P01-L1-LOW-CAL-OFFICIAL-R2:256_PER_CLASS,3,57,0,45,0.4583333333333333,0.4263131055583886,0.4444444444444444,0.5714285714285714
P02-A0-PhysioNetMI-SSL-CBRAMOD-P01-L1-LOW-CAL-OFFICIAL-R2:256_PER_CLASS-MR03,PhysioNetMI,SSL-CBRAMOD,A0-RAW-ACCEPT-ALL,P01-L1-LOW-CAL-OFFICIAL-R2:256_PER_CLASS,3,71,0,45,0.4407114624505929,0.4263131055583886,0.4444444444444444,0.4841897233201581
P02-A0-PhysioNetMI-SSL-CBRAMOD-P01-L1-LOW-CAL-OFFICIAL-R2:256_PER_CLASS-MR03,PhysioNetMI,SSL-CBRAMOD,A0-RAW-ACCEPT-ALL,P01-L1-LOW-CAL-OFFICIAL-R2:256_PER_CLASS,3,93,0,45,0.5810276679841897,0.5701357466063348,0.5777777777777777,0.6422924901185771
P02-A0-PhysioNetMI-SSL-CBRAMOD-P01-L1-LOW-CAL-OFFICIAL-R2:256_PER_CLASS-MR03,PhysioNetMI,SSL-CBRAMOD,A0-RAW-ACCEPT-ALL,P01-L1-LOW-CAL-OFFICIAL-R2:256_PER_CLASS,3,98,0,45,0.6254940711462451,0.6153846153846154,0.6222222222222222,0.5909090909090908
P02-A0-PhysioNetMI-SSL-CBRAMOD-P01-L1-LOW-CAL-OFFICIAL-R2:256_PER_CLASS-MR03,PhysioNetMI,SSL-CBRAMOD,A0-RAW-ACCEPT-ALL,P01-L1-LOW-CAL-OFFICIAL-R2:256_PER_CLASS,3,107,0,45,0.5684523809523809,0.5445344129554656,0.5555555555555556,0.5932539682539683
P02-A0-PhysioNetMI-SSL-CBRAMOD-P01-L1-LOW-CAL-OFFICIAL-R2:256_PER_CLASS-MR04,PhysioNetMI,SSL-CBRAMOD,A0-RAW-ACCEPT-ALL,P01-L1-LOW-CAL-OFFICIAL-R2:256_PER_CLASS,4,6,0,45,0.6220238095238095,0.6214745175655616,0.6222222222222222,0.6607142857142857
P02-A0-PhysioNetMI-SSL-CBRAMOD-P01-L1-LOW-CAL-OFFICIAL-R2:256_PER_CLASS-MR04,PhysioNetMI,SSL-CBRAMOD,A0-RAW-ACCEPT-ALL,P01-L1-LOW-CAL-OFFICIAL-R2:256_PER_CLASS,4,27,0,45,0.5810276679841897,0.5701357466063348,0.5777777777777777,0.5454545454545454
P02-A0-PhysioNetMI-SSL-CBRAMOD-P01-L1-LOW-CAL-OFFICIAL-R2:256_PER_CLASS-MR04,PhysioNetMI,SSL-CBRAMOD,A0-RAW-ACCEPT-ALL,P01-L1-LOW-CAL-OFFICIAL-R2:256_PER_CLASS,4,39,0,45,0.441699604743083,0.4343891402714932,0.4444444444444444,0.38735177865612647
P02-A0-PhysioNetMI-SSL-CBRAMOD-P01-L1-LOW-CAL-OFFICIAL-R2:256_PER_CLASS-MR04,PhysioNetMI,SSL-CBRAMOD,A0-RAW-ACCEPT-ALL,P01-L1-LOW-CAL-OFFICIAL-R2:256_PER_CLASS,4,40,0,45,0.3035714285714286,0.2986425339366516,0.3111111111111111,0.3670634920634921
P02-A0-PhysioNetMI-SSL-CBRAMOD-P01-L1-LOW-CAL-OFFICIAL-R2:256_PER_CLASS-MR04,PhysioNetMI,SSL-CBRAMOD,A0-RAW-ACCEPT-ALL,P01-L1-LOW-CAL-OFFICIAL-R2:256_PER_CLASS,4,47,0,45,0.6011904761904763,0.599802371541502,0.6,0.5535714285714285
P02-A0-PhysioNetMI-SSL-CBRAMOD-P01-L1-LOW-CAL-OFFICIAL-R2:256_PER_CLASS-MR04,PhysioNetMI,SSL-CBRAMOD,A0-RAW-ACCEPT-ALL,P01-L1-LOW-CAL-OFFICIAL-R2:256_PER_CLASS,4,48,0,45,0.6254940711462451,0.6153846153846154,0.6222222222222222,0.6482213438735178
P02-A0-PhysioNetMI-SSL-CBRAMOD-P01-L1-LOW-CAL-OFFICIAL-R2:256_PER_CLASS-MR04,PhysioNetMI,SSL-CBRAMOD,A0-RAW-ACCEPT-ALL,P01-L1-LOW-CAL-OFFICIAL-R2:256_PER_CLASS,4,57,0,45,0.4017857142857143,0.4,0.4,0.45039682539682535
P02-A0-PhysioNetMI-SSL-CBRAMOD-P01-L1-LOW-CAL-OFFICIAL-R2:256_PER_CLASS-MR04,PhysioNetMI,SSL-CBRAMOD,A0-RAW-ACCEPT-ALL,P01-L1-LOW-CAL-OFFICIAL-R2:256_PER_CLASS,4,71,0,45,0.44762845849802374,0.4343891402714932,0.4444444444444444,0.39920948616600793
P02-A0-PhysioNetMI-SSL-CBRAMOD-P01-L1-LOW-CAL-OFFICIAL-R2:256_PER_CLASS-MR04,PhysioNetMI,SSL-CBRAMOD,A0-RAW-ACCEPT-ALL,P01-L1-LOW-CAL-OFFICIAL-R2:256_PER_CLASS,4,93,0,45,0.424901185770751,0.415,0.4222222222222222,0.4841897233201581
P02-A0-PhysioNetMI-SSL-CBRAMOD-P01-L1-LOW-CAL-OFFICIAL-R2:256_PER_CLASS-MR04,PhysioNetMI,SSL-CBRAMOD,A0-RAW-ACCEPT-ALL,P01-L1-LOW-CAL-OFFICIAL-R2:256_PER_CLASS,4,98,0,45,0.5790513833992095,0.5769421078673924,0.5777777777777777,0.6324110671936759
P02-A0-PhysioNetMI-SSL-CBRAMOD-P01-L1-LOW-CAL-OFFICIAL-R2:256_PER_CLASS-MR04,PhysioNetMI,SSL-CBRAMOD,A0-RAW-ACCEPT-ALL,P01-L1-LOW-CAL-OFFICIAL-R2:256_PER_CLASS,4,107,0,45,0.6339285714285714,0.6153846153846154,0.6222222222222222,0.6626984126984127
